<?xml version="1.0" encoding="UTF-8" standalone="no"?>
<knowtator-project>
  <document id="11897010" text-file="11897010.txt">
    <annotation annotator="Mike Bada" id="organism_Instance_21560" type="identity">
      <class id="NCBITaxon:10088" label="Mus"/>
      <span end="41" id="11897010-409" start="36">mouse</span>
    </annotation>
    <annotation annotator="Mike Bada" id="organism_Instance_80462" type="identity">
      <class id="NCBITaxon:9606" label="Homo sapiens"/>
      <span end="116" id="11897010-541" start="110">humans</span>
    </annotation>
    <annotation annotator="Mike Bada" id="organism_Instance_21564" type="identity">
      <class id="NCBITaxon:10088" label="Mus"/>
      <span end="489" id="11897010-411" start="484">mouse</span>
    </annotation>
    <annotation annotator="Mike Bada" id="organism_Instance_80468" type="identity">
      <class id="NCBITaxon:9606" label="Homo sapiens"/>
      <span end="569" id="11897010-543" start="563">humans</span>
    </annotation>
    <annotation annotator="Mike Bada" id="organism_Instance_21568" type="identity">
      <class id="NCBITaxon:9606" label="Homo sapiens"/>
      <span end="590" id="11897010-413" start="585">human</span>
    </annotation>
    <annotation annotator="Mike Bada" id="organism_Instance_21572" type="identity">
      <class id="NCBITaxon:10088" label="Mus"/>
      <span end="600" id="11897010-415" start="595">mouse</span>
    </annotation>
    <annotation annotator="Mike Bada" id="organism_Instance_21576" type="identity">
      <class id="NCBITaxon:9606" label="Homo sapiens"/>
      <span end="885" id="11897010-417" start="880">human</span>
    </annotation>
    <annotation annotator="Mike Bada" id="organism_Instance_21580" type="identity">
      <class id="NCBITaxon:39107" label="Murinae"/>
      <span end="938" id="11897010-419" start="932">murine</span>
    </annotation>
    <annotation annotator="Mike Bada" id="organism_Instance_281590" type="identity">
      <class id="NCBITaxon:species" label="species"/>
      <span end="1349" id="11897010-535" start="1342">species</span>
    </annotation>
    <annotation annotator="Mike Bada" id="organism_Instance_21584" type="identity">
      <class id="NCBITaxon:10088" label="Mus"/>
      <span end="1445" id="11897010-421" start="1440">mouse</span>
    </annotation>
    <annotation annotator="Mike Bada" id="organism_Instance_21588" type="identity">
      <class id="NCBITaxon:10088" label="Mus"/>
      <span end="1510" id="11897010-423" start="1506">mice</span>
    </annotation>
    <annotation annotator="Mike Bada" id="organism_Instance_21592" type="identity">
      <class id="NCBITaxon:9606" label="Homo sapiens"/>
      <span end="2529" id="11897010-425" start="2524">human</span>
    </annotation>
    <annotation annotator="Mike Bada" id="organism_Instance_80482" type="identity">
      <class id="NCBITaxon:6239" label="Caenorhabditis elegans"/>
      <span end="2967" id="11897010-545" start="2945">Caenorhabditis elegans</span>
    </annotation>
    <annotation annotator="Mike Bada" id="organism_Instance_80487" type="identity">
      <class id="NCBITaxon:6239" label="Caenorhabditis elegans"/>
      <span end="3043" id="11897010-547" start="3033">C. elegans</span>
    </annotation>
    <annotation annotator="Mike Bada" id="organism_Instance_21596" type="identity">
      <class id="NCBITaxon:10088" label="Mus"/>
      <span end="3298" id="11897010-427" start="3293">mouse</span>
    </annotation>
    <annotation annotator="Mike Bada" id="organism_Instance_21600" type="identity">
      <class id="NCBITaxon:10088" label="Mus"/>
      <span end="3358" id="11897010-429" start="3353">mouse</span>
    </annotation>
    <annotation annotator="Mike Bada" id="organism_Instance_21604" type="identity">
      <class id="NCBITaxon:10088" label="Mus"/>
      <span end="3463" id="11897010-431" start="3458">mouse</span>
    </annotation>
    <annotation annotator="Mike Bada" id="organism_Instance_21608" type="identity">
      <class id="NCBITaxon:10088" label="Mus"/>
      <span end="3509" id="11897010-433" start="3504">mouse</span>
    </annotation>
    <annotation annotator="Mike Bada" id="organism_Instance_21612" type="identity">
      <class id="NCBITaxon:9606" label="Homo sapiens"/>
      <span end="3540" id="11897010-435" start="3535">human</span>
    </annotation>
    <annotation annotator="Mike Bada" id="organism_Instance_21616" type="identity">
      <class id="NCBITaxon:10088" label="Mus"/>
      <span end="3671" id="11897010-437" start="3666">mouse</span>
    </annotation>
    <annotation annotator="Mike Bada" id="organism_Instance_21620" type="identity">
      <class id="NCBITaxon:9606" label="Homo sapiens"/>
      <span end="3823" id="11897010-439" start="3818">Human</span>
    </annotation>
    <annotation annotator="Mike Bada" id="organism_Instance_21624" type="identity">
      <class id="NCBITaxon:10088" label="Mus"/>
      <span end="3881" id="11897010-441" start="3876">mouse</span>
    </annotation>
    <annotation annotator="Mike Bada" id="organism_Instance_21628" type="identity">
      <class id="NCBITaxon:10088" label="Mus"/>
      <span end="4016" id="11897010-443" start="4011">mouse</span>
    </annotation>
    <annotation annotator="Mike Bada" id="organism_Instance_21632" type="identity">
      <class id="NCBITaxon:10088" label="Mus"/>
      <span end="4237" id="11897010-445" start="4232">mouse</span>
    </annotation>
    <annotation annotator="Mike Bada" id="organism_Instance_21636" type="identity">
      <class id="NCBITaxon:9606" label="Homo sapiens"/>
      <span end="4269" id="11897010-447" start="4264">human</span>
    </annotation>
    <annotation annotator="Mike Bada" id="organism_Instance_21640" type="identity">
      <class id="NCBITaxon:9606" label="Homo sapiens"/>
      <span end="4706" id="11897010-449" start="4701">human</span>
    </annotation>
    <annotation annotator="Mike Bada" id="organism_Instance_21644" type="identity">
      <class id="NCBITaxon:10088" label="Mus"/>
      <span end="5233" id="11897010-451" start="5228">mouse</span>
    </annotation>
    <annotation annotator="Mike Bada" id="organism_Instance_21648" type="identity">
      <class id="NCBITaxon:9606" label="Homo sapiens"/>
      <span end="5336" id="11897010-453" start="5331">human</span>
    </annotation>
    <annotation annotator="Mike Bada" id="organism_Instance_21652" type="identity">
      <class id="NCBITaxon:10088" label="Mus"/>
      <span end="5455" id="11897010-455" start="5450">mouse</span>
    </annotation>
    <annotation annotator="Mike Bada" id="organism_Instance_21656" type="identity">
      <class id="NCBITaxon:9606" label="Homo sapiens"/>
      <span end="5478" id="11897010-457" start="5473">human</span>
    </annotation>
    <annotation annotator="Mike Bada" id="organism_Instance_21660" type="identity">
      <class id="NCBITaxon:9606" label="Homo sapiens"/>
      <span end="5701" id="11897010-459" start="5696">human</span>
    </annotation>
    <annotation annotator="Mike Bada" id="organism_Instance_21664" type="identity">
      <class id="NCBITaxon:9606" label="Homo sapiens"/>
      <span end="5827" id="11897010-461" start="5822">human</span>
    </annotation>
    <annotation annotator="Mike Bada" id="organism_Instance_21668" type="identity">
      <class id="NCBITaxon:10088" label="Mus"/>
      <span end="5851" id="11897010-463" start="5846">mouse</span>
    </annotation>
    <annotation annotator="Mike Bada" id="organism_Instance_21672" type="identity">
      <class id="NCBITaxon:10088" label="Mus"/>
      <span end="5918" id="11897010-465" start="5913">mouse</span>
    </annotation>
    <annotation annotator="Mike Bada" id="organism_Instance_21676" type="identity">
      <class id="NCBITaxon:9606" label="Homo sapiens"/>
      <span end="5928" id="11897010-467" start="5923">human</span>
    </annotation>
    <annotation annotator="Mike Bada" id="organism_Instance_90023" type="identity">
      <class id="NCBITaxon:6239" label="Caenorhabditis elegans"/>
      <span end="5991" id="11897010-549" start="5981">C. elegans</span>
    </annotation>
    <annotation annotator="Mike Bada" id="organism_Instance_90030" type="identity">
      <class id="NCBITaxon:7227" label="Drosophila melanogaster"/>
      <span end="6114" id="11897010-551" start="6091">Drosophila melanogaster</span>
    </annotation>
    <annotation annotator="Mike Bada" id="organism_Instance_21684" type="identity">
      <class id="NCBITaxon:9606" label="Homo sapiens"/>
      <span end="6502" id="11897010-469" start="6497">human</span>
    </annotation>
    <annotation annotator="Mike Bada" id="organism_Instance_90036" type="identity">
      <class id="NCBITaxon:7227" label="Drosophila melanogaster"/>
      <span end="6519" id="11897010-553" start="6504">D. melanogaster</span>
    </annotation>
    <annotation annotator="Mike Bada" id="organism_Instance_90041" type="identity">
      <class id="NCBITaxon:6239" label="Caenorhabditis elegans"/>
      <span end="6535" id="11897010-555" start="6525">C. elegans</span>
    </annotation>
    <annotation annotator="Mike Bada" id="organism_Instance_90048" type="identity">
      <class id="NCBITaxon:10088" label="Mus"/>
      <span end="6766" id="11897010-557" start="6761">Mouse</span>
    </annotation>
    <annotation annotator="Mike Bada" id="organism_Instance_21692" type="identity">
      <class id="NCBITaxon:10088" label="Mus"/>
      <span end="6868" id="11897010-471" start="6863">mouse</span>
    </annotation>
    <annotation annotator="Mike Bada" id="organism_Instance_21696" type="identity">
      <class id="NCBITaxon:9606" label="Homo sapiens"/>
      <span end="7267" id="11897010-473" start="7262">human</span>
    </annotation>
    <annotation annotator="Mike Bada" id="organism_Instance_21700" type="identity">
      <class id="NCBITaxon:10088" label="Mus"/>
      <span end="7497" id="11897010-475" start="7492">mouse</span>
    </annotation>
    <annotation annotator="Mike Bada" id="organism_Instance_21704" type="identity">
      <class id="NCBITaxon:10088" label="Mus"/>
      <span end="7565" id="11897010-477" start="7560">mouse</span>
    </annotation>
    <annotation annotator="Mike Bada" id="organism_Instance_21708" type="identity">
      <class id="NCBITaxon:10088" label="Mus"/>
      <span end="7594" id="11897010-479" start="7589">mouse</span>
    </annotation>
    <annotation annotator="Mike Bada" id="organism_Instance_21712" type="identity">
      <class id="NCBITaxon:10088" label="Mus"/>
      <span end="7819" id="11897010-481" start="7814">Mouse</span>
    </annotation>
    <annotation annotator="Mike Bada" id="organism_Instance_21716" type="identity">
      <class id="NCBITaxon:10088" label="Mus"/>
      <span end="7855" id="11897010-483" start="7850">mouse</span>
    </annotation>
    <annotation annotator="Mike Bada" id="organism_Instance_21720" type="identity">
      <class id="NCBITaxon:10088" label="Mus"/>
      <span end="8299" id="11897010-485" start="8294">mouse</span>
    </annotation>
    <annotation annotator="Mike Bada" id="organism_Instance_21724" type="identity">
      <class id="NCBITaxon:10088" label="Mus"/>
      <span end="8796" id="11897010-487" start="8791">mouse</span>
    </annotation>
    <annotation annotator="Mike Bada" id="organism_Instance_21728" type="identity">
      <class id="NCBITaxon:10088" label="Mus"/>
      <span end="9146" id="11897010-489" start="9141">mouse</span>
    </annotation>
    <annotation annotator="Mike Bada" id="organism_Instance_21732" type="identity">
      <class id="NCBITaxon:39107" label="Murinae"/>
      <span end="9959" id="11897010-491" start="9953">murine</span>
    </annotation>
    <annotation annotator="Mike Bada" id="organism_Instance_21736" type="identity">
      <class id="NCBITaxon:10088" label="Mus"/>
      <span end="10011" id="11897010-493" start="10006">Mouse</span>
    </annotation>
    <annotation annotator="Mike Bada" id="organism_Instance_21744" type="identity">
      <class id="NCBITaxon:10088" label="Mus"/>
      <span end="10595" id="11897010-495" start="10590">mouse</span>
    </annotation>
    <annotation annotator="Mike Bada" id="organism_Instance_21748" type="identity">
      <class id="NCBITaxon:9606" label="Homo sapiens"/>
      <span end="10626" id="11897010-497" start="10621">human</span>
    </annotation>
    <annotation annotator="Mike Bada" id="organism_Instance_21752" type="identity">
      <class id="NCBITaxon:9606" label="Homo sapiens"/>
      <span end="10748" id="11897010-499" start="10743">human</span>
    </annotation>
    <annotation annotator="Mike Bada" id="organism_Instance_21756" type="identity">
      <class id="NCBITaxon:9606" label="Homo sapiens"/>
      <span end="10830" id="11897010-501" start="10825">human</span>
    </annotation>
    <annotation annotator="Mike Bada" id="organism_Instance_21760" type="identity">
      <class id="NCBITaxon:9606" label="Homo sapiens"/>
      <span end="10865" id="11897010-503" start="10860">human</span>
    </annotation>
    <annotation annotator="Mike Bada" id="organism_Instance_21764" type="identity">
      <class id="NCBITaxon:9606" label="Homo sapiens"/>
      <span end="10896" id="11897010-505" start="10891">human</span>
    </annotation>
    <annotation annotator="Mike Bada" id="organism_Instance_21768" type="identity">
      <class id="NCBITaxon:10088" label="Mus"/>
      <span end="11022" id="11897010-507" start="11017">mouse</span>
    </annotation>
    <annotation annotator="Mike Bada" id="organism_Instance_21772" type="identity">
      <class id="NCBITaxon:39107" label="Murinae"/>
      <span end="11198" id="11897010-509" start="11192">murine</span>
    </annotation>
    <annotation annotator="Mike Bada" id="organism_Instance_21776" type="identity">
      <class id="NCBITaxon:9606" label="Homo sapiens"/>
      <span end="11674" id="11897010-511" start="11669">human</span>
    </annotation>
    <annotation annotator="Mike Bada" id="organism_Instance_90077" type="identity">
      <class id="NCBITaxon:6239" label="Caenorhabditis elegans"/>
      <span end="12067" id="11897010-559" start="12057">c. elegans</span>
    </annotation>
    <annotation annotator="Mike Bada" id="organism_Instance_21780" type="identity">
      <class id="NCBITaxon:10088" label="Mus"/>
      <span end="12209" id="11897010-513" start="12204">mouse</span>
    </annotation>
    <annotation annotator="Mike Bada" id="organism_Instance_21784" type="identity">
      <class id="NCBITaxon:10088" label="Mus"/>
      <span end="12756" id="11897010-515" start="12752">mice</span>
    </annotation>
    <annotation annotator="Mike Bada" id="organism_Instance_21788" type="identity">
      <class id="NCBITaxon:10088" label="Mus"/>
      <span end="12835" id="11897010-517" start="12830">mouse</span>
    </annotation>
    <annotation annotator="Mike Bada" id="organism_Instance_90086" type="identity">
      <class id="NCBITaxon:9606" label="Homo sapiens"/>
      <span end="12930" id="11897010-561" start="12924">humans</span>
    </annotation>
    <annotation annotator="Mike Bada" id="organism_Instance_21792" type="identity">
      <class id="NCBITaxon:9606" label="Homo sapiens"/>
      <span end="13012" id="11897010-519" start="13009">man</span>
    </annotation>
    <annotation annotator="Mike Bada" id="organism_Instance_21796" type="identity">
      <class id="NCBITaxon:10088" label="Mus"/>
      <span end="13022" id="11897010-521" start="13017">mouse</span>
    </annotation>
    <annotation annotator="Mike Bada" id="organism_Instance_281592" type="identity">
      <class id="NCBITaxon:species" label="species"/>
      <span end="13084" id="11897010-537" start="13077">species</span>
    </annotation>
    <annotation annotator="Mike Bada" id="organism_Instance_90094" type="identity">
      <class id="NCBITaxon:9606" label="Homo sapiens"/>
      <span end="13209" id="11897010-563" start="13203">humans</span>
    </annotation>
    <annotation annotator="Mike Bada" id="organism_Instance_21800" type="identity">
      <class id="NCBITaxon:10088" label="Mus"/>
      <span end="13236" id="11897010-523" start="13232">mice</span>
    </annotation>
    <annotation annotator="Mike Bada" id="organism_Instance_90100" type="identity">
      <class id="NCBITaxon:9986" label="Oryctolagus cuniculus"/>
      <span end="13280" id="11897010-565" start="13274">rabbit</span>
    </annotation>
    <annotation annotator="Mike Bada" id="organism_Instance_21804" type="identity">
      <class id="NCBITaxon:9606" label="Homo sapiens"/>
      <span end="13435" id="11897010-525" start="13430">human</span>
    </annotation>
    <annotation annotator="Mike Bada" id="organism_Instance_281594" type="identity">
      <class id="NCBITaxon:species" label="species"/>
      <span end="13884" id="11897010-539" start="13877">species</span>
    </annotation>
    <annotation annotator="Mike Bada" id="organism_Instance_21808" type="identity">
      <class id="NCBITaxon:9606" label="Homo sapiens"/>
      <span end="14101" id="11897010-527" start="14096">Human</span>
    </annotation>
    <annotation annotator="Mike Bada" id="organism_Instance_21812" type="identity">
      <class id="NCBITaxon:10088" label="Mus"/>
      <span end="14581" id="11897010-529" start="14576">mouse</span>
    </annotation>
    <annotation annotator="Mike Bada" id="organism_Instance_21816" type="identity">
      <class id="NCBITaxon:10088" label="Mus"/>
      <span end="15045" id="11897010-531" start="15040">mouse</span>
    </annotation>
    <annotation annotator="Mike Bada" id="organism_Instance_90111" type="identity">
      <class id="NCBITaxon:10088" label="Mus"/>
      <span end="15604" id="11897010-567" start="15599">Mouse</span>
    </annotation>
    <annotation annotator="Mike Bada" id="organism_Instance_21820" type="identity">
      <class id="NCBITaxon:10088" label="Mus"/>
      <span end="15651" id="11897010-533" start="15646">mouse</span>
    </annotation>
    <graph-space id="Old Knowtator Relations"/>
  </document>
</knowtator-project>
