<?xml version="1.0" encoding="UTF-8" standalone="no"?>
<knowtator-project>
    <document id="12079497" text-file="12079497.txt">
        <annotation annotator="Mike Bada" id="organism_Instance_21824" type="identity">
            <class id="NCBITaxon:10088" label="Mus"/>
            <span end="29" id="12079497-573" start="25">mice</span>
        </annotation>
        <annotation annotator="Mike Bada" id="organism_Instance_90118" type="identity">
            <class id="NCBITaxon:33208" label="Metazoa"/>
            <span end="127" id="12079497-687" start="121">animal</span>
        </annotation>
        <annotation annotator="Mike Bada" id="organism_Instance_21828" type="identity">
            <class id="NCBITaxon:1" label="root"/>
            <span end="261" id="12079497-575" start="252">organisms</span>
        </annotation>
        <annotation annotator="Mike Bada" id="organism_Instance_21832" type="identity">
            <class id="NCBITaxon:6142" label="Scyphozoa"/>
            <span end="344" id="12079497-577" start="335">jellyfish</span>
        </annotation>
        <annotation annotator="Mike Bada" id="organism_Instance_90125" type="identity">
            <class id="NCBITaxon:6100" label="Aequorea victoria"/>
            <span end="362" id="12079497-689" start="345">Aequoria Victoria</span>
        </annotation>
        <annotation annotator="Mike Bada" id="organism_Instance_21836" type="identity">
            <class id="NCBITaxon:10088" label="Mus"/>
            <span end="393" id="12079497-579" start="388">mouse</span>
        </annotation>
        <annotation annotator="Mike Bada" id="organism_Instance_21840" type="identity">
            <class id="NCBITaxon:10088" label="Mus"/>
            <span end="796" id="12079497-581" start="792">mice</span>
        </annotation>
        <annotation annotator="Mike Bada" id="organism_Instance_90133" type="identity">
            <class id="NCBITaxon:86599" label="Discosoma"/>
            <span end="1166" id="12079497-691" start="1156">Discostoma</span>
        </annotation>
        <annotation annotator="Mike Bada" id="organism_Instance_21844" type="identity">
            <class id="NCBITaxon:10088" label="Mus"/>
            <span end="1295" id="12079497-583" start="1291">mice</span>
        </annotation>
        <annotation annotator="Mike Bada" id="organism_Instance_21848" type="identity">
            <class id="NCBITaxon:33208" label="Metazoa"/>
            <span end="1821" id="12079497-585" start="1815">animal</span>
        </annotation>
        <annotation annotator="Mike Bada" id="organism_Instance_21852" type="identity">
            <class id="NCBITaxon:10088" label="Mus"/>
            <span end="1998" id="12079497-587" start="1994">mice</span>
        </annotation>
        <annotation annotator="Mike Bada" id="organism_Instance_21856" type="identity">
            <class id="NCBITaxon:10088" label="Mus"/>
            <span end="2228" id="12079497-589" start="2223">mouse</span>
        </annotation>
        <annotation annotator="Mike Bada" id="organism_Instance_21860" type="identity">
            <class id="NCBITaxon:1" label="root"/>
            <span end="2258" id="12079497-591" start="2250">organism</span>
        </annotation>
        <annotation annotator="Mike Bada" id="organism_Instance_21864" type="identity">
            <class id="NCBITaxon:40674" label="Mammalia"/>
            <span end="2272" id="12079497-593" start="2263">mammalian</span>
        </annotation>
        <annotation annotator="Mike Bada" id="organism_Instance_21868" type="identity">
            <class id="NCBITaxon:10088" label="Mus"/>
            <span end="2467" id="12079497-595" start="2463">mice</span>
        </annotation>
        <annotation annotator="Mike Bada" id="organism_Instance_21872" type="identity">
            <class id="NCBITaxon:40674" label="Mammalia"/>
            <span end="2570" id="12079497-597" start="2561">mammalian</span>
        </annotation>
        <annotation annotator="Mike Bada" id="organism_Instance_21876" type="identity">
            <class id="NCBITaxon:2" label="Bacteria"/>
            <span end="2730" id="12079497-599" start="2721">bacterial</span>
        </annotation>
        <annotation annotator="Mike Bada" id="organism_Instance_21880" type="identity">
            <class id="NCBITaxon:9606" label="Homo sapiens"/>
            <span end="2744" id="12079497-601" start="2739">human</span>
        </annotation>
        <annotation annotator="Mike Bada" id="organism_Instance_21888" type="identity">
            <class id="NCBITaxon:6142" label="Scyphozoa"/>
            <span end="3142" id="12079497-603" start="3133">jellyfish</span>
        </annotation>
        <annotation annotator="Mike Bada" id="organism_Instance_90156" type="identity">
            <class id="NCBITaxon:6100" label="Aequorea victoria"/>
            <span end="3160" id="12079497-693" start="3143">Aequorea Victoria</span>
        </annotation>
        <annotation annotator="Mike Bada" id="organism_Instance_21892" type="identity">
            <class id="NCBITaxon:10088" label="Mus"/>
            <span end="3387" id="12079497-605" start="3383">mice</span>
        </annotation>
        <annotation annotator="Mike Bada" id="organism_Instance_21896" type="identity">
            <class id="NCBITaxon:10088" label="Mus"/>
            <span end="3873" id="12079497-607" start="3869">mice</span>
        </annotation>
        <annotation annotator="Mike Bada" id="organism_Instance_21900" type="identity">
            <class id="NCBITaxon:10239" label="Viruses"/>
            <span end="3905" id="12079497-609" start="3900">viral</span>
        </annotation>
        <annotation annotator="Mike Bada" id="organism_Instance_21904" type="identity">
            <class id="NCBITaxon:10088" label="Mus"/>
            <span end="4041" id="12079497-611" start="4037">mice</span>
        </annotation>
        <annotation annotator="Mike Bada" id="organism_Instance_21908" type="identity">
            <class id="NCBITaxon:10088" label="Mus"/>
            <span end="4136" id="12079497-613" start="4132">mice</span>
        </annotation>
        <annotation annotator="Mike Bada" id="organism_Instance_21912" type="identity">
            <class id="NCBITaxon:6101" label="Anthozoa"/>
            <span end="4949" id="12079497-615" start="4940">anthozoan</span>
        </annotation>
        <annotation annotator="Mike Bada" id="organism_Instance_21916" type="identity">
            <class id="NCBITaxon:44295" label="Corallimorpharia"/>
            <span end="5135" id="12079497-617" start="5124">sea anemone</span>
        </annotation>
        <annotation annotator="Mike Bada" id="organism_Instance_90175" type="identity">
            <class id="NCBITaxon:86599" label="Discosoma"/>
            <span end="5145" id="12079497-695" start="5136">Discosoma</span>
        </annotation>
        <annotation annotator="Mike Bada" id="NCBITAXON_2015_03_02_Instance_17" type="identity">
            <class id="NCBITaxon:species" label="species"/>
            <span end="5148" id="12079497-571" start="5146">sp</span>
        </annotation>
        <annotation annotator="Mike Bada" id="organism_Instance_21920" type="identity">
            <class id="NCBITaxon:40674" label="Mammalia"/>
            <span end="5384" id="12079497-619" start="5375">mammalian</span>
        </annotation>
        <annotation annotator="Mike Bada" id="organism_Instance_21924" type="identity">
            <class id="NCBITaxon:9606" label="Homo sapiens"/>
            <span end="5465" id="12079497-621" start="5460">human</span>
        </annotation>
        <annotation annotator="Mike Bada" id="organism_Instance_21928" type="identity">
            <class id="NCBITaxon:10088" label="Mus"/>
            <span end="5577" id="12079497-623" start="5573">mice</span>
        </annotation>
        <annotation annotator="Mike Bada" id="organism_Instance_90192" type="identity">
            <class id="NCBITaxon:11034" label="Sindbis virus"/>
            <span end="6825" id="12079497-697" start="6812">sindbis virus</span>
        </annotation>
        <annotation annotator="Mike Bada" id="organism_Instance_21936" type="identity">
            <class id="NCBITaxon:10088" label="Mus"/>
            <span end="6894" id="12079497-625" start="6890">mice</span>
        </annotation>
        <annotation annotator="Mike Bada" id="organism_Instance_21940" type="identity">
            <class id="NCBITaxon:10088" label="Mus"/>
            <span end="6986" id="12079497-627" start="6982">mice</span>
        </annotation>
        <annotation annotator="Mike Bada" id="organism_Instance_21944" type="identity">
            <class id="NCBITaxon:10088" label="Mus"/>
            <span end="7148" id="12079497-629" start="7144">mice</span>
        </annotation>
        <annotation annotator="Mike Bada" id="organism_Instance_21948" type="identity">
            <class id="NCBITaxon:10088" label="Mus"/>
            <span end="8114" id="12079497-631" start="8110">mice</span>
        </annotation>
        <annotation annotator="Mike Bada" id="organism_Instance_21952" type="identity">
            <class id="NCBITaxon:10088" label="Mus"/>
            <span end="8268" id="12079497-633" start="8264">mice</span>
        </annotation>
        <annotation annotator="Mike Bada" id="organism_Instance_21956" type="identity">
            <class id="NCBITaxon:33208" label="Metazoa"/>
            <span end="8559" id="12079497-635" start="8552">animals</span>
        </annotation>
        <annotation annotator="Mike Bada" id="organism_Instance_21960" type="identity">
            <class id="NCBITaxon:10088" label="Mus"/>
            <span end="8753" id="12079497-637" start="8749">mice</span>
        </annotation>
        <annotation annotator="Mike Bada" id="organism_Instance_21964" type="identity">
            <class id="NCBITaxon:33208" label="Metazoa"/>
            <span end="8773" id="12079497-639" start="8766">animals</span>
        </annotation>
        <annotation annotator="Mike Bada" id="organism_Instance_21968" type="identity">
            <class id="NCBITaxon:10088" label="Mus"/>
            <span end="9923" id="12079497-641" start="9919">mice</span>
        </annotation>
        <annotation annotator="Mike Bada" id="organism_Instance_21972" type="identity">
            <class id="NCBITaxon:10088" label="Mus"/>
            <span end="10143" id="12079497-643" start="10138">mouse</span>
        </annotation>
        <annotation annotator="Mike Bada" id="organism_Instance_21976" type="identity">
            <class id="NCBITaxon:10088" label="Mus"/>
            <span end="10184" id="12079497-645" start="10179">mouse</span>
        </annotation>
        <annotation annotator="Mike Bada" id="organism_Instance_21980" type="identity">
            <class id="NCBITaxon:10088" label="Mus"/>
            <span end="10229" id="12079497-647" start="10224">mouse</span>
        </annotation>
        <annotation annotator="Mike Bada" id="organism_Instance_21984" type="identity">
            <class id="NCBITaxon:10088" label="Mus"/>
            <span end="10268" id="12079497-649" start="10263">mouse</span>
        </annotation>
        <annotation annotator="Mike Bada" id="organism_Instance_21988" type="identity">
            <class id="NCBITaxon:10088" label="Mus"/>
            <span end="10331" id="12079497-651" start="10327">mice</span>
        </annotation>
        <annotation annotator="Mike Bada" id="organism_Instance_21992" type="identity">
            <class id="NCBITaxon:10088" label="Mus"/>
            <span end="10744" id="12079497-653" start="10740">mice</span>
        </annotation>
        <annotation annotator="Mike Bada" id="organism_Instance_21996" type="identity">
            <class id="NCBITaxon:33208" label="Metazoa"/>
            <span end="11127" id="12079497-655" start="11120">animals</span>
        </annotation>
        <annotation annotator="Mike Bada" id="organism_Instance_22000" type="identity">
            <class id="NCBITaxon:10088" label="Mus"/>
            <span end="11481" id="12079497-657" start="11477">mice</span>
        </annotation>
        <annotation annotator="Mike Bada" id="organism_Instance_22004" type="identity">
            <class id="NCBITaxon:10088" label="Mus"/>
            <span end="11763" id="12079497-659" start="11759">mice</span>
        </annotation>
        <annotation annotator="Mike Bada" id="organism_Instance_22008" type="identity">
            <class id="NCBITaxon:33208" label="Metazoa"/>
            <span end="11904" id="12079497-661" start="11898">animal</span>
        </annotation>
        <annotation annotator="Mike Bada" id="organism_Instance_22012" type="identity">
            <class id="NCBITaxon:10088" label="Mus"/>
            <span end="16637" id="12079497-663" start="16633">mice</span>
        </annotation>
        <annotation annotator="Mike Bada" id="organism_Instance_22016" type="identity">
            <class id="NCBITaxon:10088" label="Mus"/>
            <span end="16702" id="12079497-665" start="16698">mice</span>
        </annotation>
        <annotation annotator="Mike Bada" id="organism_Instance_22020" type="identity">
            <class id="NCBITaxon:10088" label="Mus"/>
            <span end="16876" id="12079497-667" start="16872">mice</span>
        </annotation>
        <annotation annotator="Mike Bada" id="organism_Instance_22024" type="identity">
            <class id="NCBITaxon:33208" label="Metazoa"/>
            <span end="18130" id="12079497-669" start="18124">animal</span>
        </annotation>
        <annotation annotator="Mike Bada" id="organism_Instance_22028" type="identity">
            <class id="NCBITaxon:10088" label="Mus"/>
            <span end="18472" id="12079497-671" start="18467">mouse</span>
        </annotation>
        <annotation annotator="Mike Bada" id="organism_Instance_22036" type="identity">
            <class id="NCBITaxon:2759" label="Eukaryota"/>
            <span end="19128" id="12079497-673" start="19118">eukaryotic</span>
        </annotation>
        <annotation annotator="Mike Bada" id="organism_Instance_22044" type="identity">
            <class id="NCBITaxon:10088" label="Mus"/>
            <span end="19222" id="12079497-675" start="19218">mice</span>
        </annotation>
        <annotation annotator="Mike Bada" id="organism_Instance_22048" type="identity">
            <class id="NCBITaxon:9031" label="Gallus gallus"/>
            <span end="19395" id="12079497-677" start="19388">chicken</span>
        </annotation>
        <annotation annotator="Mike Bada" id="organism_Instance_90235" type="identity">
            <class id="NCBITaxon:10358" label="Cytomegalovirus"/>
            <span end="19451" id="12079497-699" start="19448">CMV</span>
        </annotation>
        <annotation annotator="Mike Bada" id="organism_Instance_22056" type="identity">
            <class id="NCBITaxon:9986" label="Oryctolagus cuniculus"/>
            <span end="19488" id="12079497-679" start="19482">rabbit</span>
        </annotation>
        <annotation annotator="Mike Bada" id="organism_Instance_22060" type="identity">
            <class id="NCBITaxon:10088" label="Mus"/>
            <span end="19673" id="12079497-681" start="19669">mice</span>
        </annotation>
        <annotation annotator="Mike Bada" id="organism_Instance_22064" type="identity">
            <class id="NCBITaxon:10088" label="Mus"/>
            <span end="21690" id="12079497-683" start="21686">mice</span>
        </annotation>
        <annotation annotator="Mike Bada" id="organism_Instance_22068" type="identity">
            <class id="NCBITaxon:10088" label="Mus"/>
            <span end="22178" id="12079497-685" start="22174">mice</span>
        </annotation>
        <graph-space id="Old Knowtator Relations"/>
    </document>
</knowtator-project>
