<?xml version="1.0" encoding="UTF-8" standalone="no"?>
<knowtator-project>
    <document id="12925238" text-file="12925238.txt">
        <annotation annotator="Mike Bada" id="organism_Instance_90374" type="identity">
            <class id="NCBITaxon:10088" label="Mus"/>
            <span end="134" id="12925238-1047" start="129">mouse</span>
        </annotation>
        <annotation annotator="Mike Bada" id="organism_Instance_22514" type="identity">
            <class id="NCBITaxon:10088" label="Mus"/>
            <span end="693" id="12925238-929" start="689">mice</span>
        </annotation>
        <annotation annotator="Mike Bada" id="organism_Instance_22518" type="identity">
            <class id="NCBITaxon:10088" label="Mus"/>
            <span end="5279" id="12925238-931" start="5274">mouse</span>
        </annotation>
        <annotation annotator="Mike Bada" id="organism_Instance_22522" type="identity">
            <class id="NCBITaxon:10088" label="Mus"/>
            <span end="5319" id="12925238-933" start="5315">mice</span>
        </annotation>
        <annotation annotator="Mike Bada" id="organism_Instance_22526" type="identity">
            <class id="NCBITaxon:10088" label="Mus"/>
            <span end="5447" id="12925238-935" start="5443">mice</span>
        </annotation>
        <annotation annotator="Mike Bada" id="organism_Instance_22530" type="identity">
            <class id="NCBITaxon:9606" label="Homo sapiens"/>
            <span end="7646" id="12925238-937" start="7641">human</span>
        </annotation>
        <annotation annotator="Mike Bada" id="organism_Instance_22534" type="identity">
            <class id="NCBITaxon:9606" label="Homo sapiens"/>
            <span end="7978" id="12925238-939" start="7973">human</span>
        </annotation>
        <annotation annotator="Mike Bada" id="organism_Instance_22538" type="identity">
            <class id="NCBITaxon:9606" label="Homo sapiens"/>
            <span end="8008" id="12925238-941" start="8003">human</span>
        </annotation>
        <annotation annotator="Mike Bada" id="organism_Instance_22542" type="identity">
            <class id="NCBITaxon:10088" label="Mus"/>
            <span end="8580" id="12925238-943" start="8576">mice</span>
        </annotation>
        <annotation annotator="Mike Bada" id="organism_Instance_22546" type="identity">
            <class id="NCBITaxon:9606" label="Homo sapiens"/>
            <span end="8741" id="12925238-945" start="8736">human</span>
        </annotation>
        <annotation annotator="Mike Bada" id="organism_Instance_22550" type="identity">
            <class id="NCBITaxon:9606" label="Homo sapiens"/>
            <span end="10215" id="12925238-947" start="10210">Human</span>
        </annotation>
        <annotation annotator="Mike Bada" id="organism_Instance_22554" type="identity">
            <class id="NCBITaxon:9606" label="Homo sapiens"/>
            <span end="11242" id="12925238-949" start="11237">human</span>
        </annotation>
        <annotation annotator="Mike Bada" id="organism_Instance_90390" type="identity">
            <class id="NCBITaxon:10088" label="Mus"/>
            <span end="11707" id="12925238-1049" start="11702">mouse</span>
        </annotation>
        <annotation annotator="Mike Bada" id="organism_Instance_22558" type="identity">
            <class id="NCBITaxon:10088" label="Mus"/>
            <span end="12339" id="12925238-951" start="12335">mice</span>
        </annotation>
        <annotation annotator="Mike Bada" id="organism_Instance_22562" type="identity">
            <class id="NCBITaxon:10088" label="Mus"/>
            <span end="14658" id="12925238-953" start="14654">mice</span>
        </annotation>
        <annotation annotator="Mike Bada" id="organism_Instance_22566" type="identity">
            <class id="NCBITaxon:39107" label="Murinae"/>
            <span end="15611" id="12925238-955" start="15605">murine</span>
        </annotation>
        <annotation annotator="Mike Bada" id="organism_Instance_22570" type="identity">
            <class id="NCBITaxon:10088" label="Mus"/>
            <span end="16074" id="12925238-957" start="16070">mice</span>
        </annotation>
        <annotation annotator="Mike Bada" id="organism_Instance_22574" type="identity">
            <class id="NCBITaxon:10088" label="Mus"/>
            <span end="16175" id="12925238-959" start="16171">mice</span>
        </annotation>
        <annotation annotator="Mike Bada" id="organism_Instance_90400" type="identity">
            <class id="NCBITaxon:9606" label="Homo sapiens"/>
            <span end="16322" id="12925238-1051" start="16316">humans</span>
        </annotation>
        <annotation annotator="Mike Bada" id="organism_Instance_22578" type="identity">
            <class id="NCBITaxon:9606" label="Homo sapiens"/>
            <span end="17401" id="12925238-961" start="17396">human</span>
        </annotation>
        <annotation annotator="Mike Bada" id="organism_Instance_90406" type="identity">
            <class id="NCBITaxon:1" label="root"/>
            <span end="17474" id="12925238-1053" start="17464">individual</span>
        </annotation>
        <annotation annotator="Mike Bada" id="organism_Instance_22582" type="identity">
            <class id="NCBITaxon:10088" label="Mus"/>
            <span end="17630" id="12925238-963" start="17625">mouse</span>
        </annotation>
        <annotation annotator="Mike Bada" id="organism_Instance_22586" type="identity">
            <class id="NCBITaxon:39107" label="Murinae"/>
            <span end="17696" id="12925238-965" start="17690">murine</span>
        </annotation>
        <annotation annotator="Mike Bada" id="organism_Instance_22590" type="identity">
            <class id="NCBITaxon:9606" label="Homo sapiens"/>
            <span end="17769" id="12925238-967" start="17764">human</span>
        </annotation>
        <annotation annotator="Mike Bada" id="organism_Instance_22594" type="identity">
            <class id="NCBITaxon:10088" label="Mus"/>
            <span end="17910" id="12925238-969" start="17906">mice</span>
        </annotation>
        <annotation annotator="Mike Bada" id="organism_Instance_22598" type="identity">
            <class id="NCBITaxon:39107" label="Murinae"/>
            <span end="18270" id="12925238-971" start="18264">murine</span>
        </annotation>
        <annotation annotator="Mike Bada" id="organism_Instance_22602" type="identity">
            <class id="NCBITaxon:39107" label="Murinae"/>
            <span end="18641" id="12925238-973" start="18635">Murine</span>
        </annotation>
        <annotation annotator="Mike Bada" id="organism_Instance_22606" type="identity">
            <class id="NCBITaxon:9606" label="Homo sapiens"/>
            <span end="18740" id="12925238-975" start="18735">human</span>
        </annotation>
        <annotation annotator="Mike Bada" id="organism_Instance_22610" type="identity">
            <class id="NCBITaxon:9606" label="Homo sapiens"/>
            <span end="18830" id="12925238-977" start="18825">human</span>
        </annotation>
        <annotation annotator="Mike Bada" id="organism_Instance_22614" type="identity">
            <class id="NCBITaxon:10088" label="Mus"/>
            <span end="21047" id="12925238-979" start="21042">mouse</span>
        </annotation>
        <annotation annotator="Mike Bada" id="organism_Instance_90420" type="identity">
            <class id="NCBITaxon:44689" label="Dictyostelium discoideum"/>
            <span end="21306" id="12925238-1055" start="21282">Dictyostelium discoideum</span>
        </annotation>
        <annotation annotator="Mike Bada" id="organism_Instance_22618" type="identity">
            <class id="NCBITaxon:10088" label="Mus"/>
            <span end="23858" id="12925238-981" start="23853">mouse</span>
        </annotation>
        <annotation annotator="Mike Bada" id="organism_Instance_22622" type="identity">
            <class id="NCBITaxon:39107" label="Murinae"/>
            <span end="25712" id="12925238-983" start="25706">murine</span>
        </annotation>
        <annotation annotator="Mike Bada" id="organism_Instance_22626" type="identity">
            <class id="NCBITaxon:9606" label="Homo sapiens"/>
            <span end="25757" id="12925238-985" start="25752">human</span>
        </annotation>
        <annotation annotator="Mike Bada" id="organism_Instance_22630" type="identity">
            <class id="NCBITaxon:10088" label="Mus"/>
            <span end="25837" id="12925238-987" start="25832">mouse</span>
        </annotation>
        <annotation annotator="Mike Bada" id="organism_Instance_22634" type="identity">
            <class id="NCBITaxon:10088" label="Mus"/>
            <span end="25878" id="12925238-989" start="25873">mouse</span>
        </annotation>
        <annotation annotator="Mike Bada" id="organism_Instance_22638" type="identity">
            <class id="NCBITaxon:9606" label="Homo sapiens"/>
            <span end="26037" id="12925238-991" start="26032">human</span>
        </annotation>
        <annotation annotator="Mike Bada" id="organism_Instance_130007" type="identity">
            <class id="NCBITaxon:10088" label="Mus"/>
            <span end="26885" id="12925238-927" start="26881">mice</span>
        </annotation>
        <annotation annotator="Mike Bada" id="organism_Instance_22642" type="identity">
            <class id="NCBITaxon:39107" label="Murinae"/>
            <span end="27163" id="12925238-993" start="27157">murine</span>
        </annotation>
        <annotation annotator="Mike Bada" id="organism_Instance_22646" type="identity">
            <class id="NCBITaxon:9606" label="Homo sapiens"/>
            <span end="27173" id="12925238-995" start="27168">human</span>
        </annotation>
        <annotation annotator="Mike Bada" id="organism_Instance_22650" type="identity">
            <class id="NCBITaxon:10088" label="Mus"/>
            <span end="27245" id="12925238-997" start="27241">mice</span>
        </annotation>
        <annotation annotator="Mike Bada" id="organism_Instance_22654" type="identity">
            <class id="NCBITaxon:10088" label="Mus"/>
            <span end="27595" id="12925238-999" start="27591">mice</span>
        </annotation>
        <annotation annotator="Mike Bada" id="organism_Instance_22658" type="identity">
            <class id="NCBITaxon:10088" label="Mus"/>
            <span end="27736" id="12925238-1001" start="27732">mice</span>
        </annotation>
        <annotation annotator="Mike Bada" id="organism_Instance_22662" type="identity">
            <class id="NCBITaxon:39107" label="Murinae"/>
            <span end="27915" id="12925238-1003" start="27909">murine</span>
        </annotation>
        <annotation annotator="Mike Bada" id="organism_Instance_22666" type="identity">
            <class id="NCBITaxon:9606" label="Homo sapiens"/>
            <span end="28009" id="12925238-1005" start="28004">Human</span>
        </annotation>
        <annotation annotator="Mike Bada" id="organism_Instance_22670" type="identity">
            <class id="NCBITaxon:10088" label="Mus"/>
            <span end="28442" id="12925238-1007" start="28438">mice</span>
        </annotation>
        <annotation annotator="Mike Bada" id="organism_Instance_22674" type="identity">
            <class id="NCBITaxon:10088" label="Mus"/>
            <span end="28518" id="12925238-1009" start="28514">mice</span>
        </annotation>
        <annotation annotator="Mike Bada" id="organism_Instance_22678" type="identity">
            <class id="NCBITaxon:10088" label="Mus"/>
            <span end="28597" id="12925238-1011" start="28593">mice</span>
        </annotation>
        <annotation annotator="Mike Bada" id="organism_Instance_22682" type="identity">
            <class id="NCBITaxon:10088" label="Mus"/>
            <span end="28687" id="12925238-1013" start="28683">mice</span>
        </annotation>
        <annotation annotator="Mike Bada" id="organism_Instance_22686" type="identity">
            <class id="NCBITaxon:9606" label="Homo sapiens"/>
            <span end="28783" id="12925238-1015" start="28778">human</span>
        </annotation>
        <annotation annotator="Mike Bada" id="organism_Instance_22690" type="identity">
            <class id="NCBITaxon:9606" label="Homo sapiens"/>
            <span end="29974" id="12925238-1017" start="29969">human</span>
        </annotation>
        <annotation annotator="Mike Bada" id="organism_Instance_22694" type="identity">
            <class id="NCBITaxon:39107" label="Murinae"/>
            <span end="29985" id="12925238-1019" start="29979">murine</span>
        </annotation>
        <annotation annotator="Mike Bada" id="organism_Instance_22698" type="identity">
            <class id="NCBITaxon:39107" label="Murinae"/>
            <span end="32535" id="12925238-1021" start="32529">murine</span>
        </annotation>
        <annotation annotator="Mike Bada" id="organism_Instance_22702" type="identity">
            <class id="NCBITaxon:39107" label="Murinae"/>
            <span end="33098" id="12925238-1023" start="33092">murine</span>
        </annotation>
        <annotation annotator="Mike Bada" id="organism_Instance_22706" type="identity">
            <class id="NCBITaxon:9606" label="Homo sapiens"/>
            <span end="33108" id="12925238-1025" start="33103">human</span>
        </annotation>
        <annotation annotator="Mike Bada" id="organism_Instance_22710" type="identity">
            <class id="NCBITaxon:10088" label="Mus"/>
            <span end="33423" id="12925238-1027" start="33418">mouse</span>
        </annotation>
        <annotation annotator="Mike Bada" id="organism_Instance_22714" type="identity">
            <class id="NCBITaxon:9606" label="Homo sapiens"/>
            <span end="33433" id="12925238-1029" start="33428">human</span>
        </annotation>
        <annotation annotator="Mike Bada" id="organism_Instance_22718" type="identity">
            <class id="NCBITaxon:39107" label="Murinae"/>
            <span end="33456" id="12925238-1031" start="33450">murine</span>
        </annotation>
        <annotation annotator="Mike Bada" id="organism_Instance_22722" type="identity">
            <class id="NCBITaxon:33208" label="Metazoa"/>
            <span end="33492" id="12925238-1033" start="33486">animal</span>
        </annotation>
        <annotation annotator="Mike Bada" id="organism_Instance_22726" type="identity">
            <class id="NCBITaxon:9606" label="Homo sapiens"/>
            <span end="33511" id="12925238-1035" start="33506">human</span>
        </annotation>
        <annotation annotator="Mike Bada" id="organism_Instance_22730" type="identity">
            <class id="NCBITaxon:9606" label="Homo sapiens"/>
            <span end="33646" id="12925238-1037" start="33630">human individual</span>
        </annotation>
        <annotation annotator="Mike Bada" id="organism_Instance_22734" type="identity">
            <class id="NCBITaxon:39107" label="Murinae"/>
            <span end="34078" id="12925238-1039" start="34072">murine</span>
        </annotation>
        <annotation annotator="Mike Bada" id="organism_Instance_22738" type="identity">
            <class id="NCBITaxon:9606" label="Homo sapiens"/>
            <span end="34088" id="12925238-1041" start="34083">human</span>
        </annotation>
        <annotation annotator="Mike Bada" id="organism_Instance_22742" type="identity">
            <class id="NCBITaxon:10088" label="Mus"/>
            <span end="35110" id="12925238-1043" start="35105">mouse</span>
        </annotation>
        <annotation annotator="Mike Bada" id="organism_Instance_22746" type="identity">
            <class id="NCBITaxon:9986" label="Oryctolagus cuniculus"/>
            <span end="35161" id="12925238-1045" start="35155">rabbit</span>
        </annotation>
        <graph-space id="Old Knowtator Relations"/>
    </document>
</knowtator-project>
