<?xml version="1.0" encoding="UTF-8" standalone="no"?>
<knowtator-project>
  <document id="14611657" text-file="14611657.txt">
    <annotation annotator="Mike Bada" id="organism_Instance_23010" type="identity">
      <class id="NCBITaxon:10088" label="Mus"/>
      <span end="226" id="14611657-1256" start="221">mouse</span>
    </annotation>
    <annotation annotator="Mike Bada" id="organism_Instance_23014" type="identity">
      <class id="NCBITaxon:10088" label="Mus"/>
      <span end="348" id="14611657-1258" start="343">mouse</span>
    </annotation>
    <annotation annotator="Mike Bada" id="organism_Instance_23018" type="identity">
      <class id="NCBITaxon:40674" label="Mammalia"/>
      <span end="697" id="14611657-1260" start="688">mammalian</span>
    </annotation>
    <annotation annotator="Mike Bada" id="organism_Instance_23022" type="identity">
      <class id="NCBITaxon:10088" label="Mus"/>
      <span end="779" id="14611657-1262" start="774">mouse</span>
    </annotation>
    <annotation annotator="Mike Bada" id="organism_Instance_23026" type="identity">
      <class id="NCBITaxon:10088" label="Mus"/>
      <span end="933" id="14611657-1264" start="928">mouse</span>
    </annotation>
    <annotation annotator="Mike Bada" id="organism_Instance_23030" type="identity">
      <class id="NCBITaxon:10088" label="Mus"/>
      <span end="2117" id="14611657-1266" start="2112">mouse</span>
    </annotation>
    <annotation annotator="Mike Bada" id="organism_Instance_23034" type="identity">
      <class id="NCBITaxon:40674" label="Mammalia"/>
      <span end="2926" id="14611657-1268" start="2917">mammalian</span>
    </annotation>
    <annotation annotator="Mike Bada" id="organism_Instance_23038" type="identity">
      <class id="NCBITaxon:10088" label="Mus"/>
      <span end="2978" id="14611657-1270" start="2973">mouse</span>
    </annotation>
    <annotation annotator="Mike Bada" id="organism_Instance_23042" type="identity">
      <class id="NCBITaxon:9606" label="Homo sapiens"/>
      <span end="3506" id="14611657-1272" start="3501">human</span>
    </annotation>
    <annotation annotator="Mike Bada" id="organism_Instance_23046" type="identity">
      <class id="NCBITaxon:10088" label="Mus"/>
      <span end="3522" id="14611657-1274" start="3517">mouse</span>
    </annotation>
    <annotation annotator="Mike Bada" id="organism_Instance_23050" type="identity">
      <class id="NCBITaxon:10088" label="Mus"/>
      <span end="3732" id="14611657-1276" start="3727">mouse</span>
    </annotation>
    <annotation annotator="Mike Bada" id="organism_Instance_23054" type="identity">
      <class id="NCBITaxon:9606" label="Homo sapiens"/>
      <span end="4560" id="14611657-1278" start="4555">human</span>
    </annotation>
    <annotation annotator="Mike Bada" id="organism_Instance_23058" type="identity">
      <class id="NCBITaxon:10088" label="Mus"/>
      <span end="4938" id="14611657-1280" start="4933">mouse</span>
    </annotation>
    <annotation annotator="Mike Bada" id="organism_Instance_23062" type="identity">
      <class id="NCBITaxon_EXT:yeast" label="yeast"/>
      <span end="5633" id="14611657-1282" start="5628">yeast</span>
    </annotation>
    <annotation annotator="Mike Bada" id="organism_Instance_23066" type="identity">
      <class id="NCBITaxon:40674" label="Mammalia"/>
      <span end="5674" id="14611657-1284" start="5665">mammalian</span>
    </annotation>
    <annotation annotator="Mike Bada" id="organism_Instance_90690" type="identity">
      <class id="NCBITaxon:5690" label="Trypanosoma"/>
      <span end="6243" id="14611657-1384" start="6231">trypanosomes</span>
    </annotation>
    <annotation annotator="Mike Bada" id="organism_Instance_23070" type="identity">
      <class id="NCBITaxon:9606" label="Homo sapiens"/>
      <span end="7608" id="14611657-1286" start="7603">human</span>
    </annotation>
    <annotation annotator="Mike Bada" id="organism_Instance_23074" type="identity">
      <class id="NCBITaxon:10088" label="Mus"/>
      <span end="8448" id="14611657-1288" start="8443">mouse</span>
    </annotation>
    <annotation annotator="Mike Bada" id="organism_Instance_23078" type="identity">
      <class id="NCBITaxon:10088" label="Mus"/>
      <span end="8872" id="14611657-1290" start="8867">mouse</span>
    </annotation>
    <annotation annotator="Mike Bada" id="organism_Instance_23082" type="identity">
      <class id="NCBITaxon:10088" label="Mus"/>
      <span end="9252" id="14611657-1292" start="9247">mouse</span>
    </annotation>
    <annotation annotator="Mike Bada" id="organism_Instance_23086" type="identity">
      <class id="NCBITaxon:10088" label="Mus"/>
      <span end="10811" id="14611657-1294" start="10806">mouse</span>
    </annotation>
    <annotation annotator="Mike Bada" id="organism_Instance_23090" type="identity">
      <class id="NCBITaxon:10088" label="Mus"/>
      <span end="10935" id="14611657-1296" start="10930">mouse</span>
    </annotation>
    <annotation annotator="Mike Bada" id="organism_Instance_23094" type="identity">
      <class id="NCBITaxon:40674" label="Mammalia"/>
      <span end="12275" id="14611657-1298" start="12266">mammalian</span>
    </annotation>
    <annotation annotator="Mike Bada" id="organism_Instance_241480" type="identity">
      <class id="NCBITaxon_EXT:fish" label="fish"/>
      <span end="12460" id="14611657-1382" start="12456">fish</span>
    </annotation>
    <annotation annotator="Mike Bada" id="organism_Instance_23098" type="identity">
      <class id="NCBITaxon:10088" label="Mus"/>
      <span end="14243" id="14611657-1300" start="14238">mouse</span>
    </annotation>
    <annotation annotator="Mike Bada" id="organism_Instance_23102" type="identity">
      <class id="NCBITaxon:10088" label="Mus"/>
      <span end="17209" id="14611657-1302" start="17205">mice</span>
    </annotation>
    <annotation annotator="Mike Bada" id="organism_Instance_23106" type="identity">
      <class id="NCBITaxon:10088" label="Mus"/>
      <span end="17634" id="14611657-1304" start="17629">mouse</span>
    </annotation>
    <annotation annotator="Mike Bada" id="organism_Instance_23110" type="identity">
      <class id="NCBITaxon:10088" label="Mus"/>
      <span end="18128" id="14611657-1306" start="18124">mice</span>
    </annotation>
    <annotation annotator="Mike Bada" id="organism_Instance_23114" type="identity">
      <class id="NCBITaxon:10088" label="Mus"/>
      <span end="18421" id="14611657-1308" start="18417">mice</span>
    </annotation>
    <annotation annotator="Mike Bada" id="organism_Instance_23118" type="identity">
      <class id="NCBITaxon:10088" label="Mus"/>
      <span end="18518" id="14611657-1310" start="18514">mice</span>
    </annotation>
    <annotation annotator="Mike Bada" id="organism_Instance_23122" type="identity">
      <class id="NCBITaxon:10088" label="Mus"/>
      <span end="18601" id="14611657-1312" start="18597">mice</span>
    </annotation>
    <annotation annotator="Mike Bada" id="organism_Instance_23126" type="identity">
      <class id="NCBITaxon:10088" label="Mus"/>
      <span end="18678" id="14611657-1314" start="18674">mice</span>
    </annotation>
    <annotation annotator="Mike Bada" id="organism_Instance_23130" type="identity">
      <class id="NCBITaxon:10088" label="Mus"/>
      <span end="19047" id="14611657-1316" start="19042">mouse</span>
    </annotation>
    <annotation annotator="Mike Bada" id="organism_Instance_23134" type="identity">
      <class id="NCBITaxon:9606" label="Homo sapiens"/>
      <span end="22722" id="14611657-1318" start="22717">human</span>
    </annotation>
    <annotation annotator="Mike Bada" id="organism_Instance_23138" type="identity">
      <class id="NCBITaxon:10088" label="Mus"/>
      <span end="22770" id="14611657-1320" start="22765">mouse</span>
    </annotation>
    <annotation annotator="Mike Bada" id="organism_Instance_23142" type="identity">
      <class id="NCBITaxon:9606" label="Homo sapiens"/>
      <span end="24052" id="14611657-1322" start="24047">human</span>
    </annotation>
    <annotation annotator="Mike Bada" id="organism_Instance_23146" type="identity">
      <class id="NCBITaxon:9606" label="Homo sapiens"/>
      <span end="24772" id="14611657-1324" start="24767">human</span>
    </annotation>
    <annotation annotator="Mike Bada" id="organism_Instance_23150" type="identity">
      <class id="NCBITaxon:10088" label="Mus"/>
      <span end="26034" id="14611657-1326" start="26029">mouse</span>
    </annotation>
    <annotation annotator="Mike Bada" id="organism_Instance_23154" type="identity">
      <class id="NCBITaxon:10088" label="Mus"/>
      <span end="28069" id="14611657-1328" start="28064">mouse</span>
    </annotation>
    <annotation annotator="Mike Bada" id="organism_Instance_23158" type="identity">
      <class id="NCBITaxon:10088" label="Mus"/>
      <span end="28212" id="14611657-1330" start="28207">mouse</span>
    </annotation>
    <annotation annotator="Mike Bada" id="organism_Instance_23162" type="identity">
      <class id="NCBITaxon:10088" label="Mus"/>
      <span end="28692" id="14611657-1332" start="28687">mouse</span>
    </annotation>
    <annotation annotator="Mike Bada" id="organism_Instance_23166" type="identity">
      <class id="NCBITaxon:9606" label="Homo sapiens"/>
      <span end="35730" id="14611657-1334" start="35725">human</span>
    </annotation>
    <annotation annotator="Mike Bada" id="organism_Instance_23170" type="identity">
      <class id="NCBITaxon:9606" label="Homo sapiens"/>
      <span end="36908" id="14611657-1336" start="36903">human</span>
    </annotation>
    <annotation annotator="Mike Bada" id="organism_Instance_23174" type="identity">
      <class id="NCBITaxon:10088" label="Mus"/>
      <span end="37739" id="14611657-1338" start="37735">mice</span>
    </annotation>
    <annotation annotator="Mike Bada" id="organism_Instance_23178" type="identity">
      <class id="NCBITaxon:10088" label="Mus"/>
      <span end="38741" id="14611657-1340" start="38736">mouse</span>
    </annotation>
    <annotation annotator="Mike Bada" id="organism_Instance_23182" type="identity">
      <class id="NCBITaxon:33208" label="Metazoa"/>
      <span end="38808" id="14611657-1342" start="38802">animal</span>
    </annotation>
    <annotation annotator="Mike Bada" id="organism_Instance_23186" type="identity">
      <class id="NCBITaxon:10088" label="Mus"/>
      <span end="39451" id="14611657-1344" start="39446">mouse</span>
    </annotation>
    <annotation annotator="Mike Bada" id="organism_Instance_23190" type="identity">
      <class id="NCBITaxon:10088" label="Mus"/>
      <span end="44196" id="14611657-1346" start="44191">mouse</span>
    </annotation>
    <annotation annotator="Mike Bada" id="organism_Instance_23194" type="identity">
      <class id="NCBITaxon:10088" label="Mus"/>
      <span end="45182" id="14611657-1348" start="45178">mice</span>
    </annotation>
    <annotation annotator="Mike Bada" id="organism_Instance_23198" type="identity">
      <class id="NCBITaxon:10088" label="Mus"/>
      <span end="46706" id="14611657-1350" start="46701">mouse</span>
    </annotation>
    <annotation annotator="Mike Bada" id="organism_Instance_23202" type="identity">
      <class id="NCBITaxon:10088" label="Mus"/>
      <span end="47395" id="14611657-1352" start="47390">mouse</span>
    </annotation>
    <annotation annotator="Mike Bada" id="organism_Instance_23206" type="identity">
      <class id="NCBITaxon:10088" label="Mus"/>
      <span end="47546" id="14611657-1354" start="47541">mouse</span>
    </annotation>
    <annotation annotator="Mike Bada" id="organism_Instance_23210" type="identity">
      <class id="NCBITaxon:10088" label="Mus"/>
      <span end="47588" id="14611657-1356" start="47583">mouse</span>
    </annotation>
    <annotation annotator="Mike Bada" id="organism_Instance_23214" type="identity">
      <class id="NCBITaxon:10088" label="Mus"/>
      <span end="48339" id="14611657-1358" start="48334">mouse</span>
    </annotation>
    <annotation annotator="Mike Bada" id="organism_Instance_23218" type="identity">
      <class id="NCBITaxon:10088" label="Mus"/>
      <span end="49981" id="14611657-1360" start="49976">mouse</span>
    </annotation>
    <annotation annotator="Mike Bada" id="organism_Instance_23226" type="identity">
      <class id="NCBITaxon:10088" label="Mus"/>
      <span end="50154" id="14611657-1362" start="50149">mouse</span>
    </annotation>
    <annotation annotator="Mike Bada" id="organism_Instance_23230" type="identity">
      <class id="NCBITaxon:10088" label="Mus"/>
      <span end="51423" id="14611657-1364" start="51419">mice</span>
    </annotation>
    <annotation annotator="Mike Bada" id="organism_Instance_23234" type="identity">
      <class id="NCBITaxon:10088" label="Mus"/>
      <span end="51524" id="14611657-1366" start="51519">mouse</span>
    </annotation>
    <annotation annotator="Mike Bada" id="organism_Instance_23238" type="identity">
      <class id="NCBITaxon:10088" label="Mus"/>
      <span end="51578" id="14611657-1368" start="51573">mouse</span>
    </annotation>
    <annotation annotator="Mike Bada" id="organism_Instance_23242" type="identity">
      <class id="NCBITaxon:10088" label="Mus"/>
      <span end="51985" id="14611657-1370" start="51981">mice</span>
    </annotation>
    <annotation annotator="Mike Bada" id="organism_Instance_23246" type="identity">
      <class id="NCBITaxon:10088" label="Mus"/>
      <span end="52050" id="14611657-1372" start="52046">mice</span>
    </annotation>
    <annotation annotator="Mike Bada" id="organism_Instance_23250" type="identity">
      <class id="NCBITaxon:10088" label="Mus"/>
      <span end="52122" id="14611657-1374" start="52117">mouse</span>
    </annotation>
    <annotation annotator="Mike Bada" id="organism_Instance_23254" type="identity">
      <class id="NCBITaxon:10088" label="Mus"/>
      <span end="52575" id="14611657-1376" start="52570">mouse</span>
    </annotation>
    <annotation annotator="Mike Bada" id="organism_Instance_23266" type="identity">
      <class id="NCBITaxon:10088" label="Mus"/>
      <span end="54620" id="14611657-1378" start="54615">mouse</span>
    </annotation>
    <annotation annotator="Mike Bada" id="organism_Instance_23270" type="identity">
      <class id="NCBITaxon:10088" label="Mus"/>
      <span end="55056" id="14611657-1380" start="55051">mouse</span>
    </annotation>
    <graph-space id="Old Knowtator Relations"/>
  </document>
</knowtator-project>
