<?xml version="1.0" encoding="UTF-8" standalone="no"?>
<knowtator-project>
    <document id="14737183" text-file="14737183.txt">
        <annotation annotator="Mike Bada" id="organism_Instance_24676" type="identity">
            <class id="NCBITaxon:10088" label="Mus"/>
            <span end="36" id="14737183-1649" start="31">Mouse</span>
        </annotation>
        <annotation annotator="Mike Bada" id="organism_Instance_24680" type="identity">
            <class id="NCBITaxon:33208" label="Metazoa"/>
            <span end="88" id="14737183-1651" start="82">animal</span>
        </annotation>
        <annotation annotator="Mike Bada" id="organism_Instance_281702" type="identity">
            <class id="NCBITaxon:kingdom" label="kingdom"/>
            <span end="96" id="14737183-1933" start="89">kingdom</span>
        </annotation>
        <annotation annotator="Mike Bada" id="organism_Instance_24684" type="identity">
            <class id="NCBITaxon:10088" label="Mus"/>
            <span end="283" id="14737183-1653" start="278">mouse</span>
        </annotation>
        <annotation annotator="Mike Bada" id="organism_Instance_24692" type="identity">
            <class id="NCBITaxon:10088" label="Mus"/>
            <span end="410" id="14737183-1655" start="406">Mice</span>
        </annotation>
        <annotation annotator="Mike Bada" id="organism_Instance_24700" type="identity">
            <class id="NCBITaxon:33208" label="Metazoa"/>
            <span end="871" id="14737183-1657" start="864">animals</span>
        </annotation>
        <annotation annotator="Mike Bada" id="organism_Instance_24712" type="identity">
            <class id="NCBITaxon:33208" label="Metazoa"/>
            <span end="1188" id="14737183-1659" start="1181">animals</span>
        </annotation>
        <annotation annotator="Mike Bada" id="organism_Instance_24716" type="identity">
            <class id="NCBITaxon:40674" label="Mammalia"/>
            <span end="1978" id="14737183-1661" start="1971">mammals</span>
        </annotation>
        <annotation annotator="Mike Bada" id="organism_Instance_24720" type="identity">
            <class id="NCBITaxon:7742" label="Vertebrata"/>
            <span end="2186" id="14737183-1663" start="2176">vertebrate</span>
        </annotation>
        <annotation annotator="Mike Bada" id="organism_Instance_24724" type="identity">
            <class id="NCBITaxon:33208" label="Metazoa"/>
            <span end="2379" id="14737183-1665" start="2372">animals</span>
        </annotation>
        <annotation annotator="Mike Bada" id="organism_Instance_24728" type="identity">
            <class id="NCBITaxon:7742" label="Vertebrata"/>
            <span end="2542" id="14737183-1667" start="2531">vertebrates</span>
        </annotation>
        <annotation annotator="Mike Bada" id="organism_Instance_24732" type="identity">
            <class id="NCBITaxon:33208" label="Metazoa"/>
            <span end="2747" id="14737183-1669" start="2741">animal</span>
        </annotation>
        <annotation annotator="Mike Bada" id="organism_Instance_281628" type="identity">
            <class id="NCBITaxon:species" label="species"/>
            <span end="2923" id="14737183-1927" start="2916">species</span>
        </annotation>
        <annotation annotator="Mike Bada" id="organism_Instance_24736" type="identity">
            <class id="NCBITaxon:33208" label="Metazoa"/>
            <span end="2949" id="14737183-1671" start="2942">animals</span>
        </annotation>
        <annotation annotator="Mike Bada" id="organism_Instance_281630" type="identity">
            <class id="NCBITaxon:species" label="species"/>
            <span end="2978" id="14737183-1929" start="2971">species</span>
        </annotation>
        <annotation annotator="Mike Bada" id="organism_Instance_24740" type="identity">
            <class id="NCBITaxon:7742" label="Vertebrata"/>
            <span end="3319" id="14737183-1673" start="3309">vertebrate</span>
        </annotation>
        <annotation annotator="Mike Bada" id="organism_Instance_24744" type="identity">
            <class id="NCBITaxon:7742" label="Vertebrata"/>
            <span end="3613" id="14737183-1675" start="3603">vertebrate</span>
        </annotation>
        <annotation annotator="Mike Bada" id="organism_Instance_24748" type="identity">
            <class id="NCBITaxon:7742" label="Vertebrata"/>
            <span end="4564" id="14737183-1677" start="4553">vertebrates</span>
        </annotation>
        <annotation annotator="Mike Bada" id="organism_Instance_24752" type="identity">
            <class id="NCBITaxon:9989" label="Rodentia"/>
            <span end="4811" id="14737183-1679" start="4804">rodents</span>
        </annotation>
        <annotation annotator="Mike Bada" id="organism_Instance_24756" type="identity">
            <class id="NCBITaxon:40674" label="Mammalia"/>
            <span end="4838" id="14737183-1681" start="4831">mammals</span>
        </annotation>
        <annotation annotator="Mike Bada" id="organism_Instance_24772" type="identity">
            <class id="NCBITaxon:10088" label="Mus"/>
            <span end="5556" id="14737183-1683" start="5552">mice</span>
        </annotation>
        <annotation annotator="Mike Bada" id="organism_Instance_24776" type="identity">
            <class id="NCBITaxon:9615" label="Canis lupus familiaris"/>
            <span end="5702" id="14737183-1685" start="5699">dog</span>
        </annotation>
        <annotation annotator="Mike Bada" id="organism_Instance_24780" type="identity">
            <class id="NCBITaxon:10088" label="Mus"/>
            <span end="5730" id="14737183-1687" start="5726">mice</span>
        </annotation>
        <annotation annotator="Mike Bada" id="organism_Instance_24788" type="identity">
            <class id="NCBITaxon:33208" label="Metazoa"/>
            <span end="6212" id="14737183-1689" start="6205">Animals</span>
        </annotation>
        <annotation annotator="Mike Bada" id="organism_Instance_24804" type="identity">
            <class id="NCBITaxon:10088" label="Mus"/>
            <span end="6948" id="14737183-1691" start="6944">mice</span>
        </annotation>
        <annotation annotator="Mike Bada" id="organism_Instance_24812" type="identity">
            <class id="NCBITaxon:40674" label="Mammalia"/>
            <span end="7037" id="14737183-1693" start="7030">mammals</span>
        </annotation>
        <annotation annotator="Mike Bada" id="organism_Instance_24816" type="identity">
            <class id="NCBITaxon:10088" label="Mus"/>
            <span end="7853" id="14737183-1695" start="7848">mouse</span>
        </annotation>
        <annotation annotator="Mike Bada" id="organism_Instance_24824" type="identity">
            <class id="NCBITaxon:10088" label="Mus"/>
            <span end="8358" id="14737183-1697" start="8353">mouse</span>
        </annotation>
        <annotation annotator="Mike Bada" id="organism_Instance_24832" type="identity">
            <class id="NCBITaxon:40674" label="Mammalia"/>
            <span end="9106" id="14737183-1699" start="9099">mammals</span>
        </annotation>
        <annotation annotator="Mike Bada" id="organism_Instance_24840" type="identity">
            <class id="NCBITaxon:33208" label="Metazoa"/>
            <span end="9763" id="14737183-1701" start="9756">animals</span>
        </annotation>
        <annotation annotator="Mike Bada" id="organism_Instance_24844" type="identity">
            <class id="NCBITaxon:10088" label="Mus"/>
            <span end="9979" id="14737183-1703" start="9975">mice</span>
        </annotation>
        <annotation annotator="Mike Bada" id="organism_Instance_24852" type="identity">
            <class id="NCBITaxon:10088" label="Mus"/>
            <span end="10205" id="14737183-1705" start="10201">mice</span>
        </annotation>
        <annotation annotator="Mike Bada" id="organism_Instance_24856" type="identity">
            <class id="NCBITaxon:10088" label="Mus"/>
            <span end="10389" id="14737183-1707" start="10385">mice</span>
        </annotation>
        <annotation annotator="Mike Bada" id="organism_Instance_24864" type="identity">
            <class id="NCBITaxon:10088" label="Mus"/>
            <span end="10771" id="14737183-1709" start="10767">mice</span>
        </annotation>
        <annotation annotator="Mike Bada" id="organism_Instance_24868" type="identity">
            <class id="NCBITaxon:33208" label="Metazoa"/>
            <span end="10908" id="14737183-1711" start="10901">animals</span>
        </annotation>
        <annotation annotator="Mike Bada" id="organism_Instance_24876" type="identity">
            <class id="NCBITaxon:10088" label="Mus"/>
            <span end="11294" id="14737183-1713" start="11290">mice</span>
        </annotation>
        <annotation annotator="Mike Bada" id="organism_Instance_24880" type="identity">
            <class id="NCBITaxon:10088" label="Mus"/>
            <span end="11770" id="14737183-1715" start="11766">mice</span>
        </annotation>
        <annotation annotator="Mike Bada" id="organism_Instance_24884" type="identity">
            <class id="NCBITaxon:10088" label="Mus"/>
            <span end="11798" id="14737183-1717" start="11794">mice</span>
        </annotation>
        <annotation annotator="Mike Bada" id="organism_Instance_24888" type="identity">
            <class id="NCBITaxon:10088" label="Mus"/>
            <span end="12047" id="14737183-1719" start="12043">mice</span>
        </annotation>
        <annotation annotator="Mike Bada" id="organism_Instance_24892" type="identity">
            <class id="NCBITaxon:10088" label="Mus"/>
            <span end="12132" id="14737183-1721" start="12128">mice</span>
        </annotation>
        <annotation annotator="Mike Bada" id="organism_Instance_24900" type="identity">
            <class id="NCBITaxon:33208" label="Metazoa"/>
            <span end="12244" id="14737183-1723" start="12237">animals</span>
        </annotation>
        <annotation annotator="Mike Bada" id="organism_Instance_24908" type="identity">
            <class id="NCBITaxon:10088" label="Mus"/>
            <span end="12599" id="14737183-1725" start="12595">mice</span>
        </annotation>
        <annotation annotator="Mike Bada" id="organism_Instance_24912" type="identity">
            <class id="NCBITaxon:10088" label="Mus"/>
            <span end="12646" id="14737183-1727" start="12642">mice</span>
        </annotation>
        <annotation annotator="Mike Bada" id="organism_Instance_24916" type="identity">
            <class id="NCBITaxon:10088" label="Mus"/>
            <span end="12795" id="14737183-1729" start="12791">mice</span>
        </annotation>
        <annotation annotator="Mike Bada" id="organism_Instance_24924" type="identity">
            <class id="NCBITaxon:10088" label="Mus"/>
            <span end="13065" id="14737183-1731" start="13061">mice</span>
        </annotation>
        <annotation annotator="Mike Bada" id="organism_Instance_24932" type="identity">
            <class id="NCBITaxon:10088" label="Mus"/>
            <span end="13541" id="14737183-1733" start="13536">mouse</span>
        </annotation>
        <annotation annotator="Mike Bada" id="organism_Instance_24936" type="identity">
            <class id="NCBITaxon:33208" label="Metazoa"/>
            <span end="13867" id="14737183-1735" start="13860">animals</span>
        </annotation>
        <annotation annotator="Mike Bada" id="organism_Instance_24940" type="identity">
            <class id="NCBITaxon:10088" label="Mus"/>
            <span end="14513" id="14737183-1737" start="14509">mice</span>
        </annotation>
        <annotation annotator="Mike Bada" id="organism_Instance_24944" type="identity">
            <class id="NCBITaxon:33208" label="Metazoa"/>
            <span end="14550" id="14737183-1739" start="14543">animals</span>
        </annotation>
        <annotation annotator="Mike Bada" id="organism_Instance_24948" type="identity">
            <class id="NCBITaxon:10088" label="Mus"/>
            <span end="14913" id="14737183-1741" start="14909">mice</span>
        </annotation>
        <annotation annotator="Mike Bada" id="organism_Instance_24952" type="identity">
            <class id="NCBITaxon:10088" label="Mus"/>
            <span end="15005" id="14737183-1743" start="15001">mice</span>
        </annotation>
        <annotation annotator="Mike Bada" id="organism_Instance_24956" type="identity">
            <class id="NCBITaxon:10088" label="Mus"/>
            <span end="15101" id="14737183-1745" start="15097">mice</span>
        </annotation>
        <annotation annotator="Mike Bada" id="organism_Instance_24960" type="identity">
            <class id="NCBITaxon:33208" label="Metazoa"/>
            <span end="15349" id="14737183-1747" start="15342">animals</span>
        </annotation>
        <annotation annotator="Mike Bada" id="organism_Instance_24964" type="identity">
            <class id="NCBITaxon:33208" label="Metazoa"/>
            <span end="15440" id="14737183-1749" start="15433">animals</span>
        </annotation>
        <annotation annotator="Mike Bada" id="organism_Instance_24968" type="identity">
            <class id="NCBITaxon:33208" label="Metazoa"/>
            <span end="15639" id="14737183-1751" start="15632">animals</span>
        </annotation>
        <annotation annotator="Mike Bada" id="organism_Instance_24972" type="identity">
            <class id="NCBITaxon:33208" label="Metazoa"/>
            <span end="16177" id="14737183-1753" start="16170">animals</span>
        </annotation>
        <annotation annotator="Mike Bada" id="organism_Instance_24976" type="identity">
            <class id="NCBITaxon:33208" label="Metazoa"/>
            <span end="16317" id="14737183-1755" start="16310">animals</span>
        </annotation>
        <annotation annotator="Mike Bada" id="organism_Instance_24980" type="identity">
            <class id="NCBITaxon:33208" label="Metazoa"/>
            <span end="17051" id="14737183-1757" start="17044">animals</span>
        </annotation>
        <annotation annotator="Mike Bada" id="organism_Instance_24984" type="identity">
            <class id="NCBITaxon:10088" label="Mus"/>
            <span end="18062" id="14737183-1759" start="18058">mice</span>
        </annotation>
        <annotation annotator="Mike Bada" id="organism_Instance_24988" type="identity">
            <class id="NCBITaxon:2" label="Bacteria"/>
            <span end="18184" id="14737183-1761" start="18175">bacterial</span>
        </annotation>
        <annotation annotator="Mike Bada" id="organism_Instance_24992" type="identity">
            <class id="NCBITaxon:10088" label="Mus"/>
            <span end="18630" id="14737183-1763" start="18625">mouse</span>
        </annotation>
        <annotation annotator="Mike Bada" id="organism_Instance_24996" type="identity">
            <class id="NCBITaxon:7742" label="Vertebrata"/>
            <span end="18893" id="14737183-1765" start="18883">vertebrate</span>
        </annotation>
        <annotation annotator="Mike Bada" id="organism_Instance_25000" type="identity">
            <class id="NCBITaxon:10088" label="Mus"/>
            <span end="19074" id="14737183-1767" start="19069">mouse</span>
        </annotation>
        <annotation annotator="Mike Bada" id="organism_Instance_25004" type="identity">
            <class id="NCBITaxon:33208" label="Metazoa"/>
            <span end="19569" id="14737183-1769" start="19562">animals</span>
        </annotation>
        <annotation annotator="Mike Bada" id="organism_Instance_25008" type="identity">
            <class id="NCBITaxon:33208" label="Metazoa"/>
            <span end="19626" id="14737183-1771" start="19619">animals</span>
        </annotation>
        <annotation annotator="Mike Bada" id="organism_Instance_25012" type="identity">
            <class id="NCBITaxon:33208" label="Metazoa"/>
            <span end="20112" id="14737183-1773" start="20105">Animals</span>
        </annotation>
        <annotation annotator="Mike Bada" id="organism_Instance_25016" type="identity">
            <class id="NCBITaxon:33208" label="Metazoa"/>
            <span end="20480" id="14737183-1775" start="20473">animals</span>
        </annotation>
        <annotation annotator="Mike Bada" id="organism_Instance_25020" type="identity">
            <class id="NCBITaxon:33208" label="Metazoa"/>
            <span end="20621" id="14737183-1777" start="20614">animals</span>
        </annotation>
        <annotation annotator="Mike Bada" id="organism_Instance_25024" type="identity">
            <class id="NCBITaxon:10088" label="Mus"/>
            <span end="21382" id="14737183-1779" start="21378">mice</span>
        </annotation>
        <annotation annotator="Mike Bada" id="organism_Instance_25028" type="identity">
            <class id="NCBITaxon:10088" label="Mus"/>
            <span end="21582" id="14737183-1781" start="21578">mice</span>
        </annotation>
        <annotation annotator="Mike Bada" id="organism_Instance_25064" type="identity">
            <class id="NCBITaxon:33208" label="Metazoa"/>
            <span end="23203" id="14737183-1783" start="23196">animals</span>
        </annotation>
        <annotation annotator="Mike Bada" id="organism_Instance_25068" type="identity">
            <class id="NCBITaxon:10088" label="Mus"/>
            <span end="23365" id="14737183-1785" start="23361">mice</span>
        </annotation>
        <annotation annotator="Mike Bada" id="organism_Instance_25100" type="identity">
            <class id="NCBITaxon:7742" label="Vertebrata"/>
            <span end="26753" id="14737183-1787" start="26743">vertebrate</span>
        </annotation>
        <annotation annotator="Mike Bada" id="NCBITAXON_2015_03_02_backup_Instance_20390" type="identity">
            <class id="NCBITaxon_UBERON_EXT:chick" label="chick"/>
            <span end="26811" id="14737183-1623" start="26806">chick</span>
        </annotation>
        <annotation annotator="Mike Bada" id="organism_Instance_25104" type="identity">
            <class id="NCBITaxon:40674" label="Mammalia"/>
            <span end="27174" id="14737183-1789" start="27165">mammalian</span>
        </annotation>
        <annotation annotator="Mike Bada" id="organism_Instance_25108" type="identity">
            <class id="NCBITaxon:33208" label="Metazoa"/>
            <span end="28023" id="14737183-1791" start="28016">animals</span>
        </annotation>
        <annotation annotator="Mike Bada" id="organism_Instance_25112" type="identity">
            <class id="NCBITaxon:10088" label="Mus"/>
            <span end="28232" id="14737183-1793" start="28228">mice</span>
        </annotation>
        <annotation annotator="Mike Bada" id="organism_Instance_25116" type="identity">
            <class id="NCBITaxon:10088" label="Mus"/>
            <span end="29927" id="14737183-1795" start="29923">mice</span>
        </annotation>
        <annotation annotator="Mike Bada" id="organism_Instance_25124" type="identity">
            <class id="NCBITaxon:40674" label="Mammalia"/>
            <span end="31215" id="14737183-1797" start="31206">mammalian</span>
        </annotation>
        <annotation annotator="Mike Bada" id="organism_Instance_25128" type="identity">
            <class id="NCBITaxon:10088" label="Mus"/>
            <span end="31359" id="14737183-1799" start="31355">mice</span>
        </annotation>
        <annotation annotator="Mike Bada" id="organism_Instance_25136" type="identity">
            <class id="NCBITaxon:10088" label="Mus"/>
            <span end="31971" id="14737183-1801" start="31967">mice</span>
        </annotation>
        <annotation annotator="Mike Bada" id="organism_Instance_25148" type="identity">
            <class id="NCBITaxon:10088" label="Mus"/>
            <span end="32690" id="14737183-1803" start="32686">mice</span>
        </annotation>
        <annotation annotator="Mike Bada" id="organism_Instance_25152" type="identity">
            <class id="NCBITaxon:10088" label="Mus"/>
            <span end="32764" id="14737183-1805" start="32760">mice</span>
        </annotation>
        <annotation annotator="Mike Bada" id="organism_Instance_25156" type="identity">
            <class id="NCBITaxon:10088" label="Mus"/>
            <span end="32999" id="14737183-1807" start="32994">mouse</span>
        </annotation>
        <annotation annotator="Mike Bada" id="organism_Instance_25160" type="identity">
            <class id="NCBITaxon:1" label="root"/>
            <span end="33186" id="14737183-1809" start="33177">organisms</span>
        </annotation>
        <annotation annotator="Mike Bada" id="organism_Instance_25164" type="identity">
            <class id="NCBITaxon:7711" label="Chordata"/>
            <span end="33323" id="14737183-1811" start="33315">chordate</span>
        </annotation>
        <annotation annotator="Mike Bada" id="organism_Instance_25168" type="identity">
            <class id="NCBITaxon:7740" label="Branchiostoma lanceolatum"/>
            <span end="33375" id="14737183-1813" start="33366">amphioxus</span>
        </annotation>
        <annotation annotator="Mike Bada" id="organism_Instance_120596" type="identity">
            <class id="NCBITaxon:7147" label="Diptera"/>
            <span end="33409" id="14737183-1631" start="33406">fly</span>
        </annotation>
        <annotation annotator="Mike Bada" id="organism_Instance_120601" type="identity">
            <class id="NCBITaxon:7735" label="Cephalochordata"/>
            <span end="33961" id="14737183-1633" start="33945">cephalochordates</span>
        </annotation>
        <annotation annotator="Mike Bada" id="organism_Instance_25176" type="identity">
            <class id="NCBITaxon:7742" label="Vertebrata"/>
            <span end="34091" id="14737183-1815" start="34081">vertebrate</span>
        </annotation>
        <annotation annotator="Mike Bada" id="organism_Instance_25180" type="identity">
            <class id="NCBITaxon:33208" label="Metazoa"/>
            <span end="34394" id="14737183-1817" start="34387">animals</span>
        </annotation>
        <annotation annotator="Mike Bada" id="organism_Instance_25184" type="identity">
            <class id="NCBITaxon:9606" label="Homo sapiens"/>
            <span end="34552" id="14737183-1819" start="34547">human</span>
        </annotation>
        <annotation annotator="Mike Bada" id="organism_Instance_25188" type="identity">
            <class id="NCBITaxon:10088" label="Mus"/>
            <span end="34947" id="14737183-1821" start="34942">mouse</span>
        </annotation>
        <annotation annotator="Mike Bada" id="organism_Instance_25192" type="identity">
            <class id="NCBITaxon:9606" label="Homo sapiens"/>
            <span end="34992" id="14737183-1823" start="34987">human</span>
        </annotation>
        <annotation annotator="Mike Bada" id="organism_Instance_25196" type="identity">
            <class id="NCBITaxon:9606" label="Homo sapiens"/>
            <span end="35683" id="14737183-1825" start="35678">human</span>
        </annotation>
        <annotation annotator="Mike Bada" id="organism_Instance_25204" type="identity">
            <class id="NCBITaxon:33208" label="Metazoa"/>
            <span end="36550" id="14737183-1827" start="36543">animals</span>
        </annotation>
        <annotation annotator="Mike Bada" id="organism_Instance_25216" type="identity">
            <class id="NCBITaxon:33208" label="Metazoa"/>
            <span end="36743" id="14737183-1829" start="36736">animals</span>
        </annotation>
        <annotation annotator="Mike Bada" id="organism_Instance_25220" type="identity">
            <class id="NCBITaxon:10088" label="Mus"/>
            <span end="37322" id="14737183-1831" start="37318">mice</span>
        </annotation>
        <annotation annotator="Mike Bada" id="organism_Instance_25228" type="identity">
            <class id="NCBITaxon:33208" label="Metazoa"/>
            <span end="37412" id="14737183-1833" start="37405">animals</span>
        </annotation>
        <annotation annotator="Mike Bada" id="organism_Instance_25232" type="identity">
            <class id="NCBITaxon:10088" label="Mus"/>
            <span end="37875" id="14737183-1835" start="37871">mice</span>
        </annotation>
        <annotation annotator="Mike Bada" id="organism_Instance_25248" type="identity">
            <class id="NCBITaxon:10088" label="Mus"/>
            <span end="38310" id="14737183-1837" start="38306">mice</span>
        </annotation>
        <annotation annotator="Mike Bada" id="organism_Instance_25260" type="identity">
            <class id="NCBITaxon:33208" label="Metazoa"/>
            <span end="38661" id="14737183-1839" start="38654">animals</span>
        </annotation>
        <annotation annotator="Mike Bada" id="organism_Instance_25272" type="identity">
            <class id="NCBITaxon:10088" label="Mus"/>
            <span end="39445" id="14737183-1841" start="39441">mice</span>
        </annotation>
        <annotation annotator="Mike Bada" id="organism_Instance_25280" type="identity">
            <class id="NCBITaxon:10088" label="Mus"/>
            <span end="39908" id="14737183-1843" start="39904">mice</span>
        </annotation>
        <annotation annotator="Mike Bada" id="organism_Instance_25284" type="identity">
            <class id="NCBITaxon:33208" label="Metazoa"/>
            <span end="41835" id="14737183-1845" start="41828">animals</span>
        </annotation>
        <annotation annotator="Mike Bada" id="NCBITAXON_2015_03_02_Instance_117" type="identity">
            <class id="NCBITaxon_UBERON_EXT:chick" label="chick"/>
            <span end="42723" id="14737183-1625" start="42718">chick</span>
        </annotation>
        <annotation annotator="Mike Bada" id="organism_Instance_120641" type="identity">
            <class id="NCBITaxon:40674" label="Mammalia"/>
            <span end="44046" id="14737183-1635" start="44039">Mammals</span>
        </annotation>
        <annotation annotator="Mike Bada" id="organism_Instance_25292" type="identity">
            <class id="NCBITaxon:33208" label="Metazoa"/>
            <span end="44356" id="14737183-1847" start="44349">animals</span>
        </annotation>
        <annotation annotator="Mike Bada" id="organism_Instance_25296" type="identity">
            <class id="NCBITaxon:40674" label="Mammalia"/>
            <span end="44978" id="14737183-1849" start="44969">mammalian</span>
        </annotation>
        <annotation annotator="Mike Bada" id="organism_Instance_25300" type="identity">
            <class id="NCBITaxon:9989" label="Rodentia"/>
            <span end="45153" id="14737183-1851" start="45146">rodents</span>
        </annotation>
        <annotation annotator="Mike Bada" id="organism_Instance_25304" type="identity">
            <class id="NCBITaxon:40674" label="Mammalia"/>
            <span end="45225" id="14737183-1853" start="45218">mammals</span>
        </annotation>
        <annotation annotator="Mike Bada" id="organism_Instance_120650" type="identity">
            <class id="NCBITaxon:9654" label="Procyon lotor"/>
            <span end="45339" id="14737183-1637" start="45331">Raccoons</span>
        </annotation>
        <annotation annotator="Mike Bada" id="NCBITAXON_2015_03_02_Instance_123" type="identity">
            <class id="NCBITaxon:55153" label="Sciuridae"/>
            <span end="45350" id="14737183-1627" start="45341">squirrels</span>
        </annotation>
        <annotation annotator="Mike Bada" id="organism_Instance_25308" type="identity">
            <class id="NCBITaxon:119825" label="Mephitidae"/>
            <span end="45358" id="14737183-1855" start="45352">skunks</span>
        </annotation>
        <annotation annotator="Mike Bada" id="NCBITAXON_2015_03_02_Instance_128" type="identity">
            <class id="NCBITaxon_EXT:ungulate" label="ungulate"/>
            <span end="45388" id="14737183-1629" start="45379">ungulates</span>
        </annotation>
        <annotation annotator="Mike Bada" id="organism_Instance_25312" type="identity">
            <class id="NCBITaxon:10088" label="Mus"/>
            <span end="45650" id="14737183-1857" start="45646">mice</span>
        </annotation>
        <annotation annotator="Mike Bada" id="organism_Instance_25316" type="identity">
            <class id="NCBITaxon:40674" label="Mammalia"/>
            <span end="45746" id="14737183-1859" start="45739">mammals</span>
        </annotation>
        <annotation annotator="Mike Bada" id="organism_Instance_25320" type="identity">
            <class id="NCBITaxon:9615" label="Canis lupus familiaris"/>
            <span end="45786" id="14737183-1861" start="45783">dog</span>
        </annotation>
        <annotation annotator="Mike Bada" id="organism_Instance_120676" type="identity">
            <class id="NCBITaxon:42413" label="Peromyscus polionotus"/>
            <span end="45872" id="14737183-1639" start="45851">Peromyscus polionotus</span>
        </annotation>
        <annotation annotator="Mike Bada" id="organism_Instance_281632" type="identity">
            <class id="NCBITaxon:subspecies" label="subspecies"/>
            <span end="45972" id="14737183-1931" start="45962">subspecies</span>
        </annotation>
        <annotation annotator="Mike Bada" id="organism_Instance_120698" type="identity">
            <class id="NCBITaxon:10040" label="Peromyscus"/>
            <span end="46090" id="14737183-1641" start="46081">deer mice</span>
        </annotation>
        <annotation annotator="Mike Bada" id="organism_Instance_25336" type="identity">
            <class id="NCBITaxon:33208" label="Metazoa"/>
            <span end="46200" id="14737183-1863" start="46193">animals</span>
        </annotation>
        <annotation annotator="Mike Bada" id="organism_Instance_25340" type="identity">
            <class id="NCBITaxon:40674" label="Mammalia"/>
            <span end="46431" id="14737183-1865" start="46424">mammals</span>
        </annotation>
        <annotation annotator="Mike Bada" id="organism_Instance_25344" type="identity">
            <class id="NCBITaxon:7742" label="Vertebrata"/>
            <span end="46544" id="14737183-1867" start="46533">vertebrates</span>
        </annotation>
        <annotation annotator="Mike Bada" id="organism_Instance_120704" type="identity">
            <class id="NCBITaxon:10088" label="Mus"/>
            <span end="46679" id="14737183-1643" start="46675">Mice</span>
        </annotation>
        <annotation annotator="Mike Bada" id="organism_Instance_25348" type="identity">
            <class id="NCBITaxon:10088" label="Mus"/>
            <span end="46689" id="14737183-1869" start="46685">mice</span>
        </annotation>
        <annotation annotator="Mike Bada" id="organism_Instance_25352" type="identity">
            <class id="NCBITaxon:10088" label="Mus"/>
            <span end="46901" id="14737183-1871" start="46897">mice</span>
        </annotation>
        <annotation annotator="Mike Bada" id="organism_Instance_25356" type="identity">
            <class id="NCBITaxon:10088" label="Mus"/>
            <span end="47009" id="14737183-1873" start="47005">mice</span>
        </annotation>
        <annotation annotator="Mike Bada" id="organism_Instance_25360" type="identity">
            <class id="NCBITaxon:10088" label="Mus"/>
            <span end="47186" id="14737183-1875" start="47182">mice</span>
        </annotation>
        <annotation annotator="Mike Bada" id="organism_Instance_25364" type="identity">
            <class id="NCBITaxon:33208" label="Metazoa"/>
            <span end="48515" id="14737183-1877" start="48508">animals</span>
        </annotation>
        <annotation annotator="Mike Bada" id="organism_Instance_25368" type="identity">
            <class id="NCBITaxon:10088" label="Mus"/>
            <span end="49497" id="14737183-1879" start="49493">mice</span>
        </annotation>
        <annotation annotator="Mike Bada" id="organism_Instance_25372" type="identity">
            <class id="NCBITaxon:33208" label="Metazoa"/>
            <span end="49585" id="14737183-1881" start="49578">animals</span>
        </annotation>
        <annotation annotator="Mike Bada" id="organism_Instance_25376" type="identity">
            <class id="NCBITaxon:33208" label="Metazoa"/>
            <span end="49745" id="14737183-1883" start="49738">animals</span>
        </annotation>
        <annotation annotator="Mike Bada" id="organism_Instance_25380" type="identity">
            <class id="NCBITaxon:10088" label="Mus"/>
            <span end="52123" id="14737183-1885" start="52119">mice</span>
        </annotation>
        <annotation annotator="Mike Bada" id="organism_Instance_25384" type="identity">
            <class id="NCBITaxon:33208" label="Metazoa"/>
            <span end="52143" id="14737183-1887" start="52136">animals</span>
        </annotation>
        <annotation annotator="Mike Bada" id="organism_Instance_25388" type="identity">
            <class id="NCBITaxon:10088" label="Mus"/>
            <span end="52469" id="14737183-1889" start="52465">mice</span>
        </annotation>
        <annotation annotator="Mike Bada" id="organism_Instance_25396" type="identity">
            <class id="NCBITaxon:33208" label="Metazoa"/>
            <span end="53233" id="14737183-1891" start="53226">animals</span>
        </annotation>
        <annotation annotator="Mike Bada" id="organism_Instance_25400" type="identity">
            <class id="NCBITaxon:10088" label="Mus"/>
            <span end="53738" id="14737183-1893" start="53734">mice</span>
        </annotation>
        <annotation annotator="Mike Bada" id="organism_Instance_25404" type="identity">
            <class id="NCBITaxon:33208" label="Metazoa"/>
            <span end="54067" id="14737183-1895" start="54060">Animals</span>
        </annotation>
        <annotation annotator="Mike Bada" id="organism_Instance_25408" type="identity">
            <class id="NCBITaxon:33208" label="Metazoa"/>
            <span end="54527" id="14737183-1897" start="54520">animals</span>
        </annotation>
        <annotation annotator="Mike Bada" id="organism_Instance_25416" type="identity">
            <class id="NCBITaxon:9606" label="Homo sapiens"/>
            <span end="55243" id="14737183-1899" start="55238">human</span>
        </annotation>
        <annotation annotator="Mike Bada" id="organism_Instance_25420" type="identity">
            <class id="NCBITaxon:10088" label="Mus"/>
            <span end="55529" id="14737183-1901" start="55525">mice</span>
        </annotation>
        <annotation annotator="Mike Bada" id="organism_Instance_120730" type="identity">
            <class id="NCBITaxon:10088" label="Mus"/>
            <span end="56071" id="14737183-1645" start="56067">mice</span>
        </annotation>
        <annotation annotator="Mike Bada" id="organism_Instance_25428" type="identity">
            <class id="NCBITaxon:2" label="Bacteria"/>
            <span end="56088" id="14737183-1903" start="56079">bacterial</span>
        </annotation>
        <annotation annotator="Mike Bada" id="organism_Instance_25432" type="identity">
            <class id="NCBITaxon:33208" label="Metazoa"/>
            <span end="56398" id="14737183-1905" start="56391">animals</span>
        </annotation>
        <annotation annotator="Mike Bada" id="organism_Instance_25436" type="identity">
            <class id="NCBITaxon:10088" label="Mus"/>
            <span end="56627" id="14737183-1907" start="56623">mice</span>
        </annotation>
        <annotation annotator="Mike Bada" id="organism_Instance_25440" type="identity">
            <class id="NCBITaxon:10088" label="Mus"/>
            <span end="56877" id="14737183-1909" start="56873">mice</span>
        </annotation>
        <annotation annotator="Mike Bada" id="organism_Instance_25444" type="identity">
            <class id="NCBITaxon:10088" label="Mus"/>
            <span end="56977" id="14737183-1911" start="56973">mice</span>
        </annotation>
        <annotation annotator="Mike Bada" id="organism_Instance_25448" type="identity">
            <class id="NCBITaxon:10088" label="Mus"/>
            <span end="57264" id="14737183-1913" start="57260">mice</span>
        </annotation>
        <annotation annotator="Mike Bada" id="organism_Instance_25452" type="identity">
            <class id="NCBITaxon:33208" label="Metazoa"/>
            <span end="57564" id="14737183-1915" start="57557">animals</span>
        </annotation>
        <annotation annotator="Mike Bada" id="organism_Instance_25460" type="identity">
            <class id="NCBITaxon:10088" label="Mus"/>
            <span end="60570" id="14737183-1917" start="60566">Mice</span>
        </annotation>
        <annotation annotator="Mike Bada" id="organism_Instance_150119" type="identity">
            <class id="NCBITaxon:33208" label="Metazoa"/>
            <span end="61835" id="14737183-1647" start="61828">animals</span>
        </annotation>
        <annotation annotator="Mike Bada" id="organism_Instance_25504" type="identity">
            <class id="NCBITaxon:10088" label="Mus"/>
            <span end="62672" id="14737183-1919" start="62668">mice</span>
        </annotation>
        <annotation annotator="Mike Bada" id="organism_Instance_25512" type="identity">
            <class id="NCBITaxon:10088" label="Mus"/>
            <span end="63729" id="14737183-1921" start="63725">mice</span>
        </annotation>
        <annotation annotator="Mike Bada" id="organism_Instance_25516" type="identity">
            <class id="NCBITaxon:10088" label="Mus"/>
            <span end="63759" id="14737183-1923" start="63755">mice</span>
        </annotation>
        <annotation annotator="Mike Bada" id="organism_Instance_25528" type="identity">
            <class id="NCBITaxon:10088" label="Mus"/>
            <span end="64257" id="14737183-1925" start="64253">mice</span>
        </annotation>
        <graph-space id="Old Knowtator Relations"/>
    </document>
</knowtator-project>
