<?xml version="1.0" encoding="UTF-8" standalone="no"?>
<knowtator-project>
  <document id="15760270" text-file="15760270.txt">
    <annotation annotator="Mike Bada" id="organism_Instance_33322" type="identity">
      <class id="NCBITaxon:10088" label="Mus"/>
      <span end="285" id="15760270-5630" start="281">mice</span>
    </annotation>
    <annotation annotator="Mike Bada" id="organism_Instance_33326" type="identity">
      <class id="NCBITaxon:10088" label="Mus"/>
      <span end="315" id="15760270-5632" start="311">mice</span>
    </annotation>
    <annotation annotator="Mike Bada" id="organism_Instance_33330" type="identity">
      <class id="NCBITaxon:10088" label="Mus"/>
      <span end="588" id="15760270-5634" start="584">mice</span>
    </annotation>
    <annotation annotator="Mike Bada" id="organism_Instance_33334" type="identity">
      <class id="NCBITaxon:10088" label="Mus"/>
      <span end="618" id="15760270-5636" start="614">mice</span>
    </annotation>
    <annotation annotator="Mike Bada" id="organism_Instance_33338" type="identity">
      <class id="NCBITaxon:10088" label="Mus"/>
      <span end="810" id="15760270-5638" start="806">mice</span>
    </annotation>
    <annotation annotator="Mike Bada" id="organism_Instance_33342" type="identity">
      <class id="NCBITaxon:10088" label="Mus"/>
      <span end="887" id="15760270-5640" start="883">mice</span>
    </annotation>
    <annotation annotator="Mike Bada" id="organism_Instance_33346" type="identity">
      <class id="NCBITaxon:10088" label="Mus"/>
      <span end="1005" id="15760270-5642" start="1001">mice</span>
    </annotation>
    <annotation annotator="Mike Bada" id="organism_Instance_33350" type="identity">
      <class id="NCBITaxon:10088" label="Mus"/>
      <span end="1176" id="15760270-5644" start="1172">mice</span>
    </annotation>
    <annotation annotator="Mike Bada" id="organism_Instance_33358" type="identity">
      <class id="NCBITaxon:10088" label="Mus"/>
      <span end="1346" id="15760270-5646" start="1342">mice</span>
    </annotation>
    <annotation annotator="Mike Bada" id="organism_Instance_33362" type="identity">
      <class id="NCBITaxon:10088" label="Mus"/>
      <span end="1515" id="15760270-5648" start="1511">mice</span>
    </annotation>
    <annotation annotator="Mike Bada" id="organism_Instance_33366" type="identity">
      <class id="NCBITaxon:40674" label="Mammalia"/>
      <span end="1799" id="15760270-5650" start="1781">mammalian organism</span>
    </annotation>
    <annotation annotator="Mike Bada" id="organism_Instance_33374" type="identity">
      <class id="NCBITaxon_EXT:yeast" label="yeast"/>
      <span end="2418" id="15760270-5652" start="2413">yeast</span>
    </annotation>
    <annotation annotator="Mike Bada" id="organism_Instance_33382" type="identity">
      <class id="NCBITaxon:40674" label="Mammalia"/>
      <span end="3886" id="15760270-5654" start="3877">mammalian</span>
    </annotation>
    <annotation annotator="Mike Bada" id="organism_Instance_33386" type="identity">
      <class id="NCBITaxon:10088" label="Mus"/>
      <span end="4293" id="15760270-5656" start="4289">mice</span>
    </annotation>
    <annotation annotator="Mike Bada" id="organism_Instance_33390" type="identity">
      <class id="NCBITaxon:10088" label="Mus"/>
      <span end="4458" id="15760270-5658" start="4454">mice</span>
    </annotation>
    <annotation annotator="Mike Bada" id="organism_Instance_180741" type="identity">
      <class id="NCBITaxon:9606" label="Homo sapiens"/>
      <span end="5008" id="15760270-5590" start="5002">humans</span>
    </annotation>
    <annotation annotator="Mike Bada" id="organism_Instance_33398" type="identity">
      <class id="NCBITaxon:9606" label="Homo sapiens"/>
      <span end="5119" id="15760270-5660" start="5114">human</span>
    </annotation>
    <annotation annotator="Mike Bada" id="organism_Instance_33402" type="identity">
      <class id="NCBITaxon:10088" label="Mus"/>
      <span end="5598" id="15760270-5662" start="5594">mice</span>
    </annotation>
    <annotation annotator="Mike Bada" id="organism_Instance_33406" type="identity">
      <class id="NCBITaxon:10088" label="Mus"/>
      <span end="5671" id="15760270-5664" start="5667">mice</span>
    </annotation>
    <annotation annotator="Mike Bada" id="organism_Instance_180749" type="identity">
      <class id="NCBITaxon:10088" label="Mus"/>
      <span end="6039" id="15760270-5592" start="6035">Mice</span>
    </annotation>
    <annotation annotator="Mike Bada" id="organism_Instance_33410" type="identity">
      <class id="NCBITaxon:39107" label="Murinae"/>
      <span end="6131" id="15760270-5666" start="6125">murine</span>
    </annotation>
    <annotation annotator="Mike Bada" id="organism_Instance_33414" type="identity">
      <class id="NCBITaxon:10088" label="Mus"/>
      <span end="6794" id="15760270-5668" start="6790">mice</span>
    </annotation>
    <annotation annotator="Mike Bada" id="organism_Instance_33418" type="identity">
      <class id="NCBITaxon:10088" label="Mus"/>
      <span end="7085" id="15760270-5670" start="7081">mice</span>
    </annotation>
    <annotation annotator="Mike Bada" id="organism_Instance_33422" type="identity">
      <class id="NCBITaxon:10088" label="Mus"/>
      <span end="7161" id="15760270-5672" start="7157">mice</span>
    </annotation>
    <annotation annotator="Mike Bada" id="organism_Instance_33430" type="identity">
      <class id="NCBITaxon:10088" label="Mus"/>
      <span end="7256" id="15760270-5674" start="7252">mice</span>
    </annotation>
    <annotation annotator="Mike Bada" id="organism_Instance_33434" type="identity">
      <class id="NCBITaxon:10088" label="Mus"/>
      <span end="7337" id="15760270-5676" start="7333">mice</span>
    </annotation>
    <annotation annotator="Mike Bada" id="organism_Instance_33438" type="identity">
      <class id="NCBITaxon:10088" label="Mus"/>
      <span end="7462" id="15760270-5678" start="7458">mice</span>
    </annotation>
    <annotation annotator="Mike Bada" id="organism_Instance_33442" type="identity">
      <class id="NCBITaxon:10088" label="Mus"/>
      <span end="7512" id="15760270-5680" start="7508">mice</span>
    </annotation>
    <annotation annotator="Mike Bada" id="organism_Instance_33450" type="identity">
      <class id="NCBITaxon:10088" label="Mus"/>
      <span end="7705" id="15760270-5682" start="7701">mice</span>
    </annotation>
    <annotation annotator="Mike Bada" id="organism_Instance_33458" type="identity">
      <class id="NCBITaxon:10088" label="Mus"/>
      <span end="8082" id="15760270-5684" start="8078">mice</span>
    </annotation>
    <annotation annotator="Mike Bada" id="organism_Instance_33462" type="identity">
      <class id="NCBITaxon:10088" label="Mus"/>
      <span end="8259" id="15760270-5686" start="8255">Mice</span>
    </annotation>
    <annotation annotator="Mike Bada" id="organism_Instance_33466" type="identity">
      <class id="NCBITaxon:10088" label="Mus"/>
      <span end="8322" id="15760270-5688" start="8318">mice</span>
    </annotation>
    <annotation annotator="Mike Bada" id="organism_Instance_33470" type="identity">
      <class id="NCBITaxon:10088" label="Mus"/>
      <span end="8719" id="15760270-5690" start="8715">mice</span>
    </annotation>
    <annotation annotator="Mike Bada" id="organism_Instance_33474" type="identity">
      <class id="NCBITaxon:10088" label="Mus"/>
      <span end="8984" id="15760270-5692" start="8980">mice</span>
    </annotation>
    <annotation annotator="Mike Bada" id="organism_Instance_33478" type="identity">
      <class id="NCBITaxon:10088" label="Mus"/>
      <span end="9110" id="15760270-5694" start="9106">mice</span>
    </annotation>
    <annotation annotator="Mike Bada" id="organism_Instance_33482" type="identity">
      <class id="NCBITaxon:10088" label="Mus"/>
      <span end="9182" id="15760270-5696" start="9178">mice</span>
    </annotation>
    <annotation annotator="Mike Bada" id="organism_Instance_33486" type="identity">
      <class id="NCBITaxon:10088" label="Mus"/>
      <span end="9449" id="15760270-5698" start="9445">mice</span>
    </annotation>
    <annotation annotator="Mike Bada" id="organism_Instance_33490" type="identity">
      <class id="NCBITaxon:10088" label="Mus"/>
      <span end="9761" id="15760270-5700" start="9757">mice</span>
    </annotation>
    <annotation annotator="Mike Bada" id="organism_Instance_33494" type="identity">
      <class id="NCBITaxon:10088" label="Mus"/>
      <span end="9807" id="15760270-5702" start="9803">mice</span>
    </annotation>
    <annotation annotator="Mike Bada" id="organism_Instance_33498" type="identity">
      <class id="NCBITaxon:10088" label="Mus"/>
      <span end="10256" id="15760270-5704" start="10252">mice</span>
    </annotation>
    <annotation annotator="Mike Bada" id="organism_Instance_33506" type="identity">
      <class id="NCBITaxon:10088" label="Mus"/>
      <span end="10675" id="15760270-5706" start="10671">mice</span>
    </annotation>
    <annotation annotator="Mike Bada" id="organism_Instance_180785" type="identity">
      <class id="NCBITaxon:10088" label="Mus"/>
      <span end="10735" id="15760270-5594" start="10731">Mice</span>
    </annotation>
    <annotation annotator="Mike Bada" id="organism_Instance_33510" type="identity">
      <class id="NCBITaxon:10088" label="Mus"/>
      <span end="10890" id="15760270-5708" start="10886">mice</span>
    </annotation>
    <annotation annotator="Mike Bada" id="organism_Instance_33514" type="identity">
      <class id="NCBITaxon:10088" label="Mus"/>
      <span end="11022" id="15760270-5710" start="11018">mice</span>
    </annotation>
    <annotation annotator="Mike Bada" id="organism_Instance_33518" type="identity">
      <class id="NCBITaxon:10088" label="Mus"/>
      <span end="11290" id="15760270-5712" start="11286">mice</span>
    </annotation>
    <annotation annotator="Mike Bada" id="organism_Instance_33522" type="identity">
      <class id="NCBITaxon:10088" label="Mus"/>
      <span end="11517" id="15760270-5714" start="11513">mice</span>
    </annotation>
    <annotation annotator="Mike Bada" id="organism_Instance_33526" type="identity">
      <class id="NCBITaxon:10088" label="Mus"/>
      <span end="11924" id="15760270-5716" start="11920">mice</span>
    </annotation>
    <annotation annotator="Mike Bada" id="organism_Instance_33534" type="identity">
      <class id="NCBITaxon:10088" label="Mus"/>
      <span end="12358" id="15760270-5718" start="12354">mice</span>
    </annotation>
    <annotation annotator="Mike Bada" id="organism_Instance_33538" type="identity">
      <class id="NCBITaxon:10088" label="Mus"/>
      <span end="12476" id="15760270-5720" start="12472">mice</span>
    </annotation>
    <annotation annotator="Mike Bada" id="organism_Instance_33542" type="identity">
      <class id="NCBITaxon:10088" label="Mus"/>
      <span end="12600" id="15760270-5722" start="12596">mice</span>
    </annotation>
    <annotation annotator="Mike Bada" id="organism_Instance_33546" type="identity">
      <class id="NCBITaxon:10088" label="Mus"/>
      <span end="12956" id="15760270-5724" start="12952">mice</span>
    </annotation>
    <annotation annotator="Mike Bada" id="organism_Instance_180800" type="identity">
      <class id="NCBITaxon:10088" label="Mus"/>
      <span end="13113" id="15760270-5596" start="13109">Mice</span>
    </annotation>
    <annotation annotator="Mike Bada" id="organism_Instance_33550" type="identity">
      <class id="NCBITaxon:10088" label="Mus"/>
      <span end="13394" id="15760270-5726" start="13390">mice</span>
    </annotation>
    <annotation annotator="Mike Bada" id="organism_Instance_33554" type="identity">
      <class id="NCBITaxon:10088" label="Mus"/>
      <span end="13617" id="15760270-5728" start="13613">mice</span>
    </annotation>
    <annotation annotator="Mike Bada" id="organism_Instance_33558" type="identity">
      <class id="NCBITaxon:10088" label="Mus"/>
      <span end="13720" id="15760270-5730" start="13716">mice</span>
    </annotation>
    <annotation annotator="Mike Bada" id="organism_Instance_33562" type="identity">
      <class id="NCBITaxon:10088" label="Mus"/>
      <span end="14129" id="15760270-5732" start="14125">mice</span>
    </annotation>
    <annotation annotator="Mike Bada" id="organism_Instance_33566" type="identity">
      <class id="NCBITaxon:10088" label="Mus"/>
      <span end="14394" id="15760270-5734" start="14390">mice</span>
    </annotation>
    <annotation annotator="Mike Bada" id="organism_Instance_33570" type="identity">
      <class id="NCBITaxon:10088" label="Mus"/>
      <span end="14444" id="15760270-5736" start="14440">mice</span>
    </annotation>
    <annotation annotator="Mike Bada" id="organism_Instance_33574" type="identity">
      <class id="NCBITaxon:10088" label="Mus"/>
      <span end="14650" id="15760270-5738" start="14646">mice</span>
    </annotation>
    <annotation annotator="Mike Bada" id="organism_Instance_33578" type="identity">
      <class id="NCBITaxon:10088" label="Mus"/>
      <span end="14679" id="15760270-5740" start="14675">mice</span>
    </annotation>
    <annotation annotator="Mike Bada" id="organism_Instance_33582" type="identity">
      <class id="NCBITaxon:10088" label="Mus"/>
      <span end="15153" id="15760270-5742" start="15149">mice</span>
    </annotation>
    <annotation annotator="Mike Bada" id="organism_Instance_33586" type="identity">
      <class id="NCBITaxon:10088" label="Mus"/>
      <span end="15186" id="15760270-5744" start="15182">mice</span>
    </annotation>
    <annotation annotator="Mike Bada" id="organism_Instance_33590" type="identity">
      <class id="NCBITaxon:10088" label="Mus"/>
      <span end="15285" id="15760270-5746" start="15281">mice</span>
    </annotation>
    <annotation annotator="Mike Bada" id="organism_Instance_33594" type="identity">
      <class id="NCBITaxon:10088" label="Mus"/>
      <span end="15383" id="15760270-5748" start="15379">mice</span>
    </annotation>
    <annotation annotator="Mike Bada" id="organism_Instance_33598" type="identity">
      <class id="NCBITaxon:10088" label="Mus"/>
      <span end="15421" id="15760270-5750" start="15417">mice</span>
    </annotation>
    <annotation annotator="Mike Bada" id="organism_Instance_33602" type="identity">
      <class id="NCBITaxon:10088" label="Mus"/>
      <span end="15504" id="15760270-5752" start="15500">mice</span>
    </annotation>
    <annotation annotator="Mike Bada" id="organism_Instance_33606" type="identity">
      <class id="NCBITaxon:10088" label="Mus"/>
      <span end="15828" id="15760270-5754" start="15824">mice</span>
    </annotation>
    <annotation annotator="Mike Bada" id="organism_Instance_33610" type="identity">
      <class id="NCBITaxon:10088" label="Mus"/>
      <span end="16315" id="15760270-5756" start="16311">mice</span>
    </annotation>
    <annotation annotator="Mike Bada" id="organism_Instance_33614" type="identity">
      <class id="NCBITaxon:10088" label="Mus"/>
      <span end="16522" id="15760270-5758" start="16518">mice</span>
    </annotation>
    <annotation annotator="Mike Bada" id="organism_Instance_180823" type="identity">
      <class id="NCBITaxon:10088" label="Mus"/>
      <span end="16864" id="15760270-5598" start="16860">Mice</span>
    </annotation>
    <annotation annotator="Mike Bada" id="organism_Instance_33618" type="identity">
      <class id="NCBITaxon:40674" label="Mammalia"/>
      <span end="17051" id="15760270-5760" start="17033">mammalian organism</span>
    </annotation>
    <annotation annotator="Mike Bada" id="organism_Instance_33626" type="identity">
      <class id="NCBITaxon:10088" label="Mus"/>
      <span end="17106" id="15760270-5762" start="17102">mice</span>
    </annotation>
    <annotation annotator="Mike Bada" id="organism_Instance_33630" type="identity">
      <class id="NCBITaxon:10088" label="Mus"/>
      <span end="17410" id="15760270-5764" start="17406">mice</span>
    </annotation>
    <annotation annotator="Mike Bada" id="organism_Instance_33634" type="identity">
      <class id="NCBITaxon:33208" label="Metazoa"/>
      <span end="17702" id="15760270-5766" start="17695">animals</span>
    </annotation>
    <annotation annotator="Mike Bada" id="organism_Instance_33638" type="identity">
      <class id="NCBITaxon:10088" label="Mus"/>
      <span end="17794" id="15760270-5768" start="17790">mice</span>
    </annotation>
    <annotation annotator="Mike Bada" id="organism_Instance_33642" type="identity">
      <class id="NCBITaxon:10088" label="Mus"/>
      <span end="17963" id="15760270-5770" start="17959">mice</span>
    </annotation>
    <annotation annotator="Mike Bada" id="organism_Instance_33646" type="identity">
      <class id="NCBITaxon:10088" label="Mus"/>
      <span end="18186" id="15760270-5772" start="18182">mice</span>
    </annotation>
    <annotation annotator="Mike Bada" id="organism_Instance_33650" type="identity">
      <class id="NCBITaxon:10088" label="Mus"/>
      <span end="18387" id="15760270-5774" start="18383">mice</span>
    </annotation>
    <annotation annotator="Mike Bada" id="organism_Instance_33654" type="identity">
      <class id="NCBITaxon:10088" label="Mus"/>
      <span end="18415" id="15760270-5776" start="18411">mice</span>
    </annotation>
    <annotation annotator="Mike Bada" id="organism_Instance_33658" type="identity">
      <class id="NCBITaxon:10088" label="Mus"/>
      <span end="18761" id="15760270-5778" start="18757">mice</span>
    </annotation>
    <annotation annotator="Mike Bada" id="organism_Instance_33662" type="identity">
      <class id="NCBITaxon:10088" label="Mus"/>
      <span end="18845" id="15760270-5780" start="18841">mice</span>
    </annotation>
    <annotation annotator="Mike Bada" id="organism_Instance_33666" type="identity">
      <class id="NCBITaxon:10088" label="Mus"/>
      <span end="18955" id="15760270-5782" start="18951">mice</span>
    </annotation>
    <annotation annotator="Mike Bada" id="organism_Instance_33670" type="identity">
      <class id="NCBITaxon:10088" label="Mus"/>
      <span end="19185" id="15760270-5784" start="19181">mice</span>
    </annotation>
    <annotation annotator="Mike Bada" id="organism_Instance_33674" type="identity">
      <class id="NCBITaxon:10088" label="Mus"/>
      <span end="19598" id="15760270-5786" start="19594">mice</span>
    </annotation>
    <annotation annotator="Mike Bada" id="organism_Instance_33678" type="identity">
      <class id="NCBITaxon:10088" label="Mus"/>
      <span end="19648" id="15760270-5788" start="19644">mice</span>
    </annotation>
    <annotation annotator="Mike Bada" id="organism_Instance_33682" type="identity">
      <class id="NCBITaxon:10088" label="Mus"/>
      <span end="20077" id="15760270-5790" start="20073">Mice</span>
    </annotation>
    <annotation annotator="Mike Bada" id="organism_Instance_33690" type="identity">
      <class id="NCBITaxon:10088" label="Mus"/>
      <span end="20375" id="15760270-5792" start="20371">mice</span>
    </annotation>
    <annotation annotator="Mike Bada" id="organism_Instance_33694" type="identity">
      <class id="NCBITaxon:10088" label="Mus"/>
      <span end="20489" id="15760270-5794" start="20485">mice</span>
    </annotation>
    <annotation annotator="Mike Bada" id="organism_Instance_33698" type="identity">
      <class id="NCBITaxon:10088" label="Mus"/>
      <span end="20699" id="15760270-5796" start="20695">mice</span>
    </annotation>
    <annotation annotator="Mike Bada" id="organism_Instance_33702" type="identity">
      <class id="NCBITaxon:10088" label="Mus"/>
      <span end="20836" id="15760270-5798" start="20832">mice</span>
    </annotation>
    <annotation annotator="Mike Bada" id="organism_Instance_33706" type="identity">
      <class id="NCBITaxon:10088" label="Mus"/>
      <span end="20878" id="15760270-5800" start="20874">mice</span>
    </annotation>
    <annotation annotator="Mike Bada" id="organism_Instance_33714" type="identity">
      <class id="NCBITaxon:10088" label="Mus"/>
      <span end="21060" id="15760270-5802" start="21056">mice</span>
    </annotation>
    <annotation annotator="Mike Bada" id="organism_Instance_33722" type="identity">
      <class id="NCBITaxon:10088" label="Mus"/>
      <span end="21261" id="15760270-5804" start="21257">mice</span>
    </annotation>
    <annotation annotator="Mike Bada" id="organism_Instance_33738" type="identity">
      <class id="NCBITaxon:10088" label="Mus"/>
      <span end="21688" id="15760270-5806" start="21684">mice</span>
    </annotation>
    <annotation annotator="Mike Bada" id="organism_Instance_33742" type="identity">
      <class id="NCBITaxon:10088" label="Mus"/>
      <span end="21974" id="15760270-5808" start="21970">mice</span>
    </annotation>
    <annotation annotator="Mike Bada" id="organism_Instance_33746" type="identity">
      <class id="NCBITaxon:9989" label="Rodentia"/>
      <span end="22001" id="15760270-5810" start="21994">rodents</span>
    </annotation>
    <annotation annotator="Mike Bada" id="organism_Instance_33750" type="identity">
      <class id="NCBITaxon:10088" label="Mus"/>
      <span end="22216" id="15760270-5812" start="22212">mice</span>
    </annotation>
    <annotation annotator="Mike Bada" id="organism_Instance_33754" type="identity">
      <class id="NCBITaxon:10088" label="Mus"/>
      <span end="22451" id="15760270-5814" start="22447">mice</span>
    </annotation>
    <annotation annotator="Mike Bada" id="organism_Instance_33762" type="identity">
      <class id="NCBITaxon:10088" label="Mus"/>
      <span end="22624" id="15760270-5816" start="22620">mice</span>
    </annotation>
    <annotation annotator="Mike Bada" id="organism_Instance_180868" type="identity">
      <class id="NCBITaxon:10088" label="Mus"/>
      <span end="22755" id="15760270-5600" start="22751">Mice</span>
    </annotation>
    <annotation annotator="Mike Bada" id="organism_Instance_33778" type="identity">
      <class id="NCBITaxon:10088" label="Mus"/>
      <span end="23143" id="15760270-5818" start="23139">mice</span>
    </annotation>
    <annotation annotator="Mike Bada" id="organism_Instance_33782" type="identity">
      <class id="NCBITaxon:10088" label="Mus"/>
      <span end="23283" id="15760270-5820" start="23279">mice</span>
    </annotation>
    <annotation annotator="Mike Bada" id="organism_Instance_33794" type="identity">
      <class id="NCBITaxon:10088" label="Mus"/>
      <span end="23738" id="15760270-5822" start="23734">mice</span>
    </annotation>
    <annotation annotator="Mike Bada" id="organism_Instance_33802" type="identity">
      <class id="NCBITaxon:10088" label="Mus"/>
      <span end="24558" id="15760270-5824" start="24554">mice</span>
    </annotation>
    <annotation annotator="Mike Bada" id="organism_Instance_33810" type="identity">
      <class id="NCBITaxon:10088" label="Mus"/>
      <span end="25058" id="15760270-5826" start="25054">mice</span>
    </annotation>
    <annotation annotator="Mike Bada" id="organism_Instance_33818" type="identity">
      <class id="NCBITaxon:10088" label="Mus"/>
      <span end="25596" id="15760270-5828" start="25592">mice</span>
    </annotation>
    <annotation annotator="Mike Bada" id="organism_Instance_33822" type="identity">
      <class id="NCBITaxon:10088" label="Mus"/>
      <span end="25875" id="15760270-5830" start="25871">mice</span>
    </annotation>
    <annotation annotator="Mike Bada" id="organism_Instance_33826" type="identity">
      <class id="NCBITaxon:10088" label="Mus"/>
      <span end="26101" id="15760270-5832" start="26097">mice</span>
    </annotation>
    <annotation annotator="Mike Bada" id="organism_Instance_33830" type="identity">
      <class id="NCBITaxon:10088" label="Mus"/>
      <span end="26254" id="15760270-5834" start="26250">mice</span>
    </annotation>
    <annotation annotator="Mike Bada" id="organism_Instance_33834" type="identity">
      <class id="NCBITaxon:10088" label="Mus"/>
      <span end="26469" id="15760270-5836" start="26465">mice</span>
    </annotation>
    <annotation annotator="Mike Bada" id="organism_Instance_33842" type="identity">
      <class id="NCBITaxon:10088" label="Mus"/>
      <span end="26742" id="15760270-5838" start="26738">Mice</span>
    </annotation>
    <annotation annotator="Mike Bada" id="organism_Instance_33846" type="identity">
      <class id="NCBITaxon:10088" label="Mus"/>
      <span end="27136" id="15760270-5840" start="27132">mice</span>
    </annotation>
    <annotation annotator="Mike Bada" id="organism_Instance_33850" type="identity">
      <class id="NCBITaxon:10088" label="Mus"/>
      <span end="27196" id="15760270-5842" start="27192">mice</span>
    </annotation>
    <annotation annotator="Mike Bada" id="organism_Instance_33854" type="identity">
      <class id="NCBITaxon:10088" label="Mus"/>
      <span end="27356" id="15760270-5844" start="27352">mice</span>
    </annotation>
    <annotation annotator="Mike Bada" id="organism_Instance_33858" type="identity">
      <class id="NCBITaxon:10088" label="Mus"/>
      <span end="27541" id="15760270-5846" start="27537">mice</span>
    </annotation>
    <annotation annotator="Mike Bada" id="organism_Instance_33862" type="identity">
      <class id="NCBITaxon:10088" label="Mus"/>
      <span end="27652" id="15760270-5848" start="27648">mice</span>
    </annotation>
    <annotation annotator="Mike Bada" id="organism_Instance_33866" type="identity">
      <class id="NCBITaxon:10088" label="Mus"/>
      <span end="27684" id="15760270-5850" start="27680">mice</span>
    </annotation>
    <annotation annotator="Mike Bada" id="organism_Instance_33870" type="identity">
      <class id="NCBITaxon:10088" label="Mus"/>
      <span end="27717" id="15760270-5852" start="27713">mice</span>
    </annotation>
    <annotation annotator="Mike Bada" id="organism_Instance_33874" type="identity">
      <class id="NCBITaxon:10088" label="Mus"/>
      <span end="27783" id="15760270-5854" start="27779">mice</span>
    </annotation>
    <annotation annotator="Mike Bada" id="organism_Instance_33878" type="identity">
      <class id="NCBITaxon:9989" label="Rodentia"/>
      <span end="27802" id="15760270-5856" start="27796">rodent</span>
    </annotation>
    <annotation annotator="Mike Bada" id="organism_Instance_33882" type="identity">
      <class id="NCBITaxon:10088" label="Mus"/>
      <span end="27916" id="15760270-5858" start="27912">mice</span>
    </annotation>
    <annotation annotator="Mike Bada" id="organism_Instance_33886" type="identity">
      <class id="NCBITaxon:10088" label="Mus"/>
      <span end="28139" id="15760270-5860" start="28135">mice</span>
    </annotation>
    <annotation annotator="Mike Bada" id="organism_Instance_33890" type="identity">
      <class id="NCBITaxon:10088" label="Mus"/>
      <span end="28252" id="15760270-5862" start="28248">mice</span>
    </annotation>
    <annotation annotator="Mike Bada" id="organism_Instance_33894" type="identity">
      <class id="NCBITaxon:10088" label="Mus"/>
      <span end="28387" id="15760270-5864" start="28383">mice</span>
    </annotation>
    <annotation annotator="Mike Bada" id="organism_Instance_33898" type="identity">
      <class id="NCBITaxon:10088" label="Mus"/>
      <span end="28451" id="15760270-5866" start="28447">mice</span>
    </annotation>
    <annotation annotator="Mike Bada" id="organism_Instance_33902" type="identity">
      <class id="NCBITaxon:10088" label="Mus"/>
      <span end="28512" id="15760270-5868" start="28508">mice</span>
    </annotation>
    <annotation annotator="Mike Bada" id="organism_Instance_180907" type="identity">
      <class id="NCBITaxon:10088" label="Mus"/>
      <span end="28606" id="15760270-5602" start="28602">Mice</span>
    </annotation>
    <annotation annotator="Mike Bada" id="organism_Instance_33906" type="identity">
      <class id="NCBITaxon:10088" label="Mus"/>
      <span end="28654" id="15760270-5870" start="28650">mice</span>
    </annotation>
    <annotation annotator="Mike Bada" id="organism_Instance_33910" type="identity">
      <class id="NCBITaxon:10088" label="Mus"/>
      <span end="29185" id="15760270-5872" start="29181">mice</span>
    </annotation>
    <annotation annotator="Mike Bada" id="organism_Instance_33914" type="identity">
      <class id="NCBITaxon:10088" label="Mus"/>
      <span end="29212" id="15760270-5874" start="29208">mice</span>
    </annotation>
    <annotation annotator="Mike Bada" id="organism_Instance_33918" type="identity">
      <class id="NCBITaxon:10088" label="Mus"/>
      <span end="29384" id="15760270-5876" start="29379">mouse</span>
    </annotation>
    <annotation annotator="Mike Bada" id="organism_Instance_33922" type="identity">
      <class id="NCBITaxon:10088" label="Mus"/>
      <span end="31280" id="15760270-5878" start="31276">mice</span>
    </annotation>
    <annotation annotator="Mike Bada" id="organism_Instance_33926" type="identity">
      <class id="NCBITaxon:1" label="root"/>
      <span end="31626" id="15760270-5880" start="31618">organism</span>
    </annotation>
    <annotation annotator="Mike Bada" id="organism_Instance_33930" type="identity">
      <class id="NCBITaxon:10088" label="Mus"/>
      <span end="31787" id="15760270-5882" start="31783">mice</span>
    </annotation>
    <annotation annotator="Mike Bada" id="organism_Instance_33934" type="identity">
      <class id="NCBITaxon:10088" label="Mus"/>
      <span end="31916" id="15760270-5884" start="31912">mice</span>
    </annotation>
    <annotation annotator="Mike Bada" id="organism_Instance_33938" type="identity">
      <class id="NCBITaxon:10088" label="Mus"/>
      <span end="32105" id="15760270-5886" start="32101">mice</span>
    </annotation>
    <annotation annotator="Mike Bada" id="organism_Instance_33942" type="identity">
      <class id="NCBITaxon:10088" label="Mus"/>
      <span end="32130" id="15760270-5888" start="32126">mice</span>
    </annotation>
    <annotation annotator="Mike Bada" id="organism_Instance_33946" type="identity">
      <class id="NCBITaxon:10088" label="Mus"/>
      <span end="32492" id="15760270-5890" start="32488">mice</span>
    </annotation>
    <annotation annotator="Mike Bada" id="organism_Instance_33950" type="identity">
      <class id="NCBITaxon:10088" label="Mus"/>
      <span end="32657" id="15760270-5892" start="32653">mice</span>
    </annotation>
    <annotation annotator="Mike Bada" id="organism_Instance_33954" type="identity">
      <class id="NCBITaxon:10088" label="Mus"/>
      <span end="32808" id="15760270-5894" start="32804">mice</span>
    </annotation>
    <annotation annotator="Mike Bada" id="organism_Instance_33958" type="identity">
      <class id="NCBITaxon:10088" label="Mus"/>
      <span end="32928" id="15760270-5896" start="32924">mice</span>
    </annotation>
    <annotation annotator="Mike Bada" id="organism_Instance_33966" type="identity">
      <class id="NCBITaxon:10088" label="Mus"/>
      <span end="33419" id="15760270-5898" start="33415">mice</span>
    </annotation>
    <annotation annotator="Mike Bada" id="organism_Instance_33974" type="identity">
      <class id="NCBITaxon:10088" label="Mus"/>
      <span end="33758" id="15760270-5900" start="33754">mice</span>
    </annotation>
    <annotation annotator="Mike Bada" id="organism_Instance_33982" type="identity">
      <class id="NCBITaxon:33208" label="Metazoa"/>
      <span end="33974" id="15760270-5902" start="33967">Animals</span>
    </annotation>
    <annotation annotator="Mike Bada" id="organism_Instance_33990" type="identity">
      <class id="NCBITaxon:10088" label="Mus"/>
      <span end="34343" id="15760270-5904" start="34339">mice</span>
    </annotation>
    <annotation annotator="Mike Bada" id="organism_Instance_33994" type="identity">
      <class id="NCBITaxon:10088" label="Mus"/>
      <span end="34466" id="15760270-5906" start="34462">mice</span>
    </annotation>
    <annotation annotator="Mike Bada" id="organism_Instance_33998" type="identity">
      <class id="NCBITaxon:10088" label="Mus"/>
      <span end="34639" id="15760270-5908" start="34635">mice</span>
    </annotation>
    <annotation annotator="Mike Bada" id="organism_Instance_34006" type="identity">
      <class id="NCBITaxon:10088" label="Mus"/>
      <span end="35186" id="15760270-5910" start="35182">mice</span>
    </annotation>
    <annotation annotator="Mike Bada" id="organism_Instance_34014" type="identity">
      <class id="NCBITaxon:10088" label="Mus"/>
      <span end="36065" id="15760270-5912" start="36061">mice</span>
    </annotation>
    <annotation annotator="Mike Bada" id="organism_Instance_34018" type="identity">
      <class id="NCBITaxon:10088" label="Mus"/>
      <span end="36318" id="15760270-5914" start="36314">mice</span>
    </annotation>
    <annotation annotator="Mike Bada" id="organism_Instance_34022" type="identity">
      <class id="NCBITaxon:10088" label="Mus"/>
      <span end="36496" id="15760270-5916" start="36492">mice</span>
    </annotation>
    <annotation annotator="Mike Bada" id="organism_Instance_34026" type="identity">
      <class id="NCBITaxon:10088" label="Mus"/>
      <span end="36669" id="15760270-5918" start="36665">mice</span>
    </annotation>
    <annotation annotator="Mike Bada" id="organism_Instance_180943" type="identity">
      <class id="NCBITaxon:9606" label="Homo sapiens"/>
      <span end="36756" id="15760270-5604" start="36750">humans</span>
    </annotation>
    <annotation annotator="Mike Bada" id="organism_Instance_34030" type="identity">
      <class id="NCBITaxon:10088" label="Mus"/>
      <span end="36847" id="15760270-5920" start="36843">mice</span>
    </annotation>
    <annotation annotator="Mike Bada" id="organism_Instance_34034" type="identity">
      <class id="NCBITaxon:33208" label="Metazoa"/>
      <span end="37098" id="15760270-5922" start="37091">animals</span>
    </annotation>
    <annotation annotator="Mike Bada" id="organism_Instance_34038" type="identity">
      <class id="NCBITaxon:10088" label="Mus"/>
      <span end="37148" id="15760270-5924" start="37144">mice</span>
    </annotation>
    <annotation annotator="Mike Bada" id="organism_Instance_34042" type="identity">
      <class id="NCBITaxon:9606" label="Homo sapiens"/>
      <span end="37380" id="15760270-5926" start="37375">human</span>
    </annotation>
    <annotation annotator="Mike Bada" id="organism_Instance_34046" type="identity">
      <class id="NCBITaxon:10088" label="Mus"/>
      <span end="37538" id="15760270-5928" start="37534">mice</span>
    </annotation>
    <annotation annotator="Mike Bada" id="organism_Instance_34050" type="identity">
      <class id="NCBITaxon:10088" label="Mus"/>
      <span end="37744" id="15760270-5930" start="37740">mice</span>
    </annotation>
    <annotation annotator="Mike Bada" id="organism_Instance_34054" type="identity">
      <class id="NCBITaxon:10088" label="Mus"/>
      <span end="37884" id="15760270-5932" start="37880">mice</span>
    </annotation>
    <annotation annotator="Mike Bada" id="organism_Instance_34058" type="identity">
      <class id="NCBITaxon:10088" label="Mus"/>
      <span end="38020" id="15760270-5934" start="38016">mice</span>
    </annotation>
    <annotation annotator="Mike Bada" id="organism_Instance_34062" type="identity">
      <class id="NCBITaxon:10088" label="Mus"/>
      <span end="38617" id="15760270-5936" start="38613">mice</span>
    </annotation>
    <annotation annotator="Mike Bada" id="organism_Instance_34066" type="identity">
      <class id="NCBITaxon:10088" label="Mus"/>
      <span end="38735" id="15760270-5938" start="38731">mice</span>
    </annotation>
    <annotation annotator="Mike Bada" id="organism_Instance_34070" type="identity">
      <class id="NCBITaxon:10088" label="Mus"/>
      <span end="38866" id="15760270-5940" start="38862">mice</span>
    </annotation>
    <annotation annotator="Mike Bada" id="organism_Instance_34074" type="identity">
      <class id="NCBITaxon:10088" label="Mus"/>
      <span end="39125" id="15760270-5942" start="39121">mice</span>
    </annotation>
    <annotation annotator="Mike Bada" id="organism_Instance_34078" type="identity">
      <class id="NCBITaxon:10088" label="Mus"/>
      <span end="39274" id="15760270-5944" start="39270">mice</span>
    </annotation>
    <annotation annotator="Mike Bada" id="organism_Instance_34082" type="identity">
      <class id="NCBITaxon:10088" label="Mus"/>
      <span end="39360" id="15760270-5946" start="39355">mouse</span>
    </annotation>
    <annotation annotator="Mike Bada" id="organism_Instance_34086" type="identity">
      <class id="NCBITaxon:10088" label="Mus"/>
      <span end="39785" id="15760270-5948" start="39781">mice</span>
    </annotation>
    <annotation annotator="Mike Bada" id="organism_Instance_34090" type="identity">
      <class id="NCBITaxon:10088" label="Mus"/>
      <span end="40222" id="15760270-5950" start="40218">mice</span>
    </annotation>
    <annotation annotator="Mike Bada" id="organism_Instance_34094" type="identity">
      <class id="NCBITaxon:10088" label="Mus"/>
      <span end="40337" id="15760270-5952" start="40333">mice</span>
    </annotation>
    <annotation annotator="Mike Bada" id="organism_Instance_34098" type="identity">
      <class id="NCBITaxon:10088" label="Mus"/>
      <span end="40523" id="15760270-5954" start="40519">mice</span>
    </annotation>
    <annotation annotator="Mike Bada" id="organism_Instance_34102" type="identity">
      <class id="NCBITaxon:10088" label="Mus"/>
      <span end="40675" id="15760270-5956" start="40671">mice</span>
    </annotation>
    <annotation annotator="Mike Bada" id="organism_Instance_34106" type="identity">
      <class id="NCBITaxon:10088" label="Mus"/>
      <span end="40826" id="15760270-5958" start="40822">mice</span>
    </annotation>
    <annotation annotator="Mike Bada" id="organism_Instance_34110" type="identity">
      <class id="NCBITaxon:10088" label="Mus"/>
      <span end="40891" id="15760270-5960" start="40887">mice</span>
    </annotation>
    <annotation annotator="Mike Bada" id="organism_Instance_34114" type="identity">
      <class id="NCBITaxon:10088" label="Mus"/>
      <span end="41059" id="15760270-5962" start="41055">mice</span>
    </annotation>
    <annotation annotator="Mike Bada" id="organism_Instance_34118" type="identity">
      <class id="NCBITaxon:10088" label="Mus"/>
      <span end="41092" id="15760270-5964" start="41088">mice</span>
    </annotation>
    <annotation annotator="Mike Bada" id="organism_Instance_34126" type="identity">
      <class id="NCBITaxon:10088" label="Mus"/>
      <span end="41200" id="15760270-5966" start="41195">mouse</span>
    </annotation>
    <annotation annotator="Mike Bada" id="organism_Instance_34130" type="identity">
      <class id="NCBITaxon:10088" label="Mus"/>
      <span end="41325" id="15760270-5968" start="41321">mice</span>
    </annotation>
    <annotation annotator="Mike Bada" id="organism_Instance_34134" type="identity">
      <class id="NCBITaxon:33208" label="Metazoa"/>
      <span end="41605" id="15760270-5970" start="41598">animals</span>
    </annotation>
    <annotation annotator="Mike Bada" id="organism_Instance_34138" type="identity">
      <class id="NCBITaxon:10088" label="Mus"/>
      <span end="41921" id="15760270-5972" start="41916">mouse</span>
    </annotation>
    <annotation annotator="Mike Bada" id="organism_Instance_34142" type="identity">
      <class id="NCBITaxon:10088" label="Mus"/>
      <span end="42167" id="15760270-5974" start="42163">mice</span>
    </annotation>
    <annotation annotator="Mike Bada" id="organism_Instance_34146" type="identity">
      <class id="NCBITaxon:10088" label="Mus"/>
      <span end="42448" id="15760270-5976" start="42444">mice</span>
    </annotation>
    <annotation annotator="Mike Bada" id="organism_Instance_34150" type="identity">
      <class id="NCBITaxon:10088" label="Mus"/>
      <span end="42529" id="15760270-5978" start="42525">mice</span>
    </annotation>
    <annotation annotator="Mike Bada" id="organism_Instance_34154" type="identity">
      <class id="NCBITaxon:10088" label="Mus"/>
      <span end="43430" id="15760270-5980" start="43426">mice</span>
    </annotation>
    <annotation annotator="Mike Bada" id="organism_Instance_34158" type="identity">
      <class id="NCBITaxon:10088" label="Mus"/>
      <span end="43603" id="15760270-5982" start="43599">mice</span>
    </annotation>
    <annotation annotator="Mike Bada" id="organism_Instance_34162" type="identity">
      <class id="NCBITaxon:10088" label="Mus"/>
      <span end="43691" id="15760270-5984" start="43686">mouse</span>
    </annotation>
    <annotation annotator="Mike Bada" id="organism_Instance_34166" type="identity">
      <class id="NCBITaxon:10088" label="Mus"/>
      <span end="44391" id="15760270-5986" start="44387">mice</span>
    </annotation>
    <annotation annotator="Mike Bada" id="organism_Instance_34170" type="identity">
      <class id="NCBITaxon:10088" label="Mus"/>
      <span end="44605" id="15760270-5988" start="44601">mice</span>
    </annotation>
    <annotation annotator="Mike Bada" id="organism_Instance_34174" type="identity">
      <class id="NCBITaxon:39107" label="Murinae"/>
      <span end="44637" id="15760270-5990" start="44631">murine</span>
    </annotation>
    <annotation annotator="Mike Bada" id="organism_Instance_180992" type="identity">
      <class id="NCBITaxon:10088" label="Mus"/>
      <span end="44869" id="15760270-5606" start="44865">mice</span>
    </annotation>
    <annotation annotator="Mike Bada" id="organism_Instance_34182" type="identity">
      <class id="NCBITaxon:39107" label="Murinae"/>
      <span end="44912" id="15760270-5992" start="44906">murine</span>
    </annotation>
    <annotation annotator="Mike Bada" id="organism_Instance_34186" type="identity">
      <class id="NCBITaxon:10088" label="Mus"/>
      <span end="46263" id="15760270-5994" start="46259">mice</span>
    </annotation>
    <annotation annotator="Mike Bada" id="organism_Instance_34190" type="identity">
      <class id="NCBITaxon:33208" label="Metazoa"/>
      <span end="46460" id="15760270-5996" start="46454">animal</span>
    </annotation>
    <annotation annotator="Mike Bada" id="organism_Instance_34194" type="identity">
      <class id="NCBITaxon:33208" label="Metazoa"/>
      <span end="46480" id="15760270-5998" start="46474">animal</span>
    </annotation>
    <annotation annotator="Mike Bada" id="organism_Instance_34198" type="identity">
      <class id="NCBITaxon:33208" label="Metazoa"/>
      <span end="46635" id="15760270-6000" start="46628">animals</span>
    </annotation>
    <annotation annotator="Mike Bada" id="organism_Instance_34202" type="identity">
      <class id="NCBITaxon:33208" label="Metazoa"/>
      <span end="46680" id="15760270-6002" start="46674">Animal</span>
    </annotation>
    <annotation annotator="Mike Bada" id="organism_Instance_181008" type="identity">
      <class id="NCBITaxon:33208" label="Metazoa"/>
      <span end="46730" id="15760270-5608" start="46723">Animals</span>
    </annotation>
    <annotation annotator="Mike Bada" id="organism_Instance_34206" type="identity">
      <class id="NCBITaxon:10088" label="Mus"/>
      <span end="46829" id="15760270-6004" start="46825">mice</span>
    </annotation>
    <annotation annotator="Mike Bada" id="organism_Instance_34210" type="identity">
      <class id="NCBITaxon:10088" label="Mus"/>
      <span end="47142" id="15760270-6006" start="47138">mice</span>
    </annotation>
    <annotation annotator="Mike Bada" id="organism_Instance_34214" type="identity">
      <class id="NCBITaxon:10088" label="Mus"/>
      <span end="47219" id="15760270-6008" start="47215">mice</span>
    </annotation>
    <annotation annotator="Mike Bada" id="organism_Instance_34218" type="identity">
      <class id="NCBITaxon:10088" label="Mus"/>
      <span end="47377" id="15760270-6010" start="47373">Mice</span>
    </annotation>
    <annotation annotator="Mike Bada" id="organism_Instance_34222" type="identity">
      <class id="NCBITaxon:10088" label="Mus"/>
      <span end="47461" id="15760270-6012" start="47457">mice</span>
    </annotation>
    <annotation annotator="Mike Bada" id="organism_Instance_34226" type="identity">
      <class id="NCBITaxon:33208" label="Metazoa"/>
      <span end="47560" id="15760270-6014" start="47553">animals</span>
    </annotation>
    <annotation annotator="Mike Bada" id="organism_Instance_34230" type="identity">
      <class id="NCBITaxon:10088" label="Mus"/>
      <span end="47727" id="15760270-6016" start="47723">mice</span>
    </annotation>
    <annotation annotator="Mike Bada" id="organism_Instance_34234" type="identity">
      <class id="NCBITaxon:33208" label="Metazoa"/>
      <span end="47960" id="15760270-6018" start="47954">Animal</span>
    </annotation>
    <annotation annotator="Mike Bada" id="organism_Instance_34238" type="identity">
      <class id="NCBITaxon:10088" label="Mus"/>
      <span end="48070" id="15760270-6020" start="48066">mice</span>
    </annotation>
    <annotation annotator="Mike Bada" id="organism_Instance_34246" type="identity">
      <class id="NCBITaxon:10088" label="Mus"/>
      <span end="48742" id="15760270-6022" start="48738">mice</span>
    </annotation>
    <annotation annotator="Mike Bada" id="organism_Instance_181024" type="identity">
      <class id="NCBITaxon:10088" label="Mus"/>
      <span end="49022" id="15760270-5610" start="49017">mouse</span>
    </annotation>
    <annotation annotator="Mike Bada" id="organism_Instance_34254" type="identity">
      <class id="NCBITaxon:9989" label="Rodentia"/>
      <span end="49334" id="15760270-6024" start="49328">Rodent</span>
    </annotation>
    <annotation annotator="Mike Bada" id="organism_Instance_34258" type="identity">
      <class id="NCBITaxon:10088" label="Mus"/>
      <span end="50166" id="15760270-6026" start="50162">mice</span>
    </annotation>
    <annotation annotator="Mike Bada" id="organism_Instance_34262" type="identity">
      <class id="NCBITaxon:10088" label="Mus"/>
      <span end="51510" id="15760270-6028" start="51506">mice</span>
    </annotation>
    <annotation annotator="Mike Bada" id="organism_Instance_34266" type="identity">
      <class id="NCBITaxon:10088" label="Mus"/>
      <span end="51573" id="15760270-6030" start="51569">mice</span>
    </annotation>
    <annotation annotator="Mike Bada" id="organism_Instance_34270" type="identity">
      <class id="NCBITaxon:10088" label="Mus"/>
      <span end="51644" id="15760270-6032" start="51640">mice</span>
    </annotation>
    <annotation annotator="Mike Bada" id="organism_Instance_34274" type="identity">
      <class id="NCBITaxon:9606" label="Homo sapiens"/>
      <span end="51678" id="15760270-6034" start="51673">human</span>
    </annotation>
    <annotation annotator="Mike Bada" id="organism_Instance_34278" type="identity">
      <class id="NCBITaxon:10088" label="Mus"/>
      <span end="52001" id="15760270-6036" start="51997">mice</span>
    </annotation>
    <annotation annotator="Mike Bada" id="organism_Instance_34282" type="identity">
      <class id="NCBITaxon:33208" label="Metazoa"/>
      <span end="52893" id="15760270-6038" start="52887">animal</span>
    </annotation>
    <annotation annotator="Mike Bada" id="organism_Instance_34286" type="identity">
      <class id="NCBITaxon:10088" label="Mus"/>
      <span end="53558" id="15760270-6040" start="53553">mouse</span>
    </annotation>
    <annotation annotator="Mike Bada" id="organism_Instance_34290" type="identity">
      <class id="NCBITaxon:10088" label="Mus"/>
      <span end="53604" id="15760270-6042" start="53599">mouse</span>
    </annotation>
    <annotation annotator="Mike Bada" id="organism_Instance_34294" type="identity">
      <class id="NCBITaxon:10088" label="Mus"/>
      <span end="53669" id="15760270-6044" start="53665">mice</span>
    </annotation>
    <annotation annotator="Mike Bada" id="organism_Instance_34298" type="identity">
      <class id="NCBITaxon:10088" label="Mus"/>
      <span end="54497" id="15760270-6046" start="54493">mice</span>
    </annotation>
    <annotation annotator="Mike Bada" id="organism_Instance_34306" type="identity">
      <class id="NCBITaxon:10088" label="Mus"/>
      <span end="55481" id="15760270-6048" start="55477">mice</span>
    </annotation>
    <annotation annotator="Mike Bada" id="organism_Instance_34310" type="identity">
      <class id="NCBITaxon:33208" label="Metazoa"/>
      <span end="55620" id="15760270-6050" start="55614">animal</span>
    </annotation>
    <annotation annotator="Mike Bada" id="organism_Instance_34314" type="identity">
      <class id="NCBITaxon:10088" label="Mus"/>
      <span end="55829" id="15760270-6052" start="55824">mouse</span>
    </annotation>
    <annotation annotator="Mike Bada" id="organism_Instance_34318" type="identity">
      <class id="NCBITaxon:33208" label="Metazoa"/>
      <span end="55969" id="15760270-6054" start="55963">animal</span>
    </annotation>
    <annotation annotator="Mike Bada" id="organism_Instance_34322" type="identity">
      <class id="NCBITaxon:10088" label="Mus"/>
      <span end="56180" id="15760270-6056" start="56176">mice</span>
    </annotation>
    <annotation annotator="Mike Bada" id="organism_Instance_34326" type="identity">
      <class id="NCBITaxon:33208" label="Metazoa"/>
      <span end="56290" id="15760270-6058" start="56284">animal</span>
    </annotation>
    <annotation annotator="Mike Bada" id="organism_Instance_34330" type="identity">
      <class id="NCBITaxon:10088" label="Mus"/>
      <span end="56334" id="15760270-6060" start="56329">mouse</span>
    </annotation>
    <annotation annotator="Mike Bada" id="organism_Instance_34334" type="identity">
      <class id="NCBITaxon:10088" label="Mus"/>
      <span end="56515" id="15760270-6062" start="56510">mouse</span>
    </annotation>
    <annotation annotator="Mike Bada" id="organism_Instance_34338" type="identity">
      <class id="NCBITaxon:10088" label="Mus"/>
      <span end="56690" id="15760270-6064" start="56685">mouse</span>
    </annotation>
    <annotation annotator="Mike Bada" id="organism_Instance_34342" type="identity">
      <class id="NCBITaxon:10088" label="Mus"/>
      <span end="56856" id="15760270-6066" start="56851">mouse</span>
    </annotation>
    <annotation annotator="Mike Bada" id="organism_Instance_34346" type="identity">
      <class id="NCBITaxon:10088" label="Mus"/>
      <span end="57025" id="15760270-6068" start="57020">mouse</span>
    </annotation>
    <annotation annotator="Mike Bada" id="organism_Instance_34354" type="identity">
      <class id="NCBITaxon:10088" label="Mus"/>
      <span end="57182" id="15760270-6070" start="57177">mouse</span>
    </annotation>
    <annotation annotator="Mike Bada" id="organism_Instance_34358" type="identity">
      <class id="NCBITaxon:10088" label="Mus"/>
      <span end="57350" id="15760270-6072" start="57346">mice</span>
    </annotation>
    <annotation annotator="Mike Bada" id="organism_Instance_34362" type="identity">
      <class id="NCBITaxon:10088" label="Mus"/>
      <span end="57683" id="15760270-6074" start="57679">mice</span>
    </annotation>
    <annotation annotator="Mike Bada" id="organism_Instance_34366" type="identity">
      <class id="NCBITaxon:33208" label="Metazoa"/>
      <span end="57885" id="15760270-6076" start="57878">Animals</span>
    </annotation>
    <annotation annotator="Mike Bada" id="organism_Instance_34370" type="identity">
      <class id="NCBITaxon:10088" label="Mus"/>
      <span end="57977" id="15760270-6078" start="57973">Mice</span>
    </annotation>
    <annotation annotator="Mike Bada" id="organism_Instance_34374" type="identity">
      <class id="NCBITaxon:33208" label="Metazoa"/>
      <span end="58155" id="15760270-6080" start="58148">animals</span>
    </annotation>
    <annotation annotator="Mike Bada" id="organism_Instance_34378" type="identity">
      <class id="NCBITaxon:10088" label="Mus"/>
      <span end="58291" id="15760270-6082" start="58286">mouse</span>
    </annotation>
    <annotation annotator="Mike Bada" id="organism_Instance_34382" type="identity">
      <class id="NCBITaxon:33208" label="Metazoa"/>
      <span end="58401" id="15760270-6084" start="58395">animal</span>
    </annotation>
    <annotation annotator="Mike Bada" id="organism_Instance_181063" type="identity">
      <class id="NCBITaxon:33208" label="Metazoa"/>
      <span end="58483" id="15760270-5612" start="58476">Animals</span>
    </annotation>
    <annotation annotator="Mike Bada" id="organism_Instance_34386" type="identity">
      <class id="NCBITaxon:10088" label="Mus"/>
      <span end="59651" id="15760270-6086" start="59647">mice</span>
    </annotation>
    <annotation annotator="Mike Bada" id="organism_Instance_34390" type="identity">
      <class id="NCBITaxon:10088" label="Mus"/>
      <span end="59862" id="15760270-6088" start="59857">mouse</span>
    </annotation>
    <annotation annotator="Mike Bada" id="organism_Instance_34394" type="identity">
      <class id="NCBITaxon:10088" label="Mus"/>
      <span end="60139" id="15760270-6090" start="60135">mice</span>
    </annotation>
    <annotation annotator="Mike Bada" id="organism_Instance_34398" type="identity">
      <class id="NCBITaxon:10088" label="Mus"/>
      <span end="60235" id="15760270-6092" start="60231">mice</span>
    </annotation>
    <annotation annotator="Mike Bada" id="organism_Instance_34402" type="identity">
      <class id="NCBITaxon:10088" label="Mus"/>
      <span end="60955" id="15760270-6094" start="60950">mouse</span>
    </annotation>
    <annotation annotator="Mike Bada" id="organism_Instance_34406" type="identity">
      <class id="NCBITaxon:10088" label="Mus"/>
      <span end="60995" id="15760270-6096" start="60990">mouse</span>
    </annotation>
    <annotation annotator="Mike Bada" id="organism_Instance_34410" type="identity">
      <class id="NCBITaxon:10088" label="Mus"/>
      <span end="61074" id="15760270-6098" start="61070">mice</span>
    </annotation>
    <annotation annotator="Mike Bada" id="organism_Instance_34414" type="identity">
      <class id="NCBITaxon:33208" label="Metazoa"/>
      <span end="61155" id="15760270-6100" start="61148">Animals</span>
    </annotation>
    <annotation annotator="Mike Bada" id="organism_Instance_34418" type="identity">
      <class id="NCBITaxon:10088" label="Mus"/>
      <span end="63184" id="15760270-6102" start="63180">Mice</span>
    </annotation>
    <annotation annotator="Mike Bada" id="organism_Instance_34422" type="identity">
      <class id="NCBITaxon:10088" label="Mus"/>
      <span end="63272" id="15760270-6104" start="63268">mice</span>
    </annotation>
    <annotation annotator="Mike Bada" id="organism_Instance_181078" type="identity">
      <class id="NCBITaxon:10088" label="Mus"/>
      <span end="63593" id="15760270-5614" start="63589">Mice</span>
    </annotation>
    <annotation annotator="Mike Bada" id="organism_Instance_34426" type="identity">
      <class id="NCBITaxon:10088" label="Mus"/>
      <span end="63958" id="15760270-6106" start="63954">mice</span>
    </annotation>
    <annotation annotator="Mike Bada" id="organism_Instance_34430" type="identity">
      <class id="NCBITaxon:10088" label="Mus"/>
      <span end="64097" id="15760270-6108" start="64093">Mice</span>
    </annotation>
    <annotation annotator="Mike Bada" id="organism_Instance_34434" type="identity">
      <class id="NCBITaxon:10088" label="Mus"/>
      <span end="64143" id="15760270-6110" start="64139">mice</span>
    </annotation>
    <annotation annotator="Mike Bada" id="organism_Instance_34438" type="identity">
      <class id="NCBITaxon:10088" label="Mus"/>
      <span end="64328" id="15760270-6112" start="64324">mice</span>
    </annotation>
    <annotation annotator="Mike Bada" id="organism_Instance_34442" type="identity">
      <class id="NCBITaxon:10088" label="Mus"/>
      <span end="64435" id="15760270-6114" start="64431">Mice</span>
    </annotation>
    <annotation annotator="Mike Bada" id="organism_Instance_34446" type="identity">
      <class id="NCBITaxon:10088" label="Mus"/>
      <span end="64544" id="15760270-6116" start="64540">mice</span>
    </annotation>
    <annotation annotator="Mike Bada" id="organism_Instance_181089" type="identity">
      <class id="NCBITaxon:10088" label="Mus"/>
      <span end="64941" id="15760270-5616" start="64936">mouse</span>
    </annotation>
    <annotation annotator="Mike Bada" id="organism_Instance_34450" type="identity">
      <class id="NCBITaxon:10088" label="Mus"/>
      <span end="65310" id="15760270-6118" start="65305">mouse</span>
    </annotation>
    <annotation annotator="Mike Bada" id="organism_Instance_34454" type="identity">
      <class id="NCBITaxon:10088" label="Mus"/>
      <span end="65361" id="15760270-6120" start="65356">mouse</span>
    </annotation>
    <annotation annotator="Mike Bada" id="organism_Instance_34458" type="identity">
      <class id="NCBITaxon:39107" label="Murinae"/>
      <span end="66910" id="15760270-6122" start="66904">murine</span>
    </annotation>
    <annotation annotator="Mike Bada" id="organism_Instance_181114" type="identity">
      <class id="NCBITaxon:10508" label="Adenoviridae"/>
      <span end="69121" id="15760270-5618" start="69111">adenoviral</span>
    </annotation>
    <annotation annotator="Mike Bada" id="organism_Instance_34466" type="identity">
      <class id="NCBITaxon:10088" label="Mus"/>
      <span end="69359" id="15760270-6124" start="69355">Mice</span>
    </annotation>
    <annotation annotator="Mike Bada" id="organism_Instance_34470" type="identity">
      <class id="NCBITaxon:10088" label="Mus"/>
      <span end="69501" id="15760270-6126" start="69497">mice</span>
    </annotation>
    <annotation annotator="Mike Bada" id="organism_Instance_34474" type="identity">
      <class id="NCBITaxon:10088" label="Mus"/>
      <span end="69554" id="15760270-6128" start="69550">mice</span>
    </annotation>
    <annotation annotator="Mike Bada" id="organism_Instance_34478" type="identity">
      <class id="NCBITaxon:10088" label="Mus"/>
      <span end="69725" id="15760270-6130" start="69721">mice</span>
    </annotation>
    <annotation annotator="Mike Bada" id="organism_Instance_34482" type="identity">
      <class id="NCBITaxon:10088" label="Mus"/>
      <span end="69853" id="15760270-6132" start="69849">mice</span>
    </annotation>
    <annotation annotator="Mike Bada" id="organism_Instance_34486" type="identity">
      <class id="NCBITaxon:10088" label="Mus"/>
      <span end="70005" id="15760270-6134" start="70001">mice</span>
    </annotation>
    <annotation annotator="Mike Bada" id="organism_Instance_34490" type="identity">
      <class id="NCBITaxon:10088" label="Mus"/>
      <span end="70127" id="15760270-6136" start="70123">mice</span>
    </annotation>
    <annotation annotator="Mike Bada" id="organism_Instance_34494" type="identity">
      <class id="NCBITaxon:10088" label="Mus"/>
      <span end="70253" id="15760270-6138" start="70249">mice</span>
    </annotation>
    <annotation annotator="Mike Bada" id="organism_Instance_34498" type="identity">
      <class id="NCBITaxon:10088" label="Mus"/>
      <span end="70347" id="15760270-6140" start="70343">Mice</span>
    </annotation>
    <annotation annotator="Mike Bada" id="organism_Instance_34502" type="identity">
      <class id="NCBITaxon:10088" label="Mus"/>
      <span end="70454" id="15760270-6142" start="70450">mice</span>
    </annotation>
    <annotation annotator="Mike Bada" id="organism_Instance_34506" type="identity">
      <class id="NCBITaxon:33208" label="Metazoa"/>
      <span end="70669" id="15760270-6144" start="70662">animals</span>
    </annotation>
    <annotation annotator="Mike Bada" id="organism_Instance_34510" type="identity">
      <class id="NCBITaxon:10088" label="Mus"/>
      <span end="71417" id="15760270-6146" start="71413">mice</span>
    </annotation>
    <annotation annotator="Mike Bada" id="organism_Instance_34514" type="identity">
      <class id="NCBITaxon:33208" label="Metazoa"/>
      <span end="71502" id="15760270-6148" start="71495">animals</span>
    </annotation>
    <annotation annotator="Mike Bada" id="organism_Instance_34518" type="identity">
      <class id="NCBITaxon:10088" label="Mus"/>
      <span end="71730" id="15760270-6150" start="71726">Mice</span>
    </annotation>
    <annotation annotator="Mike Bada" id="organism_Instance_34522" type="identity">
      <class id="NCBITaxon:10088" label="Mus"/>
      <span end="71945" id="15760270-6152" start="71941">mice</span>
    </annotation>
    <annotation annotator="Mike Bada" id="organism_Instance_34526" type="identity">
      <class id="NCBITaxon:10088" label="Mus"/>
      <span end="72379" id="15760270-6154" start="72375">mice</span>
    </annotation>
    <annotation annotator="Mike Bada" id="organism_Instance_34530" type="identity">
      <class id="NCBITaxon:10088" label="Mus"/>
      <span end="72618" id="15760270-6156" start="72614">mice</span>
    </annotation>
    <annotation annotator="Mike Bada" id="organism_Instance_34534" type="identity">
      <class id="NCBITaxon:10088" label="Mus"/>
      <span end="72977" id="15760270-6158" start="72973">mice</span>
    </annotation>
    <annotation annotator="Mike Bada" id="organism_Instance_34538" type="identity">
      <class id="NCBITaxon:10088" label="Mus"/>
      <span end="73216" id="15760270-6160" start="73212">Mice</span>
    </annotation>
    <annotation annotator="Mike Bada" id="organism_Instance_34542" type="identity">
      <class id="NCBITaxon:10088" label="Mus"/>
      <span end="73309" id="15760270-6162" start="73305">mice</span>
    </annotation>
    <annotation annotator="Mike Bada" id="organism_Instance_34546" type="identity">
      <class id="NCBITaxon:10088" label="Mus"/>
      <span end="73442" id="15760270-6164" start="73438">mice</span>
    </annotation>
    <annotation annotator="Mike Bada" id="organism_Instance_34550" type="identity">
      <class id="NCBITaxon:10088" label="Mus"/>
      <span end="73943" id="15760270-6166" start="73939">mice</span>
    </annotation>
    <annotation annotator="Mike Bada" id="organism_Instance_34554" type="identity">
      <class id="NCBITaxon:10088" label="Mus"/>
      <span end="74300" id="15760270-6168" start="74296">Mice</span>
    </annotation>
    <annotation annotator="Mike Bada" id="organism_Instance_34558" type="identity">
      <class id="NCBITaxon:10088" label="Mus"/>
      <span end="74393" id="15760270-6170" start="74389">mice</span>
    </annotation>
    <annotation annotator="Mike Bada" id="organism_Instance_34570" type="identity">
      <class id="NCBITaxon:10088" label="Mus"/>
      <span end="75307" id="15760270-6172" start="75303">mice</span>
    </annotation>
    <annotation annotator="Mike Bada" id="organism_Instance_34578" type="identity">
      <class id="NCBITaxon:10088" label="Mus"/>
      <span end="75472" id="15760270-6174" start="75468">Mice</span>
    </annotation>
    <annotation annotator="Mike Bada" id="organism_Instance_34582" type="identity">
      <class id="NCBITaxon:10088" label="Mus"/>
      <span end="75550" id="15760270-6176" start="75546">mice</span>
    </annotation>
    <annotation annotator="Mike Bada" id="organism_Instance_34586" type="identity">
      <class id="NCBITaxon:10088" label="Mus"/>
      <span end="75658" id="15760270-6178" start="75654">mice</span>
    </annotation>
    <annotation annotator="Mike Bada" id="organism_Instance_34590" type="identity">
      <class id="NCBITaxon:10088" label="Mus"/>
      <span end="75826" id="15760270-6180" start="75822">mice</span>
    </annotation>
    <annotation annotator="Mike Bada" id="organism_Instance_34594" type="identity">
      <class id="NCBITaxon:10088" label="Mus"/>
      <span end="75983" id="15760270-6182" start="75979">mice</span>
    </annotation>
    <annotation annotator="Mike Bada" id="organism_Instance_34598" type="identity">
      <class id="NCBITaxon:10088" label="Mus"/>
      <span end="76085" id="15760270-6184" start="76081">Mice</span>
    </annotation>
    <annotation annotator="Mike Bada" id="organism_Instance_34602" type="identity">
      <class id="NCBITaxon:10088" label="Mus"/>
      <span end="76371" id="15760270-6186" start="76367">mice</span>
    </annotation>
    <annotation annotator="Mike Bada" id="organism_Instance_34606" type="identity">
      <class id="NCBITaxon:10088" label="Mus"/>
      <span end="76556" id="15760270-6188" start="76552">mice</span>
    </annotation>
    <annotation annotator="Mike Bada" id="organism_Instance_34610" type="identity">
      <class id="NCBITaxon:10088" label="Mus"/>
      <span end="76735" id="15760270-6190" start="76731">mice</span>
    </annotation>
    <annotation annotator="Mike Bada" id="organism_Instance_34614" type="identity">
      <class id="NCBITaxon:10088" label="Mus"/>
      <span end="76912" id="15760270-6192" start="76908">mice</span>
    </annotation>
    <annotation annotator="Mike Bada" id="organism_Instance_34618" type="identity">
      <class id="NCBITaxon:10088" label="Mus"/>
      <span end="77222" id="15760270-6194" start="77218">mice</span>
    </annotation>
    <annotation annotator="Mike Bada" id="organism_Instance_34622" type="identity">
      <class id="NCBITaxon:10088" label="Mus"/>
      <span end="77318" id="15760270-6196" start="77314">Mice</span>
    </annotation>
    <annotation annotator="Mike Bada" id="organism_Instance_34626" type="identity">
      <class id="NCBITaxon:10088" label="Mus"/>
      <span end="77529" id="15760270-6198" start="77525">mice</span>
    </annotation>
    <annotation annotator="Mike Bada" id="organism_Instance_34630" type="identity">
      <class id="NCBITaxon:10088" label="Mus"/>
      <span end="77625" id="15760270-6200" start="77621">mice</span>
    </annotation>
    <annotation annotator="Mike Bada" id="organism_Instance_34634" type="identity">
      <class id="NCBITaxon:10088" label="Mus"/>
      <span end="77760" id="15760270-6202" start="77756">mice</span>
    </annotation>
    <annotation annotator="Mike Bada" id="organism_Instance_34638" type="identity">
      <class id="NCBITaxon:10088" label="Mus"/>
      <span end="77945" id="15760270-6204" start="77941">mice</span>
    </annotation>
    <annotation annotator="Mike Bada" id="organism_Instance_34642" type="identity">
      <class id="NCBITaxon:10088" label="Mus"/>
      <span end="78044" id="15760270-6206" start="78040">Mice</span>
    </annotation>
    <annotation annotator="Mike Bada" id="organism_Instance_34646" type="identity">
      <class id="NCBITaxon:10088" label="Mus"/>
      <span end="78139" id="15760270-6208" start="78135">mice</span>
    </annotation>
    <annotation annotator="Mike Bada" id="organism_Instance_34650" type="identity">
      <class id="NCBITaxon:10088" label="Mus"/>
      <span end="78265" id="15760270-6210" start="78261">mice</span>
    </annotation>
    <annotation annotator="Mike Bada" id="organism_Instance_34654" type="identity">
      <class id="NCBITaxon:10088" label="Mus"/>
      <span end="78504" id="15760270-6212" start="78499">mouse</span>
    </annotation>
    <annotation annotator="Mike Bada" id="organism_Instance_181174" type="identity">
      <class id="NCBITaxon:10088" label="Mus"/>
      <span end="78653" id="15760270-5620" start="78649">Mice</span>
    </annotation>
    <annotation annotator="Mike Bada" id="organism_Instance_181179" type="identity">
      <class id="NCBITaxon:10088" label="Mus"/>
      <span end="78786" id="15760270-5622" start="78782">Mice</span>
    </annotation>
    <annotation annotator="Mike Bada" id="organism_Instance_181184" type="identity">
      <class id="NCBITaxon:10088" label="Mus"/>
      <span end="78982" id="15760270-5624" start="78978">mice</span>
    </annotation>
    <annotation annotator="Mike Bada" id="organism_Instance_181189" type="identity">
      <class id="NCBITaxon:10088" label="Mus"/>
      <span end="79010" id="15760270-5626" start="79006">mice</span>
    </annotation>
    <annotation annotator="Mike Bada" id="organism_Instance_181194" type="identity">
      <class id="NCBITaxon:10088" label="Mus"/>
      <span end="79065" id="15760270-5628" start="79061">mice</span>
    </annotation>
    <graph-space id="Old Knowtator Relations"/>
  </document>
</knowtator-project>
