<?xml version="1.0" encoding="UTF-8" standalone="no"?>
<knowtator-project>
    <document id="15819996" text-file="15819996.txt">
        <annotation annotator="Mike Bada" id="organism_Instance_34898" type="identity">
            <class id="NCBITaxon:39107" label="Murinae"/>
            <span end="48" id="15819996-6239" start="42">murine</span>
        </annotation>
        <annotation annotator="Mike Bada" id="organism_Instance_34902" type="identity">
            <class id="NCBITaxon:10088" label="Mus"/>
            <span end="320" id="15819996-6241" start="316">mice</span>
        </annotation>
        <annotation annotator="Mike Bada" id="organism_Instance_34906" type="identity">
            <class id="NCBITaxon:10088" label="Mus"/>
            <span end="546" id="15819996-6243" start="541">mouse</span>
        </annotation>
        <annotation annotator="Mike Bada" id="organism_Instance_34910" type="identity">
            <class id="NCBITaxon:10088" label="Mus"/>
            <span end="624" id="15819996-6245" start="619">mouse</span>
        </annotation>
        <annotation annotator="Mike Bada" id="organism_Instance_34914" type="identity">
            <class id="NCBITaxon:39107" label="Murinae"/>
            <span end="1740" id="15819996-6247" start="1734">murine</span>
        </annotation>
        <annotation annotator="Mike Bada" id="organism_Instance_34918" type="identity">
            <class id="NCBITaxon:33208" label="Metazoa"/>
            <span end="1837" id="15819996-6249" start="1831">animal</span>
        </annotation>
        <annotation annotator="Mike Bada" id="organism_Instance_34922" type="identity">
            <class id="NCBITaxon:10088" label="Mus"/>
            <span end="4413" id="15819996-6251" start="4409">mice</span>
        </annotation>
        <annotation annotator="Mike Bada" id="organism_Instance_34926" type="identity">
            <class id="NCBITaxon:10088" label="Mus"/>
            <span end="4464" id="15819996-6253" start="4459">mouse</span>
        </annotation>
        <annotation annotator="Mike Bada" id="organism_Instance_34930" type="identity">
            <class id="NCBITaxon:10088" label="Mus"/>
            <span end="4524" id="15819996-6255" start="4519">mouse</span>
        </annotation>
        <annotation annotator="Mike Bada" id="organism_Instance_34934" type="identity">
            <class id="NCBITaxon:10088" label="Mus"/>
            <span end="4631" id="15819996-6257" start="4627">mice</span>
        </annotation>
        <annotation annotator="Mike Bada" id="organism_Instance_34938" type="identity">
            <class id="NCBITaxon:10088" label="Mus"/>
            <span end="4662" id="15819996-6259" start="4657">mouse</span>
        </annotation>
        <annotation annotator="Mike Bada" id="organism_Instance_34942" type="identity">
            <class id="NCBITaxon:39107" label="Murinae"/>
            <span end="5749" id="15819996-6261" start="5743">Murine</span>
        </annotation>
        <annotation annotator="Mike Bada" id="organism_Instance_34946" type="identity">
            <class id="NCBITaxon:10088" label="Mus"/>
            <span end="5924" id="15819996-6263" start="5920">mice</span>
        </annotation>
        <annotation annotator="Mike Bada" id="organism_Instance_34950" type="identity">
            <class id="NCBITaxon:10088" label="Mus"/>
            <span end="7203" id="15819996-6265" start="7198">mouse</span>
        </annotation>
        <annotation annotator="Mike Bada" id="organism_Instance_190260" type="identity">
            <class id="NCBITaxon:10088" label="Mus"/>
            <span end="7477" id="15819996-6215" start="7472">mouse</span>
        </annotation>
        <annotation annotator="Mike Bada" id="organism_Instance_190265" type="identity">
            <class id="NCBITaxon:10088" label="Mus"/>
            <span end="7984" id="15819996-6217" start="7979">mouse</span>
        </annotation>
        <annotation annotator="Mike Bada" id="organism_Instance_190270" type="identity">
            <class id="NCBITaxon:10088" label="Mus"/>
            <span end="8456" id="15819996-6219" start="8451">mouse</span>
        </annotation>
        <annotation annotator="Mike Bada" id="organism_Instance_34954" type="identity">
            <class id="NCBITaxon:10088" label="Mus"/>
            <span end="8722" id="15819996-6267" start="8717">mouse</span>
        </annotation>
        <annotation annotator="Mike Bada" id="organism_Instance_34970" type="identity">
            <class id="NCBITaxon:10088" label="Mus"/>
            <span end="10920" id="15819996-6269" start="10915">mouse</span>
        </annotation>
        <annotation annotator="Mike Bada" id="organism_Instance_34978" type="identity">
            <class id="NCBITaxon:39107" label="Murinae"/>
            <span end="11328" id="15819996-6271" start="11322">murine</span>
        </annotation>
        <annotation annotator="Mike Bada" id="organism_Instance_34982" type="identity">
            <class id="NCBITaxon:10088" label="Mus"/>
            <span end="12288" id="15819996-6273" start="12284">mice</span>
        </annotation>
        <annotation annotator="Mike Bada" id="organism_Instance_34990" type="identity">
            <class id="NCBITaxon:10088" label="Mus"/>
            <span end="13572" id="15819996-6275" start="13567">mouse</span>
        </annotation>
        <annotation annotator="Mike Bada" id="organism_Instance_34998" type="identity">
            <class id="NCBITaxon:10088" label="Mus"/>
            <span end="14704" id="15819996-6277" start="14700">mice</span>
        </annotation>
        <annotation annotator="Mike Bada" id="organism_Instance_35002" type="identity">
            <class id="NCBITaxon:10088" label="Mus"/>
            <span end="14971" id="15819996-6279" start="14966">mouse</span>
        </annotation>
        <annotation annotator="Mike Bada" id="organism_Instance_35006" type="identity">
            <class id="NCBITaxon:10088" label="Mus"/>
            <span end="15045" id="15819996-6281" start="15040">mouse</span>
        </annotation>
        <annotation annotator="Mike Bada" id="organism_Instance_35022" type="identity">
            <class id="NCBITaxon:10088" label="Mus"/>
            <span end="16136" id="15819996-6283" start="16131">mouse</span>
        </annotation>
        <annotation annotator="Mike Bada" id="organism_Instance_35034" type="identity">
            <class id="NCBITaxon:10088" label="Mus"/>
            <span end="16624" id="15819996-6285" start="16620">mice</span>
        </annotation>
        <annotation annotator="Mike Bada" id="organism_Instance_35038" type="identity">
            <class id="NCBITaxon:10088" label="Mus"/>
            <span end="17500" id="15819996-6287" start="17495">mouse</span>
        </annotation>
        <annotation annotator="Mike Bada" id="organism_Instance_35042" type="identity">
            <class id="NCBITaxon:9606" label="Homo sapiens"/>
            <span end="17751" id="15819996-6289" start="17746">human</span>
        </annotation>
        <annotation annotator="Mike Bada" id="organism_Instance_35046" type="identity">
            <class id="NCBITaxon:9606" label="Homo sapiens"/>
            <span end="17775" id="15819996-6291" start="17770">human</span>
        </annotation>
        <annotation annotator="Mike Bada" id="organism_Instance_190299" type="identity">
            <class id="NCBITaxon:1" label="root"/>
            <span end="17814" id="15819996-6221" start="17803">individuals</span>
        </annotation>
        <annotation annotator="Mike Bada" id="organism_Instance_35050" type="identity">
            <class id="NCBITaxon:9606" label="Homo sapiens"/>
            <span end="18380" id="15819996-6293" start="18375">human</span>
        </annotation>
        <annotation annotator="Mike Bada" id="organism_Instance_35054" type="identity">
            <class id="NCBITaxon:9606" label="Homo sapiens"/>
            <span end="18489" id="15819996-6295" start="18484">human</span>
        </annotation>
        <annotation annotator="Mike Bada" id="organism_Instance_35058" type="identity">
            <class id="NCBITaxon:9606" label="Homo sapiens"/>
            <span end="18642" id="15819996-6297" start="18637">human</span>
        </annotation>
        <annotation annotator="Mike Bada" id="organism_Instance_35062" type="identity">
            <class id="NCBITaxon:10088" label="Mus"/>
            <span end="19378" id="15819996-6299" start="19374">mice</span>
        </annotation>
        <annotation annotator="Mike Bada" id="organism_Instance_35070" type="identity">
            <class id="NCBITaxon:10088" label="Mus"/>
            <span end="22457" id="15819996-6301" start="22452">mouse</span>
        </annotation>
        <annotation annotator="Mike Bada" id="organism_Instance_35074" type="identity">
            <class id="NCBITaxon:9606" label="Homo sapiens"/>
            <span end="24618" id="15819996-6303" start="24613">human</span>
        </annotation>
        <annotation annotator="Mike Bada" id="organism_Instance_35078" type="identity">
            <class id="NCBITaxon:39107" label="Murinae"/>
            <span end="25074" id="15819996-6305" start="25068">murine</span>
        </annotation>
        <annotation annotator="Mike Bada" id="organism_Instance_35082" type="identity">
            <class id="NCBITaxon:10088" label="Mus"/>
            <span end="25210" id="15819996-6307" start="25205">mouse</span>
        </annotation>
        <annotation annotator="Mike Bada" id="organism_Instance_35086" type="identity">
            <class id="NCBITaxon:9606" label="Homo sapiens"/>
            <span end="25220" id="15819996-6309" start="25215">human</span>
        </annotation>
        <annotation annotator="Mike Bada" id="organism_Instance_35090" type="identity">
            <class id="NCBITaxon:9606" label="Homo sapiens"/>
            <span end="25265" id="15819996-6311" start="25260">human</span>
        </annotation>
        <annotation annotator="Mike Bada" id="organism_Instance_35094" type="identity">
            <class id="NCBITaxon:9606" label="Homo sapiens"/>
            <span end="25318" id="15819996-6313" start="25313">human</span>
        </annotation>
        <annotation annotator="Mike Bada" id="organism_Instance_35102" type="identity">
            <class id="NCBITaxon:9606" label="Homo sapiens"/>
            <span end="25818" id="15819996-6315" start="25813">human</span>
        </annotation>
        <annotation annotator="Mike Bada" id="organism_Instance_35106" type="identity">
            <class id="NCBITaxon:10088" label="Mus"/>
            <span end="25905" id="15819996-6317" start="25901">mice</span>
        </annotation>
        <annotation annotator="Mike Bada" id="organism_Instance_35110" type="identity">
            <class id="NCBITaxon:9606" label="Homo sapiens"/>
            <span end="26206" id="15819996-6319" start="26201">human</span>
        </annotation>
        <annotation annotator="Mike Bada" id="organism_Instance_35114" type="identity">
            <class id="NCBITaxon:39107" label="Murinae"/>
            <span end="26487" id="15819996-6321" start="26481">murine</span>
        </annotation>
        <annotation annotator="Mike Bada" id="organism_Instance_35118" type="identity">
            <class id="NCBITaxon:10088" label="Mus"/>
            <span end="26558" id="15819996-6323" start="26553">mouse</span>
        </annotation>
        <annotation annotator="Mike Bada" id="organism_Instance_35122" type="identity">
            <class id="NCBITaxon:10088" label="Mus"/>
            <span end="27065" id="15819996-6325" start="27061">mice</span>
        </annotation>
        <annotation annotator="Mike Bada" id="organism_Instance_35126" type="identity">
            <class id="NCBITaxon:10088" label="Mus"/>
            <span end="27230" id="15819996-6327" start="27225">mouse</span>
        </annotation>
        <annotation annotator="Mike Bada" id="organism_Instance_35130" type="identity">
            <class id="NCBITaxon:10114" label="Rattus"/>
            <span end="28116" id="15819996-6329" start="28113">rat</span>
        </annotation>
        <annotation annotator="Mike Bada" id="organism_Instance_35134" type="identity">
            <class id="NCBITaxon:9606" label="Homo sapiens"/>
            <span end="28971" id="15819996-6331" start="28966">human</span>
        </annotation>
        <annotation annotator="Mike Bada" id="organism_Instance_35142" type="identity">
            <class id="NCBITaxon:39107" label="Murinae"/>
            <span end="31099" id="15819996-6333" start="31093">murine</span>
        </annotation>
        <annotation annotator="Mike Bada" id="organism_Instance_190329" type="identity">
            <class id="NCBITaxon:33208" label="Metazoa"/>
            <span end="31648" id="15819996-6223" start="31641">Animals</span>
        </annotation>
        <annotation annotator="Mike Bada" id="organism_Instance_35146" type="identity">
            <class id="NCBITaxon:10088" label="Mus"/>
            <span end="31690" id="15819996-6335" start="31686">mice</span>
        </annotation>
        <annotation annotator="Mike Bada" id="organism_Instance_35150" type="identity">
            <class id="NCBITaxon:33208" label="Metazoa"/>
            <span end="31783" id="15819996-6337" start="31777">animal</span>
        </annotation>
        <annotation annotator="Mike Bada" id="organism_Instance_35154" type="identity">
            <class id="NCBITaxon:33208" label="Metazoa"/>
            <span end="31882" id="15819996-6339" start="31875">Animals</span>
        </annotation>
        <annotation annotator="Mike Bada" id="organism_Instance_35158" type="identity">
            <class id="NCBITaxon:33208" label="Metazoa"/>
            <span end="32199" id="15819996-6341" start="32192">animals</span>
        </annotation>
        <annotation annotator="Mike Bada" id="organism_Instance_35162" type="identity">
            <class id="NCBITaxon:10088" label="Mus"/>
            <span end="32272" id="15819996-6343" start="32268">mice</span>
        </annotation>
        <annotation annotator="Mike Bada" id="organism_Instance_190340" type="identity">
            <class id="NCBITaxon:9606" label="Homo sapiens"/>
            <span end="32632" id="15819996-6225" start="32627">Human</span>
        </annotation>
        <annotation annotator="Mike Bada" id="organism_Instance_35166" type="identity">
            <class id="NCBITaxon:9606" label="Homo sapiens"/>
            <span end="32657" id="15819996-6345" start="32652">human</span>
        </annotation>
        <annotation annotator="Mike Bada" id="organism_Instance_35170" type="identity">
            <class id="NCBITaxon:10088" label="Mus"/>
            <span end="33317" id="15819996-6347" start="33312">mouse</span>
        </annotation>
        <annotation annotator="Mike Bada" id="organism_Instance_35174" type="identity">
            <class id="NCBITaxon:10088" label="Mus"/>
            <span end="33469" id="15819996-6349" start="33464">mouse</span>
        </annotation>
        <annotation annotator="Mike Bada" id="organism_Instance_35178" type="identity">
            <class id="NCBITaxon:9925" label="Capra hircus"/>
            <span end="33909" id="15819996-6351" start="33905">goat</span>
        </annotation>
        <annotation annotator="Mike Bada" id="organism_Instance_190349" type="identity">
            <class id="NCBITaxon:10088" label="Mus"/>
            <span end="33920" id="15819996-6227" start="33915">mouse</span>
        </annotation>
        <annotation annotator="Mike Bada" id="organism_Instance_35182" type="identity">
            <class id="NCBITaxon:9925" label="Capra hircus"/>
            <span end="33989" id="15819996-6353" start="33985">goat</span>
        </annotation>
        <annotation annotator="Mike Bada" id="organism_Instance_190355" type="identity">
            <class id="NCBITaxon:10088" label="Mus"/>
            <span end="34000" id="15819996-6229" start="33995">mouse</span>
        </annotation>
        <annotation annotator="Mike Bada" id="organism_Instance_35186" type="identity">
            <class id="NCBITaxon:9925" label="Capra hircus"/>
            <span end="34143" id="15819996-6355" start="34139">goat</span>
        </annotation>
        <annotation annotator="Mike Bada" id="organism_Instance_190363" type="identity">
            <class id="NCBITaxon:9986" label="Oryctolagus cuniculus"/>
            <span end="34155" id="15819996-6231" start="34149">rabbit</span>
        </annotation>
        <annotation annotator="Mike Bada" id="organism_Instance_190368" type="identity">
            <class id="NCBITaxon:10088" label="Mus"/>
            <span end="34245" id="15819996-6233" start="34240">mouse</span>
        </annotation>
        <annotation annotator="Mike Bada" id="organism_Instance_35190" type="identity">
            <class id="NCBITaxon:10088" label="Mus"/>
            <span end="34279" id="15819996-6357" start="34274">mouse</span>
        </annotation>
        <annotation annotator="Mike Bada" id="organism_Instance_241515" type="identity">
            <class id="NCBITaxon_EXT:fish" label="fish"/>
            <span end="34968" id="15819996-6237" start="34964">fish</span>
        </annotation>
        <annotation annotator="Mike Bada" id="organism_Instance_35194" type="identity">
            <class id="NCBITaxon:9925" label="Capra hircus"/>
            <span end="35004" id="15819996-6359" start="35000">goat</span>
        </annotation>
        <annotation annotator="Mike Bada" id="organism_Instance_35198" type="identity">
            <class id="NCBITaxon:10088" label="Mus"/>
            <span end="35495" id="15819996-6361" start="35490">mouse</span>
        </annotation>
        <annotation annotator="Mike Bada" id="organism_Instance_35202" type="identity">
            <class id="NCBITaxon:9606" label="Homo sapiens"/>
            <span end="35649" id="15819996-6363" start="35644">human</span>
        </annotation>
        <annotation annotator="Mike Bada" id="organism_Instance_35206" type="identity">
            <class id="NCBITaxon:9606" label="Homo sapiens"/>
            <span end="35684" id="15819996-6365" start="35679">human</span>
        </annotation>
        <annotation annotator="Mike Bada" id="organism_Instance_190389" type="identity">
            <class id="NCBITaxon:10088" label="Mus"/>
            <span end="35956" id="15819996-6235" start="35951">mouse</span>
        </annotation>
        <annotation annotator="Mike Bada" id="organism_Instance_35210" type="identity">
            <class id="NCBITaxon:39107" label="Murinae"/>
            <span end="36250" id="15819996-6367" start="36244">murine</span>
        </annotation>
        <annotation annotator="Mike Bada" id="organism_Instance_35214" type="identity">
            <class id="NCBITaxon:10114" label="Rattus"/>
            <span end="36293" id="15819996-6369" start="36290">rat</span>
        </annotation>
        <annotation annotator="Mike Bada" id="organism_Instance_35218" type="identity">
            <class id="NCBITaxon:10114" label="Rattus"/>
            <span end="36341" id="15819996-6371" start="36338">rat</span>
        </annotation>
        <annotation annotator="Mike Bada" id="organism_Instance_35222" type="identity">
            <class id="NCBITaxon:10088" label="Mus"/>
            <span end="38453" id="15819996-6373" start="38448">mouse</span>
        </annotation>
        <annotation annotator="Mike Bada" id="organism_Instance_35226" type="identity">
            <class id="NCBITaxon:10088" label="Mus"/>
            <span end="38736" id="15819996-6375" start="38731">mouse</span>
        </annotation>
        <annotation annotator="Mike Bada" id="organism_Instance_35230" type="identity">
            <class id="NCBITaxon:10088" label="Mus"/>
            <span end="39263" id="15819996-6377" start="39258">mouse</span>
        </annotation>
        <annotation annotator="Mike Bada" id="organism_Instance_35234" type="identity">
            <class id="NCBITaxon:9606" label="Homo sapiens"/>
            <span end="39340" id="15819996-6379" start="39335">human</span>
        </annotation>
        <graph-space id="Old Knowtator Relations"/>
    </document>
</knowtator-project>
