<?xml version="1.0" encoding="UTF-8" standalone="no"?>
<knowtator-project>
  <document id="15836427" text-file="15836427.txt">
    <annotation annotator="Mike Bada" id="organism_Instance_35238" type="identity">
      <class id="NCBITaxon:10088" label="Mus"/>
      <span end="549" id="15836427-6406" start="544">mouse</span>
    </annotation>
    <annotation annotator="Mike Bada" id="organism_Instance_35242" type="identity">
      <class id="NCBITaxon:10088" label="Mus"/>
      <span end="2280" id="15836427-6408" start="2276">mice</span>
    </annotation>
    <annotation annotator="Mike Bada" id="organism_Instance_35246" type="identity">
      <class id="NCBITaxon:7215" label="Drosophila"/>
      <span end="2746" id="15836427-6410" start="2736">Drosophila</span>
    </annotation>
    <annotation annotator="Mike Bada" id="organism_Instance_35250" type="identity">
      <class id="NCBITaxon:7742" label="Vertebrata"/>
      <span end="2762" id="15836427-6412" start="2751">vertebrates</span>
    </annotation>
    <annotation annotator="Mike Bada" id="organism_Instance_35254" type="identity">
      <class id="NCBITaxon:7215" label="Drosophila"/>
      <span end="2884" id="15836427-6414" start="2874">Drosophila</span>
    </annotation>
    <annotation annotator="Mike Bada" id="organism_Instance_35258" type="identity">
      <class id="NCBITaxon:7742" label="Vertebrata"/>
      <span end="3066" id="15836427-6416" start="3055">vertebrates</span>
    </annotation>
    <annotation annotator="Mike Bada" id="organism_Instance_35262" type="identity">
      <class id="NCBITaxon:10088" label="Mus"/>
      <span end="4330" id="15836427-6418" start="4325">mouse</span>
    </annotation>
    <annotation annotator="Mike Bada" id="organism_Instance_35266" type="identity">
      <class id="NCBITaxon:10088" label="Mus"/>
      <span end="6900" id="15836427-6420" start="6896">mice</span>
    </annotation>
    <annotation annotator="Mike Bada" id="organism_Instance_35270" type="identity">
      <class id="NCBITaxon:10088" label="Mus"/>
      <span end="8166" id="15836427-6422" start="8162">mice</span>
    </annotation>
    <annotation annotator="Mike Bada" id="organism_Instance_35274" type="identity">
      <class id="NCBITaxon:10088" label="Mus"/>
      <span end="8815" id="15836427-6424" start="8811">mice</span>
    </annotation>
    <annotation annotator="Mike Bada" id="organism_Instance_35278" type="identity">
      <class id="NCBITaxon:10088" label="Mus"/>
      <span end="9285" id="15836427-6426" start="9281">mice</span>
    </annotation>
    <annotation annotator="Mike Bada" id="organism_Instance_35282" type="identity">
      <class id="NCBITaxon:10088" label="Mus"/>
      <span end="9385" id="15836427-6428" start="9381">mice</span>
    </annotation>
    <annotation annotator="Mike Bada" id="organism_Instance_35286" type="identity">
      <class id="NCBITaxon:10088" label="Mus"/>
      <span end="9447" id="15836427-6430" start="9443">mice</span>
    </annotation>
    <annotation annotator="Mike Bada" id="organism_Instance_35290" type="identity">
      <class id="NCBITaxon:10088" label="Mus"/>
      <span end="9567" id="15836427-6432" start="9563">mice</span>
    </annotation>
    <annotation annotator="Mike Bada" id="organism_Instance_35294" type="identity">
      <class id="NCBITaxon:10088" label="Mus"/>
      <span end="9850" id="15836427-6434" start="9846">mice</span>
    </annotation>
    <annotation annotator="Mike Bada" id="organism_Instance_35298" type="identity">
      <class id="NCBITaxon:10088" label="Mus"/>
      <span end="10573" id="15836427-6436" start="10568">mouse</span>
    </annotation>
    <annotation annotator="Mike Bada" id="organism_Instance_35302" type="identity">
      <class id="NCBITaxon:10088" label="Mus"/>
      <span end="10776" id="15836427-6438" start="10772">mice</span>
    </annotation>
    <annotation annotator="Mike Bada" id="organism_Instance_35310" type="identity">
      <class id="NCBITaxon:10088" label="Mus"/>
      <span end="15602" id="15836427-6440" start="15598">mice</span>
    </annotation>
    <annotation annotator="Mike Bada" id="organism_Instance_35314" type="identity">
      <class id="NCBITaxon:10088" label="Mus"/>
      <span end="15952" id="15836427-6442" start="15948">mice</span>
    </annotation>
    <annotation annotator="Mike Bada" id="organism_Instance_35318" type="identity">
      <class id="NCBITaxon:10088" label="Mus"/>
      <span end="16641" id="15836427-6444" start="16637">mice</span>
    </annotation>
    <annotation annotator="Mike Bada" id="organism_Instance_35322" type="identity">
      <class id="NCBITaxon:10088" label="Mus"/>
      <span end="20434" id="15836427-6446" start="20430">mice</span>
    </annotation>
    <annotation annotator="Mike Bada" id="organism_Instance_35326" type="identity">
      <class id="NCBITaxon:10088" label="Mus"/>
      <span end="20479" id="15836427-6448" start="20475">mice</span>
    </annotation>
    <annotation annotator="Mike Bada" id="organism_Instance_35330" type="identity">
      <class id="NCBITaxon:10088" label="Mus"/>
      <span end="22244" id="15836427-6450" start="22240">mice</span>
    </annotation>
    <annotation annotator="Mike Bada" id="organism_Instance_35334" type="identity">
      <class id="NCBITaxon:10088" label="Mus"/>
      <span end="24864" id="15836427-6452" start="24860">mice</span>
    </annotation>
    <annotation annotator="Mike Bada" id="organism_Instance_35338" type="identity">
      <class id="NCBITaxon:7215" label="Drosophila"/>
      <span end="25944" id="15836427-6454" start="25934">Drosophila</span>
    </annotation>
    <annotation annotator="Mike Bada" id="organism_Instance_35342" type="identity">
      <class id="NCBITaxon:7215" label="Drosophila"/>
      <span end="26233" id="15836427-6456" start="26223">Drosophila</span>
    </annotation>
    <annotation annotator="Mike Bada" id="organism_Instance_35346" type="identity">
      <class id="NCBITaxon:7742" label="Vertebrata"/>
      <span end="26249" id="15836427-6458" start="26238">vertebrates</span>
    </annotation>
    <annotation annotator="Mike Bada" id="organism_Instance_35350" type="identity">
      <class id="NCBITaxon:7215" label="Drosophila"/>
      <span end="28518" id="15836427-6460" start="28508">Drosophila</span>
    </annotation>
    <annotation annotator="Mike Bada" id="organism_Instance_35354" type="identity">
      <class id="NCBITaxon:10088" label="Mus"/>
      <span end="29584" id="15836427-6462" start="29580">mice</span>
    </annotation>
    <annotation annotator="Mike Bada" id="organism_Instance_35358" type="identity">
      <class id="NCBITaxon:10088" label="Mus"/>
      <span end="29594" id="15836427-6464" start="29589">mouse</span>
    </annotation>
    <annotation annotator="Mike Bada" id="organism_Instance_35362" type="identity">
      <class id="NCBITaxon:10088" label="Mus"/>
      <span end="29622" id="15836427-6466" start="29618">mice</span>
    </annotation>
    <annotation annotator="Mike Bada" id="organism_Instance_35366" type="identity">
      <class id="NCBITaxon:10088" label="Mus"/>
      <span end="29719" id="15836427-6468" start="29715">mice</span>
    </annotation>
    <annotation annotator="Mike Bada" id="organism_Instance_35370" type="identity">
      <class id="NCBITaxon:10088" label="Mus"/>
      <span end="30217" id="15836427-6470" start="30213">mice</span>
    </annotation>
    <annotation annotator="Mike Bada" id="organism_Instance_35378" type="identity">
      <class id="NCBITaxon:10088" label="Mus"/>
      <span end="30754" id="15836427-6472" start="30750">mice</span>
    </annotation>
    <annotation annotator="Mike Bada" id="organism_Instance_35382" type="identity">
      <class id="NCBITaxon:10088" label="Mus"/>
      <span end="30761" id="15836427-6474" start="30756">mouse</span>
    </annotation>
    <annotation annotator="Mike Bada" id="organism_Instance_35386" type="identity">
      <class id="NCBITaxon:10088" label="Mus"/>
      <span end="30926" id="15836427-6476" start="30921">mouse</span>
    </annotation>
    <annotation annotator="Mike Bada" id="organism_Instance_35390" type="identity">
      <class id="NCBITaxon:10088" label="Mus"/>
      <span end="31357" id="15836427-6478" start="31353">mice</span>
    </annotation>
    <annotation annotator="Mike Bada" id="organism_Instance_35394" type="identity">
      <class id="NCBITaxon:33208" label="Metazoa"/>
      <span end="31446" id="15836427-6480" start="31439">animals</span>
    </annotation>
    <annotation annotator="Mike Bada" id="organism_Instance_35398" type="identity">
      <class id="NCBITaxon:10088" label="Mus"/>
      <span end="31527" id="15836427-6482" start="31523">mice</span>
    </annotation>
    <annotation annotator="Mike Bada" id="organism_Instance_35402" type="identity">
      <class id="NCBITaxon:10088" label="Mus"/>
      <span end="31621" id="15836427-6484" start="31617">mice</span>
    </annotation>
    <annotation annotator="Mike Bada" id="organism_Instance_35406" type="identity">
      <class id="NCBITaxon:10088" label="Mus"/>
      <span end="31692" id="15836427-6486" start="31687">mouse</span>
    </annotation>
    <annotation annotator="Mike Bada" id="organism_Instance_35410" type="identity">
      <class id="NCBITaxon:33208" label="Metazoa"/>
      <span end="31747" id="15836427-6488" start="31740">animals</span>
    </annotation>
    <annotation annotator="Mike Bada" id="NCBITAXON_2015_03_02_Instance_0" type="identity">
      <class id="NCBITaxon:11886" label="Rous sarcoma virus"/>
      <span end="32078" id="15836427-6384" start="32075">RSV</span>
    </annotation>
    <annotation annotator="Mike Bada" id="NCBITAXON_2015_03_02_Instance_10005" type="identity">
      <class id="NCBITaxon:11886" label="Rous sarcoma virus"/>
      <span end="32137" id="15836427-6386" start="32134">RSV</span>
    </annotation>
    <annotation annotator="Mike Bada" id="NCBITAXON_2015_03_02_Instance_10010" type="identity">
      <class id="NCBITaxon:11886" label="Rous sarcoma virus"/>
      <span end="32151" id="15836427-6388" start="32148">RSV</span>
    </annotation>
    <annotation annotator="Mike Bada" id="NCBITAXON_2015_03_02_Instance_10015" type="identity">
      <class id="NCBITaxon:11886" label="Rous sarcoma virus"/>
      <span end="32198" id="15836427-6390" start="32195">RSV</span>
    </annotation>
    <annotation annotator="Mike Bada" id="NCBITAXON_2015_03_02_Instance_10020" type="identity">
      <class id="NCBITaxon:11886" label="Rous sarcoma virus"/>
      <span end="32215" id="15836427-6392" start="32212">RSV</span>
    </annotation>
    <annotation annotator="Mike Bada" id="NCBITAXON_2015_03_02_Instance_10025" type="identity">
      <class id="NCBITaxon:11886" label="Rous sarcoma virus"/>
      <span end="32324" id="15836427-6394" start="32321">RSV</span>
    </annotation>
    <annotation annotator="Mike Bada" id="NCBITAXON_2015_03_02_Instance_10030" type="identity">
      <class id="NCBITaxon:11886" label="Rous sarcoma virus"/>
      <span end="32830" id="15836427-6396" start="32827">RSV</span>
    </annotation>
    <annotation annotator="Mike Bada" id="NCBITAXON_2015_03_02_Instance_10035" type="identity">
      <class id="NCBITaxon:11886" label="Rous sarcoma virus"/>
      <span end="32845" id="15836427-6398" start="32842">RSV</span>
    </annotation>
    <annotation annotator="Mike Bada" id="NCBITAXON_2015_03_02_Instance_10040" type="identity">
      <class id="NCBITaxon:11886" label="Rous sarcoma virus"/>
      <span end="32862" id="15836427-6400" start="32859">RSV</span>
    </annotation>
    <annotation annotator="Mike Bada" id="organism_Instance_35426" type="identity">
      <class id="NCBITaxon:10088" label="Mus"/>
      <span end="33331" id="15836427-6490" start="33326">mouse</span>
    </annotation>
    <annotation annotator="Mike Bada" id="organism_Instance_35430" type="identity">
      <class id="NCBITaxon:10114" label="Rattus"/>
      <span end="33352" id="15836427-6492" start="33349">rat</span>
    </annotation>
    <annotation annotator="Mike Bada" id="organism_Instance_35434" type="identity">
      <class id="NCBITaxon:9986" label="Oryctolagus cuniculus"/>
      <span end="33437" id="15836427-6494" start="33431">rabbit</span>
    </annotation>
    <annotation annotator="Mike Bada" id="organism_Instance_35438" type="identity">
      <class id="NCBITaxon:9986" label="Oryctolagus cuniculus"/>
      <span end="33460" id="15836427-6496" start="33454">rabbit</span>
    </annotation>
    <annotation annotator="Mike Bada" id="organism_Instance_35442" type="identity">
      <class id="NCBITaxon:9986" label="Oryctolagus cuniculus"/>
      <span end="33483" id="15836427-6498" start="33477">rabbit</span>
    </annotation>
    <annotation annotator="Mike Bada" id="organism_Instance_35446" type="identity">
      <class id="NCBITaxon:9986" label="Oryctolagus cuniculus"/>
      <span end="33504" id="15836427-6500" start="33498">rabbit</span>
    </annotation>
    <annotation annotator="Mike Bada" id="organism_Instance_35450" type="identity">
      <class id="NCBITaxon:9986" label="Oryctolagus cuniculus"/>
      <span end="33572" id="15836427-6502" start="33566">rabbit</span>
    </annotation>
    <annotation annotator="Mike Bada" id="organism_Instance_35454" type="identity">
      <class id="NCBITaxon:9986" label="Oryctolagus cuniculus"/>
      <span end="33595" id="15836427-6504" start="33589">rabbit</span>
    </annotation>
    <annotation annotator="Mike Bada" id="organism_Instance_35458" type="identity">
      <class id="NCBITaxon:9986" label="Oryctolagus cuniculus"/>
      <span end="33652" id="15836427-6506" start="33646">rabbit</span>
    </annotation>
    <annotation annotator="Mike Bada" id="organism_Instance_35462" type="identity">
      <class id="NCBITaxon:9986" label="Oryctolagus cuniculus"/>
      <span end="33718" id="15836427-6508" start="33712">rabbit</span>
    </annotation>
    <annotation annotator="Mike Bada" id="organism_Instance_35466" type="identity">
      <class id="NCBITaxon:9986" label="Oryctolagus cuniculus"/>
      <span end="33778" id="15836427-6510" start="33772">rabbit</span>
    </annotation>
    <annotation annotator="Mike Bada" id="organism_Instance_35470" type="identity">
      <class id="NCBITaxon:9986" label="Oryctolagus cuniculus"/>
      <span end="33819" id="15836427-6512" start="33813">rabbit</span>
    </annotation>
    <annotation annotator="Mike Bada" id="organism_Instance_35474" type="identity">
      <class id="NCBITaxon:9986" label="Oryctolagus cuniculus"/>
      <span end="33874" id="15836427-6514" start="33868">rabbit</span>
    </annotation>
    <annotation annotator="Mike Bada" id="organism_Instance_35478" type="identity">
      <class id="NCBITaxon:9986" label="Oryctolagus cuniculus"/>
      <span end="33933" id="15836427-6516" start="33927">rabbit</span>
    </annotation>
    <annotation annotator="Mike Bada" id="organism_Instance_35482" type="identity">
      <class id="NCBITaxon:10088" label="Mus"/>
      <span end="33974" id="15836427-6518" start="33969">mouse</span>
    </annotation>
    <annotation annotator="Mike Bada" id="organism_Instance_35486" type="identity">
      <class id="NCBITaxon:9940" label="Ovis aries"/>
      <span end="34070" id="15836427-6520" start="34065">sheep</span>
    </annotation>
    <annotation annotator="Mike Bada" id="organism_Instance_35490" type="identity">
      <class id="NCBITaxon:9925" label="Capra hircus"/>
      <span end="34122" id="15836427-6522" start="34118">goat</span>
    </annotation>
    <annotation annotator="Mike Bada" id="organism_Instance_35494" type="identity">
      <class id="NCBITaxon:9925" label="Capra hircus"/>
      <span end="34143" id="15836427-6524" start="34139">goat</span>
    </annotation>
    <annotation annotator="Mike Bada" id="organism_Instance_35498" type="identity">
      <class id="NCBITaxon:10140" label="Cavia"/>
      <span end="34197" id="15836427-6526" start="34187">guinea pig</span>
    </annotation>
    <annotation annotator="Mike Bada" id="organism_Instance_35502" type="identity">
      <class id="NCBITaxon:33208" label="Metazoa"/>
      <span end="34927" id="15836427-6528" start="34920">animals</span>
    </annotation>
    <annotation annotator="Mike Bada" id="organism_Instance_190484" type="identity">
      <class id="NCBITaxon:10088" label="Mus"/>
      <span end="37580" id="15836427-6402" start="37576">Mice</span>
    </annotation>
    <annotation annotator="Mike Bada" id="organism_Instance_35506" type="identity">
      <class id="NCBITaxon:33208" label="Metazoa"/>
      <span end="38440" id="15836427-6530" start="38433">animals</span>
    </annotation>
    <annotation annotator="Mike Bada" id="organism_Instance_35510" type="identity">
      <class id="NCBITaxon:10088" label="Mus"/>
      <span end="38652" id="15836427-6532" start="38648">Mice</span>
    </annotation>
    <annotation annotator="Mike Bada" id="organism_Instance_190493" type="identity">
      <class id="NCBITaxon:10088" label="Mus"/>
      <span end="40344" id="15836427-6404" start="40340">Mice</span>
    </annotation>
    <annotation annotator="Mike Bada" id="organism_Instance_35522" type="identity">
      <class id="NCBITaxon:10088" label="Mus"/>
      <span end="41021" id="15836427-6534" start="41017">mice</span>
    </annotation>
    <annotation annotator="Mike Bada" id="organism_Instance_35526" type="identity">
      <class id="NCBITaxon:10088" label="Mus"/>
      <span end="41611" id="15836427-6536" start="41607">mice</span>
    </annotation>
    <annotation annotator="Mike Bada" id="organism_Instance_35530" type="identity">
      <class id="NCBITaxon:10088" label="Mus"/>
      <span end="42967" id="15836427-6538" start="42963">mice</span>
    </annotation>
    <annotation annotator="Mike Bada" id="organism_Instance_35538" type="identity">
      <class id="NCBITaxon:10088" label="Mus"/>
      <span end="44911" id="15836427-6540" start="44907">mice</span>
    </annotation>
    <annotation annotator="Mike Bada" id="organism_Instance_35542" type="identity">
      <class id="NCBITaxon:10088" label="Mus"/>
      <span end="45103" id="15836427-6542" start="45099">mice</span>
    </annotation>
    <annotation annotator="Mike Bada" id="organism_Instance_35546" type="identity">
      <class id="NCBITaxon:10088" label="Mus"/>
      <span end="45378" id="15836427-6544" start="45374">mice</span>
    </annotation>
    <annotation annotator="Mike Bada" id="organism_Instance_35554" type="identity">
      <class id="NCBITaxon:10088" label="Mus"/>
      <span end="51530" id="15836427-6546" start="51526">mice</span>
    </annotation>
    <graph-space id="Old Knowtator Relations"/>
  </document>
</knowtator-project>
