<?xml version="1.0" encoding="UTF-8" standalone="no"?>
<knowtator-project>
  <document id="16098226" text-file="16098226.txt">
    <annotation annotator="Mike Bada" id="organism_Instance_191999" type="identity">
      <class id="NCBITaxon:1" label="root"/>
      <span end="256" id="16098226-7305" start="245">Individuals</span>
    </annotation>
    <annotation annotator="Mike Bada" id="organism_Instance_39525" type="identity">
      <class id="NCBITaxon_EXT:yeast" label="yeast"/>
      <span end="635" id="16098226-7313" start="630">Yeast</span>
    </annotation>
    <annotation annotator="Mike Bada" id="organism_Instance_39533" type="identity">
      <class id="NCBITaxon:9606" label="Homo sapiens"/>
      <span end="1722" id="16098226-7315" start="1717">human</span>
    </annotation>
    <annotation annotator="Mike Bada" id="organism_Instance_39541" type="identity">
      <class id="NCBITaxon:9606" label="Homo sapiens"/>
      <span end="1969" id="16098226-7317" start="1966">man</span>
    </annotation>
    <annotation annotator="Mike Bada" id="organism_Instance_39549" type="identity">
      <class id="NCBITaxon:10088" label="Mus"/>
      <span end="1979" id="16098226-7319" start="1974">mouse</span>
    </annotation>
    <annotation annotator="Mike Bada" id="organism_Instance_39569" type="identity">
      <class id="NCBITaxon:10088" label="Mus"/>
      <span end="2235" id="16098226-7323" start="2231">mice</span>
    </annotation>
    <annotation annotator="Mike Bada" id="organism_Instance_39559" type="identity">
      <class id="NCBITaxon:10114" label="Rattus"/>
      <span end="2243" id="16098226-7321" start="2239">rats</span>
    </annotation>
    <annotation annotator="Mike Bada" id="organism_Instance_192004" type="identity">
      <class id="NCBITaxon:1" label="root"/>
      <span end="4497" id="16098226-7307" start="4486">individuals</span>
    </annotation>
    <annotation annotator="Mike Bada" id="organism_Instance_39574" type="identity">
      <class id="NCBITaxon_EXT:yeast" label="yeast"/>
      <span end="5485" id="16098226-7325" start="5480">yeast</span>
    </annotation>
    <annotation annotator="Mike Bada" id="organism_Instance_281661" type="identity">
      <class id="NCBITaxon:species" label="species"/>
      <span end="6112" id="16098226-7309" start="6105">species</span>
    </annotation>
    <annotation annotator="Mike Bada" id="organism_Instance_39582" type="identity">
      <class id="NCBITaxon:8296" label="Ambystoma mexicanum"/>
      <span end="6128" id="16098226-7327" start="6121">axolotl</span>
    </annotation>
    <annotation annotator="Mike Bada" id="organism_Instance_39590" type="identity">
      <class id="NCBITaxon:8296" label="Ambystoma mexicanum"/>
      <span end="6149" id="16098226-7329" start="6130">Ambystoma mexicanum</span>
    </annotation>
    <annotation annotator="Mike Bada" id="organism_Instance_39597" type="identity">
      <class id="NCBITaxon:7625" label="Echinoidea"/>
      <span end="6165" id="16098226-7331" start="6155">sea urchin</span>
    </annotation>
    <annotation annotator="Mike Bada" id="organism_Instance_39605" type="identity">
      <class id="NCBITaxon:7656" label="Paracentrotus lividus"/>
      <span end="6188" id="16098226-7333" start="6167">Paracentrotus lividus</span>
    </annotation>
    <annotation annotator="Mike Bada" id="organism_Instance_281663" type="identity">
      <class id="NCBITaxon:species" label="species"/>
      <span end="6344" id="16098226-7311" start="6337">species</span>
    </annotation>
    <annotation annotator="Mike Bada" id="organism_Instance_39612" type="identity">
      <class id="NCBITaxon_EXT:yeast" label="yeast"/>
      <span end="8006" id="16098226-7335" start="8001">Yeast</span>
    </annotation>
    <annotation annotator="Mike Bada" id="organism_Instance_39619" type="identity">
      <class id="NCBITaxon_EXT:yeast" label="yeast"/>
      <span end="8186" id="16098226-7337" start="8181">yeast</span>
    </annotation>
    <annotation annotator="Mike Bada" id="organism_Instance_39627" type="identity">
      <class id="NCBITaxon_EXT:yeast" label="yeast"/>
      <span end="8300" id="16098226-7339" start="8295">yeast</span>
    </annotation>
    <annotation annotator="Mike Bada" id="organism_Instance_39635" type="identity">
      <class id="NCBITaxon:10088" label="Mus"/>
      <span end="8352" id="16098226-7341" start="8347">mouse</span>
    </annotation>
    <annotation annotator="Mike Bada" id="organism_Instance_39643" type="identity">
      <class id="NCBITaxon:9606" label="Homo sapiens"/>
      <span end="8383" id="16098226-7343" start="8378">human</span>
    </annotation>
    <annotation annotator="Mike Bada" id="organism_Instance_39651" type="identity">
      <class id="NCBITaxon:9606" label="Homo sapiens"/>
      <span end="8493" id="16098226-7345" start="8490">man</span>
    </annotation>
    <annotation annotator="Mike Bada" id="organism_Instance_39659" type="identity">
      <class id="NCBITaxon:10088" label="Mus"/>
      <span end="8503" id="16098226-7347" start="8498">mouse</span>
    </annotation>
    <annotation annotator="Mike Bada" id="organism_Instance_39667" type="identity">
      <class id="NCBITaxon:10088" label="Mus"/>
      <span end="8529" id="16098226-7349" start="8524">mouse</span>
    </annotation>
    <annotation annotator="Mike Bada" id="organism_Instance_39683" type="identity">
      <class id="NCBITaxon:10088" label="Mus"/>
      <span end="10736" id="16098226-7351" start="10731">mouse</span>
    </annotation>
    <annotation annotator="Mike Bada" id="organism_Instance_39691" type="identity">
      <class id="NCBITaxon:1910954" label="Phix174microvirus"/>
      <span end="11038" id="16098226-7353" start="11033">Φ×174</span>
    </annotation>
    <annotation annotator="Mike Bada" id="organism_Instance_39698" type="identity">
      <class id="NCBITaxon_EXT:yeast" label="yeast"/>
      <span end="11389" id="16098226-7355" start="11384">Yeast</span>
    </annotation>
    <annotation annotator="Mike Bada" id="organism_Instance_39705" type="identity">
      <class id="NCBITaxon:1" label="root"/>
      <span end="15858" id="16098226-7357" start="15847">individuals</span>
    </annotation>
    <annotation annotator="Mike Bada" id="organism_Instance_39712" type="identity">
      <class id="NCBITaxon_EXT:yeast" label="yeast"/>
      <span end="17650" id="16098226-7359" start="17645">yeast</span>
    </annotation>
    <annotation annotator="Mike Bada" id="organism_Instance_39720" type="identity">
      <class id="NCBITaxon:10088" label="Mus"/>
      <span end="19561" id="16098226-7361" start="19556">mouse</span>
    </annotation>
    <annotation annotator="Mike Bada" id="organism_Instance_39730" type="identity">
      <class id="NCBITaxon:10088" label="Mus"/>
      <span end="21224" id="16098226-7363" start="21219">mouse</span>
    </annotation>
    <annotation annotator="Mike Bada" id="organism_Instance_39734" type="identity">
      <class id="NCBITaxon_EXT:quail" label="quail"/>
      <span end="21231" id="16098226-7365" start="21226">quail</span>
    </annotation>
    <annotation annotator="Mike Bada" id="organism_Instance_39741" type="identity">
      <class id="NCBITaxon:6231" label="Nematoda"/>
      <span end="21244" id="16098226-7367" start="21236">nematode</span>
    </annotation>
    <annotation annotator="Mike Bada" id="organism_Instance_39748" type="identity">
      <class id="NCBITaxon:10088" label="Mus"/>
      <span end="21383" id="16098226-7369" start="21379">mice</span>
    </annotation>
    <annotation annotator="Mike Bada" id="organism_Instance_39756" type="identity">
      <class id="NCBITaxon:9606" label="Homo sapiens"/>
      <span end="22452" id="16098226-7371" start="22447">human</span>
    </annotation>
    <annotation annotator="Mike Bada" id="organism_Instance_39766" type="identity">
      <class id="NCBITaxon:1" label="root"/>
      <span end="24601" id="16098226-7373" start="24590">individuals</span>
    </annotation>
    <annotation annotator="Mike Bada" id="organism_Instance_39771" type="identity">
      <class id="NCBITaxon:9606" label="Homo sapiens"/>
      <span end="25380" id="16098226-7375" start="25375">human</span>
    </annotation>
    <annotation annotator="Mike Bada" id="organism_Instance_39779" type="identity">
      <class id="NCBITaxon_EXT:yeast" label="yeast"/>
      <span end="25512" id="16098226-7377" start="25507">Yeast</span>
    </annotation>
    <annotation annotator="Mike Bada" id="organism_Instance_39786" type="identity">
      <class id="NCBITaxon:9606" label="Homo sapiens"/>
      <span end="25591" id="16098226-7379" start="25586">human</span>
    </annotation>
    <annotation annotator="Mike Bada" id="organism_Instance_39794" type="identity">
      <class id="NCBITaxon:9606" label="Homo sapiens"/>
      <span end="25658" id="16098226-7381" start="25653">Human</span>
    </annotation>
    <annotation annotator="Mike Bada" id="organism_Instance_39802" type="identity">
      <class id="NCBITaxon_EXT:yeast" label="yeast"/>
      <span end="25906" id="16098226-7383" start="25901">yeast</span>
    </annotation>
    <annotation annotator="Mike Bada" id="organism_Instance_39810" type="identity">
      <class id="NCBITaxon_EXT:yeast" label="yeast"/>
      <span end="27400" id="16098226-7385" start="27395">Yeast</span>
    </annotation>
    <annotation annotator="Mike Bada" id="organism_Instance_39817" type="identity">
      <class id="NCBITaxon:10088" label="Mus"/>
      <span end="27436" id="16098226-7387" start="27431">mouse</span>
    </annotation>
    <annotation annotator="Mike Bada" id="organism_Instance_39832" type="identity">
      <class id="NCBITaxon_EXT:yeast" label="yeast"/>
      <span end="27631" id="16098226-7389" start="27626">yeast</span>
    </annotation>
    <annotation annotator="Mike Bada" id="organism_Instance_39840" type="identity">
      <class id="NCBITaxon_EXT:yeast" label="yeast"/>
      <span end="28327" id="16098226-7391" start="28322">yeast</span>
    </annotation>
    <annotation annotator="Mike Bada" id="organism_Instance_39848" type="identity">
      <class id="NCBITaxon_EXT:yeast" label="yeast"/>
      <span end="28517" id="16098226-7393" start="28512">yeast</span>
    </annotation>
    <annotation annotator="Mike Bada" id="organism_Instance_39870" type="identity">
      <class id="NCBITaxon_EXT:yeast" label="yeast"/>
      <span end="29030" id="16098226-7395" start="29025">yeast</span>
    </annotation>
    <annotation annotator="Mike Bada" id="organism_Instance_39878" type="identity">
      <class id="NCBITaxon:1910954" label="Phix174microvirus"/>
      <span end="30829" id="16098226-7397" start="30824">ΦX174</span>
    </annotation>
    <annotation annotator="Mike Bada" id="organism_Instance_39885" type="identity">
      <class id="NCBITaxon_EXT:yeast" label="yeast"/>
      <span end="31353" id="16098226-7399" start="31348">yeast</span>
    </annotation>
    <graph-space id="Old Knowtator Relations"/>
  </document>
</knowtator-project>
