<?xml version="1.0" encoding="UTF-8" standalone="no"?>
<knowtator-project>
    <document id="16109169" text-file="16109169.txt">
        <annotation annotator="Mike Bada" id="organism_Instance_40287" type="identity">
            <class id="NCBITaxon:10088" label="Mus"/>
            <span end="119" id="16109169-7602" start="114">mouse</span>
        </annotation>
        <annotation annotator="Mike Bada" id="organism_Instance_40292" type="identity">
            <class id="NCBITaxon:10088" label="Mus"/>
            <span end="3767" id="16109169-7604" start="3762">mouse</span>
        </annotation>
        <annotation annotator="Mike Bada" id="organism_Instance_40297" type="identity">
            <class id="NCBITaxon:10088" label="Mus"/>
            <span end="3794" id="16109169-7606" start="3789">mouse</span>
        </annotation>
        <annotation annotator="Mike Bada" id="organism_Instance_40302" type="identity">
            <class id="NCBITaxon:10088" label="Mus"/>
            <span end="3908" id="16109169-7608" start="3903">mouse</span>
        </annotation>
        <annotation annotator="Mike Bada" id="organism_Instance_40307" type="identity">
            <class id="NCBITaxon:1" label="root"/>
            <span end="4030" id="16109169-7610" start="4022">organism</span>
        </annotation>
        <annotation annotator="Mike Bada" id="organism_Instance_40312" type="identity">
            <class id="NCBITaxon:40674" label="Mammalia"/>
            <span end="4051" id="16109169-7612" start="4042">mammalian</span>
        </annotation>
        <annotation annotator="Mike Bada" id="organism_Instance_40317" type="identity">
            <class id="NCBITaxon:10088" label="Mus"/>
            <span end="4383" id="16109169-7614" start="4378">mouse</span>
        </annotation>
        <annotation annotator="Mike Bada" id="organism_Instance_40322" type="identity">
            <class id="NCBITaxon:10088" label="Mus"/>
            <span end="16584" id="16109169-7616" start="16579">mouse</span>
        </annotation>
        <annotation annotator="Mike Bada" id="organism_Instance_40327" type="identity">
            <class id="NCBITaxon:10114" label="Rattus"/>
            <span end="21274" id="16109169-7618" start="21271">rat</span>
        </annotation>
        <annotation annotator="Mike Bada" id="organism_Instance_40337" type="identity">
            <class id="NCBITaxon:10088" label="Mus"/>
            <span end="30399" id="16109169-7620" start="30395">mice</span>
        </annotation>
        <annotation annotator="Mike Bada" id="organism_Instance_40342" type="identity">
            <class id="NCBITaxon:10088" label="Mus"/>
            <span end="30657" id="16109169-7622" start="30652">mouse</span>
        </annotation>
        <annotation annotator="Mike Bada" id="organism_Instance_140000" type="identity">
            <class id="NCBITaxon:10088" label="Mus"/>
            <span end="32233" id="16109169-7600" start="32229">Mice</span>
        </annotation>
        <annotation annotator="Mike Bada" id="organism_Instance_40347" type="identity">
            <class id="NCBITaxon:10088" label="Mus"/>
            <span end="32267" id="16109169-7624" start="32263">mice</span>
        </annotation>
        <annotation annotator="Mike Bada" id="organism_Instance_40352" type="identity">
            <class id="NCBITaxon:10088" label="Mus"/>
            <span end="32342" id="16109169-7626" start="32337">mouse</span>
        </annotation>
        <annotation annotator="Mike Bada" id="organism_Instance_40357" type="identity">
            <class id="NCBITaxon:33208" label="Metazoa"/>
            <span end="32514" id="16109169-7628" start="32508">Animal</span>
        </annotation>
        <annotation annotator="Mike Bada" id="organism_Instance_40362" type="identity">
            <class id="NCBITaxon:10114" label="Rattus"/>
            <span end="34425" id="16109169-7630" start="34422">rat</span>
        </annotation>
        <annotation annotator="Mike Bada" id="organism_Instance_40367" type="identity">
            <class id="NCBITaxon:10088" label="Mus"/>
            <span end="34687" id="16109169-7632" start="34682">mouse</span>
        </annotation>
        <annotation annotator="Mike Bada" id="organism_Instance_40372" type="identity">
            <class id="NCBITaxon:10088" label="Mus"/>
            <span end="35321" id="16109169-7634" start="35317">mice</span>
        </annotation>
        <annotation annotator="Mike Bada" id="organism_Instance_40377" type="identity">
            <class id="NCBITaxon:33208" label="Metazoa"/>
            <span end="35512" id="16109169-7636" start="35506">animal</span>
        </annotation>
        <graph-space id="Old Knowtator Relations"/>
    </document>
</knowtator-project>
