<?xml version="1.0" encoding="UTF-8" standalone="no"?>
<knowtator-project>
  <document id="16121255" text-file="16121255.txt">
    <annotation annotator="Mike Bada" id="organism_Instance_40732" type="identity">
      <class id="NCBITaxon:10088" label="Mus"/>
      <span end="26" id="16121255-7823" start="22">Mice</span>
    </annotation>
    <annotation annotator="Mike Bada" id="organism_Instance_40737" type="identity">
      <class id="NCBITaxon:9606" label="Homo sapiens"/>
      <span end="224" id="16121255-7825" start="219">Human</span>
    </annotation>
    <annotation annotator="Mike Bada" id="organism_Instance_40742" type="identity">
      <class id="NCBITaxon:33208" label="Metazoa"/>
      <span end="500" id="16121255-7827" start="494">animal</span>
    </annotation>
    <annotation annotator="Mike Bada" id="organism_Instance_40747" type="identity">
      <class id="NCBITaxon:10088" label="Mus"/>
      <span end="578" id="16121255-7829" start="574">mice</span>
    </annotation>
    <annotation annotator="Mike Bada" id="organism_Instance_40752" type="identity">
      <class id="NCBITaxon:10088" label="Mus"/>
      <span end="640" id="16121255-7831" start="635">mouse</span>
    </annotation>
    <annotation annotator="Mike Bada" id="organism_Instance_40757" type="identity">
      <class id="NCBITaxon:39107" label="Murinae"/>
      <span end="730" id="16121255-7833" start="724">murine</span>
    </annotation>
    <annotation annotator="Mike Bada" id="organism_Instance_40762" type="identity">
      <class id="NCBITaxon:10088" label="Mus"/>
      <span end="754" id="16121255-7835" start="750">mice</span>
    </annotation>
    <annotation annotator="Mike Bada" id="organism_Instance_40767" type="identity">
      <class id="NCBITaxon:9606" label="Homo sapiens"/>
      <span end="815" id="16121255-7837" start="810">human</span>
    </annotation>
    <annotation annotator="Mike Bada" id="organism_Instance_40772" type="identity">
      <class id="NCBITaxon:33208" label="Metazoa"/>
      <span end="988" id="16121255-7839" start="981">animals</span>
    </annotation>
    <annotation annotator="Mike Bada" id="organism_Instance_40777" type="identity">
      <class id="NCBITaxon:1" label="root"/>
      <span end="1141" id="16121255-7841" start="1133">organism</span>
    </annotation>
    <annotation annotator="Mike Bada" id="organism_Instance_40782" type="identity">
      <class id="NCBITaxon:10088" label="Mus"/>
      <span end="1357" id="16121255-7843" start="1352">mouse</span>
    </annotation>
    <annotation annotator="Mike Bada" id="organism_Instance_40787" type="identity">
      <class id="NCBITaxon:33208" label="Metazoa"/>
      <span end="2416" id="16121255-7845" start="2409">animals</span>
    </annotation>
    <annotation annotator="Mike Bada" id="organism_Instance_40792" type="identity">
      <class id="NCBITaxon:10088" label="Mus"/>
      <span end="2484" id="16121255-7847" start="2479">mouse</span>
    </annotation>
    <annotation annotator="Mike Bada" id="organism_Instance_40797" type="identity">
      <class id="NCBITaxon:10088" label="Mus"/>
      <span end="2635" id="16121255-7849" start="2630">mouse</span>
    </annotation>
    <annotation annotator="Mike Bada" id="organism_Instance_40802" type="identity">
      <class id="NCBITaxon:10088" label="Mus"/>
      <span end="2746" id="16121255-7851" start="2741">mouse</span>
    </annotation>
    <annotation annotator="Mike Bada" id="organism_Instance_40807" type="identity">
      <class id="NCBITaxon:33208" label="Metazoa"/>
      <span end="2858" id="16121255-7853" start="2851">animals</span>
    </annotation>
    <annotation annotator="Mike Bada" id="organism_Instance_200048" type="identity">
      <class id="NCBITaxon:9606" label="Homo sapiens"/>
      <span end="4927" id="16121255-7795" start="4921">humans</span>
    </annotation>
    <annotation annotator="Mike Bada" id="organism_Instance_40817" type="identity">
      <class id="NCBITaxon:10088" label="Mus"/>
      <span end="5285" id="16121255-7855" start="5280">mouse</span>
    </annotation>
    <annotation annotator="Mike Bada" id="organism_Instance_40822" type="identity">
      <class id="NCBITaxon:9606" label="Homo sapiens"/>
      <span end="5379" id="16121255-7857" start="5374">human</span>
    </annotation>
    <annotation annotator="Mike Bada" id="organism_Instance_40827" type="identity">
      <class id="NCBITaxon:10088" label="Mus"/>
      <span end="5389" id="16121255-7859" start="5385">mice</span>
    </annotation>
    <annotation annotator="Mike Bada" id="organism_Instance_40832" type="identity">
      <class id="NCBITaxon:10088" label="Mus"/>
      <span end="5487" id="16121255-7861" start="5482">mouse</span>
    </annotation>
    <annotation annotator="Mike Bada" id="organism_Instance_40837" type="identity">
      <class id="NCBITaxon:10088" label="Mus"/>
      <span end="5573" id="16121255-7863" start="5569">mice</span>
    </annotation>
    <annotation annotator="Mike Bada" id="NCBITAXON_2015_03_02_backup_Instance_21037" type="identity">
      <class id="NCBITaxon_UBERON_EXT:pup" label="pup"/>
      <span end="5643" id="16121255-7793" start="5639">pups</span>
    </annotation>
    <annotation annotator="Mike Bada" id="organism_Instance_40842" type="identity">
      <class id="NCBITaxon:10088" label="Mus"/>
      <span end="5732" id="16121255-7865" start="5727">mouse</span>
    </annotation>
    <annotation annotator="Mike Bada" id="organism_Instance_40847" type="identity">
      <class id="NCBITaxon:1" label="root"/>
      <span end="5767" id="16121255-7867" start="5759">organism</span>
    </annotation>
    <annotation annotator="Mike Bada" id="organism_Instance_40852" type="identity">
      <class id="NCBITaxon:10088" label="Mus"/>
      <span end="5879" id="16121255-7869" start="5874">mouse</span>
    </annotation>
    <annotation annotator="Mike Bada" id="organism_Instance_40857" type="identity">
      <class id="NCBITaxon:39107" label="Murinae"/>
      <span end="5975" id="16121255-7871" start="5969">murine</span>
    </annotation>
    <annotation annotator="Mike Bada" id="organism_Instance_40862" type="identity">
      <class id="NCBITaxon:10088" label="Mus"/>
      <span end="6120" id="16121255-7873" start="6115">mouse</span>
    </annotation>
    <annotation annotator="Mike Bada" id="organism_Instance_200053" type="identity">
      <class id="NCBITaxon:9608" label="Canidae"/>
      <span end="6420" id="16121255-7797" start="6414">canine</span>
    </annotation>
    <annotation annotator="Mike Bada" id="organism_Instance_40867" type="identity">
      <class id="NCBITaxon:40674" label="Mammalia"/>
      <span end="6678" id="16121255-7875" start="6672">mammal</span>
    </annotation>
    <annotation annotator="Mike Bada" id="organism_Instance_40872" type="identity">
      <class id="NCBITaxon:33208" label="Metazoa"/>
      <span end="6790" id="16121255-7877" start="6784">animal</span>
    </annotation>
    <annotation annotator="Mike Bada" id="organism_Instance_40877" type="identity">
      <class id="NCBITaxon:10088" label="Mus"/>
      <span end="6895" id="16121255-7879" start="6891">mice</span>
    </annotation>
    <annotation annotator="Mike Bada" id="organism_Instance_40882" type="identity">
      <class id="NCBITaxon:10088" label="Mus"/>
      <span end="7139" id="16121255-7881" start="7135">mice</span>
    </annotation>
    <annotation annotator="Mike Bada" id="organism_Instance_40887" type="identity">
      <class id="NCBITaxon:10088" label="Mus"/>
      <span end="7274" id="16121255-7883" start="7270">mice</span>
    </annotation>
    <annotation annotator="Mike Bada" id="organism_Instance_40892" type="identity">
      <class id="NCBITaxon:7742" label="Vertebrata"/>
      <span end="7696" id="16121255-7885" start="7686">vertebrate</span>
    </annotation>
    <annotation annotator="Mike Bada" id="organism_Instance_281673" type="identity">
      <class id="NCBITaxon:species" label="species"/>
      <span end="7704" id="16121255-7821" start="7697">species</span>
    </annotation>
    <annotation annotator="Mike Bada" id="organism_Instance_40897" type="identity">
      <class id="NCBITaxon:7742" label="Vertebrata"/>
      <span end="7809" id="16121255-7887" start="7799">vertebrate</span>
    </annotation>
    <annotation annotator="Mike Bada" id="organism_Instance_40902" type="identity">
      <class id="NCBITaxon:10088" label="Mus"/>
      <span end="7892" id="16121255-7889" start="7888">mice</span>
    </annotation>
    <annotation annotator="Mike Bada" id="organism_Instance_40907" type="identity">
      <class id="NCBITaxon:10088" label="Mus"/>
      <span end="8202" id="16121255-7891" start="8198">mice</span>
    </annotation>
    <annotation annotator="Mike Bada" id="organism_Instance_40912" type="identity">
      <class id="NCBITaxon:33208" label="Metazoa"/>
      <span end="8460" id="16121255-7893" start="8453">animals</span>
    </annotation>
    <annotation annotator="Mike Bada" id="organism_Instance_40917" type="identity">
      <class id="NCBITaxon:10088" label="Mus"/>
      <span end="8631" id="16121255-7895" start="8627">mice</span>
    </annotation>
    <annotation annotator="Mike Bada" id="organism_Instance_40922" type="identity">
      <class id="NCBITaxon:10088" label="Mus"/>
      <span end="8711" id="16121255-7897" start="8707">mice</span>
    </annotation>
    <annotation annotator="Mike Bada" id="organism_Instance_40927" type="identity">
      <class id="NCBITaxon:10088" label="Mus"/>
      <span end="8777" id="16121255-7899" start="8773">mice</span>
    </annotation>
    <annotation annotator="Mike Bada" id="organism_Instance_40932" type="identity">
      <class id="NCBITaxon:10088" label="Mus"/>
      <span end="9095" id="16121255-7901" start="9091">mice</span>
    </annotation>
    <annotation annotator="Mike Bada" id="organism_Instance_40937" type="identity">
      <class id="NCBITaxon:10088" label="Mus"/>
      <span end="9239" id="16121255-7903" start="9235">mice</span>
    </annotation>
    <annotation annotator="Mike Bada" id="organism_Instance_40942" type="identity">
      <class id="NCBITaxon:33208" label="Metazoa"/>
      <span end="9368" id="16121255-7905" start="9361">animals</span>
    </annotation>
    <annotation annotator="Mike Bada" id="organism_Instance_200059" type="identity">
      <class id="NCBITaxon:1" label="root"/>
      <span end="9627" id="16121255-7799" start="9617">individual</span>
    </annotation>
    <annotation annotator="Mike Bada" id="organism_Instance_40947" type="identity">
      <class id="NCBITaxon:10088" label="Mus"/>
      <span end="9668" id="16121255-7907" start="9663">mouse</span>
    </annotation>
    <annotation annotator="Mike Bada" id="organism_Instance_40952" type="identity">
      <class id="NCBITaxon:33208" label="Metazoa"/>
      <span end="9725" id="16121255-7909" start="9718">animals</span>
    </annotation>
    <annotation annotator="Mike Bada" id="organism_Instance_40957" type="identity">
      <class id="NCBITaxon:10088" label="Mus"/>
      <span end="10037" id="16121255-7911" start="10033">mice</span>
    </annotation>
    <annotation annotator="Mike Bada" id="organism_Instance_40962" type="identity">
      <class id="NCBITaxon:33208" label="Metazoa"/>
      <span end="10103" id="16121255-7913" start="10096">animals</span>
    </annotation>
    <annotation annotator="Mike Bada" id="organism_Instance_40967" type="identity">
      <class id="NCBITaxon:10088" label="Mus"/>
      <span end="10164" id="16121255-7915" start="10160">mice</span>
    </annotation>
    <annotation annotator="Mike Bada" id="organism_Instance_40972" type="identity">
      <class id="NCBITaxon:33208" label="Metazoa"/>
      <span end="10211" id="16121255-7917" start="10205">animal</span>
    </annotation>
    <annotation annotator="Mike Bada" id="organism_Instance_40977" type="identity">
      <class id="NCBITaxon:33208" label="Metazoa"/>
      <span end="10265" id="16121255-7919" start="10258">animals</span>
    </annotation>
    <annotation annotator="Mike Bada" id="organism_Instance_40982" type="identity">
      <class id="NCBITaxon:10088" label="Mus"/>
      <span end="10302" id="16121255-7921" start="10298">mice</span>
    </annotation>
    <annotation annotator="Mike Bada" id="organism_Instance_40987" type="identity">
      <class id="NCBITaxon:10088" label="Mus"/>
      <span end="10490" id="16121255-7923" start="10486">mice</span>
    </annotation>
    <annotation annotator="Mike Bada" id="organism_Instance_40992" type="identity">
      <class id="NCBITaxon:10088" label="Mus"/>
      <span end="10554" id="16121255-7925" start="10550">mice</span>
    </annotation>
    <annotation annotator="Mike Bada" id="organism_Instance_40997" type="identity">
      <class id="NCBITaxon:10088" label="Mus"/>
      <span end="10663" id="16121255-7927" start="10659">mice</span>
    </annotation>
    <annotation annotator="Mike Bada" id="organism_Instance_41002" type="identity">
      <class id="NCBITaxon:10088" label="Mus"/>
      <span end="10725" id="16121255-7929" start="10721">mice</span>
    </annotation>
    <annotation annotator="Mike Bada" id="organism_Instance_41007" type="identity">
      <class id="NCBITaxon:10088" label="Mus"/>
      <span end="10791" id="16121255-7931" start="10787">mice</span>
    </annotation>
    <annotation annotator="Mike Bada" id="organism_Instance_41012" type="identity">
      <class id="NCBITaxon:33208" label="Metazoa"/>
      <span end="11806" id="16121255-7933" start="11799">animals</span>
    </annotation>
    <annotation annotator="Mike Bada" id="organism_Instance_41017" type="identity">
      <class id="NCBITaxon:33208" label="Metazoa"/>
      <span end="11832" id="16121255-7935" start="11825">animals</span>
    </annotation>
    <annotation annotator="Mike Bada" id="organism_Instance_41022" type="identity">
      <class id="NCBITaxon:33208" label="Metazoa"/>
      <span end="12019" id="16121255-7937" start="12012">animals</span>
    </annotation>
    <annotation annotator="Mike Bada" id="organism_Instance_41027" type="identity">
      <class id="NCBITaxon:33208" label="Metazoa"/>
      <span end="12325" id="16121255-7939" start="12318">animals</span>
    </annotation>
    <annotation annotator="Mike Bada" id="organism_Instance_41032" type="identity">
      <class id="NCBITaxon:10088" label="Mus"/>
      <span end="12485" id="16121255-7941" start="12481">mice</span>
    </annotation>
    <annotation annotator="Mike Bada" id="organism_Instance_41037" type="identity">
      <class id="NCBITaxon:10088" label="Mus"/>
      <span end="12552" id="16121255-7943" start="12548">mice</span>
    </annotation>
    <annotation annotator="Mike Bada" id="organism_Instance_200064" type="identity">
      <class id="NCBITaxon:9606" label="Homo sapiens"/>
      <span end="12619" id="16121255-7801" start="12613">humans</span>
    </annotation>
    <annotation annotator="Mike Bada" id="organism_Instance_41042" type="identity">
      <class id="NCBITaxon:9606" label="Homo sapiens"/>
      <span end="12862" id="16121255-7945" start="12857">human</span>
    </annotation>
    <annotation annotator="Mike Bada" id="organism_Instance_41047" type="identity">
      <class id="NCBITaxon:10088" label="Mus"/>
      <span end="13109" id="16121255-7947" start="13104">mouse</span>
    </annotation>
    <annotation annotator="Mike Bada" id="organism_Instance_41052" type="identity">
      <class id="NCBITaxon:33208" label="Metazoa"/>
      <span end="13195" id="16121255-7949" start="13189">animal</span>
    </annotation>
    <annotation annotator="Mike Bada" id="organism_Instance_41057" type="identity">
      <class id="NCBITaxon:10088" label="Mus"/>
      <span end="13365" id="16121255-7951" start="13361">mice</span>
    </annotation>
    <annotation annotator="Mike Bada" id="organism_Instance_41062" type="identity">
      <class id="NCBITaxon:33208" label="Metazoa"/>
      <span end="13503" id="16121255-7953" start="13496">animals</span>
    </annotation>
    <annotation annotator="Mike Bada" id="organism_Instance_41067" type="identity">
      <class id="NCBITaxon:10088" label="Mus"/>
      <span end="13889" id="16121255-7955" start="13885">mice</span>
    </annotation>
    <annotation annotator="Mike Bada" id="organism_Instance_41072" type="identity">
      <class id="NCBITaxon:10088" label="Mus"/>
      <span end="14131" id="16121255-7957" start="14126">mouse</span>
    </annotation>
    <annotation annotator="Mike Bada" id="organism_Instance_41077" type="identity">
      <class id="NCBITaxon:10088" label="Mus"/>
      <span end="14315" id="16121255-7959" start="14311">mice</span>
    </annotation>
    <annotation annotator="Mike Bada" id="organism_Instance_200069" type="identity">
      <class id="NCBITaxon:33208" label="Metazoa"/>
      <span end="15868" id="16121255-7803" start="15861">Animals</span>
    </annotation>
    <annotation annotator="Mike Bada" id="organism_Instance_41082" type="identity">
      <class id="NCBITaxon:33208" label="Metazoa"/>
      <span end="16212" id="16121255-7961" start="16205">animals</span>
    </annotation>
    <annotation annotator="Mike Bada" id="organism_Instance_41087" type="identity">
      <class id="NCBITaxon:10088" label="Mus"/>
      <span end="16367" id="16121255-7963" start="16363">mice</span>
    </annotation>
    <annotation annotator="Mike Bada" id="organism_Instance_41092" type="identity">
      <class id="NCBITaxon:10088" label="Mus"/>
      <span end="17151" id="16121255-7965" start="17147">mice</span>
    </annotation>
    <annotation annotator="Mike Bada" id="organism_Instance_41097" type="identity">
      <class id="NCBITaxon:10088" label="Mus"/>
      <span end="20147" id="16121255-7967" start="20143">mice</span>
    </annotation>
    <annotation annotator="Mike Bada" id="organism_Instance_41102" type="identity">
      <class id="NCBITaxon:10088" label="Mus"/>
      <span end="20353" id="16121255-7969" start="20348">mouse</span>
    </annotation>
    <annotation annotator="Mike Bada" id="organism_Instance_200106" type="identity">
      <class id="NCBITaxon:9606" label="Homo sapiens"/>
      <span end="20400" id="16121255-7805" start="20394">humans</span>
    </annotation>
    <annotation annotator="Mike Bada" id="organism_Instance_41107" type="identity">
      <class id="NCBITaxon:10088" label="Mus"/>
      <span end="20490" id="16121255-7971" start="20486">mice</span>
    </annotation>
    <annotation annotator="Mike Bada" id="organism_Instance_41112" type="identity">
      <class id="NCBITaxon:10088" label="Mus"/>
      <span end="20614" id="16121255-7973" start="20610">mice</span>
    </annotation>
    <annotation annotator="Mike Bada" id="organism_Instance_41117" type="identity">
      <class id="NCBITaxon:10088" label="Mus"/>
      <span end="20798" id="16121255-7975" start="20793">mouse</span>
    </annotation>
    <annotation annotator="Mike Bada" id="organism_Instance_41122" type="identity">
      <class id="NCBITaxon:9606" label="Homo sapiens"/>
      <span end="20853" id="16121255-7977" start="20848">human</span>
    </annotation>
    <annotation annotator="Mike Bada" id="organism_Instance_41127" type="identity">
      <class id="NCBITaxon:10088" label="Mus"/>
      <span end="20927" id="16121255-7979" start="20923">mice</span>
    </annotation>
    <annotation annotator="Mike Bada" id="organism_Instance_41132" type="identity">
      <class id="NCBITaxon:10088" label="Mus"/>
      <span end="21225" id="16121255-7981" start="21221">mice</span>
    </annotation>
    <annotation annotator="Mike Bada" id="organism_Instance_41137" type="identity">
      <class id="NCBITaxon:10088" label="Mus"/>
      <span end="21320" id="16121255-7983" start="21316">mice</span>
    </annotation>
    <annotation annotator="Mike Bada" id="organism_Instance_41142" type="identity">
      <class id="NCBITaxon:33208" label="Metazoa"/>
      <span end="21536" id="16121255-7985" start="21529">animals</span>
    </annotation>
    <annotation annotator="Mike Bada" id="organism_Instance_41147" type="identity">
      <class id="NCBITaxon:33208" label="Metazoa"/>
      <span end="22940" id="16121255-7987" start="22933">animals</span>
    </annotation>
    <annotation annotator="Mike Bada" id="organism_Instance_41152" type="identity">
      <class id="NCBITaxon:33208" label="Metazoa"/>
      <span end="23252" id="16121255-7989" start="23245">animals</span>
    </annotation>
    <annotation annotator="Mike Bada" id="organism_Instance_41157" type="identity">
      <class id="NCBITaxon:10088" label="Mus"/>
      <span end="23746" id="16121255-7991" start="23742">mice</span>
    </annotation>
    <annotation annotator="Mike Bada" id="organism_Instance_41162" type="identity">
      <class id="NCBITaxon:10088" label="Mus"/>
      <span end="23801" id="16121255-7993" start="23797">mice</span>
    </annotation>
    <annotation annotator="Mike Bada" id="organism_Instance_41167" type="identity">
      <class id="NCBITaxon:10088" label="Mus"/>
      <span end="23866" id="16121255-7995" start="23862">mice</span>
    </annotation>
    <annotation annotator="Mike Bada" id="organism_Instance_41172" type="identity">
      <class id="NCBITaxon:33208" label="Metazoa"/>
      <span end="24199" id="16121255-7997" start="24192">animals</span>
    </annotation>
    <annotation annotator="Mike Bada" id="organism_Instance_41177" type="identity">
      <class id="NCBITaxon:10088" label="Mus"/>
      <span end="24569" id="16121255-7999" start="24565">mice</span>
    </annotation>
    <annotation annotator="Mike Bada" id="organism_Instance_41182" type="identity">
      <class id="NCBITaxon:10088" label="Mus"/>
      <span end="25134" id="16121255-8001" start="25130">mice</span>
    </annotation>
    <annotation annotator="Mike Bada" id="organism_Instance_41187" type="identity">
      <class id="NCBITaxon:9606" label="Homo sapiens"/>
      <span end="25528" id="16121255-8003" start="25523">human</span>
    </annotation>
    <annotation annotator="Mike Bada" id="organism_Instance_41192" type="identity">
      <class id="NCBITaxon:9606" label="Homo sapiens"/>
      <span end="25882" id="16121255-8005" start="25877">human</span>
    </annotation>
    <annotation annotator="Mike Bada" id="organism_Instance_41197" type="identity">
      <class id="NCBITaxon:10088" label="Mus"/>
      <span end="25898" id="16121255-8007" start="25893">mouse</span>
    </annotation>
    <annotation annotator="Mike Bada" id="organism_Instance_41202" type="identity">
      <class id="NCBITaxon:10088" label="Mus"/>
      <span end="26120" id="16121255-8009" start="26116">mice</span>
    </annotation>
    <annotation annotator="Mike Bada" id="organism_Instance_41207" type="identity">
      <class id="NCBITaxon:10088" label="Mus"/>
      <span end="26163" id="16121255-8011" start="26159">mice</span>
    </annotation>
    <annotation annotator="Mike Bada" id="organism_Instance_41212" type="identity">
      <class id="NCBITaxon:10088" label="Mus"/>
      <span end="26202" id="16121255-8013" start="26198">Mice</span>
    </annotation>
    <annotation annotator="Mike Bada" id="organism_Instance_41217" type="identity">
      <class id="NCBITaxon:33208" label="Metazoa"/>
      <span end="26251" id="16121255-8015" start="26244">animals</span>
    </annotation>
    <annotation annotator="Mike Bada" id="organism_Instance_41222" type="identity">
      <class id="NCBITaxon:33208" label="Metazoa"/>
      <span end="26365" id="16121255-8017" start="26359">animal</span>
    </annotation>
    <annotation annotator="Mike Bada" id="organism_Instance_41227" type="identity">
      <class id="NCBITaxon:33208" label="Metazoa"/>
      <span end="26525" id="16121255-8019" start="26519">Animal</span>
    </annotation>
    <annotation annotator="Mike Bada" id="organism_Instance_41232" type="identity">
      <class id="NCBITaxon:10088" label="Mus"/>
      <span end="26601" id="16121255-8021" start="26596">mouse</span>
    </annotation>
    <annotation annotator="Mike Bada" id="organism_Instance_41237" type="identity">
      <class id="NCBITaxon:10088" label="Mus"/>
      <span end="28246" id="16121255-8023" start="28242">mice</span>
    </annotation>
    <annotation annotator="Mike Bada" id="organism_Instance_41242" type="identity">
      <class id="NCBITaxon:10088" label="Mus"/>
      <span end="28292" id="16121255-8025" start="28287">mouse</span>
    </annotation>
    <annotation annotator="Mike Bada" id="organism_Instance_41247" type="identity">
      <class id="NCBITaxon:10088" label="Mus"/>
      <span end="28520" id="16121255-8027" start="28516">mice</span>
    </annotation>
    <annotation annotator="Mike Bada" id="organism_Instance_41252" type="identity">
      <class id="NCBITaxon:10088" label="Mus"/>
      <span end="28871" id="16121255-8029" start="28867">Mice</span>
    </annotation>
    <annotation annotator="Mike Bada" id="organism_Instance_41257" type="identity">
      <class id="NCBITaxon:10088" label="Mus"/>
      <span end="29072" id="16121255-8031" start="29067">mouse</span>
    </annotation>
    <annotation annotator="Mike Bada" id="organism_Instance_41262" type="identity">
      <class id="NCBITaxon:9793" label="Equus asinus"/>
      <span end="29959" id="16121255-8033" start="29953">donkey</span>
    </annotation>
    <annotation annotator="Mike Bada" id="organism_Instance_200121" type="identity">
      <class id="NCBITaxon:9925" label="Capra hircus"/>
      <span end="29969" id="16121255-7807" start="29965">goat</span>
    </annotation>
    <annotation annotator="Mike Bada" id="organism_Instance_41267" type="identity">
      <class id="NCBITaxon:10088" label="Mus"/>
      <span end="32409" id="16121255-8035" start="32404">mouse</span>
    </annotation>
    <annotation annotator="Mike Bada" id="organism_Instance_41272" type="identity">
      <class id="NCBITaxon:9793" label="Equus asinus"/>
      <span end="32730" id="16121255-8037" start="32724">donkey</span>
    </annotation>
    <annotation annotator="Mike Bada" id="organism_Instance_41277" type="identity">
      <class id="NCBITaxon:9925" label="Capra hircus"/>
      <span end="32753" id="16121255-8039" start="32749">goat</span>
    </annotation>
    <annotation annotator="Mike Bada" id="organism_Instance_41282" type="identity">
      <class id="NCBITaxon:9793" label="Equus asinus"/>
      <span end="32897" id="16121255-8041" start="32891">donkey</span>
    </annotation>
    <annotation annotator="Mike Bada" id="organism_Instance_200151" type="identity">
      <class id="NCBITaxon:9925" label="Capra hircus"/>
      <span end="32907" id="16121255-7809" start="32903">goat</span>
    </annotation>
    <annotation annotator="Mike Bada" id="organism_Instance_41287" type="identity">
      <class id="NCBITaxon:9031" label="Gallus gallus"/>
      <span end="33018" id="16121255-8043" start="33011">chicken</span>
    </annotation>
    <annotation annotator="Mike Bada" id="organism_Instance_41292" type="identity">
      <class id="NCBITaxon:9986" label="Oryctolagus cuniculus"/>
      <span end="33049" id="16121255-8045" start="33043">rabbit</span>
    </annotation>
    <annotation annotator="Mike Bada" id="organism_Instance_41297" type="identity">
      <class id="NCBITaxon:9031" label="Gallus gallus"/>
      <span end="33185" id="16121255-8047" start="33178">chicken</span>
    </annotation>
    <annotation annotator="Mike Bada" id="organism_Instance_200156" type="identity">
      <class id="NCBITaxon:9986" label="Oryctolagus cuniculus"/>
      <span end="33197" id="16121255-7811" start="33191">rabbit</span>
    </annotation>
    <annotation annotator="Mike Bada" id="organism_Instance_41302" type="identity">
      <class id="NCBITaxon:9925" label="Capra hircus"/>
      <span end="33890" id="16121255-8049" start="33886">goat</span>
    </annotation>
    <annotation annotator="Mike Bada" id="organism_Instance_41307" type="identity">
      <class id="NCBITaxon:9793" label="Equus asinus"/>
      <span end="34001" id="16121255-8051" start="33995">donkey</span>
    </annotation>
    <annotation annotator="Mike Bada" id="organism_Instance_200166" type="identity">
      <class id="NCBITaxon:9925" label="Capra hircus"/>
      <span end="34011" id="16121255-7813" start="34007">goat</span>
    </annotation>
    <annotation annotator="Mike Bada" id="organism_Instance_41312" type="identity">
      <class id="NCBITaxon:10088" label="Mus"/>
      <span end="34069" id="16121255-8053" start="34064">mouse</span>
    </annotation>
    <annotation annotator="Mike Bada" id="organism_Instance_41317" type="identity">
      <class id="NCBITaxon:9986" label="Oryctolagus cuniculus"/>
      <span end="34147" id="16121255-8055" start="34141">rabbit</span>
    </annotation>
    <annotation annotator="Mike Bada" id="organism_Instance_41322" type="identity">
      <class id="NCBITaxon:9925" label="Capra hircus"/>
      <span end="34284" id="16121255-8057" start="34280">goat</span>
    </annotation>
    <annotation annotator="Mike Bada" id="organism_Instance_200171" type="identity">
      <class id="NCBITaxon:10088" label="Mus"/>
      <span end="34295" id="16121255-7815" start="34290">mouse</span>
    </annotation>
    <annotation annotator="Mike Bada" id="organism_Instance_41327" type="identity">
      <class id="NCBITaxon:9031" label="Gallus gallus"/>
      <span end="34405" id="16121255-8059" start="34398">chicken</span>
    </annotation>
    <annotation annotator="Mike Bada" id="organism_Instance_200176" type="identity">
      <class id="NCBITaxon:9986" label="Oryctolagus cuniculus"/>
      <span end="34417" id="16121255-7817" start="34411">rabbit</span>
    </annotation>
    <annotation annotator="Mike Bada" id="organism_Instance_41332" type="identity">
      <class id="NCBITaxon:10088" label="Mus"/>
      <span end="35480" id="16121255-8061" start="35476">mice</span>
    </annotation>
    <annotation annotator="Mike Bada" id="organism_Instance_41337" type="identity">
      <class id="NCBITaxon:10088" label="Mus"/>
      <span end="35541" id="16121255-8063" start="35537">mice</span>
    </annotation>
    <annotation annotator="Mike Bada" id="organism_Instance_200181" type="identity">
      <class id="NCBITaxon:9608" label="Canidae"/>
      <span end="35898" id="16121255-7819" start="35892">canine</span>
    </annotation>
    <annotation annotator="Mike Bada" id="organism_Instance_41342" type="identity">
      <class id="NCBITaxon:10088" label="Mus"/>
      <span end="36040" id="16121255-8065" start="36036">Mice</span>
    </annotation>
    <annotation annotator="Mike Bada" id="organism_Instance_41347" type="identity">
      <class id="NCBITaxon:10088" label="Mus"/>
      <span end="36232" id="16121255-8067" start="36227">mouse</span>
    </annotation>
    <annotation annotator="Mike Bada" id="organism_Instance_41352" type="identity">
      <class id="NCBITaxon:9606" label="Homo sapiens"/>
      <span end="36330" id="16121255-8069" start="36325">human</span>
    </annotation>
    <annotation annotator="Mike Bada" id="organism_Instance_41357" type="identity">
      <class id="NCBITaxon:10088" label="Mus"/>
      <span end="36349" id="16121255-8071" start="36344">mouse</span>
    </annotation>
    <annotation annotator="Mike Bada" id="organism_Instance_41362" type="identity">
      <class id="NCBITaxon:10088" label="Mus"/>
      <span end="36368" id="16121255-8073" start="36363">mouse</span>
    </annotation>
    <annotation annotator="Mike Bada" id="organism_Instance_41367" type="identity">
      <class id="NCBITaxon:10114" label="Rattus"/>
      <span end="36385" id="16121255-8075" start="36382">rat</span>
    </annotation>
    <annotation annotator="Mike Bada" id="organism_Instance_41372" type="identity">
      <class id="NCBITaxon:8353" label="Xenopus"/>
      <span end="36406" id="16121255-8077" start="36399">Xenopus</span>
    </annotation>
    <annotation annotator="Mike Bada" id="organism_Instance_41377" type="identity">
      <class id="NCBITaxon:10088" label="Mus"/>
      <span end="36480" id="16121255-8079" start="36476">mice</span>
    </annotation>
    <annotation annotator="Mike Bada" id="organism_Instance_41382" type="identity">
      <class id="NCBITaxon:10088" label="Mus"/>
      <span end="36540" id="16121255-8081" start="36536">mice</span>
    </annotation>
    <annotation annotator="Mike Bada" id="organism_Instance_41387" type="identity">
      <class id="NCBITaxon:10088" label="Mus"/>
      <span end="36682" id="16121255-8083" start="36678">mice</span>
    </annotation>
    <annotation annotator="Mike Bada" id="organism_Instance_41392" type="identity">
      <class id="NCBITaxon:10088" label="Mus"/>
      <span end="37047" id="16121255-8085" start="37042">Mouse</span>
    </annotation>
    <annotation annotator="Mike Bada" id="organism_Instance_41397" type="identity">
      <class id="NCBITaxon:10088" label="Mus"/>
      <span end="37095" id="16121255-8087" start="37090">mouse</span>
    </annotation>
    <annotation annotator="Mike Bada" id="organism_Instance_41402" type="identity">
      <class id="NCBITaxon:10088" label="Mus"/>
      <span end="37382" id="16121255-8089" start="37377">mouse</span>
    </annotation>
    <annotation annotator="Mike Bada" id="organism_Instance_41407" type="identity">
      <class id="NCBITaxon:10088" label="Mus"/>
      <span end="37551" id="16121255-8091" start="37546">mouse</span>
    </annotation>
    <annotation annotator="Mike Bada" id="organism_Instance_41412" type="identity">
      <class id="NCBITaxon:10088" label="Mus"/>
      <span end="37711" id="16121255-8093" start="37706">mouse</span>
    </annotation>
    <annotation annotator="Mike Bada" id="organism_Instance_41417" type="identity">
      <class id="NCBITaxon:10088" label="Mus"/>
      <span end="37903" id="16121255-8095" start="37898">Mouse</span>
    </annotation>
    <annotation annotator="Mike Bada" id="organism_Instance_41422" type="identity">
      <class id="NCBITaxon:10088" label="Mus"/>
      <span end="37985" id="16121255-8097" start="37981">mice</span>
    </annotation>
    <annotation annotator="Mike Bada" id="organism_Instance_41427" type="identity">
      <class id="NCBITaxon:10088" label="Mus"/>
      <span end="38080" id="16121255-8099" start="38075">mouse</span>
    </annotation>
    <annotation annotator="Mike Bada" id="organism_Instance_41432" type="identity">
      <class id="NCBITaxon:10088" label="Mus"/>
      <span end="38124" id="16121255-8101" start="38119">mouse</span>
    </annotation>
    <annotation annotator="Mike Bada" id="organism_Instance_41437" type="identity">
      <class id="NCBITaxon:10088" label="Mus"/>
      <span end="38425" id="16121255-8103" start="38420">Mouse</span>
    </annotation>
    <annotation annotator="Mike Bada" id="organism_Instance_41442" type="identity">
      <class id="NCBITaxon:10088" label="Mus"/>
      <span end="38572" id="16121255-8105" start="38567">mouse</span>
    </annotation>
    <annotation annotator="Mike Bada" id="organism_Instance_41447" type="identity">
      <class id="NCBITaxon:10088" label="Mus"/>
      <span end="38627" id="16121255-8107" start="38623">Mice</span>
    </annotation>
    <annotation annotator="Mike Bada" id="organism_Instance_41452" type="identity">
      <class id="NCBITaxon:10088" label="Mus"/>
      <span end="39076" id="16121255-8109" start="39071">mouse</span>
    </annotation>
    <annotation annotator="Mike Bada" id="organism_Instance_41457" type="identity">
      <class id="NCBITaxon:10088" label="Mus"/>
      <span end="40080" id="16121255-8111" start="40075">Mouse</span>
    </annotation>
    <annotation annotator="Mike Bada" id="organism_Instance_41462" type="identity">
      <class id="NCBITaxon:33208" label="Metazoa"/>
      <span end="40158" id="16121255-8113" start="40151">animals</span>
    </annotation>
    <annotation annotator="Mike Bada" id="organism_Instance_41467" type="identity">
      <class id="NCBITaxon:10088" label="Mus"/>
      <span end="40288" id="16121255-8115" start="40283">mouse</span>
    </annotation>
    <annotation annotator="Mike Bada" id="organism_Instance_41472" type="identity">
      <class id="NCBITaxon:10088" label="Mus"/>
      <span end="42054" id="16121255-8117" start="42050">mice</span>
    </annotation>
    <graph-space id="Old Knowtator Relations"/>
  </document>
</knowtator-project>
