<?xml version="1.0" encoding="UTF-8" standalone="no"?>
<knowtator-project>
    <document id="16216087" text-file="16216087.txt">
        <annotation annotator="Mike Bada" id="organism_Instance_42269" type="identity">
            <class id="NCBITaxon:10088" label="Mus"/>
            <span end="552" id="16216087-8492" start="548">Mice</span>
        </annotation>
        <annotation annotator="Mike Bada" id="organism_Instance_200007" type="identity">
            <class id="NCBITaxon:1" label="root"/>
            <span end="858" id="16216087-8460" start="847">individuals</span>
        </annotation>
        <annotation annotator="Mike Bada" id="organism_Instance_42274" type="identity">
            <class id="NCBITaxon:9989" label="Rodentia"/>
            <span end="1419" id="16216087-8494" start="1412">rodents</span>
        </annotation>
        <annotation annotator="Mike Bada" id="organism_Instance_42279" type="identity">
            <class id="NCBITaxon:9989" label="Rodentia"/>
            <span end="1631" id="16216087-8496" start="1624">rodents</span>
        </annotation>
        <annotation annotator="Mike Bada" id="organism_Instance_42284" type="identity">
            <class id="NCBITaxon:10088" label="Mus"/>
            <span end="4614" id="16216087-8498" start="4610">mice</span>
        </annotation>
        <annotation annotator="Mike Bada" id="organism_Instance_42289" type="identity">
            <class id="NCBITaxon:10088" label="Mus"/>
            <span end="5455" id="16216087-8500" start="5451">mice</span>
        </annotation>
        <annotation annotator="Mike Bada" id="organism_Instance_42294" type="identity">
            <class id="NCBITaxon:10088" label="Mus"/>
            <span end="5679" id="16216087-8502" start="5675">mice</span>
        </annotation>
        <annotation annotator="Mike Bada" id="organism_Instance_42299" type="identity">
            <class id="NCBITaxon:10088" label="Mus"/>
            <span end="6067" id="16216087-8504" start="6063">mice</span>
        </annotation>
        <annotation annotator="Mike Bada" id="organism_Instance_42304" type="identity">
            <class id="NCBITaxon:10088" label="Mus"/>
            <span end="6317" id="16216087-8506" start="6313">Mice</span>
        </annotation>
        <annotation annotator="Mike Bada" id="organism_Instance_210012" type="identity">
            <class id="NCBITaxon:1" label="root"/>
            <span end="6786" id="16216087-8462" start="6775">individuals</span>
        </annotation>
        <annotation annotator="Mike Bada" id="organism_Instance_42309" type="identity">
            <class id="NCBITaxon:10088" label="Mus"/>
            <span end="6984" id="16216087-8508" start="6979">mouse</span>
        </annotation>
        <annotation annotator="Mike Bada" id="organism_Instance_42314" type="identity">
            <class id="NCBITaxon:10088" label="Mus"/>
            <span end="7835" id="16216087-8510" start="7831">mice</span>
        </annotation>
        <annotation annotator="Mike Bada" id="organism_Instance_42319" type="identity">
            <class id="NCBITaxon:10088" label="Mus"/>
            <span end="7969" id="16216087-8512" start="7965">mice</span>
        </annotation>
        <annotation annotator="Mike Bada" id="organism_Instance_42324" type="identity">
            <class id="NCBITaxon:10088" label="Mus"/>
            <span end="8716" id="16216087-8514" start="8712">mice</span>
        </annotation>
        <annotation annotator="Mike Bada" id="organism_Instance_42329" type="identity">
            <class id="NCBITaxon:10088" label="Mus"/>
            <span end="8930" id="16216087-8516" start="8926">mice</span>
        </annotation>
        <annotation annotator="Mike Bada" id="organism_Instance_42334" type="identity">
            <class id="NCBITaxon:10088" label="Mus"/>
            <span end="8955" id="16216087-8518" start="8951">mice</span>
        </annotation>
        <annotation annotator="Mike Bada" id="organism_Instance_42339" type="identity">
            <class id="NCBITaxon:10088" label="Mus"/>
            <span end="9199" id="16216087-8520" start="9195">mice</span>
        </annotation>
        <annotation annotator="Mike Bada" id="organism_Instance_42344" type="identity">
            <class id="NCBITaxon:10088" label="Mus"/>
            <span end="9339" id="16216087-8522" start="9335">mice</span>
        </annotation>
        <annotation annotator="Mike Bada" id="organism_Instance_42349" type="identity">
            <class id="NCBITaxon:10088" label="Mus"/>
            <span end="9496" id="16216087-8524" start="9492">mice</span>
        </annotation>
        <annotation annotator="Mike Bada" id="organism_Instance_42354" type="identity">
            <class id="NCBITaxon:10088" label="Mus"/>
            <span end="9677" id="16216087-8526" start="9673">mice</span>
        </annotation>
        <annotation annotator="Mike Bada" id="organism_Instance_42359" type="identity">
            <class id="NCBITaxon:33208" label="Metazoa"/>
            <span end="10099" id="16216087-8528" start="10092">animals</span>
        </annotation>
        <annotation annotator="Mike Bada" id="organism_Instance_42369" type="identity">
            <class id="NCBITaxon:10088" label="Mus"/>
            <span end="10561" id="16216087-8530" start="10557">mice</span>
        </annotation>
        <annotation annotator="Mike Bada" id="organism_Instance_42374" type="identity">
            <class id="NCBITaxon:10088" label="Mus"/>
            <span end="11067" id="16216087-8532" start="11063">Mice</span>
        </annotation>
        <annotation annotator="Mike Bada" id="organism_Instance_42379" type="identity">
            <class id="NCBITaxon:10088" label="Mus"/>
            <span end="11329" id="16216087-8534" start="11325">mice</span>
        </annotation>
        <annotation annotator="Mike Bada" id="organism_Instance_42384" type="identity">
            <class id="NCBITaxon:10088" label="Mus"/>
            <span end="11491" id="16216087-8536" start="11487">mice</span>
        </annotation>
        <annotation annotator="Mike Bada" id="organism_Instance_42389" type="identity">
            <class id="NCBITaxon:10088" label="Mus"/>
            <span end="11603" id="16216087-8538" start="11599">mice</span>
        </annotation>
        <annotation annotator="Mike Bada" id="organism_Instance_42394" type="identity">
            <class id="NCBITaxon:10088" label="Mus"/>
            <span end="12299" id="16216087-8540" start="12295">mice</span>
        </annotation>
        <annotation annotator="Mike Bada" id="organism_Instance_42399" type="identity">
            <class id="NCBITaxon:10088" label="Mus"/>
            <span end="12607" id="16216087-8542" start="12603">mice</span>
        </annotation>
        <annotation annotator="Mike Bada" id="organism_Instance_42404" type="identity">
            <class id="NCBITaxon:10088" label="Mus"/>
            <span end="12799" id="16216087-8544" start="12795">mice</span>
        </annotation>
        <annotation annotator="Mike Bada" id="organism_Instance_42409" type="identity">
            <class id="NCBITaxon:10088" label="Mus"/>
            <span end="12943" id="16216087-8546" start="12939">mice</span>
        </annotation>
        <annotation annotator="Mike Bada" id="organism_Instance_42414" type="identity">
            <class id="NCBITaxon:10088" label="Mus"/>
            <span end="13257" id="16216087-8548" start="13253">mice</span>
        </annotation>
        <annotation annotator="Mike Bada" id="organism_Instance_42419" type="identity">
            <class id="NCBITaxon:10088" label="Mus"/>
            <span end="13699" id="16216087-8550" start="13695">mice</span>
        </annotation>
        <annotation annotator="Mike Bada" id="organism_Instance_42424" type="identity">
            <class id="NCBITaxon:10088" label="Mus"/>
            <span end="14013" id="16216087-8552" start="14009">mice</span>
        </annotation>
        <annotation annotator="Mike Bada" id="organism_Instance_42429" type="identity">
            <class id="NCBITaxon:10088" label="Mus"/>
            <span end="14393" id="16216087-8554" start="14389">mice</span>
        </annotation>
        <annotation annotator="Mike Bada" id="organism_Instance_42434" type="identity">
            <class id="NCBITaxon:10088" label="Mus"/>
            <span end="14830" id="16216087-8556" start="14826">mice</span>
        </annotation>
        <annotation annotator="Mike Bada" id="organism_Instance_42439" type="identity">
            <class id="NCBITaxon:10088" label="Mus"/>
            <span end="15491" id="16216087-8558" start="15487">mice</span>
        </annotation>
        <annotation annotator="Mike Bada" id="organism_Instance_42444" type="identity">
            <class id="NCBITaxon:10088" label="Mus"/>
            <span end="15780" id="16216087-8560" start="15776">mice</span>
        </annotation>
        <annotation annotator="Mike Bada" id="organism_Instance_42449" type="identity">
            <class id="NCBITaxon:10088" label="Mus"/>
            <span end="16345" id="16216087-8562" start="16341">mice</span>
        </annotation>
        <annotation annotator="Mike Bada" id="organism_Instance_220069" type="identity">
            <class id="NCBITaxon:10088" label="Mus"/>
            <span end="16764" id="16216087-8482" start="16760">Mice</span>
        </annotation>
        <annotation annotator="Mike Bada" id="organism_Instance_42454" type="identity">
            <class id="NCBITaxon:10088" label="Mus"/>
            <span end="16971" id="16216087-8564" start="16967">mice</span>
        </annotation>
        <annotation annotator="Mike Bada" id="organism_Instance_42459" type="identity">
            <class id="NCBITaxon:10088" label="Mus"/>
            <span end="17306" id="16216087-8566" start="17302">mice</span>
        </annotation>
        <annotation annotator="Mike Bada" id="organism_Instance_42464" type="identity">
            <class id="NCBITaxon:10088" label="Mus"/>
            <span end="17427" id="16216087-8568" start="17423">mice</span>
        </annotation>
        <annotation annotator="Mike Bada" id="organism_Instance_42469" type="identity">
            <class id="NCBITaxon:10088" label="Mus"/>
            <span end="18483" id="16216087-8570" start="18479">mice</span>
        </annotation>
        <annotation annotator="Mike Bada" id="organism_Instance_42474" type="identity">
            <class id="NCBITaxon:33208" label="Metazoa"/>
            <span end="18528" id="16216087-8572" start="18521">animals</span>
        </annotation>
        <annotation annotator="Mike Bada" id="organism_Instance_42479" type="identity">
            <class id="NCBITaxon:10088" label="Mus"/>
            <span end="18719" id="16216087-8574" start="18715">mice</span>
        </annotation>
        <annotation annotator="Mike Bada" id="organism_Instance_42484" type="identity">
            <class id="NCBITaxon:10088" label="Mus"/>
            <span end="18777" id="16216087-8576" start="18772">mouse</span>
        </annotation>
        <annotation annotator="Mike Bada" id="organism_Instance_42489" type="identity">
            <class id="NCBITaxon:10088" label="Mus"/>
            <span end="18919" id="16216087-8578" start="18915">mice</span>
        </annotation>
        <annotation annotator="Mike Bada" id="organism_Instance_42494" type="identity">
            <class id="NCBITaxon:33208" label="Metazoa"/>
            <span end="19193" id="16216087-8580" start="19186">animals</span>
        </annotation>
        <annotation annotator="Mike Bada" id="organism_Instance_42499" type="identity">
            <class id="NCBITaxon:33208" label="Metazoa"/>
            <span end="19494" id="16216087-8582" start="19487">animals</span>
        </annotation>
        <annotation annotator="Mike Bada" id="organism_Instance_220074" type="identity">
            <class id="NCBITaxon:10088" label="Mus"/>
            <span end="19706" id="16216087-8484" start="19702">Mice</span>
        </annotation>
        <annotation annotator="Mike Bada" id="organism_Instance_42504" type="identity">
            <class id="NCBITaxon:10088" label="Mus"/>
            <span end="19797" id="16216087-8584" start="19793">mice</span>
        </annotation>
        <annotation annotator="Mike Bada" id="organism_Instance_42509" type="identity">
            <class id="NCBITaxon:10088" label="Mus"/>
            <span end="19865" id="16216087-8586" start="19861">mice</span>
        </annotation>
        <annotation annotator="Mike Bada" id="organism_Instance_42514" type="identity">
            <class id="NCBITaxon:10088" label="Mus"/>
            <span end="19924" id="16216087-8588" start="19920">mice</span>
        </annotation>
        <annotation annotator="Mike Bada" id="organism_Instance_42519" type="identity">
            <class id="NCBITaxon:10088" label="Mus"/>
            <span end="19988" id="16216087-8590" start="19984">mice</span>
        </annotation>
        <annotation annotator="Mike Bada" id="organism_Instance_42524" type="identity">
            <class id="NCBITaxon:10088" label="Mus"/>
            <span end="20196" id="16216087-8592" start="20192">mice</span>
        </annotation>
        <annotation annotator="Mike Bada" id="organism_Instance_42529" type="identity">
            <class id="NCBITaxon:10088" label="Mus"/>
            <span end="20494" id="16216087-8594" start="20490">mice</span>
        </annotation>
        <annotation annotator="Mike Bada" id="organism_Instance_42534" type="identity">
            <class id="NCBITaxon:33208" label="Metazoa"/>
            <span end="20529" id="16216087-8596" start="20522">animals</span>
        </annotation>
        <annotation annotator="Mike Bada" id="organism_Instance_42539" type="identity">
            <class id="NCBITaxon:10088" label="Mus"/>
            <span end="20795" id="16216087-8598" start="20790">mouse</span>
        </annotation>
        <annotation annotator="Mike Bada" id="organism_Instance_42544" type="identity">
            <class id="NCBITaxon:33208" label="Metazoa"/>
            <span end="20910" id="16216087-8600" start="20903">animals</span>
        </annotation>
        <annotation annotator="Mike Bada" id="organism_Instance_42549" type="identity">
            <class id="NCBITaxon:10088" label="Mus"/>
            <span end="21640" id="16216087-8602" start="21636">mice</span>
        </annotation>
        <annotation annotator="Mike Bada" id="organism_Instance_220079" type="identity">
            <class id="NCBITaxon:10088" label="Mus"/>
            <span end="22473" id="16216087-8486" start="22469">Mice</span>
        </annotation>
        <annotation annotator="Mike Bada" id="organism_Instance_42554" type="identity">
            <class id="NCBITaxon:10088" label="Mus"/>
            <span end="22523" id="16216087-8604" start="22519">mice</span>
        </annotation>
        <annotation annotator="Mike Bada" id="organism_Instance_42559" type="identity">
            <class id="NCBITaxon:10088" label="Mus"/>
            <span end="23155" id="16216087-8606" start="23151">mice</span>
        </annotation>
        <annotation annotator="Mike Bada" id="organism_Instance_42564" type="identity">
            <class id="NCBITaxon:10088" label="Mus"/>
            <span end="23388" id="16216087-8608" start="23383">mouse</span>
        </annotation>
        <annotation annotator="Mike Bada" id="organism_Instance_42569" type="identity">
            <class id="NCBITaxon:10088" label="Mus"/>
            <span end="23486" id="16216087-8610" start="23482">mice</span>
        </annotation>
        <annotation annotator="Mike Bada" id="organism_Instance_42574" type="identity">
            <class id="NCBITaxon:10088" label="Mus"/>
            <span end="24066" id="16216087-8612" start="24062">mice</span>
        </annotation>
        <annotation annotator="Mike Bada" id="organism_Instance_42579" type="identity">
            <class id="NCBITaxon:10088" label="Mus"/>
            <span end="24330" id="16216087-8614" start="24326">mice</span>
        </annotation>
        <annotation annotator="Mike Bada" id="organism_Instance_42584" type="identity">
            <class id="NCBITaxon:10088" label="Mus"/>
            <span end="24438" id="16216087-8616" start="24434">mice</span>
        </annotation>
        <annotation annotator="Mike Bada" id="organism_Instance_42589" type="identity">
            <class id="NCBITaxon:10088" label="Mus"/>
            <span end="24641" id="16216087-8618" start="24637">mice</span>
        </annotation>
        <annotation annotator="Mike Bada" id="organism_Instance_42594" type="identity">
            <class id="NCBITaxon:10088" label="Mus"/>
            <span end="24758" id="16216087-8620" start="24754">mice</span>
        </annotation>
        <annotation annotator="Mike Bada" id="organism_Instance_42599" type="identity">
            <class id="NCBITaxon:10088" label="Mus"/>
            <span end="24861" id="16216087-8622" start="24857">mice</span>
        </annotation>
        <annotation annotator="Mike Bada" id="organism_Instance_42604" type="identity">
            <class id="NCBITaxon:10088" label="Mus"/>
            <span end="25210" id="16216087-8624" start="25206">mice</span>
        </annotation>
        <annotation annotator="Mike Bada" id="organism_Instance_42614" type="identity">
            <class id="NCBITaxon:33208" label="Metazoa"/>
            <span end="25905" id="16216087-8626" start="25898">animals</span>
        </annotation>
        <annotation annotator="Mike Bada" id="organism_Instance_42619" type="identity">
            <class id="NCBITaxon:33208" label="Metazoa"/>
            <span end="26199" id="16216087-8628" start="26192">animals</span>
        </annotation>
        <annotation annotator="Mike Bada" id="organism_Instance_42624" type="identity">
            <class id="NCBITaxon:10088" label="Mus"/>
            <span end="26620" id="16216087-8630" start="26616">mice</span>
        </annotation>
        <annotation annotator="Mike Bada" id="organism_Instance_42629" type="identity">
            <class id="NCBITaxon:10088" label="Mus"/>
            <span end="27404" id="16216087-8632" start="27400">mice</span>
        </annotation>
        <annotation annotator="Mike Bada" id="organism_Instance_42634" type="identity">
            <class id="NCBITaxon:10088" label="Mus"/>
            <span end="27551" id="16216087-8634" start="27546">mouse</span>
        </annotation>
        <annotation annotator="Mike Bada" id="organism_Instance_42639" type="identity">
            <class id="NCBITaxon:10088" label="Mus"/>
            <span end="27892" id="16216087-8636" start="27888">mice</span>
        </annotation>
        <annotation annotator="Mike Bada" id="organism_Instance_42644" type="identity">
            <class id="NCBITaxon:10088" label="Mus"/>
            <span end="29105" id="16216087-8638" start="29101">Mice</span>
        </annotation>
        <annotation annotator="Mike Bada" id="organism_Instance_42649" type="identity">
            <class id="NCBITaxon:10088" label="Mus"/>
            <span end="29362" id="16216087-8640" start="29358">mice</span>
        </annotation>
        <annotation annotator="Mike Bada" id="organism_Instance_42654" type="identity">
            <class id="NCBITaxon:10088" label="Mus"/>
            <span end="29866" id="16216087-8642" start="29862">mice</span>
        </annotation>
        <annotation annotator="Mike Bada" id="organism_Instance_42659" type="identity">
            <class id="NCBITaxon:10088" label="Mus"/>
            <span end="31641" id="16216087-8644" start="31637">mice</span>
        </annotation>
        <annotation annotator="Mike Bada" id="organism_Instance_42664" type="identity">
            <class id="NCBITaxon:10088" label="Mus"/>
            <span end="32127" id="16216087-8646" start="32123">mice</span>
        </annotation>
        <annotation annotator="Mike Bada" id="organism_Instance_42669" type="identity">
            <class id="NCBITaxon:10088" label="Mus"/>
            <span end="32303" id="16216087-8648" start="32299">mice</span>
        </annotation>
        <annotation annotator="Mike Bada" id="organism_Instance_42674" type="identity">
            <class id="NCBITaxon:10088" label="Mus"/>
            <span end="32422" id="16216087-8650" start="32418">mice</span>
        </annotation>
        <annotation annotator="Mike Bada" id="organism_Instance_42679" type="identity">
            <class id="NCBITaxon:10088" label="Mus"/>
            <span end="32458" id="16216087-8652" start="32453">mouse</span>
        </annotation>
        <annotation annotator="Mike Bada" id="organism_Instance_42684" type="identity">
            <class id="NCBITaxon:10088" label="Mus"/>
            <span end="32612" id="16216087-8654" start="32608">mice</span>
        </annotation>
        <annotation annotator="Mike Bada" id="organism_Instance_42689" type="identity">
            <class id="NCBITaxon:10088" label="Mus"/>
            <span end="32739" id="16216087-8656" start="32735">mice</span>
        </annotation>
        <annotation annotator="Mike Bada" id="organism_Instance_42694" type="identity">
            <class id="NCBITaxon:10088" label="Mus"/>
            <span end="33148" id="16216087-8658" start="33143">mouse</span>
        </annotation>
        <annotation annotator="Mike Bada" id="organism_Instance_42699" type="identity">
            <class id="NCBITaxon:10088" label="Mus"/>
            <span end="33567" id="16216087-8660" start="33563">mice</span>
        </annotation>
        <annotation annotator="Mike Bada" id="organism_Instance_42704" type="identity">
            <class id="NCBITaxon:10088" label="Mus"/>
            <span end="34284" id="16216087-8662" start="34280">mice</span>
        </annotation>
        <annotation annotator="Mike Bada" id="organism_Instance_42709" type="identity">
            <class id="NCBITaxon:10088" label="Mus"/>
            <span end="34550" id="16216087-8664" start="34546">mice</span>
        </annotation>
        <annotation annotator="Mike Bada" id="organism_Instance_42714" type="identity">
            <class id="NCBITaxon:10088" label="Mus"/>
            <span end="35098" id="16216087-8666" start="35094">mice</span>
        </annotation>
        <annotation annotator="Mike Bada" id="organism_Instance_42719" type="identity">
            <class id="NCBITaxon:10088" label="Mus"/>
            <span end="35458" id="16216087-8668" start="35454">Mice</span>
        </annotation>
        <annotation annotator="Mike Bada" id="organism_Instance_42724" type="identity">
            <class id="NCBITaxon:10088" label="Mus"/>
            <span end="35573" id="16216087-8670" start="35569">mice</span>
        </annotation>
        <annotation annotator="Mike Bada" id="organism_Instance_42729" type="identity">
            <class id="NCBITaxon:10088" label="Mus"/>
            <span end="35598" id="16216087-8672" start="35594">mice</span>
        </annotation>
        <annotation annotator="Mike Bada" id="organism_Instance_42734" type="identity">
            <class id="NCBITaxon:10088" label="Mus"/>
            <span end="35833" id="16216087-8674" start="35829">mice</span>
        </annotation>
        <annotation annotator="Mike Bada" id="organism_Instance_42739" type="identity">
            <class id="NCBITaxon:10088" label="Mus"/>
            <span end="35859" id="16216087-8676" start="35855">mice</span>
        </annotation>
        <annotation annotator="Mike Bada" id="organism_Instance_42744" type="identity">
            <class id="NCBITaxon:10088" label="Mus"/>
            <span end="36672" id="16216087-8678" start="36668">mice</span>
        </annotation>
        <annotation annotator="Mike Bada" id="organism_Instance_42749" type="identity">
            <class id="NCBITaxon:10088" label="Mus"/>
            <span end="37120" id="16216087-8680" start="37116">mice</span>
        </annotation>
        <annotation annotator="Mike Bada" id="organism_Instance_42754" type="identity">
            <class id="NCBITaxon:10088" label="Mus"/>
            <span end="37187" id="16216087-8682" start="37182">mouse</span>
        </annotation>
        <annotation annotator="Mike Bada" id="organism_Instance_42764" type="identity">
            <class id="NCBITaxon:10114" label="Rattus"/>
            <span end="38672" id="16216087-8684" start="38668">rats</span>
        </annotation>
        <annotation annotator="Mike Bada" id="organism_Instance_42774" type="identity">
            <class id="NCBITaxon:10088" label="Mus"/>
            <span end="39955" id="16216087-8686" start="39951">mice</span>
        </annotation>
        <annotation annotator="Mike Bada" id="organism_Instance_42779" type="identity">
            <class id="NCBITaxon:33208" label="Metazoa"/>
            <span end="41550" id="16216087-8688" start="41543">animals</span>
        </annotation>
        <annotation annotator="Mike Bada" id="organism_Instance_42784" type="identity">
            <class id="NCBITaxon:9989" label="Rodentia"/>
            <span end="42233" id="16216087-8690" start="42226">rodents</span>
        </annotation>
        <annotation annotator="Mike Bada" id="organism_Instance_210017" type="identity">
            <class id="NCBITaxon:1" label="root"/>
            <span end="42258" id="16216087-8464" start="42247">individuals</span>
        </annotation>
        <annotation annotator="Mike Bada" id="organism_Instance_42789" type="identity">
            <class id="NCBITaxon:10088" label="Mus"/>
            <span end="43794" id="16216087-8692" start="43790">mice</span>
        </annotation>
        <annotation annotator="Mike Bada" id="organism_Instance_210022" type="identity">
            <class id="NCBITaxon:10088" label="Mus"/>
            <span end="44183" id="16216087-8466" start="44178">Mouse</span>
        </annotation>
        <annotation annotator="Mike Bada" id="organism_Instance_42794" type="identity">
            <class id="NCBITaxon:10088" label="Mus"/>
            <span end="44259" id="16216087-8694" start="44255">mice</span>
        </annotation>
        <annotation annotator="Mike Bada" id="organism_Instance_42799" type="identity">
            <class id="NCBITaxon:10088" label="Mus"/>
            <span end="44382" id="16216087-8696" start="44378">mice</span>
        </annotation>
        <annotation annotator="Mike Bada" id="organism_Instance_42804" type="identity">
            <class id="NCBITaxon:10088" label="Mus"/>
            <span end="44400" id="16216087-8698" start="44396">mice</span>
        </annotation>
        <annotation annotator="Mike Bada" id="organism_Instance_42809" type="identity">
            <class id="NCBITaxon:10088" label="Mus"/>
            <span end="44607" id="16216087-8700" start="44603">mice</span>
        </annotation>
        <annotation annotator="Mike Bada" id="organism_Instance_42814" type="identity">
            <class id="NCBITaxon:10088" label="Mus"/>
            <span end="44690" id="16216087-8702" start="44686">mice</span>
        </annotation>
        <annotation annotator="Mike Bada" id="organism_Instance_42819" type="identity">
            <class id="NCBITaxon:10088" label="Mus"/>
            <span end="44771" id="16216087-8704" start="44767">mice</span>
        </annotation>
        <annotation annotator="Mike Bada" id="organism_Instance_42824" type="identity">
            <class id="NCBITaxon:10088" label="Mus"/>
            <span end="44789" id="16216087-8706" start="44785">mice</span>
        </annotation>
        <annotation annotator="Mike Bada" id="organism_Instance_42829" type="identity">
            <class id="NCBITaxon:10088" label="Mus"/>
            <span end="44838" id="16216087-8708" start="44834">mice</span>
        </annotation>
        <annotation annotator="Mike Bada" id="organism_Instance_42834" type="identity">
            <class id="NCBITaxon:10088" label="Mus"/>
            <span end="45048" id="16216087-8710" start="45043">mouse</span>
        </annotation>
        <annotation annotator="Mike Bada" id="organism_Instance_42839" type="identity">
            <class id="NCBITaxon:10114" label="Rattus"/>
            <span end="45379" id="16216087-8712" start="45376">rat</span>
        </annotation>
        <annotation annotator="Mike Bada" id="organism_Instance_42844" type="identity">
            <class id="NCBITaxon:10088" label="Mus"/>
            <span end="45476" id="16216087-8714" start="45472">mice</span>
        </annotation>
        <annotation annotator="Mike Bada" id="organism_Instance_220027" type="identity">
            <class id="NCBITaxon:10088" label="Mus"/>
            <span end="45585" id="16216087-8468" start="45581">Mice</span>
        </annotation>
        <annotation annotator="Mike Bada" id="organism_Instance_42849" type="identity">
            <class id="NCBITaxon:10088" label="Mus"/>
            <span end="45783" id="16216087-8716" start="45779">mice</span>
        </annotation>
        <annotation annotator="Mike Bada" id="organism_Instance_42854" type="identity">
            <class id="NCBITaxon:10088" label="Mus"/>
            <span end="46068" id="16216087-8718" start="46064">mice</span>
        </annotation>
        <annotation annotator="Mike Bada" id="organism_Instance_42859" type="identity">
            <class id="NCBITaxon:10088" label="Mus"/>
            <span end="46190" id="16216087-8720" start="46186">mice</span>
        </annotation>
        <annotation annotator="Mike Bada" id="organism_Instance_220032" type="identity">
            <class id="NCBITaxon:10088" label="Mus"/>
            <span end="46462" id="16216087-8470" start="46458">Mice</span>
        </annotation>
        <annotation annotator="Mike Bada" id="organism_Instance_220098" type="identity">
            <class id="NCBITaxon:10088" label="Mus"/>
            <span end="46492" id="16216087-8488" start="46487">mouse</span>
        </annotation>
        <annotation annotator="Mike Bada" id="organism_Instance_220103" type="identity">
            <class id="NCBITaxon:10088" label="Mus"/>
            <span end="47300" id="16216087-8490" start="47295">mouse</span>
        </annotation>
        <annotation annotator="Mike Bada" id="organism_Instance_42864" type="identity">
            <class id="NCBITaxon:9925" label="Capra hircus"/>
            <span end="48026" id="16216087-8722" start="48022">goat</span>
        </annotation>
        <annotation annotator="Mike Bada" id="organism_Instance_220042" type="identity">
            <class id="NCBITaxon:9986" label="Oryctolagus cuniculus"/>
            <span end="48038" id="16216087-8474" start="48032">rabbit</span>
        </annotation>
        <annotation annotator="Mike Bada" id="organism_Instance_220037" type="identity">
            <class id="NCBITaxon:10088" label="Mus"/>
            <span end="48286" id="16216087-8472" start="48281">Mouse</span>
        </annotation>
        <annotation annotator="Mike Bada" id="organism_Instance_42869" type="identity">
            <class id="NCBITaxon:9925" label="Capra hircus"/>
            <span end="48652" id="16216087-8724" start="48648">goat</span>
        </annotation>
        <annotation annotator="Mike Bada" id="organism_Instance_220047" type="identity">
            <class id="NCBITaxon:9986" label="Oryctolagus cuniculus"/>
            <span end="48664" id="16216087-8476" start="48658">rabbit</span>
        </annotation>
        <annotation annotator="Mike Bada" id="organism_Instance_42874" type="identity">
            <class id="NCBITaxon:9925" label="Capra hircus"/>
            <span end="48673" id="16216087-8726" start="48669">goat</span>
        </annotation>
        <annotation annotator="Mike Bada" id="organism_Instance_220052" type="identity">
            <class id="NCBITaxon:10088" label="Mus"/>
            <span end="48684" id="16216087-8478" start="48679">mouse</span>
        </annotation>
        <annotation annotator="Mike Bada" id="organism_Instance_42879" type="identity">
            <class id="NCBITaxon:10088" label="Mus"/>
            <span end="48914" id="16216087-8728" start="48910">mice</span>
        </annotation>
        <annotation annotator="Mike Bada" id="organism_Instance_42884" type="identity">
            <class id="NCBITaxon:33208" label="Metazoa"/>
            <span end="49096" id="16216087-8730" start="49090">animal</span>
        </annotation>
        <annotation annotator="Mike Bada" id="organism_Instance_42889" type="identity">
            <class id="NCBITaxon:33208" label="Metazoa"/>
            <span end="49196" id="16216087-8732" start="49189">animals</span>
        </annotation>
        <annotation annotator="Mike Bada" id="organism_Instance_42894" type="identity">
            <class id="NCBITaxon:33208" label="Metazoa"/>
            <span end="49386" id="16216087-8734" start="49380">animal</span>
        </annotation>
        <annotation annotator="Mike Bada" id="organism_Instance_42899" type="identity">
            <class id="NCBITaxon:33208" label="Metazoa"/>
            <span end="49441" id="16216087-8736" start="49435">animal</span>
        </annotation>
        <annotation annotator="Mike Bada" id="organism_Instance_42904" type="identity">
            <class id="NCBITaxon:33208" label="Metazoa"/>
            <span end="49911" id="16216087-8738" start="49904">animals</span>
        </annotation>
        <annotation annotator="Mike Bada" id="organism_Instance_42909" type="identity">
            <class id="NCBITaxon:33208" label="Metazoa"/>
            <span end="50743" id="16216087-8740" start="50736">animals</span>
        </annotation>
        <annotation annotator="Mike Bada" id="organism_Instance_42914" type="identity">
            <class id="NCBITaxon:33208" label="Metazoa"/>
            <span end="51111" id="16216087-8742" start="51104">animals</span>
        </annotation>
        <annotation annotator="Mike Bada" id="organism_Instance_42919" type="identity">
            <class id="NCBITaxon:10088" label="Mus"/>
            <span end="51217" id="16216087-8744" start="51212">mouse</span>
        </annotation>
        <annotation annotator="Mike Bada" id="organism_Instance_42924" type="identity">
            <class id="NCBITaxon:33208" label="Metazoa"/>
            <span end="51424" id="16216087-8746" start="51418">animal</span>
        </annotation>
        <annotation annotator="Mike Bada" id="organism_Instance_42929" type="identity">
            <class id="NCBITaxon:33208" label="Metazoa"/>
            <span end="51525" id="16216087-8748" start="51519">animal</span>
        </annotation>
        <annotation annotator="Mike Bada" id="organism_Instance_42934" type="identity">
            <class id="NCBITaxon:33208" label="Metazoa"/>
            <span end="51741" id="16216087-8750" start="51735">animal</span>
        </annotation>
        <annotation annotator="Mike Bada" id="organism_Instance_42939" type="identity">
            <class id="NCBITaxon:33208" label="Metazoa"/>
            <span end="51917" id="16216087-8752" start="51911">animal</span>
        </annotation>
        <annotation annotator="Mike Bada" id="organism_Instance_42944" type="identity">
            <class id="NCBITaxon:33208" label="Metazoa"/>
            <span end="51962" id="16216087-8754" start="51956">animal</span>
        </annotation>
        <annotation annotator="Mike Bada" id="organism_Instance_42949" type="identity">
            <class id="NCBITaxon:33208" label="Metazoa"/>
            <span end="52217" id="16216087-8756" start="52210">animals</span>
        </annotation>
        <annotation annotator="Mike Bada" id="organism_Instance_42954" type="identity">
            <class id="NCBITaxon:33208" label="Metazoa"/>
            <span end="52907" id="16216087-8758" start="52901">animal</span>
        </annotation>
        <annotation annotator="Mike Bada" id="organism_Instance_42959" type="identity">
            <class id="NCBITaxon:33208" label="Metazoa"/>
            <span end="53373" id="16216087-8760" start="53367">animal</span>
        </annotation>
        <annotation annotator="Mike Bada" id="organism_Instance_42964" type="identity">
            <class id="NCBITaxon:10088" label="Mus"/>
            <span end="54374" id="16216087-8762" start="54370">mice</span>
        </annotation>
        <annotation annotator="Mike Bada" id="organism_Instance_42969" type="identity">
            <class id="NCBITaxon:33208" label="Metazoa"/>
            <span end="54892" id="16216087-8764" start="54885">animals</span>
        </annotation>
        <annotation annotator="Mike Bada" id="organism_Instance_42974" type="identity">
            <class id="NCBITaxon:33208" label="Metazoa"/>
            <span end="55179" id="16216087-8766" start="55172">animals</span>
        </annotation>
        <annotation annotator="Mike Bada" id="organism_Instance_191127" type="identity">
            <class id="NCBITaxon:9606" label="Homo sapiens"/>
            <span end="55581" id="16216087-8458" start="55575">person</span>
        </annotation>
        <annotation annotator="Mike Bada" id="organism_Instance_42979" type="identity">
            <class id="NCBITaxon:33208" label="Metazoa"/>
            <span end="55602" id="16216087-8768" start="55595">animals</span>
        </annotation>
        <annotation annotator="Mike Bada" id="organism_Instance_42984" type="identity">
            <class id="NCBITaxon:10088" label="Mus"/>
            <span end="55672" id="16216087-8770" start="55668">mice</span>
        </annotation>
        <annotation annotator="Mike Bada" id="organism_Instance_42989" type="identity">
            <class id="NCBITaxon:10088" label="Mus"/>
            <span end="56311" id="16216087-8772" start="56307">mice</span>
        </annotation>
        <annotation annotator="Mike Bada" id="organism_Instance_42994" type="identity">
            <class id="NCBITaxon:10088" label="Mus"/>
            <span end="56938" id="16216087-8774" start="56934">mice</span>
        </annotation>
        <annotation annotator="Mike Bada" id="organism_Instance_42999" type="identity">
            <class id="NCBITaxon:33208" label="Metazoa"/>
            <span end="57035" id="16216087-8776" start="57028">animals</span>
        </annotation>
        <annotation annotator="Mike Bada" id="organism_Instance_43004" type="identity">
            <class id="NCBITaxon:10088" label="Mus"/>
            <span end="57090" id="16216087-8778" start="57086">mice</span>
        </annotation>
        <annotation annotator="Mike Bada" id="organism_Instance_43009" type="identity">
            <class id="NCBITaxon:10088" label="Mus"/>
            <span end="57510" id="16216087-8780" start="57505">mouse</span>
        </annotation>
        <annotation annotator="Mike Bada" id="organism_Instance_43014" type="identity">
            <class id="NCBITaxon:10088" label="Mus"/>
            <span end="57606" id="16216087-8782" start="57602">mice</span>
        </annotation>
        <annotation annotator="Mike Bada" id="organism_Instance_43024" type="identity">
            <class id="NCBITaxon:10088" label="Mus"/>
            <span end="58012" id="16216087-8784" start="58007">mouse</span>
        </annotation>
        <annotation annotator="Mike Bada" id="organism_Instance_43034" type="identity">
            <class id="NCBITaxon:10088" label="Mus"/>
            <span end="58415" id="16216087-8786" start="58411">Mice</span>
        </annotation>
        <annotation annotator="Mike Bada" id="organism_Instance_43039" type="identity">
            <class id="NCBITaxon:33208" label="Metazoa"/>
            <span end="58794" id="16216087-8788" start="58787">animals</span>
        </annotation>
        <annotation annotator="Mike Bada" id="organism_Instance_43044" type="identity">
            <class id="NCBITaxon:33208" label="Metazoa"/>
            <span end="58895" id="16216087-8790" start="58888">animals</span>
        </annotation>
        <annotation annotator="Mike Bada" id="organism_Instance_43049" type="identity">
            <class id="NCBITaxon:33208" label="Metazoa"/>
            <span end="59339" id="16216087-8792" start="59332">animals</span>
        </annotation>
        <annotation annotator="Mike Bada" id="organism_Instance_43054" type="identity">
            <class id="NCBITaxon:33208" label="Metazoa"/>
            <span end="59575" id="16216087-8794" start="59568">animals</span>
        </annotation>
        <annotation annotator="Mike Bada" id="organism_Instance_220057" type="identity">
            <class id="NCBITaxon:10088" label="Mus"/>
            <span end="59901" id="16216087-8480" start="59897">Mice</span>
        </annotation>
        <annotation annotator="Mike Bada" id="organism_Instance_43059" type="identity">
            <class id="NCBITaxon:10088" label="Mus"/>
            <span end="60196" id="16216087-8796" start="60191">mouse</span>
        </annotation>
        <annotation annotator="Mike Bada" id="organism_Instance_43064" type="identity">
            <class id="NCBITaxon:10088" label="Mus"/>
            <span end="61453" id="16216087-8798" start="61449">Mice</span>
        </annotation>
        <annotation annotator="Mike Bada" id="organism_Instance_43069" type="identity">
            <class id="NCBITaxon:10088" label="Mus"/>
            <span end="61966" id="16216087-8800" start="61961">mouse</span>
        </annotation>
        <annotation annotator="Mike Bada" id="organism_Instance_43074" type="identity">
            <class id="NCBITaxon:10088" label="Mus"/>
            <span end="62059" id="16216087-8802" start="62054">mouse</span>
        </annotation>
        <annotation annotator="Mike Bada" id="organism_Instance_43079" type="identity">
            <class id="NCBITaxon:10088" label="Mus"/>
            <span end="62081" id="16216087-8804" start="62076">mouse</span>
        </annotation>
        <annotation annotator="Mike Bada" id="organism_Instance_43084" type="identity">
            <class id="NCBITaxon:10088" label="Mus"/>
            <span end="62196" id="16216087-8806" start="62191">mouse</span>
        </annotation>
        <annotation annotator="Mike Bada" id="organism_Instance_43089" type="identity">
            <class id="NCBITaxon:10088" label="Mus"/>
            <span end="62301" id="16216087-8808" start="62296">mouse</span>
        </annotation>
        <annotation annotator="Mike Bada" id="organism_Instance_43094" type="identity">
            <class id="NCBITaxon:33208" label="Metazoa"/>
            <span end="62467" id="16216087-8810" start="62460">animals</span>
        </annotation>
        <annotation annotator="Mike Bada" id="organism_Instance_43099" type="identity">
            <class id="NCBITaxon:10088" label="Mus"/>
            <span end="62883" id="16216087-8812" start="62878">mouse</span>
        </annotation>
        <annotation annotator="Mike Bada" id="organism_Instance_43109" type="identity">
            <class id="NCBITaxon:10088" label="Mus"/>
            <span end="63494" id="16216087-8814" start="63490">Mice</span>
        </annotation>
        <annotation annotator="Mike Bada" id="organism_Instance_43114" type="identity">
            <class id="NCBITaxon:10088" label="Mus"/>
            <span end="63860" id="16216087-8816" start="63856">mice</span>
        </annotation>
        <annotation annotator="Mike Bada" id="organism_Instance_43119" type="identity">
            <class id="NCBITaxon:10088" label="Mus"/>
            <span end="64347" id="16216087-8818" start="64343">mice</span>
        </annotation>
        <annotation annotator="Mike Bada" id="organism_Instance_43124" type="identity">
            <class id="NCBITaxon:10088" label="Mus"/>
            <span end="64377" id="16216087-8820" start="64373">mice</span>
        </annotation>
        <annotation annotator="Mike Bada" id="organism_Instance_43129" type="identity">
            <class id="NCBITaxon:10088" label="Mus"/>
            <span end="64526" id="16216087-8822" start="64522">mice</span>
        </annotation>
        <annotation annotator="Mike Bada" id="organism_Instance_43134" type="identity">
            <class id="NCBITaxon:10088" label="Mus"/>
            <span end="64827" id="16216087-8824" start="64822">Mouse</span>
        </annotation>
        <annotation annotator="Mike Bada" id="organism_Instance_43139" type="identity">
            <class id="NCBITaxon:10088" label="Mus"/>
            <span end="64906" id="16216087-8826" start="64902">mice</span>
        </annotation>
        <annotation annotator="Mike Bada" id="organism_Instance_43144" type="identity">
            <class id="NCBITaxon:10088" label="Mus"/>
            <span end="65182" id="16216087-8828" start="65177">mouse</span>
        </annotation>
        <annotation annotator="Mike Bada" id="organism_Instance_43149" type="identity">
            <class id="NCBITaxon:10088" label="Mus"/>
            <span end="65206" id="16216087-8830" start="65202">mice</span>
        </annotation>
        <annotation annotator="Mike Bada" id="organism_Instance_43154" type="identity">
            <class id="NCBITaxon:10088" label="Mus"/>
            <span end="65501" id="16216087-8832" start="65497">Mice</span>
        </annotation>
        <annotation annotator="Mike Bada" id="organism_Instance_43159" type="identity">
            <class id="NCBITaxon:10088" label="Mus"/>
            <span end="65601" id="16216087-8834" start="65597">mice</span>
        </annotation>
        <annotation annotator="Mike Bada" id="organism_Instance_43164" type="identity">
            <class id="NCBITaxon:10088" label="Mus"/>
            <span end="65743" id="16216087-8836" start="65739">mice</span>
        </annotation>
        <annotation annotator="Mike Bada" id="organism_Instance_43169" type="identity">
            <class id="NCBITaxon:10088" label="Mus"/>
            <span end="66119" id="16216087-8838" start="66114">mouse</span>
        </annotation>
        <annotation annotator="Mike Bada" id="organism_Instance_43174" type="identity">
            <class id="NCBITaxon:10088" label="Mus"/>
            <span end="66290" id="16216087-8840" start="66286">mice</span>
        </annotation>
        <annotation annotator="Mike Bada" id="organism_Instance_43179" type="identity">
            <class id="NCBITaxon:10088" label="Mus"/>
            <span end="66485" id="16216087-8842" start="66481">mice</span>
        </annotation>
        <annotation annotator="Mike Bada" id="organism_Instance_43184" type="identity">
            <class id="NCBITaxon:10088" label="Mus"/>
            <span end="67683" id="16216087-8844" start="67679">mice</span>
        </annotation>
        <annotation annotator="Mike Bada" id="organism_Instance_43189" type="identity">
            <class id="NCBITaxon:10088" label="Mus"/>
            <span end="67914" id="16216087-8846" start="67910">mice</span>
        </annotation>
        <annotation annotator="Mike Bada" id="organism_Instance_43194" type="identity">
            <class id="NCBITaxon:10088" label="Mus"/>
            <span end="68366" id="16216087-8848" start="68362">mice</span>
        </annotation>
        <annotation annotator="Mike Bada" id="organism_Instance_43199" type="identity">
            <class id="NCBITaxon:10088" label="Mus"/>
            <span end="68607" id="16216087-8850" start="68603">Mice</span>
        </annotation>
        <annotation annotator="Mike Bada" id="organism_Instance_43204" type="identity">
            <class id="NCBITaxon:10088" label="Mus"/>
            <span end="68706" id="16216087-8852" start="68702">mice</span>
        </annotation>
        <annotation annotator="Mike Bada" id="organism_Instance_43214" type="identity">
            <class id="NCBITaxon:10088" label="Mus"/>
            <span end="69525" id="16216087-8854" start="69521">mice</span>
        </annotation>
        <annotation annotator="Mike Bada" id="organism_Instance_43219" type="identity">
            <class id="NCBITaxon:33208" label="Metazoa"/>
            <span end="69727" id="16216087-8856" start="69720">animals</span>
        </annotation>
        <annotation annotator="Mike Bada" id="organism_Instance_43224" type="identity">
            <class id="NCBITaxon:10088" label="Mus"/>
            <span end="69881" id="16216087-8858" start="69876">Mouse</span>
        </annotation>
        <graph-space id="Old Knowtator Relations"/>
    </document>
</knowtator-project>
