<?xml version="1.0" encoding="UTF-8" standalone="no"?>
<knowtator-project>
  <document id="16216087" text-file="16216087.txt">
    <annotation annotator="Mike Bada" id="organism_Instance_42269" type="identity">
      <class id="NCBITaxon:10088" label="Mus"/>
      <span end="552" id="16216087-8493" start="548">Mice</span>
    </annotation>
    <annotation annotator="Mike Bada" id="organism_Instance_200007" type="identity">
      <class id="NCBITaxon:1" label="root"/>
      <span end="858" id="16216087-8461" start="847">individuals</span>
    </annotation>
    <annotation annotator="Mike Bada" id="organism_Instance_42274" type="identity">
      <class id="NCBITaxon:9989" label="Rodentia"/>
      <span end="1419" id="16216087-8495" start="1412">rodents</span>
    </annotation>
    <annotation annotator="Mike Bada" id="organism_Instance_42279" type="identity">
      <class id="NCBITaxon:9989" label="Rodentia"/>
      <span end="1631" id="16216087-8497" start="1624">rodents</span>
    </annotation>
    <annotation annotator="Mike Bada" id="organism_Instance_42284" type="identity">
      <class id="NCBITaxon:10088" label="Mus"/>
      <span end="4614" id="16216087-8499" start="4610">mice</span>
    </annotation>
    <annotation annotator="Mike Bada" id="organism_Instance_42289" type="identity">
      <class id="NCBITaxon:10088" label="Mus"/>
      <span end="5455" id="16216087-8501" start="5451">mice</span>
    </annotation>
    <annotation annotator="Mike Bada" id="organism_Instance_42294" type="identity">
      <class id="NCBITaxon:10088" label="Mus"/>
      <span end="5679" id="16216087-8503" start="5675">mice</span>
    </annotation>
    <annotation annotator="Mike Bada" id="organism_Instance_42299" type="identity">
      <class id="NCBITaxon:10088" label="Mus"/>
      <span end="6067" id="16216087-8505" start="6063">mice</span>
    </annotation>
    <annotation annotator="Mike Bada" id="organism_Instance_42304" type="identity">
      <class id="NCBITaxon:10088" label="Mus"/>
      <span end="6317" id="16216087-8507" start="6313">Mice</span>
    </annotation>
    <annotation annotator="Mike Bada" id="organism_Instance_210012" type="identity">
      <class id="NCBITaxon:1" label="root"/>
      <span end="6786" id="16216087-8463" start="6775">individuals</span>
    </annotation>
    <annotation annotator="Mike Bada" id="organism_Instance_42309" type="identity">
      <class id="NCBITaxon:10088" label="Mus"/>
      <span end="6984" id="16216087-8509" start="6979">mouse</span>
    </annotation>
    <annotation annotator="Mike Bada" id="organism_Instance_42314" type="identity">
      <class id="NCBITaxon:10088" label="Mus"/>
      <span end="7835" id="16216087-8511" start="7831">mice</span>
    </annotation>
    <annotation annotator="Mike Bada" id="organism_Instance_42319" type="identity">
      <class id="NCBITaxon:10088" label="Mus"/>
      <span end="7969" id="16216087-8513" start="7965">mice</span>
    </annotation>
    <annotation annotator="Mike Bada" id="organism_Instance_42324" type="identity">
      <class id="NCBITaxon:10088" label="Mus"/>
      <span end="8716" id="16216087-8515" start="8712">mice</span>
    </annotation>
    <annotation annotator="Mike Bada" id="organism_Instance_42329" type="identity">
      <class id="NCBITaxon:10088" label="Mus"/>
      <span end="8930" id="16216087-8517" start="8926">mice</span>
    </annotation>
    <annotation annotator="Mike Bada" id="organism_Instance_42334" type="identity">
      <class id="NCBITaxon:10088" label="Mus"/>
      <span end="8955" id="16216087-8519" start="8951">mice</span>
    </annotation>
    <annotation annotator="Mike Bada" id="organism_Instance_42339" type="identity">
      <class id="NCBITaxon:10088" label="Mus"/>
      <span end="9199" id="16216087-8521" start="9195">mice</span>
    </annotation>
    <annotation annotator="Mike Bada" id="organism_Instance_42344" type="identity">
      <class id="NCBITaxon:10088" label="Mus"/>
      <span end="9339" id="16216087-8523" start="9335">mice</span>
    </annotation>
    <annotation annotator="Mike Bada" id="organism_Instance_42349" type="identity">
      <class id="NCBITaxon:10088" label="Mus"/>
      <span end="9496" id="16216087-8525" start="9492">mice</span>
    </annotation>
    <annotation annotator="Mike Bada" id="organism_Instance_42354" type="identity">
      <class id="NCBITaxon:10088" label="Mus"/>
      <span end="9677" id="16216087-8527" start="9673">mice</span>
    </annotation>
    <annotation annotator="Mike Bada" id="organism_Instance_42359" type="identity">
      <class id="NCBITaxon:33208" label="Metazoa"/>
      <span end="10099" id="16216087-8529" start="10092">animals</span>
    </annotation>
    <annotation annotator="Mike Bada" id="organism_Instance_42369" type="identity">
      <class id="NCBITaxon:10088" label="Mus"/>
      <span end="10561" id="16216087-8531" start="10557">mice</span>
    </annotation>
    <annotation annotator="Mike Bada" id="organism_Instance_42374" type="identity">
      <class id="NCBITaxon:10088" label="Mus"/>
      <span end="11067" id="16216087-8533" start="11063">Mice</span>
    </annotation>
    <annotation annotator="Mike Bada" id="organism_Instance_42379" type="identity">
      <class id="NCBITaxon:10088" label="Mus"/>
      <span end="11329" id="16216087-8535" start="11325">mice</span>
    </annotation>
    <annotation annotator="Mike Bada" id="organism_Instance_42384" type="identity">
      <class id="NCBITaxon:10088" label="Mus"/>
      <span end="11491" id="16216087-8537" start="11487">mice</span>
    </annotation>
    <annotation annotator="Mike Bada" id="organism_Instance_42389" type="identity">
      <class id="NCBITaxon:10088" label="Mus"/>
      <span end="11603" id="16216087-8539" start="11599">mice</span>
    </annotation>
    <annotation annotator="Mike Bada" id="organism_Instance_42394" type="identity">
      <class id="NCBITaxon:10088" label="Mus"/>
      <span end="12299" id="16216087-8541" start="12295">mice</span>
    </annotation>
    <annotation annotator="Mike Bada" id="organism_Instance_42399" type="identity">
      <class id="NCBITaxon:10088" label="Mus"/>
      <span end="12607" id="16216087-8543" start="12603">mice</span>
    </annotation>
    <annotation annotator="Mike Bada" id="organism_Instance_42404" type="identity">
      <class id="NCBITaxon:10088" label="Mus"/>
      <span end="12799" id="16216087-8545" start="12795">mice</span>
    </annotation>
    <annotation annotator="Mike Bada" id="organism_Instance_42409" type="identity">
      <class id="NCBITaxon:10088" label="Mus"/>
      <span end="12943" id="16216087-8547" start="12939">mice</span>
    </annotation>
    <annotation annotator="Mike Bada" id="organism_Instance_42414" type="identity">
      <class id="NCBITaxon:10088" label="Mus"/>
      <span end="13257" id="16216087-8549" start="13253">mice</span>
    </annotation>
    <annotation annotator="Mike Bada" id="organism_Instance_42419" type="identity">
      <class id="NCBITaxon:10088" label="Mus"/>
      <span end="13699" id="16216087-8551" start="13695">mice</span>
    </annotation>
    <annotation annotator="Mike Bada" id="organism_Instance_42424" type="identity">
      <class id="NCBITaxon:10088" label="Mus"/>
      <span end="14013" id="16216087-8553" start="14009">mice</span>
    </annotation>
    <annotation annotator="Mike Bada" id="organism_Instance_42429" type="identity">
      <class id="NCBITaxon:10088" label="Mus"/>
      <span end="14393" id="16216087-8555" start="14389">mice</span>
    </annotation>
    <annotation annotator="Mike Bada" id="organism_Instance_42434" type="identity">
      <class id="NCBITaxon:10088" label="Mus"/>
      <span end="14830" id="16216087-8557" start="14826">mice</span>
    </annotation>
    <annotation annotator="Mike Bada" id="organism_Instance_42439" type="identity">
      <class id="NCBITaxon:10088" label="Mus"/>
      <span end="15491" id="16216087-8559" start="15487">mice</span>
    </annotation>
    <annotation annotator="Mike Bada" id="organism_Instance_42444" type="identity">
      <class id="NCBITaxon:10088" label="Mus"/>
      <span end="15780" id="16216087-8561" start="15776">mice</span>
    </annotation>
    <annotation annotator="Mike Bada" id="organism_Instance_42449" type="identity">
      <class id="NCBITaxon:10088" label="Mus"/>
      <span end="16345" id="16216087-8563" start="16341">mice</span>
    </annotation>
    <annotation annotator="Mike Bada" id="organism_Instance_220069" type="identity">
      <class id="NCBITaxon:10088" label="Mus"/>
      <span end="16764" id="16216087-8483" start="16760">Mice</span>
    </annotation>
    <annotation annotator="Mike Bada" id="organism_Instance_42454" type="identity">
      <class id="NCBITaxon:10088" label="Mus"/>
      <span end="16971" id="16216087-8565" start="16967">mice</span>
    </annotation>
    <annotation annotator="Mike Bada" id="organism_Instance_42459" type="identity">
      <class id="NCBITaxon:10088" label="Mus"/>
      <span end="17306" id="16216087-8567" start="17302">mice</span>
    </annotation>
    <annotation annotator="Mike Bada" id="organism_Instance_42464" type="identity">
      <class id="NCBITaxon:10088" label="Mus"/>
      <span end="17427" id="16216087-8569" start="17423">mice</span>
    </annotation>
    <annotation annotator="Mike Bada" id="organism_Instance_42469" type="identity">
      <class id="NCBITaxon:10088" label="Mus"/>
      <span end="18483" id="16216087-8571" start="18479">mice</span>
    </annotation>
    <annotation annotator="Mike Bada" id="organism_Instance_42474" type="identity">
      <class id="NCBITaxon:33208" label="Metazoa"/>
      <span end="18528" id="16216087-8573" start="18521">animals</span>
    </annotation>
    <annotation annotator="Mike Bada" id="organism_Instance_42479" type="identity">
      <class id="NCBITaxon:10088" label="Mus"/>
      <span end="18719" id="16216087-8575" start="18715">mice</span>
    </annotation>
    <annotation annotator="Mike Bada" id="organism_Instance_42484" type="identity">
      <class id="NCBITaxon:10088" label="Mus"/>
      <span end="18777" id="16216087-8577" start="18772">mouse</span>
    </annotation>
    <annotation annotator="Mike Bada" id="organism_Instance_42489" type="identity">
      <class id="NCBITaxon:10088" label="Mus"/>
      <span end="18919" id="16216087-8579" start="18915">mice</span>
    </annotation>
    <annotation annotator="Mike Bada" id="organism_Instance_42494" type="identity">
      <class id="NCBITaxon:33208" label="Metazoa"/>
      <span end="19193" id="16216087-8581" start="19186">animals</span>
    </annotation>
    <annotation annotator="Mike Bada" id="organism_Instance_42499" type="identity">
      <class id="NCBITaxon:33208" label="Metazoa"/>
      <span end="19494" id="16216087-8583" start="19487">animals</span>
    </annotation>
    <annotation annotator="Mike Bada" id="organism_Instance_220074" type="identity">
      <class id="NCBITaxon:10088" label="Mus"/>
      <span end="19706" id="16216087-8485" start="19702">Mice</span>
    </annotation>
    <annotation annotator="Mike Bada" id="organism_Instance_42504" type="identity">
      <class id="NCBITaxon:10088" label="Mus"/>
      <span end="19797" id="16216087-8585" start="19793">mice</span>
    </annotation>
    <annotation annotator="Mike Bada" id="organism_Instance_42509" type="identity">
      <class id="NCBITaxon:10088" label="Mus"/>
      <span end="19865" id="16216087-8587" start="19861">mice</span>
    </annotation>
    <annotation annotator="Mike Bada" id="organism_Instance_42514" type="identity">
      <class id="NCBITaxon:10088" label="Mus"/>
      <span end="19924" id="16216087-8589" start="19920">mice</span>
    </annotation>
    <annotation annotator="Mike Bada" id="organism_Instance_42519" type="identity">
      <class id="NCBITaxon:10088" label="Mus"/>
      <span end="19988" id="16216087-8591" start="19984">mice</span>
    </annotation>
    <annotation annotator="Mike Bada" id="organism_Instance_42524" type="identity">
      <class id="NCBITaxon:10088" label="Mus"/>
      <span end="20196" id="16216087-8593" start="20192">mice</span>
    </annotation>
    <annotation annotator="Mike Bada" id="organism_Instance_42529" type="identity">
      <class id="NCBITaxon:10088" label="Mus"/>
      <span end="20494" id="16216087-8595" start="20490">mice</span>
    </annotation>
    <annotation annotator="Mike Bada" id="organism_Instance_42534" type="identity">
      <class id="NCBITaxon:33208" label="Metazoa"/>
      <span end="20529" id="16216087-8597" start="20522">animals</span>
    </annotation>
    <annotation annotator="Mike Bada" id="organism_Instance_42539" type="identity">
      <class id="NCBITaxon:10088" label="Mus"/>
      <span end="20795" id="16216087-8599" start="20790">mouse</span>
    </annotation>
    <annotation annotator="Mike Bada" id="organism_Instance_42544" type="identity">
      <class id="NCBITaxon:33208" label="Metazoa"/>
      <span end="20910" id="16216087-8601" start="20903">animals</span>
    </annotation>
    <annotation annotator="Mike Bada" id="organism_Instance_42549" type="identity">
      <class id="NCBITaxon:10088" label="Mus"/>
      <span end="21640" id="16216087-8603" start="21636">mice</span>
    </annotation>
    <annotation annotator="Mike Bada" id="organism_Instance_220079" type="identity">
      <class id="NCBITaxon:10088" label="Mus"/>
      <span end="22473" id="16216087-8487" start="22469">Mice</span>
    </annotation>
    <annotation annotator="Mike Bada" id="organism_Instance_42554" type="identity">
      <class id="NCBITaxon:10088" label="Mus"/>
      <span end="22523" id="16216087-8605" start="22519">mice</span>
    </annotation>
    <annotation annotator="Mike Bada" id="organism_Instance_42559" type="identity">
      <class id="NCBITaxon:10088" label="Mus"/>
      <span end="23155" id="16216087-8607" start="23151">mice</span>
    </annotation>
    <annotation annotator="Mike Bada" id="organism_Instance_42564" type="identity">
      <class id="NCBITaxon:10088" label="Mus"/>
      <span end="23388" id="16216087-8609" start="23383">mouse</span>
    </annotation>
    <annotation annotator="Mike Bada" id="organism_Instance_42569" type="identity">
      <class id="NCBITaxon:10088" label="Mus"/>
      <span end="23486" id="16216087-8611" start="23482">mice</span>
    </annotation>
    <annotation annotator="Mike Bada" id="organism_Instance_42574" type="identity">
      <class id="NCBITaxon:10088" label="Mus"/>
      <span end="24066" id="16216087-8613" start="24062">mice</span>
    </annotation>
    <annotation annotator="Mike Bada" id="organism_Instance_42579" type="identity">
      <class id="NCBITaxon:10088" label="Mus"/>
      <span end="24330" id="16216087-8615" start="24326">mice</span>
    </annotation>
    <annotation annotator="Mike Bada" id="organism_Instance_42584" type="identity">
      <class id="NCBITaxon:10088" label="Mus"/>
      <span end="24438" id="16216087-8617" start="24434">mice</span>
    </annotation>
    <annotation annotator="Mike Bada" id="organism_Instance_42589" type="identity">
      <class id="NCBITaxon:10088" label="Mus"/>
      <span end="24641" id="16216087-8619" start="24637">mice</span>
    </annotation>
    <annotation annotator="Mike Bada" id="organism_Instance_42594" type="identity">
      <class id="NCBITaxon:10088" label="Mus"/>
      <span end="24758" id="16216087-8621" start="24754">mice</span>
    </annotation>
    <annotation annotator="Mike Bada" id="organism_Instance_42599" type="identity">
      <class id="NCBITaxon:10088" label="Mus"/>
      <span end="24861" id="16216087-8623" start="24857">mice</span>
    </annotation>
    <annotation annotator="Mike Bada" id="organism_Instance_42604" type="identity">
      <class id="NCBITaxon:10088" label="Mus"/>
      <span end="25210" id="16216087-8625" start="25206">mice</span>
    </annotation>
    <annotation annotator="Mike Bada" id="organism_Instance_42614" type="identity">
      <class id="NCBITaxon:33208" label="Metazoa"/>
      <span end="25905" id="16216087-8627" start="25898">animals</span>
    </annotation>
    <annotation annotator="Mike Bada" id="organism_Instance_42619" type="identity">
      <class id="NCBITaxon:33208" label="Metazoa"/>
      <span end="26199" id="16216087-8629" start="26192">animals</span>
    </annotation>
    <annotation annotator="Mike Bada" id="organism_Instance_42624" type="identity">
      <class id="NCBITaxon:10088" label="Mus"/>
      <span end="26620" id="16216087-8631" start="26616">mice</span>
    </annotation>
    <annotation annotator="Mike Bada" id="organism_Instance_42629" type="identity">
      <class id="NCBITaxon:10088" label="Mus"/>
      <span end="27404" id="16216087-8633" start="27400">mice</span>
    </annotation>
    <annotation annotator="Mike Bada" id="organism_Instance_42634" type="identity">
      <class id="NCBITaxon:10088" label="Mus"/>
      <span end="27551" id="16216087-8635" start="27546">mouse</span>
    </annotation>
    <annotation annotator="Mike Bada" id="organism_Instance_42639" type="identity">
      <class id="NCBITaxon:10088" label="Mus"/>
      <span end="27892" id="16216087-8637" start="27888">mice</span>
    </annotation>
    <annotation annotator="Mike Bada" id="organism_Instance_42644" type="identity">
      <class id="NCBITaxon:10088" label="Mus"/>
      <span end="29105" id="16216087-8639" start="29101">Mice</span>
    </annotation>
    <annotation annotator="Mike Bada" id="organism_Instance_42649" type="identity">
      <class id="NCBITaxon:10088" label="Mus"/>
      <span end="29362" id="16216087-8641" start="29358">mice</span>
    </annotation>
    <annotation annotator="Mike Bada" id="organism_Instance_42654" type="identity">
      <class id="NCBITaxon:10088" label="Mus"/>
      <span end="29866" id="16216087-8643" start="29862">mice</span>
    </annotation>
    <annotation annotator="Mike Bada" id="organism_Instance_42659" type="identity">
      <class id="NCBITaxon:10088" label="Mus"/>
      <span end="31641" id="16216087-8645" start="31637">mice</span>
    </annotation>
    <annotation annotator="Mike Bada" id="organism_Instance_42664" type="identity">
      <class id="NCBITaxon:10088" label="Mus"/>
      <span end="32127" id="16216087-8647" start="32123">mice</span>
    </annotation>
    <annotation annotator="Mike Bada" id="organism_Instance_42669" type="identity">
      <class id="NCBITaxon:10088" label="Mus"/>
      <span end="32303" id="16216087-8649" start="32299">mice</span>
    </annotation>
    <annotation annotator="Mike Bada" id="organism_Instance_42674" type="identity">
      <class id="NCBITaxon:10088" label="Mus"/>
      <span end="32422" id="16216087-8651" start="32418">mice</span>
    </annotation>
    <annotation annotator="Mike Bada" id="organism_Instance_42679" type="identity">
      <class id="NCBITaxon:10088" label="Mus"/>
      <span end="32458" id="16216087-8653" start="32453">mouse</span>
    </annotation>
    <annotation annotator="Mike Bada" id="organism_Instance_42684" type="identity">
      <class id="NCBITaxon:10088" label="Mus"/>
      <span end="32612" id="16216087-8655" start="32608">mice</span>
    </annotation>
    <annotation annotator="Mike Bada" id="organism_Instance_42689" type="identity">
      <class id="NCBITaxon:10088" label="Mus"/>
      <span end="32739" id="16216087-8657" start="32735">mice</span>
    </annotation>
    <annotation annotator="Mike Bada" id="organism_Instance_42694" type="identity">
      <class id="NCBITaxon:10088" label="Mus"/>
      <span end="33148" id="16216087-8659" start="33143">mouse</span>
    </annotation>
    <annotation annotator="Mike Bada" id="organism_Instance_42699" type="identity">
      <class id="NCBITaxon:10088" label="Mus"/>
      <span end="33567" id="16216087-8661" start="33563">mice</span>
    </annotation>
    <annotation annotator="Mike Bada" id="organism_Instance_42704" type="identity">
      <class id="NCBITaxon:10088" label="Mus"/>
      <span end="34284" id="16216087-8663" start="34280">mice</span>
    </annotation>
    <annotation annotator="Mike Bada" id="organism_Instance_42709" type="identity">
      <class id="NCBITaxon:10088" label="Mus"/>
      <span end="34550" id="16216087-8665" start="34546">mice</span>
    </annotation>
    <annotation annotator="Mike Bada" id="organism_Instance_42714" type="identity">
      <class id="NCBITaxon:10088" label="Mus"/>
      <span end="35098" id="16216087-8667" start="35094">mice</span>
    </annotation>
    <annotation annotator="Mike Bada" id="organism_Instance_42719" type="identity">
      <class id="NCBITaxon:10088" label="Mus"/>
      <span end="35458" id="16216087-8669" start="35454">Mice</span>
    </annotation>
    <annotation annotator="Mike Bada" id="organism_Instance_42724" type="identity">
      <class id="NCBITaxon:10088" label="Mus"/>
      <span end="35573" id="16216087-8671" start="35569">mice</span>
    </annotation>
    <annotation annotator="Mike Bada" id="organism_Instance_42729" type="identity">
      <class id="NCBITaxon:10088" label="Mus"/>
      <span end="35598" id="16216087-8673" start="35594">mice</span>
    </annotation>
    <annotation annotator="Mike Bada" id="organism_Instance_42734" type="identity">
      <class id="NCBITaxon:10088" label="Mus"/>
      <span end="35833" id="16216087-8675" start="35829">mice</span>
    </annotation>
    <annotation annotator="Mike Bada" id="organism_Instance_42739" type="identity">
      <class id="NCBITaxon:10088" label="Mus"/>
      <span end="35859" id="16216087-8677" start="35855">mice</span>
    </annotation>
    <annotation annotator="Mike Bada" id="organism_Instance_42744" type="identity">
      <class id="NCBITaxon:10088" label="Mus"/>
      <span end="36672" id="16216087-8679" start="36668">mice</span>
    </annotation>
    <annotation annotator="Mike Bada" id="organism_Instance_42749" type="identity">
      <class id="NCBITaxon:10088" label="Mus"/>
      <span end="37120" id="16216087-8681" start="37116">mice</span>
    </annotation>
    <annotation annotator="Mike Bada" id="organism_Instance_42754" type="identity">
      <class id="NCBITaxon:10088" label="Mus"/>
      <span end="37187" id="16216087-8683" start="37182">mouse</span>
    </annotation>
    <annotation annotator="Mike Bada" id="organism_Instance_42764" type="identity">
      <class id="NCBITaxon:10114" label="Rattus"/>
      <span end="38672" id="16216087-8685" start="38668">rats</span>
    </annotation>
    <annotation annotator="Mike Bada" id="organism_Instance_42774" type="identity">
      <class id="NCBITaxon:10088" label="Mus"/>
      <span end="39955" id="16216087-8687" start="39951">mice</span>
    </annotation>
    <annotation annotator="Mike Bada" id="organism_Instance_42779" type="identity">
      <class id="NCBITaxon:33208" label="Metazoa"/>
      <span end="41550" id="16216087-8689" start="41543">animals</span>
    </annotation>
    <annotation annotator="Mike Bada" id="organism_Instance_42784" type="identity">
      <class id="NCBITaxon:9989" label="Rodentia"/>
      <span end="42233" id="16216087-8691" start="42226">rodents</span>
    </annotation>
    <annotation annotator="Mike Bada" id="organism_Instance_210017" type="identity">
      <class id="NCBITaxon:1" label="root"/>
      <span end="42258" id="16216087-8465" start="42247">individuals</span>
    </annotation>
    <annotation annotator="Mike Bada" id="organism_Instance_42789" type="identity">
      <class id="NCBITaxon:10088" label="Mus"/>
      <span end="43794" id="16216087-8693" start="43790">mice</span>
    </annotation>
    <annotation annotator="Mike Bada" id="organism_Instance_210022" type="identity">
      <class id="NCBITaxon:10088" label="Mus"/>
      <span end="44183" id="16216087-8467" start="44178">Mouse</span>
    </annotation>
    <annotation annotator="Mike Bada" id="organism_Instance_42794" type="identity">
      <class id="NCBITaxon:10088" label="Mus"/>
      <span end="44259" id="16216087-8695" start="44255">mice</span>
    </annotation>
    <annotation annotator="Mike Bada" id="organism_Instance_42799" type="identity">
      <class id="NCBITaxon:10088" label="Mus"/>
      <span end="44382" id="16216087-8697" start="44378">mice</span>
    </annotation>
    <annotation annotator="Mike Bada" id="organism_Instance_42804" type="identity">
      <class id="NCBITaxon:10088" label="Mus"/>
      <span end="44400" id="16216087-8699" start="44396">mice</span>
    </annotation>
    <annotation annotator="Mike Bada" id="organism_Instance_42809" type="identity">
      <class id="NCBITaxon:10088" label="Mus"/>
      <span end="44607" id="16216087-8701" start="44603">mice</span>
    </annotation>
    <annotation annotator="Mike Bada" id="organism_Instance_42814" type="identity">
      <class id="NCBITaxon:10088" label="Mus"/>
      <span end="44690" id="16216087-8703" start="44686">mice</span>
    </annotation>
    <annotation annotator="Mike Bada" id="organism_Instance_42819" type="identity">
      <class id="NCBITaxon:10088" label="Mus"/>
      <span end="44771" id="16216087-8705" start="44767">mice</span>
    </annotation>
    <annotation annotator="Mike Bada" id="organism_Instance_42824" type="identity">
      <class id="NCBITaxon:10088" label="Mus"/>
      <span end="44789" id="16216087-8707" start="44785">mice</span>
    </annotation>
    <annotation annotator="Mike Bada" id="organism_Instance_42829" type="identity">
      <class id="NCBITaxon:10088" label="Mus"/>
      <span end="44838" id="16216087-8709" start="44834">mice</span>
    </annotation>
    <annotation annotator="Mike Bada" id="organism_Instance_42834" type="identity">
      <class id="NCBITaxon:10088" label="Mus"/>
      <span end="45048" id="16216087-8711" start="45043">mouse</span>
    </annotation>
    <annotation annotator="Mike Bada" id="organism_Instance_42839" type="identity">
      <class id="NCBITaxon:10114" label="Rattus"/>
      <span end="45379" id="16216087-8713" start="45376">rat</span>
    </annotation>
    <annotation annotator="Mike Bada" id="organism_Instance_42844" type="identity">
      <class id="NCBITaxon:10088" label="Mus"/>
      <span end="45476" id="16216087-8715" start="45472">mice</span>
    </annotation>
    <annotation annotator="Mike Bada" id="organism_Instance_220027" type="identity">
      <class id="NCBITaxon:10088" label="Mus"/>
      <span end="45585" id="16216087-8469" start="45581">Mice</span>
    </annotation>
    <annotation annotator="Mike Bada" id="organism_Instance_42849" type="identity">
      <class id="NCBITaxon:10088" label="Mus"/>
      <span end="45783" id="16216087-8717" start="45779">mice</span>
    </annotation>
    <annotation annotator="Mike Bada" id="organism_Instance_42854" type="identity">
      <class id="NCBITaxon:10088" label="Mus"/>
      <span end="46068" id="16216087-8719" start="46064">mice</span>
    </annotation>
    <annotation annotator="Mike Bada" id="organism_Instance_42859" type="identity">
      <class id="NCBITaxon:10088" label="Mus"/>
      <span end="46190" id="16216087-8721" start="46186">mice</span>
    </annotation>
    <annotation annotator="Mike Bada" id="organism_Instance_220032" type="identity">
      <class id="NCBITaxon:10088" label="Mus"/>
      <span end="46462" id="16216087-8471" start="46458">Mice</span>
    </annotation>
    <annotation annotator="Mike Bada" id="organism_Instance_220098" type="identity">
      <class id="NCBITaxon:10088" label="Mus"/>
      <span end="46492" id="16216087-8489" start="46487">mouse</span>
    </annotation>
    <annotation annotator="Mike Bada" id="organism_Instance_220103" type="identity">
      <class id="NCBITaxon:10088" label="Mus"/>
      <span end="47300" id="16216087-8491" start="47295">mouse</span>
    </annotation>
    <annotation annotator="Mike Bada" id="organism_Instance_42864" type="identity">
      <class id="NCBITaxon:9925" label="Capra hircus"/>
      <span end="48026" id="16216087-8723" start="48022">goat</span>
    </annotation>
    <annotation annotator="Mike Bada" id="organism_Instance_220042" type="identity">
      <class id="NCBITaxon:9986" label="Oryctolagus cuniculus"/>
      <span end="48038" id="16216087-8475" start="48032">rabbit</span>
    </annotation>
    <annotation annotator="Mike Bada" id="organism_Instance_220037" type="identity">
      <class id="NCBITaxon:10088" label="Mus"/>
      <span end="48286" id="16216087-8473" start="48281">Mouse</span>
    </annotation>
    <annotation annotator="Mike Bada" id="organism_Instance_42869" type="identity">
      <class id="NCBITaxon:9925" label="Capra hircus"/>
      <span end="48652" id="16216087-8725" start="48648">goat</span>
    </annotation>
    <annotation annotator="Mike Bada" id="organism_Instance_220047" type="identity">
      <class id="NCBITaxon:9986" label="Oryctolagus cuniculus"/>
      <span end="48664" id="16216087-8477" start="48658">rabbit</span>
    </annotation>
    <annotation annotator="Mike Bada" id="organism_Instance_42874" type="identity">
      <class id="NCBITaxon:9925" label="Capra hircus"/>
      <span end="48673" id="16216087-8727" start="48669">goat</span>
    </annotation>
    <annotation annotator="Mike Bada" id="organism_Instance_220052" type="identity">
      <class id="NCBITaxon:10088" label="Mus"/>
      <span end="48684" id="16216087-8479" start="48679">mouse</span>
    </annotation>
    <annotation annotator="Mike Bada" id="organism_Instance_42879" type="identity">
      <class id="NCBITaxon:10088" label="Mus"/>
      <span end="48914" id="16216087-8729" start="48910">mice</span>
    </annotation>
    <annotation annotator="Mike Bada" id="organism_Instance_42884" type="identity">
      <class id="NCBITaxon:33208" label="Metazoa"/>
      <span end="49096" id="16216087-8731" start="49090">animal</span>
    </annotation>
    <annotation annotator="Mike Bada" id="organism_Instance_42889" type="identity">
      <class id="NCBITaxon:33208" label="Metazoa"/>
      <span end="49196" id="16216087-8733" start="49189">animals</span>
    </annotation>
    <annotation annotator="Mike Bada" id="organism_Instance_42894" type="identity">
      <class id="NCBITaxon:33208" label="Metazoa"/>
      <span end="49386" id="16216087-8735" start="49380">animal</span>
    </annotation>
    <annotation annotator="Mike Bada" id="organism_Instance_42899" type="identity">
      <class id="NCBITaxon:33208" label="Metazoa"/>
      <span end="49441" id="16216087-8737" start="49435">animal</span>
    </annotation>
    <annotation annotator="Mike Bada" id="organism_Instance_42904" type="identity">
      <class id="NCBITaxon:33208" label="Metazoa"/>
      <span end="49911" id="16216087-8739" start="49904">animals</span>
    </annotation>
    <annotation annotator="Mike Bada" id="organism_Instance_42909" type="identity">
      <class id="NCBITaxon:33208" label="Metazoa"/>
      <span end="50743" id="16216087-8741" start="50736">animals</span>
    </annotation>
    <annotation annotator="Mike Bada" id="organism_Instance_42914" type="identity">
      <class id="NCBITaxon:33208" label="Metazoa"/>
      <span end="51111" id="16216087-8743" start="51104">animals</span>
    </annotation>
    <annotation annotator="Mike Bada" id="organism_Instance_42919" type="identity">
      <class id="NCBITaxon:10088" label="Mus"/>
      <span end="51217" id="16216087-8745" start="51212">mouse</span>
    </annotation>
    <annotation annotator="Mike Bada" id="organism_Instance_42924" type="identity">
      <class id="NCBITaxon:33208" label="Metazoa"/>
      <span end="51424" id="16216087-8747" start="51418">animal</span>
    </annotation>
    <annotation annotator="Mike Bada" id="organism_Instance_42929" type="identity">
      <class id="NCBITaxon:33208" label="Metazoa"/>
      <span end="51525" id="16216087-8749" start="51519">animal</span>
    </annotation>
    <annotation annotator="Mike Bada" id="organism_Instance_42934" type="identity">
      <class id="NCBITaxon:33208" label="Metazoa"/>
      <span end="51741" id="16216087-8751" start="51735">animal</span>
    </annotation>
    <annotation annotator="Mike Bada" id="organism_Instance_42939" type="identity">
      <class id="NCBITaxon:33208" label="Metazoa"/>
      <span end="51917" id="16216087-8753" start="51911">animal</span>
    </annotation>
    <annotation annotator="Mike Bada" id="organism_Instance_42944" type="identity">
      <class id="NCBITaxon:33208" label="Metazoa"/>
      <span end="51962" id="16216087-8755" start="51956">animal</span>
    </annotation>
    <annotation annotator="Mike Bada" id="organism_Instance_42949" type="identity">
      <class id="NCBITaxon:33208" label="Metazoa"/>
      <span end="52217" id="16216087-8757" start="52210">animals</span>
    </annotation>
    <annotation annotator="Mike Bada" id="organism_Instance_42954" type="identity">
      <class id="NCBITaxon:33208" label="Metazoa"/>
      <span end="52907" id="16216087-8759" start="52901">animal</span>
    </annotation>
    <annotation annotator="Mike Bada" id="organism_Instance_42959" type="identity">
      <class id="NCBITaxon:33208" label="Metazoa"/>
      <span end="53373" id="16216087-8761" start="53367">animal</span>
    </annotation>
    <annotation annotator="Mike Bada" id="organism_Instance_42964" type="identity">
      <class id="NCBITaxon:10088" label="Mus"/>
      <span end="54374" id="16216087-8763" start="54370">mice</span>
    </annotation>
    <annotation annotator="Mike Bada" id="organism_Instance_42969" type="identity">
      <class id="NCBITaxon:33208" label="Metazoa"/>
      <span end="54892" id="16216087-8765" start="54885">animals</span>
    </annotation>
    <annotation annotator="Mike Bada" id="organism_Instance_42974" type="identity">
      <class id="NCBITaxon:33208" label="Metazoa"/>
      <span end="55179" id="16216087-8767" start="55172">animals</span>
    </annotation>
    <annotation annotator="Mike Bada" id="organism_Instance_191127" type="identity">
      <class id="NCBITaxon:9606" label="Homo sapiens"/>
      <span end="55581" id="16216087-8459" start="55575">person</span>
    </annotation>
    <annotation annotator="Mike Bada" id="organism_Instance_42979" type="identity">
      <class id="NCBITaxon:33208" label="Metazoa"/>
      <span end="55602" id="16216087-8769" start="55595">animals</span>
    </annotation>
    <annotation annotator="Mike Bada" id="organism_Instance_42984" type="identity">
      <class id="NCBITaxon:10088" label="Mus"/>
      <span end="55672" id="16216087-8771" start="55668">mice</span>
    </annotation>
    <annotation annotator="Mike Bada" id="organism_Instance_42989" type="identity">
      <class id="NCBITaxon:10088" label="Mus"/>
      <span end="56311" id="16216087-8773" start="56307">mice</span>
    </annotation>
    <annotation annotator="Mike Bada" id="organism_Instance_42994" type="identity">
      <class id="NCBITaxon:10088" label="Mus"/>
      <span end="56938" id="16216087-8775" start="56934">mice</span>
    </annotation>
    <annotation annotator="Mike Bada" id="organism_Instance_42999" type="identity">
      <class id="NCBITaxon:33208" label="Metazoa"/>
      <span end="57035" id="16216087-8777" start="57028">animals</span>
    </annotation>
    <annotation annotator="Mike Bada" id="organism_Instance_43004" type="identity">
      <class id="NCBITaxon:10088" label="Mus"/>
      <span end="57090" id="16216087-8779" start="57086">mice</span>
    </annotation>
    <annotation annotator="Mike Bada" id="organism_Instance_43009" type="identity">
      <class id="NCBITaxon:10088" label="Mus"/>
      <span end="57510" id="16216087-8781" start="57505">mouse</span>
    </annotation>
    <annotation annotator="Mike Bada" id="organism_Instance_43014" type="identity">
      <class id="NCBITaxon:10088" label="Mus"/>
      <span end="57606" id="16216087-8783" start="57602">mice</span>
    </annotation>
    <annotation annotator="Mike Bada" id="organism_Instance_43024" type="identity">
      <class id="NCBITaxon:10088" label="Mus"/>
      <span end="58012" id="16216087-8785" start="58007">mouse</span>
    </annotation>
    <annotation annotator="Mike Bada" id="organism_Instance_43034" type="identity">
      <class id="NCBITaxon:10088" label="Mus"/>
      <span end="58415" id="16216087-8787" start="58411">Mice</span>
    </annotation>
    <annotation annotator="Mike Bada" id="organism_Instance_43039" type="identity">
      <class id="NCBITaxon:33208" label="Metazoa"/>
      <span end="58794" id="16216087-8789" start="58787">animals</span>
    </annotation>
    <annotation annotator="Mike Bada" id="organism_Instance_43044" type="identity">
      <class id="NCBITaxon:33208" label="Metazoa"/>
      <span end="58895" id="16216087-8791" start="58888">animals</span>
    </annotation>
    <annotation annotator="Mike Bada" id="organism_Instance_43049" type="identity">
      <class id="NCBITaxon:33208" label="Metazoa"/>
      <span end="59339" id="16216087-8793" start="59332">animals</span>
    </annotation>
    <annotation annotator="Mike Bada" id="organism_Instance_43054" type="identity">
      <class id="NCBITaxon:33208" label="Metazoa"/>
      <span end="59575" id="16216087-8795" start="59568">animals</span>
    </annotation>
    <annotation annotator="Mike Bada" id="organism_Instance_220057" type="identity">
      <class id="NCBITaxon:10088" label="Mus"/>
      <span end="59901" id="16216087-8481" start="59897">Mice</span>
    </annotation>
    <annotation annotator="Mike Bada" id="organism_Instance_43059" type="identity">
      <class id="NCBITaxon:10088" label="Mus"/>
      <span end="60196" id="16216087-8797" start="60191">mouse</span>
    </annotation>
    <annotation annotator="Mike Bada" id="organism_Instance_43064" type="identity">
      <class id="NCBITaxon:10088" label="Mus"/>
      <span end="61453" id="16216087-8799" start="61449">Mice</span>
    </annotation>
    <annotation annotator="Mike Bada" id="organism_Instance_43069" type="identity">
      <class id="NCBITaxon:10088" label="Mus"/>
      <span end="61966" id="16216087-8801" start="61961">mouse</span>
    </annotation>
    <annotation annotator="Mike Bada" id="organism_Instance_43074" type="identity">
      <class id="NCBITaxon:10088" label="Mus"/>
      <span end="62059" id="16216087-8803" start="62054">mouse</span>
    </annotation>
    <annotation annotator="Mike Bada" id="organism_Instance_43079" type="identity">
      <class id="NCBITaxon:10088" label="Mus"/>
      <span end="62081" id="16216087-8805" start="62076">mouse</span>
    </annotation>
    <annotation annotator="Mike Bada" id="organism_Instance_43084" type="identity">
      <class id="NCBITaxon:10088" label="Mus"/>
      <span end="62196" id="16216087-8807" start="62191">mouse</span>
    </annotation>
    <annotation annotator="Mike Bada" id="organism_Instance_43089" type="identity">
      <class id="NCBITaxon:10088" label="Mus"/>
      <span end="62301" id="16216087-8809" start="62296">mouse</span>
    </annotation>
    <annotation annotator="Mike Bada" id="organism_Instance_43094" type="identity">
      <class id="NCBITaxon:33208" label="Metazoa"/>
      <span end="62467" id="16216087-8811" start="62460">animals</span>
    </annotation>
    <annotation annotator="Mike Bada" id="organism_Instance_43099" type="identity">
      <class id="NCBITaxon:10088" label="Mus"/>
      <span end="62883" id="16216087-8813" start="62878">mouse</span>
    </annotation>
    <annotation annotator="Mike Bada" id="organism_Instance_43109" type="identity">
      <class id="NCBITaxon:10088" label="Mus"/>
      <span end="63494" id="16216087-8815" start="63490">Mice</span>
    </annotation>
    <annotation annotator="Mike Bada" id="organism_Instance_43114" type="identity">
      <class id="NCBITaxon:10088" label="Mus"/>
      <span end="63860" id="16216087-8817" start="63856">mice</span>
    </annotation>
    <annotation annotator="Mike Bada" id="organism_Instance_43119" type="identity">
      <class id="NCBITaxon:10088" label="Mus"/>
      <span end="64347" id="16216087-8819" start="64343">mice</span>
    </annotation>
    <annotation annotator="Mike Bada" id="organism_Instance_43124" type="identity">
      <class id="NCBITaxon:10088" label="Mus"/>
      <span end="64377" id="16216087-8821" start="64373">mice</span>
    </annotation>
    <annotation annotator="Mike Bada" id="organism_Instance_43129" type="identity">
      <class id="NCBITaxon:10088" label="Mus"/>
      <span end="64526" id="16216087-8823" start="64522">mice</span>
    </annotation>
    <annotation annotator="Mike Bada" id="organism_Instance_43134" type="identity">
      <class id="NCBITaxon:10088" label="Mus"/>
      <span end="64827" id="16216087-8825" start="64822">Mouse</span>
    </annotation>
    <annotation annotator="Mike Bada" id="organism_Instance_43139" type="identity">
      <class id="NCBITaxon:10088" label="Mus"/>
      <span end="64906" id="16216087-8827" start="64902">mice</span>
    </annotation>
    <annotation annotator="Mike Bada" id="organism_Instance_43144" type="identity">
      <class id="NCBITaxon:10088" label="Mus"/>
      <span end="65182" id="16216087-8829" start="65177">mouse</span>
    </annotation>
    <annotation annotator="Mike Bada" id="organism_Instance_43149" type="identity">
      <class id="NCBITaxon:10088" label="Mus"/>
      <span end="65206" id="16216087-8831" start="65202">mice</span>
    </annotation>
    <annotation annotator="Mike Bada" id="organism_Instance_43154" type="identity">
      <class id="NCBITaxon:10088" label="Mus"/>
      <span end="65501" id="16216087-8833" start="65497">Mice</span>
    </annotation>
    <annotation annotator="Mike Bada" id="organism_Instance_43159" type="identity">
      <class id="NCBITaxon:10088" label="Mus"/>
      <span end="65601" id="16216087-8835" start="65597">mice</span>
    </annotation>
    <annotation annotator="Mike Bada" id="organism_Instance_43164" type="identity">
      <class id="NCBITaxon:10088" label="Mus"/>
      <span end="65743" id="16216087-8837" start="65739">mice</span>
    </annotation>
    <annotation annotator="Mike Bada" id="organism_Instance_43169" type="identity">
      <class id="NCBITaxon:10088" label="Mus"/>
      <span end="66119" id="16216087-8839" start="66114">mouse</span>
    </annotation>
    <annotation annotator="Mike Bada" id="organism_Instance_43174" type="identity">
      <class id="NCBITaxon:10088" label="Mus"/>
      <span end="66290" id="16216087-8841" start="66286">mice</span>
    </annotation>
    <annotation annotator="Mike Bada" id="organism_Instance_43179" type="identity">
      <class id="NCBITaxon:10088" label="Mus"/>
      <span end="66485" id="16216087-8843" start="66481">mice</span>
    </annotation>
    <annotation annotator="Mike Bada" id="organism_Instance_43184" type="identity">
      <class id="NCBITaxon:10088" label="Mus"/>
      <span end="67683" id="16216087-8845" start="67679">mice</span>
    </annotation>
    <annotation annotator="Mike Bada" id="organism_Instance_43189" type="identity">
      <class id="NCBITaxon:10088" label="Mus"/>
      <span end="67914" id="16216087-8847" start="67910">mice</span>
    </annotation>
    <annotation annotator="Mike Bada" id="organism_Instance_43194" type="identity">
      <class id="NCBITaxon:10088" label="Mus"/>
      <span end="68366" id="16216087-8849" start="68362">mice</span>
    </annotation>
    <annotation annotator="Mike Bada" id="organism_Instance_43199" type="identity">
      <class id="NCBITaxon:10088" label="Mus"/>
      <span end="68607" id="16216087-8851" start="68603">Mice</span>
    </annotation>
    <annotation annotator="Mike Bada" id="organism_Instance_43204" type="identity">
      <class id="NCBITaxon:10088" label="Mus"/>
      <span end="68706" id="16216087-8853" start="68702">mice</span>
    </annotation>
    <annotation annotator="Mike Bada" id="organism_Instance_43214" type="identity">
      <class id="NCBITaxon:10088" label="Mus"/>
      <span end="69525" id="16216087-8855" start="69521">mice</span>
    </annotation>
    <annotation annotator="Mike Bada" id="organism_Instance_43219" type="identity">
      <class id="NCBITaxon:33208" label="Metazoa"/>
      <span end="69727" id="16216087-8857" start="69720">animals</span>
    </annotation>
    <annotation annotator="Mike Bada" id="organism_Instance_43224" type="identity">
      <class id="NCBITaxon:10088" label="Mus"/>
      <span end="69881" id="16216087-8859" start="69876">Mouse</span>
    </annotation>
    <graph-space id="Old Knowtator Relations"/>
  </document>
</knowtator-project>
