<?xml version="1.0" encoding="UTF-8" standalone="no"?>
<knowtator-project>
    <document id="16362077" text-file="16362077.txt">
        <annotation annotator="Mike Bada" id="organism_Instance_45240" type="identity">
            <class id="NCBITaxon:10088" label="Mus"/>
            <span end="55" id="16362077-9944" start="51">Mice</span>
        </annotation>
        <annotation annotator="Mike Bada" id="organism_Instance_45245" type="identity">
            <class id="NCBITaxon:10088" label="Mus"/>
            <span end="354" id="16362077-9946" start="350">mice</span>
        </annotation>
        <annotation annotator="Mike Bada" id="organism_Instance_45250" type="identity">
            <class id="NCBITaxon:10088" label="Mus"/>
            <span end="402" id="16362077-9948" start="398">mice</span>
        </annotation>
        <annotation annotator="Mike Bada" id="organism_Instance_45255" type="identity">
            <class id="NCBITaxon:10088" label="Mus"/>
            <span end="604" id="16362077-9950" start="600">mice</span>
        </annotation>
        <annotation annotator="Mike Bada" id="organism_Instance_45260" type="identity">
            <class id="NCBITaxon:10088" label="Mus"/>
            <span end="688" id="16362077-9952" start="684">mice</span>
        </annotation>
        <annotation annotator="Mike Bada" id="organism_Instance_45270" type="identity">
            <class id="NCBITaxon:10088" label="Mus"/>
            <span end="1081" id="16362077-9954" start="1076">mouse</span>
        </annotation>
        <annotation annotator="Mike Bada" id="organism_Instance_45275" type="identity">
            <class id="NCBITaxon:10088" label="Mus"/>
            <span end="1262" id="16362077-9956" start="1257">mouse</span>
        </annotation>
        <annotation annotator="Mike Bada" id="organism_Instance_45280" type="identity">
            <class id="NCBITaxon:10088" label="Mus"/>
            <span end="1419" id="16362077-9958" start="1415">mice</span>
        </annotation>
        <annotation annotator="Mike Bada" id="organism_Instance_45300" type="identity">
            <class id="NCBITaxon:10088" label="Mus"/>
            <span end="1829" id="16362077-9960" start="1825">mice</span>
        </annotation>
        <annotation annotator="Mike Bada" id="organism_Instance_210958" type="identity">
            <class id="NCBITaxon:9606" label="Homo sapiens"/>
            <span end="2093" id="16362077-9916" start="2087">humans</span>
        </annotation>
        <annotation annotator="Mike Bada" id="organism_Instance_45305" type="identity">
            <class id="NCBITaxon:10088" label="Mus"/>
            <span end="2213" id="16362077-9962" start="2209">mice</span>
        </annotation>
        <annotation annotator="Mike Bada" id="organism_Instance_45310" type="identity">
            <class id="NCBITaxon:10088" label="Mus"/>
            <span end="2310" id="16362077-9964" start="2306">mice</span>
        </annotation>
        <annotation annotator="Mike Bada" id="NCBITAXON_2015_03_02_backup_Instance_21353" type="identity">
            <class id="NCBITaxon_UBERON_EXT:woman" label="woman"/>
            <span end="4004" id="16362077-9912" start="3999">women</span>
        </annotation>
        <annotation annotator="Mike Bada" id="organism_Instance_210963" type="identity">
            <class id="NCBITaxon:9606" label="Homo sapiens"/>
            <span end="5536" id="16362077-9918" start="5530">humans</span>
        </annotation>
        <annotation annotator="Mike Bada" id="organism_Instance_45350" type="identity">
            <class id="NCBITaxon:10088" label="Mus"/>
            <span end="5583" id="16362077-9966" start="5579">mice</span>
        </annotation>
        <annotation annotator="Mike Bada" id="organism_Instance_210968" type="identity">
            <class id="NCBITaxon:6239" label="Caenorhabditis elegans"/>
            <span end="5928" id="16362077-9920" start="5906">Caenorhabditis elegans</span>
        </annotation>
        <annotation annotator="Mike Bada" id="organism_Instance_45355" type="identity">
            <class id="NCBITaxon:7215" label="Drosophila"/>
            <span end="6031" id="16362077-9968" start="6021">Drosophila</span>
        </annotation>
        <annotation annotator="Mike Bada" id="organism_Instance_45360" type="identity">
            <class id="NCBITaxon:7147" label="Diptera"/>
            <span end="6084" id="16362077-9970" start="6079">flies</span>
        </annotation>
        <annotation annotator="Mike Bada" id="NCBITAXON_2015_03_02_Instance_20013" type="identity">
            <class id="NCBITaxon_EXT:HIV" label="HIV"/>
            <span end="6539" id="16362077-9914" start="6536">HIV</span>
        </annotation>
        <annotation annotator="Mike Bada" id="organism_Instance_45370" type="identity">
            <class id="NCBITaxon:10088" label="Mus"/>
            <span end="6654" id="16362077-9972" start="6650">mice</span>
        </annotation>
        <annotation annotator="Mike Bada" id="organism_Instance_45375" type="identity">
            <class id="NCBITaxon:10088" label="Mus"/>
            <span end="6792" id="16362077-9974" start="6788">mice</span>
        </annotation>
        <annotation annotator="Mike Bada" id="organism_Instance_45385" type="identity">
            <class id="NCBITaxon:33208" label="Metazoa"/>
            <span end="7013" id="16362077-9976" start="7006">animals</span>
        </annotation>
        <annotation annotator="Mike Bada" id="organism_Instance_45390" type="identity">
            <class id="NCBITaxon:10088" label="Mus"/>
            <span end="7157" id="16362077-9978" start="7152">mouse</span>
        </annotation>
        <annotation annotator="Mike Bada" id="organism_Instance_45400" type="identity">
            <class id="NCBITaxon:33208" label="Metazoa"/>
            <span end="7383" id="16362077-9980" start="7377">animal</span>
        </annotation>
        <annotation annotator="Mike Bada" id="organism_Instance_210973" type="identity">
            <class id="NCBITaxon:10088" label="Mus"/>
            <span end="7528" id="16362077-9922" start="7524">Mice</span>
        </annotation>
        <annotation annotator="Mike Bada" id="organism_Instance_45405" type="identity">
            <class id="NCBITaxon:10088" label="Mus"/>
            <span end="7726" id="16362077-9982" start="7722">mice</span>
        </annotation>
        <annotation annotator="Mike Bada" id="organism_Instance_45410" type="identity">
            <class id="NCBITaxon:9986" label="Oryctolagus cuniculus"/>
            <span end="7816" id="16362077-9984" start="7809">rabbits</span>
        </annotation>
        <annotation annotator="Mike Bada" id="organism_Instance_45415" type="identity">
            <class id="NCBITaxon:10088" label="Mus"/>
            <span end="7902" id="16362077-9986" start="7897">mouse</span>
        </annotation>
        <annotation annotator="Mike Bada" id="organism_Instance_45420" type="identity">
            <class id="NCBITaxon:10088" label="Mus"/>
            <span end="8020" id="16362077-9988" start="8016">mice</span>
        </annotation>
        <annotation annotator="Mike Bada" id="organism_Instance_45425" type="identity">
            <class id="NCBITaxon:10088" label="Mus"/>
            <span end="8858" id="16362077-9990" start="8853">mouse</span>
        </annotation>
        <annotation annotator="Mike Bada" id="organism_Instance_45430" type="identity">
            <class id="NCBITaxon:10088" label="Mus"/>
            <span end="8961" id="16362077-9992" start="8956">Mouse</span>
        </annotation>
        <annotation annotator="Mike Bada" id="organism_Instance_45435" type="identity">
            <class id="NCBITaxon:10088" label="Mus"/>
            <span end="9049" id="16362077-9994" start="9045">mice</span>
        </annotation>
        <annotation annotator="Mike Bada" id="organism_Instance_45440" type="identity">
            <class id="NCBITaxon:10088" label="Mus"/>
            <span end="9433" id="16362077-9996" start="9429">mice</span>
        </annotation>
        <annotation annotator="Mike Bada" id="organism_Instance_45445" type="identity">
            <class id="NCBITaxon:9986" label="Oryctolagus cuniculus"/>
            <span end="9562" id="16362077-9998" start="9556">rabbit</span>
        </annotation>
        <annotation annotator="Mike Bada" id="organism_Instance_45450" type="identity">
            <class id="NCBITaxon:9986" label="Oryctolagus cuniculus"/>
            <span end="9643" id="16362077-10000" start="9637">rabbit</span>
        </annotation>
        <annotation annotator="Mike Bada" id="organism_Instance_45455" type="identity">
            <class id="NCBITaxon:10088" label="Mus"/>
            <span end="9779" id="16362077-10002" start="9774">mouse</span>
        </annotation>
        <annotation annotator="Mike Bada" id="NCBITAXON_2015_03_02_backup_Instance_21082" type="identity">
            <class id="NCBITaxon_UBERON_EXT:pup" label="pup"/>
            <span end="9976" id="16362077-9904" start="9972">pups</span>
        </annotation>
        <annotation annotator="Mike Bada" id="organism_Instance_45460" type="identity">
            <class id="NCBITaxon:10088" label="Mus"/>
            <span end="10023" id="16362077-10004" start="10019">mice</span>
        </annotation>
        <annotation annotator="Mike Bada" id="NCBITAXON_2015_03_02_backup_Instance_21087" type="identity">
            <class id="NCBITaxon_UBERON_EXT:pup" label="pup"/>
            <span end="10068" id="16362077-9906" start="10064">pups</span>
        </annotation>
        <annotation annotator="Mike Bada" id="organism_Instance_45465" type="identity">
            <class id="NCBITaxon:10088" label="Mus"/>
            <span end="10242" id="16362077-10006" start="10238">mice</span>
        </annotation>
        <annotation annotator="Mike Bada" id="organism_Instance_45470" type="identity">
            <class id="NCBITaxon:10088" label="Mus"/>
            <span end="10331" id="16362077-10008" start="10327">mice</span>
        </annotation>
        <annotation annotator="Mike Bada" id="organism_Instance_45475" type="identity">
            <class id="NCBITaxon:10088" label="Mus"/>
            <span end="10488" id="16362077-10010" start="10484">Mice</span>
        </annotation>
        <annotation annotator="Mike Bada" id="organism_Instance_45480" type="identity">
            <class id="NCBITaxon:33208" label="Metazoa"/>
            <span end="10533" id="16362077-10012" start="10526">animals</span>
        </annotation>
        <annotation annotator="Mike Bada" id="organism_Instance_45485" type="identity">
            <class id="NCBITaxon:10088" label="Mus"/>
            <span end="10657" id="16362077-10014" start="10653">mice</span>
        </annotation>
        <annotation annotator="Mike Bada" id="organism_Instance_45490" type="identity">
            <class id="NCBITaxon:10088" label="Mus"/>
            <span end="10723" id="16362077-10016" start="10719">mice</span>
        </annotation>
        <annotation annotator="Mike Bada" id="organism_Instance_45495" type="identity">
            <class id="NCBITaxon:10088" label="Mus"/>
            <span end="10933" id="16362077-10018" start="10929">mice</span>
        </annotation>
        <annotation annotator="Mike Bada" id="organism_Instance_45500" type="identity">
            <class id="NCBITaxon:10088" label="Mus"/>
            <span end="10969" id="16362077-10020" start="10965">mice</span>
        </annotation>
        <annotation annotator="Mike Bada" id="organism_Instance_45505" type="identity">
            <class id="NCBITaxon:10088" label="Mus"/>
            <span end="11051" id="16362077-10022" start="11047">mice</span>
        </annotation>
        <annotation annotator="Mike Bada" id="organism_Instance_45510" type="identity">
            <class id="NCBITaxon:10088" label="Mus"/>
            <span end="11083" id="16362077-10024" start="11079">mice</span>
        </annotation>
        <annotation annotator="Mike Bada" id="organism_Instance_45515" type="identity">
            <class id="NCBITaxon:10088" label="Mus"/>
            <span end="11490" id="16362077-10026" start="11486">mice</span>
        </annotation>
        <annotation annotator="Mike Bada" id="organism_Instance_45520" type="identity">
            <class id="NCBITaxon:10088" label="Mus"/>
            <span end="11521" id="16362077-10028" start="11517">mice</span>
        </annotation>
        <annotation annotator="Mike Bada" id="organism_Instance_45525" type="identity">
            <class id="NCBITaxon:10088" label="Mus"/>
            <span end="11571" id="16362077-10030" start="11567">mice</span>
        </annotation>
        <annotation annotator="Mike Bada" id="organism_Instance_45530" type="identity">
            <class id="NCBITaxon:10088" label="Mus"/>
            <span end="11710" id="16362077-10032" start="11706">mice</span>
        </annotation>
        <annotation annotator="Mike Bada" id="organism_Instance_45535" type="identity">
            <class id="NCBITaxon:10088" label="Mus"/>
            <span end="11739" id="16362077-10034" start="11735">mice</span>
        </annotation>
        <annotation annotator="Mike Bada" id="organism_Instance_45540" type="identity">
            <class id="NCBITaxon:10088" label="Mus"/>
            <span end="11836" id="16362077-10036" start="11831">mouse</span>
        </annotation>
        <annotation annotator="Mike Bada" id="organism_Instance_45545" type="identity">
            <class id="NCBITaxon:10088" label="Mus"/>
            <span end="11941" id="16362077-10038" start="11937">mice</span>
        </annotation>
        <annotation annotator="Mike Bada" id="organism_Instance_45550" type="identity">
            <class id="NCBITaxon:10088" label="Mus"/>
            <span end="12031" id="16362077-10040" start="12027">mice</span>
        </annotation>
        <annotation annotator="Mike Bada" id="organism_Instance_45555" type="identity">
            <class id="NCBITaxon:10088" label="Mus"/>
            <span end="12135" id="16362077-10042" start="12131">mice</span>
        </annotation>
        <annotation annotator="Mike Bada" id="organism_Instance_45560" type="identity">
            <class id="NCBITaxon:10088" label="Mus"/>
            <span end="12216" id="16362077-10044" start="12212">mice</span>
        </annotation>
        <annotation annotator="Mike Bada" id="organism_Instance_45565" type="identity">
            <class id="NCBITaxon:10088" label="Mus"/>
            <span end="12379" id="16362077-10046" start="12375">mice</span>
        </annotation>
        <annotation annotator="Mike Bada" id="organism_Instance_210978" type="identity">
            <class id="NCBITaxon:10088" label="Mus"/>
            <span end="12702" id="16362077-9924" start="12698">Mice</span>
        </annotation>
        <annotation annotator="Mike Bada" id="organism_Instance_45570" type="identity">
            <class id="NCBITaxon:10088" label="Mus"/>
            <span end="12808" id="16362077-10048" start="12804">mice</span>
        </annotation>
        <annotation annotator="Mike Bada" id="organism_Instance_210983" type="identity">
            <class id="NCBITaxon:9606" label="Homo sapiens"/>
            <span end="12878" id="16362077-9926" start="12872">humans</span>
        </annotation>
        <annotation annotator="Mike Bada" id="organism_Instance_210988" type="identity">
            <class id="NCBITaxon:1" label="root"/>
            <span end="12912" id="16362077-9928" start="12902">individual</span>
        </annotation>
        <annotation annotator="Mike Bada" id="organism_Instance_45575" type="identity">
            <class id="NCBITaxon:10088" label="Mus"/>
            <span end="13106" id="16362077-10050" start="13102">mice</span>
        </annotation>
        <annotation annotator="Mike Bada" id="organism_Instance_45580" type="identity">
            <class id="NCBITaxon:10088" label="Mus"/>
            <span end="13152" id="16362077-10052" start="13148">mice</span>
        </annotation>
        <annotation annotator="Mike Bada" id="organism_Instance_45585" type="identity">
            <class id="NCBITaxon:10088" label="Mus"/>
            <span end="13214" id="16362077-10054" start="13210">mice</span>
        </annotation>
        <annotation annotator="Mike Bada" id="organism_Instance_45590" type="identity">
            <class id="NCBITaxon:10088" label="Mus"/>
            <span end="13543" id="16362077-10056" start="13539">mice</span>
        </annotation>
        <annotation annotator="Mike Bada" id="organism_Instance_45595" type="identity">
            <class id="NCBITaxon:10088" label="Mus"/>
            <span end="13737" id="16362077-10058" start="13733">mice</span>
        </annotation>
        <annotation annotator="Mike Bada" id="organism_Instance_45600" type="identity">
            <class id="NCBITaxon:10088" label="Mus"/>
            <span end="13898" id="16362077-10060" start="13894">mice</span>
        </annotation>
        <annotation annotator="Mike Bada" id="organism_Instance_45605" type="identity">
            <class id="NCBITaxon:10088" label="Mus"/>
            <span end="13944" id="16362077-10062" start="13940">mice</span>
        </annotation>
        <annotation annotator="Mike Bada" id="organism_Instance_210993" type="identity">
            <class id="NCBITaxon:10088" label="Mus"/>
            <span end="13997" id="16362077-9930" start="13993">Mice</span>
        </annotation>
        <annotation annotator="Mike Bada" id="organism_Instance_45610" type="identity">
            <class id="NCBITaxon:10088" label="Mus"/>
            <span end="14095" id="16362077-10064" start="14091">mice</span>
        </annotation>
        <annotation annotator="Mike Bada" id="organism_Instance_45615" type="identity">
            <class id="NCBITaxon:10088" label="Mus"/>
            <span end="14567" id="16362077-10066" start="14563">mice</span>
        </annotation>
        <annotation annotator="Mike Bada" id="organism_Instance_45620" type="identity">
            <class id="NCBITaxon:10088" label="Mus"/>
            <span end="14663" id="16362077-10068" start="14659">mice</span>
        </annotation>
        <annotation annotator="Mike Bada" id="organism_Instance_45625" type="identity">
            <class id="NCBITaxon:10088" label="Mus"/>
            <span end="14735" id="16362077-10070" start="14731">mice</span>
        </annotation>
        <annotation annotator="Mike Bada" id="organism_Instance_45630" type="identity">
            <class id="NCBITaxon:10088" label="Mus"/>
            <span end="14846" id="16362077-10072" start="14842">mice</span>
        </annotation>
        <annotation annotator="Mike Bada" id="organism_Instance_45635" type="identity">
            <class id="NCBITaxon:10088" label="Mus"/>
            <span end="15263" id="16362077-10074" start="15259">mice</span>
        </annotation>
        <annotation annotator="Mike Bada" id="organism_Instance_45640" type="identity">
            <class id="NCBITaxon:10088" label="Mus"/>
            <span end="15303" id="16362077-10076" start="15299">mice</span>
        </annotation>
        <annotation annotator="Mike Bada" id="organism_Instance_45650" type="identity">
            <class id="NCBITaxon:10088" label="Mus"/>
            <span end="15561" id="16362077-10078" start="15557">mice</span>
        </annotation>
        <annotation annotator="Mike Bada" id="organism_Instance_45660" type="identity">
            <class id="NCBITaxon:10088" label="Mus"/>
            <span end="15656" id="16362077-10080" start="15652">mice</span>
        </annotation>
        <annotation annotator="Mike Bada" id="organism_Instance_45665" type="identity">
            <class id="NCBITaxon:10088" label="Mus"/>
            <span end="15882" id="16362077-10082" start="15878">mice</span>
        </annotation>
        <annotation annotator="Mike Bada" id="organism_Instance_45670" type="identity">
            <class id="NCBITaxon:10088" label="Mus"/>
            <span end="16090" id="16362077-10084" start="16086">mice</span>
        </annotation>
        <annotation annotator="Mike Bada" id="organism_Instance_45675" type="identity">
            <class id="NCBITaxon:10088" label="Mus"/>
            <span end="16176" id="16362077-10086" start="16172">mice</span>
        </annotation>
        <annotation annotator="Mike Bada" id="organism_Instance_45680" type="identity">
            <class id="NCBITaxon:10088" label="Mus"/>
            <span end="16386" id="16362077-10088" start="16382">mice</span>
        </annotation>
        <annotation annotator="Mike Bada" id="organism_Instance_45685" type="identity">
            <class id="NCBITaxon:10088" label="Mus"/>
            <span end="16418" id="16362077-10090" start="16414">mice</span>
        </annotation>
        <annotation annotator="Mike Bada" id="organism_Instance_45690" type="identity">
            <class id="NCBITaxon:10088" label="Mus"/>
            <span end="16482" id="16362077-10092" start="16478">mice</span>
        </annotation>
        <annotation annotator="Mike Bada" id="organism_Instance_45695" type="identity">
            <class id="NCBITaxon:10088" label="Mus"/>
            <span end="16506" id="16362077-10094" start="16502">mice</span>
        </annotation>
        <annotation annotator="Mike Bada" id="organism_Instance_45700" type="identity">
            <class id="NCBITaxon:10088" label="Mus"/>
            <span end="16617" id="16362077-10096" start="16613">mice</span>
        </annotation>
        <annotation annotator="Mike Bada" id="organism_Instance_45705" type="identity">
            <class id="NCBITaxon:10088" label="Mus"/>
            <span end="16812" id="16362077-10098" start="16808">Mice</span>
        </annotation>
        <annotation annotator="Mike Bada" id="organism_Instance_45710" type="identity">
            <class id="NCBITaxon:10088" label="Mus"/>
            <span end="17062" id="16362077-10100" start="17058">mice</span>
        </annotation>
        <annotation annotator="Mike Bada" id="organism_Instance_45720" type="identity">
            <class id="NCBITaxon:10088" label="Mus"/>
            <span end="17279" id="16362077-10102" start="17275">mice</span>
        </annotation>
        <annotation annotator="Mike Bada" id="organism_Instance_45725" type="identity">
            <class id="NCBITaxon:10088" label="Mus"/>
            <span end="17504" id="16362077-10104" start="17500">mice</span>
        </annotation>
        <annotation annotator="Mike Bada" id="organism_Instance_45730" type="identity">
            <class id="NCBITaxon:10088" label="Mus"/>
            <span end="17780" id="16362077-10106" start="17776">mice</span>
        </annotation>
        <annotation annotator="Mike Bada" id="organism_Instance_45735" type="identity">
            <class id="NCBITaxon:10088" label="Mus"/>
            <span end="17874" id="16362077-10108" start="17870">mice</span>
        </annotation>
        <annotation annotator="Mike Bada" id="organism_Instance_45740" type="identity">
            <class id="NCBITaxon:10088" label="Mus"/>
            <span end="17984" id="16362077-10110" start="17980">mice</span>
        </annotation>
        <annotation annotator="Mike Bada" id="organism_Instance_45745" type="identity">
            <class id="NCBITaxon:10088" label="Mus"/>
            <span end="18246" id="16362077-10112" start="18242">mice</span>
        </annotation>
        <annotation annotator="Mike Bada" id="organism_Instance_45750" type="identity">
            <class id="NCBITaxon:10088" label="Mus"/>
            <span end="18276" id="16362077-10114" start="18272">mice</span>
        </annotation>
        <annotation annotator="Mike Bada" id="organism_Instance_45770" type="identity">
            <class id="NCBITaxon:10088" label="Mus"/>
            <span end="19827" id="16362077-10116" start="19823">mice</span>
        </annotation>
        <annotation annotator="Mike Bada" id="organism_Instance_45780" type="identity">
            <class id="NCBITaxon:10088" label="Mus"/>
            <span end="21214" id="16362077-10118" start="21210">mice</span>
        </annotation>
        <annotation annotator="Mike Bada" id="organism_Instance_45790" type="identity">
            <class id="NCBITaxon:10088" label="Mus"/>
            <span end="21357" id="16362077-10120" start="21353">mice</span>
        </annotation>
        <annotation annotator="Mike Bada" id="organism_Instance_45810" type="identity">
            <class id="NCBITaxon:10088" label="Mus"/>
            <span end="21608" id="16362077-10122" start="21604">mice</span>
        </annotation>
        <annotation annotator="Mike Bada" id="organism_Instance_45820" type="identity">
            <class id="NCBITaxon:10088" label="Mus"/>
            <span end="21883" id="16362077-10124" start="21879">mice</span>
        </annotation>
        <annotation annotator="Mike Bada" id="organism_Instance_45825" type="identity">
            <class id="NCBITaxon:10088" label="Mus"/>
            <span end="21933" id="16362077-10126" start="21929">mice</span>
        </annotation>
        <annotation annotator="Mike Bada" id="organism_Instance_45840" type="identity">
            <class id="NCBITaxon:10088" label="Mus"/>
            <span end="22294" id="16362077-10128" start="22290">mice</span>
        </annotation>
        <annotation annotator="Mike Bada" id="organism_Instance_45845" type="identity">
            <class id="NCBITaxon:10088" label="Mus"/>
            <span end="22413" id="16362077-10130" start="22409">mice</span>
        </annotation>
        <annotation annotator="Mike Bada" id="organism_Instance_45850" type="identity">
            <class id="NCBITaxon:40674" label="Mammalia"/>
            <span end="22577" id="16362077-10132" start="22570">mammals</span>
        </annotation>
        <annotation annotator="Mike Bada" id="organism_Instance_45855" type="identity">
            <class id="NCBITaxon:33208" label="Metazoa"/>
            <span end="22605" id="16362077-10134" start="22598">animals</span>
        </annotation>
        <annotation annotator="Mike Bada" id="organism_Instance_45865" type="identity">
            <class id="NCBITaxon:10088" label="Mus"/>
            <span end="22717" id="16362077-10136" start="22713">mice</span>
        </annotation>
        <annotation annotator="Mike Bada" id="organism_Instance_45870" type="identity">
            <class id="NCBITaxon:33208" label="Metazoa"/>
            <span end="23022" id="16362077-10138" start="23015">animals</span>
        </annotation>
        <annotation annotator="Mike Bada" id="organism_Instance_45880" type="identity">
            <class id="NCBITaxon:10088" label="Mus"/>
            <span end="23356" id="16362077-10140" start="23351">mouse</span>
        </annotation>
        <annotation annotator="Mike Bada" id="organism_Instance_45890" type="identity">
            <class id="NCBITaxon:10088" label="Mus"/>
            <span end="24085" id="16362077-10142" start="24081">mice</span>
        </annotation>
        <annotation annotator="Mike Bada" id="organism_Instance_45895" type="identity">
            <class id="NCBITaxon:10088" label="Mus"/>
            <span end="24231" id="16362077-10144" start="24227">mice</span>
        </annotation>
        <annotation annotator="Mike Bada" id="NCBITAXON_2015_03_02_backup_Instance_21092" type="identity">
            <class id="NCBITaxon_UBERON_EXT:pup" label="pup"/>
            <span end="24568" id="16362077-9908" start="24564">pups</span>
        </annotation>
        <annotation annotator="Mike Bada" id="organism_Instance_45900" type="identity">
            <class id="NCBITaxon:10088" label="Mus"/>
            <span end="24730" id="16362077-10146" start="24726">mice</span>
        </annotation>
        <annotation annotator="Mike Bada" id="NCBITAXON_2015_03_02_backup_Instance_21097" type="identity">
            <class id="NCBITaxon_UBERON_EXT:pup" label="pup"/>
            <span end="24893" id="16362077-9910" start="24889">pups</span>
        </annotation>
        <annotation annotator="Mike Bada" id="organism_Instance_45905" type="identity">
            <class id="NCBITaxon:10088" label="Mus"/>
            <span end="24956" id="16362077-10148" start="24952">mice</span>
        </annotation>
        <annotation annotator="Mike Bada" id="organism_Instance_45910" type="identity">
            <class id="NCBITaxon:10088" label="Mus"/>
            <span end="25517" id="16362077-10150" start="25513">mice</span>
        </annotation>
        <annotation annotator="Mike Bada" id="organism_Instance_45915" type="identity">
            <class id="NCBITaxon:10088" label="Mus"/>
            <span end="25575" id="16362077-10152" start="25571">mice</span>
        </annotation>
        <annotation annotator="Mike Bada" id="organism_Instance_45920" type="identity">
            <class id="NCBITaxon:10088" label="Mus"/>
            <span end="25952" id="16362077-10154" start="25948">mice</span>
        </annotation>
        <annotation annotator="Mike Bada" id="organism_Instance_45925" type="identity">
            <class id="NCBITaxon:10088" label="Mus"/>
            <span end="26168" id="16362077-10156" start="26164">mice</span>
        </annotation>
        <annotation annotator="Mike Bada" id="organism_Instance_45930" type="identity">
            <class id="NCBITaxon:10088" label="Mus"/>
            <span end="26447" id="16362077-10158" start="26443">mice</span>
        </annotation>
        <annotation annotator="Mike Bada" id="organism_Instance_45935" type="identity">
            <class id="NCBITaxon:10088" label="Mus"/>
            <span end="26519" id="16362077-10160" start="26515">mice</span>
        </annotation>
        <annotation annotator="Mike Bada" id="organism_Instance_45940" type="identity">
            <class id="NCBITaxon:10088" label="Mus"/>
            <span end="26789" id="16362077-10162" start="26785">mice</span>
        </annotation>
        <annotation annotator="Mike Bada" id="organism_Instance_45945" type="identity">
            <class id="NCBITaxon:10088" label="Mus"/>
            <span end="26896" id="16362077-10164" start="26892">mice</span>
        </annotation>
        <annotation annotator="Mike Bada" id="organism_Instance_45955" type="identity">
            <class id="NCBITaxon:10088" label="Mus"/>
            <span end="27135" id="16362077-10166" start="27131">mice</span>
        </annotation>
        <annotation annotator="Mike Bada" id="organism_Instance_45960" type="identity">
            <class id="NCBITaxon:10088" label="Mus"/>
            <span end="27253" id="16362077-10168" start="27249">mice</span>
        </annotation>
        <annotation annotator="Mike Bada" id="organism_Instance_45970" type="identity">
            <class id="NCBITaxon:10088" label="Mus"/>
            <span end="27388" id="16362077-10170" start="27384">mice</span>
        </annotation>
        <annotation annotator="Mike Bada" id="organism_Instance_45975" type="identity">
            <class id="NCBITaxon:10088" label="Mus"/>
            <span end="27600" id="16362077-10172" start="27596">mice</span>
        </annotation>
        <annotation annotator="Mike Bada" id="organism_Instance_45985" type="identity">
            <class id="NCBITaxon:10088" label="Mus"/>
            <span end="27675" id="16362077-10174" start="27671">mice</span>
        </annotation>
        <annotation annotator="Mike Bada" id="organism_Instance_45990" type="identity">
            <class id="NCBITaxon:10088" label="Mus"/>
            <span end="28063" id="16362077-10176" start="28059">mice</span>
        </annotation>
        <annotation annotator="Mike Bada" id="organism_Instance_45995" type="identity">
            <class id="NCBITaxon:10088" label="Mus"/>
            <span end="28146" id="16362077-10178" start="28142">mice</span>
        </annotation>
        <annotation annotator="Mike Bada" id="organism_Instance_46000" type="identity">
            <class id="NCBITaxon:10088" label="Mus"/>
            <span end="28516" id="16362077-10180" start="28512">mice</span>
        </annotation>
        <annotation annotator="Mike Bada" id="organism_Instance_46005" type="identity">
            <class id="NCBITaxon:10088" label="Mus"/>
            <span end="28546" id="16362077-10182" start="28542">mice</span>
        </annotation>
        <annotation annotator="Mike Bada" id="organism_Instance_46010" type="identity">
            <class id="NCBITaxon:10088" label="Mus"/>
            <span end="28699" id="16362077-10184" start="28695">mice</span>
        </annotation>
        <annotation annotator="Mike Bada" id="organism_Instance_46015" type="identity">
            <class id="NCBITaxon:10088" label="Mus"/>
            <span end="28797" id="16362077-10186" start="28793">mice</span>
        </annotation>
        <annotation annotator="Mike Bada" id="organism_Instance_46025" type="identity">
            <class id="NCBITaxon:10088" label="Mus"/>
            <span end="29282" id="16362077-10188" start="29278">mice</span>
        </annotation>
        <annotation annotator="Mike Bada" id="organism_Instance_210998" type="identity">
            <class id="NCBITaxon:9606" label="Homo sapiens"/>
            <span end="29456" id="16362077-9932" start="29450">humans</span>
        </annotation>
        <annotation annotator="Mike Bada" id="organism_Instance_46035" type="identity">
            <class id="NCBITaxon:33208" label="Metazoa"/>
            <span end="29576" id="16362077-10190" start="29570">animal</span>
        </annotation>
        <annotation annotator="Mike Bada" id="organism_Instance_46040" type="identity">
            <class id="NCBITaxon:10088" label="Mus"/>
            <span end="29795" id="16362077-10192" start="29791">mice</span>
        </annotation>
        <annotation annotator="Mike Bada" id="organism_Instance_46045" type="identity">
            <class id="NCBITaxon:10088" label="Mus"/>
            <span end="30233" id="16362077-10194" start="30229">mice</span>
        </annotation>
        <annotation annotator="Mike Bada" id="organism_Instance_46060" type="identity">
            <class id="NCBITaxon:10088" label="Mus"/>
            <span end="31269" id="16362077-10196" start="31265">mice</span>
        </annotation>
        <annotation annotator="Mike Bada" id="organism_Instance_46070" type="identity">
            <class id="NCBITaxon:33208" label="Metazoa"/>
            <span end="32722" id="16362077-10198" start="32715">animals</span>
        </annotation>
        <annotation annotator="Mike Bada" id="organism_Instance_46075" type="identity">
            <class id="NCBITaxon:10088" label="Mus"/>
            <span end="32787" id="16362077-10200" start="32783">mice</span>
        </annotation>
        <annotation annotator="Mike Bada" id="organism_Instance_46080" type="identity">
            <class id="NCBITaxon:10088" label="Mus"/>
            <span end="32837" id="16362077-10202" start="32833">mice</span>
        </annotation>
        <annotation annotator="Mike Bada" id="organism_Instance_46085" type="identity">
            <class id="NCBITaxon:10088" label="Mus"/>
            <span end="32885" id="16362077-10204" start="32881">mice</span>
        </annotation>
        <annotation annotator="Mike Bada" id="organism_Instance_46090" type="identity">
            <class id="NCBITaxon:10088" label="Mus"/>
            <span end="32920" id="16362077-10206" start="32916">mice</span>
        </annotation>
        <annotation annotator="Mike Bada" id="organism_Instance_46095" type="identity">
            <class id="NCBITaxon:10088" label="Mus"/>
            <span end="33026" id="16362077-10208" start="33022">mice</span>
        </annotation>
        <annotation annotator="Mike Bada" id="organism_Instance_46100" type="identity">
            <class id="NCBITaxon:10088" label="Mus"/>
            <span end="33130" id="16362077-10210" start="33125">mouse</span>
        </annotation>
        <annotation annotator="Mike Bada" id="organism_Instance_46105" type="identity">
            <class id="NCBITaxon:33208" label="Metazoa"/>
            <span end="33253" id="16362077-10212" start="33247">Animal</span>
        </annotation>
        <annotation annotator="Mike Bada" id="organism_Instance_46120" type="identity">
            <class id="NCBITaxon:10088" label="Mus"/>
            <span end="33971" id="16362077-10214" start="33967">mice</span>
        </annotation>
        <annotation annotator="Mike Bada" id="organism_Instance_46125" type="identity">
            <class id="NCBITaxon:10088" label="Mus"/>
            <span end="34066" id="16362077-10216" start="34062">Mice</span>
        </annotation>
        <annotation annotator="Mike Bada" id="organism_Instance_46130" type="identity">
            <class id="NCBITaxon:10088" label="Mus"/>
            <span end="34441" id="16362077-10218" start="34437">mice</span>
        </annotation>
        <annotation annotator="Mike Bada" id="organism_Instance_46135" type="identity">
            <class id="NCBITaxon:9989" label="Rodentia"/>
            <span end="35098" id="16362077-10220" start="35092">Rodent</span>
        </annotation>
        <annotation annotator="Mike Bada" id="organism_Instance_46145" type="identity">
            <class id="NCBITaxon:10088" label="Mus"/>
            <span end="35608" id="16362077-10222" start="35604">mice</span>
        </annotation>
        <annotation annotator="Mike Bada" id="organism_Instance_46150" type="identity">
            <class id="NCBITaxon:10088" label="Mus"/>
            <span end="36057" id="16362077-10224" start="36053">mice</span>
        </annotation>
        <annotation annotator="Mike Bada" id="organism_Instance_46155" type="identity">
            <class id="NCBITaxon:10088" label="Mus"/>
            <span end="36903" id="16362077-10226" start="36898">mouse</span>
        </annotation>
        <annotation annotator="Mike Bada" id="organism_Instance_46180" type="identity">
            <class id="NCBITaxon:10088" label="Mus"/>
            <span end="38191" id="16362077-10228" start="38186">mouse</span>
        </annotation>
        <annotation annotator="Mike Bada" id="organism_Instance_46185" type="identity">
            <class id="NCBITaxon:10088" label="Mus"/>
            <span end="39201" id="16362077-10230" start="39196">Mouse</span>
        </annotation>
        <annotation annotator="Mike Bada" id="organism_Instance_211026" type="identity">
            <class id="NCBITaxon:10088" label="Mus"/>
            <span end="39413" id="16362077-9934" start="39409">Mice</span>
        </annotation>
        <annotation annotator="Mike Bada" id="organism_Instance_211031" type="identity">
            <class id="NCBITaxon:10088" label="Mus"/>
            <span end="39545" id="16362077-9936" start="39541">Mice</span>
        </annotation>
        <annotation annotator="Mike Bada" id="organism_Instance_46190" type="identity">
            <class id="NCBITaxon:10088" label="Mus"/>
            <span end="40307" id="16362077-10232" start="40302">mouse</span>
        </annotation>
        <annotation annotator="Mike Bada" id="organism_Instance_46195" type="identity">
            <class id="NCBITaxon:10088" label="Mus"/>
            <span end="40541" id="16362077-10234" start="40537">Mice</span>
        </annotation>
        <annotation annotator="Mike Bada" id="organism_Instance_46200" type="identity">
            <class id="NCBITaxon:10088" label="Mus"/>
            <span end="40561" id="16362077-10236" start="40557">mice</span>
        </annotation>
        <annotation annotator="Mike Bada" id="organism_Instance_46205" type="identity">
            <class id="NCBITaxon:10088" label="Mus"/>
            <span end="41719" id="16362077-10238" start="41715">Mice</span>
        </annotation>
        <annotation annotator="Mike Bada" id="organism_Instance_46210" type="identity">
            <class id="NCBITaxon:10088" label="Mus"/>
            <span end="42233" id="16362077-10240" start="42229">mice</span>
        </annotation>
        <annotation annotator="Mike Bada" id="organism_Instance_46215" type="identity">
            <class id="NCBITaxon:9986" label="Oryctolagus cuniculus"/>
            <span end="42504" id="16362077-10242" start="42498">rabbit</span>
        </annotation>
        <annotation annotator="Mike Bada" id="organism_Instance_46220" type="identity">
            <class id="NCBITaxon:10088" label="Mus"/>
            <span end="42648" id="16362077-10244" start="42643">mouse</span>
        </annotation>
        <annotation annotator="Mike Bada" id="organism_Instance_46225" type="identity">
            <class id="NCBITaxon:10088" label="Mus"/>
            <span end="42946" id="16362077-10246" start="42942">Mice</span>
        </annotation>
        <annotation annotator="Mike Bada" id="organism_Instance_46230" type="identity">
            <class id="NCBITaxon:10088" label="Mus"/>
            <span end="42956" id="16362077-10248" start="42952">Mice</span>
        </annotation>
        <annotation annotator="Mike Bada" id="organism_Instance_46235" type="identity">
            <class id="NCBITaxon:10088" label="Mus"/>
            <span end="43225" id="16362077-10250" start="43221">mice</span>
        </annotation>
        <annotation annotator="Mike Bada" id="organism_Instance_46240" type="identity">
            <class id="NCBITaxon:10088" label="Mus"/>
            <span end="43399" id="16362077-10252" start="43395">mice</span>
        </annotation>
        <annotation annotator="Mike Bada" id="organism_Instance_46245" type="identity">
            <class id="NCBITaxon:10088" label="Mus"/>
            <span end="43416" id="16362077-10254" start="43412">mice</span>
        </annotation>
        <annotation annotator="Mike Bada" id="organism_Instance_46250" type="identity">
            <class id="NCBITaxon:10088" label="Mus"/>
            <span end="43792" id="16362077-10256" start="43788">mice</span>
        </annotation>
        <annotation annotator="Mike Bada" id="organism_Instance_46255" type="identity">
            <class id="NCBITaxon:10088" label="Mus"/>
            <span end="43951" id="16362077-10258" start="43947">mice</span>
        </annotation>
        <annotation annotator="Mike Bada" id="organism_Instance_46260" type="identity">
            <class id="NCBITaxon:33208" label="Metazoa"/>
            <span end="44049" id="16362077-10260" start="44042">animals</span>
        </annotation>
        <annotation annotator="Mike Bada" id="organism_Instance_46265" type="identity">
            <class id="NCBITaxon:10088" label="Mus"/>
            <span end="44293" id="16362077-10262" start="44289">mice</span>
        </annotation>
        <annotation annotator="Mike Bada" id="organism_Instance_46270" type="identity">
            <class id="NCBITaxon:10088" label="Mus"/>
            <span end="44482" id="16362077-10264" start="44478">mice</span>
        </annotation>
        <annotation annotator="Mike Bada" id="organism_Instance_46275" type="identity">
            <class id="NCBITaxon:10088" label="Mus"/>
            <span end="44527" id="16362077-10266" start="44523">mice</span>
        </annotation>
        <annotation annotator="Mike Bada" id="organism_Instance_46280" type="identity">
            <class id="NCBITaxon:10088" label="Mus"/>
            <span end="44585" id="16362077-10268" start="44581">mice</span>
        </annotation>
        <annotation annotator="Mike Bada" id="organism_Instance_46290" type="identity">
            <class id="NCBITaxon:10088" label="Mus"/>
            <span end="44630" id="16362077-10270" start="44626">mice</span>
        </annotation>
        <annotation annotator="Mike Bada" id="organism_Instance_211038" type="identity">
            <class id="NCBITaxon:10088" label="Mus"/>
            <span end="45040" id="16362077-9938" start="45036">Mice</span>
        </annotation>
        <annotation annotator="Mike Bada" id="organism_Instance_46300" type="identity">
            <class id="NCBITaxon:10088" label="Mus"/>
            <span end="45373" id="16362077-10272" start="45369">mice</span>
        </annotation>
        <annotation annotator="Mike Bada" id="organism_Instance_46305" type="identity">
            <class id="NCBITaxon:10088" label="Mus"/>
            <span end="45414" id="16362077-10274" start="45410">mice</span>
        </annotation>
        <annotation annotator="Mike Bada" id="organism_Instance_46310" type="identity">
            <class id="NCBITaxon:33208" label="Metazoa"/>
            <span end="45587" id="16362077-10276" start="45580">animals</span>
        </annotation>
        <annotation annotator="Mike Bada" id="organism_Instance_46315" type="identity">
            <class id="NCBITaxon:10088" label="Mus"/>
            <span end="45742" id="16362077-10278" start="45738">mice</span>
        </annotation>
        <annotation annotator="Mike Bada" id="organism_Instance_46320" type="identity">
            <class id="NCBITaxon:10088" label="Mus"/>
            <span end="46246" id="16362077-10280" start="46242">mice</span>
        </annotation>
        <annotation annotator="Mike Bada" id="organism_Instance_46325" type="identity">
            <class id="NCBITaxon:10088" label="Mus"/>
            <span end="46715" id="16362077-10282" start="46710">Mouse</span>
        </annotation>
        <annotation annotator="Mike Bada" id="organism_Instance_46330" type="identity">
            <class id="NCBITaxon:10088" label="Mus"/>
            <span end="46768" id="16362077-10284" start="46763">mouse</span>
        </annotation>
        <annotation annotator="Mike Bada" id="organism_Instance_46335" type="identity">
            <class id="NCBITaxon:10088" label="Mus"/>
            <span end="48461" id="16362077-10286" start="48457">Mice</span>
        </annotation>
        <annotation annotator="Mike Bada" id="organism_Instance_46360" type="identity">
            <class id="NCBITaxon:33208" label="Metazoa"/>
            <span end="49105" id="16362077-10288" start="49098">animals</span>
        </annotation>
        <annotation annotator="Mike Bada" id="organism_Instance_211054" type="identity">
            <class id="NCBITaxon:10088" label="Mus"/>
            <span end="49236" id="16362077-9940" start="49232">Mice</span>
        </annotation>
        <annotation annotator="Mike Bada" id="organism_Instance_211059" type="identity">
            <class id="NCBITaxon:10088" label="Mus"/>
            <span end="49317" id="16362077-9942" start="49313">Mice</span>
        </annotation>
        <annotation annotator="Mike Bada" id="organism_Instance_46365" type="identity">
            <class id="NCBITaxon:10088" label="Mus"/>
            <span end="49624" id="16362077-10290" start="49620">mice</span>
        </annotation>
        <annotation annotator="Mike Bada" id="organism_Instance_46370" type="identity">
            <class id="NCBITaxon:10088" label="Mus"/>
            <span end="49921" id="16362077-10292" start="49917">mice</span>
        </annotation>
        <graph-space id="Old Knowtator Relations"/>
    </document>
</knowtator-project>
