<?xml version="1.0" encoding="UTF-8" standalone="no"?>
<knowtator-project>
  <document id="16433929" text-file="16433929.txt">
    <annotation annotator="Mike Bada" id="organism_Instance_220114" type="identity">
      <class id="NCBITaxon:10088" label="Mus"/>
      <span end="71" id="16433929-10299" start="67">mice</span>
    </annotation>
    <annotation annotator="Mike Bada" id="organism_Instance_46750" type="identity">
      <class id="NCBITaxon:10088" label="Mus"/>
      <span end="450" id="16433929-10311" start="445">mouse</span>
    </annotation>
    <annotation annotator="Mike Bada" id="organism_Instance_46755" type="identity">
      <class id="NCBITaxon:40674" label="Mammalia"/>
      <span end="632" id="16433929-10313" start="623">mammalian</span>
    </annotation>
    <annotation annotator="Mike Bada" id="organism_Instance_46760" type="identity">
      <class id="NCBITaxon:10088" label="Mus"/>
      <span end="706" id="16433929-10315" start="702">mice</span>
    </annotation>
    <annotation annotator="Mike Bada" id="organism_Instance_46765" type="identity">
      <class id="NCBITaxon:10088" label="Mus"/>
      <span end="854" id="16433929-10317" start="850">mice</span>
    </annotation>
    <annotation annotator="Mike Bada" id="organism_Instance_46770" type="identity">
      <class id="NCBITaxon:10088" label="Mus"/>
      <span end="973" id="16433929-10319" start="968">mouse</span>
    </annotation>
    <annotation annotator="Mike Bada" id="organism_Instance_46775" type="identity">
      <class id="NCBITaxon:10088" label="Mus"/>
      <span end="1062" id="16433929-10321" start="1057">mouse</span>
    </annotation>
    <annotation annotator="Mike Bada" id="organism_Instance_46780" type="identity">
      <class id="NCBITaxon:33208" label="Metazoa"/>
      <span end="1105" id="16433929-10323" start="1098">animals</span>
    </annotation>
    <annotation annotator="Mike Bada" id="organism_Instance_46785" type="identity">
      <class id="NCBITaxon:39107" label="Murinae"/>
      <span end="1639" id="16433929-10325" start="1633">murine</span>
    </annotation>
    <annotation annotator="Mike Bada" id="organism_Instance_46790" type="identity">
      <class id="NCBITaxon:40674" label="Mammalia"/>
      <span end="1844" id="16433929-10327" start="1837">mammals</span>
    </annotation>
    <annotation annotator="Mike Bada" id="organism_Instance_46795" type="identity">
      <class id="NCBITaxon:40674" label="Mammalia"/>
      <span end="2352" id="16433929-10329" start="2343">mammalian</span>
    </annotation>
    <annotation annotator="Mike Bada" id="organism_Instance_46800" type="identity">
      <class id="NCBITaxon:10088" label="Mus"/>
      <span end="4632" id="16433929-10331" start="4628">mice</span>
    </annotation>
    <annotation annotator="Mike Bada" id="organism_Instance_46805" type="identity">
      <class id="NCBITaxon:39107" label="Murinae"/>
      <span end="4940" id="16433929-10333" start="4934">murine</span>
    </annotation>
    <annotation annotator="Mike Bada" id="organism_Instance_46810" type="identity">
      <class id="NCBITaxon:39107" label="Murinae"/>
      <span end="5093" id="16433929-10335" start="5087">murine</span>
    </annotation>
    <annotation annotator="Mike Bada" id="organism_Instance_46815" type="identity">
      <class id="NCBITaxon:10088" label="Mus"/>
      <span end="5680" id="16433929-10337" start="5676">mice</span>
    </annotation>
    <annotation annotator="Mike Bada" id="organism_Instance_46820" type="identity">
      <class id="NCBITaxon:10088" label="Mus"/>
      <span end="5867" id="16433929-10339" start="5863">mice</span>
    </annotation>
    <annotation annotator="Mike Bada" id="organism_Instance_46825" type="identity">
      <class id="NCBITaxon:10088" label="Mus"/>
      <span end="6029" id="16433929-10341" start="6025">mice</span>
    </annotation>
    <annotation annotator="Mike Bada" id="organism_Instance_46830" type="identity">
      <class id="NCBITaxon:10088" label="Mus"/>
      <span end="6170" id="16433929-10343" start="6166">mice</span>
    </annotation>
    <annotation annotator="Mike Bada" id="organism_Instance_46835" type="identity">
      <class id="NCBITaxon:10088" label="Mus"/>
      <span end="6326" id="16433929-10345" start="6322">mice</span>
    </annotation>
    <annotation annotator="Mike Bada" id="organism_Instance_46840" type="identity">
      <class id="NCBITaxon:10088" label="Mus"/>
      <span end="6652" id="16433929-10347" start="6648">mice</span>
    </annotation>
    <annotation annotator="Mike Bada" id="organism_Instance_46845" type="identity">
      <class id="NCBITaxon:10088" label="Mus"/>
      <span end="9561" id="16433929-10349" start="9557">mice</span>
    </annotation>
    <annotation annotator="Mike Bada" id="organism_Instance_46850" type="identity">
      <class id="NCBITaxon:10088" label="Mus"/>
      <span end="9640" id="16433929-10351" start="9636">mice</span>
    </annotation>
    <annotation annotator="Mike Bada" id="organism_Instance_46855" type="identity">
      <class id="NCBITaxon:33208" label="Metazoa"/>
      <span end="9856" id="16433929-10353" start="9849">animals</span>
    </annotation>
    <annotation annotator="Mike Bada" id="organism_Instance_46860" type="identity">
      <class id="NCBITaxon:33208" label="Metazoa"/>
      <span end="10171" id="16433929-10355" start="10164">animals</span>
    </annotation>
    <annotation annotator="Mike Bada" id="organism_Instance_46865" type="identity">
      <class id="NCBITaxon:10088" label="Mus"/>
      <span end="11434" id="16433929-10357" start="11430">mice</span>
    </annotation>
    <annotation annotator="Mike Bada" id="organism_Instance_46872" type="identity">
      <class id="NCBITaxon:10088" label="Mus"/>
      <span end="12777" id="16433929-10359" start="12773">mice</span>
    </annotation>
    <annotation annotator="Mike Bada" id="organism_Instance_220144" type="identity">
      <class id="NCBITaxon:33208" label="Metazoa"/>
      <span end="13936" id="16433929-10301" start="13929">animals</span>
    </annotation>
    <annotation annotator="Mike Bada" id="organism_Instance_46877" type="identity">
      <class id="NCBITaxon:33208" label="Metazoa"/>
      <span end="14063" id="16433929-10361" start="14056">animals</span>
    </annotation>
    <annotation annotator="Mike Bada" id="organism_Instance_46882" type="identity">
      <class id="NCBITaxon:33208" label="Metazoa"/>
      <span end="14165" id="16433929-10363" start="14158">animals</span>
    </annotation>
    <annotation annotator="Mike Bada" id="organism_Instance_46887" type="identity">
      <class id="NCBITaxon:33208" label="Metazoa"/>
      <span end="14222" id="16433929-10365" start="14215">animals</span>
    </annotation>
    <annotation annotator="Mike Bada" id="NCBITAXON_2015_03_02_backup_Instance_21105" type="identity">
      <class id="NCBITaxon_UBERON_EXT:pup" label="pup"/>
      <span end="14373" id="16433929-10297" start="14369">pups</span>
    </annotation>
    <annotation annotator="Mike Bada" id="organism_Instance_46892" type="identity">
      <class id="NCBITaxon:33208" label="Metazoa"/>
      <span end="14480" id="16433929-10367" start="14473">animals</span>
    </annotation>
    <annotation annotator="Mike Bada" id="organism_Instance_46897" type="identity">
      <class id="NCBITaxon:33208" label="Metazoa"/>
      <span end="14632" id="16433929-10369" start="14625">animals</span>
    </annotation>
    <annotation annotator="Mike Bada" id="organism_Instance_46902" type="identity">
      <class id="NCBITaxon:33208" label="Metazoa"/>
      <span end="14787" id="16433929-10371" start="14780">animals</span>
    </annotation>
    <annotation annotator="Mike Bada" id="organism_Instance_46907" type="identity">
      <class id="NCBITaxon:33208" label="Metazoa"/>
      <span end="14859" id="16433929-10373" start="14852">animals</span>
    </annotation>
    <annotation annotator="Mike Bada" id="organism_Instance_46912" type="identity">
      <class id="NCBITaxon:33208" label="Metazoa"/>
      <span end="15086" id="16433929-10375" start="15079">animals</span>
    </annotation>
    <annotation annotator="Mike Bada" id="organism_Instance_46917" type="identity">
      <class id="NCBITaxon:10088" label="Mus"/>
      <span end="16549" id="16433929-10377" start="16545">mice</span>
    </annotation>
    <annotation annotator="Mike Bada" id="organism_Instance_46922" type="identity">
      <class id="NCBITaxon:10088" label="Mus"/>
      <span end="16846" id="16433929-10379" start="16842">mice</span>
    </annotation>
    <annotation annotator="Mike Bada" id="organism_Instance_46927" type="identity">
      <class id="NCBITaxon:10088" label="Mus"/>
      <span end="17353" id="16433929-10381" start="17349">mice</span>
    </annotation>
    <annotation annotator="Mike Bada" id="organism_Instance_46932" type="identity">
      <class id="NCBITaxon:10088" label="Mus"/>
      <span end="17747" id="16433929-10383" start="17743">mice</span>
    </annotation>
    <annotation annotator="Mike Bada" id="organism_Instance_220149" type="identity">
      <class id="NCBITaxon:562" label="Escherichia coli"/>
      <span end="18948" id="16433929-10303" start="18941">E. coli</span>
    </annotation>
    <annotation annotator="Mike Bada" id="organism_Instance_220154" type="identity">
      <class id="NCBITaxon:562" label="Escherichia coli"/>
      <span end="20570" id="16433929-10305" start="20563">E. coli</span>
    </annotation>
    <annotation annotator="Mike Bada" id="organism_Instance_46937" type="identity">
      <class id="NCBITaxon:40674" label="Mammalia"/>
      <span end="20613" id="16433929-10385" start="20604">mammalian</span>
    </annotation>
    <annotation annotator="Mike Bada" id="organism_Instance_46942" type="identity">
      <class id="NCBITaxon:2759" label="Eukaryota"/>
      <span end="20777" id="16433929-10387" start="20767">eukaryotic</span>
    </annotation>
    <annotation annotator="Mike Bada" id="organism_Instance_220159" type="identity">
      <class id="NCBITaxon:562" label="Escherichia coli"/>
      <span end="20977" id="16433929-10307" start="20970">E. coli</span>
    </annotation>
    <annotation annotator="Mike Bada" id="organism_Instance_46947" type="identity">
      <class id="NCBITaxon:40674" label="Mammalia"/>
      <span end="20993" id="16433929-10389" start="20984">mammalian</span>
    </annotation>
    <annotation annotator="Mike Bada" id="organism_Instance_46952" type="identity">
      <class id="NCBITaxon:10088" label="Mus"/>
      <span end="21226" id="16433929-10391" start="21222">mice</span>
    </annotation>
    <annotation annotator="Mike Bada" id="organism_Instance_46957" type="identity">
      <class id="NCBITaxon:10088" label="Mus"/>
      <span end="21885" id="16433929-10393" start="21881">mice</span>
    </annotation>
    <annotation annotator="Mike Bada" id="organism_Instance_46962" type="identity">
      <class id="NCBITaxon:39107" label="Murinae"/>
      <span end="22015" id="16433929-10395" start="22009">murine</span>
    </annotation>
    <annotation annotator="Mike Bada" id="organism_Instance_46967" type="identity">
      <class id="NCBITaxon:10088" label="Mus"/>
      <span end="22153" id="16433929-10397" start="22149">mice</span>
    </annotation>
    <annotation annotator="Mike Bada" id="organism_Instance_46972" type="identity">
      <class id="NCBITaxon:40674" label="Mammalia"/>
      <span end="22439" id="16433929-10399" start="22430">mammalian</span>
    </annotation>
    <annotation annotator="Mike Bada" id="organism_Instance_46977" type="identity">
      <class id="NCBITaxon:33208" label="Metazoa"/>
      <span end="22934" id="16433929-10401" start="22927">animals</span>
    </annotation>
    <annotation annotator="Mike Bada" id="organism_Instance_46982" type="identity">
      <class id="NCBITaxon:9989" label="Rodentia"/>
      <span end="25780" id="16433929-10403" start="25774">rodent</span>
    </annotation>
    <annotation annotator="Mike Bada" id="organism_Instance_46987" type="identity">
      <class id="NCBITaxon:10088" label="Mus"/>
      <span end="27832" id="16433929-10405" start="27828">mice</span>
    </annotation>
    <annotation annotator="Mike Bada" id="organism_Instance_46992" type="identity">
      <class id="NCBITaxon:33208" label="Metazoa"/>
      <span end="28166" id="16433929-10407" start="28159">animals</span>
    </annotation>
    <annotation annotator="Mike Bada" id="organism_Instance_46997" type="identity">
      <class id="NCBITaxon:39107" label="Murinae"/>
      <span end="28673" id="16433929-10409" start="28667">murine</span>
    </annotation>
    <annotation annotator="Mike Bada" id="organism_Instance_47002" type="identity">
      <class id="NCBITaxon:10088" label="Mus"/>
      <span end="29026" id="16433929-10411" start="29022">mice</span>
    </annotation>
    <annotation annotator="Mike Bada" id="organism_Instance_47007" type="identity">
      <class id="NCBITaxon:10088" label="Mus"/>
      <span end="29171" id="16433929-10413" start="29166">mouse</span>
    </annotation>
    <annotation annotator="Mike Bada" id="organism_Instance_47012" type="identity">
      <class id="NCBITaxon:10088" label="Mus"/>
      <span end="29194" id="16433929-10415" start="29189">mouse</span>
    </annotation>
    <annotation annotator="Mike Bada" id="organism_Instance_47017" type="identity">
      <class id="NCBITaxon:10088" label="Mus"/>
      <span end="29381" id="16433929-10417" start="29376">mouse</span>
    </annotation>
    <annotation annotator="Mike Bada" id="organism_Instance_47022" type="identity">
      <class id="NCBITaxon:10088" label="Mus"/>
      <span end="29702" id="16433929-10419" start="29697">mouse</span>
    </annotation>
    <annotation annotator="Mike Bada" id="organism_Instance_47027" type="identity">
      <class id="NCBITaxon:39107" label="Murinae"/>
      <span end="31294" id="16433929-10421" start="31288">murine</span>
    </annotation>
    <annotation annotator="Mike Bada" id="organism_Instance_47032" type="identity">
      <class id="NCBITaxon:39107" label="Murinae"/>
      <span end="31317" id="16433929-10423" start="31311">murine</span>
    </annotation>
    <annotation annotator="Mike Bada" id="organism_Instance_47037" type="identity">
      <class id="NCBITaxon:10088" label="Mus"/>
      <span end="32492" id="16433929-10425" start="32487">mouse</span>
    </annotation>
    <annotation annotator="Mike Bada" id="organism_Instance_47042" type="identity">
      <class id="NCBITaxon:27592" label="Bovinae"/>
      <span end="32609" id="16433929-10427" start="32603">bovine</span>
    </annotation>
    <annotation annotator="Mike Bada" id="organism_Instance_47047" type="identity">
      <class id="NCBITaxon:27592" label="Bovinae"/>
      <span end="32832" id="16433929-10429" start="32826">bovine</span>
    </annotation>
    <annotation annotator="Mike Bada" id="organism_Instance_220187" type="identity">
      <class id="NCBITaxon:10088" label="Mus"/>
      <span end="33538" id="16433929-10309" start="33534">mice</span>
    </annotation>
    <annotation annotator="Mike Bada" id="organism_Instance_47052" type="identity">
      <class id="NCBITaxon:33208" label="Metazoa"/>
      <span end="33755" id="16433929-10431" start="33748">animals</span>
    </annotation>
    <annotation annotator="Mike Bada" id="organism_Instance_47062" type="identity">
      <class id="NCBITaxon:10088" label="Mus"/>
      <span end="34065" id="16433929-10433" start="34060">Mouse</span>
    </annotation>
    <annotation annotator="Mike Bada" id="organism_Instance_47067" type="identity">
      <class id="NCBITaxon:33208" label="Metazoa"/>
      <span end="34122" id="16433929-10435" start="34116">Animal</span>
    </annotation>
    <annotation annotator="Mike Bada" id="organism_Instance_47072" type="identity">
      <class id="NCBITaxon:33208" label="Metazoa"/>
      <span end="34199" id="16433929-10437" start="34193">Animal</span>
    </annotation>
    <annotation annotator="Mike Bada" id="organism_Instance_47077" type="identity">
      <class id="NCBITaxon:10088" label="Mus"/>
      <span end="38410" id="16433929-10439" start="38405">Mouse</span>
    </annotation>
    <annotation annotator="Mike Bada" id="organism_Instance_47082" type="identity">
      <class id="NCBITaxon:33208" label="Metazoa"/>
      <span end="38700" id="16433929-10441" start="38693">animals</span>
    </annotation>
    <annotation annotator="Mike Bada" id="organism_Instance_47087" type="identity">
      <class id="NCBITaxon:10088" label="Mus"/>
      <span end="38751" id="16433929-10443" start="38746">mouse</span>
    </annotation>
    <annotation annotator="Mike Bada" id="organism_Instance_47092" type="identity">
      <class id="NCBITaxon:10088" label="Mus"/>
      <span end="39134" id="16433929-10445" start="39129">mouse</span>
    </annotation>
    <annotation annotator="Mike Bada" id="organism_Instance_47097" type="identity">
      <class id="NCBITaxon:33208" label="Metazoa"/>
      <span end="39323" id="16433929-10447" start="39316">animals</span>
    </annotation>
    <annotation annotator="Mike Bada" id="organism_Instance_47102" type="identity">
      <class id="NCBITaxon:10088" label="Mus"/>
      <span end="39745" id="16433929-10449" start="39740">mouse</span>
    </annotation>
    <graph-space id="Old Knowtator Relations"/>
  </document>
</knowtator-project>
