<?xml version="1.0" encoding="UTF-8" standalone="no"?>
<knowtator-project>
    <document id="16507151" text-file="16507151.txt">
        <annotation annotator="Mike Bada" id="organism_Instance_220413" type="identity">
            <class id="NCBITaxon:10088" label="Mus"/>
            <span end="81" id="16507151-10959" start="77">mice</span>
        </annotation>
        <annotation annotator="Mike Bada" id="organism_Instance_48287" type="identity">
            <class id="NCBITaxon:10088" label="Mus"/>
            <span end="127" id="16507151-10981" start="123">mice</span>
        </annotation>
        <annotation annotator="Mike Bada" id="NCBITAXON_2015_03_02_backup_Instance_21373" type="identity">
            <class id="NCBITaxon_UBERON_EXT:woman" label="woman"/>
            <span end="444" id="16507151-10945" start="439">women</span>
        </annotation>
        <annotation annotator="Mike Bada" id="organism_Instance_48292" type="identity">
            <class id="NCBITaxon:10088" label="Mus"/>
            <span end="574" id="16507151-10983" start="570">mice</span>
        </annotation>
        <annotation annotator="Mike Bada" id="organism_Instance_48297" type="identity">
            <class id="NCBITaxon:10088" label="Mus"/>
            <span end="636" id="16507151-10985" start="632">mice</span>
        </annotation>
        <annotation annotator="Mike Bada" id="organism_Instance_48302" type="identity">
            <class id="NCBITaxon:10088" label="Mus"/>
            <span end="806" id="16507151-10987" start="802">mice</span>
        </annotation>
        <annotation annotator="Mike Bada" id="organism_Instance_48307" type="identity">
            <class id="NCBITaxon:9606" label="Homo sapiens"/>
            <span end="1626" id="16507151-10989" start="1623">man</span>
        </annotation>
        <annotation annotator="Mike Bada" id="organism_Instance_48312" type="identity">
            <class id="NCBITaxon:10088" label="Mus"/>
            <span end="1671" id="16507151-10991" start="1667">mice</span>
        </annotation>
        <annotation annotator="Mike Bada" id="NCBITAXON_2015_03_02_backup_Instance_21378" type="identity">
            <class id="NCBITaxon_UBERON_EXT:woman" label="woman"/>
            <span end="1794" id="16507151-10947" start="1789">women</span>
        </annotation>
        <annotation annotator="Donnie Evans" id="NCBITaxon+extensions+nested_Instance_0" type="identity">
            <class id="NCBITaxon_UBERON_EXT:man" label="man"/>
            <span end="1859" id="16507151-10941" start="1856">men</span>
        </annotation>
        <annotation annotator="Mike Bada" id="NCBITAXON_2015_03_02_backup_Instance_21383" type="identity">
            <class id="NCBITaxon_UBERON_EXT:woman" label="woman"/>
            <span end="2265" id="16507151-10949" start="2260">women</span>
        </annotation>
        <annotation annotator="Mike Bada" id="organism_Instance_48317" type="identity">
            <class id="NCBITaxon:33208" label="Metazoa"/>
            <span end="2390" id="16507151-10993" start="2384">animal</span>
        </annotation>
        <annotation annotator="Mike Bada" id="organism_Instance_48322" type="identity">
            <class id="NCBITaxon:9606" label="Homo sapiens"/>
            <span end="2472" id="16507151-10995" start="2467">human</span>
        </annotation>
        <annotation annotator="Mike Bada" id="organism_Instance_48327" type="identity">
            <class id="NCBITaxon:10088" label="Mus"/>
            <span end="2494" id="16507151-10997" start="2490">mice</span>
        </annotation>
        <annotation annotator="Mike Bada" id="organism_Instance_48332" type="identity">
            <class id="NCBITaxon:9606" label="Homo sapiens"/>
            <span end="2564" id="16507151-10999" start="2559">human</span>
        </annotation>
        <annotation annotator="Mike Bada" id="organism_Instance_48337" type="identity">
            <class id="NCBITaxon:10088" label="Mus"/>
            <span end="2861" id="16507151-11001" start="2857">mice</span>
        </annotation>
        <annotation annotator="Mike Bada" id="organism_Instance_48342" type="identity">
            <class id="NCBITaxon:33208" label="Metazoa"/>
            <span end="3118" id="16507151-11003" start="3112">animal</span>
        </annotation>
        <annotation annotator="Mike Bada" id="organism_Instance_48347" type="identity">
            <class id="NCBITaxon:10088" label="Mus"/>
            <span end="3150" id="16507151-11005" start="3146">mice</span>
        </annotation>
        <annotation annotator="Mike Bada" id="NCBITAXON_2015_03_02_backup_Instance_21388" type="identity">
            <class id="NCBITaxon_UBERON_EXT:woman" label="woman"/>
            <span end="3175" id="16507151-10951" start="3170">women</span>
        </annotation>
        <annotation annotator="Mike Bada" id="organism_Instance_48352" type="identity">
            <class id="NCBITaxon:10088" label="Mus"/>
            <span end="3320" id="16507151-11007" start="3316">mice</span>
        </annotation>
        <annotation annotator="Mike Bada" id="NCBITAXON_2015_03_02_backup_Instance_21393" type="identity">
            <class id="NCBITaxon_UBERON_EXT:woman" label="woman"/>
            <span end="3710" id="16507151-10953" start="3705">women</span>
        </annotation>
        <annotation annotator="Mike Bada" id="NCBITAXON_2015_03_02_backup_Instance_20827" type="identity">
            <class id="NCBITaxon_UBERON_EXT:child" label="child"/>
            <span end="3751" id="16507151-10943" start="3743">children</span>
        </annotation>
        <annotation annotator="Mike Bada" id="organism_Instance_48357" type="identity">
            <class id="NCBITaxon:33208" label="Metazoa"/>
            <span end="3826" id="16507151-11009" start="3820">animal</span>
        </annotation>
        <annotation annotator="Mike Bada" id="organism_Instance_48362" type="identity">
            <class id="NCBITaxon:10088" label="Mus"/>
            <span end="3885" id="16507151-11011" start="3881">mice</span>
        </annotation>
        <annotation annotator="Mike Bada" id="organism_Instance_48367" type="identity">
            <class id="NCBITaxon:10088" label="Mus"/>
            <span end="4072" id="16507151-11013" start="4068">mice</span>
        </annotation>
        <annotation annotator="Mike Bada" id="organism_Instance_220418" type="identity">
            <class id="NCBITaxon:10088" label="Mus"/>
            <span end="4271" id="16507151-10961" start="4267">Mice</span>
        </annotation>
        <annotation annotator="Mike Bada" id="organism_Instance_48372" type="identity">
            <class id="NCBITaxon:10088" label="Mus"/>
            <span end="4290" id="16507151-11015" start="4286">mice</span>
        </annotation>
        <annotation annotator="Mike Bada" id="organism_Instance_48377" type="identity">
            <class id="NCBITaxon:10088" label="Mus"/>
            <span end="4392" id="16507151-11017" start="4388">mice</span>
        </annotation>
        <annotation annotator="Mike Bada" id="organism_Instance_48382" type="identity">
            <class id="NCBITaxon:10088" label="Mus"/>
            <span end="4527" id="16507151-11019" start="4523">mice</span>
        </annotation>
        <annotation annotator="Mike Bada" id="organism_Instance_48387" type="identity">
            <class id="NCBITaxon:33208" label="Metazoa"/>
            <span end="4594" id="16507151-11021" start="4588">animal</span>
        </annotation>
        <annotation annotator="Mike Bada" id="organism_Instance_48392" type="identity">
            <class id="NCBITaxon:33208" label="Metazoa"/>
            <span end="4621" id="16507151-11023" start="4615">animal</span>
        </annotation>
        <annotation annotator="Mike Bada" id="organism_Instance_48397" type="identity">
            <class id="NCBITaxon:33208" label="Metazoa"/>
            <span end="4696" id="16507151-11025" start="4689">animals</span>
        </annotation>
        <annotation annotator="Mike Bada" id="organism_Instance_48402" type="identity">
            <class id="NCBITaxon:9989" label="Rodentia"/>
            <span end="4737" id="16507151-11027" start="4731">rodent</span>
        </annotation>
        <annotation annotator="Mike Bada" id="organism_Instance_48407" type="identity">
            <class id="NCBITaxon:10114" label="Rattus"/>
            <span end="4790" id="16507151-11029" start="4786">rats</span>
        </annotation>
        <annotation annotator="Mike Bada" id="organism_Instance_48412" type="identity">
            <class id="NCBITaxon:10088" label="Mus"/>
            <span end="4799" id="16507151-11031" start="4795">mice</span>
        </annotation>
        <annotation annotator="Mike Bada" id="organism_Instance_48417" type="identity">
            <class id="NCBITaxon:10088" label="Mus"/>
            <span end="4901" id="16507151-11033" start="4897">mice</span>
        </annotation>
        <annotation annotator="Mike Bada" id="organism_Instance_48422" type="identity">
            <class id="NCBITaxon:33208" label="Metazoa"/>
            <span end="5023" id="16507151-11035" start="5017">Animal</span>
        </annotation>
        <annotation annotator="Mike Bada" id="organism_Instance_48427" type="identity">
            <class id="NCBITaxon:10088" label="Mus"/>
            <span end="5203" id="16507151-11037" start="5199">mice</span>
        </annotation>
        <annotation annotator="Mike Bada" id="organism_Instance_48432" type="identity">
            <class id="NCBITaxon:10088" label="Mus"/>
            <span end="5294" id="16507151-11039" start="5290">mice</span>
        </annotation>
        <annotation annotator="Mike Bada" id="organism_Instance_48437" type="identity">
            <class id="NCBITaxon:33208" label="Metazoa"/>
            <span end="5355" id="16507151-11041" start="5349">animal</span>
        </annotation>
        <annotation annotator="Mike Bada" id="organism_Instance_48442" type="identity">
            <class id="NCBITaxon:10088" label="Mus"/>
            <span end="5409" id="16507151-11043" start="5405">mice</span>
        </annotation>
        <annotation annotator="Mike Bada" id="organism_Instance_48457" type="identity">
            <class id="NCBITaxon:10088" label="Mus"/>
            <span end="5672" id="16507151-11045" start="5668">mice</span>
        </annotation>
        <annotation annotator="Mike Bada" id="organism_Instance_48462" type="identity">
            <class id="NCBITaxon:10088" label="Mus"/>
            <span end="5731" id="16507151-11047" start="5727">mice</span>
        </annotation>
        <annotation annotator="Mike Bada" id="organism_Instance_48467" type="identity">
            <class id="NCBITaxon:10114" label="Rattus"/>
            <span end="5801" id="16507151-11049" start="5798">rat</span>
        </annotation>
        <annotation annotator="Mike Bada" id="organism_Instance_48472" type="identity">
            <class id="NCBITaxon:33208" label="Metazoa"/>
            <span end="6225" id="16507151-11051" start="6218">Animals</span>
        </annotation>
        <annotation annotator="Mike Bada" id="organism_Instance_48477" type="identity">
            <class id="NCBITaxon:10088" label="Mus"/>
            <span end="6370" id="16507151-11053" start="6365">mouse</span>
        </annotation>
        <annotation annotator="Mike Bada" id="organism_Instance_48482" type="identity">
            <class id="NCBITaxon:33208" label="Metazoa"/>
            <span end="6878" id="16507151-11055" start="6871">animals</span>
        </annotation>
        <annotation annotator="Mike Bada" id="organism_Instance_48487" type="identity">
            <class id="NCBITaxon:10088" label="Mus"/>
            <span end="7129" id="16507151-11057" start="7124">mouse</span>
        </annotation>
        <annotation annotator="Mike Bada" id="organism_Instance_48492" type="identity">
            <class id="NCBITaxon:10088" label="Mus"/>
            <span end="7298" id="16507151-11059" start="7294">mice</span>
        </annotation>
        <annotation annotator="Mike Bada" id="organism_Instance_220423" type="identity">
            <class id="NCBITaxon:271" label="Thermus aquaticus"/>
            <span end="7739" id="16507151-10963" start="7736">Taq</span>
        </annotation>
        <annotation annotator="Mike Bada" id="organism_Instance_48497" type="identity">
            <class id="NCBITaxon:10088" label="Mus"/>
            <span end="8421" id="16507151-11061" start="8416">mouse</span>
        </annotation>
        <annotation annotator="Mike Bada" id="organism_Instance_48502" type="identity">
            <class id="NCBITaxon:10088" label="Mus"/>
            <span end="9081" id="16507151-11063" start="9077">mice</span>
        </annotation>
        <annotation annotator="Mike Bada" id="organism_Instance_48507" type="identity">
            <class id="NCBITaxon:27592" label="Bovinae"/>
            <span end="9311" id="16507151-11065" start="9305">Bovine</span>
        </annotation>
        <annotation annotator="Mike Bada" id="organism_Instance_48512" type="identity">
            <class id="NCBITaxon:10088" label="Mus"/>
            <span end="9450" id="16507151-11067" start="9445">mouse</span>
        </annotation>
        <annotation annotator="Mike Bada" id="organism_Instance_48517" type="identity">
            <class id="NCBITaxon:9925" label="Capra hircus"/>
            <span end="9617" id="16507151-11069" start="9613">goat</span>
        </annotation>
        <annotation annotator="Mike Bada" id="organism_Instance_48522" type="identity">
            <class id="NCBITaxon:10088" label="Mus"/>
            <span end="9822" id="16507151-11071" start="9818">mice</span>
        </annotation>
        <annotation annotator="Mike Bada" id="organism_Instance_48527" type="identity">
            <class id="NCBITaxon:10088" label="Mus"/>
            <span end="9962" id="16507151-11073" start="9958">mice</span>
        </annotation>
        <annotation annotator="Mike Bada" id="organism_Instance_48532" type="identity">
            <class id="NCBITaxon:10088" label="Mus"/>
            <span end="10148" id="16507151-11075" start="10144">mice</span>
        </annotation>
        <annotation annotator="Mike Bada" id="organism_Instance_48537" type="identity">
            <class id="NCBITaxon:10088" label="Mus"/>
            <span end="10221" id="16507151-11077" start="10217">mice</span>
        </annotation>
        <annotation annotator="Mike Bada" id="organism_Instance_48542" type="identity">
            <class id="NCBITaxon:10088" label="Mus"/>
            <span end="10491" id="16507151-11079" start="10487">mice</span>
        </annotation>
        <annotation annotator="Mike Bada" id="organism_Instance_48547" type="identity">
            <class id="NCBITaxon:10088" label="Mus"/>
            <span end="10599" id="16507151-11081" start="10595">mice</span>
        </annotation>
        <annotation annotator="Mike Bada" id="organism_Instance_48552" type="identity">
            <class id="NCBITaxon:10088" label="Mus"/>
            <span end="10745" id="16507151-11083" start="10741">mice</span>
        </annotation>
        <annotation annotator="Mike Bada" id="organism_Instance_48557" type="identity">
            <class id="NCBITaxon:10088" label="Mus"/>
            <span end="11132" id="16507151-11085" start="11128">mice</span>
        </annotation>
        <annotation annotator="Mike Bada" id="organism_Instance_48562" type="identity">
            <class id="NCBITaxon:10088" label="Mus"/>
            <span end="11151" id="16507151-11087" start="11147">mice</span>
        </annotation>
        <annotation annotator="Mike Bada" id="organism_Instance_48567" type="identity">
            <class id="NCBITaxon:10088" label="Mus"/>
            <span end="11246" id="16507151-11089" start="11242">mice</span>
        </annotation>
        <annotation annotator="Mike Bada" id="organism_Instance_48572" type="identity">
            <class id="NCBITaxon:10088" label="Mus"/>
            <span end="11366" id="16507151-11091" start="11362">mice</span>
        </annotation>
        <annotation annotator="Mike Bada" id="organism_Instance_48577" type="identity">
            <class id="NCBITaxon:10088" label="Mus"/>
            <span end="11448" id="16507151-11093" start="11444">mice</span>
        </annotation>
        <annotation annotator="Mike Bada" id="organism_Instance_220433" type="identity">
            <class id="NCBITaxon:10088" label="Mus"/>
            <span end="11569" id="16507151-10965" start="11565">mice</span>
        </annotation>
        <annotation annotator="Mike Bada" id="organism_Instance_48582" type="identity">
            <class id="NCBITaxon:10088" label="Mus"/>
            <span end="12237" id="16507151-11095" start="12233">mice</span>
        </annotation>
        <annotation annotator="Mike Bada" id="organism_Instance_48587" type="identity">
            <class id="NCBITaxon:10088" label="Mus"/>
            <span end="12288" id="16507151-11097" start="12283">mouse</span>
        </annotation>
        <annotation annotator="Mike Bada" id="organism_Instance_48592" type="identity">
            <class id="NCBITaxon:10088" label="Mus"/>
            <span end="12319" id="16507151-11099" start="12314">mouse</span>
        </annotation>
        <annotation annotator="Mike Bada" id="organism_Instance_48597" type="identity">
            <class id="NCBITaxon:10088" label="Mus"/>
            <span end="12381" id="16507151-11101" start="12376">mouse</span>
        </annotation>
        <annotation annotator="Mike Bada" id="organism_Instance_48602" type="identity">
            <class id="NCBITaxon:10088" label="Mus"/>
            <span end="12458" id="16507151-11103" start="12454">mice</span>
        </annotation>
        <annotation annotator="Mike Bada" id="organism_Instance_48607" type="identity">
            <class id="NCBITaxon:10088" label="Mus"/>
            <span end="12944" id="16507151-11105" start="12940">mice</span>
        </annotation>
        <annotation annotator="Mike Bada" id="organism_Instance_48612" type="identity">
            <class id="NCBITaxon:9606" label="Homo sapiens"/>
            <span end="13104" id="16507151-11107" start="13099">human</span>
        </annotation>
        <annotation annotator="Mike Bada" id="organism_Instance_48617" type="identity">
            <class id="NCBITaxon:10088" label="Mus"/>
            <span end="13201" id="16507151-11109" start="13197">mice</span>
        </annotation>
        <annotation annotator="Mike Bada" id="organism_Instance_48622" type="identity">
            <class id="NCBITaxon:10088" label="Mus"/>
            <span end="13437" id="16507151-11111" start="13433">mice</span>
        </annotation>
        <annotation annotator="Mike Bada" id="organism_Instance_48627" type="identity">
            <class id="NCBITaxon:10088" label="Mus"/>
            <span end="13474" id="16507151-11113" start="13470">mice</span>
        </annotation>
        <annotation annotator="Mike Bada" id="organism_Instance_48632" type="identity">
            <class id="NCBITaxon:10088" label="Mus"/>
            <span end="13530" id="16507151-11115" start="13526">mice</span>
        </annotation>
        <annotation annotator="Mike Bada" id="NCBITAXON_2015_03_02_backup_Instance_21398" type="identity">
            <class id="NCBITaxon_UBERON_EXT:woman" label="woman"/>
            <span end="13569" id="16507151-10955" start="13564">women</span>
        </annotation>
        <annotation annotator="Mike Bada" id="NCBITAXON_2015_03_02_backup_Instance_21403" type="identity">
            <class id="NCBITaxon_UBERON_EXT:woman" label="woman"/>
            <span end="14038" id="16507151-10957" start="14033">women</span>
        </annotation>
        <annotation annotator="Mike Bada" id="organism_Instance_48637" type="identity">
            <class id="NCBITaxon:10088" label="Mus"/>
            <span end="14365" id="16507151-11117" start="14361">mice</span>
        </annotation>
        <annotation annotator="Mike Bada" id="organism_Instance_220438" type="identity">
            <class id="NCBITaxon:9606" label="Homo sapiens"/>
            <span end="14376" id="16507151-10967" start="14370">humans</span>
        </annotation>
        <annotation annotator="Mike Bada" id="organism_Instance_48642" type="identity">
            <class id="NCBITaxon:10088" label="Mus"/>
            <span end="16403" id="16507151-11119" start="16398">mouse</span>
        </annotation>
        <annotation annotator="Mike Bada" id="organism_Instance_48647" type="identity">
            <class id="NCBITaxon:9606" label="Homo sapiens"/>
            <span end="16477" id="16507151-11121" start="16472">human</span>
        </annotation>
        <annotation annotator="Mike Bada" id="organism_Instance_48652" type="identity">
            <class id="NCBITaxon:9606" label="Homo sapiens"/>
            <span end="16511" id="16507151-11123" start="16506">human</span>
        </annotation>
        <annotation annotator="Mike Bada" id="organism_Instance_48657" type="identity">
            <class id="NCBITaxon:10114" label="Rattus"/>
            <span end="16615" id="16507151-11125" start="16612">rat</span>
        </annotation>
        <annotation annotator="Mike Bada" id="organism_Instance_48662" type="identity">
            <class id="NCBITaxon:10088" label="Mus"/>
            <span end="17119" id="16507151-11127" start="17115">mice</span>
        </annotation>
        <annotation annotator="Mike Bada" id="organism_Instance_48667" type="identity">
            <class id="NCBITaxon:10088" label="Mus"/>
            <span end="17183" id="16507151-11129" start="17179">mice</span>
        </annotation>
        <annotation annotator="Mike Bada" id="organism_Instance_48672" type="identity">
            <class id="NCBITaxon:10088" label="Mus"/>
            <span end="17213" id="16507151-11131" start="17209">mice</span>
        </annotation>
        <annotation annotator="Mike Bada" id="organism_Instance_48677" type="identity">
            <class id="NCBITaxon:10088" label="Mus"/>
            <span end="18762" id="16507151-11133" start="18758">mice</span>
        </annotation>
        <annotation annotator="Mike Bada" id="organism_Instance_48682" type="identity">
            <class id="NCBITaxon:10088" label="Mus"/>
            <span end="19271" id="16507151-11135" start="19267">mice</span>
        </annotation>
        <annotation annotator="Mike Bada" id="organism_Instance_220443" type="identity">
            <class id="NCBITaxon:10088" label="Mus"/>
            <span end="19366" id="16507151-10969" start="19362">mice</span>
        </annotation>
        <annotation annotator="Mike Bada" id="organism_Instance_220448" type="identity">
            <class id="NCBITaxon:10088" label="Mus"/>
            <span end="19499" id="16507151-10971" start="19495">mice</span>
        </annotation>
        <annotation annotator="Mike Bada" id="organism_Instance_220453" type="identity">
            <class id="NCBITaxon:10088" label="Mus"/>
            <span end="19566" id="16507151-10973" start="19562">mice</span>
        </annotation>
        <annotation annotator="Mike Bada" id="organism_Instance_220458" type="identity">
            <class id="NCBITaxon:10088" label="Mus"/>
            <span end="19691" id="16507151-10975" start="19687">mice</span>
        </annotation>
        <annotation annotator="Mike Bada" id="organism_Instance_220463" type="identity">
            <class id="NCBITaxon:10088" label="Mus"/>
            <span end="19765" id="16507151-10977" start="19761">mice</span>
        </annotation>
        <annotation annotator="Mike Bada" id="organism_Instance_220468" type="identity">
            <class id="NCBITaxon:10088" label="Mus"/>
            <span end="19889" id="16507151-10979" start="19885">mice</span>
        </annotation>
        <annotation annotator="Mike Bada" id="organism_Instance_48691" type="identity">
            <class id="NCBITaxon:10088" label="Mus"/>
            <span end="20001" id="16507151-11137" start="19997">mice</span>
        </annotation>
        <graph-space id="Old Knowtator Relations"/>
    </document>
</knowtator-project>
