<?xml version="1.0" encoding="UTF-8" standalone="no"?>
<knowtator-project>
    <document id="16504143" text-file="16504143.txt">
        <annotation annotator="Mike Bada" id="organism_Instance_220222" type="identity">
            <class id="NCBITaxon:10088" label="Mus"/>
            <span end="76" id="16504143-10546" start="72">mice</span>
        </annotation>
        <annotation annotator="Mike Bada" id="organism_Instance_47332" type="identity">
            <class id="NCBITaxon:10088" label="Mus"/>
            <span end="407" id="16504143-10564" start="403">mice</span>
        </annotation>
        <annotation annotator="Mike Bada" id="organism_Instance_47337" type="identity">
            <class id="NCBITaxon:10088" label="Mus"/>
            <span end="467" id="16504143-10566" start="463">mice</span>
        </annotation>
        <annotation annotator="Mike Bada" id="organism_Instance_47342" type="identity">
            <class id="NCBITaxon:10088" label="Mus"/>
            <span end="699" id="16504143-10568" start="695">mice</span>
        </annotation>
        <annotation annotator="Mike Bada" id="organism_Instance_47347" type="identity">
            <class id="NCBITaxon:10088" label="Mus"/>
            <span end="976" id="16504143-10570" start="972">mice</span>
        </annotation>
        <annotation annotator="Mike Bada" id="organism_Instance_47352" type="identity">
            <class id="NCBITaxon:10088" label="Mus"/>
            <span end="1752" id="16504143-10572" start="1748">mice</span>
        </annotation>
        <annotation annotator="Mike Bada" id="organism_Instance_220227" type="identity">
            <class id="NCBITaxon:6239" label="Caenorhabditis elegans"/>
            <span end="2460" id="16504143-10548" start="2450">C. elegans</span>
        </annotation>
        <annotation annotator="Mike Bada" id="organism_Instance_47357" type="identity">
            <class id="NCBITaxon:40674" label="Mammalia"/>
            <span end="2624" id="16504143-10574" start="2615">mammalian</span>
        </annotation>
        <annotation annotator="Mike Bada" id="organism_Instance_47362" type="identity">
            <class id="NCBITaxon:10088" label="Mus"/>
            <span end="2707" id="16504143-10576" start="2703">mice</span>
        </annotation>
        <annotation annotator="Mike Bada" id="organism_Instance_47367" type="identity">
            <class id="NCBITaxon:9606" label="Homo sapiens"/>
            <span end="3001" id="16504143-10578" start="2996">human</span>
        </annotation>
        <annotation annotator="Mike Bada" id="organism_Instance_47372" type="identity">
            <class id="NCBITaxon:39107" label="Murinae"/>
            <span end="3012" id="16504143-10580" start="3006">murine</span>
        </annotation>
        <annotation annotator="Mike Bada" id="organism_Instance_47377" type="identity">
            <class id="NCBITaxon:10088" label="Mus"/>
            <span end="3527" id="16504143-10582" start="3523">mice</span>
        </annotation>
        <annotation annotator="Mike Bada" id="organism_Instance_47382" type="identity">
            <class id="NCBITaxon:10088" label="Mus"/>
            <span end="3602" id="16504143-10584" start="3597">mouse</span>
        </annotation>
        <annotation annotator="Mike Bada" id="organism_Instance_47387" type="identity">
            <class id="NCBITaxon:10088" label="Mus"/>
            <span end="3804" id="16504143-10586" start="3800">mice</span>
        </annotation>
        <annotation annotator="Mike Bada" id="organism_Instance_47392" type="identity">
            <class id="NCBITaxon:7742" label="Vertebrata"/>
            <span end="3907" id="16504143-10588" start="3896">vertebrates</span>
        </annotation>
        <annotation annotator="Mike Bada" id="NCBITAXON_2015_03_02_Instance_80024" type="identity">
            <class id="NCBITaxon_EXT:invertebrate" label="invertebrate"/>
            <span end="3933" id="16504143-10542" start="3920">invertebrates</span>
        </annotation>
        <annotation annotator="Mike Bada" id="organism_Instance_47397" type="identity">
            <class id="NCBITaxon:8353" label="Xenopus"/>
            <span end="3972" id="16504143-10590" start="3965">Xenopus</span>
        </annotation>
        <annotation annotator="Mike Bada" id="organism_Instance_47402" type="identity">
            <class id="NCBITaxon:39107" label="Murinae"/>
            <span end="4212" id="16504143-10592" start="4206">murine</span>
        </annotation>
        <annotation annotator="Mike Bada" id="organism_Instance_47407" type="identity">
            <class id="NCBITaxon:10088" label="Mus"/>
            <span end="4546" id="16504143-10594" start="4542">mice</span>
        </annotation>
        <annotation annotator="Mike Bada" id="organism_Instance_220235" type="identity">
            <class id="NCBITaxon:10088" label="Mus"/>
            <span end="4593" id="16504143-10550" start="4589">mice</span>
        </annotation>
        <annotation annotator="Mike Bada" id="organism_Instance_220240" type="identity">
            <class id="NCBITaxon:10088" label="Mus"/>
            <span end="4599" id="16504143-10552" start="4595">Mice</span>
        </annotation>
        <annotation annotator="Mike Bada" id="organism_Instance_47412" type="identity">
            <class id="NCBITaxon:10088" label="Mus"/>
            <span end="5535" id="16504143-10596" start="5531">mice</span>
        </annotation>
        <annotation annotator="Mike Bada" id="organism_Instance_47417" type="identity">
            <class id="NCBITaxon:10088" label="Mus"/>
            <span end="5580" id="16504143-10598" start="5576">mice</span>
        </annotation>
        <annotation annotator="Mike Bada" id="organism_Instance_47422" type="identity">
            <class id="NCBITaxon:10088" label="Mus"/>
            <span end="5821" id="16504143-10600" start="5817">mice</span>
        </annotation>
        <annotation annotator="Mike Bada" id="organism_Instance_47427" type="identity">
            <class id="NCBITaxon:10088" label="Mus"/>
            <span end="5980" id="16504143-10602" start="5976">mice</span>
        </annotation>
        <annotation annotator="Mike Bada" id="organism_Instance_47432" type="identity">
            <class id="NCBITaxon:10088" label="Mus"/>
            <span end="6129" id="16504143-10604" start="6125">mice</span>
        </annotation>
        <annotation annotator="Mike Bada" id="organism_Instance_47437" type="identity">
            <class id="NCBITaxon:10088" label="Mus"/>
            <span end="6176" id="16504143-10606" start="6172">mice</span>
        </annotation>
        <annotation annotator="Mike Bada" id="organism_Instance_47442" type="identity">
            <class id="NCBITaxon:10088" label="Mus"/>
            <span end="6510" id="16504143-10608" start="6506">mice</span>
        </annotation>
        <annotation annotator="Mike Bada" id="organism_Instance_47447" type="identity">
            <class id="NCBITaxon:10088" label="Mus"/>
            <span end="6639" id="16504143-10610" start="6635">mice</span>
        </annotation>
        <annotation annotator="Mike Bada" id="organism_Instance_220245" type="identity">
            <class id="NCBITaxon:10088" label="Mus"/>
            <span end="6842" id="16504143-10554" start="6838">mice</span>
        </annotation>
        <annotation annotator="Mike Bada" id="organism_Instance_47452" type="identity">
            <class id="NCBITaxon:10088" label="Mus"/>
            <span end="6962" id="16504143-10612" start="6958">mice</span>
        </annotation>
        <annotation annotator="Mike Bada" id="organism_Instance_47457" type="identity">
            <class id="NCBITaxon:10088" label="Mus"/>
            <span end="7013" id="16504143-10614" start="7009">mice</span>
        </annotation>
        <annotation annotator="Mike Bada" id="organism_Instance_47462" type="identity">
            <class id="NCBITaxon:10088" label="Mus"/>
            <span end="7067" id="16504143-10616" start="7063">mice</span>
        </annotation>
        <annotation annotator="Mike Bada" id="organism_Instance_47467" type="identity">
            <class id="NCBITaxon:10088" label="Mus"/>
            <span end="7145" id="16504143-10618" start="7141">mice</span>
        </annotation>
        <annotation annotator="Mike Bada" id="organism_Instance_47472" type="identity">
            <class id="NCBITaxon:10088" label="Mus"/>
            <span end="7248" id="16504143-10620" start="7244">mice</span>
        </annotation>
        <annotation annotator="Mike Bada" id="organism_Instance_47477" type="identity">
            <class id="NCBITaxon:10088" label="Mus"/>
            <span end="7315" id="16504143-10622" start="7311">mice</span>
        </annotation>
        <annotation annotator="Mike Bada" id="organism_Instance_47482" type="identity">
            <class id="NCBITaxon:10088" label="Mus"/>
            <span end="7416" id="16504143-10624" start="7412">mice</span>
        </annotation>
        <annotation annotator="Mike Bada" id="organism_Instance_47487" type="identity">
            <class id="NCBITaxon:10088" label="Mus"/>
            <span end="7540" id="16504143-10626" start="7536">mice</span>
        </annotation>
        <annotation annotator="Mike Bada" id="organism_Instance_47492" type="identity">
            <class id="NCBITaxon:10088" label="Mus"/>
            <span end="7605" id="16504143-10628" start="7601">mice</span>
        </annotation>
        <annotation annotator="Mike Bada" id="organism_Instance_47497" type="identity">
            <class id="NCBITaxon:10088" label="Mus"/>
            <span end="7756" id="16504143-10630" start="7752">mice</span>
        </annotation>
        <annotation annotator="Mike Bada" id="organism_Instance_47502" type="identity">
            <class id="NCBITaxon:10088" label="Mus"/>
            <span end="7890" id="16504143-10632" start="7886">mice</span>
        </annotation>
        <annotation annotator="Mike Bada" id="organism_Instance_47507" type="identity">
            <class id="NCBITaxon:10088" label="Mus"/>
            <span end="7919" id="16504143-10634" start="7915">mice</span>
        </annotation>
        <annotation annotator="Mike Bada" id="organism_Instance_47512" type="identity">
            <class id="NCBITaxon:10088" label="Mus"/>
            <span end="8045" id="16504143-10636" start="8041">mice</span>
        </annotation>
        <annotation annotator="Mike Bada" id="organism_Instance_47517" type="identity">
            <class id="NCBITaxon:10088" label="Mus"/>
            <span end="8123" id="16504143-10638" start="8119">mice</span>
        </annotation>
        <annotation annotator="Mike Bada" id="organism_Instance_47522" type="identity">
            <class id="NCBITaxon:10088" label="Mus"/>
            <span end="8177" id="16504143-10640" start="8173">mice</span>
        </annotation>
        <annotation annotator="Mike Bada" id="organism_Instance_47527" type="identity">
            <class id="NCBITaxon:10088" label="Mus"/>
            <span end="8287" id="16504143-10642" start="8283">mice</span>
        </annotation>
        <annotation annotator="Mike Bada" id="organism_Instance_47532" type="identity">
            <class id="NCBITaxon:10088" label="Mus"/>
            <span end="8492" id="16504143-10644" start="8488">mice</span>
        </annotation>
        <annotation annotator="Mike Bada" id="organism_Instance_47537" type="identity">
            <class id="NCBITaxon:10088" label="Mus"/>
            <span end="8562" id="16504143-10646" start="8558">mice</span>
        </annotation>
        <annotation annotator="Mike Bada" id="organism_Instance_47542" type="identity">
            <class id="NCBITaxon:10088" label="Mus"/>
            <span end="8608" id="16504143-10648" start="8604">mice</span>
        </annotation>
        <annotation annotator="Mike Bada" id="organism_Instance_220250" type="identity">
            <class id="NCBITaxon:10088" label="Mus"/>
            <span end="8738" id="16504143-10556" start="8734">mice</span>
        </annotation>
        <annotation annotator="Mike Bada" id="organism_Instance_47547" type="identity">
            <class id="NCBITaxon:10088" label="Mus"/>
            <span end="8847" id="16504143-10650" start="8843">mice</span>
        </annotation>
        <annotation annotator="Mike Bada" id="organism_Instance_47552" type="identity">
            <class id="NCBITaxon:10088" label="Mus"/>
            <span end="8948" id="16504143-10652" start="8944">mice</span>
        </annotation>
        <annotation annotator="Mike Bada" id="organism_Instance_47557" type="identity">
            <class id="NCBITaxon:10088" label="Mus"/>
            <span end="9015" id="16504143-10654" start="9011">mice</span>
        </annotation>
        <annotation annotator="Mike Bada" id="organism_Instance_47562" type="identity">
            <class id="NCBITaxon:10088" label="Mus"/>
            <span end="9130" id="16504143-10656" start="9126">mice</span>
        </annotation>
        <annotation annotator="Mike Bada" id="organism_Instance_47567" type="identity">
            <class id="NCBITaxon:10088" label="Mus"/>
            <span end="9272" id="16504143-10658" start="9268">mice</span>
        </annotation>
        <annotation annotator="Mike Bada" id="organism_Instance_47572" type="identity">
            <class id="NCBITaxon:10088" label="Mus"/>
            <span end="9424" id="16504143-10660" start="9420">mice</span>
        </annotation>
        <annotation annotator="Mike Bada" id="organism_Instance_47577" type="identity">
            <class id="NCBITaxon:10088" label="Mus"/>
            <span end="9471" id="16504143-10662" start="9467">mice</span>
        </annotation>
        <annotation annotator="Mike Bada" id="organism_Instance_47582" type="identity">
            <class id="NCBITaxon:10088" label="Mus"/>
            <span end="9696" id="16504143-10664" start="9692">mice</span>
        </annotation>
        <annotation annotator="Mike Bada" id="organism_Instance_47587" type="identity">
            <class id="NCBITaxon:10088" label="Mus"/>
            <span end="9909" id="16504143-10666" start="9905">mice</span>
        </annotation>
        <annotation annotator="Mike Bada" id="organism_Instance_47592" type="identity">
            <class id="NCBITaxon:10088" label="Mus"/>
            <span end="9977" id="16504143-10668" start="9973">mice</span>
        </annotation>
        <annotation annotator="Mike Bada" id="organism_Instance_47597" type="identity">
            <class id="NCBITaxon:10088" label="Mus"/>
            <span end="10028" id="16504143-10670" start="10024">mice</span>
        </annotation>
        <annotation annotator="Mike Bada" id="organism_Instance_47602" type="identity">
            <class id="NCBITaxon:10088" label="Mus"/>
            <span end="10079" id="16504143-10672" start="10075">mice</span>
        </annotation>
        <annotation annotator="Mike Bada" id="organism_Instance_47607" type="identity">
            <class id="NCBITaxon:10088" label="Mus"/>
            <span end="10344" id="16504143-10674" start="10340">mice</span>
        </annotation>
        <annotation annotator="Mike Bada" id="organism_Instance_47612" type="identity">
            <class id="NCBITaxon:10088" label="Mus"/>
            <span end="10550" id="16504143-10676" start="10546">mice</span>
        </annotation>
        <annotation annotator="Mike Bada" id="organism_Instance_47617" type="identity">
            <class id="NCBITaxon:10088" label="Mus"/>
            <span end="11314" id="16504143-10678" start="11310">mice</span>
        </annotation>
        <annotation annotator="Mike Bada" id="organism_Instance_47622" type="identity">
            <class id="NCBITaxon:10088" label="Mus"/>
            <span end="11373" id="16504143-10680" start="11369">mice</span>
        </annotation>
        <annotation annotator="Mike Bada" id="organism_Instance_47627" type="identity">
            <class id="NCBITaxon:10088" label="Mus"/>
            <span end="11541" id="16504143-10682" start="11537">mice</span>
        </annotation>
        <annotation annotator="Mike Bada" id="organism_Instance_47632" type="identity">
            <class id="NCBITaxon:10088" label="Mus"/>
            <span end="11678" id="16504143-10684" start="11674">mice</span>
        </annotation>
        <annotation annotator="Mike Bada" id="organism_Instance_47637" type="identity">
            <class id="NCBITaxon:10088" label="Mus"/>
            <span end="11839" id="16504143-10686" start="11834">mouse</span>
        </annotation>
        <annotation annotator="Mike Bada" id="organism_Instance_47642" type="identity">
            <class id="NCBITaxon:10088" label="Mus"/>
            <span end="11873" id="16504143-10688" start="11869">mice</span>
        </annotation>
        <annotation annotator="Mike Bada" id="organism_Instance_47647" type="identity">
            <class id="NCBITaxon:10088" label="Mus"/>
            <span end="11937" id="16504143-10690" start="11933">mice</span>
        </annotation>
        <annotation annotator="Mike Bada" id="organism_Instance_47652" type="identity">
            <class id="NCBITaxon:10088" label="Mus"/>
            <span end="12256" id="16504143-10692" start="12252">mice</span>
        </annotation>
        <annotation annotator="Mike Bada" id="organism_Instance_47657" type="identity">
            <class id="NCBITaxon:10088" label="Mus"/>
            <span end="12506" id="16504143-10694" start="12502">mice</span>
        </annotation>
        <annotation annotator="Mike Bada" id="organism_Instance_47662" type="identity">
            <class id="NCBITaxon:10088" label="Mus"/>
            <span end="12555" id="16504143-10696" start="12551">mice</span>
        </annotation>
        <annotation annotator="Mike Bada" id="organism_Instance_47667" type="identity">
            <class id="NCBITaxon:10088" label="Mus"/>
            <span end="12600" id="16504143-10698" start="12596">mice</span>
        </annotation>
        <annotation annotator="Mike Bada" id="organism_Instance_47672" type="identity">
            <class id="NCBITaxon:10088" label="Mus"/>
            <span end="12651" id="16504143-10700" start="12647">mice</span>
        </annotation>
        <annotation annotator="Mike Bada" id="organism_Instance_47677" type="identity">
            <class id="NCBITaxon:10088" label="Mus"/>
            <span end="12722" id="16504143-10702" start="12718">mice</span>
        </annotation>
        <annotation annotator="Mike Bada" id="organism_Instance_47682" type="identity">
            <class id="NCBITaxon:10088" label="Mus"/>
            <span end="12886" id="16504143-10704" start="12882">mice</span>
        </annotation>
        <annotation annotator="Mike Bada" id="organism_Instance_47687" type="identity">
            <class id="NCBITaxon:10088" label="Mus"/>
            <span end="13251" id="16504143-10706" start="13247">mice</span>
        </annotation>
        <annotation annotator="Mike Bada" id="organism_Instance_47692" type="identity">
            <class id="NCBITaxon:10088" label="Mus"/>
            <span end="13308" id="16504143-10708" start="13304">mice</span>
        </annotation>
        <annotation annotator="Mike Bada" id="organism_Instance_47697" type="identity">
            <class id="NCBITaxon:10088" label="Mus"/>
            <span end="13384" id="16504143-10710" start="13380">mice</span>
        </annotation>
        <annotation annotator="Mike Bada" id="organism_Instance_47702" type="identity">
            <class id="NCBITaxon:10088" label="Mus"/>
            <span end="13649" id="16504143-10712" start="13645">mice</span>
        </annotation>
        <annotation annotator="Mike Bada" id="organism_Instance_47707" type="identity">
            <class id="NCBITaxon:10088" label="Mus"/>
            <span end="13814" id="16504143-10714" start="13810">mice</span>
        </annotation>
        <annotation annotator="Mike Bada" id="organism_Instance_47712" type="identity">
            <class id="NCBITaxon:10088" label="Mus"/>
            <span end="13983" id="16504143-10716" start="13979">mice</span>
        </annotation>
        <annotation annotator="Mike Bada" id="organism_Instance_47717" type="identity">
            <class id="NCBITaxon:10088" label="Mus"/>
            <span end="14198" id="16504143-10718" start="14194">mice</span>
        </annotation>
        <annotation annotator="Mike Bada" id="organism_Instance_47722" type="identity">
            <class id="NCBITaxon:10088" label="Mus"/>
            <span end="14272" id="16504143-10720" start="14268">mice</span>
        </annotation>
        <annotation annotator="Mike Bada" id="organism_Instance_47727" type="identity">
            <class id="NCBITaxon:10088" label="Mus"/>
            <span end="14647" id="16504143-10722" start="14643">mice</span>
        </annotation>
        <annotation annotator="Mike Bada" id="organism_Instance_47732" type="identity">
            <class id="NCBITaxon:10088" label="Mus"/>
            <span end="15114" id="16504143-10724" start="15110">mice</span>
        </annotation>
        <annotation annotator="Mike Bada" id="organism_Instance_47737" type="identity">
            <class id="NCBITaxon:10088" label="Mus"/>
            <span end="15918" id="16504143-10726" start="15914">mice</span>
        </annotation>
        <annotation annotator="Mike Bada" id="organism_Instance_47742" type="identity">
            <class id="NCBITaxon:10088" label="Mus"/>
            <span end="16277" id="16504143-10728" start="16273">mice</span>
        </annotation>
        <annotation annotator="Mike Bada" id="organism_Instance_47747" type="identity">
            <class id="NCBITaxon:10088" label="Mus"/>
            <span end="16482" id="16504143-10730" start="16478">mice</span>
        </annotation>
        <annotation annotator="Mike Bada" id="organism_Instance_47752" type="identity">
            <class id="NCBITaxon:10088" label="Mus"/>
            <span end="16634" id="16504143-10732" start="16630">mice</span>
        </annotation>
        <annotation annotator="Mike Bada" id="organism_Instance_47757" type="identity">
            <class id="NCBITaxon:10088" label="Mus"/>
            <span end="16774" id="16504143-10734" start="16770">Mice</span>
        </annotation>
        <annotation annotator="Mike Bada" id="organism_Instance_47762" type="identity">
            <class id="NCBITaxon:7742" label="Vertebrata"/>
            <span end="17074" id="16504143-10736" start="17063">vertebrates</span>
        </annotation>
        <annotation annotator="Mike Bada" id="organism_Instance_47767" type="identity">
            <class id="NCBITaxon:40674" label="Mammalia"/>
            <span end="17090" id="16504143-10738" start="17083">mammals</span>
        </annotation>
        <annotation annotator="Mike Bada" id="organism_Instance_241600" type="identity">
            <class id="NCBITaxon_EXT:fish" label="fish"/>
            <span end="17096" id="16504143-10562" start="17092">fish</span>
        </annotation>
        <annotation annotator="Mike Bada" id="organism_Instance_47772" type="identity">
            <class id="NCBITaxon:8292" label="Amphibia"/>
            <span end="17112" id="16504143-10740" start="17102">amphibians</span>
        </annotation>
        <annotation annotator="Mike Bada" id="NCBITAXON_2015_03_02_Instance_80031" type="identity">
            <class id="NCBITaxon_EXT:invertebrate" label="invertebrate"/>
            <span end="17138" id="16504143-10544" start="17125">invertebrates</span>
        </annotation>
        <annotation annotator="Mike Bada" id="organism_Instance_47777" type="identity">
            <class id="NCBITaxon:1" label="root"/>
            <span end="17312" id="16504143-10742" start="17303">organisms</span>
        </annotation>
        <annotation annotator="Mike Bada" id="organism_Instance_47782" type="identity">
            <class id="NCBITaxon:10088" label="Mus"/>
            <span end="17348" id="16504143-10744" start="17344">mice</span>
        </annotation>
        <annotation annotator="Mike Bada" id="organism_Instance_47787" type="identity">
            <class id="NCBITaxon:10088" label="Mus"/>
            <span end="17689" id="16504143-10746" start="17685">mice</span>
        </annotation>
        <annotation annotator="Mike Bada" id="organism_Instance_47792" type="identity">
            <class id="NCBITaxon:10088" label="Mus"/>
            <span end="17787" id="16504143-10748" start="17782">mouse</span>
        </annotation>
        <annotation annotator="Mike Bada" id="organism_Instance_47797" type="identity">
            <class id="NCBITaxon:10088" label="Mus"/>
            <span end="18220" id="16504143-10750" start="18215">mouse</span>
        </annotation>
        <annotation annotator="Mike Bada" id="organism_Instance_220260" type="identity">
            <class id="NCBITaxon:10088" label="Mus"/>
            <span end="18568" id="16504143-10558" start="18564">mice</span>
        </annotation>
        <annotation annotator="Mike Bada" id="organism_Instance_47802" type="identity">
            <class id="NCBITaxon:10088" label="Mus"/>
            <span end="19076" id="16504143-10752" start="19071">mouse</span>
        </annotation>
        <annotation annotator="Mike Bada" id="organism_Instance_47807" type="identity">
            <class id="NCBITaxon:10088" label="Mus"/>
            <span end="19261" id="16504143-10754" start="19257">mice</span>
        </annotation>
        <annotation annotator="Mike Bada" id="organism_Instance_47812" type="identity">
            <class id="NCBITaxon:10088" label="Mus"/>
            <span end="19310" id="16504143-10756" start="19306">mice</span>
        </annotation>
        <annotation annotator="Mike Bada" id="organism_Instance_220275" type="identity">
            <class id="NCBITaxon:10088" label="Mus"/>
            <span end="19342" id="16504143-10560" start="19337">Mouse</span>
        </annotation>
        <annotation annotator="Mike Bada" id="organism_Instance_47817" type="identity">
            <class id="NCBITaxon:10088" label="Mus"/>
            <span end="19650" id="16504143-10758" start="19646">mice</span>
        </annotation>
        <annotation annotator="Mike Bada" id="organism_Instance_47822" type="identity">
            <class id="NCBITaxon:10088" label="Mus"/>
            <span end="19758" id="16504143-10760" start="19753">mouse</span>
        </annotation>
        <annotation annotator="Mike Bada" id="organism_Instance_47827" type="identity">
            <class id="NCBITaxon:3704" label="Armoracia rusticana"/>
            <span end="20345" id="16504143-10762" start="20334">horseradish</span>
        </annotation>
        <annotation annotator="Mike Bada" id="organism_Instance_47832" type="identity">
            <class id="NCBITaxon:33208" label="Metazoa"/>
            <span end="20496" id="16504143-10764" start="20490">animal</span>
        </annotation>
        <annotation annotator="Mike Bada" id="organism_Instance_47837" type="identity">
            <class id="NCBITaxon:33208" label="Metazoa"/>
            <span end="20555" id="16504143-10766" start="20549">animal</span>
        </annotation>
        <annotation annotator="Mike Bada" id="organism_Instance_47842" type="identity">
            <class id="NCBITaxon:33208" label="Metazoa"/>
            <span end="20604" id="16504143-10768" start="20598">Animal</span>
        </annotation>
        <annotation annotator="Mike Bada" id="organism_Instance_47847" type="identity">
            <class id="NCBITaxon:33208" label="Metazoa"/>
            <span end="20673" id="16504143-10770" start="20667">Animal</span>
        </annotation>
        <annotation annotator="Mike Bada" id="organism_Instance_47852" type="identity">
            <class id="NCBITaxon:33208" label="Metazoa"/>
            <span end="20714" id="16504143-10772" start="20708">Animal</span>
        </annotation>
        <annotation annotator="Mike Bada" id="organism_Instance_47857" type="identity">
            <class id="NCBITaxon:10088" label="Mus"/>
            <span end="20812" id="16504143-10774" start="20808">mice</span>
        </annotation>
        <annotation annotator="Mike Bada" id="organism_Instance_47862" type="identity">
            <class id="NCBITaxon:10088" label="Mus"/>
            <span end="21043" id="16504143-10776" start="21038">mouse</span>
        </annotation>
        <annotation annotator="Mike Bada" id="organism_Instance_47867" type="identity">
            <class id="NCBITaxon:10088" label="Mus"/>
            <span end="21158" id="16504143-10778" start="21154">mice</span>
        </annotation>
        <annotation annotator="Mike Bada" id="organism_Instance_47872" type="identity">
            <class id="NCBITaxon:10088" label="Mus"/>
            <span end="21444" id="16504143-10780" start="21440">mice</span>
        </annotation>
        <annotation annotator="Mike Bada" id="organism_Instance_47877" type="identity">
            <class id="NCBITaxon:10088" label="Mus"/>
            <span end="21792" id="16504143-10782" start="21787">mouse</span>
        </annotation>
        <annotation annotator="Mike Bada" id="organism_Instance_47882" type="identity">
            <class id="NCBITaxon:33208" label="Metazoa"/>
            <span end="22062" id="16504143-10784" start="22056">animal</span>
        </annotation>
        <annotation annotator="Mike Bada" id="organism_Instance_47887" type="identity">
            <class id="NCBITaxon:10088" label="Mus"/>
            <span end="22273" id="16504143-10786" start="22268">mouse</span>
        </annotation>
        <annotation annotator="Mike Bada" id="organism_Instance_47892" type="identity">
            <class id="NCBITaxon:10088" label="Mus"/>
            <span end="22393" id="16504143-10788" start="22388">mouse</span>
        </annotation>
        <annotation annotator="Mike Bada" id="organism_Instance_47897" type="identity">
            <class id="NCBITaxon:10088" label="Mus"/>
            <span end="22688" id="16504143-10790" start="22683">mouse</span>
        </annotation>
        <annotation annotator="Mike Bada" id="organism_Instance_47902" type="identity">
            <class id="NCBITaxon:10088" label="Mus"/>
            <span end="22743" id="16504143-10792" start="22738">mouse</span>
        </annotation>
        <annotation annotator="Mike Bada" id="organism_Instance_47907" type="identity">
            <class id="NCBITaxon:33208" label="Metazoa"/>
            <span end="22934" id="16504143-10794" start="22928">animal</span>
        </annotation>
        <annotation annotator="Mike Bada" id="organism_Instance_47912" type="identity">
            <class id="NCBITaxon:10088" label="Mus"/>
            <span end="23234" id="16504143-10796" start="23230">mice</span>
        </annotation>
        <annotation annotator="Mike Bada" id="organism_Instance_47917" type="identity">
            <class id="NCBITaxon:33208" label="Metazoa"/>
            <span end="23504" id="16504143-10798" start="23498">animal</span>
        </annotation>
        <annotation annotator="Mike Bada" id="organism_Instance_47922" type="identity">
            <class id="NCBITaxon:10088" label="Mus"/>
            <span end="23575" id="16504143-10800" start="23570">mouse</span>
        </annotation>
        <annotation annotator="Mike Bada" id="organism_Instance_47927" type="identity">
            <class id="NCBITaxon:10088" label="Mus"/>
            <span end="23660" id="16504143-10802" start="23655">mouse</span>
        </annotation>
        <annotation annotator="Mike Bada" id="organism_Instance_47932" type="identity">
            <class id="NCBITaxon:10088" label="Mus"/>
            <span end="23849" id="16504143-10804" start="23844">mouse</span>
        </annotation>
        <annotation annotator="Mike Bada" id="organism_Instance_47937" type="identity">
            <class id="NCBITaxon:10088" label="Mus"/>
            <span end="24483" id="16504143-10806" start="24478">mouse</span>
        </annotation>
        <annotation annotator="Mike Bada" id="organism_Instance_47942" type="identity">
            <class id="NCBITaxon:10088" label="Mus"/>
            <span end="24496" id="16504143-10808" start="24492">mice</span>
        </annotation>
        <annotation annotator="Mike Bada" id="organism_Instance_47952" type="identity">
            <class id="NCBITaxon:10088" label="Mus"/>
            <span end="25283" id="16504143-10810" start="25279">mice</span>
        </annotation>
        <annotation annotator="Mike Bada" id="organism_Instance_47957" type="identity">
            <class id="NCBITaxon:10088" label="Mus"/>
            <span end="25719" id="16504143-10812" start="25715">mice</span>
        </annotation>
        <annotation annotator="Mike Bada" id="organism_Instance_47962" type="identity">
            <class id="NCBITaxon:10088" label="Mus"/>
            <span end="25828" id="16504143-10814" start="25824">mice</span>
        </annotation>
        <annotation annotator="Mike Bada" id="organism_Instance_47967" type="identity">
            <class id="NCBITaxon:10088" label="Mus"/>
            <span end="26975" id="16504143-10816" start="26970">mouse</span>
        </annotation>
        <annotation annotator="Mike Bada" id="organism_Instance_47972" type="identity">
            <class id="NCBITaxon:10088" label="Mus"/>
            <span end="27221" id="16504143-10818" start="27216">mouse</span>
        </annotation>
        <annotation annotator="Mike Bada" id="organism_Instance_47977" type="identity">
            <class id="NCBITaxon:10088" label="Mus"/>
            <span end="27391" id="16504143-10820" start="27386">mouse</span>
        </annotation>
        <annotation annotator="Mike Bada" id="organism_Instance_47987" type="identity">
            <class id="NCBITaxon:10088" label="Mus"/>
            <span end="27714" id="16504143-10822" start="27710">mice</span>
        </annotation>
        <annotation annotator="Mike Bada" id="organism_Instance_47992" type="identity">
            <class id="NCBITaxon:10088" label="Mus"/>
            <span end="27854" id="16504143-10824" start="27850">mice</span>
        </annotation>
        <annotation annotator="Mike Bada" id="organism_Instance_47997" type="identity">
            <class id="NCBITaxon:10088" label="Mus"/>
            <span end="28050" id="16504143-10826" start="28046">mice</span>
        </annotation>
        <annotation annotator="Mike Bada" id="organism_Instance_48002" type="identity">
            <class id="NCBITaxon:10088" label="Mus"/>
            <span end="28388" id="16504143-10828" start="28384">mice</span>
        </annotation>
        <annotation annotator="Mike Bada" id="organism_Instance_48007" type="identity">
            <class id="NCBITaxon:10088" label="Mus"/>
            <span end="28519" id="16504143-10830" start="28515">mice</span>
        </annotation>
        <annotation annotator="Mike Bada" id="organism_Instance_48012" type="identity">
            <class id="NCBITaxon:10088" label="Mus"/>
            <span end="28625" id="16504143-10832" start="28621">mice</span>
        </annotation>
        <annotation annotator="Mike Bada" id="organism_Instance_48017" type="identity">
            <class id="NCBITaxon:10088" label="Mus"/>
            <span end="28734" id="16504143-10834" start="28730">mice</span>
        </annotation>
        <annotation annotator="Mike Bada" id="organism_Instance_48022" type="identity">
            <class id="NCBITaxon:10088" label="Mus"/>
            <span end="28930" id="16504143-10836" start="28926">mice</span>
        </annotation>
        <graph-space id="Old Knowtator Relations"/>
    </document>
</knowtator-project>
