<?xml version="1.0" encoding="UTF-8" standalone="no"?>
<knowtator-project>
  <document id="16579849" text-file="16579849.txt">
    <annotation annotator="Mike Bada" id="organism_Instance_49816" type="identity">
      <class id="NCBITaxon:39107" label="Murinae"/>
      <span end="41" id="16579849-11459" start="35">murine</span>
    </annotation>
    <annotation annotator="Mike Bada" id="organism_Instance_230307" type="identity">
      <class id="NCBITaxon:4022" label="Acer"/>
      <span end="82" id="16579849-11427" start="77">maple</span>
    </annotation>
    <annotation annotator="Mike Bada" id="organism_Instance_230312" type="identity">
      <class id="NCBITaxon:4022" label="Acer"/>
      <span end="131" id="16579849-11429" start="126">Maple</span>
    </annotation>
    <annotation annotator="Mike Bada" id="organism_Instance_49821" type="identity">
      <class id="NCBITaxon:33208" label="Metazoa"/>
      <span end="514" id="16579849-11461" start="508">animal</span>
    </annotation>
    <annotation annotator="Mike Bada" id="organism_Instance_49826" type="identity">
      <class id="NCBITaxon:39107" label="Murinae"/>
      <span end="550" id="16579849-11463" start="544">murine</span>
    </annotation>
    <annotation annotator="Mike Bada" id="organism_Instance_49831" type="identity">
      <class id="NCBITaxon:10088" label="Mus"/>
      <span end="651" id="16579849-11465" start="646">mouse</span>
    </annotation>
    <annotation annotator="Mike Bada" id="organism_Instance_49836" type="identity">
      <class id="NCBITaxon:39107" label="Murinae"/>
      <span end="759" id="16579849-11467" start="753">murine</span>
    </annotation>
    <annotation annotator="Mike Bada" id="organism_Instance_49841" type="identity">
      <class id="NCBITaxon:9606" label="Homo sapiens"/>
      <span end="836" id="16579849-11469" start="831">human</span>
    </annotation>
    <annotation annotator="Mike Bada" id="organism_Instance_49846" type="identity">
      <class id="NCBITaxon:10088" label="Mus"/>
      <span end="877" id="16579849-11471" start="873">Mice</span>
    </annotation>
    <annotation annotator="Mike Bada" id="organism_Instance_49851" type="identity">
      <class id="NCBITaxon:33208" label="Metazoa"/>
      <span end="959" id="16579849-11473" start="953">animal</span>
    </annotation>
    <annotation annotator="Mike Bada" id="organism_Instance_49856" type="identity">
      <class id="NCBITaxon:10088" label="Mus"/>
      <span end="1087" id="16579849-11475" start="1082">mouse</span>
    </annotation>
    <annotation annotator="Mike Bada" id="organism_Instance_49861" type="identity">
      <class id="NCBITaxon:10088" label="Mus"/>
      <span end="1139" id="16579849-11477" start="1135">mice</span>
    </annotation>
    <annotation annotator="Mike Bada" id="organism_Instance_49866" type="identity">
      <class id="NCBITaxon:9606" label="Homo sapiens"/>
      <span end="1379" id="16579849-11479" start="1374">human</span>
    </annotation>
    <annotation annotator="Mike Bada" id="organism_Instance_49871" type="identity">
      <class id="NCBITaxon:33208" label="Metazoa"/>
      <span end="1427" id="16579849-11481" start="1420">animals</span>
    </annotation>
    <annotation annotator="Mike Bada" id="organism_Instance_49876" type="identity">
      <class id="NCBITaxon:10088" label="Mus"/>
      <span end="1720" id="16579849-11483" start="1715">mouse</span>
    </annotation>
    <annotation annotator="Mike Bada" id="organism_Instance_49881" type="identity">
      <class id="NCBITaxon:10088" label="Mus"/>
      <span end="1751" id="16579849-11485" start="1747">mice</span>
    </annotation>
    <annotation annotator="Mike Bada" id="organism_Instance_49886" type="identity">
      <class id="NCBITaxon:33208" label="Metazoa"/>
      <span end="1778" id="16579849-11487" start="1772">animal</span>
    </annotation>
    <annotation annotator="Mike Bada" id="organism_Instance_230267" type="identity">
      <class id="NCBITaxon:9606" label="Homo sapiens"/>
      <span end="1834" id="16579849-11423" start="1828">humans</span>
    </annotation>
    <annotation annotator="Mike Bada" id="organism_Instance_49891" type="identity">
      <class id="NCBITaxon:33208" label="Metazoa"/>
      <span end="1897" id="16579849-11489" start="1890">animals</span>
    </annotation>
    <annotation annotator="Mike Bada" id="organism_Instance_230318" type="identity">
      <class id="NCBITaxon:4022" label="Acer"/>
      <span end="2126" id="16579849-11431" start="2121">Maple</span>
    </annotation>
    <annotation annotator="Mike Bada" id="organism_Instance_49896" type="identity">
      <class id="NCBITaxon:9606" label="Homo sapiens"/>
      <span end="4976" id="16579849-11491" start="4971">human</span>
    </annotation>
    <annotation annotator="Mike Bada" id="organism_Instance_49901" type="identity">
      <class id="NCBITaxon:33208" label="Metazoa"/>
      <span end="5736" id="16579849-11493" start="5730">animal</span>
    </annotation>
    <annotation annotator="Mike Bada" id="NCBITAXON_2015_03_02_backup_Instance_20378" type="identity">
      <class id="NCBITaxon_UBERON_EXT:calf" label="calf"/>
      <span end="5809" id="16579849-11383" start="5805">calf</span>
    </annotation>
    <annotation annotator="Mike Bada" id="organism_Instance_49906" type="identity">
      <class id="NCBITaxon:33208" label="Metazoa"/>
      <span end="5978" id="16579849-11495" start="5972">animal</span>
    </annotation>
    <annotation annotator="Mike Bada" id="organism_Instance_49911" type="identity">
      <class id="NCBITaxon:9606" label="Homo sapiens"/>
      <span end="5995" id="16579849-11497" start="5990">human</span>
    </annotation>
    <annotation annotator="Mike Bada" id="organism_Instance_49916" type="identity">
      <class id="NCBITaxon:33208" label="Metazoa"/>
      <span end="6083" id="16579849-11499" start="6077">animal</span>
    </annotation>
    <annotation annotator="Mike Bada" id="organism_Instance_49921" type="identity">
      <class id="NCBITaxon:9606" label="Homo sapiens"/>
      <span end="6120" id="16579849-11501" start="6115">human</span>
    </annotation>
    <annotation annotator="Mike Bada" id="organism_Instance_49926" type="identity">
      <class id="NCBITaxon:10088" label="Mus"/>
      <span end="6191" id="16579849-11503" start="6186">mouse</span>
    </annotation>
    <annotation annotator="Mike Bada" id="organism_Instance_49931" type="identity">
      <class id="NCBITaxon:9606" label="Homo sapiens"/>
      <span end="6227" id="16579849-11505" start="6222">human</span>
    </annotation>
    <annotation annotator="Mike Bada" id="organism_Instance_49936" type="identity">
      <class id="NCBITaxon:10088" label="Mus"/>
      <span end="6498" id="16579849-11507" start="6493">mouse</span>
    </annotation>
    <annotation annotator="Mike Bada" id="organism_Instance_49941" type="identity">
      <class id="NCBITaxon:9606" label="Homo sapiens"/>
      <span end="6522" id="16579849-11509" start="6517">human</span>
    </annotation>
    <annotation annotator="Mike Bada" id="organism_Instance_49946" type="identity">
      <class id="NCBITaxon:39107" label="Murinae"/>
      <span end="6624" id="16579849-11511" start="6618">murine</span>
    </annotation>
    <annotation annotator="Mike Bada" id="organism_Instance_49951" type="identity">
      <class id="NCBITaxon:9606" label="Homo sapiens"/>
      <span end="6723" id="16579849-11513" start="6718">human</span>
    </annotation>
    <annotation annotator="Mike Bada" id="organism_Instance_49956" type="identity">
      <class id="NCBITaxon:39107" label="Murinae"/>
      <span end="7043" id="16579849-11515" start="7037">murine</span>
    </annotation>
    <annotation annotator="Mike Bada" id="organism_Instance_49961" type="identity">
      <class id="NCBITaxon:33208" label="Metazoa"/>
      <span end="7236" id="16579849-11517" start="7229">animals</span>
    </annotation>
    <annotation annotator="Mike Bada" id="organism_Instance_49966" type="identity">
      <class id="NCBITaxon:33208" label="Metazoa"/>
      <span end="7318" id="16579849-11519" start="7312">Animal</span>
    </annotation>
    <annotation annotator="Mike Bada" id="NCBITAXON_2015_03_02_Instance_30028" type="identity">
      <class id="NCBITaxon:10678" label="Escherichia virus P1"/>
      <span end="7517" id="16579849-11421" start="7509">P1 phage</span>
    </annotation>
    <annotation annotator="Mike Bada" id="organism_Instance_49971" type="identity">
      <class id="NCBITaxon:10088" label="Mus"/>
      <span end="7581" id="16579849-11521" start="7576">Mouse</span>
    </annotation>
    <annotation annotator="Mike Bada" id="organism_Instance_49976" type="identity">
      <class id="NCBITaxon:10088" label="Mus"/>
      <span end="8420" id="16579849-11523" start="8416">mice</span>
    </annotation>
    <annotation annotator="Mike Bada" id="organism_Instance_49981" type="identity">
      <class id="NCBITaxon:10088" label="Mus"/>
      <span end="8603" id="16579849-11525" start="8599">mice</span>
    </annotation>
    <annotation annotator="Mike Bada" id="organism_Instance_49986" type="identity">
      <class id="NCBITaxon:10088" label="Mus"/>
      <span end="8691" id="16579849-11527" start="8687">mice</span>
    </annotation>
    <annotation annotator="Mike Bada" id="organism_Instance_49991" type="identity">
      <class id="NCBITaxon:33208" label="Metazoa"/>
      <span end="8737" id="16579849-11529" start="8730">animals</span>
    </annotation>
    <annotation annotator="Mike Bada" id="organism_Instance_49996" type="identity">
      <class id="NCBITaxon:10088" label="Mus"/>
      <span end="8835" id="16579849-11531" start="8830">mouse</span>
    </annotation>
    <annotation annotator="Mike Bada" id="organism_Instance_50001" type="identity">
      <class id="NCBITaxon:10088" label="Mus"/>
      <span end="8915" id="16579849-11533" start="8910">mouse</span>
    </annotation>
    <annotation annotator="Mike Bada" id="organism_Instance_50006" type="identity">
      <class id="NCBITaxon:10088" label="Mus"/>
      <span end="9636" id="16579849-11535" start="9632">mice</span>
    </annotation>
    <annotation annotator="Mike Bada" id="organism_Instance_50011" type="identity">
      <class id="NCBITaxon:10088" label="Mus"/>
      <span end="9818" id="16579849-11537" start="9813">mouse</span>
    </annotation>
    <annotation annotator="Mike Bada" id="NCBITAXON_2015_03_02_backup_Instance_21110" type="identity">
      <class id="NCBITaxon_UBERON_EXT:pup" label="pup"/>
      <span end="9823" id="16579849-11387" start="9819">pups</span>
    </annotation>
    <annotation annotator="Mike Bada" id="organism_Instance_50016" type="identity">
      <class id="NCBITaxon:10088" label="Mus"/>
      <span end="10007" id="16579849-11539" start="10002">mouse</span>
    </annotation>
    <annotation annotator="Mike Bada" id="organism_Instance_50021" type="identity">
      <class id="NCBITaxon:10088" label="Mus"/>
      <span end="10092" id="16579849-11541" start="10087">mouse</span>
    </annotation>
    <annotation annotator="Mike Bada" id="organism_Instance_230292" type="identity">
      <class id="NCBITaxon:10088" label="Mus"/>
      <span end="10313" id="16579849-11425" start="10309">mice</span>
    </annotation>
    <annotation annotator="Mike Bada" id="organism_Instance_230328" type="identity">
      <class id="NCBITaxon:10359" label="Human betaherpesvirus 5"/>
      <span end="10458" id="16579849-11433" start="10454">hCMV</span>
    </annotation>
    <annotation annotator="Mike Bada" id="organism_Instance_230333" type="identity">
      <class id="NCBITaxon:10359" label="Human betaherpesvirus 5"/>
      <span end="10546" id="16579849-11435" start="10542">hCMV</span>
    </annotation>
    <annotation annotator="Mike Bada" id="organism_Instance_50026" type="identity">
      <class id="NCBITaxon:9606" label="Homo sapiens"/>
      <span end="10785" id="16579849-11543" start="10780">human</span>
    </annotation>
    <annotation annotator="Mike Bada" id="organism_Instance_50031" type="identity">
      <class id="NCBITaxon:10633" label="Macaca mulatta polyomavirus 1"/>
      <span end="10941" id="16579849-11545" start="10937">SV40</span>
    </annotation>
    <annotation annotator="Mike Bada" id="organism_Instance_50036" type="identity">
      <class id="NCBITaxon:10088" label="Mus"/>
      <span end="11192" id="16579849-11547" start="11187">mouse</span>
    </annotation>
    <annotation annotator="Mike Bada" id="organism_Instance_50041" type="identity">
      <class id="NCBITaxon:10088" label="Mus"/>
      <span end="11348" id="16579849-11549" start="11344">mice</span>
    </annotation>
    <annotation annotator="Mike Bada" id="organism_Instance_50046" type="identity">
      <class id="NCBITaxon:10633" label="Macaca mulatta polyomavirus 1"/>
      <span end="11478" id="16579849-11551" start="11474">SV40</span>
    </annotation>
    <annotation annotator="Mike Bada" id="organism_Instance_50051" type="identity">
      <class id="NCBITaxon:39107" label="Murinae"/>
      <span end="11551" id="16579849-11553" start="11545">murine</span>
    </annotation>
    <annotation annotator="Mike Bada" id="organism_Instance_50056" type="identity">
      <class id="NCBITaxon:10088" label="Mus"/>
      <span end="11636" id="16579849-11555" start="11632">mice</span>
    </annotation>
    <annotation annotator="Mike Bada" id="organism_Instance_50061" type="identity">
      <class id="NCBITaxon:33208" label="Metazoa"/>
      <span end="11840" id="16579849-11557" start="11833">animals</span>
    </annotation>
    <annotation annotator="Mike Bada" id="organism_Instance_50066" type="identity">
      <class id="NCBITaxon:10088" label="Mus"/>
      <span end="11935" id="16579849-11559" start="11931">mice</span>
    </annotation>
    <annotation annotator="Mike Bada" id="organism_Instance_50071" type="identity">
      <class id="NCBITaxon:33208" label="Metazoa"/>
      <span end="11986" id="16579849-11561" start="11979">animals</span>
    </annotation>
    <annotation annotator="Mike Bada" id="organism_Instance_50076" type="identity">
      <class id="NCBITaxon:33208" label="Metazoa"/>
      <span end="12247" id="16579849-11563" start="12240">animals</span>
    </annotation>
    <annotation annotator="Mike Bada" id="organism_Instance_50081" type="identity">
      <class id="NCBITaxon:10088" label="Mus"/>
      <span end="12336" id="16579849-11565" start="12332">mice</span>
    </annotation>
    <annotation annotator="Mike Bada" id="organism_Instance_50086" type="identity">
      <class id="NCBITaxon:10088" label="Mus"/>
      <span end="12613" id="16579849-11567" start="12608">mouse</span>
    </annotation>
    <annotation annotator="Mike Bada" id="organism_Instance_50091" type="identity">
      <class id="NCBITaxon:9925" label="Capra hircus"/>
      <span end="13011" id="16579849-11569" start="13007">goat</span>
    </annotation>
    <annotation annotator="Mike Bada" id="NCBITAXON_2015_03_02_backup_Instance_21115" type="identity">
      <class id="NCBITaxon_UBERON_EXT:pup" label="pup"/>
      <span end="13412" id="16579849-11389" start="13408">pups</span>
    </annotation>
    <annotation annotator="Mike Bada" id="organism_Instance_50096" type="identity">
      <class id="NCBITaxon:10088" label="Mus"/>
      <span end="13776" id="16579849-11571" start="13772">mice</span>
    </annotation>
    <annotation annotator="Mike Bada" id="NCBITAXON_2015_03_02_backup_Instance_21120" type="identity">
      <class id="NCBITaxon_UBERON_EXT:pup" label="pup"/>
      <span end="14486" id="16579849-11391" start="14482">pups</span>
    </annotation>
    <annotation annotator="Mike Bada" id="organism_Instance_50101" type="identity">
      <class id="NCBITaxon:10088" label="Mus"/>
      <span end="15262" id="16579849-11573" start="15258">mice</span>
    </annotation>
    <annotation annotator="Mike Bada" id="organism_Instance_50106" type="identity">
      <class id="NCBITaxon:9986" label="Oryctolagus cuniculus"/>
      <span end="15511" id="16579849-11575" start="15505">rabbit</span>
    </annotation>
    <annotation annotator="Mike Bada" id="organism_Instance_50111" type="identity">
      <class id="NCBITaxon:10088" label="Mus"/>
      <span end="15559" id="16579849-11577" start="15554">mouse</span>
    </annotation>
    <annotation annotator="Mike Bada" id="organism_Instance_50116" type="identity">
      <class id="NCBITaxon:9606" label="Homo sapiens"/>
      <span end="15578" id="16579849-11579" start="15573">human</span>
    </annotation>
    <annotation annotator="Mike Bada" id="organism_Instance_50121" type="identity">
      <class id="NCBITaxon:9986" label="Oryctolagus cuniculus"/>
      <span end="15694" id="16579849-11581" start="15688">rabbit</span>
    </annotation>
    <annotation annotator="Mike Bada" id="organism_Instance_50136" type="identity">
      <class id="NCBITaxon:9925" label="Capra hircus"/>
      <span end="15909" id="16579849-11583" start="15905">goat</span>
    </annotation>
    <annotation annotator="Mike Bada" id="organism_Instance_230343" type="identity">
      <class id="NCBITaxon:9986" label="Oryctolagus cuniculus"/>
      <span end="15921" id="16579849-11437" start="15915">rabbit</span>
    </annotation>
    <annotation annotator="Mike Bada" id="organism_Instance_50141" type="identity">
      <class id="NCBITaxon:3704" label="Armoracia rusticana"/>
      <span end="15966" id="16579849-11585" start="15955">horseradish</span>
    </annotation>
    <annotation annotator="Mike Bada" id="organism_Instance_230349" type="identity">
      <class id="NCBITaxon:10088" label="Mus"/>
      <span end="16405" id="16579849-11439" start="16401">mice</span>
    </annotation>
    <annotation annotator="Mike Bada" id="organism_Instance_50151" type="identity">
      <class id="NCBITaxon:10088" label="Mus"/>
      <span end="16433" id="16579849-11587" start="16429">mice</span>
    </annotation>
    <annotation annotator="Mike Bada" id="organism_Instance_50156" type="identity">
      <class id="NCBITaxon:10088" label="Mus"/>
      <span end="16466" id="16579849-11589" start="16461">mouse</span>
    </annotation>
    <annotation annotator="Mike Bada" id="organism_Instance_50161" type="identity">
      <class id="NCBITaxon:10088" label="Mus"/>
      <span end="17458" id="16579849-11591" start="17454">mice</span>
    </annotation>
    <annotation annotator="Mike Bada" id="organism_Instance_50166" type="identity">
      <class id="NCBITaxon:10088" label="Mus"/>
      <span end="17496" id="16579849-11593" start="17492">mice</span>
    </annotation>
    <annotation annotator="Mike Bada" id="organism_Instance_50171" type="identity">
      <class id="NCBITaxon:10088" label="Mus"/>
      <span end="17571" id="16579849-11595" start="17567">mice</span>
    </annotation>
    <annotation annotator="Mike Bada" id="organism_Instance_50176" type="identity">
      <class id="NCBITaxon:33208" label="Metazoa"/>
      <span end="17662" id="16579849-11597" start="17655">animals</span>
    </annotation>
    <annotation annotator="Mike Bada" id="organism_Instance_50181" type="identity">
      <class id="NCBITaxon:10088" label="Mus"/>
      <span end="17668" id="16579849-11599" start="17664">Mice</span>
    </annotation>
    <annotation annotator="Mike Bada" id="organism_Instance_50186" type="identity">
      <class id="NCBITaxon:10088" label="Mus"/>
      <span end="17802" id="16579849-11601" start="17798">mice</span>
    </annotation>
    <annotation annotator="Mike Bada" id="organism_Instance_50191" type="identity">
      <class id="NCBITaxon:10088" label="Mus"/>
      <span end="17838" id="16579849-11603" start="17834">mice</span>
    </annotation>
    <annotation annotator="Mike Bada" id="organism_Instance_50196" type="identity">
      <class id="NCBITaxon:10088" label="Mus"/>
      <span end="17882" id="16579849-11605" start="17878">mice</span>
    </annotation>
    <annotation annotator="Mike Bada" id="organism_Instance_230354" type="identity">
      <class id="NCBITaxon:10088" label="Mus"/>
      <span end="17899" id="16579849-11441" start="17895">Mice</span>
    </annotation>
    <annotation annotator="Mike Bada" id="NCBITAXON_2015_03_02_backup_Instance_21125" type="identity">
      <class id="NCBITaxon_UBERON_EXT:pup" label="pup"/>
      <span end="17993" id="16579849-11393" start="17989">pups</span>
    </annotation>
    <annotation annotator="Mike Bada" id="organism_Instance_50201" type="identity">
      <class id="NCBITaxon:10088" label="Mus"/>
      <span end="18062" id="16579849-11607" start="18058">mice</span>
    </annotation>
    <annotation annotator="Mike Bada" id="organism_Instance_50206" type="identity">
      <class id="NCBITaxon:33208" label="Metazoa"/>
      <span end="18141" id="16579849-11609" start="18134">animals</span>
    </annotation>
    <annotation annotator="Mike Bada" id="organism_Instance_50211" type="identity">
      <class id="NCBITaxon:10088" label="Mus"/>
      <span end="18330" id="16579849-11611" start="18326">mice</span>
    </annotation>
    <annotation annotator="Mike Bada" id="NCBITAXON_2015_03_02_backup_Instance_21130" type="identity">
      <class id="NCBITaxon_UBERON_EXT:pup" label="pup"/>
      <span end="18405" id="16579849-11395" start="18401">pups</span>
    </annotation>
    <annotation annotator="Mike Bada" id="NCBITAXON_2015_03_02_backup_Instance_21135" type="identity">
      <class id="NCBITaxon_UBERON_EXT:pup" label="pup"/>
      <span end="18566" id="16579849-11397" start="18562">pups</span>
    </annotation>
    <annotation annotator="Mike Bada" id="NCBITAXON_2015_03_02_backup_Instance_21140" type="identity">
      <class id="NCBITaxon_UBERON_EXT:pup" label="pup"/>
      <span end="18717" id="16579849-11399" start="18713">pups</span>
    </annotation>
    <annotation annotator="Mike Bada" id="NCBITAXON_2015_03_02_backup_Instance_21145" type="identity">
      <class id="NCBITaxon_UBERON_EXT:pup" label="pup"/>
      <span end="18782" id="16579849-11401" start="18779">pup</span>
    </annotation>
    <annotation annotator="Mike Bada" id="NCBITAXON_2015_03_02_backup_Instance_21150" type="identity">
      <class id="NCBITaxon_UBERON_EXT:pup" label="pup"/>
      <span end="18867" id="16579849-11403" start="18864">pup</span>
    </annotation>
    <annotation annotator="Mike Bada" id="organism_Instance_50216" type="identity">
      <class id="NCBITaxon:10088" label="Mus"/>
      <span end="18898" id="16579849-11613" start="18894">mice</span>
    </annotation>
    <annotation annotator="Mike Bada" id="organism_Instance_50221" type="identity">
      <class id="NCBITaxon:10088" label="Mus"/>
      <span end="19080" id="16579849-11615" start="19075">mouse</span>
    </annotation>
    <annotation annotator="Mike Bada" id="NCBITAXON_2015_03_02_backup_Instance_21155" type="identity">
      <class id="NCBITaxon_UBERON_EXT:pup" label="pup"/>
      <span end="19085" id="16579849-11405" start="19081">pups</span>
    </annotation>
    <annotation annotator="Mike Bada" id="organism_Instance_50226" type="identity">
      <class id="NCBITaxon:10088" label="Mus"/>
      <span end="19177" id="16579849-11617" start="19173">mice</span>
    </annotation>
    <annotation annotator="Mike Bada" id="organism_Instance_50231" type="identity">
      <class id="NCBITaxon:10088" label="Mus"/>
      <span end="19271" id="16579849-11619" start="19266">mouse</span>
    </annotation>
    <annotation annotator="Mike Bada" id="organism_Instance_50236" type="identity">
      <class id="NCBITaxon:10088" label="Mus"/>
      <span end="19318" id="16579849-11621" start="19314">mice</span>
    </annotation>
    <annotation annotator="Mike Bada" id="organism_Instance_50241" type="identity">
      <class id="NCBITaxon:10088" label="Mus"/>
      <span end="19418" id="16579849-11623" start="19414">mice</span>
    </annotation>
    <annotation annotator="Mike Bada" id="organism_Instance_230359" type="identity">
      <class id="NCBITaxon:9606" label="Homo sapiens"/>
      <span end="19457" id="16579849-11443" start="19451">humans</span>
    </annotation>
    <annotation annotator="Mike Bada" id="organism_Instance_50246" type="identity">
      <class id="NCBITaxon:39107" label="Murinae"/>
      <span end="19547" id="16579849-11625" start="19541">murine</span>
    </annotation>
    <annotation annotator="Mike Bada" id="organism_Instance_50251" type="identity">
      <class id="NCBITaxon:10088" label="Mus"/>
      <span end="19679" id="16579849-11627" start="19675">mice</span>
    </annotation>
    <annotation annotator="Mike Bada" id="organism_Instance_50256" type="identity">
      <class id="NCBITaxon:10088" label="Mus"/>
      <span end="19849" id="16579849-11629" start="19845">mice</span>
    </annotation>
    <annotation annotator="Mike Bada" id="organism_Instance_50261" type="identity">
      <class id="NCBITaxon:10088" label="Mus"/>
      <span end="19964" id="16579849-11631" start="19960">mice</span>
    </annotation>
    <annotation annotator="Mike Bada" id="organism_Instance_50266" type="identity">
      <class id="NCBITaxon:10088" label="Mus"/>
      <span end="20068" id="16579849-11633" start="20064">mice</span>
    </annotation>
    <annotation annotator="Mike Bada" id="organism_Instance_50271" type="identity">
      <class id="NCBITaxon:10088" label="Mus"/>
      <span end="20119" id="16579849-11635" start="20115">mice</span>
    </annotation>
    <annotation annotator="Mike Bada" id="organism_Instance_50276" type="identity">
      <class id="NCBITaxon:10088" label="Mus"/>
      <span end="20148" id="16579849-11637" start="20144">mice</span>
    </annotation>
    <annotation annotator="Mike Bada" id="organism_Instance_50281" type="identity">
      <class id="NCBITaxon:10088" label="Mus"/>
      <span end="20202" id="16579849-11639" start="20198">mice</span>
    </annotation>
    <annotation annotator="Mike Bada" id="organism_Instance_50286" type="identity">
      <class id="NCBITaxon:10088" label="Mus"/>
      <span end="20413" id="16579849-11641" start="20409">mice</span>
    </annotation>
    <annotation annotator="Mike Bada" id="organism_Instance_50291" type="identity">
      <class id="NCBITaxon:10088" label="Mus"/>
      <span end="20529" id="16579849-11643" start="20525">mice</span>
    </annotation>
    <annotation annotator="Mike Bada" id="organism_Instance_50296" type="identity">
      <class id="NCBITaxon:10088" label="Mus"/>
      <span end="20621" id="16579849-11645" start="20617">mice</span>
    </annotation>
    <annotation annotator="Mike Bada" id="organism_Instance_50301" type="identity">
      <class id="NCBITaxon:10088" label="Mus"/>
      <span end="20651" id="16579849-11647" start="20647">mice</span>
    </annotation>
    <annotation annotator="Mike Bada" id="organism_Instance_50306" type="identity">
      <class id="NCBITaxon:10088" label="Mus"/>
      <span end="20997" id="16579849-11649" start="20993">mice</span>
    </annotation>
    <annotation annotator="Mike Bada" id="organism_Instance_50311" type="identity">
      <class id="NCBITaxon:10088" label="Mus"/>
      <span end="21146" id="16579849-11651" start="21142">mice</span>
    </annotation>
    <annotation annotator="Mike Bada" id="organism_Instance_50316" type="identity">
      <class id="NCBITaxon:10088" label="Mus"/>
      <span end="21363" id="16579849-11653" start="21359">mice</span>
    </annotation>
    <annotation annotator="Mike Bada" id="organism_Instance_50321" type="identity">
      <class id="NCBITaxon:10088" label="Mus"/>
      <span end="21418" id="16579849-11655" start="21414">mice</span>
    </annotation>
    <annotation annotator="Mike Bada" id="organism_Instance_50326" type="identity">
      <class id="NCBITaxon:10088" label="Mus"/>
      <span end="21467" id="16579849-11657" start="21463">mice</span>
    </annotation>
    <annotation annotator="Mike Bada" id="organism_Instance_50331" type="identity">
      <class id="NCBITaxon:10088" label="Mus"/>
      <span end="21504" id="16579849-11659" start="21500">mice</span>
    </annotation>
    <annotation annotator="Mike Bada" id="NCBITAXON_2015_03_02_backup_Instance_21160" type="identity">
      <class id="NCBITaxon_UBERON_EXT:pup" label="pup"/>
      <span end="21942" id="16579849-11407" start="21938">pups</span>
    </annotation>
    <annotation annotator="Mike Bada" id="organism_Instance_50338" type="identity">
      <class id="NCBITaxon:10088" label="Mus"/>
      <span end="22420" id="16579849-11661" start="22416">mice</span>
    </annotation>
    <annotation annotator="Mike Bada" id="organism_Instance_230364" type="identity">
      <class id="NCBITaxon:9606" label="Homo sapiens"/>
      <span end="22675" id="16579849-11445" start="22669">humans</span>
    </annotation>
    <annotation annotator="Mike Bada" id="organism_Instance_50343" type="identity">
      <class id="NCBITaxon:10088" label="Mus"/>
      <span end="22729" id="16579849-11663" start="22725">mice</span>
    </annotation>
    <annotation annotator="Mike Bada" id="organism_Instance_50348" type="identity">
      <class id="NCBITaxon:10088" label="Mus"/>
      <span end="22772" id="16579849-11665" start="22768">mice</span>
    </annotation>
    <annotation annotator="Mike Bada" id="organism_Instance_50353" type="identity">
      <class id="NCBITaxon:9606" label="Homo sapiens"/>
      <span end="22791" id="16579849-11667" start="22786">human</span>
    </annotation>
    <annotation annotator="Mike Bada" id="organism_Instance_50358" type="identity">
      <class id="NCBITaxon:39107" label="Murinae"/>
      <span end="22883" id="16579849-11669" start="22877">murine</span>
    </annotation>
    <annotation annotator="Mike Bada" id="organism_Instance_50363" type="identity">
      <class id="NCBITaxon:10088" label="Mus"/>
      <span end="23061" id="16579849-11671" start="23056">mouse</span>
    </annotation>
    <annotation annotator="Mike Bada" id="organism_Instance_50368" type="identity">
      <class id="NCBITaxon:9606" label="Homo sapiens"/>
      <span end="23143" id="16579849-11673" start="23138">human</span>
    </annotation>
    <annotation annotator="Mike Bada" id="organism_Instance_50373" type="identity">
      <class id="NCBITaxon:9606" label="Homo sapiens"/>
      <span end="23577" id="16579849-11675" start="23572">human</span>
    </annotation>
    <annotation annotator="Mike Bada" id="organism_Instance_50378" type="identity">
      <class id="NCBITaxon:10088" label="Mus"/>
      <span end="23677" id="16579849-11677" start="23672">mouse</span>
    </annotation>
    <annotation annotator="Mike Bada" id="organism_Instance_50383" type="identity">
      <class id="NCBITaxon:10088" label="Mus"/>
      <span end="23754" id="16579849-11679" start="23750">mice</span>
    </annotation>
    <annotation annotator="Mike Bada" id="organism_Instance_50388" type="identity">
      <class id="NCBITaxon:9606" label="Homo sapiens"/>
      <span end="23773" id="16579849-11681" start="23768">human</span>
    </annotation>
    <annotation annotator="Mike Bada" id="organism_Instance_50393" type="identity">
      <class id="NCBITaxon:10088" label="Mus"/>
      <span end="23801" id="16579849-11683" start="23797">mice</span>
    </annotation>
    <annotation annotator="Mike Bada" id="organism_Instance_50398" type="identity">
      <class id="NCBITaxon:10088" label="Mus"/>
      <span end="23849" id="16579849-11685" start="23845">mice</span>
    </annotation>
    <annotation annotator="Mike Bada" id="organism_Instance_50403" type="identity">
      <class id="NCBITaxon:9606" label="Homo sapiens"/>
      <span end="24081" id="16579849-11687" start="24076">human</span>
    </annotation>
    <annotation annotator="Mike Bada" id="organism_Instance_50408" type="identity">
      <class id="NCBITaxon:10633" label="Macaca mulatta polyomavirus 1"/>
      <span end="24139" id="16579849-11689" start="24135">SV40</span>
    </annotation>
    <annotation annotator="Mike Bada" id="organism_Instance_50413" type="identity">
      <class id="NCBITaxon:10088" label="Mus"/>
      <span end="24240" id="16579849-11691" start="24236">mice</span>
    </annotation>
    <annotation annotator="Mike Bada" id="organism_Instance_50418" type="identity">
      <class id="NCBITaxon:10088" label="Mus"/>
      <span end="24327" id="16579849-11693" start="24323">mice</span>
    </annotation>
    <annotation annotator="Mike Bada" id="organism_Instance_50423" type="identity">
      <class id="NCBITaxon:9606" label="Homo sapiens"/>
      <span end="24358" id="16579849-11695" start="24353">human</span>
    </annotation>
    <annotation annotator="Mike Bada" id="organism_Instance_50428" type="identity">
      <class id="NCBITaxon:10088" label="Mus"/>
      <span end="24399" id="16579849-11697" start="24395">mice</span>
    </annotation>
    <annotation annotator="Mike Bada" id="organism_Instance_50433" type="identity">
      <class id="NCBITaxon:33208" label="Metazoa"/>
      <span end="24462" id="16579849-11699" start="24455">animals</span>
    </annotation>
    <annotation annotator="Mike Bada" id="organism_Instance_50438" type="identity">
      <class id="NCBITaxon:10088" label="Mus"/>
      <span end="24508" id="16579849-11701" start="24503">mouse</span>
    </annotation>
    <annotation annotator="Mike Bada" id="organism_Instance_50443" type="identity">
      <class id="NCBITaxon:33208" label="Metazoa"/>
      <span end="24542" id="16579849-11703" start="24535">animals</span>
    </annotation>
    <annotation annotator="Mike Bada" id="organism_Instance_50448" type="identity">
      <class id="NCBITaxon:9606" label="Homo sapiens"/>
      <span end="24649" id="16579849-11705" start="24644">human</span>
    </annotation>
    <annotation annotator="Mike Bada" id="organism_Instance_50453" type="identity">
      <class id="NCBITaxon:10088" label="Mus"/>
      <span end="24671" id="16579849-11707" start="24667">mice</span>
    </annotation>
    <annotation annotator="Mike Bada" id="organism_Instance_50458" type="identity">
      <class id="NCBITaxon:10088" label="Mus"/>
      <span end="24950" id="16579849-11709" start="24946">mice</span>
    </annotation>
    <annotation annotator="Mike Bada" id="organism_Instance_50463" type="identity">
      <class id="NCBITaxon:10088" label="Mus"/>
      <span end="25086" id="16579849-11711" start="25082">mice</span>
    </annotation>
    <annotation annotator="Mike Bada" id="organism_Instance_50468" type="identity">
      <class id="NCBITaxon:33208" label="Metazoa"/>
      <span end="25463" id="16579849-11713" start="25456">animals</span>
    </annotation>
    <annotation annotator="Mike Bada" id="organism_Instance_50473" type="identity">
      <class id="NCBITaxon:10088" label="Mus"/>
      <span end="25823" id="16579849-11715" start="25819">mice</span>
    </annotation>
    <annotation annotator="Mike Bada" id="organism_Instance_50478" type="identity">
      <class id="NCBITaxon:10088" label="Mus"/>
      <span end="25893" id="16579849-11717" start="25889">mice</span>
    </annotation>
    <annotation annotator="Mike Bada" id="organism_Instance_50483" type="identity">
      <class id="NCBITaxon:10088" label="Mus"/>
      <span end="26036" id="16579849-11719" start="26032">mice</span>
    </annotation>
    <annotation annotator="Mike Bada" id="organism_Instance_50488" type="identity">
      <class id="NCBITaxon:33208" label="Metazoa"/>
      <span end="26342" id="16579849-11721" start="26335">animals</span>
    </annotation>
    <annotation annotator="Mike Bada" id="organism_Instance_50493" type="identity">
      <class id="NCBITaxon:10088" label="Mus"/>
      <span end="26476" id="16579849-11723" start="26472">mice</span>
    </annotation>
    <annotation annotator="Mike Bada" id="organism_Instance_50498" type="identity">
      <class id="NCBITaxon:10088" label="Mus"/>
      <span end="26657" id="16579849-11725" start="26653">mice</span>
    </annotation>
    <annotation annotator="Mike Bada" id="NCBITAXON_2015_03_02_backup_Instance_21165" type="identity">
      <class id="NCBITaxon_UBERON_EXT:pup" label="pup"/>
      <span end="26728" id="16579849-11409" start="26724">pups</span>
    </annotation>
    <annotation annotator="Mike Bada" id="organism_Instance_50503" type="identity">
      <class id="NCBITaxon:33208" label="Metazoa"/>
      <span end="27025" id="16579849-11727" start="27018">animals</span>
    </annotation>
    <annotation annotator="Mike Bada" id="NCBITAXON_2015_03_02_backup_Instance_21170" type="identity">
      <class id="NCBITaxon_UBERON_EXT:pup" label="pup"/>
      <span end="27072" id="16579849-11411" start="27068">pups</span>
    </annotation>
    <annotation annotator="Mike Bada" id="organism_Instance_50508" type="identity">
      <class id="NCBITaxon:10088" label="Mus"/>
      <span end="27133" id="16579849-11729" start="27127">murine</span>
    </annotation>
    <annotation annotator="Mike Bada" id="organism_Instance_50513" type="identity">
      <class id="NCBITaxon:10088" label="Mus"/>
      <span end="27223" id="16579849-11731" start="27219">mice</span>
    </annotation>
    <annotation annotator="Mike Bada" id="organism_Instance_50518" type="identity">
      <class id="NCBITaxon:33208" label="Metazoa"/>
      <span end="27523" id="16579849-11733" start="27516">animals</span>
    </annotation>
    <annotation annotator="Mike Bada" id="organism_Instance_50523" type="identity">
      <class id="NCBITaxon:10088" label="Mus"/>
      <span end="27652" id="16579849-11735" start="27648">mice</span>
    </annotation>
    <annotation annotator="Mike Bada" id="organism_Instance_50528" type="identity">
      <class id="NCBITaxon:10088" label="Mus"/>
      <span end="28028" id="16579849-11737" start="28024">mice</span>
    </annotation>
    <annotation annotator="Mike Bada" id="organism_Instance_50533" type="identity">
      <class id="NCBITaxon:10088" label="Mus"/>
      <span end="28087" id="16579849-11739" start="28083">mice</span>
    </annotation>
    <annotation annotator="Mike Bada" id="organism_Instance_50538" type="identity">
      <class id="NCBITaxon:10088" label="Mus"/>
      <span end="28122" id="16579849-11741" start="28118">mice</span>
    </annotation>
    <annotation annotator="Mike Bada" id="organism_Instance_50543" type="identity">
      <class id="NCBITaxon:10088" label="Mus"/>
      <span end="28440" id="16579849-11743" start="28436">mice</span>
    </annotation>
    <annotation annotator="Mike Bada" id="organism_Instance_50548" type="identity">
      <class id="NCBITaxon:10088" label="Mus"/>
      <span end="28600" id="16579849-11745" start="28596">mice</span>
    </annotation>
    <annotation annotator="Mike Bada" id="organism_Instance_50553" type="identity">
      <class id="NCBITaxon:10088" label="Mus"/>
      <span end="28743" id="16579849-11747" start="28739">mice</span>
    </annotation>
    <annotation annotator="Mike Bada" id="organism_Instance_50558" type="identity">
      <class id="NCBITaxon:10088" label="Mus"/>
      <span end="28779" id="16579849-11749" start="28775">mice</span>
    </annotation>
    <annotation annotator="Mike Bada" id="organism_Instance_50563" type="identity">
      <class id="NCBITaxon:10088" label="Mus"/>
      <span end="28999" id="16579849-11751" start="28995">mice</span>
    </annotation>
    <annotation annotator="Mike Bada" id="organism_Instance_50570" type="identity">
      <class id="NCBITaxon:10088" label="Mus"/>
      <span end="29246" id="16579849-11753" start="29242">mice</span>
    </annotation>
    <annotation annotator="Mike Bada" id="organism_Instance_50575" type="identity">
      <class id="NCBITaxon:9606" label="Homo sapiens"/>
      <span end="29301" id="16579849-11755" start="29296">human</span>
    </annotation>
    <annotation annotator="Mike Bada" id="organism_Instance_50580" type="identity">
      <class id="NCBITaxon:9606" label="Homo sapiens"/>
      <span end="29416" id="16579849-11757" start="29411">human</span>
    </annotation>
    <annotation annotator="Mike Bada" id="organism_Instance_50585" type="identity">
      <class id="NCBITaxon:9606" label="Homo sapiens"/>
      <span end="29658" id="16579849-11759" start="29653">human</span>
    </annotation>
    <annotation annotator="Mike Bada" id="organism_Instance_50590" type="identity">
      <class id="NCBITaxon:10088" label="Mus"/>
      <span end="29707" id="16579849-11761" start="29703">mice</span>
    </annotation>
    <annotation annotator="Mike Bada" id="organism_Instance_50595" type="identity">
      <class id="NCBITaxon:10088" label="Mus"/>
      <span end="29739" id="16579849-11763" start="29735">mice</span>
    </annotation>
    <annotation annotator="Mike Bada" id="organism_Instance_50600" type="identity">
      <class id="NCBITaxon:10088" label="Mus"/>
      <span end="29773" id="16579849-11765" start="29769">mice</span>
    </annotation>
    <annotation annotator="Mike Bada" id="organism_Instance_50605" type="identity">
      <class id="NCBITaxon:9606" label="Homo sapiens"/>
      <span end="29793" id="16579849-11767" start="29788">human</span>
    </annotation>
    <annotation annotator="Mike Bada" id="organism_Instance_50610" type="identity">
      <class id="NCBITaxon:10088" label="Mus"/>
      <span end="29843" id="16579849-11769" start="29838">mouse</span>
    </annotation>
    <annotation annotator="Mike Bada" id="organism_Instance_50615" type="identity">
      <class id="NCBITaxon:10088" label="Mus"/>
      <span end="29903" id="16579849-11771" start="29899">mice</span>
    </annotation>
    <annotation annotator="Mike Bada" id="organism_Instance_50620" type="identity">
      <class id="NCBITaxon:9606" label="Homo sapiens"/>
      <span end="30180" id="16579849-11773" start="30175">human</span>
    </annotation>
    <annotation annotator="Mike Bada" id="organism_Instance_230369" type="identity">
      <class id="NCBITaxon:562" label="Escherichia coli"/>
      <span end="30503" id="16579849-11447" start="30496">E. coli</span>
    </annotation>
    <annotation annotator="Mike Bada" id="organism_Instance_50625" type="identity">
      <class id="NCBITaxon:9606" label="Homo sapiens"/>
      <span end="30588" id="16579849-11775" start="30583">human</span>
    </annotation>
    <annotation annotator="Mike Bada" id="organism_Instance_50630" type="identity">
      <class id="NCBITaxon:10088" label="Mus"/>
      <span end="30642" id="16579849-11777" start="30637">mouse</span>
    </annotation>
    <annotation annotator="Mike Bada" id="organism_Instance_50635" type="identity">
      <class id="NCBITaxon:9606" label="Homo sapiens"/>
      <span end="30668" id="16579849-11779" start="30663">Human</span>
    </annotation>
    <annotation annotator="Mike Bada" id="organism_Instance_50640" type="identity">
      <class id="NCBITaxon:10088" label="Mus"/>
      <span end="30701" id="16579849-11781" start="30696">mouse</span>
    </annotation>
    <annotation annotator="Mike Bada" id="organism_Instance_50645" type="identity">
      <class id="NCBITaxon:10088" label="Mus"/>
      <span end="30962" id="16579849-11783" start="30958">mice</span>
    </annotation>
    <annotation annotator="Mike Bada" id="organism_Instance_50650" type="identity">
      <class id="NCBITaxon:33208" label="Metazoa"/>
      <span end="31089" id="16579849-11785" start="31082">animals</span>
    </annotation>
    <annotation annotator="Mike Bada" id="organism_Instance_50655" type="identity">
      <class id="NCBITaxon:10088" label="Mus"/>
      <span end="31164" id="16579849-11787" start="31160">mice</span>
    </annotation>
    <annotation annotator="Mike Bada" id="organism_Instance_50660" type="identity">
      <class id="NCBITaxon:10088" label="Mus"/>
      <span end="31203" id="16579849-11789" start="31199">mice</span>
    </annotation>
    <annotation annotator="Mike Bada" id="organism_Instance_50665" type="identity">
      <class id="NCBITaxon:10088" label="Mus"/>
      <span end="31373" id="16579849-11791" start="31369">mice</span>
    </annotation>
    <annotation annotator="Mike Bada" id="organism_Instance_50670" type="identity">
      <class id="NCBITaxon:10088" label="Mus"/>
      <span end="31492" id="16579849-11793" start="31488">mice</span>
    </annotation>
    <annotation annotator="Mike Bada" id="organism_Instance_50675" type="identity">
      <class id="NCBITaxon:10088" label="Mus"/>
      <span end="31817" id="16579849-11795" start="31813">mice</span>
    </annotation>
    <annotation annotator="Mike Bada" id="organism_Instance_50680" type="identity">
      <class id="NCBITaxon:33208" label="Metazoa"/>
      <span end="31999" id="16579849-11797" start="31993">animal</span>
    </annotation>
    <annotation annotator="Mike Bada" id="organism_Instance_50685" type="identity">
      <class id="NCBITaxon:10088" label="Mus"/>
      <span end="32157" id="16579849-11799" start="32152">mouse</span>
    </annotation>
    <annotation annotator="Mike Bada" id="organism_Instance_50690" type="identity">
      <class id="NCBITaxon:33208" label="Metazoa"/>
      <span end="32398" id="16579849-11801" start="32391">animals</span>
    </annotation>
    <annotation annotator="Mike Bada" id="organism_Instance_230374" type="identity">
      <class id="NCBITaxon:9606" label="Homo sapiens"/>
      <span end="32430" id="16579849-11449" start="32424">humans</span>
    </annotation>
    <annotation annotator="Mike Bada" id="organism_Instance_50695" type="identity">
      <class id="NCBITaxon:10088" label="Mus"/>
      <span end="32463" id="16579849-11803" start="32459">mice</span>
    </annotation>
    <annotation annotator="Mike Bada" id="organism_Instance_50700" type="identity">
      <class id="NCBITaxon:10088" label="Mus"/>
      <span end="32841" id="16579849-11805" start="32836">mouse</span>
    </annotation>
    <annotation annotator="Mike Bada" id="NCBITAXON_2015_03_02_backup_Instance_21175" type="identity">
      <class id="NCBITaxon_UBERON_EXT:pup" label="pup"/>
      <span end="32846" id="16579849-11413" start="32842">pups</span>
    </annotation>
    <annotation annotator="Mike Bada" id="NCBITAXON_2015_03_02_backup_Instance_21180" type="identity">
      <class id="NCBITaxon_UBERON_EXT:pup" label="pup"/>
      <span end="33000" id="16579849-11415" start="32996">pups</span>
    </annotation>
    <annotation annotator="Mike Bada" id="organism_Instance_50705" type="identity">
      <class id="NCBITaxon:10088" label="Mus"/>
      <span end="33045" id="16579849-11807" start="33040">mouse</span>
    </annotation>
    <annotation annotator="Mike Bada" id="NCBITAXON_2015_03_02_backup_Instance_21185" type="identity">
      <class id="NCBITaxon_UBERON_EXT:pup" label="pup"/>
      <span end="33050" id="16579849-11417" start="33046">pups</span>
    </annotation>
    <annotation annotator="Mike Bada" id="NCBITAXON_2015_03_02_backup_Instance_21190" type="identity">
      <class id="NCBITaxon_UBERON_EXT:pup" label="pup"/>
      <span end="33504" id="16579849-11419" start="33500">pups</span>
    </annotation>
    <annotation annotator="Mike Bada" id="NCBITAXON_2015_03_02_backup_Instance_20383" type="identity">
      <class id="NCBITaxon_UBERON_EXT:calf" label="calf"/>
      <span end="33709" id="16579849-11385" start="33705">calf</span>
    </annotation>
    <annotation annotator="Mike Bada" id="organism_Instance_50710" type="identity">
      <class id="NCBITaxon:10088" label="Mus"/>
      <span end="33954" id="16579849-11809" start="33949">mouse</span>
    </annotation>
    <annotation annotator="Mike Bada" id="organism_Instance_50715" type="identity">
      <class id="NCBITaxon:9606" label="Homo sapiens"/>
      <span end="34048" id="16579849-11811" start="34043">human</span>
    </annotation>
    <annotation annotator="Mike Bada" id="organism_Instance_50720" type="identity">
      <class id="NCBITaxon:9606" label="Homo sapiens"/>
      <span end="34196" id="16579849-11813" start="34191">human</span>
    </annotation>
    <annotation annotator="Mike Bada" id="organism_Instance_50725" type="identity">
      <class id="NCBITaxon:10088" label="Mus"/>
      <span end="34232" id="16579849-11815" start="34228">mice</span>
    </annotation>
    <annotation annotator="Mike Bada" id="organism_Instance_50730" type="identity">
      <class id="NCBITaxon:9606" label="Homo sapiens"/>
      <span end="34368" id="16579849-11817" start="34363">human</span>
    </annotation>
    <annotation annotator="Mike Bada" id="organism_Instance_50735" type="identity">
      <class id="NCBITaxon:10088" label="Mus"/>
      <span end="34417" id="16579849-11819" start="34413">mice</span>
    </annotation>
    <annotation annotator="Mike Bada" id="organism_Instance_50740" type="identity">
      <class id="NCBITaxon:10088" label="Mus"/>
      <span end="34483" id="16579849-11821" start="34479">mice</span>
    </annotation>
    <annotation annotator="Mike Bada" id="organism_Instance_50745" type="identity">
      <class id="NCBITaxon:10088" label="Mus"/>
      <span end="34552" id="16579849-11823" start="34547">mouse</span>
    </annotation>
    <annotation annotator="Mike Bada" id="organism_Instance_50750" type="identity">
      <class id="NCBITaxon:10088" label="Mus"/>
      <span end="34709" id="16579849-11825" start="34705">mice</span>
    </annotation>
    <annotation annotator="Mike Bada" id="organism_Instance_50755" type="identity">
      <class id="NCBITaxon:9606" label="Homo sapiens"/>
      <span end="34800" id="16579849-11827" start="34795">human</span>
    </annotation>
    <annotation annotator="Mike Bada" id="organism_Instance_50760" type="identity">
      <class id="NCBITaxon:10088" label="Mus"/>
      <span end="34965" id="16579849-11829" start="34961">mice</span>
    </annotation>
    <annotation annotator="Mike Bada" id="organism_Instance_50765" type="identity">
      <class id="NCBITaxon:9606" label="Homo sapiens"/>
      <span end="34978" id="16579849-11831" start="34973">human</span>
    </annotation>
    <annotation annotator="Mike Bada" id="organism_Instance_50770" type="identity">
      <class id="NCBITaxon:10088" label="Mus"/>
      <span end="35022" id="16579849-11833" start="35018">mice</span>
    </annotation>
    <annotation annotator="Mike Bada" id="organism_Instance_50775" type="identity">
      <class id="NCBITaxon:33208" label="Metazoa"/>
      <span end="35054" id="16579849-11835" start="35048">animal</span>
    </annotation>
    <annotation annotator="Mike Bada" id="organism_Instance_50780" type="identity">
      <class id="NCBITaxon:10088" label="Mus"/>
      <span end="35356" id="16579849-11837" start="35352">mice</span>
    </annotation>
    <annotation annotator="Mike Bada" id="organism_Instance_50785" type="identity">
      <class id="NCBITaxon:9606" label="Homo sapiens"/>
      <span end="35572" id="16579849-11839" start="35567">human</span>
    </annotation>
    <annotation annotator="Mike Bada" id="organism_Instance_50790" type="identity">
      <class id="NCBITaxon:10088" label="Mus"/>
      <span end="36113" id="16579849-11841" start="36108">mouse</span>
    </annotation>
    <annotation annotator="Mike Bada" id="organism_Instance_50795" type="identity">
      <class id="NCBITaxon:9606" label="Homo sapiens"/>
      <span end="36130" id="16579849-11843" start="36125">human</span>
    </annotation>
    <annotation annotator="Mike Bada" id="organism_Instance_50800" type="identity">
      <class id="NCBITaxon:10088" label="Mus"/>
      <span end="36263" id="16579849-11845" start="36258">mouse</span>
    </annotation>
    <annotation annotator="Mike Bada" id="organism_Instance_50805" type="identity">
      <class id="NCBITaxon:10088" label="Mus"/>
      <span end="36591" id="16579849-11847" start="36586">mouse</span>
    </annotation>
    <annotation annotator="Mike Bada" id="organism_Instance_50810" type="identity">
      <class id="NCBITaxon:9913" label="Bos taurus"/>
      <span end="36604" id="16579849-11849" start="36601">cow</span>
    </annotation>
    <annotation annotator="Mike Bada" id="organism_Instance_50815" type="identity">
      <class id="NCBITaxon:33208" label="Metazoa"/>
      <span end="36731" id="16579849-11851" start="36725">animal</span>
    </annotation>
    <annotation annotator="Mike Bada" id="organism_Instance_50820" type="identity">
      <class id="NCBITaxon:9913" label="Bos taurus"/>
      <span end="36800" id="16579849-11853" start="36797">cow</span>
    </annotation>
    <annotation annotator="Mike Bada" id="organism_Instance_230379" type="identity">
      <class id="NCBITaxon:9606" label="Homo sapiens"/>
      <span end="36822" id="16579849-11451" start="36816">humans</span>
    </annotation>
    <annotation annotator="Mike Bada" id="organism_Instance_50825" type="identity">
      <class id="NCBITaxon:39107" label="Murinae"/>
      <span end="36890" id="16579849-11855" start="36884">murine</span>
    </annotation>
    <annotation annotator="Mike Bada" id="organism_Instance_50830" type="identity">
      <class id="NCBITaxon:9606" label="Homo sapiens"/>
      <span end="36972" id="16579849-11857" start="36967">human</span>
    </annotation>
    <annotation annotator="Mike Bada" id="organism_Instance_50835" type="identity">
      <class id="NCBITaxon:10088" label="Mus"/>
      <span end="37040" id="16579849-11859" start="37035">mouse</span>
    </annotation>
    <annotation annotator="Mike Bada" id="organism_Instance_230384" type="identity">
      <class id="NCBITaxon:9606" label="Homo sapiens"/>
      <span end="37249" id="16579849-11453" start="37243">humans</span>
    </annotation>
    <annotation annotator="Mike Bada" id="organism_Instance_50840" type="identity">
      <class id="NCBITaxon:33208" label="Metazoa"/>
      <span end="37302" id="16579849-11861" start="37296">animal</span>
    </annotation>
    <annotation annotator="Mike Bada" id="organism_Instance_50845" type="identity">
      <class id="NCBITaxon:33208" label="Metazoa"/>
      <span end="37421" id="16579849-11863" start="37415">animal</span>
    </annotation>
    <annotation annotator="Mike Bada" id="organism_Instance_50850" type="identity">
      <class id="NCBITaxon:33208" label="Metazoa"/>
      <span end="37562" id="16579849-11865" start="37556">animal</span>
    </annotation>
    <annotation annotator="Mike Bada" id="organism_Instance_230389" type="identity">
      <class id="NCBITaxon:9606" label="Homo sapiens"/>
      <span end="37666" id="16579849-11455" start="37660">humans</span>
    </annotation>
    <annotation annotator="Mike Bada" id="organism_Instance_50855" type="identity">
      <class id="NCBITaxon:9606" label="Homo sapiens"/>
      <span end="37887" id="16579849-11867" start="37882">human</span>
    </annotation>
    <annotation annotator="Mike Bada" id="organism_Instance_50860" type="identity">
      <class id="NCBITaxon:10088" label="Mus"/>
      <span end="38494" id="16579849-11869" start="38489">mouse</span>
    </annotation>
    <annotation annotator="Mike Bada" id="organism_Instance_50865" type="identity">
      <class id="NCBITaxon:33208" label="Metazoa"/>
      <span end="38633" id="16579849-11871" start="38627">animal</span>
    </annotation>
    <annotation annotator="Mike Bada" id="organism_Instance_50870" type="identity">
      <class id="NCBITaxon:10088" label="Mus"/>
      <span end="39143" id="16579849-11873" start="39138">mouse</span>
    </annotation>
    <annotation annotator="Mike Bada" id="organism_Instance_50875" type="identity">
      <class id="NCBITaxon:33208" label="Metazoa"/>
      <span end="39205" id="16579849-11875" start="39198">animals</span>
    </annotation>
    <annotation annotator="Mike Bada" id="organism_Instance_230394" type="identity">
      <class id="NCBITaxon:4022" label="Acer"/>
      <span end="39471" id="16579849-11457" start="39466">Maple</span>
    </annotation>
    <annotation annotator="Mike Bada" id="organism_Instance_50880" type="identity">
      <class id="NCBITaxon:10088" label="Mus"/>
      <span end="39718" id="16579849-11877" start="39713">mouse</span>
    </annotation>
    <annotation annotator="Mike Bada" id="organism_Instance_50885" type="identity">
      <class id="NCBITaxon:10088" label="Mus"/>
      <span end="39884" id="16579849-11879" start="39879">mouse</span>
    </annotation>
    <annotation annotator="Mike Bada" id="organism_Instance_50890" type="identity">
      <class id="NCBITaxon:10088" label="Mus"/>
      <span end="40083" id="16579849-11881" start="40078">mouse</span>
    </annotation>
    <graph-space id="Old Knowtator Relations"/>
  </document>
</knowtator-project>
