<?xml version="1.0" encoding="UTF-8" standalone="no"?>
<knowtator-project>
  <document id="17022820" text-file="17022820.txt">
    <annotation annotator="Mike Bada" id="organism_Instance_55224" type="identity">
      <class id="NCBITaxon:10088" label="Mus"/>
      <span end="252" id="17022820-13067" start="247">mouse</span>
    </annotation>
    <annotation annotator="Mike Bada" id="organism_Instance_55229" type="identity">
      <class id="NCBITaxon:10088" label="Mus"/>
      <span end="713" id="17022820-13069" start="709">mice</span>
    </annotation>
    <annotation annotator="Mike Bada" id="organism_Instance_55234" type="identity">
      <class id="NCBITaxon:10088" label="Mus"/>
      <span end="1292" id="17022820-13071" start="1288">mice</span>
    </annotation>
    <annotation annotator="Mike Bada" id="organism_Instance_55239" type="identity">
      <class id="NCBITaxon:10088" label="Mus"/>
      <span end="1318" id="17022820-13073" start="1314">mice</span>
    </annotation>
    <annotation annotator="Mike Bada" id="organism_Instance_55244" type="identity">
      <class id="NCBITaxon:10088" label="Mus"/>
      <span end="1429" id="17022820-13075" start="1425">mice</span>
    </annotation>
    <annotation annotator="Mike Bada" id="organism_Instance_55249" type="identity">
      <class id="NCBITaxon:10088" label="Mus"/>
      <span end="1455" id="17022820-13077" start="1451">mice</span>
    </annotation>
    <annotation annotator="Mike Bada" id="organism_Instance_55254" type="identity">
      <class id="NCBITaxon:10088" label="Mus"/>
      <span end="1571" id="17022820-13079" start="1567">mice</span>
    </annotation>
    <annotation annotator="Mike Bada" id="organism_Instance_55259" type="identity">
      <class id="NCBITaxon:10088" label="Mus"/>
      <span end="1733" id="17022820-13081" start="1729">mice</span>
    </annotation>
    <annotation annotator="Mike Bada" id="organism_Instance_55264" type="identity">
      <class id="NCBITaxon:10088" label="Mus"/>
      <span end="1739" id="17022820-13083" start="1735">Mice</span>
    </annotation>
    <annotation annotator="Mike Bada" id="organism_Instance_55269" type="identity">
      <class id="NCBITaxon:10088" label="Mus"/>
      <span end="1821" id="17022820-13085" start="1817">mice</span>
    </annotation>
    <annotation annotator="Mike Bada" id="organism_Instance_55274" type="identity">
      <class id="NCBITaxon:10088" label="Mus"/>
      <span end="2125" id="17022820-13087" start="2121">mice</span>
    </annotation>
    <annotation annotator="Mike Bada" id="organism_Instance_55279" type="identity">
      <class id="NCBITaxon:9606" label="Homo sapiens"/>
      <span end="2790" id="17022820-13089" start="2785">human</span>
    </annotation>
    <annotation annotator="Mike Bada" id="organism_Instance_55284" type="identity">
      <class id="NCBITaxon:10088" label="Mus"/>
      <span end="3975" id="17022820-13091" start="3970">mouse</span>
    </annotation>
    <annotation annotator="Mike Bada" id="organism_Instance_55289" type="identity">
      <class id="NCBITaxon:10088" label="Mus"/>
      <span end="4502" id="17022820-13093" start="4498">mice</span>
    </annotation>
    <annotation annotator="Mike Bada" id="organism_Instance_55294" type="identity">
      <class id="NCBITaxon:10088" label="Mus"/>
      <span end="5015" id="17022820-13095" start="5011">mice</span>
    </annotation>
    <annotation annotator="Mike Bada" id="organism_Instance_240912" type="identity">
      <class id="NCBITaxon:10088" label="Mus"/>
      <span end="5199" id="17022820-13051" start="5195">mice</span>
    </annotation>
    <annotation annotator="Mike Bada" id="organism_Instance_55301" type="identity">
      <class id="NCBITaxon:10088" label="Mus"/>
      <span end="5416" id="17022820-13097" start="5412">mice</span>
    </annotation>
    <annotation annotator="Mike Bada" id="organism_Instance_55306" type="identity">
      <class id="NCBITaxon:10088" label="Mus"/>
      <span end="5574" id="17022820-13099" start="5570">mice</span>
    </annotation>
    <annotation annotator="Mike Bada" id="organism_Instance_55311" type="identity">
      <class id="NCBITaxon:10088" label="Mus"/>
      <span end="5755" id="17022820-13101" start="5751">mice</span>
    </annotation>
    <annotation annotator="Mike Bada" id="organism_Instance_55316" type="identity">
      <class id="NCBITaxon:10088" label="Mus"/>
      <span end="6297" id="17022820-13103" start="6293">mice</span>
    </annotation>
    <annotation annotator="Mike Bada" id="organism_Instance_55321" type="identity">
      <class id="NCBITaxon:10088" label="Mus"/>
      <span end="6519" id="17022820-13105" start="6515">mice</span>
    </annotation>
    <annotation annotator="Mike Bada" id="organism_Instance_240917" type="identity">
      <class id="NCBITaxon:10088" label="Mus"/>
      <span end="6953" id="17022820-13053" start="6949">Mice</span>
    </annotation>
    <annotation annotator="Mike Bada" id="organism_Instance_55326" type="identity">
      <class id="NCBITaxon:10088" label="Mus"/>
      <span end="7090" id="17022820-13107" start="7086">mice</span>
    </annotation>
    <annotation annotator="Mike Bada" id="organism_Instance_55331" type="identity">
      <class id="NCBITaxon:10088" label="Mus"/>
      <span end="7121" id="17022820-13109" start="7117">mice</span>
    </annotation>
    <annotation annotator="Mike Bada" id="organism_Instance_55336" type="identity">
      <class id="NCBITaxon:10088" label="Mus"/>
      <span end="7231" id="17022820-13111" start="7227">mice</span>
    </annotation>
    <annotation annotator="Mike Bada" id="organism_Instance_55341" type="identity">
      <class id="NCBITaxon:10088" label="Mus"/>
      <span end="7339" id="17022820-13113" start="7335">mice</span>
    </annotation>
    <annotation annotator="Mike Bada" id="organism_Instance_55346" type="identity">
      <class id="NCBITaxon:10088" label="Mus"/>
      <span end="7418" id="17022820-13115" start="7414">mice</span>
    </annotation>
    <annotation annotator="Mike Bada" id="organism_Instance_55351" type="identity">
      <class id="NCBITaxon:10088" label="Mus"/>
      <span end="7435" id="17022820-13117" start="7431">mice</span>
    </annotation>
    <annotation annotator="Mike Bada" id="organism_Instance_55356" type="identity">
      <class id="NCBITaxon:10088" label="Mus"/>
      <span end="7666" id="17022820-13119" start="7662">mice</span>
    </annotation>
    <annotation annotator="Mike Bada" id="organism_Instance_55361" type="identity">
      <class id="NCBITaxon:10088" label="Mus"/>
      <span end="7722" id="17022820-13121" start="7718">mice</span>
    </annotation>
    <annotation annotator="Mike Bada" id="organism_Instance_55366" type="identity">
      <class id="NCBITaxon:10088" label="Mus"/>
      <span end="7822" id="17022820-13123" start="7818">Mice</span>
    </annotation>
    <annotation annotator="Mike Bada" id="organism_Instance_55371" type="identity">
      <class id="NCBITaxon:10088" label="Mus"/>
      <span end="7971" id="17022820-13125" start="7967">Mice</span>
    </annotation>
    <annotation annotator="Mike Bada" id="organism_Instance_55376" type="identity">
      <class id="NCBITaxon:33208" label="Metazoa"/>
      <span end="8143" id="17022820-13127" start="8137">animal</span>
    </annotation>
    <annotation annotator="Mike Bada" id="organism_Instance_55381" type="identity">
      <class id="NCBITaxon:33208" label="Metazoa"/>
      <span end="8237" id="17022820-13129" start="8231">Animal</span>
    </annotation>
    <annotation annotator="Mike Bada" id="organism_Instance_55386" type="identity">
      <class id="NCBITaxon:10088" label="Mus"/>
      <span end="8430" id="17022820-13131" start="8426">Mice</span>
    </annotation>
    <annotation annotator="Mike Bada" id="organism_Instance_55391" type="identity">
      <class id="NCBITaxon:10088" label="Mus"/>
      <span end="9262" id="17022820-13133" start="9258">mice</span>
    </annotation>
    <annotation annotator="Mike Bada" id="organism_Instance_55396" type="identity">
      <class id="NCBITaxon:10088" label="Mus"/>
      <span end="9375" id="17022820-13135" start="9371">mice</span>
    </annotation>
    <annotation annotator="Mike Bada" id="organism_Instance_240922" type="identity">
      <class id="NCBITaxon:10088" label="Mus"/>
      <span end="9963" id="17022820-13055" start="9959">Mice</span>
    </annotation>
    <annotation annotator="Mike Bada" id="organism_Instance_240927" type="identity">
      <class id="NCBITaxon:9940" label="Ovis aries"/>
      <span end="10453" id="17022820-13057" start="10448">sheep</span>
    </annotation>
    <annotation annotator="Mike Bada" id="organism_Instance_55401" type="identity">
      <class id="NCBITaxon:10088" label="Mus"/>
      <span end="10464" id="17022820-13137" start="10459">mouse</span>
    </annotation>
    <annotation annotator="Mike Bada" id="organism_Instance_55406" type="identity">
      <class id="NCBITaxon:10088" label="Mus"/>
      <span end="10527" id="17022820-13139" start="10522">mouse</span>
    </annotation>
    <annotation annotator="Mike Bada" id="organism_Instance_55411" type="identity">
      <class id="NCBITaxon:10088" label="Mus"/>
      <span end="10788" id="17022820-13141" start="10784">mice</span>
    </annotation>
    <annotation annotator="Mike Bada" id="organism_Instance_55416" type="identity">
      <class id="NCBITaxon:10088" label="Mus"/>
      <span end="10824" id="17022820-13143" start="10819">mouse</span>
    </annotation>
    <annotation annotator="Mike Bada" id="organism_Instance_55421" type="identity">
      <class id="NCBITaxon:10088" label="Mus"/>
      <span end="10910" id="17022820-13145" start="10905">mouse</span>
    </annotation>
    <annotation annotator="Mike Bada" id="organism_Instance_55426" type="identity">
      <class id="NCBITaxon:10088" label="Mus"/>
      <span end="11032" id="17022820-13147" start="11027">mouse</span>
    </annotation>
    <annotation annotator="Mike Bada" id="organism_Instance_55431" type="identity">
      <class id="NCBITaxon:10088" label="Mus"/>
      <span end="11597" id="17022820-13149" start="11592">mouse</span>
    </annotation>
    <annotation annotator="Mike Bada" id="organism_Instance_55436" type="identity">
      <class id="NCBITaxon:10088" label="Mus"/>
      <span end="11710" id="17022820-13151" start="11706">mice</span>
    </annotation>
    <annotation annotator="Mike Bada" id="organism_Instance_55441" type="identity">
      <class id="NCBITaxon:10088" label="Mus"/>
      <span end="11842" id="17022820-13153" start="11838">mice</span>
    </annotation>
    <annotation annotator="Mike Bada" id="organism_Instance_55446" type="identity">
      <class id="NCBITaxon:10088" label="Mus"/>
      <span end="12012" id="17022820-13155" start="12008">mice</span>
    </annotation>
    <annotation annotator="Mike Bada" id="organism_Instance_240932" type="identity">
      <class id="NCBITaxon:10088" label="Mus"/>
      <span end="12285" id="17022820-13059" start="12281">mice</span>
    </annotation>
    <annotation annotator="Mike Bada" id="organism_Instance_55451" type="identity">
      <class id="NCBITaxon:10088" label="Mus"/>
      <span end="12443" id="17022820-13157" start="12438">mouse</span>
    </annotation>
    <annotation annotator="Mike Bada" id="organism_Instance_55456" type="identity">
      <class id="NCBITaxon:10088" label="Mus"/>
      <span end="12570" id="17022820-13159" start="12566">mice</span>
    </annotation>
    <annotation annotator="Mike Bada" id="organism_Instance_55461" type="identity">
      <class id="NCBITaxon:10088" label="Mus"/>
      <span end="12618" id="17022820-13161" start="12614">mice</span>
    </annotation>
    <annotation annotator="Mike Bada" id="organism_Instance_55466" type="identity">
      <class id="NCBITaxon:10088" label="Mus"/>
      <span end="12655" id="17022820-13163" start="12651">mice</span>
    </annotation>
    <annotation annotator="Mike Bada" id="organism_Instance_55471" type="identity">
      <class id="NCBITaxon:10088" label="Mus"/>
      <span end="12709" id="17022820-13165" start="12705">mice</span>
    </annotation>
    <annotation annotator="Mike Bada" id="organism_Instance_55476" type="identity">
      <class id="NCBITaxon:10088" label="Mus"/>
      <span end="12770" id="17022820-13167" start="12766">mice</span>
    </annotation>
    <annotation annotator="Mike Bada" id="organism_Instance_55481" type="identity">
      <class id="NCBITaxon:10088" label="Mus"/>
      <span end="13089" id="17022820-13169" start="13085">mice</span>
    </annotation>
    <annotation annotator="Mike Bada" id="organism_Instance_55486" type="identity">
      <class id="NCBITaxon:10088" label="Mus"/>
      <span end="13123" id="17022820-13171" start="13119">mice</span>
    </annotation>
    <annotation annotator="Mike Bada" id="organism_Instance_55491" type="identity">
      <class id="NCBITaxon:10088" label="Mus"/>
      <span end="13483" id="17022820-13173" start="13479">mice</span>
    </annotation>
    <annotation annotator="Mike Bada" id="organism_Instance_55496" type="identity">
      <class id="NCBITaxon:10088" label="Mus"/>
      <span end="13500" id="17022820-13175" start="13496">mice</span>
    </annotation>
    <annotation annotator="Mike Bada" id="organism_Instance_55501" type="identity">
      <class id="NCBITaxon:10088" label="Mus"/>
      <span end="13622" id="17022820-13177" start="13618">mice</span>
    </annotation>
    <annotation annotator="Mike Bada" id="organism_Instance_55506" type="identity">
      <class id="NCBITaxon:10088" label="Mus"/>
      <span end="13702" id="17022820-13179" start="13698">mice</span>
    </annotation>
    <annotation annotator="Mike Bada" id="organism_Instance_55511" type="identity">
      <class id="NCBITaxon:10088" label="Mus"/>
      <span end="13727" id="17022820-13181" start="13723">mice</span>
    </annotation>
    <annotation annotator="Mike Bada" id="organism_Instance_55516" type="identity">
      <class id="NCBITaxon:10088" label="Mus"/>
      <span end="13782" id="17022820-13183" start="13778">mice</span>
    </annotation>
    <annotation annotator="Mike Bada" id="organism_Instance_55521" type="identity">
      <class id="NCBITaxon:10088" label="Mus"/>
      <span end="13947" id="17022820-13185" start="13943">mice</span>
    </annotation>
    <annotation annotator="Mike Bada" id="organism_Instance_55526" type="identity">
      <class id="NCBITaxon:10088" label="Mus"/>
      <span end="13966" id="17022820-13187" start="13962">mice</span>
    </annotation>
    <annotation annotator="Mike Bada" id="organism_Instance_55531" type="identity">
      <class id="NCBITaxon:10088" label="Mus"/>
      <span end="14026" id="17022820-13189" start="14022">mice</span>
    </annotation>
    <annotation annotator="Mike Bada" id="organism_Instance_55536" type="identity">
      <class id="NCBITaxon:10088" label="Mus"/>
      <span end="14111" id="17022820-13191" start="14107">mice</span>
    </annotation>
    <annotation annotator="Mike Bada" id="organism_Instance_240937" type="identity">
      <class id="NCBITaxon:10088" label="Mus"/>
      <span end="14195" id="17022820-13061" start="14191">mice</span>
    </annotation>
    <annotation annotator="Mike Bada" id="organism_Instance_55541" type="identity">
      <class id="NCBITaxon:10088" label="Mus"/>
      <span end="14475" id="17022820-13193" start="14470">mouse</span>
    </annotation>
    <annotation annotator="Mike Bada" id="organism_Instance_55546" type="identity">
      <class id="NCBITaxon:10088" label="Mus"/>
      <span end="14557" id="17022820-13195" start="14553">mice</span>
    </annotation>
    <annotation annotator="Mike Bada" id="organism_Instance_55551" type="identity">
      <class id="NCBITaxon:10088" label="Mus"/>
      <span end="14577" id="17022820-13197" start="14573">mice</span>
    </annotation>
    <annotation annotator="Mike Bada" id="organism_Instance_55556" type="identity">
      <class id="NCBITaxon:10088" label="Mus"/>
      <span end="14678" id="17022820-13199" start="14674">mice</span>
    </annotation>
    <annotation annotator="Mike Bada" id="organism_Instance_55561" type="identity">
      <class id="NCBITaxon:10088" label="Mus"/>
      <span end="14727" id="17022820-13201" start="14723">mice</span>
    </annotation>
    <annotation annotator="Mike Bada" id="organism_Instance_55566" type="identity">
      <class id="NCBITaxon:10088" label="Mus"/>
      <span end="14766" id="17022820-13203" start="14762">mice</span>
    </annotation>
    <annotation annotator="Mike Bada" id="organism_Instance_55571" type="identity">
      <class id="NCBITaxon:10088" label="Mus"/>
      <span end="14800" id="17022820-13205" start="14796">mice</span>
    </annotation>
    <annotation annotator="Mike Bada" id="organism_Instance_55576" type="identity">
      <class id="NCBITaxon:10088" label="Mus"/>
      <span end="14915" id="17022820-13207" start="14911">mice</span>
    </annotation>
    <annotation annotator="Mike Bada" id="organism_Instance_55581" type="identity">
      <class id="NCBITaxon:10088" label="Mus"/>
      <span end="15000" id="17022820-13209" start="14996">mice</span>
    </annotation>
    <annotation annotator="Mike Bada" id="organism_Instance_55586" type="identity">
      <class id="NCBITaxon:10088" label="Mus"/>
      <span end="15087" id="17022820-13211" start="15083">mice</span>
    </annotation>
    <annotation annotator="Mike Bada" id="organism_Instance_55591" type="identity">
      <class id="NCBITaxon:10088" label="Mus"/>
      <span end="15107" id="17022820-13213" start="15103">mice</span>
    </annotation>
    <annotation annotator="Mike Bada" id="organism_Instance_55596" type="identity">
      <class id="NCBITaxon:10088" label="Mus"/>
      <span end="15169" id="17022820-13215" start="15165">mice</span>
    </annotation>
    <annotation annotator="Mike Bada" id="organism_Instance_55601" type="identity">
      <class id="NCBITaxon:10088" label="Mus"/>
      <span end="15189" id="17022820-13217" start="15185">mice</span>
    </annotation>
    <annotation annotator="Mike Bada" id="organism_Instance_55606" type="identity">
      <class id="NCBITaxon:10088" label="Mus"/>
      <span end="15220" id="17022820-13219" start="15216">mice</span>
    </annotation>
    <annotation annotator="Mike Bada" id="organism_Instance_55611" type="identity">
      <class id="NCBITaxon:10088" label="Mus"/>
      <span end="15351" id="17022820-13221" start="15347">mice</span>
    </annotation>
    <annotation annotator="Mike Bada" id="organism_Instance_55616" type="identity">
      <class id="NCBITaxon:10088" label="Mus"/>
      <span end="15507" id="17022820-13223" start="15503">mice</span>
    </annotation>
    <annotation annotator="Mike Bada" id="organism_Instance_55621" type="identity">
      <class id="NCBITaxon:10088" label="Mus"/>
      <span end="15916" id="17022820-13225" start="15912">mice</span>
    </annotation>
    <annotation annotator="Mike Bada" id="organism_Instance_55626" type="identity">
      <class id="NCBITaxon:10088" label="Mus"/>
      <span end="15957" id="17022820-13227" start="15953">mice</span>
    </annotation>
    <annotation annotator="Mike Bada" id="organism_Instance_55631" type="identity">
      <class id="NCBITaxon:10088" label="Mus"/>
      <span end="16211" id="17022820-13229" start="16207">mice</span>
    </annotation>
    <annotation annotator="Mike Bada" id="organism_Instance_55636" type="identity">
      <class id="NCBITaxon:10088" label="Mus"/>
      <span end="16228" id="17022820-13231" start="16224">mice</span>
    </annotation>
    <annotation annotator="Mike Bada" id="organism_Instance_55641" type="identity">
      <class id="NCBITaxon:10088" label="Mus"/>
      <span end="16305" id="17022820-13233" start="16301">mice</span>
    </annotation>
    <annotation annotator="Mike Bada" id="organism_Instance_55646" type="identity">
      <class id="NCBITaxon:10088" label="Mus"/>
      <span end="16322" id="17022820-13235" start="16318">mice</span>
    </annotation>
    <annotation annotator="Mike Bada" id="organism_Instance_55651" type="identity">
      <class id="NCBITaxon:10088" label="Mus"/>
      <span end="16432" id="17022820-13237" start="16428">mice</span>
    </annotation>
    <annotation annotator="Mike Bada" id="organism_Instance_55656" type="identity">
      <class id="NCBITaxon:10088" label="Mus"/>
      <span end="16511" id="17022820-13239" start="16507">mice</span>
    </annotation>
    <annotation annotator="Mike Bada" id="organism_Instance_55661" type="identity">
      <class id="NCBITaxon:10088" label="Mus"/>
      <span end="16557" id="17022820-13241" start="16553">mice</span>
    </annotation>
    <annotation annotator="Mike Bada" id="organism_Instance_55666" type="identity">
      <class id="NCBITaxon:10088" label="Mus"/>
      <span end="16659" id="17022820-13243" start="16655">mice</span>
    </annotation>
    <annotation annotator="Mike Bada" id="organism_Instance_240942" type="identity">
      <class id="NCBITaxon:10088" label="Mus"/>
      <span end="16969" id="17022820-13063" start="16965">mice</span>
    </annotation>
    <annotation annotator="Mike Bada" id="organism_Instance_55671" type="identity">
      <class id="NCBITaxon:10088" label="Mus"/>
      <span end="17556" id="17022820-13245" start="17552">mice</span>
    </annotation>
    <annotation annotator="Mike Bada" id="organism_Instance_55676" type="identity">
      <class id="NCBITaxon:10088" label="Mus"/>
      <span end="17608" id="17022820-13247" start="17603">mouse</span>
    </annotation>
    <annotation annotator="Mike Bada" id="organism_Instance_55681" type="identity">
      <class id="NCBITaxon:10088" label="Mus"/>
      <span end="17805" id="17022820-13249" start="17800">mouse</span>
    </annotation>
    <annotation annotator="Mike Bada" id="organism_Instance_240947" type="identity">
      <class id="NCBITaxon:10088" label="Mus"/>
      <span end="17915" id="17022820-13065" start="17911">mice</span>
    </annotation>
    <annotation annotator="Mike Bada" id="organism_Instance_55688" type="identity">
      <class id="NCBITaxon:10088" label="Mus"/>
      <span end="17965" id="17022820-13251" start="17961">mice</span>
    </annotation>
    <annotation annotator="Mike Bada" id="organism_Instance_55693" type="identity">
      <class id="NCBITaxon:10088" label="Mus"/>
      <span end="17981" id="17022820-13253" start="17977">mice</span>
    </annotation>
    <annotation annotator="Mike Bada" id="organism_Instance_55698" type="identity">
      <class id="NCBITaxon:10088" label="Mus"/>
      <span end="18089" id="17022820-13255" start="18085">mice</span>
    </annotation>
    <annotation annotator="Mike Bada" id="organism_Instance_55703" type="identity">
      <class id="NCBITaxon:10088" label="Mus"/>
      <span end="18118" id="17022820-13257" start="18114">mice</span>
    </annotation>
    <annotation annotator="Mike Bada" id="organism_Instance_55708" type="identity">
      <class id="NCBITaxon:10088" label="Mus"/>
      <span end="18241" id="17022820-13259" start="18237">mice</span>
    </annotation>
    <annotation annotator="Mike Bada" id="organism_Instance_55713" type="identity">
      <class id="NCBITaxon:10088" label="Mus"/>
      <span end="18325" id="17022820-13261" start="18321">mice</span>
    </annotation>
    <annotation annotator="Mike Bada" id="organism_Instance_55718" type="identity">
      <class id="NCBITaxon:10088" label="Mus"/>
      <span end="18362" id="17022820-13263" start="18358">mice</span>
    </annotation>
    <annotation annotator="Mike Bada" id="organism_Instance_55723" type="identity">
      <class id="NCBITaxon:10088" label="Mus"/>
      <span end="18680" id="17022820-13265" start="18676">mice</span>
    </annotation>
    <annotation annotator="Mike Bada" id="organism_Instance_55728" type="identity">
      <class id="NCBITaxon:10088" label="Mus"/>
      <span end="18765" id="17022820-13267" start="18761">mice</span>
    </annotation>
    <annotation annotator="Mike Bada" id="organism_Instance_55733" type="identity">
      <class id="NCBITaxon:10088" label="Mus"/>
      <span end="18786" id="17022820-13269" start="18782">mice</span>
    </annotation>
    <annotation annotator="Mike Bada" id="organism_Instance_55738" type="identity">
      <class id="NCBITaxon:10088" label="Mus"/>
      <span end="18926" id="17022820-13271" start="18922">mice</span>
    </annotation>
    <annotation annotator="Mike Bada" id="organism_Instance_55743" type="identity">
      <class id="NCBITaxon:10088" label="Mus"/>
      <span end="18966" id="17022820-13273" start="18962">mice</span>
    </annotation>
    <annotation annotator="Mike Bada" id="organism_Instance_55748" type="identity">
      <class id="NCBITaxon:10088" label="Mus"/>
      <span end="19132" id="17022820-13275" start="19127">mouse</span>
    </annotation>
    <annotation annotator="Mike Bada" id="organism_Instance_55753" type="identity">
      <class id="NCBITaxon:10088" label="Mus"/>
      <span end="19195" id="17022820-13277" start="19191">mice</span>
    </annotation>
    <annotation annotator="Mike Bada" id="organism_Instance_55758" type="identity">
      <class id="NCBITaxon:10088" label="Mus"/>
      <span end="19348" id="17022820-13279" start="19344">mice</span>
    </annotation>
    <annotation annotator="Mike Bada" id="organism_Instance_55763" type="identity">
      <class id="NCBITaxon:10088" label="Mus"/>
      <span end="19951" id="17022820-13281" start="19947">mice</span>
    </annotation>
    <annotation annotator="Mike Bada" id="organism_Instance_55768" type="identity">
      <class id="NCBITaxon:10088" label="Mus"/>
      <span end="20017" id="17022820-13283" start="20013">mice</span>
    </annotation>
    <annotation annotator="Mike Bada" id="organism_Instance_55773" type="identity">
      <class id="NCBITaxon:10088" label="Mus"/>
      <span end="20059" id="17022820-13285" start="20055">mice</span>
    </annotation>
    <annotation annotator="Mike Bada" id="organism_Instance_55778" type="identity">
      <class id="NCBITaxon:10088" label="Mus"/>
      <span end="20313" id="17022820-13287" start="20309">mice</span>
    </annotation>
    <annotation annotator="Mike Bada" id="organism_Instance_55783" type="identity">
      <class id="NCBITaxon:10088" label="Mus"/>
      <span end="20400" id="17022820-13289" start="20396">mice</span>
    </annotation>
    <annotation annotator="Mike Bada" id="organism_Instance_55793" type="identity">
      <class id="NCBITaxon:10088" label="Mus"/>
      <span end="20645" id="17022820-13291" start="20640">mouse</span>
    </annotation>
    <annotation annotator="Mike Bada" id="organism_Instance_55798" type="identity">
      <class id="NCBITaxon:10088" label="Mus"/>
      <span end="20684" id="17022820-13293" start="20680">mice</span>
    </annotation>
    <annotation annotator="Mike Bada" id="organism_Instance_55803" type="identity">
      <class id="NCBITaxon:10088" label="Mus"/>
      <span end="20768" id="17022820-13295" start="20764">mice</span>
    </annotation>
    <annotation annotator="Mike Bada" id="organism_Instance_55808" type="identity">
      <class id="NCBITaxon:10088" label="Mus"/>
      <span end="21048" id="17022820-13297" start="21044">mice</span>
    </annotation>
    <annotation annotator="Mike Bada" id="organism_Instance_55813" type="identity">
      <class id="NCBITaxon:10088" label="Mus"/>
      <span end="21217" id="17022820-13299" start="21213">mice</span>
    </annotation>
    <annotation annotator="Mike Bada" id="organism_Instance_55818" type="identity">
      <class id="NCBITaxon:10088" label="Mus"/>
      <span end="21389" id="17022820-13301" start="21385">mice</span>
    </annotation>
    <annotation annotator="Mike Bada" id="organism_Instance_55823" type="identity">
      <class id="NCBITaxon:10088" label="Mus"/>
      <span end="21413" id="17022820-13303" start="21409">mice</span>
    </annotation>
    <annotation annotator="Mike Bada" id="organism_Instance_55828" type="identity">
      <class id="NCBITaxon:10088" label="Mus"/>
      <span end="21555" id="17022820-13305" start="21551">mice</span>
    </annotation>
    <annotation annotator="Mike Bada" id="organism_Instance_55833" type="identity">
      <class id="NCBITaxon:10088" label="Mus"/>
      <span end="21601" id="17022820-13307" start="21597">mice</span>
    </annotation>
    <annotation annotator="Mike Bada" id="organism_Instance_55838" type="identity">
      <class id="NCBITaxon:10088" label="Mus"/>
      <span end="21747" id="17022820-13309" start="21743">mice</span>
    </annotation>
    <annotation annotator="Mike Bada" id="organism_Instance_55843" type="identity">
      <class id="NCBITaxon:10088" label="Mus"/>
      <span end="21862" id="17022820-13311" start="21858">mice</span>
    </annotation>
    <annotation annotator="Mike Bada" id="organism_Instance_55848" type="identity">
      <class id="NCBITaxon:10088" label="Mus"/>
      <span end="21924" id="17022820-13313" start="21920">mice</span>
    </annotation>
    <annotation annotator="Mike Bada" id="organism_Instance_55853" type="identity">
      <class id="NCBITaxon:10088" label="Mus"/>
      <span end="22107" id="17022820-13315" start="22103">mice</span>
    </annotation>
    <annotation annotator="Mike Bada" id="organism_Instance_55858" type="identity">
      <class id="NCBITaxon:10088" label="Mus"/>
      <span end="22148" id="17022820-13317" start="22144">mice</span>
    </annotation>
    <annotation annotator="Mike Bada" id="organism_Instance_55863" type="identity">
      <class id="NCBITaxon:10088" label="Mus"/>
      <span end="22438" id="17022820-13319" start="22434">mice</span>
    </annotation>
    <annotation annotator="Mike Bada" id="organism_Instance_55868" type="identity">
      <class id="NCBITaxon:10088" label="Mus"/>
      <span end="22469" id="17022820-13321" start="22465">mice</span>
    </annotation>
    <annotation annotator="Mike Bada" id="organism_Instance_55873" type="identity">
      <class id="NCBITaxon:10088" label="Mus"/>
      <span end="22497" id="17022820-13323" start="22493">mice</span>
    </annotation>
    <annotation annotator="Mike Bada" id="organism_Instance_55878" type="identity">
      <class id="NCBITaxon:10088" label="Mus"/>
      <span end="22622" id="17022820-13325" start="22618">mice</span>
    </annotation>
    <annotation annotator="Mike Bada" id="organism_Instance_55883" type="identity">
      <class id="NCBITaxon:10088" label="Mus"/>
      <span end="22670" id="17022820-13327" start="22666">mice</span>
    </annotation>
    <annotation annotator="Mike Bada" id="organism_Instance_55888" type="identity">
      <class id="NCBITaxon:10088" label="Mus"/>
      <span end="23294" id="17022820-13329" start="23290">mice</span>
    </annotation>
    <annotation annotator="Mike Bada" id="organism_Instance_55893" type="identity">
      <class id="NCBITaxon:10088" label="Mus"/>
      <span end="23367" id="17022820-13331" start="23363">mice</span>
    </annotation>
    <annotation annotator="Mike Bada" id="organism_Instance_55898" type="identity">
      <class id="NCBITaxon:10088" label="Mus"/>
      <span end="23439" id="17022820-13333" start="23435">mice</span>
    </annotation>
    <annotation annotator="Mike Bada" id="organism_Instance_55903" type="identity">
      <class id="NCBITaxon:10088" label="Mus"/>
      <span end="23480" id="17022820-13335" start="23476">mice</span>
    </annotation>
    <annotation annotator="Mike Bada" id="organism_Instance_55908" type="identity">
      <class id="NCBITaxon:10088" label="Mus"/>
      <span end="23875" id="17022820-13337" start="23871">mice</span>
    </annotation>
    <annotation annotator="Mike Bada" id="organism_Instance_55913" type="identity">
      <class id="NCBITaxon:10088" label="Mus"/>
      <span end="23996" id="17022820-13339" start="23992">mice</span>
    </annotation>
    <annotation annotator="Mike Bada" id="organism_Instance_55918" type="identity">
      <class id="NCBITaxon:10088" label="Mus"/>
      <span end="24012" id="17022820-13341" start="24008">mice</span>
    </annotation>
    <annotation annotator="Mike Bada" id="organism_Instance_55923" type="identity">
      <class id="NCBITaxon:10088" label="Mus"/>
      <span end="24121" id="17022820-13343" start="24117">mice</span>
    </annotation>
    <annotation annotator="Mike Bada" id="organism_Instance_55928" type="identity">
      <class id="NCBITaxon:10088" label="Mus"/>
      <span end="24206" id="17022820-13345" start="24202">mice</span>
    </annotation>
    <annotation annotator="Mike Bada" id="organism_Instance_55933" type="identity">
      <class id="NCBITaxon:10088" label="Mus"/>
      <span end="24302" id="17022820-13347" start="24298">mice</span>
    </annotation>
    <annotation annotator="Mike Bada" id="organism_Instance_55938" type="identity">
      <class id="NCBITaxon:10088" label="Mus"/>
      <span end="24371" id="17022820-13349" start="24367">mice</span>
    </annotation>
    <annotation annotator="Mike Bada" id="organism_Instance_55943" type="identity">
      <class id="NCBITaxon:10088" label="Mus"/>
      <span end="24506" id="17022820-13351" start="24502">mice</span>
    </annotation>
    <annotation annotator="Mike Bada" id="organism_Instance_55948" type="identity">
      <class id="NCBITaxon:10088" label="Mus"/>
      <span end="24530" id="17022820-13353" start="24526">mice</span>
    </annotation>
    <annotation annotator="Mike Bada" id="organism_Instance_55953" type="identity">
      <class id="NCBITaxon:10088" label="Mus"/>
      <span end="24826" id="17022820-13355" start="24822">mice</span>
    </annotation>
    <annotation annotator="Mike Bada" id="organism_Instance_55958" type="identity">
      <class id="NCBITaxon:10088" label="Mus"/>
      <span end="25141" id="17022820-13357" start="25137">mice</span>
    </annotation>
    <annotation annotator="Mike Bada" id="organism_Instance_55963" type="identity">
      <class id="NCBITaxon:10088" label="Mus"/>
      <span end="25368" id="17022820-13359" start="25364">mice</span>
    </annotation>
    <annotation annotator="Mike Bada" id="organism_Instance_55968" type="identity">
      <class id="NCBITaxon:10088" label="Mus"/>
      <span end="25403" id="17022820-13361" start="25399">mice</span>
    </annotation>
    <annotation annotator="Mike Bada" id="organism_Instance_55973" type="identity">
      <class id="NCBITaxon:10088" label="Mus"/>
      <span end="25557" id="17022820-13363" start="25553">mice</span>
    </annotation>
    <annotation annotator="Mike Bada" id="organism_Instance_55978" type="identity">
      <class id="NCBITaxon:10088" label="Mus"/>
      <span end="25630" id="17022820-13365" start="25626">mice</span>
    </annotation>
    <annotation annotator="Mike Bada" id="organism_Instance_55983" type="identity">
      <class id="NCBITaxon:10088" label="Mus"/>
      <span end="25702" id="17022820-13367" start="25698">mice</span>
    </annotation>
    <annotation annotator="Mike Bada" id="organism_Instance_55988" type="identity">
      <class id="NCBITaxon:10088" label="Mus"/>
      <span end="25743" id="17022820-13369" start="25739">mice</span>
    </annotation>
    <annotation annotator="Mike Bada" id="organism_Instance_55993" type="identity">
      <class id="NCBITaxon:10088" label="Mus"/>
      <span end="26250" id="17022820-13371" start="26246">mice</span>
    </annotation>
    <annotation annotator="Mike Bada" id="organism_Instance_55998" type="identity">
      <class id="NCBITaxon:10088" label="Mus"/>
      <span end="26352" id="17022820-13373" start="26348">mice</span>
    </annotation>
    <annotation annotator="Mike Bada" id="organism_Instance_56003" type="identity">
      <class id="NCBITaxon:10088" label="Mus"/>
      <span end="26454" id="17022820-13375" start="26450">mice</span>
    </annotation>
    <annotation annotator="Mike Bada" id="organism_Instance_56008" type="identity">
      <class id="NCBITaxon:10088" label="Mus"/>
      <span end="26478" id="17022820-13377" start="26474">mice</span>
    </annotation>
    <annotation annotator="Mike Bada" id="organism_Instance_56013" type="identity">
      <class id="NCBITaxon:10088" label="Mus"/>
      <span end="26528" id="17022820-13379" start="26524">mice</span>
    </annotation>
    <annotation annotator="Mike Bada" id="organism_Instance_56018" type="identity">
      <class id="NCBITaxon:10088" label="Mus"/>
      <span end="26593" id="17022820-13381" start="26589">mice</span>
    </annotation>
    <annotation annotator="Mike Bada" id="organism_Instance_56023" type="identity">
      <class id="NCBITaxon:10088" label="Mus"/>
      <span end="26861" id="17022820-13383" start="26857">mice</span>
    </annotation>
    <annotation annotator="Mike Bada" id="organism_Instance_56028" type="identity">
      <class id="NCBITaxon:10088" label="Mus"/>
      <span end="26935" id="17022820-13385" start="26931">mice</span>
    </annotation>
    <annotation annotator="Mike Bada" id="organism_Instance_56033" type="identity">
      <class id="NCBITaxon:10088" label="Mus"/>
      <span end="27007" id="17022820-13387" start="27003">mice</span>
    </annotation>
    <annotation annotator="Mike Bada" id="organism_Instance_56038" type="identity">
      <class id="NCBITaxon:10088" label="Mus"/>
      <span end="27048" id="17022820-13389" start="27044">mice</span>
    </annotation>
    <annotation annotator="Mike Bada" id="organism_Instance_56043" type="identity">
      <class id="NCBITaxon:10088" label="Mus"/>
      <span end="27344" id="17022820-13391" start="27340">mice</span>
    </annotation>
    <annotation annotator="Mike Bada" id="organism_Instance_56048" type="identity">
      <class id="NCBITaxon:10088" label="Mus"/>
      <span end="27721" id="17022820-13393" start="27717">mice</span>
    </annotation>
    <annotation annotator="Mike Bada" id="organism_Instance_56053" type="identity">
      <class id="NCBITaxon:10088" label="Mus"/>
      <span end="27813" id="17022820-13395" start="27809">mice</span>
    </annotation>
    <annotation annotator="Mike Bada" id="organism_Instance_56058" type="identity">
      <class id="NCBITaxon:10088" label="Mus"/>
      <span end="28185" id="17022820-13397" start="28181">Mice</span>
    </annotation>
    <annotation annotator="Mike Bada" id="organism_Instance_56063" type="identity">
      <class id="NCBITaxon:10088" label="Mus"/>
      <span end="28439" id="17022820-13399" start="28435">mice</span>
    </annotation>
    <annotation annotator="Mike Bada" id="organism_Instance_56068" type="identity">
      <class id="NCBITaxon:10088" label="Mus"/>
      <span end="28796" id="17022820-13401" start="28792">mice</span>
    </annotation>
    <annotation annotator="Mike Bada" id="organism_Instance_56073" type="identity">
      <class id="NCBITaxon:10088" label="Mus"/>
      <span end="29086" id="17022820-13403" start="29082">mice</span>
    </annotation>
    <annotation annotator="Mike Bada" id="organism_Instance_56078" type="identity">
      <class id="NCBITaxon:10088" label="Mus"/>
      <span end="29110" id="17022820-13405" start="29106">mice</span>
    </annotation>
    <annotation annotator="Mike Bada" id="organism_Instance_56083" type="identity">
      <class id="NCBITaxon:10114" label="Rattus"/>
      <span end="29204" id="17022820-13407" start="29200">rats</span>
    </annotation>
    <annotation annotator="Mike Bada" id="organism_Instance_56088" type="identity">
      <class id="NCBITaxon:10088" label="Mus"/>
      <span end="29532" id="17022820-13409" start="29528">mice</span>
    </annotation>
    <annotation annotator="Mike Bada" id="organism_Instance_56093" type="identity">
      <class id="NCBITaxon:10088" label="Mus"/>
      <span end="29637" id="17022820-13411" start="29633">mice</span>
    </annotation>
    <annotation annotator="Mike Bada" id="organism_Instance_56098" type="identity">
      <class id="NCBITaxon:10088" label="Mus"/>
      <span end="29739" id="17022820-13413" start="29735">mice</span>
    </annotation>
    <annotation annotator="Mike Bada" id="organism_Instance_56103" type="identity">
      <class id="NCBITaxon:10088" label="Mus"/>
      <span end="29842" id="17022820-13415" start="29838">mice</span>
    </annotation>
    <annotation annotator="Mike Bada" id="organism_Instance_56108" type="identity">
      <class id="NCBITaxon:10088" label="Mus"/>
      <span end="29940" id="17022820-13417" start="29936">mice</span>
    </annotation>
    <annotation annotator="Mike Bada" id="organism_Instance_56113" type="identity">
      <class id="NCBITaxon:10088" label="Mus"/>
      <span end="29974" id="17022820-13419" start="29970">mice</span>
    </annotation>
    <annotation annotator="Mike Bada" id="organism_Instance_56118" type="identity">
      <class id="NCBITaxon:10088" label="Mus"/>
      <span end="30183" id="17022820-13421" start="30179">mice</span>
    </annotation>
    <annotation annotator="Mike Bada" id="organism_Instance_56123" type="identity">
      <class id="NCBITaxon:10088" label="Mus"/>
      <span end="30285" id="17022820-13423" start="30281">mice</span>
    </annotation>
    <annotation annotator="Mike Bada" id="organism_Instance_56128" type="identity">
      <class id="NCBITaxon:10088" label="Mus"/>
      <span end="30332" id="17022820-13425" start="30328">mice</span>
    </annotation>
    <annotation annotator="Mike Bada" id="organism_Instance_56133" type="identity">
      <class id="NCBITaxon:10088" label="Mus"/>
      <span end="30363" id="17022820-13427" start="30359">mice</span>
    </annotation>
    <annotation annotator="Mike Bada" id="organism_Instance_56138" type="identity">
      <class id="NCBITaxon:10088" label="Mus"/>
      <span end="30466" id="17022820-13429" start="30462">mice</span>
    </annotation>
    <annotation annotator="Mike Bada" id="organism_Instance_56143" type="identity">
      <class id="NCBITaxon:10088" label="Mus"/>
      <span end="30655" id="17022820-13431" start="30651">mice</span>
    </annotation>
    <annotation annotator="Mike Bada" id="organism_Instance_56148" type="identity">
      <class id="NCBITaxon:10088" label="Mus"/>
      <span end="30809" id="17022820-13433" start="30805">Mice</span>
    </annotation>
    <annotation annotator="Mike Bada" id="organism_Instance_56153" type="identity">
      <class id="NCBITaxon:10088" label="Mus"/>
      <span end="31147" id="17022820-13435" start="31143">mice</span>
    </annotation>
    <annotation annotator="Mike Bada" id="organism_Instance_56163" type="identity">
      <class id="NCBITaxon:10088" label="Mus"/>
      <span end="31330" id="17022820-13437" start="31325">mouse</span>
    </annotation>
    <annotation annotator="Mike Bada" id="organism_Instance_56168" type="identity">
      <class id="NCBITaxon:10088" label="Mus"/>
      <span end="31472" id="17022820-13439" start="31468">mice</span>
    </annotation>
    <annotation annotator="Mike Bada" id="organism_Instance_56173" type="identity">
      <class id="NCBITaxon:10088" label="Mus"/>
      <span end="31562" id="17022820-13441" start="31558">mice</span>
    </annotation>
    <annotation annotator="Mike Bada" id="organism_Instance_56178" type="identity">
      <class id="NCBITaxon:10088" label="Mus"/>
      <span end="31589" id="17022820-13443" start="31585">mice</span>
    </annotation>
    <annotation annotator="Mike Bada" id="organism_Instance_56183" type="identity">
      <class id="NCBITaxon:10088" label="Mus"/>
      <span end="31674" id="17022820-13445" start="31670">mice</span>
    </annotation>
    <annotation annotator="Mike Bada" id="organism_Instance_56188" type="identity">
      <class id="NCBITaxon:10088" label="Mus"/>
      <span end="31732" id="17022820-13447" start="31728">mice</span>
    </annotation>
    <annotation annotator="Mike Bada" id="organism_Instance_56193" type="identity">
      <class id="NCBITaxon:10088" label="Mus"/>
      <span end="31899" id="17022820-13449" start="31895">mice</span>
    </annotation>
    <annotation annotator="Mike Bada" id="organism_Instance_56198" type="identity">
      <class id="NCBITaxon:10088" label="Mus"/>
      <span end="31993" id="17022820-13451" start="31989">mice</span>
    </annotation>
    <annotation annotator="Mike Bada" id="organism_Instance_56203" type="identity">
      <class id="NCBITaxon:10088" label="Mus"/>
      <span end="32013" id="17022820-13453" start="32009">mice</span>
    </annotation>
    <annotation annotator="Mike Bada" id="organism_Instance_56208" type="identity">
      <class id="NCBITaxon:10088" label="Mus"/>
      <span end="32227" id="17022820-13455" start="32223">mice</span>
    </annotation>
    <annotation annotator="Mike Bada" id="organism_Instance_56213" type="identity">
      <class id="NCBITaxon:10088" label="Mus"/>
      <span end="32273" id="17022820-13457" start="32269">mice</span>
    </annotation>
    <annotation annotator="Mike Bada" id="organism_Instance_56218" type="identity">
      <class id="NCBITaxon:10088" label="Mus"/>
      <span end="32590" id="17022820-13459" start="32586">mice</span>
    </annotation>
    <annotation annotator="Mike Bada" id="organism_Instance_56223" type="identity">
      <class id="NCBITaxon:10088" label="Mus"/>
      <span end="32703" id="17022820-13461" start="32699">mice</span>
    </annotation>
    <annotation annotator="Mike Bada" id="organism_Instance_56228" type="identity">
      <class id="NCBITaxon:10088" label="Mus"/>
      <span end="32790" id="17022820-13463" start="32786">mice</span>
    </annotation>
    <annotation annotator="Mike Bada" id="organism_Instance_56233" type="identity">
      <class id="NCBITaxon:10088" label="Mus"/>
      <span end="32838" id="17022820-13465" start="32834">mice</span>
    </annotation>
    <annotation annotator="Mike Bada" id="organism_Instance_56238" type="identity">
      <class id="NCBITaxon:10088" label="Mus"/>
      <span end="32917" id="17022820-13467" start="32913">mice</span>
    </annotation>
    <annotation annotator="Mike Bada" id="organism_Instance_56243" type="identity">
      <class id="NCBITaxon:10088" label="Mus"/>
      <span end="33017" id="17022820-13469" start="33013">mice</span>
    </annotation>
    <annotation annotator="Mike Bada" id="organism_Instance_56248" type="identity">
      <class id="NCBITaxon:10088" label="Mus"/>
      <span end="33253" id="17022820-13471" start="33249">mice</span>
    </annotation>
    <annotation annotator="Mike Bada" id="organism_Instance_56253" type="identity">
      <class id="NCBITaxon:10088" label="Mus"/>
      <span end="33432" id="17022820-13473" start="33428">mice</span>
    </annotation>
    <annotation annotator="Mike Bada" id="organism_Instance_56258" type="identity">
      <class id="NCBITaxon:10088" label="Mus"/>
      <span end="33668" id="17022820-13475" start="33664">mice</span>
    </annotation>
    <annotation annotator="Mike Bada" id="organism_Instance_56263" type="identity">
      <class id="NCBITaxon:10088" label="Mus"/>
      <span end="33835" id="17022820-13477" start="33831">mice</span>
    </annotation>
    <annotation annotator="Mike Bada" id="organism_Instance_56268" type="identity">
      <class id="NCBITaxon:10088" label="Mus"/>
      <span end="33865" id="17022820-13479" start="33861">mice</span>
    </annotation>
    <annotation annotator="Mike Bada" id="organism_Instance_56273" type="identity">
      <class id="NCBITaxon:10088" label="Mus"/>
      <span end="33879" id="17022820-13481" start="33875">mice</span>
    </annotation>
    <annotation annotator="Mike Bada" id="organism_Instance_56278" type="identity">
      <class id="NCBITaxon:10088" label="Mus"/>
      <span end="34007" id="17022820-13483" start="34002">mouse</span>
    </annotation>
    <annotation annotator="Mike Bada" id="organism_Instance_56283" type="identity">
      <class id="NCBITaxon:10088" label="Mus"/>
      <span end="34055" id="17022820-13485" start="34051">mice</span>
    </annotation>
    <annotation annotator="Mike Bada" id="organism_Instance_56288" type="identity">
      <class id="NCBITaxon:10088" label="Mus"/>
      <span end="34105" id="17022820-13487" start="34101">mice</span>
    </annotation>
    <annotation annotator="Mike Bada" id="organism_Instance_56293" type="identity">
      <class id="NCBITaxon:10088" label="Mus"/>
      <span end="34125" id="17022820-13489" start="34121">mice</span>
    </annotation>
    <annotation annotator="Mike Bada" id="organism_Instance_56298" type="identity">
      <class id="NCBITaxon:10088" label="Mus"/>
      <span end="34352" id="17022820-13491" start="34348">mice</span>
    </annotation>
    <annotation annotator="Mike Bada" id="organism_Instance_56303" type="identity">
      <class id="NCBITaxon:10088" label="Mus"/>
      <span end="34530" id="17022820-13493" start="34526">mice</span>
    </annotation>
    <annotation annotator="Mike Bada" id="organism_Instance_56308" type="identity">
      <class id="NCBITaxon:10088" label="Mus"/>
      <span end="34775" id="17022820-13495" start="34771">mice</span>
    </annotation>
    <annotation annotator="Mike Bada" id="organism_Instance_56313" type="identity">
      <class id="NCBITaxon:10088" label="Mus"/>
      <span end="35078" id="17022820-13497" start="35074">mice</span>
    </annotation>
    <annotation annotator="Mike Bada" id="organism_Instance_56318" type="identity">
      <class id="NCBITaxon:10088" label="Mus"/>
      <span end="35297" id="17022820-13499" start="35293">mice</span>
    </annotation>
    <annotation annotator="Mike Bada" id="organism_Instance_56323" type="identity">
      <class id="NCBITaxon:10088" label="Mus"/>
      <span end="35527" id="17022820-13501" start="35523">mice</span>
    </annotation>
    <annotation annotator="Mike Bada" id="organism_Instance_56328" type="identity">
      <class id="NCBITaxon:10088" label="Mus"/>
      <span end="36833" id="17022820-13503" start="36828">mouse</span>
    </annotation>
    <graph-space id="Old Knowtator Relations"/>
  </document>
</knowtator-project>
