<?xml version="1.0" encoding="UTF-8" standalone="no"?>
<knowtator-project>
  <document id="17083276" text-file="17083276.txt">
    <annotation annotator="Mike Bada" id="organism_Instance_57963" type="identity">
      <class id="NCBITaxon:40674" label="Mammalia"/>
      <span end="110" id="17083276-13794" start="101">mammalian</span>
    </annotation>
    <annotation annotator="Mike Bada" id="organism_Instance_57968" type="identity">
      <class id="NCBITaxon:10088" label="Mus"/>
      <span end="414" id="17083276-13796" start="409">mouse</span>
    </annotation>
    <annotation annotator="Mike Bada" id="organism_Instance_57973" type="identity">
      <class id="NCBITaxon:10088" label="Mus"/>
      <span end="1576" id="17083276-13798" start="1571">mouse</span>
    </annotation>
    <annotation annotator="Mike Bada" id="organism_Instance_57978" type="identity">
      <class id="NCBITaxon:10088" label="Mus"/>
      <span end="2783" id="17083276-13800" start="2778">mouse</span>
    </annotation>
    <annotation annotator="Mike Bada" id="organism_Instance_57983" type="identity">
      <class id="NCBITaxon:10088" label="Mus"/>
      <span end="3216" id="17083276-13802" start="3211">mouse</span>
    </annotation>
    <annotation annotator="Mike Bada" id="organism_Instance_57988" type="identity">
      <class id="NCBITaxon:40674" label="Mammalia"/>
      <span end="5331" id="17083276-13804" start="5324">mammals</span>
    </annotation>
    <annotation annotator="Mike Bada" id="organism_Instance_57993" type="identity">
      <class id="NCBITaxon:10088" label="Mus"/>
      <span end="5457" id="17083276-13806" start="5452">mouse</span>
    </annotation>
    <annotation annotator="Mike Bada" id="organism_Instance_57998" type="identity">
      <class id="NCBITaxon:10088" label="Mus"/>
      <span end="5610" id="17083276-13808" start="5605">mouse</span>
    </annotation>
    <annotation annotator="Mike Bada" id="organism_Instance_58003" type="identity">
      <class id="NCBITaxon:10088" label="Mus"/>
      <span end="5920" id="17083276-13810" start="5916">mice</span>
    </annotation>
    <annotation annotator="Mike Bada" id="organism_Instance_58008" type="identity">
      <class id="NCBITaxon:10088" label="Mus"/>
      <span end="6069" id="17083276-13812" start="6065">mice</span>
    </annotation>
    <annotation annotator="Mike Bada" id="organism_Instance_58013" type="identity">
      <class id="NCBITaxon:10088" label="Mus"/>
      <span end="6118" id="17083276-13814" start="6114">mice</span>
    </annotation>
    <annotation annotator="Mike Bada" id="organism_Instance_58018" type="identity">
      <class id="NCBITaxon:10088" label="Mus"/>
      <span end="6386" id="17083276-13816" start="6382">mice</span>
    </annotation>
    <annotation annotator="Mike Bada" id="organism_Instance_58023" type="identity">
      <class id="NCBITaxon:10088" label="Mus"/>
      <span end="7485" id="17083276-13818" start="7480">mouse</span>
    </annotation>
    <annotation annotator="Mike Bada" id="organism_Instance_58028" type="identity">
      <class id="NCBITaxon:10088" label="Mus"/>
      <span end="9965" id="17083276-13820" start="9961">mice</span>
    </annotation>
    <annotation annotator="Mike Bada" id="organism_Instance_58033" type="identity">
      <class id="NCBITaxon:10088" label="Mus"/>
      <span end="10372" id="17083276-13822" start="10367">mouse</span>
    </annotation>
    <annotation annotator="Mike Bada" id="organism_Instance_58038" type="identity">
      <class id="NCBITaxon:40674" label="Mammalia"/>
      <span end="11820" id="17083276-13824" start="11811">mammalian</span>
    </annotation>
    <annotation annotator="Mike Bada" id="organism_Instance_58043" type="identity">
      <class id="NCBITaxon:10088" label="Mus"/>
      <span end="13007" id="17083276-13826" start="13002">mouse</span>
    </annotation>
    <annotation annotator="Mike Bada" id="organism_Instance_58053" type="identity">
      <class id="NCBITaxon:10088" label="Mus"/>
      <span end="18387" id="17083276-13828" start="18382">mouse</span>
    </annotation>
    <annotation annotator="Mike Bada" id="organism_Instance_58058" type="identity">
      <class id="NCBITaxon:7742" label="Vertebrata"/>
      <span end="18526" id="17083276-13830" start="18515">vertebrates</span>
    </annotation>
    <annotation annotator="Mike Bada" id="organism_Instance_58063" type="identity">
      <class id="NCBITaxon:8355" label="Xenopus laevis"/>
      <span end="18545" id="17083276-13832" start="18531">Xenopus laevis</span>
    </annotation>
    <annotation annotator="Mike Bada" id="organism_Instance_58068" type="identity">
      <class id="NCBITaxon:40674" label="Mammalia"/>
      <span end="18691" id="17083276-13834" start="18682">mammalian</span>
    </annotation>
    <annotation annotator="Mike Bada" id="organism_Instance_58073" type="identity">
      <class id="NCBITaxon:9606" label="Homo sapiens"/>
      <span end="19730" id="17083276-13836" start="19725">human</span>
    </annotation>
    <annotation annotator="Mike Bada" id="organism_Instance_250035" type="identity">
      <class id="NCBITaxon:3702" label="Arabidopsis thaliana"/>
      <span end="20601" id="17083276-13782" start="20581">Arabidopsis thaliana</span>
    </annotation>
    <annotation annotator="Mike Bada" id="organism_Instance_58078" type="identity">
      <class id="NCBITaxon:10088" label="Mus"/>
      <span end="20851" id="17083276-13838" start="20846">mouse</span>
    </annotation>
    <annotation annotator="Mike Bada" id="organism_Instance_58083" type="identity">
      <class id="NCBITaxon:10088" label="Mus"/>
      <span end="20869" id="17083276-13840" start="20864">mouse</span>
    </annotation>
    <annotation annotator="Mike Bada" id="organism_Instance_58088" type="identity">
      <class id="NCBITaxon:10088" label="Mus"/>
      <span end="21050" id="17083276-13842" start="21045">mouse</span>
    </annotation>
    <annotation annotator="Mike Bada" id="organism_Instance_281696" type="identity">
      <class id="NCBITaxon:species" label="species"/>
      <span end="21366" id="17083276-13792" start="21359">species</span>
    </annotation>
    <annotation annotator="Mike Bada" id="organism_Instance_58093" type="identity">
      <class id="NCBITaxon:2759" label="Eukaryota"/>
      <span end="21491" id="17083276-13844" start="21481">eukaryotes</span>
    </annotation>
    <annotation annotator="Mike Bada" id="organism_Instance_58098" type="identity">
      <class id="NCBITaxon:40674" label="Mammalia"/>
      <span end="21522" id="17083276-13846" start="21515">mammals</span>
    </annotation>
    <annotation annotator="Mike Bada" id="organism_Instance_250040" type="identity">
      <class id="NCBITaxon:4932" label="Saccharomyces cerevisiae"/>
      <span end="21566" id="17083276-13784" start="21542">Saccharomyces cerevisiae</span>
    </annotation>
    <annotation annotator="Mike Bada" id="organism_Instance_58103" type="identity">
      <class id="NCBITaxon:4892" label="Saccharomycetales"/>
      <span end="21605" id="17083276-13848" start="21592">budding yeast</span>
    </annotation>
    <annotation annotator="Mike Bada" id="organism_Instance_58108" type="identity">
      <class id="NCBITaxon:2759" label="Eukaryota"/>
      <span end="21694" id="17083276-13850" start="21684">eukaryotes</span>
    </annotation>
    <annotation annotator="Mike Bada" id="organism_Instance_250045" type="identity">
      <class id="NCBITaxon:4932" label="Saccharomyces cerevisiae"/>
      <span end="21859" id="17083276-13786" start="21846">S. cerevisiae</span>
    </annotation>
    <annotation annotator="Mike Bada" id="organism_Instance_58113" type="identity">
      <class id="NCBITaxon:40674" label="Mammalia"/>
      <span end="21871" id="17083276-13852" start="21864">mammals</span>
    </annotation>
    <annotation annotator="Mike Bada" id="organism_Instance_250054" type="identity">
      <class id="NCBITaxon:4932" label="Saccharomyces cerevisiae"/>
      <span end="22085" id="17083276-13788" start="22072">S. cerevisiae</span>
    </annotation>
    <annotation annotator="Mike Bada" id="organism_Instance_58118" type="identity">
      <class id="NCBITaxon:2759" label="Eukaryota"/>
      <span end="22215" id="17083276-13854" start="22205">eukaryotes</span>
    </annotation>
    <annotation annotator="Mike Bada" id="organism_Instance_58123" type="identity">
      <class id="NCBITaxon:10088" label="Mus"/>
      <span end="23519" id="17083276-13856" start="23514">mouse</span>
    </annotation>
    <annotation annotator="Mike Bada" id="organism_Instance_58128" type="identity">
      <class id="NCBITaxon:10088" label="Mus"/>
      <span end="24873" id="17083276-13858" start="24869">mice</span>
    </annotation>
    <annotation annotator="Mike Bada" id="organism_Instance_58133" type="identity">
      <class id="NCBITaxon:10088" label="Mus"/>
      <span end="25349" id="17083276-13860" start="25345">mice</span>
    </annotation>
    <annotation annotator="Mike Bada" id="organism_Instance_58138" type="identity">
      <class id="NCBITaxon:10088" label="Mus"/>
      <span end="25467" id="17083276-13862" start="25463">mice</span>
    </annotation>
    <annotation annotator="Mike Bada" id="organism_Instance_58143" type="identity">
      <class id="NCBITaxon:10088" label="Mus"/>
      <span end="26081" id="17083276-13864" start="26076">mouse</span>
    </annotation>
    <annotation annotator="Mike Bada" id="organism_Instance_250115" type="identity">
      <class id="NCBITaxon:10088" label="Mus"/>
      <span end="28408" id="17083276-13790" start="28403">mouse</span>
    </annotation>
    <annotation annotator="Mike Bada" id="organism_Instance_58158" type="identity">
      <class id="NCBITaxon:33208" label="Metazoa"/>
      <span end="33405" id="17083276-13866" start="33399">animal</span>
    </annotation>
    <annotation annotator="Mike Bada" id="organism_Instance_58163" type="identity">
      <class id="NCBITaxon:10088" label="Mus"/>
      <span end="33933" id="17083276-13868" start="33928">mouse</span>
    </annotation>
    <annotation annotator="Mike Bada" id="organism_Instance_58168" type="identity">
      <class id="NCBITaxon:10088" label="Mus"/>
      <span end="34258" id="17083276-13870" start="34254">mice</span>
    </annotation>
    <annotation annotator="Mike Bada" id="organism_Instance_58173" type="identity">
      <class id="NCBITaxon:39107" label="Murinae"/>
      <span end="34459" id="17083276-13872" start="34453">murine</span>
    </annotation>
    <annotation annotator="Mike Bada" id="organism_Instance_58178" type="identity">
      <class id="NCBITaxon:10088" label="Mus"/>
      <span end="34779" id="17083276-13874" start="34775">mice</span>
    </annotation>
    <annotation annotator="Mike Bada" id="organism_Instance_58188" type="identity">
      <class id="NCBITaxon:10088" label="Mus"/>
      <span end="36921" id="17083276-13876" start="36916">mouse</span>
    </annotation>
    <annotation annotator="Mike Bada" id="organism_Instance_58218" type="identity">
      <class id="NCBITaxon:10088" label="Mus"/>
      <span end="39420" id="17083276-13878" start="39415">mouse</span>
    </annotation>
    <graph-space id="Old Knowtator Relations"/>
  </document>
</knowtator-project>
