<?xml version="1.0" encoding="UTF-8" standalone="no"?>
<knowtator-project>
    <document id="17244351" text-file="17244351.txt">
        <annotation annotator="Mike Bada" id="organism_Instance_60533" type="identity">
            <class id="NCBITaxon:10088" label="Mus"/>
            <span end="2132" id="17244351-14115" start="2127">mouse</span>
        </annotation>
        <annotation annotator="Mike Bada" id="organism_Instance_60538" type="identity">
            <class id="NCBITaxon:33208" label="Metazoa"/>
            <span end="2376" id="17244351-14117" start="2370">animal</span>
        </annotation>
        <annotation annotator="Mike Bada" id="organism_Instance_60543" type="identity">
            <class id="NCBITaxon:33208" label="Metazoa"/>
            <span end="2765" id="17244351-14119" start="2759">animal</span>
        </annotation>
        <annotation annotator="Mike Bada" id="organism_Instance_60548" type="identity">
            <class id="NCBITaxon:33208" label="Metazoa"/>
            <span end="2931" id="17244351-14121" start="2925">animal</span>
        </annotation>
        <annotation annotator="Mike Bada" id="organism_Instance_60553" type="identity">
            <class id="NCBITaxon:10088" label="Mus"/>
            <span end="3122" id="17244351-14123" start="3117">mouse</span>
        </annotation>
        <annotation annotator="Mike Bada" id="organism_Instance_60558" type="identity">
            <class id="NCBITaxon:10088" label="Mus"/>
            <span end="3271" id="17244351-14125" start="3266">mouse</span>
        </annotation>
        <annotation annotator="Mike Bada" id="organism_Instance_60563" type="identity">
            <class id="NCBITaxon:33208" label="Metazoa"/>
            <span end="3353" id="17244351-14127" start="3347">animal</span>
        </annotation>
        <annotation annotator="Mike Bada" id="organism_Instance_60568" type="identity">
            <class id="NCBITaxon:33208" label="Metazoa"/>
            <span end="4216" id="17244351-14129" start="4210">animal</span>
        </annotation>
        <annotation annotator="Mike Bada" id="organism_Instance_60573" type="identity">
            <class id="NCBITaxon:33208" label="Metazoa"/>
            <span end="4589" id="17244351-14131" start="4583">animal</span>
        </annotation>
        <annotation annotator="Mike Bada" id="organism_Instance_60578" type="identity">
            <class id="NCBITaxon:33208" label="Metazoa"/>
            <span end="4739" id="17244351-14133" start="4733">animal</span>
        </annotation>
        <annotation annotator="Mike Bada" id="organism_Instance_250414" type="identity">
            <class id="NCBITaxon:33208" label="Metazoa"/>
            <span end="5886" id="17244351-14113" start="5879">Animals</span>
        </annotation>
        <annotation annotator="Mike Bada" id="organism_Instance_60583" type="identity">
            <class id="NCBITaxon:10088" label="Mus"/>
            <span end="5955" id="17244351-14135" start="5951">mice</span>
        </annotation>
        <annotation annotator="Mike Bada" id="organism_Instance_60588" type="identity">
            <class id="NCBITaxon:33208" label="Metazoa"/>
            <span end="6106" id="17244351-14137" start="6100">animal</span>
        </annotation>
        <annotation annotator="Mike Bada" id="organism_Instance_60593" type="identity">
            <class id="NCBITaxon:33208" label="Metazoa"/>
            <span end="6156" id="17244351-14139" start="6150">animal</span>
        </annotation>
        <annotation annotator="Mike Bada" id="organism_Instance_60598" type="identity">
            <class id="NCBITaxon:33208" label="Metazoa"/>
            <span end="6206" id="17244351-14141" start="6200">Animal</span>
        </annotation>
        <annotation annotator="Mike Bada" id="organism_Instance_60603" type="identity">
            <class id="NCBITaxon:33208" label="Metazoa"/>
            <span end="6274" id="17244351-14143" start="6267">animals</span>
        </annotation>
        <annotation annotator="Mike Bada" id="organism_Instance_60608" type="identity">
            <class id="NCBITaxon:27592" label="Bovinae"/>
            <span end="6469" id="17244351-14145" start="6463">bovine</span>
        </annotation>
        <annotation annotator="Mike Bada" id="organism_Instance_60613" type="identity">
            <class id="NCBITaxon:33208" label="Metazoa"/>
            <span end="6639" id="17244351-14147" start="6632">animals</span>
        </annotation>
        <annotation annotator="Mike Bada" id="organism_Instance_60618" type="identity">
            <class id="NCBITaxon:10088" label="Mus"/>
            <span end="6849" id="17244351-14149" start="6845">mice</span>
        </annotation>
        <annotation annotator="Mike Bada" id="organism_Instance_60623" type="identity">
            <class id="NCBITaxon:10088" label="Mus"/>
            <span end="7142" id="17244351-14151" start="7138">mice</span>
        </annotation>
        <annotation annotator="Mike Bada" id="organism_Instance_60628" type="identity">
            <class id="NCBITaxon:10088" label="Mus"/>
            <span end="7195" id="17244351-14153" start="7191">mice</span>
        </annotation>
        <annotation annotator="Mike Bada" id="organism_Instance_60633" type="identity">
            <class id="NCBITaxon:10088" label="Mus"/>
            <span end="7266" id="17244351-14155" start="7262">mice</span>
        </annotation>
        <annotation annotator="Mike Bada" id="organism_Instance_60638" type="identity">
            <class id="NCBITaxon:10088" label="Mus"/>
            <span end="7359" id="17244351-14157" start="7355">mice</span>
        </annotation>
        <annotation annotator="Mike Bada" id="organism_Instance_60643" type="identity">
            <class id="NCBITaxon:10088" label="Mus"/>
            <span end="7380" id="17244351-14159" start="7376">mice</span>
        </annotation>
        <annotation annotator="Mike Bada" id="organism_Instance_60648" type="identity">
            <class id="NCBITaxon:10088" label="Mus"/>
            <span end="7501" id="17244351-14161" start="7497">mice</span>
        </annotation>
        <annotation annotator="Mike Bada" id="organism_Instance_60653" type="identity">
            <class id="NCBITaxon:10088" label="Mus"/>
            <span end="7594" id="17244351-14163" start="7590">mice</span>
        </annotation>
        <annotation annotator="Mike Bada" id="organism_Instance_60658" type="identity">
            <class id="NCBITaxon:10088" label="Mus"/>
            <span end="7615" id="17244351-14165" start="7611">mice</span>
        </annotation>
        <annotation annotator="Mike Bada" id="organism_Instance_60663" type="identity">
            <class id="NCBITaxon:10088" label="Mus"/>
            <span end="7860" id="17244351-14167" start="7856">mice</span>
        </annotation>
        <annotation annotator="Mike Bada" id="organism_Instance_60668" type="identity">
            <class id="NCBITaxon:10088" label="Mus"/>
            <span end="8771" id="17244351-14169" start="8767">mice</span>
        </annotation>
        <annotation annotator="Mike Bada" id="organism_Instance_60673" type="identity">
            <class id="NCBITaxon:9606" label="Homo sapiens"/>
            <span end="12217" id="17244351-14171" start="12212">human</span>
        </annotation>
        <annotation annotator="Mike Bada" id="organism_Instance_60678" type="identity">
            <class id="NCBITaxon:10088" label="Mus"/>
            <span end="12332" id="17244351-14173" start="12327">mouse</span>
        </annotation>
        <annotation annotator="Mike Bada" id="organism_Instance_60683" type="identity">
            <class id="NCBITaxon:9606" label="Homo sapiens"/>
            <span end="12806" id="17244351-14175" start="12801">human</span>
        </annotation>
        <annotation annotator="Mike Bada" id="organism_Instance_60688" type="identity">
            <class id="NCBITaxon:10088" label="Mus"/>
            <span end="13318" id="17244351-14177" start="13314">mice</span>
        </annotation>
        <annotation annotator="Mike Bada" id="organism_Instance_60693" type="identity">
            <class id="NCBITaxon:10088" label="Mus"/>
            <span end="13966" id="17244351-14179" start="13962">mice</span>
        </annotation>
        <annotation annotator="Mike Bada" id="organism_Instance_60698" type="identity">
            <class id="NCBITaxon:10088" label="Mus"/>
            <span end="14197" id="17244351-14181" start="14193">mice</span>
        </annotation>
        <annotation annotator="Mike Bada" id="organism_Instance_60703" type="identity">
            <class id="NCBITaxon:10088" label="Mus"/>
            <span end="15742" id="17244351-14183" start="15738">mice</span>
        </annotation>
        <annotation annotator="Mike Bada" id="organism_Instance_60708" type="identity">
            <class id="NCBITaxon:9606" label="Homo sapiens"/>
            <span end="19948" id="17244351-14185" start="19943">human</span>
        </annotation>
        <annotation annotator="Mike Bada" id="organism_Instance_60713" type="identity">
            <class id="NCBITaxon:10088" label="Mus"/>
            <span end="22352" id="17244351-14187" start="22348">mice</span>
        </annotation>
        <annotation annotator="Mike Bada" id="organism_Instance_60718" type="identity">
            <class id="NCBITaxon:10114" label="Rattus"/>
            <span end="23468" id="17244351-14189" start="23464">rats</span>
        </annotation>
        <annotation annotator="Mike Bada" id="organism_Instance_60723" type="identity">
            <class id="NCBITaxon:10088" label="Mus"/>
            <span end="23677" id="17244351-14191" start="23673">mice</span>
        </annotation>
        <annotation annotator="Mike Bada" id="organism_Instance_60728" type="identity">
            <class id="NCBITaxon:33208" label="Metazoa"/>
            <span end="24095" id="17244351-14193" start="24088">animals</span>
        </annotation>
        <annotation annotator="Mike Bada" id="organism_Instance_60733" type="identity">
            <class id="NCBITaxon:33208" label="Metazoa"/>
            <span end="24463" id="17244351-14195" start="24456">animals</span>
        </annotation>
        <annotation annotator="Mike Bada" id="organism_Instance_60738" type="identity">
            <class id="NCBITaxon:33208" label="Metazoa"/>
            <span end="25103" id="17244351-14197" start="25096">animals</span>
        </annotation>
        <annotation annotator="Mike Bada" id="organism_Instance_60743" type="identity">
            <class id="NCBITaxon:10088" label="Mus"/>
            <span end="25293" id="17244351-14199" start="25288">mouse</span>
        </annotation>
        <annotation annotator="Mike Bada" id="organism_Instance_60748" type="identity">
            <class id="NCBITaxon:9606" label="Homo sapiens"/>
            <span end="25303" id="17244351-14201" start="25298">human</span>
        </annotation>
        <annotation annotator="Mike Bada" id="organism_Instance_60753" type="identity">
            <class id="NCBITaxon:10088" label="Mus"/>
            <span end="25459" id="17244351-14203" start="25455">mice</span>
        </annotation>
        <annotation annotator="Mike Bada" id="organism_Instance_60758" type="identity">
            <class id="NCBITaxon:9606" label="Homo sapiens"/>
            <span end="25549" id="17244351-14205" start="25544">human</span>
        </annotation>
        <annotation annotator="Mike Bada" id="organism_Instance_60763" type="identity">
            <class id="NCBITaxon:33208" label="Metazoa"/>
            <span end="26175" id="17244351-14207" start="26169">animal</span>
        </annotation>
        <annotation annotator="Mike Bada" id="organism_Instance_60768" type="identity">
            <class id="NCBITaxon:33208" label="Metazoa"/>
            <span end="27773" id="17244351-14209" start="27767">animal</span>
        </annotation>
        <graph-space id="Old Knowtator Relations"/>
    </document>
</knowtator-project>
