<?xml version="1.0" encoding="UTF-8" standalone="no"?>
<knowtator-project>
    <document id="17447844" text-file="17447844.txt">
        <annotation annotator="Mike Bada" id="organism_Instance_180000" type="identity">
            <class id="NCBITaxon:40674" label="Mammalia"/>
            <span end="8" id="17447844-14367" start="2">Mammal</span>
        </annotation>
        <annotation annotator="Mike Bada" id="organism_Instance_61091" type="identity">
            <class id="NCBITaxon:40674" label="Mammalia"/>
            <span end="250" id="17447844-14404" start="243">mammals</span>
        </annotation>
        <annotation annotator="Mike Bada" id="organism_Instance_220005" type="identity">
            <class id="NCBITaxon:40674" label="Mammalia"/>
            <span end="656" id="17447844-14369" start="650">mammal</span>
        </annotation>
        <annotation annotator="Mike Bada" id="NCBITAXON_2015_03_02_Instance_80038" type="identity">
            <class id="NCBITaxon_EXT:invertebrate" label="invertebrate"/>
            <span end="701" id="17447844-14363" start="689">invertebrate</span>
        </annotation>
        <annotation annotator="Mike Bada" id="organism_Instance_61096" type="identity">
            <class id="NCBITaxon:40674" label="Mammalia"/>
            <span end="1773" id="17447844-14406" start="1766">mammals</span>
        </annotation>
        <annotation annotator="Mike Bada" id="organism_Instance_61101" type="identity">
            <class id="NCBITaxon:7742" label="Vertebrata"/>
            <span end="1803" id="17447844-14408" start="1792">vertebrates</span>
        </annotation>
        <annotation annotator="Mike Bada" id="organism_Instance_61106" type="identity">
            <class id="NCBITaxon:7215" label="Drosophila"/>
            <span end="1952" id="17447844-14410" start="1942">Drosophila</span>
        </annotation>
        <annotation annotator="Mike Bada" id="organism_Instance_61111" type="identity">
            <class id="NCBITaxon:33208" label="Metazoa"/>
            <span end="2027" id="17447844-14412" start="2020">animals</span>
        </annotation>
        <annotation annotator="Mike Bada" id="organism_Instance_61116" type="identity">
            <class id="NCBITaxon:6231" label="Nematoda"/>
            <span end="2052" id="17447844-14414" start="2042">roundworms</span>
        </annotation>
        <annotation annotator="Mike Bada" id="organism_Instance_61121" type="identity">
            <class id="NCBITaxon:40674" label="Mammalia"/>
            <span end="2063" id="17447844-14416" start="2056">mammals</span>
        </annotation>
        <annotation annotator="Mike Bada" id="organism_Instance_61126" type="identity">
            <class id="NCBITaxon:10088" label="Mus"/>
            <span end="2166" id="17447844-14418" start="2161">mouse</span>
        </annotation>
        <annotation annotator="Mike Bada" id="organism_Instance_61131" type="identity">
            <class id="NCBITaxon:40674" label="Mammalia"/>
            <span end="2182" id="17447844-14420" start="2175">mammals</span>
        </annotation>
        <annotation annotator="Mike Bada" id="organism_Instance_61136" type="identity">
            <class id="NCBITaxon:40674" label="Mammalia"/>
            <span end="2923" id="17447844-14422" start="2916">mammals</span>
        </annotation>
        <annotation annotator="Mike Bada" id="organism_Instance_61141" type="identity">
            <class id="NCBITaxon:7742" label="Vertebrata"/>
            <span end="2953" id="17447844-14424" start="2942">vertebrates</span>
        </annotation>
        <annotation annotator="Mike Bada" id="organism_Instance_61146" type="identity">
            <class id="NCBITaxon:40674" label="Mammalia"/>
            <span end="3047" id="17447844-14426" start="3040">mammals</span>
        </annotation>
        <annotation annotator="Mike Bada" id="organism_Instance_250012" type="identity">
            <class id="NCBITaxon:40674" label="Mammalia"/>
            <span end="3655" id="17447844-14371" start="3646">Mammalian</span>
        </annotation>
        <annotation annotator="Mike Bada" id="organism_Instance_61151" type="identity">
            <class id="NCBITaxon:9606" label="Homo sapiens"/>
            <span end="4604" id="17447844-14428" start="4599">human</span>
        </annotation>
        <annotation annotator="Mike Bada" id="organism_Instance_61156" type="identity">
            <class id="NCBITaxon:9606" label="Homo sapiens"/>
            <span end="4663" id="17447844-14430" start="4658">human</span>
        </annotation>
        <annotation annotator="Mike Bada" id="organism_Instance_61161" type="identity">
            <class id="NCBITaxon:10088" label="Mus"/>
            <span end="4904" id="17447844-14432" start="4899">mouse</span>
        </annotation>
        <annotation annotator="Mike Bada" id="organism_Instance_61166" type="identity">
            <class id="NCBITaxon:40674" label="Mammalia"/>
            <span end="5066" id="17447844-14434" start="5059">mammals</span>
        </annotation>
        <annotation annotator="Mike Bada" id="organism_Instance_61171" type="identity">
            <class id="NCBITaxon:40674" label="Mammalia"/>
            <span end="5209" id="17447844-14436" start="5202">mammals</span>
        </annotation>
        <annotation annotator="Mike Bada" id="organism_Instance_250017" type="identity">
            <class id="NCBITaxon:9347" label="Eutheria"/>
            <span end="5593" id="17447844-14373" start="5584">eutherian</span>
            <span end="5615" id="17447844-14374" start="5608">mammals</span>
        </annotation>
        <annotation annotator="Mike Bada" id="organism_Instance_61176" type="identity">
            <class id="NCBITaxon:9263" label="Metatheria"/>
            <span end="5615" id="17447844-14438" start="5598">marsupial mammals</span>
        </annotation>
        <annotation annotator="Mike Bada" id="organism_Instance_61186" type="identity">
            <class id="NCBITaxon:1" label="root"/>
            <span end="6576" id="17447844-14440" start="6567">organisms</span>
        </annotation>
        <annotation annotator="Mike Bada" id="organism_Instance_281580" type="identity">
            <class id="NCBITaxon:phylum" label="phylum"/>
            <span end="6788" id="17447844-14402" start="6783">phyla</span>
        </annotation>
        <annotation annotator="Mike Bada" id="organism_Instance_61191" type="identity">
            <class id="NCBITaxon:7215" label="Drosophila"/>
            <span end="6865" id="17447844-14442" start="6855">Drosophila</span>
        </annotation>
        <annotation annotator="Mike Bada" id="organism_Instance_61196" type="identity">
            <class id="NCBITaxon:6960" label="Hexapoda"/>
            <span end="7050" id="17447844-14444" start="7043">insects</span>
        </annotation>
        <annotation annotator="Mike Bada" id="organism_Instance_61201" type="identity">
            <class id="NCBITaxon:6231" label="Nematoda"/>
            <span end="7061" id="17447844-14446" start="7052">nematodes</span>
        </annotation>
        <annotation annotator="Mike Bada" id="organism_Instance_61206" type="identity">
            <class id="NCBITaxon:40674" label="Mammalia"/>
            <span end="7074" id="17447844-14448" start="7067">mammals</span>
        </annotation>
        <annotation annotator="Mike Bada" id="organism_Instance_250023" type="identity">
            <class id="NCBITaxon:6239" label="Caenorhabditis elegans"/>
            <span end="7121" id="17447844-14376" start="7099">Caenorhabditis elegans</span>
        </annotation>
        <annotation annotator="Mike Bada" id="organism_Instance_260028" type="identity">
            <class id="NCBITaxon:7742" label="Vertebrata"/>
            <span end="7405" id="17447844-14378" start="7394">Vertebrates</span>
        </annotation>
        <annotation annotator="Mike Bada" id="organism_Instance_61211" type="identity">
            <class id="NCBITaxon:40674" label="Mammalia"/>
            <span end="7544" id="17447844-14450" start="7537">Mammals</span>
        </annotation>
        <annotation annotator="Mike Bada" id="organism_Instance_61216" type="identity">
            <class id="NCBITaxon:40674" label="Mammalia"/>
            <span end="7778" id="17447844-14452" start="7771">mammals</span>
        </annotation>
        <annotation annotator="Mike Bada" id="organism_Instance_61221" type="identity">
            <class id="NCBITaxon:8782" label="Aves"/>
            <span end="7785" id="17447844-14454" start="7780">birds</span>
        </annotation>
        <annotation annotator="Mike Bada" id="NCBITAXON_2015_03_02_Instance_60127" type="identity">
            <class id="NCBITaxon_EXT:fish" label="fish"/>
            <span end="7791" id="17447844-14351" start="7787">fish</span>
        </annotation>
        <annotation annotator="Mike Bada" id="NCBITAXON_2015_03_02_Instance_60137" type="identity">
            <class id="NCBITaxon_EXT:reptile" label="reptile"/>
            <span end="7805" id="17447844-14353" start="7797">reptiles</span>
        </annotation>
        <annotation annotator="Mike Bada" id="organism_Instance_61226" type="identity">
            <class id="NCBITaxon:8088" label="Oryziinae"/>
            <span end="7912" id="17447844-14456" start="7901">Medaka fish</span>
        </annotation>
        <annotation annotator="Mike Bada" id="organism_Instance_61231" type="identity">
            <class id="NCBITaxon:9606" label="Homo sapiens"/>
            <span end="7927" id="17447844-14458" start="7922">Human</span>
        </annotation>
        <annotation annotator="Mike Bada" id="organism_Instance_61236" type="identity">
            <class id="NCBITaxon:10088" label="Mus"/>
            <span end="8090" id="17447844-14460" start="8086">mice</span>
        </annotation>
        <annotation annotator="Mike Bada" id="organism_Instance_61241" type="identity">
            <class id="NCBITaxon:10088" label="Mus"/>
            <span end="8238" id="17447844-14462" start="8234">mice</span>
        </annotation>
        <annotation annotator="Mike Bada" id="organism_Instance_61246" type="identity">
            <class id="NCBITaxon:7742" label="Vertebrata"/>
            <span end="8496" id="17447844-14464" start="8486">vertebrate</span>
        </annotation>
        <annotation annotator="Mike Bada" id="organism_Instance_61251" type="identity">
            <class id="NCBITaxon:10088" label="Mus"/>
            <span end="8614" id="17447844-14466" start="8610">mice</span>
        </annotation>
        <annotation annotator="Mike Bada" id="NCBITAXON_2015_03_02_Instance_60143" type="identity">
            <class id="NCBITaxon_EXT:fish" label="fish"/>
            <span end="8623" id="17447844-14355" start="8619">fish</span>
        </annotation>
        <annotation annotator="Mike Bada" id="organism_Instance_61256" type="identity">
            <class id="NCBITaxon:10088" label="Mus"/>
            <span end="8719" id="17447844-14468" start="8714">mouse</span>
        </annotation>
        <annotation annotator="Mike Bada" id="organism_Instance_61261" type="identity">
            <class id="NCBITaxon:40674" label="Mammalia"/>
            <span end="8837" id="17447844-14470" start="8830">mammals</span>
        </annotation>
        <annotation annotator="Mike Bada" id="NCBITAXON_2015_03_02_Instance_70042" type="identity">
            <class id="NCBITaxon:40674" label="Mammalia"/>
            <span end="8861" id="17447844-14361" start="8852">mammalian</span>
        </annotation>
        <annotation annotator="Mike Bada" id="organism_Instance_61266" type="identity">
            <class id="NCBITaxon:7742" label="Vertebrata"/>
            <span end="8873" id="17447844-14472" start="8862">vertebrates</span>
        </annotation>
        <annotation annotator="Mike Bada" id="organism_Instance_61271" type="identity">
            <class id="NCBITaxon:10088" label="Mus"/>
            <span end="9100" id="17447844-14474" start="9095">mouse</span>
        </annotation>
        <annotation annotator="Mike Bada" id="organism_Instance_61276" type="identity">
            <class id="NCBITaxon:10088" label="Mus"/>
            <span end="10624" id="17447844-14476" start="10619">mouse</span>
        </annotation>
        <annotation annotator="Mike Bada" id="organism_Instance_61281" type="identity">
            <class id="NCBITaxon:40674" label="Mammalia"/>
            <span end="12616" id="17447844-14478" start="12607">mammalian</span>
        </annotation>
        <annotation annotator="Mike Bada" id="organism_Instance_61286" type="identity">
            <class id="NCBITaxon:10088" label="Mus"/>
            <span end="12710" id="17447844-14480" start="12705">mouse</span>
        </annotation>
        <annotation annotator="Mike Bada" id="organism_Instance_61291" type="identity">
            <class id="NCBITaxon:10088" label="Mus"/>
            <span end="13835" id="17447844-14482" start="13831">mice</span>
        </annotation>
        <annotation annotator="Mike Bada" id="organism_Instance_61296" type="identity">
            <class id="NCBITaxon:33208" label="Metazoa"/>
            <span end="14738" id="17447844-14484" start="14731">animals</span>
        </annotation>
        <annotation annotator="Mike Bada" id="organism_Instance_61301" type="identity">
            <class id="NCBITaxon:33208" label="Metazoa"/>
            <span end="14831" id="17447844-14486" start="14824">animals</span>
        </annotation>
        <annotation annotator="Mike Bada" id="organism_Instance_61306" type="identity">
            <class id="NCBITaxon:10088" label="Mus"/>
            <span end="14861" id="17447844-14488" start="14857">mice</span>
        </annotation>
        <annotation annotator="Mike Bada" id="organism_Instance_61311" type="identity">
            <class id="NCBITaxon:10088" label="Mus"/>
            <span end="14958" id="17447844-14490" start="14954">mice</span>
        </annotation>
        <annotation annotator="Mike Bada" id="organism_Instance_61316" type="identity">
            <class id="NCBITaxon:10088" label="Mus"/>
            <span end="15033" id="17447844-14492" start="15029">mice</span>
        </annotation>
        <annotation annotator="Mike Bada" id="organism_Instance_61321" type="identity">
            <class id="NCBITaxon:10088" label="Mus"/>
            <span end="15074" id="17447844-14494" start="15070">mice</span>
        </annotation>
        <annotation annotator="Mike Bada" id="organism_Instance_61326" type="identity">
            <class id="NCBITaxon:10088" label="Mus"/>
            <span end="16494" id="17447844-14496" start="16490">mice</span>
        </annotation>
        <annotation annotator="Mike Bada" id="organism_Instance_61331" type="identity">
            <class id="NCBITaxon:10088" label="Mus"/>
            <span end="16746" id="17447844-14498" start="16742">mice</span>
        </annotation>
        <annotation annotator="Mike Bada" id="organism_Instance_61336" type="identity">
            <class id="NCBITaxon:10088" label="Mus"/>
            <span end="17341" id="17447844-14500" start="17337">Mice</span>
        </annotation>
        <annotation annotator="Mike Bada" id="organism_Instance_61341" type="identity">
            <class id="NCBITaxon:10088" label="Mus"/>
            <span end="17423" id="17447844-14502" start="17418">mouse</span>
        </annotation>
        <annotation annotator="Mike Bada" id="organism_Instance_61346" type="identity">
            <class id="NCBITaxon:10088" label="Mus"/>
            <span end="17548" id="17447844-14504" start="17544">mice</span>
        </annotation>
        <annotation annotator="Mike Bada" id="organism_Instance_61351" type="identity">
            <class id="NCBITaxon:10088" label="Mus"/>
            <span end="17961" id="17447844-14506" start="17956">mouse</span>
        </annotation>
        <annotation annotator="Mike Bada" id="organism_Instance_61356" type="identity">
            <class id="NCBITaxon:10088" label="Mus"/>
            <span end="18136" id="17447844-14508" start="18132">mice</span>
        </annotation>
        <annotation annotator="Mike Bada" id="organism_Instance_61361" type="identity">
            <class id="NCBITaxon:10088" label="Mus"/>
            <span end="18244" id="17447844-14510" start="18240">mice</span>
        </annotation>
        <annotation annotator="Mike Bada" id="organism_Instance_61371" type="identity">
            <class id="NCBITaxon:10088" label="Mus"/>
            <span end="23136" id="17447844-14512" start="23132">mice</span>
        </annotation>
        <annotation annotator="Mike Bada" id="organism_Instance_61376" type="identity">
            <class id="NCBITaxon:10088" label="Mus"/>
            <span end="24921" id="17447844-14514" start="24917">mice</span>
        </annotation>
        <annotation annotator="Mike Bada" id="organism_Instance_61386" type="identity">
            <class id="NCBITaxon:10088" label="Mus"/>
            <span end="25517" id="17447844-14516" start="25513">mice</span>
        </annotation>
        <annotation annotator="Mike Bada" id="organism_Instance_61391" type="identity">
            <class id="NCBITaxon:10088" label="Mus"/>
            <span end="25687" id="17447844-14518" start="25683">mice</span>
        </annotation>
        <annotation annotator="Mike Bada" id="organism_Instance_61396" type="identity">
            <class id="NCBITaxon:10088" label="Mus"/>
            <span end="25879" id="17447844-14520" start="25875">mice</span>
        </annotation>
        <annotation annotator="Mike Bada" id="organism_Instance_61401" type="identity">
            <class id="NCBITaxon:10088" label="Mus"/>
            <span end="26151" id="17447844-14522" start="26147">mice</span>
        </annotation>
        <annotation annotator="Mike Bada" id="organism_Instance_61406" type="identity">
            <class id="NCBITaxon:10088" label="Mus"/>
            <span end="26213" id="17447844-14524" start="26209">mice</span>
        </annotation>
        <annotation annotator="Mike Bada" id="organism_Instance_61416" type="identity">
            <class id="NCBITaxon:33208" label="Metazoa"/>
            <span end="26491" id="17447844-14526" start="26484">animals</span>
        </annotation>
        <annotation annotator="Mike Bada" id="organism_Instance_61421" type="identity">
            <class id="NCBITaxon:10088" label="Mus"/>
            <span end="26726" id="17447844-14528" start="26722">mice</span>
        </annotation>
        <annotation annotator="Mike Bada" id="organism_Instance_61426" type="identity">
            <class id="NCBITaxon:10088" label="Mus"/>
            <span end="29683" id="17447844-14530" start="29679">Mice</span>
        </annotation>
        <annotation annotator="Mike Bada" id="organism_Instance_61431" type="identity">
            <class id="NCBITaxon:10088" label="Mus"/>
            <span end="29898" id="17447844-14532" start="29894">mice</span>
        </annotation>
        <annotation annotator="Mike Bada" id="organism_Instance_61436" type="identity">
            <class id="NCBITaxon:10088" label="Mus"/>
            <span end="29981" id="17447844-14534" start="29977">mice</span>
        </annotation>
        <annotation annotator="Mike Bada" id="organism_Instance_61446" type="identity">
            <class id="NCBITaxon:40674" label="Mammalia"/>
            <span end="37547" id="17447844-14536" start="37540">mammals</span>
        </annotation>
        <annotation annotator="Mike Bada" id="organism_Instance_61451" type="identity">
            <class id="NCBITaxon:10088" label="Mus"/>
            <span end="37675" id="17447844-14538" start="37671">mice</span>
        </annotation>
        <annotation annotator="Mike Bada" id="organism_Instance_61456" type="identity">
            <class id="NCBITaxon:10088" label="Mus"/>
            <span end="37684" id="17447844-14540" start="37680">mice</span>
        </annotation>
        <annotation annotator="Mike Bada" id="organism_Instance_61466" type="identity">
            <class id="NCBITaxon:40674" label="Mammalia"/>
            <span end="39353" id="17447844-14542" start="39346">mammals</span>
        </annotation>
        <annotation annotator="Mike Bada" id="organism_Instance_61471" type="identity">
            <class id="NCBITaxon:40674" label="Mammalia"/>
            <span end="41091" id="17447844-14544" start="41082">mammalian</span>
        </annotation>
        <annotation annotator="Mike Bada" id="NCBITAXON_2015_03_02_Instance_80045" type="identity">
            <class id="NCBITaxon_EXT:invertebrate" label="invertebrate"/>
            <span end="41161" id="17447844-14365" start="41149">Invertebrate</span>
        </annotation>
        <annotation annotator="Mike Bada" id="organism_Instance_61476" type="identity">
            <class id="NCBITaxon:10088" label="Mus"/>
            <span end="41324" id="17447844-14546" start="41319">mouse</span>
        </annotation>
        <annotation annotator="Mike Bada" id="organism_Instance_61481" type="identity">
            <class id="NCBITaxon:40674" label="Mammalia"/>
            <span end="41952" id="17447844-14548" start="41943">mammalian</span>
        </annotation>
        <annotation annotator="Mike Bada" id="NCBITAXON_2015_03_02_Instance_60148" type="identity">
            <class id="NCBITaxon:phylum" label="phylum"/>
            <span end="42117" id="17447844-14357" start="42112">phyla</span>
        </annotation>
        <annotation annotator="Mike Bada" id="organism_Instance_61486" type="identity">
            <class id="NCBITaxon:9347" label="Eutheria"/>
            <span end="42179" id="17447844-14550" start="42162">placental mammals</span>
        </annotation>
        <annotation annotator="Mike Bada" id="organism_Instance_61491" type="identity">
            <class id="NCBITaxon:9263" label="Metatheria"/>
            <span end="42203" id="17447844-14552" start="42193">marsupials</span>
        </annotation>
        <annotation annotator="Mike Bada" id="organism_Instance_61496" type="identity">
            <class id="NCBITaxon:9255" label="Monotremata"/>
            <span end="42219" id="17447844-14554" start="42210">monotreme</span>
        </annotation>
        <annotation annotator="Mike Bada" id="organism_Instance_260052" type="identity">
            <class id="NCBITaxon:9255" label="Monotremata"/>
            <span end="42238" id="17447844-14380" start="42221">egg-laying mammal</span>
        </annotation>
        <annotation annotator="Mike Bada" id="organism_Instance_61506" type="identity">
            <class id="NCBITaxon:9258" label="Ornithorhynchus anatinus"/>
            <span end="42253" id="17447844-14556" start="42245">platypus</span>
        </annotation>
        <annotation annotator="Donnie Evans" id="NCBITAXON_2015_03_02_Instance_10000" type="identity">
            <class id="NCBITaxon:40674" label="Mammalia"/>
            <span end="42360" id="17447844-14349" start="42351">mammalian</span>
        </annotation>
        <annotation annotator="Mike Bada" id="organism_Instance_61511" type="identity">
            <class id="NCBITaxon:7742" label="Vertebrata"/>
            <span end="42372" id="17447844-14558" start="42361">vertebrates</span>
        </annotation>
        <annotation annotator="Mike Bada" id="organism_Instance_61516" type="identity">
            <class id="NCBITaxon:40674" label="Mammalia"/>
            <span end="42556" id="17447844-14560" start="42547">mammalian</span>
        </annotation>
        <annotation annotator="Mike Bada" id="organism_Instance_61521" type="identity">
            <class id="NCBITaxon:9255" label="Monotremata"/>
            <span end="42578" id="17447844-14562" start="42568">Monotremes</span>
        </annotation>
        <annotation annotator="Mike Bada" id="organism_Instance_61526" type="identity">
            <class id="NCBITaxon:40674" label="Mammalia"/>
            <span end="42731" id="17447844-14564" start="42724">mammals</span>
        </annotation>
        <annotation annotator="Mike Bada" id="organism_Instance_61531" type="identity">
            <class id="NCBITaxon:9255" label="Monotremata"/>
            <span end="42870" id="17447844-14566" start="42860">monotremes</span>
        </annotation>
        <annotation annotator="Mike Bada" id="organism_Instance_61536" type="identity">
            <class id="NCBITaxon:40674" label="Mammalia"/>
            <span end="42888" id="17447844-14568" start="42881">mammals</span>
        </annotation>
        <annotation annotator="Mike Bada" id="organism_Instance_61541" type="identity">
            <class id="NCBITaxon:40674" label="Mammalia"/>
            <span end="42967" id="17447844-14570" start="42958">mammalian</span>
        </annotation>
        <annotation annotator="Mike Bada" id="organism_Instance_61546" type="identity">
            <class id="NCBITaxon:40674" label="Mammalia"/>
            <span end="43218" id="17447844-14572" start="43209">mammalian</span>
        </annotation>
        <annotation annotator="Mike Bada" id="NCBITAXON_2015_03_02_Instance_60152" type="identity">
            <class id="NCBITaxon:phylum" label="phylum"/>
            <span end="43404" id="17447844-14359" start="43399">phyla</span>
        </annotation>
        <annotation annotator="Mike Bada" id="organism_Instance_61551" type="identity">
            <class id="NCBITaxon:9255" label="Monotremata"/>
            <span end="43520" id="17447844-14574" start="43511">monotreme</span>
        </annotation>
        <annotation annotator="Mike Bada" id="organism_Instance_260057" type="identity">
            <class id="NCBITaxon:40674" label="Mammalia"/>
            <span end="43572" id="17447844-14382" start="43566">mammal</span>
        </annotation>
        <annotation annotator="Mike Bada" id="organism_Instance_61556" type="identity">
            <class id="NCBITaxon:40674" label="Mammalia"/>
            <span end="43977" id="17447844-14576" start="43970">mammals</span>
        </annotation>
        <annotation annotator="Mike Bada" id="organism_Instance_260062" type="identity">
            <class id="NCBITaxon:40674" label="Mammalia"/>
            <span end="44037" id="17447844-14384" start="44031">mammal</span>
        </annotation>
        <annotation annotator="Mike Bada" id="organism_Instance_61561" type="identity">
            <class id="NCBITaxon:10088" label="Mus"/>
            <span end="44259" id="17447844-14578" start="44255">mice</span>
        </annotation>
        <annotation annotator="Mike Bada" id="organism_Instance_61566" type="identity">
            <class id="NCBITaxon:10088" label="Mus"/>
            <span end="44269" id="17447844-14580" start="44264">mouse</span>
        </annotation>
        <annotation annotator="Mike Bada" id="organism_Instance_61571" type="identity">
            <class id="NCBITaxon:10088" label="Mus"/>
            <span end="44349" id="17447844-14582" start="44344">mouse</span>
        </annotation>
        <annotation annotator="Mike Bada" id="organism_Instance_61576" type="identity">
            <class id="NCBITaxon:10088" label="Mus"/>
            <span end="46072" id="17447844-14584" start="46068">mice</span>
        </annotation>
        <annotation annotator="Mike Bada" id="organism_Instance_260087" type="identity">
            <class id="NCBITaxon:9986" label="Oryctolagus cuniculus"/>
            <span end="48492" id="17447844-14386" start="48486">Rabbit</span>
        </annotation>
        <annotation annotator="Mike Bada" id="organism_Instance_61581" type="identity">
            <class id="NCBITaxon:9925" label="Capra hircus"/>
            <span end="48856" id="17447844-14586" start="48852">goat</span>
        </annotation>
        <annotation annotator="Mike Bada" id="organism_Instance_260092" type="identity">
            <class id="NCBITaxon:9986" label="Oryctolagus cuniculus"/>
            <span end="48868" id="17447844-14388" start="48862">rabbit</span>
        </annotation>
        <annotation annotator="Mike Bada" id="organism_Instance_61586" type="identity">
            <class id="NCBITaxon:10114" label="Rattus"/>
            <span end="49014" id="17447844-14588" start="49011">rat</span>
        </annotation>
        <annotation annotator="Mike Bada" id="organism_Instance_61591" type="identity">
            <class id="NCBITaxon:9925" label="Capra hircus"/>
            <span end="49094" id="17447844-14590" start="49090">goat</span>
        </annotation>
        <annotation annotator="Mike Bada" id="organism_Instance_61596" type="identity">
            <class id="NCBITaxon:10114" label="Rattus"/>
            <span end="49153" id="17447844-14592" start="49150">rat</span>
        </annotation>
        <annotation annotator="Mike Bada" id="organism_Instance_61601" type="identity">
            <class id="NCBITaxon:10114" label="Rattus"/>
            <span end="49213" id="17447844-14594" start="49210">rat</span>
        </annotation>
        <annotation annotator="Mike Bada" id="organism_Instance_61606" type="identity">
            <class id="NCBITaxon:10114" label="Rattus"/>
            <span end="49270" id="17447844-14596" start="49267">rat</span>
        </annotation>
        <annotation annotator="Mike Bada" id="organism_Instance_61611" type="identity">
            <class id="NCBITaxon:9986" label="Oryctolagus cuniculus"/>
            <span end="49334" id="17447844-14598" start="49328">rabbit</span>
        </annotation>
        <annotation annotator="Mike Bada" id="organism_Instance_61616" type="identity">
            <class id="NCBITaxon:10088" label="Mus"/>
            <span end="49405" id="17447844-14600" start="49400">mouse</span>
        </annotation>
        <annotation annotator="Mike Bada" id="organism_Instance_61621" type="identity">
            <class id="NCBITaxon:9986" label="Oryctolagus cuniculus"/>
            <span end="49478" id="17447844-14602" start="49472">rabbit</span>
        </annotation>
        <annotation annotator="Mike Bada" id="organism_Instance_61626" type="identity">
            <class id="NCBITaxon:10088" label="Mus"/>
            <span end="49563" id="17447844-14604" start="49558">mouse</span>
        </annotation>
        <annotation annotator="Mike Bada" id="organism_Instance_61631" type="identity">
            <class id="NCBITaxon:10088" label="Mus"/>
            <span end="49613" id="17447844-14606" start="49608">mouse</span>
        </annotation>
        <annotation annotator="Mike Bada" id="organism_Instance_61636" type="identity">
            <class id="NCBITaxon:9986" label="Oryctolagus cuniculus"/>
            <span end="49678" id="17447844-14608" start="49672">rabbit</span>
        </annotation>
        <annotation annotator="Mike Bada" id="organism_Instance_61641" type="identity">
            <class id="NCBITaxon:9986" label="Oryctolagus cuniculus"/>
            <span end="49720" id="17447844-14610" start="49714">rabbit</span>
        </annotation>
        <annotation annotator="Mike Bada" id="organism_Instance_61646" type="identity">
            <class id="NCBITaxon:9986" label="Oryctolagus cuniculus"/>
            <span end="49767" id="17447844-14612" start="49761">rabbit</span>
        </annotation>
        <annotation annotator="Mike Bada" id="organism_Instance_61651" type="identity">
            <class id="NCBITaxon:9986" label="Oryctolagus cuniculus"/>
            <span end="49814" id="17447844-14614" start="49808">rabbit</span>
        </annotation>
        <annotation annotator="Mike Bada" id="organism_Instance_61656" type="identity">
            <class id="NCBITaxon:10088" label="Mus"/>
            <span end="49882" id="17447844-14616" start="49877">mouse</span>
        </annotation>
        <annotation annotator="Mike Bada" id="organism_Instance_61661" type="identity">
            <class id="NCBITaxon:9925" label="Capra hircus"/>
            <span end="49990" id="17447844-14618" start="49986">goat</span>
        </annotation>
        <annotation annotator="Mike Bada" id="organism_Instance_260097" type="identity">
            <class id="NCBITaxon:9986" label="Oryctolagus cuniculus"/>
            <span end="50002" id="17447844-14390" start="49996">rabbit</span>
        </annotation>
        <annotation annotator="Mike Bada" id="organism_Instance_61666" type="identity">
            <class id="NCBITaxon:9925" label="Capra hircus"/>
            <span end="50018" id="17447844-14620" start="50014">goat</span>
        </annotation>
        <annotation annotator="Mike Bada" id="organism_Instance_260102" type="identity">
            <class id="NCBITaxon:9986" label="Oryctolagus cuniculus"/>
            <span end="50030" id="17447844-14392" start="50024">rabbit</span>
        </annotation>
        <annotation annotator="Mike Bada" id="organism_Instance_61671" type="identity">
            <class id="NCBITaxon:9925" label="Capra hircus"/>
            <span end="50046" id="17447844-14622" start="50042">goat</span>
        </annotation>
        <annotation annotator="Mike Bada" id="organism_Instance_260108" type="identity">
            <class id="NCBITaxon:10114" label="Rattus"/>
            <span end="50055" id="17447844-14394" start="50052">rat</span>
        </annotation>
        <annotation annotator="Mike Bada" id="organism_Instance_61676" type="identity">
            <class id="NCBITaxon:9925" label="Capra hircus"/>
            <span end="50075" id="17447844-14624" start="50071">goat</span>
        </annotation>
        <annotation annotator="Mike Bada" id="organism_Instance_260115" type="identity">
            <class id="NCBITaxon:10088" label="Mus"/>
            <span end="50086" id="17447844-14396" start="50081">mouse</span>
        </annotation>
        <annotation annotator="Mike Bada" id="organism_Instance_61681" type="identity">
            <class id="NCBITaxon:9793" label="Equus asinus"/>
            <span end="50137" id="17447844-14626" start="50131">Donkey</span>
        </annotation>
        <annotation annotator="Mike Bada" id="organism_Instance_260120" type="identity">
            <class id="NCBITaxon:9925" label="Capra hircus"/>
            <span end="50147" id="17447844-14398" start="50143">goat</span>
        </annotation>
        <annotation annotator="Mike Bada" id="organism_Instance_61686" type="identity">
            <class id="NCBITaxon:9793" label="Equus asinus"/>
            <span end="50231" id="17447844-14628" start="50225">donkey</span>
        </annotation>
        <annotation annotator="Mike Bada" id="organism_Instance_260125" type="identity">
            <class id="NCBITaxon:9986" label="Oryctolagus cuniculus"/>
            <span end="50243" id="17447844-14400" start="50237">rabbit</span>
        </annotation>
        <annotation annotator="Mike Bada" id="organism_Instance_61691" type="identity">
            <class id="NCBITaxon:10088" label="Mus"/>
            <span end="50446" id="17447844-14630" start="50442">mice</span>
        </annotation>
        <annotation annotator="Mike Bada" id="organism_Instance_61696" type="identity">
            <class id="NCBITaxon:10088" label="Mus"/>
            <span end="51932" id="17447844-14632" start="51928">Mice</span>
        </annotation>
        <annotation annotator="Mike Bada" id="organism_Instance_61701" type="identity">
            <class id="NCBITaxon:10088" label="Mus"/>
            <span end="52001" id="17447844-14634" start="51997">mice</span>
        </annotation>
        <annotation annotator="Mike Bada" id="organism_Instance_61706" type="identity">
            <class id="NCBITaxon:10088" label="Mus"/>
            <span end="52195" id="17447844-14636" start="52191">mice</span>
        </annotation>
        <annotation annotator="Mike Bada" id="organism_Instance_61711" type="identity">
            <class id="NCBITaxon:10088" label="Mus"/>
            <span end="52216" id="17447844-14638" start="52212">mice</span>
        </annotation>
        <annotation annotator="Mike Bada" id="organism_Instance_61716" type="identity">
            <class id="NCBITaxon:10088" label="Mus"/>
            <span end="52662" id="17447844-14640" start="52658">mice</span>
        </annotation>
        <annotation annotator="Mike Bada" id="organism_Instance_61721" type="identity">
            <class id="NCBITaxon:10088" label="Mus"/>
            <span end="53062" id="17447844-14642" start="53058">mice</span>
        </annotation>
        <annotation annotator="Mike Bada" id="organism_Instance_61726" type="identity">
            <class id="NCBITaxon:10088" label="Mus"/>
            <span end="53642" id="17447844-14644" start="53638">mice</span>
        </annotation>
        <annotation annotator="Mike Bada" id="organism_Instance_61731" type="identity">
            <class id="NCBITaxon:10088" label="Mus"/>
            <span end="54884" id="17447844-14646" start="54880">mice</span>
        </annotation>
        <annotation annotator="Mike Bada" id="organism_Instance_61736" type="identity">
            <class id="NCBITaxon:10088" label="Mus"/>
            <span end="54928" id="17447844-14648" start="54923">Mouse</span>
        </annotation>
        <graph-space id="Old Knowtator Relations"/>
    </document>
</knowtator-project>
