<?xml version="1.0" encoding="UTF-8" standalone="no"?>
<knowtator-project>
  <document id="11532192" text-file="11532192.txt">
    <annotation annotator="Mike Bada, University of Colorado School of Medicine" id="PR_reasoned_2017_04_17_Instance_6" type="identity">
      <class id="PR:000012479" label="rod cGMP-specific 3',5'-cyclic phosphodiesterase subunit beta"/>
      <span end="6924" id="11532192-28" start="6919">Pde6b</span>
    </annotation>
    <annotation annotator="Mike Bada, University of Colorado School of Medicine" id="PR_reasoned_2017_04_17_Instance_30229" type="identity">
      <class id="PR:000010873" label="myocilin"/>
      <span end="16746" id="11532192-12" start="16742">Myoc</span>
    </annotation>
    <annotation annotator="Mike Bada, University of Colorado School of Medicine" id="PR_reasoned_2017_04_17_Instance_27811" type="identity">
      <class id="PR:000010873" label="myocilin"/>
      <span end="16824" id="11532192-4" start="16816">myocilin</span>
    </annotation>
    <annotation annotator="Mike Bada, University of Colorado School of Medicine" id="PR_reasoned_2017_04_17_Instance_30231" type="identity">
      <class id="PR:000010873" label="myocilin"/>
      <span end="16835" id="11532192-14" start="16831">MYOC</span>
    </annotation>
    <annotation annotator="Mike Bada, University of Colorado School of Medicine" id="PR_reasoned_2017_04_17_Instance_30233" type="identity">
      <class id="PR:000010873" label="myocilin"/>
      <span end="16910" id="11532192-16" start="16906">Myoc</span>
    </annotation>
    <annotation annotator="Mike Bada, University of Colorado School of Medicine" id="PR_reasoned_2017_04_17_Instance_30235" type="identity">
      <class id="PR:000010873" label="myocilin"/>
      <span end="17625" id="11532192-18" start="17621">Myoc</span>
    </annotation>
    <annotation annotator="Mike Bada, University of Colorado School of Medicine" id="PR_reasoned_2017_04_17_Instance_30237" type="identity">
      <class id="PR:000010873" label="myocilin"/>
      <span end="17703" id="11532192-20" start="17699">Myoc</span>
    </annotation>
    <annotation annotator="Mike Bada, University of Colorado School of Medicine" id="PR_reasoned_2017_04_17_Instance_8" type="identity">
      <class id="PR:000012479" label="rod cGMP-specific 3',5'-cyclic phosphodiesterase subunit beta"/>
      <span end="30966" id="11532192-30" start="30961">Pde6b</span>
    </annotation>
    <annotation annotator="Mike Bada, University of Colorado School of Medicine" id="PR_reasoned_2017_04_17_Instance_27899" type="identity">
      <class id="PR:000004920" label="carbonic anhydrase 4"/>
      <span end="32053" id="11532192-6" start="32049">CAIV</span>
    </annotation>
    <annotation annotator="Mike Bada, University of Colorado School of Medicine" id="PR_reasoned_2017_04_17_Instance_27921" type="identity">
      <class id="PR:000004920" label="carbonic anhydrase 4"/>
      <span end="32179" id="11532192-8" start="32175">CAIV</span>
    </annotation>
    <annotation annotator="Mike Bada, University of Colorado School of Medicine" id="PR_reasoned_2017_04_17_Instance_27987" type="identity">
      <class id="PR:000004920" label="carbonic anhydrase 4"/>
      <span end="32338" id="11532192-10" start="32334">CAIV</span>
    </annotation>
    <annotation annotator="Mike Bada, University of Colorado School of Medicine" id="PR_reasoned_2017_04_17_Instance_30269" type="identity">
      <class id="PR:000010873" label="myocilin"/>
      <span end="38893" id="11532192-22" start="38889">Myoc</span>
    </annotation>
    <annotation annotator="Mike Bada, University of Colorado School of Medicine" id="PR_reasoned_2017_04_17_Instance_30271" type="identity">
      <class id="PR:000010873" label="myocilin"/>
      <span end="38944" id="11532192-24" start="38940">Myoc</span>
    </annotation>
    <annotation annotator="Mike Bada, University of Colorado School of Medicine" id="PR_reasoned_2017_04_17_Instance_41" type="identity">
      <class id="PR:000010873" label="myocilin"/>
      <span end="40112" id="11532192-26" start="40108">Myoc</span>
    </annotation>
    <graph-space id="Old Knowtator Relations"/>
  </document>
</knowtator-project>
