<?xml version="1.0" encoding="UTF-8" standalone="no"?>
<knowtator-project>
  <document id="11897010" text-file="11897010.txt">
    <annotation annotator="Mike Bada, University of Colorado School of Medicine" id="PR_reasoned_2017_04_17_Instance_30185" type="identity">
      <class id="PR:000010252" label="mucolipin-1"/>
      <span end="48" id="11897010-353" start="42">Mcoln1</span>
    </annotation>
    <annotation annotator="Mike Bada, University of Colorado School of Medicine" id="PR_reasoned_2017_04_17_Instance_30301" type="identity">
      <class id="PR:000010252" label="mucolipin-1"/>
      <span end="321" id="11897010-389" start="315">MCOLN1</span>
    </annotation>
    <annotation annotator="Mike Bada, University of Colorado School of Medicine" id="PR_reasoned_2017_04_17_Instance_60003" type="identity">
      <class id="PR:000000681" label="transient receptor potential cation channel TRPV"/>
      <span end="394" id="11897010-469" start="366">transient receptor potential</span>
      <span end="415" id="11897010-470" start="401">cation channel</span>
    </annotation>
    <annotation annotator="Mike Bada, University of Colorado School of Medicine" id="PR_reasoned_2017_04_17_Instance_60005" type="identity">
      <class id="PR:000000681" label="transient receptor potential cation channel TRPV"/>
      <span end="399" id="11897010-472" start="396">TRP</span>
      <span end="415" id="11897010-473" start="401">cation channel</span>
    </annotation>
    <annotation annotator="Mike Bada, University of Colorado School of Medicine" id="PR_reasoned_2017_04_17_Instance_30303" type="identity">
      <class id="PR:000010252" label="mucolipin-1"/>
      <span end="507" id="11897010-391" start="501">Mcoln1</span>
    </annotation>
    <annotation annotator="Mike Bada, University of Colorado School of Medicine" id="PR_reasoned_2017_04_17_Instance_30305" type="identity">
      <class id="PR:000010252" label="mucolipin-1"/>
      <span end="647" id="11897010-393" start="641">Mcoln1</span>
    </annotation>
    <annotation annotator="Mike Bada, University of Colorado School of Medicine" id="PR_reasoned_2017_04_17_Instance_30307" type="identity">
      <class id="PR:000010252" label="mucolipin-1"/>
      <span end="706" id="11897010-395" start="700">MCOLN1</span>
    </annotation>
    <annotation annotator="Mike Bada, University of Colorado School of Medicine" id="PR_reasoned_2017_04_17_Instance_30309" type="identity">
      <class id="PR:000010252" label="mucolipin-1"/>
      <span end="720" id="11897010-397" start="714">Mcoln1</span>
    </annotation>
    <annotation annotator="Mike Bada, University of Colorado School of Medicine" id="PR_reasoned_2017_04_17_Instance_30187" type="identity">
      <class id="PR:000010252" label="mucolipin-1"/>
      <span end="1054" id="11897010-355" start="1048">Mcoln1</span>
    </annotation>
    <annotation annotator="Mike Bada, University of Colorado School of Medicine" id="PR_reasoned_2017_04_17_Instance_30189" type="identity">
      <class id="PR:000010252" label="mucolipin-1"/>
      <span end="1082" id="11897010-357" start="1076">MCOLN1</span>
    </annotation>
    <annotation annotator="Mike Bada, University of Colorado School of Medicine" id="PR_reasoned_2017_04_17_Instance_30311" type="identity">
      <class id="PR:000010252" label="mucolipin-1"/>
      <span end="1406" id="11897010-399" start="1400">Mcoln1</span>
    </annotation>
    <annotation annotator="Mike Bada, University of Colorado School of Medicine" id="PR_reasoned_2017_04_17_Instance_30313" type="identity">
      <class id="PR:000010252" label="mucolipin-1"/>
      <span end="2541" id="11897010-401" start="2535">MCOLN1</span>
    </annotation>
    <annotation annotator="Mike Bada, University of Colorado School of Medicine" id="PR_reasoned_2017_04_17_Instance_60007" type="identity">
      <class id="PR:000000681" label="transient receptor potential cation channel TRPV"/>
      <span end="2674" id="11897010-475" start="2646">transient receptor potential</span>
      <span end="2695" id="11897010-476" start="2681">cation channel</span>
    </annotation>
    <annotation annotator="Mike Bada, University of Colorado School of Medicine" id="PR_reasoned_2017_04_17_Instance_60009" type="identity">
      <class id="PR:000000681" label="transient receptor potential cation channel TRPV"/>
      <span end="2679" id="11897010-478" start="2676">TRP</span>
      <span end="2695" id="11897010-479" start="2681">cation channel</span>
    </annotation>
    <annotation annotator="Mike Bada, University of Colorado School of Medicine" id="PR_reasoned_2017_04_17_Instance_30315" type="identity">
      <class id="PR:000010252" label="mucolipin-1"/>
      <span end="3032" id="11897010-403" start="3026">MCOLN1</span>
    </annotation>
    <annotation annotator="Mike Bada, University of Colorado School of Medicine" id="PR_reasoned_2017_04_17_Instance_30319" type="identity">
      <class id="PR:000010252" label="mucolipin-1"/>
      <span end="3060" id="11897010-407" start="3055">cup-5</span>
    </annotation>
    <annotation annotator="Mike Bada, University of Colorado School of Medicine" id="PR_reasoned_2017_04_17_Instance_30317" type="identity">
      <class id="PR:000010252" label="mucolipin-1"/>
      <span end="3318" id="11897010-405" start="3312">MCOLN1</span>
    </annotation>
    <annotation annotator="Mike Bada, University of Colorado School of Medicine" id="PR_reasoned_2017_04_17_Instance_30321" type="identity">
      <class id="PR:000010252" label="mucolipin-1"/>
      <span end="3480" id="11897010-409" start="3474">Mcoln1</span>
    </annotation>
    <annotation annotator="Mike Bada, University of Colorado School of Medicine" id="PR_reasoned_2017_04_17_Instance_30323" type="identity">
      <class id="PR:000010252" label="mucolipin-1"/>
      <span end="3529" id="11897010-411" start="3523">MCOLN1</span>
    </annotation>
    <annotation annotator="Mike Bada, University of Colorado School of Medicine" id="PR_reasoned_2017_04_17_Instance_30191" type="identity">
      <class id="PR:000010252" label="mucolipin-1"/>
      <span end="4173" id="11897010-359" start="4167">Mcoln1</span>
    </annotation>
    <annotation annotator="Mike Bada, University of Colorado School of Medicine" id="PR_reasoned_2017_04_17_Instance_30327" type="identity">
      <class id="PR:000012946" label="neuropathy target esterase"/>
      <span end="4319" id="11897010-413" start="4316">Nte</span>
    </annotation>
    <annotation annotator="Mike Bada, University of Colorado School of Medicine" id="PR_reasoned_2017_04_17_Instance_30329" type="identity">
      <class id="PR:000010252" label="mucolipin-1"/>
      <span end="4473" id="11897010-415" start="4467">Mcoln1</span>
    </annotation>
    <annotation annotator="Mike Bada, University of Colorado School of Medicine" id="PR_reasoned_2017_04_17_Instance_30331" type="identity">
      <class id="PR:000010252" label="mucolipin-1"/>
      <span end="5059" id="11897010-417" start="5053">Mcoln1</span>
    </annotation>
    <annotation annotator="Mike Bada, University of Colorado School of Medicine" id="PR_reasoned_2017_04_17_Instance_30333" type="identity">
      <class id="PR:000010252" label="mucolipin-1"/>
      <span end="5217" id="11897010-419" start="5211">Mcoln1</span>
    </annotation>
    <annotation annotator="Mike Bada, University of Colorado School of Medicine" id="PR_reasoned_2017_04_17_Instance_30341" type="identity">
      <class id="PR:000010252" label="mucolipin-1"/>
      <span end="5435" id="11897010-427" start="5429">Mcoln1</span>
    </annotation>
    <annotation annotator="Mike Bada, University of Colorado School of Medicine" id="PR_reasoned_2017_04_17_Instance_30343" type="identity">
      <class id="PR:000012946" label="neuropathy target esterase"/>
      <span end="5444" id="11897010-429" start="5441">Nte</span>
    </annotation>
    <annotation annotator="Mike Bada, University of Colorado School of Medicine" id="PR_reasoned_2017_04_17_Instance_30181" type="identity">
      <class id="PR:000012946" label="neuropathy target esterase"/>
      <span end="5505" id="11897010-351" start="5479">neuropathy target esterase</span>
    </annotation>
    <annotation annotator="Mike Bada, University of Colorado School of Medicine" id="PR_reasoned_2017_04_17_Instance_30347" type="identity">
      <class id="PR:000012946" label="neuropathy target esterase"/>
      <span end="5515" id="11897010-433" start="5512">NTE</span>
    </annotation>
    <annotation annotator="Mike Bada, University of Colorado School of Medicine" id="PR_reasoned_2017_04_17_Instance_30339" type="identity">
      <class id="PR:000010252" label="mucolipin-1"/>
      <span end="5585" id="11897010-425" start="5579">Mcoln1</span>
    </annotation>
    <annotation annotator="Mike Bada, University of Colorado School of Medicine" id="PR_reasoned_2017_04_17_Instance_30337" type="identity">
      <class id="PR:000010252" label="mucolipin-1"/>
      <span end="5638" id="11897010-423" start="5632">Mcoln1</span>
    </annotation>
    <annotation annotator="Mike Bada, University of Colorado School of Medicine" id="PR_reasoned_2017_04_17_Instance_30335" type="identity">
      <class id="PR:000010252" label="mucolipin-1"/>
      <span end="5708" id="11897010-421" start="5702">MCOLN1</span>
    </annotation>
    <annotation annotator="Mike Bada, University of Colorado School of Medicine" id="PR_reasoned_2017_04_17_Instance_30345" type="identity">
      <class id="PR:000012946" label="neuropathy target esterase"/>
      <span end="5770" id="11897010-431" start="5767">Nte</span>
    </annotation>
    <annotation annotator="Mike Bada, University of Colorado School of Medicine" id="PR_reasoned_2017_04_17_Instance_30193" type="identity">
      <class id="PR:000010252" label="mucolipin-1"/>
      <span end="5893" id="11897010-361" start="5887">Mcoln1</span>
    </annotation>
    <annotation annotator="Mike Bada, University of Colorado School of Medicine" id="PR_reasoned_2017_04_17_Instance_30349" type="identity">
      <class id="PR:000010252" label="mucolipin-1"/>
      <span end="6007" id="11897010-435" start="6002">cup-5</span>
    </annotation>
    <annotation annotator="Mike Bada, University of Colorado School of Medicine" id="PR_reasoned_2017_04_17_Instance_30195" type="identity">
      <class id="PR:000010252" label="mucolipin-1"/>
      <span end="6038" id="11897010-363" start="6032">Mcoln1</span>
    </annotation>
    <annotation annotator="Mike Bada, University of Colorado School of Medicine" id="PR_reasoned_2017_04_17_Instance_30197" type="identity">
      <class id="PR:000010252" label="mucolipin-1"/>
      <span end="6068" id="11897010-365" start="6062">Mcoln1</span>
    </annotation>
    <annotation annotator="Mike Bada, University of Colorado School of Medicine" id="PR_reasoned_2017_04_17_Instance_30199" type="identity">
      <class id="PR:000010252" label="mucolipin-1"/>
      <span end="6184" id="11897010-367" start="6178">MCOLN1</span>
    </annotation>
    <annotation annotator="Mike Bada, University of Colorado School of Medicine" id="PR_reasoned_2017_04_17_Instance_30201" type="identity">
      <class id="PR:000010252" label="mucolipin-1"/>
      <span end="6342" id="11897010-369" start="6336">MCOLN1</span>
    </annotation>
    <annotation annotator="Mike Bada, University of Colorado School of Medicine" id="PR_reasoned_2017_04_17_Instance_30203" type="identity">
      <class id="PR:000010252" label="mucolipin-1"/>
      <span end="6493" id="11897010-371" start="6487">Mcoln1</span>
    </annotation>
    <annotation annotator="Mike Bada, University of Colorado School of Medicine" id="PR_reasoned_2017_04_17_Instance_30351" type="identity">
      <class id="PR:000010252" label="mucolipin-1"/>
      <span end="6542" id="11897010-437" start="6537">cup-5</span>
    </annotation>
    <annotation annotator="Mike Bada, University of Colorado School of Medicine" id="PR_reasoned_2017_04_17_Instance_30353" type="identity">
      <class id="PR:000010252" label="mucolipin-1"/>
      <span end="6759" id="11897010-439" start="6753">Mcoln1</span>
    </annotation>
    <annotation annotator="Mike Bada, University of Colorado School of Medicine" id="PR_reasoned_2017_04_17_Instance_30205" type="identity">
      <class id="PR:000010252" label="mucolipin-1"/>
      <span end="7274" id="11897010-373" start="7268">MCOLN1</span>
    </annotation>
    <annotation annotator="Mike Bada, University of Colorado School of Medicine" id="PR_reasoned_2017_04_17_Instance_30355" type="identity">
      <class id="PR:000010252" label="mucolipin-1"/>
      <span end="7808" id="11897010-441" start="7802">Mcoln1</span>
    </annotation>
    <annotation annotator="Mike Bada, University of Colorado School of Medicine" id="PR_reasoned_2017_04_17_Instance_30357" type="identity">
      <class id="PR:000010252" label="mucolipin-1"/>
      <span end="8180" id="11897010-443" start="8174">Mcoln1</span>
    </annotation>
    <annotation annotator="Mike Bada, University of Colorado School of Medicine" id="PR_reasoned_2017_04_17_Instance_30207" type="identity">
      <class id="PR:000010252" label="mucolipin-1"/>
      <span end="8382" id="11897010-375" start="8376">Mcoln1</span>
    </annotation>
    <annotation annotator="Mike Bada, University of Colorado School of Medicine" id="PR_reasoned_2017_04_17_Instance_30209" type="identity">
      <class id="PR:000010252" label="mucolipin-1"/>
      <span end="9693" id="11897010-377" start="9687">Mcoln1</span>
    </annotation>
    <annotation annotator="Mike Bada, University of Colorado School of Medicine" id="PR_reasoned_2017_04_17_Instance_30359" type="identity">
      <class id="PR:000010252" label="mucolipin-1"/>
      <span end="10364" id="11897010-445" start="10358">Mcoln1</span>
    </annotation>
    <annotation annotator="Mike Bada, University of Colorado School of Medicine" id="PR_reasoned_2017_04_17_Instance_30361" type="identity">
      <class id="PR:000010252" label="mucolipin-1"/>
      <span end="10633" id="11897010-447" start="10627">MCOLN1</span>
    </annotation>
    <annotation annotator="Mike Bada, University of Colorado School of Medicine" id="PR_reasoned_2017_04_17_Instance_30363" type="identity">
      <class id="PR:000010252" label="mucolipin-1"/>
      <span end="10755" id="11897010-449" start="10749">MCOLN1</span>
    </annotation>
    <annotation annotator="Mike Bada, University of Colorado School of Medicine" id="PR_reasoned_2017_04_17_Instance_30365" type="identity">
      <class id="PR:000010252" label="mucolipin-1"/>
      <span end="11205" id="11897010-451" start="11199">Mcoln1</span>
    </annotation>
    <annotation annotator="Mike Bada, University of Colorado School of Medicine" id="PR_reasoned_2017_04_17_Instance_30367" type="identity">
      <class id="PR:000010252" label="mucolipin-1"/>
      <span end="11253" id="11897010-453" start="11247">Mcoln1</span>
    </annotation>
    <annotation annotator="Mike Bada, University of Colorado School of Medicine" id="PR_reasoned_2017_04_17_Instance_30211" type="identity">
      <class id="PR:000010252" label="mucolipin-1"/>
      <span end="11568" id="11897010-379" start="11562">Mcoln1</span>
    </annotation>
    <annotation annotator="Mike Bada, University of Colorado School of Medicine" id="PR_reasoned_2017_04_17_Instance_60013" type="identity">
      <class id="PR:000043184" label="mucolipin-1 isoform 1"/>
      <span end="11661" id="11897010-481" start="11645">Mcoln1 isoform 1</span>
    </annotation>
    <annotation annotator="Mike Bada, University of Colorado School of Medicine" id="PR_reasoned_2017_04_17_Instance_30371" type="identity">
      <class id="PR:000010252" label="mucolipin-1"/>
      <span end="12047" id="11897010-455" start="12042">cup-5</span>
    </annotation>
    <annotation annotator="Mike Bada, University of Colorado School of Medicine" id="PR_reasoned_2017_04_17_Instance_30213" type="identity">
      <class id="PR:000010252" label="mucolipin-1"/>
      <span end="12087" id="11897010-381" start="12081">MCOLN1</span>
    </annotation>
    <annotation annotator="Mike Bada, University of Colorado School of Medicine" id="PR_reasoned_2017_04_17_Instance_30215" type="identity">
      <class id="PR:000010252" label="mucolipin-1"/>
      <span end="12216" id="11897010-383" start="12210">Mcoln1</span>
    </annotation>
    <annotation annotator="Mike Bada, University of Colorado School of Medicine" id="PR_reasoned_2017_04_17_Instance_30373" type="identity">
      <class id="PR:000010252" label="mucolipin-1"/>
      <span end="12741" id="11897010-457" start="12735">Mcoln1</span>
    </annotation>
    <annotation annotator="Mike Bada, University of Colorado School of Medicine" id="PR_reasoned_2017_04_17_Instance_30375" type="identity">
      <class id="PR:000010252" label="mucolipin-1"/>
      <span end="12900" id="11897010-459" start="12894">Mcoln1</span>
    </annotation>
    <annotation annotator="Mike Bada, University of Colorado School of Medicine" id="PR_reasoned_2017_04_17_Instance_30377" type="identity">
      <class id="PR:000010514" label="myelin-oligodendrocyte glycoprotein"/>
      <span end="13126" id="11897010-461" start="13123">MOG</span>
    </annotation>
    <annotation annotator="Mike Bada, University of Colorado School of Medicine" id="PR_reasoned_2017_04_17_Instance_30379" type="identity">
      <class id="PR:000010514" label="myelin-oligodendrocyte glycoprotein"/>
      <span end="13163" id="11897010-463" start="13128">myelin/oligodendrocyte glycoprotein</span>
    </annotation>
    <annotation annotator="Mike Bada, University of Colorado School of Medicine" id="PR_reasoned_2017_04_17_Instance_60015" type="identity">
      <class id="PR:000031229" label="phospholipid-transporting ATPase IF"/>
      <span end="13249" id="11897010-483" start="13243">ATP11B</span>
    </annotation>
    <annotation annotator="Mike Bada, University of Colorado School of Medicine" id="PR_reasoned_2017_04_17_Instance_30381" type="identity">
      <class id="PR:000010252" label="mucolipin-1"/>
      <span end="14174" id="11897010-465" start="14168">Mcoln1</span>
    </annotation>
    <annotation annotator="Mike Bada, University of Colorado School of Medicine" id="PR_reasoned_2017_04_17_Instance_60017" type="identity">
      <class id="PR:P23940" label="type-2 restriction enzyme BamHI (Bacillus amyloliquefaciens)"/>
      <span end="15089" id="11897010-485" start="15084">BamHI</span>
    </annotation>
    <annotation annotator="Mike Bada, University of Colorado School of Medicine" id="PR_reasoned_2017_04_17_Instance_30217" type="identity">
      <class id="PR:000010252" label="mucolipin-1"/>
      <span end="15319" id="11897010-385" start="15313">Mcoln1</span>
    </annotation>
    <annotation annotator="Mike Bada, University of Colorado School of Medicine" id="PR_reasoned_2017_04_17_Instance_30219" type="identity">
      <class id="PR:000010252" label="mucolipin-1"/>
      <span end="15831" id="11897010-387" start="15825">Mcoln1</span>
    </annotation>
    <annotation annotator="Mike Bada, University of Colorado School of Medicine" id="PR_reasoned_2017_04_17_Instance_30383" type="identity">
      <class id="PR:000003676" label="actin, cytoplasmic 1"/>
      <span end="16148" id="11897010-467" start="16141">β-actin</span>
    </annotation>
    <graph-space id="Old Knowtator Relations"/>
  </document>
</knowtator-project>
