<?xml version="1.0" encoding="UTF-8" standalone="no"?>
<knowtator-project>
  <document id="12546709" text-file="12546709.txt">
    <annotation annotator="Mike Bada, University of Colorado School of Medicine" id="PR_reasoned_2017_04_17_Instance_30393" type="identity">
      <class id="PR:000005907" label="alpha-crystallin A chain"/>
      <span end="45" id="12546709-504" start="38">AlphaA-</span>
      <span end="67" id="12546709-505" start="57">crystallin</span>
    </annotation>
    <annotation annotator="Mike Bada, University of Colorado School of Medicine" id="PR_reasoned_2017_04_17_Instance_30395" type="identity">
      <class id="PR:000005908" label="alpha-crystallin B chain"/>
      <span end="67" id="12546709-507" start="50">AlphaB-crystallin</span>
    </annotation>
    <annotation annotator="Mike Bada, University of Colorado School of Medicine" id="PR_reasoned_2017_04_17_Instance_30399" type="identity">
      <class id="PR:000005907" label="alpha-crystallin A chain"/>
      <span end="503" id="12546709-511" start="497">alphaA</span>
    </annotation>
    <annotation annotator="Mike Bada, University of Colorado School of Medicine" id="PR_reasoned_2017_04_17_Instance_30397" type="identity">
      <class id="PR:000005908" label="alpha-crystallin B chain"/>
      <span end="514" id="12546709-509" start="508">alphaB</span>
    </annotation>
    <annotation annotator="Mike Bada, University of Colorado School of Medicine" id="PR_reasoned_2017_04_17_Instance_30401" type="identity">
      <class id="PR:000005907" label="alpha-crystallin A chain"/>
      <span end="691" id="12546709-513" start="684">alphaA-</span>
      <span end="713" id="12546709-514" start="703">crystallin</span>
    </annotation>
    <annotation annotator="Mike Bada, University of Colorado School of Medicine" id="PR_reasoned_2017_04_17_Instance_30405" type="identity">
      <class id="PR:000005908" label="alpha-crystallin B chain"/>
      <span end="713" id="12546709-518" start="696">alphaB-crystallin</span>
    </annotation>
    <annotation annotator="Mike Bada, University of Colorado School of Medicine" id="PR_reasoned_2017_04_17_Instance_30403" type="identity">
      <class id="PR:000005907" label="alpha-crystallin A chain"/>
      <span end="727" id="12546709-516" start="721">alphaA</span>
    </annotation>
    <annotation annotator="Mike Bada, University of Colorado School of Medicine" id="PR_reasoned_2017_04_17_Instance_30407" type="identity">
      <class id="PR:000005907" label="alpha-crystallin A chain"/>
      <span end="782" id="12546709-520" start="776">alphaA</span>
    </annotation>
    <annotation annotator="Mike Bada, University of Colorado School of Medicine" id="PR_reasoned_2017_04_17_Instance_30409" type="identity">
      <class id="PR:000005907" label="alpha-crystallin A chain"/>
      <span end="959" id="12546709-522" start="953">alphaA</span>
    </annotation>
    <annotation annotator="Mike Bada, University of Colorado School of Medicine" id="PR_reasoned_2017_04_17_Instance_30411" type="identity">
      <class id="PR:000005907" label="alpha-crystallin A chain"/>
      <span end="1134" id="12546709-524" start="1128">alphaA</span>
    </annotation>
    <annotation annotator="Mike Bada, University of Colorado School of Medicine" id="PR_reasoned_2017_04_17_Instance_30413" type="identity">
      <class id="PR:000005907" label="alpha-crystallin A chain"/>
      <span end="1283" id="12546709-526" start="1277">alphaA</span>
    </annotation>
    <annotation annotator="Mike Bada, University of Colorado School of Medicine" id="PR_reasoned_2017_04_17_Instance_30415" type="identity">
      <class id="PR:000005907" label="alpha-crystallin A chain"/>
      <span end="1422" id="12546709-528" start="1416">alphaA</span>
    </annotation>
    <annotation annotator="Mike Bada, University of Colorado School of Medicine" id="PR_reasoned_2017_04_17_Instance_30417" type="identity">
      <class id="PR:000005907" label="alpha-crystallin A chain"/>
      <span end="1512" id="12546709-530" start="1505">alphaA-</span>
      <span end="1534" id="12546709-531" start="1524">crystallin</span>
    </annotation>
    <annotation annotator="Mike Bada, University of Colorado School of Medicine" id="PR_reasoned_2017_04_17_Instance_30419" type="identity">
      <class id="PR:000005908" label="alpha-crystallin B chain"/>
      <span end="1534" id="12546709-533" start="1517">alphaB-crystallin</span>
    </annotation>
    <annotation annotator="Mike Bada, University of Colorado School of Medicine" id="PR_reasoned_2017_04_17_Instance_30427" type="identity">
      <class id="PR:000005907" label="alpha-crystallin A chain"/>
      <span end="1736" id="12546709-541" start="1719">alphaA-crystallin</span>
    </annotation>
    <annotation annotator="Mike Bada, University of Colorado School of Medicine" id="PR_reasoned_2017_04_17_Instance_30425" type="identity">
      <class id="PR:000005907" label="alpha-crystallin A chain"/>
      <span end="1744" id="12546709-539" start="1738">alphaA</span>
    </annotation>
    <annotation annotator="Mike Bada, University of Colorado School of Medicine" id="PR_reasoned_2017_04_17_Instance_30421" type="identity">
      <class id="PR:000005908" label="alpha-crystallin B chain"/>
      <span end="1767" id="12546709-535" start="1750">alphaB-crystallin</span>
    </annotation>
    <annotation annotator="Mike Bada, University of Colorado School of Medicine" id="PR_reasoned_2017_04_17_Instance_30423" type="identity">
      <class id="PR:000005908" label="alpha-crystallin B chain"/>
      <span end="1775" id="12546709-537" start="1769">alphaB</span>
    </annotation>
    <annotation annotator="Mike Bada, University of Colorado School of Medicine" id="PR_reasoned_2017_04_17_Instance_30429" type="identity">
      <class id="PR:000005908" label="alpha-crystallin B chain"/>
      <span end="2148" id="12546709-543" start="2142">AlphaB</span>
    </annotation>
    <annotation annotator="Mike Bada, University of Colorado School of Medicine" id="PR_reasoned_2017_04_17_Instance_30431" type="identity">
      <class id="PR:000005907" label="alpha-crystallin A chain"/>
      <span end="2307" id="12546709-545" start="2301">AlphaA</span>
    </annotation>
    <annotation annotator="Mike Bada, University of Colorado School of Medicine" id="PR_reasoned_2017_04_17_Instance_30433" type="identity">
      <class id="PR:000005907" label="alpha-crystallin A chain"/>
      <span end="2394" id="12546709-547" start="2388">alphaA</span>
    </annotation>
    <annotation annotator="Mike Bada, University of Colorado School of Medicine" id="PR_reasoned_2017_04_17_Instance_30435" type="identity">
      <class id="PR:000005908" label="alpha-crystallin B chain"/>
      <span end="2405" id="12546709-549" start="2399">alphaB</span>
    </annotation>
    <annotation annotator="Mike Bada, University of Colorado School of Medicine" id="PR_reasoned_2017_04_17_Instance_30437" type="identity">
      <class id="PR:000005907" label="alpha-crystallin A chain"/>
      <span end="2604" id="12546709-551" start="2598">alphaA</span>
    </annotation>
    <annotation annotator="Mike Bada, University of Colorado School of Medicine" id="PR_reasoned_2017_04_17_Instance_30439" type="identity">
      <class id="PR:000005908" label="alpha-crystallin B chain"/>
      <span end="2615" id="12546709-553" start="2609">alphaB</span>
    </annotation>
    <annotation annotator="Mike Bada, University of Colorado School of Medicine" id="PR_reasoned_2017_04_17_Instance_45835" type="identity">
      <class id="PR:000005907" label="alpha-crystallin A chain"/>
      <span end="3138" id="12546709-555" start="3132">AlphaA</span>
    </annotation>
    <annotation annotator="Mike Bada, University of Colorado School of Medicine" id="PR_reasoned_2017_04_17_Instance_45857" type="identity">
      <class id="PR:000005908" label="alpha-crystallin B chain"/>
      <span end="3149" id="12546709-557" start="3143">alphaB</span>
    </annotation>
    <annotation annotator="Mike Bada, University of Colorado School of Medicine" id="PR_reasoned_2017_04_17_Instance_45879" type="identity">
      <class id="PR:000025349" label="HSPB protein"/>
      <span end="3268" id="12546709-559" start="3244">small heat shock protein</span>
    </annotation>
    <annotation annotator="Mike Bada, University of Colorado School of Medicine" id="PR_reasoned_2017_04_17_Instance_45901" type="identity">
      <class id="PR:000005908" label="alpha-crystallin B chain"/>
      <span end="3348" id="12546709-561" start="3342">alphaB</span>
    </annotation>
    <annotation annotator="Mike Bada, University of Colorado School of Medicine" id="PR_reasoned_2017_04_17_Instance_45923" type="identity">
      <class id="PR:000005908" label="alpha-crystallin B chain"/>
      <span end="3400" id="12546709-563" start="3394">AlphaB</span>
    </annotation>
    <annotation annotator="Mike Bada, University of Colorado School of Medicine" id="PR_reasoned_2017_04_17_Instance_45945" type="identity">
      <class id="PR:000005907" label="alpha-crystallin A chain"/>
      <span end="3500" id="12546709-565" start="3494">alphaA</span>
    </annotation>
    <annotation annotator="Mike Bada, University of Colorado School of Medicine" id="PR_reasoned_2017_04_17_Instance_45965" type="identity">
      <class id="PR:000005907" label="alpha-crystallin A chain"/>
      <span end="3979" id="12546709-567" start="3973">alphaA</span>
    </annotation>
    <annotation annotator="Mike Bada, University of Colorado School of Medicine" id="PR_reasoned_2017_04_17_Instance_45987" type="identity">
      <class id="PR:000005908" label="alpha-crystallin B chain"/>
      <span end="3990" id="12546709-569" start="3984">alphaB</span>
    </annotation>
    <annotation annotator="Mike Bada, University of Colorado School of Medicine" id="PR_reasoned_2017_04_17_Instance_46009" type="identity">
      <class id="PR:000004734" label="phakinin"/>
      <span end="4394" id="12546709-571" start="4390">CP49</span>
    </annotation>
    <annotation annotator="Mike Bada, University of Colorado School of Medicine" id="PR_reasoned_2017_04_17_Instance_46031" type="identity">
      <class id="PR:000004733" label="filensin"/>
      <span end="4404" id="12546709-573" start="4399">CP115</span>
    </annotation>
    <annotation annotator="Mike Bada, University of Colorado School of Medicine" id="PR_reasoned_2017_04_17_Instance_46053" type="identity">
      <class id="PR:000005908" label="alpha-crystallin B chain"/>
      <span end="4779" id="12546709-575" start="4773">alphaB</span>
    </annotation>
    <annotation annotator="Mike Bada, University of Colorado School of Medicine" id="PR_reasoned_2017_04_17_Instance_46075" type="identity">
      <class id="PR:000005908" label="alpha-crystallin B chain"/>
      <span end="4927" id="12546709-577" start="4921">alphaB</span>
    </annotation>
    <annotation annotator="Mike Bada, University of Colorado School of Medicine" id="PR_reasoned_2017_04_17_Instance_46097" type="identity">
      <class id="PR:000005908" label="alpha-crystallin B chain"/>
      <span end="5028" id="12546709-579" start="5022">alphaB</span>
    </annotation>
    <annotation annotator="Mike Bada, University of Colorado School of Medicine" id="PR_reasoned_2017_04_17_Instance_46119" type="identity">
      <class id="PR:000005907" label="alpha-crystallin A chain"/>
      <span end="5679" id="12546709-581" start="5673">alphaA</span>
    </annotation>
    <annotation annotator="Mike Bada, University of Colorado School of Medicine" id="PR_reasoned_2017_04_17_Instance_46141" type="identity">
      <class id="PR:000005908" label="alpha-crystallin B chain"/>
      <span end="5808" id="12546709-583" start="5802">alphaB</span>
    </annotation>
    <annotation annotator="Mike Bada, University of Colorado School of Medicine" id="PR_reasoned_2017_04_17_Instance_46163" type="identity">
      <class id="PR:000005908" label="alpha-crystallin B chain"/>
      <span end="6157" id="12546709-585" start="6151">alphaB</span>
    </annotation>
    <annotation annotator="Mike Bada, University of Colorado School of Medicine" id="PR_reasoned_2017_04_17_Instance_46185" type="identity">
      <class id="PR:000005908" label="alpha-crystallin B chain"/>
      <span end="6288" id="12546709-587" start="6282">alphaB</span>
    </annotation>
    <annotation annotator="Mike Bada, University of Colorado School of Medicine" id="PR_reasoned_2017_04_17_Instance_46229" type="identity">
      <class id="PR:000005907" label="alpha-crystallin A chain"/>
      <span end="6670" id="12546709-591" start="6664">alphaA</span>
    </annotation>
    <annotation annotator="Mike Bada, University of Colorado School of Medicine" id="PR_reasoned_2017_04_17_Instance_46207" type="identity">
      <class id="PR:000005908" label="alpha-crystallin B chain"/>
      <span end="6681" id="12546709-589" start="6675">alphaB</span>
    </annotation>
    <annotation annotator="Mike Bada, University of Colorado School of Medicine" id="PR_reasoned_2017_04_17_Instance_46251" type="identity">
      <class id="PR:000005907" label="alpha-crystallin A chain"/>
      <span end="6884" id="12546709-593" start="6878">alphaA</span>
    </annotation>
    <annotation annotator="Mike Bada, University of Colorado School of Medicine" id="PR_reasoned_2017_04_17_Instance_46273" type="identity">
      <class id="PR:000005908" label="alpha-crystallin B chain"/>
      <span end="6895" id="12546709-595" start="6889">alphaB</span>
    </annotation>
    <annotation annotator="Mike Bada, University of Colorado School of Medicine" id="PR_reasoned_2017_04_17_Instance_46295" type="identity">
      <class id="PR:000005907" label="alpha-crystallin A chain"/>
      <span end="7385" id="12546709-597" start="7379">AlphaA</span>
    </annotation>
    <annotation annotator="Mike Bada, University of Colorado School of Medicine" id="PR_reasoned_2017_04_17_Instance_46317" type="identity">
      <class id="PR:000008816" label="heat shock protein beta-2"/>
      <span end="7526" id="12546709-599" start="7521">HSPB2</span>
    </annotation>
    <annotation annotator="Mike Bada, University of Colorado School of Medicine" id="PR_reasoned_2017_04_17_Instance_46339" type="identity">
      <class id="PR:000005907" label="alpha-crystallin A chain"/>
      <span end="10785" id="12546709-601" start="10779">AlphaA</span>
    </annotation>
    <annotation annotator="Mike Bada, University of Colorado School of Medicine" id="PR_reasoned_2017_04_17_Instance_46361" type="identity">
      <class id="PR:000005907" label="alpha-crystallin A chain"/>
      <span end="10974" id="12546709-603" start="10968">alphaA</span>
    </annotation>
    <annotation annotator="Mike Bada, University of Colorado School of Medicine" id="PR_reasoned_2017_04_17_Instance_46383" type="identity">
      <class id="PR:000005907" label="alpha-crystallin A chain"/>
      <span end="11153" id="12546709-605" start="11147">alphaA</span>
    </annotation>
    <annotation annotator="Mike Bada, University of Colorado School of Medicine" id="PR_reasoned_2017_04_17_Instance_46405" type="identity">
      <class id="PR:000005907" label="alpha-crystallin A chain"/>
      <span end="11252" id="12546709-607" start="11246">AlphaA</span>
    </annotation>
    <annotation annotator="Mike Bada, University of Colorado School of Medicine" id="PR_reasoned_2017_04_17_Instance_46427" type="identity">
      <class id="PR:000005907" label="alpha-crystallin A chain"/>
      <span end="11472" id="12546709-609" start="11466">alphaA</span>
    </annotation>
    <annotation annotator="Mike Bada, University of Colorado School of Medicine" id="PR_reasoned_2017_04_17_Instance_46449" type="identity">
      <class id="PR:000005907" label="alpha-crystallin A chain"/>
      <span end="11599" id="12546709-611" start="11593">alphaA</span>
    </annotation>
    <annotation annotator="Mike Bada, University of Colorado School of Medicine" id="PR_reasoned_2017_04_17_Instance_46465" type="identity">
      <class id="PR:000005907" label="alpha-crystallin A chain"/>
      <span end="11821" id="12546709-613" start="11815">alphaA</span>
    </annotation>
    <annotation annotator="Mike Bada, University of Colorado School of Medicine" id="PR_reasoned_2017_04_17_Instance_46467" type="identity">
      <class id="PR:000005907" label="alpha-crystallin A chain"/>
      <span end="12253" id="12546709-615" start="12247">alphaA</span>
    </annotation>
    <annotation annotator="Mike Bada, University of Colorado School of Medicine" id="PR_reasoned_2017_04_17_Instance_46469" type="identity">
      <class id="PR:000005907" label="alpha-crystallin A chain"/>
      <span end="12387" id="12546709-617" start="12381">alphaA</span>
    </annotation>
    <annotation annotator="Mike Bada, University of Colorado School of Medicine" id="PR_reasoned_2017_04_17_Instance_46471" type="identity">
      <class id="PR:000005907" label="alpha-crystallin A chain"/>
      <span end="12613" id="12546709-619" start="12607">alphaA</span>
    </annotation>
    <annotation annotator="Mike Bada, University of Colorado School of Medicine" id="PR_reasoned_2017_04_17_Instance_46473" type="identity">
      <class id="PR:000005907" label="alpha-crystallin A chain"/>
      <span end="12747" id="12546709-621" start="12741">alphaA</span>
    </annotation>
    <annotation annotator="Mike Bada, University of Colorado School of Medicine" id="PR_reasoned_2017_04_17_Instance_46475" type="identity">
      <class id="PR:000005907" label="alpha-crystallin A chain"/>
      <span end="12978" id="12546709-623" start="12972">alphaA</span>
    </annotation>
    <annotation annotator="Mike Bada, University of Colorado School of Medicine" id="PR_reasoned_2017_04_17_Instance_46477" type="identity">
      <class id="PR:000005907" label="alpha-crystallin A chain"/>
      <span end="13046" id="12546709-625" start="13040">alphaA</span>
    </annotation>
    <annotation annotator="Mike Bada, University of Colorado School of Medicine" id="PR_reasoned_2017_04_17_Instance_46479" type="identity">
      <class id="PR:000005907" label="alpha-crystallin A chain"/>
      <span end="13382" id="12546709-627" start="13376">alphaA</span>
    </annotation>
    <annotation annotator="Mike Bada, University of Colorado School of Medicine" id="PR_reasoned_2017_04_17_Instance_46481" type="identity">
      <class id="PR:000005907" label="alpha-crystallin A chain"/>
      <span end="13419" id="12546709-629" start="13413">alphaA</span>
    </annotation>
    <annotation annotator="Mike Bada, University of Colorado School of Medicine" id="PR_reasoned_2017_04_17_Instance_46483" type="identity">
      <class id="PR:000005907" label="alpha-crystallin A chain"/>
      <span end="14046" id="12546709-631" start="14040">alphaA</span>
    </annotation>
    <annotation annotator="Mike Bada, University of Colorado School of Medicine" id="PR_reasoned_2017_04_17_Instance_46485" type="identity">
      <class id="PR:000005907" label="alpha-crystallin A chain"/>
      <span end="14536" id="12546709-633" start="14530">alphaA</span>
    </annotation>
    <annotation annotator="Mike Bada, University of Colorado School of Medicine" id="PR_reasoned_2017_04_17_Instance_46487" type="identity">
      <class id="PR:000005907" label="alpha-crystallin A chain"/>
      <span end="14813" id="12546709-635" start="14807">alphaA</span>
    </annotation>
    <annotation annotator="Mike Bada, University of Colorado School of Medicine" id="PR_reasoned_2017_04_17_Instance_46489" type="identity">
      <class id="PR:000005907" label="alpha-crystallin A chain"/>
      <span end="15072" id="12546709-637" start="15066">alphaA</span>
    </annotation>
    <annotation annotator="Mike Bada, University of Colorado School of Medicine" id="PR_reasoned_2017_04_17_Instance_46491" type="identity">
      <class id="PR:000005907" label="alpha-crystallin A chain"/>
      <span end="15332" id="12546709-639" start="15326">alphaA</span>
    </annotation>
    <annotation annotator="Mike Bada, University of Colorado School of Medicine" id="PR_reasoned_2017_04_17_Instance_46493" type="identity">
      <class id="PR:000005907" label="alpha-crystallin A chain"/>
      <span end="15372" id="12546709-641" start="15366">alphaA</span>
    </annotation>
    <annotation annotator="Mike Bada, University of Colorado School of Medicine" id="PR_reasoned_2017_04_17_Instance_46495" type="identity">
      <class id="PR:000005907" label="alpha-crystallin A chain"/>
      <span end="16041" id="12546709-643" start="16035">alphaA</span>
    </annotation>
    <annotation annotator="Mike Bada, University of Colorado School of Medicine" id="PR_reasoned_2017_04_17_Instance_46497" type="identity">
      <class id="PR:000005907" label="alpha-crystallin A chain"/>
      <span end="16133" id="12546709-645" start="16127">alphaA</span>
    </annotation>
    <annotation annotator="Mike Bada, University of Colorado School of Medicine" id="PR_reasoned_2017_04_17_Instance_46499" type="identity">
      <class id="PR:000005907" label="alpha-crystallin A chain"/>
      <span end="16301" id="12546709-647" start="16295">alphaA</span>
    </annotation>
    <annotation annotator="Mike Bada, University of Colorado School of Medicine" id="PR_reasoned_2017_04_17_Instance_46501" type="identity">
      <class id="PR:000005907" label="alpha-crystallin A chain"/>
      <span end="16682" id="12546709-649" start="16676">alphaA</span>
    </annotation>
    <annotation annotator="Mike Bada, University of Colorado School of Medicine" id="PR_reasoned_2017_04_17_Instance_46503" type="identity">
      <class id="PR:000005907" label="alpha-crystallin A chain"/>
      <span end="16784" id="12546709-651" start="16778">alphaA</span>
    </annotation>
    <annotation annotator="Mike Bada, University of Colorado School of Medicine" id="PR_reasoned_2017_04_17_Instance_46505" type="identity">
      <class id="PR:000005907" label="alpha-crystallin A chain"/>
      <span end="16985" id="12546709-653" start="16979">alphaA</span>
    </annotation>
    <annotation annotator="Mike Bada, University of Colorado School of Medicine" id="PR_reasoned_2017_04_17_Instance_46507" type="identity">
      <class id="PR:000005907" label="alpha-crystallin A chain"/>
      <span end="17143" id="12546709-655" start="17137">alphaA</span>
    </annotation>
    <annotation annotator="Mike Bada, University of Colorado School of Medicine" id="PR_reasoned_2017_04_17_Instance_46509" type="identity">
      <class id="PR:000005907" label="alpha-crystallin A chain"/>
      <span end="17863" id="12546709-657" start="17857">alphaA</span>
    </annotation>
    <annotation annotator="Mike Bada, University of Colorado School of Medicine" id="PR_reasoned_2017_04_17_Instance_46511" type="identity">
      <class id="PR:000005907" label="alpha-crystallin A chain"/>
      <span end="17997" id="12546709-659" start="17991">alphaA</span>
    </annotation>
    <annotation annotator="Mike Bada, University of Colorado School of Medicine" id="PR_reasoned_2017_04_17_Instance_46513" type="identity">
      <class id="PR:000005907" label="alpha-crystallin A chain"/>
      <span end="18366" id="12546709-661" start="18360">alphaA</span>
    </annotation>
    <annotation annotator="Mike Bada, University of Colorado School of Medicine" id="PR_reasoned_2017_04_17_Instance_46515" type="identity">
      <class id="PR:000005907" label="alpha-crystallin A chain"/>
      <span end="18516" id="12546709-663" start="18510">alphaA</span>
    </annotation>
    <annotation annotator="Mike Bada, University of Colorado School of Medicine" id="PR_reasoned_2017_04_17_Instance_46517" type="identity">
      <class id="PR:000005907" label="alpha-crystallin A chain"/>
      <span end="18871" id="12546709-665" start="18865">alphaA</span>
    </annotation>
    <annotation annotator="Mike Bada, University of Colorado School of Medicine" id="PR_reasoned_2017_04_17_Instance_46519" type="identity">
      <class id="PR:000005907" label="alpha-crystallin A chain"/>
      <span end="19077" id="12546709-667" start="19071">alphaA</span>
    </annotation>
    <annotation annotator="Mike Bada, University of Colorado School of Medicine" id="PR_reasoned_2017_04_17_Instance_46521" type="identity">
      <class id="PR:000005907" label="alpha-crystallin A chain"/>
      <span end="19250" id="12546709-669" start="19244">alphaA</span>
    </annotation>
    <annotation annotator="Mike Bada, University of Colorado School of Medicine" id="PR_reasoned_2017_04_17_Instance_46523" type="identity">
      <class id="PR:000005907" label="alpha-crystallin A chain"/>
      <span end="19277" id="12546709-671" start="19271">alphaA</span>
    </annotation>
    <annotation annotator="Mike Bada, University of Colorado School of Medicine" id="PR_reasoned_2017_04_17_Instance_46525" type="identity">
      <class id="PR:000005907" label="alpha-crystallin A chain"/>
      <span end="19565" id="12546709-673" start="19559">alphaA</span>
    </annotation>
    <annotation annotator="Mike Bada, University of Colorado School of Medicine" id="PR_reasoned_2017_04_17_Instance_46527" type="identity">
      <class id="PR:000005907" label="alpha-crystallin A chain"/>
      <span end="19616" id="12546709-675" start="19610">alphaA</span>
    </annotation>
    <annotation annotator="Mike Bada, University of Colorado School of Medicine" id="PR_reasoned_2017_04_17_Instance_46529" type="identity">
      <class id="PR:000005907" label="alpha-crystallin A chain"/>
      <span end="20214" id="12546709-677" start="20208">alphaA</span>
    </annotation>
    <annotation annotator="Mike Bada, University of Colorado School of Medicine" id="PR_reasoned_2017_04_17_Instance_46531" type="identity">
      <class id="PR:000005907" label="alpha-crystallin A chain"/>
      <span end="20469" id="12546709-679" start="20463">alphaA</span>
    </annotation>
    <annotation annotator="Mike Bada, University of Colorado School of Medicine" id="PR_reasoned_2017_04_17_Instance_46533" type="identity">
      <class id="PR:000005907" label="alpha-crystallin A chain"/>
      <span end="21105" id="12546709-681" start="21099">alphaA</span>
    </annotation>
    <annotation annotator="Mike Bada, University of Colorado School of Medicine" id="PR_reasoned_2017_04_17_Instance_46535" type="identity">
      <class id="PR:000005907" label="alpha-crystallin A chain"/>
      <span end="21429" id="12546709-683" start="21423">alphaA</span>
    </annotation>
    <annotation annotator="Mike Bada, University of Colorado School of Medicine" id="PR_reasoned_2017_04_17_Instance_46537" type="identity">
      <class id="PR:000005907" label="alpha-crystallin A chain"/>
      <span end="21907" id="12546709-685" start="21901">alphaA</span>
    </annotation>
    <annotation annotator="Mike Bada, University of Colorado School of Medicine" id="PR_reasoned_2017_04_17_Instance_46539" type="identity">
      <class id="PR:000005907" label="alpha-crystallin A chain"/>
      <span end="21990" id="12546709-687" start="21984">alphaA</span>
    </annotation>
    <annotation annotator="Mike Bada, University of Colorado School of Medicine" id="PR_reasoned_2017_04_17_Instance_46541" type="identity">
      <class id="PR:000005907" label="alpha-crystallin A chain"/>
      <span end="22048" id="12546709-689" start="22042">alphaA</span>
    </annotation>
    <annotation annotator="Mike Bada, University of Colorado School of Medicine" id="PR_reasoned_2017_04_17_Instance_46543" type="identity">
      <class id="PR:000005907" label="alpha-crystallin A chain"/>
      <span end="22565" id="12546709-691" start="22559">alphaA</span>
    </annotation>
    <annotation annotator="Mike Bada, University of Colorado School of Medicine" id="PR_reasoned_2017_04_17_Instance_46545" type="identity">
      <class id="PR:000005908" label="alpha-crystallin B chain"/>
      <span end="22694" id="12546709-693" start="22688">alphaB</span>
    </annotation>
    <annotation annotator="Mike Bada, University of Colorado School of Medicine" id="PR_reasoned_2017_04_17_Instance_46547" type="identity">
      <class id="PR:000005908" label="alpha-crystallin B chain"/>
      <span end="22967" id="12546709-695" start="22961">alphaB</span>
    </annotation>
    <annotation annotator="Mike Bada, University of Colorado School of Medicine" id="PR_reasoned_2017_04_17_Instance_46549" type="identity">
      <class id="PR:000005907" label="alpha-crystallin A chain"/>
      <span end="23108" id="12546709-697" start="23102">alphaA</span>
    </annotation>
    <annotation annotator="Mike Bada, University of Colorado School of Medicine" id="PR_reasoned_2017_04_17_Instance_46551" type="identity">
      <class id="PR:000005908" label="alpha-crystallin B chain"/>
      <span end="23188" id="12546709-699" start="23182">alphaB</span>
    </annotation>
    <annotation annotator="Mike Bada, University of Colorado School of Medicine" id="PR_reasoned_2017_04_17_Instance_46553" type="identity">
      <class id="PR:000005907" label="alpha-crystallin A chain"/>
      <span end="23392" id="12546709-701" start="23386">alphaA</span>
    </annotation>
    <annotation annotator="Mike Bada, University of Colorado School of Medicine" id="PR_reasoned_2017_04_17_Instance_46555" type="identity">
      <class id="PR:000005908" label="alpha-crystallin B chain"/>
      <span end="23403" id="12546709-703" start="23397">alphaB</span>
    </annotation>
    <annotation annotator="Mike Bada, University of Colorado School of Medicine" id="PR_reasoned_2017_04_17_Instance_46557" type="identity">
      <class id="PR:000005907" label="alpha-crystallin A chain"/>
      <span end="23829" id="12546709-705" start="23823">alphaA</span>
    </annotation>
    <annotation annotator="Mike Bada, University of Colorado School of Medicine" id="PR_reasoned_2017_04_17_Instance_46559" type="identity">
      <class id="PR:000005907" label="alpha-crystallin A chain"/>
      <span end="23944" id="12546709-707" start="23938">alphaA</span>
    </annotation>
    <annotation annotator="Mike Bada, University of Colorado School of Medicine" id="PR_reasoned_2017_04_17_Instance_46561" type="identity">
      <class id="PR:000005908" label="alpha-crystallin B chain"/>
      <span end="23954" id="12546709-709" start="23948">alphaB</span>
    </annotation>
    <annotation annotator="Mike Bada, University of Colorado School of Medicine" id="PR_reasoned_2017_04_17_Instance_46563" type="identity">
      <class id="PR:000005907" label="alpha-crystallin A chain"/>
      <span end="24012" id="12546709-711" start="24006">alphaA</span>
    </annotation>
    <annotation annotator="Mike Bada, University of Colorado School of Medicine" id="PR_reasoned_2017_04_17_Instance_46565" type="identity">
      <class id="PR:000008816" label="heat shock protein beta-2"/>
      <span end="24041" id="12546709-713" start="24036">HSPB2</span>
    </annotation>
    <annotation annotator="Mike Bada, University of Colorado School of Medicine" id="PR_reasoned_2017_04_17_Instance_46567" type="identity">
      <class id="PR:000008816" label="heat shock protein beta-2"/>
      <span end="24224" id="12546709-715" start="24219">HSPB2</span>
    </annotation>
    <annotation annotator="Mike Bada, University of Colorado School of Medicine" id="PR_reasoned_2017_04_17_Instance_46569" type="identity">
      <class id="PR:000005907" label="alpha-crystallin A chain"/>
      <span end="25017" id="12546709-717" start="25011">alphaA</span>
    </annotation>
    <annotation annotator="Mike Bada, University of Colorado School of Medicine" id="PR_reasoned_2017_04_17_Instance_46571" type="identity">
      <class id="PR:000005908" label="alpha-crystallin B chain"/>
      <span end="25028" id="12546709-719" start="25022">alphaB</span>
    </annotation>
    <annotation annotator="Mike Bada, University of Colorado School of Medicine" id="PR_reasoned_2017_04_17_Instance_46573" type="identity">
      <class id="PR:000005907" label="alpha-crystallin A chain"/>
      <span end="25138" id="12546709-721" start="25132">alphaA</span>
    </annotation>
    <annotation annotator="Mike Bada, University of Colorado School of Medicine" id="PR_reasoned_2017_04_17_Instance_46575" type="identity">
      <class id="PR:000005908" label="alpha-crystallin B chain"/>
      <span end="25149" id="12546709-723" start="25143">alphaB</span>
    </annotation>
    <annotation annotator="Mike Bada, University of Colorado School of Medicine" id="PR_reasoned_2017_04_17_Instance_46577" type="identity">
      <class id="PR:000005907" label="alpha-crystallin A chain"/>
      <span end="25388" id="12546709-725" start="25382">alphaA</span>
    </annotation>
    <annotation annotator="Mike Bada, University of Colorado School of Medicine" id="PR_reasoned_2017_04_17_Instance_46579" type="identity">
      <class id="PR:000005907" label="alpha-crystallin A chain"/>
      <span end="25822" id="12546709-727" start="25816">alphaA</span>
    </annotation>
    <annotation annotator="Mike Bada, University of Colorado School of Medicine" id="PR_reasoned_2017_04_17_Instance_46581" type="identity">
      <class id="PR:000005907" label="alpha-crystallin A chain"/>
      <span end="25988" id="12546709-729" start="25982">alphaA</span>
    </annotation>
    <annotation annotator="Mike Bada, University of Colorado School of Medicine" id="PR_reasoned_2017_04_17_Instance_46583" type="identity">
      <class id="PR:000005908" label="alpha-crystallin B chain"/>
      <span end="25999" id="12546709-731" start="25993">alphaB</span>
    </annotation>
    <annotation annotator="Mike Bada, University of Colorado School of Medicine" id="PR_reasoned_2017_04_17_Instance_46585" type="identity">
      <class id="PR:000005907" label="alpha-crystallin A chain"/>
      <span end="27195" id="12546709-733" start="27189">alphaA</span>
    </annotation>
    <annotation annotator="Mike Bada, University of Colorado School of Medicine" id="PR_reasoned_2017_04_17_Instance_46587" type="identity">
      <class id="PR:000005907" label="alpha-crystallin A chain"/>
      <span end="27766" id="12546709-735" start="27760">alphaA</span>
    </annotation>
    <annotation annotator="Mike Bada, University of Colorado School of Medicine" id="PR_reasoned_2017_04_17_Instance_46589" type="identity">
      <class id="PR:000005907" label="alpha-crystallin A chain"/>
      <span end="28179" id="12546709-737" start="28173">alphaA</span>
    </annotation>
    <annotation annotator="Mike Bada, University of Colorado School of Medicine" id="PR_reasoned_2017_04_17_Instance_46591" type="identity">
      <class id="PR:000005907" label="alpha-crystallin A chain"/>
      <span end="29418" id="12546709-739" start="29412">AlphaA</span>
    </annotation>
    <annotation annotator="Mike Bada, University of Colorado School of Medicine" id="PR_reasoned_2017_04_17_Instance_46593" type="identity">
      <class id="PR:000005908" label="alpha-crystallin B chain"/>
      <span end="29429" id="12546709-741" start="29423">alphaB</span>
    </annotation>
    <annotation annotator="Mike Bada, University of Colorado School of Medicine" id="PR_reasoned_2017_04_17_Instance_46595" type="identity">
      <class id="PR:000025349" label="HSPB protein"/>
      <span end="29453" id="12546709-743" start="29449">shsp</span>
    </annotation>
    <annotation annotator="Mike Bada, University of Colorado School of Medicine" id="PR_reasoned_2017_04_17_Instance_46597" type="identity">
      <class id="PR:000005907" label="alpha-crystallin A chain"/>
      <span end="29795" id="12546709-745" start="29789">alphaA</span>
    </annotation>
    <annotation annotator="Mike Bada, University of Colorado School of Medicine" id="PR_reasoned_2017_04_17_Instance_46599" type="identity">
      <class id="PR:000005908" label="alpha-crystallin B chain"/>
      <span end="30306" id="12546709-747" start="30300">alphaB</span>
    </annotation>
    <annotation annotator="Mike Bada, University of Colorado School of Medicine" id="PR_reasoned_2017_04_17_Instance_46601" type="identity">
      <class id="PR:000010877" label="myogenin"/>
      <span end="30371" id="12546709-749" start="30363">myogenin</span>
    </annotation>
    <annotation annotator="Mike Bada, University of Colorado School of Medicine" id="PR_reasoned_2017_04_17_Instance_46603" type="identity">
      <class id="PR:000005908" label="alpha-crystallin B chain"/>
      <span end="31019" id="12546709-751" start="31013">AlphaB</span>
    </annotation>
    <annotation annotator="Mike Bada, University of Colorado School of Medicine" id="PR_reasoned_2017_04_17_Instance_46605" type="identity">
      <class id="PR:000005908" label="alpha-crystallin B chain"/>
      <span end="31314" id="12546709-753" start="31308">alphaB</span>
    </annotation>
    <annotation annotator="Mike Bada, University of Colorado School of Medicine" id="PR_reasoned_2017_04_17_Instance_46607" type="identity">
      <class id="PR:000005907" label="alpha-crystallin A chain"/>
      <span end="31519" id="12546709-755" start="31513">alphaA</span>
    </annotation>
    <annotation annotator="Mike Bada, University of Colorado School of Medicine" id="PR_reasoned_2017_04_17_Instance_46609" type="identity">
      <class id="PR:000005907" label="alpha-crystallin A chain"/>
      <span end="31830" id="12546709-757" start="31824">alphaA</span>
    </annotation>
    <annotation annotator="Mike Bada, University of Colorado School of Medicine" id="PR_reasoned_2017_04_17_Instance_46611" type="identity">
      <class id="PR:000005907" label="alpha-crystallin A chain"/>
      <span end="31929" id="12546709-759" start="31923">alphaA</span>
    </annotation>
    <annotation annotator="Mike Bada, University of Colorado School of Medicine" id="PR_reasoned_2017_04_17_Instance_46613" type="identity">
      <class id="PR:000005907" label="alpha-crystallin A chain"/>
      <span end="32150" id="12546709-761" start="32144">alphaA</span>
    </annotation>
    <annotation annotator="Mike Bada, University of Colorado School of Medicine" id="PR_reasoned_2017_04_17_Instance_46615" type="identity">
      <class id="PR:000005908" label="alpha-crystallin B chain"/>
      <span end="32161" id="12546709-763" start="32155">alphaB</span>
    </annotation>
    <annotation annotator="Mike Bada, University of Colorado School of Medicine" id="PR_reasoned_2017_04_17_Instance_46617" type="identity">
      <class id="PR:000004734" label="phakinin"/>
      <span end="32591" id="12546709-765" start="32587">CP49</span>
    </annotation>
    <annotation annotator="Mike Bada, University of Colorado School of Medicine" id="PR_reasoned_2017_04_17_Instance_46619" type="identity">
      <class id="PR:000004733" label="filensin"/>
      <span end="32601" id="12546709-767" start="32596">CP115</span>
    </annotation>
    <annotation annotator="Mike Bada, University of Colorado School of Medicine" id="PR_reasoned_2017_04_17_Instance_46621" type="identity">
      <class id="PR:000005907" label="alpha-crystallin A chain"/>
      <span end="33159" id="12546709-769" start="33153">alphaA</span>
    </annotation>
    <annotation annotator="Mike Bada, University of Colorado School of Medicine" id="PR_reasoned_2017_04_17_Instance_46623" type="identity">
      <class id="PR:000005907" label="alpha-crystallin A chain"/>
      <span end="33283" id="12546709-771" start="33277">alphaA</span>
    </annotation>
    <annotation annotator="Mike Bada, University of Colorado School of Medicine" id="PR_reasoned_2017_04_17_Instance_46625" type="identity">
      <class id="PR:000005907" label="alpha-crystallin A chain"/>
      <span end="33569" id="12546709-773" start="33564">Alpha</span>
    </annotation>
    <annotation annotator="Mike Bada, University of Colorado School of Medicine" id="PR_reasoned_2017_04_17_Instance_46627" type="identity">
      <class id="PR:000005907" label="alpha-crystallin A chain"/>
      <span end="33624" id="12546709-775" start="33618">AlphaA</span>
    </annotation>
    <graph-space id="Old Knowtator Relations"/>
  </document>
</knowtator-project>
