<?xml version="1.0" encoding="UTF-8" standalone="no"?>
<knowtator-project>
    <document id="14611657" text-file="14611657.txt">
        <annotation annotator="Mike Bada, University of Colorado School of Medicine" id="PR_reasoned_2017_04_17_Instance_51993" type="identity">
            <class id="PR:000014258" label="40S ribosomal protein S16"/>
            <span end="17190" id="14611657-1688" start="17177">ribosomal S16</span>
        </annotation>
        <annotation annotator="Mike Bada, University of Colorado School of Medicine" id="PR_reasoned_2017_04_17_Instance_51997" type="identity">
            <class id="PR:000014258" label="40S ribosomal protein S16"/>
            <span end="47133" id="14611657-1690" start="47120">ribosomal S16</span>
        </annotation>
        <annotation annotator="Mike Bada, University of Colorado School of Medicine" id="PR_reasoned_2017_04_17_Instance_51999" type="identity">
            <class id="PR:000014258" label="40S ribosomal protein S16"/>
            <span end="47407" id="14611657-1692" start="47404">S16</span>
        </annotation>
        <annotation annotator="Mike Bada, University of Colorado School of Medicine" id="PR_reasoned_2017_04_17_Instance_52001" type="identity">
            <class id="PR:000014258" label="40S ribosomal protein S16"/>
            <span end="49704" id="14611657-1694" start="49701">S16</span>
        </annotation>
        <annotation annotator="Mike Bada, University of Colorado School of Medicine" id="PR_reasoned_2017_04_17_Instance_52003" type="identity">
            <class id="PR:000014258" label="40S ribosomal protein S16"/>
            <span end="51637" id="14611657-1696" start="51624">ribosomal S16</span>
        </annotation>
        <graph-space id="Old Knowtator Relations"/>
    </document>
</knowtator-project>
