<?xml version="1.0" encoding="UTF-8" standalone="no"?>
<knowtator-project>
    <document id="14723793" text-file="14723793.txt">
        <annotation annotator="Mike Bada, University of Colorado School of Medicine" id="PR_reasoned_2017_04_17_Instance_52005" type="identity">
            <class id="PR:000005643" label="metal transporter CNNM1"/>
            <span end="399" id="14723793-1702" start="394">Acdp1</span>
        </annotation>
        <annotation annotator="Mike Bada, University of Colorado School of Medicine" id="PR_reasoned_2017_04_17_Instance_52007" type="identity">
            <class id="PR:000005644" label="metal transporter CNNM2"/>
            <span end="406" id="14723793-1704" start="401">Acdp2</span>
        </annotation>
        <annotation annotator="Mike Bada, University of Colorado School of Medicine" id="PR_reasoned_2017_04_17_Instance_52009" type="identity">
            <class id="PR:000005645" label="metal transporter CNNM3"/>
            <span end="413" id="14723793-1706" start="408">Acdp3</span>
        </annotation>
        <annotation annotator="Mike Bada, University of Colorado School of Medicine" id="PR_reasoned_2017_04_17_Instance_52011" type="identity">
            <class id="PR:000005646" label="metal transporter CNNM4"/>
            <span end="423" id="14723793-1708" start="418">Acdp4</span>
        </annotation>
        <annotation annotator="Mike Bada, University of Colorado School of Medicine" id="PR_reasoned_2017_04_17_Instance_52013" type="identity">
            <class id="PR:000022321" label="magnesium and cobalt efflux protein CorC"/>
            <span end="940" id="14723793-1710" start="936">CorC</span>
        </annotation>
        <annotation annotator="Mike Bada, University of Colorado School of Medicine" id="PR_reasoned_2017_04_17_Instance_52015" type="identity">
            <class id="PR:000005643" label="metal transporter CNNM1"/>
            <span end="1110" id="14723793-1712" start="1105">Acdp1</span>
        </annotation>
        <annotation annotator="Mike Bada, University of Colorado School of Medicine" id="PR_reasoned_2017_04_17_Instance_52017" type="identity">
            <class id="PR:000005643" label="metal transporter CNNM1"/>
            <span end="1231" id="14723793-1714" start="1226">Acdp1</span>
        </annotation>
        <annotation annotator="Mike Bada, University of Colorado School of Medicine" id="PR_reasoned_2017_04_17_Instance_52019" type="identity">
            <class id="PR:000022321" label="magnesium and cobalt efflux protein CorC"/>
            <span end="1550" id="14723793-1716" start="1546">CorC</span>
        </annotation>
        <annotation annotator="Mike Bada, University of Colorado School of Medicine" id="PR_reasoned_2017_04_17_Instance_52021" type="identity">
            <class id="PR:000005643" label="metal transporter CNNM1"/>
            <span end="2670" id="14723793-1718" start="2665">Acdp1</span>
        </annotation>
        <annotation annotator="Mike Bada, University of Colorado School of Medicine" id="PR_reasoned_2017_04_17_Instance_52023" type="identity">
            <class id="PR:000005644" label="metal transporter CNNM2"/>
            <span end="2688" id="14723793-1720" start="2683">Acdp2</span>
        </annotation>
        <annotation annotator="Mike Bada, University of Colorado School of Medicine" id="PR_reasoned_2017_04_17_Instance_52025" type="identity">
            <class id="PR:000005645" label="metal transporter CNNM3"/>
            <span end="2711" id="14723793-1722" start="2706">Acdp3</span>
        </annotation>
        <annotation annotator="Mike Bada, University of Colorado School of Medicine" id="PR_reasoned_2017_04_17_Instance_52027" type="identity">
            <class id="PR:000005646" label="metal transporter CNNM4"/>
            <span end="2734" id="14723793-1724" start="2729">Acdp4</span>
        </annotation>
        <annotation annotator="Mike Bada, University of Colorado School of Medicine" id="PR_reasoned_2017_04_17_Instance_52029" type="identity">
            <class id="PR:000005643" label="metal transporter CNNM1"/>
            <span end="3390" id="14723793-1726" start="3385">Acdp1</span>
        </annotation>
        <annotation annotator="Mike Bada, University of Colorado School of Medicine" id="PR_reasoned_2017_04_17_Instance_52031" type="identity">
            <class id="PR:000005644" label="metal transporter CNNM2"/>
            <span end="3529" id="14723793-1728" start="3524">Acdp2</span>
        </annotation>
        <annotation annotator="Mike Bada, University of Colorado School of Medicine" id="PR_reasoned_2017_04_17_Instance_52033" type="identity">
            <class id="PR:000005643" label="metal transporter CNNM1"/>
            <span end="4174" id="14723793-1730" start="4169">Acdp1</span>
        </annotation>
        <annotation annotator="Mike Bada, University of Colorado School of Medicine" id="PR_reasoned_2017_04_17_Instance_52035" type="identity">
            <class id="PR:000005644" label="metal transporter CNNM2"/>
            <span end="4284" id="14723793-1732" start="4279">Acdp2</span>
        </annotation>
        <annotation annotator="Mike Bada, University of Colorado School of Medicine" id="PR_reasoned_2017_04_17_Instance_52039" type="identity">
            <class id="PR:000005644" label="metal transporter CNNM2"/>
            <span end="4361" id="14723793-1736" start="4356">Acdp2</span>
        </annotation>
        <annotation annotator="Mike Bada, University of Colorado School of Medicine" id="PR_reasoned_2017_04_17_Instance_52037" type="identity">
            <class id="PR:000005645" label="metal transporter CNNM3"/>
            <span end="4495" id="14723793-1734" start="4490">Acdp3</span>
        </annotation>
        <annotation annotator="Mike Bada, University of Colorado School of Medicine" id="PR_reasoned_2017_04_17_Instance_52041" type="identity">
            <class id="PR:000005646" label="metal transporter CNNM4"/>
            <span end="4505" id="14723793-1738" start="4500">Acdp4</span>
        </annotation>
        <annotation annotator="Mike Bada, University of Colorado School of Medicine" id="PR_reasoned_2017_04_17_Instance_52043" type="identity">
            <class id="PR:000005645" label="metal transporter CNNM3"/>
            <span end="4600" id="14723793-1740" start="4595">Acdp3</span>
        </annotation>
        <annotation annotator="Mike Bada, University of Colorado School of Medicine" id="PR_reasoned_2017_04_17_Instance_52045" type="identity">
            <class id="PR:000005646" label="metal transporter CNNM4"/>
            <span end="4691" id="14723793-1742" start="4686">Acdp4</span>
        </annotation>
        <annotation annotator="Mike Bada, University of Colorado School of Medicine" id="PR_reasoned_2017_04_17_Instance_52047" type="identity">
            <class id="PR:000005645" label="metal transporter CNNM3"/>
            <span end="4780" id="14723793-1744" start="4775">Acdp3</span>
        </annotation>
        <annotation annotator="Mike Bada, University of Colorado School of Medicine" id="PR_reasoned_2017_04_17_Instance_52049" type="identity">
            <class id="PR:000003676" label="actin, cytoplasmic 1"/>
            <span end="4846" id="14723793-1746" start="4839">β-actin</span>
        </annotation>
        <annotation annotator="Mike Bada, University of Colorado School of Medicine" id="PR_reasoned_2017_04_17_Instance_52051" type="identity">
            <class id="PR:000005643" label="metal transporter CNNM1"/>
            <span end="5462" id="14723793-1748" start="5457">Acdp1</span>
        </annotation>
        <annotation annotator="Mike Bada, University of Colorado School of Medicine" id="PR_reasoned_2017_04_17_Instance_52053" type="identity">
            <class id="PR:000005644" label="metal transporter CNNM2"/>
            <span end="5575" id="14723793-1750" start="5570">Acdp2</span>
        </annotation>
        <annotation annotator="Mike Bada, University of Colorado School of Medicine" id="PR_reasoned_2017_04_17_Instance_52055" type="identity">
            <class id="PR:000005643" label="metal transporter CNNM1"/>
            <span end="5619" id="14723793-1752" start="5614">Acdp1</span>
        </annotation>
        <annotation annotator="Mike Bada, University of Colorado School of Medicine" id="PR_reasoned_2017_04_17_Instance_52057" type="identity">
            <class id="PR:000005645" label="metal transporter CNNM3"/>
            <span end="5711" id="14723793-1754" start="5706">Acdp3</span>
        </annotation>
        <annotation annotator="Mike Bada, University of Colorado School of Medicine" id="PR_reasoned_2017_04_17_Instance_52059" type="identity">
            <class id="PR:000005646" label="metal transporter CNNM4"/>
            <span end="5721" id="14723793-1756" start="5716">Acdp4</span>
        </annotation>
        <annotation annotator="Mike Bada, University of Colorado School of Medicine" id="PR_reasoned_2017_04_17_Instance_52061" type="identity">
            <class id="PR:000005644" label="metal transporter CNNM2"/>
            <span end="6109" id="14723793-1758" start="6104">ACDP2</span>
        </annotation>
        <annotation annotator="Mike Bada, University of Colorado School of Medicine" id="PR_reasoned_2017_04_17_Instance_52063" type="identity">
            <class id="PR:000005644" label="metal transporter CNNM2"/>
            <span end="6129" id="14723793-1760" start="6124">Acdp2</span>
        </annotation>
        <annotation annotator="Mike Bada, University of Colorado School of Medicine" id="PR_reasoned_2017_04_17_Instance_52065" type="identity">
            <class id="PR:000005644" label="metal transporter CNNM2"/>
            <span end="6370" id="14723793-1762" start="6365">Acdp2</span>
        </annotation>
        <annotation annotator="Mike Bada, University of Colorado School of Medicine" id="PR_reasoned_2017_04_17_Instance_52067" type="identity">
            <class id="PR:000005646" label="metal transporter CNNM4"/>
            <span end="6575" id="14723793-1764" start="6570">Acdp4</span>
        </annotation>
        <annotation annotator="Mike Bada, University of Colorado School of Medicine" id="PR_reasoned_2017_04_17_Instance_52069" type="identity">
            <class id="PR:000022321" label="magnesium and cobalt efflux protein CorC"/>
            <span end="6990" id="14723793-1766" start="6986">CorC</span>
        </annotation>
        <annotation annotator="Mike Bada, University of Colorado School of Medicine" id="PR_reasoned_2017_04_17_Instance_52071" type="identity">
            <class id="PR:000022321" label="magnesium and cobalt efflux protein CorC"/>
            <span end="7275" id="14723793-1768" start="7271">CorC</span>
        </annotation>
        <annotation annotator="Mike Bada, University of Colorado School of Medicine" id="PR_reasoned_2017_04_17_Instance_52073" type="identity">
            <class id="PR:000005643" label="metal transporter CNNM1"/>
            <span end="7895" id="14723793-1770" start="7890">Acdp1</span>
        </annotation>
        <annotation annotator="Mike Bada, University of Colorado School of Medicine" id="PR_reasoned_2017_04_17_Instance_52075" type="identity">
            <class id="PR:000005644" label="metal transporter CNNM2"/>
            <span end="7913" id="14723793-1772" start="7908">Acdp2</span>
        </annotation>
        <annotation annotator="Mike Bada, University of Colorado School of Medicine" id="PR_reasoned_2017_04_17_Instance_52077" type="identity">
            <class id="PR:000005645" label="metal transporter CNNM3"/>
            <span end="7931" id="14723793-1774" start="7926">Acdp3</span>
        </annotation>
        <annotation annotator="Mike Bada, University of Colorado School of Medicine" id="PR_reasoned_2017_04_17_Instance_52079" type="identity">
            <class id="PR:000005646" label="metal transporter CNNM4"/>
            <span end="7952" id="14723793-1776" start="7947">Acdp4</span>
        </annotation>
        <annotation annotator="Mike Bada, University of Colorado School of Medicine" id="PR_reasoned_2017_04_17_Instance_52081" type="identity">
            <class id="PR:000022321" label="magnesium and cobalt efflux protein CorC"/>
            <span end="8774" id="14723793-1778" start="8770">CorC</span>
        </annotation>
        <annotation annotator="Mike Bada, University of Colorado School of Medicine" id="PR_reasoned_2017_04_17_Instance_52083" type="identity">
            <class id="PR:000022321" label="magnesium and cobalt efflux protein CorC"/>
            <span end="9397" id="14723793-1780" start="9393">CorC</span>
        </annotation>
        <annotation annotator="Mike Bada, University of Colorado School of Medicine" id="PR_reasoned_2017_04_17_Instance_52085" type="identity">
            <class id="PR:000005646" label="metal transporter CNNM4"/>
            <span end="9961" id="14723793-1782" start="9956">Acdp4</span>
        </annotation>
        <annotation annotator="Mike Bada, University of Colorado School of Medicine" id="PR_reasoned_2017_04_17_Instance_52087" type="identity">
            <class id="PR:000005643" label="metal transporter CNNM1"/>
            <span end="10354" id="14723793-1784" start="10349">Acdp1</span>
        </annotation>
        <annotation annotator="Mike Bada, University of Colorado School of Medicine" id="PR_reasoned_2017_04_17_Instance_52089" type="identity">
            <class id="PR:000005644" label="metal transporter CNNM2"/>
            <span end="10645" id="14723793-1786" start="10640">Acdp2</span>
        </annotation>
        <annotation annotator="Mike Bada, University of Colorado School of Medicine" id="PR_reasoned_2017_04_17_Instance_52091" type="identity">
            <class id="PR:000005645" label="metal transporter CNNM3"/>
            <span end="10712" id="14723793-1788" start="10707">Acdp3</span>
        </annotation>
        <annotation annotator="Mike Bada, University of Colorado School of Medicine" id="PR_reasoned_2017_04_17_Instance_52093" type="identity">
            <class id="PR:000005646" label="metal transporter CNNM4"/>
            <span end="10807" id="14723793-1790" start="10802">Acdp4</span>
        </annotation>
        <annotation annotator="Mike Bada, University of Colorado School of Medicine" id="PR_reasoned_2017_04_17_Instance_52095" type="identity">
            <class id="PR:000005643" label="metal transporter CNNM1"/>
            <span end="10999" id="14723793-1792" start="10994">Acdp1</span>
        </annotation>
        <annotation annotator="Mike Bada, University of Colorado School of Medicine" id="PR_reasoned_2017_04_17_Instance_52097" type="identity">
            <class id="PR:000005643" label="metal transporter CNNM1"/>
            <span end="11108" id="14723793-1794" start="11103">Acdp1</span>
        </annotation>
        <annotation annotator="Mike Bada, University of Colorado School of Medicine" id="PR_reasoned_2017_04_17_Instance_52099" type="identity">
            <class id="PR:000005643" label="metal transporter CNNM1"/>
            <span end="11538" id="14723793-1796" start="11533">Acdp1</span>
        </annotation>
        <annotation annotator="Mike Bada, University of Colorado School of Medicine" id="PR_reasoned_2017_04_17_Instance_52103" type="identity">
            <class id="PR:000005646" label="metal transporter CNNM4"/>
            <span end="11610" id="14723793-1800" start="11605">Acdp4</span>
        </annotation>
        <annotation annotator="Mike Bada, University of Colorado School of Medicine" id="PR_reasoned_2017_04_17_Instance_52101" type="identity">
            <class id="PR:000005643" label="metal transporter CNNM1"/>
            <span end="11631" id="14723793-1798" start="11626">Acdp1</span>
        </annotation>
        <annotation annotator="Mike Bada, University of Colorado School of Medicine" id="PR_reasoned_2017_04_17_Instance_52105" type="identity">
            <class id="PR:000005643" label="metal transporter CNNM1"/>
            <span end="11896" id="14723793-1802" start="11891">Acdp1</span>
        </annotation>
        <annotation annotator="Mike Bada, University of Colorado School of Medicine" id="PR_reasoned_2017_04_17_Instance_52107" type="identity">
            <class id="PR:000005643" label="metal transporter CNNM1"/>
            <span end="12054" id="14723793-1804" start="12049">Acdp1</span>
        </annotation>
        <annotation annotator="Mike Bada, University of Colorado School of Medicine" id="PR_reasoned_2017_04_17_Instance_52109" type="identity">
            <class id="PR:000005643" label="metal transporter CNNM1"/>
            <span end="12238" id="14723793-1806" start="12233">Acdp1</span>
        </annotation>
        <annotation annotator="Mike Bada, University of Colorado School of Medicine" id="PR_reasoned_2017_04_17_Instance_52111" type="identity">
            <class id="PR:000005643" label="metal transporter CNNM1"/>
            <span end="12432" id="14723793-1808" start="12427">Acdp1</span>
        </annotation>
        <annotation annotator="Mike Bada, University of Colorado School of Medicine" id="PR_reasoned_2017_04_17_Instance_52113" type="identity">
            <class id="PR:000005643" label="metal transporter CNNM1"/>
            <span end="12474" id="14723793-1810" start="12468">Acdp-1</span>
        </annotation>
        <annotation annotator="Mike Bada, University of Colorado School of Medicine" id="PR_reasoned_2017_04_17_Instance_52115" type="identity">
            <class id="PR:000005643" label="metal transporter CNNM1"/>
            <span end="12505" id="14723793-1812" start="12500">Acdp1</span>
        </annotation>
        <annotation annotator="Mike Bada, University of Colorado School of Medicine" id="PR_reasoned_2017_04_17_Instance_52117" type="identity">
            <class id="PR:000005643" label="metal transporter CNNM1"/>
            <span end="12581" id="14723793-1814" start="12575">Acdp-1</span>
        </annotation>
        <annotation annotator="Mike Bada, University of Colorado School of Medicine" id="PR_reasoned_2017_04_17_Instance_52119" type="identity">
            <class id="PR:000005643" label="metal transporter CNNM1"/>
            <span end="12661" id="14723793-1816" start="12656">Acdp1</span>
        </annotation>
        <annotation annotator="Mike Bada, University of Colorado School of Medicine" id="PR_reasoned_2017_04_17_Instance_52121" type="identity">
            <class id="PR:000005643" label="metal transporter CNNM1"/>
            <span end="12923" id="14723793-1818" start="12918">Acdp1</span>
        </annotation>
        <annotation annotator="Mike Bada, University of Colorado School of Medicine" id="PR_reasoned_2017_04_17_Instance_52123" type="identity">
            <class id="PR:000005643" label="metal transporter CNNM1"/>
            <span end="12990" id="14723793-1820" start="12985">Acdp1</span>
        </annotation>
        <annotation annotator="Mike Bada, University of Colorado School of Medicine" id="PR_reasoned_2017_04_17_Instance_52125" type="identity">
            <class id="PR:000005643" label="metal transporter CNNM1"/>
            <span end="13149" id="14723793-1822" start="13144">Acdp1</span>
        </annotation>
        <annotation annotator="Mike Bada, University of Colorado School of Medicine" id="PR_reasoned_2017_04_17_Instance_52127" type="identity">
            <class id="PR:000005643" label="metal transporter CNNM1"/>
            <span end="13555" id="14723793-1824" start="13550">Acdp1</span>
        </annotation>
        <annotation annotator="Mike Bada, University of Colorado School of Medicine" id="PR_reasoned_2017_04_17_Instance_52129" type="identity">
            <class id="PR:000005644" label="metal transporter CNNM2"/>
            <span end="13571" id="14723793-1826" start="13566">Acdp2</span>
        </annotation>
        <annotation annotator="Mike Bada, University of Colorado School of Medicine" id="PR_reasoned_2017_04_17_Instance_52131" type="identity">
            <class id="PR:000005646" label="metal transporter CNNM4"/>
            <span end="13587" id="14723793-1828" start="13582">Acdp4</span>
        </annotation>
        <annotation annotator="Mike Bada, University of Colorado School of Medicine" id="PR_reasoned_2017_04_17_Instance_52139" type="identity">
            <class id="PR:000005645" label="metal transporter CNNM3"/>
            <span end="13605" id="14723793-1836" start="13600">Acdp3</span>
        </annotation>
        <annotation annotator="Mike Bada, University of Colorado School of Medicine" id="PR_reasoned_2017_04_17_Instance_52133" type="identity">
            <class id="PR:000005643" label="metal transporter CNNM1"/>
            <span end="13650" id="14723793-1830" start="13645">Acdp1</span>
        </annotation>
        <annotation annotator="Mike Bada, University of Colorado School of Medicine" id="PR_reasoned_2017_04_17_Instance_52135" type="identity">
            <class id="PR:000005643" label="metal transporter CNNM1"/>
            <span end="13762" id="14723793-1832" start="13757">Acdp1</span>
        </annotation>
        <annotation annotator="Mike Bada, University of Colorado School of Medicine" id="PR_reasoned_2017_04_17_Instance_52137" type="identity">
            <class id="PR:000005643" label="metal transporter CNNM1"/>
            <span end="13866" id="14723793-1834" start="13860">Acdp-1</span>
        </annotation>
        <annotation annotator="Mike Bada, University of Colorado School of Medicine" id="PR_reasoned_2017_04_17_Instance_52141" type="identity">
            <class id="PR:000005643" label="metal transporter CNNM1"/>
            <span end="14001" id="14723793-1838" start="13996">Acdp1</span>
        </annotation>
        <annotation annotator="Mike Bada, University of Colorado School of Medicine" id="PR_reasoned_2017_04_17_Instance_52143" type="identity">
            <class id="PR:000005643" label="metal transporter CNNM1"/>
            <span end="14103" id="14723793-1840" start="14098">Acdp1</span>
        </annotation>
        <annotation annotator="Mike Bada, University of Colorado School of Medicine" id="PR_reasoned_2017_04_17_Instance_52145" type="identity">
            <class id="PR:000022321" label="magnesium and cobalt efflux protein CorC"/>
            <span end="14930" id="14723793-1842" start="14926">CorC</span>
        </annotation>
        <annotation annotator="Mike Bada, University of Colorado School of Medicine" id="PR_reasoned_2017_04_17_Instance_52147" type="identity">
            <class id="PR:000022320" label="magnesium transport protein CorA"/>
            <span end="14968" id="14723793-1844" start="14964">CorA</span>
        </annotation>
        <annotation annotator="Mike Bada, University of Colorado School of Medicine" id="PR_reasoned_2017_04_17_Instance_52149" type="identity">
            <class id="PR:000022320" label="magnesium transport protein CorA"/>
            <span end="15095" id="14723793-1846" start="15091">CorA</span>
        </annotation>
        <annotation annotator="Mike Bada, University of Colorado School of Medicine" id="PR_reasoned_2017_04_17_Instance_52151" type="identity">
            <class id="PR:000022321" label="magnesium and cobalt efflux protein CorC"/>
            <span end="15186" id="14723793-1848" start="15182">CorC</span>
        </annotation>
        <annotation annotator="Mike Bada, University of Colorado School of Medicine" id="PR_reasoned_2017_04_17_Instance_52153" type="identity">
            <class id="PR:000022321" label="magnesium and cobalt efflux protein CorC"/>
            <span end="15381" id="14723793-1850" start="15377">CorC</span>
        </annotation>
        <annotation annotator="Mike Bada, University of Colorado School of Medicine" id="PR_reasoned_2017_04_17_Instance_52155" type="identity">
            <class id="PR:000005643" label="metal transporter CNNM1"/>
            <span end="15649" id="14723793-1852" start="15644">Acdp1</span>
        </annotation>
        <annotation annotator="Mike Bada, University of Colorado School of Medicine" id="PR_reasoned_2017_04_17_Instance_52157" type="identity">
            <class id="PR:000005643" label="metal transporter CNNM1"/>
            <span end="15694" id="14723793-1854" start="15689">Acdp1</span>
        </annotation>
        <annotation annotator="Mike Bada, University of Colorado School of Medicine" id="PR_reasoned_2017_04_17_Instance_52159" type="identity">
            <class id="PR:000005643" label="metal transporter CNNM1"/>
            <span end="16098" id="14723793-1856" start="16093">Acdp1</span>
        </annotation>
        <annotation annotator="Mike Bada, University of Colorado School of Medicine" id="PR_reasoned_2017_04_17_Instance_52161" type="identity">
            <class id="PR:000005643" label="metal transporter CNNM1"/>
            <span end="16140" id="14723793-1858" start="16135">Acdp1</span>
        </annotation>
        <annotation annotator="Mike Bada, University of Colorado School of Medicine" id="PR_reasoned_2017_04_17_Instance_52163" type="identity">
            <class id="PR:000005643" label="metal transporter CNNM1"/>
            <span end="17397" id="14723793-1860" start="17392">Acdp1</span>
        </annotation>
        <annotation annotator="Mike Bada, University of Colorado School of Medicine" id="PR_reasoned_2017_04_17_Instance_52165" type="identity">
            <class id="PR:000005643" label="metal transporter CNNM1"/>
            <span end="17430" id="14723793-1862" start="17425">Acdp1</span>
        </annotation>
        <annotation annotator="Mike Bada, University of Colorado School of Medicine" id="PR_reasoned_2017_04_17_Instance_52167" type="identity">
            <class id="PR:000005643" label="metal transporter CNNM1"/>
            <span end="17490" id="14723793-1864" start="17485">Acdp1</span>
        </annotation>
        <annotation annotator="Mike Bada, University of Colorado School of Medicine" id="PR_reasoned_2017_04_17_Instance_52169" type="identity">
            <class id="PR:000005643" label="metal transporter CNNM1"/>
            <span end="17544" id="14723793-1866" start="17539">Acdp1</span>
        </annotation>
        <annotation annotator="Mike Bada, University of Colorado School of Medicine" id="PR_reasoned_2017_04_17_Instance_52171" type="identity">
            <class id="PR:000005643" label="metal transporter CNNM1"/>
            <span end="19618" id="14723793-1868" start="19613">Acdp1</span>
        </annotation>
        <annotation annotator="Mike Bada, University of Colorado School of Medicine" id="PR_reasoned_2017_04_17_Instance_52173" type="identity">
            <class id="PR:000005643" label="metal transporter CNNM1"/>
            <span end="19730" id="14723793-1870" start="19725">Acdp1</span>
        </annotation>
        <annotation annotator="Mike Bada, University of Colorado School of Medicine" id="PR_reasoned_2017_04_17_Instance_150041" type="identity">
            <class id="PR:000027795" label="trypsin"/>
            <span end="21362" id="14723793-1700" start="21355">trypsin</span>
        </annotation>
        <annotation annotator="Mike Bada, University of Colorado School of Medicine" id="PR_reasoned_2017_04_17_Instance_52175" type="identity">
            <class id="PR:000005643" label="metal transporter CNNM1"/>
            <span end="23123" id="14723793-1872" start="23118">Acdp1</span>
        </annotation>
        <annotation annotator="Mike Bada, University of Colorado School of Medicine" id="PR_reasoned_2017_04_17_Instance_52177" type="identity">
            <class id="PR:000005644" label="metal transporter CNNM2"/>
            <span end="23141" id="14723793-1874" start="23136">Acdp2</span>
        </annotation>
        <annotation annotator="Mike Bada, University of Colorado School of Medicine" id="PR_reasoned_2017_04_17_Instance_52179" type="identity">
            <class id="PR:000005645" label="metal transporter CNNM3"/>
            <span end="23159" id="14723793-1876" start="23154">Acdp3</span>
        </annotation>
        <annotation annotator="Mike Bada, University of Colorado School of Medicine" id="PR_reasoned_2017_04_17_Instance_52181" type="identity">
            <class id="PR:000005646" label="metal transporter CNNM4"/>
            <span end="23180" id="14723793-1878" start="23175">Acdp4</span>
        </annotation>
        <annotation annotator="Mike Bada, University of Colorado School of Medicine" id="PR_reasoned_2017_04_17_Instance_52183" type="identity">
            <class id="PR:000005643" label="metal transporter CNNM1"/>
            <span end="23467" id="14723793-1880" start="23462">Acdp1</span>
        </annotation>
        <graph-space id="Old Knowtator Relations"/>
    </document>
</knowtator-project>
