<?xml version="1.0" encoding="UTF-8" standalone="no"?>
<knowtator-project>
    <document id="14737183" text-file="14737183.txt">
        <annotation annotator="Mike Bada, University of Colorado School of Medicine" id="PR_reasoned_2017_04_17_Instance_52185" type="identity">
            <class id="PR:000016145" label="T-box transcription factor TBX15"/>
            <span end="50" id="14737183-1894" start="45">Tbx15</span>
        </annotation>
        <annotation annotator="Mike Bada, University of Colorado School of Medicine" id="PR_reasoned_2017_04_17_Instance_52191" type="identity">
            <class id="PR:000004372" label="agouti-signaling protein"/>
            <span end="399" id="14737183-1896" start="393">Agouti</span>
        </annotation>
        <annotation annotator="Mike Bada, University of Colorado School of Medicine" id="PR_reasoned_2017_04_17_Instance_52193" type="identity">
            <class id="PR:000004372" label="agouti-signaling protein"/>
            <span end="430" id="14737183-1898" start="424">Agouti</span>
        </annotation>
        <annotation annotator="Mike Bada, University of Colorado School of Medicine" id="PR_reasoned_2017_04_17_Instance_52195" type="identity">
            <class id="PR:000016145" label="T-box transcription factor TBX15"/>
            <span end="731" id="14737183-1900" start="726">Tbx15</span>
        </annotation>
        <annotation annotator="Mike Bada, University of Colorado School of Medicine" id="PR_reasoned_2017_04_17_Instance_52197" type="identity">
            <class id="PR:000016145" label="T-box transcription factor TBX15"/>
            <span end="915" id="14737183-1902" start="910">Tbx15</span>
        </annotation>
        <annotation annotator="Mike Bada, University of Colorado School of Medicine" id="PR_reasoned_2017_04_17_Instance_52199" type="identity">
            <class id="PR:000016145" label="T-box transcription factor TBX15"/>
            <span end="968" id="14737183-1904" start="963">Tbx15</span>
        </annotation>
        <annotation annotator="Mike Bada, University of Colorado School of Medicine" id="PR_reasoned_2017_04_17_Instance_52201" type="identity">
            <class id="PR:000016145" label="T-box transcription factor TBX15"/>
            <span end="1022" id="14737183-1906" start="1017">Tbx15</span>
        </annotation>
        <annotation annotator="Mike Bada, University of Colorado School of Medicine" id="PR_reasoned_2017_04_17_Instance_52203" type="identity">
            <class id="PR:000004372" label="agouti-signaling protein"/>
            <span end="1070" id="14737183-1908" start="1064">Agouti</span>
        </annotation>
        <annotation annotator="Mike Bada, University of Colorado School of Medicine" id="PR_reasoned_2017_04_17_Instance_52207" type="identity">
            <class id="PR:000016145" label="T-box transcription factor TBX15"/>
            <span end="1128" id="14737183-1912" start="1123">Tbx15</span>
        </annotation>
        <annotation annotator="Mike Bada, University of Colorado School of Medicine" id="PR_reasoned_2017_04_17_Instance_52205" type="identity">
            <class id="PR:000004372" label="agouti-signaling protein"/>
            <span end="1150" id="14737183-1910" start="1144">Agouti</span>
        </annotation>
        <annotation annotator="Mike Bada, University of Colorado School of Medicine" id="PR_reasoned_2017_04_17_Instance_52209" type="identity">
            <class id="PR:000016145" label="T-box transcription factor TBX15"/>
            <span end="1422" id="14737183-1914" start="1417">Tbx15</span>
        </annotation>
        <annotation annotator="Mike Bada, University of Colorado School of Medicine" id="PR_reasoned_2017_04_17_Instance_52211" type="identity">
            <class id="PR:000016145" label="T-box transcription factor TBX15"/>
            <span end="1649" id="14737183-1916" start="1644">Tbx15</span>
        </annotation>
        <annotation annotator="Mike Bada, University of Colorado School of Medicine" id="PR_reasoned_2017_04_17_Instance_52213" type="identity">
            <class id="PR:000004372" label="agouti-signaling protein"/>
            <span end="4979" id="14737183-1918" start="4973">Agouti</span>
        </annotation>
        <annotation annotator="Mike Bada, University of Colorado School of Medicine" id="PR_reasoned_2017_04_17_Instance_52215" type="identity">
            <class id="PR:000004372" label="agouti-signaling protein"/>
            <span end="5115" id="14737183-1920" start="5109">Agouti</span>
        </annotation>
        <annotation annotator="Mike Bada, University of Colorado School of Medicine" id="PR_reasoned_2017_04_17_Instance_52217" type="identity">
            <class id="PR:000004372" label="agouti-signaling protein"/>
            <span end="5248" id="14737183-1922" start="5242">Agouti</span>
        </annotation>
        <annotation annotator="Mike Bada, University of Colorado School of Medicine" id="PR_reasoned_2017_04_17_Instance_52219" type="identity">
            <class id="PR:000004372" label="agouti-signaling protein"/>
            <span end="5808" id="14737183-1924" start="5802">Agouti</span>
        </annotation>
        <annotation annotator="Mike Bada, University of Colorado School of Medicine" id="PR_reasoned_2017_04_17_Instance_52221" type="identity">
            <class id="PR:000004372" label="agouti-signaling protein"/>
            <span end="6276" id="14737183-1926" start="6270">Agouti</span>
        </annotation>
        <annotation annotator="Mike Bada, University of Colorado School of Medicine" id="PR_reasoned_2017_04_17_Instance_52223" type="identity">
            <class id="PR:000004372" label="agouti-signaling protein"/>
            <span end="6535" id="14737183-1928" start="6529">Agouti</span>
        </annotation>
        <annotation annotator="Mike Bada, University of Colorado School of Medicine" id="PR_reasoned_2017_04_17_Instance_52225" type="identity">
            <class id="PR:000004372" label="agouti-signaling protein"/>
            <span end="6753" id="14737183-1930" start="6747">Agouti</span>
        </annotation>
        <annotation annotator="Mike Bada, University of Colorado School of Medicine" id="PR_reasoned_2017_04_17_Instance_52227" type="identity">
            <class id="PR:000004372" label="agouti-signaling protein"/>
            <span end="7921" id="14737183-1932" start="7915">Agouti</span>
        </annotation>
        <annotation annotator="Mike Bada, University of Colorado School of Medicine" id="PR_reasoned_2017_04_17_Instance_52229" type="identity">
            <class id="PR:000004372" label="agouti-signaling protein"/>
            <span end="8515" id="14737183-1934" start="8509">Agouti</span>
        </annotation>
        <annotation annotator="Mike Bada, University of Colorado School of Medicine" id="PR_reasoned_2017_04_17_Instance_52231" type="identity">
            <class id="PR:000016145" label="T-box transcription factor TBX15"/>
            <span end="8643" id="14737183-1936" start="8638">Tbx15</span>
        </annotation>
        <annotation annotator="Mike Bada, University of Colorado School of Medicine" id="PR_reasoned_2017_04_17_Instance_52233" type="identity">
            <class id="PR:000016145" label="T-box transcription factor TBX15"/>
            <span end="8861" id="14737183-1938" start="8856">Tbx15</span>
        </annotation>
        <annotation annotator="Mike Bada, University of Colorado School of Medicine" id="PR_reasoned_2017_04_17_Instance_52235" type="identity">
            <class id="PR:000004372" label="agouti-signaling protein"/>
            <span end="9717" id="14737183-1940" start="9711">Agouti</span>
        </annotation>
        <annotation annotator="Mike Bada, University of Colorado School of Medicine" id="PR_reasoned_2017_04_17_Instance_52237" type="identity">
            <class id="PR:000004372" label="agouti-signaling protein"/>
            <span end="9999" id="14737183-1942" start="9993">Agouti</span>
        </annotation>
        <annotation annotator="Mike Bada, University of Colorado School of Medicine" id="PR_reasoned_2017_04_17_Instance_52239" type="identity">
            <class id="PR:000004372" label="agouti-signaling protein"/>
            <span end="10652" id="14737183-1944" start="10646">Agouti</span>
        </annotation>
        <annotation annotator="Mike Bada, University of Colorado School of Medicine" id="PR_reasoned_2017_04_17_Instance_52241" type="identity">
            <class id="PR:000004372" label="agouti-signaling protein"/>
            <span end="10943" id="14737183-1946" start="10937">Agouti</span>
        </annotation>
        <annotation annotator="Mike Bada, University of Colorado School of Medicine" id="PR_reasoned_2017_04_17_Instance_52243" type="identity">
            <class id="PR:000004372" label="agouti-signaling protein"/>
            <span end="12231" id="14737183-1948" start="12225">Agouti</span>
        </annotation>
        <annotation annotator="Mike Bada, University of Colorado School of Medicine" id="PR_reasoned_2017_04_17_Instance_52245" type="identity">
            <class id="PR:000004372" label="agouti-signaling protein"/>
            <span end="12283" id="14737183-1950" start="12277">Agouti</span>
        </annotation>
        <annotation annotator="Mike Bada, University of Colorado School of Medicine" id="PR_reasoned_2017_04_17_Instance_52251" type="identity">
            <class id="PR:000004372" label="agouti-signaling protein"/>
            <span end="12856" id="14737183-1952" start="12850">Agouti</span>
        </annotation>
        <annotation annotator="Mike Bada, University of Colorado School of Medicine" id="PR_reasoned_2017_04_17_Instance_52253" type="identity">
            <class id="PR:000004372" label="agouti-signaling protein"/>
            <span end="13307" id="14737183-1954" start="13301">Agouti</span>
        </annotation>
        <annotation annotator="Mike Bada, University of Colorado School of Medicine" id="PR_reasoned_2017_04_17_Instance_190006" type="identity">
            <class id="PR:000004372" label="agouti-signaling protein"/>
            <span end="14280" id="14737183-1892" start="14279">A</span>
        </annotation>
        <annotation annotator="Mike Bada, University of Colorado School of Medicine" id="PR_reasoned_2017_04_17_Instance_52255" type="identity">
            <class id="PR:000016145" label="T-box transcription factor TBX15"/>
            <span end="17556" id="14737183-1956" start="17551">Tbx15</span>
        </annotation>
        <annotation annotator="Mike Bada, University of Colorado School of Medicine" id="PR_reasoned_2017_04_17_Instance_52257" type="identity">
            <class id="PR:000016145" label="T-box transcription factor TBX15"/>
            <span end="18305" id="14737183-1958" start="18300">Tbx15</span>
        </annotation>
        <annotation annotator="Mike Bada, University of Colorado School of Medicine" id="PR_reasoned_2017_04_17_Instance_52259" type="identity">
            <class id="PR:000016145" label="T-box transcription factor TBX15"/>
            <span end="18338" id="14737183-1960" start="18333">Tbx15</span>
        </annotation>
        <annotation annotator="Mike Bada, University of Colorado School of Medicine" id="PR_reasoned_2017_04_17_Instance_52261" type="identity">
            <class id="PR:000016145" label="T-box transcription factor TBX15"/>
            <span end="18687" id="14737183-1962" start="18682">Tbx15</span>
        </annotation>
        <annotation annotator="Mike Bada, University of Colorado School of Medicine" id="PR_reasoned_2017_04_17_Instance_52265" type="identity">
            <class id="PR:000016145" label="T-box transcription factor TBX15"/>
            <span end="18790" id="14737183-1966" start="18786">Tbx8</span>
        </annotation>
        <annotation annotator="Mike Bada, University of Colorado School of Medicine" id="PR_reasoned_2017_04_17_Instance_52263" type="identity">
            <class id="PR:000016145" label="T-box transcription factor TBX15"/>
            <span end="18841" id="14737183-1964" start="18836">Tbx14</span>
        </annotation>
        <annotation annotator="Mike Bada, University of Colorado School of Medicine" id="PR_reasoned_2017_04_17_Instance_52267" type="identity">
            <class id="PR:000016145" label="T-box transcription factor TBX15"/>
            <span end="18910" id="14737183-1968" start="18905">Tbx15</span>
        </annotation>
        <annotation annotator="Mike Bada, University of Colorado School of Medicine" id="PR_reasoned_2017_04_17_Instance_52269" type="identity">
            <class id="PR:000016145" label="T-box transcription factor TBX15"/>
            <span end="19147" id="14737183-1970" start="19142">Tbx15</span>
        </annotation>
        <annotation annotator="Mike Bada, University of Colorado School of Medicine" id="PR_reasoned_2017_04_17_Instance_52271" type="identity">
            <class id="PR:000016145" label="T-box transcription factor TBX15"/>
            <span end="19513" id="14737183-1972" start="19508">Tbx15</span>
        </annotation>
        <annotation annotator="Mike Bada, University of Colorado School of Medicine" id="PR_reasoned_2017_04_17_Instance_52273" type="identity">
            <class id="PR:000016145" label="T-box transcription factor TBX15"/>
            <span end="19901" id="14737183-1974" start="19896">Tbx15</span>
        </annotation>
        <annotation annotator="Mike Bada, University of Colorado School of Medicine" id="PR_reasoned_2017_04_17_Instance_61169" type="identity">
            <class id="PR:000016145" label="T-box transcription factor TBX15"/>
            <span end="19971" id="14737183-2378" start="19966">Tbx15</span>
        </annotation>
        <annotation annotator="Mike Bada, University of Colorado School of Medicine" id="PR_reasoned_2017_04_17_Instance_61171" type="identity">
            <class id="PR:000033987" label="bacterial-type beta-galactosidase"/>
            <span end="19975" id="14737183-2380" start="19971">LacZ</span>
        </annotation>
        <annotation annotator="Mike Bada, University of Colorado School of Medicine" id="PR_reasoned_2017_04_17_Instance_61173" type="identity">
            <class id="PR:000033987" label="bacterial-type beta-galactosidase"/>
            <span end="19997" id="14737183-2382" start="19993">LacZ</span>
        </annotation>
        <annotation annotator="Mike Bada, University of Colorado School of Medicine" id="PR_reasoned_2017_04_17_Instance_61175" type="identity">
            <class id="PR:000016145" label="T-box transcription factor TBX15"/>
            <span end="20252" id="14737183-2384" start="20247">Tbx15</span>
        </annotation>
        <annotation annotator="Mike Bada, University of Colorado School of Medicine" id="PR_reasoned_2017_04_17_Instance_61179" type="identity">
            <class id="PR:000033987" label="bacterial-type beta-galactosidase"/>
            <span end="20256" id="14737183-2388" start="20252">LacZ</span>
        </annotation>
        <annotation annotator="Mike Bada, University of Colorado School of Medicine" id="PR_reasoned_2017_04_17_Instance_61177" type="identity">
            <class id="PR:000016145" label="T-box transcription factor TBX15"/>
            <span end="20262" id="14737183-2386" start="20257">Tbx15</span>
        </annotation>
        <annotation annotator="Mike Bada, University of Colorado School of Medicine" id="PR_reasoned_2017_04_17_Instance_61181" type="identity">
            <class id="PR:000033987" label="bacterial-type beta-galactosidase"/>
            <span end="20266" id="14737183-2390" start="20262">LacZ</span>
        </annotation>
        <annotation annotator="Mike Bada, University of Colorado School of Medicine" id="PR_reasoned_2017_04_17_Instance_61183" type="identity">
            <class id="PR:000016145" label="T-box transcription factor TBX15"/>
            <span end="20410" id="14737183-2392" start="20405">Tbx15</span>
        </annotation>
        <annotation annotator="Mike Bada, University of Colorado School of Medicine" id="PR_reasoned_2017_04_17_Instance_61185" type="identity">
            <class id="PR:000033987" label="bacterial-type beta-galactosidase"/>
            <span end="20414" id="14737183-2394" start="20410">LacZ</span>
        </annotation>
        <annotation annotator="Mike Bada, University of Colorado School of Medicine" id="PR_reasoned_2017_04_17_Instance_61187" type="identity">
            <class id="PR:000016145" label="T-box transcription factor TBX15"/>
            <span end="20769" id="14737183-2396" start="20764">Tbx15</span>
        </annotation>
        <annotation annotator="Mike Bada, University of Colorado School of Medicine" id="PR_reasoned_2017_04_17_Instance_52275" type="identity">
            <class id="PR:000016145" label="T-box transcription factor TBX15"/>
            <span end="20791" id="14737183-1976" start="20786">Tbx15</span>
        </annotation>
        <annotation annotator="Mike Bada, University of Colorado School of Medicine" id="PR_reasoned_2017_04_17_Instance_52277" type="identity">
            <class id="PR:000004372" label="agouti-signaling protein"/>
            <span end="20802" id="14737183-1978" start="20796">Agouti</span>
        </annotation>
        <annotation annotator="Mike Bada, University of Colorado School of Medicine" id="PR_reasoned_2017_04_17_Instance_52279" type="identity">
            <class id="PR:000016145" label="T-box transcription factor TBX15"/>
            <span end="20915" id="14737183-1980" start="20910">Tbx15</span>
        </annotation>
        <annotation annotator="Mike Bada, University of Colorado School of Medicine" id="PR_reasoned_2017_04_17_Instance_52281" type="identity">
            <class id="PR:000016145" label="T-box transcription factor TBX15"/>
            <span end="21112" id="14737183-1982" start="21107">Tbx15</span>
        </annotation>
        <annotation annotator="Mike Bada, University of Colorado School of Medicine" id="PR_reasoned_2017_04_17_Instance_52283" type="identity">
            <class id="PR:000016145" label="T-box transcription factor TBX15"/>
            <span end="21932" id="14737183-1984" start="21927">Tbx15</span>
        </annotation>
        <annotation annotator="Mike Bada, University of Colorado School of Medicine" id="PR_reasoned_2017_04_17_Instance_52285" type="identity">
            <class id="PR:000016145" label="T-box transcription factor TBX15"/>
            <span end="22033" id="14737183-1986" start="22028">Tbx15</span>
        </annotation>
        <annotation annotator="Mike Bada, University of Colorado School of Medicine" id="PR_reasoned_2017_04_17_Instance_52287" type="identity">
            <class id="PR:000004372" label="agouti-signaling protein"/>
            <span end="22285" id="14737183-1988" start="22279">Agouti</span>
        </annotation>
        <annotation annotator="Mike Bada, University of Colorado School of Medicine" id="PR_reasoned_2017_04_17_Instance_52289" type="identity">
            <class id="PR:000004372" label="agouti-signaling protein"/>
            <span end="22386" id="14737183-1990" start="22380">Agouti</span>
        </annotation>
        <annotation annotator="Mike Bada, University of Colorado School of Medicine" id="PR_reasoned_2017_04_17_Instance_52293" type="identity">
            <class id="PR:000016145" label="T-box transcription factor TBX15"/>
            <span end="22501" id="14737183-1994" start="22496">Tbx15</span>
        </annotation>
        <annotation annotator="Mike Bada, University of Colorado School of Medicine" id="PR_reasoned_2017_04_17_Instance_52291" type="identity">
            <class id="PR:000004372" label="agouti-signaling protein"/>
            <span end="22512" id="14737183-1992" start="22506">Agouti</span>
        </annotation>
        <annotation annotator="Mike Bada, University of Colorado School of Medicine" id="PR_reasoned_2017_04_17_Instance_52295" type="identity">
            <class id="PR:000004372" label="agouti-signaling protein"/>
            <span end="22584" id="14737183-1996" start="22578">Agouti</span>
        </annotation>
        <annotation annotator="Mike Bada, University of Colorado School of Medicine" id="PR_reasoned_2017_04_17_Instance_52297" type="identity">
            <class id="PR:000016145" label="T-box transcription factor TBX15"/>
            <span end="22624" id="14737183-1998" start="22619">Tbx15</span>
        </annotation>
        <annotation annotator="Mike Bada, University of Colorado School of Medicine" id="PR_reasoned_2017_04_17_Instance_52299" type="identity">
            <class id="PR:000016145" label="T-box transcription factor TBX15"/>
            <span end="22734" id="14737183-2000" start="22729">Tbx15</span>
        </annotation>
        <annotation annotator="Mike Bada, University of Colorado School of Medicine" id="PR_reasoned_2017_04_17_Instance_52301" type="identity">
            <class id="PR:000004372" label="agouti-signaling protein"/>
            <span end="22800" id="14737183-2002" start="22794">Agouti</span>
        </annotation>
        <annotation annotator="Mike Bada, University of Colorado School of Medicine" id="PR_reasoned_2017_04_17_Instance_52303" type="identity">
            <class id="PR:000004372" label="agouti-signaling protein"/>
            <span end="22891" id="14737183-2004" start="22885">Agouti</span>
        </annotation>
        <annotation annotator="Mike Bada, University of Colorado School of Medicine" id="PR_reasoned_2017_04_17_Instance_52305" type="identity">
            <class id="PR:000004372" label="agouti-signaling protein"/>
            <span end="23047" id="14737183-2006" start="23041">Agouti</span>
        </annotation>
        <annotation annotator="Mike Bada, University of Colorado School of Medicine" id="PR_reasoned_2017_04_17_Instance_52307" type="identity">
            <class id="PR:000004372" label="agouti-signaling protein"/>
            <span end="23158" id="14737183-2008" start="23152">Agouti</span>
        </annotation>
        <annotation annotator="Mike Bada, University of Colorado School of Medicine" id="PR_reasoned_2017_04_17_Instance_52309" type="identity">
            <class id="PR:000004372" label="agouti-signaling protein"/>
            <span end="23431" id="14737183-2010" start="23425">Agouti</span>
        </annotation>
        <annotation annotator="Mike Bada, University of Colorado School of Medicine" id="PR_reasoned_2017_04_17_Instance_52315" type="identity">
            <class id="PR:000016145" label="T-box transcription factor TBX15"/>
            <span end="23485" id="14737183-2016" start="23480">Tbx15</span>
        </annotation>
        <annotation annotator="Mike Bada, University of Colorado School of Medicine" id="PR_reasoned_2017_04_17_Instance_52311" type="identity">
            <class id="PR:000004372" label="agouti-signaling protein"/>
            <span end="23496" id="14737183-2012" start="23490">Agouti</span>
        </annotation>
        <annotation annotator="Mike Bada, University of Colorado School of Medicine" id="PR_reasoned_2017_04_17_Instance_52317" type="identity">
            <class id="PR:000016145" label="T-box transcription factor TBX15"/>
            <span end="23581" id="14737183-2018" start="23576">Tbx15</span>
        </annotation>
        <annotation annotator="Mike Bada, University of Colorado School of Medicine" id="PR_reasoned_2017_04_17_Instance_52313" type="identity">
            <class id="PR:000004372" label="agouti-signaling protein"/>
            <span end="23616" id="14737183-2014" start="23610">Agouti</span>
        </annotation>
        <annotation annotator="Mike Bada, University of Colorado School of Medicine" id="PR_reasoned_2017_04_17_Instance_52319" type="identity">
            <class id="PR:000016145" label="T-box transcription factor TBX15"/>
            <span end="23675" id="14737183-2020" start="23670">Tbx15</span>
        </annotation>
        <annotation annotator="Mike Bada, University of Colorado School of Medicine" id="PR_reasoned_2017_04_17_Instance_52321" type="identity">
            <class id="PR:000016145" label="T-box transcription factor TBX15"/>
            <span end="23830" id="14737183-2022" start="23825">Tbx15</span>
        </annotation>
        <annotation annotator="Mike Bada, University of Colorado School of Medicine" id="PR_reasoned_2017_04_17_Instance_52323" type="identity">
            <class id="PR:000004372" label="agouti-signaling protein"/>
            <span end="24013" id="14737183-2024" start="24007">Agouti</span>
        </annotation>
        <annotation annotator="Mike Bada, University of Colorado School of Medicine" id="PR_reasoned_2017_04_17_Instance_52327" type="identity">
            <class id="PR:000016145" label="T-box transcription factor TBX15"/>
            <span end="24326" id="14737183-2028" start="24321">Tbx15</span>
        </annotation>
        <annotation annotator="Mike Bada, University of Colorado School of Medicine" id="PR_reasoned_2017_04_17_Instance_52325" type="identity">
            <class id="PR:000004372" label="agouti-signaling protein"/>
            <span end="24337" id="14737183-2026" start="24331">Agouti</span>
        </annotation>
        <annotation annotator="Mike Bada, University of Colorado School of Medicine" id="PR_reasoned_2017_04_17_Instance_52329" type="identity">
            <class id="PR:000016145" label="T-box transcription factor TBX15"/>
            <span end="26097" id="14737183-2030" start="26092">Tbx15</span>
        </annotation>
        <annotation annotator="Mike Bada, University of Colorado School of Medicine" id="PR_reasoned_2017_04_17_Instance_52331" type="identity">
            <class id="PR:000004372" label="agouti-signaling protein"/>
            <span end="26112" id="14737183-2032" start="26106">Agouti</span>
        </annotation>
        <annotation annotator="Mike Bada, University of Colorado School of Medicine" id="PR_reasoned_2017_04_17_Instance_52335" type="identity">
            <class id="PR:000016145" label="T-box transcription factor TBX15"/>
            <span end="26300" id="14737183-2036" start="26295">Tbx15</span>
        </annotation>
        <annotation annotator="Mike Bada, University of Colorado School of Medicine" id="PR_reasoned_2017_04_17_Instance_52333" type="identity">
            <class id="PR:000004372" label="agouti-signaling protein"/>
            <span end="26311" id="14737183-2034" start="26305">Agouti</span>
        </annotation>
        <annotation annotator="Mike Bada, University of Colorado School of Medicine" id="PR_reasoned_2017_04_17_Instance_52337" type="identity">
            <class id="PR:000016145" label="T-box transcription factor TBX15"/>
            <span end="26450" id="14737183-2038" start="26445">Tbx15</span>
        </annotation>
        <annotation annotator="Mike Bada, University of Colorado School of Medicine" id="PR_reasoned_2017_04_17_Instance_52339" type="identity">
            <class id="PR:000008703" label="homeobox protein Hox-B6"/>
            <span end="27646" id="14737183-2040" start="27641">Hoxb6</span>
        </annotation>
        <annotation annotator="Mike Bada, University of Colorado School of Medicine" id="PR_reasoned_2017_04_17_Instance_52341" type="identity">
            <class id="PR:000008703" label="homeobox protein Hox-B6"/>
            <span end="27799" id="14737183-2042" start="27794">Hoxb6</span>
        </annotation>
        <annotation annotator="Mike Bada, University of Colorado School of Medicine" id="PR_reasoned_2017_04_17_Instance_61163" type="identity">
            <class id="PR:000033987" label="bacterial-type beta-galactosidase"/>
            <span end="27831" id="14737183-2376" start="27827">lacZ</span>
        </annotation>
        <annotation annotator="Mike Bada, University of Colorado School of Medicine" id="PR_reasoned_2017_04_17_Instance_52343" type="identity">
            <class id="PR:000007070" label="homeobox protein engrailed-1"/>
            <span end="28905" id="14737183-2044" start="28895">Engrailed1</span>
        </annotation>
        <annotation annotator="Mike Bada, University of Colorado School of Medicine" id="PR_reasoned_2017_04_17_Instance_52345" type="identity">
            <class id="PR:000007070" label="homeobox protein engrailed-1"/>
            <span end="28910" id="14737183-2046" start="28907">En1</span>
        </annotation>
        <annotation annotator="Mike Bada, University of Colorado School of Medicine" id="PR_reasoned_2017_04_17_Instance_52347" type="identity">
            <class id="PR:000017448" label="protein Wnt-7a"/>
            <span end="28918" id="14737183-2048" start="28913">Wnt7a</span>
        </annotation>
        <annotation annotator="Mike Bada, University of Colorado School of Medicine" id="PR_reasoned_2017_04_17_Instance_52351" type="identity">
            <class id="PR:000009871" label="LIM homeobox transcription factor 1-beta"/>
            <span end="28929" id="14737183-2052" start="28924">Lmx1b</span>
        </annotation>
        <annotation annotator="Mike Bada, University of Colorado School of Medicine" id="PR_reasoned_2017_04_17_Instance_52349" type="identity">
            <class id="PR:000007070" label="homeobox protein engrailed-1"/>
            <span end="29064" id="14737183-2050" start="29061">En1</span>
        </annotation>
        <annotation annotator="Mike Bada, University of Colorado School of Medicine" id="PR_reasoned_2017_04_17_Instance_52353" type="identity">
            <class id="PR:000016145" label="T-box transcription factor TBX15"/>
            <span end="29297" id="14737183-2054" start="29292">Tbx15</span>
        </annotation>
        <annotation annotator="Mike Bada, University of Colorado School of Medicine" id="PR_reasoned_2017_04_17_Instance_52355" type="identity">
            <class id="PR:000016145" label="T-box transcription factor TBX15"/>
            <span end="29692" id="14737183-2056" start="29687">Tbx15</span>
        </annotation>
        <annotation annotator="Mike Bada, University of Colorado School of Medicine" id="PR_reasoned_2017_04_17_Instance_52357" type="identity">
            <class id="PR:000004372" label="agouti-signaling protein"/>
            <span end="30010" id="14737183-2058" start="30004">Agouti</span>
        </annotation>
        <annotation annotator="Mike Bada, University of Colorado School of Medicine" id="PR_reasoned_2017_04_17_Instance_52359" type="identity">
            <class id="PR:000016145" label="T-box transcription factor TBX15"/>
            <span end="30144" id="14737183-2060" start="30139">Tbx15</span>
        </annotation>
        <annotation annotator="Mike Bada, University of Colorado School of Medicine" id="PR_reasoned_2017_04_17_Instance_52361" type="identity">
            <class id="PR:000016145" label="T-box transcription factor TBX15"/>
            <span end="30240" id="14737183-2062" start="30235">Tbx15</span>
        </annotation>
        <annotation annotator="Mike Bada, University of Colorado School of Medicine" id="PR_reasoned_2017_04_17_Instance_52363" type="identity">
            <class id="PR:000016145" label="T-box transcription factor TBX15"/>
            <span end="30450" id="14737183-2064" start="30445">Tbx15</span>
        </annotation>
        <annotation annotator="Mike Bada, University of Colorado School of Medicine" id="PR_reasoned_2017_04_17_Instance_52365" type="identity">
            <class id="PR:000016145" label="T-box transcription factor TBX15"/>
            <span end="30578" id="14737183-2066" start="30573">Tbx15</span>
        </annotation>
        <annotation annotator="Mike Bada, University of Colorado School of Medicine" id="PR_reasoned_2017_04_17_Instance_52367" type="identity">
            <class id="PR:000016145" label="T-box transcription factor TBX15"/>
            <span end="30681" id="14737183-2068" start="30676">Tbx15</span>
        </annotation>
        <annotation annotator="Mike Bada, University of Colorado School of Medicine" id="PR_reasoned_2017_04_17_Instance_52369" type="identity">
            <class id="PR:000016145" label="T-box transcription factor TBX15"/>
            <span end="30850" id="14737183-2070" start="30845">Tbx15</span>
        </annotation>
        <annotation annotator="Mike Bada, University of Colorado School of Medicine" id="PR_reasoned_2017_04_17_Instance_52371" type="identity">
            <class id="PR:000004372" label="agouti-signaling protein"/>
            <span end="31563" id="14737183-2072" start="31557">Agouti</span>
        </annotation>
        <annotation annotator="Mike Bada, University of Colorado School of Medicine" id="PR_reasoned_2017_04_17_Instance_52373" type="identity">
            <class id="PR:000004372" label="agouti-signaling protein"/>
            <span end="32177" id="14737183-2074" start="32171">Agouti</span>
        </annotation>
        <annotation annotator="Mike Bada, University of Colorado School of Medicine" id="PR_reasoned_2017_04_17_Instance_52375" type="identity">
            <class id="PR:000016145" label="T-box transcription factor TBX15"/>
            <span end="32441" id="14737183-2076" start="32436">Tbx15</span>
        </annotation>
        <annotation annotator="Mike Bada, University of Colorado School of Medicine" id="PR_reasoned_2017_04_17_Instance_52377" type="identity">
            <class id="PR:000004372" label="agouti-signaling protein"/>
            <span end="32553" id="14737183-2078" start="32547">Agouti</span>
        </annotation>
        <annotation annotator="Mike Bada, University of Colorado School of Medicine" id="PR_reasoned_2017_04_17_Instance_52379" type="identity">
            <class id="PR:000016145" label="T-box transcription factor TBX15"/>
            <span end="32921" id="14737183-2080" start="32916">Tbx15</span>
        </annotation>
        <annotation annotator="Mike Bada, University of Colorado School of Medicine" id="PR_reasoned_2017_04_17_Instance_52383" type="identity">
            <class id="PR:000016001" label="brachyury protein"/>
            <span end="33009" id="14737183-2084" start="33000">Brachyury</span>
        </annotation>
        <annotation annotator="Mike Bada, University of Colorado School of Medicine" id="PR_reasoned_2017_04_17_Instance_52381" type="identity">
            <class id="PR:000016145" label="T-box transcription factor TBX15"/>
            <span end="33228" id="14737183-2082" start="33223">Tbx15</span>
        </annotation>
        <annotation annotator="Mike Bada, University of Colorado School of Medicine" id="PR_reasoned_2017_04_17_Instance_52385" type="identity">
            <class id="PR:000016146" label="T-box transcription factor TBX18"/>
            <span end="33265" id="14737183-2086" start="33260">Tbx18</span>
        </annotation>
        <annotation annotator="Mike Bada, University of Colorado School of Medicine" id="PR_reasoned_2017_04_17_Instance_52387" type="identity">
            <class id="PR:000016150" label="T-box transcription factor TBX22"/>
            <span end="33275" id="14737183-2088" start="33270">Tbx22</span>
        </annotation>
        <annotation annotator="Mike Bada, University of Colorado School of Medicine" id="PR_reasoned_2017_04_17_Instance_52389" type="identity">
            <class id="PR:000016146" label="T-box transcription factor TBX18"/>
            <span end="33576" id="14737183-2090" start="33571">Tbx18</span>
        </annotation>
        <annotation annotator="Mike Bada, University of Colorado School of Medicine" id="PR_reasoned_2017_04_17_Instance_52391" type="identity">
            <class id="PR:000016150" label="T-box transcription factor TBX22"/>
            <span end="33586" id="14737183-2092" start="33581">Tbx22</span>
        </annotation>
        <annotation annotator="Mike Bada, University of Colorado School of Medicine" id="PR_reasoned_2017_04_17_Instance_52393" type="identity">
            <class id="PR:000016145" label="T-box transcription factor TBX15"/>
            <span end="33611" id="14737183-2094" start="33606">Tbx15</span>
        </annotation>
        <annotation annotator="Mike Bada, University of Colorado School of Medicine" id="PR_reasoned_2017_04_17_Instance_52395" type="identity">
            <class id="PR:000016146" label="T-box transcription factor TBX18"/>
            <span end="33621" id="14737183-2096" start="33616">Tbx18</span>
        </annotation>
        <annotation annotator="Mike Bada, University of Colorado School of Medicine" id="PR_reasoned_2017_04_17_Instance_52397" type="identity">
            <class id="PR:000016145" label="T-box transcription factor TBX15"/>
            <span end="33675" id="14737183-2098" start="33670">Tbx15</span>
        </annotation>
        <annotation annotator="Mike Bada, University of Colorado School of Medicine" id="PR_reasoned_2017_04_17_Instance_52399" type="identity">
            <class id="PR:000016146" label="T-box transcription factor TBX18"/>
            <span end="33699" id="14737183-2100" start="33694">Tbx18</span>
        </annotation>
        <annotation annotator="Mike Bada, University of Colorado School of Medicine" id="PR_reasoned_2017_04_17_Instance_52401" type="identity">
            <class id="PR:000016150" label="T-box transcription factor TBX22"/>
            <span end="33708" id="14737183-2102" start="33703">Tbx22</span>
        </annotation>
        <annotation annotator="Mike Bada, University of Colorado School of Medicine" id="PR_reasoned_2017_04_17_Instance_52403" type="identity">
            <class id="PR:000016145" label="T-box transcription factor TBX15"/>
            <span end="33870" id="14737183-2104" start="33865">Tbx15</span>
        </annotation>
        <annotation annotator="Mike Bada, University of Colorado School of Medicine" id="PR_reasoned_2017_04_17_Instance_52405" type="identity">
            <class id="PR:000016146" label="T-box transcription factor TBX18"/>
            <span end="33877" id="14737183-2106" start="33872">Tbx18</span>
        </annotation>
        <annotation annotator="Mike Bada, University of Colorado School of Medicine" id="PR_reasoned_2017_04_17_Instance_52407" type="identity">
            <class id="PR:000016150" label="T-box transcription factor TBX22"/>
            <span end="33888" id="14737183-2108" start="33883">Tbx22</span>
        </annotation>
        <annotation annotator="Mike Bada, University of Colorado School of Medicine" id="PR_reasoned_2017_04_17_Instance_52409" type="identity">
            <class id="PR:000016146" label="T-box transcription factor TBX18"/>
            <span end="34122" id="14737183-2110" start="34117">Tbx18</span>
        </annotation>
        <annotation annotator="Mike Bada, University of Colorado School of Medicine" id="PR_reasoned_2017_04_17_Instance_52411" type="identity">
            <class id="PR:000016150" label="T-box transcription factor TBX22"/>
            <span end="34132" id="14737183-2112" start="34127">Tbx22</span>
        </annotation>
        <annotation annotator="Mike Bada, University of Colorado School of Medicine" id="PR_reasoned_2017_04_17_Instance_52413" type="identity">
            <class id="PR:000016145" label="T-box transcription factor TBX15"/>
            <span end="34211" id="14737183-2114" start="34206">Tbx15</span>
        </annotation>
        <annotation annotator="Mike Bada, University of Colorado School of Medicine" id="PR_reasoned_2017_04_17_Instance_52415" type="identity">
            <class id="PR:000016150" label="T-box transcription factor TBX22"/>
            <span end="34536" id="14737183-2116" start="34531">Tbx22</span>
        </annotation>
        <annotation annotator="Mike Bada, University of Colorado School of Medicine" id="PR_reasoned_2017_04_17_Instance_52417" type="identity">
            <class id="PR:000016150" label="T-box transcription factor TBX22"/>
            <span end="34655" id="14737183-2118" start="34650">Tbx22</span>
        </annotation>
        <annotation annotator="Mike Bada, University of Colorado School of Medicine" id="PR_reasoned_2017_04_17_Instance_52419" type="identity">
            <class id="PR:000016145" label="T-box transcription factor TBX15"/>
            <span end="34856" id="14737183-2120" start="34851">Tbx15</span>
        </annotation>
        <annotation annotator="Mike Bada, University of Colorado School of Medicine" id="PR_reasoned_2017_04_17_Instance_52421" type="identity">
            <class id="PR:000016145" label="T-box transcription factor TBX15"/>
            <span end="34953" id="14737183-2122" start="34948">Tbx15</span>
        </annotation>
        <annotation annotator="Mike Bada, University of Colorado School of Medicine" id="PR_reasoned_2017_04_17_Instance_52423" type="identity">
            <class id="PR:000016145" label="T-box transcription factor TBX15"/>
            <span end="34998" id="14737183-2124" start="34993">Tbx15</span>
        </annotation>
        <annotation annotator="Mike Bada, University of Colorado School of Medicine" id="PR_reasoned_2017_04_17_Instance_52425" type="identity">
            <class id="PR:000016145" label="T-box transcription factor TBX15"/>
            <span end="35689" id="14737183-2126" start="35684">TBX15</span>
        </annotation>
        <annotation annotator="Mike Bada, University of Colorado School of Medicine" id="PR_reasoned_2017_04_17_Instance_52427" type="identity">
            <class id="PR:000003979" label="homeobox protein aristaless-like 3"/>
            <span end="36059" id="14737183-2128" start="36055">Alx3</span>
        </annotation>
        <annotation annotator="Mike Bada, University of Colorado School of Medicine" id="PR_reasoned_2017_04_17_Instance_52429" type="identity">
            <class id="PR:000003979" label="homeobox protein aristaless-like 3"/>
            <span end="36186" id="14737183-2130" start="36182">Alx3</span>
        </annotation>
        <annotation annotator="Mike Bada, University of Colorado School of Medicine" id="PR_reasoned_2017_04_17_Instance_52431" type="identity">
            <class id="PR:000003980" label="homeobox protein aristaless-like 4"/>
            <span end="36194" id="14737183-2132" start="36190">Alx4</span>
        </annotation>
        <annotation annotator="Mike Bada, University of Colorado School of Medicine" id="PR_reasoned_2017_04_17_Instance_52433" type="identity">
            <class id="PR:000003979" label="homeobox protein aristaless-like 3"/>
            <span end="36271" id="14737183-2134" start="36267">Alx3</span>
        </annotation>
        <annotation annotator="Mike Bada, University of Colorado School of Medicine" id="PR_reasoned_2017_04_17_Instance_52435" type="identity">
            <class id="PR:000016145" label="T-box transcription factor TBX15"/>
            <span end="36316" id="14737183-2136" start="36311">Tbx15</span>
        </annotation>
        <annotation annotator="Mike Bada, University of Colorado School of Medicine" id="PR_reasoned_2017_04_17_Instance_52437" type="identity">
            <class id="PR:000016145" label="T-box transcription factor TBX15"/>
            <span end="36398" id="14737183-2138" start="36393">Tbx15</span>
        </annotation>
        <annotation annotator="Mike Bada, University of Colorado School of Medicine" id="PR_reasoned_2017_04_17_Instance_52439" type="identity">
            <class id="PR:000016145" label="T-box transcription factor TBX15"/>
            <span end="36468" id="14737183-2140" start="36463">Tbx15</span>
        </annotation>
        <annotation annotator="Mike Bada, University of Colorado School of Medicine" id="PR_reasoned_2017_04_17_Instance_52441" type="identity">
            <class id="PR:000004372" label="agouti-signaling protein"/>
            <span end="36529" id="14737183-2142" start="36523">Agouti</span>
        </annotation>
        <annotation annotator="Mike Bada, University of Colorado School of Medicine" id="PR_reasoned_2017_04_17_Instance_52443" type="identity">
            <class id="PR:000004372" label="agouti-signaling protein"/>
            <span end="36567" id="14737183-2144" start="36561">Agouti</span>
        </annotation>
        <annotation annotator="Mike Bada, University of Colorado School of Medicine" id="PR_reasoned_2017_04_17_Instance_52445" type="identity">
            <class id="PR:000004372" label="agouti-signaling protein"/>
            <span end="36713" id="14737183-2146" start="36707">Agouti</span>
        </annotation>
        <annotation annotator="Mike Bada, University of Colorado School of Medicine" id="PR_reasoned_2017_04_17_Instance_52447" type="identity">
            <class id="PR:000016145" label="T-box transcription factor TBX15"/>
            <span end="36788" id="14737183-2148" start="36783">Tbx15</span>
        </annotation>
        <annotation annotator="Mike Bada, University of Colorado School of Medicine" id="PR_reasoned_2017_04_17_Instance_52449" type="identity">
            <class id="PR:000004372" label="agouti-signaling protein"/>
            <span end="37372" id="14737183-2150" start="37366">Agouti</span>
        </annotation>
        <annotation annotator="Mike Bada, University of Colorado School of Medicine" id="PR_reasoned_2017_04_17_Instance_52451" type="identity">
            <class id="PR:000016145" label="T-box transcription factor TBX15"/>
            <span end="38066" id="14737183-2152" start="38061">Tbx15</span>
        </annotation>
        <annotation annotator="Mike Bada, University of Colorado School of Medicine" id="PR_reasoned_2017_04_17_Instance_52453" type="identity">
            <class id="PR:000004372" label="agouti-signaling protein"/>
            <span end="38077" id="14737183-2154" start="38071">Agouti</span>
        </annotation>
        <annotation annotator="Mike Bada, University of Colorado School of Medicine" id="PR_reasoned_2017_04_17_Instance_52455" type="identity">
            <class id="PR:000016145" label="T-box transcription factor TBX15"/>
            <span end="38126" id="14737183-2156" start="38121">Tbx15</span>
        </annotation>
        <annotation annotator="Mike Bada, University of Colorado School of Medicine" id="PR_reasoned_2017_04_17_Instance_52457" type="identity">
            <class id="PR:000004372" label="agouti-signaling protein"/>
            <span end="38158" id="14737183-2158" start="38152">Agouti</span>
        </annotation>
        <annotation annotator="Mike Bada, University of Colorado School of Medicine" id="PR_reasoned_2017_04_17_Instance_52459" type="identity">
            <class id="PR:000016145" label="T-box transcription factor TBX15"/>
            <span end="38230" id="14737183-2160" start="38225">Tbx15</span>
        </annotation>
        <annotation annotator="Mike Bada, University of Colorado School of Medicine" id="PR_reasoned_2017_04_17_Instance_52461" type="identity">
            <class id="PR:000004372" label="agouti-signaling protein"/>
            <span end="38284" id="14737183-2162" start="38278">Agouti</span>
        </annotation>
        <annotation annotator="Mike Bada, University of Colorado School of Medicine" id="PR_reasoned_2017_04_17_Instance_52463" type="identity">
            <class id="PR:000016145" label="T-box transcription factor TBX15"/>
            <span end="38372" id="14737183-2164" start="38367">Tbx15</span>
        </annotation>
        <annotation annotator="Mike Bada, University of Colorado School of Medicine" id="PR_reasoned_2017_04_17_Instance_52465" type="identity">
            <class id="PR:000004372" label="agouti-signaling protein"/>
            <span end="38460" id="14737183-2166" start="38454">Agouti</span>
        </annotation>
        <annotation annotator="Mike Bada, University of Colorado School of Medicine" id="PR_reasoned_2017_04_17_Instance_52467" type="identity">
            <class id="PR:000016145" label="T-box transcription factor TBX15"/>
            <span end="38498" id="14737183-2168" start="38493">Tbx15</span>
        </annotation>
        <annotation annotator="Mike Bada, University of Colorado School of Medicine" id="PR_reasoned_2017_04_17_Instance_52469" type="identity">
            <class id="PR:000004372" label="agouti-signaling protein"/>
            <span end="38553" id="14737183-2170" start="38547">Agouti</span>
        </annotation>
        <annotation annotator="Mike Bada, University of Colorado School of Medicine" id="PR_reasoned_2017_04_17_Instance_52471" type="identity">
            <class id="PR:000004372" label="agouti-signaling protein"/>
            <span end="38686" id="14737183-2172" start="38680">Agouti</span>
        </annotation>
        <annotation annotator="Mike Bada, University of Colorado School of Medicine" id="PR_reasoned_2017_04_17_Instance_52475" type="identity">
            <class id="PR:000003980" label="homeobox protein aristaless-like 4"/>
            <span end="38723" id="14737183-2176" start="38719">Alx4</span>
        </annotation>
        <annotation annotator="Mike Bada, University of Colorado School of Medicine" id="PR_reasoned_2017_04_17_Instance_52473" type="identity">
            <class id="PR:000004372" label="agouti-signaling protein"/>
            <span end="38743" id="14737183-2174" start="38737">Agouti</span>
        </annotation>
        <annotation annotator="Mike Bada, University of Colorado School of Medicine" id="PR_reasoned_2017_04_17_Instance_52477" type="identity">
            <class id="PR:000003980" label="homeobox protein aristaless-like 4"/>
            <span end="39013" id="14737183-2178" start="39009">Alx4</span>
        </annotation>
        <annotation annotator="Mike Bada, University of Colorado School of Medicine" id="PR_reasoned_2017_04_17_Instance_52479" type="identity">
            <class id="PR:000003979" label="homeobox protein aristaless-like 3"/>
            <span end="39030" id="14737183-2180" start="39026">Alx3</span>
        </annotation>
        <annotation annotator="Mike Bada, University of Colorado School of Medicine" id="PR_reasoned_2017_04_17_Instance_52481" type="identity">
            <class id="PR:000010687" label="homeobox protein MSX-2"/>
            <span end="39039" id="14737183-2182" start="39035">Msx2</span>
        </annotation>
        <annotation annotator="Mike Bada, University of Colorado School of Medicine" id="PR_reasoned_2017_04_17_Instance_52483" type="identity">
            <class id="PR:000016145" label="T-box transcription factor TBX15"/>
            <span end="39188" id="14737183-2184" start="39183">Tbx15</span>
        </annotation>
        <annotation annotator="Mike Bada, University of Colorado School of Medicine" id="PR_reasoned_2017_04_17_Instance_52485" type="identity">
            <class id="PR:000007070" label="homeobox protein engrailed-1"/>
            <span end="39535" id="14737183-2186" start="39532">En1</span>
        </annotation>
        <annotation annotator="Mike Bada, University of Colorado School of Medicine" id="PR_reasoned_2017_04_17_Instance_52487" type="identity">
            <class id="PR:000017448" label="protein Wnt-7a"/>
            <span end="39544" id="14737183-2188" start="39539">Wnt7a</span>
        </annotation>
        <annotation annotator="Mike Bada, University of Colorado School of Medicine" id="PR_reasoned_2017_04_17_Instance_52489" type="identity">
            <class id="PR:000004372" label="agouti-signaling protein"/>
            <span end="39751" id="14737183-2190" start="39745">Agouti</span>
        </annotation>
        <annotation annotator="Mike Bada, University of Colorado School of Medicine" id="PR_reasoned_2017_04_17_Instance_52491" type="identity">
            <class id="PR:000007070" label="homeobox protein engrailed-1"/>
            <span end="39896" id="14737183-2192" start="39893">En1</span>
        </annotation>
        <annotation annotator="Mike Bada, University of Colorado School of Medicine" id="PR_reasoned_2017_04_17_Instance_52493" type="identity">
            <class id="PR:000007070" label="homeobox protein engrailed-1"/>
            <span end="39997" id="14737183-2194" start="39994">En1</span>
        </annotation>
        <annotation annotator="Mike Bada, University of Colorado School of Medicine" id="PR_reasoned_2017_04_17_Instance_52495" type="identity">
            <class id="PR:000017448" label="protein Wnt-7a"/>
            <span end="40019" id="14737183-2196" start="40014">Wnt7a</span>
        </annotation>
        <annotation annotator="Mike Bada, University of Colorado School of Medicine" id="PR_reasoned_2017_04_17_Instance_52497" type="identity">
            <class id="PR:000016145" label="T-box transcription factor TBX15"/>
            <span end="40234" id="14737183-2198" start="40229">Tbx15</span>
        </annotation>
        <annotation annotator="Mike Bada, University of Colorado School of Medicine" id="PR_reasoned_2017_04_17_Instance_52499" type="identity">
            <class id="PR:000009871" label="LIM homeobox transcription factor 1-beta"/>
            <span end="40312" id="14737183-2200" start="40307">Lmx1b</span>
        </annotation>
        <annotation annotator="Mike Bada, University of Colorado School of Medicine" id="PR_reasoned_2017_04_17_Instance_52503" type="identity">
            <class id="PR:000017448" label="protein Wnt-7a"/>
            <span end="40377" id="14737183-2204" start="40372">Wnt7a</span>
        </annotation>
        <annotation annotator="Mike Bada, University of Colorado School of Medicine" id="PR_reasoned_2017_04_17_Instance_52501" type="identity">
            <class id="PR:000007070" label="homeobox protein engrailed-1"/>
            <span end="40385" id="14737183-2202" start="40382">En1</span>
        </annotation>
        <annotation annotator="Mike Bada, University of Colorado School of Medicine" id="PR_reasoned_2017_04_17_Instance_52505" type="identity">
            <class id="PR:000016145" label="T-box transcription factor TBX15"/>
            <span end="40518" id="14737183-2206" start="40513">Tbx15</span>
        </annotation>
        <annotation annotator="Mike Bada, University of Colorado School of Medicine" id="PR_reasoned_2017_04_17_Instance_52507" type="identity">
            <class id="PR:000009871" label="LIM homeobox transcription factor 1-beta"/>
            <span end="40528" id="14737183-2208" start="40523">Lmx1b</span>
        </annotation>
        <annotation annotator="Mike Bada, University of Colorado School of Medicine" id="PR_reasoned_2017_04_17_Instance_52509" type="identity">
            <class id="PR:000016145" label="T-box transcription factor TBX15"/>
            <span end="40696" id="14737183-2210" start="40691">Tbx15</span>
        </annotation>
        <annotation annotator="Mike Bada, University of Colorado School of Medicine" id="PR_reasoned_2017_04_17_Instance_52511" type="identity">
            <class id="PR:000009871" label="LIM homeobox transcription factor 1-beta"/>
            <span end="40716" id="14737183-2212" start="40711">Lmx1b</span>
        </annotation>
        <annotation annotator="Mike Bada, University of Colorado School of Medicine" id="PR_reasoned_2017_04_17_Instance_52513" type="identity">
            <class id="PR:000009871" label="LIM homeobox transcription factor 1-beta"/>
            <span end="40782" id="14737183-2214" start="40777">Lmx1b</span>
        </annotation>
        <annotation annotator="Mike Bada, University of Colorado School of Medicine" id="PR_reasoned_2017_04_17_Instance_52515" type="identity">
            <class id="PR:000017448" label="protein Wnt-7a"/>
            <span end="40834" id="14737183-2216" start="40829">Wnt7a</span>
        </annotation>
        <annotation annotator="Mike Bada, University of Colorado School of Medicine" id="PR_reasoned_2017_04_17_Instance_52517" type="identity">
            <class id="PR:000017448" label="protein Wnt-7a"/>
            <span end="40943" id="14737183-2218" start="40938">Wnt7a</span>
        </annotation>
        <annotation annotator="Mike Bada, University of Colorado School of Medicine" id="PR_reasoned_2017_04_17_Instance_52519" type="identity">
            <class id="PR:000007070" label="homeobox protein engrailed-1"/>
            <span end="40993" id="14737183-2220" start="40990">En1</span>
        </annotation>
        <annotation annotator="Mike Bada, University of Colorado School of Medicine" id="PR_reasoned_2017_04_17_Instance_52521" type="identity">
            <class id="PR:000007070" label="homeobox protein engrailed-1"/>
            <span end="41279" id="14737183-2222" start="41276">En1</span>
        </annotation>
        <annotation annotator="Mike Bada, University of Colorado School of Medicine" id="PR_reasoned_2017_04_17_Instance_52523" type="identity">
            <class id="PR:000017448" label="protein Wnt-7a"/>
            <span end="41288" id="14737183-2224" start="41283">Wnt7a</span>
        </annotation>
        <annotation annotator="Mike Bada, University of Colorado School of Medicine" id="PR_reasoned_2017_04_17_Instance_52525" type="identity">
            <class id="PR:000016145" label="T-box transcription factor TBX15"/>
            <span end="42139" id="14737183-2226" start="42134">Tbx15</span>
        </annotation>
        <annotation annotator="Mike Bada, University of Colorado School of Medicine" id="PR_reasoned_2017_04_17_Instance_52527" type="identity">
            <class id="PR:000004372" label="agouti-signaling protein"/>
            <span end="42271" id="14737183-2228" start="42265">Agouti</span>
        </annotation>
        <annotation annotator="Mike Bada, University of Colorado School of Medicine" id="PR_reasoned_2017_04_17_Instance_52529" type="identity">
            <class id="PR:000016145" label="T-box transcription factor TBX15"/>
            <span end="42361" id="14737183-2230" start="42356">Tbx15</span>
        </annotation>
        <annotation annotator="Mike Bada, University of Colorado School of Medicine" id="PR_reasoned_2017_04_17_Instance_52531" type="identity">
            <class id="PR:000007070" label="homeobox protein engrailed-1"/>
            <span end="42411" id="14737183-2232" start="42408">En1</span>
        </annotation>
        <annotation annotator="Mike Bada, University of Colorado School of Medicine" id="PR_reasoned_2017_04_17_Instance_52533" type="identity">
            <class id="PR:000016145" label="T-box transcription factor TBX15"/>
            <span end="43152" id="14737183-2234" start="43147">Tbx15</span>
        </annotation>
        <annotation annotator="Mike Bada, University of Colorado School of Medicine" id="PR_reasoned_2017_04_17_Instance_52535" type="identity">
            <class id="PR:000016145" label="T-box transcription factor TBX15"/>
            <span end="43495" id="14737183-2236" start="43490">Tbx15</span>
        </annotation>
        <annotation annotator="Mike Bada, University of Colorado School of Medicine" id="PR_reasoned_2017_04_17_Instance_52537" type="identity">
            <class id="PR:000016145" label="T-box transcription factor TBX15"/>
            <span end="43642" id="14737183-2238" start="43637">Tbx15</span>
        </annotation>
        <annotation annotator="Mike Bada, University of Colorado School of Medicine" id="PR_reasoned_2017_04_17_Instance_52539" type="identity">
            <class id="PR:000016145" label="T-box transcription factor TBX15"/>
            <span end="43758" id="14737183-2240" start="43753">Tbx15</span>
        </annotation>
        <annotation annotator="Mike Bada, University of Colorado School of Medicine" id="PR_reasoned_2017_04_17_Instance_52541" type="identity">
            <class id="PR:000016145" label="T-box transcription factor TBX15"/>
            <span end="43882" id="14737183-2242" start="43877">Tbx15</span>
        </annotation>
        <annotation annotator="Mike Bada, University of Colorado School of Medicine" id="PR_reasoned_2017_04_17_Instance_52543" type="identity">
            <class id="PR:000016145" label="T-box transcription factor TBX15"/>
            <span end="44029" id="14737183-2244" start="44024">Tbx15</span>
        </annotation>
        <annotation annotator="Mike Bada, University of Colorado School of Medicine" id="PR_reasoned_2017_04_17_Instance_52545" type="identity">
            <class id="PR:000010686" label="homeobox protein MSX-1"/>
            <span end="44731" id="14737183-2246" start="44727">Msx1</span>
        </annotation>
        <annotation annotator="Mike Bada, University of Colorado School of Medicine" id="PR_reasoned_2017_04_17_Instance_52547" type="identity">
            <class id="PR:000010686" label="homeobox protein MSX-1"/>
            <span end="45140" id="14737183-2248" start="45136">Msx1</span>
        </annotation>
        <annotation annotator="Mike Bada, University of Colorado School of Medicine" id="PR_reasoned_2017_04_17_Instance_52549" type="identity">
            <class id="PR:000010686" label="homeobox protein MSX-1"/>
            <span end="45540" id="14737183-2250" start="45536">Msx1</span>
        </annotation>
        <annotation annotator="Mike Bada, University of Colorado School of Medicine" id="PR_reasoned_2017_04_17_Instance_52551" type="identity">
            <class id="PR:000016145" label="T-box transcription factor TBX15"/>
            <span end="45615" id="14737183-2252" start="45610">Tbx15</span>
        </annotation>
        <annotation annotator="Mike Bada, University of Colorado School of Medicine" id="PR_reasoned_2017_04_17_Instance_52553" type="identity">
            <class id="PR:000016145" label="T-box transcription factor TBX15"/>
            <span end="46265" id="14737183-2254" start="46260">Tbx15</span>
        </annotation>
        <annotation annotator="Mike Bada, University of Colorado School of Medicine" id="PR_reasoned_2017_04_17_Instance_52555" type="identity">
            <class id="PR:000016145" label="T-box transcription factor TBX15"/>
            <span end="46327" id="14737183-2256" start="46322">Tbx15</span>
        </annotation>
        <annotation annotator="Mike Bada, University of Colorado School of Medicine" id="PR_reasoned_2017_04_17_Instance_52557" type="identity">
            <class id="PR:000016145" label="T-box transcription factor TBX15"/>
            <span end="46523" id="14737183-2258" start="46518">Tbx15</span>
        </annotation>
        <annotation annotator="Mike Bada, University of Colorado School of Medicine" id="PR_reasoned_2017_04_17_Instance_52559" type="identity">
            <class id="PR:000008703" label="homeobox protein Hox-B6"/>
            <span end="46881" id="14737183-2260" start="46876">Hoxb6</span>
        </annotation>
        <annotation annotator="Mike Bada, University of Colorado School of Medicine" id="PR_reasoned_2017_04_17_Instance_61189" type="identity">
            <class id="PR:000033987" label="bacterial-type beta-galactosidase"/>
            <span end="47032" id="14737183-2398" start="47028">lacZ</span>
        </annotation>
        <annotation annotator="Mike Bada, University of Colorado School of Medicine" id="PR_reasoned_2017_04_17_Instance_52561" type="identity">
            <class id="PR:000008867" label="3 beta-hydroxysteroid dehydrogenase/Delta 5--&gt;4-isomerase type 3"/>
            <span end="50782" id="14737183-2262" start="50776">Hsd3b3</span>
        </annotation>
        <annotation annotator="Mike Bada, University of Colorado School of Medicine" id="PR_reasoned_2017_04_17_Instance_52563" type="identity">
            <class id="PR:000008786" label="3 beta-hydroxysteroid dehydrogenase/Delta 5--&gt;4-isomerase type 2"/>
            <span end="50790" id="14737183-2264" start="50784">Hsd3b2</span>
        </annotation>
        <annotation annotator="Mike Bada, University of Colorado School of Medicine" id="PR_reasoned_2017_04_17_Instance_52565" type="identity">
            <class id="PR:000008870" label="3 beta-hydroxysteroid dehydrogenase/Delta 5--&gt;4-isomerase type 6"/>
            <span end="50798" id="14737183-2266" start="50792">Hsd3b6</span>
        </annotation>
        <annotation annotator="Mike Bada, University of Colorado School of Medicine" id="PR_reasoned_2017_04_17_Instance_52567" type="identity">
            <class id="PR:000008785" label="3 beta-hydroxysteroid dehydrogenase/Delta 5--&gt;4-isomerase type 1"/>
            <span end="50810" id="14737183-2268" start="50804">Hsd3b1</span>
        </annotation>
        <annotation annotator="Mike Bada, University of Colorado School of Medicine" id="PR_reasoned_2017_04_17_Instance_52569" type="identity">
            <class id="PR:000008442" label="hydroxyacid oxidase 2"/>
            <span end="50838" id="14737183-2270" start="50834">Hao3</span>
        </annotation>
        <annotation annotator="Mike Bada, University of Colorado School of Medicine" id="PR_reasoned_2017_04_17_Instance_52571" type="identity">
            <class id="PR:000017370" label="tryptophan--tRNA ligase, mitochondrial"/>
            <span end="50877" id="14737183-2272" start="50872">Wars2</span>
        </annotation>
        <annotation annotator="Mike Bada, University of Colorado School of Medicine" id="PR_reasoned_2017_04_17_Instance_52573" type="identity">
            <class id="PR:000016145" label="T-box transcription factor TBX15"/>
            <span end="50898" id="14737183-2274" start="50893">Tbx15</span>
        </annotation>
        <annotation annotator="Mike Bada, University of Colorado School of Medicine" id="PR_reasoned_2017_04_17_Instance_13397" type="identity">
            <class id="PR:000015456" label="sperm-associated antigen 17"/>
            <span end="50931" id="14737183-1888" start="50918">4931427F14Rik</span>
        </annotation>
        <annotation annotator="Mike Bada, University of Colorado School of Medicine" id="PR_reasoned_2017_04_17_Instance_52575" type="identity">
            <class id="PR:000016145" label="T-box transcription factor TBX15"/>
            <span end="51705" id="14737183-2276" start="51700">Tbx15</span>
        </annotation>
        <annotation annotator="Mike Bada, University of Colorado School of Medicine" id="PR_reasoned_2017_04_17_Instance_61191" type="identity">
            <class id="PR:000033987" label="bacterial-type beta-galactosidase"/>
            <span end="51801" id="14737183-2400" start="51797">LacZ</span>
        </annotation>
        <annotation annotator="Mike Bada, University of Colorado School of Medicine" id="PR_reasoned_2017_04_17_Instance_61193" type="identity">
            <class id="PR:P23940" label="type-2 restriction enzyme BamHI (Bacillus amyloliquefaciens)"/>
            <span end="51897" id="14737183-2402" start="51892">BamHI</span>
        </annotation>
        <annotation annotator="Mike Bada, University of Colorado School of Medicine" id="PR_reasoned_2017_04_17_Instance_52577" type="identity">
            <class id="PR:000016145" label="T-box transcription factor TBX15"/>
            <span end="52611" id="14737183-2278" start="52606">Tbx15</span>
        </annotation>
        <annotation annotator="Mike Bada, University of Colorado School of Medicine" id="PR_reasoned_2017_04_17_Instance_52579" type="identity">
            <class id="PR:000007070" label="homeobox protein engrailed-1"/>
            <span end="52744" id="14737183-2280" start="52741">En1</span>
        </annotation>
        <annotation annotator="Mike Bada, University of Colorado School of Medicine" id="PR_reasoned_2017_04_17_Instance_52581" type="identity">
            <class id="PR:000004372" label="agouti-signaling protein"/>
            <span end="52887" id="14737183-2282" start="52881">Agouti</span>
        </annotation>
        <annotation annotator="Mike Bada, University of Colorado School of Medicine" id="PR_reasoned_2017_04_17_Instance_52583" type="identity">
            <class id="PR:000008703" label="homeobox protein Hox-B6"/>
            <span end="53896" id="14737183-2284" start="53891">Hoxb6</span>
        </annotation>
        <annotation annotator="Mike Bada, University of Colorado School of Medicine" id="PR_reasoned_2017_04_17_Instance_52585" type="identity">
            <class id="PR:000004372" label="agouti-signaling protein"/>
            <span end="54898" id="14737183-2286" start="54892">Agouti</span>
        </annotation>
        <annotation annotator="Mike Bada, University of Colorado School of Medicine" id="PR_reasoned_2017_04_17_Instance_52587" type="identity">
            <class id="PR:000003979" label="homeobox protein aristaless-like 3"/>
            <span end="54918" id="14737183-2288" start="54914">Alx3</span>
        </annotation>
        <annotation annotator="Mike Bada, University of Colorado School of Medicine" id="PR_reasoned_2017_04_17_Instance_52589" type="identity">
            <class id="PR:000003980" label="homeobox protein aristaless-like 4"/>
            <span end="54933" id="14737183-2290" start="54929">Alx4</span>
        </annotation>
        <annotation annotator="Mike Bada, University of Colorado School of Medicine" id="PR_reasoned_2017_04_17_Instance_52591" type="identity">
            <class id="PR:000007070" label="homeobox protein engrailed-1"/>
            <span end="54949" id="14737183-2292" start="54946">En1</span>
        </annotation>
        <annotation annotator="Mike Bada, University of Colorado School of Medicine" id="PR_reasoned_2017_04_17_Instance_52593" type="identity">
            <class id="PR:000016145" label="T-box transcription factor TBX15"/>
            <span end="54982" id="14737183-2294" start="54977">Tbx14</span>
        </annotation>
        <annotation annotator="Mike Bada, University of Colorado School of Medicine" id="PR_reasoned_2017_04_17_Instance_52595" type="identity">
            <class id="PR:000016145" label="T-box transcription factor TBX15"/>
            <span end="55000" id="14737183-2296" start="54995">Tbx15</span>
        </annotation>
        <annotation annotator="Mike Bada, University of Colorado School of Medicine" id="PR_reasoned_2017_04_17_Instance_52597" type="identity">
            <class id="PR:000016146" label="T-box transcription factor TBX18"/>
            <span end="55018" id="14737183-2298" start="55013">Tbx18</span>
        </annotation>
        <annotation annotator="Mike Bada, University of Colorado School of Medicine" id="PR_reasoned_2017_04_17_Instance_52599" type="identity">
            <class id="PR:000016150" label="T-box transcription factor TBX22"/>
            <span end="55040" id="14737183-2300" start="55035">Tbx22</span>
        </annotation>
        <annotation annotator="Mike Bada, University of Colorado School of Medicine" id="PR_reasoned_2017_04_17_Instance_52601" type="identity">
            <class id="PR:000008703" label="homeobox protein Hox-B6"/>
            <span end="55509" id="14737183-2302" start="55504">Hoxb6</span>
        </annotation>
        <annotation annotator="Mike Bada, University of Colorado School of Medicine" id="PR_reasoned_2017_04_17_Instance_190004" type="identity">
            <class id="PR:000004372" label="agouti-signaling protein"/>
            <span end="56020" id="14737183-1890" start="56019">A</span>
        </annotation>
        <annotation annotator="Mike Bada, University of Colorado School of Medicine" id="PR_reasoned_2017_04_17_Instance_52603" type="identity">
            <class id="PR:000004372" label="agouti-signaling protein"/>
            <span end="56044" id="14737183-2304" start="56038">Agouti</span>
        </annotation>
        <annotation annotator="Mike Bada, University of Colorado School of Medicine" id="PR_reasoned_2017_04_17_Instance_52605" type="identity">
            <class id="PR:000007070" label="homeobox protein engrailed-1"/>
            <span end="56190" id="14737183-2306" start="56187">En1</span>
        </annotation>
        <annotation annotator="Mike Bada, University of Colorado School of Medicine" id="PR_reasoned_2017_04_17_Instance_52607" type="identity">
            <class id="PR:000007070" label="homeobox protein engrailed-1"/>
            <span end="56203" id="14737183-2308" start="56193">Engrailed1</span>
        </annotation>
        <annotation annotator="Mike Bada, University of Colorado School of Medicine" id="PR_reasoned_2017_04_17_Instance_52609" type="identity">
            <class id="PR:000016145" label="T-box transcription factor TBX15"/>
            <span end="56287" id="14737183-2310" start="56282">Tbx15</span>
        </annotation>
        <annotation annotator="Mike Bada, University of Colorado School of Medicine" id="PR_reasoned_2017_04_17_Instance_52611" type="identity">
            <class id="PR:000016145" label="T-box transcription factor TBX15"/>
            <span end="56303" id="14737183-2312" start="56290">T-box gene 15</span>
        </annotation>
        <annotation annotator="Mike Bada, University of Colorado School of Medicine" id="PR_reasoned_2017_04_17_Instance_52613" type="identity">
            <class id="PR:000016145" label="T-box transcription factor TBX15"/>
            <span end="58808" id="14737183-2314" start="58803">Tbx15</span>
        </annotation>
        <annotation annotator="Mike Bada, University of Colorado School of Medicine" id="PR_reasoned_2017_04_17_Instance_52615" type="identity">
            <class id="PR:000016145" label="T-box transcription factor TBX15"/>
            <span end="59044" id="14737183-2316" start="59039">Tbx15</span>
        </annotation>
        <annotation annotator="Mike Bada, University of Colorado School of Medicine" id="PR_reasoned_2017_04_17_Instance_52617" type="identity">
            <class id="PR:000016145" label="T-box transcription factor TBX15"/>
            <span end="59212" id="14737183-2318" start="59207">Tbx15</span>
        </annotation>
        <annotation annotator="Mike Bada, University of Colorado School of Medicine" id="PR_reasoned_2017_04_17_Instance_61195" type="identity">
            <class id="PR:000016145" label="T-box transcription factor TBX15"/>
            <span end="59307" id="14737183-2404" start="59302">Tbx15</span>
        </annotation>
        <annotation annotator="Mike Bada, University of Colorado School of Medicine" id="PR_reasoned_2017_04_17_Instance_61197" type="identity">
            <class id="PR:000033987" label="bacterial-type beta-galactosidase"/>
            <span end="59311" id="14737183-2406" start="59307">LacZ</span>
        </annotation>
        <annotation annotator="Mike Bada, University of Colorado School of Medicine" id="PR_reasoned_2017_04_17_Instance_121917" type="identity">
            <class id="PR:000016145" label="T-box transcription factor TBX15"/>
            <span end="59636" id="14737183-1886" start="59631">Tbx15</span>
        </annotation>
        <annotation annotator="Mike Bada, University of Colorado School of Medicine" id="PR_reasoned_2017_04_17_Instance_121915" type="identity">
            <class id="PR:000033987" label="bacterial-type beta-galactosidase"/>
            <span end="59640" id="14737183-1884" start="59636">LacZ</span>
        </annotation>
        <annotation annotator="Mike Bada, University of Colorado School of Medicine" id="PR_reasoned_2017_04_17_Instance_52619" type="identity">
            <class id="PR:000016145" label="T-box transcription factor TBX15"/>
            <span end="59746" id="14737183-2320" start="59741">Tbx15</span>
        </annotation>
        <annotation annotator="Mike Bada, University of Colorado School of Medicine" id="PR_reasoned_2017_04_17_Instance_52621" type="identity">
            <class id="PR:000016145" label="T-box transcription factor TBX15"/>
            <span end="60391" id="14737183-2322" start="60386">Tbx15</span>
        </annotation>
        <annotation annotator="Mike Bada, University of Colorado School of Medicine" id="PR_reasoned_2017_04_17_Instance_52623" type="identity">
            <class id="PR:000016145" label="T-box transcription factor TBX15"/>
            <span end="60537" id="14737183-2324" start="60532">Tbx15</span>
        </annotation>
        <annotation annotator="Mike Bada, University of Colorado School of Medicine" id="PR_reasoned_2017_04_17_Instance_52625" type="identity">
            <class id="PR:000004372" label="agouti-signaling protein"/>
            <span end="60556" id="14737183-2326" start="60550">Agouti</span>
        </annotation>
        <annotation annotator="Mike Bada, University of Colorado School of Medicine" id="PR_reasoned_2017_04_17_Instance_52629" type="identity">
            <class id="PR:000016145" label="T-box transcription factor TBX15"/>
            <span end="60587" id="14737183-2330" start="60582">Tbx15</span>
        </annotation>
        <annotation annotator="Mike Bada, University of Colorado School of Medicine" id="PR_reasoned_2017_04_17_Instance_52627" type="identity">
            <class id="PR:000004372" label="agouti-signaling protein"/>
            <span end="60605" id="14737183-2328" start="60599">Agouti</span>
        </annotation>
        <annotation annotator="Mike Bada, University of Colorado School of Medicine" id="PR_reasoned_2017_04_17_Instance_52631" type="identity">
            <class id="PR:000016145" label="T-box transcription factor TBX15"/>
            <span end="60636" id="14737183-2332" start="60631">Tbx15</span>
        </annotation>
        <annotation annotator="Mike Bada, University of Colorado School of Medicine" id="PR_reasoned_2017_04_17_Instance_52633" type="identity">
            <class id="PR:000004372" label="agouti-signaling protein"/>
            <span end="60700" id="14737183-2334" start="60694">Agouti</span>
        </annotation>
        <annotation annotator="Mike Bada, University of Colorado School of Medicine" id="PR_reasoned_2017_04_17_Instance_52635" type="identity">
            <class id="PR:000016145" label="T-box transcription factor TBX15"/>
            <span end="60788" id="14737183-2336" start="60783">Tbx15</span>
        </annotation>
        <annotation annotator="Mike Bada, University of Colorado School of Medicine" id="PR_reasoned_2017_04_17_Instance_52637" type="identity">
            <class id="PR:000004372" label="agouti-signaling protein"/>
            <span end="60867" id="14737183-2338" start="60861">Agouti</span>
        </annotation>
        <annotation annotator="Mike Bada, University of Colorado School of Medicine" id="PR_reasoned_2017_04_17_Instance_52639" type="identity">
            <class id="PR:000016145" label="T-box transcription factor TBX15"/>
            <span end="60939" id="14737183-2340" start="60934">Tbx15</span>
        </annotation>
        <annotation annotator="Mike Bada, University of Colorado School of Medicine" id="PR_reasoned_2017_04_17_Instance_52641" type="identity">
            <class id="PR:000004372" label="agouti-signaling protein"/>
            <span end="60982" id="14737183-2342" start="60976">Agouti</span>
        </annotation>
        <annotation annotator="Mike Bada, University of Colorado School of Medicine" id="PR_reasoned_2017_04_17_Instance_52643" type="identity">
            <class id="PR:000004372" label="agouti-signaling protein"/>
            <span end="61040" id="14737183-2344" start="61034">Agouti</span>
        </annotation>
        <annotation annotator="Mike Bada, University of Colorado School of Medicine" id="PR_reasoned_2017_04_17_Instance_52645" type="identity">
            <class id="PR:000004372" label="agouti-signaling protein"/>
            <span end="61213" id="14737183-2346" start="61207">Agouti</span>
        </annotation>
        <annotation annotator="Mike Bada, University of Colorado School of Medicine" id="PR_reasoned_2017_04_17_Instance_52647" type="identity">
            <class id="PR:000004372" label="agouti-signaling protein"/>
            <span end="61320" id="14737183-2348" start="61314">Agouti</span>
        </annotation>
        <annotation annotator="Mike Bada, University of Colorado School of Medicine" id="PR_reasoned_2017_04_17_Instance_52649" type="identity">
            <class id="PR:000004372" label="agouti-signaling protein"/>
            <span end="61462" id="14737183-2350" start="61456">Agouti</span>
        </annotation>
        <annotation annotator="Mike Bada, University of Colorado School of Medicine" id="PR_reasoned_2017_04_17_Instance_52651" type="identity">
            <class id="PR:000004372" label="agouti-signaling protein"/>
            <span end="62264" id="14737183-2352" start="62258">Agouti</span>
        </annotation>
        <annotation annotator="Mike Bada, University of Colorado School of Medicine" id="PR_reasoned_2017_04_17_Instance_52653" type="identity">
            <class id="PR:000016145" label="T-box transcription factor TBX15"/>
            <span end="62274" id="14737183-2354" start="62269">Tbx15</span>
        </annotation>
        <annotation annotator="Mike Bada, University of Colorado School of Medicine" id="PR_reasoned_2017_04_17_Instance_52655" type="identity">
            <class id="PR:000008703" label="homeobox protein Hox-B6"/>
            <span end="62661" id="14737183-2356" start="62656">Hoxb6</span>
        </annotation>
        <annotation annotator="Mike Bada, University of Colorado School of Medicine" id="PR_reasoned_2017_04_17_Instance_52657" type="identity">
            <class id="PR:000016145" label="T-box transcription factor TBX15"/>
            <span end="63217" id="14737183-2358" start="63212">Tbx15</span>
        </annotation>
        <annotation annotator="Mike Bada, University of Colorado School of Medicine" id="PR_reasoned_2017_04_17_Instance_52659" type="identity">
            <class id="PR:000007070" label="homeobox protein engrailed-1"/>
            <span end="63261" id="14737183-2360" start="63258">En1</span>
        </annotation>
        <annotation annotator="Mike Bada, University of Colorado School of Medicine" id="PR_reasoned_2017_04_17_Instance_52661" type="identity">
            <class id="PR:000016145" label="T-box transcription factor TBX15"/>
            <span end="63485" id="14737183-2362" start="63480">Tbx15</span>
        </annotation>
        <annotation annotator="Mike Bada, University of Colorado School of Medicine" id="PR_reasoned_2017_04_17_Instance_52663" type="identity">
            <class id="PR:000004372" label="agouti-signaling protein"/>
            <span end="63612" id="14737183-2364" start="63606">Agouti</span>
        </annotation>
        <annotation annotator="Mike Bada, University of Colorado School of Medicine" id="PR_reasoned_2017_04_17_Instance_52665" type="identity">
            <class id="PR:000004372" label="agouti-signaling protein"/>
            <span end="63819" id="14737183-2366" start="63813">Agouti</span>
        </annotation>
        <annotation annotator="Mike Bada, University of Colorado School of Medicine" id="PR_reasoned_2017_04_17_Instance_52667" type="identity">
            <class id="PR:000004372" label="agouti-signaling protein"/>
            <span end="63996" id="14737183-2368" start="63990">Agouti</span>
        </annotation>
        <annotation annotator="Mike Bada, University of Colorado School of Medicine" id="PR_reasoned_2017_04_17_Instance_52669" type="identity">
            <class id="PR:000016145" label="T-box transcription factor TBX15"/>
            <span end="64071" id="14737183-2370" start="64066">Tbx15</span>
        </annotation>
        <annotation annotator="Mike Bada, University of Colorado School of Medicine" id="PR_reasoned_2017_04_17_Instance_52671" type="identity">
            <class id="PR:000016145" label="T-box transcription factor TBX15"/>
            <span end="64494" id="14737183-2372" start="64489">Tbx15</span>
        </annotation>
        <annotation annotator="Mike Bada, University of Colorado School of Medicine" id="PR_reasoned_2017_04_17_Instance_52673" type="identity">
            <class id="PR:000016145" label="T-box transcription factor TBX15"/>
            <span end="64589" id="14737183-2374" start="64584">Tbx15</span>
        </annotation>
        <graph-space id="Old Knowtator Relations"/>
    </document>
</knowtator-project>
