<?xml version="1.0" encoding="UTF-8" standalone="no"?>
<knowtator-project>
    <document id="15207008" text-file="15207008.txt">
        <annotation annotator="Mike Bada, University of Colorado School of Medicine" id="PR_reasoned_2017_04_17_Instance_11697" type="identity">
            <class id="PR:000016008" label="transforming acidic coiled-coil-containing protein 3"/>
            <span end="897" id="15207008-3981" start="892">TACC3</span>
        </annotation>
        <annotation annotator="Mike Bada, University of Colorado School of Medicine" id="PR_reasoned_2017_04_17_Instance_11703" type="identity">
            <class id="PR:000001856" label="hyaluronan mediated motility receptor"/>
            <span end="908" id="15207008-3987" start="903">RHAMM</span>
        </annotation>
        <annotation annotator="Mike Bada, University of Colorado School of Medicine" id="PR_reasoned_2017_04_17_Instance_11699" type="identity">
            <class id="PR:000016007" label="transforming acidic coiled-coil-containing protein 2"/>
            <span end="1226" id="15207008-3983" start="1221">TACC2</span>
        </annotation>
        <annotation annotator="Mike Bada, University of Colorado School of Medicine" id="PR_reasoned_2017_04_17_Instance_11701" type="identity">
            <class id="PR:000014373" label="retinoic acid receptor RXR-beta"/>
            <span end="1263" id="15207008-3985" start="1259">RXRβ</span>
        </annotation>
        <annotation annotator="Mike Bada, University of Colorado School of Medicine" id="PR_reasoned_2017_04_17_Instance_11705" type="identity">
            <class id="PR:000017527" label="YEATS domain-containing protein 4"/>
            <span end="1741" id="15207008-3989" start="1736">GAS41</span>
        </annotation>
        <annotation annotator="Mike Bada, University of Colorado School of Medicine" id="PR_reasoned_2017_04_17_Instance_11707" type="identity">
            <class id="PR:000016006" label="transforming acidic coiled-coil-containing protein 1"/>
            <span end="3156" id="15207008-3991" start="3151">TACC1</span>
        </annotation>
        <annotation annotator="Mike Bada, University of Colorado School of Medicine" id="PR_reasoned_2017_04_17_Instance_11709" type="identity">
            <class id="PR:000001451" label="fibroblast growth factor receptor 4"/>
            <span end="4140" id="15207008-3993" start="4135">FGFR4</span>
        </annotation>
        <annotation annotator="Mike Bada, University of Colorado School of Medicine" id="PR_reasoned_2017_04_17_Instance_11711" type="identity">
            <class id="PR:000001856" label="hyaluronan mediated motility receptor"/>
            <span end="4431" id="15207008-3995" start="4426">RHAMM</span>
        </annotation>
        <annotation annotator="Mike Bada, University of Colorado School of Medicine" id="PR_reasoned_2017_04_17_Instance_11713" type="identity">
            <class id="PR:000001856" label="hyaluronan mediated motility receptor"/>
            <span end="5160" id="15207008-3997" start="5155">RHAMM</span>
        </annotation>
        <annotation annotator="Mike Bada, University of Colorado School of Medicine" id="PR_reasoned_2017_04_17_Instance_11715" type="identity">
            <class id="PR:000001856" label="hyaluronan mediated motility receptor"/>
            <span end="6558" id="15207008-3999" start="6553">RHAMM</span>
        </annotation>
        <annotation annotator="Mike Bada, University of Colorado School of Medicine" id="PR_reasoned_2017_04_17_Instance_11717" type="identity">
            <class id="PR:000001856" label="hyaluronan mediated motility receptor"/>
            <span end="6596" id="15207008-4001" start="6591">RHAMM</span>
        </annotation>
        <annotation annotator="Mike Bada, University of Colorado School of Medicine" id="PR_reasoned_2017_04_17_Instance_11719" type="identity">
            <class id="PR:000016006" label="transforming acidic coiled-coil-containing protein 1"/>
            <span end="7547" id="15207008-4003" start="7542">TACC1</span>
        </annotation>
        <annotation annotator="Mike Bada, University of Colorado School of Medicine" id="PR_reasoned_2017_04_17_Instance_11721" type="identity">
            <class id="PR:000016008" label="transforming acidic coiled-coil-containing protein 3"/>
            <span end="7723" id="15207008-4005" start="7718">TACC3</span>
        </annotation>
        <annotation annotator="Mike Bada, University of Colorado School of Medicine" id="PR_reasoned_2017_04_17_Instance_11725" type="identity">
            <class id="PR:000016007" label="transforming acidic coiled-coil-containing protein 2"/>
            <span end="7868" id="15207008-4009" start="7863">TACC2</span>
        </annotation>
        <annotation annotator="Mike Bada, University of Colorado School of Medicine" id="PR_reasoned_2017_04_17_Instance_11723" type="identity">
            <class id="PR:000016008" label="transforming acidic coiled-coil-containing protein 3"/>
            <span end="7878" id="15207008-4007" start="7873">TACC3</span>
        </annotation>
        <annotation annotator="Mike Bada, University of Colorado School of Medicine" id="PR_reasoned_2017_04_17_Instance_11727" type="identity">
            <class id="PR:000016006" label="transforming acidic coiled-coil-containing protein 1"/>
            <span end="7965" id="15207008-4011" start="7960">TACC1</span>
        </annotation>
        <annotation annotator="Mike Bada, University of Colorado School of Medicine" id="PR_reasoned_2017_04_17_Instance_11729" type="identity">
            <class id="PR:000016006" label="transforming acidic coiled-coil-containing protein 1"/>
            <span end="8828" id="15207008-4013" start="8823">TACC1</span>
        </annotation>
        <annotation annotator="Mike Bada, University of Colorado School of Medicine" id="PR_reasoned_2017_04_17_Instance_11731" type="identity">
            <class id="PR:000016008" label="transforming acidic coiled-coil-containing protein 3"/>
            <span end="9036" id="15207008-4015" start="9031">TACC3</span>
        </annotation>
        <annotation annotator="Mike Bada, University of Colorado School of Medicine" id="PR_reasoned_2017_04_17_Instance_11733" type="identity">
            <class id="PR:000016006" label="transforming acidic coiled-coil-containing protein 1"/>
            <span end="9202" id="15207008-4017" start="9197">TACC1</span>
        </annotation>
        <annotation annotator="Mike Bada, University of Colorado School of Medicine" id="PR_reasoned_2017_04_17_Instance_11735" type="identity">
            <class id="PR:000016007" label="transforming acidic coiled-coil-containing protein 2"/>
            <span end="9212" id="15207008-4019" start="9207">TACC2</span>
        </annotation>
        <annotation annotator="Mike Bada, University of Colorado School of Medicine" id="PR_reasoned_2017_04_17_Instance_11737" type="identity">
            <class id="PR:000016006" label="transforming acidic coiled-coil-containing protein 1"/>
            <span end="9298" id="15207008-4021" start="9293">TACC1</span>
        </annotation>
        <annotation annotator="Mike Bada, University of Colorado School of Medicine" id="PR_reasoned_2017_04_17_Instance_11739" type="identity">
            <class id="PR:000016006" label="transforming acidic coiled-coil-containing protein 1"/>
            <span end="9436" id="15207008-4023" start="9431">TACC1</span>
        </annotation>
        <annotation annotator="Mike Bada, University of Colorado School of Medicine" id="PR_reasoned_2017_04_17_Instance_11741" type="identity">
            <class id="PR:000016006" label="transforming acidic coiled-coil-containing protein 1"/>
            <span end="9719" id="15207008-4025" start="9714">TACC1</span>
        </annotation>
        <annotation annotator="Mike Bada, University of Colorado School of Medicine" id="PR_reasoned_2017_04_17_Instance_11743" type="identity">
            <class id="PR:000016006" label="transforming acidic coiled-coil-containing protein 1"/>
            <span end="9887" id="15207008-4027" start="9882">TACC1</span>
        </annotation>
        <annotation annotator="Mike Bada, University of Colorado School of Medicine" id="PR_reasoned_2017_04_17_Instance_11745" type="identity">
            <class id="PR:000016007" label="transforming acidic coiled-coil-containing protein 2"/>
            <span end="9949" id="15207008-4029" start="9944">TACC2</span>
        </annotation>
        <annotation annotator="Mike Bada, University of Colorado School of Medicine" id="PR_reasoned_2017_04_17_Instance_11747" type="identity">
            <class id="PR:000016008" label="transforming acidic coiled-coil-containing protein 3"/>
            <span end="9958" id="15207008-4031" start="9953">TACC3</span>
        </annotation>
        <annotation annotator="Mike Bada, University of Colorado School of Medicine" id="PR_reasoned_2017_04_17_Instance_11749" type="identity">
            <class id="PR:000016008" label="transforming acidic coiled-coil-containing protein 3"/>
            <span end="10038" id="15207008-4033" start="10033">TACC3</span>
        </annotation>
        <annotation annotator="Mike Bada, University of Colorado School of Medicine" id="PR_reasoned_2017_04_17_Instance_11751" type="identity">
            <class id="PR:000016008" label="transforming acidic coiled-coil-containing protein 3"/>
            <span end="10121" id="15207008-4035" start="10116">TACC3</span>
        </annotation>
        <annotation annotator="Mike Bada, University of Colorado School of Medicine" id="PR_reasoned_2017_04_17_Instance_11753" type="identity">
            <class id="PR:000016008" label="transforming acidic coiled-coil-containing protein 3"/>
            <span end="10465" id="15207008-4037" start="10460">TACC3</span>
        </annotation>
        <annotation annotator="Mike Bada, University of Colorado School of Medicine" id="PR_reasoned_2017_04_17_Instance_11755" type="identity">
            <class id="PR:000016008" label="transforming acidic coiled-coil-containing protein 3"/>
            <span end="10838" id="15207008-4039" start="10833">TACC3</span>
        </annotation>
        <annotation annotator="Mike Bada, University of Colorado School of Medicine" id="PR_reasoned_2017_04_17_Instance_11757" type="identity">
            <class id="PR:000016008" label="transforming acidic coiled-coil-containing protein 3"/>
            <span end="11057" id="15207008-4041" start="11052">TACC3</span>
        </annotation>
        <annotation annotator="Mike Bada, University of Colorado School of Medicine" id="PR_reasoned_2017_04_17_Instance_11759" type="identity">
            <class id="PR:000016008" label="transforming acidic coiled-coil-containing protein 3"/>
            <span end="11127" id="15207008-4043" start="11122">TACC3</span>
        </annotation>
        <annotation annotator="Mike Bada, University of Colorado School of Medicine" id="PR_reasoned_2017_04_17_Instance_11761" type="identity">
            <class id="PR:000016008" label="transforming acidic coiled-coil-containing protein 3"/>
            <span end="11204" id="15207008-4045" start="11199">TACC3</span>
        </annotation>
        <annotation annotator="Mike Bada, University of Colorado School of Medicine" id="PR_reasoned_2017_04_17_Instance_11763" type="identity">
            <class id="PR:000016008" label="transforming acidic coiled-coil-containing protein 3"/>
            <span end="11269" id="15207008-4047" start="11264">TACC3</span>
        </annotation>
        <annotation annotator="Mike Bada, University of Colorado School of Medicine" id="PR_reasoned_2017_04_17_Instance_11765" type="identity">
            <class id="PR:000016008" label="transforming acidic coiled-coil-containing protein 3"/>
            <span end="11367" id="15207008-4049" start="11362">TACC3</span>
        </annotation>
        <annotation annotator="Mike Bada, University of Colorado School of Medicine" id="PR_reasoned_2017_04_17_Instance_11767" type="identity">
            <class id="PR:000016008" label="transforming acidic coiled-coil-containing protein 3"/>
            <span end="11645" id="15207008-4051" start="11640">TACC3</span>
        </annotation>
        <annotation annotator="Mike Bada, University of Colorado School of Medicine" id="PR_reasoned_2017_04_17_Instance_11769" type="identity">
            <class id="PR:000016008" label="transforming acidic coiled-coil-containing protein 3"/>
            <span end="12201" id="15207008-4053" start="12196">TACC3</span>
        </annotation>
        <annotation annotator="Mike Bada, University of Colorado School of Medicine" id="PR_reasoned_2017_04_17_Instance_11771" type="identity">
            <class id="PR:000016008" label="transforming acidic coiled-coil-containing protein 3"/>
            <span end="12354" id="15207008-4055" start="12349">TACC3</span>
        </annotation>
        <annotation annotator="Mike Bada, University of Colorado School of Medicine" id="PR_reasoned_2017_04_17_Instance_11773" type="identity">
            <class id="PR:000016008" label="transforming acidic coiled-coil-containing protein 3"/>
            <span end="12736" id="15207008-4057" start="12731">TACC3</span>
        </annotation>
        <annotation annotator="Mike Bada, University of Colorado School of Medicine" id="PR_reasoned_2017_04_17_Instance_11775" type="identity">
            <class id="PR:000016008" label="transforming acidic coiled-coil-containing protein 3"/>
            <span end="12852" id="15207008-4059" start="12847">TACC3</span>
        </annotation>
        <annotation annotator="Mike Bada, University of Colorado School of Medicine" id="PR_reasoned_2017_04_17_Instance_11777" type="identity">
            <class id="PR:000016008" label="transforming acidic coiled-coil-containing protein 3"/>
            <span end="12931" id="15207008-4061" start="12926">TACC3</span>
        </annotation>
        <annotation annotator="Mike Bada, University of Colorado School of Medicine" id="PR_reasoned_2017_04_17_Instance_11781" type="identity">
            <class id="PR:000001856" label="hyaluronan mediated motility receptor"/>
            <span end="13197" id="15207008-4063" start="13192">RHAMM</span>
        </annotation>
        <annotation annotator="Mike Bada, University of Colorado School of Medicine" id="PR_reasoned_2017_04_17_Instance_11783" type="identity">
            <class id="PR:000001856" label="hyaluronan mediated motility receptor"/>
            <span end="13263" id="15207008-4065" start="13258">RHAMM</span>
        </annotation>
        <annotation annotator="Mike Bada, University of Colorado School of Medicine" id="PR_reasoned_2017_04_17_Instance_11785" type="identity">
            <class id="PR:000001856" label="hyaluronan mediated motility receptor"/>
            <span end="13568" id="15207008-4067" start="13563">RHAMM</span>
        </annotation>
        <annotation annotator="Mike Bada, University of Colorado School of Medicine" id="PR_reasoned_2017_04_17_Instance_11787" type="identity">
            <class id="PR:000001856" label="hyaluronan mediated motility receptor"/>
            <span end="13613" id="15207008-4069" start="13608">RHAMM</span>
        </annotation>
        <annotation annotator="Mike Bada, University of Colorado School of Medicine" id="PR_reasoned_2017_04_17_Instance_11789" type="identity">
            <class id="PR:000001856" label="hyaluronan mediated motility receptor"/>
            <span end="13839" id="15207008-4071" start="13834">RHAMM</span>
        </annotation>
        <annotation annotator="Mike Bada, University of Colorado School of Medicine" id="PR_reasoned_2017_04_17_Instance_11791" type="identity">
            <class id="PR:000001856" label="hyaluronan mediated motility receptor"/>
            <span end="13998" id="15207008-4073" start="13993">RHAMM</span>
        </annotation>
        <annotation annotator="Mike Bada, University of Colorado School of Medicine" id="PR_reasoned_2017_04_17_Instance_11793" type="identity">
            <class id="PR:000001856" label="hyaluronan mediated motility receptor"/>
            <span end="14114" id="15207008-4075" start="14109">RHAMM</span>
        </annotation>
        <annotation annotator="Mike Bada, University of Colorado School of Medicine" id="PR_reasoned_2017_04_17_Instance_11795" type="identity">
            <class id="PR:000001856" label="hyaluronan mediated motility receptor"/>
            <span end="14189" id="15207008-4077" start="14184">RHAMM</span>
        </annotation>
        <annotation annotator="Mike Bada, University of Colorado School of Medicine" id="PR_reasoned_2017_04_17_Instance_11797" type="identity">
            <class id="PR:000001856" label="hyaluronan mediated motility receptor"/>
            <span end="14436" id="15207008-4079" start="14431">RHAMM</span>
        </annotation>
        <annotation annotator="Mike Bada, University of Colorado School of Medicine" id="PR_reasoned_2017_04_17_Instance_11799" type="identity">
            <class id="PR:000016006" label="transforming acidic coiled-coil-containing protein 1"/>
            <span end="14759" id="15207008-4081" start="14754">TACC1</span>
        </annotation>
        <annotation annotator="Mike Bada, University of Colorado School of Medicine" id="PR_reasoned_2017_04_17_Instance_11801" type="identity">
            <class id="PR:000001451" label="fibroblast growth factor receptor 4"/>
            <span end="15694" id="15207008-4083" start="15689">FGFR4</span>
        </annotation>
        <annotation annotator="Mike Bada, University of Colorado School of Medicine" id="PR_reasoned_2017_04_17_Instance_11803" type="identity">
            <class id="PR:000001856" label="hyaluronan mediated motility receptor"/>
            <span end="15757" id="15207008-4085" start="15752">RHAMM</span>
        </annotation>
        <annotation annotator="Mike Bada, University of Colorado School of Medicine" id="PR_reasoned_2017_04_17_Instance_11805" type="identity">
            <class id="PR:000001856" label="hyaluronan mediated motility receptor"/>
            <span end="15811" id="15207008-4087" start="15806">RHAMM</span>
        </annotation>
        <annotation annotator="Mike Bada, University of Colorado School of Medicine" id="PR_reasoned_2017_04_17_Instance_11807" type="identity">
            <class id="PR:000008212" label="glutathione peroxidase 3"/>
            <span end="15863" id="15207008-4089" start="15859">GPX3</span>
        </annotation>
        <annotation annotator="Mike Bada, University of Colorado School of Medicine" id="PR_reasoned_2017_04_17_Instance_11809" type="identity">
            <class id="PR:000011245" label="homeobox protein Nkx-2.5"/>
            <span end="15873" id="15207008-4091" start="15868">NKX2E</span>
        </annotation>
        <annotation annotator="Mike Bada, University of Colorado School of Medicine" id="PR_reasoned_2017_04_17_Instance_11811" type="identity">
            <class id="PR:000008212" label="glutathione peroxidase 3"/>
            <span end="16412" id="15207008-4093" start="16408">GPX3</span>
        </annotation>
        <annotation annotator="Mike Bada, University of Colorado School of Medicine" id="PR_reasoned_2017_04_17_Instance_11813" type="identity">
            <class id="PR:000011245" label="homeobox protein Nkx-2.5"/>
            <span end="16422" id="15207008-4095" start="16417">NKX2E</span>
        </annotation>
        <annotation annotator="Mike Bada, University of Colorado School of Medicine" id="PR_reasoned_2017_04_17_Instance_11815" type="identity">
            <class id="PR:000008258" label="G protein-coupled receptor kinase 4"/>
            <span end="17390" id="15207008-4097" start="17384">GPRK2L</span>
        </annotation>
        <annotation annotator="Mike Bada, University of Colorado School of Medicine" id="PR_reasoned_2017_04_17_Instance_11817" type="identity">
            <class id="PR:000013947" label="regulator of G-protein signaling 12"/>
            <span end="17400" id="15207008-4099" start="17395">RGS12</span>
        </annotation>
        <annotation annotator="Mike Bada, University of Colorado School of Medicine" id="PR_reasoned_2017_04_17_Instance_11819" type="identity">
            <class id="PR:000001450" label="fibroblast growth factor receptor 3"/>
            <span end="17544" id="15207008-4101" start="17539">FGFR3</span>
        </annotation>
        <annotation annotator="Mike Bada, University of Colorado School of Medicine" id="PR_reasoned_2017_04_17_Instance_11821" type="identity">
            <class id="PR:000016008" label="transforming acidic coiled-coil-containing protein 3"/>
            <span end="17766" id="15207008-4103" start="17761">TACC3</span>
        </annotation>
        <annotation annotator="Mike Bada, University of Colorado School of Medicine" id="PR_reasoned_2017_04_17_Instance_11823" type="identity">
            <class id="PR:000007506" label="fibroblast growth factor receptor-like 1"/>
            <span end="17776" id="15207008-4105" start="17771">FGFRL</span>
        </annotation>
        <annotation annotator="Mike Bada, University of Colorado School of Medicine" id="PR_reasoned_2017_04_17_Instance_11825" type="identity">
            <class id="PR:000008260" label="G protein-coupled receptor kinase 6"/>
            <span end="17913" id="15207008-4107" start="17908">GPRK6</span>
        </annotation>
        <annotation annotator="Mike Bada, University of Colorado School of Medicine" id="PR_reasoned_2017_04_17_Instance_11827" type="identity">
            <class id="PR:000011441" label="histone-lysine N-methyltransferase, H3 lysine-36 and H4 lysine-20 specific"/>
            <span end="18017" id="15207008-4109" start="18013">NSD1</span>
        </annotation>
        <annotation annotator="Mike Bada, University of Colorado School of Medicine" id="PR_reasoned_2017_04_17_Instance_11829" type="identity">
            <class id="PR:000001451" label="fibroblast growth factor receptor 4"/>
            <span end="18024" id="15207008-4111" start="18019">FGFR4</span>
        </annotation>
        <annotation annotator="Mike Bada, University of Colorado School of Medicine" id="PR_reasoned_2017_04_17_Instance_11831" type="identity">
            <class id="PR:000016006" label="transforming acidic coiled-coil-containing protein 1"/>
            <span end="18280" id="15207008-4113" start="18275">TACC1</span>
        </annotation>
        <annotation annotator="Mike Bada, University of Colorado School of Medicine" id="PR_reasoned_2017_04_17_Instance_11833" type="identity">
            <class id="PR:000016006" label="transforming acidic coiled-coil-containing protein 1"/>
            <span end="18530" id="15207008-4115" start="18525">TACC1</span>
        </annotation>
        <annotation annotator="Mike Bada, University of Colorado School of Medicine" id="PR_reasoned_2017_04_17_Instance_11835" type="identity">
            <class id="PR:000010686" label="homeobox protein MSX-1"/>
            <span end="18747" id="15207008-4117" start="18743">MSX1</span>
        </annotation>
        <annotation annotator="Mike Bada, University of Colorado School of Medicine" id="PR_reasoned_2017_04_17_Instance_11837" type="identity">
            <class id="PR:000015790" label="syntaxin-18"/>
            <span end="18754" id="15207008-4119" start="18749">STX18</span>
        </annotation>
        <annotation annotator="Mike Bada, University of Colorado School of Medicine" id="PR_reasoned_2017_04_17_Instance_120292" type="identity">
            <class id="PR:000009884" label="lysyl oxidase homolog 1"/>
            <span end="18844" id="15207008-4287" start="18840">LOXL</span>
        </annotation>
        <annotation annotator="Mike Bada, University of Colorado School of Medicine" id="PR_reasoned_2017_04_17_Instance_11839" type="identity">
            <class id="PR:000007232" label="ellis-van Creveld syndrome protein"/>
            <span end="18849" id="15207008-4121" start="18846">EVC</span>
        </annotation>
        <annotation annotator="Mike Bada, University of Colorado School of Medicine" id="PR_reasoned_2017_04_17_Instance_11841" type="identity">
            <class id="PR:000016008" label="transforming acidic coiled-coil-containing protein 3"/>
            <span end="19001" id="15207008-4123" start="18996">TACC3</span>
        </annotation>
        <annotation annotator="Mike Bada, University of Colorado School of Medicine" id="PR_reasoned_2017_04_17_Instance_11843" type="identity">
            <class id="PR:000016007" label="transforming acidic coiled-coil-containing protein 2"/>
            <span end="19011" id="15207008-4125" start="19006">TACC2</span>
        </annotation>
        <annotation annotator="Mike Bada, University of Colorado School of Medicine" id="PR_reasoned_2017_04_17_Instance_120294" type="identity">
            <class id="PR:000030426" label="histone-lysine N-methyltransferase NSD2"/>
            <span end="19565" id="15207008-4289" start="19560">WHSC1</span>
        </annotation>
        <annotation annotator="Mike Bada, University of Colorado School of Medicine" id="PR_reasoned_2017_04_17_Instance_11845" type="identity">
            <class id="PR:000005841" label="carboxypeptidase Z"/>
            <span end="19585" id="15207008-4127" start="19567">carboxypeptidase Z</span>
        </annotation>
        <annotation annotator="Mike Bada, University of Colorado School of Medicine" id="PR_reasoned_2017_04_17_Instance_11847" type="identity">
            <class id="PR:000001856" label="hyaluronan mediated motility receptor"/>
            <span end="19916" id="15207008-4129" start="19911">RHAMM</span>
        </annotation>
        <annotation annotator="Mike Bada, University of Colorado School of Medicine" id="PR_reasoned_2017_04_17_Instance_11849" type="identity">
            <class id="PR:000001450" label="fibroblast growth factor receptor 3"/>
            <span end="20350" id="15207008-4131" start="20345">FGFR3</span>
        </annotation>
        <annotation annotator="Mike Bada, University of Colorado School of Medicine" id="PR_reasoned_2017_04_17_Instance_11851" type="identity">
            <class id="PR:000016006" label="transforming acidic coiled-coil-containing protein 1"/>
            <span end="21241" id="15207008-4133" start="21236">TACC1</span>
        </annotation>
        <annotation annotator="Mike Bada, University of Colorado School of Medicine" id="PR_reasoned_2017_04_17_Instance_11853" type="identity">
            <class id="PR:000016007" label="transforming acidic coiled-coil-containing protein 2"/>
            <span end="21247" id="15207008-4135" start="21242">TACC2</span>
        </annotation>
        <annotation annotator="Mike Bada, University of Colorado School of Medicine" id="PR_reasoned_2017_04_17_Instance_11855" type="identity">
            <class id="PR:000016006" label="transforming acidic coiled-coil-containing protein 1"/>
            <span end="21667" id="15207008-4137" start="21662">TACC1</span>
        </annotation>
        <annotation annotator="Mike Bada, University of Colorado School of Medicine" id="PR_reasoned_2017_04_17_Instance_11857" type="identity">
            <class id="PR:000017527" label="YEATS domain-containing protein 4"/>
            <span end="21692" id="15207008-4139" start="21687">GAS41</span>
        </annotation>
        <annotation annotator="Mike Bada, University of Colorado School of Medicine" id="PR_reasoned_2017_04_17_Instance_11859" type="identity">
            <class id="PR:000005512" label="cytoskeleton-associated protein 5"/>
            <span end="21750" id="15207008-4141" start="21744">ch-TOG</span>
        </annotation>
        <annotation annotator="Mike Bada, University of Colorado School of Medicine" id="PR_reasoned_2017_04_17_Instance_120296" type="identity">
            <class id="PR:000035365" label="aurora kinase"/>
            <span end="21784" id="15207008-4291" start="21770">Aurora kinases</span>
        </annotation>
        <annotation annotator="Mike Bada, University of Colorado School of Medicine" id="PR_reasoned_2017_04_17_Instance_11861" type="identity">
            <class id="PR:000016008" label="transforming acidic coiled-coil-containing protein 3"/>
            <span end="23438" id="15207008-4143" start="23433">TACC3</span>
        </annotation>
        <annotation annotator="Mike Bada, University of Colorado School of Medicine" id="PR_reasoned_2017_04_17_Instance_11863" type="identity">
            <class id="PR:000016008" label="transforming acidic coiled-coil-containing protein 3"/>
            <span end="23566" id="15207008-4145" start="23559">TACC3's</span>
        </annotation>
        <annotation annotator="Mike Bada, University of Colorado School of Medicine" id="PR_reasoned_2017_04_17_Instance_11865" type="identity">
            <class id="PR:000017527" label="YEATS domain-containing protein 4"/>
            <span end="23705" id="15207008-4147" start="23700">GAS41</span>
        </annotation>
        <annotation annotator="Mike Bada, University of Colorado School of Medicine" id="PR_reasoned_2017_04_17_Instance_11867" type="identity">
            <class id="PR:000016008" label="transforming acidic coiled-coil-containing protein 3"/>
            <span end="23758" id="15207008-4149" start="23753">TACC3</span>
        </annotation>
        <annotation annotator="Mike Bada, University of Colorado School of Medicine" id="PR_reasoned_2017_04_17_Instance_11869" type="identity">
            <class id="PR:000016008" label="transforming acidic coiled-coil-containing protein 3"/>
            <span end="23877" id="15207008-4151" start="23872">TACC3</span>
        </annotation>
        <annotation annotator="Mike Bada, University of Colorado School of Medicine" id="PR_reasoned_2017_04_17_Instance_11871" type="identity">
            <class id="PR:000016008" label="transforming acidic coiled-coil-containing protein 3"/>
            <span end="24020" id="15207008-4153" start="24015">TACC3</span>
        </annotation>
        <annotation annotator="Mike Bada, University of Colorado School of Medicine" id="PR_reasoned_2017_04_17_Instance_11873" type="identity">
            <class id="PR:000016008" label="transforming acidic coiled-coil-containing protein 3"/>
            <span end="24039" id="15207008-4155" start="24034">TACC3</span>
        </annotation>
        <annotation annotator="Mike Bada, University of Colorado School of Medicine" id="PR_reasoned_2017_04_17_Instance_11875" type="identity">
            <class id="PR:000016008" label="transforming acidic coiled-coil-containing protein 3"/>
            <span end="24182" id="15207008-4157" start="24177">TACC3</span>
        </annotation>
        <annotation annotator="Mike Bada, University of Colorado School of Medicine" id="PR_reasoned_2017_04_17_Instance_11877" type="identity">
            <class id="PR:000016008" label="transforming acidic coiled-coil-containing protein 3"/>
            <span end="24379" id="15207008-4159" start="24374">TACC3</span>
        </annotation>
        <annotation annotator="Mike Bada, University of Colorado School of Medicine" id="PR_reasoned_2017_04_17_Instance_11879" type="identity">
            <class id="PR:000016008" label="transforming acidic coiled-coil-containing protein 3"/>
            <span end="24809" id="15207008-4161" start="24804">TACC3</span>
        </annotation>
        <annotation annotator="Mike Bada, University of Colorado School of Medicine" id="PR_reasoned_2017_04_17_Instance_11881" type="identity">
            <class id="PR:000016008" label="transforming acidic coiled-coil-containing protein 3"/>
            <span end="24880" id="15207008-4163" start="24875">TACC3</span>
        </annotation>
        <annotation annotator="Mike Bada, University of Colorado School of Medicine" id="PR_reasoned_2017_04_17_Instance_11883" type="identity">
            <class id="PR:000016008" label="transforming acidic coiled-coil-containing protein 3"/>
            <span end="25400" id="15207008-4165" start="25395">TACC3</span>
        </annotation>
        <annotation annotator="Mike Bada, University of Colorado School of Medicine" id="PR_reasoned_2017_04_17_Instance_11885" type="identity">
            <class id="PR:000016008" label="transforming acidic coiled-coil-containing protein 3"/>
            <span end="25490" id="15207008-4167" start="25485">TACC3</span>
        </annotation>
        <annotation annotator="Mike Bada, University of Colorado School of Medicine" id="PR_reasoned_2017_04_17_Instance_11889" type="identity">
            <class id="PR:000016008" label="transforming acidic coiled-coil-containing protein 3"/>
            <span end="25865" id="15207008-4169" start="25860">TACC3</span>
        </annotation>
        <annotation annotator="Mike Bada, University of Colorado School of Medicine" id="PR_reasoned_2017_04_17_Instance_11891" type="identity">
            <class id="PR:000016006" label="transforming acidic coiled-coil-containing protein 1"/>
            <span end="25962" id="15207008-4171" start="25957">TACC1</span>
        </annotation>
        <annotation annotator="Mike Bada, University of Colorado School of Medicine" id="PR_reasoned_2017_04_17_Instance_11893" type="identity">
            <class id="PR:000016007" label="transforming acidic coiled-coil-containing protein 2"/>
            <span end="25972" id="15207008-4173" start="25967">TACC2</span>
        </annotation>
        <annotation annotator="Mike Bada, University of Colorado School of Medicine" id="PR_reasoned_2017_04_17_Instance_11895" type="identity">
            <class id="PR:000016007" label="transforming acidic coiled-coil-containing protein 2"/>
            <span end="26000" id="15207008-4175" start="25995">TACC2</span>
        </annotation>
        <annotation annotator="Mike Bada, University of Colorado School of Medicine" id="PR_reasoned_2017_04_17_Instance_11897" type="identity">
            <class id="PR:000016007" label="transforming acidic coiled-coil-containing protein 2"/>
            <span end="26124" id="15207008-4177" start="26119">TACC2</span>
        </annotation>
        <annotation annotator="Mike Bada, University of Colorado School of Medicine" id="PR_reasoned_2017_04_17_Instance_11899" type="identity">
            <class id="PR:000016007" label="transforming acidic coiled-coil-containing protein 2"/>
            <span end="26234" id="15207008-4179" start="26229">TACC2</span>
        </annotation>
        <annotation annotator="Mike Bada, University of Colorado School of Medicine" id="PR_reasoned_2017_04_17_Instance_11901" type="identity">
            <class id="PR:000016007" label="transforming acidic coiled-coil-containing protein 2"/>
            <span end="26317" id="15207008-4181" start="26312">TACC2</span>
        </annotation>
        <annotation annotator="Mike Bada, University of Colorado School of Medicine" id="PR_reasoned_2017_04_17_Instance_11903" type="identity">
            <class id="PR:000016006" label="transforming acidic coiled-coil-containing protein 1"/>
            <span end="26361" id="15207008-4183" start="26356">TACC1</span>
        </annotation>
        <annotation annotator="Mike Bada, University of Colorado School of Medicine" id="PR_reasoned_2017_04_17_Instance_11905" type="identity">
            <class id="PR:000016006" label="transforming acidic coiled-coil-containing protein 1"/>
            <span end="26549" id="15207008-4185" start="26544">TACC1</span>
        </annotation>
        <annotation annotator="Mike Bada, University of Colorado School of Medicine" id="PR_reasoned_2017_04_17_Instance_11907" type="identity">
            <class id="PR:000016006" label="transforming acidic coiled-coil-containing protein 1"/>
            <span end="26632" id="15207008-4187" start="26627">TACC1</span>
        </annotation>
        <annotation annotator="Mike Bada, University of Colorado School of Medicine" id="PR_reasoned_2017_04_17_Instance_11909" type="identity">
            <class id="PR:000009965" label="U6 snRNA-associated Sm-like protein LSm7"/>
            <span end="26841" id="15207008-4189" start="26837">LSm7</span>
        </annotation>
        <annotation annotator="Mike Bada, University of Colorado School of Medicine" id="PR_reasoned_2017_04_17_Instance_11911" type="identity">
            <class id="PR:000017527" label="YEATS domain-containing protein 4"/>
            <span end="26935" id="15207008-4191" start="26930">GAS41</span>
        </annotation>
        <annotation annotator="Mike Bada, University of Colorado School of Medicine" id="PR_reasoned_2017_04_17_Instance_120298" type="identity">
            <class id="PR:000029784" label="tudor domain-containing protein 7"/>
            <span end="26955" id="15207008-4293" start="26945">PCTAIRE2BP</span>
        </annotation>
        <annotation annotator="Mike Bada, University of Colorado School of Medicine" id="PR_reasoned_2017_04_17_Instance_11913" type="identity">
            <class id="PR:000016006" label="transforming acidic coiled-coil-containing protein 1"/>
            <span end="27254" id="15207008-4193" start="27249">TACC1</span>
        </annotation>
        <annotation annotator="Mike Bada, University of Colorado School of Medicine" id="PR_reasoned_2017_04_17_Instance_11915" type="identity">
            <class id="PR:000016006" label="transforming acidic coiled-coil-containing protein 1"/>
            <span end="27531" id="15207008-4195" start="27526">TACC1</span>
        </annotation>
        <annotation annotator="Mike Bada, University of Colorado School of Medicine" id="PR_reasoned_2017_04_17_Instance_11917" type="identity">
            <class id="PR:000016006" label="transforming acidic coiled-coil-containing protein 1"/>
            <span end="27601" id="15207008-4197" start="27596">TACC1</span>
        </annotation>
        <annotation annotator="Mike Bada, University of Colorado School of Medicine" id="PR_reasoned_2017_04_17_Instance_11919" type="identity">
            <class id="PR:000016006" label="transforming acidic coiled-coil-containing protein 1"/>
            <span end="27769" id="15207008-4199" start="27764">TACC1</span>
        </annotation>
        <annotation annotator="Mike Bada, University of Colorado School of Medicine" id="PR_reasoned_2017_04_17_Instance_11921" type="identity">
            <class id="PR:000009965" label="U6 snRNA-associated Sm-like protein LSm7"/>
            <span end="28015" id="15207008-4201" start="28010">L-Sm7</span>
        </annotation>
        <annotation annotator="Mike Bada, University of Colorado School of Medicine" id="PR_reasoned_2017_04_17_Instance_11923" type="identity">
            <class id="PR:000017527" label="YEATS domain-containing protein 4"/>
            <span end="28231" id="15207008-4203" start="28226">GAS41</span>
        </annotation>
        <annotation annotator="Mike Bada, University of Colorado School of Medicine" id="PR_reasoned_2017_04_17_Instance_120300" type="identity">
            <class id="PR:000029784" label="tudor domain-containing protein 7"/>
            <span end="28246" id="15207008-4297" start="28236">PCTAIRE2BP</span>
        </annotation>
        <annotation annotator="Mike Bada, University of Colorado School of Medicine" id="PR_reasoned_2017_04_17_Instance_11925" type="identity">
            <class id="PR:000005512" label="cytoskeleton-associated protein 5"/>
            <span end="28338" id="15207008-4205" start="28332">ch-TOG</span>
        </annotation>
        <annotation annotator="Mike Bada, University of Colorado School of Medicine" id="PR_reasoned_2017_04_17_Instance_11927" type="identity">
            <class id="PR:000004515" label="aurora kinase A"/>
            <span end="28358" id="15207008-4207" start="28343">Aurora A kinase</span>
        </annotation>
        <annotation annotator="Mike Bada, University of Colorado School of Medicine" id="PR_reasoned_2017_04_17_Instance_120302" type="identity">
            <class id="PR:P39723" label="spindle pole component SPC72 (yeast)"/>
            <span end="29206" id="15207008-4299" start="29200">spc-72</span>
        </annotation>
        <annotation annotator="Mike Bada, University of Colorado School of Medicine" id="PR_reasoned_2017_04_17_Instance_120304" type="identity">
            <class id="PR:P46675" label="protein STU2 (yeast)"/>
            <span end="29396" id="15207008-4301" start="29392">stu2</span>
        </annotation>
        <annotation annotator="Mike Bada, University of Colorado School of Medicine" id="PR_reasoned_2017_04_17_Instance_120306" type="identity">
            <class id="PR:Q9VEZ3" label="protein mini spindles (fruit fly)"/>
            <span end="29401" id="15207008-4303" start="29397">msps</span>
        </annotation>
        <annotation annotator="Mike Bada, University of Colorado School of Medicine" id="PR_reasoned_2017_04_17_Instance_11929" type="identity">
            <class id="PR:000005512" label="cytoskeleton-associated protein 5"/>
            <span end="29408" id="15207008-4209" start="29402">ch-TOG</span>
        </annotation>
        <annotation annotator="Mike Bada, University of Colorado School of Medicine" id="PR_reasoned_2017_04_17_Instance_120308" type="identity">
            <class id="PR:000035365" label="aurora kinase"/>
            <span end="29456" id="15207008-4305" start="29442">Aurora kinases</span>
        </annotation>
        <annotation annotator="Mike Bada, University of Colorado School of Medicine" id="PR_reasoned_2017_04_17_Instance_120310" type="identity">
            <class id="PR:P39723" label="spindle pole component SPC72 (yeast)"/>
            <span end="29542" id="15207008-4307" start="29537">spc72</span>
        </annotation>
        <annotation annotator="Mike Bada, University of Colorado School of Medicine" id="PR_reasoned_2017_04_17_Instance_11935" type="identity">
            <class id="PR:000016008" label="transforming acidic coiled-coil-containing protein 3"/>
            <span end="29560" id="15207008-4215" start="29555">TACC3</span>
        </annotation>
        <annotation annotator="Mike Bada, University of Colorado School of Medicine" id="PR_reasoned_2017_04_17_Instance_120312" type="identity">
            <class id="PR:000035365" label="aurora kinase"/>
            <span end="29868" id="15207008-4309" start="29854">Aurora kinases</span>
        </annotation>
        <annotation annotator="Mike Bada, University of Colorado School of Medicine" id="PR_reasoned_2017_04_17_Instance_11933" type="identity">
            <class id="PR:000016006" label="transforming acidic coiled-coil-containing protein 1"/>
            <span end="29889" id="15207008-4213" start="29884">TACC1</span>
        </annotation>
        <annotation annotator="Mike Bada, University of Colorado School of Medicine" id="PR_reasoned_2017_04_17_Instance_11937" type="identity">
            <class id="PR:000016008" label="transforming acidic coiled-coil-containing protein 3"/>
            <span end="29899" id="15207008-4217" start="29894">TACC3</span>
        </annotation>
        <annotation annotator="Mike Bada, University of Colorado School of Medicine" id="PR_reasoned_2017_04_17_Instance_11931" type="identity">
            <class id="PR:000004515" label="aurora kinase A"/>
            <span end="29929" id="15207008-4211" start="29914">Aurora A kinase</span>
        </annotation>
        <annotation annotator="Mike Bada, University of Colorado School of Medicine" id="PR_reasoned_2017_04_17_Instance_11939" type="identity">
            <class id="PR:000016007" label="transforming acidic coiled-coil-containing protein 2"/>
            <span end="29944" id="15207008-4219" start="29939">TACC2</span>
        </annotation>
        <annotation annotator="Mike Bada, University of Colorado School of Medicine" id="PR_reasoned_2017_04_17_Instance_11941" type="identity">
            <class id="PR:000004518" label="aurora kinase C"/>
            <span end="29975" id="15207008-4221" start="29960">Aurora C kinase</span>
        </annotation>
        <annotation annotator="Mike Bada, University of Colorado School of Medicine" id="PR_reasoned_2017_04_17_Instance_120316" type="identity">
            <class id="PR:P34427" label="protein lin-36 (Caenorhabditis elegans)"/>
            <span end="30737" id="15207008-4313" start="30727">C. elegans</span>
            <span end="30751" id="15207008-4314" start="30746">lin36</span>
        </annotation>
        <annotation annotator="Mike Bada, University of Colorado School of Medicine" id="PR_reasoned_2017_04_17_Instance_120314" type="identity">
            <class id="PR:Q27365" label="protein lin-15A (Caenorhabditis elegans)"/>
            <span end="30744" id="15207008-4311" start="30727">C. elegans lin15A</span>
        </annotation>
        <annotation annotator="Mike Bada, University of Colorado School of Medicine" id="PR_reasoned_2017_04_17_Instance_11943" type="identity">
            <class id="PR:000009822" label="protein lin-37"/>
            <span end="30761" id="15207008-4223" start="30756">lin37</span>
        </annotation>
        <annotation annotator="Mike Bada, University of Colorado School of Medicine" id="PR_reasoned_2017_04_17_Instance_121114" type="identity">
            <class id="PR:000043452" label="core histone"/>
            <span end="30912" id="15207008-4482" start="30905">histone</span>
        </annotation>
        <annotation annotator="Mike Bada, University of Colorado School of Medicine" id="PR_reasoned_2017_04_17_Instance_120320" type="identity">
            <class id="PR:000006937" label="early growth response protein 1"/>
            <span end="30969" id="15207008-4318" start="30964">egr-1</span>
        </annotation>
        <annotation annotator="Mike Bada, University of Colorado School of Medicine" id="PR_reasoned_2017_04_17_Instance_120322" type="identity">
            <class id="PR:P90916" label="histone-binding protein lin-53 (Caenorhabditis elegans)"/>
            <span end="30980" id="15207008-4320" start="30974">lin-53</span>
        </annotation>
        <annotation annotator="Mike Bada, University of Colorado School of Medicine" id="PR_reasoned_2017_04_17_Instance_11947" type="identity">
            <class id="PR:000010707" label="metastasis-associated protein MTA1"/>
            <span end="31026" id="15207008-4227" start="31021">MTA-1</span>
        </annotation>
        <annotation annotator="Mike Bada, University of Colorado School of Medicine" id="PR_reasoned_2017_04_17_Instance_11945" type="identity">
            <class id="PR:000013776" label="histone-binding protein RBBP4"/>
            <span end="31037" id="15207008-4225" start="31031">RbAP48</span>
        </annotation>
        <annotation annotator="Mike Bada, University of Colorado School of Medicine" id="PR_reasoned_2017_04_17_Instance_120324" type="identity">
            <class id="PR:P34766" label="homeobox protein pal-1 (Caenorhabditis elegans)"/>
            <span end="31085" id="15207008-4322" start="31081">PAL1</span>
        </annotation>
        <annotation annotator="Mike Bada, University of Colorado School of Medicine" id="PR_reasoned_2017_04_17_Instance_120326" type="identity">
            <class id="PR:Q965W2" label="nuclear hormone receptor family member nhr-86 (Caenorhabditis elegans)"/>
            <span end="31134" id="15207008-4324" start="31128">nhr-86</span>
        </annotation>
        <annotation annotator="Mike Bada, University of Colorado School of Medicine" id="PR_reasoned_2017_04_17_Instance_11951" type="identity">
            <class id="PR:000004642" label="BRCA1-associated RING domain protein 1"/>
            <span end="31549" id="15207008-4229" start="31544">BARD1</span>
        </annotation>
        <annotation annotator="Mike Bada, University of Colorado School of Medicine" id="PR_reasoned_2017_04_17_Instance_120328" type="identity">
            <class id="PR:P46675" label="protein STU2 (yeast)"/>
            <span end="31802" id="15207008-4326" start="31798">stu2</span>
        </annotation>
        <annotation annotator="Mike Bada, University of Colorado School of Medicine" id="PR_reasoned_2017_04_17_Instance_120330" type="identity">
            <class id="PR:Q9VEZ3" label="protein mini spindles (fruit fly)"/>
            <span end="31807" id="15207008-4328" start="31803">msps</span>
        </annotation>
        <annotation annotator="Mike Bada, University of Colorado School of Medicine" id="PR_reasoned_2017_04_17_Instance_11953" type="identity">
            <class id="PR:000005512" label="cytoskeleton-associated protein 5"/>
            <span end="31814" id="15207008-4231" start="31808">ch-TOG</span>
        </annotation>
        <annotation annotator="Mike Bada, University of Colorado School of Medicine" id="PR_reasoned_2017_04_17_Instance_121116" type="identity">
            <class id="PR:000043452" label="core histone"/>
            <span end="32198" id="15207008-4484" start="32191">histone</span>
        </annotation>
        <annotation annotator="Mike Bada, University of Colorado School of Medicine" id="PR_reasoned_2017_04_17_Instance_11957" type="identity">
            <class id="PR:000014373" label="retinoic acid receptor RXR-beta"/>
            <span end="32460" id="15207008-4233" start="32456">RXRβ</span>
        </annotation>
        <annotation annotator="Mike Bada, University of Colorado School of Medicine" id="PR_reasoned_2017_04_17_Instance_120335" type="identity">
            <class id="PR:000035365" label="aurora kinase"/>
            <span end="32924" id="15207008-4330" start="32911">Aurora kinase</span>
        </annotation>
        <annotation annotator="Mike Bada, University of Colorado School of Medicine" id="PR_reasoned_2017_04_17_Instance_120337" type="identity">
            <class id="PR:Q27365" label="protein lin-15A (Caenorhabditis elegans)"/>
            <span end="33331" id="15207008-4332" start="33325">lin15A</span>
        </annotation>
        <annotation annotator="Mike Bada, University of Colorado School of Medicine" id="PR_reasoned_2017_04_17_Instance_120339" type="identity">
            <class id="PR:P34427" label="protein lin-36 (Caenorhabditis elegans)"/>
            <span end="33338" id="15207008-4336" start="33333">lin36</span>
        </annotation>
        <annotation annotator="Mike Bada, University of Colorado School of Medicine" id="PR_reasoned_2017_04_17_Instance_11959" type="identity">
            <class id="PR:000009822" label="protein lin-37"/>
            <span end="33348" id="15207008-4235" start="33343">lin37</span>
        </annotation>
        <annotation annotator="Mike Bada, University of Colorado School of Medicine" id="PR_reasoned_2017_04_17_Instance_120341" type="identity">
            <class id="PR:P34427" label="protein lin-36 (Caenorhabditis elegans)"/>
            <span end="33476" id="15207008-4338" start="33471">lin36</span>
        </annotation>
        <annotation annotator="Mike Bada, University of Colorado School of Medicine" id="PR_reasoned_2017_04_17_Instance_11963" type="identity">
            <class id="PR:000016057" label="TAR DNA-binding protein 43"/>
            <span end="33669" id="15207008-4237" start="33664">TDP43</span>
        </annotation>
        <annotation annotator="Mike Bada, University of Colorado School of Medicine" id="PR_reasoned_2017_04_17_Instance_11965" type="identity">
            <class id="PR:000016008" label="transforming acidic coiled-coil-containing protein 3"/>
            <span end="34981" id="15207008-4239" start="34976">TACC3</span>
        </annotation>
        <annotation annotator="Mike Bada, University of Colorado School of Medicine" id="PR_reasoned_2017_04_17_Instance_11967" type="identity">
            <class id="PR:000004515" label="aurora kinase A"/>
            <span end="35143" id="15207008-4241" start="35128">Aurora Kinase A</span>
        </annotation>
        <annotation annotator="Mike Bada, University of Colorado School of Medicine" id="PR_reasoned_2017_04_17_Instance_11969" type="identity">
            <class id="PR:000016008" label="transforming acidic coiled-coil-containing protein 3"/>
            <span end="35337" id="15207008-4243" start="35332">TACC3</span>
        </annotation>
        <annotation annotator="Mike Bada, University of Colorado School of Medicine" id="PR_reasoned_2017_04_17_Instance_13391" type="identity">
            <class id="PR:000006990" label="eukaryotic translation initiation factor 4E"/>
            <span end="35512" id="15207008-4506" start="35507">eIF4E</span>
        </annotation>
        <annotation annotator="Mike Bada, University of Colorado School of Medicine" id="PR_reasoned_2017_04_17_Instance_11975" type="identity">
            <class id="PR:000016008" label="transforming acidic coiled-coil-containing protein 3"/>
            <span end="35764" id="15207008-4245" start="35759">TACC3</span>
        </annotation>
        <annotation annotator="Mike Bada, University of Colorado School of Medicine" id="PR_reasoned_2017_04_17_Instance_13393" type="identity">
            <class id="PR:000006990" label="eukaryotic translation initiation factor 4E"/>
            <span end="35797" id="15207008-4508" start="35792">eIF4E</span>
        </annotation>
        <annotation annotator="Mike Bada, University of Colorado School of Medicine" id="PR_reasoned_2017_04_17_Instance_120343" type="identity">
            <class id="PR:000005805" label="cytoplasmic polyadenylation element-binding protein 1"/>
            <span end="35802" id="15207008-4340" start="35798">CPEB</span>
        </annotation>
        <annotation annotator="Mike Bada, University of Colorado School of Medicine" id="PR_reasoned_2017_04_17_Instance_13395" type="identity">
            <class id="PR:000006990" label="eukaryotic translation initiation factor 4E"/>
            <span end="35873" id="15207008-4510" start="35868">eIF4E</span>
        </annotation>
        <annotation annotator="Mike Bada, University of Colorado School of Medicine" id="PR_reasoned_2017_04_17_Instance_120345" type="identity">
            <class id="PR:000005805" label="cytoplasmic polyadenylation element-binding protein 1"/>
            <span end="35878" id="15207008-4342" start="35874">CPEB</span>
        </annotation>
        <annotation annotator="Mike Bada, University of Colorado School of Medicine" id="PR_reasoned_2017_04_17_Instance_11977" type="identity">
            <class id="PR:000016006" label="transforming acidic coiled-coil-containing protein 1"/>
            <span end="35907" id="15207008-4247" start="35902">TACC1</span>
        </annotation>
        <annotation annotator="Mike Bada, University of Colorado School of Medicine" id="PR_reasoned_2017_04_17_Instance_121118" type="identity">
            <class id="PR:000043452" label="core histone"/>
            <span end="36357" id="15207008-4486" start="36350">histone</span>
        </annotation>
        <annotation annotator="Mike Bada, University of Colorado School of Medicine" id="PR_reasoned_2017_04_17_Instance_120347" type="identity">
            <class id="PR:Q92830" label="histone acetyltransferase KAT2A (human)"/>
            <span end="36383" id="15207008-4344" start="36376">hGCN5L2</span>
        </annotation>
        <annotation annotator="Mike Bada, University of Colorado School of Medicine" id="PR_reasoned_2017_04_17_Instance_11981" type="identity">
            <class id="PR:000014373" label="retinoic acid receptor RXR-beta"/>
            <span end="36448" id="15207008-4249" start="36427">retinoid-X receptor β</span>
        </annotation>
        <annotation annotator="Mike Bada, University of Colorado School of Medicine" id="PR_reasoned_2017_04_17_Instance_11983" type="identity">
            <class id="PR:000016007" label="transforming acidic coiled-coil-containing protein 2"/>
            <span end="36506" id="15207008-4251" start="36501">TACC2</span>
        </annotation>
        <annotation annotator="Mike Bada, University of Colorado School of Medicine" id="PR_reasoned_2017_04_17_Instance_11987" type="identity">
            <class id="PR:000014373" label="retinoic acid receptor RXR-beta"/>
            <span end="36613" id="15207008-4253" start="36609">RXRβ</span>
        </annotation>
        <annotation annotator="Mike Bada, University of Colorado School of Medicine" id="PR_reasoned_2017_04_17_Instance_120349" type="identity">
            <class id="PR:Q965W2" label="nuclear hormone receptor family member nhr-86 (Caenorhabditis elegans)"/>
            <span end="36680" id="15207008-4346" start="36674">nhr-86</span>
        </annotation>
        <annotation annotator="Mike Bada, University of Colorado School of Medicine" id="PR_reasoned_2017_04_17_Instance_120351" type="identity">
            <class id="PR:P34427" label="protein lin-36 (Caenorhabditis elegans)"/>
            <span end="36751" id="15207008-4348" start="36746">lin36</span>
        </annotation>
        <annotation annotator="Mike Bada, University of Colorado School of Medicine" id="PR_reasoned_2017_04_17_Instance_11989" type="identity">
            <class id="PR:000004303" label="aryl hydrocarbon receptor nuclear translocator"/>
            <span end="37307" id="15207008-4255" start="37303">ARNT</span>
        </annotation>
        <annotation annotator="Mike Bada, University of Colorado School of Medicine" id="PR_reasoned_2017_04_17_Instance_11991" type="identity">
            <class id="PR:000017527" label="YEATS domain-containing protein 4"/>
            <span end="37418" id="15207008-4257" start="37413">GAS41</span>
        </annotation>
        <annotation annotator="Mike Bada, University of Colorado School of Medicine" id="PR_reasoned_2017_04_17_Instance_11993" type="identity">
            <class id="PR:000017527" label="YEATS domain-containing protein 4"/>
            <span end="37561" id="15207008-4259" start="37556">GAS41</span>
        </annotation>
        <annotation annotator="Mike Bada, University of Colorado School of Medicine" id="PR_reasoned_2017_04_17_Instance_120355" type="identity">
            <class id="PR:Q27365" label="protein lin-15A (Caenorhabditis elegans)"/>
            <span end="38200" id="15207008-4352" start="38194">lin15A</span>
        </annotation>
        <annotation annotator="Mike Bada, University of Colorado School of Medicine" id="PR_reasoned_2017_04_17_Instance_120353" type="identity">
            <class id="PR:P34427" label="protein lin-36 (Caenorhabditis elegans)"/>
            <span end="38207" id="15207008-4350" start="38202">lin36</span>
        </annotation>
        <annotation annotator="Mike Bada, University of Colorado School of Medicine" id="PR_reasoned_2017_04_17_Instance_11995" type="identity">
            <class id="PR:000009822" label="protein lin-37"/>
            <span end="38216" id="15207008-4261" start="38211">lin37</span>
        </annotation>
        <annotation annotator="Mike Bada, University of Colorado School of Medicine" id="PR_reasoned_2017_04_17_Instance_120357" type="identity">
            <class id="PR:Q27365" label="protein lin-15A (Caenorhabditis elegans)"/>
            <span end="38262" id="15207008-4354" start="38256">lin15A</span>
        </annotation>
        <annotation annotator="Mike Bada, University of Colorado School of Medicine" id="PR_reasoned_2017_04_17_Instance_120359" type="identity">
            <class id="PR:P34427" label="protein lin-36 (Caenorhabditis elegans)"/>
            <span end="38269" id="15207008-4358" start="38264">lin36</span>
        </annotation>
        <annotation annotator="Mike Bada, University of Colorado School of Medicine" id="PR_reasoned_2017_04_17_Instance_11997" type="identity">
            <class id="PR:000009822" label="protein lin-37"/>
            <span end="38279" id="15207008-4263" start="38274">lin37</span>
        </annotation>
        <annotation annotator="Mike Bada, University of Colorado School of Medicine" id="PR_reasoned_2017_04_17_Instance_12013" type="identity">
            <class id="PR:000016007" label="transforming acidic coiled-coil-containing protein 2"/>
            <span end="38492" id="15207008-4271" start="38486">TACC2s</span>
        </annotation>
        <annotation annotator="Mike Bada, University of Colorado School of Medicine" id="PR_reasoned_2017_04_17_Instance_12009" type="identity">
            <class id="PR:000016007" label="transforming acidic coiled-coil-containing protein 2"/>
            <span end="38617" id="15207008-4267" start="38612">TACC2</span>
        </annotation>
        <annotation annotator="Mike Bada, University of Colorado School of Medicine" id="PR_reasoned_2017_04_17_Instance_12003" type="identity">
            <class id="PR:000014373" label="retinoic acid receptor RXR-beta"/>
            <span end="38689" id="15207008-4265" start="38684">RXR-β</span>
        </annotation>
        <annotation annotator="Mike Bada, University of Colorado School of Medicine" id="PR_reasoned_2017_04_17_Instance_12011" type="identity">
            <class id="PR:000016007" label="transforming acidic coiled-coil-containing protein 2"/>
            <span end="38807" id="15207008-4269" start="38802">TACC2</span>
        </annotation>
        <annotation annotator="Mike Bada, University of Colorado School of Medicine" id="PR_reasoned_2017_04_17_Instance_120361" type="identity">
            <class id="PR:P39723" label="spindle pole component SPC72 (yeast)"/>
            <span end="39146" id="15207008-4360" start="39141">spc72</span>
        </annotation>
        <annotation annotator="Mike Bada, University of Colorado School of Medicine" id="PR_reasoned_2017_04_17_Instance_12015" type="identity">
            <class id="PR:000017527" label="YEATS domain-containing protein 4"/>
            <span end="39872" id="15207008-4273" start="39867">GAS41</span>
        </annotation>
        <annotation annotator="Mike Bada, University of Colorado School of Medicine" id="PR_reasoned_2017_04_17_Instance_12017" type="identity">
            <class id="PR:000016008" label="transforming acidic coiled-coil-containing protein 3"/>
            <span end="40060" id="15207008-4275" start="40055">TACC3</span>
        </annotation>
        <annotation annotator="Mike Bada, University of Colorado School of Medicine" id="PR_reasoned_2017_04_17_Instance_12019" type="identity">
            <class id="PR:000004303" label="aryl hydrocarbon receptor nuclear translocator"/>
            <span end="40110" id="15207008-4277" start="40106">ARNT</span>
        </annotation>
        <annotation annotator="Mike Bada, University of Colorado School of Medicine" id="PR_reasoned_2017_04_17_Instance_12021" type="identity">
            <class id="PR:000016008" label="transforming acidic coiled-coil-containing protein 3"/>
            <span end="40202" id="15207008-4279" start="40197">TACC3</span>
        </annotation>
        <annotation annotator="Mike Bada, University of Colorado School of Medicine" id="PR_reasoned_2017_04_17_Instance_14157" type="identity">
            <class id="PR:000002091" label="signal transducer and activator of transcription 5a"/>
            <span end="40273" id="15207008-4512" start="40268">STAT5</span>
        </annotation>
        <annotation annotator="Mike Bada, University of Colorado School of Medicine" id="PR_reasoned_2017_04_17_Instance_12025" type="identity">
            <class id="PR:000016007" label="transforming acidic coiled-coil-containing protein 2"/>
            <span end="40321" id="15207008-4283" start="40316">TACC2</span>
        </annotation>
        <annotation annotator="Mike Bada, University of Colorado School of Medicine" id="PR_reasoned_2017_04_17_Instance_12023" type="identity">
            <class id="PR:000016008" label="transforming acidic coiled-coil-containing protein 3"/>
            <span end="40331" id="15207008-4281" start="40326">TACC3</span>
        </annotation>
        <annotation annotator="Mike Bada, University of Colorado School of Medicine" id="PR_reasoned_2017_04_17_Instance_121120" type="identity">
            <class id="PR:000043452" label="core histone"/>
            <span end="40359" id="15207008-4488" start="40352">histone</span>
        </annotation>
        <annotation annotator="Mike Bada, University of Colorado School of Medicine" id="PR_reasoned_2017_04_17_Instance_121122" type="identity">
            <class id="PR:000043452" label="core histone"/>
            <span end="40582" id="15207008-4490" start="40575">histone</span>
        </annotation>
        <annotation annotator="Mike Bada, University of Colorado School of Medicine" id="PR_reasoned_2017_04_17_Instance_12027" type="identity">
            <class id="PR:000012332" label="histone acetyltransferase KAT2B"/>
            <span end="40605" id="15207008-4285" start="40601">pCAF</span>
        </annotation>
        <annotation annotator="Mike Bada, University of Colorado School of Medicine" id="PR_reasoned_2017_04_17_Instance_12029" type="identity">
            <class id="PR:000016006" label="transforming acidic coiled-coil-containing protein 1"/>
            <span end="40625" id="15207008-4295" start="40620">TACC1</span>
        </annotation>
        <annotation annotator="Mike Bada, University of Colorado School of Medicine" id="PR_reasoned_2017_04_17_Instance_121124" type="identity">
            <class id="PR:000043452" label="core histone"/>
            <span end="40707" id="15207008-4492" start="40700">histone</span>
        </annotation>
        <annotation annotator="Mike Bada, University of Colorado School of Medicine" id="PR_reasoned_2017_04_17_Instance_12031" type="identity">
            <class id="PR:000016006" label="transforming acidic coiled-coil-containing protein 1"/>
            <span end="40804" id="15207008-4316" start="40799">TACC1</span>
        </annotation>
        <annotation annotator="Mike Bada, University of Colorado School of Medicine" id="PR_reasoned_2017_04_17_Instance_12033" type="identity">
            <class id="PR:000009965" label="U6 snRNA-associated Sm-like protein LSm7"/>
            <span end="40863" id="15207008-4334" start="40858">LSm-7</span>
        </annotation>
        <annotation annotator="Mike Bada, University of Colorado School of Medicine" id="PR_reasoned_2017_04_17_Instance_12035" type="identity">
            <class id="PR:000015348" label="small nuclear ribonucleoprotein G"/>
            <span end="40871" id="15207008-4356" start="40868">SmG</span>
        </annotation>
        <annotation annotator="Mike Bada, University of Colorado School of Medicine" id="PR_reasoned_2017_04_17_Instance_12037" type="identity">
            <class id="PR:000016006" label="transforming acidic coiled-coil-containing protein 1"/>
            <span end="40917" id="15207008-4374" start="40912">TACC1</span>
        </annotation>
        <annotation annotator="Mike Bada, University of Colorado School of Medicine" id="PR_reasoned_2017_04_17_Instance_12039" type="identity">
            <class id="PR:000016006" label="transforming acidic coiled-coil-containing protein 1"/>
            <span end="40954" id="15207008-4396" start="40949">TACC1</span>
        </annotation>
        <annotation annotator="Mike Bada, University of Colorado School of Medicine" id="PR_reasoned_2017_04_17_Instance_12041" type="identity">
            <class id="PR:000016006" label="transforming acidic coiled-coil-containing protein 1"/>
            <span end="41238" id="15207008-4418" start="41233">TACC1</span>
        </annotation>
        <annotation annotator="Mike Bada, University of Colorado School of Medicine" id="PR_reasoned_2017_04_17_Instance_12043" type="identity">
            <class id="PR:000016007" label="transforming acidic coiled-coil-containing protein 2"/>
            <span end="41244" id="15207008-4420" start="41239">TACC2</span>
        </annotation>
        <annotation annotator="Mike Bada, University of Colorado School of Medicine" id="PR_reasoned_2017_04_17_Instance_12045" type="identity">
            <class id="PR:000016007" label="transforming acidic coiled-coil-containing protein 2"/>
            <span end="41368" id="15207008-4422" start="41363">TACC2</span>
        </annotation>
        <annotation annotator="Mike Bada, University of Colorado School of Medicine" id="PR_reasoned_2017_04_17_Instance_12047" type="identity">
            <class id="PR:000016008" label="transforming acidic coiled-coil-containing protein 3"/>
            <span end="41405" id="15207008-4424" start="41400">TACC3</span>
        </annotation>
        <annotation annotator="Mike Bada, University of Colorado School of Medicine" id="PR_reasoned_2017_04_17_Instance_12049" type="identity">
            <class id="PR:000017527" label="YEATS domain-containing protein 4"/>
            <span end="41428" id="15207008-4426" start="41423">GAS41</span>
        </annotation>
        <annotation annotator="Mike Bada, University of Colorado School of Medicine" id="PR_reasoned_2017_04_17_Instance_12053" type="identity">
            <class id="PR:000015262" label="SWI/SNF-related matrix-associated actin-dependent regulator of chromatin subfamily B member 1"/>
            <span end="41434" id="15207008-4430" start="41430">INI1</span>
        </annotation>
        <annotation annotator="Mike Bada, University of Colorado School of Medicine" id="PR_reasoned_2017_04_17_Instance_121126" type="identity">
            <class id="PR:000043452" label="core histone"/>
            <span end="41443" id="15207008-4494" start="41436">histone</span>
        </annotation>
        <annotation annotator="Mike Bada, University of Colorado School of Medicine" id="PR_reasoned_2017_04_17_Instance_12051" type="identity">
            <class id="PR:000014373" label="retinoic acid receptor RXR-beta"/>
            <span end="41508" id="15207008-4428" start="41504">RXRβ</span>
        </annotation>
        <annotation annotator="Mike Bada, University of Colorado School of Medicine" id="PR_reasoned_2017_04_17_Instance_12055" type="identity">
            <class id="PR:000001856" label="hyaluronan mediated motility receptor"/>
            <span end="41847" id="15207008-4432" start="41842">RHAMM</span>
        </annotation>
        <annotation annotator="Mike Bada, University of Colorado School of Medicine" id="PR_reasoned_2017_04_17_Instance_12057" type="identity">
            <class id="PR:000016008" label="transforming acidic coiled-coil-containing protein 3"/>
            <span end="42609" id="15207008-4434" start="42604">TACC3</span>
        </annotation>
        <annotation annotator="Mike Bada, University of Colorado School of Medicine" id="PR_reasoned_2017_04_17_Instance_12059" type="identity">
            <class id="PR:000016008" label="transforming acidic coiled-coil-containing protein 3"/>
            <span end="42688" id="15207008-4436" start="42683">TACC3</span>
        </annotation>
        <annotation annotator="Mike Bada, University of Colorado School of Medicine" id="PR_reasoned_2017_04_17_Instance_12061" type="identity">
            <class id="PR:000016008" label="transforming acidic coiled-coil-containing protein 3"/>
            <span end="42746" id="15207008-4438" start="42741">TACC3</span>
        </annotation>
        <annotation annotator="Mike Bada, University of Colorado School of Medicine" id="PR_reasoned_2017_04_17_Instance_12063" type="identity">
            <class id="PR:000016008" label="transforming acidic coiled-coil-containing protein 3"/>
            <span end="43074" id="15207008-4440" start="43069">TACC3</span>
        </annotation>
        <annotation annotator="Mike Bada, University of Colorado School of Medicine" id="PR_reasoned_2017_04_17_Instance_12065" type="identity">
            <class id="PR:000016008" label="transforming acidic coiled-coil-containing protein 3"/>
            <span end="43266" id="15207008-4442" start="43261">TACC3</span>
        </annotation>
        <annotation annotator="Mike Bada, University of Colorado School of Medicine" id="PR_reasoned_2017_04_17_Instance_12067" type="identity">
            <class id="PR:000016006" label="transforming acidic coiled-coil-containing protein 1"/>
            <span end="43730" id="15207008-4444" start="43725">TACC1</span>
        </annotation>
        <annotation annotator="Mike Bada, University of Colorado School of Medicine" id="PR_reasoned_2017_04_17_Instance_12069" type="identity">
            <class id="PR:000016006" label="transforming acidic coiled-coil-containing protein 1"/>
            <span end="44853" id="15207008-4446" start="44848">TACC1</span>
        </annotation>
        <annotation annotator="Mike Bada, University of Colorado School of Medicine" id="PR_reasoned_2017_04_17_Instance_12071" type="identity">
            <class id="PR:000016006" label="transforming acidic coiled-coil-containing protein 1"/>
            <span end="44900" id="15207008-4448" start="44895">TACC1</span>
        </annotation>
        <annotation annotator="Mike Bada, University of Colorado School of Medicine" id="PR_reasoned_2017_04_17_Instance_12073" type="identity">
            <class id="PR:000016006" label="transforming acidic coiled-coil-containing protein 1"/>
            <span end="44947" id="15207008-4450" start="44942">TACC1</span>
        </annotation>
        <annotation annotator="Mike Bada, University of Colorado School of Medicine" id="PR_reasoned_2017_04_17_Instance_12079" type="identity">
            <class id="PR:000016008" label="transforming acidic coiled-coil-containing protein 3"/>
            <span end="45034" id="15207008-4456" start="45029">TACC3</span>
        </annotation>
        <annotation annotator="Mike Bada, University of Colorado School of Medicine" id="PR_reasoned_2017_04_17_Instance_12081" type="identity">
            <class id="PR:000016008" label="transforming acidic coiled-coil-containing protein 3"/>
            <span end="45064" id="15207008-4458" start="45059">TACC3</span>
        </annotation>
        <annotation annotator="Mike Bada, University of Colorado School of Medicine" id="PR_reasoned_2017_04_17_Instance_12075" type="identity">
            <class id="PR:000016006" label="transforming acidic coiled-coil-containing protein 1"/>
            <span end="45183" id="15207008-4452" start="45178">TACC1</span>
        </annotation>
        <annotation annotator="Mike Bada, University of Colorado School of Medicine" id="PR_reasoned_2017_04_17_Instance_12083" type="identity">
            <class id="PR:000016008" label="transforming acidic coiled-coil-containing protein 3"/>
            <span end="45454" id="15207008-4460" start="45449">TACC3</span>
        </annotation>
        <annotation annotator="Mike Bada, University of Colorado School of Medicine" id="PR_reasoned_2017_04_17_Instance_12085" type="identity">
            <class id="PR:000016008" label="transforming acidic coiled-coil-containing protein 3"/>
            <span end="45486" id="15207008-4462" start="45481">TACC3</span>
        </annotation>
        <annotation annotator="Mike Bada, University of Colorado School of Medicine" id="PR_reasoned_2017_04_17_Instance_12087" type="identity">
            <class id="PR:000016008" label="transforming acidic coiled-coil-containing protein 3"/>
            <span end="45524" id="15207008-4464" start="45519">TACC3</span>
        </annotation>
        <annotation annotator="Mike Bada, University of Colorado School of Medicine" id="PR_reasoned_2017_04_17_Instance_12089" type="identity">
            <class id="PR:000016008" label="transforming acidic coiled-coil-containing protein 3"/>
            <span end="45559" id="15207008-4466" start="45554">TACC3</span>
        </annotation>
        <annotation annotator="Mike Bada, University of Colorado School of Medicine" id="PR_reasoned_2017_04_17_Instance_12077" type="identity">
            <class id="PR:000001856" label="hyaluronan mediated motility receptor"/>
            <span end="45595" id="15207008-4454" start="45590">RHAMM</span>
        </annotation>
        <annotation annotator="Mike Bada, University of Colorado School of Medicine" id="PR_reasoned_2017_04_17_Instance_12091" type="identity">
            <class id="PR:000001856" label="hyaluronan mediated motility receptor"/>
            <span end="45632" id="15207008-4468" start="45627">RHAMM</span>
        </annotation>
        <annotation annotator="Mike Bada, University of Colorado School of Medicine" id="PR_reasoned_2017_04_17_Instance_14159" type="identity">
            <class id="PR:000016579" label="tropomyosin alpha-1 chain"/>
            <span end="45705" id="15207008-4514" start="45701">TPM1</span>
        </annotation>
        <annotation annotator="Mike Bada, University of Colorado School of Medicine" id="PR_reasoned_2017_04_17_Instance_12093" type="identity">
            <class id="PR:000009312" label="kinesin-like protein KIF3B"/>
            <span end="45742" id="15207008-4470" start="45737">Kif3b</span>
        </annotation>
        <annotation annotator="Mike Bada, University of Colorado School of Medicine" id="PR_reasoned_2017_04_17_Instance_12095" type="identity">
            <class id="PR:000009289" label="kinesin-like protein KIF15"/>
            <span end="45778" id="15207008-4472" start="45774">klp2</span>
        </annotation>
        <annotation annotator="Mike Bada, University of Colorado School of Medicine" id="PR_reasoned_2017_04_17_Instance_12097" type="identity">
            <class id="PR:000001856" label="hyaluronan mediated motility receptor"/>
            <span end="45998" id="15207008-4474" start="45993">RHAMM</span>
        </annotation>
        <annotation annotator="Mike Bada, University of Colorado School of Medicine" id="PR_reasoned_2017_04_17_Instance_120371" type="identity">
            <class id="PR:O75410-1" label="transforming acidic coiled-coil-containing protein 1 isoform h1 (human)"/>
            <span end="46757" id="15207008-4366" start="46749">hsTACC1A</span>
        </annotation>
        <annotation annotator="Mike Bada, University of Colorado School of Medicine" id="PR_reasoned_2017_04_17_Instance_120369" type="identity">
            <class id="PR:O95359-4" label="transforming acidic coiled-coil-containing protein 2 isoform h4 (human)"/>
            <span end="46779" id="15207008-4364" start="46771">hsTACC2l</span>
        </annotation>
        <annotation annotator="Mike Bada, University of Colorado School of Medicine" id="PR_reasoned_2017_04_17_Instance_120373" type="identity">
            <class id="PR:O95359-1" label="transforming acidic coiled-coil-containing protein 2 isoform h1 (human)"/>
            <span end="46799" id="15207008-4368" start="46791">hsTACC2s</span>
        </annotation>
        <annotation annotator="Mike Bada, University of Colorado School of Medicine" id="PR_reasoned_2017_04_17_Instance_120363" type="identity">
            <class id="PR:Q9Y6A5" label="transforming acidic coiled-coil-containing protein 3 (human)"/>
            <span end="46819" id="15207008-4362" start="46812">hsTACC3</span>
        </annotation>
        <annotation annotator="Mike Bada, University of Colorado School of Medicine" id="PR_reasoned_2017_04_17_Instance_120375" type="identity">
            <class id="PR:Q9JJ11" label="transforming acidic coiled-coil-containing protein 3 (mouse)"/>
            <span end="46840" id="15207008-4370" start="46833">mmTACC3</span>
        </annotation>
        <annotation annotator="Mike Bada, University of Colorado School of Medicine" id="PR_reasoned_2017_04_17_Instance_120377" type="identity">
            <class id="PR:P39723" label="spindle pole component SPC72 (yeast)"/>
            <span end="46916" id="15207008-4372" start="46909">scSPC72</span>
        </annotation>
        <annotation annotator="Mike Bada, University of Colorado School of Medicine" id="PR_reasoned_2017_04_17_Instance_120379" type="identity">
            <class id="PR:O75330" label="hyaluronan mediated motility receptor (human)"/>
            <span end="46937" id="15207008-4376" start="46930">hsRHAMM</span>
        </annotation>
        <annotation annotator="Mike Bada, University of Colorado School of Medicine" id="PR_reasoned_2017_04_17_Instance_120381" type="identity">
            <class id="PR:Q00547" label="hyaluronan mediated motility receptor (mouse)"/>
            <span end="46958" id="15207008-4378" start="46951">mmRHAMM</span>
        </annotation>
        <annotation annotator="Mike Bada, University of Colorado School of Medicine" id="PR_reasoned_2017_04_17_Instance_120383" type="identity">
            <class id="PR:P97779" label="hyaluronan-mediated motility receptor (rat)"/>
            <span end="46979" id="15207008-4380" start="46972">rnRHAMM</span>
        </annotation>
        <annotation annotator="Mike Bada, University of Colorado School of Medicine" id="PR_reasoned_2017_04_17_Instance_120385" type="identity">
            <class id="PR:Q9W3V2" label="CG4557 protein (fruit fly)"/>
            <span end="47000" id="15207008-4382" start="46993">drRHAMM</span>
        </annotation>
        <annotation annotator="Mike Bada, University of Colorado School of Medicine" id="PR_reasoned_2017_04_17_Instance_120387" type="identity">
            <class id="PR:P09493" label="tropomyosin alpha-1 chain (human)"/>
            <span end="47084" id="15207008-4384" start="47078">hsTPM1</span>
        </annotation>
        <annotation annotator="Mike Bada, University of Colorado School of Medicine" id="PR_reasoned_2017_04_17_Instance_120389" type="identity">
            <class id="PR:P58771" label="tropomyosin alpha-1 chain (mouse)"/>
            <span end="47104" id="15207008-4386" start="47098">mmTPM1</span>
        </annotation>
        <annotation annotator="Mike Bada, University of Colorado School of Medicine" id="PR_reasoned_2017_04_17_Instance_120395" type="identity">
            <class id="PR:P04692" label="tropomyosin alpha-1 chain (rat)"/>
            <span end="47124" id="15207008-4392" start="47118">rnTPM1</span>
        </annotation>
        <annotation annotator="Mike Bada, University of Colorado School of Medicine" id="PR_reasoned_2017_04_17_Instance_120397" type="identity">
            <class id="PR:P13104" label="tropomyosin alpha-1 chain (zebrafish)"/>
            <span end="47142" id="15207008-4394" start="47136">drTPM1</span>
        </annotation>
        <annotation annotator="Mike Bada, University of Colorado School of Medicine" id="PR_reasoned_2017_04_17_Instance_120399" type="identity">
            <class id="PR:P17536" label="tropomyosin-1 (yeast)"/>
            <span end="47196" id="15207008-4398" start="47190">scTPM1</span>
        </annotation>
        <annotation annotator="Mike Bada, University of Colorado School of Medicine" id="PR_reasoned_2017_04_17_Instance_120391" type="identity">
            <class id="PR:Q9NS87" label="kinesin-like protein KIF15 (human)"/>
            <span end="47213" id="15207008-4388" start="47207">hsKLP2</span>
        </annotation>
        <annotation annotator="Mike Bada, University of Colorado School of Medicine" id="PR_reasoned_2017_04_17_Instance_120393" type="identity">
            <class id="PR:Q7TSP2" label="kinesin-like protein KIF15 (rat)"/>
            <span end="47233" id="15207008-4390" start="47226">rnKIF15</span>
        </annotation>
        <annotation annotator="Mike Bada, University of Colorado School of Medicine" id="PR_reasoned_2017_04_17_Instance_120401" type="identity">
            <class id="PR:P46863" label="kinesin-like protein Klp61F (fruit fly)"/>
            <span end="47271" id="15207008-4400" start="47265">dmKLP2</span>
        </annotation>
        <annotation annotator="Mike Bada, University of Colorado School of Medicine" id="PR_reasoned_2017_04_17_Instance_120403" type="identity">
            <class id="PR:Q9Y496" label="kinesin-like protein KIF3A (human)"/>
            <span end="47312" id="15207008-4402" start="47305">hsKIF3A</span>
        </annotation>
        <annotation annotator="Mike Bada, University of Colorado School of Medicine" id="PR_reasoned_2017_04_17_Instance_120405" type="identity">
            <class id="PR:P28741" label="kinesin-like protein KIF3A (mouse)"/>
            <span end="47330" id="15207008-4404" start="47323">mmKIF3A</span>
        </annotation>
        <annotation annotator="Mike Bada, University of Colorado School of Medicine" id="PR_reasoned_2017_04_17_Instance_120407" type="identity">
            <class id="PR:O15066" label="kinesin-like protein KIF3B (human)"/>
            <span end="47436" id="15207008-4406" start="47429">hsKIF3B</span>
        </annotation>
        <annotation annotator="Mike Bada, University of Colorado School of Medicine" id="PR_reasoned_2017_04_17_Instance_120409" type="identity">
            <class id="PR:Q61771" label="kinesin-like protein KIF3B (mouse)"/>
            <span end="47457" id="15207008-4408" start="47450">mmKIF3B</span>
        </annotation>
        <annotation annotator="Mike Bada, University of Colorado School of Medicine" id="PR_reasoned_2017_04_17_Instance_120411" type="identity">
            <class id="PR:P46867" label="kinesin-like protein Klp68D (fruit fly)"/>
            <span end="47499" id="15207008-4410" start="47492">dmKIF3B</span>
        </annotation>
        <annotation annotator="Mike Bada, University of Colorado School of Medicine" id="PR_reasoned_2017_04_17_Instance_120413" type="identity">
            <class id="PR:O14782" label="kinesin-like protein KIF3C (human)"/>
            <span end="47520" id="15207008-4412" start="47513">hsKIF3C</span>
        </annotation>
        <annotation annotator="Mike Bada, University of Colorado School of Medicine" id="PR_reasoned_2017_04_17_Instance_120415" type="identity">
            <class id="PR:O35066" label="kinesin-like protein KIF3C (mouse)"/>
            <span end="47541" id="15207008-4414" start="47534">mmKIF3C</span>
        </annotation>
        <annotation annotator="Mike Bada, University of Colorado School of Medicine" id="PR_reasoned_2017_04_17_Instance_120417" type="identity">
            <class id="PR:O55165" label="kinesin-like protein KIF3C (rat)"/>
            <span end="47562" id="15207008-4416" start="47555">rnKIF3C</span>
        </annotation>
        <annotation annotator="Mike Bada, University of Colorado School of Medicine" id="PR_reasoned_2017_04_17_Instance_12099" type="identity">
            <class id="PR:000016007" label="transforming acidic coiled-coil-containing protein 2"/>
            <span end="48365" id="15207008-4476" start="48360">TACC2</span>
        </annotation>
        <annotation annotator="Mike Bada, University of Colorado School of Medicine" id="PR_reasoned_2017_04_17_Instance_12101" type="identity">
            <class id="PR:000016007" label="transforming acidic coiled-coil-containing protein 2"/>
            <span end="48386" id="15207008-4478" start="48381">TACC2</span>
        </annotation>
        <annotation annotator="Mike Bada, University of Colorado School of Medicine" id="PR_reasoned_2017_04_17_Instance_12109" type="identity">
            <class id="PR:000016007" label="transforming acidic coiled-coil-containing protein 2"/>
            <span end="48496" id="15207008-4480" start="48491">TACC2</span>
        </annotation>
        <annotation annotator="Mike Bada, University of Colorado School of Medicine" id="PR_reasoned_2017_04_17_Instance_12113" type="identity">
            <class id="PR:000016007" label="transforming acidic coiled-coil-containing protein 2"/>
            <span end="49371" id="15207008-4496" start="49366">TACC2</span>
        </annotation>
        <annotation annotator="Mike Bada, University of Colorado School of Medicine" id="PR_reasoned_2017_04_17_Instance_12119" type="identity">
            <class id="PR:000001856" label="hyaluronan mediated motility receptor"/>
            <span end="49932" id="15207008-4498" start="49927">RHAMM</span>
        </annotation>
        <annotation annotator="Mike Bada, University of Colorado School of Medicine" id="PR_reasoned_2017_04_17_Instance_12125" type="identity">
            <class id="PR:000016008" label="transforming acidic coiled-coil-containing protein 3"/>
            <span end="49999" id="15207008-4504" start="49994">TACC3</span>
        </annotation>
        <annotation annotator="Mike Bada, University of Colorado School of Medicine" id="PR_reasoned_2017_04_17_Instance_12123" type="identity">
            <class id="PR:000016006" label="transforming acidic coiled-coil-containing protein 1"/>
            <span end="50035" id="15207008-4502" start="50030">TACC1</span>
        </annotation>
        <annotation annotator="Mike Bada, University of Colorado School of Medicine" id="PR_reasoned_2017_04_17_Instance_12121" type="identity">
            <class id="PR:000016007" label="transforming acidic coiled-coil-containing protein 2"/>
            <span end="50096" id="15207008-4500" start="50091">TACC2</span>
        </annotation>
        <graph-space id="Old Knowtator Relations"/>
    </document>
</knowtator-project>
