<?xml version="1.0" encoding="UTF-8" standalone="no"?>
<knowtator-project>
  <document id="15328533" text-file="15328533.txt">
    <annotation annotator="Mike Bada, University of Colorado School of Medicine" id="PR_reasoned_2017_04_17_Instance_13355" type="identity">
      <class id="PR:000013057" label="peroxisome proliferator-activated receptor delta"/>
      <span end="62" id="15328533-5834" start="57">PPARδ</span>
    </annotation>
    <annotation annotator="Mike Bada, University of Colorado School of Medicine" id="PR_reasoned_2017_04_17_Instance_13357" type="identity">
      <class id="PR:000013057" label="peroxisome proliferator-activated receptor delta"/>
      <span end="569" id="15328533-5836" start="525">peroxisome proliferator-activated receptor δ</span>
    </annotation>
    <annotation annotator="Mike Bada, University of Colorado School of Medicine" id="PR_reasoned_2017_04_17_Instance_13359" type="identity">
      <class id="PR:000013057" label="peroxisome proliferator-activated receptor delta"/>
      <span end="576" id="15328533-5838" start="571">PPARδ</span>
    </annotation>
    <annotation annotator="Mike Bada, University of Colorado School of Medicine" id="PR_reasoned_2017_04_17_Instance_13361" type="identity">
      <class id="PR:000013057" label="peroxisome proliferator-activated receptor delta"/>
      <span end="710" id="15328533-5840" start="705">PPARδ</span>
    </annotation>
    <annotation annotator="Mike Bada, University of Colorado School of Medicine" id="PR_reasoned_2017_04_17_Instance_120953" type="identity">
      <class id="PR:000004978" label="calmodulin"/>
      <span end="2319" id="15328533-5798" start="2309">calmodulin</span>
    </annotation>
    <annotation annotator="Mike Bada, University of Colorado School of Medicine" id="PR_reasoned_2017_04_17_Instance_13363" type="identity">
      <class id="PR:000013059" label="peroxisome proliferator-activated receptor gamma coactivator 1-alpha"/>
      <span end="2434" id="15328533-5842" start="2371">Peroxisome proliferator-activated receptor-gamma coactivator 1α</span>
    </annotation>
    <annotation annotator="Mike Bada, University of Colorado School of Medicine" id="PR_reasoned_2017_04_17_Instance_13365" type="identity">
      <class id="PR:000013059" label="peroxisome proliferator-activated receptor gamma coactivator 1-alpha"/>
      <span end="2442" id="15328533-5844" start="2436">PGC-1α</span>
    </annotation>
    <annotation annotator="Mike Bada, University of Colorado School of Medicine" id="PR_reasoned_2017_04_17_Instance_120986" type="identity">
      <class id="PR:000045358" label="insulin family protein"/>
      <span end="3280" id="15328533-5826" start="3273">insulin</span>
    </annotation>
    <annotation annotator="Mike Bada, University of Colorado School of Medicine" id="PR_reasoned_2017_04_17_Instance_13371" type="identity">
      <class id="PR:000013057" label="peroxisome proliferator-activated receptor delta"/>
      <span end="3435" id="15328533-5846" start="3393">peroxisome proliferator-activated receptor</span>
      <span end="3444" id="15328533-5847" start="3443">δ</span>
    </annotation>
    <annotation annotator="Mike Bada, University of Colorado School of Medicine" id="PR_reasoned_2017_04_17_Instance_13373" type="identity">
      <class id="PR:000013057" label="peroxisome proliferator-activated receptor delta"/>
      <span end="3441" id="15328533-5849" start="3437">PPAR</span>
      <span end="3444" id="15328533-5850" start="3443">δ</span>
    </annotation>
    <annotation annotator="Mike Bada, University of Colorado School of Medicine" id="PR_reasoned_2017_04_17_Instance_13375" type="identity">
      <class id="PR:000013057" label="peroxisome proliferator-activated receptor delta"/>
      <span end="3629" id="15328533-5852" start="3624">PPARδ</span>
    </annotation>
    <annotation annotator="Mike Bada, University of Colorado School of Medicine" id="PR_reasoned_2017_04_17_Instance_13377" type="identity">
      <class id="PR:000013057" label="peroxisome proliferator-activated receptor delta"/>
      <span end="3768" id="15328533-5854" start="3763">PPARδ</span>
    </annotation>
    <annotation annotator="Mike Bada, University of Colorado School of Medicine" id="PR_reasoned_2017_04_17_Instance_13379" type="identity">
      <class id="PR:000013057" label="peroxisome proliferator-activated receptor delta"/>
      <span end="4019" id="15328533-5856" start="4014">PPARδ</span>
    </annotation>
    <annotation annotator="Mike Bada, University of Colorado School of Medicine" id="PR_reasoned_2017_04_17_Instance_13381" type="identity">
      <class id="PR:000013057" label="peroxisome proliferator-activated receptor delta"/>
      <span end="4073" id="15328533-5858" start="4068">PPARδ</span>
    </annotation>
    <annotation annotator="Mike Bada, University of Colorado School of Medicine" id="PR_reasoned_2017_04_17_Instance_13383" type="identity">
      <class id="PR:000013056" label="peroxisome proliferator-activated receptor alpha"/>
      <span end="4179" id="15328533-5860" start="4174">PPARα</span>
    </annotation>
    <annotation annotator="Mike Bada, University of Colorado School of Medicine" id="PR_reasoned_2017_04_17_Instance_13385" type="identity">
      <class id="PR:000013057" label="peroxisome proliferator-activated receptor delta"/>
      <span end="4252" id="15328533-5862" start="4247">PPARδ</span>
    </annotation>
    <annotation annotator="Mike Bada, University of Colorado School of Medicine" id="PR_reasoned_2017_04_17_Instance_13387" type="identity">
      <class id="PR:000013059" label="peroxisome proliferator-activated receptor gamma coactivator 1-alpha"/>
      <span end="4523" id="15328533-5864" start="4517">PGC-1α</span>
    </annotation>
    <annotation annotator="Mike Bada, University of Colorado School of Medicine" id="PR_reasoned_2017_04_17_Instance_13389" type="identity">
      <class id="PR:000013057" label="peroxisome proliferator-activated receptor delta"/>
      <span end="4693" id="15328533-5866" start="4688">PPARδ</span>
    </annotation>
    <annotation annotator="Mike Bada, University of Colorado School of Medicine" id="PR_reasoned_2017_04_17_Instance_130008" type="identity">
      <class id="PR:P06492" label="tegument protein VP16 (Herpes simplex virus type 1 strain 17)"/>
      <span end="4834" id="15328533-5832" start="4830">VP16</span>
    </annotation>
    <annotation annotator="Mike Bada, University of Colorado School of Medicine" id="PR_reasoned_2017_04_17_Instance_13405" type="identity">
      <class id="PR:000013057" label="peroxisome proliferator-activated receptor delta"/>
      <span end="4901" id="15328533-5868" start="4896">PPARδ</span>
    </annotation>
    <annotation annotator="Mike Bada, University of Colorado School of Medicine" id="PR_reasoned_2017_04_17_Instance_13407" type="identity">
      <class id="PR:000003674" label="actin, alpha skeletal muscle"/>
      <span end="4953" id="15328533-5870" start="4937">α-skeletal actin</span>
    </annotation>
    <annotation annotator="Mike Bada, University of Colorado School of Medicine" id="PR_reasoned_2017_04_17_Instance_120958" type="identity">
      <class id="PR:P06492" label="tegument protein VP16 (Herpes simplex virus type 1 strain 17)"/>
      <span end="5087" id="15328533-5800" start="5083">VP16</span>
    </annotation>
    <annotation annotator="Mike Bada, University of Colorado School of Medicine" id="PR_reasoned_2017_04_17_Instance_13409" type="identity">
      <class id="PR:000013057" label="peroxisome proliferator-activated receptor delta"/>
      <span end="5093" id="15328533-5872" start="5088">PPARδ</span>
    </annotation>
    <annotation annotator="Mike Bada, University of Colorado School of Medicine" id="PR_reasoned_2017_04_17_Instance_120960" type="identity">
      <class id="PR:P06492" label="tegument protein VP16 (Herpes simplex virus type 1 strain 17)"/>
      <span end="5252" id="15328533-5802" start="5248">VP16</span>
    </annotation>
    <annotation annotator="Mike Bada, University of Colorado School of Medicine" id="PR_reasoned_2017_04_17_Instance_13411" type="identity">
      <class id="PR:000013057" label="peroxisome proliferator-activated receptor delta"/>
      <span end="5258" id="15328533-5874" start="5253">PPARδ</span>
    </annotation>
    <annotation annotator="Mike Bada, University of Colorado School of Medicine" id="PR_reasoned_2017_04_17_Instance_120962" type="identity">
      <class id="PR:P06492" label="tegument protein VP16 (Herpes simplex virus type 1 strain 17)"/>
      <span end="5365" id="15328533-5804" start="5361">VP16</span>
    </annotation>
    <annotation annotator="Mike Bada, University of Colorado School of Medicine" id="PR_reasoned_2017_04_17_Instance_13413" type="identity">
      <class id="PR:000013057" label="peroxisome proliferator-activated receptor delta"/>
      <span end="5371" id="15328533-5876" start="5366">PPARδ</span>
    </annotation>
    <annotation annotator="Mike Bada, University of Colorado School of Medicine" id="PR_reasoned_2017_04_17_Instance_13415" type="identity">
      <class id="PR:000013057" label="peroxisome proliferator-activated receptor delta"/>
      <span end="5446" id="15328533-5878" start="5441">PPARδ</span>
    </annotation>
    <annotation annotator="Mike Bada, University of Colorado School of Medicine" id="PR_reasoned_2017_04_17_Instance_13417" type="identity">
      <class id="PR:000013057" label="peroxisome proliferator-activated receptor delta"/>
      <span end="5524" id="15328533-5880" start="5519">PPARδ</span>
    </annotation>
    <annotation annotator="Mike Bada, University of Colorado School of Medicine" id="PR_reasoned_2017_04_17_Instance_13419" type="identity">
      <class id="PR:000013057" label="peroxisome proliferator-activated receptor delta"/>
      <span end="5649" id="15328533-5882" start="5644">PPARδ</span>
    </annotation>
    <annotation annotator="Mike Bada, University of Colorado School of Medicine" id="PR_reasoned_2017_04_17_Instance_13421" type="identity">
      <class id="PR:000013057" label="peroxisome proliferator-activated receptor delta"/>
      <span end="5764" id="15328533-5884" start="5759">PPARδ</span>
    </annotation>
    <annotation annotator="Mike Bada, University of Colorado School of Medicine" id="PR_reasoned_2017_04_17_Instance_13429" type="identity">
      <class id="PR:000002199" label="cytochrome c protein"/>
      <span end="6569" id="15328533-5886" start="6557">cytochrome c</span>
    </annotation>
    <annotation annotator="Mike Bada, University of Colorado School of Medicine" id="PR_reasoned_2017_04_17_Instance_13431" type="identity">
      <class id="PR:000025365" label="cytochrome c oxidase subunit 2"/>
      <span end="6594" id="15328533-5888" start="6574">cytochrome c oxidase</span>
      <span end="6603" id="15328533-5889" start="6601">II</span>
    </annotation>
    <annotation annotator="Mike Bada, University of Colorado School of Medicine" id="PR_reasoned_2017_04_17_Instance_120964" type="identity">
      <class id="PR:000005776" label="cytochrome c oxidase subunit 4 isoform 1, mitochondrial"/>
      <span end="6594" id="15328533-5806" start="6574">cytochrome c oxidase</span>
      <span end="6610" id="15328533-5807" start="6608">IV</span>
    </annotation>
    <annotation annotator="Mike Bada, University of Colorado School of Medicine" id="PR_reasoned_2017_04_17_Instance_13433" type="identity">
      <class id="PR:000025365" label="cytochrome c oxidase subunit 2"/>
      <span end="6599" id="15328533-5891" start="6596">COX</span>
      <span end="6603" id="15328533-5892" start="6601">II</span>
    </annotation>
    <annotation annotator="Mike Bada, University of Colorado School of Medicine" id="PR_reasoned_2017_04_17_Instance_120966" type="identity">
      <class id="PR:000005776" label="cytochrome c oxidase subunit 4 isoform 1, mitochondrial"/>
      <span end="6599" id="15328533-5809" start="6596">COX</span>
      <span end="6610" id="15328533-5810" start="6608">IV</span>
    </annotation>
    <annotation annotator="Mike Bada, University of Colorado School of Medicine" id="PR_reasoned_2017_04_17_Instance_13435" type="identity">
      <class id="PR:000013057" label="peroxisome proliferator-activated receptor delta"/>
      <span end="6747" id="15328533-5894" start="6742">PPARδ</span>
    </annotation>
    <annotation annotator="Mike Bada, University of Colorado School of Medicine" id="PR_reasoned_2017_04_17_Instance_13437" type="identity">
      <class id="PR:000013059" label="peroxisome proliferator-activated receptor gamma coactivator 1-alpha"/>
      <span end="6779" id="15328533-5896" start="6773">PGC-1α</span>
    </annotation>
    <annotation annotator="Mike Bada, University of Colorado School of Medicine" id="PR_reasoned_2017_04_17_Instance_13439" type="identity">
      <class id="PR:000025365" label="cytochrome c oxidase subunit 2"/>
      <span end="7039" id="15328533-5898" start="7034">COXII</span>
    </annotation>
    <annotation annotator="Mike Bada, University of Colorado School of Medicine" id="PR_reasoned_2017_04_17_Instance_14177" type="identity">
      <class id="PR:000010690" label="cytochrome b"/>
      <span end="7475" id="15328533-5902" start="7465">cytochrome</span>
      <span end="7483" id="15328533-5903" start="7482">b</span>
    </annotation>
    <annotation annotator="Mike Bada, University of Colorado School of Medicine" id="PR_reasoned_2017_04_17_Instance_13443" type="identity">
      <class id="PR:000002199" label="cytochrome c protein"/>
      <span end="7477" id="15328533-5900" start="7465">cytochrome c</span>
    </annotation>
    <annotation annotator="Mike Bada, University of Colorado School of Medicine" id="PR_reasoned_2017_04_17_Instance_17991" type="identity">
      <class id="PR:000016504" label="troponin I, slow skeletal muscle"/>
      <span end="7586" id="15328533-6023" start="7569">troponin I (slow)</span>
    </annotation>
    <annotation annotator="Mike Bada, University of Colorado School of Medicine" id="PR_reasoned_2017_04_17_Instance_17993" type="identity">
      <class id="PR:000016505" label="troponin I, fast skeletal muscle"/>
      <span end="7724" id="15328533-6025" start="7707">troponin I (fast)</span>
    </annotation>
    <annotation annotator="Mike Bada, University of Colorado School of Medicine" id="PR_reasoned_2017_04_17_Instance_14179" type="identity">
      <class id="PR:000013057" label="peroxisome proliferator-activated receptor delta"/>
      <span end="7854" id="15328533-5905" start="7849">PPARδ</span>
    </annotation>
    <annotation annotator="Mike Bada, University of Colorado School of Medicine" id="PR_reasoned_2017_04_17_Instance_14181" type="identity">
      <class id="PR:000013057" label="peroxisome proliferator-activated receptor delta"/>
      <span end="8022" id="15328533-5907" start="8017">PPARδ</span>
    </annotation>
    <annotation annotator="Mike Bada, University of Colorado School of Medicine" id="PR_reasoned_2017_04_17_Instance_14183" type="identity">
      <class id="PR:000013057" label="peroxisome proliferator-activated receptor delta"/>
      <span end="8340" id="15328533-5909" start="8335">PPARδ</span>
    </annotation>
    <annotation annotator="Mike Bada, University of Colorado School of Medicine" id="PR_reasoned_2017_04_17_Instance_14185" type="identity">
      <class id="PR:000013057" label="peroxisome proliferator-activated receptor delta"/>
      <span end="8379" id="15328533-5911" start="8374">PPARδ</span>
    </annotation>
    <annotation annotator="Mike Bada, University of Colorado School of Medicine" id="PR_reasoned_2017_04_17_Instance_14187" type="identity">
      <class id="PR:000013057" label="peroxisome proliferator-activated receptor delta"/>
      <span end="9727" id="15328533-5913" start="9722">PPARδ</span>
    </annotation>
    <annotation annotator="Mike Bada, University of Colorado School of Medicine" id="PR_reasoned_2017_04_17_Instance_14189" type="identity">
      <class id="PR:000013057" label="peroxisome proliferator-activated receptor delta"/>
      <span end="10086" id="15328533-5915" start="10081">PPARδ</span>
    </annotation>
    <annotation annotator="Mike Bada, University of Colorado School of Medicine" id="PR_reasoned_2017_04_17_Instance_14191" type="identity">
      <class id="PR:000013057" label="peroxisome proliferator-activated receptor delta"/>
      <span end="10181" id="15328533-5917" start="10176">PPARδ</span>
    </annotation>
    <annotation annotator="Mike Bada, University of Colorado School of Medicine" id="PR_reasoned_2017_04_17_Instance_14193" type="identity">
      <class id="PR:000013057" label="peroxisome proliferator-activated receptor delta"/>
      <span end="10473" id="15328533-5919" start="10468">PPARδ</span>
    </annotation>
    <annotation annotator="Mike Bada, University of Colorado School of Medicine" id="PR_reasoned_2017_04_17_Instance_14195" type="identity">
      <class id="PR:000013057" label="peroxisome proliferator-activated receptor delta"/>
      <span end="11676" id="15328533-5921" start="11671">PPARδ</span>
    </annotation>
    <annotation annotator="Mike Bada, University of Colorado School of Medicine" id="PR_reasoned_2017_04_17_Instance_14197" type="identity">
      <class id="PR:000013057" label="peroxisome proliferator-activated receptor delta"/>
      <span end="11745" id="15328533-5923" start="11740">PPARδ</span>
    </annotation>
    <annotation annotator="Mike Bada, University of Colorado School of Medicine" id="PR_reasoned_2017_04_17_Instance_14199" type="identity">
      <class id="PR:000013057" label="peroxisome proliferator-activated receptor delta"/>
      <span end="11938" id="15328533-5925" start="11933">PPARδ</span>
    </annotation>
    <annotation annotator="Mike Bada, University of Colorado School of Medicine" id="PR_reasoned_2017_04_17_Instance_14201" type="identity">
      <class id="PR:000013057" label="peroxisome proliferator-activated receptor delta"/>
      <span end="12020" id="15328533-5927" start="12015">PPARδ</span>
    </annotation>
    <annotation annotator="Mike Bada, University of Colorado School of Medicine" id="PR_reasoned_2017_04_17_Instance_14203" type="identity">
      <class id="PR:000013057" label="peroxisome proliferator-activated receptor delta"/>
      <span end="12243" id="15328533-5929" start="12238">PPARδ</span>
    </annotation>
    <annotation annotator="Mike Bada, University of Colorado School of Medicine" id="PR_reasoned_2017_04_17_Instance_14205" type="identity">
      <class id="PR:000013057" label="peroxisome proliferator-activated receptor delta"/>
      <span end="12517" id="15328533-5931" start="12512">PPARδ</span>
    </annotation>
    <annotation annotator="Mike Bada, University of Colorado School of Medicine" id="PR_reasoned_2017_04_17_Instance_14207" type="identity">
      <class id="PR:000013057" label="peroxisome proliferator-activated receptor delta"/>
      <span end="13206" id="15328533-5933" start="13201">PPARδ</span>
    </annotation>
    <annotation annotator="Mike Bada, University of Colorado School of Medicine" id="PR_reasoned_2017_04_17_Instance_120968" type="identity">
      <class id="PR:000004978" label="calmodulin"/>
      <span end="13529" id="15328533-5812" start="13519">calmodulin</span>
    </annotation>
    <annotation annotator="Mike Bada, University of Colorado School of Medicine" id="PR_reasoned_2017_04_17_Instance_14209" type="identity">
      <class id="PR:000013059" label="peroxisome proliferator-activated receptor gamma coactivator 1-alpha"/>
      <span end="13557" id="15328533-5935" start="13551">PGC-1α</span>
    </annotation>
    <annotation annotator="Mike Bada, University of Colorado School of Medicine" id="PR_reasoned_2017_04_17_Instance_14211" type="identity">
      <class id="PR:000013057" label="peroxisome proliferator-activated receptor delta"/>
      <span end="13632" id="15328533-5937" start="13627">PPARδ</span>
    </annotation>
    <annotation annotator="Mike Bada, University of Colorado School of Medicine" id="PR_reasoned_2017_04_17_Instance_14213" type="identity">
      <class id="PR:000013057" label="peroxisome proliferator-activated receptor delta"/>
      <span end="13810" id="15328533-5939" start="13805">PPARδ</span>
    </annotation>
    <annotation annotator="Mike Bada, University of Colorado School of Medicine" id="PR_reasoned_2017_04_17_Instance_14215" type="identity">
      <class id="PR:000013057" label="peroxisome proliferator-activated receptor delta"/>
      <span end="13969" id="15328533-5941" start="13964">PPARδ</span>
    </annotation>
    <annotation annotator="Mike Bada, University of Colorado School of Medicine" id="PR_reasoned_2017_04_17_Instance_14217" type="identity">
      <class id="PR:000013057" label="peroxisome proliferator-activated receptor delta"/>
      <span end="14232" id="15328533-5943" start="14227">PPARδ</span>
    </annotation>
    <annotation annotator="Mike Bada, University of Colorado School of Medicine" id="PR_reasoned_2017_04_17_Instance_14219" type="identity">
      <class id="PR:000013057" label="peroxisome proliferator-activated receptor delta"/>
      <span end="14284" id="15328533-5945" start="14279">PPARδ</span>
    </annotation>
    <annotation annotator="Mike Bada, University of Colorado School of Medicine" id="PR_reasoned_2017_04_17_Instance_14221" type="identity">
      <class id="PR:000013057" label="peroxisome proliferator-activated receptor delta"/>
      <span end="14409" id="15328533-5947" start="14404">PPARδ</span>
    </annotation>
    <annotation annotator="Mike Bada, University of Colorado School of Medicine" id="PR_reasoned_2017_04_17_Instance_14223" type="identity">
      <class id="PR:000013057" label="peroxisome proliferator-activated receptor delta"/>
      <span end="14546" id="15328533-5949" start="14541">PPARδ</span>
    </annotation>
    <annotation annotator="Mike Bada, University of Colorado School of Medicine" id="PR_reasoned_2017_04_17_Instance_14225" type="identity">
      <class id="PR:000013057" label="peroxisome proliferator-activated receptor delta"/>
      <span end="14690" id="15328533-5951" start="14685">PPARδ</span>
    </annotation>
    <annotation annotator="Mike Bada, University of Colorado School of Medicine" id="PR_reasoned_2017_04_17_Instance_14227" type="identity">
      <class id="PR:000013059" label="peroxisome proliferator-activated receptor gamma coactivator 1-alpha"/>
      <span end="14755" id="15328533-5953" start="14749">PGC-1α</span>
    </annotation>
    <annotation annotator="Mike Bada, University of Colorado School of Medicine" id="PR_reasoned_2017_04_17_Instance_14229" type="identity">
      <class id="PR:000013057" label="peroxisome proliferator-activated receptor delta"/>
      <span end="14801" id="15328533-5955" start="14796">PPARδ</span>
    </annotation>
    <annotation annotator="Mike Bada, University of Colorado School of Medicine" id="PR_reasoned_2017_04_17_Instance_14231" type="identity">
      <class id="PR:000013059" label="peroxisome proliferator-activated receptor gamma coactivator 1-alpha"/>
      <span end="14875" id="15328533-5957" start="14869">PGC-1α</span>
    </annotation>
    <annotation annotator="Mike Bada, University of Colorado School of Medicine" id="PR_reasoned_2017_04_17_Instance_14233" type="identity">
      <class id="PR:000013057" label="peroxisome proliferator-activated receptor delta"/>
      <span end="14908" id="15328533-5959" start="14903">PPARδ</span>
    </annotation>
    <annotation annotator="Mike Bada, University of Colorado School of Medicine" id="PR_reasoned_2017_04_17_Instance_14235" type="identity">
      <class id="PR:000013057" label="peroxisome proliferator-activated receptor delta"/>
      <span end="15028" id="15328533-5961" start="15023">PPARδ</span>
    </annotation>
    <annotation annotator="Mike Bada, University of Colorado School of Medicine" id="PR_reasoned_2017_04_17_Instance_14237" type="identity">
      <class id="PR:000013057" label="peroxisome proliferator-activated receptor delta"/>
      <span end="15162" id="15328533-5963" start="15157">PPARδ</span>
    </annotation>
    <annotation annotator="Mike Bada, University of Colorado School of Medicine" id="PR_reasoned_2017_04_17_Instance_14239" type="identity">
      <class id="PR:000013057" label="peroxisome proliferator-activated receptor delta"/>
      <span end="15609" id="15328533-5965" start="15604">PPARδ</span>
    </annotation>
    <annotation annotator="Mike Bada, University of Colorado School of Medicine" id="PR_reasoned_2017_04_17_Instance_14241" type="identity">
      <class id="PR:000013057" label="peroxisome proliferator-activated receptor delta"/>
      <span end="15650" id="15328533-5967" start="15645">PPARδ</span>
    </annotation>
    <annotation annotator="Mike Bada, University of Colorado School of Medicine" id="PR_reasoned_2017_04_17_Instance_120988" type="identity">
      <class id="PR:000045358" label="insulin family protein"/>
      <span end="15768" id="15328533-5828" start="15761">insulin</span>
    </annotation>
    <annotation annotator="Mike Bada, University of Colorado School of Medicine" id="PR_reasoned_2017_04_17_Instance_14243" type="identity">
      <class id="PR:000013057" label="peroxisome proliferator-activated receptor delta"/>
      <span end="15945" id="15328533-5969" start="15940">PPARδ</span>
    </annotation>
    <annotation annotator="Mike Bada, University of Colorado School of Medicine" id="PR_reasoned_2017_04_17_Instance_14245" type="identity">
      <class id="PR:000013057" label="peroxisome proliferator-activated receptor delta"/>
      <span end="16026" id="15328533-5971" start="16021">PPARδ</span>
    </annotation>
    <annotation annotator="Mike Bada, University of Colorado School of Medicine" id="PR_reasoned_2017_04_17_Instance_120990" type="identity">
      <class id="PR:000045358" label="insulin family protein"/>
      <span end="16068" id="15328533-5830" start="16061">insulin</span>
    </annotation>
    <annotation annotator="Mike Bada, University of Colorado School of Medicine" id="PR_reasoned_2017_04_17_Instance_14247" type="identity">
      <class id="PR:000013057" label="peroxisome proliferator-activated receptor delta"/>
      <span end="16141" id="15328533-5973" start="16136">PPARδ</span>
    </annotation>
    <annotation annotator="Mike Bada, University of Colorado School of Medicine" id="PR_reasoned_2017_04_17_Instance_120970" type="identity">
      <class id="PR:000045358" label="insulin family protein"/>
      <span end="16257" id="15328533-5814" start="16250">insulin</span>
    </annotation>
    <annotation annotator="Mike Bada, University of Colorado School of Medicine" id="PR_reasoned_2017_04_17_Instance_120972" type="identity">
      <class id="PR:P06492" label="tegument protein VP16 (Herpes simplex virus type 1 strain 17)"/>
      <span end="16585" id="15328533-5816" start="16581">VP16</span>
    </annotation>
    <annotation annotator="Mike Bada, University of Colorado School of Medicine" id="PR_reasoned_2017_04_17_Instance_14249" type="identity">
      <class id="PR:000013057" label="peroxisome proliferator-activated receptor delta"/>
      <span end="16639" id="15328533-5975" start="16634">PPARδ</span>
    </annotation>
    <annotation annotator="Mike Bada, University of Colorado School of Medicine" id="PR_reasoned_2017_04_17_Instance_120974" type="identity">
      <class id="PR:P06492" label="tegument protein VP16 (Herpes simplex virus type 1 strain 17)"/>
      <span end="16649" id="15328533-5818" start="16645">VP16</span>
    </annotation>
    <annotation annotator="Mike Bada, University of Colorado School of Medicine" id="PR_reasoned_2017_04_17_Instance_14251" type="identity">
      <class id="PR:000013057" label="peroxisome proliferator-activated receptor delta"/>
      <span end="16655" id="15328533-5977" start="16650">PPARδ</span>
    </annotation>
    <annotation annotator="Mike Bada, University of Colorado School of Medicine" id="PR_reasoned_2017_04_17_Instance_14253" type="identity">
      <class id="PR:000003674" label="actin, alpha skeletal muscle"/>
      <span end="16719" id="15328533-5979" start="16703">α-skeletal actin</span>
    </annotation>
    <annotation annotator="Mike Bada, University of Colorado School of Medicine" id="PR_reasoned_2017_04_17_Instance_14255" type="identity">
      <class id="PR:000013057" label="peroxisome proliferator-activated receptor delta"/>
      <span end="17120" id="15328533-5981" start="17115">PPARδ</span>
    </annotation>
    <annotation annotator="Mike Bada, University of Colorado School of Medicine" id="PR_reasoned_2017_04_17_Instance_14257" type="identity">
      <class id="PR:000003674" label="actin, alpha skeletal muscle"/>
      <span end="19580" id="15328533-5983" start="19564">α-skeletal actin</span>
    </annotation>
    <annotation annotator="Mike Bada, University of Colorado School of Medicine" id="PR_reasoned_2017_04_17_Instance_14263" type="identity">
      <class id="PR:000005836" label="carnitine O-palmitoyltransferase 1, muscle isoform"/>
      <span end="20520" id="15328533-5989" start="20515">mCPT1</span>
    </annotation>
    <annotation annotator="Mike Bada, University of Colorado School of Medicine" id="PR_reasoned_2017_04_17_Instance_14265" type="identity">
      <class id="PR:000005836" label="carnitine O-palmitoyltransferase 1, muscle isoform"/>
      <span end="20562" id="15328533-5991" start="20523">muscle carnitine palmitoyltransferase-1</span>
    </annotation>
    <annotation annotator="Mike Bada, University of Colorado School of Medicine" id="PR_reasoned_2017_04_17_Instance_14259" type="identity">
      <class id="PR:000013059" label="peroxisome proliferator-activated receptor gamma coactivator 1-alpha"/>
      <span end="20570" id="15328533-5985" start="20564">PGC-1α</span>
    </annotation>
    <annotation annotator="Mike Bada, University of Colorado School of Medicine" id="PR_reasoned_2017_04_17_Instance_14261" type="identity">
      <class id="PR:000013059" label="peroxisome proliferator-activated receptor gamma coactivator 1-alpha"/>
      <span end="20636" id="15328533-5987" start="20573">Peroxisome proliferator-activated receptor-gamma coactivator 1α</span>
    </annotation>
    <annotation annotator="Mike Bada, University of Colorado School of Medicine" id="PR_reasoned_2017_04_17_Instance_14267" type="identity">
      <class id="PR:000013057" label="peroxisome proliferator-activated receptor delta"/>
      <span end="20775" id="15328533-5993" start="20770">PPARδ</span>
    </annotation>
    <annotation annotator="Mike Bada, University of Colorado School of Medicine" id="PR_reasoned_2017_04_17_Instance_120980" type="identity">
      <class id="PR:P06492" label="tegument protein VP16 (Herpes simplex virus type 1 strain 17)"/>
      <span end="20784" id="15328533-5820" start="20780">VP16</span>
    </annotation>
    <annotation annotator="Mike Bada, University of Colorado School of Medicine" id="PR_reasoned_2017_04_17_Instance_14269" type="identity">
      <class id="PR:000013057" label="peroxisome proliferator-activated receptor delta"/>
      <span end="20790" id="15328533-5995" start="20785">PPARδ</span>
    </annotation>
    <annotation annotator="Mike Bada, University of Colorado School of Medicine" id="PR_reasoned_2017_04_17_Instance_14271" type="identity">
      <class id="PR:000013057" label="peroxisome proliferator-activated receptor delta"/>
      <span end="21104" id="15328533-5997" start="21099">PPARδ</span>
    </annotation>
    <annotation annotator="Mike Bada, University of Colorado School of Medicine" id="PR_reasoned_2017_04_17_Instance_120982" type="identity">
      <class id="PR:P06492" label="tegument protein VP16 (Herpes simplex virus type 1 strain 17)"/>
      <span end="21200" id="15328533-5822" start="21196">VP16</span>
    </annotation>
    <annotation annotator="Mike Bada, University of Colorado School of Medicine" id="PR_reasoned_2017_04_17_Instance_14273" type="identity">
      <class id="PR:000013057" label="peroxisome proliferator-activated receptor delta"/>
      <span end="21206" id="15328533-5999" start="21201">PPARδ</span>
    </annotation>
    <annotation annotator="Mike Bada, University of Colorado School of Medicine" id="PR_reasoned_2017_04_17_Instance_120984" type="identity">
      <class id="PR:P06492" label="tegument protein VP16 (Herpes simplex virus type 1 strain 17)"/>
      <span end="21299" id="15328533-5824" start="21295">VP16</span>
    </annotation>
    <annotation annotator="Mike Bada, University of Colorado School of Medicine" id="PR_reasoned_2017_04_17_Instance_14275" type="identity">
      <class id="PR:000013057" label="peroxisome proliferator-activated receptor delta"/>
      <span end="21586" id="15328533-6001" start="21581">PPARδ</span>
    </annotation>
    <annotation annotator="Mike Bada, University of Colorado School of Medicine" id="PR_reasoned_2017_04_17_Instance_14277" type="identity">
      <class id="PR:000013057" label="peroxisome proliferator-activated receptor delta"/>
      <span end="21907" id="15328533-6003" start="21902">PPARδ</span>
    </annotation>
    <annotation annotator="Mike Bada, University of Colorado School of Medicine" id="PR_reasoned_2017_04_17_Instance_14279" type="identity">
      <class id="PR:000025365" label="cytochrome c oxidase subunit 2"/>
      <span end="22326" id="15328533-6005" start="22321">COXII</span>
    </annotation>
    <annotation annotator="Mike Bada, University of Colorado School of Medicine" id="PR_reasoned_2017_04_17_Instance_14281" type="identity">
      <class id="PR:000013829" label="calcipressin-1"/>
      <span end="22367" id="15328533-6007" start="22362">MCIP1</span>
    </annotation>
    <annotation annotator="Mike Bada, University of Colorado School of Medicine" id="PR_reasoned_2017_04_17_Instance_14283" type="identity">
      <class id="PR:000013057" label="peroxisome proliferator-activated receptor delta"/>
      <span end="22888" id="15328533-6009" start="22883">PPARδ</span>
    </annotation>
    <annotation annotator="Mike Bada, University of Colorado School of Medicine" id="PR_reasoned_2017_04_17_Instance_14285" type="identity">
      <class id="PR:000013057" label="peroxisome proliferator-activated receptor delta"/>
      <span end="23879" id="15328533-6011" start="23874">PPARδ</span>
    </annotation>
    <annotation annotator="Mike Bada, University of Colorado School of Medicine" id="PR_reasoned_2017_04_17_Instance_14287" type="identity">
      <class id="PR:000013057" label="peroxisome proliferator-activated receptor delta"/>
      <span end="24732" id="15328533-6013" start="24727">PPARδ</span>
    </annotation>
    <annotation annotator="Mike Bada, University of Colorado School of Medicine" id="PR_reasoned_2017_04_17_Instance_14289" type="identity">
      <class id="PR:000013057" label="peroxisome proliferator-activated receptor delta"/>
      <span end="25028" id="15328533-6015" start="25023">PPARδ</span>
    </annotation>
    <annotation annotator="Mike Bada, University of Colorado School of Medicine" id="PR_reasoned_2017_04_17_Instance_14291" type="identity">
      <class id="PR:000013057" label="peroxisome proliferator-activated receptor delta"/>
      <span end="25064" id="15328533-6017" start="25059">PPARδ</span>
    </annotation>
    <annotation annotator="Mike Bada, University of Colorado School of Medicine" id="PR_reasoned_2017_04_17_Instance_14293" type="identity">
      <class id="PR:000013057" label="peroxisome proliferator-activated receptor delta"/>
      <span end="25222" id="15328533-6019" start="25217">PPARδ</span>
    </annotation>
    <annotation annotator="Mike Bada, University of Colorado School of Medicine" id="PR_reasoned_2017_04_17_Instance_14295" type="identity">
      <class id="PR:000013057" label="peroxisome proliferator-activated receptor delta"/>
      <span end="25792" id="15328533-6021" start="25787">PPARδ</span>
    </annotation>
    <graph-space id="Old Knowtator Relations"/>
  </document>
</knowtator-project>
