<?xml version="1.0" encoding="UTF-8" standalone="no"?>
<knowtator-project>
    <document id="15320950" text-file="15320950.txt">
        <annotation annotator="Mike Bada, University of Colorado School of Medicine" id="PR_reasoned_2017_04_17_Instance_10561" type="identity">
            <class id="PR:000001979" label="ATP-sensitive inward rectifier potassium channel 10"/>
            <span end="14" id="15320950-5410" start="8">KCNJ10</span>
        </annotation>
        <annotation annotator="Mike Bada, University of Colorado School of Medicine" id="PR_reasoned_2017_04_17_Instance_10563" type="identity">
            <class id="PR:000015039" label="pendrin"/>
            <span end="280" id="15320950-5412" start="273">SLC26A4</span>
        </annotation>
        <annotation annotator="Mike Bada, University of Colorado School of Medicine" id="PR_reasoned_2017_04_17_Instance_12965" type="identity">
            <class id="PR:000015039" label="pendrin"/>
            <span end="305" id="15320950-5414" start="298">pendrin</span>
        </annotation>
        <annotation annotator="Mike Bada, University of Colorado School of Medicine" id="PR_reasoned_2017_04_17_Instance_12967" type="identity">
            <class id="PR:000015039" label="pendrin"/>
            <span end="355" id="15320950-5416" start="348">pendrin</span>
        </annotation>
        <annotation annotator="Mike Bada, University of Colorado School of Medicine" id="PR_reasoned_2017_04_17_Instance_12969" type="identity">
            <class id="PR:000015039" label="pendrin"/>
            <span end="398" id="15320950-5418" start="391">Slc26a4</span>
        </annotation>
        <annotation annotator="Mike Bada, University of Colorado School of Medicine" id="PR_reasoned_2017_04_17_Instance_12971" type="identity">
            <class id="PR:000015039" label="pendrin"/>
            <span end="429" id="15320950-5420" start="422">Slc26a4</span>
        </annotation>
        <annotation annotator="Mike Bada, University of Colorado School of Medicine" id="PR_reasoned_2017_04_17_Instance_12973" type="identity">
            <class id="PR:000015039" label="pendrin"/>
            <span end="443" id="15320950-5422" start="436">Slc26a4</span>
        </annotation>
        <annotation annotator="Mike Bada, University of Colorado School of Medicine" id="PR_reasoned_2017_04_17_Instance_12975" type="identity">
            <class id="PR:000015039" label="pendrin"/>
            <span end="480" id="15320950-5424" start="473">pendrin</span>
        </annotation>
        <annotation annotator="Mike Bada, University of Colorado School of Medicine" id="PR_reasoned_2017_04_17_Instance_12977" type="identity">
            <class id="PR:000015039" label="pendrin"/>
            <span end="942" id="15320950-5426" start="935">Pendrin</span>
        </annotation>
        <annotation annotator="Mike Bada, University of Colorado School of Medicine" id="PR_reasoned_2017_04_17_Instance_12979" type="identity">
            <class id="PR:000015039" label="pendrin"/>
            <span end="1120" id="15320950-5428" start="1113">Slc26a4</span>
        </annotation>
        <annotation annotator="Mike Bada, University of Colorado School of Medicine" id="PR_reasoned_2017_04_17_Instance_12981" type="identity">
            <class id="PR:000015039" label="pendrin"/>
            <span end="1237" id="15320950-5430" start="1230">Slc26a4</span>
        </annotation>
        <annotation annotator="Mike Bada, University of Colorado School of Medicine" id="PR_reasoned_2017_04_17_Instance_12983" type="identity">
            <class id="PR:000001979" label="ATP-sensitive inward rectifier potassium channel 10"/>
            <span end="1354" id="15320950-5432" start="1348">KCNJ10</span>
        </annotation>
        <annotation annotator="Mike Bada, University of Colorado School of Medicine" id="PR_reasoned_2017_04_17_Instance_12985" type="identity">
            <class id="PR:000001979" label="ATP-sensitive inward rectifier potassium channel 10"/>
            <span end="1539" id="15320950-5434" start="1533">KCNJ10</span>
        </annotation>
        <annotation annotator="Mike Bada, University of Colorado School of Medicine" id="PR_reasoned_2017_04_17_Instance_12987" type="identity">
            <class id="PR:000001979" label="ATP-sensitive inward rectifier potassium channel 10"/>
            <span end="1568" id="15320950-5436" start="1562">KCNJ10</span>
        </annotation>
        <annotation annotator="Mike Bada, University of Colorado School of Medicine" id="PR_reasoned_2017_04_17_Instance_12989" type="identity">
            <class id="PR:000000728" label="voltage-gated potassium channel subunit KCNQ1"/>
            <span end="1726" id="15320950-5438" start="1721">KCNQ1</span>
        </annotation>
        <annotation annotator="Mike Bada, University of Colorado School of Medicine" id="PR_reasoned_2017_04_17_Instance_12991" type="identity">
            <class id="PR:000009255" label="potassium voltage-gated channel subfamily E member 1"/>
            <span end="1736" id="15320950-5440" start="1731">KCNE1</span>
        </annotation>
        <annotation annotator="Mike Bada, University of Colorado School of Medicine" id="PR_reasoned_2017_04_17_Instance_12993" type="identity">
            <class id="PR:000014925" label="solute carrier family 12 member 2"/>
            <span end="1771" id="15320950-5442" start="1764">SLC12A2</span>
        </annotation>
        <annotation annotator="Mike Bada, University of Colorado School of Medicine" id="PR_reasoned_2017_04_17_Instance_12995" type="identity">
            <class id="PR:000007998" label="gap junction beta-2 protein"/>
            <span end="1797" id="15320950-5444" start="1793">GJB2</span>
        </annotation>
        <annotation annotator="Mike Bada, University of Colorado School of Medicine" id="PR_reasoned_2017_04_17_Instance_12997" type="identity">
            <class id="PR:000015039" label="pendrin"/>
            <span end="1856" id="15320950-5446" start="1849">pendrin</span>
        </annotation>
        <annotation annotator="Mike Bada, University of Colorado School of Medicine" id="PR_reasoned_2017_04_17_Instance_12999" type="identity">
            <class id="PR:000001979" label="ATP-sensitive inward rectifier potassium channel 10"/>
            <span end="1894" id="15320950-5448" start="1888">KCNJ10</span>
        </annotation>
        <annotation annotator="Mike Bada, University of Colorado School of Medicine" id="PR_reasoned_2017_04_17_Instance_13001" type="identity">
            <class id="PR:000015039" label="pendrin"/>
            <span end="2202" id="15320950-5450" start="2195">SLC26A4</span>
        </annotation>
        <annotation annotator="Mike Bada, University of Colorado School of Medicine" id="PR_reasoned_2017_04_17_Instance_13005" type="identity">
            <class id="PR:000015039" label="pendrin"/>
            <span end="2239" id="15320950-5452" start="2232">pendrin</span>
        </annotation>
        <annotation annotator="Mike Bada, University of Colorado School of Medicine" id="PR_reasoned_2017_04_17_Instance_13007" type="identity">
            <class id="PR:000015039" label="pendrin"/>
            <span end="2809" id="15320950-5454" start="2802">Pendrin</span>
        </annotation>
        <annotation annotator="Mike Bada, University of Colorado School of Medicine" id="PR_reasoned_2017_04_17_Instance_13009" type="identity">
            <class id="PR:000015039" label="pendrin"/>
            <span end="3034" id="15320950-5456" start="3027">pendrin</span>
        </annotation>
        <annotation annotator="Mike Bada, University of Colorado School of Medicine" id="PR_reasoned_2017_04_17_Instance_13011" type="identity">
            <class id="PR:000015039" label="pendrin"/>
            <span end="3270" id="15320950-5458" start="3263">pendrin</span>
        </annotation>
        <annotation annotator="Mike Bada, University of Colorado School of Medicine" id="PR_reasoned_2017_04_17_Instance_13013" type="identity">
            <class id="PR:000015039" label="pendrin"/>
            <span end="3436" id="15320950-5460" start="3429">pendrin</span>
        </annotation>
        <annotation annotator="Mike Bada, University of Colorado School of Medicine" id="PR_reasoned_2017_04_17_Instance_13015" type="identity">
            <class id="PR:000015039" label="pendrin"/>
            <span end="3624" id="15320950-5462" start="3617">pendrin</span>
        </annotation>
        <annotation annotator="Mike Bada, University of Colorado School of Medicine" id="PR_reasoned_2017_04_17_Instance_13017" type="identity">
            <class id="PR:000015039" label="pendrin"/>
            <span end="3708" id="15320950-5464" start="3701">pendrin</span>
        </annotation>
        <annotation annotator="Mike Bada, University of Colorado School of Medicine" id="PR_reasoned_2017_04_17_Instance_13019" type="identity">
            <class id="PR:000015039" label="pendrin"/>
            <span end="3987" id="15320950-5466" start="3980">pendrin</span>
        </annotation>
        <annotation annotator="Mike Bada, University of Colorado School of Medicine" id="PR_reasoned_2017_04_17_Instance_13021" type="identity">
            <class id="PR:000015039" label="pendrin"/>
            <span end="4051" id="15320950-5468" start="4044">Slc26a4</span>
        </annotation>
        <annotation annotator="Mike Bada, University of Colorado School of Medicine" id="PR_reasoned_2017_04_17_Instance_13023" type="identity">
            <class id="PR:000015039" label="pendrin"/>
            <span end="4114" id="15320950-5470" start="4107">Slc26a4</span>
        </annotation>
        <annotation annotator="Mike Bada, University of Colorado School of Medicine" id="PR_reasoned_2017_04_17_Instance_13025" type="identity">
            <class id="PR:000015039" label="pendrin"/>
            <span end="4195" id="15320950-5472" start="4188">pendrin</span>
        </annotation>
        <annotation annotator="Mike Bada, University of Colorado School of Medicine" id="PR_reasoned_2017_04_17_Instance_13027" type="identity">
            <class id="PR:000015039" label="pendrin"/>
            <span end="4232" id="15320950-5474" start="4225">Slc26a4</span>
        </annotation>
        <annotation annotator="Mike Bada, University of Colorado School of Medicine" id="PR_reasoned_2017_04_17_Instance_13029" type="identity">
            <class id="PR:000015039" label="pendrin"/>
            <span end="4415" id="15320950-5476" start="4408">Slc26a4</span>
        </annotation>
        <annotation annotator="Mike Bada, University of Colorado School of Medicine" id="PR_reasoned_2017_04_17_Instance_13031" type="identity">
            <class id="PR:000015039" label="pendrin"/>
            <span end="4436" id="15320950-5478" start="4429">Slc26a4</span>
        </annotation>
        <annotation annotator="Mike Bada, University of Colorado School of Medicine" id="PR_reasoned_2017_04_17_Instance_13033" type="identity">
            <class id="PR:000015039" label="pendrin"/>
            <span end="4470" id="15320950-5480" start="4463">pendrin</span>
        </annotation>
        <annotation annotator="Mike Bada, University of Colorado School of Medicine" id="PR_reasoned_2017_04_17_Instance_13035" type="identity">
            <class id="PR:000015039" label="pendrin"/>
            <span end="4564" id="15320950-5482" start="4557">Slc26a4</span>
        </annotation>
        <annotation annotator="Mike Bada, University of Colorado School of Medicine" id="PR_reasoned_2017_04_17_Instance_13037" type="identity">
            <class id="PR:000015039" label="pendrin"/>
            <span end="4591" id="15320950-5484" start="4584">Slc26a4</span>
        </annotation>
        <annotation annotator="Mike Bada, University of Colorado School of Medicine" id="PR_reasoned_2017_04_17_Instance_13039" type="identity">
            <class id="PR:000015039" label="pendrin"/>
            <span end="4702" id="15320950-5486" start="4695">Slc26a4</span>
        </annotation>
        <annotation annotator="Mike Bada, University of Colorado School of Medicine" id="PR_reasoned_2017_04_17_Instance_13041" type="identity">
            <class id="PR:000015039" label="pendrin"/>
            <span end="4717" id="15320950-5488" start="4710">Slc26a4</span>
        </annotation>
        <annotation annotator="Mike Bada, University of Colorado School of Medicine" id="PR_reasoned_2017_04_17_Instance_13043" type="identity">
            <class id="PR:000015039" label="pendrin"/>
            <span end="4847" id="15320950-5490" start="4840">Slc26a4</span>
        </annotation>
        <annotation annotator="Mike Bada, University of Colorado School of Medicine" id="PR_reasoned_2017_04_17_Instance_13045" type="identity">
            <class id="PR:000015039" label="pendrin"/>
            <span end="4862" id="15320950-5492" start="4855">Slc26a4</span>
        </annotation>
        <annotation annotator="Mike Bada, University of Colorado School of Medicine" id="PR_reasoned_2017_04_17_Instance_13047" type="identity">
            <class id="PR:000003918" label="serum albumin"/>
            <span end="5843" id="15320950-5494" start="5830">serum albumin</span>
        </annotation>
        <annotation annotator="Mike Bada, University of Colorado School of Medicine" id="PR_reasoned_2017_04_17_Instance_13049" type="identity">
            <class id="PR:000015039" label="pendrin"/>
            <span end="5952" id="15320950-5496" start="5945">pendrin</span>
        </annotation>
        <annotation annotator="Mike Bada, University of Colorado School of Medicine" id="PR_reasoned_2017_04_17_Instance_13051" type="identity">
            <class id="PR:000016364" label="tight junction protein ZO-1"/>
            <span end="5985" id="15320950-5498" start="5981">ZO-1</span>
        </annotation>
        <annotation annotator="Mike Bada, University of Colorado School of Medicine" id="PR_reasoned_2017_04_17_Instance_13053" type="identity">
            <class id="PR:000000728" label="voltage-gated potassium channel subunit KCNQ1"/>
            <span end="6034" id="15320950-5500" start="6029">KCNQ1</span>
        </annotation>
        <annotation annotator="Mike Bada, University of Colorado School of Medicine" id="PR_reasoned_2017_04_17_Instance_13055" type="identity">
            <class id="PR:000009255" label="potassium voltage-gated channel subfamily E member 1"/>
            <span end="6108" id="15320950-5502" start="6103">KCNE1</span>
        </annotation>
        <annotation annotator="Mike Bada, University of Colorado School of Medicine" id="PR_reasoned_2017_04_17_Instance_13057" type="identity">
            <class id="PR:000001979" label="ATP-sensitive inward rectifier potassium channel 10"/>
            <span end="6164" id="15320950-5504" start="6158">KCNJ10</span>
        </annotation>
        <annotation annotator="Mike Bada, University of Colorado School of Medicine" id="PR_reasoned_2017_04_17_Instance_13059" type="identity">
            <class id="PR:000014925" label="solute carrier family 12 member 2"/>
            <span end="6202" id="15320950-5506" start="6195">SLC12A2</span>
        </annotation>
        <annotation annotator="Mike Bada, University of Colorado School of Medicine" id="PR_reasoned_2017_04_17_Instance_13061" type="identity">
            <class id="PR:000007998" label="gap junction beta-2 protein"/>
            <span end="6249" id="15320950-5508" start="6238">connexin 26</span>
        </annotation>
        <annotation annotator="Mike Bada, University of Colorado School of Medicine" id="PR_reasoned_2017_04_17_Instance_13063" type="identity">
            <class id="PR:000015039" label="pendrin"/>
            <span end="7549" id="15320950-5510" start="7542">Slc26a4</span>
        </annotation>
        <annotation annotator="Mike Bada, University of Colorado School of Medicine" id="PR_reasoned_2017_04_17_Instance_13065" type="identity">
            <class id="PR:000001979" label="ATP-sensitive inward rectifier potassium channel 10"/>
            <span end="8291" id="15320950-5512" start="8285">KCNJ10</span>
        </annotation>
        <annotation annotator="Mike Bada, University of Colorado School of Medicine" id="PR_reasoned_2017_04_17_Instance_13067" type="identity">
            <class id="PR:000000728" label="voltage-gated potassium channel subunit KCNQ1"/>
            <span end="8298" id="15320950-5514" start="8293">KCNQ1</span>
        </annotation>
        <annotation annotator="Mike Bada, University of Colorado School of Medicine" id="PR_reasoned_2017_04_17_Instance_13069" type="identity">
            <class id="PR:000000731" label="voltage-gated potassium channel subunit KCNQ4"/>
            <span end="8308" id="15320950-5516" start="8303">KCNQ4</span>
        </annotation>
        <annotation annotator="Mike Bada, University of Colorado School of Medicine" id="PR_reasoned_2017_04_17_Instance_13071" type="identity">
            <class id="PR:000015039" label="pendrin"/>
            <span end="11809" id="15320950-5518" start="11802">pendrin</span>
        </annotation>
        <annotation annotator="Mike Bada, University of Colorado School of Medicine" id="PR_reasoned_2017_04_17_Instance_13073" type="identity">
            <class id="PR:000015039" label="pendrin"/>
            <span end="11975" id="15320950-5520" start="11968">pendrin</span>
        </annotation>
        <annotation annotator="Mike Bada, University of Colorado School of Medicine" id="PR_reasoned_2017_04_17_Instance_13075" type="identity">
            <class id="PR:000015039" label="pendrin"/>
            <span end="12101" id="15320950-5522" start="12094">Slc26a4</span>
        </annotation>
        <annotation annotator="Mike Bada, University of Colorado School of Medicine" id="PR_reasoned_2017_04_17_Instance_13077" type="identity">
            <class id="PR:000015039" label="pendrin"/>
            <span end="12282" id="15320950-5524" start="12275">pendrin</span>
        </annotation>
        <annotation annotator="Mike Bada, University of Colorado School of Medicine" id="PR_reasoned_2017_04_17_Instance_13079" type="identity">
            <class id="PR:000015039" label="pendrin"/>
            <span end="12597" id="15320950-5526" start="12590">pendrin</span>
        </annotation>
        <annotation annotator="Mike Bada, University of Colorado School of Medicine" id="PR_reasoned_2017_04_17_Instance_13081" type="identity">
            <class id="PR:000015039" label="pendrin"/>
            <span end="12686" id="15320950-5528" start="12679">Pendrin</span>
        </annotation>
        <annotation annotator="Mike Bada, University of Colorado School of Medicine" id="PR_reasoned_2017_04_17_Instance_13083" type="identity">
            <class id="PR:000015039" label="pendrin"/>
            <span end="12981" id="15320950-5530" start="12974">pendrin</span>
        </annotation>
        <annotation annotator="Mike Bada, University of Colorado School of Medicine" id="PR_reasoned_2017_04_17_Instance_13085" type="identity">
            <class id="PR:000015039" label="pendrin"/>
            <span end="13157" id="15320950-5532" start="13150">pendrin</span>
        </annotation>
        <annotation annotator="Mike Bada, University of Colorado School of Medicine" id="PR_reasoned_2017_04_17_Instance_13087" type="identity">
            <class id="PR:000015039" label="pendrin"/>
            <span end="13236" id="15320950-5534" start="13229">pendrin</span>
        </annotation>
        <annotation annotator="Mike Bada, University of Colorado School of Medicine" id="PR_reasoned_2017_04_17_Instance_13089" type="identity">
            <class id="PR:000000728" label="voltage-gated potassium channel subunit KCNQ1"/>
            <span end="13243" id="15320950-5536" start="13238">KCNQ1</span>
        </annotation>
        <annotation annotator="Mike Bada, University of Colorado School of Medicine" id="PR_reasoned_2017_04_17_Instance_13091" type="identity">
            <class id="PR:000016364" label="tight junction protein ZO-1"/>
            <span end="13249" id="15320950-5538" start="13245">ZO-1</span>
        </annotation>
        <annotation annotator="Mike Bada, University of Colorado School of Medicine" id="PR_reasoned_2017_04_17_Instance_13093" type="identity">
            <class id="PR:000015039" label="pendrin"/>
            <span end="13308" id="15320950-5540" start="13301">Slc26a4</span>
        </annotation>
        <annotation annotator="Mike Bada, University of Colorado School of Medicine" id="PR_reasoned_2017_04_17_Instance_13095" type="identity">
            <class id="PR:000015039" label="pendrin"/>
            <span end="13323" id="15320950-5542" start="13316">Slc26a4</span>
        </annotation>
        <annotation annotator="Mike Bada, University of Colorado School of Medicine" id="PR_reasoned_2017_04_17_Instance_13097" type="identity">
            <class id="PR:000015039" label="pendrin"/>
            <span end="13972" id="15320950-5544" start="13965">pendrin</span>
        </annotation>
        <annotation annotator="Mike Bada, University of Colorado School of Medicine" id="PR_reasoned_2017_04_17_Instance_13099" type="identity">
            <class id="PR:000000728" label="voltage-gated potassium channel subunit KCNQ1"/>
            <span end="14064" id="15320950-5546" start="14059">KCNQ1</span>
        </annotation>
        <annotation annotator="Mike Bada, University of Colorado School of Medicine" id="PR_reasoned_2017_04_17_Instance_13101" type="identity">
            <class id="PR:000016364" label="tight junction protein ZO-1"/>
            <span end="14131" id="15320950-5548" start="14127">ZO-1</span>
        </annotation>
        <annotation annotator="Mike Bada, University of Colorado School of Medicine" id="PR_reasoned_2017_04_17_Instance_13103" type="identity">
            <class id="PR:000015039" label="pendrin"/>
            <span end="14292" id="15320950-5550" start="14285">pendrin</span>
        </annotation>
        <annotation annotator="Mike Bada, University of Colorado School of Medicine" id="PR_reasoned_2017_04_17_Instance_13105" type="identity">
            <class id="PR:000015039" label="pendrin"/>
            <span end="14575" id="15320950-5552" start="14568">pendrin</span>
        </annotation>
        <annotation annotator="Mike Bada, University of Colorado School of Medicine" id="PR_reasoned_2017_04_17_Instance_13107" type="identity">
            <class id="PR:000015039" label="pendrin"/>
            <span end="14716" id="15320950-5554" start="14709">pendrin</span>
        </annotation>
        <annotation annotator="Mike Bada, University of Colorado School of Medicine" id="PR_reasoned_2017_04_17_Instance_13109" type="identity">
            <class id="PR:000000728" label="voltage-gated potassium channel subunit KCNQ1"/>
            <span end="14850" id="15320950-5556" start="14845">KCNQ1</span>
        </annotation>
        <annotation annotator="Mike Bada, University of Colorado School of Medicine" id="PR_reasoned_2017_04_17_Instance_13111" type="identity">
            <class id="PR:000015039" label="pendrin"/>
            <span end="14876" id="15320950-5558" start="14869">pendrin</span>
        </annotation>
        <annotation annotator="Mike Bada, University of Colorado School of Medicine" id="PR_reasoned_2017_04_17_Instance_13113" type="identity">
            <class id="PR:000000728" label="voltage-gated potassium channel subunit KCNQ1"/>
            <span end="15074" id="15320950-5560" start="15069">KCNQ1</span>
        </annotation>
        <annotation annotator="Mike Bada, University of Colorado School of Medicine" id="PR_reasoned_2017_04_17_Instance_13115" type="identity">
            <class id="PR:000009255" label="potassium voltage-gated channel subfamily E member 1"/>
            <span end="15084" id="15320950-5562" start="15079">KCNE1</span>
        </annotation>
        <annotation annotator="Mike Bada, University of Colorado School of Medicine" id="PR_reasoned_2017_04_17_Instance_13117" type="identity">
            <class id="PR:000015039" label="pendrin"/>
            <span end="15133" id="15320950-5564" start="15126">pendrin</span>
        </annotation>
        <annotation annotator="Mike Bada, University of Colorado School of Medicine" id="PR_reasoned_2017_04_17_Instance_13119" type="identity">
            <class id="PR:000015039" label="pendrin"/>
            <span end="15308" id="15320950-5566" start="15301">Slc26a4</span>
        </annotation>
        <annotation annotator="Mike Bada, University of Colorado School of Medicine" id="PR_reasoned_2017_04_17_Instance_13121" type="identity">
            <class id="PR:000015039" label="pendrin"/>
            <span end="15323" id="15320950-5568" start="15316">Slc26a4</span>
        </annotation>
        <annotation annotator="Mike Bada, University of Colorado School of Medicine" id="PR_reasoned_2017_04_17_Instance_13123" type="identity">
            <class id="PR:000015039" label="pendrin"/>
            <span end="15378" id="15320950-5570" start="15371">Slc26a4</span>
        </annotation>
        <annotation annotator="Mike Bada, University of Colorado School of Medicine" id="PR_reasoned_2017_04_17_Instance_13125" type="identity">
            <class id="PR:000015039" label="pendrin"/>
            <span end="15914" id="15320950-5572" start="15907">Slc26a4</span>
        </annotation>
        <annotation annotator="Mike Bada, University of Colorado School of Medicine" id="PR_reasoned_2017_04_17_Instance_13127" type="identity">
            <class id="PR:000015039" label="pendrin"/>
            <span end="16213" id="15320950-5574" start="16206">Slc26a4</span>
        </annotation>
        <annotation annotator="Mike Bada, University of Colorado School of Medicine" id="PR_reasoned_2017_04_17_Instance_13129" type="identity">
            <class id="PR:000015039" label="pendrin"/>
            <span end="16359" id="15320950-5576" start="16352">Slc26a4</span>
        </annotation>
        <annotation annotator="Mike Bada, University of Colorado School of Medicine" id="PR_reasoned_2017_04_17_Instance_13131" type="identity">
            <class id="PR:000015039" label="pendrin"/>
            <span end="16416" id="15320950-5578" start="16409">Slc26a4</span>
        </annotation>
        <annotation annotator="Mike Bada, University of Colorado School of Medicine" id="PR_reasoned_2017_04_17_Instance_13133" type="identity">
            <class id="PR:000015039" label="pendrin"/>
            <span end="16431" id="15320950-5580" start="16424">Slc26a4</span>
        </annotation>
        <annotation annotator="Mike Bada, University of Colorado School of Medicine" id="PR_reasoned_2017_04_17_Instance_13135" type="identity">
            <class id="PR:000015039" label="pendrin"/>
            <span end="16514" id="15320950-5582" start="16507">Slc26a4</span>
        </annotation>
        <annotation annotator="Mike Bada, University of Colorado School of Medicine" id="PR_reasoned_2017_04_17_Instance_13137" type="identity">
            <class id="PR:000015039" label="pendrin"/>
            <span end="16547" id="15320950-5584" start="16540">Slc26a4</span>
        </annotation>
        <annotation annotator="Mike Bada, University of Colorado School of Medicine" id="PR_reasoned_2017_04_17_Instance_13139" type="identity">
            <class id="PR:000015039" label="pendrin"/>
            <span end="16652" id="15320950-5586" start="16645">Slc26a4</span>
        </annotation>
        <annotation annotator="Mike Bada, University of Colorado School of Medicine" id="PR_reasoned_2017_04_17_Instance_13141" type="identity">
            <class id="PR:000015039" label="pendrin"/>
            <span end="16946" id="15320950-5588" start="16939">Slc26a4</span>
        </annotation>
        <annotation annotator="Mike Bada, University of Colorado School of Medicine" id="PR_reasoned_2017_04_17_Instance_13143" type="identity">
            <class id="PR:000015039" label="pendrin"/>
            <span end="16961" id="15320950-5590" start="16954">Slc26a4</span>
        </annotation>
        <annotation annotator="Mike Bada, University of Colorado School of Medicine" id="PR_reasoned_2017_04_17_Instance_13145" type="identity">
            <class id="PR:000015039" label="pendrin"/>
            <span end="17198" id="15320950-5592" start="17191">Slc26a4</span>
        </annotation>
        <annotation annotator="Mike Bada, University of Colorado School of Medicine" id="PR_reasoned_2017_04_17_Instance_13147" type="identity">
            <class id="PR:000015039" label="pendrin"/>
            <span end="17213" id="15320950-5594" start="17206">Slc26a4</span>
        </annotation>
        <annotation annotator="Mike Bada, University of Colorado School of Medicine" id="PR_reasoned_2017_04_17_Instance_13149" type="identity">
            <class id="PR:000001979" label="ATP-sensitive inward rectifier potassium channel 10"/>
            <span end="17728" id="15320950-5596" start="17722">KCNJ10</span>
        </annotation>
        <annotation annotator="Mike Bada, University of Colorado School of Medicine" id="PR_reasoned_2017_04_17_Instance_13151" type="identity">
            <class id="PR:000001979" label="ATP-sensitive inward rectifier potassium channel 10"/>
            <span end="18029" id="15320950-5598" start="18023">KCNJ10</span>
        </annotation>
        <annotation annotator="Mike Bada, University of Colorado School of Medicine" id="PR_reasoned_2017_04_17_Instance_13153" type="identity">
            <class id="PR:000015039" label="pendrin"/>
            <span end="18122" id="15320950-5600" start="18115">Slc26a4</span>
        </annotation>
        <annotation annotator="Mike Bada, University of Colorado School of Medicine" id="PR_reasoned_2017_04_17_Instance_13155" type="identity">
            <class id="PR:000015039" label="pendrin"/>
            <span end="18446" id="15320950-5602" start="18439">Slc26a4</span>
        </annotation>
        <annotation annotator="Mike Bada, University of Colorado School of Medicine" id="PR_reasoned_2017_04_17_Instance_13157" type="identity">
            <class id="PR:000015039" label="pendrin"/>
            <span end="18594" id="15320950-5604" start="18587">Slc26a4</span>
        </annotation>
        <annotation annotator="Mike Bada, University of Colorado School of Medicine" id="PR_reasoned_2017_04_17_Instance_13159" type="identity">
            <class id="PR:000015039" label="pendrin"/>
            <span end="18613" id="15320950-5606" start="18606">Slc26a4</span>
        </annotation>
        <annotation annotator="Mike Bada, University of Colorado School of Medicine" id="PR_reasoned_2017_04_17_Instance_13161" type="identity">
            <class id="PR:000015039" label="pendrin"/>
            <span end="18717" id="15320950-5608" start="18710">Slc26a4</span>
        </annotation>
        <annotation annotator="Mike Bada, University of Colorado School of Medicine" id="PR_reasoned_2017_04_17_Instance_13163" type="identity">
            <class id="PR:000015039" label="pendrin"/>
            <span end="18818" id="15320950-5610" start="18811">Slc26a4</span>
        </annotation>
        <annotation annotator="Mike Bada, University of Colorado School of Medicine" id="PR_reasoned_2017_04_17_Instance_13165" type="identity">
            <class id="PR:000015039" label="pendrin"/>
            <span end="18864" id="15320950-5612" start="18857">Slc26a4</span>
        </annotation>
        <annotation annotator="Mike Bada, University of Colorado School of Medicine" id="PR_reasoned_2017_04_17_Instance_13167" type="identity">
            <class id="PR:000001979" label="ATP-sensitive inward rectifier potassium channel 10"/>
            <span end="18981" id="15320950-5614" start="18975">KCNJ10</span>
        </annotation>
        <annotation annotator="Mike Bada, University of Colorado School of Medicine" id="PR_reasoned_2017_04_17_Instance_13169" type="identity">
            <class id="PR:000015039" label="pendrin"/>
            <span end="19274" id="15320950-5616" start="19267">Slc26a4</span>
        </annotation>
        <annotation annotator="Mike Bada, University of Colorado School of Medicine" id="PR_reasoned_2017_04_17_Instance_13171" type="identity">
            <class id="PR:000015039" label="pendrin"/>
            <span end="19381" id="15320950-5618" start="19374">Slc26a4</span>
        </annotation>
        <annotation annotator="Mike Bada, University of Colorado School of Medicine" id="PR_reasoned_2017_04_17_Instance_13173" type="identity">
            <class id="PR:000001979" label="ATP-sensitive inward rectifier potassium channel 10"/>
            <span end="19491" id="15320950-5620" start="19485">KCNJ10</span>
        </annotation>
        <annotation annotator="Mike Bada, University of Colorado School of Medicine" id="PR_reasoned_2017_04_17_Instance_13175" type="identity">
            <class id="PR:000015039" label="pendrin"/>
            <span end="19563" id="15320950-5622" start="19556">Slc26a4</span>
        </annotation>
        <annotation annotator="Mike Bada, University of Colorado School of Medicine" id="PR_reasoned_2017_04_17_Instance_13177" type="identity">
            <class id="PR:000015039" label="pendrin"/>
            <span end="19612" id="15320950-5624" start="19605">Slc26a4</span>
        </annotation>
        <annotation annotator="Mike Bada, University of Colorado School of Medicine" id="PR_reasoned_2017_04_17_Instance_13179" type="identity">
            <class id="PR:000000728" label="voltage-gated potassium channel subunit KCNQ1"/>
            <span end="19655" id="15320950-5626" start="19650">KCNQ1</span>
        </annotation>
        <annotation annotator="Mike Bada, University of Colorado School of Medicine" id="PR_reasoned_2017_04_17_Instance_13181" type="identity">
            <class id="PR:000000731" label="voltage-gated potassium channel subunit KCNQ4"/>
            <span end="19665" id="15320950-5628" start="19660">KCNQ4</span>
        </annotation>
        <annotation annotator="Mike Bada, University of Colorado School of Medicine" id="PR_reasoned_2017_04_17_Instance_13183" type="identity">
            <class id="PR:000000728" label="voltage-gated potassium channel subunit KCNQ1"/>
            <span end="19820" id="15320950-5630" start="19815">KCNQ1</span>
        </annotation>
        <annotation annotator="Mike Bada, University of Colorado School of Medicine" id="PR_reasoned_2017_04_17_Instance_13185" type="identity">
            <class id="PR:000000731" label="voltage-gated potassium channel subunit KCNQ4"/>
            <span end="19919" id="15320950-5632" start="19914">KCNQ4</span>
        </annotation>
        <annotation annotator="Mike Bada, University of Colorado School of Medicine" id="PR_reasoned_2017_04_17_Instance_13187" type="identity">
            <class id="PR:000000728" label="voltage-gated potassium channel subunit KCNQ1"/>
            <span end="20025" id="15320950-5634" start="20020">KCNQ1</span>
        </annotation>
        <annotation annotator="Mike Bada, University of Colorado School of Medicine" id="PR_reasoned_2017_04_17_Instance_13189" type="identity">
            <class id="PR:000000731" label="voltage-gated potassium channel subunit KCNQ4"/>
            <span end="20128" id="15320950-5636" start="20123">KCNQ4</span>
        </annotation>
        <annotation annotator="Mike Bada, University of Colorado School of Medicine" id="PR_reasoned_2017_04_17_Instance_13191" type="identity">
            <class id="PR:000001979" label="ATP-sensitive inward rectifier potassium channel 10"/>
            <span end="20261" id="15320950-5638" start="20255">KCNJ10</span>
        </annotation>
        <annotation annotator="Mike Bada, University of Colorado School of Medicine" id="PR_reasoned_2017_04_17_Instance_13193" type="identity">
            <class id="PR:000000728" label="voltage-gated potassium channel subunit KCNQ1"/>
            <span end="20271" id="15320950-5640" start="20266">KCNQ1</span>
        </annotation>
        <annotation annotator="Mike Bada, University of Colorado School of Medicine" id="PR_reasoned_2017_04_17_Instance_13195" type="identity">
            <class id="PR:000001979" label="ATP-sensitive inward rectifier potassium channel 10"/>
            <span end="20437" id="15320950-5642" start="20431">KCNJ10</span>
        </annotation>
        <annotation annotator="Mike Bada, University of Colorado School of Medicine" id="PR_reasoned_2017_04_17_Instance_13197" type="identity">
            <class id="PR:000000728" label="voltage-gated potassium channel subunit KCNQ1"/>
            <span end="20447" id="15320950-5644" start="20442">KCNQ1</span>
        </annotation>
        <annotation annotator="Mike Bada, University of Colorado School of Medicine" id="PR_reasoned_2017_04_17_Instance_13199" type="identity">
            <class id="PR:000015039" label="pendrin"/>
            <span end="20513" id="15320950-5646" start="20506">Slc26a4</span>
        </annotation>
        <annotation annotator="Mike Bada, University of Colorado School of Medicine" id="PR_reasoned_2017_04_17_Instance_13201" type="identity">
            <class id="PR:000015039" label="pendrin"/>
            <span end="20528" id="15320950-5648" start="20521">Slc26a4</span>
        </annotation>
        <annotation annotator="Mike Bada, University of Colorado School of Medicine" id="PR_reasoned_2017_04_17_Instance_13203" type="identity">
            <class id="PR:000015039" label="pendrin"/>
            <span end="20884" id="15320950-5650" start="20877">Slc26a4</span>
        </annotation>
        <annotation annotator="Mike Bada, University of Colorado School of Medicine" id="PR_reasoned_2017_04_17_Instance_13205" type="identity">
            <class id="PR:000001979" label="ATP-sensitive inward rectifier potassium channel 10"/>
            <span end="21140" id="15320950-5652" start="21134">KCNJ10</span>
        </annotation>
        <annotation annotator="Mike Bada, University of Colorado School of Medicine" id="PR_reasoned_2017_04_17_Instance_13207" type="identity">
            <class id="PR:000000728" label="voltage-gated potassium channel subunit KCNQ1"/>
            <span end="21147" id="15320950-5654" start="21142">KCNQ1</span>
        </annotation>
        <annotation annotator="Mike Bada, University of Colorado School of Medicine" id="PR_reasoned_2017_04_17_Instance_13209" type="identity">
            <class id="PR:000000731" label="voltage-gated potassium channel subunit KCNQ4"/>
            <span end="21157" id="15320950-5656" start="21152">KCNQ4</span>
        </annotation>
        <annotation annotator="Mike Bada, University of Colorado School of Medicine" id="PR_reasoned_2017_04_17_Instance_13211" type="identity">
            <class id="PR:000001979" label="ATP-sensitive inward rectifier potassium channel 10"/>
            <span end="21295" id="15320950-5658" start="21289">KCNJ10</span>
        </annotation>
        <annotation annotator="Mike Bada, University of Colorado School of Medicine" id="PR_reasoned_2017_04_17_Instance_13213" type="identity">
            <class id="PR:000000728" label="voltage-gated potassium channel subunit KCNQ1"/>
            <span end="21305" id="15320950-5660" start="21300">KCNQ1</span>
        </annotation>
        <annotation annotator="Mike Bada, University of Colorado School of Medicine" id="PR_reasoned_2017_04_17_Instance_13215" type="identity">
            <class id="PR:000015039" label="pendrin"/>
            <span end="21327" id="15320950-5662" start="21320">Slc26a4</span>
        </annotation>
        <annotation annotator="Mike Bada, University of Colorado School of Medicine" id="PR_reasoned_2017_04_17_Instance_13217" type="identity">
            <class id="PR:000015039" label="pendrin"/>
            <span end="21356" id="15320950-5664" start="21349">Slc26a4</span>
        </annotation>
        <annotation annotator="Mike Bada, University of Colorado School of Medicine" id="PR_reasoned_2017_04_17_Instance_13219" type="identity">
            <class id="PR:000001979" label="ATP-sensitive inward rectifier potassium channel 10"/>
            <span end="21389" id="15320950-5666" start="21383">KCNJ10</span>
        </annotation>
        <annotation annotator="Mike Bada, University of Colorado School of Medicine" id="PR_reasoned_2017_04_17_Instance_13221" type="identity">
            <class id="PR:000015039" label="pendrin"/>
            <span end="21425" id="15320950-5668" start="21418">Slc26a4</span>
        </annotation>
        <annotation annotator="Mike Bada, University of Colorado School of Medicine" id="PR_reasoned_2017_04_17_Instance_13223" type="identity">
            <class id="PR:000001979" label="ATP-sensitive inward rectifier potassium channel 10"/>
            <span end="21516" id="15320950-5670" start="21510">KCNJ10</span>
        </annotation>
        <annotation annotator="Mike Bada, University of Colorado School of Medicine" id="PR_reasoned_2017_04_17_Instance_13225" type="identity">
            <class id="PR:000015039" label="pendrin"/>
            <span end="21554" id="15320950-5672" start="21547">Slc26a4</span>
        </annotation>
        <annotation annotator="Mike Bada, University of Colorado School of Medicine" id="PR_reasoned_2017_04_17_Instance_13227" type="identity">
            <class id="PR:000001979" label="ATP-sensitive inward rectifier potassium channel 10"/>
            <span end="21635" id="15320950-5674" start="21629">KCNJ10</span>
        </annotation>
        <annotation annotator="Mike Bada, University of Colorado School of Medicine" id="PR_reasoned_2017_04_17_Instance_13229" type="identity">
            <class id="PR:000001979" label="ATP-sensitive inward rectifier potassium channel 10"/>
            <span end="21739" id="15320950-5676" start="21733">KCNJ10</span>
        </annotation>
        <annotation annotator="Mike Bada, University of Colorado School of Medicine" id="PR_reasoned_2017_04_17_Instance_13231" type="identity">
            <class id="PR:000001979" label="ATP-sensitive inward rectifier potassium channel 10"/>
            <span end="21882" id="15320950-5678" start="21876">KCNJ10</span>
        </annotation>
        <annotation annotator="Mike Bada, University of Colorado School of Medicine" id="PR_reasoned_2017_04_17_Instance_13233" type="identity">
            <class id="PR:000015039" label="pendrin"/>
            <span end="21908" id="15320950-5680" start="21901">Slc26a4</span>
        </annotation>
        <annotation annotator="Mike Bada, University of Colorado School of Medicine" id="PR_reasoned_2017_04_17_Instance_13235" type="identity">
            <class id="PR:000015039" label="pendrin"/>
            <span end="21923" id="15320950-5682" start="21916">Slc26a4</span>
        </annotation>
        <annotation annotator="Mike Bada, University of Colorado School of Medicine" id="PR_reasoned_2017_04_17_Instance_13237" type="identity">
            <class id="PR:000001979" label="ATP-sensitive inward rectifier potassium channel 10"/>
            <span end="22170" id="15320950-5684" start="22164">KCNJ10</span>
        </annotation>
        <annotation annotator="Mike Bada, University of Colorado School of Medicine" id="PR_reasoned_2017_04_17_Instance_13239" type="identity">
            <class id="PR:000015039" label="pendrin"/>
            <span end="22181" id="15320950-5686" start="22174">Slc26a4</span>
        </annotation>
        <annotation annotator="Mike Bada, University of Colorado School of Medicine" id="PR_reasoned_2017_04_17_Instance_13241" type="identity">
            <class id="PR:000015039" label="pendrin"/>
            <span end="23006" id="15320950-5688" start="22999">Slc26a4</span>
        </annotation>
        <annotation annotator="Mike Bada, University of Colorado School of Medicine" id="PR_reasoned_2017_04_17_Instance_13243" type="identity">
            <class id="PR:000015039" label="pendrin"/>
            <span end="23655" id="15320950-5690" start="23648">Slc26a4</span>
        </annotation>
        <annotation annotator="Mike Bada, University of Colorado School of Medicine" id="PR_reasoned_2017_04_17_Instance_13245" type="identity">
            <class id="PR:000015039" label="pendrin"/>
            <span end="23670" id="15320950-5692" start="23663">Slc26a4</span>
        </annotation>
        <annotation annotator="Mike Bada, University of Colorado School of Medicine" id="PR_reasoned_2017_04_17_Instance_13247" type="identity">
            <class id="PR:000015039" label="pendrin"/>
            <span end="24618" id="15320950-5694" start="24611">Slc26a4</span>
        </annotation>
        <annotation annotator="Mike Bada, University of Colorado School of Medicine" id="PR_reasoned_2017_04_17_Instance_13249" type="identity">
            <class id="PR:000015039" label="pendrin"/>
            <span end="25609" id="15320950-5696" start="25602">Slc26a4</span>
        </annotation>
        <annotation annotator="Mike Bada, University of Colorado School of Medicine" id="PR_reasoned_2017_04_17_Instance_13251" type="identity">
            <class id="PR:000015039" label="pendrin"/>
            <span end="25624" id="15320950-5698" start="25617">Slc26a4</span>
        </annotation>
        <annotation annotator="Mike Bada, University of Colorado School of Medicine" id="PR_reasoned_2017_04_17_Instance_13253" type="identity">
            <class id="PR:000015039" label="pendrin"/>
            <span end="25856" id="15320950-5700" start="25849">Slc26a4</span>
        </annotation>
        <annotation annotator="Mike Bada, University of Colorado School of Medicine" id="PR_reasoned_2017_04_17_Instance_13255" type="identity">
            <class id="PR:000015039" label="pendrin"/>
            <span end="25897" id="15320950-5702" start="25890">Slc26a4</span>
        </annotation>
        <annotation annotator="Mike Bada, University of Colorado School of Medicine" id="PR_reasoned_2017_04_17_Instance_13257" type="identity">
            <class id="PR:000015039" label="pendrin"/>
            <span end="25992" id="15320950-5704" start="25985">Slc26a4</span>
        </annotation>
        <annotation annotator="Mike Bada, University of Colorado School of Medicine" id="PR_reasoned_2017_04_17_Instance_13259" type="identity">
            <class id="PR:000015039" label="pendrin"/>
            <span end="26626" id="15320950-5706" start="26619">Pendrin</span>
        </annotation>
        <annotation annotator="Mike Bada, University of Colorado School of Medicine" id="PR_reasoned_2017_04_17_Instance_13261" type="identity">
            <class id="PR:000015039" label="pendrin"/>
            <span end="26901" id="15320950-5708" start="26894">Slc26a4</span>
        </annotation>
        <annotation annotator="Mike Bada, University of Colorado School of Medicine" id="PR_reasoned_2017_04_17_Instance_13263" type="identity">
            <class id="PR:000016364" label="tight junction protein ZO-1"/>
            <span end="27080" id="15320950-5710" start="27076">ZO-1</span>
        </annotation>
        <annotation annotator="Mike Bada, University of Colorado School of Medicine" id="PR_reasoned_2017_04_17_Instance_13265" type="identity">
            <class id="PR:000016364" label="tight junction protein ZO-1"/>
            <span end="27148" id="15320950-5712" start="27144">ZO-1</span>
        </annotation>
        <annotation annotator="Mike Bada, University of Colorado School of Medicine" id="PR_reasoned_2017_04_17_Instance_13267" type="identity">
            <class id="PR:000015039" label="pendrin"/>
            <span end="27292" id="15320950-5714" start="27285">Slc26a4</span>
        </annotation>
        <annotation annotator="Mike Bada, University of Colorado School of Medicine" id="PR_reasoned_2017_04_17_Instance_13269" type="identity">
            <class id="PR:000015039" label="pendrin"/>
            <span end="27591" id="15320950-5716" start="27584">Slc26a4</span>
        </annotation>
        <annotation annotator="Mike Bada, University of Colorado School of Medicine" id="PR_reasoned_2017_04_17_Instance_13271" type="identity">
            <class id="PR:000015039" label="pendrin"/>
            <span end="27827" id="15320950-5718" start="27820">Slc26a4</span>
        </annotation>
        <annotation annotator="Mike Bada, University of Colorado School of Medicine" id="PR_reasoned_2017_04_17_Instance_13273" type="identity">
            <class id="PR:000015039" label="pendrin"/>
            <span end="28017" id="15320950-5720" start="28010">Slc26a4</span>
        </annotation>
        <annotation annotator="Mike Bada, University of Colorado School of Medicine" id="PR_reasoned_2017_04_17_Instance_13275" type="identity">
            <class id="PR:000000728" label="voltage-gated potassium channel subunit KCNQ1"/>
            <span end="28224" id="15320950-5722" start="28219">KCNQ1</span>
        </annotation>
        <annotation annotator="Mike Bada, University of Colorado School of Medicine" id="PR_reasoned_2017_04_17_Instance_13277" type="identity">
            <class id="PR:000009255" label="potassium voltage-gated channel subfamily E member 1"/>
            <span end="28231" id="15320950-5724" start="28226">KCNE1</span>
        </annotation>
        <annotation annotator="Mike Bada, University of Colorado School of Medicine" id="PR_reasoned_2017_04_17_Instance_13279" type="identity">
            <class id="PR:000014925" label="solute carrier family 12 member 2"/>
            <span end="28243" id="15320950-5726" start="28236">SLC12A2</span>
        </annotation>
        <annotation annotator="Mike Bada, University of Colorado School of Medicine" id="PR_reasoned_2017_04_17_Instance_13281" type="identity">
            <class id="PR:000007998" label="gap junction beta-2 protein"/>
            <span end="28305" id="15320950-5728" start="28301">GJB2</span>
        </annotation>
        <annotation annotator="Mike Bada, University of Colorado School of Medicine" id="PR_reasoned_2017_04_17_Instance_13283" type="identity">
            <class id="PR:000007998" label="gap junction beta-2 protein"/>
            <span end="28311" id="15320950-5730" start="28307">Cx26</span>
        </annotation>
        <annotation annotator="Mike Bada, University of Colorado School of Medicine" id="PR_reasoned_2017_04_17_Instance_13285" type="identity">
            <class id="PR:000014925" label="solute carrier family 12 member 2"/>
            <span end="28492" id="15320950-5732" start="28485">SLC12A2</span>
        </annotation>
        <annotation annotator="Mike Bada, University of Colorado School of Medicine" id="PR_reasoned_2017_04_17_Instance_13287" type="identity">
            <class id="PR:000015039" label="pendrin"/>
            <span end="28555" id="15320950-5734" start="28548">Slc26a4</span>
        </annotation>
        <annotation annotator="Mike Bada, University of Colorado School of Medicine" id="PR_reasoned_2017_04_17_Instance_13289" type="identity">
            <class id="PR:000015039" label="pendrin"/>
            <span end="28570" id="15320950-5736" start="28563">Slc26a4</span>
        </annotation>
        <annotation annotator="Mike Bada, University of Colorado School of Medicine" id="PR_reasoned_2017_04_17_Instance_13291" type="identity">
            <class id="PR:000015039" label="pendrin"/>
            <span end="28653" id="15320950-5738" start="28646">Slc26a4</span>
        </annotation>
        <annotation annotator="Mike Bada, University of Colorado School of Medicine" id="PR_reasoned_2017_04_17_Instance_13293" type="identity">
            <class id="PR:000000728" label="voltage-gated potassium channel subunit KCNQ1"/>
            <span end="28719" id="15320950-5740" start="28714">KCNQ1</span>
        </annotation>
        <annotation annotator="Mike Bada, University of Colorado School of Medicine" id="PR_reasoned_2017_04_17_Instance_13295" type="identity">
            <class id="PR:000009255" label="potassium voltage-gated channel subfamily E member 1"/>
            <span end="28729" id="15320950-5742" start="28724">KCNE1</span>
        </annotation>
        <annotation annotator="Mike Bada, University of Colorado School of Medicine" id="PR_reasoned_2017_04_17_Instance_13297" type="identity">
            <class id="PR:000014925" label="solute carrier family 12 member 2"/>
            <span end="28873" id="15320950-5744" start="28866">SLC12A2</span>
        </annotation>
        <annotation annotator="Mike Bada, University of Colorado School of Medicine" id="PR_reasoned_2017_04_17_Instance_13299" type="identity">
            <class id="PR:000007998" label="gap junction beta-2 protein"/>
            <span end="29010" id="15320950-5746" start="29006">GJB2</span>
        </annotation>
        <annotation annotator="Mike Bada, University of Colorado School of Medicine" id="PR_reasoned_2017_04_17_Instance_13301" type="identity">
            <class id="PR:000015039" label="pendrin"/>
            <span end="29050" id="15320950-5748" start="29043">Slc26a4</span>
        </annotation>
        <annotation annotator="Mike Bada, University of Colorado School of Medicine" id="PR_reasoned_2017_04_17_Instance_13303" type="identity">
            <class id="PR:000015039" label="pendrin"/>
            <span end="29065" id="15320950-5750" start="29058">Slc26a4</span>
        </annotation>
        <annotation annotator="Mike Bada, University of Colorado School of Medicine" id="PR_reasoned_2017_04_17_Instance_13305" type="identity">
            <class id="PR:000000728" label="voltage-gated potassium channel subunit KCNQ1"/>
            <span end="29108" id="15320950-5752" start="29103">KCNQ1</span>
        </annotation>
        <annotation annotator="Mike Bada, University of Colorado School of Medicine" id="PR_reasoned_2017_04_17_Instance_13307" type="identity">
            <class id="PR:000009255" label="potassium voltage-gated channel subfamily E member 1"/>
            <span end="29118" id="15320950-5754" start="29113">KCNE1</span>
        </annotation>
        <annotation annotator="Mike Bada, University of Colorado School of Medicine" id="PR_reasoned_2017_04_17_Instance_13309" type="identity">
            <class id="PR:000000728" label="voltage-gated potassium channel subunit KCNQ1"/>
            <span end="29201" id="15320950-5756" start="29196">KCNQ1</span>
        </annotation>
        <annotation annotator="Mike Bada, University of Colorado School of Medicine" id="PR_reasoned_2017_04_17_Instance_13311" type="identity">
            <class id="PR:000015039" label="pendrin"/>
            <span end="29240" id="15320950-5758" start="29233">Slc26a4</span>
        </annotation>
        <annotation annotator="Mike Bada, University of Colorado School of Medicine" id="PR_reasoned_2017_04_17_Instance_13313" type="identity">
            <class id="PR:000000728" label="voltage-gated potassium channel subunit KCNQ1"/>
            <span end="29288" id="15320950-5760" start="29283">KCNQ1</span>
        </annotation>
        <annotation annotator="Mike Bada, University of Colorado School of Medicine" id="PR_reasoned_2017_04_17_Instance_13315" type="identity">
            <class id="PR:000000728" label="voltage-gated potassium channel subunit KCNQ1"/>
            <span end="29566" id="15320950-5762" start="29561">KCNQ1</span>
        </annotation>
        <annotation annotator="Mike Bada, University of Colorado School of Medicine" id="PR_reasoned_2017_04_17_Instance_13317" type="identity">
            <class id="PR:000009255" label="potassium voltage-gated channel subfamily E member 1"/>
            <span end="29573" id="15320950-5764" start="29568">KCNE1</span>
        </annotation>
        <annotation annotator="Mike Bada, University of Colorado School of Medicine" id="PR_reasoned_2017_04_17_Instance_13319" type="identity">
            <class id="PR:000014925" label="solute carrier family 12 member 2"/>
            <span end="29582" id="15320950-5766" start="29575">SLC12A2</span>
        </annotation>
        <annotation annotator="Mike Bada, University of Colorado School of Medicine" id="PR_reasoned_2017_04_17_Instance_13321" type="identity">
            <class id="PR:000007998" label="gap junction beta-2 protein"/>
            <span end="29591" id="15320950-5768" start="29587">GJB2</span>
        </annotation>
        <annotation annotator="Mike Bada, University of Colorado School of Medicine" id="PR_reasoned_2017_04_17_Instance_13323" type="identity">
            <class id="PR:000015039" label="pendrin"/>
            <span end="29631" id="15320950-5770" start="29624">Slc26a4</span>
        </annotation>
        <annotation annotator="Mike Bada, University of Colorado School of Medicine" id="PR_reasoned_2017_04_17_Instance_13325" type="identity">
            <class id="PR:000015039" label="pendrin"/>
            <span end="29646" id="15320950-5772" start="29639">Slc26a4</span>
        </annotation>
        <annotation annotator="Mike Bada, University of Colorado School of Medicine" id="PR_reasoned_2017_04_17_Instance_13327" type="identity">
            <class id="PR:000015039" label="pendrin"/>
            <span end="29809" id="15320950-5774" start="29802">pendrin</span>
        </annotation>
        <annotation annotator="Mike Bada, University of Colorado School of Medicine" id="PR_reasoned_2017_04_17_Instance_13329" type="identity">
            <class id="PR:000015039" label="pendrin"/>
            <span end="29988" id="15320950-5776" start="29981">Slc26a4</span>
        </annotation>
        <annotation annotator="Mike Bada, University of Colorado School of Medicine" id="PR_reasoned_2017_04_17_Instance_13331" type="identity">
            <class id="PR:000001979" label="ATP-sensitive inward rectifier potassium channel 10"/>
            <span end="30063" id="15320950-5778" start="30057">KCNJ10</span>
        </annotation>
        <annotation annotator="Mike Bada, University of Colorado School of Medicine" id="PR_reasoned_2017_04_17_Instance_13335" type="identity">
            <class id="PR:000015039" label="pendrin"/>
            <span end="30592" id="15320950-5780" start="30585">pendrin</span>
        </annotation>
        <annotation annotator="Mike Bada, University of Colorado School of Medicine" id="PR_reasoned_2017_04_17_Instance_13337" type="identity">
            <class id="PR:000015039" label="pendrin"/>
            <span end="31021" id="15320950-5782" start="31014">pendrin</span>
        </annotation>
        <annotation annotator="Mike Bada, University of Colorado School of Medicine" id="PR_reasoned_2017_04_17_Instance_13339" type="identity">
            <class id="PR:000001979" label="ATP-sensitive inward rectifier potassium channel 10"/>
            <span end="31269" id="15320950-5784" start="31263">KCNJ10</span>
        </annotation>
        <annotation annotator="Mike Bada, University of Colorado School of Medicine" id="PR_reasoned_2017_04_17_Instance_13341" type="identity">
            <class id="PR:000001979" label="ATP-sensitive inward rectifier potassium channel 10"/>
            <span end="31511" id="15320950-5786" start="31505">KCNJ10</span>
        </annotation>
        <annotation annotator="Mike Bada, University of Colorado School of Medicine" id="PR_reasoned_2017_04_17_Instance_13343" type="identity">
            <class id="PR:000015039" label="pendrin"/>
            <span end="31673" id="15320950-5788" start="31666">Slc26a4</span>
        </annotation>
        <annotation annotator="Mike Bada, University of Colorado School of Medicine" id="PR_reasoned_2017_04_17_Instance_13345" type="identity">
            <class id="PR:000001979" label="ATP-sensitive inward rectifier potassium channel 10"/>
            <span end="31767" id="15320950-5790" start="31761">KCNJ10</span>
        </annotation>
        <annotation annotator="Mike Bada, University of Colorado School of Medicine" id="PR_reasoned_2017_04_17_Instance_13351" type="identity">
            <class id="PR:000015039" label="pendrin"/>
            <span end="31793" id="15320950-5792" start="31786">pendrin</span>
        </annotation>
        <annotation annotator="Mike Bada, University of Colorado School of Medicine" id="PR_reasoned_2017_04_17_Instance_13353" type="identity">
            <class id="PR:000015039" label="pendrin"/>
            <span end="32585" id="15320950-5794" start="32578">pendrin</span>
        </annotation>
        <graph-space id="Old Knowtator Relations"/>
    </document>
</knowtator-project>
