<?xml version="1.0" encoding="UTF-8" standalone="no"?>
<knowtator-project>
    <document id="15588329" text-file="15588329.txt">
        <annotation annotator="Mike Bada, University of Colorado School of Medicine" id="PR_reasoned_2017_04_17_Instance_17205" type="identity">
            <class id="PR:000022190" label="ATP synthase subunit c"/>
            <span end="70" id="15588329-8831" start="61">subunit c</span>
        </annotation>
        <annotation annotator="Mike Bada, University of Colorado School of Medicine" id="PR_reasoned_2017_04_17_Instance_15709" type="identity">
            <class id="PR:000005591" label="battenin"/>
            <span end="286" id="15588329-8583" start="282">CLN3</span>
        </annotation>
        <annotation annotator="Mike Bada, University of Colorado School of Medicine" id="PR_reasoned_2017_04_17_Instance_15711" type="identity">
            <class id="PR:000005591" label="battenin"/>
            <span end="327" id="15588329-8585" start="319">battenin</span>
        </annotation>
        <annotation annotator="Mike Bada, University of Colorado School of Medicine" id="PR_reasoned_2017_04_17_Instance_17207" type="identity">
            <class id="PR:000022190" label="ATP synthase subunit c"/>
            <span end="397" id="15588329-8833" start="360">mitochondrial ATP synthase, subunit c</span>
        </annotation>
        <annotation annotator="Mike Bada, University of Colorado School of Medicine" id="PR_reasoned_2017_04_17_Instance_121283" type="identity">
            <class id="PR:000005591" label="battenin"/>
            <span end="462" id="15588329-8335" start="458">Cln3</span>
        </annotation>
        <annotation annotator="Mike Bada, University of Colorado School of Medicine" id="PR_reasoned_2017_04_17_Instance_15713" type="identity">
            <class id="PR:000005591" label="battenin"/>
            <span end="549" id="15588329-8587" start="541">battenin</span>
        </annotation>
        <annotation annotator="Mike Bada, University of Colorado School of Medicine" id="PR_reasoned_2017_04_17_Instance_121285" type="identity">
            <class id="PR:000005591" label="battenin"/>
            <span end="752" id="15588329-8337" start="748">Cln3</span>
        </annotation>
        <annotation annotator="Mike Bada, University of Colorado School of Medicine" id="PR_reasoned_2017_04_17_Instance_17273" type="identity">
            <class id="PR:000010124" label="microtubule-associated protein 2"/>
            <span end="862" id="15588329-8900" start="857">MAP-2</span>
        </annotation>
        <annotation annotator="Mike Bada, University of Colorado School of Medicine" id="PR_reasoned_2017_04_17_Instance_121529" type="identity">
            <class id="PR:000006252" label="RNA binding protein fox-1 homolog 3"/>
            <span end="871" id="15588329-8581" start="867">NeuN</span>
        </annotation>
        <annotation annotator="Mike Bada, University of Colorado School of Medicine" id="PR_reasoned_2017_04_17_Instance_121287" type="identity">
            <class id="PR:000005591" label="battenin"/>
            <span end="918" id="15588329-8339" start="914">Cln3</span>
        </annotation>
        <annotation annotator="Mike Bada, University of Colorado School of Medicine" id="PR_reasoned_2017_04_17_Instance_15715" type="identity">
            <class id="PR:000005591" label="battenin"/>
            <span end="978" id="15588329-8589" start="970">battenin</span>
        </annotation>
        <annotation annotator="Mike Bada, University of Colorado School of Medicine" id="PR_reasoned_2017_04_17_Instance_17209" type="identity">
            <class id="PR:000022190" label="ATP synthase subunit c"/>
            <span end="1036" id="15588329-8835" start="1020">ATPase subunit c</span>
        </annotation>
        <annotation annotator="Mike Bada, University of Colorado School of Medicine" id="PR_reasoned_2017_04_17_Instance_15717" type="identity">
            <class id="PR:000006025" label="cathepsin D"/>
            <span end="1113" id="15588329-8591" start="1102">cathepsin D</span>
        </annotation>
        <annotation annotator="Mike Bada, University of Colorado School of Medicine" id="PR_reasoned_2017_04_17_Instance_15719" type="identity">
            <class id="PR:000005591" label="battenin"/>
            <span end="1469" id="15588329-8593" start="1461">battenin</span>
        </annotation>
        <annotation annotator="Mike Bada, University of Colorado School of Medicine" id="PR_reasoned_2017_04_17_Instance_15721" type="identity">
            <class id="PR:000005591" label="battenin"/>
            <span end="2048" id="15588329-8595" start="2044">CLN3</span>
        </annotation>
        <annotation annotator="Mike Bada, University of Colorado School of Medicine" id="PR_reasoned_2017_04_17_Instance_17211" type="identity">
            <class id="PR:000022190" label="ATP synthase subunit c"/>
            <span end="2300" id="15588329-8837" start="2288">subunit c of</span>
            <span end="2339" id="15588329-8838" start="2305">mitochondrial ATP synthase complex</span>
        </annotation>
        <annotation annotator="Mike Bada, University of Colorado School of Medicine" id="PR_reasoned_2017_04_17_Instance_17213" type="identity">
            <class id="PR:000022190" label="ATP synthase subunit c"/>
            <span end="2512" id="15588329-8840" start="2503">subunit c</span>
        </annotation>
        <annotation annotator="Mike Bada, University of Colorado School of Medicine" id="PR_reasoned_2017_04_17_Instance_15723" type="identity">
            <class id="PR:000005591" label="battenin"/>
            <span end="2656" id="15588329-8597" start="2652">CLN3</span>
        </annotation>
        <annotation annotator="Mike Bada, University of Colorado School of Medicine" id="PR_reasoned_2017_04_17_Instance_15725" type="identity">
            <class id="PR:000005591" label="battenin"/>
            <span end="2682" id="15588329-8599" start="2674">battenin</span>
        </annotation>
        <annotation annotator="Mike Bada, University of Colorado School of Medicine" id="PR_reasoned_2017_04_17_Instance_15727" type="identity">
            <class id="PR:000005591" label="battenin"/>
            <span end="2700" id="15588329-8601" start="2696">CLN3</span>
        </annotation>
        <annotation annotator="Mike Bada, University of Colorado School of Medicine" id="PR_reasoned_2017_04_17_Instance_15729" type="identity">
            <class id="PR:000005591" label="battenin"/>
            <span end="2710" id="15588329-8603" start="2704">cln3 p</span>
        </annotation>
        <annotation annotator="Mike Bada, University of Colorado School of Medicine" id="PR_reasoned_2017_04_17_Instance_15731" type="identity">
            <class id="PR:000005591" label="battenin"/>
            <span end="2870" id="15588329-8605" start="2862">Battenin</span>
        </annotation>
        <annotation annotator="Mike Bada, University of Colorado School of Medicine" id="PR_reasoned_2017_04_17_Instance_121289" type="identity">
            <class id="PR:Q9US09" label="protein btn1 (Schizosaccharomyces pombe 972h-)"/>
            <span end="2930" id="15588329-8341" start="2926">btn1</span>
        </annotation>
        <annotation annotator="Mike Bada, University of Colorado School of Medicine" id="PR_reasoned_2017_04_17_Instance_15735" type="identity">
            <class id="PR:000005591" label="battenin"/>
            <span end="2946" id="15588329-8607" start="2942">CLN3</span>
        </annotation>
        <annotation annotator="Mike Bada, University of Colorado School of Medicine" id="PR_reasoned_2017_04_17_Instance_15737" type="identity">
            <class id="PR:000005591" label="battenin"/>
            <span end="2981" id="15588329-8609" start="2973">battenin</span>
        </annotation>
        <annotation annotator="Mike Bada, University of Colorado School of Medicine" id="PR_reasoned_2017_04_17_Instance_15739" type="identity">
            <class id="PR:000005591" label="battenin"/>
            <span end="3086" id="15588329-8611" start="3078">battenin</span>
        </annotation>
        <annotation annotator="Mike Bada, University of Colorado School of Medicine" id="PR_reasoned_2017_04_17_Instance_121291" type="identity">
            <class id="PR:000005591" label="battenin"/>
            <span end="3165" id="15588329-8343" start="3161">Cln3</span>
        </annotation>
        <annotation annotator="Mike Bada, University of Colorado School of Medicine" id="PR_reasoned_2017_04_17_Instance_15741" type="identity">
            <class id="PR:000005591" label="battenin"/>
            <span end="3267" id="15588329-8613" start="3259">battenin</span>
        </annotation>
        <annotation annotator="Mike Bada, University of Colorado School of Medicine" id="PR_reasoned_2017_04_17_Instance_121293" type="identity">
            <class id="PR:000005591" label="battenin"/>
            <span end="3359" id="15588329-8345" start="3355">Cln3</span>
        </annotation>
        <annotation annotator="Mike Bada, University of Colorado School of Medicine" id="PR_reasoned_2017_04_17_Instance_17215" type="identity">
            <class id="PR:000022190" label="ATP synthase subunit c"/>
            <span end="3454" id="15588329-8842" start="3445">subunit c</span>
        </annotation>
        <annotation annotator="Mike Bada, University of Colorado School of Medicine" id="PR_reasoned_2017_04_17_Instance_17217" type="identity">
            <class id="PR:000022190" label="ATP synthase subunit c"/>
            <span end="3658" id="15588329-8844" start="3635">mitochondrial subunit c</span>
        </annotation>
        <annotation annotator="Mike Bada, University of Colorado School of Medicine" id="PR_reasoned_2017_04_17_Instance_121295" type="identity">
            <class id="PR:000005591" label="battenin"/>
            <span end="3928" id="15588329-8347" start="3924">Cln3</span>
        </annotation>
        <annotation annotator="Mike Bada, University of Colorado School of Medicine" id="PR_reasoned_2017_04_17_Instance_121297" type="identity">
            <class id="PR:000005591" label="battenin"/>
            <span end="3967" id="15588329-8349" start="3963">Cln3</span>
        </annotation>
        <annotation annotator="Mike Bada, University of Colorado School of Medicine" id="PR_reasoned_2017_04_17_Instance_121299" type="identity">
            <class id="PR:000005591" label="battenin"/>
            <span end="4430" id="15588329-8351" start="4426">Cln3</span>
        </annotation>
        <annotation annotator="Mike Bada, University of Colorado School of Medicine" id="PR_reasoned_2017_04_17_Instance_15743" type="identity">
            <class id="PR:000011141" label="nestin"/>
            <span end="4783" id="15588329-8615" start="4777">nestin</span>
        </annotation>
        <annotation annotator="Mike Bada, University of Colorado School of Medicine" id="PR_reasoned_2017_04_17_Instance_15745" type="identity">
            <class id="PR:000007939" label="glial fibrillary acidic protein"/>
            <span end="4812" id="15588329-8617" start="4808">GFAP</span>
        </annotation>
        <annotation annotator="Mike Bada, University of Colorado School of Medicine" id="PR_reasoned_2017_04_17_Instance_15747" type="identity">
            <class id="PR:000011141" label="nestin"/>
            <span end="5281" id="15588329-8619" start="5275">nestin</span>
        </annotation>
        <annotation annotator="Mike Bada, University of Colorado School of Medicine" id="PR_reasoned_2017_04_17_Instance_17275" type="identity">
            <class id="PR:000010124" label="microtubule-associated protein 2"/>
            <span end="5328" id="15588329-8902" start="5324">MAP2</span>
        </annotation>
        <annotation annotator="Mike Bada, University of Colorado School of Medicine" id="PR_reasoned_2017_04_17_Instance_121301" type="identity">
            <class id="PR:000006252" label="RNA binding protein fox-1 homolog 3"/>
            <span end="5337" id="15588329-8353" start="5333">NeuN</span>
        </annotation>
        <annotation annotator="Mike Bada, University of Colorado School of Medicine" id="PR_reasoned_2017_04_17_Instance_15749" type="identity">
            <class id="PR:000004967" label="calbindin"/>
            <span end="5415" id="15588329-8621" start="5406">calbindin</span>
        </annotation>
        <annotation annotator="Mike Bada, University of Colorado School of Medicine" id="PR_reasoned_2017_04_17_Instance_121303" type="identity">
            <class id="PR:000005591" label="battenin"/>
            <span end="5474" id="15588329-8355" start="5470">Cln3</span>
        </annotation>
        <annotation annotator="Mike Bada, University of Colorado School of Medicine" id="PR_reasoned_2017_04_17_Instance_121305" type="identity">
            <class id="PR:000005591" label="battenin"/>
            <span end="5510" id="15588329-8357" start="5506">Cln3</span>
        </annotation>
        <annotation annotator="Mike Bada, University of Colorado School of Medicine" id="PR_reasoned_2017_04_17_Instance_121307" type="identity">
            <class id="PR:000005591" label="battenin"/>
            <span end="5581" id="15588329-8359" start="5577">Cln3</span>
        </annotation>
        <annotation annotator="Mike Bada, University of Colorado School of Medicine" id="PR_reasoned_2017_04_17_Instance_15751" type="identity">
            <class id="PR:000011141" label="nestin"/>
            <span end="5610" id="15588329-8623" start="5604">nestin</span>
        </annotation>
        <annotation annotator="Mike Bada, University of Colorado School of Medicine" id="PR_reasoned_2017_04_17_Instance_15753" type="identity">
            <class id="PR:000007939" label="glial fibrillary acidic protein"/>
            <span end="5638" id="15588329-8625" start="5634">GFAP</span>
        </annotation>
        <annotation annotator="Mike Bada, University of Colorado School of Medicine" id="PR_reasoned_2017_04_17_Instance_121309" type="identity">
            <class id="PR:000005591" label="battenin"/>
            <span end="5772" id="15588329-8361" start="5768">Cln3</span>
        </annotation>
        <annotation annotator="Mike Bada, University of Colorado School of Medicine" id="PR_reasoned_2017_04_17_Instance_17277" type="identity">
            <class id="PR:000010124" label="microtubule-associated protein 2"/>
            <span end="5876" id="15588329-8904" start="5872">MAP2</span>
        </annotation>
        <annotation annotator="Mike Bada, University of Colorado School of Medicine" id="PR_reasoned_2017_04_17_Instance_121311" type="identity">
            <class id="PR:000006252" label="RNA binding protein fox-1 homolog 3"/>
            <span end="5889" id="15588329-8363" start="5885">NeuN</span>
        </annotation>
        <annotation annotator="Mike Bada, University of Colorado School of Medicine" id="PR_reasoned_2017_04_17_Instance_121313" type="identity">
            <class id="PR:000005591" label="battenin"/>
            <span end="5926" id="15588329-8365" start="5922">Cln3</span>
        </annotation>
        <annotation annotator="Mike Bada, University of Colorado School of Medicine" id="PR_reasoned_2017_04_17_Instance_15755" type="identity">
            <class id="PR:000004967" label="calbindin"/>
            <span end="5989" id="15588329-8627" start="5980">calbindin</span>
        </annotation>
        <annotation annotator="Mike Bada, University of Colorado School of Medicine" id="PR_reasoned_2017_04_17_Instance_121315" type="identity">
            <class id="PR:000005591" label="battenin"/>
            <span end="6001" id="15588329-8367" start="5997">Cln3</span>
        </annotation>
        <annotation annotator="Mike Bada, University of Colorado School of Medicine" id="PR_reasoned_2017_04_17_Instance_121317" type="identity">
            <class id="PR:000005591" label="battenin"/>
            <span end="6020" id="15588329-8369" start="6016">Cln3</span>
        </annotation>
        <annotation annotator="Mike Bada, University of Colorado School of Medicine" id="PR_reasoned_2017_04_17_Instance_121319" type="identity">
            <class id="PR:000005591" label="battenin"/>
            <span end="6173" id="15588329-8371" start="6169">Cln3</span>
        </annotation>
        <annotation annotator="Mike Bada, University of Colorado School of Medicine" id="PR_reasoned_2017_04_17_Instance_15757" type="identity">
            <class id="PR:000005591" label="battenin"/>
            <span end="6209" id="15588329-8629" start="6201">battenin</span>
        </annotation>
        <annotation annotator="Mike Bada, University of Colorado School of Medicine" id="PR_reasoned_2017_04_17_Instance_121321" type="identity">
            <class id="PR:000005591" label="battenin"/>
            <span end="6261" id="15588329-8373" start="6257">Cln3</span>
        </annotation>
        <annotation annotator="Mike Bada, University of Colorado School of Medicine" id="PR_reasoned_2017_04_17_Instance_121323" type="identity">
            <class id="PR:000005591" label="battenin"/>
            <span end="6340" id="15588329-8375" start="6336">Cln3</span>
        </annotation>
        <annotation annotator="Mike Bada, University of Colorado School of Medicine" id="PR_reasoned_2017_04_17_Instance_15759" type="identity">
            <class id="PR:000005591" label="battenin"/>
            <span end="6382" id="15588329-8631" start="6378">Cln3</span>
        </annotation>
        <annotation annotator="Mike Bada, University of Colorado School of Medicine" id="PR_reasoned_2017_04_17_Instance_15761" type="identity">
            <class id="PR:000005591" label="battenin"/>
            <span end="6423" id="15588329-8633" start="6415">battenin</span>
        </annotation>
        <annotation annotator="Mike Bada, University of Colorado School of Medicine" id="PR_reasoned_2017_04_17_Instance_121325" type="identity">
            <class id="PR:000005591" label="battenin"/>
            <span end="6551" id="15588329-8377" start="6547">Cln3</span>
        </annotation>
        <annotation annotator="Mike Bada, University of Colorado School of Medicine" id="PR_reasoned_2017_04_17_Instance_15763" type="identity">
            <class id="PR:000005591" label="battenin"/>
            <span end="6589" id="15588329-8635" start="6581">battenin</span>
        </annotation>
        <annotation annotator="Mike Bada, University of Colorado School of Medicine" id="PR_reasoned_2017_04_17_Instance_15765" type="identity">
            <class id="PR:000005591" label="battenin"/>
            <span end="6655" id="15588329-8637" start="6651">Cln3</span>
        </annotation>
        <annotation annotator="Mike Bada, University of Colorado School of Medicine" id="PR_reasoned_2017_04_17_Instance_121327" type="identity">
            <class id="PR:000005591" label="battenin"/>
            <span end="6790" id="15588329-8379" start="6786">Cln3</span>
        </annotation>
        <annotation annotator="Mike Bada, University of Colorado School of Medicine" id="PR_reasoned_2017_04_17_Instance_15767" type="identity">
            <class id="PR:000005591" label="battenin"/>
            <span end="6894" id="15588329-8639" start="6886">battenin</span>
        </annotation>
        <annotation annotator="Mike Bada, University of Colorado School of Medicine" id="PR_reasoned_2017_04_17_Instance_121329" type="identity">
            <class id="PR:000005591" label="battenin"/>
            <span end="6923" id="15588329-8381" start="6919">Cln3</span>
        </annotation>
        <annotation annotator="Mike Bada, University of Colorado School of Medicine" id="PR_reasoned_2017_04_17_Instance_15769" type="identity">
            <class id="PR:000002060" label="lysosome-associated membrane glycoprotein 1"/>
            <span end="7106" id="15588329-8641" start="7101">Lamp1</span>
        </annotation>
        <annotation annotator="Mike Bada, University of Colorado School of Medicine" id="PR_reasoned_2017_04_17_Instance_15771" type="identity">
            <class id="PR:000006901" label="early endosome antigen 1"/>
            <span end="7170" id="15588329-8643" start="7146">early endosome antigen 1</span>
        </annotation>
        <annotation annotator="Mike Bada, University of Colorado School of Medicine" id="PR_reasoned_2017_04_17_Instance_15773" type="identity">
            <class id="PR:000006901" label="early endosome antigen 1"/>
            <span end="7176" id="15588329-8645" start="7172">EEA1</span>
        </annotation>
        <annotation annotator="Mike Bada, University of Colorado School of Medicine" id="PR_reasoned_2017_04_17_Instance_15775" type="identity">
            <class id="PR:000013639" label="ras-related protein Rab-7a"/>
            <span end="7213" id="15588329-8647" start="7209">Rab7</span>
        </annotation>
        <annotation annotator="Mike Bada, University of Colorado School of Medicine" id="PR_reasoned_2017_04_17_Instance_20397" type="identity">
            <class id="PR:000016261" label="serotransferrin"/>
            <span end="7312" id="15588329-8906" start="7301">transferrin</span>
        </annotation>
        <annotation annotator="Mike Bada, University of Colorado School of Medicine" id="PR_reasoned_2017_04_17_Instance_15777" type="identity">
            <class id="PR:000002060" label="lysosome-associated membrane glycoprotein 1"/>
            <span end="7371" id="15588329-8649" start="7366">Lamp1</span>
        </annotation>
        <annotation annotator="Mike Bada, University of Colorado School of Medicine" id="PR_reasoned_2017_04_17_Instance_15779" type="identity">
            <class id="PR:000006901" label="early endosome antigen 1"/>
            <span end="7380" id="15588329-8651" start="7376">EEA1</span>
        </annotation>
        <annotation annotator="Mike Bada, University of Colorado School of Medicine" id="PR_reasoned_2017_04_17_Instance_121331" type="identity">
            <class id="PR:000005591" label="battenin"/>
            <span end="7446" id="15588329-8383" start="7442">Cln3</span>
        </annotation>
        <annotation annotator="Mike Bada, University of Colorado School of Medicine" id="PR_reasoned_2017_04_17_Instance_15783" type="identity">
            <class id="PR:000013639" label="ras-related protein Rab-7a"/>
            <span end="7526" id="15588329-8653" start="7522">Rab7</span>
        </annotation>
        <annotation annotator="Mike Bada, University of Colorado School of Medicine" id="PR_reasoned_2017_04_17_Instance_121333" type="identity">
            <class id="PR:000005591" label="battenin"/>
            <span end="7584" id="15588329-8385" start="7580">Cln3</span>
        </annotation>
        <annotation annotator="Mike Bada, University of Colorado School of Medicine" id="PR_reasoned_2017_04_17_Instance_121335" type="identity">
            <class id="PR:000005591" label="battenin"/>
            <span end="7626" id="15588329-8387" start="7622">Cln3</span>
        </annotation>
        <annotation annotator="Mike Bada, University of Colorado School of Medicine" id="PR_reasoned_2017_04_17_Instance_15785" type="identity">
            <class id="PR:000005591" label="battenin"/>
            <span end="7666" id="15588329-8655" start="7662">Cln3</span>
        </annotation>
        <annotation annotator="Mike Bada, University of Colorado School of Medicine" id="PR_reasoned_2017_04_17_Instance_15787" type="identity">
            <class id="PR:000005591" label="battenin"/>
            <span end="7839" id="15588329-8657" start="7835">Cln3</span>
        </annotation>
        <annotation annotator="Mike Bada, University of Colorado School of Medicine" id="PR_reasoned_2017_04_17_Instance_121337" type="identity">
            <class id="PR:000005591" label="battenin"/>
            <span end="7879" id="15588329-8389" start="7875">Cln3</span>
        </annotation>
        <annotation annotator="Mike Bada, University of Colorado School of Medicine" id="PR_reasoned_2017_04_17_Instance_15789" type="identity">
            <class id="PR:000005591" label="battenin"/>
            <span end="7896" id="15588329-8659" start="7892">Cln3</span>
        </annotation>
        <annotation annotator="Mike Bada, University of Colorado School of Medicine" id="PR_reasoned_2017_04_17_Instance_15791" type="identity">
            <class id="PR:000005591" label="battenin"/>
            <span end="8338" id="15588329-8661" start="8330">Battenin</span>
        </annotation>
        <annotation annotator="Mike Bada, University of Colorado School of Medicine" id="PR_reasoned_2017_04_17_Instance_121339" type="identity">
            <class id="PR:000005591" label="battenin"/>
            <span end="8420" id="15588329-8391" start="8416">Cln3</span>
        </annotation>
        <annotation annotator="Mike Bada, University of Colorado School of Medicine" id="PR_reasoned_2017_04_17_Instance_121341" type="identity">
            <class id="PR:000005591" label="battenin"/>
            <span end="8495" id="15588329-8393" start="8491">Cln3</span>
        </annotation>
        <annotation annotator="Mike Bada, University of Colorado School of Medicine" id="PR_reasoned_2017_04_17_Instance_121343" type="identity">
            <class id="PR:000005591" label="battenin"/>
            <span end="8529" id="15588329-8395" start="8525">Cln3</span>
        </annotation>
        <annotation annotator="Mike Bada, University of Colorado School of Medicine" id="PR_reasoned_2017_04_17_Instance_15793" type="identity">
            <class id="PR:000002060" label="lysosome-associated membrane glycoprotein 1"/>
            <span end="8619" id="15588329-8663" start="8613">Lamp 1</span>
        </annotation>
        <annotation annotator="Mike Bada, University of Colorado School of Medicine" id="PR_reasoned_2017_04_17_Instance_15795" type="identity">
            <class id="PR:000006901" label="early endosome antigen 1"/>
            <span end="8643" id="15588329-8665" start="8639">EEA1</span>
        </annotation>
        <annotation annotator="Mike Bada, University of Colorado School of Medicine" id="PR_reasoned_2017_04_17_Instance_15797" type="identity">
            <class id="PR:000013639" label="ras-related protein Rab-7a"/>
            <span end="8670" id="15588329-8667" start="8666">Rab7</span>
        </annotation>
        <annotation annotator="Mike Bada, University of Colorado School of Medicine" id="PR_reasoned_2017_04_17_Instance_15799" type="identity">
            <class id="PR:000006901" label="early endosome antigen 1"/>
            <span end="8724" id="15588329-8669" start="8720">EEA1</span>
        </annotation>
        <annotation annotator="Mike Bada, University of Colorado School of Medicine" id="PR_reasoned_2017_04_17_Instance_15801" type="identity">
            <class id="PR:000013639" label="ras-related protein Rab-7a"/>
            <span end="8756" id="15588329-8671" start="8752">Rab7</span>
        </annotation>
        <annotation annotator="Mike Bada, University of Colorado School of Medicine" id="PR_reasoned_2017_04_17_Instance_15803" type="identity">
            <class id="PR:000013639" label="ras-related protein Rab-7a"/>
            <span end="8893" id="15588329-8673" start="8889">Rab7</span>
        </annotation>
        <annotation annotator="Mike Bada, University of Colorado School of Medicine" id="PR_reasoned_2017_04_17_Instance_15805" type="identity">
            <class id="PR:000002060" label="lysosome-associated membrane glycoprotein 1"/>
            <span end="8946" id="15588329-8675" start="8940">Lamp 1</span>
        </annotation>
        <annotation annotator="Mike Bada, University of Colorado School of Medicine" id="PR_reasoned_2017_04_17_Instance_121345" type="identity">
            <class id="PR:000005591" label="battenin"/>
            <span end="9013" id="15588329-8397" start="9009">Cln3</span>
        </annotation>
        <annotation annotator="Mike Bada, University of Colorado School of Medicine" id="PR_reasoned_2017_04_17_Instance_15807" type="identity">
            <class id="PR:000006901" label="early endosome antigen 1"/>
            <span end="9085" id="15588329-8677" start="9081">EEA1</span>
        </annotation>
        <annotation annotator="Mike Bada, University of Colorado School of Medicine" id="PR_reasoned_2017_04_17_Instance_15809" type="identity">
            <class id="PR:000013639" label="ras-related protein Rab-7a"/>
            <span end="9094" id="15588329-8679" start="9090">Rab7</span>
        </annotation>
        <annotation annotator="Mike Bada, University of Colorado School of Medicine" id="PR_reasoned_2017_04_17_Instance_15811" type="identity">
            <class id="PR:000002060" label="lysosome-associated membrane glycoprotein 1"/>
            <span end="9118" id="15588329-8681" start="9112">Lamp 1</span>
        </annotation>
        <annotation annotator="Mike Bada, University of Colorado School of Medicine" id="PR_reasoned_2017_04_17_Instance_15813" type="identity">
            <class id="PR:000002060" label="lysosome-associated membrane glycoprotein 1"/>
            <span end="9198" id="15588329-8683" start="9192">Lamp 1</span>
        </annotation>
        <annotation annotator="Mike Bada, University of Colorado School of Medicine" id="PR_reasoned_2017_04_17_Instance_15815" type="identity">
            <class id="PR:000006901" label="early endosome antigen 1"/>
            <span end="9207" id="15588329-8685" start="9203">EEA1</span>
        </annotation>
        <annotation annotator="Mike Bada, University of Colorado School of Medicine" id="PR_reasoned_2017_04_17_Instance_15817" type="identity">
            <class id="PR:000013639" label="ras-related protein Rab-7a"/>
            <span end="9245" id="15588329-8687" start="9241">Rab7</span>
        </annotation>
        <annotation annotator="Mike Bada, University of Colorado School of Medicine" id="PR_reasoned_2017_04_17_Instance_121347" type="identity">
            <class id="PR:000005591" label="battenin"/>
            <span end="9303" id="15588329-8399" start="9299">Cln3</span>
        </annotation>
        <annotation annotator="Mike Bada, University of Colorado School of Medicine" id="PR_reasoned_2017_04_17_Instance_121349" type="identity">
            <class id="PR:000005591" label="battenin"/>
            <span end="9348" id="15588329-8401" start="9344">Cln3</span>
        </annotation>
        <annotation annotator="Mike Bada, University of Colorado School of Medicine" id="PR_reasoned_2017_04_17_Instance_121351" type="identity">
            <class id="PR:000005591" label="battenin"/>
            <span end="9519" id="15588329-8403" start="9515">Cln3</span>
        </annotation>
        <annotation annotator="Mike Bada, University of Colorado School of Medicine" id="PR_reasoned_2017_04_17_Instance_17219" type="identity">
            <class id="PR:000022190" label="ATP synthase subunit c"/>
            <span end="9571" id="15588329-8846" start="9562">subunit c</span>
        </annotation>
        <annotation annotator="Mike Bada, University of Colorado School of Medicine" id="PR_reasoned_2017_04_17_Instance_121353" type="identity">
            <class id="PR:000005591" label="battenin"/>
            <span end="9698" id="15588329-8405" start="9694">Cln3</span>
        </annotation>
        <annotation annotator="Mike Bada, University of Colorado School of Medicine" id="PR_reasoned_2017_04_17_Instance_17221" type="identity">
            <class id="PR:000022190" label="ATP synthase subunit c"/>
            <span end="9723" id="15588329-8848" start="9714">subunit c</span>
        </annotation>
        <annotation annotator="Mike Bada, University of Colorado School of Medicine" id="PR_reasoned_2017_04_17_Instance_17223" type="identity">
            <class id="PR:000022190" label="ATP synthase subunit c"/>
            <span end="9897" id="15588329-8850" start="9888">subunit c</span>
        </annotation>
        <annotation annotator="Mike Bada, University of Colorado School of Medicine" id="PR_reasoned_2017_04_17_Instance_121355" type="identity">
            <class id="PR:000005591" label="battenin"/>
            <span end="10062" id="15588329-8407" start="10058">Cln3</span>
        </annotation>
        <annotation annotator="Mike Bada, University of Colorado School of Medicine" id="PR_reasoned_2017_04_17_Instance_17225" type="identity">
            <class id="PR:000022190" label="ATP synthase subunit c"/>
            <span end="10455" id="15588329-8852" start="10446">Subunit c</span>
        </annotation>
        <annotation annotator="Mike Bada, University of Colorado School of Medicine" id="PR_reasoned_2017_04_17_Instance_121357" type="identity">
            <class id="PR:000005591" label="battenin"/>
            <span end="10489" id="15588329-8409" start="10485">Cln3</span>
        </annotation>
        <annotation annotator="Mike Bada, University of Colorado School of Medicine" id="PR_reasoned_2017_04_17_Instance_17227" type="identity">
            <class id="PR:000022190" label="ATP synthase subunit c"/>
            <span end="10535" id="15588329-8854" start="10526">Subunit c</span>
        </annotation>
        <annotation annotator="Mike Bada, University of Colorado School of Medicine" id="PR_reasoned_2017_04_17_Instance_121359" type="identity">
            <class id="PR:000005591" label="battenin"/>
            <span end="10628" id="15588329-8411" start="10624">Cln3</span>
        </annotation>
        <annotation annotator="Mike Bada, University of Colorado School of Medicine" id="PR_reasoned_2017_04_17_Instance_121361" type="identity">
            <class id="PR:000005591" label="battenin"/>
            <span end="10677" id="15588329-8413" start="10673">Cln3</span>
        </annotation>
        <annotation annotator="Mike Bada, University of Colorado School of Medicine" id="PR_reasoned_2017_04_17_Instance_17229" type="identity">
            <class id="PR:000022190" label="ATP synthase subunit c"/>
            <span end="10709" id="15588329-8856" start="10700">subunit c</span>
        </annotation>
        <annotation annotator="Mike Bada, University of Colorado School of Medicine" id="PR_reasoned_2017_04_17_Instance_121363" type="identity">
            <class id="PR:000005591" label="battenin"/>
            <span end="10762" id="15588329-8415" start="10758">Cln3</span>
        </annotation>
        <annotation annotator="Mike Bada, University of Colorado School of Medicine" id="PR_reasoned_2017_04_17_Instance_17231" type="identity">
            <class id="PR:000022190" label="ATP synthase subunit c"/>
            <span end="10810" id="15588329-8858" start="10801">subunit c</span>
        </annotation>
        <annotation annotator="Mike Bada, University of Colorado School of Medicine" id="PR_reasoned_2017_04_17_Instance_17233" type="identity">
            <class id="PR:000022190" label="ATP synthase subunit c"/>
            <span end="10935" id="15588329-8860" start="10926">subunit c</span>
        </annotation>
        <annotation annotator="Mike Bada, University of Colorado School of Medicine" id="PR_reasoned_2017_04_17_Instance_17235" type="identity">
            <class id="PR:000022190" label="ATP synthase subunit c"/>
            <span end="11021" id="15588329-8862" start="11012">subunit c</span>
        </annotation>
        <annotation annotator="Mike Bada, University of Colorado School of Medicine" id="PR_reasoned_2017_04_17_Instance_17237" type="identity">
            <class id="PR:000022190" label="ATP synthase subunit c"/>
            <span end="11244" id="15588329-8864" start="11235">subunit c</span>
        </annotation>
        <annotation annotator="Mike Bada, University of Colorado School of Medicine" id="PR_reasoned_2017_04_17_Instance_20399" type="identity">
            <class id="PR:000022190" label="ATP synthase subunit c"/>
            <span end="11261" id="15588329-8908" start="11256">sub c</span>
        </annotation>
        <annotation annotator="Mike Bada, University of Colorado School of Medicine" id="PR_reasoned_2017_04_17_Instance_121365" type="identity">
            <class id="PR:000005591" label="battenin"/>
            <span end="11311" id="15588329-8417" start="11307">Cln3</span>
        </annotation>
        <annotation annotator="Mike Bada, University of Colorado School of Medicine" id="PR_reasoned_2017_04_17_Instance_17239" type="identity">
            <class id="PR:000022190" label="ATP synthase subunit c"/>
            <span end="11372" id="15588329-8866" start="11363">subunit c</span>
        </annotation>
        <annotation annotator="Mike Bada, University of Colorado School of Medicine" id="PR_reasoned_2017_04_17_Instance_15821" type="identity">
            <class id="PR:000005776" label="cytochrome c oxidase subunit 4 isoform 1, mitochondrial"/>
            <span end="11492" id="15588329-8691" start="11461">cytochrome c oxidase subunit IV</span>
        </annotation>
        <annotation annotator="Mike Bada, University of Colorado School of Medicine" id="PR_reasoned_2017_04_17_Instance_15819" type="identity">
            <class id="PR:000005776" label="cytochrome c oxidase subunit 4 isoform 1, mitochondrial"/>
            <span end="11500" id="15588329-8689" start="11496">cox4</span>
        </annotation>
        <annotation annotator="Mike Bada, University of Colorado School of Medicine" id="PR_reasoned_2017_04_17_Instance_121367" type="identity">
            <class id="PR:000005591" label="battenin"/>
            <span end="11575" id="15588329-8419" start="11571">Cln3</span>
        </annotation>
        <annotation annotator="Mike Bada, University of Colorado School of Medicine" id="PR_reasoned_2017_04_17_Instance_121369" type="identity">
            <class id="PR:000005591" label="battenin"/>
            <span end="11933" id="15588329-8421" start="11929">Cln3</span>
        </annotation>
        <annotation annotator="Mike Bada, University of Colorado School of Medicine" id="PR_reasoned_2017_04_17_Instance_121371" type="identity">
            <class id="PR:000005591" label="battenin"/>
            <span end="11954" id="15588329-8423" start="11950">Cln3</span>
        </annotation>
        <annotation annotator="Mike Bada, University of Colorado School of Medicine" id="PR_reasoned_2017_04_17_Instance_15823" type="identity">
            <class id="PR:000006025" label="cathepsin D"/>
            <span end="11994" id="15588329-8693" start="11983">cathepsin D</span>
        </annotation>
        <annotation annotator="Mike Bada, University of Colorado School of Medicine" id="PR_reasoned_2017_04_17_Instance_17241" type="identity">
            <class id="PR:000022190" label="ATP synthase subunit c"/>
            <span end="12051" id="15588329-8868" start="12042">subunit c</span>
        </annotation>
        <annotation annotator="Mike Bada, University of Colorado School of Medicine" id="PR_reasoned_2017_04_17_Instance_15825" type="identity">
            <class id="PR:000006025" label="cathepsin D"/>
            <span end="12105" id="15588329-8695" start="12094">cathepsin D</span>
        </annotation>
        <annotation annotator="Mike Bada, University of Colorado School of Medicine" id="PR_reasoned_2017_04_17_Instance_17243" type="identity">
            <class id="PR:000022190" label="ATP synthase subunit c"/>
            <span end="12165" id="15588329-8870" start="12143">ATP synthase subunit c</span>
        </annotation>
        <annotation annotator="Mike Bada, University of Colorado School of Medicine" id="PR_reasoned_2017_04_17_Instance_15827" type="identity">
            <class id="PR:000006025" label="cathepsin D"/>
            <span end="12227" id="15588329-8697" start="12216">cathepsin D</span>
        </annotation>
        <annotation annotator="Mike Bada, University of Colorado School of Medicine" id="PR_reasoned_2017_04_17_Instance_121373" type="identity">
            <class id="PR:000005591" label="battenin"/>
            <span end="12273" id="15588329-8425" start="12269">Cln3</span>
        </annotation>
        <annotation annotator="Mike Bada, University of Colorado School of Medicine" id="PR_reasoned_2017_04_17_Instance_121375" type="identity">
            <class id="PR:000005591" label="battenin"/>
            <span end="12294" id="15588329-8427" start="12290">Cln3</span>
        </annotation>
        <annotation annotator="Mike Bada, University of Colorado School of Medicine" id="PR_reasoned_2017_04_17_Instance_15829" type="identity">
            <class id="PR:000006025" label="cathepsin D"/>
            <span end="12328" id="15588329-8699" start="12317">cathepsin D</span>
        </annotation>
        <annotation annotator="Mike Bada, University of Colorado School of Medicine" id="PR_reasoned_2017_04_17_Instance_121377" type="identity">
            <class id="PR:000006025" label="cathepsin D"/>
            <span end="12391" id="15588329-8429" start="12380">cathepsin D</span>
        </annotation>
        <annotation annotator="Mike Bada, University of Colorado School of Medicine" id="PR_reasoned_2017_04_17_Instance_121379" type="identity">
            <class id="PR:000005591" label="battenin"/>
            <span end="12451" id="15588329-8431" start="12447">Cln3</span>
        </annotation>
        <annotation annotator="Mike Bada, University of Colorado School of Medicine" id="PR_reasoned_2017_04_17_Instance_15831" type="identity">
            <class id="PR:000006025" label="cathepsin D"/>
            <span end="12521" id="15588329-8701" start="12510">cathepsin D</span>
        </annotation>
        <annotation annotator="Mike Bada, University of Colorado School of Medicine" id="PR_reasoned_2017_04_17_Instance_121381" type="identity">
            <class id="PR:000005591" label="battenin"/>
            <span end="12680" id="15588329-8433" start="12676">Cln3</span>
        </annotation>
        <annotation annotator="Mike Bada, University of Colorado School of Medicine" id="PR_reasoned_2017_04_17_Instance_15833" type="identity">
            <class id="PR:000006025" label="cathepsin D"/>
            <span end="12705" id="15588329-8703" start="12694">cathepsin D</span>
        </annotation>
        <annotation annotator="Mike Bada, University of Colorado School of Medicine" id="PR_reasoned_2017_04_17_Instance_121383" type="identity">
            <class id="PR:000005591" label="battenin"/>
            <span end="12826" id="15588329-8435" start="12822">Cln3</span>
        </annotation>
        <annotation annotator="Mike Bada, University of Colorado School of Medicine" id="PR_reasoned_2017_04_17_Instance_121385" type="identity">
            <class id="PR:000005591" label="battenin"/>
            <span end="12846" id="15588329-8437" start="12842">Cln3</span>
        </annotation>
        <annotation annotator="Mike Bada, University of Colorado School of Medicine" id="PR_reasoned_2017_04_17_Instance_15835" type="identity">
            <class id="PR:000006025" label="cathepsin D"/>
            <span end="12919" id="15588329-8705" start="12908">cathepsin D</span>
        </annotation>
        <annotation annotator="Mike Bada, University of Colorado School of Medicine" id="PR_reasoned_2017_04_17_Instance_15837" type="identity">
            <class id="PR:000006025" label="cathepsin D"/>
            <span end="12951" id="15588329-8707" start="12940">Cathepsin D</span>
        </annotation>
        <annotation annotator="Mike Bada, University of Colorado School of Medicine" id="PR_reasoned_2017_04_17_Instance_121387" type="identity">
            <class id="PR:000005591" label="battenin"/>
            <span end="13194" id="15588329-8439" start="13190">Cln3</span>
        </annotation>
        <annotation annotator="Mike Bada, University of Colorado School of Medicine" id="PR_reasoned_2017_04_17_Instance_121389" type="identity">
            <class id="PR:000005591" label="battenin"/>
            <span end="13214" id="15588329-8441" start="13210">Cln3</span>
        </annotation>
        <annotation annotator="Mike Bada, University of Colorado School of Medicine" id="PR_reasoned_2017_04_17_Instance_15839" type="identity">
            <class id="PR:000006025" label="cathepsin D"/>
            <span end="13429" id="15588329-8709" start="13418">cathepsin D</span>
        </annotation>
        <annotation annotator="Mike Bada, University of Colorado School of Medicine" id="PR_reasoned_2017_04_17_Instance_121391" type="identity">
            <class id="PR:000005591" label="battenin"/>
            <span end="13494" id="15588329-8443" start="13490">Cln3</span>
        </annotation>
        <annotation annotator="Mike Bada, University of Colorado School of Medicine" id="PR_reasoned_2017_04_17_Instance_121393" type="identity">
            <class id="PR:000005591" label="battenin"/>
            <span end="13516" id="15588329-8445" start="13512">Cln3</span>
        </annotation>
        <annotation annotator="Mike Bada, University of Colorado School of Medicine" id="PR_reasoned_2017_04_17_Instance_15841" type="identity">
            <class id="PR:000006025" label="cathepsin D"/>
            <span end="13654" id="15588329-8711" start="13643">Cathepsin D</span>
        </annotation>
        <annotation annotator="Mike Bada, University of Colorado School of Medicine" id="PR_reasoned_2017_04_17_Instance_121395" type="identity">
            <class id="PR:000005591" label="battenin"/>
            <span end="13717" id="15588329-8447" start="13713">Cln3</span>
        </annotation>
        <annotation annotator="Mike Bada, University of Colorado School of Medicine" id="PR_reasoned_2017_04_17_Instance_121397" type="identity">
            <class id="PR:000005591" label="battenin"/>
            <span end="13782" id="15588329-8449" start="13778">Cln3</span>
        </annotation>
        <annotation annotator="Mike Bada, University of Colorado School of Medicine" id="PR_reasoned_2017_04_17_Instance_15843" type="identity">
            <class id="PR:000006025" label="cathepsin D"/>
            <span end="13826" id="15588329-8713" start="13815">cathepsin D</span>
        </annotation>
        <annotation annotator="Mike Bada, University of Colorado School of Medicine" id="PR_reasoned_2017_04_17_Instance_121399" type="identity">
            <class id="PR:000006025" label="cathepsin D"/>
            <span end="13895" id="15588329-8451" start="13884">cathepsin D</span>
        </annotation>
        <annotation annotator="Mike Bada, University of Colorado School of Medicine" id="PR_reasoned_2017_04_17_Instance_121401" type="identity">
            <class id="PR:000005591" label="battenin"/>
            <span end="13920" id="15588329-8453" start="13916">Cln3</span>
        </annotation>
        <annotation annotator="Mike Bada, University of Colorado School of Medicine" id="PR_reasoned_2017_04_17_Instance_15845" type="identity">
            <class id="PR:000006025" label="cathepsin D"/>
            <span end="14011" id="15588329-8715" start="14000">Cathepsin D</span>
        </annotation>
        <annotation annotator="Mike Bada, University of Colorado School of Medicine" id="PR_reasoned_2017_04_17_Instance_121403" type="identity">
            <class id="PR:000005591" label="battenin"/>
            <span end="14039" id="15588329-8455" start="14035">Cln3</span>
        </annotation>
        <annotation annotator="Mike Bada, University of Colorado School of Medicine" id="PR_reasoned_2017_04_17_Instance_121405" type="identity">
            <class id="PR:000005591" label="battenin"/>
            <span end="14161" id="15588329-8457" start="14157">Cln3</span>
        </annotation>
        <annotation annotator="Mike Bada, University of Colorado School of Medicine" id="PR_reasoned_2017_04_17_Instance_15847" type="identity">
            <class id="PR:000006025" label="cathepsin D"/>
            <span end="14208" id="15588329-8717" start="14197">Cathepsin D</span>
        </annotation>
        <annotation annotator="Mike Bada, University of Colorado School of Medicine" id="PR_reasoned_2017_04_17_Instance_121407" type="identity">
            <class id="PR:000005591" label="battenin"/>
            <span end="14269" id="15588329-8459" start="14265">Cln3</span>
        </annotation>
        <annotation annotator="Mike Bada, University of Colorado School of Medicine" id="PR_reasoned_2017_04_17_Instance_121409" type="identity">
            <class id="PR:000005591" label="battenin"/>
            <span end="14301" id="15588329-8461" start="14297">Cln3</span>
        </annotation>
        <annotation annotator="Mike Bada, University of Colorado School of Medicine" id="PR_reasoned_2017_04_17_Instance_15849" type="identity">
            <class id="PR:000006025" label="cathepsin D"/>
            <span end="14360" id="15588329-8719" start="14349">cathepsin D</span>
        </annotation>
        <annotation annotator="Mike Bada, University of Colorado School of Medicine" id="PR_reasoned_2017_04_17_Instance_121411" type="identity">
            <class id="PR:000005591" label="battenin"/>
            <span end="14577" id="15588329-8463" start="14573">Cln3</span>
        </annotation>
        <annotation annotator="Mike Bada, University of Colorado School of Medicine" id="PR_reasoned_2017_04_17_Instance_121413" type="identity">
            <class id="PR:000005591" label="battenin"/>
            <span end="14594" id="15588329-8465" start="14590">Cln3</span>
        </annotation>
        <annotation annotator="Mike Bada, University of Colorado School of Medicine" id="PR_reasoned_2017_04_17_Instance_15851" type="identity">
            <class id="PR:000006025" label="cathepsin D"/>
            <span end="14805" id="15588329-8721" start="14794">cathepsin D</span>
        </annotation>
        <annotation annotator="Mike Bada, University of Colorado School of Medicine" id="PR_reasoned_2017_04_17_Instance_17245" type="identity">
            <class id="PR:000022190" label="ATP synthase subunit c"/>
            <span end="14932" id="15588329-8872" start="14923">subunit c</span>
        </annotation>
        <annotation annotator="Mike Bada, University of Colorado School of Medicine" id="PR_reasoned_2017_04_17_Instance_15853" type="identity">
            <class id="PR:000006025" label="cathepsin D"/>
            <span end="14987" id="15588329-8723" start="14976">cathepsin D</span>
        </annotation>
        <annotation annotator="Mike Bada, University of Colorado School of Medicine" id="PR_reasoned_2017_04_17_Instance_121415" type="identity">
            <class id="PR:000005591" label="battenin"/>
            <span end="15074" id="15588329-8467" start="15070">Cln3</span>
        </annotation>
        <annotation annotator="Mike Bada, University of Colorado School of Medicine" id="PR_reasoned_2017_04_17_Instance_15855" type="identity">
            <class id="PR:000006025" label="cathepsin D"/>
            <span end="15288" id="15588329-8725" start="15277">cathepsin D</span>
        </annotation>
        <annotation annotator="Mike Bada, University of Colorado School of Medicine" id="PR_reasoned_2017_04_17_Instance_121417" type="identity">
            <class id="PR:000005591" label="battenin"/>
            <span end="15348" id="15588329-8469" start="15344">Cln3</span>
        </annotation>
        <annotation annotator="Mike Bada, University of Colorado School of Medicine" id="PR_reasoned_2017_04_17_Instance_121419" type="identity">
            <class id="PR:000005591" label="battenin"/>
            <span end="15457" id="15588329-8471" start="15453">Cln3</span>
        </annotation>
        <annotation annotator="Mike Bada, University of Colorado School of Medicine" id="PR_reasoned_2017_04_17_Instance_15861" type="identity">
            <class id="PR:000006025" label="cathepsin D"/>
            <span end="15557" id="15588329-8727" start="15546">cathepsin D</span>
        </annotation>
        <annotation annotator="Mike Bada, University of Colorado School of Medicine" id="PR_reasoned_2017_04_17_Instance_121421" type="identity">
            <class id="PR:000005591" label="battenin"/>
            <span end="15621" id="15588329-8473" start="15617">Cln3</span>
        </annotation>
        <annotation annotator="Mike Bada, University of Colorado School of Medicine" id="PR_reasoned_2017_04_17_Instance_15867" type="identity">
            <class id="PR:000008131" label="golgin subfamily A member 2"/>
            <span end="15940" id="15588329-8729" start="15935">GM130</span>
        </annotation>
        <annotation annotator="Mike Bada, University of Colorado School of Medicine" id="PR_reasoned_2017_04_17_Instance_15869" type="identity">
            <class id="PR:000002061" label="lysosome-associated membrane glycoprotein 2"/>
            <span end="16026" id="15588329-8731" start="16020">Lamp 2</span>
        </annotation>
        <annotation annotator="Mike Bada, University of Colorado School of Medicine" id="PR_reasoned_2017_04_17_Instance_121423" type="identity">
            <class id="PR:000005591" label="battenin"/>
            <span end="16080" id="15588329-8475" start="16076">Cln3</span>
        </annotation>
        <annotation annotator="Mike Bada, University of Colorado School of Medicine" id="PR_reasoned_2017_04_17_Instance_121425" type="identity">
            <class id="PR:000005591" label="battenin"/>
            <span end="16252" id="15588329-8477" start="16248">Cln3</span>
        </annotation>
        <annotation annotator="Mike Bada, University of Colorado School of Medicine" id="PR_reasoned_2017_04_17_Instance_15871" type="identity">
            <class id="PR:000002060" label="lysosome-associated membrane glycoprotein 1"/>
            <span end="16388" id="15588329-8733" start="16382">Lamp 1</span>
        </annotation>
        <annotation annotator="Mike Bada, University of Colorado School of Medicine" id="PR_reasoned_2017_04_17_Instance_15873" type="identity">
            <class id="PR:000002060" label="lysosome-associated membrane glycoprotein 1"/>
            <span end="16465" id="15588329-8735" start="16459">Lamp 1</span>
        </annotation>
        <annotation annotator="Mike Bada, University of Colorado School of Medicine" id="PR_reasoned_2017_04_17_Instance_15875" type="identity">
            <class id="PR:000002061" label="lysosome-associated membrane glycoprotein 2"/>
            <span end="16476" id="15588329-8737" start="16470">Lamp 2</span>
        </annotation>
        <annotation annotator="Mike Bada, University of Colorado School of Medicine" id="PR_reasoned_2017_04_17_Instance_121427" type="identity">
            <class id="PR:000005591" label="battenin"/>
            <span end="16545" id="15588329-8479" start="16541">Cln3</span>
        </annotation>
        <annotation annotator="Mike Bada, University of Colorado School of Medicine" id="PR_reasoned_2017_04_17_Instance_15877" type="identity">
            <class id="PR:000002061" label="lysosome-associated membrane glycoprotein 2"/>
            <span end="16994" id="15588329-8739" start="16988">Lamp 2</span>
        </annotation>
        <annotation annotator="Mike Bada, University of Colorado School of Medicine" id="PR_reasoned_2017_04_17_Instance_121429" type="identity">
            <class id="PR:000005591" label="battenin"/>
            <span end="17038" id="15588329-8481" start="17034">Cln3</span>
        </annotation>
        <annotation annotator="Mike Bada, University of Colorado School of Medicine" id="PR_reasoned_2017_04_17_Instance_121431" type="identity">
            <class id="PR:000005591" label="battenin"/>
            <span end="17108" id="15588329-8483" start="17104">Cln3</span>
        </annotation>
        <annotation annotator="Mike Bada, University of Colorado School of Medicine" id="PR_reasoned_2017_04_17_Instance_15879" type="identity">
            <class id="PR:000002061" label="lysosome-associated membrane glycoprotein 2"/>
            <span end="17158" id="15588329-8741" start="17152">Lamp 2</span>
        </annotation>
        <annotation annotator="Mike Bada, University of Colorado School of Medicine" id="PR_reasoned_2017_04_17_Instance_121433" type="identity">
            <class id="PR:000005591" label="battenin"/>
            <span end="17321" id="15588329-8485" start="17317">Cln3</span>
        </annotation>
        <annotation annotator="Mike Bada, University of Colorado School of Medicine" id="PR_reasoned_2017_04_17_Instance_121435" type="identity">
            <class id="PR:000005591" label="battenin"/>
            <span end="17404" id="15588329-8487" start="17400">Cln3</span>
        </annotation>
        <annotation annotator="Mike Bada, University of Colorado School of Medicine" id="PR_reasoned_2017_04_17_Instance_15881" type="identity">
            <class id="PR:000002061" label="lysosome-associated membrane glycoprotein 2"/>
            <span end="17498" id="15588329-8743" start="17492">Lamp 2</span>
        </annotation>
        <annotation annotator="Mike Bada, University of Colorado School of Medicine" id="PR_reasoned_2017_04_17_Instance_121437" type="identity">
            <class id="PR:000005591" label="battenin"/>
            <span end="17620" id="15588329-8489" start="17616">Cln3</span>
        </annotation>
        <annotation annotator="Mike Bada, University of Colorado School of Medicine" id="PR_reasoned_2017_04_17_Instance_121439" type="identity">
            <class id="PR:000005591" label="battenin"/>
            <span end="17753" id="15588329-8491" start="17749">Cln3</span>
        </annotation>
        <annotation annotator="Mike Bada, University of Colorado School of Medicine" id="PR_reasoned_2017_04_17_Instance_15883" type="identity">
            <class id="PR:000006901" label="early endosome antigen 1"/>
            <span end="17900" id="15588329-8745" start="17896">EEA1</span>
        </annotation>
        <annotation annotator="Mike Bada, University of Colorado School of Medicine" id="PR_reasoned_2017_04_17_Instance_121441" type="identity">
            <class id="PR:000005591" label="battenin"/>
            <span end="18007" id="15588329-8493" start="18003">Cln3</span>
        </annotation>
        <annotation annotator="Mike Bada, University of Colorado School of Medicine" id="PR_reasoned_2017_04_17_Instance_121443" type="identity">
            <class id="PR:000005591" label="battenin"/>
            <span end="18292" id="15588329-8495" start="18288">Cln3</span>
        </annotation>
        <annotation annotator="Mike Bada, University of Colorado School of Medicine" id="PR_reasoned_2017_04_17_Instance_121445" type="identity">
            <class id="PR:000005591" label="battenin"/>
            <span end="18512" id="15588329-8497" start="18508">Cln3</span>
        </annotation>
        <annotation annotator="Mike Bada, University of Colorado School of Medicine" id="PR_reasoned_2017_04_17_Instance_121447" type="identity">
            <class id="PR:000005591" label="battenin"/>
            <span end="18593" id="15588329-8499" start="18589">Cln3</span>
        </annotation>
        <annotation annotator="Mike Bada, University of Colorado School of Medicine" id="PR_reasoned_2017_04_17_Instance_121449" type="identity">
            <class id="PR:000005591" label="battenin"/>
            <span end="18646" id="15588329-8501" start="18642">Cln3</span>
        </annotation>
        <annotation annotator="Mike Bada, University of Colorado School of Medicine" id="PR_reasoned_2017_04_17_Instance_121451" type="identity">
            <class id="PR:000005591" label="battenin"/>
            <span end="18687" id="15588329-8503" start="18683">Cln3</span>
        </annotation>
        <annotation annotator="Mike Bada, University of Colorado School of Medicine" id="PR_reasoned_2017_04_17_Instance_121453" type="identity">
            <class id="PR:000005591" label="battenin"/>
            <span end="18918" id="15588329-8505" start="18914">Cln3</span>
        </annotation>
        <annotation annotator="Mike Bada, University of Colorado School of Medicine" id="PR_reasoned_2017_04_17_Instance_17247" type="identity">
            <class id="PR:000022190" label="ATP synthase subunit c"/>
            <span end="19156" id="15588329-8874" start="19147">subunit c</span>
        </annotation>
        <annotation annotator="Mike Bada, University of Colorado School of Medicine" id="PR_reasoned_2017_04_17_Instance_121455" type="identity">
            <class id="PR:000005591" label="battenin"/>
            <span end="19291" id="15588329-8507" start="19287">Cln3</span>
        </annotation>
        <annotation annotator="Mike Bada, University of Colorado School of Medicine" id="PR_reasoned_2017_04_17_Instance_121457" type="identity">
            <class id="PR:000005591" label="battenin"/>
            <span end="19389" id="15588329-8509" start="19385">Cln3</span>
        </annotation>
        <annotation annotator="Mike Bada, University of Colorado School of Medicine" id="PR_reasoned_2017_04_17_Instance_121459" type="identity">
            <class id="PR:000005591" label="battenin"/>
            <span end="19489" id="15588329-8511" start="19485">Cln3</span>
        </annotation>
        <annotation annotator="Mike Bada, University of Colorado School of Medicine" id="PR_reasoned_2017_04_17_Instance_15885" type="identity">
            <class id="PR:000008813" label="stress-70 protein, mitochondrial"/>
            <span end="19541" id="15588329-8747" start="19536">grp75</span>
        </annotation>
        <annotation annotator="Mike Bada, University of Colorado School of Medicine" id="PR_reasoned_2017_04_17_Instance_121461" type="identity">
            <class id="PR:000005591" label="battenin"/>
            <span end="19842" id="15588329-8513" start="19838">Cln3</span>
        </annotation>
        <annotation annotator="Mike Bada, University of Colorado School of Medicine" id="PR_reasoned_2017_04_17_Instance_121463" type="identity">
            <class id="PR:000005591" label="battenin"/>
            <span end="19945" id="15588329-8515" start="19941">Cln3</span>
        </annotation>
        <annotation annotator="Mike Bada, University of Colorado School of Medicine" id="PR_reasoned_2017_04_17_Instance_121465" type="identity">
            <class id="PR:000005591" label="battenin"/>
            <span end="20293" id="15588329-8517" start="20289">Cln3</span>
        </annotation>
        <annotation annotator="Mike Bada, University of Colorado School of Medicine" id="PR_reasoned_2017_04_17_Instance_121467" type="identity">
            <class id="PR:000005591" label="battenin"/>
            <span end="20404" id="15588329-8519" start="20400">Cln3</span>
        </annotation>
        <annotation annotator="Mike Bada, University of Colorado School of Medicine" id="PR_reasoned_2017_04_17_Instance_121469" type="identity">
            <class id="PR:000005591" label="battenin"/>
            <span end="20483" id="15588329-8521" start="20479">Cln3</span>
        </annotation>
        <annotation annotator="Mike Bada, University of Colorado School of Medicine" id="PR_reasoned_2017_04_17_Instance_15887" type="identity">
            <class id="PR:000008813" label="stress-70 protein, mitochondrial"/>
            <span end="20592" id="15588329-8749" start="20587">grp75</span>
        </annotation>
        <annotation annotator="Mike Bada, University of Colorado School of Medicine" id="PR_reasoned_2017_04_17_Instance_121471" type="identity">
            <class id="PR:000005591" label="battenin"/>
            <span end="20675" id="15588329-8523" start="20671">Cln3</span>
        </annotation>
        <annotation annotator="Mike Bada, University of Colorado School of Medicine" id="PR_reasoned_2017_04_17_Instance_121473" type="identity">
            <class id="PR:000005591" label="battenin"/>
            <span end="20733" id="15588329-8525" start="20729">Cln3</span>
        </annotation>
        <annotation annotator="Mike Bada, University of Colorado School of Medicine" id="PR_reasoned_2017_04_17_Instance_121475" type="identity">
            <class id="PR:000005591" label="battenin"/>
            <span end="20860" id="15588329-8527" start="20856">Cln3</span>
        </annotation>
        <annotation annotator="Mike Bada, University of Colorado School of Medicine" id="PR_reasoned_2017_04_17_Instance_121477" type="identity">
            <class id="PR:000005591" label="battenin"/>
            <span end="21007" id="15588329-8529" start="21003">Cln3</span>
        </annotation>
        <annotation annotator="Mike Bada, University of Colorado School of Medicine" id="PR_reasoned_2017_04_17_Instance_121479" type="identity">
            <class id="PR:000005591" label="battenin"/>
            <span end="21096" id="15588329-8531" start="21092">Cln3</span>
        </annotation>
        <annotation annotator="Mike Bada, University of Colorado School of Medicine" id="PR_reasoned_2017_04_17_Instance_121481" type="identity">
            <class id="PR:000005591" label="battenin"/>
            <span end="21154" id="15588329-8533" start="21150">Cln3</span>
        </annotation>
        <annotation annotator="Mike Bada, University of Colorado School of Medicine" id="PR_reasoned_2017_04_17_Instance_121483" type="identity">
            <class id="PR:000005591" label="battenin"/>
            <span end="21326" id="15588329-8535" start="21322">Cln3</span>
        </annotation>
        <annotation annotator="Mike Bada, University of Colorado School of Medicine" id="PR_reasoned_2017_04_17_Instance_121485" type="identity">
            <class id="PR:000005591" label="battenin"/>
            <span end="21583" id="15588329-8537" start="21579">Cln3</span>
        </annotation>
        <annotation annotator="Mike Bada, University of Colorado School of Medicine" id="PR_reasoned_2017_04_17_Instance_121487" type="identity">
            <class id="PR:000005591" label="battenin"/>
            <span end="21729" id="15588329-8539" start="21725">Cln3</span>
        </annotation>
        <annotation annotator="Mike Bada, University of Colorado School of Medicine" id="PR_reasoned_2017_04_17_Instance_121489" type="identity">
            <class id="PR:000005591" label="battenin"/>
            <span end="21818" id="15588329-8541" start="21814">Cln3</span>
        </annotation>
        <annotation annotator="Mike Bada, University of Colorado School of Medicine" id="PR_reasoned_2017_04_17_Instance_121491" type="identity">
            <class id="PR:000005591" label="battenin"/>
            <span end="21982" id="15588329-8543" start="21978">Cln3</span>
        </annotation>
        <annotation annotator="Mike Bada, University of Colorado School of Medicine" id="PR_reasoned_2017_04_17_Instance_121493" type="identity">
            <class id="PR:000005591" label="battenin"/>
            <span end="22112" id="15588329-8545" start="22108">Cln3</span>
        </annotation>
        <annotation annotator="Mike Bada, University of Colorado School of Medicine" id="PR_reasoned_2017_04_17_Instance_15889" type="identity">
            <class id="PR:000005591" label="battenin"/>
            <span end="22148" id="15588329-8751" start="22140">battenin</span>
        </annotation>
        <annotation annotator="Mike Bada, University of Colorado School of Medicine" id="PR_reasoned_2017_04_17_Instance_17249" type="identity">
            <class id="PR:000022190" label="ATP synthase subunit c"/>
            <span end="22197" id="15588329-8876" start="22167">mitochondrial ATPase subunit c</span>
        </annotation>
        <annotation annotator="Mike Bada, University of Colorado School of Medicine" id="PR_reasoned_2017_04_17_Instance_17251" type="identity">
            <class id="PR:000022190" label="ATP synthase subunit c"/>
            <span end="22405" id="15588329-8878" start="22396">subunit c</span>
        </annotation>
        <annotation annotator="Mike Bada, University of Colorado School of Medicine" id="PR_reasoned_2017_04_17_Instance_15891" type="identity">
            <class id="PR:000006025" label="cathepsin D"/>
            <span end="22597" id="15588329-8753" start="22586">cathepsin D</span>
        </annotation>
        <annotation annotator="Mike Bada, University of Colorado School of Medicine" id="PR_reasoned_2017_04_17_Instance_121495" type="identity">
            <class id="PR:000005591" label="battenin"/>
            <span end="22646" id="15588329-8547" start="22642">Cln3</span>
        </annotation>
        <annotation annotator="Mike Bada, University of Colorado School of Medicine" id="PR_reasoned_2017_04_17_Instance_121497" type="identity">
            <class id="PR:000005591" label="battenin"/>
            <span end="22667" id="15588329-8549" start="22663">Cln3</span>
        </annotation>
        <annotation annotator="Mike Bada, University of Colorado School of Medicine" id="PR_reasoned_2017_04_17_Instance_15893" type="identity">
            <class id="PR:000006025" label="cathepsin D"/>
            <span end="22782" id="15588329-8755" start="22771">cathepsin D</span>
        </annotation>
        <annotation annotator="Mike Bada, University of Colorado School of Medicine" id="PR_reasoned_2017_04_17_Instance_15895" type="identity">
            <class id="PR:000005591" label="battenin"/>
            <span end="22815" id="15588329-8757" start="22811">CLN3</span>
        </annotation>
        <annotation annotator="Mike Bada, University of Colorado School of Medicine" id="PR_reasoned_2017_04_17_Instance_15897" type="identity">
            <class id="PR:000006025" label="cathepsin D"/>
            <span end="22884" id="15588329-8759" start="22873">cathepsin D</span>
        </annotation>
        <annotation annotator="Mike Bada, University of Colorado School of Medicine" id="PR_reasoned_2017_04_17_Instance_15903" type="identity">
            <class id="PR:000006023" label="cathepsin B"/>
            <span end="22994" id="15588329-8765" start="22983">cathepsin B</span>
        </annotation>
        <annotation annotator="Mike Bada, University of Colorado School of Medicine" id="PR_reasoned_2017_04_17_Instance_15901" type="identity">
            <class id="PR:000016585" label="tripeptidyl-peptidase 1"/>
            <span end="23007" id="15588329-8763" start="23003">CLN2</span>
        </annotation>
        <annotation annotator="Mike Bada, University of Colorado School of Medicine" id="PR_reasoned_2017_04_17_Instance_15899" type="identity">
            <class id="PR:000016585" label="tripeptidyl-peptidase 1"/>
            <span end="23028" id="15588329-8761" start="23024">TPPI</span>
        </annotation>
        <annotation annotator="Mike Bada, University of Colorado School of Medicine" id="PR_reasoned_2017_04_17_Instance_15905" type="identity">
            <class id="PR:000006025" label="cathepsin D"/>
            <span end="23101" id="15588329-8767" start="23090">cathepsin D</span>
        </annotation>
        <annotation annotator="Mike Bada, University of Colorado School of Medicine" id="PR_reasoned_2017_04_17_Instance_121499" type="identity">
            <class id="PR:000005591" label="battenin"/>
            <span end="23160" id="15588329-8551" start="23156">Cln3</span>
        </annotation>
        <annotation annotator="Mike Bada, University of Colorado School of Medicine" id="PR_reasoned_2017_04_17_Instance_15907" type="identity">
            <class id="PR:000006025" label="cathepsin D"/>
            <span end="23185" id="15588329-8769" start="23174">cathepsin D</span>
        </annotation>
        <annotation annotator="Mike Bada, University of Colorado School of Medicine" id="PR_reasoned_2017_04_17_Instance_15909" type="identity">
            <class id="PR:000006025" label="cathepsin D"/>
            <span end="23263" id="15588329-8771" start="23252">cathepsin D</span>
        </annotation>
        <annotation annotator="Mike Bada, University of Colorado School of Medicine" id="PR_reasoned_2017_04_17_Instance_17253" type="identity">
            <class id="PR:000022190" label="ATP synthase subunit c"/>
            <span end="23309" id="15588329-8880" start="23300">subunit c</span>
        </annotation>
        <annotation annotator="Mike Bada, University of Colorado School of Medicine" id="PR_reasoned_2017_04_17_Instance_121501" type="identity">
            <class id="PR:000005591" label="battenin"/>
            <span end="23359" id="15588329-8553" start="23355">Cln3</span>
        </annotation>
        <annotation annotator="Mike Bada, University of Colorado School of Medicine" id="PR_reasoned_2017_04_17_Instance_17255" type="identity">
            <class id="PR:000022190" label="ATP synthase subunit c"/>
            <span end="23444" id="15588329-8882" start="23435">subunit c</span>
        </annotation>
        <annotation annotator="Mike Bada, University of Colorado School of Medicine" id="PR_reasoned_2017_04_17_Instance_17257" type="identity">
            <class id="PR:000022190" label="ATP synthase subunit c"/>
            <span end="23511" id="15588329-8884" start="23502">subunit c</span>
        </annotation>
        <annotation annotator="Mike Bada, University of Colorado School of Medicine" id="PR_reasoned_2017_04_17_Instance_121503" type="identity">
            <class id="PR:000005591" label="battenin"/>
            <span end="23545" id="15588329-8555" start="23541">Cln3</span>
        </annotation>
        <annotation annotator="Mike Bada, University of Colorado School of Medicine" id="PR_reasoned_2017_04_17_Instance_121505" type="identity">
            <class id="PR:000005591" label="battenin"/>
            <span end="23776" id="15588329-8557" start="23772">Cln3</span>
        </annotation>
        <annotation annotator="Mike Bada, University of Colorado School of Medicine" id="PR_reasoned_2017_04_17_Instance_17259" type="identity">
            <class id="PR:000022190" label="ATP synthase subunit c"/>
            <span end="23890" id="15588329-8886" start="23881">subunit c</span>
        </annotation>
        <annotation annotator="Mike Bada, University of Colorado School of Medicine" id="PR_reasoned_2017_04_17_Instance_17261" type="identity">
            <class id="PR:000022190" label="ATP synthase subunit c"/>
            <span end="24001" id="15588329-8888" start="23992">subunit c</span>
        </annotation>
        <annotation annotator="Mike Bada, University of Colorado School of Medicine" id="PR_reasoned_2017_04_17_Instance_15911" type="identity">
            <class id="PR:000005591" label="battenin"/>
            <span end="24253" id="15588329-8773" start="24245">battenin</span>
        </annotation>
        <annotation annotator="Mike Bada, University of Colorado School of Medicine" id="PR_reasoned_2017_04_17_Instance_121507" type="identity">
            <class id="PR:000005591" label="battenin"/>
            <span end="24443" id="15588329-8559" start="24439">Cln3</span>
        </annotation>
        <annotation annotator="Mike Bada, University of Colorado School of Medicine" id="PR_reasoned_2017_04_17_Instance_15913" type="identity">
            <class id="PR:000005591" label="battenin"/>
            <span end="24477" id="15588329-8775" start="24469">battenin</span>
        </annotation>
        <annotation annotator="Mike Bada, University of Colorado School of Medicine" id="PR_reasoned_2017_04_17_Instance_15915" type="identity">
            <class id="PR:000005591" label="battenin"/>
            <span end="24540" id="15588329-8777" start="24532">Battenin</span>
        </annotation>
        <annotation annotator="Mike Bada, University of Colorado School of Medicine" id="PR_reasoned_2017_04_17_Instance_121509" type="identity">
            <class id="PR:000005591" label="battenin"/>
            <span end="24576" id="15588329-8561" start="24572">Cln3</span>
        </annotation>
        <annotation annotator="Mike Bada, University of Colorado School of Medicine" id="PR_reasoned_2017_04_17_Instance_15917" type="identity">
            <class id="PR:000005591" label="battenin"/>
            <span end="24727" id="15588329-8779" start="24719">battenin</span>
        </annotation>
        <annotation annotator="Mike Bada, University of Colorado School of Medicine" id="PR_reasoned_2017_04_17_Instance_15919" type="identity">
            <class id="PR:000005591" label="battenin"/>
            <span end="24827" id="15588329-8781" start="24823">CLN3</span>
        </annotation>
        <annotation annotator="Mike Bada, University of Colorado School of Medicine" id="PR_reasoned_2017_04_17_Instance_15921" type="identity">
            <class id="PR:000005591" label="battenin"/>
            <span end="24836" id="15588329-8783" start="24828">battenin</span>
        </annotation>
        <annotation annotator="Mike Bada, University of Colorado School of Medicine" id="PR_reasoned_2017_04_17_Instance_15923" type="identity">
            <class id="PR:000005591" label="battenin"/>
            <span end="25067" id="15588329-8785" start="25059">battenin</span>
        </annotation>
        <annotation annotator="Mike Bada, University of Colorado School of Medicine" id="PR_reasoned_2017_04_17_Instance_121511" type="identity">
            <class id="PR:000005591" label="battenin"/>
            <span end="25437" id="15588329-8563" start="25433">Cln3</span>
        </annotation>
        <annotation annotator="Mike Bada, University of Colorado School of Medicine" id="PR_reasoned_2017_04_17_Instance_15925" type="identity">
            <class id="PR:000005591" label="battenin"/>
            <span end="25649" id="15588329-8787" start="25641">battenin</span>
        </annotation>
        <annotation annotator="Mike Bada, University of Colorado School of Medicine" id="PR_reasoned_2017_04_17_Instance_121513" type="identity">
            <class id="PR:000005591" label="battenin"/>
            <span end="25725" id="15588329-8565" start="25721">Cln3</span>
        </annotation>
        <annotation annotator="Mike Bada, University of Colorado School of Medicine" id="PR_reasoned_2017_04_17_Instance_15927" type="identity">
            <class id="PR:000005591" label="battenin"/>
            <span end="25808" id="15588329-8789" start="25800">battenin</span>
        </annotation>
        <annotation annotator="Mike Bada, University of Colorado School of Medicine" id="PR_reasoned_2017_04_17_Instance_15929" type="identity">
            <class id="PR:000011141" label="nestin"/>
            <span end="25894" id="15588329-8791" start="25888">Nestin</span>
        </annotation>
        <annotation annotator="Mike Bada, University of Colorado School of Medicine" id="PR_reasoned_2017_04_17_Instance_15931" type="identity">
            <class id="PR:000002060" label="lysosome-associated membrane glycoprotein 1"/>
            <span end="25927" id="15588329-8793" start="25921">Lamp 1</span>
        </annotation>
        <annotation annotator="Mike Bada, University of Colorado School of Medicine" id="PR_reasoned_2017_04_17_Instance_15933" type="identity">
            <class id="PR:000002061" label="lysosome-associated membrane glycoprotein 2"/>
            <span end="25961" id="15588329-8795" start="25955">Lamp 2</span>
        </annotation>
        <annotation annotator="Mike Bada, University of Colorado School of Medicine" id="PR_reasoned_2017_04_17_Instance_17263" type="identity">
            <class id="PR:000022190" label="ATP synthase subunit c"/>
            <span end="26203" id="15588329-8890" start="26194">subunit c</span>
        </annotation>
        <annotation annotator="Mike Bada, University of Colorado School of Medicine" id="PR_reasoned_2017_04_17_Instance_15935" type="identity">
            <class id="PR:000007939" label="glial fibrillary acidic protein"/>
            <span end="26341" id="15588329-8797" start="26337">GFAP</span>
        </annotation>
        <annotation annotator="Mike Bada, University of Colorado School of Medicine" id="PR_reasoned_2017_04_17_Instance_15937" type="identity">
            <class id="PR:000004967" label="calbindin"/>
            <span end="26379" id="15588329-8799" start="26370">calbindin</span>
        </annotation>
        <annotation annotator="Mike Bada, University of Colorado School of Medicine" id="PR_reasoned_2017_04_17_Instance_121515" type="identity">
            <class id="PR:000006252" label="RNA binding protein fox-1 homolog 3"/>
            <span end="26401" id="15588329-8567" start="26397">NeuN</span>
        </annotation>
        <annotation annotator="Mike Bada, University of Colorado School of Medicine" id="PR_reasoned_2017_04_17_Instance_15939" type="identity">
            <class id="PR:000006025" label="cathepsin D"/>
            <span end="26497" id="15588329-8801" start="26486">cathepsin D</span>
        </annotation>
        <annotation annotator="Mike Bada, University of Colorado School of Medicine" id="PR_reasoned_2017_04_17_Instance_15941" type="identity">
            <class id="PR:000005776" label="cytochrome c oxidase subunit 4 isoform 1, mitochondrial"/>
            <span end="26573" id="15588329-8803" start="26542">cytochrome c oxidase subunit IV</span>
        </annotation>
        <annotation annotator="Mike Bada, University of Colorado School of Medicine" id="PR_reasoned_2017_04_17_Instance_15943" type="identity">
            <class id="PR:000005776" label="cytochrome c oxidase subunit 4 isoform 1, mitochondrial"/>
            <span end="26579" id="15588329-8805" start="26575">cox4</span>
        </annotation>
        <annotation annotator="Mike Bada, University of Colorado School of Medicine" id="PR_reasoned_2017_04_17_Instance_15947" type="identity">
            <class id="PR:000008131" label="golgin subfamily A member 2"/>
            <span end="26670" id="15588329-8807" start="26665">GM130</span>
        </annotation>
        <annotation annotator="Mike Bada, University of Colorado School of Medicine" id="PR_reasoned_2017_04_17_Instance_121517" type="identity">
            <class id="PR:000028799" label="tubulin"/>
            <span end="26713" id="15588329-8569" start="26706">tubulin</span>
        </annotation>
        <annotation annotator="Mike Bada, University of Colorado School of Medicine" id="PR_reasoned_2017_04_17_Instance_15949" type="identity">
            <class id="PR:000008813" label="stress-70 protein, mitochondrial"/>
            <span end="26738" id="15588329-8809" start="26733">grp75</span>
        </annotation>
        <annotation annotator="Mike Bada, University of Colorado School of Medicine" id="PR_reasoned_2017_04_17_Instance_15951" type="identity">
            <class id="PR:000006901" label="early endosome antigen 1"/>
            <span end="26783" id="15588329-8811" start="26759">early endosome antigen-1</span>
        </annotation>
        <annotation annotator="Mike Bada, University of Colorado School of Medicine" id="PR_reasoned_2017_04_17_Instance_15953" type="identity">
            <class id="PR:000006901" label="early endosome antigen 1"/>
            <span end="26789" id="15588329-8813" start="26785">EEA1</span>
        </annotation>
        <annotation annotator="Mike Bada, University of Colorado School of Medicine" id="PR_reasoned_2017_04_17_Instance_15955" type="identity">
            <class id="PR:000013639" label="ras-related protein Rab-7a"/>
            <span end="26833" id="15588329-8815" start="26828">rab 7</span>
        </annotation>
        <annotation annotator="Mike Bada, University of Colorado School of Medicine" id="PR_reasoned_2017_04_17_Instance_121519" type="identity">
            <class id="PR:000005591" label="battenin"/>
            <span end="27268" id="15588329-8571" start="27264">Cln3</span>
        </annotation>
        <annotation annotator="Mike Bada, University of Colorado School of Medicine" id="PR_reasoned_2017_04_17_Instance_121521" type="identity">
            <class id="PR:000005591" label="battenin"/>
            <span end="27310" id="15588329-8573" start="27306">Cln3</span>
        </annotation>
        <annotation annotator="Mike Bada, University of Colorado School of Medicine" id="PR_reasoned_2017_04_17_Instance_121523" type="identity">
            <class id="PR:000027795" label="trypsin"/>
            <span end="27766" id="15588329-8575" start="27759">Trypsin</span>
        </annotation>
        <annotation annotator="Mike Bada, University of Colorado School of Medicine" id="PR_reasoned_2017_04_17_Instance_121525" type="identity">
            <class id="PR:000005591" label="battenin"/>
            <span end="28846" id="15588329-8577" start="28842">Cln3</span>
        </annotation>
        <annotation annotator="Mike Bada, University of Colorado School of Medicine" id="PR_reasoned_2017_04_17_Instance_15969" type="identity">
            <class id="PR:000007479" label="fibroblast growth factor 1"/>
            <span end="29176" id="15588329-8827" start="29171">α-FGF</span>
        </annotation>
        <annotation annotator="Mike Bada, University of Colorado School of Medicine" id="PR_reasoned_2017_04_17_Instance_121527" type="identity">
            <class id="PR:000005591" label="battenin"/>
            <span end="29369" id="15588329-8579" start="29365">Cln3</span>
        </annotation>
        <annotation annotator="Mike Bada, University of Colorado School of Medicine" id="PR_reasoned_2017_04_17_Instance_15959" type="identity">
            <class id="PR:000005591" label="battenin"/>
            <span end="29801" id="15588329-8817" start="29797">Cln3</span>
        </annotation>
        <annotation annotator="Mike Bada, University of Colorado School of Medicine" id="PR_reasoned_2017_04_17_Instance_17265" type="identity">
            <class id="PR:000022190" label="ATP synthase subunit c"/>
            <span end="29879" id="15588329-8892" start="29870">Subunit c</span>
        </annotation>
        <annotation annotator="Mike Bada, University of Colorado School of Medicine" id="PR_reasoned_2017_04_17_Instance_17267" type="identity">
            <class id="PR:000022190" label="ATP synthase subunit c"/>
            <span end="30401" id="15588329-8894" start="30392">subunit c</span>
        </annotation>
        <annotation annotator="Mike Bada, University of Colorado School of Medicine" id="PR_reasoned_2017_04_17_Instance_15961" type="identity">
            <class id="PR:000003918" label="serum albumin"/>
            <span end="31556" id="15588329-8819" start="31543">serum albumin</span>
        </annotation>
        <annotation annotator="Mike Bada, University of Colorado School of Medicine" id="PR_reasoned_2017_04_17_Instance_17269" type="identity">
            <class id="PR:000022190" label="ATP synthase subunit c"/>
            <span end="32752" id="15588329-8896" start="32743">subunit c</span>
        </annotation>
        <annotation annotator="Mike Bada, University of Colorado School of Medicine" id="PR_reasoned_2017_04_17_Instance_15963" type="identity">
            <class id="PR:000006025" label="cathepsin D"/>
            <span end="32793" id="15588329-8821" start="32782">Cathepsin D</span>
        </annotation>
        <annotation annotator="Mike Bada, University of Colorado School of Medicine" id="PR_reasoned_2017_04_17_Instance_15965" type="identity">
            <class id="PR:000006025" label="cathepsin D"/>
            <span end="33296" id="15588329-8823" start="33285">cathepsin D</span>
        </annotation>
        <annotation annotator="Mike Bada, University of Colorado School of Medicine" id="PR_reasoned_2017_04_17_Instance_15967" type="identity">
            <class id="PR:000006025" label="cathepsin D"/>
            <span end="33349" id="15588329-8825" start="33338">Cathepsin D</span>
        </annotation>
        <annotation annotator="Mike Bada, University of Colorado School of Medicine" id="PR_reasoned_2017_04_17_Instance_17271" type="identity">
            <class id="PR:000022190" label="ATP synthase subunit c"/>
            <span end="36945" id="15588329-8898" start="36912">subunit c of mitochondrial ATPase</span>
        </annotation>
        <annotation annotator="Mike Bada, University of Colorado School of Medicine" id="PR_reasoned_2017_04_17_Instance_15971" type="identity">
            <class id="PR:000006025" label="cathepsin D"/>
            <span end="37224" id="15588329-8829" start="37213">cathepsin D</span>
        </annotation>
        <graph-space id="Old Knowtator Relations"/>
    </document>
</knowtator-project>
