<?xml version="1.0" encoding="UTF-8" standalone="no"?>
<knowtator-project>
  <document id="15588329" text-file="15588329.txt">
    <annotation annotator="Mike Bada, University of Colorado School of Medicine" id="PR_reasoned_2017_04_17_Instance_17205" type="identity">
      <class id="PR:000022190" label="ATP synthase subunit c"/>
      <span end="70" id="15588329-8832" start="61">subunit c</span>
    </annotation>
    <annotation annotator="Mike Bada, University of Colorado School of Medicine" id="PR_reasoned_2017_04_17_Instance_15709" type="identity">
      <class id="PR:000005591" label="battenin"/>
      <span end="286" id="15588329-8584" start="282">CLN3</span>
    </annotation>
    <annotation annotator="Mike Bada, University of Colorado School of Medicine" id="PR_reasoned_2017_04_17_Instance_15711" type="identity">
      <class id="PR:000005591" label="battenin"/>
      <span end="327" id="15588329-8586" start="319">battenin</span>
    </annotation>
    <annotation annotator="Mike Bada, University of Colorado School of Medicine" id="PR_reasoned_2017_04_17_Instance_17207" type="identity">
      <class id="PR:000022190" label="ATP synthase subunit c"/>
      <span end="397" id="15588329-8834" start="360">mitochondrial ATP synthase, subunit c</span>
    </annotation>
    <annotation annotator="Mike Bada, University of Colorado School of Medicine" id="PR_reasoned_2017_04_17_Instance_121283" type="identity">
      <class id="PR:000005591" label="battenin"/>
      <span end="462" id="15588329-8336" start="458">Cln3</span>
    </annotation>
    <annotation annotator="Mike Bada, University of Colorado School of Medicine" id="PR_reasoned_2017_04_17_Instance_15713" type="identity">
      <class id="PR:000005591" label="battenin"/>
      <span end="549" id="15588329-8588" start="541">battenin</span>
    </annotation>
    <annotation annotator="Mike Bada, University of Colorado School of Medicine" id="PR_reasoned_2017_04_17_Instance_121285" type="identity">
      <class id="PR:000005591" label="battenin"/>
      <span end="752" id="15588329-8338" start="748">Cln3</span>
    </annotation>
    <annotation annotator="Mike Bada, University of Colorado School of Medicine" id="PR_reasoned_2017_04_17_Instance_17273" type="identity">
      <class id="PR:000010124" label="microtubule-associated protein 2"/>
      <span end="862" id="15588329-8901" start="857">MAP-2</span>
    </annotation>
    <annotation annotator="Mike Bada, University of Colorado School of Medicine" id="PR_reasoned_2017_04_17_Instance_121529" type="identity">
      <class id="PR:000006252" label="RNA binding protein fox-1 homolog 3"/>
      <span end="871" id="15588329-8582" start="867">NeuN</span>
    </annotation>
    <annotation annotator="Mike Bada, University of Colorado School of Medicine" id="PR_reasoned_2017_04_17_Instance_121287" type="identity">
      <class id="PR:000005591" label="battenin"/>
      <span end="918" id="15588329-8340" start="914">Cln3</span>
    </annotation>
    <annotation annotator="Mike Bada, University of Colorado School of Medicine" id="PR_reasoned_2017_04_17_Instance_15715" type="identity">
      <class id="PR:000005591" label="battenin"/>
      <span end="978" id="15588329-8590" start="970">battenin</span>
    </annotation>
    <annotation annotator="Mike Bada, University of Colorado School of Medicine" id="PR_reasoned_2017_04_17_Instance_17209" type="identity">
      <class id="PR:000022190" label="ATP synthase subunit c"/>
      <span end="1036" id="15588329-8836" start="1020">ATPase subunit c</span>
    </annotation>
    <annotation annotator="Mike Bada, University of Colorado School of Medicine" id="PR_reasoned_2017_04_17_Instance_15717" type="identity">
      <class id="PR:000006025" label="cathepsin D"/>
      <span end="1113" id="15588329-8592" start="1102">cathepsin D</span>
    </annotation>
    <annotation annotator="Mike Bada, University of Colorado School of Medicine" id="PR_reasoned_2017_04_17_Instance_15719" type="identity">
      <class id="PR:000005591" label="battenin"/>
      <span end="1469" id="15588329-8594" start="1461">battenin</span>
    </annotation>
    <annotation annotator="Mike Bada, University of Colorado School of Medicine" id="PR_reasoned_2017_04_17_Instance_15721" type="identity">
      <class id="PR:000005591" label="battenin"/>
      <span end="2048" id="15588329-8596" start="2044">CLN3</span>
    </annotation>
    <annotation annotator="Mike Bada, University of Colorado School of Medicine" id="PR_reasoned_2017_04_17_Instance_17211" type="identity">
      <class id="PR:000022190" label="ATP synthase subunit c"/>
      <span end="2300" id="15588329-8838" start="2288">subunit c of</span>
      <span end="2339" id="15588329-8839" start="2305">mitochondrial ATP synthase complex</span>
    </annotation>
    <annotation annotator="Mike Bada, University of Colorado School of Medicine" id="PR_reasoned_2017_04_17_Instance_17213" type="identity">
      <class id="PR:000022190" label="ATP synthase subunit c"/>
      <span end="2512" id="15588329-8841" start="2503">subunit c</span>
    </annotation>
    <annotation annotator="Mike Bada, University of Colorado School of Medicine" id="PR_reasoned_2017_04_17_Instance_15723" type="identity">
      <class id="PR:000005591" label="battenin"/>
      <span end="2656" id="15588329-8598" start="2652">CLN3</span>
    </annotation>
    <annotation annotator="Mike Bada, University of Colorado School of Medicine" id="PR_reasoned_2017_04_17_Instance_15725" type="identity">
      <class id="PR:000005591" label="battenin"/>
      <span end="2682" id="15588329-8600" start="2674">battenin</span>
    </annotation>
    <annotation annotator="Mike Bada, University of Colorado School of Medicine" id="PR_reasoned_2017_04_17_Instance_15727" type="identity">
      <class id="PR:000005591" label="battenin"/>
      <span end="2700" id="15588329-8602" start="2696">CLN3</span>
    </annotation>
    <annotation annotator="Mike Bada, University of Colorado School of Medicine" id="PR_reasoned_2017_04_17_Instance_15729" type="identity">
      <class id="PR:000005591" label="battenin"/>
      <span end="2710" id="15588329-8604" start="2704">cln3 p</span>
    </annotation>
    <annotation annotator="Mike Bada, University of Colorado School of Medicine" id="PR_reasoned_2017_04_17_Instance_15731" type="identity">
      <class id="PR:000005591" label="battenin"/>
      <span end="2870" id="15588329-8606" start="2862">Battenin</span>
    </annotation>
    <annotation annotator="Mike Bada, University of Colorado School of Medicine" id="PR_reasoned_2017_04_17_Instance_121289" type="identity">
      <class id="PR:Q9US09" label="protein btn1 (Schizosaccharomyces pombe 972h-)"/>
      <span end="2930" id="15588329-8342" start="2926">btn1</span>
    </annotation>
    <annotation annotator="Mike Bada, University of Colorado School of Medicine" id="PR_reasoned_2017_04_17_Instance_15735" type="identity">
      <class id="PR:000005591" label="battenin"/>
      <span end="2946" id="15588329-8608" start="2942">CLN3</span>
    </annotation>
    <annotation annotator="Mike Bada, University of Colorado School of Medicine" id="PR_reasoned_2017_04_17_Instance_15737" type="identity">
      <class id="PR:000005591" label="battenin"/>
      <span end="2981" id="15588329-8610" start="2973">battenin</span>
    </annotation>
    <annotation annotator="Mike Bada, University of Colorado School of Medicine" id="PR_reasoned_2017_04_17_Instance_15739" type="identity">
      <class id="PR:000005591" label="battenin"/>
      <span end="3086" id="15588329-8612" start="3078">battenin</span>
    </annotation>
    <annotation annotator="Mike Bada, University of Colorado School of Medicine" id="PR_reasoned_2017_04_17_Instance_121291" type="identity">
      <class id="PR:000005591" label="battenin"/>
      <span end="3165" id="15588329-8344" start="3161">Cln3</span>
    </annotation>
    <annotation annotator="Mike Bada, University of Colorado School of Medicine" id="PR_reasoned_2017_04_17_Instance_15741" type="identity">
      <class id="PR:000005591" label="battenin"/>
      <span end="3267" id="15588329-8614" start="3259">battenin</span>
    </annotation>
    <annotation annotator="Mike Bada, University of Colorado School of Medicine" id="PR_reasoned_2017_04_17_Instance_121293" type="identity">
      <class id="PR:000005591" label="battenin"/>
      <span end="3359" id="15588329-8346" start="3355">Cln3</span>
    </annotation>
    <annotation annotator="Mike Bada, University of Colorado School of Medicine" id="PR_reasoned_2017_04_17_Instance_17215" type="identity">
      <class id="PR:000022190" label="ATP synthase subunit c"/>
      <span end="3454" id="15588329-8843" start="3445">subunit c</span>
    </annotation>
    <annotation annotator="Mike Bada, University of Colorado School of Medicine" id="PR_reasoned_2017_04_17_Instance_17217" type="identity">
      <class id="PR:000022190" label="ATP synthase subunit c"/>
      <span end="3658" id="15588329-8845" start="3635">mitochondrial subunit c</span>
    </annotation>
    <annotation annotator="Mike Bada, University of Colorado School of Medicine" id="PR_reasoned_2017_04_17_Instance_121295" type="identity">
      <class id="PR:000005591" label="battenin"/>
      <span end="3928" id="15588329-8348" start="3924">Cln3</span>
    </annotation>
    <annotation annotator="Mike Bada, University of Colorado School of Medicine" id="PR_reasoned_2017_04_17_Instance_121297" type="identity">
      <class id="PR:000005591" label="battenin"/>
      <span end="3967" id="15588329-8350" start="3963">Cln3</span>
    </annotation>
    <annotation annotator="Mike Bada, University of Colorado School of Medicine" id="PR_reasoned_2017_04_17_Instance_121299" type="identity">
      <class id="PR:000005591" label="battenin"/>
      <span end="4430" id="15588329-8352" start="4426">Cln3</span>
    </annotation>
    <annotation annotator="Mike Bada, University of Colorado School of Medicine" id="PR_reasoned_2017_04_17_Instance_15743" type="identity">
      <class id="PR:000011141" label="nestin"/>
      <span end="4783" id="15588329-8616" start="4777">nestin</span>
    </annotation>
    <annotation annotator="Mike Bada, University of Colorado School of Medicine" id="PR_reasoned_2017_04_17_Instance_15745" type="identity">
      <class id="PR:000007939" label="glial fibrillary acidic protein"/>
      <span end="4812" id="15588329-8618" start="4808">GFAP</span>
    </annotation>
    <annotation annotator="Mike Bada, University of Colorado School of Medicine" id="PR_reasoned_2017_04_17_Instance_15747" type="identity">
      <class id="PR:000011141" label="nestin"/>
      <span end="5281" id="15588329-8620" start="5275">nestin</span>
    </annotation>
    <annotation annotator="Mike Bada, University of Colorado School of Medicine" id="PR_reasoned_2017_04_17_Instance_17275" type="identity">
      <class id="PR:000010124" label="microtubule-associated protein 2"/>
      <span end="5328" id="15588329-8903" start="5324">MAP2</span>
    </annotation>
    <annotation annotator="Mike Bada, University of Colorado School of Medicine" id="PR_reasoned_2017_04_17_Instance_121301" type="identity">
      <class id="PR:000006252" label="RNA binding protein fox-1 homolog 3"/>
      <span end="5337" id="15588329-8354" start="5333">NeuN</span>
    </annotation>
    <annotation annotator="Mike Bada, University of Colorado School of Medicine" id="PR_reasoned_2017_04_17_Instance_15749" type="identity">
      <class id="PR:000004967" label="calbindin"/>
      <span end="5415" id="15588329-8622" start="5406">calbindin</span>
    </annotation>
    <annotation annotator="Mike Bada, University of Colorado School of Medicine" id="PR_reasoned_2017_04_17_Instance_121303" type="identity">
      <class id="PR:000005591" label="battenin"/>
      <span end="5474" id="15588329-8356" start="5470">Cln3</span>
    </annotation>
    <annotation annotator="Mike Bada, University of Colorado School of Medicine" id="PR_reasoned_2017_04_17_Instance_121305" type="identity">
      <class id="PR:000005591" label="battenin"/>
      <span end="5510" id="15588329-8358" start="5506">Cln3</span>
    </annotation>
    <annotation annotator="Mike Bada, University of Colorado School of Medicine" id="PR_reasoned_2017_04_17_Instance_121307" type="identity">
      <class id="PR:000005591" label="battenin"/>
      <span end="5581" id="15588329-8360" start="5577">Cln3</span>
    </annotation>
    <annotation annotator="Mike Bada, University of Colorado School of Medicine" id="PR_reasoned_2017_04_17_Instance_15751" type="identity">
      <class id="PR:000011141" label="nestin"/>
      <span end="5610" id="15588329-8624" start="5604">nestin</span>
    </annotation>
    <annotation annotator="Mike Bada, University of Colorado School of Medicine" id="PR_reasoned_2017_04_17_Instance_15753" type="identity">
      <class id="PR:000007939" label="glial fibrillary acidic protein"/>
      <span end="5638" id="15588329-8626" start="5634">GFAP</span>
    </annotation>
    <annotation annotator="Mike Bada, University of Colorado School of Medicine" id="PR_reasoned_2017_04_17_Instance_121309" type="identity">
      <class id="PR:000005591" label="battenin"/>
      <span end="5772" id="15588329-8362" start="5768">Cln3</span>
    </annotation>
    <annotation annotator="Mike Bada, University of Colorado School of Medicine" id="PR_reasoned_2017_04_17_Instance_17277" type="identity">
      <class id="PR:000010124" label="microtubule-associated protein 2"/>
      <span end="5876" id="15588329-8905" start="5872">MAP2</span>
    </annotation>
    <annotation annotator="Mike Bada, University of Colorado School of Medicine" id="PR_reasoned_2017_04_17_Instance_121311" type="identity">
      <class id="PR:000006252" label="RNA binding protein fox-1 homolog 3"/>
      <span end="5889" id="15588329-8364" start="5885">NeuN</span>
    </annotation>
    <annotation annotator="Mike Bada, University of Colorado School of Medicine" id="PR_reasoned_2017_04_17_Instance_121313" type="identity">
      <class id="PR:000005591" label="battenin"/>
      <span end="5926" id="15588329-8366" start="5922">Cln3</span>
    </annotation>
    <annotation annotator="Mike Bada, University of Colorado School of Medicine" id="PR_reasoned_2017_04_17_Instance_15755" type="identity">
      <class id="PR:000004967" label="calbindin"/>
      <span end="5989" id="15588329-8628" start="5980">calbindin</span>
    </annotation>
    <annotation annotator="Mike Bada, University of Colorado School of Medicine" id="PR_reasoned_2017_04_17_Instance_121315" type="identity">
      <class id="PR:000005591" label="battenin"/>
      <span end="6001" id="15588329-8368" start="5997">Cln3</span>
    </annotation>
    <annotation annotator="Mike Bada, University of Colorado School of Medicine" id="PR_reasoned_2017_04_17_Instance_121317" type="identity">
      <class id="PR:000005591" label="battenin"/>
      <span end="6020" id="15588329-8370" start="6016">Cln3</span>
    </annotation>
    <annotation annotator="Mike Bada, University of Colorado School of Medicine" id="PR_reasoned_2017_04_17_Instance_121319" type="identity">
      <class id="PR:000005591" label="battenin"/>
      <span end="6173" id="15588329-8372" start="6169">Cln3</span>
    </annotation>
    <annotation annotator="Mike Bada, University of Colorado School of Medicine" id="PR_reasoned_2017_04_17_Instance_15757" type="identity">
      <class id="PR:000005591" label="battenin"/>
      <span end="6209" id="15588329-8630" start="6201">battenin</span>
    </annotation>
    <annotation annotator="Mike Bada, University of Colorado School of Medicine" id="PR_reasoned_2017_04_17_Instance_121321" type="identity">
      <class id="PR:000005591" label="battenin"/>
      <span end="6261" id="15588329-8374" start="6257">Cln3</span>
    </annotation>
    <annotation annotator="Mike Bada, University of Colorado School of Medicine" id="PR_reasoned_2017_04_17_Instance_121323" type="identity">
      <class id="PR:000005591" label="battenin"/>
      <span end="6340" id="15588329-8376" start="6336">Cln3</span>
    </annotation>
    <annotation annotator="Mike Bada, University of Colorado School of Medicine" id="PR_reasoned_2017_04_17_Instance_15759" type="identity">
      <class id="PR:000005591" label="battenin"/>
      <span end="6382" id="15588329-8632" start="6378">Cln3</span>
    </annotation>
    <annotation annotator="Mike Bada, University of Colorado School of Medicine" id="PR_reasoned_2017_04_17_Instance_15761" type="identity">
      <class id="PR:000005591" label="battenin"/>
      <span end="6423" id="15588329-8634" start="6415">battenin</span>
    </annotation>
    <annotation annotator="Mike Bada, University of Colorado School of Medicine" id="PR_reasoned_2017_04_17_Instance_121325" type="identity">
      <class id="PR:000005591" label="battenin"/>
      <span end="6551" id="15588329-8378" start="6547">Cln3</span>
    </annotation>
    <annotation annotator="Mike Bada, University of Colorado School of Medicine" id="PR_reasoned_2017_04_17_Instance_15763" type="identity">
      <class id="PR:000005591" label="battenin"/>
      <span end="6589" id="15588329-8636" start="6581">battenin</span>
    </annotation>
    <annotation annotator="Mike Bada, University of Colorado School of Medicine" id="PR_reasoned_2017_04_17_Instance_15765" type="identity">
      <class id="PR:000005591" label="battenin"/>
      <span end="6655" id="15588329-8638" start="6651">Cln3</span>
    </annotation>
    <annotation annotator="Mike Bada, University of Colorado School of Medicine" id="PR_reasoned_2017_04_17_Instance_121327" type="identity">
      <class id="PR:000005591" label="battenin"/>
      <span end="6790" id="15588329-8380" start="6786">Cln3</span>
    </annotation>
    <annotation annotator="Mike Bada, University of Colorado School of Medicine" id="PR_reasoned_2017_04_17_Instance_15767" type="identity">
      <class id="PR:000005591" label="battenin"/>
      <span end="6894" id="15588329-8640" start="6886">battenin</span>
    </annotation>
    <annotation annotator="Mike Bada, University of Colorado School of Medicine" id="PR_reasoned_2017_04_17_Instance_121329" type="identity">
      <class id="PR:000005591" label="battenin"/>
      <span end="6923" id="15588329-8382" start="6919">Cln3</span>
    </annotation>
    <annotation annotator="Mike Bada, University of Colorado School of Medicine" id="PR_reasoned_2017_04_17_Instance_15769" type="identity">
      <class id="PR:000002060" label="lysosome-associated membrane glycoprotein 1"/>
      <span end="7106" id="15588329-8642" start="7101">Lamp1</span>
    </annotation>
    <annotation annotator="Mike Bada, University of Colorado School of Medicine" id="PR_reasoned_2017_04_17_Instance_15771" type="identity">
      <class id="PR:000006901" label="early endosome antigen 1"/>
      <span end="7170" id="15588329-8644" start="7146">early endosome antigen 1</span>
    </annotation>
    <annotation annotator="Mike Bada, University of Colorado School of Medicine" id="PR_reasoned_2017_04_17_Instance_15773" type="identity">
      <class id="PR:000006901" label="early endosome antigen 1"/>
      <span end="7176" id="15588329-8646" start="7172">EEA1</span>
    </annotation>
    <annotation annotator="Mike Bada, University of Colorado School of Medicine" id="PR_reasoned_2017_04_17_Instance_15775" type="identity">
      <class id="PR:000013639" label="ras-related protein Rab-7a"/>
      <span end="7213" id="15588329-8648" start="7209">Rab7</span>
    </annotation>
    <annotation annotator="Mike Bada, University of Colorado School of Medicine" id="PR_reasoned_2017_04_17_Instance_20397" type="identity">
      <class id="PR:000016261" label="serotransferrin"/>
      <span end="7312" id="15588329-8907" start="7301">transferrin</span>
    </annotation>
    <annotation annotator="Mike Bada, University of Colorado School of Medicine" id="PR_reasoned_2017_04_17_Instance_15777" type="identity">
      <class id="PR:000002060" label="lysosome-associated membrane glycoprotein 1"/>
      <span end="7371" id="15588329-8650" start="7366">Lamp1</span>
    </annotation>
    <annotation annotator="Mike Bada, University of Colorado School of Medicine" id="PR_reasoned_2017_04_17_Instance_15779" type="identity">
      <class id="PR:000006901" label="early endosome antigen 1"/>
      <span end="7380" id="15588329-8652" start="7376">EEA1</span>
    </annotation>
    <annotation annotator="Mike Bada, University of Colorado School of Medicine" id="PR_reasoned_2017_04_17_Instance_121331" type="identity">
      <class id="PR:000005591" label="battenin"/>
      <span end="7446" id="15588329-8384" start="7442">Cln3</span>
    </annotation>
    <annotation annotator="Mike Bada, University of Colorado School of Medicine" id="PR_reasoned_2017_04_17_Instance_15783" type="identity">
      <class id="PR:000013639" label="ras-related protein Rab-7a"/>
      <span end="7526" id="15588329-8654" start="7522">Rab7</span>
    </annotation>
    <annotation annotator="Mike Bada, University of Colorado School of Medicine" id="PR_reasoned_2017_04_17_Instance_121333" type="identity">
      <class id="PR:000005591" label="battenin"/>
      <span end="7584" id="15588329-8386" start="7580">Cln3</span>
    </annotation>
    <annotation annotator="Mike Bada, University of Colorado School of Medicine" id="PR_reasoned_2017_04_17_Instance_121335" type="identity">
      <class id="PR:000005591" label="battenin"/>
      <span end="7626" id="15588329-8388" start="7622">Cln3</span>
    </annotation>
    <annotation annotator="Mike Bada, University of Colorado School of Medicine" id="PR_reasoned_2017_04_17_Instance_15785" type="identity">
      <class id="PR:000005591" label="battenin"/>
      <span end="7666" id="15588329-8656" start="7662">Cln3</span>
    </annotation>
    <annotation annotator="Mike Bada, University of Colorado School of Medicine" id="PR_reasoned_2017_04_17_Instance_15787" type="identity">
      <class id="PR:000005591" label="battenin"/>
      <span end="7839" id="15588329-8658" start="7835">Cln3</span>
    </annotation>
    <annotation annotator="Mike Bada, University of Colorado School of Medicine" id="PR_reasoned_2017_04_17_Instance_121337" type="identity">
      <class id="PR:000005591" label="battenin"/>
      <span end="7879" id="15588329-8390" start="7875">Cln3</span>
    </annotation>
    <annotation annotator="Mike Bada, University of Colorado School of Medicine" id="PR_reasoned_2017_04_17_Instance_15789" type="identity">
      <class id="PR:000005591" label="battenin"/>
      <span end="7896" id="15588329-8660" start="7892">Cln3</span>
    </annotation>
    <annotation annotator="Mike Bada, University of Colorado School of Medicine" id="PR_reasoned_2017_04_17_Instance_15791" type="identity">
      <class id="PR:000005591" label="battenin"/>
      <span end="8338" id="15588329-8662" start="8330">Battenin</span>
    </annotation>
    <annotation annotator="Mike Bada, University of Colorado School of Medicine" id="PR_reasoned_2017_04_17_Instance_121339" type="identity">
      <class id="PR:000005591" label="battenin"/>
      <span end="8420" id="15588329-8392" start="8416">Cln3</span>
    </annotation>
    <annotation annotator="Mike Bada, University of Colorado School of Medicine" id="PR_reasoned_2017_04_17_Instance_121341" type="identity">
      <class id="PR:000005591" label="battenin"/>
      <span end="8495" id="15588329-8394" start="8491">Cln3</span>
    </annotation>
    <annotation annotator="Mike Bada, University of Colorado School of Medicine" id="PR_reasoned_2017_04_17_Instance_121343" type="identity">
      <class id="PR:000005591" label="battenin"/>
      <span end="8529" id="15588329-8396" start="8525">Cln3</span>
    </annotation>
    <annotation annotator="Mike Bada, University of Colorado School of Medicine" id="PR_reasoned_2017_04_17_Instance_15793" type="identity">
      <class id="PR:000002060" label="lysosome-associated membrane glycoprotein 1"/>
      <span end="8619" id="15588329-8664" start="8613">Lamp 1</span>
    </annotation>
    <annotation annotator="Mike Bada, University of Colorado School of Medicine" id="PR_reasoned_2017_04_17_Instance_15795" type="identity">
      <class id="PR:000006901" label="early endosome antigen 1"/>
      <span end="8643" id="15588329-8666" start="8639">EEA1</span>
    </annotation>
    <annotation annotator="Mike Bada, University of Colorado School of Medicine" id="PR_reasoned_2017_04_17_Instance_15797" type="identity">
      <class id="PR:000013639" label="ras-related protein Rab-7a"/>
      <span end="8670" id="15588329-8668" start="8666">Rab7</span>
    </annotation>
    <annotation annotator="Mike Bada, University of Colorado School of Medicine" id="PR_reasoned_2017_04_17_Instance_15799" type="identity">
      <class id="PR:000006901" label="early endosome antigen 1"/>
      <span end="8724" id="15588329-8670" start="8720">EEA1</span>
    </annotation>
    <annotation annotator="Mike Bada, University of Colorado School of Medicine" id="PR_reasoned_2017_04_17_Instance_15801" type="identity">
      <class id="PR:000013639" label="ras-related protein Rab-7a"/>
      <span end="8756" id="15588329-8672" start="8752">Rab7</span>
    </annotation>
    <annotation annotator="Mike Bada, University of Colorado School of Medicine" id="PR_reasoned_2017_04_17_Instance_15803" type="identity">
      <class id="PR:000013639" label="ras-related protein Rab-7a"/>
      <span end="8893" id="15588329-8674" start="8889">Rab7</span>
    </annotation>
    <annotation annotator="Mike Bada, University of Colorado School of Medicine" id="PR_reasoned_2017_04_17_Instance_15805" type="identity">
      <class id="PR:000002060" label="lysosome-associated membrane glycoprotein 1"/>
      <span end="8946" id="15588329-8676" start="8940">Lamp 1</span>
    </annotation>
    <annotation annotator="Mike Bada, University of Colorado School of Medicine" id="PR_reasoned_2017_04_17_Instance_121345" type="identity">
      <class id="PR:000005591" label="battenin"/>
      <span end="9013" id="15588329-8398" start="9009">Cln3</span>
    </annotation>
    <annotation annotator="Mike Bada, University of Colorado School of Medicine" id="PR_reasoned_2017_04_17_Instance_15807" type="identity">
      <class id="PR:000006901" label="early endosome antigen 1"/>
      <span end="9085" id="15588329-8678" start="9081">EEA1</span>
    </annotation>
    <annotation annotator="Mike Bada, University of Colorado School of Medicine" id="PR_reasoned_2017_04_17_Instance_15809" type="identity">
      <class id="PR:000013639" label="ras-related protein Rab-7a"/>
      <span end="9094" id="15588329-8680" start="9090">Rab7</span>
    </annotation>
    <annotation annotator="Mike Bada, University of Colorado School of Medicine" id="PR_reasoned_2017_04_17_Instance_15811" type="identity">
      <class id="PR:000002060" label="lysosome-associated membrane glycoprotein 1"/>
      <span end="9118" id="15588329-8682" start="9112">Lamp 1</span>
    </annotation>
    <annotation annotator="Mike Bada, University of Colorado School of Medicine" id="PR_reasoned_2017_04_17_Instance_15813" type="identity">
      <class id="PR:000002060" label="lysosome-associated membrane glycoprotein 1"/>
      <span end="9198" id="15588329-8684" start="9192">Lamp 1</span>
    </annotation>
    <annotation annotator="Mike Bada, University of Colorado School of Medicine" id="PR_reasoned_2017_04_17_Instance_15815" type="identity">
      <class id="PR:000006901" label="early endosome antigen 1"/>
      <span end="9207" id="15588329-8686" start="9203">EEA1</span>
    </annotation>
    <annotation annotator="Mike Bada, University of Colorado School of Medicine" id="PR_reasoned_2017_04_17_Instance_15817" type="identity">
      <class id="PR:000013639" label="ras-related protein Rab-7a"/>
      <span end="9245" id="15588329-8688" start="9241">Rab7</span>
    </annotation>
    <annotation annotator="Mike Bada, University of Colorado School of Medicine" id="PR_reasoned_2017_04_17_Instance_121347" type="identity">
      <class id="PR:000005591" label="battenin"/>
      <span end="9303" id="15588329-8400" start="9299">Cln3</span>
    </annotation>
    <annotation annotator="Mike Bada, University of Colorado School of Medicine" id="PR_reasoned_2017_04_17_Instance_121349" type="identity">
      <class id="PR:000005591" label="battenin"/>
      <span end="9348" id="15588329-8402" start="9344">Cln3</span>
    </annotation>
    <annotation annotator="Mike Bada, University of Colorado School of Medicine" id="PR_reasoned_2017_04_17_Instance_121351" type="identity">
      <class id="PR:000005591" label="battenin"/>
      <span end="9519" id="15588329-8404" start="9515">Cln3</span>
    </annotation>
    <annotation annotator="Mike Bada, University of Colorado School of Medicine" id="PR_reasoned_2017_04_17_Instance_17219" type="identity">
      <class id="PR:000022190" label="ATP synthase subunit c"/>
      <span end="9571" id="15588329-8847" start="9562">subunit c</span>
    </annotation>
    <annotation annotator="Mike Bada, University of Colorado School of Medicine" id="PR_reasoned_2017_04_17_Instance_121353" type="identity">
      <class id="PR:000005591" label="battenin"/>
      <span end="9698" id="15588329-8406" start="9694">Cln3</span>
    </annotation>
    <annotation annotator="Mike Bada, University of Colorado School of Medicine" id="PR_reasoned_2017_04_17_Instance_17221" type="identity">
      <class id="PR:000022190" label="ATP synthase subunit c"/>
      <span end="9723" id="15588329-8849" start="9714">subunit c</span>
    </annotation>
    <annotation annotator="Mike Bada, University of Colorado School of Medicine" id="PR_reasoned_2017_04_17_Instance_17223" type="identity">
      <class id="PR:000022190" label="ATP synthase subunit c"/>
      <span end="9897" id="15588329-8851" start="9888">subunit c</span>
    </annotation>
    <annotation annotator="Mike Bada, University of Colorado School of Medicine" id="PR_reasoned_2017_04_17_Instance_121355" type="identity">
      <class id="PR:000005591" label="battenin"/>
      <span end="10062" id="15588329-8408" start="10058">Cln3</span>
    </annotation>
    <annotation annotator="Mike Bada, University of Colorado School of Medicine" id="PR_reasoned_2017_04_17_Instance_17225" type="identity">
      <class id="PR:000022190" label="ATP synthase subunit c"/>
      <span end="10455" id="15588329-8853" start="10446">Subunit c</span>
    </annotation>
    <annotation annotator="Mike Bada, University of Colorado School of Medicine" id="PR_reasoned_2017_04_17_Instance_121357" type="identity">
      <class id="PR:000005591" label="battenin"/>
      <span end="10489" id="15588329-8410" start="10485">Cln3</span>
    </annotation>
    <annotation annotator="Mike Bada, University of Colorado School of Medicine" id="PR_reasoned_2017_04_17_Instance_17227" type="identity">
      <class id="PR:000022190" label="ATP synthase subunit c"/>
      <span end="10535" id="15588329-8855" start="10526">Subunit c</span>
    </annotation>
    <annotation annotator="Mike Bada, University of Colorado School of Medicine" id="PR_reasoned_2017_04_17_Instance_121359" type="identity">
      <class id="PR:000005591" label="battenin"/>
      <span end="10628" id="15588329-8412" start="10624">Cln3</span>
    </annotation>
    <annotation annotator="Mike Bada, University of Colorado School of Medicine" id="PR_reasoned_2017_04_17_Instance_121361" type="identity">
      <class id="PR:000005591" label="battenin"/>
      <span end="10677" id="15588329-8414" start="10673">Cln3</span>
    </annotation>
    <annotation annotator="Mike Bada, University of Colorado School of Medicine" id="PR_reasoned_2017_04_17_Instance_17229" type="identity">
      <class id="PR:000022190" label="ATP synthase subunit c"/>
      <span end="10709" id="15588329-8857" start="10700">subunit c</span>
    </annotation>
    <annotation annotator="Mike Bada, University of Colorado School of Medicine" id="PR_reasoned_2017_04_17_Instance_121363" type="identity">
      <class id="PR:000005591" label="battenin"/>
      <span end="10762" id="15588329-8416" start="10758">Cln3</span>
    </annotation>
    <annotation annotator="Mike Bada, University of Colorado School of Medicine" id="PR_reasoned_2017_04_17_Instance_17231" type="identity">
      <class id="PR:000022190" label="ATP synthase subunit c"/>
      <span end="10810" id="15588329-8859" start="10801">subunit c</span>
    </annotation>
    <annotation annotator="Mike Bada, University of Colorado School of Medicine" id="PR_reasoned_2017_04_17_Instance_17233" type="identity">
      <class id="PR:000022190" label="ATP synthase subunit c"/>
      <span end="10935" id="15588329-8861" start="10926">subunit c</span>
    </annotation>
    <annotation annotator="Mike Bada, University of Colorado School of Medicine" id="PR_reasoned_2017_04_17_Instance_17235" type="identity">
      <class id="PR:000022190" label="ATP synthase subunit c"/>
      <span end="11021" id="15588329-8863" start="11012">subunit c</span>
    </annotation>
    <annotation annotator="Mike Bada, University of Colorado School of Medicine" id="PR_reasoned_2017_04_17_Instance_17237" type="identity">
      <class id="PR:000022190" label="ATP synthase subunit c"/>
      <span end="11244" id="15588329-8865" start="11235">subunit c</span>
    </annotation>
    <annotation annotator="Mike Bada, University of Colorado School of Medicine" id="PR_reasoned_2017_04_17_Instance_20399" type="identity">
      <class id="PR:000022190" label="ATP synthase subunit c"/>
      <span end="11261" id="15588329-8909" start="11256">sub c</span>
    </annotation>
    <annotation annotator="Mike Bada, University of Colorado School of Medicine" id="PR_reasoned_2017_04_17_Instance_121365" type="identity">
      <class id="PR:000005591" label="battenin"/>
      <span end="11311" id="15588329-8418" start="11307">Cln3</span>
    </annotation>
    <annotation annotator="Mike Bada, University of Colorado School of Medicine" id="PR_reasoned_2017_04_17_Instance_17239" type="identity">
      <class id="PR:000022190" label="ATP synthase subunit c"/>
      <span end="11372" id="15588329-8867" start="11363">subunit c</span>
    </annotation>
    <annotation annotator="Mike Bada, University of Colorado School of Medicine" id="PR_reasoned_2017_04_17_Instance_15821" type="identity">
      <class id="PR:000005776" label="cytochrome c oxidase subunit 4 isoform 1, mitochondrial"/>
      <span end="11492" id="15588329-8692" start="11461">cytochrome c oxidase subunit IV</span>
    </annotation>
    <annotation annotator="Mike Bada, University of Colorado School of Medicine" id="PR_reasoned_2017_04_17_Instance_15819" type="identity">
      <class id="PR:000005776" label="cytochrome c oxidase subunit 4 isoform 1, mitochondrial"/>
      <span end="11500" id="15588329-8690" start="11496">cox4</span>
    </annotation>
    <annotation annotator="Mike Bada, University of Colorado School of Medicine" id="PR_reasoned_2017_04_17_Instance_121367" type="identity">
      <class id="PR:000005591" label="battenin"/>
      <span end="11575" id="15588329-8420" start="11571">Cln3</span>
    </annotation>
    <annotation annotator="Mike Bada, University of Colorado School of Medicine" id="PR_reasoned_2017_04_17_Instance_121369" type="identity">
      <class id="PR:000005591" label="battenin"/>
      <span end="11933" id="15588329-8422" start="11929">Cln3</span>
    </annotation>
    <annotation annotator="Mike Bada, University of Colorado School of Medicine" id="PR_reasoned_2017_04_17_Instance_121371" type="identity">
      <class id="PR:000005591" label="battenin"/>
      <span end="11954" id="15588329-8424" start="11950">Cln3</span>
    </annotation>
    <annotation annotator="Mike Bada, University of Colorado School of Medicine" id="PR_reasoned_2017_04_17_Instance_15823" type="identity">
      <class id="PR:000006025" label="cathepsin D"/>
      <span end="11994" id="15588329-8694" start="11983">cathepsin D</span>
    </annotation>
    <annotation annotator="Mike Bada, University of Colorado School of Medicine" id="PR_reasoned_2017_04_17_Instance_17241" type="identity">
      <class id="PR:000022190" label="ATP synthase subunit c"/>
      <span end="12051" id="15588329-8869" start="12042">subunit c</span>
    </annotation>
    <annotation annotator="Mike Bada, University of Colorado School of Medicine" id="PR_reasoned_2017_04_17_Instance_15825" type="identity">
      <class id="PR:000006025" label="cathepsin D"/>
      <span end="12105" id="15588329-8696" start="12094">cathepsin D</span>
    </annotation>
    <annotation annotator="Mike Bada, University of Colorado School of Medicine" id="PR_reasoned_2017_04_17_Instance_17243" type="identity">
      <class id="PR:000022190" label="ATP synthase subunit c"/>
      <span end="12165" id="15588329-8871" start="12143">ATP synthase subunit c</span>
    </annotation>
    <annotation annotator="Mike Bada, University of Colorado School of Medicine" id="PR_reasoned_2017_04_17_Instance_15827" type="identity">
      <class id="PR:000006025" label="cathepsin D"/>
      <span end="12227" id="15588329-8698" start="12216">cathepsin D</span>
    </annotation>
    <annotation annotator="Mike Bada, University of Colorado School of Medicine" id="PR_reasoned_2017_04_17_Instance_121373" type="identity">
      <class id="PR:000005591" label="battenin"/>
      <span end="12273" id="15588329-8426" start="12269">Cln3</span>
    </annotation>
    <annotation annotator="Mike Bada, University of Colorado School of Medicine" id="PR_reasoned_2017_04_17_Instance_121375" type="identity">
      <class id="PR:000005591" label="battenin"/>
      <span end="12294" id="15588329-8428" start="12290">Cln3</span>
    </annotation>
    <annotation annotator="Mike Bada, University of Colorado School of Medicine" id="PR_reasoned_2017_04_17_Instance_15829" type="identity">
      <class id="PR:000006025" label="cathepsin D"/>
      <span end="12328" id="15588329-8700" start="12317">cathepsin D</span>
    </annotation>
    <annotation annotator="Mike Bada, University of Colorado School of Medicine" id="PR_reasoned_2017_04_17_Instance_121377" type="identity">
      <class id="PR:000006025" label="cathepsin D"/>
      <span end="12391" id="15588329-8430" start="12380">cathepsin D</span>
    </annotation>
    <annotation annotator="Mike Bada, University of Colorado School of Medicine" id="PR_reasoned_2017_04_17_Instance_121379" type="identity">
      <class id="PR:000005591" label="battenin"/>
      <span end="12451" id="15588329-8432" start="12447">Cln3</span>
    </annotation>
    <annotation annotator="Mike Bada, University of Colorado School of Medicine" id="PR_reasoned_2017_04_17_Instance_15831" type="identity">
      <class id="PR:000006025" label="cathepsin D"/>
      <span end="12521" id="15588329-8702" start="12510">cathepsin D</span>
    </annotation>
    <annotation annotator="Mike Bada, University of Colorado School of Medicine" id="PR_reasoned_2017_04_17_Instance_121381" type="identity">
      <class id="PR:000005591" label="battenin"/>
      <span end="12680" id="15588329-8434" start="12676">Cln3</span>
    </annotation>
    <annotation annotator="Mike Bada, University of Colorado School of Medicine" id="PR_reasoned_2017_04_17_Instance_15833" type="identity">
      <class id="PR:000006025" label="cathepsin D"/>
      <span end="12705" id="15588329-8704" start="12694">cathepsin D</span>
    </annotation>
    <annotation annotator="Mike Bada, University of Colorado School of Medicine" id="PR_reasoned_2017_04_17_Instance_121383" type="identity">
      <class id="PR:000005591" label="battenin"/>
      <span end="12826" id="15588329-8436" start="12822">Cln3</span>
    </annotation>
    <annotation annotator="Mike Bada, University of Colorado School of Medicine" id="PR_reasoned_2017_04_17_Instance_121385" type="identity">
      <class id="PR:000005591" label="battenin"/>
      <span end="12846" id="15588329-8438" start="12842">Cln3</span>
    </annotation>
    <annotation annotator="Mike Bada, University of Colorado School of Medicine" id="PR_reasoned_2017_04_17_Instance_15835" type="identity">
      <class id="PR:000006025" label="cathepsin D"/>
      <span end="12919" id="15588329-8706" start="12908">cathepsin D</span>
    </annotation>
    <annotation annotator="Mike Bada, University of Colorado School of Medicine" id="PR_reasoned_2017_04_17_Instance_15837" type="identity">
      <class id="PR:000006025" label="cathepsin D"/>
      <span end="12951" id="15588329-8708" start="12940">Cathepsin D</span>
    </annotation>
    <annotation annotator="Mike Bada, University of Colorado School of Medicine" id="PR_reasoned_2017_04_17_Instance_121387" type="identity">
      <class id="PR:000005591" label="battenin"/>
      <span end="13194" id="15588329-8440" start="13190">Cln3</span>
    </annotation>
    <annotation annotator="Mike Bada, University of Colorado School of Medicine" id="PR_reasoned_2017_04_17_Instance_121389" type="identity">
      <class id="PR:000005591" label="battenin"/>
      <span end="13214" id="15588329-8442" start="13210">Cln3</span>
    </annotation>
    <annotation annotator="Mike Bada, University of Colorado School of Medicine" id="PR_reasoned_2017_04_17_Instance_15839" type="identity">
      <class id="PR:000006025" label="cathepsin D"/>
      <span end="13429" id="15588329-8710" start="13418">cathepsin D</span>
    </annotation>
    <annotation annotator="Mike Bada, University of Colorado School of Medicine" id="PR_reasoned_2017_04_17_Instance_121391" type="identity">
      <class id="PR:000005591" label="battenin"/>
      <span end="13494" id="15588329-8444" start="13490">Cln3</span>
    </annotation>
    <annotation annotator="Mike Bada, University of Colorado School of Medicine" id="PR_reasoned_2017_04_17_Instance_121393" type="identity">
      <class id="PR:000005591" label="battenin"/>
      <span end="13516" id="15588329-8446" start="13512">Cln3</span>
    </annotation>
    <annotation annotator="Mike Bada, University of Colorado School of Medicine" id="PR_reasoned_2017_04_17_Instance_15841" type="identity">
      <class id="PR:000006025" label="cathepsin D"/>
      <span end="13654" id="15588329-8712" start="13643">Cathepsin D</span>
    </annotation>
    <annotation annotator="Mike Bada, University of Colorado School of Medicine" id="PR_reasoned_2017_04_17_Instance_121395" type="identity">
      <class id="PR:000005591" label="battenin"/>
      <span end="13717" id="15588329-8448" start="13713">Cln3</span>
    </annotation>
    <annotation annotator="Mike Bada, University of Colorado School of Medicine" id="PR_reasoned_2017_04_17_Instance_121397" type="identity">
      <class id="PR:000005591" label="battenin"/>
      <span end="13782" id="15588329-8450" start="13778">Cln3</span>
    </annotation>
    <annotation annotator="Mike Bada, University of Colorado School of Medicine" id="PR_reasoned_2017_04_17_Instance_15843" type="identity">
      <class id="PR:000006025" label="cathepsin D"/>
      <span end="13826" id="15588329-8714" start="13815">cathepsin D</span>
    </annotation>
    <annotation annotator="Mike Bada, University of Colorado School of Medicine" id="PR_reasoned_2017_04_17_Instance_121399" type="identity">
      <class id="PR:000006025" label="cathepsin D"/>
      <span end="13895" id="15588329-8452" start="13884">cathepsin D</span>
    </annotation>
    <annotation annotator="Mike Bada, University of Colorado School of Medicine" id="PR_reasoned_2017_04_17_Instance_121401" type="identity">
      <class id="PR:000005591" label="battenin"/>
      <span end="13920" id="15588329-8454" start="13916">Cln3</span>
    </annotation>
    <annotation annotator="Mike Bada, University of Colorado School of Medicine" id="PR_reasoned_2017_04_17_Instance_15845" type="identity">
      <class id="PR:000006025" label="cathepsin D"/>
      <span end="14011" id="15588329-8716" start="14000">Cathepsin D</span>
    </annotation>
    <annotation annotator="Mike Bada, University of Colorado School of Medicine" id="PR_reasoned_2017_04_17_Instance_121403" type="identity">
      <class id="PR:000005591" label="battenin"/>
      <span end="14039" id="15588329-8456" start="14035">Cln3</span>
    </annotation>
    <annotation annotator="Mike Bada, University of Colorado School of Medicine" id="PR_reasoned_2017_04_17_Instance_121405" type="identity">
      <class id="PR:000005591" label="battenin"/>
      <span end="14161" id="15588329-8458" start="14157">Cln3</span>
    </annotation>
    <annotation annotator="Mike Bada, University of Colorado School of Medicine" id="PR_reasoned_2017_04_17_Instance_15847" type="identity">
      <class id="PR:000006025" label="cathepsin D"/>
      <span end="14208" id="15588329-8718" start="14197">Cathepsin D</span>
    </annotation>
    <annotation annotator="Mike Bada, University of Colorado School of Medicine" id="PR_reasoned_2017_04_17_Instance_121407" type="identity">
      <class id="PR:000005591" label="battenin"/>
      <span end="14269" id="15588329-8460" start="14265">Cln3</span>
    </annotation>
    <annotation annotator="Mike Bada, University of Colorado School of Medicine" id="PR_reasoned_2017_04_17_Instance_121409" type="identity">
      <class id="PR:000005591" label="battenin"/>
      <span end="14301" id="15588329-8462" start="14297">Cln3</span>
    </annotation>
    <annotation annotator="Mike Bada, University of Colorado School of Medicine" id="PR_reasoned_2017_04_17_Instance_15849" type="identity">
      <class id="PR:000006025" label="cathepsin D"/>
      <span end="14360" id="15588329-8720" start="14349">cathepsin D</span>
    </annotation>
    <annotation annotator="Mike Bada, University of Colorado School of Medicine" id="PR_reasoned_2017_04_17_Instance_121411" type="identity">
      <class id="PR:000005591" label="battenin"/>
      <span end="14577" id="15588329-8464" start="14573">Cln3</span>
    </annotation>
    <annotation annotator="Mike Bada, University of Colorado School of Medicine" id="PR_reasoned_2017_04_17_Instance_121413" type="identity">
      <class id="PR:000005591" label="battenin"/>
      <span end="14594" id="15588329-8466" start="14590">Cln3</span>
    </annotation>
    <annotation annotator="Mike Bada, University of Colorado School of Medicine" id="PR_reasoned_2017_04_17_Instance_15851" type="identity">
      <class id="PR:000006025" label="cathepsin D"/>
      <span end="14805" id="15588329-8722" start="14794">cathepsin D</span>
    </annotation>
    <annotation annotator="Mike Bada, University of Colorado School of Medicine" id="PR_reasoned_2017_04_17_Instance_17245" type="identity">
      <class id="PR:000022190" label="ATP synthase subunit c"/>
      <span end="14932" id="15588329-8873" start="14923">subunit c</span>
    </annotation>
    <annotation annotator="Mike Bada, University of Colorado School of Medicine" id="PR_reasoned_2017_04_17_Instance_15853" type="identity">
      <class id="PR:000006025" label="cathepsin D"/>
      <span end="14987" id="15588329-8724" start="14976">cathepsin D</span>
    </annotation>
    <annotation annotator="Mike Bada, University of Colorado School of Medicine" id="PR_reasoned_2017_04_17_Instance_121415" type="identity">
      <class id="PR:000005591" label="battenin"/>
      <span end="15074" id="15588329-8468" start="15070">Cln3</span>
    </annotation>
    <annotation annotator="Mike Bada, University of Colorado School of Medicine" id="PR_reasoned_2017_04_17_Instance_15855" type="identity">
      <class id="PR:000006025" label="cathepsin D"/>
      <span end="15288" id="15588329-8726" start="15277">cathepsin D</span>
    </annotation>
    <annotation annotator="Mike Bada, University of Colorado School of Medicine" id="PR_reasoned_2017_04_17_Instance_121417" type="identity">
      <class id="PR:000005591" label="battenin"/>
      <span end="15348" id="15588329-8470" start="15344">Cln3</span>
    </annotation>
    <annotation annotator="Mike Bada, University of Colorado School of Medicine" id="PR_reasoned_2017_04_17_Instance_121419" type="identity">
      <class id="PR:000005591" label="battenin"/>
      <span end="15457" id="15588329-8472" start="15453">Cln3</span>
    </annotation>
    <annotation annotator="Mike Bada, University of Colorado School of Medicine" id="PR_reasoned_2017_04_17_Instance_15861" type="identity">
      <class id="PR:000006025" label="cathepsin D"/>
      <span end="15557" id="15588329-8728" start="15546">cathepsin D</span>
    </annotation>
    <annotation annotator="Mike Bada, University of Colorado School of Medicine" id="PR_reasoned_2017_04_17_Instance_121421" type="identity">
      <class id="PR:000005591" label="battenin"/>
      <span end="15621" id="15588329-8474" start="15617">Cln3</span>
    </annotation>
    <annotation annotator="Mike Bada, University of Colorado School of Medicine" id="PR_reasoned_2017_04_17_Instance_15867" type="identity">
      <class id="PR:000008131" label="golgin subfamily A member 2"/>
      <span end="15940" id="15588329-8730" start="15935">GM130</span>
    </annotation>
    <annotation annotator="Mike Bada, University of Colorado School of Medicine" id="PR_reasoned_2017_04_17_Instance_15869" type="identity">
      <class id="PR:000002061" label="lysosome-associated membrane glycoprotein 2"/>
      <span end="16026" id="15588329-8732" start="16020">Lamp 2</span>
    </annotation>
    <annotation annotator="Mike Bada, University of Colorado School of Medicine" id="PR_reasoned_2017_04_17_Instance_121423" type="identity">
      <class id="PR:000005591" label="battenin"/>
      <span end="16080" id="15588329-8476" start="16076">Cln3</span>
    </annotation>
    <annotation annotator="Mike Bada, University of Colorado School of Medicine" id="PR_reasoned_2017_04_17_Instance_121425" type="identity">
      <class id="PR:000005591" label="battenin"/>
      <span end="16252" id="15588329-8478" start="16248">Cln3</span>
    </annotation>
    <annotation annotator="Mike Bada, University of Colorado School of Medicine" id="PR_reasoned_2017_04_17_Instance_15871" type="identity">
      <class id="PR:000002060" label="lysosome-associated membrane glycoprotein 1"/>
      <span end="16388" id="15588329-8734" start="16382">Lamp 1</span>
    </annotation>
    <annotation annotator="Mike Bada, University of Colorado School of Medicine" id="PR_reasoned_2017_04_17_Instance_15873" type="identity">
      <class id="PR:000002060" label="lysosome-associated membrane glycoprotein 1"/>
      <span end="16465" id="15588329-8736" start="16459">Lamp 1</span>
    </annotation>
    <annotation annotator="Mike Bada, University of Colorado School of Medicine" id="PR_reasoned_2017_04_17_Instance_15875" type="identity">
      <class id="PR:000002061" label="lysosome-associated membrane glycoprotein 2"/>
      <span end="16476" id="15588329-8738" start="16470">Lamp 2</span>
    </annotation>
    <annotation annotator="Mike Bada, University of Colorado School of Medicine" id="PR_reasoned_2017_04_17_Instance_121427" type="identity">
      <class id="PR:000005591" label="battenin"/>
      <span end="16545" id="15588329-8480" start="16541">Cln3</span>
    </annotation>
    <annotation annotator="Mike Bada, University of Colorado School of Medicine" id="PR_reasoned_2017_04_17_Instance_15877" type="identity">
      <class id="PR:000002061" label="lysosome-associated membrane glycoprotein 2"/>
      <span end="16994" id="15588329-8740" start="16988">Lamp 2</span>
    </annotation>
    <annotation annotator="Mike Bada, University of Colorado School of Medicine" id="PR_reasoned_2017_04_17_Instance_121429" type="identity">
      <class id="PR:000005591" label="battenin"/>
      <span end="17038" id="15588329-8482" start="17034">Cln3</span>
    </annotation>
    <annotation annotator="Mike Bada, University of Colorado School of Medicine" id="PR_reasoned_2017_04_17_Instance_121431" type="identity">
      <class id="PR:000005591" label="battenin"/>
      <span end="17108" id="15588329-8484" start="17104">Cln3</span>
    </annotation>
    <annotation annotator="Mike Bada, University of Colorado School of Medicine" id="PR_reasoned_2017_04_17_Instance_15879" type="identity">
      <class id="PR:000002061" label="lysosome-associated membrane glycoprotein 2"/>
      <span end="17158" id="15588329-8742" start="17152">Lamp 2</span>
    </annotation>
    <annotation annotator="Mike Bada, University of Colorado School of Medicine" id="PR_reasoned_2017_04_17_Instance_121433" type="identity">
      <class id="PR:000005591" label="battenin"/>
      <span end="17321" id="15588329-8486" start="17317">Cln3</span>
    </annotation>
    <annotation annotator="Mike Bada, University of Colorado School of Medicine" id="PR_reasoned_2017_04_17_Instance_121435" type="identity">
      <class id="PR:000005591" label="battenin"/>
      <span end="17404" id="15588329-8488" start="17400">Cln3</span>
    </annotation>
    <annotation annotator="Mike Bada, University of Colorado School of Medicine" id="PR_reasoned_2017_04_17_Instance_15881" type="identity">
      <class id="PR:000002061" label="lysosome-associated membrane glycoprotein 2"/>
      <span end="17498" id="15588329-8744" start="17492">Lamp 2</span>
    </annotation>
    <annotation annotator="Mike Bada, University of Colorado School of Medicine" id="PR_reasoned_2017_04_17_Instance_121437" type="identity">
      <class id="PR:000005591" label="battenin"/>
      <span end="17620" id="15588329-8490" start="17616">Cln3</span>
    </annotation>
    <annotation annotator="Mike Bada, University of Colorado School of Medicine" id="PR_reasoned_2017_04_17_Instance_121439" type="identity">
      <class id="PR:000005591" label="battenin"/>
      <span end="17753" id="15588329-8492" start="17749">Cln3</span>
    </annotation>
    <annotation annotator="Mike Bada, University of Colorado School of Medicine" id="PR_reasoned_2017_04_17_Instance_15883" type="identity">
      <class id="PR:000006901" label="early endosome antigen 1"/>
      <span end="17900" id="15588329-8746" start="17896">EEA1</span>
    </annotation>
    <annotation annotator="Mike Bada, University of Colorado School of Medicine" id="PR_reasoned_2017_04_17_Instance_121441" type="identity">
      <class id="PR:000005591" label="battenin"/>
      <span end="18007" id="15588329-8494" start="18003">Cln3</span>
    </annotation>
    <annotation annotator="Mike Bada, University of Colorado School of Medicine" id="PR_reasoned_2017_04_17_Instance_121443" type="identity">
      <class id="PR:000005591" label="battenin"/>
      <span end="18292" id="15588329-8496" start="18288">Cln3</span>
    </annotation>
    <annotation annotator="Mike Bada, University of Colorado School of Medicine" id="PR_reasoned_2017_04_17_Instance_121445" type="identity">
      <class id="PR:000005591" label="battenin"/>
      <span end="18512" id="15588329-8498" start="18508">Cln3</span>
    </annotation>
    <annotation annotator="Mike Bada, University of Colorado School of Medicine" id="PR_reasoned_2017_04_17_Instance_121447" type="identity">
      <class id="PR:000005591" label="battenin"/>
      <span end="18593" id="15588329-8500" start="18589">Cln3</span>
    </annotation>
    <annotation annotator="Mike Bada, University of Colorado School of Medicine" id="PR_reasoned_2017_04_17_Instance_121449" type="identity">
      <class id="PR:000005591" label="battenin"/>
      <span end="18646" id="15588329-8502" start="18642">Cln3</span>
    </annotation>
    <annotation annotator="Mike Bada, University of Colorado School of Medicine" id="PR_reasoned_2017_04_17_Instance_121451" type="identity">
      <class id="PR:000005591" label="battenin"/>
      <span end="18687" id="15588329-8504" start="18683">Cln3</span>
    </annotation>
    <annotation annotator="Mike Bada, University of Colorado School of Medicine" id="PR_reasoned_2017_04_17_Instance_121453" type="identity">
      <class id="PR:000005591" label="battenin"/>
      <span end="18918" id="15588329-8506" start="18914">Cln3</span>
    </annotation>
    <annotation annotator="Mike Bada, University of Colorado School of Medicine" id="PR_reasoned_2017_04_17_Instance_17247" type="identity">
      <class id="PR:000022190" label="ATP synthase subunit c"/>
      <span end="19156" id="15588329-8875" start="19147">subunit c</span>
    </annotation>
    <annotation annotator="Mike Bada, University of Colorado School of Medicine" id="PR_reasoned_2017_04_17_Instance_121455" type="identity">
      <class id="PR:000005591" label="battenin"/>
      <span end="19291" id="15588329-8508" start="19287">Cln3</span>
    </annotation>
    <annotation annotator="Mike Bada, University of Colorado School of Medicine" id="PR_reasoned_2017_04_17_Instance_121457" type="identity">
      <class id="PR:000005591" label="battenin"/>
      <span end="19389" id="15588329-8510" start="19385">Cln3</span>
    </annotation>
    <annotation annotator="Mike Bada, University of Colorado School of Medicine" id="PR_reasoned_2017_04_17_Instance_121459" type="identity">
      <class id="PR:000005591" label="battenin"/>
      <span end="19489" id="15588329-8512" start="19485">Cln3</span>
    </annotation>
    <annotation annotator="Mike Bada, University of Colorado School of Medicine" id="PR_reasoned_2017_04_17_Instance_15885" type="identity">
      <class id="PR:000008813" label="stress-70 protein, mitochondrial"/>
      <span end="19541" id="15588329-8748" start="19536">grp75</span>
    </annotation>
    <annotation annotator="Mike Bada, University of Colorado School of Medicine" id="PR_reasoned_2017_04_17_Instance_121461" type="identity">
      <class id="PR:000005591" label="battenin"/>
      <span end="19842" id="15588329-8514" start="19838">Cln3</span>
    </annotation>
    <annotation annotator="Mike Bada, University of Colorado School of Medicine" id="PR_reasoned_2017_04_17_Instance_121463" type="identity">
      <class id="PR:000005591" label="battenin"/>
      <span end="19945" id="15588329-8516" start="19941">Cln3</span>
    </annotation>
    <annotation annotator="Mike Bada, University of Colorado School of Medicine" id="PR_reasoned_2017_04_17_Instance_121465" type="identity">
      <class id="PR:000005591" label="battenin"/>
      <span end="20293" id="15588329-8518" start="20289">Cln3</span>
    </annotation>
    <annotation annotator="Mike Bada, University of Colorado School of Medicine" id="PR_reasoned_2017_04_17_Instance_121467" type="identity">
      <class id="PR:000005591" label="battenin"/>
      <span end="20404" id="15588329-8520" start="20400">Cln3</span>
    </annotation>
    <annotation annotator="Mike Bada, University of Colorado School of Medicine" id="PR_reasoned_2017_04_17_Instance_121469" type="identity">
      <class id="PR:000005591" label="battenin"/>
      <span end="20483" id="15588329-8522" start="20479">Cln3</span>
    </annotation>
    <annotation annotator="Mike Bada, University of Colorado School of Medicine" id="PR_reasoned_2017_04_17_Instance_15887" type="identity">
      <class id="PR:000008813" label="stress-70 protein, mitochondrial"/>
      <span end="20592" id="15588329-8750" start="20587">grp75</span>
    </annotation>
    <annotation annotator="Mike Bada, University of Colorado School of Medicine" id="PR_reasoned_2017_04_17_Instance_121471" type="identity">
      <class id="PR:000005591" label="battenin"/>
      <span end="20675" id="15588329-8524" start="20671">Cln3</span>
    </annotation>
    <annotation annotator="Mike Bada, University of Colorado School of Medicine" id="PR_reasoned_2017_04_17_Instance_121473" type="identity">
      <class id="PR:000005591" label="battenin"/>
      <span end="20733" id="15588329-8526" start="20729">Cln3</span>
    </annotation>
    <annotation annotator="Mike Bada, University of Colorado School of Medicine" id="PR_reasoned_2017_04_17_Instance_121475" type="identity">
      <class id="PR:000005591" label="battenin"/>
      <span end="20860" id="15588329-8528" start="20856">Cln3</span>
    </annotation>
    <annotation annotator="Mike Bada, University of Colorado School of Medicine" id="PR_reasoned_2017_04_17_Instance_121477" type="identity">
      <class id="PR:000005591" label="battenin"/>
      <span end="21007" id="15588329-8530" start="21003">Cln3</span>
    </annotation>
    <annotation annotator="Mike Bada, University of Colorado School of Medicine" id="PR_reasoned_2017_04_17_Instance_121479" type="identity">
      <class id="PR:000005591" label="battenin"/>
      <span end="21096" id="15588329-8532" start="21092">Cln3</span>
    </annotation>
    <annotation annotator="Mike Bada, University of Colorado School of Medicine" id="PR_reasoned_2017_04_17_Instance_121481" type="identity">
      <class id="PR:000005591" label="battenin"/>
      <span end="21154" id="15588329-8534" start="21150">Cln3</span>
    </annotation>
    <annotation annotator="Mike Bada, University of Colorado School of Medicine" id="PR_reasoned_2017_04_17_Instance_121483" type="identity">
      <class id="PR:000005591" label="battenin"/>
      <span end="21326" id="15588329-8536" start="21322">Cln3</span>
    </annotation>
    <annotation annotator="Mike Bada, University of Colorado School of Medicine" id="PR_reasoned_2017_04_17_Instance_121485" type="identity">
      <class id="PR:000005591" label="battenin"/>
      <span end="21583" id="15588329-8538" start="21579">Cln3</span>
    </annotation>
    <annotation annotator="Mike Bada, University of Colorado School of Medicine" id="PR_reasoned_2017_04_17_Instance_121487" type="identity">
      <class id="PR:000005591" label="battenin"/>
      <span end="21729" id="15588329-8540" start="21725">Cln3</span>
    </annotation>
    <annotation annotator="Mike Bada, University of Colorado School of Medicine" id="PR_reasoned_2017_04_17_Instance_121489" type="identity">
      <class id="PR:000005591" label="battenin"/>
      <span end="21818" id="15588329-8542" start="21814">Cln3</span>
    </annotation>
    <annotation annotator="Mike Bada, University of Colorado School of Medicine" id="PR_reasoned_2017_04_17_Instance_121491" type="identity">
      <class id="PR:000005591" label="battenin"/>
      <span end="21982" id="15588329-8544" start="21978">Cln3</span>
    </annotation>
    <annotation annotator="Mike Bada, University of Colorado School of Medicine" id="PR_reasoned_2017_04_17_Instance_121493" type="identity">
      <class id="PR:000005591" label="battenin"/>
      <span end="22112" id="15588329-8546" start="22108">Cln3</span>
    </annotation>
    <annotation annotator="Mike Bada, University of Colorado School of Medicine" id="PR_reasoned_2017_04_17_Instance_15889" type="identity">
      <class id="PR:000005591" label="battenin"/>
      <span end="22148" id="15588329-8752" start="22140">battenin</span>
    </annotation>
    <annotation annotator="Mike Bada, University of Colorado School of Medicine" id="PR_reasoned_2017_04_17_Instance_17249" type="identity">
      <class id="PR:000022190" label="ATP synthase subunit c"/>
      <span end="22197" id="15588329-8877" start="22167">mitochondrial ATPase subunit c</span>
    </annotation>
    <annotation annotator="Mike Bada, University of Colorado School of Medicine" id="PR_reasoned_2017_04_17_Instance_17251" type="identity">
      <class id="PR:000022190" label="ATP synthase subunit c"/>
      <span end="22405" id="15588329-8879" start="22396">subunit c</span>
    </annotation>
    <annotation annotator="Mike Bada, University of Colorado School of Medicine" id="PR_reasoned_2017_04_17_Instance_15891" type="identity">
      <class id="PR:000006025" label="cathepsin D"/>
      <span end="22597" id="15588329-8754" start="22586">cathepsin D</span>
    </annotation>
    <annotation annotator="Mike Bada, University of Colorado School of Medicine" id="PR_reasoned_2017_04_17_Instance_121495" type="identity">
      <class id="PR:000005591" label="battenin"/>
      <span end="22646" id="15588329-8548" start="22642">Cln3</span>
    </annotation>
    <annotation annotator="Mike Bada, University of Colorado School of Medicine" id="PR_reasoned_2017_04_17_Instance_121497" type="identity">
      <class id="PR:000005591" label="battenin"/>
      <span end="22667" id="15588329-8550" start="22663">Cln3</span>
    </annotation>
    <annotation annotator="Mike Bada, University of Colorado School of Medicine" id="PR_reasoned_2017_04_17_Instance_15893" type="identity">
      <class id="PR:000006025" label="cathepsin D"/>
      <span end="22782" id="15588329-8756" start="22771">cathepsin D</span>
    </annotation>
    <annotation annotator="Mike Bada, University of Colorado School of Medicine" id="PR_reasoned_2017_04_17_Instance_15895" type="identity">
      <class id="PR:000005591" label="battenin"/>
      <span end="22815" id="15588329-8758" start="22811">CLN3</span>
    </annotation>
    <annotation annotator="Mike Bada, University of Colorado School of Medicine" id="PR_reasoned_2017_04_17_Instance_15897" type="identity">
      <class id="PR:000006025" label="cathepsin D"/>
      <span end="22884" id="15588329-8760" start="22873">cathepsin D</span>
    </annotation>
    <annotation annotator="Mike Bada, University of Colorado School of Medicine" id="PR_reasoned_2017_04_17_Instance_15903" type="identity">
      <class id="PR:000006023" label="cathepsin B"/>
      <span end="22994" id="15588329-8766" start="22983">cathepsin B</span>
    </annotation>
    <annotation annotator="Mike Bada, University of Colorado School of Medicine" id="PR_reasoned_2017_04_17_Instance_15901" type="identity">
      <class id="PR:000016585" label="tripeptidyl-peptidase 1"/>
      <span end="23007" id="15588329-8764" start="23003">CLN2</span>
    </annotation>
    <annotation annotator="Mike Bada, University of Colorado School of Medicine" id="PR_reasoned_2017_04_17_Instance_15899" type="identity">
      <class id="PR:000016585" label="tripeptidyl-peptidase 1"/>
      <span end="23028" id="15588329-8762" start="23024">TPPI</span>
    </annotation>
    <annotation annotator="Mike Bada, University of Colorado School of Medicine" id="PR_reasoned_2017_04_17_Instance_15905" type="identity">
      <class id="PR:000006025" label="cathepsin D"/>
      <span end="23101" id="15588329-8768" start="23090">cathepsin D</span>
    </annotation>
    <annotation annotator="Mike Bada, University of Colorado School of Medicine" id="PR_reasoned_2017_04_17_Instance_121499" type="identity">
      <class id="PR:000005591" label="battenin"/>
      <span end="23160" id="15588329-8552" start="23156">Cln3</span>
    </annotation>
    <annotation annotator="Mike Bada, University of Colorado School of Medicine" id="PR_reasoned_2017_04_17_Instance_15907" type="identity">
      <class id="PR:000006025" label="cathepsin D"/>
      <span end="23185" id="15588329-8770" start="23174">cathepsin D</span>
    </annotation>
    <annotation annotator="Mike Bada, University of Colorado School of Medicine" id="PR_reasoned_2017_04_17_Instance_15909" type="identity">
      <class id="PR:000006025" label="cathepsin D"/>
      <span end="23263" id="15588329-8772" start="23252">cathepsin D</span>
    </annotation>
    <annotation annotator="Mike Bada, University of Colorado School of Medicine" id="PR_reasoned_2017_04_17_Instance_17253" type="identity">
      <class id="PR:000022190" label="ATP synthase subunit c"/>
      <span end="23309" id="15588329-8881" start="23300">subunit c</span>
    </annotation>
    <annotation annotator="Mike Bada, University of Colorado School of Medicine" id="PR_reasoned_2017_04_17_Instance_121501" type="identity">
      <class id="PR:000005591" label="battenin"/>
      <span end="23359" id="15588329-8554" start="23355">Cln3</span>
    </annotation>
    <annotation annotator="Mike Bada, University of Colorado School of Medicine" id="PR_reasoned_2017_04_17_Instance_17255" type="identity">
      <class id="PR:000022190" label="ATP synthase subunit c"/>
      <span end="23444" id="15588329-8883" start="23435">subunit c</span>
    </annotation>
    <annotation annotator="Mike Bada, University of Colorado School of Medicine" id="PR_reasoned_2017_04_17_Instance_17257" type="identity">
      <class id="PR:000022190" label="ATP synthase subunit c"/>
      <span end="23511" id="15588329-8885" start="23502">subunit c</span>
    </annotation>
    <annotation annotator="Mike Bada, University of Colorado School of Medicine" id="PR_reasoned_2017_04_17_Instance_121503" type="identity">
      <class id="PR:000005591" label="battenin"/>
      <span end="23545" id="15588329-8556" start="23541">Cln3</span>
    </annotation>
    <annotation annotator="Mike Bada, University of Colorado School of Medicine" id="PR_reasoned_2017_04_17_Instance_121505" type="identity">
      <class id="PR:000005591" label="battenin"/>
      <span end="23776" id="15588329-8558" start="23772">Cln3</span>
    </annotation>
    <annotation annotator="Mike Bada, University of Colorado School of Medicine" id="PR_reasoned_2017_04_17_Instance_17259" type="identity">
      <class id="PR:000022190" label="ATP synthase subunit c"/>
      <span end="23890" id="15588329-8887" start="23881">subunit c</span>
    </annotation>
    <annotation annotator="Mike Bada, University of Colorado School of Medicine" id="PR_reasoned_2017_04_17_Instance_17261" type="identity">
      <class id="PR:000022190" label="ATP synthase subunit c"/>
      <span end="24001" id="15588329-8889" start="23992">subunit c</span>
    </annotation>
    <annotation annotator="Mike Bada, University of Colorado School of Medicine" id="PR_reasoned_2017_04_17_Instance_15911" type="identity">
      <class id="PR:000005591" label="battenin"/>
      <span end="24253" id="15588329-8774" start="24245">battenin</span>
    </annotation>
    <annotation annotator="Mike Bada, University of Colorado School of Medicine" id="PR_reasoned_2017_04_17_Instance_121507" type="identity">
      <class id="PR:000005591" label="battenin"/>
      <span end="24443" id="15588329-8560" start="24439">Cln3</span>
    </annotation>
    <annotation annotator="Mike Bada, University of Colorado School of Medicine" id="PR_reasoned_2017_04_17_Instance_15913" type="identity">
      <class id="PR:000005591" label="battenin"/>
      <span end="24477" id="15588329-8776" start="24469">battenin</span>
    </annotation>
    <annotation annotator="Mike Bada, University of Colorado School of Medicine" id="PR_reasoned_2017_04_17_Instance_15915" type="identity">
      <class id="PR:000005591" label="battenin"/>
      <span end="24540" id="15588329-8778" start="24532">Battenin</span>
    </annotation>
    <annotation annotator="Mike Bada, University of Colorado School of Medicine" id="PR_reasoned_2017_04_17_Instance_121509" type="identity">
      <class id="PR:000005591" label="battenin"/>
      <span end="24576" id="15588329-8562" start="24572">Cln3</span>
    </annotation>
    <annotation annotator="Mike Bada, University of Colorado School of Medicine" id="PR_reasoned_2017_04_17_Instance_15917" type="identity">
      <class id="PR:000005591" label="battenin"/>
      <span end="24727" id="15588329-8780" start="24719">battenin</span>
    </annotation>
    <annotation annotator="Mike Bada, University of Colorado School of Medicine" id="PR_reasoned_2017_04_17_Instance_15919" type="identity">
      <class id="PR:000005591" label="battenin"/>
      <span end="24827" id="15588329-8782" start="24823">CLN3</span>
    </annotation>
    <annotation annotator="Mike Bada, University of Colorado School of Medicine" id="PR_reasoned_2017_04_17_Instance_15921" type="identity">
      <class id="PR:000005591" label="battenin"/>
      <span end="24836" id="15588329-8784" start="24828">battenin</span>
    </annotation>
    <annotation annotator="Mike Bada, University of Colorado School of Medicine" id="PR_reasoned_2017_04_17_Instance_15923" type="identity">
      <class id="PR:000005591" label="battenin"/>
      <span end="25067" id="15588329-8786" start="25059">battenin</span>
    </annotation>
    <annotation annotator="Mike Bada, University of Colorado School of Medicine" id="PR_reasoned_2017_04_17_Instance_121511" type="identity">
      <class id="PR:000005591" label="battenin"/>
      <span end="25437" id="15588329-8564" start="25433">Cln3</span>
    </annotation>
    <annotation annotator="Mike Bada, University of Colorado School of Medicine" id="PR_reasoned_2017_04_17_Instance_15925" type="identity">
      <class id="PR:000005591" label="battenin"/>
      <span end="25649" id="15588329-8788" start="25641">battenin</span>
    </annotation>
    <annotation annotator="Mike Bada, University of Colorado School of Medicine" id="PR_reasoned_2017_04_17_Instance_121513" type="identity">
      <class id="PR:000005591" label="battenin"/>
      <span end="25725" id="15588329-8566" start="25721">Cln3</span>
    </annotation>
    <annotation annotator="Mike Bada, University of Colorado School of Medicine" id="PR_reasoned_2017_04_17_Instance_15927" type="identity">
      <class id="PR:000005591" label="battenin"/>
      <span end="25808" id="15588329-8790" start="25800">battenin</span>
    </annotation>
    <annotation annotator="Mike Bada, University of Colorado School of Medicine" id="PR_reasoned_2017_04_17_Instance_15929" type="identity">
      <class id="PR:000011141" label="nestin"/>
      <span end="25894" id="15588329-8792" start="25888">Nestin</span>
    </annotation>
    <annotation annotator="Mike Bada, University of Colorado School of Medicine" id="PR_reasoned_2017_04_17_Instance_15931" type="identity">
      <class id="PR:000002060" label="lysosome-associated membrane glycoprotein 1"/>
      <span end="25927" id="15588329-8794" start="25921">Lamp 1</span>
    </annotation>
    <annotation annotator="Mike Bada, University of Colorado School of Medicine" id="PR_reasoned_2017_04_17_Instance_15933" type="identity">
      <class id="PR:000002061" label="lysosome-associated membrane glycoprotein 2"/>
      <span end="25961" id="15588329-8796" start="25955">Lamp 2</span>
    </annotation>
    <annotation annotator="Mike Bada, University of Colorado School of Medicine" id="PR_reasoned_2017_04_17_Instance_17263" type="identity">
      <class id="PR:000022190" label="ATP synthase subunit c"/>
      <span end="26203" id="15588329-8891" start="26194">subunit c</span>
    </annotation>
    <annotation annotator="Mike Bada, University of Colorado School of Medicine" id="PR_reasoned_2017_04_17_Instance_15935" type="identity">
      <class id="PR:000007939" label="glial fibrillary acidic protein"/>
      <span end="26341" id="15588329-8798" start="26337">GFAP</span>
    </annotation>
    <annotation annotator="Mike Bada, University of Colorado School of Medicine" id="PR_reasoned_2017_04_17_Instance_15937" type="identity">
      <class id="PR:000004967" label="calbindin"/>
      <span end="26379" id="15588329-8800" start="26370">calbindin</span>
    </annotation>
    <annotation annotator="Mike Bada, University of Colorado School of Medicine" id="PR_reasoned_2017_04_17_Instance_121515" type="identity">
      <class id="PR:000006252" label="RNA binding protein fox-1 homolog 3"/>
      <span end="26401" id="15588329-8568" start="26397">NeuN</span>
    </annotation>
    <annotation annotator="Mike Bada, University of Colorado School of Medicine" id="PR_reasoned_2017_04_17_Instance_15939" type="identity">
      <class id="PR:000006025" label="cathepsin D"/>
      <span end="26497" id="15588329-8802" start="26486">cathepsin D</span>
    </annotation>
    <annotation annotator="Mike Bada, University of Colorado School of Medicine" id="PR_reasoned_2017_04_17_Instance_15941" type="identity">
      <class id="PR:000005776" label="cytochrome c oxidase subunit 4 isoform 1, mitochondrial"/>
      <span end="26573" id="15588329-8804" start="26542">cytochrome c oxidase subunit IV</span>
    </annotation>
    <annotation annotator="Mike Bada, University of Colorado School of Medicine" id="PR_reasoned_2017_04_17_Instance_15943" type="identity">
      <class id="PR:000005776" label="cytochrome c oxidase subunit 4 isoform 1, mitochondrial"/>
      <span end="26579" id="15588329-8806" start="26575">cox4</span>
    </annotation>
    <annotation annotator="Mike Bada, University of Colorado School of Medicine" id="PR_reasoned_2017_04_17_Instance_15947" type="identity">
      <class id="PR:000008131" label="golgin subfamily A member 2"/>
      <span end="26670" id="15588329-8808" start="26665">GM130</span>
    </annotation>
    <annotation annotator="Mike Bada, University of Colorado School of Medicine" id="PR_reasoned_2017_04_17_Instance_121517" type="identity">
      <class id="PR:000028799" label="tubulin"/>
      <span end="26713" id="15588329-8570" start="26706">tubulin</span>
    </annotation>
    <annotation annotator="Mike Bada, University of Colorado School of Medicine" id="PR_reasoned_2017_04_17_Instance_15949" type="identity">
      <class id="PR:000008813" label="stress-70 protein, mitochondrial"/>
      <span end="26738" id="15588329-8810" start="26733">grp75</span>
    </annotation>
    <annotation annotator="Mike Bada, University of Colorado School of Medicine" id="PR_reasoned_2017_04_17_Instance_15951" type="identity">
      <class id="PR:000006901" label="early endosome antigen 1"/>
      <span end="26783" id="15588329-8812" start="26759">early endosome antigen-1</span>
    </annotation>
    <annotation annotator="Mike Bada, University of Colorado School of Medicine" id="PR_reasoned_2017_04_17_Instance_15953" type="identity">
      <class id="PR:000006901" label="early endosome antigen 1"/>
      <span end="26789" id="15588329-8814" start="26785">EEA1</span>
    </annotation>
    <annotation annotator="Mike Bada, University of Colorado School of Medicine" id="PR_reasoned_2017_04_17_Instance_15955" type="identity">
      <class id="PR:000013639" label="ras-related protein Rab-7a"/>
      <span end="26833" id="15588329-8816" start="26828">rab 7</span>
    </annotation>
    <annotation annotator="Mike Bada, University of Colorado School of Medicine" id="PR_reasoned_2017_04_17_Instance_121519" type="identity">
      <class id="PR:000005591" label="battenin"/>
      <span end="27268" id="15588329-8572" start="27264">Cln3</span>
    </annotation>
    <annotation annotator="Mike Bada, University of Colorado School of Medicine" id="PR_reasoned_2017_04_17_Instance_121521" type="identity">
      <class id="PR:000005591" label="battenin"/>
      <span end="27310" id="15588329-8574" start="27306">Cln3</span>
    </annotation>
    <annotation annotator="Mike Bada, University of Colorado School of Medicine" id="PR_reasoned_2017_04_17_Instance_121523" type="identity">
      <class id="PR:000027795" label="trypsin"/>
      <span end="27766" id="15588329-8576" start="27759">Trypsin</span>
    </annotation>
    <annotation annotator="Mike Bada, University of Colorado School of Medicine" id="PR_reasoned_2017_04_17_Instance_121525" type="identity">
      <class id="PR:000005591" label="battenin"/>
      <span end="28846" id="15588329-8578" start="28842">Cln3</span>
    </annotation>
    <annotation annotator="Mike Bada, University of Colorado School of Medicine" id="PR_reasoned_2017_04_17_Instance_15969" type="identity">
      <class id="PR:000007479" label="fibroblast growth factor 1"/>
      <span end="29176" id="15588329-8828" start="29171">α-FGF</span>
    </annotation>
    <annotation annotator="Mike Bada, University of Colorado School of Medicine" id="PR_reasoned_2017_04_17_Instance_121527" type="identity">
      <class id="PR:000005591" label="battenin"/>
      <span end="29369" id="15588329-8580" start="29365">Cln3</span>
    </annotation>
    <annotation annotator="Mike Bada, University of Colorado School of Medicine" id="PR_reasoned_2017_04_17_Instance_15959" type="identity">
      <class id="PR:000005591" label="battenin"/>
      <span end="29801" id="15588329-8818" start="29797">Cln3</span>
    </annotation>
    <annotation annotator="Mike Bada, University of Colorado School of Medicine" id="PR_reasoned_2017_04_17_Instance_17265" type="identity">
      <class id="PR:000022190" label="ATP synthase subunit c"/>
      <span end="29879" id="15588329-8893" start="29870">Subunit c</span>
    </annotation>
    <annotation annotator="Mike Bada, University of Colorado School of Medicine" id="PR_reasoned_2017_04_17_Instance_17267" type="identity">
      <class id="PR:000022190" label="ATP synthase subunit c"/>
      <span end="30401" id="15588329-8895" start="30392">subunit c</span>
    </annotation>
    <annotation annotator="Mike Bada, University of Colorado School of Medicine" id="PR_reasoned_2017_04_17_Instance_15961" type="identity">
      <class id="PR:000003918" label="serum albumin"/>
      <span end="31556" id="15588329-8820" start="31543">serum albumin</span>
    </annotation>
    <annotation annotator="Mike Bada, University of Colorado School of Medicine" id="PR_reasoned_2017_04_17_Instance_17269" type="identity">
      <class id="PR:000022190" label="ATP synthase subunit c"/>
      <span end="32752" id="15588329-8897" start="32743">subunit c</span>
    </annotation>
    <annotation annotator="Mike Bada, University of Colorado School of Medicine" id="PR_reasoned_2017_04_17_Instance_15963" type="identity">
      <class id="PR:000006025" label="cathepsin D"/>
      <span end="32793" id="15588329-8822" start="32782">Cathepsin D</span>
    </annotation>
    <annotation annotator="Mike Bada, University of Colorado School of Medicine" id="PR_reasoned_2017_04_17_Instance_15965" type="identity">
      <class id="PR:000006025" label="cathepsin D"/>
      <span end="33296" id="15588329-8824" start="33285">cathepsin D</span>
    </annotation>
    <annotation annotator="Mike Bada, University of Colorado School of Medicine" id="PR_reasoned_2017_04_17_Instance_15967" type="identity">
      <class id="PR:000006025" label="cathepsin D"/>
      <span end="33349" id="15588329-8826" start="33338">Cathepsin D</span>
    </annotation>
    <annotation annotator="Mike Bada, University of Colorado School of Medicine" id="PR_reasoned_2017_04_17_Instance_17271" type="identity">
      <class id="PR:000022190" label="ATP synthase subunit c"/>
      <span end="36945" id="15588329-8899" start="36912">subunit c of mitochondrial ATPase</span>
    </annotation>
    <annotation annotator="Mike Bada, University of Colorado School of Medicine" id="PR_reasoned_2017_04_17_Instance_15971" type="identity">
      <class id="PR:000006025" label="cathepsin D"/>
      <span end="37224" id="15588329-8830" start="37213">cathepsin D</span>
    </annotation>
    <graph-space id="Old Knowtator Relations"/>
  </document>
</knowtator-project>
