<?xml version="1.0" encoding="UTF-8" standalone="no"?>
<knowtator-project>
    <document id="15819996" text-file="15819996.txt">
        <annotation annotator="Mike Bada, University of Colorado School of Medicine" id="PR_reasoned_2017_04_17_Instance_14721" type="identity">
            <class id="PR:000004080" label="annexin A7"/>
            <span end="34" id="15819996-11601" start="24">Annexin A7</span>
        </annotation>
        <annotation annotator="Mike Bada, University of Colorado School of Medicine" id="PR_reasoned_2017_04_17_Instance_14723" type="identity">
            <class id="PR:000004080" label="annexin A7"/>
            <span end="100" id="15819996-11603" start="90">Annexin A7</span>
        </annotation>
        <annotation annotator="Mike Bada, University of Colorado School of Medicine" id="PR_reasoned_2017_04_17_Instance_18829" type="identity">
            <class id="PR:000004080" label="annexin A7"/>
            <span end="421" id="15819996-11635" start="411">Annexin A7</span>
        </annotation>
        <annotation annotator="Mike Bada, University of Colorado School of Medicine" id="PR_reasoned_2017_04_17_Instance_18831" type="identity">
            <class id="PR:000004080" label="annexin A7"/>
            <span end="525" id="15819996-11637" start="515">Annexin A7</span>
        </annotation>
        <annotation annotator="Mike Bada, University of Colorado School of Medicine" id="PR_reasoned_2017_04_17_Instance_18833" type="identity">
            <class id="PR:000004080" label="annexin A7"/>
            <span end="652" id="15819996-11639" start="642">Annexin A7</span>
        </annotation>
        <annotation annotator="Mike Bada, University of Colorado School of Medicine" id="PR_reasoned_2017_04_17_Instance_18835" type="identity">
            <class id="PR:000004080" label="annexin A7"/>
            <span end="846" id="15819996-11641" start="836">Annexin A7</span>
        </annotation>
        <annotation annotator="Mike Bada, University of Colorado School of Medicine" id="PR_reasoned_2017_04_17_Instance_18837" type="identity">
            <class id="PR:000004080" label="annexin A7"/>
            <span end="916" id="15819996-11643" start="906">Annexin A7</span>
        </annotation>
        <annotation annotator="Mike Bada, University of Colorado School of Medicine" id="PR_reasoned_2017_04_17_Instance_18839" type="identity">
            <class id="PR:000004080" label="annexin A7"/>
            <span end="1195" id="15819996-11645" start="1185">Annexin A7</span>
        </annotation>
        <annotation annotator="Mike Bada, University of Colorado School of Medicine" id="PR_reasoned_2017_04_17_Instance_18841" type="identity">
            <class id="PR:000004080" label="annexin A7"/>
            <span end="1355" id="15819996-11647" start="1345">Annexin A7</span>
        </annotation>
        <annotation annotator="Mike Bada, University of Colorado School of Medicine" id="PR_reasoned_2017_04_17_Instance_18845" type="identity">
            <class id="PR:000007939" label="glial fibrillary acidic protein"/>
            <span end="1411" id="15819996-11651" start="1380">glial fibrillary acidic protein</span>
        </annotation>
        <annotation annotator="Mike Bada, University of Colorado School of Medicine" id="PR_reasoned_2017_04_17_Instance_18847" type="identity">
            <class id="PR:000007939" label="glial fibrillary acidic protein"/>
            <span end="1417" id="15819996-11653" start="1413">GFAP</span>
        </annotation>
        <annotation annotator="Mike Bada, University of Colorado School of Medicine" id="PR_reasoned_2017_04_17_Instance_18843" type="identity">
            <class id="PR:000004080" label="annexin A7"/>
            <span end="1523" id="15819996-11649" start="1513">Annexin A7</span>
        </annotation>
        <annotation annotator="Mike Bada, University of Colorado School of Medicine" id="PR_reasoned_2017_04_17_Instance_18849" type="identity">
            <class id="PR:000004080" label="annexin A7"/>
            <span end="1705" id="15819996-11655" start="1695">Annexin A7</span>
        </annotation>
        <annotation annotator="Mike Bada, University of Colorado School of Medicine" id="PR_reasoned_2017_04_17_Instance_18851" type="identity">
            <class id="PR:000004080" label="annexin A7"/>
            <span end="1789" id="15819996-11657" start="1779">Annexin A7</span>
        </annotation>
        <annotation annotator="Mike Bada, University of Colorado School of Medicine" id="PR_reasoned_2017_04_17_Instance_18853" type="identity">
            <class id="PR:000004080" label="annexin A7"/>
            <span end="1861" id="15819996-11659" start="1851">Annexin A7</span>
        </annotation>
        <annotation annotator="Mike Bada, University of Colorado School of Medicine" id="PR_reasoned_2017_04_17_Instance_18855" type="identity">
            <class id="PR:000004080" label="annexin A7"/>
            <span end="2663" id="15819996-11661" start="2653">Annexin A7</span>
        </annotation>
        <annotation annotator="Mike Bada, University of Colorado School of Medicine" id="PR_reasoned_2017_04_17_Instance_18857" type="identity">
            <class id="PR:000004080" label="annexin A7"/>
            <span end="2913" id="15819996-11663" start="2903">Annexin A7</span>
        </annotation>
        <annotation annotator="Mike Bada, University of Colorado School of Medicine" id="PR_reasoned_2017_04_17_Instance_18859" type="identity">
            <class id="PR:000004080" label="annexin A7"/>
            <span end="3190" id="15819996-11665" start="3180">Annexin A7</span>
        </annotation>
        <annotation annotator="Mike Bada, University of Colorado School of Medicine" id="PR_reasoned_2017_04_17_Instance_18861" type="identity">
            <class id="PR:000004080" label="annexin A7"/>
            <span end="3623" id="15819996-11667" start="3613">Annexin A7</span>
        </annotation>
        <annotation annotator="Mike Bada, University of Colorado School of Medicine" id="PR_reasoned_2017_04_17_Instance_18863" type="identity">
            <class id="PR:000004080" label="annexin A7"/>
            <span end="3936" id="15819996-11669" start="3926">Annexin A7</span>
        </annotation>
        <annotation annotator="Mike Bada, University of Colorado School of Medicine" id="PR_reasoned_2017_04_17_Instance_18865" type="identity">
            <class id="PR:000004080" label="annexin A7"/>
            <span end="4086" id="15819996-11671" start="4076">Annexin A7</span>
        </annotation>
        <annotation annotator="Mike Bada, University of Colorado School of Medicine" id="PR_reasoned_2017_04_17_Instance_18867" type="identity">
            <class id="PR:000004080" label="annexin A7"/>
            <span end="4273" id="15819996-11673" start="4263">Annexin A7</span>
        </annotation>
        <annotation annotator="Mike Bada, University of Colorado School of Medicine" id="PR_reasoned_2017_04_17_Instance_18869" type="identity">
            <class id="PR:000004080" label="annexin A7"/>
            <span end="4381" id="15819996-11675" start="4371">Annexin A7</span>
        </annotation>
        <annotation annotator="Mike Bada, University of Colorado School of Medicine" id="PR_reasoned_2017_04_17_Instance_18871" type="identity">
            <class id="PR:000004080" label="annexin A7"/>
            <span end="4492" id="15819996-11677" start="4482">Annexin A7</span>
        </annotation>
        <annotation annotator="Mike Bada, University of Colorado School of Medicine" id="PR_reasoned_2017_04_17_Instance_18873" type="identity">
            <class id="PR:000004080" label="annexin A7"/>
            <span end="4579" id="15819996-11679" start="4569">Annexin A7</span>
        </annotation>
        <annotation annotator="Mike Bada, University of Colorado School of Medicine" id="PR_reasoned_2017_04_17_Instance_18875" type="identity">
            <class id="PR:000004080" label="annexin A7"/>
            <span end="5046" id="15819996-11681" start="5036">Annexin A7</span>
        </annotation>
        <annotation annotator="Mike Bada, University of Colorado School of Medicine" id="PR_reasoned_2017_04_17_Instance_18879" type="identity">
            <class id="PR:000003676" label="actin, cytoplasmic 1"/>
            <span end="5113" id="15819996-11685" start="5106">β-actin</span>
        </annotation>
        <annotation annotator="Mike Bada, University of Colorado School of Medicine" id="PR_reasoned_2017_04_17_Instance_18881" type="identity">
            <class id="PR:000003676" label="actin, cytoplasmic 1"/>
            <span end="5257" id="15819996-11687" start="5250">β-actin</span>
        </annotation>
        <annotation annotator="Mike Bada, University of Colorado School of Medicine" id="PR_reasoned_2017_04_17_Instance_18877" type="identity">
            <class id="PR:000004080" label="annexin A7"/>
            <span end="5330" id="15819996-11683" start="5320">Annexin A7</span>
        </annotation>
        <annotation annotator="Mike Bada, University of Colorado School of Medicine" id="PR_reasoned_2017_04_17_Instance_18825" type="identity">
            <class id="PR:000004080" label="annexin A7"/>
            <span end="5453" id="15819996-11631" start="5443">Annexin A7</span>
        </annotation>
        <annotation annotator="Mike Bada, University of Colorado School of Medicine" id="PR_reasoned_2017_04_17_Instance_18827" type="identity">
            <class id="PR:000004080" label="annexin A7"/>
            <span end="5569" id="15819996-11633" start="5559">annexin A7</span>
        </annotation>
        <annotation annotator="Mike Bada, University of Colorado School of Medicine" id="PR_reasoned_2017_04_17_Instance_18887" type="identity">
            <class id="PR:000003676" label="actin, cytoplasmic 1"/>
            <span end="5681" id="15819996-11689" start="5674">β-actin</span>
        </annotation>
        <annotation annotator="Mike Bada, University of Colorado School of Medicine" id="PR_reasoned_2017_04_17_Instance_18889" type="identity">
            <class id="PR:000004080" label="annexin A7"/>
            <span end="5797" id="15819996-11691" start="5787">Annexin A7</span>
        </annotation>
        <annotation annotator="Mike Bada, University of Colorado School of Medicine" id="PR_reasoned_2017_04_17_Instance_18891" type="identity">
            <class id="PR:000004080" label="annexin A7"/>
            <span end="6354" id="15819996-11693" start="6344">Annexin A7</span>
        </annotation>
        <annotation annotator="Mike Bada, University of Colorado School of Medicine" id="PR_reasoned_2017_04_17_Instance_18893" type="identity">
            <class id="PR:000004080" label="annexin A7"/>
            <span end="6448" id="15819996-11695" start="6438">Annexin A7</span>
        </annotation>
        <annotation annotator="Mike Bada, University of Colorado School of Medicine" id="PR_reasoned_2017_04_17_Instance_18895" type="identity">
            <class id="PR:000004080" label="annexin A7"/>
            <span end="6540" id="15819996-11697" start="6530">Annexin A7</span>
        </annotation>
        <annotation annotator="Mike Bada, University of Colorado School of Medicine" id="PR_reasoned_2017_04_17_Instance_18897" type="identity">
            <class id="PR:000004080" label="annexin A7"/>
            <span end="6597" id="15819996-11699" start="6587">Annexin A7</span>
        </annotation>
        <annotation annotator="Mike Bada, University of Colorado School of Medicine" id="PR_reasoned_2017_04_17_Instance_18899" type="identity">
            <class id="PR:000004080" label="annexin A7"/>
            <span end="6716" id="15819996-11701" start="6706">Annexin A7</span>
        </annotation>
        <annotation annotator="Mike Bada, University of Colorado School of Medicine" id="PR_reasoned_2017_04_17_Instance_18901" type="identity">
            <class id="PR:000004080" label="annexin A7"/>
            <span end="6990" id="15819996-11703" start="6980">Annexin A7</span>
        </annotation>
        <annotation annotator="Mike Bada, University of Colorado School of Medicine" id="PR_reasoned_2017_04_17_Instance_18903" type="identity">
            <class id="PR:000004080" label="annexin A7"/>
            <span end="7171" id="15819996-11705" start="7161">Annexin A7</span>
        </annotation>
        <annotation annotator="Mike Bada, University of Colorado School of Medicine" id="PR_reasoned_2017_04_17_Instance_18905" type="identity">
            <class id="PR:000004080" label="annexin A7"/>
            <span end="7493" id="15819996-11707" start="7483">Annexin A7</span>
        </annotation>
        <annotation annotator="Mike Bada, University of Colorado School of Medicine" id="PR_reasoned_2017_04_17_Instance_18907" type="identity">
            <class id="PR:000004080" label="annexin A7"/>
            <span end="7743" id="15819996-11709" start="7733">Annexin A7</span>
        </annotation>
        <annotation annotator="Mike Bada, University of Colorado School of Medicine" id="PR_reasoned_2017_04_17_Instance_18909" type="identity">
            <class id="PR:000004080" label="annexin A7"/>
            <span end="7876" id="15819996-11711" start="7866">Annexin A7</span>
        </annotation>
        <annotation annotator="Mike Bada, University of Colorado School of Medicine" id="PR_reasoned_2017_04_17_Instance_18911" type="identity">
            <class id="PR:000004080" label="annexin A7"/>
            <span end="8015" id="15819996-11713" start="8005">Annexin A7</span>
        </annotation>
        <annotation annotator="Mike Bada, University of Colorado School of Medicine" id="PR_reasoned_2017_04_17_Instance_18913" type="identity">
            <class id="PR:000004080" label="annexin A7"/>
            <span end="8185" id="15819996-11715" start="8175">Annexin A7</span>
        </annotation>
        <annotation annotator="Mike Bada, University of Colorado School of Medicine" id="PR_reasoned_2017_04_17_Instance_18915" type="identity">
            <class id="PR:000004080" label="annexin A7"/>
            <span end="8245" id="15819996-11717" start="8235">Annexin A7</span>
        </annotation>
        <annotation annotator="Mike Bada, University of Colorado School of Medicine" id="PR_reasoned_2017_04_17_Instance_18917" type="identity">
            <class id="PR:000004080" label="annexin A7"/>
            <span end="8557" id="15819996-11719" start="8547">Annexin A7</span>
        </annotation>
        <annotation annotator="Mike Bada, University of Colorado School of Medicine" id="PR_reasoned_2017_04_17_Instance_18919" type="identity">
            <class id="PR:000004080" label="annexin A7"/>
            <span end="8698" id="15819996-11721" start="8688">Annexin A7</span>
        </annotation>
        <annotation annotator="Mike Bada, University of Colorado School of Medicine" id="PR_reasoned_2017_04_17_Instance_18921" type="identity">
            <class id="PR:000004080" label="annexin A7"/>
            <span end="9004" id="15819996-11723" start="8994">Annexin A7</span>
        </annotation>
        <annotation annotator="Mike Bada, University of Colorado School of Medicine" id="PR_reasoned_2017_04_17_Instance_18923" type="identity">
            <class id="PR:000004080" label="annexin A7"/>
            <span end="9164" id="15819996-11725" start="9154">Annexin A7</span>
        </annotation>
        <annotation annotator="Mike Bada, University of Colorado School of Medicine" id="PR_reasoned_2017_04_17_Instance_18925" type="identity">
            <class id="PR:000004080" label="annexin A7"/>
            <span end="9269" id="15819996-11727" start="9259">Annexin A7</span>
        </annotation>
        <annotation annotator="Mike Bada, University of Colorado School of Medicine" id="PR_reasoned_2017_04_17_Instance_18927" type="identity">
            <class id="PR:000004080" label="annexin A7"/>
            <span end="9750" id="15819996-11729" start="9740">Annexin A7</span>
        </annotation>
        <annotation annotator="Mike Bada, University of Colorado School of Medicine" id="PR_reasoned_2017_04_17_Instance_18929" type="identity">
            <class id="PR:000004080" label="annexin A7"/>
            <span end="9867" id="15819996-11731" start="9857">Annexin A7</span>
        </annotation>
        <annotation annotator="Mike Bada, University of Colorado School of Medicine" id="PR_reasoned_2017_04_17_Instance_18931" type="identity">
            <class id="PR:000007939" label="glial fibrillary acidic protein"/>
            <span end="9973" id="15819996-11733" start="9969">GFAP</span>
        </annotation>
        <annotation annotator="Mike Bada, University of Colorado School of Medicine" id="PR_reasoned_2017_04_17_Instance_18933" type="identity">
            <class id="PR:000004080" label="annexin A7"/>
            <span end="10331" id="15819996-11735" start="10321">Annexin A7</span>
        </annotation>
        <annotation annotator="Mike Bada, University of Colorado School of Medicine" id="PR_reasoned_2017_04_17_Instance_18935" type="identity">
            <class id="PR:000007939" label="glial fibrillary acidic protein"/>
            <span end="10646" id="15819996-11737" start="10642">GFAP</span>
        </annotation>
        <annotation annotator="Mike Bada, University of Colorado School of Medicine" id="PR_reasoned_2017_04_17_Instance_18937" type="identity">
            <class id="PR:000004080" label="annexin A7"/>
            <span end="10973" id="15819996-11739" start="10963">Annexin A7</span>
        </annotation>
        <annotation annotator="Mike Bada, University of Colorado School of Medicine" id="PR_reasoned_2017_04_17_Instance_18939" type="identity">
            <class id="PR:000004080" label="annexin A7"/>
            <span end="10990" id="15819996-11741" start="10980">Annexin A7</span>
        </annotation>
        <annotation annotator="Mike Bada, University of Colorado School of Medicine" id="PR_reasoned_2017_04_17_Instance_18941" type="identity">
            <class id="PR:000004080" label="annexin A7"/>
            <span end="11118" id="15819996-11743" start="11108">Annexin A7</span>
        </annotation>
        <annotation annotator="Mike Bada, University of Colorado School of Medicine" id="PR_reasoned_2017_04_17_Instance_18943" type="identity">
            <class id="PR:000007939" label="glial fibrillary acidic protein"/>
            <span end="11184" id="15819996-11745" start="11180">GFAP</span>
        </annotation>
        <annotation annotator="Mike Bada, University of Colorado School of Medicine" id="PR_reasoned_2017_04_17_Instance_18945" type="identity">
            <class id="PR:000007939" label="glial fibrillary acidic protein"/>
            <span end="11284" id="15819996-11747" start="11280">GFAP</span>
        </annotation>
        <annotation annotator="Mike Bada, University of Colorado School of Medicine" id="PR_reasoned_2017_04_17_Instance_18947" type="identity">
            <class id="PR:000004080" label="annexin A7"/>
            <span end="11375" id="15819996-11749" start="11365">Annexin A7</span>
        </annotation>
        <annotation annotator="Mike Bada, University of Colorado School of Medicine" id="PR_reasoned_2017_04_17_Instance_18949" type="identity">
            <class id="PR:000007939" label="glial fibrillary acidic protein"/>
            <span end="11587" id="15819996-11751" start="11583">GFAP</span>
        </annotation>
        <annotation annotator="Mike Bada, University of Colorado School of Medicine" id="PR_reasoned_2017_04_17_Instance_18951" type="identity">
            <class id="PR:000004080" label="annexin A7"/>
            <span end="11660" id="15819996-11753" start="11650">Annexin A7</span>
        </annotation>
        <annotation annotator="Mike Bada, University of Colorado School of Medicine" id="PR_reasoned_2017_04_17_Instance_18955" type="identity">
            <class id="PR:000007939" label="glial fibrillary acidic protein"/>
            <span end="12065" id="15819996-11757" start="12061">GFAP</span>
        </annotation>
        <annotation annotator="Mike Bada, University of Colorado School of Medicine" id="PR_reasoned_2017_04_17_Instance_18953" type="identity">
            <class id="PR:000004080" label="annexin A7"/>
            <span end="12103" id="15819996-11755" start="12093">Annexin A7</span>
        </annotation>
        <annotation annotator="Mike Bada, University of Colorado School of Medicine" id="PR_reasoned_2017_04_17_Instance_18957" type="identity">
            <class id="PR:000004080" label="annexin A7"/>
            <span end="12179" id="15819996-11759" start="12169">Annexin A7</span>
        </annotation>
        <annotation annotator="Mike Bada, University of Colorado School of Medicine" id="PR_reasoned_2017_04_17_Instance_18959" type="identity">
            <class id="PR:000004080" label="annexin A7"/>
            <span end="12359" id="15819996-11761" start="12349">Annexin A7</span>
        </annotation>
        <annotation annotator="Mike Bada, University of Colorado School of Medicine" id="PR_reasoned_2017_04_17_Instance_18961" type="identity">
            <class id="PR:000007939" label="glial fibrillary acidic protein"/>
            <span end="12534" id="15819996-11763" start="12530">GFAP</span>
        </annotation>
        <annotation annotator="Mike Bada, University of Colorado School of Medicine" id="PR_reasoned_2017_04_17_Instance_18963" type="identity">
            <class id="PR:000004080" label="annexin A7"/>
            <span end="12719" id="15819996-11765" start="12709">Annexin A7</span>
        </annotation>
        <annotation annotator="Mike Bada, University of Colorado School of Medicine" id="PR_reasoned_2017_04_17_Instance_18965" type="identity">
            <class id="PR:000004080" label="annexin A7"/>
            <span end="12840" id="15819996-11767" start="12830">Annexin A7</span>
        </annotation>
        <annotation annotator="Mike Bada, University of Colorado School of Medicine" id="PR_reasoned_2017_04_17_Instance_18967" type="identity">
            <class id="PR:000007939" label="glial fibrillary acidic protein"/>
            <span end="13006" id="15819996-11769" start="13002">GFAP</span>
        </annotation>
        <annotation annotator="Mike Bada, University of Colorado School of Medicine" id="PR_reasoned_2017_04_17_Instance_18969" type="identity">
            <class id="PR:000004080" label="annexin A7"/>
            <span end="13026" id="15819996-11771" start="13017">AnnexinA7</span>
        </annotation>
        <annotation annotator="Mike Bada, University of Colorado School of Medicine" id="PR_reasoned_2017_04_17_Instance_18971" type="identity">
            <class id="PR:000004080" label="annexin A7"/>
            <span end="13164" id="15819996-11773" start="13154">Annexin A7</span>
        </annotation>
        <annotation annotator="Mike Bada, University of Colorado School of Medicine" id="PR_reasoned_2017_04_17_Instance_18973" type="identity">
            <class id="PR:000007939" label="glial fibrillary acidic protein"/>
            <span end="13319" id="15819996-11775" start="13315">GFAP</span>
        </annotation>
        <annotation annotator="Mike Bada, University of Colorado School of Medicine" id="PR_reasoned_2017_04_17_Instance_18975" type="identity">
            <class id="PR:000004080" label="annexin A7"/>
            <span end="13440" id="15819996-11777" start="13430">Annexin A7</span>
        </annotation>
        <annotation annotator="Mike Bada, University of Colorado School of Medicine" id="PR_reasoned_2017_04_17_Instance_18977" type="identity">
            <class id="PR:000004080" label="annexin A7"/>
            <span end="13563" id="15819996-11779" start="13558">AnxA7</span>
        </annotation>
        <annotation annotator="Mike Bada, University of Colorado School of Medicine" id="PR_reasoned_2017_04_17_Instance_18979" type="identity">
            <class id="PR:000004080" label="annexin A7"/>
            <span end="13746" id="15819996-11781" start="13741">AnxA7</span>
        </annotation>
        <annotation annotator="Mike Bada, University of Colorado School of Medicine" id="PR_reasoned_2017_04_17_Instance_18981" type="identity">
            <class id="PR:000007939" label="glial fibrillary acidic protein"/>
            <span end="13884" id="15819996-11783" start="13880">GFAP</span>
        </annotation>
        <annotation annotator="Mike Bada, University of Colorado School of Medicine" id="PR_reasoned_2017_04_17_Instance_18983" type="identity">
            <class id="PR:000004080" label="annexin A7"/>
            <span end="14025" id="15819996-11785" start="14015">Annexin A7</span>
        </annotation>
        <annotation annotator="Mike Bada, University of Colorado School of Medicine" id="PR_reasoned_2017_04_17_Instance_18985" type="identity">
            <class id="PR:000004080" label="annexin A7"/>
            <span end="14231" id="15819996-11787" start="14221">Annexin A7</span>
        </annotation>
        <annotation annotator="Mike Bada, University of Colorado School of Medicine" id="PR_reasoned_2017_04_17_Instance_18987" type="identity">
            <class id="PR:000004080" label="annexin A7"/>
            <span end="14426" id="15819996-11789" start="14416">Annexin A7</span>
        </annotation>
        <annotation annotator="Mike Bada, University of Colorado School of Medicine" id="PR_reasoned_2017_04_17_Instance_18989" type="identity">
            <class id="PR:000004080" label="annexin A7"/>
            <span end="14696" id="15819996-11791" start="14691">AnxA7</span>
        </annotation>
        <annotation annotator="Mike Bada, University of Colorado School of Medicine" id="PR_reasoned_2017_04_17_Instance_18991" type="identity">
            <class id="PR:000004080" label="annexin A7"/>
            <span end="14727" id="15819996-11793" start="14717">Annexin A7</span>
        </annotation>
        <annotation annotator="Mike Bada, University of Colorado School of Medicine" id="PR_reasoned_2017_04_17_Instance_18993" type="identity">
            <class id="PR:000004080" label="annexin A7"/>
            <span end="14778" id="15819996-11795" start="14773">AnxA7</span>
        </annotation>
        <annotation annotator="Mike Bada, University of Colorado School of Medicine" id="PR_reasoned_2017_04_17_Instance_18995" type="identity">
            <class id="PR:000004080" label="annexin A7"/>
            <span end="14914" id="15819996-11797" start="14904">Annexin A7</span>
        </annotation>
        <annotation annotator="Mike Bada, University of Colorado School of Medicine" id="PR_reasoned_2017_04_17_Instance_18997" type="identity">
            <class id="PR:000004080" label="annexin A7"/>
            <span end="14962" id="15819996-11799" start="14957">AnxA7</span>
        </annotation>
        <annotation annotator="Mike Bada, University of Colorado School of Medicine" id="PR_reasoned_2017_04_17_Instance_18999" type="identity">
            <class id="PR:000004080" label="annexin A7"/>
            <span end="15213" id="15819996-11801" start="15203">Annexin A7</span>
        </annotation>
        <annotation annotator="Mike Bada, University of Colorado School of Medicine" id="PR_reasoned_2017_04_17_Instance_19001" type="identity">
            <class id="PR:000004080" label="annexin A7"/>
            <span end="15526" id="15819996-11803" start="15516">Annexin A7</span>
        </annotation>
        <annotation annotator="Mike Bada, University of Colorado School of Medicine" id="PR_reasoned_2017_04_17_Instance_19003" type="identity">
            <class id="PR:000004080" label="annexin A7"/>
            <span end="15696" id="15819996-11805" start="15686">Annexin A7</span>
        </annotation>
        <annotation annotator="Mike Bada, University of Colorado School of Medicine" id="PR_reasoned_2017_04_17_Instance_19005" type="identity">
            <class id="PR:000004080" label="annexin A7"/>
            <span end="15848" id="15819996-11807" start="15838">Annexin A7</span>
        </annotation>
        <annotation annotator="Mike Bada, University of Colorado School of Medicine" id="PR_reasoned_2017_04_17_Instance_19007" type="identity">
            <class id="PR:000004080" label="annexin A7"/>
            <span end="16059" id="15819996-11809" start="16049">Annexin A7</span>
        </annotation>
        <annotation annotator="Mike Bada, University of Colorado School of Medicine" id="PR_reasoned_2017_04_17_Instance_19009" type="identity">
            <class id="PR:000004080" label="annexin A7"/>
            <span end="16127" id="15819996-11811" start="16122">AnxA7</span>
        </annotation>
        <annotation annotator="Mike Bada, University of Colorado School of Medicine" id="PR_reasoned_2017_04_17_Instance_19011" type="identity">
            <class id="PR:000004080" label="annexin A7"/>
            <span end="16172" id="15819996-11813" start="16162">Annexin A7</span>
        </annotation>
        <annotation annotator="Mike Bada, University of Colorado School of Medicine" id="PR_reasoned_2017_04_17_Instance_19013" type="identity">
            <class id="PR:000004080" label="annexin A7"/>
            <span end="16519" id="15819996-11815" start="16509">Annexin A7</span>
        </annotation>
        <annotation annotator="Mike Bada, University of Colorado School of Medicine" id="PR_reasoned_2017_04_17_Instance_19015" type="identity">
            <class id="PR:000004080" label="annexin A7"/>
            <span end="16577" id="15819996-11817" start="16567">Annexin A7</span>
        </annotation>
        <annotation annotator="Mike Bada, University of Colorado School of Medicine" id="PR_reasoned_2017_04_17_Instance_19017" type="identity">
            <class id="PR:000004080" label="annexin A7"/>
            <span end="16688" id="15819996-11819" start="16678">Annexin A7</span>
        </annotation>
        <annotation annotator="Mike Bada, University of Colorado School of Medicine" id="PR_reasoned_2017_04_17_Instance_19019" type="identity">
            <class id="PR:000007939" label="glial fibrillary acidic protein"/>
            <span end="16808" id="15819996-11821" start="16804">GFAP</span>
        </annotation>
        <annotation annotator="Mike Bada, University of Colorado School of Medicine" id="PR_reasoned_2017_04_17_Instance_19021" type="identity">
            <class id="PR:000004080" label="annexin A7"/>
            <span end="16896" id="15819996-11823" start="16887">AnnexinA7</span>
        </annotation>
        <annotation annotator="Mike Bada, University of Colorado School of Medicine" id="PR_reasoned_2017_04_17_Instance_19023" type="identity">
            <class id="PR:000004080" label="annexin A7"/>
            <span end="17230" id="15819996-11825" start="17220">Annexin A7</span>
        </annotation>
        <annotation annotator="Mike Bada, University of Colorado School of Medicine" id="PR_reasoned_2017_04_17_Instance_19025" type="identity">
            <class id="PR:000004080" label="annexin A7"/>
            <span end="17389" id="15819996-11827" start="17380">AnnexinA7</span>
        </annotation>
        <annotation annotator="Mike Bada, University of Colorado School of Medicine" id="PR_reasoned_2017_04_17_Instance_19027" type="identity">
            <class id="PR:000004080" label="annexin A7"/>
            <span end="17491" id="15819996-11829" start="17486">AnxA7</span>
        </annotation>
        <annotation annotator="Mike Bada, University of Colorado School of Medicine" id="PR_reasoned_2017_04_17_Instance_19029" type="identity">
            <class id="PR:000004080" label="annexin A7"/>
            <span end="17515" id="15819996-11831" start="17506">AnnexinA7</span>
        </annotation>
        <annotation annotator="Mike Bada, University of Colorado School of Medicine" id="PR_reasoned_2017_04_17_Instance_19031" type="identity">
            <class id="PR:000004080" label="annexin A7"/>
            <span end="17732" id="15819996-11833" start="17722">Annexin A7</span>
        </annotation>
        <annotation annotator="Mike Bada, University of Colorado School of Medicine" id="PR_reasoned_2017_04_17_Instance_19033" type="identity">
            <class id="PR:000004080" label="annexin A7"/>
            <span end="17911" id="15819996-11835" start="17901">Annexin A7</span>
        </annotation>
        <annotation annotator="Mike Bada, University of Colorado School of Medicine" id="PR_reasoned_2017_04_17_Instance_19035" type="identity">
            <class id="PR:000004080" label="annexin A7"/>
            <span end="17962" id="15819996-11837" start="17952">Annexin A7</span>
        </annotation>
        <annotation annotator="Mike Bada, University of Colorado School of Medicine" id="PR_reasoned_2017_04_17_Instance_19037" type="identity">
            <class id="PR:000004080" label="annexin A7"/>
            <span end="18077" id="15819996-11839" start="18067">Annexin A7</span>
        </annotation>
        <annotation annotator="Mike Bada, University of Colorado School of Medicine" id="PR_reasoned_2017_04_17_Instance_19039" type="identity">
            <class id="PR:000004080" label="annexin A7"/>
            <span end="18210" id="15819996-11841" start="18200">Annexin A7</span>
        </annotation>
        <annotation annotator="Mike Bada, University of Colorado School of Medicine" id="PR_reasoned_2017_04_17_Instance_19041" type="identity">
            <class id="PR:000004080" label="annexin A7"/>
            <span end="18321" id="15819996-11843" start="18311">Annexin A7</span>
        </annotation>
        <annotation annotator="Mike Bada, University of Colorado School of Medicine" id="PR_reasoned_2017_04_17_Instance_19043" type="identity">
            <class id="PR:000004080" label="annexin A7"/>
            <span end="18367" id="15819996-11845" start="18357">Annexin A7</span>
        </annotation>
        <annotation annotator="Mike Bada, University of Colorado School of Medicine" id="PR_reasoned_2017_04_17_Instance_150037" type="identity">
            <class id="PR:000027795" label="trypsin"/>
            <span end="18442" id="15819996-11605" start="18435">trypsin</span>
        </annotation>
        <annotation annotator="Mike Bada, University of Colorado School of Medicine" id="PR_reasoned_2017_04_17_Instance_19045" type="identity">
            <class id="PR:000004080" label="annexin A7"/>
            <span end="18465" id="15819996-11847" start="18455">Annexin A7</span>
        </annotation>
        <annotation annotator="Mike Bada, University of Colorado School of Medicine" id="PR_reasoned_2017_04_17_Instance_19047" type="identity">
            <class id="PR:000004080" label="annexin A7"/>
            <span end="18629" id="15819996-11849" start="18619">Annexin A7</span>
        </annotation>
        <annotation annotator="Mike Bada, University of Colorado School of Medicine" id="PR_reasoned_2017_04_17_Instance_19049" type="identity">
            <class id="PR:000004080" label="annexin A7"/>
            <span end="18944" id="15819996-11851" start="18934">Annexin A7</span>
        </annotation>
        <annotation annotator="Mike Bada, University of Colorado School of Medicine" id="PR_reasoned_2017_04_17_Instance_19051" type="identity">
            <class id="PR:000004080" label="annexin A7"/>
            <span end="19285" id="15819996-11853" start="19275">Annexin A7</span>
        </annotation>
        <annotation annotator="Mike Bada, University of Colorado School of Medicine" id="PR_reasoned_2017_04_17_Instance_19053" type="identity">
            <class id="PR:000004080" label="annexin A7"/>
            <span end="19370" id="15819996-11855" start="19360">Annexin A7</span>
        </annotation>
        <annotation annotator="Mike Bada, University of Colorado School of Medicine" id="PR_reasoned_2017_04_17_Instance_150045" type="identity">
            <class id="PR:000027795" label="trypsin"/>
            <span end="19541" id="15819996-11607" start="19534">trypsin</span>
        </annotation>
        <annotation annotator="Mike Bada, University of Colorado School of Medicine" id="PR_reasoned_2017_04_17_Instance_19055" type="identity">
            <class id="PR:000004080" label="annexin A7"/>
            <span end="20212" id="15819996-11857" start="20202">Annexin A7</span>
        </annotation>
        <annotation annotator="Mike Bada, University of Colorado School of Medicine" id="PR_reasoned_2017_04_17_Instance_19057" type="identity">
            <class id="PR:000004080" label="annexin A7"/>
            <span end="20602" id="15819996-11859" start="20592">Annexin A7</span>
        </annotation>
        <annotation annotator="Mike Bada, University of Colorado School of Medicine" id="PR_reasoned_2017_04_17_Instance_150086" type="identity">
            <class id="PR:000037206" label="lamina-associated polypeptide 2 isoform alpha"/>
            <span end="20822" id="15819996-11619" start="20817">LAP2α</span>
        </annotation>
        <annotation annotator="Mike Bada, University of Colorado School of Medicine" id="PR_reasoned_2017_04_17_Instance_19059" type="identity">
            <class id="PR:000007050" label="emerin"/>
            <span end="20830" id="15819996-11861" start="20824">Emerin</span>
        </annotation>
        <annotation annotator="Mike Bada, University of Colorado School of Medicine" id="PR_reasoned_2017_04_17_Instance_121865" type="identity">
            <class id="PR:000028799" label="tubulin"/>
            <span end="20842" id="15819996-11587" start="20835">tubulin</span>
        </annotation>
        <annotation annotator="Mike Bada, University of Colorado School of Medicine" id="PR_reasoned_2017_04_17_Instance_150088" type="identity">
            <class id="PR:000037206" label="lamina-associated polypeptide 2 isoform alpha"/>
            <span end="20897" id="15819996-11621" start="20892">LAP2α</span>
        </annotation>
        <annotation annotator="Mike Bada, University of Colorado School of Medicine" id="PR_reasoned_2017_04_17_Instance_150090" type="identity">
            <class id="PR:000029585" label="lamina-associated polypeptide 2"/>
            <span end="20943" id="15819996-11623" start="20939">LAP2</span>
        </annotation>
        <annotation annotator="Mike Bada, University of Colorado School of Medicine" id="PR_reasoned_2017_04_17_Instance_19061" type="identity">
            <class id="PR:000007050" label="emerin"/>
            <span end="21033" id="15819996-11863" start="21027">Emerin</span>
        </annotation>
        <annotation annotator="Mike Bada, University of Colorado School of Medicine" id="PR_reasoned_2017_04_17_Instance_121867" type="identity">
            <class id="PR:000028799" label="tubulin"/>
            <span end="21066" id="15819996-11589" start="21059">tubulin</span>
        </annotation>
        <annotation annotator="Mike Bada, University of Colorado School of Medicine" id="PR_reasoned_2017_04_17_Instance_19063" type="identity">
            <class id="PR:000004080" label="annexin A7"/>
            <span end="21133" id="15819996-11865" start="21123">Annexin A7</span>
        </annotation>
        <annotation annotator="Mike Bada, University of Colorado School of Medicine" id="PR_reasoned_2017_04_17_Instance_19065" type="identity">
            <class id="PR:000004080" label="annexin A7"/>
            <span end="21352" id="15819996-11867" start="21342">Annexin A7</span>
        </annotation>
        <annotation annotator="Mike Bada, University of Colorado School of Medicine" id="PR_reasoned_2017_04_17_Instance_150047" type="identity">
            <class id="PR:000027795" label="trypsin"/>
            <span end="21394" id="15819996-11609" start="21387">trypsin</span>
        </annotation>
        <annotation annotator="Mike Bada, University of Colorado School of Medicine" id="PR_reasoned_2017_04_17_Instance_19067" type="identity">
            <class id="PR:000004080" label="annexin A7"/>
            <span end="21441" id="15819996-11869" start="21431">Annexin A7</span>
        </annotation>
        <annotation annotator="Mike Bada, University of Colorado School of Medicine" id="PR_reasoned_2017_04_17_Instance_19069" type="identity">
            <class id="PR:000004080" label="annexin A7"/>
            <span end="21471" id="15819996-11871" start="21461">Annexin A7</span>
        </annotation>
        <annotation annotator="Mike Bada, University of Colorado School of Medicine" id="PR_reasoned_2017_04_17_Instance_19071" type="identity">
            <class id="PR:000004080" label="annexin A7"/>
            <span end="21726" id="15819996-11873" start="21716">Annexin A7</span>
        </annotation>
        <annotation annotator="Mike Bada, University of Colorado School of Medicine" id="PR_reasoned_2017_04_17_Instance_19073" type="identity">
            <class id="PR:000004080" label="annexin A7"/>
            <span end="21733" id="15819996-11875" start="21728">AnxA7</span>
        </annotation>
        <annotation annotator="Mike Bada, University of Colorado School of Medicine" id="PR_reasoned_2017_04_17_Instance_150092" type="identity">
            <class id="PR:000037206" label="lamina-associated polypeptide 2 isoform alpha"/>
            <span end="21876" id="15819996-11625" start="21871">LAP2α</span>
        </annotation>
        <annotation annotator="Mike Bada, University of Colorado School of Medicine" id="PR_reasoned_2017_04_17_Instance_19077" type="identity">
            <class id="PR:000007050" label="emerin"/>
            <span end="21921" id="15819996-11879" start="21915">Emerin</span>
        </annotation>
        <annotation annotator="Mike Bada, University of Colorado School of Medicine" id="PR_reasoned_2017_04_17_Instance_121871" type="identity">
            <class id="PR:000007050" label="emerin"/>
            <span end="21925" id="15819996-11593" start="21923">EM</span>
        </annotation>
        <annotation annotator="Mike Bada, University of Colorado School of Medicine" id="PR_reasoned_2017_04_17_Instance_121869" type="identity">
            <class id="PR:000028799" label="tubulin"/>
            <span end="21947" id="15819996-11591" start="21940">tubulin</span>
        </annotation>
        <annotation annotator="Mike Bada, University of Colorado School of Medicine" id="PR_reasoned_2017_04_17_Instance_121873" type="identity">
            <class id="PR:000028799" label="tubulin"/>
            <span end="21951" id="15819996-11595" start="21949">TB</span>
        </annotation>
        <annotation annotator="Mike Bada, University of Colorado School of Medicine" id="PR_reasoned_2017_04_17_Instance_150094" type="identity">
            <class id="PR:000037206" label="lamina-associated polypeptide 2 isoform alpha"/>
            <span end="22002" id="15819996-11627" start="21997">LAP2α</span>
        </annotation>
        <annotation annotator="Mike Bada, University of Colorado School of Medicine" id="PR_reasoned_2017_04_17_Instance_19079" type="identity">
            <class id="PR:000007050" label="emerin"/>
            <span end="22030" id="15819996-11881" start="22024">Emerin</span>
        </annotation>
        <annotation annotator="Mike Bada, University of Colorado School of Medicine" id="PR_reasoned_2017_04_17_Instance_121875" type="identity">
            <class id="PR:000028799" label="tubulin"/>
            <span end="22059" id="15819996-11597" start="22052">tubulin</span>
        </annotation>
        <annotation annotator="Mike Bada, University of Colorado School of Medicine" id="PR_reasoned_2017_04_17_Instance_150049" type="identity">
            <class id="PR:000027795" label="trypsin"/>
            <span end="22280" id="15819996-11611" start="22273">trypsin</span>
        </annotation>
        <annotation annotator="Mike Bada, University of Colorado School of Medicine" id="PR_reasoned_2017_04_17_Instance_19075" type="identity">
            <class id="PR:000004080" label="annexin A7"/>
            <span end="22322" id="15819996-11877" start="22312">Annexin A7</span>
        </annotation>
        <annotation annotator="Mike Bada, University of Colorado School of Medicine" id="PR_reasoned_2017_04_17_Instance_19081" type="identity">
            <class id="PR:000004080" label="annexin A7"/>
            <span end="22444" id="15819996-11883" start="22434">Annexin A7</span>
        </annotation>
        <annotation annotator="Mike Bada, University of Colorado School of Medicine" id="PR_reasoned_2017_04_17_Instance_19083" type="identity">
            <class id="PR:000004080" label="annexin A7"/>
            <span end="22645" id="15819996-11885" start="22635">Annexin A7</span>
        </annotation>
        <annotation annotator="Mike Bada, University of Colorado School of Medicine" id="PR_reasoned_2017_04_17_Instance_19085" type="identity">
            <class id="PR:000004080" label="annexin A7"/>
            <span end="22843" id="15819996-11887" start="22833">Annexin A7</span>
        </annotation>
        <annotation annotator="Mike Bada, University of Colorado School of Medicine" id="PR_reasoned_2017_04_17_Instance_19087" type="identity">
            <class id="PR:000004080" label="annexin A7"/>
            <span end="23079" id="15819996-11889" start="23069">Annexin A7</span>
        </annotation>
        <annotation annotator="Mike Bada, University of Colorado School of Medicine" id="PR_reasoned_2017_04_17_Instance_19089" type="identity">
            <class id="PR:000004080" label="annexin A7"/>
            <span end="23225" id="15819996-11891" start="23215">Annexin A7</span>
        </annotation>
        <annotation annotator="Mike Bada, University of Colorado School of Medicine" id="PR_reasoned_2017_04_17_Instance_19091" type="identity">
            <class id="PR:000004080" label="annexin A7"/>
            <span end="23335" id="15819996-11893" start="23325">Annexin A7</span>
        </annotation>
        <annotation annotator="Mike Bada, University of Colorado School of Medicine" id="PR_reasoned_2017_04_17_Instance_19093" type="identity">
            <class id="PR:000004080" label="annexin A7"/>
            <span end="23464" id="15819996-11895" start="23454">Annexin A7</span>
        </annotation>
        <annotation annotator="Mike Bada, University of Colorado School of Medicine" id="PR_reasoned_2017_04_17_Instance_19095" type="identity">
            <class id="PR:000016471" label="tenascin"/>
            <span end="23640" id="15819996-11897" start="23630">Tenascin-C</span>
        </annotation>
        <annotation annotator="Mike Bada, University of Colorado School of Medicine" id="PR_reasoned_2017_04_17_Instance_19097" type="identity">
            <class id="PR:000004080" label="annexin A7"/>
            <span end="24163" id="15819996-11899" start="24153">Annexin A7</span>
        </annotation>
        <annotation annotator="Mike Bada, University of Colorado School of Medicine" id="PR_reasoned_2017_04_17_Instance_19099" type="identity">
            <class id="PR:000004080" label="annexin A7"/>
            <span end="24289" id="15819996-11901" start="24279">Annexin A7</span>
        </annotation>
        <annotation annotator="Mike Bada, University of Colorado School of Medicine" id="PR_reasoned_2017_04_17_Instance_19101" type="identity">
            <class id="PR:000004080" label="annexin A7"/>
            <span end="24609" id="15819996-11903" start="24599">Annexin A7</span>
        </annotation>
        <annotation annotator="Mike Bada, University of Colorado School of Medicine" id="PR_reasoned_2017_04_17_Instance_19103" type="identity">
            <class id="PR:000004080" label="annexin A7"/>
            <span end="24741" id="15819996-11905" start="24731">Annexin A7</span>
        </annotation>
        <annotation annotator="Mike Bada, University of Colorado School of Medicine" id="PR_reasoned_2017_04_17_Instance_19105" type="identity">
            <class id="PR:000004080" label="annexin A7"/>
            <span end="25392" id="15819996-11907" start="25382">Annexin A7</span>
        </annotation>
        <annotation annotator="Mike Bada, University of Colorado School of Medicine" id="PR_reasoned_2017_04_17_Instance_19107" type="identity">
            <class id="PR:000004080" label="annexin A7"/>
            <span end="25542" id="15819996-11909" start="25532">Annexin A7</span>
        </annotation>
        <annotation annotator="Mike Bada, University of Colorado School of Medicine" id="PR_reasoned_2017_04_17_Instance_19109" type="identity">
            <class id="PR:000004080" label="annexin A7"/>
            <span end="26058" id="15819996-11911" start="26048">Annexin A7</span>
        </annotation>
        <annotation annotator="Mike Bada, University of Colorado School of Medicine" id="PR_reasoned_2017_04_17_Instance_19111" type="identity">
            <class id="PR:000004080" label="annexin A7"/>
            <span end="26168" id="15819996-11913" start="26158">Annexin A7</span>
        </annotation>
        <annotation annotator="Mike Bada, University of Colorado School of Medicine" id="PR_reasoned_2017_04_17_Instance_19113" type="identity">
            <class id="PR:000004078" label="annexin A5"/>
            <span end="26441" id="15819996-11915" start="26432">AnnexinA5</span>
        </annotation>
        <annotation annotator="Mike Bada, University of Colorado School of Medicine" id="PR_reasoned_2017_04_17_Instance_19115" type="identity">
            <class id="PR:000004080" label="annexin A7"/>
            <span end="26477" id="15819996-11917" start="26467">Annexin A7</span>
        </annotation>
        <annotation annotator="Mike Bada, University of Colorado School of Medicine" id="PR_reasoned_2017_04_17_Instance_19117" type="identity">
            <class id="PR:000004080" label="annexin A7"/>
            <span end="26549" id="15819996-11919" start="26544">AnxA7</span>
        </annotation>
        <annotation annotator="Mike Bada, University of Colorado School of Medicine" id="PR_reasoned_2017_04_17_Instance_19119" type="identity">
            <class id="PR:000004080" label="annexin A7"/>
            <span end="26639" id="15819996-11921" start="26629">Annexin A7</span>
        </annotation>
        <annotation annotator="Mike Bada, University of Colorado School of Medicine" id="PR_reasoned_2017_04_17_Instance_19121" type="identity">
            <class id="PR:000004080" label="annexin A7"/>
            <span end="26867" id="15819996-11923" start="26857">Annexin A7</span>
        </annotation>
        <annotation annotator="Mike Bada, University of Colorado School of Medicine" id="PR_reasoned_2017_04_17_Instance_19123" type="identity">
            <class id="PR:000004080" label="annexin A7"/>
            <span end="26989" id="15819996-11925" start="26979">annexin A7</span>
        </annotation>
        <annotation annotator="Mike Bada, University of Colorado School of Medicine" id="PR_reasoned_2017_04_17_Instance_19125" type="identity">
            <class id="PR:000004080" label="annexin A7"/>
            <span end="27133" id="15819996-11927" start="27123">Annexin A7</span>
        </annotation>
        <annotation annotator="Mike Bada, University of Colorado School of Medicine" id="PR_reasoned_2017_04_17_Instance_19127" type="identity">
            <class id="PR:000004080" label="annexin A7"/>
            <span end="27221" id="15819996-11929" start="27216">AnxA7</span>
        </annotation>
        <annotation annotator="Mike Bada, University of Colorado School of Medicine" id="PR_reasoned_2017_04_17_Instance_19129" type="identity">
            <class id="PR:000004080" label="annexin A7"/>
            <span end="27450" id="15819996-11931" start="27440">Annexin A7</span>
        </annotation>
        <annotation annotator="Mike Bada, University of Colorado School of Medicine" id="PR_reasoned_2017_04_17_Instance_19131" type="identity">
            <class id="PR:000004080" label="annexin A7"/>
            <span end="27670" id="15819996-11933" start="27660">Annexin A7</span>
        </annotation>
        <annotation annotator="Mike Bada, University of Colorado School of Medicine" id="PR_reasoned_2017_04_17_Instance_19133" type="identity">
            <class id="PR:000004080" label="annexin A7"/>
            <span end="27909" id="15819996-11935" start="27899">Annexin A7</span>
        </annotation>
        <annotation annotator="Mike Bada, University of Colorado School of Medicine" id="PR_reasoned_2017_04_17_Instance_19135" type="identity">
            <class id="PR:000004073" label="annexin A11"/>
            <span end="28077" id="15819996-11937" start="28066">Annexin A11</span>
        </annotation>
        <annotation annotator="Mike Bada, University of Colorado School of Medicine" id="PR_reasoned_2017_04_17_Instance_19137" type="identity">
            <class id="PR:000004073" label="annexin A11"/>
            <span end="28194" id="15819996-11939" start="28183">Annexin A11</span>
        </annotation>
        <annotation annotator="Mike Bada, University of Colorado School of Medicine" id="PR_reasoned_2017_04_17_Instance_19139" type="identity">
            <class id="PR:000004080" label="annexin A7"/>
            <span end="28331" id="15819996-11941" start="28321">Annexin A7</span>
        </annotation>
        <annotation annotator="Mike Bada, University of Colorado School of Medicine" id="PR_reasoned_2017_04_17_Instance_19141" type="identity">
            <class id="PR:000004080" label="annexin A7"/>
            <span end="28421" id="15819996-11943" start="28411">Annexin A7</span>
        </annotation>
        <annotation annotator="Mike Bada, University of Colorado School of Medicine" id="PR_reasoned_2017_04_17_Instance_19143" type="identity">
            <class id="PR:000004080" label="annexin A7"/>
            <span end="28547" id="15819996-11945" start="28537">Annexin A7</span>
        </annotation>
        <annotation annotator="Mike Bada, University of Colorado School of Medicine" id="PR_reasoned_2017_04_17_Instance_19145" type="identity">
            <class id="PR:000004080" label="annexin A7"/>
            <span end="28637" id="15819996-11947" start="28627">Annexin A7</span>
        </annotation>
        <annotation annotator="Mike Bada, University of Colorado School of Medicine" id="PR_reasoned_2017_04_17_Instance_19147" type="identity">
            <class id="PR:000015619" label="sorcin"/>
            <span end="28652" id="15819996-11949" start="28646">sorcin</span>
        </annotation>
        <annotation annotator="Mike Bada, University of Colorado School of Medicine" id="PR_reasoned_2017_04_17_Instance_19151" type="identity">
            <class id="PR:000004075" label="annexin A2"/>
            <span end="28847" id="15819996-11953" start="28839">Annexins</span>
            <span end="28854" id="15819996-11954" start="28852">A2</span>
        </annotation>
        <annotation annotator="Mike Bada, University of Colorado School of Medicine" id="PR_reasoned_2017_04_17_Instance_19153" type="identity">
            <class id="PR:000004077" label="annexin A4"/>
            <span end="28847" id="15819996-11956" start="28839">Annexins</span>
            <span end="28858" id="15819996-11957" start="28856">A4</span>
        </annotation>
        <annotation annotator="Mike Bada, University of Colorado School of Medicine" id="PR_reasoned_2017_04_17_Instance_19155" type="identity">
            <class id="PR:000004078" label="annexin A5"/>
            <span end="28847" id="15819996-11959" start="28839">Annexins</span>
            <span end="28862" id="15819996-11960" start="28860">A5</span>
        </annotation>
        <annotation annotator="Mike Bada, University of Colorado School of Medicine" id="PR_reasoned_2017_04_17_Instance_19157" type="identity">
            <class id="PR:000004073" label="annexin A11"/>
            <span end="28847" id="15819996-11962" start="28839">Annexins</span>
            <span end="28870" id="15819996-11963" start="28867">A11</span>
        </annotation>
        <annotation annotator="Mike Bada, University of Colorado School of Medicine" id="PR_reasoned_2017_04_17_Instance_19149" type="identity">
            <class id="PR:000004071" label="annexin A1"/>
            <span end="28850" id="15819996-11951" start="28839">Annexins A1</span>
        </annotation>
        <annotation annotator="Mike Bada, University of Colorado School of Medicine" id="PR_reasoned_2017_04_17_Instance_19161" type="identity">
            <class id="PR:000004077" label="annexin A4"/>
            <span end="29018" id="15819996-11967" start="29011">Annexin</span>
            <span end="29025" id="15819996-11968" start="29023">A4</span>
        </annotation>
        <annotation annotator="Mike Bada, University of Colorado School of Medicine" id="PR_reasoned_2017_04_17_Instance_19163" type="identity">
            <class id="PR:000004078" label="annexin A5"/>
            <span end="29018" id="15819996-11970" start="29011">Annexin</span>
            <span end="29032" id="15819996-11971" start="29030">A5</span>
        </annotation>
        <annotation annotator="Mike Bada, University of Colorado School of Medicine" id="PR_reasoned_2017_04_17_Instance_19159" type="identity">
            <class id="PR:000004071" label="annexin A1"/>
            <span end="29021" id="15819996-11965" start="29011">Annexin A1</span>
        </annotation>
        <annotation annotator="Mike Bada, University of Colorado School of Medicine" id="PR_reasoned_2017_04_17_Instance_19165" type="identity">
            <class id="PR:000004080" label="annexin A7"/>
            <span end="29469" id="15819996-11973" start="29459">Annexin A7</span>
        </annotation>
        <annotation annotator="Mike Bada, University of Colorado School of Medicine" id="PR_reasoned_2017_04_17_Instance_19167" type="identity">
            <class id="PR:000004073" label="annexin A11"/>
            <span end="29689" id="15819996-11975" start="29678">Annexin A11</span>
        </annotation>
        <annotation annotator="Mike Bada, University of Colorado School of Medicine" id="PR_reasoned_2017_04_17_Instance_19169" type="identity">
            <class id="PR:000014413" label="protein S100-A6"/>
            <span end="29832" id="15819996-11977" start="29823">calcyclin</span>
        </annotation>
        <annotation annotator="Mike Bada, University of Colorado School of Medicine" id="PR_reasoned_2017_04_17_Instance_19171" type="identity">
            <class id="PR:000004073" label="annexin A11"/>
            <span end="29897" id="15819996-11979" start="29886">Annexin A11</span>
        </annotation>
        <annotation annotator="Mike Bada, University of Colorado School of Medicine" id="PR_reasoned_2017_04_17_Instance_19173" type="identity">
            <class id="PR:000014413" label="protein S100-A6"/>
            <span end="29908" id="15819996-11981" start="29902">S100A6</span>
        </annotation>
        <annotation annotator="Mike Bada, University of Colorado School of Medicine" id="PR_reasoned_2017_04_17_Instance_19175" type="identity">
            <class id="PR:000004075" label="annexin A2"/>
            <span end="30166" id="15819996-11983" start="30156">Annexin A2</span>
        </annotation>
        <annotation annotator="Mike Bada, University of Colorado School of Medicine" id="PR_reasoned_2017_04_17_Instance_19177" type="identity">
            <class id="PR:000004075" label="annexin A2"/>
            <span end="30210" id="15819996-11985" start="30205">AnxA2</span>
        </annotation>
        <annotation annotator="Mike Bada, University of Colorado School of Medicine" id="PR_reasoned_2017_04_17_Instance_19183" type="identity">
            <class id="PR:000014403" label="protein S100-A10"/>
            <span end="30214" id="15819996-11991" start="30211">p11</span>
        </annotation>
        <annotation annotator="Mike Bada, University of Colorado School of Medicine" id="PR_reasoned_2017_04_17_Instance_19179" type="identity">
            <class id="PR:000004075" label="annexin A2"/>
            <span end="30301" id="15819996-11987" start="30296">AnxA2</span>
        </annotation>
        <annotation annotator="Mike Bada, University of Colorado School of Medicine" id="PR_reasoned_2017_04_17_Instance_19181" type="identity">
            <class id="PR:000004075" label="annexin A2"/>
            <span end="30346" id="15819996-11989" start="30336">Annexin A2</span>
        </annotation>
        <annotation annotator="Mike Bada, University of Colorado School of Medicine" id="PR_reasoned_2017_04_17_Instance_19185" type="identity">
            <class id="PR:000014403" label="protein S100-A10"/>
            <span end="30405" id="15819996-11993" start="30402">p11</span>
        </annotation>
        <annotation annotator="Mike Bada, University of Colorado School of Medicine" id="PR_reasoned_2017_04_17_Instance_19187" type="identity">
            <class id="PR:000004080" label="annexin A7"/>
            <span end="30707" id="15819996-11995" start="30697">Annexin A7</span>
        </annotation>
        <annotation annotator="Mike Bada, University of Colorado School of Medicine" id="PR_reasoned_2017_04_17_Instance_19189" type="identity">
            <class id="PR:000004080" label="annexin A7"/>
            <span end="30903" id="15819996-11997" start="30893">Annexin A7</span>
        </annotation>
        <annotation annotator="Mike Bada, University of Colorado School of Medicine" id="PR_reasoned_2017_04_17_Instance_19191" type="identity">
            <class id="PR:000004080" label="annexin A7"/>
            <span end="30940" id="15819996-11999" start="30930">Annexin A7</span>
        </annotation>
        <annotation annotator="Mike Bada, University of Colorado School of Medicine" id="PR_reasoned_2017_04_17_Instance_19193" type="identity">
            <class id="PR:000004080" label="annexin A7"/>
            <span end="31039" id="15819996-12001" start="31029">Annexin A7</span>
        </annotation>
        <annotation annotator="Mike Bada, University of Colorado School of Medicine" id="PR_reasoned_2017_04_17_Instance_19195" type="identity">
            <class id="PR:000004080" label="annexin A7"/>
            <span end="31136" id="15819996-12003" start="31126">Annexin A7</span>
        </annotation>
        <annotation annotator="Mike Bada, University of Colorado School of Medicine" id="PR_reasoned_2017_04_17_Instance_19197" type="identity">
            <class id="PR:000004080" label="annexin A7"/>
            <span end="31280" id="15819996-12005" start="31270">Annexin A7</span>
        </annotation>
        <annotation annotator="Mike Bada, University of Colorado School of Medicine" id="PR_reasoned_2017_04_17_Instance_19199" type="identity">
            <class id="PR:000004080" label="annexin A7"/>
            <span end="31363" id="15819996-12007" start="31353">Annexin A7</span>
        </annotation>
        <annotation annotator="Mike Bada, University of Colorado School of Medicine" id="PR_reasoned_2017_04_17_Instance_19201" type="identity">
            <class id="PR:000004080" label="annexin A7"/>
            <span end="31438" id="15819996-12009" start="31428">Annexin A7</span>
        </annotation>
        <annotation annotator="Mike Bada, University of Colorado School of Medicine" id="PR_reasoned_2017_04_17_Instance_19203" type="identity">
            <class id="PR:000004080" label="annexin A7"/>
            <span end="31584" id="15819996-12011" start="31574">Annexin A7</span>
        </annotation>
        <annotation annotator="Mike Bada, University of Colorado School of Medicine" id="PR_reasoned_2017_04_17_Instance_19205" type="identity">
            <class id="PR:000004080" label="annexin A7"/>
            <span end="33328" id="15819996-12013" start="33318">Annexin A7</span>
        </annotation>
        <annotation annotator="Mike Bada, University of Colorado School of Medicine" id="PR_reasoned_2017_04_17_Instance_19207" type="identity">
            <class id="PR:000004080" label="annexin A7"/>
            <span end="33394" id="15819996-12015" start="33384">Annexin A7</span>
        </annotation>
        <annotation annotator="Mike Bada, University of Colorado School of Medicine" id="PR_reasoned_2017_04_17_Instance_19209" type="identity">
            <class id="PR:000004080" label="annexin A7"/>
            <span end="33480" id="15819996-12017" start="33470">Annexin A7</span>
        </annotation>
        <annotation annotator="Mike Bada, University of Colorado School of Medicine" id="PR_reasoned_2017_04_17_Instance_19211" type="identity">
            <class id="PR:000007939" label="glial fibrillary acidic protein"/>
            <span end="33609" id="15819996-12019" start="33578">glial fibrillary acidic protein</span>
        </annotation>
        <annotation annotator="Mike Bada, University of Colorado School of Medicine" id="PR_reasoned_2017_04_17_Instance_19213" type="identity">
            <class id="PR:000007939" label="glial fibrillary acidic protein"/>
            <span end="33615" id="15819996-12021" start="33611">GFAP</span>
        </annotation>
        <annotation annotator="Mike Bada, University of Colorado School of Medicine" id="PR_reasoned_2017_04_17_Instance_121877" type="identity">
            <class id="PR:000028799" label="tubulin"/>
            <span end="33645" id="15819996-11599" start="33638">tubulin</span>
        </annotation>
        <annotation annotator="Mike Bada, University of Colorado School of Medicine" id="PR_reasoned_2017_04_17_Instance_19215" type="identity">
            <class id="PR:000007050" label="emerin"/>
            <span end="33674" id="15819996-12023" start="33668">Emerin</span>
        </annotation>
        <annotation annotator="Mike Bada, University of Colorado School of Medicine" id="PR_reasoned_2017_04_17_Instance_150096" type="identity">
            <class id="PR:000037206" label="lamina-associated polypeptide 2 isoform alpha"/>
            <span end="33722" id="15819996-11629" start="33717">LAP2α</span>
        </annotation>
        <annotation annotator="Mike Bada, University of Colorado School of Medicine" id="PR_reasoned_2017_04_17_Instance_19217" type="identity">
            <class id="PR:000004080" label="annexin A7"/>
            <span end="34060" id="15819996-12025" start="34050">Annexin A7</span>
        </annotation>
        <annotation annotator="Mike Bada, University of Colorado School of Medicine" id="PR_reasoned_2017_04_17_Instance_19219" type="identity">
            <class id="PR:000007939" label="glial fibrillary acidic protein"/>
            <span end="34083" id="15819996-12027" start="34079">GFAP</span>
        </annotation>
        <annotation annotator="Mike Bada, University of Colorado School of Medicine" id="PR_reasoned_2017_04_17_Instance_19221" type="identity">
            <class id="PR:000004080" label="annexin A7"/>
            <span end="34216" id="15819996-12029" start="34206">Annexin A7</span>
        </annotation>
        <annotation annotator="Mike Bada, University of Colorado School of Medicine" id="PR_reasoned_2017_04_17_Instance_150051" type="identity">
            <class id="PR:000027795" label="trypsin"/>
            <span end="34747" id="15819996-11613" start="34740">trypsin</span>
        </annotation>
        <annotation annotator="Mike Bada, University of Colorado School of Medicine" id="PR_reasoned_2017_04_17_Instance_19223" type="identity">
            <class id="PR:000004080" label="annexin A7"/>
            <span end="35480" id="15819996-12031" start="35470">annexin A7</span>
        </annotation>
        <annotation annotator="Mike Bada, University of Colorado School of Medicine" id="PR_reasoned_2017_04_17_Instance_19225" type="identity">
            <class id="PR:000004080" label="annexin A7"/>
            <span end="35758" id="15819996-12033" start="35748">Annexin A7</span>
        </annotation>
        <annotation annotator="Mike Bada, University of Colorado School of Medicine" id="PR_reasoned_2017_04_17_Instance_150053" type="identity">
            <class id="PR:000027795" label="trypsin"/>
            <span end="35879" id="15819996-11615" start="35872">Trypsin</span>
        </annotation>
        <annotation annotator="Mike Bada, University of Colorado School of Medicine" id="PR_reasoned_2017_04_17_Instance_150055" type="identity">
            <class id="PR:000027795" label="trypsin"/>
            <span end="36593" id="15819996-11617" start="36586">trypsin</span>
        </annotation>
        <annotation annotator="Mike Bada, University of Colorado School of Medicine" id="PR_reasoned_2017_04_17_Instance_19227" type="identity">
            <class id="PR:000004080" label="annexin A7"/>
            <span end="36638" id="15819996-12035" start="36628">Annexin A7</span>
        </annotation>
        <annotation annotator="Mike Bada, University of Colorado School of Medicine" id="PR_reasoned_2017_04_17_Instance_19229" type="identity">
            <class id="PR:000004080" label="annexin A7"/>
            <span end="38439" id="15819996-12037" start="38429">Annexin A7</span>
        </annotation>
        <annotation annotator="Mike Bada, University of Colorado School of Medicine" id="PR_reasoned_2017_04_17_Instance_19231" type="identity">
            <class id="PR:000004080" label="annexin A7"/>
            <span end="38906" id="15819996-12039" start="38896">annexin A7</span>
        </annotation>
        <annotation annotator="Mike Bada, University of Colorado School of Medicine" id="PR_reasoned_2017_04_17_Instance_19233" type="identity">
            <class id="PR:000003676" label="actin, cytoplasmic 1"/>
            <span end="38936" id="15819996-12041" start="38929">β-actin</span>
        </annotation>
        <annotation annotator="Mike Bada, University of Colorado School of Medicine" id="PR_reasoned_2017_04_17_Instance_19235" type="identity">
            <class id="PR:000004080" label="annexin A7"/>
            <span end="39204" id="15819996-12043" start="39194">Annexin A7</span>
        </annotation>
        <annotation annotator="Mike Bada, University of Colorado School of Medicine" id="PR_reasoned_2017_04_17_Instance_19237" type="identity">
            <class id="PR:000004080" label="annexin A7"/>
            <span end="39247" id="15819996-12045" start="39242">AnxA7</span>
        </annotation>
        <graph-space id="Old Knowtator Relations"/>
    </document>
</knowtator-project>
