<?xml version="1.0" encoding="UTF-8" standalone="no"?>
<knowtator-project>
    <document id="15876356" text-file="15876356.txt">
        <annotation annotator="Mike Bada, University of Colorado School of Medicine" id="PR_reasoned_2017_04_17_Instance_20073" type="identity">
            <class id="PR:000003718" label="disintegrin and metalloproteinase domain-containing protein 22"/>
            <span end="53" id="15876356-13441" start="47">ADAM22</span>
        </annotation>
        <annotation annotator="Mike Bada, University of Colorado School of Medicine" id="PR_reasoned_2017_04_17_Instance_20075" type="identity">
            <class id="PR:000003718" label="disintegrin and metalloproteinase domain-containing protein 22"/>
            <span end="98" id="15876356-13443" start="92">ADAM22</span>
        </annotation>
        <annotation annotator="Mike Bada, University of Colorado School of Medicine" id="PR_reasoned_2017_04_17_Instance_20077" type="identity">
            <class id="PR:000003718" label="disintegrin and metalloproteinase domain-containing protein 22"/>
            <span end="221" id="15876356-13445" start="215">ADAM22</span>
        </annotation>
        <annotation annotator="Mike Bada, University of Colorado School of Medicine" id="PR_reasoned_2017_04_17_Instance_20079" type="identity">
            <class id="PR:000003718" label="disintegrin and metalloproteinase domain-containing protein 22"/>
            <span end="412" id="15876356-13447" start="406">ADAM22</span>
        </annotation>
        <annotation annotator="Mike Bada, University of Colorado School of Medicine" id="PR_reasoned_2017_04_17_Instance_20081" type="identity">
            <class id="PR:000003718" label="disintegrin and metalloproteinase domain-containing protein 22"/>
            <span end="459" id="15876356-13449" start="453">ADAM22</span>
        </annotation>
        <annotation annotator="Mike Bada, University of Colorado School of Medicine" id="PR_reasoned_2017_04_17_Instance_20083" type="identity">
            <class id="PR:000003718" label="disintegrin and metalloproteinase domain-containing protein 22"/>
            <span end="491" id="15876356-13451" start="485">ADAM22</span>
        </annotation>
        <annotation annotator="Mike Bada, University of Colorado School of Medicine" id="PR_reasoned_2017_04_17_Instance_20085" type="identity">
            <class id="PR:000003718" label="disintegrin and metalloproteinase domain-containing protein 22"/>
            <span end="957" id="15876356-13453" start="951">ADAM22</span>
        </annotation>
        <annotation annotator="Mike Bada, University of Colorado School of Medicine" id="PR_reasoned_2017_04_17_Instance_20087" type="identity">
            <class id="PR:000003718" label="disintegrin and metalloproteinase domain-containing protein 22"/>
            <span end="1054" id="15876356-13455" start="1048">ADAM22</span>
        </annotation>
        <annotation annotator="Mike Bada, University of Colorado School of Medicine" id="PR_reasoned_2017_04_17_Instance_20089" type="identity">
            <class id="PR:000001279" label="ADAM 17 endopeptidase"/>
            <span end="1711" id="15876356-13457" start="1705">ADAM17</span>
        </annotation>
        <annotation annotator="Mike Bada, University of Colorado School of Medicine" id="PR_reasoned_2017_04_17_Instance_20091" type="identity">
            <class id="PR:000001279" label="ADAM 17 endopeptidase"/>
            <span end="1717" id="15876356-13459" start="1713">TACE</span>
        </annotation>
        <annotation annotator="Mike Bada, University of Colorado School of Medicine" id="PR_reasoned_2017_04_17_Instance_20093" type="identity">
            <class id="PR:000000134" label="tumor necrosis factor alpha"/>
            <span end="1802" id="15876356-13461" start="1774">tumour necrosis factor alpha</span>
        </annotation>
        <annotation annotator="Mike Bada, University of Colorado School of Medicine" id="PR_reasoned_2017_04_17_Instance_20097" type="identity">
            <class id="PR:000008459" label="proheparin-binding EGF-like growth factor"/>
            <span end="1867" id="15876356-13465" start="1809">heparin-binding epidermal growth factor-like growth factor</span>
        </annotation>
        <annotation annotator="Mike Bada, University of Colorado School of Medicine" id="PR_reasoned_2017_04_17_Instance_20095" type="identity">
            <class id="PR:000016285" label="protransforming growth factor alpha"/>
            <span end="1910" id="15876356-13463" start="1878">transforming growth factor alpha</span>
        </annotation>
        <annotation annotator="Mike Bada, University of Colorado School of Medicine" id="PR_reasoned_2017_04_17_Instance_20099" type="identity">
            <class id="PR:000001279" label="ADAM 17 endopeptidase"/>
            <span end="1933" id="15876356-13467" start="1927">ADAM17</span>
        </annotation>
        <annotation annotator="Mike Bada, University of Colorado School of Medicine" id="PR_reasoned_2017_04_17_Instance_20101" type="identity">
            <class id="PR:000001279" label="ADAM 17 endopeptidase"/>
            <span end="1969" id="15876356-13469" start="1963">ADAM17</span>
        </annotation>
        <annotation annotator="Mike Bada, University of Colorado School of Medicine" id="PR_reasoned_2017_04_17_Instance_20103" type="identity">
            <class id="PR:000003715" label="disintegrin and metalloproteinase domain-containing protein 2"/>
            <span end="2305" id="15876356-13471" start="2300">ADAM2</span>
        </annotation>
        <annotation annotator="Mike Bada, University of Colorado School of Medicine" id="PR_reasoned_2017_04_17_Instance_20105" type="identity">
            <class id="PR:000003732" label="a disintegrin and metalloproteinase with thrombospondin motifs 3"/>
            <span end="2320" id="15876356-13473" start="2315">ADAM3</span>
        </annotation>
        <annotation annotator="Mike Bada, University of Colorado School of Medicine" id="PR_reasoned_2017_04_17_Instance_20107" type="identity">
            <class id="PR:000003715" label="disintegrin and metalloproteinase domain-containing protein 2"/>
            <span end="2421" id="15876356-13475" start="2416">ADAM2</span>
        </annotation>
        <annotation annotator="Mike Bada, University of Colorado School of Medicine" id="PR_reasoned_2017_04_17_Instance_20109" type="identity">
            <class id="PR:000003732" label="a disintegrin and metalloproteinase with thrombospondin motifs 3"/>
            <span end="2431" id="15876356-13477" start="2426">ADAM3</span>
        </annotation>
        <annotation annotator="Mike Bada, University of Colorado School of Medicine" id="PR_reasoned_2017_04_17_Instance_20111" type="identity">
            <class id="PR:000003710" label="disintegrin and metalloproteinase domain-containing protein 11"/>
            <span end="2676" id="15876356-13479" start="2670">ADAM11</span>
        </annotation>
        <annotation annotator="Mike Bada, University of Colorado School of Medicine" id="PR_reasoned_2017_04_17_Instance_20113" type="identity">
            <class id="PR:000003718" label="disintegrin and metalloproteinase domain-containing protein 22"/>
            <span end="2684" id="15876356-13481" start="2678">ADAM22</span>
        </annotation>
        <annotation annotator="Mike Bada, University of Colorado School of Medicine" id="PR_reasoned_2017_04_17_Instance_20115" type="identity">
            <class id="PR:000003719" label="disintegrin and metalloproteinase domain-containing protein 23"/>
            <span end="2695" id="15876356-13483" start="2689">ADAM23</span>
        </annotation>
        <annotation annotator="Mike Bada, University of Colorado School of Medicine" id="PR_reasoned_2017_04_17_Instance_20117" type="identity">
            <class id="PR:000003719" label="disintegrin and metalloproteinase domain-containing protein 23"/>
            <span end="2917" id="15876356-13485" start="2911">ADAM23</span>
        </annotation>
        <annotation annotator="Mike Bada, University of Colorado School of Medicine" id="PR_reasoned_2017_04_17_Instance_20119" type="identity">
            <class id="PR:000002042" label="integrin beta-3"/>
            <span end="2994" id="15876356-13487" start="2988">beta-3</span>
        </annotation>
        <annotation annotator="Mike Bada, University of Colorado School of Medicine" id="PR_reasoned_2017_04_17_Instance_20121" type="identity">
            <class id="PR:000003719" label="disintegrin and metalloproteinase domain-containing protein 23"/>
            <span end="3049" id="15876356-13489" start="3043">ADAM23</span>
        </annotation>
        <annotation annotator="Mike Bada, University of Colorado School of Medicine" id="PR_reasoned_2017_04_17_Instance_20123" type="identity">
            <class id="PR:000003719" label="disintegrin and metalloproteinase domain-containing protein 23"/>
            <span end="3304" id="15876356-13491" start="3298">ADAM23</span>
        </annotation>
        <annotation annotator="Mike Bada, University of Colorado School of Medicine" id="PR_reasoned_2017_04_17_Instance_20125" type="identity">
            <class id="PR:000003718" label="disintegrin and metalloproteinase domain-containing protein 22"/>
            <span end="3331" id="15876356-13493" start="3325">ADAM22</span>
        </annotation>
        <annotation annotator="Mike Bada, University of Colorado School of Medicine" id="PR_reasoned_2017_04_17_Instance_20127" type="identity">
            <class id="PR:000003719" label="disintegrin and metalloproteinase domain-containing protein 23"/>
            <span end="3342" id="15876356-13495" start="3336">ADAM23</span>
        </annotation>
        <annotation annotator="Mike Bada, University of Colorado School of Medicine" id="PR_reasoned_2017_04_17_Instance_20129" type="identity">
            <class id="PR:000003718" label="disintegrin and metalloproteinase domain-containing protein 22"/>
            <span end="3604" id="15876356-13497" start="3598">ADAM22</span>
        </annotation>
        <annotation annotator="Mike Bada, University of Colorado School of Medicine" id="PR_reasoned_2017_04_17_Instance_20131" type="identity">
            <class id="PR:000003719" label="disintegrin and metalloproteinase domain-containing protein 23"/>
            <span end="3692" id="15876356-13499" start="3686">ADAM23</span>
        </annotation>
        <annotation annotator="Mike Bada, University of Colorado School of Medicine" id="PR_reasoned_2017_04_17_Instance_20133" type="identity">
            <class id="PR:000003718" label="disintegrin and metalloproteinase domain-containing protein 22"/>
            <span end="3744" id="15876356-13501" start="3738">ADAM22</span>
        </annotation>
        <annotation annotator="Mike Bada, University of Colorado School of Medicine" id="PR_reasoned_2017_04_17_Instance_20135" type="identity">
            <class id="PR:000003718" label="disintegrin and metalloproteinase domain-containing protein 22"/>
            <span end="3778" id="15876356-13503" start="3772">Adam22</span>
        </annotation>
        <annotation annotator="Mike Bada, University of Colorado School of Medicine" id="PR_reasoned_2017_04_17_Instance_20137" type="identity">
            <class id="PR:000003718" label="disintegrin and metalloproteinase domain-containing protein 22"/>
            <span end="3829" id="15876356-13505" start="3823">ADAM22</span>
        </annotation>
        <annotation annotator="Mike Bada, University of Colorado School of Medicine" id="PR_reasoned_2017_04_17_Instance_20139" type="identity">
            <class id="PR:000003718" label="disintegrin and metalloproteinase domain-containing protein 22"/>
            <span end="3895" id="15876356-13507" start="3889">Adam22</span>
        </annotation>
        <annotation annotator="Mike Bada, University of Colorado School of Medicine" id="PR_reasoned_2017_04_17_Instance_20141" type="identity">
            <class id="PR:000003718" label="disintegrin and metalloproteinase domain-containing protein 22"/>
            <span end="4149" id="15876356-13509" start="4143">ADAM22</span>
        </annotation>
        <annotation annotator="Mike Bada, University of Colorado School of Medicine" id="PR_reasoned_2017_04_17_Instance_20143" type="identity">
            <class id="PR:000003137" label="furin"/>
            <span end="4304" id="15876356-13511" start="4299">Furin</span>
        </annotation>
        <annotation annotator="Mike Bada, University of Colorado School of Medicine" id="PR_reasoned_2017_04_17_Instance_20145" type="identity">
            <class id="PR:000003718" label="disintegrin and metalloproteinase domain-containing protein 22"/>
            <span end="4412" id="15876356-13513" start="4406">ADAM22</span>
        </annotation>
        <annotation annotator="Mike Bada, University of Colorado School of Medicine" id="PR_reasoned_2017_04_17_Instance_20147" type="identity">
            <class id="PR:000003718" label="disintegrin and metalloproteinase domain-containing protein 22"/>
            <span end="4462" id="15876356-13515" start="4456">ADAM22</span>
        </annotation>
        <annotation annotator="Mike Bada, University of Colorado School of Medicine" id="PR_reasoned_2017_04_17_Instance_20149" type="identity">
            <class id="PR:000003718" label="disintegrin and metalloproteinase domain-containing protein 22"/>
            <span end="4614" id="15876356-13517" start="4608">ADAM22</span>
        </annotation>
        <annotation annotator="Mike Bada, University of Colorado School of Medicine" id="PR_reasoned_2017_04_17_Instance_20151" type="identity">
            <class id="PR:000003718" label="disintegrin and metalloproteinase domain-containing protein 22"/>
            <span end="5527" id="15876356-13519" start="5521">ADAM22</span>
        </annotation>
        <annotation annotator="Mike Bada, University of Colorado School of Medicine" id="PR_reasoned_2017_04_17_Instance_20153" type="identity">
            <class id="PR:000003718" label="disintegrin and metalloproteinase domain-containing protein 22"/>
            <span end="6026" id="15876356-13521" start="6020">ADAM22</span>
        </annotation>
        <annotation annotator="Mike Bada, University of Colorado School of Medicine" id="PR_reasoned_2017_04_17_Instance_20155" type="identity">
            <class id="PR:000003718" label="disintegrin and metalloproteinase domain-containing protein 22"/>
            <span end="6096" id="15876356-13523" start="6090">ADAM22</span>
        </annotation>
        <annotation annotator="Mike Bada, University of Colorado School of Medicine" id="PR_reasoned_2017_04_17_Instance_20157" type="identity">
            <class id="PR:000003718" label="disintegrin and metalloproteinase domain-containing protein 22"/>
            <span end="6205" id="15876356-13525" start="6199">ADAM22</span>
        </annotation>
        <annotation annotator="Mike Bada, University of Colorado School of Medicine" id="PR_reasoned_2017_04_17_Instance_20159" type="identity">
            <class id="PR:000003718" label="disintegrin and metalloproteinase domain-containing protein 22"/>
            <span end="6351" id="15876356-13527" start="6345">ADAM22</span>
        </annotation>
        <annotation annotator="Mike Bada, University of Colorado School of Medicine" id="PR_reasoned_2017_04_17_Instance_20161" type="identity">
            <class id="PR:000003718" label="disintegrin and metalloproteinase domain-containing protein 22"/>
            <span end="6591" id="15876356-13529" start="6585">ADAM22</span>
        </annotation>
        <annotation annotator="Mike Bada, University of Colorado School of Medicine" id="PR_reasoned_2017_04_17_Instance_20165" type="identity">
            <class id="PR:000003710" label="disintegrin and metalloproteinase domain-containing protein 11"/>
            <span end="6652" id="15876356-13533" start="6646">ADAM11</span>
        </annotation>
        <annotation annotator="Mike Bada, University of Colorado School of Medicine" id="PR_reasoned_2017_04_17_Instance_20163" type="identity">
            <class id="PR:000003718" label="disintegrin and metalloproteinase domain-containing protein 22"/>
            <span end="6741" id="15876356-13531" start="6735">ADAM22</span>
        </annotation>
        <annotation annotator="Mike Bada, University of Colorado School of Medicine" id="PR_reasoned_2017_04_17_Instance_20167" type="identity">
            <class id="PR:000003718" label="disintegrin and metalloproteinase domain-containing protein 22"/>
            <span end="6968" id="15876356-13535" start="6962">ADAM22</span>
        </annotation>
        <annotation annotator="Mike Bada, University of Colorado School of Medicine" id="PR_reasoned_2017_04_17_Instance_20169" type="identity">
            <class id="PR:000004967" label="calbindin"/>
            <span end="7086" id="15876356-13537" start="7077">calbindin</span>
        </annotation>
        <annotation annotator="Mike Bada, University of Colorado School of Medicine" id="PR_reasoned_2017_04_17_Instance_20171" type="identity">
            <class id="PR:000010228" label="myelin basic protein"/>
            <span end="7327" id="15876356-13539" start="7324">MBP</span>
        </annotation>
        <annotation annotator="Mike Bada, University of Colorado School of Medicine" id="PR_reasoned_2017_04_17_Instance_20173" type="identity">
            <class id="PR:000010228" label="myelin basic protein"/>
            <span end="7349" id="15876356-13541" start="7329">myelin basic protein</span>
        </annotation>
        <annotation annotator="Mike Bada, University of Colorado School of Medicine" id="PR_reasoned_2017_04_17_Instance_20175" type="identity">
            <class id="PR:000010228" label="myelin basic protein"/>
            <span end="8524" id="15876356-13543" start="8521">MBP</span>
        </annotation>
        <annotation annotator="Mike Bada, University of Colorado School of Medicine" id="PR_reasoned_2017_04_17_Instance_20177" type="identity">
            <class id="PR:000003718" label="disintegrin and metalloproteinase domain-containing protein 22"/>
            <span end="8832" id="15876356-13545" start="8826">ADAM22</span>
        </annotation>
        <annotation annotator="Mike Bada, University of Colorado School of Medicine" id="PR_reasoned_2017_04_17_Instance_20179" type="identity">
            <class id="PR:000003718" label="disintegrin and metalloproteinase domain-containing protein 22"/>
            <span end="8862" id="15876356-13547" start="8856">ADAM22</span>
        </annotation>
        <annotation annotator="Mike Bada, University of Colorado School of Medicine" id="PR_reasoned_2017_04_17_Instance_20181" type="identity">
            <class id="PR:000003718" label="disintegrin and metalloproteinase domain-containing protein 22"/>
            <span end="8955" id="15876356-13549" start="8949">ADAM22</span>
        </annotation>
        <annotation annotator="Mike Bada, University of Colorado School of Medicine" id="PR_reasoned_2017_04_17_Instance_20183" type="identity">
            <class id="PR:000003718" label="disintegrin and metalloproteinase domain-containing protein 22"/>
            <span end="9200" id="15876356-13551" start="9194">ADAM22</span>
        </annotation>
        <annotation annotator="Mike Bada, University of Colorado School of Medicine" id="PR_reasoned_2017_04_17_Instance_20185" type="identity">
            <class id="PR:000003718" label="disintegrin and metalloproteinase domain-containing protein 22"/>
            <span end="9372" id="15876356-13553" start="9366">Adam22</span>
        </annotation>
        <annotation annotator="Mike Bada, University of Colorado School of Medicine" id="PR_reasoned_2017_04_17_Instance_150639" type="identity">
            <class id="PR:000003718" label="disintegrin and metalloproteinase domain-containing protein 22"/>
            <span end="9489" id="15876356-13427" start="9483">ADAM22</span>
        </annotation>
        <annotation annotator="Mike Bada, University of Colorado School of Medicine" id="PR_reasoned_2017_04_17_Instance_20189" type="identity">
            <class id="PR:000003718" label="disintegrin and metalloproteinase domain-containing protein 22"/>
            <span end="10994" id="15876356-13555" start="10988">ADAM22</span>
        </annotation>
        <annotation annotator="Mike Bada, University of Colorado School of Medicine" id="PR_reasoned_2017_04_17_Instance_20191" type="identity">
            <class id="PR:000003718" label="disintegrin and metalloproteinase domain-containing protein 22"/>
            <span end="11360" id="15876356-13557" start="11354">ADAM22</span>
        </annotation>
        <annotation annotator="Mike Bada, University of Colorado School of Medicine" id="PR_reasoned_2017_04_17_Instance_20193" type="identity">
            <class id="PR:000003718" label="disintegrin and metalloproteinase domain-containing protein 22"/>
            <span end="11565" id="15876356-13559" start="11559">ADAM22</span>
        </annotation>
        <annotation annotator="Mike Bada, University of Colorado School of Medicine" id="PR_reasoned_2017_04_17_Instance_20195" type="identity">
            <class id="PR:000003718" label="disintegrin and metalloproteinase domain-containing protein 22"/>
            <span end="11738" id="15876356-13561" start="11732">ADAM22</span>
        </annotation>
        <annotation annotator="Mike Bada, University of Colorado School of Medicine" id="PR_reasoned_2017_04_17_Instance_20197" type="identity">
            <class id="PR:000003718" label="disintegrin and metalloproteinase domain-containing protein 22"/>
            <span end="11780" id="15876356-13563" start="11774">Adam22</span>
        </annotation>
        <annotation annotator="Mike Bada, University of Colorado School of Medicine" id="PR_reasoned_2017_04_17_Instance_20199" type="identity">
            <class id="PR:000003718" label="disintegrin and metalloproteinase domain-containing protein 22"/>
            <span end="11793" id="15876356-13565" start="11787">ADAM22</span>
        </annotation>
        <annotation annotator="Mike Bada, University of Colorado School of Medicine" id="PR_reasoned_2017_04_17_Instance_20345" type="identity">
            <class id="PR:000005259" label="cyclin-dependent kinase 5 activator 1"/>
            <span end="12429" id="15876356-13703" start="12408">activator of cyclin 5</span>
        </annotation>
        <annotation annotator="Mike Bada, University of Colorado School of Medicine" id="PR_reasoned_2017_04_17_Instance_20347" type="identity">
            <class id="PR:000005259" label="cyclin-dependent kinase 5 activator 1"/>
            <span end="12434" id="15876356-13705" start="12431">p35</span>
        </annotation>
        <annotation annotator="Mike Bada, University of Colorado School of Medicine" id="PR_reasoned_2017_04_17_Instance_20201" type="identity">
            <class id="PR:000003718" label="disintegrin and metalloproteinase domain-containing protein 22"/>
            <span end="12512" id="15876356-13567" start="12506">ADAM22</span>
        </annotation>
        <annotation annotator="Mike Bada, University of Colorado School of Medicine" id="PR_reasoned_2017_04_17_Instance_20203" type="identity">
            <class id="PR:000003718" label="disintegrin and metalloproteinase domain-containing protein 22"/>
            <span end="12665" id="15876356-13569" start="12659">ADAM22</span>
        </annotation>
        <annotation annotator="Mike Bada, University of Colorado School of Medicine" id="PR_reasoned_2017_04_17_Instance_20205" type="identity">
            <class id="PR:000003718" label="disintegrin and metalloproteinase domain-containing protein 22"/>
            <span end="12885" id="15876356-13571" start="12879">ADAM22</span>
        </annotation>
        <annotation annotator="Mike Bada, University of Colorado School of Medicine" id="PR_reasoned_2017_04_17_Instance_20341" type="identity">
            <class id="PR:000012879" label="myelin proteolipid protein"/>
            <span end="13326" id="15876356-13701" start="13307">proteolipid protein</span>
        </annotation>
        <annotation annotator="Mike Bada, University of Colorado School of Medicine" id="PR_reasoned_2017_04_17_Instance_20339" type="identity">
            <class id="PR:000012879" label="myelin proteolipid protein"/>
            <span end="13331" id="15876356-13699" start="13328">PLP</span>
        </annotation>
        <annotation annotator="Mike Bada, University of Colorado School of Medicine" id="PR_reasoned_2017_04_17_Instance_20207" type="identity">
            <class id="PR:000003718" label="disintegrin and metalloproteinase domain-containing protein 22"/>
            <span end="13632" id="15876356-13573" start="13626">ADAM22</span>
        </annotation>
        <annotation annotator="Mike Bada, University of Colorado School of Medicine" id="PR_reasoned_2017_04_17_Instance_20209" type="identity">
            <class id="PR:000003718" label="disintegrin and metalloproteinase domain-containing protein 22"/>
            <span end="13698" id="15876356-13575" start="13692">ADAM22</span>
        </annotation>
        <annotation annotator="Mike Bada, University of Colorado School of Medicine" id="PR_reasoned_2017_04_17_Instance_20211" type="identity">
            <class id="PR:000010228" label="myelin basic protein"/>
            <span end="14154" id="15876356-13577" start="14151">MBP</span>
        </annotation>
        <annotation annotator="Mike Bada, University of Colorado School of Medicine" id="PR_reasoned_2017_04_17_Instance_20213" type="identity">
            <class id="PR:000003718" label="disintegrin and metalloproteinase domain-containing protein 22"/>
            <span end="14319" id="15876356-13579" start="14313">ADAM22</span>
        </annotation>
        <annotation annotator="Mike Bada, University of Colorado School of Medicine" id="PR_reasoned_2017_04_17_Instance_20215" type="identity">
            <class id="PR:000003718" label="disintegrin and metalloproteinase domain-containing protein 22"/>
            <span end="14463" id="15876356-13581" start="14457">ADAM22</span>
        </annotation>
        <annotation annotator="Mike Bada, University of Colorado School of Medicine" id="PR_reasoned_2017_04_17_Instance_150641" type="identity">
            <class id="PR:000009131" label="integrin alpha-6"/>
            <span end="14639" id="15876356-13429" start="14632">alpha-6</span>
        </annotation>
        <annotation annotator="Mike Bada, University of Colorado School of Medicine" id="PR_reasoned_2017_04_17_Instance_20219" type="identity">
            <class id="PR:000002040" label="integrin beta-1"/>
            <span end="14646" id="15876356-13583" start="14640">beta-1</span>
        </annotation>
        <annotation annotator="Mike Bada, University of Colorado School of Medicine" id="PR_reasoned_2017_04_17_Instance_20221" type="identity">
            <class id="PR:000009131" label="integrin alpha-6"/>
            <span end="14894" id="15876356-13585" start="14887">alpha-6</span>
        </annotation>
        <annotation annotator="Mike Bada, University of Colorado School of Medicine" id="PR_reasoned_2017_04_17_Instance_20223" type="identity">
            <class id="PR:000002040" label="integrin beta-1"/>
            <span end="14901" id="15876356-13587" start="14895">beta-1</span>
        </annotation>
        <annotation annotator="Mike Bada, University of Colorado School of Medicine" id="PR_reasoned_2017_04_17_Instance_20225" type="identity">
            <class id="PR:000006267" label="dystroglycan"/>
            <span end="14927" id="15876356-13589" start="14915">dystroglycan</span>
        </annotation>
        <annotation annotator="Mike Bada, University of Colorado School of Medicine" id="PR_reasoned_2017_04_17_Instance_20227" type="identity">
            <class id="PR:000002040" label="integrin beta-1"/>
            <span end="15046" id="15876356-13591" start="15031">beta-1 integrin</span>
        </annotation>
        <annotation annotator="Mike Bada, University of Colorado School of Medicine" id="PR_reasoned_2017_04_17_Instance_20229" type="identity">
            <class id="PR:000009658" label="laminin subunit gamma-1"/>
            <span end="15066" id="15876356-13593" start="15051">laminin gamma-1</span>
        </annotation>
        <annotation annotator="Mike Bada, University of Colorado School of Medicine" id="PR_reasoned_2017_04_17_Instance_20231" type="identity">
            <class id="PR:000003718" label="disintegrin and metalloproteinase domain-containing protein 22"/>
            <span end="15276" id="15876356-13595" start="15270">ADAM22</span>
        </annotation>
        <annotation annotator="Mike Bada, University of Colorado School of Medicine" id="PR_reasoned_2017_04_17_Instance_20233" type="identity">
            <class id="PR:000003718" label="disintegrin and metalloproteinase domain-containing protein 22"/>
            <span end="15408" id="15876356-13597" start="15402">ADAM22</span>
        </annotation>
        <annotation annotator="Mike Bada, University of Colorado School of Medicine" id="PR_reasoned_2017_04_17_Instance_20235" type="identity">
            <class id="PR:000003718" label="disintegrin and metalloproteinase domain-containing protein 22"/>
            <span end="15552" id="15876356-13599" start="15546">ADAM22</span>
        </annotation>
        <annotation annotator="Mike Bada, University of Colorado School of Medicine" id="PR_reasoned_2017_04_17_Instance_20237" type="identity">
            <class id="PR:000003718" label="disintegrin and metalloproteinase domain-containing protein 22"/>
            <span end="15590" id="15876356-13601" start="15584">ADAM22</span>
        </annotation>
        <annotation annotator="Mike Bada, University of Colorado School of Medicine" id="PR_reasoned_2017_04_17_Instance_20239" type="identity">
            <class id="PR:000003718" label="disintegrin and metalloproteinase domain-containing protein 22"/>
            <span end="15689" id="15876356-13603" start="15683">ADAM22</span>
        </annotation>
        <annotation annotator="Mike Bada, University of Colorado School of Medicine" id="PR_reasoned_2017_04_17_Instance_20241" type="identity">
            <class id="PR:000003718" label="disintegrin and metalloproteinase domain-containing protein 22"/>
            <span end="15780" id="15876356-13605" start="15774">ADAM22</span>
        </annotation>
        <annotation annotator="Mike Bada, University of Colorado School of Medicine" id="PR_reasoned_2017_04_17_Instance_20243" type="identity">
            <class id="PR:000003718" label="disintegrin and metalloproteinase domain-containing protein 22"/>
            <span end="16061" id="15876356-13607" start="16055">ADAM22</span>
        </annotation>
        <annotation annotator="Mike Bada, University of Colorado School of Medicine" id="PR_reasoned_2017_04_17_Instance_20245" type="identity">
            <class id="PR:000003718" label="disintegrin and metalloproteinase domain-containing protein 22"/>
            <span end="16198" id="15876356-13609" start="16192">Adam22</span>
        </annotation>
        <annotation annotator="Mike Bada, University of Colorado School of Medicine" id="PR_reasoned_2017_04_17_Instance_20247" type="identity">
            <class id="PR:000003718" label="disintegrin and metalloproteinase domain-containing protein 22"/>
            <span end="16299" id="15876356-13611" start="16293">Adam22</span>
        </annotation>
        <annotation annotator="Mike Bada, University of Colorado School of Medicine" id="PR_reasoned_2017_04_17_Instance_20249" type="identity">
            <class id="PR:000003718" label="disintegrin and metalloproteinase domain-containing protein 22"/>
            <span end="16486" id="15876356-13613" start="16480">Adam22</span>
        </annotation>
        <annotation annotator="Mike Bada, University of Colorado School of Medicine" id="PR_reasoned_2017_04_17_Instance_20251" type="identity">
            <class id="PR:000003718" label="disintegrin and metalloproteinase domain-containing protein 22"/>
            <span end="16550" id="15876356-13615" start="16544">Adam22</span>
        </annotation>
        <annotation annotator="Mike Bada, University of Colorado School of Medicine" id="PR_reasoned_2017_04_17_Instance_20253" type="identity">
            <class id="PR:000003718" label="disintegrin and metalloproteinase domain-containing protein 22"/>
            <span end="16808" id="15876356-13617" start="16802">Adam22</span>
        </annotation>
        <annotation annotator="Mike Bada, University of Colorado School of Medicine" id="PR_reasoned_2017_04_17_Instance_140480" type="identity">
            <class id="PR:P23940" label="type-2 restriction enzyme BamHI (Bacillus amyloliquefaciens)"/>
            <span end="17846" id="15876356-13421" start="17841">BamHI</span>
        </annotation>
        <annotation annotator="Mike Bada, University of Colorado School of Medicine" id="PR_reasoned_2017_04_17_Instance_140482" type="identity">
            <class id="PR:P23940" label="type-2 restriction enzyme BamHI (Bacillus amyloliquefaciens)"/>
            <span end="17920" id="15876356-13423" start="17915">BamHI</span>
        </annotation>
        <annotation annotator="Mike Bada, University of Colorado School of Medicine" id="PR_reasoned_2017_04_17_Instance_150647" type="identity">
            <class id="PR:000010228" label="myelin basic protein"/>
            <span end="18019" id="15876356-13431" start="18016">MBP</span>
        </annotation>
        <annotation annotator="Mike Bada, University of Colorado School of Medicine" id="PR_reasoned_2017_04_17_Instance_20255" type="identity">
            <class id="PR:000003718" label="disintegrin and metalloproteinase domain-containing protein 22"/>
            <span end="18096" id="15876356-13619" start="18090">ADAM22</span>
        </annotation>
        <annotation annotator="Mike Bada, University of Colorado School of Medicine" id="PR_reasoned_2017_04_17_Instance_20257" type="identity">
            <class id="PR:000003718" label="disintegrin and metalloproteinase domain-containing protein 22"/>
            <span end="18197" id="15876356-13621" start="18191">ADAM22</span>
        </annotation>
        <annotation annotator="Mike Bada, University of Colorado School of Medicine" id="PR_reasoned_2017_04_17_Instance_20259" type="identity">
            <class id="PR:000003718" label="disintegrin and metalloproteinase domain-containing protein 22"/>
            <span end="18500" id="15876356-13623" start="18494">ADAM22</span>
        </annotation>
        <annotation annotator="Mike Bada, University of Colorado School of Medicine" id="PR_reasoned_2017_04_17_Instance_150649" type="identity">
            <class id="PR:000010228" label="myelin basic protein"/>
            <span end="18534" id="15876356-13433" start="18531">MBP</span>
        </annotation>
        <annotation annotator="Mike Bada, University of Colorado School of Medicine" id="PR_reasoned_2017_04_17_Instance_20261" type="identity">
            <class id="PR:000003718" label="disintegrin and metalloproteinase domain-containing protein 22"/>
            <span end="18547" id="15876356-13625" start="18541">ADAM22</span>
        </annotation>
        <annotation annotator="Mike Bada, University of Colorado School of Medicine" id="PR_reasoned_2017_04_17_Instance_20263" type="identity">
            <class id="PR:000003718" label="disintegrin and metalloproteinase domain-containing protein 22"/>
            <span end="18807" id="15876356-13627" start="18801">ADAM22</span>
        </annotation>
        <annotation annotator="Mike Bada, University of Colorado School of Medicine" id="PR_reasoned_2017_04_17_Instance_20265" type="identity">
            <class id="PR:000003718" label="disintegrin and metalloproteinase domain-containing protein 22"/>
            <span end="19006" id="15876356-13629" start="19000">ADAM22</span>
        </annotation>
        <annotation annotator="Mike Bada, University of Colorado School of Medicine" id="PR_reasoned_2017_04_17_Instance_20267" type="identity">
            <class id="PR:000003718" label="disintegrin and metalloproteinase domain-containing protein 22"/>
            <span end="19028" id="15876356-13631" start="19022">Adam22</span>
        </annotation>
        <annotation annotator="Mike Bada, University of Colorado School of Medicine" id="PR_reasoned_2017_04_17_Instance_20269" type="identity">
            <class id="PR:000003718" label="disintegrin and metalloproteinase domain-containing protein 22"/>
            <span end="19549" id="15876356-13633" start="19543">ADAM22</span>
        </annotation>
        <annotation annotator="Mike Bada, University of Colorado School of Medicine" id="PR_reasoned_2017_04_17_Instance_20271" type="identity">
            <class id="PR:000003718" label="disintegrin and metalloproteinase domain-containing protein 22"/>
            <span end="21154" id="15876356-13635" start="21148">ADAM22</span>
        </annotation>
        <annotation annotator="Mike Bada, University of Colorado School of Medicine" id="PR_reasoned_2017_04_17_Instance_20273" type="identity">
            <class id="PR:000004967" label="calbindin"/>
            <span end="22608" id="15876356-13637" start="22594">calbindin 28 K</span>
        </annotation>
        <annotation annotator="Mike Bada, University of Colorado School of Medicine" id="PR_reasoned_2017_04_17_Instance_20325" type="identity">
            <class id="PR:000010228" label="myelin basic protein"/>
            <span end="22650" id="15876356-13689" start="22647">MBP</span>
        </annotation>
        <annotation annotator="Mike Bada, University of Colorado School of Medicine" id="PR_reasoned_2017_04_17_Instance_150651" type="identity">
            <class id="PR:000006252" label="RNA binding protein fox-1 homolog 3"/>
            <span end="22724" id="15876356-13435" start="22719">Neu N</span>
        </annotation>
        <annotation annotator="Mike Bada, University of Colorado School of Medicine" id="PR_reasoned_2017_04_17_Instance_20327" type="identity">
            <class id="PR:000010228" label="myelin basic protein"/>
            <span end="22844" id="15876356-13691" start="22841">MBP</span>
        </annotation>
        <annotation annotator="Mike Bada, University of Colorado School of Medicine" id="PR_reasoned_2017_04_17_Instance_20275" type="identity">
            <class id="PR:000003718" label="disintegrin and metalloproteinase domain-containing protein 22"/>
            <span end="23400" id="15876356-13639" start="23394">ADAM22</span>
        </annotation>
        <annotation annotator="Mike Bada, University of Colorado School of Medicine" id="PR_reasoned_2017_04_17_Instance_150655" type="identity">
            <class id="PR:P00573" label="T7 RNA polymerase (Enterobacteria phage T7)"/>
            <span end="23635" id="15876356-13439" start="23618">T7 RNA polymerase</span>
        </annotation>
        <annotation annotator="Mike Bada, University of Colorado School of Medicine" id="PR_reasoned_2017_04_17_Instance_20277" type="identity">
            <class id="PR:000003718" label="disintegrin and metalloproteinase domain-containing protein 22"/>
            <span end="24767" id="15876356-13641" start="24761">Adam22</span>
        </annotation>
        <annotation annotator="Mike Bada, University of Colorado School of Medicine" id="PR_reasoned_2017_04_17_Instance_20279" type="identity">
            <class id="PR:000003718" label="disintegrin and metalloproteinase domain-containing protein 22"/>
            <span end="24818" id="15876356-13643" start="24812">Adam22</span>
        </annotation>
        <annotation annotator="Mike Bada, University of Colorado School of Medicine" id="PR_reasoned_2017_04_17_Instance_20281" type="identity">
            <class id="PR:000003718" label="disintegrin and metalloproteinase domain-containing protein 22"/>
            <span end="24917" id="15876356-13645" start="24911">ADAM22</span>
        </annotation>
        <annotation annotator="Mike Bada, University of Colorado School of Medicine" id="PR_reasoned_2017_04_17_Instance_140484" type="identity">
            <class id="PR:P23940" label="type-2 restriction enzyme BamHI (Bacillus amyloliquefaciens)"/>
            <span end="25213" id="15876356-13425" start="25208">BamHI</span>
        </annotation>
        <annotation annotator="Mike Bada, University of Colorado School of Medicine" id="PR_reasoned_2017_04_17_Instance_20283" type="identity">
            <class id="PR:000003718" label="disintegrin and metalloproteinase domain-containing protein 22"/>
            <span end="25499" id="15876356-13647" start="25493">ADAM22</span>
        </annotation>
        <annotation annotator="Mike Bada, University of Colorado School of Medicine" id="PR_reasoned_2017_04_17_Instance_20285" type="identity">
            <class id="PR:000003718" label="disintegrin and metalloproteinase domain-containing protein 22"/>
            <span end="25553" id="15876356-13649" start="25547">ADAM22</span>
        </annotation>
        <annotation annotator="Mike Bada, University of Colorado School of Medicine" id="PR_reasoned_2017_04_17_Instance_20287" type="identity">
            <class id="PR:000003718" label="disintegrin and metalloproteinase domain-containing protein 22"/>
            <span end="25575" id="15876356-13651" start="25569">Adam22</span>
        </annotation>
        <annotation annotator="Mike Bada, University of Colorado School of Medicine" id="PR_reasoned_2017_04_17_Instance_20289" type="identity">
            <class id="PR:000003718" label="disintegrin and metalloproteinase domain-containing protein 22"/>
            <span end="25627" id="15876356-13653" start="25621">ADAM22</span>
        </annotation>
        <annotation annotator="Mike Bada, University of Colorado School of Medicine" id="PR_reasoned_2017_04_17_Instance_20291" type="identity">
            <class id="PR:000003718" label="disintegrin and metalloproteinase domain-containing protein 22"/>
            <span end="25721" id="15876356-13655" start="25715">Adam22</span>
        </annotation>
        <annotation annotator="Mike Bada, University of Colorado School of Medicine" id="PR_reasoned_2017_04_17_Instance_20293" type="identity">
            <class id="PR:000003718" label="disintegrin and metalloproteinase domain-containing protein 22"/>
            <span end="25770" id="15876356-13657" start="25764">Adam22</span>
        </annotation>
        <annotation annotator="Mike Bada, University of Colorado School of Medicine" id="PR_reasoned_2017_04_17_Instance_20295" type="identity">
            <class id="PR:000003718" label="disintegrin and metalloproteinase domain-containing protein 22"/>
            <span end="25848" id="15876356-13659" start="25842">Adam22</span>
        </annotation>
        <annotation annotator="Mike Bada, University of Colorado School of Medicine" id="PR_reasoned_2017_04_17_Instance_20297" type="identity">
            <class id="PR:000003718" label="disintegrin and metalloproteinase domain-containing protein 22"/>
            <span end="25947" id="15876356-13661" start="25941">ADAM22</span>
        </annotation>
        <annotation annotator="Mike Bada, University of Colorado School of Medicine" id="PR_reasoned_2017_04_17_Instance_20299" type="identity">
            <class id="PR:000003718" label="disintegrin and metalloproteinase domain-containing protein 22"/>
            <span end="25999" id="15876356-13663" start="25993">ADAM22</span>
        </annotation>
        <annotation annotator="Mike Bada, University of Colorado School of Medicine" id="PR_reasoned_2017_04_17_Instance_20301" type="identity">
            <class id="PR:000003718" label="disintegrin and metalloproteinase domain-containing protein 22"/>
            <span end="26399" id="15876356-13665" start="26393">ADAM22</span>
        </annotation>
        <annotation annotator="Mike Bada, University of Colorado School of Medicine" id="PR_reasoned_2017_04_17_Instance_20303" type="identity">
            <class id="PR:000003718" label="disintegrin and metalloproteinase domain-containing protein 22"/>
            <span end="26497" id="15876356-13667" start="26491">ADAM22</span>
        </annotation>
        <annotation annotator="Mike Bada, University of Colorado School of Medicine" id="PR_reasoned_2017_04_17_Instance_20305" type="identity">
            <class id="PR:000004967" label="calbindin"/>
            <span end="26665" id="15876356-13669" start="26656">calbindin</span>
        </annotation>
        <annotation annotator="Mike Bada, University of Colorado School of Medicine" id="PR_reasoned_2017_04_17_Instance_20329" type="identity">
            <class id="PR:000010228" label="myelin basic protein"/>
            <span end="26689" id="15876356-13693" start="26686">MBP</span>
        </annotation>
        <annotation annotator="Mike Bada, University of Colorado School of Medicine" id="PR_reasoned_2017_04_17_Instance_150653" type="identity">
            <class id="PR:000006252" label="RNA binding protein fox-1 homolog 3"/>
            <span end="26872" id="15876356-13437" start="26867">Neu N</span>
        </annotation>
        <annotation annotator="Mike Bada, University of Colorado School of Medicine" id="PR_reasoned_2017_04_17_Instance_20331" type="identity">
            <class id="PR:000010228" label="myelin basic protein"/>
            <span end="26926" id="15876356-13695" start="26923">MBP</span>
        </annotation>
        <annotation annotator="Mike Bada, University of Colorado School of Medicine" id="PR_reasoned_2017_04_17_Instance_20307" type="identity">
            <class id="PR:000003718" label="disintegrin and metalloproteinase domain-containing protein 22"/>
            <span end="27151" id="15876356-13671" start="27145">ADAM22</span>
        </annotation>
        <annotation annotator="Mike Bada, University of Colorado School of Medicine" id="PR_reasoned_2017_04_17_Instance_20309" type="identity">
            <class id="PR:000003718" label="disintegrin and metalloproteinase domain-containing protein 22"/>
            <span end="27413" id="15876356-13673" start="27407">ADAM22</span>
        </annotation>
        <annotation annotator="Mike Bada, University of Colorado School of Medicine" id="PR_reasoned_2017_04_17_Instance_20311" type="identity">
            <class id="PR:000003718" label="disintegrin and metalloproteinase domain-containing protein 22"/>
            <span end="27668" id="15876356-13675" start="27662">Adam22</span>
        </annotation>
        <annotation annotator="Mike Bada, University of Colorado School of Medicine" id="PR_reasoned_2017_04_17_Instance_20313" type="identity">
            <class id="PR:000003718" label="disintegrin and metalloproteinase domain-containing protein 22"/>
            <span end="27687" id="15876356-13677" start="27681">Adam22</span>
        </annotation>
        <annotation annotator="Mike Bada, University of Colorado School of Medicine" id="PR_reasoned_2017_04_17_Instance_20315" type="identity">
            <class id="PR:000003718" label="disintegrin and metalloproteinase domain-containing protein 22"/>
            <span end="27822" id="15876356-13679" start="27816">ADAM22</span>
        </annotation>
        <annotation annotator="Mike Bada, University of Colorado School of Medicine" id="PR_reasoned_2017_04_17_Instance_20333" type="identity">
            <class id="PR:000010228" label="myelin basic protein"/>
            <span end="28067" id="15876356-13697" start="28064">MBP</span>
        </annotation>
        <annotation annotator="Mike Bada, University of Colorado School of Medicine" id="PR_reasoned_2017_04_17_Instance_20317" type="identity">
            <class id="PR:000003718" label="disintegrin and metalloproteinase domain-containing protein 22"/>
            <span end="28317" id="15876356-13681" start="28311">Adam22</span>
        </annotation>
        <annotation annotator="Mike Bada, University of Colorado School of Medicine" id="PR_reasoned_2017_04_17_Instance_20319" type="identity">
            <class id="PR:000003718" label="disintegrin and metalloproteinase domain-containing protein 22"/>
            <span end="28650" id="15876356-13683" start="28644">Adam22</span>
        </annotation>
        <annotation annotator="Mike Bada, University of Colorado School of Medicine" id="PR_reasoned_2017_04_17_Instance_20321" type="identity">
            <class id="PR:000003718" label="disintegrin and metalloproteinase domain-containing protein 22"/>
            <span end="28745" id="15876356-13685" start="28739">ADAM22</span>
        </annotation>
        <annotation annotator="Mike Bada, University of Colorado School of Medicine" id="PR_reasoned_2017_04_17_Instance_20323" type="identity">
            <class id="PR:000003718" label="disintegrin and metalloproteinase domain-containing protein 22"/>
            <span end="29232" id="15876356-13687" start="29226">Adam22</span>
        </annotation>
        <graph-space id="Old Knowtator Relations"/>
    </document>
</knowtator-project>
