<?xml version="1.0" encoding="UTF-8" standalone="no"?>
<knowtator-project>
    <document id="16110338" text-file="16110338.txt">
        <annotation annotator="Mike Bada, University of Colorado School of Medicine" id="PR_reasoned_2017_04_17_Instance_44109" type="identity">
            <class id="PR:000011403" label="photoreceptor-specific nuclear receptor"/>
            <span end="589" id="16110338-16062" start="584">NR2E3</span>
        </annotation>
        <annotation annotator="Mike Bada, University of Colorado School of Medicine" id="PR_reasoned_2017_04_17_Instance_44111" type="identity">
            <class id="PR:000001195" label="short-wave-sensitive opsin 1"/>
            <span end="793" id="16110338-16064" start="786">S-opsin</span>
        </annotation>
        <annotation annotator="Mike Bada, University of Colorado School of Medicine" id="PR_reasoned_2017_04_17_Instance_44113" type="identity">
            <class id="PR:000011403" label="photoreceptor-specific nuclear receptor"/>
            <span end="3449" id="16110338-16066" start="3444">NR2E3</span>
        </annotation>
        <annotation annotator="Mike Bada, University of Colorado School of Medicine" id="PR_reasoned_2017_04_17_Instance_44115" type="identity">
            <class id="PR:000011403" label="photoreceptor-specific nuclear receptor"/>
            <span end="3495" id="16110338-16068" start="3465">photoreceptor nuclear receptor</span>
        </annotation>
        <annotation annotator="Mike Bada, University of Colorado School of Medicine" id="PR_reasoned_2017_04_17_Instance_44117" type="identity">
            <class id="PR:000001245" label="rhodopsin"/>
            <span end="4190" id="16110338-16070" start="4181">rhodopsin</span>
        </annotation>
        <annotation annotator="Mike Bada, University of Colorado School of Medicine" id="PR_reasoned_2017_04_17_Instance_44119" type="identity">
            <class id="PR:000001195" label="short-wave-sensitive opsin 1"/>
            <span end="4251" id="16110338-16072" start="4239">S-cone opsin</span>
        </annotation>
        <annotation annotator="Mike Bada, University of Colorado School of Medicine" id="PR_reasoned_2017_04_17_Instance_44121" type="identity">
            <class id="PR:000011403" label="photoreceptor-specific nuclear receptor"/>
            <span end="4807" id="16110338-16074" start="4802">NR2E3</span>
        </annotation>
        <annotation annotator="Mike Bada, University of Colorado School of Medicine" id="PR_reasoned_2017_04_17_Instance_44123" type="identity">
            <class id="PR:000001195" label="short-wave-sensitive opsin 1"/>
            <span end="5265" id="16110338-16076" start="5258">S-opsin</span>
        </annotation>
        <annotation annotator="Mike Bada, University of Colorado School of Medicine" id="PR_reasoned_2017_04_17_Instance_44125" type="identity">
            <class id="PR:000001195" label="short-wave-sensitive opsin 1"/>
            <span end="5694" id="16110338-16078" start="5687">S-opsin</span>
        </annotation>
        <annotation annotator="Mike Bada, University of Colorado School of Medicine" id="PR_reasoned_2017_04_17_Instance_44127" type="identity">
            <class id="PR:000001119" label="animal opsin"/>
            <span end="7045" id="16110338-16080" start="7039">opsins</span>
        </annotation>
        <annotation annotator="Mike Bada, University of Colorado School of Medicine" id="PR_reasoned_2017_04_17_Instance_44129" type="identity">
            <class id="PR:000011403" label="photoreceptor-specific nuclear receptor"/>
            <span end="7490" id="16110338-16082" start="7485">Nr2e3</span>
        </annotation>
        <annotation annotator="Mike Bada, University of Colorado School of Medicine" id="PR_reasoned_2017_04_17_Instance_44131" type="identity">
            <class id="PR:000001195" label="short-wave-sensitive opsin 1"/>
            <span end="9915" id="16110338-16084" start="9903">S-cone opsin</span>
        </annotation>
        <annotation annotator="Mike Bada, University of Colorado School of Medicine" id="PR_reasoned_2017_04_17_Instance_44133" type="identity">
            <class id="PR:000001195" label="short-wave-sensitive opsin 1"/>
            <span end="9928" id="16110338-16086" start="9922">Opn1sw</span>
        </annotation>
        <annotation annotator="Mike Bada, University of Colorado School of Medicine" id="PR_reasoned_2017_04_17_Instance_44135" type="identity">
            <class id="PR:000001195" label="short-wave-sensitive opsin 1"/>
            <span end="9994" id="16110338-16088" start="9987">S-opsin</span>
        </annotation>
        <annotation annotator="Mike Bada, University of Colorado School of Medicine" id="PR_reasoned_2017_04_17_Instance_44137" type="identity">
            <class id="PR:000001195" label="short-wave-sensitive opsin 1"/>
            <span end="10063" id="16110338-16090" start="10056">S-opsin</span>
        </annotation>
        <annotation annotator="Mike Bada, University of Colorado School of Medicine" id="PR_reasoned_2017_04_17_Instance_44139" type="identity">
            <class id="PR:000001195" label="short-wave-sensitive opsin 1"/>
            <span end="10216" id="16110338-16092" start="10209">S-opsin</span>
        </annotation>
        <annotation annotator="Mike Bada, University of Colorado School of Medicine" id="PR_reasoned_2017_04_17_Instance_44141" type="identity">
            <class id="PR:000001195" label="short-wave-sensitive opsin 1"/>
            <span end="10290" id="16110338-16094" start="10283">S-opsin</span>
        </annotation>
        <annotation annotator="Mike Bada, University of Colorado School of Medicine" id="PR_reasoned_2017_04_17_Instance_44143" type="identity">
            <class id="PR:000001195" label="short-wave-sensitive opsin 1"/>
            <span end="10421" id="16110338-16096" start="10414">S-opsin</span>
        </annotation>
        <annotation annotator="Mike Bada, University of Colorado School of Medicine" id="PR_reasoned_2017_04_17_Instance_44145" type="identity">
            <class id="PR:000001195" label="short-wave-sensitive opsin 1"/>
            <span end="10656" id="16110338-16098" start="10649">S-opsin</span>
        </annotation>
        <annotation annotator="Mike Bada, University of Colorado School of Medicine" id="PR_reasoned_2017_04_17_Instance_44147" type="identity">
            <class id="PR:000001195" label="short-wave-sensitive opsin 1"/>
            <span end="10756" id="16110338-16100" start="10749">S-opsin</span>
        </annotation>
        <annotation annotator="Mike Bada, University of Colorado School of Medicine" id="PR_reasoned_2017_04_17_Instance_44149" type="identity">
            <class id="PR:000001195" label="short-wave-sensitive opsin 1"/>
            <span end="10885" id="16110338-16102" start="10878">S-opsin</span>
        </annotation>
        <annotation annotator="Mike Bada, University of Colorado School of Medicine" id="PR_reasoned_2017_04_17_Instance_44151" type="identity">
            <class id="PR:000001195" label="short-wave-sensitive opsin 1"/>
            <span end="11116" id="16110338-16104" start="11109">S-opsin</span>
        </annotation>
        <annotation annotator="Mike Bada, University of Colorado School of Medicine" id="PR_reasoned_2017_04_17_Instance_44153" type="identity">
            <class id="PR:000001195" label="short-wave-sensitive opsin 1"/>
            <span end="11206" id="16110338-16106" start="11199">S-opsin</span>
        </annotation>
        <annotation annotator="Mike Bada, University of Colorado School of Medicine" id="PR_reasoned_2017_04_17_Instance_44155" type="identity">
            <class id="PR:000001245" label="rhodopsin"/>
            <span end="11220" id="16110338-16108" start="11211">rhodopsin</span>
        </annotation>
        <annotation annotator="Mike Bada, University of Colorado School of Medicine" id="PR_reasoned_2017_04_17_Instance_44157" type="identity">
            <class id="PR:000001195" label="short-wave-sensitive opsin 1"/>
            <span end="11305" id="16110338-16110" start="11298">S-opsin</span>
        </annotation>
        <annotation annotator="Mike Bada, University of Colorado School of Medicine" id="PR_reasoned_2017_04_17_Instance_44159" type="identity">
            <class id="PR:000001245" label="rhodopsin"/>
            <span end="11319" id="16110338-16112" start="11310">rhodopsin</span>
        </annotation>
        <annotation annotator="Mike Bada, University of Colorado School of Medicine" id="PR_reasoned_2017_04_17_Instance_44161" type="identity">
            <class id="PR:000001195" label="short-wave-sensitive opsin 1"/>
            <span end="11424" id="16110338-16114" start="11417">S-opsin</span>
        </annotation>
        <annotation annotator="Mike Bada, University of Colorado School of Medicine" id="PR_reasoned_2017_04_17_Instance_44163" type="identity">
            <class id="PR:000004855" label="mitotic checkpoint serine/threonine-protein kinase BUB1 beta"/>
            <span end="12450" id="16110338-16116" start="12445">Bub1b</span>
        </annotation>
        <annotation annotator="Mike Bada, University of Colorado School of Medicine" id="PR_reasoned_2017_04_17_Instance_44165" type="identity">
            <class id="PR:000016206" label="T-cell leukemia translocation-altered gene protein"/>
            <span end="12459" id="16110338-16118" start="12455">Tcta</span>
        </annotation>
        <annotation annotator="Mike Bada, University of Colorado School of Medicine" id="PR_reasoned_2017_04_17_Instance_44167" type="identity">
            <class id="PR:000001245" label="rhodopsin"/>
            <span end="12743" id="16110338-16120" start="12740">Rho</span>
        </annotation>
        <annotation annotator="Mike Bada, University of Colorado School of Medicine" id="PR_reasoned_2017_04_17_Instance_44169" type="identity">
            <class id="PR:000012351" label="cadherin-related family member 1"/>
            <span end="12763" id="16110338-16122" start="12757">Pcdh21</span>
        </annotation>
        <annotation annotator="Mike Bada, University of Colorado School of Medicine" id="PR_reasoned_2017_04_17_Instance_44171" type="identity">
            <class id="PR:000013820" label="retinol-binding protein 3"/>
            <span end="12769" id="16110338-16124" start="12765">Rbp3</span>
        </annotation>
        <annotation annotator="Mike Bada, University of Colorado School of Medicine" id="PR_reasoned_2017_04_17_Instance_44173" type="identity">
            <class id="PR:000000686" label="cGMP-gated cation channel alpha-1"/>
            <span end="12780" id="16110338-16126" start="12775">Cnga1</span>
        </annotation>
        <annotation annotator="Mike Bada, University of Colorado School of Medicine" id="PR_reasoned_2017_04_17_Instance_44175" type="identity">
            <class id="PR:000013522" label="glycogen phosphorylase, muscle form"/>
            <span end="14306" id="16110338-16128" start="14302">Pygm</span>
        </annotation>
        <annotation annotator="Mike Bada, University of Colorado School of Medicine" id="PR_reasoned_2017_04_17_Instance_44177" type="identity">
            <class id="PR:000008038" label="lactoylglutathione lyase"/>
            <span end="14315" id="16110338-16130" start="14311">Glo1</span>
        </annotation>
        <annotation annotator="Mike Bada, University of Colorado School of Medicine" id="PR_reasoned_2017_04_17_Instance_44179" type="identity">
            <class id="PR:000007037" label="elongation of very long chain fatty acids protein 2"/>
            <span end="14347" id="16110338-16132" start="14341">Elovl2</span>
        </annotation>
        <annotation annotator="Mike Bada, University of Colorado School of Medicine" id="PR_reasoned_2017_04_17_Instance_44181" type="identity">
            <class id="PR:000015305" label="single-strand selective monofunctional uracil DNA glycosylase"/>
            <span end="14367" id="16110338-16134" start="14362">Smug1</span>
        </annotation>
        <annotation annotator="Mike Bada, University of Colorado School of Medicine" id="PR_reasoned_2017_04_17_Instance_44183" type="identity">
            <class id="PR:000004855" label="mitotic checkpoint serine/threonine-protein kinase BUB1 beta"/>
            <span end="14410" id="16110338-16136" start="14405">Bub1b</span>
        </annotation>
        <annotation annotator="Mike Bada, University of Colorado School of Medicine" id="PR_reasoned_2017_04_17_Instance_44185" type="identity">
            <class id="PR:000016206" label="T-cell leukemia translocation-altered gene protein"/>
            <span end="14433" id="16110338-16138" start="14429">Tcta</span>
        </annotation>
        <annotation annotator="Mike Bada, University of Colorado School of Medicine" id="PR_reasoned_2017_04_17_Instance_44187" type="identity">
            <class id="PR:000006874" label="endothelin-converting enzyme 1"/>
            <span end="14461" id="16110338-16140" start="14457">Ece1</span>
        </annotation>
        <annotation annotator="Mike Bada, University of Colorado School of Medicine" id="PR_reasoned_2017_04_17_Instance_170326" type="identity">
            <class id="PR:000007108" label="band 4.1-like protein 1"/>
            <span end="14495" id="16110338-16056" start="14487">Ebp4.1l1</span>
        </annotation>
        <annotation annotator="Mike Bada, University of Colorado School of Medicine" id="PR_reasoned_2017_04_17_Instance_44189" type="identity">
            <class id="PR:000012076" label="otopetrin-3"/>
            <span end="14531" id="16110338-16142" start="14526">Otop3</span>
        </annotation>
        <annotation annotator="Mike Bada, University of Colorado School of Medicine" id="PR_reasoned_2017_04_17_Instance_44191" type="identity">
            <class id="PR:000008099" label="guanine nucleotide-binding protein G(I)/G(S)/G(T) subunit beta-3"/>
            <span end="14962" id="16110338-16144" start="14958">Gnb3</span>
        </annotation>
        <annotation annotator="Mike Bada, University of Colorado School of Medicine" id="PR_reasoned_2017_04_17_Instance_44193" type="identity">
            <class id="PR:000016321" label="thyroid hormone receptor beta"/>
            <span end="14972" id="16110338-16146" start="14967">Thrb2</span>
        </annotation>
        <annotation annotator="Mike Bada, University of Colorado School of Medicine" id="PR_reasoned_2017_04_17_Instance_44195" type="identity">
            <class id="PR:000006874" label="endothelin-converting enzyme 1"/>
            <span end="15178" id="16110338-16148" start="15174">Ece1</span>
        </annotation>
        <annotation annotator="Mike Bada, University of Colorado School of Medicine" id="PR_reasoned_2017_04_17_Instance_44197" type="identity">
            <class id="PR:000012076" label="otopetrin-3"/>
            <span end="15188" id="16110338-16150" start="15183">Otop3</span>
        </annotation>
        <annotation annotator="Mike Bada, University of Colorado School of Medicine" id="PR_reasoned_2017_04_17_Instance_44199" type="identity">
            <class id="PR:000001224" label="medium-wave-sensitive opsin 1"/>
            <span end="15870" id="16110338-16152" start="15863">M-Opsin</span>
        </annotation>
        <annotation annotator="Mike Bada, University of Colorado School of Medicine" id="PR_reasoned_2017_04_17_Instance_44201" type="identity">
            <class id="PR:000016321" label="thyroid hormone receptor beta"/>
            <span end="15902" id="16110338-16154" start="15875">Thyroid Hormone Receptor β2</span>
        </annotation>
        <annotation annotator="Mike Bada, University of Colorado School of Medicine" id="PR_reasoned_2017_04_17_Instance_44203" type="identity">
            <class id="PR:000001224" label="medium-wave-sensitive opsin 1"/>
            <span end="16077" id="16110338-16156" start="16070">M-opsin</span>
        </annotation>
        <annotation annotator="Mike Bada, University of Colorado School of Medicine" id="PR_reasoned_2017_04_17_Instance_44205" type="identity">
            <class id="PR:000001224" label="medium-wave-sensitive opsin 1"/>
            <span end="16085" id="16110338-16158" start="16079">Opn1mw</span>
        </annotation>
        <annotation annotator="Mike Bada, University of Colorado School of Medicine" id="PR_reasoned_2017_04_17_Instance_44207" type="identity">
            <class id="PR:000016321" label="thyroid hormone receptor beta"/>
            <span end="16118" id="16110338-16160" start="16091">thyroid hormone receptor β2</span>
        </annotation>
        <annotation annotator="Mike Bada, University of Colorado School of Medicine" id="PR_reasoned_2017_04_17_Instance_44209" type="identity">
            <class id="PR:000016321" label="thyroid hormone receptor beta"/>
            <span end="16125" id="16110338-16162" start="16120">Thrb2</span>
        </annotation>
        <annotation annotator="Mike Bada, University of Colorado School of Medicine" id="PR_reasoned_2017_04_17_Instance_44211" type="identity">
            <class id="PR:000016321" label="thyroid hormone receptor beta"/>
            <span end="16189" id="16110338-16164" start="16184">Thrb2</span>
        </annotation>
        <annotation annotator="Mike Bada, University of Colorado School of Medicine" id="PR_reasoned_2017_04_17_Instance_44213" type="identity">
            <class id="PR:000001224" label="medium-wave-sensitive opsin 1"/>
            <span end="16242" id="16110338-16166" start="16235">M-opsin</span>
        </annotation>
        <annotation annotator="Mike Bada, University of Colorado School of Medicine" id="PR_reasoned_2017_04_17_Instance_44217" type="identity">
            <class id="PR:000001195" label="short-wave-sensitive opsin 1"/>
            <span end="16287" id="16110338-16170" start="16280">S-opsin</span>
        </annotation>
        <annotation annotator="Mike Bada, University of Colorado School of Medicine" id="PR_reasoned_2017_04_17_Instance_44215" type="identity">
            <class id="PR:000016321" label="thyroid hormone receptor beta"/>
            <span end="16387" id="16110338-16168" start="16382">Thrb2</span>
        </annotation>
        <annotation annotator="Mike Bada, University of Colorado School of Medicine" id="PR_reasoned_2017_04_17_Instance_44219" type="identity">
            <class id="PR:000001195" label="short-wave-sensitive opsin 1"/>
            <span end="16401" id="16110338-16172" start="16394">S-opsin</span>
        </annotation>
        <annotation annotator="Mike Bada, University of Colorado School of Medicine" id="PR_reasoned_2017_04_17_Instance_44221" type="identity">
            <class id="PR:000016321" label="thyroid hormone receptor beta"/>
            <span end="16440" id="16110338-16174" start="16435">Thrb2</span>
        </annotation>
        <annotation annotator="Mike Bada, University of Colorado School of Medicine" id="PR_reasoned_2017_04_17_Instance_44223" type="identity">
            <class id="PR:000001195" label="short-wave-sensitive opsin 1"/>
            <span end="16489" id="16110338-16176" start="16482">S-opsin</span>
        </annotation>
        <annotation annotator="Mike Bada, University of Colorado School of Medicine" id="PR_reasoned_2017_04_17_Instance_44225" type="identity">
            <class id="PR:000016321" label="thyroid hormone receptor beta"/>
            <span end="16714" id="16110338-16178" start="16709">Thrb2</span>
        </annotation>
        <annotation annotator="Mike Bada, University of Colorado School of Medicine" id="PR_reasoned_2017_04_17_Instance_44227" type="identity">
            <class id="PR:000001224" label="medium-wave-sensitive opsin 1"/>
            <span end="16801" id="16110338-16180" start="16794">M-opsin</span>
        </annotation>
        <annotation annotator="Mike Bada, University of Colorado School of Medicine" id="PR_reasoned_2017_04_17_Instance_44229" type="identity">
            <class id="PR:000001224" label="medium-wave-sensitive opsin 1"/>
            <span end="17024" id="16110338-16182" start="17017">M-opsin</span>
        </annotation>
        <annotation annotator="Mike Bada, University of Colorado School of Medicine" id="PR_reasoned_2017_04_17_Instance_44231" type="identity">
            <class id="PR:000001224" label="medium-wave-sensitive opsin 1"/>
            <span end="17449" id="16110338-16184" start="17442">M-opsin</span>
        </annotation>
        <annotation annotator="Mike Bada, University of Colorado School of Medicine" id="PR_reasoned_2017_04_17_Instance_170328" type="identity">
            <class id="PR:000008353" label="retinal guanylyl cyclase 1"/>
            <span end="18121" id="16110338-16058" start="18115">gucy2e</span>
        </annotation>
        <annotation annotator="Mike Bada, University of Colorado School of Medicine" id="PR_reasoned_2017_04_17_Instance_44233" type="identity">
            <class id="PR:000013965" label="regulator of G-protein signaling 9"/>
            <span end="18130" id="16110338-16186" start="18126">Rgs9</span>
        </annotation>
        <annotation annotator="Mike Bada, University of Colorado School of Medicine" id="PR_reasoned_2017_04_17_Instance_44235" type="identity">
            <class id="PR:000011403" label="photoreceptor-specific nuclear receptor"/>
            <span end="18183" id="16110338-16188" start="18178">Nr2e3</span>
        </annotation>
        <annotation annotator="Mike Bada, University of Colorado School of Medicine" id="PR_reasoned_2017_04_17_Instance_44237" type="identity">
            <class id="PR:000000686" label="cGMP-gated cation channel alpha-1"/>
            <span end="18194" id="16110338-16190" start="18189">Cnga1</span>
        </annotation>
        <annotation annotator="Mike Bada, University of Colorado School of Medicine" id="PR_reasoned_2017_04_17_Instance_44239" type="identity">
            <class id="PR:000001245" label="rhodopsin"/>
            <span end="18357" id="16110338-16192" start="18348">rhodopsin</span>
        </annotation>
        <annotation annotator="Mike Bada, University of Colorado School of Medicine" id="PR_reasoned_2017_04_17_Instance_44241" type="identity">
            <class id="PR:000001245" label="rhodopsin"/>
            <span end="18362" id="16110338-16194" start="18359">Rho</span>
        </annotation>
        <annotation annotator="Mike Bada, University of Colorado School of Medicine" id="PR_reasoned_2017_04_17_Instance_44243" type="identity">
            <class id="PR:000001245" label="rhodopsin"/>
            <span end="18575" id="16110338-16196" start="18566">rhodopsin</span>
        </annotation>
        <annotation annotator="Mike Bada, University of Colorado School of Medicine" id="PR_reasoned_2017_04_17_Instance_44245" type="identity">
            <class id="PR:000001245" label="rhodopsin"/>
            <span end="18678" id="16110338-16198" start="18669">rhodopsin</span>
        </annotation>
        <annotation annotator="Mike Bada, University of Colorado School of Medicine" id="PR_reasoned_2017_04_17_Instance_44247" type="identity">
            <class id="PR:000001245" label="rhodopsin"/>
            <span end="18832" id="16110338-16200" start="18823">rhodopsin</span>
        </annotation>
        <annotation annotator="Mike Bada, University of Colorado School of Medicine" id="PR_reasoned_2017_04_17_Instance_44251" type="identity">
            <class id="PR:000005904" label="cone-rod homeobox protein"/>
            <span end="19291" id="16110338-16204" start="19288">Crx</span>
        </annotation>
        <annotation annotator="Mike Bada, University of Colorado School of Medicine" id="PR_reasoned_2017_04_17_Instance_44249" type="identity">
            <class id="PR:000011432" label="neural retina-specific leucine zipper protein"/>
            <span end="19299" id="16110338-16202" start="19296">Nrl</span>
        </annotation>
        <annotation annotator="Mike Bada, University of Colorado School of Medicine" id="PR_reasoned_2017_04_17_Instance_44253" type="identity">
            <class id="PR:000011432" label="neural retina-specific leucine zipper protein"/>
            <span end="19385" id="16110338-16206" start="19382">Nrl</span>
        </annotation>
        <annotation annotator="Mike Bada, University of Colorado School of Medicine" id="PR_reasoned_2017_04_17_Instance_44255" type="identity">
            <class id="PR:000011432" label="neural retina-specific leucine zipper protein"/>
            <span end="19566" id="16110338-16208" start="19563">Nrl</span>
        </annotation>
        <annotation annotator="Mike Bada, University of Colorado School of Medicine" id="PR_reasoned_2017_04_17_Instance_44257" type="identity">
            <class id="PR:000011403" label="photoreceptor-specific nuclear receptor"/>
            <span end="19611" id="16110338-16210" start="19606">Nr2e3</span>
        </annotation>
        <annotation annotator="Mike Bada, University of Colorado School of Medicine" id="PR_reasoned_2017_04_17_Instance_44259" type="identity">
            <class id="PR:000005904" label="cone-rod homeobox protein"/>
            <span end="19656" id="16110338-16212" start="19653">Crx</span>
        </annotation>
        <annotation annotator="Mike Bada, University of Colorado School of Medicine" id="PR_reasoned_2017_04_17_Instance_44261" type="identity">
            <class id="PR:000011432" label="neural retina-specific leucine zipper protein"/>
            <span end="19849" id="16110338-16214" start="19846">Nrl</span>
        </annotation>
        <annotation annotator="Mike Bada, University of Colorado School of Medicine" id="PR_reasoned_2017_04_17_Instance_44263" type="identity">
            <class id="PR:000011403" label="photoreceptor-specific nuclear receptor"/>
            <span end="19863" id="16110338-16216" start="19858">Nr2e3</span>
        </annotation>
        <annotation annotator="Mike Bada, University of Colorado School of Medicine" id="PR_reasoned_2017_04_17_Instance_44265" type="identity">
            <class id="PR:000005904" label="cone-rod homeobox protein"/>
            <span end="19894" id="16110338-16218" start="19891">Crx</span>
        </annotation>
        <annotation annotator="Mike Bada, University of Colorado School of Medicine" id="PR_reasoned_2017_04_17_Instance_44267" type="identity">
            <class id="PR:000011403" label="photoreceptor-specific nuclear receptor"/>
            <span end="19952" id="16110338-16220" start="19947">Nr2e3</span>
        </annotation>
        <annotation annotator="Mike Bada, University of Colorado School of Medicine" id="PR_reasoned_2017_04_17_Instance_44269" type="identity">
            <class id="PR:000011403" label="photoreceptor-specific nuclear receptor"/>
            <span end="20147" id="16110338-16222" start="20142">Nr2e3</span>
        </annotation>
        <annotation annotator="Mike Bada, University of Colorado School of Medicine" id="PR_reasoned_2017_04_17_Instance_44271" type="identity">
            <class id="PR:000011403" label="photoreceptor-specific nuclear receptor"/>
            <span end="20394" id="16110338-16224" start="20389">Nr2e3</span>
        </annotation>
        <annotation annotator="Mike Bada, University of Colorado School of Medicine" id="PR_reasoned_2017_04_17_Instance_44273" type="identity">
            <class id="PR:000001195" label="short-wave-sensitive opsin 1"/>
            <span end="22540" id="16110338-16226" start="22528">S-cone opsin</span>
        </annotation>
        <annotation annotator="Mike Bada, University of Colorado School of Medicine" id="PR_reasoned_2017_04_17_Instance_44275" type="identity">
            <class id="PR:000001195" label="short-wave-sensitive opsin 1"/>
            <span end="22720" id="16110338-16228" start="22708">S-cone opsin</span>
        </annotation>
        <annotation annotator="Mike Bada, University of Colorado School of Medicine" id="PR_reasoned_2017_04_17_Instance_44277" type="identity">
            <class id="PR:000001245" label="rhodopsin"/>
            <span end="22866" id="16110338-16230" start="22857">rhodopsin</span>
        </annotation>
        <annotation annotator="Mike Bada, University of Colorado School of Medicine" id="PR_reasoned_2017_04_17_Instance_44279" type="identity">
            <class id="PR:000001195" label="short-wave-sensitive opsin 1"/>
            <span end="23832" id="16110338-16232" start="23825">S-opsin</span>
        </annotation>
        <annotation annotator="Mike Bada, University of Colorado School of Medicine" id="PR_reasoned_2017_04_17_Instance_44281" type="identity">
            <class id="PR:000011403" label="photoreceptor-specific nuclear receptor"/>
            <span end="25289" id="16110338-16234" start="25284">Nr2e3</span>
        </annotation>
        <annotation annotator="Mike Bada, University of Colorado School of Medicine" id="PR_reasoned_2017_04_17_Instance_44283" type="identity">
            <class id="PR:000001195" label="short-wave-sensitive opsin 1"/>
            <span end="26120" id="16110338-16236" start="26113">S-opsin</span>
        </annotation>
        <annotation annotator="Mike Bada, University of Colorado School of Medicine" id="PR_reasoned_2017_04_17_Instance_44285" type="identity">
            <class id="PR:000001195" label="short-wave-sensitive opsin 1"/>
            <span end="26519" id="16110338-16238" start="26507">S-cone opsin</span>
        </annotation>
        <annotation annotator="Mike Bada, University of Colorado School of Medicine" id="PR_reasoned_2017_04_17_Instance_44287" type="identity">
            <class id="PR:000001195" label="short-wave-sensitive opsin 1"/>
            <span end="26625" id="16110338-16240" start="26618">S-opsin</span>
        </annotation>
        <annotation annotator="Mike Bada, University of Colorado School of Medicine" id="PR_reasoned_2017_04_17_Instance_44289" type="identity">
            <class id="PR:000011432" label="neural retina-specific leucine zipper protein"/>
            <span end="26803" id="16110338-16242" start="26800">Nrl</span>
        </annotation>
        <annotation annotator="Mike Bada, University of Colorado School of Medicine" id="PR_reasoned_2017_04_17_Instance_44291" type="identity">
            <class id="PR:000011432" label="neural retina-specific leucine zipper protein"/>
            <span end="26850" id="16110338-16244" start="26847">Nrl</span>
        </annotation>
        <annotation annotator="Mike Bada, University of Colorado School of Medicine" id="PR_reasoned_2017_04_17_Instance_44293" type="identity">
            <class id="PR:000001195" label="short-wave-sensitive opsin 1"/>
            <span end="26956" id="16110338-16246" start="26949">S-opsin</span>
        </annotation>
        <annotation annotator="Mike Bada, University of Colorado School of Medicine" id="PR_reasoned_2017_04_17_Instance_44295" type="identity">
            <class id="PR:000011432" label="neural retina-specific leucine zipper protein"/>
            <span end="27022" id="16110338-16248" start="27019">Nrl</span>
        </annotation>
        <annotation annotator="Mike Bada, University of Colorado School of Medicine" id="PR_reasoned_2017_04_17_Instance_44297" type="identity">
            <class id="PR:000011432" label="neural retina-specific leucine zipper protein"/>
            <span end="27113" id="16110338-16250" start="27110">Nrl</span>
        </annotation>
        <annotation annotator="Mike Bada, University of Colorado School of Medicine" id="PR_reasoned_2017_04_17_Instance_44299" type="identity">
            <class id="PR:000011403" label="photoreceptor-specific nuclear receptor"/>
            <span end="27393" id="16110338-16252" start="27388">Nr2e3</span>
        </annotation>
        <annotation annotator="Mike Bada, University of Colorado School of Medicine" id="PR_reasoned_2017_04_17_Instance_44301" type="identity">
            <class id="PR:000011432" label="neural retina-specific leucine zipper protein"/>
            <span end="27409" id="16110338-16254" start="27406">Nrl</span>
        </annotation>
        <annotation annotator="Mike Bada, University of Colorado School of Medicine" id="PR_reasoned_2017_04_17_Instance_44303" type="identity">
            <class id="PR:000001195" label="short-wave-sensitive opsin 1"/>
            <span end="27758" id="16110338-16256" start="27746">S-cone opsin</span>
        </annotation>
        <annotation annotator="Mike Bada, University of Colorado School of Medicine" id="PR_reasoned_2017_04_17_Instance_44305" type="identity">
            <class id="PR:000001195" label="short-wave-sensitive opsin 1"/>
            <span end="27911" id="16110338-16258" start="27899">S-cone opsin</span>
        </annotation>
        <annotation annotator="Mike Bada, University of Colorado School of Medicine" id="PR_reasoned_2017_04_17_Instance_44307" type="identity">
            <class id="PR:000001195" label="short-wave-sensitive opsin 1"/>
            <span end="28228" id="16110338-16260" start="28216">S-cone opsin</span>
        </annotation>
        <annotation annotator="Mike Bada, University of Colorado School of Medicine" id="PR_reasoned_2017_04_17_Instance_44309" type="identity">
            <class id="PR:000001245" label="rhodopsin"/>
            <span end="28382" id="16110338-16262" start="28373">rhodopsin</span>
        </annotation>
        <annotation annotator="Mike Bada, University of Colorado School of Medicine" id="PR_reasoned_2017_04_17_Instance_44311" type="identity">
            <class id="PR:000001245" label="rhodopsin"/>
            <span end="28474" id="16110338-16264" start="28465">rhodopsin</span>
        </annotation>
        <annotation annotator="Mike Bada, University of Colorado School of Medicine" id="PR_reasoned_2017_04_17_Instance_44313" type="identity">
            <class id="PR:000001245" label="rhodopsin"/>
            <span end="28610" id="16110338-16266" start="28601">rhodopsin</span>
        </annotation>
        <annotation annotator="Mike Bada, University of Colorado School of Medicine" id="PR_reasoned_2017_04_17_Instance_44315" type="identity">
            <class id="PR:000007037" label="elongation of very long chain fatty acids protein 2"/>
            <span end="29125" id="16110338-16268" start="29119">Elovl2</span>
        </annotation>
        <annotation annotator="Mike Bada, University of Colorado School of Medicine" id="PR_reasoned_2017_04_17_Instance_44317" type="identity">
            <class id="PR:000007315" label="fatty acid-binding protein, brain"/>
            <span end="29135" id="16110338-16270" start="29130">Fabp7</span>
        </annotation>
        <annotation annotator="Mike Bada, University of Colorado School of Medicine" id="PR_reasoned_2017_04_17_Instance_44319" type="identity">
            <class id="PR:000007037" label="elongation of very long chain fatty acids protein 2"/>
            <span end="29266" id="16110338-16272" start="29260">Elovl2</span>
        </annotation>
        <annotation annotator="Mike Bada, University of Colorado School of Medicine" id="PR_reasoned_2017_04_17_Instance_44321" type="identity">
            <class id="PR:000007315" label="fatty acid-binding protein, brain"/>
            <span end="29368" id="16110338-16274" start="29363">Fabp7</span>
        </annotation>
        <annotation annotator="Mike Bada, University of Colorado School of Medicine" id="PR_reasoned_2017_04_17_Instance_44323" type="identity">
            <class id="PR:000007315" label="fatty acid-binding protein, brain"/>
            <span end="29499" id="16110338-16276" start="29494">Fabp7</span>
        </annotation>
        <annotation annotator="Mike Bada, University of Colorado School of Medicine" id="PR_reasoned_2017_04_17_Instance_44325" type="identity">
            <class id="PR:000007315" label="fatty acid-binding protein, brain"/>
            <span end="29661" id="16110338-16278" start="29656">Fabp7</span>
        </annotation>
        <annotation annotator="Mike Bada, University of Colorado School of Medicine" id="PR_reasoned_2017_04_17_Instance_44327" type="identity">
            <class id="PR:000007315" label="fatty acid-binding protein, brain"/>
            <span end="29923" id="16110338-16280" start="29918">Fabp7</span>
        </annotation>
        <annotation annotator="Mike Bada, University of Colorado School of Medicine" id="PR_reasoned_2017_04_17_Instance_44329" type="identity">
            <class id="PR:000011432" label="neural retina-specific leucine zipper protein"/>
            <span end="29969" id="16110338-16282" start="29966">Nrl</span>
        </annotation>
        <annotation annotator="Mike Bada, University of Colorado School of Medicine" id="PR_reasoned_2017_04_17_Instance_44331" type="identity">
            <class id="PR:000005904" label="cone-rod homeobox protein"/>
            <span end="29977" id="16110338-16284" start="29974">Crx</span>
        </annotation>
        <annotation annotator="Mike Bada, University of Colorado School of Medicine" id="PR_reasoned_2017_04_17_Instance_44333" type="identity">
            <class id="PR:000011403" label="photoreceptor-specific nuclear receptor"/>
            <span end="30288" id="16110338-16286" start="30283">Nr2e3</span>
        </annotation>
        <annotation annotator="Mike Bada, University of Colorado School of Medicine" id="PR_reasoned_2017_04_17_Instance_44335" type="identity">
            <class id="PR:000011403" label="photoreceptor-specific nuclear receptor"/>
            <span end="30737" id="16110338-16288" start="30732">Nr2e3</span>
        </annotation>
        <annotation annotator="Mike Bada, University of Colorado School of Medicine" id="PR_reasoned_2017_04_17_Instance_44337" type="identity">
            <class id="PR:000011403" label="photoreceptor-specific nuclear receptor"/>
            <span end="30937" id="16110338-16290" start="30932">Nr2e3</span>
        </annotation>
        <annotation annotator="Mike Bada, University of Colorado School of Medicine" id="PR_reasoned_2017_04_17_Instance_44339" type="identity">
            <class id="PR:000011403" label="photoreceptor-specific nuclear receptor"/>
            <span end="31018" id="16110338-16292" start="31013">Nr2e3</span>
        </annotation>
        <annotation annotator="Mike Bada, University of Colorado School of Medicine" id="PR_reasoned_2017_04_17_Instance_44341" type="identity">
            <class id="PR:000011403" label="photoreceptor-specific nuclear receptor"/>
            <span end="31303" id="16110338-16294" start="31298">Nr2e3</span>
        </annotation>
        <annotation annotator="Mike Bada, University of Colorado School of Medicine" id="PR_reasoned_2017_04_17_Instance_44343" type="identity">
            <class id="PR:000011432" label="neural retina-specific leucine zipper protein"/>
            <span end="31318" id="16110338-16296" start="31315">Nrl</span>
        </annotation>
        <annotation annotator="Mike Bada, University of Colorado School of Medicine" id="PR_reasoned_2017_04_17_Instance_44345" type="identity">
            <class id="PR:000011432" label="neural retina-specific leucine zipper protein"/>
            <span end="31389" id="16110338-16298" start="31386">Nrl</span>
        </annotation>
        <annotation annotator="Mike Bada, University of Colorado School of Medicine" id="PR_reasoned_2017_04_17_Instance_44347" type="identity">
            <class id="PR:000011403" label="photoreceptor-specific nuclear receptor"/>
            <span end="31550" id="16110338-16300" start="31545">Nr2e3</span>
        </annotation>
        <annotation annotator="Mike Bada, University of Colorado School of Medicine" id="PR_reasoned_2017_04_17_Instance_44349" type="identity">
            <class id="PR:000011403" label="photoreceptor-specific nuclear receptor"/>
            <span end="31680" id="16110338-16302" start="31675">Nr2e3</span>
        </annotation>
        <annotation annotator="Mike Bada, University of Colorado School of Medicine" id="PR_reasoned_2017_04_17_Instance_44351" type="identity">
            <class id="PR:000011403" label="photoreceptor-specific nuclear receptor"/>
            <span end="31876" id="16110338-16304" start="31871">Nr2e3</span>
        </annotation>
        <annotation annotator="Mike Bada, University of Colorado School of Medicine" id="PR_reasoned_2017_04_17_Instance_44353" type="identity">
            <class id="PR:000001224" label="medium-wave-sensitive opsin 1"/>
            <span end="32104" id="16110338-16306" start="32097">M-opsin</span>
        </annotation>
        <annotation annotator="Mike Bada, University of Colorado School of Medicine" id="PR_reasoned_2017_04_17_Instance_44355" type="identity">
            <class id="PR:000016321" label="thyroid hormone receptor beta"/>
            <span end="32114" id="16110338-16308" start="32109">Thrb2</span>
        </annotation>
        <annotation annotator="Mike Bada, University of Colorado School of Medicine" id="PR_reasoned_2017_04_17_Instance_44357" type="identity">
            <class id="PR:000016321" label="thyroid hormone receptor beta"/>
            <span end="32124" id="16110338-16310" start="32119">Thrb2</span>
        </annotation>
        <annotation annotator="Mike Bada, University of Colorado School of Medicine" id="PR_reasoned_2017_04_17_Instance_44359" type="identity">
            <class id="PR:000001224" label="medium-wave-sensitive opsin 1"/>
            <span end="32178" id="16110338-16312" start="32171">M-opsin</span>
        </annotation>
        <annotation annotator="Mike Bada, University of Colorado School of Medicine" id="PR_reasoned_2017_04_17_Instance_44361" type="identity">
            <class id="PR:000001224" label="medium-wave-sensitive opsin 1"/>
            <span end="32221" id="16110338-16314" start="32214">M-opsin</span>
        </annotation>
        <annotation annotator="Mike Bada, University of Colorado School of Medicine" id="PR_reasoned_2017_04_17_Instance_44363" type="identity">
            <class id="PR:000016321" label="thyroid hormone receptor beta"/>
            <span end="32287" id="16110338-16316" start="32282">Thrb2</span>
        </annotation>
        <annotation annotator="Mike Bada, University of Colorado School of Medicine" id="PR_reasoned_2017_04_17_Instance_44365" type="identity">
            <class id="PR:000011331" label="neurogenic locus notch homolog protein 1"/>
            <span end="32464" id="16110338-16318" start="32458">Notch1</span>
        </annotation>
        <annotation annotator="Mike Bada, University of Colorado School of Medicine" id="PR_reasoned_2017_04_17_Instance_44367" type="identity">
            <class id="PR:000011331" label="neurogenic locus notch homolog protein 1"/>
            <span end="32532" id="16110338-16320" start="32526">Notch1</span>
        </annotation>
        <annotation annotator="Mike Bada, University of Colorado School of Medicine" id="PR_reasoned_2017_04_17_Instance_44369" type="identity">
            <class id="PR:000016321" label="thyroid hormone receptor beta"/>
            <span end="32577" id="16110338-16322" start="32572">Thrb2</span>
        </annotation>
        <annotation annotator="Mike Bada, University of Colorado School of Medicine" id="PR_reasoned_2017_04_17_Instance_44371" type="identity">
            <class id="PR:000001224" label="medium-wave-sensitive opsin 1"/>
            <span end="32643" id="16110338-16324" start="32636">M-opsin</span>
        </annotation>
        <annotation annotator="Mike Bada, University of Colorado School of Medicine" id="PR_reasoned_2017_04_17_Instance_44373" type="identity">
            <class id="PR:000001224" label="medium-wave-sensitive opsin 1"/>
            <span end="32694" id="16110338-16326" start="32687">M-opsin</span>
        </annotation>
        <annotation annotator="Mike Bada, University of Colorado School of Medicine" id="PR_reasoned_2017_04_17_Instance_44375" type="identity">
            <class id="PR:000001195" label="short-wave-sensitive opsin 1"/>
            <span end="32706" id="16110338-16328" start="32699">S-opsin</span>
        </annotation>
        <annotation annotator="Mike Bada, University of Colorado School of Medicine" id="PR_reasoned_2017_04_17_Instance_44377" type="identity">
            <class id="PR:000001195" label="short-wave-sensitive opsin 1"/>
            <span end="32829" id="16110338-16330" start="32822">S-opsin</span>
        </annotation>
        <annotation annotator="Mike Bada, University of Colorado School of Medicine" id="PR_reasoned_2017_04_17_Instance_44379" type="identity">
            <class id="PR:000001224" label="medium-wave-sensitive opsin 1"/>
            <span end="32841" id="16110338-16332" start="32834">M-opsin</span>
        </annotation>
        <annotation annotator="Mike Bada, University of Colorado School of Medicine" id="PR_reasoned_2017_04_17_Instance_44381" type="identity">
            <class id="PR:000001195" label="short-wave-sensitive opsin 1"/>
            <span end="32905" id="16110338-16334" start="32898">S-opsin</span>
        </annotation>
        <annotation annotator="Mike Bada, University of Colorado School of Medicine" id="PR_reasoned_2017_04_17_Instance_44383" type="identity">
            <class id="PR:000001224" label="medium-wave-sensitive opsin 1"/>
            <span end="33166" id="16110338-16336" start="33159">M-opsin</span>
        </annotation>
        <annotation annotator="Mike Bada, University of Colorado School of Medicine" id="PR_reasoned_2017_04_17_Instance_44385" type="identity">
            <class id="PR:000001224" label="medium-wave-sensitive opsin 1"/>
            <span end="33270" id="16110338-16338" start="33263">M-opsin</span>
        </annotation>
        <annotation annotator="Mike Bada, University of Colorado School of Medicine" id="PR_reasoned_2017_04_17_Instance_44387" type="identity">
            <class id="PR:000001224" label="medium-wave-sensitive opsin 1"/>
            <span end="33376" id="16110338-16340" start="33369">M-opsin</span>
        </annotation>
        <annotation annotator="Mike Bada, University of Colorado School of Medicine" id="PR_reasoned_2017_04_17_Instance_44389" type="identity">
            <class id="PR:000001224" label="medium-wave-sensitive opsin 1"/>
            <span end="33525" id="16110338-16342" start="33518">M-opsin</span>
        </annotation>
        <annotation annotator="Mike Bada, University of Colorado School of Medicine" id="PR_reasoned_2017_04_17_Instance_44391" type="identity">
            <class id="PR:000001224" label="medium-wave-sensitive opsin 1"/>
            <span end="33647" id="16110338-16344" start="33640">M-opsin</span>
        </annotation>
        <annotation annotator="Mike Bada, University of Colorado School of Medicine" id="PR_reasoned_2017_04_17_Instance_44393" type="identity">
            <class id="PR:000013522" label="glycogen phosphorylase, muscle form"/>
            <span end="33834" id="16110338-16346" start="33830">Pygm</span>
        </annotation>
        <annotation annotator="Mike Bada, University of Colorado School of Medicine" id="PR_reasoned_2017_04_17_Instance_44395" type="identity">
            <class id="PR:000008038" label="lactoylglutathione lyase"/>
            <span end="33898" id="16110338-16348" start="33894">Glo1</span>
        </annotation>
        <annotation annotator="Mike Bada, University of Colorado School of Medicine" id="PR_reasoned_2017_04_17_Instance_44397" type="identity">
            <class id="PR:000008609" label="hexokinase-2"/>
            <span end="34038" id="16110338-16350" start="34026">hexokinase 2</span>
        </annotation>
        <annotation annotator="Mike Bada, University of Colorado School of Medicine" id="PR_reasoned_2017_04_17_Instance_44399" type="identity">
            <class id="PR:000008609" label="hexokinase-2"/>
            <span end="34043" id="16110338-16352" start="34040">Hk2</span>
        </annotation>
        <annotation annotator="Mike Bada, University of Colorado School of Medicine" id="PR_reasoned_2017_04_17_Instance_44401" type="identity">
            <class id="PR:000007896" label="glucokinase regulatory protein"/>
            <span end="34297" id="16110338-16354" start="34267">glucokinase regulatory protein</span>
        </annotation>
        <annotation annotator="Mike Bada, University of Colorado School of Medicine" id="PR_reasoned_2017_04_17_Instance_44403" type="identity">
            <class id="PR:000007896" label="glucokinase regulatory protein"/>
            <span end="34303" id="16110338-16356" start="34299">Gckr</span>
        </annotation>
        <annotation annotator="Mike Bada, University of Colorado School of Medicine" id="PR_reasoned_2017_04_17_Instance_44405" type="identity">
            <class id="PR:000007896" label="glucokinase regulatory protein"/>
            <span end="34461" id="16110338-16358" start="34457">Gckr</span>
        </annotation>
        <annotation annotator="Mike Bada, University of Colorado School of Medicine" id="PR_reasoned_2017_04_17_Instance_44407" type="identity">
            <class id="PR:000013522" label="glycogen phosphorylase, muscle form"/>
            <span end="34585" id="16110338-16360" start="34581">Pygm</span>
        </annotation>
        <annotation annotator="Mike Bada, University of Colorado School of Medicine" id="PR_reasoned_2017_04_17_Instance_44409" type="identity">
            <class id="PR:000008609" label="hexokinase-2"/>
            <span end="34593" id="16110338-16362" start="34590">Hk2</span>
        </annotation>
        <annotation annotator="Mike Bada, University of Colorado School of Medicine" id="PR_reasoned_2017_04_17_Instance_44411" type="identity">
            <class id="PR:000013522" label="glycogen phosphorylase, muscle form"/>
            <span end="34965" id="16110338-16364" start="34961">Pygm</span>
        </annotation>
        <annotation annotator="Mike Bada, University of Colorado School of Medicine" id="PR_reasoned_2017_04_17_Instance_44413" type="identity">
            <class id="PR:000001195" label="short-wave-sensitive opsin 1"/>
            <span end="35404" id="16110338-16366" start="35397">S-opsin</span>
        </annotation>
        <annotation annotator="Mike Bada, University of Colorado School of Medicine" id="PR_reasoned_2017_04_17_Instance_44415" type="identity">
            <class id="PR:000011403" label="photoreceptor-specific nuclear receptor"/>
            <span end="35501" id="16110338-16368" start="35496">Nr2e3</span>
        </annotation>
        <annotation annotator="Mike Bada, University of Colorado School of Medicine" id="PR_reasoned_2017_04_17_Instance_44417" type="identity">
            <class id="PR:000011403" label="photoreceptor-specific nuclear receptor"/>
            <span end="35650" id="16110338-16370" start="35645">Nr2e3</span>
        </annotation>
        <annotation annotator="Mike Bada, University of Colorado School of Medicine" id="PR_reasoned_2017_04_17_Instance_44419" type="identity">
            <class id="PR:000001195" label="short-wave-sensitive opsin 1"/>
            <span end="35720" id="16110338-16372" start="35714">S-cone</span>
        </annotation>
        <annotation annotator="Mike Bada, University of Colorado School of Medicine" id="PR_reasoned_2017_04_17_Instance_44421" type="identity">
            <class id="PR:000011403" label="photoreceptor-specific nuclear receptor"/>
            <span end="36256" id="16110338-16374" start="36251">Nr2e3</span>
        </annotation>
        <annotation annotator="Mike Bada, University of Colorado School of Medicine" id="PR_reasoned_2017_04_17_Instance_44423" type="identity">
            <class id="PR:000001195" label="short-wave-sensitive opsin 1"/>
            <span end="36665" id="16110338-16376" start="36658">S-opsin</span>
        </annotation>
        <annotation annotator="Mike Bada, University of Colorado School of Medicine" id="PR_reasoned_2017_04_17_Instance_44425" type="identity">
            <class id="PR:000011403" label="photoreceptor-specific nuclear receptor"/>
            <span end="37396" id="16110338-16378" start="37391">Nr2e3</span>
        </annotation>
        <annotation annotator="Mike Bada, University of Colorado School of Medicine" id="PR_reasoned_2017_04_17_Instance_44427" type="identity">
            <class id="PR:000001245" label="rhodopsin"/>
            <span end="38618" id="16110338-16380" start="38609">rhodopsin</span>
        </annotation>
        <annotation annotator="Mike Bada, University of Colorado School of Medicine" id="PR_reasoned_2017_04_17_Instance_44429" type="identity">
            <class id="PR:000001195" label="short-wave-sensitive opsin 1"/>
            <span end="38639" id="16110338-16382" start="38627">S-cone opsin</span>
        </annotation>
        <annotation annotator="Mike Bada, University of Colorado School of Medicine" id="PR_reasoned_2017_04_17_Instance_44431" type="identity">
            <class id="PR:000001245" label="rhodopsin"/>
            <span end="38789" id="16110338-16384" start="38780">rhodopsin</span>
        </annotation>
        <annotation annotator="Mike Bada, University of Colorado School of Medicine" id="PR_reasoned_2017_04_17_Instance_44433" type="identity">
            <class id="PR:000011432" label="neural retina-specific leucine zipper protein"/>
            <span end="38980" id="16110338-16386" start="38977">Nrl</span>
        </annotation>
        <annotation annotator="Mike Bada, University of Colorado School of Medicine" id="PR_reasoned_2017_04_17_Instance_44435" type="identity">
            <class id="PR:000001195" label="short-wave-sensitive opsin 1"/>
            <span end="39230" id="16110338-16388" start="39223">S-opsin</span>
        </annotation>
        <annotation annotator="Mike Bada, University of Colorado School of Medicine" id="PR_reasoned_2017_04_17_Instance_44437" type="identity">
            <class id="PR:000011403" label="photoreceptor-specific nuclear receptor"/>
            <span end="39338" id="16110338-16390" start="39333">NR2E3</span>
        </annotation>
        <annotation annotator="Mike Bada, University of Colorado School of Medicine" id="PR_reasoned_2017_04_17_Instance_44439" type="identity">
            <class id="PR:000001195" label="short-wave-sensitive opsin 1"/>
            <span end="39355" id="16110338-16392" start="39348">S-opsin</span>
        </annotation>
        <annotation annotator="Mike Bada, University of Colorado School of Medicine" id="PR_reasoned_2017_04_17_Instance_44441" type="identity">
            <class id="PR:000011403" label="photoreceptor-specific nuclear receptor"/>
            <span end="40006" id="16110338-16394" start="40001">NR2E3</span>
        </annotation>
        <annotation annotator="Mike Bada, University of Colorado School of Medicine" id="PR_reasoned_2017_04_17_Instance_44443" type="identity">
            <class id="PR:000011403" label="photoreceptor-specific nuclear receptor"/>
            <span end="40381" id="16110338-16396" start="40376">NR2E3</span>
        </annotation>
        <annotation annotator="Mike Bada, University of Colorado School of Medicine" id="PR_reasoned_2017_04_17_Instance_140711" type="identity">
            <class id="PR:P10040" label="protein crumbs (fruit fly)"/>
            <span end="40823" id="16110338-16048" start="40817">crumbs</span>
        </annotation>
        <annotation annotator="Mike Bada, University of Colorado School of Medicine" id="PR_reasoned_2017_04_17_Instance_44447" type="identity">
            <class id="PR:000005848" label="protein crumbs homolog 1"/>
            <span end="40829" id="16110338-16398" start="40825">CRB1</span>
        </annotation>
        <annotation annotator="Mike Bada, University of Colorado School of Medicine" id="PR_reasoned_2017_04_17_Instance_44449" type="identity">
            <class id="PR:000005848" label="protein crumbs homolog 1"/>
            <span end="41116" id="16110338-16400" start="41112">CRB1</span>
        </annotation>
        <annotation annotator="Mike Bada, University of Colorado School of Medicine" id="PR_reasoned_2017_04_17_Instance_44451" type="identity">
            <class id="PR:000011403" label="photoreceptor-specific nuclear receptor"/>
            <span end="41149" id="16110338-16402" start="41144">NR2E3</span>
        </annotation>
        <annotation annotator="Mike Bada, University of Colorado School of Medicine" id="PR_reasoned_2017_04_17_Instance_140713" type="identity">
            <class id="PR:P10040" label="protein crumbs (fruit fly)"/>
            <span end="41301" id="16110338-16050" start="41295">crumbs</span>
        </annotation>
        <annotation annotator="Mike Bada, University of Colorado School of Medicine" id="PR_reasoned_2017_04_17_Instance_140717" type="identity">
            <class id="PR:P10040" label="protein crumbs (fruit fly)"/>
            <span end="41597" id="16110338-16054" start="41591">crumbs</span>
        </annotation>
        <annotation annotator="Mike Bada, University of Colorado School of Medicine" id="PR_reasoned_2017_04_17_Instance_140715" type="identity">
            <class id="PR:P10040" label="protein crumbs (fruit fly)"/>
            <span end="41709" id="16110338-16052" start="41703">crumbs</span>
        </annotation>
        <annotation annotator="Mike Bada, University of Colorado School of Medicine" id="PR_reasoned_2017_04_17_Instance_44459" type="identity">
            <class id="PR:000005848" label="protein crumbs homolog 1"/>
            <span end="41988" id="16110338-16404" start="41984">Crb1</span>
        </annotation>
        <annotation annotator="Mike Bada, University of Colorado School of Medicine" id="PR_reasoned_2017_04_17_Instance_44461" type="identity">
            <class id="PR:000011403" label="photoreceptor-specific nuclear receptor"/>
            <span end="42569" id="16110338-16406" start="42564">Nr2e3</span>
        </annotation>
        <annotation annotator="Mike Bada, University of Colorado School of Medicine" id="PR_reasoned_2017_04_17_Instance_170330" type="identity">
            <class id="PR:000011403" label="photoreceptor-specific nuclear receptor"/>
            <span end="42877" id="16110338-16060" start="42872">Nr2e3</span>
        </annotation>
        <annotation annotator="Mike Bada, University of Colorado School of Medicine" id="PR_reasoned_2017_04_17_Instance_44463" type="identity">
            <class id="PR:000011403" label="photoreceptor-specific nuclear receptor"/>
            <span end="43148" id="16110338-16408" start="43143">Nr2e3</span>
        </annotation>
        <annotation annotator="Mike Bada, University of Colorado School of Medicine" id="PR_reasoned_2017_04_17_Instance_44465" type="identity">
            <class id="PR:000001195" label="short-wave-sensitive opsin 1"/>
            <span end="48224" id="16110338-16410" start="48217">S-opsin</span>
        </annotation>
        <annotation annotator="Mike Bada, University of Colorado School of Medicine" id="PR_reasoned_2017_04_17_Instance_44467" type="identity">
            <class id="PR:000001195" label="short-wave-sensitive opsin 1"/>
            <span end="48423" id="16110338-16412" start="48416">S-opsin</span>
        </annotation>
        <annotation annotator="Mike Bada, University of Colorado School of Medicine" id="PR_reasoned_2017_04_17_Instance_44469" type="identity">
            <class id="PR:000001195" label="short-wave-sensitive opsin 1"/>
            <span end="48805" id="16110338-16414" start="48795">blue opsin</span>
        </annotation>
        <annotation annotator="Mike Bada, University of Colorado School of Medicine" id="PR_reasoned_2017_04_17_Instance_44471" type="identity">
            <class id="PR:000001245" label="rhodopsin"/>
            <span end="48937" id="16110338-16416" start="48928">rhodopsin</span>
        </annotation>
        <annotation annotator="Mike Bada, University of Colorado School of Medicine" id="PR_reasoned_2017_04_17_Instance_44473" type="identity">
            <class id="PR:000001195" label="short-wave-sensitive opsin 1"/>
            <span end="51217" id="16110338-16418" start="51210">S-opsin</span>
        </annotation>
        <annotation annotator="Mike Bada, University of Colorado School of Medicine" id="PR_reasoned_2017_04_17_Instance_44475" type="identity">
            <class id="PR:000001224" label="medium-wave-sensitive opsin 1"/>
            <span end="54746" id="16110338-16420" start="54739">M-Opsin</span>
        </annotation>
        <annotation annotator="Mike Bada, University of Colorado School of Medicine" id="PR_reasoned_2017_04_17_Instance_44477" type="identity">
            <class id="PR:000016321" label="thyroid hormone receptor beta"/>
            <span end="54756" id="16110338-16422" start="54751">Thrb2</span>
        </annotation>
        <annotation annotator="Mike Bada, University of Colorado School of Medicine" id="PR_reasoned_2017_04_17_Instance_44479" type="identity">
            <class id="PR:000001224" label="medium-wave-sensitive opsin 1"/>
            <span end="54779" id="16110338-16424" start="54772">M-opsin</span>
        </annotation>
        <annotation annotator="Mike Bada, University of Colorado School of Medicine" id="PR_reasoned_2017_04_17_Instance_44481" type="identity">
            <class id="PR:000001224" label="medium-wave-sensitive opsin 1"/>
            <span end="54946" id="16110338-16426" start="54939">M-opsin</span>
        </annotation>
        <annotation annotator="Mike Bada, University of Colorado School of Medicine" id="PR_reasoned_2017_04_17_Instance_44483" type="identity">
            <class id="PR:000016321" label="thyroid hormone receptor beta"/>
            <span end="54956" id="16110338-16428" start="54951">Thrb2</span>
        </annotation>
        <annotation annotator="Mike Bada, University of Colorado School of Medicine" id="PR_reasoned_2017_04_17_Instance_44485" type="identity">
            <class id="PR:000011403" label="photoreceptor-specific nuclear receptor"/>
            <span end="57185" id="16110338-16430" start="57180">Nr2e3</span>
        </annotation>
        <annotation annotator="Mike Bada, University of Colorado School of Medicine" id="PR_reasoned_2017_04_17_Instance_44487" type="identity">
            <class id="PR:000011403" label="photoreceptor-specific nuclear receptor"/>
            <span end="57600" id="16110338-16432" start="57595">Nr2e3</span>
        </annotation>
        <annotation annotator="Mike Bada, University of Colorado School of Medicine" id="PR_reasoned_2017_04_17_Instance_44489" type="identity">
            <class id="PR:000011432" label="neural retina-specific leucine zipper protein"/>
            <span end="59886" id="16110338-16434" start="59883">Nrl</span>
        </annotation>
        <annotation annotator="Mike Bada, University of Colorado School of Medicine" id="PR_reasoned_2017_04_17_Instance_44491" type="identity">
            <class id="PR:000001195" label="short-wave-sensitive opsin 1"/>
            <span end="63945" id="16110338-16436" start="63938">S-Opsin</span>
        </annotation>
        <annotation annotator="Mike Bada, University of Colorado School of Medicine" id="PR_reasoned_2017_04_17_Instance_44493" type="identity">
            <class id="PR:000001195" label="short-wave-sensitive opsin 1"/>
            <span end="63996" id="16110338-16438" start="63989">S-Opsin</span>
        </annotation>
        <annotation annotator="Mike Bada, University of Colorado School of Medicine" id="PR_reasoned_2017_04_17_Instance_44495" type="identity">
            <class id="PR:000001245" label="rhodopsin"/>
            <span end="64006" id="16110338-16440" start="63997">Rhodopsin</span>
        </annotation>
        <annotation annotator="Mike Bada, University of Colorado School of Medicine" id="PR_reasoned_2017_04_17_Instance_44497" type="identity">
            <class id="PR:000001195" label="short-wave-sensitive opsin 1"/>
            <span end="64109" id="16110338-16442" start="64102">S-opsin</span>
        </annotation>
        <annotation annotator="Mike Bada, University of Colorado School of Medicine" id="PR_reasoned_2017_04_17_Instance_44499" type="identity">
            <class id="PR:000001195" label="short-wave-sensitive opsin 1"/>
            <span end="64303" id="16110338-16444" start="64296">S-opsin</span>
        </annotation>
        <annotation annotator="Mike Bada, University of Colorado School of Medicine" id="PR_reasoned_2017_04_17_Instance_44501" type="identity">
            <class id="PR:000001245" label="rhodopsin"/>
            <span end="64323" id="16110338-16446" start="64314">rhodopsin</span>
        </annotation>
        <annotation annotator="Mike Bada, University of Colorado School of Medicine" id="PR_reasoned_2017_04_17_Instance_44505" type="identity">
            <class id="PR:000001195" label="short-wave-sensitive opsin 1"/>
            <span end="64522" id="16110338-16450" start="64515">S-opsin</span>
        </annotation>
        <annotation annotator="Mike Bada, University of Colorado School of Medicine" id="PR_reasoned_2017_04_17_Instance_44503" type="identity">
            <class id="PR:000001245" label="rhodopsin"/>
            <span end="64536" id="16110338-16448" start="64527">rhodopsin</span>
        </annotation>
        <annotation annotator="Mike Bada, University of Colorado School of Medicine" id="PR_reasoned_2017_04_17_Instance_44507" type="identity">
            <class id="PR:000004855" label="mitotic checkpoint serine/threonine-protein kinase BUB1 beta"/>
            <span end="64851" id="16110338-16452" start="64846">Bub1b</span>
        </annotation>
        <annotation annotator="Mike Bada, University of Colorado School of Medicine" id="PR_reasoned_2017_04_17_Instance_44509" type="identity">
            <class id="PR:000016206" label="T-cell leukemia translocation-altered gene protein"/>
            <span end="64860" id="16110338-16454" start="64856">Tcta</span>
        </annotation>
        <annotation annotator="Mike Bada, University of Colorado School of Medicine" id="PR_reasoned_2017_04_17_Instance_44511" type="identity">
            <class id="PR:000008099" label="guanine nucleotide-binding protein G(I)/G(S)/G(T) subunit beta-3"/>
            <span end="65107" id="16110338-16456" start="65103">Gnb3</span>
        </annotation>
        <annotation annotator="Mike Bada, University of Colorado School of Medicine" id="PR_reasoned_2017_04_17_Instance_44513" type="identity">
            <class id="PR:000016321" label="thyroid hormone receptor beta"/>
            <span end="65117" id="16110338-16458" start="65112">Thrb2</span>
        </annotation>
        <annotation annotator="Mike Bada, University of Colorado School of Medicine" id="PR_reasoned_2017_04_17_Instance_44515" type="identity">
            <class id="PR:000006874" label="endothelin-converting enzyme 1"/>
            <span end="65290" id="16110338-16460" start="65286">Ece1</span>
        </annotation>
        <annotation annotator="Mike Bada, University of Colorado School of Medicine" id="PR_reasoned_2017_04_17_Instance_44517" type="identity">
            <class id="PR:000012076" label="otopetrin-3"/>
            <span end="65300" id="16110338-16462" start="65295">Otop3</span>
        </annotation>
        <annotation annotator="Mike Bada, University of Colorado School of Medicine" id="PR_reasoned_2017_04_17_Instance_44519" type="identity">
            <class id="PR:000001831" label="PR domain zinc finger protein 1"/>
            <span end="65448" id="16110338-16464" start="65443">Prdm1</span>
        </annotation>
        <annotation annotator="Mike Bada, University of Colorado School of Medicine" id="PR_reasoned_2017_04_17_Instance_44521" type="identity">
            <class id="PR:000001831" label="PR domain zinc finger protein 1"/>
            <span end="65581" id="16110338-16466" start="65576">Prdm1</span>
        </annotation>
        <annotation annotator="Mike Bada, University of Colorado School of Medicine" id="PR_reasoned_2017_04_17_Instance_44523" type="identity">
            <class id="PR:000008099" label="guanine nucleotide-binding protein G(I)/G(S)/G(T) subunit beta-3"/>
            <span end="65812" id="16110338-16468" start="65808">Gnb3</span>
        </annotation>
        <annotation annotator="Mike Bada, University of Colorado School of Medicine" id="PR_reasoned_2017_04_17_Instance_44525" type="identity">
            <class id="PR:000001245" label="rhodopsin"/>
            <span end="65867" id="16110338-16470" start="65858">rhodopsin</span>
        </annotation>
        <annotation annotator="Mike Bada, University of Colorado School of Medicine" id="PR_reasoned_2017_04_17_Instance_44527" type="identity">
            <class id="PR:000001245" label="rhodopsin"/>
            <span end="65967" id="16110338-16472" start="65958">rhodopsin</span>
        </annotation>
        <annotation annotator="Mike Bada, University of Colorado School of Medicine" id="PR_reasoned_2017_04_17_Instance_44529" type="identity">
            <class id="PR:000012478" label="rod cGMP-specific 3',5'-cyclic phosphodiesterase subunit alpha"/>
            <span end="66141" id="16110338-16474" start="66136">Pde6a</span>
        </annotation>
        <annotation annotator="Mike Bada, University of Colorado School of Medicine" id="PR_reasoned_2017_04_17_Instance_44531" type="identity">
            <class id="PR:000001195" label="short-wave-sensitive opsin 1"/>
            <span end="66306" id="16110338-16476" start="66299">S-Opsin</span>
        </annotation>
        <annotation annotator="Mike Bada, University of Colorado School of Medicine" id="PR_reasoned_2017_04_17_Instance_44533" type="identity">
            <class id="PR:000001195" label="short-wave-sensitive opsin 1"/>
            <span end="67097" id="16110338-16478" start="67090">S-opsin</span>
        </annotation>
        <annotation annotator="Mike Bada, University of Colorado School of Medicine" id="PR_reasoned_2017_04_17_Instance_44535" type="identity">
            <class id="PR:000001195" label="short-wave-sensitive opsin 1"/>
            <span end="67250" id="16110338-16480" start="67243">S-opsin</span>
        </annotation>
        <annotation annotator="Mike Bada, University of Colorado School of Medicine" id="PR_reasoned_2017_04_17_Instance_44541" type="identity">
            <class id="PR:000011432" label="neural retina-specific leucine zipper protein"/>
            <span end="68522" id="16110338-16486" start="68519">Nrl</span>
        </annotation>
        <annotation annotator="Mike Bada, University of Colorado School of Medicine" id="PR_reasoned_2017_04_17_Instance_44537" type="identity">
            <class id="PR:000011403" label="photoreceptor-specific nuclear receptor"/>
            <span end="68668" id="16110338-16482" start="68663">Nr2e3</span>
        </annotation>
        <annotation annotator="Mike Bada, University of Colorado School of Medicine" id="PR_reasoned_2017_04_17_Instance_44539" type="identity">
            <class id="PR:000011403" label="photoreceptor-specific nuclear receptor"/>
            <span end="68855" id="16110338-16484" start="68850">Nr2e3</span>
        </annotation>
        <annotation annotator="Mike Bada, University of Colorado School of Medicine" id="PR_reasoned_2017_04_17_Instance_44543" type="identity">
            <class id="PR:000005904" label="cone-rod homeobox protein"/>
            <span end="68982" id="16110338-16488" start="68979">Crx</span>
        </annotation>
        <graph-space id="Old Knowtator Relations"/>
    </document>
</knowtator-project>
