<?xml version="1.0" encoding="UTF-8" standalone="no"?>
<knowtator-project>
    <document id="16255782" text-file="16255782.txt">
        <annotation annotator="Mike Bada, University of Colorado School of Medicine" id="PR_reasoned_2017_04_17_Instance_23311" type="identity">
            <class id="PR:000005311" label="CCAAT/enhancer-binding protein gamma"/>
            <span end="5" id="16255782-18621" start="0">CEBPG</span>
        </annotation>
        <annotation annotator="Mike Bada, University of Colorado School of Medicine" id="PR_reasoned_2017_04_17_Instance_23313" type="identity">
            <class id="PR:000005311" label="CCAAT/enhancer-binding protein gamma"/>
            <span end="1424" id="16255782-18623" start="1419">CEBPG</span>
        </annotation>
        <annotation annotator="Mike Bada, University of Colorado School of Medicine" id="PR_reasoned_2017_04_17_Instance_23315" type="identity">
            <class id="PR:000005311" label="CCAAT/enhancer-binding protein gamma"/>
            <span end="1629" id="16255782-18625" start="1624">CEBPG</span>
        </annotation>
        <annotation annotator="Mike Bada, University of Colorado School of Medicine" id="PR_reasoned_2017_04_17_Instance_23317" type="identity">
            <class id="PR:000017504" label="DNA repair protein XRCC1"/>
            <span end="1725" id="16255782-18627" start="1720">XRCC1</span>
        </annotation>
        <annotation annotator="Mike Bada, University of Colorado School of Medicine" id="PR_reasoned_2017_04_17_Instance_23319" type="identity">
            <class id="PR:000007167" label="DNA repair protein complementing XP-G cells"/>
            <span end="1732" id="16255782-18629" start="1727">ERCC5</span>
        </annotation>
        <annotation annotator="Mike Bada, University of Colorado School of Medicine" id="PR_reasoned_2017_04_17_Instance_171058" type="identity">
            <class id="PR:000029950" label="glutathione S-transferase pi"/>
            <span end="1739" id="16255782-18589" start="1734">GSTP1</span>
        </annotation>
        <annotation annotator="Mike Bada, University of Colorado School of Medicine" id="PR_reasoned_2017_04_17_Instance_23321" type="identity">
            <class id="PR:000015399" label="superoxide dismutase [Cu-Zn]"/>
            <span end="1749" id="16255782-18631" start="1745">SOD1</span>
        </annotation>
        <annotation annotator="Mike Bada, University of Colorado School of Medicine" id="PR_reasoned_2017_04_17_Instance_23323" type="identity">
            <class id="PR:000008210" label="glutathione peroxidase 1"/>
            <span end="1801" id="16255782-18633" start="1797">GPX1</span>
        </annotation>
        <annotation annotator="Mike Bada, University of Colorado School of Medicine" id="PR_reasoned_2017_04_17_Instance_23325" type="identity">
            <class id="PR:000006852" label="transcription factor E2F1"/>
            <span end="1916" id="16255782-18635" start="1912">E2F1</span>
        </annotation>
        <annotation annotator="Mike Bada, University of Colorado School of Medicine" id="PR_reasoned_2017_04_17_Instance_23327" type="identity">
            <class id="PR:000006852" label="transcription factor E2F1"/>
            <span end="1922" id="16255782-18637" start="1918">E2F1</span>
        </annotation>
        <annotation annotator="Mike Bada, University of Colorado School of Medicine" id="PR_reasoned_2017_04_17_Instance_171060" type="identity">
            <class id="PR:000029950" label="glutathione S-transferase pi"/>
            <span end="1948" id="16255782-18591" start="1943">GSTP1</span>
        </annotation>
        <annotation annotator="Mike Bada, University of Colorado School of Medicine" id="PR_reasoned_2017_04_17_Instance_23329" type="identity">
            <class id="PR:000005311" label="CCAAT/enhancer-binding protein gamma"/>
            <span end="1999" id="16255782-18639" start="1994">CEBPG</span>
        </annotation>
        <annotation annotator="Mike Bada, University of Colorado School of Medicine" id="PR_reasoned_2017_04_17_Instance_23331" type="identity">
            <class id="PR:000005311" label="CCAAT/enhancer-binding protein gamma"/>
            <span end="2142" id="16255782-18641" start="2137">CEBPG</span>
        </annotation>
        <annotation annotator="Mike Bada, University of Colorado School of Medicine" id="PR_reasoned_2017_04_17_Instance_23333" type="identity">
            <class id="PR:000005311" label="CCAAT/enhancer-binding protein gamma"/>
            <span end="2446" id="16255782-18643" start="2441">CEBPG</span>
        </annotation>
        <annotation annotator="Mike Bada, University of Colorado School of Medicine" id="PR_reasoned_2017_04_17_Instance_171062" type="identity">
            <class id="PR:000029950" label="glutathione S-transferase pi"/>
            <span end="4107" id="16255782-18593" start="4102">GSTP1</span>
        </annotation>
        <annotation annotator="Mike Bada, University of Colorado School of Medicine" id="PR_reasoned_2017_04_17_Instance_23335" type="identity">
            <class id="PR:000008210" label="glutathione peroxidase 1"/>
            <span end="4112" id="16255782-18645" start="4108">GPX1</span>
        </annotation>
        <annotation annotator="Mike Bada, University of Colorado School of Medicine" id="PR_reasoned_2017_04_17_Instance_23337" type="identity">
            <class id="PR:000008212" label="glutathione peroxidase 3"/>
            <span end="4122" id="16255782-18647" start="4118">GPX3</span>
        </annotation>
        <annotation annotator="Mike Bada, University of Colorado School of Medicine" id="PR_reasoned_2017_04_17_Instance_23339" type="identity">
            <class id="PR:000008212" label="glutathione peroxidase 3"/>
            <span end="4132" id="16255782-18649" start="4128">GPX3</span>
        </annotation>
        <annotation annotator="Mike Bada, University of Colorado School of Medicine" id="PR_reasoned_2017_04_17_Instance_23341" type="identity">
            <class id="PR:000015399" label="superoxide dismutase [Cu-Zn]"/>
            <span end="4137" id="16255782-18651" start="4133">SOD1</span>
        </annotation>
        <annotation annotator="Mike Bada, University of Colorado School of Medicine" id="PR_reasoned_2017_04_17_Instance_23345" type="identity">
            <class id="PR:000005308" label="CCAAT/enhancer-binding protein beta"/>
            <span end="10437" id="16255782-18655" start="10432">CEBPB</span>
        </annotation>
        <annotation annotator="Mike Bada, University of Colorado School of Medicine" id="PR_reasoned_2017_04_17_Instance_23347" type="identity">
            <class id="PR:000005310" label="CCAAT/enhancer-binding protein epsilon"/>
            <span end="10444" id="16255782-18657" start="10439">CEBPE</span>
        </annotation>
        <annotation annotator="Mike Bada, University of Colorado School of Medicine" id="PR_reasoned_2017_04_17_Instance_23343" type="identity">
            <class id="PR:000005311" label="CCAAT/enhancer-binding protein gamma"/>
            <span end="10451" id="16255782-18653" start="10446">CEBPG</span>
        </annotation>
        <annotation annotator="Mike Bada, University of Colorado School of Medicine" id="PR_reasoned_2017_04_17_Instance_23349" type="identity">
            <class id="PR:000006852" label="transcription factor E2F1"/>
            <span end="10457" id="16255782-18659" start="10453">E2F1</span>
        </annotation>
        <annotation annotator="Mike Bada, University of Colorado School of Medicine" id="PR_reasoned_2017_04_17_Instance_23351" type="identity">
            <class id="PR:000006854" label="transcription factor E2F3"/>
            <span end="10463" id="16255782-18661" start="10459">E2F3</span>
        </annotation>
        <annotation annotator="Mike Bada, University of Colorado School of Medicine" id="PR_reasoned_2017_04_17_Instance_23353" type="identity">
            <class id="PR:000006855" label="transcription factor E2F4"/>
            <span end="10469" id="16255782-18663" start="10465">E2F4</span>
        </annotation>
        <annotation annotator="Mike Bada, University of Colorado School of Medicine" id="PR_reasoned_2017_04_17_Instance_23355" type="identity">
            <class id="PR:000006856" label="transcription factor E2F5"/>
            <span end="10475" id="16255782-18665" start="10471">E2F5</span>
        </annotation>
        <annotation annotator="Mike Bada, University of Colorado School of Medicine" id="PR_reasoned_2017_04_17_Instance_23357" type="identity">
            <class id="PR:000006857" label="transcription factor E2F6"/>
            <span end="10481" id="16255782-18667" start="10477">E2F6</span>
        </annotation>
        <annotation annotator="Mike Bada, University of Colorado School of Medicine" id="PR_reasoned_2017_04_17_Instance_171064" type="identity">
            <class id="PR:000035849" label="MDS1 and EVI1 complex locus protein"/>
            <span end="10487" id="16255782-18595" start="10483">EVI1</span>
        </annotation>
        <annotation annotator="Mike Bada, University of Colorado School of Medicine" id="PR_reasoned_2017_04_17_Instance_23359" type="identity">
            <class id="PR:000001903" label="paired box protein PAX-5"/>
            <span end="10497" id="16255782-18669" start="10493">PAX5</span>
        </annotation>
        <annotation annotator="Mike Bada, University of Colorado School of Medicine" id="PR_reasoned_2017_04_17_Instance_23361" type="identity">
            <class id="PR:000005308" label="CCAAT/enhancer-binding protein beta"/>
            <span end="10665" id="16255782-18671" start="10660">CEBPB</span>
        </annotation>
        <annotation annotator="Mike Bada, University of Colorado School of Medicine" id="PR_reasoned_2017_04_17_Instance_23363" type="identity">
            <class id="PR:000005311" label="CCAAT/enhancer-binding protein gamma"/>
            <span end="10672" id="16255782-18673" start="10667">CEBPG</span>
        </annotation>
        <annotation annotator="Mike Bada, University of Colorado School of Medicine" id="PR_reasoned_2017_04_17_Instance_23365" type="identity">
            <class id="PR:000006852" label="transcription factor E2F1"/>
            <span end="10678" id="16255782-18675" start="10674">E2F1</span>
        </annotation>
        <annotation annotator="Mike Bada, University of Colorado School of Medicine" id="PR_reasoned_2017_04_17_Instance_23367" type="identity">
            <class id="PR:000006854" label="transcription factor E2F3"/>
            <span end="10684" id="16255782-18677" start="10680">E2F3</span>
        </annotation>
        <annotation annotator="Mike Bada, University of Colorado School of Medicine" id="PR_reasoned_2017_04_17_Instance_23369" type="identity">
            <class id="PR:000006857" label="transcription factor E2F6"/>
            <span end="10690" id="16255782-18679" start="10686">E2F6</span>
        </annotation>
        <annotation annotator="Mike Bada, University of Colorado School of Medicine" id="PR_reasoned_2017_04_17_Instance_171068" type="identity">
            <class id="PR:000035849" label="MDS1 and EVI1 complex locus protein"/>
            <span end="10699" id="16255782-18599" start="10696">EVI</span>
        </annotation>
        <annotation annotator="Mike Bada, University of Colorado School of Medicine" id="PR_reasoned_2017_04_17_Instance_23371" type="identity">
            <class id="PR:000006852" label="transcription factor E2F1"/>
            <span end="10928" id="16255782-18681" start="10924">E2F1</span>
        </annotation>
        <annotation annotator="Mike Bada, University of Colorado School of Medicine" id="PR_reasoned_2017_04_17_Instance_23373" type="identity">
            <class id="PR:000006852" label="transcription factor E2F1"/>
            <span end="11037" id="16255782-18683" start="11033">E2F1</span>
        </annotation>
        <annotation annotator="Mike Bada, University of Colorado School of Medicine" id="PR_reasoned_2017_04_17_Instance_23375" type="identity">
            <class id="PR:000005311" label="CCAAT/enhancer-binding protein gamma"/>
            <span end="11577" id="16255782-18685" start="11572">CEBPG</span>
        </annotation>
        <annotation annotator="Mike Bada, University of Colorado School of Medicine" id="PR_reasoned_2017_04_17_Instance_23377" type="identity">
            <class id="PR:000017504" label="DNA repair protein XRCC1"/>
            <span end="11649" id="16255782-18687" start="11644">XRCC1</span>
        </annotation>
        <annotation annotator="Mike Bada, University of Colorado School of Medicine" id="PR_reasoned_2017_04_17_Instance_23379" type="identity">
            <class id="PR:000007167" label="DNA repair protein complementing XP-G cells"/>
            <span end="11656" id="16255782-18689" start="11651">ERCC5</span>
        </annotation>
        <annotation annotator="Mike Bada, University of Colorado School of Medicine" id="PR_reasoned_2017_04_17_Instance_171070" type="identity">
            <class id="PR:000029950" label="glutathione S-transferase pi"/>
            <span end="11663" id="16255782-18601" start="11658">GSTP1</span>
        </annotation>
        <annotation annotator="Mike Bada, University of Colorado School of Medicine" id="PR_reasoned_2017_04_17_Instance_23381" type="identity">
            <class id="PR:000015399" label="superoxide dismutase [Cu-Zn]"/>
            <span end="11669" id="16255782-18691" start="11665">SOD1</span>
        </annotation>
        <annotation annotator="Mike Bada, University of Colorado School of Medicine" id="PR_reasoned_2017_04_17_Instance_23383" type="identity">
            <class id="PR:000008210" label="glutathione peroxidase 1"/>
            <span end="11675" id="16255782-18693" start="11671">GPX1</span>
        </annotation>
        <annotation annotator="Mike Bada, University of Colorado School of Medicine" id="PR_reasoned_2017_04_17_Instance_23385" type="identity">
            <class id="PR:000007163" label="DNA excision repair protein ERCC-1"/>
            <span end="11682" id="16255782-18695" start="11677">ERCC1</span>
        </annotation>
        <annotation annotator="Mike Bada, University of Colorado School of Medicine" id="PR_reasoned_2017_04_17_Instance_23387" type="identity">
            <class id="PR:000007164" label="TFIIH basal transcription factor complex helicase XPD subunit"/>
            <span end="11697" id="16255782-18697" start="11692">ERCC2</span>
        </annotation>
        <annotation annotator="Mike Bada, University of Colorado School of Medicine" id="PR_reasoned_2017_04_17_Instance_23389" type="identity">
            <class id="PR:000005311" label="CCAAT/enhancer-binding protein gamma"/>
            <span end="11753" id="16255782-18699" start="11748">CEBPG</span>
        </annotation>
        <annotation annotator="Mike Bada, University of Colorado School of Medicine" id="PR_reasoned_2017_04_17_Instance_23391" type="identity">
            <class id="PR:000017504" label="DNA repair protein XRCC1"/>
            <span end="11923" id="16255782-18701" start="11918">XRCC1</span>
        </annotation>
        <annotation annotator="Mike Bada, University of Colorado School of Medicine" id="PR_reasoned_2017_04_17_Instance_23393" type="identity">
            <class id="PR:000007167" label="DNA repair protein complementing XP-G cells"/>
            <span end="11930" id="16255782-18703" start="11925">ERCC5</span>
        </annotation>
        <annotation annotator="Mike Bada, University of Colorado School of Medicine" id="PR_reasoned_2017_04_17_Instance_171072" type="identity">
            <class id="PR:000029950" label="glutathione S-transferase pi"/>
            <span end="11937" id="16255782-18603" start="11932">GSTP1</span>
        </annotation>
        <annotation annotator="Mike Bada, University of Colorado School of Medicine" id="PR_reasoned_2017_04_17_Instance_23395" type="identity">
            <class id="PR:000015399" label="superoxide dismutase [Cu-Zn]"/>
            <span end="11947" id="16255782-18705" start="11943">SOD1</span>
        </annotation>
        <annotation annotator="Mike Bada, University of Colorado School of Medicine" id="PR_reasoned_2017_04_17_Instance_23397" type="identity">
            <class id="PR:000005311" label="CCAAT/enhancer-binding protein gamma"/>
            <span end="11974" id="16255782-18707" start="11969">CEBPG</span>
        </annotation>
        <annotation annotator="Mike Bada, University of Colorado School of Medicine" id="PR_reasoned_2017_04_17_Instance_23399" type="identity">
            <class id="PR:000008210" label="glutathione peroxidase 1"/>
            <span end="12098" id="16255782-18709" start="12094">GPX1</span>
        </annotation>
        <annotation annotator="Mike Bada, University of Colorado School of Medicine" id="PR_reasoned_2017_04_17_Instance_23401" type="identity">
            <class id="PR:000005311" label="CCAAT/enhancer-binding protein gamma"/>
            <span end="12157" id="16255782-18711" start="12152">CEBPG</span>
        </annotation>
        <annotation annotator="Mike Bada, University of Colorado School of Medicine" id="PR_reasoned_2017_04_17_Instance_23403" type="identity">
            <class id="PR:000017504" label="DNA repair protein XRCC1"/>
            <span end="12167" id="16255782-18713" start="12162">XRCC1</span>
        </annotation>
        <annotation annotator="Mike Bada, University of Colorado School of Medicine" id="PR_reasoned_2017_04_17_Instance_23405" type="identity">
            <class id="PR:000005311" label="CCAAT/enhancer-binding protein gamma"/>
            <span end="12277" id="16255782-18715" start="12272">CEBPG</span>
        </annotation>
        <annotation annotator="Mike Bada, University of Colorado School of Medicine" id="PR_reasoned_2017_04_17_Instance_23407" type="identity">
            <class id="PR:000017504" label="DNA repair protein XRCC1"/>
            <span end="12288" id="16255782-18717" start="12283">XRCC1</span>
        </annotation>
        <annotation annotator="Mike Bada, University of Colorado School of Medicine" id="PR_reasoned_2017_04_17_Instance_23409" type="identity">
            <class id="PR:000007167" label="DNA repair protein complementing XP-G cells"/>
            <span end="12295" id="16255782-18719" start="12290">ERCC5</span>
        </annotation>
        <annotation annotator="Mike Bada, University of Colorado School of Medicine" id="PR_reasoned_2017_04_17_Instance_171074" type="identity">
            <class id="PR:000029950" label="glutathione S-transferase pi"/>
            <span end="12302" id="16255782-18605" start="12297">GSTP1</span>
        </annotation>
        <annotation annotator="Mike Bada, University of Colorado School of Medicine" id="PR_reasoned_2017_04_17_Instance_23411" type="identity">
            <class id="PR:000015399" label="superoxide dismutase [Cu-Zn]"/>
            <span end="12308" id="16255782-18721" start="12304">SOD1</span>
        </annotation>
        <annotation annotator="Mike Bada, University of Colorado School of Medicine" id="PR_reasoned_2017_04_17_Instance_23413" type="identity">
            <class id="PR:000008210" label="glutathione peroxidase 1"/>
            <span end="12316" id="16255782-18723" start="12312">GPX1</span>
        </annotation>
        <annotation annotator="Mike Bada, University of Colorado School of Medicine" id="PR_reasoned_2017_04_17_Instance_23415" type="identity">
            <class id="PR:000005311" label="CCAAT/enhancer-binding protein gamma"/>
            <span end="12534" id="16255782-18725" start="12529">CEBPG</span>
        </annotation>
        <annotation annotator="Mike Bada, University of Colorado School of Medicine" id="PR_reasoned_2017_04_17_Instance_23417" type="identity">
            <class id="PR:000017504" label="DNA repair protein XRCC1"/>
            <span end="12591" id="16255782-18727" start="12586">XRCC1</span>
        </annotation>
        <annotation annotator="Mike Bada, University of Colorado School of Medicine" id="PR_reasoned_2017_04_17_Instance_23419" type="identity">
            <class id="PR:000007167" label="DNA repair protein complementing XP-G cells"/>
            <span end="12604" id="16255782-18729" start="12599">ERCC5</span>
        </annotation>
        <annotation annotator="Mike Bada, University of Colorado School of Medicine" id="PR_reasoned_2017_04_17_Instance_171076" type="identity">
            <class id="PR:000029950" label="glutathione S-transferase pi"/>
            <span end="12617" id="16255782-18607" start="12612">GSTP1</span>
        </annotation>
        <annotation annotator="Mike Bada, University of Colorado School of Medicine" id="PR_reasoned_2017_04_17_Instance_23421" type="identity">
            <class id="PR:000015399" label="superoxide dismutase [Cu-Zn]"/>
            <span end="12629" id="16255782-18731" start="12625">SOD1</span>
        </annotation>
        <annotation annotator="Mike Bada, University of Colorado School of Medicine" id="PR_reasoned_2017_04_17_Instance_23423" type="identity">
            <class id="PR:000008210" label="glutathione peroxidase 1"/>
            <span end="12645" id="16255782-18733" start="12641">GPX1</span>
        </annotation>
        <annotation annotator="Mike Bada, University of Colorado School of Medicine" id="PR_reasoned_2017_04_17_Instance_23425" type="identity">
            <class id="PR:000006852" label="transcription factor E2F1"/>
            <span end="12657" id="16255782-18735" start="12653">E2F1</span>
        </annotation>
        <annotation annotator="Mike Bada, University of Colorado School of Medicine" id="PR_reasoned_2017_04_17_Instance_23427" type="identity">
            <class id="PR:000006852" label="transcription factor E2F1"/>
            <span end="12816" id="16255782-18737" start="12812">E2F1</span>
        </annotation>
        <annotation annotator="Mike Bada, University of Colorado School of Medicine" id="PR_reasoned_2017_04_17_Instance_23429" type="identity">
            <class id="PR:000007167" label="DNA repair protein complementing XP-G cells"/>
            <span end="12856" id="16255782-18739" start="12851">ERCC5</span>
        </annotation>
        <annotation annotator="Mike Bada, University of Colorado School of Medicine" id="PR_reasoned_2017_04_17_Instance_171078" type="identity">
            <class id="PR:000029950" label="glutathione S-transferase pi"/>
            <span end="12863" id="16255782-18609" start="12858">GSTP1</span>
        </annotation>
        <annotation annotator="Mike Bada, University of Colorado School of Medicine" id="PR_reasoned_2017_04_17_Instance_23431" type="identity">
            <class id="PR:000015399" label="superoxide dismutase [Cu-Zn]"/>
            <span end="12872" id="16255782-18741" start="12868">SOD1</span>
        </annotation>
        <annotation annotator="Mike Bada, University of Colorado School of Medicine" id="PR_reasoned_2017_04_17_Instance_23433" type="identity">
            <class id="PR:000006852" label="transcription factor E2F1"/>
            <span end="12920" id="16255782-18743" start="12916">E2F1</span>
        </annotation>
        <annotation annotator="Mike Bada, University of Colorado School of Medicine" id="PR_reasoned_2017_04_17_Instance_171080" type="identity">
            <class id="PR:000029950" label="glutathione S-transferase pi"/>
            <span end="12946" id="16255782-18611" start="12941">GSTP1</span>
        </annotation>
        <annotation annotator="Mike Bada, University of Colorado School of Medicine" id="PR_reasoned_2017_04_17_Instance_23435" type="identity">
            <class id="PR:000017504" label="DNA repair protein XRCC1"/>
            <span end="13178" id="16255782-18745" start="13173">XRCC1</span>
        </annotation>
        <annotation annotator="Mike Bada, University of Colorado School of Medicine" id="PR_reasoned_2017_04_17_Instance_23437" type="identity">
            <class id="PR:000007167" label="DNA repair protein complementing XP-G cells"/>
            <span end="13185" id="16255782-18747" start="13180">ERCC5</span>
        </annotation>
        <annotation annotator="Mike Bada, University of Colorado School of Medicine" id="PR_reasoned_2017_04_17_Instance_171082" type="identity">
            <class id="PR:000029950" label="glutathione S-transferase pi"/>
            <span end="13192" id="16255782-18613" start="13187">GSTP1</span>
        </annotation>
        <annotation annotator="Mike Bada, University of Colorado School of Medicine" id="PR_reasoned_2017_04_17_Instance_23439" type="identity">
            <class id="PR:000015399" label="superoxide dismutase [Cu-Zn]"/>
            <span end="13198" id="16255782-18749" start="13194">SOD1</span>
        </annotation>
        <annotation annotator="Mike Bada, University of Colorado School of Medicine" id="PR_reasoned_2017_04_17_Instance_23441" type="identity">
            <class id="PR:000008210" label="glutathione peroxidase 1"/>
            <span end="13207" id="16255782-18751" start="13203">GPX1</span>
        </annotation>
        <annotation annotator="Mike Bada, University of Colorado School of Medicine" id="PR_reasoned_2017_04_17_Instance_23443" type="identity">
            <class id="PR:000006852" label="transcription factor E2F1"/>
            <span end="13294" id="16255782-18753" start="13290">E2F1</span>
        </annotation>
        <annotation annotator="Mike Bada, University of Colorado School of Medicine" id="PR_reasoned_2017_04_17_Instance_23445" type="identity">
            <class id="PR:000008307" label="maleylacetoacetate isomerase"/>
            <span end="13304" id="16255782-18755" start="13299">GSTZ1</span>
        </annotation>
        <annotation annotator="Mike Bada, University of Colorado School of Medicine" id="PR_reasoned_2017_04_17_Instance_23597" type="identity">
            <class id="PR:000008300" label="glutathione S-transferase mu 1"/>
            <span end="13352" id="16255782-18887" start="13347">GSTM1</span>
        </annotation>
        <annotation annotator="Mike Bada, University of Colorado School of Medicine" id="PR_reasoned_2017_04_17_Instance_23447" type="identity">
            <class id="PR:000007164" label="TFIIH basal transcription factor complex helicase XPD subunit"/>
            <span end="13447" id="16255782-18757" start="13442">ERCC2</span>
        </annotation>
        <annotation annotator="Mike Bada, University of Colorado School of Medicine" id="PR_reasoned_2017_04_17_Instance_23449" type="identity">
            <class id="PR:000005311" label="CCAAT/enhancer-binding protein gamma"/>
            <span end="13929" id="16255782-18759" start="13924">CEBPG</span>
        </annotation>
        <annotation annotator="Mike Bada, University of Colorado School of Medicine" id="PR_reasoned_2017_04_17_Instance_23451" type="identity">
            <class id="PR:000005311" label="CCAAT/enhancer-binding protein gamma"/>
            <span end="13994" id="16255782-18761" start="13989">CEBPG</span>
        </annotation>
        <annotation annotator="Mike Bada, University of Colorado School of Medicine" id="PR_reasoned_2017_04_17_Instance_23453" type="identity">
            <class id="PR:000005311" label="CCAAT/enhancer-binding protein gamma"/>
            <span end="14230" id="16255782-18763" start="14225">CEBPG</span>
        </annotation>
        <annotation annotator="Mike Bada, University of Colorado School of Medicine" id="PR_reasoned_2017_04_17_Instance_23455" type="identity">
            <class id="PR:000005311" label="CCAAT/enhancer-binding protein gamma"/>
            <span end="14374" id="16255782-18765" start="14369">CEBPG</span>
        </annotation>
        <annotation annotator="Mike Bada, University of Colorado School of Medicine" id="PR_reasoned_2017_04_17_Instance_23457" type="identity">
            <class id="PR:000005311" label="CCAAT/enhancer-binding protein gamma"/>
            <span end="14418" id="16255782-18767" start="14413">CEBPG</span>
        </annotation>
        <annotation annotator="Mike Bada, University of Colorado School of Medicine" id="PR_reasoned_2017_04_17_Instance_23459" type="identity">
            <class id="PR:000005311" label="CCAAT/enhancer-binding protein gamma"/>
            <span end="14469" id="16255782-18769" start="14464">CEBPG</span>
        </annotation>
        <annotation annotator="Mike Bada, University of Colorado School of Medicine" id="PR_reasoned_2017_04_17_Instance_23461" type="identity">
            <class id="PR:000005308" label="CCAAT/enhancer-binding protein beta"/>
            <span end="14683" id="16255782-18771" start="14678">CEBPB</span>
        </annotation>
        <annotation annotator="Mike Bada, University of Colorado School of Medicine" id="PR_reasoned_2017_04_17_Instance_23463" type="identity">
            <class id="PR:000005311" label="CCAAT/enhancer-binding protein gamma"/>
            <span end="14734" id="16255782-18773" start="14729">CEBPG</span>
        </annotation>
        <annotation annotator="Mike Bada, University of Colorado School of Medicine" id="PR_reasoned_2017_04_17_Instance_23465" type="identity">
            <class id="PR:000005311" label="CCAAT/enhancer-binding protein gamma"/>
            <span end="14901" id="16255782-18775" start="14896">CEBPG</span>
        </annotation>
        <annotation annotator="Mike Bada, University of Colorado School of Medicine" id="PR_reasoned_2017_04_17_Instance_23467" type="identity">
            <class id="PR:000005311" label="CCAAT/enhancer-binding protein gamma"/>
            <span end="14992" id="16255782-18777" start="14987">CEBPG</span>
        </annotation>
        <annotation annotator="Mike Bada, University of Colorado School of Medicine" id="PR_reasoned_2017_04_17_Instance_23469" type="identity">
            <class id="PR:000005311" label="CCAAT/enhancer-binding protein gamma"/>
            <span end="15320" id="16255782-18779" start="15315">CEBPG</span>
        </annotation>
        <annotation annotator="Mike Bada, University of Colorado School of Medicine" id="PR_reasoned_2017_04_17_Instance_23471" type="identity">
            <class id="PR:000005311" label="CCAAT/enhancer-binding protein gamma"/>
            <span end="15692" id="16255782-18781" start="15687">CEBPG</span>
        </annotation>
        <annotation annotator="Mike Bada, University of Colorado School of Medicine" id="PR_reasoned_2017_04_17_Instance_23473" type="identity">
            <class id="PR:000017504" label="DNA repair protein XRCC1"/>
            <span end="15699" id="16255782-18783" start="15694">XRCC1</span>
        </annotation>
        <annotation annotator="Mike Bada, University of Colorado School of Medicine" id="PR_reasoned_2017_04_17_Instance_23475" type="identity">
            <class id="PR:000007167" label="DNA repair protein complementing XP-G cells"/>
            <span end="15706" id="16255782-18785" start="15701">ERCC5</span>
        </annotation>
        <annotation annotator="Mike Bada, University of Colorado School of Medicine" id="PR_reasoned_2017_04_17_Instance_171084" type="identity">
            <class id="PR:000029950" label="glutathione S-transferase pi"/>
            <span end="15713" id="16255782-18615" start="15708">GSTP1</span>
        </annotation>
        <annotation annotator="Mike Bada, University of Colorado School of Medicine" id="PR_reasoned_2017_04_17_Instance_23477" type="identity">
            <class id="PR:000015399" label="superoxide dismutase [Cu-Zn]"/>
            <span end="15719" id="16255782-18787" start="15715">SOD1</span>
        </annotation>
        <annotation annotator="Mike Bada, University of Colorado School of Medicine" id="PR_reasoned_2017_04_17_Instance_23479" type="identity">
            <class id="PR:000008210" label="glutathione peroxidase 1"/>
            <span end="15728" id="16255782-18789" start="15724">GPX1</span>
        </annotation>
        <annotation annotator="Mike Bada, University of Colorado School of Medicine" id="PR_reasoned_2017_04_17_Instance_23481" type="identity">
            <class id="PR:000005311" label="CCAAT/enhancer-binding protein gamma"/>
            <span end="16344" id="16255782-18791" start="16339">CEBPG</span>
        </annotation>
        <annotation annotator="Mike Bada, University of Colorado School of Medicine" id="PR_reasoned_2017_04_17_Instance_23483" type="identity">
            <class id="PR:000005311" label="CCAAT/enhancer-binding protein gamma"/>
            <span end="16597" id="16255782-18793" start="16592">CEBPG</span>
        </annotation>
        <annotation annotator="Mike Bada, University of Colorado School of Medicine" id="PR_reasoned_2017_04_17_Instance_23485" type="identity">
            <class id="PR:000005311" label="CCAAT/enhancer-binding protein gamma"/>
            <span end="16908" id="16255782-18795" start="16903">CEBPG</span>
        </annotation>
        <annotation annotator="Mike Bada, University of Colorado School of Medicine" id="PR_reasoned_2017_04_17_Instance_23487" type="identity">
            <class id="PR:000005311" label="CCAAT/enhancer-binding protein gamma"/>
            <span end="17104" id="16255782-18797" start="17099">CEBPG</span>
        </annotation>
        <annotation annotator="Mike Bada, University of Colorado School of Medicine" id="PR_reasoned_2017_04_17_Instance_23489" type="identity">
            <class id="PR:000005311" label="CCAAT/enhancer-binding protein gamma"/>
            <span end="17448" id="16255782-18799" start="17443">CEBPG</span>
        </annotation>
        <annotation annotator="Mike Bada, University of Colorado School of Medicine" id="PR_reasoned_2017_04_17_Instance_23491" type="identity">
            <class id="PR:000005311" label="CCAAT/enhancer-binding protein gamma"/>
            <span end="17517" id="16255782-18801" start="17512">CEBPG</span>
        </annotation>
        <annotation annotator="Mike Bada, University of Colorado School of Medicine" id="PR_reasoned_2017_04_17_Instance_23493" type="identity">
            <class id="PR:000005311" label="CCAAT/enhancer-binding protein gamma"/>
            <span end="17710" id="16255782-18803" start="17705">CEBPG</span>
        </annotation>
        <annotation annotator="Mike Bada, University of Colorado School of Medicine" id="PR_reasoned_2017_04_17_Instance_23495" type="identity">
            <class id="PR:000005311" label="CCAAT/enhancer-binding protein gamma"/>
            <span end="17871" id="16255782-18805" start="17866">CEBPG</span>
        </annotation>
        <annotation annotator="Mike Bada, University of Colorado School of Medicine" id="PR_reasoned_2017_04_17_Instance_23497" type="identity">
            <class id="PR:000001393" label="interleukin-6"/>
            <span end="17919" id="16255782-18807" start="17915">IL-6</span>
        </annotation>
        <annotation annotator="Mike Bada, University of Colorado School of Medicine" id="PR_reasoned_2017_04_17_Instance_23499" type="identity">
            <class id="PR:000001395" label="interleukin-8"/>
            <span end="17928" id="16255782-18809" start="17924">IL-8</span>
        </annotation>
        <annotation annotator="Mike Bada, University of Colorado School of Medicine" id="PR_reasoned_2017_04_17_Instance_23501" type="identity">
            <class id="PR:000005307" label="CCAAT/enhancer-binding protein alpha"/>
            <span end="18019" id="16255782-18811" start="18014">CEBPA</span>
        </annotation>
        <annotation annotator="Mike Bada, University of Colorado School of Medicine" id="PR_reasoned_2017_04_17_Instance_23503" type="identity">
            <class id="PR:000005308" label="CCAAT/enhancer-binding protein beta"/>
            <span end="18029" id="16255782-18813" start="18024">CEBPB</span>
        </annotation>
        <annotation annotator="Mike Bada, University of Colorado School of Medicine" id="PR_reasoned_2017_04_17_Instance_23505" type="identity">
            <class id="PR:000005311" label="CCAAT/enhancer-binding protein gamma"/>
            <span end="18087" id="16255782-18815" start="18082">CEBPG</span>
        </annotation>
        <annotation annotator="Mike Bada, University of Colorado School of Medicine" id="PR_reasoned_2017_04_17_Instance_23507" type="identity">
            <class id="PR:000005311" label="CCAAT/enhancer-binding protein gamma"/>
            <span end="18126" id="16255782-18817" start="18121">CEBPG</span>
        </annotation>
        <annotation annotator="Mike Bada, University of Colorado School of Medicine" id="PR_reasoned_2017_04_17_Instance_23509" type="identity">
            <class id="PR:000005311" label="CCAAT/enhancer-binding protein gamma"/>
            <span end="18173" id="16255782-18819" start="18168">CEBPG</span>
        </annotation>
        <annotation annotator="Mike Bada, University of Colorado School of Medicine" id="PR_reasoned_2017_04_17_Instance_23511" type="identity">
            <class id="PR:000005311" label="CCAAT/enhancer-binding protein gamma"/>
            <span end="18563" id="16255782-18821" start="18558">CEBPG</span>
        </annotation>
        <annotation annotator="Mike Bada, University of Colorado School of Medicine" id="PR_reasoned_2017_04_17_Instance_23513" type="identity">
            <class id="PR:000005311" label="CCAAT/enhancer-binding protein gamma"/>
            <span end="18664" id="16255782-18823" start="18659">CEBPG</span>
        </annotation>
        <annotation annotator="Mike Bada, University of Colorado School of Medicine" id="PR_reasoned_2017_04_17_Instance_23515" type="identity">
            <class id="PR:000006852" label="transcription factor E2F1"/>
            <span end="18780" id="16255782-18825" start="18776">E2F1</span>
        </annotation>
        <annotation annotator="Mike Bada, University of Colorado School of Medicine" id="PR_reasoned_2017_04_17_Instance_23517" type="identity">
            <class id="PR:000005311" label="CCAAT/enhancer-binding protein gamma"/>
            <span end="18880" id="16255782-18827" start="18875">CEBPG</span>
        </annotation>
        <annotation annotator="Mike Bada, University of Colorado School of Medicine" id="PR_reasoned_2017_04_17_Instance_23519" type="identity">
            <class id="PR:000006852" label="transcription factor E2F1"/>
            <span end="18894" id="16255782-18829" start="18890">E2F1</span>
        </annotation>
        <annotation annotator="Mike Bada, University of Colorado School of Medicine" id="PR_reasoned_2017_04_17_Instance_23521" type="identity">
            <class id="PR:000006852" label="transcription factor E2F1"/>
            <span end="19008" id="16255782-18831" start="19004">E2F1</span>
        </annotation>
        <annotation annotator="Mike Bada, University of Colorado School of Medicine" id="PR_reasoned_2017_04_17_Instance_23523" type="identity">
            <class id="PR:000006852" label="transcription factor E2F1"/>
            <span end="19200" id="16255782-18833" start="19196">E2F1</span>
        </annotation>
        <annotation annotator="Mike Bada, University of Colorado School of Medicine" id="PR_reasoned_2017_04_17_Instance_23525" type="identity">
            <class id="PR:000006852" label="transcription factor E2F1"/>
            <span end="19469" id="16255782-18835" start="19465">E2F1</span>
        </annotation>
        <annotation annotator="Mike Bada, University of Colorado School of Medicine" id="PR_reasoned_2017_04_17_Instance_23527" type="identity">
            <class id="PR:000017504" label="DNA repair protein XRCC1"/>
            <span end="21177" id="16255782-18837" start="21172">XRCC1</span>
        </annotation>
        <annotation annotator="Mike Bada, University of Colorado School of Medicine" id="PR_reasoned_2017_04_17_Instance_23529" type="identity">
            <class id="PR:000007167" label="DNA repair protein complementing XP-G cells"/>
            <span end="21184" id="16255782-18839" start="21179">ERCC5</span>
        </annotation>
        <annotation annotator="Mike Bada, University of Colorado School of Medicine" id="PR_reasoned_2017_04_17_Instance_171091" type="identity">
            <class id="PR:000029950" label="glutathione S-transferase pi"/>
            <span end="21191" id="16255782-18617" start="21186">GSTP1</span>
        </annotation>
        <annotation annotator="Mike Bada, University of Colorado School of Medicine" id="PR_reasoned_2017_04_17_Instance_23531" type="identity">
            <class id="PR:000015399" label="superoxide dismutase [Cu-Zn]"/>
            <span end="21197" id="16255782-18841" start="21193">SOD1</span>
        </annotation>
        <annotation annotator="Mike Bada, University of Colorado School of Medicine" id="PR_reasoned_2017_04_17_Instance_23533" type="identity">
            <class id="PR:000008210" label="glutathione peroxidase 1"/>
            <span end="21207" id="16255782-18843" start="21203">GPX1</span>
        </annotation>
        <annotation annotator="Mike Bada, University of Colorado School of Medicine" id="PR_reasoned_2017_04_17_Instance_23535" type="identity">
            <class id="PR:000005311" label="CCAAT/enhancer-binding protein gamma"/>
            <span end="21216" id="16255782-18845" start="21211">CEBPG</span>
        </annotation>
        <annotation annotator="Mike Bada, University of Colorado School of Medicine" id="PR_reasoned_2017_04_17_Instance_23537" type="identity">
            <class id="PR:000005311" label="CCAAT/enhancer-binding protein gamma"/>
            <span end="22519" id="16255782-18847" start="22514">CEBPG</span>
        </annotation>
        <annotation annotator="Mike Bada, University of Colorado School of Medicine" id="PR_reasoned_2017_04_17_Instance_23539" type="identity">
            <class id="PR:000005311" label="CCAAT/enhancer-binding protein gamma"/>
            <span end="22632" id="16255782-18849" start="22627">CEBPG</span>
        </annotation>
        <annotation annotator="Mike Bada, University of Colorado School of Medicine" id="PR_reasoned_2017_04_17_Instance_23541" type="identity">
            <class id="PR:000017504" label="DNA repair protein XRCC1"/>
            <span end="24268" id="16255782-18851" start="24263">XRCC1</span>
        </annotation>
        <annotation annotator="Mike Bada, University of Colorado School of Medicine" id="PR_reasoned_2017_04_17_Instance_23543" type="identity">
            <class id="PR:000007167" label="DNA repair protein complementing XP-G cells"/>
            <span end="24275" id="16255782-18853" start="24270">ERCC5</span>
        </annotation>
        <annotation annotator="Mike Bada, University of Colorado School of Medicine" id="PR_reasoned_2017_04_17_Instance_171093" type="identity">
            <class id="PR:000029950" label="glutathione S-transferase pi"/>
            <span end="24282" id="16255782-18619" start="24277">GSTP1</span>
        </annotation>
        <annotation annotator="Mike Bada, University of Colorado School of Medicine" id="PR_reasoned_2017_04_17_Instance_23545" type="identity">
            <class id="PR:000015399" label="superoxide dismutase [Cu-Zn]"/>
            <span end="24288" id="16255782-18855" start="24284">SOD1</span>
        </annotation>
        <annotation annotator="Mike Bada, University of Colorado School of Medicine" id="PR_reasoned_2017_04_17_Instance_23547" type="identity">
            <class id="PR:000008210" label="glutathione peroxidase 1"/>
            <span end="24297" id="16255782-18857" start="24293">GPX1</span>
        </annotation>
        <annotation annotator="Mike Bada, University of Colorado School of Medicine" id="PR_reasoned_2017_04_17_Instance_23551" type="identity">
            <class id="PR:000005308" label="CCAAT/enhancer-binding protein beta"/>
            <span end="24442" id="16255782-18861" start="24437">CEBPB</span>
        </annotation>
        <annotation annotator="Mike Bada, University of Colorado School of Medicine" id="PR_reasoned_2017_04_17_Instance_23549" type="identity">
            <class id="PR:000005311" label="CCAAT/enhancer-binding protein gamma"/>
            <span end="24453" id="16255782-18859" start="24448">CEBPG</span>
        </annotation>
        <annotation annotator="Mike Bada, University of Colorado School of Medicine" id="PR_reasoned_2017_04_17_Instance_23553" type="identity">
            <class id="PR:000006852" label="transcription factor E2F1"/>
            <span end="24463" id="16255782-18863" start="24459">E2F1</span>
        </annotation>
        <annotation annotator="Mike Bada, University of Colorado School of Medicine" id="PR_reasoned_2017_04_17_Instance_23555" type="identity">
            <class id="PR:000006854" label="transcription factor E2F3"/>
            <span end="24473" id="16255782-18865" start="24469">E2F3</span>
        </annotation>
        <annotation annotator="Mike Bada, University of Colorado School of Medicine" id="PR_reasoned_2017_04_17_Instance_23557" type="identity">
            <class id="PR:000006857" label="transcription factor E2F6"/>
            <span end="24483" id="16255782-18867" start="24479">E2F6</span>
        </annotation>
        <annotation annotator="Mike Bada, University of Colorado School of Medicine" id="PR_reasoned_2017_04_17_Instance_171066" type="identity">
            <class id="PR:000035849" label="MDS1 and EVI1 complex locus protein"/>
            <span end="24493" id="16255782-18597" start="24489">EVI1</span>
        </annotation>
        <annotation annotator="Mike Bada, University of Colorado School of Medicine" id="PR_reasoned_2017_04_17_Instance_23559" type="identity">
            <class id="PR:000005311" label="CCAAT/enhancer-binding protein gamma"/>
            <span end="24576" id="16255782-18869" start="24571">CEBPG</span>
        </annotation>
        <annotation annotator="Mike Bada, University of Colorado School of Medicine" id="PR_reasoned_2017_04_17_Instance_23561" type="identity">
            <class id="PR:000005311" label="CCAAT/enhancer-binding protein gamma"/>
            <span end="24894" id="16255782-18871" start="24889">CEBPG</span>
        </annotation>
        <annotation annotator="Mike Bada, University of Colorado School of Medicine" id="PR_reasoned_2017_04_17_Instance_23563" type="identity">
            <class id="PR:000017504" label="DNA repair protein XRCC1"/>
            <span end="24905" id="16255782-18873" start="24900">XRCC1</span>
        </annotation>
        <annotation annotator="Mike Bada, University of Colorado School of Medicine" id="PR_reasoned_2017_04_17_Instance_23567" type="identity">
            <class id="PR:000005311" label="CCAAT/enhancer-binding protein gamma"/>
            <span end="24919" id="16255782-18877" start="24914">CEBPG</span>
        </annotation>
        <annotation annotator="Mike Bada, University of Colorado School of Medicine" id="PR_reasoned_2017_04_17_Instance_23565" type="identity">
            <class id="PR:000017504" label="DNA repair protein XRCC1"/>
            <span end="24925" id="16255782-18875" start="24920">XRCC1</span>
        </annotation>
        <annotation annotator="Mike Bada, University of Colorado School of Medicine" id="PR_reasoned_2017_04_17_Instance_23569" type="identity">
            <class id="PR:000003676" label="actin, cytoplasmic 1"/>
            <span end="25770" id="16255782-18879" start="25763">β-actin</span>
        </annotation>
        <annotation annotator="Mike Bada, University of Colorado School of Medicine" id="PR_reasoned_2017_04_17_Instance_23571" type="identity">
            <class id="PR:000006852" label="transcription factor E2F1"/>
            <span end="26411" id="16255782-18881" start="26407">E2F1</span>
        </annotation>
        <annotation annotator="Mike Bada, University of Colorado School of Medicine" id="PR_reasoned_2017_04_17_Instance_23573" type="identity">
            <class id="PR:000006852" label="transcription factor E2F1"/>
            <span end="26681" id="16255782-18883" start="26677">E2F1</span>
        </annotation>
        <annotation annotator="Mike Bada, University of Colorado School of Medicine" id="PR_reasoned_2017_04_17_Instance_23575" type="identity">
            <class id="PR:000006852" label="transcription factor E2F1"/>
            <span end="27626" id="16255782-18885" start="27622">E2F1</span>
        </annotation>
        <graph-space id="Old Knowtator Relations"/>
    </document>
</knowtator-project>
