<?xml version="1.0" encoding="UTF-8" standalone="no"?>
<knowtator-project>
  <document id="16279840" text-file="16279840.txt">
    <annotation annotator="Mike Bada, University of Colorado School of Medicine" id="PR_reasoned_2017_04_17_Instance_23599" type="identity">
      <class id="PR:000004168" label="amyloid beta A4 protein"/>
      <span end="224" id="16279840-18926" start="199">amyloid precursor protein</span>
    </annotation>
    <annotation annotator="Mike Bada, University of Colorado School of Medicine" id="PR_reasoned_2017_04_17_Instance_23601" type="identity">
      <class id="PR:000004168" label="amyloid beta A4 protein"/>
      <span end="229" id="16279840-18928" start="226">APP</span>
    </annotation>
    <annotation annotator="Mike Bada, University of Colorado School of Medicine" id="PR_reasoned_2017_04_17_Instance_23603" type="identity">
      <class id="PR:000004168" label="amyloid beta A4 protein"/>
      <span end="889" id="16279840-18930" start="886">APP</span>
    </annotation>
    <annotation annotator="Mike Bada, University of Colorado School of Medicine" id="PR_reasoned_2017_04_17_Instance_23605" type="identity">
      <class id="PR:000004168" label="amyloid beta A4 protein"/>
      <span end="995" id="16279840-18932" start="992">APP</span>
    </annotation>
    <annotation annotator="Mike Bada, University of Colorado School of Medicine" id="PR_reasoned_2017_04_17_Instance_23607" type="identity">
      <class id="PR:000004168" label="amyloid beta A4 protein"/>
      <span end="1104" id="16279840-18934" start="1101">APP</span>
    </annotation>
    <annotation annotator="Mike Bada, University of Colorado School of Medicine" id="PR_reasoned_2017_04_17_Instance_23609" type="identity">
      <class id="PR:000004168" label="amyloid beta A4 protein"/>
      <span end="1477" id="16279840-18936" start="1474">APP</span>
    </annotation>
    <annotation annotator="Mike Bada, University of Colorado School of Medicine" id="PR_reasoned_2017_04_17_Instance_23611" type="identity">
      <class id="PR:000004168" label="amyloid beta A4 protein"/>
      <span end="2395" id="16279840-18938" start="2370">amyloid precursor protein</span>
    </annotation>
    <annotation annotator="Mike Bada, University of Colorado School of Medicine" id="PR_reasoned_2017_04_17_Instance_23613" type="identity">
      <class id="PR:000004168" label="amyloid beta A4 protein"/>
      <span end="2400" id="16279840-18940" start="2397">APP</span>
    </annotation>
    <annotation annotator="Mike Bada, University of Colorado School of Medicine" id="PR_reasoned_2017_04_17_Instance_23617" type="identity">
      <class id="PR:000013345" label="presenilin-2"/>
      <span end="2444" id="16279840-18944" start="2433">presenilins</span>
      <span end="2452" id="16279840-18945" start="2451">2</span>
    </annotation>
    <annotation annotator="Mike Bada, University of Colorado School of Medicine" id="PR_reasoned_2017_04_17_Instance_23615" type="identity">
      <class id="PR:000013344" label="presenilin-1"/>
      <span end="2446" id="16279840-18942" start="2433">presenilins 1</span>
    </annotation>
    <annotation annotator="Mike Bada, University of Colorado School of Medicine" id="PR_reasoned_2017_04_17_Instance_23619" type="identity">
      <class id="PR:000004168" label="amyloid beta A4 protein"/>
      <span end="2542" id="16279840-18947" start="2539">APP</span>
    </annotation>
    <annotation annotator="Mike Bada, University of Colorado School of Medicine" id="PR_reasoned_2017_04_17_Instance_23621" type="identity">
      <class id="PR:000004168" label="amyloid beta A4 protein"/>
      <span end="3640" id="16279840-18949" start="3637">APP</span>
    </annotation>
    <annotation annotator="Mike Bada, University of Colorado School of Medicine" id="PR_reasoned_2017_04_17_Instance_23623" type="identity">
      <class id="PR:000004168" label="amyloid beta A4 protein"/>
      <span end="3673" id="16279840-18951" start="3670">APP</span>
    </annotation>
    <annotation annotator="Mike Bada, University of Colorado School of Medicine" id="PR_reasoned_2017_04_17_Instance_23625" type="identity">
      <class id="PR:000004615" label="beta-secretase 1"/>
      <span end="3731" id="16279840-18953" start="3708">β-APP cleaving enzyme 1</span>
    </annotation>
    <annotation annotator="Mike Bada, University of Colorado School of Medicine" id="PR_reasoned_2017_04_17_Instance_23627" type="identity">
      <class id="PR:000004615" label="beta-secretase 1"/>
      <span end="3738" id="16279840-18955" start="3733">BACE1</span>
    </annotation>
    <annotation annotator="Mike Bada, University of Colorado School of Medicine" id="PR_reasoned_2017_04_17_Instance_23629" type="identity">
      <class id="PR:000004615" label="beta-secretase 1"/>
      <span end="3955" id="16279840-18957" start="3932">β-APP cleaving enzyme 1</span>
    </annotation>
    <annotation annotator="Mike Bada, University of Colorado School of Medicine" id="PR_reasoned_2017_04_17_Instance_23637" type="identity">
      <class id="PR:000004615" label="beta-secretase 1"/>
      <span end="4147" id="16279840-18959" start="4124">β-APP cleaving enzyme 1</span>
    </annotation>
    <annotation annotator="Mike Bada, University of Colorado School of Medicine" id="PR_reasoned_2017_04_17_Instance_23639" type="identity">
      <class id="PR:000004168" label="amyloid beta A4 protein"/>
      <span end="4736" id="16279840-18961" start="4733">APP</span>
    </annotation>
    <annotation annotator="Mike Bada, University of Colorado School of Medicine" id="PR_reasoned_2017_04_17_Instance_171103" type="identity">
      <class id="PR:P04925" label="major prion protein (mouse)"/>
      <span end="5458" id="16279840-18908" start="5453">moPrP</span>
    </annotation>
    <annotation annotator="Mike Bada, University of Colorado School of Medicine" id="PR_reasoned_2017_04_17_Instance_171095" type="identity">
      <class id="PR:000004168" label="amyloid beta A4 protein"/>
      <span end="5648" id="16279840-18906" start="5645">APP</span>
    </annotation>
    <annotation annotator="Mike Bada, University of Colorado School of Medicine" id="PR_reasoned_2017_04_17_Instance_140498" type="identity">
      <class id="PR:P23940" label="type-2 restriction enzyme BamHI (Bacillus amyloliquefaciens)"/>
      <span end="5846" id="16279840-18894" start="5841">BamHI</span>
    </annotation>
    <annotation annotator="Mike Bada, University of Colorado School of Medicine" id="PR_reasoned_2017_04_17_Instance_140500" type="identity">
      <class id="PR:P23940" label="type-2 restriction enzyme BamHI (Bacillus amyloliquefaciens)"/>
      <span end="5887" id="16279840-18896" start="5882">BamHI</span>
    </annotation>
    <annotation annotator="Mike Bada, University of Colorado School of Medicine" id="PR_reasoned_2017_04_17_Instance_140502" type="identity">
      <class id="PR:P23940" label="type-2 restriction enzyme BamHI (Bacillus amyloliquefaciens)"/>
      <span end="5939" id="16279840-18898" start="5934">BamHI</span>
    </annotation>
    <annotation annotator="Mike Bada, University of Colorado School of Medicine" id="PR_reasoned_2017_04_17_Instance_171105" type="identity">
      <class id="PR:P04925" label="major prion protein (mouse)"/>
      <span end="6112" id="16279840-18910" start="6107">moPrP</span>
    </annotation>
    <annotation annotator="Mike Bada, University of Colorado School of Medicine" id="PR_reasoned_2017_04_17_Instance_140504" type="identity">
      <class id="PR:P23940" label="type-2 restriction enzyme BamHI (Bacillus amyloliquefaciens)"/>
      <span end="6183" id="16279840-18900" start="6178">BamHI</span>
    </annotation>
    <annotation annotator="Mike Bada, University of Colorado School of Medicine" id="PR_reasoned_2017_04_17_Instance_171107" type="identity">
      <class id="PR:P04925" label="major prion protein (mouse)"/>
      <span end="6548" id="16279840-18912" start="6543">moPrP</span>
    </annotation>
    <annotation annotator="Mike Bada, University of Colorado School of Medicine" id="PR_reasoned_2017_04_17_Instance_140506" type="identity">
      <class id="PR:P23940" label="type-2 restriction enzyme BamHI (Bacillus amyloliquefaciens)"/>
      <span end="6743" id="16279840-18902" start="6738">BamHI</span>
    </annotation>
    <annotation annotator="Mike Bada, University of Colorado School of Medicine" id="PR_reasoned_2017_04_17_Instance_140508" type="identity">
      <class id="PR:P23940" label="type-2 restriction enzyme BamHI (Bacillus amyloliquefaciens)"/>
      <span end="6821" id="16279840-18904" start="6816">BamHI</span>
    </annotation>
    <annotation annotator="Mike Bada, University of Colorado School of Medicine" id="PR_reasoned_2017_04_17_Instance_171109" type="identity">
      <class id="PR:P04925" label="major prion protein (mouse)"/>
      <span end="7013" id="16279840-18914" start="7008">moPrP</span>
    </annotation>
    <annotation annotator="Mike Bada, University of Colorado School of Medicine" id="PR_reasoned_2017_04_17_Instance_171111" type="identity">
      <class id="PR:P04925" label="major prion protein (mouse)"/>
      <span end="7725" id="16279840-18916" start="7720">moPrP</span>
    </annotation>
    <annotation annotator="Mike Bada, University of Colorado School of Medicine" id="PR_reasoned_2017_04_17_Instance_171113" type="identity">
      <class id="PR:P04925" label="major prion protein (mouse)"/>
      <span end="7861" id="16279840-18918" start="7856">moPrP</span>
    </annotation>
    <annotation annotator="Mike Bada, University of Colorado School of Medicine" id="PR_reasoned_2017_04_17_Instance_23641" type="identity">
      <class id="PR:000001886" label="major prion protein"/>
      <span end="8175" id="16279840-18963" start="8172">PrP</span>
    </annotation>
    <annotation annotator="Mike Bada, University of Colorado School of Medicine" id="PR_reasoned_2017_04_17_Instance_23643" type="identity">
      <class id="PR:000001886" label="major prion protein"/>
      <span end="8181" id="16279840-18965" start="8178">PrP</span>
    </annotation>
    <annotation annotator="Mike Bada, University of Colorado School of Medicine" id="PR_reasoned_2017_04_17_Instance_23649" type="identity">
      <class id="PR:000003199" label="calcium/calmodulin-dependent protein kinase type II subunit alpha"/>
      <span end="8358" id="16279840-18971" start="8329">calcium-calmodulin kinase IIα</span>
    </annotation>
    <annotation annotator="Mike Bada, University of Colorado School of Medicine" id="PR_reasoned_2017_04_17_Instance_23651" type="identity">
      <class id="PR:000003199" label="calcium/calmodulin-dependent protein kinase type II subunit alpha"/>
      <span end="8367" id="16279840-18973" start="8360">CaMKIIα</span>
    </annotation>
    <annotation annotator="Mike Bada, University of Colorado School of Medicine" id="PR_reasoned_2017_04_17_Instance_23653" type="identity">
      <class id="PR:000003199" label="calcium/calmodulin-dependent protein kinase type II subunit alpha"/>
      <span end="8482" id="16279840-18975" start="8476">Camk2a</span>
    </annotation>
    <annotation annotator="Mike Bada, University of Colorado School of Medicine" id="PR_reasoned_2017_04_17_Instance_23645" type="identity">
      <class id="PR:000004168" label="amyloid beta A4 protein"/>
      <span end="8573" id="16279840-18967" start="8570">APP</span>
    </annotation>
    <annotation annotator="Mike Bada, University of Colorado School of Medicine" id="PR_reasoned_2017_04_17_Instance_23647" type="identity">
      <class id="PR:000004168" label="amyloid beta A4 protein"/>
      <span end="8608" id="16279840-18969" start="8605">APP</span>
    </annotation>
    <annotation annotator="Mike Bada, University of Colorado School of Medicine" id="PR_reasoned_2017_04_17_Instance_23655" type="identity">
      <class id="PR:000004168" label="amyloid beta A4 protein"/>
      <span end="9707" id="16279840-18977" start="9704">APP</span>
    </annotation>
    <annotation annotator="Mike Bada, University of Colorado School of Medicine" id="PR_reasoned_2017_04_17_Instance_23657" type="identity">
      <class id="PR:000004168" label="amyloid beta A4 protein"/>
      <span end="9799" id="16279840-18979" start="9796">APP</span>
    </annotation>
    <annotation annotator="Mike Bada, University of Colorado School of Medicine" id="PR_reasoned_2017_04_17_Instance_23659" type="identity">
      <class id="PR:000004168" label="amyloid beta A4 protein"/>
      <span end="9871" id="16279840-18981" start="9868">APP</span>
    </annotation>
    <annotation annotator="Mike Bada, University of Colorado School of Medicine" id="PR_reasoned_2017_04_17_Instance_23661" type="identity">
      <class id="PR:000001886" label="major prion protein"/>
      <span end="9937" id="16279840-18983" start="9934">PrP</span>
    </annotation>
    <annotation annotator="Mike Bada, University of Colorado School of Medicine" id="PR_reasoned_2017_04_17_Instance_171119" type="identity">
      <class id="PR:P04483" label="tetracycline repressor protein class B from transposon Tn10 (Escherichia coli)"/>
      <span end="10144" id="16279840-18920" start="10140">Tn10</span>
    </annotation>
    <annotation annotator="Mike Bada, University of Colorado School of Medicine" id="PR_reasoned_2017_04_17_Instance_130010" type="identity">
      <class id="PR:P06492" label="tegument protein VP16 (Herpes simplex virus type 1 strain 17)"/>
      <span end="10237" id="16279840-18892" start="10233">VP16</span>
    </annotation>
    <annotation annotator="Mike Bada, University of Colorado School of Medicine" id="PR_reasoned_2017_04_17_Instance_23663" type="identity">
      <class id="PR:000001886" label="major prion protein"/>
      <span end="10370" id="16279840-18985" start="10357">prion protein</span>
    </annotation>
    <annotation annotator="Mike Bada, University of Colorado School of Medicine" id="PR_reasoned_2017_04_17_Instance_23665" type="identity">
      <class id="PR:000001886" label="major prion protein"/>
      <span end="10432" id="16279840-18987" start="10429">PrP</span>
    </annotation>
    <annotation annotator="Mike Bada, University of Colorado School of Medicine" id="PR_reasoned_2017_04_17_Instance_23667" type="identity">
      <class id="PR:000001886" label="major prion protein"/>
      <span end="10463" id="16279840-18989" start="10460">PrP</span>
    </annotation>
    <annotation annotator="Mike Bada, University of Colorado School of Medicine" id="PR_reasoned_2017_04_17_Instance_23669" type="identity">
      <class id="PR:000001886" label="major prion protein"/>
      <span end="10541" id="16279840-18991" start="10538">PrP</span>
    </annotation>
    <annotation annotator="Mike Bada, University of Colorado School of Medicine" id="PR_reasoned_2017_04_17_Instance_23671" type="identity">
      <class id="PR:000001886" label="major prion protein"/>
      <span end="10590" id="16279840-18993" start="10587">PrP</span>
    </annotation>
    <annotation annotator="Mike Bada, University of Colorado School of Medicine" id="PR_reasoned_2017_04_17_Instance_23673" type="identity">
      <class id="PR:000001886" label="major prion protein"/>
      <span end="10810" id="16279840-18995" start="10807">PrP</span>
    </annotation>
    <annotation annotator="Mike Bada, University of Colorado School of Medicine" id="PR_reasoned_2017_04_17_Instance_23675" type="identity">
      <class id="PR:000004168" label="amyloid beta A4 protein"/>
      <span end="10824" id="16279840-18997" start="10821">APP</span>
    </annotation>
    <annotation annotator="Mike Bada, University of Colorado School of Medicine" id="PR_reasoned_2017_04_17_Instance_23677" type="identity">
      <class id="PR:000015399" label="superoxide dismutase [Cu-Zn]"/>
      <span end="12414" id="16279840-18999" start="12392">superoxide dismutase 1</span>
    </annotation>
    <annotation annotator="Mike Bada, University of Colorado School of Medicine" id="PR_reasoned_2017_04_17_Instance_171121" type="identity">
      <class id="PR:P00441" label="superoxide dismutase [Cu-Zn] (human)"/>
      <span end="12423" id="16279840-18922" start="12418">hSOD1</span>
    </annotation>
    <annotation annotator="Mike Bada, University of Colorado School of Medicine" id="PR_reasoned_2017_04_17_Instance_23679" type="identity">
      <class id="PR:000007939" label="glial fibrillary acidic protein"/>
      <span end="16049" id="16279840-19001" start="16018">glial fibrillary acidic protein</span>
    </annotation>
    <annotation annotator="Mike Bada, University of Colorado School of Medicine" id="PR_reasoned_2017_04_17_Instance_23681" type="identity">
      <class id="PR:000007939" label="glial fibrillary acidic protein"/>
      <span end="16744" id="16279840-19003" start="16713">glial fibrillary acidic protein</span>
    </annotation>
    <annotation annotator="Mike Bada, University of Colorado School of Medicine" id="PR_reasoned_2017_04_17_Instance_23683" type="identity">
      <class id="PR:000007939" label="glial fibrillary acidic protein"/>
      <span end="16750" id="16279840-19005" start="16746">GFAP</span>
    </annotation>
    <annotation annotator="Mike Bada, University of Colorado School of Medicine" id="PR_reasoned_2017_04_17_Instance_23685" type="identity">
      <class id="PR:000007939" label="glial fibrillary acidic protein"/>
      <span end="17211" id="16279840-19007" start="17207">GFAP</span>
    </annotation>
    <annotation annotator="Mike Bada, University of Colorado School of Medicine" id="PR_reasoned_2017_04_17_Instance_190241" type="identity">
      <class id="PR:000029158" label="immunoglobulin G-binding protein A"/>
      <span end="18143" id="16279840-18924" start="18134">protein A</span>
    </annotation>
    <annotation annotator="Mike Bada, University of Colorado School of Medicine" id="PR_reasoned_2017_04_17_Instance_23687" type="identity">
      <class id="PR:000003199" label="calcium/calmodulin-dependent protein kinase type II subunit alpha"/>
      <span end="19731" id="16279840-19009" start="19724">CaMKIIα</span>
    </annotation>
    <annotation annotator="Mike Bada, University of Colorado School of Medicine" id="PR_reasoned_2017_04_17_Instance_23689" type="identity">
      <class id="PR:000004168" label="amyloid beta A4 protein"/>
      <span end="21092" id="16279840-19011" start="21089">APP</span>
    </annotation>
    <annotation annotator="Mike Bada, University of Colorado School of Medicine" id="PR_reasoned_2017_04_17_Instance_23691" type="identity">
      <class id="PR:000003199" label="calcium/calmodulin-dependent protein kinase type II subunit alpha"/>
      <span end="21203" id="16279840-19013" start="21196">CaMKIIα</span>
    </annotation>
    <annotation annotator="Mike Bada, University of Colorado School of Medicine" id="PR_reasoned_2017_04_17_Instance_23693" type="identity">
      <class id="PR:000004168" label="amyloid beta A4 protein"/>
      <span end="21439" id="16279840-19015" start="21436">APP</span>
    </annotation>
    <annotation annotator="Mike Bada, University of Colorado School of Medicine" id="PR_reasoned_2017_04_17_Instance_23695" type="identity">
      <class id="PR:000004168" label="amyloid beta A4 protein"/>
      <span end="21601" id="16279840-19017" start="21598">APP</span>
    </annotation>
    <annotation annotator="Mike Bada, University of Colorado School of Medicine" id="PR_reasoned_2017_04_17_Instance_23697" type="identity">
      <class id="PR:000004168" label="amyloid beta A4 protein"/>
      <span end="21719" id="16279840-19019" start="21716">APP</span>
    </annotation>
    <annotation annotator="Mike Bada, University of Colorado School of Medicine" id="PR_reasoned_2017_04_17_Instance_23699" type="identity">
      <class id="PR:000004168" label="amyloid beta A4 protein"/>
      <span end="21759" id="16279840-19021" start="21756">APP</span>
    </annotation>
    <annotation annotator="Mike Bada, University of Colorado School of Medicine" id="PR_reasoned_2017_04_17_Instance_23701" type="identity">
      <class id="PR:000004168" label="amyloid beta A4 protein"/>
      <span end="21818" id="16279840-19023" start="21815">APP</span>
    </annotation>
    <annotation annotator="Mike Bada, University of Colorado School of Medicine" id="PR_reasoned_2017_04_17_Instance_23703" type="identity">
      <class id="PR:000004137" label="amyloid-like protein 2"/>
      <span end="21856" id="16279840-19025" start="21824">amyloid precursor-like protein 2</span>
    </annotation>
    <annotation annotator="Mike Bada, University of Colorado School of Medicine" id="PR_reasoned_2017_04_17_Instance_23705" type="identity">
      <class id="PR:000004168" label="amyloid beta A4 protein"/>
      <span end="21972" id="16279840-19027" start="21969">APP</span>
    </annotation>
    <annotation annotator="Mike Bada, University of Colorado School of Medicine" id="PR_reasoned_2017_04_17_Instance_23707" type="identity">
      <class id="PR:000004168" label="amyloid beta A4 protein"/>
      <span end="22601" id="16279840-19029" start="22598">APP</span>
    </annotation>
    <annotation annotator="Mike Bada, University of Colorado School of Medicine" id="PR_reasoned_2017_04_17_Instance_23709" type="identity">
      <class id="PR:000004168" label="amyloid beta A4 protein"/>
      <span end="22675" id="16279840-19031" start="22672">APP</span>
    </annotation>
    <annotation annotator="Mike Bada, University of Colorado School of Medicine" id="PR_reasoned_2017_04_17_Instance_23711" type="identity">
      <class id="PR:000004168" label="amyloid beta A4 protein"/>
      <span end="23019" id="16279840-19033" start="23016">APP</span>
    </annotation>
    <annotation annotator="Mike Bada, University of Colorado School of Medicine" id="PR_reasoned_2017_04_17_Instance_23713" type="identity">
      <class id="PR:000004168" label="amyloid beta A4 protein"/>
      <span end="25377" id="16279840-19035" start="25374">APP</span>
    </annotation>
    <annotation annotator="Mike Bada, University of Colorado School of Medicine" id="PR_reasoned_2017_04_17_Instance_23715" type="identity">
      <class id="PR:000003199" label="calcium/calmodulin-dependent protein kinase type II subunit alpha"/>
      <span end="25937" id="16279840-19037" start="25930">CaMKIIα</span>
    </annotation>
    <annotation annotator="Mike Bada, University of Colorado School of Medicine" id="PR_reasoned_2017_04_17_Instance_23717" type="identity">
      <class id="PR:000003199" label="calcium/calmodulin-dependent protein kinase type II subunit alpha"/>
      <span end="26224" id="16279840-19039" start="26217">CaMKIIα</span>
    </annotation>
    <annotation annotator="Mike Bada, University of Colorado School of Medicine" id="PR_reasoned_2017_04_17_Instance_23719" type="identity">
      <class id="PR:000003199" label="calcium/calmodulin-dependent protein kinase type II subunit alpha"/>
      <span end="26487" id="16279840-19041" start="26480">CaMKIIα</span>
    </annotation>
    <annotation annotator="Mike Bada, University of Colorado School of Medicine" id="PR_reasoned_2017_04_17_Instance_23721" type="identity">
      <class id="PR:000004168" label="amyloid beta A4 protein"/>
      <span end="26619" id="16279840-19043" start="26616">APP</span>
    </annotation>
    <annotation annotator="Mike Bada, University of Colorado School of Medicine" id="PR_reasoned_2017_04_17_Instance_23723" type="identity">
      <class id="PR:000004168" label="amyloid beta A4 protein"/>
      <span end="26734" id="16279840-19045" start="26731">APP</span>
    </annotation>
    <annotation annotator="Mike Bada, University of Colorado School of Medicine" id="PR_reasoned_2017_04_17_Instance_23725" type="identity">
      <class id="PR:000004168" label="amyloid beta A4 protein"/>
      <span end="26839" id="16279840-19047" start="26836">APP</span>
    </annotation>
    <annotation annotator="Mike Bada, University of Colorado School of Medicine" id="PR_reasoned_2017_04_17_Instance_23727" type="identity">
      <class id="PR:000004168" label="amyloid beta A4 protein"/>
      <span end="27022" id="16279840-19049" start="27019">APP</span>
    </annotation>
    <annotation annotator="Mike Bada, University of Colorado School of Medicine" id="PR_reasoned_2017_04_17_Instance_23729" type="identity">
      <class id="PR:000001843" label="Thy-1 membrane glycoprotein"/>
      <span end="27036" id="16279840-19051" start="27031">Thy-1</span>
    </annotation>
    <annotation annotator="Mike Bada, University of Colorado School of Medicine" id="PR_reasoned_2017_04_17_Instance_23731" type="identity">
      <class id="PR:000004168" label="amyloid beta A4 protein"/>
      <span end="27142" id="16279840-19053" start="27139">APP</span>
    </annotation>
    <annotation annotator="Mike Bada, University of Colorado School of Medicine" id="PR_reasoned_2017_04_17_Instance_23733" type="identity">
      <class id="PR:000004168" label="amyloid beta A4 protein"/>
      <span end="27283" id="16279840-19055" start="27280">APP</span>
    </annotation>
    <annotation annotator="Mike Bada, University of Colorado School of Medicine" id="PR_reasoned_2017_04_17_Instance_23737" type="identity">
      <class id="PR:000003199" label="calcium/calmodulin-dependent protein kinase type II subunit alpha"/>
      <span end="27943" id="16279840-19059" start="27936">CaMKIIα</span>
    </annotation>
    <annotation annotator="Mike Bada, University of Colorado School of Medicine" id="PR_reasoned_2017_04_17_Instance_23735" type="identity">
      <class id="PR:000004168" label="amyloid beta A4 protein"/>
      <span end="27953" id="16279840-19057" start="27950">APP</span>
    </annotation>
    <annotation annotator="Mike Bada, University of Colorado School of Medicine" id="PR_reasoned_2017_04_17_Instance_25595" type="identity">
      <class id="PR:000004168" label="amyloid beta A4 protein"/>
      <span end="28815" id="16279840-19239" start="28812">APP</span>
    </annotation>
    <annotation annotator="Mike Bada, University of Colorado School of Medicine" id="PR_reasoned_2017_04_17_Instance_23739" type="identity">
      <class id="PR:000004168" label="amyloid beta A4 protein"/>
      <span end="30119" id="16279840-19061" start="30116">APP</span>
    </annotation>
    <annotation annotator="Mike Bada, University of Colorado School of Medicine" id="PR_reasoned_2017_04_17_Instance_23741" type="identity">
      <class id="PR:000004168" label="amyloid beta A4 protein"/>
      <span end="30352" id="16279840-19063" start="30349">APP</span>
    </annotation>
    <annotation annotator="Mike Bada, University of Colorado School of Medicine" id="PR_reasoned_2017_04_17_Instance_23743" type="identity">
      <class id="PR:000003199" label="calcium/calmodulin-dependent protein kinase type II subunit alpha"/>
      <span end="30366" id="16279840-19065" start="30359">CaMKIIα</span>
    </annotation>
    <annotation annotator="Mike Bada, University of Colorado School of Medicine" id="PR_reasoned_2017_04_17_Instance_23745" type="identity">
      <class id="PR:000004168" label="amyloid beta A4 protein"/>
      <span end="30621" id="16279840-19067" start="30618">APP</span>
    </annotation>
    <annotation annotator="Mike Bada, University of Colorado School of Medicine" id="PR_reasoned_2017_04_17_Instance_23747" type="identity">
      <class id="PR:000004168" label="amyloid beta A4 protein"/>
      <span end="31549" id="16279840-19069" start="31546">APP</span>
    </annotation>
    <annotation annotator="Mike Bada, University of Colorado School of Medicine" id="PR_reasoned_2017_04_17_Instance_23749" type="identity">
      <class id="PR:000004168" label="amyloid beta A4 protein"/>
      <span end="31837" id="16279840-19071" start="31834">APP</span>
    </annotation>
    <annotation annotator="Mike Bada, University of Colorado School of Medicine" id="PR_reasoned_2017_04_17_Instance_23751" type="identity">
      <class id="PR:000007939" label="glial fibrillary acidic protein"/>
      <span end="33685" id="16279840-19073" start="33681">GFAP</span>
    </annotation>
    <annotation annotator="Mike Bada, University of Colorado School of Medicine" id="PR_reasoned_2017_04_17_Instance_23753" type="identity">
      <class id="PR:000004168" label="amyloid beta A4 protein"/>
      <span end="34346" id="16279840-19075" start="34343">APP</span>
    </annotation>
    <annotation annotator="Mike Bada, University of Colorado School of Medicine" id="PR_reasoned_2017_04_17_Instance_23755" type="identity">
      <class id="PR:000004168" label="amyloid beta A4 protein"/>
      <span end="35309" id="16279840-19077" start="35306">APP</span>
    </annotation>
    <annotation annotator="Mike Bada, University of Colorado School of Medicine" id="PR_reasoned_2017_04_17_Instance_23757" type="identity">
      <class id="PR:000004168" label="amyloid beta A4 protein"/>
      <span end="35552" id="16279840-19079" start="35549">APP</span>
    </annotation>
    <annotation annotator="Mike Bada, University of Colorado School of Medicine" id="PR_reasoned_2017_04_17_Instance_23759" type="identity">
      <class id="PR:000004168" label="amyloid beta A4 protein"/>
      <span end="36093" id="16279840-19081" start="36090">APP</span>
    </annotation>
    <annotation annotator="Mike Bada, University of Colorado School of Medicine" id="PR_reasoned_2017_04_17_Instance_23761" type="identity">
      <class id="PR:000004168" label="amyloid beta A4 protein"/>
      <span end="36360" id="16279840-19083" start="36357">APP</span>
    </annotation>
    <annotation annotator="Mike Bada, University of Colorado School of Medicine" id="PR_reasoned_2017_04_17_Instance_23765" type="identity">
      <class id="PR:000004168" label="amyloid beta A4 protein"/>
      <span end="37542" id="16279840-19085" start="37539">APP</span>
    </annotation>
    <annotation annotator="Mike Bada, University of Colorado School of Medicine" id="PR_reasoned_2017_04_17_Instance_23767" type="identity">
      <class id="PR:000008840" label="huntingtin"/>
      <span end="38095" id="16279840-19087" start="38085">huntingtin</span>
    </annotation>
    <annotation annotator="Mike Bada, University of Colorado School of Medicine" id="PR_reasoned_2017_04_17_Instance_23773" type="identity">
      <class id="PR:000004168" label="amyloid beta A4 protein"/>
      <span end="38630" id="16279840-19089" start="38627">APP</span>
    </annotation>
    <annotation annotator="Mike Bada, University of Colorado School of Medicine" id="PR_reasoned_2017_04_17_Instance_23775" type="identity">
      <class id="PR:000004168" label="amyloid beta A4 protein"/>
      <span end="40375" id="16279840-19091" start="40372">APP</span>
    </annotation>
    <annotation annotator="Mike Bada, University of Colorado School of Medicine" id="PR_reasoned_2017_04_17_Instance_23777" type="identity">
      <class id="PR:000004168" label="amyloid beta A4 protein"/>
      <span end="40611" id="16279840-19093" start="40608">APP</span>
    </annotation>
    <annotation annotator="Mike Bada, University of Colorado School of Medicine" id="PR_reasoned_2017_04_17_Instance_23781" type="identity">
      <class id="PR:000003199" label="calcium/calmodulin-dependent protein kinase type II subunit alpha"/>
      <span end="41394" id="16279840-19095" start="41387">CaMKIIα</span>
    </annotation>
    <annotation annotator="Mike Bada, University of Colorado School of Medicine" id="PR_reasoned_2017_04_17_Instance_23783" type="identity">
      <class id="PR:000004168" label="amyloid beta A4 protein"/>
      <span end="41762" id="16279840-19097" start="41759">APP</span>
    </annotation>
    <annotation annotator="Mike Bada, University of Colorado School of Medicine" id="PR_reasoned_2017_04_17_Instance_23785" type="identity">
      <class id="PR:000004168" label="amyloid beta A4 protein"/>
      <span end="42959" id="16279840-19099" start="42956">APP</span>
    </annotation>
    <annotation annotator="Mike Bada, University of Colorado School of Medicine" id="PR_reasoned_2017_04_17_Instance_23787" type="identity">
      <class id="PR:000004168" label="amyloid beta A4 protein"/>
      <span end="43499" id="16279840-19101" start="43496">APP</span>
    </annotation>
    <annotation annotator="Mike Bada, University of Colorado School of Medicine" id="PR_reasoned_2017_04_17_Instance_23789" type="identity">
      <class id="PR:000004168" label="amyloid beta A4 protein"/>
      <span end="43699" id="16279840-19103" start="43696">APP</span>
    </annotation>
    <annotation annotator="Mike Bada, University of Colorado School of Medicine" id="PR_reasoned_2017_04_17_Instance_23791" type="identity">
      <class id="PR:000001898" label="neprilysin"/>
      <span end="45114" id="16279840-19105" start="45104">neprilysin</span>
    </annotation>
    <annotation annotator="Mike Bada, University of Colorado School of Medicine" id="PR_reasoned_2017_04_17_Instance_23793" type="identity">
      <class id="PR:000004168" label="amyloid beta A4 protein"/>
      <span end="45553" id="16279840-19107" start="45550">APP</span>
    </annotation>
    <annotation annotator="Mike Bada, University of Colorado School of Medicine" id="PR_reasoned_2017_04_17_Instance_23795" type="identity">
      <class id="PR:000001898" label="neprilysin"/>
      <span end="46120" id="16279840-19109" start="46110">neprilysin</span>
    </annotation>
    <annotation annotator="Mike Bada, University of Colorado School of Medicine" id="PR_reasoned_2017_04_17_Instance_23797" type="identity">
      <class id="PR:000000046" label="TGF-beta"/>
      <span end="46304" id="16279840-19111" start="46300">TGFβ</span>
    </annotation>
    <annotation annotator="Mike Bada, University of Colorado School of Medicine" id="PR_reasoned_2017_04_17_Instance_23799" type="identity">
      <class id="PR:000004168" label="amyloid beta A4 protein"/>
      <span end="46416" id="16279840-19113" start="46413">APP</span>
    </annotation>
    <annotation annotator="Mike Bada, University of Colorado School of Medicine" id="PR_reasoned_2017_04_17_Instance_23801" type="identity">
      <class id="PR:000010173" label="microtubule-associated protein tau"/>
      <span end="46947" id="16279840-19115" start="46944">tau</span>
    </annotation>
    <annotation annotator="Mike Bada, University of Colorado School of Medicine" id="PR_reasoned_2017_04_17_Instance_23803" type="identity">
      <class id="PR:000004168" label="amyloid beta A4 protein"/>
      <span end="47003" id="16279840-19117" start="47000">APP</span>
    </annotation>
    <annotation annotator="Mike Bada, University of Colorado School of Medicine" id="PR_reasoned_2017_04_17_Instance_23805" type="identity">
      <class id="PR:000010173" label="microtubule-associated protein tau"/>
      <span end="47041" id="16279840-19119" start="47038">tau</span>
    </annotation>
    <annotation annotator="Mike Bada, University of Colorado School of Medicine" id="PR_reasoned_2017_04_17_Instance_23807" type="identity">
      <class id="PR:000010173" label="microtubule-associated protein tau"/>
      <span end="47705" id="16279840-19121" start="47702">tau</span>
    </annotation>
    <annotation annotator="Mike Bada, University of Colorado School of Medicine" id="PR_reasoned_2017_04_17_Instance_23809" type="identity">
      <class id="PR:000010173" label="microtubule-associated protein tau"/>
      <span end="48008" id="16279840-19123" start="48005">tau</span>
    </annotation>
    <annotation annotator="Mike Bada, University of Colorado School of Medicine" id="PR_reasoned_2017_04_17_Instance_23811" type="identity">
      <class id="PR:000004168" label="amyloid beta A4 protein"/>
      <span end="48249" id="16279840-19125" start="48246">APP</span>
    </annotation>
    <annotation annotator="Mike Bada, University of Colorado School of Medicine" id="PR_reasoned_2017_04_17_Instance_23813" type="identity">
      <class id="PR:000004168" label="amyloid beta A4 protein"/>
      <span end="48354" id="16279840-19127" start="48351">APP</span>
    </annotation>
    <annotation annotator="Mike Bada, University of Colorado School of Medicine" id="PR_reasoned_2017_04_17_Instance_23815" type="identity">
      <class id="PR:000004168" label="amyloid beta A4 protein"/>
      <span end="49257" id="16279840-19129" start="49254">APP</span>
    </annotation>
    <annotation annotator="Mike Bada, University of Colorado School of Medicine" id="PR_reasoned_2017_04_17_Instance_23817" type="identity">
      <class id="PR:000004168" label="amyloid beta A4 protein"/>
      <span end="50727" id="16279840-19131" start="50724">APP</span>
    </annotation>
    <annotation annotator="Mike Bada, University of Colorado School of Medicine" id="PR_reasoned_2017_04_17_Instance_23819" type="identity">
      <class id="PR:000004168" label="amyloid beta A4 protein"/>
      <span end="50789" id="16279840-19133" start="50786">APP</span>
    </annotation>
    <annotation annotator="Mike Bada, University of Colorado School of Medicine" id="PR_reasoned_2017_04_17_Instance_23821" type="identity">
      <class id="PR:000004168" label="amyloid beta A4 protein"/>
      <span end="50889" id="16279840-19135" start="50886">APP</span>
    </annotation>
    <annotation annotator="Mike Bada, University of Colorado School of Medicine" id="PR_reasoned_2017_04_17_Instance_23823" type="identity">
      <class id="PR:000004168" label="amyloid beta A4 protein"/>
      <span end="51104" id="16279840-19137" start="51101">APP</span>
    </annotation>
    <annotation annotator="Mike Bada, University of Colorado School of Medicine" id="PR_reasoned_2017_04_17_Instance_23825" type="identity">
      <class id="PR:000004168" label="amyloid beta A4 protein"/>
      <span end="51262" id="16279840-19139" start="51259">APP</span>
    </annotation>
    <annotation annotator="Mike Bada, University of Colorado School of Medicine" id="PR_reasoned_2017_04_17_Instance_23827" type="identity">
      <class id="PR:000004168" label="amyloid beta A4 protein"/>
      <span end="51414" id="16279840-19141" start="51411">APP</span>
    </annotation>
    <annotation annotator="Mike Bada, University of Colorado School of Medicine" id="PR_reasoned_2017_04_17_Instance_23829" type="identity">
      <class id="PR:000004168" label="amyloid beta A4 protein"/>
      <span end="51526" id="16279840-19143" start="51523">APP</span>
    </annotation>
    <annotation annotator="Mike Bada, University of Colorado School of Medicine" id="PR_reasoned_2017_04_17_Instance_23831" type="identity">
      <class id="PR:000004168" label="amyloid beta A4 protein"/>
      <span end="52497" id="16279840-19145" start="52494">APP</span>
    </annotation>
    <annotation annotator="Mike Bada, University of Colorado School of Medicine" id="PR_reasoned_2017_04_17_Instance_23833" type="identity">
      <class id="PR:000004168" label="amyloid beta A4 protein"/>
      <span end="52791" id="16279840-19147" start="52788">APP</span>
    </annotation>
    <annotation annotator="Mike Bada, University of Colorado School of Medicine" id="PR_reasoned_2017_04_17_Instance_23835" type="identity">
      <class id="PR:000004168" label="amyloid beta A4 protein"/>
      <span end="53754" id="16279840-19149" start="53751">APP</span>
    </annotation>
    <annotation annotator="Mike Bada, University of Colorado School of Medicine" id="PR_reasoned_2017_04_17_Instance_23837" type="identity">
      <class id="PR:000003199" label="calcium/calmodulin-dependent protein kinase type II subunit alpha"/>
      <span end="53768" id="16279840-19151" start="53761">CaMKIIα</span>
    </annotation>
    <annotation annotator="Mike Bada, University of Colorado School of Medicine" id="PR_reasoned_2017_04_17_Instance_23839" type="identity">
      <class id="PR:000004168" label="amyloid beta A4 protein"/>
      <span end="53865" id="16279840-19153" start="53862">APP</span>
    </annotation>
    <annotation annotator="Mike Bada, University of Colorado School of Medicine" id="PR_reasoned_2017_04_17_Instance_23841" type="identity">
      <class id="PR:000004168" label="amyloid beta A4 protein"/>
      <span end="53904" id="16279840-19155" start="53901">APP</span>
    </annotation>
    <annotation annotator="Mike Bada, University of Colorado School of Medicine" id="PR_reasoned_2017_04_17_Instance_23843" type="identity">
      <class id="PR:000004168" label="amyloid beta A4 protein"/>
      <span end="54084" id="16279840-19157" start="54081">APP</span>
    </annotation>
    <annotation annotator="Mike Bada, University of Colorado School of Medicine" id="PR_reasoned_2017_04_17_Instance_23847" type="identity">
      <class id="PR:000015399" label="superoxide dismutase [Cu-Zn]"/>
      <span end="54236" id="16279840-19159" start="54232">SOD1</span>
    </annotation>
    <annotation annotator="Mike Bada, University of Colorado School of Medicine" id="PR_reasoned_2017_04_17_Instance_23849" type="identity">
      <class id="PR:000004168" label="amyloid beta A4 protein"/>
      <span end="54360" id="16279840-19161" start="54357">APP</span>
    </annotation>
    <annotation annotator="Mike Bada, University of Colorado School of Medicine" id="PR_reasoned_2017_04_17_Instance_23851" type="identity">
      <class id="PR:000004168" label="amyloid beta A4 protein"/>
      <span end="55471" id="16279840-19163" start="55468">APP</span>
    </annotation>
    <annotation annotator="Mike Bada, University of Colorado School of Medicine" id="PR_reasoned_2017_04_17_Instance_23853" type="identity">
      <class id="PR:000004168" label="amyloid beta A4 protein"/>
      <span end="55603" id="16279840-19165" start="55600">APP</span>
    </annotation>
    <annotation annotator="Mike Bada, University of Colorado School of Medicine" id="PR_reasoned_2017_04_17_Instance_23855" type="identity">
      <class id="PR:000004168" label="amyloid beta A4 protein"/>
      <span end="55707" id="16279840-19167" start="55704">APP</span>
    </annotation>
    <annotation annotator="Mike Bada, University of Colorado School of Medicine" id="PR_reasoned_2017_04_17_Instance_23857" type="identity">
      <class id="PR:000004168" label="amyloid beta A4 protein"/>
      <span end="56273" id="16279840-19169" start="56248">amyloid precursor protein</span>
    </annotation>
    <annotation annotator="Mike Bada, University of Colorado School of Medicine" id="PR_reasoned_2017_04_17_Instance_23859" type="identity">
      <class id="PR:000004168" label="amyloid beta A4 protein"/>
      <span end="56278" id="16279840-19171" start="56275">APP</span>
    </annotation>
    <annotation annotator="Mike Bada, University of Colorado School of Medicine" id="PR_reasoned_2017_04_17_Instance_23861" type="identity">
      <class id="PR:000004168" label="amyloid beta A4 protein"/>
      <span end="56393" id="16279840-19173" start="56390">APP</span>
    </annotation>
    <annotation annotator="Mike Bada, University of Colorado School of Medicine" id="PR_reasoned_2017_04_17_Instance_23863" type="identity">
      <class id="PR:000004168" label="amyloid beta A4 protein"/>
      <span end="57092" id="16279840-19175" start="57089">APP</span>
    </annotation>
    <annotation annotator="Mike Bada, University of Colorado School of Medicine" id="PR_reasoned_2017_04_17_Instance_23865" type="identity">
      <class id="PR:000004168" label="amyloid beta A4 protein"/>
      <span end="57269" id="16279840-19177" start="57266">APP</span>
    </annotation>
    <annotation annotator="Mike Bada, University of Colorado School of Medicine" id="PR_reasoned_2017_04_17_Instance_23867" type="identity">
      <class id="PR:000004168" label="amyloid beta A4 protein"/>
      <span end="57319" id="16279840-19179" start="57316">APP</span>
    </annotation>
    <annotation annotator="Mike Bada, University of Colorado School of Medicine" id="PR_reasoned_2017_04_17_Instance_23869" type="identity">
      <class id="PR:000003199" label="calcium/calmodulin-dependent protein kinase type II subunit alpha"/>
      <span end="58958" id="16279840-19181" start="58951">CaMKIIα</span>
    </annotation>
    <annotation annotator="Mike Bada, University of Colorado School of Medicine" id="PR_reasoned_2017_04_17_Instance_25601" type="identity">
      <class id="PR:000004168" label="amyloid beta A4 protein"/>
      <span end="60416" id="16279840-19241" start="60399">amyloid precursor</span>
    </annotation>
    <annotation annotator="Mike Bada, University of Colorado School of Medicine" id="PR_reasoned_2017_04_17_Instance_23875" type="identity">
      <class id="PR:000004168" label="amyloid beta A4 protein"/>
      <span end="60434" id="16279840-19187" start="60431">APP</span>
    </annotation>
    <annotation annotator="Mike Bada, University of Colorado School of Medicine" id="PR_reasoned_2017_04_17_Instance_23877" type="identity">
      <class id="PR:000004168" label="amyloid beta A4 protein"/>
      <span end="60462" id="16279840-19189" start="60437">amyloid precursor protein</span>
    </annotation>
    <annotation annotator="Mike Bada, University of Colorado School of Medicine" id="PR_reasoned_2017_04_17_Instance_23871" type="identity">
      <class id="PR:000003199" label="calcium/calmodulin-dependent protein kinase type II subunit alpha"/>
      <span end="60471" id="16279840-19183" start="60464">CaMKIIα</span>
    </annotation>
    <annotation annotator="Mike Bada, University of Colorado School of Medicine" id="PR_reasoned_2017_04_17_Instance_23873" type="identity">
      <class id="PR:000003199" label="calcium/calmodulin-dependent protein kinase type II subunit alpha"/>
      <span end="60503" id="16279840-19185" start="60474">calcium-calmodulin kinase IIα</span>
    </annotation>
    <annotation annotator="Mike Bada, University of Colorado School of Medicine" id="PR_reasoned_2017_04_17_Instance_23879" type="identity">
      <class id="PR:000007939" label="glial fibrillary acidic protein"/>
      <span end="60546" id="16279840-19191" start="60542">GFAP</span>
    </annotation>
    <annotation annotator="Mike Bada, University of Colorado School of Medicine" id="PR_reasoned_2017_04_17_Instance_23881" type="identity">
      <class id="PR:000007939" label="glial fibrillary acidic protein"/>
      <span end="60580" id="16279840-19193" start="60549">glial fibrillary acidic protein</span>
    </annotation>
    <annotation annotator="Mike Bada, University of Colorado School of Medicine" id="PR_reasoned_2017_04_17_Instance_25609" type="identity">
      <class id="PR:000004168" label="amyloid beta A4 protein"/>
      <span end="60605" id="16279840-19243" start="60602">APP</span>
    </annotation>
    <annotation annotator="Mike Bada, University of Colorado School of Medicine" id="PR_reasoned_2017_04_17_Instance_23883" type="identity">
      <class id="PR:000004168" label="amyloid beta A4 protein"/>
      <span end="60814" id="16279840-19195" start="60811">APP</span>
    </annotation>
    <annotation annotator="Mike Bada, University of Colorado School of Medicine" id="PR_reasoned_2017_04_17_Instance_23885" type="identity">
      <class id="PR:000004168" label="amyloid beta A4 protein"/>
      <span end="60873" id="16279840-19197" start="60870">APP</span>
    </annotation>
    <annotation annotator="Mike Bada, University of Colorado School of Medicine" id="PR_reasoned_2017_04_17_Instance_23887" type="identity">
      <class id="PR:000004168" label="amyloid beta A4 protein"/>
      <span end="61498" id="16279840-19199" start="61495">APP</span>
    </annotation>
    <annotation annotator="Mike Bada, University of Colorado School of Medicine" id="PR_reasoned_2017_04_17_Instance_23889" type="identity">
      <class id="PR:000004168" label="amyloid beta A4 protein"/>
      <span end="61629" id="16279840-19201" start="61626">APP</span>
    </annotation>
    <annotation annotator="Mike Bada, University of Colorado School of Medicine" id="PR_reasoned_2017_04_17_Instance_23891" type="identity">
      <class id="PR:000004168" label="amyloid beta A4 protein"/>
      <span end="61857" id="16279840-19203" start="61854">APP</span>
    </annotation>
    <annotation annotator="Mike Bada, University of Colorado School of Medicine" id="PR_reasoned_2017_04_17_Instance_23893" type="identity">
      <class id="PR:000004168" label="amyloid beta A4 protein"/>
      <span end="62070" id="16279840-19205" start="62067">APP</span>
    </annotation>
    <annotation annotator="Mike Bada, University of Colorado School of Medicine" id="PR_reasoned_2017_04_17_Instance_23895" type="identity">
      <class id="PR:000004168" label="amyloid beta A4 protein"/>
      <span end="62105" id="16279840-19207" start="62102">APP</span>
    </annotation>
    <annotation annotator="Mike Bada, University of Colorado School of Medicine" id="PR_reasoned_2017_04_17_Instance_23897" type="identity">
      <class id="PR:000004168" label="amyloid beta A4 protein"/>
      <span end="62550" id="16279840-19209" start="62547">APP</span>
    </annotation>
    <annotation annotator="Mike Bada, University of Colorado School of Medicine" id="PR_reasoned_2017_04_17_Instance_23927" type="identity">
      <class id="PR:000015399" label="superoxide dismutase [Cu-Zn]"/>
      <span end="65614" id="16279840-19211" start="65592">superoxide dismutase 1</span>
    </annotation>
    <annotation annotator="Mike Bada, University of Colorado School of Medicine" id="PR_reasoned_2017_04_17_Instance_23929" type="identity">
      <class id="PR:000015399" label="superoxide dismutase [Cu-Zn]"/>
      <span end="65620" id="16279840-19213" start="65616">SOD1</span>
    </annotation>
    <annotation annotator="Mike Bada, University of Colorado School of Medicine" id="PR_reasoned_2017_04_17_Instance_23931" type="identity">
      <class id="PR:000004168" label="amyloid beta A4 protein"/>
      <span end="65736" id="16279840-19215" start="65733">APP</span>
    </annotation>
    <annotation annotator="Mike Bada, University of Colorado School of Medicine" id="PR_reasoned_2017_04_17_Instance_23933" type="identity">
      <class id="PR:000004168" label="amyloid beta A4 protein"/>
      <span end="66506" id="16279840-19217" start="66503">APP</span>
    </annotation>
    <annotation annotator="Mike Bada, University of Colorado School of Medicine" id="PR_reasoned_2017_04_17_Instance_25613" type="identity">
      <class id="PR:000004168" label="amyloid beta A4 protein"/>
      <span end="66686" id="16279840-19245" start="66683">APP</span>
    </annotation>
    <annotation annotator="Mike Bada, University of Colorado School of Medicine" id="PR_reasoned_2017_04_17_Instance_23935" type="identity">
      <class id="PR:000015399" label="superoxide dismutase [Cu-Zn]"/>
      <span end="66878" id="16279840-19219" start="66856">superoxide dismutase 1</span>
    </annotation>
    <annotation annotator="Mike Bada, University of Colorado School of Medicine" id="PR_reasoned_2017_04_17_Instance_23937" type="identity">
      <class id="PR:000004168" label="amyloid beta A4 protein"/>
      <span end="67015" id="16279840-19221" start="67012">APP</span>
    </annotation>
    <annotation annotator="Mike Bada, University of Colorado School of Medicine" id="PR_reasoned_2017_04_17_Instance_23939" type="identity">
      <class id="PR:000004168" label="amyloid beta A4 protein"/>
      <span end="67146" id="16279840-19223" start="67143">APP</span>
    </annotation>
    <annotation annotator="Mike Bada, University of Colorado School of Medicine" id="PR_reasoned_2017_04_17_Instance_23941" type="identity">
      <class id="PR:000004168" label="amyloid beta A4 protein"/>
      <span end="68812" id="16279840-19225" start="68809">APP</span>
    </annotation>
    <annotation annotator="Mike Bada, University of Colorado School of Medicine" id="PR_reasoned_2017_04_17_Instance_23943" type="identity">
      <class id="PR:000004168" label="amyloid beta A4 protein"/>
      <span end="68958" id="16279840-19227" start="68955">APP</span>
    </annotation>
    <annotation annotator="Mike Bada, University of Colorado School of Medicine" id="PR_reasoned_2017_04_17_Instance_23949" type="identity">
      <class id="PR:000004168" label="amyloid beta A4 protein"/>
      <span end="69936" id="16279840-19229" start="69933">APP</span>
    </annotation>
    <annotation annotator="Mike Bada, University of Colorado School of Medicine" id="PR_reasoned_2017_04_17_Instance_23959" type="identity">
      <class id="PR:000004168" label="amyloid beta A4 protein"/>
      <span end="70980" id="16279840-19231" start="70977">APP</span>
    </annotation>
    <annotation annotator="Mike Bada, University of Colorado School of Medicine" id="PR_reasoned_2017_04_17_Instance_23961" type="identity">
      <class id="PR:000007939" label="glial fibrillary acidic protein"/>
      <span end="71297" id="16279840-19233" start="71293">GFAP</span>
    </annotation>
    <annotation annotator="Mike Bada, University of Colorado School of Medicine" id="PR_reasoned_2017_04_17_Instance_23963" type="identity">
      <class id="PR:000004168" label="amyloid beta A4 protein"/>
      <span end="71446" id="16279840-19235" start="71443">APP</span>
    </annotation>
    <annotation annotator="Mike Bada, University of Colorado School of Medicine" id="PR_reasoned_2017_04_17_Instance_23965" type="identity">
      <class id="PR:000004168" label="amyloid beta A4 protein"/>
      <span end="72037" id="16279840-19237" start="72034">APP</span>
    </annotation>
    <graph-space id="Old Knowtator Relations"/>
  </document>
</knowtator-project>
