<?xml version="1.0" encoding="UTF-8" standalone="no"?>
<knowtator-project>
    <document id="16433929" text-file="16433929.txt">
        <annotation annotator="Mike Bada, University of Colorado School of Medicine" id="PR_reasoned_2017_04_17_Instance_24601" type="identity">
            <class id="PR:000005009" label="calpain-1 catalytic subunit"/>
            <span end="342" id="16433929-19982" start="337">Capn1</span>
        </annotation>
        <annotation annotator="Mike Bada, University of Colorado School of Medicine" id="PR_reasoned_2017_04_17_Instance_24603" type="identity">
            <class id="PR:000005015" label="calpain-2 catalytic subunit"/>
            <span end="363" id="16433929-19984" start="358">Capn2</span>
        </annotation>
        <annotation annotator="Mike Bada, University of Colorado School of Medicine" id="PR_reasoned_2017_04_17_Instance_24605" type="identity">
            <class id="PR:000005022" label="calpain small subunit 1"/>
            <span end="425" id="16433929-19986" start="420">Capn4</span>
        </annotation>
        <annotation annotator="Mike Bada, University of Colorado School of Medicine" id="PR_reasoned_2017_04_17_Instance_24607" type="identity">
            <class id="PR:000005022" label="calpain small subunit 1"/>
            <span end="456" id="16433929-19988" start="451">Capn4</span>
        </annotation>
        <annotation annotator="Mike Bada, University of Colorado School of Medicine" id="PR_reasoned_2017_04_17_Instance_24609" type="identity">
            <class id="PR:000005009" label="calpain-1 catalytic subunit"/>
            <span end="671" id="16433929-19990" start="666">Capn1</span>
        </annotation>
        <annotation annotator="Mike Bada, University of Colorado School of Medicine" id="PR_reasoned_2017_04_17_Instance_24611" type="identity">
            <class id="PR:000005022" label="calpain small subunit 1"/>
            <span end="846" id="16433929-19992" start="841">Capn4</span>
        </annotation>
        <annotation annotator="Mike Bada, University of Colorado School of Medicine" id="PR_reasoned_2017_04_17_Instance_24613" type="identity">
            <class id="PR:000005015" label="calpain-2 catalytic subunit"/>
            <span end="979" id="16433929-19994" start="974">Capn2</span>
        </annotation>
        <annotation annotator="Mike Bada, University of Colorado School of Medicine" id="PR_reasoned_2017_04_17_Instance_24615" type="identity">
            <class id="PR:000005015" label="calpain-2 catalytic subunit"/>
            <span end="1400" id="16433929-19996" start="1395">Capn2</span>
        </annotation>
        <annotation annotator="Mike Bada, University of Colorado School of Medicine" id="PR_reasoned_2017_04_17_Instance_171467" type="identity">
            <class id="PR:000005015" label="calpain-2 catalytic subunit"/>
            <span end="1769" id="16433929-19972" start="1761">capain-2</span>
        </annotation>
        <annotation annotator="Mike Bada, University of Colorado School of Medicine" id="PR_reasoned_2017_04_17_Instance_24617" type="identity">
            <class id="PR:000005009" label="calpain-1 catalytic subunit"/>
            <span end="1953" id="16433929-19998" start="1948">Capn1</span>
        </annotation>
        <annotation annotator="Mike Bada, University of Colorado School of Medicine" id="PR_reasoned_2017_04_17_Instance_24623" type="identity">
            <class id="PR:000005009" label="calpain-1 catalytic subunit"/>
            <span end="1961" id="16433929-20004" start="1955">μ-80 k</span>
        </annotation>
        <annotation annotator="Mike Bada, University of Colorado School of Medicine" id="PR_reasoned_2017_04_17_Instance_24619" type="identity">
            <class id="PR:000005015" label="calpain-2 catalytic subunit"/>
            <span end="1972" id="16433929-20000" start="1967">Capn2</span>
        </annotation>
        <annotation annotator="Mike Bada, University of Colorado School of Medicine" id="PR_reasoned_2017_04_17_Instance_24621" type="identity">
            <class id="PR:000005015" label="calpain-2 catalytic subunit"/>
            <span end="1980" id="16433929-20002" start="1974">m-80 k</span>
        </annotation>
        <annotation annotator="Mike Bada, University of Colorado School of Medicine" id="PR_reasoned_2017_04_17_Instance_24625" type="identity">
            <class id="PR:000005022" label="calpain small subunit 1"/>
            <span end="2078" id="16433929-20006" start="2073">Capn4</span>
        </annotation>
        <annotation annotator="Mike Bada, University of Colorado School of Medicine" id="PR_reasoned_2017_04_17_Instance_24627" type="identity">
            <class id="PR:000005009" label="calpain-1 catalytic subunit"/>
            <span end="2095" id="16433929-20008" start="2089">μ-80 k</span>
            <span end="2115" id="16433929-20009" start="2107">subunits</span>
        </annotation>
        <annotation annotator="Mike Bada, University of Colorado School of Medicine" id="PR_reasoned_2017_04_17_Instance_24629" type="identity">
            <class id="PR:000005015" label="calpain-2 catalytic subunit"/>
            <span end="2115" id="16433929-20011" start="2100">m-80 k subunits</span>
        </annotation>
        <annotation annotator="Mike Bada, University of Colorado School of Medicine" id="PR_reasoned_2017_04_17_Instance_24631" type="identity">
            <class id="PR:000005060" label="calpastatin"/>
            <span end="3875" id="16433929-20013" start="3864">calpastatin</span>
        </annotation>
        <annotation annotator="Mike Bada, University of Colorado School of Medicine" id="PR_reasoned_2017_04_17_Instance_24633" type="identity">
            <class id="PR:000006928" label="pro-epidermal growth factor"/>
            <span end="4146" id="16433929-20015" start="4123">epidermal growth factor</span>
        </annotation>
        <annotation annotator="Mike Bada, University of Colorado School of Medicine" id="PR_reasoned_2017_04_17_Instance_24635" type="identity">
            <class id="PR:000006928" label="pro-epidermal growth factor"/>
            <span end="4151" id="16433929-20017" start="4148">EGF</span>
        </annotation>
        <annotation annotator="Mike Bada, University of Colorado School of Medicine" id="PR_reasoned_2017_04_17_Instance_24637" type="identity">
            <class id="PR:000006065" label="C-X-C motif chemokine 11"/>
            <span end="4241" id="16433929-20019" start="4211">interferon-inducible protein 9</span>
        </annotation>
        <annotation annotator="Mike Bada, University of Colorado School of Medicine" id="PR_reasoned_2017_04_17_Instance_24639" type="identity">
            <class id="PR:000005022" label="calpain small subunit 1"/>
            <span end="4817" id="16433929-20021" start="4812">Capn4</span>
        </annotation>
        <annotation annotator="Mike Bada, University of Colorado School of Medicine" id="PR_reasoned_2017_04_17_Instance_24641" type="identity">
            <class id="PR:000005022" label="calpain small subunit 1"/>
            <span end="4930" id="16433929-20023" start="4925">Capn4</span>
        </annotation>
        <annotation annotator="Mike Bada, University of Colorado School of Medicine" id="PR_reasoned_2017_04_17_Instance_24643" type="identity">
            <class id="PR:000005022" label="calpain small subunit 1"/>
            <span end="5083" id="16433929-20025" start="5078">Capn4</span>
        </annotation>
        <annotation annotator="Mike Bada, University of Colorado School of Medicine" id="PR_reasoned_2017_04_17_Instance_24645" type="identity">
            <class id="PR:000005022" label="calpain small subunit 1"/>
            <span end="5441" id="16433929-20027" start="5436">Capn4</span>
        </annotation>
        <annotation annotator="Mike Bada, University of Colorado School of Medicine" id="PR_reasoned_2017_04_17_Instance_24647" type="identity">
            <class id="PR:000005022" label="calpain small subunit 1"/>
            <span end="5672" id="16433929-20029" start="5667">Capn4</span>
        </annotation>
        <annotation annotator="Mike Bada, University of Colorado School of Medicine" id="PR_reasoned_2017_04_17_Instance_24649" type="identity">
            <class id="PR:000005022" label="calpain small subunit 1"/>
            <span end="5859" id="16433929-20031" start="5854">Capn4</span>
        </annotation>
        <annotation annotator="Mike Bada, University of Colorado School of Medicine" id="PR_reasoned_2017_04_17_Instance_24651" type="identity">
            <class id="PR:000005009" label="calpain-1 catalytic subunit"/>
            <span end="5926" id="16433929-20033" start="5921">Capn1</span>
        </annotation>
        <annotation annotator="Mike Bada, University of Colorado School of Medicine" id="PR_reasoned_2017_04_17_Instance_171709" type="identity">
            <class id="PR:000005009" label="calpain-1 catalytic subunit"/>
            <span end="5968" id="16433929-19974" start="5941">μ-calpain catalytic subunit</span>
        </annotation>
        <annotation annotator="Mike Bada, University of Colorado School of Medicine" id="PR_reasoned_2017_04_17_Instance_24655" type="identity">
            <class id="PR:000005022" label="calpain small subunit 1"/>
            <span end="6160" id="16433929-20035" start="6155">Capn4</span>
        </annotation>
        <annotation annotator="Mike Bada, University of Colorado School of Medicine" id="PR_reasoned_2017_04_17_Instance_24657" type="identity">
            <class id="PR:000005009" label="calpain-1 catalytic subunit"/>
            <span end="6311" id="16433929-20037" start="6306">Capn1</span>
        </annotation>
        <annotation annotator="Mike Bada, University of Colorado School of Medicine" id="PR_reasoned_2017_04_17_Instance_24659" type="identity">
            <class id="PR:000005015" label="calpain-2 catalytic subunit"/>
            <span end="6611" id="16433929-20039" start="6606">Capn2</span>
        </annotation>
        <annotation annotator="Mike Bada, University of Colorado School of Medicine" id="PR_reasoned_2017_04_17_Instance_24661" type="identity">
            <class id="PR:000005015" label="calpain-2 catalytic subunit"/>
            <span end="6644" id="16433929-20041" start="6630">m-80 k subunit</span>
        </annotation>
        <annotation annotator="Mike Bada, University of Colorado School of Medicine" id="PR_reasoned_2017_04_17_Instance_24663" type="identity">
            <class id="PR:000005015" label="calpain-2 catalytic subunit"/>
            <span end="6679" id="16433929-20043" start="6674">Capn2</span>
        </annotation>
        <annotation annotator="Mike Bada, University of Colorado School of Medicine" id="PR_reasoned_2017_04_17_Instance_24665" type="identity">
            <class id="PR:000005015" label="calpain-2 catalytic subunit"/>
            <span end="7125" id="16433929-20045" start="7120">Capn2</span>
        </annotation>
        <annotation annotator="Mike Bada, University of Colorado School of Medicine" id="PR_reasoned_2017_04_17_Instance_24667" type="identity">
            <class id="PR:000005015" label="calpain-2 catalytic subunit"/>
            <span end="7172" id="16433929-20047" start="7167">Capn2</span>
        </annotation>
        <annotation annotator="Mike Bada, University of Colorado School of Medicine" id="PR_reasoned_2017_04_17_Instance_24669" type="identity">
            <class id="PR:000005015" label="calpain-2 catalytic subunit"/>
            <span end="7305" id="16433929-20049" start="7300">Capn2</span>
        </annotation>
        <annotation annotator="Mike Bada, University of Colorado School of Medicine" id="PR_reasoned_2017_04_17_Instance_140510" type="identity">
            <class id="PR:P23940" label="type-2 restriction enzyme BamHI (Bacillus amyloliquefaciens)"/>
            <span end="7471" id="16433929-19924" start="7466">BamHI</span>
        </annotation>
        <annotation annotator="Mike Bada, University of Colorado School of Medicine" id="PR_reasoned_2017_04_17_Instance_140512" type="identity">
            <class id="PR:P23940" label="type-2 restriction enzyme BamHI (Bacillus amyloliquefaciens)"/>
            <span end="7521" id="16433929-19926" start="7516">BamHI</span>
        </annotation>
        <annotation annotator="Mike Bada, University of Colorado School of Medicine" id="PR_reasoned_2017_04_17_Instance_140514" type="identity">
            <class id="PR:P23940" label="type-2 restriction enzyme BamHI (Bacillus amyloliquefaciens)"/>
            <span end="7895" id="16433929-19928" start="7890">BamHI</span>
        </annotation>
        <annotation annotator="Mike Bada, University of Colorado School of Medicine" id="PR_reasoned_2017_04_17_Instance_24671" type="identity">
            <class id="PR:000005015" label="calpain-2 catalytic subunit"/>
            <span end="7913" id="16433929-20051" start="7908">Capn2</span>
        </annotation>
        <annotation annotator="Mike Bada, University of Colorado School of Medicine" id="PR_reasoned_2017_04_17_Instance_24673" type="identity">
            <class id="PR:000005015" label="calpain-2 catalytic subunit"/>
            <span end="7998" id="16433929-20053" start="7993">Capn2</span>
        </annotation>
        <annotation annotator="Mike Bada, University of Colorado School of Medicine" id="PR_reasoned_2017_04_17_Instance_24675" type="identity">
            <class id="PR:000005015" label="calpain-2 catalytic subunit"/>
            <span end="8329" id="16433929-20055" start="8324">Capn2</span>
        </annotation>
        <annotation annotator="Mike Bada, University of Colorado School of Medicine" id="PR_reasoned_2017_04_17_Instance_140516" type="identity">
            <class id="PR:P23940" label="type-2 restriction enzyme BamHI (Bacillus amyloliquefaciens)"/>
            <span end="8414" id="16433929-19930" start="8409">BamHI</span>
        </annotation>
        <annotation annotator="Mike Bada, University of Colorado School of Medicine" id="PR_reasoned_2017_04_17_Instance_140518" type="identity">
            <class id="PR:P23940" label="type-2 restriction enzyme BamHI (Bacillus amyloliquefaciens)"/>
            <span end="8506" id="16433929-19932" start="8501">BamHI</span>
        </annotation>
        <annotation annotator="Mike Bada, University of Colorado School of Medicine" id="PR_reasoned_2017_04_17_Instance_140588" type="identity">
            <class id="PR:P43870" label="type-2 restriction enzyme HindIII (Haemophilus influenzae Rd KW20)"/>
            <span end="8514" id="16433929-19962" start="8507">HindIII</span>
        </annotation>
        <annotation annotator="Mike Bada, University of Colorado School of Medicine" id="PR_reasoned_2017_04_17_Instance_140520" type="identity">
            <class id="PR:P23940" label="type-2 restriction enzyme BamHI (Bacillus amyloliquefaciens)"/>
            <span end="8620" id="16433929-19934" start="8615">BamHI</span>
        </annotation>
        <annotation annotator="Mike Bada, University of Colorado School of Medicine" id="PR_reasoned_2017_04_17_Instance_24677" type="identity">
            <class id="PR:000005015" label="calpain-2 catalytic subunit"/>
            <span end="9607" id="16433929-20057" start="9602">Capn2</span>
        </annotation>
        <annotation annotator="Mike Bada, University of Colorado School of Medicine" id="PR_reasoned_2017_04_17_Instance_24679" type="identity">
            <class id="PR:000005015" label="calpain-2 catalytic subunit"/>
            <span end="9704" id="16433929-20059" start="9699">Capn2</span>
        </annotation>
        <annotation annotator="Mike Bada, University of Colorado School of Medicine" id="PR_reasoned_2017_04_17_Instance_24681" type="identity">
            <class id="PR:000005015" label="calpain-2 catalytic subunit"/>
            <span end="9764" id="16433929-20061" start="9759">Capn2</span>
        </annotation>
        <annotation annotator="Mike Bada, University of Colorado School of Medicine" id="PR_reasoned_2017_04_17_Instance_24683" type="identity">
            <class id="PR:000005015" label="calpain-2 catalytic subunit"/>
            <span end="9845" id="16433929-20063" start="9840">Capn2</span>
        </annotation>
        <annotation annotator="Mike Bada, University of Colorado School of Medicine" id="PR_reasoned_2017_04_17_Instance_24685" type="identity">
            <class id="PR:000005015" label="calpain-2 catalytic subunit"/>
            <span end="10006" id="16433929-20065" start="10001">Capn2</span>
        </annotation>
        <annotation annotator="Mike Bada, University of Colorado School of Medicine" id="PR_reasoned_2017_04_17_Instance_24687" type="identity">
            <class id="PR:000005015" label="calpain-2 catalytic subunit"/>
            <span end="10105" id="16433929-20067" start="10100">Capn2</span>
        </annotation>
        <annotation annotator="Mike Bada, University of Colorado School of Medicine" id="PR_reasoned_2017_04_17_Instance_24689" type="identity">
            <class id="PR:000005015" label="calpain-2 catalytic subunit"/>
            <span end="10160" id="16433929-20069" start="10155">Capn2</span>
        </annotation>
        <annotation annotator="Mike Bada, University of Colorado School of Medicine" id="PR_reasoned_2017_04_17_Instance_24691" type="identity">
            <class id="PR:000005015" label="calpain-2 catalytic subunit"/>
            <span end="10400" id="16433929-20071" start="10395">Capn2</span>
        </annotation>
        <annotation annotator="Mike Bada, University of Colorado School of Medicine" id="PR_reasoned_2017_04_17_Instance_24693" type="identity">
            <class id="PR:000005015" label="calpain-2 catalytic subunit"/>
            <span end="10514" id="16433929-20073" start="10509">Capn2</span>
        </annotation>
        <annotation annotator="Mike Bada, University of Colorado School of Medicine" id="PR_reasoned_2017_04_17_Instance_24695" type="identity">
            <class id="PR:000005015" label="calpain-2 catalytic subunit"/>
            <span end="10773" id="16433929-20075" start="10768">Capn2</span>
        </annotation>
        <annotation annotator="Mike Bada, University of Colorado School of Medicine" id="PR_reasoned_2017_04_17_Instance_24697" type="identity">
            <class id="PR:000005015" label="calpain-2 catalytic subunit"/>
            <span end="10818" id="16433929-20077" start="10813">Capn2</span>
        </annotation>
        <annotation annotator="Mike Bada, University of Colorado School of Medicine" id="PR_reasoned_2017_04_17_Instance_24699" type="identity">
            <class id="PR:000005015" label="calpain-2 catalytic subunit"/>
            <span end="10993" id="16433929-20079" start="10988">Capn2</span>
        </annotation>
        <annotation annotator="Mike Bada, University of Colorado School of Medicine" id="PR_reasoned_2017_04_17_Instance_24701" type="identity">
            <class id="PR:000005015" label="calpain-2 catalytic subunit"/>
            <span end="11019" id="16433929-20081" start="11014">Capn2</span>
        </annotation>
        <annotation annotator="Mike Bada, University of Colorado School of Medicine" id="PR_reasoned_2017_04_17_Instance_24703" type="identity">
            <class id="PR:000005015" label="calpain-2 catalytic subunit"/>
            <span end="11311" id="16433929-20083" start="11306">Capn2</span>
        </annotation>
        <annotation annotator="Mike Bada, University of Colorado School of Medicine" id="PR_reasoned_2017_04_17_Instance_24705" type="identity">
            <class id="PR:000005015" label="calpain-2 catalytic subunit"/>
            <span end="11418" id="16433929-20085" start="11413">Capn2</span>
        </annotation>
        <annotation annotator="Mike Bada, University of Colorado School of Medicine" id="PR_reasoned_2017_04_17_Instance_24707" type="identity">
            <class id="PR:000005015" label="calpain-2 catalytic subunit"/>
            <span end="12769" id="16433929-20087" start="12764">Capn2</span>
        </annotation>
        <annotation annotator="Mike Bada, University of Colorado School of Medicine" id="PR_reasoned_2017_04_17_Instance_24709" type="identity">
            <class id="PR:000005015" label="calpain-2 catalytic subunit"/>
            <span end="13452" id="16433929-20089" start="13447">Capn2</span>
        </annotation>
        <annotation annotator="Mike Bada, University of Colorado School of Medicine" id="PR_reasoned_2017_04_17_Instance_24711" type="identity">
            <class id="PR:000005015" label="calpain-2 catalytic subunit"/>
            <span end="13492" id="16433929-20091" start="13487">Capn2</span>
        </annotation>
        <annotation annotator="Mike Bada, University of Colorado School of Medicine" id="PR_reasoned_2017_04_17_Instance_24713" type="identity">
            <class id="PR:000005015" label="calpain-2 catalytic subunit"/>
            <span end="13647" id="16433929-20093" start="13642">Capn2</span>
        </annotation>
        <annotation annotator="Mike Bada, University of Colorado School of Medicine" id="PR_reasoned_2017_04_17_Instance_24715" type="identity">
            <class id="PR:000005015" label="calpain-2 catalytic subunit"/>
            <span end="13676" id="16433929-20095" start="13671">Capn2</span>
        </annotation>
        <annotation annotator="Mike Bada, University of Colorado School of Medicine" id="PR_reasoned_2017_04_17_Instance_24717" type="identity">
            <class id="PR:000005015" label="calpain-2 catalytic subunit"/>
            <span end="13914" id="16433929-20097" start="13909">Capn2</span>
        </annotation>
        <annotation annotator="Mike Bada, University of Colorado School of Medicine" id="PR_reasoned_2017_04_17_Instance_24719" type="identity">
            <class id="PR:000005015" label="calpain-2 catalytic subunit"/>
            <span end="13926" id="16433929-20099" start="13921">Capn2</span>
        </annotation>
        <annotation annotator="Mike Bada, University of Colorado School of Medicine" id="PR_reasoned_2017_04_17_Instance_24721" type="identity">
            <class id="PR:000005015" label="calpain-2 catalytic subunit"/>
            <span end="14121" id="16433929-20101" start="14116">Capn2</span>
        </annotation>
        <annotation annotator="Mike Bada, University of Colorado School of Medicine" id="PR_reasoned_2017_04_17_Instance_24723" type="identity">
            <class id="PR:000005015" label="calpain-2 catalytic subunit"/>
            <span end="14154" id="16433929-20103" start="14149">Capn2</span>
        </annotation>
        <annotation annotator="Mike Bada, University of Colorado School of Medicine" id="PR_reasoned_2017_04_17_Instance_24725" type="identity">
            <class id="PR:000005015" label="calpain-2 catalytic subunit"/>
            <span end="14199" id="16433929-20105" start="14194">Capn2</span>
        </annotation>
        <annotation annotator="Mike Bada, University of Colorado School of Medicine" id="PR_reasoned_2017_04_17_Instance_24727" type="identity">
            <class id="PR:000005015" label="calpain-2 catalytic subunit"/>
            <span end="14211" id="16433929-20107" start="14206">Capn2</span>
        </annotation>
        <annotation annotator="Mike Bada, University of Colorado School of Medicine" id="PR_reasoned_2017_04_17_Instance_24729" type="identity">
            <class id="PR:000005015" label="calpain-2 catalytic subunit"/>
            <span end="14469" id="16433929-20109" start="14464">Capn2</span>
        </annotation>
        <annotation annotator="Mike Bada, University of Colorado School of Medicine" id="PR_reasoned_2017_04_17_Instance_24731" type="identity">
            <class id="PR:000005022" label="calpain small subunit 1"/>
            <span end="14670" id="16433929-20111" start="14665">Capn4</span>
        </annotation>
        <annotation annotator="Mike Bada, University of Colorado School of Medicine" id="PR_reasoned_2017_04_17_Instance_24733" type="identity">
            <class id="PR:000005015" label="calpain-2 catalytic subunit"/>
            <span end="14763" id="16433929-20113" start="14758">Capn2</span>
        </annotation>
        <annotation annotator="Mike Bada, University of Colorado School of Medicine" id="PR_reasoned_2017_04_17_Instance_24735" type="identity">
            <class id="PR:000005015" label="calpain-2 catalytic subunit"/>
            <span end="14776" id="16433929-20115" start="14771">Capn2</span>
        </annotation>
        <annotation annotator="Mike Bada, University of Colorado School of Medicine" id="PR_reasoned_2017_04_17_Instance_24737" type="identity">
            <class id="PR:000005015" label="calpain-2 catalytic subunit"/>
            <span end="14848" id="16433929-20117" start="14843">Capn2</span>
        </annotation>
        <annotation annotator="Mike Bada, University of Colorado School of Medicine" id="PR_reasoned_2017_04_17_Instance_24739" type="identity">
            <class id="PR:000005015" label="calpain-2 catalytic subunit"/>
            <span end="14901" id="16433929-20119" start="14896">Capn2</span>
        </annotation>
        <annotation annotator="Mike Bada, University of Colorado School of Medicine" id="PR_reasoned_2017_04_17_Instance_24741" type="identity">
            <class id="PR:000005015" label="calpain-2 catalytic subunit"/>
            <span end="15063" id="16433929-20121" start="15058">Capn2</span>
        </annotation>
        <annotation annotator="Mike Bada, University of Colorado School of Medicine" id="PR_reasoned_2017_04_17_Instance_24743" type="identity">
            <class id="PR:000005015" label="calpain-2 catalytic subunit"/>
            <span end="15075" id="16433929-20123" start="15070">Capn2</span>
        </annotation>
        <annotation annotator="Mike Bada, University of Colorado School of Medicine" id="PR_reasoned_2017_04_17_Instance_24745" type="identity">
            <class id="PR:000005015" label="calpain-2 catalytic subunit"/>
            <span end="15210" id="16433929-20125" start="15205">Capn2</span>
        </annotation>
        <annotation annotator="Mike Bada, University of Colorado School of Medicine" id="PR_reasoned_2017_04_17_Instance_24747" type="identity">
            <class id="PR:000005015" label="calpain-2 catalytic subunit"/>
            <span end="15305" id="16433929-20127" start="15300">Capn2</span>
        </annotation>
        <annotation annotator="Mike Bada, University of Colorado School of Medicine" id="PR_reasoned_2017_04_17_Instance_24749" type="identity">
            <class id="PR:000005015" label="calpain-2 catalytic subunit"/>
            <span end="15384" id="16433929-20129" start="15379">Capn2</span>
        </annotation>
        <annotation annotator="Mike Bada, University of Colorado School of Medicine" id="PR_reasoned_2017_04_17_Instance_24751" type="identity">
            <class id="PR:000005015" label="calpain-2 catalytic subunit"/>
            <span end="15403" id="16433929-20131" start="15398">Capn2</span>
        </annotation>
        <annotation annotator="Mike Bada, University of Colorado School of Medicine" id="PR_reasoned_2017_04_17_Instance_24753" type="identity">
            <class id="PR:000005022" label="calpain small subunit 1"/>
            <span end="15661" id="16433929-20133" start="15656">Capn4</span>
        </annotation>
        <annotation annotator="Mike Bada, University of Colorado School of Medicine" id="PR_reasoned_2017_04_17_Instance_24755" type="identity">
            <class id="PR:000005015" label="calpain-2 catalytic subunit"/>
            <span end="15711" id="16433929-20135" start="15706">Capn2</span>
        </annotation>
        <annotation annotator="Mike Bada, University of Colorado School of Medicine" id="PR_reasoned_2017_04_17_Instance_24757" type="identity">
            <class id="PR:000005015" label="calpain-2 catalytic subunit"/>
            <span end="15809" id="16433929-20137" start="15804">Capn2</span>
        </annotation>
        <annotation annotator="Mike Bada, University of Colorado School of Medicine" id="PR_reasoned_2017_04_17_Instance_24759" type="identity">
            <class id="PR:000005015" label="calpain-2 catalytic subunit"/>
            <span end="15859" id="16433929-20139" start="15854">Capn2</span>
        </annotation>
        <annotation annotator="Mike Bada, University of Colorado School of Medicine" id="PR_reasoned_2017_04_17_Instance_24761" type="identity">
            <class id="PR:000005022" label="calpain small subunit 1"/>
            <span end="16688" id="16433929-20141" start="16683">Capn4</span>
        </annotation>
        <annotation annotator="Mike Bada, University of Colorado School of Medicine" id="PR_reasoned_2017_04_17_Instance_24763" type="identity">
            <class id="PR:000005022" label="calpain small subunit 1"/>
            <span end="16832" id="16433929-20143" start="16827">Capn4</span>
        </annotation>
        <annotation annotator="Mike Bada, University of Colorado School of Medicine" id="PR_reasoned_2017_04_17_Instance_24765" type="identity">
            <class id="PR:000005009" label="calpain-1 catalytic subunit"/>
            <span end="17345" id="16433929-20145" start="17340">Capn1</span>
        </annotation>
        <annotation annotator="Mike Bada, University of Colorado School of Medicine" id="PR_reasoned_2017_04_17_Instance_171711" type="identity">
            <class id="PR:000005009" label="calpain-1 catalytic subunit"/>
            <span end="17397" id="16433929-19976" start="17370">μ-calpain catalytic subunit</span>
        </annotation>
        <annotation annotator="Mike Bada, University of Colorado School of Medicine" id="PR_reasoned_2017_04_17_Instance_24769" type="identity">
            <class id="PR:000005015" label="calpain-2 catalytic subunit"/>
            <span end="17739" id="16433929-20147" start="17734">Capn2</span>
        </annotation>
        <annotation annotator="Mike Bada, University of Colorado School of Medicine" id="PR_reasoned_2017_04_17_Instance_171713" type="identity">
            <class id="PR:000005015" label="calpain-2 catalytic subunit"/>
            <span end="17791" id="16433929-19978" start="17764">m-calpain catalytic subunit</span>
        </annotation>
        <annotation annotator="Mike Bada, University of Colorado School of Medicine" id="PR_reasoned_2017_04_17_Instance_24773" type="identity">
            <class id="PR:000005022" label="calpain small subunit 1"/>
            <span end="17987" id="16433929-20149" start="17982">Capn4</span>
        </annotation>
        <annotation annotator="Mike Bada, University of Colorado School of Medicine" id="PR_reasoned_2017_04_17_Instance_24775" type="identity">
            <class id="PR:000005022" label="calpain small subunit 1"/>
            <span end="18122" id="16433929-20151" start="18117">Capn4</span>
        </annotation>
        <annotation annotator="Mike Bada, University of Colorado School of Medicine" id="PR_reasoned_2017_04_17_Instance_24777" type="identity">
            <class id="PR:000005022" label="calpain small subunit 1"/>
            <span end="18234" id="16433929-20153" start="18229">Capn4</span>
        </annotation>
        <annotation annotator="Mike Bada, University of Colorado School of Medicine" id="PR_reasoned_2017_04_17_Instance_24779" type="identity">
            <class id="PR:000005022" label="calpain small subunit 1"/>
            <span end="18484" id="16433929-20155" start="18479">Capn4</span>
        </annotation>
        <annotation annotator="Mike Bada, University of Colorado School of Medicine" id="PR_reasoned_2017_04_17_Instance_171715" type="identity">
            <class id="PR:000005022" label="calpain small subunit 1"/>
            <span end="18601" id="16433929-19980" start="18580">calpain small subunit</span>
        </annotation>
        <annotation annotator="Mike Bada, University of Colorado School of Medicine" id="PR_reasoned_2017_04_17_Instance_24781" type="identity">
            <class id="PR:000005015" label="calpain-2 catalytic subunit"/>
            <span end="18937" id="16433929-20157" start="18914">m-calpain large subunit</span>
        </annotation>
        <annotation annotator="Mike Bada, University of Colorado School of Medicine" id="PR_reasoned_2017_04_17_Instance_24783" type="identity">
            <class id="PR:000005022" label="calpain small subunit 1"/>
            <span end="18977" id="16433929-20159" start="18972">Capn4</span>
        </annotation>
        <annotation annotator="Mike Bada, University of Colorado School of Medicine" id="PR_reasoned_2017_04_17_Instance_24785" type="identity">
            <class id="PR:000005022" label="calpain small subunit 1"/>
            <span end="19195" id="16433929-20161" start="19190">Capn4</span>
        </annotation>
        <annotation annotator="Mike Bada, University of Colorado School of Medicine" id="PR_reasoned_2017_04_17_Instance_24917" type="identity">
            <class id="PR:000010445" label="histone-lysine N-methyltransferase 2A"/>
            <span end="19591" id="16433929-20263" start="19569">mixed lineage leukemia</span>
        </annotation>
        <annotation annotator="Mike Bada, University of Colorado School of Medicine" id="PR_reasoned_2017_04_17_Instance_24919" type="identity">
            <class id="PR:000010445" label="histone-lysine N-methyltransferase 2A"/>
            <span end="19596" id="16433929-20265" start="19593">Mll</span>
        </annotation>
        <annotation annotator="Mike Bada, University of Colorado School of Medicine" id="PR_reasoned_2017_04_17_Instance_24787" type="identity">
            <class id="PR:000005022" label="calpain small subunit 1"/>
            <span end="19925" id="16433929-20163" start="19920">Capn4</span>
        </annotation>
        <annotation annotator="Mike Bada, University of Colorado School of Medicine" id="PR_reasoned_2017_04_17_Instance_24789" type="identity">
            <class id="PR:000005022" label="calpain small subunit 1"/>
            <span end="20035" id="16433929-20165" start="20030">Capn4</span>
        </annotation>
        <annotation annotator="Mike Bada, University of Colorado School of Medicine" id="PR_reasoned_2017_04_17_Instance_24791" type="identity">
            <class id="PR:000005022" label="calpain small subunit 1"/>
            <span end="21052" id="16433929-20167" start="21047">Capn4</span>
        </annotation>
        <annotation annotator="Mike Bada, University of Colorado School of Medicine" id="PR_reasoned_2017_04_17_Instance_24793" type="identity">
            <class id="PR:000005015" label="calpain-2 catalytic subunit"/>
            <span end="22003" id="16433929-20169" start="21998">Capn2</span>
        </annotation>
        <annotation annotator="Mike Bada, University of Colorado School of Medicine" id="PR_reasoned_2017_04_17_Instance_24797" type="identity">
            <class id="PR:000005009" label="calpain-1 catalytic subunit"/>
            <span end="22103" id="16433929-20173" start="22080">μ-calpain large subunit</span>
        </annotation>
        <annotation annotator="Mike Bada, University of Colorado School of Medicine" id="PR_reasoned_2017_04_17_Instance_24795" type="identity">
            <class id="PR:000005009" label="calpain-1 catalytic subunit"/>
            <span end="22115" id="16433929-20171" start="22110">Capn1</span>
        </annotation>
        <annotation annotator="Mike Bada, University of Colorado School of Medicine" id="PR_reasoned_2017_04_17_Instance_24799" type="identity">
            <class id="PR:000005009" label="calpain-1 catalytic subunit"/>
            <span end="22213" id="16433929-20175" start="22208">Capn1</span>
        </annotation>
        <annotation annotator="Mike Bada, University of Colorado School of Medicine" id="PR_reasoned_2017_04_17_Instance_24801" type="identity">
            <class id="PR:000005009" label="calpain-1 catalytic subunit"/>
            <span end="22923" id="16433929-20177" start="22918">Capn1</span>
        </annotation>
        <annotation annotator="Mike Bada, University of Colorado School of Medicine" id="PR_reasoned_2017_04_17_Instance_24803" type="identity">
            <class id="PR:000005015" label="calpain-2 catalytic subunit"/>
            <span end="23099" id="16433929-20179" start="23094">Capn2</span>
        </annotation>
        <annotation annotator="Mike Bada, University of Colorado School of Medicine" id="PR_reasoned_2017_04_17_Instance_24805" type="identity">
            <class id="PR:000005015" label="calpain-2 catalytic subunit"/>
            <span end="23356" id="16433929-20181" start="23351">Capn2</span>
        </annotation>
        <annotation annotator="Mike Bada, University of Colorado School of Medicine" id="PR_reasoned_2017_04_17_Instance_24807" type="identity">
            <class id="PR:000005015" label="calpain-2 catalytic subunit"/>
            <span end="23618" id="16433929-20183" start="23613">Capn2</span>
        </annotation>
        <annotation annotator="Mike Bada, University of Colorado School of Medicine" id="PR_reasoned_2017_04_17_Instance_24809" type="identity">
            <class id="PR:000005015" label="calpain-2 catalytic subunit"/>
            <span end="24272" id="16433929-20185" start="24267">Capn2</span>
        </annotation>
        <annotation annotator="Mike Bada, University of Colorado School of Medicine" id="PR_reasoned_2017_04_17_Instance_24811" type="identity">
            <class id="PR:000005015" label="calpain-2 catalytic subunit"/>
            <span end="24417" id="16433929-20187" start="24412">Capn2</span>
        </annotation>
        <annotation annotator="Mike Bada, University of Colorado School of Medicine" id="PR_reasoned_2017_04_17_Instance_24813" type="identity">
            <class id="PR:000005022" label="calpain small subunit 1"/>
            <span end="24907" id="16433929-20189" start="24902">Capn4</span>
        </annotation>
        <annotation annotator="Mike Bada, University of Colorado School of Medicine" id="PR_reasoned_2017_04_17_Instance_24815" type="identity">
            <class id="PR:000005022" label="calpain small subunit 1"/>
            <span end="25046" id="16433929-20191" start="25041">Capn4</span>
        </annotation>
        <annotation annotator="Mike Bada, University of Colorado School of Medicine" id="PR_reasoned_2017_04_17_Instance_24817" type="identity">
            <class id="PR:000005022" label="calpain small subunit 1"/>
            <span end="25248" id="16433929-20193" start="25243">Capn4</span>
        </annotation>
        <annotation annotator="Mike Bada, University of Colorado School of Medicine" id="PR_reasoned_2017_04_17_Instance_24819" type="identity">
            <class id="PR:000003035" label="cellular tumor antigen p53"/>
            <span end="25537" id="16433929-20195" start="25534">p53</span>
        </annotation>
        <annotation annotator="Mike Bada, University of Colorado School of Medicine" id="PR_reasoned_2017_04_17_Instance_24821" type="identity">
            <class id="PR:000000118" label="retinoblastoma-like protein 1"/>
            <span end="25543" id="16433929-20197" start="25539">p107</span>
        </annotation>
        <annotation annotator="Mike Bada, University of Colorado School of Medicine" id="PR_reasoned_2017_04_17_Instance_24823" type="identity">
            <class id="PR:000005121" label="G1/S-specific cyclin-D1"/>
            <span end="25554" id="16433929-20199" start="25545">cyclin D1</span>
        </annotation>
        <annotation annotator="Mike Bada, University of Colorado School of Medicine" id="PR_reasoned_2017_04_17_Instance_24825" type="identity">
            <class id="PR:000003090" label="cyclin-dependent kinase inhibitor 1B"/>
            <span end="25567" id="16433929-20201" start="25560">p27kip1</span>
        </annotation>
        <annotation annotator="Mike Bada, University of Colorado School of Medicine" id="PR_reasoned_2017_04_17_Instance_24827" type="identity">
            <class id="PR:000005022" label="calpain small subunit 1"/>
            <span end="26344" id="16433929-20203" start="26339">Capn4</span>
        </annotation>
        <annotation annotator="Mike Bada, University of Colorado School of Medicine" id="PR_reasoned_2017_04_17_Instance_24829" type="identity">
            <class id="PR:000005022" label="calpain small subunit 1"/>
            <span end="26741" id="16433929-20205" start="26736">Capn4</span>
        </annotation>
        <annotation annotator="Mike Bada, University of Colorado School of Medicine" id="PR_reasoned_2017_04_17_Instance_24831" type="identity">
            <class id="PR:000005015" label="calpain-2 catalytic subunit"/>
            <span end="27020" id="16433929-20207" start="27015">Capn2</span>
        </annotation>
        <annotation annotator="Mike Bada, University of Colorado School of Medicine" id="PR_reasoned_2017_04_17_Instance_24833" type="identity">
            <class id="PR:000005015" label="calpain-2 catalytic subunit"/>
            <span end="27032" id="16433929-20209" start="27027">Capn2</span>
        </annotation>
        <annotation annotator="Mike Bada, University of Colorado School of Medicine" id="PR_reasoned_2017_04_17_Instance_24835" type="identity">
            <class id="PR:000005015" label="calpain-2 catalytic subunit"/>
            <span end="27260" id="16433929-20211" start="27246">m-80 k subunit</span>
        </annotation>
        <annotation annotator="Mike Bada, University of Colorado School of Medicine" id="PR_reasoned_2017_04_17_Instance_24837" type="identity">
            <class id="PR:000005015" label="calpain-2 catalytic subunit"/>
            <span end="27273" id="16433929-20213" start="27268">Capn2</span>
        </annotation>
        <annotation annotator="Mike Bada, University of Colorado School of Medicine" id="PR_reasoned_2017_04_17_Instance_24839" type="identity">
            <class id="PR:000005015" label="calpain-2 catalytic subunit"/>
            <span end="27678" id="16433929-20215" start="27673">Capn2</span>
        </annotation>
        <annotation annotator="Mike Bada, University of Colorado School of Medicine" id="PR_reasoned_2017_04_17_Instance_24841" type="identity">
            <class id="PR:000005015" label="calpain-2 catalytic subunit"/>
            <span end="27698" id="16433929-20217" start="27693">Capn2</span>
        </annotation>
        <annotation annotator="Mike Bada, University of Colorado School of Medicine" id="PR_reasoned_2017_04_17_Instance_24843" type="identity">
            <class id="PR:000005022" label="calpain small subunit 1"/>
            <span end="27977" id="16433929-20219" start="27972">Capn4</span>
        </annotation>
        <annotation annotator="Mike Bada, University of Colorado School of Medicine" id="PR_reasoned_2017_04_17_Instance_24845" type="identity">
            <class id="PR:000005015" label="calpain-2 catalytic subunit"/>
            <span end="29177" id="16433929-20221" start="29172">Capn2</span>
        </annotation>
        <annotation annotator="Mike Bada, University of Colorado School of Medicine" id="PR_reasoned_2017_04_17_Instance_24847" type="identity">
            <class id="PR:000005015" label="calpain-2 catalytic subunit"/>
            <span end="29200" id="16433929-20223" start="29195">Capn2</span>
        </annotation>
        <annotation annotator="Mike Bada, University of Colorado School of Medicine" id="PR_reasoned_2017_04_17_Instance_24849" type="identity">
            <class id="PR:000005015" label="calpain-2 catalytic subunit"/>
            <span end="29264" id="16433929-20225" start="29241">m-calpain large subunit</span>
        </annotation>
        <annotation annotator="Mike Bada, University of Colorado School of Medicine" id="PR_reasoned_2017_04_17_Instance_24851" type="identity">
            <class id="PR:000005015" label="calpain-2 catalytic subunit"/>
            <span end="29272" id="16433929-20227" start="29266">m-80 k</span>
        </annotation>
        <annotation annotator="Mike Bada, University of Colorado School of Medicine" id="PR_reasoned_2017_04_17_Instance_24853" type="identity">
            <class id="PR:000005015" label="calpain-2 catalytic subunit"/>
            <span end="29396" id="16433929-20229" start="29382">m-80 k subunit</span>
        </annotation>
        <annotation annotator="Mike Bada, University of Colorado School of Medicine" id="PR_reasoned_2017_04_17_Instance_140522" type="identity">
            <class id="PR:P23940" label="type-2 restriction enzyme BamHI (Bacillus amyloliquefaciens)"/>
            <span end="29816" id="16433929-19936" start="29811">BamHI</span>
        </annotation>
        <annotation annotator="Mike Bada, University of Colorado School of Medicine" id="PR_reasoned_2017_04_17_Instance_140524" type="identity">
            <class id="PR:P23940" label="type-2 restriction enzyme BamHI (Bacillus amyloliquefaciens)"/>
            <span end="29844" id="16433929-19938" start="29839">BamHI</span>
        </annotation>
        <annotation annotator="Mike Bada, University of Colorado School of Medicine" id="PR_reasoned_2017_04_17_Instance_24855" type="identity">
            <class id="PR:000005015" label="calpain-2 catalytic subunit"/>
            <span end="30250" id="16433929-20231" start="30245">Capn2</span>
        </annotation>
        <annotation annotator="Mike Bada, University of Colorado School of Medicine" id="PR_reasoned_2017_04_17_Instance_140526" type="identity">
            <class id="PR:P23940" label="type-2 restriction enzyme BamHI (Bacillus amyloliquefaciens)"/>
            <span end="30329" id="16433929-19940" start="30324">BamHI</span>
        </annotation>
        <annotation annotator="Mike Bada, University of Colorado School of Medicine" id="PR_reasoned_2017_04_17_Instance_140590" type="identity">
            <class id="PR:P43870" label="type-2 restriction enzyme HindIII (Haemophilus influenzae Rd KW20)"/>
            <span end="30337" id="16433929-19964" start="30330">HindIII</span>
        </annotation>
        <annotation annotator="Mike Bada, University of Colorado School of Medicine" id="PR_reasoned_2017_04_17_Instance_24857" type="identity">
            <class id="PR:000005015" label="calpain-2 catalytic subunit"/>
            <span end="30378" id="16433929-20233" start="30373">Capn2</span>
        </annotation>
        <annotation annotator="Mike Bada, University of Colorado School of Medicine" id="PR_reasoned_2017_04_17_Instance_140592" type="identity">
            <class id="PR:P43870" label="type-2 restriction enzyme HindIII (Haemophilus influenzae Rd KW20)"/>
            <span end="30619" id="16433929-19966" start="30612">HindIII</span>
        </annotation>
        <annotation annotator="Mike Bada, University of Colorado School of Medicine" id="PR_reasoned_2017_04_17_Instance_140528" type="identity">
            <class id="PR:P23940" label="type-2 restriction enzyme BamHI (Bacillus amyloliquefaciens)"/>
            <span end="30625" id="16433929-19942" start="30620">BamHI</span>
        </annotation>
        <annotation annotator="Mike Bada, University of Colorado School of Medicine" id="PR_reasoned_2017_04_17_Instance_140530" type="identity">
            <class id="PR:P23940" label="type-2 restriction enzyme BamHI (Bacillus amyloliquefaciens)"/>
            <span end="30766" id="16433929-19944" start="30761">BamHI</span>
        </annotation>
        <annotation annotator="Mike Bada, University of Colorado School of Medicine" id="PR_reasoned_2017_04_17_Instance_140532" type="identity">
            <class id="PR:P23940" label="type-2 restriction enzyme BamHI (Bacillus amyloliquefaciens)"/>
            <span end="30840" id="16433929-19946" start="30835">BamHI</span>
        </annotation>
        <annotation annotator="Mike Bada, University of Colorado School of Medicine" id="PR_reasoned_2017_04_17_Instance_140534" type="identity">
            <class id="PR:P23940" label="type-2 restriction enzyme BamHI (Bacillus amyloliquefaciens)"/>
            <span end="30912" id="16433929-19948" start="30907">BamHI</span>
        </annotation>
        <annotation annotator="Mike Bada, University of Colorado School of Medicine" id="PR_reasoned_2017_04_17_Instance_140594" type="identity">
            <class id="PR:P43870" label="type-2 restriction enzyme HindIII (Haemophilus influenzae Rd KW20)"/>
            <span end="31116" id="16433929-19968" start="31109">HindIII</span>
        </annotation>
        <annotation annotator="Mike Bada, University of Colorado School of Medicine" id="PR_reasoned_2017_04_17_Instance_24859" type="identity">
            <class id="PR:000005015" label="calpain-2 catalytic subunit"/>
            <span end="31300" id="16433929-20235" start="31295">Capn2</span>
        </annotation>
        <annotation annotator="Mike Bada, University of Colorado School of Medicine" id="PR_reasoned_2017_04_17_Instance_24861" type="identity">
            <class id="PR:000005015" label="calpain-2 catalytic subunit"/>
            <span end="31323" id="16433929-20237" start="31318">Capn2</span>
        </annotation>
        <annotation annotator="Mike Bada, University of Colorado School of Medicine" id="PR_reasoned_2017_04_17_Instance_24863" type="identity">
            <class id="PR:000005015" label="calpain-2 catalytic subunit"/>
            <span end="31357" id="16433929-20239" start="31343">m-80 k subunit</span>
        </annotation>
        <annotation annotator="Mike Bada, University of Colorado School of Medicine" id="PR_reasoned_2017_04_17_Instance_24865" type="identity">
            <class id="PR:000005015" label="calpain-2 catalytic subunit"/>
            <span end="31780" id="16433929-20241" start="31775">Capn2</span>
        </annotation>
        <annotation annotator="Mike Bada, University of Colorado School of Medicine" id="PR_reasoned_2017_04_17_Instance_140536" type="identity">
            <class id="PR:P23940" label="type-2 restriction enzyme BamHI (Bacillus amyloliquefaciens)"/>
            <span end="31957" id="16433929-19950" start="31952">BamHI</span>
        </annotation>
        <annotation annotator="Mike Bada, University of Colorado School of Medicine" id="PR_reasoned_2017_04_17_Instance_140538" type="identity">
            <class id="PR:P23940" label="type-2 restriction enzyme BamHI (Bacillus amyloliquefaciens)"/>
            <span end="32011" id="16433929-19952" start="32006">BamHI</span>
        </annotation>
        <annotation annotator="Mike Bada, University of Colorado School of Medicine" id="PR_reasoned_2017_04_17_Instance_24867" type="identity">
            <class id="PR:000005015" label="calpain-2 catalytic subunit"/>
            <span end="33545" id="16433929-20243" start="33540">Capn2</span>
        </annotation>
        <annotation annotator="Mike Bada, University of Colorado School of Medicine" id="PR_reasoned_2017_04_17_Instance_24869" type="identity">
            <class id="PR:000005015" label="calpain-2 catalytic subunit"/>
            <span end="34330" id="16433929-20245" start="34325">Capn2</span>
        </annotation>
        <annotation annotator="Mike Bada, University of Colorado School of Medicine" id="PR_reasoned_2017_04_17_Instance_140540" type="identity">
            <class id="PR:P23940" label="type-2 restriction enzyme BamHI (Bacillus amyloliquefaciens)"/>
            <span end="34480" id="16433929-19954" start="34475">BamHI</span>
        </annotation>
        <annotation annotator="Mike Bada, University of Colorado School of Medicine" id="PR_reasoned_2017_04_17_Instance_140542" type="identity">
            <class id="PR:P23940" label="type-2 restriction enzyme BamHI (Bacillus amyloliquefaciens)"/>
            <span end="34566" id="16433929-19956" start="34561">BamHI</span>
        </annotation>
        <annotation annotator="Mike Bada, University of Colorado School of Medicine" id="PR_reasoned_2017_04_17_Instance_140596" type="identity">
            <class id="PR:P43870" label="type-2 restriction enzyme HindIII (Haemophilus influenzae Rd KW20)"/>
            <span end="34574" id="16433929-19970" start="34567">HindIII</span>
        </annotation>
        <annotation annotator="Mike Bada, University of Colorado School of Medicine" id="PR_reasoned_2017_04_17_Instance_24871" type="identity">
            <class id="PR:000005015" label="calpain-2 catalytic subunit"/>
            <span end="35701" id="16433929-20247" start="35696">Capn2</span>
        </annotation>
        <annotation annotator="Mike Bada, University of Colorado School of Medicine" id="PR_reasoned_2017_04_17_Instance_24873" type="identity">
            <class id="PR:000006928" label="pro-epidermal growth factor"/>
            <span end="38353" id="16433929-20249" start="38350">EGF</span>
        </annotation>
        <annotation annotator="Mike Bada, University of Colorado School of Medicine" id="PR_reasoned_2017_04_17_Instance_24875" type="identity">
            <class id="PR:000006928" label="pro-epidermal growth factor"/>
            <span end="38378" id="16433929-20251" start="38355">Epidermal growth factor</span>
        </annotation>
        <annotation annotator="Mike Bada, University of Colorado School of Medicine" id="PR_reasoned_2017_04_17_Instance_24877" type="identity">
            <class id="PR:000005015" label="calpain-2 catalytic subunit"/>
            <span end="38526" id="16433929-20253" start="38521">Capn2</span>
        </annotation>
        <annotation annotator="Mike Bada, University of Colorado School of Medicine" id="PR_reasoned_2017_04_17_Instance_24879" type="identity">
            <class id="PR:000005015" label="calpain-2 catalytic subunit"/>
            <span end="39073" id="16433929-20255" start="39068">Capn2</span>
        </annotation>
        <annotation annotator="Mike Bada, University of Colorado School of Medicine" id="PR_reasoned_2017_04_17_Instance_140544" type="identity">
            <class id="PR:P23940" label="type-2 restriction enzyme BamHI (Bacillus amyloliquefaciens)"/>
            <span end="39260" id="16433929-19958" start="39255">BamHI</span>
        </annotation>
        <annotation annotator="Mike Bada, University of Colorado School of Medicine" id="PR_reasoned_2017_04_17_Instance_140546" type="identity">
            <class id="PR:P23940" label="type-2 restriction enzyme BamHI (Bacillus amyloliquefaciens)"/>
            <span end="39344" id="16433929-19960" start="39339">BamHI</span>
        </annotation>
        <annotation annotator="Mike Bada, University of Colorado School of Medicine" id="PR_reasoned_2017_04_17_Instance_24881" type="identity">
            <class id="PR:000005015" label="calpain-2 catalytic subunit"/>
            <span end="39422" id="16433929-20257" start="39417">Capn2</span>
        </annotation>
        <annotation annotator="Mike Bada, University of Colorado School of Medicine" id="PR_reasoned_2017_04_17_Instance_24883" type="identity">
            <class id="PR:000005015" label="calpain-2 catalytic subunit"/>
            <span end="39572" id="16433929-20259" start="39567">Capn2</span>
        </annotation>
        <annotation annotator="Mike Bada, University of Colorado School of Medicine" id="PR_reasoned_2017_04_17_Instance_24885" type="identity">
            <class id="PR:000005015" label="calpain-2 catalytic subunit"/>
            <span end="39847" id="16433929-20261" start="39842">Capn2</span>
        </annotation>
        <graph-space id="Old Knowtator Relations"/>
    </document>
</knowtator-project>
