<?xml version="1.0" encoding="UTF-8" standalone="no"?>
<knowtator-project>
  <document id="16462940" text-file="16462940.txt">
    <annotation annotator="Mike Bada, University of Colorado School of Medicine" id="PR_reasoned_2017_04_17_Instance_24921" type="identity">
      <class id="PR:000004155" label="apolipoprotein E"/>
      <span end="604" id="16462940-20272" start="588">apolipoprotein E</span>
    </annotation>
    <annotation annotator="Mike Bada, University of Colorado School of Medicine" id="PR_reasoned_2017_04_17_Instance_24923" type="identity">
      <class id="PR:000004155" label="apolipoprotein E"/>
      <span end="615" id="16462940-20274" start="611">ApoE</span>
    </annotation>
    <annotation annotator="Mike Bada, University of Colorado School of Medicine" id="PR_reasoned_2017_04_17_Instance_24925" type="identity">
      <class id="PR:000004155" label="apolipoprotein E"/>
      <span end="645" id="16462940-20276" start="641">ApoE</span>
    </annotation>
    <annotation annotator="Mike Bada, University of Colorado School of Medicine" id="PR_reasoned_2017_04_17_Instance_130054" type="identity">
      <class id="PR:000045358" label="insulin family protein"/>
      <span end="3220" id="16462940-20270" start="3213">insulin</span>
    </annotation>
    <annotation annotator="Mike Bada, University of Colorado School of Medicine" id="PR_reasoned_2017_04_17_Instance_24927" type="identity">
      <class id="PR:000004155" label="apolipoprotein E"/>
      <span end="5602" id="16462940-20278" start="5586">apolipoprotein E</span>
    </annotation>
    <annotation annotator="Mike Bada, University of Colorado School of Medicine" id="PR_reasoned_2017_04_17_Instance_24929" type="identity">
      <class id="PR:000004155" label="apolipoprotein E"/>
      <span end="5613" id="16462940-20280" start="5609">ApoE</span>
    </annotation>
    <annotation annotator="Mike Bada, University of Colorado School of Medicine" id="PR_reasoned_2017_04_17_Instance_24931" type="identity">
      <class id="PR:000004155" label="apolipoprotein E"/>
      <span end="5642" id="16462940-20282" start="5638">ApoE</span>
    </annotation>
    <annotation annotator="Mike Bada, University of Colorado School of Medicine" id="PR_reasoned_2017_04_17_Instance_24933" type="identity">
      <class id="PR:000004155" label="apolipoprotein E"/>
      <span end="6204" id="16462940-20284" start="6200">ApoE</span>
    </annotation>
    <annotation annotator="Mike Bada, University of Colorado School of Medicine" id="PR_reasoned_2017_04_17_Instance_24935" type="identity">
      <class id="PR:000004155" label="apolipoprotein E"/>
      <span end="6220" id="16462940-20286" start="6216">ApoE</span>
    </annotation>
    <annotation annotator="Mike Bada, University of Colorado School of Medicine" id="PR_reasoned_2017_04_17_Instance_24937" type="identity">
      <class id="PR:000004155" label="apolipoprotein E"/>
      <span end="6251" id="16462940-20288" start="6247">ApoE</span>
    </annotation>
    <annotation annotator="Mike Bada, University of Colorado School of Medicine" id="PR_reasoned_2017_04_17_Instance_24939" type="identity">
      <class id="PR:000004155" label="apolipoprotein E"/>
      <span end="6414" id="16462940-20290" start="6410">ApoE</span>
    </annotation>
    <annotation annotator="Mike Bada, University of Colorado School of Medicine" id="PR_reasoned_2017_04_17_Instance_24941" type="identity">
      <class id="PR:000004155" label="apolipoprotein E"/>
      <span end="6448" id="16462940-20292" start="6444">ApoE</span>
    </annotation>
    <annotation annotator="Mike Bada, University of Colorado School of Medicine" id="PR_reasoned_2017_04_17_Instance_24943" type="identity">
      <class id="PR:000004155" label="apolipoprotein E"/>
      <span end="13867" id="16462940-20294" start="13863">ApoE</span>
    </annotation>
    <annotation annotator="Mike Bada, University of Colorado School of Medicine" id="PR_reasoned_2017_04_17_Instance_24945" type="identity">
      <class id="PR:000004155" label="apolipoprotein E"/>
      <span end="24151" id="16462940-20296" start="24147">ApoE</span>
    </annotation>
    <annotation annotator="Mike Bada, University of Colorado School of Medicine" id="PR_reasoned_2017_04_17_Instance_24947" type="identity">
      <class id="PR:000004155" label="apolipoprotein E"/>
      <span end="32470" id="16462940-20298" start="32466">ApoE</span>
    </annotation>
    <annotation annotator="Mike Bada, University of Colorado School of Medicine" id="PR_reasoned_2017_04_17_Instance_24949" type="identity">
      <class id="PR:000004155" label="apolipoprotein E"/>
      <span end="32482" id="16462940-20300" start="32478">ApoE</span>
    </annotation>
    <annotation annotator="Mike Bada, University of Colorado School of Medicine" id="PR_reasoned_2017_04_17_Instance_24951" type="identity">
      <class id="PR:000004155" label="apolipoprotein E"/>
      <span end="32574" id="16462940-20302" start="32570">ApoE</span>
    </annotation>
    <annotation annotator="Mike Bada, University of Colorado School of Medicine" id="PR_reasoned_2017_04_17_Instance_24953" type="identity">
      <class id="PR:000004155" label="apolipoprotein E"/>
      <span end="32587" id="16462940-20304" start="32583">ApoE</span>
    </annotation>
    <annotation annotator="Mike Bada, University of Colorado School of Medicine" id="PR_reasoned_2017_04_17_Instance_24955" type="identity">
      <class id="PR:000004155" label="apolipoprotein E"/>
      <span end="32630" id="16462940-20306" start="32626">ApoE</span>
    </annotation>
    <annotation annotator="Mike Bada, University of Colorado School of Medicine" id="PR_reasoned_2017_04_17_Instance_24957" type="identity">
      <class id="PR:000004155" label="apolipoprotein E"/>
      <span end="32730" id="16462940-20308" start="32726">ApoE</span>
    </annotation>
    <annotation annotator="Mike Bada, University of Colorado School of Medicine" id="PR_reasoned_2017_04_17_Instance_24959" type="identity">
      <class id="PR:000004155" label="apolipoprotein E"/>
      <span end="32746" id="16462940-20310" start="32742">ApoE</span>
    </annotation>
    <annotation annotator="Mike Bada, University of Colorado School of Medicine" id="PR_reasoned_2017_04_17_Instance_24961" type="identity">
      <class id="PR:000004155" label="apolipoprotein E"/>
      <span end="44071" id="16462940-20312" start="44067">ApoE</span>
    </annotation>
    <annotation annotator="Mike Bada, University of Colorado School of Medicine" id="PR_reasoned_2017_04_17_Instance_24963" type="identity">
      <class id="PR:000004155" label="apolipoprotein E"/>
      <span end="44125" id="16462940-20314" start="44121">ApoE</span>
    </annotation>
    <annotation annotator="Mike Bada, University of Colorado School of Medicine" id="PR_reasoned_2017_04_17_Instance_24965" type="identity">
      <class id="PR:000004155" label="apolipoprotein E"/>
      <span end="44147" id="16462940-20316" start="44131">apolipoprotein E</span>
    </annotation>
    <annotation annotator="Mike Bada, University of Colorado School of Medicine" id="PR_reasoned_2017_04_17_Instance_24967" type="identity">
      <class id="PR:000004155" label="apolipoprotein E"/>
      <span end="49492" id="16462940-20318" start="49488">ApoE</span>
    </annotation>
    <graph-space id="Old Knowtator Relations"/>
  </document>
</knowtator-project>
