<?xml version="1.0" encoding="UTF-8" standalone="no"?>
<knowtator-project>
  <document id="16504174" text-file="16504174.txt">
    <annotation annotator="Mike Bada, University of Colorado School of Medicine" id="PR_reasoned_2017_04_17_Instance_25219" type="identity">
      <class id="PR:000006847" label="developmental pluripotency-associated protein 5A"/>
      <span end="70" id="16504174-20595" start="66">ESG1</span>
    </annotation>
    <annotation annotator="Mike Bada, University of Colorado School of Medicine" id="PR_reasoned_2017_04_17_Instance_25221" type="identity">
      <class id="PR:000006847" label="developmental pluripotency-associated protein 5A"/>
      <span end="76" id="16504174-20597" start="72">PH34</span>
    </annotation>
    <annotation annotator="Mike Bada, University of Colorado School of Medicine" id="PR_reasoned_2017_04_17_Instance_25223" type="identity">
      <class id="PR:000006847" label="developmental pluripotency-associated protein 5A"/>
      <span end="82" id="16504174-20599" start="77">ECAT2</span>
    </annotation>
    <annotation annotator="Mike Bada, University of Colorado School of Medicine" id="PR_reasoned_2017_04_17_Instance_25225" type="identity">
      <class id="PR:000006847" label="developmental pluripotency-associated protein 5A"/>
      <span end="88" id="16504174-20601" start="83">DPPA5</span>
    </annotation>
    <annotation annotator="Mike Bada, University of Colorado School of Medicine" id="PR_reasoned_2017_04_17_Instance_25227" type="identity">
      <class id="PR:000006847" label="developmental pluripotency-associated protein 5A"/>
      <span end="146" id="16504174-20603" start="113">Embryonic stem cell-specific gene</span>
      <span end="154" id="16504174-20604" start="153">1</span>
    </annotation>
    <annotation annotator="Mike Bada, University of Colorado School of Medicine" id="PR_reasoned_2017_04_17_Instance_25229" type="identity">
      <class id="PR:000006847" label="developmental pluripotency-associated protein 5A"/>
      <span end="151" id="16504174-20606" start="148">ESG</span>
      <span end="154" id="16504174-20607" start="153">1</span>
    </annotation>
    <annotation annotator="Mike Bada, University of Colorado School of Medicine" id="PR_reasoned_2017_04_17_Instance_25231" type="identity">
      <class id="PR:000006847" label="developmental pluripotency-associated protein 5A"/>
      <span end="357" id="16504174-20609" start="353">ESG1</span>
    </annotation>
    <annotation annotator="Mike Bada, University of Colorado School of Medicine" id="PR_reasoned_2017_04_17_Instance_25233" type="identity">
      <class id="PR:000006847" label="developmental pluripotency-associated protein 5A"/>
      <span end="556" id="16504174-20611" start="552">ESG1</span>
    </annotation>
    <annotation annotator="Mike Bada, University of Colorado School of Medicine" id="PR_reasoned_2017_04_17_Instance_25235" type="identity">
      <class id="PR:000006847" label="developmental pluripotency-associated protein 5A"/>
      <span end="638" id="16504174-20613" start="634">ESG1</span>
    </annotation>
    <annotation annotator="Mike Bada, University of Colorado School of Medicine" id="PR_reasoned_2017_04_17_Instance_25237" type="identity">
      <class id="PR:000006847" label="developmental pluripotency-associated protein 5A"/>
      <span end="666" id="16504174-20615" start="662">ESG1</span>
    </annotation>
    <annotation annotator="Mike Bada, University of Colorado School of Medicine" id="PR_reasoned_2017_04_17_Instance_25239" type="identity">
      <class id="PR:000006847" label="developmental pluripotency-associated protein 5A"/>
      <span end="738" id="16504174-20617" start="734">ESG1</span>
    </annotation>
    <annotation annotator="Mike Bada, University of Colorado School of Medicine" id="PR_reasoned_2017_04_17_Instance_25241" type="identity">
      <class id="PR:000006847" label="developmental pluripotency-associated protein 5A"/>
      <span end="876" id="16504174-20619" start="872">ESG1</span>
    </annotation>
    <annotation annotator="Mike Bada, University of Colorado School of Medicine" id="PR_reasoned_2017_04_17_Instance_25243" type="identity">
      <class id="PR:000006847" label="developmental pluripotency-associated protein 5A"/>
      <span end="1070" id="16504174-20621" start="1066">ESG1</span>
    </annotation>
    <annotation annotator="Mike Bada, University of Colorado School of Medicine" id="PR_reasoned_2017_04_17_Instance_25245" type="identity">
      <class id="PR:000006847" label="developmental pluripotency-associated protein 5A"/>
      <span end="1231" id="16504174-20623" start="1227">ESG1</span>
    </annotation>
    <annotation annotator="Mike Bada, University of Colorado School of Medicine" id="PR_reasoned_2017_04_17_Instance_25247" type="identity">
      <class id="PR:000006847" label="developmental pluripotency-associated protein 5A"/>
      <span end="1299" id="16504174-20625" start="1295">ESG1</span>
    </annotation>
    <annotation annotator="Mike Bada, University of Colorado School of Medicine" id="PR_reasoned_2017_04_17_Instance_25249" type="identity">
      <class id="PR:000006847" label="developmental pluripotency-associated protein 5A"/>
      <span end="1505" id="16504174-20627" start="1501">ESG1</span>
    </annotation>
    <annotation annotator="Mike Bada, University of Colorado School of Medicine" id="PR_reasoned_2017_04_17_Instance_25251" type="identity">
      <class id="PR:000006847" label="developmental pluripotency-associated protein 5A"/>
      <span end="1632" id="16504174-20629" start="1628">ESG1</span>
    </annotation>
    <annotation annotator="Mike Bada, University of Colorado School of Medicine" id="PR_reasoned_2017_04_17_Instance_25253" type="identity">
      <class id="PR:000006847" label="developmental pluripotency-associated protein 5A"/>
      <span end="1779" id="16504174-20631" start="1775">ESG1</span>
    </annotation>
    <annotation annotator="Mike Bada, University of Colorado School of Medicine" id="PR_reasoned_2017_04_17_Instance_25255" type="identity">
      <class id="PR:000006847" label="developmental pluripotency-associated protein 5A"/>
      <span end="2919" id="16504174-20633" start="2915">ESG1</span>
    </annotation>
    <annotation annotator="Mike Bada, University of Colorado School of Medicine" id="PR_reasoned_2017_04_17_Instance_25257" type="identity">
      <class id="PR:000006847" label="developmental pluripotency-associated protein 5A"/>
      <span end="2950" id="16504174-20635" start="2945">dppa5</span>
    </annotation>
    <annotation annotator="Mike Bada, University of Colorado School of Medicine" id="PR_reasoned_2017_04_17_Instance_25259" type="identity">
      <class id="PR:000006847" label="developmental pluripotency-associated protein 5A"/>
      <span end="2959" id="16504174-20637" start="2954">ECAT2</span>
    </annotation>
    <annotation annotator="Mike Bada, University of Colorado School of Medicine" id="PR_reasoned_2017_04_17_Instance_25261" type="identity">
      <class id="PR:000006847" label="developmental pluripotency-associated protein 5A"/>
      <span end="2966" id="16504174-20639" start="2962">ESG1</span>
    </annotation>
    <annotation annotator="Mike Bada, University of Colorado School of Medicine" id="PR_reasoned_2017_04_17_Instance_25263" type="identity">
      <class id="PR:000006847" label="developmental pluripotency-associated protein 5A"/>
      <span end="3013" id="16504174-20641" start="3009">Ph34</span>
    </annotation>
    <annotation annotator="Mike Bada, University of Colorado School of Medicine" id="PR_reasoned_2017_04_17_Instance_25265" type="identity">
      <class id="PR:000006847" label="developmental pluripotency-associated protein 5A"/>
      <span end="3308" id="16504174-20643" start="3304">ESG1</span>
    </annotation>
    <annotation annotator="Mike Bada, University of Colorado School of Medicine" id="PR_reasoned_2017_04_17_Instance_25267" type="identity">
      <class id="PR:000006847" label="developmental pluripotency-associated protein 5A"/>
      <span end="3457" id="16504174-20645" start="3453">ESG1</span>
    </annotation>
    <annotation annotator="Mike Bada, University of Colorado School of Medicine" id="PR_reasoned_2017_04_17_Instance_25269" type="identity">
      <class id="PR:000006847" label="developmental pluripotency-associated protein 5A"/>
      <span end="3628" id="16504174-20647" start="3624">ESG1</span>
    </annotation>
    <annotation annotator="Mike Bada, University of Colorado School of Medicine" id="PR_reasoned_2017_04_17_Instance_25271" type="identity">
      <class id="PR:000006847" label="developmental pluripotency-associated protein 5A"/>
      <span end="3738" id="16504174-20649" start="3734">ESG1</span>
    </annotation>
    <annotation annotator="Mike Bada, University of Colorado School of Medicine" id="PR_reasoned_2017_04_17_Instance_25273" type="identity">
      <class id="PR:000006847" label="developmental pluripotency-associated protein 5A"/>
      <span end="3920" id="16504174-20651" start="3916">ESG1</span>
    </annotation>
    <annotation annotator="Mike Bada, University of Colorado School of Medicine" id="PR_reasoned_2017_04_17_Instance_25275" type="identity">
      <class id="PR:000006847" label="developmental pluripotency-associated protein 5A"/>
      <span end="3981" id="16504174-20653" start="3977">ESG1</span>
    </annotation>
    <annotation annotator="Mike Bada, University of Colorado School of Medicine" id="PR_reasoned_2017_04_17_Instance_25277" type="identity">
      <class id="PR:000006847" label="developmental pluripotency-associated protein 5A"/>
      <span end="4226" id="16504174-20655" start="4222">ESG1</span>
    </annotation>
    <annotation annotator="Mike Bada, University of Colorado School of Medicine" id="PR_reasoned_2017_04_17_Instance_25279" type="identity">
      <class id="PR:000006847" label="developmental pluripotency-associated protein 5A"/>
      <span end="4306" id="16504174-20657" start="4302">ESG1</span>
    </annotation>
    <annotation annotator="Mike Bada, University of Colorado School of Medicine" id="PR_reasoned_2017_04_17_Instance_25281" type="identity">
      <class id="PR:000006847" label="developmental pluripotency-associated protein 5A"/>
      <span end="4388" id="16504174-20659" start="4384">ESG1</span>
    </annotation>
    <annotation annotator="Mike Bada, University of Colorado School of Medicine" id="PR_reasoned_2017_04_17_Instance_25283" type="identity">
      <class id="PR:000006847" label="developmental pluripotency-associated protein 5A"/>
      <span end="4484" id="16504174-20661" start="4480">ESG1</span>
    </annotation>
    <annotation annotator="Mike Bada, University of Colorado School of Medicine" id="PR_reasoned_2017_04_17_Instance_25285" type="identity">
      <class id="PR:000006847" label="developmental pluripotency-associated protein 5A"/>
      <span end="4819" id="16504174-20663" start="4815">ESG1</span>
    </annotation>
    <annotation annotator="Mike Bada, University of Colorado School of Medicine" id="PR_reasoned_2017_04_17_Instance_171717" type="identity">
      <class id="PR:000006847" label="developmental pluripotency-associated protein 5A"/>
      <span end="5118" id="16504174-20593" start="5114">ESG1</span>
    </annotation>
    <annotation annotator="Mike Bada, University of Colorado School of Medicine" id="PR_reasoned_2017_04_17_Instance_25287" type="identity">
      <class id="PR:000006847" label="developmental pluripotency-associated protein 5A"/>
      <span end="5412" id="16504174-20665" start="5408">ESG1</span>
    </annotation>
    <annotation annotator="Mike Bada, University of Colorado School of Medicine" id="PR_reasoned_2017_04_17_Instance_25289" type="identity">
      <class id="PR:000006847" label="developmental pluripotency-associated protein 5A"/>
      <span end="5546" id="16504174-20667" start="5542">ESG1</span>
    </annotation>
    <annotation annotator="Mike Bada, University of Colorado School of Medicine" id="PR_reasoned_2017_04_17_Instance_25291" type="identity">
      <class id="PR:000006847" label="developmental pluripotency-associated protein 5A"/>
      <span end="5639" id="16504174-20669" start="5635">ESG1</span>
    </annotation>
    <annotation annotator="Mike Bada, University of Colorado School of Medicine" id="PR_reasoned_2017_04_17_Instance_25293" type="identity">
      <class id="PR:000006847" label="developmental pluripotency-associated protein 5A"/>
      <span end="5769" id="16504174-20671" start="5765">ESG1</span>
    </annotation>
    <annotation annotator="Mike Bada, University of Colorado School of Medicine" id="PR_reasoned_2017_04_17_Instance_25295" type="identity">
      <class id="PR:000006847" label="developmental pluripotency-associated protein 5A"/>
      <span end="5814" id="16504174-20673" start="5810">ESG1</span>
    </annotation>
    <annotation annotator="Mike Bada, University of Colorado School of Medicine" id="PR_reasoned_2017_04_17_Instance_25297" type="identity">
      <class id="PR:000006847" label="developmental pluripotency-associated protein 5A"/>
      <span end="5925" id="16504174-20675" start="5921">ESG1</span>
    </annotation>
    <annotation annotator="Mike Bada, University of Colorado School of Medicine" id="PR_reasoned_2017_04_17_Instance_25299" type="identity">
      <class id="PR:000006847" label="developmental pluripotency-associated protein 5A"/>
      <span end="6266" id="16504174-20677" start="6262">ESG1</span>
    </annotation>
    <annotation annotator="Mike Bada, University of Colorado School of Medicine" id="PR_reasoned_2017_04_17_Instance_25301" type="identity">
      <class id="PR:000006847" label="developmental pluripotency-associated protein 5A"/>
      <span end="6776" id="16504174-20679" start="6772">ESG1</span>
    </annotation>
    <annotation annotator="Mike Bada, University of Colorado School of Medicine" id="PR_reasoned_2017_04_17_Instance_25303" type="identity">
      <class id="PR:000006847" label="developmental pluripotency-associated protein 5A"/>
      <span end="6824" id="16504174-20681" start="6820">ESG1</span>
    </annotation>
    <annotation annotator="Mike Bada, University of Colorado School of Medicine" id="PR_reasoned_2017_04_17_Instance_25305" type="identity">
      <class id="PR:000006847" label="developmental pluripotency-associated protein 5A"/>
      <span end="7233" id="16504174-20683" start="7229">ESG1</span>
    </annotation>
    <annotation annotator="Mike Bada, University of Colorado School of Medicine" id="PR_reasoned_2017_04_17_Instance_25307" type="identity">
      <class id="PR:000006847" label="developmental pluripotency-associated protein 5A"/>
      <span end="7697" id="16504174-20685" start="7693">ESG1</span>
    </annotation>
    <annotation annotator="Mike Bada, University of Colorado School of Medicine" id="PR_reasoned_2017_04_17_Instance_25309" type="identity">
      <class id="PR:000006847" label="developmental pluripotency-associated protein 5A"/>
      <span end="7833" id="16504174-20687" start="7829">ESG1</span>
    </annotation>
    <annotation annotator="Mike Bada, University of Colorado School of Medicine" id="PR_reasoned_2017_04_17_Instance_25311" type="identity">
      <class id="PR:000006847" label="developmental pluripotency-associated protein 5A"/>
      <span end="7920" id="16504174-20689" start="7916">ESG1</span>
    </annotation>
    <annotation annotator="Mike Bada, University of Colorado School of Medicine" id="PR_reasoned_2017_04_17_Instance_25313" type="identity">
      <class id="PR:000006847" label="developmental pluripotency-associated protein 5A"/>
      <span end="8149" id="16504174-20691" start="8145">ESG1</span>
    </annotation>
    <annotation annotator="Mike Bada, University of Colorado School of Medicine" id="PR_reasoned_2017_04_17_Instance_25315" type="identity">
      <class id="PR:000006847" label="developmental pluripotency-associated protein 5A"/>
      <span end="8624" id="16504174-20693" start="8620">ESG1</span>
    </annotation>
    <annotation annotator="Mike Bada, University of Colorado School of Medicine" id="PR_reasoned_2017_04_17_Instance_25317" type="identity">
      <class id="PR:000006847" label="developmental pluripotency-associated protein 5A"/>
      <span end="8810" id="16504174-20695" start="8806">ESG1</span>
    </annotation>
    <annotation annotator="Mike Bada, University of Colorado School of Medicine" id="PR_reasoned_2017_04_17_Instance_25319" type="identity">
      <class id="PR:000006847" label="developmental pluripotency-associated protein 5A"/>
      <span end="8846" id="16504174-20697" start="8842">ESG1</span>
    </annotation>
    <annotation annotator="Mike Bada, University of Colorado School of Medicine" id="PR_reasoned_2017_04_17_Instance_25321" type="identity">
      <class id="PR:000006847" label="developmental pluripotency-associated protein 5A"/>
      <span end="9458" id="16504174-20699" start="9454">ESG1</span>
    </annotation>
    <annotation annotator="Mike Bada, University of Colorado School of Medicine" id="PR_reasoned_2017_04_17_Instance_25323" type="identity">
      <class id="PR:000006847" label="developmental pluripotency-associated protein 5A"/>
      <span end="9906" id="16504174-20701" start="9902">ESG1</span>
    </annotation>
    <annotation annotator="Mike Bada, University of Colorado School of Medicine" id="PR_reasoned_2017_04_17_Instance_25325" type="identity">
      <class id="PR:000006847" label="developmental pluripotency-associated protein 5A"/>
      <span end="10045" id="16504174-20703" start="10041">ESG1</span>
    </annotation>
    <annotation annotator="Mike Bada, University of Colorado School of Medicine" id="PR_reasoned_2017_04_17_Instance_25327" type="identity">
      <class id="PR:000006847" label="developmental pluripotency-associated protein 5A"/>
      <span end="10455" id="16504174-20705" start="10451">ESG1</span>
    </annotation>
    <annotation annotator="Mike Bada, University of Colorado School of Medicine" id="PR_reasoned_2017_04_17_Instance_25329" type="identity">
      <class id="PR:000006847" label="developmental pluripotency-associated protein 5A"/>
      <span end="10535" id="16504174-20707" start="10531">ESG1</span>
    </annotation>
    <annotation annotator="Mike Bada, University of Colorado School of Medicine" id="PR_reasoned_2017_04_17_Instance_25331" type="identity">
      <class id="PR:000006847" label="developmental pluripotency-associated protein 5A"/>
      <span end="10758" id="16504174-20709" start="10754">ESG1</span>
    </annotation>
    <annotation annotator="Mike Bada, University of Colorado School of Medicine" id="PR_reasoned_2017_04_17_Instance_25333" type="identity">
      <class id="PR:000006847" label="developmental pluripotency-associated protein 5A"/>
      <span end="10939" id="16504174-20711" start="10935">ESG1</span>
    </annotation>
    <annotation annotator="Mike Bada, University of Colorado School of Medicine" id="PR_reasoned_2017_04_17_Instance_25337" type="identity">
      <class id="PR:000009799" label="leukemia inhibitory factor"/>
      <span end="11020" id="16504174-20715" start="10994">leukemia inhibitory factor</span>
    </annotation>
    <annotation annotator="Mike Bada, University of Colorado School of Medicine" id="PR_reasoned_2017_04_17_Instance_25335" type="identity">
      <class id="PR:000006847" label="developmental pluripotency-associated protein 5A"/>
      <span end="11253" id="16504174-20713" start="11249">ESG1</span>
    </annotation>
    <annotation annotator="Mike Bada, University of Colorado School of Medicine" id="PR_reasoned_2017_04_17_Instance_25339" type="identity">
      <class id="PR:000006847" label="developmental pluripotency-associated protein 5A"/>
      <span end="11358" id="16504174-20717" start="11354">ESG1</span>
    </annotation>
    <annotation annotator="Mike Bada, University of Colorado School of Medicine" id="PR_reasoned_2017_04_17_Instance_25341" type="identity">
      <class id="PR:000006847" label="developmental pluripotency-associated protein 5A"/>
      <span end="11399" id="16504174-20719" start="11395">ESG1</span>
    </annotation>
    <annotation annotator="Mike Bada, University of Colorado School of Medicine" id="PR_reasoned_2017_04_17_Instance_25343" type="identity">
      <class id="PR:000006847" label="developmental pluripotency-associated protein 5A"/>
      <span end="11488" id="16504174-20721" start="11484">ESG1</span>
    </annotation>
    <annotation annotator="Mike Bada, University of Colorado School of Medicine" id="PR_reasoned_2017_04_17_Instance_25345" type="identity">
      <class id="PR:000006847" label="developmental pluripotency-associated protein 5A"/>
      <span end="11811" id="16504174-20723" start="11807">ESG1</span>
    </annotation>
    <annotation annotator="Mike Bada, University of Colorado School of Medicine" id="PR_reasoned_2017_04_17_Instance_25347" type="identity">
      <class id="PR:000006847" label="developmental pluripotency-associated protein 5A"/>
      <span end="11907" id="16504174-20725" start="11903">ESG1</span>
    </annotation>
    <annotation annotator="Mike Bada, University of Colorado School of Medicine" id="PR_reasoned_2017_04_17_Instance_25349" type="identity">
      <class id="PR:000006847" label="developmental pluripotency-associated protein 5A"/>
      <span end="12031" id="16504174-20727" start="12027">ESG1</span>
    </annotation>
    <annotation annotator="Mike Bada, University of Colorado School of Medicine" id="PR_reasoned_2017_04_17_Instance_25351" type="identity">
      <class id="PR:000006847" label="developmental pluripotency-associated protein 5A"/>
      <span end="12097" id="16504174-20729" start="12093">ESG1</span>
    </annotation>
    <annotation annotator="Mike Bada, University of Colorado School of Medicine" id="PR_reasoned_2017_04_17_Instance_25355" type="identity">
      <class id="PR:000010968" label="homeobox protein NANOG"/>
      <span end="12176" id="16504174-20733" start="12171">Nanog</span>
    </annotation>
    <annotation annotator="Mike Bada, University of Colorado School of Medicine" id="PR_reasoned_2017_04_17_Instance_25357" type="identity">
      <class id="PR:000013044" label="POU domain, class 5, transcription factor 1"/>
      <span end="12185" id="16504174-20735" start="12181">Oct3</span>
    </annotation>
    <annotation annotator="Mike Bada, University of Colorado School of Medicine" id="PR_reasoned_2017_04_17_Instance_25353" type="identity">
      <class id="PR:000006847" label="developmental pluripotency-associated protein 5A"/>
      <span end="12207" id="16504174-20731" start="12203">ESG1</span>
    </annotation>
    <annotation annotator="Mike Bada, University of Colorado School of Medicine" id="PR_reasoned_2017_04_17_Instance_25359" type="identity">
      <class id="PR:000013044" label="POU domain, class 5, transcription factor 1"/>
      <span end="12245" id="16504174-20737" start="12241">Oct3</span>
    </annotation>
    <annotation annotator="Mike Bada, University of Colorado School of Medicine" id="PR_reasoned_2017_04_17_Instance_25361" type="identity">
      <class id="PR:000006847" label="developmental pluripotency-associated protein 5A"/>
      <span end="12389" id="16504174-20739" start="12385">ESG1</span>
    </annotation>
    <annotation annotator="Mike Bada, University of Colorado School of Medicine" id="PR_reasoned_2017_04_17_Instance_25363" type="identity">
      <class id="PR:000006847" label="developmental pluripotency-associated protein 5A"/>
      <span end="12468" id="16504174-20741" start="12464">ESG1</span>
    </annotation>
    <annotation annotator="Mike Bada, University of Colorado School of Medicine" id="PR_reasoned_2017_04_17_Instance_25379" type="identity">
      <class id="PR:000009450" label="keratin, type II cytoskeletal 1"/>
      <span end="12493" id="16504174-20755" start="12489">Krt1</span>
    </annotation>
    <annotation annotator="Mike Bada, University of Colorado School of Medicine" id="PR_reasoned_2017_04_17_Instance_25377" type="identity">
      <class id="PR:000014397" label="homeobox protein Rhox5"/>
      <span end="12500" id="16504174-20753" start="12497">Pem</span>
    </annotation>
    <annotation annotator="Mike Bada, University of Colorado School of Medicine" id="PR_reasoned_2017_04_17_Instance_25365" type="identity">
      <class id="PR:000003172" label="connective tissue growth factor"/>
      <span end="12506" id="16504174-20743" start="12502">Ctgf</span>
    </annotation>
    <annotation annotator="Mike Bada, University of Colorado School of Medicine" id="PR_reasoned_2017_04_17_Instance_25367" type="identity">
      <class id="PR:000013428" label="prostaglandin G/H synthase 2"/>
      <span end="12513" id="16504174-20745" start="12508">Ptgs2</span>
    </annotation>
    <annotation annotator="Mike Bada, University of Colorado School of Medicine" id="PR_reasoned_2017_04_17_Instance_25371" type="identity">
      <class id="PR:000000216" label="activin/inhibin beta A chain"/>
      <span end="12529" id="16504174-20747" start="12524">Inhba</span>
    </annotation>
    <annotation annotator="Mike Bada, University of Colorado School of Medicine" id="PR_reasoned_2017_04_17_Instance_25373" type="identity">
      <class id="PR:000006847" label="developmental pluripotency-associated protein 5A"/>
      <span end="12592" id="16504174-20749" start="12588">ESG1</span>
    </annotation>
    <annotation annotator="Mike Bada, University of Colorado School of Medicine" id="PR_reasoned_2017_04_17_Instance_25375" type="identity">
      <class id="PR:000006847" label="developmental pluripotency-associated protein 5A"/>
      <span end="12604" id="16504174-20751" start="12600">ESG1</span>
    </annotation>
    <annotation annotator="Mike Bada, University of Colorado School of Medicine" id="PR_reasoned_2017_04_17_Instance_25381" type="identity">
      <class id="PR:000006847" label="developmental pluripotency-associated protein 5A"/>
      <span end="12783" id="16504174-20757" start="12779">ESG1</span>
    </annotation>
    <annotation annotator="Mike Bada, University of Colorado School of Medicine" id="PR_reasoned_2017_04_17_Instance_25383" type="identity">
      <class id="PR:000006847" label="developmental pluripotency-associated protein 5A"/>
      <span end="12869" id="16504174-20759" start="12865">ESG1</span>
    </annotation>
    <annotation annotator="Mike Bada, University of Colorado School of Medicine" id="PR_reasoned_2017_04_17_Instance_25385" type="identity">
      <class id="PR:000006847" label="developmental pluripotency-associated protein 5A"/>
      <span end="13095" id="16504174-20761" start="13091">ESG1</span>
    </annotation>
    <annotation annotator="Mike Bada, University of Colorado School of Medicine" id="PR_reasoned_2017_04_17_Instance_25387" type="identity">
      <class id="PR:000006847" label="developmental pluripotency-associated protein 5A"/>
      <span end="13107" id="16504174-20763" start="13103">ESG1</span>
    </annotation>
    <annotation annotator="Mike Bada, University of Colorado School of Medicine" id="PR_reasoned_2017_04_17_Instance_25389" type="identity">
      <class id="PR:000006847" label="developmental pluripotency-associated protein 5A"/>
      <span end="13153" id="16504174-20765" start="13149">ESG1</span>
    </annotation>
    <annotation annotator="Mike Bada, University of Colorado School of Medicine" id="PR_reasoned_2017_04_17_Instance_25391" type="identity">
      <class id="PR:000013044" label="POU domain, class 5, transcription factor 1"/>
      <span end="13159" id="16504174-20767" start="13155">Oct3</span>
    </annotation>
    <annotation annotator="Mike Bada, University of Colorado School of Medicine" id="PR_reasoned_2017_04_17_Instance_25393" type="identity">
      <class id="PR:000005257" label="cell division protein kinase 4"/>
      <span end="13170" id="16504174-20769" start="13166">CDK4</span>
    </annotation>
    <annotation annotator="Mike Bada, University of Colorado School of Medicine" id="PR_reasoned_2017_04_17_Instance_25395" type="identity">
      <class id="PR:000006847" label="developmental pluripotency-associated protein 5A"/>
      <span end="13209" id="16504174-20771" start="13205">ESG1</span>
    </annotation>
    <annotation annotator="Mike Bada, University of Colorado School of Medicine" id="PR_reasoned_2017_04_17_Instance_25397" type="identity">
      <class id="PR:000006847" label="developmental pluripotency-associated protein 5A"/>
      <span end="13247" id="16504174-20773" start="13243">ESG1</span>
    </annotation>
    <annotation annotator="Mike Bada, University of Colorado School of Medicine" id="PR_reasoned_2017_04_17_Instance_25399" type="identity">
      <class id="PR:000006847" label="developmental pluripotency-associated protein 5A"/>
      <span end="13372" id="16504174-20775" start="13368">ESG1</span>
    </annotation>
    <annotation annotator="Mike Bada, University of Colorado School of Medicine" id="PR_reasoned_2017_04_17_Instance_25401" type="identity">
      <class id="PR:000006847" label="developmental pluripotency-associated protein 5A"/>
      <span end="13427" id="16504174-20777" start="13423">ESG1</span>
    </annotation>
    <annotation annotator="Mike Bada, University of Colorado School of Medicine" id="PR_reasoned_2017_04_17_Instance_25403" type="identity">
      <class id="PR:000006847" label="developmental pluripotency-associated protein 5A"/>
      <span end="13443" id="16504174-20779" start="13439">ESG1</span>
    </annotation>
    <annotation annotator="Mike Bada, University of Colorado School of Medicine" id="PR_reasoned_2017_04_17_Instance_25405" type="identity">
      <class id="PR:000006847" label="developmental pluripotency-associated protein 5A"/>
      <span end="13473" id="16504174-20781" start="13469">ESG1</span>
    </annotation>
    <annotation annotator="Mike Bada, University of Colorado School of Medicine" id="PR_reasoned_2017_04_17_Instance_25407" type="identity">
      <class id="PR:000006847" label="developmental pluripotency-associated protein 5A"/>
      <span end="13700" id="16504174-20783" start="13696">ESG1</span>
    </annotation>
    <annotation annotator="Mike Bada, University of Colorado School of Medicine" id="PR_reasoned_2017_04_17_Instance_25409" type="identity">
      <class id="PR:000006847" label="developmental pluripotency-associated protein 5A"/>
      <span end="13845" id="16504174-20785" start="13841">ESG1</span>
    </annotation>
    <annotation annotator="Mike Bada, University of Colorado School of Medicine" id="PR_reasoned_2017_04_17_Instance_25411" type="identity">
      <class id="PR:000006847" label="developmental pluripotency-associated protein 5A"/>
      <span end="13863" id="16504174-20787" start="13859">ESG1</span>
    </annotation>
    <annotation annotator="Mike Bada, University of Colorado School of Medicine" id="PR_reasoned_2017_04_17_Instance_25413" type="identity">
      <class id="PR:000006847" label="developmental pluripotency-associated protein 5A"/>
      <span end="13936" id="16504174-20789" start="13932">ESG1</span>
    </annotation>
    <annotation annotator="Mike Bada, University of Colorado School of Medicine" id="PR_reasoned_2017_04_17_Instance_25415" type="identity">
      <class id="PR:000006847" label="developmental pluripotency-associated protein 5A"/>
      <span end="13951" id="16504174-20791" start="13947">ESG1</span>
    </annotation>
    <annotation annotator="Mike Bada, University of Colorado School of Medicine" id="PR_reasoned_2017_04_17_Instance_25417" type="identity">
      <class id="PR:000006847" label="developmental pluripotency-associated protein 5A"/>
      <span end="14066" id="16504174-20793" start="14062">ESG1</span>
    </annotation>
    <annotation annotator="Mike Bada, University of Colorado School of Medicine" id="PR_reasoned_2017_04_17_Instance_25419" type="identity">
      <class id="PR:000006847" label="developmental pluripotency-associated protein 5A"/>
      <span end="14150" id="16504174-20795" start="14146">ESG1</span>
    </annotation>
    <annotation annotator="Mike Bada, University of Colorado School of Medicine" id="PR_reasoned_2017_04_17_Instance_25421" type="identity">
      <class id="PR:000006847" label="developmental pluripotency-associated protein 5A"/>
      <span end="14365" id="16504174-20797" start="14361">ESG1</span>
    </annotation>
    <annotation annotator="Mike Bada, University of Colorado School of Medicine" id="PR_reasoned_2017_04_17_Instance_25423" type="identity">
      <class id="PR:000006847" label="developmental pluripotency-associated protein 5A"/>
      <span end="14528" id="16504174-20799" start="14524">ESG1</span>
    </annotation>
    <annotation annotator="Mike Bada, University of Colorado School of Medicine" id="PR_reasoned_2017_04_17_Instance_25425" type="identity">
      <class id="PR:000006847" label="developmental pluripotency-associated protein 5A"/>
      <span end="14613" id="16504174-20801" start="14609">ESG1</span>
    </annotation>
    <annotation annotator="Mike Bada, University of Colorado School of Medicine" id="PR_reasoned_2017_04_17_Instance_25427" type="identity">
      <class id="PR:000006847" label="developmental pluripotency-associated protein 5A"/>
      <span end="14718" id="16504174-20803" start="14714">pH34</span>
    </annotation>
    <annotation annotator="Mike Bada, University of Colorado School of Medicine" id="PR_reasoned_2017_04_17_Instance_25429" type="identity">
      <class id="PR:000006847" label="developmental pluripotency-associated protein 5A"/>
      <span end="14761" id="16504174-20805" start="14757">pH34</span>
    </annotation>
    <annotation annotator="Mike Bada, University of Colorado School of Medicine" id="PR_reasoned_2017_04_17_Instance_25431" type="identity">
      <class id="PR:000006847" label="developmental pluripotency-associated protein 5A"/>
      <span end="14927" id="16504174-20807" start="14923">pH34</span>
    </annotation>
    <annotation annotator="Mike Bada, University of Colorado School of Medicine" id="PR_reasoned_2017_04_17_Instance_25433" type="identity">
      <class id="PR:000006847" label="developmental pluripotency-associated protein 5A"/>
      <span end="14977" id="16504174-20809" start="14973">pH34</span>
    </annotation>
    <annotation annotator="Mike Bada, University of Colorado School of Medicine" id="PR_reasoned_2017_04_17_Instance_25435" type="identity">
      <class id="PR:000006847" label="developmental pluripotency-associated protein 5A"/>
      <span end="15016" id="16504174-20811" start="15012">pH34</span>
    </annotation>
    <annotation annotator="Mike Bada, University of Colorado School of Medicine" id="PR_reasoned_2017_04_17_Instance_25437" type="identity">
      <class id="PR:000006847" label="developmental pluripotency-associated protein 5A"/>
      <span end="15066" id="16504174-20813" start="15062">pH34</span>
    </annotation>
    <annotation annotator="Mike Bada, University of Colorado School of Medicine" id="PR_reasoned_2017_04_17_Instance_25439" type="identity">
      <class id="PR:000006847" label="developmental pluripotency-associated protein 5A"/>
      <span end="15113" id="16504174-20815" start="15109">pH34</span>
    </annotation>
    <annotation annotator="Mike Bada, University of Colorado School of Medicine" id="PR_reasoned_2017_04_17_Instance_25441" type="identity">
      <class id="PR:000006847" label="developmental pluripotency-associated protein 5A"/>
      <span end="15234" id="16504174-20817" start="15230">ESG1</span>
    </annotation>
    <annotation annotator="Mike Bada, University of Colorado School of Medicine" id="PR_reasoned_2017_04_17_Instance_25443" type="identity">
      <class id="PR:000006847" label="developmental pluripotency-associated protein 5A"/>
      <span end="15305" id="16504174-20819" start="15301">ESG1</span>
    </annotation>
    <annotation annotator="Mike Bada, University of Colorado School of Medicine" id="PR_reasoned_2017_04_17_Instance_140598" type="identity">
      <class id="PR:P43870" label="type-2 restriction enzyme HindIII (Haemophilus influenzae Rd KW20)"/>
      <span end="15426" id="16504174-20587" start="15419">HindIII</span>
    </annotation>
    <annotation annotator="Mike Bada, University of Colorado School of Medicine" id="PR_reasoned_2017_04_17_Instance_25445" type="identity">
      <class id="PR:000006847" label="developmental pluripotency-associated protein 5A"/>
      <span end="15547" id="16504174-20821" start="15543">ESG1</span>
    </annotation>
    <annotation annotator="Mike Bada, University of Colorado School of Medicine" id="PR_reasoned_2017_04_17_Instance_140556" type="identity">
      <class id="PR:P23940" label="type-2 restriction enzyme BamHI (Bacillus amyloliquefaciens)"/>
      <span end="15655" id="16504174-20585" start="15650">BamHI</span>
    </annotation>
    <annotation annotator="Mike Bada, University of Colorado School of Medicine" id="PR_reasoned_2017_04_17_Instance_25447" type="identity">
      <class id="PR:000006847" label="developmental pluripotency-associated protein 5A"/>
      <span end="15803" id="16504174-20823" start="15799">ESG1</span>
    </annotation>
    <annotation annotator="Mike Bada, University of Colorado School of Medicine" id="PR_reasoned_2017_04_17_Instance_25449" type="identity">
      <class id="PR:000006847" label="developmental pluripotency-associated protein 5A"/>
      <span end="15890" id="16504174-20825" start="15886">pH34</span>
    </annotation>
    <annotation annotator="Mike Bada, University of Colorado School of Medicine" id="PR_reasoned_2017_04_17_Instance_25451" type="identity">
      <class id="PR:000006847" label="developmental pluripotency-associated protein 5A"/>
      <span end="15942" id="16504174-20827" start="15938">pH34</span>
    </annotation>
    <annotation annotator="Mike Bada, University of Colorado School of Medicine" id="PR_reasoned_2017_04_17_Instance_25453" type="identity">
      <class id="PR:000006847" label="developmental pluripotency-associated protein 5A"/>
      <span end="16248" id="16504174-20829" start="16244">ESG1</span>
    </annotation>
    <annotation annotator="Mike Bada, University of Colorado School of Medicine" id="PR_reasoned_2017_04_17_Instance_25455" type="identity">
      <class id="PR:000006847" label="developmental pluripotency-associated protein 5A"/>
      <span end="16442" id="16504174-20831" start="16438">ESG1</span>
    </annotation>
    <annotation annotator="Mike Bada, University of Colorado School of Medicine" id="PR_reasoned_2017_04_17_Instance_25457" type="identity">
      <class id="PR:000006847" label="developmental pluripotency-associated protein 5A"/>
      <span end="16489" id="16504174-20833" start="16485">ESG1</span>
    </annotation>
    <annotation annotator="Mike Bada, University of Colorado School of Medicine" id="PR_reasoned_2017_04_17_Instance_25459" type="identity">
      <class id="PR:000006847" label="developmental pluripotency-associated protein 5A"/>
      <span end="16693" id="16504174-20835" start="16689">pH34</span>
    </annotation>
    <annotation annotator="Mike Bada, University of Colorado School of Medicine" id="PR_reasoned_2017_04_17_Instance_25461" type="identity">
      <class id="PR:000006847" label="developmental pluripotency-associated protein 5A"/>
      <span end="16751" id="16504174-20837" start="16747">pH34</span>
    </annotation>
    <annotation annotator="Mike Bada, University of Colorado School of Medicine" id="PR_reasoned_2017_04_17_Instance_25463" type="identity">
      <class id="PR:000006847" label="developmental pluripotency-associated protein 5A"/>
      <span end="16863" id="16504174-20839" start="16859">pH34</span>
    </annotation>
    <annotation annotator="Mike Bada, University of Colorado School of Medicine" id="PR_reasoned_2017_04_17_Instance_25465" type="identity">
      <class id="PR:000006847" label="developmental pluripotency-associated protein 5A"/>
      <span end="16921" id="16504174-20841" start="16917">pH34</span>
    </annotation>
    <annotation annotator="Mike Bada, University of Colorado School of Medicine" id="PR_reasoned_2017_04_17_Instance_25467" type="identity">
      <class id="PR:000006847" label="developmental pluripotency-associated protein 5A"/>
      <span end="18468" id="16504174-20843" start="18464">ESG1</span>
    </annotation>
    <annotation annotator="Mike Bada, University of Colorado School of Medicine" id="PR_reasoned_2017_04_17_Instance_25469" type="identity">
      <class id="PR:000006847" label="developmental pluripotency-associated protein 5A"/>
      <span end="18519" id="16504174-20845" start="18515">Esg1</span>
    </annotation>
    <annotation annotator="Mike Bada, University of Colorado School of Medicine" id="PR_reasoned_2017_04_17_Instance_25471" type="identity">
      <class id="PR:000006847" label="developmental pluripotency-associated protein 5A"/>
      <span end="18554" id="16504174-20847" start="18550">pH34</span>
    </annotation>
    <annotation annotator="Mike Bada, University of Colorado School of Medicine" id="PR_reasoned_2017_04_17_Instance_25473" type="identity">
      <class id="PR:000006847" label="developmental pluripotency-associated protein 5A"/>
      <span end="18611" id="16504174-20849" start="18607">pH34</span>
    </annotation>
    <annotation annotator="Mike Bada, University of Colorado School of Medicine" id="PR_reasoned_2017_04_17_Instance_25475" type="identity">
      <class id="PR:000006847" label="developmental pluripotency-associated protein 5A"/>
      <span end="18692" id="16504174-20851" start="18688">pH34</span>
    </annotation>
    <annotation annotator="Mike Bada, University of Colorado School of Medicine" id="PR_reasoned_2017_04_17_Instance_25477" type="identity">
      <class id="PR:000006847" label="developmental pluripotency-associated protein 5A"/>
      <span end="18772" id="16504174-20853" start="18768">pH34</span>
    </annotation>
    <annotation annotator="Mike Bada, University of Colorado School of Medicine" id="PR_reasoned_2017_04_17_Instance_25479" type="identity">
      <class id="PR:000006847" label="developmental pluripotency-associated protein 5A"/>
      <span end="18901" id="16504174-20855" start="18897">pH34</span>
    </annotation>
    <annotation annotator="Mike Bada, University of Colorado School of Medicine" id="PR_reasoned_2017_04_17_Instance_25481" type="identity">
      <class id="PR:000006847" label="developmental pluripotency-associated protein 5A"/>
      <span end="19042" id="16504174-20857" start="19038">ESG1</span>
    </annotation>
    <annotation annotator="Mike Bada, University of Colorado School of Medicine" id="PR_reasoned_2017_04_17_Instance_25483" type="identity">
      <class id="PR:000006847" label="developmental pluripotency-associated protein 5A"/>
      <span end="19285" id="16504174-20859" start="19281">ESG1</span>
    </annotation>
    <annotation annotator="Mike Bada, University of Colorado School of Medicine" id="PR_reasoned_2017_04_17_Instance_25485" type="identity">
      <class id="PR:000006847" label="developmental pluripotency-associated protein 5A"/>
      <span end="19568" id="16504174-20861" start="19564">ESG1</span>
    </annotation>
    <annotation annotator="Mike Bada, University of Colorado School of Medicine" id="PR_reasoned_2017_04_17_Instance_25487" type="identity">
      <class id="PR:000013044" label="POU domain, class 5, transcription factor 1"/>
      <span end="19596" id="16504174-20863" start="19592">Oct3</span>
    </annotation>
    <annotation annotator="Mike Bada, University of Colorado School of Medicine" id="PR_reasoned_2017_04_17_Instance_25489" type="identity">
      <class id="PR:000005257" label="cell division protein kinase 4"/>
      <span end="19643" id="16504174-20865" start="19639">CDK4</span>
    </annotation>
    <annotation annotator="Mike Bada, University of Colorado School of Medicine" id="PR_reasoned_2017_04_17_Instance_25491" type="identity">
      <class id="PR:000006847" label="developmental pluripotency-associated protein 5A"/>
      <span end="19972" id="16504174-20867" start="19968">ESG1</span>
    </annotation>
    <annotation annotator="Mike Bada, University of Colorado School of Medicine" id="PR_reasoned_2017_04_17_Instance_25493" type="identity">
      <class id="PR:000006847" label="developmental pluripotency-associated protein 5A"/>
      <span end="20014" id="16504174-20869" start="20010">Esg1</span>
    </annotation>
    <annotation annotator="Mike Bada, University of Colorado School of Medicine" id="PR_reasoned_2017_04_17_Instance_25495" type="identity">
      <class id="PR:000006847" label="developmental pluripotency-associated protein 5A"/>
      <span end="20024" id="16504174-20871" start="20020">ESG1</span>
    </annotation>
    <annotation annotator="Mike Bada, University of Colorado School of Medicine" id="PR_reasoned_2017_04_17_Instance_150064" type="identity">
      <class id="PR:000027795" label="trypsin"/>
      <span end="20648" id="16504174-20589" start="20641">trypsin</span>
    </annotation>
    <annotation annotator="Mike Bada, University of Colorado School of Medicine" id="PR_reasoned_2017_04_17_Instance_150066" type="identity">
      <class id="PR:000027795" label="trypsin"/>
      <span end="20800" id="16504174-20591" start="20793">trypsin</span>
    </annotation>
    <annotation annotator="Mike Bada, University of Colorado School of Medicine" id="PR_reasoned_2017_04_17_Instance_25497" type="identity">
      <class id="PR:000006847" label="developmental pluripotency-associated protein 5A"/>
      <span end="21146" id="16504174-20873" start="21142">ESG1</span>
    </annotation>
    <annotation annotator="Mike Bada, University of Colorado School of Medicine" id="PR_reasoned_2017_04_17_Instance_25499" type="identity">
      <class id="PR:000006847" label="developmental pluripotency-associated protein 5A"/>
      <span end="21580" id="16504174-20875" start="21576">ESG1</span>
    </annotation>
    <annotation annotator="Mike Bada, University of Colorado School of Medicine" id="PR_reasoned_2017_04_17_Instance_25501" type="identity">
      <class id="PR:000006847" label="developmental pluripotency-associated protein 5A"/>
      <span end="21651" id="16504174-20877" start="21647">ESG1</span>
    </annotation>
    <graph-space id="Old Knowtator Relations"/>
  </document>
</knowtator-project>
