<?xml version="1.0" encoding="UTF-8" standalone="no"?>
<knowtator-project>
  <document id="16504143" text-file="16504143.txt">
    <annotation annotator="Mike Bada, University of Colorado School of Medicine" id="PR_reasoned_2017_04_17_Instance_24969" type="identity">
      <class id="PR:000003710" label="disintegrin and metalloproteinase domain-containing protein 11"/>
      <span end="61" id="16504143-20330" start="55">ADAM11</span>
    </annotation>
    <annotation annotator="Mike Bada, University of Colorado School of Medicine" id="PR_reasoned_2017_04_17_Instance_24971" type="identity">
      <class id="PR:000003710" label="disintegrin and metalloproteinase domain-containing protein 11"/>
      <span end="106" id="16504143-20332" start="100">ADAM11</span>
    </annotation>
    <annotation annotator="Mike Bada, University of Colorado School of Medicine" id="PR_reasoned_2017_04_17_Instance_24973" type="identity">
      <class id="PR:000003710" label="disintegrin and metalloproteinase domain-containing protein 11"/>
      <span end="371" id="16504143-20334" start="365">ADAM11</span>
    </annotation>
    <annotation annotator="Mike Bada, University of Colorado School of Medicine" id="PR_reasoned_2017_04_17_Instance_24975" type="identity">
      <class id="PR:000003710" label="disintegrin and metalloproteinase domain-containing protein 11"/>
      <span end="392" id="16504143-20336" start="386">ADAM11</span>
    </annotation>
    <annotation annotator="Mike Bada, University of Colorado School of Medicine" id="PR_reasoned_2017_04_17_Instance_24977" type="identity">
      <class id="PR:000003710" label="disintegrin and metalloproteinase domain-containing protein 11"/>
      <span end="452" id="16504143-20338" start="446">ADAM11</span>
    </annotation>
    <annotation annotator="Mike Bada, University of Colorado School of Medicine" id="PR_reasoned_2017_04_17_Instance_24979" type="identity">
      <class id="PR:000003710" label="disintegrin and metalloproteinase domain-containing protein 11"/>
      <span end="608" id="16504143-20340" start="602">ADAM11</span>
    </annotation>
    <annotation annotator="Mike Bada, University of Colorado School of Medicine" id="PR_reasoned_2017_04_17_Instance_24981" type="identity">
      <class id="PR:000003710" label="disintegrin and metalloproteinase domain-containing protein 11"/>
      <span end="687" id="16504143-20342" start="681">ADAM11</span>
    </annotation>
    <annotation annotator="Mike Bada, University of Colorado School of Medicine" id="PR_reasoned_2017_04_17_Instance_24983" type="identity">
      <class id="PR:000003710" label="disintegrin and metalloproteinase domain-containing protein 11"/>
      <span end="961" id="16504143-20344" start="955">ADAM11</span>
    </annotation>
    <annotation annotator="Mike Bada, University of Colorado School of Medicine" id="PR_reasoned_2017_04_17_Instance_24985" type="identity">
      <class id="PR:000003710" label="disintegrin and metalloproteinase domain-containing protein 11"/>
      <span end="1023" id="16504143-20346" start="1017">ADAM11</span>
    </annotation>
    <annotation annotator="Mike Bada, University of Colorado School of Medicine" id="PR_reasoned_2017_04_17_Instance_24987" type="identity">
      <class id="PR:000003710" label="disintegrin and metalloproteinase domain-containing protein 11"/>
      <span end="1161" id="16504143-20348" start="1155">ADAM11</span>
    </annotation>
    <annotation annotator="Mike Bada, University of Colorado School of Medicine" id="PR_reasoned_2017_04_17_Instance_24989" type="identity">
      <class id="PR:000001278" label="disintegrin and metalloproteinase domain-containing protein 10"/>
      <span end="1822" id="16504143-20350" start="1816">ADAM10</span>
    </annotation>
    <annotation annotator="Mike Bada, University of Colorado School of Medicine" id="PR_reasoned_2017_04_17_Instance_24991" type="identity">
      <class id="PR:000001279" label="ADAM 17 endopeptidase"/>
      <span end="1830" id="16504143-20352" start="1824">ADAM17</span>
    </annotation>
    <annotation annotator="Mike Bada, University of Colorado School of Medicine" id="PR_reasoned_2017_04_17_Instance_24993" type="identity">
      <class id="PR:000003714" label="disintegrin and metalloproteinase domain-containing protein 19"/>
      <span end="1841" id="16504143-20354" start="1835">ADAM19</span>
    </annotation>
    <annotation annotator="Mike Bada, University of Colorado School of Medicine" id="PR_reasoned_2017_04_17_Instance_24995" type="identity">
      <class id="PR:000001280" label="disintegrin and metalloproteinase domain-containing protein 8"/>
      <span end="1980" id="16504143-20356" start="1975">ADAM8</span>
    </annotation>
    <annotation annotator="Mike Bada, University of Colorado School of Medicine" id="PR_reasoned_2017_04_17_Instance_24997" type="identity">
      <class id="PR:000003725" label="disintegrin and metalloproteinase domain-containing protein 9"/>
      <span end="1987" id="16504143-20358" start="1982">ADAM9</span>
    </annotation>
    <annotation annotator="Mike Bada, University of Colorado School of Medicine" id="PR_reasoned_2017_04_17_Instance_24999" type="identity">
      <class id="PR:000003711" label="disintegrin and metalloproteinase domain-containing protein 12"/>
      <span end="1995" id="16504143-20360" start="1989">ADAM12</span>
    </annotation>
    <annotation annotator="Mike Bada, University of Colorado School of Medicine" id="PR_reasoned_2017_04_17_Instance_25001" type="identity">
      <class id="PR:000003712" label="disintegrin and metalloproteinase domain-containing protein 15"/>
      <span end="2006" id="16504143-20362" start="2000">ADAM15</span>
    </annotation>
    <annotation annotator="Mike Bada, University of Colorado School of Medicine" id="PR_reasoned_2017_04_17_Instance_25005" type="identity">
      <class id="PR:000003714" label="disintegrin and metalloproteinase domain-containing protein 19"/>
      <span end="2468" id="16504143-20366" start="2462">unc-71</span>
    </annotation>
    <annotation annotator="Mike Bada, University of Colorado School of Medicine" id="PR_reasoned_2017_04_17_Instance_25003" type="identity">
      <class id="PR:000003715" label="disintegrin and metalloproteinase domain-containing protein 2"/>
      <span end="2734" id="16504143-20364" start="2729">Adam2</span>
    </annotation>
    <annotation annotator="Mike Bada, University of Colorado School of Medicine" id="PR_reasoned_2017_04_17_Instance_25007" type="identity">
      <class id="PR:000003710" label="disintegrin and metalloproteinase domain-containing protein 11"/>
      <span end="2931" id="16504143-20368" start="2925">ADAM11</span>
    </annotation>
    <annotation annotator="Mike Bada, University of Colorado School of Medicine" id="PR_reasoned_2017_04_17_Instance_25009" type="identity">
      <class id="PR:000003718" label="disintegrin and metalloproteinase domain-containing protein 22"/>
      <span end="2939" id="16504143-20370" start="2933">ADAM22</span>
    </annotation>
    <annotation annotator="Mike Bada, University of Colorado School of Medicine" id="PR_reasoned_2017_04_17_Instance_25011" type="identity">
      <class id="PR:000003719" label="disintegrin and metalloproteinase domain-containing protein 23"/>
      <span end="2950" id="16504143-20372" start="2944">ADAM23</span>
    </annotation>
    <annotation annotator="Mike Bada, University of Colorado School of Medicine" id="PR_reasoned_2017_04_17_Instance_25013" type="identity">
      <class id="PR:000003718" label="disintegrin and metalloproteinase domain-containing protein 22"/>
      <span end="3510" id="16504143-20374" start="3504">Adam22</span>
    </annotation>
    <annotation annotator="Mike Bada, University of Colorado School of Medicine" id="PR_reasoned_2017_04_17_Instance_25015" type="identity">
      <class id="PR:000003719" label="disintegrin and metalloproteinase domain-containing protein 23"/>
      <span end="3584" id="16504143-20376" start="3578">Adam23</span>
    </annotation>
    <annotation annotator="Mike Bada, University of Colorado School of Medicine" id="PR_reasoned_2017_04_17_Instance_25017" type="identity">
      <class id="PR:000003718" label="disintegrin and metalloproteinase domain-containing protein 22"/>
      <span end="3778" id="16504143-20378" start="3772">Adam22</span>
    </annotation>
    <annotation annotator="Mike Bada, University of Colorado School of Medicine" id="PR_reasoned_2017_04_17_Instance_25019" type="identity">
      <class id="PR:000003719" label="disintegrin and metalloproteinase domain-containing protein 23"/>
      <span end="3794" id="16504143-20380" start="3788">Adam23</span>
    </annotation>
    <annotation annotator="Mike Bada, University of Colorado School of Medicine" id="PR_reasoned_2017_04_17_Instance_25021" type="identity">
      <class id="PR:000003710" label="disintegrin and metalloproteinase domain-containing protein 11"/>
      <span end="3813" id="16504143-20382" start="3807">ADAM11</span>
    </annotation>
    <annotation annotator="Mike Bada, University of Colorado School of Medicine" id="PR_reasoned_2017_04_17_Instance_25023" type="identity">
      <class id="PR:000003718" label="disintegrin and metalloproteinase domain-containing protein 22"/>
      <span end="3846" id="16504143-20384" start="3840">ADAM22</span>
    </annotation>
    <annotation annotator="Mike Bada, University of Colorado School of Medicine" id="PR_reasoned_2017_04_17_Instance_25025" type="identity">
      <class id="PR:000003719" label="disintegrin and metalloproteinase domain-containing protein 23"/>
      <span end="3857" id="16504143-20386" start="3851">ADAM23</span>
    </annotation>
    <annotation annotator="Mike Bada, University of Colorado School of Medicine" id="PR_reasoned_2017_04_17_Instance_25027" type="identity">
      <class id="PR:000003710" label="disintegrin and metalloproteinase domain-containing protein 11"/>
      <span end="3979" id="16504143-20388" start="3973">ADAM11</span>
    </annotation>
    <annotation annotator="Mike Bada, University of Colorado School of Medicine" id="PR_reasoned_2017_04_17_Instance_25029" type="identity">
      <class id="PR:000003710" label="disintegrin and metalloproteinase domain-containing protein 11"/>
      <span end="4219" id="16504143-20390" start="4213">Adam11</span>
    </annotation>
    <annotation annotator="Mike Bada, University of Colorado School of Medicine" id="PR_reasoned_2017_04_17_Instance_25031" type="identity">
      <class id="PR:000003710" label="disintegrin and metalloproteinase domain-containing protein 11"/>
      <span end="4343" id="16504143-20392" start="4337">ADAM11</span>
    </annotation>
    <annotation annotator="Mike Bada, University of Colorado School of Medicine" id="PR_reasoned_2017_04_17_Instance_25033" type="identity">
      <class id="PR:000003718" label="disintegrin and metalloproteinase domain-containing protein 22"/>
      <span end="4430" id="16504143-20394" start="4424">ADAM22</span>
    </annotation>
    <annotation annotator="Mike Bada, University of Colorado School of Medicine" id="PR_reasoned_2017_04_17_Instance_25035" type="identity">
      <class id="PR:000003719" label="disintegrin and metalloproteinase domain-containing protein 23"/>
      <span end="4441" id="16504143-20396" start="4435">ADAM23</span>
    </annotation>
    <annotation annotator="Mike Bada, University of Colorado School of Medicine" id="PR_reasoned_2017_04_17_Instance_25037" type="identity">
      <class id="PR:000003710" label="disintegrin and metalloproteinase domain-containing protein 11"/>
      <span end="4493" id="16504143-20398" start="4487">ADAM11</span>
    </annotation>
    <annotation annotator="Mike Bada, University of Colorado School of Medicine" id="PR_reasoned_2017_04_17_Instance_25039" type="identity">
      <class id="PR:000003710" label="disintegrin and metalloproteinase domain-containing protein 11"/>
      <span end="4527" id="16504143-20400" start="4521">Adam11</span>
    </annotation>
    <annotation annotator="Mike Bada, University of Colorado School of Medicine" id="PR_reasoned_2017_04_17_Instance_25041" type="identity">
      <class id="PR:000003710" label="disintegrin and metalloproteinase domain-containing protein 11"/>
      <span end="4578" id="16504143-20402" start="4572">ADAM11</span>
    </annotation>
    <annotation annotator="Mike Bada, University of Colorado School of Medicine" id="PR_reasoned_2017_04_17_Instance_25043" type="identity">
      <class id="PR:000003710" label="disintegrin and metalloproteinase domain-containing protein 11"/>
      <span end="4644" id="16504143-20404" start="4638">Adam11</span>
    </annotation>
    <annotation annotator="Mike Bada, University of Colorado School of Medicine" id="PR_reasoned_2017_04_17_Instance_25045" type="identity">
      <class id="PR:000003710" label="disintegrin and metalloproteinase domain-containing protein 11"/>
      <span end="4927" id="16504143-20406" start="4921">ADAM11</span>
    </annotation>
    <annotation annotator="Mike Bada, University of Colorado School of Medicine" id="PR_reasoned_2017_04_17_Instance_25049" type="identity">
      <class id="PR:000003137" label="furin"/>
      <span end="5074" id="16504143-20410" start="5069">furin</span>
    </annotation>
    <annotation annotator="Mike Bada, University of Colorado School of Medicine" id="PR_reasoned_2017_04_17_Instance_25047" type="identity">
      <class id="PR:000003710" label="disintegrin and metalloproteinase domain-containing protein 11"/>
      <span end="5180" id="16504143-20408" start="5174">ADAM11</span>
    </annotation>
    <annotation annotator="Mike Bada, University of Colorado School of Medicine" id="PR_reasoned_2017_04_17_Instance_25051" type="identity">
      <class id="PR:000003710" label="disintegrin and metalloproteinase domain-containing protein 11"/>
      <span end="5242" id="16504143-20412" start="5236">ADAM11</span>
    </annotation>
    <annotation annotator="Mike Bada, University of Colorado School of Medicine" id="PR_reasoned_2017_04_17_Instance_25053" type="identity">
      <class id="PR:000003710" label="disintegrin and metalloproteinase domain-containing protein 11"/>
      <span end="5364" id="16504143-20414" start="5358">ADAM11</span>
    </annotation>
    <annotation annotator="Mike Bada, University of Colorado School of Medicine" id="PR_reasoned_2017_04_17_Instance_25055" type="identity">
      <class id="PR:000003710" label="disintegrin and metalloproteinase domain-containing protein 11"/>
      <span end="5503" id="16504143-20416" start="5497">ADAM11</span>
    </annotation>
    <annotation annotator="Mike Bada, University of Colorado School of Medicine" id="PR_reasoned_2017_04_17_Instance_25057" type="identity">
      <class id="PR:000003710" label="disintegrin and metalloproteinase domain-containing protein 11"/>
      <span end="5520" id="16504143-20418" start="5514">ADAM11</span>
    </annotation>
    <annotation annotator="Mike Bada, University of Colorado School of Medicine" id="PR_reasoned_2017_04_17_Instance_25059" type="identity">
      <class id="PR:000003710" label="disintegrin and metalloproteinase domain-containing protein 11"/>
      <span end="5608" id="16504143-20420" start="5602">ADAM11</span>
    </annotation>
    <annotation annotator="Mike Bada, University of Colorado School of Medicine" id="PR_reasoned_2017_04_17_Instance_25061" type="identity">
      <class id="PR:000003710" label="disintegrin and metalloproteinase domain-containing protein 11"/>
      <span end="5801" id="16504143-20422" start="5795">ADAM11</span>
    </annotation>
    <annotation annotator="Mike Bada, University of Colorado School of Medicine" id="PR_reasoned_2017_04_17_Instance_25063" type="identity">
      <class id="PR:000003710" label="disintegrin and metalloproteinase domain-containing protein 11"/>
      <span end="5965" id="16504143-20424" start="5959">ADAM11</span>
    </annotation>
    <annotation annotator="Mike Bada, University of Colorado School of Medicine" id="PR_reasoned_2017_04_17_Instance_25065" type="identity">
      <class id="PR:000003710" label="disintegrin and metalloproteinase domain-containing protein 11"/>
      <span end="6040" id="16504143-20426" start="6034">Adam11</span>
    </annotation>
    <annotation annotator="Mike Bada, University of Colorado School of Medicine" id="PR_reasoned_2017_04_17_Instance_25067" type="identity">
      <class id="PR:000003710" label="disintegrin and metalloproteinase domain-containing protein 11"/>
      <span end="6667" id="16504143-20428" start="6661">Adam11</span>
    </annotation>
    <annotation annotator="Mike Bada, University of Colorado School of Medicine" id="PR_reasoned_2017_04_17_Instance_25069" type="identity">
      <class id="PR:000003710" label="disintegrin and metalloproteinase domain-containing protein 11"/>
      <span end="6827" id="16504143-20430" start="6821">ADAM11</span>
    </annotation>
    <annotation annotator="Mike Bada, University of Colorado School of Medicine" id="PR_reasoned_2017_04_17_Instance_25071" type="identity">
      <class id="PR:000003710" label="disintegrin and metalloproteinase domain-containing protein 11"/>
      <span end="6876" id="16504143-20432" start="6870">ADAM11</span>
    </annotation>
    <annotation annotator="Mike Bada, University of Colorado School of Medicine" id="PR_reasoned_2017_04_17_Instance_25073" type="identity">
      <class id="PR:000003710" label="disintegrin and metalloproteinase domain-containing protein 11"/>
      <span end="6947" id="16504143-20434" start="6941">ADAM11</span>
    </annotation>
    <annotation annotator="Mike Bada, University of Colorado School of Medicine" id="PR_reasoned_2017_04_17_Instance_25075" type="identity">
      <class id="PR:000003710" label="disintegrin and metalloproteinase domain-containing protein 11"/>
      <span end="7134" id="16504143-20436" start="7128">Adam11</span>
    </annotation>
    <annotation annotator="Mike Bada, University of Colorado School of Medicine" id="PR_reasoned_2017_04_17_Instance_25077" type="identity">
      <class id="PR:000003710" label="disintegrin and metalloproteinase domain-containing protein 11"/>
      <span end="7908" id="16504143-20438" start="7902">Adam11</span>
    </annotation>
    <annotation annotator="Mike Bada, University of Colorado School of Medicine" id="PR_reasoned_2017_04_17_Instance_25079" type="identity">
      <class id="PR:000003710" label="disintegrin and metalloproteinase domain-containing protein 11"/>
      <span end="8723" id="16504143-20440" start="8717">ADAM11</span>
    </annotation>
    <annotation annotator="Mike Bada, University of Colorado School of Medicine" id="PR_reasoned_2017_04_17_Instance_25081" type="identity">
      <class id="PR:000003710" label="disintegrin and metalloproteinase domain-containing protein 11"/>
      <span end="8772" id="16504143-20442" start="8766">ADAM11</span>
    </annotation>
    <annotation annotator="Mike Bada, University of Colorado School of Medicine" id="PR_reasoned_2017_04_17_Instance_25083" type="identity">
      <class id="PR:000003710" label="disintegrin and metalloproteinase domain-containing protein 11"/>
      <span end="8832" id="16504143-20444" start="8826">ADAM11</span>
    </annotation>
    <annotation annotator="Mike Bada, University of Colorado School of Medicine" id="PR_reasoned_2017_04_17_Instance_25085" type="identity">
      <class id="PR:000003710" label="disintegrin and metalloproteinase domain-containing protein 11"/>
      <span end="10325" id="16504143-20446" start="10319">ADAM11</span>
    </annotation>
    <annotation annotator="Mike Bada, University of Colorado School of Medicine" id="PR_reasoned_2017_04_17_Instance_25087" type="identity">
      <class id="PR:000003710" label="disintegrin and metalloproteinase domain-containing protein 11"/>
      <span end="10367" id="16504143-20448" start="10361">Adam11</span>
    </annotation>
    <annotation annotator="Mike Bada, University of Colorado School of Medicine" id="PR_reasoned_2017_04_17_Instance_25089" type="identity">
      <class id="PR:000003710" label="disintegrin and metalloproteinase domain-containing protein 11"/>
      <span end="10410" id="16504143-20450" start="10404">Adam11</span>
    </annotation>
    <annotation annotator="Mike Bada, University of Colorado School of Medicine" id="PR_reasoned_2017_04_17_Instance_25091" type="identity">
      <class id="PR:000003710" label="disintegrin and metalloproteinase domain-containing protein 11"/>
      <span end="10535" id="16504143-20452" start="10529">ADAM11</span>
    </annotation>
    <annotation annotator="Mike Bada, University of Colorado School of Medicine" id="PR_reasoned_2017_04_17_Instance_25093" type="identity">
      <class id="PR:000003710" label="disintegrin and metalloproteinase domain-containing protein 11"/>
      <span end="10725" id="16504143-20454" start="10719">Adam11</span>
    </annotation>
    <annotation annotator="Mike Bada, University of Colorado School of Medicine" id="PR_reasoned_2017_04_17_Instance_25095" type="identity">
      <class id="PR:000003710" label="disintegrin and metalloproteinase domain-containing protein 11"/>
      <span end="10842" id="16504143-20456" start="10836">ADAM11</span>
    </annotation>
    <annotation annotator="Mike Bada, University of Colorado School of Medicine" id="PR_reasoned_2017_04_17_Instance_25097" type="identity">
      <class id="PR:000003710" label="disintegrin and metalloproteinase domain-containing protein 11"/>
      <span end="11009" id="16504143-20458" start="11003">ADAM11</span>
    </annotation>
    <annotation annotator="Mike Bada, University of Colorado School of Medicine" id="PR_reasoned_2017_04_17_Instance_25099" type="identity">
      <class id="PR:000003710" label="disintegrin and metalloproteinase domain-containing protein 11"/>
      <span end="11299" id="16504143-20460" start="11293">ADAM11</span>
    </annotation>
    <annotation annotator="Mike Bada, University of Colorado School of Medicine" id="PR_reasoned_2017_04_17_Instance_25101" type="identity">
      <class id="PR:000003710" label="disintegrin and metalloproteinase domain-containing protein 11"/>
      <span end="11663" id="16504143-20462" start="11657">ADAM11</span>
    </annotation>
    <annotation annotator="Mike Bada, University of Colorado School of Medicine" id="PR_reasoned_2017_04_17_Instance_25103" type="identity">
      <class id="PR:000003710" label="disintegrin and metalloproteinase domain-containing protein 11"/>
      <span end="11858" id="16504143-20464" start="11852">ADAM11</span>
    </annotation>
    <annotation annotator="Mike Bada, University of Colorado School of Medicine" id="PR_reasoned_2017_04_17_Instance_25105" type="identity">
      <class id="PR:000003710" label="disintegrin and metalloproteinase domain-containing protein 11"/>
      <span end="11922" id="16504143-20466" start="11916">ADAM11</span>
    </annotation>
    <annotation annotator="Mike Bada, University of Colorado School of Medicine" id="PR_reasoned_2017_04_17_Instance_25107" type="identity">
      <class id="PR:000003710" label="disintegrin and metalloproteinase domain-containing protein 11"/>
      <span end="12491" id="16504143-20468" start="12485">ADAM11</span>
    </annotation>
    <annotation annotator="Mike Bada, University of Colorado School of Medicine" id="PR_reasoned_2017_04_17_Instance_25109" type="identity">
      <class id="PR:000003710" label="disintegrin and metalloproteinase domain-containing protein 11"/>
      <span end="12585" id="16504143-20470" start="12579">ADAM11</span>
    </annotation>
    <annotation annotator="Mike Bada, University of Colorado School of Medicine" id="PR_reasoned_2017_04_17_Instance_25111" type="identity">
      <class id="PR:000003710" label="disintegrin and metalloproteinase domain-containing protein 11"/>
      <span end="12707" id="16504143-20472" start="12701">ADAM11</span>
    </annotation>
    <annotation annotator="Mike Bada, University of Colorado School of Medicine" id="PR_reasoned_2017_04_17_Instance_25113" type="identity">
      <class id="PR:000003710" label="disintegrin and metalloproteinase domain-containing protein 11"/>
      <span end="12871" id="16504143-20474" start="12865">ADAM11</span>
    </annotation>
    <annotation annotator="Mike Bada, University of Colorado School of Medicine" id="PR_reasoned_2017_04_17_Instance_25115" type="identity">
      <class id="PR:000015906" label="synaptotagmin-4"/>
      <span end="13227" id="16504143-20476" start="13214">synaptotagmin</span>
      <span end="13236" id="16504143-20477" start="13234">IV</span>
    </annotation>
    <annotation annotator="Mike Bada, University of Colorado School of Medicine" id="PR_reasoned_2017_04_17_Instance_25117" type="identity">
      <class id="PR:000015906" label="synaptotagmin-4"/>
      <span end="13232" id="16504143-20479" start="13229">Syt</span>
      <span end="13236" id="16504143-20480" start="13234">IV</span>
    </annotation>
    <annotation annotator="Mike Bada, University of Colorado School of Medicine" id="PR_reasoned_2017_04_17_Instance_25119" type="identity">
      <class id="PR:000015906" label="synaptotagmin-4"/>
      <span end="13518" id="16504143-20482" start="13512">Syt IV</span>
    </annotation>
    <annotation annotator="Mike Bada, University of Colorado School of Medicine" id="PR_reasoned_2017_04_17_Instance_25121" type="identity">
      <class id="PR:000003710" label="disintegrin and metalloproteinase domain-containing protein 11"/>
      <span end="13634" id="16504143-20484" start="13628">ADAM11</span>
    </annotation>
    <annotation annotator="Mike Bada, University of Colorado School of Medicine" id="PR_reasoned_2017_04_17_Instance_25123" type="identity">
      <class id="PR:000003710" label="disintegrin and metalloproteinase domain-containing protein 11"/>
      <span end="13799" id="16504143-20486" start="13793">ADAM11</span>
    </annotation>
    <annotation annotator="Mike Bada, University of Colorado School of Medicine" id="PR_reasoned_2017_04_17_Instance_25125" type="identity">
      <class id="PR:000003710" label="disintegrin and metalloproteinase domain-containing protein 11"/>
      <span end="13968" id="16504143-20488" start="13962">ADAM11</span>
    </annotation>
    <annotation annotator="Mike Bada, University of Colorado School of Medicine" id="PR_reasoned_2017_04_17_Instance_25127" type="identity">
      <class id="PR:000003710" label="disintegrin and metalloproteinase domain-containing protein 11"/>
      <span end="14183" id="16504143-20490" start="14177">ADAM11</span>
    </annotation>
    <annotation annotator="Mike Bada, University of Colorado School of Medicine" id="PR_reasoned_2017_04_17_Instance_25129" type="identity">
      <class id="PR:000003710" label="disintegrin and metalloproteinase domain-containing protein 11"/>
      <span end="14257" id="16504143-20492" start="14251">ADAM11</span>
    </annotation>
    <annotation annotator="Mike Bada, University of Colorado School of Medicine" id="PR_reasoned_2017_04_17_Instance_25131" type="identity">
      <class id="PR:000003710" label="disintegrin and metalloproteinase domain-containing protein 11"/>
      <span end="14632" id="16504143-20494" start="14626">ADAM11</span>
    </annotation>
    <annotation annotator="Mike Bada, University of Colorado School of Medicine" id="PR_reasoned_2017_04_17_Instance_25133" type="identity">
      <class id="PR:000003710" label="disintegrin and metalloproteinase domain-containing protein 11"/>
      <span end="14699" id="16504143-20496" start="14693">Adam11</span>
    </annotation>
    <annotation annotator="Mike Bada, University of Colorado School of Medicine" id="PR_reasoned_2017_04_17_Instance_25135" type="identity">
      <class id="PR:000003710" label="disintegrin and metalloproteinase domain-containing protein 11"/>
      <span end="15099" id="16504143-20498" start="15093">ADAM11</span>
    </annotation>
    <annotation annotator="Mike Bada, University of Colorado School of Medicine" id="PR_reasoned_2017_04_17_Instance_25137" type="identity">
      <class id="PR:000003710" label="disintegrin and metalloproteinase domain-containing protein 11"/>
      <span end="15209" id="16504143-20500" start="15203">ADAM11</span>
    </annotation>
    <annotation annotator="Mike Bada, University of Colorado School of Medicine" id="PR_reasoned_2017_04_17_Instance_25141" type="identity">
      <class id="PR:000001023" label="neural cell adhesion molecule NCAM"/>
      <span end="15417" id="16504143-20504" start="15388">neural cell adhesion molecule</span>
    </annotation>
    <annotation annotator="Mike Bada, University of Colorado School of Medicine" id="PR_reasoned_2017_04_17_Instance_25139" type="identity">
      <class id="PR:000001023" label="neural cell adhesion molecule NCAM"/>
      <span end="15423" id="16504143-20502" start="15419">NCAM</span>
    </annotation>
    <annotation annotator="Mike Bada, University of Colorado School of Medicine" id="PR_reasoned_2017_04_17_Instance_25147" type="identity">
      <class id="PR:000008246" label="glutamate receptor ionotropic, NMDA 2A"/>
      <span end="15954" id="16504143-20510" start="15950">NR2A</span>
      <span end="15972" id="16504143-20511" start="15964">subunits</span>
    </annotation>
    <annotation annotator="Mike Bada, University of Colorado School of Medicine" id="PR_reasoned_2017_04_17_Instance_25149" type="identity">
      <class id="PR:000008248" label="glutamate receptor ionotropic, NMDA 2C"/>
      <span end="15972" id="16504143-20513" start="15959">NR2C subunits</span>
    </annotation>
    <annotation annotator="Mike Bada, University of Colorado School of Medicine" id="PR_reasoned_2017_04_17_Instance_25143" type="identity">
      <class id="PR:000003710" label="disintegrin and metalloproteinase domain-containing protein 11"/>
      <span end="16262" id="16504143-20506" start="16256">ADAM11</span>
    </annotation>
    <annotation annotator="Mike Bada, University of Colorado School of Medicine" id="PR_reasoned_2017_04_17_Instance_25145" type="identity">
      <class id="PR:000003710" label="disintegrin and metalloproteinase domain-containing protein 11"/>
      <span end="16336" id="16504143-20508" start="16330">ADAM11</span>
    </annotation>
    <annotation annotator="Mike Bada, University of Colorado School of Medicine" id="PR_reasoned_2017_04_17_Instance_25151" type="identity">
      <class id="PR:000003710" label="disintegrin and metalloproteinase domain-containing protein 11"/>
      <span end="16467" id="16504143-20515" start="16461">ADAM11</span>
    </annotation>
    <annotation annotator="Mike Bada, University of Colorado School of Medicine" id="PR_reasoned_2017_04_17_Instance_25153" type="identity">
      <class id="PR:000003718" label="disintegrin and metalloproteinase domain-containing protein 22"/>
      <span end="16653" id="16504143-20517" start="16647">Adam22</span>
    </annotation>
    <annotation annotator="Mike Bada, University of Colorado School of Medicine" id="PR_reasoned_2017_04_17_Instance_25155" type="identity">
      <class id="PR:000003719" label="disintegrin and metalloproteinase domain-containing protein 23"/>
      <span end="16793" id="16504143-20519" start="16787">Adam23</span>
    </annotation>
    <annotation annotator="Mike Bada, University of Colorado School of Medicine" id="PR_reasoned_2017_04_17_Instance_25157" type="identity">
      <class id="PR:000003710" label="disintegrin and metalloproteinase domain-containing protein 11"/>
      <span end="16895" id="16504143-20521" start="16889">ADAM11</span>
    </annotation>
    <annotation annotator="Mike Bada, University of Colorado School of Medicine" id="PR_reasoned_2017_04_17_Instance_25159" type="identity">
      <class id="PR:000003718" label="disintegrin and metalloproteinase domain-containing protein 22"/>
      <span end="16903" id="16504143-20523" start="16897">ADAM22</span>
    </annotation>
    <annotation annotator="Mike Bada, University of Colorado School of Medicine" id="PR_reasoned_2017_04_17_Instance_25161" type="identity">
      <class id="PR:000003719" label="disintegrin and metalloproteinase domain-containing protein 23"/>
      <span end="16914" id="16504143-20525" start="16908">ADAM23</span>
    </annotation>
    <annotation annotator="Mike Bada, University of Colorado School of Medicine" id="PR_reasoned_2017_04_17_Instance_25163" type="identity">
      <class id="PR:000003710" label="disintegrin and metalloproteinase domain-containing protein 11"/>
      <span end="17025" id="16504143-20527" start="17019">ADAM11</span>
    </annotation>
    <annotation annotator="Mike Bada, University of Colorado School of Medicine" id="PR_reasoned_2017_04_17_Instance_25165" type="identity">
      <class id="PR:000003718" label="disintegrin and metalloproteinase domain-containing protein 22"/>
      <span end="17033" id="16504143-20529" start="17027">ADAM22</span>
    </annotation>
    <annotation annotator="Mike Bada, University of Colorado School of Medicine" id="PR_reasoned_2017_04_17_Instance_25167" type="identity">
      <class id="PR:000003719" label="disintegrin and metalloproteinase domain-containing protein 23"/>
      <span end="17044" id="16504143-20531" start="17038">ADAM23</span>
    </annotation>
    <annotation annotator="Mike Bada, University of Colorado School of Medicine" id="PR_reasoned_2017_04_17_Instance_25169" type="identity">
      <class id="PR:000003710" label="disintegrin and metalloproteinase domain-containing protein 11"/>
      <span end="17333" id="16504143-20533" start="17327">ADAM11</span>
    </annotation>
    <annotation annotator="Mike Bada, University of Colorado School of Medicine" id="PR_reasoned_2017_04_17_Instance_25171" type="identity">
      <class id="PR:000003710" label="disintegrin and metalloproteinase domain-containing protein 11"/>
      <span end="17674" id="16504143-20535" start="17668">ADAM11</span>
    </annotation>
    <annotation annotator="Mike Bada, University of Colorado School of Medicine" id="PR_reasoned_2017_04_17_Instance_25173" type="identity">
      <class id="PR:000003710" label="disintegrin and metalloproteinase domain-containing protein 11"/>
      <span end="17961" id="16504143-20537" start="17955">Adam11</span>
    </annotation>
    <annotation annotator="Mike Bada, University of Colorado School of Medicine" id="PR_reasoned_2017_04_17_Instance_140548" type="identity">
      <class id="PR:P23940" label="type-2 restriction enzyme BamHI (Bacillus amyloliquefaciens)"/>
      <span end="18002" id="16504143-20322" start="17997">BamHI</span>
    </annotation>
    <annotation annotator="Mike Bada, University of Colorado School of Medicine" id="PR_reasoned_2017_04_17_Instance_25175" type="identity">
      <class id="PR:000003710" label="disintegrin and metalloproteinase domain-containing protein 11"/>
      <span end="18051" id="16504143-20539" start="18045">Adam11</span>
    </annotation>
    <annotation annotator="Mike Bada, University of Colorado School of Medicine" id="PR_reasoned_2017_04_17_Instance_25177" type="identity">
      <class id="PR:000003710" label="disintegrin and metalloproteinase domain-containing protein 11"/>
      <span end="18227" id="16504143-20541" start="18221">Adam11</span>
    </annotation>
    <annotation annotator="Mike Bada, University of Colorado School of Medicine" id="PR_reasoned_2017_04_17_Instance_25179" type="identity">
      <class id="PR:000003710" label="disintegrin and metalloproteinase domain-containing protein 11"/>
      <span end="18294" id="16504143-20543" start="18288">Adam11</span>
    </annotation>
    <annotation annotator="Mike Bada, University of Colorado School of Medicine" id="PR_reasoned_2017_04_17_Instance_25181" type="identity">
      <class id="PR:000003710" label="disintegrin and metalloproteinase domain-containing protein 11"/>
      <span end="18553" id="16504143-20545" start="18547">Adam11</span>
    </annotation>
    <annotation annotator="Mike Bada, University of Colorado School of Medicine" id="PR_reasoned_2017_04_17_Instance_140550" type="identity">
      <class id="PR:P23940" label="type-2 restriction enzyme BamHI (Bacillus amyloliquefaciens)"/>
      <span end="19439" id="16504143-20324" start="19434">BamHI</span>
    </annotation>
    <annotation annotator="Mike Bada, University of Colorado School of Medicine" id="PR_reasoned_2017_04_17_Instance_140552" type="identity">
      <class id="PR:P23940" label="type-2 restriction enzyme BamHI (Bacillus amyloliquefaciens)"/>
      <span end="19532" id="16504143-20326" start="19527">BamHI</span>
    </annotation>
    <annotation annotator="Mike Bada, University of Colorado School of Medicine" id="PR_reasoned_2017_04_17_Instance_25183" type="identity">
      <class id="PR:000003710" label="disintegrin and metalloproteinase domain-containing protein 11"/>
      <span end="19624" id="16504143-20547" start="19618">ADAM11</span>
    </annotation>
    <annotation annotator="Mike Bada, University of Colorado School of Medicine" id="PR_reasoned_2017_04_17_Instance_25185" type="identity">
      <class id="PR:000003710" label="disintegrin and metalloproteinase domain-containing protein 11"/>
      <span end="20258" id="16504143-20549" start="20252">ADAM11</span>
    </annotation>
    <annotation annotator="Mike Bada, University of Colorado School of Medicine" id="PR_reasoned_2017_04_17_Instance_25187" type="identity">
      <class id="PR:000003710" label="disintegrin and metalloproteinase domain-containing protein 11"/>
      <span end="20792" id="16504143-20551" start="20786">ADAM11</span>
    </annotation>
    <annotation annotator="Mike Bada, University of Colorado School of Medicine" id="PR_reasoned_2017_04_17_Instance_25189" type="identity">
      <class id="PR:000003710" label="disintegrin and metalloproteinase domain-containing protein 11"/>
      <span end="26299" id="16504143-20553" start="26293">Adam11</span>
    </annotation>
    <annotation annotator="Mike Bada, University of Colorado School of Medicine" id="PR_reasoned_2017_04_17_Instance_25191" type="identity">
      <class id="PR:000003710" label="disintegrin and metalloproteinase domain-containing protein 11"/>
      <span end="26336" id="16504143-20555" start="26330">ADAM11</span>
    </annotation>
    <annotation annotator="Mike Bada, University of Colorado School of Medicine" id="PR_reasoned_2017_04_17_Instance_25207" type="identity">
      <class id="PR:000006928" label="pro-epidermal growth factor"/>
      <span end="26418" id="16504143-20571" start="26415">EGF</span>
    </annotation>
    <annotation annotator="Mike Bada, University of Colorado School of Medicine" id="PR_reasoned_2017_04_17_Instance_25205" type="identity">
      <class id="PR:000006928" label="pro-epidermal growth factor"/>
      <span end="26441" id="16504143-20569" start="26438">EGF</span>
    </annotation>
    <annotation annotator="Mike Bada, University of Colorado School of Medicine" id="PR_reasoned_2017_04_17_Instance_25193" type="identity">
      <class id="PR:000003710" label="disintegrin and metalloproteinase domain-containing protein 11"/>
      <span end="26506" id="16504143-20557" start="26500">Adam11</span>
    </annotation>
    <annotation annotator="Mike Bada, University of Colorado School of Medicine" id="PR_reasoned_2017_04_17_Instance_140554" type="identity">
      <class id="PR:P23940" label="type-2 restriction enzyme BamHI (Bacillus amyloliquefaciens)"/>
      <span end="26762" id="16504143-20328" start="26757">BamHI</span>
    </annotation>
    <annotation annotator="Mike Bada, University of Colorado School of Medicine" id="PR_reasoned_2017_04_17_Instance_25195" type="identity">
      <class id="PR:000003710" label="disintegrin and metalloproteinase domain-containing protein 11"/>
      <span end="27197" id="16504143-20559" start="27191">ADAM11</span>
    </annotation>
    <annotation annotator="Mike Bada, University of Colorado School of Medicine" id="PR_reasoned_2017_04_17_Instance_25197" type="identity">
      <class id="PR:000003710" label="disintegrin and metalloproteinase domain-containing protein 11"/>
      <span end="27251" id="16504143-20561" start="27245">ADAM11</span>
    </annotation>
    <annotation annotator="Mike Bada, University of Colorado School of Medicine" id="PR_reasoned_2017_04_17_Instance_25199" type="identity">
      <class id="PR:000003710" label="disintegrin and metalloproteinase domain-containing protein 11"/>
      <span end="27318" id="16504143-20563" start="27312">ADAM11</span>
    </annotation>
    <annotation annotator="Mike Bada, University of Colorado School of Medicine" id="PR_reasoned_2017_04_17_Instance_25201" type="identity">
      <class id="PR:000003710" label="disintegrin and metalloproteinase domain-containing protein 11"/>
      <span end="27398" id="16504143-20565" start="27392">ADAM11</span>
    </annotation>
    <annotation annotator="Mike Bada, University of Colorado School of Medicine" id="PR_reasoned_2017_04_17_Instance_25203" type="identity">
      <class id="PR:000003710" label="disintegrin and metalloproteinase domain-containing protein 11"/>
      <span end="27476" id="16504143-20567" start="27470">ADAM11</span>
    </annotation>
    <annotation annotator="Mike Bada, University of Colorado School of Medicine" id="PR_reasoned_2017_04_17_Instance_25209" type="identity">
      <class id="PR:000003710" label="disintegrin and metalloproteinase domain-containing protein 11"/>
      <span end="27699" id="16504143-20573" start="27693">ADAM11</span>
    </annotation>
    <annotation annotator="Mike Bada, University of Colorado School of Medicine" id="PR_reasoned_2017_04_17_Instance_25211" type="identity">
      <class id="PR:000003710" label="disintegrin and metalloproteinase domain-containing protein 11"/>
      <span end="28373" id="16504143-20575" start="28367">ADAM11</span>
    </annotation>
    <annotation annotator="Mike Bada, University of Colorado School of Medicine" id="PR_reasoned_2017_04_17_Instance_25213" type="identity">
      <class id="PR:000003710" label="disintegrin and metalloproteinase domain-containing protein 11"/>
      <span end="28610" id="16504143-20577" start="28604">ADAM11</span>
    </annotation>
    <annotation annotator="Mike Bada, University of Colorado School of Medicine" id="PR_reasoned_2017_04_17_Instance_25215" type="identity">
      <class id="PR:000003710" label="disintegrin and metalloproteinase domain-containing protein 11"/>
      <span end="28719" id="16504143-20579" start="28713">ADAM11</span>
    </annotation>
    <annotation annotator="Mike Bada, University of Colorado School of Medicine" id="PR_reasoned_2017_04_17_Instance_25217" type="identity">
      <class id="PR:000003710" label="disintegrin and metalloproteinase domain-containing protein 11"/>
      <span end="28915" id="16504143-20581" start="28909">ADAM11</span>
    </annotation>
    <graph-space id="Old Knowtator Relations"/>
  </document>
</knowtator-project>
