<?xml version="1.0" encoding="UTF-8" standalone="no"?>
<knowtator-project>
  <document id="16579849" text-file="16579849.txt">
    <annotation annotator="Mike Bada, University of Colorado School of Medicine" id="PR_reasoned_2017_04_17_Instance_27109" type="identity">
      <class id="PR:000006300" label="lipoamide acyltransferase component of branched-chain alpha-keto acid dehydrogenase complex, mitochondrial"/>
      <span end="692" id="16579849-22000" start="682">E2 subunit</span>
    </annotation>
    <annotation annotator="Mike Bada, University of Colorado School of Medicine" id="PR_reasoned_2017_04_17_Instance_26685" type="identity">
      <class id="PR:000006300" label="lipoamide acyltransferase component of branched-chain alpha-keto acid dehydrogenase complex, mitochondrial"/>
      <span end="839" id="16579849-21759" start="837">E2</span>
    </annotation>
    <annotation annotator="Mike Bada, University of Colorado School of Medicine" id="PR_reasoned_2017_04_17_Instance_27111" type="identity">
      <class id="PR:000006300" label="lipoamide acyltransferase component of branched-chain alpha-keto acid dehydrogenase complex, mitochondrial"/>
      <span end="1006" id="16579849-22002" start="996">E2 subunit</span>
    </annotation>
    <annotation annotator="Mike Bada, University of Colorado School of Medicine" id="PR_reasoned_2017_04_17_Instance_26687" type="identity">
      <class id="PR:000006300" label="lipoamide acyltransferase component of branched-chain alpha-keto acid dehydrogenase complex, mitochondrial"/>
      <span end="1198" id="16579849-21761" start="1196">E2</span>
    </annotation>
    <annotation annotator="Mike Bada, University of Colorado School of Medicine" id="PR_reasoned_2017_04_17_Instance_26689" type="identity">
      <class id="PR:000006300" label="lipoamide acyltransferase component of branched-chain alpha-keto acid dehydrogenase complex, mitochondrial"/>
      <span end="1382" id="16579849-21763" start="1380">E2</span>
    </annotation>
    <annotation annotator="Mike Bada, University of Colorado School of Medicine" id="PR_reasoned_2017_04_17_Instance_26691" type="identity">
      <class id="PR:000006300" label="lipoamide acyltransferase component of branched-chain alpha-keto acid dehydrogenase complex, mitochondrial"/>
      <span end="1410" id="16579849-21765" start="1408">E2</span>
    </annotation>
    <annotation annotator="Mike Bada, University of Colorado School of Medicine" id="PR_reasoned_2017_04_17_Instance_26701" type="identity">
      <class id="PR:000006300" label="lipoamide acyltransferase component of branched-chain alpha-keto acid dehydrogenase complex, mitochondrial"/>
      <span end="3606" id="16579849-21775" start="3604">E2</span>
    </annotation>
    <annotation annotator="Mike Bada, University of Colorado School of Medicine" id="PR_reasoned_2017_04_17_Instance_26709" type="identity">
      <class id="PR:000006506" label="dihydrolipoyl dehydrogenase, mitochondrial"/>
      <span end="3646" id="16579849-21784" start="3644">E3</span>
    </annotation>
    <annotation annotator="Mike Bada, University of Colorado School of Medicine" id="PR_reasoned_2017_04_17_Instance_26703" type="identity">
      <class id="PR:000004686" label="2-oxoisovalerate dehydrogenase subunit alpha, mitochondrial"/>
      <span end="3703" id="16579849-21777" start="3702">α</span>
      <span end="3722" id="16579849-21778" start="3714">subunits</span>
    </annotation>
    <annotation annotator="Mike Bada, University of Colorado School of Medicine" id="PR_reasoned_2017_04_17_Instance_26705" type="identity">
      <class id="PR:000004687" label="2-oxoisovalerate dehydrogenase subunit beta, mitochondrial"/>
      <span end="3722" id="16579849-21780" start="3712">β subunits</span>
    </annotation>
    <annotation annotator="Mike Bada, University of Colorado School of Medicine" id="PR_reasoned_2017_04_17_Instance_26693" type="identity">
      <class id="PR:000006300" label="lipoamide acyltransferase component of branched-chain alpha-keto acid dehydrogenase complex, mitochondrial"/>
      <span end="3741" id="16579849-21767" start="3739">E2</span>
    </annotation>
    <annotation annotator="Mike Bada, University of Colorado School of Medicine" id="PR_reasoned_2017_04_17_Instance_26707" type="identity">
      <class id="PR:000006506" label="dihydrolipoyl dehydrogenase, mitochondrial"/>
      <span end="3786" id="16579849-21782" start="3784">E3</span>
    </annotation>
    <annotation annotator="Mike Bada, University of Colorado School of Medicine" id="PR_reasoned_2017_04_17_Instance_26695" type="identity">
      <class id="PR:000004686" label="2-oxoisovalerate dehydrogenase subunit alpha, mitochondrial"/>
      <span end="4132" id="16579849-21769" start="4120">E1 α subunit</span>
    </annotation>
    <annotation annotator="Mike Bada, University of Colorado School of Medicine" id="PR_reasoned_2017_04_17_Instance_26697" type="identity">
      <class id="PR:000006300" label="lipoamide acyltransferase component of branched-chain alpha-keto acid dehydrogenase complex, mitochondrial"/>
      <span end="4197" id="16579849-21771" start="4177">E2 subunits of BCKDH</span>
    </annotation>
    <annotation annotator="Mike Bada, University of Colorado School of Medicine" id="PR_reasoned_2017_04_17_Instance_26699" type="identity">
      <class id="PR:000006300" label="lipoamide acyltransferase component of branched-chain alpha-keto acid dehydrogenase complex, mitochondrial"/>
      <span end="4300" id="16579849-21773" start="4290">E2 subunit</span>
    </annotation>
    <annotation annotator="Mike Bada, University of Colorado School of Medicine" id="PR_reasoned_2017_04_17_Instance_26715" type="identity">
      <class id="PR:000004683" label="branched-chain-amino-acid aminotransferase, mitochondrial"/>
      <span end="6369" id="16579849-21786" start="6324">mitochondrial branched-chain aminotransferase</span>
    </annotation>
    <annotation annotator="Mike Bada, University of Colorado School of Medicine" id="PR_reasoned_2017_04_17_Instance_26719" type="identity">
      <class id="PR:000006300" label="lipoamide acyltransferase component of branched-chain alpha-keto acid dehydrogenase complex, mitochondrial"/>
      <span end="6814" id="16579849-21788" start="6795">E2 subunit of BCKDH</span>
    </annotation>
    <annotation annotator="Mike Bada, University of Colorado School of Medicine" id="PR_reasoned_2017_04_17_Instance_26721" type="identity">
      <class id="PR:000006300" label="lipoamide acyltransferase component of branched-chain alpha-keto acid dehydrogenase complex, mitochondrial"/>
      <span end="6954" id="16579849-21790" start="6952">E2</span>
    </annotation>
    <annotation annotator="Mike Bada, University of Colorado School of Medicine" id="PR_reasoned_2017_04_17_Instance_26723" type="identity">
      <class id="PR:000006300" label="lipoamide acyltransferase component of branched-chain alpha-keto acid dehydrogenase complex, mitochondrial"/>
      <span end="7466" id="16579849-21792" start="7464">E2</span>
    </annotation>
    <annotation annotator="Mike Bada, University of Colorado School of Medicine" id="PR_reasoned_2017_04_17_Instance_26725" type="identity">
      <class id="PR:000006300" label="lipoamide acyltransferase component of branched-chain alpha-keto acid dehydrogenase complex, mitochondrial"/>
      <span end="8815" id="16579849-21794" start="8813">E2</span>
    </annotation>
    <annotation annotator="Mike Bada, University of Colorado School of Medicine" id="PR_reasoned_2017_04_17_Instance_26727" type="identity">
      <class id="PR:000006300" label="lipoamide acyltransferase component of branched-chain alpha-keto acid dehydrogenase complex, mitochondrial"/>
      <span end="8900" id="16579849-21796" start="8898">E2</span>
    </annotation>
    <annotation annotator="Mike Bada, University of Colorado School of Medicine" id="PR_reasoned_2017_04_17_Instance_26729" type="identity">
      <class id="PR:000006300" label="lipoamide acyltransferase component of branched-chain alpha-keto acid dehydrogenase complex, mitochondrial"/>
      <span end="9070" id="16579849-21798" start="9068">E2</span>
    </annotation>
    <annotation annotator="Mike Bada, University of Colorado School of Medicine" id="PR_reasoned_2017_04_17_Instance_26731" type="identity">
      <class id="PR:000006300" label="lipoamide acyltransferase component of branched-chain alpha-keto acid dehydrogenase complex, mitochondrial"/>
      <span end="9190" id="16579849-21800" start="9188">E2</span>
    </annotation>
    <annotation annotator="Mike Bada, University of Colorado School of Medicine" id="PR_reasoned_2017_04_17_Instance_26733" type="identity">
      <class id="PR:000006300" label="lipoamide acyltransferase component of branched-chain alpha-keto acid dehydrogenase complex, mitochondrial"/>
      <span end="9781" id="16579849-21802" start="9779">E2</span>
    </annotation>
    <annotation annotator="Mike Bada, University of Colorado School of Medicine" id="PR_reasoned_2017_04_17_Instance_26735" type="identity">
      <class id="PR:000006300" label="lipoamide acyltransferase component of branched-chain alpha-keto acid dehydrogenase complex, mitochondrial"/>
      <span end="9853" id="16579849-21804" start="9851">E2</span>
    </annotation>
    <annotation annotator="Mike Bada, University of Colorado School of Medicine" id="PR_reasoned_2017_04_17_Instance_26737" type="identity">
      <class id="PR:000006300" label="lipoamide acyltransferase component of branched-chain alpha-keto acid dehydrogenase complex, mitochondrial"/>
      <span end="9865" id="16579849-21806" start="9863">E2</span>
    </annotation>
    <annotation annotator="Mike Bada, University of Colorado School of Medicine" id="PR_reasoned_2017_04_17_Instance_26739" type="identity">
      <class id="PR:000006300" label="lipoamide acyltransferase component of branched-chain alpha-keto acid dehydrogenase complex, mitochondrial"/>
      <span end="9951" id="16579849-21808" start="9949">E2</span>
    </annotation>
    <annotation annotator="Mike Bada, University of Colorado School of Medicine" id="PR_reasoned_2017_04_17_Instance_26741" type="identity">
      <class id="PR:000006300" label="lipoamide acyltransferase component of branched-chain alpha-keto acid dehydrogenase complex, mitochondrial"/>
      <span end="10169" id="16579849-21810" start="10167">E2</span>
    </annotation>
    <annotation annotator="Mike Bada, University of Colorado School of Medicine" id="PR_reasoned_2017_04_17_Instance_26743" type="identity">
      <class id="PR:000006300" label="lipoamide acyltransferase component of branched-chain alpha-keto acid dehydrogenase complex, mitochondrial"/>
      <span end="10400" id="16579849-21812" start="10398">E2</span>
    </annotation>
    <annotation annotator="Mike Bada, University of Colorado School of Medicine" id="PR_reasoned_2017_04_17_Instance_26745" type="identity">
      <class id="PR:000006300" label="lipoamide acyltransferase component of branched-chain alpha-keto acid dehydrogenase complex, mitochondrial"/>
      <span end="10788" id="16579849-21814" start="10786">E2</span>
    </annotation>
    <annotation annotator="Mike Bada, University of Colorado School of Medicine" id="PR_reasoned_2017_04_17_Instance_26747" type="identity">
      <class id="PR:000000084" label="c-myc protein"/>
      <span end="10868" id="16579849-21816" start="10863">c-myc</span>
    </annotation>
    <annotation annotator="Mike Bada, University of Colorado School of Medicine" id="PR_reasoned_2017_04_17_Instance_26749" type="identity">
      <class id="PR:000006300" label="lipoamide acyltransferase component of branched-chain alpha-keto acid dehydrogenase complex, mitochondrial"/>
      <span end="11045" id="16579849-21818" start="11043">E2</span>
    </annotation>
    <annotation annotator="Mike Bada, University of Colorado School of Medicine" id="PR_reasoned_2017_04_17_Instance_140558" type="identity">
      <class id="PR:P23940" label="type-2 restriction enzyme BamHI (Bacillus amyloliquefaciens)"/>
      <span end="11130" id="16579849-21757" start="11125">BamHI</span>
    </annotation>
    <annotation annotator="Mike Bada, University of Colorado School of Medicine" id="PR_reasoned_2017_04_17_Instance_26751" type="identity">
      <class id="PR:000006300" label="lipoamide acyltransferase component of branched-chain alpha-keto acid dehydrogenase complex, mitochondrial"/>
      <span end="11500" id="16579849-21820" start="11498">E2</span>
    </annotation>
    <annotation annotator="Mike Bada, University of Colorado School of Medicine" id="PR_reasoned_2017_04_17_Instance_26753" type="identity">
      <class id="PR:000006300" label="lipoamide acyltransferase component of branched-chain alpha-keto acid dehydrogenase complex, mitochondrial"/>
      <span end="11577" id="16579849-21822" start="11575">E2</span>
    </annotation>
    <annotation annotator="Mike Bada, University of Colorado School of Medicine" id="PR_reasoned_2017_04_17_Instance_26755" type="identity">
      <class id="PR:000006300" label="lipoamide acyltransferase component of branched-chain alpha-keto acid dehydrogenase complex, mitochondrial"/>
      <span end="11675" id="16579849-21824" start="11673">E2</span>
    </annotation>
    <annotation annotator="Mike Bada, University of Colorado School of Medicine" id="PR_reasoned_2017_04_17_Instance_26757" type="identity">
      <class id="PR:000005308" label="CCAAT/enhancer-binding protein beta"/>
      <span end="11696" id="16579849-21826" start="11693">LAP</span>
    </annotation>
    <annotation annotator="Mike Bada, University of Colorado School of Medicine" id="PR_reasoned_2017_04_17_Instance_26759" type="identity">
      <class id="PR:000006300" label="lipoamide acyltransferase component of branched-chain alpha-keto acid dehydrogenase complex, mitochondrial"/>
      <span end="13118" id="16579849-21828" start="13116">E2</span>
    </annotation>
    <annotation annotator="Mike Bada, University of Colorado School of Medicine" id="PR_reasoned_2017_04_17_Instance_26761" type="identity">
      <class id="PR:000006300" label="lipoamide acyltransferase component of branched-chain alpha-keto acid dehydrogenase complex, mitochondrial"/>
      <span end="15479" id="16579849-21830" start="15477">E2</span>
    </annotation>
    <annotation annotator="Mike Bada, University of Colorado School of Medicine" id="PR_reasoned_2017_04_17_Instance_26763" type="identity">
      <class id="PR:000006300" label="lipoamide acyltransferase component of branched-chain alpha-keto acid dehydrogenase complex, mitochondrial"/>
      <span end="15514" id="16579849-21832" start="15512">E2</span>
    </annotation>
    <annotation annotator="Mike Bada, University of Colorado School of Medicine" id="PR_reasoned_2017_04_17_Instance_26765" type="identity">
      <class id="PR:000006300" label="lipoamide acyltransferase component of branched-chain alpha-keto acid dehydrogenase complex, mitochondrial"/>
      <span end="15599" id="16579849-21834" start="15588">E2 subunits</span>
    </annotation>
    <annotation annotator="Mike Bada, University of Colorado School of Medicine" id="PR_reasoned_2017_04_17_Instance_26767" type="identity">
      <class id="PR:000000084" label="c-myc protein"/>
      <span end="15705" id="16579849-21836" start="15700">c-myc</span>
    </annotation>
    <annotation annotator="Mike Bada, University of Colorado School of Medicine" id="PR_reasoned_2017_04_17_Instance_26769" type="identity">
      <class id="PR:000003676" label="actin, cytoplasmic 1"/>
      <span end="15825" id="16579849-21838" start="15818">β-actin</span>
    </annotation>
    <annotation annotator="Mike Bada, University of Colorado School of Medicine" id="PR_reasoned_2017_04_17_Instance_26771" type="identity">
      <class id="PR:000006300" label="lipoamide acyltransferase component of branched-chain alpha-keto acid dehydrogenase complex, mitochondrial"/>
      <span end="16386" id="16579849-21840" start="16384">E2</span>
    </annotation>
    <annotation annotator="Mike Bada, University of Colorado School of Medicine" id="PR_reasoned_2017_04_17_Instance_26773" type="identity">
      <class id="PR:000006300" label="lipoamide acyltransferase component of branched-chain alpha-keto acid dehydrogenase complex, mitochondrial"/>
      <span end="16419" id="16579849-21842" start="16417">E2</span>
    </annotation>
    <annotation annotator="Mike Bada, University of Colorado School of Medicine" id="PR_reasoned_2017_04_17_Instance_26775" type="identity">
      <class id="PR:000006300" label="lipoamide acyltransferase component of branched-chain alpha-keto acid dehydrogenase complex, mitochondrial"/>
      <span end="16493" id="16579849-21844" start="16491">E2</span>
    </annotation>
    <annotation annotator="Mike Bada, University of Colorado School of Medicine" id="PR_reasoned_2017_04_17_Instance_26777" type="identity">
      <class id="PR:000006300" label="lipoamide acyltransferase component of branched-chain alpha-keto acid dehydrogenase complex, mitochondrial"/>
      <span end="16542" id="16579849-21846" start="16540">E2</span>
    </annotation>
    <annotation annotator="Mike Bada, University of Colorado School of Medicine" id="PR_reasoned_2017_04_17_Instance_26779" type="identity">
      <class id="PR:000006300" label="lipoamide acyltransferase component of branched-chain alpha-keto acid dehydrogenase complex, mitochondrial"/>
      <span end="16944" id="16579849-21848" start="16942">E2</span>
    </annotation>
    <annotation annotator="Mike Bada, University of Colorado School of Medicine" id="PR_reasoned_2017_04_17_Instance_26781" type="identity">
      <class id="PR:000006300" label="lipoamide acyltransferase component of branched-chain alpha-keto acid dehydrogenase complex, mitochondrial"/>
      <span end="16991" id="16579849-21850" start="16989">E2</span>
    </annotation>
    <annotation annotator="Mike Bada, University of Colorado School of Medicine" id="PR_reasoned_2017_04_17_Instance_26783" type="identity">
      <class id="PR:000006300" label="lipoamide acyltransferase component of branched-chain alpha-keto acid dehydrogenase complex, mitochondrial"/>
      <span end="17921" id="16579849-21852" start="17919">E2</span>
    </annotation>
    <annotation annotator="Mike Bada, University of Colorado School of Medicine" id="PR_reasoned_2017_04_17_Instance_26785" type="identity">
      <class id="PR:000006300" label="lipoamide acyltransferase component of branched-chain alpha-keto acid dehydrogenase complex, mitochondrial"/>
      <span end="18226" id="16579849-21854" start="18224">E2</span>
    </annotation>
    <annotation annotator="Mike Bada, University of Colorado School of Medicine" id="PR_reasoned_2017_04_17_Instance_26787" type="identity">
      <class id="PR:000006300" label="lipoamide acyltransferase component of branched-chain alpha-keto acid dehydrogenase complex, mitochondrial"/>
      <span end="18883" id="16579849-21856" start="18881">E2</span>
    </annotation>
    <annotation annotator="Mike Bada, University of Colorado School of Medicine" id="PR_reasoned_2017_04_17_Instance_26789" type="identity">
      <class id="PR:000006300" label="lipoamide acyltransferase component of branched-chain alpha-keto acid dehydrogenase complex, mitochondrial"/>
      <span end="18992" id="16579849-21858" start="18990">E2</span>
    </annotation>
    <annotation annotator="Mike Bada, University of Colorado School of Medicine" id="PR_reasoned_2017_04_17_Instance_26791" type="identity">
      <class id="PR:000006300" label="lipoamide acyltransferase component of branched-chain alpha-keto acid dehydrogenase complex, mitochondrial"/>
      <span end="20352" id="16579849-21860" start="20350">E2</span>
    </annotation>
    <annotation annotator="Mike Bada, University of Colorado School of Medicine" id="PR_reasoned_2017_04_17_Instance_26793" type="identity">
      <class id="PR:000006300" label="lipoamide acyltransferase component of branched-chain alpha-keto acid dehydrogenase complex, mitochondrial"/>
      <span end="20393" id="16579849-21862" start="20391">E2</span>
    </annotation>
    <annotation annotator="Mike Bada, University of Colorado School of Medicine" id="PR_reasoned_2017_04_17_Instance_26795" type="identity">
      <class id="PR:000006300" label="lipoamide acyltransferase component of branched-chain alpha-keto acid dehydrogenase complex, mitochondrial"/>
      <span end="20462" id="16579849-21864" start="20460">E2</span>
    </annotation>
    <annotation annotator="Mike Bada, University of Colorado School of Medicine" id="PR_reasoned_2017_04_17_Instance_26797" type="identity">
      <class id="PR:000006300" label="lipoamide acyltransferase component of branched-chain alpha-keto acid dehydrogenase complex, mitochondrial"/>
      <span end="20568" id="16579849-21866" start="20566">E2</span>
    </annotation>
    <annotation annotator="Mike Bada, University of Colorado School of Medicine" id="PR_reasoned_2017_04_17_Instance_26799" type="identity">
      <class id="PR:000006300" label="lipoamide acyltransferase component of branched-chain alpha-keto acid dehydrogenase complex, mitochondrial"/>
      <span end="20637" id="16579849-21868" start="20635">E2</span>
    </annotation>
    <annotation annotator="Mike Bada, University of Colorado School of Medicine" id="PR_reasoned_2017_04_17_Instance_26801" type="identity">
      <class id="PR:000006300" label="lipoamide acyltransferase component of branched-chain alpha-keto acid dehydrogenase complex, mitochondrial"/>
      <span end="22406" id="16579849-21870" start="22404">E2</span>
    </annotation>
    <annotation annotator="Mike Bada, University of Colorado School of Medicine" id="PR_reasoned_2017_04_17_Instance_26803" type="identity">
      <class id="PR:000006300" label="lipoamide acyltransferase component of branched-chain alpha-keto acid dehydrogenase complex, mitochondrial"/>
      <span end="22454" id="16579849-21872" start="22452">E2</span>
    </annotation>
    <annotation annotator="Mike Bada, University of Colorado School of Medicine" id="PR_reasoned_2017_04_17_Instance_26805" type="identity">
      <class id="PR:000006300" label="lipoamide acyltransferase component of branched-chain alpha-keto acid dehydrogenase complex, mitochondrial"/>
      <span end="22715" id="16579849-21874" start="22713">E2</span>
    </annotation>
    <annotation annotator="Mike Bada, University of Colorado School of Medicine" id="PR_reasoned_2017_04_17_Instance_26807" type="identity">
      <class id="PR:000006300" label="lipoamide acyltransferase component of branched-chain alpha-keto acid dehydrogenase complex, mitochondrial"/>
      <span end="22794" id="16579849-21876" start="22792">E2</span>
    </annotation>
    <annotation annotator="Mike Bada, University of Colorado School of Medicine" id="PR_reasoned_2017_04_17_Instance_26809" type="identity">
      <class id="PR:000006300" label="lipoamide acyltransferase component of branched-chain alpha-keto acid dehydrogenase complex, mitochondrial"/>
      <span end="23146" id="16579849-21878" start="23144">E2</span>
    </annotation>
    <annotation annotator="Mike Bada, University of Colorado School of Medicine" id="PR_reasoned_2017_04_17_Instance_26811" type="identity">
      <class id="PR:000006300" label="lipoamide acyltransferase component of branched-chain alpha-keto acid dehydrogenase complex, mitochondrial"/>
      <span end="23165" id="16579849-21880" start="23163">E2</span>
    </annotation>
    <annotation annotator="Mike Bada, University of Colorado School of Medicine" id="PR_reasoned_2017_04_17_Instance_26815" type="identity">
      <class id="PR:000005308" label="CCAAT/enhancer-binding protein beta"/>
      <span end="23231" id="16579849-21884" start="23228">LAP</span>
    </annotation>
    <annotation annotator="Mike Bada, University of Colorado School of Medicine" id="PR_reasoned_2017_04_17_Instance_26813" type="identity">
      <class id="PR:000006300" label="lipoamide acyltransferase component of branched-chain alpha-keto acid dehydrogenase complex, mitochondrial"/>
      <span end="23258" id="16579849-21882" start="23256">E2</span>
    </annotation>
    <annotation annotator="Mike Bada, University of Colorado School of Medicine" id="PR_reasoned_2017_04_17_Instance_26817" type="identity">
      <class id="PR:000005308" label="CCAAT/enhancer-binding protein beta"/>
      <span end="23287" id="16579849-21886" start="23284">LAP</span>
    </annotation>
    <annotation annotator="Mike Bada, University of Colorado School of Medicine" id="PR_reasoned_2017_04_17_Instance_26819" type="identity">
      <class id="PR:000006300" label="lipoamide acyltransferase component of branched-chain alpha-keto acid dehydrogenase complex, mitochondrial"/>
      <span end="23535" id="16579849-21888" start="23533">E2</span>
    </annotation>
    <annotation annotator="Mike Bada, University of Colorado School of Medicine" id="PR_reasoned_2017_04_17_Instance_26821" type="identity">
      <class id="PR:000006300" label="lipoamide acyltransferase component of branched-chain alpha-keto acid dehydrogenase complex, mitochondrial"/>
      <span end="23580" id="16579849-21890" start="23578">E2</span>
    </annotation>
    <annotation annotator="Mike Bada, University of Colorado School of Medicine" id="PR_reasoned_2017_04_17_Instance_26823" type="identity">
      <class id="PR:000006300" label="lipoamide acyltransferase component of branched-chain alpha-keto acid dehydrogenase complex, mitochondrial"/>
      <span end="23776" id="16579849-21892" start="23774">E2</span>
    </annotation>
    <annotation annotator="Mike Bada, University of Colorado School of Medicine" id="PR_reasoned_2017_04_17_Instance_26825" type="identity">
      <class id="PR:000005308" label="CCAAT/enhancer-binding protein beta"/>
      <span end="23781" id="16579849-21894" start="23778">LAP</span>
    </annotation>
    <annotation annotator="Mike Bada, University of Colorado School of Medicine" id="PR_reasoned_2017_04_17_Instance_26827" type="identity">
      <class id="PR:000005308" label="CCAAT/enhancer-binding protein beta"/>
      <span end="23934" id="16579849-21896" start="23931">LAP</span>
    </annotation>
    <annotation annotator="Mike Bada, University of Colorado School of Medicine" id="PR_reasoned_2017_04_17_Instance_26829" type="identity">
      <class id="PR:000006300" label="lipoamide acyltransferase component of branched-chain alpha-keto acid dehydrogenase complex, mitochondrial"/>
      <span end="23955" id="16579849-21898" start="23953">E2</span>
    </annotation>
    <annotation annotator="Mike Bada, University of Colorado School of Medicine" id="PR_reasoned_2017_04_17_Instance_26831" type="identity">
      <class id="PR:000006300" label="lipoamide acyltransferase component of branched-chain alpha-keto acid dehydrogenase complex, mitochondrial"/>
      <span end="24084" id="16579849-21900" start="24082">E2</span>
    </annotation>
    <annotation annotator="Mike Bada, University of Colorado School of Medicine" id="PR_reasoned_2017_04_17_Instance_26833" type="identity">
      <class id="PR:000000084" label="c-myc protein"/>
      <span end="24117" id="16579849-21902" start="24112">c-myc</span>
    </annotation>
    <annotation annotator="Mike Bada, University of Colorado School of Medicine" id="PR_reasoned_2017_04_17_Instance_26835" type="identity">
      <class id="PR:000006300" label="lipoamide acyltransferase component of branched-chain alpha-keto acid dehydrogenase complex, mitochondrial"/>
      <span end="24272" id="16579849-21904" start="24270">E2</span>
    </annotation>
    <annotation annotator="Mike Bada, University of Colorado School of Medicine" id="PR_reasoned_2017_04_17_Instance_26837" type="identity">
      <class id="PR:000006300" label="lipoamide acyltransferase component of branched-chain alpha-keto acid dehydrogenase complex, mitochondrial"/>
      <span end="24361" id="16579849-21906" start="24359">E2</span>
    </annotation>
    <annotation annotator="Mike Bada, University of Colorado School of Medicine" id="PR_reasoned_2017_04_17_Instance_26839" type="identity">
      <class id="PR:000006300" label="lipoamide acyltransferase component of branched-chain alpha-keto acid dehydrogenase complex, mitochondrial"/>
      <span end="24511" id="16579849-21908" start="24509">E2</span>
    </annotation>
    <annotation annotator="Mike Bada, University of Colorado School of Medicine" id="PR_reasoned_2017_04_17_Instance_26841" type="identity">
      <class id="PR:000000084" label="c-myc protein"/>
      <span end="24567" id="16579849-21910" start="24562">c-myc</span>
    </annotation>
    <annotation annotator="Mike Bada, University of Colorado School of Medicine" id="PR_reasoned_2017_04_17_Instance_26843" type="identity">
      <class id="PR:000000084" label="c-myc protein"/>
      <span end="24635" id="16579849-21912" start="24630">c-myc</span>
    </annotation>
    <annotation annotator="Mike Bada, University of Colorado School of Medicine" id="PR_reasoned_2017_04_17_Instance_26845" type="identity">
      <class id="PR:000006300" label="lipoamide acyltransferase component of branched-chain alpha-keto acid dehydrogenase complex, mitochondrial"/>
      <span end="24652" id="16579849-21914" start="24650">E2</span>
    </annotation>
    <annotation annotator="Mike Bada, University of Colorado School of Medicine" id="PR_reasoned_2017_04_17_Instance_26847" type="identity">
      <class id="PR:000006300" label="lipoamide acyltransferase component of branched-chain alpha-keto acid dehydrogenase complex, mitochondrial"/>
      <span end="24807" id="16579849-21916" start="24805">E2</span>
    </annotation>
    <annotation annotator="Mike Bada, University of Colorado School of Medicine" id="PR_reasoned_2017_04_17_Instance_26849" type="identity">
      <class id="PR:000003676" label="actin, cytoplasmic 1"/>
      <span end="24864" id="16579849-21918" start="24859">actin</span>
    </annotation>
    <annotation annotator="Mike Bada, University of Colorado School of Medicine" id="PR_reasoned_2017_04_17_Instance_26851" type="identity">
      <class id="PR:000005308" label="CCAAT/enhancer-binding protein beta"/>
      <span end="24941" id="16579849-21920" start="24938">LAP</span>
    </annotation>
    <annotation annotator="Mike Bada, University of Colorado School of Medicine" id="PR_reasoned_2017_04_17_Instance_26853" type="identity">
      <class id="PR:000006300" label="lipoamide acyltransferase component of branched-chain alpha-keto acid dehydrogenase complex, mitochondrial"/>
      <span end="25111" id="16579849-21922" start="25109">E2</span>
    </annotation>
    <annotation annotator="Mike Bada, University of Colorado School of Medicine" id="PR_reasoned_2017_04_17_Instance_26855" type="identity">
      <class id="PR:000006300" label="lipoamide acyltransferase component of branched-chain alpha-keto acid dehydrogenase complex, mitochondrial"/>
      <span end="25818" id="16579849-21924" start="25816">E2</span>
    </annotation>
    <annotation annotator="Mike Bada, University of Colorado School of Medicine" id="PR_reasoned_2017_04_17_Instance_26857" type="identity">
      <class id="PR:000005308" label="CCAAT/enhancer-binding protein beta"/>
      <span end="25924" id="16579849-21926" start="25921">LAP</span>
    </annotation>
    <annotation annotator="Mike Bada, University of Colorado School of Medicine" id="PR_reasoned_2017_04_17_Instance_26859" type="identity">
      <class id="PR:000006300" label="lipoamide acyltransferase component of branched-chain alpha-keto acid dehydrogenase complex, mitochondrial"/>
      <span end="25971" id="16579849-21928" start="25969">E2</span>
    </annotation>
    <annotation annotator="Mike Bada, University of Colorado School of Medicine" id="PR_reasoned_2017_04_17_Instance_26861" type="identity">
      <class id="PR:000005308" label="CCAAT/enhancer-binding protein beta"/>
      <span end="26066" id="16579849-21930" start="26063">LAP</span>
    </annotation>
    <annotation annotator="Mike Bada, University of Colorado School of Medicine" id="PR_reasoned_2017_04_17_Instance_26863" type="identity">
      <class id="PR:000006300" label="lipoamide acyltransferase component of branched-chain alpha-keto acid dehydrogenase complex, mitochondrial"/>
      <span end="26092" id="16579849-21932" start="26090">E2</span>
    </annotation>
    <annotation annotator="Mike Bada, University of Colorado School of Medicine" id="PR_reasoned_2017_04_17_Instance_26865" type="identity">
      <class id="PR:000006300" label="lipoamide acyltransferase component of branched-chain alpha-keto acid dehydrogenase complex, mitochondrial"/>
      <span end="26114" id="16579849-21934" start="26112">E2</span>
    </annotation>
    <annotation annotator="Mike Bada, University of Colorado School of Medicine" id="PR_reasoned_2017_04_17_Instance_26867" type="identity">
      <class id="PR:000006300" label="lipoamide acyltransferase component of branched-chain alpha-keto acid dehydrogenase complex, mitochondrial"/>
      <span end="26388" id="16579849-21936" start="26386">E2</span>
    </annotation>
    <annotation annotator="Mike Bada, University of Colorado School of Medicine" id="PR_reasoned_2017_04_17_Instance_26869" type="identity">
      <class id="PR:000006300" label="lipoamide acyltransferase component of branched-chain alpha-keto acid dehydrogenase complex, mitochondrial"/>
      <span end="26876" id="16579849-21938" start="26874">E2</span>
    </annotation>
    <annotation annotator="Mike Bada, University of Colorado School of Medicine" id="PR_reasoned_2017_04_17_Instance_26871" type="identity">
      <class id="PR:000006300" label="lipoamide acyltransferase component of branched-chain alpha-keto acid dehydrogenase complex, mitochondrial"/>
      <span end="27350" id="16579849-21940" start="27348">E2</span>
    </annotation>
    <annotation annotator="Mike Bada, University of Colorado School of Medicine" id="PR_reasoned_2017_04_17_Instance_26875" type="identity">
      <class id="PR:000005308" label="CCAAT/enhancer-binding protein beta"/>
      <span end="27380" id="16579849-21944" start="27377">LAP</span>
    </annotation>
    <annotation annotator="Mike Bada, University of Colorado School of Medicine" id="PR_reasoned_2017_04_17_Instance_26873" type="identity">
      <class id="PR:000006300" label="lipoamide acyltransferase component of branched-chain alpha-keto acid dehydrogenase complex, mitochondrial"/>
      <span end="27395" id="16579849-21942" start="27393">E2</span>
    </annotation>
    <annotation annotator="Mike Bada, University of Colorado School of Medicine" id="PR_reasoned_2017_04_17_Instance_26877" type="identity">
      <class id="PR:000005308" label="CCAAT/enhancer-binding protein beta"/>
      <span end="29237" id="16579849-21946" start="29234">LAP</span>
    </annotation>
    <annotation annotator="Mike Bada, University of Colorado School of Medicine" id="PR_reasoned_2017_04_17_Instance_26879" type="identity">
      <class id="PR:000006300" label="lipoamide acyltransferase component of branched-chain alpha-keto acid dehydrogenase complex, mitochondrial"/>
      <span end="29304" id="16579849-21948" start="29302">E2</span>
    </annotation>
    <annotation annotator="Mike Bada, University of Colorado School of Medicine" id="PR_reasoned_2017_04_17_Instance_26881" type="identity">
      <class id="PR:000006300" label="lipoamide acyltransferase component of branched-chain alpha-keto acid dehydrogenase complex, mitochondrial"/>
      <span end="29419" id="16579849-21950" start="29417">E2</span>
    </annotation>
    <annotation annotator="Mike Bada, University of Colorado School of Medicine" id="PR_reasoned_2017_04_17_Instance_26883" type="identity">
      <class id="PR:000006300" label="lipoamide acyltransferase component of branched-chain alpha-keto acid dehydrogenase complex, mitochondrial"/>
      <span end="29661" id="16579849-21952" start="29659">E2</span>
    </annotation>
    <annotation annotator="Mike Bada, University of Colorado School of Medicine" id="PR_reasoned_2017_04_17_Instance_26885" type="identity">
      <class id="PR:000006300" label="lipoamide acyltransferase component of branched-chain alpha-keto acid dehydrogenase complex, mitochondrial"/>
      <span end="29796" id="16579849-21954" start="29794">E2</span>
    </annotation>
    <annotation annotator="Mike Bada, University of Colorado School of Medicine" id="PR_reasoned_2017_04_17_Instance_26887" type="identity">
      <class id="PR:000006300" label="lipoamide acyltransferase component of branched-chain alpha-keto acid dehydrogenase complex, mitochondrial"/>
      <span end="29846" id="16579849-21956" start="29844">E2</span>
    </annotation>
    <annotation annotator="Mike Bada, University of Colorado School of Medicine" id="PR_reasoned_2017_04_17_Instance_26889" type="identity">
      <class id="PR:000006300" label="lipoamide acyltransferase component of branched-chain alpha-keto acid dehydrogenase complex, mitochondrial"/>
      <span end="29958" id="16579849-21958" start="29956">E2</span>
    </annotation>
    <annotation annotator="Mike Bada, University of Colorado School of Medicine" id="PR_reasoned_2017_04_17_Instance_26891" type="identity">
      <class id="PR:000006300" label="lipoamide acyltransferase component of branched-chain alpha-keto acid dehydrogenase complex, mitochondrial"/>
      <span end="30053" id="16579849-21960" start="30051">E2</span>
    </annotation>
    <annotation annotator="Mike Bada, University of Colorado School of Medicine" id="PR_reasoned_2017_04_17_Instance_26893" type="identity">
      <class id="PR:000000084" label="c-myc protein"/>
      <span end="30121" id="16579849-21962" start="30116">c-myc</span>
    </annotation>
    <annotation annotator="Mike Bada, University of Colorado School of Medicine" id="PR_reasoned_2017_04_17_Instance_26895" type="identity">
      <class id="PR:000006300" label="lipoamide acyltransferase component of branched-chain alpha-keto acid dehydrogenase complex, mitochondrial"/>
      <span end="30183" id="16579849-21964" start="30181">E2</span>
    </annotation>
    <annotation annotator="Mike Bada, University of Colorado School of Medicine" id="PR_reasoned_2017_04_17_Instance_26897" type="identity">
      <class id="PR:000006300" label="lipoamide acyltransferase component of branched-chain alpha-keto acid dehydrogenase complex, mitochondrial"/>
      <span end="30591" id="16579849-21966" start="30589">E2</span>
    </annotation>
    <annotation annotator="Mike Bada, University of Colorado School of Medicine" id="PR_reasoned_2017_04_17_Instance_26907" type="identity">
      <class id="PR:000006506" label="dihydrolipoyl dehydrogenase, mitochondrial"/>
      <span end="30661" id="16579849-21976" start="30650">E3 subunits</span>
    </annotation>
    <annotation annotator="Mike Bada, University of Colorado School of Medicine" id="PR_reasoned_2017_04_17_Instance_26899" type="identity">
      <class id="PR:000006300" label="lipoamide acyltransferase component of branched-chain alpha-keto acid dehydrogenase complex, mitochondrial"/>
      <span end="30671" id="16579849-21968" start="30669">E2</span>
    </annotation>
    <annotation annotator="Mike Bada, University of Colorado School of Medicine" id="PR_reasoned_2017_04_17_Instance_26901" type="identity">
      <class id="PR:000006300" label="lipoamide acyltransferase component of branched-chain alpha-keto acid dehydrogenase complex, mitochondrial"/>
      <span end="30704" id="16579849-21970" start="30702">E2</span>
    </annotation>
    <annotation annotator="Mike Bada, University of Colorado School of Medicine" id="PR_reasoned_2017_04_17_Instance_26903" type="identity">
      <class id="PR:000006300" label="lipoamide acyltransferase component of branched-chain alpha-keto acid dehydrogenase complex, mitochondrial"/>
      <span end="30796" id="16579849-21972" start="30794">E2</span>
    </annotation>
    <annotation annotator="Mike Bada, University of Colorado School of Medicine" id="PR_reasoned_2017_04_17_Instance_26905" type="identity">
      <class id="PR:000006300" label="lipoamide acyltransferase component of branched-chain alpha-keto acid dehydrogenase complex, mitochondrial"/>
      <span end="30898" id="16579849-21974" start="30896">E2</span>
    </annotation>
    <annotation annotator="Mike Bada, University of Colorado School of Medicine" id="PR_reasoned_2017_04_17_Instance_26909" type="identity">
      <class id="PR:000006300" label="lipoamide acyltransferase component of branched-chain alpha-keto acid dehydrogenase complex, mitochondrial"/>
      <span end="32357" id="16579849-21978" start="32338">E2 subunit of BCKDH</span>
    </annotation>
    <annotation annotator="Mike Bada, University of Colorado School of Medicine" id="PR_reasoned_2017_04_17_Instance_26911" type="identity">
      <class id="PR:000006300" label="lipoamide acyltransferase component of branched-chain alpha-keto acid dehydrogenase complex, mitochondrial"/>
      <span end="32937" id="16579849-21980" start="32935">E2</span>
    </annotation>
    <annotation annotator="Mike Bada, University of Colorado School of Medicine" id="PR_reasoned_2017_04_17_Instance_26913" type="identity">
      <class id="PR:000006300" label="lipoamide acyltransferase component of branched-chain alpha-keto acid dehydrogenase complex, mitochondrial"/>
      <span end="34199" id="16579849-21982" start="34197">E2</span>
    </annotation>
    <annotation annotator="Mike Bada, University of Colorado School of Medicine" id="PR_reasoned_2017_04_17_Instance_26915" type="identity">
      <class id="PR:000006300" label="lipoamide acyltransferase component of branched-chain alpha-keto acid dehydrogenase complex, mitochondrial"/>
      <span end="34218" id="16579849-21984" start="34216">E2</span>
    </annotation>
    <annotation annotator="Mike Bada, University of Colorado School of Medicine" id="PR_reasoned_2017_04_17_Instance_26917" type="identity">
      <class id="PR:000006300" label="lipoamide acyltransferase component of branched-chain alpha-keto acid dehydrogenase complex, mitochondrial"/>
      <span end="34256" id="16579849-21986" start="34254">E2</span>
    </annotation>
    <annotation annotator="Mike Bada, University of Colorado School of Medicine" id="PR_reasoned_2017_04_17_Instance_26919" type="identity">
      <class id="PR:000006300" label="lipoamide acyltransferase component of branched-chain alpha-keto acid dehydrogenase complex, mitochondrial"/>
      <span end="34295" id="16579849-21988" start="34293">E2</span>
    </annotation>
    <annotation annotator="Mike Bada, University of Colorado School of Medicine" id="PR_reasoned_2017_04_17_Instance_26921" type="identity">
      <class id="PR:000006300" label="lipoamide acyltransferase component of branched-chain alpha-keto acid dehydrogenase complex, mitochondrial"/>
      <span end="34371" id="16579849-21990" start="34369">E2</span>
    </annotation>
    <annotation annotator="Mike Bada, University of Colorado School of Medicine" id="PR_reasoned_2017_04_17_Instance_26923" type="identity">
      <class id="PR:000006300" label="lipoamide acyltransferase component of branched-chain alpha-keto acid dehydrogenase complex, mitochondrial"/>
      <span end="35575" id="16579849-21992" start="35573">E2</span>
    </annotation>
    <annotation annotator="Mike Bada, University of Colorado School of Medicine" id="PR_reasoned_2017_04_17_Instance_26925" type="identity">
      <class id="PR:000004683" label="branched-chain-amino-acid aminotransferase, mitochondrial"/>
      <span end="36195" id="16579849-21994" start="36177">mitochondrial BCAT</span>
    </annotation>
    <annotation annotator="Mike Bada, University of Colorado School of Medicine" id="PR_reasoned_2017_04_17_Instance_26929" type="identity">
      <class id="PR:000006300" label="lipoamide acyltransferase component of branched-chain alpha-keto acid dehydrogenase complex, mitochondrial"/>
      <span end="38405" id="16579849-21996" start="38403">E2</span>
    </annotation>
    <annotation annotator="Mike Bada, University of Colorado School of Medicine" id="PR_reasoned_2017_04_17_Instance_26935" type="identity">
      <class id="PR:000006300" label="lipoamide acyltransferase component of branched-chain alpha-keto acid dehydrogenase complex, mitochondrial"/>
      <span end="40668" id="16579849-21998" start="40666">E2</span>
    </annotation>
    <graph-space id="Old Knowtator Relations"/>
  </document>
</knowtator-project>
