<?xml version="1.0" encoding="UTF-8" standalone="no"?>
<knowtator-project>
    <document id="16670015" text-file="16670015.txt">
        <annotation annotator="Mike Bada, University of Colorado School of Medicine" id="PR_reasoned_2017_04_17_Instance_27501" type="identity">
            <class id="PR:000015393" label="suppressor of cytokine signaling 2"/>
            <span end="3730" id="16670015-22903" start="3725">Socs2</span>
        </annotation>
        <annotation annotator="Mike Bada, University of Colorado School of Medicine" id="PR_reasoned_2017_04_17_Instance_27503" type="identity">
            <class id="PR:000015393" label="suppressor of cytokine signaling 2"/>
            <span end="3766" id="16670015-22905" start="3732">suppressor of cytokine signaling 2</span>
        </annotation>
        <annotation annotator="Mike Bada, University of Colorado School of Medicine" id="PR_reasoned_2017_04_17_Instance_27505" type="identity">
            <class id="PR:000015393" label="suppressor of cytokine signaling 2"/>
            <span end="3799" id="16670015-22907" start="3794">Socs2</span>
        </annotation>
        <annotation annotator="Mike Bada, University of Colorado School of Medicine" id="PR_reasoned_2017_04_17_Instance_27507" type="identity">
            <class id="PR:000015393" label="suppressor of cytokine signaling 2"/>
            <span end="3870" id="16670015-22909" start="3865">Socs2</span>
        </annotation>
        <annotation annotator="Mike Bada, University of Colorado School of Medicine" id="PR_reasoned_2017_04_17_Instance_27509" type="identity">
            <class id="PR:000015393" label="suppressor of cytokine signaling 2"/>
            <span end="4581" id="16670015-22911" start="4576">Socs2</span>
        </annotation>
        <annotation annotator="Mike Bada, University of Colorado School of Medicine" id="PR_reasoned_2017_04_17_Instance_27519" type="identity">
            <class id="PR:000015393" label="suppressor of cytokine signaling 2"/>
            <span end="21001" id="16670015-22913" start="20996">Socs2</span>
        </annotation>
        <annotation annotator="Mike Bada, University of Colorado School of Medicine" id="PR_reasoned_2017_04_17_Instance_27529" type="identity">
            <class id="PR:000015393" label="suppressor of cytokine signaling 2"/>
            <span end="27570" id="16670015-22915" start="27565">Socs2</span>
        </annotation>
        <annotation annotator="Mike Bada, University of Colorado School of Medicine" id="PR_reasoned_2017_04_17_Instance_27541" type="identity">
            <class id="PR:000002087" label="signal transducer and activator of transcription 1"/>
            <span end="28460" id="16670015-22917" start="28410">signal transducer and activator of transcription 1</span>
        </annotation>
        <annotation annotator="Mike Bada, University of Colorado School of Medicine" id="PR_reasoned_2017_04_17_Instance_27543" type="identity">
            <class id="PR:000002087" label="signal transducer and activator of transcription 1"/>
            <span end="28467" id="16670015-22919" start="28462">Stat1</span>
        </annotation>
        <annotation annotator="Mike Bada, University of Colorado School of Medicine" id="PR_reasoned_2017_04_17_Instance_27545" type="identity">
            <class id="PR:000002090" label="signal transducer and activator of transcription 4"/>
            <span end="28478" id="16670015-22921" start="28473">Stat4</span>
        </annotation>
        <annotation annotator="Mike Bada, University of Colorado School of Medicine" id="PR_reasoned_2017_04_17_Instance_140000" type="identity">
            <class id="PR:000045358" label="insulin family protein"/>
            <span end="29341" id="16670015-22899" start="29334">insulin</span>
        </annotation>
        <annotation annotator="Mike Bada, University of Colorado School of Medicine" id="PR_reasoned_2017_04_17_Instance_27555" type="identity">
            <class id="PR:000002092" label="signal transducer and activator of transcription 5b"/>
            <span end="29938" id="16670015-22923" start="29932">Stat5b</span>
        </annotation>
        <annotation annotator="Mike Bada, University of Colorado School of Medicine" id="PR_reasoned_2017_04_17_Instance_27557" type="identity">
            <class id="PR:000002091" label="signal transducer and activator of transcription 5a"/>
            <span end="29949" id="16670015-22925" start="29943">Stat5a</span>
        </annotation>
        <annotation annotator="Mike Bada, University of Colorado School of Medicine" id="PR_reasoned_2017_04_17_Instance_27567" type="identity">
            <class id="PR:000002092" label="signal transducer and activator of transcription 5b"/>
            <span end="30354" id="16670015-22927" start="30348">Stat5b</span>
        </annotation>
        <annotation annotator="Mike Bada, University of Colorado School of Medicine" id="PR_reasoned_2017_04_17_Instance_27573" type="identity">
            <class id="PR:000015393" label="suppressor of cytokine signaling 2"/>
            <span end="30485" id="16670015-22929" start="30480">Socs2</span>
        </annotation>
        <annotation annotator="Mike Bada, University of Colorado School of Medicine" id="PR_reasoned_2017_04_17_Instance_27575" type="identity">
            <class id="PR:000002092" label="signal transducer and activator of transcription 5b"/>
            <span end="30581" id="16670015-22931" start="30575">Stat5b</span>
        </annotation>
        <annotation annotator="Mike Bada, University of Colorado School of Medicine" id="PR_reasoned_2017_04_17_Instance_27581" type="identity">
            <class id="PR:000002092" label="signal transducer and activator of transcription 5b"/>
            <span end="30865" id="16670015-22933" start="30859">Stat5b</span>
        </annotation>
        <annotation annotator="Mike Bada, University of Colorado School of Medicine" id="PR_reasoned_2017_04_17_Instance_27583" type="identity">
            <class id="PR:000001672" label="somatostatin receptor type 5"/>
            <span end="31101" id="16670015-22935" start="31096">Sstr5</span>
        </annotation>
        <annotation annotator="Mike Bada, University of Colorado School of Medicine" id="PR_reasoned_2017_04_17_Instance_27585" type="identity">
            <class id="PR:000001672" label="somatostatin receptor type 5"/>
            <span end="31153" id="16670015-22937" start="31148">Sstr5</span>
        </annotation>
        <annotation annotator="Mike Bada, University of Colorado School of Medicine" id="PR_reasoned_2017_04_17_Instance_27591" type="identity">
            <class id="PR:000001672" label="somatostatin receptor type 5"/>
            <span end="31278" id="16670015-22939" start="31273">Sstr5</span>
        </annotation>
        <annotation annotator="Mike Bada, University of Colorado School of Medicine" id="PR_reasoned_2017_04_17_Instance_140002" type="identity">
            <class id="PR:000045358" label="insulin family protein"/>
            <span end="31310" id="16670015-22901" start="31303">insulin</span>
        </annotation>
        <annotation annotator="Mike Bada, University of Colorado School of Medicine" id="PR_reasoned_2017_04_17_Instance_27595" type="identity">
            <class id="PR:000017012" label="E3 ubiquitin-protein ligase UBR1"/>
            <span end="32670" id="16670015-22941" start="32666">Ubr1</span>
        </annotation>
        <annotation annotator="Mike Bada, University of Colorado School of Medicine" id="PR_reasoned_2017_04_17_Instance_27597" type="identity">
            <class id="PR:000001968" label="tyrosine-protein phosphatase non-receptor type substrate 1"/>
            <span end="32678" id="16670015-22943" start="32672">Ptpns1</span>
        </annotation>
        <annotation annotator="Mike Bada, University of Colorado School of Medicine" id="PR_reasoned_2017_04_17_Instance_27599" type="identity">
            <class id="PR:000017005" label="RING finger protein 37"/>
            <span end="32688" id="16670015-22945" start="32680">Ubce7ip5</span>
        </annotation>
        <annotation annotator="Mike Bada, University of Colorado School of Medicine" id="PR_reasoned_2017_04_17_Instance_27601" type="identity">
            <class id="PR:000010491" label="matrix metalloproteinase-9"/>
            <span end="32697" id="16670015-22947" start="32693">Mmp9</span>
        </annotation>
        <annotation annotator="Mike Bada, University of Colorado School of Medicine" id="PR_reasoned_2017_04_17_Instance_27603" type="identity">
            <class id="PR:000015393" label="suppressor of cytokine signaling 2"/>
            <span end="32784" id="16670015-22949" start="32779">Socs2</span>
        </annotation>
        <annotation annotator="Mike Bada, University of Colorado School of Medicine" id="PR_reasoned_2017_04_17_Instance_27607" type="identity">
            <class id="PR:000017012" label="E3 ubiquitin-protein ligase UBR1"/>
            <span end="32880" id="16670015-22951" start="32876">Ubr1</span>
        </annotation>
        <annotation annotator="Mike Bada, University of Colorado School of Medicine" id="PR_reasoned_2017_04_17_Instance_27609" type="identity">
            <class id="PR:000017005" label="RING finger protein 37"/>
            <span end="32893" id="16670015-22953" start="32885">Ubce7ip5</span>
        </annotation>
        <annotation annotator="Mike Bada, University of Colorado School of Medicine" id="PR_reasoned_2017_04_17_Instance_27611" type="identity">
            <class id="PR:000017012" label="E3 ubiquitin-protein ligase UBR1"/>
            <span end="32946" id="16670015-22955" start="32942">Ubr1</span>
        </annotation>
        <annotation annotator="Mike Bada, University of Colorado School of Medicine" id="PR_reasoned_2017_04_17_Instance_27613" type="identity">
            <class id="PR:000001968" label="tyrosine-protein phosphatase non-receptor type substrate 1"/>
            <span end="33056" id="16670015-22957" start="33050">Ptpns1</span>
        </annotation>
        <annotation annotator="Mike Bada, University of Colorado School of Medicine" id="PR_reasoned_2017_04_17_Instance_27615" type="identity">
            <class id="PR:000010491" label="matrix metalloproteinase-9"/>
            <span end="33125" id="16670015-22959" start="33121">Mmp9</span>
        </annotation>
        <annotation annotator="Mike Bada, University of Colorado School of Medicine" id="PR_reasoned_2017_04_17_Instance_27617" type="identity">
            <class id="PR:000005845" label="death domain-containing protein CRADD"/>
            <span end="35391" id="16670015-22961" start="35386">Cradd</span>
        </annotation>
        <graph-space id="Old Knowtator Relations"/>
    </document>
</knowtator-project>
