<?xml version="1.0" encoding="UTF-8" standalone="no"?>
<knowtator-project>
  <document id="17022820" text-file="17022820.txt">
    <annotation annotator="Mike Bada, University of Colorado School of Medicine" id="PR_reasoned_2017_04_17_Instance_30445" type="identity">
      <class id="PR:000011328" label="nitric oxide synthase, endothelial"/>
      <span end="3346" id="17022820-25917" start="3313">endothelial nitric oxide synthase</span>
    </annotation>
    <annotation annotator="Mike Bada, University of Colorado School of Medicine" id="PR_reasoned_2017_04_17_Instance_30447" type="identity">
      <class id="PR:000012867" label="plasminogen"/>
      <span end="5176" id="17022820-25919" start="5173">Plg</span>
    </annotation>
    <annotation annotator="Mike Bada, University of Colorado School of Medicine" id="PR_reasoned_2017_04_17_Instance_30449" type="identity">
      <class id="PR:000014702" label="plasminogen activator inhibitor 1"/>
      <span end="5188" id="17022820-25921" start="5185">PAI</span>
    </annotation>
    <annotation annotator="Mike Bada, University of Colorado School of Medicine" id="PR_reasoned_2017_04_17_Instance_30455" type="identity">
      <class id="PR:000014702" label="plasminogen activator inhibitor 1"/>
      <span end="7049" id="17022820-25923" start="7038">plasminogen</span>
      <span end="7075" id="17022820-25924" start="7056">activator inhibitor</span>
    </annotation>
    <annotation annotator="Mike Bada, University of Colorado School of Medicine" id="PR_reasoned_2017_04_17_Instance_27749" type="identity">
      <class id="PR:000014702" label="plasminogen activator inhibitor 1"/>
      <span end="7054" id="17022820-25914" start="7051">Plg</span>
      <span end="7075" id="17022820-25915" start="7056">activator inhibitor</span>
    </annotation>
    <annotation annotator="Mike Bada, University of Colorado School of Medicine" id="PR_reasoned_2017_04_17_Instance_30457" type="identity">
      <class id="PR:000014702" label="plasminogen activator inhibitor 1"/>
      <span end="7097" id="17022820-25926" start="7092">PAI-1</span>
    </annotation>
    <annotation annotator="Mike Bada, University of Colorado School of Medicine" id="PR_reasoned_2017_04_17_Instance_30459" type="identity">
      <class id="PR:000012867" label="plasminogen"/>
      <span end="7223" id="17022820-25928" start="7220">Plg</span>
    </annotation>
    <annotation annotator="Mike Bada, University of Colorado School of Medicine" id="PR_reasoned_2017_04_17_Instance_30461" type="identity">
      <class id="PR:000012867" label="plasminogen"/>
      <span end="7427" id="17022820-25930" start="7424">Plg</span>
    </annotation>
    <annotation annotator="Mike Bada, University of Colorado School of Medicine" id="PR_reasoned_2017_04_17_Instance_30463" type="identity">
      <class id="PR:000012867" label="plasminogen"/>
      <span end="7465" id="17022820-25932" start="7462">Plg</span>
    </annotation>
    <annotation annotator="Mike Bada, University of Colorado School of Medicine" id="PR_reasoned_2017_04_17_Instance_30465" type="identity">
      <class id="PR:000012867" label="plasminogen"/>
      <span end="7523" id="17022820-25934" start="7520">Plg</span>
    </annotation>
    <annotation annotator="Mike Bada, University of Colorado School of Medicine" id="PR_reasoned_2017_04_17_Instance_30467" type="identity">
      <class id="PR:000012867" label="plasminogen"/>
      <span end="7531" id="17022820-25936" start="7528">Plg</span>
    </annotation>
    <annotation annotator="Mike Bada, University of Colorado School of Medicine" id="PR_reasoned_2017_04_17_Instance_30469" type="identity">
      <class id="PR:000012867" label="plasminogen"/>
      <span end="7539" id="17022820-25938" start="7536">Plg</span>
    </annotation>
    <annotation annotator="Mike Bada, University of Colorado School of Medicine" id="PR_reasoned_2017_04_17_Instance_30471" type="identity">
      <class id="PR:000012867" label="plasminogen"/>
      <span end="9898" id="17022820-25940" start="9895">Plg</span>
    </annotation>
    <annotation annotator="Mike Bada, University of Colorado School of Medicine" id="PR_reasoned_2017_04_17_Instance_30475" type="identity">
      <class id="PR:000014706" label="alpha-2-antiplasmin"/>
      <span end="9914" id="17022820-25944" start="9900">α2-antiplasmin</span>
    </annotation>
    <annotation annotator="Mike Bada, University of Colorado School of Medicine" id="PR_reasoned_2017_04_17_Instance_30473" type="identity">
      <class id="PR:000014702" label="plasminogen activator inhibitor 1"/>
      <span end="9950" id="17022820-25942" start="9945">PAI-1</span>
    </annotation>
    <annotation annotator="Mike Bada, University of Colorado School of Medicine" id="PR_reasoned_2017_04_17_Instance_30479" type="identity">
      <class id="PR:000014702" label="plasminogen activator inhibitor 1"/>
      <span end="10312" id="17022820-25946" start="10307">PAI-1</span>
    </annotation>
    <annotation annotator="Mike Bada, University of Colorado School of Medicine" id="PR_reasoned_2017_04_17_Instance_30481" type="identity">
      <class id="PR:000014702" label="plasminogen activator inhibitor 1"/>
      <span end="10390" id="17022820-25948" start="10385">PAI-1</span>
    </annotation>
    <annotation annotator="Mike Bada, University of Colorado School of Medicine" id="PR_reasoned_2017_04_17_Instance_30483" type="identity">
      <class id="PR:000014702" label="plasminogen activator inhibitor 1"/>
      <span end="10470" id="17022820-25950" start="10465">PAI-1</span>
    </annotation>
    <annotation annotator="Mike Bada, University of Colorado School of Medicine" id="PR_reasoned_2017_04_17_Instance_30485" type="identity">
      <class id="PR:000014702" label="plasminogen activator inhibitor 1"/>
      <span end="10533" id="17022820-25952" start="10528">PAI-1</span>
    </annotation>
    <annotation annotator="Mike Bada, University of Colorado School of Medicine" id="PR_reasoned_2017_04_17_Instance_30487" type="identity">
      <class id="PR:000012867" label="plasminogen"/>
      <span end="10591" id="17022820-25954" start="10588">Plg</span>
    </annotation>
    <annotation annotator="Mike Bada, University of Colorado School of Medicine" id="PR_reasoned_2017_04_17_Instance_30605" type="identity">
      <class id="PR:000014702" label="plasminogen activator inhibitor 1"/>
      <span end="10766" id="17022820-26071" start="10761">PAI-1</span>
    </annotation>
    <annotation annotator="Mike Bada, University of Colorado School of Medicine" id="PR_reasoned_2017_04_17_Instance_30489" type="identity">
      <class id="PR:000012867" label="plasminogen"/>
      <span end="10773" id="17022820-25956" start="10770">Plg</span>
    </annotation>
    <annotation annotator="Mike Bada, University of Colorado School of Medicine" id="PR_reasoned_2017_04_17_Instance_30491" type="identity">
      <class id="PR:000014706" label="alpha-2-antiplasmin"/>
      <span end="10839" id="17022820-25958" start="10825">α2-antiplasmin</span>
    </annotation>
    <annotation annotator="Mike Bada, University of Colorado School of Medicine" id="PR_reasoned_2017_04_17_Instance_30493" type="identity">
      <class id="PR:000012867" label="plasminogen"/>
      <span end="11745" id="17022820-25960" start="11742">Plg</span>
    </annotation>
    <annotation annotator="Mike Bada, University of Colorado School of Medicine" id="PR_reasoned_2017_04_17_Instance_30495" type="identity">
      <class id="PR:000014702" label="plasminogen activator inhibitor 1"/>
      <span end="11834" id="17022820-25962" start="11829">PAI-1</span>
    </annotation>
    <annotation annotator="Mike Bada, University of Colorado School of Medicine" id="PR_reasoned_2017_04_17_Instance_30497" type="identity">
      <class id="PR:000012867" label="plasminogen"/>
      <span end="14747" id="17022820-25964" start="14744">Plg</span>
    </annotation>
    <annotation annotator="Mike Bada, University of Colorado School of Medicine" id="PR_reasoned_2017_04_17_Instance_30551" type="identity">
      <class id="PR:000014702" label="plasminogen activator inhibitor 1"/>
      <span end="14758" id="17022820-26017" start="14755">PAI</span>
    </annotation>
    <annotation annotator="Mike Bada, University of Colorado School of Medicine" id="PR_reasoned_2017_04_17_Instance_30499" type="identity">
      <class id="PR:000012867" label="plasminogen"/>
      <span end="15079" id="17022820-25966" start="15076">Plg</span>
    </annotation>
    <annotation annotator="Mike Bada, University of Colorado School of Medicine" id="PR_reasoned_2017_04_17_Instance_30553" type="identity">
      <class id="PR:000014702" label="plasminogen activator inhibitor 1"/>
      <span end="15161" id="17022820-26019" start="15156">PAI-1</span>
    </annotation>
    <annotation annotator="Mike Bada, University of Colorado School of Medicine" id="PR_reasoned_2017_04_17_Instance_30501" type="identity">
      <class id="PR:000012867" label="plasminogen"/>
      <span end="15486" id="17022820-25968" start="15483">Plg</span>
    </annotation>
    <annotation annotator="Mike Bada, University of Colorado School of Medicine" id="PR_reasoned_2017_04_17_Instance_30555" type="identity">
      <class id="PR:000014702" label="plasminogen activator inhibitor 1"/>
      <span end="15499" id="17022820-26021" start="15494">PAI-1</span>
    </annotation>
    <annotation annotator="Mike Bada, University of Colorado School of Medicine" id="PR_reasoned_2017_04_17_Instance_30503" type="identity">
      <class id="PR:000012867" label="plasminogen"/>
      <span end="15668" id="17022820-25970" start="15665">Plg</span>
    </annotation>
    <annotation annotator="Mike Bada, University of Colorado School of Medicine" id="PR_reasoned_2017_04_17_Instance_30557" type="identity">
      <class id="PR:000014702" label="plasminogen activator inhibitor 1"/>
      <span end="15738" id="17022820-26023" start="15733">PAI-1</span>
    </annotation>
    <annotation annotator="Mike Bada, University of Colorado School of Medicine" id="PR_reasoned_2017_04_17_Instance_30505" type="identity">
      <class id="PR:000012867" label="plasminogen"/>
      <span end="16411" id="17022820-25972" start="16408">Plg</span>
    </annotation>
    <annotation annotator="Mike Bada, University of Colorado School of Medicine" id="PR_reasoned_2017_04_17_Instance_30559" type="identity">
      <class id="PR:000014702" label="plasminogen activator inhibitor 1"/>
      <span end="16424" id="17022820-26025" start="16419">PAI-1</span>
    </annotation>
    <annotation annotator="Mike Bada, University of Colorado School of Medicine" id="PR_reasoned_2017_04_17_Instance_30507" type="identity">
      <class id="PR:000012867" label="plasminogen"/>
      <span end="16503" id="17022820-25974" start="16500">Plg</span>
    </annotation>
    <annotation annotator="Mike Bada, University of Colorado School of Medicine" id="PR_reasoned_2017_04_17_Instance_30561" type="identity">
      <class id="PR:000014702" label="plasminogen activator inhibitor 1"/>
      <span end="16549" id="17022820-26027" start="16544">PAI-1</span>
    </annotation>
    <annotation annotator="Mike Bada, University of Colorado School of Medicine" id="PR_reasoned_2017_04_17_Instance_30509" type="identity">
      <class id="PR:000012867" label="plasminogen"/>
      <span end="16675" id="17022820-25976" start="16672">Plg</span>
    </annotation>
    <annotation annotator="Mike Bada, University of Colorado School of Medicine" id="PR_reasoned_2017_04_17_Instance_30563" type="identity">
      <class id="PR:000014702" label="plasminogen activator inhibitor 1"/>
      <span end="16756" id="17022820-26029" start="16751">PAI-1</span>
    </annotation>
    <annotation annotator="Mike Bada, University of Colorado School of Medicine" id="PR_reasoned_2017_04_17_Instance_30511" type="identity">
      <class id="PR:000012867" label="plasminogen"/>
      <span end="16900" id="17022820-25978" start="16897">Plg</span>
    </annotation>
    <annotation annotator="Mike Bada, University of Colorado School of Medicine" id="PR_reasoned_2017_04_17_Instance_30515" type="identity">
      <class id="PR:000007301" label="coagulation factor VII"/>
      <span end="17248" id="17022820-25980" start="17238">Factor VII</span>
    </annotation>
    <annotation annotator="Mike Bada, University of Colorado School of Medicine" id="PR_reasoned_2017_04_17_Instance_30517" type="identity">
      <class id="PR:000001940" label="tissue factor"/>
      <span end="17265" id="17022820-25982" start="17252">tissue factor</span>
    </annotation>
    <annotation annotator="Mike Bada, University of Colorado School of Medicine" id="PR_reasoned_2017_04_17_Instance_30521" type="identity">
      <class id="PR:000007295" label="coagulation factor XI"/>
      <span end="17342" id="17022820-25986" start="17335">Factors</span>
      <span end="17350" id="17022820-25987" start="17348">XI</span>
    </annotation>
    <annotation annotator="Mike Bada, University of Colorado School of Medicine" id="PR_reasoned_2017_04_17_Instance_30523" type="identity">
      <class id="PR:000007303" label="coagulation factor IX"/>
      <span end="17342" id="17022820-25989" start="17335">Factors</span>
      <span end="17354" id="17022820-25990" start="17352">IX</span>
    </annotation>
    <annotation annotator="Mike Bada, University of Colorado School of Medicine" id="PR_reasoned_2017_04_17_Instance_30525" type="identity">
      <class id="PR:000007302" label="coagulation factor VIII"/>
      <span end="17342" id="17022820-25992" start="17335">Factors</span>
      <span end="17363" id="17022820-25993" start="17359">VIII</span>
    </annotation>
    <annotation annotator="Mike Bada, University of Colorado School of Medicine" id="PR_reasoned_2017_04_17_Instance_30519" type="identity">
      <class id="PR:000007296" label="coagulation factor XII"/>
      <span end="17346" id="17022820-25984" start="17335">Factors XII</span>
    </annotation>
    <annotation annotator="Mike Bada, University of Colorado School of Medicine" id="PR_reasoned_2017_04_17_Instance_30529" type="identity">
      <class id="PR:000012867" label="plasminogen"/>
      <span end="17760" id="17022820-25995" start="17749">Plasminogen</span>
    </annotation>
    <annotation annotator="Mike Bada, University of Colorado School of Medicine" id="PR_reasoned_2017_04_17_Instance_30531" type="identity">
      <class id="PR:000012867" label="plasminogen"/>
      <span end="17878" id="17022820-25997" start="17875">Plg</span>
    </annotation>
    <annotation annotator="Mike Bada, University of Colorado School of Medicine" id="PR_reasoned_2017_04_17_Instance_30549" type="identity">
      <class id="PR:000014702" label="plasminogen activator inhibitor 1"/>
      <span end="17888" id="17022820-26015" start="17883">PAI-1</span>
    </annotation>
    <annotation annotator="Mike Bada, University of Colorado School of Medicine" id="PR_reasoned_2017_04_17_Instance_30533" type="identity">
      <class id="PR:000012867" label="plasminogen"/>
      <span end="17920" id="17022820-25999" start="17917">Plg</span>
    </annotation>
    <annotation annotator="Mike Bada, University of Colorado School of Medicine" id="PR_reasoned_2017_04_17_Instance_30535" type="identity">
      <class id="PR:000014702" label="plasminogen activator inhibitor 1"/>
      <span end="18024" id="17022820-26001" start="18019">PAI-1</span>
    </annotation>
    <annotation annotator="Mike Bada, University of Colorado School of Medicine" id="PR_reasoned_2017_04_17_Instance_30537" type="identity">
      <class id="PR:000014706" label="alpha-2-antiplasmin"/>
      <span end="18053" id="17022820-26003" start="18039">α2-anitplasmin</span>
    </annotation>
    <annotation annotator="Mike Bada, University of Colorado School of Medicine" id="PR_reasoned_2017_04_17_Instance_30539" type="identity">
      <class id="PR:000012867" label="plasminogen"/>
      <span end="18307" id="17022820-26005" start="18304">Plg</span>
    </annotation>
    <annotation annotator="Mike Bada, University of Colorado School of Medicine" id="PR_reasoned_2017_04_17_Instance_30541" type="identity">
      <class id="PR:000012867" label="plasminogen"/>
      <span end="18504" id="17022820-26007" start="18501">Plg</span>
    </annotation>
    <annotation annotator="Mike Bada, University of Colorado School of Medicine" id="PR_reasoned_2017_04_17_Instance_30543" type="identity">
      <class id="PR:000012867" label="plasminogen"/>
      <span end="18898" id="17022820-26009" start="18895">Plg</span>
    </annotation>
    <annotation annotator="Mike Bada, University of Colorado School of Medicine" id="PR_reasoned_2017_04_17_Instance_30545" type="identity">
      <class id="PR:000012867" label="plasminogen"/>
      <span end="19115" id="17022820-26011" start="19112">Plg</span>
    </annotation>
    <annotation annotator="Mike Bada, University of Colorado School of Medicine" id="PR_reasoned_2017_04_17_Instance_30547" type="identity">
      <class id="PR:000014702" label="plasminogen activator inhibitor 1"/>
      <span end="23707" id="17022820-26013" start="23702">PAI-1</span>
    </annotation>
    <annotation annotator="Mike Bada, University of Colorado School of Medicine" id="PR_reasoned_2017_04_17_Instance_30607" type="identity">
      <class id="PR:000012867" label="plasminogen"/>
      <span end="23751" id="17022820-26073" start="23748">Plg</span>
    </annotation>
    <annotation annotator="Mike Bada, University of Colorado School of Medicine" id="PR_reasoned_2017_04_17_Instance_30565" type="identity">
      <class id="PR:000014702" label="plasminogen activator inhibitor 1"/>
      <span end="23793" id="17022820-26031" start="23788">PAI-1</span>
    </annotation>
    <annotation annotator="Mike Bada, University of Colorado School of Medicine" id="PR_reasoned_2017_04_17_Instance_30609" type="identity">
      <class id="PR:000014706" label="alpha-2-antiplasmin"/>
      <span end="23818" id="17022820-26075" start="23804">α2-antiplasmin</span>
    </annotation>
    <annotation annotator="Mike Bada, University of Colorado School of Medicine" id="PR_reasoned_2017_04_17_Instance_30611" type="identity">
      <class id="PR:000012867" label="plasminogen"/>
      <span end="23893" id="17022820-26077" start="23890">Plg</span>
    </annotation>
    <annotation annotator="Mike Bada, University of Colorado School of Medicine" id="PR_reasoned_2017_04_17_Instance_30613" type="identity">
      <class id="PR:000014706" label="alpha-2-antiplasmin"/>
      <span end="23940" id="17022820-26079" start="23926">α2-antiplasmin</span>
    </annotation>
    <annotation annotator="Mike Bada, University of Colorado School of Medicine" id="PR_reasoned_2017_04_17_Instance_30567" type="identity">
      <class id="PR:000014702" label="plasminogen activator inhibitor 1"/>
      <span end="23947" id="17022820-26033" start="23942">PAI-1</span>
    </annotation>
    <annotation annotator="Mike Bada, University of Colorado School of Medicine" id="PR_reasoned_2017_04_17_Instance_30615" type="identity">
      <class id="PR:000012867" label="plasminogen"/>
      <span end="24021" id="17022820-26081" start="24018">Plg</span>
    </annotation>
    <annotation annotator="Mike Bada, University of Colorado School of Medicine" id="PR_reasoned_2017_04_17_Instance_30617" type="identity">
      <class id="PR:000012867" label="plasminogen"/>
      <span end="24160" id="17022820-26083" start="24157">Plg</span>
    </annotation>
    <annotation annotator="Mike Bada, University of Colorado School of Medicine" id="PR_reasoned_2017_04_17_Instance_30619" type="identity">
      <class id="PR:000014706" label="alpha-2-antiplasmin"/>
      <span end="24318" id="17022820-26085" start="24304">α2-antiplasmin</span>
    </annotation>
    <annotation annotator="Mike Bada, University of Colorado School of Medicine" id="PR_reasoned_2017_04_17_Instance_30569" type="identity">
      <class id="PR:000014702" label="plasminogen activator inhibitor 1"/>
      <span end="24538" id="17022820-26035" start="24533">PAI-1</span>
    </annotation>
    <annotation annotator="Mike Bada, University of Colorado School of Medicine" id="PR_reasoned_2017_04_17_Instance_30571" type="identity">
      <class id="PR:000014702" label="plasminogen activator inhibitor 1"/>
      <span end="24793" id="17022820-26037" start="24788">PAI-1</span>
    </annotation>
    <annotation annotator="Mike Bada, University of Colorado School of Medicine" id="PR_reasoned_2017_04_17_Instance_30573" type="identity">
      <class id="PR:000014702" label="plasminogen activator inhibitor 1"/>
      <span end="24845" id="17022820-26039" start="24840">PAI-1</span>
    </annotation>
    <annotation annotator="Mike Bada, University of Colorado School of Medicine" id="PR_reasoned_2017_04_17_Instance_30575" type="identity">
      <class id="PR:000014702" label="plasminogen activator inhibitor 1"/>
      <span end="25075" id="17022820-26041" start="25070">PAI-1</span>
    </annotation>
    <annotation annotator="Mike Bada, University of Colorado School of Medicine" id="PR_reasoned_2017_04_17_Instance_30577" type="identity">
      <class id="PR:000014702" label="plasminogen activator inhibitor 1"/>
      <span end="25201" id="17022820-26043" start="25196">PAI-1</span>
    </annotation>
    <annotation annotator="Mike Bada, University of Colorado School of Medicine" id="PR_reasoned_2017_04_17_Instance_30579" type="identity">
      <class id="PR:000014702" label="plasminogen activator inhibitor 1"/>
      <span end="25280" id="17022820-26045" start="25275">PAI-1</span>
    </annotation>
    <annotation annotator="Mike Bada, University of Colorado School of Medicine" id="PR_reasoned_2017_04_17_Instance_30581" type="identity">
      <class id="PR:000014702" label="plasminogen activator inhibitor 1"/>
      <span end="25421" id="17022820-26047" start="25416">PAI-1</span>
    </annotation>
    <annotation annotator="Mike Bada, University of Colorado School of Medicine" id="PR_reasoned_2017_04_17_Instance_30583" type="identity">
      <class id="PR:000014702" label="plasminogen activator inhibitor 1"/>
      <span end="25467" id="17022820-26049" start="25462">PAI-1</span>
    </annotation>
    <annotation annotator="Mike Bada, University of Colorado School of Medicine" id="PR_reasoned_2017_04_17_Instance_30585" type="identity">
      <class id="PR:000014702" label="plasminogen activator inhibitor 1"/>
      <span end="25509" id="17022820-26051" start="25504">PAI-1</span>
    </annotation>
    <annotation annotator="Mike Bada, University of Colorado School of Medicine" id="PR_reasoned_2017_04_17_Instance_30621" type="identity">
      <class id="PR:000012867" label="plasminogen"/>
      <span end="27732" id="17022820-26087" start="27729">Plg</span>
    </annotation>
    <annotation annotator="Mike Bada, University of Colorado School of Medicine" id="PR_reasoned_2017_04_17_Instance_30587" type="identity">
      <class id="PR:000014702" label="plasminogen activator inhibitor 1"/>
      <span end="28353" id="17022820-26053" start="28348">PAI-1</span>
    </annotation>
    <annotation annotator="Mike Bada, University of Colorado School of Medicine" id="PR_reasoned_2017_04_17_Instance_30625" type="identity">
      <class id="PR:000012867" label="plasminogen"/>
      <span end="29871" id="17022820-26089" start="29868">Plg</span>
    </annotation>
    <annotation annotator="Mike Bada, University of Colorado School of Medicine" id="PR_reasoned_2017_04_17_Instance_30627" type="identity">
      <class id="PR:000012867" label="plasminogen"/>
      <span end="29932" id="17022820-26091" start="29929">Plg</span>
    </annotation>
    <annotation annotator="Mike Bada, University of Colorado School of Medicine" id="PR_reasoned_2017_04_17_Instance_30589" type="identity">
      <class id="PR:000014702" label="plasminogen activator inhibitor 1"/>
      <span end="29966" id="17022820-26055" start="29963">PAI</span>
    </annotation>
    <annotation annotator="Mike Bada, University of Colorado School of Medicine" id="PR_reasoned_2017_04_17_Instance_30629" type="identity">
      <class id="PR:000017364" label="von Willebrand factor"/>
      <span end="30433" id="17022820-26093" start="30411">von Willebrand antigen</span>
    </annotation>
    <annotation annotator="Mike Bada, University of Colorado School of Medicine" id="PR_reasoned_2017_04_17_Instance_30631" type="identity">
      <class id="PR:000007302" label="coagulation factor VIII"/>
      <span end="30632" id="17022820-26095" start="30627">FVIII</span>
    </annotation>
    <annotation annotator="Mike Bada, University of Colorado School of Medicine" id="PR_reasoned_2017_04_17_Instance_30633" type="identity">
      <class id="PR:000007303" label="coagulation factor IX"/>
      <span end="30640" id="17022820-26097" start="30637">FIX</span>
    </annotation>
    <annotation annotator="Mike Bada, University of Colorado School of Medicine" id="PR_reasoned_2017_04_17_Instance_30635" type="identity">
      <class id="PR:000001664" label="proteinase-activated receptor 4"/>
      <span end="30943" id="17022820-26099" start="30914">protease-activated receptor-4</span>
    </annotation>
    <annotation annotator="Mike Bada, University of Colorado School of Medicine" id="PR_reasoned_2017_04_17_Instance_30639" type="identity">
      <class id="PR:000012867" label="plasminogen"/>
      <span end="31128" id="17022820-26101" start="31125">Plg</span>
    </annotation>
    <annotation annotator="Mike Bada, University of Colorado School of Medicine" id="PR_reasoned_2017_04_17_Instance_30643" type="identity">
      <class id="PR:000012826" label="urokinase-type plasminogen activator"/>
      <span end="31139" id="17022820-26105" start="31136">uPA</span>
    </annotation>
    <annotation annotator="Mike Bada, University of Colorado School of Medicine" id="PR_reasoned_2017_04_17_Instance_30641" type="identity">
      <class id="PR:000012867" label="plasminogen"/>
      <span end="31165" id="17022820-26103" start="31162">Plg</span>
    </annotation>
    <annotation annotator="Mike Bada, University of Colorado School of Medicine" id="PR_reasoned_2017_04_17_Instance_30645" type="identity">
      <class id="PR:000012826" label="urokinase-type plasminogen activator"/>
      <span end="31173" id="17022820-26107" start="31170">uPA</span>
    </annotation>
    <annotation annotator="Mike Bada, University of Colorado School of Medicine" id="PR_reasoned_2017_04_17_Instance_30647" type="identity">
      <class id="PR:000012867" label="plasminogen"/>
      <span end="31581" id="17022820-26109" start="31578">Plg</span>
    </annotation>
    <annotation annotator="Mike Bada, University of Colorado School of Medicine" id="PR_reasoned_2017_04_17_Instance_30591" type="identity">
      <class id="PR:000014702" label="plasminogen activator inhibitor 1"/>
      <span end="31624" id="17022820-26057" start="31619">PAI-1</span>
    </annotation>
    <annotation annotator="Mike Bada, University of Colorado School of Medicine" id="PR_reasoned_2017_04_17_Instance_30649" type="identity">
      <class id="PR:000012826" label="urokinase-type plasminogen activator"/>
      <span end="31666" id="17022820-26111" start="31663">uPA</span>
    </annotation>
    <annotation annotator="Mike Bada, University of Colorado School of Medicine" id="PR_reasoned_2017_04_17_Instance_30651" type="identity">
      <class id="PR:000012867" label="plasminogen"/>
      <span end="31724" id="17022820-26113" start="31721">Plg</span>
    </annotation>
    <annotation annotator="Mike Bada, University of Colorado School of Medicine" id="PR_reasoned_2017_04_17_Instance_30653" type="identity">
      <class id="PR:000012867" label="plasminogen"/>
      <span end="31877" id="17022820-26115" start="31874">Plg</span>
    </annotation>
    <annotation annotator="Mike Bada, University of Colorado School of Medicine" id="PR_reasoned_2017_04_17_Instance_30657" type="identity">
      <class id="PR:000012825" label="tissue-type plasminogen activator"/>
      <span end="31967" id="17022820-26119" start="31964">tPA</span>
    </annotation>
    <annotation annotator="Mike Bada, University of Colorado School of Medicine" id="PR_reasoned_2017_04_17_Instance_30655" type="identity">
      <class id="PR:000012826" label="urokinase-type plasminogen activator"/>
      <span end="31975" id="17022820-26117" start="31972">uPA</span>
    </annotation>
    <annotation annotator="Mike Bada, University of Colorado School of Medicine" id="PR_reasoned_2017_04_17_Instance_30593" type="identity">
      <class id="PR:000014702" label="plasminogen activator inhibitor 1"/>
      <span end="31985" id="17022820-26059" start="31980">PAI-1</span>
    </annotation>
    <annotation annotator="Mike Bada, University of Colorado School of Medicine" id="PR_reasoned_2017_04_17_Instance_30659" type="identity">
      <class id="PR:000012867" label="plasminogen"/>
      <span end="32219" id="17022820-26121" start="32216">Plg</span>
    </annotation>
    <annotation annotator="Mike Bada, University of Colorado School of Medicine" id="PR_reasoned_2017_04_17_Instance_30661" type="identity">
      <class id="PR:000012867" label="plasminogen"/>
      <span end="32265" id="17022820-26123" start="32262">Plg</span>
    </annotation>
    <annotation annotator="Mike Bada, University of Colorado School of Medicine" id="PR_reasoned_2017_04_17_Instance_30663" type="identity">
      <class id="PR:000012867" label="plasminogen"/>
      <span end="32830" id="17022820-26125" start="32827">Plg</span>
    </annotation>
    <annotation annotator="Mike Bada, University of Colorado School of Medicine" id="PR_reasoned_2017_04_17_Instance_30665" type="identity">
      <class id="PR:000012826" label="urokinase-type plasminogen activator"/>
      <span end="32986" id="17022820-26127" start="32983">uPA</span>
    </annotation>
    <annotation annotator="Mike Bada, University of Colorado School of Medicine" id="PR_reasoned_2017_04_17_Instance_30667" type="identity">
      <class id="PR:000012867" label="plasminogen"/>
      <span end="33486" id="17022820-26129" start="33483">Plg</span>
    </annotation>
    <annotation annotator="Mike Bada, University of Colorado School of Medicine" id="PR_reasoned_2017_04_17_Instance_30595" type="identity">
      <class id="PR:000014702" label="plasminogen activator inhibitor 1"/>
      <span end="33493" id="17022820-26061" start="33488">PAI-1</span>
    </annotation>
    <annotation annotator="Mike Bada, University of Colorado School of Medicine" id="PR_reasoned_2017_04_17_Instance_30671" type="identity">
      <class id="PR:000014706" label="alpha-2-antiplasmin"/>
      <span end="33513" id="17022820-26133" start="33499">α2-antiplasmin</span>
    </annotation>
    <annotation annotator="Mike Bada, University of Colorado School of Medicine" id="PR_reasoned_2017_04_17_Instance_30669" type="identity">
      <class id="PR:000012867" label="plasminogen"/>
      <span end="33948" id="17022820-26131" start="33945">Plg</span>
    </annotation>
    <annotation annotator="Mike Bada, University of Colorado School of Medicine" id="PR_reasoned_2017_04_17_Instance_30597" type="identity">
      <class id="PR:000014702" label="plasminogen activator inhibitor 1"/>
      <span end="33955" id="17022820-26063" start="33950">PAI-1</span>
    </annotation>
    <annotation annotator="Mike Bada, University of Colorado School of Medicine" id="PR_reasoned_2017_04_17_Instance_30673" type="identity">
      <class id="PR:000014706" label="alpha-2-antiplasmin"/>
      <span end="33975" id="17022820-26135" start="33961">α2-antiplasmin</span>
    </annotation>
    <annotation annotator="Mike Bada, University of Colorado School of Medicine" id="PR_reasoned_2017_04_17_Instance_30675" type="identity">
      <class id="PR:000012867" label="plasminogen"/>
      <span end="34011" id="17022820-26137" start="34008">Plg</span>
    </annotation>
    <annotation annotator="Mike Bada, University of Colorado School of Medicine" id="PR_reasoned_2017_04_17_Instance_30677" type="identity">
      <class id="PR:000012867" label="plasminogen"/>
      <span end="34065" id="17022820-26139" start="34062">Plg</span>
    </annotation>
    <annotation annotator="Mike Bada, University of Colorado School of Medicine" id="PR_reasoned_2017_04_17_Instance_30679" type="identity">
      <class id="PR:000012867" label="plasminogen"/>
      <span end="34172" id="17022820-26141" start="34169">Plg</span>
    </annotation>
    <annotation annotator="Mike Bada, University of Colorado School of Medicine" id="PR_reasoned_2017_04_17_Instance_30681" type="identity">
      <class id="PR:000012867" label="plasminogen"/>
      <span end="34396" id="17022820-26143" start="34393">Plg</span>
    </annotation>
    <annotation annotator="Mike Bada, University of Colorado School of Medicine" id="PR_reasoned_2017_04_17_Instance_30683" type="identity">
      <class id="PR:000012867" label="plasminogen"/>
      <span end="34566" id="17022820-26145" start="34563">Plg</span>
    </annotation>
    <annotation annotator="Mike Bada, University of Colorado School of Medicine" id="PR_reasoned_2017_04_17_Instance_30599" type="identity">
      <class id="PR:000014702" label="plasminogen activator inhibitor 1"/>
      <span end="34724" id="17022820-26065" start="34719">PAI-1</span>
    </annotation>
    <annotation annotator="Mike Bada, University of Colorado School of Medicine" id="PR_reasoned_2017_04_17_Instance_30685" type="identity">
      <class id="PR:000014706" label="alpha-2-antiplasmin"/>
      <span end="34751" id="17022820-26147" start="34737">α2-antiplasmin</span>
    </annotation>
    <annotation annotator="Mike Bada, University of Colorado School of Medicine" id="PR_reasoned_2017_04_17_Instance_30687" type="identity">
      <class id="PR:000012867" label="plasminogen"/>
      <span end="34953" id="17022820-26149" start="34950">Plg</span>
    </annotation>
    <annotation annotator="Mike Bada, University of Colorado School of Medicine" id="PR_reasoned_2017_04_17_Instance_30705" type="identity">
      <class id="PR:000012867" label="plasminogen"/>
      <span end="35212" id="17022820-26165" start="35201">plasminogen</span>
    </annotation>
    <annotation annotator="Mike Bada, University of Colorado School of Medicine" id="PR_reasoned_2017_04_17_Instance_30707" type="identity">
      <class id="PR:000012867" label="plasminogen"/>
      <span end="35397" id="17022820-26167" start="35394">Plg</span>
    </annotation>
    <annotation annotator="Mike Bada, University of Colorado School of Medicine" id="PR_reasoned_2017_04_17_Instance_30689" type="identity">
      <class id="PR:000012867" label="plasminogen"/>
      <span end="36180" id="17022820-26151" start="36177">Plg</span>
    </annotation>
    <annotation annotator="Mike Bada, University of Colorado School of Medicine" id="PR_reasoned_2017_04_17_Instance_30691" type="identity">
      <class id="PR:000012867" label="plasminogen"/>
      <span end="36194" id="17022820-26153" start="36183">plasminogen</span>
    </annotation>
    <annotation annotator="Mike Bada, University of Colorado School of Medicine" id="PR_reasoned_2017_04_17_Instance_30601" type="identity">
      <class id="PR:000014702" label="plasminogen activator inhibitor 1"/>
      <span end="36201" id="17022820-26067" start="36196">PAI-1</span>
    </annotation>
    <annotation annotator="Mike Bada, University of Colorado School of Medicine" id="PR_reasoned_2017_04_17_Instance_30603" type="identity">
      <class id="PR:000014702" label="plasminogen activator inhibitor 1"/>
      <span end="36237" id="17022820-26069" start="36204">plasminogen activator inhibitor-1</span>
    </annotation>
    <annotation annotator="Mike Bada, University of Colorado School of Medicine" id="PR_reasoned_2017_04_17_Instance_30695" type="identity">
      <class id="PR:000012825" label="tissue-type plasminogen activator"/>
      <span end="36242" id="17022820-26155" start="36239">tPA</span>
    </annotation>
    <annotation annotator="Mike Bada, University of Colorado School of Medicine" id="PR_reasoned_2017_04_17_Instance_30697" type="identity">
      <class id="PR:000012825" label="tissue-type plasminogen activator"/>
      <span end="36273" id="17022820-26157" start="36245">tissue plasminogen activator</span>
    </annotation>
    <annotation annotator="Mike Bada, University of Colorado School of Medicine" id="PR_reasoned_2017_04_17_Instance_30699" type="identity">
      <class id="PR:000012826" label="urokinase-type plasminogen activator"/>
      <span end="36278" id="17022820-26159" start="36275">uPA</span>
    </annotation>
    <annotation annotator="Mike Bada, University of Colorado School of Medicine" id="PR_reasoned_2017_04_17_Instance_30701" type="identity">
      <class id="PR:000012826" label="urokinase-type plasminogen activator"/>
      <span end="36312" id="17022820-26161" start="36281">urokinase plasminogen activator</span>
    </annotation>
    <annotation annotator="Mike Bada, University of Colorado School of Medicine" id="PR_reasoned_2017_04_17_Instance_30703" type="identity">
      <class id="PR:000012867" label="plasminogen"/>
      <span end="37437" id="17022820-26163" start="37426">plasminogen</span>
    </annotation>
    <graph-space id="Old Knowtator Relations"/>
  </document>
</knowtator-project>
