<?xml version="1.0" encoding="UTF-8" standalone="no"?>
<knowtator-project>
  <document id="17083276" text-file="17083276.txt">
    <annotation annotator="Mike Bada, University of Colorado School of Medicine" id="PR_reasoned_2017_04_17_Instance_32417" type="identity">
      <class id="PR:000005402" label="chromatin assembly factor 1 subunit A"/>
      <span end="498" id="17083276-27909" start="489">p150CAF-1</span>
    </annotation>
    <annotation annotator="Mike Bada, University of Colorado School of Medicine" id="PR_reasoned_2017_04_17_Instance_32419" type="identity">
      <class id="PR:000005402" label="chromatin assembly factor 1 subunit A"/>
      <span end="517" id="17083276-27911" start="508">p150CAF-1</span>
    </annotation>
    <annotation annotator="Mike Bada, University of Colorado School of Medicine" id="PR_reasoned_2017_04_17_Instance_32421" type="identity">
      <class id="PR:000005402" label="chromatin assembly factor 1 subunit A"/>
      <span end="612" id="17083276-27913" start="603">p150CAF-1</span>
    </annotation>
    <annotation annotator="Mike Bada, University of Colorado School of Medicine" id="PR_reasoned_2017_04_17_Instance_32423" type="identity">
      <class id="PR:000005402" label="chromatin assembly factor 1 subunit A"/>
      <span end="876" id="17083276-27915" start="867">p150CAF-1</span>
    </annotation>
    <annotation annotator="Mike Bada, University of Colorado School of Medicine" id="PR_reasoned_2017_04_17_Instance_32425" type="identity">
      <class id="PR:000005402" label="chromatin assembly factor 1 subunit A"/>
      <span end="1210" id="17083276-27917" start="1201">p150CAF-1</span>
    </annotation>
    <annotation annotator="Mike Bada, University of Colorado School of Medicine" id="PR_reasoned_2017_04_17_Instance_121603" type="identity">
      <class id="PR:000043452" label="core histone"/>
      <span end="1434" id="17083276-27835" start="1427">histone</span>
    </annotation>
    <annotation annotator="Mike Bada, University of Colorado School of Medicine" id="PR_reasoned_2017_04_17_Instance_32427" type="identity">
      <class id="PR:000005402" label="chromatin assembly factor 1 subunit A"/>
      <span end="1561" id="17083276-27919" start="1552">p150CAF-1</span>
    </annotation>
    <annotation annotator="Mike Bada, University of Colorado School of Medicine" id="PR_reasoned_2017_04_17_Instance_121605" type="identity">
      <class id="PR:000043452" label="core histone"/>
      <span end="2121" id="17083276-27837" start="2114">histone</span>
    </annotation>
    <annotation annotator="Mike Bada, University of Colorado School of Medicine" id="PR_reasoned_2017_04_17_Instance_121607" type="identity">
      <class id="PR:000043452" label="core histone"/>
      <span end="3641" id="17083276-27839" start="3634">histone</span>
    </annotation>
    <annotation annotator="Mike Bada, University of Colorado School of Medicine" id="PR_reasoned_2017_04_17_Instance_121609" type="identity">
      <class id="PR:000043452" label="core histone"/>
      <span end="3702" id="17083276-27841" start="3695">histone</span>
    </annotation>
    <annotation annotator="Mike Bada, University of Colorado School of Medicine" id="PR_reasoned_2017_04_17_Instance_121611" type="identity">
      <class id="PR:000043452" label="core histone"/>
      <span end="3830" id="17083276-27843" start="3823">histone</span>
    </annotation>
    <annotation annotator="Mike Bada, University of Colorado School of Medicine" id="PR_reasoned_2017_04_17_Instance_121613" type="identity">
      <class id="PR:000043452" label="core histone"/>
      <span end="4059" id="17083276-27845" start="4052">histone</span>
    </annotation>
    <annotation annotator="Mike Bada, University of Colorado School of Medicine" id="PR_reasoned_2017_04_17_Instance_32429" type="identity">
      <class id="PR:000005402" label="chromatin assembly factor 1 subunit A"/>
      <span end="4132" id="17083276-27921" start="4128">p150</span>
    </annotation>
    <annotation annotator="Mike Bada, University of Colorado School of Medicine" id="PR_reasoned_2017_04_17_Instance_32431" type="identity">
      <class id="PR:000005403" label="chromatin assembly factor 1 subunit B"/>
      <span end="4137" id="17083276-27923" start="4134">p60</span>
    </annotation>
    <annotation annotator="Mike Bada, University of Colorado School of Medicine" id="PR_reasoned_2017_04_17_Instance_32433" type="identity">
      <class id="PR:000013776" label="histone-binding protein RBBP4"/>
      <span end="4146" id="17083276-27925" start="4143">p48</span>
    </annotation>
    <annotation annotator="Mike Bada, University of Colorado School of Medicine" id="PR_reasoned_2017_04_17_Instance_121617" type="identity">
      <class id="PR:000008603" label="histone H4"/>
      <span end="4178" id="17083276-27849" start="4171">histone</span>
      <span end="4188" id="17083276-27850" start="4186">H4</span>
    </annotation>
    <annotation annotator="Mike Bada, University of Colorado School of Medicine" id="PR_reasoned_2017_04_17_Instance_121615" type="identity">
      <class id="PR:000027594" label="histone H3"/>
      <span end="4181" id="17083276-27847" start="4171">histone H3</span>
    </annotation>
    <annotation annotator="Mike Bada, University of Colorado School of Medicine" id="PR_reasoned_2017_04_17_Instance_121619" type="identity">
      <class id="PR:000027594" label="histone H3"/>
      <span end="4311" id="17083276-27852" start="4301">histone H3</span>
    </annotation>
    <annotation annotator="Mike Bada, University of Colorado School of Medicine" id="PR_reasoned_2017_04_17_Instance_121621" type="identity">
      <class id="PR:000043452" label="core histone"/>
      <span end="4404" id="17083276-27854" start="4397">histone</span>
    </annotation>
    <annotation annotator="Mike Bada, University of Colorado School of Medicine" id="PR_reasoned_2017_04_17_Instance_32435" type="identity">
      <class id="PR:000008570" label="protein HIRA"/>
      <span end="4420" id="17083276-27927" start="4416">HIRA</span>
    </annotation>
    <annotation annotator="Mike Bada, University of Colorado School of Medicine" id="PR_reasoned_2017_04_17_Instance_121823" type="identity">
      <class id="PR:000008425" label="histone H3.3"/>
      <span end="4463" id="17083276-27887" start="4459">H3.3</span>
    </annotation>
    <annotation annotator="Mike Bada, University of Colorado School of Medicine" id="PR_reasoned_2017_04_17_Instance_180016" type="identity">
      <class id="PR:P05205" label="heterochromatin protein 1 (fruit fly)"/>
      <span end="4679" id="17083276-27899" start="4654">heterochromatin protein 1</span>
    </annotation>
    <annotation annotator="Mike Bada, University of Colorado School of Medicine" id="PR_reasoned_2017_04_17_Instance_180018" type="identity">
      <class id="PR:P05205" label="heterochromatin protein 1 (fruit fly)"/>
      <span end="4684" id="17083276-27901" start="4681">HP1</span>
    </annotation>
    <annotation annotator="Mike Bada, University of Colorado School of Medicine" id="PR_reasoned_2017_04_17_Instance_32437" type="identity">
      <class id="PR:000010214" label="methyl-CpG-binding domain protein 1"/>
      <span end="4694" id="17083276-27929" start="4690">MBD1</span>
    </annotation>
    <annotation annotator="Mike Bada, University of Colorado School of Medicine" id="PR_reasoned_2017_04_17_Instance_121623" type="identity">
      <class id="PR:000043452" label="core histone"/>
      <span end="4753" id="17083276-27856" start="4746">histone</span>
    </annotation>
    <annotation annotator="Mike Bada, University of Colorado School of Medicine" id="PR_reasoned_2017_04_17_Instance_121625" type="identity">
      <class id="PR:000043452" label="core histone"/>
      <span end="4788" id="17083276-27858" start="4781">histone</span>
    </annotation>
    <annotation annotator="Mike Bada, University of Colorado School of Medicine" id="PR_reasoned_2017_04_17_Instance_32439" type="identity">
      <class id="PR:000005402" label="chromatin assembly factor 1 subunit A"/>
      <span end="4849" id="17083276-27931" start="4840">p150CAF-1</span>
    </annotation>
    <annotation annotator="Mike Bada, University of Colorado School of Medicine" id="PR_reasoned_2017_04_17_Instance_180020" type="identity">
      <class id="PR:P05205" label="heterochromatin protein 1 (fruit fly)"/>
      <span end="4906" id="17083276-27903" start="4903">HP1</span>
    </annotation>
    <annotation annotator="Mike Bada, University of Colorado School of Medicine" id="PR_reasoned_2017_04_17_Instance_121627" type="identity">
      <class id="PR:000043452" label="core histone"/>
      <span end="5189" id="17083276-27860" start="5182">histone</span>
    </annotation>
    <annotation annotator="Mike Bada, University of Colorado School of Medicine" id="PR_reasoned_2017_04_17_Instance_32441" type="identity">
      <class id="PR:000005402" label="chromatin assembly factor 1 subunit A"/>
      <span end="5862" id="17083276-27933" start="5856">Chaf1a</span>
    </annotation>
    <annotation annotator="Mike Bada, University of Colorado School of Medicine" id="PR_reasoned_2017_04_17_Instance_32443" type="identity">
      <class id="PR:000005402" label="chromatin assembly factor 1 subunit A"/>
      <span end="5892" id="17083276-27935" start="5883">p150CAF-1</span>
    </annotation>
    <annotation annotator="Mike Bada, University of Colorado School of Medicine" id="PR_reasoned_2017_04_17_Instance_32445" type="identity">
      <class id="PR:000005402" label="chromatin assembly factor 1 subunit A"/>
      <span end="5912" id="17083276-27937" start="5906">Chaf1a</span>
    </annotation>
    <annotation annotator="Mike Bada, University of Colorado School of Medicine" id="PR_reasoned_2017_04_17_Instance_32447" type="identity">
      <class id="PR:000005402" label="chromatin assembly factor 1 subunit A"/>
      <span end="6110" id="17083276-27939" start="6104">Chaf1a</span>
    </annotation>
    <annotation annotator="Mike Bada, University of Colorado School of Medicine" id="PR_reasoned_2017_04_17_Instance_32449" type="identity">
      <class id="PR:000005402" label="chromatin assembly factor 1 subunit A"/>
      <span end="6153" id="17083276-27941" start="6147">Chaf1a</span>
    </annotation>
    <annotation annotator="Mike Bada, University of Colorado School of Medicine" id="PR_reasoned_2017_04_17_Instance_32451" type="identity">
      <class id="PR:000005402" label="chromatin assembly factor 1 subunit A"/>
      <span end="6250" id="17083276-27943" start="6244">Chaf1a</span>
    </annotation>
    <annotation annotator="Mike Bada, University of Colorado School of Medicine" id="PR_reasoned_2017_04_17_Instance_32453" type="identity">
      <class id="PR:000005402" label="chromatin assembly factor 1 subunit A"/>
      <span end="6378" id="17083276-27945" start="6372">Chaf1a</span>
    </annotation>
    <annotation annotator="Mike Bada, University of Colorado School of Medicine" id="PR_reasoned_2017_04_17_Instance_32455" type="identity">
      <class id="PR:000005402" label="chromatin assembly factor 1 subunit A"/>
      <span end="6778" id="17083276-27947" start="6769">p150CAF-1</span>
    </annotation>
    <annotation annotator="Mike Bada, University of Colorado School of Medicine" id="PR_reasoned_2017_04_17_Instance_32457" type="identity">
      <class id="PR:000005402" label="chromatin assembly factor 1 subunit A"/>
      <span end="6816" id="17083276-27949" start="6807">p150CAF-1</span>
    </annotation>
    <annotation annotator="Mike Bada, University of Colorado School of Medicine" id="PR_reasoned_2017_04_17_Instance_32459" type="identity">
      <class id="PR:000005402" label="chromatin assembly factor 1 subunit A"/>
      <span end="7022" id="17083276-27951" start="7013">p150CAF-1</span>
    </annotation>
    <annotation annotator="Mike Bada, University of Colorado School of Medicine" id="PR_reasoned_2017_04_17_Instance_32461" type="identity">
      <class id="PR:000005402" label="chromatin assembly factor 1 subunit A"/>
      <span end="7238" id="17083276-27953" start="7232">Chaf1a</span>
    </annotation>
    <annotation annotator="Mike Bada, University of Colorado School of Medicine" id="PR_reasoned_2017_04_17_Instance_32463" type="identity">
      <class id="PR:000005086" label="chromobox protein homolog 5"/>
      <span end="7435" id="17083276-27955" start="7431">HP1α</span>
    </annotation>
    <annotation annotator="Mike Bada, University of Colorado School of Medicine" id="PR_reasoned_2017_04_17_Instance_32465" type="identity">
      <class id="PR:000005402" label="chromatin assembly factor 1 subunit A"/>
      <span end="7721" id="17083276-27957" start="7715">Chaf1a</span>
    </annotation>
    <annotation annotator="Mike Bada, University of Colorado School of Medicine" id="PR_reasoned_2017_04_17_Instance_32467" type="identity">
      <class id="PR:000005086" label="chromobox protein homolog 5"/>
      <span end="8335" id="17083276-27959" start="8331">HP1α</span>
    </annotation>
    <annotation annotator="Mike Bada, University of Colorado School of Medicine" id="PR_reasoned_2017_04_17_Instance_32469" type="identity">
      <class id="PR:000005402" label="chromatin assembly factor 1 subunit A"/>
      <span end="8615" id="17083276-27961" start="8609">Chaf1a</span>
    </annotation>
    <annotation annotator="Mike Bada, University of Colorado School of Medicine" id="PR_reasoned_2017_04_17_Instance_32471" type="identity">
      <class id="PR:000005086" label="chromobox protein homolog 5"/>
      <span end="8914" id="17083276-27963" start="8910">HP1α</span>
    </annotation>
    <annotation annotator="Mike Bada, University of Colorado School of Medicine" id="PR_reasoned_2017_04_17_Instance_32473" type="identity">
      <class id="PR:000005402" label="chromatin assembly factor 1 subunit A"/>
      <span end="9100" id="17083276-27965" start="9094">Chaf1a</span>
    </annotation>
    <annotation annotator="Mike Bada, University of Colorado School of Medicine" id="PR_reasoned_2017_04_17_Instance_32475" type="identity">
      <class id="PR:000005402" label="chromatin assembly factor 1 subunit A"/>
      <span end="9286" id="17083276-27967" start="9277">p150CAF-1</span>
    </annotation>
    <annotation annotator="Mike Bada, University of Colorado School of Medicine" id="PR_reasoned_2017_04_17_Instance_32477" type="identity">
      <class id="PR:000005402" label="chromatin assembly factor 1 subunit A"/>
      <span end="9651" id="17083276-27969" start="9645">Chaf1a</span>
    </annotation>
    <annotation annotator="Mike Bada, University of Colorado School of Medicine" id="PR_reasoned_2017_04_17_Instance_32479" type="identity">
      <class id="PR:000005402" label="chromatin assembly factor 1 subunit A"/>
      <span end="9780" id="17083276-27971" start="9771">p150CAF-1</span>
    </annotation>
    <annotation annotator="Mike Bada, University of Colorado School of Medicine" id="PR_reasoned_2017_04_17_Instance_32481" type="identity">
      <class id="PR:000005402" label="chromatin assembly factor 1 subunit A"/>
      <span end="9873" id="17083276-27973" start="9864">p150CAF-1</span>
    </annotation>
    <annotation annotator="Mike Bada, University of Colorado School of Medicine" id="PR_reasoned_2017_04_17_Instance_32483" type="identity">
      <class id="PR:000005402" label="chromatin assembly factor 1 subunit A"/>
      <span end="9954" id="17083276-27975" start="9948">Chaf1a</span>
    </annotation>
    <annotation annotator="Mike Bada, University of Colorado School of Medicine" id="PR_reasoned_2017_04_17_Instance_32485" type="identity">
      <class id="PR:000005086" label="chromobox protein homolog 5"/>
      <span end="10022" id="17083276-27977" start="10018">HP1α</span>
    </annotation>
    <annotation annotator="Mike Bada, University of Colorado School of Medicine" id="PR_reasoned_2017_04_17_Instance_32487" type="identity">
      <class id="PR:000005402" label="chromatin assembly factor 1 subunit A"/>
      <span end="10146" id="17083276-27979" start="10137">p150CAF-1</span>
    </annotation>
    <annotation annotator="Mike Bada, University of Colorado School of Medicine" id="PR_reasoned_2017_04_17_Instance_32489" type="identity">
      <class id="PR:000005402" label="chromatin assembly factor 1 subunit A"/>
      <span end="10421" id="17083276-27981" start="10412">p150CAF-1</span>
    </annotation>
    <annotation annotator="Mike Bada, University of Colorado School of Medicine" id="PR_reasoned_2017_04_17_Instance_32491" type="identity">
      <class id="PR:000005402" label="chromatin assembly factor 1 subunit A"/>
      <span end="10450" id="17083276-27983" start="10441">p150CAF-1</span>
    </annotation>
    <annotation annotator="Mike Bada, University of Colorado School of Medicine" id="PR_reasoned_2017_04_17_Instance_32493" type="identity">
      <class id="PR:000005402" label="chromatin assembly factor 1 subunit A"/>
      <span end="10644" id="17083276-27985" start="10635">p150CAF-1</span>
    </annotation>
    <annotation annotator="Mike Bada, University of Colorado School of Medicine" id="PR_reasoned_2017_04_17_Instance_32495" type="identity">
      <class id="PR:000005402" label="chromatin assembly factor 1 subunit A"/>
      <span end="10851" id="17083276-27987" start="10842">p150CAF-1</span>
    </annotation>
    <annotation annotator="Mike Bada, University of Colorado School of Medicine" id="PR_reasoned_2017_04_17_Instance_32497" type="identity">
      <class id="PR:000026474" label="transcription factor PML"/>
      <span end="11082" id="17083276-27989" start="11060">promyelocytic leukemia</span>
    </annotation>
    <annotation annotator="Mike Bada, University of Colorado School of Medicine" id="PR_reasoned_2017_04_17_Instance_32499" type="identity">
      <class id="PR:000026474" label="transcription factor PML"/>
      <span end="11087" id="17083276-27991" start="11084">PML</span>
    </annotation>
    <annotation annotator="Mike Bada, University of Colorado School of Medicine" id="PR_reasoned_2017_04_17_Instance_32501" type="identity">
      <class id="PR:000026474" label="transcription factor PML"/>
      <span end="11125" id="17083276-27993" start="11122">PML</span>
    </annotation>
    <annotation annotator="Mike Bada, University of Colorado School of Medicine" id="PR_reasoned_2017_04_17_Instance_32503" type="identity">
      <class id="PR:000026474" label="transcription factor PML"/>
      <span end="11283" id="17083276-27995" start="11280">PML</span>
    </annotation>
    <annotation annotator="Mike Bada, University of Colorado School of Medicine" id="PR_reasoned_2017_04_17_Instance_32505" type="identity">
      <class id="PR:000005402" label="chromatin assembly factor 1 subunit A"/>
      <span end="11328" id="17083276-27997" start="11319">p150CAF-1</span>
    </annotation>
    <annotation annotator="Mike Bada, University of Colorado School of Medicine" id="PR_reasoned_2017_04_17_Instance_121629" type="identity">
      <class id="PR:000027594" label="histone H3"/>
      <span end="11612" id="17083276-27862" start="11602">histone H3</span>
    </annotation>
    <annotation annotator="Mike Bada, University of Colorado School of Medicine" id="PR_reasoned_2017_04_17_Instance_32507" type="identity">
      <class id="PR:000005086" label="chromobox protein homolog 5"/>
      <span end="11621" id="17083276-27999" start="11617">HP1α</span>
    </annotation>
    <annotation annotator="Mike Bada, University of Colorado School of Medicine" id="PR_reasoned_2017_04_17_Instance_32509" type="identity">
      <class id="PR:000005402" label="chromatin assembly factor 1 subunit A"/>
      <span end="11977" id="17083276-28001" start="11968">p150CAF-1</span>
    </annotation>
    <annotation annotator="Mike Bada, University of Colorado School of Medicine" id="PR_reasoned_2017_04_17_Instance_32511" type="identity">
      <class id="PR:000012421" label="proliferating cell nuclear antigen"/>
      <span end="12183" id="17083276-28003" start="12179">PCNA</span>
    </annotation>
    <annotation annotator="Mike Bada, University of Colorado School of Medicine" id="PR_reasoned_2017_04_17_Instance_32513" type="identity">
      <class id="PR:000012421" label="proliferating cell nuclear antigen"/>
      <span end="12219" id="17083276-28005" start="12185">proliferating cell nuclear antigen</span>
    </annotation>
    <annotation annotator="Mike Bada, University of Colorado School of Medicine" id="PR_reasoned_2017_04_17_Instance_32515" type="identity">
      <class id="PR:000005402" label="chromatin assembly factor 1 subunit A"/>
      <span end="12476" id="17083276-28007" start="12467">p150CAF-1</span>
    </annotation>
    <annotation annotator="Mike Bada, University of Colorado School of Medicine" id="PR_reasoned_2017_04_17_Instance_32517" type="identity">
      <class id="PR:000005402" label="chromatin assembly factor 1 subunit A"/>
      <span end="12594" id="17083276-28009" start="12585">p150CAF-1</span>
    </annotation>
    <annotation annotator="Mike Bada, University of Colorado School of Medicine" id="PR_reasoned_2017_04_17_Instance_32519" type="identity">
      <class id="PR:000005402" label="chromatin assembly factor 1 subunit A"/>
      <span end="13390" id="17083276-28011" start="13381">p150CAF-1</span>
    </annotation>
    <annotation annotator="Mike Bada, University of Colorado School of Medicine" id="PR_reasoned_2017_04_17_Instance_32521" type="identity">
      <class id="PR:000005402" label="chromatin assembly factor 1 subunit A"/>
      <span end="13870" id="17083276-28013" start="13861">p150CAF-1</span>
    </annotation>
    <annotation annotator="Mike Bada, University of Colorado School of Medicine" id="PR_reasoned_2017_04_17_Instance_32523" type="identity">
      <class id="PR:000005402" label="chromatin assembly factor 1 subunit A"/>
      <span end="14094" id="17083276-28015" start="14085">p150CAF-1</span>
    </annotation>
    <annotation annotator="Mike Bada, University of Colorado School of Medicine" id="PR_reasoned_2017_04_17_Instance_32525" type="identity">
      <class id="PR:000005402" label="chromatin assembly factor 1 subunit A"/>
      <span end="14332" id="17083276-28017" start="14323">p150CAF-1</span>
    </annotation>
    <annotation annotator="Mike Bada, University of Colorado School of Medicine" id="PR_reasoned_2017_04_17_Instance_32527" type="identity">
      <class id="PR:000005402" label="chromatin assembly factor 1 subunit A"/>
      <span end="14411" id="17083276-28019" start="14402">p150CAF-1</span>
    </annotation>
    <annotation annotator="Mike Bada, University of Colorado School of Medicine" id="PR_reasoned_2017_04_17_Instance_121633" type="identity">
      <class id="PR:000008603" label="histone H4"/>
      <span end="14566" id="17083276-27864" start="14559">histone</span>
      <span end="14578" id="17083276-27865" start="14576">H4</span>
    </annotation>
    <annotation annotator="Mike Bada, University of Colorado School of Medicine" id="PR_reasoned_2017_04_17_Instance_32531" type="identity">
      <class id="PR:000005402" label="chromatin assembly factor 1 subunit A"/>
      <span end="14873" id="17083276-28021" start="14864">p150CAF-1</span>
    </annotation>
    <annotation annotator="Mike Bada, University of Colorado School of Medicine" id="PR_reasoned_2017_04_17_Instance_121635" type="identity">
      <class id="PR:000027594" label="histone H3"/>
      <span end="15044" id="17083276-27867" start="15034">histone H3</span>
    </annotation>
    <annotation annotator="Mike Bada, University of Colorado School of Medicine" id="PR_reasoned_2017_04_17_Instance_32533" type="identity">
      <class id="PR:000005402" label="chromatin assembly factor 1 subunit A"/>
      <span end="15128" id="17083276-28023" start="15119">p150CAF-1</span>
    </annotation>
    <annotation annotator="Mike Bada, University of Colorado School of Medicine" id="PR_reasoned_2017_04_17_Instance_121637" type="identity">
      <class id="PR:000027594" label="histone H3"/>
      <span end="15300" id="17083276-27869" start="15290">histone H3</span>
    </annotation>
    <annotation annotator="Mike Bada, University of Colorado School of Medicine" id="PR_reasoned_2017_04_17_Instance_32535" type="identity">
      <class id="PR:000005402" label="chromatin assembly factor 1 subunit A"/>
      <span end="15383" id="17083276-28025" start="15374">p150CAF-1</span>
    </annotation>
    <annotation annotator="Mike Bada, University of Colorado School of Medicine" id="PR_reasoned_2017_04_17_Instance_32537" type="identity">
      <class id="PR:000005086" label="chromobox protein homolog 5"/>
      <span end="15646" id="17083276-28027" start="15642">HP1α</span>
    </annotation>
    <annotation annotator="Mike Bada, University of Colorado School of Medicine" id="PR_reasoned_2017_04_17_Instance_32539" type="identity">
      <class id="PR:000005402" label="chromatin assembly factor 1 subunit A"/>
      <span end="15676" id="17083276-28029" start="15670">Chaf1a</span>
    </annotation>
    <annotation annotator="Mike Bada, University of Colorado School of Medicine" id="PR_reasoned_2017_04_17_Instance_32541" type="identity">
      <class id="PR:000005402" label="chromatin assembly factor 1 subunit A"/>
      <span end="15701" id="17083276-28031" start="15692">p150CAF-1</span>
    </annotation>
    <annotation annotator="Mike Bada, University of Colorado School of Medicine" id="PR_reasoned_2017_04_17_Instance_32543" type="identity">
      <class id="PR:000005402" label="chromatin assembly factor 1 subunit A"/>
      <span end="15975" id="17083276-28033" start="15966">p150CAF-1</span>
    </annotation>
    <annotation annotator="Mike Bada, University of Colorado School of Medicine" id="PR_reasoned_2017_04_17_Instance_32545" type="identity">
      <class id="PR:000005402" label="chromatin assembly factor 1 subunit A"/>
      <span end="16301" id="17083276-28035" start="16292">p150CAF-1</span>
    </annotation>
    <annotation annotator="Mike Bada, University of Colorado School of Medicine" id="PR_reasoned_2017_04_17_Instance_32547" type="identity">
      <class id="PR:000005402" label="chromatin assembly factor 1 subunit A"/>
      <span end="16413" id="17083276-28037" start="16404">p150CAF-1</span>
    </annotation>
    <annotation annotator="Mike Bada, University of Colorado School of Medicine" id="PR_reasoned_2017_04_17_Instance_121639" type="identity">
      <class id="PR:000043452" label="core histone"/>
      <span end="16589" id="17083276-27871" start="16582">histone</span>
    </annotation>
    <annotation annotator="Mike Bada, University of Colorado School of Medicine" id="PR_reasoned_2017_04_17_Instance_32549" type="identity">
      <class id="PR:000005402" label="chromatin assembly factor 1 subunit A"/>
      <span end="16826" id="17083276-28039" start="16817">p150CAF-1</span>
    </annotation>
    <annotation annotator="Mike Bada, University of Colorado School of Medicine" id="PR_reasoned_2017_04_17_Instance_32551" type="identity">
      <class id="PR:000005402" label="chromatin assembly factor 1 subunit A"/>
      <span end="16988" id="17083276-28041" start="16979">p150CAF-1</span>
    </annotation>
    <annotation annotator="Mike Bada, University of Colorado School of Medicine" id="PR_reasoned_2017_04_17_Instance_32553" type="identity">
      <class id="PR:000005402" label="chromatin assembly factor 1 subunit A"/>
      <span end="17305" id="17083276-28043" start="17296">p150CAF-1</span>
    </annotation>
    <annotation annotator="Mike Bada, University of Colorado School of Medicine" id="PR_reasoned_2017_04_17_Instance_32555" type="identity">
      <class id="PR:000005402" label="chromatin assembly factor 1 subunit A"/>
      <span end="17479" id="17083276-28045" start="17470">p150CAF-1</span>
    </annotation>
    <annotation annotator="Mike Bada, University of Colorado School of Medicine" id="PR_reasoned_2017_04_17_Instance_32557" type="identity">
      <class id="PR:000005402" label="chromatin assembly factor 1 subunit A"/>
      <span end="17752" id="17083276-28047" start="17743">p150CAF-1</span>
    </annotation>
    <annotation annotator="Mike Bada, University of Colorado School of Medicine" id="PR_reasoned_2017_04_17_Instance_32559" type="identity">
      <class id="PR:000005086" label="chromobox protein homolog 5"/>
      <span end="17813" id="17083276-28049" start="17809">HP1α</span>
    </annotation>
    <annotation annotator="Mike Bada, University of Colorado School of Medicine" id="PR_reasoned_2017_04_17_Instance_32561" type="identity">
      <class id="PR:000005402" label="chromatin assembly factor 1 subunit A"/>
      <span end="18351" id="17083276-28051" start="18342">p150CAF-1</span>
    </annotation>
    <annotation annotator="Mike Bada, University of Colorado School of Medicine" id="PR_reasoned_2017_04_17_Instance_32563" type="identity">
      <class id="PR:000005402" label="chromatin assembly factor 1 subunit A"/>
      <span end="18556" id="17083276-28053" start="18547">p150CAF-1</span>
    </annotation>
    <annotation annotator="Mike Bada, University of Colorado School of Medicine" id="PR_reasoned_2017_04_17_Instance_32565" type="identity">
      <class id="PR:000005402" label="chromatin assembly factor 1 subunit A"/>
      <span end="18916" id="17083276-28055" start="18907">p150CAF-1</span>
    </annotation>
    <annotation annotator="Mike Bada, University of Colorado School of Medicine" id="PR_reasoned_2017_04_17_Instance_32567" type="identity">
      <class id="PR:000005402" label="chromatin assembly factor 1 subunit A"/>
      <span end="19117" id="17083276-28057" start="19108">p150CAF-1</span>
    </annotation>
    <annotation annotator="Mike Bada, University of Colorado School of Medicine" id="PR_reasoned_2017_04_17_Instance_32569" type="identity">
      <class id="PR:000026474" label="transcription factor PML"/>
      <span end="19136" id="17083276-28059" start="19133">PML</span>
    </annotation>
    <annotation annotator="Mike Bada, University of Colorado School of Medicine" id="PR_reasoned_2017_04_17_Instance_32571" type="identity">
      <class id="PR:000005402" label="chromatin assembly factor 1 subunit A"/>
      <span end="19244" id="17083276-28061" start="19235">p150CAF-1</span>
    </annotation>
    <annotation annotator="Mike Bada, University of Colorado School of Medicine" id="PR_reasoned_2017_04_17_Instance_121641" type="identity">
      <class id="PR:000027594" label="histone H3"/>
      <span end="21451" id="17083276-27873" start="21441">histone H3</span>
    </annotation>
    <annotation annotator="Mike Bada, University of Colorado School of Medicine" id="PR_reasoned_2017_04_17_Instance_121825" type="identity">
      <class id="PR:000008425" label="histone H3.3"/>
      <span end="21948" id="17083276-27889" start="21944">H3.3</span>
    </annotation>
    <annotation annotator="Mike Bada, University of Colorado School of Medicine" id="PR_reasoned_2017_04_17_Instance_121827" type="identity">
      <class id="PR:000027594" label="histone H3"/>
      <span end="22062" id="17083276-27891" start="22060">H3</span>
    </annotation>
    <annotation annotator="Mike Bada, University of Colorado School of Medicine" id="PR_reasoned_2017_04_17_Instance_121829" type="identity">
      <class id="PR:000008425" label="histone H3.3"/>
      <span end="22105" id="17083276-27893" start="22101">H3.3</span>
    </annotation>
    <annotation annotator="Mike Bada, University of Colorado School of Medicine" id="PR_reasoned_2017_04_17_Instance_32573" type="identity">
      <class id="PR:000005402" label="chromatin assembly factor 1 subunit A"/>
      <span end="22856" id="17083276-28063" start="22847">p150CAF-1</span>
    </annotation>
    <annotation annotator="Mike Bada, University of Colorado School of Medicine" id="PR_reasoned_2017_04_17_Instance_32575" type="identity">
      <class id="PR:000005402" label="chromatin assembly factor 1 subunit A"/>
      <span end="23099" id="17083276-28065" start="23090">p150CAF-1</span>
    </annotation>
    <annotation annotator="Mike Bada, University of Colorado School of Medicine" id="PR_reasoned_2017_04_17_Instance_32577" type="identity">
      <class id="PR:000005402" label="chromatin assembly factor 1 subunit A"/>
      <span end="23922" id="17083276-28067" start="23913">p150CAF-1</span>
    </annotation>
    <annotation annotator="Mike Bada, University of Colorado School of Medicine" id="PR_reasoned_2017_04_17_Instance_32579" type="identity">
      <class id="PR:000005402" label="chromatin assembly factor 1 subunit A"/>
      <span end="23994" id="17083276-28069" start="23988">Chaf1a</span>
    </annotation>
    <annotation annotator="Mike Bada, University of Colorado School of Medicine" id="PR_reasoned_2017_04_17_Instance_121643" type="identity">
      <class id="PR:000043452" label="core histone"/>
      <span end="24563" id="17083276-27875" start="24556">histone</span>
    </annotation>
    <annotation annotator="Mike Bada, University of Colorado School of Medicine" id="PR_reasoned_2017_04_17_Instance_32581" type="identity">
      <class id="PR:000005402" label="chromatin assembly factor 1 subunit A"/>
      <span end="24861" id="17083276-28071" start="24855">Chaf1a</span>
    </annotation>
    <annotation annotator="Mike Bada, University of Colorado School of Medicine" id="PR_reasoned_2017_04_17_Instance_32583" type="identity">
      <class id="PR:000005402" label="chromatin assembly factor 1 subunit A"/>
      <span end="24967" id="17083276-28073" start="24961">Chaf1a</span>
    </annotation>
    <annotation annotator="Mike Bada, University of Colorado School of Medicine" id="PR_reasoned_2017_04_17_Instance_201259" type="identity">
      <class id="PR:000005402" label="chromatin assembly factor 1 subunit A"/>
      <span end="25240" id="17083276-27905" start="25234">Chaf1a</span>
    </annotation>
    <annotation annotator="Mike Bada, University of Colorado School of Medicine" id="PR_reasoned_2017_04_17_Instance_32585" type="identity">
      <class id="PR:000005402" label="chromatin assembly factor 1 subunit A"/>
      <span end="25266" id="17083276-28075" start="25260">Chaf1a</span>
    </annotation>
    <annotation annotator="Mike Bada, University of Colorado School of Medicine" id="PR_reasoned_2017_04_17_Instance_32587" type="identity">
      <class id="PR:000005402" label="chromatin assembly factor 1 subunit A"/>
      <span end="25341" id="17083276-28077" start="25335">Chaf1a</span>
    </annotation>
    <annotation annotator="Mike Bada, University of Colorado School of Medicine" id="PR_reasoned_2017_04_17_Instance_32589" type="identity">
      <class id="PR:000005402" label="chromatin assembly factor 1 subunit A"/>
      <span end="25459" id="17083276-28079" start="25453">Chaf1a</span>
    </annotation>
    <annotation annotator="Mike Bada, University of Colorado School of Medicine" id="PR_reasoned_2017_04_17_Instance_32591" type="identity">
      <class id="PR:000005402" label="chromatin assembly factor 1 subunit A"/>
      <span end="25990" id="17083276-28081" start="25981">P150CAF-1</span>
    </annotation>
    <annotation annotator="Mike Bada, University of Colorado School of Medicine" id="PR_reasoned_2017_04_17_Instance_32593" type="identity">
      <class id="PR:000005402" label="chromatin assembly factor 1 subunit A"/>
      <span end="26447" id="17083276-28083" start="26438">p150CAF-1</span>
    </annotation>
    <annotation annotator="Mike Bada, University of Colorado School of Medicine" id="PR_reasoned_2017_04_17_Instance_32595" type="identity">
      <class id="PR:000005402" label="chromatin assembly factor 1 subunit A"/>
      <span end="26877" id="17083276-28085" start="26868">p150CAF-1</span>
    </annotation>
    <annotation annotator="Mike Bada, University of Colorado School of Medicine" id="PR_reasoned_2017_04_17_Instance_32597" type="identity">
      <class id="PR:000005402" label="chromatin assembly factor 1 subunit A"/>
      <span end="27044" id="17083276-28087" start="27035">p150CAF-1</span>
    </annotation>
    <annotation annotator="Mike Bada, University of Colorado School of Medicine" id="PR_reasoned_2017_04_17_Instance_32599" type="identity">
      <class id="PR:000005086" label="chromobox protein homolog 5"/>
      <span end="28123" id="17083276-28089" start="28119">HP1α</span>
    </annotation>
    <annotation annotator="Mike Bada, University of Colorado School of Medicine" id="PR_reasoned_2017_04_17_Instance_32603" type="identity">
      <class id="PR:000012421" label="proliferating cell nuclear antigen"/>
      <span end="28259" id="17083276-28093" start="28255">PCNA</span>
    </annotation>
    <annotation annotator="Mike Bada, University of Colorado School of Medicine" id="PR_reasoned_2017_04_17_Instance_32601" type="identity">
      <class id="PR:000026474" label="transcription factor PML"/>
      <span end="28290" id="17083276-28091" start="28287">PML</span>
    </annotation>
    <annotation annotator="Mike Bada, University of Colorado School of Medicine" id="PR_reasoned_2017_04_17_Instance_32605" type="identity">
      <class id="PR:000005402" label="chromatin assembly factor 1 subunit A"/>
      <span end="28417" id="17083276-28095" start="28409">p150CAF1</span>
    </annotation>
    <annotation annotator="Mike Bada, University of Colorado School of Medicine" id="PR_reasoned_2017_04_17_Instance_32607" type="identity">
      <class id="PR:000005402" label="chromatin assembly factor 1 subunit A"/>
      <span end="28750" id="17083276-28097" start="28741">p150CAF-1</span>
    </annotation>
    <annotation annotator="Mike Bada, University of Colorado School of Medicine" id="PR_reasoned_2017_04_17_Instance_32609" type="identity">
      <class id="PR:000005086" label="chromobox protein homolog 5"/>
      <span end="28779" id="17083276-28099" start="28775">HP1α</span>
    </annotation>
    <annotation annotator="Mike Bada, University of Colorado School of Medicine" id="PR_reasoned_2017_04_17_Instance_121645" type="identity">
      <class id="PR:000027594" label="histone H3"/>
      <span end="28815" id="17083276-27877" start="28805">Histone H3</span>
    </annotation>
    <annotation annotator="Mike Bada, University of Colorado School of Medicine" id="PR_reasoned_2017_04_17_Instance_32611" type="identity">
      <class id="PR:000003676" label="actin, cytoplasmic 1"/>
      <span end="28868" id="17083276-28101" start="28861">β-actin</span>
    </annotation>
    <annotation annotator="Mike Bada, University of Colorado School of Medicine" id="PR_reasoned_2017_04_17_Instance_121647" type="identity">
      <class id="PR:000027594" label="histone H3"/>
      <span end="30220" id="17083276-27879" start="30210">histone H3</span>
    </annotation>
    <annotation annotator="Mike Bada, University of Colorado School of Medicine" id="PR_reasoned_2017_04_17_Instance_32617" type="identity">
      <class id="PR:000005402" label="chromatin assembly factor 1 subunit A"/>
      <span end="30255" id="17083276-28103" start="30251">p150</span>
    </annotation>
    <annotation annotator="Mike Bada, University of Colorado School of Medicine" id="PR_reasoned_2017_04_17_Instance_121649" type="identity">
      <class id="PR:000027594" label="histone H3"/>
      <span end="30591" id="17083276-27881" start="30581">histone H3</span>
    </annotation>
    <annotation annotator="Mike Bada, University of Colorado School of Medicine" id="PR_reasoned_2017_04_17_Instance_140580" type="identity">
      <class id="PR:P23940" label="type-2 restriction enzyme BamHI (Bacillus amyloliquefaciens)"/>
      <span end="31285" id="17083276-27895" start="31280">BamHI</span>
    </annotation>
    <annotation annotator="Mike Bada, University of Colorado School of Medicine" id="PR_reasoned_2017_04_17_Instance_140626" type="identity">
      <class id="PR:P43870" label="type-2 restriction enzyme HindIII (Haemophilus influenzae Rd KW20)"/>
      <span end="31363" id="17083276-27897" start="31356">HindIII</span>
    </annotation>
    <annotation annotator="Mike Bada, University of Colorado School of Medicine" id="PR_reasoned_2017_04_17_Instance_32619" type="identity">
      <class id="PR:000005402" label="chromatin assembly factor 1 subunit A"/>
      <span end="31623" id="17083276-28105" start="31614">p150CAF-1</span>
    </annotation>
    <annotation annotator="Mike Bada, University of Colorado School of Medicine" id="PR_reasoned_2017_04_17_Instance_32621" type="identity">
      <class id="PR:000005402" label="chromatin assembly factor 1 subunit A"/>
      <span end="31750" id="17083276-28107" start="31741">p150CAF-1</span>
    </annotation>
    <annotation annotator="Mike Bada, University of Colorado School of Medicine" id="PR_reasoned_2017_04_17_Instance_32623" type="identity">
      <class id="PR:000005402" label="chromatin assembly factor 1 subunit A"/>
      <span end="31756" id="17083276-28109" start="31752">p150</span>
    </annotation>
    <annotation annotator="Mike Bada, University of Colorado School of Medicine" id="PR_reasoned_2017_04_17_Instance_32625" type="identity">
      <class id="PR:000003676" label="actin, cytoplasmic 1"/>
      <span end="31787" id="17083276-28111" start="31780">β-actin</span>
    </annotation>
    <annotation annotator="Mike Bada, University of Colorado School of Medicine" id="PR_reasoned_2017_04_17_Instance_32627" type="identity">
      <class id="PR:000005402" label="chromatin assembly factor 1 subunit A"/>
      <span end="31876" id="17083276-28113" start="31867">p150CAF-1</span>
    </annotation>
    <annotation annotator="Mike Bada, University of Colorado School of Medicine" id="PR_reasoned_2017_04_17_Instance_32629" type="identity">
      <class id="PR:000005086" label="chromobox protein homolog 5"/>
      <span end="31921" id="17083276-28115" start="31917">HP1α</span>
    </annotation>
    <annotation annotator="Mike Bada, University of Colorado School of Medicine" id="PR_reasoned_2017_04_17_Instance_121651" type="identity">
      <class id="PR:000027594" label="histone H3"/>
      <span end="31933" id="17083276-27883" start="31923">histone H3</span>
    </annotation>
    <annotation annotator="Mike Bada, University of Colorado School of Medicine" id="PR_reasoned_2017_04_17_Instance_32631" type="identity">
      <class id="PR:000005402" label="chromatin assembly factor 1 subunit A"/>
      <span end="32025" id="17083276-28117" start="32016">p150CAF-1</span>
    </annotation>
    <annotation annotator="Mike Bada, University of Colorado School of Medicine" id="PR_reasoned_2017_04_17_Instance_32633" type="identity">
      <class id="PR:000005402" label="chromatin assembly factor 1 subunit A"/>
      <span end="32031" id="17083276-28119" start="32027">p150</span>
    </annotation>
    <annotation annotator="Mike Bada, University of Colorado School of Medicine" id="PR_reasoned_2017_04_17_Instance_32635" type="identity">
      <class id="PR:000005402" label="chromatin assembly factor 1 subunit A"/>
      <span end="32079" id="17083276-28121" start="32070">p150CAF-1</span>
    </annotation>
    <annotation annotator="Mike Bada, University of Colorado School of Medicine" id="PR_reasoned_2017_04_17_Instance_32637" type="identity">
      <class id="PR:000005402" label="chromatin assembly factor 1 subunit A"/>
      <span end="32250" id="17083276-28123" start="32241">p150CAF-1</span>
    </annotation>
    <annotation annotator="Mike Bada, University of Colorado School of Medicine" id="PR_reasoned_2017_04_17_Instance_32639" type="identity">
      <class id="PR:000005402" label="chromatin assembly factor 1 subunit A"/>
      <span end="32814" id="17083276-28125" start="32805">p150CAF-1</span>
    </annotation>
    <annotation annotator="Mike Bada, University of Colorado School of Medicine" id="PR_reasoned_2017_04_17_Instance_32641" type="identity">
      <class id="PR:000005402" label="chromatin assembly factor 1 subunit A"/>
      <span end="32890" id="17083276-28127" start="32881">p150CAF-1</span>
    </annotation>
    <annotation annotator="Mike Bada, University of Colorado School of Medicine" id="PR_reasoned_2017_04_17_Instance_32643" type="identity">
      <class id="PR:000005402" label="chromatin assembly factor 1 subunit A"/>
      <span end="32990" id="17083276-28129" start="32986">p150</span>
    </annotation>
    <annotation annotator="Mike Bada, University of Colorado School of Medicine" id="PR_reasoned_2017_04_17_Instance_32645" type="identity">
      <class id="PR:000005402" label="chromatin assembly factor 1 subunit A"/>
      <span end="33037" id="17083276-28131" start="33028">p150CAF-1</span>
    </annotation>
    <annotation annotator="Mike Bada, University of Colorado School of Medicine" id="PR_reasoned_2017_04_17_Instance_32647" type="identity">
      <class id="PR:000026474" label="transcription factor PML"/>
      <span end="33463" id="17083276-28133" start="33460">PML</span>
    </annotation>
    <annotation annotator="Mike Bada, University of Colorado School of Medicine" id="PR_reasoned_2017_04_17_Instance_32653" type="identity">
      <class id="PR:000012421" label="proliferating cell nuclear antigen"/>
      <span end="33960" id="17083276-28139" start="33956">PCNA</span>
    </annotation>
    <annotation annotator="Mike Bada, University of Colorado School of Medicine" id="PR_reasoned_2017_04_17_Instance_32655" type="identity">
      <class id="PR:000012421" label="proliferating cell nuclear antigen"/>
      <span end="33997" id="17083276-28141" start="33963">proliferating cell nuclear antigen</span>
    </annotation>
    <annotation annotator="Mike Bada, University of Colorado School of Medicine" id="PR_reasoned_2017_04_17_Instance_32649" type="identity">
      <class id="PR:000026474" label="transcription factor PML"/>
      <span end="34002" id="17083276-28135" start="33999">PML</span>
    </annotation>
    <annotation annotator="Mike Bada, University of Colorado School of Medicine" id="PR_reasoned_2017_04_17_Instance_32651" type="identity">
      <class id="PR:000026474" label="transcription factor PML"/>
      <span end="34027" id="17083276-28137" start="34005">promyelocytic leukemia</span>
    </annotation>
    <annotation annotator="Mike Bada, University of Colorado School of Medicine" id="PR_reasoned_2017_04_17_Instance_32657" type="identity">
      <class id="PR:000005402" label="chromatin assembly factor 1 subunit A"/>
      <span end="34132" id="17083276-28143" start="34123">p150CAF-1</span>
    </annotation>
    <annotation annotator="Mike Bada, University of Colorado School of Medicine" id="PR_reasoned_2017_04_17_Instance_32659" type="identity">
      <class id="PR:000005402" label="chromatin assembly factor 1 subunit A"/>
      <span end="34250" id="17083276-28145" start="34244">Chaf1a</span>
    </annotation>
    <annotation annotator="Mike Bada, University of Colorado School of Medicine" id="PR_reasoned_2017_04_17_Instance_32661" type="identity">
      <class id="PR:000005402" label="chromatin assembly factor 1 subunit A"/>
      <span end="34328" id="17083276-28147" start="34320">p150CAF1</span>
    </annotation>
    <annotation annotator="Mike Bada, University of Colorado School of Medicine" id="PR_reasoned_2017_04_17_Instance_32663" type="identity">
      <class id="PR:000005403" label="chromatin assembly factor 1 subunit B"/>
      <span end="34397" id="17083276-28149" start="34389">p60CAF-1</span>
    </annotation>
    <annotation annotator="Mike Bada, University of Colorado School of Medicine" id="PR_reasoned_2017_04_17_Instance_32665" type="identity">
      <class id="PR:000005402" label="chromatin assembly factor 1 subunit A"/>
      <span end="34466" id="17083276-28151" start="34460">Chaf1a</span>
    </annotation>
    <annotation annotator="Mike Bada, University of Colorado School of Medicine" id="PR_reasoned_2017_04_17_Instance_32667" type="identity">
      <class id="PR:000005402" label="chromatin assembly factor 1 subunit A"/>
      <span end="34608" id="17083276-28153" start="34602">Chaf1a</span>
    </annotation>
    <annotation annotator="Mike Bada, University of Colorado School of Medicine" id="PR_reasoned_2017_04_17_Instance_32669" type="identity">
      <class id="PR:000005402" label="chromatin assembly factor 1 subunit A"/>
      <span end="34912" id="17083276-28155" start="34906">Chaf1a</span>
    </annotation>
    <annotation annotator="Mike Bada, University of Colorado School of Medicine" id="PR_reasoned_2017_04_17_Instance_32671" type="identity">
      <class id="PR:000005402" label="chromatin assembly factor 1 subunit A"/>
      <span end="35124" id="17083276-28157" start="35115">p150CAF-1</span>
    </annotation>
    <annotation annotator="Mike Bada, University of Colorado School of Medicine" id="PR_reasoned_2017_04_17_Instance_32673" type="identity">
      <class id="PR:000005086" label="chromobox protein homolog 5"/>
      <span end="35141" id="17083276-28159" start="35137">HP1α</span>
    </annotation>
    <annotation annotator="Mike Bada, University of Colorado School of Medicine" id="PR_reasoned_2017_04_17_Instance_32675" type="identity">
      <class id="PR:000005402" label="chromatin assembly factor 1 subunit A"/>
      <span end="35181" id="17083276-28161" start="35175">Chaf1a</span>
    </annotation>
    <annotation annotator="Mike Bada, University of Colorado School of Medicine" id="PR_reasoned_2017_04_17_Instance_32677" type="identity">
      <class id="PR:000005402" label="chromatin assembly factor 1 subunit A"/>
      <span end="35213" id="17083276-28163" start="35207">Chaf1a</span>
    </annotation>
    <annotation annotator="Mike Bada, University of Colorado School of Medicine" id="PR_reasoned_2017_04_17_Instance_32679" type="identity">
      <class id="PR:000005402" label="chromatin assembly factor 1 subunit A"/>
      <span end="35227" id="17083276-28165" start="35221">Chaf1a</span>
    </annotation>
    <annotation annotator="Mike Bada, University of Colorado School of Medicine" id="PR_reasoned_2017_04_17_Instance_32681" type="identity">
      <class id="PR:000005402" label="chromatin assembly factor 1 subunit A"/>
      <span end="35290" id="17083276-28167" start="35281">p150CAF-1</span>
    </annotation>
    <annotation annotator="Mike Bada, University of Colorado School of Medicine" id="PR_reasoned_2017_04_17_Instance_32683" type="identity">
      <class id="PR:000005402" label="chromatin assembly factor 1 subunit A"/>
      <span end="35340" id="17083276-28169" start="35331">p150CAF-1</span>
    </annotation>
    <annotation annotator="Mike Bada, University of Colorado School of Medicine" id="PR_reasoned_2017_04_17_Instance_32685" type="identity">
      <class id="PR:000005402" label="chromatin assembly factor 1 subunit A"/>
      <span end="35535" id="17083276-28171" start="35526">p150CAF-1</span>
    </annotation>
    <annotation annotator="Mike Bada, University of Colorado School of Medicine" id="PR_reasoned_2017_04_17_Instance_32687" type="identity">
      <class id="PR:000005086" label="chromobox protein homolog 5"/>
      <span end="35659" id="17083276-28173" start="35655">HP1α</span>
    </annotation>
    <annotation annotator="Mike Bada, University of Colorado School of Medicine" id="PR_reasoned_2017_04_17_Instance_201261" type="identity">
      <class id="PR:P05205" label="heterochromatin protein 1 (fruit fly)"/>
      <span end="35746" id="17083276-27907" start="35743">HP1</span>
    </annotation>
    <annotation annotator="Mike Bada, University of Colorado School of Medicine" id="PR_reasoned_2017_04_17_Instance_32689" type="identity">
      <class id="PR:000005086" label="chromobox protein homolog 5"/>
      <span end="35964" id="17083276-28175" start="35960">HP1α</span>
    </annotation>
    <annotation annotator="Mike Bada, University of Colorado School of Medicine" id="PR_reasoned_2017_04_17_Instance_32691" type="identity">
      <class id="PR:000005402" label="chromatin assembly factor 1 subunit A"/>
      <span end="36032" id="17083276-28177" start="36026">Chaf1a</span>
    </annotation>
    <annotation annotator="Mike Bada, University of Colorado School of Medicine" id="PR_reasoned_2017_04_17_Instance_32693" type="identity">
      <class id="PR:000005086" label="chromobox protein homolog 5"/>
      <span end="36058" id="17083276-28179" start="36054">HP1α</span>
    </annotation>
    <annotation annotator="Mike Bada, University of Colorado School of Medicine" id="PR_reasoned_2017_04_17_Instance_32695" type="identity">
      <class id="PR:000005402" label="chromatin assembly factor 1 subunit A"/>
      <span end="36111" id="17083276-28181" start="36102">p150CAF-1</span>
    </annotation>
    <annotation annotator="Mike Bada, University of Colorado School of Medicine" id="PR_reasoned_2017_04_17_Instance_32697" type="identity">
      <class id="PR:000005402" label="chromatin assembly factor 1 subunit A"/>
      <span end="36699" id="17083276-28183" start="36690">p150CAF-1</span>
    </annotation>
    <annotation annotator="Mike Bada, University of Colorado School of Medicine" id="PR_reasoned_2017_04_17_Instance_32699" type="identity">
      <class id="PR:000005402" label="chromatin assembly factor 1 subunit A"/>
      <span end="36814" id="17083276-28185" start="36805">p150CAF-1</span>
    </annotation>
    <annotation annotator="Mike Bada, University of Colorado School of Medicine" id="PR_reasoned_2017_04_17_Instance_32701" type="identity">
      <class id="PR:000005402" label="chromatin assembly factor 1 subunit A"/>
      <span end="37104" id="17083276-28187" start="37095">p150CAF-1</span>
    </annotation>
    <annotation annotator="Mike Bada, University of Colorado School of Medicine" id="PR_reasoned_2017_04_17_Instance_32703" type="identity">
      <class id="PR:000005402" label="chromatin assembly factor 1 subunit A"/>
      <span end="37152" id="17083276-28189" start="37143">p150CAF-1</span>
    </annotation>
    <annotation annotator="Mike Bada, University of Colorado School of Medicine" id="PR_reasoned_2017_04_17_Instance_32705" type="identity">
      <class id="PR:000005086" label="chromobox protein homolog 5"/>
      <span end="37169" id="17083276-28191" start="37165">HP1α</span>
    </annotation>
    <annotation annotator="Mike Bada, University of Colorado School of Medicine" id="PR_reasoned_2017_04_17_Instance_32707" type="identity">
      <class id="PR:000005402" label="chromatin assembly factor 1 subunit A"/>
      <span end="37233" id="17083276-28193" start="37224">p150CAF-1</span>
    </annotation>
    <annotation annotator="Mike Bada, University of Colorado School of Medicine" id="PR_reasoned_2017_04_17_Instance_32709" type="identity">
      <class id="PR:000005402" label="chromatin assembly factor 1 subunit A"/>
      <span end="37288" id="17083276-28195" start="37279">p150CAF-1</span>
    </annotation>
    <annotation annotator="Mike Bada, University of Colorado School of Medicine" id="PR_reasoned_2017_04_17_Instance_32711" type="identity">
      <class id="PR:000005086" label="chromobox protein homolog 5"/>
      <span end="37349" id="17083276-28197" start="37345">HP1α</span>
    </annotation>
    <annotation annotator="Mike Bada, University of Colorado School of Medicine" id="PR_reasoned_2017_04_17_Instance_32713" type="identity">
      <class id="PR:000005402" label="chromatin assembly factor 1 subunit A"/>
      <span end="37473" id="17083276-28199" start="37464">p150CAF-1</span>
    </annotation>
    <annotation annotator="Mike Bada, University of Colorado School of Medicine" id="PR_reasoned_2017_04_17_Instance_32715" type="identity">
      <class id="PR:000005402" label="chromatin assembly factor 1 subunit A"/>
      <span end="37517" id="17083276-28201" start="37508">p150CAF-1</span>
    </annotation>
    <annotation annotator="Mike Bada, University of Colorado School of Medicine" id="PR_reasoned_2017_04_17_Instance_32717" type="identity">
      <class id="PR:000005086" label="chromobox protein homolog 5"/>
      <span end="37534" id="17083276-28203" start="37530">HP1α</span>
    </annotation>
    <annotation annotator="Mike Bada, University of Colorado School of Medicine" id="PR_reasoned_2017_04_17_Instance_32719" type="identity">
      <class id="PR:000005402" label="chromatin assembly factor 1 subunit A"/>
      <span end="37593" id="17083276-28205" start="37584">p150CAF-1</span>
    </annotation>
    <annotation annotator="Mike Bada, University of Colorado School of Medicine" id="PR_reasoned_2017_04_17_Instance_32721" type="identity">
      <class id="PR:000005086" label="chromobox protein homolog 5"/>
      <span end="37650" id="17083276-28207" start="37646">HP1α</span>
    </annotation>
    <annotation annotator="Mike Bada, University of Colorado School of Medicine" id="PR_reasoned_2017_04_17_Instance_32727" type="identity">
      <class id="PR:000026474" label="transcription factor PML"/>
      <span end="37702" id="17083276-28213" start="37699">PML</span>
    </annotation>
    <annotation annotator="Mike Bada, University of Colorado School of Medicine" id="PR_reasoned_2017_04_17_Instance_32723" type="identity">
      <class id="PR:000005402" label="chromatin assembly factor 1 subunit A"/>
      <span end="37738" id="17083276-28209" start="37729">p150CAF-1</span>
    </annotation>
    <annotation annotator="Mike Bada, University of Colorado School of Medicine" id="PR_reasoned_2017_04_17_Instance_32729" type="identity">
      <class id="PR:000026474" label="transcription factor PML"/>
      <span end="37780" id="17083276-28215" start="37777">PML</span>
    </annotation>
    <annotation annotator="Mike Bada, University of Colorado School of Medicine" id="PR_reasoned_2017_04_17_Instance_32725" type="identity">
      <class id="PR:000005402" label="chromatin assembly factor 1 subunit A"/>
      <span end="37843" id="17083276-28211" start="37834">p150CAF-1</span>
    </annotation>
    <annotation annotator="Mike Bada, University of Colorado School of Medicine" id="PR_reasoned_2017_04_17_Instance_32731" type="identity">
      <class id="PR:000026474" label="transcription factor PML"/>
      <span end="37899" id="17083276-28217" start="37896">PML</span>
    </annotation>
    <annotation annotator="Mike Bada, University of Colorado School of Medicine" id="PR_reasoned_2017_04_17_Instance_32733" type="identity">
      <class id="PR:000005402" label="chromatin assembly factor 1 subunit A"/>
      <span end="37963" id="17083276-28219" start="37954">p150CAF-1</span>
    </annotation>
    <annotation annotator="Mike Bada, University of Colorado School of Medicine" id="PR_reasoned_2017_04_17_Instance_32735" type="identity">
      <class id="PR:000005402" label="chromatin assembly factor 1 subunit A"/>
      <span end="38115" id="17083276-28221" start="38106">p150CAF-1</span>
    </annotation>
    <annotation annotator="Mike Bada, University of Colorado School of Medicine" id="PR_reasoned_2017_04_17_Instance_32737" type="identity">
      <class id="PR:000005402" label="chromatin assembly factor 1 subunit A"/>
      <span end="38352" id="17083276-28223" start="38343">p150CAF-1</span>
    </annotation>
    <annotation annotator="Mike Bada, University of Colorado School of Medicine" id="PR_reasoned_2017_04_17_Instance_32739" type="identity">
      <class id="PR:000005402" label="chromatin assembly factor 1 subunit A"/>
      <span end="38427" id="17083276-28225" start="38418">p150CAF-1</span>
    </annotation>
    <annotation annotator="Mike Bada, University of Colorado School of Medicine" id="PR_reasoned_2017_04_17_Instance_32741" type="identity">
      <class id="PR:000012421" label="proliferating cell nuclear antigen"/>
      <span end="38498" id="17083276-28227" start="38494">PCNA</span>
    </annotation>
    <annotation annotator="Mike Bada, University of Colorado School of Medicine" id="PR_reasoned_2017_04_17_Instance_32743" type="identity">
      <class id="PR:000005402" label="chromatin assembly factor 1 subunit A"/>
      <span end="38606" id="17083276-28229" start="38597">p150CAF-1</span>
    </annotation>
    <annotation annotator="Mike Bada, University of Colorado School of Medicine" id="PR_reasoned_2017_04_17_Instance_32745" type="identity">
      <class id="PR:000005402" label="chromatin assembly factor 1 subunit A"/>
      <span end="38654" id="17083276-28231" start="38645">p150CAF-1</span>
    </annotation>
    <annotation annotator="Mike Bada, University of Colorado School of Medicine" id="PR_reasoned_2017_04_17_Instance_32747" type="identity">
      <class id="PR:000005402" label="chromatin assembly factor 1 subunit A"/>
      <span end="38701" id="17083276-28233" start="38692">p150CAF-1</span>
    </annotation>
    <annotation annotator="Mike Bada, University of Colorado School of Medicine" id="PR_reasoned_2017_04_17_Instance_32749" type="identity">
      <class id="PR:000012421" label="proliferating cell nuclear antigen"/>
      <span end="38710" id="17083276-28235" start="38706">PCNA</span>
    </annotation>
    <annotation annotator="Mike Bada, University of Colorado School of Medicine" id="PR_reasoned_2017_04_17_Instance_32751" type="identity">
      <class id="PR:000005402" label="chromatin assembly factor 1 subunit A"/>
      <span end="38820" id="17083276-28237" start="38811">p150CAF-1</span>
    </annotation>
    <annotation annotator="Mike Bada, University of Colorado School of Medicine" id="PR_reasoned_2017_04_17_Instance_32753" type="identity">
      <class id="PR:000005402" label="chromatin assembly factor 1 subunit A"/>
      <span end="39201" id="17083276-28239" start="39192">p150CAF-1</span>
    </annotation>
    <annotation annotator="Mike Bada, University of Colorado School of Medicine" id="PR_reasoned_2017_04_17_Instance_32755" type="identity">
      <class id="PR:000005402" label="chromatin assembly factor 1 subunit A"/>
      <span end="40004" id="17083276-28241" start="39995">p150CAF-1</span>
    </annotation>
    <annotation annotator="Mike Bada, University of Colorado School of Medicine" id="PR_reasoned_2017_04_17_Instance_32757" type="identity">
      <class id="PR:000005402" label="chromatin assembly factor 1 subunit A"/>
      <span end="40505" id="17083276-28243" start="40496">p150CAF-1</span>
    </annotation>
    <annotation annotator="Mike Bada, University of Colorado School of Medicine" id="PR_reasoned_2017_04_17_Instance_32759" type="identity">
      <class id="PR:000005402" label="chromatin assembly factor 1 subunit A"/>
      <span end="40522" id="17083276-28245" start="40513">p150CAF-1</span>
    </annotation>
    <annotation annotator="Mike Bada, University of Colorado School of Medicine" id="PR_reasoned_2017_04_17_Instance_32761" type="identity">
      <class id="PR:000005402" label="chromatin assembly factor 1 subunit A"/>
      <span end="40874" id="17083276-28247" start="40865">p150CAF-1</span>
    </annotation>
    <annotation annotator="Mike Bada, University of Colorado School of Medicine" id="PR_reasoned_2017_04_17_Instance_32763" type="identity">
      <class id="PR:000005402" label="chromatin assembly factor 1 subunit A"/>
      <span end="40958" id="17083276-28249" start="40949">p150CAF-1</span>
    </annotation>
    <annotation annotator="Mike Bada, University of Colorado School of Medicine" id="PR_reasoned_2017_04_17_Instance_32765" type="identity">
      <class id="PR:000005402" label="chromatin assembly factor 1 subunit A"/>
      <span end="41050" id="17083276-28251" start="41041">p150CAF-1</span>
    </annotation>
    <annotation annotator="Mike Bada, University of Colorado School of Medicine" id="PR_reasoned_2017_04_17_Instance_32769" type="identity">
      <class id="PR:000005402" label="chromatin assembly factor 1 subunit A"/>
      <span end="41526" id="17083276-28253" start="41517">p150CAF-1</span>
    </annotation>
    <annotation annotator="Mike Bada, University of Colorado School of Medicine" id="PR_reasoned_2017_04_17_Instance_32771" type="identity">
      <class id="PR:000005402" label="chromatin assembly factor 1 subunit A"/>
      <span end="41623" id="17083276-28255" start="41614">p150CAF-1</span>
    </annotation>
    <annotation annotator="Mike Bada, University of Colorado School of Medicine" id="PR_reasoned_2017_04_17_Instance_32773" type="identity">
      <class id="PR:000005402" label="chromatin assembly factor 1 subunit A"/>
      <span end="41933" id="17083276-28257" start="41924">p150CAF-1</span>
    </annotation>
    <annotation annotator="Mike Bada, University of Colorado School of Medicine" id="PR_reasoned_2017_04_17_Instance_32775" type="identity">
      <class id="PR:000005402" label="chromatin assembly factor 1 subunit A"/>
      <span end="41963" id="17083276-28259" start="41954">p150CAF-1</span>
    </annotation>
    <annotation annotator="Mike Bada, University of Colorado School of Medicine" id="PR_reasoned_2017_04_17_Instance_121653" type="identity">
      <class id="PR:000043452" label="core histone"/>
      <span end="42065" id="17083276-27885" start="42058">histone</span>
    </annotation>
    <annotation annotator="Mike Bada, University of Colorado School of Medicine" id="PR_reasoned_2017_04_17_Instance_32777" type="identity">
      <class id="PR:000005402" label="chromatin assembly factor 1 subunit A"/>
      <span end="42155" id="17083276-28261" start="42146">p150CAF-1</span>
    </annotation>
    <annotation annotator="Mike Bada, University of Colorado School of Medicine" id="PR_reasoned_2017_04_17_Instance_32779" type="identity">
      <class id="PR:000005402" label="chromatin assembly factor 1 subunit A"/>
      <span end="42161" id="17083276-28263" start="42157">p150</span>
    </annotation>
    <annotation annotator="Mike Bada, University of Colorado School of Medicine" id="PR_reasoned_2017_04_17_Instance_32781" type="identity">
      <class id="PR:000005402" label="chromatin assembly factor 1 subunit A"/>
      <span end="42696" id="17083276-28265" start="42687">p150CAF-1</span>
    </annotation>
    <annotation annotator="Mike Bada, University of Colorado School of Medicine" id="PR_reasoned_2017_04_17_Instance_32783" type="identity">
      <class id="PR:000005402" label="chromatin assembly factor 1 subunit A"/>
      <span end="42944" id="17083276-28267" start="42935">p150CAF-1</span>
    </annotation>
    <annotation annotator="Mike Bada, University of Colorado School of Medicine" id="PR_reasoned_2017_04_17_Instance_32787" type="identity">
      <class id="PR:000005086" label="chromobox protein homolog 5"/>
      <span end="43032" id="17083276-28271" start="43028">HP1α</span>
    </annotation>
    <annotation annotator="Mike Bada, University of Colorado School of Medicine" id="PR_reasoned_2017_04_17_Instance_32785" type="identity">
      <class id="PR:000005402" label="chromatin assembly factor 1 subunit A"/>
      <span end="43063" id="17083276-28269" start="43054">p150CAF-1</span>
    </annotation>
    <annotation annotator="Mike Bada, University of Colorado School of Medicine" id="PR_reasoned_2017_04_17_Instance_32789" type="identity">
      <class id="PR:000005086" label="chromobox protein homolog 5"/>
      <span end="43106" id="17083276-28273" start="43102">HP1α</span>
    </annotation>
    <graph-space id="Old Knowtator Relations"/>
  </document>
</knowtator-project>
