<?xml version="1.0" encoding="UTF-8" standalone="no"?>
<knowtator-project>
  <document id="11532192" text-file="11532192.txt">
    <annotation annotator="Mike Bada, University of Colorado Anschutz Medical Campus" id="CL_basic_2014_02_21_Instance_13515" type="identity">
      <class id="CL:0000740" label="retinal ganglion cell"/>
      <span end="1882" id="11532192-4" start="1861">retinal ganglion cell</span>
    </annotation>
    <annotation annotator="Mike Bada, University of Colorado Anschutz Medical Campus" id="CL_basic_2014_02_21_Instance_13517" type="identity">
      <class id="CL:0000235" label="macrophage"/>
      <span end="5768" id="11532192-6" start="5757">macrophages</span>
    </annotation>
    <annotation annotator="Mike Bada, University of Colorado Anschutz Medical Campus" id="CL_basic_2014_02_21_Instance_13519" type="identity">
      <class id="CL_GO_EXT:cell" label="cell"/>
      <span end="5800" id="11532192-8" start="5795">cells</span>
    </annotation>
    <annotation annotator="Mike Bada, University of Colorado Anschutz Medical Campus" id="CL_basic_2014_02_21_Instance_13521" type="identity">
      <class id="CL_GO_EXT:cell" label="cell"/>
      <span end="5944" id="11532192-10" start="5939">cells</span>
    </annotation>
    <annotation annotator="Mike Bada, University of Colorado Anschutz Medical Campus" id="CL_basic_2014_02_21_Instance_22281" type="identity">
      <class id="CL:0000604" label="retinal rod cell"/>
      <span end="30865" id="11532192-14" start="30862">rod</span>
      <span end="30889" id="11532192-15" start="30875">photoreceptors</span>
    </annotation>
    <annotation annotator="Mike Bada, University of Colorado Anschutz Medical Campus" id="CL_basic_2014_02_21_Instance_22283" type="identity">
      <class id="CL:0000573" label="retinal cone cell"/>
      <span end="30889" id="11532192-17" start="30870">cone photoreceptors</span>
    </annotation>
    <annotation annotator="Mike Bada, University of Colorado Anschutz Medical Campus" id="CL_basic_2014_02_21_Instance_13523" type="identity">
      <class id="CL_GO_EXT:cell" label="cell"/>
      <span end="30907" id="11532192-12" start="30902">cells</span>
    </annotation>
    <annotation annotator="Mike Bada, University of Colorado Anschutz Medical Campus" id="CL_basic_2014_02_21_Instance_22285" type="identity">
      <class id="CL:0000604" label="retinal rod cell"/>
      <span end="31103" id="11532192-19" start="31099">rods</span>
    </annotation>
    <annotation annotator="Mike Bada, University of Colorado Anschutz Medical Campus" id="CL_basic_2014_02_21_Instance_22287" type="identity">
      <class id="CL:0000573" label="retinal cone cell"/>
      <span end="31113" id="11532192-21" start="31108">cones</span>
    </annotation>
    <graph-space id="Old Knowtator Relations"/>
  </document>
</knowtator-project>
