<?xml version="1.0" encoding="UTF-8" standalone="no"?>
<knowtator-project>
  <document id="12546709" text-file="12546709.txt">
    <annotation annotator="Mike Bada, University of Colorado Anschutz Medical Campus" id="CL_basic_2014_02_21_plus_nested_Instance_10496" type="identity">
      <class id="CL_GO_EXT:cell" label="cell"/>
      <span end="1066" id="12546709-370" start="1061">cells</span>
    </annotation>
    <annotation annotator="Mike Bada, University of Colorado Anschutz Medical Campus" id="CL_basic_2014_02_21_plus_nested_Instance_10499" type="identity">
      <class id="CL_GO_EXT:cell" label="cell"/>
      <span end="1570" id="12546709-372" start="1566">cell</span>
    </annotation>
    <annotation annotator="Mike Bada, University of Colorado Anschutz Medical Campus" id="CL_basic_2014_02_21_Instance_30384" type="identity">
      <class id="CL:0011004" label="lens fiber cell"/>
      <span end="1883" id="12546709-334" start="1867">lens fiber cells</span>
    </annotation>
    <annotation annotator="Mike Bada, University of Colorado Anschutz Medical Campus" id="CL_basic_2014_02_21_Instance_13623" type="identity">
      <class id="CL:0000066" label="epithelial cell"/>
      <span end="2268" id="12546709-220" start="2252">epithelial cells</span>
    </annotation>
    <annotation annotator="Mike Bada, University of Colorado Anschutz Medical Campus" id="CL_basic_2014_02_21_plus_nested_Instance_10513" type="identity">
      <class id="CL_GO_EXT:cell" label="cell"/>
      <span end="2299" id="12546709-374" start="2294">cells</span>
    </annotation>
    <annotation annotator="Mike Bada, University of Colorado Anschutz Medical Campus" id="CL_basic_2014_02_21_plus_nested_Instance_10516" type="identity">
      <class id="CL_GO_EXT:cell" label="cell"/>
      <span end="2541" id="12546709-376" start="2536">cells</span>
    </annotation>
    <annotation annotator="Mike Bada, University of Colorado Anschutz Medical Campus" id="CL_basic_2014_02_21_Instance_22309" type="identity">
      <class id="CL_GO_EXT:cell" label="cell"/>
      <span end="2803" id="12546709-312" start="2795">cellular</span>
    </annotation>
    <annotation annotator="Mike Bada, University of Colorado Anschutz Medical Campus" id="CL_basic_2014_02_21_Instance_22311" type="identity">
      <class id="CL_GO_EXT:cell" label="cell"/>
      <span end="3889" id="12546709-314" start="3881">cellular</span>
    </annotation>
    <annotation annotator="Mike Bada, University of Colorado Anschutz Medical Campus" id="CL_basic_2014_02_21_Instance_30390" type="identity">
      <class id="CL:0002224" label="lens epithelial cell"/>
      <span end="4164" id="12546709-336" start="4143">lens epithelial cells</span>
    </annotation>
    <annotation annotator="Mike Bada, University of Colorado Anschutz Medical Campus" id="CL_basic_2014_02_21_plus_nested_Instance_30010" type="identity">
      <class id="CL_UBERON_EXT:lens_fiber" label="lens fiber"/>
      <span end="4655" id="12546709-426" start="4645">lens fiber</span>
    </annotation>
    <annotation annotator="Mike Bada, University of Colorado Anschutz Medical Campus" id="CL_basic_2014_02_21_Instance_13631" type="identity">
      <class id="CL_GO_EXT:cell" label="cell"/>
      <span end="4771" id="12546709-222" start="4766">cells</span>
    </annotation>
    <annotation annotator="Mike Bada, University of Colorado Anschutz Medical Campus" id="CL_basic_2014_02_21_Instance_30394" type="identity">
      <class id="CL:0002224" label="lens epithelial cell"/>
      <span end="5008" id="12546709-338" start="4987">lens epithelial cells</span>
    </annotation>
    <annotation annotator="Mike Bada, University of Colorado Anschutz Medical Campus" id="CL_basic_2014_02_21_Instance_30396" type="identity">
      <class id="CL:0002224" label="lens epithelial cell"/>
      <span end="5205" id="12546709-340" start="5185">lens epithelial cell</span>
    </annotation>
    <annotation annotator="Mike Bada, University of Colorado Anschutz Medical Campus" id="CL_basic_2014_02_21_plus_nested_Instance_10555" type="identity">
      <class id="CL_GO_EXT:cell" label="cell"/>
      <span end="6116" id="12546709-378" start="6111">cells</span>
    </annotation>
    <annotation annotator="Mike Bada, University of Colorado Anschutz Medical Campus" id="CL_basic_2014_02_21_Instance_13639" type="identity">
      <class id="CL:0000187" label="muscle cell"/>
      <span end="6336" id="12546709-224" start="6325">muscle cell</span>
    </annotation>
    <annotation annotator="Mike Bada, University of Colorado Anschutz Medical Campus" id="CL_basic_2014_02_21_plus_nested_Instance_10564" type="identity">
      <class id="CL_GO_EXT:cell" label="cell"/>
      <span end="7162" id="12546709-380" start="7158">cell</span>
    </annotation>
    <annotation annotator="Mike Bada, University of Colorado Anschutz Medical Campus" id="CL_basic_2014_02_21_Instance_13643" type="identity">
      <class id="CL_GO_EXT:cell" label="cell"/>
      <span end="13189" id="12546709-226" start="13185">Cell</span>
    </annotation>
    <annotation annotator="Mike Bada, University of Colorado Anschutz Medical Campus" id="CL_basic_2014_02_21_plus_nested_Instance_50293" type="identity">
      <class id="CL_GO_EXT:cell" label="cell"/>
      <span end="13313" id="12546709-430" start="13305">cellular</span>
    </annotation>
    <annotation annotator="Mike Bada, University of Colorado Anschutz Medical Campus" id="CL_basic_2014_02_21_Instance_13645" type="identity">
      <class id="CL_GO_EXT:cell" label="cell"/>
      <span end="13334" id="12546709-228" start="13329">cells</span>
    </annotation>
    <annotation annotator="Mike Bada, University of Colorado Anschutz Medical Campus" id="CL_basic_2014_02_21_plus_nested_Instance_10567" type="identity">
      <class id="CL_GO_EXT:cell" label="cell"/>
      <span end="13751" id="12546709-382" start="13746">cells</span>
    </annotation>
    <annotation annotator="Mike Bada, University of Colorado Anschutz Medical Campus" id="CL_basic_2014_02_21_Instance_22313" type="identity">
      <class id="CL_GO_EXT:cell" label="cell"/>
      <span end="13836" id="12546709-316" start="13828">cellular</span>
    </annotation>
    <annotation annotator="Mike Bada, University of Colorado Anschutz Medical Campus" id="CL_basic_2014_02_21_Instance_30405" type="identity">
      <class id="CL:0002228" label="primary lens fiber"/>
      <span end="14106" id="12546709-342" start="14087">primary lens fibers</span>
    </annotation>
    <annotation annotator="Mike Bada, University of Colorado Anschutz Medical Campus" id="CL_basic_2014_02_21_Instance_22315" type="identity">
      <class id="CL_GO_EXT:cell" label="cell"/>
      <span end="15745" id="12546709-318" start="15737">cellular</span>
    </annotation>
    <annotation annotator="Mike Bada, University of Colorado Anschutz Medical Campus" id="CL_basic_2014_02_21_plus_nested_Instance_10578" type="identity">
      <class id="CL_GO_EXT:cell" label="cell"/>
      <span end="16924" id="12546709-384" start="16919">cells</span>
    </annotation>
    <annotation annotator="Mike Bada, University of Colorado Anschutz Medical Campus" id="CL_basic_2014_02_21_Instance_13651" type="identity">
      <class id="CL_GO_EXT:cell" label="cell"/>
      <span end="17187" id="12546709-230" start="17182">cells</span>
    </annotation>
    <annotation annotator="Mike Bada, University of Colorado Anschutz Medical Campus" id="CL_basic_2014_02_21_Instance_22317" type="identity">
      <class id="CL_GO_EXT:cell" label="cell"/>
      <span end="17466" id="12546709-320" start="17458">cellular</span>
    </annotation>
    <annotation annotator="Mike Bada, University of Colorado Anschutz Medical Campus" id="CL_basic_2014_02_21_Instance_13653" type="identity">
      <class id="CL_GO_EXT:cell" label="cell"/>
      <span end="17587" id="12546709-232" start="17582">cells</span>
    </annotation>
    <annotation annotator="Mike Bada, University of Colorado Anschutz Medical Campus" id="CL_basic_2014_02_21_plus_nested_Instance_10581" type="identity">
      <class id="CL_GO_EXT:cell" label="cell"/>
      <span end="17703" id="12546709-386" start="17698">cells</span>
    </annotation>
    <annotation annotator="Mike Bada, University of Colorado Anschutz Medical Campus" id="CL_basic_2014_02_21_Instance_22319" type="identity">
      <class id="CL_GO_EXT:cell" label="cell"/>
      <span end="18068" id="12546709-322" start="18060">cellular</span>
    </annotation>
    <annotation annotator="Mike Bada, University of Colorado Anschutz Medical Campus" id="CL_basic_2014_02_21_plus_nested_Instance_10584" type="identity">
      <class id="CL_GO_EXT:cell" label="cell"/>
      <span end="18202" id="12546709-388" start="18197">cells</span>
    </annotation>
    <annotation annotator="Mike Bada, University of Colorado Anschutz Medical Campus" id="CL_basic_2014_02_21_plus_nested_Instance_10587" type="identity">
      <class id="CL_GO_EXT:cell" label="cell"/>
      <span end="18465" id="12546709-390" start="18460">cells</span>
    </annotation>
    <annotation annotator="Mike Bada, University of Colorado Anschutz Medical Campus" id="CL_basic_2014_02_21_Instance_13661" type="identity">
      <class id="CL_GO_EXT:cell" label="cell"/>
      <span end="18612" id="12546709-234" start="18608">cell</span>
    </annotation>
    <annotation annotator="Mike Bada, University of Colorado Anschutz Medical Campus" id="CL_basic_2014_02_21_plus_nested_Instance_4" type="identity">
      <class id="CL_GO_EXT:cell" label="cell"/>
      <span end="18857" id="12546709-428" start="18852">cells</span>
    </annotation>
    <annotation annotator="Mike Bada, University of Colorado Anschutz Medical Campus" id="CL_basic_2014_02_21_Instance_13665" type="identity">
      <class id="CL_GO_EXT:cell" label="cell"/>
      <span end="19014" id="12546709-236" start="19010">cell</span>
    </annotation>
    <annotation annotator="Mike Bada, University of Colorado Anschutz Medical Campus" id="CL_basic_2014_02_21_Instance_13667" type="identity">
      <class id="CL_GO_EXT:cell" label="cell"/>
      <span end="19028" id="12546709-238" start="19023">Cells</span>
    </annotation>
    <annotation annotator="Mike Bada, University of Colorado Anschutz Medical Campus" id="CL_basic_2014_02_21_Instance_13669" type="identity">
      <class id="CL_GO_EXT:cell" label="cell"/>
      <span end="19342" id="12546709-240" start="19337">cells</span>
    </annotation>
    <annotation annotator="Mike Bada, University of Colorado Anschutz Medical Campus" id="CL_basic_2014_02_21_plus_nested_Instance_10590" type="identity">
      <class id="CL_GO_EXT:cell" label="cell"/>
      <span end="19444" id="12546709-392" start="19439">cells</span>
    </annotation>
    <annotation annotator="Mike Bada, University of Colorado Anschutz Medical Campus" id="CL_basic_2014_02_21_plus_nested_Instance_10593" type="identity">
      <class id="CL_GO_EXT:cell" label="cell"/>
      <span end="19831" id="12546709-394" start="19826">cells</span>
    </annotation>
    <annotation annotator="Mike Bada, University of Colorado Anschutz Medical Campus" id="CL_basic_2014_02_21_Instance_13675" type="identity">
      <class id="CL_GO_EXT:cell" label="cell"/>
      <span end="20151" id="12546709-242" start="20146">cells</span>
    </annotation>
    <annotation annotator="Mike Bada, University of Colorado Anschutz Medical Campus" id="CL_basic_2014_02_21_plus_nested_Instance_10596" type="identity">
      <class id="CL_GO_EXT:cell" label="cell"/>
      <span end="20254" id="12546709-396" start="20249">cells</span>
    </annotation>
    <annotation annotator="Mike Bada, University of Colorado Anschutz Medical Campus" id="CL_basic_2014_02_21_Instance_13679" type="identity">
      <class id="CL_GO_EXT:cell" label="cell"/>
      <span end="20505" id="12546709-244" start="20500">cells</span>
    </annotation>
    <annotation annotator="Mike Bada, University of Colorado Anschutz Medical Campus" id="CL_basic_2014_02_21_Instance_22321" type="identity">
      <class id="CL_GO_EXT:cell" label="cell"/>
      <span end="20524" id="12546709-324" start="20520">cell</span>
    </annotation>
    <annotation annotator="Mike Bada, University of Colorado Anschutz Medical Campus" id="CL_basic_2014_02_21_Instance_13681" type="identity">
      <class id="CL_GO_EXT:cell" label="cell"/>
      <span end="20711" id="12546709-246" start="20706">cells</span>
    </annotation>
    <annotation annotator="Mike Bada, University of Colorado Anschutz Medical Campus" id="CL_basic_2014_02_21_plus_nested_Instance_10599" type="identity">
      <class id="CL_GO_EXT:cell" label="cell"/>
      <span end="20825" id="12546709-398" start="20820">cells</span>
    </annotation>
    <annotation annotator="Mike Bada, University of Colorado Anschutz Medical Campus" id="CL_basic_2014_02_21_Instance_13685" type="identity">
      <class id="CL_GO_EXT:cell" label="cell"/>
      <span end="21158" id="12546709-248" start="21153">cells</span>
    </annotation>
    <annotation annotator="Mike Bada, University of Colorado Anschutz Medical Campus" id="CL_basic_2014_02_21_Instance_22323" type="identity">
      <class id="CL_GO_EXT:cell" label="cell"/>
      <span end="21177" id="12546709-326" start="21173">cell</span>
    </annotation>
    <annotation annotator="Mike Bada, University of Colorado Anschutz Medical Campus" id="CL_basic_2014_02_21_plus_nested_Instance_10602" type="identity">
      <class id="CL_GO_EXT:cell" label="cell"/>
      <span end="21252" id="12546709-400" start="21247">cells</span>
    </annotation>
    <annotation annotator="Mike Bada, University of Colorado Anschutz Medical Campus" id="CL_basic_2014_02_21_Instance_13689" type="identity">
      <class id="CL_GO_EXT:cell" label="cell"/>
      <span end="21364" id="12546709-250" start="21359">cells</span>
    </annotation>
    <annotation annotator="Mike Bada, University of Colorado Anschutz Medical Campus" id="CL_basic_2014_02_21_plus_nested_Instance_10605" type="identity">
      <class id="CL_GO_EXT:cell" label="cell"/>
      <span end="21508" id="12546709-402" start="21503">cells</span>
    </annotation>
    <annotation annotator="Mike Bada, University of Colorado Anschutz Medical Campus" id="CL_basic_2014_02_21_plus_nested_Instance_10608" type="identity">
      <class id="CL_GO_EXT:cell" label="cell"/>
      <span end="21728" id="12546709-404" start="21723">cells</span>
    </annotation>
    <annotation annotator="Mike Bada, University of Colorado Anschutz Medical Campus" id="CL_basic_2014_02_21_plus_nested_Instance_10611" type="identity">
      <class id="CL_GO_EXT:cell" label="cell"/>
      <span end="23552" id="12546709-406" start="23547">cells</span>
    </annotation>
    <annotation annotator="Mike Bada, University of Colorado Anschutz Medical Campus" id="CL_basic_2014_02_21_Instance_30436" type="identity">
      <class id="CL:0011004" label="lens fiber cell"/>
      <span end="24394" id="12546709-344" start="24378">lens fiber cells</span>
    </annotation>
    <annotation annotator="Mike Bada, University of Colorado Anschutz Medical Campus" id="CL_basic_2014_02_21_Instance_30438" type="identity">
      <class id="CL:0011004" label="lens fiber cell"/>
      <span end="24438" id="12546709-346" start="24422">lens fiber cells</span>
    </annotation>
    <annotation annotator="Mike Bada, University of Colorado Anschutz Medical Campus" id="CL_basic_2014_02_21_Instance_26287" type="identity">
      <class id="CL:0000066" label="epithelial cell"/>
      <span end="24503" id="12546709-332" start="24488">epithelial cell</span>
    </annotation>
    <annotation annotator="Mike Bada, University of Colorado Anschutz Medical Campus" id="CL_basic_2014_02_21_plus_nested_Instance_10633" type="identity">
      <class id="CL_GO_EXT:cell" label="cell"/>
      <span end="24614" id="12546709-408" start="24609">cells</span>
    </annotation>
    <annotation annotator="Mike Bada, University of Colorado Anschutz Medical Campus" id="CL_basic_2014_02_21_Instance_13703" type="identity">
      <class id="CL:0000066" label="epithelial cell"/>
      <span end="24684" id="12546709-252" start="24668">epithelial cells</span>
    </annotation>
    <annotation annotator="Mike Bada, University of Colorado Anschutz Medical Campus" id="CL_basic_2014_02_21_Instance_13705" type="identity">
      <class id="CL:0000066" label="epithelial cell"/>
      <span end="24756" id="12546709-254" start="24740">epithelial cells</span>
    </annotation>
    <annotation annotator="Mike Bada, University of Colorado Anschutz Medical Campus" id="CL_basic_2014_02_21_plus_nested_Instance_10644" type="identity">
      <class id="CL_GO_EXT:cell" label="cell"/>
      <span end="24809" id="12546709-410" start="24804">cells</span>
    </annotation>
    <annotation annotator="Mike Bada, University of Colorado Anschutz Medical Campus" id="CL_basic_2014_02_21_Instance_22327" type="identity">
      <class id="CL_GO_EXT:cell" label="cell"/>
      <span end="24829" id="12546709-328" start="24821">cellular</span>
    </annotation>
    <annotation annotator="Mike Bada, University of Colorado Anschutz Medical Campus" id="CL_basic_2014_02_21_Instance_13709" type="identity">
      <class id="CL_GO_EXT:cell" label="cell"/>
      <span end="24872" id="12546709-256" start="24867">cells</span>
    </annotation>
    <annotation annotator="Mike Bada, University of Colorado Anschutz Medical Campus" id="CL_basic_2014_02_21_plus_nested_Instance_10647" type="identity">
      <class id="CL_GO_EXT:cell" label="cell"/>
      <span end="25113" id="12546709-412" start="25108">cells</span>
    </annotation>
    <annotation annotator="Mike Bada, University of Colorado Anschutz Medical Campus" id="CL_basic_2014_02_21_Instance_13713" type="identity">
      <class id="CL_GO_EXT:cell" label="cell"/>
      <span end="25284" id="12546709-258" start="25279">cells</span>
    </annotation>
    <annotation annotator="Mike Bada, University of Colorado Anschutz Medical Campus" id="CL_basic_2014_02_21_Instance_13715" type="identity">
      <class id="CL_GO_EXT:cell" label="cell"/>
      <span end="25432" id="12546709-260" start="25428">cell</span>
    </annotation>
    <annotation annotator="Mike Bada, University of Colorado Anschutz Medical Campus" id="CL_basic_2014_02_21_Instance_13717" type="identity">
      <class id="CL_GO_EXT:cell" label="cell"/>
      <span end="25484" id="12546709-262" start="25480">cell</span>
    </annotation>
    <annotation annotator="Mike Bada, University of Colorado Anschutz Medical Campus" id="CL_basic_2014_02_21_Instance_13719" type="identity">
      <class id="CL_GO_EXT:cell" label="cell"/>
      <span end="25574" id="12546709-264" start="25570">cell</span>
    </annotation>
    <annotation annotator="Mike Bada, University of Colorado Anschutz Medical Campus" id="CL_basic_2014_02_21_Instance_30444" type="identity">
      <class id="CL:0002224" label="lens epithelial cell"/>
      <span end="25755" id="12546709-348" start="25734">lens epithelial cells</span>
    </annotation>
    <annotation annotator="Mike Bada, University of Colorado Anschutz Medical Campus" id="CL_basic_2014_02_21_plus_nested_Instance_10663" type="identity">
      <class id="CL_GO_EXT:cell" label="cell"/>
      <span end="25772" id="12546709-414" start="25767">cells</span>
    </annotation>
    <annotation annotator="Mike Bada, University of Colorado Anschutz Medical Campus" id="CL_basic_2014_02_21_Instance_13725" type="identity">
      <class id="CL_GO_EXT:cell" label="cell"/>
      <span end="26892" id="12546709-266" start="26887">cells</span>
    </annotation>
    <annotation annotator="Mike Bada, University of Colorado Anschutz Medical Campus" id="CL_basic_2014_02_21_Instance_13727" type="identity">
      <class id="CL:0000066" label="epithelial cell"/>
      <span end="27317" id="12546709-268" start="27301">epithelial cells</span>
    </annotation>
    <annotation annotator="Mike Bada, University of Colorado Anschutz Medical Campus" id="CL_basic_2014_02_21_Instance_30448" type="identity">
      <class id="CL:0002228" label="primary lens fiber"/>
      <span end="27384" id="12546709-350" start="27365">primary fiber cells</span>
    </annotation>
    <annotation annotator="Mike Bada, University of Colorado Anschutz Medical Campus" id="CL_basic_2014_02_21_Instance_13731" type="identity">
      <class id="CL_GO_EXT:cell" label="cell"/>
      <span end="27868" id="12546709-270" start="27863">cells</span>
    </annotation>
    <annotation annotator="Mike Bada, University of Colorado Anschutz Medical Campus" id="CL_basic_2014_02_21_Instance_30451" type="identity">
      <class id="CL:0011004" label="lens fiber cell"/>
      <span end="28366" id="12546709-352" start="28350">lens fiber cells</span>
    </annotation>
    <annotation annotator="Mike Bada, University of Colorado Anschutz Medical Campus" id="CL_basic_2014_02_21_Instance_30453" type="identity">
      <class id="CL:0002224" label="lens epithelial cell"/>
      <span end="28515" id="12546709-354" start="28495">lens epithelial cell</span>
    </annotation>
    <annotation annotator="Mike Bada, University of Colorado Anschutz Medical Campus" id="CL_basic_2014_02_21_Instance_13737" type="identity">
      <class id="CL:0000066" label="epithelial cell"/>
      <span end="28568" id="12546709-272" start="28553">epithelial cell</span>
    </annotation>
    <annotation annotator="Mike Bada, University of Colorado Anschutz Medical Campus" id="CL_basic_2014_02_21_plus_nested_Instance_10709" type="identity">
      <class id="CL_GO_EXT:cell" label="cell"/>
      <span end="28586" id="12546709-416" start="28582">cell</span>
    </annotation>
    <annotation annotator="Mike Bada, University of Colorado Anschutz Medical Campus" id="CL_basic_2014_02_21_plus_nested_Instance_10712" type="identity">
      <class id="CL_GO_EXT:cell" label="cell"/>
      <span end="28671" id="12546709-418" start="28667">cell</span>
    </annotation>
    <annotation annotator="Mike Bada, University of Colorado Anschutz Medical Campus" id="CL_basic_2014_02_21_plus_nested_Instance_10715" type="identity">
      <class id="CL_GO_EXT:cell" label="cell"/>
      <span end="28738" id="12546709-420" start="28734">cell</span>
    </annotation>
    <annotation annotator="Mike Bada, University of Colorado Anschutz Medical Campus" id="CL_basic_2014_02_21_Instance_13745" type="identity">
      <class id="CL_GO_EXT:cell" label="cell"/>
      <span end="28805" id="12546709-274" start="28801">cell</span>
    </annotation>
    <annotation annotator="Mike Bada, University of Colorado Anschutz Medical Campus" id="CL_basic_2014_02_21_Instance_13747" type="identity">
      <class id="CL:0000066" label="epithelial cell"/>
      <span end="28857" id="12546709-276" start="28842">epithelial cell</span>
    </annotation>
    <annotation annotator="Mike Bada, University of Colorado Anschutz Medical Campus" id="CL_basic_2014_02_21_plus_nested_Instance_10721" type="identity">
      <class id="CL_GO_EXT:cell" label="cell"/>
      <span end="28878" id="12546709-422" start="28874">cell</span>
    </annotation>
    <annotation annotator="Mike Bada, University of Colorado Anschutz Medical Campus" id="CL_basic_2014_02_21_Instance_30463" type="identity">
      <class id="CL:0002224" label="lens epithelial cell"/>
      <span end="29331" id="12546709-356" start="29311">lens epithelial cell</span>
    </annotation>
    <annotation annotator="Mike Bada, University of Colorado Anschutz Medical Campus" id="CL_basic_2014_02_21_Instance_22355" type="identity">
      <class id="CL_GO_EXT:cell" label="cell"/>
      <span end="29839" id="12546709-330" start="29831">cellular</span>
    </annotation>
    <annotation annotator="Mike Bada, University of Colorado Anschutz Medical Campus" id="CL_basic_2014_02_21_Instance_13753" type="identity">
      <class id="CL_GO_EXT:cell" label="cell"/>
      <span end="29940" id="12546709-278" start="29935">cells</span>
    </annotation>
    <annotation annotator="Mike Bada, University of Colorado Anschutz Medical Campus" id="CL_basic_2014_02_21_Instance_13755" type="identity">
      <class id="CL:0000062" label="osteoblast"/>
      <span end="30069" id="12546709-280" start="30058">osteoblasts</span>
    </annotation>
    <annotation annotator="Mike Bada, University of Colorado Anschutz Medical Campus" id="CL_basic_2014_02_21_Instance_30465" type="identity">
      <class id="CL:0000836" label="promyelocyte"/>
      <span end="30086" id="12546709-358" start="30074">promelocytic</span>
    </annotation>
    <annotation annotator="Mike Bada, University of Colorado Anschutz Medical Campus" id="CL_basic_2014_02_21_plus_nested_Instance_10737" type="identity">
      <class id="CL_GO_EXT:cell" label="cell"/>
      <span end="30101" id="12546709-424" start="30096">cells</span>
    </annotation>
    <annotation annotator="Mike Bada, University of Colorado Anschutz Medical Campus" id="CL_basic_2014_02_21_Instance_13759" type="identity">
      <class id="CL:0000236" label="B cell"/>
      <span end="30200" id="12546709-282" start="30187">B lymphocytes</span>
    </annotation>
    <annotation annotator="Mike Bada, University of Colorado Anschutz Medical Campus" id="CL_basic_2014_02_21_Instance_13761" type="identity">
      <class id="CL:0000235" label="macrophage"/>
      <span end="30220" id="12546709-284" start="30210">macrophage</span>
    </annotation>
    <annotation annotator="Mike Bada, University of Colorado Anschutz Medical Campus" id="CL_basic_2014_02_21_Instance_13763" type="identity">
      <class id="CL_GO_EXT:cell" label="cell"/>
      <span end="30251" id="12546709-286" start="30246">cells</span>
    </annotation>
    <annotation annotator="Mike Bada, University of Colorado Anschutz Medical Campus" id="CL_basic_2014_02_21_Instance_13765" type="identity">
      <class id="CL_GO_EXT:cell" label="cell"/>
      <span end="30536" id="12546709-288" start="30532">cell</span>
    </annotation>
    <annotation annotator="Mike Bada, University of Colorado Anschutz Medical Campus" id="CL_basic_2014_02_21_Instance_13767" type="identity">
      <class id="CL_GO_EXT:cell" label="cell"/>
      <span end="30720" id="12546709-290" start="30715">cells</span>
    </annotation>
    <annotation annotator="Mike Bada, University of Colorado Anschutz Medical Campus" id="CL_basic_2014_02_21_Instance_13769" type="identity">
      <class id="CL_GO_EXT:cell" label="cell"/>
      <span end="30792" id="12546709-292" start="30788">cell</span>
    </annotation>
    <annotation annotator="Mike Bada, University of Colorado Anschutz Medical Campus" id="CL_basic_2014_02_21_Instance_13771" type="identity">
      <class id="CL_GO_EXT:cell" label="cell"/>
      <span end="30843" id="12546709-294" start="30839">cell</span>
    </annotation>
    <annotation annotator="Mike Bada, University of Colorado Anschutz Medical Campus" id="CL_basic_2014_02_21_Instance_13773" type="identity">
      <class id="CL_GO_EXT:cell" label="cell"/>
      <span end="30902" id="12546709-296" start="30898">cell</span>
    </annotation>
    <annotation annotator="Mike Bada, University of Colorado Anschutz Medical Campus" id="CL_basic_2014_02_21_Instance_13775" type="identity">
      <class id="CL_GO_EXT:cell" label="cell"/>
      <span end="31055" id="12546709-298" start="31050">cells</span>
    </annotation>
    <annotation annotator="Mike Bada, University of Colorado Anschutz Medical Campus" id="CL_basic_2014_02_21_Instance_30469" type="identity">
      <class id="CL:0002224" label="lens epithelial cell"/>
      <span end="31231" id="12546709-360" start="31210">lens epithelial cells</span>
    </annotation>
    <annotation annotator="Mike Bada, University of Colorado Anschutz Medical Campus" id="CL_basic_2014_02_21_Instance_13779" type="identity">
      <class id="CL_GO_EXT:cell" label="cell"/>
      <span end="31419" id="12546709-300" start="31415">cell</span>
    </annotation>
    <annotation annotator="Mike Bada, University of Colorado Anschutz Medical Campus" id="CL_basic_2014_02_21_Instance_13781" type="identity">
      <class id="CL_GO_EXT:cell" label="cell"/>
      <span end="31542" id="12546709-302" start="31538">cell</span>
    </annotation>
    <annotation annotator="Mike Bada, University of Colorado Anschutz Medical Campus" id="CL_basic_2014_02_21_Instance_13783" type="identity">
      <class id="CL_GO_EXT:cell" label="cell"/>
      <span end="31666" id="12546709-304" start="31662">cell</span>
    </annotation>
    <annotation annotator="Mike Bada, University of Colorado Anschutz Medical Campus" id="CL_basic_2014_02_21_Instance_30471" type="identity">
      <class id="CL:0002224" label="lens epithelial cell"/>
      <span end="32335" id="12546709-362" start="32314">lens epithelial cells</span>
    </annotation>
    <annotation annotator="Mike Bada, University of Colorado Anschutz Medical Campus" id="CL_basic_2014_02_21_Instance_30473" type="identity">
      <class id="CL:0002224" label="lens epithelial cell"/>
      <span end="32745" id="12546709-364" start="32724">lens epithelial cells</span>
    </annotation>
    <annotation annotator="Mike Bada, University of Colorado Anschutz Medical Campus" id="CL_basic_2014_02_21_Instance_30475" type="identity">
      <class id="CL:0011004" label="lens fiber cell"/>
      <span end="32816" id="12546709-366" start="32800">lens fiber cells</span>
    </annotation>
    <annotation annotator="Mike Bada, University of Colorado Anschutz Medical Campus" id="CL_basic_2014_02_21_Instance_13791" type="identity">
      <class id="CL:0000066" label="epithelial cell"/>
      <span end="32912" id="12546709-306" start="32896">epithelial cells</span>
    </annotation>
    <annotation annotator="Mike Bada, University of Colorado Anschutz Medical Campus" id="CL_basic_2014_02_21_Instance_13793" type="identity">
      <class id="CL_GO_EXT:cell" label="cell"/>
      <span end="33039" id="12546709-308" start="33035">cell</span>
    </annotation>
    <annotation annotator="Mike Bada, University of Colorado Anschutz Medical Campus" id="CL_basic_2014_02_21_Instance_50008" type="identity">
      <class id="CL_GO_EXT:cell" label="cell"/>
      <span end="33079" id="12546709-368" start="33073">cellar</span>
    </annotation>
    <annotation annotator="Mike Bada, University of Colorado Anschutz Medical Campus" id="CL_basic_2014_02_21_Instance_13795" type="identity">
      <class id="CL_GO_EXT:cell" label="cell"/>
      <span end="33109" id="12546709-310" start="33105">cell</span>
    </annotation>
    <graph-space id="Old Knowtator Relations"/>
  </document>
</knowtator-project>
