<?xml version="1.0" encoding="UTF-8" standalone="no"?>
<knowtator-project>
  <document id="12585968" text-file="12585968.txt">
    <annotation annotator="Mike Bada, University of Colorado Anschutz Medical Campus" id="CL_basic_2014_02_21_Instance_13797" type="identity">
      <class id="CL:0000855" label="sensory hair cell"/>
      <span end="176" id="12585968-439" start="166">hair cells</span>
    </annotation>
    <annotation annotator="Mike Bada, University of Colorado Anschutz Medical Campus" id="CL_basic_2014_02_21_Instance_13799" type="identity">
      <class id="CL:0000855" label="sensory hair cell"/>
      <span end="299" id="12585968-441" start="289">hair cells</span>
    </annotation>
    <annotation annotator="Mike Bada, University of Colorado Anschutz Medical Campus" id="CL_basic_2014_02_21_Instance_13801" type="identity">
      <class id="CL:0000101" label="sensory neuron"/>
      <span end="371" id="12585968-443" start="356">sensory neurons</span>
    </annotation>
    <annotation annotator="Mike Bada, University of Colorado Anschutz Medical Campus" id="CL_basic_2014_02_21_Instance_13803" type="identity">
      <class id="CL:0000855" label="sensory hair cell"/>
      <span end="879" id="12585968-445" start="869">hair cells</span>
    </annotation>
    <annotation annotator="Mike Bada, University of Colorado Anschutz Medical Campus" id="CL_basic_2014_02_21_Instance_13805" type="identity">
      <class id="CL:0000855" label="sensory hair cell"/>
      <span end="974" id="12585968-447" start="964">hair cells</span>
    </annotation>
    <annotation annotator="Mike Bada, University of Colorado Anschutz Medical Campus" id="CL_basic_2014_02_21_Instance_13807" type="identity">
      <class id="CL:0000855" label="sensory hair cell"/>
      <span end="1063" id="12585968-449" start="1053">hair cells</span>
    </annotation>
    <annotation annotator="Mike Bada, University of Colorado Anschutz Medical Campus" id="CL_basic_2014_02_21_Instance_13809" type="identity">
      <class id="CL:0000101" label="sensory neuron"/>
      <span end="1131" id="12585968-451" start="1116">sensory neurons</span>
    </annotation>
    <annotation annotator="Mike Bada, University of Colorado Anschutz Medical Campus" id="CL_basic_2014_02_21_Instance_13811" type="identity">
      <class id="CL:0000855" label="sensory hair cell"/>
      <span end="1338" id="12585968-453" start="1328">hair cells</span>
    </annotation>
    <annotation annotator="Mike Bada, University of Colorado Anschutz Medical Campus" id="CL_basic_2014_02_21_Instance_13813" type="identity">
      <class id="CL:0000855" label="sensory hair cell"/>
      <span end="1454" id="12585968-455" start="1444">hair cells</span>
    </annotation>
    <annotation annotator="Mike Bada, University of Colorado Anschutz Medical Campus" id="CL_basic_2014_02_21_Instance_13815" type="identity">
      <class id="CL:0000101" label="sensory neuron"/>
      <span end="1630" id="12585968-457" start="1615">sensory neurons</span>
    </annotation>
    <annotation annotator="Mike Bada, University of Colorado Anschutz Medical Campus" id="CL_basic_2014_02_21_Instance_30493" type="identity">
      <class id="CL:0011113" label="spiral ganglion neuron"/>
      <span end="1745" id="12585968-750" start="1731">spiral neurons</span>
    </annotation>
    <annotation annotator="Mike Bada, University of Colorado Anschutz Medical Campus" id="CL_basic_2014_02_21_Instance_13819" type="identity">
      <class id="CL:0000855" label="sensory hair cell"/>
      <span end="1817" id="12585968-459" start="1807">hair cells</span>
    </annotation>
    <annotation annotator="Mike Bada, University of Colorado Anschutz Medical Campus" id="CL_basic_2014_02_21_Instance_30484" type="identity">
      <class id="CL:0000202" label="auditory hair cell"/>
      <span end="1951" id="12585968-748" start="1932">inner ear hair cell</span>
    </annotation>
    <annotation annotator="Mike Bada, University of Colorado Anschutz Medical Campus" id="CL_basic_2014_02_21_Instance_13823" type="identity">
      <class id="CL:0000855" label="sensory hair cell"/>
      <span end="2018" id="12585968-461" start="2008">hair cells</span>
    </annotation>
    <annotation annotator="Mike Bada, University of Colorado Anschutz Medical Campus" id="CL_basic_2014_02_21_Instance_13825" type="identity">
      <class id="CL:0000855" label="sensory hair cell"/>
      <span end="2088" id="12585968-463" start="2078">hair cells</span>
    </annotation>
    <annotation annotator="Mike Bada, University of Colorado Anschutz Medical Campus" id="CL_basic_2014_02_21_Instance_22361" type="identity">
      <class id="CL_GO_EXT:cell" label="cell"/>
      <span end="2136" id="12585968-721" start="2128">cellular</span>
    </annotation>
    <annotation annotator="Mike Bada, University of Colorado Anschutz Medical Campus" id="CL_basic_2014_02_21_Instance_13827" type="identity">
      <class id="CL:0000855" label="sensory hair cell"/>
      <span end="2243" id="12585968-465" start="2233">hair cells</span>
    </annotation>
    <annotation annotator="Mike Bada, University of Colorado Anschutz Medical Campus" id="CL_basic_2014_02_21_Instance_13829" type="identity">
      <class id="CL:0000855" label="sensory hair cell"/>
      <span end="2357" id="12585968-467" start="2347">hair cells</span>
    </annotation>
    <annotation annotator="Mike Bada, University of Colorado Anschutz Medical Campus" id="CL_basic_2014_02_21_Instance_30496" type="identity">
      <class id="CL:0011113" label="spiral ganglion neuron"/>
      <span end="2432" id="12585968-752" start="2411">spiral ganglion cells</span>
    </annotation>
    <annotation annotator="Mike Bada, University of Colorado Anschutz Medical Campus" id="CL_basic_2014_02_21_plus_nested_Instance_848" type="identity">
      <class id="CL:0000540" label="neuron"/>
      <span end="2577" id="12585968-794" start="2570">neurons</span>
    </annotation>
    <annotation annotator="Mike Bada, University of Colorado Anschutz Medical Campus" id="CL_basic_2014_02_21_Instance_30508" type="identity">
      <class id="CL:0011113" label="spiral ganglion neuron"/>
      <span end="2608" id="12585968-754" start="2594">spiral neurons</span>
    </annotation>
    <annotation annotator="Mike Bada, University of Colorado Anschutz Medical Campus" id="CL_basic_2014_02_21_Instance_13837" type="identity">
      <class id="CL:0000855" label="sensory hair cell"/>
      <span end="2890" id="12585968-469" start="2880">hair cells</span>
    </annotation>
    <annotation annotator="Mike Bada, University of Colorado Anschutz Medical Campus" id="CL_basic_2014_02_21_Instance_13839" type="identity">
      <class id="CL_GO_EXT:cell" label="cell"/>
      <span end="2974" id="12585968-471" start="2969">cells</span>
    </annotation>
    <annotation annotator="Mike Bada, University of Colorado Anschutz Medical Campus" id="CL_basic_2014_02_21_Instance_13841" type="identity">
      <class id="CL:0000101" label="sensory neuron"/>
      <span end="3001" id="12585968-473" start="2986">sensory neurons</span>
    </annotation>
    <annotation annotator="Mike Bada, University of Colorado Anschutz Medical Campus" id="CL_basic_2014_02_21_Instance_13843" type="identity">
      <class id="CL:0000101" label="sensory neuron"/>
      <span end="3215" id="12585968-475" start="3200">sensory neurons</span>
    </annotation>
    <annotation annotator="Mike Bada, University of Colorado Anschutz Medical Campus" id="CL_basic_2014_02_21_Instance_13845" type="identity">
      <class id="CL:0000855" label="sensory hair cell"/>
      <span end="3370" id="12585968-477" start="3360">hair cells</span>
    </annotation>
    <annotation annotator="Mike Bada, University of Colorado Anschutz Medical Campus" id="CL_basic_2014_02_21_Instance_22367" type="identity">
      <class id="CL:0000630" label="supportive cell"/>
      <span end="3463" id="12585968-727" start="3447">supporting cells</span>
    </annotation>
    <annotation annotator="Mike Bada, University of Colorado Anschutz Medical Campus" id="CL_basic_2014_02_21_Instance_13847" type="identity">
      <class id="CL:0000855" label="sensory hair cell"/>
      <span end="3505" id="12585968-479" start="3495">hair cells</span>
    </annotation>
    <annotation annotator="Mike Bada, University of Colorado Anschutz Medical Campus" id="CL_basic_2014_02_21_Instance_13849" type="identity">
      <class id="CL:0000101" label="sensory neuron"/>
      <span end="3594" id="12585968-481" start="3579">sensory neurons</span>
    </annotation>
    <annotation annotator="Mike Bada, University of Colorado Anschutz Medical Campus" id="CL_basic_2014_02_21_Instance_22369" type="identity">
      <class id="CL:0000630" label="supportive cell"/>
      <span end="3777" id="12585968-729" start="3761">supporting cells</span>
    </annotation>
    <annotation annotator="Mike Bada, University of Colorado Anschutz Medical Campus" id="CL_basic_2014_02_21_Instance_13851" type="identity">
      <class id="CL:0000101" label="sensory neuron"/>
      <span end="4150" id="12585968-483" start="4136">sensory neuron</span>
    </annotation>
    <annotation annotator="Mike Bada, University of Colorado Anschutz Medical Campus" id="CL_basic_2014_02_21_Instance_13853" type="identity">
      <class id="CL:0000855" label="sensory hair cell"/>
      <span end="4228" id="12585968-485" start="4218">hair cells</span>
    </annotation>
    <annotation annotator="Mike Bada, University of Colorado Anschutz Medical Campus" id="CL_basic_2014_02_21_Instance_13855" type="identity">
      <class id="CL:0000101" label="sensory neuron"/>
      <span end="4449" id="12585968-487" start="4434">sensory neurons</span>
    </annotation>
    <annotation annotator="Mike Bada, University of Colorado Anschutz Medical Campus" id="CL_basic_2014_02_21_Instance_13857" type="identity">
      <class id="CL:0000855" label="sensory hair cell"/>
      <span end="4603" id="12585968-489" start="4594">hair cell</span>
    </annotation>
    <annotation annotator="Mike Bada, University of Colorado Anschutz Medical Campus" id="CL_basic_2014_02_21_Instance_13859" type="identity">
      <class id="CL:0000855" label="sensory hair cell"/>
      <span end="4651" id="12585968-491" start="4641">hair cells</span>
    </annotation>
    <annotation annotator="Mike Bada, University of Colorado Anschutz Medical Campus" id="CL_basic_2014_02_21_Instance_30520" type="identity">
      <class id="CL:0011113" label="spiral ganglion neuron"/>
      <span end="4794" id="12585968-756" start="4780">spiral neurons</span>
    </annotation>
    <annotation annotator="Mike Bada, University of Colorado Anschutz Medical Campus" id="CL_basic_2014_02_21_Instance_30526" type="identity">
      <class id="CL:0011113" label="spiral ganglion neuron"/>
      <span end="5383" id="12585968-758" start="5369">spiral neurons</span>
    </annotation>
    <annotation annotator="Mike Bada, University of Colorado Anschutz Medical Campus" id="CL_basic_2014_02_21_Instance_13865" type="identity">
      <class id="CL:0000101" label="sensory neuron"/>
      <span end="6072" id="12585968-493" start="6057">sensory neurons</span>
    </annotation>
    <annotation annotator="Mike Bada, University of Colorado Anschutz Medical Campus" id="CL_basic_2014_02_21_Instance_13867" type="identity">
      <class id="CL:0000101" label="sensory neuron"/>
      <span end="6148" id="12585968-495" start="6133">sensory neurons</span>
    </annotation>
    <annotation annotator="Mike Bada, University of Colorado Anschutz Medical Campus" id="CL_basic_2014_02_21_Instance_13869" type="identity">
      <class id="CL:0000855" label="sensory hair cell"/>
      <span end="6316" id="12585968-497" start="6306">hair cells</span>
    </annotation>
    <annotation annotator="Mike Bada, University of Colorado Anschutz Medical Campus" id="CL_basic_2014_02_21_plus_nested_Instance_858" type="identity">
      <class id="CL:0000855" label="sensory hair cell"/>
      <span end="6743" id="12585968-796" start="6740">HaC</span>
    </annotation>
    <annotation annotator="Mike Bada, University of Colorado Anschutz Medical Campus" id="CL_basic_2014_02_21_Instance_13871" type="identity">
      <class id="CL:0000609" label="vestibular hair cell"/>
      <span end="6765" id="12585968-499" start="6745">vestibular hair cell</span>
    </annotation>
    <annotation annotator="Mike Bada, University of Colorado Anschutz Medical Campus" id="CL_basic_2014_02_21_Instance_11065" type="identity">
      <class id="CL:0000589" label="cochlear inner hair cell"/>
      <span end="6770" id="12585968-435" start="6767">IHC</span>
    </annotation>
    <annotation annotator="Mike Bada, University of Colorado Anschutz Medical Campus" id="CL_basic_2014_02_21_Instance_13873" type="identity">
      <class id="CL:0000589" label="cochlear inner hair cell"/>
      <span end="6787" id="12585968-501" start="6772">inner hair cell</span>
    </annotation>
    <annotation annotator="Mike Bada, University of Colorado Anschutz Medical Campus" id="CL_basic_2014_02_21_Instance_13875" type="identity">
      <class id="CL:0000855" label="sensory hair cell"/>
      <span end="6812" id="12585968-503" start="6803">hair cell</span>
    </annotation>
    <annotation annotator="Mike Bada, University of Colorado Anschutz Medical Campus" id="CL_basic_2014_02_21_Instance_11067" type="identity">
      <class id="CL:0000601" label="outer hair cell"/>
      <span end="6854" id="12585968-437" start="6851">OHC</span>
    </annotation>
    <annotation annotator="Mike Bada, University of Colorado Anschutz Medical Campus" id="CL_basic_2014_02_21_Instance_13877" type="identity">
      <class id="CL:0000601" label="outer hair cell"/>
      <span end="6871" id="12585968-505" start="6856">outer hair cell</span>
    </annotation>
    <annotation annotator="Mike Bada, University of Colorado Anschutz Medical Campus" id="CL_basic_2014_02_21_Instance_13879" type="identity">
      <class id="CL:0000601" label="outer hair cell"/>
      <span end="8229" id="12585968-507" start="8213">outer hair cells</span>
    </annotation>
    <annotation annotator="Mike Bada, University of Colorado Anschutz Medical Campus" id="CL_basic_2014_02_21_plus_nested_Instance_864" type="identity">
      <class id="CL:0011113" label="spiral ganglion neuron"/>
      <span end="8480" id="12585968-798" start="8474">spiral</span>
      <span end="8496" id="12585968-799" start="8489">neurons</span>
    </annotation>
    <annotation annotator="Mike Bada, University of Colorado Anschutz Medical Campus" id="CL_basic_2014_02_21_Instance_13881" type="identity">
      <class id="CL:0000101" label="sensory neuron"/>
      <span end="8496" id="12585968-509" start="8481">sensory neurons</span>
    </annotation>
    <annotation annotator="Mike Bada, University of Colorado Anschutz Medical Campus" id="CL_basic_2014_02_21_Instance_30542" type="identity">
      <class id="CL:0011113" label="spiral ganglion neuron"/>
      <span end="8655" id="12585968-760" start="8641">spiral neurons</span>
    </annotation>
    <annotation annotator="Mike Bada, University of Colorado Anschutz Medical Campus" id="CL_basic_2014_02_21_Instance_30548" type="identity">
      <class id="CL:0011113" label="spiral ganglion neuron"/>
      <span end="9206" id="12585968-762" start="9200">spiral</span>
      <span end="9222" id="12585968-763" start="9215">neurons</span>
    </annotation>
    <annotation annotator="Mike Bada, University of Colorado Anschutz Medical Campus" id="CL_basic_2014_02_21_Instance_13885" type="identity">
      <class id="CL:0000101" label="sensory neuron"/>
      <span end="9222" id="12585968-511" start="9207">sensory neurons</span>
    </annotation>
    <annotation annotator="Mike Bada, University of Colorado Anschutz Medical Campus" id="CL_basic_2014_02_21_Instance_13887" type="identity">
      <class id="CL:0000601" label="outer hair cell"/>
      <span end="9600" id="12585968-513" start="9584">outer hair cells</span>
    </annotation>
    <annotation annotator="Mike Bada, University of Colorado Anschutz Medical Campus" id="CL_basic_2014_02_21_Instance_13889" type="identity">
      <class id="CL:0000601" label="outer hair cell"/>
      <span end="9738" id="12585968-515" start="9722">outer hair cells</span>
    </annotation>
    <annotation annotator="Mike Bada, University of Colorado Anschutz Medical Campus" id="CL_basic_2014_02_21_Instance_13891" type="identity">
      <class id="CL:0000601" label="outer hair cell"/>
      <span end="9908" id="12585968-517" start="9893">outer hair cell</span>
    </annotation>
    <annotation annotator="Mike Bada, University of Colorado Anschutz Medical Campus" id="CL_basic_2014_02_21_Instance_13893" type="identity">
      <class id="CL:0000601" label="outer hair cell"/>
      <span end="9982" id="12585968-519" start="9967">outer hair cell</span>
    </annotation>
    <annotation annotator="Mike Bada, University of Colorado Anschutz Medical Campus" id="CL_basic_2014_02_21_Instance_13895" type="identity">
      <class id="CL:0000601" label="outer hair cell"/>
      <span end="10941" id="12585968-521" start="10925">outer hair cells</span>
    </annotation>
    <annotation annotator="Mike Bada, University of Colorado Anschutz Medical Campus" id="CL_basic_2014_02_21_Instance_13897" type="identity">
      <class id="CL:0000601" label="outer hair cell"/>
      <span end="11066" id="12585968-523" start="11050">outer hair cells</span>
    </annotation>
    <annotation annotator="Mike Bada, University of Colorado Anschutz Medical Campus" id="CL_basic_2014_02_21_Instance_13899" type="identity">
      <class id="CL:0000855" label="sensory hair cell"/>
      <span end="11150" id="12585968-525" start="11140">hair cells</span>
    </annotation>
    <annotation annotator="Mike Bada, University of Colorado Anschutz Medical Campus" id="CL_basic_2014_02_21_Instance_13901" type="identity">
      <class id="CL:0000601" label="outer hair cell"/>
      <span end="11457" id="12585968-527" start="11441">outer hair cells</span>
    </annotation>
    <annotation annotator="Mike Bada, University of Colorado Anschutz Medical Campus" id="CL_basic_2014_02_21_Instance_13903" type="identity">
      <class id="CL:0000601" label="outer hair cell"/>
      <span end="11603" id="12585968-529" start="11588">outer hair cell</span>
    </annotation>
    <annotation annotator="Mike Bada, University of Colorado Anschutz Medical Campus" id="CL_basic_2014_02_21_Instance_13905" type="identity">
      <class id="CL:0000589" label="cochlear inner hair cell"/>
      <span end="11716" id="12585968-531" start="11700">inner hair cells</span>
    </annotation>
    <annotation annotator="Mike Bada, University of Colorado Anschutz Medical Campus" id="CL_basic_2014_02_21_Instance_13907" type="identity">
      <class id="CL:0000601" label="outer hair cell"/>
      <span end="11986" id="12585968-533" start="11971">outer hair cell</span>
    </annotation>
    <annotation annotator="Mike Bada, University of Colorado Anschutz Medical Campus" id="CL_basic_2014_02_21_Instance_60278" type="identity">
      <class id="CL:0000855" label="sensory hair cell"/>
      <span end="12541" id="12585968-782" start="12531">hair cells</span>
    </annotation>
    <annotation annotator="Mike Bada, University of Colorado Anschutz Medical Campus" id="CL_basic_2014_02_21_Instance_13911" type="identity">
      <class id="CL:0000855" label="sensory hair cell"/>
      <span end="12636" id="12585968-535" start="12627">hair cell</span>
    </annotation>
    <annotation annotator="Mike Bada, University of Colorado Anschutz Medical Campus" id="CL_basic_2014_02_21_Instance_13913" type="identity">
      <class id="CL:0000855" label="sensory hair cell"/>
      <span end="12708" id="12585968-537" start="12698">hair cells</span>
    </annotation>
    <annotation annotator="Mike Bada, University of Colorado Anschutz Medical Campus" id="CL_basic_2014_02_21_Instance_13915" type="identity">
      <class id="CL:0000855" label="sensory hair cell"/>
      <span end="12760" id="12585968-539" start="12750">hair cells</span>
    </annotation>
    <annotation annotator="Mike Bada, University of Colorado Anschutz Medical Campus" id="CL_basic_2014_02_21_Instance_13917" type="identity">
      <class id="CL:0000855" label="sensory hair cell"/>
      <span end="12930" id="12585968-541" start="12920">hair cells</span>
    </annotation>
    <annotation annotator="Mike Bada, University of Colorado Anschutz Medical Campus" id="CL_basic_2014_02_21_Instance_30560" type="identity">
      <class id="CL:0011113" label="spiral ganglion neuron"/>
      <span end="13087" id="12585968-765" start="13081">spiral</span>
      <span end="13103" id="12585968-766" start="13096">neurons</span>
    </annotation>
    <annotation annotator="Mike Bada, University of Colorado Anschutz Medical Campus" id="CL_basic_2014_02_21_Instance_13919" type="identity">
      <class id="CL:0000101" label="sensory neuron"/>
      <span end="13103" id="12585968-543" start="13088">sensory neurons</span>
    </annotation>
    <annotation annotator="Mike Bada, University of Colorado Anschutz Medical Campus" id="CL_basic_2014_02_21_Instance_13921" type="identity">
      <class id="CL:0000855" label="sensory hair cell"/>
      <span end="13367" id="12585968-545" start="13357">hair cells</span>
    </annotation>
    <annotation annotator="Mike Bada, University of Colorado Anschutz Medical Campus" id="CL_basic_2014_02_21_Instance_13923" type="identity">
      <class id="CL:1000191" label="pillar cell"/>
      <span end="13418" id="12585968-547" start="13406">pillar cells</span>
    </annotation>
    <annotation annotator="Mike Bada, University of Colorado Anschutz Medical Campus" id="CL_basic_2014_02_21_Instance_22363" type="identity">
      <class id="CL:0000635" label="Deiter's cell"/>
      <span end="13494" id="12585968-723" start="13480">Deiters' cells</span>
    </annotation>
    <annotation annotator="Mike Bada, University of Colorado Anschutz Medical Campus" id="CL_basic_2014_02_21_Instance_13925" type="identity">
      <class id="CL:0000855" label="sensory hair cell"/>
      <span end="13624" id="12585968-549" start="13614">hair cells</span>
    </annotation>
    <annotation annotator="Mike Bada, University of Colorado Anschutz Medical Campus" id="CL_basic_2014_02_21_Instance_22365" type="identity">
      <class id="CL:0000630" label="supportive cell"/>
      <span end="13645" id="12585968-725" start="13629">supporting cells</span>
    </annotation>
    <annotation annotator="Mike Bada, University of Colorado Anschutz Medical Campus" id="CL_basic_2014_02_21_Instance_13927" type="identity">
      <class id="CL:0000855" label="sensory hair cell"/>
      <span end="13696" id="12585968-551" start="13686">hair cells</span>
    </annotation>
    <annotation annotator="Mike Bada, University of Colorado Anschutz Medical Campus" id="CL_basic_2014_02_21_Instance_13929" type="identity">
      <class id="CL:0000601" label="outer hair cell"/>
      <span end="14065" id="12585968-553" start="14049">outer hair cells</span>
    </annotation>
    <annotation annotator="Mike Bada, University of Colorado Anschutz Medical Campus" id="CL_basic_2014_02_21_Instance_30567" type="identity">
      <class id="CL:0000601" label="outer hair cell"/>
      <span end="14070" id="12585968-768" start="14067">OHC</span>
    </annotation>
    <annotation annotator="Mike Bada, University of Colorado Anschutz Medical Campus" id="CL_basic_2014_02_21_Instance_13931" type="identity">
      <class id="CL:0000589" label="cochlear inner hair cell"/>
      <span end="14110" id="12585968-555" start="14094">inner hair cells</span>
    </annotation>
    <annotation annotator="Mike Bada, University of Colorado Anschutz Medical Campus" id="CL_basic_2014_02_21_Instance_30571" type="identity">
      <class id="CL:0000589" label="cochlear inner hair cell"/>
      <span end="14115" id="12585968-770" start="14112">IHC</span>
    </annotation>
    <annotation annotator="Mike Bada, University of Colorado Anschutz Medical Campus" id="CL_basic_2014_02_21_Instance_13933" type="identity">
      <class id="CL:0000855" label="sensory hair cell"/>
      <span end="14181" id="12585968-557" start="14171">hair cells</span>
    </annotation>
    <annotation annotator="Mike Bada, University of Colorado Anschutz Medical Campus" id="CL_basic_2014_02_21_Instance_13935" type="identity">
      <class id="CL_GO_EXT:cell" label="cell"/>
      <span end="14272" id="12585968-559" start="14268">cell</span>
    </annotation>
    <annotation annotator="Mike Bada, University of Colorado Anschutz Medical Campus" id="CL_basic_2014_02_21_Instance_13937" type="identity">
      <class id="CL:0000855" label="sensory hair cell"/>
      <span end="14360" id="12585968-561" start="14350">hair cells</span>
    </annotation>
    <annotation annotator="Mike Bada, University of Colorado Anschutz Medical Campus" id="CL_basic_2014_02_21_Instance_13939" type="identity">
      <class id="CL:0000855" label="sensory hair cell"/>
      <span end="14437" id="12585968-563" start="14427">hair cells</span>
    </annotation>
    <annotation annotator="Mike Bada, University of Colorado Anschutz Medical Campus" id="CL_basic_2014_02_21_Instance_22371" type="identity">
      <class id="CL:0000589" label="cochlear inner hair cell"/>
      <span end="14612" id="12585968-731" start="14607">inner</span>
      <span end="14633" id="12585968-732" start="14623">hair cells</span>
    </annotation>
    <annotation annotator="Mike Bada, University of Colorado Anschutz Medical Campus" id="CL_basic_2014_02_21_Instance_13941" type="identity">
      <class id="CL:0000601" label="outer hair cell"/>
      <span end="14633" id="12585968-565" start="14617">outer hair cells</span>
    </annotation>
    <annotation annotator="Mike Bada, University of Colorado Anschutz Medical Campus" id="CL_basic_2014_02_21_Instance_13943" type="identity">
      <class id="CL_GO_EXT:cell" label="cell"/>
      <span end="14948" id="12585968-567" start="14943">cells</span>
    </annotation>
    <annotation annotator="Mike Bada, University of Colorado Anschutz Medical Campus" id="CL_basic_2014_02_21_Instance_13945" type="identity">
      <class id="CL:0000855" label="sensory hair cell"/>
      <span end="15027" id="12585968-569" start="15017">hair cells</span>
    </annotation>
    <annotation annotator="Mike Bada, University of Colorado Anschutz Medical Campus" id="CL_basic_2014_02_21_Instance_13947" type="identity">
      <class id="CL:0000101" label="sensory neuron"/>
      <span end="15047" id="12585968-571" start="15032">sensory neurons</span>
    </annotation>
    <annotation annotator="Mike Bada, University of Colorado Anschutz Medical Campus" id="CL_basic_2014_02_21_Instance_60296" type="identity">
      <class id="CL:0000855" label="sensory hair cell"/>
      <span end="15207" id="12585968-784" start="15197">hair cells</span>
    </annotation>
    <annotation annotator="Mike Bada, University of Colorado Anschutz Medical Campus" id="CL_basic_2014_02_21_Instance_30591" type="identity">
      <class id="CL:0000609" label="vestibular hair cell"/>
      <span end="15294" id="12585968-772" start="15284">vestibular</span>
      <span end="15323" id="12585968-773" start="15308">sensory neurons</span>
    </annotation>
    <annotation annotator="Mike Bada, University of Colorado Anschutz Medical Campus" id="CL_basic_2014_02_21_Instance_30595" type="identity">
      <class id="CL:0000202" label="auditory hair cell"/>
      <span end="15323" id="12585968-775" start="15299">cochlear sensory neurons</span>
    </annotation>
    <annotation annotator="Mike Bada, University of Colorado Anschutz Medical Campus" id="CL_basic_2014_02_21_Instance_13953" type="identity">
      <class id="CL:0000855" label="sensory hair cell"/>
      <span end="15411" id="12585968-573" start="15401">hair cells</span>
    </annotation>
    <annotation annotator="Mike Bada, University of Colorado Anschutz Medical Campus" id="CL_basic_2014_02_21_Instance_30598" type="identity">
      <class id="CL:0000202" label="auditory hair cell"/>
      <span end="15547" id="12585968-777" start="15523">cochlear sensory neurons</span>
    </annotation>
    <annotation annotator="Mike Bada, University of Colorado Anschutz Medical Campus" id="CL_basic_2014_02_21_Instance_13957" type="identity">
      <class id="CL:0000855" label="sensory hair cell"/>
      <span end="15653" id="12585968-575" start="15643">hair cells</span>
    </annotation>
    <annotation annotator="Mike Bada, University of Colorado Anschutz Medical Campus" id="CL_basic_2014_02_21_Instance_13959" type="identity">
      <class id="CL:0000855" label="sensory hair cell"/>
      <span end="15766" id="12585968-577" start="15756">hair cells</span>
    </annotation>
    <annotation annotator="Mike Bada, University of Colorado Anschutz Medical Campus" id="CL_basic_2014_02_21_Instance_13961" type="identity">
      <class id="CL:0000101" label="sensory neuron"/>
      <span end="15849" id="12585968-579" start="15834">sensory neurons</span>
    </annotation>
    <annotation annotator="Mike Bada, University of Colorado Anschutz Medical Campus" id="CL_basic_2014_02_21_Instance_13963" type="identity">
      <class id="CL:0000855" label="sensory hair cell"/>
      <span end="15873" id="12585968-581" start="15863">hair cells</span>
    </annotation>
    <annotation annotator="Mike Bada, University of Colorado Anschutz Medical Campus" id="CL_basic_2014_02_21_Instance_13965" type="identity">
      <class id="CL:0000855" label="sensory hair cell"/>
      <span end="16011" id="12585968-583" start="16001">hair cells</span>
    </annotation>
    <annotation annotator="Mike Bada, University of Colorado Anschutz Medical Campus" id="CL_basic_2014_02_21_plus_nested_Instance_870" type="identity">
      <class id="CL:0011113" label="spiral ganglion neuron"/>
      <span end="16035" id="12585968-801" start="16029">spiral</span>
      <span end="16051" id="12585968-802" start="16044">neurons</span>
    </annotation>
    <annotation annotator="Mike Bada, University of Colorado Anschutz Medical Campus" id="CL_basic_2014_02_21_Instance_13967" type="identity">
      <class id="CL:0000101" label="sensory neuron"/>
      <span end="16051" id="12585968-585" start="16036">sensory neurons</span>
    </annotation>
    <annotation annotator="Mike Bada, University of Colorado Anschutz Medical Campus" id="CL_basic_2014_02_21_Instance_13969" type="identity">
      <class id="CL:0000855" label="sensory hair cell"/>
      <span end="16124" id="12585968-587" start="16114">hair cells</span>
    </annotation>
    <annotation annotator="Mike Bada, University of Colorado Anschutz Medical Campus" id="CL_basic_2014_02_21_Instance_13971" type="identity">
      <class id="CL:0000101" label="sensory neuron"/>
      <span end="16270" id="12585968-589" start="16255">sensory neurons</span>
    </annotation>
    <annotation annotator="Mike Bada, University of Colorado Anschutz Medical Campus" id="CL_basic_2014_02_21_Instance_22373" type="identity">
      <class id="CL:0000855" label="sensory hair cell"/>
      <span end="16893" id="12585968-734" start="16884">hair cell</span>
    </annotation>
    <annotation annotator="Mike Bada, University of Colorado Anschutz Medical Campus" id="CL_basic_2014_02_21_Instance_13973" type="identity">
      <class id="CL:0000855" label="sensory hair cell"/>
      <span end="17474" id="12585968-591" start="17464">hair cells</span>
    </annotation>
    <annotation annotator="Mike Bada, University of Colorado Anschutz Medical Campus" id="CL_basic_2014_02_21_Instance_13975" type="identity">
      <class id="CL:0000101" label="sensory neuron"/>
      <span end="17905" id="12585968-593" start="17890">sensory neurons</span>
    </annotation>
    <annotation annotator="Mike Bada, University of Colorado Anschutz Medical Campus" id="CL_basic_2014_02_21_plus_nested_Instance_50880" type="identity">
      <class id="CL_GO_EXT:cell" label="cell"/>
      <span end="18192" id="12585968-790" start="18184">cellular</span>
    </annotation>
    <annotation annotator="Mike Bada, University of Colorado Anschutz Medical Campus" id="CL_basic_2014_02_21_Instance_13977" type="identity">
      <class id="CL_GO_EXT:cell" label="cell"/>
      <span end="18219" id="12585968-595" start="18214">cells</span>
    </annotation>
    <annotation annotator="Mike Bada, University of Colorado Anschutz Medical Campus" id="CL_basic_2014_02_21_Instance_13979" type="identity">
      <class id="CL_GO_EXT:cell" label="cell"/>
      <span end="18328" id="12585968-597" start="18323">cells</span>
    </annotation>
    <annotation annotator="Mike Bada, University of Colorado Anschutz Medical Campus" id="CL_basic_2014_02_21_Instance_13981" type="identity">
      <class id="CL:0000855" label="sensory hair cell"/>
      <span end="18383" id="12585968-599" start="18373">hair cells</span>
    </annotation>
    <annotation annotator="Mike Bada, University of Colorado Anschutz Medical Campus" id="CL_basic_2014_02_21_plus_nested_Instance_50885" type="identity">
      <class id="CL_GO_EXT:cell" label="cell"/>
      <span end="18679" id="12585968-792" start="18671">cellular</span>
    </annotation>
    <annotation annotator="Mike Bada, University of Colorado Anschutz Medical Campus" id="CL_basic_2014_02_21_Instance_13983" type="identity">
      <class id="CL:0000855" label="sensory hair cell"/>
      <span end="18766" id="12585968-601" start="18756">hair cells</span>
    </annotation>
    <annotation annotator="Mike Bada, University of Colorado Anschutz Medical Campus" id="CL_basic_2014_02_21_plus_nested_Instance_876" type="identity">
      <class id="CL:0011113" label="spiral ganglion neuron"/>
      <span end="18867" id="12585968-804" start="18861">spiral</span>
      <span end="18883" id="12585968-805" start="18876">neurons</span>
    </annotation>
    <annotation annotator="Mike Bada, University of Colorado Anschutz Medical Campus" id="CL_basic_2014_02_21_Instance_13985" type="identity">
      <class id="CL:0000101" label="sensory neuron"/>
      <span end="18883" id="12585968-603" start="18868">sensory neurons</span>
    </annotation>
    <annotation annotator="Mike Bada, University of Colorado Anschutz Medical Campus" id="CL_basic_2014_02_21_Instance_13987" type="identity">
      <class id="CL:0000601" label="outer hair cell"/>
      <span end="19338" id="12585968-605" start="19322">outer hair cells</span>
    </annotation>
    <annotation annotator="Mike Bada, University of Colorado Anschutz Medical Campus" id="CL_basic_2014_02_21_plus_nested_Instance_882" type="identity">
      <class id="CL:0011113" label="spiral ganglion neuron"/>
      <span end="19427" id="12585968-807" start="19413">spiral neurons</span>
    </annotation>
    <annotation annotator="Mike Bada, University of Colorado Anschutz Medical Campus" id="CL_basic_2014_02_21_Instance_13991" type="identity">
      <class id="CL:0000855" label="sensory hair cell"/>
      <span end="19524" id="12585968-607" start="19514">hair cells</span>
    </annotation>
    <annotation annotator="Mike Bada, University of Colorado Anschutz Medical Campus" id="CL_basic_2014_02_21_Instance_13993" type="identity">
      <class id="CL:0000855" label="sensory hair cell"/>
      <span end="20351" id="12585968-609" start="20341">hair cells</span>
    </annotation>
    <annotation annotator="Mike Bada, University of Colorado Anschutz Medical Campus" id="CL_basic_2014_02_21_Instance_13995" type="identity">
      <class id="CL:0000855" label="sensory hair cell"/>
      <span end="20563" id="12585968-611" start="20553">hair cells</span>
    </annotation>
    <annotation annotator="Mike Bada, University of Colorado Anschutz Medical Campus" id="CL_basic_2014_02_21_Instance_13997" type="identity">
      <class id="CL:0000855" label="sensory hair cell"/>
      <span end="20634" id="12585968-613" start="20624">hair cells</span>
    </annotation>
    <annotation annotator="Mike Bada, University of Colorado Anschutz Medical Campus" id="CL_basic_2014_02_21_Instance_13999" type="identity">
      <class id="CL:0000855" label="sensory hair cell"/>
      <span end="21134" id="12585968-615" start="21125">hair cell</span>
    </annotation>
    <annotation annotator="Mike Bada, University of Colorado Anschutz Medical Campus" id="CL_basic_2014_02_21_Instance_14001" type="identity">
      <class id="CL:0000855" label="sensory hair cell"/>
      <span end="21267" id="12585968-617" start="21257">hair cells</span>
    </annotation>
    <annotation annotator="Mike Bada, University of Colorado Anschutz Medical Campus" id="CL_basic_2014_02_21_Instance_14003" type="identity">
      <class id="CL:0000855" label="sensory hair cell"/>
      <span end="21599" id="12585968-619" start="21589">hair cells</span>
    </annotation>
    <annotation annotator="Mike Bada, University of Colorado Anschutz Medical Campus" id="CL_basic_2014_02_21_Instance_14005" type="identity">
      <class id="CL:0000855" label="sensory hair cell"/>
      <span end="21655" id="12585968-621" start="21646">hair cell</span>
    </annotation>
    <annotation annotator="Mike Bada, University of Colorado Anschutz Medical Campus" id="CL_basic_2014_02_21_Instance_70145" type="identity">
      <class id="CL:0000589" label="cochlear inner hair cell"/>
      <span end="22315" id="12585968-788" start="22310">IHC's</span>
    </annotation>
    <annotation annotator="Mike Bada, University of Colorado Anschutz Medical Campus" id="CL_basic_2014_02_21_Instance_14007" type="identity">
      <class id="CL:0000589" label="cochlear inner hair cell"/>
      <span end="22707" id="12585968-623" start="22691">inner hair cells</span>
    </annotation>
    <annotation annotator="Mike Bada, University of Colorado Anschutz Medical Campus" id="CL_basic_2014_02_21_Instance_14009" type="identity">
      <class id="CL:0000589" label="cochlear inner hair cell"/>
      <span end="22892" id="12585968-625" start="22876">inner hair cells</span>
    </annotation>
    <annotation annotator="Mike Bada, University of Colorado Anschutz Medical Campus" id="CL_basic_2014_02_21_Instance_14011" type="identity">
      <class id="CL:0000530" label="primary neuron"/>
      <span end="23105" id="12585968-627" start="23090">primary neurons</span>
    </annotation>
    <annotation annotator="Mike Bada, University of Colorado Anschutz Medical Campus" id="CL_basic_2014_02_21_Instance_14013" type="identity">
      <class id="CL:0000855" label="sensory hair cell"/>
      <span end="23158" id="12585968-629" start="23148">hair cells</span>
    </annotation>
    <annotation annotator="Mike Bada, University of Colorado Anschutz Medical Campus" id="CL_basic_2014_02_21_plus_nested_Instance_892" type="identity">
      <class id="CL:0011113" label="spiral ganglion neuron"/>
      <span end="23267" id="12585968-809" start="23253">spiral neurons</span>
    </annotation>
    <annotation annotator="Mike Bada, University of Colorado Anschutz Medical Campus" id="CL_basic_2014_02_21_Instance_14017" type="identity">
      <class id="CL:0000855" label="sensory hair cell"/>
      <span end="23309" id="12585968-631" start="23299">hair cells</span>
    </annotation>
    <annotation annotator="Mike Bada, University of Colorado Anschutz Medical Campus" id="CL_basic_2014_02_21_Instance_14019" type="identity">
      <class id="CL:0000855" label="sensory hair cell"/>
      <span end="23479" id="12585968-633" start="23469">hair cells</span>
    </annotation>
    <annotation annotator="Mike Bada, University of Colorado Anschutz Medical Campus" id="CL_basic_2014_02_21_Instance_14021" type="identity">
      <class id="CL_GO_EXT:cell" label="cell"/>
      <span end="23642" id="12585968-635" start="23638">cell</span>
    </annotation>
    <annotation annotator="Mike Bada, University of Colorado Anschutz Medical Campus" id="CL_basic_2014_02_21_Instance_70092" type="identity">
      <class id="CL:0000540" label="neuron"/>
      <span end="23699" id="12585968-786" start="23691">neuronal</span>
    </annotation>
    <annotation annotator="Mike Bada, University of Colorado Anschutz Medical Campus" id="CL_basic_2014_02_21_Instance_14023" type="identity">
      <class id="CL:0000101" label="sensory neuron"/>
      <span end="23875" id="12585968-637" start="23860">sensory neurons</span>
    </annotation>
    <annotation annotator="Mike Bada, University of Colorado Anschutz Medical Campus" id="CL_basic_2014_02_21_Instance_14025" type="identity">
      <class id="CL:0000101" label="sensory neuron"/>
      <span end="24185" id="12585968-639" start="24170">sensory neurons</span>
    </annotation>
    <annotation annotator="Mike Bada, University of Colorado Anschutz Medical Campus" id="CL_basic_2014_02_21_Instance_14027" type="identity">
      <class id="CL:0000530" label="primary neuron"/>
      <span end="24592" id="12585968-641" start="24577">primary neurons</span>
    </annotation>
    <annotation annotator="Mike Bada, University of Colorado Anschutz Medical Campus" id="CL_basic_2014_02_21_Instance_14029" type="identity">
      <class id="CL:0000530" label="primary neuron"/>
      <span end="24742" id="12585968-643" start="24727">primary neurons</span>
    </annotation>
    <annotation annotator="Mike Bada, University of Colorado Anschutz Medical Campus" id="CL_basic_2014_02_21_plus_nested_Instance_902" type="identity">
      <class id="CL:0011113" label="spiral ganglion neuron"/>
      <span end="25424" id="12585968-811" start="25418">spiral</span>
      <span end="25440" id="12585968-812" start="25433">neurons</span>
    </annotation>
    <annotation annotator="Mike Bada, University of Colorado Anschutz Medical Campus" id="CL_basic_2014_02_21_Instance_14031" type="identity">
      <class id="CL:0000101" label="sensory neuron"/>
      <span end="25440" id="12585968-645" start="25425">sensory neurons</span>
    </annotation>
    <annotation annotator="Mike Bada, University of Colorado Anschutz Medical Campus" id="CL_basic_2014_02_21_Instance_14033" type="identity">
      <class id="CL:0000855" label="sensory hair cell"/>
      <span end="25610" id="12585968-647" start="25600">hair cells</span>
    </annotation>
    <annotation annotator="Mike Bada, University of Colorado Anschutz Medical Campus" id="CL_basic_2014_02_21_Instance_14035" type="identity">
      <class id="CL:0000855" label="sensory hair cell"/>
      <span end="25671" id="12585968-649" start="25661">hair cells</span>
    </annotation>
    <annotation annotator="Mike Bada, University of Colorado Anschutz Medical Campus" id="CL_basic_2014_02_21_Instance_22375" type="identity">
      <class id="CL:0000630" label="supportive cell"/>
      <span end="26539" id="12585968-736" start="26523">supporting cells</span>
    </annotation>
    <annotation annotator="Mike Bada, University of Colorado Anschutz Medical Campus" id="CL_basic_2014_02_21_Instance_22377" type="identity">
      <class id="CL:0000630" label="supportive cell"/>
      <span end="26588" id="12585968-738" start="26572">supporting cells</span>
    </annotation>
    <annotation annotator="Mike Bada, University of Colorado Anschutz Medical Campus" id="CL_basic_2014_02_21_plus_nested_Instance_906" type="identity">
      <class id="CL:0011113" label="spiral ganglion neuron"/>
      <span end="26672" id="12585968-814" start="26666">spiral</span>
      <span end="26688" id="12585968-815" start="26681">neurons</span>
    </annotation>
    <annotation annotator="Mike Bada, University of Colorado Anschutz Medical Campus" id="CL_basic_2014_02_21_Instance_14037" type="identity">
      <class id="CL:0000101" label="sensory neuron"/>
      <span end="26688" id="12585968-651" start="26673">sensory neurons</span>
    </annotation>
    <annotation annotator="Mike Bada, University of Colorado Anschutz Medical Campus" id="CL_basic_2014_02_21_Instance_14039" type="identity">
      <class id="CL:0000101" label="sensory neuron"/>
      <span end="26781" id="12585968-653" start="26766">sensory neurons</span>
    </annotation>
    <annotation annotator="Mike Bada, University of Colorado Anschutz Medical Campus" id="CL_basic_2014_02_21_Instance_14041" type="identity">
      <class id="CL:0000855" label="sensory hair cell"/>
      <span end="26823" id="12585968-655" start="26813">hair cells</span>
    </annotation>
    <annotation annotator="Mike Bada, University of Colorado Anschutz Medical Campus" id="CL_basic_2014_02_21_Instance_14043" type="identity">
      <class id="CL:0000589" label="cochlear inner hair cell"/>
      <span end="26964" id="12585968-657" start="26948">inner hair cells</span>
    </annotation>
    <annotation annotator="Mike Bada, University of Colorado Anschutz Medical Campus" id="CL_basic_2014_02_21_plus_nested_Instance_910" type="identity">
      <class id="CL:0011113" label="spiral ganglion neuron"/>
      <span end="27216" id="12585968-817" start="27203">spiral neuron</span>
    </annotation>
    <annotation annotator="Mike Bada, University of Colorado Anschutz Medical Campus" id="CL_basic_2014_02_21_Instance_14045" type="identity">
      <class id="CL:0000855" label="sensory hair cell"/>
      <span end="27278" id="12585968-659" start="27268">hair cells</span>
    </annotation>
    <annotation annotator="Mike Bada, University of Colorado Anschutz Medical Campus" id="CL_basic_2014_02_21_Instance_14047" type="identity">
      <class id="CL:0000855" label="sensory hair cell"/>
      <span end="27386" id="12585968-661" start="27376">hair cells</span>
    </annotation>
    <annotation annotator="Mike Bada, University of Colorado Anschutz Medical Campus" id="CL_basic_2014_02_21_Instance_14049" type="identity">
      <class id="CL:0000530" label="primary neuron"/>
      <span end="27895" id="12585968-663" start="27880">primary neurons</span>
    </annotation>
    <annotation annotator="Mike Bada, University of Colorado Anschutz Medical Campus" id="CL_basic_2014_02_21_plus_nested_Instance_914" type="identity">
      <class id="CL:0011113" label="spiral ganglion neuron"/>
      <span end="28248" id="12585968-819" start="28242">spiral</span>
      <span end="28264" id="12585968-820" start="28257">neurons</span>
    </annotation>
    <annotation annotator="Mike Bada, University of Colorado Anschutz Medical Campus" id="CL_basic_2014_02_21_Instance_14051" type="identity">
      <class id="CL:0000101" label="sensory neuron"/>
      <span end="28264" id="12585968-665" start="28249">sensory neurons</span>
    </annotation>
    <annotation annotator="Mike Bada, University of Colorado Anschutz Medical Campus" id="CL_basic_2014_02_21_Instance_14053" type="identity">
      <class id="CL:0000855" label="sensory hair cell"/>
      <span end="28435" id="12585968-667" start="28425">hair cells</span>
    </annotation>
    <annotation annotator="Mike Bada, University of Colorado Anschutz Medical Campus" id="CL_basic_2014_02_21_plus_nested_Instance_920" type="identity">
      <class id="CL:0011113" label="spiral ganglion neuron"/>
      <span end="28513" id="12585968-822" start="28499">spiral neurons</span>
    </annotation>
    <annotation annotator="Mike Bada, University of Colorado Anschutz Medical Campus" id="CL_basic_2014_02_21_Instance_14057" type="identity">
      <class id="CL:0000855" label="sensory hair cell"/>
      <span end="28642" id="12585968-669" start="28632">hair cells</span>
    </annotation>
    <annotation annotator="Mike Bada, University of Colorado Anschutz Medical Campus" id="CL_basic_2014_02_21_Instance_14059" type="identity">
      <class id="CL:0000855" label="sensory hair cell"/>
      <span end="28731" id="12585968-671" start="28722">hair cell</span>
    </annotation>
    <annotation annotator="Mike Bada, University of Colorado Anschutz Medical Campus" id="CL_basic_2014_02_21_Instance_14061" type="identity">
      <class id="CL:0000601" label="outer hair cell"/>
      <span end="28858" id="12585968-673" start="28842">outer hair cells</span>
    </annotation>
    <annotation annotator="Mike Bada, University of Colorado Anschutz Medical Campus" id="CL_basic_2014_02_21_Instance_14063" type="identity">
      <class id="CL:0000601" label="outer hair cell"/>
      <span end="28984" id="12585968-675" start="28968">outer hair cells</span>
    </annotation>
    <annotation annotator="Mike Bada, University of Colorado Anschutz Medical Campus" id="CL_basic_2014_02_21_Instance_14065" type="identity">
      <class id="CL:1000191" label="pillar cell"/>
      <span end="29146" id="12585968-677" start="29134">pillar cells</span>
    </annotation>
    <annotation annotator="Mike Bada, University of Colorado Anschutz Medical Campus" id="CL_basic_2014_02_21_Instance_14067" type="identity">
      <class id="CL:0000589" label="cochlear inner hair cell"/>
      <span end="29267" id="12585968-679" start="29251">inner hair cells</span>
    </annotation>
    <annotation annotator="Mike Bada, University of Colorado Anschutz Medical Campus" id="CL_basic_2014_02_21_Instance_22381" type="identity">
      <class id="CL:0000630" label="supportive cell"/>
      <span end="29310" id="12585968-740" start="29294">supporting cells</span>
    </annotation>
    <annotation annotator="Mike Bada, University of Colorado Anschutz Medical Campus" id="CL_basic_2014_02_21_Instance_14069" type="identity">
      <class id="CL:0000601" label="outer hair cell"/>
      <span end="29560" id="12585968-681" start="29544">outer hair cells</span>
    </annotation>
    <annotation annotator="Mike Bada, University of Colorado Anschutz Medical Campus" id="CL_basic_2014_02_21_Instance_22383" type="identity">
      <class id="CL:0000630" label="supportive cell"/>
      <span end="29622" id="12585968-742" start="29606">supporting cells</span>
    </annotation>
    <annotation annotator="Mike Bada, University of Colorado Anschutz Medical Campus" id="CL_basic_2014_02_21_Instance_14071" type="identity">
      <class id="CL:0000855" label="sensory hair cell"/>
      <span end="29658" id="12585968-683" start="29648">hair cells</span>
    </annotation>
    <annotation annotator="Mike Bada, University of Colorado Anschutz Medical Campus" id="CL_basic_2014_02_21_Instance_22385" type="identity">
      <class id="CL:0000630" label="supportive cell"/>
      <span end="29712" id="12585968-744" start="29697">supporting cell</span>
    </annotation>
    <annotation annotator="Mike Bada, University of Colorado Anschutz Medical Campus" id="CL_basic_2014_02_21_Instance_14073" type="identity">
      <class id="CL:0000100" label="motor neuron"/>
      <span end="29896" id="12585968-685" start="29885">motoneurons</span>
    </annotation>
    <annotation annotator="Mike Bada, University of Colorado Anschutz Medical Campus" id="CL_basic_2014_02_21_Instance_14075" type="identity">
      <class id="CL:0000855" label="sensory hair cell"/>
      <span end="31413" id="12585968-687" start="31404">hair cell</span>
    </annotation>
    <annotation annotator="Mike Bada, University of Colorado Anschutz Medical Campus" id="CL_basic_2014_02_21_plus_nested_Instance_932" type="identity">
      <class id="CL:0011113" label="spiral ganglion neuron"/>
      <span end="32056" id="12585968-824" start="32043">spiral neuron</span>
    </annotation>
    <annotation annotator="Mike Bada, University of Colorado Anschutz Medical Campus" id="CL_basic_2014_02_21_plus_nested_Instance_942" type="identity">
      <class id="CL:0011113" label="spiral ganglion neuron"/>
      <span end="32163" id="12585968-826" start="32150">spiral neuron</span>
    </annotation>
    <annotation annotator="Mike Bada, University of Colorado Anschutz Medical Campus" id="CL_basic_2014_02_21_Instance_14081" type="identity">
      <class id="CL:0000855" label="sensory hair cell"/>
      <span end="32452" id="12585968-689" start="32442">hair cells</span>
    </annotation>
    <annotation annotator="Mike Bada, University of Colorado Anschutz Medical Campus" id="CL_basic_2014_02_21_Instance_14083" type="identity">
      <class id="CL:0000601" label="outer hair cell"/>
      <span end="32475" id="12585968-691" start="32459">outer hair cells</span>
    </annotation>
    <annotation annotator="Mike Bada, University of Colorado Anschutz Medical Campus" id="CL_basic_2014_02_21_Instance_14085" type="identity">
      <class id="CL:0000855" label="sensory hair cell"/>
      <span end="32558" id="12585968-693" start="32548">hair cells</span>
    </annotation>
    <annotation annotator="Mike Bada, University of Colorado Anschutz Medical Campus" id="CL_basic_2014_02_21_Instance_14087" type="identity">
      <class id="CL:0000101" label="sensory neuron"/>
      <span end="32944" id="12585968-695" start="32929">sensory neurons</span>
    </annotation>
    <annotation annotator="Mike Bada, University of Colorado Anschutz Medical Campus" id="CL_basic_2014_02_21_Instance_14089" type="identity">
      <class id="CL:0000101" label="sensory neuron"/>
      <span end="33099" id="12585968-697" start="33085">sensory neuron</span>
    </annotation>
    <annotation annotator="Mike Bada, University of Colorado Anschutz Medical Campus" id="CL_basic_2014_02_21_Instance_14091" type="identity">
      <class id="CL:0000855" label="sensory hair cell"/>
      <span end="33511" id="12585968-699" start="33501">hair cells</span>
    </annotation>
    <annotation annotator="Mike Bada, University of Colorado Anschutz Medical Campus" id="CL_basic_2014_02_21_Instance_30945" type="identity">
      <class id="CL:0002321" label="embryonic cell"/>
      <span end="33712" id="12585968-779" start="33703">embryonic</span>
      <span end="33735" id="12585968-780" start="33731">cell</span>
    </annotation>
    <annotation annotator="Mike Bada, University of Colorado Anschutz Medical Campus" id="CL_basic_2014_02_21_Instance_14093" type="identity">
      <class id="CL:0000855" label="sensory hair cell"/>
      <span end="33735" id="12585968-701" start="33726">hair cell</span>
    </annotation>
    <annotation annotator="Mike Bada, University of Colorado Anschutz Medical Campus" id="CL_basic_2014_02_21_Instance_14095" type="identity">
      <class id="CL:0000855" label="sensory hair cell"/>
      <span end="36448" id="12585968-703" start="36438">hair cells</span>
    </annotation>
    <annotation annotator="Mike Bada, University of Colorado Anschutz Medical Campus" id="CL_basic_2014_02_21_Instance_14097" type="identity">
      <class id="CL:0000855" label="sensory hair cell"/>
      <span end="36481" id="12585968-705" start="36471">hair cells</span>
    </annotation>
    <annotation annotator="Mike Bada, University of Colorado Anschutz Medical Campus" id="CL_basic_2014_02_21_Instance_14099" type="identity">
      <class id="CL:0000540" label="neuron"/>
      <span end="36493" id="12585968-707" start="36486">neurons</span>
    </annotation>
    <annotation annotator="Mike Bada, University of Colorado Anschutz Medical Campus" id="CL_basic_2014_02_21_Instance_14101" type="identity">
      <class id="CL:0000855" label="sensory hair cell"/>
      <span end="36557" id="12585968-709" start="36548">hair cell</span>
    </annotation>
    <annotation annotator="Mike Bada, University of Colorado Anschutz Medical Campus" id="CL_basic_2014_02_21_Instance_14103" type="identity">
      <class id="CL:0000855" label="sensory hair cell"/>
      <span end="36779" id="12585968-711" start="36769">hair cells</span>
    </annotation>
    <annotation annotator="Mike Bada, University of Colorado Anschutz Medical Campus" id="CL_basic_2014_02_21_Instance_14105" type="identity">
      <class id="CL:0000855" label="sensory hair cell"/>
      <span end="36850" id="12585968-713" start="36840">hair cells</span>
    </annotation>
    <annotation annotator="Mike Bada, University of Colorado Anschutz Medical Campus" id="CL_basic_2014_02_21_Instance_14107" type="identity">
      <class id="CL:0000540" label="neuron"/>
      <span end="36861" id="12585968-715" start="36854">neurons</span>
    </annotation>
    <annotation annotator="Mike Bada, University of Colorado Anschutz Medical Campus" id="CL_basic_2014_02_21_Instance_14109" type="identity">
      <class id="CL:0000540" label="neuron"/>
      <span end="37126" id="12585968-717" start="37119">neurons</span>
    </annotation>
    <annotation annotator="Mike Bada, University of Colorado Anschutz Medical Campus" id="CL_basic_2014_02_21_Instance_14111" type="identity">
      <class id="CL_GO_EXT:cell" label="cell"/>
      <span end="37135" id="12585968-719" start="37130">cells</span>
    </annotation>
    <annotation annotator="Mike Bada, University of Colorado Anschutz Medical Campus" id="CL_basic_2014_02_21_Instance_22387" type="identity">
      <class id="CL:0000540" label="neuron"/>
      <span end="37807" id="12585968-746" start="37799">neuronal</span>
    </annotation>
    <graph-space id="Old Knowtator Relations">
      <vertex annotation="CL_basic_2014_02_21_Instance_13929" id="node_0"/>
      <vertex annotation="CL_basic_2014_02_21_Instance_30567" id="node_1"/>
      <vertex annotation="CL_basic_2014_02_21_Instance_11065" id="node_4"/>
      <vertex annotation="CL_basic_2014_02_21_Instance_13873" id="node_5"/>
      <vertex annotation="CL_basic_2014_02_21_Instance_11067" id="node_8"/>
      <vertex annotation="CL_basic_2014_02_21_Instance_13877" id="node_9"/>
      <triple annotator="Mike Bada, University of Colorado Anschutz Medical Campus" id="edge_2" object="node_1" property="NULL SLOT" quantifier="" subject="node_0" value=""/>
      <triple annotator="Mike Bada, University of Colorado Anschutz Medical Campus" id="edge_3" object="node_0" property="NULL SLOT" quantifier="" subject="node_1" value=""/>
      <triple annotator="Mike Bada, University of Colorado Anschutz Medical Campus" id="edge_6" object="node_5" property="NULL SLOT" quantifier="" subject="node_4" value=""/>
      <triple annotator="Mike Bada, University of Colorado Anschutz Medical Campus" id="edge_7" object="node_4" property="NULL SLOT" quantifier="" subject="node_5" value=""/>
      <triple annotator="Mike Bada, University of Colorado Anschutz Medical Campus" id="edge_10" object="node_9" property="NULL SLOT" quantifier="" subject="node_8" value=""/>
      <triple annotator="Mike Bada, University of Colorado Anschutz Medical Campus" id="edge_11" object="node_8" property="NULL SLOT" quantifier="" subject="node_9" value=""/>
    </graph-space>
  </document>
</knowtator-project>
