<?xml version="1.0" encoding="UTF-8" standalone="no"?>
<knowtator-project>
  <document id="14611657" text-file="14611657.txt">
    <annotation annotator="Mike Bada, University of Colorado Anschutz Medical Campus" id="CL_basic_2014_02_21_Instance_14115" type="identity">
      <class id="CL_GO_EXT:cell" label="cell"/>
      <span end="1564" id="14611657-1281" start="1559">cells</span>
    </annotation>
    <annotation annotator="Mike Bada, University of Colorado Anschutz Medical Campus" id="CL_basic_2014_02_21_Instance_14117" type="identity">
      <class id="CL_GO_EXT:cell" label="cell"/>
      <span end="1614" id="14611657-1283" start="1610">cell</span>
    </annotation>
    <annotation annotator="Mike Bada, University of Colorado Anschutz Medical Campus" id="CL_basic_2014_02_21_Instance_22403" type="identity">
      <class id="CL:0000540" label="neuron"/>
      <span end="2359" id="14611657-1355" start="2353">neuron</span>
    </annotation>
    <annotation annotator="Mike Bada, University of Colorado Anschutz Medical Campus" id="CL_basic_2014_02_21_Instance_14119" type="identity">
      <class id="CL_GO_EXT:cell" label="cell"/>
      <span end="3405" id="14611657-1285" start="3401">cell</span>
    </annotation>
    <annotation annotator="Mike Bada, University of Colorado Anschutz Medical Campus" id="CL_basic_2014_02_21_Instance_22589" type="identity">
      <class id="CL:0000764" label="erythroid lineage cell"/>
      <span end="4338" id="14611657-1375" start="4323">erythroid cells</span>
    </annotation>
    <annotation annotator="Mike Bada, University of Colorado Anschutz Medical Campus" id="CL_basic_2014_02_21_Instance_14121" type="identity">
      <class id="CL:0000018" label="spermatid"/>
      <span end="4512" id="14611657-1287" start="4503">spermatid</span>
    </annotation>
    <annotation annotator="Mike Bada, University of Colorado Anschutz Medical Campus" id="CL_basic_2014_02_21_Instance_14123" type="identity">
      <class id="CL:0000019" label="sperm"/>
      <span end="4643" id="14611657-1289" start="4638">sperm</span>
    </annotation>
    <annotation annotator="Mike Bada, University of Colorado Anschutz Medical Campus" id="CL_basic_2014_02_21_Instance_14125" type="identity">
      <class id="CL_GO_EXT:cell" label="cell"/>
      <span end="5129" id="14611657-1291" start="5124">cells</span>
    </annotation>
    <annotation annotator="Mike Bada, University of Colorado Anschutz Medical Campus" id="CL_basic_2014_02_21_Instance_22405" type="identity">
      <class id="CL:0000207" label="olfactory receptor cell"/>
      <span end="5212" id="14611657-1357" start="5196">olfactory neuron</span>
    </annotation>
    <annotation annotator="Mike Bada, University of Colorado Anschutz Medical Campus" id="CL_basic_2014_02_21_Instance_14127" type="identity">
      <class id="CL:0000540" label="neuron"/>
      <span end="5951" id="14611657-1293" start="5944">neurons</span>
    </annotation>
    <annotation annotator="Mike Bada, University of Colorado Anschutz Medical Campus" id="CL_basic_2014_02_21_Instance_14129" type="identity">
      <class id="CL_GO_EXT:cell" label="cell"/>
      <span end="6046" id="14611657-1295" start="6042">cell</span>
    </annotation>
    <annotation annotator="Mike Bada, University of Colorado Anschutz Medical Campus" id="CL_basic_2014_02_21_Instance_22407" type="identity">
      <class id="CL:0000084" label="T cell"/>
      <span end="16898" id="14611657-1359" start="16892">T-cell</span>
    </annotation>
    <annotation annotator="Mike Bada, University of Colorado Anschutz Medical Campus" id="CL_basic_2014_02_21_Instance_14131" type="identity">
      <class id="CL_GO_EXT:cell" label="cell"/>
      <span end="18794" id="14611657-1297" start="18789">cells</span>
    </annotation>
    <annotation annotator="Mike Bada, University of Colorado Anschutz Medical Campus" id="CL_basic_2014_02_21_Instance_14133" type="identity">
      <class id="CL_GO_EXT:cell" label="cell"/>
      <span end="19477" id="14611657-1299" start="19472">cells</span>
    </annotation>
    <annotation annotator="Mike Bada, University of Colorado Anschutz Medical Campus" id="CL_basic_2014_02_21_Instance_14135" type="identity">
      <class id="CL_GO_EXT:cell" label="cell"/>
      <span end="19715" id="14611657-1301" start="19710">cells</span>
    </annotation>
    <annotation annotator="Mike Bada, University of Colorado Anschutz Medical Campus" id="CL_basic_2014_02_21_Instance_14137" type="identity">
      <class id="CL_GO_EXT:cell" label="cell"/>
      <span end="19815" id="14611657-1303" start="19810">cells</span>
    </annotation>
    <annotation annotator="Mike Bada, University of Colorado Anschutz Medical Campus" id="CL_basic_2014_02_21_Instance_14139" type="identity">
      <class id="CL_GO_EXT:cell" label="cell"/>
      <span end="19842" id="14611657-1305" start="19837">cells</span>
    </annotation>
    <annotation annotator="Mike Bada, University of Colorado Anschutz Medical Campus" id="CL_basic_2014_02_21_Instance_14141" type="identity">
      <class id="CL_GO_EXT:cell" label="cell"/>
      <span end="19898" id="14611657-1307" start="19893">cells</span>
    </annotation>
    <annotation annotator="Mike Bada, University of Colorado Anschutz Medical Campus" id="CL_basic_2014_02_21_Instance_14143" type="identity">
      <class id="CL_GO_EXT:cell" label="cell"/>
      <span end="19954" id="14611657-1309" start="19949">cells</span>
    </annotation>
    <annotation annotator="Mike Bada, University of Colorado Anschutz Medical Campus" id="CL_basic_2014_02_21_Instance_14145" type="identity">
      <class id="CL_GO_EXT:cell" label="cell"/>
      <span end="20102" id="14611657-1311" start="20098">cell</span>
    </annotation>
    <annotation annotator="Mike Bada, University of Colorado Anschutz Medical Campus" id="CL_basic_2014_02_21_Instance_14147" type="identity">
      <class id="CL_GO_EXT:cell" label="cell"/>
      <span end="20184" id="14611657-1313" start="20180">cell</span>
    </annotation>
    <annotation annotator="Mike Bada, University of Colorado Anschutz Medical Campus" id="CL_basic_2014_02_21_Instance_14149" type="identity">
      <class id="CL:0000540" label="neuron"/>
      <span end="20255" id="14611657-1315" start="20249">neuron</span>
    </annotation>
    <annotation annotator="Mike Bada, University of Colorado Anschutz Medical Campus" id="CL_basic_2014_02_21_Instance_14151" type="identity">
      <class id="CL_GO_EXT:cell" label="cell"/>
      <span end="20398" id="14611657-1317" start="20394">cell</span>
    </annotation>
    <annotation annotator="Mike Bada, University of Colorado Anschutz Medical Campus" id="CL_basic_2014_02_21_Instance_14153" type="identity">
      <class id="CL_GO_EXT:cell" label="cell"/>
      <span end="20446" id="14611657-1319" start="20441">cells</span>
    </annotation>
    <annotation annotator="Mike Bada, University of Colorado Anschutz Medical Campus" id="CL_basic_2014_02_21_Instance_14155" type="identity">
      <class id="CL_GO_EXT:cell" label="cell"/>
      <span end="20476" id="14611657-1321" start="20472">cell</span>
    </annotation>
    <annotation annotator="Mike Bada, University of Colorado Anschutz Medical Campus" id="CL_basic_2014_02_21_Instance_14157" type="identity">
      <class id="CL_GO_EXT:cell" label="cell"/>
      <span end="29762" id="14611657-1323" start="29758">cell</span>
    </annotation>
    <annotation annotator="Mike Bada, University of Colorado Anschutz Medical Campus" id="CL_basic_2014_02_21_Instance_22409" type="identity">
      <class id="CL:0000207" label="olfactory receptor cell"/>
      <span end="29807" id="14611657-1361" start="29790">olfactory neurons</span>
    </annotation>
    <annotation annotator="Mike Bada, University of Colorado Anschutz Medical Campus" id="CL_basic_2014_02_21_Instance_14159" type="identity">
      <class id="CL_GO_EXT:cell" label="cell"/>
      <span end="30037" id="14611657-1325" start="30032">cells</span>
    </annotation>
    <annotation annotator="Mike Bada, University of Colorado Anschutz Medical Campus" id="CL_basic_2014_02_21_Instance_14161" type="identity">
      <class id="CL_GO_EXT:cell" label="cell"/>
      <span end="30068" id="14611657-1327" start="30064">cell</span>
    </annotation>
    <annotation annotator="Mike Bada, University of Colorado Anschutz Medical Campus" id="CL_basic_2014_02_21_Instance_14163" type="identity">
      <class id="CL_GO_EXT:cell" label="cell"/>
      <span end="30332" id="14611657-1329" start="30327">cells</span>
    </annotation>
    <annotation annotator="Mike Bada, University of Colorado Anschutz Medical Campus" id="CL_basic_2014_02_21_Instance_14165" type="identity">
      <class id="CL_GO_EXT:cell" label="cell"/>
      <span end="30402" id="14611657-1331" start="30398">cell</span>
    </annotation>
    <annotation annotator="Mike Bada, University of Colorado Anschutz Medical Campus" id="CL_basic_2014_02_21_Instance_14167" type="identity">
      <class id="CL_GO_EXT:cell" label="cell"/>
      <span end="30515" id="14611657-1333" start="30511">cell</span>
    </annotation>
    <annotation annotator="Mike Bada, University of Colorado Anschutz Medical Campus" id="CL_basic_2014_02_21_Instance_22411" type="identity">
      <class id="CL:0000207" label="olfactory receptor cell"/>
      <span end="30558" id="14611657-1363" start="30542">olfactory neuron</span>
    </annotation>
    <annotation annotator="Mike Bada, University of Colorado Anschutz Medical Campus" id="CL_basic_2014_02_21_Instance_14169" type="identity">
      <class id="CL_GO_EXT:cell" label="cell"/>
      <span end="30914" id="14611657-1335" start="30909">cells</span>
    </annotation>
    <annotation annotator="Mike Bada, University of Colorado Anschutz Medical Campus" id="CL_basic_2014_02_21_Instance_22413" type="identity">
      <class id="CL:0000540" label="neuron"/>
      <span end="31117" id="14611657-1365" start="31109">neuronal</span>
    </annotation>
    <annotation annotator="Mike Bada, University of Colorado Anschutz Medical Campus" id="CL_basic_2014_02_21_Instance_14171" type="identity">
      <class id="CL_GO_EXT:cell" label="cell"/>
      <span end="31431" id="14611657-1337" start="31427">cell</span>
    </annotation>
    <annotation annotator="Mike Bada, University of Colorado Anschutz Medical Campus" id="CL_basic_2014_02_21_Instance_14173" type="identity">
      <class id="CL:0000540" label="neuron"/>
      <span end="36353" id="14611657-1339" start="36346">neurons</span>
    </annotation>
    <annotation annotator="Mike Bada, University of Colorado Anschutz Medical Campus" id="CL_basic_2014_02_21_Instance_14175" type="identity">
      <class id="CL_GO_EXT:cell" label="cell"/>
      <span end="36636" id="14611657-1341" start="36632">cell</span>
    </annotation>
    <annotation annotator="Mike Bada, University of Colorado Anschutz Medical Campus" id="CL_basic_2014_02_21_Instance_14177" type="identity">
      <class id="CL_GO_EXT:cell" label="cell"/>
      <span end="36728" id="14611657-1343" start="36723">cells</span>
    </annotation>
    <annotation annotator="Mike Bada, University of Colorado Anschutz Medical Campus" id="CL_basic_2014_02_21_Instance_14179" type="identity">
      <class id="CL:0000540" label="neuron"/>
      <span end="37052" id="14611657-1345" start="37045">neurons</span>
    </annotation>
    <annotation annotator="Mike Bada, University of Colorado Anschutz Medical Campus" id="CL_basic_2014_02_21_Instance_22415" type="identity">
      <class id="CL:0000207" label="olfactory receptor cell"/>
      <span end="37393" id="14611657-1367" start="37377">olfactory neuron</span>
    </annotation>
    <annotation annotator="Mike Bada, University of Colorado Anschutz Medical Campus" id="CL_basic_2014_02_21_Instance_14181" type="identity">
      <class id="CL:0000540" label="neuron"/>
      <span end="37433" id="14611657-1347" start="37426">neurons</span>
    </annotation>
    <annotation annotator="Mike Bada, University of Colorado Anschutz Medical Campus" id="CL_basic_2014_02_21_Instance_14183" type="identity">
      <class id="CL:0000540" label="neuron"/>
      <span end="37607" id="14611657-1349" start="37600">neurons</span>
    </annotation>
    <annotation annotator="Mike Bada, University of Colorado Anschutz Medical Campus" id="CL_basic_2014_02_21_Instance_14185" type="identity">
      <class id="CL:0000540" label="neuron"/>
      <span end="37725" id="14611657-1351" start="37718">neurons</span>
    </annotation>
    <annotation annotator="Mike Bada, University of Colorado Anschutz Medical Campus" id="CL_basic_2014_02_21_Instance_14187" type="identity">
      <class id="CL:0000540" label="neuron"/>
      <span end="37790" id="14611657-1353" start="37783">neurons</span>
    </annotation>
    <annotation annotator="Mike Bada, University of Colorado Anschutz Medical Campus" id="CL_basic_2014_02_21_Instance_22417" type="identity">
      <class id="CL:0000540" label="neuron"/>
      <span end="38448" id="14611657-1369" start="38442">neuron</span>
    </annotation>
    <annotation annotator="Mike Bada, University of Colorado Anschutz Medical Campus" id="CL_basic_2014_02_21_Instance_22419" type="identity">
      <class id="CL_GO_EXT:cell" label="cell"/>
      <span end="52357" id="14611657-1371" start="52352">cells</span>
    </annotation>
    <annotation annotator="Mike Bada, University of Colorado Anschutz Medical Campus" id="CL_basic_2014_02_21_Instance_22421" type="identity">
      <class id="CL_GO_EXT:cell" label="cell"/>
      <span end="52398" id="14611657-1373" start="52394">cell</span>
    </annotation>
    <annotation annotator="Mike Bada, University of Colorado Anschutz Medical Campus" id="CL_basic_2014_02_21_plus_nested_Instance_40029" type="identity">
      <class id="CL_GO_EXT:cell" label="cell"/>
      <span end="53151" id="14611657-1377" start="53143">cellular</span>
    </annotation>
    <annotation annotator="Mike Bada, University of Colorado Anschutz Medical Campus" id="CL_basic_2014_02_21_plus_nested_Instance_50311" type="identity">
      <class id="CL_GO_EXT:cell" label="cell"/>
      <span end="53174" id="14611657-1379" start="53166">cellular</span>
    </annotation>
    <graph-space id="Old Knowtator Relations"/>
  </document>
</knowtator-project>
