<?xml version="1.0" encoding="UTF-8" standalone="no"?>
<knowtator-project>
    <document id="14723793" text-file="14723793.txt">
        <annotation annotator="Mike Bada, University of Colorado Anschutz Medical Campus" id="CL_basic_2014_02_21_Instance_60348" type="identity">
            <class id="CL:0002608" label="hippocampal neuron"/>
            <span end="1254" id="14723793-1451" start="1235">hippocampus neurons</span>
        </annotation>
        <annotation annotator="Mike Bada, University of Colorado Anschutz Medical Campus" id="CL_basic_2014_02_21_Instance_14393" type="identity">
            <class id="CL_GO_EXT:cell" label="cell"/>
            <span end="1720" id="14723793-1383" start="1715">cells</span>
        </annotation>
        <annotation annotator="Mike Bada, University of Colorado Anschutz Medical Campus" id="CL_basic_2014_02_21_plus_nested_Instance_40038" type="identity">
            <class id="CL_GO_EXT:cell" label="cell"/>
            <span end="9459" id="14723793-1465" start="9451">cellular</span>
        </annotation>
        <annotation annotator="Mike Bada, University of Colorado Anschutz Medical Campus" id="CL_basic_2014_02_21_plus_nested_Instance_40043" type="identity">
            <class id="CL_GO_EXT:cell" label="cell"/>
            <span end="9794" id="14723793-1467" start="9786">cellular</span>
        </annotation>
        <annotation annotator="Mike Bada, University of Colorado Anschutz Medical Campus" id="CL_basic_2014_02_21_plus_nested_Instance_50580" type="identity">
            <class id="CL_GO_EXT:cell" label="cell"/>
            <span end="10965" id="14723793-1469" start="10957">cellular</span>
        </annotation>
        <annotation annotator="Mike Bada, University of Colorado Anschutz Medical Campus" id="CL_basic_2014_02_21_Instance_14395" type="identity">
            <class id="CL_GO_EXT:cell" label="cell"/>
            <span end="11959" id="14723793-1385" start="11954">cells</span>
        </annotation>
        <annotation annotator="Mike Bada, University of Colorado Anschutz Medical Campus" id="CL_basic_2014_02_21_Instance_14397" type="identity">
            <class id="CL_GO_EXT:cell" label="cell"/>
            <span end="12066" id="14723793-1387" start="12062">cell</span>
        </annotation>
        <annotation annotator="Mike Bada, University of Colorado Anschutz Medical Campus" id="CL_basic_2014_02_21_Instance_14399" type="identity">
            <class id="CL_GO_EXT:cell" label="cell"/>
            <span end="12146" id="14723793-1389" start="12142">cell</span>
        </annotation>
        <annotation annotator="Mike Bada, University of Colorado Anschutz Medical Campus" id="CL_basic_2014_02_21_Instance_14401" type="identity">
            <class id="CL_GO_EXT:cell" label="cell"/>
            <span end="12192" id="14723793-1391" start="12188">cell</span>
        </annotation>
        <annotation annotator="Mike Bada, University of Colorado Anschutz Medical Campus" id="CL_basic_2014_02_21_Instance_14403" type="identity">
            <class id="CL_GO_EXT:cell" label="cell"/>
            <span end="12252" id="14723793-1393" start="12248">cell</span>
        </annotation>
        <annotation annotator="Mike Bada, University of Colorado Anschutz Medical Campus" id="CL_basic_2014_02_21_Instance_14405" type="identity">
            <class id="CL_GO_EXT:cell" label="cell"/>
            <span end="12314" id="14723793-1395" start="12309">cells</span>
        </annotation>
        <annotation annotator="Mike Bada, University of Colorado Anschutz Medical Campus" id="CL_basic_2014_02_21_Instance_14407" type="identity">
            <class id="CL_GO_EXT:cell" label="cell"/>
            <span end="12594" id="14723793-1397" start="12589">cells</span>
        </annotation>
        <annotation annotator="Mike Bada, University of Colorado Anschutz Medical Campus" id="CL_basic_2014_02_21_plus_nested_Instance_50583" type="identity">
            <class id="CL_GO_EXT:cell" label="cell"/>
            <span end="12703" id="14723793-1471" start="12695">cellular</span>
        </annotation>
        <annotation annotator="Mike Bada, University of Colorado Anschutz Medical Campus" id="CL_basic_2014_02_21_Instance_60356" type="identity">
            <class id="CL:0002608" label="hippocampal neuron"/>
            <span end="12739" id="14723793-1453" start="12720">hippocampus neurons</span>
        </annotation>
        <annotation annotator="Mike Bada, University of Colorado Anschutz Medical Campus" id="CL_basic_2014_02_21_Instance_14411" type="identity">
            <class id="CL:0000540" label="neuron"/>
            <span end="12780" id="14723793-1399" start="12773">neurons</span>
        </annotation>
        <annotation annotator="Mike Bada, University of Colorado Anschutz Medical Campus" id="CL_basic_2014_02_21_Instance_31019" type="identity">
            <class id="CL:0002605" label="astrocyte of the cerebral cortex"/>
            <span end="12877" id="14723793-1445" start="12858">cortical astrocytes</span>
        </annotation>
        <annotation annotator="Mike Bada, University of Colorado Anschutz Medical Campus" id="CL_basic_2014_02_21_Instance_14415" type="identity">
            <class id="CL_GO_EXT:cell" label="cell"/>
            <span end="13072" id="14723793-1401" start="13068">cell</span>
        </annotation>
        <annotation annotator="Mike Bada, University of Colorado Anschutz Medical Campus" id="CL_basic_2014_02_21_Instance_14417" type="identity">
            <class id="CL_GO_EXT:cell" label="cell"/>
            <span end="13792" id="14723793-1403" start="13787">cells</span>
        </annotation>
        <annotation annotator="Mike Bada, University of Colorado Anschutz Medical Campus" id="CL_basic_2014_02_21_Instance_14419" type="identity">
            <class id="CL_GO_EXT:cell" label="cell"/>
            <span end="13896" id="14723793-1405" start="13892">cell</span>
        </annotation>
        <annotation annotator="Mike Bada, University of Colorado Anschutz Medical Campus" id="CL_basic_2014_02_21_Instance_14421" type="identity">
            <class id="CL_GO_EXT:cell" label="cell"/>
            <span end="13947" id="14723793-1407" start="13943">cell</span>
        </annotation>
        <annotation annotator="Mike Bada, University of Colorado Anschutz Medical Campus" id="CL_basic_2014_02_21_plus_nested_Instance_50588" type="identity">
            <class id="CL_GO_EXT:cell" label="cell"/>
            <span end="13979" id="14723793-1473" start="13971">cellular</span>
        </annotation>
        <annotation annotator="Mike Bada, University of Colorado Anschutz Medical Campus" id="CL_basic_2014_02_21_Instance_60368" type="identity">
            <class id="CL:0002608" label="hippocampal neuron"/>
            <span end="14024" id="14723793-1455" start="14005">hippocampus neurons</span>
        </annotation>
        <annotation annotator="Mike Bada, University of Colorado Anschutz Medical Campus" id="CL_basic_2014_02_21_Instance_14425" type="identity">
            <class id="CL:0000540" label="neuron"/>
            <span end="14076" id="14723793-1409" start="14070">neuron</span>
        </annotation>
        <annotation annotator="Mike Bada, University of Colorado Anschutz Medical Campus" id="CL_basic_2014_02_21_Instance_14427" type="identity">
            <class id="CL:0000540" label="neuron"/>
            <span end="14188" id="14723793-1411" start="14182">neuron</span>
        </annotation>
        <annotation annotator="Mike Bada, University of Colorado Anschutz Medical Campus" id="CL_basic_2014_02_21_Instance_60376" type="identity">
            <class id="CL:0002608" label="hippocampal neuron"/>
            <span end="15767" id="14723793-1457" start="15748">hippocampus neurons</span>
        </annotation>
        <annotation annotator="Mike Bada, University of Colorado Anschutz Medical Campus" id="CL_basic_2014_02_21_Instance_14431" type="identity">
            <class id="CL_GO_EXT:cell" label="cell"/>
            <span end="15877" id="14723793-1413" start="15872">cells</span>
        </annotation>
        <annotation annotator="Mike Bada, University of Colorado Anschutz Medical Campus" id="CL_basic_2014_02_21_Instance_22389" type="identity">
            <class id="CL:0000540" label="neuron"/>
            <span end="15938" id="14723793-1433" start="15924">neuronal cells</span>
        </annotation>
        <annotation annotator="Mike Bada, University of Colorado Anschutz Medical Campus" id="CL_basic_2014_02_21_Instance_14433" type="identity">
            <class id="CL_GO_EXT:cell" label="cell"/>
            <span end="16064" id="14723793-1415" start="16059">cells</span>
        </annotation>
        <annotation annotator="Mike Bada, University of Colorado Anschutz Medical Campus" id="CL_basic_2014_02_21_Instance_14435" type="identity">
            <class id="CL_GO_EXT:cell" label="cell"/>
            <span end="16205" id="14723793-1417" start="16201">cell</span>
        </annotation>
        <annotation annotator="Mike Bada, University of Colorado Anschutz Medical Campus" id="CL_basic_2014_02_21_Instance_14437" type="identity">
            <class id="CL_GO_EXT:cell" label="cell"/>
            <span end="16349" id="14723793-1419" start="16344">cells</span>
        </annotation>
        <annotation annotator="Mike Bada, University of Colorado Anschutz Medical Campus" id="CL_basic_2014_02_21_Instance_60386" type="identity">
            <class id="CL:0002608" label="hippocampal neuron"/>
            <span end="17617" id="14723793-1459" start="17598">hippocampus neurons</span>
        </annotation>
        <annotation annotator="Mike Bada, University of Colorado Anschutz Medical Campus" id="CL_basic_2014_02_21_Instance_22989" type="identity">
            <class id="CL:0000540" label="neuron"/>
            <span end="21016" id="14723793-1437" start="21003">Neuronal cell</span>
        </annotation>
        <annotation annotator="Mike Bada, University of Colorado Anschutz Medical Campus" id="CL_basic_2014_02_21_Instance_60396" type="identity">
            <class id="CL:0002608" label="hippocampal neuron"/>
            <span end="21068" id="14723793-1461" start="21050">Hippocampal neuron</span>
        </annotation>
        <annotation annotator="Mike Bada, University of Colorado Anschutz Medical Campus" id="CL_basic_2014_02_21_Instance_60404" type="identity">
            <class id="CL:0002608" label="hippocampal neuron"/>
            <span end="21419" id="14723793-1463" start="21400">hippocampal neurons</span>
        </annotation>
        <annotation annotator="Mike Bada, University of Colorado Anschutz Medical Campus" id="CL_basic_2014_02_21_Instance_31028" type="identity">
            <class id="CL:0002605" label="astrocyte of the cerebral cortex"/>
            <span end="21514" id="14723793-1447" start="21495">cortical astrocytes</span>
        </annotation>
        <annotation annotator="Mike Bada, University of Colorado Anschutz Medical Campus" id="CL_basic_2014_02_21_Instance_14447" type="identity">
            <class id="CL:0000540" label="neuron"/>
            <span end="21555" id="14723793-1421" start="21548">neurons</span>
        </annotation>
        <annotation annotator="Mike Bada, University of Colorado Anschutz Medical Campus" id="CL_basic_2014_02_21_Instance_31034" type="identity">
            <class id="CL:0002605" label="astrocyte of the cerebral cortex"/>
            <span end="21639" id="14723793-1449" start="21620">Cortical astrocytes</span>
        </annotation>
        <annotation annotator="Mike Bada, University of Colorado Anschutz Medical Campus" id="CL_basic_2014_02_21_Instance_14451" type="identity">
            <class id="CL_GO_EXT:cell" label="cell"/>
            <span end="21782" id="14723793-1423" start="21777">cells</span>
        </annotation>
        <annotation annotator="Mike Bada, University of Colorado Anschutz Medical Campus" id="CL_basic_2014_02_21_Instance_22515" type="identity">
            <class id="CL_GO_EXT:cell" label="cell"/>
            <span end="21921" id="14723793-1435" start="21913">cellular</span>
        </annotation>
        <annotation annotator="Mike Bada, University of Colorado Anschutz Medical Campus" id="CL_basic_2014_02_21_Instance_14453" type="identity">
            <class id="CL_GO_EXT:cell" label="cell"/>
            <span end="21939" id="14723793-1425" start="21934">cells</span>
        </annotation>
        <annotation annotator="Mike Bada, University of Colorado Anschutz Medical Campus" id="CL_basic_2014_02_21_Instance_22991" type="identity">
            <class id="CL:0000540" label="neuron"/>
            <span end="22009" id="14723793-1439" start="21995">neuronal cells</span>
        </annotation>
        <annotation annotator="Mike Bada, University of Colorado Anschutz Medical Campus" id="CL_basic_2014_02_21_Instance_14455" type="identity">
            <class id="CL_GO_EXT:cell" label="cell"/>
            <span end="22242" id="14723793-1427" start="22237">cells</span>
        </annotation>
        <annotation annotator="Mike Bada, University of Colorado Anschutz Medical Campus" id="CL_basic_2014_02_21_Instance_14457" type="identity">
            <class id="CL_GO_EXT:cell" label="cell"/>
            <span end="22482" id="14723793-1429" start="22477">cells</span>
        </annotation>
        <annotation annotator="Mike Bada, University of Colorado Anschutz Medical Campus" id="CL_basic_2014_02_21_Instance_22999" type="identity">
            <class id="CL:0000540" label="neuron"/>
            <span end="22706" id="14723793-1441" start="22692">neuronal cells</span>
        </annotation>
        <annotation annotator="Mike Bada, University of Colorado Anschutz Medical Campus" id="CL_basic_2014_02_21_Instance_14459" type="identity">
            <class id="CL_GO_EXT:cell" label="cell"/>
            <span end="22800" id="14723793-1431" start="22795">cells</span>
        </annotation>
        <annotation annotator="Mike Bada, University of Colorado Anschutz Medical Campus" id="CL_basic_2014_02_21_Instance_23001" type="identity">
            <class id="CL:0000540" label="neuron"/>
            <span end="23498" id="14723793-1443" start="23484">neuronal cells</span>
        </annotation>
        <graph-space id="Old Knowtator Relations"/>
    </document>
</knowtator-project>
