<?xml version="1.0" encoding="UTF-8" standalone="no"?>
<knowtator-project>
  <document id="15005800" text-file="15005800.txt">
    <annotation annotator="Mike Bada, University of Colorado Anschutz Medical Campus" id="CL_basic_2014_02_21_Instance_11993" type="identity">
      <class id="CL_GO_EXT:cell" label="cell"/>
      <span end="1148" id="15005800-1596" start="1144">cell</span>
    </annotation>
    <annotation annotator="Mike Bada, University of Colorado Anschutz Medical Campus" id="CL_basic_2014_02_21_core+extensions+nested_Instance_20290" type="identity">
      <class id="CL:0002062" label="type I pneumocyte"/>
      <span end="1197" id="15005800-1577" start="1191">type I</span>
      <span end="1229" id="15005800-1578" start="1225">AECs</span>
    </annotation>
    <annotation annotator="Mike Bada, University of Colorado Anschutz Medical Campus" id="CL_basic_2014_02_21_Instance_31087" type="identity">
      <class id="CL:0002062" label="type I pneumocyte"/>
      <span end="1223" id="15005800-1715" start="1191">type I alveolar epithelial cells</span>
    </annotation>
    <annotation annotator="Mike Bada, University of Colorado Anschutz Medical Campus" id="CL_basic_2014_02_21_Instance_31091" type="identity">
      <class id="CL:0002063" label="type II pneumocyte"/>
      <span end="1331" id="15005800-1717" start="1319">type II AECs</span>
    </annotation>
    <annotation annotator="Mike Bada, University of Colorado Anschutz Medical Campus" id="CL_basic_2014_02_21_Instance_31093" type="identity">
      <class id="CL:0002062" label="type I pneumocyte"/>
      <span end="2053" id="15005800-1719" start="2042">type I AECs</span>
    </annotation>
    <annotation annotator="Mike Bada, University of Colorado Anschutz Medical Campus" id="CL_basic_2014_02_21_Instance_11997" type="identity">
      <class id="CL_GO_EXT:cell" label="cell"/>
      <span end="2449" id="15005800-1598" start="2444">cells</span>
    </annotation>
    <annotation annotator="Mike Bada, University of Colorado Anschutz Medical Campus" id="CL_basic_2014_02_21_Instance_11999" type="identity">
      <class id="CL_GO_EXT:cell" label="cell"/>
      <span end="5211" id="15005800-1600" start="5203">cellular</span>
    </annotation>
    <annotation annotator="Mike Bada, University of Colorado Anschutz Medical Campus" id="CL_basic_2014_02_21_Instance_12003" type="identity">
      <class id="CL:0000066" label="epithelial cell"/>
      <span end="6176" id="15005800-1604" start="6166">epithelial</span>
      <span end="6197" id="15005800-1605" start="6192">cells</span>
    </annotation>
    <annotation annotator="Mike Bada, University of Colorado Anschutz Medical Campus" id="CL_basic_2014_02_21_Instance_12001" type="identity">
      <class id="CL:0000134" label="mesenchymal cell"/>
      <span end="6197" id="15005800-1602" start="6181">mesenchyme cells</span>
    </annotation>
    <annotation annotator="Mike Bada, University of Colorado Anschutz Medical Campus" id="CL_basic_2014_02_21_Instance_31095" type="identity">
      <class id="CL:0000010" label="cultured cell"/>
      <span end="6580" id="15005800-1721" start="6572">cultured</span>
      <span end="6596" id="15005800-1722" start="6591">cells</span>
    </annotation>
    <annotation annotator="Mike Bada, University of Colorado Anschutz Medical Campus" id="CL_basic_2014_02_21_core+extensions+nested_Instance_20292" type="identity">
      <class id="CL:0002063" label="type II pneumocyte"/>
      <span end="7036" id="15005800-1580" start="7029">type II</span>
      <span end="7068" id="15005800-1581" start="7064">AECs</span>
    </annotation>
    <annotation annotator="Mike Bada, University of Colorado Anschutz Medical Campus" id="CL_basic_2014_02_21_Instance_31097" type="identity">
      <class id="CL:0002063" label="type II pneumocyte"/>
      <span end="7062" id="15005800-1724" start="7029">type II alveolar epithelial cells</span>
    </annotation>
    <annotation annotator="Mike Bada, University of Colorado Anschutz Medical Campus" id="CL_basic_2014_02_21_Instance_31101" type="identity">
      <class id="CL:0002062" label="type I pneumocyte"/>
      <span end="7120" id="15005800-1726" start="7109">type I AECs</span>
    </annotation>
    <annotation annotator="Mike Bada, University of Colorado Anschutz Medical Campus" id="CL_basic_2014_02_21_Instance_31103" type="identity">
      <class id="CL:0002062" label="type I pneumocyte"/>
      <span end="7297" id="15005800-1728" start="7286">type I AECs</span>
    </annotation>
    <annotation annotator="Mike Bada, University of Colorado Anschutz Medical Campus" id="CL_basic_2014_02_21_Instance_12115" type="identity">
      <class id="CL_GO_EXT:cell" label="cell"/>
      <span end="14877" id="15005800-1695" start="14873">cell</span>
    </annotation>
    <annotation annotator="Mike Bada, University of Colorado Anschutz Medical Campus" id="CL_basic_2014_02_21_Instance_12009" type="identity">
      <class id="CL_GO_EXT:cell" label="cell"/>
      <span end="15006" id="15005800-1607" start="15002">cell</span>
    </annotation>
    <annotation annotator="Mike Bada, University of Colorado Anschutz Medical Campus" id="CL_basic_2014_02_21_Instance_12011" type="identity">
      <class id="CL_GO_EXT:cell" label="cell"/>
      <span end="15037" id="15005800-1609" start="15033">cell</span>
    </annotation>
    <annotation annotator="Mike Bada, University of Colorado Anschutz Medical Campus" id="CL_basic_2014_02_21_Instance_12013" type="identity">
      <class id="CL_GO_EXT:cell" label="cell"/>
      <span end="15049" id="15005800-1611" start="15045">Cell</span>
    </annotation>
    <annotation annotator="Mike Bada, University of Colorado Anschutz Medical Campus" id="CL_basic_2014_02_21_Instance_12015" type="identity">
      <class id="CL_GO_EXT:cell" label="cell"/>
      <span end="15615" id="15005800-1613" start="15611">cell</span>
    </annotation>
    <annotation annotator="Mike Bada, University of Colorado Anschutz Medical Campus" id="CL_basic_2014_02_21_Instance_12017" type="identity">
      <class id="CL_GO_EXT:cell" label="cell"/>
      <span end="15836" id="15005800-1615" start="15832">cell</span>
    </annotation>
    <annotation annotator="Mike Bada, University of Colorado Anschutz Medical Campus" id="CL_basic_2014_02_21_Instance_12019" type="identity">
      <class id="CL_GO_EXT:cell" label="cell"/>
      <span end="15985" id="15005800-1617" start="15981">cell</span>
    </annotation>
    <annotation annotator="Mike Bada, University of Colorado Anschutz Medical Campus" id="CL_basic_2014_02_21_Instance_12021" type="identity">
      <class id="CL_GO_EXT:cell" label="cell"/>
      <span end="16066" id="15005800-1619" start="16062">cell</span>
    </annotation>
    <annotation annotator="Mike Bada, University of Colorado Anschutz Medical Campus" id="CL_basic_2014_02_21_Instance_12023" type="identity">
      <class id="CL_GO_EXT:cell" label="cell"/>
      <span end="16107" id="15005800-1621" start="16103">cell</span>
    </annotation>
    <annotation annotator="Mike Bada, University of Colorado Anschutz Medical Campus" id="CL_basic_2014_02_21_Instance_12025" type="identity">
      <class id="CL_GO_EXT:cell" label="cell"/>
      <span end="16127" id="15005800-1623" start="16123">cell</span>
    </annotation>
    <annotation annotator="Mike Bada, University of Colorado Anschutz Medical Campus" id="CL_basic_2014_02_21_Instance_12027" type="identity">
      <class id="CL_GO_EXT:cell" label="cell"/>
      <span end="16145" id="15005800-1625" start="16141">cell</span>
    </annotation>
    <annotation annotator="Mike Bada, University of Colorado Anschutz Medical Campus" id="CL_basic_2014_02_21_Instance_12029" type="identity">
      <class id="CL_GO_EXT:cell" label="cell"/>
      <span end="16157" id="15005800-1627" start="16153">Cell</span>
    </annotation>
    <annotation annotator="Mike Bada, University of Colorado Anschutz Medical Campus" id="CL_basic_2014_02_21_Instance_12031" type="identity">
      <class id="CL_GO_EXT:cell" label="cell"/>
      <span end="16234" id="15005800-1629" start="16230">cell</span>
    </annotation>
    <annotation annotator="Mike Bada, University of Colorado Anschutz Medical Campus" id="CL_basic_2014_02_21_Instance_12033" type="identity">
      <class id="CL_GO_EXT:cell" label="cell"/>
      <span end="16281" id="15005800-1631" start="16277">cell</span>
    </annotation>
    <annotation annotator="Mike Bada, University of Colorado Anschutz Medical Campus" id="CL_basic_2014_02_21_plus_nested_Instance_28" type="identity">
      <class id="CL_GO_EXT:cell" label="cell"/>
      <span end="16431" id="15005800-1795" start="16426">cells</span>
    </annotation>
    <annotation annotator="Mike Bada, University of Colorado Anschutz Medical Campus" id="CL_basic_2014_02_21_Instance_12117" type="identity">
      <class id="CL_GO_EXT:cell" label="cell"/>
      <span end="16617" id="15005800-1697" start="16612">cells</span>
    </annotation>
    <annotation annotator="Mike Bada, University of Colorado Anschutz Medical Campus" id="CL_basic_2014_02_21_Instance_12039" type="identity">
      <class id="CL_GO_EXT:cell" label="cell"/>
      <span end="17136" id="15005800-1633" start="17131">cells</span>
    </annotation>
    <annotation annotator="Mike Bada, University of Colorado Anschutz Medical Campus" id="CL_basic_2014_02_21_Instance_12041" type="identity">
      <class id="CL_GO_EXT:cell" label="cell"/>
      <span end="17233" id="15005800-1635" start="17228">cells</span>
    </annotation>
    <annotation annotator="Mike Bada, University of Colorado Anschutz Medical Campus" id="CL_basic_2014_02_21_Instance_31172" type="identity">
      <class id="CL:0002063" label="type II pneumocyte"/>
      <span end="20633" id="15005800-1793" start="20621">type II AECs</span>
    </annotation>
    <annotation annotator="Mike Bada, University of Colorado Anschutz Medical Campus" id="CL_basic_2014_02_21_core+extensions+nested_Instance_20294" type="identity">
      <class id="CL:0002062" label="type I pneumocyte"/>
      <span end="21094" id="15005800-1583" start="21088">type I</span>
      <span end="21126" id="15005800-1584" start="21122">AECs</span>
    </annotation>
    <annotation annotator="Mike Bada, University of Colorado Anschutz Medical Campus" id="CL_basic_2014_02_21_Instance_31105" type="identity">
      <class id="CL:0002062" label="type I pneumocyte"/>
      <span end="21120" id="15005800-1730" start="21088">type I alveolar epithelial cells</span>
    </annotation>
    <annotation annotator="Mike Bada, University of Colorado Anschutz Medical Campus" id="CL_basic_2014_02_21_Instance_31109" type="identity">
      <class id="CL:0002062" label="type I pneumocyte"/>
      <span end="21234" id="15005800-1732" start="21223">type I AECs</span>
    </annotation>
    <annotation annotator="Mike Bada, University of Colorado Anschutz Medical Campus" id="CL_basic_2014_02_21_Instance_31111" type="identity">
      <class id="CL:0002063" label="type II pneumocyte"/>
      <span end="21251" id="15005800-1734" start="21243">cuboidal</span>
      <span end="21285" id="15005800-1735" start="21273">type II AECs</span>
    </annotation>
    <annotation annotator="Mike Bada, University of Colorado Anschutz Medical Campus" id="CL_basic_2014_02_21_Instance_31113" type="identity">
      <class id="CL:0002062" label="type I pneumocyte"/>
      <span end="21492" id="15005800-1737" start="21486">type I</span>
    </annotation>
    <annotation annotator="Mike Bada, University of Colorado Anschutz Medical Campus" id="CL_basic_2014_02_21_core+extensions+nested_Instance_20296" type="identity">
      <class id="CL_GO_EXT:cell" label="cell"/>
      <span end="21503" id="15005800-1586" start="21498">cells</span>
    </annotation>
    <annotation annotator="Mike Bada, University of Colorado Anschutz Medical Campus" id="CL_basic_2014_02_21_Instance_31115" type="identity">
      <class id="CL:0002062" label="type I pneumocyte"/>
      <span end="21625" id="15005800-1739" start="21614">type I AECs</span>
    </annotation>
    <annotation annotator="Mike Bada, University of Colorado Anschutz Medical Campus" id="CL_basic_2014_02_21_Instance_31117" type="identity">
      <class id="CL:0002062" label="type I pneumocyte"/>
      <span end="21744" id="15005800-1741" start="21728">lung type I AECs</span>
    </annotation>
    <annotation annotator="Mike Bada, University of Colorado Anschutz Medical Campus" id="CL_basic_2014_02_21_Instance_31119" type="identity">
      <class id="CL:0002062" label="type I pneumocyte"/>
      <span end="21828" id="15005800-1743" start="21818">type I AEC</span>
    </annotation>
    <annotation annotator="Mike Bada, University of Colorado Anschutz Medical Campus" id="CL_basic_2014_02_21_Instance_31121" type="identity">
      <class id="CL:0002321" label="embryonic cell"/>
      <span end="22039" id="15005800-1745" start="22030">embryonic</span>
      <span end="22056" id="15005800-1746" start="22051">cells</span>
    </annotation>
    <annotation annotator="Mike Bada, University of Colorado Anschutz Medical Campus" id="CL_basic_2014_02_21_Instance_12047" type="identity">
      <class id="CL:0000066" label="epithelial cell"/>
      <span end="22056" id="15005800-1637" start="22040">epithelial cells</span>
    </annotation>
    <annotation annotator="Mike Bada, University of Colorado Anschutz Medical Campus" id="CL_basic_2014_02_21_Instance_31123" type="identity">
      <class id="CL:0002062" label="type I pneumocyte"/>
      <span end="22216" id="15005800-1748" start="22205">type I AECs</span>
    </annotation>
    <annotation annotator="Mike Bada, University of Colorado Anschutz Medical Campus" id="CL_basic_2014_02_21_Instance_26289" type="identity">
      <class id="CL_GO_EXT:cell" label="cell"/>
      <span end="22422" id="15005800-1709" start="22417">cells</span>
    </annotation>
    <annotation annotator="Mike Bada, University of Colorado Anschutz Medical Campus" id="CL_basic_2014_02_21_Instance_31125" type="identity">
      <class id="CL:0002062" label="type I pneumocyte"/>
      <span end="22475" id="15005800-1750" start="22464">type I AECs</span>
    </annotation>
    <annotation annotator="Mike Bada, University of Colorado Anschutz Medical Campus" id="CL_basic_2014_02_21_Instance_31127" type="identity">
      <class id="CL:0002062" label="type I pneumocyte"/>
      <span end="22557" id="15005800-1752" start="22546">type I AECs</span>
    </annotation>
    <annotation annotator="Mike Bada, University of Colorado Anschutz Medical Campus" id="CL_basic_2014_02_21_Instance_31137" type="identity">
      <class id="CL:0002062" label="type I pneumocyte"/>
      <span end="22663" id="15005800-1757" start="22657">type I</span>
      <span end="22702" id="15005800-1758" start="22686">epithelial cells</span>
    </annotation>
    <annotation annotator="Mike Bada, University of Colorado Anschutz Medical Campus" id="CL_basic_2014_02_21_core+extensions+nested_Instance_20300" type="identity">
      <class id="CL:0002062" label="type I pneumocyte"/>
      <span end="22667" id="15005800-1588" start="22665">t1</span>
      <span end="22702" id="15005800-1589" start="22686">epithelial cells</span>
    </annotation>
    <annotation annotator="Mike Bada, University of Colorado Anschutz Medical Campus" id="CL_basic_2014_02_21_Instance_31133" type="identity">
      <class id="CL:0002063" label="type II pneumocyte"/>
      <span end="22680" id="15005800-1754" start="22673">type II</span>
      <span end="22702" id="15005800-1755" start="22686">epithelial cells</span>
    </annotation>
    <annotation annotator="Mike Bada, University of Colorado Anschutz Medical Campus" id="CL_basic_2014_02_21_core+extensions+nested_Instance_20302" type="identity">
      <class id="CL:0002063" label="type II pneumocyte"/>
      <span end="22684" id="15005800-1591" start="22682">t2</span>
      <span end="22702" id="15005800-1592" start="22686">epithelial cells</span>
    </annotation>
    <annotation annotator="Mike Bada, University of Colorado Anschutz Medical Campus" id="CL_basic_2014_02_21_Instance_26291" type="identity">
      <class id="CL:0000066" label="epithelial cell"/>
      <span end="22827" id="15005800-1711" start="22811">epithelial cells</span>
    </annotation>
    <annotation annotator="Mike Bada, University of Colorado Anschutz Medical Campus" id="CL_basic_2014_02_21_Instance_31139" type="identity">
      <class id="CL:0002062" label="type I pneumocyte"/>
      <span end="22967" id="15005800-1760" start="22956">type I cell</span>
    </annotation>
    <annotation annotator="Mike Bada, University of Colorado Anschutz Medical Campus" id="CL_basic_2014_02_21_plus_nested_Instance_52" type="identity">
      <class id="CL:0000066" label="epithelial cell"/>
      <span end="23046" id="15005800-1797" start="23030">epithelial cells</span>
    </annotation>
    <annotation annotator="Mike Bada, University of Colorado Anschutz Medical Campus" id="CL_basic_2014_02_21_Instance_11335" type="identity">
      <class id="CL:0000066" label="epithelial cell"/>
      <span end="23295" id="15005800-1594" start="23279">epithelial cells</span>
    </annotation>
    <annotation annotator="Mike Bada, University of Colorado Anschutz Medical Campus" id="CL_basic_2014_02_21_plus_nested_Instance_58" type="identity">
      <class id="CL:0000066" label="epithelial cell"/>
      <span end="23344" id="15005800-1799" start="23328">epithelial cells</span>
    </annotation>
    <annotation annotator="Mike Bada, University of Colorado Anschutz Medical Campus" id="CL_basic_2014_02_21_Instance_12055" type="identity">
      <class id="CL:0000066" label="epithelial cell"/>
      <span end="23465" id="15005800-1639" start="23449">epithelial cells</span>
    </annotation>
    <annotation annotator="Mike Bada, University of Colorado Anschutz Medical Campus" id="CL_basic_2014_02_21_Instance_12059" type="identity">
      <class id="CL:0000066" label="epithelial cell"/>
      <span end="23607" id="15005800-1641" start="23591">epithelial cells</span>
    </annotation>
    <annotation annotator="Mike Bada, University of Colorado Anschutz Medical Campus" id="CL_basic_2014_02_21_Instance_26293" type="identity">
      <class id="CL_GO_EXT:cell" label="cell"/>
      <span end="23723" id="15005800-1713" start="23718">cells</span>
    </annotation>
    <annotation annotator="Mike Bada, University of Colorado Anschutz Medical Campus" id="CL_basic_2014_02_21_Instance_31141" type="identity">
      <class id="CL:0010003" label="epithelial cell of alveolus of lung"/>
      <span end="24166" id="15005800-1762" start="24162">AECs</span>
    </annotation>
    <annotation annotator="Mike Bada, University of Colorado Anschutz Medical Campus" id="CL_basic_2014_02_21_Instance_12061" type="identity">
      <class id="CL:0000233" label="platelet"/>
      <span end="24480" id="15005800-1643" start="24472">platelet</span>
    </annotation>
    <annotation annotator="Mike Bada, University of Colorado Anschutz Medical Campus" id="CL_basic_2014_02_21_Instance_12063" type="identity">
      <class id="CL:0000115" label="endothelial cell"/>
      <span end="24497" id="15005800-1645" start="24481">endothelial cell</span>
    </annotation>
    <annotation annotator="Mike Bada, University of Colorado Anschutz Medical Campus" id="CL_basic_2014_02_21_Instance_31146" type="identity">
      <class id="CL:0002062" label="type I pneumocyte"/>
      <span end="24766" id="15005800-1766" start="24755">type I AECs</span>
    </annotation>
    <annotation annotator="Mike Bada, University of Colorado Anschutz Medical Campus" id="CL_basic_2014_02_21_Instance_31144" type="identity">
      <class id="CL:0002063" label="type II pneumocyte"/>
      <span end="24824" id="15005800-1764" start="24812">type II AECs</span>
    </annotation>
    <annotation annotator="Mike Bada, University of Colorado Anschutz Medical Campus" id="CL_basic_2014_02_21_Instance_31148" type="identity">
      <class id="CL:0002062" label="type I pneumocyte"/>
      <span end="25398" id="15005800-1768" start="25387">type I AECs</span>
    </annotation>
    <annotation annotator="Mike Bada, University of Colorado Anschutz Medical Campus" id="CL_basic_2014_02_21_Instance_12065" type="identity">
      <class id="CL_GO_EXT:cell" label="cell"/>
      <span end="25617" id="15005800-1647" start="25612">cells</span>
    </annotation>
    <annotation annotator="Mike Bada, University of Colorado Anschutz Medical Campus" id="CL_basic_2014_02_21_Instance_12067" type="identity">
      <class id="CL:0000066" label="epithelial cell"/>
      <span end="25753" id="15005800-1649" start="25737">epithelial cells</span>
    </annotation>
    <annotation annotator="Mike Bada, University of Colorado Anschutz Medical Campus" id="CL_basic_2014_02_21_Instance_12069" type="identity">
      <class id="CL:0000066" label="epithelial cell"/>
      <span end="27080" id="15005800-1651" start="27064">epithelial cells</span>
    </annotation>
    <annotation annotator="Mike Bada, University of Colorado Anschutz Medical Campus" id="CL_basic_2014_02_21_Instance_12119" type="identity">
      <class id="CL:0000066" label="epithelial cell"/>
      <span end="27393" id="15005800-1699" start="27377">epithelial cells</span>
    </annotation>
    <annotation annotator="Mike Bada, University of Colorado Anschutz Medical Campus" id="CL_basic_2014_02_21_Instance_12607" type="identity">
      <class id="CL:0000066" label="epithelial cell"/>
      <span end="28203" id="15005800-1705" start="28187">epithelial cells</span>
    </annotation>
    <annotation annotator="Mike Bada, University of Colorado Anschutz Medical Campus" id="CL_basic_2014_02_21_Instance_12609" type="identity">
      <class id="CL:0000066" label="epithelial cell"/>
      <span end="29311" id="15005800-1707" start="29295">epithelial cells</span>
    </annotation>
    <annotation annotator="Mike Bada, University of Colorado Anschutz Medical Campus" id="CL_basic_2014_02_21_Instance_12071" type="identity">
      <class id="CL:0000066" label="epithelial cell"/>
      <span end="29421" id="15005800-1653" start="29405">epithelial cells</span>
    </annotation>
    <annotation annotator="Mike Bada, University of Colorado Anschutz Medical Campus" id="CL_basic_2014_02_21_Instance_12073" type="identity">
      <class id="CL:0000082" label="epithelial cell of lung"/>
      <span end="29537" id="15005800-1655" start="29516">lung epithelial cells</span>
    </annotation>
    <annotation annotator="Mike Bada, University of Colorado Anschutz Medical Campus" id="CL_basic_2014_02_21_Instance_12075" type="identity">
      <class id="CL:0000066" label="epithelial cell"/>
      <span end="29938" id="15005800-1657" start="29922">epithelial cells</span>
    </annotation>
    <annotation annotator="Mike Bada, University of Colorado Anschutz Medical Campus" id="CL_basic_2014_02_21_Instance_12077" type="identity">
      <class id="CL:0000082" label="epithelial cell of lung"/>
      <span end="30567" id="15005800-1659" start="30547">lung epithelial cell</span>
    </annotation>
    <annotation annotator="Mike Bada, University of Colorado Anschutz Medical Campus" id="CL_basic_2014_02_21_Instance_12079" type="identity">
      <class id="CL_GO_EXT:cell" label="cell"/>
      <span end="31620" id="15005800-1661" start="31615">cells</span>
    </annotation>
    <annotation annotator="Mike Bada, University of Colorado Anschutz Medical Campus" id="CL_basic_2014_02_21_Instance_12081" type="identity">
      <class id="CL_GO_EXT:cell" label="cell"/>
      <span end="32036" id="15005800-1663" start="32031">cells</span>
    </annotation>
    <annotation annotator="Mike Bada, University of Colorado Anschutz Medical Campus" id="CL_basic_2014_02_21_Instance_12083" type="identity">
      <class id="CL_GO_EXT:cell" label="cell"/>
      <span end="33015" id="15005800-1665" start="33010">cells</span>
    </annotation>
    <annotation annotator="Mike Bada, University of Colorado Anschutz Medical Campus" id="CL_basic_2014_02_21_Instance_12085" type="identity">
      <class id="CL_GO_EXT:cell" label="cell"/>
      <span end="33165" id="15005800-1667" start="33160">cells</span>
    </annotation>
    <annotation annotator="Mike Bada, University of Colorado Anschutz Medical Campus" id="CL_basic_2014_02_21_Instance_12087" type="identity">
      <class id="CL_GO_EXT:cell" label="cell"/>
      <span end="33379" id="15005800-1669" start="33374">cells</span>
    </annotation>
    <annotation annotator="Mike Bada, University of Colorado Anschutz Medical Campus" id="CL_basic_2014_02_21_Instance_12089" type="identity">
      <class id="CL_GO_EXT:cell" label="cell"/>
      <span end="33443" id="15005800-1671" start="33438">cells</span>
    </annotation>
    <annotation annotator="Mike Bada, University of Colorado Anschutz Medical Campus" id="CL_basic_2014_02_21_Instance_31150" type="identity">
      <class id="CL:0002062" label="type I pneumocyte"/>
      <span end="34936" id="15005800-1770" start="34925">type I AECs</span>
    </annotation>
    <annotation annotator="Mike Bada, University of Colorado Anschutz Medical Campus" id="CL_basic_2014_02_21_Instance_31152" type="identity">
      <class id="CL:0002063" label="type II pneumocyte"/>
      <span end="35282" id="15005800-1772" start="35270">type II AECs</span>
    </annotation>
    <annotation annotator="Mike Bada, University of Colorado Anschutz Medical Campus" id="CL_basic_2014_02_21_Instance_31154" type="identity">
      <class id="CL:0002062" label="type I pneumocyte"/>
      <span end="35332" id="15005800-1774" start="35321">type I AECs</span>
    </annotation>
    <annotation annotator="Mike Bada, University of Colorado Anschutz Medical Campus" id="CL_basic_2014_02_21_Instance_31156" type="identity">
      <class id="CL:0002062" label="type I pneumocyte"/>
      <span end="35584" id="15005800-1776" start="35573">type I AECs</span>
    </annotation>
    <annotation annotator="Mike Bada, University of Colorado Anschutz Medical Campus" id="CL_basic_2014_02_21_Instance_31158" type="identity">
      <class id="CL:0002063" label="type II pneumocyte"/>
      <span end="35605" id="15005800-1778" start="35593">type II AECs</span>
    </annotation>
    <annotation annotator="Mike Bada, University of Colorado Anschutz Medical Campus" id="CL_basic_2014_02_21_Instance_31160" type="identity">
      <class id="CL:0002062" label="type I pneumocyte"/>
      <span end="35692" id="15005800-1780" start="35680">type I cells</span>
    </annotation>
    <annotation annotator="Mike Bada, University of Colorado Anschutz Medical Campus" id="CL_basic_2014_02_21_Instance_31162" type="identity">
      <class id="CL:0002062" label="type I pneumocyte"/>
      <span end="35744" id="15005800-1782" start="35733">type I AECs</span>
    </annotation>
    <annotation annotator="Mike Bada, University of Colorado Anschutz Medical Campus" id="CL_basic_2014_02_21_Instance_31164" type="identity">
      <class id="CL:0010003" label="epithelial cell of alveolus of lung"/>
      <span end="35901" id="15005800-1784" start="35897">AECs</span>
    </annotation>
    <annotation annotator="Mike Bada, University of Colorado Anschutz Medical Campus" id="CL_basic_2014_02_21_Instance_31166" type="identity">
      <class id="CL:0002063" label="type II pneumocyte"/>
      <span end="35997" id="15005800-1786" start="35985">type II AECs</span>
    </annotation>
    <annotation annotator="Mike Bada, University of Colorado Anschutz Medical Campus" id="CL_basic_2014_02_21_Instance_12121" type="identity">
      <class id="CL_GO_EXT:cell" label="cell"/>
      <span end="37167" id="15005800-1701" start="37163">Cell</span>
    </annotation>
    <annotation annotator="Mike Bada, University of Colorado Anschutz Medical Campus" id="CL_basic_2014_02_21_Instance_12093" type="identity">
      <class id="CL_GO_EXT:cell" label="cell"/>
      <span end="37269" id="15005800-1673" start="37265">cell</span>
    </annotation>
    <annotation annotator="Mike Bada, University of Colorado Anschutz Medical Campus" id="CL_basic_2014_02_21_Instance_12095" type="identity">
      <class id="CL_GO_EXT:cell" label="cell"/>
      <span end="37406" id="15005800-1675" start="37402">cell</span>
    </annotation>
    <annotation annotator="Mike Bada, University of Colorado Anschutz Medical Campus" id="CL_basic_2014_02_21_Instance_12097" type="identity">
      <class id="CL_GO_EXT:cell" label="cell"/>
      <span end="37464" id="15005800-1677" start="37460">cell</span>
    </annotation>
    <annotation annotator="Mike Bada, University of Colorado Anschutz Medical Campus" id="CL_basic_2014_02_21_Instance_12099" type="identity">
      <class id="CL:0000057" label="fibroblast"/>
      <span end="40794" id="15005800-1679" start="40783">fibroblasts</span>
    </annotation>
    <annotation annotator="Mike Bada, University of Colorado Anschutz Medical Campus" id="CL_basic_2014_02_21_Instance_12101" type="identity">
      <class id="CL_GO_EXT:cell" label="cell"/>
      <span end="41089" id="15005800-1681" start="41084">cells</span>
    </annotation>
    <annotation annotator="Mike Bada, University of Colorado Anschutz Medical Campus" id="CL_basic_2014_02_21_Instance_31168" type="identity">
      <class id="CL:0002062" label="type I pneumocyte"/>
      <span end="42182" id="15005800-1788" start="42176">type I</span>
      <span end="42203" id="15005800-1789" start="42199">AECs</span>
    </annotation>
    <annotation annotator="Mike Bada, University of Colorado Anschutz Medical Campus" id="CL_basic_2014_02_21_Instance_31170" type="identity">
      <class id="CL:0002063" label="type II pneumocyte"/>
      <span end="42203" id="15005800-1791" start="42191">type II AECs</span>
    </annotation>
    <annotation annotator="Mike Bada, University of Colorado Anschutz Medical Campus" id="CL_basic_2014_02_21_Instance_12103" type="identity">
      <class id="CL_GO_EXT:cell" label="cell"/>
      <span end="46326" id="15005800-1683" start="46322">cell</span>
    </annotation>
    <annotation annotator="Mike Bada, University of Colorado Anschutz Medical Campus" id="CL_basic_2014_02_21_Instance_12105" type="identity">
      <class id="CL_GO_EXT:cell" label="cell"/>
      <span end="46372" id="15005800-1685" start="46368">cell</span>
    </annotation>
    <annotation annotator="Mike Bada, University of Colorado Anschutz Medical Campus" id="CL_basic_2014_02_21_Instance_12107" type="identity">
      <class id="CL_GO_EXT:cell" label="cell"/>
      <span end="46435" id="15005800-1687" start="46431">cell</span>
    </annotation>
    <annotation annotator="Mike Bada, University of Colorado Anschutz Medical Campus" id="CL_basic_2014_02_21_Instance_12109" type="identity">
      <class id="CL_GO_EXT:cell" label="cell"/>
      <span end="47104" id="15005800-1689" start="47100">Cell</span>
    </annotation>
    <annotation annotator="Mike Bada, University of Colorado Anschutz Medical Campus" id="CL_basic_2014_02_21_Instance_12111" type="identity">
      <class id="CL_GO_EXT:cell" label="cell"/>
      <span end="47242" id="15005800-1691" start="47238">Cell</span>
    </annotation>
    <annotation annotator="Mike Bada, University of Colorado Anschutz Medical Campus" id="CL_basic_2014_02_21_Instance_12113" type="identity">
      <class id="CL_GO_EXT:cell" label="cell"/>
      <span end="48016" id="15005800-1693" start="48011">cells</span>
    </annotation>
    <annotation annotator="Mike Bada, University of Colorado Anschutz Medical Campus" id="CL_basic_2014_02_21_Instance_12123" type="identity">
      <class id="CL_GO_EXT:cell" label="cell"/>
      <span end="48564" id="15005800-1703" start="48559">cells</span>
    </annotation>
    <graph-space id="Old Knowtator Relations"/>
  </document>
</knowtator-project>
