<?xml version="1.0" encoding="UTF-8" standalone="no"?>
<knowtator-project>
    <document id="15630473" text-file="15630473.txt">
        <annotation annotator="Mike Bada, University of Colorado Anschutz Medical Campus" id="CL_basic_2014_02_21_Instance_15789" type="identity">
            <class id="CL_GO_EXT:cell" label="cell"/>
            <span end="138" id="15630473-4104" start="133">cells</span>
        </annotation>
        <annotation annotator="Mike Bada, University of Colorado Anschutz Medical Campus" id="CL_basic_2014_02_21_Instance_15791" type="identity">
            <class id="CL:0000312" label="keratinocyte"/>
            <span end="351" id="15630473-4106" start="338">keratinocytes</span>
        </annotation>
        <annotation annotator="Mike Bada, University of Colorado Anschutz Medical Campus" id="CL_basic_2014_02_21_plus_nested_Instance_50352" type="identity">
            <class id="CL_GO_EXT:cell" label="cell"/>
            <span end="406" id="15630473-4406" start="398">cellular</span>
        </annotation>
        <annotation annotator="Mike Bada, University of Colorado Anschutz Medical Campus" id="CL_basic_2014_02_21_Instance_15793" type="identity">
            <class id="CL_GO_EXT:cell" label="cell"/>
            <span end="494" id="15630473-4108" start="489">cells</span>
        </annotation>
        <annotation annotator="Mike Bada, University of Colorado Anschutz Medical Campus" id="CL_basic_2014_02_21_plus_nested_Instance_50495" type="identity">
            <class id="CL_GO_EXT:cell" label="cell"/>
            <span end="804" id="15630473-4414" start="796">cellular</span>
        </annotation>
        <annotation annotator="Mike Bada, University of Colorado Anschutz Medical Campus" id="CL_basic_2014_02_21_Instance_15795" type="identity">
            <class id="CL_GO_EXT:cell" label="cell"/>
            <span end="952" id="15630473-4110" start="948">cell</span>
            <span end="1086" id="15630473-4111" start="1081">cells</span>
        </annotation>
        <annotation annotator="Mike Bada, University of Colorado Anschutz Medical Campus" id="CL_basic_2014_02_21_Instance_13355" type="identity">
            <class id="CL_GO_EXT:cell" label="cell"/>
            <span end="957" id="15630473-4102" start="953">cell</span>
        </annotation>
        <annotation annotator="Mike Bada, University of Colorado Anschutz Medical Campus" id="CL_basic_2014_02_21_Instance_15799" type="identity">
            <class id="CL_GO_EXT:cell" label="cell"/>
            <span end="1557" id="15630473-4113" start="1552">cells</span>
        </annotation>
        <annotation annotator="Mike Bada, University of Colorado Anschutz Medical Campus" id="CL_basic_2014_02_21_Instance_15801" type="identity">
            <class id="CL:0000066" label="epithelial cell"/>
            <span end="1739" id="15630473-4115" start="1723">epithelial cells</span>
        </annotation>
        <annotation annotator="Mike Bada, University of Colorado Anschutz Medical Campus" id="CL_basic_2014_02_21_Instance_15803" type="identity">
            <class id="CL:0000057" label="fibroblast"/>
            <span end="2208" id="15630473-4117" start="2198">fibroblast</span>
        </annotation>
        <annotation annotator="Mike Bada, University of Colorado Anschutz Medical Campus" id="CL_basic_2014_02_21_Instance_21689" type="identity">
            <class id="CL_GO_EXT:cell" label="cell"/>
            <span end="2258" id="15630473-4299" start="2254">cell</span>
        </annotation>
        <annotation annotator="Mike Bada, University of Colorado Anschutz Medical Campus" id="CL_basic_2014_02_21_plus_nested_Instance_40067" type="identity">
            <class id="CL_GO_EXT:cell" label="cell"/>
            <span end="2369" id="15630473-4404" start="2361">cellular</span>
        </annotation>
        <annotation annotator="Mike Bada, University of Colorado Anschutz Medical Campus" id="CL_basic_2014_02_21_Instance_15805" type="identity">
            <class id="CL_GO_EXT:cell" label="cell"/>
            <span end="2833" id="15630473-4119" start="2829">cell</span>
        </annotation>
        <annotation annotator="Mike Bada, University of Colorado Anschutz Medical Campus" id="CL_basic_2014_02_21_Instance_15807" type="identity">
            <class id="CL_GO_EXT:cell" label="cell"/>
            <span end="2959" id="15630473-4121" start="2954">cells</span>
        </annotation>
        <annotation annotator="Mike Bada, University of Colorado Anschutz Medical Campus" id="CL_basic_2014_02_21_Instance_15809" type="identity">
            <class id="CL_GO_EXT:cell" label="cell"/>
            <span end="3108" id="15630473-4123" start="3103">cells</span>
        </annotation>
        <annotation annotator="Mike Bada, University of Colorado Anschutz Medical Campus" id="CL_basic_2014_02_21_plus_nested_Instance_50357" type="identity">
            <class id="CL_GO_EXT:cell" label="cell"/>
            <span end="3191" id="15630473-4408" start="3183">cellular</span>
        </annotation>
        <annotation annotator="Mike Bada, University of Colorado Anschutz Medical Campus" id="CL_basic_2014_02_21_Instance_15811" type="identity">
            <class id="CL_GO_EXT:cell" label="cell"/>
            <span end="3302" id="15630473-4125" start="3298">cell</span>
        </annotation>
        <annotation annotator="Mike Bada, University of Colorado Anschutz Medical Campus" id="CL_basic_2014_02_21_Instance_15813" type="identity">
            <class id="CL_GO_EXT:cell" label="cell"/>
            <span end="3398" id="15630473-4127" start="3394">cell</span>
        </annotation>
        <annotation annotator="Mike Bada, University of Colorado Anschutz Medical Campus" id="CL_basic_2014_02_21_Instance_15815" type="identity">
            <class id="CL:0000221" label="ectodermal cell"/>
            <span end="3599" id="15630473-4129" start="3583">ectodermal cells</span>
        </annotation>
        <annotation annotator="Mike Bada, University of Colorado Anschutz Medical Campus" id="CL_basic_2014_02_21_Instance_15817" type="identity">
            <class id="CL:0000134" label="mesenchymal cell"/>
            <span end="3650" id="15630473-4131" start="3633">mesenchymal cells</span>
        </annotation>
        <annotation annotator="Mike Bada, University of Colorado Anschutz Medical Campus" id="CL_basic_2014_02_21_Instance_15819" type="identity">
            <class id="CL:0000066" label="epithelial cell"/>
            <span end="3839" id="15630473-4133" start="3823">epithelial cells</span>
        </annotation>
        <annotation annotator="Mike Bada, University of Colorado Anschutz Medical Campus" id="CL_basic_2014_02_21_Instance_15821" type="identity">
            <class id="CL:0000134" label="mesenchymal cell"/>
            <span end="3903" id="15630473-4135" start="3886">mesenchymal cells</span>
        </annotation>
        <annotation annotator="Mike Bada, University of Colorado Anschutz Medical Campus" id="CL_basic_2014_02_21_Instance_70262" type="identity">
            <class id="CL_UBERON_EXT:lymphocyte_or_lymphoid_progenitor_or_system_or_tissue" label="lymphocyte, lymphoid progenitor, or lymphoid system or tissue"/>
            <span end="4409" id="15630473-4400" start="4401">lymphoid</span>
        </annotation>
        <annotation annotator="Mike Bada, University of Colorado Anschutz Medical Campus" id="CL_basic_2014_02_21_plus_nested_Instance_50500" type="identity">
            <class id="CL_GO_EXT:cell" label="cell"/>
            <span end="4751" id="15630473-4416" start="4743">cellular</span>
        </annotation>
        <annotation annotator="Mike Bada, University of Colorado Anschutz Medical Campus" id="CL_basic_2014_02_21_Instance_15823" type="identity">
            <class id="CL_GO_EXT:cell" label="cell"/>
            <span end="5111" id="15630473-4137" start="5107">cell</span>
        </annotation>
        <annotation annotator="Mike Bada, University of Colorado Anschutz Medical Campus" id="CL_basic_2014_02_21_Instance_21859" type="identity">
            <class id="CL_GO_EXT:cell" label="cell"/>
            <span end="5116" id="15630473-4307" start="5112">cell</span>
        </annotation>
        <annotation annotator="Mike Bada, University of Colorado Anschutz Medical Campus" id="CL_basic_2014_02_21_Instance_15825" type="identity">
            <class id="CL:0000066" label="epithelial cell"/>
            <span end="6377" id="15630473-4139" start="6361">epithelial cells</span>
        </annotation>
        <annotation annotator="Mike Bada, University of Colorado Anschutz Medical Campus" id="CL_basic_2014_02_21_Instance_11399" type="identity">
            <class id="CL:0000219" label="motile cell"/>
            <span end="6389" id="15630473-4097" start="6383">motile</span>
            <span end="6407" id="15630473-4098" start="6402">cells</span>
        </annotation>
        <annotation annotator="Mike Bada, University of Colorado Anschutz Medical Campus" id="CL_basic_2014_02_21_Instance_15827" type="identity">
            <class id="CL:0000134" label="mesenchymal cell"/>
            <span end="6407" id="15630473-4141" start="6390">mesenchymal cells</span>
        </annotation>
        <annotation annotator="Mike Bada, University of Colorado Anschutz Medical Campus" id="CL_basic_2014_02_21_Instance_15829" type="identity">
            <class id="CL:0000312" label="keratinocyte"/>
            <span end="7614" id="15630473-4143" start="7601">keratinocytes</span>
        </annotation>
        <annotation annotator="Mike Bada, University of Colorado Anschutz Medical Campus" id="CL_basic_2014_02_21_Instance_15831" type="identity">
            <class id="CL_GO_EXT:cell" label="cell"/>
            <span end="8082" id="15630473-4145" start="8078">cell</span>
        </annotation>
        <annotation annotator="Mike Bada, University of Colorado Anschutz Medical Campus" id="CL_basic_2014_02_21_plus_nested_Instance_50504" type="identity">
            <class id="CL_GO_EXT:cell" label="cell"/>
            <span end="8492" id="15630473-4418" start="8484">cellular</span>
        </annotation>
        <annotation annotator="Mike Bada, University of Colorado Anschutz Medical Campus" id="CL_basic_2014_02_21_Instance_15833" type="identity">
            <class id="CL:0000312" label="keratinocyte"/>
            <span end="8845" id="15630473-4147" start="8832">keratinocytes</span>
        </annotation>
        <annotation annotator="Mike Bada, University of Colorado Anschutz Medical Campus" id="CL_basic_2014_02_21_Instance_15835" type="identity">
            <class id="CL:0000312" label="keratinocyte"/>
            <span end="10488" id="15630473-4149" start="10475">keratinocytes</span>
        </annotation>
        <annotation annotator="Mike Bada, University of Colorado Anschutz Medical Campus" id="CL_basic_2014_02_21_Instance_15837" type="identity">
            <class id="CL:0000312" label="keratinocyte"/>
            <span end="10553" id="15630473-4151" start="10540">keratinocytes</span>
        </annotation>
        <annotation annotator="Mike Bada, University of Colorado Anschutz Medical Campus" id="CL_basic_2014_02_21_Instance_15839" type="identity">
            <class id="CL:0000221" label="ectodermal cell"/>
            <span end="11186" id="15630473-4153" start="11178">cells of</span>
            <span end="11209" id="15630473-4154" start="11201">ectoderm</span>
        </annotation>
        <annotation annotator="Mike Bada, University of Colorado Anschutz Medical Campus" id="CL_basic_2014_02_21_Instance_40296" type="identity">
            <class id="CL:0002559" label="hair follicle cell"/>
            <span end="11224" id="15630473-4387" start="11215">hair cell</span>
        </annotation>
        <annotation annotator="Mike Bada, University of Colorado Anschutz Medical Campus" id="CL_basic_2014_02_21_Instance_15843" type="identity">
            <class id="CL:0000312" label="keratinocyte"/>
            <span end="11576" id="15630473-4156" start="11563">keratinocytes</span>
        </annotation>
        <annotation annotator="Mike Bada, University of Colorado Anschutz Medical Campus" id="CL_basic_2014_02_21_Instance_15845" type="identity">
            <class id="CL_GO_EXT:cell" label="cell"/>
            <span end="11870" id="15630473-4158" start="11865">cells</span>
        </annotation>
        <annotation annotator="Mike Bada, University of Colorado Anschutz Medical Campus" id="CL_basic_2014_02_21_Instance_15847" type="identity">
            <class id="CL_GO_EXT:cell" label="cell"/>
            <span end="12660" id="15630473-4160" start="12655">cells</span>
        </annotation>
        <annotation annotator="Mike Bada, University of Colorado Anschutz Medical Campus" id="CL_basic_2014_02_21_Instance_15849" type="identity">
            <class id="CL_GO_EXT:cell" label="cell"/>
            <span end="12686" id="15630473-4162" start="12681">cells</span>
        </annotation>
        <annotation annotator="Mike Bada, University of Colorado Anschutz Medical Campus" id="CL_basic_2014_02_21_Instance_15851" type="identity">
            <class id="CL_GO_EXT:cell" label="cell"/>
            <span end="13662" id="15630473-4164" start="13658">cell</span>
        </annotation>
        <annotation annotator="Mike Bada, University of Colorado Anschutz Medical Campus" id="CL_basic_2014_02_21_Instance_15853" type="identity">
            <class id="CL_GO_EXT:cell" label="cell"/>
            <span end="14541" id="15630473-4166" start="14536">cells</span>
        </annotation>
        <annotation annotator="Mike Bada, University of Colorado Anschutz Medical Campus" id="CL_basic_2014_02_21_Instance_15855" type="identity">
            <class id="CL_GO_EXT:cell" label="cell"/>
            <span end="14610" id="15630473-4168" start="14605">cells</span>
        </annotation>
        <annotation annotator="Mike Bada, University of Colorado Anschutz Medical Campus" id="CL_basic_2014_02_21_Instance_40298" type="identity">
            <class id="CL:0002187" label="basal cell of epidermis"/>
            <span end="16052" id="15630473-4389" start="16031">basal epidermal cells</span>
        </annotation>
        <annotation annotator="Mike Bada, University of Colorado Anschutz Medical Campus" id="CL_basic_2014_02_21_Instance_15859" type="identity">
            <class id="CL_GO_EXT:cell" label="cell"/>
            <span end="17290" id="15630473-4170" start="17286">cell</span>
        </annotation>
        <annotation annotator="Mike Bada, University of Colorado Anschutz Medical Campus" id="CL_basic_2014_02_21_Instance_21857" type="identity">
            <class id="CL_GO_EXT:cell" label="cell"/>
            <span end="17295" id="15630473-4305" start="17291">cell</span>
        </annotation>
        <annotation annotator="Mike Bada, University of Colorado Anschutz Medical Campus" id="CL_basic_2014_02_21_Instance_15861" type="identity">
            <class id="CL:0000312" label="keratinocyte"/>
            <span end="18212" id="15630473-4172" start="18199">keratinocytes</span>
        </annotation>
        <annotation annotator="Mike Bada, University of Colorado Anschutz Medical Campus" id="CL_basic_2014_02_21_Instance_15863" type="identity">
            <class id="CL:0000312" label="keratinocyte"/>
            <span end="18274" id="15630473-4174" start="18261">keratinocytes</span>
        </annotation>
        <annotation annotator="Mike Bada, University of Colorado Anschutz Medical Campus" id="CL_basic_2014_02_21_Instance_15865" type="identity">
            <class id="CL_GO_EXT:cell" label="cell"/>
            <span end="18354" id="15630473-4176" start="18350">cell</span>
        </annotation>
        <annotation annotator="Mike Bada, University of Colorado Anschutz Medical Campus" id="CL_basic_2014_02_21_Instance_21861" type="identity">
            <class id="CL_GO_EXT:cell" label="cell"/>
            <span end="18359" id="15630473-4309" start="18355">cell</span>
        </annotation>
        <annotation annotator="Mike Bada, University of Colorado Anschutz Medical Campus" id="CL_basic_2014_02_21_Instance_15867" type="identity">
            <class id="CL_GO_EXT:cell" label="cell"/>
            <span end="18437" id="15630473-4178" start="18433">cell</span>
        </annotation>
        <annotation annotator="Mike Bada, University of Colorado Anschutz Medical Campus" id="CL_basic_2014_02_21_Instance_21863" type="identity">
            <class id="CL_GO_EXT:cell" label="cell"/>
            <span end="18442" id="15630473-4311" start="18438">cell</span>
        </annotation>
        <annotation annotator="Mike Bada, University of Colorado Anschutz Medical Campus" id="CL_basic_2014_02_21_Instance_15869" type="identity">
            <class id="CL_GO_EXT:cell" label="cell"/>
            <span end="18511" id="15630473-4180" start="18507">cell</span>
        </annotation>
        <annotation annotator="Mike Bada, University of Colorado Anschutz Medical Campus" id="CL_basic_2014_02_21_Instance_21865" type="identity">
            <class id="CL_GO_EXT:cell" label="cell"/>
            <span end="18516" id="15630473-4313" start="18512">cell</span>
        </annotation>
        <annotation annotator="Mike Bada, University of Colorado Anschutz Medical Campus" id="CL_basic_2014_02_21_plus_nested_Instance_50509" type="identity">
            <class id="CL_GO_EXT:cell" label="cell"/>
            <span end="18947" id="15630473-4420" start="18939">cellular</span>
        </annotation>
        <annotation annotator="Mike Bada, University of Colorado Anschutz Medical Campus" id="CL_basic_2014_02_21_Instance_15871" type="identity">
            <class id="CL_GO_EXT:cell" label="cell"/>
            <span end="19180" id="15630473-4182" start="19176">cell</span>
        </annotation>
        <annotation annotator="Mike Bada, University of Colorado Anschutz Medical Campus" id="CL_basic_2014_02_21_Instance_21867" type="identity">
            <class id="CL_GO_EXT:cell" label="cell"/>
            <span end="19185" id="15630473-4315" start="19181">cell</span>
        </annotation>
        <annotation annotator="Mike Bada, University of Colorado Anschutz Medical Campus" id="CL_basic_2014_02_21_plus_nested_Instance_50514" type="identity">
            <class id="CL_GO_EXT:cell" label="cell"/>
            <span end="19229" id="15630473-4422" start="19221">cellular</span>
        </annotation>
        <annotation annotator="Mike Bada, University of Colorado Anschutz Medical Campus" id="CL_basic_2014_02_21_Instance_15873" type="identity">
            <class id="CL:0000312" label="keratinocyte"/>
            <span end="19718" id="15630473-4184" start="19705">keratinocytes</span>
        </annotation>
        <annotation annotator="Mike Bada, University of Colorado Anschutz Medical Campus" id="CL_basic_2014_02_21_Instance_15875" type="identity">
            <class id="CL_GO_EXT:cell" label="cell"/>
            <span end="19810" id="15630473-4186" start="19805">cells</span>
        </annotation>
        <annotation annotator="Mike Bada, University of Colorado Anschutz Medical Campus" id="CL_basic_2014_02_21_Instance_15877" type="identity">
            <class id="CL:0000084" label="T cell"/>
            <span end="20291" id="15630473-4188" start="20285">T cell</span>
        </annotation>
        <annotation annotator="Mike Bada, University of Colorado Anschutz Medical Campus" id="CL_basic_2014_02_21_Instance_15879" type="identity">
            <class id="CL:0000312" label="keratinocyte"/>
            <span end="22074" id="15630473-4190" start="22062">keratinocyte</span>
        </annotation>
        <annotation annotator="Mike Bada, University of Colorado Anschutz Medical Campus" id="CL_basic_2014_02_21_Instance_15881" type="identity">
            <class id="CL:0000312" label="keratinocyte"/>
            <span end="22215" id="15630473-4192" start="22202">keratinocytes</span>
        </annotation>
        <annotation annotator="Mike Bada, University of Colorado Anschutz Medical Campus" id="CL_basic_2014_02_21_Instance_15883" type="identity">
            <class id="CL:0000312" label="keratinocyte"/>
            <span end="22257" id="15630473-4194" start="22244">keratinocytes</span>
        </annotation>
        <annotation annotator="Mike Bada, University of Colorado Anschutz Medical Campus" id="CL_basic_2014_02_21_Instance_15885" type="identity">
            <class id="CL_GO_EXT:cell" label="cell"/>
            <span end="22488" id="15630473-4196" start="22483">cells</span>
        </annotation>
        <annotation annotator="Mike Bada, University of Colorado Anschutz Medical Campus" id="CL_basic_2014_02_21_Instance_15887" type="identity">
            <class id="CL:0000312" label="keratinocyte"/>
            <span end="22790" id="15630473-4198" start="22777">keratinocytes</span>
        </annotation>
        <annotation annotator="Mike Bada, University of Colorado Anschutz Medical Campus" id="CL_basic_2014_02_21_plus_nested_Instance_50361" type="identity">
            <class id="CL_GO_EXT:cell" label="cell"/>
            <span end="23776" id="15630473-4410" start="23768">cellular</span>
        </annotation>
        <annotation annotator="Mike Bada, University of Colorado Anschutz Medical Campus" id="CL_basic_2014_02_21_Instance_15889" type="identity">
            <class id="CL_GO_EXT:cell" label="cell"/>
            <span end="23811" id="15630473-4200" start="23807">cell</span>
        </annotation>
        <annotation annotator="Mike Bada, University of Colorado Anschutz Medical Campus" id="CL_basic_2014_02_21_Instance_15891" type="identity">
            <class id="CL:0000312" label="keratinocyte"/>
            <span end="24033" id="15630473-4202" start="24020">keratinocytes</span>
        </annotation>
        <annotation annotator="Mike Bada, University of Colorado Anschutz Medical Campus" id="CL_basic_2014_02_21_Instance_15893" type="identity">
            <class id="CL_GO_EXT:cell" label="cell"/>
            <span end="24195" id="15630473-4204" start="24191">cell</span>
        </annotation>
        <annotation annotator="Mike Bada, University of Colorado Anschutz Medical Campus" id="CL_basic_2014_02_21_Instance_15895" type="identity">
            <class id="CL:0000312" label="keratinocyte"/>
            <span end="24297" id="15630473-4206" start="24284">keratinocytes</span>
        </annotation>
        <annotation annotator="Mike Bada, University of Colorado Anschutz Medical Campus" id="CL_basic_2014_02_21_Instance_15897" type="identity">
            <class id="CL:0000312" label="keratinocyte"/>
            <span end="24818" id="15630473-4208" start="24805">keratinocytes</span>
        </annotation>
        <annotation annotator="Mike Bada, University of Colorado Anschutz Medical Campus" id="CL_basic_2014_02_21_Instance_15899" type="identity">
            <class id="CL:0000182" label="hepatocyte"/>
            <span end="24888" id="15630473-4210" start="24877">hepatocytes</span>
        </annotation>
        <annotation annotator="Mike Bada, University of Colorado Anschutz Medical Campus" id="CL_basic_2014_02_21_Instance_15901" type="identity">
            <class id="CL:0000312" label="keratinocyte"/>
            <span end="24925" id="15630473-4212" start="24912">keratinocytes</span>
        </annotation>
        <annotation annotator="Mike Bada, University of Colorado Anschutz Medical Campus" id="CL_basic_2014_02_21_Instance_15903" type="identity">
            <class id="CL:0000312" label="keratinocyte"/>
            <span end="24964" id="15630473-4214" start="24952">keratinocyte</span>
        </annotation>
        <annotation annotator="Mike Bada, University of Colorado Anschutz Medical Campus" id="CL_basic_2014_02_21_Instance_15905" type="identity">
            <class id="CL:0000312" label="keratinocyte"/>
            <span end="25339" id="15630473-4216" start="25326">keratinocytes</span>
        </annotation>
        <annotation annotator="Mike Bada, University of Colorado Anschutz Medical Campus" id="CL_basic_2014_02_21_Instance_15907" type="identity">
            <class id="CL_GO_EXT:cell" label="cell"/>
            <span end="25411" id="15630473-4218" start="25407">cell</span>
        </annotation>
        <annotation annotator="Mike Bada, University of Colorado Anschutz Medical Campus" id="CL_basic_2014_02_21_Instance_15909" type="identity">
            <class id="CL_GO_EXT:cell" label="cell"/>
            <span end="25473" id="15630473-4220" start="25468">cells</span>
        </annotation>
        <annotation annotator="Mike Bada, University of Colorado Anschutz Medical Campus" id="CL_basic_2014_02_21_Instance_15911" type="identity">
            <class id="CL:0000312" label="keratinocyte"/>
            <span end="25494" id="15630473-4222" start="25481">keratinocytes</span>
        </annotation>
        <annotation annotator="Mike Bada, University of Colorado Anschutz Medical Campus" id="CL_basic_2014_02_21_Instance_15913" type="identity">
            <class id="CL:0000066" label="epithelial cell"/>
            <span end="25602" id="15630473-4224" start="25586">epithelial cells</span>
        </annotation>
        <annotation annotator="Mike Bada, University of Colorado Anschutz Medical Campus" id="CL_basic_2014_02_21_Instance_15915" type="identity">
            <class id="CL:0000312" label="keratinocyte"/>
            <span end="25670" id="15630473-4226" start="25657">keratinocytes</span>
        </annotation>
        <annotation annotator="Mike Bada, University of Colorado Anschutz Medical Campus" id="CL_basic_2014_02_21_Instance_15917" type="identity">
            <class id="CL:0000312" label="keratinocyte"/>
            <span end="26589" id="15630473-4228" start="26576">keratinocytes</span>
        </annotation>
        <annotation annotator="Mike Bada, University of Colorado Anschutz Medical Campus" id="CL_basic_2014_02_21_Instance_15919" type="identity">
            <class id="CL:0000312" label="keratinocyte"/>
            <span end="26919" id="15630473-4230" start="26906">keratinocytes</span>
        </annotation>
        <annotation annotator="Mike Bada, University of Colorado Anschutz Medical Campus" id="CL_basic_2014_02_21_Instance_15921" type="identity">
            <class id="CL:0000312" label="keratinocyte"/>
            <span end="27396" id="15630473-4232" start="27383">keratinocytes</span>
        </annotation>
        <annotation annotator="Mike Bada, University of Colorado Anschutz Medical Campus" id="CL_basic_2014_02_21_Instance_15923" type="identity">
            <class id="CL:0000312" label="keratinocyte"/>
            <span end="27834" id="15630473-4234" start="27821">keratinocytes</span>
        </annotation>
        <annotation annotator="Mike Bada, University of Colorado Anschutz Medical Campus" id="CL_basic_2014_02_21_Instance_15925" type="identity">
            <class id="CL:0000312" label="keratinocyte"/>
            <span end="28101" id="15630473-4236" start="28088">keratinocytes</span>
        </annotation>
        <annotation annotator="Mike Bada, University of Colorado Anschutz Medical Campus" id="CL_basic_2014_02_21_Instance_21943" type="identity">
            <class id="CL:0000312" label="keratinocyte"/>
            <span end="30464" id="15630473-4381" start="30452">keratinocyte</span>
        </annotation>
        <annotation annotator="Mike Bada, University of Colorado Anschutz Medical Campus" id="CL_basic_2014_02_21_plus_nested_Instance_50366" type="identity">
            <class id="CL_GO_EXT:cell" label="cell"/>
            <span end="31270" id="15630473-4412" start="31262">cellular</span>
        </annotation>
        <annotation annotator="Mike Bada, University of Colorado Anschutz Medical Campus" id="CL_basic_2014_02_21_Instance_15927" type="identity">
            <class id="CL_GO_EXT:cell" label="cell"/>
            <span end="32179" id="15630473-4238" start="32174">cells</span>
        </annotation>
        <annotation annotator="Mike Bada, University of Colorado Anschutz Medical Campus" id="CL_basic_2014_02_21_Instance_15929" type="identity">
            <class id="CL_GO_EXT:cell" label="cell"/>
            <span end="32489" id="15630473-4240" start="32484">cells</span>
        </annotation>
        <annotation annotator="Mike Bada, University of Colorado Anschutz Medical Campus" id="CL_basic_2014_02_21_Instance_21869" type="identity">
            <class id="CL_GO_EXT:cell" label="cell"/>
            <span end="32574" id="15630473-4317" start="32566">cellular</span>
        </annotation>
        <annotation annotator="Mike Bada, University of Colorado Anschutz Medical Campus" id="CL_basic_2014_02_21_Instance_15931" type="identity">
            <class id="CL:0000312" label="keratinocyte"/>
            <span end="34234" id="15630473-4242" start="34221">keratinocytes</span>
        </annotation>
        <annotation annotator="Mike Bada, University of Colorado Anschutz Medical Campus" id="CL_basic_2014_02_21_Instance_15933" type="identity">
            <class id="CL_GO_EXT:cell" label="cell"/>
            <span end="34248" id="15630473-4244" start="34244">cell</span>
        </annotation>
        <annotation annotator="Mike Bada, University of Colorado Anschutz Medical Campus" id="CL_basic_2014_02_21_Instance_15935" type="identity">
            <class id="CL:0000312" label="keratinocyte"/>
            <span end="35151" id="15630473-4246" start="35138">keratinocytes</span>
        </annotation>
        <annotation annotator="Mike Bada, University of Colorado Anschutz Medical Campus" id="CL_basic_2014_02_21_Instance_40309" type="identity">
            <class id="CL_GO_EXT:cell" label="cell"/>
            <span end="35694" id="15630473-4391" start="35690">cell</span>
        </annotation>
        <annotation annotator="Mike Bada, University of Colorado Anschutz Medical Campus" id="CL_basic_2014_02_21_Instance_15939" type="identity">
            <class id="CL:0000312" label="keratinocyte"/>
            <span end="35787" id="15630473-4248" start="35774">keratinocytes</span>
        </annotation>
        <annotation annotator="Mike Bada, University of Colorado Anschutz Medical Campus" id="CL_basic_2014_02_21_Instance_15941" type="identity">
            <class id="CL_GO_EXT:cell" label="cell"/>
            <span end="37479" id="15630473-4250" start="37474">cells</span>
        </annotation>
        <annotation annotator="Mike Bada, University of Colorado Anschutz Medical Campus" id="CL_basic_2014_02_21_Instance_15943" type="identity">
            <class id="CL_GO_EXT:cell" label="cell"/>
            <span end="38314" id="15630473-4252" start="38309">cells</span>
        </annotation>
        <annotation annotator="Mike Bada, University of Colorado Anschutz Medical Campus" id="CL_basic_2014_02_21_Instance_15945" type="identity">
            <class id="CL:0000312" label="keratinocyte"/>
            <span end="38724" id="15630473-4254" start="38711">keratinocytes</span>
        </annotation>
        <annotation annotator="Mike Bada, University of Colorado Anschutz Medical Campus" id="CL_basic_2014_02_21_Instance_15947" type="identity">
            <class id="CL:0000312" label="keratinocyte"/>
            <span end="38839" id="15630473-4256" start="38826">keratinocytes</span>
        </annotation>
        <annotation annotator="Mike Bada, University of Colorado Anschutz Medical Campus" id="CL_basic_2014_02_21_Instance_15949" type="identity">
            <class id="CL_GO_EXT:cell" label="cell"/>
            <span end="40151" id="15630473-4258" start="40146">cells</span>
        </annotation>
        <annotation annotator="Mike Bada, University of Colorado Anschutz Medical Campus" id="CL_basic_2014_02_21_plus_nested_Instance_50635" type="identity">
            <class id="CL_GO_EXT:cell" label="cell"/>
            <span end="40282" id="15630473-4428" start="40274">cellular</span>
        </annotation>
        <annotation annotator="Mike Bada, University of Colorado Anschutz Medical Campus" id="CL_basic_2014_02_21_Instance_15951" type="identity">
            <class id="CL:0000312" label="keratinocyte"/>
            <span end="40513" id="15630473-4260" start="40500">keratinocytes</span>
        </annotation>
        <annotation annotator="Mike Bada, University of Colorado Anschutz Medical Campus" id="CL_basic_2014_02_21_Instance_15953" type="identity">
            <class id="CL:0000312" label="keratinocyte"/>
            <span end="40692" id="15630473-4262" start="40679">keratinocytes</span>
        </annotation>
        <annotation annotator="Mike Bada, University of Colorado Anschutz Medical Campus" id="CL_basic_2014_02_21_Instance_15955" type="identity">
            <class id="CL:0000312" label="keratinocyte"/>
            <span end="40784" id="15630473-4264" start="40771">keratinocytes</span>
        </annotation>
        <annotation annotator="Mike Bada, University of Colorado Anschutz Medical Campus" id="CL_basic_2014_02_21_Instance_15957" type="identity">
            <class id="CL:0000066" label="epithelial cell"/>
            <span end="41019" id="15630473-4266" start="41009">epithelial</span>
            <span end="41067" id="15630473-4267" start="41063">cell</span>
        </annotation>
        <annotation annotator="Mike Bada, University of Colorado Anschutz Medical Campus" id="CL_basic_2014_02_21_Instance_15959" type="identity">
            <class id="CL_GO_EXT:cell" label="cell"/>
            <span end="41109" id="15630473-4269" start="41105">cell</span>
        </annotation>
        <annotation annotator="Mike Bada, University of Colorado Anschutz Medical Campus" id="CL_basic_2014_02_21_Instance_15961" type="identity">
            <class id="CL_GO_EXT:cell" label="cell"/>
            <span end="41438" id="15630473-4271" start="41434">cell</span>
        </annotation>
        <annotation annotator="Mike Bada, University of Colorado Anschutz Medical Campus" id="CL_basic_2014_02_21_Instance_15963" type="identity">
            <class id="CL_GO_EXT:cell" label="cell"/>
            <span end="41611" id="15630473-4273" start="41607">cell</span>
        </annotation>
        <annotation annotator="Mike Bada, University of Colorado Anschutz Medical Campus" id="CL_basic_2014_02_21_Instance_15965" type="identity">
            <class id="CL_GO_EXT:cell" label="cell"/>
            <span end="42222" id="15630473-4275" start="42218">cell</span>
        </annotation>
        <annotation annotator="Mike Bada, University of Colorado Anschutz Medical Campus" id="CL_basic_2014_02_21_plus_nested_Instance_50519" type="identity">
            <class id="CL_GO_EXT:cell" label="cell"/>
            <span end="42318" id="15630473-4424" start="42310">cellular</span>
        </annotation>
        <annotation annotator="Mike Bada, University of Colorado Anschutz Medical Campus" id="CL_basic_2014_02_21_Instance_15967" type="identity">
            <class id="CL_GO_EXT:cell" label="cell"/>
            <span end="43154" id="15630473-4277" start="43150">Cell</span>
        </annotation>
        <annotation annotator="Mike Bada, University of Colorado Anschutz Medical Campus" id="CL_basic_2014_02_21_Instance_15969" type="identity">
            <class id="CL:0000312" label="keratinocyte"/>
            <span end="44930" id="15630473-4279" start="44917">keratinocytes</span>
        </annotation>
        <annotation annotator="Mike Bada, University of Colorado Anschutz Medical Campus" id="CL_basic_2014_02_21_Instance_15971" type="identity">
            <class id="CL_GO_EXT:cell" label="cell"/>
            <span end="44968" id="15630473-4281" start="44963">cells</span>
        </annotation>
        <annotation annotator="Mike Bada, University of Colorado Anschutz Medical Campus" id="CL_basic_2014_02_21_Instance_15973" type="identity">
            <class id="CL_GO_EXT:cell" label="cell"/>
            <span end="45507" id="15630473-4283" start="45503">cell</span>
        </annotation>
        <annotation annotator="Mike Bada, University of Colorado Anschutz Medical Campus" id="CL_basic_2014_02_21_Instance_15975" type="identity">
            <class id="CL_GO_EXT:cell" label="cell"/>
            <span end="46361" id="15630473-4285" start="46357">Cell</span>
        </annotation>
        <annotation annotator="Mike Bada, University of Colorado Anschutz Medical Campus" id="CL_basic_2014_02_21_Instance_15977" type="identity">
            <class id="CL:0000312" label="keratinocyte"/>
            <span end="46392" id="15630473-4287" start="46379">keratinocytes</span>
        </annotation>
        <annotation annotator="Mike Bada, University of Colorado Anschutz Medical Campus" id="CL_basic_2014_02_21_Instance_15979" type="identity">
            <class id="CL_GO_EXT:cell" label="cell"/>
            <span end="46916" id="15630473-4289" start="46911">cells</span>
        </annotation>
        <annotation annotator="Mike Bada, University of Colorado Anschutz Medical Campus" id="CL_basic_2014_02_21_Instance_15981" type="identity">
            <class id="CL:0000312" label="keratinocyte"/>
            <span end="47187" id="15630473-4291" start="47174">keratinocytes</span>
        </annotation>
        <annotation annotator="Mike Bada, University of Colorado Anschutz Medical Campus" id="CL_basic_2014_02_21_Instance_15983" type="identity">
            <class id="CL_GO_EXT:cell" label="cell"/>
            <span end="47243" id="15630473-4293" start="47238">cells</span>
        </annotation>
        <annotation annotator="Mike Bada, University of Colorado Anschutz Medical Campus" id="CL_basic_2014_02_21_Instance_15985" type="identity">
            <class id="CL_GO_EXT:cell" label="cell"/>
            <span end="47301" id="15630473-4295" start="47296">cells</span>
        </annotation>
        <annotation annotator="Mike Bada, University of Colorado Anschutz Medical Campus" id="CL_basic_2014_02_21_Instance_15987" type="identity">
            <class id="CL:0000312" label="keratinocyte"/>
            <span end="50305" id="15630473-4297" start="50292">keratinocytes</span>
        </annotation>
        <annotation annotator="Mike Bada, University of Colorado Anschutz Medical Campus" id="CL_basic_2014_02_21_Instance_21871" type="identity">
            <class id="CL:0000057" label="fibroblast"/>
            <span end="51662" id="15630473-4319" start="51652">fibroblast</span>
        </annotation>
        <annotation annotator="Mike Bada, University of Colorado Anschutz Medical Campus" id="CL_basic_2014_02_21_Instance_70264" type="identity">
            <class id="CL_UBERON_EXT:lymphocyte_or_lymphoid_progenitor_or_system_or_tissue" label="lymphocyte, lymphoid progenitor, or lymphoid system or tissue"/>
            <span end="51808" id="15630473-4402" start="51800">lymphoid</span>
        </annotation>
        <annotation annotator="Mike Bada, University of Colorado Anschutz Medical Campus" id="CL_basic_2014_02_21_Instance_21873" type="identity">
            <class id="CL:0000084" label="T cell"/>
            <span end="52162" id="15630473-4321" start="52156">T cell</span>
        </annotation>
        <annotation annotator="Mike Bada, University of Colorado Anschutz Medical Campus" id="CL_basic_2014_02_21_Instance_21945" type="identity">
            <class id="CL:0000312" label="keratinocyte"/>
            <span end="52971" id="15630473-4383" start="52958">keratinocytes</span>
        </annotation>
        <annotation annotator="Mike Bada, University of Colorado Anschutz Medical Campus" id="CL_basic_2014_02_21_Instance_21875" type="identity">
            <class id="CL_GO_EXT:cell" label="cell"/>
            <span end="53482" id="15630473-4323" start="53477">cells</span>
        </annotation>
        <annotation annotator="Mike Bada, University of Colorado Anschutz Medical Campus" id="CL_basic_2014_02_21_Instance_21851" type="identity">
            <class id="CL_GO_EXT:cell" label="cell"/>
            <span end="53632" id="15630473-4301" start="53627">cells</span>
        </annotation>
        <annotation annotator="Mike Bada, University of Colorado Anschutz Medical Campus" id="CL_basic_2014_02_21_Instance_21853" type="identity">
            <class id="CL_GO_EXT:cell" label="cell"/>
            <span end="53688" id="15630473-4303" start="53683">cells</span>
        </annotation>
        <annotation annotator="Mike Bada, University of Colorado Anschutz Medical Campus" id="CL_basic_2014_02_21_Instance_21881" type="identity">
            <class id="CL_GO_EXT:cell" label="cell"/>
            <span end="53972" id="15630473-4329" start="53967">cells</span>
        </annotation>
        <annotation annotator="Mike Bada, University of Colorado Anschutz Medical Campus" id="CL_basic_2014_02_21_Instance_21883" type="identity">
            <class id="CL_GO_EXT:cell" label="cell"/>
            <span end="54172" id="15630473-4331" start="54167">cells</span>
        </annotation>
        <annotation annotator="Mike Bada, University of Colorado Anschutz Medical Campus" id="CL_basic_2014_02_21_Instance_40316" type="identity">
            <class id="CL_GO_EXT:cell" label="cell"/>
            <span end="54356" id="15630473-4393" start="54351">cells</span>
        </annotation>
        <annotation annotator="Mike Bada, University of Colorado Anschutz Medical Campus" id="CL_basic_2014_02_21_Instance_21887" type="identity">
            <class id="CL_GO_EXT:cell" label="cell"/>
            <span end="54642" id="15630473-4333" start="54638">cell</span>
        </annotation>
        <annotation annotator="Mike Bada, University of Colorado Anschutz Medical Campus" id="CL_basic_2014_02_21_Instance_21889" type="identity">
            <class id="CL_GO_EXT:cell" label="cell"/>
            <span end="54647" id="15630473-4335" start="54643">cell</span>
        </annotation>
        <annotation annotator="Mike Bada, University of Colorado Anschutz Medical Campus" id="CL_basic_2014_02_21_Instance_21891" type="identity">
            <class id="CL_GO_EXT:cell" label="cell"/>
            <span end="56566" id="15630473-4337" start="56561">cells</span>
        </annotation>
        <annotation annotator="Mike Bada, University of Colorado Anschutz Medical Campus" id="CL_basic_2014_02_21_Instance_21893" type="identity">
            <class id="CL_GO_EXT:cell" label="cell"/>
            <span end="56632" id="15630473-4339" start="56627">cells</span>
        </annotation>
        <annotation annotator="Mike Bada, University of Colorado Anschutz Medical Campus" id="CL_basic_2014_02_21_Instance_21895" type="identity">
            <class id="CL_GO_EXT:cell" label="cell"/>
            <span end="56678" id="15630473-4341" start="56673">cells</span>
        </annotation>
        <annotation annotator="Mike Bada, University of Colorado Anschutz Medical Campus" id="CL_basic_2014_02_21_Instance_40320" type="identity">
            <class id="CL:0000649" label="prickle cell"/>
            <span end="57261" id="15630473-4395" start="57242">spinous layer cells</span>
        </annotation>
        <annotation annotator="Mike Bada, University of Colorado Anschutz Medical Campus" id="CL_basic_2014_02_21_Instance_40324" type="identity">
            <class id="CL:0000649" label="prickle cell"/>
            <span end="57355" id="15630473-4397" start="57348">spinous</span>
            <span end="57380" id="15630473-4398" start="57369">layer cells</span>
        </annotation>
        <annotation annotator="Mike Bada, University of Colorado Anschutz Medical Campus" id="CL_basic_2014_02_21_Instance_11401" type="identity">
            <class id="CL:0000712" label="stratum granulosum cell"/>
            <span end="57380" id="15630473-4100" start="57360">granular layer cells</span>
        </annotation>
        <annotation annotator="Mike Bada, University of Colorado Anschutz Medical Campus" id="CL_basic_2014_02_21_Instance_21899" type="identity">
            <class id="CL_GO_EXT:cell" label="cell"/>
            <span end="57668" id="15630473-4343" start="57663">cells</span>
        </annotation>
        <annotation annotator="Mike Bada, University of Colorado Anschutz Medical Campus" id="CL_basic_2014_02_21_Instance_21877" type="identity">
            <class id="CL_GO_EXT:cell" label="cell"/>
            <span end="59694" id="15630473-4325" start="59689">cells</span>
        </annotation>
        <annotation annotator="Mike Bada, University of Colorado Anschutz Medical Campus" id="CL_basic_2014_02_21_Instance_21947" type="identity">
            <class id="CL:0000312" label="keratinocyte"/>
            <span end="60344" id="15630473-4385" start="60331">Keratinocytes</span>
        </annotation>
        <annotation annotator="Mike Bada, University of Colorado Anschutz Medical Campus" id="CL_basic_2014_02_21_Instance_21879" type="identity">
            <class id="CL_GO_EXT:cell" label="cell"/>
            <span end="60500" id="15630473-4327" start="60495">cells</span>
        </annotation>
        <annotation annotator="Mike Bada, University of Colorado Anschutz Medical Campus" id="CL_basic_2014_02_21_Instance_21907" type="identity">
            <class id="CL_GO_EXT:cell" label="cell"/>
            <span end="60606" id="15630473-4345" start="60601">Cells</span>
        </annotation>
        <annotation annotator="Mike Bada, University of Colorado Anschutz Medical Campus" id="CL_basic_2014_02_21_plus_nested_Instance_50523" type="identity">
            <class id="CL_GO_EXT:cell" label="cell"/>
            <span end="60706" id="15630473-4426" start="60698">cellular</span>
        </annotation>
        <annotation annotator="Mike Bada, University of Colorado Anschutz Medical Campus" id="CL_basic_2014_02_21_Instance_21911" type="identity">
            <class id="CL:0000312" label="keratinocyte"/>
            <span end="60755" id="15630473-4349" start="60743">keratinocyte</span>
        </annotation>
        <annotation annotator="Mike Bada, University of Colorado Anschutz Medical Campus" id="CL_basic_2014_02_21_Instance_21909" type="identity">
            <class id="CL_GO_EXT:cell" label="cell"/>
            <span end="60794" id="15630473-4347" start="60790">cell</span>
        </annotation>
        <annotation annotator="Mike Bada, University of Colorado Anschutz Medical Campus" id="CL_basic_2014_02_21_Instance_21913" type="identity">
            <class id="CL:0000312" label="keratinocyte"/>
            <span end="60846" id="15630473-4351" start="60833">keratinocytes</span>
        </annotation>
        <annotation annotator="Mike Bada, University of Colorado Anschutz Medical Campus" id="CL_basic_2014_02_21_Instance_21915" type="identity">
            <class id="CL:0000312" label="keratinocyte"/>
            <span end="60908" id="15630473-4353" start="60895">Keratinocytes</span>
        </annotation>
        <annotation annotator="Mike Bada, University of Colorado Anschutz Medical Campus" id="CL_basic_2014_02_21_Instance_21917" type="identity">
            <class id="CL_GO_EXT:cell" label="cell"/>
            <span end="61009" id="15630473-4355" start="61004">cells</span>
        </annotation>
        <annotation annotator="Mike Bada, University of Colorado Anschutz Medical Campus" id="CL_basic_2014_02_21_Instance_21919" type="identity">
            <class id="CL_GO_EXT:cell" label="cell"/>
            <span end="61051" id="15630473-4357" start="61047">cell</span>
        </annotation>
        <annotation annotator="Mike Bada, University of Colorado Anschutz Medical Campus" id="CL_basic_2014_02_21_Instance_21921" type="identity">
            <class id="CL:0000312" label="keratinocyte"/>
            <span end="61982" id="15630473-4359" start="61969">keratinocytes</span>
        </annotation>
        <annotation annotator="Mike Bada, University of Colorado Anschutz Medical Campus" id="CL_basic_2014_02_21_Instance_21923" type="identity">
            <class id="CL:0000312" label="keratinocyte"/>
            <span end="62069" id="15630473-4361" start="62056">keratinocytes</span>
        </annotation>
        <annotation annotator="Mike Bada, University of Colorado Anschutz Medical Campus" id="CL_basic_2014_02_21_Instance_21925" type="identity">
            <class id="CL:0000312" label="keratinocyte"/>
            <span end="62718" id="15630473-4363" start="62705">keratinocytes</span>
        </annotation>
        <annotation annotator="Mike Bada, University of Colorado Anschutz Medical Campus" id="CL_basic_2014_02_21_Instance_21927" type="identity">
            <class id="CL:0000312" label="keratinocyte"/>
            <span end="62747" id="15630473-4365" start="62734">keratinocytes</span>
        </annotation>
        <annotation annotator="Mike Bada, University of Colorado Anschutz Medical Campus" id="CL_basic_2014_02_21_Instance_21929" type="identity">
            <class id="CL_GO_EXT:cell" label="cell"/>
            <span end="63026" id="15630473-4367" start="63018">cellular</span>
        </annotation>
        <annotation annotator="Mike Bada, University of Colorado Anschutz Medical Campus" id="CL_basic_2014_02_21_Instance_21931" type="identity">
            <class id="CL:0000312" label="keratinocyte"/>
            <span end="63124" id="15630473-4369" start="63111">keratinocytes</span>
        </annotation>
        <annotation annotator="Mike Bada, University of Colorado Anschutz Medical Campus" id="CL_basic_2014_02_21_Instance_21933" type="identity">
            <class id="CL:0000312" label="keratinocyte"/>
            <span end="63265" id="15630473-4371" start="63252">keratinocytes</span>
        </annotation>
        <annotation annotator="Mike Bada, University of Colorado Anschutz Medical Campus" id="CL_basic_2014_02_21_Instance_21935" type="identity">
            <class id="CL_GO_EXT:cell" label="cell"/>
            <span end="63376" id="15630473-4373" start="63368">cellular</span>
        </annotation>
        <annotation annotator="Mike Bada, University of Colorado Anschutz Medical Campus" id="CL_basic_2014_02_21_Instance_21937" type="identity">
            <class id="CL:0000312" label="keratinocyte"/>
            <span end="63774" id="15630473-4375" start="63761">keratinocytes</span>
        </annotation>
        <annotation annotator="Mike Bada, University of Colorado Anschutz Medical Campus" id="CL_basic_2014_02_21_Instance_21939" type="identity">
            <class id="CL:0000312" label="keratinocyte"/>
            <span end="64138" id="15630473-4377" start="64125">Keratinocytes</span>
        </annotation>
        <annotation annotator="Mike Bada, University of Colorado Anschutz Medical Campus" id="CL_basic_2014_02_21_Instance_21941" type="identity">
            <class id="CL_GO_EXT:cell" label="cell"/>
            <span end="64347" id="15630473-4379" start="64342">cells</span>
        </annotation>
        <annotation annotator="Mike Bada, University of Colorado Anschutz Medical Campus" id="CL_basic_2014_02_21_plus_nested_Instance_50640" type="identity">
            <class id="CL_GO_EXT:cell" label="cell"/>
            <span end="66067" id="15630473-4430" start="66059">cellular</span>
        </annotation>
        <graph-space id="Old Knowtator Relations"/>
    </document>
</knowtator-project>
