<?xml version="1.0" encoding="UTF-8" standalone="no"?>
<knowtator-project>
  <document id="15676071" text-file="15676071.txt">
    <annotation annotator="Mike Bada, University of Colorado Anschutz Medical Campus" id="CL_basic_2014_02_21_Instance_15989" type="identity">
      <class id="CL:0000210" label="photoreceptor cell"/>
      <span end="371" id="15676071-4445" start="352">photoreceptor cells</span>
    </annotation>
    <annotation annotator="Mike Bada, University of Colorado Anschutz Medical Campus" id="CL_basic_2014_02_21_Instance_21995" type="identity">
      <class id="CL:0000210" label="photoreceptor cell"/>
      <span end="477" id="15676071-4497" start="464">photoreceptor</span>
    </annotation>
    <annotation annotator="Mike Bada, University of Colorado Anschutz Medical Campus" id="CL_basic_2014_02_21_Instance_21997" type="identity">
      <class id="CL:0000210" label="photoreceptor cell"/>
      <span end="912" id="15676071-4499" start="898">photoreceptors</span>
    </annotation>
    <annotation annotator="Mike Bada, University of Colorado Anschutz Medical Campus" id="CL_basic_2014_02_21_Instance_21999" type="identity">
      <class id="CL:0000210" label="photoreceptor cell"/>
      <span end="1175" id="15676071-4501" start="1162">photoreceptor</span>
    </annotation>
    <annotation annotator="Mike Bada, University of Colorado Anschutz Medical Campus" id="CL_basic_2014_02_21_Instance_15991" type="identity">
      <class id="CL:0000210" label="photoreceptor cell"/>
      <span end="1280" id="15676071-4447" start="1261">Photoreceptor cells</span>
    </annotation>
    <annotation annotator="Mike Bada, University of Colorado Anschutz Medical Campus" id="CL_basic_2014_02_21_Instance_15993" type="identity">
      <class id="CL:0000101" label="sensory neuron"/>
      <span end="1397" id="15676071-4449" start="1382">sensory neurons</span>
    </annotation>
    <annotation annotator="Mike Bada, University of Colorado Anschutz Medical Campus" id="CL_basic_2014_02_21_Instance_22001" type="identity">
      <class id="CL:0000210" label="photoreceptor cell"/>
      <span end="1577" id="15676071-4503" start="1563">photoreceptors</span>
    </annotation>
    <annotation annotator="Mike Bada, University of Colorado Anschutz Medical Campus" id="CL_basic_2014_02_21_Instance_22003" type="identity">
      <class id="CL:0000210" label="photoreceptor cell"/>
      <span end="1617" id="15676071-4505" start="1603">Photoreceptors</span>
    </annotation>
    <annotation annotator="Mike Bada, University of Colorado Anschutz Medical Campus" id="CL_basic_2014_02_21_Instance_22005" type="identity">
      <class id="CL:0000210" label="photoreceptor cell"/>
      <span end="1782" id="15676071-4507" start="1768">photoreceptors</span>
    </annotation>
    <annotation annotator="Mike Bada, University of Colorado Anschutz Medical Campus" id="CL_basic_2014_02_21_Instance_22007" type="identity">
      <class id="CL:0000210" label="photoreceptor cell"/>
      <span end="1916" id="15676071-4509" start="1903">photoreceptor</span>
    </annotation>
    <annotation annotator="Mike Bada, University of Colorado Anschutz Medical Campus" id="CL_basic_2014_02_21_Instance_22217" type="identity">
      <class id="CL:0000573" label="retinal cone cell"/>
      <span end="1979" id="15676071-4721" start="1975">cone</span>
    </annotation>
    <annotation annotator="Mike Bada, University of Colorado Anschutz Medical Campus" id="CL_basic_2014_02_21_Instance_22215" type="identity">
      <class id="CL:0000604" label="retinal rod cell"/>
      <span end="1983" id="15676071-4719" start="1980">rod</span>
    </annotation>
    <annotation annotator="Mike Bada, University of Colorado Anschutz Medical Campus" id="CL_basic_2014_02_21_Instance_22009" type="identity">
      <class id="CL:0000210" label="photoreceptor cell"/>
      <span end="2066" id="15676071-4511" start="2052">photoreceptors</span>
    </annotation>
    <annotation annotator="Mike Bada, University of Colorado Anschutz Medical Campus" id="CL_basic_2014_02_21_Instance_15995" type="identity">
      <class id="CL:0000210" label="photoreceptor cell"/>
      <span end="2278" id="15676071-4451" start="2259">photoreceptor cells</span>
    </annotation>
    <annotation annotator="Mike Bada, University of Colorado Anschutz Medical Campus" id="CL_basic_2014_02_21_Instance_22011" type="identity">
      <class id="CL:0000604" label="retinal rod cell"/>
      <span end="2305" id="15676071-4513" start="2287">rod photoreceptors</span>
    </annotation>
    <annotation annotator="Mike Bada, University of Colorado Anschutz Medical Campus" id="CL_basic_2014_02_21_Instance_22013" type="identity">
      <class id="CL:0000604" label="retinal rod cell"/>
      <span end="2450" id="15676071-4515" start="2432">rod photoreceptors</span>
    </annotation>
    <annotation annotator="Mike Bada, University of Colorado Anschutz Medical Campus" id="CL_basic_2014_02_21_Instance_22015" type="identity">
      <class id="CL:0000210" label="photoreceptor cell"/>
      <span end="2474" id="15676071-4517" start="2461">photoreceptor</span>
    </annotation>
    <annotation annotator="Mike Bada, University of Colorado Anschutz Medical Campus" id="CL_basic_2014_02_21_Instance_22221" type="identity">
      <class id="CL:0000573" label="retinal cone cell"/>
      <span end="2707" id="15676071-4725" start="2703">cone</span>
    </annotation>
    <annotation annotator="Mike Bada, University of Colorado Anschutz Medical Campus" id="CL_basic_2014_02_21_Instance_22219" type="identity">
      <class id="CL:0000604" label="retinal rod cell"/>
      <span end="2711" id="15676071-4723" start="2708">rod</span>
    </annotation>
    <annotation annotator="Mike Bada, University of Colorado Anschutz Medical Campus" id="CL_basic_2014_02_21_Instance_15997" type="identity">
      <class id="CL:0000210" label="photoreceptor cell"/>
      <span end="2907" id="15676071-4453" start="2888">photoreceptor cells</span>
    </annotation>
    <annotation annotator="Mike Bada, University of Colorado Anschutz Medical Campus" id="CL_basic_2014_02_21_Instance_22017" type="identity">
      <class id="CL:0000210" label="photoreceptor cell"/>
      <span end="2972" id="15676071-4519" start="2958">photoreceptors</span>
    </annotation>
    <annotation annotator="Mike Bada, University of Colorado Anschutz Medical Campus" id="CL_basic_2014_02_21_Instance_22019" type="identity">
      <class id="CL:0000210" label="photoreceptor cell"/>
      <span end="4370" id="15676071-4521" start="4357">photoreceptor</span>
    </annotation>
    <annotation annotator="Mike Bada, University of Colorado Anschutz Medical Campus" id="CL_basic_2014_02_21_Instance_15999" type="identity">
      <class id="CL:0000210" label="photoreceptor cell"/>
      <span end="4471" id="15676071-4455" start="4452">photoreceptor cells</span>
    </annotation>
    <annotation annotator="Mike Bada, University of Colorado Anschutz Medical Campus" id="CL_basic_2014_02_21_Instance_22191" type="identity">
      <class id="CL:0000540" label="neuron"/>
      <span end="4523" id="15676071-4695" start="4515">neuronal</span>
    </annotation>
    <annotation annotator="Mike Bada, University of Colorado Anschutz Medical Campus" id="CL_basic_2014_02_21_Instance_16001" type="identity">
      <class id="CL:0000210" label="photoreceptor cell"/>
      <span end="4560" id="15676071-4457" start="4541">Photoreceptor cells</span>
    </annotation>
    <annotation annotator="Mike Bada, University of Colorado Anschutz Medical Campus" id="CL_basic_2014_02_21_Instance_16003" type="identity">
      <class id="CL:0000540" label="neuron"/>
      <span end="4611" id="15676071-4459" start="4604">neurons</span>
    </annotation>
    <annotation annotator="Mike Bada, University of Colorado Anschutz Medical Campus" id="CL_basic_2014_02_21_Instance_22021" type="identity">
      <class id="CL:0000210" label="photoreceptor cell"/>
      <span end="4887" id="15676071-4523" start="4873">photoreceptors</span>
    </annotation>
    <annotation annotator="Mike Bada, University of Colorado Anschutz Medical Campus" id="CL_basic_2014_02_21_Instance_21949" type="identity">
      <class id="CL:0000745" label="horizontal cell"/>
      <span end="4970" id="15676071-4483" start="4960">horizontal</span>
      <span end="4988" id="15676071-4484" start="4983">cells</span>
    </annotation>
    <annotation annotator="Mike Bada, University of Colorado Anschutz Medical Campus" id="CL_basic_2014_02_21_Instance_16005" type="identity">
      <class id="CL:0000103" label="bipolar neuron"/>
      <span end="4988" id="15676071-4461" start="4975">bipolar cells</span>
    </annotation>
    <annotation annotator="Mike Bada, University of Colorado Anschutz Medical Campus" id="CL_basic_2014_02_21_Instance_22223" type="identity">
      <class id="CL:0000604" label="retinal rod cell"/>
      <span end="5001" id="15676071-4727" start="4998">Rod</span>
    </annotation>
    <annotation annotator="Mike Bada, University of Colorado Anschutz Medical Campus" id="CL_basic_2014_02_21_Instance_40341" type="identity">
      <class id="CL:0000604" label="retinal rod cell"/>
      <span end="5054" id="15676071-4755" start="5051">rod</span>
    </annotation>
    <annotation annotator="Mike Bada, University of Colorado Anschutz Medical Campus" id="CL_basic_2014_02_21_Instance_16007" type="identity">
      <class id="CL:0000745" label="horizontal cell"/>
      <span end="5111" id="15676071-4463" start="5095">horizontal cells</span>
    </annotation>
    <annotation annotator="Mike Bada, University of Colorado Anschutz Medical Campus" id="CL_basic_2014_02_21_Instance_22193" type="identity">
      <class id="CL:0000573" label="retinal cone cell"/>
      <span end="5205" id="15676071-4697" start="5201">Cone</span>
    </annotation>
    <annotation annotator="Mike Bada, University of Colorado Anschutz Medical Campus" id="CL_basic_2014_02_21_Instance_11403" type="identity">
      <class id="CL:0000749" label="ON-bipolar cell"/>
      <span end="5266" id="15676071-4435" start="5264">on</span>
      <span end="5285" id="15676071-4436" start="5272">bipolar cells</span>
    </annotation>
    <annotation annotator="Mike Bada, University of Colorado Anschutz Medical Campus" id="CL_basic_2014_02_21_Instance_22195" type="identity">
      <class id="CL:0000573" label="retinal cone cell"/>
      <span end="5271" id="15676071-4699" start="5267">cone</span>
    </annotation>
    <annotation annotator="Mike Bada, University of Colorado Anschutz Medical Campus" id="CL_basic_2014_02_21_Instance_16009" type="identity">
      <class id="CL:0000745" label="horizontal cell"/>
      <span end="5306" id="15676071-4465" start="5290">horizontal cells</span>
    </annotation>
    <annotation annotator="Mike Bada, University of Colorado Anschutz Medical Campus" id="CL_basic_2014_02_21_Instance_11405" type="identity">
      <class id="CL:0000750" label="OFF-bipolar cell"/>
      <span end="5352" id="15676071-4438" start="5349">off</span>
      <span end="5371" id="15676071-4439" start="5358">bipolar cells</span>
    </annotation>
    <annotation annotator="Mike Bada, University of Colorado Anschutz Medical Campus" id="CL_basic_2014_02_21_Instance_22197" type="identity">
      <class id="CL:0000573" label="retinal cone cell"/>
      <span end="5357" id="15676071-4701" start="5353">cone</span>
    </annotation>
    <annotation annotator="Mike Bada, University of Colorado Anschutz Medical Campus" id="CL_basic_2014_02_21_Instance_22023" type="identity">
      <class id="CL:0000210" label="photoreceptor cell"/>
      <span end="5430" id="15676071-4525" start="5417">photoreceptor</span>
    </annotation>
    <annotation annotator="Mike Bada, University of Colorado Anschutz Medical Campus" id="CL_basic_2014_02_21_Instance_22025" type="identity">
      <class id="CL:0000210" label="photoreceptor cell"/>
      <span end="5490" id="15676071-4527" start="5477">photoreceptor</span>
    </annotation>
    <annotation annotator="Mike Bada, University of Colorado Anschutz Medical Campus" id="CL_basic_2014_02_21_Instance_70099" type="identity">
      <class id="CL:0000540" label="neuron"/>
      <span end="5750" id="15676071-4757" start="5742">neuronal</span>
    </annotation>
    <annotation annotator="Mike Bada, University of Colorado Anschutz Medical Campus" id="CL_basic_2014_02_21_Instance_22027" type="identity">
      <class id="CL:0000210" label="photoreceptor cell"/>
      <span end="6099" id="15676071-4529" start="6085">photoreceptors</span>
    </annotation>
    <annotation annotator="Mike Bada, University of Colorado Anschutz Medical Campus" id="CL_basic_2014_02_21_Instance_16011" type="identity">
      <class id="CL_GO_EXT:cell" label="cell"/>
      <span end="6201" id="15676071-4467" start="6196">cells</span>
    </annotation>
    <annotation annotator="Mike Bada, University of Colorado Anschutz Medical Campus" id="CL_basic_2014_02_21_Instance_22029" type="identity">
      <class id="CL:0000210" label="photoreceptor cell"/>
      <span end="6295" id="15676071-4531" start="6282">photoreceptor</span>
    </annotation>
    <annotation annotator="Mike Bada, University of Colorado Anschutz Medical Campus" id="CL_basic_2014_02_21_Instance_21959" type="identity">
      <class id="CL:0000210" label="photoreceptor cell"/>
      <span end="6744" id="15676071-4495" start="6731">photoreceptor</span>
    </annotation>
    <annotation annotator="Mike Bada, University of Colorado Anschutz Medical Campus" id="CL_basic_2014_02_21_Instance_22031" type="identity">
      <class id="CL:0000210" label="photoreceptor cell"/>
      <span end="6902" id="15676071-4533" start="6888">photoreceptors</span>
    </annotation>
    <annotation annotator="Mike Bada, University of Colorado Anschutz Medical Campus" id="CL_basic_2014_02_21_Instance_22033" type="identity">
      <class id="CL:0000210" label="photoreceptor cell"/>
      <span end="7049" id="15676071-4535" start="7035">photoreceptors</span>
    </annotation>
    <annotation annotator="Mike Bada, University of Colorado Anschutz Medical Campus" id="CL_basic_2014_02_21_Instance_22035" type="identity">
      <class id="CL:0000210" label="photoreceptor cell"/>
      <span end="7114" id="15676071-4537" start="7101">photoreceptor</span>
    </annotation>
    <annotation annotator="Mike Bada, University of Colorado Anschutz Medical Campus" id="CL_basic_2014_02_21_Instance_22037" type="identity">
      <class id="CL:0000210" label="photoreceptor cell"/>
      <span end="7720" id="15676071-4539" start="7707">photoreceptor</span>
    </annotation>
    <annotation annotator="Mike Bada, University of Colorado Anschutz Medical Campus" id="CL_basic_2014_02_21_Instance_22039" type="identity">
      <class id="CL:0000210" label="photoreceptor cell"/>
      <span end="7894" id="15676071-4541" start="7880">photoreceptors</span>
    </annotation>
    <annotation annotator="Mike Bada, University of Colorado Anschutz Medical Campus" id="CL_basic_2014_02_21_Instance_22041" type="identity">
      <class id="CL:0000210" label="photoreceptor cell"/>
      <span end="8078" id="15676071-4543" start="8065">Photoreceptor</span>
    </annotation>
    <annotation annotator="Mike Bada, University of Colorado Anschutz Medical Campus" id="CL_basic_2014_02_21_Instance_22043" type="identity">
      <class id="CL:0000210" label="photoreceptor cell"/>
      <span end="8797" id="15676071-4545" start="8783">photoreceptors</span>
    </annotation>
    <annotation annotator="Mike Bada, University of Colorado Anschutz Medical Campus" id="CL_basic_2014_02_21_Instance_22045" type="identity">
      <class id="CL:0000210" label="photoreceptor cell"/>
      <span end="9149" id="15676071-4547" start="9136">photoreceptor</span>
    </annotation>
    <annotation annotator="Mike Bada, University of Colorado Anschutz Medical Campus" id="CL_basic_2014_02_21_Instance_16013" type="identity">
      <class id="CL_GO_EXT:cell" label="cell"/>
      <span end="9411" id="15676071-4469" start="9407">cell</span>
    </annotation>
    <annotation annotator="Mike Bada, University of Colorado Anschutz Medical Campus" id="CL_basic_2014_02_21_Instance_22047" type="identity">
      <class id="CL:0000210" label="photoreceptor cell"/>
      <span end="9608" id="15676071-4549" start="9595">photoreceptor</span>
    </annotation>
    <annotation annotator="Mike Bada, University of Colorado Anschutz Medical Campus" id="CL_basic_2014_02_21_Instance_22049" type="identity">
      <class id="CL:0000210" label="photoreceptor cell"/>
      <span end="9761" id="15676071-4551" start="9748">photoreceptor</span>
    </annotation>
    <annotation annotator="Mike Bada, University of Colorado Anschutz Medical Campus" id="CL_basic_2014_02_21_Instance_22051" type="identity">
      <class id="CL:0000210" label="photoreceptor cell"/>
      <span end="9990" id="15676071-4553" start="9976">photoreceptors</span>
    </annotation>
    <annotation annotator="Mike Bada, University of Colorado Anschutz Medical Campus" id="CL_basic_2014_02_21_Instance_22053" type="identity">
      <class id="CL:0000210" label="photoreceptor cell"/>
      <span end="10574" id="15676071-4555" start="10560">photoreceptors</span>
    </annotation>
    <annotation annotator="Mike Bada, University of Colorado Anschutz Medical Campus" id="CL_basic_2014_02_21_Instance_22055" type="identity">
      <class id="CL:0000210" label="photoreceptor cell"/>
      <span end="10657" id="15676071-4557" start="10643">photoreceptors</span>
    </annotation>
    <annotation annotator="Mike Bada, University of Colorado Anschutz Medical Campus" id="CL_basic_2014_02_21_Instance_22057" type="identity">
      <class id="CL:0000210" label="photoreceptor cell"/>
      <span end="11046" id="15676071-4559" start="11032">photoreceptors</span>
    </annotation>
    <annotation annotator="Mike Bada, University of Colorado Anschutz Medical Campus" id="CL_basic_2014_02_21_Instance_22059" type="identity">
      <class id="CL:0000210" label="photoreceptor cell"/>
      <span end="11189" id="15676071-4561" start="11176">photoreceptor</span>
    </annotation>
    <annotation annotator="Mike Bada, University of Colorado Anschutz Medical Campus" id="CL_basic_2014_02_21_Instance_22061" type="identity">
      <class id="CL:0000210" label="photoreceptor cell"/>
      <span end="11615" id="15676071-4563" start="11601">photoreceptors</span>
    </annotation>
    <annotation annotator="Mike Bada, University of Colorado Anschutz Medical Campus" id="CL_basic_2014_02_21_Instance_22063" type="identity">
      <class id="CL:0000210" label="photoreceptor cell"/>
      <span end="11686" id="15676071-4565" start="11672">photoreceptors</span>
    </annotation>
    <annotation annotator="Mike Bada, University of Colorado Anschutz Medical Campus" id="CL_basic_2014_02_21_Instance_22065" type="identity">
      <class id="CL:0000210" label="photoreceptor cell"/>
      <span end="11824" id="15676071-4567" start="11810">photoreceptors</span>
    </annotation>
    <annotation annotator="Mike Bada, University of Colorado Anschutz Medical Campus" id="CL_basic_2014_02_21_Instance_22067" type="identity">
      <class id="CL:0000210" label="photoreceptor cell"/>
      <span end="11944" id="15676071-4569" start="11930">photoreceptors</span>
    </annotation>
    <annotation annotator="Mike Bada, University of Colorado Anschutz Medical Campus" id="CL_basic_2014_02_21_Instance_22069" type="identity">
      <class id="CL:0000210" label="photoreceptor cell"/>
      <span end="12298" id="15676071-4571" start="12284">photoreceptors</span>
    </annotation>
    <annotation annotator="Mike Bada, University of Colorado Anschutz Medical Campus" id="CL_basic_2014_02_21_Instance_22071" type="identity">
      <class id="CL:0000210" label="photoreceptor cell"/>
      <span end="12403" id="15676071-4573" start="12389">photoreceptors</span>
    </annotation>
    <annotation annotator="Mike Bada, University of Colorado Anschutz Medical Campus" id="CL_basic_2014_02_21_Instance_22073" type="identity">
      <class id="CL:0000210" label="photoreceptor cell"/>
      <span end="12696" id="15676071-4575" start="12683">photoreceptor</span>
    </annotation>
    <annotation annotator="Mike Bada, University of Colorado Anschutz Medical Campus" id="CL_basic_2014_02_21_Instance_22075" type="identity">
      <class id="CL:0000210" label="photoreceptor cell"/>
      <span end="12822" id="15676071-4577" start="12808">photoreceptors</span>
    </annotation>
    <annotation annotator="Mike Bada, University of Colorado Anschutz Medical Campus" id="CL_basic_2014_02_21_Instance_22077" type="identity">
      <class id="CL:0000210" label="photoreceptor cell"/>
      <span end="12881" id="15676071-4579" start="12867">photoreceptors</span>
    </annotation>
    <annotation annotator="Mike Bada, University of Colorado Anschutz Medical Campus" id="CL_basic_2014_02_21_Instance_22079" type="identity">
      <class id="CL:0000210" label="photoreceptor cell"/>
      <span end="13301" id="15676071-4581" start="13287">photoreceptors</span>
    </annotation>
    <annotation annotator="Mike Bada, University of Colorado Anschutz Medical Campus" id="CL_basic_2014_02_21_Instance_22081" type="identity">
      <class id="CL:0000210" label="photoreceptor cell"/>
      <span end="13724" id="15676071-4583" start="13710">photoreceptors</span>
    </annotation>
    <annotation annotator="Mike Bada, University of Colorado Anschutz Medical Campus" id="CL_basic_2014_02_21_Instance_22083" type="identity">
      <class id="CL:0000210" label="photoreceptor cell"/>
      <span end="13745" id="15676071-4585" start="13732">photoreceptor</span>
    </annotation>
    <annotation annotator="Mike Bada, University of Colorado Anschutz Medical Campus" id="CL_basic_2014_02_21_Instance_22087" type="identity">
      <class id="CL:0000210" label="photoreceptor cell"/>
      <span end="13776" id="15676071-4589" start="13763">Photoreceptor</span>
    </annotation>
    <annotation annotator="Mike Bada, University of Colorado Anschutz Medical Campus" id="CL_basic_2014_02_21_Instance_22089" type="identity">
      <class id="CL:0000210" label="photoreceptor cell"/>
      <span end="13882" id="15676071-4591" start="13869">photoreceptor</span>
    </annotation>
    <annotation annotator="Mike Bada, University of Colorado Anschutz Medical Campus" id="CL_basic_2014_02_21_Instance_22091" type="identity">
      <class id="CL:0000210" label="photoreceptor cell"/>
      <span end="13931" id="15676071-4593" start="13917">photoreceptors</span>
    </annotation>
    <annotation annotator="Mike Bada, University of Colorado Anschutz Medical Campus" id="CL_basic_2014_02_21_Instance_22093" type="identity">
      <class id="CL:0000210" label="photoreceptor cell"/>
      <span end="14127" id="15676071-4595" start="14113">photoreceptors</span>
    </annotation>
    <annotation annotator="Mike Bada, University of Colorado Anschutz Medical Campus" id="CL_basic_2014_02_21_Instance_22085" type="identity">
      <class id="CL:0000210" label="photoreceptor cell"/>
      <span end="14189" id="15676071-4587" start="14175">photoreceptors</span>
    </annotation>
    <annotation annotator="Mike Bada, University of Colorado Anschutz Medical Campus" id="CL_basic_2014_02_21_Instance_22095" type="identity">
      <class id="CL:0000210" label="photoreceptor cell"/>
      <span end="14237" id="15676071-4597" start="14224">photoreceptor</span>
    </annotation>
    <annotation annotator="Mike Bada, University of Colorado Anschutz Medical Campus" id="CL_basic_2014_02_21_Instance_22097" type="identity">
      <class id="CL:0000210" label="photoreceptor cell"/>
      <span end="14489" id="15676071-4599" start="14475">Photoreceptors</span>
    </annotation>
    <annotation annotator="Mike Bada, University of Colorado Anschutz Medical Campus" id="CL_basic_2014_02_21_Instance_22099" type="identity">
      <class id="CL:0000210" label="photoreceptor cell"/>
      <span end="14603" id="15676071-4601" start="14589">photoreceptors</span>
    </annotation>
    <annotation annotator="Mike Bada, University of Colorado Anschutz Medical Campus" id="CL_basic_2014_02_21_Instance_22101" type="identity">
      <class id="CL:0000210" label="photoreceptor cell"/>
      <span end="14741" id="15676071-4603" start="14727">photoreceptors</span>
    </annotation>
    <annotation annotator="Mike Bada, University of Colorado Anschutz Medical Campus" id="CL_basic_2014_02_21_Instance_22103" type="identity">
      <class id="CL:0000210" label="photoreceptor cell"/>
      <span end="14931" id="15676071-4605" start="14918">photoreceptor</span>
    </annotation>
    <annotation annotator="Mike Bada, University of Colorado Anschutz Medical Campus" id="CL_basic_2014_02_21_Instance_22227" type="identity">
      <class id="CL:0000604" label="retinal rod cell"/>
      <span end="15058" id="15676071-4729" start="15054">rods</span>
    </annotation>
    <annotation annotator="Mike Bada, University of Colorado Anschutz Medical Campus" id="CL_basic_2014_02_21_Instance_22229" type="identity">
      <class id="CL:0000604" label="retinal rod cell"/>
      <span end="15088" id="15676071-4731" start="15085">rod</span>
    </annotation>
    <annotation annotator="Mike Bada, University of Colorado Anschutz Medical Campus" id="CL_basic_2014_02_21_Instance_22105" type="identity">
      <class id="CL:0000210" label="photoreceptor cell"/>
      <span end="15221" id="15676071-4607" start="15208">photoreceptor</span>
    </annotation>
    <annotation annotator="Mike Bada, University of Colorado Anschutz Medical Campus" id="CL_basic_2014_02_21_Instance_22231" type="identity">
      <class id="CL:0000604" label="retinal rod cell"/>
      <span end="15305" id="15676071-4733" start="15302">rod</span>
    </annotation>
    <annotation annotator="Mike Bada, University of Colorado Anschutz Medical Campus" id="CL_basic_2014_02_21_Instance_16015" type="identity">
      <class id="CL:0000745" label="horizontal cell"/>
      <span end="15555" id="15676071-4471" start="15539">horizontal cells</span>
    </annotation>
    <annotation annotator="Mike Bada, University of Colorado Anschutz Medical Campus" id="CL_basic_2014_02_21_Instance_16017" type="identity">
      <class id="CL:0000751" label="rod bipolar cell"/>
      <span end="15677" id="15676071-4473" start="15660">rod bipolar cells</span>
    </annotation>
    <annotation annotator="Mike Bada, University of Colorado Anschutz Medical Campus" id="CL_basic_2014_02_21_Instance_22199" type="identity">
      <class id="CL:0000573" label="retinal cone cell"/>
      <span end="15743" id="15676071-4703" start="15739">Cone</span>
    </annotation>
    <annotation annotator="Mike Bada, University of Colorado Anschutz Medical Campus" id="CL_basic_2014_02_21_Instance_21951" type="identity">
      <class id="CL:0000745" label="horizontal cell"/>
      <span end="15857" id="15676071-4486" start="15847">horizontal</span>
      <span end="15874" id="15676071-4487" start="15870">cell</span>
    </annotation>
    <annotation annotator="Mike Bada, University of Colorado Anschutz Medical Campus" id="CL_basic_2014_02_21_Instance_21953" type="identity">
      <class id="CL:0000103" label="bipolar neuron"/>
      <span end="15874" id="15676071-4489" start="15862">bipolar cell</span>
    </annotation>
    <annotation annotator="Mike Bada, University of Colorado Anschutz Medical Campus" id="CL_basic_2014_02_21_Instance_22107" type="identity">
      <class id="CL:0000210" label="photoreceptor cell"/>
      <span end="16064" id="15676071-4609" start="16051">photoreceptor</span>
    </annotation>
    <annotation annotator="Mike Bada, University of Colorado Anschutz Medical Campus" id="CL_basic_2014_02_21_Instance_22233" type="identity">
      <class id="CL:0000604" label="retinal rod cell"/>
      <span end="16650" id="15676071-4735" start="16647">rod</span>
    </annotation>
    <annotation annotator="Mike Bada, University of Colorado Anschutz Medical Campus" id="CL_basic_2014_02_21_Instance_22201" type="identity">
      <class id="CL:0000573" label="retinal cone cell"/>
      <span end="16813" id="15676071-4705" start="16809">Cone</span>
    </annotation>
    <annotation annotator="Mike Bada, University of Colorado Anschutz Medical Campus" id="CL_basic_2014_02_21_Instance_22109" type="identity">
      <class id="CL:0000210" label="photoreceptor cell"/>
      <span end="17088" id="15676071-4611" start="17075">photoreceptor</span>
    </annotation>
    <annotation annotator="Mike Bada, University of Colorado Anschutz Medical Campus" id="CL_basic_2014_02_21_Instance_22235" type="identity">
      <class id="CL:0000604" label="retinal rod cell"/>
      <span end="17692" id="15676071-4737" start="17689">rod</span>
    </annotation>
    <annotation annotator="Mike Bada, University of Colorado Anschutz Medical Campus" id="CL_basic_2014_02_21_Instance_22237" type="identity">
      <class id="CL:0000604" label="retinal rod cell"/>
      <span end="17833" id="15676071-4739" start="17830">rod</span>
    </annotation>
    <annotation annotator="Mike Bada, University of Colorado Anschutz Medical Campus" id="CL_basic_2014_02_21_plus_nested_Instance_15458" type="identity">
      <class id="CL:0000604" label="retinal rod cell"/>
      <span end="17882" id="15676071-4761" start="17881">r</span>
    </annotation>
    <annotation annotator="Mike Bada, University of Colorado Anschutz Medical Campus" id="CL_basic_2014_02_21_Instance_16019" type="identity">
      <class id="CL:0000745" label="horizontal cell"/>
      <span end="17921" id="15676071-4475" start="17905">horizontal cells</span>
    </annotation>
    <annotation annotator="Mike Bada, University of Colorado Anschutz Medical Campus" id="CL_basic_2014_02_21_plus_nested_Instance_15452" type="identity">
      <class id="CL:0000745" label="horizontal cell"/>
      <span end="17924" id="15676071-4759" start="17923">h</span>
    </annotation>
    <annotation annotator="Mike Bada, University of Colorado Anschutz Medical Campus" id="CL_basic_2014_02_21_Instance_22239" type="identity">
      <class id="CL:0000604" label="retinal rod cell"/>
      <span end="17944" id="15676071-4741" start="17941">rod</span>
    </annotation>
    <annotation annotator="Mike Bada, University of Colorado Anschutz Medical Campus" id="CL_basic_2014_02_21_Instance_16021" type="identity">
      <class id="CL_GO_EXT:cell" label="cell"/>
      <span end="18137" id="15676071-4477" start="18133">cell</span>
    </annotation>
    <annotation annotator="Mike Bada, University of Colorado Anschutz Medical Campus" id="CL_basic_2014_02_21_Instance_22111" type="identity">
      <class id="CL:0000210" label="photoreceptor cell"/>
      <span end="18216" id="15676071-4613" start="18203">photoreceptor</span>
    </annotation>
    <annotation annotator="Mike Bada, University of Colorado Anschutz Medical Campus" id="CL_basic_2014_02_21_Instance_11407" type="identity">
      <class id="CL:0000745" label="horizontal cell"/>
      <span end="18731" id="15676071-4441" start="18730">H</span>
    </annotation>
    <annotation annotator="Mike Bada, University of Colorado Anschutz Medical Campus" id="CL_basic_2014_02_21_Instance_16023" type="identity">
      <class id="CL:0000745" label="horizontal cell"/>
      <span end="18748" id="15676071-4479" start="18733">horizontal cell</span>
    </annotation>
    <annotation annotator="Mike Bada, University of Colorado Anschutz Medical Campus" id="CL_basic_2014_02_21_Instance_11409" type="identity">
      <class id="CL:0000103" label="bipolar neuron"/>
      <span end="18751" id="15676071-4443" start="18750">B</span>
    </annotation>
    <annotation annotator="Mike Bada, University of Colorado Anschutz Medical Campus" id="CL_basic_2014_02_21_Instance_21955" type="identity">
      <class id="CL:0000103" label="bipolar neuron"/>
      <span end="18765" id="15676071-4491" start="18753">bipolar cell</span>
    </annotation>
    <annotation annotator="Mike Bada, University of Colorado Anschutz Medical Campus" id="CL_basic_2014_02_21_Instance_22113" type="identity">
      <class id="CL:0000210" label="photoreceptor cell"/>
      <span end="18948" id="15676071-4615" start="18934">photoreceptors</span>
    </annotation>
    <annotation annotator="Mike Bada, University of Colorado Anschutz Medical Campus" id="CL_basic_2014_02_21_Instance_22115" type="identity">
      <class id="CL:0000210" label="photoreceptor cell"/>
      <span end="19358" id="15676071-4617" start="19344">photoreceptors</span>
    </annotation>
    <annotation annotator="Mike Bada, University of Colorado Anschutz Medical Campus" id="CL_basic_2014_02_21_Instance_22117" type="identity">
      <class id="CL:0000210" label="photoreceptor cell"/>
      <span end="19522" id="15676071-4619" start="19508">photoreceptors</span>
    </annotation>
    <annotation annotator="Mike Bada, University of Colorado Anschutz Medical Campus" id="CL_basic_2014_02_21_Instance_22119" type="identity">
      <class id="CL:0000210" label="photoreceptor cell"/>
      <span end="19860" id="15676071-4621" start="19847">photoreceptor</span>
    </annotation>
    <annotation annotator="Mike Bada, University of Colorado Anschutz Medical Campus" id="CL_basic_2014_02_21_Instance_22121" type="identity">
      <class id="CL:0000210" label="photoreceptor cell"/>
      <span end="19951" id="15676071-4623" start="19937">photoreceptors</span>
    </annotation>
    <annotation annotator="Mike Bada, University of Colorado Anschutz Medical Campus" id="CL_basic_2014_02_21_Instance_21957" type="identity">
      <class id="CL:0000636" label="Mueller cell"/>
      <span end="20300" id="15676071-4493" start="20288">Müller cells</span>
    </annotation>
    <annotation annotator="Mike Bada, University of Colorado Anschutz Medical Campus" id="CL_basic_2014_02_21_Instance_22123" type="identity">
      <class id="CL:0000210" label="photoreceptor cell"/>
      <span end="20643" id="15676071-4625" start="20629">photoreceptors</span>
    </annotation>
    <annotation annotator="Mike Bada, University of Colorado Anschutz Medical Campus" id="CL_basic_2014_02_21_Instance_22241" type="identity">
      <class id="CL:0000604" label="retinal rod cell"/>
      <span end="21687" id="15676071-4743" start="21684">rod</span>
    </annotation>
    <annotation annotator="Mike Bada, University of Colorado Anschutz Medical Campus" id="CL_basic_2014_02_21_Instance_22127" type="identity">
      <class id="CL:0000705" label="R6 photoreceptor cell"/>
      <span end="21945" id="15676071-4629" start="21931">photoreceptors</span>
      <span end="21951" id="15676071-4630" start="21949">R6</span>
    </annotation>
    <annotation annotator="Mike Bada, University of Colorado Anschutz Medical Campus" id="CL_basic_2014_02_21_Instance_22125" type="identity">
      <class id="CL:0000687" label="R1 photoreceptor cell"/>
      <span end="21948" id="15676071-4627" start="21931">photoreceptors R1</span>
    </annotation>
    <annotation annotator="Mike Bada, University of Colorado Anschutz Medical Campus" id="CL_basic_2014_02_21_Instance_22129" type="identity">
      <class id="CL:0000687" label="R1 photoreceptor cell"/>
      <span end="22066" id="15676071-4632" start="22064">R1</span>
      <span end="22084" id="15676071-4633" start="22070">photoreceptors</span>
    </annotation>
    <annotation annotator="Mike Bada, University of Colorado Anschutz Medical Campus" id="CL_basic_2014_02_21_Instance_22131" type="identity">
      <class id="CL:0000705" label="R6 photoreceptor cell"/>
      <span end="22084" id="15676071-4635" start="22067">R6 photoreceptors</span>
    </annotation>
    <annotation annotator="Mike Bada, University of Colorado Anschutz Medical Campus" id="CL_basic_2014_02_21_Instance_22133" type="identity">
      <class id="CL:0000210" label="photoreceptor cell"/>
      <span end="22548" id="15676071-4637" start="22535">photoreceptor</span>
    </annotation>
    <annotation annotator="Mike Bada, University of Colorado Anschutz Medical Campus" id="CL_basic_2014_02_21_Instance_22135" type="identity">
      <class id="CL:0000210" label="photoreceptor cell"/>
      <span end="22596" id="15676071-4639" start="22583">photoreceptor</span>
    </annotation>
    <annotation annotator="Mike Bada, University of Colorado Anschutz Medical Campus" id="CL_basic_2014_02_21_Instance_22243" type="identity">
      <class id="CL:0000604" label="retinal rod cell"/>
      <span end="22973" id="15676071-4745" start="22969">rods</span>
    </annotation>
    <annotation annotator="Mike Bada, University of Colorado Anschutz Medical Campus" id="CL_basic_2014_02_21_Instance_22137" type="identity">
      <class id="CL:0000210" label="photoreceptor cell"/>
      <span end="23453" id="15676071-4641" start="23440">photoreceptor</span>
    </annotation>
    <annotation annotator="Mike Bada, University of Colorado Anschutz Medical Campus" id="CL_basic_2014_02_21_Instance_22139" type="identity">
      <class id="CL:0000210" label="photoreceptor cell"/>
      <span end="23729" id="15676071-4643" start="23715">photoreceptors</span>
    </annotation>
    <annotation annotator="Mike Bada, University of Colorado Anschutz Medical Campus" id="CL_basic_2014_02_21_Instance_22141" type="identity">
      <class id="CL:0000210" label="photoreceptor cell"/>
      <span end="24317" id="15676071-4645" start="24303">photoreceptors</span>
    </annotation>
    <annotation annotator="Mike Bada, University of Colorado Anschutz Medical Campus" id="CL_basic_2014_02_21_Instance_22143" type="identity">
      <class id="CL:0000210" label="photoreceptor cell"/>
      <span end="24560" id="15676071-4647" start="24547">photoreceptor</span>
    </annotation>
    <annotation annotator="Mike Bada, University of Colorado Anschutz Medical Campus" id="CL_basic_2014_02_21_Instance_22145" type="identity">
      <class id="CL:0000210" label="photoreceptor cell"/>
      <span end="24753" id="15676071-4649" start="24740">photoreceptor</span>
    </annotation>
    <annotation annotator="Mike Bada, University of Colorado Anschutz Medical Campus" id="CL_basic_2014_02_21_Instance_22147" type="identity">
      <class id="CL:0000210" label="photoreceptor cell"/>
      <span end="25006" id="15676071-4651" start="24992">photoreceptors</span>
    </annotation>
    <annotation annotator="Mike Bada, University of Colorado Anschutz Medical Campus" id="CL_basic_2014_02_21_Instance_22149" type="identity">
      <class id="CL:0000210" label="photoreceptor cell"/>
      <span end="25082" id="15676071-4653" start="25069">photoreceptor</span>
    </annotation>
    <annotation annotator="Mike Bada, University of Colorado Anschutz Medical Campus" id="CL_basic_2014_02_21_Instance_22151" type="identity">
      <class id="CL:0000210" label="photoreceptor cell"/>
      <span end="25179" id="15676071-4655" start="25166">photoreceptor</span>
    </annotation>
    <annotation annotator="Mike Bada, University of Colorado Anschutz Medical Campus" id="CL_basic_2014_02_21_Instance_22153" type="identity">
      <class id="CL:0000210" label="photoreceptor cell"/>
      <span end="25233" id="15676071-4657" start="25219">photoreceptors</span>
    </annotation>
    <annotation annotator="Mike Bada, University of Colorado Anschutz Medical Campus" id="CL_basic_2014_02_21_Instance_22155" type="identity">
      <class id="CL:0000210" label="photoreceptor cell"/>
      <span end="25472" id="15676071-4659" start="25459">photoreceptor</span>
    </annotation>
    <annotation annotator="Mike Bada, University of Colorado Anschutz Medical Campus" id="CL_basic_2014_02_21_Instance_22157" type="identity">
      <class id="CL:0000210" label="photoreceptor cell"/>
      <span end="25770" id="15676071-4661" start="25757">photoreceptor</span>
    </annotation>
    <annotation annotator="Mike Bada, University of Colorado Anschutz Medical Campus" id="CL_basic_2014_02_21_Instance_22159" type="identity">
      <class id="CL:0000210" label="photoreceptor cell"/>
      <span end="25949" id="15676071-4663" start="25936">photoreceptor</span>
    </annotation>
    <annotation annotator="Mike Bada, University of Colorado Anschutz Medical Campus" id="CL_basic_2014_02_21_Instance_22161" type="identity">
      <class id="CL:0000210" label="photoreceptor cell"/>
      <span end="26145" id="15676071-4665" start="26131">photoreceptors</span>
    </annotation>
    <annotation annotator="Mike Bada, University of Colorado Anschutz Medical Campus" id="CL_basic_2014_02_21_Instance_22163" type="identity">
      <class id="CL:0000210" label="photoreceptor cell"/>
      <span end="26298" id="15676071-4667" start="26285">photoreceptor</span>
    </annotation>
    <annotation annotator="Mike Bada, University of Colorado Anschutz Medical Campus" id="CL_basic_2014_02_21_Instance_22165" type="identity">
      <class id="CL:0000210" label="photoreceptor cell"/>
      <span end="26908" id="15676071-4669" start="26894">photoreceptors</span>
    </annotation>
    <annotation annotator="Mike Bada, University of Colorado Anschutz Medical Campus" id="CL_basic_2014_02_21_Instance_22167" type="identity">
      <class id="CL:0000210" label="photoreceptor cell"/>
      <span end="27050" id="15676071-4671" start="27037">photoreceptor</span>
    </annotation>
    <annotation annotator="Mike Bada, University of Colorado Anschutz Medical Campus" id="CL_basic_2014_02_21_Instance_22169" type="identity">
      <class id="CL:0000210" label="photoreceptor cell"/>
      <span end="27128" id="15676071-4673" start="27115">photoreceptor</span>
    </annotation>
    <annotation annotator="Mike Bada, University of Colorado Anschutz Medical Campus" id="CL_basic_2014_02_21_Instance_22171" type="identity">
      <class id="CL:0000210" label="photoreceptor cell"/>
      <span end="28124" id="15676071-4675" start="28111">photoreceptor</span>
    </annotation>
    <annotation annotator="Mike Bada, University of Colorado Anschutz Medical Campus" id="CL_basic_2014_02_21_Instance_22173" type="identity">
      <class id="CL:0000210" label="photoreceptor cell"/>
      <span end="28505" id="15676071-4677" start="28492">photoreceptor</span>
    </annotation>
    <annotation annotator="Mike Bada, University of Colorado Anschutz Medical Campus" id="CL_basic_2014_02_21_Instance_22175" type="identity">
      <class id="CL:0000210" label="photoreceptor cell"/>
      <span end="28904" id="15676071-4679" start="28891">photoreceptor</span>
    </annotation>
    <annotation annotator="Mike Bada, University of Colorado Anschutz Medical Campus" id="CL_basic_2014_02_21_Instance_22177" type="identity">
      <class id="CL:0000210" label="photoreceptor cell"/>
      <span end="29217" id="15676071-4681" start="29204">photoreceptor</span>
    </annotation>
    <annotation annotator="Mike Bada, University of Colorado Anschutz Medical Campus" id="CL_basic_2014_02_21_Instance_22203" type="identity">
      <class id="CL:0000573" label="retinal cone cell"/>
      <span end="29263" id="15676071-4707" start="29259">cone</span>
    </annotation>
    <annotation annotator="Mike Bada, University of Colorado Anschutz Medical Campus" id="CL_basic_2014_02_21_Instance_22245" type="identity">
      <class id="CL:0000604" label="retinal rod cell"/>
      <span end="29267" id="15676071-4747" start="29264">rod</span>
    </annotation>
    <annotation annotator="Mike Bada, University of Colorado Anschutz Medical Campus" id="CL_basic_2014_02_21_Instance_22205" type="identity">
      <class id="CL:0000573" label="retinal cone cell"/>
      <span end="29367" id="15676071-4709" start="29363">cone</span>
    </annotation>
    <annotation annotator="Mike Bada, University of Colorado Anschutz Medical Campus" id="CL_basic_2014_02_21_Instance_22247" type="identity">
      <class id="CL:0000604" label="retinal rod cell"/>
      <span end="29371" id="15676071-4749" start="29368">rod</span>
    </annotation>
    <annotation annotator="Mike Bada, University of Colorado Anschutz Medical Campus" id="CL_basic_2014_02_21_Instance_22207" type="identity">
      <class id="CL:0000573" label="retinal cone cell"/>
      <span end="29424" id="15676071-4711" start="29420">cone</span>
    </annotation>
    <annotation annotator="Mike Bada, University of Colorado Anschutz Medical Campus" id="CL_basic_2014_02_21_Instance_22249" type="identity">
      <class id="CL:0000604" label="retinal rod cell"/>
      <span end="29521" id="15676071-4751" start="29518">rod</span>
    </annotation>
    <annotation annotator="Mike Bada, University of Colorado Anschutz Medical Campus" id="CL_basic_2014_02_21_Instance_22251" type="identity">
      <class id="CL:0000604" label="retinal rod cell"/>
      <span end="29593" id="15676071-4753" start="29590">rod</span>
    </annotation>
    <annotation annotator="Mike Bada, University of Colorado Anschutz Medical Campus" id="CL_basic_2014_02_21_Instance_22209" type="identity">
      <class id="CL:0000573" label="retinal cone cell"/>
      <span end="29628" id="15676071-4713" start="29624">cone</span>
    </annotation>
    <annotation annotator="Mike Bada, University of Colorado Anschutz Medical Campus" id="CL_basic_2014_02_21_Instance_22179" type="identity">
      <class id="CL:0000210" label="photoreceptor cell"/>
      <span end="29799" id="15676071-4683" start="29785">photoreceptors</span>
    </annotation>
    <annotation annotator="Mike Bada, University of Colorado Anschutz Medical Campus" id="CL_basic_2014_02_21_Instance_22213" type="identity">
      <class id="CL:0000604" label="retinal rod cell"/>
      <span end="29966" id="15676071-4717" start="29963">rod</span>
    </annotation>
    <annotation annotator="Mike Bada, University of Colorado Anschutz Medical Campus" id="CL_basic_2014_02_21_Instance_22211" type="identity">
      <class id="CL:0000573" label="retinal cone cell"/>
      <span end="30025" id="15676071-4715" start="30021">cone</span>
    </annotation>
    <annotation annotator="Mike Bada, University of Colorado Anschutz Medical Campus" id="CL_basic_2014_02_21_Instance_22181" type="identity">
      <class id="CL:0000210" label="photoreceptor cell"/>
      <span end="30190" id="15676071-4685" start="30177">photoreceptor</span>
    </annotation>
    <annotation annotator="Mike Bada, University of Colorado Anschutz Medical Campus" id="CL_basic_2014_02_21_Instance_22183" type="identity">
      <class id="CL:0000210" label="photoreceptor cell"/>
      <span end="30262" id="15676071-4687" start="30249">photoreceptor</span>
    </annotation>
    <annotation annotator="Mike Bada, University of Colorado Anschutz Medical Campus" id="CL_basic_2014_02_21_Instance_16025" type="identity">
      <class id="CL_GO_EXT:cell" label="cell"/>
      <span end="31008" id="15676071-4481" start="31004">cell</span>
    </annotation>
    <annotation annotator="Mike Bada, University of Colorado Anschutz Medical Campus" id="CL_basic_2014_02_21_Instance_22185" type="identity">
      <class id="CL:0000210" label="photoreceptor cell"/>
      <span end="31054" id="15676071-4689" start="31041">photoreceptor</span>
    </annotation>
    <annotation annotator="Mike Bada, University of Colorado Anschutz Medical Campus" id="CL_basic_2014_02_21_Instance_22187" type="identity">
      <class id="CL:0000210" label="photoreceptor cell"/>
      <span end="31204" id="15676071-4691" start="31191">photoreceptor</span>
    </annotation>
    <annotation annotator="Mike Bada, University of Colorado Anschutz Medical Campus" id="CL_basic_2014_02_21_Instance_22189" type="identity">
      <class id="CL:0000210" label="photoreceptor cell"/>
      <span end="32368" id="15676071-4693" start="32355">photoreceptor</span>
    </annotation>
    <graph-space id="Old Knowtator Relations"/>
  </document>
</knowtator-project>
