<?xml version="1.0" encoding="UTF-8" standalone="no"?>
<knowtator-project>
  <document id="15819996" text-file="15819996.txt">
    <annotation annotator="Mike Bada, University of Colorado Anschutz Medical Campus" id="CL_basic_2014_02_21_Instance_16185" type="identity">
      <class id="CL:0000127" label="astrocyte"/>
      <span end="371" id="15819996-4952" start="361">astrocytes</span>
    </annotation>
    <annotation annotator="Mike Bada, University of Colorado Anschutz Medical Campus" id="CL_basic_2014_02_21_Instance_16187" type="identity">
      <class id="CL_GO_EXT:cell" label="cell"/>
      <span end="674" id="15819996-4954" start="669">cells</span>
    </annotation>
    <annotation annotator="Mike Bada, University of Colorado Anschutz Medical Campus" id="CL_basic_2014_02_21_plus_nested_Instance_50650" type="identity">
      <class id="CL_GO_EXT:cell" label="cell"/>
      <span end="732" id="15819996-5322" start="724">cellular</span>
    </annotation>
    <annotation annotator="Mike Bada, University of Colorado Anschutz Medical Campus" id="CL_basic_2014_02_21_plus_nested_Instance_50655" type="identity">
      <class id="CL_GO_EXT:cell" label="cell"/>
      <span end="819" id="15819996-5324" start="811">cellular</span>
    </annotation>
    <annotation annotator="Mike Bada, University of Colorado Anschutz Medical Campus" id="CL_basic_2014_02_21_Instance_16189" type="identity">
      <class id="CL_GO_EXT:cell" label="cell"/>
      <span end="866" id="15819996-4956" start="862">cell</span>
    </annotation>
    <annotation annotator="Mike Bada, University of Colorado Anschutz Medical Campus" id="CL_basic_2014_02_21_Instance_16191" type="identity">
      <class id="CL_GO_EXT:cell" label="cell"/>
      <span end="970" id="15819996-4958" start="965">cells</span>
    </annotation>
    <annotation annotator="Mike Bada, University of Colorado Anschutz Medical Campus" id="CL_basic_2014_02_21_Instance_16193" type="identity">
      <class id="CL_GO_EXT:cell" label="cell"/>
      <span end="1059" id="15819996-4960" start="1054">cells</span>
    </annotation>
    <annotation annotator="Mike Bada, University of Colorado Anschutz Medical Campus" id="CL_basic_2014_02_21_Instance_16195" type="identity">
      <class id="CL_GO_EXT:cell" label="cell"/>
      <span end="1204" id="15819996-4962" start="1199">cells</span>
    </annotation>
    <annotation annotator="Mike Bada, University of Colorado Anschutz Medical Campus" id="CL_basic_2014_02_21_Instance_23633" type="identity">
      <class id="CL:0000540" label="neuron"/>
      <span end="1304" id="15819996-5210" start="1290">Neuronal cells</span>
    </annotation>
    <annotation annotator="Mike Bada, University of Colorado Anschutz Medical Campus" id="CL_basic_2014_02_21_Instance_23635" type="identity">
      <class id="CL:0000125" label="glial cell"/>
      <span end="1385" id="15819996-5212" start="1380">glial</span>
    </annotation>
    <annotation annotator="Mike Bada, University of Colorado Anschutz Medical Campus" id="CL_basic_2014_02_21_Instance_16197" type="identity">
      <class id="CL:0000127" label="astrocyte"/>
      <span end="1438" id="15819996-4964" start="1428">astrocytes</span>
    </annotation>
    <annotation annotator="Mike Bada, University of Colorado Anschutz Medical Campus" id="CL_basic_2014_02_21_Instance_24175" type="identity">
      <class id="CL:0000540" label="neuron"/>
      <span end="1614" id="15819996-5262" start="1606">neuronal</span>
      <span end="1634" id="15819996-5263" start="1630">cell</span>
    </annotation>
    <annotation annotator="Mike Bada, University of Colorado Anschutz Medical Campus" id="CL_basic_2014_02_21_Instance_11413" type="identity">
      <class id="CL:0000127" label="astrocyte"/>
      <span end="1634" id="15819996-4937" start="1619">astroglial cell</span>
    </annotation>
    <annotation annotator="Mike Bada, University of Colorado Anschutz Medical Campus" id="CL_basic_2014_02_21_Instance_16199" type="identity">
      <class id="CL_GO_EXT:cell" label="cell"/>
      <span end="1724" id="15819996-4966" start="1719">cells</span>
    </annotation>
    <annotation annotator="Mike Bada, University of Colorado Anschutz Medical Campus" id="CL_basic_2014_02_21_Instance_23639" type="identity">
      <class id="CL:0000540" label="neuron"/>
      <span end="1817" id="15819996-5214" start="1803">neuronal cells</span>
    </annotation>
    <annotation annotator="Mike Bada, University of Colorado Anschutz Medical Campus" id="CL_basic_2014_02_21_Instance_23643" type="identity">
      <class id="CL:0000540" label="neuron"/>
      <span end="1916" id="15819996-5216" start="1902">neuronal cells</span>
    </annotation>
    <annotation annotator="Mike Bada, University of Colorado Anschutz Medical Campus" id="CL_basic_2014_02_21_Instance_16201" type="identity">
      <class id="CL_GO_EXT:cell" label="cell"/>
      <span end="2952" id="15819996-4968" start="2947">cells</span>
    </annotation>
    <annotation annotator="Mike Bada, University of Colorado Anschutz Medical Campus" id="CL_basic_2014_02_21_Instance_40503" type="identity">
      <class id="CL:1000426" label="chromaffin cell of adrenal gland"/>
      <span end="3101" id="15819996-5284" start="3077">adrenal chromaffin cells</span>
    </annotation>
    <annotation annotator="Mike Bada, University of Colorado Anschutz Medical Campus" id="CL_basic_2014_02_21_Instance_16205" type="identity">
      <class id="CL:0000232" label="erythrocyte"/>
      <span end="3519" id="15819996-4970" start="3504">red blood cells</span>
    </annotation>
    <annotation annotator="Mike Bada, University of Colorado Anschutz Medical Campus" id="CL_basic_2014_02_21_plus_nested_Instance_50661" type="identity">
      <class id="CL_GO_EXT:cell" label="cell"/>
      <span end="3596" id="15819996-5326" start="3588">cellular</span>
    </annotation>
    <annotation annotator="Mike Bada, University of Colorado Anschutz Medical Campus" id="CL_basic_2014_02_21_Instance_16207" type="identity">
      <class id="CL:0000056" label="myoblast"/>
      <span end="3647" id="15819996-4972" start="3639">myoblast</span>
    </annotation>
    <annotation annotator="Mike Bada, University of Colorado Anschutz Medical Campus" id="CL_basic_2014_02_21_Instance_16209" type="identity">
      <class id="CL_GO_EXT:cell" label="cell"/>
      <span end="3690" id="15819996-4974" start="3685">cells</span>
    </annotation>
    <annotation annotator="Mike Bada, University of Colorado Anschutz Medical Campus" id="CL_basic_2014_02_21_Instance_16211" type="identity">
      <class id="CL_GO_EXT:cell" label="cell"/>
      <span end="3794" id="15819996-4976" start="3789">cells</span>
    </annotation>
    <annotation annotator="Mike Bada, University of Colorado Anschutz Medical Campus" id="CL_basic_2014_02_21_Instance_16213" type="identity">
      <class id="CL:0000232" label="erythrocyte"/>
      <span end="3987" id="15819996-4978" start="3972">red blood cells</span>
    </annotation>
    <annotation annotator="Mike Bada, University of Colorado Anschutz Medical Campus" id="CL_basic_2014_02_21_Instance_16215" type="identity">
      <class id="CL:0000233" label="platelet"/>
      <span end="3997" id="15819996-4980" start="3989">platelet</span>
    </annotation>
    <annotation annotator="Mike Bada, University of Colorado Anschutz Medical Campus" id="CL_basic_2014_02_21_Instance_23645" type="identity">
      <class id="CL:0000127" label="astrocyte"/>
      <span end="4063" id="15819996-5218" start="4053">astrocytic</span>
    </annotation>
    <annotation annotator="Mike Bada, University of Colorado Anschutz Medical Campus" id="CL_basic_2014_02_21_Instance_40510" type="identity">
      <class id="CL:0002322" label="embryonic stem cell"/>
      <span end="4591" id="15819996-5286" start="4583">ES cells</span>
    </annotation>
    <annotation annotator="Mike Bada, University of Colorado Anschutz Medical Campus" id="CL_basic_2014_02_21_Instance_40512" type="identity">
      <class id="CL:0002322" label="embryonic stem cell"/>
      <span end="4854" id="15819996-5288" start="4846">ES-cells</span>
    </annotation>
    <annotation annotator="Mike Bada, University of Colorado Anschutz Medical Campus" id="CL_basic_2014_02_21_Instance_40514" type="identity">
      <class id="CL:0002322" label="embryonic stem cell"/>
      <span end="5294" id="15819996-5290" start="5286">ES cells</span>
    </annotation>
    <annotation annotator="Mike Bada, University of Colorado Anschutz Medical Campus" id="CL_basic_2014_02_21_Instance_16221" type="identity">
      <class id="CL_GO_EXT:cell" label="cell"/>
      <span end="5373" id="15819996-4982" start="5368">cells</span>
    </annotation>
    <annotation annotator="Mike Bada, University of Colorado Anschutz Medical Campus" id="CL_basic_2014_02_21_Instance_40516" type="identity">
      <class id="CL:0002322" label="embryonic stem cell"/>
      <span end="5502" id="15819996-5292" start="5494">ES-cells</span>
    </annotation>
    <annotation annotator="Mike Bada, University of Colorado Anschutz Medical Campus" id="CL_basic_2014_02_21_Instance_40518" type="identity">
      <class id="CL:0002322" label="embryonic stem cell"/>
      <span end="5758" id="15819996-5294" start="5750">ES cells</span>
    </annotation>
    <annotation annotator="Mike Bada, University of Colorado Anschutz Medical Campus" id="CL_basic_2014_02_21_Instance_40520" type="identity">
      <class id="CL:0002322" label="embryonic stem cell"/>
      <span end="5762" id="15819996-5296" start="5760">ES</span>
    </annotation>
    <annotation annotator="Mike Bada, University of Colorado Anschutz Medical Campus" id="CL_basic_2014_02_21_Instance_16225" type="identity">
      <class id="CL_GO_EXT:cell" label="cell"/>
      <span end="5866" id="15819996-4984" start="5861">cells</span>
    </annotation>
    <annotation annotator="Mike Bada, University of Colorado Anschutz Medical Campus" id="CL_basic_2014_02_21_Instance_40522" type="identity">
      <class id="CL:0002322" label="embryonic stem cell"/>
      <span end="5961" id="15819996-5298" start="5953">ES cells</span>
    </annotation>
    <annotation annotator="Mike Bada, University of Colorado Anschutz Medical Campus" id="CL_basic_2014_02_21_Instance_16229" type="identity">
      <class id="CL_GO_EXT:cell" label="cell"/>
      <span end="6481" id="15819996-4986" start="6477">cell</span>
    </annotation>
    <annotation annotator="Mike Bada, University of Colorado Anschutz Medical Campus" id="CL_basic_2014_02_21_Instance_16231" type="identity">
      <class id="CL_GO_EXT:cell" label="cell"/>
      <span end="6741" id="15819996-4988" start="6737">cell</span>
    </annotation>
    <annotation annotator="Mike Bada, University of Colorado Anschutz Medical Campus" id="CL_basic_2014_02_21_plus_nested_Instance_50666" type="identity">
      <class id="CL_GO_EXT:cell" label="cell"/>
      <span end="6972" id="15819996-5328" start="6964">cellular</span>
    </annotation>
    <annotation annotator="Mike Bada, University of Colorado Anschutz Medical Campus" id="CL_basic_2014_02_21_Instance_16233" type="identity">
      <class id="CL_GO_EXT:cell" label="cell"/>
      <span end="7069" id="15819996-4990" start="7064">cells</span>
    </annotation>
    <annotation annotator="Mike Bada, University of Colorado Anschutz Medical Campus" id="CL_basic_2014_02_21_Instance_16235" type="identity">
      <class id="CL:0000025" label="egg cell"/>
      <span end="7251" id="15819996-4992" start="7248">egg</span>
    </annotation>
    <annotation annotator="Mike Bada, University of Colorado Anschutz Medical Campus" id="CL_basic_2014_02_21_Instance_16237" type="identity">
      <class id="CL_GO_EXT:cell" label="cell"/>
      <span end="7286" id="15819996-4994" start="7282">cell</span>
    </annotation>
    <annotation annotator="Mike Bada, University of Colorado Anschutz Medical Campus" id="CL_basic_2014_02_21_Instance_16239" type="identity">
      <class id="CL:0000223" label="endodermal cell"/>
      <span end="7358" id="15819996-4996" start="7344">endoderm cells</span>
    </annotation>
    <annotation annotator="Mike Bada, University of Colorado Anschutz Medical Campus" id="CL_basic_2014_02_21_Instance_16241" type="identity">
      <class id="CL_GO_EXT:cell" label="cell"/>
      <span end="7519" id="15819996-4998" start="7515">cell</span>
    </annotation>
    <annotation annotator="Mike Bada, University of Colorado Anschutz Medical Campus" id="CL_basic_2014_02_21_Instance_16243" type="identity">
      <class id="CL:0000025" label="egg cell"/>
      <span end="7536" id="15819996-5000" start="7533">egg</span>
    </annotation>
    <annotation annotator="Mike Bada, University of Colorado Anschutz Medical Campus" id="CL_basic_2014_02_21_plus_nested_Instance_50670" type="identity">
      <class id="CL_GO_EXT:cell" label="cell"/>
      <span end="8581" id="15819996-5330" start="8573">cellular</span>
    </annotation>
    <annotation annotator="Mike Bada, University of Colorado Anschutz Medical Campus" id="CL_basic_2014_02_21_Instance_23653" type="identity">
      <class id="CL_GO_EXT:cell" label="cell"/>
      <span end="8655" id="15819996-5220" start="8647">cellular</span>
    </annotation>
    <annotation annotator="Mike Bada, University of Colorado Anschutz Medical Campus" id="CL_basic_2014_02_21_plus_nested_Instance_50674" type="identity">
      <class id="CL_GO_EXT:cell" label="cell"/>
      <span end="8671" id="15819996-5332" start="8663">cellular</span>
    </annotation>
    <annotation annotator="Mike Bada, University of Colorado Anschutz Medical Campus" id="CL_basic_2014_02_21_Instance_16245" type="identity">
      <class id="CL_GO_EXT:cell" label="cell"/>
      <span end="8829" id="15819996-5002" start="8824">cells</span>
    </annotation>
    <annotation annotator="Mike Bada, University of Colorado Anschutz Medical Campus" id="CL_basic_2014_02_21_Instance_16247" type="identity">
      <class id="CL_GO_EXT:cell" label="cell"/>
      <span end="9105" id="15819996-5004" start="9100">cells</span>
    </annotation>
    <annotation annotator="Mike Bada, University of Colorado Anschutz Medical Campus" id="CL_basic_2014_02_21_Instance_16249" type="identity">
      <class id="CL_GO_EXT:cell" label="cell"/>
      <span end="9290" id="15819996-5006" start="9285">cells</span>
    </annotation>
    <annotation annotator="Mike Bada, University of Colorado Anschutz Medical Campus" id="CL_basic_2014_02_21_Instance_16251" type="identity">
      <class id="CL:0000540" label="neuron"/>
      <span end="9355" id="15819996-5008" start="9348">neurons</span>
    </annotation>
    <annotation annotator="Mike Bada, University of Colorado Anschutz Medical Campus" id="CL_basic_2014_02_21_Instance_16253" type="identity">
      <class id="CL:0000125" label="glial cell"/>
      <span end="9441" id="15819996-5010" start="9430">glial cells</span>
    </annotation>
    <annotation annotator="Mike Bada, University of Colorado Anschutz Medical Campus" id="CL_basic_2014_02_21_Instance_16255" type="identity">
      <class id="CL_GO_EXT:cell" label="cell"/>
      <span end="9493" id="15819996-5012" start="9488">Cells</span>
    </annotation>
    <annotation annotator="Mike Bada, University of Colorado Anschutz Medical Campus" id="CL_basic_2014_02_21_plus_nested_Instance_50678" type="identity">
      <class id="CL_GO_EXT:cell" label="cell"/>
      <span end="9723" id="15819996-5334" start="9715">cellular</span>
    </annotation>
    <annotation annotator="Mike Bada, University of Colorado Anschutz Medical Campus" id="CL_basic_2014_02_21_Instance_16257" type="identity">
      <class id="CL_GO_EXT:cell" label="cell"/>
      <span end="9988" id="15819996-5014" start="9983">cells</span>
    </annotation>
    <annotation annotator="Mike Bada, University of Colorado Anschutz Medical Campus" id="CL_basic_2014_02_21_Instance_16259" type="identity">
      <class id="CL_GO_EXT:cell" label="cell"/>
      <span end="10223" id="15819996-5016" start="10218">cells</span>
    </annotation>
    <annotation annotator="Mike Bada, University of Colorado Anschutz Medical Campus" id="CL_basic_2014_02_21_Instance_16261" type="identity">
      <class id="CL_GO_EXT:cell" label="cell"/>
      <span end="10299" id="15819996-5018" start="10294">cells</span>
    </annotation>
    <annotation annotator="Mike Bada, University of Colorado Anschutz Medical Campus" id="CL_basic_2014_02_21_Instance_16263" type="identity">
      <class id="CL_GO_EXT:cell" label="cell"/>
      <span end="10429" id="15819996-5020" start="10424">cells</span>
    </annotation>
    <annotation annotator="Mike Bada, University of Colorado Anschutz Medical Campus" id="CL_basic_2014_02_21_Instance_16265" type="identity">
      <class id="CL_GO_EXT:cell" label="cell"/>
      <span end="10661" id="15819996-5022" start="10656">cells</span>
    </annotation>
    <annotation annotator="Mike Bada, University of Colorado Anschutz Medical Campus" id="CL_basic_2014_02_21_Instance_16267" type="identity">
      <class id="CL:0000540" label="neuron"/>
      <span end="10905" id="15819996-5024" start="10898">neurons</span>
    </annotation>
    <annotation annotator="Mike Bada, University of Colorado Anschutz Medical Campus" id="CL_basic_2014_02_21_Instance_16269" type="identity">
      <class id="CL:0000540" label="neuron"/>
      <span end="11156" id="15819996-5026" start="11149">neurons</span>
    </annotation>
    <annotation annotator="Mike Bada, University of Colorado Anschutz Medical Campus" id="CL_basic_2014_02_21_Instance_16271" type="identity">
      <class id="CL:0000127" label="astrocyte"/>
      <span end="11278" id="15819996-5028" start="11268">astrocytes</span>
    </annotation>
    <annotation annotator="Mike Bada, University of Colorado Anschutz Medical Campus" id="CL_basic_2014_02_21_Instance_16273" type="identity">
      <class id="CL:0000540" label="neuron"/>
      <span end="11418" id="15819996-5030" start="11411">neurons</span>
    </annotation>
    <annotation annotator="Mike Bada, University of Colorado Anschutz Medical Campus" id="CL_basic_2014_02_21_Instance_16275" type="identity">
      <class id="CL:0000127" label="astrocyte"/>
      <span end="11547" id="15819996-5032" start="11537">astrocytes</span>
    </annotation>
    <annotation annotator="Mike Bada, University of Colorado Anschutz Medical Campus" id="CL_basic_2014_02_21_Instance_16277" type="identity">
      <class id="CL:0000540" label="neuron"/>
      <span end="11684" id="15819996-5034" start="11678">neuron</span>
    </annotation>
    <annotation annotator="Mike Bada, University of Colorado Anschutz Medical Campus" id="CL_basic_2014_02_21_Instance_23657" type="identity">
      <class id="CL:0000127" label="astrocyte"/>
      <span end="11752" id="15819996-5222" start="11737">astrocytic cell</span>
    </annotation>
    <annotation annotator="Mike Bada, University of Colorado Anschutz Medical Campus" id="CL_basic_2014_02_21_Instance_23659" type="identity">
      <class id="CL_GO_EXT:cell" label="cell"/>
      <span end="11876" id="15819996-5224" start="11868">cellular</span>
    </annotation>
    <annotation annotator="Mike Bada, University of Colorado Anschutz Medical Campus" id="CL_basic_2014_02_21_Instance_16279" type="identity">
      <class id="CL_GO_EXT:cell" label="cell"/>
      <span end="11901" id="15819996-5036" start="11897">cell</span>
    </annotation>
    <annotation annotator="Mike Bada, University of Colorado Anschutz Medical Campus" id="CL_basic_2014_02_21_Instance_16281" type="identity">
      <class id="CL:0000598" label="pyramidal cell"/>
      <span end="12025" id="15819996-5038" start="12009">pyramidal neuron</span>
    </annotation>
    <annotation annotator="Mike Bada, University of Colorado Anschutz Medical Campus" id="CL_basic_2014_02_21_Instance_16283" type="identity">
      <class id="CL:0000540" label="neuron"/>
      <span end="12201" id="15819996-5040" start="12194">neurons</span>
    </annotation>
    <annotation annotator="Mike Bada, University of Colorado Anschutz Medical Campus" id="CL_basic_2014_02_21_Instance_16285" type="identity">
      <class id="CL:0000127" label="astrocyte"/>
      <span end="12216" id="15819996-5042" start="12206">astrocytes</span>
    </annotation>
    <annotation annotator="Mike Bada, University of Colorado Anschutz Medical Campus" id="CL_basic_2014_02_21_Instance_16287" type="identity">
      <class id="CL_GO_EXT:cell" label="cell"/>
      <span end="12379" id="15819996-5044" start="12374">cells</span>
    </annotation>
    <annotation annotator="Mike Bada, University of Colorado Anschutz Medical Campus" id="CL_basic_2014_02_21_Instance_16289" type="identity">
      <class id="CL:0000540" label="neuron"/>
      <span end="12410" id="15819996-5046" start="12403">neurons</span>
    </annotation>
    <annotation annotator="Mike Bada, University of Colorado Anschutz Medical Campus" id="CL_basic_2014_02_21_Instance_16291" type="identity">
      <class id="CL:0000598" label="pyramidal cell"/>
      <span end="12861" id="15819996-5048" start="12844">pyramidal neurons</span>
    </annotation>
    <annotation annotator="Mike Bada, University of Colorado Anschutz Medical Campus" id="CL_basic_2014_02_21_Instance_16293" type="identity">
      <class id="CL:0000540" label="neuron"/>
      <span end="12933" id="15819996-5050" start="12926">neurons</span>
    </annotation>
    <annotation annotator="Mike Bada, University of Colorado Anschutz Medical Campus" id="CL_basic_2014_02_21_Instance_16295" type="identity">
      <class id="CL:0000540" label="neuron"/>
      <span end="13185" id="15819996-5052" start="13178">neurons</span>
    </annotation>
    <annotation annotator="Mike Bada, University of Colorado Anschutz Medical Campus" id="CL_basic_2014_02_21_Instance_16297" type="identity">
      <class id="CL:0000127" label="astrocyte"/>
      <span end="13286" id="15819996-5054" start="13276">astrocytes</span>
    </annotation>
    <annotation annotator="Mike Bada, University of Colorado Anschutz Medical Campus" id="CL_basic_2014_02_21_Instance_16299" type="identity">
      <class id="CL:0000598" label="pyramidal cell"/>
      <span end="13381" id="15819996-5056" start="13364">pyramidal neurons</span>
    </annotation>
    <annotation annotator="Mike Bada, University of Colorado Anschutz Medical Campus" id="CL_basic_2014_02_21_Instance_16301" type="identity">
      <class id="CL:0000540" label="neuron"/>
      <span end="13493" id="15819996-5058" start="13486">neurons</span>
    </annotation>
    <annotation annotator="Mike Bada, University of Colorado Anschutz Medical Campus" id="CL_basic_2014_02_21_Instance_24145" type="identity">
      <class id="CL:0000127" label="astrocyte"/>
      <span end="14119" id="15819996-5260" start="14109">astrocytic</span>
    </annotation>
    <annotation annotator="Mike Bada, University of Colorado Anschutz Medical Campus" id="CL_basic_2014_02_21_Instance_16303" type="identity">
      <class id="CL:0000127" label="astrocyte"/>
      <span end="14154" id="15819996-5060" start="14144">astrocytes</span>
    </annotation>
    <annotation annotator="Mike Bada, University of Colorado Anschutz Medical Campus" id="CL_basic_2014_02_21_Instance_16305" type="identity">
      <class id="CL_GO_EXT:cell" label="cell"/>
      <span end="14201" id="15819996-5062" start="14196">cells</span>
    </annotation>
    <annotation annotator="Mike Bada, University of Colorado Anschutz Medical Campus" id="CL_basic_2014_02_21_Instance_16307" type="identity">
      <class id="CL:0000598" label="pyramidal cell"/>
      <span end="14356" id="15819996-5064" start="14339">pyramidal neurons</span>
    </annotation>
    <annotation annotator="Mike Bada, University of Colorado Anschutz Medical Campus" id="CL_basic_2014_02_21_plus_nested_Instance_50528" type="identity">
      <class id="CL_GO_EXT:cell" label="cell"/>
      <span end="15112" id="15819996-5320" start="15104">cellular</span>
    </annotation>
    <annotation annotator="Mike Bada, University of Colorado Anschutz Medical Campus" id="CL_basic_2014_02_21_Instance_16309" type="identity">
      <class id="CL:0000540" label="neuron"/>
      <span end="15275" id="15819996-5066" start="15268">neurons</span>
    </annotation>
    <annotation annotator="Mike Bada, University of Colorado Anschutz Medical Campus" id="CL_basic_2014_02_21_Instance_16311" type="identity">
      <class id="CL_GO_EXT:cell" label="cell"/>
      <span end="15396" id="15819996-5068" start="15392">cell</span>
    </annotation>
    <annotation annotator="Mike Bada, University of Colorado Anschutz Medical Campus" id="CL_basic_2014_02_21_Instance_16313" type="identity">
      <class id="CL:0000540" label="neuron"/>
      <span end="15414" id="15819996-5070" start="15407">neurons</span>
    </annotation>
    <annotation annotator="Mike Bada, University of Colorado Anschutz Medical Campus" id="CL_basic_2014_02_21_Instance_16315" type="identity">
      <class id="CL:0000540" label="neuron"/>
      <span end="15481" id="15819996-5072" start="15474">neurons</span>
    </annotation>
    <annotation annotator="Mike Bada, University of Colorado Anschutz Medical Campus" id="CL_basic_2014_02_21_Instance_16317" type="identity">
      <class id="CL:0000127" label="astrocyte"/>
      <span end="15493" id="15819996-5074" start="15483">Astrocytes</span>
    </annotation>
    <annotation annotator="Mike Bada, University of Colorado Anschutz Medical Campus" id="CL_basic_2014_02_21_Instance_16319" type="identity">
      <class id="CL:0000127" label="astrocyte"/>
      <span end="15716" id="15819996-5076" start="15706">astrocytes</span>
    </annotation>
    <annotation annotator="Mike Bada, University of Colorado Anschutz Medical Campus" id="CL_basic_2014_02_21_Instance_16321" type="identity">
      <class id="CL:0000121" label="Purkinje cell"/>
      <span end="15937" id="15819996-5078" start="15923">Purkinje cells</span>
    </annotation>
    <annotation annotator="Mike Bada, University of Colorado Anschutz Medical Campus" id="CL_basic_2014_02_21_Instance_23663" type="identity">
      <class id="CL:0000121" label="Purkinje cell"/>
      <span end="16249" id="15819996-5226" start="16236">Purkinje-cell</span>
    </annotation>
    <annotation annotator="Mike Bada, University of Colorado Anschutz Medical Campus" id="CL_basic_2014_02_21_Instance_23665" type="identity">
      <class id="CL:0000121" label="Purkinje cell"/>
      <span end="16310" id="15819996-5228" start="16296">Purkinje-cells</span>
    </annotation>
    <annotation annotator="Mike Bada, University of Colorado Anschutz Medical Campus" id="CL_basic_2014_02_21_Instance_16323" type="identity">
      <class id="CL:0000127" label="astrocyte"/>
      <span end="16541" id="15819996-5080" start="16531">astrocytes</span>
    </annotation>
    <annotation annotator="Mike Bada, University of Colorado Anschutz Medical Campus" id="CL_basic_2014_02_21_Instance_11415" type="identity">
      <class id="CL:0000712" label="stratum granulosum cell"/>
      <span end="16718" id="15819996-4939" start="16710">cells of</span>
      <span end="16741" id="15819996-4940" start="16723">stratum granulosum</span>
    </annotation>
    <annotation annotator="Mike Bada, University of Colorado Anschutz Medical Campus" id="CL_basic_2014_02_21_Instance_23667" type="identity">
      <class id="CL:0000121" label="Purkinje cell"/>
      <span end="17089" id="15819996-5230" start="17075">Purkinje-cells</span>
    </annotation>
    <annotation annotator="Mike Bada, University of Colorado Anschutz Medical Campus" id="CL_basic_2014_02_21_Instance_23669" type="identity">
      <class id="CL:0000121" label="Purkinje cell"/>
      <span end="17196" id="15819996-5232" start="17182">Purkinje-cells</span>
    </annotation>
    <annotation annotator="Mike Bada, University of Colorado Anschutz Medical Campus" id="CL_basic_2014_02_21_Instance_16325" type="identity">
      <class id="CL:0000540" label="neuron"/>
      <span end="17306" id="15819996-5082" start="17299">neurons</span>
    </annotation>
    <annotation annotator="Mike Bada, University of Colorado Anschutz Medical Campus" id="CL_basic_2014_02_21_Instance_16327" type="identity">
      <class id="CL_GO_EXT:cell" label="cell"/>
      <span end="17371" id="15819996-5084" start="17367">cell</span>
    </annotation>
    <annotation annotator="Mike Bada, University of Colorado Anschutz Medical Campus" id="CL_basic_2014_02_21_Instance_23671" type="identity">
      <class id="CL:0000121" label="Purkinje cell"/>
      <span end="17444" id="15819996-5234" start="17431">Purkinje-cell</span>
    </annotation>
    <annotation annotator="Mike Bada, University of Colorado Anschutz Medical Campus" id="CL_basic_2014_02_21_Instance_23675" type="identity">
      <class id="CL:0000121" label="Purkinje cell"/>
      <span end="17603" id="15819996-5236" start="17590">Purkinje-cell</span>
    </annotation>
    <annotation annotator="Mike Bada, University of Colorado Anschutz Medical Campus" id="CL_basic_2014_02_21_Instance_16329" type="identity">
      <class id="CL:0000127" label="astrocyte"/>
      <span end="17876" id="15819996-5086" start="17866">astrocytes</span>
    </annotation>
    <annotation annotator="Mike Bada, University of Colorado Anschutz Medical Campus" id="CL_basic_2014_02_21_Instance_16331" type="identity">
      <class id="CL:0000127" label="astrocyte"/>
      <span end="17995" id="15819996-5088" start="17985">astrocytes</span>
    </annotation>
    <annotation annotator="Mike Bada, University of Colorado Anschutz Medical Campus" id="CL_basic_2014_02_21_Instance_16333" type="identity">
      <class id="CL:0000598" label="pyramidal cell"/>
      <span end="18024" id="15819996-5090" start="18007">Pyramidal neurons</span>
    </annotation>
    <annotation annotator="Mike Bada, University of Colorado Anschutz Medical Campus" id="CL_basic_2014_02_21_Instance_16335" type="identity">
      <class id="CL:0000540" label="neuron"/>
      <span end="18179" id="15819996-5092" start="18172">neurons</span>
    </annotation>
    <annotation annotator="Mike Bada, University of Colorado Anschutz Medical Campus" id="CL_basic_2014_02_21_Instance_16337" type="identity">
      <class id="CL:0000598" label="pyramidal cell"/>
      <span end="18522" id="15819996-5094" start="18505">Pyramidal neurons</span>
    </annotation>
    <annotation annotator="Mike Bada, University of Colorado Anschutz Medical Campus" id="CL_basic_2014_02_21_Instance_16339" type="identity">
      <class id="CL:0000127" label="astrocyte"/>
      <span end="18772" id="15819996-5096" start="18762">astrocytes</span>
    </annotation>
    <annotation annotator="Mike Bada, University of Colorado Anschutz Medical Campus" id="CL_basic_2014_02_21_Instance_16341" type="identity">
      <class id="CL:0000127" label="astrocyte"/>
      <span end="18866" id="15819996-5098" start="18856">astrocytes</span>
    </annotation>
    <annotation annotator="Mike Bada, University of Colorado Anschutz Medical Campus" id="CL_basic_2014_02_21_Instance_16343" type="identity">
      <class id="CL_GO_EXT:cell" label="cell"/>
      <span end="18965" id="15819996-5100" start="18961">cell</span>
    </annotation>
    <annotation annotator="Mike Bada, University of Colorado Anschutz Medical Campus" id="CL_basic_2014_02_21_Instance_16345" type="identity">
      <class id="CL:0000540" label="neuron"/>
      <span end="19189" id="15819996-5102" start="19182">neurons</span>
    </annotation>
    <annotation annotator="Mike Bada, University of Colorado Anschutz Medical Campus" id="CL_basic_2014_02_21_Instance_24177" type="identity">
      <class id="CL:0000540" label="neuron"/>
      <span end="19309" id="15819996-5265" start="19301">neuronal</span>
      <span end="19330" id="15819996-5266" start="19325">cells</span>
    </annotation>
    <annotation annotator="Mike Bada, University of Colorado Anschutz Medical Campus" id="CL_basic_2014_02_21_Instance_11417" type="identity">
      <class id="CL:0000127" label="astrocyte"/>
      <span end="19330" id="15819996-4942" start="19314">astroglial cells</span>
    </annotation>
    <annotation annotator="Mike Bada, University of Colorado Anschutz Medical Campus" id="CL_basic_2014_02_21_Instance_16347" type="identity">
      <class id="CL_GO_EXT:cell" label="cell"/>
      <span end="19405" id="15819996-5104" start="19400">cells</span>
    </annotation>
    <annotation annotator="Mike Bada, University of Colorado Anschutz Medical Campus" id="CL_basic_2014_02_21_Instance_16349" type="identity">
      <class id="CL:0000540" label="neuron"/>
      <span end="19445" id="15819996-5106" start="19438">neurons</span>
    </annotation>
    <annotation annotator="Mike Bada, University of Colorado Anschutz Medical Campus" id="CL_basic_2014_02_21_Instance_40535" type="identity">
      <class id="CL:0000010" label="cultured cell"/>
      <span end="19709" id="15819996-5300" start="19695">cultured cells</span>
    </annotation>
    <annotation annotator="Mike Bada, University of Colorado Anschutz Medical Campus" id="CL_basic_2014_02_21_Instance_16353" type="identity">
      <class id="CL_GO_EXT:cell" label="cell"/>
      <span end="20309" id="15819996-5108" start="20304">cells</span>
    </annotation>
    <annotation annotator="Mike Bada, University of Colorado Anschutz Medical Campus" id="CL_basic_2014_02_21_Instance_24183" type="identity">
      <class id="CL:0000540" label="neuron"/>
      <span end="20633" id="15819996-5274" start="20625">neuronal</span>
      <span end="20676" id="15819996-5275" start="20672">cell</span>
    </annotation>
    <annotation annotator="Mike Bada, University of Colorado Anschutz Medical Campus" id="CL_basic_2014_02_21_Instance_11419" type="identity">
      <class id="CL:0000127" label="astrocyte"/>
      <span end="20666" id="15819996-4944" start="20656">astroglial</span>
      <span end="20676" id="15819996-4945" start="20672">cell</span>
    </annotation>
    <annotation annotator="Mike Bada, University of Colorado Anschutz Medical Campus" id="CL_basic_2014_02_21_Instance_16355" type="identity">
      <class id="CL_GO_EXT:cell" label="cell"/>
      <span end="20783" id="15819996-5110" start="20778">cells</span>
    </annotation>
    <annotation annotator="Mike Bada, University of Colorado Anschutz Medical Campus" id="CL_basic_2014_02_21_Instance_24179" type="identity">
      <class id="CL:0000540" label="neuron"/>
      <span end="21096" id="15819996-5268" start="21088">neuronal</span>
      <span end="21116" id="15819996-5269" start="21112">cell</span>
    </annotation>
    <annotation annotator="Mike Bada, University of Colorado Anschutz Medical Campus" id="CL_basic_2014_02_21_Instance_11421" type="identity">
      <class id="CL:0000127" label="astrocyte"/>
      <span end="21116" id="15819996-4947" start="21101">astroglial cell</span>
    </annotation>
    <annotation annotator="Mike Bada, University of Colorado Anschutz Medical Campus" id="CL_basic_2014_02_21_Instance_24187" type="identity">
      <class id="CL_GO_EXT:cell" label="cell"/>
      <span end="21276" id="15819996-5280" start="21271">cells</span>
    </annotation>
    <annotation annotator="Mike Bada, University of Colorado Anschutz Medical Campus" id="CL_basic_2014_02_21_Instance_24185" type="identity">
      <class id="CL:0000540" label="neuron"/>
      <span end="21495" id="15819996-5277" start="21487">neuronal</span>
      <span end="21536" id="15819996-5278" start="21532">cell</span>
    </annotation>
    <annotation annotator="Mike Bada, University of Colorado Anschutz Medical Campus" id="CL_basic_2014_02_21_Instance_12585" type="identity">
      <class id="CL:0000127" label="astrocyte"/>
      <span end="21526" id="15819996-4949" start="21516">astroglial</span>
      <span end="21536" id="15819996-4950" start="21532">cell</span>
    </annotation>
    <annotation annotator="Mike Bada, University of Colorado Anschutz Medical Campus" id="CL_basic_2014_02_21_Instance_16357" type="identity">
      <class id="CL_GO_EXT:cell" label="cell"/>
      <span end="21590" id="15819996-5112" start="21585">cells</span>
    </annotation>
    <annotation annotator="Mike Bada, University of Colorado Anschutz Medical Campus" id="CL_basic_2014_02_21_Instance_16359" type="identity">
      <class id="CL_GO_EXT:cell" label="cell"/>
      <span end="21799" id="15819996-5114" start="21794">cells</span>
    </annotation>
    <annotation annotator="Mike Bada, University of Colorado Anschutz Medical Campus" id="CL_basic_2014_02_21_Instance_16361" type="identity">
      <class id="CL_GO_EXT:cell" label="cell"/>
      <span end="22177" id="15819996-5116" start="22172">cells</span>
    </annotation>
    <annotation annotator="Mike Bada, University of Colorado Anschutz Medical Campus" id="CL_basic_2014_02_21_Instance_16363" type="identity">
      <class id="CL_GO_EXT:cell" label="cell"/>
      <span end="22189" id="15819996-5118" start="22184">Cells</span>
    </annotation>
    <annotation annotator="Mike Bada, University of Colorado Anschutz Medical Campus" id="CL_basic_2014_02_21_Instance_16365" type="identity">
      <class id="CL_GO_EXT:cell" label="cell"/>
      <span end="22734" id="15819996-5120" start="22729">cells</span>
    </annotation>
    <annotation annotator="Mike Bada, University of Colorado Anschutz Medical Campus" id="CL_basic_2014_02_21_Instance_16367" type="identity">
      <class id="CL_GO_EXT:cell" label="cell"/>
      <span end="22794" id="15819996-5122" start="22789">cells</span>
    </annotation>
    <annotation annotator="Mike Bada, University of Colorado Anschutz Medical Campus" id="CL_basic_2014_02_21_Instance_23761" type="identity">
      <class id="CL:0000223" label="endodermal cell"/>
      <span end="22894" id="15819996-5238" start="22884">Endodermal</span>
      <span end="22922" id="15819996-5239" start="22917">cells</span>
    </annotation>
    <annotation annotator="Mike Bada, University of Colorado Anschutz Medical Campus" id="CL_basic_2014_02_21_Instance_16369" type="identity">
      <class id="CL:0000222" label="mesodermal cell"/>
      <span end="22922" id="15819996-5124" start="22906">mesodermal cells</span>
    </annotation>
    <annotation annotator="Mike Bada, University of Colorado Anschutz Medical Campus" id="CL_basic_2014_02_21_plus_nested_Instance_50683" type="identity">
      <class id="CL_GO_EXT:cell" label="cell"/>
      <span end="22952" id="15819996-5336" start="22944">cellular</span>
    </annotation>
    <annotation annotator="Mike Bada, University of Colorado Anschutz Medical Campus" id="CL_basic_2014_02_21_plus_nested_Instance_50687" type="identity">
      <class id="CL_GO_EXT:cell" label="cell"/>
      <span end="23052" id="15819996-5338" start="23044">cellular</span>
    </annotation>
    <annotation annotator="Mike Bada, University of Colorado Anschutz Medical Campus" id="CL_basic_2014_02_21_Instance_16371" type="identity">
      <class id="CL_GO_EXT:cell" label="cell"/>
      <span end="23086" id="15819996-5126" start="23081">Cells</span>
    </annotation>
    <annotation annotator="Mike Bada, University of Colorado Anschutz Medical Campus" id="CL_basic_2014_02_21_Instance_16373" type="identity">
      <class id="CL_GO_EXT:cell" label="cell"/>
      <span end="23359" id="15819996-5128" start="23354">cells</span>
    </annotation>
    <annotation annotator="Mike Bada, University of Colorado Anschutz Medical Campus" id="CL_basic_2014_02_21_Instance_16375" type="identity">
      <class id="CL_GO_EXT:cell" label="cell"/>
      <span end="23479" id="15819996-5130" start="23474">cells</span>
    </annotation>
    <annotation annotator="Mike Bada, University of Colorado Anschutz Medical Campus" id="CL_basic_2014_02_21_Instance_70200" type="identity">
      <class id="CL:0000127" label="astrocyte"/>
      <span end="23660" id="15819996-5312" start="23650">astroglial</span>
    </annotation>
    <annotation annotator="Mike Bada, University of Colorado Anschutz Medical Campus" id="CL_basic_2014_02_21_Instance_16377" type="identity">
      <class id="CL:0000681" label="radial glial cell"/>
      <span end="23720" id="15819996-5132" start="23702">radial glial cells</span>
    </annotation>
    <annotation annotator="Mike Bada, University of Colorado Anschutz Medical Campus" id="CL_basic_2014_02_21_Instance_16379" type="identity">
      <class id="CL:0000540" label="neuron"/>
      <span end="23803" id="15819996-5134" start="23796">neurons</span>
    </annotation>
    <annotation annotator="Mike Bada, University of Colorado Anschutz Medical Campus" id="CL_basic_2014_02_21_Instance_16381" type="identity">
      <class id="CL:0000540" label="neuron"/>
      <span end="23843" id="15819996-5136" start="23836">Neurons</span>
    </annotation>
    <annotation annotator="Mike Bada, University of Colorado Anschutz Medical Campus" id="CL_basic_2014_02_21_Instance_16383" type="identity">
      <class id="CL_GO_EXT:cell" label="cell"/>
      <span end="24024" id="15819996-5138" start="24020">cell</span>
    </annotation>
    <annotation annotator="Mike Bada, University of Colorado Anschutz Medical Campus" id="CL_basic_2014_02_21_Instance_16385" type="identity">
      <class id="CL_GO_EXT:cell" label="cell"/>
      <span end="24074" id="15819996-5140" start="24070">cell</span>
    </annotation>
    <annotation annotator="Mike Bada, University of Colorado Anschutz Medical Campus" id="CL_basic_2014_02_21_plus_nested_Instance_50691" type="identity">
      <class id="CL_GO_EXT:cell" label="cell"/>
      <span end="24136" id="15819996-5340" start="24128">cellular</span>
    </annotation>
    <annotation annotator="Mike Bada, University of Colorado Anschutz Medical Campus" id="CL_basic_2014_02_21_Instance_16387" type="identity">
      <class id="CL_GO_EXT:cell" label="cell"/>
      <span end="24203" id="15819996-5142" start="24199">cell</span>
    </annotation>
    <annotation annotator="Mike Bada, University of Colorado Anschutz Medical Campus" id="CL_basic_2014_02_21_Instance_16389" type="identity">
      <class id="CL:0000540" label="neuron"/>
      <span end="24300" id="15819996-5144" start="24293">neurons</span>
    </annotation>
    <annotation annotator="Mike Bada, University of Colorado Anschutz Medical Campus" id="CL_basic_2014_02_21_Instance_16391" type="identity">
      <class id="CL:0000127" label="astrocyte"/>
      <span end="24319" id="15819996-5146" start="24309">astrocytes</span>
    </annotation>
    <annotation annotator="Mike Bada, University of Colorado Anschutz Medical Campus" id="CL_basic_2014_02_21_Instance_16393" type="identity">
      <class id="CL:0000598" label="pyramidal cell"/>
      <span end="24404" id="15819996-5148" start="24387">pyramidal neurons</span>
    </annotation>
    <annotation annotator="Mike Bada, University of Colorado Anschutz Medical Campus" id="CL_basic_2014_02_21_Instance_23763" type="identity">
      <class id="CL:0000121" label="Purkinje cell"/>
      <span end="24443" id="15819996-5241" start="24426">Purkinje-cells of</span>
      <span end="24458" id="15819996-5242" start="24448">cerebellum</span>
    </annotation>
    <annotation annotator="Mike Bada, University of Colorado Anschutz Medical Campus" id="CL_basic_2014_02_21_Instance_16395" type="identity">
      <class id="CL:0000127" label="astrocyte"/>
      <span end="24803" id="15819996-5150" start="24793">astrocytes</span>
    </annotation>
    <annotation annotator="Mike Bada, University of Colorado Anschutz Medical Campus" id="CL_basic_2014_02_21_Instance_16397" type="identity">
      <class id="CL:0000540" label="neuron"/>
      <span end="24820" id="15819996-5152" start="24813">neurons</span>
    </annotation>
    <annotation annotator="Mike Bada, University of Colorado Anschutz Medical Campus" id="CL_basic_2014_02_21_Instance_70432" type="identity">
      <class id="CL:0000127" label="astrocyte"/>
      <span end="25367" id="15819996-5314" start="25357">astroglial</span>
    </annotation>
    <annotation annotator="Mike Bada, University of Colorado Anschutz Medical Campus" id="CL_basic_2014_02_21_Instance_16399" type="identity">
      <class id="CL:0000127" label="astrocyte"/>
      <span end="25440" id="15819996-5154" start="25430">astrocytes</span>
    </annotation>
    <annotation annotator="Mike Bada, University of Colorado Anschutz Medical Campus" id="CL_basic_2014_02_21_Instance_16401" type="identity">
      <class id="CL:0000598" label="pyramidal cell"/>
      <span end="25490" id="15819996-5156" start="25473">Pyramidal neurons</span>
    </annotation>
    <annotation annotator="Mike Bada, University of Colorado Anschutz Medical Campus" id="CL_basic_2014_02_21_Instance_16403" type="identity">
      <class id="CL:0000540" label="neuron"/>
      <span end="25627" id="15819996-5158" start="25620">neurons</span>
    </annotation>
    <annotation annotator="Mike Bada, University of Colorado Anschutz Medical Campus" id="CL_basic_2014_02_21_Instance_40542" type="identity">
      <class id="CL:0000010" label="cultured cell"/>
      <span end="25947" id="15819996-5302" start="25933">cultured cells</span>
    </annotation>
    <annotation annotator="Mike Bada, University of Colorado Anschutz Medical Campus" id="CL_basic_2014_02_21_Instance_16407" type="identity">
      <class id="CL_GO_EXT:cell" label="cell"/>
      <span end="25958" id="15819996-5160" start="25954">cell</span>
    </annotation>
    <annotation annotator="Mike Bada, University of Colorado Anschutz Medical Campus" id="CL_basic_2014_02_21_Instance_16409" type="identity">
      <class id="CL_GO_EXT:cell" label="cell"/>
      <span end="26017" id="15819996-5162" start="26012">cells</span>
    </annotation>
    <annotation annotator="Mike Bada, University of Colorado Anschutz Medical Campus" id="CL_basic_2014_02_21_Instance_23765" type="identity">
      <class id="CL_GO_EXT:cell" label="cell"/>
      <span end="26102" id="15819996-5244" start="26094">cellular</span>
    </annotation>
    <annotation annotator="Mike Bada, University of Colorado Anschutz Medical Campus" id="CL_basic_2014_02_21_Instance_16411" type="identity">
      <class id="CL:0000540" label="neuron"/>
      <span end="26193" id="15819996-5164" start="26186">neurons</span>
    </annotation>
    <annotation annotator="Mike Bada, University of Colorado Anschutz Medical Campus" id="CL_basic_2014_02_21_Instance_23767" type="identity">
      <class id="CL_GO_EXT:cell" label="cell"/>
      <span end="26268" id="15819996-5246" start="26260">cellular</span>
    </annotation>
    <annotation annotator="Mike Bada, University of Colorado Anschutz Medical Campus" id="CL_basic_2014_02_21_Instance_16413" type="identity">
      <class id="CL:0000540" label="neuron"/>
      <span end="26709" id="15819996-5166" start="26702">neurons</span>
    </annotation>
    <annotation annotator="Mike Bada, University of Colorado Anschutz Medical Campus" id="CL_basic_2014_02_21_Instance_16415" type="identity">
      <class id="CL:0000127" label="astrocyte"/>
      <span end="26724" id="15819996-5168" start="26714">astrocytes</span>
    </annotation>
    <annotation annotator="Mike Bada, University of Colorado Anschutz Medical Campus" id="CL_basic_2014_02_21_Instance_16417" type="identity">
      <class id="CL_GO_EXT:cell" label="cell"/>
      <span end="26758" id="15819996-5170" start="26754">cell</span>
    </annotation>
    <annotation annotator="Mike Bada, University of Colorado Anschutz Medical Campus" id="CL_basic_2014_02_21_Instance_24189" type="identity">
      <class id="CL_GO_EXT:cell" label="cell"/>
      <span end="26808" id="15819996-5282" start="26803">cells</span>
    </annotation>
    <annotation annotator="Mike Bada, University of Colorado Anschutz Medical Campus" id="CL_basic_2014_02_21_Instance_16419" type="identity">
      <class id="CL:0000232" label="erythrocyte"/>
      <span end="26937" id="15819996-5172" start="26922">red blood cells</span>
    </annotation>
    <annotation annotator="Mike Bada, University of Colorado Anschutz Medical Campus" id="CL_basic_2014_02_21_Instance_16421" type="identity">
      <class id="CL_GO_EXT:cell" label="cell"/>
      <span end="27150" id="15819996-5174" start="27146">cell</span>
    </annotation>
    <annotation annotator="Mike Bada, University of Colorado Anschutz Medical Campus" id="CL_basic_2014_02_21_Instance_16423" type="identity">
      <class id="CL:0000127" label="astrocyte"/>
      <span end="27207" id="15819996-5176" start="27197">astrocytes</span>
    </annotation>
    <annotation annotator="Mike Bada, University of Colorado Anschutz Medical Campus" id="CL_basic_2014_02_21_Instance_23769" type="identity">
      <class id="CL:0000127" label="astrocyte"/>
      <span end="27369" id="15819996-5248" start="27359">astrocytic</span>
    </annotation>
    <annotation annotator="Mike Bada, University of Colorado Anschutz Medical Campus" id="CL_basic_2014_02_21_Instance_16425" type="identity">
      <class id="CL:0000540" label="neuron"/>
      <span end="27523" id="15819996-5178" start="27516">neurons</span>
    </annotation>
    <annotation annotator="Mike Bada, University of Colorado Anschutz Medical Campus" id="CL_basic_2014_02_21_plus_nested_Instance_50696" type="identity">
      <class id="CL_GO_EXT:cell" label="cell"/>
      <span end="28013" id="15819996-5342" start="28005">cellular</span>
    </annotation>
    <annotation annotator="Mike Bada, University of Colorado Anschutz Medical Campus" id="CL_basic_2014_02_21_Instance_16427" type="identity">
      <class id="CL_GO_EXT:cell" label="cell"/>
      <span end="28372" id="15819996-5180" start="28367">cells</span>
    </annotation>
    <annotation annotator="Mike Bada, University of Colorado Anschutz Medical Campus" id="CL_basic_2014_02_21_Instance_23779" type="identity">
      <class id="CL:0000540" label="neuron"/>
      <span end="28398" id="15819996-5258" start="28390">neuronal</span>
    </annotation>
    <annotation annotator="Mike Bada, University of Colorado Anschutz Medical Campus" id="CL_basic_2014_02_21_Instance_40549" type="identity">
      <class id="CL:1001608" label="foreskin fibroblast"/>
      <span end="28992" id="15819996-5304" start="28972">foreskin fibroblasts</span>
    </annotation>
    <annotation annotator="Mike Bada, University of Colorado Anschutz Medical Campus" id="CL_basic_2014_02_21_plus_nested_Instance_40072" type="identity">
      <class id="CL_GO_EXT:cell" label="cell"/>
      <span end="29135" id="15819996-5316" start="29127">cellular</span>
    </annotation>
    <annotation annotator="Mike Bada, University of Colorado Anschutz Medical Campus" id="CL_basic_2014_02_21_Instance_16431" type="identity">
      <class id="CL:0000057" label="fibroblast"/>
      <span end="29298" id="15819996-5182" start="29287">fibroblasts</span>
    </annotation>
    <annotation annotator="Mike Bada, University of Colorado Anschutz Medical Campus" id="CL_basic_2014_02_21_Instance_16433" type="identity">
      <class id="CL_GO_EXT:cell" label="cell"/>
      <span end="29374" id="15819996-5184" start="29369">cells</span>
    </annotation>
    <annotation annotator="Mike Bada, University of Colorado Anschutz Medical Campus" id="CL_basic_2014_02_21_plus_nested_Instance_40077" type="identity">
      <class id="CL_GO_EXT:cell" label="cell"/>
      <span end="29403" id="15819996-5318" start="29395">cellular</span>
    </annotation>
    <annotation annotator="Mike Bada, University of Colorado Anschutz Medical Campus" id="CL_basic_2014_02_21_Instance_16435" type="identity">
      <class id="CL_GO_EXT:cell" label="cell"/>
      <span end="30614" id="15819996-5186" start="30610">cell</span>
    </annotation>
    <annotation annotator="Mike Bada, University of Colorado Anschutz Medical Campus" id="CL_basic_2014_02_21_Instance_16437" type="identity">
      <class id="CL_GO_EXT:cell" label="cell"/>
      <span end="31074" id="15819996-5188" start="31069">cells</span>
    </annotation>
    <annotation annotator="Mike Bada, University of Colorado Anschutz Medical Campus" id="CL_basic_2014_02_21_Instance_16439" type="identity">
      <class id="CL:0000540" label="neuron"/>
      <span end="31180" id="15819996-5190" start="31173">neurons</span>
    </annotation>
    <annotation annotator="Mike Bada, University of Colorado Anschutz Medical Campus" id="CL_basic_2014_02_21_Instance_16441" type="identity">
      <class id="CL:0000127" label="astrocyte"/>
      <span end="31192" id="15819996-5192" start="31182">Astrocytes</span>
    </annotation>
    <annotation annotator="Mike Bada, University of Colorado Anschutz Medical Campus" id="CL_basic_2014_02_21_Instance_23771" type="identity">
      <class id="CL:0000121" label="Purkinje cell"/>
      <span end="31219" id="15819996-5250" start="31194">cerebellar Purkinje-cells</span>
    </annotation>
    <annotation annotator="Mike Bada, University of Colorado Anschutz Medical Campus" id="CL_basic_2014_02_21_Instance_16443" type="identity">
      <class id="CL:0000598" label="pyramidal cell"/>
      <span end="31253" id="15819996-5194" start="31236">pyramidal neurons</span>
    </annotation>
    <annotation annotator="Mike Bada, University of Colorado Anschutz Medical Campus" id="CL_basic_2014_02_21_plus_nested_Instance_50701" type="identity">
      <class id="CL_GO_EXT:cell" label="cell"/>
      <span end="31336" id="15819996-5344" start="31328">cellular</span>
    </annotation>
    <annotation annotator="Mike Bada, University of Colorado Anschutz Medical Campus" id="CL_basic_2014_02_21_Instance_16445" type="identity">
      <class id="CL_GO_EXT:cell" label="cell"/>
      <span end="31411" id="15819996-5196" start="31407">cell</span>
    </annotation>
    <annotation annotator="Mike Bada, University of Colorado Anschutz Medical Campus" id="CL_basic_2014_02_21_Instance_24181" type="identity">
      <class id="CL:0000540" label="neuron"/>
      <span end="31608" id="15819996-5271" start="31600">neuronal</span>
      <span end="31623" id="15819996-5272" start="31619">cell</span>
    </annotation>
    <annotation annotator="Mike Bada, University of Colorado Anschutz Medical Campus" id="CL_basic_2014_02_21_Instance_16447" type="identity">
      <class id="CL:0000125" label="glial cell"/>
      <span end="31623" id="15819996-5198" start="31613">glial cell</span>
    </annotation>
    <annotation annotator="Mike Bada, University of Colorado Anschutz Medical Campus" id="CL_basic_2014_02_21_Instance_23773" type="identity">
      <class id="CL:0000127" label="astrocyte"/>
      <span end="33546" id="15819996-5252" start="33537">astrocyte</span>
    </annotation>
    <annotation annotator="Mike Bada, University of Colorado Anschutz Medical Campus" id="CL_basic_2014_02_21_Instance_23775" type="identity">
      <class id="CL:0000125" label="glial cell"/>
      <span end="33583" id="15819996-5254" start="33578">glial</span>
    </annotation>
    <annotation annotator="Mike Bada, University of Colorado Anschutz Medical Campus" id="CL_basic_2014_02_21_Instance_16449" type="identity">
      <class id="CL_GO_EXT:cell" label="cell"/>
      <span end="36130" id="15819996-5200" start="36126">Cell</span>
    </annotation>
    <annotation annotator="Mike Bada, University of Colorado Anschutz Medical Campus" id="CL_basic_2014_02_21_Instance_16451" type="identity">
      <class id="CL_GO_EXT:cell" label="cell"/>
      <span end="36170" id="15819996-5202" start="36166">cell</span>
    </annotation>
    <annotation annotator="Mike Bada, University of Colorado Anschutz Medical Campus" id="CL_basic_2014_02_21_Instance_16453" type="identity">
      <class id="CL_GO_EXT:cell" label="cell"/>
      <span end="36472" id="15819996-5204" start="36467">cells</span>
    </annotation>
    <annotation annotator="Mike Bada, University of Colorado Anschutz Medical Campus" id="CL_basic_2014_02_21_Instance_40555" type="identity">
      <class id="CL:0000010" label="cultured cell"/>
      <span end="36654" id="15819996-5306" start="36640">Cultured cells</span>
    </annotation>
    <annotation annotator="Mike Bada, University of Colorado Anschutz Medical Campus" id="CL_basic_2014_02_21_Instance_16457" type="identity">
      <class id="CL_GO_EXT:cell" label="cell"/>
      <span end="37011" id="15819996-5206" start="37006">cells</span>
    </annotation>
    <annotation annotator="Mike Bada, University of Colorado Anschutz Medical Campus" id="CL_basic_2014_02_21_Instance_16459" type="identity">
      <class id="CL_GO_EXT:cell" label="cell"/>
      <span end="38061" id="15819996-5208" start="38056">Cells</span>
    </annotation>
    <annotation annotator="Mike Bada, University of Colorado Anschutz Medical Campus" id="CL_basic_2014_02_21_Instance_23777" type="identity">
      <class id="CL_GO_EXT:cell" label="cell"/>
      <span end="38073" id="15819996-5256" start="38065">cellular</span>
    </annotation>
    <annotation annotator="Mike Bada, University of Colorado Anschutz Medical Campus" id="CL_basic_2014_02_21_Instance_40557" type="identity">
      <class id="CL:0002322" label="embryonic stem cell"/>
      <span end="38462" id="15819996-5308" start="38454">ES cells</span>
    </annotation>
    <annotation annotator="Mike Bada, University of Colorado Anschutz Medical Campus" id="CL_basic_2014_02_21_Instance_40559" type="identity">
      <class id="CL:0002322" label="embryonic stem cell"/>
      <span end="38767" id="15819996-5310" start="38759">ES cells</span>
    </annotation>
    <graph-space id="Old Knowtator Relations"/>
  </document>
</knowtator-project>
