<?xml version="1.0" encoding="UTF-8" standalone="no"?>
<knowtator-project>
  <document id="15836427" text-file="15836427.txt">
    <annotation annotator="Mike Bada, University of Colorado Anschutz Medical Campus" id="CL_basic_2014_02_21_Instance_16465" type="identity">
      <class id="CL:0000540" label="neuron"/>
      <span end="53" id="15836427-5355" start="46">Neurons</span>
    </annotation>
    <annotation annotator="Mike Bada, University of Colorado Anschutz Medical Campus" id="CL_basic_2014_02_21_Instance_40622" type="identity">
      <class id="CL:1001451" label="sensory neuron of dorsal root ganglion"/>
      <span end="208" id="15836427-5703" start="188">dorsal root ganglion</span>
      <span end="222" id="15836427-5704" start="215">sensory</span>
      <span end="247" id="15836427-5705" start="240">neurons</span>
    </annotation>
    <annotation annotator="Mike Bada, University of Colorado Anschutz Medical Campus" id="CL_basic_2014_02_21_core+extensions+nested_backup_Instance_20577" type="identity">
      <class id="CL:1001451" label="sensory neuron of dorsal root ganglion"/>
      <span end="213" id="15836427-5348" start="210">DRG</span>
      <span end="222" id="15836427-5349" start="215">sensory</span>
      <span end="247" id="15836427-5350" start="240">neurons</span>
    </annotation>
    <annotation annotator="Mike Bada, University of Colorado Anschutz Medical Campus" id="CL_basic_2014_02_21_Instance_40631" type="identity">
      <class id="CL:0011001" label="spinal cord motor neuron"/>
      <span end="247" id="15836427-5707" start="227">spinal motor neurons</span>
    </annotation>
    <annotation annotator="Mike Bada, University of Colorado Anschutz Medical Campus" id="CL_basic_2014_02_21_Instance_23783" type="identity">
      <class id="CL:0000540" label="neuron"/>
      <span end="325" id="15836427-5567" start="317">neuronal</span>
    </annotation>
    <annotation annotator="Mike Bada, University of Colorado Anschutz Medical Campus" id="CL_basic_2014_02_21_Instance_16469" type="identity">
      <class id="CL:0000101" label="sensory neuron"/>
      <span end="491" id="15836427-5357" start="477">sensory neuron</span>
    </annotation>
    <annotation annotator="Mike Bada, University of Colorado Anschutz Medical Campus" id="CL_basic_2014_02_21_Instance_40638" type="identity">
      <class id="CL:1001451" label="sensory neuron of dorsal root ganglion"/>
      <span end="603" id="15836427-5709" start="584">DRG sensory neurons</span>
    </annotation>
    <annotation annotator="Mike Bada, University of Colorado Anschutz Medical Campus" id="CL_basic_2014_02_21_Instance_40643" type="identity">
      <class id="CL:1001451" label="sensory neuron of dorsal root ganglion"/>
      <span end="788" id="15836427-5711" start="769">DRG sensory neurons</span>
    </annotation>
    <annotation annotator="Mike Bada, University of Colorado Anschutz Medical Campus" id="CL_basic_2014_02_21_Instance_23785" type="identity">
      <class id="CL:0000540" label="neuron"/>
      <span end="941" id="15836427-5569" start="933">neuronal</span>
    </annotation>
    <annotation annotator="Mike Bada, University of Colorado Anschutz Medical Campus" id="CL_basic_2014_02_21_Instance_23787" type="identity">
      <class id="CL:0000540" label="neuron"/>
      <span end="977" id="15836427-5571" start="969">Neuronal</span>
    </annotation>
    <annotation annotator="Mike Bada, University of Colorado Anschutz Medical Campus" id="CL_basic_2014_02_21_Instance_16475" type="identity">
      <class id="CL:0000540" label="neuron"/>
      <span end="1054" id="15836427-5359" start="1047">neurons</span>
    </annotation>
    <annotation annotator="Mike Bada, University of Colorado Anschutz Medical Campus" id="CL_basic_2014_02_21_Instance_23789" type="identity">
      <class id="CL_GO_EXT:cell" label="cell"/>
      <span end="1080" id="15836427-5573" start="1072">cellular</span>
    </annotation>
    <annotation annotator="Mike Bada, University of Colorado Anschutz Medical Campus" id="CL_basic_2014_02_21_Instance_23791" type="identity">
      <class id="CL:0000540" label="neuron"/>
      <span end="1269" id="15836427-5575" start="1261">neuronal</span>
    </annotation>
    <annotation annotator="Mike Bada, University of Colorado Anschutz Medical Campus" id="CL_basic_2014_02_21_Instance_16477" type="identity">
      <class id="CL_GO_EXT:cell" label="cell"/>
      <span end="1368" id="15836427-5361" start="1364">cell</span>
    </annotation>
    <annotation annotator="Mike Bada, University of Colorado Anschutz Medical Campus" id="CL_basic_2014_02_21_Instance_16479" type="identity">
      <class id="CL_GO_EXT:cell" label="cell"/>
      <span end="1434" id="15836427-5363" start="1430">cell</span>
    </annotation>
    <annotation annotator="Mike Bada, University of Colorado Anschutz Medical Campus" id="CL_basic_2014_02_21_Instance_16481" type="identity">
      <class id="CL_GO_EXT:cell" label="cell"/>
      <span end="1578" id="15836427-5365" start="1574">cell</span>
    </annotation>
    <annotation annotator="Mike Bada, University of Colorado Anschutz Medical Campus" id="CL_basic_2014_02_21_Instance_23793" type="identity">
      <class id="CL:0000540" label="neuron"/>
      <span end="1642" id="15836427-5577" start="1634">neuronal</span>
    </annotation>
    <annotation annotator="Mike Bada, University of Colorado Anschutz Medical Campus" id="CL_basic_2014_02_21_core+extensions+nested_backup_Instance_20603" type="identity">
      <class id="CL:1001451" label="sensory neuron of dorsal root ganglion"/>
      <span end="1746" id="15836427-5352" start="1728">sensory neurons of</span>
      <span end="1771" id="15836427-5353" start="1768">DRG</span>
    </annotation>
    <annotation annotator="Mike Bada, University of Colorado Anschutz Medical Campus" id="CL_basic_2014_02_21_Instance_40649" type="identity">
      <class id="CL:1001451" label="sensory neuron of dorsal root ganglion"/>
      <span end="1766" id="15836427-5713" start="1728">sensory neurons of dorsal root ganglia</span>
    </annotation>
    <annotation annotator="Mike Bada, University of Colorado Anschutz Medical Campus" id="CL_basic_2014_02_21_Instance_23795" type="identity">
      <class id="CL:0000540" label="neuron"/>
      <span end="1856" id="15836427-5579" start="1848">neuronal</span>
    </annotation>
    <annotation annotator="Mike Bada, University of Colorado Anschutz Medical Campus" id="CL_basic_2014_02_21_Instance_23797" type="identity">
      <class id="CL:0000540" label="neuron"/>
      <span end="1966" id="15836427-5581" start="1958">neuronal</span>
    </annotation>
    <annotation annotator="Mike Bada, University of Colorado Anschutz Medical Campus" id="CL_basic_2014_02_21_Instance_23799" type="identity">
      <class id="CL:0000540" label="neuron"/>
      <span end="2102" id="15836427-5583" start="2094">neuronal</span>
    </annotation>
    <annotation annotator="Mike Bada, University of Colorado Anschutz Medical Campus" id="CL_basic_2014_02_21_Instance_40657" type="identity">
      <class id="CL:0000198" label="pain receptor cell"/>
      <span end="2509" id="15836427-5715" start="2498">nociceptive</span>
      <span end="2521" id="15836427-5716" start="2514">neurons</span>
    </annotation>
    <annotation annotator="Mike Bada, University of Colorado Anschutz Medical Campus" id="CL_basic_2014_02_21_Instance_16487" type="identity">
      <class id="CL:0000540" label="neuron"/>
      <span end="2621" id="15836427-5367" start="2614">neurons</span>
    </annotation>
    <annotation annotator="Mike Bada, University of Colorado Anschutz Medical Campus" id="CL_basic_2014_02_21_Instance_16489" type="identity">
      <class id="CL:0000540" label="neuron"/>
      <span end="2679" id="15836427-5369" start="2672">neurons</span>
    </annotation>
    <annotation annotator="Mike Bada, University of Colorado Anschutz Medical Campus" id="CL_basic_2014_02_21_Instance_16491" type="identity">
      <class id="CL_GO_EXT:cell" label="cell"/>
      <span end="2693" id="15836427-5371" start="2689">cell</span>
    </annotation>
    <annotation annotator="Mike Bada, University of Colorado Anschutz Medical Campus" id="CL_basic_2014_02_21_Instance_16493" type="identity">
      <class id="CL:0000110" label="peptidergic neuron"/>
      <span end="3010" id="15836427-5373" start="2991">peptidergic neurons</span>
    </annotation>
    <annotation annotator="Mike Bada, University of Colorado Anschutz Medical Campus" id="CL_basic_2014_02_21_Instance_40664" type="identity">
      <class id="CL:1001451" label="sensory neuron of dorsal root ganglion"/>
      <span end="3219" id="15836427-5718" start="3200">DRG sensory neurons</span>
    </annotation>
    <annotation annotator="Mike Bada, University of Colorado Anschutz Medical Campus" id="CL_basic_2014_02_21_Instance_16497" type="identity">
      <class id="CL:0000100" label="motor neuron"/>
      <span end="3236" id="15836427-5375" start="3224">motor neuron</span>
    </annotation>
    <annotation annotator="Mike Bada, University of Colorado Anschutz Medical Campus" id="CL_basic_2014_02_21_Instance_16499" type="identity">
      <class id="CL:0000540" label="neuron"/>
      <span end="3275" id="15836427-5377" start="3268">neurons</span>
    </annotation>
    <annotation annotator="Mike Bada, University of Colorado Anschutz Medical Campus" id="CL_basic_2014_02_21_Instance_40671" type="identity">
      <class id="CL:1001451" label="sensory neuron of dorsal root ganglion"/>
      <span end="3588" id="15836427-5720" start="3559">proprioceptive sensory neuron</span>
    </annotation>
    <annotation annotator="Mike Bada, University of Colorado Anschutz Medical Campus" id="CL_basic_2014_02_21_Instance_16503" type="identity">
      <class id="CL:0000100" label="motor neuron"/>
      <span end="3636" id="15836427-5379" start="3624">motor neuron</span>
    </annotation>
    <annotation annotator="Mike Bada, University of Colorado Anschutz Medical Campus" id="CL_basic_2014_02_21_Instance_16505" type="identity">
      <class id="CL:0000100" label="motor neuron"/>
      <span end="3943" id="15836427-5381" start="3930">motor neurons</span>
    </annotation>
    <annotation annotator="Mike Bada, University of Colorado Anschutz Medical Campus" id="CL_basic_2014_02_21_Instance_23801" type="identity">
      <class id="CL:0000540" label="neuron"/>
      <span end="4149" id="15836427-5585" start="4141">neuronal</span>
    </annotation>
    <annotation annotator="Mike Bada, University of Colorado Anschutz Medical Campus" id="CL_basic_2014_02_21_Instance_16507" type="identity">
      <class id="CL:0000540" label="neuron"/>
      <span end="4229" id="15836427-5383" start="4222">neurons</span>
    </annotation>
    <annotation annotator="Mike Bada, University of Colorado Anschutz Medical Campus" id="CL_basic_2014_02_21_Instance_16509" type="identity">
      <class id="CL:0000101" label="sensory neuron"/>
      <span end="4272" id="15836427-5385" start="4258">sensory neuron</span>
    </annotation>
    <annotation annotator="Mike Bada, University of Colorado Anschutz Medical Campus" id="CL_basic_2014_02_21_Instance_16511" type="identity">
      <class id="CL:0000101" label="sensory neuron"/>
      <span end="4496" id="15836427-5387" start="4482">sensory neuron</span>
    </annotation>
    <annotation annotator="Mike Bada, University of Colorado Anschutz Medical Campus" id="CL_basic_2014_02_21_Instance_40677" type="identity">
      <class id="CL:1001451" label="sensory neuron of dorsal root ganglion"/>
      <span end="4685" id="15836427-5722" start="4655">proprioceptive sensory neurons</span>
    </annotation>
    <annotation annotator="Mike Bada, University of Colorado Anschutz Medical Campus" id="CL_basic_2014_02_21_Instance_16515" type="identity">
      <class id="CL:0000540" label="neuron"/>
      <span end="4879" id="15836427-5389" start="4872">neurons</span>
    </annotation>
    <annotation annotator="Mike Bada, University of Colorado Anschutz Medical Campus" id="CL_basic_2014_02_21_Instance_16517" type="identity">
      <class id="CL:0000540" label="neuron"/>
      <span end="4908" id="15836427-5391" start="4902">neuron</span>
    </annotation>
    <annotation annotator="Mike Bada, University of Colorado Anschutz Medical Campus" id="CL_basic_2014_02_21_Instance_23803" type="identity">
      <class id="CL:0000540" label="neuron"/>
      <span end="5268" id="15836427-5587" start="5260">neuronal</span>
    </annotation>
    <annotation annotator="Mike Bada, University of Colorado Anschutz Medical Campus" id="CL_basic_2014_02_21_Instance_23805" type="identity">
      <class id="CL:0000540" label="neuron"/>
      <span end="5448" id="15836427-5589" start="5440">neuronal</span>
    </annotation>
    <annotation annotator="Mike Bada, University of Colorado Anschutz Medical Campus" id="CL_basic_2014_02_21_Instance_40684" type="identity">
      <class id="CL:1001451" label="sensory neuron of dorsal root ganglion"/>
      <span end="5517" id="15836427-5724" start="5491">proprioceptive DRG neurons</span>
    </annotation>
    <annotation annotator="Mike Bada, University of Colorado Anschutz Medical Campus" id="CL_basic_2014_02_21_Instance_16521" type="identity">
      <class id="CL:0000540" label="neuron"/>
      <span end="5682" id="15836427-5393" start="5675">neurons</span>
    </annotation>
    <annotation annotator="Mike Bada, University of Colorado Anschutz Medical Campus" id="CL_basic_2014_02_21_Instance_16523" type="identity">
      <class id="CL:0000101" label="sensory neuron"/>
      <span end="5959" id="15836427-5395" start="5935">afferent sensory neurons</span>
    </annotation>
    <annotation annotator="Mike Bada, University of Colorado Anschutz Medical Campus" id="CL_basic_2014_02_21_Instance_16525" type="identity">
      <class id="CL:0000101" label="sensory neuron"/>
      <span end="6132" id="15836427-5397" start="6118">sensory neuron</span>
    </annotation>
    <annotation annotator="Mike Bada, University of Colorado Anschutz Medical Campus" id="CL_basic_2014_02_21_Instance_16527" type="identity">
      <class id="CL_GO_EXT:cell" label="cell"/>
      <span end="7149" id="15836427-5399" start="7145">cell</span>
    </annotation>
    <annotation annotator="Mike Bada, University of Colorado Anschutz Medical Campus" id="CL_basic_2014_02_21_Instance_16529" type="identity">
      <class id="CL:0000540" label="neuron"/>
      <span end="7526" id="15836427-5401" start="7519">neurons</span>
    </annotation>
    <annotation annotator="Mike Bada, University of Colorado Anschutz Medical Campus" id="CL_basic_2014_02_21_Instance_16531" type="identity">
      <class id="CL:0000540" label="neuron"/>
      <span end="7911" id="15836427-5403" start="7905">neuron</span>
    </annotation>
    <annotation annotator="Mike Bada, University of Colorado Anschutz Medical Campus" id="CL_basic_2014_02_21_Instance_23807" type="identity">
      <class id="CL:0000540" label="neuron"/>
      <span end="8073" id="15836427-5591" start="8065">neuronal</span>
    </annotation>
    <annotation annotator="Mike Bada, University of Colorado Anschutz Medical Campus" id="CL_basic_2014_02_21_Instance_40690" type="identity">
      <class id="CL:1001451" label="sensory neuron of dorsal root ganglion"/>
      <span end="8242" id="15836427-5726" start="8214">proprioceptive afferent cell</span>
    </annotation>
    <annotation annotator="Mike Bada, University of Colorado Anschutz Medical Campus" id="CL_basic_2014_02_21_Instance_16533" type="identity">
      <class id="CL:0000540" label="neuron"/>
      <span end="9030" id="15836427-5405" start="9023">neurons</span>
    </annotation>
    <annotation annotator="Mike Bada, University of Colorado Anschutz Medical Campus" id="CL_basic_2014_02_21_Instance_16535" type="identity">
      <class id="CL:0000100" label="motor neuron"/>
      <span end="9529" id="15836427-5407" start="9516">motor neurons</span>
    </annotation>
    <annotation annotator="Mike Bada, University of Colorado Anschutz Medical Campus" id="CL_basic_2014_02_21_plus_nested_Instance_50082" type="identity">
      <class id="CL_GO_EXT:cell" label="cell"/>
      <span end="9595" id="15836427-5758" start="9587">cellular</span>
    </annotation>
    <annotation annotator="Mike Bada, University of Colorado Anschutz Medical Campus" id="CL_basic_2014_02_21_Instance_16537" type="identity">
      <class id="CL:0000100" label="motor neuron"/>
      <span end="9647" id="15836427-5409" start="9634">motor neurons</span>
    </annotation>
    <annotation annotator="Mike Bada, University of Colorado Anschutz Medical Campus" id="CL_basic_2014_02_21_Instance_16539" type="identity">
      <class id="CL:0000100" label="motor neuron"/>
      <span end="9802" id="15836427-5411" start="9789">motor neurons</span>
    </annotation>
    <annotation annotator="Mike Bada, University of Colorado Anschutz Medical Campus" id="CL_basic_2014_02_21_Instance_16541" type="identity">
      <class id="CL:0000100" label="motor neuron"/>
      <span end="10157" id="15836427-5413" start="10144">motor neurons</span>
    </annotation>
    <annotation annotator="Mike Bada, University of Colorado Anschutz Medical Campus" id="CL_basic_2014_02_21_Instance_16543" type="identity">
      <class id="CL:0000540" label="neuron"/>
      <span end="10283" id="15836427-5415" start="10276">neurons</span>
    </annotation>
    <annotation annotator="Mike Bada, University of Colorado Anschutz Medical Campus" id="CL_basic_2014_02_21_Instance_16545" type="identity">
      <class id="CL:0000540" label="neuron"/>
      <span end="10334" id="15836427-5417" start="10327">Neurons</span>
    </annotation>
    <annotation annotator="Mike Bada, University of Colorado Anschutz Medical Campus" id="CL_basic_2014_02_21_Instance_16547" type="identity">
      <class id="CL:0000540" label="neuron"/>
      <span end="10513" id="15836427-5419" start="10506">neurons</span>
    </annotation>
    <annotation annotator="Mike Bada, University of Colorado Anschutz Medical Campus" id="CL_basic_2014_02_21_Instance_16549" type="identity">
      <class id="CL:0000540" label="neuron"/>
      <span end="10916" id="15836427-5421" start="10909">neurons</span>
    </annotation>
    <annotation annotator="Mike Bada, University of Colorado Anschutz Medical Campus" id="CL_basic_2014_02_21_Instance_16551" type="identity">
      <class id="CL:0000540" label="neuron"/>
      <span end="11113" id="15836427-5423" start="11106">neurons</span>
    </annotation>
    <annotation annotator="Mike Bada, University of Colorado Anschutz Medical Campus" id="CL_basic_2014_02_21_Instance_16553" type="identity">
      <class id="CL:0000540" label="neuron"/>
      <span end="11277" id="15836427-5425" start="11270">neurons</span>
    </annotation>
    <annotation annotator="Mike Bada, University of Colorado Anschutz Medical Campus" id="CL_basic_2014_02_21_Instance_40699" type="identity">
      <class id="CL:1001451" label="sensory neuron of dorsal root ganglion"/>
      <span end="11505" id="15836427-5728" start="11486">DRG sensory neurons</span>
    </annotation>
    <annotation annotator="Mike Bada, University of Colorado Anschutz Medical Campus" id="CL_basic_2014_02_21_Instance_16557" type="identity">
      <class id="CL:0000540" label="neuron"/>
      <span end="12908" id="15836427-5427" start="12901">neurons</span>
    </annotation>
    <annotation annotator="Mike Bada, University of Colorado Anschutz Medical Campus" id="CL_basic_2014_02_21_Instance_70419" type="identity">
      <class id="CL:0000187" label="muscle cell"/>
      <span end="13373" id="15836427-5754" start="13360">muscle fibers</span>
    </annotation>
    <annotation annotator="Mike Bada, University of Colorado Anschutz Medical Campus" id="CL_basic_2014_02_21_Instance_16559" type="identity">
      <class id="CL:0000540" label="neuron"/>
      <span end="13641" id="15836427-5429" start="13634">neurons</span>
    </annotation>
    <annotation annotator="Mike Bada, University of Colorado Anschutz Medical Campus" id="CL_basic_2014_02_21_Instance_23813" type="identity">
      <class id="CL_GO_EXT:cell" label="cell"/>
      <span end="13872" id="15836427-5593" start="13864">cellular</span>
    </annotation>
    <annotation annotator="Mike Bada, University of Colorado Anschutz Medical Campus" id="CL_basic_2014_02_21_Instance_23815" type="identity">
      <class id="CL:0000540" label="neuron"/>
      <span end="14150" id="15836427-5595" start="14142">neuronal</span>
    </annotation>
    <annotation annotator="Mike Bada, University of Colorado Anschutz Medical Campus" id="CL_basic_2014_02_21_Instance_16561" type="identity">
      <class id="CL:0000540" label="neuron"/>
      <span end="14205" id="15836427-5431" start="14198">neurons</span>
    </annotation>
    <annotation annotator="Mike Bada, University of Colorado Anschutz Medical Campus" id="CL_basic_2014_02_21_Instance_23817" type="identity">
      <class id="CL:0000540" label="neuron"/>
      <span end="14481" id="15836427-5597" start="14473">neuronal</span>
    </annotation>
    <annotation annotator="Mike Bada, University of Colorado Anschutz Medical Campus" id="CL_basic_2014_02_21_Instance_16563" type="identity">
      <class id="CL:0000540" label="neuron"/>
      <span end="14616" id="15836427-5433" start="14609">neurons</span>
    </annotation>
    <annotation annotator="Mike Bada, University of Colorado Anschutz Medical Campus" id="CL_basic_2014_02_21_Instance_23819" type="identity">
      <class id="CL:0000540" label="neuron"/>
      <span end="14717" id="15836427-5599" start="14709">neuronal</span>
    </annotation>
    <annotation annotator="Mike Bada, University of Colorado Anschutz Medical Campus" id="CL_basic_2014_02_21_Instance_16565" type="identity">
      <class id="CL:0000540" label="neuron"/>
      <span end="15095" id="15836427-5435" start="15088">neurons</span>
    </annotation>
    <annotation annotator="Mike Bada, University of Colorado Anschutz Medical Campus" id="CL_basic_2014_02_21_Instance_23821" type="identity">
      <class id="CL:0000540" label="neuron"/>
      <span end="15333" id="15836427-5601" start="15325">neuronal</span>
    </annotation>
    <annotation annotator="Mike Bada, University of Colorado Anschutz Medical Campus" id="CL_basic_2014_02_21_Instance_16567" type="identity">
      <class id="CL:0000540" label="neuron"/>
      <span end="15484" id="15836427-5437" start="15477">neurons</span>
    </annotation>
    <annotation annotator="Mike Bada, University of Colorado Anschutz Medical Campus" id="CL_basic_2014_02_21_Instance_40704" type="identity">
      <class id="CL:1001451" label="sensory neuron of dorsal root ganglion"/>
      <span end="15763" id="15836427-5730" start="15737">proprioceptive DRG neurons</span>
    </annotation>
    <annotation annotator="Mike Bada, University of Colorado Anschutz Medical Campus" id="CL_basic_2014_02_21_Instance_16571" type="identity">
      <class id="CL:0000540" label="neuron"/>
      <span end="16043" id="15836427-5439" start="16036">neurons</span>
    </annotation>
    <annotation annotator="Mike Bada, University of Colorado Anschutz Medical Campus" id="CL_basic_2014_02_21_Instance_16573" type="identity">
      <class id="CL:0000540" label="neuron"/>
      <span end="16279" id="15836427-5441" start="16272">neurons</span>
    </annotation>
    <annotation annotator="Mike Bada, University of Colorado Anschutz Medical Campus" id="CL_basic_2014_02_21_Instance_23823" type="identity">
      <class id="CL:0000540" label="neuron"/>
      <span end="16448" id="15836427-5603" start="16440">neuronal</span>
    </annotation>
    <annotation annotator="Mike Bada, University of Colorado Anschutz Medical Campus" id="CL_basic_2014_02_21_Instance_16575" type="identity">
      <class id="CL:0000540" label="neuron"/>
      <span end="16472" id="15836427-5443" start="16465">neurons</span>
    </annotation>
    <annotation annotator="Mike Bada, University of Colorado Anschutz Medical Campus" id="CL_basic_2014_02_21_Instance_23825" type="identity">
      <class id="CL:0000540" label="neuron"/>
      <span end="16595" id="15836427-5605" start="16587">neuronal</span>
    </annotation>
    <annotation annotator="Mike Bada, University of Colorado Anschutz Medical Campus" id="CL_basic_2014_02_21_Instance_16577" type="identity">
      <class id="CL:0000540" label="neuron"/>
      <span end="16736" id="15836427-5445" start="16729">neurons</span>
    </annotation>
    <annotation annotator="Mike Bada, University of Colorado Anschutz Medical Campus" id="CL_basic_2014_02_21_Instance_16579" type="identity">
      <class id="CL:0000540" label="neuron"/>
      <span end="16833" id="15836427-5447" start="16826">neurons</span>
    </annotation>
    <annotation annotator="Mike Bada, University of Colorado Anschutz Medical Campus" id="CL_basic_2014_02_21_Instance_16581" type="identity">
      <class id="CL:0000540" label="neuron"/>
      <span end="17019" id="15836427-5449" start="17012">neurons</span>
    </annotation>
    <annotation annotator="Mike Bada, University of Colorado Anschutz Medical Campus" id="CL_basic_2014_02_21_Instance_23917" type="identity">
      <class id="CL:0000540" label="neuron"/>
      <span end="17179" id="15836427-5695" start="17171">neuronal</span>
    </annotation>
    <annotation annotator="Mike Bada, University of Colorado Anschutz Medical Campus" id="CL_basic_2014_02_21_Instance_16583" type="identity">
      <class id="CL:0000540" label="neuron"/>
      <span end="17242" id="15836427-5451" start="17235">neurons</span>
    </annotation>
    <annotation annotator="Mike Bada, University of Colorado Anschutz Medical Campus" id="CL_basic_2014_02_21_Instance_16585" type="identity">
      <class id="CL:0000540" label="neuron"/>
      <span end="17396" id="15836427-5453" start="17389">neurons</span>
    </annotation>
    <annotation annotator="Mike Bada, University of Colorado Anschutz Medical Campus" id="CL_basic_2014_02_21_Instance_16587" type="identity">
      <class id="CL:0000540" label="neuron"/>
      <span end="17863" id="15836427-5455" start="17856">neurons</span>
    </annotation>
    <annotation annotator="Mike Bada, University of Colorado Anschutz Medical Campus" id="CL_basic_2014_02_21_Instance_16589" type="identity">
      <class id="CL:0000540" label="neuron"/>
      <span end="18048" id="15836427-5457" start="18041">neurons</span>
    </annotation>
    <annotation annotator="Mike Bada, University of Colorado Anschutz Medical Campus" id="CL_basic_2014_02_21_Instance_16591" type="identity">
      <class id="CL_GO_EXT:cell" label="cell"/>
      <span end="18242" id="15836427-5459" start="18238">cell</span>
    </annotation>
    <annotation annotator="Mike Bada, University of Colorado Anschutz Medical Campus" id="CL_basic_2014_02_21_Instance_16593" type="identity">
      <class id="CL:0000540" label="neuron"/>
      <span end="18540" id="15836427-5461" start="18533">neurons</span>
    </annotation>
    <annotation annotator="Mike Bada, University of Colorado Anschutz Medical Campus" id="CL_basic_2014_02_21_Instance_16595" type="identity">
      <class id="CL:0000540" label="neuron"/>
      <span end="18770" id="15836427-5463" start="18763">neurons</span>
    </annotation>
    <annotation annotator="Mike Bada, University of Colorado Anschutz Medical Campus" id="CL_basic_2014_02_21_Instance_16597" type="identity">
      <class id="CL_GO_EXT:cell" label="cell"/>
      <span end="18822" id="15836427-5465" start="18818">cell</span>
    </annotation>
    <annotation annotator="Mike Bada, University of Colorado Anschutz Medical Campus" id="CL_basic_2014_02_21_Instance_16599" type="identity">
      <class id="CL_GO_EXT:cell" label="cell"/>
      <span end="18850" id="15836427-5467" start="18845">cells</span>
    </annotation>
    <annotation annotator="Mike Bada, University of Colorado Anschutz Medical Campus" id="CL_basic_2014_02_21_Instance_16601" type="identity">
      <class id="CL:0000540" label="neuron"/>
      <span end="19004" id="15836427-5469" start="18997">neurons</span>
    </annotation>
    <annotation annotator="Mike Bada, University of Colorado Anschutz Medical Campus" id="CL_basic_2014_02_21_Instance_16603" type="identity">
      <class id="CL_GO_EXT:cell" label="cell"/>
      <span end="19118" id="15836427-5471" start="19114">cell</span>
    </annotation>
    <annotation annotator="Mike Bada, University of Colorado Anschutz Medical Campus" id="CL_basic_2014_02_21_Instance_23919" type="identity">
      <class id="CL:0000540" label="neuron"/>
      <span end="19310" id="15836427-5697" start="19302">neuronal</span>
    </annotation>
    <annotation annotator="Mike Bada, University of Colorado Anschutz Medical Campus" id="CL_basic_2014_02_21_Instance_16605" type="identity">
      <class id="CL_GO_EXT:cell" label="cell"/>
      <span end="19327" id="15836427-5473" start="19323">cell</span>
    </annotation>
    <annotation annotator="Mike Bada, University of Colorado Anschutz Medical Campus" id="CL_basic_2014_02_21_Instance_23827" type="identity">
      <class id="CL:0000540" label="neuron"/>
      <span end="19569" id="15836427-5607" start="19561">neuronal</span>
    </annotation>
    <annotation annotator="Mike Bada, University of Colorado Anschutz Medical Campus" id="CL_basic_2014_02_21_Instance_23829" type="identity">
      <class id="CL:0000540" label="neuron"/>
      <span end="20009" id="15836427-5609" start="20001">neuronal</span>
    </annotation>
    <annotation annotator="Mike Bada, University of Colorado Anschutz Medical Campus" id="CL_basic_2014_02_21_Instance_16607" type="identity">
      <class id="CL:0000540" label="neuron"/>
      <span end="20033" id="15836427-5475" start="20026">neurons</span>
    </annotation>
    <annotation annotator="Mike Bada, University of Colorado Anschutz Medical Campus" id="CL_basic_2014_02_21_Instance_16609" type="identity">
      <class id="CL:0000540" label="neuron"/>
      <span end="20181" id="15836427-5477" start="20174">Neurons</span>
    </annotation>
    <annotation annotator="Mike Bada, University of Colorado Anschutz Medical Campus" id="CL_basic_2014_02_21_Instance_23831" type="identity">
      <class id="CL:0000540" label="neuron"/>
      <span end="20206" id="15836427-5611" start="20198">Neuronal</span>
    </annotation>
    <annotation annotator="Mike Bada, University of Colorado Anschutz Medical Campus" id="CL_basic_2014_02_21_Instance_23833" type="identity">
      <class id="CL:0000540" label="neuron"/>
      <span end="20261" id="15836427-5613" start="20253">neuronal</span>
    </annotation>
    <annotation annotator="Mike Bada, University of Colorado Anschutz Medical Campus" id="CL_basic_2014_02_21_Instance_40709" type="identity">
      <class id="CL:1001451" label="sensory neuron of dorsal root ganglion"/>
      <span end="20551" id="15836427-5732" start="20532">DRG sensory neurons</span>
    </annotation>
    <annotation annotator="Mike Bada, University of Colorado Anschutz Medical Campus" id="CL_basic_2014_02_21_Instance_16613" type="identity">
      <class id="CL:0000540" label="neuron"/>
      <span end="20946" id="15836427-5479" start="20939">neurons</span>
    </annotation>
    <annotation annotator="Mike Bada, University of Colorado Anschutz Medical Campus" id="CL_basic_2014_02_21_Instance_16615" type="identity">
      <class id="CL:0000540" label="neuron"/>
      <span end="21085" id="15836427-5481" start="21078">neurons</span>
    </annotation>
    <annotation annotator="Mike Bada, University of Colorado Anschutz Medical Campus" id="CL_basic_2014_02_21_Instance_16617" type="identity">
      <class id="CL:0000540" label="neuron"/>
      <span end="21208" id="15836427-5483" start="21201">neurons</span>
    </annotation>
    <annotation annotator="Mike Bada, University of Colorado Anschutz Medical Campus" id="CL_basic_2014_02_21_Instance_16619" type="identity">
      <class id="CL:0000540" label="neuron"/>
      <span end="21452" id="15836427-5485" start="21445">neurons</span>
    </annotation>
    <annotation annotator="Mike Bada, University of Colorado Anschutz Medical Campus" id="CL_basic_2014_02_21_Instance_16621" type="identity">
      <class id="CL:0000540" label="neuron"/>
      <span end="21607" id="15836427-5487" start="21600">neurons</span>
    </annotation>
    <annotation annotator="Mike Bada, University of Colorado Anschutz Medical Campus" id="CL_basic_2014_02_21_Instance_16623" type="identity">
      <class id="CL:0000540" label="neuron"/>
      <span end="21769" id="15836427-5489" start="21762">neurons</span>
    </annotation>
    <annotation annotator="Mike Bada, University of Colorado Anschutz Medical Campus" id="CL_basic_2014_02_21_Instance_16625" type="identity">
      <class id="CL:0000540" label="neuron"/>
      <span end="21865" id="15836427-5491" start="21858">neurons</span>
    </annotation>
    <annotation annotator="Mike Bada, University of Colorado Anschutz Medical Campus" id="CL_basic_2014_02_21_Instance_16627" type="identity">
      <class id="CL:0000540" label="neuron"/>
      <span end="22037" id="15836427-5493" start="22030">neurons</span>
    </annotation>
    <annotation annotator="Mike Bada, University of Colorado Anschutz Medical Campus" id="CL_basic_2014_02_21_Instance_23835" type="identity">
      <class id="CL_GO_EXT:cell" label="cell"/>
      <span end="22119" id="15836427-5615" start="22115">cell</span>
    </annotation>
    <annotation annotator="Mike Bada, University of Colorado Anschutz Medical Campus" id="CL_basic_2014_02_21_Instance_16629" type="identity">
      <class id="CL:0000540" label="neuron"/>
      <span end="22189" id="15836427-5495" start="22182">neurons</span>
    </annotation>
    <annotation annotator="Mike Bada, University of Colorado Anschutz Medical Campus" id="CL_basic_2014_02_21_Instance_16631" type="identity">
      <class id="CL:0000540" label="neuron"/>
      <span end="22359" id="15836427-5497" start="22352">neurons</span>
    </annotation>
    <annotation annotator="Mike Bada, University of Colorado Anschutz Medical Campus" id="CL_basic_2014_02_21_Instance_16633" type="identity">
      <class id="CL:0000540" label="neuron"/>
      <span end="22408" id="15836427-5499" start="22401">neurons</span>
    </annotation>
    <annotation annotator="Mike Bada, University of Colorado Anschutz Medical Campus" id="CL_basic_2014_02_21_Instance_16635" type="identity">
      <class id="CL:0000540" label="neuron"/>
      <span end="22643" id="15836427-5501" start="22636">neurons</span>
    </annotation>
    <annotation annotator="Mike Bada, University of Colorado Anschutz Medical Campus" id="CL_basic_2014_02_21_Instance_16637" type="identity">
      <class id="CL:0000540" label="neuron"/>
      <span end="22933" id="15836427-5503" start="22926">neurons</span>
    </annotation>
    <annotation annotator="Mike Bada, University of Colorado Anschutz Medical Campus" id="CL_basic_2014_02_21_Instance_23837" type="identity">
      <class id="CL_GO_EXT:cell" label="cell"/>
      <span end="22971" id="15836427-5617" start="22967">cell</span>
    </annotation>
    <annotation annotator="Mike Bada, University of Colorado Anschutz Medical Campus" id="CL_basic_2014_02_21_Instance_23839" type="identity">
      <class id="CL_GO_EXT:cell" label="cell"/>
      <span end="22991" id="15836427-5619" start="22983">cellular</span>
    </annotation>
    <annotation annotator="Mike Bada, University of Colorado Anschutz Medical Campus" id="CL_basic_2014_02_21_Instance_23841" type="identity">
      <class id="CL:0000540" label="neuron"/>
      <span end="23043" id="15836427-5621" start="23035">neuronal</span>
    </annotation>
    <annotation annotator="Mike Bada, University of Colorado Anschutz Medical Campus" id="CL_basic_2014_02_21_Instance_23843" type="identity">
      <class id="CL:0000540" label="neuron"/>
      <span end="23250" id="15836427-5623" start="23242">neuronal</span>
    </annotation>
    <annotation annotator="Mike Bada, University of Colorado Anschutz Medical Campus" id="CL_basic_2014_02_21_Instance_23845" type="identity">
      <class id="CL:0000540" label="neuron"/>
      <span end="23404" id="15836427-5625" start="23396">neuronal</span>
    </annotation>
    <annotation annotator="Mike Bada, University of Colorado Anschutz Medical Campus" id="CL_basic_2014_02_21_Instance_16639" type="identity">
      <class id="CL:0000540" label="neuron"/>
      <span end="23478" id="15836427-5505" start="23471">neurons</span>
    </annotation>
    <annotation annotator="Mike Bada, University of Colorado Anschutz Medical Campus" id="CL_basic_2014_02_21_Instance_16641" type="identity">
      <class id="CL:0000540" label="neuron"/>
      <span end="23942" id="15836427-5507" start="23935">neurons</span>
    </annotation>
    <annotation annotator="Mike Bada, University of Colorado Anschutz Medical Campus" id="CL_basic_2014_02_21_Instance_23921" type="identity">
      <class id="CL:0000540" label="neuron"/>
      <span end="24018" id="15836427-5699" start="24010">neuronal</span>
    </annotation>
    <annotation annotator="Mike Bada, University of Colorado Anschutz Medical Campus" id="CL_basic_2014_02_21_Instance_23847" type="identity">
      <class id="CL:0000540" label="neuron"/>
      <span end="24134" id="15836427-5627" start="24126">neuronal</span>
    </annotation>
    <annotation annotator="Mike Bada, University of Colorado Anschutz Medical Campus" id="CL_basic_2014_02_21_Instance_23849" type="identity">
      <class id="CL:0000540" label="neuron"/>
      <span end="24353" id="15836427-5629" start="24345">neuronal</span>
    </annotation>
    <annotation annotator="Mike Bada, University of Colorado Anschutz Medical Campus" id="CL_basic_2014_02_21_Instance_23851" type="identity">
      <class id="CL:0000540" label="neuron"/>
      <span end="24642" id="15836427-5631" start="24634">neuronal</span>
    </annotation>
    <annotation annotator="Mike Bada, University of Colorado Anschutz Medical Campus" id="CL_basic_2014_02_21_Instance_16643" type="identity">
      <class id="CL:0000540" label="neuron"/>
      <span end="25328" id="15836427-5509" start="25321">neurons</span>
    </annotation>
    <annotation annotator="Mike Bada, University of Colorado Anschutz Medical Campus" id="CL_basic_2014_02_21_Instance_40715" type="identity">
      <class id="CL:1001451" label="sensory neuron of dorsal root ganglion"/>
      <span end="25535" id="15836427-5734" start="25513">proprioceptive neurons</span>
    </annotation>
    <annotation annotator="Mike Bada, University of Colorado Anschutz Medical Campus" id="CL_basic_2014_02_21_Instance_23853" type="identity">
      <class id="CL:0000540" label="neuron"/>
      <span end="25688" id="15836427-5633" start="25680">neuronal</span>
    </annotation>
    <annotation annotator="Mike Bada, University of Colorado Anschutz Medical Campus" id="CL_basic_2014_02_21_Instance_40721" type="identity">
      <class id="CL:1001451" label="sensory neuron of dorsal root ganglion"/>
      <span end="25774" id="15836427-5736" start="25755">DRG sensory neurons</span>
    </annotation>
    <annotation annotator="Mike Bada, University of Colorado Anschutz Medical Campus" id="CL_basic_2014_02_21_Instance_16649" type="identity">
      <class id="CL:0000100" label="motor neuron"/>
      <span end="25809" id="15836427-5511" start="25797">motor neuron</span>
    </annotation>
    <annotation annotator="Mike Bada, University of Colorado Anschutz Medical Campus" id="CL_basic_2014_02_21_Instance_23855" type="identity">
      <class id="CL:0000540" label="neuron"/>
      <span end="25894" id="15836427-5635" start="25886">neuronal</span>
    </annotation>
    <annotation annotator="Mike Bada, University of Colorado Anschutz Medical Campus" id="CL_basic_2014_02_21_Instance_16651" type="identity">
      <class id="CL:0000540" label="neuron"/>
      <span end="25930" id="15836427-5513" start="25923">neurons</span>
    </annotation>
    <annotation annotator="Mike Bada, University of Colorado Anschutz Medical Campus" id="CL_basic_2014_02_21_Instance_16653" type="identity">
      <class id="CL:0000540" label="neuron"/>
      <span end="26109" id="15836427-5515" start="26102">neurons</span>
    </annotation>
    <annotation annotator="Mike Bada, University of Colorado Anschutz Medical Campus" id="CL_basic_2014_02_21_Instance_23857" type="identity">
      <class id="CL:0000540" label="neuron"/>
      <span end="26383" id="15836427-5637" start="26375">neuronal</span>
    </annotation>
    <annotation annotator="Mike Bada, University of Colorado Anschutz Medical Campus" id="CL_basic_2014_02_21_Instance_16655" type="identity">
      <class id="CL:0000540" label="neuron"/>
      <span end="26458" id="15836427-5517" start="26451">neurons</span>
    </annotation>
    <annotation annotator="Mike Bada, University of Colorado Anschutz Medical Campus" id="CL_basic_2014_02_21_Instance_23859" type="identity">
      <class id="CL:0000540" label="neuron"/>
      <span end="26627" id="15836427-5639" start="26619">neuronal</span>
    </annotation>
    <annotation annotator="Mike Bada, University of Colorado Anschutz Medical Campus" id="CL_basic_2014_02_21_Instance_23861" type="identity">
      <class id="CL:0000540" label="neuron"/>
      <span end="26815" id="15836427-5641" start="26807">neuronal</span>
    </annotation>
    <annotation annotator="Mike Bada, University of Colorado Anschutz Medical Campus" id="CL_basic_2014_02_21_Instance_23863" type="identity">
      <class id="CL_GO_EXT:cell" label="cell"/>
      <span end="27738" id="15836427-5643" start="27730">cellular</span>
    </annotation>
    <annotation annotator="Mike Bada, University of Colorado Anschutz Medical Campus" id="CL_basic_2014_02_21_Instance_16657" type="identity">
      <class id="CL:0000540" label="neuron"/>
      <span end="27968" id="15836427-5519" start="27961">neurons</span>
    </annotation>
    <annotation annotator="Mike Bada, University of Colorado Anschutz Medical Campus" id="CL_basic_2014_02_21_Instance_23865" type="identity">
      <class id="CL:0000540" label="neuron"/>
      <span end="28104" id="15836427-5645" start="28096">neuronal</span>
    </annotation>
    <annotation annotator="Mike Bada, University of Colorado Anschutz Medical Campus" id="CL_basic_2014_02_21_Instance_16659" type="identity">
      <class id="CL_GO_EXT:cell" label="cell"/>
      <span end="28316" id="15836427-5521" start="28311">cells</span>
    </annotation>
    <annotation annotator="Mike Bada, University of Colorado Anschutz Medical Campus" id="CL_basic_2014_02_21_Instance_23867" type="identity">
      <class id="CL:0000540" label="neuron"/>
      <span end="28482" id="15836427-5647" start="28474">neuronal</span>
    </annotation>
    <annotation annotator="Mike Bada, University of Colorado Anschutz Medical Campus" id="CL_basic_2014_02_21_Instance_16661" type="identity">
      <class id="CL:0000031" label="neuroblast"/>
      <span end="28529" id="15836427-5523" start="28519">neuroblast</span>
    </annotation>
    <annotation annotator="Mike Bada, University of Colorado Anschutz Medical Campus" id="CL_basic_2014_02_21_Instance_16663" type="identity">
      <class id="CL:0000031" label="neuroblast"/>
      <span end="28645" id="15836427-5525" start="28634">neuroblasts</span>
    </annotation>
    <annotation annotator="Mike Bada, University of Colorado Anschutz Medical Campus" id="CL_basic_2014_02_21_Instance_16665" type="identity">
      <class id="CL:0000031" label="neuroblast"/>
      <span end="28683" id="15836427-5527" start="28672">neuroblasts</span>
    </annotation>
    <annotation annotator="Mike Bada, University of Colorado Anschutz Medical Campus" id="CL_basic_2014_02_21_Instance_16667" type="identity">
      <class id="CL_GO_EXT:cell" label="cell"/>
      <span end="28737" id="15836427-5529" start="28732">cells</span>
    </annotation>
    <annotation annotator="Mike Bada, University of Colorado Anschutz Medical Campus" id="CL_basic_2014_02_21_Instance_23869" type="identity">
      <class id="CL_GO_EXT:cell" label="cell"/>
      <span end="28852" id="15836427-5649" start="28844">cellular</span>
    </annotation>
    <annotation annotator="Mike Bada, University of Colorado Anschutz Medical Campus" id="CL_basic_2014_02_21_Instance_23871" type="identity">
      <class id="CL:0000540" label="neuron"/>
      <span end="29343" id="15836427-5651" start="29335">neuronal</span>
    </annotation>
    <annotation annotator="Mike Bada, University of Colorado Anschutz Medical Campus" id="CL_basic_2014_02_21_Instance_23873" type="identity">
      <class id="CL_GO_EXT:cell" label="cell"/>
      <span end="29356" id="15836427-5653" start="29348">cellular</span>
    </annotation>
    <annotation annotator="Mike Bada, University of Colorado Anschutz Medical Campus" id="CL_basic_2014_02_21_Instance_16669" type="identity">
      <class id="CL_GO_EXT:cell" label="cell"/>
      <span end="29382" id="15836427-5531" start="29377">cells</span>
    </annotation>
    <annotation annotator="Mike Bada, University of Colorado Anschutz Medical Campus" id="CL_basic_2014_02_21_Instance_16671" type="identity">
      <class id="CL:0000540" label="neuron"/>
      <span end="29406" id="15836427-5533" start="29399">neurons</span>
    </annotation>
    <annotation annotator="Mike Bada, University of Colorado Anschutz Medical Campus" id="CL_basic_2014_02_21_Instance_23875" type="identity">
      <class id="CL:0000540" label="neuron"/>
      <span end="29518" id="15836427-5655" start="29510">neuronal</span>
    </annotation>
    <annotation annotator="Mike Bada, University of Colorado Anschutz Medical Campus" id="CL_basic_2014_02_21_Instance_40725" type="identity">
      <class id="CL:0002322" label="embryonic stem cell"/>
      <span end="29930" id="15836427-5738" start="29922">ES cells</span>
    </annotation>
    <annotation annotator="Mike Bada, University of Colorado Anschutz Medical Campus" id="CL_basic_2014_02_21_Instance_40727" type="identity">
      <class id="CL:0002322" label="embryonic stem cell"/>
      <span end="30511" id="15836427-5740" start="30504">ES cell</span>
    </annotation>
    <annotation annotator="Mike Bada, University of Colorado Anschutz Medical Campus" id="CL_basic_2014_02_21_Instance_40729" type="identity">
      <class id="CL:0002322" label="embryonic stem cell"/>
      <span end="30674" id="15836427-5742" start="30666">ES cells</span>
    </annotation>
    <annotation annotator="Mike Bada, University of Colorado Anschutz Medical Campus" id="CL_basic_2014_02_21_Instance_40731" type="identity">
      <class id="CL:0002322" label="embryonic stem cell"/>
      <span end="31038" id="15836427-5744" start="31031">ES cell</span>
    </annotation>
    <annotation annotator="Mike Bada, University of Colorado Anschutz Medical Campus" id="CL_basic_2014_02_21_Instance_40733" type="identity">
      <class id="CL:0002322" label="embryonic stem cell"/>
      <span end="31238" id="15836427-5746" start="31230">ES cells</span>
    </annotation>
    <annotation annotator="Mike Bada, University of Colorado Anschutz Medical Campus" id="CL_basic_2014_02_21_Instance_16683" type="identity">
      <class id="CL_GO_EXT:cell" label="cell"/>
      <span end="32736" id="15836427-5535" start="32731">cells</span>
    </annotation>
    <annotation annotator="Mike Bada, University of Colorado Anschutz Medical Campus" id="CL_basic_2014_02_21_Instance_16685" type="identity">
      <class id="CL_GO_EXT:cell" label="cell"/>
      <span end="32945" id="15836427-5537" start="32940">Cells</span>
    </annotation>
    <annotation annotator="Mike Bada, University of Colorado Anschutz Medical Campus" id="CL_basic_2014_02_21_Instance_23877" type="identity">
      <class id="CL:0000445" label="apoptosis fated cell"/>
      <span end="34329" id="15836427-5657" start="34314">apoptotic cells</span>
    </annotation>
    <annotation annotator="Mike Bada, University of Colorado Anschutz Medical Campus" id="CL_basic_2014_02_21_Instance_16687" type="identity">
      <class id="CL_GO_EXT:cell" label="cell"/>
      <span end="34481" id="15836427-5539" start="34476">cells</span>
    </annotation>
    <annotation annotator="Mike Bada, University of Colorado Anschutz Medical Campus" id="CL_basic_2014_02_21_Instance_16689" type="identity">
      <class id="CL:0000101" label="sensory neuron"/>
      <span end="34710" id="15836427-5541" start="34695">sensory neurons</span>
    </annotation>
    <annotation annotator="Mike Bada, University of Colorado Anschutz Medical Campus" id="CL_basic_2014_02_21_Instance_16691" type="identity">
      <class id="CL_GO_EXT:cell" label="cell"/>
      <span end="36453" id="15836427-5543" start="36449">Cell</span>
    </annotation>
    <annotation annotator="Mike Bada, University of Colorado Anschutz Medical Campus" id="CL_basic_2014_02_21_plus_nested_Instance_50087" type="identity">
      <class id="CL_GO_EXT:cell" label="cell"/>
      <span end="36899" id="15836427-5760" start="36891">cellular</span>
    </annotation>
    <annotation annotator="Mike Bada, University of Colorado Anschutz Medical Campus" id="CL_basic_2014_02_21_Instance_16693" type="identity">
      <class id="CL:0000100" label="motor neuron"/>
      <span end="36951" id="15836427-5545" start="36938">motor neurons</span>
    </annotation>
    <annotation annotator="Mike Bada, University of Colorado Anschutz Medical Campus" id="CL_basic_2014_02_21_Instance_16695" type="identity">
      <class id="CL_GO_EXT:cell" label="cell"/>
      <span end="37216" id="15836427-5547" start="37211">cells</span>
    </annotation>
    <annotation annotator="Mike Bada, University of Colorado Anschutz Medical Campus" id="CL_basic_2014_02_21_Instance_16697" type="identity">
      <class id="CL:0000540" label="neuron"/>
      <span end="37559" id="15836427-5549" start="37552">Neurons</span>
    </annotation>
    <annotation annotator="Mike Bada, University of Colorado Anschutz Medical Campus" id="CL_basic_2014_02_21_Instance_16699" type="identity">
      <class id="CL:0000100" label="motor neuron"/>
      <span end="38168" id="15836427-5551" start="38155">Motor Neurons</span>
    </annotation>
    <annotation annotator="Mike Bada, University of Colorado Anschutz Medical Campus" id="CL_basic_2014_02_21_plus_nested_Instance_50092" type="identity">
      <class id="CL_GO_EXT:cell" label="cell"/>
      <span end="38244" id="15836427-5762" start="38236">cellular</span>
    </annotation>
    <annotation annotator="Mike Bada, University of Colorado Anschutz Medical Campus" id="CL_basic_2014_02_21_Instance_16701" type="identity">
      <class id="CL:0000100" label="motor neuron"/>
      <span end="38324" id="15836427-5553" start="38311">motor neurons</span>
    </annotation>
    <annotation annotator="Mike Bada, University of Colorado Anschutz Medical Campus" id="CL_basic_2014_02_21_Instance_16703" type="identity">
      <class id="CL_GO_EXT:cell" label="cell"/>
      <span end="38533" id="15836427-5555" start="38528">cells</span>
    </annotation>
    <annotation annotator="Mike Bada, University of Colorado Anschutz Medical Campus" id="CL_basic_2014_02_21_Instance_16705" type="identity">
      <class id="CL:0000540" label="neuron"/>
      <span end="38714" id="15836427-5557" start="38707">Neurons</span>
    </annotation>
    <annotation annotator="Mike Bada, University of Colorado Anschutz Medical Campus" id="CL_basic_2014_02_21_Instance_16707" type="identity">
      <class id="CL:0000540" label="neuron"/>
      <span end="39900" id="15836427-5559" start="39893">neurons</span>
    </annotation>
    <annotation annotator="Mike Bada, University of Colorado Anschutz Medical Campus" id="CL_basic_2014_02_21_Instance_16709" type="identity">
      <class id="CL:0000540" label="neuron"/>
      <span end="40110" id="15836427-5561" start="40103">neurons</span>
    </annotation>
    <annotation annotator="Mike Bada, University of Colorado Anschutz Medical Campus" id="CL_basic_2014_02_21_Instance_40735" type="identity">
      <class id="CL:0002322" label="embryonic stem cell"/>
      <span end="40799" id="15836427-5748" start="40791">ES cells</span>
    </annotation>
    <annotation annotator="Mike Bada, University of Colorado Anschutz Medical Campus" id="CL_basic_2014_02_21_Instance_16713" type="identity">
      <class id="CL:0000540" label="neuron"/>
      <span end="41061" id="15836427-5563" start="41054">neurons</span>
    </annotation>
    <annotation annotator="Mike Bada, University of Colorado Anschutz Medical Campus" id="CL_basic_2014_02_21_Instance_16715" type="identity">
      <class id="CL:0000540" label="neuron"/>
      <span end="41267" id="15836427-5565" start="41260">Neurons</span>
    </annotation>
    <annotation annotator="Mike Bada, University of Colorado Anschutz Medical Campus" id="CL_basic_2014_02_21_Instance_23879" type="identity">
      <class id="CL:0000540" label="neuron"/>
      <span end="43813" id="15836427-5659" start="43806">neurons</span>
    </annotation>
    <annotation annotator="Mike Bada, University of Colorado Anschutz Medical Campus" id="CL_basic_2014_02_21_Instance_23923" type="identity">
      <class id="CL:0000540" label="neuron"/>
      <span end="44692" id="15836427-5701" start="44685">neurons</span>
    </annotation>
    <annotation annotator="Mike Bada, University of Colorado Anschutz Medical Campus" id="CL_basic_2014_02_21_Instance_23881" type="identity">
      <class id="CL:0000100" label="motor neuron"/>
      <span end="45428" id="15836427-5661" start="45415">motor neurons</span>
    </annotation>
    <annotation annotator="Mike Bada, University of Colorado Anschutz Medical Campus" id="CL_basic_2014_02_21_Instance_23883" type="identity">
      <class id="CL:0000540" label="neuron"/>
      <span end="45630" id="15836427-5663" start="45623">Neurons</span>
    </annotation>
    <annotation annotator="Mike Bada, University of Colorado Anschutz Medical Campus" id="CL_basic_2014_02_21_Instance_70422" type="identity">
      <class id="CL:0000187" label="muscle cell"/>
      <span end="46548" id="15836427-5756" start="46535">muscle fibers</span>
    </annotation>
    <annotation annotator="Mike Bada, University of Colorado Anschutz Medical Campus" id="CL_basic_2014_02_21_Instance_23885" type="identity">
      <class id="CL:0000540" label="neuron"/>
      <span end="47270" id="15836427-5665" start="47263">Neurons</span>
    </annotation>
    <annotation annotator="Mike Bada, University of Colorado Anschutz Medical Campus" id="CL_basic_2014_02_21_Instance_23887" type="identity">
      <class id="CL:0000540" label="neuron"/>
      <span end="47665" id="15836427-5667" start="47658">Neurons</span>
    </annotation>
    <annotation annotator="Mike Bada, University of Colorado Anschutz Medical Campus" id="CL_basic_2014_02_21_Instance_23889" type="identity">
      <class id="CL:0000540" label="neuron"/>
      <span end="48182" id="15836427-5669" start="48175">Neurons</span>
    </annotation>
    <annotation annotator="Mike Bada, University of Colorado Anschutz Medical Campus" id="CL_basic_2014_02_21_Instance_23891" type="identity">
      <class id="CL:0000540" label="neuron"/>
      <span end="48563" id="15836427-5671" start="48550">neuronal cell</span>
    </annotation>
    <annotation annotator="Mike Bada, University of Colorado Anschutz Medical Campus" id="CL_basic_2014_02_21_Instance_23893" type="identity">
      <class id="CL_GO_EXT:cell" label="cell"/>
      <span end="48614" id="15836427-5673" start="48610">cell</span>
    </annotation>
    <annotation annotator="Mike Bada, University of Colorado Anschutz Medical Campus" id="CL_basic_2014_02_21_Instance_23895" type="identity">
      <class id="CL:0000540" label="neuron"/>
      <span end="48952" id="15836427-5675" start="48944">neuronal</span>
    </annotation>
    <annotation annotator="Mike Bada, University of Colorado Anschutz Medical Campus" id="CL_basic_2014_02_21_Instance_23897" type="identity">
      <class id="CL:0000540" label="neuron"/>
      <span end="50120" id="15836427-5677" start="50113">neurons</span>
    </annotation>
    <annotation annotator="Mike Bada, University of Colorado Anschutz Medical Campus" id="CL_basic_2014_02_21_Instance_23899" type="identity">
      <class id="CL_GO_EXT:cell" label="cell"/>
      <span end="50164" id="15836427-5679" start="50160">cell</span>
    </annotation>
    <annotation annotator="Mike Bada, University of Colorado Anschutz Medical Campus" id="CL_basic_2014_02_21_Instance_23901" type="identity">
      <class id="CL_GO_EXT:cell" label="cell"/>
      <span end="50589" id="15836427-5681" start="50585">Cell</span>
    </annotation>
    <annotation annotator="Mike Bada, University of Colorado Anschutz Medical Campus" id="CL_basic_2014_02_21_Instance_23903" type="identity">
      <class id="CL:0000540" label="neuron"/>
      <span end="51079" id="15836427-5683" start="51071">Neuronal</span>
    </annotation>
    <annotation annotator="Mike Bada, University of Colorado Anschutz Medical Campus" id="CL_basic_2014_02_21_Instance_23905" type="identity">
      <class id="CL:0000540" label="neuron"/>
      <span end="51347" id="15836427-5685" start="51340">neurons</span>
    </annotation>
    <annotation annotator="Mike Bada, University of Colorado Anschutz Medical Campus" id="CL_basic_2014_02_21_Instance_23907" type="identity">
      <class id="CL:0000540" label="neuron"/>
      <span end="51376" id="15836427-5687" start="51368">neuronal</span>
    </annotation>
    <annotation annotator="Mike Bada, University of Colorado Anschutz Medical Campus" id="CL_basic_2014_02_21_Instance_23909" type="identity">
      <class id="CL:0000540" label="neuron"/>
      <span end="51754" id="15836427-5689" start="51746">neuronal</span>
    </annotation>
    <annotation annotator="Mike Bada, University of Colorado Anschutz Medical Campus" id="CL_basic_2014_02_21_Instance_40738" type="identity">
      <class id="CL:1001451" label="sensory neuron of dorsal root ganglion"/>
      <span end="51987" id="15836427-5750" start="51957">proprioceptive sensory neurons</span>
    </annotation>
    <annotation annotator="Mike Bada, University of Colorado Anschutz Medical Campus" id="CL_basic_2014_02_21_Instance_23913" type="identity">
      <class id="CL:0000540" label="neuron"/>
      <span end="52014" id="15836427-5691" start="52006">neuronal</span>
    </annotation>
    <annotation annotator="Mike Bada, University of Colorado Anschutz Medical Campus" id="CL_basic_2014_02_21_Instance_23915" type="identity">
      <class id="CL:0000540" label="neuron"/>
      <span end="52210" id="15836427-5693" start="52202">neuronal</span>
    </annotation>
    <annotation annotator="Mike Bada, University of Colorado Anschutz Medical Campus" id="CL_basic_2014_02_21_Instance_40744" type="identity">
      <class id="CL:0000540" label="neuron"/>
      <span end="52539" id="15836427-5752" start="52532">neurons</span>
    </annotation>
    <graph-space id="Old Knowtator Relations"/>
  </document>
</knowtator-project>
