<?xml version="1.0" encoding="UTF-8" standalone="no"?>
<knowtator-project>
  <document id="15917436" text-file="15917436.txt">
    <annotation annotator="Mike Bada, University of Colorado Anschutz Medical Campus" id="CL_basic_2014_02_21_Instance_17117" type="identity">
      <class id="CL_GO_EXT:cell" label="cell"/>
      <span end="5027" id="15917436-5919" start="5022">cells</span>
    </annotation>
    <annotation annotator="Mike Bada, University of Colorado Anschutz Medical Campus" id="CL_basic_2014_02_21_Instance_17119" type="identity">
      <class id="CL_GO_EXT:cell" label="cell"/>
      <span end="5503" id="15917436-5921" start="5498">cells</span>
    </annotation>
    <annotation annotator="Mike Bada, University of Colorado Anschutz Medical Campus" id="CL_basic_2014_02_21_Instance_24147" type="identity">
      <class id="CL_GO_EXT:cell" label="cell"/>
      <span end="5580" id="15917436-5929" start="5576">CELL</span>
    </annotation>
    <annotation annotator="Mike Bada, University of Colorado Anschutz Medical Campus" id="CL_basic_2014_02_21_Instance_17121" type="identity">
      <class id="CL_GO_EXT:cell" label="cell"/>
      <span end="5681" id="15917436-5923" start="5676">cells</span>
    </annotation>
    <annotation annotator="Mike Bada, University of Colorado Anschutz Medical Campus" id="CL_basic_2014_02_21_Instance_17123" type="identity">
      <class id="CL_GO_EXT:cell" label="cell"/>
      <span end="33951" id="15917436-5925" start="33947">cell</span>
    </annotation>
    <annotation annotator="Mike Bada, University of Colorado Anschutz Medical Campus" id="CL_basic_2014_02_21_Instance_17125" type="identity">
      <class id="CL_GO_EXT:cell" label="cell"/>
      <span end="34078" id="15917436-5927" start="34074">cell</span>
    </annotation>
    <graph-space id="Old Knowtator Relations"/>
  </document>
</knowtator-project>
