<?xml version="1.0" encoding="UTF-8" standalone="no"?>
<knowtator-project>
    <document id="15921521" text-file="15921521.txt">
        <annotation annotator="Mike Bada, University of Colorado Anschutz Medical Campus" id="CL_basic_2014_02_21_Instance_17127" type="identity">
            <class id="CL:0000842" label="mononuclear cell"/>
            <span end="4766" id="15921521-5934" start="4750">mononuclear cell</span>
        </annotation>
        <annotation annotator="Mike Bada, University of Colorado Anschutz Medical Campus" id="CL_basic_2014_02_21_Instance_17129" type="identity">
            <class id="CL:0000097" label="mast cell"/>
            <span end="7397" id="15921521-5936" start="7388">Mast cell</span>
        </annotation>
        <annotation annotator="Mike Bada, University of Colorado Anschutz Medical Campus" id="CL_basic_2014_02_21_Instance_17131" type="identity">
            <class id="CL:0000097" label="mast cell"/>
            <span end="7457" id="15921521-5938" start="7447">mast cells</span>
        </annotation>
        <annotation annotator="Mike Bada, University of Colorado Anschutz Medical Campus" id="CL_basic_2014_02_21_Instance_17133" type="identity">
            <class id="CL:0000097" label="mast cell"/>
            <span end="7477" id="15921521-5940" start="7467">mast cells</span>
        </annotation>
        <annotation annotator="Mike Bada, University of Colorado Anschutz Medical Campus" id="CL_basic_2014_02_21_Instance_17135" type="identity">
            <class id="CL:0000775" label="neutrophil"/>
            <span end="7610" id="15921521-5942" start="7599">neutrophils</span>
        </annotation>
        <annotation annotator="Mike Bada, University of Colorado Anschutz Medical Campus" id="CL_basic_2014_02_21_Instance_17137" type="identity">
            <class id="CL:0000115" label="endothelial cell"/>
            <span end="7731" id="15921521-5944" start="7715">endothelial cell</span>
        </annotation>
        <annotation annotator="Mike Bada, University of Colorado Anschutz Medical Campus" id="CL_basic_2014_02_21_Instance_40994" type="identity">
            <class id="CL:0000988" label="hematopoietic cell"/>
            <span end="7898" id="15921521-6002" start="7880">Hematopoietic cell</span>
        </annotation>
        <annotation annotator="Mike Bada, University of Colorado Anschutz Medical Campus" id="CL_basic_2014_02_21_Instance_17139" type="identity">
            <class id="CL:0000081" label="blood cell"/>
            <span end="7951" id="15921521-5946" start="7941">blood cell</span>
        </annotation>
        <annotation annotator="Mike Bada, University of Colorado Anschutz Medical Campus" id="CL_basic_2014_02_21_Instance_17141" type="identity">
            <class id="CL:0000066" label="epithelial cell"/>
            <span end="8140" id="15921521-5948" start="8124">epithelial cells</span>
        </annotation>
        <annotation annotator="Mike Bada, University of Colorado Anschutz Medical Campus" id="CL_basic_2014_02_21_Instance_24157" type="identity">
            <class id="CL_GO_EXT:cell" label="cell"/>
            <span end="8450" id="15921521-5998" start="8446">cell</span>
        </annotation>
        <annotation annotator="Mike Bada, University of Colorado Anschutz Medical Campus" id="CL_basic_2014_02_21_Instance_17143" type="identity">
            <class id="CL:0000160" label="goblet cell"/>
            <span end="11478" id="15921521-5950" start="11466">goblet cells</span>
        </annotation>
        <annotation annotator="Mike Bada, University of Colorado Anschutz Medical Campus" id="CL_basic_2014_02_21_Instance_17145" type="identity">
            <class id="CL:0000160" label="goblet cell"/>
            <span end="13793" id="15921521-5952" start="13782">goblet cell</span>
        </annotation>
        <annotation annotator="Mike Bada, University of Colorado Anschutz Medical Campus" id="CL_basic_2014_02_21_Instance_17147" type="identity">
            <class id="CL:0000084" label="T cell"/>
            <span end="19880" id="15921521-5954" start="19874">T cell</span>
        </annotation>
        <annotation annotator="Mike Bada, University of Colorado Anschutz Medical Campus" id="CL_basic_2014_02_21_Instance_17149" type="identity">
            <class id="CL:0000738" label="leukocyte"/>
            <span end="19990" id="15921521-5956" start="19979">immune cell</span>
        </annotation>
        <annotation annotator="Mike Bada, University of Colorado Anschutz Medical Campus" id="CL_basic_2014_02_21_Instance_17151" type="identity">
            <class id="CL:0000738" label="leukocyte"/>
            <span end="20062" id="15921521-5958" start="20051">immune cell</span>
        </annotation>
        <annotation annotator="Mike Bada, University of Colorado Anschutz Medical Campus" id="CL_basic_2014_02_21_Instance_17153" type="identity">
            <class id="CL:0000097" label="mast cell"/>
            <span end="20222" id="15921521-5960" start="20212">mast cells</span>
        </annotation>
        <annotation annotator="Mike Bada, University of Colorado Anschutz Medical Campus" id="CL_basic_2014_02_21_Instance_17155" type="identity">
            <class id="CL:0000542" label="lymphocyte"/>
            <span end="20247" id="15921521-5962" start="20236">lymphocytes</span>
        </annotation>
        <annotation annotator="Mike Bada, University of Colorado Anschutz Medical Campus" id="CL_basic_2014_02_21_Instance_17157" type="identity">
            <class id="CL:0000542" label="lymphocyte"/>
            <span end="20487" id="15921521-5964" start="20476">lymphocytes</span>
        </annotation>
        <annotation annotator="Mike Bada, University of Colorado Anschutz Medical Campus" id="CL_basic_2014_02_21_Instance_11429" type="identity">
            <class id="CL:0000510" label="paneth cell"/>
            <span end="20540" id="15921521-5932" start="20529">Paneth cell</span>
        </annotation>
        <annotation annotator="Mike Bada, University of Colorado Anschutz Medical Campus" id="CL_basic_2014_02_21_Instance_17159" type="identity">
            <class id="CL:0000542" label="lymphocyte"/>
            <span end="20630" id="15921521-5966" start="20620">lymphocyte</span>
        </annotation>
        <annotation annotator="Mike Bada, University of Colorado Anschutz Medical Campus" id="CL_basic_2014_02_21_Instance_17161" type="identity">
            <class id="CL:0000034" label="stem cell"/>
            <span end="20725" id="15921521-5968" start="20716">stem cell</span>
        </annotation>
        <annotation annotator="Mike Bada, University of Colorado Anschutz Medical Campus" id="CL_basic_2014_02_21_Instance_17163" type="identity">
            <class id="CL:0000097" label="mast cell"/>
            <span end="20762" id="15921521-5970" start="20753">mast cell</span>
        </annotation>
        <annotation annotator="Mike Bada, University of Colorado Anschutz Medical Campus" id="CL_basic_2014_02_21_Instance_17165" type="identity">
            <class id="CL:0000510" label="paneth cell"/>
            <span end="20899" id="15921521-5972" start="20888">Paneth cell</span>
        </annotation>
        <annotation annotator="Mike Bada, University of Colorado Anschutz Medical Campus" id="CL_basic_2014_02_21_Instance_24159" type="identity">
            <class id="CL_GO_EXT:cell" label="cell"/>
            <span end="20925" id="15921521-6000" start="20921">cell</span>
        </annotation>
        <annotation annotator="Mike Bada, University of Colorado Anschutz Medical Campus" id="CL_basic_2014_02_21_plus_nested_Instance_50097" type="identity">
            <class id="CL_GO_EXT:cell" label="cell"/>
            <span end="21229" id="15921521-6004" start="21221">cellular</span>
        </annotation>
        <annotation annotator="Mike Bada, University of Colorado Anschutz Medical Campus" id="CL_basic_2014_02_21_Instance_17167" type="identity">
            <class id="CL:0000097" label="mast cell"/>
            <span end="21842" id="15921521-5974" start="21832">mast cells</span>
        </annotation>
        <annotation annotator="Mike Bada, University of Colorado Anschutz Medical Campus" id="CL_basic_2014_02_21_Instance_17169" type="identity">
            <class id="CL:0000775" label="neutrophil"/>
            <span end="21858" id="15921521-5976" start="21847">neutrophils</span>
        </annotation>
        <annotation annotator="Mike Bada, University of Colorado Anschutz Medical Campus" id="CL_basic_2014_02_21_Instance_17171" type="identity">
            <class id="CL_GO_EXT:cell" label="cell"/>
            <span end="21893" id="15921521-5978" start="21888">cells</span>
        </annotation>
        <annotation annotator="Mike Bada, University of Colorado Anschutz Medical Campus" id="CL_basic_2014_02_21_Instance_17173" type="identity">
            <class id="CL:0000097" label="mast cell"/>
            <span end="21977" id="15921521-5980" start="21967">mast cells</span>
        </annotation>
        <annotation annotator="Mike Bada, University of Colorado Anschutz Medical Campus" id="CL_basic_2014_02_21_Instance_17175" type="identity">
            <class id="CL:0000097" label="mast cell"/>
            <span end="22048" id="15921521-5982" start="22038">mast cells</span>
        </annotation>
        <annotation annotator="Mike Bada, University of Colorado Anschutz Medical Campus" id="CL_basic_2014_02_21_Instance_17177" type="identity">
            <class id="CL:0000775" label="neutrophil"/>
            <span end="22142" id="15921521-5984" start="22131">neutrophils</span>
        </annotation>
        <annotation annotator="Mike Bada, University of Colorado Anschutz Medical Campus" id="CL_basic_2014_02_21_Instance_17179" type="identity">
            <class id="CL:0000775" label="neutrophil"/>
            <span end="22247" id="15921521-5986" start="22236">neutrophils</span>
        </annotation>
        <annotation annotator="Mike Bada, University of Colorado Anschutz Medical Campus" id="CL_basic_2014_02_21_Instance_17181" type="identity">
            <class id="CL:0000097" label="mast cell"/>
            <span end="22704" id="15921521-5988" start="22694">mast cells</span>
        </annotation>
        <annotation annotator="Mike Bada, University of Colorado Anschutz Medical Campus" id="CL_basic_2014_02_21_Instance_17183" type="identity">
            <class id="CL:0000775" label="neutrophil"/>
            <span end="22720" id="15921521-5990" start="22709">neutrophils</span>
        </annotation>
        <annotation annotator="Mike Bada, University of Colorado Anschutz Medical Campus" id="CL_basic_2014_02_21_Instance_17185" type="identity">
            <class id="CL:0000738" label="leukocyte"/>
            <span end="23179" id="15921521-5992" start="23167">immune cells</span>
        </annotation>
        <annotation annotator="Mike Bada, University of Colorado Anschutz Medical Campus" id="CL_basic_2014_02_21_Instance_17187" type="identity">
            <class id="CL:0000097" label="mast cell"/>
            <span end="23267" id="15921521-5994" start="23258">mast cell</span>
        </annotation>
        <annotation annotator="Mike Bada, University of Colorado Anschutz Medical Campus" id="CL_basic_2014_02_21_Instance_17189" type="identity">
            <class id="CL:0000775" label="neutrophil"/>
            <span end="23282" id="15921521-5996" start="23272">neutrophil</span>
        </annotation>
        <graph-space id="Old Knowtator Relations"/>
    </document>
</knowtator-project>
