<?xml version="1.0" encoding="UTF-8" standalone="no"?>
<knowtator-project>
  <document id="16109169" text-file="16109169.txt">
    <annotation annotator="Mike Bada, University of Colorado Anschutz Medical Campus" id="CL_basic_2014_02_21_Instance_12631" type="identity">
      <class id="CL_GO_EXT:cell" label="cell"/>
      <span end="1819" id="16109169-6122" start="1811">cellular</span>
    </annotation>
    <annotation annotator="Mike Bada, University of Colorado Anschutz Medical Campus" id="CL_basic_2014_02_21_Instance_12945" type="identity">
      <class id="CL:0000540" label="neuron"/>
      <span end="2100" id="16109169-6187" start="2093">neurons</span>
    </annotation>
    <annotation annotator="Mike Bada, University of Colorado Anschutz Medical Campus" id="CL_basic_2014_02_21_Instance_41212" type="identity">
      <class id="CL:0002613" label="striatum neuron"/>
      <span end="2516" id="16109169-6189" start="2500">striatal neurons</span>
    </annotation>
    <annotation annotator="Mike Bada, University of Colorado Anschutz Medical Campus" id="CL_basic_2014_02_21_Instance_12879" type="identity">
      <class id="CL:0000540" label="neuron"/>
      <span end="2627" id="16109169-6128" start="2614">neuronal cell</span>
    </annotation>
    <annotation annotator="Mike Bada, University of Colorado Anschutz Medical Campus" id="CL_basic_2014_02_21_Instance_12883" type="identity">
      <class id="CL_GO_EXT:cell" label="cell"/>
      <span end="2757" id="16109169-6130" start="2753">cell</span>
    </annotation>
    <annotation annotator="Mike Bada, University of Colorado Anschutz Medical Campus" id="CL_basic_2014_02_21_plus_nested_Instance_50738" type="identity">
      <class id="CL_GO_EXT:cell" label="cell"/>
      <span end="2902" id="16109169-6197" start="2894">cellular</span>
    </annotation>
    <annotation annotator="Mike Bada, University of Colorado Anschutz Medical Campus" id="CL_basic_2014_02_21_plus_nested_Instance_50743" type="identity">
      <class id="CL_GO_EXT:cell" label="cell"/>
      <span end="3074" id="16109169-6199" start="3066">cellular</span>
    </annotation>
    <annotation annotator="Mike Bada, University of Colorado Anschutz Medical Campus" id="CL_basic_2014_02_21_Instance_12885" type="identity">
      <class id="CL_GO_EXT:cell" label="cell"/>
      <span end="3277" id="16109169-6132" start="3269">cellular</span>
    </annotation>
    <annotation annotator="Mike Bada, University of Colorado Anschutz Medical Campus" id="CL_basic_2014_02_21_Instance_12887" type="identity">
      <class id="CL_GO_EXT:cell" label="cell"/>
      <span end="3589" id="16109169-6134" start="3581">cellular</span>
    </annotation>
    <annotation annotator="Mike Bada, University of Colorado Anschutz Medical Campus" id="CL_basic_2014_02_21_Instance_12889" type="identity">
      <class id="CL_GO_EXT:cell" label="cell"/>
      <span end="3859" id="16109169-6136" start="3855">cell</span>
    </annotation>
    <annotation annotator="Mike Bada, University of Colorado Anschutz Medical Campus" id="CL_basic_2014_02_21_Instance_41216" type="identity">
      <class id="CL:0002322" label="embryonic stem cell"/>
      <span end="3929" id="16109169-6191" start="3909">embryonic stem cells</span>
    </annotation>
    <annotation annotator="Mike Bada, University of Colorado Anschutz Medical Campus" id="CL_basic_2014_02_21_Instance_12893" type="identity">
      <class id="CL:0000540" label="neuron"/>
      <span end="3941" id="16109169-6138" start="3934">neurons</span>
    </annotation>
    <annotation annotator="Mike Bada, University of Colorado Anschutz Medical Campus" id="CL_basic_2014_02_21_Instance_12801" type="identity">
      <class id="CL_GO_EXT:cell" label="cell"/>
      <span end="4780" id="16109169-6124" start="4775">cells</span>
    </annotation>
    <annotation annotator="Mike Bada, University of Colorado Anschutz Medical Campus" id="CL_basic_2014_02_21_Instance_12877" type="identity">
      <class id="CL_GO_EXT:cell" label="cell"/>
      <span end="4829" id="16109169-6126" start="4825">cell</span>
    </annotation>
    <annotation annotator="Mike Bada, University of Colorado Anschutz Medical Campus" id="CL_basic_2014_02_21_Instance_41218" type="identity">
      <class id="CL:0002322" label="embryonic stem cell"/>
      <span end="5493" id="16109169-6193" start="5473">embryonic stem cells</span>
    </annotation>
    <annotation annotator="Mike Bada, University of Colorado Anschutz Medical Campus" id="CL_basic_2014_02_21_Instance_12899" type="identity">
      <class id="CL:0000223" label="endodermal cell"/>
      <span end="8146" id="16109169-6140" start="8138">endoderm</span>
      <span end="8158" id="16109169-6141" start="8153">cells</span>
    </annotation>
    <annotation annotator="Mike Bada, University of Colorado Anschutz Medical Campus" id="CL_basic_2014_02_21_Instance_12901" type="identity">
      <class id="CL_GO_EXT:cell" label="cell"/>
      <span end="10560" id="16109169-6143" start="10555">cells</span>
    </annotation>
    <annotation annotator="Mike Bada, University of Colorado Anschutz Medical Campus" id="CL_basic_2014_02_21_Instance_12903" type="identity">
      <class id="CL_GO_EXT:cell" label="cell"/>
      <span end="10658" id="16109169-6145" start="10653">cells</span>
    </annotation>
    <annotation annotator="Mike Bada, University of Colorado Anschutz Medical Campus" id="CL_basic_2014_02_21_Instance_12905" type="identity">
      <class id="CL_GO_EXT:cell" label="cell"/>
      <span end="10954" id="16109169-6147" start="10949">cells</span>
    </annotation>
    <annotation annotator="Mike Bada, University of Colorado Anschutz Medical Campus" id="CL_basic_2014_02_21_Instance_12907" type="identity">
      <class id="CL_GO_EXT:cell" label="cell"/>
      <span end="12692" id="16109169-6149" start="12687">cells</span>
    </annotation>
    <annotation annotator="Mike Bada, University of Colorado Anschutz Medical Campus" id="CL_basic_2014_02_21_Instance_12909" type="identity">
      <class id="CL_GO_EXT:cell" label="cell"/>
      <span end="12995" id="16109169-6151" start="12990">cells</span>
    </annotation>
    <annotation annotator="Mike Bada, University of Colorado Anschutz Medical Campus" id="CL_basic_2014_02_21_Instance_12911" type="identity">
      <class id="CL_GO_EXT:cell" label="cell"/>
      <span end="13626" id="16109169-6153" start="13621">cells</span>
    </annotation>
    <annotation annotator="Mike Bada, University of Colorado Anschutz Medical Campus" id="CL_basic_2014_02_21_Instance_12913" type="identity">
      <class id="CL_GO_EXT:cell" label="cell"/>
      <span end="15911" id="16109169-6155" start="15906">cells</span>
    </annotation>
    <annotation annotator="Mike Bada, University of Colorado Anschutz Medical Campus" id="CL_basic_2014_02_21_Instance_12915" type="identity">
      <class id="CL_GO_EXT:cell" label="cell"/>
      <span end="16180" id="16109169-6157" start="16176">cell</span>
    </annotation>
    <annotation annotator="Mike Bada, University of Colorado Anschutz Medical Campus" id="CL_basic_2014_02_21_Instance_12917" type="identity">
      <class id="CL_GO_EXT:cell" label="cell"/>
      <span end="16618" id="16109169-6159" start="16614">cell</span>
    </annotation>
    <annotation annotator="Mike Bada, University of Colorado Anschutz Medical Campus" id="CL_basic_2014_02_21_Instance_12919" type="identity">
      <class id="CL_GO_EXT:cell" label="cell"/>
      <span end="16876" id="16109169-6161" start="16871">cells</span>
    </annotation>
    <annotation annotator="Mike Bada, University of Colorado Anschutz Medical Campus" id="CL_basic_2014_02_21_Instance_12921" type="identity">
      <class id="CL_GO_EXT:cell" label="cell"/>
      <span end="17987" id="16109169-6163" start="17982">cells</span>
    </annotation>
    <annotation annotator="Mike Bada, University of Colorado Anschutz Medical Campus" id="CL_basic_2014_02_21_Instance_12923" type="identity">
      <class id="CL:0000223" label="endodermal cell"/>
      <span end="19062" id="16109169-6165" start="19048">endoderm cells</span>
    </annotation>
    <annotation annotator="Mike Bada, University of Colorado Anschutz Medical Campus" id="CL_basic_2014_02_21_Instance_11439" type="identity">
      <class id="CL:0000670" label="primordial germ cell"/>
      <span end="20712" id="16109169-6108" start="20692">Primitive germ cells</span>
    </annotation>
    <annotation annotator="Mike Bada, University of Colorado Anschutz Medical Campus" id="CL_basic_2014_02_21_Instance_41220" type="identity">
      <class id="CL:0000670" label="primordial germ cell"/>
      <span end="20718" id="16109169-6195" start="20714">PCGs</span>
    </annotation>
    <annotation annotator="Mike Bada, University of Colorado Anschutz Medical Campus" id="CL_basic_2014_02_21_Instance_12925" type="identity">
      <class id="CL:0000670" label="primordial germ cell"/>
      <span end="22638" id="16109169-6167" start="22617">primordial germ cells</span>
    </annotation>
    <annotation annotator="Mike Bada, University of Colorado Anschutz Medical Campus" id="CL_basic_2014_02_21_Instance_11441" type="identity">
      <class id="CL:0000670" label="primordial germ cell"/>
      <span end="22644" id="16109169-6110" start="22640">PGCs</span>
    </annotation>
    <annotation annotator="Mike Bada, University of Colorado Anschutz Medical Campus" id="CL_basic_2014_02_21_Instance_11443" type="identity">
      <class id="CL:0000670" label="primordial germ cell"/>
      <span end="22696" id="16109169-6112" start="22692">PGCs</span>
    </annotation>
    <annotation annotator="Mike Bada, University of Colorado Anschutz Medical Campus" id="CL_basic_2014_02_21_Instance_11445" type="identity">
      <class id="CL:0000670" label="primordial germ cell"/>
      <span end="22909" id="16109169-6114" start="22905">PCGs</span>
    </annotation>
    <annotation annotator="Mike Bada, University of Colorado Anschutz Medical Campus" id="CL_basic_2014_02_21_Instance_12927" type="identity">
      <class id="CL_GO_EXT:cell" label="cell"/>
      <span end="24814" id="16109169-6169" start="24806">cellular</span>
    </annotation>
    <annotation annotator="Mike Bada, University of Colorado Anschutz Medical Campus" id="CL_basic_2014_02_21_Instance_12929" type="identity">
      <class id="CL:0000670" label="primordial germ cell"/>
      <span end="25912" id="16109169-6171" start="25891">primordial germ cells</span>
    </annotation>
    <annotation annotator="Mike Bada, University of Colorado Anschutz Medical Campus" id="CL_basic_2014_02_21_Instance_11447" type="identity">
      <class id="CL:0000670" label="primordial germ cell"/>
      <span end="27550" id="16109169-6116" start="27546">PCGs</span>
    </annotation>
    <annotation annotator="Mike Bada, University of Colorado Anschutz Medical Campus" id="CL_basic_2014_02_21_Instance_12931" type="identity">
      <class id="CL:0000349" label="extraembryonic cell"/>
      <span end="28243" id="16109169-6173" start="28223">extraembryonic cells</span>
    </annotation>
    <annotation annotator="Mike Bada, University of Colorado Anschutz Medical Campus" id="CL_basic_2014_02_21_Instance_12933" type="identity">
      <class id="CL:0000540" label="neuron"/>
      <span end="30475" id="16109169-6175" start="30468">neurons</span>
    </annotation>
    <annotation annotator="Mike Bada, University of Colorado Anschutz Medical Campus" id="CL_basic_2014_02_21_Instance_12935" type="identity">
      <class id="CL_GO_EXT:cell" label="cell"/>
      <span end="30919" id="16109169-6177" start="30915">cell</span>
    </annotation>
    <annotation annotator="Mike Bada, University of Colorado Anschutz Medical Campus" id="CL_basic_2014_02_21_Instance_12937" type="identity">
      <class id="CL_GO_EXT:cell" label="cell"/>
      <span end="31315" id="16109169-6179" start="31307">cellular</span>
    </annotation>
    <annotation annotator="Mike Bada, University of Colorado Anschutz Medical Campus" id="CL_basic_2014_02_21_Instance_12939" type="identity">
      <class id="CL_GO_EXT:cell" label="cell"/>
      <span end="31870" id="16109169-6181" start="31862">cellular</span>
    </annotation>
    <annotation annotator="Mike Bada, University of Colorado Anschutz Medical Campus" id="CL_basic_2014_02_21_Instance_12941" type="identity">
      <class id="CL:0000670" label="primordial germ cell"/>
      <span end="33802" id="16109169-6183" start="33781">Primordial Germ Cells</span>
    </annotation>
    <annotation annotator="Mike Bada, University of Colorado Anschutz Medical Campus" id="CL_basic_2014_02_21_Instance_11449" type="identity">
      <class id="CL:0000670" label="primordial germ cell"/>
      <span end="33808" id="16109169-6118" start="33804">PCGs</span>
    </annotation>
    <annotation annotator="Mike Bada, University of Colorado Anschutz Medical Campus" id="CL_basic_2014_02_21_Instance_11451" type="identity">
      <class id="CL:0000670" label="primordial germ cell"/>
      <span end="34711" id="16109169-6120" start="34707">PCGs</span>
    </annotation>
    <annotation annotator="Mike Bada, University of Colorado Anschutz Medical Campus" id="CL_basic_2014_02_21_Instance_12943" type="identity">
      <class id="CL:0000670" label="primordial germ cell"/>
      <span end="34734" id="16109169-6185" start="34713">primordial germ cells</span>
    </annotation>
    <graph-space id="Old Knowtator Relations"/>
  </document>
</knowtator-project>
