<?xml version="1.0" encoding="UTF-8" standalone="no"?>
<knowtator-project>
    <document id="16103912" text-file="16103912.txt">
        <annotation annotator="Mike Bada, University of Colorado Anschutz Medical Campus" id="CL_basic_2014_02_21_Instance_41192" type="identity">
            <class id="CL:0002372" label="myotube"/>
            <span end="8480" id="16103912-6096" start="8470">Myotubules</span>
        </annotation>
        <annotation annotator="Mike Bada, University of Colorado Anschutz Medical Campus" id="CL_basic_2014_02_21_Instance_41195" type="identity">
            <class id="CL:0002372" label="myotube"/>
            <span end="8563" id="16103912-6098" start="8553">myotubules</span>
        </annotation>
        <annotation annotator="Mike Bada, University of Colorado Anschutz Medical Campus" id="CL_basic_2014_02_21_Instance_70425" type="identity">
            <class id="CL:0000187" label="muscle cell"/>
            <span end="8677" id="16103912-6104" start="8664">muscle fibers</span>
        </annotation>
        <annotation annotator="Mike Bada, University of Colorado Anschutz Medical Campus" id="CL_basic_2014_02_21_Instance_41198" type="identity">
            <class id="CL:0002372" label="myotube"/>
            <span end="8746" id="16103912-6100" start="8736">myotubules</span>
        </annotation>
        <annotation annotator="Mike Bada, University of Colorado Anschutz Medical Campus" id="CL_basic_2014_02_21_Instance_17363" type="identity">
            <class id="CL:0000680" label="muscle precursor cell"/>
            <span end="14830" id="16103912-6082" start="14808">muscle precursor cells</span>
        </annotation>
        <annotation annotator="Mike Bada, University of Colorado Anschutz Medical Campus" id="CL_basic_2014_02_21_Instance_17365" type="identity">
            <class id="CL:0000182" label="hepatocyte"/>
            <span end="15001" id="16103912-6084" start="14991">Hepatocyte</span>
        </annotation>
        <annotation annotator="Mike Bada, University of Colorado Anschutz Medical Campus" id="CL_basic_2014_02_21_Instance_17367" type="identity">
            <class id="CL:0000680" label="muscle precursor cell"/>
            <span end="16076" id="16103912-6086" start="16055">muscle precursor cell</span>
        </annotation>
        <annotation annotator="Mike Bada, University of Colorado Anschutz Medical Campus" id="CL_basic_2014_02_21_Instance_17369" type="identity">
            <class id="CL:0000680" label="muscle precursor cell"/>
            <span end="22203" id="16103912-6088" start="22181">muscle precursor cells</span>
        </annotation>
        <annotation annotator="Mike Bada, University of Colorado Anschutz Medical Campus" id="CL_basic_2014_02_21_Instance_17371" type="identity">
            <class id="CL:0000680" label="muscle precursor cell"/>
            <span end="22488" id="16103912-6090" start="22467">muscle precursor cell</span>
        </annotation>
        <annotation annotator="Mike Bada, University of Colorado Anschutz Medical Campus" id="CL_basic_2014_02_21_Instance_17373" type="identity">
            <class id="CL:0000680" label="muscle precursor cell"/>
            <span end="22607" id="16103912-6092" start="22586">muscle precursor cell</span>
        </annotation>
        <annotation annotator="Mike Bada, University of Colorado Anschutz Medical Campus" id="CL_basic_2014_02_21_Instance_41206" type="identity">
            <class id="CL:0002322" label="embryonic stem cell"/>
            <span end="27883" id="16103912-6102" start="27875">ES cells</span>
        </annotation>
        <annotation annotator="Mike Bada, University of Colorado Anschutz Medical Campus" id="CL_basic_2014_02_21_Instance_17377" type="identity">
            <class id="CL:0000182" label="hepatocyte"/>
            <span end="31242" id="16103912-6094" start="31232">Hepatocyte</span>
        </annotation>
        <graph-space id="Old Knowtator Relations"/>
    </document>
</knowtator-project>
