<?xml version="1.0" encoding="UTF-8" standalone="no"?>
<knowtator-project>
  <document id="16121256" text-file="16121256.txt">
    <annotation annotator="Mike Bada, University of Colorado Anschutz Medical Campus" id="CL_basic_2014_02_21_Instance_41291" type="identity">
      <class id="CL:0002322" label="embryonic stem cell"/>
      <span end="371" id="16121256-7321" start="357">embryonic stem</span>
      <span end="382" id="16121256-7322" start="377">cells</span>
    </annotation>
    <annotation annotator="Mike Bada, University of Colorado Anschutz Medical Campus" id="CL_basic_2014_02_21_plus_nested_test_Instance_10041" type="identity">
      <class id="CL:0002322" label="embryonic stem cell"/>
      <span end="375" id="16121256-7349" start="373">ES</span>
      <span end="382" id="16121256-7350" start="377">cells</span>
    </annotation>
    <annotation annotator="Mike Bada, University of Colorado Anschutz Medical Campus" id="CL_basic_2014_02_21_Instance_41295" type="identity">
      <class id="CL:0002322" label="embryonic stem cell"/>
      <span end="1518" id="16121256-7324" start="1498">embryonic stem cells</span>
    </annotation>
    <annotation annotator="Mike Bada, University of Colorado Anschutz Medical Campus" id="CL_basic_2014_02_21_Instance_41297" type="identity">
      <class id="CL:0002322" label="embryonic stem cell"/>
      <span end="4128" id="16121256-7326" start="4114">embryonic stem</span>
      <span end="4139" id="16121256-7327" start="4134">cells</span>
    </annotation>
    <annotation annotator="Mike Bada, University of Colorado Anschutz Medical Campus" id="CL_basic_2014_02_21_plus_nested_test_Instance_10043" type="identity">
      <class id="CL:0002322" label="embryonic stem cell"/>
      <span end="4132" id="16121256-7352" start="4130">ES</span>
      <span end="4139" id="16121256-7353" start="4134">cells</span>
    </annotation>
    <annotation annotator="Mike Bada, University of Colorado Anschutz Medical Campus" id="CL_basic_2014_02_21_Instance_41301" type="identity">
      <class id="CL:0002322" label="embryonic stem cell"/>
      <span end="4536" id="16121256-7329" start="4528">ES cells</span>
    </annotation>
    <annotation annotator="Mike Bada, University of Colorado Anschutz Medical Campus" id="CL_basic_2014_02_21_Instance_41303" type="identity">
      <class id="CL:0002322" label="embryonic stem cell"/>
      <span end="5625" id="16121256-7331" start="5617">ES cells</span>
    </annotation>
    <annotation annotator="Mike Bada, University of Colorado Anschutz Medical Campus" id="CL_basic_2014_02_21_Instance_41305" type="identity">
      <class id="CL:0002322" label="embryonic stem cell"/>
      <span end="5887" id="16121256-7333" start="5880">ES cell</span>
    </annotation>
    <annotation annotator="Mike Bada, University of Colorado Anschutz Medical Campus" id="CL_basic_2014_02_21_Instance_41307" type="identity">
      <class id="CL:0002322" label="embryonic stem cell"/>
      <span end="5937" id="16121256-7335" start="5930">ES cell</span>
    </annotation>
    <annotation annotator="Mike Bada, University of Colorado Anschutz Medical Campus" id="CL_basic_2014_02_21_Instance_41309" type="identity">
      <class id="CL:0002322" label="embryonic stem cell"/>
      <span end="5953" id="16121256-7337" start="5946">ES cell</span>
    </annotation>
    <annotation annotator="Mike Bada, University of Colorado Anschutz Medical Campus" id="CL_basic_2014_02_21_Instance_41311" type="identity">
      <class id="CL:0002322" label="embryonic stem cell"/>
      <span end="6306" id="16121256-7339" start="6299">ES cell</span>
    </annotation>
    <annotation annotator="Mike Bada, University of Colorado Anschutz Medical Campus" id="CL_basic_2014_02_21_Instance_17761" type="identity">
      <class id="CL:0000187" label="muscle cell"/>
      <span end="15409" id="16121256-7307" start="15402">myocyte</span>
    </annotation>
    <annotation annotator="Mike Bada, University of Colorado Anschutz Medical Campus" id="CL_basic_2014_02_21_Instance_17763" type="identity">
      <class id="CL:0000187" label="muscle cell"/>
      <span end="15552" id="16121256-7309" start="15545">myocyte</span>
    </annotation>
    <annotation annotator="Mike Bada, University of Colorado Anschutz Medical Campus" id="CL_basic_2014_02_21_Instance_17765" type="identity">
      <class id="CL:0000187" label="muscle cell"/>
      <span end="15631" id="16121256-7311" start="15623">myocytes</span>
    </annotation>
    <annotation annotator="Mike Bada, University of Colorado Anschutz Medical Campus" id="CL_basic_2014_02_21_Instance_41314" type="identity">
      <class id="CL:0000771" label="eosinophil"/>
      <span end="15761" id="16121256-7341" start="15749">eosinophilic</span>
    </annotation>
    <annotation annotator="Mike Bada, University of Colorado Anschutz Medical Campus" id="CL_basic_2014_02_21_Instance_17767" type="identity">
      <class id="CL:0000187" label="muscle cell"/>
      <span end="15799" id="16121256-7313" start="15791">myocytes</span>
    </annotation>
    <annotation annotator="Mike Bada, University of Colorado Anschutz Medical Campus" id="CL_basic_2014_02_21_Instance_17769" type="identity">
      <class id="CL:0000187" label="muscle cell"/>
      <span end="15923" id="16121256-7315" start="15915">myocytes</span>
    </annotation>
    <annotation annotator="Mike Bada, University of Colorado Anschutz Medical Campus" id="CL_basic_2014_02_21_Instance_17771" type="identity">
      <class id="CL:0000187" label="muscle cell"/>
      <span end="18880" id="16121256-7317" start="18873">myocyte</span>
    </annotation>
    <annotation annotator="Mike Bada, University of Colorado Anschutz Medical Campus" id="CL_basic_2014_02_21_Instance_41317" type="identity">
      <class id="CL:0002322" label="embryonic stem cell"/>
      <span end="21893" id="16121256-7343" start="21885">ES cells</span>
    </annotation>
    <annotation annotator="Mike Bada, University of Colorado Anschutz Medical Campus" id="CL_basic_2014_02_21_plus_nested_test_Instance_10009" type="identity">
      <class id="CL:0002322" label="embryonic stem cell"/>
      <span end="22227" id="16121256-7347" start="22225">ES</span>
    </annotation>
    <annotation annotator="Mike Bada, University of Colorado Anschutz Medical Campus" id="CL_basic_2014_02_21_Instance_41319" type="identity">
      <class id="CL:0002322" label="embryonic stem cell"/>
      <span end="22564" id="16121256-7345" start="22557">ES cell</span>
    </annotation>
    <annotation annotator="Mike Bada, University of Colorado Anschutz Medical Campus" id="CL_basic_2014_02_21_Instance_17777" type="identity">
      <class id="CL:0000019" label="sperm"/>
      <span end="24522" id="16121256-7319" start="24517">sperm</span>
    </annotation>
    <graph-space id="Old Knowtator Relations"/>
  </document>
</knowtator-project>
