<?xml version="1.0" encoding="UTF-8" standalone="no"?>
<knowtator-project>
  <document id="16221973" text-file="16221973.txt">
    <annotation annotator="Mike Bada, University of Colorado Anschutz Medical Campus" id="CL_basic_2014_02_21_Instance_23419" type="identity">
      <class id="CL_GO_EXT:cell" label="cell"/>
      <span end="1683" id="16221973-7500" start="1675">cellular</span>
    </annotation>
    <annotation annotator="Mike Bada, University of Colorado Anschutz Medical Campus" id="CL_basic_2014_02_21_Instance_17823" type="identity">
      <class id="CL:0000182" label="hepatocyte"/>
      <span end="3651" id="16221973-7454" start="3641">hepatocyte</span>
    </annotation>
    <annotation annotator="Mike Bada, University of Colorado Anschutz Medical Campus" id="CL_basic_2014_02_21_Instance_41423" type="identity">
      <class id="CL:0002322" label="embryonic stem cell"/>
      <span end="6012" id="16221973-7530" start="6004">ES cells</span>
    </annotation>
    <annotation annotator="Mike Bada, University of Colorado Anschutz Medical Campus" id="CL_basic_2014_02_21_Instance_17827" type="identity">
      <class id="CL_GO_EXT:cell" label="cell"/>
      <span end="13056" id="16221973-7456" start="13052">Cell</span>
    </annotation>
    <annotation annotator="Mike Bada, University of Colorado Anschutz Medical Campus" id="CL_basic_2014_02_21_Instance_17829" type="identity">
      <class id="CL:0000057" label="fibroblast"/>
      <span end="13095" id="16221973-7458" start="13084">fibroblasts</span>
    </annotation>
    <annotation annotator="Mike Bada, University of Colorado Anschutz Medical Campus" id="CL_basic_2014_02_21_Instance_41426" type="identity">
      <class id="CL:0000001" label="primary cultured cell"/>
      <span end="13329" id="16221973-7532" start="13316">primary cells</span>
    </annotation>
    <annotation annotator="Mike Bada, University of Colorado Anschutz Medical Campus" id="CL_basic_2014_02_21_Instance_17833" type="identity">
      <class id="CL_GO_EXT:cell" label="cell"/>
      <span end="13571" id="16221973-7460" start="13567">Cell</span>
    </annotation>
    <annotation annotator="Mike Bada, University of Colorado Anschutz Medical Campus" id="CL_basic_2014_02_21_Instance_41429" type="identity">
      <class id="CL:0002321" label="embryonic cell"/>
      <span end="13627" id="16221973-7534" start="13618">embryonic</span>
      <span end="13643" id="16221973-7535" start="13639">cell</span>
    </annotation>
    <annotation annotator="Mike Bada, University of Colorado Anschutz Medical Campus" id="CL_basic_2014_02_21_Instance_25049" type="identity">
      <class id="CL:0000057" label="fibroblast"/>
      <span end="13643" id="16221973-7502" start="13628">fibroblast cell</span>
    </annotation>
    <annotation annotator="Mike Bada, University of Colorado Anschutz Medical Campus" id="CL_basic_2014_02_21_Instance_17835" type="identity">
      <class id="CL_GO_EXT:cell" label="cell"/>
      <span end="13824" id="16221973-7462" start="13819">cells</span>
    </annotation>
    <annotation annotator="Mike Bada, University of Colorado Anschutz Medical Campus" id="CL_basic_2014_02_21_Instance_17837" type="identity">
      <class id="CL_GO_EXT:cell" label="cell"/>
      <span end="14103" id="16221973-7464" start="14098">cells</span>
    </annotation>
    <annotation annotator="Mike Bada, University of Colorado Anschutz Medical Campus" id="CL_basic_2014_02_21_Instance_17839" type="identity">
      <class id="CL_GO_EXT:cell" label="cell"/>
      <span end="14200" id="16221973-7466" start="14195">cells</span>
    </annotation>
    <annotation annotator="Mike Bada, University of Colorado Anschutz Medical Campus" id="CL_basic_2014_02_21_Instance_17841" type="identity">
      <class id="CL_GO_EXT:cell" label="cell"/>
      <span end="14350" id="16221973-7468" start="14346">cell</span>
    </annotation>
    <annotation annotator="Mike Bada, University of Colorado Anschutz Medical Campus" id="CL_basic_2014_02_21_Instance_25051" type="identity">
      <class id="CL_GO_EXT:cell" label="cell"/>
      <span end="14489" id="16221973-7504" start="14484">cells</span>
    </annotation>
    <annotation annotator="Mike Bada, University of Colorado Anschutz Medical Campus" id="CL_basic_2014_02_21_Instance_17843" type="identity">
      <class id="CL_GO_EXT:cell" label="cell"/>
      <span end="14581" id="16221973-7470" start="14576">cells</span>
    </annotation>
    <annotation annotator="Mike Bada, University of Colorado Anschutz Medical Campus" id="CL_basic_2014_02_21_Instance_17845" type="identity">
      <class id="CL_GO_EXT:cell" label="cell"/>
      <span end="14765" id="16221973-7472" start="14760">cells</span>
    </annotation>
    <annotation annotator="Mike Bada, University of Colorado Anschutz Medical Campus" id="CL_basic_2014_02_21_Instance_17847" type="identity">
      <class id="CL_GO_EXT:cell" label="cell"/>
      <span end="14981" id="16221973-7474" start="14977">Cell</span>
    </annotation>
    <annotation annotator="Mike Bada, University of Colorado Anschutz Medical Campus" id="CL_basic_2014_02_21_Instance_25053" type="identity">
      <class id="CL_GO_EXT:cell" label="cell"/>
      <span end="24612" id="16221973-7506" start="24604">cellular</span>
    </annotation>
    <annotation annotator="Mike Bada, University of Colorado Anschutz Medical Campus" id="CL_basic_2014_02_21_Instance_25055" type="identity">
      <class id="CL_GO_EXT:cell" label="cell"/>
      <span end="27460" id="16221973-7508" start="27452">cellular</span>
    </annotation>
    <annotation annotator="Mike Bada, University of Colorado Anschutz Medical Campus" id="CL_basic_2014_02_21_Instance_17849" type="identity">
      <class id="CL:0000057" label="fibroblast"/>
      <span end="27506" id="16221973-7476" start="27495">fibroblasts</span>
    </annotation>
    <annotation annotator="Mike Bada, University of Colorado Anschutz Medical Campus" id="CL_basic_2014_02_21_Instance_17851" type="identity">
      <class id="CL_GO_EXT:cell" label="cell"/>
      <span end="27655" id="16221973-7478" start="27651">cell</span>
    </annotation>
    <annotation annotator="Mike Bada, University of Colorado Anschutz Medical Campus" id="CL_basic_2014_02_21_Instance_17853" type="identity">
      <class id="CL_GO_EXT:cell" label="cell"/>
      <span end="27850" id="16221973-7480" start="27846">cell</span>
    </annotation>
    <annotation annotator="Mike Bada, University of Colorado Anschutz Medical Campus" id="CL_basic_2014_02_21_Instance_17855" type="identity">
      <class id="CL_GO_EXT:cell" label="cell"/>
      <span end="27954" id="16221973-7482" start="27949">cells</span>
    </annotation>
    <annotation annotator="Mike Bada, University of Colorado Anschutz Medical Campus" id="CL_basic_2014_02_21_Instance_17857" type="identity">
      <class id="CL_GO_EXT:cell" label="cell"/>
      <span end="28208" id="16221973-7484" start="28204">cell</span>
    </annotation>
    <annotation annotator="Mike Bada, University of Colorado Anschutz Medical Campus" id="CL_basic_2014_02_21_Instance_17859" type="identity">
      <class id="CL_GO_EXT:cell" label="cell"/>
      <span end="29659" id="16221973-7486" start="29654">cells</span>
    </annotation>
    <annotation annotator="Mike Bada, University of Colorado Anschutz Medical Campus" id="CL_basic_2014_02_21_Instance_17861" type="identity">
      <class id="CL:0000125" label="glial cell"/>
      <span end="29905" id="16221973-7488" start="29894">glial cells</span>
    </annotation>
    <annotation annotator="Mike Bada, University of Colorado Anschutz Medical Campus" id="CL_basic_2014_02_21_Instance_17863" type="identity">
      <class id="CL_GO_EXT:cell" label="cell"/>
      <span end="30636" id="16221973-7490" start="30632">cell</span>
    </annotation>
    <annotation annotator="Mike Bada, University of Colorado Anschutz Medical Campus" id="CL_basic_2014_02_21_Instance_17865" type="identity">
      <class id="CL_GO_EXT:cell" label="cell"/>
      <span end="31072" id="16221973-7492" start="31068">cell</span>
    </annotation>
    <annotation annotator="Mike Bada, University of Colorado Anschutz Medical Campus" id="CL_basic_2014_02_21_Instance_41432" type="identity">
      <class id="CL:0000010" label="cultured cell"/>
      <span end="31808" id="16221973-7537" start="31794">cultured cells</span>
    </annotation>
    <annotation annotator="Mike Bada, University of Colorado Anschutz Medical Campus" id="CL_basic_2014_02_21_Instance_25059" type="identity">
      <class id="CL_GO_EXT:cell" label="cell"/>
      <span end="31870" id="16221973-7510" start="31862">cellular</span>
    </annotation>
    <annotation annotator="Mike Bada, University of Colorado Anschutz Medical Campus" id="CL_basic_2014_02_21_Instance_17869" type="identity">
      <class id="CL_GO_EXT:cell" label="cell"/>
      <span end="31949" id="16221973-7494" start="31944">cells</span>
    </annotation>
    <annotation annotator="Mike Bada, University of Colorado Anschutz Medical Campus" id="CL_basic_2014_02_21_plus_nested_Instance_50140" type="identity">
      <class id="CL_GO_EXT:cell" label="cell"/>
      <span end="32769" id="16221973-7543" start="32761">cellular</span>
    </annotation>
    <annotation annotator="Mike Bada, University of Colorado Anschutz Medical Campus" id="CL_basic_2014_02_21_plus_nested_Instance_50396" type="identity">
      <class id="CL_GO_EXT:cell" label="cell"/>
      <span end="32833" id="16221973-7549" start="32825">cellular</span>
    </annotation>
    <annotation annotator="Mike Bada, University of Colorado Anschutz Medical Campus" id="CL_basic_2014_02_21_plus_nested_Instance_50144" type="identity">
      <class id="CL_GO_EXT:cell" label="cell"/>
      <span end="33316" id="16221973-7545" start="33308">cellular</span>
    </annotation>
    <annotation annotator="Mike Bada, University of Colorado Anschutz Medical Campus" id="CL_basic_2014_02_21_Instance_17871" type="identity">
      <class id="CL_GO_EXT:cell" label="cell"/>
      <span end="33369" id="16221973-7496" start="33364">cells</span>
    </annotation>
    <annotation annotator="Mike Bada, University of Colorado Anschutz Medical Campus" id="CL_basic_2014_02_21_plus_nested_Instance_50148" type="identity">
      <class id="CL_GO_EXT:cell" label="cell"/>
      <span end="33391" id="16221973-7547" start="33383">cellular</span>
    </annotation>
    <annotation annotator="Mike Bada, University of Colorado Anschutz Medical Campus" id="CL_basic_2014_02_21_Instance_25061" type="identity">
      <class id="CL_GO_EXT:cell" label="cell"/>
      <span end="33508" id="16221973-7512" start="33500">cellular</span>
    </annotation>
    <annotation annotator="Mike Bada, University of Colorado Anschutz Medical Campus" id="CL_basic_2014_02_21_Instance_41434" type="identity">
      <class id="CL:0000010" label="cultured cell"/>
      <span end="36372" id="16221973-7539" start="36358">cultured cells</span>
    </annotation>
    <annotation annotator="Mike Bada, University of Colorado Anschutz Medical Campus" id="CL_basic_2014_02_21_Instance_25063" type="identity">
      <class id="CL_GO_EXT:cell" label="cell"/>
      <span end="36550" id="16221973-7514" start="36542">cellular</span>
    </annotation>
    <annotation annotator="Mike Bada, University of Colorado Anschutz Medical Campus" id="CL_basic_2014_02_21_Instance_25065" type="identity">
      <class id="CL_GO_EXT:cell" label="cell"/>
      <span end="37495" id="16221973-7516" start="37487">cellular</span>
    </annotation>
    <annotation annotator="Mike Bada, University of Colorado Anschutz Medical Campus" id="CL_basic_2014_02_21_Instance_17875" type="identity">
      <class id="CL:0000057" label="fibroblast"/>
      <span end="37604" id="16221973-7498" start="37593">fibroblasts</span>
    </annotation>
    <annotation annotator="Mike Bada, University of Colorado Anschutz Medical Campus" id="CL_basic_2014_02_21_Instance_25067" type="identity">
      <class id="CL_GO_EXT:cell" label="cell"/>
      <span end="37877" id="16221973-7518" start="37869">cellular</span>
    </annotation>
    <annotation annotator="Mike Bada, University of Colorado Anschutz Medical Campus" id="CL_basic_2014_02_21_Instance_41437" type="identity">
      <class id="CL:0002322" label="embryonic stem cell"/>
      <span end="39194" id="16221973-7541" start="39186">ES cells</span>
    </annotation>
    <annotation annotator="Mike Bada, University of Colorado Anschutz Medical Campus" id="CL_basic_2014_02_21_Instance_25071" type="identity">
      <class id="CL_GO_EXT:cell" label="cell"/>
      <span end="45264" id="16221973-7520" start="45259">Cells</span>
    </annotation>
    <annotation annotator="Mike Bada, University of Colorado Anschutz Medical Campus" id="CL_basic_2014_02_21_Instance_25073" type="identity">
      <class id="CL_GO_EXT:cell" label="cell"/>
      <span end="45370" id="16221973-7522" start="45365">cells</span>
    </annotation>
    <annotation annotator="Mike Bada, University of Colorado Anschutz Medical Campus" id="CL_basic_2014_02_21_Instance_25075" type="identity">
      <class id="CL:0000057" label="fibroblast"/>
      <span end="45441" id="16221973-7524" start="45430">fibroblasts</span>
    </annotation>
    <annotation annotator="Mike Bada, University of Colorado Anschutz Medical Campus" id="CL_basic_2014_02_21_Instance_25077" type="identity">
      <class id="CL_GO_EXT:cell" label="cell"/>
      <span end="45530" id="16221973-7526" start="45525">Cells</span>
    </annotation>
    <annotation annotator="Mike Bada, University of Colorado Anschutz Medical Campus" id="CL_basic_2014_02_21_Instance_25079" type="identity">
      <class id="CL_GO_EXT:cell" label="cell"/>
      <span end="45824" id="16221973-7528" start="45819">cells</span>
    </annotation>
    <graph-space id="Old Knowtator Relations"/>
  </document>
</knowtator-project>
