<?xml version="1.0" encoding="UTF-8" standalone="no"?>
<knowtator-project>
  <document id="16362077" text-file="16362077.txt">
    <annotation annotator="Mike Bada, University of Colorado Anschutz Medical Campus" id="CL_basic_2014_02_21_Instance_41484" type="identity">
      <class id="CL:0010001" label="stromal cell of bone marrow"/>
      <span end="724" id="16362077-7973" start="699">bone marrow stromal cells</span>
    </annotation>
    <annotation annotator="Mike Bada, University of Colorado Anschutz Medical Campus" id="CL_basic_2014_02_21_Instance_41487" type="identity">
      <class id="CL:0002321" label="embryonic cell"/>
      <span end="858" id="16362077-7975" start="849">embryonic</span>
      <span end="912" id="16362077-7976" start="907">cells</span>
    </annotation>
    <annotation annotator="Mike Bada, University of Colorado Anschutz Medical Campus" id="CL_basic_2014_02_21_Instance_41489" type="identity">
      <class id="CL:0000134" label="mesenchymal cell"/>
      <span end="870" id="16362077-7978" start="859">mesenchymal</span>
      <span end="912" id="16362077-7979" start="907">cells</span>
    </annotation>
    <annotation annotator="Mike Bada, University of Colorado Anschutz Medical Campus" id="CL_basic_2014_02_21_Instance_17913" type="identity">
      <class id="CL:0000062" label="osteoblast"/>
      <span end="976" id="16362077-7661" start="966">osteoblast</span>
    </annotation>
    <annotation annotator="Mike Bada, University of Colorado Anschutz Medical Campus" id="CL_basic_2014_02_21_Instance_17915" type="identity">
      <class id="CL:0000057" label="fibroblast"/>
      <span end="1100" id="16362077-7663" start="1089">fibroblasts</span>
    </annotation>
    <annotation annotator="Mike Bada, University of Colorado Anschutz Medical Campus" id="CL_basic_2014_02_21_Instance_17917" type="identity">
      <class id="CL:0000136" label="fat cell"/>
      <span end="1195" id="16362077-7665" start="1185">adipocytes</span>
    </annotation>
    <annotation annotator="Mike Bada, University of Colorado Anschutz Medical Campus" id="CL_basic_2014_02_21_Instance_17919" type="identity">
      <class id="CL:0000057" label="fibroblast"/>
      <span end="1281" id="16362077-7667" start="1270">fibroblasts</span>
    </annotation>
    <annotation annotator="Mike Bada, University of Colorado Anschutz Medical Campus" id="CL_basic_2014_02_21_Instance_17921" type="identity">
      <class id="CL:0000136" label="fat cell"/>
      <span end="1314" id="16362077-7669" start="1305">adipocyte</span>
    </annotation>
    <annotation annotator="Mike Bada, University of Colorado Anschutz Medical Campus" id="CL_basic_2014_02_21_Instance_17923" type="identity">
      <class id="CL:0000136" label="fat cell"/>
      <span end="1445" id="16362077-7671" start="1435">adipocytes</span>
    </annotation>
    <annotation annotator="Mike Bada, University of Colorado Anschutz Medical Campus" id="CL_basic_2014_02_21_Instance_17925" type="identity">
      <class id="CL:0000136" label="fat cell"/>
      <span end="1619" id="16362077-7673" start="1610">adipocyte</span>
    </annotation>
    <annotation annotator="Mike Bada, University of Colorado Anschutz Medical Campus" id="CL_basic_2014_02_21_Instance_17927" type="identity">
      <class id="CL:0000062" label="osteoblast"/>
      <span end="1674" id="16362077-7675" start="1664">osteoblast</span>
    </annotation>
    <annotation annotator="Mike Bada, University of Colorado Anschutz Medical Campus" id="CL_basic_2014_02_21_Instance_41515" type="identity">
      <class id="CL:0002540" label="mesenchymal stem cell of the bone marrow"/>
      <span end="1772" id="16362077-7987" start="1744">bone marrow mesenchymal cell</span>
    </annotation>
    <annotation annotator="Mike Bada, University of Colorado Anschutz Medical Campus" id="CL_basic_2014_02_21_Instance_17931" type="identity">
      <class id="CL:0000136" label="fat cell"/>
      <span end="2462" id="16362077-7677" start="2452">adipocytes</span>
    </annotation>
    <annotation annotator="Mike Bada, University of Colorado Anschutz Medical Campus" id="CL_basic_2014_02_21_Instance_17933" type="identity">
      <class id="CL:0000062" label="osteoblast"/>
      <span end="2530" id="16362077-7679" start="2519">osteoblasts</span>
    </annotation>
    <annotation annotator="Mike Bada, University of Colorado Anschutz Medical Campus" id="CL_basic_2014_02_21_Instance_17935" type="identity">
      <class id="CL:0000062" label="osteoblast"/>
      <span end="2673" id="16362077-7681" start="2662">osteoblasts</span>
    </annotation>
    <annotation annotator="Mike Bada, University of Colorado Anschutz Medical Campus" id="CL_basic_2014_02_21_plus_nested_Instance_31141" type="identity">
      <class id="CL:0002092" label="bone marrow cell"/>
      <span end="2837" id="16362077-8061" start="2826">bone marrow</span>
      <span end="2847" id="16362077-8062" start="2843">cell</span>
    </annotation>
    <annotation annotator="Mike Bada, University of Colorado Anschutz Medical Campus" id="CL_basic_2014_02_21_Instance_17937" type="identity">
      <class id="CL:0000034" label="stem cell"/>
      <span end="2847" id="16362077-7683" start="2838">stem cell</span>
    </annotation>
    <annotation annotator="Mike Bada, University of Colorado Anschutz Medical Campus" id="CL_basic_2014_02_21_Instance_17939" type="identity">
      <class id="CL:0000062" label="osteoblast"/>
      <span end="3081" id="16362077-7685" start="3070">osteoblasts</span>
    </annotation>
    <annotation annotator="Mike Bada, University of Colorado Anschutz Medical Campus" id="CL_basic_2014_02_21_Instance_17941" type="identity">
      <class id="CL:0000092" label="osteoclast"/>
      <span end="3139" id="16362077-7687" start="3128">osteoclasts</span>
    </annotation>
    <annotation annotator="Mike Bada, University of Colorado Anschutz Medical Campus" id="CL_basic_2014_02_21_Instance_17943" type="identity">
      <class id="CL:0000062" label="osteoblast"/>
      <span end="3277" id="16362077-7689" start="3266">osteoblasts</span>
    </annotation>
    <annotation annotator="Mike Bada, University of Colorado Anschutz Medical Campus" id="CL_basic_2014_02_21_Instance_17945" type="identity">
      <class id="CL:0000092" label="osteoclast"/>
      <span end="3293" id="16362077-7691" start="3282">osteoclasts</span>
    </annotation>
    <annotation annotator="Mike Bada, University of Colorado Anschutz Medical Campus" id="CL_basic_2014_02_21_Instance_17947" type="identity">
      <class id="CL:0000092" label="osteoclast"/>
      <span end="3400" id="16362077-7693" start="3390">osteoclast</span>
    </annotation>
    <annotation annotator="Mike Bada, University of Colorado Anschutz Medical Campus" id="CL_basic_2014_02_21_Instance_17949" type="identity">
      <class id="CL:0000062" label="osteoblast"/>
      <span end="3416" id="16362077-7695" start="3406">osteoblast</span>
    </annotation>
    <annotation annotator="Mike Bada, University of Colorado Anschutz Medical Campus" id="CL_basic_2014_02_21_Instance_41505" type="identity">
      <class id="CL:0001035" label="bone cell"/>
      <span end="3690" id="16362077-7981" start="3680">bone cells</span>
    </annotation>
    <annotation annotator="Mike Bada, University of Colorado Anschutz Medical Campus" id="CL_basic_2014_02_21_Instance_41507" type="identity">
      <class id="CL:0001035" label="bone cell"/>
      <span end="4384" id="16362077-7983" start="4375">bone cell</span>
    </annotation>
    <annotation annotator="Mike Bada, University of Colorado Anschutz Medical Campus" id="CL_basic_2014_02_21_Instance_41512" type="identity">
      <class id="CL:0010001" label="stromal cell of bone marrow"/>
      <span end="4510" id="16362077-7985" start="4485">bone marrow stromal cells</span>
    </annotation>
    <annotation annotator="Mike Bada, University of Colorado Anschutz Medical Campus" id="CL_basic_2014_02_21_Instance_17957" type="identity">
      <class id="CL:0000136" label="fat cell"/>
      <span end="4583" id="16362077-7697" start="4574">adipocyte</span>
    </annotation>
    <annotation annotator="Mike Bada, University of Colorado Anschutz Medical Campus" id="CL_basic_2014_02_21_Instance_17959" type="identity">
      <class id="CL:0000062" label="osteoblast"/>
      <span end="4618" id="16362077-7699" start="4608">osteoblast</span>
    </annotation>
    <annotation annotator="Mike Bada, University of Colorado Anschutz Medical Campus" id="CL_basic_2014_02_21_Instance_17961" type="identity">
      <class id="CL:0000136" label="fat cell"/>
      <span end="4731" id="16362077-7701" start="4721">adipocytes</span>
    </annotation>
    <annotation annotator="Mike Bada, University of Colorado Anschutz Medical Campus" id="CL_basic_2014_02_21_Instance_17963" type="identity">
      <class id="CL:0000062" label="osteoblast"/>
      <span end="4759" id="16362077-7703" start="4748">osteoblasts</span>
    </annotation>
    <annotation annotator="Mike Bada, University of Colorado Anschutz Medical Campus" id="CL_basic_2014_02_21_Instance_17965" type="identity">
      <class id="CL:0000062" label="osteoblast"/>
      <span end="4777" id="16362077-7705" start="4766">Osteoblasts</span>
    </annotation>
    <annotation annotator="Mike Bada, University of Colorado Anschutz Medical Campus" id="CL_basic_2014_02_21_Instance_17967" type="identity">
      <class id="CL:0000136" label="fat cell"/>
      <span end="4792" id="16362077-7707" start="4782">adipocytes</span>
    </annotation>
    <annotation annotator="Mike Bada, University of Colorado Anschutz Medical Campus" id="CL_basic_2014_02_21_plus_nested_Instance_31313" type="identity">
      <class id="CL_GO_EXT:cell" label="cell"/>
      <span end="4845" id="16362077-8064" start="4841">cell</span>
    </annotation>
    <annotation annotator="Mike Bada, University of Colorado Anschutz Medical Campus" id="CL_basic_2014_02_21_Instance_17969" type="identity">
      <class id="CL_GO_EXT:cell" label="cell"/>
      <span end="5066" id="16362077-7709" start="5062">cell</span>
    </annotation>
    <annotation annotator="Mike Bada, University of Colorado Anschutz Medical Campus" id="CL_basic_2014_02_21_Instance_41517" type="identity">
      <class id="CL:0002540" label="mesenchymal stem cell of the bone marrow"/>
      <span end="5118" id="16362077-7989" start="5089">bone marrow mesenchymal cells</span>
    </annotation>
    <annotation annotator="Mike Bada, University of Colorado Anschutz Medical Campus" id="CL_basic_2014_02_21_Instance_25119" type="identity">
      <class id="CL_GO_EXT:cell" label="cell"/>
      <span end="5335" id="16362077-7923" start="5327">cellular</span>
    </annotation>
    <annotation annotator="Mike Bada, University of Colorado Anschutz Medical Campus" id="CL_basic_2014_02_21_Instance_17973" type="identity">
      <class id="CL:0000128" label="oligodendrocyte"/>
      <span end="5655" id="16362077-7711" start="5639">oligodendrocytes</span>
    </annotation>
    <annotation annotator="Mike Bada, University of Colorado Anschutz Medical Campus" id="CL_basic_2014_02_21_Instance_17975" type="identity">
      <class id="CL:0000125" label="glial cell"/>
      <span end="5776" id="16362077-7713" start="5765">glial cells</span>
    </annotation>
    <annotation annotator="Mike Bada, University of Colorado Anschutz Medical Campus" id="CL_basic_2014_02_21_Instance_17977" type="identity">
      <class id="CL:0000540" label="neuron"/>
      <span end="5796" id="16362077-7715" start="5789">neurons</span>
    </annotation>
    <annotation annotator="Mike Bada, University of Colorado Anschutz Medical Campus" id="CL_basic_2014_02_21_Instance_17979" type="identity">
      <class id="CL_GO_EXT:cell" label="cell"/>
      <span end="5851" id="16362077-7717" start="5847">cell</span>
    </annotation>
    <annotation annotator="Mike Bada, University of Colorado Anschutz Medical Campus" id="CL_basic_2014_02_21_Instance_17981" type="identity">
      <class id="CL:0000034" label="stem cell"/>
      <span end="5966" id="16362077-7719" start="5956">stem cells</span>
    </annotation>
    <annotation annotator="Mike Bada, University of Colorado Anschutz Medical Campus" id="CL_basic_2014_02_21_Instance_41525" type="identity">
      <class id="CL:0010001" label="stromal cell of bone marrow"/>
      <span end="6960" id="16362077-7991" start="6935">bone marrow stromal cells</span>
    </annotation>
    <annotation annotator="Mike Bada, University of Colorado Anschutz Medical Campus" id="CL_basic_2014_02_21_Instance_17985" type="identity">
      <class id="CL_GO_EXT:cell" label="cell"/>
      <span end="6982" id="16362077-7721" start="6977">cells</span>
    </annotation>
    <annotation annotator="Mike Bada, University of Colorado Anschutz Medical Campus" id="CL_basic_2014_02_21_Instance_17987" type="identity">
      <class id="CL:0000057" label="fibroblast"/>
      <span end="7176" id="16362077-7723" start="7165">fibroblasts</span>
    </annotation>
    <annotation annotator="Mike Bada, University of Colorado Anschutz Medical Campus" id="CL_basic_2014_02_21_Instance_17989" type="identity">
      <class id="CL:0000136" label="fat cell"/>
      <span end="7248" id="16362077-7725" start="7238">adipocytes</span>
    </annotation>
    <annotation annotator="Mike Bada, University of Colorado Anschutz Medical Campus" id="CL_basic_2014_02_21_Instance_41530" type="identity">
      <class id="CL:0002540" label="mesenchymal stem cell of the bone marrow"/>
      <span end="7321" id="16362077-7993" start="7293">bone marrow mesenchymal cell</span>
    </annotation>
    <annotation annotator="Mike Bada, University of Colorado Anschutz Medical Campus" id="CL_basic_2014_02_21_Instance_17993" type="identity">
      <class id="CL_GO_EXT:cell" label="cell"/>
      <span end="8101" id="16362077-7727" start="8096">cells</span>
    </annotation>
    <annotation annotator="Mike Bada, University of Colorado Anschutz Medical Campus" id="CL_basic_2014_02_21_Instance_17995" type="identity">
      <class id="CL:0000138" label="chondrocyte"/>
      <span end="8193" id="16362077-7729" start="8181">chondrocytes</span>
    </annotation>
    <annotation annotator="Mike Bada, University of Colorado Anschutz Medical Campus" id="CL_basic_2014_02_21_Instance_17997" type="identity">
      <class id="CL:0000138" label="chondrocyte"/>
      <span end="8483" id="16362077-7731" start="8471">chondrocytes</span>
    </annotation>
    <annotation annotator="Mike Bada, University of Colorado Anschutz Medical Campus" id="CL_basic_2014_02_21_Instance_17999" type="identity">
      <class id="CL:0000743" label="hypertrophic chondrocyte"/>
      <span end="8513" id="16362077-7733" start="8488">hypertrophic chondrocytes</span>
    </annotation>
    <annotation annotator="Mike Bada, University of Colorado Anschutz Medical Campus" id="CL_basic_2014_02_21_Instance_18001" type="identity">
      <class id="CL:0000062" label="osteoblast"/>
      <span end="8550" id="16362077-7735" start="8539">osteoblasts</span>
    </annotation>
    <annotation annotator="Mike Bada, University of Colorado Anschutz Medical Campus" id="CL_basic_2014_02_21_Instance_18003" type="identity">
      <class id="CL:0000092" label="osteoclast"/>
      <span end="8592" id="16362077-7737" start="8581">osteoclasts</span>
    </annotation>
    <annotation annotator="Mike Bada, University of Colorado Anschutz Medical Campus" id="CL_basic_2014_02_21_Instance_18005" type="identity">
      <class id="CL:0000062" label="osteoblast"/>
      <span end="14179" id="16362077-7739" start="14169">osteoblast</span>
    </annotation>
    <annotation annotator="Mike Bada, University of Colorado Anschutz Medical Campus" id="CL_basic_2014_02_21_Instance_18007" type="identity">
      <class id="CL:0000092" label="osteoclast"/>
      <span end="14194" id="16362077-7741" start="14184">osteoclast</span>
    </annotation>
    <annotation annotator="Mike Bada, University of Colorado Anschutz Medical Campus" id="CL_basic_2014_02_21_Instance_18009" type="identity">
      <class id="CL:0000062" label="osteoblast"/>
      <span end="14346" id="16362077-7743" start="14335">osteoblasts</span>
    </annotation>
    <annotation annotator="Mike Bada, University of Colorado Anschutz Medical Campus" id="CL_basic_2014_02_21_Instance_18011" type="identity">
      <class id="CL:0000092" label="osteoclast"/>
      <span end="14466" id="16362077-7745" start="14455">osteoclasts</span>
    </annotation>
    <annotation annotator="Mike Bada, University of Colorado Anschutz Medical Campus" id="CL_basic_2014_02_21_Instance_18013" type="identity">
      <class id="CL_GO_EXT:cell" label="cell"/>
      <span end="14616" id="16362077-7747" start="14611">cells</span>
    </annotation>
    <annotation annotator="Mike Bada, University of Colorado Anschutz Medical Campus" id="CL_basic_2014_02_21_Instance_18015" type="identity">
      <class id="CL:0000062" label="osteoblast"/>
      <span end="14788" id="16362077-7749" start="14778">osteoblast</span>
    </annotation>
    <annotation annotator="Mike Bada, University of Colorado Anschutz Medical Campus" id="CL_basic_2014_02_21_Instance_18017" type="identity">
      <class id="CL:0000092" label="osteoclast"/>
      <span end="14803" id="16362077-7751" start="14793">osteoclast</span>
    </annotation>
    <annotation annotator="Mike Bada, University of Colorado Anschutz Medical Campus" id="CL_basic_2014_02_21_Instance_18019" type="identity">
      <class id="CL:0000092" label="osteoclast"/>
      <span end="14928" id="16362077-7753" start="14918">osteoclast</span>
    </annotation>
    <annotation annotator="Mike Bada, University of Colorado Anschutz Medical Campus" id="CL_basic_2014_02_21_Instance_18021" type="identity">
      <class id="CL:0000062" label="osteoblast"/>
      <span end="14944" id="16362077-7755" start="14934">osteoblast</span>
    </annotation>
    <annotation annotator="Mike Bada, University of Colorado Anschutz Medical Campus" id="CL_basic_2014_02_21_Instance_18023" type="identity">
      <class id="CL:0000062" label="osteoblast"/>
      <span end="15424" id="16362077-7757" start="15413">osteoblasts</span>
    </annotation>
    <annotation annotator="Mike Bada, University of Colorado Anschutz Medical Campus" id="CL_basic_2014_02_21_Instance_18025" type="identity">
      <class id="CL:0000092" label="osteoclast"/>
      <span end="15449" id="16362077-7759" start="15438">osteoclasts</span>
    </annotation>
    <annotation annotator="Mike Bada, University of Colorado Anschutz Medical Campus" id="CL_basic_2014_02_21_Instance_18027" type="identity">
      <class id="CL_GO_EXT:cell" label="cell"/>
      <span end="15697" id="16362077-7761" start="15692">cells</span>
    </annotation>
    <annotation annotator="Mike Bada, University of Colorado Anschutz Medical Campus" id="CL_basic_2014_02_21_Instance_18029" type="identity">
      <class id="CL:0000062" label="osteoblast"/>
      <span end="15833" id="16362077-7763" start="15822">osteoblasts</span>
    </annotation>
    <annotation annotator="Mike Bada, University of Colorado Anschutz Medical Campus" id="CL_basic_2014_02_21_Instance_18031" type="identity">
      <class id="CL:0000092" label="osteoclast"/>
      <span end="15848" id="16362077-7765" start="15837">osteoclasts</span>
    </annotation>
    <annotation annotator="Mike Bada, University of Colorado Anschutz Medical Campus" id="CL_basic_2014_02_21_Instance_18033" type="identity">
      <class id="CL:0000062" label="osteoblast"/>
      <span end="16754" id="16362077-7767" start="16744">Osteoblast</span>
    </annotation>
    <annotation annotator="Mike Bada, University of Colorado Anschutz Medical Campus" id="CL_basic_2014_02_21_Instance_18035" type="identity">
      <class id="CL:0000092" label="osteoclast"/>
      <span end="16774" id="16362077-7769" start="16764">Osteoclast</span>
    </annotation>
    <annotation annotator="Mike Bada, University of Colorado Anschutz Medical Campus" id="CL_basic_2014_02_21_Instance_18037" type="identity">
      <class id="CL:0000062" label="osteoblast"/>
      <span end="16923" id="16362077-7771" start="16913">osteoblast</span>
    </annotation>
    <annotation annotator="Mike Bada, University of Colorado Anschutz Medical Campus" id="CL_basic_2014_02_21_Instance_18039" type="identity">
      <class id="CL:0000092" label="osteoclast"/>
      <span end="16937" id="16362077-7773" start="16927">osteoclast</span>
    </annotation>
    <annotation annotator="Mike Bada, University of Colorado Anschutz Medical Campus" id="CL_basic_2014_02_21_Instance_18041" type="identity">
      <class id="CL:0000062" label="osteoblast"/>
      <span end="17157" id="16362077-7775" start="17146">osteoblasts</span>
    </annotation>
    <annotation annotator="Mike Bada, University of Colorado Anschutz Medical Campus" id="CL_basic_2014_02_21_Instance_18043" type="identity">
      <class id="CL:0000092" label="osteoclast"/>
      <span end="17173" id="16362077-7777" start="17162">osteoclasts</span>
    </annotation>
    <annotation annotator="Mike Bada, University of Colorado Anschutz Medical Campus" id="CL_basic_2014_02_21_Instance_41540" type="identity">
      <class id="CL:0010001" label="stromal cell of bone marrow"/>
      <span end="17239" id="16362077-7995" start="17214">bone marrow stromal cells</span>
    </annotation>
    <annotation annotator="Mike Bada, University of Colorado Anschutz Medical Campus" id="CL_basic_2014_02_21_Instance_18047" type="identity">
      <class id="CL:0000062" label="osteoblast"/>
      <span end="17320" id="16362077-7779" start="17310">osteoblast</span>
    </annotation>
    <annotation annotator="Mike Bada, University of Colorado Anschutz Medical Campus" id="CL_basic_2014_02_21_Instance_18049" type="identity">
      <class id="CL:0000057" label="fibroblast"/>
      <span end="17547" id="16362077-7781" start="17537">fibroblast</span>
    </annotation>
    <annotation annotator="Mike Bada, University of Colorado Anschutz Medical Campus" id="CL_basic_2014_02_21_Instance_41544" type="identity">
      <class id="CL:0000057" label="fibroblast"/>
      <span end="17575" id="16362077-7997" start="17574">F</span>
    </annotation>
    <annotation annotator="Mike Bada, University of Colorado Anschutz Medical Campus" id="CL_basic_2014_02_21_Instance_18051" type="identity">
      <class id="CL:0000062" label="osteoblast"/>
      <span end="17675" id="16362077-7783" start="17665">osteoblast</span>
    </annotation>
    <annotation annotator="Mike Bada, University of Colorado Anschutz Medical Campus" id="CL_basic_2014_02_21_Instance_18053" type="identity">
      <class id="CL:0000092" label="osteoclast"/>
      <span end="17917" id="16362077-7785" start="17906">osteoclasts</span>
    </annotation>
    <annotation annotator="Mike Bada, University of Colorado Anschutz Medical Campus" id="CL_basic_2014_02_21_Instance_18055" type="identity">
      <class id="CL:0000092" label="osteoclast"/>
      <span end="18199" id="16362077-7787" start="18188">osteoclasts</span>
    </annotation>
    <annotation annotator="Mike Bada, University of Colorado Anschutz Medical Campus" id="CL_basic_2014_02_21_Instance_18057" type="identity">
      <class id="CL:0000136" label="fat cell"/>
      <span end="18323" id="16362077-7789" start="18314">Adipocyte</span>
    </annotation>
    <annotation annotator="Mike Bada, University of Colorado Anschutz Medical Campus" id="CL_basic_2014_02_21_Instance_18059" type="identity">
      <class id="CL:0000062" label="osteoblast"/>
      <span end="18363" id="16362077-7791" start="18353">Osteoblast</span>
    </annotation>
    <annotation annotator="Mike Bada, University of Colorado Anschutz Medical Campus" id="CL_basic_2014_02_21_Instance_41551" type="identity">
      <class id="CL:0010001" label="stromal cell of bone marrow"/>
      <span end="18433" id="16362077-7999" start="18408">bone marrow stromal cells</span>
    </annotation>
    <annotation annotator="Mike Bada, University of Colorado Anschutz Medical Campus" id="CL_basic_2014_02_21_Instance_18063" type="identity">
      <class id="CL:0000062" label="osteoblast"/>
      <span end="18463" id="16362077-7793" start="18452">osteoblasts</span>
    </annotation>
    <annotation annotator="Mike Bada, University of Colorado Anschutz Medical Campus" id="CL_basic_2014_02_21_Instance_18065" type="identity">
      <class id="CL:0000136" label="fat cell"/>
      <span end="18478" id="16362077-7795" start="18468">adipocytes</span>
    </annotation>
    <annotation annotator="Mike Bada, University of Colorado Anschutz Medical Campus" id="CL_basic_2014_02_21_Instance_18067" type="identity">
      <class id="CL:0000136" label="fat cell"/>
      <span end="18577" id="16362077-7797" start="18568">adipocyte</span>
    </annotation>
    <annotation annotator="Mike Bada, University of Colorado Anschutz Medical Campus" id="CL_basic_2014_02_21_Instance_41557" type="identity">
      <class id="CL:0010001" label="stromal cell of bone marrow"/>
      <span end="18666" id="16362077-8001" start="18641">bone marrow stromal cells</span>
    </annotation>
    <annotation annotator="Mike Bada, University of Colorado Anschutz Medical Campus" id="CL_basic_2014_02_21_Instance_18071" type="identity">
      <class id="CL:0000136" label="fat cell"/>
      <span end="19028" id="16362077-7799" start="19019">adipocyte</span>
    </annotation>
    <annotation annotator="Mike Bada, University of Colorado Anschutz Medical Campus" id="CL_basic_2014_02_21_Instance_18073" type="identity">
      <class id="CL:0000136" label="fat cell"/>
      <span end="19181" id="16362077-7801" start="19171">adipocytes</span>
    </annotation>
    <annotation annotator="Mike Bada, University of Colorado Anschutz Medical Campus" id="CL_basic_2014_02_21_Instance_18075" type="identity">
      <class id="CL_GO_EXT:cell" label="cell"/>
      <span end="19267" id="16362077-7803" start="19262">Cells</span>
    </annotation>
    <annotation annotator="Mike Bada, University of Colorado Anschutz Medical Campus" id="CL_basic_2014_02_21_Instance_18077" type="identity">
      <class id="CL:0000136" label="fat cell"/>
      <span end="19502" id="16362077-7805" start="19493">adipocyte</span>
    </annotation>
    <annotation annotator="Mike Bada, University of Colorado Anschutz Medical Campus" id="CL_basic_2014_02_21_Instance_18079" type="identity">
      <class id="CL:0000134" label="mesenchymal cell"/>
      <span end="19958" id="16362077-7807" start="19941">mesenchymal cells</span>
    </annotation>
    <annotation annotator="Mike Bada, University of Colorado Anschutz Medical Campus" id="CL_basic_2014_02_21_Instance_18081" type="identity">
      <class id="CL_GO_EXT:cell" label="cell"/>
      <span end="20004" id="16362077-7809" start="20000">cell</span>
    </annotation>
    <annotation annotator="Mike Bada, University of Colorado Anschutz Medical Campus" id="CL_basic_2014_02_21_Instance_41560" type="identity">
      <class id="CL:0002321" label="embryonic cell"/>
      <span end="20046" id="16362077-8003" start="20037">embryonic</span>
      <span end="20090" id="16362077-8004" start="20085">cells</span>
    </annotation>
    <annotation annotator="Mike Bada, University of Colorado Anschutz Medical Campus" id="CL_basic_2014_02_21_Instance_41562" type="identity">
      <class id="CL:0000134" label="mesenchymal cell"/>
      <span end="20058" id="16362077-8006" start="20047">mesenchymal</span>
      <span end="20090" id="16362077-8007" start="20085">cells</span>
    </annotation>
    <annotation annotator="Mike Bada, University of Colorado Anschutz Medical Campus" id="CL_basic_2014_02_21_Instance_18083" type="identity">
      <class id="CL:0000062" label="osteoblast"/>
      <span end="20142" id="16362077-7811" start="20132">osteoblast</span>
    </annotation>
    <annotation annotator="Mike Bada, University of Colorado Anschutz Medical Campus" id="CL_basic_2014_02_21_Instance_18085" type="identity">
      <class id="CL_GO_EXT:cell" label="cell"/>
      <span end="20291" id="16362077-7813" start="20286">cells</span>
    </annotation>
    <annotation annotator="Mike Bada, University of Colorado Anschutz Medical Campus" id="CL_basic_2014_02_21_Instance_18087" type="identity">
      <class id="CL:0000062" label="osteoblast"/>
      <span end="20594" id="16362077-7815" start="20584">Osteoblast</span>
    </annotation>
    <annotation annotator="Mike Bada, University of Colorado Anschutz Medical Campus" id="CL_basic_2014_02_21_Instance_18089" type="identity">
      <class id="CL_GO_EXT:cell" label="cell"/>
      <span end="20841" id="16362077-7817" start="20836">cells</span>
    </annotation>
    <annotation annotator="Mike Bada, University of Colorado Anschutz Medical Campus" id="CL_basic_2014_02_21_Instance_18091" type="identity">
      <class id="CL:0000062" label="osteoblast"/>
      <span end="20880" id="16362077-7819" start="20870">osteoblast</span>
    </annotation>
    <annotation annotator="Mike Bada, University of Colorado Anschutz Medical Campus" id="CL_basic_2014_02_21_Instance_18093" type="identity">
      <class id="CL_GO_EXT:cell" label="cell"/>
      <span end="20918" id="16362077-7821" start="20913">cells</span>
    </annotation>
    <annotation annotator="Mike Bada, University of Colorado Anschutz Medical Campus" id="CL_basic_2014_02_21_Instance_41567" type="identity">
      <class id="CL:0010001" label="stromal cell of bone marrow"/>
      <span end="21071" id="16362077-8009" start="21046">bone marrow stromal cells</span>
    </annotation>
    <annotation annotator="Mike Bada, University of Colorado Anschutz Medical Campus" id="CL_basic_2014_02_21_Instance_18097" type="identity">
      <class id="CL:0000136" label="fat cell"/>
      <span end="21467" id="16362077-7823" start="21457">adipocytes</span>
    </annotation>
    <annotation annotator="Mike Bada, University of Colorado Anschutz Medical Campus" id="CL_basic_2014_02_21_Instance_41571" type="identity">
      <class id="CL:0002540" label="mesenchymal stem cell of the bone marrow"/>
      <span end="22050" id="16362077-8011" start="22021">bone marrow mesenchymal cells</span>
    </annotation>
    <annotation annotator="Mike Bada, University of Colorado Anschutz Medical Campus" id="CL_basic_2014_02_21_Instance_18101" type="identity">
      <class id="CL:0000136" label="fat cell"/>
      <span end="22071" id="16362077-7825" start="22062">adipocyte</span>
    </annotation>
    <annotation annotator="Mike Bada, University of Colorado Anschutz Medical Campus" id="CL_basic_2014_02_21_Instance_18103" type="identity">
      <class id="CL:0000062" label="osteoblast"/>
      <span end="22110" id="16362077-7827" start="22100">osteoblast</span>
    </annotation>
    <annotation annotator="Mike Bada, University of Colorado Anschutz Medical Campus" id="CL_basic_2014_02_21_Instance_41573" type="identity">
      <class id="CL:0002540" label="mesenchymal stem cell of the bone marrow"/>
      <span end="22273" id="16362077-8013" start="22239">bone marrow mesenchymal stem cells</span>
    </annotation>
    <annotation annotator="Mike Bada, University of Colorado Anschutz Medical Campus" id="CL_basic_2014_02_21_Instance_41576" type="identity">
      <class id="CL:0002092" label="bone marrow cell"/>
      <span end="22678" id="16362077-8015" start="22667">bone marrow</span>
      <span end="22689" id="16362077-8016" start="22684">cells</span>
    </annotation>
    <annotation annotator="Mike Bada, University of Colorado Anschutz Medical Campus" id="CL_basic_2014_02_21_Instance_18107" type="identity">
      <class id="CL:0000034" label="stem cell"/>
      <span end="22689" id="16362077-7829" start="22679">stem cells</span>
    </annotation>
    <annotation annotator="Mike Bada, University of Colorado Anschutz Medical Campus" id="CL_basic_2014_02_21_Instance_41578" type="identity">
      <class id="CL:0002321" label="embryonic cell"/>
      <span end="22731" id="16362077-8018" start="22722">embryonic</span>
      <span end="22775" id="16362077-8019" start="22770">cells</span>
    </annotation>
    <annotation annotator="Mike Bada, University of Colorado Anschutz Medical Campus" id="CL_basic_2014_02_21_Instance_11463" type="identity">
      <class id="CL:0000134" label="mesenchymal cell"/>
      <span end="22743" id="16362077-7655" start="22732">mesenchymal</span>
      <span end="22775" id="16362077-7656" start="22770">cells</span>
    </annotation>
    <annotation annotator="Mike Bada, University of Colorado Anschutz Medical Campus" id="CL_basic_2014_02_21_Instance_18109" type="identity">
      <class id="CL:0000062" label="osteoblast"/>
      <span end="22851" id="16362077-7831" start="22841">osteoblast</span>
    </annotation>
    <annotation annotator="Mike Bada, University of Colorado Anschutz Medical Campus" id="CL_basic_2014_02_21_Instance_18111" type="identity">
      <class id="CL:0000062" label="osteoblast"/>
      <span end="22938" id="16362077-7833" start="22928">osteoblast</span>
    </annotation>
    <annotation annotator="Mike Bada, University of Colorado Anschutz Medical Campus" id="CL_basic_2014_02_21_Instance_18113" type="identity">
      <class id="CL:0000136" label="fat cell"/>
      <span end="23074" id="16362077-7835" start="23065">adipocyte</span>
    </annotation>
    <annotation annotator="Mike Bada, University of Colorado Anschutz Medical Campus" id="CL_basic_2014_02_21_Instance_18115" type="identity">
      <class id="CL:0000540" label="neuron"/>
      <span end="23702" id="16362077-7837" start="23695">neurons</span>
    </annotation>
    <annotation annotator="Mike Bada, University of Colorado Anschutz Medical Campus" id="CL_basic_2014_02_21_Instance_41584" type="identity">
      <class id="CL:0010001" label="stromal cell of bone marrow"/>
      <span end="23849" id="16362077-8021" start="23824">bone marrow stromal cells</span>
    </annotation>
    <annotation annotator="Mike Bada, University of Colorado Anschutz Medical Campus" id="CL_basic_2014_02_21_Instance_18119" type="identity">
      <class id="CL_GO_EXT:cell" label="cell"/>
      <span end="23880" id="16362077-7839" start="23875">cells</span>
    </annotation>
    <annotation annotator="Mike Bada, University of Colorado Anschutz Medical Campus" id="CL_basic_2014_02_21_Instance_18121" type="identity">
      <class id="CL:0000138" label="chondrocyte"/>
      <span end="23938" id="16362077-7841" start="23926">chondrocytes</span>
    </annotation>
    <annotation annotator="Mike Bada, University of Colorado Anschutz Medical Campus" id="CL_basic_2014_02_21_Instance_18123" type="identity">
      <class id="CL:0000062" label="osteoblast"/>
      <span end="23951" id="16362077-7843" start="23940">osteoblasts</span>
    </annotation>
    <annotation annotator="Mike Bada, University of Colorado Anschutz Medical Campus" id="CL_basic_2014_02_21_Instance_18125" type="identity">
      <class id="CL:0000092" label="osteoclast"/>
      <span end="23967" id="16362077-7845" start="23956">osteoclasts</span>
    </annotation>
    <annotation annotator="Mike Bada, University of Colorado Anschutz Medical Campus" id="CL_basic_2014_02_21_Instance_18127" type="identity">
      <class id="CL:0000062" label="osteoblast"/>
      <span end="25684" id="16362077-7847" start="25674">osteoblast</span>
    </annotation>
    <annotation annotator="Mike Bada, University of Colorado Anschutz Medical Campus" id="CL_basic_2014_02_21_Instance_18129" type="identity">
      <class id="CL:0000092" label="osteoclast"/>
      <span end="25699" id="16362077-7849" start="25689">osteoclast</span>
    </annotation>
    <annotation annotator="Mike Bada, University of Colorado Anschutz Medical Campus" id="CL_basic_2014_02_21_Instance_18131" type="identity">
      <class id="CL:0000092" label="osteoclast"/>
      <span end="25858" id="16362077-7851" start="25847">osteoclasts</span>
    </annotation>
    <annotation annotator="Mike Bada, University of Colorado Anschutz Medical Campus" id="CL_basic_2014_02_21_Instance_18133" type="identity">
      <class id="CL:0000092" label="osteoclast"/>
      <span end="26067" id="16362077-7853" start="26057">osteoclast</span>
    </annotation>
    <annotation annotator="Mike Bada, University of Colorado Anschutz Medical Campus" id="CL_basic_2014_02_21_Instance_18135" type="identity">
      <class id="CL:0000092" label="osteoclast"/>
      <span end="26126" id="16362077-7855" start="26115">osteoclasts</span>
    </annotation>
    <annotation annotator="Mike Bada, University of Colorado Anschutz Medical Campus" id="CL_basic_2014_02_21_Instance_18137" type="identity">
      <class id="CL:0000092" label="osteoclast"/>
      <span end="26267" id="16362077-7857" start="26256">osteoclasts</span>
    </annotation>
    <annotation annotator="Mike Bada, University of Colorado Anschutz Medical Campus" id="CL_basic_2014_02_21_Instance_18139" type="identity">
      <class id="CL:0000092" label="osteoclast"/>
      <span end="26310" id="16362077-7859" start="26299">osteoclasts</span>
    </annotation>
    <annotation annotator="Mike Bada, University of Colorado Anschutz Medical Campus" id="CL_basic_2014_02_21_Instance_18141" type="identity">
      <class id="CL:0000092" label="osteoclast"/>
      <span end="26687" id="16362077-7861" start="26677">osteoclast</span>
    </annotation>
    <annotation annotator="Mike Bada, University of Colorado Anschutz Medical Campus" id="CL_basic_2014_02_21_Instance_18143" type="identity">
      <class id="CL:0000092" label="osteoclast"/>
      <span end="26907" id="16362077-7863" start="26897">osteoclast</span>
    </annotation>
    <annotation annotator="Mike Bada, University of Colorado Anschutz Medical Campus" id="CL_basic_2014_02_21_Instance_41595" type="identity">
      <class id="CL:0000001" label="primary cultured cell"/>
      <span end="27066" id="16362077-8025" start="27059">primary</span>
      <span end="27092" id="16362077-8026" start="27087">cells</span>
    </annotation>
    <annotation annotator="Mike Bada, University of Colorado Anschutz Medical Campus" id="CL_basic_2014_02_21_Instance_41592" type="identity">
      <class id="CL:0010001" label="stromal cell of bone marrow"/>
      <span end="27092" id="16362077-8023" start="27067">bone marrow stromal cells</span>
    </annotation>
    <annotation annotator="Mike Bada, University of Colorado Anschutz Medical Campus" id="CL_basic_2014_02_21_Instance_18147" type="identity">
      <class id="CL:0000062" label="osteoblast"/>
      <span end="27156" id="16362077-7865" start="27146">osteoblast</span>
    </annotation>
    <annotation annotator="Mike Bada, University of Colorado Anschutz Medical Campus" id="CL_basic_2014_02_21_Instance_18149" type="identity">
      <class id="CL_GO_EXT:cell" label="cell"/>
      <span end="27222" id="16362077-7867" start="27217">cells</span>
    </annotation>
    <annotation annotator="Mike Bada, University of Colorado Anschutz Medical Campus" id="CL_basic_2014_02_21_Instance_41599" type="identity">
      <class id="CL:0000001" label="primary cultured cell"/>
      <span end="27338" id="16362077-8028" start="27331">primary</span>
      <span end="27364" id="16362077-8029" start="27359">cells</span>
    </annotation>
    <annotation annotator="Mike Bada, University of Colorado Anschutz Medical Campus" id="CL_basic_2014_02_21_Instance_41602" type="identity">
      <class id="CL:0010001" label="stromal cell of bone marrow"/>
      <span end="27364" id="16362077-8031" start="27339">bone marrow stromal cells</span>
    </annotation>
    <annotation annotator="Mike Bada, University of Colorado Anschutz Medical Campus" id="CL_basic_2014_02_21_Instance_41605" type="identity">
      <class id="CL:0002321" label="embryonic cell"/>
      <span end="27435" id="16362077-8033" start="27426">embryonic</span>
      <span end="27479" id="16362077-8034" start="27474">cells</span>
    </annotation>
    <annotation annotator="Mike Bada, University of Colorado Anschutz Medical Campus" id="CL_basic_2014_02_21_Instance_11467" type="identity">
      <class id="CL:0000134" label="mesenchymal cell"/>
      <span end="27447" id="16362077-7658" start="27436">mesenchymal</span>
      <span end="27479" id="16362077-7659" start="27474">cells</span>
    </annotation>
    <annotation annotator="Mike Bada, University of Colorado Anschutz Medical Campus" id="CL_basic_2014_02_21_Instance_18153" type="identity">
      <class id="CL:0000062" label="osteoblast"/>
      <span end="27552" id="16362077-7869" start="27541">osteoblasts</span>
    </annotation>
    <annotation annotator="Mike Bada, University of Colorado Anschutz Medical Campus" id="CL_basic_2014_02_21_Instance_18155" type="identity">
      <class id="CL:0000136" label="fat cell"/>
      <span end="27699" id="16362077-7871" start="27690">adipocyte</span>
    </annotation>
    <annotation annotator="Mike Bada, University of Colorado Anschutz Medical Campus" id="CL_basic_2014_02_21_Instance_18157" type="identity">
      <class id="CL:0000136" label="fat cell"/>
      <span end="27761" id="16362077-7873" start="27752">adipocyte</span>
    </annotation>
    <annotation annotator="Mike Bada, University of Colorado Anschutz Medical Campus" id="CL_basic_2014_02_21_Instance_18159" type="identity">
      <class id="CL:0000062" label="osteoblast"/>
      <span end="27776" id="16362077-7875" start="27766">osteoblast</span>
    </annotation>
    <annotation annotator="Mike Bada, University of Colorado Anschutz Medical Campus" id="CL_basic_2014_02_21_Instance_18161" type="identity">
      <class id="CL:0000134" label="mesenchymal cell"/>
      <span end="27885" id="16362077-7877" start="27869">mesenchymal cell</span>
    </annotation>
    <annotation annotator="Mike Bada, University of Colorado Anschutz Medical Campus" id="CL_basic_2014_02_21_Instance_18163" type="identity">
      <class id="CL:0000062" label="osteoblast"/>
      <span end="28028" id="16362077-7879" start="28018">osteoblast</span>
    </annotation>
    <annotation annotator="Mike Bada, University of Colorado Anschutz Medical Campus" id="CL_basic_2014_02_21_Instance_18165" type="identity">
      <class id="CL:0000062" label="osteoblast"/>
      <span end="28329" id="16362077-7881" start="28318">osteoblasts</span>
    </annotation>
    <annotation annotator="Mike Bada, University of Colorado Anschutz Medical Campus" id="CL_basic_2014_02_21_Instance_18167" type="identity">
      <class id="CL:0000092" label="osteoclast"/>
      <span end="28443" id="16362077-7883" start="28432">osteoclasts</span>
    </annotation>
    <annotation annotator="Mike Bada, University of Colorado Anschutz Medical Campus" id="CL_basic_2014_02_21_Instance_18169" type="identity">
      <class id="CL:0000062" label="osteoblast"/>
      <span end="29061" id="16362077-7885" start="29051">osteoblast</span>
    </annotation>
    <annotation annotator="Mike Bada, University of Colorado Anschutz Medical Campus" id="CL_basic_2014_02_21_Instance_18171" type="identity">
      <class id="CL:0000136" label="fat cell"/>
      <span end="29084" id="16362077-7887" start="29075">adipocyte</span>
    </annotation>
    <annotation annotator="Mike Bada, University of Colorado Anschutz Medical Campus" id="CL_basic_2014_02_21_Instance_41607" type="identity">
      <class id="CL:0002540" label="mesenchymal stem cell of the bone marrow"/>
      <span end="29220" id="16362077-8036" start="29187">bone marrow mesenchymal stem cell</span>
    </annotation>
    <annotation annotator="Mike Bada, University of Colorado Anschutz Medical Campus" id="CL_basic_2014_02_21_Instance_18175" type="identity">
      <class id="CL:0000136" label="fat cell"/>
      <span end="29505" id="16362077-7889" start="29496">adipocyte</span>
    </annotation>
    <annotation annotator="Mike Bada, University of Colorado Anschutz Medical Campus" id="CL_basic_2014_02_21_Instance_41609" type="identity">
      <class id="CL:0002322" label="embryonic stem cell"/>
      <span end="32430" id="16362077-8038" start="32416">embryonic stem</span>
      <span end="32441" id="16362077-8039" start="32436">cells</span>
    </annotation>
    <annotation annotator="Mike Bada, University of Colorado Anschutz Medical Campus" id="CL_basic_2014_02_21_plus_nested_test_Instance_10045" type="identity">
      <class id="CL:0002322" label="embryonic stem cell"/>
      <span end="32434" id="16362077-8066" start="32432">ES</span>
      <span end="32441" id="16362077-8067" start="32436">cells</span>
    </annotation>
    <annotation annotator="Mike Bada, University of Colorado Anschutz Medical Campus" id="CL_basic_2014_02_21_Instance_41613" type="identity">
      <class id="CL:0002322" label="embryonic stem cell"/>
      <span end="32465" id="16362077-8041" start="32463">ES</span>
    </annotation>
    <annotation annotator="Mike Bada, University of Colorado Anschutz Medical Campus" id="CL_basic_2014_02_21_Instance_41615" type="identity">
      <class id="CL:0002322" label="embryonic stem cell"/>
      <span end="32613" id="16362077-8043" start="32605">ES cells</span>
    </annotation>
    <annotation annotator="Mike Bada, University of Colorado Anschutz Medical Campus" id="CL_basic_2014_02_21_Instance_18179" type="identity">
      <class id="CL:0000062" label="osteoblast"/>
      <span end="35482" id="16362077-7891" start="35472">osteoblast</span>
    </annotation>
    <annotation annotator="Mike Bada, University of Colorado Anschutz Medical Campus" id="CL_basic_2014_02_21_Instance_18181" type="identity">
      <class id="CL:0000092" label="osteoclast"/>
      <span end="35497" id="16362077-7893" start="35487">osteoclast</span>
    </annotation>
    <annotation annotator="Mike Bada, University of Colorado Anschutz Medical Campus" id="CL_basic_2014_02_21_Instance_18183" type="identity">
      <class id="CL:0000499" label="stromal cell"/>
      <span end="35632" id="16362077-7895" start="35619">stromal cells</span>
    </annotation>
    <annotation annotator="Mike Bada, University of Colorado Anschutz Medical Campus" id="CL_basic_2014_02_21_Instance_25127" type="identity">
      <class id="CL:0000062" label="osteoblast"/>
      <span end="35899" id="16362077-7925" start="35889">osteoblast</span>
    </annotation>
    <annotation annotator="Mike Bada, University of Colorado Anschutz Medical Campus" id="CL_basic_2014_02_21_Instance_18185" type="identity">
      <class id="CL:0000092" label="osteoclast"/>
      <span end="35976" id="16362077-7897" start="35965">Osteoclasts</span>
    </annotation>
    <annotation annotator="Mike Bada, University of Colorado Anschutz Medical Campus" id="CL_basic_2014_02_21_Instance_18187" type="identity">
      <class id="CL_GO_EXT:cell" label="cell"/>
      <span end="36125" id="16362077-7899" start="36120">cells</span>
    </annotation>
    <annotation annotator="Mike Bada, University of Colorado Anschutz Medical Campus" id="CL_basic_2014_02_21_Instance_18189" type="identity">
      <class id="CL_GO_EXT:cell" label="cell"/>
      <span end="36226" id="16362077-7901" start="36222">cell</span>
    </annotation>
    <annotation annotator="Mike Bada, University of Colorado Anschutz Medical Campus" id="CL_basic_2014_02_21_Instance_18191" type="identity">
      <class id="CL_GO_EXT:cell" label="cell"/>
      <span end="36412" id="16362077-7903" start="36407">cells</span>
    </annotation>
    <annotation annotator="Mike Bada, University of Colorado Anschutz Medical Campus" id="CL_basic_2014_02_21_Instance_18193" type="identity">
      <class id="CL:0000057" label="fibroblast"/>
      <span end="36924" id="16362077-7905" start="36914">fibroblast</span>
    </annotation>
    <annotation annotator="Mike Bada, University of Colorado Anschutz Medical Campus" id="CL_basic_2014_02_21_Instance_18195" type="identity">
      <class id="CL:0000136" label="fat cell"/>
      <span end="36951" id="16362077-7907" start="36942">adipocyte</span>
    </annotation>
    <annotation annotator="Mike Bada, University of Colorado Anschutz Medical Campus" id="CL_basic_2014_02_21_Instance_18197" type="identity">
      <class id="CL:0000136" label="fat cell"/>
      <span end="37106" id="16362077-7909" start="37097">adipocyte</span>
    </annotation>
    <annotation annotator="Mike Bada, University of Colorado Anschutz Medical Campus" id="CL_basic_2014_02_21_Instance_41618" type="identity">
      <class id="CL:0000010" label="cultured cell"/>
      <span end="37205" id="16362077-8045" start="37191">Cultured cells</span>
    </annotation>
    <annotation annotator="Mike Bada, University of Colorado Anschutz Medical Campus" id="CL_basic_2014_02_21_Instance_25129" type="identity">
      <class id="CL_GO_EXT:cell" label="cell"/>
      <span end="37337" id="16362077-7927" start="37329">cellular</span>
    </annotation>
    <annotation annotator="Mike Bada, University of Colorado Anschutz Medical Campus" id="CL_basic_2014_02_21_Instance_18201" type="identity">
      <class id="CL_GO_EXT:cell" label="cell"/>
      <span end="38682" id="16362077-7911" start="38677">cells</span>
    </annotation>
    <annotation annotator="Mike Bada, University of Colorado Anschutz Medical Campus" id="CL_basic_2014_02_21_Instance_18203" type="identity">
      <class id="CL_GO_EXT:cell" label="cell"/>
      <span end="38739" id="16362077-7913" start="38734">cells</span>
    </annotation>
    <annotation annotator="Mike Bada, University of Colorado Anschutz Medical Campus" id="CL_basic_2014_02_21_Instance_25131" type="identity">
      <class id="CL_GO_EXT:cell" label="cell"/>
      <span end="38807" id="16362077-7929" start="38802">cells</span>
    </annotation>
    <annotation annotator="Mike Bada, University of Colorado Anschutz Medical Campus" id="CL_basic_2014_02_21_Instance_25133" type="identity">
      <class id="CL_GO_EXT:cell" label="cell"/>
      <span end="38969" id="16362077-7931" start="38961">cellular</span>
    </annotation>
    <annotation annotator="Mike Bada, University of Colorado Anschutz Medical Campus" id="CL_basic_2014_02_21_Instance_18205" type="identity">
      <class id="CL:0000062" label="osteoblast"/>
      <span end="39213" id="16362077-7915" start="39202">Osteoblasts</span>
    </annotation>
    <annotation annotator="Mike Bada, University of Colorado Anschutz Medical Campus" id="CL_basic_2014_02_21_Instance_18207" type="identity">
      <class id="CL:0000092" label="osteoclast"/>
      <span end="39229" id="16362077-7917" start="39218">Osteoclasts</span>
    </annotation>
    <annotation annotator="Mike Bada, University of Colorado Anschutz Medical Campus" id="CL_basic_2014_02_21_Instance_41620" type="identity">
      <class id="CL:0000010" label="cultured cell"/>
      <span end="39330" id="16362077-8047" start="39322">Cultured</span>
      <span end="39344" id="16362077-8048" start="39339">Cells</span>
    </annotation>
    <annotation annotator="Mike Bada, University of Colorado Anschutz Medical Campus" id="CL_basic_2014_02_21_Instance_18209" type="identity">
      <class id="CL:0000499" label="stromal cell"/>
      <span end="39344" id="16362077-7919" start="39331">Stromal Cells</span>
    </annotation>
    <annotation annotator="Mike Bada, University of Colorado Anschutz Medical Campus" id="CL_basic_2014_02_21_Instance_18211" type="identity">
      <class id="CL:0000057" label="fibroblast"/>
      <span end="40325" id="16362077-7921" start="40315">fibroblast</span>
    </annotation>
    <annotation annotator="Mike Bada, University of Colorado Anschutz Medical Campus" id="CL_basic_2014_02_21_Instance_25135" type="identity">
      <class id="CL:0000138" label="chondrocyte"/>
      <span end="41086" id="16362077-7933" start="41074">chondrocytes</span>
    </annotation>
    <annotation annotator="Mike Bada, University of Colorado Anschutz Medical Campus" id="CL_basic_2014_02_21_Instance_25137" type="identity">
      <class id="CL:0000062" label="osteoblast"/>
      <span end="41237" id="16362077-7935" start="41226">osteoblasts</span>
    </annotation>
    <annotation annotator="Mike Bada, University of Colorado Anschutz Medical Campus" id="CL_basic_2014_02_21_Instance_25139" type="identity">
      <class id="CL_GO_EXT:cell" label="cell"/>
      <span end="41460" id="16362077-7937" start="41455">cells</span>
    </annotation>
    <annotation annotator="Mike Bada, University of Colorado Anschutz Medical Campus" id="CL_basic_2014_02_21_Instance_25141" type="identity">
      <class id="CL_GO_EXT:cell" label="cell"/>
      <span end="42451" id="16362077-7939" start="42446">cells</span>
    </annotation>
    <annotation annotator="Mike Bada, University of Colorado Anschutz Medical Campus" id="CL_basic_2014_02_21_Instance_25143" type="identity">
      <class id="CL:0000062" label="osteoblast"/>
      <span end="45177" id="16362077-7941" start="45166">osteoblasts</span>
    </annotation>
    <annotation annotator="Mike Bada, University of Colorado Anschutz Medical Campus" id="CL_basic_2014_02_21_Instance_25145" type="identity">
      <class id="CL:0000092" label="osteoclast"/>
      <span end="45233" id="16362077-7943" start="45222">osteoclasts</span>
    </annotation>
    <annotation annotator="Mike Bada, University of Colorado Anschutz Medical Campus" id="CL_basic_2014_02_21_Instance_25147" type="identity">
      <class id="CL:0000062" label="osteoblast"/>
      <span end="45653" id="16362077-7945" start="45642">Osteoblasts</span>
    </annotation>
    <annotation annotator="Mike Bada, University of Colorado Anschutz Medical Campus" id="CL_basic_2014_02_21_Instance_41624" type="identity">
      <class id="CL:0000092" label="osteoclast"/>
      <span end="45669" id="16362077-8050" start="45658">Osteoclasts</span>
    </annotation>
    <annotation annotator="Mike Bada, University of Colorado Anschutz Medical Campus" id="CL_basic_2014_02_21_Instance_41629" type="identity">
      <class id="CL:0010001" label="stromal cell of bone marrow"/>
      <span end="45691" id="16362077-8052" start="45671">Marrow stromal cells</span>
    </annotation>
    <annotation annotator="Mike Bada, University of Colorado Anschutz Medical Campus" id="CL_basic_2014_02_21_Instance_25151" type="identity">
      <class id="CL:0000062" label="osteoblast"/>
      <span end="45798" id="16362077-7947" start="45788">osteoblast</span>
    </annotation>
    <annotation annotator="Mike Bada, University of Colorado Anschutz Medical Campus" id="CL_basic_2014_02_21_Instance_25153" type="identity">
      <class id="CL:0000092" label="osteoclast"/>
      <span end="46187" id="16362077-7949" start="46176">osteoclasts</span>
    </annotation>
    <annotation annotator="Mike Bada, University of Colorado Anschutz Medical Campus" id="CL_basic_2014_02_21_Instance_25155" type="identity">
      <class id="CL:0000092" label="osteoclast"/>
      <span end="46357" id="16362077-7951" start="46346">Osteoclasts</span>
    </annotation>
    <annotation annotator="Mike Bada, University of Colorado Anschutz Medical Campus" id="CL_basic_2014_02_21_Instance_41632" type="identity">
      <class id="CL:0002242" label="nucleate cell"/>
      <span end="46387" id="16362077-8054" start="46377">cells with</span>
      <span end="46408" id="16362077-8055" start="46402">nuclei</span>
    </annotation>
    <annotation annotator="Mike Bada, University of Colorado Anschutz Medical Campus" id="CL_basic_2014_02_21_Instance_25159" type="identity">
      <class id="CL_GO_EXT:cell" label="cell"/>
      <span end="46623" id="16362077-7953" start="46618">cells</span>
    </annotation>
    <annotation annotator="Mike Bada, University of Colorado Anschutz Medical Campus" id="CL_basic_2014_02_21_Instance_70157" type="identity">
      <class id="CL:0000057" label="fibroblast"/>
      <span end="46737" id="16362077-8059" start="46726">Fibroblasts</span>
    </annotation>
    <annotation annotator="Mike Bada, University of Colorado Anschutz Medical Campus" id="CL_basic_2014_02_21_Instance_25161" type="identity">
      <class id="CL:0000136" label="fat cell"/>
      <span end="46908" id="16362077-7955" start="46899">Adipocyte</span>
    </annotation>
    <annotation annotator="Mike Bada, University of Colorado Anschutz Medical Campus" id="CL_basic_2014_02_21_Instance_25163" type="identity">
      <class id="CL:0000136" label="fat cell"/>
      <span end="47145" id="16362077-7957" start="47135">adipocytes</span>
    </annotation>
    <annotation annotator="Mike Bada, University of Colorado Anschutz Medical Campus" id="CL_basic_2014_02_21_Instance_25165" type="identity">
      <class id="CL_GO_EXT:cell" label="cell"/>
      <span end="47178" id="16362077-7959" start="47174">cell</span>
    </annotation>
    <annotation annotator="Mike Bada, University of Colorado Anschutz Medical Campus" id="CL_basic_2014_02_21_Instance_25167" type="identity">
      <class id="CL_GO_EXT:cell" label="cell"/>
      <span end="47272" id="16362077-7961" start="47264">cellular</span>
    </annotation>
    <annotation annotator="Mike Bada, University of Colorado Anschutz Medical Campus" id="CL_basic_2014_02_21_Instance_41634" type="identity">
      <class id="CL:0002321" label="embryonic cell"/>
      <span end="47664" id="16362077-8057" start="47650">Embryonic Cell</span>
    </annotation>
    <annotation annotator="Mike Bada, University of Colorado Anschutz Medical Campus" id="CL_basic_2014_02_21_Instance_25171" type="identity">
      <class id="CL_GO_EXT:cell" label="cell"/>
      <span end="47719" id="16362077-7963" start="47714">cells</span>
    </annotation>
    <annotation annotator="Mike Bada, University of Colorado Anschutz Medical Campus" id="CL_basic_2014_02_21_Instance_25173" type="identity">
      <class id="CL_GO_EXT:cell" label="cell"/>
      <span end="48225" id="16362077-7965" start="48220">cells</span>
    </annotation>
    <annotation annotator="Mike Bada, University of Colorado Anschutz Medical Campus" id="CL_basic_2014_02_21_Instance_25175" type="identity">
      <class id="CL:0000062" label="osteoblast"/>
      <span end="48256" id="16362077-7967" start="48246">osteoblast</span>
    </annotation>
    <annotation annotator="Mike Bada, University of Colorado Anschutz Medical Campus" id="CL_basic_2014_02_21_Instance_25177" type="identity">
      <class id="CL:0000136" label="fat cell"/>
      <span end="48729" id="16362077-7969" start="48719">adipocytes</span>
    </annotation>
    <annotation annotator="Mike Bada, University of Colorado Anschutz Medical Campus" id="CL_basic_2014_02_21_Instance_25179" type="identity">
      <class id="CL:0000136" label="fat cell"/>
      <span end="48908" id="16362077-7971" start="48898">adipocytes</span>
    </annotation>
    <graph-space id="Old Knowtator Relations"/>
  </document>
</knowtator-project>
