<?xml version="1.0" encoding="UTF-8" standalone="no"?>
<knowtator-project>
    <document id="16504174" text-file="16504174.txt">
        <annotation annotator="Mike Bada, University of Colorado Anschutz Medical Campus" id="CL_basic_2014_02_21_Instance_41768" type="identity">
            <class id="CL:0002322" label="embryonic stem cell"/>
            <span end="132" id="16504174-8440" start="113">Embryonic stem cell</span>
        </annotation>
        <annotation annotator="Mike Bada, University of Colorado Anschutz Medical Campus" id="CL_basic_2014_02_21_Instance_12895" type="identity">
            <class id="CL:0000586" label="germ cell"/>
            <span end="256" id="16504174-8358" start="246">germ cells</span>
        </annotation>
        <annotation annotator="Mike Bada, University of Colorado Anschutz Medical Campus" id="CL_basic_2014_02_21_Instance_41770" type="identity">
            <class id="CL:0002322" label="embryonic stem cell"/>
            <span end="276" id="16504174-8442" start="262">embryonic stem</span>
            <span end="287" id="16504174-8443" start="282">cells</span>
        </annotation>
        <annotation annotator="Mike Bada, University of Colorado Anschutz Medical Campus" id="CL_basic_2014_02_21_plus_nested_test_Instance_10053" type="identity">
            <class id="CL:0002322" label="embryonic stem cell"/>
            <span end="280" id="16504174-8579" start="278">ES</span>
            <span end="287" id="16504174-8580" start="282">cells</span>
        </annotation>
        <annotation annotator="Mike Bada, University of Colorado Anschutz Medical Campus" id="CL_basic_2014_02_21_Instance_41774" type="identity">
            <class id="CL:0002322" label="embryonic stem cell"/>
            <span end="991" id="16504174-8445" start="983">ES cells</span>
        </annotation>
        <annotation annotator="Mike Bada, University of Colorado Anschutz Medical Campus" id="CL_basic_2014_02_21_Instance_41776" type="identity">
            <class id="CL:0002322" label="embryonic stem cell"/>
            <span end="1114" id="16504174-8447" start="1106">ES cells</span>
        </annotation>
        <annotation annotator="Mike Bada, University of Colorado Anschutz Medical Campus" id="CL_basic_2014_02_21_Instance_13153" type="identity">
            <class id="CL:0000586" label="germ cell"/>
            <span end="1225" id="16504174-8360" start="1215">germ cells</span>
        </annotation>
        <annotation annotator="Mike Bada, University of Colorado Anschutz Medical Campus" id="CL_basic_2014_02_21_Instance_41778" type="identity">
            <class id="CL:0002322" label="embryonic stem cell"/>
            <span end="1311" id="16504174-8449" start="1303">ES cells</span>
        </annotation>
        <annotation annotator="Mike Bada, University of Colorado Anschutz Medical Campus" id="CL_basic_2014_02_21_Instance_13157" type="identity">
            <class id="CL_GO_EXT:cell" label="cell"/>
            <span end="1520" id="16504174-8362" start="1515">cells</span>
        </annotation>
        <annotation annotator="Mike Bada, University of Colorado Anschutz Medical Campus" id="CL_basic_2014_02_21_Instance_41780" type="identity">
            <class id="CL:0002322" label="embryonic stem cell"/>
            <span end="1536" id="16504174-8451" start="1528">ES cells</span>
        </annotation>
        <annotation annotator="Mike Bada, University of Colorado Anschutz Medical Campus" id="CL_basic_2014_02_21_Instance_13161" type="identity">
            <class id="CL_GO_EXT:cell" label="cell"/>
            <span end="1758" id="16504174-8364" start="1753">cells</span>
        </annotation>
        <annotation annotator="Mike Bada, University of Colorado Anschutz Medical Campus" id="CL_basic_2014_02_21_Instance_13163" type="identity">
            <class id="CL:0000586" label="germ cell"/>
            <span end="1773" id="16504174-8366" start="1763">germ cells</span>
        </annotation>
        <annotation annotator="Mike Bada, University of Colorado Anschutz Medical Campus" id="CL_basic_2014_02_21_Instance_41782" type="identity">
            <class id="CL:0002322" label="embryonic stem cell"/>
            <span end="1823" id="16504174-8453" start="1815">ES cells</span>
        </annotation>
        <annotation annotator="Mike Bada, University of Colorado Anschutz Medical Campus" id="CL_basic_2014_02_21_Instance_13167" type="identity">
            <class id="CL:0000586" label="germ cell"/>
            <span end="1854" id="16504174-8368" start="1845">germcells</span>
        </annotation>
        <annotation annotator="Mike Bada, University of Colorado Anschutz Medical Campus" id="CL_basic_2014_02_21_Instance_41784" type="identity">
            <class id="CL:0002322" label="embryonic stem cell"/>
            <span end="1883" id="16504174-8455" start="1869">Embryonic stem</span>
            <span end="1894" id="16504174-8456" start="1889">cells</span>
        </annotation>
        <annotation annotator="Mike Bada, University of Colorado Anschutz Medical Campus" id="CL_basic_2014_02_21_plus_nested_test_Instance_10055" type="identity">
            <class id="CL:0002322" label="embryonic stem cell"/>
            <span end="1887" id="16504174-8582" start="1885">ES</span>
            <span end="1894" id="16504174-8583" start="1889">cells</span>
        </annotation>
        <annotation annotator="Mike Bada, University of Colorado Anschutz Medical Campus" id="CL_basic_2014_02_21_Instance_41788" type="identity">
            <class id="CL:0002322" label="embryonic stem cell"/>
            <span end="1989" id="16504174-8458" start="1981">ES cells</span>
        </annotation>
        <annotation annotator="Mike Bada, University of Colorado Anschutz Medical Campus" id="CL_basic_2014_02_21_Instance_13353" type="identity">
            <class id="CL_GO_EXT:cell" label="cell"/>
            <span end="2124" id="16504174-8438" start="2119">cells</span>
        </annotation>
        <annotation annotator="Mike Bada, University of Colorado Anschutz Medical Campus" id="CL_basic_2014_02_21_Instance_41790" type="identity">
            <class id="CL:0002322" label="embryonic stem cell"/>
            <span end="2192" id="16504174-8460" start="2184">ES cells</span>
        </annotation>
        <annotation annotator="Mike Bada, University of Colorado Anschutz Medical Campus" id="CL_basic_2014_02_21_Instance_41792" type="identity">
            <class id="CL:0002322" label="embryonic stem cell"/>
            <span end="2285" id="16504174-8462" start="2277">ES cells</span>
        </annotation>
        <annotation annotator="Mike Bada, University of Colorado Anschutz Medical Campus" id="CL_basic_2014_02_21_Instance_13177" type="identity">
            <class id="CL_GO_EXT:cell" label="cell"/>
            <span end="2313" id="16504174-8370" start="2309">cell</span>
        </annotation>
        <annotation annotator="Mike Bada, University of Colorado Anschutz Medical Campus" id="CL_basic_2014_02_21_Instance_41794" type="identity">
            <class id="CL:0002322" label="embryonic stem cell"/>
            <span end="2507" id="16504174-8464" start="2499">ES cells</span>
        </annotation>
        <annotation annotator="Mike Bada, University of Colorado Anschutz Medical Campus" id="CL_basic_2014_02_21_Instance_13181" type="identity">
            <class id="CL:0000034" label="stem cell"/>
            <span end="2561" id="16504174-8372" start="2552">stem cell</span>
        </annotation>
        <annotation annotator="Mike Bada, University of Colorado Anschutz Medical Campus" id="CL_basic_2014_02_21_Instance_41796" type="identity">
            <class id="CL:0002322" label="embryonic stem cell"/>
            <span end="2621" id="16504174-8466" start="2613">ES cells</span>
        </annotation>
        <annotation annotator="Mike Bada, University of Colorado Anschutz Medical Campus" id="CL_basic_2014_02_21_Instance_41798" type="identity">
            <class id="CL:0002322" label="embryonic stem cell"/>
            <span end="2748" id="16504174-8468" start="2740">ES cells</span>
        </annotation>
        <annotation annotator="Mike Bada, University of Colorado Anschutz Medical Campus" id="CL_basic_2014_02_21_Instance_41800" type="identity">
            <class id="CL:0002321" label="embryonic cell"/>
            <span end="3067" id="16504174-8470" start="3058">embryonic</span>
            <span end="3083" id="16504174-8471" start="3078">cells</span>
        </annotation>
        <annotation annotator="Mike Bada, University of Colorado Anschutz Medical Campus" id="CL_basic_2014_02_21_Instance_13189" type="identity">
            <class id="CL:0000586" label="germ cell"/>
            <span end="3170" id="16504174-8374" start="3160">germ cells</span>
        </annotation>
        <annotation annotator="Mike Bada, University of Colorado Anschutz Medical Campus" id="CL_basic_2014_02_21_Instance_13191" type="identity">
            <class id="CL_GO_EXT:cell" label="cell"/>
            <span end="3218" id="16504174-8376" start="3213">cells</span>
        </annotation>
        <annotation annotator="Mike Bada, University of Colorado Anschutz Medical Campus" id="CL_basic_2014_02_21_Instance_41802" type="identity">
            <class id="CL:0002322" label="embryonic stem cell"/>
            <span end="3238" id="16504174-8473" start="3230">ES cells</span>
        </annotation>
        <annotation annotator="Mike Bada, University of Colorado Anschutz Medical Campus" id="CL_basic_2014_02_21_Instance_41804" type="identity">
            <class id="CL:0002321" label="embryonic cell"/>
            <span end="3249" id="16504174-8475" start="3240">embryonic</span>
            <span end="3260" id="16504174-8476" start="3255">cells</span>
        </annotation>
        <annotation annotator="Mike Bada, University of Colorado Anschutz Medical Campus" id="CL_basic_2014_02_21_Instance_13195" type="identity">
            <class id="CL:0000586" label="germ cell"/>
            <span end="3260" id="16504174-8378" start="3250">germ cells</span>
        </annotation>
        <annotation annotator="Mike Bada, University of Colorado Anschutz Medical Campus" id="CL_basic_2014_02_21_Instance_11469" type="identity">
            <class id="CL:0000048" label="multi fate stem cell"/>
            <span end="3277" id="16504174-8355" start="3266">multipotent</span>
            <span end="3297" id="16504174-8356" start="3287">stem cells</span>
        </annotation>
        <annotation annotator="Mike Bada, University of Colorado Anschutz Medical Campus" id="CL_basic_2014_02_21_Instance_13197" type="identity">
            <class id="CL:0000014" label="germ line stem cell"/>
            <span end="3297" id="16504174-8380" start="3278">germline stem cells</span>
        </annotation>
        <annotation annotator="Mike Bada, University of Colorado Anschutz Medical Campus" id="CL_basic_2014_02_21_Instance_41806" type="identity">
            <class id="CL:0002322" label="embryonic stem cell"/>
            <span end="3527" id="16504174-8478" start="3519">ES cells</span>
        </annotation>
        <annotation annotator="Mike Bada, University of Colorado Anschutz Medical Campus" id="CL_basic_2014_02_21_Instance_13201" type="identity">
            <class id="CL_GO_EXT:cell" label="cell"/>
            <span end="5081" id="16504174-8382" start="5077">cell</span>
        </annotation>
        <annotation annotator="Mike Bada, University of Colorado Anschutz Medical Campus" id="CL_basic_2014_02_21_Instance_41808" type="identity">
            <class id="CL:0002322" label="embryonic stem cell"/>
            <span end="6595" id="16504174-8480" start="6587">ES cells</span>
        </annotation>
        <annotation annotator="Mike Bada, University of Colorado Anschutz Medical Campus" id="CL_basic_2014_02_21_Instance_41810" type="identity">
            <class id="CL:0002371" label="somatic cell"/>
            <span end="6621" id="16504174-8482" start="6608">somatic cells</span>
        </annotation>
        <annotation annotator="Mike Bada, University of Colorado Anschutz Medical Campus" id="CL_basic_2014_02_21_Instance_41812" type="identity">
            <class id="CL:0002322" label="embryonic stem cell"/>
            <span end="7451" id="16504174-8484" start="7443">ES cells</span>
        </annotation>
        <annotation annotator="Mike Bada, University of Colorado Anschutz Medical Campus" id="CL_basic_2014_02_21_Instance_41814" type="identity">
            <class id="CL:0002322" label="embryonic stem cell"/>
            <span end="7498" id="16504174-8486" start="7490">ES cells</span>
        </annotation>
        <annotation annotator="Mike Bada, University of Colorado Anschutz Medical Campus" id="CL_basic_2014_02_21_Instance_13211" type="identity">
            <class id="CL_GO_EXT:cell" label="cell"/>
            <span end="7531" id="16504174-8384" start="7526">cells</span>
        </annotation>
        <annotation annotator="Mike Bada, University of Colorado Anschutz Medical Campus" id="CL_basic_2014_02_21_Instance_41816" type="identity">
            <class id="CL:0002322" label="embryonic stem cell"/>
            <span end="8913" id="16504174-8488" start="8905">ES cells</span>
        </annotation>
        <annotation annotator="Mike Bada, University of Colorado Anschutz Medical Campus" id="CL_basic_2014_02_21_Instance_41818" type="identity">
            <class id="CL:0002322" label="embryonic stem cell"/>
            <span end="9133" id="16504174-8490" start="9125">ES cells</span>
        </annotation>
        <annotation annotator="Mike Bada, University of Colorado Anschutz Medical Campus" id="CL_basic_2014_02_21_Instance_41820" type="identity">
            <class id="CL:0002322" label="embryonic stem cell"/>
            <span end="9179" id="16504174-8492" start="9172">ES cell</span>
        </annotation>
        <annotation annotator="Mike Bada, University of Colorado Anschutz Medical Campus" id="CL_basic_2014_02_21_Instance_41822" type="identity">
            <class id="CL:0002322" label="embryonic stem cell"/>
            <span end="9850" id="16504174-8494" start="9842">ES cells</span>
        </annotation>
        <annotation annotator="Mike Bada, University of Colorado Anschutz Medical Campus" id="CL_basic_2014_02_21_Instance_41824" type="identity">
            <class id="CL:0002322" label="embryonic stem cell"/>
            <span end="9873" id="16504174-8496" start="9865">ES cells</span>
        </annotation>
        <annotation annotator="Mike Bada, University of Colorado Anschutz Medical Campus" id="CL_basic_2014_02_21_Instance_41826" type="identity">
            <class id="CL:0002322" label="embryonic stem cell"/>
            <span end="9895" id="16504174-8498" start="9887">ES cells</span>
        </annotation>
        <annotation annotator="Mike Bada, University of Colorado Anschutz Medical Campus" id="CL_basic_2014_02_21_Instance_41828" type="identity">
            <class id="CL:0002322" label="embryonic stem cell"/>
            <span end="9920" id="16504174-8500" start="9912">ES cells</span>
        </annotation>
        <annotation annotator="Mike Bada, University of Colorado Anschutz Medical Campus" id="CL_basic_2014_02_21_Instance_41830" type="identity">
            <class id="CL:0002322" label="embryonic stem cell"/>
            <span end="10034" id="16504174-8502" start="10026">ES cells</span>
        </annotation>
        <annotation annotator="Mike Bada, University of Colorado Anschutz Medical Campus" id="CL_basic_2014_02_21_Instance_41832" type="identity">
            <class id="CL:0002322" label="embryonic stem cell"/>
            <span end="10059" id="16504174-8504" start="10051">ES cells</span>
        </annotation>
        <annotation annotator="Mike Bada, University of Colorado Anschutz Medical Campus" id="CL_basic_2014_02_21_Instance_41834" type="identity">
            <class id="CL:0002322" label="embryonic stem cell"/>
            <span end="10105" id="16504174-8506" start="10097">ES cells</span>
        </annotation>
        <annotation annotator="Mike Bada, University of Colorado Anschutz Medical Campus" id="CL_basic_2014_02_21_Instance_41836" type="identity">
            <class id="CL:0002322" label="embryonic stem cell"/>
            <span end="10323" id="16504174-8508" start="10315">ES cells</span>
        </annotation>
        <annotation annotator="Mike Bada, University of Colorado Anschutz Medical Campus" id="CL_basic_2014_02_21_Instance_41838" type="identity">
            <class id="CL:0002322" label="embryonic stem cell"/>
            <span end="10387" id="16504174-8510" start="10379">ES cells</span>
        </annotation>
        <annotation annotator="Mike Bada, University of Colorado Anschutz Medical Campus" id="CL_basic_2014_02_21_Instance_13237" type="identity">
            <class id="CL_GO_EXT:cell" label="cell"/>
            <span end="10550" id="16504174-8386" start="10545">cells</span>
        </annotation>
        <annotation annotator="Mike Bada, University of Colorado Anschutz Medical Campus" id="CL_basic_2014_02_21_Instance_13239" type="identity">
            <class id="CL_GO_EXT:cell" label="cell"/>
            <span end="10644" id="16504174-8388" start="10639">cells</span>
        </annotation>
        <annotation annotator="Mike Bada, University of Colorado Anschutz Medical Campus" id="CL_basic_2014_02_21_Instance_41840" type="identity">
            <class id="CL:0002322" label="embryonic stem cell"/>
            <span end="10770" id="16504174-8512" start="10762">ES cells</span>
        </annotation>
        <annotation annotator="Mike Bada, University of Colorado Anschutz Medical Campus" id="CL_basic_2014_02_21_Instance_13243" type="identity">
            <class id="CL_GO_EXT:cell" label="cell"/>
            <span end="10823" id="16504174-8390" start="10818">cells</span>
        </annotation>
        <annotation annotator="Mike Bada, University of Colorado Anschutz Medical Campus" id="CL_basic_2014_02_21_Instance_13245" type="identity">
            <class id="CL_GO_EXT:cell" label="cell"/>
            <span end="10921" id="16504174-8392" start="10916">cells</span>
        </annotation>
        <annotation annotator="Mike Bada, University of Colorado Anschutz Medical Campus" id="CL_basic_2014_02_21_Instance_13247" type="identity">
            <class id="CL_GO_EXT:cell" label="cell"/>
            <span end="10948" id="16504174-8394" start="10943">cells</span>
        </annotation>
        <annotation annotator="Mike Bada, University of Colorado Anschutz Medical Campus" id="CL_basic_2014_02_21_Instance_13249" type="identity">
            <class id="CL_GO_EXT:cell" label="cell"/>
            <span end="11133" id="16504174-8396" start="11128">cells</span>
        </annotation>
        <annotation annotator="Mike Bada, University of Colorado Anschutz Medical Campus" id="CL_basic_2014_02_21_Instance_41842" type="identity">
            <class id="CL:0002322" label="embryonic stem cell"/>
            <span end="11329" id="16504174-8514" start="11321">ES cells</span>
        </annotation>
        <annotation annotator="Mike Bada, University of Colorado Anschutz Medical Campus" id="CL_basic_2014_02_21_Instance_41844" type="identity">
            <class id="CL:0002322" label="embryonic stem cell"/>
            <span end="11372" id="16504174-8516" start="11364">ES cells</span>
        </annotation>
        <annotation annotator="Mike Bada, University of Colorado Anschutz Medical Campus" id="CL_basic_2014_02_21_Instance_41846" type="identity">
            <class id="CL:0002322" label="embryonic stem cell"/>
            <span end="11412" id="16504174-8518" start="11405">ES cell</span>
        </annotation>
        <annotation annotator="Mike Bada, University of Colorado Anschutz Medical Campus" id="CL_basic_2014_02_21_Instance_13257" type="identity">
            <class id="CL_GO_EXT:cell" label="cell"/>
            <span end="11447" id="16504174-8398" start="11442">cells</span>
        </annotation>
        <annotation annotator="Mike Bada, University of Colorado Anschutz Medical Campus" id="CL_basic_2014_02_21_Instance_41848" type="identity">
            <class id="CL:0002322" label="embryonic stem cell"/>
            <span end="11531" id="16504174-8520" start="11523">ES cells</span>
        </annotation>
        <annotation annotator="Mike Bada, University of Colorado Anschutz Medical Campus" id="CL_basic_2014_02_21_Instance_13261" type="identity">
            <class id="CL_GO_EXT:cell" label="cell"/>
            <span end="11558" id="16504174-8400" start="11553">cells</span>
        </annotation>
        <annotation annotator="Mike Bada, University of Colorado Anschutz Medical Campus" id="CL_basic_2014_02_21_Instance_13263" type="identity">
            <class id="CL_GO_EXT:cell" label="cell"/>
            <span end="11599" id="16504174-8402" start="11595">Cell</span>
        </annotation>
        <annotation annotator="Mike Bada, University of Colorado Anschutz Medical Campus" id="CL_basic_2014_02_21_Instance_13265" type="identity">
            <class id="CL_GO_EXT:cell" label="cell"/>
            <span end="11693" id="16504174-8404" start="11688">cells</span>
        </annotation>
        <annotation annotator="Mike Bada, University of Colorado Anschutz Medical Campus" id="CL_basic_2014_02_21_Instance_41850" type="identity">
            <class id="CL:0002322" label="embryonic stem cell"/>
            <span end="11825" id="16504174-8522" start="11817">ES cells</span>
        </annotation>
        <annotation annotator="Mike Bada, University of Colorado Anschutz Medical Campus" id="CL_basic_2014_02_21_Instance_41852" type="identity">
            <class id="CL:0002322" label="embryonic stem cell"/>
            <span end="11919" id="16504174-8524" start="11911">ES cells</span>
        </annotation>
        <annotation annotator="Mike Bada, University of Colorado Anschutz Medical Campus" id="CL_basic_2014_02_21_Instance_41854" type="identity">
            <class id="CL:0002322" label="embryonic stem cell"/>
            <span end="12025" id="16504174-8526" start="12017">ES cells</span>
        </annotation>
        <annotation annotator="Mike Bada, University of Colorado Anschutz Medical Campus" id="CL_basic_2014_02_21_Instance_41856" type="identity">
            <class id="CL:0002322" label="embryonic stem cell"/>
            <span end="12109" id="16504174-8528" start="12101">ES cells</span>
        </annotation>
        <annotation annotator="Mike Bada, University of Colorado Anschutz Medical Campus" id="CL_basic_2014_02_21_Instance_41858" type="identity">
            <class id="CL:0002322" label="embryonic stem cell"/>
            <span end="12148" id="16504174-8530" start="12141">ES cell</span>
        </annotation>
        <annotation annotator="Mike Bada, University of Colorado Anschutz Medical Campus" id="CL_basic_2014_02_21_Instance_41860" type="identity">
            <class id="CL:0002322" label="embryonic stem cell"/>
            <span end="12219" id="16504174-8532" start="12211">ES cells</span>
        </annotation>
        <annotation annotator="Mike Bada, University of Colorado Anschutz Medical Campus" id="CL_basic_2014_02_21_Instance_41862" type="identity">
            <class id="CL:0002322" label="embryonic stem cell"/>
            <span end="12380" id="16504174-8534" start="12372">ES cells</span>
        </annotation>
        <annotation annotator="Mike Bada, University of Colorado Anschutz Medical Campus" id="CL_basic_2014_02_21_Instance_41864" type="identity">
            <class id="CL:0002322" label="embryonic stem cell"/>
            <span end="12401" id="16504174-8536" start="12393">ES cells</span>
        </annotation>
        <annotation annotator="Mike Bada, University of Colorado Anschutz Medical Campus" id="CL_basic_2014_02_21_Instance_13283" type="identity">
            <class id="CL_GO_EXT:cell" label="cell"/>
            <span end="12477" id="16504174-8406" start="12472">cells</span>
        </annotation>
        <annotation annotator="Mike Bada, University of Colorado Anschutz Medical Campus" id="CL_basic_2014_02_21_Instance_41866" type="identity">
            <class id="CL:0002322" label="embryonic stem cell"/>
            <span end="12797" id="16504174-8538" start="12789">ES cells</span>
        </annotation>
        <annotation annotator="Mike Bada, University of Colorado Anschutz Medical Campus" id="CL_basic_2014_02_21_Instance_41868" type="identity">
            <class id="CL:0002322" label="embryonic stem cell"/>
            <span end="12860" id="16504174-8540" start="12852">ES cells</span>
        </annotation>
        <annotation annotator="Mike Bada, University of Colorado Anschutz Medical Campus" id="CL_basic_2014_02_21_Instance_41870" type="identity">
            <class id="CL:0002322" label="embryonic stem cell"/>
            <span end="12883" id="16504174-8542" start="12875">ES cells</span>
        </annotation>
        <annotation annotator="Mike Bada, University of Colorado Anschutz Medical Campus" id="CL_basic_2014_02_21_Instance_13291" type="identity">
            <class id="CL_GO_EXT:cell" label="cell"/>
            <span end="13077" id="16504174-8408" start="13073">Cell</span>
        </annotation>
        <annotation annotator="Mike Bada, University of Colorado Anschutz Medical Campus" id="CL_basic_2014_02_21_Instance_13293" type="identity">
            <class id="CL_GO_EXT:cell" label="cell"/>
            <span end="13116" id="16504174-8410" start="13111">cells</span>
        </annotation>
        <annotation annotator="Mike Bada, University of Colorado Anschutz Medical Campus" id="CL_basic_2014_02_21_Instance_41872" type="identity">
            <class id="CL:0002322" label="embryonic stem cell"/>
            <span end="13258" id="16504174-8544" start="13251">ES cell</span>
        </annotation>
        <annotation annotator="Mike Bada, University of Colorado Anschutz Medical Campus" id="CL_basic_2014_02_21_Instance_13297" type="identity">
            <class id="CL:0000586" label="germ cell"/>
            <span end="13756" id="16504174-8412" start="13747">germ cell</span>
        </annotation>
        <annotation annotator="Mike Bada, University of Colorado Anschutz Medical Campus" id="CL_basic_2014_02_21_Instance_41874" type="identity">
            <class id="CL:0002322" label="embryonic stem cell"/>
            <span end="13795" id="16504174-8546" start="13787">ES cells</span>
        </annotation>
        <annotation annotator="Mike Bada, University of Colorado Anschutz Medical Campus" id="CL_basic_2014_02_21_Instance_41876" type="identity">
            <class id="CL:0002322" label="embryonic stem cell"/>
            <span end="13896" id="16504174-8548" start="13889">ES cell</span>
        </annotation>
        <annotation annotator="Mike Bada, University of Colorado Anschutz Medical Campus" id="CL_basic_2014_02_21_Instance_41878" type="identity">
            <class id="CL:0002322" label="embryonic stem cell"/>
            <span end="13965" id="16504174-8550" start="13957">ES cells</span>
        </annotation>
        <annotation annotator="Mike Bada, University of Colorado Anschutz Medical Campus" id="CL_basic_2014_02_21_Instance_41880" type="identity">
            <class id="CL:0002322" label="embryonic stem cell"/>
            <span end="14093" id="16504174-8552" start="14085">ES cells</span>
        </annotation>
        <annotation annotator="Mike Bada, University of Colorado Anschutz Medical Campus" id="CL_basic_2014_02_21_Instance_41882" type="identity">
            <class id="CL:0002322" label="embryonic stem cell"/>
            <span end="14251" id="16504174-8554" start="14243">ES cells</span>
        </annotation>
        <annotation annotator="Mike Bada, University of Colorado Anschutz Medical Campus" id="CL_basic_2014_02_21_Instance_13309" type="identity">
            <class id="CL:0000586" label="germ cell"/>
            <span end="14309" id="16504174-8414" start="14299">germ cells</span>
        </annotation>
        <annotation annotator="Mike Bada, University of Colorado Anschutz Medical Campus" id="CL_basic_2014_02_21_Instance_13311" type="identity">
            <class id="CL_GO_EXT:cell" label="cell"/>
            <span end="14332" id="16504174-8416" start="14327">cells</span>
        </annotation>
        <annotation annotator="Mike Bada, University of Colorado Anschutz Medical Campus" id="CL_basic_2014_02_21_Instance_13313" type="identity">
            <class id="CL:0000586" label="germ cell"/>
            <span end="14413" id="16504174-8418" start="14404">germ cell</span>
        </annotation>
        <annotation annotator="Mike Bada, University of Colorado Anschutz Medical Campus" id="CL_basic_2014_02_21_Instance_41884" type="identity">
            <class id="CL:0002322" label="embryonic stem cell"/>
            <span end="14436" id="16504174-8556" start="14429">ES cell</span>
        </annotation>
        <annotation annotator="Mike Bada, University of Colorado Anschutz Medical Campus" id="CL_basic_2014_02_21_Instance_41886" type="identity">
            <class id="CL:0002322" label="embryonic stem cell"/>
            <span end="17237" id="16504174-8558" start="17229">ES cells</span>
        </annotation>
        <annotation annotator="Mike Bada, University of Colorado Anschutz Medical Campus" id="CL_basic_2014_02_21_Instance_13319" type="identity">
            <class id="CL_GO_EXT:cell" label="cell"/>
            <span end="17290" id="16504174-8420" start="17285">cells</span>
        </annotation>
        <annotation annotator="Mike Bada, University of Colorado Anschutz Medical Campus" id="CL_basic_2014_02_21_Instance_41888" type="identity">
            <class id="CL:0002322" label="embryonic stem cell"/>
            <span end="17551" id="16504174-8560" start="17543">ES cells</span>
        </annotation>
        <annotation annotator="Mike Bada, University of Colorado Anschutz Medical Campus" id="CL_basic_2014_02_21_Instance_13323" type="identity">
            <class id="CL_GO_EXT:cell" label="cell"/>
            <span end="17597" id="16504174-8422" start="17593">Cell</span>
        </annotation>
        <annotation annotator="Mike Bada, University of Colorado Anschutz Medical Campus" id="CL_basic_2014_02_21_Instance_41890" type="identity">
            <class id="CL:0002322" label="embryonic stem cell"/>
            <span end="19352" id="16504174-8562" start="19345">ES cell</span>
        </annotation>
        <annotation annotator="Mike Bada, University of Colorado Anschutz Medical Campus" id="CL_basic_2014_02_21_Instance_13327" type="identity">
            <class id="CL_GO_EXT:cell" label="cell"/>
            <span end="19391" id="16504174-8424" start="19383">cellular</span>
        </annotation>
        <annotation annotator="Mike Bada, University of Colorado Anschutz Medical Campus" id="CL_basic_2014_02_21_Instance_13329" type="identity">
            <class id="CL_GO_EXT:cell" label="cell"/>
            <span end="19816" id="16504174-8426" start="19812">Cell</span>
        </annotation>
        <annotation annotator="Mike Bada, University of Colorado Anschutz Medical Campus" id="CL_basic_2014_02_21_Instance_41892" type="identity">
            <class id="CL:0002322" label="embryonic stem cell"/>
            <span end="19991" id="16504174-8564" start="19983">ES cells</span>
        </annotation>
        <annotation annotator="Mike Bada, University of Colorado Anschutz Medical Campus" id="CL_basic_2014_02_21_Instance_13333" type="identity">
            <class id="CL_GO_EXT:cell" label="cell"/>
            <span end="20254" id="16504174-8428" start="20249">cells</span>
        </annotation>
        <annotation annotator="Mike Bada, University of Colorado Anschutz Medical Campus" id="CL_basic_2014_02_21_Instance_13335" type="identity">
            <class id="CL_GO_EXT:cell" label="cell"/>
            <span end="20676" id="16504174-8430" start="20672">cell</span>
        </annotation>
        <annotation annotator="Mike Bada, University of Colorado Anschutz Medical Campus" id="CL_basic_2014_02_21_Instance_13337" type="identity">
            <class id="CL_GO_EXT:cell" label="cell"/>
            <span end="20811" id="16504174-8432" start="20806">cells</span>
        </annotation>
        <annotation annotator="Mike Bada, University of Colorado Anschutz Medical Campus" id="CL_basic_2014_02_21_Instance_41898" type="identity">
            <class id="CL:0000001" label="primary cultured cell"/>
            <span end="20906" id="16504174-8570" start="20899">primary</span>
            <span end="20914" id="16504174-8571" start="20910">cell</span>
        </annotation>
        <annotation annotator="Mike Bada, University of Colorado Anschutz Medical Campus" id="CL_basic_2014_02_21_Instance_41894" type="identity">
            <class id="CL:0002322" label="embryonic stem cell"/>
            <span end="20914" id="16504174-8566" start="20907">ES cell</span>
        </annotation>
        <annotation annotator="Mike Bada, University of Colorado Anschutz Medical Campus" id="CL_basic_2014_02_21_Instance_13341" type="identity">
            <class id="CL_GO_EXT:cell" label="cell"/>
            <span end="21008" id="16504174-8434" start="21004">cell</span>
        </annotation>
        <annotation annotator="Mike Bada, University of Colorado Anschutz Medical Campus" id="CL_basic_2014_02_21_Instance_13343" type="identity">
            <class id="CL_GO_EXT:cell" label="cell"/>
            <span end="21034" id="16504174-8436" start="21029">cells</span>
        </annotation>
        <annotation annotator="Mike Bada, University of Colorado Anschutz Medical Campus" id="CL_basic_2014_02_21_Instance_41896" type="identity">
            <class id="CL:0002322" label="embryonic stem cell"/>
            <span end="21137" id="16504174-8568" start="21129">ES cells</span>
        </annotation>
        <annotation annotator="Mike Bada, University of Colorado Anschutz Medical Campus" id="CL_basic_2014_02_21_Instance_41900" type="identity">
            <class id="CL:0002322" label="embryonic stem cell"/>
            <span end="21158" id="16504174-8573" start="21150">ES cells</span>
        </annotation>
        <annotation annotator="Mike Bada, University of Colorado Anschutz Medical Campus" id="CL_basic_2014_02_21_Instance_41902" type="identity">
            <class id="CL:0002322" label="embryonic stem cell"/>
            <span end="21782" id="16504174-8575" start="21775">ES cell</span>
        </annotation>
        <annotation annotator="Mike Bada, University of Colorado Anschutz Medical Campus" id="CL_basic_2014_02_21_Instance_41904" type="identity">
            <class id="CL:0002322" label="embryonic stem cell"/>
            <span end="22332" id="16504174-8577" start="22324">ES cells</span>
        </annotation>
        <graph-space id="Old Knowtator Relations"/>
    </document>
</knowtator-project>
