<?xml version="1.0" encoding="UTF-8" standalone="no"?>
<knowtator-project>
  <document id="16579849" text-file="16579849.txt">
    <annotation annotator="Mike Bada, University of Colorado Anschutz Medical Campus" id="CL_basic_2014_02_21_Instance_41976" type="identity">
      <class id="CL:0002322" label="embryonic stem cell"/>
      <span end="620" id="16579849-8930" start="601">embryonic stem cell</span>
    </annotation>
    <annotation annotator="Mike Bada, University of Colorado Anschutz Medical Campus" id="CL_basic_2014_02_21_Instance_25487" type="identity">
      <class id="CL_GO_EXT:cell" label="cell"/>
      <span end="2051" id="16579849-8926" start="2043">cellular</span>
    </annotation>
    <annotation annotator="Mike Bada, University of Colorado Anschutz Medical Campus" id="CL_basic_2014_02_21_Instance_41978" type="identity">
      <class id="CL:0002322" label="embryonic stem cell"/>
      <span end="6860" id="16579849-8932" start="6846">embryonic stem</span>
      <span end="6871" id="16579849-8933" start="6866">cells</span>
    </annotation>
    <annotation annotator="Mike Bada, University of Colorado Anschutz Medical Campus" id="CL_basic_2014_02_21_plus_nested_test_Instance_10061" type="identity">
      <class id="CL:0002322" label="embryonic stem cell"/>
      <span end="6864" id="16579849-8965" start="6862">ES</span>
      <span end="6871" id="16579849-8966" start="6866">cells</span>
    </annotation>
    <annotation annotator="Mike Bada, University of Colorado Anschutz Medical Campus" id="CL_basic_2014_02_21_Instance_18661" type="identity">
      <class id="CL:0000034" label="stem cell"/>
      <span end="7160" id="16579849-8894" start="7151">stem cell</span>
    </annotation>
    <annotation annotator="Mike Bada, University of Colorado Anschutz Medical Campus" id="CL_basic_2014_02_21_plus_nested_test_Instance_10063" type="identity">
      <class id="CL:0002322" label="embryonic stem cell"/>
      <span end="7584" id="16579849-8968" start="7582">ES</span>
    </annotation>
    <annotation annotator="Mike Bada, University of Colorado Anschutz Medical Campus" id="CL_basic_2014_02_21_Instance_41982" type="identity">
      <class id="CL:0002322" label="embryonic stem cell"/>
      <span end="7920" id="16579849-8935" start="7912">ES cells</span>
    </annotation>
    <annotation annotator="Mike Bada, University of Colorado Anschutz Medical Campus" id="CL_basic_2014_02_21_Instance_41984" type="identity">
      <class id="CL:0002322" label="embryonic stem cell"/>
      <span end="7978" id="16579849-8937" start="7970">ES cells</span>
    </annotation>
    <annotation annotator="Mike Bada, University of Colorado Anschutz Medical Campus" id="CL_basic_2014_02_21_Instance_41986" type="identity">
      <class id="CL:0002322" label="embryonic stem cell"/>
      <span end="8355" id="16579849-8939" start="8347">ES cells</span>
    </annotation>
    <annotation annotator="Mike Bada, University of Colorado Anschutz Medical Campus" id="CL_basic_2014_02_21_Instance_41988" type="identity">
      <class id="CL:0002322" label="embryonic stem cell"/>
      <span end="8924" id="16579849-8941" start="8916">ES cells</span>
    </annotation>
    <annotation annotator="Mike Bada, University of Colorado Anschutz Medical Campus" id="CL_basic_2014_02_21_Instance_41990" type="identity">
      <class id="CL:0002322" label="embryonic stem cell"/>
      <span end="9501" id="16579849-8943" start="9494">ES cell</span>
    </annotation>
    <annotation annotator="Mike Bada, University of Colorado Anschutz Medical Campus" id="CL_basic_2014_02_21_Instance_41992" type="identity">
      <class id="CL:0002322" label="embryonic stem cell"/>
      <span end="9544" id="16579849-8945" start="9537">ES cell</span>
    </annotation>
    <annotation annotator="Mike Bada, University of Colorado Anschutz Medical Campus" id="CL_basic_2014_02_21_Instance_18675" type="identity">
      <class id="CL:0000057" label="fibroblast"/>
      <span end="10114" id="16579849-8896" start="10103">fibroblasts</span>
    </annotation>
    <annotation annotator="Mike Bada, University of Colorado Anschutz Medical Campus" id="CL_basic_2014_02_21_Instance_18677" type="identity">
      <class id="CL_GO_EXT:cell" label="cell"/>
      <span end="10190" id="16579849-8898" start="10185">cells</span>
    </annotation>
    <annotation annotator="Mike Bada, University of Colorado Anschutz Medical Campus" id="CL_basic_2014_02_21_plus_nested_Instance_50780" type="identity">
      <class id="CL_GO_EXT:cell" label="cell"/>
      <span end="10263" id="16579849-8963" start="10255">cellular</span>
    </annotation>
    <annotation annotator="Mike Bada, University of Colorado Anschutz Medical Campus" id="CL_basic_2014_02_21_Instance_18679" type="identity">
      <class id="CL:0000057" label="fibroblast"/>
      <span end="12635" id="16579849-8900" start="12624">fibroblasts</span>
    </annotation>
    <annotation annotator="Mike Bada, University of Colorado Anschutz Medical Campus" id="CL_basic_2014_02_21_Instance_18681" type="identity">
      <class id="CL:0000057" label="fibroblast"/>
      <span end="12718" id="16579849-8902" start="12707">Fibroblasts</span>
    </annotation>
    <annotation annotator="Mike Bada, University of Colorado Anschutz Medical Campus" id="CL_basic_2014_02_21_Instance_18683" type="identity">
      <class id="CL_GO_EXT:cell" label="cell"/>
      <span end="13084" id="16579849-8904" start="13079">cells</span>
    </annotation>
    <annotation annotator="Mike Bada, University of Colorado Anschutz Medical Campus" id="CL_basic_2014_02_21_Instance_18685" type="identity">
      <class id="CL_GO_EXT:cell" label="cell"/>
      <span end="13279" id="16579849-8906" start="13274">cells</span>
    </annotation>
    <annotation annotator="Mike Bada, University of Colorado Anschutz Medical Campus" id="CL_basic_2014_02_21_Instance_18687" type="identity">
      <class id="CL_GO_EXT:cell" label="cell"/>
      <span end="13629" id="16579849-8908" start="13624">cells</span>
    </annotation>
    <annotation annotator="Mike Bada, University of Colorado Anschutz Medical Campus" id="CL_basic_2014_02_21_Instance_41995" type="identity">
      <class id="CL:0002322" label="embryonic stem cell"/>
      <span end="16475" id="16579849-8947" start="16467">ES cells</span>
    </annotation>
    <annotation annotator="Mike Bada, University of Colorado Anschutz Medical Campus" id="CL_basic_2014_02_21_Instance_41997" type="identity">
      <class id="CL:0002322" label="embryonic stem cell"/>
      <span end="16774" id="16579849-8949" start="16767">ES cell</span>
    </annotation>
    <annotation annotator="Mike Bada, University of Colorado Anschutz Medical Campus" id="CL_basic_2014_02_21_Instance_41999" type="identity">
      <class id="CL:0002322" label="embryonic stem cell"/>
      <span end="17167" id="16579849-8951" start="17160">ES cell</span>
    </annotation>
    <annotation annotator="Mike Bada, University of Colorado Anschutz Medical Campus" id="CL_basic_2014_02_21_Instance_42001" type="identity">
      <class id="CL:0002322" label="embryonic stem cell"/>
      <span end="17204" id="16579849-8953" start="17196">ES cells</span>
    </annotation>
    <annotation annotator="Mike Bada, University of Colorado Anschutz Medical Campus" id="CL_basic_2014_02_21_Instance_42003" type="identity">
      <class id="CL:0002322" label="embryonic stem cell"/>
      <span end="17397" id="16579849-8955" start="17389">ES cells</span>
    </annotation>
    <annotation annotator="Mike Bada, University of Colorado Anschutz Medical Campus" id="CL_basic_2014_02_21_Instance_18699" type="identity">
      <class id="CL:0000057" label="fibroblast"/>
      <span end="20518" id="16579849-8910" start="20507">fibroblasts</span>
    </annotation>
    <annotation annotator="Mike Bada, University of Colorado Anschutz Medical Campus" id="CL_basic_2014_02_21_Instance_18701" type="identity">
      <class id="CL:0000057" label="fibroblast"/>
      <span end="32981" id="16579849-8912" start="32970">fibroblasts</span>
    </annotation>
    <annotation annotator="Mike Bada, University of Colorado Anschutz Medical Campus" id="CL_basic_2014_02_21_Instance_18703" type="identity">
      <class id="CL_GO_EXT:cell" label="cell"/>
      <span end="37105" id="16579849-8914" start="37101">cell</span>
    </annotation>
    <annotation annotator="Mike Bada, University of Colorado Anschutz Medical Campus" id="CL_basic_2014_02_21_Instance_18705" type="identity">
      <class id="CL:0000182" label="hepatocyte"/>
      <span end="37140" id="16579849-8916" start="37129">hepatocytes</span>
    </annotation>
    <annotation annotator="Mike Bada, University of Colorado Anschutz Medical Campus" id="CL_basic_2014_02_21_Instance_42007" type="identity">
      <class id="CL:0002322" label="embryonic stem cell"/>
      <span end="37172" id="16579849-8957" start="37152">embryonic stem cells</span>
    </annotation>
    <annotation annotator="Mike Bada, University of Colorado Anschutz Medical Campus" id="CL_basic_2014_02_21_Instance_18709" type="identity">
      <class id="CL_GO_EXT:cell" label="cell"/>
      <span end="37383" id="16579849-8918" start="37379">cell</span>
    </annotation>
    <annotation annotator="Mike Bada, University of Colorado Anschutz Medical Campus" id="CL_basic_2014_02_21_Instance_18711" type="identity">
      <class id="CL_GO_EXT:cell" label="cell"/>
      <span end="38270" id="16579849-8920" start="38266">cell</span>
    </annotation>
    <annotation annotator="Mike Bada, University of Colorado Anschutz Medical Campus" id="CL_basic_2014_02_21_Instance_18713" type="identity">
      <class id="CL_GO_EXT:cell" label="cell"/>
      <span end="38302" id="16579849-8922" start="38297">cells</span>
    </annotation>
    <annotation annotator="Mike Bada, University of Colorado Anschutz Medical Campus" id="CL_basic_2014_02_21_Instance_25491" type="identity">
      <class id="CL_GO_EXT:cell" label="cell"/>
      <span end="39359" id="16579849-8928" start="39351">cellular</span>
    </annotation>
    <annotation annotator="Mike Bada, University of Colorado Anschutz Medical Campus" id="CL_basic_2014_02_21_Instance_42009" type="identity">
      <class id="CL:0002322" label="embryonic stem cell"/>
      <span end="39647" id="16579849-8959" start="39640">ES cell</span>
    </annotation>
    <annotation annotator="Mike Bada, University of Colorado Anschutz Medical Campus" id="CL_basic_2014_02_21_Instance_42011" type="identity">
      <class id="CL:0002322" label="embryonic stem cell"/>
      <span end="39668" id="16579849-8961" start="39649">embryonic stem cell</span>
    </annotation>
    <annotation annotator="Mike Bada, University of Colorado Anschutz Medical Campus" id="CL_basic_2014_02_21_Instance_18719" type="identity">
      <class id="CL:0000057" label="fibroblast"/>
      <span end="39739" id="16579849-8924" start="39729">fibroblast</span>
    </annotation>
    <graph-space id="Old Knowtator Relations"/>
  </document>
</knowtator-project>
