<?xml version="1.0" encoding="UTF-8" standalone="no"?>
<knowtator-project>
    <document id="16628246" text-file="16628246.txt">
        <annotation annotator="Mike Bada, University of Colorado Anschutz Medical Campus" id="CL_basic_2014_02_21_Instance_18769" type="identity">
            <class id="CL_GO_EXT:cell" label="cell"/>
            <span end="614" id="16628246-8971" start="610">cell</span>
        </annotation>
        <annotation annotator="Mike Bada, University of Colorado Anschutz Medical Campus" id="CL_basic_2014_02_21_Instance_18771" type="identity">
            <class id="CL_GO_EXT:cell" label="cell"/>
            <span end="2042" id="16628246-8973" start="2038">cell</span>
        </annotation>
        <annotation annotator="Mike Bada, University of Colorado Anschutz Medical Campus" id="CL_basic_2014_02_21_Instance_18773" type="identity">
            <class id="CL:0000232" label="erythrocyte"/>
            <span end="3231" id="16628246-8975" start="3216">red blood cells</span>
        </annotation>
        <annotation annotator="Mike Bada, University of Colorado Anschutz Medical Campus" id="CL_basic_2014_02_21_Instance_42059" type="identity">
            <class id="CL:0000836" label="promyelocyte"/>
            <span end="4895" id="16628246-9133" start="4882">promyelocytic</span>
        </annotation>
        <annotation annotator="Mike Bada, University of Colorado Anschutz Medical Campus" id="CL_basic_2014_02_21_Instance_42062" type="identity">
            <class id="CL:0002322" label="embryonic stem cell"/>
            <span end="5742" id="16628246-9135" start="5728">embryonic stem</span>
            <span end="5753" id="16628246-9136" start="5748">cells</span>
        </annotation>
        <annotation annotator="Mike Bada, University of Colorado Anschutz Medical Campus" id="CL_basic_2014_02_21_plus_nested_test_Instance_10065" type="identity">
            <class id="CL:0002322" label="embryonic stem cell"/>
            <span end="5746" id="16628246-9330" start="5744">ES</span>
            <span end="5753" id="16628246-9331" start="5748">cells</span>
        </annotation>
        <annotation annotator="Mike Bada, University of Colorado Anschutz Medical Campus" id="CL_basic_2014_02_21_Instance_18775" type="identity">
            <class id="CL_GO_EXT:cell" label="cell"/>
            <span end="5775" id="16628246-8977" start="5770">cells</span>
        </annotation>
        <annotation annotator="Mike Bada, University of Colorado Anschutz Medical Campus" id="CL_basic_2014_02_21_Instance_42066" type="identity">
            <class id="CL:0002322" label="embryonic stem cell"/>
            <span end="5864" id="16628246-9138" start="5856">ES cells</span>
        </annotation>
        <annotation annotator="Mike Bada, University of Colorado Anschutz Medical Campus" id="CL_basic_2014_02_21_Instance_42068" type="identity">
            <class id="CL:0002322" label="embryonic stem cell"/>
            <span end="5919" id="16628246-9140" start="5911">ES Cells</span>
        </annotation>
        <annotation annotator="Mike Bada, University of Colorado Anschutz Medical Campus" id="CL_basic_2014_02_21_Instance_42070" type="identity">
            <class id="CL:0002322" label="embryonic stem cell"/>
            <span end="6077" id="16628246-9142" start="6069">ES cells</span>
        </annotation>
        <annotation annotator="Mike Bada, University of Colorado Anschutz Medical Campus" id="CL_basic_2014_02_21_Instance_42072" type="identity">
            <class id="CL:0002322" label="embryonic stem cell"/>
            <span end="6224" id="16628246-9144" start="6216">ES cells</span>
        </annotation>
        <annotation annotator="Mike Bada, University of Colorado Anschutz Medical Campus" id="CL_basic_2014_02_21_Instance_42074" type="identity">
            <class id="CL:0002322" label="embryonic stem cell"/>
            <span end="6648" id="16628246-9146" start="6641">ES cell</span>
        </annotation>
        <annotation annotator="Mike Bada, University of Colorado Anschutz Medical Campus" id="CL_basic_2014_02_21_Instance_42076" type="identity">
            <class id="CL:0002322" label="embryonic stem cell"/>
            <span end="7267" id="16628246-9148" start="7259">ES cells</span>
        </annotation>
        <annotation annotator="Mike Bada, University of Colorado Anschutz Medical Campus" id="CL_basic_2014_02_21_Instance_42078" type="identity">
            <class id="CL:0002322" label="embryonic stem cell"/>
            <span end="8379" id="16628246-9150" start="8371">ES cells</span>
        </annotation>
        <annotation annotator="Mike Bada, University of Colorado Anschutz Medical Campus" id="CL_basic_2014_02_21_Instance_42080" type="identity">
            <class id="CL:0002322" label="embryonic stem cell"/>
            <span end="8478" id="16628246-9152" start="8470">ES Cells</span>
        </annotation>
        <annotation annotator="Mike Bada, University of Colorado Anschutz Medical Campus" id="CL_basic_2014_02_21_Instance_42082" type="identity">
            <class id="CL:0002322" label="embryonic stem cell"/>
            <span end="8497" id="16628246-9154" start="8489">ES cells</span>
        </annotation>
        <annotation annotator="Mike Bada, University of Colorado Anschutz Medical Campus" id="CL_basic_2014_02_21_Instance_42084" type="identity">
            <class id="CL:0002322" label="embryonic stem cell"/>
            <span end="8576" id="16628246-9156" start="8574">ES</span>
        </annotation>
        <annotation annotator="Mike Bada, University of Colorado Anschutz Medical Campus" id="CL_basic_2014_02_21_Instance_42086" type="identity">
            <class id="CL:0002322" label="embryonic stem cell"/>
            <span end="8708" id="16628246-9158" start="8701">ES cell</span>
        </annotation>
        <annotation annotator="Mike Bada, University of Colorado Anschutz Medical Campus" id="CL_basic_2014_02_21_Instance_42088" type="identity">
            <class id="CL:0002322" label="embryonic stem cell"/>
            <span end="8755" id="16628246-9160" start="8748">ES cell</span>
        </annotation>
        <annotation annotator="Mike Bada, University of Colorado Anschutz Medical Campus" id="CL_basic_2014_02_21_Instance_42090" type="identity">
            <class id="CL:0002322" label="embryonic stem cell"/>
            <span end="8913" id="16628246-9162" start="8905">ES cells</span>
        </annotation>
        <annotation annotator="Mike Bada, University of Colorado Anschutz Medical Campus" id="CL_basic_2014_02_21_Instance_42092" type="identity">
            <class id="CL:0002322" label="embryonic stem cell"/>
            <span end="9232" id="16628246-9164" start="9224">ES cells</span>
        </annotation>
        <annotation annotator="Mike Bada, University of Colorado Anschutz Medical Campus" id="CL_basic_2014_02_21_Instance_18803" type="identity">
            <class id="CL_GO_EXT:cell" label="cell"/>
            <span end="9242" id="16628246-8979" start="9237">cells</span>
        </annotation>
        <annotation annotator="Mike Bada, University of Colorado Anschutz Medical Campus" id="CL_basic_2014_02_21_Instance_42094" type="identity">
            <class id="CL:0002322" label="embryonic stem cell"/>
            <span end="9496" id="16628246-9166" start="9488">ES cells</span>
        </annotation>
        <annotation annotator="Mike Bada, University of Colorado Anschutz Medical Campus" id="CL_basic_2014_02_21_Instance_42098" type="identity">
            <class id="CL:0002322" label="embryonic stem cell"/>
            <span end="9688" id="16628246-9168" start="9681">ES cell</span>
        </annotation>
        <annotation annotator="Mike Bada, University of Colorado Anschutz Medical Campus" id="CL_basic_2014_02_21_Instance_25499" type="identity">
            <class id="CL_GO_EXT:cell" label="cell"/>
            <span end="9728" id="16628246-9091" start="9724">cell</span>
        </annotation>
        <annotation annotator="Mike Bada, University of Colorado Anschutz Medical Campus" id="CL_basic_2014_02_21_Instance_18809" type="identity">
            <class id="CL_GO_EXT:cell" label="cell"/>
            <span end="9786" id="16628246-8981" start="9782">cell</span>
        </annotation>
        <annotation annotator="Mike Bada, University of Colorado Anschutz Medical Campus" id="CL_basic_2014_02_21_Instance_42100" type="identity">
            <class id="CL:0002322" label="embryonic stem cell"/>
            <span end="9849" id="16628246-9170" start="9841">ES cells</span>
        </annotation>
        <annotation annotator="Mike Bada, University of Colorado Anschutz Medical Campus" id="CL_basic_2014_02_21_Instance_42102" type="identity">
            <class id="CL:0002322" label="embryonic stem cell"/>
            <span end="9917" id="16628246-9172" start="9910">ES cell</span>
        </annotation>
        <annotation annotator="Mike Bada, University of Colorado Anschutz Medical Campus" id="CL_basic_2014_02_21_Instance_18815" type="identity">
            <class id="CL_GO_EXT:cell" label="cell"/>
            <span end="9941" id="16628246-8983" start="9937">cell</span>
        </annotation>
        <annotation annotator="Mike Bada, University of Colorado Anschutz Medical Campus" id="CL_basic_2014_02_21_Instance_42104" type="identity">
            <class id="CL:0002322" label="embryonic stem cell"/>
            <span end="9996" id="16628246-9174" start="9988">ES cells</span>
        </annotation>
        <annotation annotator="Mike Bada, University of Colorado Anschutz Medical Campus" id="CL_basic_2014_02_21_Instance_42106" type="identity">
            <class id="CL:0002322" label="embryonic stem cell"/>
            <span end="10167" id="16628246-9176" start="10159">ES cells</span>
        </annotation>
        <annotation annotator="Mike Bada, University of Colorado Anschutz Medical Campus" id="CL_basic_2014_02_21_Instance_25501" type="identity">
            <class id="CL_GO_EXT:cell" label="cell"/>
            <span end="10286" id="16628246-9093" start="10282">cell</span>
        </annotation>
        <annotation annotator="Mike Bada, University of Colorado Anschutz Medical Campus" id="CL_basic_2014_02_21_Instance_42108" type="identity">
            <class id="CL:0002322" label="embryonic stem cell"/>
            <span end="10396" id="16628246-9178" start="10394">ES</span>
        </annotation>
        <annotation annotator="Mike Bada, University of Colorado Anschutz Medical Campus" id="CL_basic_2014_02_21_Instance_42110" type="identity">
            <class id="CL:0002322" label="embryonic stem cell"/>
            <span end="10507" id="16628246-9180" start="10499">ES cells</span>
        </annotation>
        <annotation annotator="Mike Bada, University of Colorado Anschutz Medical Campus" id="CL_basic_2014_02_21_Instance_18823" type="identity">
            <class id="CL_GO_EXT:cell" label="cell"/>
            <span end="10566" id="16628246-8985" start="10561">cells</span>
        </annotation>
        <annotation annotator="Mike Bada, University of Colorado Anschutz Medical Campus" id="CL_basic_2014_02_21_Instance_25505" type="identity">
            <class id="CL:0000445" label="apoptosis fated cell"/>
            <span end="10642" id="16628246-9097" start="10627">apoptotic cells</span>
        </annotation>
        <annotation annotator="Mike Bada, University of Colorado Anschutz Medical Campus" id="CL_basic_2014_02_21_Instance_42112" type="identity">
            <class id="CL:0002322" label="embryonic stem cell"/>
            <span end="10754" id="16628246-9182" start="10746">ES cells</span>
        </annotation>
        <annotation annotator="Mike Bada, University of Colorado Anschutz Medical Campus" id="CL_basic_2014_02_21_Instance_18827" type="identity">
            <class id="CL_GO_EXT:cell" label="cell"/>
            <span end="10797" id="16628246-8987" start="10793">cell</span>
        </annotation>
        <annotation annotator="Mike Bada, University of Colorado Anschutz Medical Campus" id="CL_basic_2014_02_21_Instance_18829" type="identity">
            <class id="CL_GO_EXT:cell" label="cell"/>
            <span end="10842" id="16628246-8989" start="10838">cell</span>
        </annotation>
        <annotation annotator="Mike Bada, University of Colorado Anschutz Medical Campus" id="CL_basic_2014_02_21_Instance_42114" type="identity">
            <class id="CL:0002322" label="embryonic stem cell"/>
            <span end="10934" id="16628246-9184" start="10926">ES cells</span>
        </annotation>
        <annotation annotator="Mike Bada, University of Colorado Anschutz Medical Campus" id="CL_basic_2014_02_21_Instance_42116" type="identity">
            <class id="CL:0002322" label="embryonic stem cell"/>
            <span end="11145" id="16628246-9186" start="11137">ES cells</span>
        </annotation>
        <annotation annotator="Mike Bada, University of Colorado Anschutz Medical Campus" id="CL_basic_2014_02_21_Instance_18835" type="identity">
            <class id="CL_GO_EXT:cell" label="cell"/>
            <span end="11191" id="16628246-8991" start="11187">cell</span>
        </annotation>
        <annotation annotator="Mike Bada, University of Colorado Anschutz Medical Campus" id="CL_basic_2014_02_21_Instance_42118" type="identity">
            <class id="CL:0002322" label="embryonic stem cell"/>
            <span end="11744" id="16628246-9188" start="11736">ES cells</span>
        </annotation>
        <annotation annotator="Mike Bada, University of Colorado Anschutz Medical Campus" id="CL_basic_2014_02_21_Instance_42120" type="identity">
            <class id="CL:0002322" label="embryonic stem cell"/>
            <span end="11790" id="16628246-9190" start="11782">ES cells</span>
        </annotation>
        <annotation annotator="Mike Bada, University of Colorado Anschutz Medical Campus" id="CL_basic_2014_02_21_Instance_42122" type="identity">
            <class id="CL:0002322" label="embryonic stem cell"/>
            <span end="11969" id="16628246-9192" start="11961">ES cells</span>
        </annotation>
        <annotation annotator="Mike Bada, University of Colorado Anschutz Medical Campus" id="CL_basic_2014_02_21_Instance_42124" type="identity">
            <class id="CL:0002322" label="embryonic stem cell"/>
            <span end="12176" id="16628246-9194" start="12169">ES cell</span>
        </annotation>
        <annotation annotator="Mike Bada, University of Colorado Anschutz Medical Campus" id="CL_basic_2014_02_21_Instance_42126" type="identity">
            <class id="CL:0002322" label="embryonic stem cell"/>
            <span end="12590" id="16628246-9196" start="12582">ES cells</span>
        </annotation>
        <annotation annotator="Mike Bada, University of Colorado Anschutz Medical Campus" id="CL_basic_2014_02_21_Instance_18847" type="identity">
            <class id="CL_GO_EXT:cell" label="cell"/>
            <span end="12863" id="16628246-8993" start="12858">cells</span>
        </annotation>
        <annotation annotator="Mike Bada, University of Colorado Anschutz Medical Campus" id="CL_basic_2014_02_21_Instance_42128" type="identity">
            <class id="CL:0002322" label="embryonic stem cell"/>
            <span end="13096" id="16628246-9198" start="13089">ES cell</span>
        </annotation>
        <annotation annotator="Mike Bada, University of Colorado Anschutz Medical Campus" id="CL_basic_2014_02_21_Instance_18851" type="identity">
            <class id="CL_GO_EXT:cell" label="cell"/>
            <span end="14327" id="16628246-8995" start="14323">cell</span>
        </annotation>
        <annotation annotator="Mike Bada, University of Colorado Anschutz Medical Campus" id="CL_basic_2014_02_21_Instance_42130" type="identity">
            <class id="CL:0002488" label="trophoblast giant cell"/>
            <span end="15979" id="16628246-9200" start="15956">trophoblast giant cells</span>
        </annotation>
        <annotation annotator="Mike Bada, University of Colorado Anschutz Medical Campus" id="CL_basic_2014_02_21_Instance_42132" type="identity">
            <class id="CL:0002488" label="trophoblast giant cell"/>
            <span end="15985" id="16628246-9202" start="15981">TGCs</span>
        </annotation>
        <annotation annotator="Mike Bada, University of Colorado Anschutz Medical Campus" id="CL_basic_2014_02_21_Instance_42134" type="identity">
            <class id="CL:0002488" label="trophoblast giant cell"/>
            <span end="16073" id="16628246-9204" start="16069">TGCs</span>
        </annotation>
        <annotation annotator="Mike Bada, University of Colorado Anschutz Medical Campus" id="CL_basic_2014_02_21_Instance_25503" type="identity">
            <class id="CL:0000445" label="apoptosis fated cell"/>
            <span end="17798" id="16628246-9095" start="17783">apoptotic cells</span>
        </annotation>
        <annotation annotator="Mike Bada, University of Colorado Anschutz Medical Campus" id="CL_basic_2014_02_21_Instance_42136" type="identity">
            <class id="CL:0002322" label="embryonic stem cell"/>
            <span end="18020" id="16628246-9206" start="18012">ES cells</span>
        </annotation>
        <annotation annotator="Mike Bada, University of Colorado Anschutz Medical Campus" id="CL_basic_2014_02_21_Instance_18855" type="identity">
            <class id="CL_GO_EXT:cell" label="cell"/>
            <span end="18176" id="16628246-8997" start="18171">cells</span>
        </annotation>
        <annotation annotator="Mike Bada, University of Colorado Anschutz Medical Campus" id="CL_basic_2014_02_21_Instance_18857" type="identity">
            <class id="CL_GO_EXT:cell" label="cell"/>
            <span end="18581" id="16628246-8999" start="18576">cells</span>
        </annotation>
        <annotation annotator="Mike Bada, University of Colorado Anschutz Medical Campus" id="CL_basic_2014_02_21_Instance_42138" type="identity">
            <class id="CL:0002322" label="embryonic stem cell"/>
            <span end="18937" id="16628246-9208" start="18929">ES cells</span>
        </annotation>
        <annotation annotator="Mike Bada, University of Colorado Anschutz Medical Campus" id="CL_basic_2014_02_21_Instance_42140" type="identity">
            <class id="CL:0002322" label="embryonic stem cell"/>
            <span end="19020" id="16628246-9210" start="19013">ES cell</span>
        </annotation>
        <annotation annotator="Mike Bada, University of Colorado Anschutz Medical Campus" id="CL_basic_2014_02_21_Instance_25507" type="identity">
            <class id="CL_GO_EXT:cell" label="cell"/>
            <span end="19203" id="16628246-9099" start="19199">cell</span>
        </annotation>
        <annotation annotator="Mike Bada, University of Colorado Anschutz Medical Campus" id="CL_basic_2014_02_21_Instance_42142" type="identity">
            <class id="CL:0002488" label="trophoblast giant cell"/>
            <span end="20076" id="16628246-9212" start="20072">TGCs</span>
        </annotation>
        <annotation annotator="Mike Bada, University of Colorado Anschutz Medical Campus" id="CL_basic_2014_02_21_Instance_18863" type="identity">
            <class id="CL_GO_EXT:cell" label="cell"/>
            <span end="20113" id="16628246-9001" start="20108">cells</span>
        </annotation>
        <annotation annotator="Mike Bada, University of Colorado Anschutz Medical Campus" id="CL_basic_2014_02_21_Instance_18865" type="identity">
            <class id="CL:0000351" label="trophoblast cell"/>
            <span end="20224" id="16628246-9003" start="20207">trophoblast cells</span>
        </annotation>
        <annotation annotator="Mike Bada, University of Colorado Anschutz Medical Campus" id="CL_basic_2014_02_21_Instance_18867" type="identity">
            <class id="CL_GO_EXT:cell" label="cell"/>
            <span end="20319" id="16628246-9005" start="20314">cells</span>
        </annotation>
        <annotation annotator="Mike Bada, University of Colorado Anschutz Medical Campus" id="CL_basic_2014_02_21_Instance_42252" type="identity">
            <class id="CL:0002488" label="trophoblast giant cell"/>
            <span end="20630" id="16628246-9318" start="20627">TGC</span>
        </annotation>
        <annotation annotator="Mike Bada, University of Colorado Anschutz Medical Campus" id="CL_basic_2014_02_21_Instance_42144" type="identity">
            <class id="CL:0002488" label="trophoblast giant cell"/>
            <span end="20744" id="16628246-9214" start="20733">giant cells</span>
        </annotation>
        <annotation annotator="Mike Bada, University of Colorado Anschutz Medical Campus" id="CL_basic_2014_02_21_Instance_42156" type="identity">
            <class id="CL:0002498" label="secondary trophoblast giant cell"/>
            <span end="20893" id="16628246-9224" start="20879">secondary TGCs</span>
        </annotation>
        <annotation annotator="Mike Bada, University of Colorado Anschutz Medical Campus" id="CL_basic_2014_02_21_Instance_18871" type="identity">
            <class id="CL_GO_EXT:cell" label="cell"/>
            <span end="21028" id="16628246-9007" start="21024">cell</span>
        </annotation>
        <annotation annotator="Mike Bada, University of Colorado Anschutz Medical Campus" id="CL_basic_2014_02_21_Instance_42148" type="identity">
            <class id="CL:0002497" label="primary trophoblast giant cell"/>
            <span end="21100" id="16628246-9216" start="21088">primary TGCs</span>
        </annotation>
        <annotation annotator="Mike Bada, University of Colorado Anschutz Medical Campus" id="CL_basic_2014_02_21_Instance_18873" type="identity">
            <class id="CL:0000351" label="trophoblast cell"/>
            <span end="21647" id="16628246-9009" start="21630">trophoblast cells</span>
        </annotation>
        <annotation annotator="Mike Bada, University of Colorado Anschutz Medical Campus" id="CL_basic_2014_02_21_Instance_18875" type="identity">
            <class id="CL_GO_EXT:cell" label="cell"/>
            <span end="21681" id="16628246-9011" start="21677">cell</span>
        </annotation>
        <annotation annotator="Mike Bada, University of Colorado Anschutz Medical Campus" id="CL_basic_2014_02_21_Instance_42150" type="identity">
            <class id="CL:0002498" label="secondary trophoblast giant cell"/>
            <span end="22081" id="16628246-9218" start="22061">secondary giant cell</span>
        </annotation>
        <annotation annotator="Mike Bada, University of Colorado Anschutz Medical Campus" id="CL_basic_2014_02_21_Instance_18879" type="identity">
            <class id="CL_GO_EXT:cell" label="cell"/>
            <span end="23684" id="16628246-9013" start="23680">cell</span>
        </annotation>
        <annotation annotator="Mike Bada, University of Colorado Anschutz Medical Campus" id="CL_basic_2014_02_21_Instance_42152" type="identity">
            <class id="CL_GO_EXT:cell" label="cell"/>
            <span end="24939" id="16628246-9220" start="24935">cell</span>
        </annotation>
        <annotation annotator="Mike Bada, University of Colorado Anschutz Medical Campus" id="CL_basic_2014_02_21_Instance_18881" type="identity">
            <class id="CL_GO_EXT:cell" label="cell"/>
            <span end="25145" id="16628246-9015" start="25140">cells</span>
        </annotation>
        <annotation annotator="Mike Bada, University of Colorado Anschutz Medical Campus" id="CL_basic_2014_02_21_Instance_18883" type="identity">
            <class id="CL_GO_EXT:cell" label="cell"/>
            <span end="25227" id="16628246-9017" start="25222">cells</span>
        </annotation>
        <annotation annotator="Mike Bada, University of Colorado Anschutz Medical Campus" id="CL_basic_2014_02_21_Instance_25511" type="identity">
            <class id="CL:0000221" label="ectodermal cell"/>
            <span end="25610" id="16628246-9101" start="25602">cells of</span>
            <span end="25633" id="16628246-9102" start="25625">ectoderm</span>
        </annotation>
        <annotation annotator="Mike Bada, University of Colorado Anschutz Medical Campus" id="CL_basic_2014_02_21_Instance_42254" type="identity">
            <class id="CL:0002488" label="trophoblast giant cell"/>
            <span end="25727" id="16628246-9320" start="25723">TGCs</span>
        </annotation>
        <annotation annotator="Mike Bada, University of Colorado Anschutz Medical Campus" id="CL_basic_2014_02_21_Instance_42154" type="identity">
            <class id="CL:0002322" label="embryonic stem cell"/>
            <span end="26297" id="16628246-9222" start="26289">ES cells</span>
        </annotation>
        <annotation annotator="Mike Bada, University of Colorado Anschutz Medical Campus" id="CL_basic_2014_02_21_Instance_42158" type="identity">
            <class id="CL:0002322" label="embryonic stem cell"/>
            <span end="26374" id="16628246-9226" start="26366">ES Cells</span>
        </annotation>
        <annotation annotator="Mike Bada, University of Colorado Anschutz Medical Campus" id="CL_basic_2014_02_21_Instance_42160" type="identity">
            <class id="CL:0002322" label="embryonic stem cell"/>
            <span end="26393" id="16628246-9228" start="26385">ES cells</span>
        </annotation>
        <annotation annotator="Mike Bada, University of Colorado Anschutz Medical Campus" id="CL_basic_2014_02_21_Instance_42162" type="identity">
            <class id="CL:0002322" label="embryonic stem cell"/>
            <span end="26594" id="16628246-9230" start="26586">ES cells</span>
        </annotation>
        <annotation annotator="Mike Bada, University of Colorado Anschutz Medical Campus" id="CL_basic_2014_02_21_Instance_18893" type="identity">
            <class id="CL_GO_EXT:cell" label="cell"/>
            <span end="26684" id="16628246-9019" start="26679">cells</span>
        </annotation>
        <annotation annotator="Mike Bada, University of Colorado Anschutz Medical Campus" id="CL_basic_2014_02_21_Instance_42164" type="identity">
            <class id="CL:0002322" label="embryonic stem cell"/>
            <span end="26788" id="16628246-9232" start="26780">ES cells</span>
        </annotation>
        <annotation annotator="Mike Bada, University of Colorado Anschutz Medical Campus" id="CL_basic_2014_02_21_Instance_42166" type="identity">
            <class id="CL:0002322" label="embryonic stem cell"/>
            <span end="26894" id="16628246-9234" start="26886">ES cells</span>
        </annotation>
        <annotation annotator="Mike Bada, University of Colorado Anschutz Medical Campus" id="CL_basic_2014_02_21_Instance_18899" type="identity">
            <class id="CL_GO_EXT:cell" label="cell"/>
            <span end="27100" id="16628246-9021" start="27095">cells</span>
        </annotation>
        <annotation annotator="Mike Bada, University of Colorado Anschutz Medical Campus" id="CL_basic_2014_02_21_Instance_42168" type="identity">
            <class id="CL:0002322" label="embryonic stem cell"/>
            <span end="27628" id="16628246-9236" start="27620">ES cells</span>
        </annotation>
        <annotation annotator="Mike Bada, University of Colorado Anschutz Medical Campus" id="CL_basic_2014_02_21_Instance_18903" type="identity">
            <class id="CL_GO_EXT:cell" label="cell"/>
            <span end="27746" id="16628246-9023" start="27742">cell</span>
        </annotation>
        <annotation annotator="Mike Bada, University of Colorado Anschutz Medical Campus" id="CL_basic_2014_02_21_Instance_42170" type="identity">
            <class id="CL:0002488" label="trophoblast giant cell"/>
            <span end="28375" id="16628246-9238" start="28371">TGCs</span>
        </annotation>
        <annotation annotator="Mike Bada, University of Colorado Anschutz Medical Campus" id="CL_basic_2014_02_21_Instance_26103" type="identity">
            <class id="CL:0000415" label="diploid cell"/>
            <span end="28483" id="16628246-9130" start="28476">diploid</span>
            <span end="28494" id="16628246-9131" start="28490">cell</span>
        </annotation>
        <annotation annotator="Mike Bada, University of Colorado Anschutz Medical Campus" id="CL_basic_2014_02_21_Instance_42172" type="identity">
            <class id="CL:0002488" label="trophoblast giant cell"/>
            <span end="28494" id="16628246-9240" start="28484">giant cell</span>
        </annotation>
        <annotation annotator="Mike Bada, University of Colorado Anschutz Medical Campus" id="CL_basic_2014_02_21_Instance_42174" type="identity">
            <class id="CL:0002488" label="trophoblast giant cell"/>
            <span end="28516" id="16628246-9242" start="28512">TGCs</span>
        </annotation>
        <annotation annotator="Mike Bada, University of Colorado Anschutz Medical Campus" id="CL_basic_2014_02_21_Instance_18905" type="identity">
            <class id="CL_GO_EXT:cell" label="cell"/>
            <span end="28561" id="16628246-9025" start="28556">cells</span>
        </annotation>
        <annotation annotator="Mike Bada, University of Colorado Anschutz Medical Campus" id="CL_basic_2014_02_21_Instance_18907" type="identity">
            <class id="CL_GO_EXT:cell" label="cell"/>
            <span end="28677" id="16628246-9027" start="28672">cells</span>
        </annotation>
        <annotation annotator="Mike Bada, University of Colorado Anschutz Medical Campus" id="CL_basic_2014_02_21_Instance_18909" type="identity">
            <class id="CL_GO_EXT:cell" label="cell"/>
            <span end="28726" id="16628246-9029" start="28721">cells</span>
        </annotation>
        <annotation annotator="Mike Bada, University of Colorado Anschutz Medical Campus" id="CL_basic_2014_02_21_Instance_42256" type="identity">
            <class id="CL:0002488" label="trophoblast giant cell"/>
            <span end="29047" id="16628246-9322" start="29044">TGC</span>
        </annotation>
        <annotation annotator="Mike Bada, University of Colorado Anschutz Medical Campus" id="CL_basic_2014_02_21_Instance_18911" type="identity">
            <class id="CL:0000542" label="lymphocyte"/>
            <span end="30019" id="16628246-9031" start="30008">lymphocytes</span>
        </annotation>
        <annotation annotator="Mike Bada, University of Colorado Anschutz Medical Campus" id="CL_basic_2014_02_21_Instance_25513" type="identity">
            <class id="CL:0000540" label="neuron"/>
            <span end="31216" id="16628246-9104" start="31208">neuronal</span>
        </annotation>
        <annotation annotator="Mike Bada, University of Colorado Anschutz Medical Campus" id="CL_basic_2014_02_21_Instance_18913" type="identity">
            <class id="CL_GO_EXT:cell" label="cell"/>
            <span end="31406" id="16628246-9033" start="31401">cells</span>
        </annotation>
        <annotation annotator="Mike Bada, University of Colorado Anschutz Medical Campus" id="CL_basic_2014_02_21_Instance_18915" type="identity">
            <class id="CL_GO_EXT:cell" label="cell"/>
            <span end="31537" id="16628246-9035" start="31532">cells</span>
        </annotation>
        <annotation annotator="Mike Bada, University of Colorado Anschutz Medical Campus" id="CL_basic_2014_02_21_Instance_25515" type="identity">
            <class id="CL:0000351" label="trophoblast cell"/>
            <span end="32035" id="16628246-9106" start="32024">trophoblast</span>
            <span end="32046" id="16628246-9107" start="32041">cells</span>
        </annotation>
        <annotation annotator="Mike Bada, University of Colorado Anschutz Medical Campus" id="CL_basic_2014_02_21_Instance_18917" type="identity">
            <class id="CL:0000034" label="stem cell"/>
            <span end="32046" id="16628246-9037" start="32036">stem cells</span>
        </annotation>
        <annotation annotator="Mike Bada, University of Colorado Anschutz Medical Campus" id="CL_basic_2014_02_21_Instance_18919" type="identity">
            <class id="CL:0000034" label="stem cell"/>
            <span end="32077" id="16628246-9039" start="32068">stem cell</span>
        </annotation>
        <annotation annotator="Mike Bada, University of Colorado Anschutz Medical Campus" id="CL_basic_2014_02_21_Instance_42258" type="identity">
            <class id="CL:0002488" label="trophoblast giant cell"/>
            <span end="32828" id="16628246-9324" start="32824">TGCs</span>
        </annotation>
        <annotation annotator="Mike Bada, University of Colorado Anschutz Medical Campus" id="CL_basic_2014_02_21_Instance_42178" type="identity">
            <class id="CL:0002498" label="secondary trophoblast giant cell"/>
            <span end="33015" id="16628246-9244" start="32995">secondary giant cell</span>
        </annotation>
        <annotation annotator="Mike Bada, University of Colorado Anschutz Medical Campus" id="CL_basic_2014_02_21_Instance_42180" type="identity">
            <class id="CL:0002498" label="secondary trophoblast giant cell"/>
            <span end="33160" id="16628246-9246" start="33146">secondary TGCs</span>
        </annotation>
        <annotation annotator="Mike Bada, University of Colorado Anschutz Medical Campus" id="CL_basic_2014_02_21_Instance_18923" type="identity">
            <class id="CL:0000351" label="trophoblast cell"/>
            <span end="33198" id="16628246-9041" start="33181">trophoblast cells</span>
        </annotation>
        <annotation annotator="Mike Bada, University of Colorado Anschutz Medical Campus" id="CL_basic_2014_02_21_Instance_18925" type="identity">
            <class id="CL:0000540" label="neuron"/>
            <span end="33759" id="16628246-9043" start="33752">neurons</span>
        </annotation>
        <annotation annotator="Mike Bada, University of Colorado Anschutz Medical Campus" id="CL_basic_2014_02_21_Instance_42184" type="identity">
            <class id="CL:0002498" label="secondary trophoblast giant cell"/>
            <span end="33784" id="16628246-9250" start="33770">secondary TGCs</span>
        </annotation>
        <annotation annotator="Mike Bada, University of Colorado Anschutz Medical Campus" id="CL_basic_2014_02_21_Instance_70239" type="identity">
            <class id="CL:0000764" label="erythroid lineage cell"/>
            <span end="34273" id="16628246-9328" start="34264">erythroid</span>
        </annotation>
        <annotation annotator="Mike Bada, University of Colorado Anschutz Medical Campus" id="CL_basic_2014_02_21_Instance_18927" type="identity">
            <class id="CL_GO_EXT:cell" label="cell"/>
            <span end="35921" id="16628246-9045" start="35917">cell</span>
        </annotation>
        <annotation annotator="Mike Bada, University of Colorado Anschutz Medical Campus" id="CL_basic_2014_02_21_Instance_42182" type="identity">
            <class id="CL_GO_EXT:cell" label="cell"/>
            <span end="35999" id="16628246-9248" start="35994">cells</span>
        </annotation>
        <annotation annotator="Mike Bada, University of Colorado Anschutz Medical Campus" id="CL_basic_2014_02_21_Instance_25517" type="identity">
            <class id="CL:0000351" label="trophoblast cell"/>
            <span end="36575" id="16628246-9109" start="36564">trophoblast</span>
            <span end="36585" id="16628246-9110" start="36581">cell</span>
        </annotation>
        <annotation annotator="Mike Bada, University of Colorado Anschutz Medical Campus" id="CL_basic_2014_02_21_Instance_18929" type="identity">
            <class id="CL:0000034" label="stem cell"/>
            <span end="36585" id="16628246-9047" start="36576">stem cell</span>
        </annotation>
        <annotation annotator="Mike Bada, University of Colorado Anschutz Medical Campus" id="CL_basic_2014_02_21_Instance_18931" type="identity">
            <class id="CL_GO_EXT:cell" label="cell"/>
            <span end="37069" id="16628246-9049" start="37064">cells</span>
        </annotation>
        <annotation annotator="Mike Bada, University of Colorado Anschutz Medical Campus" id="CL_basic_2014_02_21_Instance_18933" type="identity">
            <class id="CL_GO_EXT:cell" label="cell"/>
            <span end="37192" id="16628246-9051" start="37187">cells</span>
        </annotation>
        <annotation annotator="Mike Bada, University of Colorado Anschutz Medical Campus" id="CL_basic_2014_02_21_Instance_18935" type="identity">
            <class id="CL:0000349" label="extraembryonic cell"/>
            <span end="37506" id="16628246-9053" start="37486">extraembryonic cells</span>
        </annotation>
        <annotation annotator="Mike Bada, University of Colorado Anschutz Medical Campus" id="CL_basic_2014_02_21_Instance_18937" type="identity">
            <class id="CL:0000349" label="extraembryonic cell"/>
            <span end="37582" id="16628246-9055" start="37562">extraembryonic cells</span>
        </annotation>
        <annotation annotator="Mike Bada, University of Colorado Anschutz Medical Campus" id="CL_basic_2014_02_21_Instance_25519" type="identity">
            <class id="CL_GO_EXT:cell" label="cell"/>
            <span end="37778" id="16628246-9112" start="37770">cellular</span>
        </annotation>
        <annotation annotator="Mike Bada, University of Colorado Anschutz Medical Campus" id="CL_basic_2014_02_21_Instance_18939" type="identity">
            <class id="CL_GO_EXT:cell" label="cell"/>
            <span end="37888" id="16628246-9057" start="37883">cells</span>
        </annotation>
        <annotation annotator="Mike Bada, University of Colorado Anschutz Medical Campus" id="CL_basic_2014_02_21_Instance_18941" type="identity">
            <class id="CL_GO_EXT:cell" label="cell"/>
            <span end="37962" id="16628246-9059" start="37958">cell</span>
        </annotation>
        <annotation annotator="Mike Bada, University of Colorado Anschutz Medical Campus" id="CL_basic_2014_02_21_Instance_18943" type="identity">
            <class id="CL_GO_EXT:cell" label="cell"/>
            <span end="38424" id="16628246-9061" start="38419">cells</span>
        </annotation>
        <annotation annotator="Mike Bada, University of Colorado Anschutz Medical Campus" id="CL_basic_2014_02_21_Instance_18945" type="identity">
            <class id="CL_GO_EXT:cell" label="cell"/>
            <span end="38781" id="16628246-9063" start="38776">cells</span>
        </annotation>
        <annotation annotator="Mike Bada, University of Colorado Anschutz Medical Campus" id="CL_basic_2014_02_21_Instance_18947" type="identity">
            <class id="CL_GO_EXT:cell" label="cell"/>
            <span end="38837" id="16628246-9065" start="38832">cells</span>
        </annotation>
        <annotation annotator="Mike Bada, University of Colorado Anschutz Medical Campus" id="CL_basic_2014_02_21_Instance_18949" type="identity">
            <class id="CL_GO_EXT:cell" label="cell"/>
            <span end="39439" id="16628246-9067" start="39435">cell</span>
        </annotation>
        <annotation annotator="Mike Bada, University of Colorado Anschutz Medical Campus" id="CL_basic_2014_02_21_Instance_18951" type="identity">
            <class id="CL:0000540" label="neuron"/>
            <span end="39826" id="16628246-9069" start="39819">neurons</span>
        </annotation>
        <annotation annotator="Mike Bada, University of Colorado Anschutz Medical Campus" id="CL_basic_2014_02_21_Instance_42186" type="identity">
            <class id="CL:0002322" label="embryonic stem cell"/>
            <span end="40257" id="16628246-9252" start="40249">ES cells</span>
        </annotation>
        <annotation annotator="Mike Bada, University of Colorado Anschutz Medical Campus" id="CL_basic_2014_02_21_Instance_42188" type="identity">
            <class id="CL:0002322" label="embryonic stem cell"/>
            <span end="40600" id="16628246-9254" start="40592">ES cells</span>
        </annotation>
        <annotation annotator="Mike Bada, University of Colorado Anschutz Medical Campus" id="CL_basic_2014_02_21_Instance_42190" type="identity">
            <class id="CL:0002322" label="embryonic stem cell"/>
            <span end="41321" id="16628246-9256" start="41313">ES cells</span>
        </annotation>
        <annotation annotator="Mike Bada, University of Colorado Anschutz Medical Campus" id="CL_basic_2014_02_21_Instance_42192" type="identity">
            <class id="CL:0002322" label="embryonic stem cell"/>
            <span end="41351" id="16628246-9258" start="41344">ES cell</span>
        </annotation>
        <annotation annotator="Mike Bada, University of Colorado Anschutz Medical Campus" id="CL_basic_2014_02_21_Instance_18961" type="identity">
            <class id="CL_GO_EXT:cell" label="cell"/>
            <span end="41401" id="16628246-9071" start="41396">cells</span>
        </annotation>
        <annotation annotator="Mike Bada, University of Colorado Anschutz Medical Campus" id="CL_basic_2014_02_21_Instance_18963" type="identity">
            <class id="CL_GO_EXT:cell" label="cell"/>
            <span end="41532" id="16628246-9073" start="41527">cells</span>
        </annotation>
        <annotation annotator="Mike Bada, University of Colorado Anschutz Medical Campus" id="CL_basic_2014_02_21_Instance_18965" type="identity">
            <class id="CL_GO_EXT:cell" label="cell"/>
            <span end="42501" id="16628246-9075" start="42497">cell</span>
        </annotation>
        <annotation annotator="Mike Bada, University of Colorado Anschutz Medical Campus" id="CL_basic_2014_02_21_Instance_42194" type="identity">
            <class id="CL:0002322" label="embryonic stem cell"/>
            <span end="42604" id="16628246-9260" start="42597">ES cell</span>
        </annotation>
        <annotation annotator="Mike Bada, University of Colorado Anschutz Medical Campus" id="CL_basic_2014_02_21_Instance_42196" type="identity">
            <class id="CL:0002322" label="embryonic stem cell"/>
            <span end="43569" id="16628246-9262" start="43562">ES cell</span>
        </annotation>
        <annotation annotator="Mike Bada, University of Colorado Anschutz Medical Campus" id="CL_basic_2014_02_21_Instance_25521" type="identity">
            <class id="CL:0000445" label="apoptosis fated cell"/>
            <span end="45120" id="16628246-9114" start="45105">apoptotic cells</span>
        </annotation>
        <annotation annotator="Mike Bada, University of Colorado Anschutz Medical Campus" id="CL_basic_2014_02_21_Instance_18971" type="identity">
            <class id="CL_GO_EXT:cell" label="cell"/>
            <span end="45152" id="16628246-9077" start="45148">cell</span>
        </annotation>
        <annotation annotator="Mike Bada, University of Colorado Anschutz Medical Campus" id="CL_basic_2014_02_21_Instance_18973" type="identity">
            <class id="CL_GO_EXT:cell" label="cell"/>
            <span end="46309" id="16628246-9079" start="46305">Cell</span>
        </annotation>
        <annotation annotator="Mike Bada, University of Colorado Anschutz Medical Campus" id="CL_basic_2014_02_21_Instance_42198" type="identity">
            <class id="CL:0002322" label="embryonic stem cell"/>
            <span end="46363" id="16628246-9264" start="46355">ES Cells</span>
        </annotation>
        <annotation annotator="Mike Bada, University of Colorado Anschutz Medical Campus" id="CL_basic_2014_02_21_Instance_42200" type="identity">
            <class id="CL:0002322" label="embryonic stem cell"/>
            <span end="46421" id="16628246-9266" start="46413">ES cells</span>
        </annotation>
        <annotation annotator="Mike Bada, University of Colorado Anschutz Medical Campus" id="CL_basic_2014_02_21_Instance_18979" type="identity">
            <class id="CL_GO_EXT:cell" label="cell"/>
            <span end="46631" id="16628246-9081" start="46626">cells</span>
        </annotation>
        <annotation annotator="Mike Bada, University of Colorado Anschutz Medical Campus" id="CL_basic_2014_02_21_Instance_18981" type="identity">
            <class id="CL_GO_EXT:cell" label="cell"/>
            <span end="46745" id="16628246-9083" start="46741">cell</span>
        </annotation>
        <annotation annotator="Mike Bada, University of Colorado Anschutz Medical Campus" id="CL_basic_2014_02_21_Instance_18983" type="identity">
            <class id="CL_GO_EXT:cell" label="cell"/>
            <span end="46841" id="16628246-9085" start="46836">cells</span>
        </annotation>
        <annotation annotator="Mike Bada, University of Colorado Anschutz Medical Campus" id="CL_basic_2014_02_21_Instance_25557" type="identity">
            <class id="CL_GO_EXT:cell" label="cell"/>
            <span end="46865" id="16628246-9128" start="46861">cell</span>
        </annotation>
        <annotation annotator="Mike Bada, University of Colorado Anschutz Medical Campus" id="CL_basic_2014_02_21_Instance_42202" type="identity">
            <class id="CL:0002322" label="embryonic stem cell"/>
            <span end="46926" id="16628246-9268" start="46918">ES cells</span>
        </annotation>
        <annotation annotator="Mike Bada, University of Colorado Anschutz Medical Campus" id="CL_basic_2014_02_21_Instance_42204" type="identity">
            <class id="CL:0002322" label="embryonic stem cell"/>
            <span end="47273" id="16628246-9270" start="47266">ES cell</span>
        </annotation>
        <annotation annotator="Mike Bada, University of Colorado Anschutz Medical Campus" id="CL_basic_2014_02_21_Instance_42206" type="identity">
            <class id="CL:0002322" label="embryonic stem cell"/>
            <span end="47441" id="16628246-9272" start="47433">ES Cells</span>
        </annotation>
        <annotation annotator="Mike Bada, University of Colorado Anschutz Medical Campus" id="CL_basic_2014_02_21_Instance_42208" type="identity">
            <class id="CL:0002322" label="embryonic stem cell"/>
            <span end="47468" id="16628246-9274" start="47460">ES cells</span>
        </annotation>
        <annotation annotator="Mike Bada, University of Colorado Anschutz Medical Campus" id="CL_basic_2014_02_21_Instance_42210" type="identity">
            <class id="CL:0002322" label="embryonic stem cell"/>
            <span end="47919" id="16628246-9276" start="47911">ES Cells</span>
        </annotation>
        <annotation annotator="Mike Bada, University of Colorado Anschutz Medical Campus" id="CL_basic_2014_02_21_Instance_42212" type="identity">
            <class id="CL:0002322" label="embryonic stem cell"/>
            <span end="48043" id="16628246-9278" start="48035">ES cells</span>
        </annotation>
        <annotation annotator="Mike Bada, University of Colorado Anschutz Medical Campus" id="CL_basic_2014_02_21_Instance_42214" type="identity">
            <class id="CL:0002322" label="embryonic stem cell"/>
            <span end="48477" id="16628246-9280" start="48469">ES cells</span>
        </annotation>
        <annotation annotator="Mike Bada, University of Colorado Anschutz Medical Campus" id="CL_basic_2014_02_21_Instance_42216" type="identity">
            <class id="CL:0002322" label="embryonic stem cell"/>
            <span end="48543" id="16628246-9282" start="48535">ES cells</span>
        </annotation>
        <annotation annotator="Mike Bada, University of Colorado Anschutz Medical Campus" id="CL_basic_2014_02_21_Instance_19001" type="identity">
            <class id="CL_GO_EXT:cell" label="cell"/>
            <span end="48794" id="16628246-9087" start="48790">cell</span>
        </annotation>
        <annotation annotator="Mike Bada, University of Colorado Anschutz Medical Campus" id="CL_basic_2014_02_21_Instance_19003" type="identity">
            <class id="CL_GO_EXT:cell" label="cell"/>
            <span end="49511" id="16628246-9089" start="49506">cells</span>
        </annotation>
        <annotation annotator="Mike Bada, University of Colorado Anschutz Medical Campus" id="CL_basic_2014_02_21_Instance_42218" type="identity">
            <class id="CL:0002322" label="embryonic stem cell"/>
            <span end="51026" id="16628246-9284" start="51018">ES cells</span>
        </annotation>
        <annotation annotator="Mike Bada, University of Colorado Anschutz Medical Campus" id="CL_basic_2014_02_21_Instance_42220" type="identity">
            <class id="CL:0002322" label="embryonic stem cell"/>
            <span end="51314" id="16628246-9286" start="51306">ES cells</span>
        </annotation>
        <annotation annotator="Mike Bada, University of Colorado Anschutz Medical Campus" id="CL_basic_2014_02_21_Instance_42222" type="identity">
            <class id="CL:0002322" label="embryonic stem cell"/>
            <span end="51337" id="16628246-9288" start="51317">embryonic stem cells</span>
        </annotation>
        <annotation annotator="Mike Bada, University of Colorado Anschutz Medical Campus" id="CL_basic_2014_02_21_Instance_42224" type="identity">
            <class id="CL:0002488" label="trophoblast giant cell"/>
            <span end="51397" id="16628246-9290" start="51394">TGC</span>
        </annotation>
        <annotation annotator="Mike Bada, University of Colorado Anschutz Medical Campus" id="CL_basic_2014_02_21_Instance_42226" type="identity">
            <class id="CL:0002488" label="trophoblast giant cell"/>
            <span end="51422" id="16628246-9292" start="51400">trophoblast giant cell</span>
        </annotation>
        <annotation annotator="Mike Bada, University of Colorado Anschutz Medical Campus" id="CL_basic_2014_02_21_Instance_42228" type="identity">
            <class id="CL:0002322" label="embryonic stem cell"/>
            <span end="52462" id="16628246-9294" start="52454">ES Cells</span>
        </annotation>
        <annotation annotator="Mike Bada, University of Colorado Anschutz Medical Campus" id="CL_basic_2014_02_21_Instance_42230" type="identity">
            <class id="CL:0002322" label="embryonic stem cell"/>
            <span end="53385" id="16628246-9296" start="53377">ES cells</span>
        </annotation>
        <annotation annotator="Mike Bada, University of Colorado Anschutz Medical Campus" id="CL_basic_2014_02_21_Instance_42232" type="identity">
            <class id="CL:0002322" label="embryonic stem cell"/>
            <span end="53411" id="16628246-9298" start="53404">ES cell</span>
        </annotation>
        <annotation annotator="Mike Bada, University of Colorado Anschutz Medical Campus" id="CL_basic_2014_02_21_Instance_42234" type="identity">
            <class id="CL:0002322" label="embryonic stem cell"/>
            <span end="53766" id="16628246-9300" start="53758">ES cells</span>
        </annotation>
        <annotation annotator="Mike Bada, University of Colorado Anschutz Medical Campus" id="CL_basic_2014_02_21_Instance_42236" type="identity">
            <class id="CL:0002322" label="embryonic stem cell"/>
            <span end="53792" id="16628246-9302" start="53785">ES cell</span>
        </annotation>
        <annotation annotator="Mike Bada, University of Colorado Anschutz Medical Campus" id="CL_basic_2014_02_21_Instance_42238" type="identity">
            <class id="CL:0002322" label="embryonic stem cell"/>
            <span end="54128" id="16628246-9304" start="54120">ES cells</span>
        </annotation>
        <annotation annotator="Mike Bada, University of Colorado Anschutz Medical Campus" id="CL_basic_2014_02_21_Instance_25545" type="identity">
            <class id="CL_GO_EXT:cell" label="cell"/>
            <span end="54458" id="16628246-9126" start="54454">cell</span>
        </annotation>
        <annotation annotator="Mike Bada, University of Colorado Anschutz Medical Campus" id="CL_basic_2014_02_21_Instance_42240" type="identity">
            <class id="CL:0002322" label="embryonic stem cell"/>
            <span end="54735" id="16628246-9306" start="54727">ES Cells</span>
        </annotation>
        <annotation annotator="Mike Bada, University of Colorado Anschutz Medical Campus" id="CL_basic_2014_02_21_Instance_42242" type="identity">
            <class id="CL:0002322" label="embryonic stem cell"/>
            <span end="54801" id="16628246-9308" start="54793">ES cells</span>
        </annotation>
        <annotation annotator="Mike Bada, University of Colorado Anschutz Medical Campus" id="CL_basic_2014_02_21_Instance_25539" type="identity">
            <class id="CL_GO_EXT:cell" label="cell"/>
            <span end="54950" id="16628246-9124" start="54945">cells</span>
        </annotation>
        <annotation annotator="Mike Bada, University of Colorado Anschutz Medical Campus" id="CL_basic_2014_02_21_Instance_42244" type="identity">
            <class id="CL:0002322" label="embryonic stem cell"/>
            <span end="55764" id="16628246-9310" start="55756">ES cells</span>
        </annotation>
        <annotation annotator="Mike Bada, University of Colorado Anschutz Medical Campus" id="CL_basic_2014_02_21_Instance_25535" type="identity">
            <class id="CL_GO_EXT:cell" label="cell"/>
            <span end="56591" id="16628246-9122" start="56587">cell</span>
        </annotation>
        <annotation annotator="Mike Bada, University of Colorado Anschutz Medical Campus" id="CL_basic_2014_02_21_Instance_25533" type="identity">
            <class id="CL_GO_EXT:cell" label="cell"/>
            <span end="56725" id="16628246-9120" start="56720">cells</span>
        </annotation>
        <annotation annotator="Mike Bada, University of Colorado Anschutz Medical Campus" id="CL_basic_2014_02_21_Instance_42246" type="identity">
            <class id="CL:0002488" label="trophoblast giant cell"/>
            <span end="57985" id="16628246-9312" start="57982">tgc</span>
        </annotation>
        <annotation annotator="Mike Bada, University of Colorado Anschutz Medical Campus" id="CL_basic_2014_02_21_Instance_42248" type="identity">
            <class id="CL:0002488" label="trophoblast giant cell"/>
            <span end="58009" id="16628246-9314" start="57987">trophoblast giant cell</span>
        </annotation>
        <annotation annotator="Mike Bada, University of Colorado Anschutz Medical Campus" id="CL_basic_2014_02_21_Instance_25529" type="identity">
            <class id="CL:0000445" label="apoptosis fated cell"/>
            <span end="58472" id="16628246-9118" start="58457">apoptotic cells</span>
        </annotation>
        <annotation annotator="Mike Bada, University of Colorado Anschutz Medical Campus" id="CL_basic_2014_02_21_Instance_42260" type="identity">
            <class id="CL:0002488" label="trophoblast giant cell"/>
            <span end="59724" id="16628246-9326" start="59720">TGCs</span>
        </annotation>
        <annotation annotator="Mike Bada, University of Colorado Anschutz Medical Campus" id="CL_basic_2014_02_21_Instance_42250" type="identity">
            <class id="CL:0002488" label="trophoblast giant cell"/>
            <span end="59937" id="16628246-9316" start="59933">TGCs</span>
        </annotation>
        <annotation annotator="Mike Bada, University of Colorado Anschutz Medical Campus" id="CL_basic_2014_02_21_Instance_25527" type="identity">
            <class id="CL_GO_EXT:cell" label="cell"/>
            <span end="60363" id="16628246-9116" start="60359">cell</span>
        </annotation>
        <graph-space id="Old Knowtator Relations"/>
    </document>
</knowtator-project>
