<?xml version="1.0" encoding="UTF-8" standalone="no"?>
<knowtator-project>
  <document id="16670015" text-file="16670015.txt">
    <annotation annotator="Mike Bada, University of Colorado Anschutz Medical Campus" id="CL_basic_2014_02_21_plus_nested_Instance_50161" type="identity">
      <class id="CL_GO_EXT:cell" label="cell"/>
      <span end="29900" id="16670015-9338" start="29892">cellular</span>
    </annotation>
    <annotation annotator="Mike Bada, University of Colorado Anschutz Medical Campus" id="CL_basic_2014_02_21_Instance_19011" type="identity">
      <class id="CL:0000169" label="type B pancreatic cell"/>
      <span end="31251" id="16670015-9336" start="31231">pancreatic beta cell</span>
    </annotation>
    <graph-space id="Old Knowtator Relations"/>
  </document>
</knowtator-project>
