<?xml version="1.0" encoding="UTF-8" standalone="no"?>
<knowtator-project>
    <document id="16700629" text-file="16700629.txt">
        <annotation annotator="Mike Bada, University of Colorado Anschutz Medical Campus" id="CL_basic_2014_02_21_Instance_25561" type="identity">
            <class id="CL:0000057" label="fibroblast"/>
            <span end="186" id="16700629-9349" start="176">fibroblast</span>
        </annotation>
        <annotation annotator="Mike Bada, University of Colorado Anschutz Medical Campus" id="CL_basic_2014_02_21_Instance_25567" type="identity">
            <class id="CL_GO_EXT:cell" label="cell"/>
            <span end="293" id="16700629-9355" start="288">cells</span>
        </annotation>
        <annotation annotator="Mike Bada, University of Colorado Anschutz Medical Campus" id="CL_basic_2014_02_21_Instance_25563" type="identity">
            <class id="CL:0000057" label="fibroblast"/>
            <span end="691" id="16700629-9351" start="681">fibroblast</span>
        </annotation>
        <annotation annotator="Mike Bada, University of Colorado Anschutz Medical Campus" id="CL_basic_2014_02_21_Instance_25569" type="identity">
            <class id="CL:0000586" label="germ cell"/>
            <span end="1956" id="16700629-9357" start="1946">germ cells</span>
        </annotation>
        <annotation annotator="Mike Bada, University of Colorado Anschutz Medical Campus" id="CL_basic_2014_02_21_Instance_42264" type="identity">
            <class id="CL:0002371" label="somatic cell"/>
            <span end="1974" id="16700629-9659" start="1961">somatic cells</span>
        </annotation>
        <annotation annotator="Mike Bada, University of Colorado Anschutz Medical Campus" id="CL_basic_2014_02_21_Instance_25573" type="identity">
            <class id="CL_GO_EXT:cell" label="cell"/>
            <span end="2026" id="16700629-9359" start="2021">cells</span>
        </annotation>
        <annotation annotator="Mike Bada, University of Colorado Anschutz Medical Campus" id="CL_basic_2014_02_21_Instance_25575" type="identity">
            <class id="CL_GO_EXT:cell" label="cell"/>
            <span end="2159" id="16700629-9361" start="2154">cells</span>
        </annotation>
        <annotation annotator="Mike Bada, University of Colorado Anschutz Medical Campus" id="CL_basic_2014_02_21_Instance_25565" type="identity">
            <class id="CL:0000057" label="fibroblast"/>
            <span end="2464" id="16700629-9353" start="2454">fibroblast</span>
        </annotation>
        <annotation annotator="Mike Bada, University of Colorado Anschutz Medical Campus" id="CL_basic_2014_02_21_Instance_25585" type="identity">
            <class id="CL:0000630" label="supportive cell"/>
            <span end="2882" id="16700629-9371" start="2867">supporting cell</span>
        </annotation>
        <annotation annotator="Mike Bada, University of Colorado Anschutz Medical Campus" id="CL_basic_2014_02_21_Instance_25577" type="identity">
            <class id="CL_GO_EXT:cell" label="cell"/>
            <span end="3094" id="16700629-9363" start="3089">cells</span>
        </annotation>
        <annotation annotator="Mike Bada, University of Colorado Anschutz Medical Campus" id="CL_basic_2014_02_21_Instance_25579" type="identity">
            <class id="CL:0000216" label="Sertoli cell"/>
            <span end="3185" id="16700629-9365" start="3173">Sertoli cell</span>
        </annotation>
        <annotation annotator="Mike Bada, University of Colorado Anschutz Medical Campus" id="CL_basic_2014_02_21_Instance_25581" type="identity">
            <class id="CL_GO_EXT:cell" label="cell"/>
            <span end="3390" id="16700629-9367" start="3385">cells</span>
        </annotation>
        <annotation annotator="Mike Bada, University of Colorado Anschutz Medical Campus" id="CL_basic_2014_02_21_Instance_25583" type="identity">
            <class id="CL:0000630" label="supportive cell"/>
            <span end="3636" id="16700629-9369" start="3621">supporting cell</span>
        </annotation>
        <annotation annotator="Mike Bada, University of Colorado Anschutz Medical Campus" id="CL_basic_2014_02_21_Instance_25587" type="identity">
            <class id="CL_GO_EXT:cell" label="cell"/>
            <span end="3690" id="16700629-9373" start="3685">cells</span>
        </annotation>
        <annotation annotator="Mike Bada, University of Colorado Anschutz Medical Campus" id="CL_basic_2014_02_21_Instance_25589" type="identity">
            <class id="CL:0000216" label="Sertoli cell"/>
            <span end="3754" id="16700629-9375" start="3741">Sertoli cells</span>
        </annotation>
        <annotation annotator="Mike Bada, University of Colorado Anschutz Medical Campus" id="CL_basic_2014_02_21_Instance_25591" type="identity">
            <class id="CL:0000477" label="follicle cell"/>
            <span end="3784" id="16700629-9377" start="3770">follicle cells</span>
        </annotation>
        <annotation annotator="Mike Bada, University of Colorado Anschutz Medical Campus" id="CL_basic_2014_02_21_Instance_25593" type="identity">
            <class id="CL_GO_EXT:cell" label="cell"/>
            <span end="3803" id="16700629-9379" start="3799">cell</span>
        </annotation>
        <annotation annotator="Mike Bada, University of Colorado Anschutz Medical Campus" id="CL_basic_2014_02_21_Instance_25595" type="identity">
            <class id="CL:0000216" label="Sertoli cell"/>
            <span end="3863" id="16700629-9381" start="3851">Sertoli cell</span>
        </annotation>
        <annotation annotator="Mike Bada, University of Colorado Anschutz Medical Campus" id="CL_basic_2014_02_21_Instance_25597" type="identity">
            <class id="CL_GO_EXT:cell" label="cell"/>
            <span end="3881" id="16700629-9383" start="3877">cell</span>
        </annotation>
        <annotation annotator="Mike Bada, University of Colorado Anschutz Medical Campus" id="CL_basic_2014_02_21_Instance_25599" type="identity">
            <class id="CL:0000216" label="Sertoli cell"/>
            <span end="4002" id="16700629-9385" start="3989">Sertoli cells</span>
        </annotation>
        <annotation annotator="Mike Bada, University of Colorado Anschutz Medical Campus" id="CL_basic_2014_02_21_Instance_25601" type="identity">
            <class id="CL:0000216" label="Sertoli cell"/>
            <span end="4326" id="16700629-9387" start="4314">Sertoli cell</span>
        </annotation>
        <annotation annotator="Mike Bada, University of Colorado Anschutz Medical Campus" id="CL_basic_2014_02_21_Instance_25603" type="identity">
            <class id="CL_GO_EXT:cell" label="cell"/>
            <span end="4902" id="16700629-9389" start="4897">cells</span>
        </annotation>
        <annotation annotator="Mike Bada, University of Colorado Anschutz Medical Campus" id="CL_basic_2014_02_21_Instance_25605" type="identity">
            <class id="CL:0000216" label="Sertoli cell"/>
            <span end="5006" id="16700629-9391" start="4993">Sertoli cells</span>
        </annotation>
        <annotation annotator="Mike Bada, University of Colorado Anschutz Medical Campus" id="CL_basic_2014_02_21_Instance_25607" type="identity">
            <class id="CL_GO_EXT:cell" label="cell"/>
            <span end="5049" id="16700629-9393" start="5044">cells</span>
        </annotation>
        <annotation annotator="Mike Bada, University of Colorado Anschutz Medical Campus" id="CL_basic_2014_02_21_Instance_25859" type="identity">
            <class id="CL_GO_EXT:cell" label="cell"/>
            <span end="5124" id="16700629-9633" start="5120">cell</span>
        </annotation>
        <annotation annotator="Mike Bada, University of Colorado Anschutz Medical Campus" id="CL_basic_2014_02_21_plus_nested_Instance_50411" type="identity">
            <class id="CL_GO_EXT:cell" label="cell"/>
            <span end="5434" id="16700629-9686" start="5426">cellular</span>
        </annotation>
        <annotation annotator="Mike Bada, University of Colorado Anschutz Medical Campus" id="CL_basic_2014_02_21_Instance_25609" type="identity">
            <class id="CL_GO_EXT:cell" label="cell"/>
            <span end="5645" id="16700629-9395" start="5637">cellular</span>
        </annotation>
        <annotation annotator="Mike Bada, University of Colorado Anschutz Medical Campus" id="CL_basic_2014_02_21_Instance_25611" type="identity">
            <class id="CL_GO_EXT:cell" label="cell"/>
            <span end="5668" id="16700629-9397" start="5664">cell</span>
        </annotation>
        <annotation annotator="Mike Bada, University of Colorado Anschutz Medical Campus" id="CL_basic_2014_02_21_Instance_25613" type="identity">
            <class id="CL_GO_EXT:cell" label="cell"/>
            <span end="5700" id="16700629-9399" start="5696">cell</span>
        </annotation>
        <annotation annotator="Mike Bada, University of Colorado Anschutz Medical Campus" id="CL_basic_2014_02_21_Instance_25615" type="identity">
            <class id="CL:0000216" label="Sertoli cell"/>
            <span end="5775" id="16700629-9401" start="5762">Sertoli cells</span>
        </annotation>
        <annotation annotator="Mike Bada, University of Colorado Anschutz Medical Campus" id="CL_basic_2014_02_21_Instance_25617" type="identity">
            <class id="CL:0000216" label="Sertoli cell"/>
            <span end="6209" id="16700629-9403" start="6196">Sertoli cells</span>
        </annotation>
        <annotation annotator="Mike Bada, University of Colorado Anschutz Medical Campus" id="CL_basic_2014_02_21_Instance_25619" type="identity">
            <class id="CL:0000216" label="Sertoli cell"/>
            <span end="6291" id="16700629-9405" start="6284">Sertoli</span>
        </annotation>
        <annotation annotator="Mike Bada, University of Colorado Anschutz Medical Campus" id="CL_basic_2014_02_21_Instance_25621" type="identity">
            <class id="CL:0000216" label="Sertoli cell"/>
            <span end="6384" id="16700629-9407" start="6372">Sertoli cell</span>
        </annotation>
        <annotation annotator="Mike Bada, University of Colorado Anschutz Medical Campus" id="CL_basic_2014_02_21_Instance_25623" type="identity">
            <class id="CL:0000216" label="Sertoli cell"/>
            <span end="7116" id="16700629-9409" start="7109">Sertoli</span>
        </annotation>
        <annotation annotator="Mike Bada, University of Colorado Anschutz Medical Campus" id="CL_basic_2014_02_21_Instance_25625" type="identity">
            <class id="CL_GO_EXT:cell" label="cell"/>
            <span end="7132" id="16700629-9411" start="7127">cells</span>
        </annotation>
        <annotation annotator="Mike Bada, University of Colorado Anschutz Medical Campus" id="CL_basic_2014_02_21_Instance_25627" type="identity">
            <class id="CL_GO_EXT:cell" label="cell"/>
            <span end="7795" id="16700629-9413" start="7787">cellular</span>
        </annotation>
        <annotation annotator="Mike Bada, University of Colorado Anschutz Medical Campus" id="CL_basic_2014_02_21_Instance_25629" type="identity">
            <class id="CL_GO_EXT:cell" label="cell"/>
            <span end="8175" id="16700629-9415" start="8170">cells</span>
        </annotation>
        <annotation annotator="Mike Bada, University of Colorado Anschutz Medical Campus" id="CL_basic_2014_02_21_Instance_25631" type="identity">
            <class id="CL_GO_EXT:cell" label="cell"/>
            <span end="8215" id="16700629-9417" start="8210">cells</span>
        </annotation>
        <annotation annotator="Mike Bada, University of Colorado Anschutz Medical Campus" id="CL_basic_2014_02_21_Instance_25633" type="identity">
            <class id="CL:0000216" label="Sertoli cell"/>
            <span end="8401" id="16700629-9419" start="8388">Sertoli cells</span>
        </annotation>
        <annotation annotator="Mike Bada, University of Colorado Anschutz Medical Campus" id="CL_basic_2014_02_21_Instance_25635" type="identity">
            <class id="CL:0000586" label="germ cell"/>
            <span end="8430" id="16700629-9421" start="8420">germ cells</span>
        </annotation>
        <annotation annotator="Mike Bada, University of Colorado Anschutz Medical Campus" id="CL_basic_2014_02_21_Instance_25637" type="identity">
            <class id="CL:0000586" label="germ cell"/>
            <span end="8453" id="16700629-9423" start="8444">germ cell</span>
        </annotation>
        <annotation annotator="Mike Bada, University of Colorado Anschutz Medical Campus" id="CL_basic_2014_02_21_Instance_25641" type="identity">
            <class id="CL:0000233" label="platelet"/>
            <span end="8478" id="16700629-9427" start="8470">platelet</span>
        </annotation>
        <annotation annotator="Mike Bada, University of Colorado Anschutz Medical Campus" id="CL_basic_2014_02_21_Instance_25639" type="identity">
            <class id="CL:0000115" label="endothelial cell"/>
            <span end="8495" id="16700629-9425" start="8479">endothelial cell</span>
        </annotation>
        <annotation annotator="Mike Bada, University of Colorado Anschutz Medical Campus" id="CL_basic_2014_02_21_Instance_70580" type="identity">
            <class id="CL:0000300" label="gamete"/>
            <span end="8586" id="16700629-9676" start="8579">gametic</span>
        </annotation>
        <annotation annotator="Mike Bada, University of Colorado Anschutz Medical Campus" id="CL_basic_2014_02_21_Instance_25643" type="identity">
            <class id="CL:0000216" label="Sertoli cell"/>
            <span end="8689" id="16700629-9429" start="8676">Sertoli cells</span>
        </annotation>
        <annotation annotator="Mike Bada, University of Colorado Anschutz Medical Campus" id="CL_basic_2014_02_21_Instance_25645" type="identity">
            <class id="CL:0000586" label="germ cell"/>
            <span end="8841" id="16700629-9431" start="8831">germ cells</span>
        </annotation>
        <annotation annotator="Mike Bada, University of Colorado Anschutz Medical Campus" id="CL_basic_2014_02_21_Instance_25647" type="identity">
            <class id="CL:0000216" label="Sertoli cell"/>
            <span end="8908" id="16700629-9433" start="8895">Sertoli cells</span>
        </annotation>
        <annotation annotator="Mike Bada, University of Colorado Anschutz Medical Campus" id="CL_basic_2014_02_21_Instance_25649" type="identity">
            <class id="CL:0000586" label="germ cell"/>
            <span end="8980" id="16700629-9435" start="8970">germ cells</span>
        </annotation>
        <annotation annotator="Mike Bada, University of Colorado Anschutz Medical Campus" id="CL_basic_2014_02_21_plus_nested_Instance_50164" type="identity">
            <class id="CL_GO_EXT:cell" label="cell"/>
            <span end="10024" id="16700629-9678" start="10016">cellular</span>
        </annotation>
        <annotation annotator="Mike Bada, University of Colorado Anschutz Medical Campus" id="CL_basic_2014_02_21_plus_nested_Instance_50168" type="identity">
            <class id="CL_GO_EXT:cell" label="cell"/>
            <span end="10255" id="16700629-9680" start="10247">cellular</span>
        </annotation>
        <annotation annotator="Mike Bada, University of Colorado Anschutz Medical Campus" id="CL_basic_2014_02_21_Instance_25651" type="identity">
            <class id="CL:0000216" label="Sertoli cell"/>
            <span end="10958" id="16700629-9437" start="10951">Sertoli</span>
        </annotation>
        <annotation annotator="Mike Bada, University of Colorado Anschutz Medical Campus" id="CL_basic_2014_02_21_Instance_42275" type="identity">
            <class id="CL:0000001" label="primary cultured cell"/>
            <span end="11408" id="16700629-9661" start="11396">Primary cell</span>
        </annotation>
        <annotation annotator="Mike Bada, University of Colorado Anschutz Medical Campus" id="CL_basic_2014_02_21_Instance_42277" type="identity">
            <class id="CL:0001034" label="cell in vitro"/>
            <span end="11515" id="16700629-9663" start="11502">in vitro cell</span>
        </annotation>
        <annotation annotator="Mike Bada, University of Colorado Anschutz Medical Campus" id="CL_basic_2014_02_21_Instance_25657" type="identity">
            <class id="CL_GO_EXT:cell" label="cell"/>
            <span end="11530" id="16700629-9439" start="11525">cells</span>
        </annotation>
        <annotation annotator="Mike Bada, University of Colorado Anschutz Medical Campus" id="CL_basic_2014_02_21_plus_nested_Instance_50416" type="identity">
            <class id="CL_GO_EXT:cell" label="cell"/>
            <span end="11616" id="16700629-9688" start="11608">cellular</span>
        </annotation>
        <annotation annotator="Mike Bada, University of Colorado Anschutz Medical Campus" id="CL_basic_2014_02_21_Instance_25659" type="identity">
            <class id="CL_GO_EXT:cell" label="cell"/>
            <span end="11799" id="16700629-9441" start="11794">cells</span>
        </annotation>
        <annotation annotator="Mike Bada, University of Colorado Anschutz Medical Campus" id="CL_basic_2014_02_21_Instance_25661" type="identity">
            <class id="CL_GO_EXT:cell" label="cell"/>
            <span end="11820" id="16700629-9443" start="11815">cells</span>
        </annotation>
        <annotation annotator="Mike Bada, University of Colorado Anschutz Medical Campus" id="CL_basic_2014_02_21_Instance_25663" type="identity">
            <class id="CL_GO_EXT:cell" label="cell"/>
            <span end="11851" id="16700629-9445" start="11847">cell</span>
        </annotation>
        <annotation annotator="Mike Bada, University of Colorado Anschutz Medical Campus" id="CL_basic_2014_02_21_Instance_25665" type="identity">
            <class id="CL_GO_EXT:cell" label="cell"/>
            <span end="11876" id="16700629-9447" start="11872">cell</span>
        </annotation>
        <annotation annotator="Mike Bada, University of Colorado Anschutz Medical Campus" id="CL_basic_2014_02_21_Instance_25667" type="identity">
            <class id="CL_GO_EXT:cell" label="cell"/>
            <span end="11905" id="16700629-9449" start="11900">cells</span>
        </annotation>
        <annotation annotator="Mike Bada, University of Colorado Anschutz Medical Campus" id="CL_basic_2014_02_21_Instance_25669" type="identity">
            <class id="CL_GO_EXT:cell" label="cell"/>
            <span end="12020" id="16700629-9451" start="12015">cells</span>
        </annotation>
        <annotation annotator="Mike Bada, University of Colorado Anschutz Medical Campus" id="CL_basic_2014_02_21_Instance_25671" type="identity">
            <class id="CL_GO_EXT:cell" label="cell"/>
            <span end="12229" id="16700629-9453" start="12224">cells</span>
        </annotation>
        <annotation annotator="Mike Bada, University of Colorado Anschutz Medical Campus" id="CL_basic_2014_02_21_plus_nested_Instance_50420" type="identity">
            <class id="CL_GO_EXT:cell" label="cell"/>
            <span end="12456" id="16700629-9690" start="12448">cellular</span>
        </annotation>
        <annotation annotator="Mike Bada, University of Colorado Anschutz Medical Campus" id="CL_basic_2014_02_21_Instance_25673" type="identity">
            <class id="CL_GO_EXT:cell" label="cell"/>
            <span end="12696" id="16700629-9455" start="12691">cells</span>
        </annotation>
        <annotation annotator="Mike Bada, University of Colorado Anschutz Medical Campus" id="CL_basic_2014_02_21_Instance_25675" type="identity">
            <class id="CL_GO_EXT:cell" label="cell"/>
            <span end="12895" id="16700629-9457" start="12890">cells</span>
        </annotation>
        <annotation annotator="Mike Bada, University of Colorado Anschutz Medical Campus" id="CL_basic_2014_02_21_Instance_25677" type="identity">
            <class id="CL_GO_EXT:cell" label="cell"/>
            <span end="13313" id="16700629-9459" start="13308">cells</span>
        </annotation>
        <annotation annotator="Mike Bada, University of Colorado Anschutz Medical Campus" id="CL_basic_2014_02_21_Instance_25679" type="identity">
            <class id="CL_GO_EXT:cell" label="cell"/>
            <span end="13415" id="16700629-9461" start="13410">cells</span>
        </annotation>
        <annotation annotator="Mike Bada, University of Colorado Anschutz Medical Campus" id="CL_basic_2014_02_21_Instance_42279" type="identity">
            <class id="CL:0002371" label="somatic cell"/>
            <span end="13665" id="16700629-9665" start="13652">Somatic cells</span>
        </annotation>
        <annotation annotator="Mike Bada, University of Colorado Anschutz Medical Campus" id="CL_basic_2014_02_21_Instance_25683" type="identity">
            <class id="CL:0000216" label="Sertoli cell"/>
            <span end="13969" id="16700629-9463" start="13962">Sertoli</span>
        </annotation>
        <annotation annotator="Mike Bada, University of Colorado Anschutz Medical Campus" id="CL_basic_2014_02_21_Instance_25685" type="identity">
            <class id="CL_GO_EXT:cell" label="cell"/>
            <span end="13985" id="16700629-9465" start="13980">cells</span>
        </annotation>
        <annotation annotator="Mike Bada, University of Colorado Anschutz Medical Campus" id="CL_basic_2014_02_21_Instance_25689" type="identity">
            <class id="CL:0000216" label="Sertoli cell"/>
            <span end="14210" id="16700629-9469" start="14203">Sertoli</span>
        </annotation>
        <annotation annotator="Mike Bada, University of Colorado Anschutz Medical Campus" id="CL_basic_2014_02_21_Instance_25687" type="identity">
            <class id="CL_GO_EXT:cell" label="cell"/>
            <span end="14226" id="16700629-9467" start="14221">cells</span>
        </annotation>
        <annotation annotator="Mike Bada, University of Colorado Anschutz Medical Campus" id="CL_basic_2014_02_21_Instance_25691" type="identity">
            <class id="CL_GO_EXT:cell" label="cell"/>
            <span end="15955" id="16700629-9471" start="15951">Cell</span>
        </annotation>
        <annotation annotator="Mike Bada, University of Colorado Anschutz Medical Campus" id="CL_basic_2014_02_21_Instance_25693" type="identity">
            <class id="CL_GO_EXT:cell" label="cell"/>
            <span end="16015" id="16700629-9473" start="16011">cell</span>
        </annotation>
        <annotation annotator="Mike Bada, University of Colorado Anschutz Medical Campus" id="CL_basic_2014_02_21_Instance_25695" type="identity">
            <class id="CL_GO_EXT:cell" label="cell"/>
            <span end="16157" id="16700629-9475" start="16153">cell</span>
        </annotation>
        <annotation annotator="Mike Bada, University of Colorado Anschutz Medical Campus" id="CL_basic_2014_02_21_Instance_25697" type="identity">
            <class id="CL_GO_EXT:cell" label="cell"/>
            <span end="16303" id="16700629-9477" start="16299">cell</span>
        </annotation>
        <annotation annotator="Mike Bada, University of Colorado Anschutz Medical Campus" id="CL_basic_2014_02_21_Instance_25699" type="identity">
            <class id="CL_GO_EXT:cell" label="cell"/>
            <span end="16358" id="16700629-9479" start="16353">cells</span>
        </annotation>
        <annotation annotator="Mike Bada, University of Colorado Anschutz Medical Campus" id="CL_basic_2014_02_21_Instance_25701" type="identity">
            <class id="CL_GO_EXT:cell" label="cell"/>
            <span end="16473" id="16700629-9481" start="16469">cell</span>
        </annotation>
        <annotation annotator="Mike Bada, University of Colorado Anschutz Medical Campus" id="CL_basic_2014_02_21_Instance_42282" type="identity">
            <class id="CL:0002371" label="somatic cell"/>
            <span end="16846" id="16700629-9667" start="16833">somatic cells</span>
        </annotation>
        <annotation annotator="Mike Bada, University of Colorado Anschutz Medical Campus" id="CL_basic_2014_02_21_Instance_25705" type="identity">
            <class id="CL:0000216" label="Sertoli cell"/>
            <span end="16870" id="16700629-9483" start="16858">Sertoli cell</span>
        </annotation>
        <annotation annotator="Mike Bada, University of Colorado Anschutz Medical Campus" id="CL_basic_2014_02_21_Instance_25707" type="identity">
            <class id="CL:0000216" label="Sertoli cell"/>
            <span end="16944" id="16700629-9485" start="16937">Sertoli</span>
        </annotation>
        <annotation annotator="Mike Bada, University of Colorado Anschutz Medical Campus" id="CL_basic_2014_02_21_Instance_25813" type="identity">
            <class id="CL:0000216" label="Sertoli cell"/>
            <span end="17138" id="16700629-9587" start="17126">Sertoli cell</span>
        </annotation>
        <annotation annotator="Mike Bada, University of Colorado Anschutz Medical Campus" id="CL_basic_2014_02_21_Instance_25815" type="identity">
            <class id="CL:0000216" label="Sertoli cell"/>
            <span end="17866" id="16700629-9589" start="17859">Sertoli</span>
        </annotation>
        <annotation annotator="Mike Bada, University of Colorado Anschutz Medical Campus" id="CL_basic_2014_02_21_Instance_25817" type="identity">
            <class id="CL:0000216" label="Sertoli cell"/>
            <span end="17933" id="16700629-9591" start="17921">Sertoli cell</span>
        </annotation>
        <annotation annotator="Mike Bada, University of Colorado Anschutz Medical Campus" id="CL_basic_2014_02_21_Instance_25819" type="identity">
            <class id="CL:0000216" label="Sertoli cell"/>
            <span end="18183" id="16700629-9593" start="18176">Sertoli</span>
        </annotation>
        <annotation annotator="Mike Bada, University of Colorado Anschutz Medical Campus" id="CL_basic_2014_02_21_Instance_25709" type="identity">
            <class id="CL_GO_EXT:cell" label="cell"/>
            <span end="18301" id="16700629-9487" start="18297">cell</span>
        </annotation>
        <annotation annotator="Mike Bada, University of Colorado Anschutz Medical Campus" id="CL_basic_2014_02_21_Instance_25711" type="identity">
            <class id="CL_GO_EXT:cell" label="cell"/>
            <span end="18399" id="16700629-9489" start="18394">cells</span>
        </annotation>
        <annotation annotator="Mike Bada, University of Colorado Anschutz Medical Campus" id="CL_basic_2014_02_21_Instance_25853" type="identity">
            <class id="CL:0000445" label="apoptosis fated cell"/>
            <span end="18477" id="16700629-9627" start="18463">apoptotic cell</span>
        </annotation>
        <annotation annotator="Mike Bada, University of Colorado Anschutz Medical Campus" id="CL_basic_2014_02_21_Instance_25855" type="identity">
            <class id="CL:0000445" label="apoptosis fated cell"/>
            <span end="18501" id="16700629-9629" start="18486">Apoptotic cells</span>
        </annotation>
        <annotation annotator="Mike Bada, University of Colorado Anschutz Medical Campus" id="CL_basic_2014_02_21_Instance_25713" type="identity">
            <class id="CL_GO_EXT:cell" label="cell"/>
            <span end="18632" id="16700629-9491" start="18628">cell</span>
        </annotation>
        <annotation annotator="Mike Bada, University of Colorado Anschutz Medical Campus" id="CL_basic_2014_02_21_Instance_25715" type="identity">
            <class id="CL_GO_EXT:cell" label="cell"/>
            <span end="18822" id="16700629-9493" start="18818">cell</span>
        </annotation>
        <annotation annotator="Mike Bada, University of Colorado Anschutz Medical Campus" id="CL_basic_2014_02_21_Instance_25821" type="identity">
            <class id="CL:0000216" label="Sertoli cell"/>
            <span end="18961" id="16700629-9595" start="18954">Sertoli</span>
        </annotation>
        <annotation annotator="Mike Bada, University of Colorado Anschutz Medical Campus" id="CL_basic_2014_02_21_Instance_11473" type="identity">
            <class id="CL:0000630" label="supportive cell"/>
            <span end="19027" id="16700629-9341" start="19011">supporting cells</span>
        </annotation>
        <annotation annotator="Mike Bada, University of Colorado Anschutz Medical Campus" id="CL_basic_2014_02_21_Instance_25823" type="identity">
            <class id="CL:0000216" label="Sertoli cell"/>
            <span end="21708" id="16700629-9597" start="21696">Sertoli cell</span>
        </annotation>
        <annotation annotator="Mike Bada, University of Colorado Anschutz Medical Campus" id="CL_basic_2014_02_21_Instance_25717" type="identity">
            <class id="CL_GO_EXT:cell" label="cell"/>
            <span end="22105" id="16700629-9495" start="22100">cells</span>
        </annotation>
        <annotation annotator="Mike Bada, University of Colorado Anschutz Medical Campus" id="CL_basic_2014_02_21_Instance_11475" type="identity">
            <class id="CL:0000630" label="supportive cell"/>
            <span end="22172" id="16700629-9343" start="22157">supporting cell</span>
        </annotation>
        <annotation annotator="Mike Bada, University of Colorado Anschutz Medical Campus" id="CL_basic_2014_02_21_Instance_25857" type="identity">
            <class id="CL:0000477" label="follicle cell"/>
            <span end="22222" id="16700629-9631" start="22208">follicle cells</span>
        </annotation>
        <annotation annotator="Mike Bada, University of Colorado Anschutz Medical Campus" id="CL_basic_2014_02_21_Instance_25825" type="identity">
            <class id="CL:0000216" label="Sertoli cell"/>
            <span end="22239" id="16700629-9599" start="22226">Sertoli cells</span>
        </annotation>
        <annotation annotator="Mike Bada, University of Colorado Anschutz Medical Campus" id="CL_basic_2014_02_21_Instance_25719" type="identity">
            <class id="CL_GO_EXT:cell" label="cell"/>
            <span end="22268" id="16700629-9497" start="22263">cells</span>
        </annotation>
        <annotation annotator="Mike Bada, University of Colorado Anschutz Medical Campus" id="CL_basic_2014_02_21_Instance_25827" type="identity">
            <class id="CL:0000216" label="Sertoli cell"/>
            <span end="22300" id="16700629-9601" start="22293">Sertoli</span>
        </annotation>
        <annotation annotator="Mike Bada, University of Colorado Anschutz Medical Campus" id="CL_basic_2014_02_21_Instance_25829" type="identity">
            <class id="CL:0000216" label="Sertoli cell"/>
            <span end="22439" id="16700629-9603" start="22426">Sertoli cells</span>
        </annotation>
        <annotation annotator="Mike Bada, University of Colorado Anschutz Medical Campus" id="CL_basic_2014_02_21_Instance_25721" type="identity">
            <class id="CL_GO_EXT:cell" label="cell"/>
            <span end="22479" id="16700629-9499" start="22475">cell</span>
        </annotation>
        <annotation annotator="Mike Bada, University of Colorado Anschutz Medical Campus" id="CL_basic_2014_02_21_Instance_11477" type="identity">
            <class id="CL:0000630" label="supportive cell"/>
            <span end="22533" id="16700629-9345" start="22518">supporting cell</span>
        </annotation>
        <annotation annotator="Mike Bada, University of Colorado Anschutz Medical Campus" id="CL_basic_2014_02_21_Instance_42285" type="identity">
            <class id="CL:0002371" label="somatic cell"/>
            <span end="22684" id="16700629-9669" start="22672">somatic cell</span>
        </annotation>
        <annotation annotator="Mike Bada, University of Colorado Anschutz Medical Campus" id="CL_basic_2014_02_21_Instance_25725" type="identity">
            <class id="CL_GO_EXT:cell" label="cell"/>
            <span end="22765" id="16700629-9501" start="22760">cells</span>
        </annotation>
        <annotation annotator="Mike Bada, University of Colorado Anschutz Medical Campus" id="CL_basic_2014_02_21_Instance_25727" type="identity">
            <class id="CL_GO_EXT:cell" label="cell"/>
            <span end="22882" id="16700629-9503" start="22878">cell</span>
        </annotation>
        <annotation annotator="Mike Bada, University of Colorado Anschutz Medical Campus" id="CL_basic_2014_02_21_Instance_25729" type="identity">
            <class id="CL_GO_EXT:cell" label="cell"/>
            <span end="22921" id="16700629-9505" start="22917">cell</span>
        </annotation>
        <annotation annotator="Mike Bada, University of Colorado Anschutz Medical Campus" id="CL_basic_2014_02_21_Instance_25731" type="identity">
            <class id="CL_GO_EXT:cell" label="cell"/>
            <span end="23082" id="16700629-9507" start="23077">cells</span>
        </annotation>
        <annotation annotator="Mike Bada, University of Colorado Anschutz Medical Campus" id="CL_basic_2014_02_21_Instance_25733" type="identity">
            <class id="CL_GO_EXT:cell" label="cell"/>
            <span end="23169" id="16700629-9509" start="23164">cells</span>
        </annotation>
        <annotation annotator="Mike Bada, University of Colorado Anschutz Medical Campus" id="CL_basic_2014_02_21_Instance_25735" type="identity">
            <class id="CL_GO_EXT:cell" label="cell"/>
            <span end="23380" id="16700629-9511" start="23376">cell</span>
        </annotation>
        <annotation annotator="Mike Bada, University of Colorado Anschutz Medical Campus" id="CL_basic_2014_02_21_Instance_25737" type="identity">
            <class id="CL_GO_EXT:cell" label="cell"/>
            <span end="23546" id="16700629-9513" start="23541">cells</span>
        </annotation>
        <annotation annotator="Mike Bada, University of Colorado Anschutz Medical Campus" id="CL_basic_2014_02_21_Instance_25739" type="identity">
            <class id="CL_GO_EXT:cell" label="cell"/>
            <span end="23555" id="16700629-9515" start="23551">cell</span>
        </annotation>
        <annotation annotator="Mike Bada, University of Colorado Anschutz Medical Campus" id="CL_basic_2014_02_21_Instance_25741" type="identity">
            <class id="CL_GO_EXT:cell" label="cell"/>
            <span end="23695" id="16700629-9517" start="23691">cell</span>
        </annotation>
        <annotation annotator="Mike Bada, University of Colorado Anschutz Medical Campus" id="CL_basic_2014_02_21_Instance_25743" type="identity">
            <class id="CL_GO_EXT:cell" label="cell"/>
            <span end="23808" id="16700629-9519" start="23804">cell</span>
        </annotation>
        <annotation annotator="Mike Bada, University of Colorado Anschutz Medical Campus" id="CL_basic_2014_02_21_Instance_25745" type="identity">
            <class id="CL_GO_EXT:cell" label="cell"/>
            <span end="23884" id="16700629-9521" start="23880">cell</span>
        </annotation>
        <annotation annotator="Mike Bada, University of Colorado Anschutz Medical Campus" id="CL_basic_2014_02_21_Instance_25747" type="identity">
            <class id="CL_GO_EXT:cell" label="cell"/>
            <span end="23908" id="16700629-9523" start="23904">cell</span>
        </annotation>
        <annotation annotator="Mike Bada, University of Colorado Anschutz Medical Campus" id="CL_basic_2014_02_21_Instance_25749" type="identity">
            <class id="CL_GO_EXT:cell" label="cell"/>
            <span end="24014" id="16700629-9525" start="24009">cells</span>
        </annotation>
        <annotation annotator="Mike Bada, University of Colorado Anschutz Medical Campus" id="CL_basic_2014_02_21_Instance_25831" type="identity">
            <class id="CL:0000216" label="Sertoli cell"/>
            <span end="24046" id="16700629-9605" start="24039">Sertoli</span>
        </annotation>
        <annotation annotator="Mike Bada, University of Colorado Anschutz Medical Campus" id="CL_basic_2014_02_21_Instance_25751" type="identity">
            <class id="CL_GO_EXT:cell" label="cell"/>
            <span end="24080" id="16700629-9527" start="24076">cell</span>
        </annotation>
        <annotation annotator="Mike Bada, University of Colorado Anschutz Medical Campus" id="CL_basic_2014_02_21_Instance_25833" type="identity">
            <class id="CL:0000216" label="Sertoli cell"/>
            <span end="24269" id="16700629-9607" start="24256">Sertoli cells</span>
        </annotation>
        <annotation annotator="Mike Bada, University of Colorado Anschutz Medical Campus" id="CL_basic_2014_02_21_Instance_25753" type="identity">
            <class id="CL_GO_EXT:cell" label="cell"/>
            <span end="24373" id="16700629-9529" start="24368">cells</span>
        </annotation>
        <annotation annotator="Mike Bada, University of Colorado Anschutz Medical Campus" id="CL_basic_2014_02_21_Instance_25755" type="identity">
            <class id="CL_GO_EXT:cell" label="cell"/>
            <span end="24561" id="16700629-9531" start="24557">cell</span>
        </annotation>
        <annotation annotator="Mike Bada, University of Colorado Anschutz Medical Campus" id="CL_basic_2014_02_21_Instance_25757" type="identity">
            <class id="CL_GO_EXT:cell" label="cell"/>
            <span end="24602" id="16700629-9533" start="24597">cells</span>
        </annotation>
        <annotation annotator="Mike Bada, University of Colorado Anschutz Medical Campus" id="CL_basic_2014_02_21_Instance_25835" type="identity">
            <class id="CL:0000216" label="Sertoli cell"/>
            <span end="24617" id="16700629-9609" start="24610">Sertoli</span>
        </annotation>
        <annotation annotator="Mike Bada, University of Colorado Anschutz Medical Campus" id="CL_basic_2014_02_21_Instance_25759" type="identity">
            <class id="CL_GO_EXT:cell" label="cell"/>
            <span end="24824" id="16700629-9535" start="24820">cell</span>
        </annotation>
        <annotation annotator="Mike Bada, University of Colorado Anschutz Medical Campus" id="CL_basic_2014_02_21_Instance_25837" type="identity">
            <class id="CL:0000216" label="Sertoli cell"/>
            <span end="24872" id="16700629-9611" start="24865">Sertoli</span>
        </annotation>
        <annotation annotator="Mike Bada, University of Colorado Anschutz Medical Campus" id="CL_basic_2014_02_21_Instance_25839" type="identity">
            <class id="CL:0000216" label="Sertoli cell"/>
            <span end="25061" id="16700629-9613" start="25048">Sertoli cells</span>
        </annotation>
        <annotation annotator="Mike Bada, University of Colorado Anschutz Medical Campus" id="CL_basic_2014_02_21_Instance_25841" type="identity">
            <class id="CL:0000216" label="Sertoli cell"/>
            <span end="25108" id="16700629-9615" start="25101">Sertoli</span>
        </annotation>
        <annotation annotator="Mike Bada, University of Colorado Anschutz Medical Campus" id="CL_basic_2014_02_21_Instance_25761" type="identity">
            <class id="CL_GO_EXT:cell" label="cell"/>
            <span end="25338" id="16700629-9537" start="25334">cell</span>
        </annotation>
        <annotation annotator="Mike Bada, University of Colorado Anschutz Medical Campus" id="CL_basic_2014_02_21_Instance_25843" type="identity">
            <class id="CL:0000216" label="Sertoli cell"/>
            <span end="25433" id="16700629-9617" start="25426">Sertoli</span>
        </annotation>
        <annotation annotator="Mike Bada, University of Colorado Anschutz Medical Campus" id="CL_basic_2014_02_21_Instance_25763" type="identity">
            <class id="CL_GO_EXT:cell" label="cell"/>
            <span end="25648" id="16700629-9539" start="25644">cell</span>
        </annotation>
        <annotation annotator="Mike Bada, University of Colorado Anschutz Medical Campus" id="CL_basic_2014_02_21_plus_nested_Instance_50173" type="identity">
            <class id="CL_GO_EXT:cell" label="cell"/>
            <span end="26397" id="16700629-9682" start="26389">cellular</span>
        </annotation>
        <annotation annotator="Mike Bada, University of Colorado Anschutz Medical Campus" id="CL_basic_2014_02_21_Instance_25861" type="identity">
            <class id="CL:0000138" label="chondrocyte"/>
            <span end="26463" id="16700629-9635" start="26452">chondrocyte</span>
        </annotation>
        <annotation annotator="Mike Bada, University of Colorado Anschutz Medical Campus" id="CL_basic_2014_02_21_plus_nested_Instance_50178" type="identity">
            <class id="CL_GO_EXT:cell" label="cell"/>
            <span end="26519" id="16700629-9684" start="26511">cellular</span>
        </annotation>
        <annotation annotator="Mike Bada, University of Colorado Anschutz Medical Campus" id="CL_basic_2014_02_21_plus_nested_Instance_50424" type="identity">
            <class id="CL_GO_EXT:cell" label="cell"/>
            <span end="27860" id="16700629-9692" start="27852">cellular</span>
        </annotation>
        <annotation annotator="Mike Bada, University of Colorado Anschutz Medical Campus" id="CL_basic_2014_02_21_Instance_25845" type="identity">
            <class id="CL:0000216" label="Sertoli cell"/>
            <span end="28654" id="16700629-9619" start="28642">Sertoli cell</span>
        </annotation>
        <annotation annotator="Mike Bada, University of Colorado Anschutz Medical Campus" id="CL_basic_2014_02_21_Instance_25765" type="identity">
            <class id="CL_GO_EXT:cell" label="cell"/>
            <span end="28827" id="16700629-9541" start="28822">cells</span>
        </annotation>
        <annotation annotator="Mike Bada, University of Colorado Anschutz Medical Campus" id="CL_basic_2014_02_21_Instance_25767" type="identity">
            <class id="CL_GO_EXT:cell" label="cell"/>
            <span end="29427" id="16700629-9543" start="29422">cells</span>
        </annotation>
        <annotation annotator="Mike Bada, University of Colorado Anschutz Medical Campus" id="CL_basic_2014_02_21_Instance_25769" type="identity">
            <class id="CL_GO_EXT:cell" label="cell"/>
            <span end="29490" id="16700629-9545" start="29486">cell</span>
        </annotation>
        <annotation annotator="Mike Bada, University of Colorado Anschutz Medical Campus" id="CL_basic_2014_02_21_Instance_25771" type="identity">
            <class id="CL_GO_EXT:cell" label="cell"/>
            <span end="31716" id="16700629-9547" start="31712">Cell</span>
        </annotation>
        <annotation annotator="Mike Bada, University of Colorado Anschutz Medical Campus" id="CL_basic_2014_02_21_Instance_25773" type="identity">
            <class id="CL_GO_EXT:cell" label="cell"/>
            <span end="32047" id="16700629-9549" start="32043">Cell</span>
        </annotation>
        <annotation annotator="Mike Bada, University of Colorado Anschutz Medical Campus" id="CL_basic_2014_02_21_Instance_25775" type="identity">
            <class id="CL_GO_EXT:cell" label="cell"/>
            <span end="32327" id="16700629-9551" start="32323">Cell</span>
        </annotation>
        <annotation annotator="Mike Bada, University of Colorado Anschutz Medical Campus" id="CL_basic_2014_02_21_Instance_42288" type="identity">
            <class id="CL:0000001" label="primary cultured cell"/>
            <span end="32712" id="16700629-9671" start="32705">Primary</span>
            <span end="32725" id="16700629-9672" start="32721">cell</span>
        </annotation>
        <annotation annotator="Mike Bada, University of Colorado Anschutz Medical Campus" id="CL_basic_2014_02_21_Instance_25779" type="identity">
            <class id="CL_GO_EXT:cell" label="cell"/>
            <span end="33057" id="16700629-9553" start="33052">cells</span>
        </annotation>
        <annotation annotator="Mike Bada, University of Colorado Anschutz Medical Campus" id="CL_basic_2014_02_21_plus_nested_Instance_50429" type="identity">
            <class id="CL_GO_EXT:cell" label="cell"/>
            <span end="33179" id="16700629-9694" start="33171">cellular</span>
        </annotation>
        <annotation annotator="Mike Bada, University of Colorado Anschutz Medical Campus" id="CL_basic_2014_02_21_Instance_25781" type="identity">
            <class id="CL_GO_EXT:cell" label="cell"/>
            <span end="33493" id="16700629-9555" start="33488">cells</span>
        </annotation>
        <annotation annotator="Mike Bada, University of Colorado Anschutz Medical Campus" id="CL_basic_2014_02_21_Instance_42290" type="identity">
            <class id="CL:0000057" label="fibroblast"/>
            <span end="34904" id="16700629-9674" start="34894">fibroblast</span>
        </annotation>
        <annotation annotator="Mike Bada, University of Colorado Anschutz Medical Campus" id="CL_basic_2014_02_21_Instance_25863" type="identity">
            <class id="CL:0000233" label="platelet"/>
            <span end="34936" id="16700629-9637" start="34928">platelet</span>
        </annotation>
        <annotation annotator="Mike Bada, University of Colorado Anschutz Medical Campus" id="CL_basic_2014_02_21_Instance_25865" type="identity">
            <class id="CL:0000115" label="endothelial cell"/>
            <span end="34953" id="16700629-9639" start="34937">endothelial cell</span>
        </annotation>
        <annotation annotator="Mike Bada, University of Colorado Anschutz Medical Campus" id="CL_basic_2014_02_21_Instance_25783" type="identity">
            <class id="CL_GO_EXT:cell" label="cell"/>
            <span end="35127" id="16700629-9557" start="35123">Cell</span>
        </annotation>
        <annotation annotator="Mike Bada, University of Colorado Anschutz Medical Campus" id="CL_basic_2014_02_21_Instance_25867" type="identity">
            <class id="CL:0000586" label="germ cell"/>
            <span end="35669" id="16700629-9641" start="35659">germ cells</span>
        </annotation>
        <annotation annotator="Mike Bada, University of Colorado Anschutz Medical Campus" id="CL_basic_2014_02_21_Instance_25847" type="identity">
            <class id="CL:0000216" label="Sertoli cell"/>
            <span end="35798" id="16700629-9621" start="35785">Sertoli cells</span>
        </annotation>
        <annotation annotator="Mike Bada, University of Colorado Anschutz Medical Campus" id="CL_basic_2014_02_21_Instance_25787" type="identity">
            <class id="CL_GO_EXT:cell" label="cell"/>
            <span end="35826" id="16700629-9561" start="35822">cell</span>
        </annotation>
        <annotation annotator="Mike Bada, University of Colorado Anschutz Medical Campus" id="CL_basic_2014_02_21_Instance_25869" type="identity">
            <class id="CL:0000586" label="germ cell"/>
            <span end="35962" id="16700629-9643" start="35952">germ cells</span>
        </annotation>
        <annotation annotator="Mike Bada, University of Colorado Anschutz Medical Campus" id="CL_basic_2014_02_21_Instance_11479" type="identity">
            <class id="CL:0000071" label="blood vessel endothelial cell"/>
            <span end="35993" id="16700629-9347" start="35967">vascular endothelial cells</span>
        </annotation>
        <annotation annotator="Mike Bada, University of Colorado Anschutz Medical Campus" id="CL_basic_2014_02_21_Instance_25789" type="identity">
            <class id="CL:0000398" label="polygonal cell"/>
            <span end="36286" id="16700629-9563" start="36271">polygonal cells</span>
        </annotation>
        <annotation annotator="Mike Bada, University of Colorado Anschutz Medical Campus" id="CL_basic_2014_02_21_Instance_25791" type="identity">
            <class id="CL:0000081" label="blood cell"/>
            <span end="36308" id="16700629-9565" start="36297">Blood cells</span>
        </annotation>
        <annotation annotator="Mike Bada, University of Colorado Anschutz Medical Campus" id="CL_basic_2014_02_21_Instance_25793" type="identity">
            <class id="CL_GO_EXT:cell" label="cell"/>
            <span end="36360" id="16700629-9567" start="36355">cells</span>
        </annotation>
        <annotation annotator="Mike Bada, University of Colorado Anschutz Medical Campus" id="CL_basic_2014_02_21_Instance_25873" type="identity">
            <class id="CL:0000115" label="endothelial cell"/>
            <span end="36563" id="16700629-9647" start="36552">endothelial</span>
            <span end="36578" id="16700629-9648" start="36573">cells</span>
        </annotation>
        <annotation annotator="Mike Bada, University of Colorado Anschutz Medical Campus" id="CL_basic_2014_02_21_Instance_25875" type="identity">
            <class id="CL:0000586" label="germ cell"/>
            <span end="36578" id="16700629-9650" start="36568">germ cells</span>
        </annotation>
        <annotation annotator="Mike Bada, University of Colorado Anschutz Medical Campus" id="CL_basic_2014_02_21_Instance_25871" type="identity">
            <class id="CL_GO_EXT:cell" label="cell"/>
            <span end="36743" id="16700629-9645" start="36738">cells</span>
        </annotation>
        <annotation annotator="Mike Bada, University of Colorado Anschutz Medical Campus" id="CL_basic_2014_02_21_Instance_25795" type="identity">
            <class id="CL_GO_EXT:cell" label="cell"/>
            <span end="36753" id="16700629-9569" start="36748">cells</span>
        </annotation>
        <annotation annotator="Mike Bada, University of Colorado Anschutz Medical Campus" id="CL_basic_2014_02_21_Instance_25797" type="identity">
            <class id="CL_GO_EXT:cell" label="cell"/>
            <span end="36770" id="16700629-9571" start="36765">cells</span>
        </annotation>
        <annotation annotator="Mike Bada, University of Colorado Anschutz Medical Campus" id="CL_basic_2014_02_21_Instance_25799" type="identity">
            <class id="CL_GO_EXT:cell" label="cell"/>
            <span end="36868" id="16700629-9573" start="36863">Cells</span>
        </annotation>
        <annotation annotator="Mike Bada, University of Colorado Anschutz Medical Campus" id="CL_basic_2014_02_21_Instance_25801" type="identity">
            <class id="CL_GO_EXT:cell" label="cell"/>
            <span end="37057" id="16700629-9575" start="37052">cells</span>
        </annotation>
        <annotation annotator="Mike Bada, University of Colorado Anschutz Medical Campus" id="CL_basic_2014_02_21_Instance_25803" type="identity">
            <class id="CL_GO_EXT:cell" label="cell"/>
            <span end="37157" id="16700629-9577" start="37152">cells</span>
        </annotation>
        <annotation annotator="Mike Bada, University of Colorado Anschutz Medical Campus" id="CL_basic_2014_02_21_Instance_25877" type="identity">
            <class id="CL:0000115" label="endothelial cell"/>
            <span end="37235" id="16700629-9652" start="37224">endothelial</span>
            <span end="37250" id="16700629-9653" start="37245">cells</span>
        </annotation>
        <annotation annotator="Mike Bada, University of Colorado Anschutz Medical Campus" id="CL_basic_2014_02_21_Instance_25879" type="identity">
            <class id="CL:0000586" label="germ cell"/>
            <span end="37250" id="16700629-9655" start="37240">germ cells</span>
        </annotation>
        <annotation annotator="Mike Bada, University of Colorado Anschutz Medical Campus" id="CL_basic_2014_02_21_Instance_25849" type="identity">
            <class id="CL:0000216" label="Sertoli cell"/>
            <span end="37505" id="16700629-9623" start="37498">Sertoli</span>
        </annotation>
        <annotation annotator="Mike Bada, University of Colorado Anschutz Medical Campus" id="CL_basic_2014_02_21_Instance_25805" type="identity">
            <class id="CL_GO_EXT:cell" label="cell"/>
            <span end="37521" id="16700629-9579" start="37516">cells</span>
        </annotation>
        <annotation annotator="Mike Bada, University of Colorado Anschutz Medical Campus" id="CL_basic_2014_02_21_Instance_25807" type="identity">
            <class id="CL_GO_EXT:cell" label="cell"/>
            <span end="37663" id="16700629-9581" start="37658">cells</span>
        </annotation>
        <annotation annotator="Mike Bada, University of Colorado Anschutz Medical Campus" id="CL_basic_2014_02_21_Instance_25809" type="identity">
            <class id="CL_GO_EXT:cell" label="cell"/>
            <span end="38097" id="16700629-9583" start="38093">cell</span>
        </annotation>
        <annotation annotator="Mike Bada, University of Colorado Anschutz Medical Campus" id="CL_basic_2014_02_21_Instance_25811" type="identity">
            <class id="CL_GO_EXT:cell" label="cell"/>
            <span end="38387" id="16700629-9585" start="38382">cells</span>
        </annotation>
        <annotation annotator="Mike Bada, University of Colorado Anschutz Medical Campus" id="CL_basic_2014_02_21_Instance_25851" type="identity">
            <class id="CL:0000216" label="Sertoli cell"/>
            <span end="38674" id="16700629-9625" start="38662">Sertoli Cell</span>
        </annotation>
        <annotation annotator="Mike Bada, University of Colorado Anschutz Medical Campus" id="CL_basic_2014_02_21_Instance_25785" type="identity">
            <class id="CL_GO_EXT:cell" label="cell"/>
            <span end="39028" id="16700629-9559" start="39024">cell</span>
        </annotation>
        <annotation annotator="Mike Bada, University of Colorado Anschutz Medical Campus" id="CL_basic_2014_02_21_Instance_25881" type="identity">
            <class id="CL:0000445" label="apoptosis fated cell"/>
            <span end="39224" id="16700629-9657" start="39209">apoptotic cells</span>
        </annotation>
        <graph-space id="Old Knowtator Relations"/>
    </document>
</knowtator-project>
