<?xml version="1.0" encoding="UTF-8" standalone="no"?>
<knowtator-project>
    <document id="16870721" text-file="16870721.txt">
        <annotation annotator="Mike Bada, University of Colorado Anschutz Medical Campus" id="CL_basic_2014_02_21_Instance_42349" type="identity">
            <class id="CL:0002322" label="embryonic stem cell"/>
            <span end="41" id="16870721-9774" start="39">ES</span>
            <span end="59" id="16870721-9775" start="54">cells</span>
        </annotation>
        <annotation annotator="Mike Bada, University of Colorado Anschutz Medical Campus" id="CL_basic_2014_02_21_Instance_42351" type="identity">
            <class id="CL:0002371" label="somatic cell"/>
            <span end="59" id="16870721-9777" start="46">somatic cells</span>
        </annotation>
        <annotation annotator="Mike Bada, University of Colorado Anschutz Medical Campus" id="CL_basic_2014_02_21_Instance_42353" type="identity">
            <class id="CL:0002322" label="embryonic stem cell"/>
            <span end="256" id="16870721-9779" start="248">ES cells</span>
        </annotation>
        <annotation annotator="Mike Bada, University of Colorado Anschutz Medical Campus" id="CL_basic_2014_02_21_Instance_42355" type="identity">
            <class id="CL:0002322" label="embryonic stem cell"/>
            <span end="527" id="16870721-9781" start="519">ES cells</span>
        </annotation>
        <annotation annotator="Mike Bada, University of Colorado Anschutz Medical Campus" id="CL_basic_2014_02_21_Instance_42357" type="identity">
            <class id="CL:0002371" label="somatic cell"/>
            <span end="650" id="16870721-9783" start="637">Somatic cells</span>
        </annotation>
        <annotation annotator="Mike Bada, University of Colorado Anschutz Medical Campus" id="CL_basic_2014_02_21_Instance_19057" type="identity">
            <class id="CL:0000057" label="fibroblast"/>
            <span end="790" id="16870721-9698" start="779">fibroblasts</span>
        </annotation>
        <annotation annotator="Mike Bada, University of Colorado Anschutz Medical Campus" id="CL_basic_2014_02_21_Instance_42360" type="identity">
            <class id="CL:0002322" label="embryonic stem cell"/>
            <span end="1023" id="16870721-9785" start="1015">ES cells</span>
        </annotation>
        <annotation annotator="Mike Bada, University of Colorado Anschutz Medical Campus" id="CL_basic_2014_02_21_Instance_42362" type="identity">
            <class id="CL:0000010" label="cultured cell"/>
            <span end="1241" id="16870721-9787" start="1227">cultured cells</span>
        </annotation>
        <annotation annotator="Mike Bada, University of Colorado Anschutz Medical Campus" id="CL_basic_2014_02_21_Instance_42364" type="identity">
            <class id="CL:0002322" label="embryonic stem cell"/>
            <span end="1531" id="16870721-9789" start="1517">embryonic stem</span>
            <span end="1542" id="16870721-9790" start="1537">cells</span>
        </annotation>
        <annotation annotator="Mike Bada, University of Colorado Anschutz Medical Campus" id="CL_basic_2014_02_21_plus_nested_test_Instance_10075" type="identity">
            <class id="CL:0002322" label="embryonic stem cell"/>
            <span end="1535" id="16870721-9881" start="1533">ES</span>
            <span end="1542" id="16870721-9882" start="1537">cells</span>
        </annotation>
        <annotation annotator="Mike Bada, University of Colorado Anschutz Medical Campus" id="CL_basic_2014_02_21_Instance_42368" type="identity">
            <class id="CL:0002322" label="embryonic stem cell"/>
            <span end="2089" id="16870721-9792" start="2081">ES cells</span>
        </annotation>
        <annotation annotator="Mike Bada, University of Colorado Anschutz Medical Campus" id="CL_basic_2014_02_21_Instance_42370" type="identity">
            <class id="CL:0002322" label="embryonic stem cell"/>
            <span end="2241" id="16870721-9794" start="2233">ES cells</span>
        </annotation>
        <annotation annotator="Mike Bada, University of Colorado Anschutz Medical Campus" id="CL_basic_2014_02_21_Instance_42372" type="identity">
            <class id="CL:0002322" label="embryonic stem cell"/>
            <span end="2850" id="16870721-9796" start="2842">ES cells</span>
        </annotation>
        <annotation annotator="Mike Bada, University of Colorado Anschutz Medical Campus" id="CL_basic_2014_02_21_Instance_19069" type="identity">
            <class id="CL:0000057" label="fibroblast"/>
            <span end="2945" id="16870721-9700" start="2934">fibroblasts</span>
        </annotation>
        <annotation annotator="Mike Bada, University of Colorado Anschutz Medical Campus" id="CL_basic_2014_02_21_Instance_19071" type="identity">
            <class id="CL:0000057" label="fibroblast"/>
            <span end="3011" id="16870721-9702" start="3000">fibroblasts</span>
        </annotation>
        <annotation annotator="Mike Bada, University of Colorado Anschutz Medical Campus" id="CL_basic_2014_02_21_Instance_19073" type="identity">
            <class id="CL:0000057" label="fibroblast"/>
            <span end="3268" id="16870721-9704" start="3257">fibroblasts</span>
        </annotation>
        <annotation annotator="Mike Bada, University of Colorado Anschutz Medical Campus" id="CL_basic_2014_02_21_Instance_42375" type="identity">
            <class id="CL:0002322" label="embryonic stem cell"/>
            <span end="3521" id="16870721-9798" start="3513">ES cells</span>
        </annotation>
        <annotation annotator="Mike Bada, University of Colorado Anschutz Medical Campus" id="CL_basic_2014_02_21_Instance_19077" type="identity">
            <class id="CL:0000057" label="fibroblast"/>
            <span end="3537" id="16870721-9706" start="3526">fibroblasts</span>
        </annotation>
        <annotation annotator="Mike Bada, University of Colorado Anschutz Medical Campus" id="CL_basic_2014_02_21_Instance_42377" type="identity">
            <class id="CL:0002371" label="somatic cell"/>
            <span end="5092" id="16870721-9800" start="5080">somatic cell</span>
        </annotation>
        <annotation annotator="Mike Bada, University of Colorado Anschutz Medical Campus" id="CL_basic_2014_02_21_Instance_42379" type="identity">
            <class id="CL:0002322" label="embryonic stem cell"/>
            <span end="5152" id="16870721-9802" start="5144">ES cells</span>
        </annotation>
        <annotation annotator="Mike Bada, University of Colorado Anschutz Medical Campus" id="CL_basic_2014_02_21_Instance_42381" type="identity">
            <class id="CL:0002322" label="embryonic stem cell"/>
            <span end="5542" id="16870721-9804" start="5534">ES cells</span>
        </annotation>
        <annotation annotator="Mike Bada, University of Colorado Anschutz Medical Campus" id="CL_basic_2014_02_21_Instance_42383" type="identity">
            <class id="CL:0002322" label="embryonic stem cell"/>
            <span end="5734" id="16870721-9806" start="5726">ES cells</span>
        </annotation>
        <annotation annotator="Mike Bada, University of Colorado Anschutz Medical Campus" id="CL_basic_2014_02_21_Instance_42385" type="identity">
            <class id="CL:0002322" label="embryonic stem cell"/>
            <span end="5908" id="16870721-9808" start="5900">ES cells</span>
        </annotation>
        <annotation annotator="Mike Bada, University of Colorado Anschutz Medical Campus" id="CL_basic_2014_02_21_Instance_42387" type="identity">
            <class id="CL:0002371" label="somatic cell"/>
            <span end="6000" id="16870721-9810" start="5987">Somatic cells</span>
        </annotation>
        <annotation annotator="Mike Bada, University of Colorado Anschutz Medical Campus" id="CL_basic_2014_02_21_Instance_19091" type="identity">
            <class id="CL_GO_EXT:cell" label="cell"/>
            <span end="6734" id="16870721-9708" start="6730">cell</span>
        </annotation>
        <annotation annotator="Mike Bada, University of Colorado Anschutz Medical Campus" id="CL_basic_2014_02_21_Instance_19093" type="identity">
            <class id="CL_GO_EXT:cell" label="cell"/>
            <span end="6844" id="16870721-9710" start="6839">cells</span>
        </annotation>
        <annotation annotator="Mike Bada, University of Colorado Anschutz Medical Campus" id="CL_basic_2014_02_21_Instance_19095" type="identity">
            <class id="CL_GO_EXT:cell" label="cell"/>
            <span end="6903" id="16870721-9712" start="6898">cells</span>
        </annotation>
        <annotation annotator="Mike Bada, University of Colorado Anschutz Medical Campus" id="CL_basic_2014_02_21_Instance_19097" type="identity">
            <class id="CL_GO_EXT:cell" label="cell"/>
            <span end="11056" id="16870721-9714" start="11052">Cell</span>
        </annotation>
        <annotation annotator="Mike Bada, University of Colorado Anschutz Medical Campus" id="CL_basic_2014_02_21_Instance_42389" type="identity">
            <class id="CL:0002322" label="embryonic stem cell"/>
            <span end="11223" id="16870721-9812" start="11215">ES cells</span>
        </annotation>
        <annotation annotator="Mike Bada, University of Colorado Anschutz Medical Campus" id="CL_basic_2014_02_21_Instance_42391" type="identity">
            <class id="CL:0002322" label="embryonic stem cell"/>
            <span end="11528" id="16870721-9814" start="11520">ES cells</span>
        </annotation>
        <annotation annotator="Mike Bada, University of Colorado Anschutz Medical Campus" id="CL_basic_2014_02_21_Instance_42393" type="identity">
            <class id="CL:0002322" label="embryonic stem cell"/>
            <span end="11773" id="16870721-9816" start="11765">ES cells</span>
        </annotation>
        <annotation annotator="Mike Bada, University of Colorado Anschutz Medical Campus" id="CL_basic_2014_02_21_Instance_42395" type="identity">
            <class id="CL:0002322" label="embryonic stem cell"/>
            <span end="11812" id="16870721-9818" start="11804">ES cells</span>
        </annotation>
        <annotation annotator="Mike Bada, University of Colorado Anschutz Medical Campus" id="CL_basic_2014_02_21_Instance_19107" type="identity">
            <class id="CL_GO_EXT:cell" label="cell"/>
            <span end="11978" id="16870721-9716" start="11973">cells</span>
        </annotation>
        <annotation annotator="Mike Bada, University of Colorado Anschutz Medical Campus" id="CL_basic_2014_02_21_Instance_19109" type="identity">
            <class id="CL_GO_EXT:cell" label="cell"/>
            <span end="12291" id="16870721-9718" start="12286">cells</span>
        </annotation>
        <annotation annotator="Mike Bada, University of Colorado Anschutz Medical Campus" id="CL_basic_2014_02_21_Instance_19111" type="identity">
            <class id="CL_GO_EXT:cell" label="cell"/>
            <span end="12486" id="16870721-9720" start="12481">cells</span>
        </annotation>
        <annotation annotator="Mike Bada, University of Colorado Anschutz Medical Campus" id="CL_basic_2014_02_21_Instance_19113" type="identity">
            <class id="CL_GO_EXT:cell" label="cell"/>
            <span end="12725" id="16870721-9722" start="12720">Cells</span>
        </annotation>
        <annotation annotator="Mike Bada, University of Colorado Anschutz Medical Campus" id="CL_basic_2014_02_21_Instance_19115" type="identity">
            <class id="CL_GO_EXT:cell" label="cell"/>
            <span end="13800" id="16870721-9724" start="13795">cells</span>
        </annotation>
        <annotation annotator="Mike Bada, University of Colorado Anschutz Medical Campus" id="CL_basic_2014_02_21_Instance_19117" type="identity">
            <class id="CL_GO_EXT:cell" label="cell"/>
            <span end="13901" id="16870721-9726" start="13896">Cells</span>
        </annotation>
        <annotation annotator="Mike Bada, University of Colorado Anschutz Medical Campus" id="CL_basic_2014_02_21_Instance_42397" type="identity">
            <class id="CL:0002322" label="embryonic stem cell"/>
            <span end="14286" id="16870721-9820" start="14278">ES cells</span>
        </annotation>
        <annotation annotator="Mike Bada, University of Colorado Anschutz Medical Campus" id="CL_basic_2014_02_21_Instance_42399" type="identity">
            <class id="CL:0002322" label="embryonic stem cell"/>
            <span end="14364" id="16870721-9822" start="14357">ES cell</span>
        </annotation>
        <annotation annotator="Mike Bada, University of Colorado Anschutz Medical Campus" id="CL_basic_2014_02_21_Instance_42401" type="identity">
            <class id="CL:0002322" label="embryonic stem cell"/>
            <span end="14602" id="16870721-9824" start="14594">ES cells</span>
        </annotation>
        <annotation annotator="Mike Bada, University of Colorado Anschutz Medical Campus" id="CL_basic_2014_02_21_Instance_19125" type="identity">
            <class id="CL_GO_EXT:cell" label="cell"/>
            <span end="14716" id="16870721-9728" start="14711">cells</span>
        </annotation>
        <annotation annotator="Mike Bada, University of Colorado Anschutz Medical Campus" id="CL_basic_2014_02_21_Instance_19127" type="identity">
            <class id="CL_GO_EXT:cell" label="cell"/>
            <span end="14784" id="16870721-9730" start="14779">cells</span>
        </annotation>
        <annotation annotator="Mike Bada, University of Colorado Anschutz Medical Campus" id="CL_basic_2014_02_21_Instance_42403" type="identity">
            <class id="CL:0002322" label="embryonic stem cell"/>
            <span end="14953" id="16870721-9826" start="14946">ES cell</span>
        </annotation>
        <annotation annotator="Mike Bada, University of Colorado Anschutz Medical Campus" id="CL_basic_2014_02_21_plus_nested_test_Instance_10077" type="identity">
            <class id="CL:0002322" label="embryonic stem cell"/>
            <span end="15317" id="16870721-9884" start="15315">ES</span>
        </annotation>
        <annotation annotator="Mike Bada, University of Colorado Anschutz Medical Campus" id="CL_basic_2014_02_21_Instance_19131" type="identity">
            <class id="CL_GO_EXT:cell" label="cell"/>
            <span end="15635" id="16870721-9732" start="15630">cells</span>
        </annotation>
        <annotation annotator="Mike Bada, University of Colorado Anschutz Medical Campus" id="CL_basic_2014_02_21_Instance_42405" type="identity">
            <class id="CL:0002322" label="embryonic stem cell"/>
            <span end="16034" id="16870721-9828" start="16032">ES</span>
            <span end="16052" id="16870721-9829" start="16047">cells</span>
        </annotation>
        <annotation annotator="Mike Bada, University of Colorado Anschutz Medical Campus" id="CL_basic_2014_02_21_Instance_42407" type="identity">
            <class id="CL:0002371" label="somatic cell"/>
            <span end="16052" id="16870721-9831" start="16039">somatic cells</span>
        </annotation>
        <annotation annotator="Mike Bada, University of Colorado Anschutz Medical Campus" id="CL_basic_2014_02_21_Instance_42409" type="identity">
            <class id="CL:0002322" label="embryonic stem cell"/>
            <span end="16062" id="16870721-9833" start="16054">ES cells</span>
        </annotation>
        <annotation annotator="Mike Bada, University of Colorado Anschutz Medical Campus" id="CL_basic_2014_02_21_Instance_42411" type="identity">
            <class id="CL:0002371" label="somatic cell"/>
            <span end="16167" id="16870721-9835" start="16154">somatic cells</span>
        </annotation>
        <annotation annotator="Mike Bada, University of Colorado Anschutz Medical Campus" id="CL_basic_2014_02_21_Instance_42413" type="identity">
            <class id="CL:0002322" label="embryonic stem cell"/>
            <span end="16390" id="16870721-9837" start="16382">ES cells</span>
        </annotation>
        <annotation annotator="Mike Bada, University of Colorado Anschutz Medical Campus" id="CL_basic_2014_02_21_Instance_19141" type="identity">
            <class id="CL_GO_EXT:cell" label="cell"/>
            <span end="16483" id="16870721-9734" start="16478">cells</span>
        </annotation>
        <annotation annotator="Mike Bada, University of Colorado Anschutz Medical Campus" id="CL_basic_2014_02_21_Instance_42415" type="identity">
            <class id="CL:0002322" label="embryonic stem cell"/>
            <span end="17109" id="16870721-9839" start="17101">ES cells</span>
        </annotation>
        <annotation annotator="Mike Bada, University of Colorado Anschutz Medical Campus" id="CL_basic_2014_02_21_Instance_42417" type="identity">
            <class id="CL:0002322" label="embryonic stem cell"/>
            <span end="17321" id="16870721-9841" start="17313">ES cells</span>
        </annotation>
        <annotation annotator="Mike Bada, University of Colorado Anschutz Medical Campus" id="CL_basic_2014_02_21_Instance_42419" type="identity">
            <class id="CL:0002322" label="embryonic stem cell"/>
            <span end="17428" id="16870721-9843" start="17421">ES cell</span>
        </annotation>
        <annotation annotator="Mike Bada, University of Colorado Anschutz Medical Campus" id="CL_basic_2014_02_21_Instance_42421" type="identity">
            <class id="CL:0002322" label="embryonic stem cell"/>
            <span end="17676" id="16870721-9845" start="17668">ES cells</span>
        </annotation>
        <annotation annotator="Mike Bada, University of Colorado Anschutz Medical Campus" id="CL_basic_2014_02_21_Instance_42423" type="identity">
            <class id="CL:0002371" label="somatic cell"/>
            <span end="17871" id="16870721-9847" start="17858">somatic cells</span>
        </annotation>
        <annotation annotator="Mike Bada, University of Colorado Anschutz Medical Campus" id="CL_basic_2014_02_21_Instance_42425" type="identity">
            <class id="CL:0002371" label="somatic cell"/>
            <span end="18174" id="16870721-9849" start="18161">somatic cells</span>
        </annotation>
        <annotation annotator="Mike Bada, University of Colorado Anschutz Medical Campus" id="CL_basic_2014_02_21_Instance_42427" type="identity">
            <class id="CL:0002322" label="embryonic stem cell"/>
            <span end="18453" id="16870721-9851" start="18445">ES cells</span>
        </annotation>
        <annotation annotator="Mike Bada, University of Colorado Anschutz Medical Campus" id="CL_basic_2014_02_21_Instance_42429" type="identity">
            <class id="CL:0002322" label="embryonic stem cell"/>
            <span end="18621" id="16870721-9853" start="18613">ES cells</span>
        </annotation>
        <annotation annotator="Mike Bada, University of Colorado Anschutz Medical Campus" id="CL_basic_2014_02_21_Instance_42431" type="identity">
            <class id="CL:0002322" label="embryonic stem cell"/>
            <span end="18711" id="16870721-9855" start="18703">ES cells</span>
        </annotation>
        <annotation annotator="Mike Bada, University of Colorado Anschutz Medical Campus" id="CL_basic_2014_02_21_Instance_19161" type="identity">
            <class id="CL_GO_EXT:cell" label="cell"/>
            <span end="19079" id="16870721-9736" start="19074">cells</span>
        </annotation>
        <annotation annotator="Mike Bada, University of Colorado Anschutz Medical Campus" id="CL_basic_2014_02_21_Instance_19163" type="identity">
            <class id="CL_GO_EXT:cell" label="cell"/>
            <span end="19260" id="16870721-9738" start="19255">cells</span>
        </annotation>
        <annotation annotator="Mike Bada, University of Colorado Anschutz Medical Campus" id="CL_basic_2014_02_21_Instance_19165" type="identity">
            <class id="CL_GO_EXT:cell" label="cell"/>
            <span end="19347" id="16870721-9740" start="19342">cells</span>
        </annotation>
        <annotation annotator="Mike Bada, University of Colorado Anschutz Medical Campus" id="CL_basic_2014_02_21_Instance_19167" type="identity">
            <class id="CL_GO_EXT:cell" label="cell"/>
            <span end="19407" id="16870721-9742" start="19402">cells</span>
        </annotation>
        <annotation annotator="Mike Bada, University of Colorado Anschutz Medical Campus" id="CL_basic_2014_02_21_Instance_19169" type="identity">
            <class id="CL_GO_EXT:cell" label="cell"/>
            <span end="19469" id="16870721-9744" start="19464">cells</span>
        </annotation>
        <annotation annotator="Mike Bada, University of Colorado Anschutz Medical Campus" id="CL_basic_2014_02_21_Instance_19171" type="identity">
            <class id="CL_GO_EXT:cell" label="cell"/>
            <span end="19536" id="16870721-9746" start="19531">cells</span>
        </annotation>
        <annotation annotator="Mike Bada, University of Colorado Anschutz Medical Campus" id="CL_basic_2014_02_21_Instance_42433" type="identity">
            <class id="CL:0002322" label="embryonic stem cell"/>
            <span end="19857" id="16870721-9857" start="19850">ES cell</span>
        </annotation>
        <annotation annotator="Mike Bada, University of Colorado Anschutz Medical Campus" id="CL_basic_2014_02_21_Instance_19175" type="identity">
            <class id="CL_GO_EXT:cell" label="cell"/>
            <span end="20429" id="16870721-9748" start="20425">cell</span>
        </annotation>
        <annotation annotator="Mike Bada, University of Colorado Anschutz Medical Campus" id="CL_basic_2014_02_21_Instance_42435" type="identity">
            <class id="CL:0002322" label="embryonic stem cell"/>
            <span end="20718" id="16870721-9859" start="20710">ES cells</span>
        </annotation>
        <annotation annotator="Mike Bada, University of Colorado Anschutz Medical Campus" id="CL_basic_2014_02_21_Instance_42437" type="identity">
            <class id="CL:0002322" label="embryonic stem cell"/>
            <span end="20972" id="16870721-9861" start="20964">ES cells</span>
        </annotation>
        <annotation annotator="Mike Bada, University of Colorado Anschutz Medical Campus" id="CL_basic_2014_02_21_Instance_42439" type="identity">
            <class id="CL:0002371" label="somatic cell"/>
            <span end="20996" id="16870721-9863" start="20983">somatic cells</span>
        </annotation>
        <annotation annotator="Mike Bada, University of Colorado Anschutz Medical Campus" id="CL_basic_2014_02_21_Instance_25901" type="identity">
            <class id="CL:0000057" label="fibroblast"/>
            <span end="21312" id="16870721-9752" start="21295">fibroblastic cell</span>
        </annotation>
        <annotation annotator="Mike Bada, University of Colorado Anschutz Medical Campus" id="CL_basic_2014_02_21_Instance_19183" type="identity">
            <class id="CL_GO_EXT:cell" label="cell"/>
            <span end="21496" id="16870721-9750" start="21491">cells</span>
        </annotation>
        <annotation annotator="Mike Bada, University of Colorado Anschutz Medical Campus" id="CL_basic_2014_02_21_Instance_42442" type="identity">
            <class id="CL:0002322" label="embryonic stem cell"/>
            <span end="22328" id="16870721-9865" start="22320">ES cells</span>
        </annotation>
        <annotation annotator="Mike Bada, University of Colorado Anschutz Medical Campus" id="CL_basic_2014_02_21_Instance_25905" type="identity">
            <class id="CL_GO_EXT:cell" label="cell"/>
            <span end="22369" id="16870721-9754" start="22364">cells</span>
        </annotation>
        <annotation annotator="Mike Bada, University of Colorado Anschutz Medical Campus" id="CL_basic_2014_02_21_Instance_42444" type="identity">
            <class id="CL:0002371" label="somatic cell"/>
            <span end="22901" id="16870721-9867" start="22888">somatic cells</span>
        </annotation>
        <annotation annotator="Mike Bada, University of Colorado Anschutz Medical Campus" id="CL_basic_2014_02_21_Instance_42446" type="identity">
            <class id="CL:0002371" label="somatic cell"/>
            <span end="23093" id="16870721-9869" start="23080">somatic cells</span>
        </annotation>
        <annotation annotator="Mike Bada, University of Colorado Anschutz Medical Campus" id="CL_basic_2014_02_21_Instance_25911" type="identity">
            <class id="CL:0000057" label="fibroblast"/>
            <span end="23209" id="16870721-9756" start="23198">fibroblasts</span>
        </annotation>
        <annotation annotator="Mike Bada, University of Colorado Anschutz Medical Campus" id="CL_basic_2014_02_21_Instance_25913" type="identity">
            <class id="CL_GO_EXT:cell" label="cell"/>
            <span end="23229" id="16870721-9758" start="23224">cells</span>
        </annotation>
        <annotation annotator="Mike Bada, University of Colorado Anschutz Medical Campus" id="CL_basic_2014_02_21_Instance_25915" type="identity">
            <class id="CL_GO_EXT:cell" label="cell"/>
            <span end="23274" id="16870721-9760" start="23269">cells</span>
        </annotation>
        <annotation annotator="Mike Bada, University of Colorado Anschutz Medical Campus" id="CL_basic_2014_02_21_Instance_42448" type="identity">
            <class id="CL:0002322" label="embryonic stem cell"/>
            <span end="23407" id="16870721-9871" start="23399">ES cells</span>
        </annotation>
        <annotation annotator="Mike Bada, University of Colorado Anschutz Medical Campus" id="CL_basic_2014_02_21_Instance_42450" type="identity">
            <class id="CL:0002322" label="embryonic stem cell"/>
            <span end="24338" id="16870721-9873" start="24330">ES cells</span>
        </annotation>
        <annotation annotator="Mike Bada, University of Colorado Anschutz Medical Campus" id="CL_basic_2014_02_21_Instance_25921" type="identity">
            <class id="CL_GO_EXT:cell" label="cell"/>
            <span end="25384" id="16870721-9762" start="25379">cells</span>
        </annotation>
        <annotation annotator="Mike Bada, University of Colorado Anschutz Medical Campus" id="CL_basic_2014_02_21_plus_nested_test_Instance_10079" type="identity">
            <class id="CL:0002322" label="embryonic stem cell"/>
            <span end="25417" id="16870721-9886" start="25415">ES</span>
        </annotation>
        <annotation annotator="Mike Bada, University of Colorado Anschutz Medical Campus" id="CL_basic_2014_02_21_Instance_42452" type="identity">
            <class id="CL:0002322" label="embryonic stem cell"/>
            <span end="26650" id="16870721-9875" start="26642">ES cells</span>
        </annotation>
        <annotation annotator="Mike Bada, University of Colorado Anschutz Medical Campus" id="CL_basic_2014_02_21_Instance_25925" type="identity">
            <class id="CL_GO_EXT:cell" label="cell"/>
            <span end="27420" id="16870721-9764" start="27415">cells</span>
        </annotation>
        <annotation annotator="Mike Bada, University of Colorado Anschutz Medical Campus" id="CL_basic_2014_02_21_Instance_25927" type="identity">
            <class id="CL_GO_EXT:cell" label="cell"/>
            <span end="27534" id="16870721-9766" start="27529">cells</span>
        </annotation>
        <annotation annotator="Mike Bada, University of Colorado Anschutz Medical Campus" id="CL_basic_2014_02_21_Instance_25929" type="identity">
            <class id="CL_GO_EXT:cell" label="cell"/>
            <span end="27810" id="16870721-9768" start="27806">cell</span>
        </annotation>
        <annotation annotator="Mike Bada, University of Colorado Anschutz Medical Campus" id="CL_basic_2014_02_21_Instance_25931" type="identity">
            <class id="CL_GO_EXT:cell" label="cell"/>
            <span end="27849" id="16870721-9770" start="27845">cell</span>
        </annotation>
        <annotation annotator="Mike Bada, University of Colorado Anschutz Medical Campus" id="CL_basic_2014_02_21_Instance_25933" type="identity">
            <class id="CL_GO_EXT:cell" label="cell"/>
            <span end="28587" id="16870721-9772" start="28583">cell</span>
        </annotation>
        <annotation annotator="Mike Bada, University of Colorado Anschutz Medical Campus" id="CL_basic_2014_02_21_Instance_42454" type="identity">
            <class id="CL:0002322" label="embryonic stem cell"/>
            <span end="28929" id="16870721-9877" start="28921">ES cells</span>
        </annotation>
        <annotation annotator="Mike Bada, University of Colorado Anschutz Medical Campus" id="CL_basic_2014_02_21_Instance_70160" type="identity">
            <class id="CL:0000057" label="fibroblast"/>
            <span end="29275" id="16870721-9879" start="29264">fibroblasts</span>
        </annotation>
        <graph-space id="Old Knowtator Relations"/>
    </document>
</knowtator-project>
