<?xml version="1.0" encoding="UTF-8" standalone="no"?>
<knowtator-project>
    <document id="17020410" text-file="17020410.txt">
        <annotation annotator="Mike Bada, University of Colorado Anschutz Medical Campus" id="CL_basic_2014_02_21_Instance_26093" type="identity">
            <class id="CL_GO_EXT:cell" label="cell"/>
            <span end="2038" id="17020410-10318" start="2034">cell</span>
        </annotation>
        <annotation annotator="Mike Bada, University of Colorado Anschutz Medical Campus" id="CL_basic_2014_02_21_Instance_19615" type="identity">
            <class id="CL_GO_EXT:cell" label="cell"/>
            <span end="4065" id="17020410-10218" start="4061">cell</span>
        </annotation>
        <annotation annotator="Mike Bada, University of Colorado Anschutz Medical Campus" id="CL_basic_2014_02_21_Instance_26111" type="identity">
            <class id="CL_GO_EXT:cell" label="cell"/>
            <span end="5474" id="17020410-10320" start="5466">cellular</span>
        </annotation>
        <annotation annotator="Mike Bada, University of Colorado Anschutz Medical Campus" id="CL_basic_2014_02_21_Instance_42789" type="identity">
            <class id="CL:0002322" label="embryonic stem cell"/>
            <span end="5846" id="17020410-10332" start="5826">embryonic stem cells</span>
        </annotation>
        <annotation annotator="Mike Bada, University of Colorado Anschutz Medical Campus" id="CL_basic_2014_02_21_Instance_42791" type="identity">
            <class id="CL:0002322" label="embryonic stem cell"/>
            <span end="8479" id="17020410-10334" start="8460">embryonic stem cell</span>
        </annotation>
        <annotation annotator="Mike Bada, University of Colorado Anschutz Medical Campus" id="CL_basic_2014_02_21_Instance_42793" type="identity">
            <class id="CL:0002322" label="embryonic stem cell"/>
            <span end="8926" id="17020410-10336" start="8907">embryonic stem cell</span>
        </annotation>
        <annotation annotator="Mike Bada, University of Colorado Anschutz Medical Campus" id="CL_basic_2014_02_21_Instance_42795" type="identity">
            <class id="CL:0002242" label="nucleate cell"/>
            <span end="13053" id="17020410-10338" start="13038">nucleated cells</span>
        </annotation>
        <annotation annotator="Mike Bada, University of Colorado Anschutz Medical Campus" id="CL_basic_2014_02_21_Instance_19625" type="identity">
            <class id="CL_GO_EXT:cell" label="cell"/>
            <span end="15970" id="17020410-10220" start="15965">Cells</span>
        </annotation>
        <annotation annotator="Mike Bada, University of Colorado Anschutz Medical Campus" id="CL_basic_2014_02_21_Instance_26113" type="identity">
            <class id="CL_GO_EXT:cell" label="cell"/>
            <span end="16952" id="17020410-10322" start="16944">cellular</span>
        </annotation>
        <annotation annotator="Mike Bada, University of Colorado Anschutz Medical Campus" id="CL_basic_2014_02_21_Instance_26115" type="identity">
            <class id="CL_GO_EXT:cell" label="cell"/>
            <span end="17564" id="17020410-10324" start="17556">cellular</span>
        </annotation>
        <annotation annotator="Mike Bada, University of Colorado Anschutz Medical Campus" id="CL_basic_2014_02_21_Instance_19627" type="identity">
            <class id="CL:0000057" label="fibroblast"/>
            <span end="17602" id="17020410-10222" start="17591">fibroblasts</span>
        </annotation>
        <annotation annotator="Mike Bada, University of Colorado Anschutz Medical Campus" id="CL_basic_2014_02_21_Instance_19629" type="identity">
            <class id="CL_GO_EXT:cell" label="cell"/>
            <span end="17714" id="17020410-10224" start="17709">cells</span>
        </annotation>
        <annotation annotator="Mike Bada, University of Colorado Anschutz Medical Campus" id="CL_basic_2014_02_21_Instance_19631" type="identity">
            <class id="CL_GO_EXT:cell" label="cell"/>
            <span end="17809" id="17020410-10226" start="17804">cells</span>
        </annotation>
        <annotation annotator="Mike Bada, University of Colorado Anschutz Medical Campus" id="CL_basic_2014_02_21_Instance_19633" type="identity">
            <class id="CL_GO_EXT:cell" label="cell"/>
            <span end="17849" id="17020410-10228" start="17844">cells</span>
        </annotation>
        <annotation annotator="Mike Bada, University of Colorado Anschutz Medical Campus" id="CL_basic_2014_02_21_Instance_19635" type="identity">
            <class id="CL_GO_EXT:cell" label="cell"/>
            <span end="17960" id="17020410-10230" start="17955">cells</span>
        </annotation>
        <annotation annotator="Mike Bada, University of Colorado Anschutz Medical Campus" id="CL_basic_2014_02_21_Instance_26117" type="identity">
            <class id="CL_GO_EXT:cell" label="cell"/>
            <span end="18051" id="17020410-10326" start="18043">cellular</span>
        </annotation>
        <annotation annotator="Mike Bada, University of Colorado Anschutz Medical Campus" id="CL_basic_2014_02_21_Instance_19637" type="identity">
            <class id="CL_GO_EXT:cell" label="cell"/>
            <span end="18240" id="17020410-10232" start="18235">cells</span>
        </annotation>
        <annotation annotator="Mike Bada, University of Colorado Anschutz Medical Campus" id="CL_basic_2014_02_21_Instance_19639" type="identity">
            <class id="CL_GO_EXT:cell" label="cell"/>
            <span end="18301" id="17020410-10234" start="18296">cells</span>
        </annotation>
        <annotation annotator="Mike Bada, University of Colorado Anschutz Medical Campus" id="CL_basic_2014_02_21_Instance_19641" type="identity">
            <class id="CL_GO_EXT:cell" label="cell"/>
            <span end="18457" id="17020410-10236" start="18452">cells</span>
        </annotation>
        <annotation annotator="Mike Bada, University of Colorado Anschutz Medical Campus" id="CL_basic_2014_02_21_Instance_19643" type="identity">
            <class id="CL_GO_EXT:cell" label="cell"/>
            <span end="18654" id="17020410-10238" start="18649">cells</span>
        </annotation>
        <annotation annotator="Mike Bada, University of Colorado Anschutz Medical Campus" id="CL_basic_2014_02_21_Instance_19645" type="identity">
            <class id="CL_GO_EXT:cell" label="cell"/>
            <span end="18688" id="17020410-10240" start="18683">cells</span>
        </annotation>
        <annotation annotator="Mike Bada, University of Colorado Anschutz Medical Campus" id="CL_basic_2014_02_21_Instance_19647" type="identity">
            <class id="CL_GO_EXT:cell" label="cell"/>
            <span end="19070" id="17020410-10242" start="19065">cells</span>
        </annotation>
        <annotation annotator="Mike Bada, University of Colorado Anschutz Medical Campus" id="CL_basic_2014_02_21_Instance_26119" type="identity">
            <class id="CL_GO_EXT:cell" label="cell"/>
            <span end="19295" id="17020410-10328" start="19287">Cellular</span>
        </annotation>
        <annotation annotator="Mike Bada, University of Colorado Anschutz Medical Campus" id="CL_basic_2014_02_21_Instance_19649" type="identity">
            <class id="CL_GO_EXT:cell" label="cell"/>
            <span end="19497" id="17020410-10244" start="19492">cells</span>
        </annotation>
        <annotation annotator="Mike Bada, University of Colorado Anschutz Medical Campus" id="CL_basic_2014_02_21_Instance_19651" type="identity">
            <class id="CL_GO_EXT:cell" label="cell"/>
            <span end="19669" id="17020410-10246" start="19665">cell</span>
        </annotation>
        <annotation annotator="Mike Bada, University of Colorado Anschutz Medical Campus" id="CL_basic_2014_02_21_Instance_19653" type="identity">
            <class id="CL_GO_EXT:cell" label="cell"/>
            <span end="19929" id="17020410-10248" start="19925">cell</span>
        </annotation>
        <annotation annotator="Mike Bada, University of Colorado Anschutz Medical Campus" id="CL_basic_2014_02_21_Instance_19655" type="identity">
            <class id="CL_GO_EXT:cell" label="cell"/>
            <span end="20293" id="17020410-10250" start="20289">cell</span>
        </annotation>
        <annotation annotator="Mike Bada, University of Colorado Anschutz Medical Campus" id="CL_basic_2014_02_21_Instance_19657" type="identity">
            <class id="CL_GO_EXT:cell" label="cell"/>
            <span end="21153" id="17020410-10252" start="21148">cells</span>
        </annotation>
        <annotation annotator="Mike Bada, University of Colorado Anschutz Medical Campus" id="CL_basic_2014_02_21_Instance_19659" type="identity">
            <class id="CL_GO_EXT:cell" label="cell"/>
            <span end="21305" id="17020410-10254" start="21301">cell</span>
        </annotation>
        <annotation annotator="Mike Bada, University of Colorado Anschutz Medical Campus" id="CL_basic_2014_02_21_Instance_19661" type="identity">
            <class id="CL_GO_EXT:cell" label="cell"/>
            <span end="21345" id="17020410-10256" start="21340">cells</span>
        </annotation>
        <annotation annotator="Mike Bada, University of Colorado Anschutz Medical Campus" id="CL_basic_2014_02_21_Instance_19663" type="identity">
            <class id="CL_GO_EXT:cell" label="cell"/>
            <span end="21392" id="17020410-10258" start="21387">cells</span>
        </annotation>
        <annotation annotator="Mike Bada, University of Colorado Anschutz Medical Campus" id="CL_basic_2014_02_21_Instance_19665" type="identity">
            <class id="CL_GO_EXT:cell" label="cell"/>
            <span end="21436" id="17020410-10260" start="21431">cells</span>
        </annotation>
        <annotation annotator="Mike Bada, University of Colorado Anschutz Medical Campus" id="CL_basic_2014_02_21_Instance_19667" type="identity">
            <class id="CL_GO_EXT:cell" label="cell"/>
            <span end="21469" id="17020410-10262" start="21464">cells</span>
        </annotation>
        <annotation annotator="Mike Bada, University of Colorado Anschutz Medical Campus" id="CL_basic_2014_02_21_Instance_19669" type="identity">
            <class id="CL_GO_EXT:cell" label="cell"/>
            <span end="21524" id="17020410-10264" start="21519">cells</span>
        </annotation>
        <annotation annotator="Mike Bada, University of Colorado Anschutz Medical Campus" id="CL_basic_2014_02_21_Instance_19671" type="identity">
            <class id="CL_GO_EXT:cell" label="cell"/>
            <span end="21562" id="17020410-10266" start="21557">cells</span>
        </annotation>
        <annotation annotator="Mike Bada, University of Colorado Anschutz Medical Campus" id="CL_basic_2014_02_21_Instance_19673" type="identity">
            <class id="CL_GO_EXT:cell" label="cell"/>
            <span end="21615" id="17020410-10268" start="21610">cells</span>
        </annotation>
        <annotation annotator="Mike Bada, University of Colorado Anschutz Medical Campus" id="CL_basic_2014_02_21_Instance_19675" type="identity">
            <class id="CL_GO_EXT:cell" label="cell"/>
            <span end="21715" id="17020410-10270" start="21711">cell</span>
        </annotation>
        <annotation annotator="Mike Bada, University of Colorado Anschutz Medical Campus" id="CL_basic_2014_02_21_Instance_19677" type="identity">
            <class id="CL_GO_EXT:cell" label="cell"/>
            <span end="21778" id="17020410-10272" start="21773">cells</span>
        </annotation>
        <annotation annotator="Mike Bada, University of Colorado Anschutz Medical Campus" id="CL_basic_2014_02_21_Instance_19679" type="identity">
            <class id="CL_GO_EXT:cell" label="cell"/>
            <span end="21952" id="17020410-10274" start="21948">cell</span>
        </annotation>
        <annotation annotator="Mike Bada, University of Colorado Anschutz Medical Campus" id="CL_basic_2014_02_21_Instance_19681" type="identity">
            <class id="CL_GO_EXT:cell" label="cell"/>
            <span end="22228" id="17020410-10276" start="22223">cells</span>
        </annotation>
        <annotation annotator="Mike Bada, University of Colorado Anschutz Medical Campus" id="CL_basic_2014_02_21_Instance_19683" type="identity">
            <class id="CL:0000057" label="fibroblast"/>
            <span end="22368" id="17020410-10278" start="22357">fibroblasts</span>
        </annotation>
        <annotation annotator="Mike Bada, University of Colorado Anschutz Medical Campus" id="CL_basic_2014_02_21_Instance_19685" type="identity">
            <class id="CL:0000057" label="fibroblast"/>
            <span end="22625" id="17020410-10280" start="22614">fibroblasts</span>
        </annotation>
        <annotation annotator="Mike Bada, University of Colorado Anschutz Medical Campus" id="CL_basic_2014_02_21_Instance_19687" type="identity">
            <class id="CL_GO_EXT:cell" label="cell"/>
            <span end="22833" id="17020410-10282" start="22828">cells</span>
        </annotation>
        <annotation annotator="Mike Bada, University of Colorado Anschutz Medical Campus" id="CL_basic_2014_02_21_Instance_19689" type="identity">
            <class id="CL_GO_EXT:cell" label="cell"/>
            <span end="23008" id="17020410-10284" start="23003">cells</span>
        </annotation>
        <annotation annotator="Mike Bada, University of Colorado Anschutz Medical Campus" id="CL_basic_2014_02_21_Instance_19691" type="identity">
            <class id="CL_GO_EXT:cell" label="cell"/>
            <span end="23099" id="17020410-10286" start="23094">cells</span>
        </annotation>
        <annotation annotator="Mike Bada, University of Colorado Anschutz Medical Campus" id="CL_basic_2014_02_21_Instance_19693" type="identity">
            <class id="CL_GO_EXT:cell" label="cell"/>
            <span end="23984" id="17020410-10288" start="23979">cells</span>
        </annotation>
        <annotation annotator="Mike Bada, University of Colorado Anschutz Medical Campus" id="CL_basic_2014_02_21_Instance_11499" type="identity">
            <class id="CL:0000225" label="anucleate cell"/>
            <span end="26215" id="17020410-10215" start="26204">enucleating</span>
            <span end="26236" id="17020410-10216" start="26231">cells</span>
        </annotation>
        <annotation annotator="Mike Bada, University of Colorado Anschutz Medical Campus" id="CL_basic_2014_02_21_Instance_19695" type="identity">
            <class id="CL:0000081" label="blood cell"/>
            <span end="26236" id="17020410-10290" start="26225">blood cells</span>
        </annotation>
        <annotation annotator="Mike Bada, University of Colorado Anschutz Medical Campus" id="CL_basic_2014_02_21_Instance_42798" type="identity">
            <class id="CL:0002559" label="hair follicle cell"/>
            <span end="27038" id="17020410-10340" start="27028">hair-shaft</span>
            <span end="27055" id="17020410-10341" start="27050">cells</span>
        </annotation>
        <annotation annotator="Mike Bada, University of Colorado Anschutz Medical Campus" id="CL_basic_2014_02_21_Instance_19697" type="identity">
            <class id="CL:0000081" label="blood cell"/>
            <span end="27055" id="17020410-10292" start="27044">blood cells</span>
        </annotation>
        <annotation annotator="Mike Bada, University of Colorado Anschutz Medical Campus" id="CL_basic_2014_02_21_Instance_42800" type="identity">
            <class id="CL:0002559" label="hair follicle cell"/>
            <span end="27672" id="17020410-10343" start="27662">hair-shaft</span>
            <span end="27689" id="17020410-10344" start="27684">cells</span>
        </annotation>
        <annotation annotator="Mike Bada, University of Colorado Anschutz Medical Campus" id="CL_basic_2014_02_21_Instance_19699" type="identity">
            <class id="CL:0000081" label="blood cell"/>
            <span end="27689" id="17020410-10294" start="27678">blood cells</span>
        </annotation>
        <annotation annotator="Mike Bada, University of Colorado Anschutz Medical Campus" id="CL_basic_2014_02_21_Instance_26121" type="identity">
            <class id="CL_GO_EXT:cell" label="cell"/>
            <span end="28009" id="17020410-10330" start="28001">cellular</span>
        </annotation>
        <annotation annotator="Mike Bada, University of Colorado Anschutz Medical Campus" id="CL_basic_2014_02_21_Instance_19701" type="identity">
            <class id="CL_GO_EXT:cell" label="cell"/>
            <span end="28679" id="17020410-10296" start="28675">cell</span>
        </annotation>
        <annotation annotator="Mike Bada, University of Colorado Anschutz Medical Campus" id="CL_basic_2014_02_21_Instance_19703" type="identity">
            <class id="CL_GO_EXT:cell" label="cell"/>
            <span end="32430" id="17020410-10298" start="32425">cells</span>
        </annotation>
        <annotation annotator="Mike Bada, University of Colorado Anschutz Medical Campus" id="CL_basic_2014_02_21_Instance_19705" type="identity">
            <class id="CL:0000057" label="fibroblast"/>
            <span end="34135" id="17020410-10300" start="34124">fibroblasts</span>
        </annotation>
        <annotation annotator="Mike Bada, University of Colorado Anschutz Medical Campus" id="CL_basic_2014_02_21_Instance_19707" type="identity">
            <class id="CL_GO_EXT:cell" label="cell"/>
            <span end="35128" id="17020410-10302" start="35124">cell</span>
        </annotation>
        <annotation annotator="Mike Bada, University of Colorado Anschutz Medical Campus" id="CL_basic_2014_02_21_Instance_19709" type="identity">
            <class id="CL_GO_EXT:cell" label="cell"/>
            <span end="35215" id="17020410-10304" start="35210">cells</span>
        </annotation>
        <annotation annotator="Mike Bada, University of Colorado Anschutz Medical Campus" id="CL_basic_2014_02_21_Instance_19711" type="identity">
            <class id="CL_GO_EXT:cell" label="cell"/>
            <span end="35376" id="17020410-10306" start="35372">cell</span>
        </annotation>
        <annotation annotator="Mike Bada, University of Colorado Anschutz Medical Campus" id="CL_basic_2014_02_21_Instance_19713" type="identity">
            <class id="CL:0000057" label="fibroblast"/>
            <span end="35730" id="17020410-10308" start="35719">fibroblasts</span>
        </annotation>
        <annotation annotator="Mike Bada, University of Colorado Anschutz Medical Campus" id="CL_basic_2014_02_21_Instance_19715" type="identity">
            <class id="CL_GO_EXT:cell" label="cell"/>
            <span end="35764" id="17020410-10310" start="35760">cell</span>
        </annotation>
        <annotation annotator="Mike Bada, University of Colorado Anschutz Medical Campus" id="CL_basic_2014_02_21_Instance_19717" type="identity">
            <class id="CL_GO_EXT:cell" label="cell"/>
            <span end="35816" id="17020410-10312" start="35811">cells</span>
        </annotation>
        <annotation annotator="Mike Bada, University of Colorado Anschutz Medical Campus" id="CL_basic_2014_02_21_Instance_19719" type="identity">
            <class id="CL_GO_EXT:cell" label="cell"/>
            <span end="35840" id="17020410-10314" start="35836">cell</span>
        </annotation>
        <annotation annotator="Mike Bada, University of Colorado Anschutz Medical Campus" id="CL_basic_2014_02_21_Instance_24915" type="identity">
            <class id="CL_GO_EXT:cell" label="cell"/>
            <span end="37781" id="17020410-10316" start="37777">Cell</span>
        </annotation>
        <graph-space id="Old Knowtator Relations"/>
    </document>
</knowtator-project>
