<?xml version="1.0" encoding="UTF-8" standalone="no"?>
<knowtator-project>
    <document id="17447844" text-file="17447844.txt">
        <annotation annotator="Mike Bada, University of Colorado Anschutz Medical Campus" id="CL_basic_2014_02_21_Instance_20569" type="identity">
            <class id="CL:0000586" label="germ cell"/>
            <span end="204" id="17447844-11402" start="195">germ cell</span>
        </annotation>
        <annotation annotator="Mike Bada, University of Colorado Anschutz Medical Campus" id="CL_basic_2014_02_21_Instance_20571" type="identity">
            <class id="CL:0000586" label="germ cell"/>
            <span end="1048" id="17447844-11404" start="1038">germ cells</span>
        </annotation>
        <annotation annotator="Mike Bada, University of Colorado Anschutz Medical Campus" id="CL_basic_2014_02_21_Instance_20573" type="identity">
            <class id="CL_GO_EXT:cell" label="cell"/>
            <span end="1111" id="17447844-11406" start="1106">cells</span>
        </annotation>
        <annotation annotator="Mike Bada, University of Colorado Anschutz Medical Campus" id="CL_basic_2014_02_21_Instance_20575" type="identity">
            <class id="CL_GO_EXT:cell" label="cell"/>
            <span end="1171" id="17447844-11408" start="1166">cells</span>
        </annotation>
        <annotation annotator="Mike Bada, University of Colorado Anschutz Medical Campus" id="CL_basic_2014_02_21_Instance_20577" type="identity">
            <class id="CL:0000015" label="male germ cell"/>
            <span end="2309" id="17447844-11410" start="2295">male germ cell</span>
        </annotation>
        <annotation annotator="Mike Bada, University of Colorado Anschutz Medical Campus" id="CL_basic_2014_02_21_Instance_20579" type="identity">
            <class id="CL:0000586" label="germ cell"/>
            <span end="2505" id="17447844-11412" start="2495">germ cells</span>
        </annotation>
        <annotation annotator="Mike Bada, University of Colorado Anschutz Medical Campus" id="CL_basic_2014_02_21_Instance_20581" type="identity">
            <class id="CL_GO_EXT:cell" label="cell"/>
            <span end="2841" id="17447844-11414" start="2836">cells</span>
        </annotation>
        <annotation annotator="Mike Bada, University of Colorado Anschutz Medical Campus" id="CL_basic_2014_02_21_Instance_50615" type="identity">
            <class id="CL:0002371" label="somatic cell"/>
            <span end="3241" id="17447844-11836" start="3228">somatic cells</span>
        </annotation>
        <annotation annotator="Mike Bada, University of Colorado Anschutz Medical Campus" id="CL_basic_2014_02_21_Instance_20585" type="identity">
            <class id="CL:0000300" label="gamete"/>
            <span end="3341" id="17447844-11416" start="3334">gametes</span>
        </annotation>
        <annotation annotator="Mike Bada, University of Colorado Anschutz Medical Campus" id="CL_basic_2014_02_21_Instance_20587" type="identity">
            <class id="CL:0000300" label="gamete"/>
            <span end="3361" id="17447844-11418" start="3354">Gametes</span>
        </annotation>
        <annotation annotator="Mike Bada, University of Colorado Anschutz Medical Campus" id="CL_basic_2014_02_21_Instance_20589" type="identity">
            <class id="CL:0000365" label="zygote"/>
            <span end="3485" id="17447844-11420" start="3479">zygote</span>
        </annotation>
        <annotation annotator="Mike Bada, University of Colorado Anschutz Medical Campus" id="CL_basic_2014_02_21_Instance_20591" type="identity">
            <class id="CL:0000300" label="gamete"/>
            <span end="3534" id="17447844-11422" start="3527">gametes</span>
        </annotation>
        <annotation annotator="Mike Bada, University of Colorado Anschutz Medical Campus" id="CL_basic_2014_02_21_Instance_20593" type="identity">
            <class id="CL:0000300" label="gamete"/>
            <span end="3608" id="17447844-11424" start="3601">gametes</span>
        </annotation>
        <annotation annotator="Mike Bada, University of Colorado Anschutz Medical Campus" id="CL_basic_2014_02_21_Instance_20595" type="identity">
            <class id="CL:0000586" label="germ cell"/>
            <span end="3889" id="17447844-11426" start="3879">germ cells</span>
        </annotation>
        <annotation annotator="Mike Bada, University of Colorado Anschutz Medical Campus" id="CL_basic_2014_02_21_Instance_20597" type="identity">
            <class id="CL:0000023" label="oocyte"/>
            <span end="3995" id="17447844-11428" start="3988">oocytes</span>
        </annotation>
        <annotation annotator="Mike Bada, University of Colorado Anschutz Medical Campus" id="CL_basic_2014_02_21_Instance_20599" type="identity">
            <class id="CL:0000023" label="oocyte"/>
            <span end="4289" id="17447844-11430" start="4283">oocyte</span>
        </annotation>
        <annotation annotator="Mike Bada, University of Colorado Anschutz Medical Campus" id="CL_basic_2014_02_21_Instance_20601" type="identity">
            <class id="CL:0000017" label="spermatocyte"/>
            <span end="4387" id="17447844-11432" start="4374">spermatocytes</span>
        </annotation>
        <annotation annotator="Mike Bada, University of Colorado Anschutz Medical Campus" id="CL_basic_2014_02_21_Instance_20603" type="identity">
            <class id="CL:0000023" label="oocyte"/>
            <span end="4611" id="17447844-11434" start="4605">oocyte</span>
        </annotation>
        <annotation annotator="Mike Bada, University of Colorado Anschutz Medical Campus" id="CL_basic_2014_02_21_Instance_20605" type="identity">
            <class id="CL:0000019" label="sperm"/>
            <span end="4669" id="17447844-11436" start="4664">sperm</span>
        </annotation>
        <annotation annotator="Mike Bada, University of Colorado Anschutz Medical Campus" id="CL_basic_2014_02_21_Instance_20607" type="identity">
            <class id="CL:0000015" label="male germ cell"/>
            <span end="5291" id="17447844-11438" start="5276">male germ cells</span>
        </annotation>
        <annotation annotator="Mike Bada, University of Colorado Anschutz Medical Campus" id="CL_basic_2014_02_21_Instance_20609" type="identity">
            <class id="CL:0000586" label="germ cell"/>
            <span end="8202" id="17447844-11440" start="8192">germ cells</span>
        </annotation>
        <annotation annotator="Mike Bada, University of Colorado Anschutz Medical Campus" id="CL_basic_2014_02_21_Instance_20611" type="identity">
            <class id="CL:0000216" label="Sertoli cell"/>
            <span end="8220" id="17447844-11442" start="8207">Sertoli cells</span>
        </annotation>
        <annotation annotator="Mike Bada, University of Colorado Anschutz Medical Campus" id="CL_basic_2014_02_21_plus_nested_test_Instance_0" type="identity">
            <class id="CL:0000025" label="egg cell"/>
            <span end="8270" id="17447844-11884" start="8264">ovular</span>
        </annotation>
        <annotation annotator="Mike Bada, University of Colorado Anschutz Medical Campus" id="CL_basic_2014_02_21_Instance_20613" type="identity">
            <class id="CL:0000586" label="germ cell"/>
            <span end="8941" id="17447844-11444" start="8931">germ cells</span>
        </annotation>
        <annotation annotator="Mike Bada, University of Colorado Anschutz Medical Campus" id="CL_basic_2014_02_21_Instance_11535" type="identity">
            <class id="CL:0000015" label="male germ cell"/>
            <span end="8993" id="17447844-11395" start="8989">male</span>
            <span end="9014" id="17447844-11396" start="9004">germ cells</span>
        </annotation>
        <annotation annotator="Mike Bada, University of Colorado Anschutz Medical Campus" id="CL_basic_2014_02_21_Instance_20615" type="identity">
            <class id="CL_GO_EXT:cell" label="cell"/>
            <span end="9257" id="17447844-11446" start="9252">cells</span>
        </annotation>
        <annotation annotator="Mike Bada, University of Colorado Anschutz Medical Campus" id="CL_basic_2014_02_21_plus_nested_Instance_50836" type="identity">
            <class id="CL_GO_EXT:cell" label="cell"/>
            <span end="11052" id="17447844-11882" start="11044">cellular</span>
        </annotation>
        <annotation annotator="Mike Bada, University of Colorado Anschutz Medical Campus" id="CL_basic_2014_02_21_Instance_20617" type="identity">
            <class id="CL:0000017" label="spermatocyte"/>
            <span end="11318" id="17447844-11448" start="11305">spermatocytes</span>
        </annotation>
        <annotation annotator="Mike Bada, University of Colorado Anschutz Medical Campus" id="CL_basic_2014_02_21_Instance_20619" type="identity">
            <class id="CL:0000017" label="spermatocyte"/>
            <span end="11731" id="17447844-11450" start="11718">spermatocytes</span>
        </annotation>
        <annotation annotator="Mike Bada, University of Colorado Anschutz Medical Campus" id="CL_basic_2014_02_21_Instance_20621" type="identity">
            <class id="CL:0000019" label="sperm"/>
            <span end="11764" id="17447844-11452" start="11759">sperm</span>
        </annotation>
        <annotation annotator="Mike Bada, University of Colorado Anschutz Medical Campus" id="CL_basic_2014_02_21_Instance_20623" type="identity">
            <class id="CL:0000586" label="germ cell"/>
            <span end="11806" id="17447844-11454" start="11797">germ cell</span>
        </annotation>
        <annotation annotator="Mike Bada, University of Colorado Anschutz Medical Campus" id="CL_basic_2014_02_21_Instance_10083" type="identity">
            <class id="CL:0000020" label="spermatogonium"/>
            <span end="11836" id="17447844-11355" start="11823">spermatogonia</span>
        </annotation>
        <annotation annotator="Mike Bada, University of Colorado Anschutz Medical Campus" id="CL_basic_2014_02_21_Instance_20625" type="identity">
            <class id="CL:0000018" label="spermatid"/>
            <span end="11857" id="17447844-11456" start="11847">spermatids</span>
        </annotation>
        <annotation annotator="Mike Bada, University of Colorado Anschutz Medical Campus" id="CL_basic_2014_02_21_Instance_50622" type="identity">
            <class id="CL:0002371" label="somatic cell"/>
            <span end="11907" id="17447844-11838" start="11894">somatic cells</span>
        </annotation>
        <annotation annotator="Mike Bada, University of Colorado Anschutz Medical Campus" id="CL_basic_2014_02_21_Instance_20629" type="identity">
            <class id="CL:0000216" label="Sertoli cell"/>
            <span end="11929" id="17447844-11458" start="11916">Sertoli cells</span>
        </annotation>
        <annotation annotator="Mike Bada, University of Colorado Anschutz Medical Campus" id="CL_basic_2014_02_21_Instance_50625" type="identity">
            <class id="CL:0002481" label="peritubular myoid cell"/>
            <span end="11954" id="17447844-11840" start="11931">peritubular myoid cells</span>
        </annotation>
        <annotation annotator="Mike Bada, University of Colorado Anschutz Medical Campus" id="CL_basic_2014_02_21_Instance_20633" type="identity">
            <class id="CL:0000178" label="Leydig cell"/>
            <span end="11971" id="17447844-11460" start="11959">Leydig cells</span>
        </annotation>
        <annotation annotator="Mike Bada, University of Colorado Anschutz Medical Campus" id="CL_basic_2014_02_21_Instance_20635" type="identity">
            <class id="CL:0000216" label="Sertoli cell"/>
            <span end="12123" id="17447844-11462" start="12110">Sertoli cells</span>
        </annotation>
        <annotation annotator="Mike Bada, University of Colorado Anschutz Medical Campus" id="CL_basic_2014_02_21_Instance_20637" type="identity">
            <class id="CL:0000017" label="spermatocyte"/>
            <span end="12230" id="17447844-11464" start="12217">spermatocytes</span>
        </annotation>
        <annotation annotator="Mike Bada, University of Colorado Anschutz Medical Campus" id="CL_basic_2014_02_21_Instance_20639" type="identity">
            <class id="CL:0000017" label="spermatocyte"/>
            <span end="12355" id="17447844-11466" start="12342">spermatocytes</span>
        </annotation>
        <annotation annotator="Mike Bada, University of Colorado Anschutz Medical Campus" id="CL_basic_2014_02_21_Instance_20641" type="identity">
            <class id="CL:0000019" label="sperm"/>
            <span end="13516" id="17447844-11468" start="13511">sperm</span>
        </annotation>
        <annotation annotator="Mike Bada, University of Colorado Anschutz Medical Campus" id="CL_basic_2014_02_21_Instance_20643" type="identity">
            <class id="CL:0000019" label="sperm"/>
            <span end="13584" id="17447844-11470" start="13579">sperm</span>
        </annotation>
        <annotation annotator="Mike Bada, University of Colorado Anschutz Medical Campus" id="CL_basic_2014_02_21_Instance_20645" type="identity">
            <class id="CL:0000017" label="spermatocyte"/>
            <span end="13708" id="17447844-11472" start="13695">spermatocytes</span>
        </annotation>
        <annotation annotator="Mike Bada, University of Colorado Anschutz Medical Campus" id="CL_basic_2014_02_21_Instance_50628" type="identity">
            <class id="CL:0002322" label="embryonic stem cell"/>
            <span end="13876" id="17447844-11842" start="13862">embryonic stem</span>
            <span end="13887" id="17447844-11843" start="13882">cells</span>
        </annotation>
        <annotation annotator="Mike Bada, University of Colorado Anschutz Medical Campus" id="CL_basic_2014_02_21_plus_nested_test_Instance_10091" type="identity">
            <class id="CL:0002322" label="embryonic stem cell"/>
            <span end="13880" id="17447844-11886" start="13878">ES</span>
            <span end="13887" id="17447844-11887" start="13882">cells</span>
        </annotation>
        <annotation annotator="Mike Bada, University of Colorado Anschutz Medical Campus" id="CL_basic_2014_02_21_Instance_50632" type="identity">
            <class id="CL:0002322" label="embryonic stem cell"/>
            <span end="14619" id="17447844-11845" start="14612">ES cell</span>
        </annotation>
        <annotation annotator="Mike Bada, University of Colorado Anschutz Medical Campus" id="CL_basic_2014_02_21_Instance_20649" type="identity">
            <class id="CL_GO_EXT:cell" label="cell"/>
            <span end="14679" id="17447844-11474" start="14674">cells</span>
        </annotation>
        <annotation annotator="Mike Bada, University of Colorado Anschutz Medical Campus" id="CL_basic_2014_02_21_Instance_20651" type="identity">
            <class id="CL_GO_EXT:cell" label="cell"/>
            <span end="14753" id="17447844-11476" start="14749">cell</span>
        </annotation>
        <annotation annotator="Mike Bada, University of Colorado Anschutz Medical Campus" id="CL_basic_2014_02_21_Instance_10087" type="identity">
            <class id="CL:0000020" label="spermatogonium"/>
            <span end="16372" id="17447844-11357" start="16359">spermatogonia</span>
        </annotation>
        <annotation annotator="Mike Bada, University of Colorado Anschutz Medical Campus" id="CL_basic_2014_02_21_Instance_20653" type="identity">
            <class id="CL:0000586" label="germ cell"/>
            <span end="16401" id="17447844-11478" start="16391">germ cells</span>
        </annotation>
        <annotation annotator="Mike Bada, University of Colorado Anschutz Medical Campus" id="CL_basic_2014_02_21_Instance_20655" type="identity">
            <class id="CL:0000586" label="germ cell"/>
            <span end="16636" id="17447844-11480" start="16626">germ cells</span>
        </annotation>
        <annotation annotator="Mike Bada, University of Colorado Anschutz Medical Campus" id="CL_basic_2014_02_21_Instance_20657" type="identity">
            <class id="CL:0000586" label="germ cell"/>
            <span end="16688" id="17447844-11482" start="16678">germ cells</span>
        </annotation>
        <annotation annotator="Mike Bada, University of Colorado Anschutz Medical Campus" id="CL_basic_2014_02_21_Instance_20659" type="identity">
            <class id="CL:0000018" label="spermatid"/>
            <span end="16786" id="17447844-11484" start="16776">spermatids</span>
        </annotation>
        <annotation annotator="Mike Bada, University of Colorado Anschutz Medical Campus" id="CL_basic_2014_02_21_Instance_10089" type="identity">
            <class id="CL:0000019" label="sperm"/>
            <span end="16818" id="17447844-11359" start="16807">spermatozoa</span>
        </annotation>
        <annotation annotator="Mike Bada, University of Colorado Anschutz Medical Campus" id="CL_basic_2014_02_21_Instance_20661" type="identity">
            <class id="CL_GO_EXT:cell" label="cell"/>
            <span end="16840" id="17447844-11486" start="16835">cells</span>
        </annotation>
        <annotation annotator="Mike Bada, University of Colorado Anschutz Medical Campus" id="CL_basic_2014_02_21_Instance_20663" type="identity">
            <class id="CL:0000018" label="spermatid"/>
            <span end="16871" id="17447844-11488" start="16862">spermatid</span>
        </annotation>
        <annotation annotator="Mike Bada, University of Colorado Anschutz Medical Campus" id="CL_basic_2014_02_21_Instance_20665" type="identity">
            <class id="CL:0000216" label="Sertoli cell"/>
            <span end="17074" id="17447844-11490" start="17061">Sertoli cells</span>
        </annotation>
        <annotation annotator="Mike Bada, University of Colorado Anschutz Medical Campus" id="CL_basic_2014_02_21_Instance_10091" type="identity">
            <class id="CL:0000020" label="spermatogonium"/>
            <span end="17092" id="17447844-11361" start="17079">spermatogonia</span>
        </annotation>
        <annotation annotator="Mike Bada, University of Colorado Anschutz Medical Campus" id="CL_basic_2014_02_21_Instance_20667" type="identity">
            <class id="CL:0000656" label="primary spermatocyte"/>
            <span end="17136" id="17447844-11492" start="17115">primary spermatocytes</span>
        </annotation>
        <annotation annotator="Mike Bada, University of Colorado Anschutz Medical Campus" id="CL_basic_2014_02_21_Instance_10093" type="identity">
            <class id="CL:0000228" label="multinucleate cell"/>
            <span end="17192" id="17447844-11363" start="17172">multinucleated cells</span>
        </annotation>
        <annotation annotator="Mike Bada, University of Colorado Anschutz Medical Campus" id="CL_basic_2014_02_21_Instance_50636" type="identity">
            <class id="CL:0002242" label="nucleate cell"/>
            <span end="17207" id="17447844-11847" start="17197">cells with</span>
            <span end="17229" id="17447844-11848" start="17223">nuclei</span>
        </annotation>
        <annotation annotator="Mike Bada, University of Colorado Anschutz Medical Campus" id="CL_basic_2014_02_21_Instance_10095" type="identity">
            <class id="CL:0000445" label="apoptosis fated cell"/>
            <span end="17265" id="17447844-11365" start="17250">apoptotic cells</span>
        </annotation>
        <annotation annotator="Mike Bada, University of Colorado Anschutz Medical Campus" id="CL_basic_2014_02_21_Instance_20671" type="identity">
            <class id="CL:0000586" label="germ cell"/>
            <span end="17323" id="17447844-11494" start="17314">Germ Cell</span>
        </annotation>
        <annotation annotator="Mike Bada, University of Colorado Anschutz Medical Campus" id="CL_basic_2014_02_21_Instance_20673" type="identity">
            <class id="CL:0000017" label="spermatocyte"/>
            <span end="17748" id="17447844-11496" start="17735">spermatocytes</span>
        </annotation>
        <annotation annotator="Mike Bada, University of Colorado Anschutz Medical Campus" id="CL_basic_2014_02_21_Instance_20675" type="identity">
            <class id="CL_GO_EXT:cell" label="cell"/>
            <span end="17771" id="17447844-11498" start="17766">cells</span>
        </annotation>
        <annotation annotator="Mike Bada, University of Colorado Anschutz Medical Campus" id="CL_basic_2014_02_21_Instance_20677" type="identity">
            <class id="CL:0000228" label="multinucleate cell"/>
            <span end="17887" id="17447844-11500" start="17868">multinucleate cells</span>
        </annotation>
        <annotation annotator="Mike Bada, University of Colorado Anschutz Medical Campus" id="CL_basic_2014_02_21_Instance_10097" type="identity">
            <class id="CL:0000445" label="apoptosis fated cell"/>
            <span end="18083" id="17447844-11367" start="18068">apoptotic cells</span>
        </annotation>
        <annotation annotator="Mike Bada, University of Colorado Anschutz Medical Campus" id="CL_basic_2014_02_21_Instance_10099" type="identity">
            <class id="CL:0000445" label="apoptosis fated cell"/>
            <span end="18157" id="17447844-11369" start="18142">Apoptotic cells</span>
        </annotation>
        <annotation annotator="Mike Bada, University of Colorado Anschutz Medical Campus" id="CL_basic_2014_02_21_Instance_20679" type="identity">
            <class id="CL_GO_EXT:cell" label="cell"/>
            <span end="18357" id="17447844-11502" start="18352">cells</span>
        </annotation>
        <annotation annotator="Mike Bada, University of Colorado Anschutz Medical Campus" id="CL_basic_2014_02_21_Instance_20681" type="identity">
            <class id="CL_GO_EXT:cell" label="cell"/>
            <span end="18415" id="17447844-11504" start="18410">cells</span>
        </annotation>
        <annotation annotator="Mike Bada, University of Colorado Anschutz Medical Campus" id="CL_basic_2014_02_21_Instance_10101" type="identity">
            <class id="CL:0000445" label="apoptosis fated cell"/>
            <span end="18516" id="17447844-11371" start="18501">apoptotic cells</span>
        </annotation>
        <annotation annotator="Mike Bada, University of Colorado Anschutz Medical Campus" id="CL_basic_2014_02_21_Instance_10103" type="identity">
            <class id="CL:0000445" label="apoptosis fated cell"/>
            <span end="18834" id="17447844-11373" start="18819">apoptotic cells</span>
        </annotation>
        <annotation annotator="Mike Bada, University of Colorado Anschutz Medical Campus" id="CL_basic_2014_02_21_Instance_10105" type="identity">
            <class id="CL:0000445" label="apoptosis fated cell"/>
            <span end="18897" id="17447844-11375" start="18882">apoptotic cells</span>
        </annotation>
        <annotation annotator="Mike Bada, University of Colorado Anschutz Medical Campus" id="CL_basic_2014_02_21_Instance_20683" type="identity">
            <class id="CL:0000216" label="Sertoli cell"/>
            <span end="18992" id="17447844-11506" start="18979">Sertoli cells</span>
        </annotation>
        <annotation annotator="Mike Bada, University of Colorado Anschutz Medical Campus" id="CL_basic_2014_02_21_Instance_50638" type="identity">
            <class id="CL:0002371" label="somatic cell"/>
            <span end="19108" id="17447844-11850" start="19096">somatic cell</span>
        </annotation>
        <annotation annotator="Mike Bada, University of Colorado Anschutz Medical Campus" id="CL_basic_2014_02_21_Instance_20687" type="identity">
            <class id="CL_GO_EXT:cell" label="cell"/>
            <span end="19324" id="17447844-11508" start="19319">cells</span>
        </annotation>
        <annotation annotator="Mike Bada, University of Colorado Anschutz Medical Campus" id="CL_basic_2014_02_21_Instance_20689" type="identity">
            <class id="CL:0000586" label="germ cell"/>
            <span end="19370" id="17447844-11510" start="19360">Germ Cells</span>
        </annotation>
        <annotation annotator="Mike Bada, University of Colorado Anschutz Medical Campus" id="CL_basic_2014_02_21_Instance_20691" type="identity">
            <class id="CL:0000015" label="male germ cell"/>
            <span end="19446" id="17447844-11512" start="19431">male germ cells</span>
        </annotation>
        <annotation annotator="Mike Bada, University of Colorado Anschutz Medical Campus" id="CL_basic_2014_02_21_Instance_20693" type="identity">
            <class id="CL:0000586" label="germ cell"/>
            <span end="19522" id="17447844-11514" start="19513">germ cell</span>
        </annotation>
        <annotation annotator="Mike Bada, University of Colorado Anschutz Medical Campus" id="CL_basic_2014_02_21_Instance_50640" type="identity">
            <class id="CL:0000670" label="primordial germ cell"/>
            <span end="19558" id="17447844-11852" start="19554">PGCs</span>
        </annotation>
        <annotation annotator="Mike Bada, University of Colorado Anschutz Medical Campus" id="CL_basic_2014_02_21_Instance_10107" type="identity">
            <class id="CL:0000020" label="spermatogonium"/>
            <span end="19576" id="17447844-11377" start="19563">spermatogonia</span>
        </annotation>
        <annotation annotator="Mike Bada, University of Colorado Anschutz Medical Campus" id="CL_basic_2014_02_21_Instance_20695" type="identity">
            <class id="CL_GO_EXT:cell" label="cell"/>
            <span end="19652" id="17447844-11516" start="19647">cells</span>
        </annotation>
        <annotation annotator="Mike Bada, University of Colorado Anschutz Medical Campus" id="CL_basic_2014_02_21_Instance_20697" type="identity">
            <class id="CL_GO_EXT:cell" label="cell"/>
            <span end="19674" id="17447844-11518" start="19670">cell</span>
        </annotation>
        <annotation annotator="Mike Bada, University of Colorado Anschutz Medical Campus" id="CL_basic_2014_02_21_Instance_20699" type="identity">
            <class id="CL_GO_EXT:cell" label="cell"/>
            <span end="19734" id="17447844-11520" start="19729">cells</span>
        </annotation>
        <annotation annotator="Mike Bada, University of Colorado Anschutz Medical Campus" id="CL_basic_2014_02_21_Instance_20701" type="identity">
            <class id="CL_GO_EXT:cell" label="cell"/>
            <span end="19804" id="17447844-11522" start="19799">cells</span>
        </annotation>
        <annotation annotator="Mike Bada, University of Colorado Anschutz Medical Campus" id="CL_basic_2014_02_21_Instance_20703" type="identity">
            <class id="CL:0000017" label="spermatocyte"/>
            <span end="19864" id="17447844-11524" start="19851">spermatocytes</span>
        </annotation>
        <annotation annotator="Mike Bada, University of Colorado Anschutz Medical Campus" id="CL_basic_2014_02_21_Instance_20705" type="identity">
            <class id="CL_GO_EXT:cell" label="cell"/>
            <span end="19956" id="17447844-11526" start="19951">cells</span>
        </annotation>
        <annotation annotator="Mike Bada, University of Colorado Anschutz Medical Campus" id="CL_basic_2014_02_21_Instance_20707" type="identity">
            <class id="CL_GO_EXT:cell" label="cell"/>
            <span end="20046" id="17447844-11528" start="20041">cells</span>
        </annotation>
        <annotation annotator="Mike Bada, University of Colorado Anschutz Medical Campus" id="CL_basic_2014_02_21_Instance_20709" type="identity">
            <class id="CL:0000017" label="spermatocyte"/>
            <span end="20201" id="17447844-11530" start="20188">spermatocytes</span>
        </annotation>
        <annotation annotator="Mike Bada, University of Colorado Anschutz Medical Campus" id="CL_basic_2014_02_21_Instance_20711" type="identity">
            <class id="CL:0000018" label="spermatid"/>
            <span end="20230" id="17447844-11532" start="20220">spermatids</span>
        </annotation>
        <annotation annotator="Mike Bada, University of Colorado Anschutz Medical Campus" id="CL_basic_2014_02_21_Instance_20713" type="identity">
            <class id="CL_GO_EXT:cell" label="cell"/>
            <span end="20303" id="17447844-11534" start="20298">cells</span>
        </annotation>
        <annotation annotator="Mike Bada, University of Colorado Anschutz Medical Campus" id="CL_basic_2014_02_21_Instance_20715" type="identity">
            <class id="CL_GO_EXT:cell" label="cell"/>
            <span end="20408" id="17447844-11536" start="20403">cells</span>
        </annotation>
        <annotation annotator="Mike Bada, University of Colorado Anschutz Medical Campus" id="CL_basic_2014_02_21_Instance_20717" type="identity">
            <class id="CL:0000017" label="spermatocyte"/>
            <span end="20449" id="17447844-11538" start="20437">spermatocyte</span>
        </annotation>
        <annotation annotator="Mike Bada, University of Colorado Anschutz Medical Campus" id="CL_basic_2014_02_21_Instance_20719" type="identity">
            <class id="CL_GO_EXT:cell" label="cell"/>
            <span end="20623" id="17447844-11540" start="20618">cells</span>
        </annotation>
        <annotation annotator="Mike Bada, University of Colorado Anschutz Medical Campus" id="CL_basic_2014_02_21_Instance_20721" type="identity">
            <class id="CL_GO_EXT:cell" label="cell"/>
            <span end="20665" id="17447844-11542" start="20660">cells</span>
        </annotation>
        <annotation annotator="Mike Bada, University of Colorado Anschutz Medical Campus" id="CL_basic_2014_02_21_Instance_20723" type="identity">
            <class id="CL_GO_EXT:cell" label="cell"/>
            <span end="20857" id="17447844-11544" start="20852">cells</span>
        </annotation>
        <annotation annotator="Mike Bada, University of Colorado Anschutz Medical Campus" id="CL_basic_2014_02_21_Instance_12601" type="identity">
            <class id="CL:0000586" label="germ cell"/>
            <span end="20914" id="17447844-11400" start="20904">Germ Cells</span>
        </annotation>
        <annotation annotator="Mike Bada, University of Colorado Anschutz Medical Campus" id="CL_basic_2014_02_21_Instance_20725" type="identity">
            <class id="CL_GO_EXT:cell" label="cell"/>
            <span end="21067" id="17447844-11546" start="21062">cells</span>
        </annotation>
        <annotation annotator="Mike Bada, University of Colorado Anschutz Medical Campus" id="CL_basic_2014_02_21_Instance_10109" type="identity">
            <class id="CL:0000020" label="spermatogonium"/>
            <span end="21118" id="17447844-11379" start="21105">spermatogonia</span>
        </annotation>
        <annotation annotator="Mike Bada, University of Colorado Anschutz Medical Campus" id="CL_basic_2014_02_21_Instance_20727" type="identity">
            <class id="CL:0000017" label="spermatocyte"/>
            <span end="21201" id="17447844-11548" start="21188">spermatocytes</span>
        </annotation>
        <annotation annotator="Mike Bada, University of Colorado Anschutz Medical Campus" id="CL_basic_2014_02_21_Instance_20729" type="identity">
            <class id="CL:0000586" label="germ cell"/>
            <span end="21304" id="17447844-11550" start="21294">germ cells</span>
        </annotation>
        <annotation annotator="Mike Bada, University of Colorado Anschutz Medical Campus" id="CL_basic_2014_02_21_Instance_20731" type="identity">
            <class id="CL:0000586" label="germ cell"/>
            <span end="21471" id="17447844-11552" start="21461">germ cells</span>
        </annotation>
        <annotation annotator="Mike Bada, University of Colorado Anschutz Medical Campus" id="CL_basic_2014_02_21_Instance_20733" type="identity">
            <class id="CL:0000586" label="germ cell"/>
            <span end="21730" id="17447844-11554" start="21720">Germ Cells</span>
        </annotation>
        <annotation annotator="Mike Bada, University of Colorado Anschutz Medical Campus" id="CL_basic_2014_02_21_Instance_20735" type="identity">
            <class id="CL:0000017" label="spermatocyte"/>
            <span end="22352" id="17447844-11556" start="22339">spermatocytes</span>
        </annotation>
        <annotation annotator="Mike Bada, University of Colorado Anschutz Medical Campus" id="CL_basic_2014_02_21_Instance_20737" type="identity">
            <class id="CL:0000017" label="spermatocyte"/>
            <span end="22541" id="17447844-11558" start="22528">spermatocytes</span>
        </annotation>
        <annotation annotator="Mike Bada, University of Colorado Anschutz Medical Campus" id="CL_basic_2014_02_21_Instance_20739" type="identity">
            <class id="CL_GO_EXT:cell" label="cell"/>
            <span end="22715" id="17447844-11560" start="22710">cells</span>
        </annotation>
        <annotation annotator="Mike Bada, University of Colorado Anschutz Medical Campus" id="CL_basic_2014_02_21_Instance_20741" type="identity">
            <class id="CL:0000586" label="germ cell"/>
            <span end="23052" id="17447844-11562" start="23042">Germ Cells</span>
        </annotation>
        <annotation annotator="Mike Bada, University of Colorado Anschutz Medical Campus" id="CL_basic_2014_02_21_Instance_20743" type="identity">
            <class id="CL_GO_EXT:cell" label="cell"/>
            <span end="23074" id="17447844-11564" start="23069">cells</span>
        </annotation>
        <annotation annotator="Mike Bada, University of Colorado Anschutz Medical Campus" id="CL_basic_2014_02_21_Instance_20745" type="identity">
            <class id="CL_GO_EXT:cell" label="cell"/>
            <span end="23442" id="17447844-11566" start="23437">cells</span>
        </annotation>
        <annotation annotator="Mike Bada, University of Colorado Anschutz Medical Campus" id="CL_basic_2014_02_21_Instance_20747" type="identity">
            <class id="CL_GO_EXT:cell" label="cell"/>
            <span end="23465" id="17447844-11568" start="23460">cells</span>
        </annotation>
        <annotation annotator="Mike Bada, University of Colorado Anschutz Medical Campus" id="CL_basic_2014_02_21_Instance_20749" type="identity">
            <class id="CL:0000017" label="spermatocyte"/>
            <span end="23651" id="17447844-11570" start="23638">spermatocytes</span>
        </annotation>
        <annotation annotator="Mike Bada, University of Colorado Anschutz Medical Campus" id="CL_basic_2014_02_21_Instance_10111" type="identity">
            <class id="CL_GO_EXT:cell" label="cell"/>
            <span end="23671" id="17447844-11381" start="23663">Cellular</span>
        </annotation>
        <annotation annotator="Mike Bada, University of Colorado Anschutz Medical Campus" id="CL_basic_2014_02_21_Instance_20751" type="identity">
            <class id="CL:0000216" label="Sertoli cell"/>
            <span end="23714" id="17447844-11572" start="23701">Sertoli Cells</span>
        </annotation>
        <annotation annotator="Mike Bada, University of Colorado Anschutz Medical Campus" id="CL_basic_2014_02_21_Instance_20753" type="identity">
            <class id="CL:0000216" label="Sertoli cell"/>
            <span end="23729" id="17447844-11574" start="23716">Sertoli cells</span>
        </annotation>
        <annotation annotator="Mike Bada, University of Colorado Anschutz Medical Campus" id="CL_basic_2014_02_21_Instance_20755" type="identity">
            <class id="CL:0000586" label="germ cell"/>
            <span end="23754" id="17447844-11576" start="23744">germ cells</span>
        </annotation>
        <annotation annotator="Mike Bada, University of Colorado Anschutz Medical Campus" id="CL_basic_2014_02_21_Instance_20757" type="identity">
            <class id="CL:0000586" label="germ cell"/>
            <span end="23823" id="17447844-11578" start="23814">germ cell</span>
        </annotation>
        <annotation annotator="Mike Bada, University of Colorado Anschutz Medical Campus" id="CL_basic_2014_02_21_Instance_20759" type="identity">
            <class id="CL:0000216" label="Sertoli cell"/>
            <span end="23901" id="17447844-11580" start="23888">Sertoli cells</span>
        </annotation>
        <annotation annotator="Mike Bada, University of Colorado Anschutz Medical Campus" id="CL_basic_2014_02_21_Instance_20761" type="identity">
            <class id="CL:0000216" label="Sertoli cell"/>
            <span end="23984" id="17447844-11582" start="23972">Sertoli cell</span>
        </annotation>
        <annotation annotator="Mike Bada, University of Colorado Anschutz Medical Campus" id="CL_basic_2014_02_21_Instance_20763" type="identity">
            <class id="CL:0000216" label="Sertoli cell"/>
            <span end="24095" id="17447844-11584" start="24083">Sertoli cell</span>
        </annotation>
        <annotation annotator="Mike Bada, University of Colorado Anschutz Medical Campus" id="CL_basic_2014_02_21_Instance_20765" type="identity">
            <class id="CL:0000216" label="Sertoli cell"/>
            <span end="24155" id="17447844-11586" start="24143">Sertoli cell</span>
        </annotation>
        <annotation annotator="Mike Bada, University of Colorado Anschutz Medical Campus" id="CL_basic_2014_02_21_Instance_20767" type="identity">
            <class id="CL:0000216" label="Sertoli cell"/>
            <span end="24215" id="17447844-11588" start="24202">Sertoli cells</span>
        </annotation>
        <annotation annotator="Mike Bada, University of Colorado Anschutz Medical Campus" id="CL_basic_2014_02_21_Instance_20769" type="identity">
            <class id="CL:0000216" label="Sertoli cell"/>
            <span end="24249" id="17447844-11590" start="24237">Sertoli cell</span>
        </annotation>
        <annotation annotator="Mike Bada, University of Colorado Anschutz Medical Campus" id="CL_basic_2014_02_21_Instance_20771" type="identity">
            <class id="CL:0000216" label="Sertoli cell"/>
            <span end="24459" id="17447844-11592" start="24446">Sertoli cells</span>
        </annotation>
        <annotation annotator="Mike Bada, University of Colorado Anschutz Medical Campus" id="CL_basic_2014_02_21_Instance_20773" type="identity">
            <class id="CL:0000216" label="Sertoli cell"/>
            <span end="24540" id="17447844-11594" start="24528">Sertoli cell</span>
        </annotation>
        <annotation annotator="Mike Bada, University of Colorado Anschutz Medical Campus" id="CL_basic_2014_02_21_Instance_20775" type="identity">
            <class id="CL:0000586" label="germ cell"/>
            <span end="24686" id="17447844-11596" start="24676">germ cells</span>
        </annotation>
        <annotation annotator="Mike Bada, University of Colorado Anschutz Medical Campus" id="CL_basic_2014_02_21_Instance_20777" type="identity">
            <class id="CL:0000017" label="spermatocyte"/>
            <span end="24704" id="17447844-11598" start="24691">spermatocytes</span>
        </annotation>
        <annotation annotator="Mike Bada, University of Colorado Anschutz Medical Campus" id="CL_basic_2014_02_21_Instance_20779" type="identity">
            <class id="CL:0000586" label="germ cell"/>
            <span end="24763" id="17447844-11600" start="24753">germ cells</span>
        </annotation>
        <annotation annotator="Mike Bada, University of Colorado Anschutz Medical Campus" id="CL_basic_2014_02_21_Instance_20781" type="identity">
            <class id="CL:0000216" label="Sertoli cell"/>
            <span end="24832" id="17447844-11602" start="24820">Sertoli Cell</span>
        </annotation>
        <annotation annotator="Mike Bada, University of Colorado Anschutz Medical Campus" id="CL_basic_2014_02_21_Instance_20783" type="identity">
            <class id="CL:0000216" label="Sertoli cell"/>
            <span end="25109" id="17447844-11604" start="25097">Sertoli cell</span>
        </annotation>
        <annotation annotator="Mike Bada, University of Colorado Anschutz Medical Campus" id="CL_basic_2014_02_21_Instance_20785" type="identity">
            <class id="CL:0000216" label="Sertoli cell"/>
            <span end="25231" id="17447844-11606" start="25219">Sertoli cell</span>
        </annotation>
        <annotation annotator="Mike Bada, University of Colorado Anschutz Medical Campus" id="CL_basic_2014_02_21_Instance_20787" type="identity">
            <class id="CL:0000216" label="Sertoli cell"/>
            <span end="25313" id="17447844-11608" start="25300">Sertoli cells</span>
        </annotation>
        <annotation annotator="Mike Bada, University of Colorado Anschutz Medical Campus" id="CL_basic_2014_02_21_Instance_10113" type="identity">
            <class id="CL:0000216" label="Sertoli cell"/>
            <span end="25477" id="17447844-11383" start="25465">Sertoli cell</span>
        </annotation>
        <annotation annotator="Mike Bada, University of Colorado Anschutz Medical Campus" id="CL_basic_2014_02_21_Instance_50670" type="identity">
            <class id="CL:0000216" label="Sertoli cell"/>
            <span end="25503" id="17447844-11874" start="25501">SC</span>
        </annotation>
        <annotation annotator="Mike Bada, University of Colorado Anschutz Medical Campus" id="CL_basic_2014_02_21_Instance_50673" type="identity">
            <class id="CL:0000216" label="Sertoli cell"/>
            <span end="25605" id="17447844-11876" start="25603">SC</span>
        </annotation>
        <annotation annotator="Mike Bada, University of Colorado Anschutz Medical Campus" id="CL_basic_2014_02_21_Instance_50677" type="identity">
            <class id="CL:0000216" label="Sertoli cell"/>
            <span end="25674" id="17447844-11878" start="25672">SC</span>
        </annotation>
        <annotation annotator="Mike Bada, University of Colorado Anschutz Medical Campus" id="CL_basic_2014_02_21_Instance_20789" type="identity">
            <class id="CL:0000216" label="Sertoli cell"/>
            <span end="25805" id="17447844-11610" start="25793">Sertoli cell</span>
        </annotation>
        <annotation annotator="Mike Bada, University of Colorado Anschutz Medical Campus" id="CL_basic_2014_02_21_Instance_50680" type="identity">
            <class id="CL:0000216" label="Sertoli cell"/>
            <span end="25866" id="17447844-11880" start="25864">SC</span>
        </annotation>
        <annotation annotator="Mike Bada, University of Colorado Anschutz Medical Campus" id="CL_basic_2014_02_21_Instance_20791" type="identity">
            <class id="CL:0000216" label="Sertoli cell"/>
            <span end="25907" id="17447844-11612" start="25895">Sertoli cell</span>
        </annotation>
        <annotation annotator="Mike Bada, University of Colorado Anschutz Medical Campus" id="CL_basic_2014_02_21_Instance_20793" type="identity">
            <class id="CL:0000586" label="germ cell"/>
            <span end="25985" id="17447844-11614" start="25976">germ cell</span>
        </annotation>
        <annotation annotator="Mike Bada, University of Colorado Anschutz Medical Campus" id="CL_basic_2014_02_21_Instance_20795" type="identity">
            <class id="CL:0000216" label="Sertoli cell"/>
            <span end="26048" id="17447844-11616" start="26036">Sertoli cell</span>
        </annotation>
        <annotation annotator="Mike Bada, University of Colorado Anschutz Medical Campus" id="CL_basic_2014_02_21_Instance_20797" type="identity">
            <class id="CL:0000216" label="Sertoli cell"/>
            <span end="26126" id="17447844-11618" start="26114">Sertoli cell</span>
        </annotation>
        <annotation annotator="Mike Bada, University of Colorado Anschutz Medical Campus" id="CL_basic_2014_02_21_Instance_10115" type="identity">
            <class id="CL:0000216" label="Sertoli cell"/>
            <span end="26309" id="17447844-11385" start="26296">Sertoli cells</span>
        </annotation>
        <annotation annotator="Mike Bada, University of Colorado Anschutz Medical Campus" id="CL_basic_2014_02_21_Instance_20799" type="identity">
            <class id="CL:0000586" label="germ cell"/>
            <span end="26331" id="17447844-11620" start="26321">germ cells</span>
        </annotation>
        <annotation annotator="Mike Bada, University of Colorado Anschutz Medical Campus" id="CL_basic_2014_02_21_Instance_20801" type="identity">
            <class id="CL:0000216" label="Sertoli cell"/>
            <span end="26376" id="17447844-11622" start="26363">Sertoli cells</span>
        </annotation>
        <annotation annotator="Mike Bada, University of Colorado Anschutz Medical Campus" id="CL_basic_2014_02_21_Instance_10117" type="identity">
            <class id="CL:0000216" label="Sertoli cell"/>
            <span end="26461" id="17447844-11387" start="26454">Sertoli</span>
        </annotation>
        <annotation annotator="Mike Bada, University of Colorado Anschutz Medical Campus" id="CL_basic_2014_02_21_Instance_50644" type="identity">
            <class id="CL:0000216" label="Sertoli cell"/>
            <span end="26474" id="17447844-11854" start="26472">SC</span>
        </annotation>
        <annotation annotator="Mike Bada, University of Colorado Anschutz Medical Campus" id="CL_basic_2014_02_21_Instance_50647" type="identity">
            <class id="CL:0000216" label="Sertoli cell"/>
            <span end="26618" id="17447844-11856" start="26616">SC</span>
        </annotation>
        <annotation annotator="Mike Bada, University of Colorado Anschutz Medical Campus" id="CL_basic_2014_02_21_Instance_20803" type="identity">
            <class id="CL:0000019" label="sperm"/>
            <span end="26692" id="17447844-11624" start="26687">sperm</span>
        </annotation>
        <annotation annotator="Mike Bada, University of Colorado Anschutz Medical Campus" id="CL_basic_2014_02_21_Instance_50650" type="identity">
            <class id="CL:0000216" label="Sertoli cell"/>
            <span end="26713" id="17447844-11858" start="26711">SC</span>
        </annotation>
        <annotation annotator="Mike Bada, University of Colorado Anschutz Medical Campus" id="CL_basic_2014_02_21_Instance_20805" type="identity">
            <class id="CL:0000216" label="Sertoli cell"/>
            <span end="26793" id="17447844-11626" start="26781">Sertoli cell</span>
        </annotation>
        <annotation annotator="Mike Bada, University of Colorado Anschutz Medical Campus" id="CL_basic_2014_02_21_Instance_20807" type="identity">
            <class id="CL:0000586" label="germ cell"/>
            <span end="26912" id="17447844-11628" start="26903">germ cell</span>
        </annotation>
        <annotation annotator="Mike Bada, University of Colorado Anschutz Medical Campus" id="CL_basic_2014_02_21_Instance_20809" type="identity">
            <class id="CL:0000216" label="Sertoli cell"/>
            <span end="26986" id="17447844-11630" start="26973">Sertoli cells</span>
        </annotation>
        <annotation annotator="Mike Bada, University of Colorado Anschutz Medical Campus" id="CL_basic_2014_02_21_Instance_20811" type="identity">
            <class id="CL:0000216" label="Sertoli cell"/>
            <span end="27038" id="17447844-11632" start="27025">Sertoli cells</span>
        </annotation>
        <annotation annotator="Mike Bada, University of Colorado Anschutz Medical Campus" id="CL_basic_2014_02_21_Instance_20813" type="identity">
            <class id="CL_GO_EXT:cell" label="cell"/>
            <span end="27140" id="17447844-11634" start="27135">Cells</span>
        </annotation>
        <annotation annotator="Mike Bada, University of Colorado Anschutz Medical Campus" id="CL_basic_2014_02_21_Instance_20815" type="identity">
            <class id="CL:0000586" label="germ cell"/>
            <span end="27205" id="17447844-11636" start="27195">germ cells</span>
        </annotation>
        <annotation annotator="Mike Bada, University of Colorado Anschutz Medical Campus" id="CL_basic_2014_02_21_Instance_20817" type="identity">
            <class id="CL:0000586" label="germ cell"/>
            <span end="27432" id="17447844-11638" start="27422">germ cells</span>
        </annotation>
        <annotation annotator="Mike Bada, University of Colorado Anschutz Medical Campus" id="CL_basic_2014_02_21_Instance_20819" type="identity">
            <class id="CL_GO_EXT:cell" label="cell"/>
            <span end="27653" id="17447844-11640" start="27648">cells</span>
        </annotation>
        <annotation annotator="Mike Bada, University of Colorado Anschutz Medical Campus" id="CL_basic_2014_02_21_Instance_20821" type="identity">
            <class id="CL_GO_EXT:cell" label="cell"/>
            <span end="28166" id="17447844-11642" start="28161">cells</span>
        </annotation>
        <annotation annotator="Mike Bada, University of Colorado Anschutz Medical Campus" id="CL_basic_2014_02_21_Instance_20823" type="identity">
            <class id="CL:0000586" label="germ cell"/>
            <span end="28256" id="17447844-11644" start="28246">germ cells</span>
        </annotation>
        <annotation annotator="Mike Bada, University of Colorado Anschutz Medical Campus" id="CL_basic_2014_02_21_Instance_20825" type="identity">
            <class id="CL:0000017" label="spermatocyte"/>
            <span end="28445" id="17447844-11646" start="28432">spermatocytes</span>
        </annotation>
        <annotation annotator="Mike Bada, University of Colorado Anschutz Medical Campus" id="CL_basic_2014_02_21_Instance_20827" type="identity">
            <class id="CL:0000586" label="germ cell"/>
            <span end="28690" id="17447844-11648" start="28680">germ cells</span>
        </annotation>
        <annotation annotator="Mike Bada, University of Colorado Anschutz Medical Campus" id="CL_basic_2014_02_21_Instance_20829" type="identity">
            <class id="CL_GO_EXT:cell" label="cell"/>
            <span end="28828" id="17447844-11650" start="28823">cells</span>
        </annotation>
        <annotation annotator="Mike Bada, University of Colorado Anschutz Medical Campus" id="CL_basic_2014_02_21_Instance_20831" type="identity">
            <class id="CL_GO_EXT:cell" label="cell"/>
            <span end="28914" id="17447844-11652" start="28909">cells</span>
        </annotation>
        <annotation annotator="Mike Bada, University of Colorado Anschutz Medical Campus" id="CL_basic_2014_02_21_Instance_20833" type="identity">
            <class id="CL_GO_EXT:cell" label="cell"/>
            <span end="28961" id="17447844-11654" start="28956">cells</span>
        </annotation>
        <annotation annotator="Mike Bada, University of Colorado Anschutz Medical Campus" id="CL_basic_2014_02_21_Instance_20835" type="identity">
            <class id="CL_GO_EXT:cell" label="cell"/>
            <span end="29061" id="17447844-11656" start="29056">cells</span>
        </annotation>
        <annotation annotator="Mike Bada, University of Colorado Anschutz Medical Campus" id="CL_basic_2014_02_21_Instance_20837" type="identity">
            <class id="CL:0000017" label="spermatocyte"/>
            <span end="29351" id="17447844-11658" start="29338">spermatocytes</span>
        </annotation>
        <annotation annotator="Mike Bada, University of Colorado Anschutz Medical Campus" id="CL_basic_2014_02_21_Instance_20839" type="identity">
            <class id="CL:0000586" label="germ cell"/>
            <span end="29536" id="17447844-11660" start="29526">germ cells</span>
        </annotation>
        <annotation annotator="Mike Bada, University of Colorado Anschutz Medical Campus" id="CL_basic_2014_02_21_Instance_20841" type="identity">
            <class id="CL_GO_EXT:cell" label="cell"/>
            <span end="29705" id="17447844-11662" start="29700">cells</span>
        </annotation>
        <annotation annotator="Mike Bada, University of Colorado Anschutz Medical Campus" id="CL_basic_2014_02_21_Instance_20843" type="identity">
            <class id="CL_GO_EXT:cell" label="cell"/>
            <span end="29793" id="17447844-11664" start="29788">cells</span>
        </annotation>
        <annotation annotator="Mike Bada, University of Colorado Anschutz Medical Campus" id="CL_basic_2014_02_21_Instance_20845" type="identity">
            <class id="CL_GO_EXT:cell" label="cell"/>
            <span end="30061" id="17447844-11666" start="30056">cells</span>
        </annotation>
        <annotation annotator="Mike Bada, University of Colorado Anschutz Medical Campus" id="CL_basic_2014_02_21_Instance_20847" type="identity">
            <class id="CL:0000586" label="germ cell"/>
            <span end="30171" id="17447844-11668" start="30161">Germ Cells</span>
        </annotation>
        <annotation annotator="Mike Bada, University of Colorado Anschutz Medical Campus" id="CL_basic_2014_02_21_Instance_20849" type="identity">
            <class id="CL_GO_EXT:cell" label="cell"/>
            <span end="30400" id="17447844-11670" start="30395">cells</span>
        </annotation>
        <annotation annotator="Mike Bada, University of Colorado Anschutz Medical Campus" id="CL_basic_2014_02_21_Instance_20851" type="identity">
            <class id="CL:0000586" label="germ cell"/>
            <span end="30749" id="17447844-11672" start="30740">germ cell</span>
        </annotation>
        <annotation annotator="Mike Bada, University of Colorado Anschutz Medical Campus" id="CL_basic_2014_02_21_Instance_20853" type="identity">
            <class id="CL_GO_EXT:cell" label="cell"/>
            <span end="31351" id="17447844-11674" start="31346">cells</span>
        </annotation>
        <annotation annotator="Mike Bada, University of Colorado Anschutz Medical Campus" id="CL_basic_2014_02_21_Instance_20855" type="identity">
            <class id="CL_GO_EXT:cell" label="cell"/>
            <span end="31559" id="17447844-11676" start="31554">cells</span>
        </annotation>
        <annotation annotator="Mike Bada, University of Colorado Anschutz Medical Campus" id="CL_basic_2014_02_21_Instance_20857" type="identity">
            <class id="CL_GO_EXT:cell" label="cell"/>
            <span end="31914" id="17447844-11678" start="31909">cells</span>
        </annotation>
        <annotation annotator="Mike Bada, University of Colorado Anschutz Medical Campus" id="CL_basic_2014_02_21_Instance_20859" type="identity">
            <class id="CL:0000586" label="germ cell"/>
            <span end="32066" id="17447844-11680" start="32056">germ cells</span>
        </annotation>
        <annotation annotator="Mike Bada, University of Colorado Anschutz Medical Campus" id="CL_basic_2014_02_21_Instance_20861" type="identity">
            <class id="CL:0000586" label="germ cell"/>
            <span end="32139" id="17447844-11682" start="32129">Germ Cells</span>
        </annotation>
        <annotation annotator="Mike Bada, University of Colorado Anschutz Medical Campus" id="CL_basic_2014_02_21_Instance_20863" type="identity">
            <class id="CL:0000017" label="spermatocyte"/>
            <span end="32201" id="17447844-11684" start="32189">spermatocyte</span>
        </annotation>
        <annotation annotator="Mike Bada, University of Colorado Anschutz Medical Campus" id="CL_basic_2014_02_21_Instance_20865" type="identity">
            <class id="CL:0000017" label="spermatocyte"/>
            <span end="32485" id="17447844-11686" start="32472">spermatocytes</span>
        </annotation>
        <annotation annotator="Mike Bada, University of Colorado Anschutz Medical Campus" id="CL_basic_2014_02_21_Instance_20867" type="identity">
            <class id="CL_GO_EXT:cell" label="cell"/>
            <span end="32752" id="17447844-11688" start="32748">cell</span>
        </annotation>
        <annotation annotator="Mike Bada, University of Colorado Anschutz Medical Campus" id="CL_basic_2014_02_21_Instance_20869" type="identity">
            <class id="CL_GO_EXT:cell" label="cell"/>
            <span end="32805" id="17447844-11690" start="32801">cell</span>
        </annotation>
        <annotation annotator="Mike Bada, University of Colorado Anschutz Medical Campus" id="CL_basic_2014_02_21_Instance_20871" type="identity">
            <class id="CL_GO_EXT:cell" label="cell"/>
            <span end="32923" id="17447844-11692" start="32918">cells</span>
        </annotation>
        <annotation annotator="Mike Bada, University of Colorado Anschutz Medical Campus" id="CL_basic_2014_02_21_Instance_20873" type="identity">
            <class id="CL_GO_EXT:cell" label="cell"/>
            <span end="32936" id="17447844-11694" start="32932">cell</span>
        </annotation>
        <annotation annotator="Mike Bada, University of Colorado Anschutz Medical Campus" id="CL_basic_2014_02_21_Instance_20875" type="identity">
            <class id="CL_GO_EXT:cell" label="cell"/>
            <span end="33070" id="17447844-11696" start="33065">cells</span>
        </annotation>
        <annotation annotator="Mike Bada, University of Colorado Anschutz Medical Campus" id="CL_basic_2014_02_21_Instance_20877" type="identity">
            <class id="CL_GO_EXT:cell" label="cell"/>
            <span end="33083" id="17447844-11698" start="33079">cell</span>
        </annotation>
        <annotation annotator="Mike Bada, University of Colorado Anschutz Medical Campus" id="CL_basic_2014_02_21_Instance_20879" type="identity">
            <class id="CL_GO_EXT:cell" label="cell"/>
            <span end="33180" id="17447844-11700" start="33176">cell</span>
        </annotation>
        <annotation annotator="Mike Bada, University of Colorado Anschutz Medical Campus" id="CL_basic_2014_02_21_Instance_20881" type="identity">
            <class id="CL_GO_EXT:cell" label="cell"/>
            <span end="33259" id="17447844-11702" start="33255">cell</span>
        </annotation>
        <annotation annotator="Mike Bada, University of Colorado Anschutz Medical Campus" id="CL_basic_2014_02_21_Instance_20883" type="identity">
            <class id="CL_GO_EXT:cell" label="cell"/>
            <span end="33477" id="17447844-11704" start="33472">cells</span>
        </annotation>
        <annotation annotator="Mike Bada, University of Colorado Anschutz Medical Campus" id="CL_basic_2014_02_21_Instance_20885" type="identity">
            <class id="CL_GO_EXT:cell" label="cell"/>
            <span end="33549" id="17447844-11706" start="33544">cells</span>
        </annotation>
        <annotation annotator="Mike Bada, University of Colorado Anschutz Medical Campus" id="CL_basic_2014_02_21_Instance_20887" type="identity">
            <class id="CL:0000017" label="spermatocyte"/>
            <span end="33683" id="17447844-11708" start="33670">spermatocytes</span>
        </annotation>
        <annotation annotator="Mike Bada, University of Colorado Anschutz Medical Campus" id="CL_basic_2014_02_21_Instance_20889" type="identity">
            <class id="CL_GO_EXT:cell" label="cell"/>
            <span end="33944" id="17447844-11710" start="33939">cells</span>
        </annotation>
        <annotation annotator="Mike Bada, University of Colorado Anschutz Medical Campus" id="CL_basic_2014_02_21_Instance_20891" type="identity">
            <class id="CL_GO_EXT:cell" label="cell"/>
            <span end="34347" id="17447844-11712" start="34342">cells</span>
        </annotation>
        <annotation annotator="Mike Bada, University of Colorado Anschutz Medical Campus" id="CL_basic_2014_02_21_Instance_20893" type="identity">
            <class id="CL_GO_EXT:cell" label="cell"/>
            <span end="34491" id="17447844-11714" start="34486">cells</span>
        </annotation>
        <annotation annotator="Mike Bada, University of Colorado Anschutz Medical Campus" id="CL_basic_2014_02_21_Instance_20895" type="identity">
            <class id="CL_GO_EXT:cell" label="cell"/>
            <span end="34620" id="17447844-11716" start="34615">cells</span>
        </annotation>
        <annotation annotator="Mike Bada, University of Colorado Anschutz Medical Campus" id="CL_basic_2014_02_21_Instance_20897" type="identity">
            <class id="CL_GO_EXT:cell" label="cell"/>
            <span end="34749" id="17447844-11718" start="34744">cells</span>
        </annotation>
        <annotation annotator="Mike Bada, University of Colorado Anschutz Medical Campus" id="CL_basic_2014_02_21_Instance_20899" type="identity">
            <class id="CL_GO_EXT:cell" label="cell"/>
            <span end="34858" id="17447844-11720" start="34853">cells</span>
        </annotation>
        <annotation annotator="Mike Bada, University of Colorado Anschutz Medical Campus" id="CL_basic_2014_02_21_Instance_20901" type="identity">
            <class id="CL_GO_EXT:cell" label="cell"/>
            <span end="34937" id="17447844-11722" start="34932">cells</span>
        </annotation>
        <annotation annotator="Mike Bada, University of Colorado Anschutz Medical Campus" id="CL_basic_2014_02_21_Instance_20903" type="identity">
            <class id="CL_GO_EXT:cell" label="cell"/>
            <span end="34975" id="17447844-11724" start="34970">cells</span>
        </annotation>
        <annotation annotator="Mike Bada, University of Colorado Anschutz Medical Campus" id="CL_basic_2014_02_21_Instance_20905" type="identity">
            <class id="CL_GO_EXT:cell" label="cell"/>
            <span end="35085" id="17447844-11726" start="35080">cells</span>
        </annotation>
        <annotation annotator="Mike Bada, University of Colorado Anschutz Medical Campus" id="CL_basic_2014_02_21_Instance_20907" type="identity">
            <class id="CL_GO_EXT:cell" label="cell"/>
            <span end="35280" id="17447844-11728" start="35275">cells</span>
        </annotation>
        <annotation annotator="Mike Bada, University of Colorado Anschutz Medical Campus" id="CL_basic_2014_02_21_Instance_20909" type="identity">
            <class id="CL_GO_EXT:cell" label="cell"/>
            <span end="35473" id="17447844-11730" start="35468">cells</span>
        </annotation>
        <annotation annotator="Mike Bada, University of Colorado Anschutz Medical Campus" id="CL_basic_2014_02_21_Instance_20911" type="identity">
            <class id="CL_GO_EXT:cell" label="cell"/>
            <span end="35544" id="17447844-11732" start="35539">cells</span>
        </annotation>
        <annotation annotator="Mike Bada, University of Colorado Anschutz Medical Campus" id="CL_basic_2014_02_21_Instance_20913" type="identity">
            <class id="CL_GO_EXT:cell" label="cell"/>
            <span end="35637" id="17447844-11734" start="35632">cells</span>
        </annotation>
        <annotation annotator="Mike Bada, University of Colorado Anschutz Medical Campus" id="CL_basic_2014_02_21_Instance_20915" type="identity">
            <class id="CL_GO_EXT:cell" label="cell"/>
            <span end="35666" id="17447844-11736" start="35661">cells</span>
        </annotation>
        <annotation annotator="Mike Bada, University of Colorado Anschutz Medical Campus" id="CL_basic_2014_02_21_Instance_20917" type="identity">
            <class id="CL_GO_EXT:cell" label="cell"/>
            <span end="35789" id="17447844-11738" start="35784">cells</span>
        </annotation>
        <annotation annotator="Mike Bada, University of Colorado Anschutz Medical Campus" id="CL_basic_2014_02_21_Instance_20919" type="identity">
            <class id="CL_GO_EXT:cell" label="cell"/>
            <span end="35921" id="17447844-11740" start="35916">cells</span>
        </annotation>
        <annotation annotator="Mike Bada, University of Colorado Anschutz Medical Campus" id="CL_basic_2014_02_21_Instance_20921" type="identity">
            <class id="CL_GO_EXT:cell" label="cell"/>
            <span end="36112" id="17447844-11742" start="36107">Cells</span>
        </annotation>
        <annotation annotator="Mike Bada, University of Colorado Anschutz Medical Campus" id="CL_basic_2014_02_21_Instance_20923" type="identity">
            <class id="CL:0000586" label="germ cell"/>
            <span end="36183" id="17447844-11744" start="36174">germ cell</span>
        </annotation>
        <annotation annotator="Mike Bada, University of Colorado Anschutz Medical Campus" id="CL_basic_2014_02_21_Instance_20925" type="identity">
            <class id="CL:0000586" label="germ cell"/>
            <span end="36366" id="17447844-11746" start="36357">germ cell</span>
        </annotation>
        <annotation annotator="Mike Bada, University of Colorado Anschutz Medical Campus" id="CL_basic_2014_02_21_Instance_20927" type="identity">
            <class id="CL:0000015" label="male germ cell"/>
            <span end="36626" id="17447844-11748" start="36611">male germ cells</span>
        </annotation>
        <annotation annotator="Mike Bada, University of Colorado Anschutz Medical Campus" id="CL_basic_2014_02_21_Instance_20929" type="identity">
            <class id="CL:0000017" label="spermatocyte"/>
            <span end="36764" id="17447844-11750" start="36751">spermatocytes</span>
        </annotation>
        <annotation annotator="Mike Bada, University of Colorado Anschutz Medical Campus" id="CL_basic_2014_02_21_Instance_20931" type="identity">
            <class id="CL:0000015" label="male germ cell"/>
            <span end="36897" id="17447844-11752" start="36882">male germ cells</span>
        </annotation>
        <annotation annotator="Mike Bada, University of Colorado Anschutz Medical Campus" id="CL_basic_2014_02_21_Instance_20933" type="identity">
            <class id="CL_GO_EXT:cell" label="cell"/>
            <span end="37083" id="17447844-11754" start="37078">cells</span>
        </annotation>
        <annotation annotator="Mike Bada, University of Colorado Anschutz Medical Campus" id="CL_basic_2014_02_21_Instance_20935" type="identity">
            <class id="CL_GO_EXT:cell" label="cell"/>
            <span end="37412" id="17447844-11756" start="37407">Cells</span>
        </annotation>
        <annotation annotator="Mike Bada, University of Colorado Anschutz Medical Campus" id="CL_basic_2014_02_21_Instance_20937" type="identity">
            <class id="CL_GO_EXT:cell" label="cell"/>
            <span end="37754" id="17447844-11758" start="37749">cells</span>
        </annotation>
        <annotation annotator="Mike Bada, University of Colorado Anschutz Medical Campus" id="CL_basic_2014_02_21_Instance_20939" type="identity">
            <class id="CL:0000017" label="spermatocyte"/>
            <span end="37979" id="17447844-11760" start="37966">spermatocytes</span>
        </annotation>
        <annotation annotator="Mike Bada, University of Colorado Anschutz Medical Campus" id="CL_basic_2014_02_21_Instance_20941" type="identity">
            <class id="CL_GO_EXT:cell" label="cell"/>
            <span end="38127" id="17447844-11762" start="38122">cells</span>
        </annotation>
        <annotation annotator="Mike Bada, University of Colorado Anschutz Medical Campus" id="CL_basic_2014_02_21_Instance_20943" type="identity">
            <class id="CL_GO_EXT:cell" label="cell"/>
            <span end="38217" id="17447844-11764" start="38212">cells</span>
        </annotation>
        <annotation annotator="Mike Bada, University of Colorado Anschutz Medical Campus" id="CL_basic_2014_02_21_Instance_20945" type="identity">
            <class id="CL_GO_EXT:cell" label="cell"/>
            <span end="38391" id="17447844-11766" start="38386">cells</span>
        </annotation>
        <annotation annotator="Mike Bada, University of Colorado Anschutz Medical Campus" id="CL_basic_2014_02_21_Instance_20947" type="identity">
            <class id="CL_GO_EXT:cell" label="cell"/>
            <span end="38432" id="17447844-11768" start="38427">cells</span>
        </annotation>
        <annotation annotator="Mike Bada, University of Colorado Anschutz Medical Campus" id="CL_basic_2014_02_21_Instance_20949" type="identity">
            <class id="CL_GO_EXT:cell" label="cell"/>
            <span end="38690" id="17447844-11770" start="38685">cells</span>
        </annotation>
        <annotation annotator="Mike Bada, University of Colorado Anschutz Medical Campus" id="CL_basic_2014_02_21_Instance_20951" type="identity">
            <class id="CL:0000586" label="germ cell"/>
            <span end="38788" id="17447844-11772" start="38778">germ cells</span>
        </annotation>
        <annotation annotator="Mike Bada, University of Colorado Anschutz Medical Campus" id="CL_basic_2014_02_21_Instance_20953" type="identity">
            <class id="CL_GO_EXT:cell" label="cell"/>
            <span end="38870" id="17447844-11774" start="38865">cells</span>
        </annotation>
        <annotation annotator="Mike Bada, University of Colorado Anschutz Medical Campus" id="CL_basic_2014_02_21_Instance_20955" type="identity">
            <class id="CL_GO_EXT:cell" label="cell"/>
            <span end="39017" id="17447844-11776" start="39012">cells</span>
        </annotation>
        <annotation annotator="Mike Bada, University of Colorado Anschutz Medical Campus" id="CL_basic_2014_02_21_Instance_20957" type="identity">
            <class id="CL:0000586" label="germ cell"/>
            <span end="39094" id="17447844-11778" start="39084">germ cells</span>
        </annotation>
        <annotation annotator="Mike Bada, University of Colorado Anschutz Medical Campus" id="CL_basic_2014_02_21_Instance_20959" type="identity">
            <class id="CL_GO_EXT:cell" label="cell"/>
            <span end="39393" id="17447844-11780" start="39388">cells</span>
        </annotation>
        <annotation annotator="Mike Bada, University of Colorado Anschutz Medical Campus" id="CL_basic_2014_02_21_Instance_20961" type="identity">
            <class id="CL_GO_EXT:cell" label="cell"/>
            <span end="39489" id="17447844-11782" start="39484">cells</span>
        </annotation>
        <annotation annotator="Mike Bada, University of Colorado Anschutz Medical Campus" id="CL_basic_2014_02_21_Instance_20963" type="identity">
            <class id="CL:0000586" label="germ cell"/>
            <span end="39563" id="17447844-11784" start="39553">germ cells</span>
        </annotation>
        <annotation annotator="Mike Bada, University of Colorado Anschutz Medical Campus" id="CL_basic_2014_02_21_Instance_20965" type="identity">
            <class id="CL_GO_EXT:cell" label="cell"/>
            <span end="39870" id="17447844-11786" start="39865">cells</span>
        </annotation>
        <annotation annotator="Mike Bada, University of Colorado Anschutz Medical Campus" id="CL_basic_2014_02_21_Instance_10119" type="identity">
            <class id="CL:0000586" label="germ cell"/>
            <span end="40362" id="17447844-11389" start="40353">germ-cell</span>
        </annotation>
        <annotation annotator="Mike Bada, University of Colorado Anschutz Medical Campus" id="CL_basic_2014_02_21_Instance_50653" type="identity">
            <class id="CL:0002371" label="somatic cell"/>
            <span end="41234" id="17447844-11860" start="41221">somatic cells</span>
        </annotation>
        <annotation annotator="Mike Bada, University of Colorado Anschutz Medical Campus" id="CL_basic_2014_02_21_Instance_20969" type="identity">
            <class id="CL:0000586" label="germ cell"/>
            <span end="41299" id="17447844-11788" start="41290">germ cell</span>
        </annotation>
        <annotation annotator="Mike Bada, University of Colorado Anschutz Medical Campus" id="CL_basic_2014_02_21_Instance_20971" type="identity">
            <class id="CL:0000015" label="male germ cell"/>
            <span end="41374" id="17447844-11790" start="41359">male germ cells</span>
        </annotation>
        <annotation annotator="Mike Bada, University of Colorado Anschutz Medical Campus" id="CL_basic_2014_02_21_Instance_11537" type="identity">
            <class id="CL:0000670" label="primordial germ cell"/>
            <span end="41407" id="17447844-11398" start="41398">gonocytes</span>
        </annotation>
        <annotation annotator="Mike Bada, University of Colorado Anschutz Medical Campus" id="CL_basic_2014_02_21_Instance_10125" type="identity">
            <class id="CL:0000020" label="spermatogonium"/>
            <span end="41426" id="17447844-11393" start="41413">spermatogonia</span>
        </annotation>
        <annotation annotator="Mike Bada, University of Colorado Anschutz Medical Campus" id="CL_basic_2014_02_21_Instance_20973" type="identity">
            <class id="CL:0000216" label="Sertoli cell"/>
            <span end="41455" id="17447844-11792" start="41442">Sertoli cells</span>
        </annotation>
        <annotation annotator="Mike Bada, University of Colorado Anschutz Medical Campus" id="CL_basic_2014_02_21_Instance_20975" type="identity">
            <class id="CL_GO_EXT:cell" label="cell"/>
            <span end="41497" id="17447844-11794" start="41492">cells</span>
        </annotation>
        <annotation annotator="Mike Bada, University of Colorado Anschutz Medical Campus" id="CL_basic_2014_02_21_Instance_20977" type="identity">
            <class id="CL:0000586" label="germ cell"/>
            <span end="41598" id="17447844-11796" start="41588">germ cells</span>
        </annotation>
        <annotation annotator="Mike Bada, University of Colorado Anschutz Medical Campus" id="CL_basic_2014_02_21_Instance_20979" type="identity">
            <class id="CL:0000586" label="germ cell"/>
            <span end="41630" id="17447844-11798" start="41620">germ cells</span>
        </annotation>
        <annotation annotator="Mike Bada, University of Colorado Anschutz Medical Campus" id="CL_basic_2014_02_21_Instance_20981" type="identity">
            <class id="CL:0000015" label="male germ cell"/>
            <span end="41717" id="17447844-11800" start="41703">male germ cell</span>
        </annotation>
        <annotation annotator="Mike Bada, University of Colorado Anschutz Medical Campus" id="CL_basic_2014_02_21_plus_nested_test_Instance_4" type="identity">
            <class id="CL:0000025" label="egg cell"/>
            <span end="41778" id="17447844-11889" start="41772">ovular</span>
        </annotation>
        <annotation annotator="Mike Bada, University of Colorado Anschutz Medical Campus" id="CL_basic_2014_02_21_Instance_20983" type="identity">
            <class id="CL:0000023" label="oocyte"/>
            <span end="41827" id="17447844-11802" start="41820">oocytes</span>
        </annotation>
        <annotation annotator="Mike Bada, University of Colorado Anschutz Medical Campus" id="CL_basic_2014_02_21_Instance_20985" type="identity">
            <class id="CL_GO_EXT:cell" label="cell"/>
            <span end="43787" id="17447844-11804" start="43782">cells</span>
        </annotation>
        <annotation annotator="Mike Bada, University of Colorado Anschutz Medical Campus" id="CL_basic_2014_02_21_Instance_50655" type="identity">
            <class id="CL:0002322" label="embryonic stem cell"/>
            <span end="45294" id="17447844-11862" start="45286">ES cells</span>
        </annotation>
        <annotation annotator="Mike Bada, University of Colorado Anschutz Medical Campus" id="CL_basic_2014_02_21_Instance_50657" type="identity">
            <class id="CL:0002322" label="embryonic stem cell"/>
            <span end="45803" id="17447844-11864" start="45796">ES cell</span>
        </annotation>
        <annotation annotator="Mike Bada, University of Colorado Anschutz Medical Campus" id="CL_basic_2014_02_21_Instance_10123" type="identity">
            <class id="CL:0000445" label="apoptosis fated cell"/>
            <span end="47958" id="17447844-11391" start="47943">apoptotic cells</span>
        </annotation>
        <annotation annotator="Mike Bada, University of Colorado Anschutz Medical Campus" id="CL_basic_2014_02_21_Instance_20991" type="identity">
            <class id="CL:0000017" label="spermatocyte"/>
            <span end="50657" id="17447844-11806" start="50644">spermatocytes</span>
        </annotation>
        <annotation annotator="Mike Bada, University of Colorado Anschutz Medical Campus" id="CL_basic_2014_02_21_Instance_20993" type="identity">
            <class id="CL_GO_EXT:cell" label="cell"/>
            <span end="51314" id="17447844-11808" start="51310">cell</span>
        </annotation>
        <annotation annotator="Mike Bada, University of Colorado Anschutz Medical Campus" id="CL_basic_2014_02_21_Instance_50660" type="identity">
            <class id="CL:0002322" label="embryonic stem cell"/>
            <span end="52361" id="17447844-11866" start="52354">ES cell</span>
        </annotation>
        <annotation annotator="Mike Bada, University of Colorado Anschutz Medical Campus" id="CL_basic_2014_02_21_Instance_50662" type="identity">
            <class id="CL:0002322" label="embryonic stem cell"/>
            <span end="52395" id="17447844-11868" start="52388">ES cell</span>
        </annotation>
        <annotation annotator="Mike Bada, University of Colorado Anschutz Medical Campus" id="CL_basic_2014_02_21_Instance_20999" type="identity">
            <class id="CL_GO_EXT:cell" label="cell"/>
            <span end="52849" id="17447844-11810" start="52844">cells</span>
        </annotation>
        <annotation annotator="Mike Bada, University of Colorado Anschutz Medical Campus" id="CL_basic_2014_02_21_Instance_21001" type="identity">
            <class id="CL:0000216" label="Sertoli cell"/>
            <span end="53029" id="17447844-11812" start="53016">Sertoli Cells</span>
        </annotation>
        <annotation annotator="Mike Bada, University of Colorado Anschutz Medical Campus" id="CL_basic_2014_02_21_Instance_21003" type="identity">
            <class id="CL:0000216" label="Sertoli cell"/>
            <span end="53264" id="17447844-11814" start="53252">Sertoli cell</span>
        </annotation>
        <annotation annotator="Mike Bada, University of Colorado Anschutz Medical Campus" id="CL_basic_2014_02_21_Instance_50664" type="identity">
            <class id="CL:0002481" label="peritubular myoid cell"/>
            <span end="53291" id="17447844-11870" start="53269">peritubular myoid cell</span>
        </annotation>
        <annotation annotator="Mike Bada, University of Colorado Anschutz Medical Campus" id="CL_basic_2014_02_21_Instance_21007" type="identity">
            <class id="CL:0000216" label="Sertoli cell"/>
            <span end="53358" id="17447844-11816" start="53346">Sertoli cell</span>
        </annotation>
        <annotation annotator="Mike Bada, University of Colorado Anschutz Medical Campus" id="CL_basic_2014_02_21_Instance_21009" type="identity">
            <class id="CL:0000017" label="spermatocyte"/>
            <span end="53558" id="17447844-11818" start="53546">Spermatocyte</span>
        </annotation>
        <annotation annotator="Mike Bada, University of Colorado Anschutz Medical Campus" id="CL_basic_2014_02_21_Instance_21011" type="identity">
            <class id="CL:0000017" label="spermatocyte"/>
            <span end="53590" id="17447844-11820" start="53577">spermatocytes</span>
        </annotation>
        <annotation annotator="Mike Bada, University of Colorado Anschutz Medical Campus" id="CL_basic_2014_02_21_Instance_21013" type="identity">
            <class id="CL_GO_EXT:cell" label="cell"/>
            <span end="53767" id="17447844-11822" start="53762">cells</span>
        </annotation>
        <annotation annotator="Mike Bada, University of Colorado Anschutz Medical Campus" id="CL_basic_2014_02_21_Instance_21015" type="identity">
            <class id="CL:0000017" label="spermatocyte"/>
            <span end="53919" id="17447844-11824" start="53906">Spermatocytes</span>
        </annotation>
        <annotation annotator="Mike Bada, University of Colorado Anschutz Medical Campus" id="CL_basic_2014_02_21_Instance_21017" type="identity">
            <class id="CL_GO_EXT:cell" label="cell"/>
            <span end="54022" id="17447844-11826" start="54017">cells</span>
        </annotation>
        <annotation annotator="Mike Bada, University of Colorado Anschutz Medical Campus" id="CL_basic_2014_02_21_Instance_21019" type="identity">
            <class id="CL_GO_EXT:cell" label="cell"/>
            <span end="54053" id="17447844-11828" start="54048">cells</span>
        </annotation>
        <annotation annotator="Mike Bada, University of Colorado Anschutz Medical Campus" id="CL_basic_2014_02_21_Instance_21021" type="identity">
            <class id="CL:0000017" label="spermatocyte"/>
            <span end="54133" id="17447844-11830" start="54120">spermatocytes</span>
        </annotation>
        <annotation annotator="Mike Bada, University of Colorado Anschutz Medical Campus" id="CL_basic_2014_02_21_Instance_21023" type="identity">
            <class id="CL_GO_EXT:cell" label="cell"/>
            <span end="54327" id="17447844-11832" start="54322">cells</span>
        </annotation>
        <annotation annotator="Mike Bada, University of Colorado Anschutz Medical Campus" id="CL_basic_2014_02_21_Instance_21025" type="identity">
            <class id="CL_GO_EXT:cell" label="cell"/>
            <span end="54418" id="17447844-11834" start="54413">cells</span>
        </annotation>
        <annotation annotator="Mike Bada, University of Colorado Anschutz Medical Campus" id="CL_basic_2014_02_21_Instance_50667" type="identity">
            <class id="CL:0002322" label="embryonic stem cell"/>
            <span end="54960" id="17447844-11872" start="54953">ES cell</span>
        </annotation>
        <graph-space id="Old Knowtator Relations"/>
    </document>
</knowtator-project>
