<?xml version="1.0" encoding="UTF-8" standalone="no"?>
<knowtator-project>
    <document id="17590087" text-file="17590087.txt">
        <annotation annotator="Mike Bada, University of Colorado Anschutz Medical Campus" id="CL_basic_2014_02_21_Instance_21173" type="identity">
            <class id="CL:0000121" label="Purkinje cell"/>
            <span end="799" id="17590087-11897" start="774">cerebellar Purkinje cells</span>
        </annotation>
        <annotation annotator="Mike Bada, University of Colorado Anschutz Medical Campus" id="CL_basic_2014_02_21_Instance_21175" type="identity">
            <class id="CL_GO_EXT:cell" label="cell"/>
            <span end="1977" id="17590087-11899" start="1972">cells</span>
        </annotation>
        <annotation annotator="Mike Bada, University of Colorado Anschutz Medical Campus" id="CL_basic_2014_02_21_Instance_21177" type="identity">
            <class id="CL:0000121" label="Purkinje cell"/>
            <span end="5825" id="17590087-11901" start="5800">cerebellar Purkinje cells</span>
        </annotation>
        <annotation annotator="Mike Bada, University of Colorado Anschutz Medical Campus" id="CL_basic_2014_02_21_Instance_21179" type="identity">
            <class id="CL:0000121" label="Purkinje cell"/>
            <span end="11932" id="17590087-11903" start="11918">Purkinje cells</span>
        </annotation>
        <annotation annotator="Mike Bada, University of Colorado Anschutz Medical Campus" id="CL_basic_2014_02_21_Instance_21181" type="identity">
            <class id="CL:0000542" label="lymphocyte"/>
            <span end="12273" id="17590087-11905" start="12262">lymphocytes</span>
        </annotation>
        <annotation annotator="Mike Bada, University of Colorado Anschutz Medical Campus" id="CL_basic_2014_02_21_plus_nested_Instance_50283" type="identity">
            <class id="CL_GO_EXT:cell" label="cell"/>
            <span end="12825" id="17590087-11916" start="12817">cellular</span>
        </annotation>
        <annotation annotator="Mike Bada, University of Colorado Anschutz Medical Campus" id="CL_basic_2014_02_21_Instance_21183" type="identity">
            <class id="CL:0000121" label="Purkinje cell"/>
            <span end="12918" id="17590087-11907" start="12901">Purkinje cells of</span>
            <span end="12933" id="17590087-11908" start="12923">cerebellum</span>
        </annotation>
        <annotation annotator="Mike Bada, University of Colorado Anschutz Medical Campus" id="CL_basic_2014_02_21_Instance_21185" type="identity">
            <class id="CL_GO_EXT:cell" label="cell"/>
            <span end="13535" id="17590087-11910" start="13530">cells</span>
        </annotation>
        <annotation annotator="Mike Bada, University of Colorado Anschutz Medical Campus" id="CL_basic_2014_02_21_plus_nested_Instance_50288" type="identity">
            <class id="CL_GO_EXT:cell" label="cell"/>
            <span end="15150" id="17590087-11918" start="15142">cellular</span>
        </annotation>
        <annotation annotator="Mike Bada, University of Colorado Anschutz Medical Campus" id="CL_basic_2014_02_21_Instance_21187" type="identity">
            <class id="CL:0000121" label="Purkinje cell"/>
            <span end="15183" id="17590087-11912" start="15169">Purkinje cells</span>
        </annotation>
        <annotation annotator="Mike Bada, University of Colorado Anschutz Medical Campus" id="CL_basic_2014_02_21_Instance_21189" type="identity">
            <class id="CL:0000542" label="lymphocyte"/>
            <span end="19990" id="17590087-11914" start="19979">lymphocytes</span>
        </annotation>
        <annotation annotator="Mike Bada, University of Colorado Anschutz Medical Campus" id="CL_basic_2014_02_21_Instance_10719" type="identity">
            <class id="CL:0000121" label="Purkinje cell"/>
            <span end="28481" id="17590087-11893" start="28467">Purkinje cells</span>
        </annotation>
        <annotation annotator="Mike Bada, University of Colorado Anschutz Medical Campus" id="CL_basic_2014_02_21_Instance_10721" type="identity">
            <class id="CL:0000542" label="lymphocyte"/>
            <span end="31427" id="17590087-11895" start="31416">lymphocytes</span>
        </annotation>
        <graph-space id="Old Knowtator Relations"/>
    </document>
</knowtator-project>
