<?xml version="1.0" encoding="UTF-8" standalone="no"?>
<knowtator-project>
  <document id="12079497" text-file="12079497.txt">
    <annotation annotator="Mike Bada, University of Colorado Anschutz Medical Campus" id="GO_CC_2016_02_16_test_Instance_10573" type="identity">
      <class id="CL_GO_EXT:cell" label="cell"/>
      <span end="20" id="12079497-330" start="15">cells</span>
    </annotation>
    <annotation annotator="Mike Bada, University of Colorado Anschutz Medical Campus" id="GO_CC_2016_02_16_test_Instance_10467" type="identity">
      <class id="CL_GO_EXT:cell" label="cell"/>
      <span end="787" id="12079497-240" start="782">cells</span>
    </annotation>
    <annotation annotator="Mike Bada, University of Colorado Anschutz Medical Campus" id="GO_CC_2016_02_16_test_Instance_10575" type="identity">
      <class id="CL_GO_EXT:cell" label="cell"/>
      <span end="863" id="12079497-332" start="859">cell</span>
    </annotation>
    <annotation annotator="Mike Bada, University of Colorado Anschutz Medical Campus" id="GO_CC_2016_02_16_test_Instance_10469" type="identity">
      <class id="CL_GO_EXT:cell" label="cell"/>
      <span end="1257" id="12079497-242" start="1252">cells</span>
    </annotation>
    <annotation annotator="Mike Bada, University of Colorado Anschutz Medical Campus" id="GO_CC_2016_02_16_test_Instance_10471" type="identity">
      <class id="CL_GO_EXT:cell" label="cell"/>
      <span end="1687" id="12079497-244" start="1682">cells</span>
    </annotation>
    <annotation annotator="Mike Bada, University of Colorado Anschutz Medical Campus" id="GO_CC_2016_02_16_test_Instance_10473" type="identity">
      <class id="CL_GO_EXT:cell" label="cell"/>
      <span end="1741" id="12079497-246" start="1736">cells</span>
    </annotation>
    <annotation annotator="Mike Bada, University of Colorado Anschutz Medical Campus" id="GO_CC_2016_02_16_test_Instance_10475" type="identity">
      <class id="CL_GO_EXT:cell" label="cell"/>
      <span end="1989" id="12079497-248" start="1984">cells</span>
    </annotation>
    <annotation annotator="Mike Bada, University of Colorado Anschutz Medical Campus" id="GO_CC_2016_02_16_test_Instance_10477" type="identity">
      <class id="CL_GO_EXT:cell" label="cell"/>
      <span end="2046" id="12079497-250" start="2041">cells</span>
    </annotation>
    <annotation annotator="Mike Bada, University of Colorado Anschutz Medical Campus" id="GO_CC_2016_02_16_test_Instance_10479" type="identity">
      <class id="CL_GO_EXT:cell" label="cell"/>
      <span end="2412" id="12079497-252" start="2407">cells</span>
    </annotation>
    <annotation annotator="Mike Bada, University of Colorado Anschutz Medical Campus" id="GO_CC_2016_02_16_test_Instance_10481" type="identity">
      <class id="CL_GO_EXT:cell" label="cell"/>
      <span end="3750" id="12079497-254" start="3746">cell</span>
    </annotation>
    <annotation annotator="Mike Bada, University of Colorado Anschutz Medical Campus" id="GO_CC_2016_02_16_test_Instance_10483" type="identity">
      <class id="CL_GO_EXT:cell" label="cell"/>
      <span end="3825" id="12079497-256" start="3820">cells</span>
    </annotation>
    <annotation annotator="Mike Bada, University of Colorado Anschutz Medical Campus" id="GO_CC_2016_02_16_test_Instance_10485" type="identity">
      <class id="CL_GO_EXT:cell" label="cell"/>
      <span end="4344" id="12079497-258" start="4340">cell</span>
    </annotation>
    <annotation annotator="Mike Bada, University of Colorado Anschutz Medical Campus" id="GO_CC_2016_02_16_test_Instance_10503" type="identity">
      <class id="CL_GO_EXT:cell" label="cell"/>
      <span end="5390" id="12079497-260" start="5385">cells</span>
    </annotation>
    <annotation annotator="Mike Bada, University of Colorado Anschutz Medical Campus" id="GO_CC_2016_02_16_test_Instance_10505" type="identity">
      <class id="CL_GO_EXT:cell" label="cell"/>
      <span end="5568" id="12079497-262" start="5563">cells</span>
    </annotation>
    <annotation annotator="Mike Bada, University of Colorado Anschutz Medical Campus" id="GO_CC_2016_02_16_test_Instance_10507" type="identity">
      <class id="CL_GO_EXT:cell" label="cell"/>
      <span end="5727" id="12079497-264" start="5723">cell</span>
    </annotation>
    <annotation annotator="Mike Bada, University of Colorado Anschutz Medical Campus" id="GO_CC_2016_02_16_test_Instance_10509" type="identity">
      <class id="CL_GO_EXT:cell" label="cell"/>
      <span end="5797" id="12079497-266" start="5792">cells</span>
    </annotation>
    <annotation annotator="Mike Bada, University of Colorado Anschutz Medical Campus" id="GO_CC_2016_02_16_test_Instance_10031" type="identity">
      <class id="CL_GO_EXT:cell" label="cell"/>
      <span end="5924" id="12079497-236" start="5919">Cells</span>
    </annotation>
    <annotation annotator="Mike Bada, University of Colorado Anschutz Medical Campus" id="GO_CC_2016_02_16_test_Instance_10511" type="identity">
      <class id="CL_GO_EXT:cell" label="cell"/>
      <span end="6357" id="12079497-268" start="6353">cell</span>
    </annotation>
    <annotation annotator="Mike Bada, University of Colorado Anschutz Medical Campus" id="GO_CC_2016_02_16_test_Instance_10513" type="identity">
      <class id="CL_GO_EXT:cell" label="cell"/>
      <span end="6584" id="12079497-270" start="6579">cells</span>
    </annotation>
    <annotation annotator="Mike Bada, University of Colorado Anschutz Medical Campus" id="GO_CC_2016_02_16_test_Instance_25899" type="identity">
      <class id="GO:0048471" label="perinuclear region of cytoplasm"/>
      <span end="6708" id="12079497-344" start="6686">perinuclear regions of</span>
      <span end="6722" id="12079497-345" start="6713">cytoplasm</span>
    </annotation>
    <annotation annotator="Mike Bada, University of Colorado Anschutz Medical Campus" id="GO_CC_2016_02_16_test_Instance_25903" type="identity">
      <class id="GO:0030425" label="dendrite"/>
      <span end="6855" id="12079497-347" start="6846">dendrites</span>
    </annotation>
    <annotation annotator="Mike Bada, University of Colorado Anschutz Medical Campus" id="GO_CC_2016_02_16_test_Instance_25905" type="identity">
      <class id="GO:0030424" label="axon"/>
      <span end="6865" id="12079497-349" start="6860">axons</span>
    </annotation>
    <annotation annotator="Mike Bada, University of Colorado Anschutz Medical Campus" id="GO_CC_2016_02_16_test_Instance_10515" type="identity">
      <class id="CL_GO_EXT:cell" label="cell"/>
      <span end="6977" id="12079497-272" start="6972">cells</span>
    </annotation>
    <annotation annotator="Mike Bada, University of Colorado Anschutz Medical Campus" id="GO_CC_2016_02_16_test_Instance_25907" type="identity">
      <class id="GO:0005634" label="nucleus"/>
      <span end="7048" id="12079497-351" start="7041">nuclear</span>
    </annotation>
    <annotation annotator="Mike Bada, University of Colorado Anschutz Medical Campus" id="GO_CC_2016_02_16_test_Instance_10517" type="identity">
      <class id="CL_GO_EXT:cell" label="cell"/>
      <span end="7140" id="12079497-274" start="7135">cells</span>
    </annotation>
    <annotation annotator="Mike Bada, University of Colorado Anschutz Medical Campus" id="GO_CC_2016_02_16_test_Instance_10577" type="identity">
      <class id="CL_GO_EXT:cell" label="cell"/>
      <span end="7321" id="12079497-334" start="7316">cells</span>
    </annotation>
    <annotation annotator="Mike Bada, University of Colorado Anschutz Medical Campus" id="GO_CC_2016_02_16_test_Instance_10579" type="identity">
      <class id="CL_GO_EXT:cell" label="cell"/>
      <span end="7388" id="12079497-336" start="7383">cells</span>
    </annotation>
    <annotation annotator="Mike Bada, University of Colorado Anschutz Medical Campus" id="GO_CC_2016_02_16_test_Instance_10519" type="identity">
      <class id="CL_GO_EXT:cell" label="cell"/>
      <span end="7670" id="12079497-276" start="7665">cells</span>
    </annotation>
    <annotation annotator="Mike Bada, University of Colorado Anschutz Medical Campus" id="GO_CC_2016_02_16_test_Instance_10521" type="identity">
      <class id="CL_GO_EXT:cell" label="cell"/>
      <span end="7712" id="12079497-278" start="7707">cells</span>
    </annotation>
    <annotation annotator="Mike Bada, University of Colorado Anschutz Medical Campus" id="GO_CC_2016_02_16_test_Instance_10523" type="identity">
      <class id="CL_GO_EXT:cell" label="cell"/>
      <span end="7760" id="12079497-280" start="7755">cells</span>
    </annotation>
    <annotation annotator="Mike Bada, University of Colorado Anschutz Medical Campus" id="GO_CC_2016_02_16_test_Instance_10525" type="identity">
      <class id="CL_GO_EXT:cell" label="cell"/>
      <span end="7799" id="12079497-282" start="7794">cells</span>
    </annotation>
    <annotation annotator="Mike Bada, University of Colorado Anschutz Medical Campus" id="GO_CC_2016_02_16_test_Instance_10527" type="identity">
      <class id="CL_GO_EXT:cell" label="cell"/>
      <span end="7939" id="12079497-284" start="7935">cell</span>
    </annotation>
    <annotation annotator="Mike Bada, University of Colorado Anschutz Medical Campus" id="GO_CC_2016_02_16_test_Instance_10529" type="identity">
      <class id="CL_GO_EXT:cell" label="cell"/>
      <span end="7998" id="12079497-286" start="7994">cell</span>
    </annotation>
    <annotation annotator="Mike Bada, University of Colorado Anschutz Medical Campus" id="GO_CC_2016_02_16_test_Instance_10531" type="identity">
      <class id="CL_GO_EXT:cell" label="cell"/>
      <span end="10875" id="12079497-288" start="10871">cell</span>
    </annotation>
    <annotation annotator="Mike Bada, University of Colorado Anschutz Medical Campus" id="GO_CC_2016_02_16_test_Instance_10033" type="identity">
      <class id="CL_GO_EXT:cell" label="cell"/>
      <span end="11134" id="12079497-238" start="11129">Cells</span>
    </annotation>
    <annotation annotator="Mike Bada, University of Colorado Anschutz Medical Campus" id="GO_CC_2016_02_16_test_Instance_10533" type="identity">
      <class id="CL_GO_EXT:cell" label="cell"/>
      <span end="11263" id="12079497-290" start="11259">cell</span>
    </annotation>
    <annotation annotator="Mike Bada, University of Colorado Anschutz Medical Campus" id="GO_CC_2016_02_16_test_Instance_10535" type="identity">
      <class id="CL_GO_EXT:cell" label="cell"/>
      <span end="11297" id="12079497-292" start="11293">cell</span>
    </annotation>
    <annotation annotator="Mike Bada, University of Colorado Anschutz Medical Campus" id="GO_CC_2016_02_16_test_Instance_10537" type="identity">
      <class id="CL_GO_EXT:cell" label="cell"/>
      <span end="12013" id="12079497-294" start="12008">cells</span>
    </annotation>
    <annotation annotator="Mike Bada, University of Colorado Anschutz Medical Campus" id="GO_CC_2016_02_16_test_Instance_10539" type="identity">
      <class id="CL_GO_EXT:cell" label="cell"/>
      <span end="12559" id="12079497-296" start="12554">cells</span>
    </annotation>
    <annotation annotator="Mike Bada, University of Colorado Anschutz Medical Campus" id="GO_CC_2016_02_16_test_Instance_10541" type="identity">
      <class id="CL_GO_EXT:cell" label="cell"/>
      <span end="12790" id="12079497-298" start="12785">cells</span>
    </annotation>
    <annotation annotator="Mike Bada, University of Colorado Anschutz Medical Campus" id="GO_CC_2016_02_16_test_Instance_10543" type="identity">
      <class id="CL_GO_EXT:cell" label="cell"/>
      <span end="13546" id="12079497-300" start="13541">cells</span>
    </annotation>
    <annotation annotator="Mike Bada, University of Colorado Anschutz Medical Campus" id="GO_CC_2016_02_16_test_Instance_10545" type="identity">
      <class id="CL_GO_EXT:cell" label="cell"/>
      <span end="13683" id="12079497-302" start="13678">cells</span>
    </annotation>
    <annotation annotator="Mike Bada, University of Colorado Anschutz Medical Campus" id="GO_CC_2016_02_16_test_Instance_10547" type="identity">
      <class id="CL_GO_EXT:cell" label="cell"/>
      <span end="14375" id="12079497-304" start="14370">cells</span>
    </annotation>
    <annotation annotator="Mike Bada, University of Colorado Anschutz Medical Campus" id="GO_CC_2016_02_16_test_Instance_10549" type="identity">
      <class id="CL_GO_EXT:cell" label="cell"/>
      <span end="14585" id="12079497-306" start="14580">cells</span>
    </annotation>
    <annotation annotator="Mike Bada, University of Colorado Anschutz Medical Campus" id="GO_CC_2016_02_16_test_Instance_10551" type="identity">
      <class id="CL_GO_EXT:cell" label="cell"/>
      <span end="14907" id="12079497-308" start="14902">cells</span>
    </annotation>
    <annotation annotator="Mike Bada, University of Colorado Anschutz Medical Campus" id="GO_CC_2016_02_16_test_Instance_10553" type="identity">
      <class id="CL_GO_EXT:cell" label="cell"/>
      <span end="15849" id="12079497-310" start="15844">cells</span>
    </annotation>
    <annotation annotator="Mike Bada, University of Colorado Anschutz Medical Campus" id="GO_CC_2016_02_16_test_Instance_10555" type="identity">
      <class id="CL_GO_EXT:cell" label="cell"/>
      <span end="16084" id="12079497-312" start="16079">cells</span>
    </annotation>
    <annotation annotator="Mike Bada, University of Colorado Anschutz Medical Campus" id="GO_CC_2016_02_16_test_Instance_10557" type="identity">
      <class id="CL_GO_EXT:cell" label="cell"/>
      <span end="16435" id="12079497-314" start="16431">cell</span>
    </annotation>
    <annotation annotator="Mike Bada, University of Colorado Anschutz Medical Campus" id="GO_CC_2016_02_16_test_Instance_10559" type="identity">
      <class id="CL_GO_EXT:cell" label="cell"/>
      <span end="16859" id="12079497-316" start="16854">cells</span>
    </annotation>
    <annotation annotator="Mike Bada, University of Colorado Anschutz Medical Campus" id="GO_CC_2016_02_16_test_Instance_10561" type="identity">
      <class id="CL_GO_EXT:cell" label="cell"/>
      <span end="17491" id="12079497-318" start="17486">cells</span>
    </annotation>
    <annotation annotator="Mike Bada, University of Colorado Anschutz Medical Campus" id="GO_CC_2016_02_16_test_Instance_10563" type="identity">
      <class id="CL_GO_EXT:cell" label="cell"/>
      <span end="19134" id="12079497-320" start="19129">cells</span>
    </annotation>
    <annotation annotator="Mike Bada, University of Colorado Anschutz Medical Campus" id="GO_CC_2016_02_16_test_Instance_10565" type="identity">
      <class id="CL_GO_EXT:cell" label="cell"/>
      <span end="19213" id="12079497-322" start="19208">cells</span>
    </annotation>
    <annotation annotator="Mike Bada, University of Colorado Anschutz Medical Campus" id="GO_CC_2016_02_16_test_Instance_10567" type="identity">
      <class id="CL_GO_EXT:cell" label="cell"/>
      <span end="19649" id="12079497-324" start="19644">cells</span>
    </annotation>
    <annotation annotator="Mike Bada, University of Colorado Anschutz Medical Campus" id="GO_CC_2016_02_16_test_Instance_10581" type="identity">
      <class id="CL_GO_EXT:cell" label="cell"/>
      <span end="19711" id="12079497-338" start="19706">cells</span>
    </annotation>
    <annotation annotator="Mike Bada, University of Colorado Anschutz Medical Campus" id="GO_CC_2016_02_16_test_Instance_10569" type="identity">
      <class id="CL_GO_EXT:cell" label="cell"/>
      <span end="19919" id="12079497-326" start="19914">cells</span>
    </annotation>
    <annotation annotator="Mike Bada, University of Colorado Anschutz Medical Campus" id="GO_CC_2016_02_16_test_Instance_10571" type="identity">
      <class id="CL_GO_EXT:cell" label="cell"/>
      <span end="20166" id="12079497-328" start="20161">cells</span>
    </annotation>
    <annotation annotator="Mike Bada, University of Colorado Anschutz Medical Campus" id="GO_CC_2016_02_16_test_Instance_10583" type="identity">
      <class id="CL_GO_EXT:cell" label="cell"/>
      <span end="20501" id="12079497-340" start="20497">cell</span>
    </annotation>
    <annotation annotator="Mike Bada, University of Colorado Anschutz Medical Campus" id="GO_CC_2016_02_16_test_Instance_10585" type="identity">
      <class id="CL_GO_EXT:cell" label="cell"/>
      <span end="20775" id="12079497-342" start="20771">cell</span>
    </annotation>
    <graph-space id="Old Knowtator Relations"/>
  </document>
</knowtator-project>
