<?xml version="1.0" encoding="UTF-8" standalone="no"?>
<knowtator-project>
  <document id="12546709" text-file="12546709.txt">
    <annotation annotator="Mike Bada, University of Colorado Anschutz Medical Campus" id="GO_CC_2016_02_16_test_Instance_10587" type="identity">
      <class id="CL_GO_EXT:cell" label="cell"/>
      <span end="1066" id="12546709-407" start="1061">cells</span>
    </annotation>
    <annotation annotator="" id="GO_CC_2016_02_16_Instance_101571" type="identity">
      <class id="GO:0005634" label="nucleus"/>
      <span end="1164" id="12546709-355" start="1157">nucleic</span>
    </annotation>
    <annotation annotator="Mike Bada, University of Colorado Anschutz Medical Campus" id="GO_CC_2016_02_16_test_Instance_10777" type="identity">
      <class id="CL_GO_EXT:cell" label="cell"/>
      <span end="1570" id="12546709-581" start="1566">cell</span>
    </annotation>
    <annotation annotator="Mike Bada, University of Colorado Anschutz Medical Campus" id="GO_CC_2016_02_16_test_Instance_10589" type="identity">
      <class id="CL_GO_EXT:cell" label="cell"/>
      <span end="1883" id="12546709-409" start="1878">cells</span>
    </annotation>
    <annotation annotator="Mike Bada, University of Colorado Anschutz Medical Campus" id="GO_CC_2016_02_16_test_Instance_10591" type="identity">
      <class id="CL_GO_EXT:cell" label="cell"/>
      <span end="2268" id="12546709-411" start="2263">cells</span>
    </annotation>
    <annotation annotator="Mike Bada, University of Colorado Anschutz Medical Campus" id="GO_CC_2016_02_16_test_Instance_10593" type="identity">
      <class id="CL_GO_EXT:cell" label="cell"/>
      <span end="2299" id="12546709-413" start="2294">cells</span>
    </annotation>
    <annotation annotator="Mike Bada, University of Colorado Anschutz Medical Campus" id="GO_CC_2016_02_16_test_Instance_10595" type="identity">
      <class id="CL_GO_EXT:cell" label="cell"/>
      <span end="2541" id="12546709-415" start="2536">cells</span>
    </annotation>
    <annotation annotator="Mike Bada, University of Colorado Anschutz Medical Campus" id="GO_CC_2016_02_16_test_Instance_10597" type="identity">
      <class id="CL_GO_EXT:cell" label="cell"/>
      <span end="2803" id="12546709-417" start="2795">cellular</span>
    </annotation>
    <annotation annotator="Mike Bada, University of Colorado Anschutz Medical Campus" id="GO_CC_2016_02_16_test_Instance_10599" type="identity">
      <class id="CL_GO_EXT:cell" label="cell"/>
      <span end="3889" id="12546709-419" start="3881">cellular</span>
    </annotation>
    <annotation annotator="Mike Bada, University of Colorado Anschutz Medical Campus" id="GO_CC_2016_02_16_test_Instance_25909" type="identity">
      <class id="GO:0005884" label="actin filament"/>
      <span end="4078" id="12546709-583" start="4064">actin filament</span>
    </annotation>
    <annotation annotator="Mike Bada, University of Colorado Anschutz Medical Campus" id="GO_CC_2016_02_16_test_Instance_10601" type="identity">
      <class id="CL_GO_EXT:cell" label="cell"/>
      <span end="4164" id="12546709-421" start="4159">cells</span>
    </annotation>
    <annotation annotator="Mike Bada, University of Colorado Anschutz Medical Campus" id="GO_CC_2016_02_16_test_Instance_25911" type="identity">
      <class id="GO:0045098" label="type III intermediate filament"/>
      <span end="4347" id="12546709-585" start="4317">type III intermediate filament</span>
    </annotation>
    <annotation annotator="Mike Bada, University of Colorado Anschutz Medical Campus" id="GO_CC_2016_02_16_test_Instance_10603" type="identity">
      <class id="CL_GO_EXT:cell" label="cell"/>
      <span end="4771" id="12546709-423" start="4766">cells</span>
    </annotation>
    <annotation annotator="Mike Bada, University of Colorado Anschutz Medical Campus" id="GO_CC_2016_02_16_test_Instance_25913" type="identity">
      <class id="GO:0005634" label="nucleus"/>
      <span end="4844" id="12546709-587" start="4838">nuclei</span>
    </annotation>
    <annotation annotator="Mike Bada, University of Colorado Anschutz Medical Campus" id="GO_CC_2016_02_16_test_Instance_25915" type="identity">
      <class id="GO:0005634" label="nucleus"/>
      <span end="4895" id="12546709-589" start="4888">nucleus</span>
    </annotation>
    <annotation annotator="Mike Bada, University of Colorado Anschutz Medical Campus" id="GO_CC_2016_02_16_test_Instance_25917" type="identity">
      <class id="GO:0005634" label="nucleus"/>
      <span end="4911" id="12546709-591" start="4904">nuclear</span>
    </annotation>
    <annotation annotator="Mike Bada, University of Colorado Anschutz Medical Campus" id="GO_CC_2016_02_16_test_Instance_10605" type="identity">
      <class id="CL_GO_EXT:cell" label="cell"/>
      <span end="5008" id="12546709-425" start="5003">cells</span>
    </annotation>
    <annotation annotator="Mike Bada, University of Colorado Anschutz Medical Campus" id="GO_CC_2016_02_16_test_Instance_10607" type="identity">
      <class id="CL_GO_EXT:cell" label="cell"/>
      <span end="5205" id="12546709-427" start="5201">cell</span>
    </annotation>
    <annotation annotator="Mike Bada, University of Colorado Anschutz Medical Campus" id="GO_CC_2016_02_16_test_Instance_10609" type="identity">
      <class id="CL_GO_EXT:cell" label="cell"/>
      <span end="6116" id="12546709-429" start="6111">cells</span>
    </annotation>
    <annotation annotator="Mike Bada, University of Colorado Anschutz Medical Campus" id="GO_CC_2016_02_16_test_Instance_10611" type="identity">
      <class id="CL_GO_EXT:cell" label="cell"/>
      <span end="6336" id="12546709-431" start="6332">cell</span>
    </annotation>
    <annotation annotator="Mike Bada, University of Colorado Anschutz Medical Campus" id="GO_CC_2016_02_16_test_Instance_10613" type="identity">
      <class id="CL_GO_EXT:cell" label="cell"/>
      <span end="7162" id="12546709-433" start="7158">cell</span>
    </annotation>
    <annotation annotator="Mike Bada, University of Colorado Anschutz Medical Campus" id="GO_CC_2016_02_16_test_Instance_25919" type="identity">
      <class id="GO:0016020" label="membrane"/>
      <span end="8902" id="12546709-593" start="8893">membranes</span>
    </annotation>
    <annotation annotator="" id="GO_CC_2016_02_16_Instance_101573" type="identity">
      <class id="GO:0005634" label="nucleus"/>
      <span end="9139" id="12546709-357" start="9132">nucleic</span>
    </annotation>
    <annotation annotator="" id="GO_CC_2016_02_16_Instance_101575" type="identity">
      <class id="GO:0005634" label="nucleus"/>
      <span end="12949" id="12546709-359" start="12942">nucleic</span>
    </annotation>
    <annotation annotator="Mike Bada, University of Colorado Anschutz Medical Campus" id="GO_CC_2016_02_16_test_Instance_25925" type="identity">
      <class id="GO:0005634" label="nucleus"/>
      <span end="13085" id="12546709-595" start="13079">nuclei</span>
    </annotation>
    <annotation annotator="Mike Bada, University of Colorado Anschutz Medical Campus" id="GO_CC_2016_02_16_test_Instance_25927" type="identity">
      <class id="GO:0005634" label="nucleus"/>
      <span end="13196" id="12546709-597" start="13185">Cell nuclei</span>
    </annotation>
    <annotation annotator="" id="GO_CC_2016_02_16_Instance_190003" type="identity">
      <class id="GO:0005615" label="extracellular space"/>
      <span end="13320" id="12546709-403" start="13300">extracellular spaces</span>
    </annotation>
    <annotation annotator="" id="GO_CC_2016_02_16_Instance_101679" type="identity">
      <class id="CL_GO_EXT:cell" label="cell"/>
      <span end="13334" id="12546709-387" start="13329">cells</span>
    </annotation>
    <annotation annotator="" id="GO_CC_2016_02_16_Instance_101577" type="identity">
      <class id="GO:0005634" label="nucleus"/>
      <span end="13468" id="12546709-361" start="13461">nucleic</span>
    </annotation>
    <annotation annotator="" id="GO_CC_2016_02_16_Instance_101579" type="identity">
      <class id="GO:0005634" label="nucleus"/>
      <span end="13583" id="12546709-363" start="13576">nucleic</span>
    </annotation>
    <annotation annotator="Mike Bada, University of Colorado Anschutz Medical Campus" id="GO_CC_2016_02_16_test_Instance_10617" type="identity">
      <class id="CL_GO_EXT:cell" label="cell"/>
      <span end="13751" id="12546709-435" start="13746">cells</span>
    </annotation>
    <annotation annotator="Mike Bada, University of Colorado Anschutz Medical Campus" id="GO_CC_2016_02_16_test_Instance_10619" type="identity">
      <class id="CL_GO_EXT:cell" label="cell"/>
      <span end="13836" id="12546709-437" start="13828">cellular</span>
    </annotation>
    <annotation annotator="" id="GO_CC_2016_02_16_Instance_101581" type="identity">
      <class id="GO:0005634" label="nucleus"/>
      <span end="14322" id="12546709-365" start="14315">nucleic</span>
    </annotation>
    <annotation annotator="Mike Bada, University of Colorado Anschutz Medical Campus" id="GO_CC_2016_02_16_test_Instance_25929" type="identity">
      <class id="GO:0016020" label="membrane"/>
      <span end="14706" id="12546709-599" start="14698">membrane</span>
    </annotation>
    <annotation annotator="Mike Bada, University of Colorado Anschutz Medical Campus" id="GO_CC_2016_02_16_test_Instance_25931" type="identity">
      <class id="GO:0005634" label="nucleus"/>
      <span end="14982" id="12546709-601" start="14976">nuclei</span>
    </annotation>
    <annotation annotator="Mike Bada, University of Colorado Anschutz Medical Campus" id="GO_CC_2016_02_16_test_Instance_25933" type="identity">
      <class id="GO:0016020" label="membrane"/>
      <span end="15242" id="12546709-603" start="15234">membrane</span>
    </annotation>
    <annotation annotator="Mike Bada, University of Colorado Anschutz Medical Campus" id="GO_CC_2016_02_16_test_Instance_10621" type="identity">
      <class id="CL_GO_EXT:cell" label="cell"/>
      <span end="15745" id="12546709-439" start="15737">cellular</span>
    </annotation>
    <annotation annotator="Mike Bada, University of Colorado Anschutz Medical Campus" id="GO_CC_2016_02_16_test_Instance_25935" type="identity">
      <class id="GO:0005634" label="nucleus"/>
      <span end="15845" id="12546709-605" start="15839">nuclei</span>
    </annotation>
    <annotation annotator="Mike Bada, University of Colorado Anschutz Medical Campus" id="GO_CC_2016_02_16_test_Instance_25937" type="identity">
      <class id="GO:0005634" label="nucleus"/>
      <span end="16228" id="12546709-607" start="16221">nuclear</span>
    </annotation>
    <annotation annotator="Mike Bada, University of Colorado Anschutz Medical Campus" id="GO_CC_2016_02_16_test_Instance_25939" type="identity">
      <class id="GO:0005634" label="nucleus"/>
      <span end="16532" id="12546709-609" start="16525">nuclear</span>
    </annotation>
    <annotation annotator="Mike Bada, University of Colorado Anschutz Medical Campus" id="GO_CC_2016_02_16_test_Instance_25941" type="identity">
      <class id="GO:0005634" label="nucleus"/>
      <span end="16550" id="12546709-611" start="16543">nuclear</span>
    </annotation>
    <annotation annotator="Mike Bada, University of Colorado Anschutz Medical Campus" id="GO_CC_2016_02_16_test_Instance_25943" type="identity">
      <class id="GO:0016020" label="membrane"/>
      <span end="16872" id="12546709-613" start="16863">membranes</span>
    </annotation>
    <annotation annotator="Mike Bada, University of Colorado Anschutz Medical Campus" id="GO_CC_2016_02_16_test_Instance_10623" type="identity">
      <class id="CL_GO_EXT:cell" label="cell"/>
      <span end="16924" id="12546709-441" start="16919">cells</span>
    </annotation>
    <annotation annotator="Mike Bada, University of Colorado Anschutz Medical Campus" id="GO_CC_2016_02_16_test_Instance_25945" type="identity">
      <class id="GO:0016020" label="membrane"/>
      <span end="17042" id="12546709-615" start="17033">membranes</span>
    </annotation>
    <annotation annotator="" id="GO_CC_2016_02_16_Instance_101583" type="identity">
      <class id="GO:0005634" label="nucleus"/>
      <span end="17095" id="12546709-367" start="17088">nucleic</span>
    </annotation>
    <annotation annotator="Mike Bada, University of Colorado Anschutz Medical Campus" id="GO_CC_2016_02_16_test_Instance_10625" type="identity">
      <class id="CL_GO_EXT:cell" label="cell"/>
      <span end="17187" id="12546709-443" start="17182">cells</span>
    </annotation>
    <annotation annotator="Mike Bada, University of Colorado Anschutz Medical Campus" id="GO_CC_2016_02_16_test_Instance_25947" type="identity">
      <class id="GO:0016020" label="membrane"/>
      <span end="17246" id="12546709-617" start="17238">membrane</span>
    </annotation>
    <annotation annotator="Mike Bada, University of Colorado Anschutz Medical Campus" id="GO_CC_2016_02_16_test_Instance_25949" type="identity">
      <class id="GO:0005773" label="vacuole"/>
      <span end="17316" id="12546709-619" start="17308">vacuoles</span>
    </annotation>
    <annotation annotator="Mike Bada, University of Colorado Anschutz Medical Campus" id="GO_CC_2016_02_16_test_Instance_25951" type="identity">
      <class id="GO:0016020" label="membrane"/>
      <span end="17445" id="12546709-621" start="17436">membranes</span>
    </annotation>
    <annotation annotator="Mike Bada, University of Colorado Anschutz Medical Campus" id="GO_CC_2016_02_16_test_Instance_10627" type="identity">
      <class id="CL_GO_EXT:cell" label="cell"/>
      <span end="17466" id="12546709-445" start="17458">cellular</span>
    </annotation>
    <annotation annotator="" id="GO_CC_2016_02_16_Instance_101585" type="identity">
      <class id="GO:0005634" label="nucleus"/>
      <span end="17514" id="12546709-369" start="17507">nucleic</span>
    </annotation>
    <annotation annotator="Mike Bada, University of Colorado Anschutz Medical Campus" id="GO_CC_2016_02_16_test_Instance_10629" type="identity">
      <class id="CL_GO_EXT:cell" label="cell"/>
      <span end="17587" id="12546709-447" start="17582">cells</span>
    </annotation>
    <annotation annotator="Mike Bada, University of Colorado Anschutz Medical Campus" id="GO_CC_2016_02_16_test_Instance_10631" type="identity">
      <class id="CL_GO_EXT:cell" label="cell"/>
      <span end="17703" id="12546709-449" start="17698">cells</span>
    </annotation>
    <annotation annotator="Mike Bada, University of Colorado Anschutz Medical Campus" id="GO_CC_2016_02_16_test_Instance_10633" type="identity">
      <class id="CL_GO_EXT:cell" label="cell"/>
      <span end="18068" id="12546709-451" start="18060">cellular</span>
    </annotation>
    <annotation annotator="Mike Bada, University of Colorado Anschutz Medical Campus" id="GO_CC_2016_02_16_test_Instance_25953" type="identity">
      <class id="GO:0005634" label="nucleus"/>
      <span end="18091" id="12546709-623" start="18085">nuclei</span>
    </annotation>
    <annotation annotator="Mike Bada, University of Colorado Anschutz Medical Campus" id="GO_CC_2016_02_16_test_Instance_10635" type="identity">
      <class id="CL_GO_EXT:cell" label="cell"/>
      <span end="18202" id="12546709-453" start="18197">cells</span>
    </annotation>
    <annotation annotator="Mike Bada, University of Colorado Anschutz Medical Campus" id="GO_CC_2016_02_16_test_Instance_10637" type="identity">
      <class id="CL_GO_EXT:cell" label="cell"/>
      <span end="18465" id="12546709-455" start="18460">cells</span>
    </annotation>
    <annotation annotator="Mike Bada, University of Colorado Anschutz Medical Campus" id="GO_CC_2016_02_16_test_Instance_10639" type="identity">
      <class id="CL_GO_EXT:cell" label="cell"/>
      <span end="18612" id="12546709-457" start="18608">cell</span>
    </annotation>
    <annotation annotator="Mike Bada, University of Colorado Anschutz Medical Campus" id="GO_CC_2016_02_16_test_Instance_10641" type="identity">
      <class id="CL_GO_EXT:cell" label="cell"/>
      <span end="18857" id="12546709-459" start="18852">cells</span>
    </annotation>
    <annotation annotator="Mike Bada, University of Colorado Anschutz Medical Campus" id="GO_CC_2016_02_16_test_Instance_10643" type="identity">
      <class id="CL_GO_EXT:cell" label="cell"/>
      <span end="19014" id="12546709-461" start="19010">cell</span>
    </annotation>
    <annotation annotator="Mike Bada, University of Colorado Anschutz Medical Campus" id="GO_CC_2016_02_16_test_Instance_10091" type="identity">
      <class id="CL_GO_EXT:cell" label="cell"/>
      <span end="19028" id="12546709-405" start="19023">Cells</span>
    </annotation>
    <annotation annotator="" id="GO_CC_2016_02_16_Instance_101587" type="identity">
      <class id="GO:0005634" label="nucleus"/>
      <span end="19118" id="12546709-371" start="19111">nucleic</span>
    </annotation>
    <annotation annotator="" id="GO_CC_2016_02_16_Instance_133" type="identity">
      <class id="GO:0016020" label="membrane"/>
      <span end="19186" id="12546709-397" start="19178">membrane</span>
    </annotation>
    <annotation annotator="" id="GO_CC_2016_02_16_Instance_102535" type="identity">
      <class id="GO:0042995" label="cell projection"/>
      <span end="19198" id="12546709-389" start="19187">projections</span>
    </annotation>
    <annotation annotator="Mike Bada, University of Colorado Anschutz Medical Campus" id="GO_CC_2016_02_16_test_Instance_10645" type="identity">
      <class id="CL_GO_EXT:cell" label="cell"/>
      <span end="19342" id="12546709-463" start="19337">cells</span>
    </annotation>
    <annotation annotator="Mike Bada, University of Colorado Anschutz Medical Campus" id="GO_CC_2016_02_16_test_Instance_10647" type="identity">
      <class id="CL_GO_EXT:cell" label="cell"/>
      <span end="19444" id="12546709-465" start="19439">cells</span>
    </annotation>
    <annotation annotator="Mike Bada, University of Colorado Anschutz Medical Campus" id="GO_CC_2016_02_16_test_Instance_10649" type="identity">
      <class id="CL_GO_EXT:cell" label="cell"/>
      <span end="19831" id="12546709-467" start="19826">cells</span>
    </annotation>
    <annotation annotator="Mike Bada, University of Colorado Anschutz Medical Campus" id="GO_CC_2016_02_16_test_Instance_10651" type="identity">
      <class id="CL_GO_EXT:cell" label="cell"/>
      <span end="20151" id="12546709-469" start="20146">cells</span>
    </annotation>
    <annotation annotator="Mike Bada, University of Colorado Anschutz Medical Campus" id="GO_CC_2016_02_16_test_Instance_10653" type="identity">
      <class id="CL_GO_EXT:cell" label="cell"/>
      <span end="20254" id="12546709-471" start="20249">cells</span>
    </annotation>
    <annotation annotator="Mike Bada, University of Colorado Anschutz Medical Campus" id="GO_CC_2016_02_16_test_Instance_10655" type="identity">
      <class id="CL_GO_EXT:cell" label="cell"/>
      <span end="20505" id="12546709-473" start="20500">cells</span>
    </annotation>
    <annotation annotator="Mike Bada, University of Colorado Anschutz Medical Campus" id="GO_CC_2016_02_16_test_Instance_25957" type="identity">
      <class id="GO:0009986" label="cell surface"/>
      <span end="20532" id="12546709-625" start="20520">cell surface</span>
    </annotation>
    <annotation annotator="" id="GO_CC_2016_02_16_Instance_102537" type="identity">
      <class id="GO:0042995" label="cell projection"/>
      <span end="20544" id="12546709-391" start="20533">projections</span>
    </annotation>
    <annotation annotator="Mike Bada, University of Colorado Anschutz Medical Campus" id="GO_CC_2016_02_16_test_Instance_10659" type="identity">
      <class id="CL_GO_EXT:cell" label="cell"/>
      <span end="20711" id="12546709-475" start="20706">cells</span>
    </annotation>
    <annotation annotator="Mike Bada, University of Colorado Anschutz Medical Campus" id="GO_CC_2016_02_16_test_Instance_10661" type="identity">
      <class id="CL_GO_EXT:cell" label="cell"/>
      <span end="20825" id="12546709-477" start="20820">cells</span>
    </annotation>
    <annotation annotator="Mike Bada, University of Colorado Anschutz Medical Campus" id="GO_CC_2016_02_16_test_Instance_10663" type="identity">
      <class id="CL_GO_EXT:cell" label="cell"/>
      <span end="21158" id="12546709-479" start="21153">cells</span>
    </annotation>
    <annotation annotator="Mike Bada, University of Colorado Anschutz Medical Campus" id="GO_CC_2016_02_16_test_Instance_25959" type="identity">
      <class id="GO:0009986" label="cell surface"/>
      <span end="21185" id="12546709-627" start="21173">cell surface</span>
    </annotation>
    <annotation annotator="" id="GO_CC_2016_02_16_Instance_102539" type="identity">
      <class id="GO:0042995" label="cell projection"/>
      <span end="21197" id="12546709-393" start="21186">projections</span>
    </annotation>
    <annotation annotator="Mike Bada, University of Colorado Anschutz Medical Campus" id="GO_CC_2016_02_16_test_Instance_10667" type="identity">
      <class id="CL_GO_EXT:cell" label="cell"/>
      <span end="21252" id="12546709-481" start="21247">cells</span>
    </annotation>
    <annotation annotator="" id="GO_CC_2016_02_16_Instance_102541" type="identity">
      <class id="GO:0042995" label="cell projection"/>
      <span end="21296" id="12546709-395" start="21285">projections</span>
    </annotation>
    <annotation annotator="Mike Bada, University of Colorado Anschutz Medical Campus" id="GO_CC_2016_02_16_test_Instance_25961" type="identity">
      <class id="GO:0016020" label="membrane"/>
      <span end="21319" id="12546709-629" start="21310">membranes</span>
    </annotation>
    <annotation annotator="Mike Bada, University of Colorado Anschutz Medical Campus" id="GO_CC_2016_02_16_test_Instance_10669" type="identity">
      <class id="CL_GO_EXT:cell" label="cell"/>
      <span end="21364" id="12546709-483" start="21359">cells</span>
    </annotation>
    <annotation annotator="Mike Bada, University of Colorado Anschutz Medical Campus" id="GO_CC_2016_02_16_test_Instance_10671" type="identity">
      <class id="CL_GO_EXT:cell" label="cell"/>
      <span end="21508" id="12546709-485" start="21503">cells</span>
    </annotation>
    <annotation annotator="Mike Bada, University of Colorado Anschutz Medical Campus" id="GO_CC_2016_02_16_test_Instance_10673" type="identity">
      <class id="CL_GO_EXT:cell" label="cell"/>
      <span end="21728" id="12546709-487" start="21723">cells</span>
    </annotation>
    <annotation annotator="Mike Bada, University of Colorado Anschutz Medical Campus" id="GO_CC_2016_02_16_test_Instance_10675" type="identity">
      <class id="CL_GO_EXT:cell" label="cell"/>
      <span end="23552" id="12546709-489" start="23547">cells</span>
    </annotation>
    <annotation annotator="" id="GO_CC_2016_02_16_Instance_101589" type="identity">
      <class id="GO:0005634" label="nucleus"/>
      <span end="23629" id="12546709-373" start="23622">nucleic</span>
    </annotation>
    <annotation annotator="Mike Bada, University of Colorado Anschutz Medical Campus" id="GO_CC_2016_02_16_test_Instance_10677" type="identity">
      <class id="CL_GO_EXT:cell" label="cell"/>
      <span end="24394" id="12546709-491" start="24389">cells</span>
    </annotation>
    <annotation annotator="Mike Bada, University of Colorado Anschutz Medical Campus" id="GO_CC_2016_02_16_test_Instance_10679" type="identity">
      <class id="CL_GO_EXT:cell" label="cell"/>
      <span end="24438" id="12546709-493" start="24433">cells</span>
    </annotation>
    <annotation annotator="Mike Bada, University of Colorado Anschutz Medical Campus" id="GO_CC_2016_02_16_test_Instance_10681" type="identity">
      <class id="CL_GO_EXT:cell" label="cell"/>
      <span end="24503" id="12546709-495" start="24499">cell</span>
    </annotation>
    <annotation annotator="Mike Bada, University of Colorado Anschutz Medical Campus" id="GO_CC_2016_02_16_test_Instance_25963" type="identity">
      <class id="GO:0005634" label="nucleus"/>
      <span end="24525" id="12546709-631" start="24518">nucleus</span>
    </annotation>
    <annotation annotator="Mike Bada, University of Colorado Anschutz Medical Campus" id="GO_CC_2016_02_16_test_Instance_25965" type="identity">
      <class id="GO:0043226" label="organelle"/>
      <span end="24561" id="12546709-633" start="24551">organelles</span>
    </annotation>
    <annotation annotator="Mike Bada, University of Colorado Anschutz Medical Campus" id="GO_CC_2016_02_16_test_Instance_10683" type="identity">
      <class id="CL_GO_EXT:cell" label="cell"/>
      <span end="24614" id="12546709-497" start="24609">cells</span>
    </annotation>
    <annotation annotator="Mike Bada, University of Colorado Anschutz Medical Campus" id="GO_CC_2016_02_16_test_Instance_25967" type="identity">
      <class id="GO:0005634" label="nucleus"/>
      <span end="24632" id="12546709-635" start="24626">nuclei</span>
    </annotation>
    <annotation annotator="Mike Bada, University of Colorado Anschutz Medical Campus" id="GO_CC_2016_02_16_test_Instance_25969" type="identity">
      <class id="GO:0043226" label="organelle"/>
      <span end="24647" id="12546709-637" start="24637">organelles</span>
    </annotation>
    <annotation annotator="Mike Bada, University of Colorado Anschutz Medical Campus" id="GO_CC_2016_02_16_test_Instance_10685" type="identity">
      <class id="CL_GO_EXT:cell" label="cell"/>
      <span end="24684" id="12546709-499" start="24679">cells</span>
    </annotation>
    <annotation annotator="Mike Bada, University of Colorado Anschutz Medical Campus" id="GO_CC_2016_02_16_test_Instance_10687" type="identity">
      <class id="CL_GO_EXT:cell" label="cell"/>
      <span end="24756" id="12546709-501" start="24751">cells</span>
    </annotation>
    <annotation annotator="Mike Bada, University of Colorado Anschutz Medical Campus" id="GO_CC_2016_02_16_test_Instance_10689" type="identity">
      <class id="CL_GO_EXT:cell" label="cell"/>
      <span end="24809" id="12546709-503" start="24804">cells</span>
    </annotation>
    <annotation annotator="Mike Bada, University of Colorado Anschutz Medical Campus" id="GO_CC_2016_02_16_test_Instance_10691" type="identity">
      <class id="CL_GO_EXT:cell" label="cell"/>
      <span end="24829" id="12546709-505" start="24821">cellular</span>
    </annotation>
    <annotation annotator="Mike Bada, University of Colorado Anschutz Medical Campus" id="GO_CC_2016_02_16_test_Instance_10693" type="identity">
      <class id="CL_GO_EXT:cell" label="cell"/>
      <span end="24872" id="12546709-507" start="24867">cells</span>
    </annotation>
    <annotation annotator="Mike Bada, University of Colorado Anschutz Medical Campus" id="GO_CC_2016_02_16_test_Instance_10695" type="identity">
      <class id="CL_GO_EXT:cell" label="cell"/>
      <span end="25113" id="12546709-509" start="25108">cells</span>
    </annotation>
    <annotation annotator="Mike Bada, University of Colorado Anschutz Medical Campus" id="GO_CC_2016_02_16_test_Instance_10697" type="identity">
      <class id="CL_GO_EXT:cell" label="cell"/>
      <span end="25284" id="12546709-511" start="25279">cells</span>
    </annotation>
    <annotation annotator="Mike Bada, University of Colorado Anschutz Medical Campus" id="GO_CC_2016_02_16_test_Instance_25971" type="identity">
      <class id="GO:0005634" label="nucleus"/>
      <span end="25439" id="12546709-639" start="25428">cell nuclei</span>
    </annotation>
    <annotation annotator="Mike Bada, University of Colorado Anschutz Medical Campus" id="GO_CC_2016_02_16_test_Instance_25973" type="identity">
      <class id="GO:0005634" label="nucleus"/>
      <span end="25491" id="12546709-641" start="25480">cell nuclei</span>
    </annotation>
    <annotation annotator="Mike Bada, University of Colorado Anschutz Medical Campus" id="GO_CC_2016_02_16_test_Instance_25975" type="identity">
      <class id="GO:0005634" label="nucleus"/>
      <span end="25581" id="12546709-643" start="25570">cell nuclei</span>
    </annotation>
    <annotation annotator="Mike Bada, University of Colorado Anschutz Medical Campus" id="GO_CC_2016_02_16_test_Instance_10705" type="identity">
      <class id="CL_GO_EXT:cell" label="cell"/>
      <span end="25755" id="12546709-513" start="25750">cells</span>
    </annotation>
    <annotation annotator="Mike Bada, University of Colorado Anschutz Medical Campus" id="GO_CC_2016_02_16_test_Instance_10707" type="identity">
      <class id="CL_GO_EXT:cell" label="cell"/>
      <span end="25772" id="12546709-515" start="25767">cells</span>
    </annotation>
    <annotation annotator="" id="GO_CC_2016_02_16_Instance_101591" type="identity">
      <class id="GO:0005634" label="nucleus"/>
      <span end="26812" id="12546709-375" start="26805">nucleic</span>
    </annotation>
    <annotation annotator="Mike Bada, University of Colorado Anschutz Medical Campus" id="GO_CC_2016_02_16_test_Instance_10709" type="identity">
      <class id="CL_GO_EXT:cell" label="cell"/>
      <span end="26892" id="12546709-517" start="26887">cells</span>
    </annotation>
    <annotation annotator="" id="GO_CC_2016_02_16_Instance_101593" type="identity">
      <class id="GO:0005634" label="nucleus"/>
      <span end="27125" id="12546709-377" start="27118">nucleic</span>
    </annotation>
    <annotation annotator="" id="GO_CC_2016_02_16_Instance_101595" type="identity">
      <class id="GO:0005634" label="nucleus"/>
      <span end="27215" id="12546709-379" start="27208">nucleic</span>
    </annotation>
    <annotation annotator="Mike Bada, University of Colorado Anschutz Medical Campus" id="GO_CC_2016_02_16_test_Instance_10711" type="identity">
      <class id="CL_GO_EXT:cell" label="cell"/>
      <span end="27317" id="12546709-519" start="27312">cells</span>
    </annotation>
    <annotation annotator="Mike Bada, University of Colorado Anschutz Medical Campus" id="GO_CC_2016_02_16_test_Instance_10713" type="identity">
      <class id="CL_GO_EXT:cell" label="cell"/>
      <span end="27384" id="12546709-521" start="27379">cells</span>
    </annotation>
    <annotation annotator="" id="GO_CC_2016_02_16_Instance_101597" type="identity">
      <class id="GO:0005634" label="nucleus"/>
      <span end="27658" id="12546709-381" start="27651">nucleic</span>
    </annotation>
    <annotation annotator="" id="GO_CC_2016_02_16_Instance_101599" type="identity">
      <class id="GO:0005634" label="nucleus"/>
      <span end="27846" id="12546709-383" start="27839">nucleic</span>
    </annotation>
    <annotation annotator="Mike Bada, University of Colorado Anschutz Medical Campus" id="GO_CC_2016_02_16_test_Instance_10715" type="identity">
      <class id="CL_GO_EXT:cell" label="cell"/>
      <span end="27868" id="12546709-523" start="27863">cells</span>
    </annotation>
    <annotation annotator="Mike Bada, University of Colorado Anschutz Medical Campus" id="GO_CC_2016_02_16_test_Instance_10717" type="identity">
      <class id="CL_GO_EXT:cell" label="cell"/>
      <span end="28366" id="12546709-525" start="28361">cells</span>
    </annotation>
    <annotation annotator="Mike Bada, University of Colorado Anschutz Medical Campus" id="GO_CC_2016_02_16_test_Instance_10719" type="identity">
      <class id="CL_GO_EXT:cell" label="cell"/>
      <span end="28515" id="12546709-527" start="28511">cell</span>
    </annotation>
    <annotation annotator="Mike Bada, University of Colorado Anschutz Medical Campus" id="GO_CC_2016_02_16_test_Instance_10721" type="identity">
      <class id="CL_GO_EXT:cell" label="cell"/>
      <span end="28568" id="12546709-529" start="28564">cell</span>
    </annotation>
    <annotation annotator="Mike Bada, University of Colorado Anschutz Medical Campus" id="GO_CC_2016_02_16_test_Instance_10723" type="identity">
      <class id="CL_GO_EXT:cell" label="cell"/>
      <span end="28586" id="12546709-531" start="28582">cell</span>
    </annotation>
    <annotation annotator="Mike Bada, University of Colorado Anschutz Medical Campus" id="GO_CC_2016_02_16_test_Instance_10725" type="identity">
      <class id="CL_GO_EXT:cell" label="cell"/>
      <span end="28671" id="12546709-533" start="28667">cell</span>
    </annotation>
    <annotation annotator="Mike Bada, University of Colorado Anschutz Medical Campus" id="GO_CC_2016_02_16_test_Instance_10727" type="identity">
      <class id="CL_GO_EXT:cell" label="cell"/>
      <span end="28738" id="12546709-535" start="28734">cell</span>
    </annotation>
    <annotation annotator="Mike Bada, University of Colorado Anschutz Medical Campus" id="GO_CC_2016_02_16_test_Instance_25977" type="identity">
      <class id="GO:0043226" label="organelle"/>
      <span end="28759" id="12546709-645" start="28749">organelles</span>
    </annotation>
    <annotation annotator="Mike Bada, University of Colorado Anschutz Medical Campus" id="GO_CC_2016_02_16_test_Instance_10729" type="identity">
      <class id="CL_GO_EXT:cell" label="cell"/>
      <span end="28805" id="12546709-537" start="28801">cell</span>
    </annotation>
    <annotation annotator="Mike Bada, University of Colorado Anschutz Medical Campus" id="GO_CC_2016_02_16_test_Instance_10731" type="identity">
      <class id="CL_GO_EXT:cell" label="cell"/>
      <span end="28857" id="12546709-539" start="28853">cell</span>
    </annotation>
    <annotation annotator="Mike Bada, University of Colorado Anschutz Medical Campus" id="GO_CC_2016_02_16_test_Instance_10733" type="identity">
      <class id="CL_GO_EXT:cell" label="cell"/>
      <span end="28878" id="12546709-541" start="28874">cell</span>
    </annotation>
    <annotation annotator="Mike Bada, University of Colorado Anschutz Medical Campus" id="GO_CC_2016_02_16_test_Instance_10735" type="identity">
      <class id="CL_GO_EXT:cell" label="cell"/>
      <span end="29331" id="12546709-543" start="29327">cell</span>
    </annotation>
    <annotation annotator="Mike Bada, University of Colorado Anschutz Medical Campus" id="GO_CC_2016_02_16_test_Instance_10737" type="identity">
      <class id="CL_GO_EXT:cell" label="cell"/>
      <span end="29839" id="12546709-545" start="29831">cellular</span>
    </annotation>
    <annotation annotator="Mike Bada, University of Colorado Anschutz Medical Campus" id="GO_CC_2016_02_16_test_Instance_10739" type="identity">
      <class id="CL_GO_EXT:cell" label="cell"/>
      <span end="29940" id="12546709-547" start="29935">cells</span>
    </annotation>
    <annotation annotator="Mike Bada, University of Colorado Anschutz Medical Campus" id="GO_CC_2016_02_16_test_Instance_10741" type="identity">
      <class id="CL_GO_EXT:cell" label="cell"/>
      <span end="30101" id="12546709-549" start="30096">cells</span>
    </annotation>
    <annotation annotator="Mike Bada, University of Colorado Anschutz Medical Campus" id="GO_CC_2016_02_16_test_Instance_10743" type="identity">
      <class id="CL_GO_EXT:cell" label="cell"/>
      <span end="30251" id="12546709-551" start="30246">cells</span>
    </annotation>
    <annotation annotator="Mike Bada, University of Colorado Anschutz Medical Campus" id="GO_CC_2016_02_16_test_Instance_10745" type="identity">
      <class id="CL_GO_EXT:cell" label="cell"/>
      <span end="30536" id="12546709-553" start="30532">cell</span>
    </annotation>
    <annotation annotator="Mike Bada, University of Colorado Anschutz Medical Campus" id="GO_CC_2016_02_16_test_Instance_10747" type="identity">
      <class id="CL_GO_EXT:cell" label="cell"/>
      <span end="30720" id="12546709-555" start="30715">cells</span>
    </annotation>
    <annotation annotator="Mike Bada, University of Colorado Anschutz Medical Campus" id="GO_CC_2016_02_16_test_Instance_25979" type="identity">
      <class id="GO:0005634" label="nucleus"/>
      <span end="30800" id="12546709-647" start="30788">cell nucleus</span>
    </annotation>
    <annotation annotator="Mike Bada, University of Colorado Anschutz Medical Campus" id="GO_CC_2016_02_16_test_Instance_10751" type="identity">
      <class id="CL_GO_EXT:cell" label="cell"/>
      <span end="30843" id="12546709-557" start="30839">cell</span>
    </annotation>
    <annotation annotator="Mike Bada, University of Colorado Anschutz Medical Campus" id="GO_CC_2016_02_16_test_Instance_25981" type="identity">
      <class id="GO:0005634" label="nucleus"/>
      <span end="30909" id="12546709-649" start="30898">cell nuclei</span>
    </annotation>
    <annotation annotator="Mike Bada, University of Colorado Anschutz Medical Campus" id="GO_CC_2016_02_16_test_Instance_10755" type="identity">
      <class id="CL_GO_EXT:cell" label="cell"/>
      <span end="31055" id="12546709-559" start="31050">cells</span>
    </annotation>
    <annotation annotator="Mike Bada, University of Colorado Anschutz Medical Campus" id="GO_CC_2016_02_16_test_Instance_25983" type="identity">
      <class id="GO:0005634" label="nucleus"/>
      <span end="31116" id="12546709-651" start="31110">nuclei</span>
    </annotation>
    <annotation annotator="Mike Bada, University of Colorado Anschutz Medical Campus" id="GO_CC_2016_02_16_test_Instance_25985" type="identity">
      <class id="GO:0005634" label="nucleus"/>
      <span end="31178" id="12546709-653" start="31171">nucleus</span>
    </annotation>
    <annotation annotator="Mike Bada, University of Colorado Anschutz Medical Campus" id="GO_CC_2016_02_16_test_Instance_10757" type="identity">
      <class id="CL_GO_EXT:cell" label="cell"/>
      <span end="31231" id="12546709-561" start="31226">cells</span>
    </annotation>
    <annotation annotator="Mike Bada, University of Colorado Anschutz Medical Campus" id="GO_CC_2016_02_16_test_Instance_10759" type="identity">
      <class id="CL_GO_EXT:cell" label="cell"/>
      <span end="31419" id="12546709-563" start="31415">cell</span>
    </annotation>
    <annotation annotator="Mike Bada, University of Colorado Anschutz Medical Campus" id="GO_CC_2016_02_16_test_Instance_10761" type="identity">
      <class id="CL_GO_EXT:cell" label="cell"/>
      <span end="31542" id="12546709-565" start="31538">cell</span>
    </annotation>
    <annotation annotator="Mike Bada, University of Colorado Anschutz Medical Campus" id="GO_CC_2016_02_16_test_Instance_25987" type="identity">
      <class id="GO:0005634" label="nucleus"/>
      <span end="31654" id="12546709-655" start="31647">nucleus</span>
    </annotation>
    <annotation annotator="Mike Bada, University of Colorado Anschutz Medical Campus" id="GO_CC_2016_02_16_test_Instance_10763" type="identity">
      <class id="CL_GO_EXT:cell" label="cell"/>
      <span end="31666" id="12546709-567" start="31662">cell</span>
    </annotation>
    <annotation annotator="Mike Bada, University of Colorado Anschutz Medical Campus" id="GO_CC_2016_02_16_test_Instance_25989" type="identity">
      <class id="GO:0005634" label="nucleus"/>
      <span end="31781" id="12546709-657" start="31775">nuclei</span>
    </annotation>
    <annotation annotator="" id="GO_CC_2016_02_16_Instance_101601" type="identity">
      <class id="GO:0005634" label="nucleus"/>
      <span end="31854" id="12546709-385" start="31847">nucleic</span>
    </annotation>
    <annotation annotator="Mike Bada, University of Colorado Anschutz Medical Campus" id="GO_CC_2016_02_16_test_Instance_25991" type="identity">
      <class id="GO:0005634" label="nucleus"/>
      <span end="32003" id="12546709-659" start="31996">nucleus</span>
    </annotation>
    <annotation annotator="Mike Bada, University of Colorado Anschutz Medical Campus" id="GO_CC_2016_02_16_test_Instance_25993" type="identity">
      <class id="GO:0005856" label="cytoskeleton"/>
      <span end="32124" id="12546709-661" start="32112">cytoskeletal</span>
    </annotation>
    <annotation annotator="Mike Bada, University of Colorado Anschutz Medical Campus" id="GO_CC_2016_02_16_test_Instance_25995" type="identity">
      <class id="GO:0005884" label="actin filament"/>
      <span end="32245" id="12546709-663" start="32231">Actin filament</span>
    </annotation>
    <annotation annotator="Mike Bada, University of Colorado Anschutz Medical Campus" id="GO_CC_2016_02_16_test_Instance_10765" type="identity">
      <class id="CL_GO_EXT:cell" label="cell"/>
      <span end="32335" id="12546709-569" start="32330">cells</span>
    </annotation>
    <annotation annotator="" id="GO_CC_2016_02_16_Instance_143" type="identity">
      <class id="GO:0032991" label="macromolecular complex"/>
      <span end="32494" id="12546709-399" start="32487">complex</span>
    </annotation>
    <annotation annotator="Mike Bada, University of Colorado Anschutz Medical Campus" id="GO_CC_2016_02_16_test_Instance_25997" type="identity">
      <class id="GO:0045098" label="type III intermediate filament"/>
      <span end="32530" id="12546709-665" start="32500">type III intermediate filament</span>
    </annotation>
    <annotation annotator="Mike Bada, University of Colorado Anschutz Medical Campus" id="GO_CC_2016_02_16_test_Instance_10767" type="identity">
      <class id="CL_GO_EXT:cell" label="cell"/>
      <span end="32745" id="12546709-571" start="32740">cells</span>
    </annotation>
    <annotation annotator="Mike Bada, University of Colorado Anschutz Medical Campus" id="GO_CC_2016_02_16_test_Instance_10769" type="identity">
      <class id="CL_GO_EXT:cell" label="cell"/>
      <span end="32816" id="12546709-573" start="32811">cells</span>
    </annotation>
    <annotation annotator="Mike Bada, University of Colorado Anschutz Medical Campus" id="GO_CC_2016_02_16_test_Instance_10771" type="identity">
      <class id="CL_GO_EXT:cell" label="cell"/>
      <span end="32912" id="12546709-575" start="32907">cells</span>
    </annotation>
    <annotation annotator="Mike Bada, University of Colorado Anschutz Medical Campus" id="GO_CC_2016_02_16_test_Instance_25999" type="identity">
      <class id="GO:0005856" label="cytoskeleton"/>
      <span end="32997" id="12546709-667" start="32985">cytoskeleton</span>
    </annotation>
    <annotation annotator="Mike Bada, University of Colorado Anschutz Medical Campus" id="GO_CC_2016_02_16_test_Instance_10773" type="identity">
      <class id="CL_GO_EXT:cell" label="cell"/>
      <span end="33039" id="12546709-577" start="33035">cell</span>
    </annotation>
    <annotation annotator="" id="GO_CC_2016_02_16_Instance_145" type="identity">
      <class id="CL_GO_EXT:cell" label="cell"/>
      <span end="33079" id="12546709-401" start="33073">cellar</span>
    </annotation>
    <annotation annotator="Mike Bada, University of Colorado Anschutz Medical Campus" id="GO_CC_2016_02_16_test_Instance_10775" type="identity">
      <class id="CL_GO_EXT:cell" label="cell"/>
      <span end="33109" id="12546709-579" start="33105">cell</span>
    </annotation>
    <annotation annotator="Mike Bada, University of Colorado Anschutz Medical Campus" id="GO_CC_2016_02_16_test_Instance_26001" type="identity">
      <class id="GO:0005856" label="cytoskeleton"/>
      <span end="33256" id="12546709-669" start="33244">cytoskeletal</span>
    </annotation>
    <graph-space id="Old Knowtator Relations"/>
  </document>
</knowtator-project>
