<?xml version="1.0" encoding="UTF-8" standalone="no"?>
<knowtator-project>
    <document id="12585968" text-file="12585968.txt">
        <annotation annotator="Mike Bada, University of Colorado Anschutz Medical Campus" id="GO_CC_2016_02_16_test_Instance_10985" type="identity">
            <class id="CL_GO_EXT:cell" label="cell"/>
            <span end="176" id="12585968-917" start="171">cells</span>
        </annotation>
        <annotation annotator="Mike Bada, University of Colorado Anschutz Medical Campus" id="GO_CC_2016_02_16_test_Instance_10779" type="identity">
            <class id="CL_GO_EXT:cell" label="cell"/>
            <span end="299" id="12585968-711" start="294">cells</span>
        </annotation>
        <annotation annotator="Mike Bada, University of Colorado Anschutz Medical Campus" id="GO_CC_2016_02_16_test_Instance_10781" type="identity">
            <class id="CL_GO_EXT:cell" label="cell"/>
            <span end="879" id="12585968-713" start="874">cells</span>
        </annotation>
        <annotation annotator="Mike Bada, University of Colorado Anschutz Medical Campus" id="GO_CC_2016_02_16_test_Instance_10783" type="identity">
            <class id="CL_GO_EXT:cell" label="cell"/>
            <span end="974" id="12585968-715" start="969">cells</span>
        </annotation>
        <annotation annotator="Mike Bada, University of Colorado Anschutz Medical Campus" id="GO_CC_2016_02_16_test_Instance_10785" type="identity">
            <class id="CL_GO_EXT:cell" label="cell"/>
            <span end="1063" id="12585968-717" start="1058">cells</span>
        </annotation>
        <annotation annotator="Mike Bada, University of Colorado Anschutz Medical Campus" id="GO_CC_2016_02_16_test_Instance_10787" type="identity">
            <class id="CL_GO_EXT:cell" label="cell"/>
            <span end="1338" id="12585968-719" start="1333">cells</span>
        </annotation>
        <annotation annotator="" id="GO_CC_2016_02_16_Instance_102543" type="identity">
            <class id="GO:0042995" label="cell projection"/>
            <span end="1391" id="12585968-677" start="1380">projections</span>
        </annotation>
        <annotation annotator="Mike Bada, University of Colorado Anschutz Medical Campus" id="GO_CC_2016_02_16_test_Instance_10789" type="identity">
            <class id="CL_GO_EXT:cell" label="cell"/>
            <span end="1454" id="12585968-721" start="1449">cells</span>
        </annotation>
        <annotation annotator="" id="GO_CC_2016_02_16_Instance_102545" type="identity">
            <class id="GO:0042995" label="cell projection"/>
            <span end="1501" id="12585968-679" start="1490">projections</span>
        </annotation>
        <annotation annotator="Mike Bada, University of Colorado Anschutz Medical Campus" id="GO_CC_2016_02_16_test_Instance_10987" type="identity">
            <class id="CL_GO_EXT:cell" label="cell"/>
            <span end="1817" id="12585968-919" start="1812">cells</span>
        </annotation>
        <annotation annotator="Mike Bada, University of Colorado Anschutz Medical Campus" id="GO_CC_2016_02_16_test_Instance_10989" type="identity">
            <class id="CL_GO_EXT:cell" label="cell"/>
            <span end="1951" id="12585968-921" start="1947">cell</span>
        </annotation>
        <annotation annotator="Mike Bada, University of Colorado Anschutz Medical Campus" id="GO_CC_2016_02_16_test_Instance_10791" type="identity">
            <class id="CL_GO_EXT:cell" label="cell"/>
            <span end="2018" id="12585968-723" start="2013">cells</span>
        </annotation>
        <annotation annotator="Mike Bada, University of Colorado Anschutz Medical Campus" id="GO_CC_2016_02_16_test_Instance_10793" type="identity">
            <class id="CL_GO_EXT:cell" label="cell"/>
            <span end="2088" id="12585968-725" start="2083">cells</span>
        </annotation>
        <annotation annotator="Mike Bada, University of Colorado Anschutz Medical Campus" id="GO_CC_2016_02_16_test_Instance_10795" type="identity">
            <class id="CL_GO_EXT:cell" label="cell"/>
            <span end="2136" id="12585968-727" start="2128">cellular</span>
        </annotation>
        <annotation annotator="Mike Bada, University of Colorado Anschutz Medical Campus" id="GO_CC_2016_02_16_test_Instance_10797" type="identity">
            <class id="CL_GO_EXT:cell" label="cell"/>
            <span end="2243" id="12585968-729" start="2238">cells</span>
        </annotation>
        <annotation annotator="Mike Bada, University of Colorado Anschutz Medical Campus" id="GO_CC_2016_02_16_test_Instance_10799" type="identity">
            <class id="CL_GO_EXT:cell" label="cell"/>
            <span end="2357" id="12585968-731" start="2352">cells</span>
        </annotation>
        <annotation annotator="Mike Bada, University of Colorado Anschutz Medical Campus" id="GO_CC_2016_02_16_test_Instance_10801" type="identity">
            <class id="CL_GO_EXT:cell" label="cell"/>
            <span end="2432" id="12585968-733" start="2427">cells</span>
        </annotation>
        <annotation annotator="Mike Bada, University of Colorado Anschutz Medical Campus" id="GO_CC_2016_02_16_test_Instance_10803" type="identity">
            <class id="CL_GO_EXT:cell" label="cell"/>
            <span end="2890" id="12585968-735" start="2885">cells</span>
        </annotation>
        <annotation annotator="Mike Bada, University of Colorado Anschutz Medical Campus" id="GO_CC_2016_02_16_test_Instance_10805" type="identity">
            <class id="CL_GO_EXT:cell" label="cell"/>
            <span end="2974" id="12585968-737" start="2969">cells</span>
        </annotation>
        <annotation annotator="Mike Bada, University of Colorado Anschutz Medical Campus" id="GO_CC_2016_02_16_test_Instance_10807" type="identity">
            <class id="CL_GO_EXT:cell" label="cell"/>
            <span end="3370" id="12585968-739" start="3365">cells</span>
        </annotation>
        <annotation annotator="Mike Bada, University of Colorado Anschutz Medical Campus" id="GO_CC_2016_02_16_test_Instance_10809" type="identity">
            <class id="CL_GO_EXT:cell" label="cell"/>
            <span end="3463" id="12585968-741" start="3458">cells</span>
        </annotation>
        <annotation annotator="Mike Bada, University of Colorado Anschutz Medical Campus" id="GO_CC_2016_02_16_test_Instance_10811" type="identity">
            <class id="CL_GO_EXT:cell" label="cell"/>
            <span end="3505" id="12585968-743" start="3500">cells</span>
        </annotation>
        <annotation annotator="Mike Bada, University of Colorado Anschutz Medical Campus" id="GO_CC_2016_02_16_test_Instance_10813" type="identity">
            <class id="CL_GO_EXT:cell" label="cell"/>
            <span end="3777" id="12585968-745" start="3772">cells</span>
        </annotation>
        <annotation annotator="Mike Bada, University of Colorado Anschutz Medical Campus" id="GO_CC_2016_02_16_test_Instance_10815" type="identity">
            <class id="CL_GO_EXT:cell" label="cell"/>
            <span end="4228" id="12585968-747" start="4223">cells</span>
        </annotation>
        <annotation annotator="Mike Bada, University of Colorado Anschutz Medical Campus" id="GO_CC_2016_02_16_test_Instance_10817" type="identity">
            <class id="CL_GO_EXT:cell" label="cell"/>
            <span end="4603" id="12585968-749" start="4599">cell</span>
        </annotation>
        <annotation annotator="Mike Bada, University of Colorado Anschutz Medical Campus" id="GO_CC_2016_02_16_test_Instance_10819" type="identity">
            <class id="CL_GO_EXT:cell" label="cell"/>
            <span end="4651" id="12585968-751" start="4646">cells</span>
        </annotation>
        <annotation annotator="Mike Bada, University of Colorado Anschutz Medical Campus" id="GO_CC_2016_02_16_test_Instance_10821" type="identity">
            <class id="CL_GO_EXT:cell" label="cell"/>
            <span end="6316" id="12585968-753" start="6311">cells</span>
        </annotation>
        <annotation annotator="Mike Bada, University of Colorado Anschutz Medical Campus" id="GO_CC_2016_02_16_test_Instance_10823" type="identity">
            <class id="CL_GO_EXT:cell" label="cell"/>
            <span end="6765" id="12585968-755" start="6761">cell</span>
        </annotation>
        <annotation annotator="Mike Bada, University of Colorado Anschutz Medical Campus" id="GO_CC_2016_02_16_test_Instance_10825" type="identity">
            <class id="CL_GO_EXT:cell" label="cell"/>
            <span end="6787" id="12585968-757" start="6783">cell</span>
        </annotation>
        <annotation annotator="Mike Bada, University of Colorado Anschutz Medical Campus" id="GO_CC_2016_02_16_test_Instance_10827" type="identity">
            <class id="CL_GO_EXT:cell" label="cell"/>
            <span end="6812" id="12585968-759" start="6808">cell</span>
        </annotation>
        <annotation annotator="Mike Bada, University of Colorado Anschutz Medical Campus" id="GO_CC_2016_02_16_test_Instance_10829" type="identity">
            <class id="CL_GO_EXT:cell" label="cell"/>
            <span end="6871" id="12585968-761" start="6867">cell</span>
        </annotation>
        <annotation annotator="Mike Bada, University of Colorado Anschutz Medical Campus" id="GO_CC_2016_02_16_test_Instance_10831" type="identity">
            <class id="CL_GO_EXT:cell" label="cell"/>
            <span end="8229" id="12585968-763" start="8224">cells</span>
        </annotation>
        <annotation annotator="Mike Bada, University of Colorado Anschutz Medical Campus" id="GO_CC_2016_02_16_test_Instance_10833" type="identity">
            <class id="CL_GO_EXT:cell" label="cell"/>
            <span end="9600" id="12585968-765" start="9595">cells</span>
        </annotation>
        <annotation annotator="Mike Bada, University of Colorado Anschutz Medical Campus" id="GO_CC_2016_02_16_test_Instance_10835" type="identity">
            <class id="CL_GO_EXT:cell" label="cell"/>
            <span end="9738" id="12585968-767" start="9733">cells</span>
        </annotation>
        <annotation annotator="Mike Bada, University of Colorado Anschutz Medical Campus" id="GO_CC_2016_02_16_test_Instance_10837" type="identity">
            <class id="CL_GO_EXT:cell" label="cell"/>
            <span end="9908" id="12585968-769" start="9904">cell</span>
        </annotation>
        <annotation annotator="Mike Bada, University of Colorado Anschutz Medical Campus" id="GO_CC_2016_02_16_test_Instance_10839" type="identity">
            <class id="CL_GO_EXT:cell" label="cell"/>
            <span end="9982" id="12585968-771" start="9978">cell</span>
        </annotation>
        <annotation annotator="Mike Bada, University of Colorado Anschutz Medical Campus" id="GO_CC_2016_02_16_test_Instance_10841" type="identity">
            <class id="CL_GO_EXT:cell" label="cell"/>
            <span end="10941" id="12585968-773" start="10936">cells</span>
        </annotation>
        <annotation annotator="Mike Bada, University of Colorado Anschutz Medical Campus" id="GO_CC_2016_02_16_test_Instance_10843" type="identity">
            <class id="CL_GO_EXT:cell" label="cell"/>
            <span end="11066" id="12585968-775" start="11061">cells</span>
        </annotation>
        <annotation annotator="Mike Bada, University of Colorado Anschutz Medical Campus" id="GO_CC_2016_02_16_test_Instance_10845" type="identity">
            <class id="CL_GO_EXT:cell" label="cell"/>
            <span end="11150" id="12585968-777" start="11145">cells</span>
        </annotation>
        <annotation annotator="Mike Bada, University of Colorado Anschutz Medical Campus" id="GO_CC_2016_02_16_test_Instance_10847" type="identity">
            <class id="CL_GO_EXT:cell" label="cell"/>
            <span end="11457" id="12585968-779" start="11452">cells</span>
        </annotation>
        <annotation annotator="Mike Bada, University of Colorado Anschutz Medical Campus" id="GO_CC_2016_02_16_test_Instance_10849" type="identity">
            <class id="CL_GO_EXT:cell" label="cell"/>
            <span end="11603" id="12585968-781" start="11599">cell</span>
        </annotation>
        <annotation annotator="Mike Bada, University of Colorado Anschutz Medical Campus" id="GO_CC_2016_02_16_test_Instance_10851" type="identity">
            <class id="CL_GO_EXT:cell" label="cell"/>
            <span end="11716" id="12585968-783" start="11711">cells</span>
        </annotation>
        <annotation annotator="Mike Bada, University of Colorado Anschutz Medical Campus" id="GO_CC_2016_02_16_test_Instance_10853" type="identity">
            <class id="CL_GO_EXT:cell" label="cell"/>
            <span end="11986" id="12585968-785" start="11982">cell</span>
        </annotation>
        <annotation annotator="Mike Bada, University of Colorado Anschutz Medical Campus" id="GO_CC_2016_02_16_test_Instance_10855" type="identity">
            <class id="CL_GO_EXT:cell" label="cell"/>
            <span end="12541" id="12585968-787" start="12536">cells</span>
        </annotation>
        <annotation annotator="Mike Bada, University of Colorado Anschutz Medical Campus" id="GO_CC_2016_02_16_test_Instance_10857" type="identity">
            <class id="CL_GO_EXT:cell" label="cell"/>
            <span end="12636" id="12585968-789" start="12632">cell</span>
        </annotation>
        <annotation annotator="Mike Bada, University of Colorado Anschutz Medical Campus" id="GO_CC_2016_02_16_test_Instance_10859" type="identity">
            <class id="CL_GO_EXT:cell" label="cell"/>
            <span end="12708" id="12585968-791" start="12703">cells</span>
        </annotation>
        <annotation annotator="Mike Bada, University of Colorado Anschutz Medical Campus" id="GO_CC_2016_02_16_test_Instance_10861" type="identity">
            <class id="CL_GO_EXT:cell" label="cell"/>
            <span end="12760" id="12585968-793" start="12755">cells</span>
        </annotation>
        <annotation annotator="Mike Bada, University of Colorado Anschutz Medical Campus" id="GO_CC_2016_02_16_test_Instance_10863" type="identity">
            <class id="CL_GO_EXT:cell" label="cell"/>
            <span end="12930" id="12585968-795" start="12925">cells</span>
        </annotation>
        <annotation annotator="Mike Bada, University of Colorado Anschutz Medical Campus" id="GO_CC_2016_02_16_test_Instance_10865" type="identity">
            <class id="CL_GO_EXT:cell" label="cell"/>
            <span end="13367" id="12585968-797" start="13362">cells</span>
        </annotation>
        <annotation annotator="Mike Bada, University of Colorado Anschutz Medical Campus" id="GO_CC_2016_02_16_test_Instance_10867" type="identity">
            <class id="CL_GO_EXT:cell" label="cell"/>
            <span end="13418" id="12585968-799" start="13413">cells</span>
        </annotation>
        <annotation annotator="Mike Bada, University of Colorado Anschutz Medical Campus" id="GO_CC_2016_02_16_test_Instance_10869" type="identity">
            <class id="CL_GO_EXT:cell" label="cell"/>
            <span end="13494" id="12585968-801" start="13489">cells</span>
        </annotation>
        <annotation annotator="Mike Bada, University of Colorado Anschutz Medical Campus" id="GO_CC_2016_02_16_test_Instance_10871" type="identity">
            <class id="CL_GO_EXT:cell" label="cell"/>
            <span end="13624" id="12585968-803" start="13619">cells</span>
        </annotation>
        <annotation annotator="Mike Bada, University of Colorado Anschutz Medical Campus" id="GO_CC_2016_02_16_test_Instance_10873" type="identity">
            <class id="CL_GO_EXT:cell" label="cell"/>
            <span end="13645" id="12585968-805" start="13640">cells</span>
        </annotation>
        <annotation annotator="Mike Bada, University of Colorado Anschutz Medical Campus" id="GO_CC_2016_02_16_test_Instance_10991" type="identity">
            <class id="CL_GO_EXT:cell" label="cell"/>
            <span end="13696" id="12585968-923" start="13691">cells</span>
        </annotation>
        <annotation annotator="" id="GO_CC_2016_02_16_Instance_101789" type="identity">
            <class id="CL_GO_EXT:cell" label="cell"/>
            <span end="13827" id="12585968-672" start="13816">cytological</span>
        </annotation>
        <annotation annotator="" id="GO_CC_2016_02_16_Instance_151" type="identity">
            <class id="GO:0042571" label="immunoglobulin complex, circulating"/>
            <span end="14027" id="12585968-697" start="14019">antibody</span>
        </annotation>
        <annotation annotator="Mike Bada, University of Colorado Anschutz Medical Campus" id="GO_CC_2016_02_16_test_Instance_10875" type="identity">
            <class id="CL_GO_EXT:cell" label="cell"/>
            <span end="14065" id="12585968-807" start="14060">cells</span>
        </annotation>
        <annotation annotator="Mike Bada, University of Colorado Anschutz Medical Campus" id="GO_CC_2016_02_16_test_Instance_10877" type="identity">
            <class id="CL_GO_EXT:cell" label="cell"/>
            <span end="14110" id="12585968-809" start="14105">cells</span>
        </annotation>
        <annotation annotator="Mike Bada, University of Colorado Anschutz Medical Campus" id="GO_CC_2016_02_16_test_Instance_10879" type="identity">
            <class id="CL_GO_EXT:cell" label="cell"/>
            <span end="14181" id="12585968-811" start="14176">cells</span>
        </annotation>
        <annotation annotator="Mike Bada, University of Colorado Anschutz Medical Campus" id="GO_CC_2016_02_16_test_Instance_10881" type="identity">
            <class id="CL_GO_EXT:cell" label="cell"/>
            <span end="14272" id="12585968-813" start="14268">cell</span>
        </annotation>
        <annotation annotator="Mike Bada, University of Colorado Anschutz Medical Campus" id="GO_CC_2016_02_16_test_Instance_10883" type="identity">
            <class id="CL_GO_EXT:cell" label="cell"/>
            <span end="14360" id="12585968-815" start="14355">cells</span>
        </annotation>
        <annotation annotator="Mike Bada, University of Colorado Anschutz Medical Campus" id="GO_CC_2016_02_16_test_Instance_10885" type="identity">
            <class id="CL_GO_EXT:cell" label="cell"/>
            <span end="14437" id="12585968-817" start="14432">cells</span>
        </annotation>
        <annotation annotator="Mike Bada, University of Colorado Anschutz Medical Campus" id="GO_CC_2016_02_16_test_Instance_10887" type="identity">
            <class id="CL_GO_EXT:cell" label="cell"/>
            <span end="14633" id="12585968-819" start="14628">cells</span>
        </annotation>
        <annotation annotator="" id="GO_CC_2016_02_16_Instance_153" type="identity">
            <class id="CL_GO_EXT:cell" label="cell"/>
            <span end="14861" id="12585968-699" start="14849">cyotological</span>
        </annotation>
        <annotation annotator="Mike Bada, University of Colorado Anschutz Medical Campus" id="GO_CC_2016_02_16_test_Instance_10889" type="identity">
            <class id="CL_GO_EXT:cell" label="cell"/>
            <span end="14948" id="12585968-821" start="14943">cells</span>
        </annotation>
        <annotation annotator="Mike Bada, University of Colorado Anschutz Medical Campus" id="GO_CC_2016_02_16_test_Instance_10993" type="identity">
            <class id="CL_GO_EXT:cell" label="cell"/>
            <span end="15027" id="12585968-925" start="15022">cells</span>
        </annotation>
        <annotation annotator="Mike Bada, University of Colorado Anschutz Medical Campus" id="GO_CC_2016_02_16_test_Instance_10891" type="identity">
            <class id="CL_GO_EXT:cell" label="cell"/>
            <span end="15207" id="12585968-823" start="15202">cells</span>
        </annotation>
        <annotation annotator="Mike Bada, University of Colorado Anschutz Medical Campus" id="GO_CC_2016_02_16_test_Instance_10893" type="identity">
            <class id="CL_GO_EXT:cell" label="cell"/>
            <span end="15411" id="12585968-825" start="15406">cells</span>
        </annotation>
        <annotation annotator="Mike Bada, University of Colorado Anschutz Medical Campus" id="GO_CC_2016_02_16_test_Instance_10895" type="identity">
            <class id="CL_GO_EXT:cell" label="cell"/>
            <span end="15653" id="12585968-827" start="15648">cells</span>
        </annotation>
        <annotation annotator="Mike Bada, University of Colorado Anschutz Medical Campus" id="GO_CC_2016_02_16_test_Instance_10897" type="identity">
            <class id="CL_GO_EXT:cell" label="cell"/>
            <span end="15766" id="12585968-829" start="15761">cells</span>
        </annotation>
        <annotation annotator="Mike Bada, University of Colorado Anschutz Medical Campus" id="GO_CC_2016_02_16_test_Instance_10995" type="identity">
            <class id="CL_GO_EXT:cell" label="cell"/>
            <span end="15873" id="12585968-927" start="15868">cells</span>
        </annotation>
        <annotation annotator="Mike Bada, University of Colorado Anschutz Medical Campus" id="GO_CC_2016_02_16_test_Instance_10899" type="identity">
            <class id="CL_GO_EXT:cell" label="cell"/>
            <span end="16011" id="12585968-831" start="16006">cells</span>
        </annotation>
        <annotation annotator="Mike Bada, University of Colorado Anschutz Medical Campus" id="GO_CC_2016_02_16_test_Instance_10901" type="identity">
            <class id="CL_GO_EXT:cell" label="cell"/>
            <span end="16124" id="12585968-833" start="16119">cells</span>
        </annotation>
        <annotation annotator="" id="GO_CC_2016_02_16_Instance_102547" type="identity">
            <class id="GO:0042995" label="cell projection"/>
            <span end="16678" id="12585968-681" start="16667">projections</span>
        </annotation>
        <annotation annotator="" id="GO_CC_2016_02_16_Instance_102549" type="identity">
            <class id="GO:0042995" label="cell projection"/>
            <span end="16777" id="12585968-683" start="16767">projection</span>
        </annotation>
        <annotation annotator="Mike Bada, University of Colorado Anschutz Medical Campus" id="GO_CC_2016_02_16_test_Instance_10903" type="identity">
            <class id="CL_GO_EXT:cell" label="cell"/>
            <span end="16893" id="12585968-835" start="16889">cell</span>
        </annotation>
        <annotation annotator="" id="GO_CC_2016_02_16_Instance_102551" type="identity">
            <class id="GO:0042995" label="cell projection"/>
            <span end="17405" id="12585968-685" start="17395">projection</span>
        </annotation>
        <annotation annotator="Mike Bada, University of Colorado Anschutz Medical Campus" id="GO_CC_2016_02_16_test_Instance_10905" type="identity">
            <class id="CL_GO_EXT:cell" label="cell"/>
            <span end="17474" id="12585968-837" start="17469">cells</span>
        </annotation>
        <annotation annotator="" id="GO_CC_2016_02_16_Instance_161" type="identity">
            <class id="CL_GO_EXT:cell" label="cell"/>
            <span end="18192" id="12585968-701" start="18184">cellular</span>
        </annotation>
        <annotation annotator="Mike Bada, University of Colorado Anschutz Medical Campus" id="GO_CC_2016_02_16_test_Instance_10907" type="identity">
            <class id="CL_GO_EXT:cell" label="cell"/>
            <span end="18219" id="12585968-839" start="18214">cells</span>
        </annotation>
        <annotation annotator="Mike Bada, University of Colorado Anschutz Medical Campus" id="GO_CC_2016_02_16_test_Instance_10909" type="identity">
            <class id="CL_GO_EXT:cell" label="cell"/>
            <span end="18328" id="12585968-841" start="18323">cells</span>
        </annotation>
        <annotation annotator="Mike Bada, University of Colorado Anschutz Medical Campus" id="GO_CC_2016_02_16_test_Instance_10911" type="identity">
            <class id="CL_GO_EXT:cell" label="cell"/>
            <span end="18383" id="12585968-843" start="18378">cells</span>
        </annotation>
        <annotation annotator="" id="GO_CC_2016_02_16_Instance_163" type="identity">
            <class id="CL_GO_EXT:cell" label="cell"/>
            <span end="18679" id="12585968-703" start="18671">cellular</span>
        </annotation>
        <annotation annotator="Mike Bada, University of Colorado Anschutz Medical Campus" id="GO_CC_2016_02_16_test_Instance_10913" type="identity">
            <class id="CL_GO_EXT:cell" label="cell"/>
            <span end="18766" id="12585968-845" start="18761">cells</span>
        </annotation>
        <annotation annotator="Mike Bada, University of Colorado Anschutz Medical Campus" id="GO_CC_2016_02_16_test_Instance_10915" type="identity">
            <class id="CL_GO_EXT:cell" label="cell"/>
            <span end="19338" id="12585968-847" start="19333">cells</span>
        </annotation>
        <annotation annotator="Mike Bada, University of Colorado Anschutz Medical Campus" id="GO_CC_2016_02_16_test_Instance_10917" type="identity">
            <class id="CL_GO_EXT:cell" label="cell"/>
            <span end="19524" id="12585968-849" start="19519">cells</span>
        </annotation>
        <annotation annotator="Mike Bada, University of Colorado Anschutz Medical Campus" id="GO_CC_2016_02_16_test_Instance_10919" type="identity">
            <class id="CL_GO_EXT:cell" label="cell"/>
            <span end="20351" id="12585968-851" start="20346">cells</span>
        </annotation>
        <annotation annotator="Mike Bada, University of Colorado Anschutz Medical Campus" id="GO_CC_2016_02_16_test_Instance_10921" type="identity">
            <class id="CL_GO_EXT:cell" label="cell"/>
            <span end="20563" id="12585968-853" start="20558">cells</span>
        </annotation>
        <annotation annotator="Mike Bada, University of Colorado Anschutz Medical Campus" id="GO_CC_2016_02_16_test_Instance_10923" type="identity">
            <class id="CL_GO_EXT:cell" label="cell"/>
            <span end="20634" id="12585968-855" start="20629">cells</span>
        </annotation>
        <annotation annotator="Mike Bada, University of Colorado Anschutz Medical Campus" id="GO_CC_2016_02_16_test_Instance_10925" type="identity">
            <class id="CL_GO_EXT:cell" label="cell"/>
            <span end="21134" id="12585968-857" start="21130">cell</span>
        </annotation>
        <annotation annotator="Mike Bada, University of Colorado Anschutz Medical Campus" id="GO_CC_2016_02_16_test_Instance_10927" type="identity">
            <class id="CL_GO_EXT:cell" label="cell"/>
            <span end="21267" id="12585968-859" start="21262">cells</span>
        </annotation>
        <annotation annotator="Mike Bada, University of Colorado Anschutz Medical Campus" id="GO_CC_2016_02_16_test_Instance_10929" type="identity">
            <class id="CL_GO_EXT:cell" label="cell"/>
            <span end="21599" id="12585968-861" start="21594">cells</span>
        </annotation>
        <annotation annotator="Mike Bada, University of Colorado Anschutz Medical Campus" id="GO_CC_2016_02_16_test_Instance_10931" type="identity">
            <class id="CL_GO_EXT:cell" label="cell"/>
            <span end="21655" id="12585968-863" start="21651">cell</span>
        </annotation>
        <annotation annotator="Mike Bada, University of Colorado Anschutz Medical Campus" id="GO_CC_2016_02_16_test_Instance_10933" type="identity">
            <class id="CL_GO_EXT:cell" label="cell"/>
            <span end="22707" id="12585968-865" start="22702">cells</span>
        </annotation>
        <annotation annotator="Mike Bada, University of Colorado Anschutz Medical Campus" id="GO_CC_2016_02_16_test_Instance_10935" type="identity">
            <class id="CL_GO_EXT:cell" label="cell"/>
            <span end="22892" id="12585968-867" start="22887">cells</span>
        </annotation>
        <annotation annotator="Mike Bada, University of Colorado Anschutz Medical Campus" id="GO_CC_2016_02_16_test_Instance_10997" type="identity">
            <class id="CL_GO_EXT:cell" label="cell"/>
            <span end="23158" id="12585968-929" start="23153">cells</span>
        </annotation>
        <annotation annotator="Mike Bada, University of Colorado Anschutz Medical Campus" id="GO_CC_2016_02_16_test_Instance_10999" type="identity">
            <class id="CL_GO_EXT:cell" label="cell"/>
            <span end="23309" id="12585968-931" start="23304">cells</span>
        </annotation>
        <annotation annotator="Mike Bada, University of Colorado Anschutz Medical Campus" id="GO_CC_2016_02_16_test_Instance_11001" type="identity">
            <class id="CL_GO_EXT:cell" label="cell"/>
            <span end="23479" id="12585968-933" start="23474">cells</span>
        </annotation>
        <annotation annotator="Mike Bada, University of Colorado Anschutz Medical Campus" id="GO_CC_2016_02_16_test_Instance_11003" type="identity">
            <class id="CL_GO_EXT:cell" label="cell"/>
            <span end="23642" id="12585968-935" start="23638">cell</span>
        </annotation>
        <annotation annotator="Mike Bada, University of Colorado Anschutz Medical Campus" id="GO_CC_2016_02_16_test_Instance_10937" type="identity">
            <class id="CL_GO_EXT:cell" label="cell"/>
            <span end="25610" id="12585968-869" start="25605">cells</span>
        </annotation>
        <annotation annotator="Mike Bada, University of Colorado Anschutz Medical Campus" id="GO_CC_2016_02_16_test_Instance_10939" type="identity">
            <class id="CL_GO_EXT:cell" label="cell"/>
            <span end="25671" id="12585968-871" start="25666">cells</span>
        </annotation>
        <annotation annotator="Mike Bada, University of Colorado Anschutz Medical Campus" id="GO_CC_2016_02_16_test_Instance_10941" type="identity">
            <class id="CL_GO_EXT:cell" label="cell"/>
            <span end="26539" id="12585968-873" start="26534">cells</span>
        </annotation>
        <annotation annotator="Mike Bada, University of Colorado Anschutz Medical Campus" id="GO_CC_2016_02_16_test_Instance_10943" type="identity">
            <class id="CL_GO_EXT:cell" label="cell"/>
            <span end="26588" id="12585968-875" start="26583">cells</span>
        </annotation>
        <annotation annotator="Mike Bada, University of Colorado Anschutz Medical Campus" id="GO_CC_2016_02_16_test_Instance_11005" type="identity">
            <class id="CL_GO_EXT:cell" label="cell"/>
            <span end="26823" id="12585968-937" start="26818">cells</span>
        </annotation>
        <annotation annotator="Mike Bada, University of Colorado Anschutz Medical Campus" id="GO_CC_2016_02_16_test_Instance_11007" type="identity">
            <class id="CL_GO_EXT:cell" label="cell"/>
            <span end="26964" id="12585968-939" start="26959">cells</span>
        </annotation>
        <annotation annotator="Mike Bada, University of Colorado Anschutz Medical Campus" id="GO_CC_2016_02_16_test_Instance_10945" type="identity">
            <class id="CL_GO_EXT:cell" label="cell"/>
            <span end="27278" id="12585968-877" start="27273">cells</span>
        </annotation>
        <annotation annotator="Mike Bada, University of Colorado Anschutz Medical Campus" id="GO_CC_2016_02_16_test_Instance_10947" type="identity">
            <class id="CL_GO_EXT:cell" label="cell"/>
            <span end="27386" id="12585968-879" start="27381">cells</span>
        </annotation>
        <annotation annotator="Mike Bada, University of Colorado Anschutz Medical Campus" id="GO_CC_2016_02_16_test_Instance_11009" type="identity">
            <class id="CL_GO_EXT:cell" label="cell"/>
            <span end="28435" id="12585968-941" start="28430">cells</span>
        </annotation>
        <annotation annotator="" id="GO_CC_2016_02_16_Instance_101997" type="identity">
            <class id="GO:0043005" label="neuron projection"/>
            <span end="28498" id="12585968-674" start="28486">processes of</span>
            <span end="28513" id="12585968-675" start="28506">neurons</span>
        </annotation>
        <annotation annotator="Mike Bada, University of Colorado Anschutz Medical Campus" id="GO_CC_2016_02_16_test_Instance_11011" type="identity">
            <class id="CL_GO_EXT:cell" label="cell"/>
            <span end="28642" id="12585968-943" start="28637">cells</span>
        </annotation>
        <annotation annotator="Mike Bada, University of Colorado Anschutz Medical Campus" id="GO_CC_2016_02_16_test_Instance_10949" type="identity">
            <class id="CL_GO_EXT:cell" label="cell"/>
            <span end="28731" id="12585968-881" start="28727">cell</span>
        </annotation>
        <annotation annotator="Mike Bada, University of Colorado Anschutz Medical Campus" id="GO_CC_2016_02_16_test_Instance_10951" type="identity">
            <class id="CL_GO_EXT:cell" label="cell"/>
            <span end="28858" id="12585968-883" start="28853">cells</span>
        </annotation>
        <annotation annotator="Mike Bada, University of Colorado Anschutz Medical Campus" id="GO_CC_2016_02_16_test_Instance_10953" type="identity">
            <class id="CL_GO_EXT:cell" label="cell"/>
            <span end="28984" id="12585968-885" start="28979">cells</span>
        </annotation>
        <annotation annotator="Mike Bada, University of Colorado Anschutz Medical Campus" id="GO_CC_2016_02_16_test_Instance_10955" type="identity">
            <class id="CL_GO_EXT:cell" label="cell"/>
            <span end="29146" id="12585968-887" start="29141">cells</span>
        </annotation>
        <annotation annotator="Mike Bada, University of Colorado Anschutz Medical Campus" id="GO_CC_2016_02_16_test_Instance_10957" type="identity">
            <class id="CL_GO_EXT:cell" label="cell"/>
            <span end="29267" id="12585968-889" start="29262">cells</span>
        </annotation>
        <annotation annotator="Mike Bada, University of Colorado Anschutz Medical Campus" id="GO_CC_2016_02_16_test_Instance_10959" type="identity">
            <class id="CL_GO_EXT:cell" label="cell"/>
            <span end="29310" id="12585968-891" start="29305">cells</span>
        </annotation>
        <annotation annotator="Mike Bada, University of Colorado Anschutz Medical Campus" id="GO_CC_2016_02_16_test_Instance_10961" type="identity">
            <class id="CL_GO_EXT:cell" label="cell"/>
            <span end="29560" id="12585968-893" start="29555">cells</span>
        </annotation>
        <annotation annotator="Mike Bada, University of Colorado Anschutz Medical Campus" id="GO_CC_2016_02_16_test_Instance_10963" type="identity">
            <class id="CL_GO_EXT:cell" label="cell"/>
            <span end="29622" id="12585968-895" start="29617">cells</span>
        </annotation>
        <annotation annotator="Mike Bada, University of Colorado Anschutz Medical Campus" id="GO_CC_2016_02_16_test_Instance_10965" type="identity">
            <class id="CL_GO_EXT:cell" label="cell"/>
            <span end="29658" id="12585968-897" start="29653">cells</span>
        </annotation>
        <annotation annotator="Mike Bada, University of Colorado Anschutz Medical Campus" id="GO_CC_2016_02_16_test_Instance_10967" type="identity">
            <class id="CL_GO_EXT:cell" label="cell"/>
            <span end="29712" id="12585968-899" start="29708">cell</span>
        </annotation>
        <annotation annotator="" id="GO_CC_2016_02_16_Instance_102553" type="identity">
            <class id="GO:0042995" label="cell projection"/>
            <span end="30538" id="12585968-687" start="30527">projections</span>
        </annotation>
        <annotation annotator="" id="GO_CC_2016_02_16_Instance_102555" type="identity">
            <class id="GO:0042995" label="cell projection"/>
            <span end="30651" id="12585968-689" start="30641">projection</span>
        </annotation>
        <annotation annotator="" id="GO_CC_2016_02_16_Instance_102557" type="identity">
            <class id="GO:0042995" label="cell projection"/>
            <span end="30739" id="12585968-691" start="30729">projection</span>
        </annotation>
        <annotation annotator="" id="GO_CC_2016_02_16_Instance_102559" type="identity">
            <class id="GO:0042995" label="cell projection"/>
            <span end="30917" id="12585968-693" start="30907">projection</span>
        </annotation>
        <annotation annotator="Mike Bada, University of Colorado Anschutz Medical Campus" id="GO_CC_2016_02_16_test_Instance_11013" type="identity">
            <class id="CL_GO_EXT:cell" label="cell"/>
            <span end="31413" id="12585968-945" start="31409">cell</span>
        </annotation>
        <annotation annotator="Mike Bada, University of Colorado Anschutz Medical Campus" id="GO_CC_2016_02_16_test_Instance_10969" type="identity">
            <class id="CL_GO_EXT:cell" label="cell"/>
            <span end="32452" id="12585968-901" start="32447">cells</span>
        </annotation>
        <annotation annotator="Mike Bada, University of Colorado Anschutz Medical Campus" id="GO_CC_2016_02_16_test_Instance_10971" type="identity">
            <class id="CL_GO_EXT:cell" label="cell"/>
            <span end="32475" id="12585968-903" start="32470">cells</span>
        </annotation>
        <annotation annotator="Mike Bada, University of Colorado Anschutz Medical Campus" id="GO_CC_2016_02_16_test_Instance_10973" type="identity">
            <class id="CL_GO_EXT:cell" label="cell"/>
            <span end="32558" id="12585968-905" start="32553">cells</span>
        </annotation>
        <annotation annotator="Mike Bada, University of Colorado Anschutz Medical Campus" id="GO_CC_2016_02_16_test_Instance_10975" type="identity">
            <class id="CL_GO_EXT:cell" label="cell"/>
            <span end="33511" id="12585968-907" start="33506">cells</span>
        </annotation>
        <annotation annotator="Mike Bada, University of Colorado Anschutz Medical Campus" id="GO_CC_2016_02_16_test_Instance_10977" type="identity">
            <class id="CL_GO_EXT:cell" label="cell"/>
            <span end="33735" id="12585968-909" start="33731">cell</span>
        </annotation>
        <annotation annotator="" id="GO_CC_2016_02_16_Instance_173" type="identity">
            <class id="GO:0042571" label="immunoglobulin complex, circulating"/>
            <span end="35017" id="12585968-705" start="35007">antibodies</span>
        </annotation>
        <annotation annotator="" id="GO_CC_2016_02_16_Instance_175" type="identity">
            <class id="GO:0042571" label="immunoglobulin complex, circulating"/>
            <span end="35069" id="12585968-707" start="35059">antibodies</span>
        </annotation>
        <annotation annotator="" id="GO_CC_2016_02_16_Instance_102561" type="identity">
            <class id="GO:0042995" label="cell projection"/>
            <span end="35948" id="12585968-695" start="35938">projection</span>
        </annotation>
        <annotation annotator="Mike Bada, University of Colorado Anschutz Medical Campus" id="GO_CC_2016_02_16_test_Instance_11015" type="identity">
            <class id="CL_GO_EXT:cell" label="cell"/>
            <span end="36448" id="12585968-947" start="36443">cells</span>
        </annotation>
        <annotation annotator="Mike Bada, University of Colorado Anschutz Medical Campus" id="GO_CC_2016_02_16_test_Instance_11017" type="identity">
            <class id="CL_GO_EXT:cell" label="cell"/>
            <span end="36481" id="12585968-949" start="36476">cells</span>
        </annotation>
        <annotation annotator="Mike Bada, University of Colorado Anschutz Medical Campus" id="GO_CC_2016_02_16_test_Instance_11019" type="identity">
            <class id="CL_GO_EXT:cell" label="cell"/>
            <span end="36557" id="12585968-951" start="36553">cell</span>
        </annotation>
        <annotation annotator="" id="GO_CC_2016_02_16_Instance_177" type="identity">
            <class id="GO:0042571" label="immunoglobulin complex, circulating"/>
            <span end="36596" id="12585968-709" start="36588">antibody</span>
        </annotation>
        <annotation annotator="Mike Bada, University of Colorado Anschutz Medical Campus" id="GO_CC_2016_02_16_test_Instance_10979" type="identity">
            <class id="CL_GO_EXT:cell" label="cell"/>
            <span end="36779" id="12585968-911" start="36774">cells</span>
        </annotation>
        <annotation annotator="Mike Bada, University of Colorado Anschutz Medical Campus" id="GO_CC_2016_02_16_test_Instance_10981" type="identity">
            <class id="CL_GO_EXT:cell" label="cell"/>
            <span end="36850" id="12585968-913" start="36845">cells</span>
        </annotation>
        <annotation annotator="Mike Bada, University of Colorado Anschutz Medical Campus" id="GO_CC_2016_02_16_test_Instance_10983" type="identity">
            <class id="CL_GO_EXT:cell" label="cell"/>
            <span end="37135" id="12585968-915" start="37130">cells</span>
        </annotation>
        <annotation annotator="Mike Bada, University of Colorado Anschutz Medical Campus" id="GO_CC_2016_02_16_test_Instance_26011" type="identity">
            <class id="GO:0005634" label="nucleus"/>
            <span end="37156" id="12585968-953" start="37149">nucleus</span>
        </annotation>
        <annotation annotator="Mike Bada, University of Colorado Anschutz Medical Campus" id="GO_CC_2016_02_16_test_Instance_26013" type="identity">
            <class id="GO:0005730" label="nucleolus"/>
            <span end="37169" id="12585968-955" start="37161">nucleoli</span>
        </annotation>
        <graph-space id="Old Knowtator Relations"/>
    </document>
</knowtator-project>
