<?xml version="1.0" encoding="UTF-8" standalone="no"?>
<knowtator-project>
  <document id="14611657" text-file="14611657.txt">
    <annotation annotator="Mike Bada, University of Colorado Anschutz Medical Campus" id="GO_CC_2016_02_16_test_Instance_11275" type="identity">
      <class id="CL_GO_EXT:cell" label="cell"/>
      <span end="1564" id="14611657-1630" start="1559">cells</span>
    </annotation>
    <annotation annotator="Mike Bada, University of Colorado Anschutz Medical Campus" id="GO_CC_2016_02_16_test_Instance_11277" type="identity">
      <class id="CL_GO_EXT:cell" label="cell"/>
      <span end="1614" id="14611657-1632" start="1610">cell</span>
    </annotation>
    <annotation annotator="" id="GO_CC_2016_02_16_Instance_323" type="identity">
      <class id="GO:0016020" label="membrane"/>
      <span end="3127" id="14611657-1622" start="3119">membrane</span>
    </annotation>
    <annotation annotator="Mike Bada, University of Colorado Anschutz Medical Campus" id="GO_CC_2016_02_16_test_Instance_11279" type="identity">
      <class id="CL_GO_EXT:cell" label="cell"/>
      <span end="3405" id="14611657-1634" start="3401">cell</span>
    </annotation>
    <annotation annotator="Mike Bada, University of Colorado Anschutz Medical Campus" id="GO_CC_2016_02_16_test_Instance_11281" type="identity">
      <class id="CL_GO_EXT:cell" label="cell"/>
      <span end="4338" id="14611657-1636" start="4333">cells</span>
    </annotation>
    <annotation annotator="Mike Bada, University of Colorado Anschutz Medical Campus" id="GO_CC_2016_02_16_test_Instance_11283" type="identity">
      <class id="CL_GO_EXT:cell" label="cell"/>
      <span end="5129" id="14611657-1638" start="5124">cells</span>
    </annotation>
    <annotation annotator="Mike Bada, University of Colorado Anschutz Medical Campus" id="GO_CC_2016_02_16_test_Instance_11285" type="identity">
      <class id="CL_GO_EXT:cell" label="cell"/>
      <span end="6046" id="14611657-1640" start="6042">cell</span>
    </annotation>
    <annotation annotator="" id="GO_CC_2016_02_16_Instance_101777" type="identity">
      <class id="GO:0009986" label="cell surface"/>
      <span end="6308" id="14611657-1616" start="6301">surface</span>
    </annotation>
    <annotation annotator="" id="GO_CC_2016_02_16_Instance_325" type="identity">
      <class id="GO:0016020" label="membrane"/>
      <span end="13778" id="14611657-1624" start="13770">membrane</span>
    </annotation>
    <annotation annotator="Mike Bada, University of Colorado Anschutz Medical Campus" id="GO_CC_2016_02_16_test_Instance_26285" type="identity">
      <class id="GO:0042101" label="T cell receptor complex"/>
      <span end="16907" id="14611657-1690" start="16892">T-cell receptor</span>
    </annotation>
    <annotation annotator="Mike Bada, University of Colorado Anschutz Medical Campus" id="GO_CC_2016_02_16_test_Instance_26287" type="identity">
      <class id="GO:0005840" label="ribosome"/>
      <span end="17186" id="14611657-1692" start="17177">ribosomal</span>
    </annotation>
    <annotation annotator="Mike Bada, University of Colorado Anschutz Medical Campus" id="GO_CC_2016_02_16_test_Instance_11289" type="identity">
      <class id="CL_GO_EXT:cell" label="cell"/>
      <span end="18794" id="14611657-1642" start="18789">cells</span>
    </annotation>
    <annotation annotator="Mike Bada, University of Colorado Anschutz Medical Campus" id="GO_CC_2016_02_16_test_Instance_11291" type="identity">
      <class id="CL_GO_EXT:cell" label="cell"/>
      <span end="19477" id="14611657-1644" start="19472">cells</span>
    </annotation>
    <annotation annotator="Mike Bada, University of Colorado Anschutz Medical Campus" id="GO_CC_2016_02_16_test_Instance_11293" type="identity">
      <class id="CL_GO_EXT:cell" label="cell"/>
      <span end="19715" id="14611657-1646" start="19710">cells</span>
    </annotation>
    <annotation annotator="Mike Bada, University of Colorado Anschutz Medical Campus" id="GO_CC_2016_02_16_test_Instance_11295" type="identity">
      <class id="CL_GO_EXT:cell" label="cell"/>
      <span end="19815" id="14611657-1648" start="19810">cells</span>
    </annotation>
    <annotation annotator="Mike Bada, University of Colorado Anschutz Medical Campus" id="GO_CC_2016_02_16_test_Instance_11297" type="identity">
      <class id="CL_GO_EXT:cell" label="cell"/>
      <span end="19842" id="14611657-1650" start="19837">cells</span>
    </annotation>
    <annotation annotator="Mike Bada, University of Colorado Anschutz Medical Campus" id="GO_CC_2016_02_16_test_Instance_11299" type="identity">
      <class id="CL_GO_EXT:cell" label="cell"/>
      <span end="19898" id="14611657-1652" start="19893">cells</span>
    </annotation>
    <annotation annotator="Mike Bada, University of Colorado Anschutz Medical Campus" id="GO_CC_2016_02_16_test_Instance_11301" type="identity">
      <class id="CL_GO_EXT:cell" label="cell"/>
      <span end="19954" id="14611657-1654" start="19949">cells</span>
    </annotation>
    <annotation annotator="Mike Bada, University of Colorado Anschutz Medical Campus" id="GO_CC_2016_02_16_test_Instance_11303" type="identity">
      <class id="CL_GO_EXT:cell" label="cell"/>
      <span end="20102" id="14611657-1656" start="20098">cell</span>
    </annotation>
    <annotation annotator="Mike Bada, University of Colorado Anschutz Medical Campus" id="GO_CC_2016_02_16_test_Instance_11305" type="identity">
      <class id="CL_GO_EXT:cell" label="cell"/>
      <span end="20184" id="14611657-1658" start="20180">cell</span>
    </annotation>
    <annotation annotator="Mike Bada, University of Colorado Anschutz Medical Campus" id="GO_CC_2016_02_16_test_Instance_11307" type="identity">
      <class id="CL_GO_EXT:cell" label="cell"/>
      <span end="20398" id="14611657-1660" start="20394">cell</span>
    </annotation>
    <annotation annotator="Mike Bada, University of Colorado Anschutz Medical Campus" id="GO_CC_2016_02_16_test_Instance_11309" type="identity">
      <class id="CL_GO_EXT:cell" label="cell"/>
      <span end="20446" id="14611657-1662" start="20441">cells</span>
    </annotation>
    <annotation annotator="Mike Bada, University of Colorado Anschutz Medical Campus" id="GO_CC_2016_02_16_test_Instance_11311" type="identity">
      <class id="CL_GO_EXT:cell" label="cell"/>
      <span end="20476" id="14611657-1664" start="20472">cell</span>
    </annotation>
    <annotation annotator="Mike Bada, University of Colorado Anschutz Medical Campus" id="GO_CC_2016_02_16_test_Instance_26289" type="identity">
      <class id="GO:0042611" label="MHC protein complex"/>
      <span end="24114" id="14611657-1694" start="24082">major histocompatibility complex</span>
    </annotation>
    <annotation annotator="Mike Bada, University of Colorado Anschutz Medical Campus" id="GO_CC_2016_02_16_test_Instance_26291" type="identity">
      <class id="GO:0042611" label="MHC protein complex"/>
      <span end="24119" id="14611657-1696" start="24116">MHC</span>
    </annotation>
    <annotation annotator="" id="GO_CC_2016_02_16_Instance_301" type="identity">
      <class id="GO:0042611" label="MHC protein complex"/>
      <span end="24776" id="14611657-1620" start="24773">MHC</span>
    </annotation>
    <annotation annotator="Mike Bada, University of Colorado Anschutz Medical Campus" id="GO_CC_2016_02_16_test_Instance_11313" type="identity">
      <class id="CL_GO_EXT:cell" label="cell"/>
      <span end="29762" id="14611657-1666" start="29758">cell</span>
    </annotation>
    <annotation annotator="Mike Bada, University of Colorado Anschutz Medical Campus" id="GO_CC_2016_02_16_test_Instance_11315" type="identity">
      <class id="CL_GO_EXT:cell" label="cell"/>
      <span end="30037" id="14611657-1668" start="30032">cells</span>
    </annotation>
    <annotation annotator="Mike Bada, University of Colorado Anschutz Medical Campus" id="GO_CC_2016_02_16_test_Instance_11317" type="identity">
      <class id="CL_GO_EXT:cell" label="cell"/>
      <span end="30068" id="14611657-1670" start="30064">cell</span>
    </annotation>
    <annotation annotator="Mike Bada, University of Colorado Anschutz Medical Campus" id="GO_CC_2016_02_16_test_Instance_11319" type="identity">
      <class id="CL_GO_EXT:cell" label="cell"/>
      <span end="30332" id="14611657-1672" start="30327">cells</span>
    </annotation>
    <annotation annotator="Mike Bada, University of Colorado Anschutz Medical Campus" id="GO_CC_2016_02_16_test_Instance_11321" type="identity">
      <class id="CL_GO_EXT:cell" label="cell"/>
      <span end="30402" id="14611657-1674" start="30398">cell</span>
    </annotation>
    <annotation annotator="Mike Bada, University of Colorado Anschutz Medical Campus" id="GO_CC_2016_02_16_test_Instance_11323" type="identity">
      <class id="CL_GO_EXT:cell" label="cell"/>
      <span end="30515" id="14611657-1676" start="30511">cell</span>
    </annotation>
    <annotation annotator="Mike Bada, University of Colorado Anschutz Medical Campus" id="GO_CC_2016_02_16_test_Instance_11325" type="identity">
      <class id="CL_GO_EXT:cell" label="cell"/>
      <span end="30914" id="14611657-1678" start="30909">cells</span>
    </annotation>
    <annotation annotator="Mike Bada, University of Colorado Anschutz Medical Campus" id="GO_CC_2016_02_16_test_Instance_11327" type="identity">
      <class id="CL_GO_EXT:cell" label="cell"/>
      <span end="31431" id="14611657-1680" start="31427">cell</span>
    </annotation>
    <annotation annotator="Mike Bada, University of Colorado Anschutz Medical Campus" id="GO_CC_2016_02_16_test_Instance_26293" type="identity">
      <class id="GO:0000785" label="chromatin"/>
      <span end="31491" id="14611657-1698" start="31482">chromatin</span>
    </annotation>
    <annotation annotator="Mike Bada, University of Colorado Anschutz Medical Campus" id="GO_CC_2016_02_16_test_Instance_26295" type="identity">
      <class id="GO:0005634" label="nucleus"/>
      <span end="34674" id="14611657-1700" start="34667">nucleus</span>
    </annotation>
    <annotation annotator="" id="GO_CC_2016_02_16_Instance_102229" type="identity">
      <class id="GO_SO_EXT:telomere_or_telomeric_region_or_telomeric_orientation" label="telomere, telomeric region or telomeric orientation"/>
      <span end="35724" id="14611657-1618" start="35715">telomeric</span>
    </annotation>
    <annotation annotator="Mike Bada, University of Colorado Anschutz Medical Campus" id="GO_CC_2016_02_16_test_Instance_11329" type="identity">
      <class id="CL_GO_EXT:cell" label="cell"/>
      <span end="36636" id="14611657-1682" start="36632">cell</span>
    </annotation>
    <annotation annotator="Mike Bada, University of Colorado Anschutz Medical Campus" id="GO_CC_2016_02_16_test_Instance_11331" type="identity">
      <class id="CL_GO_EXT:cell" label="cell"/>
      <span end="36728" id="14611657-1684" start="36723">cells</span>
    </annotation>
    <annotation annotator="Mike Bada, University of Colorado Anschutz Medical Campus" id="GO_CC_2016_02_16_test_Instance_26297" type="identity">
      <class id="GO:0005840" label="ribosome"/>
      <span end="47129" id="14611657-1702" start="47120">ribosomal</span>
    </annotation>
    <annotation annotator="Mike Bada, University of Colorado Anschutz Medical Campus" id="GO_CC_2016_02_16_test_Instance_26299" type="identity">
      <class id="GO:0005840" label="ribosome"/>
      <span end="51633" id="14611657-1704" start="51624">ribosomal</span>
    </annotation>
    <annotation annotator="Mike Bada, University of Colorado Anschutz Medical Campus" id="GO_CC_2016_02_16_test_Instance_11333" type="identity">
      <class id="CL_GO_EXT:cell" label="cell"/>
      <span end="52357" id="14611657-1686" start="52352">cells</span>
    </annotation>
    <annotation annotator="Mike Bada, University of Colorado Anschutz Medical Campus" id="GO_CC_2016_02_16_test_Instance_11335" type="identity">
      <class id="CL_GO_EXT:cell" label="cell"/>
      <span end="52398" id="14611657-1688" start="52394">cell</span>
    </annotation>
    <annotation annotator="" id="GO_CC_2016_02_16_Instance_327" type="identity">
      <class id="GO:0016020" label="membrane"/>
      <span end="53108" id="14611657-1626" start="53100">membrane</span>
    </annotation>
    <annotation annotator="Mike Bada, University of Colorado Anschutz Medical Campus" id="GO_CC_2016_02_16_test_Instance_26301" type="identity">
      <class id="GO:0005622" label="intracellular"/>
      <span end="53151" id="14611657-1706" start="53138">intracellular</span>
    </annotation>
    <annotation annotator="Mike Bada, University of Colorado Anschutz Medical Campus" id="GO_CC_2016_02_16_test_Instance_26303" type="identity">
      <class id="GO:0005622" label="intracellular"/>
      <span end="53155" id="14611657-1708" start="53153">IC</span>
    </annotation>
    <annotation annotator="Mike Bada, University of Colorado Anschutz Medical Campus" id="GO_CC_2016_02_16_test_Instance_26305" type="identity">
      <class id="GO:0005576" label="extracellular region"/>
      <span end="53174" id="14611657-1710" start="53161">extracellular</span>
    </annotation>
    <annotation annotator="Mike Bada, University of Colorado Anschutz Medical Campus" id="GO_CC_2016_02_16_test_Instance_26307" type="identity">
      <class id="GO:0005576" label="extracellular region"/>
      <span end="53178" id="14611657-1712" start="53176">EC</span>
    </annotation>
    <annotation annotator="" id="GO_CC_2016_02_16_Instance_329" type="identity">
      <class id="GO:0016020" label="membrane"/>
      <span end="54749" id="14611657-1628" start="54741">membrane</span>
    </annotation>
    <graph-space id="Old Knowtator Relations"/>
  </document>
</knowtator-project>
