<?xml version="1.0" encoding="UTF-8" standalone="no"?>
<knowtator-project>
    <document id="14737183" text-file="14737183.txt">
        <annotation annotator="Mike Bada, University of Colorado Anschutz Medical Campus" id="GO_CC_2016_02_16_test_Instance_11799" type="identity">
            <class id="CL_GO_EXT:cell" label="cell"/>
            <span end="1553" id="14737183-1880" start="1549">cell</span>
        </annotation>
        <annotation annotator="Mike Bada, University of Colorado Anschutz Medical Campus" id="GO_CC_2016_02_16_test_Instance_11801" type="identity">
            <class id="CL_GO_EXT:cell" label="cell"/>
            <span end="3476" id="14737183-1882" start="3468">cellular</span>
        </annotation>
        <annotation annotator="Mike Bada, University of Colorado Anschutz Medical Campus" id="GO_CC_2016_02_16_test_Instance_11803" type="identity">
            <class id="CL_GO_EXT:cell" label="cell"/>
            <span end="3777" id="14737183-1884" start="3772">cells</span>
        </annotation>
        <annotation annotator="Mike Bada, University of Colorado Anschutz Medical Campus" id="GO_CC_2016_02_16_test_Instance_26555" type="identity">
            <class id="GO:0048770" label="pigment granule"/>
            <span end="4064" id="14737183-1938" start="4048">pigment granules</span>
        </annotation>
        <annotation annotator="Mike Bada, University of Colorado Anschutz Medical Campus" id="GO_CC_2016_02_16_test_Instance_11805" type="identity">
            <class id="CL_GO_EXT:cell" label="cell"/>
            <span end="4142" id="14737183-1886" start="4134">cellular</span>
        </annotation>
        <annotation annotator="Mike Bada, University of Colorado Anschutz Medical Campus" id="GO_CC_2016_02_16_test_Instance_11807" type="identity">
            <class id="CL_GO_EXT:cell" label="cell"/>
            <span end="4188" id="14737183-1888" start="4184">cell</span>
        </annotation>
        <annotation annotator="Mike Bada, University of Colorado Anschutz Medical Campus" id="GO_CC_2016_02_16_test_Instance_26557" type="identity">
            <class id="GO:0042470" label="melanosome"/>
            <span end="4375" id="14737183-1940" start="4365">melanosome</span>
        </annotation>
        <annotation annotator="Mike Bada, University of Colorado Anschutz Medical Campus" id="GO_CC_2016_02_16_test_Instance_11809" type="identity">
            <class id="CL_GO_EXT:cell" label="cell"/>
            <span end="5060" id="14737183-1890" start="5055">cells</span>
        </annotation>
        <annotation annotator="Mike Bada, University of Colorado Anschutz Medical Campus" id="GO_CC_2016_02_16_test_Instance_11811" type="identity">
            <class id="CL_GO_EXT:cell" label="cell"/>
            <span end="6661" id="14737183-1892" start="6657">cell</span>
        </annotation>
        <annotation annotator="Mike Bada, University of Colorado Anschutz Medical Campus" id="GO_CC_2016_02_16_test_Instance_11813" type="identity">
            <class id="CL_GO_EXT:cell" label="cell"/>
            <span end="8952" id="14737183-1894" start="8947">cells</span>
        </annotation>
        <annotation annotator="Mike Bada, University of Colorado Anschutz Medical Campus" id="GO_CC_2016_02_16_test_Instance_11815" type="identity">
            <class id="CL_GO_EXT:cell" label="cell"/>
            <span end="9637" id="14737183-1896" start="9632">cells</span>
        </annotation>
        <annotation annotator="Mike Bada, University of Colorado Anschutz Medical Campus" id="GO_CC_2016_02_16_test_Instance_11817" type="identity">
            <class id="CL_GO_EXT:cell" label="cell"/>
            <span end="12956" id="14737183-1898" start="12951">cells</span>
        </annotation>
        <annotation annotator="Mike Bada, University of Colorado Anschutz Medical Campus" id="GO_CC_2016_02_16_test_Instance_26559" type="identity">
            <class id="GO_SO_EXT:chromosome" label="chromosome"/>
            <span end="13552" id="14737183-1942" start="13542">Chromosome</span>
        </annotation>
        <annotation annotator="Mike Bada, University of Colorado Anschutz Medical Campus" id="GO_CC_2016_02_16_test_Instance_26561" type="identity">
            <class id="GO_SO_EXT:chromosome" label="chromosome"/>
            <span end="17884" id="14737183-1944" start="17874">Chromosome</span>
        </annotation>
        <annotation annotator="Mike Bada, University of Colorado Anschutz Medical Campus" id="GO_CC_2016_02_16_test_Instance_26563" type="identity">
            <class id="GO_SO_EXT:chromosome" label="chromosome"/>
            <span end="18206" id="14737183-1946" start="18196">chromosome</span>
        </annotation>
        <annotation annotator="Mike Bada, University of Colorado Anschutz Medical Campus" id="GO_CC_2016_02_16_test_Instance_26565" type="identity">
            <class id="GO_SO_EXT:chromosome" label="chromosome"/>
            <span end="19421" id="14737183-1948" start="19411">chromosome</span>
        </annotation>
        <annotation annotator="Mike Bada, University of Colorado Anschutz Medical Campus" id="GO_CC_2016_02_16_test_Instance_11819" type="identity">
            <class id="CL_GO_EXT:cell" label="cell"/>
            <span end="19943" id="14737183-1900" start="19938">cells</span>
        </annotation>
        <annotation annotator="Mike Bada, University of Colorado Anschutz Medical Campus" id="GO_CC_2016_02_16_test_Instance_11821" type="identity">
            <class id="CL_GO_EXT:cell" label="cell"/>
            <span end="22240" id="14737183-1902" start="22235">cells</span>
        </annotation>
        <annotation annotator="Mike Bada, University of Colorado Anschutz Medical Campus" id="GO_CC_2016_02_16_test_Instance_11823" type="identity">
            <class id="CL_GO_EXT:cell" label="cell"/>
            <span end="23297" id="14737183-1904" start="23292">cells</span>
        </annotation>
        <annotation annotator="Mike Bada, University of Colorado Anschutz Medical Campus" id="GO_CC_2016_02_16_test_Instance_11825" type="identity">
            <class id="CL_GO_EXT:cell" label="cell"/>
            <span end="26770" id="14737183-1906" start="26766">cell</span>
        </annotation>
        <annotation annotator="Mike Bada, University of Colorado Anschutz Medical Campus" id="GO_CC_2016_02_16_test_Instance_11849" type="identity">
            <class id="CL_GO_EXT:cell" label="cell"/>
            <span end="31503" id="14737183-1930" start="31499">cell</span>
        </annotation>
        <annotation annotator="" id="GO_CC_2016_02_16_Instance_10092" type="identity">
            <class id="CL_GO_EXT:cell" label="cell"/>
            <span end="33176" id="14737183-1878" start="33168">cellular</span>
        </annotation>
        <annotation annotator="Mike Bada, University of Colorado Anschutz Medical Campus" id="GO_CC_2016_02_16_test_Instance_26567" type="identity">
            <class id="GO:0000805" label="X chromosome"/>
            <span end="34563" id="14737183-1950" start="34562">X</span>
        </annotation>
        <annotation annotator="Mike Bada, University of Colorado Anschutz Medical Campus" id="GO_CC_2016_02_16_test_Instance_26569" type="identity">
            <class id="GO_SO_EXT:chromosome" label="chromosome"/>
            <span end="35022" id="14737183-1952" start="35012">Chromosome</span>
        </annotation>
        <annotation annotator="Mike Bada, University of Colorado Anschutz Medical Campus" id="GO_CC_2016_02_16_test_Instance_26571" type="identity">
            <class id="GO_SO_EXT:chromosome" label="chromosome"/>
            <span end="35154" id="14737183-1954" start="35144">Chromosome</span>
        </annotation>
        <annotation annotator="Mike Bada, University of Colorado Anschutz Medical Campus" id="GO_CC_2016_02_16_test_Instance_26573" type="identity">
            <class id="GO:0030849" label="autosome"/>
            <span end="35220" id="14737183-1956" start="35211">autosomal</span>
        </annotation>
        <annotation annotator="Mike Bada, University of Colorado Anschutz Medical Campus" id="GO_CC_2016_02_16_test_Instance_26575" type="identity">
            <class id="GO:0030849" label="autosome"/>
            <span end="35747" id="14737183-1958" start="35738">autosomal</span>
        </annotation>
        <annotation annotator="Mike Bada, University of Colorado Anschutz Medical Campus" id="GO_CC_2016_02_16_test_Instance_11827" type="identity">
            <class id="CL_GO_EXT:cell" label="cell"/>
            <span end="37071" id="14737183-1908" start="37066">cells</span>
        </annotation>
        <annotation annotator="Mike Bada, University of Colorado Anschutz Medical Campus" id="GO_CC_2016_02_16_test_Instance_11829" type="identity">
            <class id="CL_GO_EXT:cell" label="cell"/>
            <span end="37151" id="14737183-1910" start="37147">cell</span>
        </annotation>
        <annotation annotator="Mike Bada, University of Colorado Anschutz Medical Campus" id="GO_CC_2016_02_16_test_Instance_11831" type="identity">
            <class id="CL_GO_EXT:cell" label="cell"/>
            <span end="37521" id="14737183-1912" start="37516">cells</span>
        </annotation>
        <annotation annotator="Mike Bada, University of Colorado Anschutz Medical Campus" id="GO_CC_2016_02_16_test_Instance_11833" type="identity">
            <class id="CL_GO_EXT:cell" label="cell"/>
            <span end="37614" id="14737183-1914" start="37609">cells</span>
        </annotation>
        <annotation annotator="Mike Bada, University of Colorado Anschutz Medical Campus" id="GO_CC_2016_02_16_test_Instance_11835" type="identity">
            <class id="CL_GO_EXT:cell" label="cell"/>
            <span end="37696" id="14737183-1916" start="37691">cells</span>
        </annotation>
        <annotation annotator="Mike Bada, University of Colorado Anschutz Medical Campus" id="GO_CC_2016_02_16_test_Instance_20825" type="identity">
            <class id="CL_GO_EXT:cell" label="cell"/>
            <span end="37702" id="14737183-1936" start="37698">Cell</span>
        </annotation>
        <annotation annotator="Mike Bada, University of Colorado Anschutz Medical Campus" id="GO_CC_2016_02_16_test_Instance_11851" type="identity">
            <class id="CL_GO_EXT:cell" label="cell"/>
            <span end="40085" id="14737183-1932" start="40080">cells</span>
        </annotation>
        <annotation annotator="Mike Bada, University of Colorado Anschutz Medical Campus" id="GO_CC_2016_02_16_test_Instance_11837" type="identity">
            <class id="CL_GO_EXT:cell" label="cell"/>
            <span end="40566" id="14737183-1918" start="40561">cells</span>
        </annotation>
        <annotation annotator="Mike Bada, University of Colorado Anschutz Medical Campus" id="GO_CC_2016_02_16_test_Instance_11839" type="identity">
            <class id="CL_GO_EXT:cell" label="cell"/>
            <span end="40655" id="14737183-1920" start="40651">cell</span>
        </annotation>
        <annotation annotator="Mike Bada, University of Colorado Anschutz Medical Campus" id="GO_CC_2016_02_16_test_Instance_11841" type="identity">
            <class id="CL_GO_EXT:cell" label="cell"/>
            <span end="42232" id="14737183-1922" start="42227">cells</span>
        </annotation>
        <annotation annotator="Mike Bada, University of Colorado Anschutz Medical Campus" id="GO_CC_2016_02_16_test_Instance_11843" type="identity">
            <class id="CL_GO_EXT:cell" label="cell"/>
            <span end="42296" id="14737183-1924" start="42292">cell</span>
        </annotation>
        <annotation annotator="Mike Bada, University of Colorado Anschutz Medical Campus" id="GO_CC_2016_02_16_test_Instance_11853" type="identity">
            <class id="CL_GO_EXT:cell" label="cell"/>
            <span end="44397" id="14737183-1934" start="44393">cell</span>
        </annotation>
        <annotation annotator="Mike Bada, University of Colorado Anschutz Medical Campus" id="GO_CC_2016_02_16_test_Instance_11845" type="identity">
            <class id="CL_GO_EXT:cell" label="cell"/>
            <span end="44802" id="14737183-1926" start="44797">cells</span>
        </annotation>
        <annotation annotator="Mike Bada, University of Colorado Anschutz Medical Campus" id="GO_CC_2016_02_16_test_Instance_11847" type="identity">
            <class id="CL_GO_EXT:cell" label="cell"/>
            <span end="45093" id="14737183-1928" start="45089">cell</span>
        </annotation>
        <annotation annotator="Mike Bada, University of Colorado Anschutz Medical Campus" id="GO_CC_2016_02_16_test_Instance_26577" type="identity">
            <class id="GO_SO_EXT:chromosome" label="chromosome"/>
            <span end="49618" id="14737183-1960" start="49607">chromosomes</span>
        </annotation>
        <annotation annotator="Mike Bada, University of Colorado Anschutz Medical Campus" id="GO_CC_2016_02_16_test_Instance_26579" type="identity">
            <class id="GO_SO_EXT:chromosome" label="chromosome"/>
            <span end="51609" id="14737183-1962" start="51599">chromosome</span>
        </annotation>
        <annotation annotator="Mike Bada, University of Colorado Anschutz Medical Campus" id="GO_CC_2016_02_16_test_Instance_26581" type="identity">
            <class id="GO_SO_EXT:chromosome" label="chromosome"/>
            <span end="51660" id="14737183-1964" start="51650">chromosome</span>
        </annotation>
        <annotation annotator="Mike Bada, University of Colorado Anschutz Medical Campus" id="GO_CC_2016_02_16_test_Instance_26583" type="identity">
            <class id="GO:0000805" label="X chromosome"/>
            <span end="55254" id="14737183-1966" start="55253">X</span>
        </annotation>
        <annotation annotator="Mike Bada, University of Colorado Anschutz Medical Campus" id="GO_CC_2016_02_16_test_Instance_26585" type="identity">
            <class id="GO_SO_EXT:chromosome" label="chromosome"/>
            <span end="56110" id="14737183-1968" start="56100">chromosome</span>
        </annotation>
        <graph-space id="Old Knowtator Relations"/>
    </document>
</knowtator-project>
