<?xml version="1.0" encoding="UTF-8" standalone="no"?>
<knowtator-project>
  <document id="15040800" text-file="15040800.txt">
    <annotation annotator="Mike Bada, University of Colorado Anschutz Medical Campus" id="GO_CC_2016_02_16_test_Instance_26627" type="identity">
      <class id="GO:0030849" label="autosome"/>
      <span end="337" id="15040800-2336" start="328">autosomal</span>
    </annotation>
    <annotation annotator="" id="GO_CC_2016_02_16_Instance_20001" type="identity">
      <class id="GO_EXT:dimer_macromolecular_complex" label="dimeric macromolecular complex"/>
      <span end="568" id="15040800-2166" start="562">dimers</span>
    </annotation>
    <annotation annotator="" id="GO_CC_2016_02_16_Instance_101823" type="identity">
      <class id="GO:0045177" label="apical part of cell"/>
      <span end="1339" id="15040800-2156" start="1333">apical</span>
    </annotation>
    <annotation annotator="Mike Bada, University of Colorado Anschutz Medical Campus" id="GO_CC_2016_02_16_test_Instance_26631" type="identity">
      <class id="GO:0030849" label="autosome"/>
      <span end="3219" id="15040800-2338" start="3210">autosomal</span>
    </annotation>
    <annotation annotator="Mike Bada, University of Colorado Anschutz Medical Campus" id="GO_CC_2016_02_16_test_Instance_26639" type="identity">
      <class id="GO_SO_EXT:chromosome" label="chromosome"/>
      <span end="4477" id="15040800-2340" start="4467">chromosome</span>
    </annotation>
    <annotation annotator="" id="GO_CC_2016_02_16_Instance_20007" type="identity">
      <class id="GO_EXT:dimer_macromolecular_complex" label="dimeric macromolecular complex"/>
      <span end="5176" id="15040800-2168" start="5170">dimers</span>
    </annotation>
    <annotation annotator="" id="GO_CC_2016_02_16_Instance_20009" type="identity">
      <class id="GO:0016020" label="membrane"/>
      <span end="5294" id="15040800-2170" start="5286">membrane</span>
    </annotation>
    <annotation annotator="" id="GO_CC_2016_02_16_Instance_20011" type="identity">
      <class id="GO:0016020" label="membrane"/>
      <span end="5342" id="15040800-2172" start="5334">membrane</span>
    </annotation>
    <annotation annotator="" id="GO_CC_2016_02_16_Instance_101825" type="identity">
      <class id="GO:0045177" label="apical part of cell"/>
      <span end="5788" id="15040800-2158" start="5782">apical</span>
    </annotation>
    <annotation annotator="Mike Bada, University of Colorado Anschutz Medical Campus" id="GO_CC_2016_02_16_test_Instance_26643" type="identity">
      <class id="GO:0045177" label="apical part of cell"/>
      <span end="5845" id="15040800-2342" start="5839">apical</span>
    </annotation>
    <annotation annotator="Mike Bada, University of Colorado Anschutz Medical Campus" id="GO_CC_2016_02_16_test_Instance_12083" type="identity">
      <class id="CL_GO_EXT:cell" label="cell"/>
      <span end="5877" id="15040800-2272" start="5873">cell</span>
    </annotation>
    <annotation annotator="" id="GO_CC_2016_02_16_Instance_20013" type="identity">
      <class id="GO_EXT:dimer_macromolecular_complex" label="dimeric macromolecular complex"/>
      <span end="6089" id="15040800-2174" start="6083">dimers</span>
    </annotation>
    <annotation annotator="Mike Bada, University of Colorado Anschutz Medical Campus" id="GO_CC_2016_02_16_test_Instance_12085" type="identity">
      <class id="CL_GO_EXT:cell" label="cell"/>
      <span end="6155" id="15040800-2274" start="6147">cellular</span>
    </annotation>
    <annotation annotator="Mike Bada, University of Colorado Anschutz Medical Campus" id="GO_CC_2016_02_16_test_Instance_26645" type="identity">
      <class id="GO_SO_EXT:chromosome" label="chromosome"/>
      <span end="7419" id="15040800-2344" start="7409">chromosome</span>
    </annotation>
    <annotation annotator="Mike Bada, University of Colorado Anschutz Medical Campus" id="GO_CC_2016_02_16_test_Instance_12139" type="identity">
      <class id="CL_GO_EXT:cell" label="cell"/>
      <span end="7451" id="15040800-2328" start="7447">cell</span>
    </annotation>
    <annotation annotator="Mike Bada, University of Colorado Anschutz Medical Campus" id="GO_CC_2016_02_16_test_Instance_12087" type="identity">
      <class id="CL_GO_EXT:cell" label="cell"/>
      <span end="8382" id="15040800-2276" start="8377">cells</span>
    </annotation>
    <annotation annotator="Mike Bada, University of Colorado Anschutz Medical Campus" id="GO_CC_2016_02_16_test_Instance_12089" type="identity">
      <class id="CL_GO_EXT:cell" label="cell"/>
      <span end="8400" id="15040800-2278" start="8396">cell</span>
    </annotation>
    <annotation annotator="Mike Bada, University of Colorado Anschutz Medical Campus" id="GO_CC_2016_02_16_test_Instance_12091" type="identity">
      <class id="CL_GO_EXT:cell" label="cell"/>
      <span end="8537" id="15040800-2280" start="8533">cell</span>
    </annotation>
    <annotation annotator="Mike Bada, University of Colorado Anschutz Medical Campus" id="GO_CC_2016_02_16_test_Instance_12093" type="identity">
      <class id="CL_GO_EXT:cell" label="cell"/>
      <span end="8579" id="15040800-2282" start="8574">cells</span>
    </annotation>
    <annotation annotator="Mike Bada, University of Colorado Anschutz Medical Campus" id="GO_CC_2016_02_16_test_Instance_12095" type="identity">
      <class id="CL_GO_EXT:cell" label="cell"/>
      <span end="8669" id="15040800-2284" start="8664">cells</span>
    </annotation>
    <annotation annotator="Mike Bada, University of Colorado Anschutz Medical Campus" id="GO_CC_2016_02_16_test_Instance_12097" type="identity">
      <class id="CL_GO_EXT:cell" label="cell"/>
      <span end="8958" id="15040800-2286" start="8954">cell</span>
    </annotation>
    <annotation annotator="Mike Bada, University of Colorado Anschutz Medical Campus" id="GO_CC_2016_02_16_test_Instance_12099" type="identity">
      <class id="CL_GO_EXT:cell" label="cell"/>
      <span end="9016" id="15040800-2288" start="9012">cell</span>
    </annotation>
    <annotation annotator="Mike Bada, University of Colorado Anschutz Medical Campus" id="GO_CC_2016_02_16_test_Instance_12101" type="identity">
      <class id="CL_GO_EXT:cell" label="cell"/>
      <span end="9164" id="15040800-2290" start="9159">cells</span>
    </annotation>
    <annotation annotator="" id="GO_CC_2016_02_16_Instance_20015" type="identity">
      <class id="GO:0042571" label="immunoglobulin complex, circulating"/>
      <span end="17179" id="15040800-2176" start="17171">antibody</span>
    </annotation>
    <annotation annotator="" id="GO_CC_2016_02_16_Instance_20017" type="identity">
      <class id="GO:0042571" label="immunoglobulin complex, circulating"/>
      <span end="17250" id="15040800-2178" start="17240">antibodies</span>
    </annotation>
    <annotation annotator="" id="GO_CC_2016_02_16_Instance_20019" type="identity">
      <class id="GO:0042571" label="immunoglobulin complex, circulating"/>
      <span end="17352" id="15040800-2180" start="17342">antibodies</span>
    </annotation>
    <annotation annotator="Mike Bada, University of Colorado Anschutz Medical Campus" id="GO_CC_2016_02_16_test_Instance_26653" type="identity">
      <class id="GO:0016020" label="membrane"/>
      <span end="17496" id="15040800-2346" start="17488">Membrane</span>
    </annotation>
    <annotation annotator="Mike Bada, University of Colorado Anschutz Medical Campus" id="GO_CC_2016_02_16_test_Instance_26655" type="identity">
      <class id="GO:0016020" label="membrane"/>
      <span end="17534" id="15040800-2348" start="17525">membranes</span>
    </annotation>
    <annotation annotator="Mike Bada, University of Colorado Anschutz Medical Campus" id="GO_CC_2016_02_16_test_Instance_26657" type="identity">
      <class id="GO:0005886" label="plasma membrane"/>
      <span end="18288" id="15040800-2350" start="18272">Plasma membranes</span>
    </annotation>
    <annotation annotator="Mike Bada, University of Colorado Anschutz Medical Campus" id="GO_CC_2016_02_16_test_Instance_26659" type="identity">
      <class id="GO:0016020" label="membrane"/>
      <span end="18495" id="15040800-2352" start="18487">membrane</span>
    </annotation>
    <annotation annotator="" id="GO_CC_2016_02_16_Instance_20021" type="identity">
      <class id="GO:0042571" label="immunoglobulin complex, circulating"/>
      <span end="18801" id="15040800-2182" start="18793">antibody</span>
    </annotation>
    <annotation annotator="" id="GO_CC_2016_02_16_Instance_20029" type="identity">
      <class id="GO:0042571" label="immunoglobulin complex, circulating"/>
      <span end="19706" id="15040800-2190" start="19698">antibody</span>
    </annotation>
    <annotation annotator="" id="GO_CC_2016_02_16_Instance_20023" type="identity">
      <class id="GO:0042571" label="immunoglobulin complex, circulating"/>
      <span end="19850" id="15040800-2184" start="19842">antibody</span>
    </annotation>
    <annotation annotator="" id="GO_CC_2016_02_16_Instance_20025" type="identity">
      <class id="GO:0042571" label="immunoglobulin complex, circulating"/>
      <span end="19958" id="15040800-2186" start="19950">antibody</span>
    </annotation>
    <annotation annotator="" id="GO_CC_2016_02_16_Instance_102069" type="identity">
      <class id="GO:0071735" label="IgG immunoglobulin complex"/>
      <span end="19980" id="15040800-2162" start="19977">IgG</span>
    </annotation>
    <annotation annotator="" id="GO_CC_2016_02_16_Instance_20027" type="identity">
      <class id="GO:0042571" label="immunoglobulin complex, circulating"/>
      <span end="20523" id="15040800-2188" start="20515">antibody</span>
    </annotation>
    <annotation annotator="Mike Bada, University of Colorado Anschutz Medical Campus" id="GO_CC_2016_02_16_test_Instance_12141" type="identity">
      <class id="CL_GO_EXT:cell" label="cell"/>
      <span end="21073" id="15040800-2330" start="21068">cells</span>
    </annotation>
    <annotation annotator="Mike Bada, University of Colorado Anschutz Medical Campus" id="GO_CC_2016_02_16_test_Instance_12143" type="identity">
      <class id="CL_GO_EXT:cell" label="cell"/>
      <span end="21086" id="15040800-2332" start="21081">cells</span>
    </annotation>
    <annotation annotator="Mike Bada, University of Colorado Anschutz Medical Campus" id="GO_CC_2016_02_16_test_Instance_12103" type="identity">
      <class id="CL_GO_EXT:cell" label="cell"/>
      <span end="21270" id="15040800-2292" start="21265">cells</span>
    </annotation>
    <annotation annotator="Mike Bada, University of Colorado Anschutz Medical Campus" id="GO_CC_2016_02_16_test_Instance_12105" type="identity">
      <class id="CL_GO_EXT:cell" label="cell"/>
      <span end="21671" id="15040800-2294" start="21666">cells</span>
    </annotation>
    <annotation annotator="Mike Bada, University of Colorado Anschutz Medical Campus" id="GO_CC_2016_02_16_test_Instance_12107" type="identity">
      <class id="CL_GO_EXT:cell" label="cell"/>
      <span end="21708" id="15040800-2296" start="21703">cells</span>
    </annotation>
    <annotation annotator="Mike Bada, University of Colorado Anschutz Medical Campus" id="GO_CC_2016_02_16_test_Instance_12109" type="identity">
      <class id="CL_GO_EXT:cell" label="cell"/>
      <span end="21786" id="15040800-2298" start="21781">cells</span>
    </annotation>
    <annotation annotator="Mike Bada, University of Colorado Anschutz Medical Campus" id="GO_CC_2016_02_16_test_Instance_12111" type="identity">
      <class id="CL_GO_EXT:cell" label="cell"/>
      <span end="21944" id="15040800-2300" start="21939">cells</span>
    </annotation>
    <annotation annotator="" id="GO_CC_2016_02_16_Instance_20031" type="identity">
      <class id="GO:0042571" label="immunoglobulin complex, circulating"/>
      <span end="22053" id="15040800-2192" start="22045">antibody</span>
    </annotation>
    <annotation annotator="" id="GO_CC_2016_02_16_Instance_102071" type="identity">
      <class id="GO:0071736" label="IgG immunoglobulin complex, circulating"/>
      <span end="22177" id="15040800-2164" start="22165">IgG antibody</span>
    </annotation>
    <annotation annotator="Mike Bada, University of Colorado Anschutz Medical Campus" id="GO_CC_2016_02_16_test_Instance_20973" type="identity">
      <class id="CL_GO_EXT:cell" label="cell"/>
      <span end="22199" id="15040800-2334" start="22194">Cells</span>
    </annotation>
    <annotation annotator="Mike Bada, University of Colorado Anschutz Medical Campus" id="GO_CC_2016_02_16_test_Instance_12113" type="identity">
      <class id="CL_GO_EXT:cell" label="cell"/>
      <span end="26385" id="15040800-2302" start="26381">cell</span>
    </annotation>
    <annotation annotator="Mike Bada, University of Colorado Anschutz Medical Campus" id="GO_CC_2016_02_16_test_Instance_26675" type="identity">
      <class id="GO:0016020" label="membrane"/>
      <span end="27861" id="15040800-2354" start="27853">membrane</span>
    </annotation>
    <annotation annotator="" id="GO_CC_2016_02_16_Instance_20038" type="identity">
      <class id="CHEBI_GO_EXT:low_density_lipoprotein_particle" label="low-density lipoprotein particle"/>
      <span end="30692" id="15040800-2194" start="30677">LDL lipoprotein</span>
    </annotation>
    <annotation annotator="" id="GO_CC_2016_02_16_Instance_20040" type="identity">
      <class id="GO:0042571" label="immunoglobulin complex, circulating"/>
      <span end="33321" id="15040800-2196" start="33313">antibody</span>
    </annotation>
    <annotation annotator="" id="GO_CC_2016_02_16_Instance_20042" type="identity">
      <class id="GO:0042571" label="immunoglobulin complex, circulating"/>
      <span end="33448" id="15040800-2198" start="33440">antibody</span>
    </annotation>
    <annotation annotator="" id="GO_CC_2016_02_16_Instance_20044" type="identity">
      <class id="GO:0042571" label="immunoglobulin complex, circulating"/>
      <span end="33498" id="15040800-2200" start="33488">antibodies</span>
    </annotation>
    <annotation annotator="Mike Bada, University of Colorado Anschutz Medical Campus" id="GO_CC_2016_02_16_test_Instance_26683" type="identity">
      <class id="GO:0016020" label="membrane"/>
      <span end="33651" id="15040800-2356" start="33643">membrane</span>
    </annotation>
    <annotation annotator="" id="GO_CC_2016_02_16_Instance_20046" type="identity">
      <class id="GO:0042571" label="immunoglobulin complex, circulating"/>
      <span end="33734" id="15040800-2202" start="33724">antibodies</span>
    </annotation>
    <annotation annotator="" id="GO_CC_2016_02_16_Instance_20048" type="identity">
      <class id="GO:0042571" label="immunoglobulin complex, circulating"/>
      <span end="33981" id="15040800-2204" start="33973">antibody</span>
    </annotation>
    <annotation annotator="" id="GO_CC_2016_02_16_Instance_20050" type="identity">
      <class id="GO:0042571" label="immunoglobulin complex, circulating"/>
      <span end="34035" id="15040800-2206" start="34027">antibody</span>
    </annotation>
    <annotation annotator="" id="GO_CC_2016_02_16_Instance_20052" type="identity">
      <class id="GO:0042571" label="immunoglobulin complex, circulating"/>
      <span end="34256" id="15040800-2208" start="34248">antibody</span>
    </annotation>
    <annotation annotator="" id="GO_CC_2016_02_16_Instance_20056" type="identity">
      <class id="GO:0042571" label="immunoglobulin complex, circulating"/>
      <span end="34417" id="15040800-2212" start="34409">antibody</span>
    </annotation>
    <annotation annotator="" id="GO_CC_2016_02_16_Instance_20054" type="identity">
      <class id="GO:0042571" label="immunoglobulin complex, circulating"/>
      <span end="34503" id="15040800-2210" start="34495">antibody</span>
    </annotation>
    <annotation annotator="" id="GO_CC_2016_02_16_Instance_20058" type="identity">
      <class id="GO:0042571" label="immunoglobulin complex, circulating"/>
      <span end="34681" id="15040800-2214" start="34671">antibodies</span>
    </annotation>
    <annotation annotator="" id="GO_CC_2016_02_16_Instance_20060" type="identity">
      <class id="GO:0042571" label="immunoglobulin complex, circulating"/>
      <span end="34824" id="15040800-2216" start="34814">antibodies</span>
    </annotation>
    <annotation annotator="" id="GO_CC_2016_02_16_Instance_20062" type="identity">
      <class id="GO:0042571" label="immunoglobulin complex, circulating"/>
      <span end="34872" id="15040800-2218" start="34864">antibody</span>
    </annotation>
    <annotation annotator="Mike Bada, University of Colorado Anschutz Medical Campus" id="GO_CC_2016_02_16_test_Instance_12115" type="identity">
      <class id="CL_GO_EXT:cell" label="cell"/>
      <span end="34936" id="15040800-2304" start="34931">cells</span>
    </annotation>
    <annotation annotator="Mike Bada, University of Colorado Anschutz Medical Campus" id="GO_CC_2016_02_16_test_Instance_12117" type="identity">
      <class id="CL_GO_EXT:cell" label="cell"/>
      <span end="35015" id="15040800-2306" start="35010">cells</span>
    </annotation>
    <annotation annotator="Mike Bada, University of Colorado Anschutz Medical Campus" id="GO_CC_2016_02_16_test_Instance_12119" type="identity">
      <class id="CL_GO_EXT:cell" label="cell"/>
      <span end="35174" id="15040800-2308" start="35169">cells</span>
    </annotation>
    <annotation annotator="" id="GO_CC_2016_02_16_Instance_20064" type="identity">
      <class id="GO:0042571" label="immunoglobulin complex, circulating"/>
      <span end="35235" id="15040800-2220" start="35227">antibody</span>
    </annotation>
    <annotation annotator="" id="GO_CC_2016_02_16_Instance_20066" type="identity">
      <class id="GO:0042571" label="immunoglobulin complex, circulating"/>
      <span end="35330" id="15040800-2222" start="35322">antibody</span>
    </annotation>
    <annotation annotator="Mike Bada, University of Colorado Anschutz Medical Campus" id="GO_CC_2016_02_16_test_Instance_12121" type="identity">
      <class id="CL_GO_EXT:cell" label="cell"/>
      <span end="35515" id="15040800-2310" start="35507">cellular</span>
    </annotation>
    <annotation annotator="Mike Bada, University of Colorado Anschutz Medical Campus" id="GO_CC_2016_02_16_test_Instance_26707" type="identity">
      <class id="GO:0045177" label="apical part of cell"/>
      <span end="35634" id="15040800-2358" start="35628">apical</span>
    </annotation>
    <annotation annotator="" id="GO_CC_2016_02_16_Instance_101843" type="identity">
      <class id="GO_UBERON_EXT:villus" label="villus"/>
      <span end="35661" id="15040800-2160" start="35656">villi</span>
    </annotation>
    <annotation annotator="" id="GO_CC_2016_02_16_Instance_20068" type="identity">
      <class id="GO:0042571" label="immunoglobulin complex, circulating"/>
      <span end="35811" id="15040800-2224" start="35803">antibody</span>
    </annotation>
    <annotation annotator="" id="GO_CC_2016_02_16_Instance_20070" type="identity">
      <class id="GO:0042571" label="immunoglobulin complex, circulating"/>
      <span end="35885" id="15040800-2226" start="35877">antibody</span>
    </annotation>
    <annotation annotator="Mike Bada, University of Colorado Anschutz Medical Campus" id="GO_CC_2016_02_16_test_Instance_26715" type="identity">
      <class id="GO:0045177" label="apical part of cell"/>
      <span end="36038" id="15040800-2360" start="36032">apical</span>
    </annotation>
    <annotation annotator="" id="GO_CC_2016_02_16_Instance_20074" type="identity">
      <class id="GO:0042571" label="immunoglobulin complex, circulating"/>
      <span end="36110" id="15040800-2230" start="36102">antibody</span>
    </annotation>
    <annotation annotator="Mike Bada, University of Colorado Anschutz Medical Campus" id="GO_CC_2016_02_16_test_Instance_26719" type="identity">
      <class id="GO:0045177" label="apical part of cell"/>
      <span end="36377" id="15040800-2362" start="36369">apically</span>
    </annotation>
    <annotation annotator="Mike Bada, University of Colorado Anschutz Medical Campus" id="GO_CC_2016_02_16_test_Instance_26721" type="identity">
      <class id="GO:0045177" label="apical part of cell"/>
      <span end="36632" id="15040800-2364" start="36626">apical</span>
    </annotation>
    <annotation annotator="" id="GO_CC_2016_02_16_Instance_20072" type="identity">
      <class id="GO:0042571" label="immunoglobulin complex, circulating"/>
      <span end="36703" id="15040800-2228" start="36695">antibody</span>
    </annotation>
    <annotation annotator="Mike Bada, University of Colorado Anschutz Medical Campus" id="GO_CC_2016_02_16_test_Instance_26725" type="identity">
      <class id="GO:0045177" label="apical part of cell"/>
      <span end="36791" id="15040800-2366" start="36785">apical</span>
    </annotation>
    <annotation annotator="" id="GO_CC_2016_02_16_Instance_20076" type="identity">
      <class id="CHEBI_GO_EXT:low_density_lipoprotein_particle" label="low-density lipoprotein particle"/>
      <span end="42913" id="15040800-2232" start="42910">LDL</span>
    </annotation>
    <annotation annotator="" id="GO_CC_2016_02_16_Instance_20078" type="identity">
      <class id="GO_EXT:dimer_macromolecular_complex" label="dimeric macromolecular complex"/>
      <span end="47482" id="15040800-2234" start="47476">dimers</span>
    </annotation>
    <annotation annotator="Mike Bada, University of Colorado Anschutz Medical Campus" id="GO_CC_2016_02_16_test_Instance_26727" type="identity">
      <class id="GO:0045177" label="apical part of cell"/>
      <span end="47660" id="15040800-2368" start="47654">apical</span>
    </annotation>
    <annotation annotator="Mike Bada, University of Colorado Anschutz Medical Campus" id="GO_CC_2016_02_16_test_Instance_26731" type="identity">
      <class id="GO:0045177" label="apical part of cell"/>
      <span end="47706" id="15040800-2372" start="47700">apical</span>
    </annotation>
    <annotation annotator="Mike Bada, University of Colorado Anschutz Medical Campus" id="GO_CC_2016_02_16_test_Instance_26729" type="identity">
      <class id="GO:0009986" label="cell surface"/>
      <span end="47714" id="15040800-2370" start="47707">surface</span>
    </annotation>
    <annotation annotator="Mike Bada, University of Colorado Anschutz Medical Campus" id="GO_CC_2016_02_16_test_Instance_12123" type="identity">
      <class id="CL_GO_EXT:cell" label="cell"/>
      <span end="47734" id="15040800-2312" start="47730">cell</span>
    </annotation>
    <annotation annotator="" id="GO_CC_2016_02_16_Instance_20080" type="identity">
      <class id="GO:0042571" label="immunoglobulin complex, circulating"/>
      <span end="47898" id="15040800-2236" start="47888">antibodies</span>
    </annotation>
    <annotation annotator="Mike Bada, University of Colorado Anschutz Medical Campus" id="GO_CC_2016_02_16_test_Instance_26735" type="identity">
      <class id="GO:0005783" label="endoplasmic reticulum"/>
      <span end="48147" id="15040800-2374" start="48126">endoplasmic reticulum</span>
    </annotation>
    <annotation annotator="Mike Bada, University of Colorado Anschutz Medical Campus" id="GO_CC_2016_02_16_test_Instance_26737" type="identity">
      <class id="GO:0045177" label="apical part of cell"/>
      <span end="48226" id="15040800-2376" start="48218">apically</span>
    </annotation>
    <annotation annotator="" id="GO_CC_2016_02_16_Instance_20082" type="identity">
      <class id="GO:0042571" label="immunoglobulin complex, circulating"/>
      <span end="48313" id="15040800-2238" start="48305">antibody</span>
    </annotation>
    <annotation annotator="Mike Bada, University of Colorado Anschutz Medical Campus" id="GO_CC_2016_02_16_test_Instance_12125" type="identity">
      <class id="CL_GO_EXT:cell" label="cell"/>
      <span end="48413" id="15040800-2314" start="48408">cells</span>
    </annotation>
    <annotation annotator="Mike Bada, University of Colorado Anschutz Medical Campus" id="GO_CC_2016_02_16_test_Instance_26741" type="identity">
      <class id="GO:0005622" label="intracellular"/>
      <span end="48460" id="15040800-2378" start="48445">intracellularly</span>
    </annotation>
    <annotation annotator="Mike Bada, University of Colorado Anschutz Medical Campus" id="GO_CC_2016_02_16_test_Instance_26745" type="identity">
      <class id="GO:0045177" label="apical part of cell"/>
      <span end="48623" id="15040800-2382" start="48617">apical</span>
    </annotation>
    <annotation annotator="Mike Bada, University of Colorado Anschutz Medical Campus" id="GO_CC_2016_02_16_test_Instance_26743" type="identity">
      <class id="GO:0009986" label="cell surface"/>
      <span end="48631" id="15040800-2380" start="48624">surface</span>
    </annotation>
    <annotation annotator="" id="GO_CC_2016_02_16_Instance_20084" type="identity">
      <class id="GO:0042571" label="immunoglobulin complex, circulating"/>
      <span end="48689" id="15040800-2240" start="48681">antibody</span>
    </annotation>
    <annotation annotator="Mike Bada, University of Colorado Anschutz Medical Campus" id="GO_CC_2016_02_16_test_Instance_26749" type="identity">
      <class id="GO:0045177" label="apical part of cell"/>
      <span end="48866" id="15040800-2384" start="48860">apical</span>
    </annotation>
    <annotation annotator="Mike Bada, University of Colorado Anschutz Medical Campus" id="GO_CC_2016_02_16_test_Instance_12127" type="identity">
      <class id="CL_GO_EXT:cell" label="cell"/>
      <span end="48922" id="15040800-2316" start="48917">cells</span>
    </annotation>
    <annotation annotator="Mike Bada, University of Colorado Anschutz Medical Campus" id="GO_CC_2016_02_16_test_Instance_26751" type="identity">
      <class id="GO:0045177" label="apical part of cell"/>
      <span end="50536" id="15040800-2386" start="50528">apically</span>
    </annotation>
    <annotation annotator="" id="GO_CC_2016_02_16_Instance_20086" type="identity">
      <class id="GO:0042571" label="immunoglobulin complex, circulating"/>
      <span end="51879" id="15040800-2242" start="51871">antibody</span>
    </annotation>
    <annotation annotator="" id="GO_CC_2016_02_16_Instance_20088" type="identity">
      <class id="GO:0042571" label="immunoglobulin complex, circulating"/>
      <span end="51948" id="15040800-2244" start="51940">antibody</span>
    </annotation>
    <annotation annotator="" id="GO_CC_2016_02_16_Instance_20092" type="identity">
      <class id="CHEBI_GO_EXT:lipoprotein_particle" label="lipoprotein particle"/>
      <span end="53977" id="15040800-2246" start="53965">Lipoproteins</span>
    </annotation>
    <annotation annotator="" id="GO_CC_2016_02_16_Instance_20094" type="identity">
      <class id="CHEBI_GO_EXT:low_density_lipoprotein_particle" label="low-density lipoprotein particle"/>
      <span end="54287" id="15040800-2248" start="54284">LDL</span>
    </annotation>
    <annotation annotator="Mike Bada, University of Colorado Anschutz Medical Campus" id="GO_CC_2016_02_16_test_Instance_12129" type="identity">
      <class id="CL_GO_EXT:cell" label="cell"/>
      <span end="56271" id="15040800-2318" start="56266">cells</span>
    </annotation>
    <annotation annotator="" id="GO_CC_2016_02_16_Instance_20096" type="identity">
      <class id="GO:0042571" label="immunoglobulin complex, circulating"/>
      <span end="56425" id="15040800-2250" start="56417">antibody</span>
    </annotation>
    <annotation annotator="Mike Bada, University of Colorado Anschutz Medical Campus" id="GO_CC_2016_02_16_test_Instance_12131" type="identity">
      <class id="CL_GO_EXT:cell" label="cell"/>
      <span end="56468" id="15040800-2320" start="56463">cells</span>
    </annotation>
    <annotation annotator="Mike Bada, University of Colorado Anschutz Medical Campus" id="GO_CC_2016_02_16_test_Instance_12133" type="identity">
      <class id="CL_GO_EXT:cell" label="cell"/>
      <span end="56584" id="15040800-2322" start="56579">cells</span>
    </annotation>
    <annotation annotator="" id="GO_CC_2016_02_16_Instance_20098" type="identity">
      <class id="GO:0042571" label="immunoglobulin complex, circulating"/>
      <span end="56633" id="15040800-2252" start="56625">antibody</span>
    </annotation>
    <annotation annotator="Mike Bada, University of Colorado Anschutz Medical Campus" id="GO_CC_2016_02_16_test_Instance_26761" type="identity">
      <class id="GO:0016020" label="membrane"/>
      <span end="56651" id="15040800-2388" start="56643">membrane</span>
    </annotation>
    <annotation annotator="Mike Bada, University of Colorado Anschutz Medical Campus" id="GO_CC_2016_02_16_test_Instance_12135" type="identity">
      <class id="CL_GO_EXT:cell" label="cell"/>
      <span end="56708" id="15040800-2324" start="56703">cells</span>
    </annotation>
    <annotation annotator="" id="GO_CC_2016_02_16_Instance_20100" type="identity">
      <class id="GO:0042571" label="immunoglobulin complex, circulating"/>
      <span end="56746" id="15040800-2254" start="56738">antibody</span>
    </annotation>
    <annotation annotator="Mike Bada, University of Colorado Anschutz Medical Campus" id="GO_CC_2016_02_16_test_Instance_12137" type="identity">
      <class id="CL_GO_EXT:cell" label="cell"/>
      <span end="56835" id="15040800-2326" start="56830">cells</span>
    </annotation>
    <annotation annotator="" id="GO_CC_2016_02_16_Instance_20102" type="identity">
      <class id="GO:0042571" label="immunoglobulin complex, circulating"/>
      <span end="56884" id="15040800-2256" start="56876">antibody</span>
    </annotation>
    <annotation annotator="" id="GO_CC_2016_02_16_Instance_20104" type="identity">
      <class id="GO:0042571" label="immunoglobulin complex, circulating"/>
      <span end="57089" id="15040800-2258" start="57081">antibody</span>
    </annotation>
    <annotation annotator="" id="GO_CC_2016_02_16_Instance_20106" type="identity">
      <class id="GO:0042571" label="immunoglobulin complex, circulating"/>
      <span end="57292" id="15040800-2260" start="57284">antibody</span>
    </annotation>
    <annotation annotator="" id="GO_CC_2016_02_16_Instance_20116" type="identity">
      <class id="GO_UBERON_EXT:villus" label="villus"/>
      <span end="57438" id="15040800-2268" start="57432">villus</span>
    </annotation>
    <annotation annotator="" id="GO_CC_2016_02_16_Instance_20108" type="identity">
      <class id="GO:0042571" label="immunoglobulin complex, circulating"/>
      <span end="57514" id="15040800-2262" start="57506">Antibody</span>
    </annotation>
    <annotation annotator="" id="GO_CC_2016_02_16_Instance_20110" type="identity">
      <class id="GO:0042571" label="immunoglobulin complex, circulating"/>
      <span end="57611" id="15040800-2264" start="57603">antibody</span>
    </annotation>
    <annotation annotator="Mike Bada, University of Colorado Anschutz Medical Campus" id="GO_CC_2016_02_16_test_Instance_26775" type="identity">
      <class id="GO:0045177" label="apical part of cell"/>
      <span end="57661" id="15040800-2390" start="57655">apical</span>
    </annotation>
    <annotation annotator="" id="GO_CC_2016_02_16_Instance_20112" type="identity">
      <class id="GO:0042571" label="immunoglobulin complex, circulating"/>
      <span end="57756" id="15040800-2266" start="57748">antibody</span>
    </annotation>
    <annotation annotator="Mike Bada, University of Colorado Anschutz Medical Campus" id="GO_CC_2016_02_16_test_Instance_26779" type="identity">
      <class id="GO:0045177" label="apical part of cell"/>
      <span end="57899" id="15040800-2392" start="57893">apical</span>
    </annotation>
    <annotation annotator="Mike Bada, University of Colorado Anschutz Medical Campus" id="GO_CC_2016_02_16_test_Instance_26783" type="identity">
      <class id="GO:0045177" label="apical part of cell"/>
      <span end="58203" id="15040800-2394" start="58197">apical</span>
    </annotation>
    <annotation annotator="Mike Bada, University of Colorado Anschutz Medical Campus" id="GO_CC_2016_02_16_test_Instance_26785" type="identity">
      <class id="GO:0045177" label="apical part of cell"/>
      <span end="58263" id="15040800-2396" start="58257">apical</span>
    </annotation>
    <annotation annotator="" id="GO_CC_2016_02_16_Instance_20120" type="identity">
      <class id="GO:0042571" label="immunoglobulin complex, circulating"/>
      <span end="58361" id="15040800-2270" start="58353">antibody</span>
    </annotation>
    <annotation annotator="Mike Bada, University of Colorado Anschutz Medical Campus" id="GO_CC_2016_02_16_test_Instance_26789" type="identity">
      <class id="GO:0045177" label="apical part of cell"/>
      <span end="58390" id="15040800-2398" start="58384">apical</span>
    </annotation>
    <graph-space id="Old Knowtator Relations"/>
  </document>
</knowtator-project>
