<?xml version="1.0" encoding="UTF-8" standalone="no"?>
<knowtator-project>
  <document id="15061865" text-file="15061865.txt">
    <annotation annotator="Mike Bada, University of Colorado Anschutz Medical Campus" id="GO_CC_2016_02_16_test_Instance_12145" type="identity">
      <class id="CL_GO_EXT:cell" label="cell"/>
      <span end="426" id="15061865-2406" start="418">cellular</span>
    </annotation>
    <annotation annotator="Mike Bada, University of Colorado Anschutz Medical Campus" id="GO_CC_2016_02_16_test_Instance_12147" type="identity">
      <class id="CL_GO_EXT:cell" label="cell"/>
      <span end="4137" id="15061865-2408" start="4129">cellular</span>
    </annotation>
    <annotation annotator="" id="GO_CC_2016_02_16_Instance_101849" type="identity">
      <class id="GO_UBERON_EXT:nerve_ending_or_neuron_projection_terminus" label="nerve ending or neuron projection terminus"/>
      <span end="6872" id="15061865-2402" start="6864">terminal</span>
    </annotation>
    <annotation annotator="" id="GO_CC_2016_02_16_Instance_101851" type="identity">
      <class id="GO_UBERON_EXT:nerve_ending_or_neuron_projection_terminus" label="nerve ending or neuron projection terminus"/>
      <span end="17155" id="15061865-2404" start="17147">terminal</span>
    </annotation>
    <annotation annotator="Mike Bada, University of Colorado Anschutz Medical Campus" id="GO_CC_2016_02_16_test_Instance_26795" type="identity">
      <class id="GO:0030424" label="axon"/>
      <span end="17161" id="15061865-2418" start="17156">axons</span>
    </annotation>
    <annotation annotator="Mike Bada, University of Colorado Anschutz Medical Campus" id="GO_CC_2016_02_16_test_Instance_12149" type="identity">
      <class id="CL_GO_EXT:cell" label="cell"/>
      <span end="17253" id="15061865-2410" start="17248">cells</span>
    </annotation>
    <annotation annotator="Mike Bada, University of Colorado Anschutz Medical Campus" id="GO_CC_2016_02_16_test_Instance_12151" type="identity">
      <class id="CL_GO_EXT:cell" label="cell"/>
      <span end="19196" id="15061865-2412" start="19191">cells</span>
    </annotation>
    <annotation annotator="Mike Bada, University of Colorado Anschutz Medical Campus" id="GO_CC_2016_02_16_test_Instance_12153" type="identity">
      <class id="CL_GO_EXT:cell" label="cell"/>
      <span end="19345" id="15061865-2414" start="19340">cells</span>
    </annotation>
    <annotation annotator="Mike Bada, University of Colorado Anschutz Medical Campus" id="GO_CC_2016_02_16_test_Instance_12155" type="identity">
      <class id="CL_GO_EXT:cell" label="cell"/>
      <span end="19486" id="15061865-2416" start="19482">cell</span>
    </annotation>
    <annotation annotator="Mike Bada, University of Colorado Anschutz Medical Campus" id="GO_CC_2016_02_16_test_Instance_26797" type="identity">
      <class id="GO:0045202" label="synapse"/>
      <span end="20176" id="15061865-2420" start="20168">synaptic</span>
    </annotation>
    <annotation annotator="Mike Bada, University of Colorado Anschutz Medical Campus" id="GO_CC_2016_02_16_test_Instance_26799" type="identity">
      <class id="GO:0045202" label="synapse"/>
      <span end="21798" id="15061865-2422" start="21790">synapses</span>
    </annotation>
    <graph-space id="Old Knowtator Relations"/>
  </document>
</knowtator-project>
