<?xml version="1.0" encoding="UTF-8" standalone="no"?>
<knowtator-project>
  <document id="15207008" text-file="15207008.txt">
    <annotation annotator="Mike Bada, University of Colorado Anschutz Medical Campus" id="GO_CC_2016_02_16_test_Instance_27121" type="identity">
      <class id="GO:0005634" label="nucleus"/>
      <span end="1241" id="15207008-2527" start="1234">nuclear</span>
    </annotation>
    <annotation annotator="Mike Bada, University of Colorado Anschutz Medical Campus" id="GO_CC_2016_02_16_test_Instance_27123" type="identity">
      <class id="GO:0005813" label="centrosome"/>
      <span end="1362" id="15207008-2529" start="1351">centrosomal</span>
    </annotation>
    <annotation annotator="" id="GO_CC_2016_02_16_Instance_20238" type="identity">
      <class id="GO:0072686" label="mitotic spindle"/>
      <span end="1378" id="15207008-2463" start="1363">mitotic spindle</span>
    </annotation>
    <annotation annotator="Mike Bada, University of Colorado Anschutz Medical Campus" id="GO_CC_2016_02_16_test_Instance_27127" type="identity">
      <class id="GO:0032991" label="macromolecular complex"/>
      <span end="1435" id="15207008-2531" start="1426">complexes</span>
    </annotation>
    <annotation annotator="Mike Bada, University of Colorado Anschutz Medical Campus" id="GO_CC_2016_02_16_test_Instance_27129" type="identity">
      <class id="GO:0032991" label="macromolecular complex"/>
      <span end="1681" id="15207008-2533" start="1672">complexes</span>
    </annotation>
    <annotation annotator="Mike Bada, University of Colorado Anschutz Medical Campus" id="GO_CC_2016_02_16_test_Instance_27131" type="identity">
      <class id="GO:0005634" label="nucleus"/>
      <span end="1716" id="15207008-2535" start="1709">nuclear</span>
    </annotation>
    <annotation annotator="Mike Bada, University of Colorado Anschutz Medical Campus" id="GO_CC_2016_02_16_test_Instance_27133" type="identity">
      <class id="GO:0005813" label="centrosome"/>
      <span end="1909" id="15207008-2537" start="1899">centrosome</span>
    </annotation>
    <annotation annotator="Mike Bada, University of Colorado Anschutz Medical Campus" id="GO_CC_2016_02_16_test_Instance_27135" type="identity">
      <class id="GO:0000785" label="chromatin"/>
      <span end="1982" id="15207008-2539" start="1973">chromatin</span>
    </annotation>
    <annotation annotator="Mike Bada, University of Colorado Anschutz Medical Campus" id="GO_CC_2016_02_16_test_Instance_27137" type="identity">
      <class id="GO:0032991" label="macromolecular complex"/>
      <span end="2044" id="15207008-2541" start="2035">complexes</span>
    </annotation>
    <annotation annotator="Mike Bada, University of Colorado Anschutz Medical Campus" id="GO_CC_2016_02_16_test_Instance_12271" type="identity">
      <class id="CL_GO_EXT:cell" label="cell"/>
      <span end="2056" id="15207008-2507" start="2052">cell</span>
    </annotation>
    <annotation annotator="Mike Bada, University of Colorado Anschutz Medical Campus" id="GO_CC_2016_02_16_test_Instance_27139" type="identity">
      <class id="GO_SO_EXT:chromosome" label="chromosome"/>
      <span end="3262" id="15207008-2543" start="3252">chromosome</span>
    </annotation>
    <annotation annotator="" id="GO_CC_2016_02_16_Instance_200208" type="identity">
      <class id="GO_SO_EXT:chromosomal_part_or_position_or_region_or_site" label="chromosomal part/position/region/site"/>
      <span end="3378" id="15207008-2434" start="3359">chromosomal regions</span>
    </annotation>
    <annotation annotator="Mike Bada, University of Colorado Anschutz Medical Campus" id="GO_CC_2016_02_16_test_Instance_27143" type="identity">
      <class id="GO_SO_EXT:chromosome" label="chromosome"/>
      <span end="3399" id="15207008-2545" start="3388">chromosomes</span>
    </annotation>
    <annotation annotator="" id="GO_CC_2016_02_16_Instance_200212" type="identity">
      <class id="GO_SO_EXT:chromosomal_part_or_position_or_region_or_site" label="chromosomal part/position/region/site"/>
      <span end="7638" id="15207008-2436" start="7622">chromosomal loci</span>
    </annotation>
    <annotation annotator="Mike Bada, University of Colorado Anschutz Medical Campus" id="GO_CC_2016_02_16_test_Instance_12273" type="identity">
      <class id="CL_GO_EXT:cell" label="cell"/>
      <span end="8633" id="15207008-2509" start="8629">cell</span>
    </annotation>
    <annotation annotator="" id="GO_CC_2016_02_16_Instance_200216" type="identity">
      <class id="GO_SO_EXT:chromosomal_part_or_position_or_region_or_site" label="chromosomal part/position/region/site"/>
      <span end="8684" id="15207008-2438" start="8668">chromosomal loci</span>
    </annotation>
    <annotation annotator="" id="GO_CC_2016_02_16_Instance_20246" type="identity">
      <class id="GO_SO_EXT:chromosomal_part_or_position_or_region_or_site" label="chromosomal part/position/region/site"/>
      <span end="8799" id="15207008-2465" start="8780">chromosomal segment</span>
    </annotation>
    <annotation annotator="Mike Bada, University of Colorado Anschutz Medical Campus" id="GO_CC_2016_02_16_test_Instance_27151" type="identity">
      <class id="GO:0000805" label="X chromosome"/>
      <span end="9387" id="15207008-2547" start="9375">chromosome X</span>
    </annotation>
    <annotation annotator="" id="GO_CC_2016_02_16_Instance_101433" type="identity">
      <class id="GO_SO_EXT:centromere_or_centromeric_region_or_centromeric_orientation" label="centromere, centromeric region or centromeric orientation"/>
      <span end="9786" id="15207008-2426" start="9768">centromeric region</span>
    </annotation>
    <annotation annotator="" id="GO_CC_2016_02_16_Instance_200388" type="identity">
      <class id="GO_SO_EXT:chromosomal_part_or_position_or_region_or_site" label="chromosomal part/position/region/site"/>
      <span end="9789" id="15207008-2460" start="9780">region of</span>
      <span end="9806" id="15207008-2461" start="9796">chromosome</span>
    </annotation>
    <annotation annotator="" id="GO_CC_2016_02_16_Instance_200220" type="identity">
      <class id="GO_SO_EXT:chromosomal_part_or_position_or_region_or_site" label="chromosomal part/position/region/site"/>
      <span end="10280" id="15207008-2440" start="10262">chromosomal region</span>
    </annotation>
    <annotation annotator="" id="GO_CC_2016_02_16_Instance_200224" type="identity">
      <class id="GO_SO_EXT:chromosomal_part_or_position_or_region_or_site" label="chromosomal part/position/region/site"/>
      <span end="13416" id="15207008-2442" start="13396">chromosomal location</span>
    </annotation>
    <annotation annotator="" id="GO_CC_2016_02_16_Instance_20252" type="identity">
      <class id="GO_UBERON_EXT:cellular_component_or_cell_part" label="cell component/part"/>
      <span end="13542" id="15207008-2467" start="13531">subcellular</span>
    </annotation>
    <annotation annotator="Mike Bada, University of Colorado Anschutz Medical Campus" id="GO_CC_2016_02_16_test_Instance_27161" type="identity">
      <class id="GO:0005813" label="centrosome"/>
      <span end="13594" id="15207008-2549" start="13584">centrosome</span>
    </annotation>
    <annotation annotator="" id="GO_CC_2016_02_16_Instance_20254" type="identity">
      <class id="GO_SO_EXT:chromosomal_part_or_position_or_region_or_site" label="chromosomal part/position/region/site"/>
      <span end="14645" id="15207008-2469" start="14625">chromosomal segments</span>
    </annotation>
    <annotation annotator="" id="GO_CC_2016_02_16_Instance_200228" type="identity">
      <class id="GO_SO_EXT:chromosomal_part_or_position_or_region_or_site" label="chromosomal part/position/region/site"/>
      <span end="14823" id="15207008-2444" start="14804">chromosomal regions</span>
    </annotation>
    <annotation annotator="" id="GO_CC_2016_02_16_Instance_20258" type="identity">
      <class id="GO_SO_EXT:chromosomal_part_or_position_or_region_or_site" label="chromosomal part/position/region/site"/>
      <span end="14971" id="15207008-2471" start="14951">chromosomal segments</span>
    </annotation>
    <annotation annotator="" id="GO_CC_2016_02_16_Instance_20260" type="identity">
      <class id="GO_SO_EXT:chromosomal_part_or_position_or_region_or_site" label="chromosomal part/position/region/site"/>
      <span end="15114" id="15207008-2473" start="15095">chromosomal segment</span>
    </annotation>
    <annotation annotator="Mike Bada, University of Colorado Anschutz Medical Campus" id="GO_CC_2016_02_16_test_Instance_27171" type="identity">
      <class id="GO_SO_EXT:chromosome" label="chromosome"/>
      <span end="15230" id="15207008-2551" start="15220">chromosome</span>
    </annotation>
    <annotation annotator="Mike Bada, University of Colorado Anschutz Medical Campus" id="GO_CC_2016_02_16_test_Instance_27173" type="identity">
      <class id="GO_SO_EXT:chromosome" label="chromosome"/>
      <span end="15265" id="15207008-2553" start="15255">chromosome</span>
    </annotation>
    <annotation annotator="" id="GO_CC_2016_02_16_Instance_20262" type="identity">
      <class id="GO_SO_EXT:chromosomal_part_or_position_or_region_or_site" label="chromosomal part/position/region/site"/>
      <span end="15526" id="15207008-2475" start="15506">chromosomal segments</span>
    </annotation>
    <annotation annotator="" id="GO_CC_2016_02_16_Instance_200232" type="identity">
      <class id="GO_SO_EXT:chromosomal_part_or_position_or_region_or_site" label="chromosomal part/position/region/site"/>
      <span end="15685" id="15207008-2446" start="15667">chromosomal region</span>
    </annotation>
    <annotation annotator="Mike Bada, University of Colorado Anschutz Medical Campus" id="GO_CC_2016_02_16_test_Instance_27179" type="identity">
      <class id="GO_SO_EXT:chromosome" label="chromosome"/>
      <span end="15830" id="15207008-2555" start="15820">chromosome</span>
    </annotation>
    <annotation annotator="Mike Bada, University of Colorado Anschutz Medical Campus" id="GO_CC_2016_02_16_test_Instance_27181" type="identity">
      <class id="GO_SO_EXT:chromosome" label="chromosome"/>
      <span end="15936" id="15207008-2557" start="15926">chromosome</span>
    </annotation>
    <annotation annotator="Mike Bada, University of Colorado Anschutz Medical Campus" id="GO_CC_2016_02_16_test_Instance_27183" type="identity">
      <class id="GO_SO_EXT:chromosome" label="chromosome"/>
      <span end="16042" id="15207008-2559" start="16031">chromosomes</span>
    </annotation>
    <annotation annotator="" id="GO_CC_2016_02_16_Instance_200236" type="identity">
      <class id="GO_SO_EXT:chromosomal_part_or_position_or_region_or_site" label="chromosomal part/position/region/site"/>
      <span end="16268" id="15207008-2448" start="16252">chromosomal loci</span>
    </annotation>
    <annotation annotator="" id="GO_CC_2016_02_16_Instance_200240" type="identity">
      <class id="GO_SO_EXT:chromosomal_part_or_position_or_region_or_site" label="chromosomal part/position/region/site"/>
      <span end="16399" id="15207008-2450" start="16393">region</span>
      <span end="16436" id="15207008-2451" start="16423">on chromosome</span>
    </annotation>
    <annotation annotator="" id="GO_CC_2016_02_16_Instance_200244" type="identity">
      <class id="GO_SO_EXT:chromosomal_part_or_position_or_region_or_site" label="chromosomal part/position/region/site"/>
      <span end="16633" id="15207008-2453" start="16614">chromosomal regions</span>
    </annotation>
    <annotation annotator="" id="GO_CC_2016_02_16_Instance_20272" type="identity">
      <class id="GO_SO_EXT:chromosomal_part_or_position_or_region_or_site" label="chromosomal part/position/region/site"/>
      <span end="17292" id="15207008-2477" start="17272">chromosomal segments</span>
    </annotation>
    <annotation annotator="Mike Bada, University of Colorado Anschutz Medical Campus" id="GO_CC_2016_02_16_test_Instance_27193" type="identity">
      <class id="GO_SO_EXT:chromosome" label="chromosome"/>
      <span end="17933" id="15207008-2561" start="17923">chromosome</span>
    </annotation>
    <annotation annotator="Mike Bada, University of Colorado Anschutz Medical Campus" id="GO_CC_2016_02_16_test_Instance_27195" type="identity">
      <class id="GO_SO_EXT:chromosome" label="chromosome"/>
      <span end="18463" id="15207008-2563" start="18453">chromosome</span>
    </annotation>
    <annotation annotator="" id="GO_CC_2016_02_16_Instance_20274" type="identity">
      <class id="GO_SO_EXT:chromosomal_part_or_position_or_region_or_site" label="chromosomal part/position/region/site"/>
      <span end="18550" id="15207008-2479" start="18531">chromosomal segment</span>
    </annotation>
    <annotation annotator="" id="GO_CC_2016_02_16_Instance_200248" type="identity">
      <class id="GO_SO_EXT:chromosomal_part_or_position_or_region_or_site" label="chromosomal part/position/region/site"/>
      <span end="18938" id="15207008-2455" start="18928">regions of</span>
      <span end="18955" id="15207008-2456" start="18945">chromosome</span>
    </annotation>
    <annotation annotator="" id="GO_CC_2016_02_16_Instance_20278" type="identity">
      <class id="GO_SO_EXT:chromosomal_part_or_position_or_region_or_site" label="chromosomal part/position/region/site"/>
      <span end="19178" id="15207008-2481" start="19159">chromosomal segment</span>
    </annotation>
    <annotation annotator="" id="GO_CC_2016_02_16_Instance_20280" type="identity">
      <class id="GO_SO_EXT:chromosomal_part_or_position_or_region_or_site" label="chromosomal part/position/region/site"/>
      <span end="19422" id="15207008-2483" start="19402">chromosomal segments</span>
    </annotation>
    <annotation annotator="" id="GO_CC_2016_02_16_Instance_20282" type="identity">
      <class id="GO_SO_EXT:chromosomal_part_or_position_or_region_or_site" label="chromosomal part/position/region/site"/>
      <span end="20325" id="15207008-2485" start="20306">chromosomal segment</span>
    </annotation>
    <annotation annotator="Mike Bada, University of Colorado Anschutz Medical Campus" id="GO_CC_2016_02_16_test_Instance_27207" type="identity">
      <class id="GO_SO_EXT:chromosome" label="chromosome"/>
      <span end="21121" id="15207008-2565" start="21111">chromosome</span>
    </annotation>
    <annotation annotator="" id="GO_CC_2016_02_16_Instance_20284" type="identity">
      <class id="GO_SO_EXT:chromosomal_part_or_position_or_region_or_site" label="chromosomal part/position/region/site"/>
      <span end="21267" id="15207008-2487" start="21248">chromosomal segment</span>
    </annotation>
    <annotation annotator="Mike Bada, University of Colorado Anschutz Medical Campus" id="GO_CC_2016_02_16_test_Instance_27211" type="identity">
      <class id="GO_SO_EXT:chromosome" label="chromosome"/>
      <span end="21391" id="15207008-2567" start="21381">chromosome</span>
    </annotation>
    <annotation annotator="Mike Bada, University of Colorado Anschutz Medical Campus" id="GO_CC_2016_02_16_test_Instance_27213" type="identity">
      <class id="GO:0016514" label="SWI/SNF complex"/>
      <span end="23689" id="15207008-2569" start="23653">SWI/SNF chromatin remodeling complex</span>
    </annotation>
    <annotation annotator="Mike Bada, University of Colorado Anschutz Medical Campus" id="GO_CC_2016_02_16_test_Instance_27217" type="identity">
      <class id="GO:0005634" label="nucleus"/>
      <span end="26887" id="15207008-2571" start="26880">nuclear</span>
    </annotation>
    <annotation annotator="Mike Bada, University of Colorado Anschutz Medical Campus" id="GO_CC_2016_02_16_test_Instance_27219" type="identity">
      <class id="GO:0005737" label="cytoplasm"/>
      <span end="27051" id="15207008-2573" start="27042">cytoplasm</span>
    </annotation>
    <annotation annotator="Mike Bada, University of Colorado Anschutz Medical Campus" id="GO_CC_2016_02_16_test_Instance_27221" type="identity">
      <class id="GO:0000785" label="chromatin"/>
      <span end="27154" id="15207008-2575" start="27146">chomatin</span>
    </annotation>
    <annotation annotator="Mike Bada, University of Colorado Anschutz Medical Campus" id="GO_CC_2016_02_16_test_Instance_27223" type="identity">
      <class id="GO:0005634" label="nucleus"/>
      <span end="27212" id="15207008-2577" start="27205">nucleus</span>
    </annotation>
    <annotation annotator="Mike Bada, University of Colorado Anschutz Medical Campus" id="GO_CC_2016_02_16_test_Instance_12275" type="identity">
      <class id="CL_GO_EXT:cell" label="cell"/>
      <span end="27275" id="15207008-2511" start="27271">cell</span>
    </annotation>
    <annotation annotator="Mike Bada, University of Colorado Anschutz Medical Campus" id="GO_CC_2016_02_16_test_Instance_12277" type="identity">
      <class id="CL_GO_EXT:cell" label="cell"/>
      <span end="27313" id="15207008-2513" start="27305">cellular</span>
    </annotation>
    <annotation annotator="Mike Bada, University of Colorado Anschutz Medical Campus" id="GO_CC_2016_02_16_test_Instance_27225" type="identity">
      <class id="GO:0005634" label="nucleus"/>
      <span end="28175" id="15207008-2579" start="28168">nuclear</span>
    </annotation>
    <annotation annotator="Mike Bada, University of Colorado Anschutz Medical Campus" id="GO_CC_2016_02_16_test_Instance_27227" type="identity">
      <class id="GO:0005813" label="centrosome"/>
      <span end="28376" id="15207008-2581" start="28366">centrosome</span>
    </annotation>
    <annotation annotator="" id="GO_CC_2016_02_16_Instance_20286" type="identity">
      <class id="GO:0072686" label="mitotic spindle"/>
      <span end="29036" id="15207008-2489" start="29021">mitotic spindle</span>
    </annotation>
    <annotation annotator="Mike Bada, University of Colorado Anschutz Medical Campus" id="GO_CC_2016_02_16_test_Instance_27231" type="identity">
      <class id="GO:0005813" label="centrosome"/>
      <span end="29052" id="15207008-2583" start="29041">centrosomal</span>
    </annotation>
    <annotation annotator="Mike Bada, University of Colorado Anschutz Medical Campus" id="GO_CC_2016_02_16_test_Instance_27233" type="identity">
      <class id="GO:0005874" label="microtubule"/>
      <span end="29363" id="15207008-2585" start="29352">microtubule</span>
    </annotation>
    <annotation annotator="Mike Bada, University of Colorado Anschutz Medical Campus" id="GO_CC_2016_02_16_test_Instance_27235" type="identity">
      <class id="GO:0005813" label="centrosome"/>
      <span end="29375" id="15207008-2587" start="29364">centrosomal</span>
    </annotation>
    <annotation annotator="Mike Bada, University of Colorado Anschutz Medical Campus" id="GO_CC_2016_02_16_test_Instance_27237" type="identity">
      <class id="GO:0005813" label="centrosome"/>
      <span end="29587" id="15207008-2589" start="29577">centrosome</span>
    </annotation>
    <annotation annotator="Mike Bada, University of Colorado Anschutz Medical Campus" id="GO_CC_2016_02_16_test_Instance_27239" type="identity">
      <class id="GO:0005813" label="centrosome"/>
      <span end="29655" id="15207008-2591" start="29645">centrosome</span>
    </annotation>
    <annotation annotator="" id="GO_CC_2016_02_16_Instance_20288" type="identity">
      <class id="GO:0072686" label="mitotic spindle"/>
      <span end="29675" id="15207008-2491" start="29660">mitotic spindle</span>
    </annotation>
    <annotation annotator="Mike Bada, University of Colorado Anschutz Medical Campus" id="GO_CC_2016_02_16_test_Instance_27243" type="identity">
      <class id="GO:0005634" label="nucleus"/>
      <span end="30207" id="15207008-2593" start="30200">nucleus</span>
    </annotation>
    <annotation annotator="Mike Bada, University of Colorado Anschutz Medical Campus" id="GO_CC_2016_02_16_test_Instance_27245" type="identity">
      <class id="GO:0005813" label="centrosome"/>
      <span end="30308" id="15207008-2595" start="30298">centrosome</span>
    </annotation>
    <annotation annotator="Mike Bada, University of Colorado Anschutz Medical Campus" id="GO_CC_2016_02_16_test_Instance_27247" type="identity">
      <class id="GO:0005874" label="microtubule"/>
      <span end="30324" id="15207008-2597" start="30313">microtubule</span>
    </annotation>
    <annotation annotator="Mike Bada, University of Colorado Anschutz Medical Campus" id="GO_CC_2016_02_16_test_Instance_27249" type="identity">
      <class id="GO:0005856" label="cytoskeleton"/>
      <span end="30833" id="15207008-2599" start="30821">cytoskeleton</span>
    </annotation>
    <annotation annotator="Mike Bada, University of Colorado Anschutz Medical Campus" id="GO_CC_2016_02_16_test_Instance_27251" type="identity">
      <class id="GO:0005874" label="microtubule"/>
      <span end="30849" id="15207008-2601" start="30838">microtubule</span>
    </annotation>
    <annotation annotator="Mike Bada, University of Colorado Anschutz Medical Campus" id="GO_CC_2016_02_16_test_Instance_27253" type="identity">
      <class id="GO:0005840" label="ribosome"/>
      <span end="30899" id="15207008-2603" start="30891">ribosome</span>
    </annotation>
    <annotation annotator="Mike Bada, University of Colorado Anschutz Medical Campus" id="GO_CC_2016_02_16_test_Instance_27255" type="identity">
      <class id="GO:0000785" label="chromatin"/>
      <span end="30934" id="15207008-2605" start="30925">chromatin</span>
    </annotation>
    <annotation annotator="Mike Bada, University of Colorado Anschutz Medical Campus" id="GO_CC_2016_02_16_test_Instance_27257" type="identity">
      <class id="GO:0005634" label="nucleus"/>
      <span end="31110" id="15207008-2607" start="31103">nuclear</span>
    </annotation>
    <annotation annotator="Mike Bada, University of Colorado Anschutz Medical Campus" id="GO_CC_2016_02_16_test_Instance_27259" type="identity">
      <class id="GO:0016514" label="SWI/SNF complex"/>
      <span end="31378" id="15207008-2609" start="31342">SWI/SNF chromatin remodeling complex</span>
    </annotation>
    <annotation annotator="Mike Bada, University of Colorado Anschutz Medical Campus" id="GO_CC_2016_02_16_test_Instance_27263" type="identity">
      <class id="GO:0000785" label="chromatin"/>
      <span end="32156" id="15207008-2611" start="32147">chromatin</span>
    </annotation>
    <annotation annotator="" id="GO_CC_2016_02_16_Instance_20290" type="identity">
      <class id="GO:0032991" label="macromolecular complex"/>
      <span end="32177" id="15207008-2493" start="32168">complexes</span>
    </annotation>
    <annotation annotator="Mike Bada, University of Colorado Anschutz Medical Campus" id="GO_CC_2016_02_16_test_Instance_27265" type="identity">
      <class id="GO:0016514" label="SWI/SNF complex"/>
      <span end="32186" id="15207008-2613" start="32179">SWI/SNF</span>
    </annotation>
    <annotation annotator="Mike Bada, University of Colorado Anschutz Medical Campus" id="GO_CC_2016_02_16_test_Instance_27267" type="identity">
      <class id="GO:0005634" label="nucleus"/>
      <span end="32438" id="15207008-2615" start="32431">nuclear</span>
    </annotation>
    <annotation annotator="Mike Bada, University of Colorado Anschutz Medical Campus" id="GO_CC_2016_02_16_test_Instance_27269" type="identity">
      <class id="GO:0005813" label="centrosome"/>
      <span end="34408" id="15207008-2617" start="34398">centrosome</span>
    </annotation>
    <annotation annotator="" id="GO_CC_2016_02_16_Instance_20292" type="identity">
      <class id="GO:0072686" label="mitotic spindle"/>
      <span end="34424" id="15207008-2495" start="34409">mitotic spindle</span>
    </annotation>
    <annotation annotator="Mike Bada, University of Colorado Anschutz Medical Campus" id="GO_CC_2016_02_16_test_Instance_27273" type="identity">
      <class id="GO:0043234" label="protein complex"/>
      <span end="34733" id="15207008-2619" start="34718">protein complex</span>
    </annotation>
    <annotation annotator="Mike Bada, University of Colorado Anschutz Medical Campus" id="GO_CC_2016_02_16_test_Instance_27275" type="identity">
      <class id="GO:0005813" label="centrosome"/>
      <span end="34821" id="15207008-2621" start="34811">centrosome</span>
    </annotation>
    <annotation annotator="" id="GO_CC_2016_02_16_Instance_20294" type="identity">
      <class id="GO:0072686" label="mitotic spindle"/>
      <span end="34857" id="15207008-2497" start="34842">mitotic spindle</span>
    </annotation>
    <annotation annotator="Mike Bada, University of Colorado Anschutz Medical Campus" id="GO_CC_2016_02_16_test_Instance_27279" type="identity">
      <class id="GO:0032991" label="macromolecular complex"/>
      <span end="35810" id="15207008-2623" start="35803">complex</span>
    </annotation>
    <annotation annotator="Mike Bada, University of Colorado Anschutz Medical Campus" id="GO_CC_2016_02_16_test_Instance_27281" type="identity">
      <class id="GO:0032991" label="macromolecular complex"/>
      <span end="35886" id="15207008-2625" start="35879">complex</span>
    </annotation>
    <annotation annotator="Mike Bada, University of Colorado Anschutz Medical Campus" id="GO_CC_2016_02_16_test_Instance_27283" type="identity">
      <class id="GO:0005634" label="nucleus"/>
      <span end="36655" id="15207008-2627" start="36648">nuclear</span>
    </annotation>
    <annotation annotator="Mike Bada, University of Colorado Anschutz Medical Campus" id="GO_CC_2016_02_16_test_Instance_27285" type="identity">
      <class id="GO:0016514" label="SWI/SNF complex"/>
      <span end="37498" id="15207008-2629" start="37462">SWI/SNF chromatin remodeling complex</span>
    </annotation>
    <annotation annotator="" id="GO_CC_2016_02_16_Instance_101535" type="identity">
      <class id="GO:0032991" label="macromolecular complex"/>
      <span end="37907" id="15207008-2430" start="37898">complexes</span>
    </annotation>
    <annotation annotator="Mike Bada, University of Colorado Anschutz Medical Campus" id="GO_CC_2016_02_16_test_Instance_27291" type="identity">
      <class id="GO:0032991" label="macromolecular complex"/>
      <span end="38401" id="15207008-2631" start="38394">complex</span>
    </annotation>
    <annotation annotator="Mike Bada, University of Colorado Anschutz Medical Campus" id="GO_CC_2016_02_16_test_Instance_27293" type="identity">
      <class id="GO:0005813" label="centrosome"/>
      <span end="39182" id="15207008-2633" start="39171">centrosomal</span>
    </annotation>
    <annotation annotator="" id="GO_CC_2016_02_16_Instance_20296" type="identity">
      <class id="GO:0072686" label="mitotic spindle"/>
      <span end="39198" id="15207008-2499" start="39183">mitotic spindle</span>
    </annotation>
    <annotation annotator="Mike Bada, University of Colorado Anschutz Medical Campus" id="GO_CC_2016_02_16_test_Instance_27297" type="identity">
      <class id="GO:0043234" label="protein complex"/>
      <span end="39467" id="15207008-2635" start="39450">protein complexes</span>
    </annotation>
    <annotation annotator="Mike Bada, University of Colorado Anschutz Medical Campus" id="GO_CC_2016_02_16_test_Instance_25531" type="identity">
      <class id="GO:0032991" label="macromolecular complex"/>
      <span end="39812" id="15207008-2523" start="39803">complexes</span>
    </annotation>
    <annotation annotator="Mike Bada, University of Colorado Anschutz Medical Campus" id="GO_CC_2016_02_16_test_Instance_27299" type="identity">
      <class id="GO:0005634" label="nucleus"/>
      <span end="39847" id="15207008-2637" start="39840">nuclear</span>
    </annotation>
    <annotation annotator="Mike Bada, University of Colorado Anschutz Medical Campus" id="GO_CC_2016_02_16_test_Instance_25543" type="identity">
      <class id="GO:0032991" label="macromolecular complex"/>
      <span end="39981" id="15207008-2525" start="39972">complexes</span>
    </annotation>
    <annotation annotator="Mike Bada, University of Colorado Anschutz Medical Campus" id="GO_CC_2016_02_16_test_Instance_27301" type="identity">
      <class id="GO:0005634" label="nucleus"/>
      <span end="40351" id="15207008-2639" start="40344">nuclear</span>
    </annotation>
    <annotation annotator="Mike Bada, University of Colorado Anschutz Medical Campus" id="GO_CC_2016_02_16_test_Instance_27303" type="identity">
      <class id="GO:0000785" label="chromatin"/>
      <span end="40477" id="15207008-2641" start="40468">chromatin</span>
    </annotation>
    <annotation annotator="Mike Bada, University of Colorado Anschutz Medical Campus" id="GO_CC_2016_02_16_test_Instance_12279" type="identity">
      <class id="CL_GO_EXT:cell" label="cell"/>
      <span end="40673" id="15207008-2515" start="40668">cells</span>
    </annotation>
    <annotation annotator="Mike Bada, University of Colorado Anschutz Medical Campus" id="GO_CC_2016_02_16_test_Instance_27305" type="identity">
      <class id="GO:0043234" label="protein complex"/>
      <span end="41079" id="15207008-2643" start="41062">protein complexes</span>
    </annotation>
    <annotation annotator="" id="GO_CC_2016_02_16_Instance_20298" type="identity">
      <class id="GO_UBERON_EXT:cellular_component_or_cell_part" label="cell component/part"/>
      <span end="41190" id="15207008-2501" start="41179">subcellular</span>
    </annotation>
    <annotation annotator="" id="GO_CC_2016_02_16_Instance_20300" type="identity">
      <class id="GO_SO_EXT:chromosomal_part_or_position_or_region_or_site" label="chromosomal part/position/region/site"/>
      <span end="42886" id="15207008-2503" start="42866">chromosomal segments</span>
    </annotation>
    <annotation annotator="Mike Bada, University of Colorado Anschutz Medical Campus" id="GO_CC_2016_02_16_test_Instance_12281" type="identity">
      <class id="CL_GO_EXT:cell" label="cell"/>
      <span end="44592" id="15207008-2517" start="44587">cells</span>
    </annotation>
    <annotation annotator="Mike Bada, University of Colorado Anschutz Medical Campus" id="GO_CC_2016_02_16_test_Instance_21363" type="identity">
      <class id="CL_GO_EXT:cell" label="cell"/>
      <span end="48597" id="15207008-2521" start="48592">Cells</span>
    </annotation>
    <annotation annotator="Mike Bada, University of Colorado Anschutz Medical Campus" id="GO_CC_2016_02_16_test_Instance_12283" type="identity">
      <class id="CL_GO_EXT:cell" label="cell"/>
      <span end="48751" id="15207008-2519" start="48746">cells</span>
    </annotation>
    <annotation annotator="Mike Bada, University of Colorado Anschutz Medical Campus" id="GO_CC_2016_02_16_test_Instance_27309" type="identity">
      <class id="GO_SO_EXT:chromosome" label="chromosome"/>
      <span end="50461" id="15207008-2645" start="50451">chromosome</span>
    </annotation>
    <annotation annotator="" id="GO_CC_2016_02_16_Instance_102231" type="identity">
      <class id="GO_SO_EXT:telomere_or_telomeric_region_or_telomeric_orientation" label="telomere, telomeric region or telomeric orientation"/>
      <span end="50517" id="15207008-2432" start="50509">telomere</span>
    </annotation>
    <annotation annotator="Mike Bada, University of Colorado Anschutz Medical Campus" id="GO_CC_2016_02_16_test_Instance_27311" type="identity">
      <class id="GO_SO_EXT:chromosome" label="chromosome"/>
      <span end="50552" id="15207008-2647" start="50542">chromosome</span>
    </annotation>
    <annotation annotator="" id="GO_CC_2016_02_16_Instance_20302" type="identity">
      <class id="GO_SO_EXT:chromosomal_part_or_position_or_region_or_site" label="chromosomal part/position/region/site"/>
      <span end="50685" id="15207008-2505" start="50664">segment on chromosome</span>
    </annotation>
    <annotation annotator="" id="GO_CC_2016_02_16_Instance_200252" type="identity">
      <class id="GO_SO_EXT:chromosomal_part_or_position_or_region_or_site" label="chromosomal part/position/region/site"/>
      <span end="50838" id="15207008-2458" start="50818">region on chromosome</span>
    </annotation>
    <annotation annotator="" id="GO_CC_2016_02_16_Instance_101435" type="identity">
      <class id="GO_SO_EXT:chromosome" label="chromosome"/>
      <span end="51353" id="15207008-2428" start="51342">chromosomal</span>
    </annotation>
    <graph-space id="Old Knowtator Relations"/>
  </document>
</knowtator-project>
