<?xml version="1.0" encoding="UTF-8" standalone="no"?>
<knowtator-project>
    <document id="15314659" text-file="15314659.txt">
        <annotation annotator="" id="GO_CC_2016_02_16_Instance_20420" type="identity">
            <class id="GO_SO_EXT:chromosomal_part_or_position_or_region_or_site" label="chromosomal part/position/region/site"/>
            <span end="1029" id="15314659-3060" start="1019">Chromosome</span>
            <span end="1039" id="15314659-3061" start="1032">segment</span>
        </annotation>
        <annotation annotator="Mike Bada, University of Colorado Anschutz Medical Campus" id="GO_CC_2016_02_16_test_Instance_27543" type="identity">
            <class id="GO:0005634" label="nucleus"/>
            <span end="1131" id="15314659-3202" start="1124">nuclear</span>
        </annotation>
        <annotation annotator="" id="GO_CC_2016_02_16_Instance_20422" type="identity">
            <class id="GO:0042571" label="immunoglobulin complex, circulating"/>
            <span end="1608" id="15314659-3063" start="1598">antibodies</span>
        </annotation>
        <annotation annotator="" id="GO_CC_2016_02_16_Instance_20424" type="identity">
            <class id="GO:0042571" label="immunoglobulin complex, circulating"/>
            <span end="1618" id="15314659-3065" start="1615">Abs</span>
        </annotation>
        <annotation annotator="" id="GO_CC_2016_02_16_Instance_20426" type="identity">
            <class id="GO_UBERON_EXT:cellular_component_or_cell_part" label="cell component/part"/>
            <span end="1685" id="15314659-3067" start="1674">subcellular</span>
        </annotation>
        <annotation annotator="Mike Bada, University of Colorado Anschutz Medical Campus" id="GO_CC_2016_02_16_test_Instance_27547" type="identity">
            <class id="GO:0005634" label="nucleus"/>
            <span end="1727" id="15314659-3204" start="1715">cell nucleus</span>
        </annotation>
        <annotation annotator="Mike Bada, University of Colorado Anschutz Medical Campus" id="GO_CC_2016_02_16_test_Instance_27549" type="identity">
            <class id="GO:0000806" label="Y chromosome"/>
            <span end="2636" id="15314659-3206" start="2624">Y chromosome</span>
        </annotation>
        <annotation annotator="" id="GO_CC_2016_02_16_Instance_200122" type="identity">
            <class id="GO_SO_EXT:chromosomal_part_or_position_or_region_or_site" label="chromosomal part/position/region/site"/>
            <span end="3157" id="15314659-3025" start="3137">chromosome locations</span>
        </annotation>
        <annotation annotator="" id="GO_CC_2016_02_16_Instance_200120" type="identity">
            <class id="GO_SO_EXT:chromosomal_part_or_position_or_region_or_site" label="chromosomal part/position/region/site"/>
            <span end="3339" id="15314659-3022" start="3332">loci on</span>
            <span end="3357" id="15314659-3023" start="3347">Chromosome</span>
        </annotation>
        <annotation annotator="Mike Bada, University of Colorado Anschutz Medical Campus" id="GO_CC_2016_02_16_test_Instance_27555" type="identity">
            <class id="GO_SO_EXT:chromosome" label="chromosome"/>
            <span end="5522" id="15314659-3208" start="5512">Chromosome</span>
        </annotation>
        <annotation annotator="" id="GO_CC_2016_02_16_Instance_101927" type="identity">
            <class id="GO_SO_EXT:centromere_or_centromeric_region_or_centromeric_orientation" label="centromere, centromeric region or centromeric orientation"/>
            <span end="5565" id="15314659-3018" start="5555">centromere</span>
        </annotation>
        <annotation annotator="Mike Bada, University of Colorado Anschutz Medical Campus" id="GO_CC_2016_02_16_test_Instance_12803" type="identity">
            <class id="CL_GO_EXT:cell" label="cell"/>
            <span end="6184" id="15314659-3182" start="6179">cells</span>
        </annotation>
        <annotation annotator="" id="GO_CC_2016_02_16_Instance_20432" type="identity">
            <class id="GO_SO_EXT:chromosomal_part_or_position_or_region_or_site" label="chromosomal part/position/region/site"/>
            <span end="6346" id="15314659-3069" start="6335">interval on</span>
            <span end="6364" id="15314659-3070" start="6354">Chromosome</span>
        </annotation>
        <annotation annotator="Mike Bada, University of Colorado Anschutz Medical Campus" id="GO_CC_2016_02_16_test_Instance_12805" type="identity">
            <class id="CL_GO_EXT:cell" label="cell"/>
            <span end="6530" id="15314659-3184" start="6525">cells</span>
        </annotation>
        <annotation annotator="" id="GO_CC_2016_02_16_Instance_20434" type="identity">
            <class id="GO:0042571" label="immunoglobulin complex, circulating"/>
            <span end="7665" id="15314659-3072" start="7662">Abs</span>
        </annotation>
        <annotation annotator="Mike Bada, University of Colorado Anschutz Medical Campus" id="GO_CC_2016_02_16_test_Instance_27563" type="identity">
            <class id="GO:0005634" label="nucleus"/>
            <span end="7871" id="15314659-3210" start="7864">nuclear</span>
        </annotation>
        <annotation annotator="" id="GO_CC_2016_02_16_Instance_20436" type="identity">
            <class id="GO:0042571" label="immunoglobulin complex, circulating"/>
            <span end="7875" id="15314659-3074" start="7872">Abs</span>
        </annotation>
        <annotation annotator="Mike Bada, University of Colorado Anschutz Medical Campus" id="GO_CC_2016_02_16_test_Instance_27567" type="identity">
            <class id="GO:0000785" label="chromatin"/>
            <span end="7901" id="15314659-3212" start="7892">chromatin</span>
        </annotation>
        <annotation annotator="" id="GO_CC_2016_02_16_Instance_20440" type="identity">
            <class id="GO:0042571" label="immunoglobulin complex, circulating"/>
            <span end="7904" id="15314659-3078" start="7902">Ab</span>
        </annotation>
        <annotation annotator="" id="GO_CC_2016_02_16_Instance_20438" type="identity">
            <class id="GO:0042571" label="immunoglobulin complex, circulating"/>
            <span end="8198" id="15314659-3076" start="8195">Abs</span>
        </annotation>
        <annotation annotator="Mike Bada, University of Colorado Anschutz Medical Campus" id="GO_CC_2016_02_16_test_Instance_27571" type="identity">
            <class id="GO:0030849" label="autosome"/>
            <span end="8704" id="15314659-3214" start="8695">autosomes</span>
        </annotation>
        <annotation annotator="" id="GO_CC_2016_02_16_Instance_20442" type="identity">
            <class id="GO_SO_EXT:chromosomal_part_or_position_or_region_or_site" label="chromosomal part/position/region/site"/>
            <span end="9081" id="15314659-3080" start="9071">Chromosome</span>
            <span end="9098" id="15314659-3081" start="9091">segment</span>
        </annotation>
        <annotation annotator="Mike Bada, University of Colorado Anschutz Medical Campus" id="GO_CC_2016_02_16_test_Instance_27575" type="identity">
            <class id="GO_SO_EXT:chromosome" label="chromosome"/>
            <span end="9237" id="15314659-3216" start="9226">Chromosomes</span>
        </annotation>
        <annotation annotator="" id="GO_CC_2016_02_16_Instance_20444" type="identity">
            <class id="GO_SO_EXT:chromosomal_part_or_position_or_region_or_site" label="chromosomal part/position/region/site"/>
            <span end="9412" id="15314659-3083" start="9389">intervals on Chromosome</span>
        </annotation>
        <annotation annotator="Mike Bada, University of Colorado Anschutz Medical Campus" id="GO_CC_2016_02_16_test_Instance_27581" type="identity">
            <class id="GO:0000785" label="chromatin"/>
            <span end="9597" id="15314659-3218" start="9588">chromatin</span>
        </annotation>
        <annotation annotator="" id="GO_CC_2016_02_16_Instance_20446" type="identity">
            <class id="GO:0042571" label="immunoglobulin complex, circulating"/>
            <span end="9600" id="15314659-3085" start="9598">Ab</span>
        </annotation>
        <annotation annotator="" id="GO_CC_2016_02_16_Instance_101437" type="identity">
            <class id="GO_SO_EXT:telomere_or_telomeric_region_or_telomeric_orientation" label="telomere, telomeric region or telomeric orientation"/>
            <span end="9692" id="15314659-3010" start="9662">telomeric region of Chromosome</span>
        </annotation>
        <annotation annotator="" id="GO_CC_2016_02_16_Instance_20448" type="identity">
            <class id="GO:0042571" label="immunoglobulin complex, circulating"/>
            <span end="9810" id="15314659-3087" start="9808">Ab</span>
        </annotation>
        <annotation annotator="" id="GO_CC_2016_02_16_Instance_20450" type="identity">
            <class id="GO_SO_EXT:chromosomal_part_or_position_or_region_or_site" label="chromosomal part/position/region/site"/>
            <span end="9869" id="15314659-3089" start="9847">segments on Chromosome</span>
        </annotation>
        <annotation annotator="Mike Bada, University of Colorado Anschutz Medical Campus" id="GO_CC_2016_02_16_test_Instance_27593" type="identity">
            <class id="GO:0000785" label="chromatin"/>
            <span end="10048" id="15314659-3220" start="10039">chromatin</span>
        </annotation>
        <annotation annotator="" id="GO_CC_2016_02_16_Instance_20452" type="identity">
            <class id="GO:0042571" label="immunoglobulin complex, circulating"/>
            <span end="10051" id="15314659-3091" start="10049">Ab</span>
        </annotation>
        <annotation annotator="" id="GO_CC_2016_02_16_Instance_20456" type="identity">
            <class id="GO:0042571" label="immunoglobulin complex, circulating"/>
            <span end="10261" id="15314659-3095" start="10258">Abs</span>
        </annotation>
        <annotation annotator="" id="GO_CC_2016_02_16_Instance_200126" type="identity">
            <class id="GO_SO_EXT:chromosomal_part_or_position_or_region_or_site" label="chromosomal part/position/region/site"/>
            <span end="10409" id="15314659-3027" start="10389">region of Chromosome</span>
        </annotation>
        <annotation annotator="Mike Bada, University of Colorado Anschutz Medical Campus" id="GO_CC_2016_02_16_test_Instance_27601" type="identity">
            <class id="GO:0000785" label="chromatin"/>
            <span end="10768" id="15314659-3222" start="10759">chromatin</span>
        </annotation>
        <annotation annotator="" id="GO_CC_2016_02_16_Instance_20454" type="identity">
            <class id="GO:0042571" label="immunoglobulin complex, circulating"/>
            <span end="10771" id="15314659-3093" start="10769">Ab</span>
        </annotation>
        <annotation annotator="" id="GO_CC_2016_02_16_Instance_200130" type="identity">
            <class id="GO_SO_EXT:chromosomal_part_or_position_or_region_or_site" label="chromosomal part/position/region/site"/>
            <span end="11790" id="15314659-3029" start="11771">locus on Chromosome</span>
        </annotation>
        <annotation annotator="Mike Bada, University of Colorado Anschutz Medical Campus" id="GO_CC_2016_02_16_test_Instance_27605" type="identity">
            <class id="GO:0000785" label="chromatin"/>
            <span end="11995" id="15314659-3224" start="11986">chromatin</span>
        </annotation>
        <annotation annotator="Mike Bada, University of Colorado Anschutz Medical Campus" id="GO_CC_2016_02_16_test_Instance_27607" type="identity">
            <class id="GO_SO_EXT:chromosome" label="chromosome"/>
            <span end="12506" id="15314659-3226" start="12496">Chromosome</span>
        </annotation>
        <annotation annotator="" id="GO_CC_2016_02_16_Instance_200134" type="identity">
            <class id="GO_SO_EXT:chromosomal_part_or_position_or_region_or_site" label="chromosomal part/position/region/site"/>
            <span end="12662" id="15314659-3031" start="12643">locus on Chromosome</span>
        </annotation>
        <annotation annotator="Mike Bada, University of Colorado Anschutz Medical Campus" id="GO_CC_2016_02_16_test_Instance_27611" type="identity">
            <class id="GO_SO_EXT:chromosome" label="chromosome"/>
            <span end="12922" id="15314659-3228" start="12912">Chromosome</span>
        </annotation>
        <annotation annotator="Mike Bada, University of Colorado Anschutz Medical Campus" id="GO_CC_2016_02_16_test_Instance_27613" type="identity">
            <class id="GO_SO_EXT:chromosome" label="chromosome"/>
            <span end="13054" id="15314659-3230" start="13044">Chromosome</span>
        </annotation>
        <annotation annotator="Mike Bada, University of Colorado Anschutz Medical Campus" id="GO_CC_2016_02_16_test_Instance_27615" type="identity">
            <class id="GO_SO_EXT:chromosome" label="chromosome"/>
            <span end="13443" id="15314659-3232" start="13433">Chromosome</span>
        </annotation>
        <annotation annotator="" id="GO_CC_2016_02_16_Instance_101439" type="identity">
            <class id="GO_SO_EXT:telomere_or_telomeric_region_or_telomeric_orientation" label="telomere, telomeric region or telomeric orientation"/>
            <span end="13569" id="15314659-3012" start="13539">telomeric region of Chromosome</span>
        </annotation>
        <annotation annotator="" id="GO_CC_2016_02_16_Instance_20464" type="identity">
            <class id="GO_SO_EXT:chromosomal_part_or_position_or_region_or_site" label="chromosomal part/position/region/site"/>
            <span end="13864" id="15314659-3097" start="13854">Chromosome</span>
            <span end="13875" id="15314659-3098" start="13867">interval</span>
        </annotation>
        <annotation annotator="Mike Bada, University of Colorado Anschutz Medical Campus" id="GO_CC_2016_02_16_test_Instance_27623" type="identity">
            <class id="GO_SO_EXT:chromosome" label="chromosome"/>
            <span end="14012" id="15314659-3234" start="14002">chromosome</span>
        </annotation>
        <annotation annotator="" id="GO_CC_2016_02_16_Instance_20466" type="identity">
            <class id="GO_SO_EXT:chromosomal_part_or_position_or_region_or_site" label="chromosomal part/position/region/site"/>
            <span end="14132" id="15314659-3100" start="14122">Chromosome</span>
            <span end="14143" id="15314659-3101" start="14135">interval</span>
        </annotation>
        <annotation annotator="Mike Bada, University of Colorado Anschutz Medical Campus" id="GO_CC_2016_02_16_test_Instance_27627" type="identity">
            <class id="GO_SO_EXT:chromosome" label="chromosome"/>
            <span end="14371" id="15314659-3236" start="14361">Chromosome</span>
        </annotation>
        <annotation annotator="" id="GO_CC_2016_02_16_Instance_20468" type="identity">
            <class id="GO:0042571" label="immunoglobulin complex, circulating"/>
            <span end="14935" id="15314659-3103" start="14932">Abs</span>
        </annotation>
        <annotation annotator="" id="GO_CC_2016_02_16_Instance_20470" type="identity">
            <class id="GO:0042571" label="immunoglobulin complex, circulating"/>
            <span end="15104" id="15314659-3105" start="15101">Abs</span>
        </annotation>
        <annotation annotator="" id="GO_CC_2016_02_16_Instance_20472" type="identity">
            <class id="GO:0042571" label="immunoglobulin complex, circulating"/>
            <span end="15281" id="15314659-3107" start="15278">Abs</span>
        </annotation>
        <annotation annotator="" id="GO_CC_2016_02_16_Instance_200138" type="identity">
            <class id="GO_SO_EXT:chromosomal_part_or_position_or_region_or_site" label="chromosomal part/position/region/site"/>
            <span end="15506" id="15314659-3033" start="15488">loci on Chromosome</span>
        </annotation>
        <annotation annotator="Mike Bada, University of Colorado Anschutz Medical Campus" id="GO_CC_2016_02_16_test_Instance_27637" type="identity">
            <class id="GO:0005634" label="nucleus"/>
            <span end="15586" id="15314659-3238" start="15579">nuclear</span>
        </annotation>
        <annotation annotator="" id="GO_CC_2016_02_16_Instance_200142" type="identity">
            <class id="GO_SO_EXT:chromosomal_part_or_position_or_region_or_site" label="chromosomal part/position/region/site"/>
            <span end="16512" id="15314659-3035" start="16502">portion of</span>
            <span end="16527" id="15314659-3036" start="16517">Chromosome</span>
        </annotation>
        <annotation annotator="Mike Bada, University of Colorado Anschutz Medical Campus" id="GO_CC_2016_02_16_test_Instance_27641" type="identity">
            <class id="GO:0005634" label="nucleus"/>
            <span end="16630" id="15314659-3240" start="16623">nuclear</span>
        </annotation>
        <annotation annotator="Mike Bada, University of Colorado Anschutz Medical Campus" id="GO_CC_2016_02_16_test_Instance_27643" type="identity">
            <class id="GO_SO_EXT:chromosome" label="chromosome"/>
            <span end="16673" id="15314659-3242" start="16663">Chromosome</span>
        </annotation>
        <annotation annotator="Mike Bada, University of Colorado Anschutz Medical Campus" id="GO_CC_2016_02_16_test_Instance_27645" type="identity">
            <class id="GO:0005634" label="nucleus"/>
            <span end="16906" id="15314659-3244" start="16899">nuclear</span>
        </annotation>
        <annotation annotator="" id="GO_CC_2016_02_16_Instance_200146" type="identity">
            <class id="GO_SO_EXT:chromosomal_part_or_position_or_region_or_site" label="chromosomal part/position/region/site"/>
            <span end="17080" id="15314659-3038" start="17070">Chromosome</span>
            <span end="17089" id="15314659-3039" start="17083">region</span>
        </annotation>
        <annotation annotator="Mike Bada, University of Colorado Anschutz Medical Campus" id="GO_CC_2016_02_16_test_Instance_12807" type="identity">
            <class id="CL_GO_EXT:cell" label="cell"/>
            <span end="17204" id="15314659-3186" start="17199">cells</span>
        </annotation>
        <annotation annotator="Mike Bada, University of Colorado Anschutz Medical Campus" id="GO_CC_2016_02_16_test_Instance_27649" type="identity">
            <class id="GO:0005634" label="nucleus"/>
            <span end="17386" id="15314659-3246" start="17379">nuclear</span>
        </annotation>
        <annotation annotator="" id="GO_CC_2016_02_16_Instance_20480" type="identity">
            <class id="GO:0042571" label="immunoglobulin complex, circulating"/>
            <span end="17807" id="15314659-3109" start="17805">Ab</span>
        </annotation>
        <annotation annotator="" id="GO_CC_2016_02_16_Instance_20482" type="identity">
            <class id="GO:0042571" label="immunoglobulin complex, circulating"/>
            <span end="18017" id="15314659-3111" start="18015">Ab</span>
        </annotation>
        <annotation annotator="Mike Bada, University of Colorado Anschutz Medical Campus" id="GO_CC_2016_02_16_test_Instance_27655" type="identity">
            <class id="GO:0000806" label="Y chromosome"/>
            <span end="18076" id="15314659-3248" start="18064">Y-chromosome</span>
        </annotation>
        <annotation annotator="" id="GO_CC_2016_02_16_Instance_20484" type="identity">
            <class id="GO:0042571" label="immunoglobulin complex, circulating"/>
            <span end="18160" id="15314659-3113" start="18157">Abs</span>
        </annotation>
        <annotation annotator="" id="GO_CC_2016_02_16_Instance_20486" type="identity">
            <class id="GO_SO_EXT:chromosomal_part_or_position_or_region_or_site" label="chromosomal part/position/region/site"/>
            <span end="20074" id="15314659-3115" start="20053">segment of Chromosome</span>
        </annotation>
        <annotation annotator="" id="GO_CC_2016_02_16_Instance_20488" type="identity">
            <class id="GO:0042571" label="immunoglobulin complex, circulating"/>
            <span end="20126" id="15314659-3117" start="20123">Abs</span>
        </annotation>
        <annotation annotator="Mike Bada, University of Colorado Anschutz Medical Campus" id="GO_CC_2016_02_16_test_Instance_27663" type="identity">
            <class id="GO:0005634" label="nucleus"/>
            <span end="20229" id="15314659-3250" start="20222">nuclear</span>
        </annotation>
        <annotation annotator="" id="GO_CC_2016_02_16_Instance_20490" type="identity">
            <class id="GO_SO_EXT:chromosomal_part_or_position_or_region_or_site" label="chromosomal part/position/region/site"/>
            <span end="20376" id="15314659-3119" start="20355">segment on Chromosome</span>
        </annotation>
        <annotation annotator="Mike Bada, University of Colorado Anschutz Medical Campus" id="GO_CC_2016_02_16_test_Instance_27667" type="identity">
            <class id="GO_SO_EXT:chromosome" label="chromosome"/>
            <span end="20431" id="15314659-3252" start="20421">Chromosome</span>
        </annotation>
        <annotation annotator="" id="GO_CC_2016_02_16_Instance_200152" type="identity">
            <class id="GO_SO_EXT:chromosomal_part_or_position_or_region_or_site" label="chromosomal part/position/region/site"/>
            <span end="20543" id="15314659-3041" start="20523">region on Chromosome</span>
        </annotation>
        <annotation annotator="" id="GO_CC_2016_02_16_Instance_200156" type="identity">
            <class id="GO_SO_EXT:chromosomal_part_or_position_or_region_or_site" label="chromosomal part/position/region/site"/>
            <span end="20667" id="15314659-3043" start="20646">portion of Chromosome</span>
        </annotation>
        <annotation annotator="" id="GO_CC_2016_02_16_Instance_200160" type="identity">
            <class id="GO_SO_EXT:chromosomal_part_or_position_or_region_or_site" label="chromosomal part/position/region/site"/>
            <span end="20794" id="15314659-3045" start="20774">region on Chromosome</span>
        </annotation>
        <annotation annotator="Mike Bada, University of Colorado Anschutz Medical Campus" id="GO_CC_2016_02_16_test_Instance_27675" type="identity">
            <class id="GO_SO_EXT:chromosome" label="chromosome"/>
            <span end="21459" id="15314659-3254" start="21449">Chromosome</span>
        </annotation>
        <annotation annotator="Mike Bada, University of Colorado Anschutz Medical Campus" id="GO_CC_2016_02_16_test_Instance_27677" type="identity">
            <class id="GO:0042611" label="MHC protein complex"/>
            <span end="21574" id="15314659-3256" start="21571">MHC</span>
        </annotation>
        <annotation annotator="" id="GO_CC_2016_02_16_Instance_101373" type="identity">
            <class id="GO_SO_EXT:telomere_or_telomeric_region_or_telomeric_orientation" label="telomere, telomeric region or telomeric orientation"/>
            <span end="21630" id="15314659-3005" start="21610">telomeric Chromosome</span>
            <span end="21640" id="15314659-3006" start="21633">segment</span>
        </annotation>
        <annotation annotator="" id="GO_CC_2016_02_16_Instance_200164" type="identity">
            <class id="GO_SO_EXT:chromosomal_part_or_position_or_region_or_site" label="chromosomal part/position/region/site"/>
            <span end="21867" id="15314659-3047" start="21858">region of</span>
            <span end="21884" id="15314659-3048" start="21874">Chromosome</span>
        </annotation>
        <annotation annotator="" id="GO_CC_2016_02_16_Instance_200168" type="identity">
            <class id="GO_SO_EXT:chromosomal_part_or_position_or_region_or_site" label="chromosomal part/position/region/site"/>
            <span end="21916" id="15314659-3050" start="21907">region on</span>
            <span end="21933" id="15314659-3051" start="21923">Chromosome</span>
        </annotation>
        <annotation annotator="Mike Bada, University of Colorado Anschutz Medical Campus" id="GO_CC_2016_02_16_test_Instance_27685" type="identity">
            <class id="GO:0000785" label="chromatin"/>
            <span end="22152" id="15314659-3258" start="22143">chromatin</span>
        </annotation>
        <annotation annotator="Mike Bada, University of Colorado Anschutz Medical Campus" id="GO_CC_2016_02_16_test_Instance_12809" type="identity">
            <class id="CL_GO_EXT:cell" label="cell"/>
            <span end="22173" id="15314659-3188" start="22168">cells</span>
        </annotation>
        <annotation annotator="Mike Bada, University of Colorado Anschutz Medical Campus" id="GO_CC_2016_02_16_test_Instance_27687" type="identity">
            <class id="GO:0000785" label="chromatin"/>
            <span end="22296" id="15314659-3260" start="22287">chromatin</span>
        </annotation>
        <annotation annotator="Mike Bada, University of Colorado Anschutz Medical Campus" id="GO_CC_2016_02_16_test_Instance_12811" type="identity">
            <class id="CL_GO_EXT:cell" label="cell"/>
            <span end="22316" id="15314659-3190" start="22311">cells</span>
        </annotation>
        <annotation annotator="" id="GO_CC_2016_02_16_Instance_101539" type="identity">
            <class id="GO:0032991" label="macromolecular complex"/>
            <span end="22537" id="15314659-3014" start="22530">complex</span>
        </annotation>
        <annotation annotator="Mike Bada, University of Colorado Anschutz Medical Campus" id="GO_CC_2016_02_16_test_Instance_27691" type="identity">
            <class id="GO:0000785" label="chromatin"/>
            <span end="22687" id="15314659-3262" start="22678">chromatin</span>
        </annotation>
        <annotation annotator="Mike Bada, University of Colorado Anschutz Medical Campus" id="GO_CC_2016_02_16_test_Instance_27697" type="identity">
            <class id="GO:0000785" label="chromatin"/>
            <span end="22793" id="15314659-3266" start="22784">chromatin</span>
        </annotation>
        <annotation annotator="" id="GO_CC_2016_02_16_Instance_20502" type="identity">
            <class id="GO:0042571" label="immunoglobulin complex, circulating"/>
            <span end="22796" id="15314659-3121" start="22794">Ab</span>
        </annotation>
        <annotation annotator="Mike Bada, University of Colorado Anschutz Medical Campus" id="GO_CC_2016_02_16_test_Instance_27695" type="identity">
            <class id="GO:0000785" label="chromatin"/>
            <span end="23297" id="15314659-3264" start="23288">chromatin</span>
        </annotation>
        <annotation annotator="" id="GO_CC_2016_02_16_Instance_20506" type="identity">
            <class id="GO:0042571" label="immunoglobulin complex, circulating"/>
            <span end="23300" id="15314659-3125" start="23298">Ab</span>
        </annotation>
        <annotation annotator="Mike Bada, University of Colorado Anschutz Medical Campus" id="GO_CC_2016_02_16_test_Instance_27701" type="identity">
            <class id="GO_SO_EXT:chromosome" label="chromosome"/>
            <span end="23426" id="15314659-3268" start="23416">Chromosome</span>
        </annotation>
        <annotation annotator="" id="GO_CC_2016_02_16_Instance_20504" type="identity">
            <class id="GO:0042571" label="immunoglobulin complex, circulating"/>
            <span end="23541" id="15314659-3123" start="23538">Abs</span>
        </annotation>
        <annotation annotator="" id="GO_CC_2016_02_16_Instance_101379" type="identity">
            <class id="GO_SO_EXT:telomere_or_telomeric_region_or_telomeric_orientation" label="telomere, telomeric region or telomeric orientation"/>
            <span end="23725" id="15314659-3008" start="23695">telomeric region of Chromosome</span>
        </annotation>
        <annotation annotator="" id="GO_CC_2016_02_16_Instance_20508" type="identity">
            <class id="GO_SO_EXT:chromosomal_part_or_position_or_region_or_site" label="chromosomal part/position/region/site"/>
            <span end="24156" id="15314659-3127" start="24146">Chromosome</span>
            <span end="24166" id="15314659-3128" start="24159">segment</span>
        </annotation>
        <annotation annotator="" id="GO_CC_2016_02_16_Instance_20510" type="identity">
            <class id="GO_SO_EXT:chromosomal_part_or_position_or_region_or_site" label="chromosomal part/position/region/site"/>
            <span end="24269" id="15314659-3130" start="24258">interval on</span>
            <span end="24287" id="15314659-3131" start="24277">Chromosome</span>
        </annotation>
        <annotation annotator="" id="GO_CC_2016_02_16_Instance_200172" type="identity">
            <class id="GO_SO_EXT:chromosomal_part_or_position_or_region_or_site" label="chromosomal part/position/region/site"/>
            <span end="24442" id="15314659-3053" start="24424">chromosomal region</span>
        </annotation>
        <annotation annotator="" id="GO_CC_2016_02_16_Instance_20514" type="identity">
            <class id="GO:0042571" label="immunoglobulin complex, circulating"/>
            <span end="24496" id="15314659-3133" start="24493">Abs</span>
        </annotation>
        <annotation annotator="Mike Bada, University of Colorado Anschutz Medical Campus" id="GO_CC_2016_02_16_test_Instance_12813" type="identity">
            <class id="CL_GO_EXT:cell" label="cell"/>
            <span end="24979" id="15314659-3192" start="24974">cells</span>
        </annotation>
        <annotation annotator="Mike Bada, University of Colorado Anschutz Medical Campus" id="GO_CC_2016_02_16_test_Instance_27717" type="identity">
            <class id="GO_SO_EXT:chromosome" label="chromosome"/>
            <span end="25345" id="15314659-3270" start="25335">Chromosome</span>
        </annotation>
        <annotation annotator="Mike Bada, University of Colorado Anschutz Medical Campus" id="GO_CC_2016_02_16_test_Instance_27719" type="identity">
            <class id="GO:0005634" label="nucleus"/>
            <span end="25408" id="15314659-3272" start="25401">nuclear</span>
        </annotation>
        <annotation annotator="" id="GO_CC_2016_02_16_Instance_101541" type="identity">
            <class id="GO:0032991" label="macromolecular complex"/>
            <span end="26134" id="15314659-3016" start="26125">complexes</span>
        </annotation>
        <annotation annotator="" id="GO_CC_2016_02_16_Instance_200176" type="identity">
            <class id="GO_SO_EXT:chromosomal_part_or_position_or_region_or_site" label="chromosomal part/position/region/site"/>
            <span end="26453" id="15314659-3055" start="26432">regions on Chromosome</span>
        </annotation>
        <annotation annotator="" id="GO_CC_2016_02_16_Instance_20518" type="identity">
            <class id="GO_SO_EXT:chromosomal_part_or_position_or_region_or_site" label="chromosomal part/position/region/site"/>
            <span end="28437" id="15314659-3135" start="28427">Chromosome</span>
            <span end="28448" id="15314659-3136" start="28440">interval</span>
        </annotation>
        <annotation annotator="" id="GO_CC_2016_02_16_Instance_20520" type="identity">
            <class id="GO:0042571" label="immunoglobulin complex, circulating"/>
            <span end="29387" id="15314659-3138" start="29384">Abs</span>
        </annotation>
        <annotation annotator="" id="GO_CC_2016_02_16_Instance_102079" type="identity">
            <class id="GO:0071735" label="IgG immunoglobulin complex"/>
            <span end="29402" id="15314659-3020" start="29399">IgG</span>
        </annotation>
        <annotation annotator="Mike Bada, University of Colorado Anschutz Medical Campus" id="GO_CC_2016_02_16_test_Instance_12815" type="identity">
            <class id="CL_GO_EXT:cell" label="cell"/>
            <span end="29467" id="15314659-3194" start="29462">cells</span>
        </annotation>
        <annotation annotator="" id="GO_CC_2016_02_16_Instance_20522" type="identity">
            <class id="GO:0042571" label="immunoglobulin complex, circulating"/>
            <span end="29487" id="15314659-3140" start="29484">Abs</span>
        </annotation>
        <annotation annotator="" id="GO_CC_2016_02_16_Instance_20524" type="identity">
            <class id="GO:0042571" label="immunoglobulin complex, circulating"/>
            <span end="29727" id="15314659-3142" start="29724">Abs</span>
        </annotation>
        <annotation annotator="Mike Bada, University of Colorado Anschutz Medical Campus" id="GO_CC_2016_02_16_test_Instance_27733" type="identity">
            <class id="GO:0000785" label="chromatin"/>
            <span end="29755" id="15314659-3274" start="29746">chromatin</span>
        </annotation>
        <annotation annotator="" id="GO_CC_2016_02_16_Instance_20526" type="identity">
            <class id="GO:0042571" label="immunoglobulin complex, circulating"/>
            <span end="30249" id="15314659-3144" start="30246">Abs</span>
        </annotation>
        <annotation annotator="Mike Bada, University of Colorado Anschutz Medical Campus" id="GO_CC_2016_02_16_test_Instance_27737" type="identity">
            <class id="GO:0030849" label="autosome"/>
            <span end="31916" id="15314659-3276" start="31907">autosomes</span>
        </annotation>
        <annotation annotator="" id="GO_CC_2016_02_16_Instance_20528" type="identity">
            <class id="GO:0042571" label="immunoglobulin complex, circulating"/>
            <span end="32464" id="15314659-3146" start="32461">Abs</span>
        </annotation>
        <annotation annotator="" id="GO_CC_2016_02_16_Instance_20530" type="identity">
            <class id="GO:0042571" label="immunoglobulin complex, circulating"/>
            <span end="33640" id="15314659-3148" start="33638">Ab</span>
        </annotation>
        <annotation annotator="" id="GO_CC_2016_02_16_Instance_20532" type="identity">
            <class id="GO:0042571" label="immunoglobulin complex, circulating"/>
            <span end="33651" id="15314659-3150" start="33643">antibody</span>
        </annotation>
        <annotation annotator="" id="GO_CC_2016_02_16_Instance_20536" type="identity">
            <class id="GO:0005634" label="nucleus"/>
            <span end="33671" id="15314659-3154" start="33664">nuclear</span>
        </annotation>
        <annotation annotator="" id="GO_CC_2016_02_16_Instance_20534" type="identity">
            <class id="GO:0042571" label="immunoglobulin complex, circulating"/>
            <span end="33680" id="15314659-3152" start="33672">antibody</span>
        </annotation>
        <annotation annotator="Mike Bada, University of Colorado Anschutz Medical Campus" id="GO_CC_2016_02_16_test_Instance_27747" type="identity">
            <class id="GO_SO_EXT:chromosome" label="chromosome"/>
            <span end="33989" id="15314659-3278" start="33979">Chromosome</span>
        </annotation>
        <annotation annotator="Mike Bada, University of Colorado Anschutz Medical Campus" id="GO_CC_2016_02_16_test_Instance_27751" type="identity">
            <class id="GO:0000785" label="chromatin"/>
            <span end="34019" id="15314659-3280" start="34010">Chromatin</span>
        </annotation>
        <annotation annotator="" id="GO_CC_2016_02_16_Instance_20538" type="identity">
            <class id="GO:0042571" label="immunoglobulin complex, circulating"/>
            <span end="34023" id="15314659-3156" start="34020">Abs</span>
        </annotation>
        <annotation annotator="Mike Bada, University of Colorado Anschutz Medical Campus" id="GO_CC_2016_02_16_test_Instance_27753" type="identity">
            <class id="GO_SO_EXT:chromosome" label="chromosome"/>
            <span end="34456" id="15314659-3282" start="34446">Chromosome</span>
        </annotation>
        <annotation annotator="" id="GO_CC_2016_02_16_Instance_20540" type="identity">
            <class id="GO:0042571" label="immunoglobulin complex, circulating"/>
            <span end="34478" id="15314659-3158" start="34475">Abs</span>
        </annotation>
        <annotation annotator="Mike Bada, University of Colorado Anschutz Medical Campus" id="GO_CC_2016_02_16_test_Instance_27757" type="identity">
            <class id="GO_SO_EXT:chromosome" label="chromosome"/>
            <span end="34994" id="15314659-3284" start="34984">Chromosome</span>
        </annotation>
        <annotation annotator="" id="GO_CC_2016_02_16_Instance_20542" type="identity">
            <class id="GO:0042571" label="immunoglobulin complex, circulating"/>
            <span end="35031" id="15314659-3160" start="35028">Abs</span>
        </annotation>
        <annotation annotator="Mike Bada, University of Colorado Anschutz Medical Campus" id="GO_CC_2016_02_16_test_Instance_27761" type="identity">
            <class id="GO_SO_EXT:chromosome" label="chromosome"/>
            <span end="35519" id="15314659-3286" start="35509">Chromosome</span>
        </annotation>
        <annotation annotator="Mike Bada, University of Colorado Anschutz Medical Campus" id="GO_CC_2016_02_16_test_Instance_27765" type="identity">
            <class id="GO:0000785" label="chromatin"/>
            <span end="35549" id="15314659-3288" start="35540">Chromatin</span>
        </annotation>
        <annotation annotator="" id="GO_CC_2016_02_16_Instance_20544" type="identity">
            <class id="GO:0042571" label="immunoglobulin complex, circulating"/>
            <span end="35553" id="15314659-3162" start="35550">Abs</span>
        </annotation>
        <annotation annotator="" id="GO_CC_2016_02_16_Instance_20546" type="identity">
            <class id="GO:0042571" label="immunoglobulin complex, circulating"/>
            <span end="35943" id="15314659-3164" start="35941">Ab</span>
        </annotation>
        <annotation annotator="" id="GO_CC_2016_02_16_Instance_200180" type="identity">
            <class id="GO_SO_EXT:chromosomal_part_or_position_or_region_or_site" label="chromosomal part/position/region/site"/>
            <span end="36336" id="15314659-3057" start="36326">Chromosome</span>
            <span end="36345" id="15314659-3058" start="36339">region</span>
        </annotation>
        <annotation annotator="Mike Bada, University of Colorado Anschutz Medical Campus" id="GO_CC_2016_02_16_test_Instance_27773" type="identity">
            <class id="GO:0000785" label="chromatin"/>
            <span end="36455" id="15314659-3290" start="36446">chromatin</span>
        </annotation>
        <annotation annotator="" id="GO_CC_2016_02_16_Instance_20548" type="identity">
            <class id="GO:0042571" label="immunoglobulin complex, circulating"/>
            <span end="36458" id="15314659-3166" start="36456">Ab</span>
        </annotation>
        <annotation annotator="Mike Bada, University of Colorado Anschutz Medical Campus" id="GO_CC_2016_02_16_test_Instance_27775" type="identity">
            <class id="GO_SO_EXT:chromosome" label="chromosome"/>
            <span end="36731" id="15314659-3292" start="36721">Chromosome</span>
        </annotation>
        <annotation annotator="Mike Bada, University of Colorado Anschutz Medical Campus" id="GO_CC_2016_02_16_test_Instance_27779" type="identity">
            <class id="GO:0000785" label="chromatin"/>
            <span end="36758" id="15314659-3294" start="36749">Chromatin</span>
        </annotation>
        <annotation annotator="" id="GO_CC_2016_02_16_Instance_20552" type="identity">
            <class id="GO:0042571" label="immunoglobulin complex, circulating"/>
            <span end="36778" id="15314659-3168" start="36775">Abs</span>
        </annotation>
        <annotation annotator="" id="GO_CC_2016_02_16_Instance_20554" type="identity">
            <class id="GO:0042571" label="immunoglobulin complex, circulating"/>
            <span end="37228" id="15314659-3170" start="37226">Ab</span>
        </annotation>
        <annotation annotator="Mike Bada, University of Colorado Anschutz Medical Campus" id="GO_CC_2016_02_16_test_Instance_27785" type="identity">
            <class id="GO:0000785" label="chromatin"/>
            <span end="37545" id="15314659-3296" start="37536">chromatin</span>
        </annotation>
        <annotation annotator="" id="GO_CC_2016_02_16_Instance_20558" type="identity">
            <class id="GO:0042571" label="immunoglobulin complex, circulating"/>
            <span end="37552" id="15314659-3174" start="37550">Ab</span>
        </annotation>
        <annotation annotator="" id="GO_CC_2016_02_16_Instance_20556" type="identity">
            <class id="GO:0042571" label="immunoglobulin complex, circulating"/>
            <span end="37605" id="15314659-3172" start="37603">Ab</span>
        </annotation>
        <annotation annotator="" id="GO_CC_2016_02_16_Instance_20560" type="identity">
            <class id="GO:0042571" label="immunoglobulin complex, circulating"/>
            <span end="37731" id="15314659-3176" start="37729">Ab</span>
        </annotation>
        <annotation annotator="Mike Bada, University of Colorado Anschutz Medical Campus" id="GO_CC_2016_02_16_test_Instance_27791" type="identity">
            <class id="GO_SO_EXT:chromosome" label="chromosome"/>
            <span end="38243" id="15314659-3298" start="38233">Chromosome</span>
        </annotation>
        <annotation annotator="Mike Bada, University of Colorado Anschutz Medical Campus" id="GO_CC_2016_02_16_test_Instance_27795" type="identity">
            <class id="GO:0000785" label="chromatin"/>
            <span end="38265" id="15314659-3300" start="38256">Chromatin</span>
        </annotation>
        <annotation annotator="" id="GO_CC_2016_02_16_Instance_20562" type="identity">
            <class id="GO:0042571" label="immunoglobulin complex, circulating"/>
            <span end="38284" id="15314659-3178" start="38281">Abs</span>
        </annotation>
        <annotation annotator="" id="GO_CC_2016_02_16_Instance_20564" type="identity">
            <class id="GO:0042571" label="immunoglobulin complex, circulating"/>
            <span end="38660" id="15314659-3180" start="38657">Abs</span>
        </annotation>
        <annotation annotator="Mike Bada, University of Colorado Anschutz Medical Campus" id="GO_CC_2016_02_16_test_Instance_24241" type="identity">
            <class id="GO_SO_EXT:chromosome" label="chromosome"/>
            <span end="39528" id="15314659-3196" start="39525">Chr</span>
        </annotation>
        <annotation annotator="Mike Bada, University of Colorado Anschutz Medical Campus" id="GO_CC_2016_02_16_test_Instance_24509" type="identity">
            <class id="GO_SO_EXT:chromosome" label="chromosome"/>
            <span end="39540" id="15314659-3198" start="39530">Chromosome</span>
        </annotation>
        <annotation annotator="Mike Bada, University of Colorado Anschutz Medical Campus" id="GO_CC_2016_02_16_test_Instance_24539" type="identity">
            <class id="GO_SO_EXT:chromosome" label="chromosome"/>
            <span end="39625" id="15314659-3200" start="39614">Chromosomes</span>
        </annotation>
        <graph-space id="Old Knowtator Relations"/>
    </document>
</knowtator-project>
