<?xml version="1.0" encoding="UTF-8" standalone="no"?>
<knowtator-project>
    <document id="15320950" text-file="15320950.txt">
        <annotation annotator="Mike Bada, University of Colorado Anschutz Medical Campus" id="GO_CC_2016_02_16_test_Instance_27799" type="identity">
            <class id="GO:0030849" label="autosome"/>
            <span end="178" id="15320950-3532" start="169">autosomal</span>
        </annotation>
        <annotation annotator="Mike Bada, University of Colorado Anschutz Medical Campus" id="GO_CC_2016_02_16_test_Instance_12819" type="identity">
            <class id="CL_GO_EXT:cell" label="cell"/>
            <span end="770" id="15320950-3340" start="765">cells</span>
        </annotation>
        <annotation annotator="Mike Bada, University of Colorado Anschutz Medical Campus" id="GO_CC_2016_02_16_test_Instance_27801" type="identity">
            <class id="GO:0016324" label="apical plasma membrane"/>
            <span end="990" id="15320950-3534" start="971">apical membranes of</span>
            <span end="1014" id="15320950-3535" start="1009">cells</span>
        </annotation>
        <annotation annotator="Mike Bada, University of Colorado Anschutz Medical Campus" id="GO_CC_2016_02_16_test_Instance_13017" type="identity">
            <class id="CL_GO_EXT:cell" label="cell"/>
            <span end="1039" id="15320950-3516" start="1034">cells</span>
        </annotation>
        <annotation annotator="Mike Bada, University of Colorado Anschutz Medical Campus" id="GO_CC_2016_02_16_test_Instance_13019" type="identity">
            <class id="CL_GO_EXT:cell" label="cell"/>
            <span end="1091" id="15320950-3518" start="1086">cells</span>
        </annotation>
        <annotation annotator="Mike Bada, University of Colorado Anschutz Medical Campus" id="GO_CC_2016_02_16_test_Instance_12821" type="identity">
            <class id="CL_GO_EXT:cell" label="cell"/>
            <span end="1321" id="15320950-3342" start="1317">cell</span>
        </annotation>
        <annotation annotator="Mike Bada, University of Colorado Anschutz Medical Campus" id="GO_CC_2016_02_16_test_Instance_12823" type="identity">
            <class id="CL_GO_EXT:cell" label="cell"/>
            <span end="1386" id="15320950-3344" start="1381">cells</span>
        </annotation>
        <annotation annotator="Mike Bada, University of Colorado Anschutz Medical Campus" id="GO_CC_2016_02_16_test_Instance_12825" type="identity">
            <class id="CL_GO_EXT:cell" label="cell"/>
            <span end="1484" id="15320950-3346" start="1480">cell</span>
        </annotation>
        <annotation annotator="Mike Bada, University of Colorado Anschutz Medical Campus" id="GO_CC_2016_02_16_test_Instance_12827" type="identity">
            <class id="CL_GO_EXT:cell" label="cell"/>
            <span end="1528" id="15320950-3348" start="1523">cells</span>
        </annotation>
        <annotation annotator="Mike Bada, University of Colorado Anschutz Medical Campus" id="GO_CC_2016_02_16_test_Instance_27805" type="identity">
            <class id="GO:0016020" label="membrane"/>
            <span end="1645" id="15320950-3537" start="1637">membrane</span>
        </annotation>
        <annotation annotator="Mike Bada, University of Colorado Anschutz Medical Campus" id="GO_CC_2016_02_16_test_Instance_27807" type="identity">
            <class id="GO:0005921" label="gap junction"/>
            <span end="1792" id="15320950-3539" start="1780">gap junction</span>
        </annotation>
        <annotation annotator="Mike Bada, University of Colorado Anschutz Medical Campus" id="GO_CC_2016_02_16_test_Instance_27809" type="identity">
            <class id="GO:0030849" label="autosome"/>
            <span end="2081" id="15320950-3541" start="2072">autosomal</span>
        </annotation>
        <annotation annotator="" id="GO_CC+extensions+nested_Instance_10012" type="identity">
            <class id="GO_UBERON_EXT:lumen" label="lumen"/>
            <span end="2547" id="15320950-3304" start="2542">lumen</span>
        </annotation>
        <annotation annotator="Mike Bada, University of Colorado Anschutz Medical Campus" id="GO_CC_2016_02_16_test_Instance_27811" type="identity">
            <class id="GO:0016324" label="apical plasma membrane"/>
            <span end="2619" id="15320950-3543" start="2601">apical membrane of</span>
            <span end="2650" id="15320950-3544" start="2645">cells</span>
        </annotation>
        <annotation annotator="" id="GO_CC_2016_02_16_Instance_20566" type="identity">
            <class id="GO:0042571" label="immunoglobulin complex, circulating"/>
            <span end="4016" id="15320950-3310" start="4008">antibody</span>
        </annotation>
        <annotation annotator="Mike Bada, University of Colorado Anschutz Medical Campus" id="GO_CC_2016_02_16_test_Instance_12831" type="identity">
            <class id="CL_GO_EXT:cell" label="cell"/>
            <span end="4666" id="15320950-3350" start="4662">cell</span>
        </annotation>
        <annotation annotator="" id="GO_CC_2016_02_16_Instance_20568" type="identity">
            <class id="GO:0042571" label="immunoglobulin complex, circulating"/>
            <span end="5907" id="15320950-3312" start="5897">antibodies</span>
        </annotation>
        <annotation annotator="" id="GO_CC_2016_02_16_Instance_20570" type="identity">
            <class id="GO:0042571" label="immunoglobulin complex, circulating"/>
            <span end="6382" id="15320950-3314" start="6372">antibodies</span>
        </annotation>
        <annotation annotator="Mike Bada, University of Colorado Anschutz Medical Campus" id="GO_CC_2016_02_16_test_Instance_27821" type="identity">
            <class id="GO:0005884" label="actin filament"/>
            <span end="6567" id="15320950-3546" start="6552">Actin filaments</span>
        </annotation>
        <annotation annotator="" id="GO_CC_2016_02_16_Instance_102686" type="identity">
            <class id="GO_EXT:dimer_macromolecular_complex" label="dimeric macromolecular complex"/>
            <span end="8689" id="15320950-3308" start="8683">dimers</span>
        </annotation>
        <annotation annotator="Mike Bada, University of Colorado Anschutz Medical Campus" id="GO_CC_2016_02_16_test_Instance_13021" type="identity">
            <class id="CL_GO_EXT:cell" label="cell"/>
            <span end="11836" id="15320950-3520" start="11831">cells</span>
        </annotation>
        <annotation annotator="" id="GO_CC_2016_02_16_Instance_20572" type="identity">
            <class id="GO:0042571" label="immunoglobulin complex, circulating"/>
            <span end="12140" id="15320950-3316" start="12132">antibody</span>
        </annotation>
        <annotation annotator="" id="GO_CC_2016_02_16_Instance_20574" type="identity">
            <class id="GO:0042571" label="immunoglobulin complex, circulating"/>
            <span end="12191" id="15320950-3318" start="12183">antibody</span>
        </annotation>
        <annotation annotator="Mike Bada, University of Colorado Anschutz Medical Campus" id="GO_CC_2016_02_16_test_Instance_12833" type="identity">
            <class id="CL_GO_EXT:cell" label="cell"/>
            <span end="12337" id="15320950-3352" start="12332">cells</span>
        </annotation>
        <annotation annotator="Mike Bada, University of Colorado Anschutz Medical Campus" id="GO_CC_2016_02_16_test_Instance_12835" type="identity">
            <class id="CL_GO_EXT:cell" label="cell"/>
            <span end="12407" id="15320950-3354" start="12402">cells</span>
        </annotation>
        <annotation annotator="Mike Bada, University of Colorado Anschutz Medical Campus" id="GO_CC_2016_02_16_test_Instance_27827" type="identity">
            <class id="GO:0016324" label="apical plasma membrane"/>
            <span end="12431" id="15320950-3548" start="12412">apical membranes of</span>
            <span end="12474" id="15320950-3549" start="12469">cells</span>
        </annotation>
        <annotation annotator="Mike Bada, University of Colorado Anschutz Medical Campus" id="GO_CC_2016_02_16_test_Instance_27831" type="identity">
            <class id="GO:0016324" label="apical plasma membrane"/>
            <span end="12501" id="15320950-3551" start="12482">apical membranes of</span>
            <span end="12522" id="15320950-3552" start="12517">cells</span>
        </annotation>
        <annotation annotator="Mike Bada, University of Colorado Anschutz Medical Campus" id="GO_CC_2016_02_16_test_Instance_12841" type="identity">
            <class id="CL_GO_EXT:cell" label="cell"/>
            <span end="12621" id="15320950-3356" start="12616">cells</span>
        </annotation>
        <annotation annotator="Mike Bada, University of Colorado Anschutz Medical Campus" id="GO_CC_2016_02_16_test_Instance_12843" type="identity">
            <class id="CL_GO_EXT:cell" label="cell"/>
            <span end="12647" id="15320950-3358" start="12642">cells</span>
        </annotation>
        <annotation annotator="Mike Bada, University of Colorado Anschutz Medical Campus" id="GO_CC_2016_02_16_test_Instance_12845" type="identity">
            <class id="CL_GO_EXT:cell" label="cell"/>
            <span end="12864" id="15320950-3360" start="12859">cells</span>
        </annotation>
        <annotation annotator="Mike Bada, University of Colorado Anschutz Medical Campus" id="GO_CC_2016_02_16_test_Instance_12847" type="identity">
            <class id="CL_GO_EXT:cell" label="cell"/>
            <span end="12949" id="15320950-3362" start="12944">cells</span>
        </annotation>
        <annotation annotator="Mike Bada, University of Colorado Anschutz Medical Campus" id="GO_CC_2016_02_16_test_Instance_27835" type="identity">
            <class id="GO:0031941" label="filamentous actin"/>
            <span end="13261" id="15320950-3554" start="13254">F actin</span>
        </annotation>
        <annotation annotator="Mike Bada, University of Colorado Anschutz Medical Campus" id="GO_CC_2016_02_16_test_Instance_12849" type="identity">
            <class id="CL_GO_EXT:cell" label="cell"/>
            <span end="13543" id="15320950-3364" start="13538">cells</span>
        </annotation>
        <annotation annotator="Mike Bada, University of Colorado Anschutz Medical Campus" id="GO_CC_2016_02_16_test_Instance_12851" type="identity">
            <class id="CL_GO_EXT:cell" label="cell"/>
            <span end="13571" id="15320950-3366" start="13566">cells</span>
        </annotation>
        <annotation annotator="Mike Bada, University of Colorado Anschutz Medical Campus" id="GO_CC_2016_02_16_test_Instance_12853" type="identity">
            <class id="CL_GO_EXT:cell" label="cell"/>
            <span end="13651" id="15320950-3368" start="13646">cells</span>
        </annotation>
        <annotation annotator="Mike Bada, University of Colorado Anschutz Medical Campus" id="GO_CC_2016_02_16_test_Instance_12855" type="identity">
            <class id="CL_GO_EXT:cell" label="cell"/>
            <span end="13691" id="15320950-3370" start="13686">cells</span>
        </annotation>
        <annotation annotator="Mike Bada, University of Colorado Anschutz Medical Campus" id="GO_CC_2016_02_16_test_Instance_12857" type="identity">
            <class id="CL_GO_EXT:cell" label="cell"/>
            <span end="13707" id="15320950-3372" start="13702">cells</span>
        </annotation>
        <annotation annotator="Mike Bada, University of Colorado Anschutz Medical Campus" id="GO_CC_2016_02_16_test_Instance_12859" type="identity">
            <class id="CL_GO_EXT:cell" label="cell"/>
            <span end="13742" id="15320950-3374" start="13737">cells</span>
        </annotation>
        <annotation annotator="Mike Bada, University of Colorado Anschutz Medical Campus" id="GO_CC_2016_02_16_test_Instance_12861" type="identity">
            <class id="CL_GO_EXT:cell" label="cell"/>
            <span end="13770" id="15320950-3376" start="13765">cells</span>
        </annotation>
        <annotation annotator="Mike Bada, University of Colorado Anschutz Medical Campus" id="GO_CC_2016_02_16_test_Instance_12863" type="identity">
            <class id="CL_GO_EXT:cell" label="cell"/>
            <span end="13806" id="15320950-3378" start="13801">cells</span>
        </annotation>
        <annotation annotator="Mike Bada, University of Colorado Anschutz Medical Campus" id="GO_CC_2016_02_16_test_Instance_12865" type="identity">
            <class id="CL_GO_EXT:cell" label="cell"/>
            <span end="13834" id="15320950-3380" start="13829">cells</span>
        </annotation>
        <annotation annotator="Mike Bada, University of Colorado Anschutz Medical Campus" id="GO_CC_2016_02_16_test_Instance_12867" type="identity">
            <class id="CL_GO_EXT:cell" label="cell"/>
            <span end="13855" id="15320950-3382" start="13850">cells</span>
        </annotation>
        <annotation annotator="" id="GO_CC_2016_02_16_Instance_20578" type="identity">
            <class id="GO_EXT:tight_junction" label="tight junction"/>
            <span end="13918" id="15320950-3320" start="13903">tight junctions</span>
        </annotation>
        <annotation annotator="Mike Bada, University of Colorado Anschutz Medical Campus" id="GO_CC_2016_02_16_test_Instance_12869" type="identity">
            <class id="CL_GO_EXT:cell" label="cell"/>
            <span end="13948" id="15320950-3384" start="13943">cells</span>
        </annotation>
        <annotation annotator="Mike Bada, University of Colorado Anschutz Medical Campus" id="GO_CC_2016_02_16_test_Instance_12871" type="identity">
            <class id="CL_GO_EXT:cell" label="cell"/>
            <span end="14010" id="15320950-3386" start="14005">cells</span>
        </annotation>
        <annotation annotator="Mike Bada, University of Colorado Anschutz Medical Campus" id="GO_CC_2016_02_16_test_Instance_12873" type="identity">
            <class id="CL_GO_EXT:cell" label="cell"/>
            <span end="14121" id="15320950-3388" start="14116">cells</span>
        </annotation>
        <annotation annotator="" id="GO_CC_2016_02_16_Instance_20580" type="identity">
            <class id="GO_EXT:tight_junction" label="tight junction"/>
            <span end="14149" id="15320950-3322" start="14135">tight junction</span>
        </annotation>
        <annotation annotator="Mike Bada, University of Colorado Anschutz Medical Campus" id="GO_CC_2016_02_16_test_Instance_12875" type="identity">
            <class id="CL_GO_EXT:cell" label="cell"/>
            <span end="14181" id="15320950-3390" start="14176">cells</span>
        </annotation>
        <annotation annotator="Mike Bada, University of Colorado Anschutz Medical Campus" id="GO_CC_2016_02_16_test_Instance_12877" type="identity">
            <class id="CL_GO_EXT:cell" label="cell"/>
            <span end="14329" id="15320950-3392" start="14324">cells</span>
        </annotation>
        <annotation annotator="Mike Bada, University of Colorado Anschutz Medical Campus" id="GO_CC_2016_02_16_test_Instance_12879" type="identity">
            <class id="CL_GO_EXT:cell" label="cell"/>
            <span end="14365" id="15320950-3394" start="14360">cells</span>
        </annotation>
        <annotation annotator="Mike Bada, University of Colorado Anschutz Medical Campus" id="GO_CC_2016_02_16_test_Instance_12881" type="identity">
            <class id="CL_GO_EXT:cell" label="cell"/>
            <span end="14419" id="15320950-3396" start="14414">cells</span>
        </annotation>
        <annotation annotator="Mike Bada, University of Colorado Anschutz Medical Campus" id="GO_CC_2016_02_16_test_Instance_12883" type="identity">
            <class id="CL_GO_EXT:cell" label="cell"/>
            <span end="14614" id="15320950-3398" start="14609">cells</span>
        </annotation>
        <annotation annotator="Mike Bada, University of Colorado Anschutz Medical Campus" id="GO_CC_2016_02_16_test_Instance_27841" type="identity">
            <class id="GO:0016324" label="apical plasma membrane"/>
            <span end="14750" id="15320950-3556" start="14732">apical membrane of</span>
            <span end="14780" id="15320950-3557" start="14775">cells</span>
        </annotation>
        <annotation annotator="Mike Bada, University of Colorado Anschutz Medical Campus" id="GO_CC_2016_02_16_test_Instance_12887" type="identity">
            <class id="CL_GO_EXT:cell" label="cell"/>
            <span end="14940" id="15320950-3400" start="14935">cells</span>
        </annotation>
        <annotation annotator="Mike Bada, University of Colorado Anschutz Medical Campus" id="GO_CC_2016_02_16_test_Instance_12889" type="identity">
            <class id="CL_GO_EXT:cell" label="cell"/>
            <span end="14986" id="15320950-3402" start="14981">cells</span>
        </annotation>
        <annotation annotator="Mike Bada, University of Colorado Anschutz Medical Campus" id="GO_CC_2016_02_16_test_Instance_12891" type="identity">
            <class id="CL_GO_EXT:cell" label="cell"/>
            <span end="15016" id="15320950-3404" start="15011">cells</span>
        </annotation>
        <annotation annotator="" id="GO_CC_2016_02_16_Instance_101613" type="identity">
            <class id="GO:0016324" label="apical plasma membrane"/>
            <span end="15110" id="15320950-3306" start="15094">apical membranes</span>
        </annotation>
        <annotation annotator="Mike Bada, University of Colorado Anschutz Medical Campus" id="GO_CC_2016_02_16_test_Instance_12893" type="identity">
            <class id="CL_GO_EXT:cell" label="cell"/>
            <span end="15504" id="15320950-3406" start="15499">cells</span>
        </annotation>
        <annotation annotator="Mike Bada, University of Colorado Anschutz Medical Campus" id="GO_CC_2016_02_16_test_Instance_12895" type="identity">
            <class id="CL_GO_EXT:cell" label="cell"/>
            <span end="15716" id="15320950-3408" start="15711">cells</span>
        </annotation>
        <annotation annotator="Mike Bada, University of Colorado Anschutz Medical Campus" id="GO_CC_2016_02_16_test_Instance_12897" type="identity">
            <class id="CL_GO_EXT:cell" label="cell"/>
            <span end="15844" id="15320950-3410" start="15840">cell</span>
        </annotation>
        <annotation annotator="Mike Bada, University of Colorado Anschutz Medical Campus" id="GO_CC_2016_02_16_test_Instance_12899" type="identity">
            <class id="CL_GO_EXT:cell" label="cell"/>
            <span end="16792" id="15320950-3412" start="16787">cells</span>
        </annotation>
        <annotation annotator="Mike Bada, University of Colorado Anschutz Medical Campus" id="GO_CC_2016_02_16_test_Instance_12901" type="identity">
            <class id="CL_GO_EXT:cell" label="cell"/>
            <span end="17675" id="15320950-3414" start="17671">cell</span>
        </annotation>
        <annotation annotator="Mike Bada, University of Colorado Anschutz Medical Campus" id="GO_CC_2016_02_16_test_Instance_12903" type="identity">
            <class id="CL_GO_EXT:cell" label="cell"/>
            <span end="17758" id="15320950-3416" start="17753">cells</span>
        </annotation>
        <annotation annotator="Mike Bada, University of Colorado Anschutz Medical Campus" id="GO_CC_2016_02_16_test_Instance_12905" type="identity">
            <class id="CL_GO_EXT:cell" label="cell"/>
            <span end="17799" id="15320950-3418" start="17794">cells</span>
        </annotation>
        <annotation annotator="Mike Bada, University of Colorado Anschutz Medical Campus" id="GO_CC_2016_02_16_test_Instance_27849" type="identity">
            <class id="GO:0005921" label="gap junction"/>
            <span end="17834" id="15320950-3559" start="17821">gap junctions</span>
        </annotation>
        <annotation annotator="Mike Bada, University of Colorado Anschutz Medical Campus" id="GO_CC_2016_02_16_test_Instance_12907" type="identity">
            <class id="CL_GO_EXT:cell" label="cell"/>
            <span end="17855" id="15320950-3420" start="17850">cells</span>
        </annotation>
        <annotation annotator="Mike Bada, University of Colorado Anschutz Medical Campus" id="GO_CC_2016_02_16_test_Instance_12909" type="identity">
            <class id="CL_GO_EXT:cell" label="cell"/>
            <span end="18178" id="15320950-3422" start="18173">cells</span>
        </annotation>
        <annotation annotator="Mike Bada, University of Colorado Anschutz Medical Campus" id="GO_CC_2016_02_16_test_Instance_12911" type="identity">
            <class id="CL_GO_EXT:cell" label="cell"/>
            <span end="18246" id="15320950-3424" start="18241">cells</span>
        </annotation>
        <annotation annotator="Mike Bada, University of Colorado Anschutz Medical Campus" id="GO_CC_2016_02_16_test_Instance_12913" type="identity">
            <class id="CL_GO_EXT:cell" label="cell"/>
            <span end="18331" id="15320950-3426" start="18326">cells</span>
        </annotation>
        <annotation annotator="Mike Bada, University of Colorado Anschutz Medical Campus" id="GO_CC_2016_02_16_test_Instance_12915" type="identity">
            <class id="CL_GO_EXT:cell" label="cell"/>
            <span end="18504" id="15320950-3428" start="18499">cells</span>
        </annotation>
        <annotation annotator="Mike Bada, University of Colorado Anschutz Medical Campus" id="GO_CC_2016_02_16_test_Instance_12917" type="identity">
            <class id="CL_GO_EXT:cell" label="cell"/>
            <span end="19842" id="15320950-3430" start="19837">cells</span>
        </annotation>
        <annotation annotator="Mike Bada, University of Colorado Anschutz Medical Campus" id="GO_CC_2016_02_16_test_Instance_12919" type="identity">
            <class id="CL_GO_EXT:cell" label="cell"/>
            <span end="19941" id="15320950-3432" start="19936">cells</span>
        </annotation>
        <annotation annotator="Mike Bada, University of Colorado Anschutz Medical Campus" id="GO_CC_2016_02_16_test_Instance_12921" type="identity">
            <class id="CL_GO_EXT:cell" label="cell"/>
            <span end="21478" id="15320950-3434" start="21473">cells</span>
        </annotation>
        <annotation annotator="Mike Bada, University of Colorado Anschutz Medical Campus" id="GO_CC_2016_02_16_test_Instance_12923" type="identity">
            <class id="CL_GO_EXT:cell" label="cell"/>
            <span end="22259" id="15320950-3436" start="22254">cells</span>
        </annotation>
        <annotation annotator="Mike Bada, University of Colorado Anschutz Medical Campus" id="GO_CC_2016_02_16_test_Instance_12925" type="identity">
            <class id="CL_GO_EXT:cell" label="cell"/>
            <span end="22841" id="15320950-3438" start="22836">cells</span>
        </annotation>
        <annotation annotator="" id="GO_CC_2016_02_16_Instance_20586" type="identity">
            <class id="GO_EXT:tight_junction" label="tight junction"/>
            <span end="23444" id="15320950-3324" start="23429">tight junctions</span>
        </annotation>
        <annotation annotator="Mike Bada, University of Colorado Anschutz Medical Campus" id="GO_CC_2016_02_16_test_Instance_12927" type="identity">
            <class id="CL_GO_EXT:cell" label="cell"/>
            <span end="23462" id="15320950-3440" start="23457">cells</span>
        </annotation>
        <annotation annotator="" id="GO_CC_2016_02_16_Instance_20588" type="identity">
            <class id="GO_EXT:tight_junction" label="tight junction"/>
            <span end="23494" id="15320950-3326" start="23479">Tight junctions</span>
        </annotation>
        <annotation annotator="Mike Bada, University of Colorado Anschutz Medical Campus" id="GO_CC_2016_02_16_test_Instance_27855" type="identity">
            <class id="GO:0031941" label="filamentous actin"/>
            <span end="23521" id="15320950-3561" start="23514">F-actin</span>
        </annotation>
        <annotation annotator="Mike Bada, University of Colorado Anschutz Medical Campus" id="GO_CC_2016_02_16_test_Instance_12929" type="identity">
            <class id="CL_GO_EXT:cell" label="cell"/>
            <span end="23548" id="15320950-3442" start="23543">cells</span>
        </annotation>
        <annotation annotator="Mike Bada, University of Colorado Anschutz Medical Campus" id="GO_CC_2016_02_16_test_Instance_27857" type="identity">
            <class id="GO:0009986" label="cell surface"/>
            <span end="23831" id="15320950-3563" start="23821">surface of</span>
            <span end="23846" id="15320950-3564" start="23841">cells</span>
        </annotation>
        <annotation annotator="Mike Bada, University of Colorado Anschutz Medical Campus" id="GO_CC_2016_02_16_test_Instance_13023" type="identity">
            <class id="CL_GO_EXT:cell" label="cell"/>
            <span end="24595" id="15320950-3522" start="24591">cell</span>
        </annotation>
        <annotation annotator="" id="GO_CC_2016_02_16_Instance_20590" type="identity">
            <class id="GO_EXT:tight_junction" label="tight junction"/>
            <span end="24643" id="15320950-3328" start="24628">Tight junctions</span>
        </annotation>
        <annotation annotator="Mike Bada, University of Colorado Anschutz Medical Campus" id="GO_CC_2016_02_16_test_Instance_27861" type="identity">
            <class id="GO:0031941" label="filamentous actin"/>
            <span end="24670" id="15320950-3566" start="24663">F actin</span>
        </annotation>
        <annotation annotator="Mike Bada, University of Colorado Anschutz Medical Campus" id="GO_CC_2016_02_16_test_Instance_12933" type="identity">
            <class id="CL_GO_EXT:cell" label="cell"/>
            <span end="24743" id="15320950-3444" start="24739">cell</span>
        </annotation>
        <annotation annotator="Mike Bada, University of Colorado Anschutz Medical Campus" id="GO_CC_2016_02_16_test_Instance_12935" type="identity">
            <class id="CL_GO_EXT:cell" label="cell"/>
            <span end="24780" id="15320950-3446" start="24776">cell</span>
        </annotation>
        <annotation annotator="Mike Bada, University of Colorado Anschutz Medical Campus" id="GO_CC_2016_02_16_test_Instance_27863" type="identity">
            <class id="GO:0031941" label="filamentous actin"/>
            <span end="24939" id="15320950-3568" start="24932">F actin</span>
        </annotation>
        <annotation annotator="Mike Bada, University of Colorado Anschutz Medical Campus" id="GO_CC_2016_02_16_test_Instance_27865" type="identity">
            <class id="GO:0048770" label="pigment granule"/>
            <span end="24993" id="15320950-3570" start="24977">pigment granules</span>
        </annotation>
        <annotation annotator="Mike Bada, University of Colorado Anschutz Medical Campus" id="GO_CC_2016_02_16_test_Instance_12937" type="identity">
            <class id="CL_GO_EXT:cell" label="cell"/>
            <span end="25065" id="15320950-3448" start="25061">cell</span>
        </annotation>
        <annotation annotator="Mike Bada, University of Colorado Anschutz Medical Campus" id="GO_CC_2016_02_16_test_Instance_12939" type="identity">
            <class id="CL_GO_EXT:cell" label="cell"/>
            <span end="25110" id="15320950-3450" start="25106">cell</span>
        </annotation>
        <annotation annotator="Mike Bada, University of Colorado Anschutz Medical Campus" id="GO_CC_2016_02_16_test_Instance_12941" type="identity">
            <class id="CL_GO_EXT:cell" label="cell"/>
            <span end="25160" id="15320950-3452" start="25156">cell</span>
        </annotation>
        <annotation annotator="Mike Bada, University of Colorado Anschutz Medical Campus" id="GO_CC_2016_02_16_test_Instance_12943" type="identity">
            <class id="CL_GO_EXT:cell" label="cell"/>
            <span end="25185" id="15320950-3454" start="25181">cell</span>
        </annotation>
        <annotation annotator="Mike Bada, University of Colorado Anschutz Medical Campus" id="GO_CC_2016_02_16_test_Instance_12945" type="identity">
            <class id="CL_GO_EXT:cell" label="cell"/>
            <span end="25412" id="15320950-3456" start="25408">cell</span>
        </annotation>
        <annotation annotator="Mike Bada, University of Colorado Anschutz Medical Campus" id="GO_CC_2016_02_16_test_Instance_12947" type="identity">
            <class id="CL_GO_EXT:cell" label="cell"/>
            <span end="25440" id="15320950-3458" start="25436">cell</span>
        </annotation>
        <annotation annotator="Mike Bada, University of Colorado Anschutz Medical Campus" id="GO_CC_2016_02_16_test_Instance_13025" type="identity">
            <class id="CL_GO_EXT:cell" label="cell"/>
            <span end="25589" id="15320950-3524" start="25585">cell</span>
        </annotation>
        <annotation annotator="" id="GO_CC_2016_02_16_Instance_20592" type="identity">
            <class id="GO_EXT:tight_junction" label="tight junction"/>
            <span end="25649" id="15320950-3330" start="25634">Tight junctions</span>
        </annotation>
        <annotation annotator="Mike Bada, University of Colorado Anschutz Medical Campus" id="GO_CC_2016_02_16_test_Instance_27869" type="identity">
            <class id="GO:0031941" label="filamentous actin"/>
            <span end="25676" id="15320950-3572" start="25669">F actin</span>
        </annotation>
        <annotation annotator="Mike Bada, University of Colorado Anschutz Medical Campus" id="GO_CC_2016_02_16_test_Instance_12949" type="identity">
            <class id="CL_GO_EXT:cell" label="cell"/>
            <span end="25813" id="15320950-3460" start="25809">cell</span>
        </annotation>
        <annotation annotator="Mike Bada, University of Colorado Anschutz Medical Campus" id="GO_CC_2016_02_16_test_Instance_12951" type="identity">
            <class id="CL_GO_EXT:cell" label="cell"/>
            <span end="25832" id="15320950-3462" start="25828">cell</span>
        </annotation>
        <annotation annotator="Mike Bada, University of Colorado Anschutz Medical Campus" id="GO_CC_2016_02_16_test_Instance_27871" type="identity">
            <class id="GO:0031941" label="filamentous actin"/>
            <span end="25932" id="15320950-3574" start="25925">F actin</span>
        </annotation>
        <annotation annotator="Mike Bada, University of Colorado Anschutz Medical Campus" id="GO_CC_2016_02_16_test_Instance_12953" type="identity">
            <class id="CL_GO_EXT:cell" label="cell"/>
            <span end="26039" id="15320950-3464" start="26035">cell</span>
        </annotation>
        <annotation annotator="Mike Bada, University of Colorado Anschutz Medical Campus" id="GO_CC_2016_02_16_test_Instance_12955" type="identity">
            <class id="CL_GO_EXT:cell" label="cell"/>
            <span end="26076" id="15320950-3466" start="26072">cell</span>
        </annotation>
        <annotation annotator="Mike Bada, University of Colorado Anschutz Medical Campus" id="GO_CC_2016_02_16_test_Instance_12957" type="identity">
            <class id="CL_GO_EXT:cell" label="cell"/>
            <span end="26228" id="15320950-3468" start="26224">cell</span>
        </annotation>
        <annotation annotator="Mike Bada, University of Colorado Anschutz Medical Campus" id="GO_CC_2016_02_16_test_Instance_12959" type="identity">
            <class id="CL_GO_EXT:cell" label="cell"/>
            <span end="26271" id="15320950-3470" start="26267">cell</span>
        </annotation>
        <annotation annotator="Mike Bada, University of Colorado Anschutz Medical Campus" id="GO_CC_2016_02_16_test_Instance_12961" type="identity">
            <class id="CL_GO_EXT:cell" label="cell"/>
            <span end="26316" id="15320950-3472" start="26312">cell</span>
        </annotation>
        <annotation annotator="Mike Bada, University of Colorado Anschutz Medical Campus" id="GO_CC_2016_02_16_test_Instance_12963" type="identity">
            <class id="CL_GO_EXT:cell" label="cell"/>
            <span end="26342" id="15320950-3474" start="26338">cell</span>
        </annotation>
        <annotation annotator="Mike Bada, University of Colorado Anschutz Medical Campus" id="GO_CC_2016_02_16_test_Instance_12965" type="identity">
            <class id="CL_GO_EXT:cell" label="cell"/>
            <span end="26479" id="15320950-3476" start="26475">cell</span>
        </annotation>
        <annotation annotator="Mike Bada, University of Colorado Anschutz Medical Campus" id="GO_CC_2016_02_16_test_Instance_12967" type="identity">
            <class id="CL_GO_EXT:cell" label="cell"/>
            <span end="26505" id="15320950-3478" start="26501">cell</span>
        </annotation>
        <annotation annotator="Mike Bada, University of Colorado Anschutz Medical Campus" id="GO_CC_2016_02_16_test_Instance_12969" type="identity">
            <class id="CL_GO_EXT:cell" label="cell"/>
            <span end="26662" id="15320950-3480" start="26657">cells</span>
        </annotation>
        <annotation annotator="Mike Bada, University of Colorado Anschutz Medical Campus" id="GO_CC_2016_02_16_test_Instance_12971" type="identity">
            <class id="CL_GO_EXT:cell" label="cell"/>
            <span end="26735" id="15320950-3482" start="26730">cells</span>
        </annotation>
        <annotation annotator="" id="GO_CC_2016_02_16_Instance_20594" type="identity">
            <class id="GO_EXT:tight_junction" label="tight junction"/>
            <span end="26780" id="15320950-3332" start="26765">tight junctions</span>
        </annotation>
        <annotation annotator="" id="GO_CC_2016_02_16_Instance_20596" type="identity">
            <class id="GO_EXT:tight_junction" label="tight junction"/>
            <span end="26813" id="15320950-3334" start="26798">tight junctions</span>
        </annotation>
        <annotation annotator="Mike Bada, University of Colorado Anschutz Medical Campus" id="GO_CC_2016_02_16_test_Instance_12973" type="identity">
            <class id="CL_GO_EXT:cell" label="cell"/>
            <span end="26843" id="15320950-3484" start="26838">cells</span>
        </annotation>
        <annotation annotator="Mike Bada, University of Colorado Anschutz Medical Campus" id="GO_CC_2016_02_16_test_Instance_27879" type="identity">
            <class id="GO:0031941" label="filamentous actin"/>
            <span end="27095" id="15320950-3576" start="27088">F-actin</span>
        </annotation>
        <annotation annotator="" id="GO_CC_2016_02_16_Instance_20598" type="identity">
            <class id="GO_EXT:tight_junction" label="tight junction"/>
            <span end="27132" id="15320950-3336" start="27118">tight junction</span>
        </annotation>
        <annotation annotator="Mike Bada, University of Colorado Anschutz Medical Campus" id="GO_CC_2016_02_16_test_Instance_27881" type="identity">
            <class id="GO:0032991" label="macromolecular complex"/>
            <span end="27142" id="15320950-3578" start="27133">complexes</span>
        </annotation>
        <annotation annotator="Mike Bada, University of Colorado Anschutz Medical Campus" id="GO_CC_2016_02_16_test_Instance_27885" type="identity">
            <class id="GO:0031941" label="filamentous actin"/>
            <span end="27160" id="15320950-3580" start="27153">F-actin</span>
        </annotation>
        <annotation annotator="Mike Bada, University of Colorado Anschutz Medical Campus" id="GO_CC_2016_02_16_test_Instance_12975" type="identity">
            <class id="CL_GO_EXT:cell" label="cell"/>
            <span end="27214" id="15320950-3486" start="27209">cells</span>
        </annotation>
        <annotation annotator="Mike Bada, University of Colorado Anschutz Medical Campus" id="GO_CC_2016_02_16_test_Instance_25003" type="identity">
            <class id="GO:0005911" label="cell-cell junction"/>
            <span end="27239" id="15320950-3528" start="27228">junction of</span>
            <span end="27256" id="15320950-3529" start="27246">cells with</span>
            <span end="27281" id="15320950-3530" start="27276">cells</span>
        </annotation>
        <annotation annotator="Mike Bada, University of Colorado Anschutz Medical Campus" id="GO_CC_2016_02_16_test_Instance_12981" type="identity">
            <class id="CL_GO_EXT:cell" label="cell"/>
            <span end="27487" id="15320950-3488" start="27483">cell</span>
        </annotation>
        <annotation annotator="Mike Bada, University of Colorado Anschutz Medical Campus" id="GO_CC_2016_02_16_test_Instance_12983" type="identity">
            <class id="CL_GO_EXT:cell" label="cell"/>
            <span end="27883" id="15320950-3490" start="27878">cells</span>
        </annotation>
        <annotation annotator="Mike Bada, University of Colorado Anschutz Medical Campus" id="GO_CC_2016_02_16_test_Instance_27887" type="identity">
            <class id="GO:0016324" label="apical plasma membrane"/>
            <span end="28150" id="15320950-3582" start="28132">apical membrane of</span>
            <span end="28172" id="15320950-3583" start="28167">cells</span>
        </annotation>
        <annotation annotator="Mike Bada, University of Colorado Anschutz Medical Campus" id="GO_CC_2016_02_16_test_Instance_27891" type="identity">
            <class id="GO:0016324" label="apical plasma membrane"/>
            <span end="28812" id="15320950-3585" start="28794">apical membrane of</span>
            <span end="28834" id="15320950-3586" start="28829">cells</span>
        </annotation>
        <annotation annotator="Mike Bada, University of Colorado Anschutz Medical Campus" id="GO_CC_2016_02_16_test_Instance_27895" type="identity">
            <class id="GO:0016323" label="basolateral plasma membrane"/>
            <span end="28922" id="15320950-3588" start="28899">basolateral membrane of</span>
            <span end="28944" id="15320950-3589" start="28939">cells</span>
        </annotation>
        <annotation annotator="Mike Bada, University of Colorado Anschutz Medical Campus" id="GO_CC_2016_02_16_test_Instance_27897" type="identity">
            <class id="GO:0005921" label="gap junction"/>
            <span end="28997" id="15320950-3591" start="28985">gap junction</span>
        </annotation>
        <annotation annotator="Mike Bada, University of Colorado Anschutz Medical Campus" id="GO_CC_2016_02_16_test_Instance_12991" type="identity">
            <class id="CL_GO_EXT:cell" label="cell"/>
            <span end="29170" id="15320950-3492" start="29165">cells</span>
        </annotation>
        <annotation annotator="Mike Bada, University of Colorado Anschutz Medical Campus" id="GO_CC_2016_02_16_test_Instance_12993" type="identity">
            <class id="CL_GO_EXT:cell" label="cell"/>
            <span end="29472" id="15320950-3494" start="29467">cells</span>
        </annotation>
        <annotation annotator="Mike Bada, University of Colorado Anschutz Medical Campus" id="GO_CC_2016_02_16_test_Instance_27899" type="identity">
            <class id="GO:0005921" label="gap junction"/>
            <span end="29504" id="15320950-3593" start="29492">gap junction</span>
        </annotation>
        <annotation annotator="Mike Bada, University of Colorado Anschutz Medical Campus" id="GO_CC_2016_02_16_test_Instance_12995" type="identity">
            <class id="CL_GO_EXT:cell" label="cell"/>
            <span end="29700" id="15320950-3496" start="29695">cells</span>
        </annotation>
        <annotation annotator="Mike Bada, University of Colorado Anschutz Medical Campus" id="GO_CC_2016_02_16_test_Instance_12997" type="identity">
            <class id="CL_GO_EXT:cell" label="cell"/>
            <span end="29739" id="15320950-3498" start="29734">cells</span>
        </annotation>
        <annotation annotator="Mike Bada, University of Colorado Anschutz Medical Campus" id="GO_CC_2016_02_16_test_Instance_12999" type="identity">
            <class id="CL_GO_EXT:cell" label="cell"/>
            <span end="30091" id="15320950-3500" start="30086">cells</span>
        </annotation>
        <annotation annotator="Mike Bada, University of Colorado Anschutz Medical Campus" id="GO_CC_2016_02_16_test_Instance_27901" type="identity">
            <class id="GO:0005739" label="mitochondrion"/>
            <span end="30260" id="15320950-3595" start="30248">mitochondria</span>
        </annotation>
        <annotation annotator="Mike Bada, University of Colorado Anschutz Medical Campus" id="GO_CC_2016_02_16_test_Instance_13001" type="identity">
            <class id="CL_GO_EXT:cell" label="cell"/>
            <span end="30317" id="15320950-3502" start="30312">cells</span>
        </annotation>
        <annotation annotator="Mike Bada, University of Colorado Anschutz Medical Campus" id="GO_CC_2016_02_16_test_Instance_13003" type="identity">
            <class id="CL_GO_EXT:cell" label="cell"/>
            <span end="30337" id="15320950-3504" start="30332">cells</span>
        </annotation>
        <annotation annotator="Mike Bada, University of Colorado Anschutz Medical Campus" id="GO_CC_2016_02_16_test_Instance_13005" type="identity">
            <class id="CL_GO_EXT:cell" label="cell"/>
            <span end="30503" id="15320950-3506" start="30498">cells</span>
        </annotation>
        <annotation annotator="Mike Bada, University of Colorado Anschutz Medical Campus" id="GO_CC_2016_02_16_test_Instance_21741" type="identity">
            <class id="GO:0005576" label="extracellular region"/>
            <span end="30739" id="15320950-3526" start="30726">extracellular</span>
        </annotation>
        <annotation annotator="Mike Bada, University of Colorado Anschutz Medical Campus" id="GO_CC_2016_02_16_test_Instance_27903" type="identity">
            <class id="GO:0005829" label="cytosol"/>
            <span end="31195" id="15320950-3597" start="31186">cytosolic</span>
        </annotation>
        <annotation annotator="Mike Bada, University of Colorado Anschutz Medical Campus" id="GO_CC_2016_02_16_test_Instance_13007" type="identity">
            <class id="CL_GO_EXT:cell" label="cell"/>
            <span end="31317" id="15320950-3508" start="31312">cells</span>
        </annotation>
        <annotation annotator="Mike Bada, University of Colorado Anschutz Medical Campus" id="GO_CC_2016_02_16_test_Instance_27905" type="identity">
            <class id="GO:0005829" label="cytosol"/>
            <span end="31412" id="15320950-3599" start="31403">cytosolic</span>
        </annotation>
        <annotation annotator="Mike Bada, University of Colorado Anschutz Medical Campus" id="GO_CC_2016_02_16_test_Instance_13009" type="identity">
            <class id="CL_GO_EXT:cell" label="cell"/>
            <span end="31479" id="15320950-3510" start="31475">cell</span>
        </annotation>
        <annotation annotator="Mike Bada, University of Colorado Anschutz Medical Campus" id="GO_CC_2016_02_16_test_Instance_13011" type="identity">
            <class id="CL_GO_EXT:cell" label="cell"/>
            <span end="31551" id="15320950-3512" start="31546">cells</span>
        </annotation>
        <annotation annotator="Mike Bada, University of Colorado Anschutz Medical Campus" id="GO_CC_2016_02_16_test_Instance_13013" type="identity">
            <class id="CL_GO_EXT:cell" label="cell"/>
            <span end="32528" id="15320950-3514" start="32523">cells</span>
        </annotation>
        <annotation annotator="" id="GO_CC_2016_02_16_Instance_20600" type="identity">
            <class id="GO:0042571" label="immunoglobulin complex, circulating"/>
            <span end="32603" id="15320950-3338" start="32595">antibody</span>
        </annotation>
        <graph-space id="Old Knowtator Relations"/>
    </document>
</knowtator-project>
