<?xml version="1.0" encoding="UTF-8" standalone="no"?>
<knowtator-project>
  <document id="15328533" text-file="15328533.txt">
    <annotation annotator="Mike Bada, University of Colorado Anschutz Medical Campus" id="GO_CC_2016_02_16_test_Instance_27909" type="identity">
      <class id="GO:0005739" label="mitochondrion"/>
      <span end="186" id="15328533-3620" start="173">mitochondrial</span>
    </annotation>
    <annotation annotator="Mike Bada, University of Colorado Anschutz Medical Campus" id="GO_CC_2016_02_16_test_Instance_27911" type="identity">
      <class id="GO:0005777" label="peroxisome"/>
      <span end="535" id="15328533-3622" start="525">peroxisome</span>
    </annotation>
    <annotation annotator="Mike Bada, University of Colorado Anschutz Medical Campus" id="GO_CC_2016_02_16_test_Instance_27913" type="identity">
      <class id="GO:0005739" label="mitochondrion"/>
      <span end="1341" id="15328533-3624" start="1329">mitochondria</span>
    </annotation>
    <annotation annotator="Mike Bada, University of Colorado Anschutz Medical Campus" id="GO_CC_2016_02_16_test_Instance_27915" type="identity">
      <class id="GO:0005739" label="mitochondrion"/>
      <span end="1608" id="15328533-3626" start="1595">mitochondrial</span>
    </annotation>
    <annotation annotator="" id="GO_CC_2016_02_16_Instance_30003" type="identity">
      <class id="GO_PR_EXT:calcineurin" label="calcineurin"/>
      <span end="2307" id="15328533-3604" start="2296">calcineurin</span>
    </annotation>
    <annotation annotator="Mike Bada, University of Colorado Anschutz Medical Campus" id="GO_CC_2016_02_16_test_Instance_27917" type="identity">
      <class id="GO:0005777" label="peroxisome"/>
      <span end="2381" id="15328533-3628" start="2371">Peroxisome</span>
    </annotation>
    <annotation annotator="Mike Bada, University of Colorado Anschutz Medical Campus" id="GO_CC_2016_02_16_test_Instance_27919" type="identity">
      <class id="GO:0005777" label="peroxisome"/>
      <span end="3403" id="15328533-3630" start="3393">peroxisome</span>
    </annotation>
    <annotation annotator="Mike Bada, University of Colorado Anschutz Medical Campus" id="GO_CC_2016_02_16_test_Instance_27921" type="identity">
      <class id="GO:0005739" label="mitochondrion"/>
      <span end="4749" id="15328533-3632" start="4736">mitochondrial</span>
    </annotation>
    <annotation annotator="Mike Bada, University of Colorado Anschutz Medical Campus" id="GO_CC_2016_02_16_test_Instance_27923" type="identity">
      <class id="GO:0005739" label="mitochondrion"/>
      <span end="6413" id="15328533-3634" start="6400">mitochondrial</span>
    </annotation>
    <annotation annotator="Mike Bada, University of Colorado Anschutz Medical Campus" id="GO_CC_2016_02_16_test_Instance_27925" type="identity">
      <class id="GO:0005739" label="mitochondrion"/>
      <span end="6522" id="15328533-3636" start="6509">mitochondrial</span>
    </annotation>
    <annotation annotator="Mike Bada, University of Colorado Anschutz Medical Campus" id="GO_CC_2016_02_16_test_Instance_27927" type="identity">
      <class id="GO:0005739" label="mitochondrion"/>
      <span end="6844" id="15328533-3638" start="6831">mitochondrial</span>
    </annotation>
    <annotation annotator="Mike Bada, University of Colorado Anschutz Medical Campus" id="GO_CC_2016_02_16_test_Instance_27929" type="identity">
      <class id="GO:0005739" label="mitochondrion"/>
      <span end="7018" id="15328533-3640" start="7005">mitochondrial</span>
    </annotation>
    <annotation annotator="Mike Bada, University of Colorado Anschutz Medical Campus" id="GO_CC_2016_02_16_test_Instance_27931" type="identity">
      <class id="GO:0005739" label="mitochondrion"/>
      <span end="7093" id="15328533-3642" start="7080">Mitochondrial</span>
    </annotation>
    <annotation annotator="Mike Bada, University of Colorado Anschutz Medical Campus" id="GO_CC_2016_02_16_test_Instance_27933" type="identity">
      <class id="GO:0005739" label="mitochondrion"/>
      <span end="7239" id="15328533-3644" start="7226">mitochondrial</span>
    </annotation>
    <annotation annotator="Mike Bada, University of Colorado Anschutz Medical Campus" id="GO_CC_2016_02_16_test_Instance_27935" type="identity">
      <class id="GO:0005739" label="mitochondrion"/>
      <span end="8120" id="15328533-3646" start="8107">mitochondrial</span>
    </annotation>
    <annotation annotator="Mike Bada, University of Colorado Anschutz Medical Campus" id="GO_CC_2016_02_16_test_Instance_13027" type="identity">
      <class id="CL_GO_EXT:cell" label="cell"/>
      <span end="9307" id="15328533-3616" start="9303">cell</span>
    </annotation>
    <annotation annotator="Mike Bada, University of Colorado Anschutz Medical Campus" id="GO_CC_2016_02_16_test_Instance_27937" type="identity">
      <class id="GO:0005739" label="mitochondrion"/>
      <span end="12323" id="15328533-3648" start="12310">mitochondrial</span>
    </annotation>
    <annotation annotator="" id="GO_CC_2016_02_16_Instance_30005" type="identity">
      <class id="GO_PR_EXT:calcineurin" label="calcineurin"/>
      <span end="13517" id="15328533-3606" start="13506">calcineurin</span>
    </annotation>
    <annotation annotator="Mike Bada, University of Colorado Anschutz Medical Campus" id="GO_CC_2016_02_16_test_Instance_27939" type="identity">
      <class id="GO:0005739" label="mitochondrion"/>
      <span end="15877" id="15328533-3650" start="15864">mitochondrial</span>
    </annotation>
    <annotation annotator="Mike Bada, University of Colorado Anschutz Medical Campus" id="GO_CC_2016_02_16_test_Instance_27941" type="identity">
      <class id="GO:0005739" label="mitochondrion"/>
      <span end="15972" id="15328533-3652" start="15959">mitochondrial</span>
    </annotation>
    <annotation annotator="" id="GO_CC_2016_02_16_Instance_30007" type="identity">
      <class id="GO:0042571" label="immunoglobulin complex, circulating"/>
      <span end="17752" id="15328533-3608" start="17742">Antibodies</span>
    </annotation>
    <annotation annotator="Mike Bada, University of Colorado Anschutz Medical Campus" id="GO_CC_2016_02_16_test_Instance_27945" type="identity">
      <class id="GO:0005634" label="nucleus"/>
      <span end="17897" id="15328533-3654" start="17890">nuclear</span>
    </annotation>
    <annotation annotator="Mike Bada, University of Colorado Anschutz Medical Campus" id="GO_CC_2016_02_16_test_Instance_27947" type="identity">
      <class id="GO:0005739" label="mitochondrion"/>
      <span end="18385" id="15328533-3656" start="18372">mitochondrial</span>
    </annotation>
    <annotation annotator="Mike Bada, University of Colorado Anschutz Medical Campus" id="GO_CC_2016_02_16_test_Instance_27949" type="identity">
      <class id="GO:0005739" label="mitochondrion"/>
      <span end="18546" id="15328533-3658" start="18534">mitochondria</span>
    </annotation>
    <annotation annotator="Mike Bada, University of Colorado Anschutz Medical Campus" id="GO_CC_2016_02_16_test_Instance_27951" type="identity">
      <class id="GO:0005739" label="mitochondrion"/>
      <span end="18597" id="15328533-3660" start="18584">Mitochondrial</span>
    </annotation>
    <annotation annotator="Mike Bada, University of Colorado Anschutz Medical Campus" id="GO_CC_2016_02_16_test_Instance_21379" type="identity">
      <class id="CL_GO_EXT:cell" label="cell"/>
      <span end="20132" id="15328533-3618" start="20124">Cellular</span>
    </annotation>
    <annotation annotator="Mike Bada, University of Colorado Anschutz Medical Campus" id="GO_CC_2016_02_16_test_Instance_27953" type="identity">
      <class id="GO:0005777" label="peroxisome"/>
      <span end="20583" id="15328533-3662" start="20573">Peroxisome</span>
    </annotation>
    <annotation annotator="Mike Bada, University of Colorado Anschutz Medical Campus" id="GO_CC_2016_02_16_test_Instance_27955" type="identity">
      <class id="GO:0005777" label="peroxisome"/>
      <span end="20655" id="15328533-3664" start="20645">peroxisome</span>
    </annotation>
    <annotation annotator="Mike Bada, University of Colorado Anschutz Medical Campus" id="GO_CC_2016_02_16_test_Instance_27957" type="identity">
      <class id="GO:0005634" label="nucleus"/>
      <span end="21003" id="15328533-3666" start="20996">nuclear</span>
    </annotation>
    <annotation annotator="" id="GO_CC_2016_02_16_Instance_30009" type="identity">
      <class id="GO:0042571" label="immunoglobulin complex, circulating"/>
      <span end="21113" id="15328533-3610" start="21105">antibody</span>
    </annotation>
    <annotation annotator="Mike Bada, University of Colorado Anschutz Medical Campus" id="GO_CC_2016_02_16_test_Instance_27961" type="identity">
      <class id="GO:0005634" label="nucleus"/>
      <span end="21360" id="15328533-3668" start="21353">Nuclear</span>
    </annotation>
    <annotation annotator="" id="GO_CC_2016_02_16_Instance_30011" type="identity">
      <class id="GO:0042571" label="immunoglobulin complex, circulating"/>
      <span end="21518" id="15328533-3612" start="21508">antibodies</span>
    </annotation>
    <annotation annotator="" id="GO_CC_2016_02_16_Instance_30013" type="identity">
      <class id="GO:0042571" label="immunoglobulin complex, circulating"/>
      <span end="21595" id="15328533-3614" start="21587">antibody</span>
    </annotation>
    <annotation annotator="Mike Bada, University of Colorado Anschutz Medical Campus" id="GO_CC_2016_02_16_test_Instance_27967" type="identity">
      <class id="GO:0005739" label="mitochondrion"/>
      <span end="21974" id="15328533-3670" start="21961">Mitochondrial</span>
    </annotation>
    <annotation annotator="Mike Bada, University of Colorado Anschutz Medical Campus" id="GO_CC_2016_02_16_test_Instance_27969" type="identity">
      <class id="GO:0005739" label="mitochondrion"/>
      <span end="22341" id="15328533-3672" start="22328">mitochondrial</span>
    </annotation>
    <annotation annotator="Mike Bada, University of Colorado Anschutz Medical Campus" id="GO_CC_2016_02_16_test_Instance_27971" type="identity">
      <class id="GO:0005634" label="nucleus"/>
      <span end="22376" id="15328533-3674" start="22369">nuclear</span>
    </annotation>
    <annotation annotator="Mike Bada, University of Colorado Anschutz Medical Campus" id="GO_CC_2016_02_16_test_Instance_27973" type="identity">
      <class id="GO:0005739" label="mitochondrion"/>
      <span end="22533" id="15328533-3676" start="22520">mitochondrial</span>
    </annotation>
    <annotation annotator="Mike Bada, University of Colorado Anschutz Medical Campus" id="GO_CC_2016_02_16_test_Instance_27975" type="identity">
      <class id="GO:0005739" label="mitochondrion"/>
      <span end="22623" id="15328533-3678" start="22610">mitochondrial</span>
    </annotation>
    <annotation annotator="Mike Bada, University of Colorado Anschutz Medical Campus" id="GO_CC_2016_02_16_test_Instance_27977" type="identity">
      <class id="GO:0005739" label="mitochondrion"/>
      <span end="22743" id="15328533-3680" start="22730">mitochondrial</span>
    </annotation>
    <graph-space id="Old Knowtator Relations"/>
  </document>
</knowtator-project>
