<?xml version="1.0" encoding="UTF-8" standalone="no"?>
<knowtator-project>
  <document id="15345036" text-file="15345036.txt">
    <annotation annotator="Mike Bada, University of Colorado Anschutz Medical Campus" id="GO_CC_2016_02_16_test_Instance_13425" type="identity">
      <class id="CL_GO_EXT:cell" label="cell"/>
      <span end="102" id="15345036-4113" start="98">cell</span>
    </annotation>
    <annotation annotator="Mike Bada, University of Colorado Anschutz Medical Campus" id="GO_CC_2016_02_16_test_Instance_13427" type="identity">
      <class id="CL_GO_EXT:cell" label="cell"/>
      <span end="165" id="15345036-4115" start="160">cells</span>
    </annotation>
    <annotation annotator="Mike Bada, University of Colorado Anschutz Medical Campus" id="GO_CC_2016_02_16_test_Instance_13429" type="identity">
      <class id="CL_GO_EXT:cell" label="cell"/>
      <span end="232" id="15345036-4117" start="224">cellular</span>
    </annotation>
    <annotation annotator="Mike Bada, University of Colorado Anschutz Medical Campus" id="GO_CC_2016_02_16_test_Instance_13039" type="identity">
      <class id="CL_GO_EXT:cell" label="cell"/>
      <span end="372" id="15345036-3735" start="367">cells</span>
    </annotation>
    <annotation annotator="Mike Bada, University of Colorado Anschutz Medical Campus" id="GO_CC_2016_02_16_test_Instance_13041" type="identity">
      <class id="CL_GO_EXT:cell" label="cell"/>
      <span end="1061" id="15345036-3737" start="1057">cell</span>
    </annotation>
    <annotation annotator="Mike Bada, University of Colorado Anschutz Medical Campus" id="GO_CC_2016_02_16_test_Instance_13043" type="identity">
      <class id="CL_GO_EXT:cell" label="cell"/>
      <span end="1140" id="15345036-3739" start="1135">cells</span>
    </annotation>
    <annotation annotator="Mike Bada, University of Colorado Anschutz Medical Campus" id="GO_CC_2016_02_16_test_Instance_13045" type="identity">
      <class id="CL_GO_EXT:cell" label="cell"/>
      <span end="1309" id="15345036-3741" start="1304">cells</span>
    </annotation>
    <annotation annotator="Mike Bada, University of Colorado Anschutz Medical Campus" id="GO_CC_2016_02_16_test_Instance_13431" type="identity">
      <class id="CL_GO_EXT:cell" label="cell"/>
      <span end="1476" id="15345036-4119" start="1472">cell</span>
    </annotation>
    <annotation annotator="Mike Bada, University of Colorado Anschutz Medical Campus" id="GO_CC_2016_02_16_test_Instance_13047" type="identity">
      <class id="CL_GO_EXT:cell" label="cell"/>
      <span end="1647" id="15345036-3743" start="1643">cell</span>
    </annotation>
    <annotation annotator="Mike Bada, University of Colorado Anschutz Medical Campus" id="GO_CC_2016_02_16_test_Instance_13049" type="identity">
      <class id="CL_GO_EXT:cell" label="cell"/>
      <span end="1876" id="15345036-3745" start="1872">cell</span>
    </annotation>
    <annotation annotator="Mike Bada, University of Colorado Anschutz Medical Campus" id="GO_CC_2016_02_16_test_Instance_13433" type="identity">
      <class id="CL_GO_EXT:cell" label="cell"/>
      <span end="1916" id="15345036-4121" start="1912">cell</span>
    </annotation>
    <annotation annotator="" id="GO_CC_2016_02_16_Instance_30019" type="identity">
      <class id="CL_GO_EXT:cell" label="cell"/>
      <span end="2004" id="15345036-3691" start="1996">cellular</span>
    </annotation>
    <annotation annotator="Mike Bada, University of Colorado Anschutz Medical Campus" id="GO_CC_2016_02_16_test_Instance_13435" type="identity">
      <class id="CL_GO_EXT:cell" label="cell"/>
      <span end="2068" id="15345036-4123" start="2064">cell</span>
    </annotation>
    <annotation annotator="Mike Bada, University of Colorado Anschutz Medical Campus" id="GO_CC_2016_02_16_test_Instance_13437" type="identity">
      <class id="CL_GO_EXT:cell" label="cell"/>
      <span end="2176" id="15345036-4125" start="2171">cells</span>
    </annotation>
    <annotation annotator="Mike Bada, University of Colorado Anschutz Medical Campus" id="GO_CC_2016_02_16_test_Instance_13051" type="identity">
      <class id="CL_GO_EXT:cell" label="cell"/>
      <span end="2216" id="15345036-3747" start="2211">cells</span>
    </annotation>
    <annotation annotator="Mike Bada, University of Colorado Anschutz Medical Campus" id="GO_CC_2016_02_16_test_Instance_13053" type="identity">
      <class id="CL_GO_EXT:cell" label="cell"/>
      <span end="2291" id="15345036-3749" start="2287">cell</span>
    </annotation>
    <annotation annotator="Mike Bada, University of Colorado Anschutz Medical Campus" id="GO_CC_2016_02_16_test_Instance_13055" type="identity">
      <class id="CL_GO_EXT:cell" label="cell"/>
      <span end="2357" id="15345036-3751" start="2352">cells</span>
    </annotation>
    <annotation annotator="Mike Bada, University of Colorado Anschutz Medical Campus" id="GO_CC_2016_02_16_test_Instance_13057" type="identity">
      <class id="CL_GO_EXT:cell" label="cell"/>
      <span end="2409" id="15345036-3753" start="2404">cells</span>
    </annotation>
    <annotation annotator="Mike Bada, University of Colorado Anschutz Medical Campus" id="GO_CC_2016_02_16_test_Instance_13059" type="identity">
      <class id="CL_GO_EXT:cell" label="cell"/>
      <span end="2480" id="15345036-3755" start="2475">cells</span>
    </annotation>
    <annotation annotator="Mike Bada, University of Colorado Anschutz Medical Campus" id="GO_CC_2016_02_16_test_Instance_28015" type="identity">
      <class id="GO:0005622" label="intracellular"/>
      <span end="2584" id="15345036-4163" start="2571">intracellular</span>
    </annotation>
    <annotation annotator="Mike Bada, University of Colorado Anschutz Medical Campus" id="GO_CC_2016_02_16_test_Instance_13061" type="identity">
      <class id="CL_GO_EXT:cell" label="cell"/>
      <span end="2639" id="15345036-3757" start="2634">cells</span>
    </annotation>
    <annotation annotator="Mike Bada, University of Colorado Anschutz Medical Campus" id="GO_CC_2016_02_16_test_Instance_13063" type="identity">
      <class id="CL_GO_EXT:cell" label="cell"/>
      <span end="2717" id="15345036-3759" start="2712">cells</span>
    </annotation>
    <annotation annotator="Mike Bada, University of Colorado Anschutz Medical Campus" id="GO_CC_2016_02_16_test_Instance_13065" type="identity">
      <class id="CL_GO_EXT:cell" label="cell"/>
      <span end="2866" id="15345036-3761" start="2861">cells</span>
    </annotation>
    <annotation annotator="Mike Bada, University of Colorado Anschutz Medical Campus" id="GO_CC_2016_02_16_test_Instance_13067" type="identity">
      <class id="CL_GO_EXT:cell" label="cell"/>
      <span end="3048" id="15345036-3763" start="3044">cell</span>
    </annotation>
    <annotation annotator="Mike Bada, University of Colorado Anschutz Medical Campus" id="GO_CC_2016_02_16_test_Instance_13069" type="identity">
      <class id="CL_GO_EXT:cell" label="cell"/>
      <span end="3108" id="15345036-3765" start="3103">cells</span>
    </annotation>
    <annotation annotator="Mike Bada, University of Colorado Anschutz Medical Campus" id="GO_CC_2016_02_16_test_Instance_13071" type="identity">
      <class id="CL_GO_EXT:cell" label="cell"/>
      <span end="3204" id="15345036-3767" start="3199">cells</span>
    </annotation>
    <annotation annotator="Mike Bada, University of Colorado Anschutz Medical Campus" id="GO_CC_2016_02_16_test_Instance_13073" type="identity">
      <class id="CL_GO_EXT:cell" label="cell"/>
      <span end="3402" id="15345036-3769" start="3397">cells</span>
    </annotation>
    <annotation annotator="Mike Bada, University of Colorado Anschutz Medical Campus" id="GO_CC_2016_02_16_test_Instance_13075" type="identity">
      <class id="CL_GO_EXT:cell" label="cell"/>
      <span end="3559" id="15345036-3771" start="3554">cells</span>
    </annotation>
    <annotation annotator="" id="GO_CC_2016_02_16_Instance_30023" type="identity">
      <class id="GO_PR_EXT:integrin" label="integrin"/>
      <span end="3681" id="15345036-3693" start="3672">integrins</span>
    </annotation>
    <annotation annotator="" id="GO_CC_2016_02_16_Instance_30027" type="identity">
      <class id="GO:0034683" label="integrin alphav-beta3 complex"/>
      <span end="3719" id="15345036-3695" start="3715">αvβ3</span>
    </annotation>
    <annotation annotator="Mike Bada, University of Colorado Anschutz Medical Campus" id="GO_CC_2016_02_16_test_Instance_13077" type="identity">
      <class id="CL_GO_EXT:cell" label="cell"/>
      <span end="3936" id="15345036-3773" start="3932">cell</span>
    </annotation>
    <annotation annotator="Mike Bada, University of Colorado Anschutz Medical Campus" id="GO_CC_2016_02_16_test_Instance_13079" type="identity">
      <class id="CL_GO_EXT:cell" label="cell"/>
      <span end="4052" id="15345036-3775" start="4048">cell</span>
    </annotation>
    <annotation annotator="Mike Bada, University of Colorado Anschutz Medical Campus" id="GO_CC_2016_02_16_test_Instance_13081" type="identity">
      <class id="CL_GO_EXT:cell" label="cell"/>
      <span end="4190" id="15345036-3777" start="4186">cell</span>
    </annotation>
    <annotation annotator="Mike Bada, University of Colorado Anschutz Medical Campus" id="GO_CC_2016_02_16_test_Instance_28019" type="identity">
      <class id="GO:0005886" label="plasma membrane"/>
      <span end="4600" id="15345036-4165" start="4585">plasma membrane</span>
    </annotation>
    <annotation annotator="Mike Bada, University of Colorado Anschutz Medical Campus" id="GO_CC_2016_02_16_test_Instance_13083" type="identity">
      <class id="CL_GO_EXT:cell" label="cell"/>
      <span end="4619" id="15345036-3779" start="4614">cells</span>
    </annotation>
    <annotation annotator="Mike Bada, University of Colorado Anschutz Medical Campus" id="GO_CC_2016_02_16_test_Instance_13085" type="identity">
      <class id="CL_GO_EXT:cell" label="cell"/>
      <span end="4778" id="15345036-3781" start="4774">cell</span>
    </annotation>
    <annotation annotator="Mike Bada, University of Colorado Anschutz Medical Campus" id="GO_CC_2016_02_16_test_Instance_28021" type="identity">
      <class id="GO:0009986" label="cell surface"/>
      <span end="4833" id="15345036-4167" start="4821">cell-surface</span>
    </annotation>
    <annotation annotator="Mike Bada, University of Colorado Anschutz Medical Campus" id="GO_CC_2016_02_16_test_Instance_13089" type="identity">
      <class id="CL_GO_EXT:cell" label="cell"/>
      <span end="4904" id="15345036-3783" start="4899">cells</span>
    </annotation>
    <annotation annotator="" id="GO_CC_2016_02_16_Instance_30029" type="identity">
      <class id="GO:0034683" label="integrin alphav-beta3 complex"/>
      <span end="5381" id="15345036-3697" start="5377">αvβ3</span>
    </annotation>
    <annotation annotator="" id="GO_CC_2016_02_16_Instance_101833" type="identity">
      <class id="CHEBI_GO_EXT:low_density_lipoprotein_particle" label="low-density lipoprotein particle"/>
      <span end="5497" id="15345036-3687" start="5474">low-density lipoprotein</span>
    </annotation>
    <annotation annotator="Mike Bada, University of Colorado Anschutz Medical Campus" id="GO_CC_2016_02_16_test_Instance_13091" type="identity">
      <class id="CL_GO_EXT:cell" label="cell"/>
      <span end="5819" id="15345036-3785" start="5814">cells</span>
    </annotation>
    <annotation annotator="" id="GO_CC_2016_02_16_Instance_30031" type="identity">
      <class id="GO:0042571" label="immunoglobulin complex, circulating"/>
      <span end="5972" id="15345036-3699" start="5964">antibody</span>
    </annotation>
    <annotation annotator="Mike Bada, University of Colorado Anschutz Medical Campus" id="GO_CC_2016_02_16_test_Instance_13093" type="identity">
      <class id="CL_GO_EXT:cell" label="cell"/>
      <span end="6034" id="15345036-3787" start="6029">cells</span>
    </annotation>
    <annotation annotator="Mike Bada, University of Colorado Anschutz Medical Campus" id="GO_CC_2016_02_16_test_Instance_13095" type="identity">
      <class id="CL_GO_EXT:cell" label="cell"/>
      <span end="6379" id="15345036-3789" start="6374">cells</span>
    </annotation>
    <annotation annotator="Mike Bada, University of Colorado Anschutz Medical Campus" id="GO_CC_2016_02_16_test_Instance_13097" type="identity">
      <class id="CL_GO_EXT:cell" label="cell"/>
      <span end="6463" id="15345036-3791" start="6458">cells</span>
    </annotation>
    <annotation annotator="Mike Bada, University of Colorado Anschutz Medical Campus" id="GO_CC_2016_02_16_test_Instance_28025" type="identity">
      <class id="GO:0005634" label="nucleus"/>
      <span end="6549" id="15345036-4169" start="6537">cell nucleus</span>
    </annotation>
    <annotation annotator="Mike Bada, University of Colorado Anschutz Medical Campus" id="GO_CC_2016_02_16_test_Instance_28027" type="identity">
      <class id="GO:0005634" label="nucleus"/>
      <span end="6562" id="15345036-4171" start="6555">nuclear</span>
    </annotation>
    <annotation annotator="Mike Bada, University of Colorado Anschutz Medical Campus" id="GO_CC_2016_02_16_test_Instance_28029" type="identity">
      <class id="GO:0005634" label="nucleus"/>
      <span end="6615" id="15345036-4173" start="6608">nuclear</span>
    </annotation>
    <annotation annotator="Mike Bada, University of Colorado Anschutz Medical Campus" id="GO_CC_2016_02_16_test_Instance_28031" type="identity">
      <class id="GO:0005634" label="nucleus"/>
      <span end="6707" id="15345036-4175" start="6695">cell nucleus</span>
    </annotation>
    <annotation annotator="Mike Bada, University of Colorado Anschutz Medical Campus" id="GO_CC_2016_02_16_test_Instance_28033" type="identity">
      <class id="GO:0005634" label="nucleus"/>
      <span end="6801" id="15345036-4177" start="6794">nuclear</span>
    </annotation>
    <annotation annotator="Mike Bada, University of Colorado Anschutz Medical Campus" id="GO_CC_2016_02_16_test_Instance_28035" type="identity">
      <class id="GO:0005634" label="nucleus"/>
      <span end="6874" id="15345036-4179" start="6867">nuclear</span>
    </annotation>
    <annotation annotator="Mike Bada, University of Colorado Anschutz Medical Campus" id="GO_CC_2016_02_16_test_Instance_13103" type="identity">
      <class id="CL_GO_EXT:cell" label="cell"/>
      <span end="6922" id="15345036-3793" start="6917">cells</span>
    </annotation>
    <annotation annotator="Mike Bada, University of Colorado Anschutz Medical Campus" id="GO_CC_2016_02_16_test_Instance_13105" type="identity">
      <class id="CL_GO_EXT:cell" label="cell"/>
      <span end="6974" id="15345036-3795" start="6969">cells</span>
    </annotation>
    <annotation annotator="" id="GO_CC_2016_02_16_Instance_30033" type="identity">
      <class id="GO:0016020" label="membrane"/>
      <span end="7081" id="15345036-3701" start="7073">membrane</span>
    </annotation>
    <annotation annotator="Mike Bada, University of Colorado Anschutz Medical Campus" id="GO_CC_2016_02_16_test_Instance_13107" type="identity">
      <class id="CL_GO_EXT:cell" label="cell"/>
      <span end="7109" id="15345036-3797" start="7105">cell</span>
    </annotation>
    <annotation annotator="Mike Bada, University of Colorado Anschutz Medical Campus" id="GO_CC_2016_02_16_test_Instance_13109" type="identity">
      <class id="CL_GO_EXT:cell" label="cell"/>
      <span end="7747" id="15345036-3799" start="7742">cells</span>
    </annotation>
    <annotation annotator="Mike Bada, University of Colorado Anschutz Medical Campus" id="GO_CC_2016_02_16_test_Instance_13111" type="identity">
      <class id="CL_GO_EXT:cell" label="cell"/>
      <span end="8175" id="15345036-3801" start="8170">cells</span>
    </annotation>
    <annotation annotator="Mike Bada, University of Colorado Anschutz Medical Campus" id="GO_CC_2016_02_16_test_Instance_13113" type="identity">
      <class id="CL_GO_EXT:cell" label="cell"/>
      <span end="11113" id="15345036-3803" start="11108">cells</span>
    </annotation>
    <annotation annotator="Mike Bada, University of Colorado Anschutz Medical Campus" id="GO_CC_2016_02_16_test_Instance_13115" type="identity">
      <class id="CL_GO_EXT:cell" label="cell"/>
      <span end="11414" id="15345036-3805" start="11410">cell</span>
    </annotation>
    <annotation annotator="Mike Bada, University of Colorado Anschutz Medical Campus" id="GO_CC_2016_02_16_test_Instance_13117" type="identity">
      <class id="CL_GO_EXT:cell" label="cell"/>
      <span end="13230" id="15345036-3807" start="13225">cells</span>
    </annotation>
    <annotation annotator="Mike Bada, University of Colorado Anschutz Medical Campus" id="GO_CC_2016_02_16_test_Instance_13119" type="identity">
      <class id="CL_GO_EXT:cell" label="cell"/>
      <span end="14564" id="15345036-3809" start="14559">cells</span>
    </annotation>
    <annotation annotator="Mike Bada, University of Colorado Anschutz Medical Campus" id="GO_CC_2016_02_16_test_Instance_28037" type="identity">
      <class id="GO:0005929" label="cilium"/>
      <span end="14575" id="15345036-4181" start="14570">cilia</span>
    </annotation>
    <annotation annotator="" id="GO_CC+extensions+nested_Instance_10000" type="identity">
      <class id="GO_UBERON_EXT:lumen" label="lumen"/>
      <span end="14590" id="15345036-3683" start="14583">luminal</span>
    </annotation>
    <annotation annotator="Mike Bada, University of Colorado Anschutz Medical Campus" id="GO_CC_2016_02_16_test_Instance_28039" type="identity">
      <class id="GO:0009986" label="cell surface"/>
      <span end="14603" id="15345036-4183" start="14591">cell surface</span>
    </annotation>
    <annotation annotator="Mike Bada, University of Colorado Anschutz Medical Campus" id="GO_CC_2016_02_16_test_Instance_13123" type="identity">
      <class id="CL_GO_EXT:cell" label="cell"/>
      <span end="15140" id="15345036-3811" start="15135">cells</span>
    </annotation>
    <annotation annotator="" id="GO_CC_2016_02_16_Instance_30035" type="identity">
      <class id="GO_UBERON_EXT:villus" label="villus"/>
      <span end="15530" id="15345036-3703" start="15525">villi</span>
    </annotation>
    <annotation annotator="Mike Bada, University of Colorado Anschutz Medical Campus" id="GO_CC_2016_02_16_test_Instance_13125" type="identity">
      <class id="CL_GO_EXT:cell" label="cell"/>
      <span end="15639" id="15345036-3813" start="15631">cellular</span>
    </annotation>
    <annotation annotator="Mike Bada, University of Colorado Anschutz Medical Campus" id="GO_CC_2016_02_16_test_Instance_13127" type="identity">
      <class id="CL_GO_EXT:cell" label="cell"/>
      <span end="15716" id="15345036-3815" start="15711">cells</span>
    </annotation>
    <annotation annotator="Mike Bada, University of Colorado Anschutz Medical Campus" id="GO_CC_2016_02_16_test_Instance_13129" type="identity">
      <class id="CL_GO_EXT:cell" label="cell"/>
      <span end="15787" id="15345036-3817" start="15782">cells</span>
    </annotation>
    <annotation annotator="Mike Bada, University of Colorado Anschutz Medical Campus" id="GO_CC_2016_02_16_test_Instance_13131" type="identity">
      <class id="CL_GO_EXT:cell" label="cell"/>
      <span end="18076" id="15345036-3819" start="18071">cells</span>
    </annotation>
    <annotation annotator="Mike Bada, University of Colorado Anschutz Medical Campus" id="GO_CC_2016_02_16_test_Instance_13133" type="identity">
      <class id="CL_GO_EXT:cell" label="cell"/>
      <span end="18642" id="15345036-3821" start="18634">cellular</span>
    </annotation>
    <annotation annotator="Mike Bada, University of Colorado Anschutz Medical Campus" id="GO_CC_2016_02_16_test_Instance_13135" type="identity">
      <class id="CL_GO_EXT:cell" label="cell"/>
      <span end="18865" id="15345036-3823" start="18860">cells</span>
    </annotation>
    <annotation annotator="Mike Bada, University of Colorado Anschutz Medical Campus" id="GO_CC_2016_02_16_test_Instance_13137" type="identity">
      <class id="CL_GO_EXT:cell" label="cell"/>
      <span end="19427" id="15345036-3825" start="19422">cells</span>
    </annotation>
    <annotation annotator="Mike Bada, University of Colorado Anschutz Medical Campus" id="GO_CC_2016_02_16_test_Instance_13139" type="identity">
      <class id="CL_GO_EXT:cell" label="cell"/>
      <span end="19580" id="15345036-3827" start="19575">cells</span>
    </annotation>
    <annotation annotator="Mike Bada, University of Colorado Anschutz Medical Campus" id="GO_CC_2016_02_16_test_Instance_13141" type="identity">
      <class id="CL_GO_EXT:cell" label="cell"/>
      <span end="20208" id="15345036-3829" start="20204">cell</span>
    </annotation>
    <annotation annotator="Mike Bada, University of Colorado Anschutz Medical Campus" id="GO_CC_2016_02_16_test_Instance_13439" type="identity">
      <class id="CL_GO_EXT:cell" label="cell"/>
      <span end="20465" id="15345036-4127" start="20460">cells</span>
    </annotation>
    <annotation annotator="Mike Bada, University of Colorado Anschutz Medical Campus" id="GO_CC_2016_02_16_test_Instance_13441" type="identity">
      <class id="CL_GO_EXT:cell" label="cell"/>
      <span end="20591" id="15345036-4129" start="20586">cells</span>
    </annotation>
    <annotation annotator="Mike Bada, University of Colorado Anschutz Medical Campus" id="GO_CC_2016_02_16_test_Instance_13143" type="identity">
      <class id="CL_GO_EXT:cell" label="cell"/>
      <span end="20633" id="15345036-3831" start="20629">cell</span>
    </annotation>
    <annotation annotator="Mike Bada, University of Colorado Anschutz Medical Campus" id="GO_CC_2016_02_16_test_Instance_13145" type="identity">
      <class id="CL_GO_EXT:cell" label="cell"/>
      <span end="20730" id="15345036-3833" start="20725">cells</span>
    </annotation>
    <annotation annotator="Mike Bada, University of Colorado Anschutz Medical Campus" id="GO_CC_2016_02_16_test_Instance_13147" type="identity">
      <class id="CL_GO_EXT:cell" label="cell"/>
      <span end="21000" id="15345036-3835" start="20996">cell</span>
    </annotation>
    <annotation annotator="Mike Bada, University of Colorado Anschutz Medical Campus" id="GO_CC_2016_02_16_test_Instance_13149" type="identity">
      <class id="CL_GO_EXT:cell" label="cell"/>
      <span end="21157" id="15345036-3837" start="21153">cell</span>
    </annotation>
    <annotation annotator="Mike Bada, University of Colorado Anschutz Medical Campus" id="GO_CC_2016_02_16_test_Instance_13151" type="identity">
      <class id="CL_GO_EXT:cell" label="cell"/>
      <span end="21239" id="15345036-3839" start="21235">cell</span>
    </annotation>
    <annotation annotator="Mike Bada, University of Colorado Anschutz Medical Campus" id="GO_CC_2016_02_16_test_Instance_13153" type="identity">
      <class id="CL_GO_EXT:cell" label="cell"/>
      <span end="21458" id="15345036-3841" start="21453">cells</span>
    </annotation>
    <annotation annotator="Mike Bada, University of Colorado Anschutz Medical Campus" id="GO_CC_2016_02_16_test_Instance_13155" type="identity">
      <class id="CL_GO_EXT:cell" label="cell"/>
      <span end="21542" id="15345036-3843" start="21537">cells</span>
    </annotation>
    <annotation annotator="Mike Bada, University of Colorado Anschutz Medical Campus" id="GO_CC_2016_02_16_test_Instance_13157" type="identity">
      <class id="CL_GO_EXT:cell" label="cell"/>
      <span end="21857" id="15345036-3845" start="21852">cells</span>
    </annotation>
    <annotation annotator="Mike Bada, University of Colorado Anschutz Medical Campus" id="GO_CC_2016_02_16_test_Instance_13159" type="identity">
      <class id="CL_GO_EXT:cell" label="cell"/>
      <span end="22132" id="15345036-3847" start="22128">cell</span>
    </annotation>
    <annotation annotator="Mike Bada, University of Colorado Anschutz Medical Campus" id="GO_CC_2016_02_16_test_Instance_13161" type="identity">
      <class id="CL_GO_EXT:cell" label="cell"/>
      <span end="22301" id="15345036-3849" start="22296">cells</span>
    </annotation>
    <annotation annotator="Mike Bada, University of Colorado Anschutz Medical Campus" id="GO_CC_2016_02_16_test_Instance_13163" type="identity">
      <class id="CL_GO_EXT:cell" label="cell"/>
      <span end="22459" id="15345036-3851" start="22454">cells</span>
    </annotation>
    <annotation annotator="Mike Bada, University of Colorado Anschutz Medical Campus" id="GO_CC_2016_02_16_test_Instance_13165" type="identity">
      <class id="CL_GO_EXT:cell" label="cell"/>
      <span end="22555" id="15345036-3853" start="22550">cells</span>
    </annotation>
    <annotation annotator="Mike Bada, University of Colorado Anschutz Medical Campus" id="GO_CC_2016_02_16_test_Instance_13167" type="identity">
      <class id="CL_GO_EXT:cell" label="cell"/>
      <span end="22696" id="15345036-3855" start="22691">cells</span>
    </annotation>
    <annotation annotator="Mike Bada, University of Colorado Anschutz Medical Campus" id="GO_CC_2016_02_16_test_Instance_13169" type="identity">
      <class id="CL_GO_EXT:cell" label="cell"/>
      <span end="22796" id="15345036-3857" start="22792">cell</span>
    </annotation>
    <annotation annotator="Mike Bada, University of Colorado Anschutz Medical Campus" id="GO_CC_2016_02_16_test_Instance_13171" type="identity">
      <class id="CL_GO_EXT:cell" label="cell"/>
      <span end="22941" id="15345036-3859" start="22936">cells</span>
    </annotation>
    <annotation annotator="Mike Bada, University of Colorado Anschutz Medical Campus" id="GO_CC_2016_02_16_test_Instance_13173" type="identity">
      <class id="CL_GO_EXT:cell" label="cell"/>
      <span end="23180" id="15345036-3861" start="23176">cell</span>
    </annotation>
    <annotation annotator="Mike Bada, University of Colorado Anschutz Medical Campus" id="GO_CC_2016_02_16_test_Instance_13175" type="identity">
      <class id="CL_GO_EXT:cell" label="cell"/>
      <span end="23290" id="15345036-3863" start="23285">cells</span>
    </annotation>
    <annotation annotator="Mike Bada, University of Colorado Anschutz Medical Campus" id="GO_CC_2016_02_16_test_Instance_13177" type="identity">
      <class id="CL_GO_EXT:cell" label="cell"/>
      <span end="23392" id="15345036-3865" start="23388">cell</span>
    </annotation>
    <annotation annotator="Mike Bada, University of Colorado Anschutz Medical Campus" id="GO_CC_2016_02_16_test_Instance_13179" type="identity">
      <class id="CL_GO_EXT:cell" label="cell"/>
      <span end="23715" id="15345036-3867" start="23710">cells</span>
    </annotation>
    <annotation annotator="Mike Bada, University of Colorado Anschutz Medical Campus" id="GO_CC_2016_02_16_test_Instance_28043" type="identity">
      <class id="GO:0009986" label="cell surface"/>
      <span end="24224" id="15345036-4185" start="24217">surface</span>
    </annotation>
    <annotation annotator="Mike Bada, University of Colorado Anschutz Medical Campus" id="GO_CC_2016_02_16_test_Instance_13181" type="identity">
      <class id="CL_GO_EXT:cell" label="cell"/>
      <span end="24332" id="15345036-3869" start="24327">cells</span>
    </annotation>
    <annotation annotator="Mike Bada, University of Colorado Anschutz Medical Campus" id="GO_CC_2016_02_16_test_Instance_13183" type="identity">
      <class id="CL_GO_EXT:cell" label="cell"/>
      <span end="24385" id="15345036-3871" start="24380">cells</span>
    </annotation>
    <annotation annotator="Mike Bada, University of Colorado Anschutz Medical Campus" id="GO_CC_2016_02_16_test_Instance_13185" type="identity">
      <class id="CL_GO_EXT:cell" label="cell"/>
      <span end="24585" id="15345036-3873" start="24580">cells</span>
    </annotation>
    <annotation annotator="Mike Bada, University of Colorado Anschutz Medical Campus" id="GO_CC_2016_02_16_test_Instance_13187" type="identity">
      <class id="CL_GO_EXT:cell" label="cell"/>
      <span end="24633" id="15345036-3875" start="24628">cells</span>
    </annotation>
    <annotation annotator="Mike Bada, University of Colorado Anschutz Medical Campus" id="GO_CC_2016_02_16_test_Instance_13189" type="identity">
      <class id="CL_GO_EXT:cell" label="cell"/>
      <span end="24753" id="15345036-3877" start="24749">cell</span>
    </annotation>
    <annotation annotator="Mike Bada, University of Colorado Anschutz Medical Campus" id="GO_CC_2016_02_16_test_Instance_13191" type="identity">
      <class id="CL_GO_EXT:cell" label="cell"/>
      <span end="24867" id="15345036-3879" start="24862">cells</span>
    </annotation>
    <annotation annotator="Mike Bada, University of Colorado Anschutz Medical Campus" id="GO_CC_2016_02_16_test_Instance_13193" type="identity">
      <class id="CL_GO_EXT:cell" label="cell"/>
      <span end="24924" id="15345036-3881" start="24919">cells</span>
    </annotation>
    <annotation annotator="Mike Bada, University of Colorado Anschutz Medical Campus" id="GO_CC_2016_02_16_test_Instance_13195" type="identity">
      <class id="CL_GO_EXT:cell" label="cell"/>
      <span end="25032" id="15345036-3883" start="25028">cell</span>
    </annotation>
    <annotation annotator="Mike Bada, University of Colorado Anschutz Medical Campus" id="GO_CC_2016_02_16_test_Instance_13197" type="identity">
      <class id="CL_GO_EXT:cell" label="cell"/>
      <span end="25279" id="15345036-3885" start="25274">cells</span>
    </annotation>
    <annotation annotator="Mike Bada, University of Colorado Anschutz Medical Campus" id="GO_CC_2016_02_16_test_Instance_13199" type="identity">
      <class id="CL_GO_EXT:cell" label="cell"/>
      <span end="25428" id="15345036-3887" start="25424">cell</span>
    </annotation>
    <annotation annotator="Mike Bada, University of Colorado Anschutz Medical Campus" id="GO_CC_2016_02_16_test_Instance_13201" type="identity">
      <class id="CL_GO_EXT:cell" label="cell"/>
      <span end="25528" id="15345036-3889" start="25524">cell</span>
    </annotation>
    <annotation annotator="Mike Bada, University of Colorado Anschutz Medical Campus" id="GO_CC_2016_02_16_test_Instance_13203" type="identity">
      <class id="CL_GO_EXT:cell" label="cell"/>
      <span end="25671" id="15345036-3891" start="25667">cell</span>
    </annotation>
    <annotation annotator="Mike Bada, University of Colorado Anschutz Medical Campus" id="GO_CC_2016_02_16_test_Instance_13205" type="identity">
      <class id="CL_GO_EXT:cell" label="cell"/>
      <span end="25827" id="15345036-3893" start="25822">cells</span>
    </annotation>
    <annotation annotator="Mike Bada, University of Colorado Anschutz Medical Campus" id="GO_CC_2016_02_16_test_Instance_13207" type="identity">
      <class id="CL_GO_EXT:cell" label="cell"/>
      <span end="25981" id="15345036-3895" start="25976">cells</span>
    </annotation>
    <annotation annotator="Mike Bada, University of Colorado Anschutz Medical Campus" id="GO_CC_2016_02_16_test_Instance_13209" type="identity">
      <class id="CL_GO_EXT:cell" label="cell"/>
      <span end="26281" id="15345036-3897" start="26276">cells</span>
    </annotation>
    <annotation annotator="Mike Bada, University of Colorado Anschutz Medical Campus" id="GO_CC_2016_02_16_test_Instance_13211" type="identity">
      <class id="CL_GO_EXT:cell" label="cell"/>
      <span end="26355" id="15345036-3899" start="26350">cells</span>
    </annotation>
    <annotation annotator="Mike Bada, University of Colorado Anschutz Medical Campus" id="GO_CC_2016_02_16_test_Instance_13213" type="identity">
      <class id="CL_GO_EXT:cell" label="cell"/>
      <span end="26512" id="15345036-3901" start="26507">cells</span>
    </annotation>
    <annotation annotator="Mike Bada, University of Colorado Anschutz Medical Campus" id="GO_CC_2016_02_16_test_Instance_13215" type="identity">
      <class id="CL_GO_EXT:cell" label="cell"/>
      <span end="26639" id="15345036-3903" start="26634">cells</span>
    </annotation>
    <annotation annotator="Mike Bada, University of Colorado Anschutz Medical Campus" id="GO_CC_2016_02_16_test_Instance_13217" type="identity">
      <class id="CL_GO_EXT:cell" label="cell"/>
      <span end="26701" id="15345036-3905" start="26696">cells</span>
    </annotation>
    <annotation annotator="Mike Bada, University of Colorado Anschutz Medical Campus" id="GO_CC_2016_02_16_test_Instance_13219" type="identity">
      <class id="CL_GO_EXT:cell" label="cell"/>
      <span end="26736" id="15345036-3907" start="26732">cell</span>
    </annotation>
    <annotation annotator="Mike Bada, University of Colorado Anschutz Medical Campus" id="GO_CC_2016_02_16_test_Instance_13443" type="identity">
      <class id="CL_GO_EXT:cell" label="cell"/>
      <span end="26937" id="15345036-4131" start="26932">cells</span>
    </annotation>
    <annotation annotator="Mike Bada, University of Colorado Anschutz Medical Campus" id="GO_CC_2016_02_16_test_Instance_13445" type="identity">
      <class id="CL_GO_EXT:cell" label="cell"/>
      <span end="27101" id="15345036-4133" start="27096">cells</span>
    </annotation>
    <annotation annotator="Mike Bada, University of Colorado Anschutz Medical Campus" id="GO_CC_2016_02_16_test_Instance_13221" type="identity">
      <class id="CL_GO_EXT:cell" label="cell"/>
      <span end="27256" id="15345036-3909" start="27251">cells</span>
    </annotation>
    <annotation annotator="Mike Bada, University of Colorado Anschutz Medical Campus" id="GO_CC_2016_02_16_test_Instance_13223" type="identity">
      <class id="CL_GO_EXT:cell" label="cell"/>
      <span end="27418" id="15345036-3911" start="27413">cells</span>
    </annotation>
    <annotation annotator="Mike Bada, University of Colorado Anschutz Medical Campus" id="GO_CC_2016_02_16_test_Instance_13225" type="identity">
      <class id="CL_GO_EXT:cell" label="cell"/>
      <span end="27616" id="15345036-3913" start="27611">cells</span>
    </annotation>
    <annotation annotator="Mike Bada, University of Colorado Anschutz Medical Campus" id="GO_CC_2016_02_16_test_Instance_13227" type="identity">
      <class id="CL_GO_EXT:cell" label="cell"/>
      <span end="27879" id="15345036-3915" start="27874">cells</span>
    </annotation>
    <annotation annotator="Mike Bada, University of Colorado Anschutz Medical Campus" id="GO_CC_2016_02_16_test_Instance_13229" type="identity">
      <class id="CL_GO_EXT:cell" label="cell"/>
      <span end="28541" id="15345036-3917" start="28536">cells</span>
    </annotation>
    <annotation annotator="Mike Bada, University of Colorado Anschutz Medical Campus" id="GO_CC_2016_02_16_test_Instance_13231" type="identity">
      <class id="CL_GO_EXT:cell" label="cell"/>
      <span end="28588" id="15345036-3919" start="28583">cells</span>
    </annotation>
    <annotation annotator="Mike Bada, University of Colorado Anschutz Medical Campus" id="GO_CC_2016_02_16_test_Instance_13233" type="identity">
      <class id="CL_GO_EXT:cell" label="cell"/>
      <span end="28819" id="15345036-3921" start="28814">cells</span>
    </annotation>
    <annotation annotator="Mike Bada, University of Colorado Anschutz Medical Campus" id="GO_CC_2016_02_16_test_Instance_13235" type="identity">
      <class id="CL_GO_EXT:cell" label="cell"/>
      <span end="28997" id="15345036-3923" start="28992">cells</span>
    </annotation>
    <annotation annotator="Mike Bada, University of Colorado Anschutz Medical Campus" id="GO_CC_2016_02_16_test_Instance_13237" type="identity">
      <class id="CL_GO_EXT:cell" label="cell"/>
      <span end="29389" id="15345036-3925" start="29384">cells</span>
    </annotation>
    <annotation annotator="Mike Bada, University of Colorado Anschutz Medical Campus" id="GO_CC_2016_02_16_test_Instance_13239" type="identity">
      <class id="CL_GO_EXT:cell" label="cell"/>
      <span end="29572" id="15345036-3927" start="29567">cells</span>
    </annotation>
    <annotation annotator="Mike Bada, University of Colorado Anschutz Medical Campus" id="GO_CC_2016_02_16_test_Instance_13241" type="identity">
      <class id="CL_GO_EXT:cell" label="cell"/>
      <span end="32520" id="15345036-3929" start="32516">cell</span>
    </annotation>
    <annotation annotator="Mike Bada, University of Colorado Anschutz Medical Campus" id="GO_CC_2016_02_16_test_Instance_13243" type="identity">
      <class id="CL_GO_EXT:cell" label="cell"/>
      <span end="32820" id="15345036-3931" start="32815">cells</span>
    </annotation>
    <annotation annotator="Mike Bada, University of Colorado Anschutz Medical Campus" id="GO_CC_2016_02_16_test_Instance_13245" type="identity">
      <class id="CL_GO_EXT:cell" label="cell"/>
      <span end="32916" id="15345036-3933" start="32911">cells</span>
    </annotation>
    <annotation annotator="Mike Bada, University of Colorado Anschutz Medical Campus" id="GO_CC_2016_02_16_test_Instance_13247" type="identity">
      <class id="CL_GO_EXT:cell" label="cell"/>
      <span end="33092" id="15345036-3935" start="33087">cells</span>
    </annotation>
    <annotation annotator="" id="GO_CC+extensions+nested_Instance_10014" type="identity">
      <class id="GO_UBERON_EXT:lumen" label="lumen"/>
      <span end="33820" id="15345036-3685" start="33815">lumen</span>
    </annotation>
    <annotation annotator="Mike Bada, University of Colorado Anschutz Medical Campus" id="GO_CC_2016_02_16_test_Instance_13249" type="identity">
      <class id="CL_GO_EXT:cell" label="cell"/>
      <span end="34379" id="15345036-3937" start="34374">cells</span>
    </annotation>
    <annotation annotator="Mike Bada, University of Colorado Anschutz Medical Campus" id="GO_CC_2016_02_16_test_Instance_13251" type="identity">
      <class id="CL_GO_EXT:cell" label="cell"/>
      <span end="36953" id="15345036-3939" start="36949">cell</span>
    </annotation>
    <annotation annotator="Mike Bada, University of Colorado Anschutz Medical Campus" id="GO_CC_2016_02_16_test_Instance_13253" type="identity">
      <class id="CL_GO_EXT:cell" label="cell"/>
      <span end="37111" id="15345036-3941" start="37106">cells</span>
    </annotation>
    <annotation annotator="Mike Bada, University of Colorado Anschutz Medical Campus" id="GO_CC_2016_02_16_test_Instance_13255" type="identity">
      <class id="CL_GO_EXT:cell" label="cell"/>
      <span end="37219" id="15345036-3943" start="37215">cell</span>
    </annotation>
    <annotation annotator="Mike Bada, University of Colorado Anschutz Medical Campus" id="GO_CC_2016_02_16_test_Instance_13257" type="identity">
      <class id="CL_GO_EXT:cell" label="cell"/>
      <span end="37371" id="15345036-3945" start="37367">cell</span>
    </annotation>
    <annotation annotator="Mike Bada, University of Colorado Anschutz Medical Campus" id="GO_CC_2016_02_16_test_Instance_13259" type="identity">
      <class id="CL_GO_EXT:cell" label="cell"/>
      <span end="37446" id="15345036-3947" start="37442">cell</span>
    </annotation>
    <annotation annotator="Mike Bada, University of Colorado Anschutz Medical Campus" id="GO_CC_2016_02_16_test_Instance_13261" type="identity">
      <class id="CL_GO_EXT:cell" label="cell"/>
      <span end="37809" id="15345036-3949" start="37805">cell</span>
    </annotation>
    <annotation annotator="Mike Bada, University of Colorado Anschutz Medical Campus" id="GO_CC_2016_02_16_test_Instance_13263" type="identity">
      <class id="CL_GO_EXT:cell" label="cell"/>
      <span end="37947" id="15345036-3951" start="37943">cell</span>
    </annotation>
    <annotation annotator="Mike Bada, University of Colorado Anschutz Medical Campus" id="GO_CC_2016_02_16_test_Instance_13265" type="identity">
      <class id="CL_GO_EXT:cell" label="cell"/>
      <span end="38240" id="15345036-3953" start="38235">cells</span>
    </annotation>
    <annotation annotator="" id="GO_CC_2016_02_16_Instance_30037" type="identity">
      <class id="GO:0042571" label="immunoglobulin complex, circulating"/>
      <span end="38394" id="15345036-3705" start="38386">antibody</span>
    </annotation>
    <annotation annotator="Mike Bada, University of Colorado Anschutz Medical Campus" id="GO_CC_2016_02_16_test_Instance_13267" type="identity">
      <class id="CL_GO_EXT:cell" label="cell"/>
      <span end="38905" id="15345036-3955" start="38900">cells</span>
    </annotation>
    <annotation annotator="Mike Bada, University of Colorado Anschutz Medical Campus" id="GO_CC_2016_02_16_test_Instance_13269" type="identity">
      <class id="CL_GO_EXT:cell" label="cell"/>
      <span end="38922" id="15345036-3957" start="38918">cell</span>
    </annotation>
    <annotation annotator="Mike Bada, University of Colorado Anschutz Medical Campus" id="GO_CC_2016_02_16_test_Instance_13271" type="identity">
      <class id="CL_GO_EXT:cell" label="cell"/>
      <span end="39005" id="15345036-3959" start="39001">cell</span>
    </annotation>
    <annotation annotator="Mike Bada, University of Colorado Anschutz Medical Campus" id="GO_CC_2016_02_16_test_Instance_13273" type="identity">
      <class id="CL_GO_EXT:cell" label="cell"/>
      <span end="39072" id="15345036-3961" start="39067">cells</span>
    </annotation>
    <annotation annotator="Mike Bada, University of Colorado Anschutz Medical Campus" id="GO_CC_2016_02_16_test_Instance_13275" type="identity">
      <class id="CL_GO_EXT:cell" label="cell"/>
      <span end="39458" id="15345036-3963" start="39454">cell</span>
    </annotation>
    <annotation annotator="Mike Bada, University of Colorado Anschutz Medical Campus" id="GO_CC_2016_02_16_test_Instance_13447" type="identity">
      <class id="CL_GO_EXT:cell" label="cell"/>
      <span end="39917" id="15345036-4135" start="39912">cells</span>
    </annotation>
    <annotation annotator="Mike Bada, University of Colorado Anschutz Medical Campus" id="GO_CC_2016_02_16_test_Instance_13449" type="identity">
      <class id="CL_GO_EXT:cell" label="cell"/>
      <span end="40013" id="15345036-4137" start="40008">cells</span>
    </annotation>
    <annotation annotator="Mike Bada, University of Colorado Anschutz Medical Campus" id="GO_CC_2016_02_16_test_Instance_13277" type="identity">
      <class id="CL_GO_EXT:cell" label="cell"/>
      <span end="40046" id="15345036-3965" start="40042">cell</span>
    </annotation>
    <annotation annotator="Mike Bada, University of Colorado Anschutz Medical Campus" id="GO_CC_2016_02_16_test_Instance_13279" type="identity">
      <class id="CL_GO_EXT:cell" label="cell"/>
      <span end="40137" id="15345036-3967" start="40132">cells</span>
    </annotation>
    <annotation annotator="Mike Bada, University of Colorado Anschutz Medical Campus" id="GO_CC_2016_02_16_test_Instance_13281" type="identity">
      <class id="CL_GO_EXT:cell" label="cell"/>
      <span end="40391" id="15345036-3969" start="40386">cells</span>
    </annotation>
    <annotation annotator="Mike Bada, University of Colorado Anschutz Medical Campus" id="GO_CC_2016_02_16_test_Instance_13283" type="identity">
      <class id="CL_GO_EXT:cell" label="cell"/>
      <span end="40524" id="15345036-3971" start="40519">cells</span>
    </annotation>
    <annotation annotator="Mike Bada, University of Colorado Anschutz Medical Campus" id="GO_CC_2016_02_16_test_Instance_13285" type="identity">
      <class id="CL_GO_EXT:cell" label="cell"/>
      <span end="40645" id="15345036-3973" start="40640">cells</span>
    </annotation>
    <annotation annotator="Mike Bada, University of Colorado Anschutz Medical Campus" id="GO_CC_2016_02_16_test_Instance_13287" type="identity">
      <class id="CL_GO_EXT:cell" label="cell"/>
      <span end="40721" id="15345036-3975" start="40717">cell</span>
    </annotation>
    <annotation annotator="Mike Bada, University of Colorado Anschutz Medical Campus" id="GO_CC_2016_02_16_test_Instance_13289" type="identity">
      <class id="CL_GO_EXT:cell" label="cell"/>
      <span end="40979" id="15345036-3977" start="40974">cells</span>
    </annotation>
    <annotation annotator="Mike Bada, University of Colorado Anschutz Medical Campus" id="GO_CC_2016_02_16_test_Instance_13291" type="identity">
      <class id="CL_GO_EXT:cell" label="cell"/>
      <span end="41214" id="15345036-3979" start="41209">cells</span>
    </annotation>
    <annotation annotator="Mike Bada, University of Colorado Anschutz Medical Campus" id="GO_CC_2016_02_16_test_Instance_13293" type="identity">
      <class id="CL_GO_EXT:cell" label="cell"/>
      <span end="41312" id="15345036-3981" start="41304">cellular</span>
    </annotation>
    <annotation annotator="Mike Bada, University of Colorado Anschutz Medical Campus" id="GO_CC_2016_02_16_test_Instance_13295" type="identity">
      <class id="CL_GO_EXT:cell" label="cell"/>
      <span end="41728" id="15345036-3983" start="41723">cells</span>
    </annotation>
    <annotation annotator="Mike Bada, University of Colorado Anschutz Medical Campus" id="GO_CC_2016_02_16_test_Instance_13297" type="identity">
      <class id="CL_GO_EXT:cell" label="cell"/>
      <span end="42028" id="15345036-3985" start="42023">cells</span>
    </annotation>
    <annotation annotator="Mike Bada, University of Colorado Anschutz Medical Campus" id="GO_CC_2016_02_16_test_Instance_13299" type="identity">
      <class id="CL_GO_EXT:cell" label="cell"/>
      <span end="42102" id="15345036-3987" start="42097">cells</span>
    </annotation>
    <annotation annotator="Mike Bada, University of Colorado Anschutz Medical Campus" id="GO_CC_2016_02_16_test_Instance_13301" type="identity">
      <class id="CL_GO_EXT:cell" label="cell"/>
      <span end="42260" id="15345036-3989" start="42255">cells</span>
    </annotation>
    <annotation annotator="Mike Bada, University of Colorado Anschutz Medical Campus" id="GO_CC_2016_02_16_test_Instance_13303" type="identity">
      <class id="CL_GO_EXT:cell" label="cell"/>
      <span end="42324" id="15345036-3991" start="42319">cells</span>
    </annotation>
    <annotation annotator="Mike Bada, University of Colorado Anschutz Medical Campus" id="GO_CC_2016_02_16_test_Instance_13305" type="identity">
      <class id="CL_GO_EXT:cell" label="cell"/>
      <span end="42463" id="15345036-3993" start="42458">cells</span>
    </annotation>
    <annotation annotator="Mike Bada, University of Colorado Anschutz Medical Campus" id="GO_CC_2016_02_16_test_Instance_13307" type="identity">
      <class id="CL_GO_EXT:cell" label="cell"/>
      <span end="42641" id="15345036-3995" start="42636">cells</span>
    </annotation>
    <annotation annotator="Mike Bada, University of Colorado Anschutz Medical Campus" id="GO_CC_2016_02_16_test_Instance_13309" type="identity">
      <class id="CL_GO_EXT:cell" label="cell"/>
      <span end="42726" id="15345036-3997" start="42721">cells</span>
    </annotation>
    <annotation annotator="Mike Bada, University of Colorado Anschutz Medical Campus" id="GO_CC_2016_02_16_test_Instance_13311" type="identity">
      <class id="CL_GO_EXT:cell" label="cell"/>
      <span end="42765" id="15345036-3999" start="42761">cell</span>
    </annotation>
    <annotation annotator="Mike Bada, University of Colorado Anschutz Medical Campus" id="GO_CC_2016_02_16_test_Instance_13313" type="identity">
      <class id="CL_GO_EXT:cell" label="cell"/>
      <span end="42982" id="15345036-4001" start="42977">cells</span>
    </annotation>
    <annotation annotator="Mike Bada, University of Colorado Anschutz Medical Campus" id="GO_CC_2016_02_16_test_Instance_13315" type="identity">
      <class id="CL_GO_EXT:cell" label="cell"/>
      <span end="43063" id="15345036-4003" start="43058">cells</span>
    </annotation>
    <annotation annotator="Mike Bada, University of Colorado Anschutz Medical Campus" id="GO_CC_2016_02_16_test_Instance_13317" type="identity">
      <class id="CL_GO_EXT:cell" label="cell"/>
      <span end="43117" id="15345036-4005" start="43112">cells</span>
    </annotation>
    <annotation annotator="Mike Bada, University of Colorado Anschutz Medical Campus" id="GO_CC_2016_02_16_test_Instance_13319" type="identity">
      <class id="CL_GO_EXT:cell" label="cell"/>
      <span end="43518" id="15345036-4007" start="43513">cells</span>
    </annotation>
    <annotation annotator="Mike Bada, University of Colorado Anschutz Medical Campus" id="GO_CC_2016_02_16_test_Instance_13321" type="identity">
      <class id="CL_GO_EXT:cell" label="cell"/>
      <span end="43696" id="15345036-4009" start="43691">cells</span>
    </annotation>
    <annotation annotator="Mike Bada, University of Colorado Anschutz Medical Campus" id="GO_CC_2016_02_16_test_Instance_13323" type="identity">
      <class id="CL_GO_EXT:cell" label="cell"/>
      <span end="43741" id="15345036-4011" start="43736">cells</span>
    </annotation>
    <annotation annotator="Mike Bada, University of Colorado Anschutz Medical Campus" id="GO_CC_2016_02_16_test_Instance_13325" type="identity">
      <class id="CL_GO_EXT:cell" label="cell"/>
      <span end="43782" id="15345036-4013" start="43778">cell</span>
    </annotation>
    <annotation annotator="Mike Bada, University of Colorado Anschutz Medical Campus" id="GO_CC_2016_02_16_test_Instance_13327" type="identity">
      <class id="CL_GO_EXT:cell" label="cell"/>
      <span end="43837" id="15345036-4015" start="43832">cells</span>
    </annotation>
    <annotation annotator="Mike Bada, University of Colorado Anschutz Medical Campus" id="GO_CC_2016_02_16_test_Instance_13329" type="identity">
      <class id="CL_GO_EXT:cell" label="cell"/>
      <span end="43981" id="15345036-4017" start="43976">cells</span>
    </annotation>
    <annotation annotator="Mike Bada, University of Colorado Anschutz Medical Campus" id="GO_CC_2016_02_16_test_Instance_13331" type="identity">
      <class id="CL_GO_EXT:cell" label="cell"/>
      <span end="44251" id="15345036-4019" start="44246">cells</span>
    </annotation>
    <annotation annotator="Mike Bada, University of Colorado Anschutz Medical Campus" id="GO_CC_2016_02_16_test_Instance_13333" type="identity">
      <class id="CL_GO_EXT:cell" label="cell"/>
      <span end="44377" id="15345036-4021" start="44373">cell</span>
    </annotation>
    <annotation annotator="Mike Bada, University of Colorado Anschutz Medical Campus" id="GO_CC_2016_02_16_test_Instance_13335" type="identity">
      <class id="CL_GO_EXT:cell" label="cell"/>
      <span end="44905" id="15345036-4023" start="44901">cell</span>
    </annotation>
    <annotation annotator="Mike Bada, University of Colorado Anschutz Medical Campus" id="GO_CC_2016_02_16_test_Instance_13337" type="identity">
      <class id="CL_GO_EXT:cell" label="cell"/>
      <span end="45049" id="15345036-4025" start="45045">cell</span>
    </annotation>
    <annotation annotator="Mike Bada, University of Colorado Anschutz Medical Campus" id="GO_CC_2016_02_16_test_Instance_13339" type="identity">
      <class id="CL_GO_EXT:cell" label="cell"/>
      <span end="45448" id="15345036-4027" start="45443">cells</span>
    </annotation>
    <annotation annotator="Mike Bada, University of Colorado Anschutz Medical Campus" id="GO_CC_2016_02_16_test_Instance_13341" type="identity">
      <class id="CL_GO_EXT:cell" label="cell"/>
      <span end="45486" id="15345036-4029" start="45478">cellular</span>
    </annotation>
    <annotation annotator="Mike Bada, University of Colorado Anschutz Medical Campus" id="GO_CC_2016_02_16_test_Instance_28047" type="identity">
      <class id="GO:0005634" label="nucleus"/>
      <span end="45753" id="15345036-4187" start="45746">nuclear</span>
    </annotation>
    <annotation annotator="Mike Bada, University of Colorado Anschutz Medical Campus" id="GO_CC_2016_02_16_test_Instance_13343" type="identity">
      <class id="CL_GO_EXT:cell" label="cell"/>
      <span end="46057" id="15345036-4031" start="46053">cell</span>
    </annotation>
    <annotation annotator="Mike Bada, University of Colorado Anschutz Medical Campus" id="GO_CC_2016_02_16_test_Instance_13345" type="identity">
      <class id="CL_GO_EXT:cell" label="cell"/>
      <span end="46400" id="15345036-4033" start="46396">cell</span>
    </annotation>
    <annotation annotator="Mike Bada, University of Colorado Anschutz Medical Campus" id="GO_CC_2016_02_16_test_Instance_13347" type="identity">
      <class id="CL_GO_EXT:cell" label="cell"/>
      <span end="46785" id="15345036-4035" start="46780">cells</span>
    </annotation>
    <annotation annotator="" id="GO_CC_2016_02_16_Instance_20000" type="identity">
      <class id="GO:0042571" label="immunoglobulin complex, circulating"/>
      <span end="46825" id="15345036-3689" start="46817">antibody</span>
    </annotation>
    <annotation annotator="" id="GO_CC_2016_02_16_Instance_40006" type="identity">
      <class id="GO:0042571" label="immunoglobulin complex, circulating"/>
      <span end="46857" id="15345036-3711" start="46849">antibody</span>
    </annotation>
    <annotation annotator="" id="GO_CC_2016_02_16_Instance_40008" type="identity">
      <class id="GO_UBERON_EXT:cellular_component_or_cell_part" label="cell component/part"/>
      <span end="46935" id="15345036-3713" start="46924">subcellular</span>
    </annotation>
    <annotation annotator="" id="GO_CC_2016_02_16_Instance_40010" type="identity">
      <class id="GO:0016020" label="membrane"/>
      <span end="47015" id="15345036-3715" start="47007">membrane</span>
    </annotation>
    <annotation annotator="Mike Bada, University of Colorado Anschutz Medical Campus" id="GO_CC_2016_02_16_test_Instance_13349" type="identity">
      <class id="CL_GO_EXT:cell" label="cell"/>
      <span end="47507" id="15345036-4037" start="47502">cells</span>
    </annotation>
    <annotation annotator="" id="GO_CC_2016_02_16_Instance_40002" type="identity">
      <class id="GO:0042571" label="immunoglobulin complex, circulating"/>
      <span end="47724" id="15345036-3707" start="47716">antibody</span>
    </annotation>
    <annotation annotator="Mike Bada, University of Colorado Anschutz Medical Campus" id="GO_CC_2016_02_16_test_Instance_28055" type="identity">
      <class id="GO:0016020" label="membrane"/>
      <span end="47779" id="15345036-4189" start="47771">membrane</span>
    </annotation>
    <annotation annotator="" id="GO_CC_2016_02_16_Instance_40004" type="identity">
      <class id="GO:0042571" label="immunoglobulin complex, circulating"/>
      <span end="47883" id="15345036-3709" start="47875">antibody</span>
    </annotation>
    <annotation annotator="Mike Bada, University of Colorado Anschutz Medical Campus" id="GO_CC_2016_02_16_test_Instance_13351" type="identity">
      <class id="CL_GO_EXT:cell" label="cell"/>
      <span end="48339" id="15345036-4039" start="48334">cells</span>
    </annotation>
    <annotation annotator="Mike Bada, University of Colorado Anschutz Medical Campus" id="GO_CC_2016_02_16_test_Instance_13353" type="identity">
      <class id="CL_GO_EXT:cell" label="cell"/>
      <span end="48627" id="15345036-4041" start="48623">cell</span>
    </annotation>
    <annotation annotator="Mike Bada, University of Colorado Anschutz Medical Campus" id="GO_CC_2016_02_16_test_Instance_13355" type="identity">
      <class id="CL_GO_EXT:cell" label="cell"/>
      <span end="48861" id="15345036-4043" start="48856">cells</span>
    </annotation>
    <annotation annotator="Mike Bada, University of Colorado Anschutz Medical Campus" id="GO_CC_2016_02_16_test_Instance_28059" type="identity">
      <class id="GO_SO_EXT:chromosome" label="chromosome"/>
      <span end="49233" id="15345036-4191" start="49223">chromosome</span>
    </annotation>
    <annotation annotator="Mike Bada, University of Colorado Anschutz Medical Campus" id="GO_CC_2016_02_16_test_Instance_13451" type="identity">
      <class id="CL_GO_EXT:cell" label="cell"/>
      <span end="49729" id="15345036-4139" start="49724">cells</span>
    </annotation>
    <annotation annotator="Mike Bada, University of Colorado Anschutz Medical Campus" id="GO_CC_2016_02_16_test_Instance_13453" type="identity">
      <class id="CL_GO_EXT:cell" label="cell"/>
      <span end="49783" id="15345036-4141" start="49778">cells</span>
    </annotation>
    <annotation annotator="Mike Bada, University of Colorado Anschutz Medical Campus" id="GO_CC_2016_02_16_test_Instance_13357" type="identity">
      <class id="CL_GO_EXT:cell" label="cell"/>
      <span end="49870" id="15345036-4045" start="49866">cell</span>
    </annotation>
    <annotation annotator="Mike Bada, University of Colorado Anschutz Medical Campus" id="GO_CC_2016_02_16_test_Instance_13359" type="identity">
      <class id="CL_GO_EXT:cell" label="cell"/>
      <span end="50116" id="15345036-4047" start="50111">cells</span>
    </annotation>
    <annotation annotator="Mike Bada, University of Colorado Anschutz Medical Campus" id="GO_CC_2016_02_16_test_Instance_13361" type="identity">
      <class id="CL_GO_EXT:cell" label="cell"/>
      <span end="50298" id="15345036-4049" start="50294">cell</span>
    </annotation>
    <annotation annotator="Mike Bada, University of Colorado Anschutz Medical Campus" id="GO_CC_2016_02_16_test_Instance_13455" type="identity">
      <class id="CL_GO_EXT:cell" label="cell"/>
      <span end="50552" id="15345036-4143" start="50548">cell</span>
    </annotation>
    <annotation annotator="Mike Bada, University of Colorado Anschutz Medical Campus" id="GO_CC_2016_02_16_test_Instance_13363" type="identity">
      <class id="CL_GO_EXT:cell" label="cell"/>
      <span end="50753" id="15345036-4051" start="50749">cell</span>
    </annotation>
    <annotation annotator="" id="GO_CC_2016_02_16_Instance_40012" type="identity">
      <class id="GO:0042571" label="immunoglobulin complex, circulating"/>
      <span end="54276" id="15345036-3717" start="54268">antibody</span>
    </annotation>
    <annotation annotator="" id="GO_CC_2016_02_16_Instance_40014" type="identity">
      <class id="GO:0042571" label="immunoglobulin complex, circulating"/>
      <span end="54449" id="15345036-3719" start="54439">antibodies</span>
    </annotation>
    <annotation annotator="Mike Bada, University of Colorado Anschutz Medical Campus" id="GO_CC_2016_02_16_test_Instance_13365" type="identity">
      <class id="CL_GO_EXT:cell" label="cell"/>
      <span end="56207" id="15345036-4053" start="56202">cells</span>
    </annotation>
    <annotation annotator="" id="GO_CC_2016_02_16_Instance_40016" type="identity">
      <class id="GO:0042571" label="immunoglobulin complex, circulating"/>
      <span end="56249" id="15345036-3721" start="56241">antibody</span>
    </annotation>
    <annotation annotator="" id="GO_CC_2016_02_16_Instance_40018" type="identity">
      <class id="GO:0042571" label="immunoglobulin complex, circulating"/>
      <span end="56387" id="15345036-3723" start="56377">antibodies</span>
    </annotation>
    <annotation annotator="" id="GO_CC_2016_02_16_Instance_40020" type="identity">
      <class id="GO:0042571" label="immunoglobulin complex, circulating"/>
      <span end="56518" id="15345036-3725" start="56508">antibodies</span>
    </annotation>
    <annotation annotator="Mike Bada, University of Colorado Anschutz Medical Campus" id="GO_CC_2016_02_16_test_Instance_13367" type="identity">
      <class id="CL_GO_EXT:cell" label="cell"/>
      <span end="57294" id="15345036-4055" start="57290">cell</span>
    </annotation>
    <annotation annotator="Mike Bada, University of Colorado Anschutz Medical Campus" id="GO_CC_2016_02_16_test_Instance_13369" type="identity">
      <class id="CL_GO_EXT:cell" label="cell"/>
      <span end="57354" id="15345036-4057" start="57349">cells</span>
    </annotation>
    <annotation annotator="Mike Bada, University of Colorado Anschutz Medical Campus" id="GO_CC_2016_02_16_test_Instance_13371" type="identity">
      <class id="CL_GO_EXT:cell" label="cell"/>
      <span end="57703" id="15345036-4059" start="57698">cells</span>
    </annotation>
    <annotation annotator="Mike Bada, University of Colorado Anschutz Medical Campus" id="GO_CC_2016_02_16_test_Instance_13457" type="identity">
      <class id="CL_GO_EXT:cell" label="cell"/>
      <span end="57922" id="15345036-4145" start="57917">cells</span>
    </annotation>
    <annotation annotator="Mike Bada, University of Colorado Anschutz Medical Campus" id="GO_CC_2016_02_16_test_Instance_13373" type="identity">
      <class id="CL_GO_EXT:cell" label="cell"/>
      <span end="57995" id="15345036-4061" start="57990">cells</span>
    </annotation>
    <annotation annotator="Mike Bada, University of Colorado Anschutz Medical Campus" id="GO_CC_2016_02_16_test_Instance_13375" type="identity">
      <class id="CL_GO_EXT:cell" label="cell"/>
      <span end="58163" id="15345036-4063" start="58158">cells</span>
    </annotation>
    <annotation annotator="Mike Bada, University of Colorado Anschutz Medical Campus" id="GO_CC_2016_02_16_test_Instance_13377" type="identity">
      <class id="CL_GO_EXT:cell" label="cell"/>
      <span end="58235" id="15345036-4065" start="58230">cells</span>
    </annotation>
    <annotation annotator="Mike Bada, University of Colorado Anschutz Medical Campus" id="GO_CC_2016_02_16_test_Instance_13379" type="identity">
      <class id="CL_GO_EXT:cell" label="cell"/>
      <span end="58328" id="15345036-4067" start="58323">cells</span>
    </annotation>
    <annotation annotator="Mike Bada, University of Colorado Anschutz Medical Campus" id="GO_CC_2016_02_16_test_Instance_13381" type="identity">
      <class id="CL_GO_EXT:cell" label="cell"/>
      <span end="58388" id="15345036-4069" start="58383">cells</span>
    </annotation>
    <annotation annotator="Mike Bada, University of Colorado Anschutz Medical Campus" id="GO_CC_2016_02_16_test_Instance_28073" type="identity">
      <class id="GO:0009986" label="cell surface"/>
      <span end="58465" id="15345036-4193" start="58458">surface</span>
    </annotation>
    <annotation annotator="Mike Bada, University of Colorado Anschutz Medical Campus" id="GO_CC_2016_02_16_test_Instance_13383" type="identity">
      <class id="CL_GO_EXT:cell" label="cell"/>
      <span end="58496" id="15345036-4071" start="58491">cells</span>
    </annotation>
    <annotation annotator="Mike Bada, University of Colorado Anschutz Medical Campus" id="GO_CC_2016_02_16_test_Instance_13385" type="identity">
      <class id="CL_GO_EXT:cell" label="cell"/>
      <span end="58807" id="15345036-4073" start="58802">cells</span>
    </annotation>
    <annotation annotator="Mike Bada, University of Colorado Anschutz Medical Campus" id="GO_CC_2016_02_16_test_Instance_13387" type="identity">
      <class id="CL_GO_EXT:cell" label="cell"/>
      <span end="58909" id="15345036-4075" start="58904">cells</span>
    </annotation>
    <annotation annotator="Mike Bada, University of Colorado Anschutz Medical Campus" id="GO_CC_2016_02_16_test_Instance_21381" type="identity">
      <class id="CL_GO_EXT:cell" label="cell"/>
      <span end="59033" id="15345036-4161" start="59028">Cells</span>
    </annotation>
    <annotation annotator="" id="GO_CC_2016_02_16_Instance_40022" type="identity">
      <class id="GO:0042571" label="immunoglobulin complex, circulating"/>
      <span end="59132" id="15345036-3727" start="59124">antibody</span>
    </annotation>
    <annotation annotator="" id="GO_CC_2016_02_16_Instance_40024" type="identity">
      <class id="GO:0042571" label="immunoglobulin complex, circulating"/>
      <span end="59175" id="15345036-3729" start="59167">antibody</span>
    </annotation>
    <annotation annotator="Mike Bada, University of Colorado Anschutz Medical Campus" id="GO_CC_2016_02_16_test_Instance_13389" type="identity">
      <class id="CL_GO_EXT:cell" label="cell"/>
      <span end="59628" id="15345036-4077" start="59623">cells</span>
    </annotation>
    <annotation annotator="Mike Bada, University of Colorado Anschutz Medical Campus" id="GO_CC_2016_02_16_test_Instance_13391" type="identity">
      <class id="CL_GO_EXT:cell" label="cell"/>
      <span end="59716" id="15345036-4079" start="59711">cells</span>
    </annotation>
    <annotation annotator="Mike Bada, University of Colorado Anschutz Medical Campus" id="GO_CC_2016_02_16_test_Instance_13393" type="identity">
      <class id="CL_GO_EXT:cell" label="cell"/>
      <span end="60099" id="15345036-4081" start="60094">cells</span>
    </annotation>
    <annotation annotator="Mike Bada, University of Colorado Anschutz Medical Campus" id="GO_CC_2016_02_16_test_Instance_13459" type="identity">
      <class id="CL_GO_EXT:cell" label="cell"/>
      <span end="61006" id="15345036-4147" start="61001">cells</span>
    </annotation>
    <annotation annotator="Mike Bada, University of Colorado Anschutz Medical Campus" id="GO_CC_2016_02_16_test_Instance_13461" type="identity">
      <class id="CL_GO_EXT:cell" label="cell"/>
      <span end="61299" id="15345036-4149" start="61294">cells</span>
    </annotation>
    <annotation annotator="Mike Bada, University of Colorado Anschutz Medical Campus" id="GO_CC_2016_02_16_test_Instance_13395" type="identity">
      <class id="CL_GO_EXT:cell" label="cell"/>
      <span end="61845" id="15345036-4083" start="61841">cell</span>
    </annotation>
    <annotation annotator="Mike Bada, University of Colorado Anschutz Medical Campus" id="GO_CC_2016_02_16_test_Instance_13397" type="identity">
      <class id="CL_GO_EXT:cell" label="cell"/>
      <span end="62160" id="15345036-4085" start="62156">cell</span>
    </annotation>
    <annotation annotator="Mike Bada, University of Colorado Anschutz Medical Campus" id="GO_CC_2016_02_16_test_Instance_13399" type="identity">
      <class id="CL_GO_EXT:cell" label="cell"/>
      <span end="62547" id="15345036-4087" start="62542">cells</span>
    </annotation>
    <annotation annotator="" id="GO_CC_2016_02_16_Instance_40026" type="identity">
      <class id="GO:0042571" label="immunoglobulin complex, circulating"/>
      <span end="63823" id="15345036-3731" start="63815">antibody</span>
    </annotation>
    <annotation annotator="Mike Bada, University of Colorado Anschutz Medical Campus" id="GO_CC_2016_02_16_test_Instance_13401" type="identity">
      <class id="CL_GO_EXT:cell" label="cell"/>
      <span end="65287" id="15345036-4089" start="65282">cells</span>
    </annotation>
    <annotation annotator="" id="GO_CC_2016_02_16_Instance_40028" type="identity">
      <class id="GO:0005773" label="vacuole"/>
      <span end="67040" id="15345036-3733" start="67032">vacuoles</span>
    </annotation>
    <annotation annotator="Mike Bada, University of Colorado Anschutz Medical Campus" id="GO_CC_2016_02_16_test_Instance_13463" type="identity">
      <class id="CL_GO_EXT:cell" label="cell"/>
      <span end="68753" id="15345036-4151" start="68749">cell</span>
    </annotation>
    <annotation annotator="Mike Bada, University of Colorado Anschutz Medical Campus" id="GO_CC_2016_02_16_test_Instance_13465" type="identity">
      <class id="CL_GO_EXT:cell" label="cell"/>
      <span end="68824" id="15345036-4153" start="68819">cells</span>
    </annotation>
    <annotation annotator="Mike Bada, University of Colorado Anschutz Medical Campus" id="GO_CC_2016_02_16_test_Instance_13467" type="identity">
      <class id="CL_GO_EXT:cell" label="cell"/>
      <span end="69025" id="15345036-4155" start="69020">cells</span>
    </annotation>
    <annotation annotator="Mike Bada, University of Colorado Anschutz Medical Campus" id="GO_CC_2016_02_16_test_Instance_13403" type="identity">
      <class id="CL_GO_EXT:cell" label="cell"/>
      <span end="69230" id="15345036-4091" start="69225">cells</span>
    </annotation>
    <annotation annotator="Mike Bada, University of Colorado Anschutz Medical Campus" id="GO_CC_2016_02_16_test_Instance_13405" type="identity">
      <class id="CL_GO_EXT:cell" label="cell"/>
      <span end="69382" id="15345036-4093" start="69377">cells</span>
    </annotation>
    <annotation annotator="Mike Bada, University of Colorado Anschutz Medical Campus" id="GO_CC_2016_02_16_test_Instance_13407" type="identity">
      <class id="CL_GO_EXT:cell" label="cell"/>
      <span end="69799" id="15345036-4095" start="69794">cells</span>
    </annotation>
    <annotation annotator="Mike Bada, University of Colorado Anschutz Medical Campus" id="GO_CC_2016_02_16_test_Instance_13469" type="identity">
      <class id="CL_GO_EXT:cell" label="cell"/>
      <span end="69994" id="15345036-4157" start="69989">cells</span>
    </annotation>
    <annotation annotator="Mike Bada, University of Colorado Anschutz Medical Campus" id="GO_CC_2016_02_16_test_Instance_13409" type="identity">
      <class id="CL_GO_EXT:cell" label="cell"/>
      <span end="70313" id="15345036-4097" start="70308">cells</span>
    </annotation>
    <annotation annotator="Mike Bada, University of Colorado Anschutz Medical Campus" id="GO_CC_2016_02_16_test_Instance_13411" type="identity">
      <class id="CL_GO_EXT:cell" label="cell"/>
      <span end="70381" id="15345036-4099" start="70376">cells</span>
    </annotation>
    <annotation annotator="Mike Bada, University of Colorado Anschutz Medical Campus" id="GO_CC_2016_02_16_test_Instance_13413" type="identity">
      <class id="CL_GO_EXT:cell" label="cell"/>
      <span end="70509" id="15345036-4101" start="70504">cells</span>
    </annotation>
    <annotation annotator="Mike Bada, University of Colorado Anschutz Medical Campus" id="GO_CC_2016_02_16_test_Instance_13415" type="identity">
      <class id="CL_GO_EXT:cell" label="cell"/>
      <span end="70649" id="15345036-4103" start="70644">cells</span>
    </annotation>
    <annotation annotator="Mike Bada, University of Colorado Anschutz Medical Campus" id="GO_CC_2016_02_16_test_Instance_13417" type="identity">
      <class id="CL_GO_EXT:cell" label="cell"/>
      <span end="70735" id="15345036-4105" start="70730">cells</span>
    </annotation>
    <annotation annotator="Mike Bada, University of Colorado Anschutz Medical Campus" id="GO_CC_2016_02_16_test_Instance_13419" type="identity">
      <class id="CL_GO_EXT:cell" label="cell"/>
      <span end="70838" id="15345036-4107" start="70833">cells</span>
    </annotation>
    <annotation annotator="Mike Bada, University of Colorado Anschutz Medical Campus" id="GO_CC_2016_02_16_test_Instance_13471" type="identity">
      <class id="CL_GO_EXT:cell" label="cell"/>
      <span end="70985" id="15345036-4159" start="70980">cells</span>
    </annotation>
    <annotation annotator="Mike Bada, University of Colorado Anschutz Medical Campus" id="GO_CC_2016_02_16_test_Instance_13421" type="identity">
      <class id="CL_GO_EXT:cell" label="cell"/>
      <span end="71101" id="15345036-4109" start="71096">cells</span>
    </annotation>
    <annotation annotator="Mike Bada, University of Colorado Anschutz Medical Campus" id="GO_CC_2016_02_16_test_Instance_13423" type="identity">
      <class id="CL_GO_EXT:cell" label="cell"/>
      <span end="71161" id="15345036-4111" start="71156">cells</span>
    </annotation>
    <graph-space id="Old Knowtator Relations"/>
  </document>
</knowtator-project>
