<?xml version="1.0" encoding="UTF-8" standalone="no"?>
<knowtator-project>
    <document id="15492776" text-file="15492776.txt">
        <annotation annotator="Mike Bada, University of Colorado Anschutz Medical Campus" id="GO_CC_2016_02_16_test_Instance_28083" type="identity">
            <class id="GO_SO_EXT:chromosome" label="chromosome"/>
            <span end="800" id="15492776-4357" start="790">chromosome</span>
        </annotation>
        <annotation annotator="Mike Bada, University of Colorado Anschutz Medical Campus" id="GO_CC_2016_02_16_test_Instance_13473" type="identity">
            <class id="CL_GO_EXT:cell" label="cell"/>
            <span end="2946" id="15492776-4233" start="2942">cell</span>
        </annotation>
        <annotation annotator="Mike Bada, University of Colorado Anschutz Medical Campus" id="GO_CC_2016_02_16_test_Instance_13475" type="identity">
            <class id="CL_GO_EXT:cell" label="cell"/>
            <span end="3046" id="15492776-4235" start="3042">cell</span>
        </annotation>
        <annotation annotator="Mike Bada, University of Colorado Anschutz Medical Campus" id="GO_CC_2016_02_16_test_Instance_13477" type="identity">
            <class id="CL_GO_EXT:cell" label="cell"/>
            <span end="3152" id="15492776-4237" start="3148">cell</span>
        </annotation>
        <annotation annotator="Mike Bada, University of Colorado Anschutz Medical Campus" id="GO_CC_2016_02_16_test_Instance_13479" type="identity">
            <class id="CL_GO_EXT:cell" label="cell"/>
            <span end="3192" id="15492776-4239" start="3188">cell</span>
        </annotation>
        <annotation annotator="Mike Bada, University of Colorado Anschutz Medical Campus" id="GO_CC_2016_02_16_test_Instance_13481" type="identity">
            <class id="CL_GO_EXT:cell" label="cell"/>
            <span end="3332" id="15492776-4241" start="3327">cells</span>
        </annotation>
        <annotation annotator="" id="GO_CC_2016_02_16_Instance_40032" type="identity">
            <class id="GO_EXT:tetrameric_macromolecular_complex" label="tetrameric macromolecular complex"/>
            <span end="5210" id="15492776-4207" start="5190">tetrameric complexes</span>
        </annotation>
        <annotation annotator="" id="GO_CC_2016_02_16_Instance_101543" type="identity">
            <class id="GO:0043235" label="receptor complex"/>
            <span end="5213" id="15492776-4197" start="5201">complexes of</span>
        </annotation>
        <annotation annotator="" id="GO_CC_2016_02_16_Instance_40034" type="identity">
            <class id="GO:0016020" label="membrane"/>
            <span end="5254" id="15492776-4209" start="5246">membrane</span>
        </annotation>
        <annotation annotator="" id="GO_CC_2016_02_16_Instance_101545" type="identity">
            <class id="GO:0043235" label="receptor complex"/>
            <span end="5288" id="15492776-4199" start="5279">receptors</span>
        </annotation>
        <annotation annotator="Mike Bada, University of Colorado Anschutz Medical Campus" id="GO_CC_2016_02_16_test_Instance_28087" type="identity">
            <class id="GO:0032991" label="macromolecular complex"/>
            <span end="5323" id="15492776-4359" start="5314">complexes</span>
        </annotation>
        <annotation annotator="" id="GO_CC_2016_02_16_Instance_102151" type="identity">
            <class id="GO_PR_EXT:SMAD" label="SMAD"/>
            <span end="5381" id="15492776-4201" start="5377">Smad</span>
        </annotation>
        <annotation annotator="Mike Bada, University of Colorado Anschutz Medical Campus" id="GO_CC_2016_02_16_test_Instance_13483" type="identity">
            <class id="CL_GO_EXT:cell" label="cell"/>
            <span end="6094" id="15492776-4243" start="6089">cells</span>
        </annotation>
        <annotation annotator="Mike Bada, University of Colorado Anschutz Medical Campus" id="GO_CC_2016_02_16_test_Instance_13485" type="identity">
            <class id="CL_GO_EXT:cell" label="cell"/>
            <span end="7653" id="15492776-4245" start="7649">cell</span>
        </annotation>
        <annotation annotator="Mike Bada, University of Colorado Anschutz Medical Campus" id="GO_CC_2016_02_16_test_Instance_28089" type="identity">
            <class id="GO_SO_EXT:chromosome" label="chromosome"/>
            <span end="8703" id="15492776-4361" start="8693">chromosome</span>
        </annotation>
        <annotation annotator="Mike Bada, University of Colorado Anschutz Medical Campus" id="GO_CC_2016_02_16_test_Instance_28091" type="identity">
            <class id="GO:0005840" label="ribosome"/>
            <span end="8840" id="15492776-4363" start="8832">ribosome</span>
        </annotation>
        <annotation annotator="Mike Bada, University of Colorado Anschutz Medical Campus" id="GO_CC_2016_02_16_test_Instance_13487" type="identity">
            <class id="CL_GO_EXT:cell" label="cell"/>
            <span end="11139" id="15492776-4247" start="11134">cells</span>
        </annotation>
        <annotation annotator="Mike Bada, University of Colorado Anschutz Medical Campus" id="GO_CC_2016_02_16_test_Instance_13489" type="identity">
            <class id="CL_GO_EXT:cell" label="cell"/>
            <span end="11240" id="15492776-4249" start="11235">cells</span>
        </annotation>
        <annotation annotator="Mike Bada, University of Colorado Anschutz Medical Campus" id="GO_CC_2016_02_16_test_Instance_13491" type="identity">
            <class id="CL_GO_EXT:cell" label="cell"/>
            <span end="12755" id="15492776-4251" start="12750">cells</span>
        </annotation>
        <annotation annotator="Mike Bada, University of Colorado Anschutz Medical Campus" id="GO_CC_2016_02_16_test_Instance_13493" type="identity">
            <class id="CL_GO_EXT:cell" label="cell"/>
            <span end="15245" id="15492776-4253" start="15240">cells</span>
        </annotation>
        <annotation annotator="Mike Bada, University of Colorado Anschutz Medical Campus" id="GO_CC_2016_02_16_test_Instance_28093" type="identity">
            <class id="GO:0031012" label="extracellular matrix"/>
            <span end="16075" id="15492776-4365" start="16069">matrix</span>
        </annotation>
        <annotation annotator="Mike Bada, University of Colorado Anschutz Medical Campus" id="GO_CC_2016_02_16_test_Instance_13495" type="identity">
            <class id="CL_GO_EXT:cell" label="cell"/>
            <span end="17854" id="15492776-4255" start="17849">cells</span>
        </annotation>
        <annotation annotator="Mike Bada, University of Colorado Anschutz Medical Campus" id="GO_CC_2016_02_16_test_Instance_13497" type="identity">
            <class id="CL_GO_EXT:cell" label="cell"/>
            <span end="17987" id="15492776-4257" start="17982">cells</span>
        </annotation>
        <annotation annotator="Mike Bada, University of Colorado Anschutz Medical Campus" id="GO_CC_2016_02_16_test_Instance_13499" type="identity">
            <class id="CL_GO_EXT:cell" label="cell"/>
            <span end="18047" id="15492776-4259" start="18042">cells</span>
        </annotation>
        <annotation annotator="Mike Bada, University of Colorado Anschutz Medical Campus" id="GO_CC_2016_02_16_test_Instance_13501" type="identity">
            <class id="CL_GO_EXT:cell" label="cell"/>
            <span end="18285" id="15492776-4261" start="18281">cell</span>
        </annotation>
        <annotation annotator="Mike Bada, University of Colorado Anschutz Medical Campus" id="GO_CC_2016_02_16_test_Instance_13503" type="identity">
            <class id="CL_GO_EXT:cell" label="cell"/>
            <span end="18349" id="15492776-4263" start="18344">cells</span>
        </annotation>
        <annotation annotator="Mike Bada, University of Colorado Anschutz Medical Campus" id="GO_CC_2016_02_16_test_Instance_28097" type="identity">
            <class id="GO:0031012" label="extracellular matrix"/>
            <span end="19241" id="15492776-4367" start="19235">matrix</span>
        </annotation>
        <annotation annotator="Mike Bada, University of Colorado Anschutz Medical Campus" id="GO_CC_2016_02_16_test_Instance_13505" type="identity">
            <class id="CL_GO_EXT:cell" label="cell"/>
            <span end="20139" id="15492776-4265" start="20135">cell</span>
        </annotation>
        <annotation annotator="Mike Bada, University of Colorado Anschutz Medical Campus" id="GO_CC_2016_02_16_test_Instance_13507" type="identity">
            <class id="CL_GO_EXT:cell" label="cell"/>
            <span end="20153" id="15492776-4267" start="20149">cell</span>
        </annotation>
        <annotation annotator="Mike Bada, University of Colorado Anschutz Medical Campus" id="GO_CC_2016_02_16_test_Instance_28099" type="identity">
            <class id="GO:0031012" label="extracellular matrix"/>
            <span end="20745" id="15492776-4369" start="20739">matrix</span>
        </annotation>
        <annotation annotator="Mike Bada, University of Colorado Anschutz Medical Campus" id="GO_CC_2016_02_16_test_Instance_13509" type="identity">
            <class id="CL_GO_EXT:cell" label="cell"/>
            <span end="20879" id="15492776-4269" start="20874">cells</span>
        </annotation>
        <annotation annotator="Mike Bada, University of Colorado Anschutz Medical Campus" id="GO_CC_2016_02_16_test_Instance_28101" type="identity">
            <class id="GO:0031012" label="extracellular matrix"/>
            <span end="21026" id="15492776-4371" start="21020">matrix</span>
        </annotation>
        <annotation annotator="Mike Bada, University of Colorado Anschutz Medical Campus" id="GO_CC_2016_02_16_test_Instance_13511" type="identity">
            <class id="CL_GO_EXT:cell" label="cell"/>
            <span end="21092" id="15492776-4271" start="21084">cellular</span>
        </annotation>
        <annotation annotator="Mike Bada, University of Colorado Anschutz Medical Campus" id="GO_CC_2016_02_16_test_Instance_13513" type="identity">
            <class id="CL_GO_EXT:cell" label="cell"/>
            <span end="21191" id="15492776-4273" start="21186">cells</span>
        </annotation>
        <annotation annotator="Mike Bada, University of Colorado Anschutz Medical Campus" id="GO_CC_2016_02_16_test_Instance_13515" type="identity">
            <class id="CL_GO_EXT:cell" label="cell"/>
            <span end="22243" id="15492776-4275" start="22238">cells</span>
        </annotation>
        <annotation annotator="Mike Bada, University of Colorado Anschutz Medical Campus" id="GO_CC_2016_02_16_test_Instance_13517" type="identity">
            <class id="CL_GO_EXT:cell" label="cell"/>
            <span end="22366" id="15492776-4277" start="22361">cells</span>
        </annotation>
        <annotation annotator="Mike Bada, University of Colorado Anschutz Medical Campus" id="GO_CC_2016_02_16_test_Instance_13519" type="identity">
            <class id="CL_GO_EXT:cell" label="cell"/>
            <span end="22588" id="15492776-4279" start="22583">cells</span>
        </annotation>
        <annotation annotator="Mike Bada, University of Colorado Anschutz Medical Campus" id="GO_CC_2016_02_16_test_Instance_13521" type="identity">
            <class id="CL_GO_EXT:cell" label="cell"/>
            <span end="22854" id="15492776-4281" start="22849">cells</span>
        </annotation>
        <annotation annotator="Mike Bada, University of Colorado Anschutz Medical Campus" id="GO_CC_2016_02_16_test_Instance_13523" type="identity">
            <class id="CL_GO_EXT:cell" label="cell"/>
            <span end="23068" id="15492776-4283" start="23063">cells</span>
        </annotation>
        <annotation annotator="Mike Bada, University of Colorado Anschutz Medical Campus" id="GO_CC_2016_02_16_test_Instance_13525" type="identity">
            <class id="CL_GO_EXT:cell" label="cell"/>
            <span end="23211" id="15492776-4285" start="23206">cells</span>
        </annotation>
        <annotation annotator="Mike Bada, University of Colorado Anschutz Medical Campus" id="GO_CC_2016_02_16_test_Instance_13527" type="identity">
            <class id="CL_GO_EXT:cell" label="cell"/>
            <span end="23427" id="15492776-4287" start="23423">cell</span>
        </annotation>
        <annotation annotator="Mike Bada, University of Colorado Anschutz Medical Campus" id="GO_CC_2016_02_16_test_Instance_28105" type="identity">
            <class id="GO:0031012" label="extracellular matrix"/>
            <span end="23784" id="15492776-4373" start="23778">matrix</span>
        </annotation>
        <annotation annotator="Mike Bada, University of Colorado Anschutz Medical Campus" id="GO_CC_2016_02_16_test_Instance_28107" type="identity">
            <class id="GO:0031012" label="extracellular matrix"/>
            <span end="23923" id="15492776-4375" start="23903">extracellular matrix</span>
        </annotation>
        <annotation annotator="Mike Bada, University of Colorado Anschutz Medical Campus" id="GO_CC_2016_02_16_test_Instance_28109" type="identity">
            <class id="GO:0031012" label="extracellular matrix"/>
            <span end="23928" id="15492776-4377" start="23925">ECM</span>
        </annotation>
        <annotation annotator="Mike Bada, University of Colorado Anschutz Medical Campus" id="GO_CC_2016_02_16_test_Instance_28113" type="identity">
            <class id="GO:0031012" label="extracellular matrix"/>
            <span end="24020" id="15492776-4379" start="24014">matrix</span>
        </annotation>
        <annotation annotator="Mike Bada, University of Colorado Anschutz Medical Campus" id="GO_CC_2016_02_16_test_Instance_28115" type="identity">
            <class id="GO:0031012" label="extracellular matrix"/>
            <span end="24171" id="15492776-4381" start="24165">matrix</span>
        </annotation>
        <annotation annotator="Mike Bada, University of Colorado Anschutz Medical Campus" id="GO_CC_2016_02_16_test_Instance_13529" type="identity">
            <class id="CL_GO_EXT:cell" label="cell"/>
            <span end="25255" id="15492776-4289" start="25250">cells</span>
        </annotation>
        <annotation annotator="Mike Bada, University of Colorado Anschutz Medical Campus" id="GO_CC_2016_02_16_test_Instance_13531" type="identity">
            <class id="CL_GO_EXT:cell" label="cell"/>
            <span end="25385" id="15492776-4291" start="25380">cells</span>
        </annotation>
        <annotation annotator="Mike Bada, University of Colorado Anschutz Medical Campus" id="GO_CC_2016_02_16_test_Instance_13533" type="identity">
            <class id="CL_GO_EXT:cell" label="cell"/>
            <span end="25803" id="15492776-4293" start="25799">cell</span>
        </annotation>
        <annotation annotator="" id="GO_CC_2016_02_16_Instance_40036" type="identity">
            <class id="GO:0005634" label="nucleus"/>
            <span end="25979" id="15492776-4211" start="25972">nuclear</span>
        </annotation>
        <annotation annotator="Mike Bada, University of Colorado Anschutz Medical Campus" id="GO_CC_2016_02_16_test_Instance_13535" type="identity">
            <class id="CL_GO_EXT:cell" label="cell"/>
            <span end="25985" id="15492776-4295" start="25980">cells</span>
        </annotation>
        <annotation annotator="Mike Bada, University of Colorado Anschutz Medical Campus" id="GO_CC_2016_02_16_test_Instance_13537" type="identity">
            <class id="CL_GO_EXT:cell" label="cell"/>
            <span end="26030" id="15492776-4297" start="26026">cell</span>
        </annotation>
        <annotation annotator="Mike Bada, University of Colorado Anschutz Medical Campus" id="GO_CC_2016_02_16_test_Instance_28117" type="identity">
            <class id="GO:0009986" label="cell surface"/>
            <span end="26088" id="15492776-4383" start="26081">surface</span>
        </annotation>
        <annotation annotator="Mike Bada, University of Colorado Anschutz Medical Campus" id="GO_CC_2016_02_16_test_Instance_28119" type="identity">
            <class id="GO:0031012" label="extracellular matrix"/>
            <span end="27343" id="15492776-4385" start="27337">matrix</span>
        </annotation>
        <annotation annotator="Mike Bada, University of Colorado Anschutz Medical Campus" id="GO_CC_2016_02_16_test_Instance_28121" type="identity">
            <class id="GO:0031012" label="extracellular matrix"/>
            <span end="27546" id="15492776-4387" start="27540">matrix</span>
        </annotation>
        <annotation annotator="Mike Bada, University of Colorado Anschutz Medical Campus" id="GO_CC_2016_02_16_test_Instance_13539" type="identity">
            <class id="CL_GO_EXT:cell" label="cell"/>
            <span end="28168" id="15492776-4299" start="28163">cells</span>
        </annotation>
        <annotation annotator="" id="GO_CC_2016_02_16_Instance_40038" type="identity">
            <class id="CL_GO_EXT:cell" label="cell"/>
            <span end="28725" id="15492776-4213" start="28717">cellular</span>
        </annotation>
        <annotation annotator="Mike Bada, University of Colorado Anschutz Medical Campus" id="GO_CC_2016_02_16_test_Instance_13541" type="identity">
            <class id="CL_GO_EXT:cell" label="cell"/>
            <span end="28827" id="15492776-4301" start="28822">cells</span>
        </annotation>
        <annotation annotator="Mike Bada, University of Colorado Anschutz Medical Campus" id="GO_CC_2016_02_16_test_Instance_13543" type="identity">
            <class id="CL_GO_EXT:cell" label="cell"/>
            <span end="28933" id="15492776-4303" start="28928">cells</span>
        </annotation>
        <annotation annotator="Mike Bada, University of Colorado Anschutz Medical Campus" id="GO_CC_2016_02_16_test_Instance_13545" type="identity">
            <class id="CL_GO_EXT:cell" label="cell"/>
            <span end="28995" id="15492776-4305" start="28991">cell</span>
        </annotation>
        <annotation annotator="Mike Bada, University of Colorado Anschutz Medical Campus" id="GO_CC_2016_02_16_test_Instance_13547" type="identity">
            <class id="CL_GO_EXT:cell" label="cell"/>
            <span end="29137" id="15492776-4307" start="29132">cells</span>
        </annotation>
        <annotation annotator="Mike Bada, University of Colorado Anschutz Medical Campus" id="GO_CC_2016_02_16_test_Instance_13549" type="identity">
            <class id="CL_GO_EXT:cell" label="cell"/>
            <span end="29849" id="15492776-4309" start="29844">cells</span>
        </annotation>
        <annotation annotator="Mike Bada, University of Colorado Anschutz Medical Campus" id="GO_CC_2016_02_16_test_Instance_13551" type="identity">
            <class id="CL_GO_EXT:cell" label="cell"/>
            <span end="33707" id="15492776-4311" start="33702">cells</span>
        </annotation>
        <annotation annotator="Mike Bada, University of Colorado Anschutz Medical Campus" id="GO_CC_2016_02_16_test_Instance_28125" type="identity">
            <class id="GO:0031012" label="extracellular matrix"/>
            <span end="34838" id="15492776-4389" start="34832">matrix</span>
        </annotation>
        <annotation annotator="Mike Bada, University of Colorado Anschutz Medical Campus" id="GO_CC_2016_02_16_test_Instance_28129" type="identity">
            <class id="GO:0031012" label="extracellular matrix"/>
            <span end="34920" id="15492776-4391" start="34914">matrix</span>
        </annotation>
        <annotation annotator="Mike Bada, University of Colorado Anschutz Medical Campus" id="GO_CC_2016_02_16_test_Instance_28131" type="identity">
            <class id="GO:0044420" label="extracellular matrix component"/>
            <span end="35147" id="15492776-4393" start="35133">ECM components</span>
        </annotation>
        <annotation annotator="Mike Bada, University of Colorado Anschutz Medical Campus" id="GO_CC_2016_02_16_test_Instance_28137" type="identity">
            <class id="GO:0031012" label="extracellular matrix"/>
            <span end="35780" id="15492776-4395" start="35774">matrix</span>
        </annotation>
        <annotation annotator="Mike Bada, University of Colorado Anschutz Medical Campus" id="GO_CC_2016_02_16_test_Instance_28139" type="identity">
            <class id="GO:0044420" label="extracellular matrix component"/>
            <span end="36140" id="15492776-4397" start="36126">ECM components</span>
        </annotation>
        <annotation annotator="Mike Bada, University of Colorado Anschutz Medical Campus" id="GO_CC_2016_02_16_test_Instance_13553" type="identity">
            <class id="CL_GO_EXT:cell" label="cell"/>
            <span end="36278" id="15492776-4313" start="36273">cells</span>
        </annotation>
        <annotation annotator="Mike Bada, University of Colorado Anschutz Medical Campus" id="GO_CC_2016_02_16_test_Instance_28143" type="identity">
            <class id="GO:0044420" label="extracellular matrix component"/>
            <span end="37422" id="15492776-4399" start="37408">ECM components</span>
        </annotation>
        <annotation annotator="" id="GO_CC_2016_02_16_Instance_200286" type="identity">
            <class id="GO_SO_EXT:chromosomal_part_or_position_or_region_or_site" label="chromosomal part/position/region/site"/>
            <span end="39197" id="15492776-4203" start="39179">chromosome regions</span>
        </annotation>
        <annotation annotator="" id="GO_CC_2016_02_16_Instance_200288" type="identity">
            <class id="GO_SO_EXT:chromosomal_part_or_position_or_region_or_site" label="chromosomal part/position/region/site"/>
            <span end="39406" id="15492776-4205" start="39388">chromosome regions</span>
        </annotation>
        <annotation annotator="Mike Bada, University of Colorado Anschutz Medical Campus" id="GO_CC_2016_02_16_test_Instance_28151" type="identity">
            <class id="GO_SO_EXT:chromosome" label="chromosome"/>
            <span end="39521" id="15492776-4401" start="39511">chromosome</span>
        </annotation>
        <annotation annotator="Mike Bada, University of Colorado Anschutz Medical Campus" id="GO_CC_2016_02_16_test_Instance_28153" type="identity">
            <class id="GO_SO_EXT:chromosome" label="chromosome"/>
            <span end="39585" id="15492776-4403" start="39575">chromosome</span>
        </annotation>
        <annotation annotator="Mike Bada, University of Colorado Anschutz Medical Campus" id="GO_CC_2016_02_16_test_Instance_28155" type="identity">
            <class id="GO_SO_EXT:chromosome" label="chromosome"/>
            <span end="39682" id="15492776-4405" start="39672">chromosome</span>
        </annotation>
        <annotation annotator="Mike Bada, University of Colorado Anschutz Medical Campus" id="GO_CC_2016_02_16_test_Instance_28157" type="identity">
            <class id="GO:0005634" label="nucleus"/>
            <span end="41172" id="15492776-4407" start="41165">nuclear</span>
        </annotation>
        <annotation annotator="Mike Bada, University of Colorado Anschutz Medical Campus" id="GO_CC_2016_02_16_test_Instance_28159" type="identity">
            <class id="GO:0045120" label="pronucleus"/>
            <span end="43728" id="15492776-4409" start="43718">pronucleus</span>
        </annotation>
        <annotation annotator="Mike Bada, University of Colorado Anschutz Medical Campus" id="GO_CC_2016_02_16_test_Instance_21387" type="identity">
            <class id="CL_GO_EXT:cell" label="cell"/>
            <span end="46329" id="15492776-4355" start="46325">Cell</span>
        </annotation>
        <annotation annotator="Mike Bada, University of Colorado Anschutz Medical Campus" id="GO_CC_2016_02_16_test_Instance_21383" type="identity">
            <class id="CL_GO_EXT:cell" label="cell"/>
            <span end="46565" id="15492776-4353" start="46561">Cell</span>
        </annotation>
        <annotation annotator="" id="GO_CC_2016_02_16_Instance_40044" type="identity">
            <class id="GO:0042571" label="immunoglobulin complex, circulating"/>
            <span end="46817" id="15492776-4215" start="46809">antibody</span>
        </annotation>
        <annotation annotator="Mike Bada, University of Colorado Anschutz Medical Campus" id="GO_CC_2016_02_16_test_Instance_13555" type="identity">
            <class id="CL_GO_EXT:cell" label="cell"/>
            <span end="46919" id="15492776-4315" start="46914">cells</span>
        </annotation>
        <annotation annotator="" id="GO_CC_2016_02_16_Instance_40048" type="identity">
            <class id="GO:0042571" label="immunoglobulin complex, circulating"/>
            <span end="46974" id="15492776-4219" start="46966">antibody</span>
        </annotation>
        <annotation annotator="" id="GO_CC_2016_02_16_Instance_40046" type="identity">
            <class id="GO:0042571" label="immunoglobulin complex, circulating"/>
            <span end="47006" id="15492776-4217" start="46998">antibody</span>
        </annotation>
        <annotation annotator="Mike Bada, University of Colorado Anschutz Medical Campus" id="GO_CC_2016_02_16_test_Instance_28167" type="identity">
            <class id="GO:0005634" label="nucleus"/>
            <span end="47019" id="15492776-4411" start="47008">Cell nuclei</span>
        </annotation>
        <annotation annotator="Mike Bada, University of Colorado Anschutz Medical Campus" id="GO_CC_2016_02_16_test_Instance_28171" type="identity">
            <class id="GO:0005634" label="nucleus"/>
            <span end="47273" id="15492776-4413" start="47266">nuclear</span>
        </annotation>
        <annotation annotator="Mike Bada, University of Colorado Anschutz Medical Campus" id="GO_CC_2016_02_16_test_Instance_28173" type="identity">
            <class id="GO:0005634" label="nucleus"/>
            <span end="47320" id="15492776-4415" start="47314">nuclei</span>
        </annotation>
        <annotation annotator="Mike Bada, University of Colorado Anschutz Medical Campus" id="GO_CC_2016_02_16_test_Instance_13557" type="identity">
            <class id="CL_GO_EXT:cell" label="cell"/>
            <span end="47448" id="15492776-4317" start="47443">cells</span>
        </annotation>
        <annotation annotator="Mike Bada, University of Colorado Anschutz Medical Campus" id="GO_CC_2016_02_16_test_Instance_28175" type="identity">
            <class id="GO:0005634" label="nucleus"/>
            <span end="48860" id="15492776-4417" start="48853">Nuclear</span>
        </annotation>
        <annotation annotator="" id="GO_CC_2016_02_16_Instance_40050" type="identity">
            <class id="GO:0042571" label="immunoglobulin complex, circulating"/>
            <span end="50540" id="15492776-4221" start="50530">antibodies</span>
        </annotation>
        <annotation annotator="" id="GO_CC_2016_02_16_Instance_40052" type="identity">
            <class id="GO:0042571" label="immunoglobulin complex, circulating"/>
            <span end="50651" id="15492776-4223" start="50641">antibodies</span>
        </annotation>
        <annotation annotator="" id="GO_CC_2016_02_16_Instance_40054" type="identity">
            <class id="GO:0042571" label="immunoglobulin complex, circulating"/>
            <span end="50800" id="15492776-4225" start="50790">antibodies</span>
        </annotation>
        <annotation annotator="" id="GO_CC_2016_02_16_Instance_40056" type="identity">
            <class id="GO:0042571" label="immunoglobulin complex, circulating"/>
            <span end="51433" id="15492776-4227" start="51423">antibodies</span>
        </annotation>
        <annotation annotator="Mike Bada, University of Colorado Anschutz Medical Campus" id="GO_CC_2016_02_16_test_Instance_28185" type="identity">
            <class id="GO_SO_EXT:chromosome" label="chromosome"/>
            <span end="52227" id="15492776-4419" start="52217">chromosome</span>
        </annotation>
        <annotation annotator="Mike Bada, University of Colorado Anschutz Medical Campus" id="GO_CC_2016_02_16_test_Instance_28187" type="identity">
            <class id="GO:0031012" label="extracellular matrix"/>
            <span end="52316" id="15492776-4421" start="52313">ECM</span>
        </annotation>
        <annotation annotator="Mike Bada, University of Colorado Anschutz Medical Campus" id="GO_CC_2016_02_16_test_Instance_28189" type="identity">
            <class id="GO:0031012" label="extracellular matrix"/>
            <span end="52339" id="15492776-4423" start="52319">extracellular matrix</span>
        </annotation>
        <annotation annotator="Mike Bada, University of Colorado Anschutz Medical Campus" id="GO_CC_2016_02_16_test_Instance_28193" type="identity">
            <class id="GO:0005840" label="ribosome"/>
            <span end="52523" id="15492776-4425" start="52515">ribosome</span>
        </annotation>
        <annotation annotator="Mike Bada, University of Colorado Anschutz Medical Campus" id="GO_CC_2016_02_16_test_Instance_13559" type="identity">
            <class id="CL_GO_EXT:cell" label="cell"/>
            <span end="54380" id="15492776-4319" start="54375">cells</span>
        </annotation>
        <annotation annotator="Mike Bada, University of Colorado Anschutz Medical Campus" id="GO_CC_2016_02_16_test_Instance_13561" type="identity">
            <class id="CL_GO_EXT:cell" label="cell"/>
            <span end="55249" id="15492776-4321" start="55244">cells</span>
        </annotation>
        <annotation annotator="Mike Bada, University of Colorado Anschutz Medical Campus" id="GO_CC_2016_02_16_test_Instance_13563" type="identity">
            <class id="CL_GO_EXT:cell" label="cell"/>
            <span end="55347" id="15492776-4323" start="55342">cells</span>
        </annotation>
        <annotation annotator="Mike Bada, University of Colorado Anschutz Medical Campus" id="GO_CC_2016_02_16_test_Instance_13565" type="identity">
            <class id="CL_GO_EXT:cell" label="cell"/>
            <span end="55686" id="15492776-4325" start="55681">cells</span>
        </annotation>
        <annotation annotator="Mike Bada, University of Colorado Anschutz Medical Campus" id="GO_CC_2016_02_16_test_Instance_13567" type="identity">
            <class id="CL_GO_EXT:cell" label="cell"/>
            <span end="57603" id="15492776-4327" start="57598">cells</span>
        </annotation>
        <annotation annotator="Mike Bada, University of Colorado Anschutz Medical Campus" id="GO_CC_2016_02_16_test_Instance_28195" type="identity">
            <class id="GO:0044420" label="extracellular matrix component"/>
            <span end="58229" id="15492776-4427" start="58215">ECM Components</span>
        </annotation>
        <annotation annotator="" id="GO_CC_2016_02_16_Instance_40058" type="identity">
            <class id="CL_GO_EXT:cell" label="cell"/>
            <span end="58939" id="15492776-4229" start="58931">cellular</span>
        </annotation>
        <annotation annotator="Mike Bada, University of Colorado Anschutz Medical Campus" id="GO_CC_2016_02_16_test_Instance_13569" type="identity">
            <class id="CL_GO_EXT:cell" label="cell"/>
            <span end="59055" id="15492776-4329" start="59050">cells</span>
        </annotation>
        <annotation annotator="" id="GO_CC_2016_02_16_Instance_40060" type="identity">
            <class id="CL_GO_EXT:cell" label="cell"/>
            <span end="59110" id="15492776-4231" start="59102">cellular</span>
        </annotation>
        <annotation annotator="Mike Bada, University of Colorado Anschutz Medical Campus" id="GO_CC_2016_02_16_test_Instance_13571" type="identity">
            <class id="CL_GO_EXT:cell" label="cell"/>
            <span end="59377" id="15492776-4331" start="59372">cells</span>
        </annotation>
        <annotation annotator="Mike Bada, University of Colorado Anschutz Medical Campus" id="GO_CC_2016_02_16_test_Instance_13573" type="identity">
            <class id="CL_GO_EXT:cell" label="cell"/>
            <span end="59788" id="15492776-4333" start="59783">cells</span>
        </annotation>
        <annotation annotator="Mike Bada, University of Colorado Anschutz Medical Campus" id="GO_CC_2016_02_16_test_Instance_13575" type="identity">
            <class id="CL_GO_EXT:cell" label="cell"/>
            <span end="60022" id="15492776-4335" start="60018">cell</span>
        </annotation>
        <annotation annotator="Mike Bada, University of Colorado Anschutz Medical Campus" id="GO_CC_2016_02_16_test_Instance_13577" type="identity">
            <class id="CL_GO_EXT:cell" label="cell"/>
            <span end="60092" id="15492776-4337" start="60087">cells</span>
        </annotation>
        <annotation annotator="Mike Bada, University of Colorado Anschutz Medical Campus" id="GO_CC_2016_02_16_test_Instance_13579" type="identity">
            <class id="CL_GO_EXT:cell" label="cell"/>
            <span end="60236" id="15492776-4339" start="60231">cells</span>
        </annotation>
        <annotation annotator="Mike Bada, University of Colorado Anschutz Medical Campus" id="GO_CC_2016_02_16_test_Instance_13581" type="identity">
            <class id="CL_GO_EXT:cell" label="cell"/>
            <span end="60843" id="15492776-4341" start="60838">cells</span>
        </annotation>
        <annotation annotator="Mike Bada, University of Colorado Anschutz Medical Campus" id="GO_CC_2016_02_16_test_Instance_13583" type="identity">
            <class id="CL_GO_EXT:cell" label="cell"/>
            <span end="61031" id="15492776-4343" start="61026">cells</span>
        </annotation>
        <annotation annotator="Mike Bada, University of Colorado Anschutz Medical Campus" id="GO_CC_2016_02_16_test_Instance_13585" type="identity">
            <class id="CL_GO_EXT:cell" label="cell"/>
            <span end="61518" id="15492776-4345" start="61513">cells</span>
        </annotation>
        <annotation annotator="Mike Bada, University of Colorado Anschutz Medical Campus" id="GO_CC_2016_02_16_test_Instance_13587" type="identity">
            <class id="CL_GO_EXT:cell" label="cell"/>
            <span end="61575" id="15492776-4347" start="61570">cells</span>
        </annotation>
        <annotation annotator="Mike Bada, University of Colorado Anschutz Medical Campus" id="GO_CC_2016_02_16_test_Instance_13589" type="identity">
            <class id="CL_GO_EXT:cell" label="cell"/>
            <span end="61655" id="15492776-4349" start="61651">cell</span>
        </annotation>
        <annotation annotator="Mike Bada, University of Colorado Anschutz Medical Campus" id="GO_CC_2016_02_16_test_Instance_13591" type="identity">
            <class id="CL_GO_EXT:cell" label="cell"/>
            <span end="61951" id="15492776-4351" start="61946">cells</span>
        </annotation>
        <graph-space id="Old Knowtator Relations"/>
    </document>
</knowtator-project>
