<?xml version="1.0" encoding="UTF-8" standalone="no"?>
<knowtator-project>
  <document id="15550985" text-file="15550985.txt">
    <annotation annotator="Mike Bada, University of Colorado Anschutz Medical Campus" id="GO_CC_2016_02_16_test_Instance_28199" type="identity">
      <class id="GO:0030424" label="axon"/>
      <span end="54" id="15550985-4548" start="50">Axon</span>
    </annotation>
    <annotation annotator="Mike Bada, University of Colorado Anschutz Medical Campus" id="GO_CC_2016_02_16_test_Instance_28201" type="identity">
      <class id="GO:0030424" label="axon"/>
      <span end="267" id="15550985-4550" start="263">axon</span>
    </annotation>
    <annotation annotator="Mike Bada, University of Colorado Anschutz Medical Campus" id="GO_CC_2016_02_16_test_Instance_28203" type="identity">
      <class id="GO:0030424" label="axon"/>
      <span end="351" id="15550985-4552" start="346">axons</span>
    </annotation>
    <annotation annotator="Mike Bada, University of Colorado Anschutz Medical Campus" id="GO_CC_2016_02_16_test_Instance_28205" type="identity">
      <class id="GO:0030424" label="axon"/>
      <span end="543" id="15550985-4554" start="538">axons</span>
    </annotation>
    <annotation annotator="Mike Bada, University of Colorado Anschutz Medical Campus" id="GO_CC_2016_02_16_test_Instance_28207" type="identity">
      <class id="GO:0030424" label="axon"/>
      <span end="610" id="15550985-4556" start="605">axons</span>
    </annotation>
    <annotation annotator="Mike Bada, University of Colorado Anschutz Medical Campus" id="GO_CC_2016_02_16_test_Instance_28209" type="identity">
      <class id="GO:0030424" label="axon"/>
      <span end="768" id="15550985-4558" start="763">axons</span>
    </annotation>
    <annotation annotator="Mike Bada, University of Colorado Anschutz Medical Campus" id="GO_CC_2016_02_16_test_Instance_28211" type="identity">
      <class id="GO:0030424" label="axon"/>
      <span end="842" id="15550985-4560" start="838">axon</span>
    </annotation>
    <annotation annotator="Mike Bada, University of Colorado Anschutz Medical Campus" id="GO_CC_2016_02_16_test_Instance_28213" type="identity">
      <class id="GO:0030424" label="axon"/>
      <span end="1362" id="15550985-4562" start="1357">axons</span>
    </annotation>
    <annotation annotator="Mike Bada, University of Colorado Anschutz Medical Campus" id="GO_CC_2016_02_16_test_Instance_28215" type="identity">
      <class id="GO:0030424" label="axon"/>
      <span end="1737" id="15550985-4564" start="1732">axons</span>
    </annotation>
    <annotation annotator="" id="GO_CC_2016_02_16_Instance_102680" type="identity">
      <class id="GO_UBERON_EXT:nerve_ending_or_neuron_projection_terminus" label="nerve ending or neuron projection terminus"/>
      <span end="1849" id="15550985-4472" start="1842">endings</span>
    </annotation>
    <annotation annotator="" id="GO_CC_2016_02_16_Instance_40062" type="identity">
      <class id="GO:0042571" label="immunoglobulin complex, circulating"/>
      <span end="1922" id="15550985-4478" start="1914">antibody</span>
    </annotation>
    <annotation annotator="" id="GO_CC_2016_02_16_Instance_170002" type="identity">
      <class id="GO_UBERON_EXT:proprioceptor" label="proprioceptor"/>
      <span end="2212" id="15550985-4476" start="2198">proprioceptors</span>
    </annotation>
    <annotation annotator="" id="GO_CC_2016_02_16_Instance_40064" type="identity">
      <class id="GO:0045202" label="synapse"/>
      <span end="2254" id="15550985-4480" start="2246">synaptic</span>
    </annotation>
    <annotation annotator="Mike Bada, University of Colorado Anschutz Medical Campus" id="GO_CC_2016_02_16_test_Instance_28221" type="identity">
      <class id="GO:0030424" label="axon"/>
      <span end="2345" id="15550985-4566" start="2340">axons</span>
    </annotation>
    <annotation annotator="Mike Bada, University of Colorado Anschutz Medical Campus" id="GO_CC_2016_02_16_test_Instance_28223" type="identity">
      <class id="GO:0030424" label="axon"/>
      <span end="2760" id="15550985-4568" start="2754">axonal</span>
    </annotation>
    <annotation annotator="Mike Bada, University of Colorado Anschutz Medical Campus" id="GO_CC_2016_02_16_test_Instance_28225" type="identity">
      <class id="GO:0030424" label="axon"/>
      <span end="2927" id="15550985-4570" start="2909">axonal projections</span>
    </annotation>
    <annotation annotator="Mike Bada, University of Colorado Anschutz Medical Campus" id="GO_CC_2016_02_16_test_Instance_13593" type="identity">
      <class id="CL_GO_EXT:cell" label="cell"/>
      <span end="3155" id="15550985-4516" start="3150">cells</span>
    </annotation>
    <annotation annotator="Mike Bada, University of Colorado Anschutz Medical Campus" id="GO_CC_2016_02_16_test_Instance_13595" type="identity">
      <class id="CL_GO_EXT:cell" label="cell"/>
      <span end="3264" id="15550985-4518" start="3259">cells</span>
    </annotation>
    <annotation annotator="Mike Bada, University of Colorado Anschutz Medical Campus" id="GO_CC_2016_02_16_test_Instance_13597" type="identity">
      <class id="CL_GO_EXT:cell" label="cell"/>
      <span end="3419" id="15550985-4520" start="3414">cells</span>
    </annotation>
    <annotation annotator="Mike Bada, University of Colorado Anschutz Medical Campus" id="GO_CC_2016_02_16_test_Instance_13599" type="identity">
      <class id="CL_GO_EXT:cell" label="cell"/>
      <span end="3507" id="15550985-4522" start="3502">cells</span>
    </annotation>
    <annotation annotator="Mike Bada, University of Colorado Anschutz Medical Campus" id="GO_CC_2016_02_16_test_Instance_13601" type="identity">
      <class id="CL_GO_EXT:cell" label="cell"/>
      <span end="3669" id="15550985-4524" start="3664">cells</span>
    </annotation>
    <annotation annotator="" id="GO_CC_2016_02_16_Instance_101853" type="identity">
      <class id="GO_UBERON_EXT:nerve_ending_or_neuron_projection_terminus" label="nerve ending or neuron projection terminus"/>
      <span end="4832" id="15550985-4436" start="4824">terminal</span>
    </annotation>
    <annotation annotator="" id="GO_CC_2016_02_16_Instance_101773" type="identity">
      <class id="GO:0030424" label="axon"/>
      <span end="4903" id="15550985-4433" start="4889">projections of</span>
      <span end="4913" id="15550985-4434" start="4908">axons</span>
    </annotation>
    <annotation annotator="Mike Bada, University of Colorado Anschutz Medical Campus" id="GO_CC_2016_02_16_test_Instance_28229" type="identity">
      <class id="GO:0030424" label="axon"/>
      <span end="6149" id="15550985-4572" start="6144">axons</span>
    </annotation>
    <annotation annotator="Mike Bada, University of Colorado Anschutz Medical Campus" id="GO_CC_2016_02_16_test_Instance_28231" type="identity">
      <class id="GO:0030424" label="axon"/>
      <span end="6741" id="15550985-4574" start="6736">axons</span>
    </annotation>
    <annotation annotator="Mike Bada, University of Colorado Anschutz Medical Campus" id="GO_CC_2016_02_16_test_Instance_28233" type="identity">
      <class id="GO:0030425" label="dendrite"/>
      <span end="6776" id="15550985-4576" start="6767">dendrites</span>
    </annotation>
    <annotation annotator="Mike Bada, University of Colorado Anschutz Medical Campus" id="GO_CC_2016_02_16_test_Instance_28235" type="identity">
      <class id="GO:0030424" label="axon"/>
      <span end="6914" id="15550985-4578" start="6909">axons</span>
    </annotation>
    <annotation annotator="Mike Bada, University of Colorado Anschutz Medical Campus" id="GO_CC_2016_02_16_test_Instance_28237" type="identity">
      <class id="GO:0030424" label="axon"/>
      <span end="7003" id="15550985-4580" start="6999">axon</span>
    </annotation>
    <annotation annotator="Mike Bada, University of Colorado Anschutz Medical Campus" id="GO_CC_2016_02_16_test_Instance_28239" type="identity">
      <class id="GO:0030424" label="axon"/>
      <span end="7051" id="15550985-4582" start="7047">axon</span>
    </annotation>
    <annotation annotator="" id="GO_CC_2016_02_16_Instance_102005" type="identity">
      <class id="GO:0005883" label="neurofilament"/>
      <span end="7420" id="15550985-4444" start="7407">neurofilament</span>
    </annotation>
    <annotation annotator="" id="GO_CC_2016_02_16_Instance_102007" type="identity">
      <class id="GO:0005883" label="neurofilament"/>
      <span end="7426" id="15550985-4446" start="7424">NF</span>
    </annotation>
    <annotation annotator="" id="GO_CC_2016_02_16_Instance_40068" type="identity">
      <class id="GO:0042571" label="immunoglobulin complex, circulating"/>
      <span end="7438" id="15550985-4482" start="7430">antibody</span>
    </annotation>
    <annotation annotator="" id="GO_CC_2016_02_16_Instance_101979" type="identity">
      <class id="GO_UBERON_EXT:nerve_ending_or_neuron_projection_terminus" label="nerve ending or neuron projection terminus"/>
      <span end="7470" id="15550985-4442" start="7463">endings</span>
    </annotation>
    <annotation annotator="" id="GO_CC_2016_02_16_Instance_40072" type="identity">
      <class id="GO:0042571" label="immunoglobulin complex, circulating"/>
      <span end="7533" id="15550985-4486" start="7525">antibody</span>
    </annotation>
    <annotation annotator="Mike Bada, University of Colorado Anschutz Medical Campus" id="GO_CC_2016_02_16_test_Instance_13603" type="identity">
      <class id="CL_GO_EXT:cell" label="cell"/>
      <span end="7905" id="15550985-4526" start="7900">cells</span>
    </annotation>
    <annotation annotator="" id="GO_CC_2016_02_16_Instance_40070" type="identity">
      <class id="GO:0042571" label="immunoglobulin complex, circulating"/>
      <span end="8052" id="15550985-4484" start="8044">antibody</span>
    </annotation>
    <annotation annotator="" id="GO_CC_2016_02_16_Instance_102013" type="identity">
      <class id="GO:0005883" label="neurofilament"/>
      <span end="8160" id="15550985-4452" start="8158">NF</span>
    </annotation>
    <annotation annotator="" id="GO_CC_2016_02_16_Instance_102015" type="identity">
      <class id="GO:0005883" label="neurofilament"/>
      <span end="8367" id="15550985-4454" start="8365">NF</span>
    </annotation>
    <annotation annotator="Mike Bada, University of Colorado Anschutz Medical Campus" id="GO_CC_2016_02_16_test_Instance_28247" type="identity">
      <class id="GO:0030424" label="axon"/>
      <span end="8410" id="15550985-4584" start="8405">axons</span>
    </annotation>
    <annotation annotator="Mike Bada, University of Colorado Anschutz Medical Campus" id="GO_CC_2016_02_16_test_Instance_28249" type="identity">
      <class id="GO:0030424" label="axon"/>
      <span end="8521" id="15550985-4586" start="8516">axons</span>
    </annotation>
    <annotation annotator="" id="GO_CC_2016_02_16_Instance_102017" type="identity">
      <class id="GO:0005883" label="neurofilament"/>
      <span end="8707" id="15550985-4456" start="8705">NF</span>
    </annotation>
    <annotation annotator="Mike Bada, University of Colorado Anschutz Medical Campus" id="GO_CC_2016_02_16_test_Instance_28251" type="identity">
      <class id="GO:0030424" label="axon"/>
      <span end="9706" id="15550985-4588" start="9701">axons</span>
    </annotation>
    <annotation annotator="Mike Bada, University of Colorado Anschutz Medical Campus" id="GO_CC_2016_02_16_test_Instance_28253" type="identity">
      <class id="GO:0030424" label="axon"/>
      <span end="9778" id="15550985-4590" start="9773">axons</span>
    </annotation>
    <annotation annotator="Mike Bada, University of Colorado Anschutz Medical Campus" id="GO_CC_2016_02_16_test_Instance_28255" type="identity">
      <class id="GO:0030424" label="axon"/>
      <span end="9821" id="15550985-4592" start="9816">axons</span>
    </annotation>
    <annotation annotator="Mike Bada, University of Colorado Anschutz Medical Campus" id="GO_CC_2016_02_16_test_Instance_28257" type="identity">
      <class id="GO:0030424" label="axon"/>
      <span end="9945" id="15550985-4594" start="9940">axons</span>
    </annotation>
    <annotation annotator="Mike Bada, University of Colorado Anschutz Medical Campus" id="GO_CC_2016_02_16_test_Instance_28259" type="identity">
      <class id="GO:0030424" label="axon"/>
      <span end="10110" id="15550985-4596" start="10105">Axons</span>
    </annotation>
    <annotation annotator="Mike Bada, University of Colorado Anschutz Medical Campus" id="GO_CC_2016_02_16_test_Instance_28261" type="identity">
      <class id="GO:0030424" label="axon"/>
      <span end="10197" id="15550985-4598" start="10192">axons</span>
    </annotation>
    <annotation annotator="Mike Bada, University of Colorado Anschutz Medical Campus" id="GO_CC_2016_02_16_test_Instance_28263" type="identity">
      <class id="GO:0030424" label="axon"/>
      <span end="10261" id="15550985-4600" start="10256">axons</span>
    </annotation>
    <annotation annotator="Mike Bada, University of Colorado Anschutz Medical Campus" id="GO_CC_2016_02_16_test_Instance_28267" type="identity">
      <class id="GO:0030424" label="axon"/>
      <span end="10648" id="15550985-4602" start="10643">axons</span>
    </annotation>
    <annotation annotator="Mike Bada, University of Colorado Anschutz Medical Campus" id="GO_CC_2016_02_16_test_Instance_28269" type="identity">
      <class id="GO:0030424" label="axon"/>
      <span end="11173" id="15550985-4604" start="11168">Axons</span>
    </annotation>
    <annotation annotator="" id="GO_CC_2016_02_16_Instance_102081" type="identity">
      <class id="GO:0071735" label="IgG immunoglobulin complex"/>
      <span end="11322" id="15550985-4468" start="11319">IgG</span>
    </annotation>
    <annotation annotator="Mike Bada, University of Colorado Anschutz Medical Campus" id="GO_CC_2016_02_16_test_Instance_28273" type="identity">
      <class id="GO:0030424" label="axon"/>
      <span end="11878" id="15550985-4606" start="11873">axons</span>
    </annotation>
    <annotation annotator="Mike Bada, University of Colorado Anschutz Medical Campus" id="GO_CC_2016_02_16_test_Instance_28275" type="identity">
      <class id="GO:0030424" label="axon"/>
      <span end="12536" id="15550985-4608" start="12531">axons</span>
    </annotation>
    <annotation annotator="Mike Bada, University of Colorado Anschutz Medical Campus" id="GO_CC_2016_02_16_test_Instance_28277" type="identity">
      <class id="GO:0030424" label="axon"/>
      <span end="12605" id="15550985-4610" start="12600">Axons</span>
    </annotation>
    <annotation annotator="Mike Bada, University of Colorado Anschutz Medical Campus" id="GO_CC_2016_02_16_test_Instance_28279" type="identity">
      <class id="GO:0030424" label="axon"/>
      <span end="12751" id="15550985-4612" start="12747">axon</span>
    </annotation>
    <annotation annotator="Mike Bada, University of Colorado Anschutz Medical Campus" id="GO_CC_2016_02_16_test_Instance_28281" type="identity">
      <class id="GO:0030424" label="axon"/>
      <span end="12956" id="15550985-4614" start="12951">axons</span>
    </annotation>
    <annotation annotator="Mike Bada, University of Colorado Anschutz Medical Campus" id="GO_CC_2016_02_16_test_Instance_28283" type="identity">
      <class id="GO:0030424" label="axon"/>
      <span end="13069" id="15550985-4616" start="13064">axons</span>
    </annotation>
    <annotation annotator="Mike Bada, University of Colorado Anschutz Medical Campus" id="GO_CC_2016_02_16_test_Instance_28285" type="identity">
      <class id="GO:0030424" label="axon"/>
      <span end="13381" id="15550985-4618" start="13376">axons</span>
    </annotation>
    <annotation annotator="" id="GO_CC_2016_02_16_Instance_40074" type="identity">
      <class id="GO:0042571" label="immunoglobulin complex, circulating"/>
      <span end="13578" id="15550985-4488" start="13568">antibodies</span>
    </annotation>
    <annotation annotator="Mike Bada, University of Colorado Anschutz Medical Campus" id="GO_CC_2016_02_16_test_Instance_28289" type="identity">
      <class id="GO:0030424" label="axon"/>
      <span end="13621" id="15550985-4620" start="13617">axon</span>
    </annotation>
    <annotation annotator="" id="GO_CC_2016_02_16_Instance_40078" type="identity">
      <class id="GO:0042571" label="immunoglobulin complex, circulating"/>
      <span end="14223" id="15550985-4492" start="14215">antibody</span>
    </annotation>
    <annotation annotator="" id="GO_CC_2016_02_16_Instance_40076" type="identity">
      <class id="GO:0042571" label="immunoglobulin complex, circulating"/>
      <span end="14367" id="15550985-4490" start="14359">antibody</span>
    </annotation>
    <annotation annotator="Mike Bada, University of Colorado Anschutz Medical Campus" id="GO_CC_2016_02_16_test_Instance_13605" type="identity">
      <class id="CL_GO_EXT:cell" label="cell"/>
      <span end="14403" id="15550985-4528" start="14399">cell</span>
    </annotation>
    <annotation annotator="Mike Bada, University of Colorado Anschutz Medical Campus" id="GO_CC_2016_02_16_test_Instance_28295" type="identity">
      <class id="GO:0030424" label="axon"/>
      <span end="14576" id="15550985-4622" start="14571">axons</span>
    </annotation>
    <annotation annotator="Mike Bada, University of Colorado Anschutz Medical Campus" id="GO_CC_2016_02_16_test_Instance_28297" type="identity">
      <class id="GO:0030424" label="axon"/>
      <span end="14805" id="15550985-4624" start="14800">axons</span>
    </annotation>
    <annotation annotator="Mike Bada, University of Colorado Anschutz Medical Campus" id="GO_CC_2016_02_16_test_Instance_28299" type="identity">
      <class id="GO:0030424" label="axon"/>
      <span end="14953" id="15550985-4626" start="14948">axons</span>
    </annotation>
    <annotation annotator="Mike Bada, University of Colorado Anschutz Medical Campus" id="GO_CC_2016_02_16_test_Instance_28301" type="identity">
      <class id="GO:0030424" label="axon"/>
      <span end="15077" id="15550985-4628" start="15072">axons</span>
    </annotation>
    <annotation annotator="Mike Bada, University of Colorado Anschutz Medical Campus" id="GO_CC_2016_02_16_test_Instance_28303" type="identity">
      <class id="GO:0030424" label="axon"/>
      <span end="15175" id="15550985-4630" start="15171">axon</span>
    </annotation>
    <annotation annotator="Mike Bada, University of Colorado Anschutz Medical Campus" id="GO_CC_2016_02_16_test_Instance_28305" type="identity">
      <class id="GO:0030424" label="axon"/>
      <span end="15302" id="15550985-4632" start="15296">axonal</span>
    </annotation>
    <annotation annotator="Mike Bada, University of Colorado Anschutz Medical Campus" id="GO_CC_2016_02_16_test_Instance_28307" type="identity">
      <class id="GO:0030424" label="axon"/>
      <span end="15336" id="15550985-4634" start="15331">axons</span>
    </annotation>
    <annotation annotator="Mike Bada, University of Colorado Anschutz Medical Campus" id="GO_CC_2016_02_16_test_Instance_28309" type="identity">
      <class id="GO:0030424" label="axon"/>
      <span end="15411" id="15550985-4636" start="15406">axons</span>
    </annotation>
    <annotation annotator="Mike Bada, University of Colorado Anschutz Medical Campus" id="GO_CC_2016_02_16_test_Instance_28311" type="identity">
      <class id="GO:0030424" label="axon"/>
      <span end="15939" id="15550985-4638" start="15933">axonal</span>
    </annotation>
    <annotation annotator="Mike Bada, University of Colorado Anschutz Medical Campus" id="GO_CC_2016_02_16_test_Instance_28313" type="identity">
      <class id="GO:0030424" label="axon"/>
      <span end="16930" id="15550985-4640" start="16925">axons</span>
    </annotation>
    <annotation annotator="Mike Bada, University of Colorado Anschutz Medical Campus" id="GO_CC_2016_02_16_test_Instance_28315" type="identity">
      <class id="GO:0030424" label="axon"/>
      <span end="17017" id="15550985-4642" start="17012">axons</span>
    </annotation>
    <annotation annotator="Mike Bada, University of Colorado Anschutz Medical Campus" id="GO_CC_2016_02_16_test_Instance_28317" type="identity">
      <class id="GO:0030424" label="axon"/>
      <span end="17172" id="15550985-4644" start="17167">axons</span>
    </annotation>
    <annotation annotator="Mike Bada, University of Colorado Anschutz Medical Campus" id="GO_CC_2016_02_16_test_Instance_28319" type="identity">
      <class id="GO:0030424" label="axon"/>
      <span end="17593" id="15550985-4646" start="17588">axons</span>
    </annotation>
    <annotation annotator="Mike Bada, University of Colorado Anschutz Medical Campus" id="GO_CC_2016_02_16_test_Instance_28321" type="identity">
      <class id="GO:0030424" label="axon"/>
      <span end="17795" id="15550985-4648" start="17790">axons</span>
    </annotation>
    <annotation annotator="Mike Bada, University of Colorado Anschutz Medical Campus" id="GO_CC_2016_02_16_test_Instance_28323" type="identity">
      <class id="GO:0030424" label="axon"/>
      <span end="17980" id="15550985-4650" start="17975">axons</span>
    </annotation>
    <annotation annotator="Mike Bada, University of Colorado Anschutz Medical Campus" id="GO_CC_2016_02_16_test_Instance_28325" type="identity">
      <class id="GO:0030424" label="axon"/>
      <span end="18041" id="15550985-4652" start="18036">axons</span>
    </annotation>
    <annotation annotator="Mike Bada, University of Colorado Anschutz Medical Campus" id="GO_CC_2016_02_16_test_Instance_28327" type="identity">
      <class id="GO:0030424" label="axon"/>
      <span end="18136" id="15550985-4654" start="18131">axons</span>
    </annotation>
    <annotation annotator="Mike Bada, University of Colorado Anschutz Medical Campus" id="GO_CC_2016_02_16_test_Instance_28329" type="identity">
      <class id="GO:0030424" label="axon"/>
      <span end="18330" id="15550985-4656" start="18325">axons</span>
    </annotation>
    <annotation annotator="Mike Bada, University of Colorado Anschutz Medical Campus" id="GO_CC_2016_02_16_test_Instance_28331" type="identity">
      <class id="GO:0030424" label="axon"/>
      <span end="18455" id="15550985-4658" start="18450">axons</span>
    </annotation>
    <annotation annotator="Mike Bada, University of Colorado Anschutz Medical Campus" id="GO_CC_2016_02_16_test_Instance_28333" type="identity">
      <class id="GO:0043195" label="terminal bouton"/>
      <span end="18485" id="15550985-4660" start="18469">terminal boutons</span>
    </annotation>
    <annotation annotator="Mike Bada, University of Colorado Anschutz Medical Campus" id="GO_CC_2016_02_16_test_Instance_28335" type="identity">
      <class id="GO:0030424" label="axon"/>
      <span end="18593" id="15550985-4662" start="18588">axons</span>
    </annotation>
    <annotation annotator="Mike Bada, University of Colorado Anschutz Medical Campus" id="GO_CC_2016_02_16_test_Instance_28337" type="identity">
      <class id="GO:0043195" label="terminal bouton"/>
      <span end="18687" id="15550985-4664" start="18671">terminal boutons</span>
    </annotation>
    <annotation annotator="Mike Bada, University of Colorado Anschutz Medical Campus" id="GO_CC_2016_02_16_test_Instance_28339" type="identity">
      <class id="GO:0030424" label="axon"/>
      <span end="18992" id="15550985-4666" start="18978">projections of</span>
      <span end="19013" id="15550985-4667" start="19008">axons</span>
    </annotation>
    <annotation annotator="Mike Bada, University of Colorado Anschutz Medical Campus" id="GO_CC_2016_02_16_test_Instance_28341" type="identity">
      <class id="GO:0030424" label="axon"/>
      <span end="19052" id="15550985-4669" start="19047">axons</span>
    </annotation>
    <annotation annotator="Mike Bada, University of Colorado Anschutz Medical Campus" id="GO_CC_2016_02_16_test_Instance_13607" type="identity">
      <class id="CL_GO_EXT:cell" label="cell"/>
      <span end="19591" id="15550985-4530" start="19586">cells</span>
    </annotation>
    <annotation annotator="Mike Bada, University of Colorado Anschutz Medical Campus" id="GO_CC_2016_02_16_test_Instance_28343" type="identity">
      <class id="GO:0030424" label="axon"/>
      <span end="19650" id="15550985-4671" start="19645">axons</span>
    </annotation>
    <annotation annotator="Mike Bada, University of Colorado Anschutz Medical Campus" id="GO_CC_2016_02_16_test_Instance_28345" type="identity">
      <class id="GO:0030424" label="axon"/>
      <span end="19818" id="15550985-4673" start="19813">axons</span>
    </annotation>
    <annotation annotator="Mike Bada, University of Colorado Anschutz Medical Campus" id="GO_CC_2016_02_16_test_Instance_28347" type="identity">
      <class id="GO:0030424" label="axon"/>
      <span end="19901" id="15550985-4675" start="19896">axons</span>
    </annotation>
    <annotation annotator="Mike Bada, University of Colorado Anschutz Medical Campus" id="GO_CC_2016_02_16_test_Instance_28349" type="identity">
      <class id="GO:0030424" label="axon"/>
      <span end="20198" id="15550985-4677" start="20193">axons</span>
    </annotation>
    <annotation annotator="Mike Bada, University of Colorado Anschutz Medical Campus" id="GO_CC_2016_02_16_test_Instance_28351" type="identity">
      <class id="GO:0030424" label="axon"/>
      <span end="20359" id="15550985-4679" start="20354">axons</span>
    </annotation>
    <annotation annotator="Mike Bada, University of Colorado Anschutz Medical Campus" id="GO_CC_2016_02_16_test_Instance_13609" type="identity">
      <class id="CL_GO_EXT:cell" label="cell"/>
      <span end="20955" id="15550985-4532" start="20950">cells</span>
    </annotation>
    <annotation annotator="Mike Bada, University of Colorado Anschutz Medical Campus" id="GO_CC_2016_02_16_test_Instance_28353" type="identity">
      <class id="GO:0030424" label="axon"/>
      <span end="21246" id="15550985-4681" start="21242">axon</span>
    </annotation>
    <annotation annotator="Mike Bada, University of Colorado Anschutz Medical Campus" id="GO_CC_2016_02_16_test_Instance_28355" type="identity">
      <class id="GO:0030424" label="axon"/>
      <span end="21279" id="15550985-4683" start="21274">axons</span>
    </annotation>
    <annotation annotator="Mike Bada, University of Colorado Anschutz Medical Campus" id="GO_CC_2016_02_16_test_Instance_28357" type="identity">
      <class id="GO:0030424" label="axon"/>
      <span end="21542" id="15550985-4685" start="21538">axon</span>
    </annotation>
    <annotation annotator="Mike Bada, University of Colorado Anschutz Medical Campus" id="GO_CC_2016_02_16_test_Instance_28359" type="identity">
      <class id="GO:0030424" label="axon"/>
      <span end="21598" id="15550985-4687" start="21594">axon</span>
    </annotation>
    <annotation annotator="Mike Bada, University of Colorado Anschutz Medical Campus" id="GO_CC_2016_02_16_test_Instance_28361" type="identity">
      <class id="GO:0030424" label="axon"/>
      <span end="21733" id="15550985-4689" start="21728">axons</span>
    </annotation>
    <annotation annotator="Mike Bada, University of Colorado Anschutz Medical Campus" id="GO_CC_2016_02_16_test_Instance_28365" type="identity">
      <class id="GO:0030424" label="axon"/>
      <span end="21846" id="15550985-4691" start="21841">axons</span>
    </annotation>
    <annotation annotator="Mike Bada, University of Colorado Anschutz Medical Campus" id="GO_CC_2016_02_16_test_Instance_28367" type="identity">
      <class id="GO:0030424" label="axon"/>
      <span end="21964" id="15550985-4693" start="21959">axons</span>
    </annotation>
    <annotation annotator="Mike Bada, University of Colorado Anschutz Medical Campus" id="GO_CC_2016_02_16_test_Instance_28369" type="identity">
      <class id="GO:0030424" label="axon"/>
      <span end="22032" id="15550985-4695" start="22026">axonal</span>
    </annotation>
    <annotation annotator="" id="GO_CC_2016_02_16_Instance_40080" type="identity">
      <class id="GO:0045202" label="synapse"/>
      <span end="22141" id="15550985-4494" start="22133">synaptic</span>
    </annotation>
    <annotation annotator="Mike Bada, University of Colorado Anschutz Medical Campus" id="GO_CC_2016_02_16_test_Instance_28371" type="identity">
      <class id="GO:0030424" label="axon"/>
      <span end="22207" id="15550985-4697" start="22203">axon</span>
    </annotation>
    <annotation annotator="Mike Bada, University of Colorado Anschutz Medical Campus" id="GO_CC_2016_02_16_test_Instance_28373" type="identity">
      <class id="GO:0030424" label="axon"/>
      <span end="22389" id="15550985-4699" start="22383">axonal</span>
    </annotation>
    <annotation annotator="Mike Bada, University of Colorado Anschutz Medical Campus" id="GO_CC_2016_02_16_test_Instance_28375" type="identity">
      <class id="GO:0030424" label="axon"/>
      <span end="22543" id="15550985-4701" start="22538">axons</span>
    </annotation>
    <annotation annotator="Mike Bada, University of Colorado Anschutz Medical Campus" id="GO_CC_2016_02_16_test_Instance_28377" type="identity">
      <class id="GO:0030424" label="axon"/>
      <span end="22675" id="15550985-4703" start="22670">axons</span>
    </annotation>
    <annotation annotator="Mike Bada, University of Colorado Anschutz Medical Campus" id="GO_CC_2016_02_16_test_Instance_28379" type="identity">
      <class id="GO:0030424" label="axon"/>
      <span end="22783" id="15550985-4705" start="22778">axons</span>
    </annotation>
    <annotation annotator="" id="GO_CC_2016_02_16_Instance_101855" type="identity">
      <class id="GO_UBERON_EXT:nerve_ending_or_neuron_projection_terminus" label="nerve ending or neuron projection terminus"/>
      <span end="22878" id="15550985-4438" start="22870">terminal</span>
    </annotation>
    <annotation annotator="Mike Bada, University of Colorado Anschutz Medical Campus" id="GO_CC_2016_02_16_test_Instance_28381" type="identity">
      <class id="GO:0030424" label="axon"/>
      <span end="22911" id="15550985-4707" start="22906">axons</span>
    </annotation>
    <annotation annotator="Mike Bada, University of Colorado Anschutz Medical Campus" id="GO_CC_2016_02_16_test_Instance_28383" type="identity">
      <class id="GO:0030424" label="axon"/>
      <span end="23096" id="15550985-4709" start="23092">axon</span>
    </annotation>
    <annotation annotator="Mike Bada, University of Colorado Anschutz Medical Campus" id="GO_CC_2016_02_16_test_Instance_28385" type="identity">
      <class id="GO:0030424" label="axon"/>
      <span end="23228" id="15550985-4711" start="23224">axon</span>
    </annotation>
    <annotation annotator="" id="GO_CC_2016_02_16_Instance_40082" type="identity">
      <class id="GO:0045202" label="synapse"/>
      <span end="23263" id="15550985-4496" start="23255">synaptic</span>
    </annotation>
    <annotation annotator="Mike Bada, University of Colorado Anschutz Medical Campus" id="GO_CC_2016_02_16_test_Instance_28387" type="identity">
      <class id="GO:0030424" label="axon"/>
      <span end="23497" id="15550985-4713" start="23491">axonal</span>
    </annotation>
    <annotation annotator="Mike Bada, University of Colorado Anschutz Medical Campus" id="GO_CC_2016_02_16_test_Instance_13611" type="identity">
      <class id="CL_GO_EXT:cell" label="cell"/>
      <span end="23612" id="15550985-4534" start="23607">cells</span>
    </annotation>
    <annotation annotator="Mike Bada, University of Colorado Anschutz Medical Campus" id="GO_CC_2016_02_16_test_Instance_28389" type="identity">
      <class id="GO:0030424" label="axon"/>
      <span end="23679" id="15550985-4715" start="23675">axon</span>
    </annotation>
    <annotation annotator="Mike Bada, University of Colorado Anschutz Medical Campus" id="GO_CC_2016_02_16_test_Instance_28391" type="identity">
      <class id="GO:0030424" label="axon"/>
      <span end="23717" id="15550985-4717" start="23712">axons</span>
    </annotation>
    <annotation annotator="Mike Bada, University of Colorado Anschutz Medical Campus" id="GO_CC_2016_02_16_test_Instance_28393" type="identity">
      <class id="GO:0030424" label="axon"/>
      <span end="23796" id="15550985-4719" start="23792">axon</span>
    </annotation>
    <annotation annotator="Mike Bada, University of Colorado Anschutz Medical Campus" id="GO_CC_2016_02_16_test_Instance_28395" type="identity">
      <class id="GO:0030424" label="axon"/>
      <span end="23839" id="15550985-4721" start="23834">axons</span>
    </annotation>
    <annotation annotator="" id="GO_CC_2016_02_16_Instance_101857" type="identity">
      <class id="GO_UBERON_EXT:nerve_ending_or_neuron_projection_terminus" label="nerve ending or neuron projection terminus"/>
      <span end="23959" id="15550985-4440" start="23951">terminal</span>
    </annotation>
    <annotation annotator="Mike Bada, University of Colorado Anschutz Medical Campus" id="GO_CC_2016_02_16_test_Instance_28397" type="identity">
      <class id="GO:0030424" label="axon"/>
      <span end="23986" id="15550985-4723" start="23981">axons</span>
    </annotation>
    <annotation annotator="Mike Bada, University of Colorado Anschutz Medical Campus" id="GO_CC_2016_02_16_test_Instance_28399" type="identity">
      <class id="GO:0030424" label="axon"/>
      <span end="24066" id="15550985-4725" start="24062">axon</span>
    </annotation>
    <annotation annotator="Mike Bada, University of Colorado Anschutz Medical Campus" id="GO_CC_2016_02_16_test_Instance_28401" type="identity">
      <class id="GO:0030424" label="axon"/>
      <span end="24204" id="15550985-4727" start="24200">axon</span>
    </annotation>
    <annotation annotator="" id="GO_CC_2016_02_16_Instance_40084" type="identity">
      <class id="GO:0042571" label="immunoglobulin complex, circulating"/>
      <span end="25850" id="15550985-4498" start="25840">antibodies</span>
    </annotation>
    <annotation annotator="" id="GO_CC_2016_02_16_Instance_40086" type="identity">
      <class id="GO:0042571" label="immunoglobulin complex, circulating"/>
      <span end="26002" id="15550985-4500" start="25992">antibodies</span>
    </annotation>
    <annotation annotator="" id="GO_CC_2016_02_16_Instance_40088" type="identity">
      <class id="GO:0042571" label="immunoglobulin complex, circulating"/>
      <span end="26205" id="15550985-4502" start="26197">antibody</span>
    </annotation>
    <annotation annotator="Mike Bada, University of Colorado Anschutz Medical Campus" id="GO_CC_2016_02_16_test_Instance_13613" type="identity">
      <class id="CL_GO_EXT:cell" label="cell"/>
      <span end="26425" id="15550985-4536" start="26420">cells</span>
    </annotation>
    <annotation annotator="" id="GO_CC_2016_02_16_Instance_40090" type="identity">
      <class id="GO:0042571" label="immunoglobulin complex, circulating"/>
      <span end="26798" id="15550985-4504" start="26790">antibody</span>
    </annotation>
    <annotation annotator="" id="GO_CC_2016_02_16_Instance_102019" type="identity">
      <class id="GO:0005883" label="neurofilament"/>
      <span end="26983" id="15550985-4458" start="26981">NF</span>
    </annotation>
    <annotation annotator="" id="GO_CC_2016_02_16_Instance_40092" type="identity">
      <class id="GO:0042571" label="immunoglobulin complex, circulating"/>
      <span end="26994" id="15550985-4506" start="26986">antibody</span>
    </annotation>
    <annotation annotator="" id="GO_CC_2016_02_16_Instance_40094" type="identity">
      <class id="GO:0042571" label="immunoglobulin complex, circulating"/>
      <span end="27050" id="15550985-4508" start="27042">antibody</span>
    </annotation>
    <annotation annotator="Mike Bada, University of Colorado Anschutz Medical Campus" id="GO_CC_2016_02_16_test_Instance_28425" type="identity">
      <class id="GO:0030424" label="axon"/>
      <span end="30345" id="15550985-4729" start="30340">axons</span>
    </annotation>
    <annotation annotator="Mike Bada, University of Colorado Anschutz Medical Campus" id="GO_CC_2016_02_16_test_Instance_28427" type="identity">
      <class id="GO:0030424" label="axon"/>
      <span end="30415" id="15550985-4731" start="30410">axons</span>
    </annotation>
    <annotation annotator="Mike Bada, University of Colorado Anschutz Medical Campus" id="GO_CC_2016_02_16_test_Instance_28429" type="identity">
      <class id="GO:0030425" label="dendrite"/>
      <span end="30449" id="15550985-4733" start="30440">dendrites</span>
    </annotation>
    <annotation annotator="Mike Bada, University of Colorado Anschutz Medical Campus" id="GO_CC_2016_02_16_test_Instance_28431" type="identity">
      <class id="GO:0045202" label="synapse"/>
      <span end="30487" id="15550985-4735" start="30479">synapses</span>
    </annotation>
    <annotation annotator="Mike Bada, University of Colorado Anschutz Medical Campus" id="GO_CC_2016_02_16_test_Instance_28433" type="identity">
      <class id="GO:0030425" label="dendrite"/>
      <span end="30687" id="15550985-4737" start="30678">dendrites</span>
    </annotation>
    <annotation annotator="Mike Bada, University of Colorado Anschutz Medical Campus" id="GO_CC_2016_02_16_test_Instance_28435" type="identity">
      <class id="GO:0030424" label="axon"/>
      <span end="30892" id="15550985-4739" start="30887">axons</span>
    </annotation>
    <annotation annotator="" id="GO_CC_2016_02_16_Instance_102021" type="identity">
      <class id="GO:0005883" label="neurofilament"/>
      <span end="31055" id="15550985-4460" start="31053">NF</span>
    </annotation>
    <annotation annotator="" id="GO_CC_2016_02_16_Instance_102682" type="identity">
      <class id="GO_UBERON_EXT:nerve_ending_or_neuron_projection_terminus" label="nerve ending or neuron projection terminus"/>
      <span end="31264" id="15550985-4474" start="31258">ending</span>
    </annotation>
    <annotation annotator="" id="GO_CC_2016_02_16_Instance_40096" type="identity">
      <class id="GO:0042571" label="immunoglobulin complex, circulating"/>
      <span end="31535" id="15550985-4510" start="31525">antibodies</span>
    </annotation>
    <annotation annotator="" id="GO_CC_2016_02_16_Instance_40098" type="identity">
      <class id="GO:0042571" label="immunoglobulin complex, circulating"/>
      <span end="31570" id="15550985-4512" start="31562">antibody</span>
    </annotation>
    <annotation annotator="" id="GO_CC_2016_02_16_Instance_102009" type="identity">
      <class id="GO:0005883" label="neurofilament"/>
      <span end="32074" id="15550985-4448" start="32072">NF</span>
    </annotation>
    <annotation annotator="" id="GO_CC_2016_02_16_Instance_102011" type="identity">
      <class id="GO:0005883" label="neurofilament"/>
      <span end="32092" id="15550985-4450" start="32079">neurofilament</span>
    </annotation>
    <annotation annotator="" id="GO_CC_2016_02_16_Instance_102083" type="identity">
      <class id="GO:0071735" label="IgG immunoglobulin complex"/>
      <span end="32240" id="15550985-4470" start="32237">IgG</span>
    </annotation>
    <annotation annotator="Mike Bada, University of Colorado Anschutz Medical Campus" id="GO_CC_2016_02_16_test_Instance_13615" type="identity">
      <class id="CL_GO_EXT:cell" label="cell"/>
      <span end="32692" id="15550985-4538" start="32687">cells</span>
    </annotation>
    <annotation annotator="Mike Bada, University of Colorado Anschutz Medical Campus" id="GO_CC_2016_02_16_test_Instance_13617" type="identity">
      <class id="CL_GO_EXT:cell" label="cell"/>
      <span end="32752" id="15550985-4540" start="32747">cells</span>
    </annotation>
    <annotation annotator="Mike Bada, University of Colorado Anschutz Medical Campus" id="GO_CC_2016_02_16_test_Instance_13619" type="identity">
      <class id="CL_GO_EXT:cell" label="cell"/>
      <span end="32781" id="15550985-4542" start="32776">cells</span>
    </annotation>
    <annotation annotator="Mike Bada, University of Colorado Anschutz Medical Campus" id="GO_CC_2016_02_16_test_Instance_13621" type="identity">
      <class id="CL_GO_EXT:cell" label="cell"/>
      <span end="32843" id="15550985-4544" start="32838">cells</span>
    </annotation>
    <annotation annotator="Mike Bada, University of Colorado Anschutz Medical Campus" id="GO_CC_2016_02_16_test_Instance_13623" type="identity">
      <class id="CL_GO_EXT:cell" label="cell"/>
      <span end="32974" id="15550985-4546" start="32969">cells</span>
    </annotation>
    <annotation annotator="Mike Bada, University of Colorado Anschutz Medical Campus" id="GO_CC_2016_02_16_test_Instance_28441" type="identity">
      <class id="GO:0030424" label="axon"/>
      <span end="33145" id="15550985-4741" start="33127">Axonal Projections</span>
    </annotation>
    <annotation annotator="Mike Bada, University of Colorado Anschutz Medical Campus" id="GO_CC_2016_02_16_test_Instance_28443" type="identity">
      <class id="GO:0030424" label="axon"/>
      <span end="33312" id="15550985-4743" start="33307">axons</span>
    </annotation>
    <annotation annotator="" id="GO_CC_2016_02_16_Instance_40100" type="identity">
      <class id="GO:0045202" label="synapse"/>
      <span end="33432" id="15550985-4514" start="33424">synaptic</span>
    </annotation>
    <annotation annotator="Mike Bada, University of Colorado Anschutz Medical Campus" id="GO_CC_2016_02_16_test_Instance_28445" type="identity">
      <class id="GO:0043195" label="terminal bouton"/>
      <span end="33701" id="15550985-4745" start="33686">synaptic bouton</span>
    </annotation>
    <annotation annotator="Mike Bada, University of Colorado Anschutz Medical Campus" id="GO_CC_2016_02_16_test_Instance_28449" type="identity">
      <class id="GO:0030424" label="axon"/>
      <span end="33777" id="15550985-4747" start="33772">Axons</span>
    </annotation>
    <annotation annotator="Mike Bada, University of Colorado Anschutz Medical Campus" id="GO_CC_2016_02_16_test_Instance_28451" type="identity">
      <class id="GO:0030424" label="axon"/>
      <span end="33888" id="15550985-4749" start="33883">axons</span>
    </annotation>
    <annotation annotator="Mike Bada, University of Colorado Anschutz Medical Campus" id="GO_CC_2016_02_16_test_Instance_28453" type="identity">
      <class id="GO:0030424" label="axon"/>
      <span end="34099" id="15550985-4751" start="34094">axons</span>
    </annotation>
    <annotation annotator="" id="GO_CC_2016_02_16_Instance_102023" type="identity">
      <class id="GO:0005883" label="neurofilament"/>
      <span end="34505" id="15550985-4462" start="34503">NF</span>
    </annotation>
    <annotation annotator="" id="GO_CC_2016_02_16_Instance_102025" type="identity">
      <class id="GO:0005883" label="neurofilament"/>
      <span end="34653" id="15550985-4464" start="34651">NF</span>
    </annotation>
    <annotation annotator="" id="GO_CC_2016_02_16_Instance_102027" type="identity">
      <class id="GO:0005883" label="neurofilament"/>
      <span end="34752" id="15550985-4466" start="34750">NF</span>
    </annotation>
    <annotation annotator="Mike Bada, University of Colorado Anschutz Medical Campus" id="GO_CC_2016_02_16_test_Instance_28455" type="identity">
      <class id="GO:0030424" label="axon"/>
      <span end="35705" id="15550985-4753" start="35700">Axons</span>
    </annotation>
    <annotation annotator="Mike Bada, University of Colorado Anschutz Medical Campus" id="GO_CC_2016_02_16_test_Instance_28457" type="identity">
      <class id="GO:0030424" label="axon"/>
      <span end="36288" id="15550985-4755" start="36283">axons</span>
    </annotation>
    <annotation annotator="Mike Bada, University of Colorado Anschutz Medical Campus" id="GO_CC_2016_02_16_test_Instance_28459" type="identity">
      <class id="GO:0030424" label="axon"/>
      <span end="36534" id="15550985-4757" start="36529">axons</span>
    </annotation>
    <annotation annotator="Mike Bada, University of Colorado Anschutz Medical Campus" id="GO_CC_2016_02_16_test_Instance_28461" type="identity">
      <class id="GO:0030424" label="axon"/>
      <span end="36656" id="15550985-4759" start="36651">axons</span>
    </annotation>
    <annotation annotator="Mike Bada, University of Colorado Anschutz Medical Campus" id="GO_CC_2016_02_16_test_Instance_28463" type="identity">
      <class id="GO:0030424" label="axon"/>
      <span end="36737" id="15550985-4761" start="36732">axons</span>
    </annotation>
    <annotation annotator="Mike Bada, University of Colorado Anschutz Medical Campus" id="GO_CC_2016_02_16_test_Instance_28465" type="identity">
      <class id="GO:0030424" label="axon"/>
      <span end="36825" id="15550985-4763" start="36820">axons</span>
    </annotation>
    <annotation annotator="Mike Bada, University of Colorado Anschutz Medical Campus" id="GO_CC_2016_02_16_test_Instance_28467" type="identity">
      <class id="GO:0030424" label="axon"/>
      <span end="37246" id="15550985-4765" start="37241">axons</span>
    </annotation>
    <annotation annotator="" id="GO_CC_2016_02_16_Instance_101451" type="identity">
      <class id="GO:0030424" label="axon"/>
      <span end="37299" id="15550985-4431" start="37295">axon</span>
    </annotation>
    <annotation annotator="Mike Bada, University of Colorado Anschutz Medical Campus" id="GO_CC_2016_02_16_test_Instance_28469" type="identity">
      <class id="GO:0030424" label="axon"/>
      <span end="38117" id="15550985-4767" start="38113">axon</span>
    </annotation>
    <graph-space id="Old Knowtator Relations"/>
  </document>
</knowtator-project>
