<?xml version="1.0" encoding="UTF-8" standalone="no"?>
<knowtator-project>
  <document id="15550985" text-file="15550985.txt">
    <annotation annotator="Mike Bada, University of Colorado Anschutz Medical Campus" id="GO_CC_2016_02_16_test_Instance_28199" type="identity">
      <class id="GO:0030424" label="axon"/>
      <span end="54" id="15550985-4549" start="50">Axon</span>
    </annotation>
    <annotation annotator="Mike Bada, University of Colorado Anschutz Medical Campus" id="GO_CC_2016_02_16_test_Instance_28201" type="identity">
      <class id="GO:0030424" label="axon"/>
      <span end="267" id="15550985-4551" start="263">axon</span>
    </annotation>
    <annotation annotator="Mike Bada, University of Colorado Anschutz Medical Campus" id="GO_CC_2016_02_16_test_Instance_28203" type="identity">
      <class id="GO:0030424" label="axon"/>
      <span end="351" id="15550985-4553" start="346">axons</span>
    </annotation>
    <annotation annotator="Mike Bada, University of Colorado Anschutz Medical Campus" id="GO_CC_2016_02_16_test_Instance_28205" type="identity">
      <class id="GO:0030424" label="axon"/>
      <span end="543" id="15550985-4555" start="538">axons</span>
    </annotation>
    <annotation annotator="Mike Bada, University of Colorado Anschutz Medical Campus" id="GO_CC_2016_02_16_test_Instance_28207" type="identity">
      <class id="GO:0030424" label="axon"/>
      <span end="610" id="15550985-4557" start="605">axons</span>
    </annotation>
    <annotation annotator="Mike Bada, University of Colorado Anschutz Medical Campus" id="GO_CC_2016_02_16_test_Instance_28209" type="identity">
      <class id="GO:0030424" label="axon"/>
      <span end="768" id="15550985-4559" start="763">axons</span>
    </annotation>
    <annotation annotator="Mike Bada, University of Colorado Anschutz Medical Campus" id="GO_CC_2016_02_16_test_Instance_28211" type="identity">
      <class id="GO:0030424" label="axon"/>
      <span end="842" id="15550985-4561" start="838">axon</span>
    </annotation>
    <annotation annotator="Mike Bada, University of Colorado Anschutz Medical Campus" id="GO_CC_2016_02_16_test_Instance_28213" type="identity">
      <class id="GO:0030424" label="axon"/>
      <span end="1362" id="15550985-4563" start="1357">axons</span>
    </annotation>
    <annotation annotator="Mike Bada, University of Colorado Anschutz Medical Campus" id="GO_CC_2016_02_16_test_Instance_28215" type="identity">
      <class id="GO:0030424" label="axon"/>
      <span end="1737" id="15550985-4565" start="1732">axons</span>
    </annotation>
    <annotation annotator="" id="GO_CC_2016_02_16_Instance_102680" type="identity">
      <class id="GO_UBERON_EXT:nerve_ending_or_neuron_projection_terminus" label="nerve ending or neuron projection terminus"/>
      <span end="1849" id="15550985-4473" start="1842">endings</span>
    </annotation>
    <annotation annotator="" id="GO_CC_2016_02_16_Instance_40062" type="identity">
      <class id="GO:0042571" label="immunoglobulin complex, circulating"/>
      <span end="1922" id="15550985-4479" start="1914">antibody</span>
    </annotation>
    <annotation annotator="" id="GO_CC_2016_02_16_Instance_170002" type="identity">
      <class id="GO_UBERON_EXT:proprioceptor" label="proprioceptor"/>
      <span end="2212" id="15550985-4477" start="2198">proprioceptors</span>
    </annotation>
    <annotation annotator="" id="GO_CC_2016_02_16_Instance_40064" type="identity">
      <class id="GO:0045202" label="synapse"/>
      <span end="2254" id="15550985-4481" start="2246">synaptic</span>
    </annotation>
    <annotation annotator="Mike Bada, University of Colorado Anschutz Medical Campus" id="GO_CC_2016_02_16_test_Instance_28221" type="identity">
      <class id="GO:0030424" label="axon"/>
      <span end="2345" id="15550985-4567" start="2340">axons</span>
    </annotation>
    <annotation annotator="Mike Bada, University of Colorado Anschutz Medical Campus" id="GO_CC_2016_02_16_test_Instance_28223" type="identity">
      <class id="GO:0030424" label="axon"/>
      <span end="2760" id="15550985-4569" start="2754">axonal</span>
    </annotation>
    <annotation annotator="Mike Bada, University of Colorado Anschutz Medical Campus" id="GO_CC_2016_02_16_test_Instance_28225" type="identity">
      <class id="GO:0030424" label="axon"/>
      <span end="2927" id="15550985-4571" start="2909">axonal projections</span>
    </annotation>
    <annotation annotator="Mike Bada, University of Colorado Anschutz Medical Campus" id="GO_CC_2016_02_16_test_Instance_13593" type="identity">
      <class id="CL_GO_EXT:cell" label="cell"/>
      <span end="3155" id="15550985-4517" start="3150">cells</span>
    </annotation>
    <annotation annotator="Mike Bada, University of Colorado Anschutz Medical Campus" id="GO_CC_2016_02_16_test_Instance_13595" type="identity">
      <class id="CL_GO_EXT:cell" label="cell"/>
      <span end="3264" id="15550985-4519" start="3259">cells</span>
    </annotation>
    <annotation annotator="Mike Bada, University of Colorado Anschutz Medical Campus" id="GO_CC_2016_02_16_test_Instance_13597" type="identity">
      <class id="CL_GO_EXT:cell" label="cell"/>
      <span end="3419" id="15550985-4521" start="3414">cells</span>
    </annotation>
    <annotation annotator="Mike Bada, University of Colorado Anschutz Medical Campus" id="GO_CC_2016_02_16_test_Instance_13599" type="identity">
      <class id="CL_GO_EXT:cell" label="cell"/>
      <span end="3507" id="15550985-4523" start="3502">cells</span>
    </annotation>
    <annotation annotator="Mike Bada, University of Colorado Anschutz Medical Campus" id="GO_CC_2016_02_16_test_Instance_13601" type="identity">
      <class id="CL_GO_EXT:cell" label="cell"/>
      <span end="3669" id="15550985-4525" start="3664">cells</span>
    </annotation>
    <annotation annotator="" id="GO_CC_2016_02_16_Instance_101853" type="identity">
      <class id="GO_UBERON_EXT:nerve_ending_or_neuron_projection_terminus" label="nerve ending or neuron projection terminus"/>
      <span end="4832" id="15550985-4437" start="4824">terminal</span>
    </annotation>
    <annotation annotator="" id="GO_CC_2016_02_16_Instance_101773" type="identity">
      <class id="GO:0030424" label="axon"/>
      <span end="4903" id="15550985-4434" start="4889">projections of</span>
      <span end="4913" id="15550985-4435" start="4908">axons</span>
    </annotation>
    <annotation annotator="Mike Bada, University of Colorado Anschutz Medical Campus" id="GO_CC_2016_02_16_test_Instance_28229" type="identity">
      <class id="GO:0030424" label="axon"/>
      <span end="6149" id="15550985-4573" start="6144">axons</span>
    </annotation>
    <annotation annotator="Mike Bada, University of Colorado Anschutz Medical Campus" id="GO_CC_2016_02_16_test_Instance_28231" type="identity">
      <class id="GO:0030424" label="axon"/>
      <span end="6741" id="15550985-4575" start="6736">axons</span>
    </annotation>
    <annotation annotator="Mike Bada, University of Colorado Anschutz Medical Campus" id="GO_CC_2016_02_16_test_Instance_28233" type="identity">
      <class id="GO:0030425" label="dendrite"/>
      <span end="6776" id="15550985-4577" start="6767">dendrites</span>
    </annotation>
    <annotation annotator="Mike Bada, University of Colorado Anschutz Medical Campus" id="GO_CC_2016_02_16_test_Instance_28235" type="identity">
      <class id="GO:0030424" label="axon"/>
      <span end="6914" id="15550985-4579" start="6909">axons</span>
    </annotation>
    <annotation annotator="Mike Bada, University of Colorado Anschutz Medical Campus" id="GO_CC_2016_02_16_test_Instance_28237" type="identity">
      <class id="GO:0030424" label="axon"/>
      <span end="7003" id="15550985-4581" start="6999">axon</span>
    </annotation>
    <annotation annotator="Mike Bada, University of Colorado Anschutz Medical Campus" id="GO_CC_2016_02_16_test_Instance_28239" type="identity">
      <class id="GO:0030424" label="axon"/>
      <span end="7051" id="15550985-4583" start="7047">axon</span>
    </annotation>
    <annotation annotator="" id="GO_CC_2016_02_16_Instance_102005" type="identity">
      <class id="GO:0005883" label="neurofilament"/>
      <span end="7420" id="15550985-4445" start="7407">neurofilament</span>
    </annotation>
    <annotation annotator="" id="GO_CC_2016_02_16_Instance_102007" type="identity">
      <class id="GO:0005883" label="neurofilament"/>
      <span end="7426" id="15550985-4447" start="7424">NF</span>
    </annotation>
    <annotation annotator="" id="GO_CC_2016_02_16_Instance_40068" type="identity">
      <class id="GO:0042571" label="immunoglobulin complex, circulating"/>
      <span end="7438" id="15550985-4483" start="7430">antibody</span>
    </annotation>
    <annotation annotator="" id="GO_CC_2016_02_16_Instance_101979" type="identity">
      <class id="GO_UBERON_EXT:nerve_ending_or_neuron_projection_terminus" label="nerve ending or neuron projection terminus"/>
      <span end="7470" id="15550985-4443" start="7463">endings</span>
    </annotation>
    <annotation annotator="" id="GO_CC_2016_02_16_Instance_40072" type="identity">
      <class id="GO:0042571" label="immunoglobulin complex, circulating"/>
      <span end="7533" id="15550985-4487" start="7525">antibody</span>
    </annotation>
    <annotation annotator="Mike Bada, University of Colorado Anschutz Medical Campus" id="GO_CC_2016_02_16_test_Instance_13603" type="identity">
      <class id="CL_GO_EXT:cell" label="cell"/>
      <span end="7905" id="15550985-4527" start="7900">cells</span>
    </annotation>
    <annotation annotator="" id="GO_CC_2016_02_16_Instance_40070" type="identity">
      <class id="GO:0042571" label="immunoglobulin complex, circulating"/>
      <span end="8052" id="15550985-4485" start="8044">antibody</span>
    </annotation>
    <annotation annotator="" id="GO_CC_2016_02_16_Instance_102013" type="identity">
      <class id="GO:0005883" label="neurofilament"/>
      <span end="8160" id="15550985-4453" start="8158">NF</span>
    </annotation>
    <annotation annotator="" id="GO_CC_2016_02_16_Instance_102015" type="identity">
      <class id="GO:0005883" label="neurofilament"/>
      <span end="8367" id="15550985-4455" start="8365">NF</span>
    </annotation>
    <annotation annotator="Mike Bada, University of Colorado Anschutz Medical Campus" id="GO_CC_2016_02_16_test_Instance_28247" type="identity">
      <class id="GO:0030424" label="axon"/>
      <span end="8410" id="15550985-4585" start="8405">axons</span>
    </annotation>
    <annotation annotator="Mike Bada, University of Colorado Anschutz Medical Campus" id="GO_CC_2016_02_16_test_Instance_28249" type="identity">
      <class id="GO:0030424" label="axon"/>
      <span end="8521" id="15550985-4587" start="8516">axons</span>
    </annotation>
    <annotation annotator="" id="GO_CC_2016_02_16_Instance_102017" type="identity">
      <class id="GO:0005883" label="neurofilament"/>
      <span end="8707" id="15550985-4457" start="8705">NF</span>
    </annotation>
    <annotation annotator="Mike Bada, University of Colorado Anschutz Medical Campus" id="GO_CC_2016_02_16_test_Instance_28251" type="identity">
      <class id="GO:0030424" label="axon"/>
      <span end="9706" id="15550985-4589" start="9701">axons</span>
    </annotation>
    <annotation annotator="Mike Bada, University of Colorado Anschutz Medical Campus" id="GO_CC_2016_02_16_test_Instance_28253" type="identity">
      <class id="GO:0030424" label="axon"/>
      <span end="9778" id="15550985-4591" start="9773">axons</span>
    </annotation>
    <annotation annotator="Mike Bada, University of Colorado Anschutz Medical Campus" id="GO_CC_2016_02_16_test_Instance_28255" type="identity">
      <class id="GO:0030424" label="axon"/>
      <span end="9821" id="15550985-4593" start="9816">axons</span>
    </annotation>
    <annotation annotator="Mike Bada, University of Colorado Anschutz Medical Campus" id="GO_CC_2016_02_16_test_Instance_28257" type="identity">
      <class id="GO:0030424" label="axon"/>
      <span end="9945" id="15550985-4595" start="9940">axons</span>
    </annotation>
    <annotation annotator="Mike Bada, University of Colorado Anschutz Medical Campus" id="GO_CC_2016_02_16_test_Instance_28259" type="identity">
      <class id="GO:0030424" label="axon"/>
      <span end="10110" id="15550985-4597" start="10105">Axons</span>
    </annotation>
    <annotation annotator="Mike Bada, University of Colorado Anschutz Medical Campus" id="GO_CC_2016_02_16_test_Instance_28261" type="identity">
      <class id="GO:0030424" label="axon"/>
      <span end="10197" id="15550985-4599" start="10192">axons</span>
    </annotation>
    <annotation annotator="Mike Bada, University of Colorado Anschutz Medical Campus" id="GO_CC_2016_02_16_test_Instance_28263" type="identity">
      <class id="GO:0030424" label="axon"/>
      <span end="10261" id="15550985-4601" start="10256">axons</span>
    </annotation>
    <annotation annotator="Mike Bada, University of Colorado Anschutz Medical Campus" id="GO_CC_2016_02_16_test_Instance_28267" type="identity">
      <class id="GO:0030424" label="axon"/>
      <span end="10648" id="15550985-4603" start="10643">axons</span>
    </annotation>
    <annotation annotator="Mike Bada, University of Colorado Anschutz Medical Campus" id="GO_CC_2016_02_16_test_Instance_28269" type="identity">
      <class id="GO:0030424" label="axon"/>
      <span end="11173" id="15550985-4605" start="11168">Axons</span>
    </annotation>
    <annotation annotator="" id="GO_CC_2016_02_16_Instance_102081" type="identity">
      <class id="GO:0071735" label="IgG immunoglobulin complex"/>
      <span end="11322" id="15550985-4469" start="11319">IgG</span>
    </annotation>
    <annotation annotator="Mike Bada, University of Colorado Anschutz Medical Campus" id="GO_CC_2016_02_16_test_Instance_28273" type="identity">
      <class id="GO:0030424" label="axon"/>
      <span end="11878" id="15550985-4607" start="11873">axons</span>
    </annotation>
    <annotation annotator="Mike Bada, University of Colorado Anschutz Medical Campus" id="GO_CC_2016_02_16_test_Instance_28275" type="identity">
      <class id="GO:0030424" label="axon"/>
      <span end="12536" id="15550985-4609" start="12531">axons</span>
    </annotation>
    <annotation annotator="Mike Bada, University of Colorado Anschutz Medical Campus" id="GO_CC_2016_02_16_test_Instance_28277" type="identity">
      <class id="GO:0030424" label="axon"/>
      <span end="12605" id="15550985-4611" start="12600">Axons</span>
    </annotation>
    <annotation annotator="Mike Bada, University of Colorado Anschutz Medical Campus" id="GO_CC_2016_02_16_test_Instance_28279" type="identity">
      <class id="GO:0030424" label="axon"/>
      <span end="12751" id="15550985-4613" start="12747">axon</span>
    </annotation>
    <annotation annotator="Mike Bada, University of Colorado Anschutz Medical Campus" id="GO_CC_2016_02_16_test_Instance_28281" type="identity">
      <class id="GO:0030424" label="axon"/>
      <span end="12956" id="15550985-4615" start="12951">axons</span>
    </annotation>
    <annotation annotator="Mike Bada, University of Colorado Anschutz Medical Campus" id="GO_CC_2016_02_16_test_Instance_28283" type="identity">
      <class id="GO:0030424" label="axon"/>
      <span end="13069" id="15550985-4617" start="13064">axons</span>
    </annotation>
    <annotation annotator="Mike Bada, University of Colorado Anschutz Medical Campus" id="GO_CC_2016_02_16_test_Instance_28285" type="identity">
      <class id="GO:0030424" label="axon"/>
      <span end="13381" id="15550985-4619" start="13376">axons</span>
    </annotation>
    <annotation annotator="" id="GO_CC_2016_02_16_Instance_40074" type="identity">
      <class id="GO:0042571" label="immunoglobulin complex, circulating"/>
      <span end="13578" id="15550985-4489" start="13568">antibodies</span>
    </annotation>
    <annotation annotator="Mike Bada, University of Colorado Anschutz Medical Campus" id="GO_CC_2016_02_16_test_Instance_28289" type="identity">
      <class id="GO:0030424" label="axon"/>
      <span end="13621" id="15550985-4621" start="13617">axon</span>
    </annotation>
    <annotation annotator="" id="GO_CC_2016_02_16_Instance_40078" type="identity">
      <class id="GO:0042571" label="immunoglobulin complex, circulating"/>
      <span end="14223" id="15550985-4493" start="14215">antibody</span>
    </annotation>
    <annotation annotator="" id="GO_CC_2016_02_16_Instance_40076" type="identity">
      <class id="GO:0042571" label="immunoglobulin complex, circulating"/>
      <span end="14367" id="15550985-4491" start="14359">antibody</span>
    </annotation>
    <annotation annotator="Mike Bada, University of Colorado Anschutz Medical Campus" id="GO_CC_2016_02_16_test_Instance_13605" type="identity">
      <class id="CL_GO_EXT:cell" label="cell"/>
      <span end="14403" id="15550985-4529" start="14399">cell</span>
    </annotation>
    <annotation annotator="Mike Bada, University of Colorado Anschutz Medical Campus" id="GO_CC_2016_02_16_test_Instance_28295" type="identity">
      <class id="GO:0030424" label="axon"/>
      <span end="14576" id="15550985-4623" start="14571">axons</span>
    </annotation>
    <annotation annotator="Mike Bada, University of Colorado Anschutz Medical Campus" id="GO_CC_2016_02_16_test_Instance_28297" type="identity">
      <class id="GO:0030424" label="axon"/>
      <span end="14805" id="15550985-4625" start="14800">axons</span>
    </annotation>
    <annotation annotator="Mike Bada, University of Colorado Anschutz Medical Campus" id="GO_CC_2016_02_16_test_Instance_28299" type="identity">
      <class id="GO:0030424" label="axon"/>
      <span end="14953" id="15550985-4627" start="14948">axons</span>
    </annotation>
    <annotation annotator="Mike Bada, University of Colorado Anschutz Medical Campus" id="GO_CC_2016_02_16_test_Instance_28301" type="identity">
      <class id="GO:0030424" label="axon"/>
      <span end="15077" id="15550985-4629" start="15072">axons</span>
    </annotation>
    <annotation annotator="Mike Bada, University of Colorado Anschutz Medical Campus" id="GO_CC_2016_02_16_test_Instance_28303" type="identity">
      <class id="GO:0030424" label="axon"/>
      <span end="15175" id="15550985-4631" start="15171">axon</span>
    </annotation>
    <annotation annotator="Mike Bada, University of Colorado Anschutz Medical Campus" id="GO_CC_2016_02_16_test_Instance_28305" type="identity">
      <class id="GO:0030424" label="axon"/>
      <span end="15302" id="15550985-4633" start="15296">axonal</span>
    </annotation>
    <annotation annotator="Mike Bada, University of Colorado Anschutz Medical Campus" id="GO_CC_2016_02_16_test_Instance_28307" type="identity">
      <class id="GO:0030424" label="axon"/>
      <span end="15336" id="15550985-4635" start="15331">axons</span>
    </annotation>
    <annotation annotator="Mike Bada, University of Colorado Anschutz Medical Campus" id="GO_CC_2016_02_16_test_Instance_28309" type="identity">
      <class id="GO:0030424" label="axon"/>
      <span end="15411" id="15550985-4637" start="15406">axons</span>
    </annotation>
    <annotation annotator="Mike Bada, University of Colorado Anschutz Medical Campus" id="GO_CC_2016_02_16_test_Instance_28311" type="identity">
      <class id="GO:0030424" label="axon"/>
      <span end="15939" id="15550985-4639" start="15933">axonal</span>
    </annotation>
    <annotation annotator="Mike Bada, University of Colorado Anschutz Medical Campus" id="GO_CC_2016_02_16_test_Instance_28313" type="identity">
      <class id="GO:0030424" label="axon"/>
      <span end="16930" id="15550985-4641" start="16925">axons</span>
    </annotation>
    <annotation annotator="Mike Bada, University of Colorado Anschutz Medical Campus" id="GO_CC_2016_02_16_test_Instance_28315" type="identity">
      <class id="GO:0030424" label="axon"/>
      <span end="17017" id="15550985-4643" start="17012">axons</span>
    </annotation>
    <annotation annotator="Mike Bada, University of Colorado Anschutz Medical Campus" id="GO_CC_2016_02_16_test_Instance_28317" type="identity">
      <class id="GO:0030424" label="axon"/>
      <span end="17172" id="15550985-4645" start="17167">axons</span>
    </annotation>
    <annotation annotator="Mike Bada, University of Colorado Anschutz Medical Campus" id="GO_CC_2016_02_16_test_Instance_28319" type="identity">
      <class id="GO:0030424" label="axon"/>
      <span end="17593" id="15550985-4647" start="17588">axons</span>
    </annotation>
    <annotation annotator="Mike Bada, University of Colorado Anschutz Medical Campus" id="GO_CC_2016_02_16_test_Instance_28321" type="identity">
      <class id="GO:0030424" label="axon"/>
      <span end="17795" id="15550985-4649" start="17790">axons</span>
    </annotation>
    <annotation annotator="Mike Bada, University of Colorado Anschutz Medical Campus" id="GO_CC_2016_02_16_test_Instance_28323" type="identity">
      <class id="GO:0030424" label="axon"/>
      <span end="17980" id="15550985-4651" start="17975">axons</span>
    </annotation>
    <annotation annotator="Mike Bada, University of Colorado Anschutz Medical Campus" id="GO_CC_2016_02_16_test_Instance_28325" type="identity">
      <class id="GO:0030424" label="axon"/>
      <span end="18041" id="15550985-4653" start="18036">axons</span>
    </annotation>
    <annotation annotator="Mike Bada, University of Colorado Anschutz Medical Campus" id="GO_CC_2016_02_16_test_Instance_28327" type="identity">
      <class id="GO:0030424" label="axon"/>
      <span end="18136" id="15550985-4655" start="18131">axons</span>
    </annotation>
    <annotation annotator="Mike Bada, University of Colorado Anschutz Medical Campus" id="GO_CC_2016_02_16_test_Instance_28329" type="identity">
      <class id="GO:0030424" label="axon"/>
      <span end="18330" id="15550985-4657" start="18325">axons</span>
    </annotation>
    <annotation annotator="Mike Bada, University of Colorado Anschutz Medical Campus" id="GO_CC_2016_02_16_test_Instance_28331" type="identity">
      <class id="GO:0030424" label="axon"/>
      <span end="18455" id="15550985-4659" start="18450">axons</span>
    </annotation>
    <annotation annotator="Mike Bada, University of Colorado Anschutz Medical Campus" id="GO_CC_2016_02_16_test_Instance_28333" type="identity">
      <class id="GO:0043195" label="terminal bouton"/>
      <span end="18485" id="15550985-4661" start="18469">terminal boutons</span>
    </annotation>
    <annotation annotator="Mike Bada, University of Colorado Anschutz Medical Campus" id="GO_CC_2016_02_16_test_Instance_28335" type="identity">
      <class id="GO:0030424" label="axon"/>
      <span end="18593" id="15550985-4663" start="18588">axons</span>
    </annotation>
    <annotation annotator="Mike Bada, University of Colorado Anschutz Medical Campus" id="GO_CC_2016_02_16_test_Instance_28337" type="identity">
      <class id="GO:0043195" label="terminal bouton"/>
      <span end="18687" id="15550985-4665" start="18671">terminal boutons</span>
    </annotation>
    <annotation annotator="Mike Bada, University of Colorado Anschutz Medical Campus" id="GO_CC_2016_02_16_test_Instance_28339" type="identity">
      <class id="GO:0030424" label="axon"/>
      <span end="18992" id="15550985-4667" start="18978">projections of</span>
      <span end="19013" id="15550985-4668" start="19008">axons</span>
    </annotation>
    <annotation annotator="Mike Bada, University of Colorado Anschutz Medical Campus" id="GO_CC_2016_02_16_test_Instance_28341" type="identity">
      <class id="GO:0030424" label="axon"/>
      <span end="19052" id="15550985-4670" start="19047">axons</span>
    </annotation>
    <annotation annotator="Mike Bada, University of Colorado Anschutz Medical Campus" id="GO_CC_2016_02_16_test_Instance_13607" type="identity">
      <class id="CL_GO_EXT:cell" label="cell"/>
      <span end="19591" id="15550985-4531" start="19586">cells</span>
    </annotation>
    <annotation annotator="Mike Bada, University of Colorado Anschutz Medical Campus" id="GO_CC_2016_02_16_test_Instance_28343" type="identity">
      <class id="GO:0030424" label="axon"/>
      <span end="19650" id="15550985-4672" start="19645">axons</span>
    </annotation>
    <annotation annotator="Mike Bada, University of Colorado Anschutz Medical Campus" id="GO_CC_2016_02_16_test_Instance_28345" type="identity">
      <class id="GO:0030424" label="axon"/>
      <span end="19818" id="15550985-4674" start="19813">axons</span>
    </annotation>
    <annotation annotator="Mike Bada, University of Colorado Anschutz Medical Campus" id="GO_CC_2016_02_16_test_Instance_28347" type="identity">
      <class id="GO:0030424" label="axon"/>
      <span end="19901" id="15550985-4676" start="19896">axons</span>
    </annotation>
    <annotation annotator="Mike Bada, University of Colorado Anschutz Medical Campus" id="GO_CC_2016_02_16_test_Instance_28349" type="identity">
      <class id="GO:0030424" label="axon"/>
      <span end="20198" id="15550985-4678" start="20193">axons</span>
    </annotation>
    <annotation annotator="Mike Bada, University of Colorado Anschutz Medical Campus" id="GO_CC_2016_02_16_test_Instance_28351" type="identity">
      <class id="GO:0030424" label="axon"/>
      <span end="20359" id="15550985-4680" start="20354">axons</span>
    </annotation>
    <annotation annotator="Mike Bada, University of Colorado Anschutz Medical Campus" id="GO_CC_2016_02_16_test_Instance_13609" type="identity">
      <class id="CL_GO_EXT:cell" label="cell"/>
      <span end="20955" id="15550985-4533" start="20950">cells</span>
    </annotation>
    <annotation annotator="Mike Bada, University of Colorado Anschutz Medical Campus" id="GO_CC_2016_02_16_test_Instance_28353" type="identity">
      <class id="GO:0030424" label="axon"/>
      <span end="21246" id="15550985-4682" start="21242">axon</span>
    </annotation>
    <annotation annotator="Mike Bada, University of Colorado Anschutz Medical Campus" id="GO_CC_2016_02_16_test_Instance_28355" type="identity">
      <class id="GO:0030424" label="axon"/>
      <span end="21279" id="15550985-4684" start="21274">axons</span>
    </annotation>
    <annotation annotator="Mike Bada, University of Colorado Anschutz Medical Campus" id="GO_CC_2016_02_16_test_Instance_28357" type="identity">
      <class id="GO:0030424" label="axon"/>
      <span end="21542" id="15550985-4686" start="21538">axon</span>
    </annotation>
    <annotation annotator="Mike Bada, University of Colorado Anschutz Medical Campus" id="GO_CC_2016_02_16_test_Instance_28359" type="identity">
      <class id="GO:0030424" label="axon"/>
      <span end="21598" id="15550985-4688" start="21594">axon</span>
    </annotation>
    <annotation annotator="Mike Bada, University of Colorado Anschutz Medical Campus" id="GO_CC_2016_02_16_test_Instance_28361" type="identity">
      <class id="GO:0030424" label="axon"/>
      <span end="21733" id="15550985-4690" start="21728">axons</span>
    </annotation>
    <annotation annotator="Mike Bada, University of Colorado Anschutz Medical Campus" id="GO_CC_2016_02_16_test_Instance_28365" type="identity">
      <class id="GO:0030424" label="axon"/>
      <span end="21846" id="15550985-4692" start="21841">axons</span>
    </annotation>
    <annotation annotator="Mike Bada, University of Colorado Anschutz Medical Campus" id="GO_CC_2016_02_16_test_Instance_28367" type="identity">
      <class id="GO:0030424" label="axon"/>
      <span end="21964" id="15550985-4694" start="21959">axons</span>
    </annotation>
    <annotation annotator="Mike Bada, University of Colorado Anschutz Medical Campus" id="GO_CC_2016_02_16_test_Instance_28369" type="identity">
      <class id="GO:0030424" label="axon"/>
      <span end="22032" id="15550985-4696" start="22026">axonal</span>
    </annotation>
    <annotation annotator="" id="GO_CC_2016_02_16_Instance_40080" type="identity">
      <class id="GO:0045202" label="synapse"/>
      <span end="22141" id="15550985-4495" start="22133">synaptic</span>
    </annotation>
    <annotation annotator="Mike Bada, University of Colorado Anschutz Medical Campus" id="GO_CC_2016_02_16_test_Instance_28371" type="identity">
      <class id="GO:0030424" label="axon"/>
      <span end="22207" id="15550985-4698" start="22203">axon</span>
    </annotation>
    <annotation annotator="Mike Bada, University of Colorado Anschutz Medical Campus" id="GO_CC_2016_02_16_test_Instance_28373" type="identity">
      <class id="GO:0030424" label="axon"/>
      <span end="22389" id="15550985-4700" start="22383">axonal</span>
    </annotation>
    <annotation annotator="Mike Bada, University of Colorado Anschutz Medical Campus" id="GO_CC_2016_02_16_test_Instance_28375" type="identity">
      <class id="GO:0030424" label="axon"/>
      <span end="22543" id="15550985-4702" start="22538">axons</span>
    </annotation>
    <annotation annotator="Mike Bada, University of Colorado Anschutz Medical Campus" id="GO_CC_2016_02_16_test_Instance_28377" type="identity">
      <class id="GO:0030424" label="axon"/>
      <span end="22675" id="15550985-4704" start="22670">axons</span>
    </annotation>
    <annotation annotator="Mike Bada, University of Colorado Anschutz Medical Campus" id="GO_CC_2016_02_16_test_Instance_28379" type="identity">
      <class id="GO:0030424" label="axon"/>
      <span end="22783" id="15550985-4706" start="22778">axons</span>
    </annotation>
    <annotation annotator="" id="GO_CC_2016_02_16_Instance_101855" type="identity">
      <class id="GO_UBERON_EXT:nerve_ending_or_neuron_projection_terminus" label="nerve ending or neuron projection terminus"/>
      <span end="22878" id="15550985-4439" start="22870">terminal</span>
    </annotation>
    <annotation annotator="Mike Bada, University of Colorado Anschutz Medical Campus" id="GO_CC_2016_02_16_test_Instance_28381" type="identity">
      <class id="GO:0030424" label="axon"/>
      <span end="22911" id="15550985-4708" start="22906">axons</span>
    </annotation>
    <annotation annotator="Mike Bada, University of Colorado Anschutz Medical Campus" id="GO_CC_2016_02_16_test_Instance_28383" type="identity">
      <class id="GO:0030424" label="axon"/>
      <span end="23096" id="15550985-4710" start="23092">axon</span>
    </annotation>
    <annotation annotator="Mike Bada, University of Colorado Anschutz Medical Campus" id="GO_CC_2016_02_16_test_Instance_28385" type="identity">
      <class id="GO:0030424" label="axon"/>
      <span end="23228" id="15550985-4712" start="23224">axon</span>
    </annotation>
    <annotation annotator="" id="GO_CC_2016_02_16_Instance_40082" type="identity">
      <class id="GO:0045202" label="synapse"/>
      <span end="23263" id="15550985-4497" start="23255">synaptic</span>
    </annotation>
    <annotation annotator="Mike Bada, University of Colorado Anschutz Medical Campus" id="GO_CC_2016_02_16_test_Instance_28387" type="identity">
      <class id="GO:0030424" label="axon"/>
      <span end="23497" id="15550985-4714" start="23491">axonal</span>
    </annotation>
    <annotation annotator="Mike Bada, University of Colorado Anschutz Medical Campus" id="GO_CC_2016_02_16_test_Instance_13611" type="identity">
      <class id="CL_GO_EXT:cell" label="cell"/>
      <span end="23612" id="15550985-4535" start="23607">cells</span>
    </annotation>
    <annotation annotator="Mike Bada, University of Colorado Anschutz Medical Campus" id="GO_CC_2016_02_16_test_Instance_28389" type="identity">
      <class id="GO:0030424" label="axon"/>
      <span end="23679" id="15550985-4716" start="23675">axon</span>
    </annotation>
    <annotation annotator="Mike Bada, University of Colorado Anschutz Medical Campus" id="GO_CC_2016_02_16_test_Instance_28391" type="identity">
      <class id="GO:0030424" label="axon"/>
      <span end="23717" id="15550985-4718" start="23712">axons</span>
    </annotation>
    <annotation annotator="Mike Bada, University of Colorado Anschutz Medical Campus" id="GO_CC_2016_02_16_test_Instance_28393" type="identity">
      <class id="GO:0030424" label="axon"/>
      <span end="23796" id="15550985-4720" start="23792">axon</span>
    </annotation>
    <annotation annotator="Mike Bada, University of Colorado Anschutz Medical Campus" id="GO_CC_2016_02_16_test_Instance_28395" type="identity">
      <class id="GO:0030424" label="axon"/>
      <span end="23839" id="15550985-4722" start="23834">axons</span>
    </annotation>
    <annotation annotator="" id="GO_CC_2016_02_16_Instance_101857" type="identity">
      <class id="GO_UBERON_EXT:nerve_ending_or_neuron_projection_terminus" label="nerve ending or neuron projection terminus"/>
      <span end="23959" id="15550985-4441" start="23951">terminal</span>
    </annotation>
    <annotation annotator="Mike Bada, University of Colorado Anschutz Medical Campus" id="GO_CC_2016_02_16_test_Instance_28397" type="identity">
      <class id="GO:0030424" label="axon"/>
      <span end="23986" id="15550985-4724" start="23981">axons</span>
    </annotation>
    <annotation annotator="Mike Bada, University of Colorado Anschutz Medical Campus" id="GO_CC_2016_02_16_test_Instance_28399" type="identity">
      <class id="GO:0030424" label="axon"/>
      <span end="24066" id="15550985-4726" start="24062">axon</span>
    </annotation>
    <annotation annotator="Mike Bada, University of Colorado Anschutz Medical Campus" id="GO_CC_2016_02_16_test_Instance_28401" type="identity">
      <class id="GO:0030424" label="axon"/>
      <span end="24204" id="15550985-4728" start="24200">axon</span>
    </annotation>
    <annotation annotator="" id="GO_CC_2016_02_16_Instance_40084" type="identity">
      <class id="GO:0042571" label="immunoglobulin complex, circulating"/>
      <span end="25850" id="15550985-4499" start="25840">antibodies</span>
    </annotation>
    <annotation annotator="" id="GO_CC_2016_02_16_Instance_40086" type="identity">
      <class id="GO:0042571" label="immunoglobulin complex, circulating"/>
      <span end="26002" id="15550985-4501" start="25992">antibodies</span>
    </annotation>
    <annotation annotator="" id="GO_CC_2016_02_16_Instance_40088" type="identity">
      <class id="GO:0042571" label="immunoglobulin complex, circulating"/>
      <span end="26205" id="15550985-4503" start="26197">antibody</span>
    </annotation>
    <annotation annotator="Mike Bada, University of Colorado Anschutz Medical Campus" id="GO_CC_2016_02_16_test_Instance_13613" type="identity">
      <class id="CL_GO_EXT:cell" label="cell"/>
      <span end="26425" id="15550985-4537" start="26420">cells</span>
    </annotation>
    <annotation annotator="" id="GO_CC_2016_02_16_Instance_40090" type="identity">
      <class id="GO:0042571" label="immunoglobulin complex, circulating"/>
      <span end="26798" id="15550985-4505" start="26790">antibody</span>
    </annotation>
    <annotation annotator="" id="GO_CC_2016_02_16_Instance_102019" type="identity">
      <class id="GO:0005883" label="neurofilament"/>
      <span end="26983" id="15550985-4459" start="26981">NF</span>
    </annotation>
    <annotation annotator="" id="GO_CC_2016_02_16_Instance_40092" type="identity">
      <class id="GO:0042571" label="immunoglobulin complex, circulating"/>
      <span end="26994" id="15550985-4507" start="26986">antibody</span>
    </annotation>
    <annotation annotator="" id="GO_CC_2016_02_16_Instance_40094" type="identity">
      <class id="GO:0042571" label="immunoglobulin complex, circulating"/>
      <span end="27050" id="15550985-4509" start="27042">antibody</span>
    </annotation>
    <annotation annotator="Mike Bada, University of Colorado Anschutz Medical Campus" id="GO_CC_2016_02_16_test_Instance_28425" type="identity">
      <class id="GO:0030424" label="axon"/>
      <span end="30345" id="15550985-4730" start="30340">axons</span>
    </annotation>
    <annotation annotator="Mike Bada, University of Colorado Anschutz Medical Campus" id="GO_CC_2016_02_16_test_Instance_28427" type="identity">
      <class id="GO:0030424" label="axon"/>
      <span end="30415" id="15550985-4732" start="30410">axons</span>
    </annotation>
    <annotation annotator="Mike Bada, University of Colorado Anschutz Medical Campus" id="GO_CC_2016_02_16_test_Instance_28429" type="identity">
      <class id="GO:0030425" label="dendrite"/>
      <span end="30449" id="15550985-4734" start="30440">dendrites</span>
    </annotation>
    <annotation annotator="Mike Bada, University of Colorado Anschutz Medical Campus" id="GO_CC_2016_02_16_test_Instance_28431" type="identity">
      <class id="GO:0045202" label="synapse"/>
      <span end="30487" id="15550985-4736" start="30479">synapses</span>
    </annotation>
    <annotation annotator="Mike Bada, University of Colorado Anschutz Medical Campus" id="GO_CC_2016_02_16_test_Instance_28433" type="identity">
      <class id="GO:0030425" label="dendrite"/>
      <span end="30687" id="15550985-4738" start="30678">dendrites</span>
    </annotation>
    <annotation annotator="Mike Bada, University of Colorado Anschutz Medical Campus" id="GO_CC_2016_02_16_test_Instance_28435" type="identity">
      <class id="GO:0030424" label="axon"/>
      <span end="30892" id="15550985-4740" start="30887">axons</span>
    </annotation>
    <annotation annotator="" id="GO_CC_2016_02_16_Instance_102021" type="identity">
      <class id="GO:0005883" label="neurofilament"/>
      <span end="31055" id="15550985-4461" start="31053">NF</span>
    </annotation>
    <annotation annotator="" id="GO_CC_2016_02_16_Instance_102682" type="identity">
      <class id="GO_UBERON_EXT:nerve_ending_or_neuron_projection_terminus" label="nerve ending or neuron projection terminus"/>
      <span end="31264" id="15550985-4475" start="31258">ending</span>
    </annotation>
    <annotation annotator="" id="GO_CC_2016_02_16_Instance_40096" type="identity">
      <class id="GO:0042571" label="immunoglobulin complex, circulating"/>
      <span end="31535" id="15550985-4511" start="31525">antibodies</span>
    </annotation>
    <annotation annotator="" id="GO_CC_2016_02_16_Instance_40098" type="identity">
      <class id="GO:0042571" label="immunoglobulin complex, circulating"/>
      <span end="31570" id="15550985-4513" start="31562">antibody</span>
    </annotation>
    <annotation annotator="" id="GO_CC_2016_02_16_Instance_102009" type="identity">
      <class id="GO:0005883" label="neurofilament"/>
      <span end="32074" id="15550985-4449" start="32072">NF</span>
    </annotation>
    <annotation annotator="" id="GO_CC_2016_02_16_Instance_102011" type="identity">
      <class id="GO:0005883" label="neurofilament"/>
      <span end="32092" id="15550985-4451" start="32079">neurofilament</span>
    </annotation>
    <annotation annotator="" id="GO_CC_2016_02_16_Instance_102083" type="identity">
      <class id="GO:0071735" label="IgG immunoglobulin complex"/>
      <span end="32240" id="15550985-4471" start="32237">IgG</span>
    </annotation>
    <annotation annotator="Mike Bada, University of Colorado Anschutz Medical Campus" id="GO_CC_2016_02_16_test_Instance_13615" type="identity">
      <class id="CL_GO_EXT:cell" label="cell"/>
      <span end="32692" id="15550985-4539" start="32687">cells</span>
    </annotation>
    <annotation annotator="Mike Bada, University of Colorado Anschutz Medical Campus" id="GO_CC_2016_02_16_test_Instance_13617" type="identity">
      <class id="CL_GO_EXT:cell" label="cell"/>
      <span end="32752" id="15550985-4541" start="32747">cells</span>
    </annotation>
    <annotation annotator="Mike Bada, University of Colorado Anschutz Medical Campus" id="GO_CC_2016_02_16_test_Instance_13619" type="identity">
      <class id="CL_GO_EXT:cell" label="cell"/>
      <span end="32781" id="15550985-4543" start="32776">cells</span>
    </annotation>
    <annotation annotator="Mike Bada, University of Colorado Anschutz Medical Campus" id="GO_CC_2016_02_16_test_Instance_13621" type="identity">
      <class id="CL_GO_EXT:cell" label="cell"/>
      <span end="32843" id="15550985-4545" start="32838">cells</span>
    </annotation>
    <annotation annotator="Mike Bada, University of Colorado Anschutz Medical Campus" id="GO_CC_2016_02_16_test_Instance_13623" type="identity">
      <class id="CL_GO_EXT:cell" label="cell"/>
      <span end="32974" id="15550985-4547" start="32969">cells</span>
    </annotation>
    <annotation annotator="Mike Bada, University of Colorado Anschutz Medical Campus" id="GO_CC_2016_02_16_test_Instance_28441" type="identity">
      <class id="GO:0030424" label="axon"/>
      <span end="33145" id="15550985-4742" start="33127">Axonal Projections</span>
    </annotation>
    <annotation annotator="Mike Bada, University of Colorado Anschutz Medical Campus" id="GO_CC_2016_02_16_test_Instance_28443" type="identity">
      <class id="GO:0030424" label="axon"/>
      <span end="33312" id="15550985-4744" start="33307">axons</span>
    </annotation>
    <annotation annotator="" id="GO_CC_2016_02_16_Instance_40100" type="identity">
      <class id="GO:0045202" label="synapse"/>
      <span end="33432" id="15550985-4515" start="33424">synaptic</span>
    </annotation>
    <annotation annotator="Mike Bada, University of Colorado Anschutz Medical Campus" id="GO_CC_2016_02_16_test_Instance_28445" type="identity">
      <class id="GO:0043195" label="terminal bouton"/>
      <span end="33701" id="15550985-4746" start="33686">synaptic bouton</span>
    </annotation>
    <annotation annotator="Mike Bada, University of Colorado Anschutz Medical Campus" id="GO_CC_2016_02_16_test_Instance_28449" type="identity">
      <class id="GO:0030424" label="axon"/>
      <span end="33777" id="15550985-4748" start="33772">Axons</span>
    </annotation>
    <annotation annotator="Mike Bada, University of Colorado Anschutz Medical Campus" id="GO_CC_2016_02_16_test_Instance_28451" type="identity">
      <class id="GO:0030424" label="axon"/>
      <span end="33888" id="15550985-4750" start="33883">axons</span>
    </annotation>
    <annotation annotator="Mike Bada, University of Colorado Anschutz Medical Campus" id="GO_CC_2016_02_16_test_Instance_28453" type="identity">
      <class id="GO:0030424" label="axon"/>
      <span end="34099" id="15550985-4752" start="34094">axons</span>
    </annotation>
    <annotation annotator="" id="GO_CC_2016_02_16_Instance_102023" type="identity">
      <class id="GO:0005883" label="neurofilament"/>
      <span end="34505" id="15550985-4463" start="34503">NF</span>
    </annotation>
    <annotation annotator="" id="GO_CC_2016_02_16_Instance_102025" type="identity">
      <class id="GO:0005883" label="neurofilament"/>
      <span end="34653" id="15550985-4465" start="34651">NF</span>
    </annotation>
    <annotation annotator="" id="GO_CC_2016_02_16_Instance_102027" type="identity">
      <class id="GO:0005883" label="neurofilament"/>
      <span end="34752" id="15550985-4467" start="34750">NF</span>
    </annotation>
    <annotation annotator="Mike Bada, University of Colorado Anschutz Medical Campus" id="GO_CC_2016_02_16_test_Instance_28455" type="identity">
      <class id="GO:0030424" label="axon"/>
      <span end="35705" id="15550985-4754" start="35700">Axons</span>
    </annotation>
    <annotation annotator="Mike Bada, University of Colorado Anschutz Medical Campus" id="GO_CC_2016_02_16_test_Instance_28457" type="identity">
      <class id="GO:0030424" label="axon"/>
      <span end="36288" id="15550985-4756" start="36283">axons</span>
    </annotation>
    <annotation annotator="Mike Bada, University of Colorado Anschutz Medical Campus" id="GO_CC_2016_02_16_test_Instance_28459" type="identity">
      <class id="GO:0030424" label="axon"/>
      <span end="36534" id="15550985-4758" start="36529">axons</span>
    </annotation>
    <annotation annotator="Mike Bada, University of Colorado Anschutz Medical Campus" id="GO_CC_2016_02_16_test_Instance_28461" type="identity">
      <class id="GO:0030424" label="axon"/>
      <span end="36656" id="15550985-4760" start="36651">axons</span>
    </annotation>
    <annotation annotator="Mike Bada, University of Colorado Anschutz Medical Campus" id="GO_CC_2016_02_16_test_Instance_28463" type="identity">
      <class id="GO:0030424" label="axon"/>
      <span end="36737" id="15550985-4762" start="36732">axons</span>
    </annotation>
    <annotation annotator="Mike Bada, University of Colorado Anschutz Medical Campus" id="GO_CC_2016_02_16_test_Instance_28465" type="identity">
      <class id="GO:0030424" label="axon"/>
      <span end="36825" id="15550985-4764" start="36820">axons</span>
    </annotation>
    <annotation annotator="Mike Bada, University of Colorado Anschutz Medical Campus" id="GO_CC_2016_02_16_test_Instance_28467" type="identity">
      <class id="GO:0030424" label="axon"/>
      <span end="37246" id="15550985-4766" start="37241">axons</span>
    </annotation>
    <annotation annotator="" id="GO_CC_2016_02_16_Instance_101451" type="identity">
      <class id="GO:0030424" label="axon"/>
      <span end="37299" id="15550985-4432" start="37295">axon</span>
    </annotation>
    <annotation annotator="Mike Bada, University of Colorado Anschutz Medical Campus" id="GO_CC_2016_02_16_test_Instance_28469" type="identity">
      <class id="GO:0030424" label="axon"/>
      <span end="38117" id="15550985-4768" start="38113">axon</span>
    </annotation>
    <graph-space id="Old Knowtator Relations"/>
  </document>
</knowtator-project>
