<?xml version="1.0" encoding="UTF-8" standalone="no"?>
<knowtator-project>
    <document id="15630473" text-file="15630473.txt">
        <annotation annotator="Mike Bada, University of Colorado Anschutz Medical Campus" id="GO_CC_2016_02_16_test_Instance_14379" type="identity">
            <class id="CL_GO_EXT:cell" label="cell"/>
            <span end="138" id="15630473-5708" start="133">cells</span>
        </annotation>
        <annotation annotator="Mike Bada, University of Colorado Anschutz Medical Campus" id="GO_CC_2016_02_16_test_Instance_28973" type="identity">
            <class id="GO:0005576" label="extracellular region"/>
            <span end="406" id="15630473-5730" start="393">extracellular</span>
        </annotation>
        <annotation annotator="Mike Bada, University of Colorado Anschutz Medical Campus" id="GO_CC_2016_02_16_test_Instance_14211" type="identity">
            <class id="CL_GO_EXT:cell" label="cell"/>
            <span end="494" id="15630473-5576" start="489">cells</span>
        </annotation>
        <annotation annotator="" id="GO_CC_2016_02_16_Instance_60026" type="identity">
            <class id="CL_GO_EXT:cell" label="cell"/>
            <span end="804" id="15630473-5454" start="796">cellular</span>
        </annotation>
        <annotation annotator="Mike Bada, University of Colorado Anschutz Medical Campus" id="GO_CC_2016_02_16_test_Instance_20981" type="identity">
            <class id="GO:0005911" label="cell-cell junction"/>
            <span end="966" id="15630473-5720" start="948">cell-cell contacts</span>
        </annotation>
        <annotation annotator="Mike Bada, University of Colorado Anschutz Medical Campus" id="GO_CC_2016_02_16_test_Instance_14217" type="identity">
            <class id="CL_GO_EXT:cell" label="cell"/>
            <span end="1086" id="15630473-5578" start="1081">cells</span>
        </annotation>
        <annotation annotator="Mike Bada, University of Colorado Anschutz Medical Campus" id="GO_CC_2016_02_16_test_Instance_14381" type="identity">
            <class id="CL_GO_EXT:cell" label="cell"/>
            <span end="1557" id="15630473-5710" start="1552">cells</span>
        </annotation>
        <annotation annotator="Mike Bada, University of Colorado Anschutz Medical Campus" id="GO_CC_2016_02_16_test_Instance_14219" type="identity">
            <class id="CL_GO_EXT:cell" label="cell"/>
            <span end="1739" id="15630473-5580" start="1734">cells</span>
        </annotation>
        <annotation annotator="" id="GO_CC+extensions+nested_Instance_20037" type="identity">
            <class id="GO_UBERON_EXT:basal_lamina" label="basal lamina"/>
            <span end="1792" id="15630473-5428" start="1780">basal lamina</span>
        </annotation>
        <annotation annotator="Mike Bada, University of Colorado Anschutz Medical Campus" id="GO_CC_2016_02_16_test_Instance_28979" type="identity">
            <class id="GO:0009986" label="cell surface"/>
            <span end="2266" id="15630473-5732" start="2254">cell surface</span>
        </annotation>
        <annotation annotator="" id="GO_CC_2016_02_16_Instance_60028" type="identity">
            <class id="GO:0016020" label="membrane"/>
            <span end="2280" id="15630473-5456" start="2272">membrane</span>
        </annotation>
        <annotation annotator="" id="GO_CC_2016_02_16_Instance_60030" type="identity">
            <class id="GO:0005576" label="extracellular region"/>
            <span end="2306" id="15630473-5458" start="2298">external</span>
        </annotation>
        <annotation annotator="Mike Bada, University of Colorado Anschutz Medical Campus" id="GO_CC_2016_02_16_test_Instance_28983" type="identity">
            <class id="GO:0005622" label="intracellular"/>
            <span end="2369" id="15630473-5734" start="2356">intracellular</span>
        </annotation>
        <annotation annotator="Mike Bada, University of Colorado Anschutz Medical Campus" id="GO_CC_2016_02_16_test_Instance_14223" type="identity">
            <class id="CL_GO_EXT:cell" label="cell"/>
            <span end="2833" id="15630473-5582" start="2829">cell</span>
        </annotation>
        <annotation annotator="Mike Bada, University of Colorado Anschutz Medical Campus" id="GO_CC_2016_02_16_test_Instance_14225" type="identity">
            <class id="CL_GO_EXT:cell" label="cell"/>
            <span end="2959" id="15630473-5584" start="2954">cells</span>
        </annotation>
        <annotation annotator="Mike Bada, University of Colorado Anschutz Medical Campus" id="GO_CC_2016_02_16_test_Instance_14227" type="identity">
            <class id="CL_GO_EXT:cell" label="cell"/>
            <span end="3108" id="15630473-5586" start="3103">cells</span>
        </annotation>
        <annotation annotator="" id="GO_CC+extensions+nested_Instance_20039" type="identity">
            <class id="GO_UBERON_EXT:basal_lamina" label="basal lamina"/>
            <span end="3170" id="15630473-5430" start="3158">basal lamina</span>
        </annotation>
        <annotation annotator="Mike Bada, University of Colorado Anschutz Medical Campus" id="GO_CC_2016_02_16_test_Instance_28987" type="identity">
            <class id="GO:0005576" label="extracellular region"/>
            <span end="3191" id="15630473-5736" start="3178">extracellular</span>
        </annotation>
        <annotation annotator="Mike Bada, University of Colorado Anschutz Medical Campus" id="GO_CC_2016_02_16_test_Instance_14229" type="identity">
            <class id="CL_GO_EXT:cell" label="cell"/>
            <span end="3302" id="15630473-5588" start="3298">cell</span>
        </annotation>
        <annotation annotator="Mike Bada, University of Colorado Anschutz Medical Campus" id="GO_CC_2016_02_16_test_Instance_14231" type="identity">
            <class id="CL_GO_EXT:cell" label="cell"/>
            <span end="3398" id="15630473-5590" start="3394">cell</span>
        </annotation>
        <annotation annotator="Mike Bada, University of Colorado Anschutz Medical Campus" id="GO_CC_2016_02_16_test_Instance_14233" type="identity">
            <class id="CL_GO_EXT:cell" label="cell"/>
            <span end="3599" id="15630473-5592" start="3594">cells</span>
        </annotation>
        <annotation annotator="Mike Bada, University of Colorado Anschutz Medical Campus" id="GO_CC_2016_02_16_test_Instance_14235" type="identity">
            <class id="CL_GO_EXT:cell" label="cell"/>
            <span end="3650" id="15630473-5594" start="3645">cells</span>
        </annotation>
        <annotation annotator="Mike Bada, University of Colorado Anschutz Medical Campus" id="GO_CC_2016_02_16_test_Instance_14237" type="identity">
            <class id="CL_GO_EXT:cell" label="cell"/>
            <span end="3839" id="15630473-5596" start="3834">cells</span>
        </annotation>
        <annotation annotator="Mike Bada, University of Colorado Anschutz Medical Campus" id="GO_CC_2016_02_16_test_Instance_14239" type="identity">
            <class id="CL_GO_EXT:cell" label="cell"/>
            <span end="3903" id="15630473-5598" start="3898">cells</span>
        </annotation>
        <annotation annotator="" id="GO_CC_2016_02_16_Instance_60032" type="identity">
            <class id="GO:0016020" label="membrane"/>
            <span end="4729" id="15630473-5460" start="4721">membrane</span>
        </annotation>
        <annotation annotator="Mike Bada, University of Colorado Anschutz Medical Campus" id="GO_CC_2016_02_16_test_Instance_20993" type="identity">
            <class id="GO:0005913" label="cell-cell adherens junction"/>
            <span end="4770" id="15630473-5722" start="4738">intercellular adherens junctions</span>
        </annotation>
        <annotation annotator="Mike Bada, University of Colorado Anschutz Medical Campus" id="GO_CC_2016_02_16_test_Instance_28989" type="identity">
            <class id="GO:0005912" label="adherens junction"/>
            <span end="4775" id="15630473-5738" start="4772">AJs</span>
        </annotation>
        <annotation annotator="" id="GO_CC_2016_02_16_Instance_60034" type="identity">
            <class id="CL_GO_EXT:cell" label="cell"/>
            <span end="5111" id="15630473-5462" start="5107">cell</span>
        </annotation>
        <annotation annotator="" id="GO_CC_2016_02_16_Instance_60036" type="identity">
            <class id="CL_GO_EXT:cell" label="cell"/>
            <span end="5116" id="15630473-5464" start="5112">cell</span>
        </annotation>
        <annotation annotator="Mike Bada, University of Colorado Anschutz Medical Campus" id="GO_CC_2016_02_16_test_Instance_28991" type="identity">
            <class id="GO:0032991" label="macromolecular complex"/>
            <span end="5165" id="15630473-5740" start="5156">complexes</span>
        </annotation>
        <annotation annotator="Mike Bada, University of Colorado Anschutz Medical Campus" id="GO_CC_2016_02_16_test_Instance_28993" type="identity">
            <class id="GO:0005912" label="adherens junction"/>
            <span end="5290" id="15630473-5742" start="5287">AJs</span>
        </annotation>
        <annotation annotator="Mike Bada, University of Colorado Anschutz Medical Campus" id="GO_CC_2016_02_16_test_Instance_28995" type="identity">
            <class id="GO:0005856" label="cytoskeleton"/>
            <span end="5321" id="15630473-5744" start="5309">cytoskeleton</span>
        </annotation>
        <annotation annotator="Mike Bada, University of Colorado Anschutz Medical Campus" id="GO_CC_2016_02_16_test_Instance_28997" type="identity">
            <class id="GO:0005912" label="adherens junction"/>
            <span end="5639" id="15630473-5746" start="5636">AJs</span>
        </annotation>
        <annotation annotator="Mike Bada, University of Colorado Anschutz Medical Campus" id="GO_CC_2016_02_16_test_Instance_28999" type="identity">
            <class id="GO:0005856" label="cytoskeleton"/>
            <span end="5688" id="15630473-5748" start="5676">cytoskeletal</span>
        </annotation>
        <annotation annotator="Mike Bada, University of Colorado Anschutz Medical Campus" id="GO_CC_2016_02_16_test_Instance_29001" type="identity">
            <class id="GO:0005634" label="nucleus"/>
            <span end="5721" id="15630473-5750" start="5714">nuclear</span>
        </annotation>
        <annotation annotator="Mike Bada, University of Colorado Anschutz Medical Campus" id="GO_CC_2016_02_16_test_Instance_29003" type="identity">
            <class id="GO:0005737" label="cytoplasm"/>
            <span end="5737" id="15630473-5752" start="5726">cytoplasmic</span>
        </annotation>
        <annotation annotator="Mike Bada, University of Colorado Anschutz Medical Campus" id="GO_CC_2016_02_16_test_Instance_14245" type="identity">
            <class id="CL_GO_EXT:cell" label="cell"/>
            <span end="6377" id="15630473-5600" start="6372">cells</span>
        </annotation>
        <annotation annotator="Mike Bada, University of Colorado Anschutz Medical Campus" id="GO_CC_2016_02_16_test_Instance_14247" type="identity">
            <class id="CL_GO_EXT:cell" label="cell"/>
            <span end="6407" id="15630473-5602" start="6402">cells</span>
        </annotation>
        <annotation annotator="Mike Bada, University of Colorado Anschutz Medical Campus" id="GO_CC_2016_02_16_test_Instance_14249" type="identity">
            <class id="CL_GO_EXT:cell" label="cell"/>
            <span end="8082" id="15630473-5604" start="8078">cell</span>
        </annotation>
        <annotation annotator="Mike Bada, University of Colorado Anschutz Medical Campus" id="GO_CC_2016_02_16_test_Instance_29007" type="identity">
            <class id="GO:0005911" label="cell-cell junction"/>
            <span end="8502" id="15630473-5754" start="8479">intercellular junctions</span>
        </annotation>
        <annotation annotator="" id="GO_CC_2016_02_16_Instance_60038" type="identity">
            <class id="GO:0042571" label="immunoglobulin complex, circulating"/>
            <span end="10279" id="15630473-5466" start="10271">antibody</span>
        </annotation>
        <annotation annotator="" id="GO_CC_2016_02_16_Instance_60040" type="identity">
            <class id="GO:0042571" label="immunoglobulin complex, circulating"/>
            <span end="10425" id="15630473-5468" start="10417">antibody</span>
        </annotation>
        <annotation annotator="" id="GO_CC_2016_02_16_Instance_60042" type="identity">
            <class id="GO:0042571" label="immunoglobulin complex, circulating"/>
            <span end="10644" id="15630473-5470" start="10636">antibody</span>
        </annotation>
        <annotation annotator="Mike Bada, University of Colorado Anschutz Medical Campus" id="GO_CC_2016_02_16_test_Instance_14251" type="identity">
            <class id="CL_GO_EXT:cell" label="cell"/>
            <span end="11183" id="15630473-5606" start="11178">cells</span>
        </annotation>
        <annotation annotator="Mike Bada, University of Colorado Anschutz Medical Campus" id="GO_CC_2016_02_16_test_Instance_14253" type="identity">
            <class id="CL_GO_EXT:cell" label="cell"/>
            <span end="11224" id="15630473-5608" start="11220">cell</span>
        </annotation>
        <annotation annotator="" id="GO_CC_2016_02_16_Instance_60044" type="identity">
            <class id="GO:0042571" label="immunoglobulin complex, circulating"/>
            <span end="11313" id="15630473-5472" start="11305">antibody</span>
        </annotation>
        <annotation annotator="" id="GO_CC_2016_02_16_Instance_60046" type="identity">
            <class id="GO:0042571" label="immunoglobulin complex, circulating"/>
            <span end="11444" id="15630473-5474" start="11436">antibody</span>
        </annotation>
        <annotation annotator="Mike Bada, University of Colorado Anschutz Medical Campus" id="GO_CC_2016_02_16_test_Instance_29019" type="identity">
            <class id="GO:0005634" label="nucleus"/>
            <span end="11851" id="15630473-5756" start="11842">nuclei of</span>
            <span end="11870" id="15630473-5757" start="11865">cells</span>
        </annotation>
        <annotation annotator="" id="GO_CC_2016_02_16_Instance_60048" type="identity">
            <class id="GO:0042571" label="immunoglobulin complex, circulating"/>
            <span end="12314" id="15630473-5476" start="12304">antibodies</span>
        </annotation>
        <annotation annotator="Mike Bada, University of Colorado Anschutz Medical Campus" id="GO_CC_2016_02_16_test_Instance_29023" type="identity">
            <class id="GO:0005634" label="nucleus"/>
            <span end="12348" id="15630473-5759" start="12341">nuclear</span>
        </annotation>
        <annotation annotator="" id="GO_CC_2016_02_16_Instance_60050" type="identity">
            <class id="GO:0042571" label="immunoglobulin complex, circulating"/>
            <span end="12544" id="15630473-5478" start="12534">antibodies</span>
        </annotation>
        <annotation annotator="Mike Bada, University of Colorado Anschutz Medical Campus" id="GO_CC_2016_02_16_test_Instance_14257" type="identity">
            <class id="CL_GO_EXT:cell" label="cell"/>
            <span end="12660" id="15630473-5610" start="12655">cells</span>
        </annotation>
        <annotation annotator="Mike Bada, University of Colorado Anschutz Medical Campus" id="GO_CC_2016_02_16_test_Instance_14259" type="identity">
            <class id="CL_GO_EXT:cell" label="cell"/>
            <span end="12686" id="15630473-5612" start="12681">cells</span>
        </annotation>
        <annotation annotator="Mike Bada, University of Colorado Anschutz Medical Campus" id="GO_CC_2016_02_16_test_Instance_14261" type="identity">
            <class id="CL_GO_EXT:cell" label="cell"/>
            <span end="13662" id="15630473-5614" start="13658">cell</span>
        </annotation>
        <annotation annotator="Mike Bada, University of Colorado Anschutz Medical Campus" id="GO_CC_2016_02_16_test_Instance_29027" type="identity">
            <class id="GO:0005634" label="nucleus"/>
            <span end="14320" id="15630473-5761" start="14313">nuclear</span>
        </annotation>
        <annotation annotator="" id="GO_CC_2016_02_16_Instance_60052" type="identity">
            <class id="GO:0042571" label="immunoglobulin complex, circulating"/>
            <span end="14442" id="15630473-5480" start="14432">antibodies</span>
        </annotation>
        <annotation annotator="Mike Bada, University of Colorado Anschutz Medical Campus" id="GO_CC_2016_02_16_test_Instance_29031" type="identity">
            <class id="GO:0005634" label="nucleus"/>
            <span end="14476" id="15630473-5763" start="14469">nuclear</span>
        </annotation>
        <annotation annotator="Mike Bada, University of Colorado Anschutz Medical Campus" id="GO_CC_2016_02_16_test_Instance_14263" type="identity">
            <class id="CL_GO_EXT:cell" label="cell"/>
            <span end="14541" id="15630473-5616" start="14536">cells</span>
        </annotation>
        <annotation annotator="Mike Bada, University of Colorado Anschutz Medical Campus" id="GO_CC_2016_02_16_test_Instance_14265" type="identity">
            <class id="CL_GO_EXT:cell" label="cell"/>
            <span end="14610" id="15630473-5618" start="14605">cells</span>
        </annotation>
        <annotation annotator="" id="GO_CC_2016_02_16_Instance_60054" type="identity">
            <class id="GO_UBERON_EXT:basement_membrane" label="basement membrane"/>
            <span end="15883" id="15630473-5482" start="15866">basement membrane</span>
        </annotation>
        <annotation annotator="" id="GO_CC_2016_02_16_Instance_60060" type="identity">
            <class id="GO:0042571" label="immunoglobulin complex, circulating"/>
            <span end="15955" id="15630473-5488" start="15945">antibodies</span>
        </annotation>
        <annotation annotator="Mike Bada, University of Colorado Anschutz Medical Campus" id="GO_CC_2016_02_16_test_Instance_29037" type="identity">
            <class id="GO:0030056" label="hemidesmosome"/>
            <span end="15996" id="15630473-5765" start="15982">hemidesmosomes</span>
        </annotation>
        <annotation annotator="Mike Bada, University of Colorado Anschutz Medical Campus" id="GO_CC_2016_02_16_test_Instance_14267" type="identity">
            <class id="CL_GO_EXT:cell" label="cell"/>
            <span end="16052" id="15630473-5620" start="16047">cells</span>
        </annotation>
        <annotation annotator="" id="GO_CC+extensions+nested_Instance_20041" type="identity">
            <class id="GO_UBERON_EXT:basal_lamina" label="basal lamina"/>
            <span end="16083" id="15630473-5432" start="16071">basal lamina</span>
        </annotation>
        <annotation annotator="" id="GO_CC_2016_02_16_Instance_60056" type="identity">
            <class id="GO_UBERON_EXT:basement_membrane" label="basement membrane"/>
            <span end="16178" id="15630473-5484" start="16161">basement membrane</span>
        </annotation>
        <annotation annotator="" id="GO_CC_2016_02_16_Instance_60058" type="identity">
            <class id="GO_UBERON_EXT:basement_membrane" label="basement membrane"/>
            <span end="16294" id="15630473-5486" start="16277">basement membrane</span>
        </annotation>
        <annotation annotator="Mike Bada, University of Colorado Anschutz Medical Campus" id="GO_CC_2016_02_16_test_Instance_29045" type="identity">
            <class id="GO:0005912" label="adherens junction"/>
            <span end="16574" id="15630473-5767" start="16572">AJ</span>
        </annotation>
        <annotation annotator="Mike Bada, University of Colorado Anschutz Medical Campus" id="GO_CC_2016_02_16_test_Instance_29047" type="identity">
            <class id="GO:0005912" label="adherens junction"/>
            <span end="16825" id="15630473-5769" start="16823">AJ</span>
        </annotation>
        <annotation annotator="" id="GO_CC_2016_02_16_Instance_60062" type="identity">
            <class id="GO:0042571" label="immunoglobulin complex, circulating"/>
            <span end="17060" id="15630473-5490" start="17052">antibody</span>
        </annotation>
        <annotation annotator="Mike Bada, University of Colorado Anschutz Medical Campus" id="GO_CC_2016_02_16_test_Instance_29051" type="identity">
            <class id="GO:0005912" label="adherens junction"/>
            <span end="17086" id="15630473-5771" start="17084">AJ</span>
        </annotation>
        <annotation annotator="Mike Bada, University of Colorado Anschutz Medical Campus" id="GO_CC_2016_02_16_test_Instance_29053" type="identity">
            <class id="GO:0005737" label="cytoplasm"/>
            <span end="17270" id="15630473-5773" start="17259">cytoplasmic</span>
        </annotation>
        <annotation annotator="Mike Bada, University of Colorado Anschutz Medical Campus" id="GO_CC_2016_02_16_test_Instance_29055" type="identity">
            <class id="GO:0005911" label="cell-cell junction"/>
            <span end="17303" id="15630473-5775" start="17286">cell-cell borders</span>
        </annotation>
        <annotation annotator="Mike Bada, University of Colorado Anschutz Medical Campus" id="GO_CC_2016_02_16_test_Instance_29057" type="identity">
            <class id="GO:0005912" label="adherens junction"/>
            <span end="17979" id="15630473-5777" start="17977">AJ</span>
        </annotation>
        <annotation annotator="Mike Bada, University of Colorado Anschutz Medical Campus" id="GO_CC_2016_02_16_test_Instance_29059" type="identity">
            <class id="GO:0005911" label="cell-cell junction"/>
            <span end="18367" id="15630473-5779" start="18350">cell-cell borders</span>
        </annotation>
        <annotation annotator="Mike Bada, University of Colorado Anschutz Medical Campus" id="GO_CC_2016_02_16_test_Instance_29061" type="identity">
            <class id="GO:0005911" label="cell-cell junction"/>
            <span end="18449" id="15630473-5781" start="18433">cell-cell border</span>
        </annotation>
        <annotation annotator="Mike Bada, University of Colorado Anschutz Medical Campus" id="GO_CC_2016_02_16_test_Instance_29063" type="identity">
            <class id="GO:0005911" label="cell-cell junction"/>
            <span end="18523" id="15630473-5783" start="18507">cell-cell border</span>
        </annotation>
        <annotation annotator="Mike Bada, University of Colorado Anschutz Medical Campus" id="GO_CC_2016_02_16_test_Instance_29065" type="identity">
            <class id="GO:0005912" label="adherens junction"/>
            <span end="18879" id="15630473-5785" start="18877">AJ</span>
        </annotation>
        <annotation annotator="Mike Bada, University of Colorado Anschutz Medical Campus" id="GO_CC_2016_02_16_test_Instance_29067" type="identity">
            <class id="GO:0016020" label="membrane"/>
            <span end="18929" id="15630473-5787" start="18920">membranes</span>
        </annotation>
        <annotation annotator="Mike Bada, University of Colorado Anschutz Medical Campus" id="GO_CC_2016_02_16_test_Instance_29069" type="identity">
            <class id="GO:0005911" label="cell-cell junction"/>
            <span end="18957" id="15630473-5789" start="18934">intercellular junctions</span>
        </annotation>
        <annotation annotator="Mike Bada, University of Colorado Anschutz Medical Campus" id="GO_CC_2016_02_16_test_Instance_14285" type="identity">
            <class id="CL_GO_EXT:cell" label="cell"/>
            <span end="19180" id="15630473-5622" start="19176">cell</span>
        </annotation>
        <annotation annotator="Mike Bada, University of Colorado Anschutz Medical Campus" id="GO_CC_2016_02_16_test_Instance_14287" type="identity">
            <class id="CL_GO_EXT:cell" label="cell"/>
            <span end="19185" id="15630473-5624" start="19181">cell</span>
        </annotation>
        <annotation annotator="" id="GO_CC_2016_02_16_Instance_60064" type="identity">
            <class id="CL_GO_EXT:cell" label="cell"/>
            <span end="19229" id="15630473-5492" start="19221">cellular</span>
        </annotation>
        <annotation annotator="Mike Bada, University of Colorado Anschutz Medical Campus" id="GO_CC_2016_02_16_test_Instance_29073" type="identity">
            <class id="GO:0005912" label="adherens junction"/>
            <span end="19395" id="15630473-5791" start="19393">AJ</span>
        </annotation>
        <annotation annotator="Mike Bada, University of Colorado Anschutz Medical Campus" id="GO_CC_2016_02_16_test_Instance_14289" type="identity">
            <class id="CL_GO_EXT:cell" label="cell"/>
            <span end="19810" id="15630473-5626" start="19805">cells</span>
        </annotation>
        <annotation annotator="Mike Bada, University of Colorado Anschutz Medical Campus" id="GO_CC_2016_02_16_test_Instance_29075" type="identity">
            <class id="GO:0005912" label="adherens junction"/>
            <span end="19954" id="15630473-5793" start="19952">AJ</span>
        </annotation>
        <annotation annotator="Mike Bada, University of Colorado Anschutz Medical Campus" id="GO_CC_2016_02_16_test_Instance_29077" type="identity">
            <class id="GO:0005886" label="plasma membrane"/>
            <span end="20025" id="15630473-5795" start="20010">plasma membrane</span>
        </annotation>
        <annotation annotator="Mike Bada, University of Colorado Anschutz Medical Campus" id="GO_CC_2016_02_16_test_Instance_29079" type="identity">
            <class id="GO:0005912" label="adherens junction"/>
            <span end="20087" id="15630473-5797" start="20084">AJs</span>
        </annotation>
        <annotation annotator="Mike Bada, University of Colorado Anschutz Medical Campus" id="GO_CC_2016_02_16_test_Instance_29081" type="identity">
            <class id="GO:0005634" label="nucleus"/>
            <span end="20221" id="15630473-5799" start="20214">nucleus</span>
        </annotation>
        <annotation annotator="Mike Bada, University of Colorado Anschutz Medical Campus" id="GO_CC_2016_02_16_test_Instance_14291" type="identity">
            <class id="CL_GO_EXT:cell" label="cell"/>
            <span end="20291" id="15630473-5628" start="20287">cell</span>
        </annotation>
        <annotation annotator="Mike Bada, University of Colorado Anschutz Medical Campus" id="GO_CC_2016_02_16_test_Instance_29083" type="identity">
            <class id="GO:0005634" label="nucleus"/>
            <span end="20371" id="15630473-5801" start="20364">nuclear</span>
        </annotation>
        <annotation annotator="Mike Bada, University of Colorado Anschutz Medical Campus" id="GO_CC_2016_02_16_test_Instance_29085" type="identity">
            <class id="GO:0005634" label="nucleus"/>
            <span end="20590" id="15630473-5803" start="20583">nuclear</span>
        </annotation>
        <annotation annotator="Mike Bada, University of Colorado Anschutz Medical Campus" id="GO_CC_2016_02_16_test_Instance_29087" type="identity">
            <class id="GO:0005737" label="cytoplasm"/>
            <span end="20810" id="15630473-5805" start="20799">cytoplasmic</span>
        </annotation>
        <annotation annotator="Mike Bada, University of Colorado Anschutz Medical Campus" id="GO_CC_2016_02_16_test_Instance_14293" type="identity">
            <class id="CL_GO_EXT:cell" label="cell"/>
            <span end="22488" id="15630473-5630" start="22483">cells</span>
        </annotation>
        <annotation annotator="Mike Bada, University of Colorado Anschutz Medical Campus" id="GO_CC_2016_02_16_test_Instance_29089" type="identity">
            <class id="GO:0005829" label="cytosol"/>
            <span end="23002" id="15630473-5807" start="22993">cytosolic</span>
        </annotation>
        <annotation annotator="Mike Bada, University of Colorado Anschutz Medical Campus" id="GO_CC_2016_02_16_test_Instance_29091" type="identity">
            <class id="GO:0005912" label="adherens junction"/>
            <span end="23342" id="15630473-5809" start="23339">AJs</span>
        </annotation>
        <annotation annotator="Mike Bada, University of Colorado Anschutz Medical Campus" id="GO_CC_2016_02_16_test_Instance_29093" type="identity">
            <class id="GO:0005576" label="extracellular region"/>
            <span end="23776" id="15630473-5811" start="23763">extracellular</span>
        </annotation>
        <annotation annotator="Mike Bada, University of Colorado Anschutz Medical Campus" id="GO_CC_2016_02_16_test_Instance_14295" type="identity">
            <class id="CL_GO_EXT:cell" label="cell"/>
            <span end="23811" id="15630473-5632" start="23807">cell</span>
        </annotation>
        <annotation annotator="Mike Bada, University of Colorado Anschutz Medical Campus" id="GO_CC_2016_02_16_test_Instance_14297" type="identity">
            <class id="CL_GO_EXT:cell" label="cell"/>
            <span end="24195" id="15630473-5634" start="24191">cell</span>
        </annotation>
        <annotation annotator="Mike Bada, University of Colorado Anschutz Medical Campus" id="GO_CC_2016_02_16_test_Instance_14299" type="identity">
            <class id="CL_GO_EXT:cell" label="cell"/>
            <span end="25411" id="15630473-5636" start="25407">cell</span>
        </annotation>
        <annotation annotator="Mike Bada, University of Colorado Anschutz Medical Campus" id="GO_CC_2016_02_16_test_Instance_14301" type="identity">
            <class id="CL_GO_EXT:cell" label="cell"/>
            <span end="25473" id="15630473-5638" start="25468">cells</span>
        </annotation>
        <annotation annotator="Mike Bada, University of Colorado Anschutz Medical Campus" id="GO_CC_2016_02_16_test_Instance_14303" type="identity">
            <class id="CL_GO_EXT:cell" label="cell"/>
            <span end="25602" id="15630473-5640" start="25597">cells</span>
        </annotation>
        <annotation annotator="" id="GO_CC_2016_02_16_Instance_102153" type="identity">
            <class id="GO_PR_EXT:SMAD" label="SMAD"/>
            <span end="27679" id="15630473-5442" start="27675">SMAD</span>
        </annotation>
        <annotation annotator="" id="GO_CC_2016_02_16_Instance_60066" type="identity">
            <class id="GO:0042571" label="immunoglobulin complex, circulating"/>
            <span end="28469" id="15630473-5494" start="28461">antibody</span>
        </annotation>
        <annotation annotator="" id="GO_CC_2016_02_16_Instance_60068" type="identity">
            <class id="GO_UBERON_EXT:basement_membrane" label="basement membrane"/>
            <span end="30304" id="15630473-5496" start="30287">basement membrane</span>
        </annotation>
        <annotation annotator="" id="GO_CC_2016_02_16_Instance_60072" type="identity">
            <class id="GO:0042571" label="immunoglobulin complex, circulating"/>
            <span end="30405" id="15630473-5500" start="30395">antibodies</span>
        </annotation>
        <annotation annotator="" id="GO_CC_2016_02_16_Instance_101961" type="identity">
            <class id="GO_PR_EXT:integrin" label="integrin"/>
            <span end="30425" id="15630473-5436" start="30417">integrin</span>
        </annotation>
        <annotation annotator="" id="GO_CC_2016_02_16_Instance_60070" type="identity">
            <class id="GO_UBERON_EXT:basement_membrane" label="basement membrane"/>
            <span end="30518" id="15630473-5498" start="30501">basement membrane</span>
        </annotation>
        <annotation annotator="Mike Bada, University of Colorado Anschutz Medical Campus" id="GO_CC_2016_02_16_test_Instance_29103" type="identity">
            <class id="GO:0005576" label="extracellular region"/>
            <span end="31270" id="15630473-5813" start="31257">extracellular</span>
        </annotation>
        <annotation annotator="" id="GO_CC_2016_02_16_Instance_101547" type="identity">
            <class id="GO:0032991" label="macromolecular complex"/>
            <span end="31368" id="15630473-5434" start="31361">complex</span>
        </annotation>
        <annotation annotator="Mike Bada, University of Colorado Anschutz Medical Campus" id="GO_CC_2016_02_16_test_Instance_29107" type="identity">
            <class id="GO:0005634" label="nucleus"/>
            <span end="31522" id="15630473-5815" start="31515">nuclear</span>
        </annotation>
        <annotation annotator="Mike Bada, University of Colorado Anschutz Medical Campus" id="GO_CC_2016_02_16_test_Instance_14383" type="identity">
            <class id="CL_GO_EXT:cell" label="cell"/>
            <span end="32179" id="15630473-5712" start="32174">cells</span>
        </annotation>
        <annotation annotator="Mike Bada, University of Colorado Anschutz Medical Campus" id="GO_CC_2016_02_16_test_Instance_29109" type="identity">
            <class id="GO:0005634" label="nucleus"/>
            <span end="32200" id="15630473-5817" start="32193">nuclear</span>
        </annotation>
        <annotation annotator="Mike Bada, University of Colorado Anschutz Medical Campus" id="GO_CC_2016_02_16_test_Instance_29111" type="identity">
            <class id="GO:0005829" label="cytosol"/>
            <span end="32214" id="15630473-5819" start="32205">cytosolic</span>
        </annotation>
        <annotation annotator="Mike Bada, University of Colorado Anschutz Medical Campus" id="GO_CC_2016_02_16_test_Instance_14305" type="identity">
            <class id="CL_GO_EXT:cell" label="cell"/>
            <span end="32489" id="15630473-5642" start="32484">cells</span>
        </annotation>
        <annotation annotator="Mike Bada, University of Colorado Anschutz Medical Campus" id="GO_CC_2016_02_16_test_Instance_14307" type="identity">
            <class id="CL_GO_EXT:cell" label="cell"/>
            <span end="32574" id="15630473-5644" start="32566">cellular</span>
        </annotation>
        <annotation annotator="Mike Bada, University of Colorado Anschutz Medical Campus" id="GO_CC_2016_02_16_test_Instance_29113" type="identity">
            <class id="GO:0005667" label="transcription factor complex"/>
            <span end="33009" id="15630473-5821" start="32981">transcription factor complex</span>
        </annotation>
        <annotation annotator="Mike Bada, University of Colorado Anschutz Medical Campus" id="GO_CC_2016_02_16_test_Instance_14309" type="identity">
            <class id="CL_GO_EXT:cell" label="cell"/>
            <span end="34248" id="15630473-5646" start="34244">cell</span>
        </annotation>
        <annotation annotator="" id="GO_CC_2016_02_16_Instance_102155" type="identity">
            <class id="GO_PR_EXT:SMAD" label="SMAD"/>
            <span end="35520" id="15630473-5444" start="35516">SMAD</span>
        </annotation>
        <annotation annotator="Mike Bada, University of Colorado Anschutz Medical Campus" id="GO_CC_2016_02_16_test_Instance_14311" type="identity">
            <class id="CL_GO_EXT:cell" label="cell"/>
            <span end="35694" id="15630473-5648" start="35690">cell</span>
        </annotation>
        <annotation annotator="Mike Bada, University of Colorado Anschutz Medical Campus" id="GO_CC_2016_02_16_test_Instance_14313" type="identity">
            <class id="CL_GO_EXT:cell" label="cell"/>
            <span end="37479" id="15630473-5650" start="37474">cells</span>
        </annotation>
        <annotation annotator="Mike Bada, University of Colorado Anschutz Medical Campus" id="GO_CC_2016_02_16_test_Instance_29115" type="identity">
            <class id="GO:0005912" label="adherens junction"/>
            <span end="37830" id="15630473-5823" start="37828">AJ</span>
        </annotation>
        <annotation annotator="Mike Bada, University of Colorado Anschutz Medical Campus" id="GO_CC_2016_02_16_test_Instance_14385" type="identity">
            <class id="CL_GO_EXT:cell" label="cell"/>
            <span end="38314" id="15630473-5714" start="38309">cells</span>
        </annotation>
        <annotation annotator="Mike Bada, University of Colorado Anschutz Medical Campus" id="GO_CC_2016_02_16_test_Instance_29117" type="identity">
            <class id="GO:0005667" label="transcription factor complex"/>
            <span end="38447" id="15630473-5825" start="38419">transcription factor complex</span>
        </annotation>
        <annotation annotator="Mike Bada, University of Colorado Anschutz Medical Campus" id="GO_CC_2016_02_16_test_Instance_14315" type="identity">
            <class id="CL_GO_EXT:cell" label="cell"/>
            <span end="40151" id="15630473-5652" start="40146">cells</span>
        </annotation>
        <annotation annotator="" id="GO_CC_2016_02_16_Instance_60074" type="identity">
            <class id="GO_UBERON_EXT:cellular_component_or_cell_part" label="cell component/part"/>
            <span end="40282" id="15630473-5502" start="40271">subcellular</span>
        </annotation>
        <annotation annotator="Mike Bada, University of Colorado Anschutz Medical Campus" id="GO_CC_2016_02_16_test_Instance_29119" type="identity">
            <class id="GO:0005912" label="adherens junction"/>
            <span end="40314" id="15630473-5827" start="40312">AJ</span>
        </annotation>
        <annotation annotator="Mike Bada, University of Colorado Anschutz Medical Campus" id="GO_CC_2016_02_16_test_Instance_29121" type="identity">
            <class id="GO:0005912" label="adherens junction"/>
            <span end="40924" id="15630473-5829" start="40922">AJ</span>
        </annotation>
        <annotation annotator="Mike Bada, University of Colorado Anschutz Medical Campus" id="GO_CC_2016_02_16_test_Instance_14317" type="identity">
            <class id="CL_GO_EXT:cell" label="cell"/>
            <span end="41067" id="15630473-5654" start="41063">cell</span>
        </annotation>
        <annotation annotator="Mike Bada, University of Colorado Anschutz Medical Campus" id="GO_CC_2016_02_16_test_Instance_14319" type="identity">
            <class id="CL_GO_EXT:cell" label="cell"/>
            <span end="41109" id="15630473-5656" start="41105">cell</span>
        </annotation>
        <annotation annotator="Mike Bada, University of Colorado Anschutz Medical Campus" id="GO_CC_2016_02_16_test_Instance_14321" type="identity">
            <class id="CL_GO_EXT:cell" label="cell"/>
            <span end="41438" id="15630473-5658" start="41434">cell</span>
        </annotation>
        <annotation annotator="Mike Bada, University of Colorado Anschutz Medical Campus" id="GO_CC_2016_02_16_test_Instance_14323" type="identity">
            <class id="CL_GO_EXT:cell" label="cell"/>
            <span end="41611" id="15630473-5660" start="41607">cell</span>
        </annotation>
        <annotation annotator="Mike Bada, University of Colorado Anschutz Medical Campus" id="GO_CC_2016_02_16_test_Instance_29123" type="identity">
            <class id="GO:0005912" label="adherens junction"/>
            <span end="41845" id="15630473-5831" start="41843">AJ</span>
        </annotation>
        <annotation annotator="Mike Bada, University of Colorado Anschutz Medical Campus" id="GO_CC_2016_02_16_test_Instance_29125" type="identity">
            <class id="GO:0005912" label="adherens junction"/>
            <span end="42020" id="15630473-5833" start="42018">AJ</span>
        </annotation>
        <annotation annotator="Mike Bada, University of Colorado Anschutz Medical Campus" id="GO_CC_2016_02_16_test_Instance_14325" type="identity">
            <class id="CL_GO_EXT:cell" label="cell"/>
            <span end="42222" id="15630473-5662" start="42218">cell</span>
        </annotation>
        <annotation annotator="" id="GO_CC_2016_02_16_Instance_60076" type="identity">
            <class id="CL_GO_EXT:cell" label="cell"/>
            <span end="42318" id="15630473-5504" start="42310">cellular</span>
        </annotation>
        <annotation annotator="" id="GO_CC_2016_02_16_Instance_60078" type="identity">
            <class id="GO:0042571" label="immunoglobulin complex, circulating"/>
            <span end="42644" id="15630473-5506" start="42634">antibodies</span>
        </annotation>
        <annotation annotator="" id="GO_CC_2016_02_16_Instance_101963" type="identity">
            <class id="GO_PR_EXT:integrin" label="integrin"/>
            <span end="42888" id="15630473-5438" start="42880">integrin</span>
        </annotation>
        <annotation annotator="Mike Bada, University of Colorado Anschutz Medical Campus" id="GO_CC_2016_02_16_test_Instance_29129" type="identity">
            <class id="GO:0005610" label="laminin-5 complex"/>
            <span end="42959" id="15630473-5835" start="42950">laminin 5</span>
        </annotation>
        <annotation annotator="Mike Bada, University of Colorado Anschutz Medical Campus" id="GO_CC_2016_02_16_test_Instance_21429" type="identity">
            <class id="CL_GO_EXT:cell" label="cell"/>
            <span end="43154" id="15630473-5726" start="43150">Cell</span>
        </annotation>
        <annotation annotator="" id="GO_CC_2016_02_16_Instance_60080" type="identity">
            <class id="GO:0042571" label="immunoglobulin complex, circulating"/>
            <span end="43774" id="15630473-5508" start="43764">antibodies</span>
        </annotation>
        <annotation annotator="" id="GO_CC_2016_02_16_Instance_60082" type="identity">
            <class id="GO:0042571" label="immunoglobulin complex, circulating"/>
            <span end="43884" id="15630473-5510" start="43874">antibodies</span>
        </annotation>
        <annotation annotator="" id="GO_CC_2016_02_16_Instance_60084" type="identity">
            <class id="GO:0042571" label="immunoglobulin complex, circulating"/>
            <span end="44029" id="15630473-5512" start="44021">antibody</span>
        </annotation>
        <annotation annotator="Mike Bada, University of Colorado Anschutz Medical Campus" id="GO_CC_2016_02_16_test_Instance_29137" type="identity">
            <class id="GO:0005634" label="nucleus"/>
            <span end="44634" id="15630473-5837" start="44627">nucleus</span>
        </annotation>
        <annotation annotator="Mike Bada, University of Colorado Anschutz Medical Campus" id="GO_CC_2016_02_16_test_Instance_14387" type="identity">
            <class id="CL_GO_EXT:cell" label="cell"/>
            <span end="44968" id="15630473-5716" start="44963">cells</span>
        </annotation>
        <annotation annotator="Mike Bada, University of Colorado Anschutz Medical Campus" id="GO_CC_2016_02_16_test_Instance_14327" type="identity">
            <class id="CL_GO_EXT:cell" label="cell"/>
            <span end="45507" id="15630473-5664" start="45503">cell</span>
        </annotation>
        <annotation annotator="" id="GO_CC_2016_02_16_Instance_60088" type="identity">
            <class id="GO:0042571" label="immunoglobulin complex, circulating"/>
            <span end="45826" id="15630473-5516" start="45818">antibody</span>
        </annotation>
        <annotation annotator="" id="GO_CC_2016_02_16_Instance_60086" type="identity">
            <class id="GO:0042571" label="immunoglobulin complex, circulating"/>
            <span end="46046" id="15630473-5514" start="46038">antibody</span>
        </annotation>
        <annotation annotator="Mike Bada, University of Colorado Anschutz Medical Campus" id="GO_CC_2016_02_16_test_Instance_21431" type="identity">
            <class id="CL_GO_EXT:cell" label="cell"/>
            <span end="46361" id="15630473-5728" start="46357">Cell</span>
        </annotation>
        <annotation annotator="Mike Bada, University of Colorado Anschutz Medical Campus" id="GO_CC_2016_02_16_test_Instance_14329" type="identity">
            <class id="CL_GO_EXT:cell" label="cell"/>
            <span end="46916" id="15630473-5666" start="46911">cells</span>
        </annotation>
        <annotation annotator="Mike Bada, University of Colorado Anschutz Medical Campus" id="GO_CC_2016_02_16_test_Instance_14331" type="identity">
            <class id="CL_GO_EXT:cell" label="cell"/>
            <span end="47243" id="15630473-5668" start="47238">cells</span>
        </annotation>
        <annotation annotator="Mike Bada, University of Colorado Anschutz Medical Campus" id="GO_CC_2016_02_16_test_Instance_14333" type="identity">
            <class id="CL_GO_EXT:cell" label="cell"/>
            <span end="47301" id="15630473-5670" start="47296">cells</span>
        </annotation>
        <annotation annotator="" id="GO_CC_2016_02_16_Instance_102157" type="identity">
            <class id="GO_PR_EXT:SMAD" label="SMAD"/>
            <span end="48067" id="15630473-5446" start="48063">SMAD</span>
        </annotation>
        <annotation annotator="" id="GO_CC_2016_02_16_Instance_60090" type="identity">
            <class id="GO:0042571" label="immunoglobulin complex, circulating"/>
            <span end="49364" id="15630473-5518" start="49356">antibody</span>
        </annotation>
        <annotation annotator="" id="GO_CC_2016_02_16_Instance_60092" type="identity">
            <class id="GO:0042571" label="immunoglobulin complex, circulating"/>
            <span end="49750" id="15630473-5520" start="49740">antibodies</span>
        </annotation>
        <annotation annotator="" id="GO_CC_2016_02_16_Instance_60094" type="identity">
            <class id="GO:0042571" label="immunoglobulin complex, circulating"/>
            <span end="49963" id="15630473-5522" start="49955">antibody</span>
        </annotation>
        <annotation annotator="" id="GO_CC_2016_02_16_Instance_60096" type="identity">
            <class id="GO:0042571" label="immunoglobulin complex, circulating"/>
            <span end="50783" id="15630473-5524" start="50773">antibodies</span>
        </annotation>
        <annotation annotator="Mike Bada, University of Colorado Anschutz Medical Campus" id="GO_CC_2016_02_16_test_Instance_29153" type="identity">
            <class id="GO:0005912" label="adherens junction"/>
            <span end="51512" id="15630473-5841" start="51510">AJ</span>
        </annotation>
        <annotation annotator="Mike Bada, University of Colorado Anschutz Medical Campus" id="GO_CC_2016_02_16_test_Instance_29151" type="identity">
            <class id="GO:0005912" label="adherens junction"/>
            <span end="51532" id="15630473-5839" start="51515">adherens junction</span>
        </annotation>
        <annotation annotator="" id="GO_CC_2016_02_16_Instance_102159" type="identity">
            <class id="GO_PR_EXT:SMAD" label="SMAD"/>
            <span end="51999" id="15630473-5448" start="51995">SMAD</span>
        </annotation>
        <annotation annotator="" id="GO_CC_2016_02_16_Instance_102161" type="identity">
            <class id="GO_PR_EXT:SMAD" label="SMAD"/>
            <span end="52028" id="15630473-5450" start="52023">SMADs</span>
        </annotation>
        <annotation annotator="" id="GO_CC_2016_02_16_Instance_102163" type="identity">
            <class id="GO_PR_EXT:SMAD" label="SMAD"/>
            <span end="52100" id="15630473-5452" start="52031">small phenotype– and mothers against decapentaplegic–related proteins</span>
        </annotation>
        <annotation annotator="Mike Bada, University of Colorado Anschutz Medical Campus" id="GO_CC_2016_02_16_test_Instance_14389" type="identity">
            <class id="CL_GO_EXT:cell" label="cell"/>
            <span end="52162" id="15630473-5718" start="52158">cell</span>
        </annotation>
        <annotation annotator="" id="GO_CC_2016_02_16_Instance_60098" type="identity">
            <class id="GO_UBERON_EXT:basement_membrane" label="basement membrane"/>
            <span end="52653" id="15630473-5526" start="52636">basement membrane</span>
        </annotation>
        <annotation annotator="Mike Bada, University of Colorado Anschutz Medical Campus" id="GO_CC_2016_02_16_test_Instance_29157" type="identity">
            <class id="GO:0005634" label="nucleus"/>
            <span end="53482" id="15630473-5843" start="53467">nuclei of cells</span>
        </annotation>
        <annotation annotator="Mike Bada, University of Colorado Anschutz Medical Campus" id="GO_CC_2016_02_16_test_Instance_14337" type="identity">
            <class id="CL_GO_EXT:cell" label="cell"/>
            <span end="53632" id="15630473-5672" start="53627">cells</span>
        </annotation>
        <annotation annotator="Mike Bada, University of Colorado Anschutz Medical Campus" id="GO_CC_2016_02_16_test_Instance_14339" type="identity">
            <class id="CL_GO_EXT:cell" label="cell"/>
            <span end="53688" id="15630473-5674" start="53683">cells</span>
        </annotation>
        <annotation annotator="Mike Bada, University of Colorado Anschutz Medical Campus" id="GO_CC_2016_02_16_test_Instance_14341" type="identity">
            <class id="CL_GO_EXT:cell" label="cell"/>
            <span end="53972" id="15630473-5676" start="53967">cells</span>
        </annotation>
        <annotation annotator="Mike Bada, University of Colorado Anschutz Medical Campus" id="GO_CC_2016_02_16_test_Instance_29159" type="identity">
            <class id="GO:0030056" label="hemidesmosome"/>
            <span end="54127" id="15630473-5845" start="54113">hemidesmosomal</span>
        </annotation>
        <annotation annotator="" id="GO_CC_2016_02_16_Instance_101965" type="identity">
            <class id="GO_PR_EXT:integrin" label="integrin"/>
            <span end="54136" id="15630473-5440" start="54128">integrin</span>
        </annotation>
        <annotation annotator="Mike Bada, University of Colorado Anschutz Medical Campus" id="GO_CC_2016_02_16_test_Instance_29161" type="identity">
            <class id="GO:0045178" label="basal part of cell"/>
            <span end="54172" id="15630473-5847" start="54159">base of cells</span>
        </annotation>
        <annotation annotator="" id="GO_CC_2016_02_16_Instance_60100" type="identity">
            <class id="GO_UBERON_EXT:basement_membrane" label="basement membrane"/>
            <span end="54217" id="15630473-5528" start="54200">basement membrane</span>
        </annotation>
        <annotation annotator="Mike Bada, University of Colorado Anschutz Medical Campus" id="GO_CC_2016_02_16_test_Instance_14345" type="identity">
            <class id="CL_GO_EXT:cell" label="cell"/>
            <span end="54356" id="15630473-5678" start="54351">cells</span>
        </annotation>
        <annotation annotator="Mike Bada, University of Colorado Anschutz Medical Campus" id="GO_CC_2016_02_16_test_Instance_29165" type="identity">
            <class id="GO:0005610" label="laminin-5 complex"/>
            <span end="54500" id="15630473-5849" start="54491">laminin 5</span>
        </annotation>
        <annotation annotator="Mike Bada, University of Colorado Anschutz Medical Campus" id="GO_CC_2016_02_16_test_Instance_29167" type="identity">
            <class id="GO:0005610" label="laminin-5 complex"/>
            <span end="54506" id="15630473-5851" start="54502">lam5</span>
        </annotation>
        <annotation annotator="" id="GO_CC_2016_02_16_Instance_60102" type="identity">
            <class id="GO_UBERON_EXT:basement_membrane" label="basement membrane"/>
            <span end="54547" id="15630473-5530" start="54530">basement membrane</span>
        </annotation>
        <annotation annotator="Mike Bada, University of Colorado Anschutz Medical Campus" id="GO_CC_2016_02_16_test_Instance_29171" type="identity">
            <class id="GO:0005912" label="adherens junction"/>
            <span end="54596" id="15630473-5853" start="54593">AJs</span>
        </annotation>
        <annotation annotator="Mike Bada, University of Colorado Anschutz Medical Campus" id="GO_CC_2016_02_16_test_Instance_29173" type="identity">
            <class id="GO:0005911" label="cell-cell junction"/>
            <span end="54655" id="15630473-5855" start="54638">cell-cell borders</span>
        </annotation>
        <annotation annotator="" id="GO_CC_2016_02_16_Instance_60104" type="identity">
            <class id="GO:0042571" label="immunoglobulin complex, circulating"/>
            <span end="55717" id="15630473-5532" start="55707">antibodies</span>
        </annotation>
        <annotation annotator="" id="GO_CC_2016_02_16_Instance_60106" type="identity">
            <class id="GO:0042571" label="immunoglobulin complex, circulating"/>
            <span end="56110" id="15630473-5534" start="56100">antibodies</span>
        </annotation>
        <annotation annotator="" id="GO_CC_2016_02_16_Instance_60108" type="identity">
            <class id="GO:0042571" label="immunoglobulin complex, circulating"/>
            <span end="56382" id="15630473-5536" start="56372">antibodies</span>
        </annotation>
        <annotation annotator="Mike Bada, University of Colorado Anschutz Medical Campus" id="GO_CC_2016_02_16_test_Instance_14351" type="identity">
            <class id="CL_GO_EXT:cell" label="cell"/>
            <span end="56566" id="15630473-5680" start="56561">cells</span>
        </annotation>
        <annotation annotator="Mike Bada, University of Colorado Anschutz Medical Campus" id="GO_CC_2016_02_16_test_Instance_14353" type="identity">
            <class id="CL_GO_EXT:cell" label="cell"/>
            <span end="56632" id="15630473-5682" start="56627">cells</span>
        </annotation>
        <annotation annotator="Mike Bada, University of Colorado Anschutz Medical Campus" id="GO_CC_2016_02_16_test_Instance_14355" type="identity">
            <class id="CL_GO_EXT:cell" label="cell"/>
            <span end="56678" id="15630473-5684" start="56673">cells</span>
        </annotation>
        <annotation annotator="" id="GO_CC_2016_02_16_Instance_60110" type="identity">
            <class id="GO_UBERON_EXT:basement_membrane" label="basement membrane"/>
            <span end="56785" id="15630473-5538" start="56768">Basement Membrane</span>
        </annotation>
        <annotation annotator="" id="GO_CC_2016_02_16_Instance_60112" type="identity">
            <class id="GO:0042571" label="immunoglobulin complex, circulating"/>
            <span end="57044" id="15630473-5540" start="57034">antibodies</span>
        </annotation>
        <annotation annotator="" id="GO_CC_2016_02_16_Instance_60114" type="identity">
            <class id="GO:0042571" label="immunoglobulin complex, circulating"/>
            <span end="57099" id="15630473-5542" start="57089">Antibodies</span>
        </annotation>
        <annotation annotator="Mike Bada, University of Colorado Anschutz Medical Campus" id="GO_CC_2016_02_16_test_Instance_14357" type="identity">
            <class id="CL_GO_EXT:cell" label="cell"/>
            <span end="57261" id="15630473-5686" start="57256">cells</span>
        </annotation>
        <annotation annotator="Mike Bada, University of Colorado Anschutz Medical Campus" id="GO_CC_2016_02_16_test_Instance_29187" type="identity">
            <class id="GO:0001533" label="cornified envelope"/>
            <span end="57324" id="15630473-5857" start="57306">cornified envelope</span>
        </annotation>
        <annotation annotator="Mike Bada, University of Colorado Anschutz Medical Campus" id="GO_CC_2016_02_16_test_Instance_14359" type="identity">
            <class id="CL_GO_EXT:cell" label="cell"/>
            <span end="57380" id="15630473-5688" start="57375">cells</span>
        </annotation>
        <annotation annotator="Mike Bada, University of Colorado Anschutz Medical Campus" id="GO_CC_2016_02_16_test_Instance_29189" type="identity">
            <class id="GO:0001533" label="cornified envelope"/>
            <span end="57418" id="15630473-5859" start="57400">cornified envelope</span>
        </annotation>
        <annotation annotator="Mike Bada, University of Colorado Anschutz Medical Campus" id="GO_CC_2016_02_16_test_Instance_29191" type="identity">
            <class id="GO:0045095" label="keratin filament"/>
            <span end="57521" id="15630473-5861" start="57504">keratin filaments</span>
        </annotation>
        <annotation annotator="Mike Bada, University of Colorado Anschutz Medical Campus" id="GO_CC_2016_02_16_test_Instance_14361" type="identity">
            <class id="CL_GO_EXT:cell" label="cell"/>
            <span end="57668" id="15630473-5690" start="57663">cells</span>
        </annotation>
        <annotation annotator="" id="GO_CC_2016_02_16_Instance_60116" type="identity">
            <class id="GO:0042571" label="immunoglobulin complex, circulating"/>
            <span end="57836" id="15630473-5544" start="57826">antibodies</span>
        </annotation>
        <annotation annotator="Mike Bada, University of Colorado Anschutz Medical Campus" id="GO_CC_2016_02_16_test_Instance_29195" type="identity">
            <class id="GO:0005634" label="nucleus"/>
            <span end="58101" id="15630473-5863" start="58094">nuclear</span>
        </annotation>
        <annotation annotator="" id="GO_CC_2016_02_16_Instance_60120" type="identity">
            <class id="GO_UBERON_EXT:basement_membrane" label="basement membrane"/>
            <span end="58228" id="15630473-5548" start="58211">basement membrane</span>
        </annotation>
        <annotation annotator="" id="GO_CC_2016_02_16_Instance_60118" type="identity">
            <class id="GO:0042571" label="immunoglobulin complex, circulating"/>
            <span end="58251" id="15630473-5546" start="58243">antibody</span>
        </annotation>
        <annotation annotator="" id="GO_CC_2016_02_16_Instance_60122" type="identity">
            <class id="GO_UBERON_EXT:basement_membrane" label="basement membrane"/>
            <span end="58293" id="15630473-5550" start="58276">basement membrane</span>
        </annotation>
        <annotation annotator="Mike Bada, University of Colorado Anschutz Medical Campus" id="GO_CC_2016_02_16_test_Instance_29203" type="identity">
            <class id="GO:0030056" label="hemidesmosome"/>
            <span end="58321" id="15630473-5865" start="58307">hemidesmosomal</span>
        </annotation>
        <annotation annotator="Mike Bada, University of Colorado Anschutz Medical Campus" id="GO_CC_2016_02_16_test_Instance_29205" type="identity">
            <class id="GO:0005912" label="adherens junction"/>
            <span end="58609" id="15630473-5867" start="58606">AJs</span>
        </annotation>
        <annotation annotator="" id="GO_CC_2016_02_16_Instance_60124" type="identity">
            <class id="GO:0042571" label="immunoglobulin complex, circulating"/>
            <span end="58828" id="15630473-5552" start="58818">Antibodies</span>
        </annotation>
        <annotation annotator="Mike Bada, University of Colorado Anschutz Medical Campus" id="GO_CC_2016_02_16_test_Instance_29209" type="identity">
            <class id="GO:0005912" label="adherens junction"/>
            <span end="58848" id="15630473-5869" start="58846">AJ</span>
        </annotation>
        <annotation annotator="" id="GO_CC_2016_02_16_Instance_60126" type="identity">
            <class id="GO:0016020" label="membrane"/>
            <span end="58907" id="15630473-5554" start="58899">membrane</span>
        </annotation>
        <annotation annotator="Mike Bada, University of Colorado Anschutz Medical Campus" id="GO_CC_2016_02_16_test_Instance_29211" type="identity">
            <class id="GO:0005912" label="adherens junction"/>
            <span end="58970" id="15630473-5871" start="58967">AJs</span>
        </annotation>
        <annotation annotator="Mike Bada, University of Colorado Anschutz Medical Campus" id="GO_CC_2016_02_16_test_Instance_29213" type="identity">
            <class id="GO:0005634" label="nucleus"/>
            <span end="59084" id="15630473-5873" start="59077">nucleus</span>
        </annotation>
        <annotation annotator="Mike Bada, University of Colorado Anschutz Medical Campus" id="GO_CC_2016_02_16_test_Instance_29215" type="identity">
            <class id="GO:0015629" label="actin cytoskeleton"/>
            <span end="59252" id="15630473-5875" start="59234">actin cytoskeleton</span>
        </annotation>
        <annotation annotator="Mike Bada, University of Colorado Anschutz Medical Campus" id="GO_CC_2016_02_16_test_Instance_29217" type="identity">
            <class id="GO:0016020" label="membrane"/>
            <span end="59641" id="15630473-5877" start="59633">membrane</span>
        </annotation>
        <annotation annotator="Mike Bada, University of Colorado Anschutz Medical Campus" id="GO_CC_2016_02_16_test_Instance_14363" type="identity">
            <class id="CL_GO_EXT:cell" label="cell"/>
            <span end="59694" id="15630473-5692" start="59689">cells</span>
        </annotation>
        <annotation annotator="Mike Bada, University of Colorado Anschutz Medical Campus" id="GO_CC_2016_02_16_test_Instance_29219" type="identity">
            <class id="GO:0005737" label="cytoplasm"/>
            <span end="59730" id="15630473-5879" start="59719">cytoplasmic</span>
        </annotation>
        <annotation annotator="" id="GO_CC_2016_02_16_Instance_60128" type="identity">
            <class id="GO:0042571" label="immunoglobulin complex, circulating"/>
            <span end="59847" id="15630473-5556" start="59837">Antibodies</span>
        </annotation>
        <annotation annotator="Mike Bada, University of Colorado Anschutz Medical Campus" id="GO_CC_2016_02_16_test_Instance_14365" type="identity">
            <class id="CL_GO_EXT:cell" label="cell"/>
            <span end="60500" id="15630473-5694" start="60495">cells</span>
        </annotation>
        <annotation annotator="Mike Bada, University of Colorado Anschutz Medical Campus" id="GO_CC_2016_02_16_test_Instance_29223" type="identity">
            <class id="GO:0005912" label="adherens junction"/>
            <span end="60589" id="15630473-5881" start="60587">AJ</span>
        </annotation>
        <annotation annotator="Mike Bada, University of Colorado Anschutz Medical Campus" id="GO_CC_2016_02_16_test_Instance_21427" type="identity">
            <class id="CL_GO_EXT:cell" label="cell"/>
            <span end="60606" id="15630473-5724" start="60601">Cells</span>
        </annotation>
        <annotation annotator="" id="GO_CC_2016_02_16_Instance_60130" type="identity">
            <class id="GO:0042571" label="immunoglobulin complex, circulating"/>
            <span end="60635" id="15630473-5558" start="60625">antibodies</span>
        </annotation>
        <annotation annotator="" id="GO_CC_2016_02_16_Instance_60132" type="identity">
            <class id="CL_GO_EXT:cell" label="cell"/>
            <span end="60706" id="15630473-5560" start="60698">cellular</span>
        </annotation>
        <annotation annotator="Mike Bada, University of Colorado Anschutz Medical Campus" id="GO_CC_2016_02_16_test_Instance_14367" type="identity">
            <class id="CL_GO_EXT:cell" label="cell"/>
            <span end="60794" id="15630473-5696" start="60790">cell</span>
        </annotation>
        <annotation annotator="Mike Bada, University of Colorado Anschutz Medical Campus" id="GO_CC_2016_02_16_test_Instance_14369" type="identity">
            <class id="CL_GO_EXT:cell" label="cell"/>
            <span end="61009" id="15630473-5698" start="61004">cells</span>
        </annotation>
        <annotation annotator="Mike Bada, University of Colorado Anschutz Medical Campus" id="GO_CC_2016_02_16_test_Instance_14371" type="identity">
            <class id="CL_GO_EXT:cell" label="cell"/>
            <span end="61051" id="15630473-5700" start="61047">cell</span>
        </annotation>
        <annotation annotator="" id="GO_CC_2016_02_16_Instance_60134" type="identity">
            <class id="GO:0042571" label="immunoglobulin complex, circulating"/>
            <span end="61105" id="15630473-5562" start="61095">antibodies</span>
        </annotation>
        <annotation annotator="" id="GO_CC_2016_02_16_Instance_60136" type="identity">
            <class id="GO:0042571" label="immunoglobulin complex, circulating"/>
            <span end="61562" id="15630473-5564" start="61554">antibody</span>
        </annotation>
        <annotation annotator="" id="GO_CC_2016_02_16_Instance_60138" type="identity">
            <class id="GO:0042571" label="immunoglobulin complex, circulating"/>
            <span end="61594" id="15630473-5566" start="61586">antibody</span>
        </annotation>
        <annotation annotator="" id="GO_CC_2016_02_16_Instance_60140" type="identity">
            <class id="GO:0042571" label="immunoglobulin complex, circulating"/>
            <span end="61743" id="15630473-5568" start="61733">antibodies</span>
        </annotation>
        <annotation annotator="Mike Bada, University of Colorado Anschutz Medical Campus" id="GO_CC_2016_02_16_test_Instance_29237" type="identity">
            <class id="GO:0005912" label="adherens junction"/>
            <span end="61832" id="15630473-5883" start="61830">AJ</span>
        </annotation>
        <annotation annotator="" id="GO_CC_2016_02_16_Instance_60142" type="identity">
            <class id="GO:0042571" label="immunoglobulin complex, circulating"/>
            <span end="62458" id="15630473-5570" start="62448">antibodies</span>
        </annotation>
        <annotation annotator="Mike Bada, University of Colorado Anschutz Medical Campus" id="GO_CC_2016_02_16_test_Instance_14373" type="identity">
            <class id="CL_GO_EXT:cell" label="cell"/>
            <span end="63026" id="15630473-5702" start="63018">cellular</span>
        </annotation>
        <annotation annotator="Mike Bada, University of Colorado Anschutz Medical Campus" id="GO_CC_2016_02_16_test_Instance_14375" type="identity">
            <class id="CL_GO_EXT:cell" label="cell"/>
            <span end="63376" id="15630473-5704" start="63368">cellular</span>
        </annotation>
        <annotation annotator="Mike Bada, University of Colorado Anschutz Medical Campus" id="GO_CC_2016_02_16_test_Instance_14377" type="identity">
            <class id="CL_GO_EXT:cell" label="cell"/>
            <span end="64347" id="15630473-5706" start="64342">cells</span>
        </annotation>
        <annotation annotator="" id="GO_CC_2016_02_16_Instance_60144" type="identity">
            <class id="GO:0042571" label="immunoglobulin complex, circulating"/>
            <span end="65193" id="15630473-5572" start="65185">Antibody</span>
        </annotation>
        <annotation annotator="Mike Bada, University of Colorado Anschutz Medical Campus" id="GO_CC_2016_02_16_test_Instance_29243" type="identity">
            <class id="GO:0005634" label="nucleus"/>
            <span end="65609" id="15630473-5885" start="65602">nuclear</span>
        </annotation>
        <annotation annotator="Mike Bada, University of Colorado Anschutz Medical Campus" id="GO_CC_2016_02_16_test_Instance_29245" type="identity">
            <class id="GO:0005634" label="nucleus"/>
            <span end="65631" id="15630473-5887" start="65624">nuclear</span>
        </annotation>
        <annotation annotator="" id="GO_CC_2016_02_16_Instance_60146" type="identity">
            <class id="GO_UBERON_EXT:cellular_component_or_cell_part" label="cell component/part"/>
            <span end="66067" id="15630473-5574" start="66056">subcellular</span>
        </annotation>
        <graph-space id="Old Knowtator Relations"/>
    </document>
</knowtator-project>
