<?xml version="1.0" encoding="UTF-8" standalone="no"?>
<knowtator-project>
  <document id="15760270" text-file="15760270.txt">
    <annotation annotator="Mike Bada, University of Colorado Anschutz Medical Campus" id="GO_CC_2016_02_16_test_Instance_29723" type="identity">
      <class id="GO:0005777" label="peroxisome"/>
      <span end="206" id="15760270-6517" start="196">peroxisome</span>
    </annotation>
    <annotation annotator="Mike Bada, University of Colorado Anschutz Medical Campus" id="GO_CC_2016_02_16_test_Instance_29725" type="identity">
      <class id="GO:0005739" label="mitochondrion"/>
      <span end="543" id="15760270-6519" start="530">mitochondrial</span>
    </annotation>
    <annotation annotator="Mike Bada, University of Colorado Anschutz Medical Campus" id="GO_CC_2016_02_16_test_Instance_29727" type="identity">
      <class id="GO:0005739" label="mitochondrion"/>
      <span end="715" id="15760270-6521" start="702">Mitochondrial</span>
    </annotation>
    <annotation annotator="Mike Bada, University of Colorado Anschutz Medical Campus" id="GO_CC_2016_02_16_test_Instance_29729" type="identity">
      <class id="GO:0005739" label="mitochondrion"/>
      <span end="1248" id="15760270-6523" start="1235">mitochondrial</span>
    </annotation>
    <annotation annotator="" id="GO_CC_2016_02_16_Instance_60278" type="identity">
      <class id="GO:0005773" label="vacuole"/>
      <span end="1445" id="15760270-6447" start="1437">vacuolar</span>
    </annotation>
    <annotation annotator="Mike Bada, University of Colorado Anschutz Medical Campus" id="GO_CC_2016_02_16_test_Instance_29733" type="identity">
      <class id="GO:0005739" label="mitochondrion"/>
      <span end="1685" id="15760270-6525" start="1672">Mitochondrial</span>
    </annotation>
    <annotation annotator="Mike Bada, University of Colorado Anschutz Medical Campus" id="GO_CC_2016_02_16_test_Instance_29735" type="identity">
      <class id="GO:0005739" label="mitochondrion"/>
      <span end="1840" id="15760270-6527" start="1827">mitochondrial</span>
    </annotation>
    <annotation annotator="Mike Bada, University of Colorado Anschutz Medical Campus" id="GO_CC_2016_02_16_test_Instance_29737" type="identity">
      <class id="GO:0005634" label="nucleus"/>
      <span end="1969" id="15760270-6529" start="1962">nuclear</span>
    </annotation>
    <annotation annotator="Mike Bada, University of Colorado Anschutz Medical Campus" id="GO_CC_2016_02_16_test_Instance_29739" type="identity">
      <class id="GO:0005739" label="mitochondrion"/>
      <span end="1987" id="15760270-6531" start="1974">mitochondrial</span>
    </annotation>
    <annotation annotator="Mike Bada, University of Colorado Anschutz Medical Campus" id="GO_CC_2016_02_16_test_Instance_29741" type="identity">
      <class id="GO:0005739" label="mitochondrion"/>
      <span end="2019" id="15760270-6533" start="2006">mitochondrial</span>
    </annotation>
    <annotation annotator="Mike Bada, University of Colorado Anschutz Medical Campus" id="GO_CC_2016_02_16_test_Instance_29743" type="identity">
      <class id="GO:0005777" label="peroxisome"/>
      <span end="2137" id="15760270-6535" start="2127">peroxisome</span>
    </annotation>
    <annotation annotator="Mike Bada, University of Colorado Anschutz Medical Campus" id="GO_CC_2016_02_16_test_Instance_14435" type="identity">
      <class id="CL_GO_EXT:cell" label="cell"/>
      <span end="2311" id="15760270-6465" start="2303">cellular</span>
    </annotation>
    <annotation annotator="Mike Bada, University of Colorado Anschutz Medical Campus" id="GO_CC_2016_02_16_test_Instance_29745" type="identity">
      <class id="GO:0005739" label="mitochondrion"/>
      <span end="2354" id="15760270-6537" start="2341">mitochondrial</span>
    </annotation>
    <annotation annotator="Mike Bada, University of Colorado Anschutz Medical Campus" id="GO_CC_2016_02_16_test_Instance_29747" type="identity">
      <class id="GO:0005634" label="nucleus"/>
      <span end="2513" id="15760270-6539" start="2506">nuclear</span>
    </annotation>
    <annotation annotator="Mike Bada, University of Colorado Anschutz Medical Campus" id="GO_CC_2016_02_16_test_Instance_29749" type="identity">
      <class id="GO:0005634" label="nucleus"/>
      <span end="2719" id="15760270-6541" start="2712">nuclear</span>
    </annotation>
    <annotation annotator="" id="GO_CC_2016_02_16_Instance_60280" type="identity">
      <class id="GO:0005634" label="nucleus"/>
      <span end="2734" id="15760270-6449" start="2727">nuclear</span>
    </annotation>
    <annotation annotator="Mike Bada, University of Colorado Anschutz Medical Campus" id="GO_CC_2016_02_16_test_Instance_14437" type="identity">
      <class id="CL_GO_EXT:cell" label="cell"/>
      <span end="2786" id="15760270-6467" start="2778">cellular</span>
    </annotation>
    <annotation annotator="Mike Bada, University of Colorado Anschutz Medical Campus" id="GO_CC_2016_02_16_test_Instance_29751" type="identity">
      <class id="GO:0005739" label="mitochondrion"/>
      <span end="3006" id="15760270-6543" start="2993">mitochondrial</span>
    </annotation>
    <annotation annotator="Mike Bada, University of Colorado Anschutz Medical Campus" id="GO_CC_2016_02_16_test_Instance_29753" type="identity">
      <class id="GO:0005739" label="mitochondrion"/>
      <span end="3180" id="15760270-6545" start="3167">mitochondrial</span>
    </annotation>
    <annotation annotator="Mike Bada, University of Colorado Anschutz Medical Campus" id="GO_CC_2016_02_16_test_Instance_29755" type="identity">
      <class id="GO:0005739" label="mitochondrion"/>
      <span end="3572" id="15760270-6547" start="3559">mitochondrial</span>
    </annotation>
    <annotation annotator="Mike Bada, University of Colorado Anschutz Medical Campus" id="GO_CC_2016_02_16_test_Instance_29757" type="identity">
      <class id="GO:0005739" label="mitochondrion"/>
      <span end="3610" id="15760270-6549" start="3597">mitochondrial</span>
    </annotation>
    <annotation annotator="Mike Bada, University of Colorado Anschutz Medical Campus" id="GO_CC_2016_02_16_test_Instance_29759" type="identity">
      <class id="GO:0005739" label="mitochondrion"/>
      <span end="3691" id="15760270-6551" start="3678">mitochondrial</span>
    </annotation>
    <annotation annotator="Mike Bada, University of Colorado Anschutz Medical Campus" id="GO_CC_2016_02_16_test_Instance_29761" type="identity">
      <class id="GO:0005634" label="nucleus"/>
      <span end="3765" id="15760270-6553" start="3758">nuclear</span>
    </annotation>
    <annotation annotator="Mike Bada, University of Colorado Anschutz Medical Campus" id="GO_CC_2016_02_16_test_Instance_14439" type="identity">
      <class id="CL_GO_EXT:cell" label="cell"/>
      <span end="3891" id="15760270-6469" start="3887">cell</span>
    </annotation>
    <annotation annotator="Mike Bada, University of Colorado Anschutz Medical Campus" id="GO_CC_2016_02_16_test_Instance_29763" type="identity">
      <class id="GO:0005739" label="mitochondrion"/>
      <span end="3946" id="15760270-6555" start="3933">mitochondrial</span>
    </annotation>
    <annotation annotator="Mike Bada, University of Colorado Anschutz Medical Campus" id="GO_CC_2016_02_16_test_Instance_29765" type="identity">
      <class id="GO:0005634" label="nucleus"/>
      <span end="4023" id="15760270-6557" start="4016">nuclear</span>
    </annotation>
    <annotation annotator="Mike Bada, University of Colorado Anschutz Medical Campus" id="GO_CC_2016_02_16_test_Instance_29767" type="identity">
      <class id="GO:0005739" label="mitochondrion"/>
      <span end="4084" id="15760270-6559" start="4071">mitochondrial</span>
    </annotation>
    <annotation annotator="Mike Bada, University of Colorado Anschutz Medical Campus" id="GO_CC_2016_02_16_test_Instance_29769" type="identity">
      <class id="GO:0005739" label="mitochondrion"/>
      <span end="4163" id="15760270-6561" start="4150">mitochondrial</span>
    </annotation>
    <annotation annotator="Mike Bada, University of Colorado Anschutz Medical Campus" id="GO_CC_2016_02_16_test_Instance_29771" type="identity">
      <class id="GO:0005739" label="mitochondrion"/>
      <span end="4364" id="15760270-6563" start="4351">mitochondrial</span>
    </annotation>
    <annotation annotator="Mike Bada, University of Colorado Anschutz Medical Campus" id="GO_CC_2016_02_16_test_Instance_29773" type="identity">
      <class id="GO:0005739" label="mitochondrion"/>
      <span end="4481" id="15760270-6565" start="4468">mitochondrial</span>
    </annotation>
    <annotation annotator="Mike Bada, University of Colorado Anschutz Medical Campus" id="GO_CC_2016_02_16_test_Instance_29775" type="identity">
      <class id="GO:0005739" label="mitochondrion"/>
      <span end="4530" id="15760270-6567" start="4517">mitochondrial</span>
    </annotation>
    <annotation annotator="Mike Bada, University of Colorado Anschutz Medical Campus" id="GO_CC_2016_02_16_test_Instance_29777" type="identity">
      <class id="GO:0005739" label="mitochondrion"/>
      <span end="4675" id="15760270-6569" start="4662">mitochondrial</span>
    </annotation>
    <annotation annotator="Mike Bada, University of Colorado Anschutz Medical Campus" id="GO_CC_2016_02_16_test_Instance_29779" type="identity">
      <class id="GO:0005739" label="mitochondrion"/>
      <span end="4963" id="15760270-6571" start="4950">mitochondrial</span>
    </annotation>
    <annotation annotator="Mike Bada, University of Colorado Anschutz Medical Campus" id="GO_CC_2016_02_16_test_Instance_29781" type="identity">
      <class id="GO:0005739" label="mitochondrion"/>
      <span end="5449" id="15760270-6573" start="5436">mitochondrial</span>
    </annotation>
    <annotation annotator="Mike Bada, University of Colorado Anschutz Medical Campus" id="GO_CC_2016_02_16_test_Instance_29783" type="identity">
      <class id="GO:0005739" label="mitochondrion"/>
      <span end="5769" id="15760270-6575" start="5756">mitochondrial</span>
    </annotation>
    <annotation annotator="Mike Bada, University of Colorado Anschutz Medical Campus" id="GO_CC_2016_02_16_test_Instance_14441" type="identity">
      <class id="CL_GO_EXT:cell" label="cell"/>
      <span end="7610" id="15760270-6471" start="7606">cell</span>
    </annotation>
    <annotation annotator="Mike Bada, University of Colorado Anschutz Medical Campus" id="GO_CC_2016_02_16_test_Instance_29785" type="identity">
      <class id="GO:0005634" label="nucleus"/>
      <span end="7633" id="15760270-6577" start="7626">nuclear</span>
    </annotation>
    <annotation annotator="Mike Bada, University of Colorado Anschutz Medical Campus" id="GO_CC_2016_02_16_test_Instance_29787" type="identity">
      <class id="GO:0005739" label="mitochondrion"/>
      <span end="9987" id="15760270-6579" start="9974">mitochondrial</span>
    </annotation>
    <annotation annotator="Mike Bada, University of Colorado Anschutz Medical Campus" id="GO_CC_2016_02_16_test_Instance_29789" type="identity">
      <class id="GO:0005739" label="mitochondrion"/>
      <span end="10559" id="15760270-6581" start="10546">mitochondrial</span>
    </annotation>
    <annotation annotator="Mike Bada, University of Colorado Anschutz Medical Campus" id="GO_CC_2016_02_16_test_Instance_29791" type="identity">
      <class id="GO:0005739" label="mitochondrion"/>
      <span end="10707" id="15760270-6583" start="10694">Mitochondrial</span>
    </annotation>
    <annotation annotator="Mike Bada, University of Colorado Anschutz Medical Campus" id="GO_CC_2016_02_16_test_Instance_14443" type="identity">
      <class id="CL_GO_EXT:cell" label="cell"/>
      <span end="10948" id="15760270-6473" start="10944">cell</span>
    </annotation>
    <annotation annotator="Mike Bada, University of Colorado Anschutz Medical Campus" id="GO_CC_2016_02_16_test_Instance_29793" type="identity">
      <class id="GO:0031012" label="extracellular matrix"/>
      <span end="10978" id="15760270-6585" start="10958">extracellular matrix</span>
    </annotation>
    <annotation annotator="Mike Bada, University of Colorado Anschutz Medical Campus" id="GO_CC_2016_02_16_test_Instance_29795" type="identity">
      <class id="GO:0005739" label="mitochondrion"/>
      <span end="11094" id="15760270-6587" start="11081">mitochondrial</span>
    </annotation>
    <annotation annotator="Mike Bada, University of Colorado Anschutz Medical Campus" id="GO_CC_2016_02_16_test_Instance_29797" type="identity">
      <class id="GO:0005739" label="mitochondrion"/>
      <span end="11145" id="15760270-6589" start="11132">mitochondrial</span>
    </annotation>
    <annotation annotator="Mike Bada, University of Colorado Anschutz Medical Campus" id="GO_CC_2016_02_16_test_Instance_29799" type="identity">
      <class id="GO:0005739" label="mitochondrion"/>
      <span end="11255" id="15760270-6591" start="11243">mitochondria</span>
    </annotation>
    <annotation annotator="Mike Bada, University of Colorado Anschutz Medical Campus" id="GO_CC_2016_02_16_test_Instance_14445" type="identity">
      <class id="CL_GO_EXT:cell" label="cell"/>
      <span end="11437" id="15760270-6475" start="11429">cellular</span>
    </annotation>
    <annotation annotator="Mike Bada, University of Colorado Anschutz Medical Campus" id="GO_CC_2016_02_16_test_Instance_29801" type="identity">
      <class id="GO:0005739" label="mitochondrion"/>
      <span end="11475" id="15760270-6593" start="11463">mitochondria</span>
    </annotation>
    <annotation annotator="Mike Bada, University of Colorado Anschutz Medical Campus" id="GO_CC_2016_02_16_test_Instance_29803" type="identity">
      <class id="GO:0030016" label="myofibril"/>
      <span end="11591" id="15760270-6595" start="11579">myofibrillar</span>
    </annotation>
    <annotation annotator="Mike Bada, University of Colorado Anschutz Medical Campus" id="GO_CC_2016_02_16_test_Instance_29805" type="identity">
      <class id="GO:0005739" label="mitochondrion"/>
      <span end="11656" id="15760270-6597" start="11643">mitochondrial</span>
    </annotation>
    <annotation annotator="Mike Bada, University of Colorado Anschutz Medical Campus" id="GO_CC_2016_02_16_test_Instance_29807" type="identity">
      <class id="GO:0005634" label="nucleus"/>
      <span end="11718" id="15760270-6599" start="11711">nuclear</span>
    </annotation>
    <annotation annotator="Mike Bada, University of Colorado Anschutz Medical Campus" id="GO_CC_2016_02_16_test_Instance_29809" type="identity">
      <class id="GO:0005739" label="mitochondrion"/>
      <span end="11768" id="15760270-6601" start="11755">mitochondrial</span>
    </annotation>
    <annotation annotator="Mike Bada, University of Colorado Anschutz Medical Campus" id="GO_CC_2016_02_16_test_Instance_29811" type="identity">
      <class id="GO:0005739" label="mitochondrion"/>
      <span end="12043" id="15760270-6603" start="12030">mitochondrial</span>
    </annotation>
    <annotation annotator="Mike Bada, University of Colorado Anschutz Medical Campus" id="GO_CC_2016_02_16_test_Instance_29813" type="identity">
      <class id="GO:0005739" label="mitochondrion"/>
      <span end="12172" id="15760270-6605" start="12159">mitochondrial</span>
    </annotation>
    <annotation annotator="Mike Bada, University of Colorado Anschutz Medical Campus" id="GO_CC_2016_02_16_test_Instance_29815" type="identity">
      <class id="GO:0005739" label="mitochondrion"/>
      <span end="12280" id="15760270-6607" start="12267">mitochondrial</span>
    </annotation>
    <annotation annotator="Mike Bada, University of Colorado Anschutz Medical Campus" id="GO_CC_2016_02_16_test_Instance_29817" type="identity">
      <class id="GO:0005739" label="mitochondrion"/>
      <span end="12414" id="15760270-6609" start="12401">mitochondrial</span>
    </annotation>
    <annotation annotator="Mike Bada, University of Colorado Anschutz Medical Campus" id="GO_CC_2016_02_16_test_Instance_29819" type="identity">
      <class id="GO:0005739" label="mitochondrion"/>
      <span end="12491" id="15760270-6611" start="12478">mitochondrial</span>
    </annotation>
    <annotation annotator="Mike Bada, University of Colorado Anschutz Medical Campus" id="GO_CC_2016_02_16_test_Instance_29821" type="identity">
      <class id="GO:0005739" label="mitochondrion"/>
      <span end="13045" id="15760270-6613" start="13032">mitochondrial</span>
    </annotation>
    <annotation annotator="Mike Bada, University of Colorado Anschutz Medical Campus" id="GO_CC_2016_02_16_test_Instance_29823" type="identity">
      <class id="GO:0005739" label="mitochondrion"/>
      <span end="13147" id="15760270-6615" start="13134">mitochondrial</span>
    </annotation>
    <annotation annotator="Mike Bada, University of Colorado Anschutz Medical Campus" id="GO_CC_2016_02_16_test_Instance_29825" type="identity">
      <class id="GO:0005739" label="mitochondrion"/>
      <span end="16163" id="15760270-6617" start="16150">mitochondrial</span>
    </annotation>
    <annotation annotator="Mike Bada, University of Colorado Anschutz Medical Campus" id="GO_CC_2016_02_16_test_Instance_29827" type="identity">
      <class id="GO:0005739" label="mitochondrion"/>
      <span end="16683" id="15760270-6619" start="16670">mitochondrial</span>
    </annotation>
    <annotation annotator="Mike Bada, University of Colorado Anschutz Medical Campus" id="GO_CC_2016_02_16_test_Instance_29829" type="identity">
      <class id="GO:0005739" label="mitochondrion"/>
      <span end="16951" id="15760270-6621" start="16938">mitochondrial</span>
    </annotation>
    <annotation annotator="Mike Bada, University of Colorado Anschutz Medical Campus" id="GO_CC_2016_02_16_test_Instance_29831" type="identity">
      <class id="GO:0005739" label="mitochondrion"/>
      <span end="20189" id="15760270-6623" start="20176">mitochondrial</span>
    </annotation>
    <annotation annotator="Mike Bada, University of Colorado Anschutz Medical Campus" id="GO_CC_2016_02_16_test_Instance_29833" type="identity">
      <class id="GO:0005739" label="mitochondrion"/>
      <span end="21184" id="15760270-6625" start="21171">mitochondrial</span>
    </annotation>
    <annotation annotator="Mike Bada, University of Colorado Anschutz Medical Campus" id="GO_CC_2016_02_16_test_Instance_29835" type="identity">
      <class id="GO:0005739" label="mitochondrion"/>
      <span end="21471" id="15760270-6627" start="21458">mitochondrial</span>
    </annotation>
    <annotation annotator="Mike Bada, University of Colorado Anschutz Medical Campus" id="GO_CC_2016_02_16_test_Instance_29837" type="identity">
      <class id="GO:0005739" label="mitochondrion"/>
      <span end="21884" id="15760270-6629" start="21871">mitochondrial</span>
    </annotation>
    <annotation annotator="Mike Bada, University of Colorado Anschutz Medical Campus" id="GO_CC_2016_02_16_test_Instance_29839" type="identity">
      <class id="GO:0005739" label="mitochondrion"/>
      <span end="22026" id="15760270-6631" start="22013">mitochondrial</span>
    </annotation>
    <annotation annotator="Mike Bada, University of Colorado Anschutz Medical Campus" id="GO_CC_2016_02_16_test_Instance_29841" type="identity">
      <class id="GO:0005739" label="mitochondrion"/>
      <span end="22678" id="15760270-6633" start="22665">mitochondrial</span>
    </annotation>
    <annotation annotator="Mike Bada, University of Colorado Anschutz Medical Campus" id="GO_CC_2016_02_16_test_Instance_14447" type="identity">
      <class id="CL_GO_EXT:cell" label="cell"/>
      <span end="23900" id="15760270-6477" start="23895">cells</span>
    </annotation>
    <annotation annotator="Mike Bada, University of Colorado Anschutz Medical Campus" id="GO_CC_2016_02_16_test_Instance_14449" type="identity">
      <class id="CL_GO_EXT:cell" label="cell"/>
      <span end="24148" id="15760270-6479" start="24144">cell</span>
    </annotation>
    <annotation annotator="Mike Bada, University of Colorado Anschutz Medical Campus" id="GO_CC_2016_02_16_test_Instance_14451" type="identity">
      <class id="CL_GO_EXT:cell" label="cell"/>
      <span end="24241" id="15760270-6481" start="24233">cellular</span>
    </annotation>
    <annotation annotator="Mike Bada, University of Colorado Anschutz Medical Campus" id="GO_CC_2016_02_16_test_Instance_29843" type="identity">
      <class id="GO:0005739" label="mitochondrion"/>
      <span end="24380" id="15760270-6635" start="24367">mitochondrial</span>
    </annotation>
    <annotation annotator="Mike Bada, University of Colorado Anschutz Medical Campus" id="GO_CC_2016_02_16_test_Instance_14453" type="identity">
      <class id="CL_GO_EXT:cell" label="cell"/>
      <span end="24788" id="15760270-6483" start="24780">cellular</span>
    </annotation>
    <annotation annotator="Mike Bada, University of Colorado Anschutz Medical Campus" id="GO_CC_2016_02_16_test_Instance_29845" type="identity">
      <class id="GO:0005739" label="mitochondrion"/>
      <span end="25095" id="15760270-6637" start="25082">mitochondrial</span>
    </annotation>
    <annotation annotator="Mike Bada, University of Colorado Anschutz Medical Campus" id="GO_CC_2016_02_16_test_Instance_29847" type="identity">
      <class id="GO:0005739" label="mitochondrion"/>
      <span end="25430" id="15760270-6639" start="25417">mitochondrial</span>
    </annotation>
    <annotation annotator="" id="GO_CC_2016_02_16_Instance_60282" type="identity">
      <class id="GO:0097449" label="astrocyte projection"/>
      <span end="29365" id="15760270-6451" start="29345">astrocytic processes</span>
    </annotation>
    <annotation annotator="" id="GO_CC_2016_02_16_Instance_60284" type="identity">
      <class id="GO:0097449" label="astrocyte projection"/>
      <span end="29777" id="15760270-6453" start="29757">astrocytic processes</span>
    </annotation>
    <annotation annotator="Mike Bada, University of Colorado Anschutz Medical Campus" id="GO_CC_2016_02_16_test_Instance_14479" type="identity">
      <class id="CL_GO_EXT:cell" label="cell"/>
      <span end="29912" id="15760270-6509" start="29908">cell</span>
    </annotation>
    <annotation annotator="Mike Bada, University of Colorado Anschutz Medical Campus" id="GO_CC_2016_02_16_test_Instance_29853" type="identity">
      <class id="GO:0005773" label="vacuole"/>
      <span end="30249" id="15760270-6641" start="30241">Vacuoles</span>
    </annotation>
    <annotation annotator="Mike Bada, University of Colorado Anschutz Medical Campus" id="GO_CC_2016_02_16_test_Instance_29855" type="identity">
      <class id="GO:0016020" label="membrane"/>
      <span end="30285" id="15760270-6643" start="30275">membranous</span>
    </annotation>
    <annotation annotator="" id="GO_CC_2016_02_16_Instance_60286" type="identity">
      <class id="GO_UBERON_EXT:cellular_component_or_cell_part" label="cell component/part"/>
      <span end="30352" id="15760270-6455" start="30341">Subcellular</span>
    </annotation>
    <annotation annotator="Mike Bada, University of Colorado Anschutz Medical Campus" id="GO_CC_2016_02_16_test_Instance_29857" type="identity">
      <class id="GO:0005773" label="vacuole"/>
      <span end="30381" id="15760270-6645" start="30373">vacuoles</span>
    </annotation>
    <annotation annotator="Mike Bada, University of Colorado Anschutz Medical Campus" id="GO_CC_2016_02_16_test_Instance_14481" type="identity">
      <class id="CL_GO_EXT:cell" label="cell"/>
      <span end="30494" id="15760270-6511" start="30489">cells</span>
    </annotation>
    <annotation annotator="" id="GO_CC_2016_02_16_Instance_60288" type="identity">
      <class id="GO:0098793" label="presynapse"/>
      <span end="30507" id="15760270-6457" start="30496">presynaptic</span>
    </annotation>
    <annotation annotator="" id="GO_CC_2016_02_16_Instance_102684" type="identity">
      <class id="GO_UBERON_EXT:nerve_ending_or_neuron_projection_terminus" label="nerve ending or neuron projection terminus"/>
      <span end="30523" id="15760270-6445" start="30514">terminals</span>
    </annotation>
    <annotation annotator="" id="GO_CC_2016_02_16_Instance_60290" type="identity">
      <class id="GO:0044297" label="cell body"/>
      <span end="30544" id="15760270-6459" start="30540">soma</span>
    </annotation>
    <annotation annotator="" id="GO_CC_2016_02_16_Instance_60292" type="identity">
      <class id="GO:0043204" label="perikaryon"/>
      <span end="30572" id="15760270-6461" start="30562">perikaryal</span>
    </annotation>
    <annotation annotator="Mike Bada, University of Colorado Anschutz Medical Campus" id="GO_CC_2016_02_16_test_Instance_29863" type="identity">
      <class id="GO:0005739" label="mitochondrion"/>
      <span end="30923" id="15760270-6647" start="30910">mitochondrial</span>
    </annotation>
    <annotation annotator="Mike Bada, University of Colorado Anschutz Medical Campus" id="GO_CC_2016_02_16_test_Instance_29865" type="identity">
      <class id="GO:0005634" label="nucleus"/>
      <span end="31026" id="15760270-6649" start="31019">nuclear</span>
    </annotation>
    <annotation annotator="Mike Bada, University of Colorado Anschutz Medical Campus" id="GO_CC_2016_02_16_test_Instance_29867" type="identity">
      <class id="GO:0005739" label="mitochondrion"/>
      <span end="31218" id="15760270-6651" start="31205">mitochondrial</span>
    </annotation>
    <annotation annotator="Mike Bada, University of Colorado Anschutz Medical Campus" id="GO_CC_2016_02_16_test_Instance_29869" type="identity">
      <class id="GO:0005739" label="mitochondrion"/>
      <span end="31401" id="15760270-6653" start="31388">mitochondrial</span>
    </annotation>
    <annotation annotator="Mike Bada, University of Colorado Anschutz Medical Campus" id="GO_CC_2016_02_16_test_Instance_29871" type="identity">
      <class id="GO:0005739" label="mitochondrion"/>
      <span end="31551" id="15760270-6655" start="31538">mitochondrial</span>
    </annotation>
    <annotation annotator="Mike Bada, University of Colorado Anschutz Medical Campus" id="GO_CC_2016_02_16_test_Instance_14455" type="identity">
      <class id="CL_GO_EXT:cell" label="cell"/>
      <span end="31573" id="15760270-6485" start="31565">cellular</span>
    </annotation>
    <annotation annotator="Mike Bada, University of Colorado Anschutz Medical Campus" id="GO_CC_2016_02_16_test_Instance_29873" type="identity">
      <class id="GO:0005739" label="mitochondrion"/>
      <span end="31709" id="15760270-6657" start="31696">mitochondrial</span>
    </annotation>
    <annotation annotator="Mike Bada, University of Colorado Anschutz Medical Campus" id="GO_CC_2016_02_16_test_Instance_29875" type="identity">
      <class id="GO:0005739" label="mitochondrion"/>
      <span end="31810" id="15760270-6659" start="31797">mitochondrial</span>
    </annotation>
    <annotation annotator="Mike Bada, University of Colorado Anschutz Medical Campus" id="GO_CC_2016_02_16_test_Instance_29877" type="identity">
      <class id="GO:0005739" label="mitochondrion"/>
      <span end="32007" id="15760270-6661" start="31994">mitochondrial</span>
    </annotation>
    <annotation annotator="Mike Bada, University of Colorado Anschutz Medical Campus" id="GO_CC_2016_02_16_test_Instance_29879" type="identity">
      <class id="GO:0005739" label="mitochondrion"/>
      <span end="32360" id="15760270-6663" start="32347">mitochondrial</span>
    </annotation>
    <annotation annotator="Mike Bada, University of Colorado Anschutz Medical Campus" id="GO_CC_2016_02_16_test_Instance_29881" type="identity">
      <class id="GO:0005739" label="mitochondrion"/>
      <span end="33850" id="15760270-6665" start="33837">mitochondrial</span>
    </annotation>
    <annotation annotator="Mike Bada, University of Colorado Anschutz Medical Campus" id="GO_CC_2016_02_16_test_Instance_29883" type="identity">
      <class id="GO:0005739" label="mitochondrion"/>
      <span end="34859" id="15760270-6667" start="34846">mitochondrial</span>
    </annotation>
    <annotation annotator="Mike Bada, University of Colorado Anschutz Medical Campus" id="GO_CC_2016_02_16_test_Instance_29885" type="identity">
      <class id="GO:0005739" label="mitochondrion"/>
      <span end="34904" id="15760270-6669" start="34891">mitochondrial</span>
    </annotation>
    <annotation annotator="Mike Bada, University of Colorado Anschutz Medical Campus" id="GO_CC_2016_02_16_test_Instance_29887" type="identity">
      <class id="GO:0005634" label="nucleus"/>
      <span end="35662" id="15760270-6671" start="35655">nuclear</span>
    </annotation>
    <annotation annotator="Mike Bada, University of Colorado Anschutz Medical Campus" id="GO_CC_2016_02_16_test_Instance_29889" type="identity">
      <class id="GO:0005739" label="mitochondrion"/>
      <span end="35803" id="15760270-6673" start="35790">mitochondrial</span>
    </annotation>
    <annotation annotator="Mike Bada, University of Colorado Anschutz Medical Campus" id="GO_CC_2016_02_16_test_Instance_29891" type="identity">
      <class id="GO:0005739" label="mitochondrion"/>
      <span end="36590" id="15760270-6675" start="36577">mitochondrial</span>
    </annotation>
    <annotation annotator="Mike Bada, University of Colorado Anschutz Medical Campus" id="GO_CC_2016_02_16_test_Instance_29893" type="identity">
      <class id="GO:0016020" label="membrane"/>
      <span end="38361" id="15760270-6677" start="38353">membrane</span>
    </annotation>
    <annotation annotator="Mike Bada, University of Colorado Anschutz Medical Campus" id="GO_CC_2016_02_16_test_Instance_14457" type="identity">
      <class id="CL_GO_EXT:cell" label="cell"/>
      <span end="38418" id="15760270-6487" start="38410">cellular</span>
    </annotation>
    <annotation annotator="Mike Bada, University of Colorado Anschutz Medical Campus" id="GO_CC_2016_02_16_test_Instance_29895" type="identity">
      <class id="GO:0005634" label="nucleus"/>
      <span end="40911" id="15760270-6679" start="40904">nuclear</span>
    </annotation>
    <annotation annotator="Mike Bada, University of Colorado Anschutz Medical Campus" id="GO_CC_2016_02_16_test_Instance_29897" type="identity">
      <class id="GO:0005634" label="nucleus"/>
      <span end="43299" id="15760270-6681" start="43292">nuclear</span>
    </annotation>
    <annotation annotator="Mike Bada, University of Colorado Anschutz Medical Campus" id="GO_CC_2016_02_16_test_Instance_14459" type="identity">
      <class id="CL_GO_EXT:cell" label="cell"/>
      <span end="44011" id="15760270-6489" start="44003">cellular</span>
    </annotation>
    <annotation annotator="Mike Bada, University of Colorado Anschutz Medical Campus" id="GO_CC_2016_02_16_test_Instance_14461" type="identity">
      <class id="CL_GO_EXT:cell" label="cell"/>
      <span end="44146" id="15760270-6491" start="44138">cellular</span>
    </annotation>
    <annotation annotator="Mike Bada, University of Colorado Anschutz Medical Campus" id="GO_CC_2016_02_16_test_Instance_14463" type="identity">
      <class id="CL_GO_EXT:cell" label="cell"/>
      <span end="45774" id="15760270-6493" start="45769">cells</span>
    </annotation>
    <annotation annotator="Mike Bada, University of Colorado Anschutz Medical Campus" id="GO_CC_2016_02_16_test_Instance_21433" type="identity">
      <class id="CL_GO_EXT:cell" label="cell"/>
      <span end="45883" id="15760270-6515" start="45879">Cell</span>
    </annotation>
    <annotation annotator="Mike Bada, University of Colorado Anschutz Medical Campus" id="GO_CC_2016_02_16_test_Instance_29899" type="identity">
      <class id="GO:0005739" label="mitochondrion"/>
      <span end="49952" id="15760270-6683" start="49939">Mitochondrial</span>
    </annotation>
    <annotation annotator="Mike Bada, University of Colorado Anschutz Medical Campus" id="GO_CC_2016_02_16_test_Instance_29901" type="identity">
      <class id="GO:0005739" label="mitochondrion"/>
      <span end="49987" id="15760270-6685" start="49974">Mitochondrial</span>
    </annotation>
    <annotation annotator="Mike Bada, University of Colorado Anschutz Medical Campus" id="GO_CC_2016_02_16_test_Instance_29903" type="identity">
      <class id="GO:0005741" label="mitochondrial outer membrane"/>
      <span end="51054" id="15760270-6687" start="51026">outer mitochondrial membrane</span>
    </annotation>
    <annotation annotator="Mike Bada, University of Colorado Anschutz Medical Campus" id="GO_CC_2016_02_16_test_Instance_29909" type="identity">
      <class id="GO:0005739" label="mitochondrion"/>
      <span end="52771" id="15760270-6691" start="52758">mitochondrial</span>
    </annotation>
    <annotation annotator="Mike Bada, University of Colorado Anschutz Medical Campus" id="GO_CC_2016_02_16_test_Instance_29907" type="identity">
      <class id="GO:0030016" label="myofibril"/>
      <span end="52788" id="15760270-6689" start="52776">myofibrillar</span>
    </annotation>
    <annotation annotator="Mike Bada, University of Colorado Anschutz Medical Campus" id="GO_CC_2016_02_16_test_Instance_29911" type="identity">
      <class id="GO:0005739" label="mitochondrion"/>
      <span end="53042" id="15760270-6693" start="53030">mitochondria</span>
    </annotation>
    <annotation annotator="Mike Bada, University of Colorado Anschutz Medical Campus" id="GO_CC_2016_02_16_test_Instance_29913" type="identity">
      <class id="GO:0030016" label="myofibril"/>
      <span end="53056" id="15760270-6695" start="53046">myofibrils</span>
    </annotation>
    <annotation annotator="Mike Bada, University of Colorado Anschutz Medical Campus" id="GO_CC_2016_02_16_test_Instance_14465" type="identity">
      <class id="CL_GO_EXT:cell" label="cell"/>
      <span end="53797" id="15760270-6495" start="53792">cells</span>
    </annotation>
    <annotation annotator="Mike Bada, University of Colorado Anschutz Medical Campus" id="GO_CC_2016_02_16_test_Instance_14467" type="identity">
      <class id="CL_GO_EXT:cell" label="cell"/>
      <span end="54010" id="15760270-6497" start="54002">cellular</span>
    </annotation>
    <annotation annotator="Mike Bada, University of Colorado Anschutz Medical Campus" id="GO_CC_2016_02_16_test_Instance_14469" type="identity">
      <class id="CL_GO_EXT:cell" label="cell"/>
      <span end="54058" id="15760270-6499" start="54053">cells</span>
    </annotation>
    <annotation annotator="Mike Bada, University of Colorado Anschutz Medical Campus" id="GO_CC_2016_02_16_test_Instance_14483" type="identity">
      <class id="CL_GO_EXT:cell" label="cell"/>
      <span end="65351" id="15760270-6513" start="65347">cell</span>
    </annotation>
    <annotation annotator="Mike Bada, University of Colorado Anschutz Medical Campus" id="GO_CC_2016_02_16_test_Instance_29915" type="identity">
      <class id="GO:0005634" label="nucleus"/>
      <span end="66431" id="15760270-6697" start="66424">nuclear</span>
    </annotation>
    <annotation annotator="Mike Bada, University of Colorado Anschutz Medical Campus" id="GO_CC_2016_02_16_test_Instance_29917" type="identity">
      <class id="GO:0005777" label="peroxisome"/>
      <span end="66494" id="15760270-6699" start="66484">peroxisome</span>
    </annotation>
    <annotation annotator="Mike Bada, University of Colorado Anschutz Medical Campus" id="GO_CC_2016_02_16_test_Instance_29919" type="identity">
      <class id="GO:0005739" label="mitochondrion"/>
      <span end="66716" id="15760270-6701" start="66703">mitochondrial</span>
    </annotation>
    <annotation annotator="Mike Bada, University of Colorado Anschutz Medical Campus" id="GO_CC_2016_02_16_test_Instance_14471" type="identity">
      <class id="CL_GO_EXT:cell" label="cell"/>
      <span end="67691" id="15760270-6501" start="67686">cells</span>
    </annotation>
    <annotation annotator="Mike Bada, University of Colorado Anschutz Medical Campus" id="GO_CC_2016_02_16_test_Instance_29921" type="identity">
      <class id="GO:0005840" label="ribosome"/>
      <span end="68198" id="15760270-6703" start="68189">ribosomal</span>
    </annotation>
    <annotation annotator="Mike Bada, University of Colorado Anschutz Medical Campus" id="GO_CC_2016_02_16_test_Instance_14473" type="identity">
      <class id="CL_GO_EXT:cell" label="cell"/>
      <span end="68861" id="15760270-6503" start="68857">cell</span>
    </annotation>
    <annotation annotator="" id="GO_CC_2016_02_16_Instance_60294" type="identity">
      <class id="GO:0042571" label="immunoglobulin complex, circulating"/>
      <span end="69026" id="15760270-6463" start="69018">antibody</span>
    </annotation>
    <annotation annotator="Mike Bada, University of Colorado Anschutz Medical Campus" id="GO_CC_2016_02_16_test_Instance_29925" type="identity">
      <class id="GO:0005739" label="mitochondrion"/>
      <span end="70288" id="15760270-6705" start="70275">Mitochondrial</span>
    </annotation>
    <annotation annotator="Mike Bada, University of Colorado Anschutz Medical Campus" id="GO_CC_2016_02_16_test_Instance_14475" type="identity">
      <class id="CL_GO_EXT:cell" label="cell"/>
      <span end="70515" id="15760270-6505" start="70507">cellular</span>
    </annotation>
    <annotation annotator="Mike Bada, University of Colorado Anschutz Medical Campus" id="GO_CC_2016_02_16_test_Instance_29927" type="identity">
      <class id="GO:0005739" label="mitochondrion"/>
      <span end="70552" id="15760270-6707" start="70539">mitochondrial</span>
    </annotation>
    <annotation annotator="Mike Bada, University of Colorado Anschutz Medical Campus" id="GO_CC_2016_02_16_test_Instance_29929" type="identity">
      <class id="GO:0005739" label="mitochondrion"/>
      <span end="70558" id="15760270-6709" start="70554">Mito</span>
    </annotation>
    <annotation annotator="Mike Bada, University of Colorado Anschutz Medical Campus" id="GO_CC_2016_02_16_test_Instance_29931" type="identity">
      <class id="GO:0030016" label="myofibril"/>
      <span end="70576" id="15760270-6711" start="70564">myofibrillar</span>
    </annotation>
    <annotation annotator="Mike Bada, University of Colorado Anschutz Medical Campus" id="GO_CC_2016_02_16_test_Instance_29933" type="identity">
      <class id="GO:0030016" label="myofibril"/>
      <span end="70581" id="15760270-6713" start="70578">Myo</span>
    </annotation>
    <annotation annotator="Mike Bada, University of Colorado Anschutz Medical Campus" id="GO_CC_2016_02_16_test_Instance_29935" type="identity">
      <class id="GO:0005634" label="nucleus"/>
      <span end="70843" id="15760270-6715" start="70836">nuclear</span>
    </annotation>
    <annotation annotator="Mike Bada, University of Colorado Anschutz Medical Campus" id="GO_CC_2016_02_16_test_Instance_29937" type="identity">
      <class id="GO:0005739" label="mitochondrion"/>
      <span end="70861" id="15760270-6717" start="70848">mitochondrial</span>
    </annotation>
    <annotation annotator="Mike Bada, University of Colorado Anschutz Medical Campus" id="GO_CC_2016_02_16_test_Instance_29939" type="identity">
      <class id="GO:0005739" label="mitochondrion"/>
      <span end="70915" id="15760270-6719" start="70902">mitochondrial</span>
    </annotation>
    <annotation annotator="Mike Bada, University of Colorado Anschutz Medical Campus" id="GO_CC_2016_02_16_test_Instance_29941" type="identity">
      <class id="GO:0005739" label="mitochondrion"/>
      <span end="70944" id="15760270-6721" start="70931">mitochondrial</span>
    </annotation>
    <annotation annotator="Mike Bada, University of Colorado Anschutz Medical Campus" id="GO_CC_2016_02_16_test_Instance_29943" type="identity">
      <class id="GO:0005739" label="mitochondrion"/>
      <span end="71255" id="15760270-6723" start="71242">Mitochondrial</span>
    </annotation>
    <annotation annotator="Mike Bada, University of Colorado Anschutz Medical Campus" id="GO_CC_2016_02_16_test_Instance_29945" type="identity">
      <class id="GO:0005840" label="ribosome"/>
      <span end="74838" id="15760270-6725" start="74829">ribosomal</span>
    </annotation>
    <annotation annotator="Mike Bada, University of Colorado Anschutz Medical Campus" id="GO_CC_2016_02_16_test_Instance_14477" type="identity">
      <class id="CL_GO_EXT:cell" label="cell"/>
      <span end="76382" id="15760270-6507" start="76378">cell</span>
    </annotation>
    <annotation annotator="Mike Bada, University of Colorado Anschutz Medical Campus" id="GO_CC_2016_02_16_test_Instance_29947" type="identity">
      <class id="GO:0043204" label="perikaryon"/>
      <span end="78229" id="15760270-6727" start="78220">perikarya</span>
    </annotation>
    <annotation annotator="Mike Bada, University of Colorado Anschutz Medical Campus" id="GO_CC_2016_02_16_test_Instance_29949" type="identity">
      <class id="GO:0005773" label="vacuole"/>
      <span end="78393" id="15760270-6729" start="78385">vacuoles</span>
    </annotation>
    <annotation annotator="Mike Bada, University of Colorado Anschutz Medical Campus" id="GO_CC_2016_02_16_test_Instance_29951" type="identity">
      <class id="GO:0016020" label="membrane"/>
      <span end="78415" id="15760270-6731" start="78405">membranous</span>
    </annotation>
    <graph-space id="Old Knowtator Relations"/>
  </document>
</knowtator-project>
