<?xml version="1.0" encoding="UTF-8" standalone="no"?>
<knowtator-project>
    <document id="15836427" text-file="15836427.txt">
        <annotation annotator="Mike Bada, University of Colorado Anschutz Medical Campus" id="GO_CC_2016_02_16_test_Instance_30413" type="identity">
            <class id="GO:0030424" label="axon"/>
            <span end="631" id="15836427-7608" start="613">axonal projections</span>
        </annotation>
        <annotation annotator="Mike Bada, University of Colorado Anschutz Medical Campus" id="GO_CC_2016_02_16_test_Instance_14853" type="identity">
            <class id="CL_GO_EXT:cell" label="cell"/>
            <span end="1080" id="15836427-7598" start="1072">cellular</span>
        </annotation>
        <annotation annotator="Mike Bada, University of Colorado Anschutz Medical Campus" id="GO_CC_2016_02_16_test_Instance_30415" type="identity">
            <class id="GO:0030424" label="axon"/>
            <span end="1164" id="15836427-7610" start="1160">axon</span>
        </annotation>
        <annotation annotator="" id="GO_CC_2016_02_16_Instance_101911" type="identity">
            <class id="GO_UBERON_EXT:nerve_ending_or_neuron_projection_terminus" label="nerve ending or neuron projection terminus"/>
            <span end="1195" id="15836427-7420" start="1187">terminal</span>
        </annotation>
        <annotation annotator="Mike Bada, University of Colorado Anschutz Medical Campus" id="GO_CC_2016_02_16_test_Instance_14785" type="identity">
            <class id="CL_GO_EXT:cell" label="cell"/>
            <span end="1368" id="15836427-7532" start="1364">cell</span>
        </annotation>
        <annotation annotator="Mike Bada, University of Colorado Anschutz Medical Campus" id="GO_CC_2016_02_16_test_Instance_14787" type="identity">
            <class id="CL_GO_EXT:cell" label="cell"/>
            <span end="1434" id="15836427-7534" start="1430">cell</span>
        </annotation>
        <annotation annotator="Mike Bada, University of Colorado Anschutz Medical Campus" id="GO_CC_2016_02_16_test_Instance_14789" type="identity">
            <class id="CL_GO_EXT:cell" label="cell"/>
            <span end="1578" id="15836427-7536" start="1574">cell</span>
        </annotation>
        <annotation annotator="Mike Bada, University of Colorado Anschutz Medical Campus" id="GO_CC_2016_02_16_test_Instance_14791" type="identity">
            <class id="CL_GO_EXT:cell" label="cell"/>
            <span end="2693" id="15836427-7538" start="2689">cell</span>
        </annotation>
        <annotation annotator="" id="GO_CC_2016_02_16_Instance_60434" type="identity">
            <class id="GO:0045202" label="synapse"/>
            <span end="3520" id="15836427-7476" start="3512">synaptic</span>
        </annotation>
        <annotation annotator="" id="GO_CC_2016_02_16_Instance_60436" type="identity">
            <class id="GO:0045202" label="synapse"/>
            <span end="3924" id="15836427-7478" start="3904">synaptic connections</span>
        </annotation>
        <annotation annotator="" id="GO_CC_2016_02_16_Instance_102573" type="identity">
            <class id="GO:0042995" label="cell projection"/>
            <span end="4792" id="15836427-7424" start="4781">projections</span>
        </annotation>
        <annotation annotator="" id="GO_CC_2016_02_16_Instance_60438" type="identity">
            <class id="GO:0043005" label="neuron projection"/>
            <span end="4974" id="15836427-7480" start="4967">neurite</span>
        </annotation>
        <annotation annotator="" id="GO_CC_2016_02_16_Instance_102575" type="identity">
            <class id="GO:0042995" label="cell projection"/>
            <span end="6224" id="15836427-7426" start="6213">Projections</span>
        </annotation>
        <annotation annotator="" id="GO_CC_2016_02_16_Instance_102577" type="identity">
            <class id="GO:0042995" label="cell projection"/>
            <span end="6372" id="15836427-7428" start="6361">projections</span>
        </annotation>
        <annotation annotator="" id="GO_CC_2016_02_16_Instance_102579" type="identity">
            <class id="GO:0042995" label="cell projection"/>
            <span end="6781" id="15836427-7430" start="6770">projections</span>
        </annotation>
        <annotation annotator="Mike Bada, University of Colorado Anschutz Medical Campus" id="GO_CC_2016_02_16_test_Instance_14793" type="identity">
            <class id="CL_GO_EXT:cell" label="cell"/>
            <span end="7149" id="15836427-7540" start="7145">cell</span>
        </annotation>
        <annotation annotator="" id="GO_CC_2016_02_16_Instance_60440" type="identity">
            <class id="GO:0044297" label="cell body"/>
            <span end="8249" id="15836427-7482" start="8238">cell bodies</span>
        </annotation>
        <annotation annotator="" id="GO_CC_2016_02_16_Instance_102581" type="identity">
            <class id="GO:0042995" label="cell projection"/>
            <span end="8766" id="15836427-7432" start="8755">projections</span>
        </annotation>
        <annotation annotator="" id="GO_CC_2016_02_16_Instance_102583" type="identity">
            <class id="GO:0042995" label="cell projection"/>
            <span end="8894" id="15836427-7434" start="8883">projections</span>
        </annotation>
        <annotation annotator="Mike Bada, University of Colorado Anschutz Medical Campus" id="GO_CC_2016_02_16_test_Instance_30433" type="identity">
            <class id="GO:0030424" label="axon"/>
            <span end="8904" id="15836427-7612" start="8898">axonal</span>
        </annotation>
        <annotation annotator="Mike Bada, University of Colorado Anschutz Medical Campus" id="GO_CC_2016_02_16_test_Instance_30435" type="identity">
            <class id="GO:0030424" label="axon"/>
            <span end="8964" id="15836427-7614" start="8960">axon</span>
        </annotation>
        <annotation annotator="" id="GO_CC_2016_02_16_Instance_102585" type="identity">
            <class id="GO:0042995" label="cell projection"/>
            <span end="9221" id="15836427-7436" start="9210">projections</span>
        </annotation>
        <annotation annotator="" id="GO_CC_2016_02_16_Instance_101913" type="identity">
            <class id="GO_UBERON_EXT:nerve_ending_or_neuron_projection_terminus" label="nerve ending or neuron projection terminus"/>
            <span end="9410" id="15836427-7422" start="9401">terminals</span>
        </annotation>
        <annotation annotator="Mike Bada, University of Colorado Anschutz Medical Campus" id="GO_CC_2016_02_16_test_Instance_30441" type="identity">
            <class id="GO:0045202" label="synapse"/>
            <span end="9490" id="15836427-7616" start="9482">synapses</span>
        </annotation>
        <annotation annotator="Mike Bada, University of Colorado Anschutz Medical Campus" id="GO_CC_2016_02_16_test_Instance_30443" type="identity">
            <class id="GO:0005622" label="intracellular"/>
            <span end="9595" id="15836427-7618" start="9582">intracellular</span>
        </annotation>
        <annotation annotator="Mike Bada, University of Colorado Anschutz Medical Campus" id="GO_CC_2016_02_16_test_Instance_30445" type="identity">
            <class id="GO:0045202" label="synapse"/>
            <span end="10138" id="15836427-7620" start="10130">synapses</span>
        </annotation>
        <annotation annotator="Mike Bada, University of Colorado Anschutz Medical Campus" id="GO_CC_2016_02_16_test_Instance_30447" type="identity">
            <class id="GO:0030424" label="axon"/>
            <span end="10361" id="15836427-7622" start="10344">Axonal Projection</span>
        </annotation>
        <annotation annotator="Mike Bada, University of Colorado Anschutz Medical Campus" id="GO_CC_2016_02_16_test_Instance_30449" type="identity">
            <class id="GO:0016020" label="membrane"/>
            <span end="10831" id="15836427-7624" start="10823">membrane</span>
        </annotation>
        <annotation annotator="Mike Bada, University of Colorado Anschutz Medical Campus" id="GO_CC_2016_02_16_test_Instance_30451" type="identity">
            <class id="GO:0030424" label="axon"/>
            <span end="10901" id="15836427-7626" start="10883">axonal projections</span>
        </annotation>
        <annotation annotator="" id="GO_CC_2016_02_16_Instance_102587" type="identity">
            <class id="GO:0042995" label="cell projection"/>
            <span end="11322" id="15836427-7438" start="11311">projections</span>
        </annotation>
        <annotation annotator="" id="GO_CC_2016_02_16_Instance_102589" type="identity">
            <class id="GO:0042995" label="cell projection"/>
            <span end="11622" id="15836427-7440" start="11611">projections</span>
        </annotation>
        <annotation annotator="" id="GO_CC_2016_02_16_Instance_102591" type="identity">
            <class id="GO:0042995" label="cell projection"/>
            <span end="11958" id="15836427-7442" start="11947">projections</span>
        </annotation>
        <annotation annotator="" id="GO_CC_2016_02_16_Instance_102593" type="identity">
            <class id="GO:0042995" label="cell projection"/>
            <span end="12562" id="15836427-7444" start="12551">projections</span>
        </annotation>
        <annotation annotator="" id="GO_CC_2016_02_16_Instance_102595" type="identity">
            <class id="GO:0042995" label="cell projection"/>
            <span end="12857" id="15836427-7446" start="12846">projections</span>
        </annotation>
        <annotation annotator="Mike Bada, University of Colorado Anschutz Medical Campus" id="GO_CC_2016_02_16_test_Instance_30463" type="identity">
            <class id="GO:0030424" label="axon"/>
            <span end="12929" id="15836427-7628" start="12924">axons</span>
        </annotation>
        <annotation annotator="Mike Bada, University of Colorado Anschutz Medical Campus" id="GO_CC_2016_02_16_test_Instance_30465" type="identity">
            <class id="GO:0030424" label="axon"/>
            <span end="13056" id="15836427-7630" start="13052">axon</span>
        </annotation>
        <annotation annotator="" id="GO_CC_2016_02_16_Instance_102597" type="identity">
            <class id="GO:0042995" label="cell projection"/>
            <span end="13541" id="15836427-7448" start="13530">projections</span>
        </annotation>
        <annotation annotator="" id="GO_CC_2016_02_16_Instance_102599" type="identity">
            <class id="GO:0042995" label="cell projection"/>
            <span end="13686" id="15836427-7450" start="13675">projections</span>
        </annotation>
        <annotation annotator="" id="GO_CC_2016_02_16_Instance_60444" type="identity">
            <class id="GO:0043005" label="neuron projection"/>
            <span end="13828" id="15836427-7484" start="13821">Neurite</span>
        </annotation>
        <annotation annotator="Mike Bada, University of Colorado Anschutz Medical Campus" id="GO_CC_2016_02_16_test_Instance_14855" type="identity">
            <class id="CL_GO_EXT:cell" label="cell"/>
            <span end="13872" id="15836427-7600" start="13864">cellular</span>
        </annotation>
        <annotation annotator="" id="GO_CC_2016_02_16_Instance_60446" type="identity">
            <class id="GO:0043005" label="neuron projection"/>
            <span end="14180" id="15836427-7486" start="14173">neurite</span>
        </annotation>
        <annotation annotator="" id="GO_CC_2016_02_16_Instance_60448" type="identity">
            <class id="GO:0043005" label="neuron projection"/>
            <span end="14502" id="15836427-7488" start="14495">neurite</span>
        </annotation>
        <annotation annotator="" id="GO_CC_2016_02_16_Instance_60452" type="identity">
            <class id="GO:0043005" label="neuron projection"/>
            <span end="14738" id="15836427-7492" start="14731">neurite</span>
        </annotation>
        <annotation annotator="" id="GO_CC_2016_02_16_Instance_60450" type="identity">
            <class id="GO:0043005" label="neuron projection"/>
            <span end="14858" id="15836427-7490" start="14851">neurite</span>
        </annotation>
        <annotation annotator="" id="GO_CC_2016_02_16_Instance_60454" type="identity">
            <class id="GO:0043005" label="neuron projection"/>
            <span end="15018" id="15836427-7494" start="15011">neurite</span>
        </annotation>
        <annotation annotator="" id="GO_CC_2016_02_16_Instance_60456" type="identity">
            <class id="GO:0043005" label="neuron projection"/>
            <span end="15266" id="15836427-7496" start="15258">neurites</span>
        </annotation>
        <annotation annotator="" id="GO_CC_2016_02_16_Instance_60458" type="identity">
            <class id="GO:0043005" label="neuron projection"/>
            <span end="15310" id="15836427-7498" start="15303">neurite</span>
        </annotation>
        <annotation annotator="" id="GO_CC_2016_02_16_Instance_60460" type="identity">
            <class id="GO:0043005" label="neuron projection"/>
            <span end="16094" id="15836427-7500" start="16086">neurites</span>
        </annotation>
        <annotation annotator="" id="GO_CC_2016_02_16_Instance_60462" type="identity">
            <class id="GO:0043005" label="neuron projection"/>
            <span end="16325" id="15836427-7502" start="16318">neurite</span>
        </annotation>
        <annotation annotator="" id="GO_CC_2016_02_16_Instance_60464" type="identity">
            <class id="GO:0043005" label="neuron projection"/>
            <span end="16801" id="15836427-7504" start="16794">neurite</span>
        </annotation>
        <annotation annotator="" id="GO_CC_2016_02_16_Instance_60466" type="identity">
            <class id="GO:0043005" label="neuron projection"/>
            <span end="17264" id="15836427-7506" start="17257">neurite</span>
        </annotation>
        <annotation annotator="Mike Bada, University of Colorado Anschutz Medical Campus" id="GO_CC_2016_02_16_test_Instance_14797" type="identity">
            <class id="CL_GO_EXT:cell" label="cell"/>
            <span end="18242" id="15836427-7542" start="18238">cell</span>
        </annotation>
        <annotation annotator="Mike Bada, University of Colorado Anschutz Medical Campus" id="GO_CC_2016_02_16_test_Instance_14799" type="identity">
            <class id="CL_GO_EXT:cell" label="cell"/>
            <span end="18822" id="15836427-7544" start="18818">cell</span>
        </annotation>
        <annotation annotator="Mike Bada, University of Colorado Anschutz Medical Campus" id="GO_CC_2016_02_16_test_Instance_14801" type="identity">
            <class id="CL_GO_EXT:cell" label="cell"/>
            <span end="18850" id="15836427-7546" start="18845">cells</span>
        </annotation>
        <annotation annotator="Mike Bada, University of Colorado Anschutz Medical Campus" id="GO_CC_2016_02_16_test_Instance_14803" type="identity">
            <class id="CL_GO_EXT:cell" label="cell"/>
            <span end="19118" id="15836427-7548" start="19114">cell</span>
        </annotation>
        <annotation annotator="Mike Bada, University of Colorado Anschutz Medical Campus" id="GO_CC_2016_02_16_test_Instance_14805" type="identity">
            <class id="CL_GO_EXT:cell" label="cell"/>
            <span end="19327" id="15836427-7550" start="19323">cell</span>
        </annotation>
        <annotation annotator="" id="GO_CC_2016_02_16_Instance_60468" type="identity">
            <class id="GO:0043005" label="neuron projection"/>
            <span end="20282" id="15836427-7508" start="20275">neurite</span>
        </annotation>
        <annotation annotator="Mike Bada, University of Colorado Anschutz Medical Campus" id="GO_CC_2016_02_16_test_Instance_14807" type="identity">
            <class id="CL_GO_EXT:cell" label="cell"/>
            <span end="22119" id="15836427-7552" start="22115">cell</span>
        </annotation>
        <annotation annotator="Mike Bada, University of Colorado Anschutz Medical Campus" id="GO_CC_2016_02_16_test_Instance_14809" type="identity">
            <class id="CL_GO_EXT:cell" label="cell"/>
            <span end="22971" id="15836427-7554" start="22967">cell</span>
        </annotation>
        <annotation annotator="Mike Bada, University of Colorado Anschutz Medical Campus" id="GO_CC_2016_02_16_test_Instance_14811" type="identity">
            <class id="CL_GO_EXT:cell" label="cell"/>
            <span end="22991" id="15836427-7556" start="22983">cellular</span>
        </annotation>
        <annotation annotator="" id="GO_CC_2016_02_16_Instance_60470" type="identity">
            <class id="GO:0043005" label="neuron projection"/>
            <span end="23065" id="15836427-7510" start="23058">neurite</span>
        </annotation>
        <annotation annotator="Mike Bada, University of Colorado Anschutz Medical Campus" id="GO_CC_2016_02_16_test_Instance_30471" type="identity">
            <class id="GO:0030424" label="axon"/>
            <span end="23627" id="15836427-7632" start="23621">axonal</span>
        </annotation>
        <annotation annotator="Mike Bada, University of Colorado Anschutz Medical Campus" id="GO_CC_2016_02_16_test_Instance_30473" type="identity">
            <class id="GO:0030424" label="axon"/>
            <span end="24805" id="15836427-7634" start="24787">axonal projections</span>
        </annotation>
        <annotation annotator="" id="GO_CC_2016_02_16_Instance_102601" type="identity">
            <class id="GO:0042995" label="cell projection"/>
            <span end="24913" id="15836427-7452" start="24902">projections</span>
        </annotation>
        <annotation annotator="" id="GO_CC_2016_02_16_Instance_102603" type="identity">
            <class id="GO:0042995" label="cell projection"/>
            <span end="24982" id="15836427-7454" start="24971">projections</span>
        </annotation>
        <annotation annotator="" id="GO_CC_2016_02_16_Instance_102605" type="identity">
            <class id="GO:0042995" label="cell projection"/>
            <span end="25133" id="15836427-7456" start="25122">projections</span>
        </annotation>
        <annotation annotator="" id="GO_CC_2016_02_16_Instance_102607" type="identity">
            <class id="GO:0042995" label="cell projection"/>
            <span end="25308" id="15836427-7458" start="25297">projections</span>
        </annotation>
        <annotation annotator="Mike Bada, University of Colorado Anschutz Medical Campus" id="GO_CC_2016_02_16_test_Instance_30483" type="identity">
            <class id="GO:0030424" label="axon"/>
            <span end="25429" id="15836427-7636" start="25424">axons</span>
        </annotation>
        <annotation annotator="Mike Bada, University of Colorado Anschutz Medical Campus" id="GO_CC_2016_02_16_test_Instance_30485" type="identity">
            <class id="GO_SO_EXT:chromosome" label="chromosome"/>
            <span end="26987" id="15836427-7638" start="26976">chromosomal</span>
        </annotation>
        <annotation annotator="Mike Bada, University of Colorado Anschutz Medical Campus" id="GO_CC_2016_02_16_test_Instance_14813" type="identity">
            <class id="CL_GO_EXT:cell" label="cell"/>
            <span end="27738" id="15836427-7558" start="27730">cellular</span>
        </annotation>
        <annotation annotator="Mike Bada, University of Colorado Anschutz Medical Campus" id="GO_CC_2016_02_16_test_Instance_30487" type="identity">
            <class id="GO:0030424" label="axon"/>
            <span end="28166" id="15836427-7640" start="28148">axonal projections</span>
        </annotation>
        <annotation annotator="Mike Bada, University of Colorado Anschutz Medical Campus" id="GO_CC_2016_02_16_test_Instance_14815" type="identity">
            <class id="CL_GO_EXT:cell" label="cell"/>
            <span end="28316" id="15836427-7560" start="28311">cells</span>
        </annotation>
        <annotation annotator="Mike Bada, University of Colorado Anschutz Medical Campus" id="GO_CC_2016_02_16_test_Instance_14817" type="identity">
            <class id="CL_GO_EXT:cell" label="cell"/>
            <span end="28737" id="15836427-7562" start="28732">cells</span>
        </annotation>
        <annotation annotator="Mike Bada, University of Colorado Anschutz Medical Campus" id="GO_CC_2016_02_16_test_Instance_14819" type="identity">
            <class id="CL_GO_EXT:cell" label="cell"/>
            <span end="28852" id="15836427-7564" start="28844">cellular</span>
        </annotation>
        <annotation annotator="Mike Bada, University of Colorado Anschutz Medical Campus" id="GO_CC_2016_02_16_test_Instance_14821" type="identity">
            <class id="CL_GO_EXT:cell" label="cell"/>
            <span end="29356" id="15836427-7566" start="29348">cellular</span>
        </annotation>
        <annotation annotator="Mike Bada, University of Colorado Anschutz Medical Campus" id="GO_CC_2016_02_16_test_Instance_14823" type="identity">
            <class id="CL_GO_EXT:cell" label="cell"/>
            <span end="29382" id="15836427-7568" start="29377">cells</span>
        </annotation>
        <annotation annotator="Mike Bada, University of Colorado Anschutz Medical Campus" id="GO_CC_2016_02_16_test_Instance_14825" type="identity">
            <class id="CL_GO_EXT:cell" label="cell"/>
            <span end="29930" id="15836427-7570" start="29925">cells</span>
        </annotation>
        <annotation annotator="Mike Bada, University of Colorado Anschutz Medical Campus" id="GO_CC_2016_02_16_test_Instance_14827" type="identity">
            <class id="CL_GO_EXT:cell" label="cell"/>
            <span end="30511" id="15836427-7572" start="30507">cell</span>
        </annotation>
        <annotation annotator="Mike Bada, University of Colorado Anschutz Medical Campus" id="GO_CC_2016_02_16_test_Instance_14829" type="identity">
            <class id="CL_GO_EXT:cell" label="cell"/>
            <span end="30674" id="15836427-7574" start="30669">cells</span>
        </annotation>
        <annotation annotator="Mike Bada, University of Colorado Anschutz Medical Campus" id="GO_CC_2016_02_16_test_Instance_14831" type="identity">
            <class id="CL_GO_EXT:cell" label="cell"/>
            <span end="31038" id="15836427-7576" start="31034">cell</span>
        </annotation>
        <annotation annotator="Mike Bada, University of Colorado Anschutz Medical Campus" id="GO_CC_2016_02_16_test_Instance_14833" type="identity">
            <class id="CL_GO_EXT:cell" label="cell"/>
            <span end="31238" id="15836427-7578" start="31233">cells</span>
        </annotation>
        <annotation annotator="Mike Bada, University of Colorado Anschutz Medical Campus" id="GO_CC_2016_02_16_test_Instance_14835" type="identity">
            <class id="CL_GO_EXT:cell" label="cell"/>
            <span end="32736" id="15836427-7580" start="32731">cells</span>
        </annotation>
        <annotation annotator="Mike Bada, University of Colorado Anschutz Medical Campus" id="GO_CC_2016_02_16_test_Instance_21451" type="identity">
            <class id="CL_GO_EXT:cell" label="cell"/>
            <span end="32945" id="15836427-7602" start="32940">Cells</span>
        </annotation>
        <annotation annotator="" id="GO_CC_2016_02_16_Instance_60472" type="identity">
            <class id="GO:0042571" label="immunoglobulin complex, circulating"/>
            <span end="33394" id="15836427-7512" start="33384">Antibodies</span>
        </annotation>
        <annotation annotator="Mike Bada, University of Colorado Anschutz Medical Campus" id="GO_CC_2016_02_16_test_Instance_30491" type="identity">
            <class id="GO:0005883" label="neurofilament"/>
            <span end="33993" id="15836427-7642" start="33980">neurofilament</span>
        </annotation>
        <annotation annotator="Mike Bada, University of Colorado Anschutz Medical Campus" id="GO_CC_2016_02_16_test_Instance_14837" type="identity">
            <class id="CL_GO_EXT:cell" label="cell"/>
            <span end="34329" id="15836427-7582" start="34324">cells</span>
        </annotation>
        <annotation annotator="Mike Bada, University of Colorado Anschutz Medical Campus" id="GO_CC_2016_02_16_test_Instance_14839" type="identity">
            <class id="CL_GO_EXT:cell" label="cell"/>
            <span end="34481" id="15836427-7584" start="34476">cells</span>
        </annotation>
        <annotation annotator="Mike Bada, University of Colorado Anschutz Medical Campus" id="GO_CC_2016_02_16_test_Instance_30493" type="identity">
            <class id="GO:0043005" label="neuron projection"/>
            <span end="34694" id="15836427-7644" start="34680">projections of</span>
            <span end="34710" id="15836427-7645" start="34703">neurons</span>
        </annotation>
        <annotation annotator="" id="GO_CC_2016_02_16_Instance_60474" type="identity">
            <class id="GO:0042571" label="immunoglobulin complex, circulating"/>
            <span end="35105" id="15836427-7514" start="35095">antibodies</span>
        </annotation>
        <annotation annotator="" id="GO_CC_2016_02_16_Instance_60476" type="identity">
            <class id="GO:0042571" label="immunoglobulin complex, circulating"/>
            <span end="36383" id="15836427-7516" start="36373">antibodies</span>
        </annotation>
        <annotation annotator="Mike Bada, University of Colorado Anschutz Medical Campus" id="GO_CC_2016_02_16_test_Instance_21453" type="identity">
            <class id="CL_GO_EXT:cell" label="cell"/>
            <span end="36453" id="15836427-7604" start="36449">Cell</span>
        </annotation>
        <annotation annotator="Mike Bada, University of Colorado Anschutz Medical Campus" id="GO_CC_2016_02_16_test_Instance_30499" type="identity">
            <class id="GO:0005622" label="intracellular"/>
            <span end="36899" id="15836427-7647" start="36886">intracellular</span>
        </annotation>
        <annotation annotator="" id="GO_CC_2016_02_16_Instance_60478" type="identity">
            <class id="GO:0045202" label="synapse"/>
            <span end="37133" id="15836427-7518" start="37125">synaptic</span>
        </annotation>
        <annotation annotator="Mike Bada, University of Colorado Anschutz Medical Campus" id="GO_CC_2016_02_16_test_Instance_14841" type="identity">
            <class id="CL_GO_EXT:cell" label="cell"/>
            <span end="37216" id="15836427-7586" start="37211">cells</span>
        </annotation>
        <annotation annotator="" id="GO_CC_2016_02_16_Instance_60480" type="identity">
            <class id="GO:0045202" label="synapse"/>
            <span end="37316" id="15836427-7520" start="37308">synaptic</span>
        </annotation>
        <annotation annotator="Mike Bada, University of Colorado Anschutz Medical Campus" id="GO_CC_2016_02_16_test_Instance_30501" type="identity">
            <class id="GO:0005622" label="intracellular"/>
            <span end="38244" id="15836427-7649" start="38231">intracellular</span>
        </annotation>
        <annotation annotator="" id="GO_CC_2016_02_16_Instance_60482" type="identity">
            <class id="GO:0045202" label="synapse"/>
            <span end="38290" id="15836427-7522" start="38282">synaptic</span>
        </annotation>
        <annotation annotator="" id="GO_CC_2016_02_16_Instance_60484" type="identity">
            <class id="GO:0045202" label="synapse"/>
            <span end="38467" id="15836427-7524" start="38459">synaptic</span>
        </annotation>
        <annotation annotator="Mike Bada, University of Colorado Anschutz Medical Campus" id="GO_CC_2016_02_16_test_Instance_14843" type="identity">
            <class id="CL_GO_EXT:cell" label="cell"/>
            <span end="38533" id="15836427-7588" start="38528">cells</span>
        </annotation>
        <annotation annotator="Mike Bada, University of Colorado Anschutz Medical Campus" id="GO_CC_2016_02_16_test_Instance_14845" type="identity">
            <class id="CL_GO_EXT:cell" label="cell"/>
            <span end="40799" id="15836427-7590" start="40794">cells</span>
        </annotation>
        <annotation annotator="" id="GO_CC_2016_02_16_Instance_60486" type="identity">
            <class id="GO:0042571" label="immunoglobulin complex, circulating"/>
            <span end="42054" id="15836427-7526" start="42044">antibodies</span>
        </annotation>
        <annotation annotator="Mike Bada, University of Colorado Anschutz Medical Campus" id="GO_CC_2016_02_16_test_Instance_30505" type="identity">
            <class id="GO:0016020" label="membrane"/>
            <span end="42716" id="15836427-7651" start="42708">membrane</span>
        </annotation>
        <annotation annotator="" id="GO_CC_2016_02_16_Instance_102609" type="identity">
            <class id="GO:0042995" label="cell projection"/>
            <span end="44548" id="15836427-7460" start="44537">Projections</span>
        </annotation>
        <annotation annotator="" id="GO_CC_2016_02_16_Instance_102611" type="identity">
            <class id="GO:0042995" label="cell projection"/>
            <span end="44654" id="15836427-7462" start="44643">projections</span>
        </annotation>
        <annotation annotator="" id="GO_CC_2016_02_16_Instance_102613" type="identity">
            <class id="GO:0042995" label="cell projection"/>
            <span end="45274" id="15836427-7464" start="45263">projections</span>
        </annotation>
        <annotation annotator="" id="GO_CC_2016_02_16_Instance_102615" type="identity">
            <class id="GO:0042995" label="cell projection"/>
            <span end="45576" id="15836427-7466" start="45565">Projections</span>
        </annotation>
        <annotation annotator="" id="GO_CC_2016_02_16_Instance_102617" type="identity">
            <class id="GO:0042995" label="cell projection"/>
            <span end="45691" id="15836427-7468" start="45680">projections</span>
        </annotation>
        <annotation annotator="" id="GO_CC_2016_02_16_Instance_102619" type="identity">
            <class id="GO:0042995" label="cell projection"/>
            <span end="46026" id="15836427-7470" start="46015">projections</span>
        </annotation>
        <annotation annotator="" id="GO_CC_2016_02_16_Instance_102621" type="identity">
            <class id="GO:0042995" label="cell projection"/>
            <span end="46246" id="15836427-7472" start="46235">projections</span>
        </annotation>
        <annotation annotator="" id="GO_CC_2016_02_16_Instance_102623" type="identity">
            <class id="GO:0042995" label="cell projection"/>
            <span end="46686" id="15836427-7474" start="46675">projections</span>
        </annotation>
        <annotation annotator="Mike Bada, University of Colorado Anschutz Medical Campus" id="GO_CC_2016_02_16_test_Instance_30523" type="identity">
            <class id="GO:0030424" label="axon"/>
            <span end="47057" id="15836427-7653" start="47039">axonal projections</span>
        </annotation>
        <annotation annotator="" id="GO_CC_2016_02_16_Instance_60488" type="identity">
            <class id="GO:0043005" label="neuron projection"/>
            <span end="47236" id="15836427-7528" start="47229">Neurite</span>
        </annotation>
        <annotation annotator="Mike Bada, University of Colorado Anschutz Medical Campus" id="GO_CC_2016_02_16_test_Instance_30525" type="identity">
            <class id="GO:0005883" label="neurofilament"/>
            <span end="47590" id="15836427-7655" start="47577">neurofilament</span>
        </annotation>
        <annotation annotator="Mike Bada, University of Colorado Anschutz Medical Campus" id="GO_CC_2016_02_16_test_Instance_30527" type="identity">
            <class id="GO:0030424" label="axon"/>
            <span end="47621" id="15836427-7657" start="47604">axonal extensions</span>
        </annotation>
        <annotation annotator="Mike Bada, University of Colorado Anschutz Medical Campus" id="GO_CC_2016_02_16_test_Instance_30529" type="identity">
            <class id="GO:0005883" label="neurofilament"/>
            <span end="47971" id="15836427-7659" start="47958">neurofilament</span>
        </annotation>
        <annotation annotator="Mike Bada, University of Colorado Anschutz Medical Campus" id="GO_CC_2016_02_16_test_Instance_30531" type="identity">
            <class id="GO:0030424" label="axon"/>
            <span end="48025" id="15836427-7661" start="48008">axonal extensions</span>
        </annotation>
        <annotation annotator="Mike Bada, University of Colorado Anschutz Medical Campus" id="GO_CC_2016_02_16_test_Instance_14847" type="identity">
            <class id="CL_GO_EXT:cell" label="cell"/>
            <span end="48563" id="15836427-7592" start="48559">cell</span>
        </annotation>
        <annotation annotator="Mike Bada, University of Colorado Anschutz Medical Campus" id="GO_CC_2016_02_16_test_Instance_14849" type="identity">
            <class id="CL_GO_EXT:cell" label="cell"/>
            <span end="48614" id="15836427-7594" start="48610">cell</span>
        </annotation>
        <annotation annotator="" id="GO_CC_2016_02_16_Instance_60490" type="identity">
            <class id="GO:0042571" label="immunoglobulin complex, circulating"/>
            <span end="49228" id="15836427-7530" start="49218">antibodies</span>
        </annotation>
        <annotation annotator="Mike Bada, University of Colorado Anschutz Medical Campus" id="GO_CC_2016_02_16_test_Instance_14851" type="identity">
            <class id="CL_GO_EXT:cell" label="cell"/>
            <span end="50164" id="15836427-7596" start="50160">cell</span>
        </annotation>
        <annotation annotator="Mike Bada, University of Colorado Anschutz Medical Campus" id="GO_CC_2016_02_16_test_Instance_21455" type="identity">
            <class id="CL_GO_EXT:cell" label="cell"/>
            <span end="50589" id="15836427-7606" start="50585">Cell</span>
        </annotation>
        <annotation annotator="Mike Bada, University of Colorado Anschutz Medical Campus" id="GO_CC_2016_02_16_test_Instance_30535" type="identity">
            <class id="GO:0043005" label="neuron projection"/>
            <span end="51766" id="15836427-7663" start="51746">neuronal projections</span>
        </annotation>
        <graph-space id="Old Knowtator Relations"/>
    </document>
</knowtator-project>
