<?xml version="1.0" encoding="UTF-8" standalone="no"?>
<knowtator-project>
  <document id="15921521" text-file="15921521.txt">
    <annotation annotator="Mike Bada, University of Colorado Anschutz Medical Campus" id="GO_CC_2016_02_16_test_Instance_30815" type="identity">
      <class id="GO_SO_EXT:chromosome" label="chromosome"/>
      <span end="105" id="15921521-8681" start="94">chromosomes</span>
    </annotation>
    <annotation annotator="" id="GO_CC_2016_02_16_Instance_70442" type="identity">
      <class id="GO:0016020" label="membrane"/>
      <span end="226" id="15921521-8547" start="218">membrane</span>
    </annotation>
    <annotation annotator="Mike Bada, University of Colorado Anschutz Medical Campus" id="GO_CC_2016_02_16_test_Instance_24535" type="identity">
      <class id="GO_SO_EXT:chromosome" label="chromosome"/>
      <span end="1734" id="15921521-8607" start="1730">chr.</span>
    </annotation>
    <annotation annotator="Mike Bada, University of Colorado Anschutz Medical Campus" id="GO_CC_2016_02_16_test_Instance_25533" type="identity">
      <class id="GO_SO_EXT:chromosome" label="chromosome"/>
      <span end="1775" id="15921521-8611" start="1771">chr.</span>
    </annotation>
    <annotation annotator="Mike Bada, University of Colorado Anschutz Medical Campus" id="GO_CC_2016_02_16_test_Instance_25535" type="identity">
      <class id="GO_SO_EXT:chromosome" label="chromosome"/>
      <span end="1820" id="15921521-8613" start="1816">chr.</span>
    </annotation>
    <annotation annotator="" id="GO_CC_2016_02_16_Instance_70444" type="identity">
      <class id="GO:0016020" label="membrane"/>
      <span end="2272" id="15921521-8549" start="2264">membrane</span>
    </annotation>
    <annotation annotator="" id="GO_CC_2016_02_16_Instance_200304" type="identity">
      <class id="GO_SO_EXT:chromosomal_part_or_position_or_region_or_site" label="chromosomal part/position/region/site"/>
      <span end="4325" id="15921521-8529" start="4316">region on</span>
      <span end="4342" id="15921521-8530" start="4332">chromosome</span>
    </annotation>
    <annotation annotator="" id="GO_CC_2016_02_16_Instance_200308" type="identity">
      <class id="GO_SO_EXT:chromosomal_part_or_position_or_region_or_site" label="chromosomal part/position/region/site"/>
      <span end="4550" id="15921521-8532" start="4541">region of</span>
      <span end="4567" id="15921521-8533" start="4557">chromosome</span>
    </annotation>
    <annotation annotator="" id="GO_CC_2016_02_16_Instance_200312" type="identity">
      <class id="GO_SO_EXT:chromosomal_part_or_position_or_region_or_site" label="chromosomal part/position/region/site"/>
      <span end="4674" id="15921521-8535" start="4665">region on</span>
      <span end="4685" id="15921521-8536" start="4681">chr.</span>
    </annotation>
    <annotation annotator="" id="GO_CC_2016_02_16_Instance_70452" type="identity">
      <class id="GO:0005634" label="nucleus"/>
      <span end="4761" id="15921521-8551" start="4754">nuclear</span>
    </annotation>
    <annotation annotator="Mike Bada, University of Colorado Anschutz Medical Campus" id="GO_CC_2016_02_16_test_Instance_15113" type="identity">
      <class id="CL_GO_EXT:cell" label="cell"/>
      <span end="4766" id="15921521-8559" start="4762">cell</span>
    </annotation>
    <annotation annotator="" id="GO_CC_2016_02_16_Instance_200316" type="identity">
      <class id="GO_SO_EXT:chromosomal_part_or_position_or_region_or_site" label="chromosomal part/position/region/site"/>
      <span end="4849" id="15921521-8538" start="4837">loci on chr.</span>
    </annotation>
    <annotation annotator="Mike Bada, University of Colorado Anschutz Medical Campus" id="GO_CC_2016_02_16_test_Instance_15115" type="identity">
      <class id="CL_GO_EXT:cell" label="cell"/>
      <span end="7397" id="15921521-8561" start="7393">cell</span>
    </annotation>
    <annotation annotator="Mike Bada, University of Colorado Anschutz Medical Campus" id="GO_CC_2016_02_16_test_Instance_15117" type="identity">
      <class id="CL_GO_EXT:cell" label="cell"/>
      <span end="7457" id="15921521-8563" start="7452">cells</span>
    </annotation>
    <annotation annotator="Mike Bada, University of Colorado Anschutz Medical Campus" id="GO_CC_2016_02_16_test_Instance_15119" type="identity">
      <class id="CL_GO_EXT:cell" label="cell"/>
      <span end="7477" id="15921521-8565" start="7472">cells</span>
    </annotation>
    <annotation annotator="Mike Bada, University of Colorado Anschutz Medical Campus" id="GO_CC_2016_02_16_test_Instance_15121" type="identity">
      <class id="CL_GO_EXT:cell" label="cell"/>
      <span end="7731" id="15921521-8567" start="7727">cell</span>
    </annotation>
    <annotation annotator="Mike Bada, University of Colorado Anschutz Medical Campus" id="GO_CC_2016_02_16_test_Instance_15123" type="identity">
      <class id="CL_GO_EXT:cell" label="cell"/>
      <span end="7898" id="15921521-8569" start="7894">cell</span>
    </annotation>
    <annotation annotator="Mike Bada, University of Colorado Anschutz Medical Campus" id="GO_CC_2016_02_16_test_Instance_15125" type="identity">
      <class id="CL_GO_EXT:cell" label="cell"/>
      <span end="7951" id="15921521-8571" start="7947">cell</span>
    </annotation>
    <annotation annotator="" id="GO_CC_2016_02_16_Instance_70456" type="identity">
      <class id="GO_UBERON_EXT:villus" label="villus"/>
      <span end="8123" id="15921521-8553" start="8117">villus</span>
    </annotation>
    <annotation annotator="Mike Bada, University of Colorado Anschutz Medical Campus" id="GO_CC_2016_02_16_test_Instance_15127" type="identity">
      <class id="CL_GO_EXT:cell" label="cell"/>
      <span end="8140" id="15921521-8573" start="8135">cells</span>
    </annotation>
    <annotation annotator="Mike Bada, University of Colorado Anschutz Medical Campus" id="GO_CC_2016_02_16_test_Instance_30821" type="identity">
      <class id="GO:0009986" label="cell surface"/>
      <span end="8458" id="15921521-8683" start="8446">cell surface</span>
    </annotation>
    <annotation annotator="" id="GO_CC+extensions+nested_Instance_20004" type="identity">
      <class id="GO_UBERON_EXT:lumen" label="lumen"/>
      <span end="11367" id="15921521-8517" start="11362">lumen</span>
    </annotation>
    <annotation annotator="" id="GO_CC_2016_02_16_Instance_70458" type="identity">
      <class id="GO_UBERON_EXT:villus" label="villus"/>
      <span end="11426" id="15921521-8555" start="11420">villus</span>
    </annotation>
    <annotation annotator="Mike Bada, University of Colorado Anschutz Medical Campus" id="GO_CC_2016_02_16_test_Instance_15131" type="identity">
      <class id="CL_GO_EXT:cell" label="cell"/>
      <span end="11478" id="15921521-8575" start="11473">cells</span>
    </annotation>
    <annotation annotator="" id="GO_CC+extensions+nested_Instance_20006" type="identity">
      <class id="GO_UBERON_EXT:lumen" label="lumen"/>
      <span end="11954" id="15921521-8519" start="11948">lumina</span>
    </annotation>
    <annotation annotator="" id="GO_CC+extensions+nested_Instance_20008" type="identity">
      <class id="GO_UBERON_EXT:lumen" label="lumen"/>
      <span end="12906" id="15921521-8521" start="12900">lumina</span>
    </annotation>
    <annotation annotator="" id="GO_CC+extensions+nested_Instance_20010" type="identity">
      <class id="GO_UBERON_EXT:lumen" label="lumen"/>
      <span end="12976" id="15921521-8523" start="12970">lumina</span>
    </annotation>
    <annotation annotator="Mike Bada, University of Colorado Anschutz Medical Campus" id="GO_CC_2016_02_16_test_Instance_15133" type="identity">
      <class id="CL_GO_EXT:cell" label="cell"/>
      <span end="13793" id="15921521-8577" start="13789">cell</span>
    </annotation>
    <annotation annotator="Mike Bada, University of Colorado Anschutz Medical Campus" id="GO_CC_2016_02_16_test_Instance_25495" type="identity">
      <class id="GO_SO_EXT:chromosome" label="chromosome"/>
      <span end="17704" id="15921521-8609" start="17700">chr.</span>
    </annotation>
    <annotation annotator="Mike Bada, University of Colorado Anschutz Medical Campus" id="GO_CC_2016_02_16_test_Instance_30823" type="identity">
      <class id="GO_SO_EXT:chromosome" label="chromosome"/>
      <span end="17771" id="15921521-8685" start="17761">chromosome</span>
    </annotation>
    <annotation annotator="Mike Bada, University of Colorado Anschutz Medical Campus" id="GO_CC_2016_02_16_test_Instance_25545" type="identity">
      <class id="GO_SO_EXT:chromosome" label="chromosome"/>
      <span end="17844" id="15921521-8615" start="17840">chr.</span>
    </annotation>
    <annotation annotator="" id="GO_CC_2016_02_16_Instance_200320" type="identity">
      <class id="GO_SO_EXT:chromosomal_part_or_position_or_region_or_site" label="chromosomal part/position/region/site"/>
      <span end="18070" id="15921521-8540" start="18051">chromosomal regions</span>
    </annotation>
    <annotation annotator="Mike Bada, University of Colorado Anschutz Medical Campus" id="GO_CC_2016_02_16_test_Instance_25549" type="identity">
      <class id="GO_SO_EXT:chromosome" label="chromosome"/>
      <span end="18235" id="15921521-8617" start="18231">chr.</span>
    </annotation>
    <annotation annotator="Mike Bada, University of Colorado Anschutz Medical Campus" id="GO_CC_2016_02_16_test_Instance_25551" type="identity">
      <class id="GO_SO_EXT:chromosome" label="chromosome"/>
      <span end="18292" id="15921521-8619" start="18288">chr.</span>
    </annotation>
    <annotation annotator="Mike Bada, University of Colorado Anschutz Medical Campus" id="GO_CC_2016_02_16_test_Instance_25553" type="identity">
      <class id="GO_SO_EXT:chromosome" label="chromosome"/>
      <span end="18343" id="15921521-8621" start="18339">chr.</span>
    </annotation>
    <annotation annotator="" id="GO_CC_2016_02_16_Instance_200324" type="identity">
      <class id="GO_SO_EXT:chromosomal_part_or_position_or_region_or_site" label="chromosomal part/position/region/site"/>
      <span end="19181" id="15921521-8542" start="19171">regions of</span>
      <span end="19203" id="15921521-8543" start="19192">chromosomes</span>
    </annotation>
    <annotation annotator="Mike Bada, University of Colorado Anschutz Medical Campus" id="GO_CC_2016_02_16_test_Instance_25557" type="identity">
      <class id="GO_SO_EXT:chromosome" label="chromosome"/>
      <span end="19384" id="15921521-8623" start="19380">chr.</span>
    </annotation>
    <annotation annotator="Mike Bada, University of Colorado Anschutz Medical Campus" id="GO_CC_2016_02_16_test_Instance_25559" type="identity">
      <class id="GO_SO_EXT:chromosome" label="chromosome"/>
      <span end="19409" id="15921521-8625" start="19405">chr.</span>
    </annotation>
    <annotation annotator="Mike Bada, University of Colorado Anschutz Medical Campus" id="GO_CC_2016_02_16_test_Instance_25561" type="identity">
      <class id="GO_SO_EXT:chromosome" label="chromosome"/>
      <span end="19433" id="15921521-8627" start="19429">chr.</span>
    </annotation>
    <annotation annotator="Mike Bada, University of Colorado Anschutz Medical Campus" id="GO_CC_2016_02_16_test_Instance_25563" type="identity">
      <class id="GO_SO_EXT:chromosome" label="chromosome"/>
      <span end="19459" id="15921521-8629" start="19455">chr.</span>
    </annotation>
    <annotation annotator="Mike Bada, University of Colorado Anschutz Medical Campus" id="GO_CC_2016_02_16_test_Instance_25565" type="identity">
      <class id="GO_SO_EXT:chromosome" label="chromosome"/>
      <span end="19837" id="15921521-8631" start="19833">chr.</span>
    </annotation>
    <annotation annotator="Mike Bada, University of Colorado Anschutz Medical Campus" id="GO_CC_2016_02_16_test_Instance_15135" type="identity">
      <class id="CL_GO_EXT:cell" label="cell"/>
      <span end="19880" id="15921521-8579" start="19876">cell</span>
    </annotation>
    <annotation annotator="Mike Bada, University of Colorado Anschutz Medical Campus" id="GO_CC_2016_02_16_test_Instance_25567" type="identity">
      <class id="GO_SO_EXT:chromosome" label="chromosome"/>
      <span end="19945" id="15921521-8633" start="19941">chr.</span>
    </annotation>
    <annotation annotator="Mike Bada, University of Colorado Anschutz Medical Campus" id="GO_CC_2016_02_16_test_Instance_15137" type="identity">
      <class id="CL_GO_EXT:cell" label="cell"/>
      <span end="19990" id="15921521-8581" start="19986">cell</span>
    </annotation>
    <annotation annotator="Mike Bada, University of Colorado Anschutz Medical Campus" id="GO_CC_2016_02_16_test_Instance_25569" type="identity">
      <class id="GO:0009986" label="cell surface"/>
      <span end="20070" id="15921521-8635" start="20058">cell surface</span>
    </annotation>
    <annotation annotator="Mike Bada, University of Colorado Anschutz Medical Campus" id="GO_CC_2016_02_16_test_Instance_25571" type="identity">
      <class id="GO_SO_EXT:chromosome" label="chromosome"/>
      <span end="20128" id="15921521-8637" start="20124">chr.</span>
    </annotation>
    <annotation annotator="Mike Bada, University of Colorado Anschutz Medical Campus" id="GO_CC_2016_02_16_test_Instance_25573" type="identity">
      <class id="GO_SO_EXT:chromosome" label="chromosome"/>
      <span end="20180" id="15921521-8639" start="20176">chr.</span>
    </annotation>
    <annotation annotator="Mike Bada, University of Colorado Anschutz Medical Campus" id="GO_CC_2016_02_16_test_Instance_15141" type="identity">
      <class id="CL_GO_EXT:cell" label="cell"/>
      <span end="20222" id="15921521-8583" start="20217">cells</span>
    </annotation>
    <annotation annotator="" id="GO_CC_2016_02_16_Instance_101921" type="identity">
      <class id="GO:0019814" label="immunoglobulin complex"/>
      <span end="20276" id="15921521-8527" start="20262">immunoglobulin</span>
    </annotation>
    <annotation annotator="Mike Bada, University of Colorado Anschutz Medical Campus" id="GO_CC_2016_02_16_test_Instance_25575" type="identity">
      <class id="GO_SO_EXT:chromosome" label="chromosome"/>
      <span end="20328" id="15921521-8641" start="20324">chr.</span>
    </annotation>
    <annotation annotator="Mike Bada, University of Colorado Anschutz Medical Campus" id="GO_CC_2016_02_16_test_Instance_25577" type="identity">
      <class id="GO_SO_EXT:chromosome" label="chromosome"/>
      <span end="20354" id="15921521-8643" start="20350">chr.</span>
    </annotation>
    <annotation annotator="Mike Bada, University of Colorado Anschutz Medical Campus" id="GO_CC_2016_02_16_test_Instance_25579" type="identity">
      <class id="GO_SO_EXT:chromosome" label="chromosome"/>
      <span end="20380" id="15921521-8645" start="20376">chr.</span>
    </annotation>
    <annotation annotator="Mike Bada, University of Colorado Anschutz Medical Campus" id="GO_CC_2016_02_16_test_Instance_25581" type="identity">
      <class id="GO_SO_EXT:chromosome" label="chromosome"/>
      <span end="20426" id="15921521-8647" start="20422">chr.</span>
    </annotation>
    <annotation annotator="Mike Bada, University of Colorado Anschutz Medical Campus" id="GO_CC_2016_02_16_test_Instance_25583" type="identity">
      <class id="GO_SO_EXT:chromosome" label="chromosome"/>
      <span end="20447" id="15921521-8649" start="20443">chr.</span>
    </annotation>
    <annotation annotator="Mike Bada, University of Colorado Anschutz Medical Campus" id="GO_CC_2016_02_16_test_Instance_25585" type="identity">
      <class id="GO_SO_EXT:chromosome" label="chromosome"/>
      <span end="20504" id="15921521-8651" start="20500">chr.</span>
    </annotation>
    <annotation annotator="Mike Bada, University of Colorado Anschutz Medical Campus" id="GO_CC_2016_02_16_test_Instance_15143" type="identity">
      <class id="CL_GO_EXT:cell" label="cell"/>
      <span end="20540" id="15921521-8585" start="20536">cell</span>
    </annotation>
    <annotation annotator="Mike Bada, University of Colorado Anschutz Medical Campus" id="GO_CC_2016_02_16_test_Instance_25587" type="identity">
      <class id="GO_SO_EXT:chromosome" label="chromosome"/>
      <span end="20590" id="15921521-8653" start="20586">chr.</span>
    </annotation>
    <annotation annotator="Mike Bada, University of Colorado Anschutz Medical Campus" id="GO_CC_2016_02_16_test_Instance_25589" type="identity">
      <class id="GO_SO_EXT:chromosome" label="chromosome"/>
      <span end="20682" id="15921521-8655" start="20678">chr.</span>
    </annotation>
    <annotation annotator="Mike Bada, University of Colorado Anschutz Medical Campus" id="GO_CC_2016_02_16_test_Instance_15145" type="identity">
      <class id="CL_GO_EXT:cell" label="cell"/>
      <span end="20725" id="15921521-8587" start="20721">cell</span>
    </annotation>
    <annotation annotator="Mike Bada, University of Colorado Anschutz Medical Campus" id="GO_CC_2016_02_16_test_Instance_15147" type="identity">
      <class id="CL_GO_EXT:cell" label="cell"/>
      <span end="20762" id="15921521-8589" start="20758">cell</span>
    </annotation>
    <annotation annotator="Mike Bada, University of Colorado Anschutz Medical Campus" id="GO_CC_2016_02_16_test_Instance_25591" type="identity">
      <class id="GO_SO_EXT:chromosome" label="chromosome"/>
      <span end="20794" id="15921521-8657" start="20790">chr.</span>
    </annotation>
    <annotation annotator="" id="GO_CC_2016_02_16_Instance_70464" type="identity">
      <class id="GO:0042571" label="immunoglobulin complex, circulating"/>
      <span end="20834" id="15921521-8557" start="20826">antibody</span>
    </annotation>
    <annotation annotator="Mike Bada, University of Colorado Anschutz Medical Campus" id="GO_CC_2016_02_16_test_Instance_25595" type="identity">
      <class id="GO_SO_EXT:chromosome" label="chromosome"/>
      <span end="20866" id="15921521-8659" start="20862">chr.</span>
    </annotation>
    <annotation annotator="Mike Bada, University of Colorado Anschutz Medical Campus" id="GO_CC_2016_02_16_test_Instance_15149" type="identity">
      <class id="CL_GO_EXT:cell" label="cell"/>
      <span end="20899" id="15921521-8591" start="20895">cell</span>
    </annotation>
    <annotation annotator="Mike Bada, University of Colorado Anschutz Medical Campus" id="GO_CC_2016_02_16_test_Instance_30827" type="identity">
      <class id="GO:0005618" label="cell wall"/>
      <span end="20931" id="15921521-8687" start="20921">cell walls</span>
    </annotation>
    <annotation annotator="Mike Bada, University of Colorado Anschutz Medical Campus" id="GO_CC_2016_02_16_test_Instance_25597" type="identity">
      <class id="GO_SO_EXT:chromosome" label="chromosome"/>
      <span end="20960" id="15921521-8661" start="20956">chr.</span>
    </annotation>
    <annotation annotator="Mike Bada, University of Colorado Anschutz Medical Campus" id="GO_CC_2016_02_16_test_Instance_25599" type="identity">
      <class id="GO_SO_EXT:chromosome" label="chromosome"/>
      <span end="21063" id="15921521-8663" start="21059">chr.</span>
    </annotation>
    <annotation annotator="Mike Bada, University of Colorado Anschutz Medical Campus" id="GO_CC_2016_02_16_test_Instance_25601" type="identity">
      <class id="GO_SO_EXT:chromosome" label="chromosome"/>
      <span end="21171" id="15921521-8665" start="21167">chr.</span>
    </annotation>
    <annotation annotator="Mike Bada, University of Colorado Anschutz Medical Campus" id="GO_CC_2016_02_16_test_Instance_30829" type="identity">
      <class id="GO:0005622" label="intracellular"/>
      <span end="21229" id="15921521-8689" start="21216">intracellular</span>
    </annotation>
    <annotation annotator="Mike Bada, University of Colorado Anschutz Medical Campus" id="GO_CC_2016_02_16_test_Instance_25603" type="identity">
      <class id="GO_SO_EXT:chromosome" label="chromosome"/>
      <span end="21373" id="15921521-8667" start="21369">chr.</span>
    </annotation>
    <annotation annotator="Mike Bada, University of Colorado Anschutz Medical Campus" id="GO_CC_2016_02_16_test_Instance_25605" type="identity">
      <class id="GO_SO_EXT:chromosome" label="chromosome"/>
      <span end="21406" id="15921521-8669" start="21402">chr.</span>
    </annotation>
    <annotation annotator="Mike Bada, University of Colorado Anschutz Medical Campus" id="GO_CC_2016_02_16_test_Instance_25607" type="identity">
      <class id="GO_SO_EXT:chromosome" label="chromosome"/>
      <span end="21444" id="15921521-8671" start="21440">chr.</span>
    </annotation>
    <annotation annotator="Mike Bada, University of Colorado Anschutz Medical Campus" id="GO_CC_2016_02_16_test_Instance_25609" type="identity">
      <class id="GO_SO_EXT:chromosome" label="chromosome"/>
      <span end="21485" id="15921521-8673" start="21481">chr.</span>
    </annotation>
    <annotation annotator="Mike Bada, University of Colorado Anschutz Medical Campus" id="GO_CC_2016_02_16_test_Instance_25611" type="identity">
      <class id="GO_SO_EXT:chromosome" label="chromosome"/>
      <span end="21524" id="15921521-8675" start="21520">chr.</span>
    </annotation>
    <annotation annotator="Mike Bada, University of Colorado Anschutz Medical Campus" id="GO_CC_2016_02_16_test_Instance_25613" type="identity">
      <class id="GO_SO_EXT:chromosome" label="chromosome"/>
      <span end="21567" id="15921521-8677" start="21563">chr.</span>
    </annotation>
    <annotation annotator="Mike Bada, University of Colorado Anschutz Medical Campus" id="GO_CC_2016_02_16_test_Instance_25615" type="identity">
      <class id="GO_SO_EXT:chromosome" label="chromosome"/>
      <span end="21627" id="15921521-8679" start="21623">chr.</span>
    </annotation>
    <annotation annotator="Mike Bada, University of Colorado Anschutz Medical Campus" id="GO_CC_2016_02_16_test_Instance_15153" type="identity">
      <class id="CL_GO_EXT:cell" label="cell"/>
      <span end="21842" id="15921521-8593" start="21837">cells</span>
    </annotation>
    <annotation annotator="Mike Bada, University of Colorado Anschutz Medical Campus" id="GO_CC_2016_02_16_test_Instance_15155" type="identity">
      <class id="CL_GO_EXT:cell" label="cell"/>
      <span end="21893" id="15921521-8595" start="21888">cells</span>
    </annotation>
    <annotation annotator="Mike Bada, University of Colorado Anschutz Medical Campus" id="GO_CC_2016_02_16_test_Instance_15157" type="identity">
      <class id="CL_GO_EXT:cell" label="cell"/>
      <span end="21977" id="15921521-8597" start="21972">cells</span>
    </annotation>
    <annotation annotator="Mike Bada, University of Colorado Anschutz Medical Campus" id="GO_CC_2016_02_16_test_Instance_15159" type="identity">
      <class id="CL_GO_EXT:cell" label="cell"/>
      <span end="22048" id="15921521-8599" start="22043">cells</span>
    </annotation>
    <annotation annotator="" id="GO_CC+extensions+nested_Instance_20012" type="identity">
      <class id="GO_UBERON_EXT:lumen" label="lumen"/>
      <span end="22548" id="15921521-8525" start="22542">lumina</span>
    </annotation>
    <annotation annotator="Mike Bada, University of Colorado Anschutz Medical Campus" id="GO_CC_2016_02_16_test_Instance_15161" type="identity">
      <class id="CL_GO_EXT:cell" label="cell"/>
      <span end="22704" id="15921521-8601" start="22699">cells</span>
    </annotation>
    <annotation annotator="" id="GO_CC_2016_02_16_Instance_200328" type="identity">
      <class id="GO_SO_EXT:chromosomal_part_or_position_or_region_or_site" label="chromosomal part/position/region/site"/>
      <span end="23008" id="15921521-8545" start="22993">regions on chr.</span>
    </annotation>
    <annotation annotator="Mike Bada, University of Colorado Anschutz Medical Campus" id="GO_CC_2016_02_16_test_Instance_15163" type="identity">
      <class id="CL_GO_EXT:cell" label="cell"/>
      <span end="23179" id="15921521-8603" start="23174">cells</span>
    </annotation>
    <annotation annotator="Mike Bada, University of Colorado Anschutz Medical Campus" id="GO_CC_2016_02_16_test_Instance_15165" type="identity">
      <class id="CL_GO_EXT:cell" label="cell"/>
      <span end="23267" id="15921521-8605" start="23263">cell</span>
    </annotation>
    <annotation annotator="Mike Bada, University of Colorado Anschutz Medical Campus" id="GO_CC_2016_02_16_test_Instance_30831" type="identity">
      <class id="GO:0030849" label="autosome"/>
      <span end="25717" id="15921521-8691" start="25708">autosomes</span>
    </annotation>
    <graph-space id="Old Knowtator Relations"/>
  </document>
</knowtator-project>
