<?xml version="1.0" encoding="UTF-8" standalone="no"?>
<knowtator-project>
    <document id="15938754" text-file="15938754.txt">
        <annotation annotator="" id="GO_CC_2016_02_16_Instance_200188" type="identity">
            <class id="GO_SO_EXT:chromosomal_part_or_position_or_region_or_site" label="chromosomal part/position/region/site"/>
            <span end="32" id="15938754-8695" start="24">locus on</span>
            <span end="50" id="15938754-8696" start="40">chromosome</span>
        </annotation>
        <annotation annotator="Mike Bada, University of Colorado Anschutz Medical Campus" id="GO_CC_2016_02_16_test_Instance_15167" type="identity">
            <class id="CL_GO_EXT:cell" label="cell"/>
            <span end="396" id="15938754-8726" start="391">cells</span>
        </annotation>
        <annotation annotator="" id="GO_CC_2016_02_16_Instance_60000" type="identity">
            <class id="GO_SO_EXT:chromosomal_part_or_position_or_region_or_site" label="chromosomal part/position/region/site"/>
            <span end="859" id="15938754-8709" start="837">interval on chromosome</span>
        </annotation>
        <annotation annotator="Mike Bada, University of Colorado Anschutz Medical Campus" id="GO_CC_2016_02_16_test_Instance_15169" type="identity">
            <class id="CL_GO_EXT:cell" label="cell"/>
            <span end="2314" id="15938754-8728" start="2309">cells</span>
        </annotation>
        <annotation annotator="Mike Bada, University of Colorado Anschutz Medical Campus" id="GO_CC_2016_02_16_test_Instance_10153" type="identity">
            <class id="GO_SO_EXT:chromosome" label="chromosome"/>
            <span end="2670" id="15938754-8714" start="2659">chromosomal</span>
        </annotation>
        <annotation annotator="Mike Bada, University of Colorado Anschutz Medical Campus" id="GO_CC_2016_02_16_test_Instance_30837" type="identity">
            <class id="GO_SO_EXT:chromosome" label="chromosome"/>
            <span end="2831" id="15938754-8748" start="2821">chromosome</span>
        </annotation>
        <annotation annotator="Mike Bada, University of Colorado Anschutz Medical Campus" id="GO_CC_2016_02_16_test_Instance_30839" type="identity">
            <class id="GO_SO_EXT:chromosome" label="chromosome"/>
            <span end="3487" id="15938754-8750" start="3477">chromosome</span>
        </annotation>
        <annotation annotator="Mike Bada, University of Colorado Anschutz Medical Campus" id="GO_CC_2016_02_16_test_Instance_10155" type="identity">
            <class id="GO_SO_EXT:chromosome" label="chromosome"/>
            <span end="3733" id="15938754-8716" start="3722">chromosomal</span>
        </annotation>
        <annotation annotator="Mike Bada, University of Colorado Anschutz Medical Campus" id="GO_CC_2016_02_16_test_Instance_15171" type="identity">
            <class id="CL_GO_EXT:cell" label="cell"/>
            <span end="4502" id="15938754-8730" start="4497">cells</span>
        </annotation>
        <annotation annotator="Mike Bada, University of Colorado Anschutz Medical Campus" id="GO_CC_2016_02_16_test_Instance_30841" type="identity">
            <class id="GO:0005622" label="intracellular"/>
            <span end="4720" id="15938754-8752" start="4707">intracellular</span>
        </annotation>
        <annotation annotator="Mike Bada, University of Colorado Anschutz Medical Campus" id="GO_CC_2016_02_16_test_Instance_10157" type="identity">
            <class id="GO_SO_EXT:chromosome" label="chromosome"/>
            <span end="5201" id="15938754-8718" start="5190">chromosomal</span>
        </annotation>
        <annotation annotator="" id="GO_CC_2016_02_16_Instance_80002" type="identity">
            <class id="GO_SO_EXT:chromosomal_part_or_position_or_region_or_site" label="chromosomal part/position/region/site"/>
            <span end="5270" id="15938754-8711" start="5259">interval on</span>
            <span end="5288" id="15938754-8712" start="5278">chromosome</span>
        </annotation>
        <annotation annotator="Mike Bada, University of Colorado Anschutz Medical Campus" id="GO_CC_2016_02_16_test_Instance_30845" type="identity">
            <class id="GO_SO_EXT:chromosome" label="chromosome"/>
            <span end="8907" id="15938754-8754" start="8896">chromosomes</span>
        </annotation>
        <annotation annotator="Mike Bada, University of Colorado Anschutz Medical Campus" id="GO_CC_2016_02_16_test_Instance_30847" type="identity">
            <class id="GO_SO_EXT:chromosome" label="chromosome"/>
            <span end="9104" id="15938754-8756" start="9094">chromosome</span>
        </annotation>
        <annotation annotator="Mike Bada, University of Colorado Anschutz Medical Campus" id="GO_CC_2016_02_16_test_Instance_30849" type="identity">
            <class id="GO_SO_EXT:chromosome" label="chromosome"/>
            <span end="9186" id="15938754-8758" start="9176">chromosome</span>
        </annotation>
        <annotation annotator="Mike Bada, University of Colorado Anschutz Medical Campus" id="GO_CC_2016_02_16_test_Instance_30851" type="identity">
            <class id="GO_SO_EXT:chromosome" label="chromosome"/>
            <span end="9376" id="15938754-8760" start="9366">chromosome</span>
        </annotation>
        <annotation annotator="Mike Bada, University of Colorado Anschutz Medical Campus" id="GO_CC_2016_02_16_test_Instance_30853" type="identity">
            <class id="GO_SO_EXT:chromosome" label="chromosome"/>
            <span end="9460" id="15938754-8762" start="9450">chromosome</span>
        </annotation>
        <annotation annotator="Mike Bada, University of Colorado Anschutz Medical Campus" id="GO_CC_2016_02_16_test_Instance_30855" type="identity">
            <class id="GO_SO_EXT:chromosome" label="chromosome"/>
            <span end="9505" id="15938754-8764" start="9495">chromosome</span>
        </annotation>
        <annotation annotator="Mike Bada, University of Colorado Anschutz Medical Campus" id="GO_CC_2016_02_16_test_Instance_30857" type="identity">
            <class id="GO_SO_EXT:chromosome" label="chromosome"/>
            <span end="9689" id="15938754-8766" start="9679">chromosome</span>
        </annotation>
        <annotation annotator="" id="GO_CC_2016_02_16_Instance_200192" type="identity">
            <class id="GO_SO_EXT:chromosomal_part_or_position_or_region_or_site" label="chromosomal part/position/region/site"/>
            <span end="10495" id="15938754-8698" start="10485">portion of</span>
            <span end="10512" id="15938754-8699" start="10502">chromosome</span>
        </annotation>
        <annotation annotator="Mike Bada, University of Colorado Anschutz Medical Campus" id="GO_CC_2016_02_16_test_Instance_30861" type="identity">
            <class id="GO_SO_EXT:chromosome" label="chromosome"/>
            <span end="10887" id="15938754-8768" start="10877">chromosome</span>
        </annotation>
        <annotation annotator="Mike Bada, University of Colorado Anschutz Medical Campus" id="GO_CC_2016_02_16_test_Instance_15173" type="identity">
            <class id="CL_GO_EXT:cell" label="cell"/>
            <span end="11062" id="15938754-8732" start="11058">cell</span>
        </annotation>
        <annotation annotator="Mike Bada, University of Colorado Anschutz Medical Campus" id="GO_CC_2016_02_16_test_Instance_15175" type="identity">
            <class id="CL_GO_EXT:cell" label="cell"/>
            <span end="11351" id="15938754-8734" start="11346">cells</span>
        </annotation>
        <annotation annotator="Mike Bada, University of Colorado Anschutz Medical Campus" id="GO_CC_2016_02_16_test_Instance_30863" type="identity">
            <class id="GO_SO_EXT:chromosome" label="chromosome"/>
            <span end="11617" id="15938754-8770" start="11607">chromosome</span>
        </annotation>
        <annotation annotator="Mike Bada, University of Colorado Anschutz Medical Campus" id="GO_CC_2016_02_16_test_Instance_30865" type="identity">
            <class id="GO_SO_EXT:chromosome" label="chromosome"/>
            <span end="11668" id="15938754-8772" start="11658">chromosome</span>
        </annotation>
        <annotation annotator="Mike Bada, University of Colorado Anschutz Medical Campus" id="GO_CC_2016_02_16_test_Instance_30867" type="identity">
            <class id="GO_SO_EXT:chromosome" label="chromosome"/>
            <span end="12230" id="15938754-8774" start="12220">chromosome</span>
        </annotation>
        <annotation annotator="Mike Bada, University of Colorado Anschutz Medical Campus" id="GO_CC_2016_02_16_test_Instance_30869" type="identity">
            <class id="GO_SO_EXT:chromosome" label="chromosome"/>
            <span end="12303" id="15938754-8776" start="12293">chromosome</span>
        </annotation>
        <annotation annotator="" id="GO_CC_2016_02_16_Instance_200390" type="identity">
            <class id="GO_SO_EXT:chromosomal_part_or_position_or_region_or_site" label="chromosomal part/position/region/site"/>
            <span end="12528" id="15938754-8704" start="12518">chromosome</span>
            <span end="12540" id="15938754-8705" start="12531">positions</span>
        </annotation>
        <annotation annotator="Mike Bada, University of Colorado Anschutz Medical Campus" id="GO_CC_2016_02_16_test_Instance_30873" type="identity">
            <class id="GO_SO_EXT:chromosome" label="chromosome"/>
            <span end="12646" id="15938754-8778" start="12636">chromosome</span>
        </annotation>
        <annotation annotator="Mike Bada, University of Colorado Anschutz Medical Campus" id="GO_CC_2016_02_16_test_Instance_30875" type="identity">
            <class id="GO_SO_EXT:chromosome" label="chromosome"/>
            <span end="13533" id="15938754-8780" start="13523">chromosome</span>
        </annotation>
        <annotation annotator="Mike Bada, University of Colorado Anschutz Medical Campus" id="GO_CC_2016_02_16_test_Instance_10159" type="identity">
            <class id="GO:0005576" label="extracellular region"/>
            <span end="14847" id="15938754-8720" start="14834">extracellular</span>
        </annotation>
        <annotation annotator="Mike Bada, University of Colorado Anschutz Medical Campus" id="GO_CC_2016_02_16_test_Instance_30877" type="identity">
            <class id="GO_SO_EXT:chromosome" label="chromosome"/>
            <span end="16380" id="15938754-8782" start="16370">chromosome</span>
        </annotation>
        <annotation annotator="Mike Bada, University of Colorado Anschutz Medical Campus" id="GO_CC_2016_02_16_test_Instance_30879" type="identity">
            <class id="GO_SO_EXT:chromosome" label="chromosome"/>
            <span end="16897" id="15938754-8784" start="16887">chromosome</span>
        </annotation>
        <annotation annotator="Mike Bada, University of Colorado Anschutz Medical Campus" id="GO_CC_2016_02_16_test_Instance_15177" type="identity">
            <class id="CL_GO_EXT:cell" label="cell"/>
            <span end="18078" id="15938754-8736" start="18073">cells</span>
        </annotation>
        <annotation annotator="Mike Bada, University of Colorado Anschutz Medical Campus" id="GO_CC_2016_02_16_test_Instance_15179" type="identity">
            <class id="CL_GO_EXT:cell" label="cell"/>
            <span end="18095" id="15938754-8738" start="18087">cellular</span>
        </annotation>
        <annotation annotator="Mike Bada, University of Colorado Anschutz Medical Campus" id="GO_CC_2016_02_16_test_Instance_30881" type="identity">
            <class id="GO_SO_EXT:chromosome" label="chromosome"/>
            <span end="18231" id="15938754-8786" start="18221">chromosome</span>
        </annotation>
        <annotation annotator="" id="GO_CC_2016_02_16_Instance_200392" type="identity">
            <class id="GO_SO_EXT:chromosomal_part_or_position_or_region_or_site" label="chromosomal part/position/region/site"/>
            <span end="18365" id="15938754-8707" start="18345">chromosomal position</span>
        </annotation>
        <annotation annotator="Mike Bada, University of Colorado Anschutz Medical Campus" id="GO_CC_2016_02_16_test_Instance_10163" type="identity">
            <class id="GO_SO_EXT:chromosome" label="chromosome"/>
            <span end="18694" id="15938754-8722" start="18683">chromosomal</span>
        </annotation>
        <annotation annotator="" id="GO_CC_2016_02_16_Instance_200196" type="identity">
            <class id="GO_SO_EXT:chromosomal_part_or_position_or_region_or_site" label="chromosomal part/position/region/site"/>
            <span end="18766" id="15938754-8701" start="18757">region on</span>
            <span end="18784" id="15938754-8702" start="18774">chromosome</span>
        </annotation>
        <annotation annotator="Mike Bada, University of Colorado Anschutz Medical Campus" id="GO_CC_2016_02_16_test_Instance_15181" type="identity">
            <class id="CL_GO_EXT:cell" label="cell"/>
            <span end="19148" id="15938754-8740" start="19143">cells</span>
        </annotation>
        <annotation annotator="Mike Bada, University of Colorado Anschutz Medical Campus" id="GO_CC_2016_02_16_test_Instance_15183" type="identity">
            <class id="CL_GO_EXT:cell" label="cell"/>
            <span end="19381" id="15938754-8742" start="19376">cells</span>
        </annotation>
        <annotation annotator="Mike Bada, University of Colorado Anschutz Medical Campus" id="GO_CC_2016_02_16_test_Instance_30885" type="identity">
            <class id="GO:0016020" label="membrane"/>
            <span end="19393" id="15938754-8788" start="19385">membrane</span>
        </annotation>
        <annotation annotator="Mike Bada, University of Colorado Anschutz Medical Campus" id="GO_CC_2016_02_16_test_Instance_15185" type="identity">
            <class id="CL_GO_EXT:cell" label="cell"/>
            <span end="19635" id="15938754-8744" start="19630">cells</span>
        </annotation>
        <annotation annotator="Mike Bada, University of Colorado Anschutz Medical Campus" id="GO_CC_2016_02_16_test_Instance_30887" type="identity">
            <class id="GO_SO_EXT:chromosome" label="chromosome"/>
            <span end="20119" id="15938754-8790" start="20109">chromosome</span>
        </annotation>
        <annotation annotator="Mike Bada, University of Colorado Anschutz Medical Campus" id="GO_CC_2016_02_16_test_Instance_30889" type="identity">
            <class id="GO_SO_EXT:chromosome" label="chromosome"/>
            <span end="20585" id="15938754-8792" start="20575">chromosome</span>
        </annotation>
        <annotation annotator="Mike Bada, University of Colorado Anschutz Medical Campus" id="GO_CC_2016_02_16_test_Instance_30891" type="identity">
            <class id="GO_SO_EXT:chromosome" label="chromosome"/>
            <span end="21837" id="15938754-8794" start="21827">chromosome</span>
        </annotation>
        <annotation annotator="Mike Bada, University of Colorado Anschutz Medical Campus" id="GO_CC_2016_02_16_test_Instance_30893" type="identity">
            <class id="GO_SO_EXT:chromosome" label="chromosome"/>
            <span end="21909" id="15938754-8796" start="21899">chromosome</span>
        </annotation>
        <annotation annotator="Mike Bada, University of Colorado Anschutz Medical Campus" id="GO_CC_2016_02_16_test_Instance_10165" type="identity">
            <class id="GO:0005576" label="extracellular region"/>
            <span end="22527" id="15938754-8724" start="22514">extracellular</span>
        </annotation>
        <annotation annotator="Mike Bada, University of Colorado Anschutz Medical Campus" id="GO_CC_2016_02_16_test_Instance_30895" type="identity">
            <class id="GO_SO_EXT:chromosome" label="chromosome"/>
            <span end="23963" id="15938754-8798" start="23953">chromosome</span>
        </annotation>
        <annotation annotator="Mike Bada, University of Colorado Anschutz Medical Campus" id="GO_CC_2016_02_16_test_Instance_15187" type="identity">
            <class id="CL_GO_EXT:cell" label="cell"/>
            <span end="24372" id="15938754-8746" start="24367">cells</span>
        </annotation>
        <annotation annotator="Mike Bada, University of Colorado Anschutz Medical Campus" id="GO_CC_2016_02_16_test_Instance_30897" type="identity">
            <class id="GO_SO_EXT:chromosome" label="chromosome"/>
            <span end="28681" id="15938754-8800" start="28671">chromosome</span>
        </annotation>
        <annotation annotator="Mike Bada, University of Colorado Anschutz Medical Campus" id="GO_CC_2016_02_16_test_Instance_30899" type="identity">
            <class id="GO_SO_EXT:chromosome" label="chromosome"/>
            <span end="30413" id="15938754-8802" start="30403">chromosome</span>
        </annotation>
        <graph-space id="Old Knowtator Relations"/>
    </document>
</knowtator-project>
