<?xml version="1.0" encoding="UTF-8" standalone="no"?>
<knowtator-project>
  <document id="16098226" text-file="16098226.txt">
    <annotation annotator="Mike Bada, University of Colorado Anschutz Medical Campus" id="GO_CC_2016_02_16_test_Instance_10309" type="identity">
      <class id="GO:0014069" label="postsynaptic density"/>
      <span end="907" id="16098226-8856" start="886">post-synaptic density</span>
    </annotation>
    <annotation annotator="Mike Bada, University of Colorado Anschutz Medical Campus" id="GO_CC_2016_02_16_test_Instance_10311" type="identity">
      <class id="GO:0014069" label="postsynaptic density"/>
      <span end="912" id="16098226-8858" start="909">PSD</span>
    </annotation>
    <annotation annotator="Mike Bada, University of Colorado Anschutz Medical Campus" id="GO_CC_2016_02_16_test_Instance_10313" type="identity">
      <class id="GO:0030286" label="dynein complex"/>
      <span end="940" id="16098226-8860" start="934">dynein</span>
    </annotation>
    <annotation annotator="Mike Bada, University of Colorado Anschutz Medical Campus" id="GO_CC_2016_02_16_test_Instance_10315" type="identity">
      <class id="GO:0045202" label="synapse"/>
      <span end="1318" id="16098226-8862" start="1310">synaptic</span>
    </annotation>
    <annotation annotator="Mike Bada, University of Colorado Anschutz Medical Campus" id="GO_CC_2016_02_16_test_Instance_31055" type="identity">
      <class id="GO:0030424" label="axon"/>
      <span end="2361" id="16098226-8898" start="2357">axon</span>
    </annotation>
    <annotation annotator="Mike Bada, University of Colorado Anschutz Medical Campus" id="GO_CC_2016_02_16_test_Instance_10087" type="identity">
      <class id="GO:0030424" label="axon"/>
      <span end="4054" id="16098226-8854" start="4048">axonal</span>
    </annotation>
    <annotation annotator="Mike Bada, University of Colorado Anschutz Medical Campus" id="GO_CC_2016_02_16_test_Instance_15263" type="identity">
      <class id="CL_GO_EXT:cell" label="cell"/>
      <span end="4195" id="16098226-8888" start="4191">cell</span>
    </annotation>
    <annotation annotator="Mike Bada, University of Colorado Anschutz Medical Campus" id="GO_CC_2016_02_16_test_Instance_10319" type="identity">
      <class id="GO:0030286" label="dynein complex"/>
      <span end="8970" id="16098226-8864" start="8964">Dynein</span>
    </annotation>
    <annotation annotator="Mike Bada, University of Colorado Anschutz Medical Campus" id="GO_CC_2016_02_16_test_Instance_10321" type="identity">
      <class id="GO:0005737" label="cytoplasm"/>
      <span end="8982" id="16098226-8866" start="8971">cytoplasmic</span>
    </annotation>
    <annotation annotator="Mike Bada, University of Colorado Anschutz Medical Campus" id="GO_CC_2016_02_16_test_Instance_10323" type="identity">
      <class id="GO:0014069" label="postsynaptic density"/>
      <span end="9527" id="16098226-8868" start="9506">post-synaptic density</span>
    </annotation>
    <annotation annotator="Mike Bada, University of Colorado Anschutz Medical Campus" id="GO_CC_2016_02_16_test_Instance_10325" type="identity">
      <class id="GO:0014069" label="postsynaptic density"/>
      <span end="9532" id="16098226-8870" start="9529">PSD</span>
    </annotation>
    <annotation annotator="Mike Bada, University of Colorado Anschutz Medical Campus" id="GO_CC_2016_02_16_test_Instance_31057" type="identity">
      <class id="GO:0043234" label="protein complex"/>
      <span end="9598" id="16098226-8900" start="9581">protein complexes</span>
    </annotation>
    <annotation annotator="Mike Bada, University of Colorado Anschutz Medical Campus" id="GO_CC_2016_02_16_test_Instance_10329" type="identity">
      <class id="GO:0030286" label="dynein complex"/>
      <span end="9606" id="16098226-8872" start="9600">dynein</span>
    </annotation>
    <annotation annotator="Mike Bada, University of Colorado Anschutz Medical Campus" id="GO_CC_2016_02_16_test_Instance_31059" type="identity">
      <class id="GO:0005622" label="intracellular"/>
      <span end="9665" id="16098226-8902" start="9652">intracellular</span>
    </annotation>
    <annotation annotator="Mike Bada, University of Colorado Anschutz Medical Campus" id="GO_CC_2016_02_16_test_Instance_31061" type="identity">
      <class id="GO:0043226" label="organelle"/>
      <span end="9704" id="16098226-8904" start="9694">organelles</span>
    </annotation>
    <annotation annotator="Mike Bada, University of Colorado Anschutz Medical Campus" id="GO_CC_2016_02_16_test_Instance_10337" type="identity">
      <class id="GO:0014069" label="postsynaptic density"/>
      <span end="18562" id="16098226-8876" start="18559">PSD</span>
    </annotation>
    <annotation annotator="Mike Bada, University of Colorado Anschutz Medical Campus" id="GO_CC_2016_02_16_test_Instance_31063" type="identity">
      <class id="GO:0005622" label="intracellular"/>
      <span end="18727" id="16098226-8906" start="18714">intracellular</span>
    </annotation>
    <annotation annotator="Mike Bada, University of Colorado Anschutz Medical Campus" id="GO_CC_2016_02_16_test_Instance_31065" type="identity">
      <class id="GO:0031982" label="vesicle"/>
      <span end="18736" id="16098226-8908" start="18728">vesicles</span>
    </annotation>
    <annotation annotator="" id="GO_CC_2016_02_16_Instance_80130" type="identity">
      <class id="GO:0098794" label="postsynapse"/>
      <span end="18876" id="16098226-8806" start="18863">post-synaptic</span>
    </annotation>
    <annotation annotator="Mike Bada, University of Colorado Anschutz Medical Campus" id="GO_CC_2016_02_16_test_Instance_10335" type="identity">
      <class id="GO:0014069" label="postsynaptic density"/>
      <span end="18972" id="16098226-8874" start="18969">PSD</span>
    </annotation>
    <annotation annotator="Mike Bada, University of Colorado Anschutz Medical Campus" id="GO_CC_2016_02_16_test_Instance_31067" type="identity">
      <class id="GO:0030424" label="axon"/>
      <span end="19054" id="16098226-8910" start="19050">axon</span>
    </annotation>
    <annotation annotator="Mike Bada, University of Colorado Anschutz Medical Campus" id="GO_CC_2016_02_16_test_Instance_31069" type="identity">
      <class id="GO:0005622" label="intracellular"/>
      <span end="19135" id="16098226-8912" start="19122">intracellular</span>
    </annotation>
    <annotation annotator="" id="GO_CC_2016_02_16_Instance_80132" type="identity">
      <class id="GO:1990351" label="transporter complex"/>
      <span end="19163" id="16098226-8808" start="19136">transport protein complexes</span>
    </annotation>
    <annotation annotator="Mike Bada, University of Colorado Anschutz Medical Campus" id="GO_CC_2016_02_16_test_Instance_10339" type="identity">
      <class id="GO:0030286" label="dynein complex"/>
      <span end="19171" id="16098226-8878" start="19165">dynein</span>
    </annotation>
    <annotation annotator="Mike Bada, University of Colorado Anschutz Medical Campus" id="GO_CC_2016_02_16_test_Instance_10343" type="identity">
      <class id="GO:0030286" label="dynein complex"/>
      <span end="19198" id="16098226-8880" start="19192">Dynein</span>
    </annotation>
    <annotation annotator="Mike Bada, University of Colorado Anschutz Medical Campus" id="GO_CC_2016_02_16_test_Instance_10347" type="identity">
      <class id="GO:0005874" label="microtubule"/>
      <span end="19244" id="16098226-8882" start="19233">microtubule</span>
    </annotation>
    <annotation annotator="Mike Bada, University of Colorado Anschutz Medical Campus" id="GO_CC_2016_02_16_test_Instance_31073" type="identity">
      <class id="GO:0043226" label="organelle"/>
      <span end="19312" id="16098226-8914" start="19302">organelles</span>
    </annotation>
    <annotation annotator="Mike Bada, University of Colorado Anschutz Medical Campus" id="GO_CC_2016_02_16_test_Instance_31075" type="identity">
      <class id="GO:0031982" label="vesicle"/>
      <span end="19325" id="16098226-8916" start="19317">vesicles</span>
    </annotation>
    <annotation annotator="Mike Bada, University of Colorado Anschutz Medical Campus" id="GO_CC_2016_02_16_test_Instance_10351" type="identity">
      <class id="GO:0014069" label="postsynaptic density"/>
      <span end="19378" id="16098226-8884" start="19375">PSD</span>
    </annotation>
    <annotation annotator="Mike Bada, University of Colorado Anschutz Medical Campus" id="GO_CC_2016_02_16_test_Instance_10353" type="identity">
      <class id="GO:0014069" label="postsynaptic density"/>
      <span end="19420" id="16098226-8886" start="19417">PSD</span>
    </annotation>
    <annotation annotator="Mike Bada, University of Colorado Anschutz Medical Campus" id="GO_CC_2016_02_16_test_Instance_20503" type="identity">
      <class id="GO:0000502" label="proteasome complex"/>
      <span end="20063" id="16098226-8894" start="20052">proteasomal</span>
    </annotation>
    <annotation annotator="Mike Bada, University of Colorado Anschutz Medical Campus" id="GO_CC_2016_02_16_test_Instance_25547" type="identity">
      <class id="GO:0045202" label="synapse"/>
      <span end="20345" id="16098226-8896" start="20337">synaptic</span>
    </annotation>
    <annotation annotator="Mike Bada, University of Colorado Anschutz Medical Campus" id="GO_CC_2016_02_16_test_Instance_10015" type="identity">
      <class id="GO:0014069" label="postsynaptic density"/>
      <span end="20438" id="16098226-8814" start="20435">PSD</span>
    </annotation>
    <annotation annotator="Mike Bada, University of Colorado Anschutz Medical Campus" id="GO_CC_2016_02_16_test_Instance_10025" type="identity">
      <class id="GO:0045202" label="synapse"/>
      <span end="20575" id="16098226-8816" start="20567">synaptic</span>
    </annotation>
    <annotation annotator="Mike Bada, University of Colorado Anschutz Medical Campus" id="GO_CC_2016_02_16_test_Instance_10043" type="identity">
      <class id="GO:0032991" label="macromolecular complex"/>
      <span end="20644" id="16098226-8818" start="20637">complex</span>
    </annotation>
    <annotation annotator="Mike Bada, University of Colorado Anschutz Medical Campus" id="GO_CC_2016_02_16_test_Instance_10047" type="identity">
      <class id="GO:0014069" label="postsynaptic density"/>
      <span end="20713" id="16098226-8820" start="20710">PSD</span>
    </annotation>
    <annotation annotator="Mike Bada, University of Colorado Anschutz Medical Campus" id="GO_CC_2016_02_16_test_Instance_31077" type="identity">
      <class id="GO:0015629" label="actin cytoskeleton"/>
      <span end="20743" id="16098226-8918" start="20725">actin cytoskeleton</span>
    </annotation>
    <annotation annotator="Mike Bada, University of Colorado Anschutz Medical Campus" id="GO_CC_2016_02_16_test_Instance_10049" type="identity">
      <class id="GO:0030286" label="dynein complex"/>
      <span end="20762" id="16098226-8822" start="20756">dynein</span>
    </annotation>
    <annotation annotator="Mike Bada, University of Colorado Anschutz Medical Campus" id="GO_CC_2016_02_16_test_Instance_31079" type="identity">
      <class id="GO:0005874" label="microtubule"/>
      <span end="20803" id="16098226-8920" start="20792">microtubule</span>
    </annotation>
    <annotation annotator="Mike Bada, University of Colorado Anschutz Medical Campus" id="GO_CC_2016_02_16_test_Instance_31081" type="identity">
      <class id="GO:0005634" label="nucleus"/>
      <span end="20844" id="16098226-8922" start="20837">nucleus</span>
    </annotation>
    <annotation annotator="Mike Bada, University of Colorado Anschutz Medical Campus" id="GO_CC_2016_02_16_test_Instance_10051" type="identity">
      <class id="GO:0014069" label="postsynaptic density"/>
      <span end="21035" id="16098226-8824" start="21014">post-synaptic density</span>
    </annotation>
    <annotation annotator="Mike Bada, University of Colorado Anschutz Medical Campus" id="GO_CC_2016_02_16_test_Instance_31083" type="identity">
      <class id="GO:0045202" label="synapse"/>
      <span end="21103" id="16098226-8924" start="21096">synapse</span>
    </annotation>
    <annotation annotator="Mike Bada, University of Colorado Anschutz Medical Campus" id="GO_CC_2016_02_16_test_Instance_31085" type="identity">
      <class id="GO:0005634" label="nucleus"/>
      <span end="21119" id="16098226-8926" start="21112">nucleus</span>
    </annotation>
    <annotation annotator="Mike Bada, University of Colorado Anschutz Medical Campus" id="GO_CC_2016_02_16_test_Instance_10053" type="identity">
      <class id="GO:0005634" label="nucleus"/>
      <span end="21191" id="16098226-8826" start="21184">nuclear</span>
    </annotation>
    <annotation annotator="Mike Bada, University of Colorado Anschutz Medical Campus" id="GO_CC_2016_02_16_test_Instance_10055" type="identity">
      <class id="GO:0005634" label="nucleus"/>
      <span end="21305" id="16098226-8828" start="21298">nuclear</span>
    </annotation>
    <annotation annotator="Mike Bada, University of Colorado Anschutz Medical Campus" id="GO_CC_2016_02_16_test_Instance_10057" type="identity">
      <class id="GO:0005737" label="cytoplasm"/>
      <span end="21321" id="16098226-8830" start="21310">cytoplasmic</span>
    </annotation>
    <annotation annotator="" id="GO_CC_2016_02_16_Instance_80134" type="identity">
      <class id="GO_UBERON_EXT:cellular_component_or_cell_part" label="cell component/part"/>
      <span end="21469" id="16098226-8810" start="21458">subcellular</span>
    </annotation>
    <annotation annotator="Mike Bada, University of Colorado Anschutz Medical Campus" id="GO_CC_2016_02_16_test_Instance_10059" type="identity">
      <class id="GO:0014069" label="postsynaptic density"/>
      <span end="21546" id="16098226-8832" start="21543">PSD</span>
    </annotation>
    <annotation annotator="" id="GO_CC_2016_02_16_Instance_80136" type="identity">
      <class id="GO_UBERON_EXT:cellular_component_or_cell_part" label="cell component/part"/>
      <span end="21602" id="16098226-8812" start="21591">subcellular</span>
    </annotation>
    <annotation annotator="Mike Bada, University of Colorado Anschutz Medical Campus" id="GO_CC_2016_02_16_test_Instance_10061" type="identity">
      <class id="GO:0014069" label="postsynaptic density"/>
      <span end="21716" id="16098226-8834" start="21713">PSD</span>
    </annotation>
    <annotation annotator="Mike Bada, University of Colorado Anschutz Medical Campus" id="GO_CC_2016_02_16_test_Instance_31087" type="identity">
      <class id="GO:0005737" label="cytoplasm"/>
      <span end="21734" id="16098226-8928" start="21725">cytoplasm</span>
    </annotation>
    <annotation annotator="Mike Bada, University of Colorado Anschutz Medical Campus" id="GO_CC_2016_02_16_test_Instance_10063" type="identity">
      <class id="GO:0005737" label="cytoplasm"/>
      <span end="21769" id="16098226-8836" start="21758">cytoplasmic</span>
    </annotation>
    <annotation annotator="Mike Bada, University of Colorado Anschutz Medical Campus" id="GO_CC_2016_02_16_test_Instance_10065" type="identity">
      <class id="GO:0005634" label="nucleus"/>
      <span end="21787" id="16098226-8838" start="21780">nuclear</span>
    </annotation>
    <annotation annotator="Mike Bada, University of Colorado Anschutz Medical Campus" id="GO_CC_2016_02_16_test_Instance_10067" type="identity">
      <class id="GO:0005634" label="nucleus"/>
      <span end="21851" id="16098226-8840" start="21844">nuclear</span>
    </annotation>
    <annotation annotator="Mike Bada, University of Colorado Anschutz Medical Campus" id="GO_CC_2016_02_16_test_Instance_10069" type="identity">
      <class id="GO:0005737" label="cytoplasm"/>
      <span end="21867" id="16098226-8842" start="21856">cytoplasmic</span>
    </annotation>
    <annotation annotator="Mike Bada, University of Colorado Anschutz Medical Campus" id="GO_CC_2016_02_16_test_Instance_10071" type="identity">
      <class id="GO:0005737" label="cytoplasm"/>
      <span end="21895" id="16098226-8844" start="21884">cytoplasmic</span>
    </annotation>
    <annotation annotator="Mike Bada, University of Colorado Anschutz Medical Campus" id="GO_CC_2016_02_16_test_Instance_10073" type="identity">
      <class id="GO:0005634" label="nucleus"/>
      <span end="21966" id="16098226-8846" start="21959">nuclear</span>
    </annotation>
    <annotation annotator="Mike Bada, University of Colorado Anschutz Medical Campus" id="GO_CC_2016_02_16_test_Instance_10075" type="identity">
      <class id="GO:0045202" label="synapse"/>
      <span end="24877" id="16098226-8848" start="24869">synaptic</span>
    </annotation>
    <annotation annotator="Mike Bada, University of Colorado Anschutz Medical Campus" id="GO_CC_2016_02_16_test_Instance_15265" type="identity">
      <class id="CL_GO_EXT:cell" label="cell"/>
      <span end="28523" id="16098226-8890" start="28518">cells</span>
    </annotation>
    <annotation annotator="Mike Bada, University of Colorado Anschutz Medical Campus" id="GO_CC_2016_02_16_test_Instance_15267" type="identity">
      <class id="CL_GO_EXT:cell" label="cell"/>
      <span end="29036" id="16098226-8892" start="29031">cells</span>
    </annotation>
    <annotation annotator="Mike Bada, University of Colorado Anschutz Medical Campus" id="GO_CC_2016_02_16_test_Instance_10077" type="identity">
      <class id="GO:0014069" label="postsynaptic density"/>
      <span end="30937" id="16098226-8850" start="30934">PSD</span>
    </annotation>
    <annotation annotator="Mike Bada, University of Colorado Anschutz Medical Campus" id="GO_CC_2016_02_16_test_Instance_10079" type="identity">
      <class id="GO:0014069" label="postsynaptic density"/>
      <span end="30960" id="16098226-8852" start="30939">post-synaptic density</span>
    </annotation>
    <graph-space id="Old Knowtator Relations"/>
  </document>
</knowtator-project>
