<?xml version="1.0" encoding="UTF-8" standalone="no"?>
<knowtator-project>
  <document id="16110338" text-file="16110338.txt">
    <annotation annotator="Mike Bada, University of Colorado Anschutz Medical Campus" id="GO_CC_2016_02_16_test_Instance_10133" type="identity">
      <class id="GO:0045202" label="synapse"/>
      <span end="338" id="16110338-9168" start="330">synaptic</span>
    </annotation>
    <annotation annotator="Mike Bada, University of Colorado Anschutz Medical Campus" id="GO_CC_2016_02_16_test_Instance_15345" type="identity">
      <class id="CL_GO_EXT:cell" label="cell"/>
      <span end="410" id="16110338-9176" start="405">cells</span>
    </annotation>
    <annotation annotator="Mike Bada, University of Colorado Anschutz Medical Campus" id="GO_CC_2016_02_16_test_Instance_10135" type="identity">
      <class id="GO:0005634" label="nucleus"/>
      <span end="608" id="16110338-9170" start="601">nuclear</span>
    </annotation>
    <annotation annotator="Mike Bada, University of Colorado Anschutz Medical Campus" id="GO_CC_2016_02_16_test_Instance_15347" type="identity">
      <class id="CL_GO_EXT:cell" label="cell"/>
      <span end="810" id="16110338-9178" start="805">cells</span>
    </annotation>
    <annotation annotator="Mike Bada, University of Colorado Anschutz Medical Campus" id="GO_CC_2016_02_16_test_Instance_15349" type="identity">
      <class id="CL_GO_EXT:cell" label="cell"/>
      <span end="965" id="16110338-9180" start="961">cell</span>
    </annotation>
    <annotation annotator="Mike Bada, University of Colorado Anschutz Medical Campus" id="GO_CC_2016_02_16_test_Instance_15351" type="identity">
      <class id="CL_GO_EXT:cell" label="cell"/>
      <span end="1525" id="16110338-9182" start="1521">cell</span>
    </annotation>
    <annotation annotator="Mike Bada, University of Colorado Anschutz Medical Campus" id="GO_CC_2016_02_16_test_Instance_15353" type="identity">
      <class id="CL_GO_EXT:cell" label="cell"/>
      <span end="1948" id="16110338-9184" start="1944">cell</span>
    </annotation>
    <annotation annotator="Mike Bada, University of Colorado Anschutz Medical Campus" id="GO_CC_2016_02_16_test_Instance_10497" type="identity">
      <class id="GO:0005634" label="nucleus"/>
      <span end="3413" id="16110338-9172" start="3406">nuclear</span>
    </annotation>
    <annotation annotator="Mike Bada, University of Colorado Anschutz Medical Campus" id="GO_CC_2016_02_16_test_Instance_10501" type="identity">
      <class id="GO:0005634" label="nucleus"/>
      <span end="3486" id="16110338-9174" start="3479">nuclear</span>
    </annotation>
    <annotation annotator="Mike Bada, University of Colorado Anschutz Medical Campus" id="GO_CC_2016_02_16_test_Instance_15355" type="identity">
      <class id="CL_GO_EXT:cell" label="cell"/>
      <span end="4205" id="16110338-9186" start="4200">cells</span>
    </annotation>
    <annotation annotator="Mike Bada, University of Colorado Anschutz Medical Campus" id="GO_CC_2016_02_16_test_Instance_15357" type="identity">
      <class id="CL_GO_EXT:cell" label="cell"/>
      <span end="4268" id="16110338-9188" start="4263">cells</span>
    </annotation>
    <annotation annotator="" id="GO_CC_2016_02_16_Instance_80240" type="identity">
      <class id="GO:0005634" label="nucleus"/>
      <span end="4625" id="16110338-9140" start="4618">nuclear</span>
    </annotation>
    <annotation annotator="" id="GO_CC_2016_02_16_Instance_80146" type="identity">
      <class id="GO:0044297" label="cell body"/>
      <span end="4669" id="16110338-9046" start="4658">cell bodies</span>
    </annotation>
    <annotation annotator="Mike Bada, University of Colorado Anschutz Medical Campus" id="GO_CC_2016_02_16_test_Instance_15361" type="identity">
      <class id="CL_GO_EXT:cell" label="cell"/>
      <span end="5187" id="16110338-9190" start="5183">cell</span>
    </annotation>
    <annotation annotator="Mike Bada, University of Colorado Anschutz Medical Campus" id="GO_CC_2016_02_16_test_Instance_15363" type="identity">
      <class id="CL_GO_EXT:cell" label="cell"/>
      <span end="5280" id="16110338-9192" start="5275">cells</span>
    </annotation>
    <annotation annotator="Mike Bada, University of Colorado Anschutz Medical Campus" id="GO_CC_2016_02_16_test_Instance_15365" type="identity">
      <class id="CL_GO_EXT:cell" label="cell"/>
      <span end="5709" id="16110338-9194" start="5704">cells</span>
    </annotation>
    <annotation annotator="Mike Bada, University of Colorado Anschutz Medical Campus" id="GO_CC_2016_02_16_test_Instance_15367" type="identity">
      <class id="CL_GO_EXT:cell" label="cell"/>
      <span end="5796" id="16110338-9196" start="5791">cells</span>
    </annotation>
    <annotation annotator="Mike Bada, University of Colorado Anschutz Medical Campus" id="GO_CC_2016_02_16_test_Instance_15369" type="identity">
      <class id="CL_GO_EXT:cell" label="cell"/>
      <span end="5849" id="16110338-9198" start="5844">cells</span>
    </annotation>
    <annotation annotator="Mike Bada, University of Colorado Anschutz Medical Campus" id="GO_CC_2016_02_16_test_Instance_15371" type="identity">
      <class id="CL_GO_EXT:cell" label="cell"/>
      <span end="5941" id="16110338-9200" start="5937">cell</span>
    </annotation>
    <annotation annotator="Mike Bada, University of Colorado Anschutz Medical Campus" id="GO_CC_2016_02_16_test_Instance_15373" type="identity">
      <class id="CL_GO_EXT:cell" label="cell"/>
      <span end="9034" id="16110338-9202" start="9029">cells</span>
    </annotation>
    <annotation annotator="Mike Bada, University of Colorado Anschutz Medical Campus" id="GO_CC_2016_02_16_test_Instance_15375" type="identity">
      <class id="CL_GO_EXT:cell" label="cell"/>
      <span end="9248" id="16110338-9204" start="9243">cells</span>
    </annotation>
    <annotation annotator="Mike Bada, University of Colorado Anschutz Medical Campus" id="GO_CC_2016_02_16_test_Instance_15377" type="identity">
      <class id="CL_GO_EXT:cell" label="cell"/>
      <span end="9367" id="16110338-9206" start="9362">cells</span>
    </annotation>
    <annotation annotator="Mike Bada, University of Colorado Anschutz Medical Campus" id="GO_CC_2016_02_16_test_Instance_15379" type="identity">
      <class id="CL_GO_EXT:cell" label="cell"/>
      <span end="9480" id="16110338-9208" start="9475">cells</span>
    </annotation>
    <annotation annotator="Mike Bada, University of Colorado Anschutz Medical Campus" id="GO_CC_2016_02_16_test_Instance_15381" type="identity">
      <class id="CL_GO_EXT:cell" label="cell"/>
      <span end="9599" id="16110338-9210" start="9594">cells</span>
    </annotation>
    <annotation annotator="" id="GO_CC_2016_02_16_Instance_80148" type="identity">
      <class id="GO:0044297" label="cell body"/>
      <span end="9688" id="16110338-9048" start="9677">cell bodies</span>
    </annotation>
    <annotation annotator="Mike Bada, University of Colorado Anschutz Medical Campus" id="GO_CC_2016_02_16_test_Instance_15385" type="identity">
      <class id="CL_GO_EXT:cell" label="cell"/>
      <span end="9749" id="16110338-9212" start="9744">cells</span>
    </annotation>
    <annotation annotator="Mike Bada, University of Colorado Anschutz Medical Campus" id="GO_CC_2016_02_16_test_Instance_15387" type="identity">
      <class id="CL_GO_EXT:cell" label="cell"/>
      <span end="9803" id="16110338-9214" start="9799">cell</span>
    </annotation>
    <annotation annotator="Mike Bada, University of Colorado Anschutz Medical Campus" id="GO_CC_2016_02_16_test_Instance_15389" type="identity">
      <class id="CL_GO_EXT:cell" label="cell"/>
      <span end="9844" id="16110338-9216" start="9840">cell</span>
    </annotation>
    <annotation annotator="Mike Bada, University of Colorado Anschutz Medical Campus" id="GO_CC_2016_02_16_test_Instance_15391" type="identity">
      <class id="CL_GO_EXT:cell" label="cell"/>
      <span end="10033" id="16110338-9218" start="10028">cells</span>
    </annotation>
    <annotation annotator="Mike Bada, University of Colorado Anschutz Medical Campus" id="GO_CC_2016_02_16_test_Instance_15393" type="identity">
      <class id="CL_GO_EXT:cell" label="cell"/>
      <span end="10078" id="16110338-9220" start="10073">cells</span>
    </annotation>
    <annotation annotator="Mike Bada, University of Colorado Anschutz Medical Campus" id="GO_CC_2016_02_16_test_Instance_15395" type="identity">
      <class id="CL_GO_EXT:cell" label="cell"/>
      <span end="10140" id="16110338-9222" start="10135">cells</span>
    </annotation>
    <annotation annotator="Mike Bada, University of Colorado Anschutz Medical Campus" id="GO_CC_2016_02_16_test_Instance_15397" type="identity">
      <class id="CL_GO_EXT:cell" label="cell"/>
      <span end="10231" id="16110338-9224" start="10226">cells</span>
    </annotation>
    <annotation annotator="Mike Bada, University of Colorado Anschutz Medical Campus" id="GO_CC_2016_02_16_test_Instance_15399" type="identity">
      <class id="CL_GO_EXT:cell" label="cell"/>
      <span end="10305" id="16110338-9226" start="10300">cells</span>
    </annotation>
    <annotation annotator="Mike Bada, University of Colorado Anschutz Medical Campus" id="GO_CC_2016_02_16_test_Instance_15401" type="identity">
      <class id="CL_GO_EXT:cell" label="cell"/>
      <span end="10338" id="16110338-9228" start="10333">cells</span>
    </annotation>
    <annotation annotator="Mike Bada, University of Colorado Anschutz Medical Campus" id="GO_CC_2016_02_16_test_Instance_15403" type="identity">
      <class id="CL_GO_EXT:cell" label="cell"/>
      <span end="10436" id="16110338-9230" start="10431">cells</span>
    </annotation>
    <annotation annotator="" id="GO_CC_2016_02_16_Instance_80150" type="identity">
      <class id="GO:0042571" label="immunoglobulin complex, circulating"/>
      <span end="10488" id="16110338-9050" start="10480">antibody</span>
    </annotation>
    <annotation annotator="Mike Bada, University of Colorado Anschutz Medical Campus" id="GO_CC_2016_02_16_test_Instance_15405" type="identity">
      <class id="CL_GO_EXT:cell" label="cell"/>
      <span end="10633" id="16110338-9232" start="10628">cells</span>
    </annotation>
    <annotation annotator="Mike Bada, University of Colorado Anschutz Medical Campus" id="GO_CC_2016_02_16_test_Instance_15407" type="identity">
      <class id="CL_GO_EXT:cell" label="cell"/>
      <span end="10771" id="16110338-9234" start="10766">cells</span>
    </annotation>
    <annotation annotator="Mike Bada, University of Colorado Anschutz Medical Campus" id="GO_CC_2016_02_16_test_Instance_15409" type="identity">
      <class id="CL_GO_EXT:cell" label="cell"/>
      <span end="10873" id="16110338-9236" start="10868">cells</span>
    </annotation>
    <annotation annotator="Mike Bada, University of Colorado Anschutz Medical Campus" id="GO_CC_2016_02_16_test_Instance_15411" type="identity">
      <class id="CL_GO_EXT:cell" label="cell"/>
      <span end="11008" id="16110338-9238" start="11003">cells</span>
    </annotation>
    <annotation annotator="Mike Bada, University of Colorado Anschutz Medical Campus" id="GO_CC_2016_02_16_test_Instance_15413" type="identity">
      <class id="CL_GO_EXT:cell" label="cell"/>
      <span end="11133" id="16110338-9240" start="11128">cells</span>
    </annotation>
    <annotation annotator="" id="GO_CC_2016_02_16_Instance_80152" type="identity">
      <class id="GO:0042571" label="immunoglobulin complex, circulating"/>
      <span end="11185" id="16110338-9052" start="11177">antibody</span>
    </annotation>
    <annotation annotator="Mike Bada, University of Colorado Anschutz Medical Campus" id="GO_CC_2016_02_16_test_Instance_31099" type="identity">
      <class id="GO:0001750" label="photoreceptor outer segment"/>
      <span end="11355" id="16110338-9468" start="11327">photoreceptor outer segments</span>
    </annotation>
    <annotation annotator="Mike Bada, University of Colorado Anschutz Medical Campus" id="GO_CC_2016_02_16_test_Instance_15415" type="identity">
      <class id="CL_GO_EXT:cell" label="cell"/>
      <span end="11441" id="16110338-9242" start="11436">cells</span>
    </annotation>
    <annotation annotator="Mike Bada, University of Colorado Anschutz Medical Campus" id="GO_CC_2016_02_16_test_Instance_15417" type="identity">
      <class id="CL_GO_EXT:cell" label="cell"/>
      <span end="12156" id="16110338-9244" start="12151">cells</span>
    </annotation>
    <annotation annotator="Mike Bada, University of Colorado Anschutz Medical Campus" id="GO_CC_2016_02_16_test_Instance_31101" type="identity">
      <class id="GO:0001917" label="photoreceptor inner segment"/>
      <span end="12437" id="16110338-9470" start="12410">photoreceptor inner segment</span>
    </annotation>
    <annotation annotator="Mike Bada, University of Colorado Anschutz Medical Campus" id="GO_CC_2016_02_16_test_Instance_20359" type="identity">
      <class id="GO:0001750" label="photoreceptor outer segment"/>
      <span end="12630" id="16110338-9400" start="12617">outer segment</span>
    </annotation>
    <annotation annotator="Mike Bada, University of Colorado Anschutz Medical Campus" id="GO_CC_2016_02_16_test_Instance_20361" type="identity">
      <class id="GO:0001917" label="photoreceptor inner segment"/>
      <span end="14039" id="16110338-9402" start="14026">inner segment</span>
    </annotation>
    <annotation annotator="Mike Bada, University of Colorado Anschutz Medical Campus" id="GO_CC_2016_02_16_test_Instance_15419" type="identity">
      <class id="CL_GO_EXT:cell" label="cell"/>
      <span end="14374" id="16110338-9246" start="14370">cell</span>
    </annotation>
    <annotation annotator="Mike Bada, University of Colorado Anschutz Medical Campus" id="GO_CC_2016_02_16_test_Instance_31103" type="identity">
      <class id="GO_SO_EXT:chromosome" label="chromosome"/>
      <span end="14391" id="16110338-9472" start="14381">chromosome</span>
    </annotation>
    <annotation annotator="Mike Bada, University of Colorado Anschutz Medical Campus" id="GO_CC_2016_02_16_test_Instance_20363" type="identity">
      <class id="GO:0005856" label="cytoskeleton"/>
      <span end="14476" id="16110338-9404" start="14464">cytoskeletal</span>
    </annotation>
    <annotation annotator="" id="GO_CC_2016_02_16_Instance_80158" type="identity">
      <class id="GO:0044297" label="cell body"/>
      <span end="16786" id="16110338-9058" start="16775">cell bodies</span>
    </annotation>
    <annotation annotator="" id="GO_CC_2016_02_16_Instance_80154" type="identity">
      <class id="CL_GO_EXT:cell" label="cell"/>
      <span end="16816" id="16110338-9054" start="16811">cells</span>
    </annotation>
    <annotation annotator="" id="GO_CC_2016_02_16_Instance_80156" type="identity">
      <class id="GO:0044297" label="cell body"/>
      <span end="17045" id="16110338-9056" start="17034">cell bodies</span>
    </annotation>
    <annotation annotator="" id="GO_CC_2016_02_16_Instance_80160" type="identity">
      <class id="GO:0044297" label="cell body"/>
      <span end="17190" id="16110338-9060" start="17179">cell bodies</span>
    </annotation>
    <annotation annotator="" id="GO_CC_2016_02_16_Instance_80162" type="identity">
      <class id="GO:0044297" label="cell body"/>
      <span end="17477" id="16110338-9062" start="17466">cell bodies</span>
    </annotation>
    <annotation annotator="" id="GO_CC_2016_02_16_Instance_80242" type="identity">
      <class id="GO:0005634" label="nucleus"/>
      <span end="20741" id="16110338-9142" start="20734">nuclear</span>
    </annotation>
    <annotation annotator="Mike Bada, University of Colorado Anschutz Medical Campus" id="GO_CC_2016_02_16_test_Instance_15431" type="identity">
      <class id="CL_GO_EXT:cell" label="cell"/>
      <span end="20907" id="16110338-9248" start="20903">cell</span>
    </annotation>
    <annotation annotator="Mike Bada, University of Colorado Anschutz Medical Campus" id="GO_CC_2016_02_16_test_Instance_15433" type="identity">
      <class id="CL_GO_EXT:cell" label="cell"/>
      <span end="21081" id="16110338-9250" start="21077">cell</span>
    </annotation>
    <annotation annotator="Mike Bada, University of Colorado Anschutz Medical Campus" id="GO_CC_2016_02_16_test_Instance_21469" type="identity">
      <class id="CL_GO_EXT:cell" label="cell"/>
      <span end="21345" id="16110338-9462" start="21341">Cell</span>
    </annotation>
    <annotation annotator="" id="GO_CC_2016_02_16_Instance_80164" type="identity">
      <class id="GO:0044297" label="cell body"/>
      <span end="21484" id="16110338-9064" start="21473">cell bodies</span>
    </annotation>
    <annotation annotator="" id="GO_CC_2016_02_16_Instance_80166" type="identity">
      <class id="GO:0044297" label="cell body"/>
      <span end="21532" id="16110338-9066" start="21521">cell bodies</span>
    </annotation>
    <annotation annotator="Mike Bada, University of Colorado Anschutz Medical Campus" id="GO_CC_2016_02_16_test_Instance_20365" type="identity">
      <class id="GO:0001750" label="photoreceptor outer segment"/>
      <span end="21590" id="16110338-9406" start="21576">outer segments</span>
    </annotation>
    <annotation annotator="" id="GO_CC_2016_02_16_Instance_80170" type="identity">
      <class id="GO:0044297" label="cell body"/>
      <span end="21671" id="16110338-9070" start="21665">somata</span>
    </annotation>
    <annotation annotator="Mike Bada, University of Colorado Anschutz Medical Campus" id="GO_CC_2016_02_16_test_Instance_20367" type="identity">
      <class id="GO:0001750" label="photoreceptor outer segment"/>
      <span end="21740" id="16110338-9408" start="21726">outer segments</span>
    </annotation>
    <annotation annotator="" id="GO_CC_2016_02_16_Instance_80168" type="identity">
      <class id="GO:0044297" label="cell body"/>
      <span end="21787" id="16110338-9068" start="21776">cell bodies</span>
    </annotation>
    <annotation annotator="Mike Bada, University of Colorado Anschutz Medical Campus" id="GO_CC_2016_02_16_test_Instance_31105" type="identity">
      <class id="GO:0005720" label="nuclear heterochromatin"/>
      <span end="21944" id="16110338-9474" start="21921">nuclear heterochromatin</span>
    </annotation>
    <annotation annotator="Mike Bada, University of Colorado Anschutz Medical Campus" id="GO_CC_2016_02_16_test_Instance_31107" type="identity">
      <class id="GO:0000791" label="euchromatin"/>
      <span end="22082" id="16110338-9476" start="22071">euchromatin</span>
    </annotation>
    <annotation annotator="Mike Bada, University of Colorado Anschutz Medical Campus" id="GO_CC_2016_02_16_test_Instance_20369" type="identity">
      <class id="GO:0043226" label="organelle"/>
      <span end="22143" id="16110338-9410" start="22134">organelle</span>
    </annotation>
    <annotation annotator="Mike Bada, University of Colorado Anschutz Medical Campus" id="GO_CC_2016_02_16_test_Instance_31109" type="identity">
      <class id="GO:0005737" label="cytoplasm"/>
      <span end="22158" id="16110338-9478" start="22149">cytoplasm</span>
    </annotation>
    <annotation annotator="Mike Bada, University of Colorado Anschutz Medical Campus" id="GO_CC_2016_02_16_test_Instance_20371" type="identity">
      <class id="GO:0005634" label="nucleus"/>
      <span end="22179" id="16110338-9412" start="22173">nuclei</span>
    </annotation>
    <annotation annotator="Mike Bada, University of Colorado Anschutz Medical Campus" id="GO_CC_2016_02_16_test_Instance_20373" type="identity">
      <class id="GO:0005739" label="mitochondrion"/>
      <span end="22218" id="16110338-9414" start="22206">mitochondria</span>
    </annotation>
    <annotation annotator="Mike Bada, University of Colorado Anschutz Medical Campus" id="GO_CC_2016_02_16_test_Instance_15439" type="identity">
      <class id="CL_GO_EXT:cell" label="cell"/>
      <span end="22314" id="16110338-9252" start="22309">cells</span>
    </annotation>
    <annotation annotator="" id="GO_CC_2016_02_16_Instance_80172" type="identity">
      <class id="GO:0044297" label="cell body"/>
      <span end="22407" id="16110338-9072" start="22401">somata</span>
    </annotation>
    <annotation annotator="Mike Bada, University of Colorado Anschutz Medical Campus" id="GO_CC_2016_02_16_test_Instance_15441" type="identity">
      <class id="CL_GO_EXT:cell" label="cell"/>
      <span end="22506" id="16110338-9254" start="22501">cells</span>
    </annotation>
    <annotation annotator="Mike Bada, University of Colorado Anschutz Medical Campus" id="GO_CC_2016_02_16_test_Instance_15443" type="identity">
      <class id="CL_GO_EXT:cell" label="cell"/>
      <span end="22592" id="16110338-9256" start="22588">cell</span>
    </annotation>
    <annotation annotator="Mike Bada, University of Colorado Anschutz Medical Campus" id="GO_CC_2016_02_16_test_Instance_20377" type="identity">
      <class id="GO:0005634" label="nucleus"/>
      <span end="22655" id="16110338-9416" start="22648">nuclear</span>
    </annotation>
    <annotation annotator="Mike Bada, University of Colorado Anschutz Medical Campus" id="GO_CC_2016_02_16_test_Instance_15445" type="identity">
      <class id="CL_GO_EXT:cell" label="cell"/>
      <span end="22695" id="16110338-9258" start="22690">cells</span>
    </annotation>
    <annotation annotator="Mike Bada, University of Colorado Anschutz Medical Campus" id="GO_CC_2016_02_16_test_Instance_15447" type="identity">
      <class id="CL_GO_EXT:cell" label="cell"/>
      <span end="22740" id="16110338-9260" start="22736">cell</span>
    </annotation>
    <annotation annotator="Mike Bada, University of Colorado Anschutz Medical Campus" id="GO_CC_2016_02_16_test_Instance_15449" type="identity">
      <class id="CL_GO_EXT:cell" label="cell"/>
      <span end="22890" id="16110338-9262" start="22885">cells</span>
    </annotation>
    <annotation annotator="Mike Bada, University of Colorado Anschutz Medical Campus" id="GO_CC_2016_02_16_test_Instance_15451" type="identity">
      <class id="CL_GO_EXT:cell" label="cell"/>
      <span end="22947" id="16110338-9264" start="22942">cells</span>
    </annotation>
    <annotation annotator="" id="GO_CC_2016_02_16_Instance_80174" type="identity">
      <class id="GO:0044297" label="cell body"/>
      <span end="23064" id="16110338-9074" start="23053">cell bodies</span>
    </annotation>
    <annotation annotator="" id="GO_CC_2016_02_16_Instance_80176" type="identity">
      <class id="GO:0044297" label="cell body"/>
      <span end="23100" id="16110338-9076" start="23091">cell body</span>
    </annotation>
    <annotation annotator="" id="GO_CC_2016_02_16_Instance_80178" type="identity">
      <class id="GO:0044297" label="cell body"/>
      <span end="23124" id="16110338-9078" start="23120">soma</span>
    </annotation>
    <annotation annotator="Mike Bada, University of Colorado Anschutz Medical Campus" id="GO_CC_2016_02_16_test_Instance_31111" type="identity">
      <class id="GO:0000792" label="heterochromatin"/>
      <span end="23205" id="16110338-9480" start="23190">heterochromatin</span>
    </annotation>
    <annotation annotator="Mike Bada, University of Colorado Anschutz Medical Campus" id="GO_CC_2016_02_16_test_Instance_31113" type="identity">
      <class id="GO:0000791" label="euchromatin"/>
      <span end="23258" id="16110338-9482" start="23247">euchromatin</span>
    </annotation>
    <annotation annotator="Mike Bada, University of Colorado Anschutz Medical Campus" id="GO_CC_2016_02_16_test_Instance_21041" type="identity">
      <class id="GO:0048471" label="perinuclear region of cytoplasm"/>
      <span end="23297" id="16110338-9458" start="23275">juxtanuclear cytoplasm</span>
    </annotation>
    <annotation annotator="Mike Bada, University of Colorado Anschutz Medical Campus" id="GO_CC_2016_02_16_test_Instance_31115" type="identity">
      <class id="GO:0043226" label="organelle"/>
      <span end="23316" id="16110338-9484" start="23306">organelles</span>
    </annotation>
    <annotation annotator="Mike Bada, University of Colorado Anschutz Medical Campus" id="GO_CC_2016_02_16_test_Instance_15457" type="identity">
      <class id="CL_GO_EXT:cell" label="cell"/>
      <span end="23341" id="16110338-9266" start="23337">cell</span>
    </annotation>
    <annotation annotator="Mike Bada, University of Colorado Anschutz Medical Campus" id="GO_CC_2016_02_16_test_Instance_20385" type="identity">
      <class id="GO:0005634" label="nucleus"/>
      <span end="23405" id="16110338-9418" start="23398">nuclear</span>
    </annotation>
    <annotation annotator="Mike Bada, University of Colorado Anschutz Medical Campus" id="GO_CC_2016_02_16_test_Instance_31117" type="identity">
      <class id="GO:0000792" label="heterochromatin"/>
      <span end="23478" id="16110338-9486" start="23463">heterochromatin</span>
    </annotation>
    <annotation annotator="Mike Bada, University of Colorado Anschutz Medical Campus" id="GO_CC_2016_02_16_test_Instance_31119" type="identity">
      <class id="GO:0000791" label="euchromatin"/>
      <span end="23520" id="16110338-9488" start="23509">euchromatin</span>
    </annotation>
    <annotation annotator="Mike Bada, University of Colorado Anschutz Medical Campus" id="GO_CC_2016_02_16_test_Instance_15459" type="identity">
      <class id="CL_GO_EXT:cell" label="cell"/>
      <span end="23549" id="16110338-9268" start="23544">cells</span>
    </annotation>
    <annotation annotator="Mike Bada, University of Colorado Anschutz Medical Campus" id="GO_CC_2016_02_16_test_Instance_31121" type="identity">
      <class id="GO:0000791" label="euchromatin"/>
      <span end="23601" id="16110338-9490" start="23590">euchromatin</span>
    </annotation>
    <annotation annotator="Mike Bada, University of Colorado Anschutz Medical Campus" id="GO_CC_2016_02_16_test_Instance_15461" type="identity">
      <class id="CL_GO_EXT:cell" label="cell"/>
      <span end="23646" id="16110338-9270" start="23641">cells</span>
    </annotation>
    <annotation annotator="Mike Bada, University of Colorado Anschutz Medical Campus" id="GO_CC_2016_02_16_test_Instance_15463" type="identity">
      <class id="CL_GO_EXT:cell" label="cell"/>
      <span end="23847" id="16110338-9272" start="23842">cells</span>
    </annotation>
    <annotation annotator="" id="GO_CC_2016_02_16_Instance_80180" type="identity">
      <class id="GO:0044297" label="cell body"/>
      <span end="24019" id="16110338-9080" start="24008">cell bodies</span>
    </annotation>
    <annotation annotator="" id="GO_CC_2016_02_16_Instance_80182" type="identity">
      <class id="GO:0044297" label="cell body"/>
      <span end="24131" id="16110338-9082" start="24125">somata</span>
    </annotation>
    <annotation annotator="" id="GO_CC_2016_02_16_Instance_80184" type="identity">
      <class id="GO:0044297" label="cell body"/>
      <span end="24200" id="16110338-9084" start="24194">somata</span>
    </annotation>
    <annotation annotator="" id="GO_CC_2016_02_16_Instance_80186" type="identity">
      <class id="GO:0044297" label="cell body"/>
      <span end="24415" id="16110338-9086" start="24410">somal</span>
    </annotation>
    <annotation annotator="" id="GO_CC_2016_02_16_Instance_80188" type="identity">
      <class id="GO:0044297" label="cell body"/>
      <span end="24540" id="16110338-9088" start="24535">somal</span>
    </annotation>
    <annotation annotator="" id="GO_CC_2016_02_16_Instance_80190" type="identity">
      <class id="GO:0044297" label="cell body"/>
      <span end="24689" id="16110338-9090" start="24684">somal</span>
    </annotation>
    <annotation annotator="" id="GO_CC_2016_02_16_Instance_80192" type="identity">
      <class id="GO:0005634" label="nucleus"/>
      <span end="24734" id="16110338-9092" start="24727">nuclear</span>
    </annotation>
    <annotation annotator="Mike Bada, University of Colorado Anschutz Medical Campus" id="GO_CC_2016_02_16_test_Instance_20397" type="identity">
      <class id="GO:0005739" label="mitochondrion"/>
      <span end="24747" id="16110338-9420" start="24735">mitochondria</span>
    </annotation>
    <annotation annotator="" id="GO_CC_2016_02_16_Instance_80194" type="identity">
      <class id="GO:0005634" label="nucleus"/>
      <span end="24809" id="16110338-9094" start="24802">nuclear</span>
    </annotation>
    <annotation annotator="Mike Bada, University of Colorado Anschutz Medical Campus" id="GO_CC_2016_02_16_test_Instance_31123" type="identity">
      <class id="GO:0043226" label="organelle"/>
      <span end="24820" id="16110338-9492" start="24810">organelles</span>
    </annotation>
    <annotation annotator="Mike Bada, University of Colorado Anschutz Medical Campus" id="GO_CC_2016_02_16_test_Instance_15467" type="identity">
      <class id="CL_GO_EXT:cell" label="cell"/>
      <span end="24889" id="16110338-9274" start="24884">cells</span>
    </annotation>
    <annotation annotator="Mike Bada, University of Colorado Anschutz Medical Campus" id="GO_CC_2016_02_16_test_Instance_15469" type="identity">
      <class id="CL_GO_EXT:cell" label="cell"/>
      <span end="25001" id="16110338-9276" start="24997">cell</span>
    </annotation>
    <annotation annotator="Mike Bada, University of Colorado Anschutz Medical Campus" id="GO_CC_2016_02_16_test_Instance_15471" type="identity">
      <class id="CL_GO_EXT:cell" label="cell"/>
      <span end="25172" id="16110338-9278" start="25167">cells</span>
    </annotation>
    <annotation annotator="Mike Bada, University of Colorado Anschutz Medical Campus" id="GO_CC_2016_02_16_test_Instance_15473" type="identity">
      <class id="CL_GO_EXT:cell" label="cell"/>
      <span end="25624" id="16110338-9280" start="25619">cells</span>
    </annotation>
    <annotation annotator="Mike Bada, University of Colorado Anschutz Medical Campus" id="GO_CC_2016_02_16_test_Instance_15475" type="identity">
      <class id="CL_GO_EXT:cell" label="cell"/>
      <span end="25648" id="16110338-9282" start="25643">cells</span>
    </annotation>
    <annotation annotator="Mike Bada, University of Colorado Anschutz Medical Campus" id="GO_CC_2016_02_16_test_Instance_15477" type="identity">
      <class id="CL_GO_EXT:cell" label="cell"/>
      <span end="25768" id="16110338-9284" start="25763">cells</span>
    </annotation>
    <annotation annotator="Mike Bada, University of Colorado Anschutz Medical Campus" id="GO_CC_2016_02_16_test_Instance_15479" type="identity">
      <class id="CL_GO_EXT:cell" label="cell"/>
      <span end="25970" id="16110338-9286" start="25965">cells</span>
    </annotation>
    <annotation annotator="Mike Bada, University of Colorado Anschutz Medical Campus" id="GO_CC_2016_02_16_test_Instance_15481" type="identity">
      <class id="CL_GO_EXT:cell" label="cell"/>
      <span end="26075" id="16110338-9288" start="26070">cells</span>
    </annotation>
    <annotation annotator="Mike Bada, University of Colorado Anschutz Medical Campus" id="GO_CC_2016_02_16_test_Instance_15483" type="identity">
      <class id="CL_GO_EXT:cell" label="cell"/>
      <span end="26413" id="16110338-9290" start="26408">cells</span>
    </annotation>
    <annotation annotator="Mike Bada, University of Colorado Anschutz Medical Campus" id="GO_CC_2016_02_16_test_Instance_15485" type="identity">
      <class id="CL_GO_EXT:cell" label="cell"/>
      <span end="26536" id="16110338-9292" start="26531">cells</span>
    </annotation>
    <annotation annotator="Mike Bada, University of Colorado Anschutz Medical Campus" id="GO_CC_2016_02_16_test_Instance_15487" type="identity">
      <class id="CL_GO_EXT:cell" label="cell"/>
      <span end="26642" id="16110338-9294" start="26637">cells</span>
    </annotation>
    <annotation annotator="Mike Bada, University of Colorado Anschutz Medical Campus" id="GO_CC_2016_02_16_test_Instance_15489" type="identity">
      <class id="CL_GO_EXT:cell" label="cell"/>
      <span end="26667" id="16110338-9296" start="26662">cells</span>
    </annotation>
    <annotation annotator="Mike Bada, University of Colorado Anschutz Medical Campus" id="GO_CC_2016_02_16_test_Instance_15491" type="identity">
      <class id="CL_GO_EXT:cell" label="cell"/>
      <span end="27660" id="16110338-9298" start="27655">cells</span>
    </annotation>
    <annotation annotator="Mike Bada, University of Colorado Anschutz Medical Campus" id="GO_CC_2016_02_16_test_Instance_15493" type="identity">
      <class id="CL_GO_EXT:cell" label="cell"/>
      <span end="27800" id="16110338-9300" start="27795">cells</span>
    </annotation>
    <annotation annotator="" id="GO_CC_2016_02_16_Instance_80234" type="identity">
      <class id="GO:0044297" label="cell body"/>
      <span end="27861" id="16110338-9134" start="27850">cell bodies</span>
    </annotation>
    <annotation annotator="Mike Bada, University of Colorado Anschutz Medical Campus" id="GO_CC_2016_02_16_test_Instance_15497" type="identity">
      <class id="CL_GO_EXT:cell" label="cell"/>
      <span end="27926" id="16110338-9302" start="27921">cells</span>
    </annotation>
    <annotation annotator="" id="GO_CC_2016_02_16_Instance_80196" type="identity">
      <class id="GO:0042571" label="immunoglobulin complex, circulating"/>
      <span end="28042" id="16110338-9096" start="28034">antibody</span>
    </annotation>
    <annotation annotator="Mike Bada, University of Colorado Anschutz Medical Campus" id="GO_CC_2016_02_16_test_Instance_15499" type="identity">
      <class id="CL_GO_EXT:cell" label="cell"/>
      <span end="32236" id="16110338-9304" start="32231">cells</span>
    </annotation>
    <annotation annotator="Mike Bada, University of Colorado Anschutz Medical Campus" id="GO_CC_2016_02_16_test_Instance_15501" type="identity">
      <class id="CL_GO_EXT:cell" label="cell"/>
      <span end="33542" id="16110338-9306" start="33537">cells</span>
    </annotation>
    <annotation annotator="Mike Bada, University of Colorado Anschutz Medical Campus" id="GO_CC_2016_02_16_test_Instance_15503" type="identity">
      <class id="CL_GO_EXT:cell" label="cell"/>
      <span end="33700" id="16110338-9308" start="33695">cells</span>
    </annotation>
    <annotation annotator="Mike Bada, University of Colorado Anschutz Medical Campus" id="GO_CC_2016_02_16_test_Instance_15505" type="identity">
      <class id="CL_GO_EXT:cell" label="cell"/>
      <span end="35588" id="16110338-9310" start="35583">cells</span>
    </annotation>
    <annotation annotator="Mike Bada, University of Colorado Anschutz Medical Campus" id="GO_CC_2016_02_16_test_Instance_15507" type="identity">
      <class id="CL_GO_EXT:cell" label="cell"/>
      <span end="35660" id="16110338-9312" start="35656">cell</span>
    </annotation>
    <annotation annotator="Mike Bada, University of Colorado Anschutz Medical Campus" id="GO_CC_2016_02_16_test_Instance_15509" type="identity">
      <class id="CL_GO_EXT:cell" label="cell"/>
      <span end="35735" id="16110338-9314" start="35730">cells</span>
    </annotation>
    <annotation annotator="Mike Bada, University of Colorado Anschutz Medical Campus" id="GO_CC_2016_02_16_test_Instance_15511" type="identity">
      <class id="CL_GO_EXT:cell" label="cell"/>
      <span end="35848" id="16110338-9316" start="35843">cells</span>
    </annotation>
    <annotation annotator="Mike Bada, University of Colorado Anschutz Medical Campus" id="GO_CC_2016_02_16_test_Instance_15513" type="identity">
      <class id="CL_GO_EXT:cell" label="cell"/>
      <span end="36034" id="16110338-9318" start="36030">cell</span>
    </annotation>
    <annotation annotator="Mike Bada, University of Colorado Anschutz Medical Campus" id="GO_CC_2016_02_16_test_Instance_15515" type="identity">
      <class id="CL_GO_EXT:cell" label="cell"/>
      <span end="36326" id="16110338-9320" start="36322">cell</span>
    </annotation>
    <annotation annotator="Mike Bada, University of Colorado Anschutz Medical Campus" id="GO_CC_2016_02_16_test_Instance_15517" type="identity">
      <class id="CL_GO_EXT:cell" label="cell"/>
      <span end="36680" id="16110338-9322" start="36675">cells</span>
    </annotation>
    <annotation annotator="Mike Bada, University of Colorado Anschutz Medical Campus" id="GO_CC_2016_02_16_test_Instance_15519" type="identity">
      <class id="CL_GO_EXT:cell" label="cell"/>
      <span end="37191" id="16110338-9324" start="37186">cells</span>
    </annotation>
    <annotation annotator="Mike Bada, University of Colorado Anschutz Medical Campus" id="GO_CC_2016_02_16_test_Instance_15521" type="identity">
      <class id="CL_GO_EXT:cell" label="cell"/>
      <span end="37671" id="16110338-9326" start="37666">cells</span>
    </annotation>
    <annotation annotator="Mike Bada, University of Colorado Anschutz Medical Campus" id="GO_CC_2016_02_16_test_Instance_15523" type="identity">
      <class id="CL_GO_EXT:cell" label="cell"/>
      <span end="38545" id="16110338-9328" start="38540">cells</span>
    </annotation>
    <annotation annotator="Mike Bada, University of Colorado Anschutz Medical Campus" id="GO_CC_2016_02_16_test_Instance_15525" type="identity">
      <class id="CL_GO_EXT:cell" label="cell"/>
      <span end="39197" id="16110338-9330" start="39193">cell</span>
    </annotation>
    <annotation annotator="Mike Bada, University of Colorado Anschutz Medical Campus" id="GO_CC_2016_02_16_test_Instance_15527" type="identity">
      <class id="CL_GO_EXT:cell" label="cell"/>
      <span end="39513" id="16110338-9332" start="39508">cells</span>
    </annotation>
    <annotation annotator="Mike Bada, University of Colorado Anschutz Medical Campus" id="GO_CC_2016_02_16_test_Instance_15529" type="identity">
      <class id="CL_GO_EXT:cell" label="cell"/>
      <span end="40179" id="16110338-9334" start="40175">cell</span>
    </annotation>
    <annotation annotator="Mike Bada, University of Colorado Anschutz Medical Campus" id="GO_CC_2016_02_16_test_Instance_15531" type="identity">
      <class id="CL_GO_EXT:cell" label="cell"/>
      <span end="40281" id="16110338-9336" start="40277">cell</span>
    </annotation>
    <annotation annotator="Mike Bada, University of Colorado Anschutz Medical Campus" id="GO_CC_2016_02_16_test_Instance_15533" type="identity">
      <class id="CL_GO_EXT:cell" label="cell"/>
      <span end="40307" id="16110338-9338" start="40303">cell</span>
    </annotation>
    <annotation annotator="Mike Bada, University of Colorado Anschutz Medical Campus" id="GO_CC_2016_02_16_test_Instance_15535" type="identity">
      <class id="CL_GO_EXT:cell" label="cell"/>
      <span end="40599" id="16110338-9340" start="40595">cell</span>
    </annotation>
    <annotation annotator="Mike Bada, University of Colorado Anschutz Medical Campus" id="GO_CC_2016_02_16_test_Instance_15537" type="identity">
      <class id="CL_GO_EXT:cell" label="cell"/>
      <span end="40735" id="16110338-9342" start="40731">cell</span>
    </annotation>
    <annotation annotator="Mike Bada, University of Colorado Anschutz Medical Campus" id="GO_CC_2016_02_16_test_Instance_20403" type="identity">
      <class id="GO:0005634" label="nucleus"/>
      <span end="41832" id="16110338-9422" start="41826">nuclei</span>
    </annotation>
    <annotation annotator="Mike Bada, University of Colorado Anschutz Medical Campus" id="GO_CC_2016_02_16_test_Instance_15539" type="identity">
      <class id="CL_GO_EXT:cell" label="cell"/>
      <span end="42651" id="16110338-9344" start="42647">cell</span>
    </annotation>
    <annotation annotator="Mike Bada, University of Colorado Anschutz Medical Campus" id="GO_CC_2016_02_16_test_Instance_15541" type="identity">
      <class id="CL_GO_EXT:cell" label="cell"/>
      <span end="48136" id="16110338-9346" start="48132">cell</span>
    </annotation>
    <annotation annotator="Mike Bada, University of Colorado Anschutz Medical Campus" id="GO_CC_2016_02_16_test_Instance_15543" type="identity">
      <class id="CL_GO_EXT:cell" label="cell"/>
      <span end="48438" id="16110338-9348" start="48433">cells</span>
    </annotation>
    <annotation annotator="Mike Bada, University of Colorado Anschutz Medical Campus" id="GO_CC_2016_02_16_test_Instance_15545" type="identity">
      <class id="CL_GO_EXT:cell" label="cell"/>
      <span end="48475" id="16110338-9350" start="48471">cell</span>
    </annotation>
    <annotation annotator="" id="GO_CC_2016_02_16_Instance_80198" type="identity">
      <class id="GO:0042571" label="immunoglobulin complex, circulating"/>
      <span end="48668" id="16110338-9098" start="48660">antibody</span>
    </annotation>
    <annotation annotator="" id="GO_CC_2016_02_16_Instance_80200" type="identity">
      <class id="GO:0042571" label="immunoglobulin complex, circulating"/>
      <span end="48766" id="16110338-9100" start="48756">antibodies</span>
    </annotation>
    <annotation annotator="" id="GO_CC_2016_02_16_Instance_80202" type="identity">
      <class id="GO:0042571" label="immunoglobulin complex, circulating"/>
      <span end="48975" id="16110338-9102" start="48965">antibodies</span>
    </annotation>
    <annotation annotator="" id="GO_CC_2016_02_16_Instance_80204" type="identity">
      <class id="GO:0042571" label="immunoglobulin complex, circulating"/>
      <span end="49133" id="16110338-9104" start="49125">antibody</span>
    </annotation>
    <annotation annotator="Mike Bada, University of Colorado Anschutz Medical Campus" id="GO_CC_2016_02_16_test_Instance_20413" type="identity">
      <class id="GO:0005634" label="nucleus"/>
      <span end="49179" id="16110338-9424" start="49173">nuclei</span>
    </annotation>
    <annotation annotator="Mike Bada, University of Colorado Anschutz Medical Campus" id="GO_CC_2016_02_16_test_Instance_15547" type="identity">
      <class id="CL_GO_EXT:cell" label="cell"/>
      <span end="51234" id="16110338-9352" start="51229">cells</span>
    </annotation>
    <annotation annotator="" id="GO_CC_2016_02_16_Instance_80206" type="identity">
      <class id="GO:0044297" label="cell body"/>
      <span end="51765" id="16110338-9106" start="51754">cell bodies</span>
    </annotation>
    <annotation annotator="Mike Bada, University of Colorado Anschutz Medical Campus" id="GO_CC_2016_02_16_test_Instance_15551" type="identity">
      <class id="CL_GO_EXT:cell" label="cell"/>
      <span end="51798" id="16110338-9354" start="51793">cells</span>
    </annotation>
    <annotation annotator="" id="GO_CC_2016_02_16_Instance_80212" type="identity">
      <class id="GO:0044297" label="cell body"/>
      <span end="52094" id="16110338-9112" start="52083">cell bodies</span>
    </annotation>
    <annotation annotator="" id="GO_CC_2016_02_16_Instance_80208" type="identity">
      <class id="GO:0044297" label="cell body"/>
      <span end="52153" id="16110338-9108" start="52142">cell bodies</span>
    </annotation>
    <annotation annotator="Mike Bada, University of Colorado Anschutz Medical Campus" id="GO_CC_2016_02_16_test_Instance_15557" type="identity">
      <class id="CL_GO_EXT:cell" label="cell"/>
      <span end="52202" id="16110338-9356" start="52198">cell</span>
    </annotation>
    <annotation annotator="Mike Bada, University of Colorado Anschutz Medical Campus" id="GO_CC_2016_02_16_test_Instance_15559" type="identity">
      <class id="CL_GO_EXT:cell" label="cell"/>
      <span end="52289" id="16110338-9358" start="52284">cells</span>
    </annotation>
    <annotation annotator="Mike Bada, University of Colorado Anschutz Medical Campus" id="GO_CC_2016_02_16_test_Instance_21029" type="identity">
      <class id="GO:0005886" label="plasma membrane"/>
      <span end="52396" id="16110338-9456" start="52382">cell membranes</span>
    </annotation>
    <annotation annotator="Mike Bada, University of Colorado Anschutz Medical Campus" id="GO_CC_2016_02_16_test_Instance_15563" type="identity">
      <class id="CL_GO_EXT:cell" label="cell"/>
      <span end="52667" id="16110338-9360" start="52662">cells</span>
    </annotation>
    <annotation annotator="" id="GO_CC_2016_02_16_Instance_80214" type="identity">
      <class id="GO:0005634" label="nucleus"/>
      <span end="52824" id="16110338-9114" start="52817">nuclear</span>
    </annotation>
    <annotation annotator="Mike Bada, University of Colorado Anschutz Medical Campus" id="GO_CC_2016_02_16_test_Instance_20421" type="identity">
      <class id="GO:0005739" label="mitochondrion"/>
      <span end="52837" id="16110338-9426" start="52825">mitochondria</span>
    </annotation>
    <annotation annotator="Mike Bada, University of Colorado Anschutz Medical Campus" id="GO_CC_2016_02_16_test_Instance_15565" type="identity">
      <class id="CL_GO_EXT:cell" label="cell"/>
      <span end="52910" id="16110338-9362" start="52905">cells</span>
    </annotation>
    <annotation annotator="" id="GO_CC_2016_02_16_Instance_80216" type="identity">
      <class id="GO:0005634" label="nucleus"/>
      <span end="52931" id="16110338-9116" start="52924">nuclear</span>
    </annotation>
    <annotation annotator="Mike Bada, University of Colorado Anschutz Medical Campus" id="GO_CC_2016_02_16_test_Instance_31125" type="identity">
      <class id="GO:0043226" label="organelle"/>
      <span end="52942" id="16110338-9494" start="52932">organelles</span>
    </annotation>
    <annotation annotator="" id="GO_CC_2016_02_16_Instance_80218" type="identity">
      <class id="GO:0005634" label="nucleus"/>
      <span end="53016" id="16110338-9118" start="53009">nuclear</span>
    </annotation>
    <annotation annotator="Mike Bada, University of Colorado Anschutz Medical Campus" id="GO_CC_2016_02_16_test_Instance_31127" type="identity">
      <class id="GO:0043226" label="organelle"/>
      <span end="53026" id="16110338-9496" start="53017">organelle</span>
    </annotation>
    <annotation annotator="" id="GO_CC_2016_02_16_Instance_80220" type="identity">
      <class id="GO:0005634" label="nucleus"/>
      <span end="53102" id="16110338-9120" start="53095">nuclear</span>
    </annotation>
    <annotation annotator="Mike Bada, University of Colorado Anschutz Medical Campus" id="GO_CC_2016_02_16_test_Instance_20423" type="identity">
      <class id="GO:0005739" label="mitochondrion"/>
      <span end="53115" id="16110338-9428" start="53103">mitochondria</span>
    </annotation>
    <annotation annotator="" id="GO_CC_2016_02_16_Instance_80210" type="identity">
      <class id="GO:0044297" label="cell body"/>
      <span end="53197" id="16110338-9110" start="53186">cell bodies</span>
    </annotation>
    <annotation annotator="Mike Bada, University of Colorado Anschutz Medical Campus" id="GO_CC_2016_02_16_test_Instance_15603" type="identity">
      <class id="CL_GO_EXT:cell" label="cell"/>
      <span end="54794" id="16110338-9388" start="54789">cells</span>
    </annotation>
    <annotation annotator="Mike Bada, University of Colorado Anschutz Medical Campus" id="GO_CC_2016_02_16_test_Instance_15569" type="identity">
      <class id="CL_GO_EXT:cell" label="cell"/>
      <span end="54971" id="16110338-9364" start="54966">cells</span>
    </annotation>
    <annotation annotator="Mike Bada, University of Colorado Anschutz Medical Campus" id="GO_CC_2016_02_16_test_Instance_15605" type="identity">
      <class id="CL_GO_EXT:cell" label="cell"/>
      <span end="60064" id="16110338-9390" start="60060">cell</span>
    </annotation>
    <annotation annotator="" id="GO_CC_2016_02_16_Instance_80244" type="identity">
      <class id="GO:0005634" label="nucleus"/>
      <span end="60091" id="16110338-9144" start="60084">nuclear</span>
    </annotation>
    <annotation annotator="" id="GO_CC_2016_02_16_Instance_80246" type="identity">
      <class id="GO:0005634" label="nucleus"/>
      <span end="60118" id="16110338-9146" start="60111">nuclear</span>
    </annotation>
    <annotation annotator="Mike Bada, University of Colorado Anschutz Medical Campus" id="GO_CC_2016_02_16_test_Instance_15571" type="identity">
      <class id="CL_GO_EXT:cell" label="cell"/>
      <span end="61717" id="16110338-9366" start="61713">cell</span>
    </annotation>
    <annotation annotator="Mike Bada, University of Colorado Anschutz Medical Campus" id="GO_CC_2016_02_16_test_Instance_15573" type="identity">
      <class id="CL_GO_EXT:cell" label="cell"/>
      <span end="61899" id="16110338-9368" start="61894">cells</span>
    </annotation>
    <annotation annotator="Mike Bada, University of Colorado Anschutz Medical Campus" id="GO_CC_2016_02_16_test_Instance_15575" type="identity">
      <class id="CL_GO_EXT:cell" label="cell"/>
      <span end="63134" id="16110338-9370" start="63129">cells</span>
    </annotation>
    <annotation annotator="Mike Bada, University of Colorado Anschutz Medical Campus" id="GO_CC_2016_02_16_test_Instance_20555" type="identity">
      <class id="GO:0001917" label="photoreceptor inner segment"/>
      <span end="63182" id="16110338-9454" start="63180">IS</span>
    </annotation>
    <annotation annotator="Mike Bada, University of Colorado Anschutz Medical Campus" id="GO_CC_2016_02_16_test_Instance_20553" type="identity">
      <class id="GO:0001917" label="photoreceptor inner segment"/>
      <span end="63189" id="16110338-9451" start="63184">inner</span>
      <span end="63202" id="16110338-9452" start="63195">segment</span>
    </annotation>
    <annotation annotator="Mike Bada, University of Colorado Anschutz Medical Campus" id="GO_CC_2016_02_16_test_Instance_21471" type="identity">
      <class id="CL_GO_EXT:cell" label="cell"/>
      <span end="63962" id="16110338-9464" start="63958">Cell</span>
    </annotation>
    <annotation annotator="" id="GO_CC_2016_02_16_Instance_80222" type="identity">
      <class id="GO:0042571" label="immunoglobulin complex, circulating"/>
      <span end="64015" id="16110338-9122" start="64007">Antibody</span>
    </annotation>
    <annotation annotator="Mike Bada, University of Colorado Anschutz Medical Campus" id="GO_CC_2016_02_16_test_Instance_15607" type="identity">
      <class id="CL_GO_EXT:cell" label="cell"/>
      <span end="64071" id="16110338-9392" start="64067">cell</span>
    </annotation>
    <annotation annotator="Mike Bada, University of Colorado Anschutz Medical Campus" id="GO_CC_2016_02_16_test_Instance_15609" type="identity">
      <class id="CL_GO_EXT:cell" label="cell"/>
      <span end="64161" id="16110338-9394" start="64156">cells</span>
    </annotation>
    <annotation annotator="" id="GO_CC_2016_02_16_Instance_80248" type="identity">
      <class id="GO:0005634" label="nucleus"/>
      <span end="64241" id="16110338-9148" start="64234">nuclear</span>
    </annotation>
    <annotation annotator="" id="GO_CC_2016_02_16_Instance_80224" type="identity">
      <class id="GO:0042571" label="immunoglobulin complex, circulating"/>
      <span end="64291" id="16110338-9124" start="64283">antibody</span>
    </annotation>
    <annotation annotator="" id="GO_CC_2016_02_16_Instance_80250" type="identity">
      <class id="GO:0005634" label="nucleus"/>
      <span end="64370" id="16110338-9150" start="64363">nuclear</span>
    </annotation>
    <annotation annotator="Mike Bada, University of Colorado Anschutz Medical Campus" id="GO_CC_2016_02_16_test_Instance_20431" type="identity">
      <class id="GO:0001750" label="photoreceptor outer segment"/>
      <span end="64491" id="16110338-9430" start="64477">outer segments</span>
    </annotation>
    <annotation annotator="Mike Bada, University of Colorado Anschutz Medical Campus" id="GO_CC_2016_02_16_test_Instance_15611" type="identity">
      <class id="CL_GO_EXT:cell" label="cell"/>
      <span end="64712" id="16110338-9396" start="64707">cells</span>
    </annotation>
    <annotation annotator="" id="GO_CC_2016_02_16_Instance_80252" type="identity">
      <class id="GO:0005634" label="nucleus"/>
      <span end="64753" id="16110338-9152" start="64746">nuclear</span>
    </annotation>
    <annotation annotator="Mike Bada, University of Colorado Anschutz Medical Campus" id="GO_CC_2016_02_16_test_Instance_20433" type="identity">
      <class id="GO:0001917" label="photoreceptor inner segment"/>
      <span end="64927" id="16110338-9432" start="64911">inner segment of</span>
      <span end="64946" id="16110338-9433" start="64932">photoreceptors</span>
    </annotation>
    <annotation annotator="Mike Bada, University of Colorado Anschutz Medical Campus" id="GO_CC_2016_02_16_test_Instance_15613" type="identity">
      <class id="CL_GO_EXT:cell" label="cell"/>
      <span end="65240" id="16110338-9398" start="65235">cells</span>
    </annotation>
    <annotation annotator="Mike Bada, University of Colorado Anschutz Medical Campus" id="GO_CC_2016_02_16_test_Instance_21473" type="identity">
      <class id="CL_GO_EXT:cell" label="cell"/>
      <span end="66264" id="16110338-9466" start="66260">Cell</span>
    </annotation>
    <annotation annotator="" id="GO_CC_2016_02_16_Instance_80254" type="identity">
      <class id="GO:0005634" label="nucleus"/>
      <span end="66395" id="16110338-9154" start="66388">nuclear</span>
    </annotation>
    <annotation annotator="Mike Bada, University of Colorado Anschutz Medical Campus" id="GO_CC_2016_02_16_test_Instance_15577" type="identity">
      <class id="CL_GO_EXT:cell" label="cell"/>
      <span end="66473" id="16110338-9372" start="66468">cells</span>
    </annotation>
    <annotation annotator="Mike Bada, University of Colorado Anschutz Medical Campus" id="GO_CC_2016_02_16_test_Instance_21467" type="identity">
      <class id="CL_GO_EXT:cell" label="cell"/>
      <span end="66509" id="16110338-9460" start="66504">Cells</span>
    </annotation>
    <annotation annotator="Mike Bada, University of Colorado Anschutz Medical Campus" id="GO_CC_2016_02_16_test_Instance_20435" type="identity">
      <class id="GO:0005634" label="nucleus"/>
      <span end="66526" id="16110338-9435" start="66519">nuclear</span>
    </annotation>
    <annotation annotator="Mike Bada, University of Colorado Anschutz Medical Campus" id="GO_CC_2016_02_16_test_Instance_15579" type="identity">
      <class id="CL_GO_EXT:cell" label="cell"/>
      <span end="66604" id="16110338-9374" start="66599">cells</span>
    </annotation>
    <annotation annotator="" id="GO_CC_2016_02_16_Instance_80226" type="identity">
      <class id="GO:0044297" label="cell body"/>
      <span end="66652" id="16110338-9126" start="66641">cell bodies</span>
    </annotation>
    <annotation annotator="" id="GO_CC_2016_02_16_Instance_80256" type="identity">
      <class id="GO:0005634" label="nucleus"/>
      <span end="66695" id="16110338-9156" start="66688">nuclear</span>
    </annotation>
    <annotation annotator="" id="GO_CC_2016_02_16_Instance_80258" type="identity">
      <class id="GO:0005634" label="nucleus"/>
      <span end="66770" id="16110338-9158" start="66763">nuclear</span>
    </annotation>
    <annotation annotator="Mike Bada, University of Colorado Anschutz Medical Campus" id="GO_CC_2016_02_16_test_Instance_15583" type="identity">
      <class id="CL_GO_EXT:cell" label="cell"/>
      <span end="66921" id="16110338-9376" start="66916">cells</span>
    </annotation>
    <annotation annotator="" id="GO_CC_2016_02_16_Instance_80260" type="identity">
      <class id="GO:0005634" label="nucleus"/>
      <span end="67028" id="16110338-9160" start="67021">nuclear</span>
    </annotation>
    <annotation annotator="" id="GO_CC_2016_02_16_Instance_80262" type="identity">
      <class id="GO:0005634" label="nucleus"/>
      <span end="67176" id="16110338-9162" start="67169">nuclear</span>
    </annotation>
    <annotation annotator="Mike Bada, University of Colorado Anschutz Medical Campus" id="GO_CC_2016_02_16_test_Instance_15585" type="identity">
      <class id="CL_GO_EXT:cell" label="cell"/>
      <span end="67265" id="16110338-9378" start="67260">cells</span>
    </annotation>
    <annotation annotator="" id="GO_CC_2016_02_16_Instance_80264" type="identity">
      <class id="GO:0005634" label="nucleus"/>
      <span end="67304" id="16110338-9164" start="67297">nuclear</span>
    </annotation>
    <annotation annotator="Mike Bada, University of Colorado Anschutz Medical Campus" id="GO_CC_2016_02_16_test_Instance_15587" type="identity">
      <class id="CL_GO_EXT:cell" label="cell"/>
      <span end="67373" id="16110338-9380" start="67368">cells</span>
    </annotation>
    <annotation annotator="Mike Bada, University of Colorado Anschutz Medical Campus" id="GO_CC_2016_02_16_test_Instance_15589" type="identity">
      <class id="CL_GO_EXT:cell" label="cell"/>
      <span end="67514" id="16110338-9382" start="67509">cells</span>
    </annotation>
    <annotation annotator="" id="GO_CC_2016_02_16_Instance_80266" type="identity">
      <class id="GO:0005634" label="nucleus"/>
      <span end="67586" id="16110338-9166" start="67579">nuclear</span>
    </annotation>
    <annotation annotator="" id="GO_CC_2016_02_16_Instance_80232" type="identity">
      <class id="GO:0044297" label="cell body"/>
      <span end="67666" id="16110338-9132" start="67655">cell bodies</span>
    </annotation>
    <annotation annotator="" id="GO_CC_2016_02_16_Instance_80228" type="identity">
      <class id="GO:0044297" label="cell body"/>
      <span end="67704" id="16110338-9128" start="67693">cell bodies</span>
    </annotation>
    <annotation annotator="Mike Bada, University of Colorado Anschutz Medical Campus" id="GO_CC_2016_02_16_test_Instance_20443" type="identity">
      <class id="GO:0005634" label="nucleus"/>
      <span end="67765" id="16110338-9437" start="67758">nucleus</span>
    </annotation>
    <annotation annotator="Mike Bada, University of Colorado Anschutz Medical Campus" id="GO_CC_2016_02_16_test_Instance_20445" type="identity">
      <class id="GO:0000792" label="heterochromatin"/>
      <span end="67810" id="16110338-9439" start="67795">heterochromatin</span>
    </annotation>
    <annotation annotator="Mike Bada, University of Colorado Anschutz Medical Campus" id="GO_CC_2016_02_16_test_Instance_15595" type="identity">
      <class id="CL_GO_EXT:cell" label="cell"/>
      <span end="67852" id="16110338-9384" start="67848">cell</span>
    </annotation>
    <annotation annotator="Mike Bada, University of Colorado Anschutz Medical Campus" id="GO_CC_2016_02_16_test_Instance_20447" type="identity">
      <class id="GO:0000792" label="heterochromatin"/>
      <span end="67919" id="16110338-9441" start="67904">heterochromatin</span>
    </annotation>
    <annotation annotator="Mike Bada, University of Colorado Anschutz Medical Campus" id="GO_CC_2016_02_16_test_Instance_20449" type="identity">
      <class id="GO:0000791" label="euchromatin"/>
      <span end="67938" id="16110338-9443" start="67927">euchromatin</span>
    </annotation>
    <annotation annotator="" id="GO_CC_2016_02_16_Instance_80236" type="identity">
      <class id="GO:0005634" label="nucleus"/>
      <span end="67960" id="16110338-9136" start="67953">nuclear</span>
    </annotation>
    <annotation annotator="Mike Bada, University of Colorado Anschutz Medical Campus" id="GO_CC_2016_02_16_test_Instance_20451" type="identity">
      <class id="GO:0005739" label="mitochondrion"/>
      <span end="67973" id="16110338-9445" start="67961">mitochondria</span>
    </annotation>
    <annotation annotator="" id="GO_CC_2016_02_16_Instance_80230" type="identity">
      <class id="GO:0044297" label="cell body"/>
      <span end="68024" id="16110338-9130" start="68015">cell body</span>
    </annotation>
    <annotation annotator="Mike Bada, University of Colorado Anschutz Medical Campus" id="GO_CC_2016_02_16_test_Instance_15599" type="identity">
      <class id="CL_GO_EXT:cell" label="cell"/>
      <span end="68043" id="16110338-9386" start="68039">cell</span>
    </annotation>
    <annotation annotator="Mike Bada, University of Colorado Anschutz Medical Campus" id="GO_CC_2016_02_16_test_Instance_20455" type="identity">
      <class id="GO:0000792" label="heterochromatin"/>
      <span end="68090" id="16110338-9447" start="68075">heterochromatin</span>
    </annotation>
    <annotation annotator="" id="GO_CC_2016_02_16_Instance_80238" type="identity">
      <class id="GO:0005634" label="nucleus"/>
      <span end="68116" id="16110338-9138" start="68109">nuclear</span>
    </annotation>
    <annotation annotator="Mike Bada, University of Colorado Anschutz Medical Campus" id="GO_CC_2016_02_16_test_Instance_20457" type="identity">
      <class id="GO:0005739" label="mitochondrion"/>
      <span end="68130" id="16110338-9449" start="68117">mitochondrion</span>
    </annotation>
    <graph-space id="Old Knowtator Relations"/>
  </document>
</knowtator-project>
