<?xml version="1.0" encoding="UTF-8" standalone="no"?>
<knowtator-project>
    <document id="16121256" text-file="16121256.txt">
        <annotation annotator="Mike Bada, University of Colorado Anschutz Medical Campus" id="GO_CC_2016_02_16_test_Instance_20341" type="identity">
            <class id="GO:0005739" label="mitochondrion"/>
            <span end="189" id="16121256-10021" start="176">mitochondrial</span>
        </annotation>
        <annotation annotator="Mike Bada, University of Colorado Anschutz Medical Campus" id="GO_CC_2016_02_16_test_Instance_15781" type="identity">
            <class id="CL_GO_EXT:cell" label="cell"/>
            <span end="382" id="16121256-9999" start="377">cells</span>
        </annotation>
        <annotation annotator="Mike Bada, University of Colorado Anschutz Medical Campus" id="GO_CC_2016_02_16_test_Instance_15783" type="identity">
            <class id="CL_GO_EXT:cell" label="cell"/>
            <span end="1518" id="16121256-10001" start="1513">cells</span>
        </annotation>
        <annotation annotator="Mike Bada, University of Colorado Anschutz Medical Campus" id="GO_CC_2016_02_16_test_Instance_20347" type="identity">
            <class id="GO:0005739" label="mitochondrion"/>
            <span end="2127" id="16121256-10025" start="2114">Mitochondrial</span>
        </annotation>
        <annotation annotator="Mike Bada, University of Colorado Anschutz Medical Campus" id="GO_CC_2016_02_16_test_Instance_20343" type="identity">
            <class id="GO:0005739" label="mitochondrion"/>
            <span end="2253" id="16121256-10023" start="2241">mitochondria</span>
        </annotation>
        <annotation annotator="Mike Bada, University of Colorado Anschutz Medical Campus" id="GO_CC_2016_02_16_test_Instance_31209" type="identity">
            <class id="GO:0005634" label="nucleus"/>
            <span end="2657" id="16121256-10049" start="2650">nucleus</span>
        </annotation>
        <annotation annotator="Mike Bada, University of Colorado Anschutz Medical Campus" id="GO_CC_2016_02_16_test_Instance_31211" type="identity">
            <class id="GO:0005829" label="cytosol"/>
            <span end="2684" id="16121256-10051" start="2677">cytosol</span>
        </annotation>
        <annotation annotator="Mike Bada, University of Colorado Anschutz Medical Campus" id="GO_CC_2016_02_16_test_Instance_31213" type="identity">
            <class id="GO:0005759" label="mitochondrial matrix"/>
            <span end="2732" id="16121256-10053" start="2712">mitochondrial matrix</span>
        </annotation>
        <annotation annotator="Mike Bada, University of Colorado Anschutz Medical Campus" id="GO_CC_2016_02_16_test_Instance_31215" type="identity">
            <class id="GO:0005759" label="mitochondrial matrix"/>
            <span end="2776" id="16121256-10055" start="2756">mitochondrial matrix</span>
        </annotation>
        <annotation annotator="" id="GO_CC_2016_02_16_Instance_80350" type="identity">
            <class id="GO_EXT:tetrameric_macromolecular_complex" label="tetrameric macromolecular complex"/>
            <span end="2828" id="16121256-9975" start="2819">tetramers</span>
        </annotation>
        <annotation annotator="Mike Bada, University of Colorado Anschutz Medical Campus" id="GO_CC_2016_02_16_test_Instance_20497" type="identity">
            <class id="GO:0030849" label="autosome"/>
            <span end="2982" id="16121256-10027" start="2973">autosomal</span>
        </annotation>
        <annotation annotator="Mike Bada, University of Colorado Anschutz Medical Campus" id="GO_CC_2016_02_16_test_Instance_15785" type="identity">
            <class id="CL_GO_EXT:cell" label="cell"/>
            <span end="4139" id="16121256-10003" start="4134">cells</span>
        </annotation>
        <annotation annotator="Mike Bada, University of Colorado Anschutz Medical Campus" id="GO_CC_2016_02_16_test_Instance_15801" type="identity">
            <class id="CL_GO_EXT:cell" label="cell"/>
            <span end="4536" id="16121256-10019" start="4531">cells</span>
        </annotation>
        <annotation annotator="" id="GO_CC_2016_02_16_Instance_80352" type="identity">
            <class id="GO_EXT:tetrameric_macromolecular_complex" label="tetrameric macromolecular complex"/>
            <span end="5210" id="16121256-9977" start="5202">tetramer</span>
        </annotation>
        <annotation annotator="Mike Bada, University of Colorado Anschutz Medical Campus" id="GO_CC_2016_02_16_test_Instance_15787" type="identity">
            <class id="CL_GO_EXT:cell" label="cell"/>
            <span end="5625" id="16121256-10005" start="5620">cells</span>
        </annotation>
        <annotation annotator="Mike Bada, University of Colorado Anschutz Medical Campus" id="GO_CC_2016_02_16_test_Instance_15789" type="identity">
            <class id="CL_GO_EXT:cell" label="cell"/>
            <span end="5887" id="16121256-10007" start="5883">cell</span>
        </annotation>
        <annotation annotator="Mike Bada, University of Colorado Anschutz Medical Campus" id="GO_CC_2016_02_16_test_Instance_15791" type="identity">
            <class id="CL_GO_EXT:cell" label="cell"/>
            <span end="5937" id="16121256-10009" start="5933">cell</span>
        </annotation>
        <annotation annotator="Mike Bada, University of Colorado Anschutz Medical Campus" id="GO_CC_2016_02_16_test_Instance_15793" type="identity">
            <class id="CL_GO_EXT:cell" label="cell"/>
            <span end="5953" id="16121256-10011" start="5949">cell</span>
        </annotation>
        <annotation annotator="Mike Bada, University of Colorado Anschutz Medical Campus" id="GO_CC_2016_02_16_test_Instance_15795" type="identity">
            <class id="CL_GO_EXT:cell" label="cell"/>
            <span end="6306" id="16121256-10013" start="6302">cell</span>
        </annotation>
        <annotation annotator="" id="GO_CC_2016_02_16_Instance_80354" type="identity">
            <class id="GO:0042571" label="immunoglobulin complex, circulating"/>
            <span end="9418" id="16121256-9979" start="9410">antibody</span>
        </annotation>
        <annotation annotator="" id="GO_CC_2016_02_16_Instance_80356" type="identity">
            <class id="GO:0042571" label="immunoglobulin complex, circulating"/>
            <span end="9440" id="16121256-9981" start="9432">antibody</span>
        </annotation>
        <annotation annotator="" id="GO_CC_2016_02_16_Instance_80358" type="identity">
            <class id="GO:0042571" label="immunoglobulin complex, circulating"/>
            <span end="9656" id="16121256-9983" start="9648">antibody</span>
        </annotation>
        <annotation annotator="" id="GO_CC_2016_02_16_Instance_80360" type="identity">
            <class id="GO:0042571" label="immunoglobulin complex, circulating"/>
            <span end="9798" id="16121256-9985" start="9788">antibodies</span>
        </annotation>
        <annotation annotator="Mike Bada, University of Colorado Anschutz Medical Campus" id="GO_CC_2016_02_16_test_Instance_22231" type="identity">
            <class id="GO:0045251" label="electron transfer flavoprotein complex"/>
            <span end="9942" id="16121256-10037" start="9911">electron transport flavoprotein</span>
        </annotation>
        <annotation annotator="Mike Bada, University of Colorado Anschutz Medical Campus" id="GO_CC_2016_02_16_test_Instance_22233" type="identity">
            <class id="GO:0045251" label="electron transfer flavoprotein complex"/>
            <span end="9947" id="16121256-10039" start="9944">ETF</span>
        </annotation>
        <annotation annotator="" id="GO_CC_2016_02_16_Instance_101811" type="identity">
            <class id="GO:0031982" label="vesicle"/>
            <span end="14566" id="16121256-9969" start="14557">vesicular</span>
        </annotation>
        <annotation annotator="" id="GO_CC_2016_02_16_Instance_101813" type="identity">
            <class id="GO:0031982" label="vesicle"/>
            <span end="14585" id="16121256-9971" start="14576">vesicular</span>
        </annotation>
        <annotation annotator="" id="GO_CC_2016_02_16_Instance_80366" type="identity">
            <class id="GO:0031982" label="vesicle"/>
            <span end="15282" id="16121256-9987" start="15273">vesicular</span>
        </annotation>
        <annotation annotator="" id="GO_CC_2016_02_16_Instance_80368" type="identity">
            <class id="GO:0031982" label="vesicle"/>
            <span end="15301" id="16121256-9989" start="15292">vesicular</span>
        </annotation>
        <annotation annotator="Mike Bada, University of Colorado Anschutz Medical Campus" id="GO_CC_2016_02_16_test_Instance_31217" type="identity">
            <class id="GO:0016528" label="sarcoplasm"/>
            <span end="15700" id="16121256-10057" start="15690">sarcoplasm</span>
        </annotation>
        <annotation annotator="Mike Bada, University of Colorado Anschutz Medical Campus" id="GO_CC_2016_02_16_test_Instance_31219" type="identity">
            <class id="GO:0030016" label="myofibril"/>
            <span end="15727" id="16121256-10059" start="15717">myofibrils</span>
        </annotation>
        <annotation annotator="Mike Bada, University of Colorado Anschutz Medical Campus" id="GO_CC_2016_02_16_test_Instance_20509" type="identity">
            <class id="GO:0005634" label="nucleus"/>
            <span end="15778" id="16121256-10029" start="15772">Nuclei</span>
        </annotation>
        <annotation annotator="Mike Bada, University of Colorado Anschutz Medical Campus" id="GO_CC_2016_02_16_test_Instance_20511" type="identity">
            <class id="GO:0031982" label="vesicle"/>
            <span end="15831" id="16121256-10031" start="15822">vesicular</span>
        </annotation>
        <annotation annotator="Mike Bada, University of Colorado Anschutz Medical Campus" id="GO_CC_2016_02_16_test_Instance_20513" type="identity">
            <class id="GO:0005730" label="nucleolus"/>
            <span end="15858" id="16121256-10033" start="15850">nucleoli</span>
        </annotation>
        <annotation annotator="Mike Bada, University of Colorado Anschutz Medical Campus" id="GO_CC_2016_02_16_test_Instance_22235" type="identity">
            <class id="GO:0045251" label="electron transfer flavoprotein complex"/>
            <span end="17047" id="16121256-10041" start="17044">ETF</span>
        </annotation>
        <annotation annotator="" id="GO_CC_2016_02_16_Instance_80370" type="identity">
            <class id="GO:0031982" label="vesicle"/>
            <span end="18568" id="16121256-9991" start="18559">vesicular</span>
        </annotation>
        <annotation annotator="" id="GO_CC_2016_02_16_Instance_80372" type="identity">
            <class id="GO:0031982" label="vesicle"/>
            <span end="18587" id="16121256-9993" start="18578">vesicular</span>
        </annotation>
        <annotation annotator="Mike Bada, University of Colorado Anschutz Medical Campus" id="GO_CC_2016_02_16_test_Instance_20515" type="identity">
            <class id="GO:0005739" label="mitochondrion"/>
            <span end="20409" id="16121256-10035" start="20396">mitochondrial</span>
        </annotation>
        <annotation annotator="Mike Bada, University of Colorado Anschutz Medical Campus" id="GO_CC_2016_02_16_test_Instance_15797" type="identity">
            <class id="CL_GO_EXT:cell" label="cell"/>
            <span end="21893" id="16121256-10015" start="21888">cells</span>
        </annotation>
        <annotation annotator="Mike Bada, University of Colorado Anschutz Medical Campus" id="GO_CC_2016_02_16_test_Instance_15799" type="identity">
            <class id="CL_GO_EXT:cell" label="cell"/>
            <span end="22564" id="16121256-10017" start="22560">cell</span>
        </annotation>
        <annotation annotator="" id="GO_CC_2016_02_16_Instance_80374" type="identity">
            <class id="GO:0042571" label="immunoglobulin complex, circulating"/>
            <span end="25908" id="16121256-9995" start="25900">antibody</span>
        </annotation>
        <annotation annotator="" id="GO_CC_2016_02_16_Instance_102107" type="identity">
            <class id="GO:0071735" label="IgG immunoglobulin complex"/>
            <span end="25948" id="16121256-9973" start="25945">IgG</span>
        </annotation>
        <annotation annotator="" id="GO_CC_2016_02_16_Instance_80376" type="identity">
            <class id="GO:0042571" label="immunoglobulin complex, circulating"/>
            <span end="25982" id="16121256-9997" start="25974">antibody</span>
        </annotation>
        <annotation annotator="Mike Bada, University of Colorado Anschutz Medical Campus" id="GO_CC_2016_02_16_test_Instance_22237" type="identity">
            <class id="GO:0045251" label="electron transfer flavoprotein complex"/>
            <span end="26349" id="16121256-10043" start="26346">ETF</span>
        </annotation>
        <annotation annotator="Mike Bada, University of Colorado Anschutz Medical Campus" id="GO_CC_2016_02_16_test_Instance_22239" type="identity">
            <class id="GO:0045251" label="electron transfer flavoprotein complex"/>
            <span end="29327" id="16121256-10045" start="29324">ETF</span>
        </annotation>
        <annotation annotator="Mike Bada, University of Colorado Anschutz Medical Campus" id="GO_CC_2016_02_16_test_Instance_22241" type="identity">
            <class id="GO:0045251" label="electron transfer flavoprotein complex"/>
            <span end="29361" id="16121256-10047" start="29330">electron transport flavoprotein</span>
        </annotation>
        <graph-space id="Old Knowtator Relations"/>
    </document>
</knowtator-project>
