<?xml version="1.0" encoding="UTF-8" standalone="no"?>
<knowtator-project>
  <document id="16221973" text-file="16221973.txt">
    <annotation annotator="Mike Bada, University of Colorado Anschutz Medical Campus" id="GO_CC_2016_02_16_test_Instance_10139" type="identity">
      <class id="GO:0005856" label="cytoskeleton"/>
      <span end="1334" id="16221973-10182" start="1322">cytoskeletal</span>
    </annotation>
    <annotation annotator="Mike Bada, University of Colorado Anschutz Medical Campus" id="GO_CC_2016_02_16_test_Instance_15845" type="identity">
      <class id="CL_GO_EXT:cell" label="cell"/>
      <span end="1683" id="16221973-10184" start="1675">cellular</span>
    </annotation>
    <annotation annotator="Mike Bada, University of Colorado Anschutz Medical Campus" id="GO_CC_2016_02_16_test_Instance_20521" type="identity">
      <class id="GO:0005886" label="plasma membrane"/>
      <span end="3219" id="16221973-10248" start="3204">plasma membrane</span>
    </annotation>
    <annotation annotator="Mike Bada, University of Colorado Anschutz Medical Campus" id="GO_CC_2016_02_16_test_Instance_15847" type="identity">
      <class id="CL_GO_EXT:cell" label="cell"/>
      <span end="6012" id="16221973-10186" start="6007">cells</span>
    </annotation>
    <annotation annotator="Mike Bada, University of Colorado Anschutz Medical Campus" id="GO_CC_2016_02_16_test_Instance_21505" type="identity">
      <class id="CL_GO_EXT:cell" label="cell"/>
      <span end="13056" id="16221973-10286" start="13052">Cell</span>
    </annotation>
    <annotation annotator="Mike Bada, University of Colorado Anschutz Medical Campus" id="GO_CC_2016_02_16_test_Instance_15849" type="identity">
      <class id="CL_GO_EXT:cell" label="cell"/>
      <span end="13329" id="16221973-10188" start="13324">cells</span>
    </annotation>
    <annotation annotator="Mike Bada, University of Colorado Anschutz Medical Campus" id="GO_CC_2016_02_16_test_Instance_21499" type="identity">
      <class id="CL_GO_EXT:cell" label="cell"/>
      <span end="13571" id="16221973-10280" start="13567">Cell</span>
    </annotation>
    <annotation annotator="Mike Bada, University of Colorado Anschutz Medical Campus" id="GO_CC_2016_02_16_test_Instance_15851" type="identity">
      <class id="CL_GO_EXT:cell" label="cell"/>
      <span end="13643" id="16221973-10190" start="13639">cell</span>
    </annotation>
    <annotation annotator="Mike Bada, University of Colorado Anschutz Medical Campus" id="GO_CC_2016_02_16_test_Instance_15853" type="identity">
      <class id="CL_GO_EXT:cell" label="cell"/>
      <span end="13824" id="16221973-10192" start="13819">cells</span>
    </annotation>
    <annotation annotator="Mike Bada, University of Colorado Anschutz Medical Campus" id="GO_CC_2016_02_16_test_Instance_15855" type="identity">
      <class id="CL_GO_EXT:cell" label="cell"/>
      <span end="14103" id="16221973-10194" start="14098">cells</span>
    </annotation>
    <annotation annotator="Mike Bada, University of Colorado Anschutz Medical Campus" id="GO_CC_2016_02_16_test_Instance_15857" type="identity">
      <class id="CL_GO_EXT:cell" label="cell"/>
      <span end="14200" id="16221973-10196" start="14195">cells</span>
    </annotation>
    <annotation annotator="Mike Bada, University of Colorado Anschutz Medical Campus" id="GO_CC_2016_02_16_test_Instance_15859" type="identity">
      <class id="CL_GO_EXT:cell" label="cell"/>
      <span end="14350" id="16221973-10198" start="14346">cell</span>
    </annotation>
    <annotation annotator="Mike Bada, University of Colorado Anschutz Medical Campus" id="GO_CC_2016_02_16_test_Instance_15909" type="identity">
      <class id="CL_GO_EXT:cell" label="cell"/>
      <span end="14489" id="16221973-10246" start="14484">cells</span>
    </annotation>
    <annotation annotator="Mike Bada, University of Colorado Anschutz Medical Campus" id="GO_CC_2016_02_16_test_Instance_15861" type="identity">
      <class id="CL_GO_EXT:cell" label="cell"/>
      <span end="14581" id="16221973-10200" start="14576">cells</span>
    </annotation>
    <annotation annotator="Mike Bada, University of Colorado Anschutz Medical Campus" id="GO_CC_2016_02_16_test_Instance_15863" type="identity">
      <class id="CL_GO_EXT:cell" label="cell"/>
      <span end="14765" id="16221973-10202" start="14760">cells</span>
    </annotation>
    <annotation annotator="Mike Bada, University of Colorado Anschutz Medical Campus" id="GO_CC_2016_02_16_test_Instance_21501" type="identity">
      <class id="CL_GO_EXT:cell" label="cell"/>
      <span end="14981" id="16221973-10282" start="14977">Cell</span>
    </annotation>
    <annotation annotator="Mike Bada, University of Colorado Anschutz Medical Campus" id="GO_CC_2016_02_16_test_Instance_21819" type="identity">
      <class id="GO:0032993" label="protein-DNA complex"/>
      <span end="16694" id="16221973-10290" start="16675">protein–DNA complex</span>
    </annotation>
    <annotation annotator="Mike Bada, University of Colorado Anschutz Medical Campus" id="GO_CC_2016_02_16_test_Instance_20523" type="identity">
      <class id="GO:0032991" label="macromolecular complex"/>
      <span end="22885" id="16221973-10250" start="22878">complex</span>
    </annotation>
    <annotation annotator="Mike Bada, University of Colorado Anschutz Medical Campus" id="GO_CC_2016_02_16_test_Instance_20525" type="identity">
      <class id="GO:0032991" label="macromolecular complex"/>
      <span end="22934" id="16221973-10252" start="22925">complexes</span>
    </annotation>
    <annotation annotator="Mike Bada, University of Colorado Anschutz Medical Campus" id="GO_CC_2016_02_16_test_Instance_20527" type="identity">
      <class id="GO:0005856" label="cytoskeleton"/>
      <span end="23467" id="16221973-10254" start="23455">cytoskeletal</span>
    </annotation>
    <annotation annotator="Mike Bada, University of Colorado Anschutz Medical Campus" id="GO_CC_2016_02_16_test_Instance_20529" type="identity">
      <class id="GO:0032991" label="macromolecular complex"/>
      <span end="24195" id="16221973-10256" start="24188">complex</span>
    </annotation>
    <annotation annotator="Mike Bada, University of Colorado Anschutz Medical Campus" id="GO_CC_2016_02_16_test_Instance_21821" type="identity">
      <class id="GO:0005886" label="plasma membrane"/>
      <span end="24622" id="16221973-10292" start="24604">cellular membranes</span>
    </annotation>
    <annotation annotator="Mike Bada, University of Colorado Anschutz Medical Campus" id="GO_CC_2016_02_16_test_Instance_31243" type="identity">
      <class id="GO:0005737" label="cytoplasm"/>
      <span end="24641" id="16221973-10304" start="24632">cytoplasm</span>
    </annotation>
    <annotation annotator="Mike Bada, University of Colorado Anschutz Medical Campus" id="GO_CC_2016_02_16_test_Instance_15867" type="identity">
      <class id="CL_GO_EXT:cell" label="cell"/>
      <span end="27460" id="16221973-10204" start="27452">cellular</span>
    </annotation>
    <annotation annotator="Mike Bada, University of Colorado Anschutz Medical Campus" id="GO_CC_2016_02_16_test_Instance_15869" type="identity">
      <class id="CL_GO_EXT:cell" label="cell"/>
      <span end="27655" id="16221973-10206" start="27651">cell</span>
    </annotation>
    <annotation annotator="Mike Bada, University of Colorado Anschutz Medical Campus" id="GO_CC_2016_02_16_test_Instance_15871" type="identity">
      <class id="CL_GO_EXT:cell" label="cell"/>
      <span end="27850" id="16221973-10208" start="27846">cell</span>
    </annotation>
    <annotation annotator="Mike Bada, University of Colorado Anschutz Medical Campus" id="GO_CC_2016_02_16_test_Instance_15873" type="identity">
      <class id="CL_GO_EXT:cell" label="cell"/>
      <span end="27954" id="16221973-10210" start="27949">cells</span>
    </annotation>
    <annotation annotator="Mike Bada, University of Colorado Anschutz Medical Campus" id="GO_CC_2016_02_16_test_Instance_15875" type="identity">
      <class id="CL_GO_EXT:cell" label="cell"/>
      <span end="28208" id="16221973-10212" start="28204">cell</span>
    </annotation>
    <annotation annotator="Mike Bada, University of Colorado Anschutz Medical Campus" id="GO_CC_2016_02_16_test_Instance_31245" type="identity">
      <class id="GO:0005783" label="endoplasmic reticulum"/>
      <span end="28502" id="16221973-10306" start="28481">endoplasmic reticulum</span>
    </annotation>
    <annotation annotator="Mike Bada, University of Colorado Anschutz Medical Campus" id="GO_CC_2016_02_16_test_Instance_20755" type="identity">
      <class id="GO:0005783" label="endoplasmic reticulum"/>
      <span end="28560" id="16221973-10262" start="28558">ER</span>
    </annotation>
    <annotation annotator="Mike Bada, University of Colorado Anschutz Medical Campus" id="GO_CC_2016_02_16_test_Instance_15877" type="identity">
      <class id="CL_GO_EXT:cell" label="cell"/>
      <span end="29659" id="16221973-10214" start="29654">cells</span>
    </annotation>
    <annotation annotator="Mike Bada, University of Colorado Anschutz Medical Campus" id="GO_CC_2016_02_16_test_Instance_15879" type="identity">
      <class id="CL_GO_EXT:cell" label="cell"/>
      <span end="29905" id="16221973-10216" start="29900">cells</span>
    </annotation>
    <annotation annotator="Mike Bada, University of Colorado Anschutz Medical Campus" id="GO_CC_2016_02_16_test_Instance_15881" type="identity">
      <class id="CL_GO_EXT:cell" label="cell"/>
      <span end="30636" id="16221973-10218" start="30632">cell</span>
    </annotation>
    <annotation annotator="Mike Bada, University of Colorado Anschutz Medical Campus" id="GO_CC_2016_02_16_test_Instance_15883" type="identity">
      <class id="CL_GO_EXT:cell" label="cell"/>
      <span end="31072" id="16221973-10220" start="31068">cell</span>
    </annotation>
    <annotation annotator="" id="GO_CC_2016_02_16_Instance_80402" type="identity">
      <class id="GO:0070161" label="anchoring junction"/>
      <span end="31532" id="16221973-10178" start="31516">adhesion plaques</span>
    </annotation>
    <annotation annotator="Mike Bada, University of Colorado Anschutz Medical Campus" id="GO_CC_2016_02_16_test_Instance_31247" type="identity">
      <class id="GO:0031941" label="filamentous actin"/>
      <span end="31574" id="16221973-10308" start="31557">filamentous actin</span>
    </annotation>
    <annotation annotator="" id="GO_CC_2016_02_16_Instance_80404" type="identity">
      <class id="GO:0070161" label="anchoring junction"/>
      <span end="31614" id="16221973-10180" start="31599">adhesion plaque</span>
    </annotation>
    <annotation annotator="Mike Bada, University of Colorado Anschutz Medical Campus" id="GO_CC_2016_02_16_test_Instance_20747" type="identity">
      <class id="GO:0005856" label="cytoskeleton"/>
      <span end="31762" id="16221973-10258" start="31750">cytoskeletal</span>
    </annotation>
    <annotation annotator="Mike Bada, University of Colorado Anschutz Medical Campus" id="GO_CC_2016_02_16_test_Instance_15885" type="identity">
      <class id="CL_GO_EXT:cell" label="cell"/>
      <span end="31808" id="16221973-10222" start="31803">cells</span>
    </annotation>
    <annotation annotator="Mike Bada, University of Colorado Anschutz Medical Campus" id="GO_CC_2016_02_16_test_Instance_15887" type="identity">
      <class id="CL_GO_EXT:cell" label="cell"/>
      <span end="31870" id="16221973-10224" start="31862">cellular</span>
    </annotation>
    <annotation annotator="Mike Bada, University of Colorado Anschutz Medical Campus" id="GO_CC_2016_02_16_test_Instance_31249" type="identity">
      <class id="GO:0015629" label="actin cytoskeleton"/>
      <span end="31914" id="16221973-10310" start="31896">actin cytoskeleton</span>
    </annotation>
    <annotation annotator="Mike Bada, University of Colorado Anschutz Medical Campus" id="GO_CC_2016_02_16_test_Instance_15889" type="identity">
      <class id="CL_GO_EXT:cell" label="cell"/>
      <span end="31949" id="16221973-10226" start="31944">cells</span>
    </annotation>
    <annotation annotator="Mike Bada, University of Colorado Anschutz Medical Campus" id="GO_CC_2016_02_16_test_Instance_31251" type="identity">
      <class id="GO:0005874" label="microtubule"/>
      <span end="32130" id="16221973-10312" start="32118">microtubules</span>
    </annotation>
    <annotation annotator="Mike Bada, University of Colorado Anschutz Medical Campus" id="GO_CC_2016_02_16_test_Instance_20753" type="identity">
      <class id="GO:0044430" label="cytoskeletal part"/>
      <span end="32215" id="16221973-10260" start="32194">cytoskeletal elements</span>
    </annotation>
    <annotation annotator="Mike Bada, University of Colorado Anschutz Medical Campus" id="GO_CC_2016_02_16_test_Instance_31253" type="identity">
      <class id="GO:0005856" label="cytoskeleton"/>
      <span end="32316" id="16221973-10314" start="32304">cytoskeleton</span>
    </annotation>
    <annotation annotator="Mike Bada, University of Colorado Anschutz Medical Campus" id="GO_CC_2016_02_16_test_Instance_31255" type="identity">
      <class id="GO:0005622" label="intracellular"/>
      <span end="32769" id="16221973-10316" start="32756">intracellular</span>
    </annotation>
    <annotation annotator="Mike Bada, University of Colorado Anschutz Medical Campus" id="GO_CC_2016_02_16_test_Instance_20757" type="identity">
      <class id="GO:0005737" label="cytoplasm"/>
      <span end="32781" id="16221973-10264" start="32770">cytoplasmic</span>
    </annotation>
    <annotation annotator="Mike Bada, University of Colorado Anschutz Medical Campus" id="GO_CC_2016_02_16_test_Instance_20759" type="identity">
      <class id="GO:0005576" label="extracellular region"/>
      <span end="32833" id="16221973-10266" start="32820">extracellular</span>
    </annotation>
    <annotation annotator="Mike Bada, University of Colorado Anschutz Medical Campus" id="GO_CC_2016_02_16_test_Instance_20761" type="identity">
      <class id="GO:0031982" label="vesicle"/>
      <span end="32847" id="16221973-10268" start="32838">vesicular</span>
    </annotation>
    <annotation annotator="Mike Bada, University of Colorado Anschutz Medical Campus" id="GO_CC_2016_02_16_test_Instance_31257" type="identity">
      <class id="GO:0005737" label="cytoplasm"/>
      <span end="32880" id="16221973-10318" start="32871">cytoplasm</span>
    </annotation>
    <annotation annotator="Mike Bada, University of Colorado Anschutz Medical Campus" id="GO_CC_2016_02_16_test_Instance_31259" type="identity">
      <class id="GO:0005622" label="intracellular"/>
      <span end="33316" id="16221973-10320" start="33303">intracellular</span>
    </annotation>
    <annotation annotator="Mike Bada, University of Colorado Anschutz Medical Campus" id="GO_CC_2016_02_16_test_Instance_20767" type="identity">
      <class id="GO:0005737" label="cytoplasm"/>
      <span end="33328" id="16221973-10270" start="33317">cytoplasmic</span>
    </annotation>
    <annotation annotator="Mike Bada, University of Colorado Anschutz Medical Campus" id="GO_CC_2016_02_16_test_Instance_15891" type="identity">
      <class id="CL_GO_EXT:cell" label="cell"/>
      <span end="33369" id="16221973-10228" start="33364">cells</span>
    </annotation>
    <annotation annotator="Mike Bada, University of Colorado Anschutz Medical Campus" id="GO_CC_2016_02_16_test_Instance_31261" type="identity">
      <class id="GO:0005622" label="intracellular"/>
      <span end="33391" id="16221973-10322" start="33378">intracellular</span>
    </annotation>
    <annotation annotator="Mike Bada, University of Colorado Anschutz Medical Campus" id="GO_CC_2016_02_16_test_Instance_31263" type="identity">
      <class id="GO:0031982" label="vesicle"/>
      <span end="33400" id="16221973-10324" start="33392">vesicles</span>
    </annotation>
    <annotation annotator="Mike Bada, University of Colorado Anschutz Medical Campus" id="GO_CC_2016_02_16_test_Instance_15893" type="identity">
      <class id="CL_GO_EXT:cell" label="cell"/>
      <span end="33508" id="16221973-10230" start="33500">cellular</span>
    </annotation>
    <annotation annotator="Mike Bada, University of Colorado Anschutz Medical Campus" id="GO_CC_2016_02_16_test_Instance_15895" type="identity">
      <class id="CL_GO_EXT:cell" label="cell"/>
      <span end="36372" id="16221973-10232" start="36367">cells</span>
    </annotation>
    <annotation annotator="Mike Bada, University of Colorado Anschutz Medical Campus" id="GO_CC_2016_02_16_test_Instance_15897" type="identity">
      <class id="CL_GO_EXT:cell" label="cell"/>
      <span end="36550" id="16221973-10234" start="36542">cellular</span>
    </annotation>
    <annotation annotator="" id="GO_CC_2016_02_16_Instance_101549" type="identity">
      <class id="GO:0032991" label="macromolecular complex"/>
      <span end="36773" id="16221973-10176" start="36766">complex</span>
    </annotation>
    <annotation annotator="Mike Bada, University of Colorado Anschutz Medical Campus" id="GO_CC_2016_02_16_test_Instance_15899" type="identity">
      <class id="CL_GO_EXT:cell" label="cell"/>
      <span end="37495" id="16221973-10236" start="37487">cellular</span>
    </annotation>
    <annotation annotator="Mike Bada, University of Colorado Anschutz Medical Campus" id="GO_CC_2016_02_16_test_Instance_15901" type="identity">
      <class id="CL_GO_EXT:cell" label="cell"/>
      <span end="37877" id="16221973-10238" start="37869">cellular</span>
    </annotation>
    <annotation annotator="Mike Bada, University of Colorado Anschutz Medical Campus" id="GO_CC_2016_02_16_test_Instance_15903" type="identity">
      <class id="CL_GO_EXT:cell" label="cell"/>
      <span end="39194" id="16221973-10240" start="39189">cells</span>
    </annotation>
    <annotation annotator="Mike Bada, University of Colorado Anschutz Medical Campus" id="GO_CC_2016_02_16_test_Instance_21825" type="identity">
      <class id="GO:0032993" label="protein-DNA complex"/>
      <span end="40114" id="16221973-10294" start="40095">protein–DNA complex</span>
    </annotation>
    <annotation annotator="Mike Bada, University of Colorado Anschutz Medical Campus" id="GO_CC_2016_02_16_test_Instance_21827" type="identity">
      <class id="GO:0032993" label="protein-DNA complex"/>
      <span end="41325" id="16221973-10296" start="41306">protein–DNA complex</span>
    </annotation>
    <annotation annotator="Mike Bada, University of Colorado Anschutz Medical Campus" id="GO_CC_2016_02_16_test_Instance_20785" type="identity">
      <class id="GO:0032991" label="macromolecular complex"/>
      <span end="41605" id="16221973-10272" start="41598">complex</span>
    </annotation>
    <annotation annotator="Mike Bada, University of Colorado Anschutz Medical Campus" id="GO_CC_2016_02_16_test_Instance_21829" type="identity">
      <class id="GO:0032993" label="protein-DNA complex"/>
      <span end="42501" id="16221973-10298" start="42482">protein–DNA complex</span>
    </annotation>
    <annotation annotator="Mike Bada, University of Colorado Anschutz Medical Campus" id="GO_CC_2016_02_16_test_Instance_20787" type="identity">
      <class id="GO:0032991" label="macromolecular complex"/>
      <span end="42839" id="16221973-10274" start="42832">complex</span>
    </annotation>
    <annotation annotator="Mike Bada, University of Colorado Anschutz Medical Campus" id="GO_CC_2016_02_16_test_Instance_21831" type="identity">
      <class id="GO:0032993" label="protein-DNA complex"/>
      <span end="43699" id="16221973-10300" start="43680">protein–DNA complex</span>
    </annotation>
    <annotation annotator="Mike Bada, University of Colorado Anschutz Medical Campus" id="GO_CC_2016_02_16_test_Instance_20789" type="identity">
      <class id="GO:0032991" label="macromolecular complex"/>
      <span end="43991" id="16221973-10276" start="43984">complex</span>
    </annotation>
    <annotation annotator="Mike Bada, University of Colorado Anschutz Medical Campus" id="GO_CC_2016_02_16_test_Instance_21833" type="identity">
      <class id="GO:0032993" label="protein-DNA complex"/>
      <span end="44859" id="16221973-10302" start="44840">protein–DNA complex</span>
    </annotation>
    <annotation annotator="Mike Bada, University of Colorado Anschutz Medical Campus" id="GO_CC_2016_02_16_test_Instance_20791" type="identity">
      <class id="GO:0032991" label="macromolecular complex"/>
      <span end="45142" id="16221973-10278" start="45135">complex</span>
    </annotation>
    <annotation annotator="Mike Bada, University of Colorado Anschutz Medical Campus" id="GO_CC_2016_02_16_test_Instance_21507" type="identity">
      <class id="CL_GO_EXT:cell" label="cell"/>
      <span end="45264" id="16221973-10288" start="45259">Cells</span>
    </annotation>
    <annotation annotator="Mike Bada, University of Colorado Anschutz Medical Campus" id="GO_CC_2016_02_16_test_Instance_15905" type="identity">
      <class id="CL_GO_EXT:cell" label="cell"/>
      <span end="45370" id="16221973-10242" start="45365">cells</span>
    </annotation>
    <annotation annotator="Mike Bada, University of Colorado Anschutz Medical Campus" id="GO_CC_2016_02_16_test_Instance_21503" type="identity">
      <class id="CL_GO_EXT:cell" label="cell"/>
      <span end="45530" id="16221973-10284" start="45525">Cells</span>
    </annotation>
    <annotation annotator="Mike Bada, University of Colorado Anschutz Medical Campus" id="GO_CC_2016_02_16_test_Instance_15907" type="identity">
      <class id="CL_GO_EXT:cell" label="cell"/>
      <span end="45824" id="16221973-10244" start="45819">cells</span>
    </annotation>
    <graph-space id="Old Knowtator Relations"/>
  </document>
</knowtator-project>
