<?xml version="1.0" encoding="UTF-8" standalone="no"?>
<knowtator-project>
  <document id="16433929" text-file="16433929.txt">
    <annotation annotator="" id="GO_CC_2016_02_16_Instance_120001" type="identity">
      <class id="GO_PR_EXT:calpain_2_complex" label="calpain-2 complex"/>
      <span end="9" id="16433929-10662" start="0">m-Calpain</span>
    </annotation>
    <annotation annotator="" id="GO_CC_2016_02_16_Instance_130124" type="identity">
      <class id="GO_PR_EXT:calpain_1_complex" label="calpain-1 complex"/>
      <span end="104" id="16433929-10776" start="95">μ-calpain</span>
    </annotation>
    <annotation annotator="" id="GO_CC_2016_02_16_Instance_130003" type="identity">
      <class id="GO_PR_EXT:calpain_2_complex" label="calpain-2 complex"/>
      <span end="118" id="16433929-10664" start="109">m-calpain</span>
    </annotation>
    <annotation annotator="Mike Bada, University of Colorado Anschutz Medical Campus" id="GO_CC_2016_02_16_test_Instance_16499" type="identity">
      <class id="CL_GO_EXT:cell" label="cell"/>
      <span end="178" id="16433929-11000" start="170">cellular</span>
    </annotation>
    <annotation annotator="Mike Bada, University of Colorado Anschutz Medical Campus" id="GO_CC_2016_02_16_test_Instance_16501" type="identity">
      <class id="CL_GO_EXT:cell" label="cell"/>
      <span end="194" id="16433929-11002" start="190">cell</span>
    </annotation>
    <annotation annotator="Mike Bada, University of Colorado Anschutz Medical Campus" id="GO_CC_2016_02_16_test_Instance_16503" type="identity">
      <class id="CL_GO_EXT:cell" label="cell"/>
      <span end="245" id="16433929-11004" start="241">cell</span>
    </annotation>
    <annotation annotator="" id="GO_CC_2016_02_16_Instance_100118" type="identity">
      <class id="GO_EXT:dimer_macromolecular_complex" label="dimeric macromolecular complex"/>
      <span end="272" id="16433929-10650" start="265">dimeric</span>
    </annotation>
    <annotation annotator="" id="GO_CC_2016_02_16_Instance_130126" type="identity">
      <class id="GO_PR_EXT:calpain_1_complex" label="calpain-1 complex"/>
      <span end="353" id="16433929-10778" start="344">μ-calpain</span>
    </annotation>
    <annotation annotator="" id="GO_CC_2016_02_16_Instance_130005" type="identity">
      <class id="GO_PR_EXT:calpain_2_complex" label="calpain-2 complex"/>
      <span end="374" id="16433929-10666" start="365">m-calpain</span>
    </annotation>
    <annotation annotator="" id="GO_CC_2016_02_16_Instance_130128" type="identity">
      <class id="GO_PR_EXT:calpain_1_complex" label="calpain-1 complex"/>
      <span end="486" id="16433929-10780" start="477">μ-calpain</span>
    </annotation>
    <annotation annotator="" id="GO_CC_2016_02_16_Instance_130007" type="identity">
      <class id="GO_PR_EXT:calpain_2_complex" label="calpain-2 complex"/>
      <span end="500" id="16433929-10668" start="491">m-calpain</span>
    </annotation>
    <annotation annotator="" id="GO_CC_2016_02_16_Instance_130009" type="identity">
      <class id="GO_PR_EXT:calpain_2_complex" label="calpain-2 complex"/>
      <span end="737" id="16433929-10670" start="728">m-calpain</span>
    </annotation>
    <annotation annotator="" id="GO_CC_2016_02_16_Instance_130130" type="identity">
      <class id="GO_PR_EXT:calpain_1_complex" label="calpain-1 complex"/>
      <span end="780" id="16433929-10782" start="771">μ-calpain</span>
    </annotation>
    <annotation annotator="" id="GO_CC_2016_02_16_Instance_130011" type="identity">
      <class id="GO_PR_EXT:calpain_2_complex" label="calpain-2 complex"/>
      <span end="811" id="16433929-10672" start="802">m-calpain</span>
    </annotation>
    <annotation annotator="Mike Bada, University of Colorado Anschutz Medical Campus" id="GO_CC_2016_02_16_test_Instance_16505" type="identity">
      <class id="CL_GO_EXT:cell" label="cell"/>
      <span end="1009" id="16433929-11006" start="1004">cells</span>
    </annotation>
    <annotation annotator="" id="GO_CC_2016_02_16_Instance_130132" type="identity">
      <class id="GO_PR_EXT:calpain_1_complex" label="calpain-1 complex"/>
      <span end="1526" id="16433929-10784" start="1517">μ-calpain</span>
    </annotation>
    <annotation annotator="" id="GO_CC_2016_02_16_Instance_130013" type="identity">
      <class id="GO_PR_EXT:calpain_2_complex" label="calpain-2 complex"/>
      <span end="1540" id="16433929-10674" start="1531">m-calpain</span>
    </annotation>
    <annotation annotator="" id="GO_CC_2016_02_16_Instance_130015" type="identity">
      <class id="GO_PR_EXT:calpain_2_complex" label="calpain-2 complex"/>
      <span end="1584" id="16433929-10676" start="1575">m-calpain</span>
    </annotation>
    <annotation annotator="" id="GO_CC_2016_02_16_Instance_130134" type="identity">
      <class id="GO_PR_EXT:calpain_1_complex" label="calpain-1 complex"/>
      <span end="1733" id="16433929-10786" start="1724">μ-calpain</span>
    </annotation>
    <annotation annotator="" id="GO_CC_2016_02_16_Instance_130136" type="identity">
      <class id="GO_PR_EXT:calpain_1_complex" label="calpain-1 complex"/>
      <span end="1744" id="16433929-10788" start="1735">calpain-1</span>
    </annotation>
    <annotation annotator="" id="GO_CC_2016_02_16_Instance_130017" type="identity">
      <class id="GO_PR_EXT:calpain_2_complex" label="calpain-2 complex"/>
      <span end="1759" id="16433929-10678" start="1750">m-calpain</span>
    </annotation>
    <annotation annotator="" id="GO_CC_2016_02_16_Instance_130019" type="identity">
      <class id="GO_PR_EXT:calpain_2_complex" label="calpain-2 complex"/>
      <span end="1769" id="16433929-10680" start="1761">capain-2</span>
    </annotation>
    <annotation annotator="" id="GO_CC_2016_02_16_Instance_100120" type="identity">
      <class id="GO_EXT:dimer_macromolecular_complex" label="dimeric macromolecular complex"/>
      <span end="1874" id="16433929-10652" start="1867">dimeric</span>
    </annotation>
    <annotation annotator="" id="GO_CC_2016_02_16_Instance_130138" type="identity">
      <class id="GO_PR_EXT:calpain_1_complex" label="calpain-1 complex"/>
      <span end="2325" id="16433929-10790" start="2323">μ-</span>
      <span end="2339" id="16433929-10791" start="2332">calpain</span>
    </annotation>
    <annotation annotator="" id="GO_CC_2016_02_16_Instance_130021" type="identity">
      <class id="GO_PR_EXT:calpain_2_complex" label="calpain-2 complex"/>
      <span end="2339" id="16433929-10682" start="2330">m-calpain</span>
    </annotation>
    <annotation annotator="" id="GO_CC_2016_02_16_Instance_130140" type="identity">
      <class id="GO_PR_EXT:calpain_1_complex" label="calpain-1 complex"/>
      <span end="2550" id="16433929-10793" start="2541">μ-calpain</span>
    </annotation>
    <annotation annotator="" id="GO_CC_2016_02_16_Instance_130023" type="identity">
      <class id="GO_PR_EXT:calpain_2_complex" label="calpain-2 complex"/>
      <span end="2585" id="16433929-10684" start="2576">m-calpain</span>
    </annotation>
    <annotation annotator="" id="GO_CC_2016_02_16_Instance_130142" type="identity">
      <class id="GO_PR_EXT:calpain_1_complex" label="calpain-1 complex"/>
      <span end="2618" id="16433929-10795" start="2616">μ-</span>
      <span end="2632" id="16433929-10796" start="2625">calpain</span>
    </annotation>
    <annotation annotator="" id="GO_CC_2016_02_16_Instance_130025" type="identity">
      <class id="GO_PR_EXT:calpain_2_complex" label="calpain-2 complex"/>
      <span end="2632" id="16433929-10686" start="2623">m-calpain</span>
    </annotation>
    <annotation annotator="Mike Bada, University of Colorado Anschutz Medical Campus" id="GO_CC_2016_02_16_test_Instance_10355" type="identity">
      <class id="GO:0005737" label="cytoplasm"/>
      <span end="2783" id="16433929-10872" start="2772">cytoplasmic</span>
    </annotation>
    <annotation annotator="Mike Bada, University of Colorado Anschutz Medical Campus" id="GO_CC_2016_02_16_test_Instance_16373" type="identity">
      <class id="CL_GO_EXT:cell" label="cell"/>
      <span end="3279" id="16433929-10874" start="3275">cell</span>
    </annotation>
    <annotation annotator="" id="GO_CC_2016_02_16_Instance_100122" type="identity">
      <class id="GO_PR_EXT:integrin" label="integrin"/>
      <span end="3343" id="16433929-10654" start="3334">integrins</span>
    </annotation>
    <annotation annotator="Mike Bada, University of Colorado Anschutz Medical Campus" id="GO_CC_2016_02_16_test_Instance_31277" type="identity">
      <class id="GO:0016020" label="membrane"/>
      <span end="3376" id="16433929-11038" start="3368">membrane</span>
    </annotation>
    <annotation annotator="Mike Bada, University of Colorado Anschutz Medical Campus" id="GO_CC_2016_02_16_test_Instance_31279" type="identity">
      <class id="GO:0005856" label="cytoskeleton"/>
      <span end="3423" id="16433929-11040" start="3411">cytoskeleton</span>
    </annotation>
    <annotation annotator="Mike Bada, University of Colorado Anschutz Medical Campus" id="GO_CC_2016_02_16_test_Instance_16375" type="identity">
      <class id="CL_GO_EXT:cell" label="cell"/>
      <span end="3432" id="16433929-10876" start="3428">cell</span>
    </annotation>
    <annotation annotator="Mike Bada, University of Colorado Anschutz Medical Campus" id="GO_CC_2016_02_16_test_Instance_16377" type="identity">
      <class id="CL_GO_EXT:cell" label="cell"/>
      <span end="3473" id="16433929-10878" start="3469">cell</span>
    </annotation>
    <annotation annotator="Mike Bada, University of Colorado Anschutz Medical Campus" id="GO_CC_2016_02_16_test_Instance_16379" type="identity">
      <class id="CL_GO_EXT:cell" label="cell"/>
      <span end="3641" id="16433929-10880" start="3637">cell</span>
    </annotation>
    <annotation annotator="Mike Bada, University of Colorado Anschutz Medical Campus" id="GO_CC_2016_02_16_test_Instance_16381" type="identity">
      <class id="CL_GO_EXT:cell" label="cell"/>
      <span end="3705" id="16433929-10882" start="3701">cell</span>
    </annotation>
    <annotation annotator="" id="GO_CC_2016_02_16_Instance_130144" type="identity">
      <class id="GO_PR_EXT:calpain_1_complex" label="calpain-1 complex"/>
      <span end="3915" id="16433929-10798" start="3913">μ-</span>
      <span end="3929" id="16433929-10799" start="3922">calpain</span>
    </annotation>
    <annotation annotator="" id="GO_CC_2016_02_16_Instance_130027" type="identity">
      <class id="GO_PR_EXT:calpain_2_complex" label="calpain-2 complex"/>
      <span end="3929" id="16433929-10688" start="3920">m-calpain</span>
    </annotation>
    <annotation annotator="" id="GO_CC_2016_02_16_Instance_130029" type="identity">
      <class id="GO_PR_EXT:calpain_2_complex" label="calpain-2 complex"/>
      <span end="4119" id="16433929-10690" start="4110">m-calpain</span>
    </annotation>
    <annotation annotator="Mike Bada, University of Colorado Anschutz Medical Campus" id="GO_CC_2016_02_16_test_Instance_16383" type="identity">
      <class id="CL_GO_EXT:cell" label="cell"/>
      <span end="4165" id="16433929-10884" start="4161">cell</span>
    </annotation>
    <annotation annotator="" id="GO_CC_2016_02_16_Instance_130146" type="identity">
      <class id="GO_PR_EXT:calpain_1_complex" label="calpain-1 complex"/>
      <span end="4207" id="16433929-10801" start="4198">μ-calpain</span>
    </annotation>
    <annotation annotator="Mike Bada, University of Colorado Anschutz Medical Campus" id="GO_CC_2016_02_16_test_Instance_16385" type="identity">
      <class id="CL_GO_EXT:cell" label="cell"/>
      <span end="4289" id="16433929-10886" start="4285">cell</span>
    </annotation>
    <annotation annotator="Mike Bada, University of Colorado Anschutz Medical Campus" id="GO_CC_2016_02_16_test_Instance_16387" type="identity">
      <class id="CL_GO_EXT:cell" label="cell"/>
      <span end="4401" id="16433929-10888" start="4396">cells</span>
    </annotation>
    <annotation annotator="" id="GO_CC_2016_02_16_Instance_130148" type="identity">
      <class id="GO_PR_EXT:calpain_1_complex" label="calpain-1 complex"/>
      <span end="4419" id="16433929-10803" start="4410">μ-calpain</span>
    </annotation>
    <annotation annotator="" id="GO_CC_2016_02_16_Instance_130031" type="identity">
      <class id="GO_PR_EXT:calpain_2_complex" label="calpain-2 complex"/>
      <span end="4492" id="16433929-10692" start="4483">m-calpain</span>
    </annotation>
    <annotation annotator="Mike Bada, University of Colorado Anschutz Medical Campus" id="GO_CC_2016_02_16_test_Instance_16389" type="identity">
      <class id="CL_GO_EXT:cell" label="cell"/>
      <span end="4528" id="16433929-10890" start="4523">cells</span>
    </annotation>
    <annotation annotator="" id="GO_CC_2016_02_16_Instance_130033" type="identity">
      <class id="GO_PR_EXT:calpain_2_complex" label="calpain-2 complex"/>
      <span end="4576" id="16433929-10694" start="4567">m-calpain</span>
    </annotation>
    <annotation annotator="Mike Bada, University of Colorado Anschutz Medical Campus" id="GO_CC_2016_02_16_test_Instance_16391" type="identity">
      <class id="CL_GO_EXT:cell" label="cell"/>
      <span end="4585" id="16433929-10892" start="4581">cell</span>
    </annotation>
    <annotation annotator="" id="GO_CC_2016_02_16_Instance_130150" type="identity">
      <class id="GO_PR_EXT:calpain_1_complex" label="calpain-1 complex"/>
      <span end="4706" id="16433929-10805" start="4704">μ-</span>
      <span end="4720" id="16433929-10806" start="4713">calpain</span>
    </annotation>
    <annotation annotator="" id="GO_CC_2016_02_16_Instance_130035" type="identity">
      <class id="GO_PR_EXT:calpain_2_complex" label="calpain-2 complex"/>
      <span end="4720" id="16433929-10696" start="4711">m-calpain</span>
    </annotation>
    <annotation annotator="" id="GO_CC_2016_02_16_Instance_130152" type="identity">
      <class id="GO_PR_EXT:calpain_1_complex" label="calpain-1 complex"/>
      <span end="4909" id="16433929-10808" start="4907">μ-</span>
      <span end="4923" id="16433929-10809" start="4916">calpain</span>
    </annotation>
    <annotation annotator="" id="GO_CC_2016_02_16_Instance_130037" type="identity">
      <class id="GO_PR_EXT:calpain_2_complex" label="calpain-2 complex"/>
      <span end="4923" id="16433929-10698" start="4914">m-calpain</span>
    </annotation>
    <annotation annotator="" id="GO_CC_2016_02_16_Instance_130154" type="identity">
      <class id="GO_PR_EXT:calpain_1_complex" label="calpain-1 complex"/>
      <span end="5021" id="16433929-10811" start="5019">μ-</span>
      <span end="5034" id="16433929-10812" start="5027">calpain</span>
    </annotation>
    <annotation annotator="" id="GO_CC_2016_02_16_Instance_130039" type="identity">
      <class id="GO_PR_EXT:calpain_2_complex" label="calpain-2 complex"/>
      <span end="5034" id="16433929-10700" start="5025">m-calpain</span>
    </annotation>
    <annotation annotator="" id="GO_CC_2016_02_16_Instance_180003" type="identity">
      <class id="GO_PR_EXT:spectrin" label="spectrin"/>
      <span end="5283" id="16433929-10868" start="5275">spectrin</span>
    </annotation>
    <annotation annotator="Mike Bada, University of Colorado Anschutz Medical Campus" id="GO_CC_2016_02_16_test_Instance_31283" type="identity">
      <class id="GO:0005925" label="focal adhesion"/>
      <span end="5405" id="16433929-11042" start="5390">focal adhesions</span>
    </annotation>
    <annotation annotator="" id="GO_CC_2016_02_16_Instance_130156" type="identity">
      <class id="GO_PR_EXT:calpain_1_complex" label="calpain-1 complex"/>
      <span end="5950" id="16433929-10814" start="5941">μ-calpain</span>
    </annotation>
    <annotation annotator="" id="GO_CC_2016_02_16_Instance_130158" type="identity">
      <class id="GO_PR_EXT:calpain_1_complex" label="calpain-1 complex"/>
      <span end="6069" id="16433929-10816" start="6060">μ-calpain</span>
    </annotation>
    <annotation annotator="" id="GO_CC_2016_02_16_Instance_130041" type="identity">
      <class id="GO_PR_EXT:calpain_2_complex" label="calpain-2 complex"/>
      <span end="6404" id="16433929-10702" start="6395">m-calpain</span>
    </annotation>
    <annotation annotator="" id="GO_CC_2016_02_16_Instance_130043" type="identity">
      <class id="GO_PR_EXT:calpain_2_complex" label="calpain-2 complex"/>
      <span end="6756" id="16433929-10704" start="6747">m-calpain</span>
    </annotation>
    <annotation annotator="" id="GO_CC_2016_02_16_Instance_130160" type="identity">
      <class id="GO_PR_EXT:calpain_1_complex" label="calpain-1 complex"/>
      <span end="6841" id="16433929-10818" start="6832">μ-calpain</span>
    </annotation>
    <annotation annotator="Mike Bada, University of Colorado Anschutz Medical Campus" id="GO_CC_2016_02_16_test_Instance_16393" type="identity">
      <class id="CL_GO_EXT:cell" label="cell"/>
      <span end="6890" id="16433929-10894" start="6885">cells</span>
    </annotation>
    <annotation annotator="" id="GO_CC_2016_02_16_Instance_130045" type="identity">
      <class id="GO_PR_EXT:calpain_2_complex" label="calpain-2 complex"/>
      <span end="6999" id="16433929-10706" start="6990">m-calpain</span>
    </annotation>
    <annotation annotator="" id="GO_CC_2016_02_16_Instance_130162" type="identity">
      <class id="GO_PR_EXT:calpain_1_complex" label="calpain-1 complex"/>
      <span end="7013" id="16433929-10820" start="7004">μ-calpain</span>
    </annotation>
    <annotation annotator="Mike Bada, University of Colorado Anschutz Medical Campus" id="GO_CC_2016_02_16_test_Instance_16507" type="identity">
      <class id="CL_GO_EXT:cell" label="cell"/>
      <span end="7142" id="16433929-11008" start="7138">cell</span>
    </annotation>
    <annotation annotator="Mike Bada, University of Colorado Anschutz Medical Campus" id="GO_CC_2016_02_16_test_Instance_16509" type="identity">
      <class id="CL_GO_EXT:cell" label="cell"/>
      <span end="7183" id="16433929-11010" start="7179">cell</span>
    </annotation>
    <annotation annotator="Mike Bada, University of Colorado Anschutz Medical Campus" id="GO_CC_2016_02_16_test_Instance_16395" type="identity">
      <class id="CL_GO_EXT:cell" label="cell"/>
      <span end="7925" id="16433929-10896" start="7920">cells</span>
    </annotation>
    <annotation annotator="Mike Bada, University of Colorado Anschutz Medical Campus" id="GO_CC_2016_02_16_test_Instance_16397" type="identity">
      <class id="CL_GO_EXT:cell" label="cell"/>
      <span end="8218" id="16433929-10898" start="8214">cell</span>
    </annotation>
    <annotation annotator="Mike Bada, University of Colorado Anschutz Medical Campus" id="GO_CC_2016_02_16_test_Instance_16511" type="identity">
      <class id="CL_GO_EXT:cell" label="cell"/>
      <span end="8285" id="16433929-11012" start="8281">cell</span>
    </annotation>
    <annotation annotator="Mike Bada, University of Colorado Anschutz Medical Campus" id="GO_CC_2016_02_16_test_Instance_16399" type="identity">
      <class id="CL_GO_EXT:cell" label="cell"/>
      <span end="8459" id="16433929-10900" start="8454">cells</span>
    </annotation>
    <annotation annotator="Mike Bada, University of Colorado Anschutz Medical Campus" id="GO_CC_2016_02_16_test_Instance_16401" type="identity">
      <class id="CL_GO_EXT:cell" label="cell"/>
      <span end="8692" id="16433929-10902" start="8687">cells</span>
    </annotation>
    <annotation annotator="Mike Bada, University of Colorado Anschutz Medical Campus" id="GO_CC_2016_02_16_test_Instance_16403" type="identity">
      <class id="CL_GO_EXT:cell" label="cell"/>
      <span end="8776" id="16433929-10904" start="8772">cell</span>
    </annotation>
    <annotation annotator="Mike Bada, University of Colorado Anschutz Medical Campus" id="GO_CC_2016_02_16_test_Instance_16405" type="identity">
      <class id="CL_GO_EXT:cell" label="cell"/>
      <span end="9411" id="16433929-10906" start="9406">cells</span>
    </annotation>
    <annotation annotator="Mike Bada, University of Colorado Anschutz Medical Campus" id="GO_CC_2016_02_16_test_Instance_16513" type="identity">
      <class id="CL_GO_EXT:cell" label="cell"/>
      <span end="9717" id="16433929-11014" start="9713">cell</span>
    </annotation>
    <annotation annotator="Mike Bada, University of Colorado Anschutz Medical Campus" id="GO_CC_2016_02_16_test_Instance_16407" type="identity">
      <class id="CL_GO_EXT:cell" label="cell"/>
      <span end="10857" id="16433929-10908" start="10853">cell</span>
    </annotation>
    <annotation annotator="Mike Bada, University of Colorado Anschutz Medical Campus" id="GO_CC_2016_02_16_test_Instance_16409" type="identity">
      <class id="CL_GO_EXT:cell" label="cell"/>
      <span end="11061" id="16433929-10910" start="11057">cell</span>
    </annotation>
    <annotation annotator="" id="GO_CC_2016_02_16_Instance_130047" type="identity">
      <class id="GO_PR_EXT:calpain_2_complex" label="calpain-2 complex"/>
      <span end="11104" id="16433929-10708" start="11095">m-calpain</span>
    </annotation>
    <annotation annotator="Mike Bada, University of Colorado Anschutz Medical Campus" id="GO_CC_2016_02_16_test_Instance_16411" type="identity">
      <class id="CL_GO_EXT:cell" label="cell"/>
      <span end="12894" id="16433929-10912" start="12890">cell</span>
    </annotation>
    <annotation annotator="Mike Bada, University of Colorado Anschutz Medical Campus" id="GO_CC_2016_02_16_test_Instance_16413" type="identity">
      <class id="CL_GO_EXT:cell" label="cell"/>
      <span end="13591" id="16433929-10914" start="13587">cell</span>
    </annotation>
    <annotation annotator="Mike Bada, University of Colorado Anschutz Medical Campus" id="GO_CC_2016_02_16_test_Instance_16515" type="identity">
      <class id="CL_GO_EXT:cell" label="cell"/>
      <span end="15396" id="16433929-11016" start="15391">cells</span>
    </annotation>
    <annotation annotator="Mike Bada, University of Colorado Anschutz Medical Campus" id="GO_CC_2016_02_16_test_Instance_16517" type="identity">
      <class id="CL_GO_EXT:cell" label="cell"/>
      <span end="15415" id="16433929-11018" start="15410">cells</span>
    </annotation>
    <annotation annotator="Mike Bada, University of Colorado Anschutz Medical Campus" id="GO_CC_2016_02_16_test_Instance_16519" type="identity">
      <class id="CL_GO_EXT:cell" label="cell"/>
      <span end="15530" id="16433929-11020" start="15525">cells</span>
    </annotation>
    <annotation annotator="Mike Bada, University of Colorado Anschutz Medical Campus" id="GO_CC_2016_02_16_test_Instance_16415" type="identity">
      <class id="CL_GO_EXT:cell" label="cell"/>
      <span end="15615" id="16433929-10916" start="15610">cells</span>
    </annotation>
    <annotation annotator="Mike Bada, University of Colorado Anschutz Medical Campus" id="GO_CC_2016_02_16_test_Instance_16417" type="identity">
      <class id="CL_GO_EXT:cell" label="cell"/>
      <span end="15673" id="16433929-10918" start="15668">cells</span>
    </annotation>
    <annotation annotator="Mike Bada, University of Colorado Anschutz Medical Campus" id="GO_CC_2016_02_16_test_Instance_16419" type="identity">
      <class id="CL_GO_EXT:cell" label="cell"/>
      <span end="15723" id="16433929-10920" start="15718">cells</span>
    </annotation>
    <annotation annotator="Mike Bada, University of Colorado Anschutz Medical Campus" id="GO_CC_2016_02_16_test_Instance_16421" type="identity">
      <class id="CL_GO_EXT:cell" label="cell"/>
      <span end="15821" id="16433929-10922" start="15816">cells</span>
    </annotation>
    <annotation annotator="Mike Bada, University of Colorado Anschutz Medical Campus" id="GO_CC_2016_02_16_test_Instance_16423" type="identity">
      <class id="CL_GO_EXT:cell" label="cell"/>
      <span end="15888" id="16433929-10924" start="15884">cell</span>
    </annotation>
    <annotation annotator="" id="GO_CC_2016_02_16_Instance_130049" type="identity">
      <class id="GO_PR_EXT:calpain_2_complex" label="calpain-2 complex"/>
      <span end="15920" id="16433929-10710" start="15911">m-calpain</span>
    </annotation>
    <annotation annotator="Mike Bada, University of Colorado Anschutz Medical Campus" id="GO_CC_2016_02_16_test_Instance_16425" type="identity">
      <class id="CL_GO_EXT:cell" label="cell"/>
      <span end="15957" id="16433929-10926" start="15953">cell</span>
    </annotation>
    <annotation annotator="Mike Bada, University of Colorado Anschutz Medical Campus" id="GO_CC_2016_02_16_test_Instance_16427" type="identity">
      <class id="CL_GO_EXT:cell" label="cell"/>
      <span end="16006" id="16433929-10928" start="16002">cell</span>
    </annotation>
    <annotation annotator="" id="GO_CC_2016_02_16_Instance_130164" type="identity">
      <class id="GO_PR_EXT:calpain_1_complex" label="calpain-1 complex"/>
      <span end="16750" id="16433929-10822" start="16748">μ-</span>
      <span end="16764" id="16433929-10823" start="16757">calpain</span>
    </annotation>
    <annotation annotator="" id="GO_CC_2016_02_16_Instance_130051" type="identity">
      <class id="GO_PR_EXT:calpain_2_complex" label="calpain-2 complex"/>
      <span end="16764" id="16433929-10712" start="16755">m-calpain</span>
    </annotation>
    <annotation annotator="" id="GO_CC_2016_02_16_Instance_130166" type="identity">
      <class id="GO_PR_EXT:calpain_1_complex" label="calpain-1 complex"/>
      <span end="16989" id="16433929-10825" start="16987">μ-</span>
      <span end="17003" id="16433929-10826" start="16996">calpain</span>
    </annotation>
    <annotation annotator="" id="GO_CC_2016_02_16_Instance_130053" type="identity">
      <class id="GO_PR_EXT:calpain_2_complex" label="calpain-2 complex"/>
      <span end="17003" id="16433929-10714" start="16994">m-calpain</span>
    </annotation>
    <annotation annotator="" id="GO_CC_2016_02_16_Instance_130168" type="identity">
      <class id="GO_PR_EXT:calpain_1_complex" label="calpain-1 complex"/>
      <span end="17149" id="16433929-10828" start="17140">μ-calpain</span>
    </annotation>
    <annotation annotator="" id="GO_CC_2016_02_16_Instance_130055" type="identity">
      <class id="GO_PR_EXT:calpain_2_complex" label="calpain-2 complex"/>
      <span end="17176" id="16433929-10716" start="17167">m-calpain</span>
    </annotation>
    <annotation annotator="" id="GO_CC_2016_02_16_Instance_130170" type="identity">
      <class id="GO_PR_EXT:calpain_1_complex" label="calpain-1 complex"/>
      <span end="17199" id="16433929-10830" start="17197">μ-</span>
      <span end="17213" id="16433929-10831" start="17206">calpain</span>
    </annotation>
    <annotation annotator="" id="GO_CC_2016_02_16_Instance_130057" type="identity">
      <class id="GO_PR_EXT:calpain_2_complex" label="calpain-2 complex"/>
      <span end="17213" id="16433929-10718" start="17204">m-calpain</span>
    </annotation>
    <annotation annotator="" id="GO_CC_2016_02_16_Instance_130172" type="identity">
      <class id="GO_PR_EXT:calpain_1_complex" label="calpain-1 complex"/>
      <span end="17379" id="16433929-10833" start="17370">μ-calpain</span>
    </annotation>
    <annotation annotator="" id="GO_CC_2016_02_16_Instance_130059" type="identity">
      <class id="GO_PR_EXT:calpain_2_complex" label="calpain-2 complex"/>
      <span end="17584" id="16433929-10720" start="17575">m-calpain</span>
    </annotation>
    <annotation annotator="" id="GO_CC_2016_02_16_Instance_130061" type="identity">
      <class id="GO_PR_EXT:calpain_2_complex" label="calpain-2 complex"/>
      <span end="17773" id="16433929-10722" start="17764">m-calpain</span>
    </annotation>
    <annotation annotator="" id="GO_CC_2016_02_16_Instance_130063" type="identity">
      <class id="GO_PR_EXT:calpain_2_complex" label="calpain-2 complex"/>
      <span end="17899" id="16433929-10724" start="17890">m-calpain</span>
    </annotation>
    <annotation annotator="" id="GO_CC_2016_02_16_Instance_130065" type="identity">
      <class id="GO_PR_EXT:calpain_2_complex" label="calpain-2 complex"/>
      <span end="18031" id="16433929-10726" start="18022">m-calpain</span>
    </annotation>
    <annotation annotator="" id="GO_CC_2016_02_16_Instance_130067" type="identity">
      <class id="GO_PR_EXT:calpain_2_complex" label="calpain-2 complex"/>
      <span end="18923" id="16433929-10728" start="18914">m-calpain</span>
    </annotation>
    <annotation annotator="Mike Bada, University of Colorado Anschutz Medical Campus" id="GO_CC_2016_02_16_test_Instance_16429" type="identity">
      <class id="CL_GO_EXT:cell" label="cell"/>
      <span end="20619" id="16433929-10930" start="20614">cells</span>
    </annotation>
    <annotation annotator="Mike Bada, University of Colorado Anschutz Medical Campus" id="GO_CC_2016_02_16_test_Instance_16431" type="identity">
      <class id="CL_GO_EXT:cell" label="cell"/>
      <span end="20783" id="16433929-10932" start="20778">cells</span>
    </annotation>
    <annotation annotator="Mike Bada, University of Colorado Anschutz Medical Campus" id="GO_CC_2016_02_16_test_Instance_16433" type="identity">
      <class id="CL_GO_EXT:cell" label="cell"/>
      <span end="20999" id="16433929-10934" start="20994">cells</span>
    </annotation>
    <annotation annotator="" id="GO_CC_2016_02_16_Instance_130174" type="identity">
      <class id="GO_PR_EXT:calpain_1_complex" label="calpain-1 complex"/>
      <span end="21357" id="16433929-10835" start="21355">μ-</span>
      <span end="21371" id="16433929-10836" start="21364">calpain</span>
    </annotation>
    <annotation annotator="" id="GO_CC_2016_02_16_Instance_130069" type="identity">
      <class id="GO_PR_EXT:calpain_2_complex" label="calpain-2 complex"/>
      <span end="21371" id="16433929-10730" start="21362">m-calpain</span>
    </annotation>
    <annotation annotator="Mike Bada, University of Colorado Anschutz Medical Campus" id="GO_CC_2016_02_16_test_Instance_16435" type="identity">
      <class id="CL_GO_EXT:cell" label="cell"/>
      <span end="21825" id="16433929-10936" start="21820">cells</span>
    </annotation>
    <annotation annotator="" id="GO_CC_2016_02_16_Instance_130176" type="identity">
      <class id="GO_PR_EXT:calpain_1_complex" label="calpain-1 complex"/>
      <span end="21894" id="16433929-10838" start="21892">μ-</span>
      <span end="21908" id="16433929-10839" start="21901">calpain</span>
    </annotation>
    <annotation annotator="" id="GO_CC_2016_02_16_Instance_130071" type="identity">
      <class id="GO_PR_EXT:calpain_2_complex" label="calpain-2 complex"/>
      <span end="21908" id="16433929-10732" start="21899">m-calpain</span>
    </annotation>
    <annotation annotator="" id="GO_CC_2016_02_16_Instance_130178" type="identity">
      <class id="GO_PR_EXT:calpain_1_complex" label="calpain-1 complex"/>
      <span end="22089" id="16433929-10841" start="22082">calpain</span>
    </annotation>
    <annotation annotator="" id="GO_CC_2016_02_16_Instance_130180" type="identity">
      <class id="GO_PR_EXT:calpain_1_complex" label="calpain-1 complex"/>
      <span end="22384" id="16433929-10843" start="22382">μ-</span>
      <span end="22398" id="16433929-10844" start="22391">calpain</span>
    </annotation>
    <annotation annotator="" id="GO_CC_2016_02_16_Instance_130073" type="identity">
      <class id="GO_PR_EXT:calpain_2_complex" label="calpain-2 complex"/>
      <span end="22398" id="16433929-10734" start="22389">m-calpain</span>
    </annotation>
    <annotation annotator="Mike Bada, University of Colorado Anschutz Medical Campus" id="GO_CC_2016_02_16_test_Instance_16437" type="identity">
      <class id="CL_GO_EXT:cell" label="cell"/>
      <span end="22445" id="16433929-10938" start="22440">cells</span>
    </annotation>
    <annotation annotator="" id="GO_CC_2016_02_16_Instance_130182" type="identity">
      <class id="GO_PR_EXT:calpain_1_complex" label="calpain-1 complex"/>
      <span end="22640" id="16433929-10846" start="22631">μ-calpain</span>
    </annotation>
    <annotation annotator="" id="GO_CC_2016_02_16_Instance_130075" type="identity">
      <class id="GO_PR_EXT:calpain_2_complex" label="calpain-2 complex"/>
      <span end="22666" id="16433929-10736" start="22657">m-calpain</span>
    </annotation>
    <annotation annotator="" id="GO_CC_2016_02_16_Instance_130184" type="identity">
      <class id="GO_PR_EXT:calpain_1_complex" label="calpain-1 complex"/>
      <span end="22724" id="16433929-10848" start="22715">μ-calpain</span>
    </annotation>
    <annotation annotator="" id="GO_CC_2016_02_16_Instance_130077" type="identity">
      <class id="GO_PR_EXT:calpain_2_complex" label="calpain-2 complex"/>
      <span end="22748" id="16433929-10738" start="22739">m-calpain</span>
    </annotation>
    <annotation annotator="Mike Bada, University of Colorado Anschutz Medical Campus" id="GO_CC_2016_02_16_test_Instance_16439" type="identity">
      <class id="CL_GO_EXT:cell" label="cell"/>
      <span end="22822" id="16433929-10940" start="22818">cell</span>
    </annotation>
    <annotation annotator="" id="GO_CC_2016_02_16_Instance_130079" type="identity">
      <class id="GO_PR_EXT:calpain_2_complex" label="calpain-2 complex"/>
      <span end="22993" id="16433929-10740" start="22984">m-calpain</span>
    </annotation>
    <annotation annotator="" id="GO_CC_2016_02_16_Instance_130186" type="identity">
      <class id="GO_PR_EXT:calpain_1_complex" label="calpain-1 complex"/>
      <span end="23041" id="16433929-10850" start="23032">μ-calpain</span>
    </annotation>
    <annotation annotator="" id="GO_CC_2016_02_16_Instance_130081" type="identity">
      <class id="GO_PR_EXT:calpain_2_complex" label="calpain-2 complex"/>
      <span end="23138" id="16433929-10742" start="23129">m-calpain</span>
    </annotation>
    <annotation annotator="Mike Bada, University of Colorado Anschutz Medical Campus" id="GO_CC_2016_02_16_test_Instance_16441" type="identity">
      <class id="CL_GO_EXT:cell" label="cell"/>
      <span end="23204" id="16433929-10942" start="23200">cell</span>
    </annotation>
    <annotation annotator="" id="GO_CC_2016_02_16_Instance_130188" type="identity">
      <class id="GO_PR_EXT:calpain_1_complex" label="calpain-1 complex"/>
      <span end="23264" id="16433929-10852" start="23257">calpain</span>
    </annotation>
    <annotation annotator="" id="GO_CC_2016_02_16_Instance_130083" type="identity">
      <class id="GO_PR_EXT:calpain_2_complex" label="calpain-2 complex"/>
      <span end="23278" id="16433929-10744" start="23269">m-calpain</span>
    </annotation>
    <annotation annotator="Mike Bada, University of Colorado Anschutz Medical Campus" id="GO_CC_2016_02_16_test_Instance_16443" type="identity">
      <class id="CL_GO_EXT:cell" label="cell"/>
      <span end="23452" id="16433929-10944" start="23448">cell</span>
    </annotation>
    <annotation annotator="Mike Bada, University of Colorado Anschutz Medical Campus" id="GO_CC_2016_02_16_test_Instance_16445" type="identity">
      <class id="CL_GO_EXT:cell" label="cell"/>
      <span end="24115" id="16433929-10946" start="24110">cells</span>
    </annotation>
    <annotation annotator="Mike Bada, University of Colorado Anschutz Medical Campus" id="GO_CC_2016_02_16_test_Instance_16447" type="identity">
      <class id="CL_GO_EXT:cell" label="cell"/>
      <span end="24239" id="16433929-10948" start="24234">cells</span>
    </annotation>
    <annotation annotator="" id="GO_CC_2016_02_16_Instance_130085" type="identity">
      <class id="GO_PR_EXT:calpain_2_complex" label="calpain-2 complex"/>
      <span end="24341" id="16433929-10746" start="24332">m-calpain</span>
    </annotation>
    <annotation annotator="Mike Bada, University of Colorado Anschutz Medical Campus" id="GO_CC_2016_02_16_test_Instance_16449" type="identity">
      <class id="CL_GO_EXT:cell" label="cell"/>
      <span end="24378" id="16433929-10950" start="24374">cell</span>
    </annotation>
    <annotation annotator="Mike Bada, University of Colorado Anschutz Medical Campus" id="GO_CC_2016_02_16_test_Instance_16451" type="identity">
      <class id="CL_GO_EXT:cell" label="cell"/>
      <span end="24442" id="16433929-10952" start="24438">cell</span>
    </annotation>
    <annotation annotator="" id="GO_CC_2016_02_16_Instance_130087" type="identity">
      <class id="GO_PR_EXT:calpain_2_complex" label="calpain-2 complex"/>
      <span end="24513" id="16433929-10748" start="24504">m-calpain</span>
    </annotation>
    <annotation annotator="Mike Bada, University of Colorado Anschutz Medical Campus" id="GO_CC_2016_02_16_test_Instance_16453" type="identity">
      <class id="CL_GO_EXT:cell" label="cell"/>
      <span end="24550" id="16433929-10954" start="24546">cell</span>
    </annotation>
    <annotation annotator="" id="GO_CC_2016_02_16_Instance_130089" type="identity">
      <class id="GO_PR_EXT:calpain_2_complex" label="calpain-2 complex"/>
      <span end="24628" id="16433929-10750" start="24619">m-calpain</span>
    </annotation>
    <annotation annotator="" id="GO_CC_2016_02_16_Instance_130091" type="identity">
      <class id="GO_PR_EXT:calpain_2_complex" label="calpain-2 complex"/>
      <span end="24692" id="16433929-10752" start="24683">m-calpain</span>
    </annotation>
    <annotation annotator="Mike Bada, University of Colorado Anschutz Medical Campus" id="GO_CC_2016_02_16_test_Instance_16455" type="identity">
      <class id="CL_GO_EXT:cell" label="cell"/>
      <span end="24712" id="16433929-10956" start="24708">cell</span>
    </annotation>
    <annotation annotator="Mike Bada, University of Colorado Anschutz Medical Campus" id="GO_CC_2016_02_16_test_Instance_31285" type="identity">
      <class id="GO_SO_EXT:chromosome" label="chromosome"/>
      <span end="24803" id="16433929-11044" start="24793">chromosome</span>
    </annotation>
    <annotation annotator="Mike Bada, University of Colorado Anschutz Medical Campus" id="GO_CC_2016_02_16_test_Instance_16457" type="identity">
      <class id="CL_GO_EXT:cell" label="cell"/>
      <span end="24916" id="16433929-10958" start="24911">cells</span>
    </annotation>
    <annotation annotator="Mike Bada, University of Colorado Anschutz Medical Campus" id="GO_CC_2016_02_16_test_Instance_16459" type="identity">
      <class id="CL_GO_EXT:cell" label="cell"/>
      <span end="25012" id="16433929-10960" start="25008">cell</span>
    </annotation>
    <annotation annotator="Mike Bada, University of Colorado Anschutz Medical Campus" id="GO_CC_2016_02_16_test_Instance_16461" type="identity">
      <class id="CL_GO_EXT:cell" label="cell"/>
      <span end="25069" id="16433929-10962" start="25065">cell</span>
    </annotation>
    <annotation annotator="" id="GO_CC_2016_02_16_Instance_130190" type="identity">
      <class id="GO_PR_EXT:calpain_1_complex" label="calpain-1 complex"/>
      <span end="25145" id="16433929-10854" start="25143">μ-</span>
      <span end="25159" id="16433929-10855" start="25152">calpain</span>
    </annotation>
    <annotation annotator="" id="GO_CC_2016_02_16_Instance_130093" type="identity">
      <class id="GO_PR_EXT:calpain_2_complex" label="calpain-2 complex"/>
      <span end="25159" id="16433929-10754" start="25150">m-calpain</span>
    </annotation>
    <annotation annotator="Mike Bada, University of Colorado Anschutz Medical Campus" id="GO_CC_2016_02_16_test_Instance_16463" type="identity">
      <class id="CL_GO_EXT:cell" label="cell"/>
      <span end="25238" id="16433929-10964" start="25233">cells</span>
    </annotation>
    <annotation annotator="Mike Bada, University of Colorado Anschutz Medical Campus" id="GO_CC_2016_02_16_test_Instance_16465" type="identity">
      <class id="CL_GO_EXT:cell" label="cell"/>
      <span end="25293" id="16433929-10966" start="25289">cell</span>
    </annotation>
    <annotation annotator="Mike Bada, University of Colorado Anschutz Medical Campus" id="GO_CC_2016_02_16_test_Instance_16467" type="identity">
      <class id="CL_GO_EXT:cell" label="cell"/>
      <span end="25334" id="16433929-10968" start="25330">cell</span>
    </annotation>
    <annotation annotator="Mike Bada, University of Colorado Anschutz Medical Campus" id="GO_CC_2016_02_16_test_Instance_16469" type="identity">
      <class id="CL_GO_EXT:cell" label="cell"/>
      <span end="25432" id="16433929-10970" start="25428">cell</span>
    </annotation>
    <annotation annotator="Mike Bada, University of Colorado Anschutz Medical Campus" id="GO_CC_2016_02_16_test_Instance_16471" type="identity">
      <class id="CL_GO_EXT:cell" label="cell"/>
      <span end="25506" id="16433929-10972" start="25502">cell</span>
    </annotation>
    <annotation annotator="Mike Bada, University of Colorado Anschutz Medical Campus" id="GO_CC_2016_02_16_test_Instance_20961" type="identity">
      <class id="GO:0005737" label="cytoplasm"/>
      <span end="25669" id="16433929-11034" start="25658">cytoplasmic</span>
    </annotation>
    <annotation annotator="Mike Bada, University of Colorado Anschutz Medical Campus" id="GO_CC_2016_02_16_test_Instance_31287" type="identity">
      <class id="GO:0001669" label="acrosomal vesicle"/>
      <span end="25705" id="16433929-11046" start="25697">acrosome</span>
    </annotation>
    <annotation annotator="" id="GO_CC_2016_02_16_Instance_130192" type="identity">
      <class id="GO_PR_EXT:calpain_1_complex" label="calpain-1 complex"/>
      <span end="25728" id="16433929-10857" start="25726">μ-</span>
      <span end="25742" id="16433929-10858" start="25735">calpain</span>
    </annotation>
    <annotation annotator="" id="GO_CC_2016_02_16_Instance_130095" type="identity">
      <class id="GO_PR_EXT:calpain_2_complex" label="calpain-2 complex"/>
      <span end="25742" id="16433929-10756" start="25733">m-calpain</span>
    </annotation>
    <annotation annotator="" id="GO_CC_2016_02_16_Instance_130097" type="identity">
      <class id="GO_PR_EXT:calpain_2_complex" label="calpain-2 complex"/>
      <span end="25819" id="16433929-10758" start="25810">m-calpain</span>
    </annotation>
    <annotation annotator="Mike Bada, University of Colorado Anschutz Medical Campus" id="GO_CC_2016_02_16_test_Instance_31289" type="identity">
      <class id="GO:0001669" label="acrosomal vesicle"/>
      <span end="25850" id="16433929-11048" start="25842">acrosome</span>
    </annotation>
    <annotation annotator="" id="GO_CC_2016_02_16_Instance_130099" type="identity">
      <class id="GO_PR_EXT:calpain_2_complex" label="calpain-2 complex"/>
      <span end="25915" id="16433929-10760" start="25906">m-calpain</span>
    </annotation>
    <annotation annotator="" id="GO_CC_2016_02_16_Instance_100124" type="identity">
      <class id="GO:0005938" label="cell cortex"/>
      <span end="25931" id="16433929-10656" start="25923">cortical</span>
    </annotation>
    <annotation annotator="Mike Bada, University of Colorado Anschutz Medical Campus" id="GO_CC_2016_02_16_test_Instance_31291" type="identity">
      <class id="GO:0016020" label="membrane"/>
      <span end="25940" id="16433929-11050" start="25932">membrane</span>
    </annotation>
    <annotation annotator="" id="GO_CC_2016_02_16_Instance_100126" type="identity">
      <class id="GO:0060473" label="cortical granule"/>
      <span end="26013" id="16433929-10658" start="25997">cortical granule</span>
    </annotation>
    <annotation annotator="" id="GO_CC_2016_02_16_Instance_130101" type="identity">
      <class id="GO_PR_EXT:calpain_2_complex" label="calpain-2 complex"/>
      <span end="26069" id="16433929-10762" start="26060">m-calpain</span>
    </annotation>
    <annotation annotator="" id="GO_CC_2016_02_16_Instance_100128" type="identity">
      <class id="GO:0072687" label="meiotic spindle"/>
      <span end="26116" id="16433929-10660" start="26101">meiotic spindle</span>
    </annotation>
    <annotation annotator="Mike Bada, University of Colorado Anschutz Medical Campus" id="GO_CC_2016_02_16_test_Instance_31295" type="identity">
      <class id="GO_SO_EXT:chromosome" label="chromosome"/>
      <span end="26177" id="16433929-11052" start="26167">chromosome</span>
    </annotation>
    <annotation annotator="Mike Bada, University of Colorado Anschutz Medical Campus" id="GO_CC_2016_02_16_test_Instance_31297" type="identity">
      <class id="GO_SO_EXT:chromosome" label="chromosome"/>
      <span end="26230" id="16433929-11054" start="26220">chromosome</span>
    </annotation>
    <annotation annotator="Mike Bada, University of Colorado Anschutz Medical Campus" id="GO_CC_2016_02_16_test_Instance_16473" type="identity">
      <class id="CL_GO_EXT:cell" label="cell"/>
      <span end="26364" id="16433929-10974" start="26359">cells</span>
    </annotation>
    <annotation annotator="" id="GO_CC_2016_02_16_Instance_180005" type="identity">
      <class id="GO_PR_EXT:spectrin" label="spectrin"/>
      <span end="26560" id="16433929-10870" start="26552">spectrin</span>
    </annotation>
    <annotation annotator="Mike Bada, University of Colorado Anschutz Medical Campus" id="GO_CC_2016_02_16_test_Instance_16475" type="identity">
      <class id="CL_GO_EXT:cell" label="cell"/>
      <span end="26813" id="16433929-10976" start="26808">cells</span>
    </annotation>
    <annotation annotator="Mike Bada, University of Colorado Anschutz Medical Campus" id="GO_CC_2016_02_16_test_Instance_16477" type="identity">
      <class id="CL_GO_EXT:cell" label="cell"/>
      <span end="26878" id="16433929-10978" start="26874">cell</span>
    </annotation>
    <annotation annotator="Mike Bada, University of Colorado Anschutz Medical Campus" id="GO_CC_2016_02_16_test_Instance_16479" type="identity">
      <class id="CL_GO_EXT:cell" label="cell"/>
      <span end="26914" id="16433929-10980" start="26910">cell</span>
    </annotation>
    <annotation annotator="Mike Bada, University of Colorado Anschutz Medical Campus" id="GO_CC_2016_02_16_test_Instance_16481" type="identity">
      <class id="CL_GO_EXT:cell" label="cell"/>
      <span end="26961" id="16433929-10982" start="26956">cells</span>
    </annotation>
    <annotation annotator="Mike Bada, University of Colorado Anschutz Medical Campus" id="GO_CC_2016_02_16_test_Instance_16483" type="identity">
      <class id="CL_GO_EXT:cell" label="cell"/>
      <span end="27044" id="16433929-10984" start="27039">cells</span>
    </annotation>
    <annotation annotator="Mike Bada, University of Colorado Anschutz Medical Campus" id="GO_CC_2016_02_16_test_Instance_16485" type="identity">
      <class id="CL_GO_EXT:cell" label="cell"/>
      <span end="27165" id="16433929-10986" start="27161">cell</span>
    </annotation>
    <annotation annotator="Mike Bada, University of Colorado Anschutz Medical Campus" id="GO_CC_2016_02_16_test_Instance_16487" type="identity">
      <class id="CL_GO_EXT:cell" label="cell"/>
      <span end="27207" id="16433929-10988" start="27202">cells</span>
    </annotation>
    <annotation annotator="" id="GO_CC_2016_02_16_Instance_130103" type="identity">
      <class id="GO_PR_EXT:calpain_2_complex" label="calpain-2 complex"/>
      <span end="27362" id="16433929-10764" start="27353">m-calpain</span>
    </annotation>
    <annotation annotator="" id="GO_CC_2016_02_16_Instance_130194" type="identity">
      <class id="GO_PR_EXT:calpain_1_complex" label="calpain-1 complex"/>
      <span end="28578" id="16433929-10860" start="28576">μ-</span>
      <span end="28592" id="16433929-10861" start="28585">calpain</span>
    </annotation>
    <annotation annotator="" id="GO_CC_2016_02_16_Instance_130105" type="identity">
      <class id="GO_PR_EXT:calpain_2_complex" label="calpain-2 complex"/>
      <span end="28592" id="16433929-10766" start="28583">m-calpain</span>
    </annotation>
    <annotation annotator="" id="GO_CC_2016_02_16_Instance_130107" type="identity">
      <class id="GO_PR_EXT:calpain_2_complex" label="calpain-2 complex"/>
      <span end="28635" id="16433929-10768" start="28626">m-calpain</span>
    </annotation>
    <annotation annotator="" id="GO_CC_2016_02_16_Instance_130196" type="identity">
      <class id="GO_PR_EXT:calpain_1_complex" label="calpain-1 complex"/>
      <span end="28800" id="16433929-10863" start="28791">μ-calpain</span>
    </annotation>
    <annotation annotator="" id="GO_CC_2016_02_16_Instance_130198" type="identity">
      <class id="GO_PR_EXT:calpain_1_complex" label="calpain-1 complex"/>
      <span end="28849" id="16433929-10865" start="28847">μ-</span>
      <span end="28863" id="16433929-10866" start="28856">calpain</span>
    </annotation>
    <annotation annotator="" id="GO_CC_2016_02_16_Instance_130109" type="identity">
      <class id="GO_PR_EXT:calpain_2_complex" label="calpain-2 complex"/>
      <span end="28863" id="16433929-10770" start="28854">m-calpain</span>
    </annotation>
    <annotation annotator="" id="GO_CC_2016_02_16_Instance_130111" type="identity">
      <class id="GO_PR_EXT:calpain_2_complex" label="calpain-2 complex"/>
      <span end="28969" id="16433929-10772" start="28960">m-calpain</span>
    </annotation>
    <annotation annotator="" id="GO_CC_2016_02_16_Instance_130113" type="identity">
      <class id="GO_PR_EXT:calpain_2_complex" label="calpain-2 complex"/>
      <span end="29250" id="16433929-10774" start="29241">m-calpain</span>
    </annotation>
    <annotation annotator="Mike Bada, University of Colorado Anschutz Medical Campus" id="GO_CC_2016_02_16_test_Instance_31301" type="identity">
      <class id="GO_SO_EXT:chromosome" label="chromosome"/>
      <span end="29333" id="16433929-11056" start="29323">chromosome</span>
    </annotation>
    <annotation annotator="Mike Bada, University of Colorado Anschutz Medical Campus" id="GO_CC_2016_02_16_test_Instance_16489" type="identity">
      <class id="CL_GO_EXT:cell" label="cell"/>
      <span end="31384" id="16433929-10990" start="31379">cells</span>
    </annotation>
    <annotation annotator="Mike Bada, University of Colorado Anschutz Medical Campus" id="GO_CC_2016_02_16_test_Instance_16521" type="identity">
      <class id="CL_GO_EXT:cell" label="cell"/>
      <span end="32344" id="16433929-11022" start="32340">cell</span>
    </annotation>
    <annotation annotator="Mike Bada, University of Colorado Anschutz Medical Campus" id="GO_CC_2016_02_16_test_Instance_16523" type="identity">
      <class id="CL_GO_EXT:cell" label="cell"/>
      <span end="32418" id="16433929-11024" start="32413">cells</span>
    </annotation>
    <annotation annotator="Mike Bada, University of Colorado Anschutz Medical Campus" id="GO_CC_2016_02_16_test_Instance_16525" type="identity">
      <class id="CL_GO_EXT:cell" label="cell"/>
      <span end="32546" id="16433929-11026" start="32542">cell</span>
    </annotation>
    <annotation annotator="Mike Bada, University of Colorado Anschutz Medical Campus" id="GO_CC_2016_02_16_test_Instance_16491" type="identity">
      <class id="CL_GO_EXT:cell" label="cell"/>
      <span end="32928" id="16433929-10992" start="32924">cell</span>
    </annotation>
    <annotation annotator="Mike Bada, University of Colorado Anschutz Medical Campus" id="GO_CC_2016_02_16_test_Instance_16493" type="identity">
      <class id="CL_GO_EXT:cell" label="cell"/>
      <span end="33172" id="16433929-10994" start="33167">cells</span>
    </annotation>
    <annotation annotator="Mike Bada, University of Colorado Anschutz Medical Campus" id="GO_CC_2016_02_16_test_Instance_21529" type="identity">
      <class id="CL_GO_EXT:cell" label="cell"/>
      <span end="33179" id="16433929-11036" start="33174">Cells</span>
    </annotation>
    <annotation annotator="Mike Bada, University of Colorado Anschutz Medical Campus" id="GO_CC_2016_02_16_test_Instance_16527" type="identity">
      <class id="CL_GO_EXT:cell" label="cell"/>
      <span end="33557" id="16433929-11028" start="33552">cells</span>
    </annotation>
    <annotation annotator="Mike Bada, University of Colorado Anschutz Medical Campus" id="GO_CC_2016_02_16_test_Instance_16529" type="identity">
      <class id="CL_GO_EXT:cell" label="cell"/>
      <span end="33595" id="16433929-11030" start="33591">cell</span>
    </annotation>
    <annotation annotator="Mike Bada, University of Colorado Anschutz Medical Campus" id="GO_CC_2016_02_16_test_Instance_16495" type="identity">
      <class id="CL_GO_EXT:cell" label="cell"/>
      <span end="35010" id="16433929-10996" start="35005">cells</span>
    </annotation>
    <annotation annotator="Mike Bada, University of Colorado Anschutz Medical Campus" id="GO_CC_2016_02_16_test_Instance_16497" type="identity">
      <class id="CL_GO_EXT:cell" label="cell"/>
      <span end="38057" id="16433929-10998" start="38053">cell</span>
    </annotation>
    <annotation annotator="Mike Bada, University of Colorado Anschutz Medical Campus" id="GO_CC_2016_02_16_test_Instance_16531" type="identity">
      <class id="CL_GO_EXT:cell" label="cell"/>
      <span end="39704" id="16433929-11032" start="39700">cell</span>
    </annotation>
    <graph-space id="Old Knowtator Relations"/>
  </document>
</knowtator-project>
