<?xml version="1.0" encoding="UTF-8" standalone="no"?>
<knowtator-project>
  <document id="16504174" text-file="16504174.txt">
    <annotation annotator="Mike Bada, University of Colorado Anschutz Medical Campus" id="GO_CC_2016_02_16_test_Instance_16755" type="identity">
      <class id="CL_GO_EXT:cell" label="cell"/>
      <span end="132" id="16504174-11429" start="128">cell</span>
    </annotation>
    <annotation annotator="Mike Bada, University of Colorado Anschutz Medical Campus" id="GO_CC_2016_02_16_test_Instance_16757" type="identity">
      <class id="CL_GO_EXT:cell" label="cell"/>
      <span end="256" id="16504174-11431" start="251">cells</span>
    </annotation>
    <annotation annotator="Mike Bada, University of Colorado Anschutz Medical Campus" id="GO_CC_2016_02_16_test_Instance_16759" type="identity">
      <class id="CL_GO_EXT:cell" label="cell"/>
      <span end="287" id="16504174-11433" start="282">cells</span>
    </annotation>
    <annotation annotator="Mike Bada, University of Colorado Anschutz Medical Campus" id="GO_CC_2016_02_16_test_Instance_21791" type="identity">
      <class id="GO_SO_EXT:chromosome" label="chromosome"/>
      <span end="411" id="16504174-11465" start="400">chromosomal</span>
    </annotation>
    <annotation annotator="Mike Bada, University of Colorado Anschutz Medical Campus" id="GO_CC_2016_02_16_test_Instance_31367" type="identity">
      <class id="GO_SO_EXT:chromosome" label="chromosome"/>
      <span end="726" id="16504174-11481" start="716">chromosome</span>
    </annotation>
    <annotation annotator="Mike Bada, University of Colorado Anschutz Medical Campus" id="GO_CC_2016_02_16_test_Instance_16581" type="identity">
      <class id="CL_GO_EXT:cell" label="cell"/>
      <span end="991" id="16504174-11255" start="986">cells</span>
    </annotation>
    <annotation annotator="Mike Bada, University of Colorado Anschutz Medical Campus" id="GO_CC_2016_02_16_test_Instance_16583" type="identity">
      <class id="CL_GO_EXT:cell" label="cell"/>
      <span end="1114" id="16504174-11257" start="1109">cells</span>
    </annotation>
    <annotation annotator="Mike Bada, University of Colorado Anschutz Medical Campus" id="GO_CC_2016_02_16_test_Instance_16585" type="identity">
      <class id="CL_GO_EXT:cell" label="cell"/>
      <span end="1225" id="16504174-11259" start="1220">cells</span>
    </annotation>
    <annotation annotator="Mike Bada, University of Colorado Anschutz Medical Campus" id="GO_CC_2016_02_16_test_Instance_16587" type="identity">
      <class id="CL_GO_EXT:cell" label="cell"/>
      <span end="1311" id="16504174-11261" start="1306">cells</span>
    </annotation>
    <annotation annotator="Mike Bada, University of Colorado Anschutz Medical Campus" id="GO_CC_2016_02_16_test_Instance_16589" type="identity">
      <class id="CL_GO_EXT:cell" label="cell"/>
      <span end="1520" id="16504174-11263" start="1515">cells</span>
    </annotation>
    <annotation annotator="Mike Bada, University of Colorado Anschutz Medical Campus" id="GO_CC_2016_02_16_test_Instance_16591" type="identity">
      <class id="CL_GO_EXT:cell" label="cell"/>
      <span end="1536" id="16504174-11265" start="1531">cells</span>
    </annotation>
    <annotation annotator="Mike Bada, University of Colorado Anschutz Medical Campus" id="GO_CC_2016_02_16_test_Instance_31369" type="identity">
      <class id="GO_SO_EXT:chromosome" label="chromosome"/>
      <span end="1702" id="16504174-11483" start="1692">chromosome</span>
    </annotation>
    <annotation annotator="Mike Bada, University of Colorado Anschutz Medical Campus" id="GO_CC_2016_02_16_test_Instance_16593" type="identity">
      <class id="CL_GO_EXT:cell" label="cell"/>
      <span end="1758" id="16504174-11267" start="1753">cells</span>
    </annotation>
    <annotation annotator="Mike Bada, University of Colorado Anschutz Medical Campus" id="GO_CC_2016_02_16_test_Instance_16595" type="identity">
      <class id="CL_GO_EXT:cell" label="cell"/>
      <span end="1773" id="16504174-11269" start="1768">cells</span>
    </annotation>
    <annotation annotator="Mike Bada, University of Colorado Anschutz Medical Campus" id="GO_CC_2016_02_16_test_Instance_16597" type="identity">
      <class id="CL_GO_EXT:cell" label="cell"/>
      <span end="1823" id="16504174-11271" start="1818">cells</span>
    </annotation>
    <annotation annotator="Mike Bada, University of Colorado Anschutz Medical Campus" id="GO_CC_2016_02_16_test_Instance_16761" type="identity">
      <class id="CL_GO_EXT:cell" label="cell"/>
      <span end="1894" id="16504174-11435" start="1889">cells</span>
    </annotation>
    <annotation annotator="Mike Bada, University of Colorado Anschutz Medical Campus" id="GO_CC_2016_02_16_test_Instance_16599" type="identity">
      <class id="CL_GO_EXT:cell" label="cell"/>
      <span end="1989" id="16504174-11273" start="1984">cells</span>
    </annotation>
    <annotation annotator="Mike Bada, University of Colorado Anschutz Medical Campus" id="GO_CC_2016_02_16_test_Instance_16601" type="identity">
      <class id="CL_GO_EXT:cell" label="cell"/>
      <span end="2124" id="16504174-11275" start="2119">cells</span>
    </annotation>
    <annotation annotator="Mike Bada, University of Colorado Anschutz Medical Campus" id="GO_CC_2016_02_16_test_Instance_16603" type="identity">
      <class id="CL_GO_EXT:cell" label="cell"/>
      <span end="2192" id="16504174-11277" start="2187">cells</span>
    </annotation>
    <annotation annotator="Mike Bada, University of Colorado Anschutz Medical Campus" id="GO_CC_2016_02_16_test_Instance_16605" type="identity">
      <class id="CL_GO_EXT:cell" label="cell"/>
      <span end="2285" id="16504174-11279" start="2280">cells</span>
    </annotation>
    <annotation annotator="Mike Bada, University of Colorado Anschutz Medical Campus" id="GO_CC_2016_02_16_test_Instance_16607" type="identity">
      <class id="CL_GO_EXT:cell" label="cell"/>
      <span end="2313" id="16504174-11281" start="2309">cell</span>
    </annotation>
    <annotation annotator="Mike Bada, University of Colorado Anschutz Medical Campus" id="GO_CC_2016_02_16_test_Instance_16609" type="identity">
      <class id="CL_GO_EXT:cell" label="cell"/>
      <span end="2507" id="16504174-11283" start="2502">cells</span>
    </annotation>
    <annotation annotator="Mike Bada, University of Colorado Anschutz Medical Campus" id="GO_CC_2016_02_16_test_Instance_16611" type="identity">
      <class id="CL_GO_EXT:cell" label="cell"/>
      <span end="2561" id="16504174-11285" start="2557">cell</span>
    </annotation>
    <annotation annotator="Mike Bada, University of Colorado Anschutz Medical Campus" id="GO_CC_2016_02_16_test_Instance_16613" type="identity">
      <class id="CL_GO_EXT:cell" label="cell"/>
      <span end="2621" id="16504174-11287" start="2616">cells</span>
    </annotation>
    <annotation annotator="Mike Bada, University of Colorado Anschutz Medical Campus" id="GO_CC_2016_02_16_test_Instance_16615" type="identity">
      <class id="CL_GO_EXT:cell" label="cell"/>
      <span end="2748" id="16504174-11289" start="2743">cells</span>
    </annotation>
    <annotation annotator="Mike Bada, University of Colorado Anschutz Medical Campus" id="GO_CC_2016_02_16_test_Instance_16617" type="identity">
      <class id="CL_GO_EXT:cell" label="cell"/>
      <span end="3083" id="16504174-11291" start="3078">cells</span>
    </annotation>
    <annotation annotator="Mike Bada, University of Colorado Anschutz Medical Campus" id="GO_CC_2016_02_16_test_Instance_16619" type="identity">
      <class id="CL_GO_EXT:cell" label="cell"/>
      <span end="3170" id="16504174-11293" start="3165">cells</span>
    </annotation>
    <annotation annotator="Mike Bada, University of Colorado Anschutz Medical Campus" id="GO_CC_2016_02_16_test_Instance_16621" type="identity">
      <class id="CL_GO_EXT:cell" label="cell"/>
      <span end="3218" id="16504174-11295" start="3213">cells</span>
    </annotation>
    <annotation annotator="Mike Bada, University of Colorado Anschutz Medical Campus" id="GO_CC_2016_02_16_test_Instance_16623" type="identity">
      <class id="CL_GO_EXT:cell" label="cell"/>
      <span end="3238" id="16504174-11297" start="3233">cells</span>
    </annotation>
    <annotation annotator="Mike Bada, University of Colorado Anschutz Medical Campus" id="GO_CC_2016_02_16_test_Instance_16625" type="identity">
      <class id="CL_GO_EXT:cell" label="cell"/>
      <span end="3260" id="16504174-11299" start="3255">cells</span>
    </annotation>
    <annotation annotator="Mike Bada, University of Colorado Anschutz Medical Campus" id="GO_CC_2016_02_16_test_Instance_16627" type="identity">
      <class id="CL_GO_EXT:cell" label="cell"/>
      <span end="3297" id="16504174-11301" start="3292">cells</span>
    </annotation>
    <annotation annotator="Mike Bada, University of Colorado Anschutz Medical Campus" id="GO_CC_2016_02_16_test_Instance_16629" type="identity">
      <class id="CL_GO_EXT:cell" label="cell"/>
      <span end="3527" id="16504174-11303" start="3522">cells</span>
    </annotation>
    <annotation annotator="Mike Bada, University of Colorado Anschutz Medical Campus" id="GO_CC_2016_02_16_test_Instance_21793" type="identity">
      <class id="GO_SO_EXT:chromosome" label="chromosome"/>
      <span end="3949" id="16504174-11467" start="3938">chromosomal</span>
    </annotation>
    <annotation annotator="Mike Bada, University of Colorado Anschutz Medical Campus" id="GO_CC_2016_02_16_test_Instance_21795" type="identity">
      <class id="GO_SO_EXT:chromosome" label="chromosome"/>
      <span end="4264" id="16504174-11469" start="4253">Chromosomal</span>
    </annotation>
    <annotation annotator="Mike Bada, University of Colorado Anschutz Medical Campus" id="GO_CC_2016_02_16_test_Instance_21797" type="identity">
      <class id="GO_SO_EXT:chromosome" label="chromosome"/>
      <span end="4356" id="16504174-11471" start="4345">chromosomal</span>
    </annotation>
    <annotation annotator="Mike Bada, University of Colorado Anschutz Medical Campus" id="GO_CC_2016_02_16_test_Instance_31371" type="identity">
      <class id="GO_SO_EXT:chromosome" label="chromosome"/>
      <span end="4584" id="16504174-11485" start="4573">chromosomes</span>
    </annotation>
    <annotation annotator="Mike Bada, University of Colorado Anschutz Medical Campus" id="GO_CC_2016_02_16_test_Instance_21799" type="identity">
      <class id="GO_SO_EXT:chromosome" label="chromosome"/>
      <span end="4728" id="16504174-11473" start="4717">chromosomal</span>
    </annotation>
    <annotation annotator="Mike Bada, University of Colorado Anschutz Medical Campus" id="GO_CC_2016_02_16_test_Instance_16631" type="identity">
      <class id="CL_GO_EXT:cell" label="cell"/>
      <span end="5081" id="16504174-11305" start="5077">cell</span>
    </annotation>
    <annotation annotator="Mike Bada, University of Colorado Anschutz Medical Campus" id="GO_CC_2016_02_16_test_Instance_21801" type="identity">
      <class id="GO_SO_EXT:chromosome" label="chromosome"/>
      <span end="5307" id="16504174-11475" start="5296">Chromosomal</span>
    </annotation>
    <annotation annotator="Mike Bada, University of Colorado Anschutz Medical Campus" id="GO_CC_2016_02_16_test_Instance_31373" type="identity">
      <class id="GO_SO_EXT:chromosome" label="chromosome"/>
      <span end="5360" id="16504174-11487" start="5350">chromosome</span>
    </annotation>
    <annotation annotator="Mike Bada, University of Colorado Anschutz Medical Campus" id="GO_CC_2016_02_16_test_Instance_31375" type="identity">
      <class id="GO_SO_EXT:chromosome" label="chromosome"/>
      <span end="5664" id="16504174-11489" start="5654">chromosome</span>
    </annotation>
    <annotation annotator="Mike Bada, University of Colorado Anschutz Medical Campus" id="GO_CC_2016_02_16_test_Instance_31377" type="identity">
      <class id="GO_SO_EXT:chromosome" label="chromosome"/>
      <span end="5843" id="16504174-11491" start="5833">chromosome</span>
    </annotation>
    <annotation annotator="Mike Bada, University of Colorado Anschutz Medical Campus" id="GO_CC_2016_02_16_test_Instance_31379" type="identity">
      <class id="GO_SO_EXT:chromosome" label="chromosome"/>
      <span end="5979" id="16504174-11493" start="5969">chromosome</span>
    </annotation>
    <annotation annotator="Mike Bada, University of Colorado Anschutz Medical Campus" id="GO_CC_2016_02_16_test_Instance_16633" type="identity">
      <class id="CL_GO_EXT:cell" label="cell"/>
      <span end="6595" id="16504174-11307" start="6590">cells</span>
    </annotation>
    <annotation annotator="Mike Bada, University of Colorado Anschutz Medical Campus" id="GO_CC_2016_02_16_test_Instance_16635" type="identity">
      <class id="CL_GO_EXT:cell" label="cell"/>
      <span end="6621" id="16504174-11309" start="6616">cells</span>
    </annotation>
    <annotation annotator="Mike Bada, University of Colorado Anschutz Medical Campus" id="GO_CC_2016_02_16_test_Instance_31381" type="identity">
      <class id="GO_SO_EXT:chromosome" label="chromosome"/>
      <span end="6913" id="16504174-11495" start="6903">chromosome</span>
    </annotation>
    <annotation annotator="Mike Bada, University of Colorado Anschutz Medical Campus" id="GO_CC_2016_02_16_test_Instance_16637" type="identity">
      <class id="CL_GO_EXT:cell" label="cell"/>
      <span end="7451" id="16504174-11311" start="7446">cells</span>
    </annotation>
    <annotation annotator="Mike Bada, University of Colorado Anschutz Medical Campus" id="GO_CC_2016_02_16_test_Instance_16639" type="identity">
      <class id="CL_GO_EXT:cell" label="cell"/>
      <span end="7498" id="16504174-11313" start="7493">cells</span>
    </annotation>
    <annotation annotator="Mike Bada, University of Colorado Anschutz Medical Campus" id="GO_CC_2016_02_16_test_Instance_16641" type="identity">
      <class id="CL_GO_EXT:cell" label="cell"/>
      <span end="7531" id="16504174-11315" start="7526">cells</span>
    </annotation>
    <annotation annotator="Mike Bada, University of Colorado Anschutz Medical Campus" id="GO_CC_2016_02_16_test_Instance_16763" type="identity">
      <class id="CL_GO_EXT:cell" label="cell"/>
      <span end="8913" id="16504174-11437" start="8908">cells</span>
    </annotation>
    <annotation annotator="Mike Bada, University of Colorado Anschutz Medical Campus" id="GO_CC_2016_02_16_test_Instance_16643" type="identity">
      <class id="CL_GO_EXT:cell" label="cell"/>
      <span end="9133" id="16504174-11317" start="9128">cells</span>
    </annotation>
    <annotation annotator="Mike Bada, University of Colorado Anschutz Medical Campus" id="GO_CC_2016_02_16_test_Instance_16645" type="identity">
      <class id="CL_GO_EXT:cell" label="cell"/>
      <span end="9179" id="16504174-11319" start="9175">cell</span>
    </annotation>
    <annotation annotator="Mike Bada, University of Colorado Anschutz Medical Campus" id="GO_CC_2016_02_16_test_Instance_16647" type="identity">
      <class id="CL_GO_EXT:cell" label="cell"/>
      <span end="9850" id="16504174-11321" start="9845">cells</span>
    </annotation>
    <annotation annotator="Mike Bada, University of Colorado Anschutz Medical Campus" id="GO_CC_2016_02_16_test_Instance_16649" type="identity">
      <class id="CL_GO_EXT:cell" label="cell"/>
      <span end="9873" id="16504174-11323" start="9868">cells</span>
    </annotation>
    <annotation annotator="Mike Bada, University of Colorado Anschutz Medical Campus" id="GO_CC_2016_02_16_test_Instance_16651" type="identity">
      <class id="CL_GO_EXT:cell" label="cell"/>
      <span end="9895" id="16504174-11325" start="9890">cells</span>
    </annotation>
    <annotation annotator="Mike Bada, University of Colorado Anschutz Medical Campus" id="GO_CC_2016_02_16_test_Instance_16653" type="identity">
      <class id="CL_GO_EXT:cell" label="cell"/>
      <span end="9920" id="16504174-11327" start="9915">cells</span>
    </annotation>
    <annotation annotator="Mike Bada, University of Colorado Anschutz Medical Campus" id="GO_CC_2016_02_16_test_Instance_16655" type="identity">
      <class id="CL_GO_EXT:cell" label="cell"/>
      <span end="10034" id="16504174-11329" start="10029">cells</span>
    </annotation>
    <annotation annotator="Mike Bada, University of Colorado Anschutz Medical Campus" id="GO_CC_2016_02_16_test_Instance_16657" type="identity">
      <class id="CL_GO_EXT:cell" label="cell"/>
      <span end="10059" id="16504174-11331" start="10054">cells</span>
    </annotation>
    <annotation annotator="Mike Bada, University of Colorado Anschutz Medical Campus" id="GO_CC_2016_02_16_test_Instance_16659" type="identity">
      <class id="CL_GO_EXT:cell" label="cell"/>
      <span end="10105" id="16504174-11333" start="10100">cells</span>
    </annotation>
    <annotation annotator="Mike Bada, University of Colorado Anschutz Medical Campus" id="GO_CC_2016_02_16_test_Instance_21803" type="identity">
      <class id="GO:0005840" label="ribosome"/>
      <span end="10257" id="16504174-11477" start="10248">ribosomal</span>
    </annotation>
    <annotation annotator="Mike Bada, University of Colorado Anschutz Medical Campus" id="GO_CC_2016_02_16_test_Instance_16661" type="identity">
      <class id="CL_GO_EXT:cell" label="cell"/>
      <span end="10323" id="16504174-11335" start="10318">cells</span>
    </annotation>
    <annotation annotator="Mike Bada, University of Colorado Anschutz Medical Campus" id="GO_CC_2016_02_16_test_Instance_16663" type="identity">
      <class id="CL_GO_EXT:cell" label="cell"/>
      <span end="10387" id="16504174-11337" start="10382">cells</span>
    </annotation>
    <annotation annotator="Mike Bada, University of Colorado Anschutz Medical Campus" id="GO_CC_2016_02_16_test_Instance_16665" type="identity">
      <class id="CL_GO_EXT:cell" label="cell"/>
      <span end="10550" id="16504174-11339" start="10545">cells</span>
    </annotation>
    <annotation annotator="Mike Bada, University of Colorado Anschutz Medical Campus" id="GO_CC_2016_02_16_test_Instance_16667" type="identity">
      <class id="CL_GO_EXT:cell" label="cell"/>
      <span end="10644" id="16504174-11341" start="10639">cells</span>
    </annotation>
    <annotation annotator="Mike Bada, University of Colorado Anschutz Medical Campus" id="GO_CC_2016_02_16_test_Instance_16669" type="identity">
      <class id="CL_GO_EXT:cell" label="cell"/>
      <span end="10770" id="16504174-11343" start="10765">cells</span>
    </annotation>
    <annotation annotator="Mike Bada, University of Colorado Anschutz Medical Campus" id="GO_CC_2016_02_16_test_Instance_16671" type="identity">
      <class id="CL_GO_EXT:cell" label="cell"/>
      <span end="10823" id="16504174-11345" start="10818">cells</span>
    </annotation>
    <annotation annotator="Mike Bada, University of Colorado Anschutz Medical Campus" id="GO_CC_2016_02_16_test_Instance_16673" type="identity">
      <class id="CL_GO_EXT:cell" label="cell"/>
      <span end="10921" id="16504174-11347" start="10916">cells</span>
    </annotation>
    <annotation annotator="Mike Bada, University of Colorado Anschutz Medical Campus" id="GO_CC_2016_02_16_test_Instance_16675" type="identity">
      <class id="CL_GO_EXT:cell" label="cell"/>
      <span end="10948" id="16504174-11349" start="10943">cells</span>
    </annotation>
    <annotation annotator="Mike Bada, University of Colorado Anschutz Medical Campus" id="GO_CC_2016_02_16_test_Instance_16677" type="identity">
      <class id="CL_GO_EXT:cell" label="cell"/>
      <span end="11133" id="16504174-11351" start="11128">cells</span>
    </annotation>
    <annotation annotator="Mike Bada, University of Colorado Anschutz Medical Campus" id="GO_CC_2016_02_16_test_Instance_16679" type="identity">
      <class id="CL_GO_EXT:cell" label="cell"/>
      <span end="11329" id="16504174-11353" start="11324">cells</span>
    </annotation>
    <annotation annotator="Mike Bada, University of Colorado Anschutz Medical Campus" id="GO_CC_2016_02_16_test_Instance_16765" type="identity">
      <class id="CL_GO_EXT:cell" label="cell"/>
      <span end="11372" id="16504174-11439" start="11367">cells</span>
    </annotation>
    <annotation annotator="Mike Bada, University of Colorado Anschutz Medical Campus" id="GO_CC_2016_02_16_test_Instance_16681" type="identity">
      <class id="CL_GO_EXT:cell" label="cell"/>
      <span end="11412" id="16504174-11355" start="11408">cell</span>
    </annotation>
    <annotation annotator="Mike Bada, University of Colorado Anschutz Medical Campus" id="GO_CC_2016_02_16_test_Instance_16683" type="identity">
      <class id="CL_GO_EXT:cell" label="cell"/>
      <span end="11447" id="16504174-11357" start="11442">cells</span>
    </annotation>
    <annotation annotator="Mike Bada, University of Colorado Anschutz Medical Campus" id="GO_CC_2016_02_16_test_Instance_16685" type="identity">
      <class id="CL_GO_EXT:cell" label="cell"/>
      <span end="11531" id="16504174-11359" start="11526">cells</span>
    </annotation>
    <annotation annotator="Mike Bada, University of Colorado Anschutz Medical Campus" id="GO_CC_2016_02_16_test_Instance_16687" type="identity">
      <class id="CL_GO_EXT:cell" label="cell"/>
      <span end="11558" id="16504174-11361" start="11553">cells</span>
    </annotation>
    <annotation annotator="Mike Bada, University of Colorado Anschutz Medical Campus" id="GO_CC_2016_02_16_test_Instance_21531" type="identity">
      <class id="CL_GO_EXT:cell" label="cell"/>
      <span end="11599" id="16504174-11457" start="11595">Cell</span>
    </annotation>
    <annotation annotator="Mike Bada, University of Colorado Anschutz Medical Campus" id="GO_CC_2016_02_16_test_Instance_16689" type="identity">
      <class id="CL_GO_EXT:cell" label="cell"/>
      <span end="11693" id="16504174-11363" start="11688">cells</span>
    </annotation>
    <annotation annotator="Mike Bada, University of Colorado Anschutz Medical Campus" id="GO_CC_2016_02_16_test_Instance_16691" type="identity">
      <class id="CL_GO_EXT:cell" label="cell"/>
      <span end="11825" id="16504174-11365" start="11820">cells</span>
    </annotation>
    <annotation annotator="Mike Bada, University of Colorado Anschutz Medical Campus" id="GO_CC_2016_02_16_test_Instance_16693" type="identity">
      <class id="CL_GO_EXT:cell" label="cell"/>
      <span end="11919" id="16504174-11367" start="11914">cells</span>
    </annotation>
    <annotation annotator="Mike Bada, University of Colorado Anschutz Medical Campus" id="GO_CC_2016_02_16_test_Instance_16695" type="identity">
      <class id="CL_GO_EXT:cell" label="cell"/>
      <span end="12025" id="16504174-11369" start="12020">cells</span>
    </annotation>
    <annotation annotator="Mike Bada, University of Colorado Anschutz Medical Campus" id="GO_CC_2016_02_16_test_Instance_16697" type="identity">
      <class id="CL_GO_EXT:cell" label="cell"/>
      <span end="12109" id="16504174-11371" start="12104">cells</span>
    </annotation>
    <annotation annotator="Mike Bada, University of Colorado Anschutz Medical Campus" id="GO_CC_2016_02_16_test_Instance_16699" type="identity">
      <class id="CL_GO_EXT:cell" label="cell"/>
      <span end="12148" id="16504174-11373" start="12144">cell</span>
    </annotation>
    <annotation annotator="Mike Bada, University of Colorado Anschutz Medical Campus" id="GO_CC_2016_02_16_test_Instance_16701" type="identity">
      <class id="CL_GO_EXT:cell" label="cell"/>
      <span end="12219" id="16504174-11375" start="12214">cells</span>
    </annotation>
    <annotation annotator="Mike Bada, University of Colorado Anschutz Medical Campus" id="GO_CC_2016_02_16_test_Instance_16703" type="identity">
      <class id="CL_GO_EXT:cell" label="cell"/>
      <span end="12380" id="16504174-11377" start="12375">cells</span>
    </annotation>
    <annotation annotator="Mike Bada, University of Colorado Anschutz Medical Campus" id="GO_CC_2016_02_16_test_Instance_16705" type="identity">
      <class id="CL_GO_EXT:cell" label="cell"/>
      <span end="12401" id="16504174-11379" start="12396">cells</span>
    </annotation>
    <annotation annotator="Mike Bada, University of Colorado Anschutz Medical Campus" id="GO_CC_2016_02_16_test_Instance_16707" type="identity">
      <class id="CL_GO_EXT:cell" label="cell"/>
      <span end="12477" id="16504174-11381" start="12472">cells</span>
    </annotation>
    <annotation annotator="Mike Bada, University of Colorado Anschutz Medical Campus" id="GO_CC_2016_02_16_test_Instance_16767" type="identity">
      <class id="CL_GO_EXT:cell" label="cell"/>
      <span end="12797" id="16504174-11441" start="12792">cells</span>
    </annotation>
    <annotation annotator="Mike Bada, University of Colorado Anschutz Medical Campus" id="GO_CC_2016_02_16_test_Instance_16709" type="identity">
      <class id="CL_GO_EXT:cell" label="cell"/>
      <span end="12860" id="16504174-11383" start="12855">cells</span>
    </annotation>
    <annotation annotator="Mike Bada, University of Colorado Anschutz Medical Campus" id="GO_CC_2016_02_16_test_Instance_16711" type="identity">
      <class id="CL_GO_EXT:cell" label="cell"/>
      <span end="12883" id="16504174-11385" start="12878">cells</span>
    </annotation>
    <annotation annotator="Mike Bada, University of Colorado Anschutz Medical Campus" id="GO_CC_2016_02_16_test_Instance_21533" type="identity">
      <class id="CL_GO_EXT:cell" label="cell"/>
      <span end="13077" id="16504174-11459" start="13073">Cell</span>
    </annotation>
    <annotation annotator="Mike Bada, University of Colorado Anschutz Medical Campus" id="GO_CC_2016_02_16_test_Instance_16713" type="identity">
      <class id="CL_GO_EXT:cell" label="cell"/>
      <span end="13116" id="16504174-11387" start="13111">cells</span>
    </annotation>
    <annotation annotator="Mike Bada, University of Colorado Anschutz Medical Campus" id="GO_CC_2016_02_16_test_Instance_16715" type="identity">
      <class id="CL_GO_EXT:cell" label="cell"/>
      <span end="13258" id="16504174-11389" start="13254">cell</span>
    </annotation>
    <annotation annotator="Mike Bada, University of Colorado Anschutz Medical Campus" id="GO_CC_2016_02_16_test_Instance_16717" type="identity">
      <class id="CL_GO_EXT:cell" label="cell"/>
      <span end="13756" id="16504174-11391" start="13752">cell</span>
    </annotation>
    <annotation annotator="Mike Bada, University of Colorado Anschutz Medical Campus" id="GO_CC_2016_02_16_test_Instance_16719" type="identity">
      <class id="CL_GO_EXT:cell" label="cell"/>
      <span end="13795" id="16504174-11393" start="13790">cells</span>
    </annotation>
    <annotation annotator="Mike Bada, University of Colorado Anschutz Medical Campus" id="GO_CC_2016_02_16_test_Instance_16721" type="identity">
      <class id="CL_GO_EXT:cell" label="cell"/>
      <span end="13896" id="16504174-11395" start="13892">cell</span>
    </annotation>
    <annotation annotator="Mike Bada, University of Colorado Anschutz Medical Campus" id="GO_CC_2016_02_16_test_Instance_16723" type="identity">
      <class id="CL_GO_EXT:cell" label="cell"/>
      <span end="13965" id="16504174-11397" start="13960">cells</span>
    </annotation>
    <annotation annotator="Mike Bada, University of Colorado Anschutz Medical Campus" id="GO_CC_2016_02_16_test_Instance_16725" type="identity">
      <class id="CL_GO_EXT:cell" label="cell"/>
      <span end="14093" id="16504174-11399" start="14088">cells</span>
    </annotation>
    <annotation annotator="Mike Bada, University of Colorado Anschutz Medical Campus" id="GO_CC_2016_02_16_test_Instance_31383" type="identity">
      <class id="GO_SO_EXT:chromosome" label="chromosome"/>
      <span end="14194" id="16504174-11497" start="14184">chromosome</span>
    </annotation>
    <annotation annotator="Mike Bada, University of Colorado Anschutz Medical Campus" id="GO_CC_2016_02_16_test_Instance_16769" type="identity">
      <class id="CL_GO_EXT:cell" label="cell"/>
      <span end="14251" id="16504174-11443" start="14246">cells</span>
    </annotation>
    <annotation annotator="Mike Bada, University of Colorado Anschutz Medical Campus" id="GO_CC_2016_02_16_test_Instance_16727" type="identity">
      <class id="CL_GO_EXT:cell" label="cell"/>
      <span end="14309" id="16504174-11401" start="14304">cells</span>
    </annotation>
    <annotation annotator="Mike Bada, University of Colorado Anschutz Medical Campus" id="GO_CC_2016_02_16_test_Instance_16729" type="identity">
      <class id="CL_GO_EXT:cell" label="cell"/>
      <span end="14332" id="16504174-11403" start="14327">cells</span>
    </annotation>
    <annotation annotator="Mike Bada, University of Colorado Anschutz Medical Campus" id="GO_CC_2016_02_16_test_Instance_16731" type="identity">
      <class id="CL_GO_EXT:cell" label="cell"/>
      <span end="14413" id="16504174-11405" start="14409">cell</span>
    </annotation>
    <annotation annotator="Mike Bada, University of Colorado Anschutz Medical Campus" id="GO_CC_2016_02_16_test_Instance_16733" type="identity">
      <class id="CL_GO_EXT:cell" label="cell"/>
      <span end="14436" id="16504174-11407" start="14432">cell</span>
    </annotation>
    <annotation annotator="Mike Bada, University of Colorado Anschutz Medical Campus" id="GO_CC_2016_02_16_test_Instance_31385" type="identity">
      <class id="GO_SO_EXT:chromosome" label="chromosome"/>
      <span end="14578" id="16504174-11499" start="14568">chromosome</span>
    </annotation>
    <annotation annotator="Mike Bada, University of Colorado Anschutz Medical Campus" id="GO_CC_2016_02_16_test_Instance_16735" type="identity">
      <class id="CL_GO_EXT:cell" label="cell"/>
      <span end="17237" id="16504174-11409" start="17232">cells</span>
    </annotation>
    <annotation annotator="Mike Bada, University of Colorado Anschutz Medical Campus" id="GO_CC_2016_02_16_test_Instance_16737" type="identity">
      <class id="CL_GO_EXT:cell" label="cell"/>
      <span end="17290" id="16504174-11411" start="17285">cells</span>
    </annotation>
    <annotation annotator="Mike Bada, University of Colorado Anschutz Medical Campus" id="GO_CC_2016_02_16_test_Instance_16771" type="identity">
      <class id="CL_GO_EXT:cell" label="cell"/>
      <span end="17551" id="16504174-11445" start="17546">cells</span>
    </annotation>
    <annotation annotator="Mike Bada, University of Colorado Anschutz Medical Campus" id="GO_CC_2016_02_16_test_Instance_21537" type="identity">
      <class id="CL_GO_EXT:cell" label="cell"/>
      <span end="17597" id="16504174-11463" start="17593">Cell</span>
    </annotation>
    <annotation annotator="" id="GO_CC_2016_02_16_Instance_100170" type="identity">
      <class id="GO:0042571" label="immunoglobulin complex, circulating"/>
      <span end="18490" id="16504174-11243" start="18480">antibodies</span>
    </annotation>
    <annotation annotator="" id="GO_CC_2016_02_16_Instance_100172" type="identity">
      <class id="GO:0042571" label="immunoglobulin complex, circulating"/>
      <span end="19307" id="16504174-11245" start="19297">antibodies</span>
    </annotation>
    <annotation annotator="Mike Bada, University of Colorado Anschutz Medical Campus" id="GO_CC_2016_02_16_test_Instance_16773" type="identity">
      <class id="CL_GO_EXT:cell" label="cell"/>
      <span end="19352" id="16504174-11447" start="19348">cell</span>
    </annotation>
    <annotation annotator="Mike Bada, University of Colorado Anschutz Medical Campus" id="GO_CC_2016_02_16_test_Instance_16775" type="identity">
      <class id="CL_GO_EXT:cell" label="cell"/>
      <span end="19391" id="16504174-11449" start="19383">cellular</span>
    </annotation>
    <annotation annotator="" id="GO_CC_2016_02_16_Instance_100176" type="identity">
      <class id="GO:0042571" label="immunoglobulin complex, circulating"/>
      <span end="19724" id="16504174-11249" start="19714">antibodies</span>
    </annotation>
    <annotation annotator="" id="GO_CC_2016_02_16_Instance_100174" type="identity">
      <class id="GO:0019814" label="immunoglobulin complex"/>
      <span end="19802" id="16504174-11247" start="19787">immunoglobulins</span>
    </annotation>
    <annotation annotator="Mike Bada, University of Colorado Anschutz Medical Campus" id="GO_CC_2016_02_16_test_Instance_21535" type="identity">
      <class id="CL_GO_EXT:cell" label="cell"/>
      <span end="19816" id="16504174-11461" start="19812">Cell</span>
    </annotation>
    <annotation annotator="" id="GO_CC_2016_02_16_Instance_100178" type="identity">
      <class id="GO:0042571" label="immunoglobulin complex, circulating"/>
      <span end="19856" id="16504174-11251" start="19848">antibody</span>
    </annotation>
    <annotation annotator="" id="GO_CC_2016_02_16_Instance_100180" type="identity">
      <class id="GO:0042571" label="immunoglobulin complex, circulating"/>
      <span end="19894" id="16504174-11253" start="19886">antibody</span>
    </annotation>
    <annotation annotator="Mike Bada, University of Colorado Anschutz Medical Campus" id="GO_CC_2016_02_16_test_Instance_16777" type="identity">
      <class id="CL_GO_EXT:cell" label="cell"/>
      <span end="19991" id="16504174-11451" start="19986">cells</span>
    </annotation>
    <annotation annotator="Mike Bada, University of Colorado Anschutz Medical Campus" id="GO_CC_2016_02_16_test_Instance_16739" type="identity">
      <class id="CL_GO_EXT:cell" label="cell"/>
      <span end="20254" id="16504174-11413" start="20249">cells</span>
    </annotation>
    <annotation annotator="Mike Bada, University of Colorado Anschutz Medical Campus" id="GO_CC_2016_02_16_test_Instance_16741" type="identity">
      <class id="CL_GO_EXT:cell" label="cell"/>
      <span end="20676" id="16504174-11415" start="20672">cell</span>
    </annotation>
    <annotation annotator="Mike Bada, University of Colorado Anschutz Medical Campus" id="GO_CC_2016_02_16_test_Instance_16743" type="identity">
      <class id="CL_GO_EXT:cell" label="cell"/>
      <span end="20811" id="16504174-11417" start="20806">cells</span>
    </annotation>
    <annotation annotator="Mike Bada, University of Colorado Anschutz Medical Campus" id="GO_CC_2016_02_16_test_Instance_16745" type="identity">
      <class id="CL_GO_EXT:cell" label="cell"/>
      <span end="20914" id="16504174-11419" start="20910">cell</span>
    </annotation>
    <annotation annotator="Mike Bada, University of Colorado Anschutz Medical Campus" id="GO_CC_2016_02_16_test_Instance_16747" type="identity">
      <class id="CL_GO_EXT:cell" label="cell"/>
      <span end="21008" id="16504174-11421" start="21004">cell</span>
    </annotation>
    <annotation annotator="Mike Bada, University of Colorado Anschutz Medical Campus" id="GO_CC_2016_02_16_test_Instance_16749" type="identity">
      <class id="CL_GO_EXT:cell" label="cell"/>
      <span end="21034" id="16504174-11423" start="21029">cells</span>
    </annotation>
    <annotation annotator="Mike Bada, University of Colorado Anschutz Medical Campus" id="GO_CC_2016_02_16_test_Instance_16779" type="identity">
      <class id="CL_GO_EXT:cell" label="cell"/>
      <span end="21137" id="16504174-11453" start="21132">cells</span>
    </annotation>
    <annotation annotator="Mike Bada, University of Colorado Anschutz Medical Campus" id="GO_CC_2016_02_16_test_Instance_16781" type="identity">
      <class id="CL_GO_EXT:cell" label="cell"/>
      <span end="21158" id="16504174-11455" start="21153">cells</span>
    </annotation>
    <annotation annotator="Mike Bada, University of Colorado Anschutz Medical Campus" id="GO_CC_2016_02_16_test_Instance_21817" type="identity">
      <class id="GO_SO_EXT:chromosome" label="chromosome"/>
      <span end="21625" id="16504174-11479" start="21614">chromosomal</span>
    </annotation>
    <annotation annotator="Mike Bada, University of Colorado Anschutz Medical Campus" id="GO_CC_2016_02_16_test_Instance_16751" type="identity">
      <class id="CL_GO_EXT:cell" label="cell"/>
      <span end="21782" id="16504174-11425" start="21778">cell</span>
    </annotation>
    <annotation annotator="Mike Bada, University of Colorado Anschutz Medical Campus" id="GO_CC_2016_02_16_test_Instance_16753" type="identity">
      <class id="CL_GO_EXT:cell" label="cell"/>
      <span end="22332" id="16504174-11427" start="22327">cells</span>
    </annotation>
    <graph-space id="Old Knowtator Relations"/>
  </document>
</knowtator-project>
