<?xml version="1.0" encoding="UTF-8" standalone="no"?>
<knowtator-project>
  <document id="16504174" text-file="16504174.txt">
    <annotation annotator="Mike Bada, University of Colorado Anschutz Medical Campus" id="GO_CC_2016_02_16_test_Instance_16755" type="identity">
      <class id="CL_GO_EXT:cell" label="cell"/>
      <span end="132" id="16504174-11428" start="128">cell</span>
    </annotation>
    <annotation annotator="Mike Bada, University of Colorado Anschutz Medical Campus" id="GO_CC_2016_02_16_test_Instance_16757" type="identity">
      <class id="CL_GO_EXT:cell" label="cell"/>
      <span end="256" id="16504174-11430" start="251">cells</span>
    </annotation>
    <annotation annotator="Mike Bada, University of Colorado Anschutz Medical Campus" id="GO_CC_2016_02_16_test_Instance_16759" type="identity">
      <class id="CL_GO_EXT:cell" label="cell"/>
      <span end="287" id="16504174-11432" start="282">cells</span>
    </annotation>
    <annotation annotator="Mike Bada, University of Colorado Anschutz Medical Campus" id="GO_CC_2016_02_16_test_Instance_21791" type="identity">
      <class id="GO_SO_EXT:chromosome" label="chromosome"/>
      <span end="411" id="16504174-11464" start="400">chromosomal</span>
    </annotation>
    <annotation annotator="Mike Bada, University of Colorado Anschutz Medical Campus" id="GO_CC_2016_02_16_test_Instance_31367" type="identity">
      <class id="GO_SO_EXT:chromosome" label="chromosome"/>
      <span end="726" id="16504174-11480" start="716">chromosome</span>
    </annotation>
    <annotation annotator="Mike Bada, University of Colorado Anschutz Medical Campus" id="GO_CC_2016_02_16_test_Instance_16581" type="identity">
      <class id="CL_GO_EXT:cell" label="cell"/>
      <span end="991" id="16504174-11254" start="986">cells</span>
    </annotation>
    <annotation annotator="Mike Bada, University of Colorado Anschutz Medical Campus" id="GO_CC_2016_02_16_test_Instance_16583" type="identity">
      <class id="CL_GO_EXT:cell" label="cell"/>
      <span end="1114" id="16504174-11256" start="1109">cells</span>
    </annotation>
    <annotation annotator="Mike Bada, University of Colorado Anschutz Medical Campus" id="GO_CC_2016_02_16_test_Instance_16585" type="identity">
      <class id="CL_GO_EXT:cell" label="cell"/>
      <span end="1225" id="16504174-11258" start="1220">cells</span>
    </annotation>
    <annotation annotator="Mike Bada, University of Colorado Anschutz Medical Campus" id="GO_CC_2016_02_16_test_Instance_16587" type="identity">
      <class id="CL_GO_EXT:cell" label="cell"/>
      <span end="1311" id="16504174-11260" start="1306">cells</span>
    </annotation>
    <annotation annotator="Mike Bada, University of Colorado Anschutz Medical Campus" id="GO_CC_2016_02_16_test_Instance_16589" type="identity">
      <class id="CL_GO_EXT:cell" label="cell"/>
      <span end="1520" id="16504174-11262" start="1515">cells</span>
    </annotation>
    <annotation annotator="Mike Bada, University of Colorado Anschutz Medical Campus" id="GO_CC_2016_02_16_test_Instance_16591" type="identity">
      <class id="CL_GO_EXT:cell" label="cell"/>
      <span end="1536" id="16504174-11264" start="1531">cells</span>
    </annotation>
    <annotation annotator="Mike Bada, University of Colorado Anschutz Medical Campus" id="GO_CC_2016_02_16_test_Instance_31369" type="identity">
      <class id="GO_SO_EXT:chromosome" label="chromosome"/>
      <span end="1702" id="16504174-11482" start="1692">chromosome</span>
    </annotation>
    <annotation annotator="Mike Bada, University of Colorado Anschutz Medical Campus" id="GO_CC_2016_02_16_test_Instance_16593" type="identity">
      <class id="CL_GO_EXT:cell" label="cell"/>
      <span end="1758" id="16504174-11266" start="1753">cells</span>
    </annotation>
    <annotation annotator="Mike Bada, University of Colorado Anschutz Medical Campus" id="GO_CC_2016_02_16_test_Instance_16595" type="identity">
      <class id="CL_GO_EXT:cell" label="cell"/>
      <span end="1773" id="16504174-11268" start="1768">cells</span>
    </annotation>
    <annotation annotator="Mike Bada, University of Colorado Anschutz Medical Campus" id="GO_CC_2016_02_16_test_Instance_16597" type="identity">
      <class id="CL_GO_EXT:cell" label="cell"/>
      <span end="1823" id="16504174-11270" start="1818">cells</span>
    </annotation>
    <annotation annotator="Mike Bada, University of Colorado Anschutz Medical Campus" id="GO_CC_2016_02_16_test_Instance_16761" type="identity">
      <class id="CL_GO_EXT:cell" label="cell"/>
      <span end="1894" id="16504174-11434" start="1889">cells</span>
    </annotation>
    <annotation annotator="Mike Bada, University of Colorado Anschutz Medical Campus" id="GO_CC_2016_02_16_test_Instance_16599" type="identity">
      <class id="CL_GO_EXT:cell" label="cell"/>
      <span end="1989" id="16504174-11272" start="1984">cells</span>
    </annotation>
    <annotation annotator="Mike Bada, University of Colorado Anschutz Medical Campus" id="GO_CC_2016_02_16_test_Instance_16601" type="identity">
      <class id="CL_GO_EXT:cell" label="cell"/>
      <span end="2124" id="16504174-11274" start="2119">cells</span>
    </annotation>
    <annotation annotator="Mike Bada, University of Colorado Anschutz Medical Campus" id="GO_CC_2016_02_16_test_Instance_16603" type="identity">
      <class id="CL_GO_EXT:cell" label="cell"/>
      <span end="2192" id="16504174-11276" start="2187">cells</span>
    </annotation>
    <annotation annotator="Mike Bada, University of Colorado Anschutz Medical Campus" id="GO_CC_2016_02_16_test_Instance_16605" type="identity">
      <class id="CL_GO_EXT:cell" label="cell"/>
      <span end="2285" id="16504174-11278" start="2280">cells</span>
    </annotation>
    <annotation annotator="Mike Bada, University of Colorado Anschutz Medical Campus" id="GO_CC_2016_02_16_test_Instance_16607" type="identity">
      <class id="CL_GO_EXT:cell" label="cell"/>
      <span end="2313" id="16504174-11280" start="2309">cell</span>
    </annotation>
    <annotation annotator="Mike Bada, University of Colorado Anschutz Medical Campus" id="GO_CC_2016_02_16_test_Instance_16609" type="identity">
      <class id="CL_GO_EXT:cell" label="cell"/>
      <span end="2507" id="16504174-11282" start="2502">cells</span>
    </annotation>
    <annotation annotator="Mike Bada, University of Colorado Anschutz Medical Campus" id="GO_CC_2016_02_16_test_Instance_16611" type="identity">
      <class id="CL_GO_EXT:cell" label="cell"/>
      <span end="2561" id="16504174-11284" start="2557">cell</span>
    </annotation>
    <annotation annotator="Mike Bada, University of Colorado Anschutz Medical Campus" id="GO_CC_2016_02_16_test_Instance_16613" type="identity">
      <class id="CL_GO_EXT:cell" label="cell"/>
      <span end="2621" id="16504174-11286" start="2616">cells</span>
    </annotation>
    <annotation annotator="Mike Bada, University of Colorado Anschutz Medical Campus" id="GO_CC_2016_02_16_test_Instance_16615" type="identity">
      <class id="CL_GO_EXT:cell" label="cell"/>
      <span end="2748" id="16504174-11288" start="2743">cells</span>
    </annotation>
    <annotation annotator="Mike Bada, University of Colorado Anschutz Medical Campus" id="GO_CC_2016_02_16_test_Instance_16617" type="identity">
      <class id="CL_GO_EXT:cell" label="cell"/>
      <span end="3083" id="16504174-11290" start="3078">cells</span>
    </annotation>
    <annotation annotator="Mike Bada, University of Colorado Anschutz Medical Campus" id="GO_CC_2016_02_16_test_Instance_16619" type="identity">
      <class id="CL_GO_EXT:cell" label="cell"/>
      <span end="3170" id="16504174-11292" start="3165">cells</span>
    </annotation>
    <annotation annotator="Mike Bada, University of Colorado Anschutz Medical Campus" id="GO_CC_2016_02_16_test_Instance_16621" type="identity">
      <class id="CL_GO_EXT:cell" label="cell"/>
      <span end="3218" id="16504174-11294" start="3213">cells</span>
    </annotation>
    <annotation annotator="Mike Bada, University of Colorado Anschutz Medical Campus" id="GO_CC_2016_02_16_test_Instance_16623" type="identity">
      <class id="CL_GO_EXT:cell" label="cell"/>
      <span end="3238" id="16504174-11296" start="3233">cells</span>
    </annotation>
    <annotation annotator="Mike Bada, University of Colorado Anschutz Medical Campus" id="GO_CC_2016_02_16_test_Instance_16625" type="identity">
      <class id="CL_GO_EXT:cell" label="cell"/>
      <span end="3260" id="16504174-11298" start="3255">cells</span>
    </annotation>
    <annotation annotator="Mike Bada, University of Colorado Anschutz Medical Campus" id="GO_CC_2016_02_16_test_Instance_16627" type="identity">
      <class id="CL_GO_EXT:cell" label="cell"/>
      <span end="3297" id="16504174-11300" start="3292">cells</span>
    </annotation>
    <annotation annotator="Mike Bada, University of Colorado Anschutz Medical Campus" id="GO_CC_2016_02_16_test_Instance_16629" type="identity">
      <class id="CL_GO_EXT:cell" label="cell"/>
      <span end="3527" id="16504174-11302" start="3522">cells</span>
    </annotation>
    <annotation annotator="Mike Bada, University of Colorado Anschutz Medical Campus" id="GO_CC_2016_02_16_test_Instance_21793" type="identity">
      <class id="GO_SO_EXT:chromosome" label="chromosome"/>
      <span end="3949" id="16504174-11466" start="3938">chromosomal</span>
    </annotation>
    <annotation annotator="Mike Bada, University of Colorado Anschutz Medical Campus" id="GO_CC_2016_02_16_test_Instance_21795" type="identity">
      <class id="GO_SO_EXT:chromosome" label="chromosome"/>
      <span end="4264" id="16504174-11468" start="4253">Chromosomal</span>
    </annotation>
    <annotation annotator="Mike Bada, University of Colorado Anschutz Medical Campus" id="GO_CC_2016_02_16_test_Instance_21797" type="identity">
      <class id="GO_SO_EXT:chromosome" label="chromosome"/>
      <span end="4356" id="16504174-11470" start="4345">chromosomal</span>
    </annotation>
    <annotation annotator="Mike Bada, University of Colorado Anschutz Medical Campus" id="GO_CC_2016_02_16_test_Instance_31371" type="identity">
      <class id="GO_SO_EXT:chromosome" label="chromosome"/>
      <span end="4584" id="16504174-11484" start="4573">chromosomes</span>
    </annotation>
    <annotation annotator="Mike Bada, University of Colorado Anschutz Medical Campus" id="GO_CC_2016_02_16_test_Instance_21799" type="identity">
      <class id="GO_SO_EXT:chromosome" label="chromosome"/>
      <span end="4728" id="16504174-11472" start="4717">chromosomal</span>
    </annotation>
    <annotation annotator="Mike Bada, University of Colorado Anschutz Medical Campus" id="GO_CC_2016_02_16_test_Instance_16631" type="identity">
      <class id="CL_GO_EXT:cell" label="cell"/>
      <span end="5081" id="16504174-11304" start="5077">cell</span>
    </annotation>
    <annotation annotator="Mike Bada, University of Colorado Anschutz Medical Campus" id="GO_CC_2016_02_16_test_Instance_21801" type="identity">
      <class id="GO_SO_EXT:chromosome" label="chromosome"/>
      <span end="5307" id="16504174-11474" start="5296">Chromosomal</span>
    </annotation>
    <annotation annotator="Mike Bada, University of Colorado Anschutz Medical Campus" id="GO_CC_2016_02_16_test_Instance_31373" type="identity">
      <class id="GO_SO_EXT:chromosome" label="chromosome"/>
      <span end="5360" id="16504174-11486" start="5350">chromosome</span>
    </annotation>
    <annotation annotator="Mike Bada, University of Colorado Anschutz Medical Campus" id="GO_CC_2016_02_16_test_Instance_31375" type="identity">
      <class id="GO_SO_EXT:chromosome" label="chromosome"/>
      <span end="5664" id="16504174-11488" start="5654">chromosome</span>
    </annotation>
    <annotation annotator="Mike Bada, University of Colorado Anschutz Medical Campus" id="GO_CC_2016_02_16_test_Instance_31377" type="identity">
      <class id="GO_SO_EXT:chromosome" label="chromosome"/>
      <span end="5843" id="16504174-11490" start="5833">chromosome</span>
    </annotation>
    <annotation annotator="Mike Bada, University of Colorado Anschutz Medical Campus" id="GO_CC_2016_02_16_test_Instance_31379" type="identity">
      <class id="GO_SO_EXT:chromosome" label="chromosome"/>
      <span end="5979" id="16504174-11492" start="5969">chromosome</span>
    </annotation>
    <annotation annotator="Mike Bada, University of Colorado Anschutz Medical Campus" id="GO_CC_2016_02_16_test_Instance_16633" type="identity">
      <class id="CL_GO_EXT:cell" label="cell"/>
      <span end="6595" id="16504174-11306" start="6590">cells</span>
    </annotation>
    <annotation annotator="Mike Bada, University of Colorado Anschutz Medical Campus" id="GO_CC_2016_02_16_test_Instance_16635" type="identity">
      <class id="CL_GO_EXT:cell" label="cell"/>
      <span end="6621" id="16504174-11308" start="6616">cells</span>
    </annotation>
    <annotation annotator="Mike Bada, University of Colorado Anschutz Medical Campus" id="GO_CC_2016_02_16_test_Instance_31381" type="identity">
      <class id="GO_SO_EXT:chromosome" label="chromosome"/>
      <span end="6913" id="16504174-11494" start="6903">chromosome</span>
    </annotation>
    <annotation annotator="Mike Bada, University of Colorado Anschutz Medical Campus" id="GO_CC_2016_02_16_test_Instance_16637" type="identity">
      <class id="CL_GO_EXT:cell" label="cell"/>
      <span end="7451" id="16504174-11310" start="7446">cells</span>
    </annotation>
    <annotation annotator="Mike Bada, University of Colorado Anschutz Medical Campus" id="GO_CC_2016_02_16_test_Instance_16639" type="identity">
      <class id="CL_GO_EXT:cell" label="cell"/>
      <span end="7498" id="16504174-11312" start="7493">cells</span>
    </annotation>
    <annotation annotator="Mike Bada, University of Colorado Anschutz Medical Campus" id="GO_CC_2016_02_16_test_Instance_16641" type="identity">
      <class id="CL_GO_EXT:cell" label="cell"/>
      <span end="7531" id="16504174-11314" start="7526">cells</span>
    </annotation>
    <annotation annotator="Mike Bada, University of Colorado Anschutz Medical Campus" id="GO_CC_2016_02_16_test_Instance_16763" type="identity">
      <class id="CL_GO_EXT:cell" label="cell"/>
      <span end="8913" id="16504174-11436" start="8908">cells</span>
    </annotation>
    <annotation annotator="Mike Bada, University of Colorado Anschutz Medical Campus" id="GO_CC_2016_02_16_test_Instance_16643" type="identity">
      <class id="CL_GO_EXT:cell" label="cell"/>
      <span end="9133" id="16504174-11316" start="9128">cells</span>
    </annotation>
    <annotation annotator="Mike Bada, University of Colorado Anschutz Medical Campus" id="GO_CC_2016_02_16_test_Instance_16645" type="identity">
      <class id="CL_GO_EXT:cell" label="cell"/>
      <span end="9179" id="16504174-11318" start="9175">cell</span>
    </annotation>
    <annotation annotator="Mike Bada, University of Colorado Anschutz Medical Campus" id="GO_CC_2016_02_16_test_Instance_16647" type="identity">
      <class id="CL_GO_EXT:cell" label="cell"/>
      <span end="9850" id="16504174-11320" start="9845">cells</span>
    </annotation>
    <annotation annotator="Mike Bada, University of Colorado Anschutz Medical Campus" id="GO_CC_2016_02_16_test_Instance_16649" type="identity">
      <class id="CL_GO_EXT:cell" label="cell"/>
      <span end="9873" id="16504174-11322" start="9868">cells</span>
    </annotation>
    <annotation annotator="Mike Bada, University of Colorado Anschutz Medical Campus" id="GO_CC_2016_02_16_test_Instance_16651" type="identity">
      <class id="CL_GO_EXT:cell" label="cell"/>
      <span end="9895" id="16504174-11324" start="9890">cells</span>
    </annotation>
    <annotation annotator="Mike Bada, University of Colorado Anschutz Medical Campus" id="GO_CC_2016_02_16_test_Instance_16653" type="identity">
      <class id="CL_GO_EXT:cell" label="cell"/>
      <span end="9920" id="16504174-11326" start="9915">cells</span>
    </annotation>
    <annotation annotator="Mike Bada, University of Colorado Anschutz Medical Campus" id="GO_CC_2016_02_16_test_Instance_16655" type="identity">
      <class id="CL_GO_EXT:cell" label="cell"/>
      <span end="10034" id="16504174-11328" start="10029">cells</span>
    </annotation>
    <annotation annotator="Mike Bada, University of Colorado Anschutz Medical Campus" id="GO_CC_2016_02_16_test_Instance_16657" type="identity">
      <class id="CL_GO_EXT:cell" label="cell"/>
      <span end="10059" id="16504174-11330" start="10054">cells</span>
    </annotation>
    <annotation annotator="Mike Bada, University of Colorado Anschutz Medical Campus" id="GO_CC_2016_02_16_test_Instance_16659" type="identity">
      <class id="CL_GO_EXT:cell" label="cell"/>
      <span end="10105" id="16504174-11332" start="10100">cells</span>
    </annotation>
    <annotation annotator="Mike Bada, University of Colorado Anschutz Medical Campus" id="GO_CC_2016_02_16_test_Instance_21803" type="identity">
      <class id="GO:0005840" label="ribosome"/>
      <span end="10257" id="16504174-11476" start="10248">ribosomal</span>
    </annotation>
    <annotation annotator="Mike Bada, University of Colorado Anschutz Medical Campus" id="GO_CC_2016_02_16_test_Instance_16661" type="identity">
      <class id="CL_GO_EXT:cell" label="cell"/>
      <span end="10323" id="16504174-11334" start="10318">cells</span>
    </annotation>
    <annotation annotator="Mike Bada, University of Colorado Anschutz Medical Campus" id="GO_CC_2016_02_16_test_Instance_16663" type="identity">
      <class id="CL_GO_EXT:cell" label="cell"/>
      <span end="10387" id="16504174-11336" start="10382">cells</span>
    </annotation>
    <annotation annotator="Mike Bada, University of Colorado Anschutz Medical Campus" id="GO_CC_2016_02_16_test_Instance_16665" type="identity">
      <class id="CL_GO_EXT:cell" label="cell"/>
      <span end="10550" id="16504174-11338" start="10545">cells</span>
    </annotation>
    <annotation annotator="Mike Bada, University of Colorado Anschutz Medical Campus" id="GO_CC_2016_02_16_test_Instance_16667" type="identity">
      <class id="CL_GO_EXT:cell" label="cell"/>
      <span end="10644" id="16504174-11340" start="10639">cells</span>
    </annotation>
    <annotation annotator="Mike Bada, University of Colorado Anschutz Medical Campus" id="GO_CC_2016_02_16_test_Instance_16669" type="identity">
      <class id="CL_GO_EXT:cell" label="cell"/>
      <span end="10770" id="16504174-11342" start="10765">cells</span>
    </annotation>
    <annotation annotator="Mike Bada, University of Colorado Anschutz Medical Campus" id="GO_CC_2016_02_16_test_Instance_16671" type="identity">
      <class id="CL_GO_EXT:cell" label="cell"/>
      <span end="10823" id="16504174-11344" start="10818">cells</span>
    </annotation>
    <annotation annotator="Mike Bada, University of Colorado Anschutz Medical Campus" id="GO_CC_2016_02_16_test_Instance_16673" type="identity">
      <class id="CL_GO_EXT:cell" label="cell"/>
      <span end="10921" id="16504174-11346" start="10916">cells</span>
    </annotation>
    <annotation annotator="Mike Bada, University of Colorado Anschutz Medical Campus" id="GO_CC_2016_02_16_test_Instance_16675" type="identity">
      <class id="CL_GO_EXT:cell" label="cell"/>
      <span end="10948" id="16504174-11348" start="10943">cells</span>
    </annotation>
    <annotation annotator="Mike Bada, University of Colorado Anschutz Medical Campus" id="GO_CC_2016_02_16_test_Instance_16677" type="identity">
      <class id="CL_GO_EXT:cell" label="cell"/>
      <span end="11133" id="16504174-11350" start="11128">cells</span>
    </annotation>
    <annotation annotator="Mike Bada, University of Colorado Anschutz Medical Campus" id="GO_CC_2016_02_16_test_Instance_16679" type="identity">
      <class id="CL_GO_EXT:cell" label="cell"/>
      <span end="11329" id="16504174-11352" start="11324">cells</span>
    </annotation>
    <annotation annotator="Mike Bada, University of Colorado Anschutz Medical Campus" id="GO_CC_2016_02_16_test_Instance_16765" type="identity">
      <class id="CL_GO_EXT:cell" label="cell"/>
      <span end="11372" id="16504174-11438" start="11367">cells</span>
    </annotation>
    <annotation annotator="Mike Bada, University of Colorado Anschutz Medical Campus" id="GO_CC_2016_02_16_test_Instance_16681" type="identity">
      <class id="CL_GO_EXT:cell" label="cell"/>
      <span end="11412" id="16504174-11354" start="11408">cell</span>
    </annotation>
    <annotation annotator="Mike Bada, University of Colorado Anschutz Medical Campus" id="GO_CC_2016_02_16_test_Instance_16683" type="identity">
      <class id="CL_GO_EXT:cell" label="cell"/>
      <span end="11447" id="16504174-11356" start="11442">cells</span>
    </annotation>
    <annotation annotator="Mike Bada, University of Colorado Anschutz Medical Campus" id="GO_CC_2016_02_16_test_Instance_16685" type="identity">
      <class id="CL_GO_EXT:cell" label="cell"/>
      <span end="11531" id="16504174-11358" start="11526">cells</span>
    </annotation>
    <annotation annotator="Mike Bada, University of Colorado Anschutz Medical Campus" id="GO_CC_2016_02_16_test_Instance_16687" type="identity">
      <class id="CL_GO_EXT:cell" label="cell"/>
      <span end="11558" id="16504174-11360" start="11553">cells</span>
    </annotation>
    <annotation annotator="Mike Bada, University of Colorado Anschutz Medical Campus" id="GO_CC_2016_02_16_test_Instance_21531" type="identity">
      <class id="CL_GO_EXT:cell" label="cell"/>
      <span end="11599" id="16504174-11456" start="11595">Cell</span>
    </annotation>
    <annotation annotator="Mike Bada, University of Colorado Anschutz Medical Campus" id="GO_CC_2016_02_16_test_Instance_16689" type="identity">
      <class id="CL_GO_EXT:cell" label="cell"/>
      <span end="11693" id="16504174-11362" start="11688">cells</span>
    </annotation>
    <annotation annotator="Mike Bada, University of Colorado Anschutz Medical Campus" id="GO_CC_2016_02_16_test_Instance_16691" type="identity">
      <class id="CL_GO_EXT:cell" label="cell"/>
      <span end="11825" id="16504174-11364" start="11820">cells</span>
    </annotation>
    <annotation annotator="Mike Bada, University of Colorado Anschutz Medical Campus" id="GO_CC_2016_02_16_test_Instance_16693" type="identity">
      <class id="CL_GO_EXT:cell" label="cell"/>
      <span end="11919" id="16504174-11366" start="11914">cells</span>
    </annotation>
    <annotation annotator="Mike Bada, University of Colorado Anschutz Medical Campus" id="GO_CC_2016_02_16_test_Instance_16695" type="identity">
      <class id="CL_GO_EXT:cell" label="cell"/>
      <span end="12025" id="16504174-11368" start="12020">cells</span>
    </annotation>
    <annotation annotator="Mike Bada, University of Colorado Anschutz Medical Campus" id="GO_CC_2016_02_16_test_Instance_16697" type="identity">
      <class id="CL_GO_EXT:cell" label="cell"/>
      <span end="12109" id="16504174-11370" start="12104">cells</span>
    </annotation>
    <annotation annotator="Mike Bada, University of Colorado Anschutz Medical Campus" id="GO_CC_2016_02_16_test_Instance_16699" type="identity">
      <class id="CL_GO_EXT:cell" label="cell"/>
      <span end="12148" id="16504174-11372" start="12144">cell</span>
    </annotation>
    <annotation annotator="Mike Bada, University of Colorado Anschutz Medical Campus" id="GO_CC_2016_02_16_test_Instance_16701" type="identity">
      <class id="CL_GO_EXT:cell" label="cell"/>
      <span end="12219" id="16504174-11374" start="12214">cells</span>
    </annotation>
    <annotation annotator="Mike Bada, University of Colorado Anschutz Medical Campus" id="GO_CC_2016_02_16_test_Instance_16703" type="identity">
      <class id="CL_GO_EXT:cell" label="cell"/>
      <span end="12380" id="16504174-11376" start="12375">cells</span>
    </annotation>
    <annotation annotator="Mike Bada, University of Colorado Anschutz Medical Campus" id="GO_CC_2016_02_16_test_Instance_16705" type="identity">
      <class id="CL_GO_EXT:cell" label="cell"/>
      <span end="12401" id="16504174-11378" start="12396">cells</span>
    </annotation>
    <annotation annotator="Mike Bada, University of Colorado Anschutz Medical Campus" id="GO_CC_2016_02_16_test_Instance_16707" type="identity">
      <class id="CL_GO_EXT:cell" label="cell"/>
      <span end="12477" id="16504174-11380" start="12472">cells</span>
    </annotation>
    <annotation annotator="Mike Bada, University of Colorado Anschutz Medical Campus" id="GO_CC_2016_02_16_test_Instance_16767" type="identity">
      <class id="CL_GO_EXT:cell" label="cell"/>
      <span end="12797" id="16504174-11440" start="12792">cells</span>
    </annotation>
    <annotation annotator="Mike Bada, University of Colorado Anschutz Medical Campus" id="GO_CC_2016_02_16_test_Instance_16709" type="identity">
      <class id="CL_GO_EXT:cell" label="cell"/>
      <span end="12860" id="16504174-11382" start="12855">cells</span>
    </annotation>
    <annotation annotator="Mike Bada, University of Colorado Anschutz Medical Campus" id="GO_CC_2016_02_16_test_Instance_16711" type="identity">
      <class id="CL_GO_EXT:cell" label="cell"/>
      <span end="12883" id="16504174-11384" start="12878">cells</span>
    </annotation>
    <annotation annotator="Mike Bada, University of Colorado Anschutz Medical Campus" id="GO_CC_2016_02_16_test_Instance_21533" type="identity">
      <class id="CL_GO_EXT:cell" label="cell"/>
      <span end="13077" id="16504174-11458" start="13073">Cell</span>
    </annotation>
    <annotation annotator="Mike Bada, University of Colorado Anschutz Medical Campus" id="GO_CC_2016_02_16_test_Instance_16713" type="identity">
      <class id="CL_GO_EXT:cell" label="cell"/>
      <span end="13116" id="16504174-11386" start="13111">cells</span>
    </annotation>
    <annotation annotator="Mike Bada, University of Colorado Anschutz Medical Campus" id="GO_CC_2016_02_16_test_Instance_16715" type="identity">
      <class id="CL_GO_EXT:cell" label="cell"/>
      <span end="13258" id="16504174-11388" start="13254">cell</span>
    </annotation>
    <annotation annotator="Mike Bada, University of Colorado Anschutz Medical Campus" id="GO_CC_2016_02_16_test_Instance_16717" type="identity">
      <class id="CL_GO_EXT:cell" label="cell"/>
      <span end="13756" id="16504174-11390" start="13752">cell</span>
    </annotation>
    <annotation annotator="Mike Bada, University of Colorado Anschutz Medical Campus" id="GO_CC_2016_02_16_test_Instance_16719" type="identity">
      <class id="CL_GO_EXT:cell" label="cell"/>
      <span end="13795" id="16504174-11392" start="13790">cells</span>
    </annotation>
    <annotation annotator="Mike Bada, University of Colorado Anschutz Medical Campus" id="GO_CC_2016_02_16_test_Instance_16721" type="identity">
      <class id="CL_GO_EXT:cell" label="cell"/>
      <span end="13896" id="16504174-11394" start="13892">cell</span>
    </annotation>
    <annotation annotator="Mike Bada, University of Colorado Anschutz Medical Campus" id="GO_CC_2016_02_16_test_Instance_16723" type="identity">
      <class id="CL_GO_EXT:cell" label="cell"/>
      <span end="13965" id="16504174-11396" start="13960">cells</span>
    </annotation>
    <annotation annotator="Mike Bada, University of Colorado Anschutz Medical Campus" id="GO_CC_2016_02_16_test_Instance_16725" type="identity">
      <class id="CL_GO_EXT:cell" label="cell"/>
      <span end="14093" id="16504174-11398" start="14088">cells</span>
    </annotation>
    <annotation annotator="Mike Bada, University of Colorado Anschutz Medical Campus" id="GO_CC_2016_02_16_test_Instance_31383" type="identity">
      <class id="GO_SO_EXT:chromosome" label="chromosome"/>
      <span end="14194" id="16504174-11496" start="14184">chromosome</span>
    </annotation>
    <annotation annotator="Mike Bada, University of Colorado Anschutz Medical Campus" id="GO_CC_2016_02_16_test_Instance_16769" type="identity">
      <class id="CL_GO_EXT:cell" label="cell"/>
      <span end="14251" id="16504174-11442" start="14246">cells</span>
    </annotation>
    <annotation annotator="Mike Bada, University of Colorado Anschutz Medical Campus" id="GO_CC_2016_02_16_test_Instance_16727" type="identity">
      <class id="CL_GO_EXT:cell" label="cell"/>
      <span end="14309" id="16504174-11400" start="14304">cells</span>
    </annotation>
    <annotation annotator="Mike Bada, University of Colorado Anschutz Medical Campus" id="GO_CC_2016_02_16_test_Instance_16729" type="identity">
      <class id="CL_GO_EXT:cell" label="cell"/>
      <span end="14332" id="16504174-11402" start="14327">cells</span>
    </annotation>
    <annotation annotator="Mike Bada, University of Colorado Anschutz Medical Campus" id="GO_CC_2016_02_16_test_Instance_16731" type="identity">
      <class id="CL_GO_EXT:cell" label="cell"/>
      <span end="14413" id="16504174-11404" start="14409">cell</span>
    </annotation>
    <annotation annotator="Mike Bada, University of Colorado Anschutz Medical Campus" id="GO_CC_2016_02_16_test_Instance_16733" type="identity">
      <class id="CL_GO_EXT:cell" label="cell"/>
      <span end="14436" id="16504174-11406" start="14432">cell</span>
    </annotation>
    <annotation annotator="Mike Bada, University of Colorado Anschutz Medical Campus" id="GO_CC_2016_02_16_test_Instance_31385" type="identity">
      <class id="GO_SO_EXT:chromosome" label="chromosome"/>
      <span end="14578" id="16504174-11498" start="14568">chromosome</span>
    </annotation>
    <annotation annotator="Mike Bada, University of Colorado Anschutz Medical Campus" id="GO_CC_2016_02_16_test_Instance_16735" type="identity">
      <class id="CL_GO_EXT:cell" label="cell"/>
      <span end="17237" id="16504174-11408" start="17232">cells</span>
    </annotation>
    <annotation annotator="Mike Bada, University of Colorado Anschutz Medical Campus" id="GO_CC_2016_02_16_test_Instance_16737" type="identity">
      <class id="CL_GO_EXT:cell" label="cell"/>
      <span end="17290" id="16504174-11410" start="17285">cells</span>
    </annotation>
    <annotation annotator="Mike Bada, University of Colorado Anschutz Medical Campus" id="GO_CC_2016_02_16_test_Instance_16771" type="identity">
      <class id="CL_GO_EXT:cell" label="cell"/>
      <span end="17551" id="16504174-11444" start="17546">cells</span>
    </annotation>
    <annotation annotator="Mike Bada, University of Colorado Anschutz Medical Campus" id="GO_CC_2016_02_16_test_Instance_21537" type="identity">
      <class id="CL_GO_EXT:cell" label="cell"/>
      <span end="17597" id="16504174-11462" start="17593">Cell</span>
    </annotation>
    <annotation annotator="" id="GO_CC_2016_02_16_Instance_100170" type="identity">
      <class id="GO:0042571" label="immunoglobulin complex, circulating"/>
      <span end="18490" id="16504174-11242" start="18480">antibodies</span>
    </annotation>
    <annotation annotator="" id="GO_CC_2016_02_16_Instance_100172" type="identity">
      <class id="GO:0042571" label="immunoglobulin complex, circulating"/>
      <span end="19307" id="16504174-11244" start="19297">antibodies</span>
    </annotation>
    <annotation annotator="Mike Bada, University of Colorado Anschutz Medical Campus" id="GO_CC_2016_02_16_test_Instance_16773" type="identity">
      <class id="CL_GO_EXT:cell" label="cell"/>
      <span end="19352" id="16504174-11446" start="19348">cell</span>
    </annotation>
    <annotation annotator="Mike Bada, University of Colorado Anschutz Medical Campus" id="GO_CC_2016_02_16_test_Instance_16775" type="identity">
      <class id="CL_GO_EXT:cell" label="cell"/>
      <span end="19391" id="16504174-11448" start="19383">cellular</span>
    </annotation>
    <annotation annotator="" id="GO_CC_2016_02_16_Instance_100176" type="identity">
      <class id="GO:0042571" label="immunoglobulin complex, circulating"/>
      <span end="19724" id="16504174-11248" start="19714">antibodies</span>
    </annotation>
    <annotation annotator="" id="GO_CC_2016_02_16_Instance_100174" type="identity">
      <class id="GO:0019814" label="immunoglobulin complex"/>
      <span end="19802" id="16504174-11246" start="19787">immunoglobulins</span>
    </annotation>
    <annotation annotator="Mike Bada, University of Colorado Anschutz Medical Campus" id="GO_CC_2016_02_16_test_Instance_21535" type="identity">
      <class id="CL_GO_EXT:cell" label="cell"/>
      <span end="19816" id="16504174-11460" start="19812">Cell</span>
    </annotation>
    <annotation annotator="" id="GO_CC_2016_02_16_Instance_100178" type="identity">
      <class id="GO:0042571" label="immunoglobulin complex, circulating"/>
      <span end="19856" id="16504174-11250" start="19848">antibody</span>
    </annotation>
    <annotation annotator="" id="GO_CC_2016_02_16_Instance_100180" type="identity">
      <class id="GO:0042571" label="immunoglobulin complex, circulating"/>
      <span end="19894" id="16504174-11252" start="19886">antibody</span>
    </annotation>
    <annotation annotator="Mike Bada, University of Colorado Anschutz Medical Campus" id="GO_CC_2016_02_16_test_Instance_16777" type="identity">
      <class id="CL_GO_EXT:cell" label="cell"/>
      <span end="19991" id="16504174-11450" start="19986">cells</span>
    </annotation>
    <annotation annotator="Mike Bada, University of Colorado Anschutz Medical Campus" id="GO_CC_2016_02_16_test_Instance_16739" type="identity">
      <class id="CL_GO_EXT:cell" label="cell"/>
      <span end="20254" id="16504174-11412" start="20249">cells</span>
    </annotation>
    <annotation annotator="Mike Bada, University of Colorado Anschutz Medical Campus" id="GO_CC_2016_02_16_test_Instance_16741" type="identity">
      <class id="CL_GO_EXT:cell" label="cell"/>
      <span end="20676" id="16504174-11414" start="20672">cell</span>
    </annotation>
    <annotation annotator="Mike Bada, University of Colorado Anschutz Medical Campus" id="GO_CC_2016_02_16_test_Instance_16743" type="identity">
      <class id="CL_GO_EXT:cell" label="cell"/>
      <span end="20811" id="16504174-11416" start="20806">cells</span>
    </annotation>
    <annotation annotator="Mike Bada, University of Colorado Anschutz Medical Campus" id="GO_CC_2016_02_16_test_Instance_16745" type="identity">
      <class id="CL_GO_EXT:cell" label="cell"/>
      <span end="20914" id="16504174-11418" start="20910">cell</span>
    </annotation>
    <annotation annotator="Mike Bada, University of Colorado Anschutz Medical Campus" id="GO_CC_2016_02_16_test_Instance_16747" type="identity">
      <class id="CL_GO_EXT:cell" label="cell"/>
      <span end="21008" id="16504174-11420" start="21004">cell</span>
    </annotation>
    <annotation annotator="Mike Bada, University of Colorado Anschutz Medical Campus" id="GO_CC_2016_02_16_test_Instance_16749" type="identity">
      <class id="CL_GO_EXT:cell" label="cell"/>
      <span end="21034" id="16504174-11422" start="21029">cells</span>
    </annotation>
    <annotation annotator="Mike Bada, University of Colorado Anschutz Medical Campus" id="GO_CC_2016_02_16_test_Instance_16779" type="identity">
      <class id="CL_GO_EXT:cell" label="cell"/>
      <span end="21137" id="16504174-11452" start="21132">cells</span>
    </annotation>
    <annotation annotator="Mike Bada, University of Colorado Anschutz Medical Campus" id="GO_CC_2016_02_16_test_Instance_16781" type="identity">
      <class id="CL_GO_EXT:cell" label="cell"/>
      <span end="21158" id="16504174-11454" start="21153">cells</span>
    </annotation>
    <annotation annotator="Mike Bada, University of Colorado Anschutz Medical Campus" id="GO_CC_2016_02_16_test_Instance_21817" type="identity">
      <class id="GO_SO_EXT:chromosome" label="chromosome"/>
      <span end="21625" id="16504174-11478" start="21614">chromosomal</span>
    </annotation>
    <annotation annotator="Mike Bada, University of Colorado Anschutz Medical Campus" id="GO_CC_2016_02_16_test_Instance_16751" type="identity">
      <class id="CL_GO_EXT:cell" label="cell"/>
      <span end="21782" id="16504174-11424" start="21778">cell</span>
    </annotation>
    <annotation annotator="Mike Bada, University of Colorado Anschutz Medical Campus" id="GO_CC_2016_02_16_test_Instance_16753" type="identity">
      <class id="CL_GO_EXT:cell" label="cell"/>
      <span end="22332" id="16504174-11426" start="22327">cells</span>
    </annotation>
    <graph-space id="Old Knowtator Relations"/>
  </document>
</knowtator-project>
