<?xml version="1.0" encoding="UTF-8" standalone="no"?>
<knowtator-project>
    <document id="16628246" text-file="16628246.txt">
        <annotation annotator="Mike Bada, University of Colorado Anschutz Medical Campus" id="GO_CC_2016_02_16_test_Instance_21963" type="identity">
            <class id="GO:0000805" label="X chromosome"/>
            <span end="65" id="16628246-12350" start="64">X</span>
        </annotation>
        <annotation annotator="Mike Bada, University of Colorado Anschutz Medical Campus" id="GO_CC_2016_02_16_test_Instance_21965" type="identity">
            <class id="GO:0000805" label="X chromosome"/>
            <span end="128" id="16628246-12352" start="127">X</span>
        </annotation>
        <annotation annotator="Mike Bada, University of Colorado Anschutz Medical Campus" id="GO_CC_2016_02_16_test_Instance_31449" type="identity">
            <class id="GO:0000785" label="chromatin"/>
            <span end="249" id="16628246-12468" start="240">chromatin</span>
        </annotation>
        <annotation annotator="Mike Bada, University of Colorado Anschutz Medical Campus" id="GO_CC_2016_02_16_test_Instance_22509" type="identity">
            <class id="GO:0000805" label="X chromosome"/>
            <span end="478" id="16628246-12440" start="477">X</span>
        </annotation>
        <annotation annotator="Mike Bada, University of Colorado Anschutz Medical Campus" id="GO_CC_2016_02_16_test_Instance_21967" type="identity">
            <class id="GO:0000805" label="X chromosome"/>
            <span end="519" id="16628246-12354" start="518">X</span>
        </annotation>
        <annotation annotator="Mike Bada, University of Colorado Anschutz Medical Campus" id="GO_CC_2016_02_16_test_Instance_17087" type="identity">
            <class id="CL_GO_EXT:cell" label="cell"/>
            <span end="614" id="16628246-12050" start="610">cell</span>
        </annotation>
        <annotation annotator="Mike Bada, University of Colorado Anschutz Medical Campus" id="GO_CC_2016_02_16_test_Instance_31451" type="identity">
            <class id="GO:0000805" label="X chromosome"/>
            <span end="1046" id="16628246-12470" start="1034">X chromosome</span>
        </annotation>
        <annotation annotator="Mike Bada, University of Colorado Anschutz Medical Campus" id="GO_CC_2016_02_16_test_Instance_21969" type="identity">
            <class id="GO:0000805" label="X chromosome"/>
            <span end="1227" id="16628246-12356" start="1226">X</span>
        </annotation>
        <annotation annotator="Mike Bada, University of Colorado Anschutz Medical Campus" id="GO_CC_2016_02_16_test_Instance_31453" type="identity">
            <class id="GO:0000805" label="X chromosome"/>
            <span end="1453" id="16628246-12472" start="1441">X chromosome</span>
        </annotation>
        <annotation annotator="Mike Bada, University of Colorado Anschutz Medical Campus" id="GO_CC_2016_02_16_test_Instance_31455" type="identity">
            <class id="GO:0000785" label="chromatin"/>
            <span end="1565" id="16628246-12474" start="1556">chromatin</span>
        </annotation>
        <annotation annotator="Mike Bada, University of Colorado Anschutz Medical Campus" id="GO_CC_2016_02_16_test_Instance_31457" type="identity">
            <class id="GO:0005634" label="nucleus"/>
            <span end="1626" id="16628246-12476" start="1619">nucleus</span>
        </annotation>
        <annotation annotator="" id="GO_CC_2016_02_16_Instance_100278" type="identity">
            <class id="GO:0000803" label="sex chromosome"/>
            <span end="1767" id="16628246-11986" start="1753">sex chromosome</span>
        </annotation>
        <annotation annotator="Mike Bada, University of Colorado Anschutz Medical Campus" id="GO_CC_2016_02_16_test_Instance_21971" type="identity">
            <class id="GO:0000805" label="X chromosome"/>
            <span end="1770" id="16628246-12358" start="1769">X</span>
        </annotation>
        <annotation annotator="Mike Bada, University of Colorado Anschutz Medical Campus" id="GO_CC_2016_02_16_test_Instance_22511" type="identity">
            <class id="GO:0000805" label="X chromosome"/>
            <span end="1825" id="16628246-12442" start="1824">X</span>
        </annotation>
        <annotation annotator="" id="GO_CC_2016_02_16_Instance_100280" type="identity">
            <class id="GO:0000805" label="X chromosome"/>
            <span end="1895" id="16628246-11988" start="1894">X</span>
        </annotation>
        <annotation annotator="" id="GO_CC_2016_02_16_Instance_100282" type="identity">
            <class id="GO:0000806" label="Y chromosome"/>
            <span end="1899" id="16628246-11990" start="1898">Y</span>
        </annotation>
        <annotation annotator="Mike Bada, University of Colorado Anschutz Medical Campus" id="GO_CC_2016_02_16_test_Instance_17089" type="identity">
            <class id="CL_GO_EXT:cell" label="cell"/>
            <span end="2042" id="16628246-12052" start="2038">cell</span>
        </annotation>
        <annotation annotator="" id="GO_CC_2016_02_16_Instance_100284" type="identity">
            <class id="GO:0000805" label="X chromosome"/>
            <span end="2167" id="16628246-11992" start="2166">X</span>
        </annotation>
        <annotation annotator="" id="GO_CC_2016_02_16_Instance_100288" type="identity">
            <class id="GO:0000806" label="Y chromosome"/>
            <span end="2171" id="16628246-11994" start="2170">Y</span>
        </annotation>
        <annotation annotator="Mike Bada, University of Colorado Anschutz Medical Campus" id="GO_CC_2016_02_16_test_Instance_31459" type="identity">
            <class id="GO:0000805" label="X chromosome"/>
            <span end="2345" id="16628246-12478" start="2333">X chromosome</span>
        </annotation>
        <annotation annotator="Mike Bada, University of Colorado Anschutz Medical Campus" id="GO_CC_2016_02_16_test_Instance_31461" type="identity">
            <class id="GO:0000805" label="X chromosome"/>
            <span end="2444" id="16628246-12480" start="2432">X chromosome</span>
        </annotation>
        <annotation annotator="Mike Bada, University of Colorado Anschutz Medical Campus" id="GO_CC_2016_02_16_test_Instance_22293" type="identity">
            <class id="GO:0000805" label="X chromosome"/>
            <span end="2803" id="16628246-12434" start="2791">X-chromosome</span>
        </annotation>
        <annotation annotator="Mike Bada, University of Colorado Anschutz Medical Campus" id="GO_CC_2016_02_16_test_Instance_22513" type="identity">
            <class id="GO:0000805" label="X chromosome"/>
            <span end="2836" id="16628246-12444" start="2835">X</span>
        </annotation>
        <annotation annotator="Mike Bada, University of Colorado Anschutz Medical Campus" id="GO_CC_2016_02_16_test_Instance_21973" type="identity">
            <class id="GO:0000805" label="X chromosome"/>
            <span end="2883" id="16628246-12360" start="2882">X</span>
        </annotation>
        <annotation annotator="" id="GO_CC_2016_02_16_Instance_100290" type="identity">
            <class id="GO_EXT:tetrameric_macromolecular_complex" label="tetrameric macromolecular complex"/>
            <span end="3168" id="16628246-11996" start="3159">tetramers</span>
        </annotation>
        <annotation annotator="" id="GO_CC_2016_02_16_Instance_160036" type="identity">
            <class id="CHEBI_GO_EXT:hemoglobin" label="hemoglobin"/>
            <span end="3181" id="16628246-12046" start="3170">haemoglobin</span>
        </annotation>
        <annotation annotator="Mike Bada, University of Colorado Anschutz Medical Campus" id="GO_CC_2016_02_16_test_Instance_21977" type="identity">
            <class id="GO:0016234" label="inclusion body"/>
            <span end="3200" id="16628246-12362" start="3184">inclusion bodies</span>
        </annotation>
        <annotation annotator="Mike Bada, University of Colorado Anschutz Medical Campus" id="GO_CC_2016_02_16_test_Instance_17091" type="identity">
            <class id="CL_GO_EXT:cell" label="cell"/>
            <span end="3231" id="16628246-12054" start="3226">cells</span>
        </annotation>
        <annotation annotator="" id="GO_CC_2016_02_16_Instance_160038" type="identity">
            <class id="CHEBI_GO_EXT:hemoglobin" label="hemoglobin"/>
            <span end="3282" id="16628246-12048" start="3271">haemoglobin</span>
        </annotation>
        <annotation annotator="Mike Bada, University of Colorado Anschutz Medical Campus" id="GO_CC_2016_02_16_test_Instance_21981" type="identity">
            <class id="GO:0016234" label="inclusion body"/>
            <span end="3295" id="16628246-12364" start="3285">inclusions</span>
        </annotation>
        <annotation annotator="Mike Bada, University of Colorado Anschutz Medical Campus" id="GO_CC_2016_02_16_test_Instance_22417" type="identity">
            <class id="GO:0000805" label="X chromosome"/>
            <span end="3376" id="16628246-12436" start="3364">X-chromosome</span>
        </annotation>
        <annotation annotator="Mike Bada, University of Colorado Anschutz Medical Campus" id="GO_CC_2016_02_16_test_Instance_31463" type="identity">
            <class id="GO_SO_EXT:chromosome" label="chromosome"/>
            <span end="3470" id="16628246-12482" start="3460">chromosome</span>
        </annotation>
        <annotation annotator="Mike Bada, University of Colorado Anschutz Medical Campus" id="GO_CC_2016_02_16_test_Instance_21983" type="identity">
            <class id="GO:0000805" label="X chromosome"/>
            <span end="3549" id="16628246-12366" start="3548">X</span>
        </annotation>
        <annotation annotator="Mike Bada, University of Colorado Anschutz Medical Campus" id="GO_CC_2016_02_16_test_Instance_22515" type="identity">
            <class id="GO:0000805" label="X chromosome"/>
            <span end="3636" id="16628246-12446" start="3635">X</span>
        </annotation>
        <annotation annotator="Mike Bada, University of Colorado Anschutz Medical Campus" id="GO_CC_2016_02_16_test_Instance_31465" type="identity">
            <class id="GO_SO_EXT:chromosome" label="chromosome"/>
            <span end="3754" id="16628246-12484" start="3744">Chromosome</span>
        </annotation>
        <annotation annotator="Mike Bada, University of Colorado Anschutz Medical Campus" id="GO_CC_2016_02_16_test_Instance_31467" type="identity">
            <class id="GO:0000805" label="X chromosome"/>
            <span end="4254" id="16628246-12486" start="4242">X chromosome</span>
        </annotation>
        <annotation annotator="Mike Bada, University of Colorado Anschutz Medical Campus" id="GO_CC_2016_02_16_test_Instance_31469" type="identity">
            <class id="GO:0000785" label="chromatin"/>
            <span end="4597" id="16628246-12488" start="4588">chromatin</span>
        </annotation>
        <annotation annotator="Mike Bada, University of Colorado Anschutz Medical Campus" id="GO_CC_2016_02_16_test_Instance_21985" type="identity">
            <class id="GO:0000785" label="chromatin"/>
            <span end="4643" id="16628246-12368" start="4634">chromatin</span>
        </annotation>
        <annotation annotator="Mike Bada, University of Colorado Anschutz Medical Campus" id="GO_CC_2016_02_16_test_Instance_31471" type="identity">
            <class id="GO:0000785" label="chromatin"/>
            <span end="4806" id="16628246-12490" start="4797">chromatin</span>
        </annotation>
        <annotation annotator="Mike Bada, University of Colorado Anschutz Medical Campus" id="GO_CC_2016_02_16_test_Instance_31473" type="identity">
            <class id="GO:0000792" label="heterochromatin"/>
            <span end="4857" id="16628246-12492" start="4842">heterochromatin</span>
        </annotation>
        <annotation annotator="Mike Bada, University of Colorado Anschutz Medical Campus" id="GO_CC_2016_02_16_test_Instance_21987" type="identity">
            <class id="GO:0016605" label="PML body"/>
            <span end="4919" id="16628246-12370" start="4882">promyelocytic leukemia nuclear bodies</span>
        </annotation>
        <annotation annotator="Mike Bada, University of Colorado Anschutz Medical Campus" id="GO_CC_2016_02_16_test_Instance_22517" type="identity">
            <class id="GO:0000805" label="X chromosome"/>
            <span end="5185" id="16628246-12448" start="5184">X</span>
        </annotation>
        <annotation annotator="Mike Bada, University of Colorado Anschutz Medical Campus" id="GO_CC_2016_02_16_test_Instance_21991" type="identity">
            <class id="GO:0000785" label="chromatin"/>
            <span end="5238" id="16628246-12372" start="5229">chromatin</span>
        </annotation>
        <annotation annotator="Mike Bada, University of Colorado Anschutz Medical Campus" id="GO_CC_2016_02_16_test_Instance_17093" type="identity">
            <class id="CL_GO_EXT:cell" label="cell"/>
            <span end="5753" id="16628246-12056" start="5748">cells</span>
        </annotation>
        <annotation annotator="Mike Bada, University of Colorado Anschutz Medical Campus" id="GO_CC_2016_02_16_test_Instance_17095" type="identity">
            <class id="CL_GO_EXT:cell" label="cell"/>
            <span end="5775" id="16628246-12058" start="5770">cells</span>
        </annotation>
        <annotation annotator="Mike Bada, University of Colorado Anschutz Medical Campus" id="GO_CC_2016_02_16_test_Instance_17097" type="identity">
            <class id="CL_GO_EXT:cell" label="cell"/>
            <span end="5864" id="16628246-12060" start="5859">cells</span>
        </annotation>
        <annotation annotator="Mike Bada, University of Colorado Anschutz Medical Campus" id="GO_CC_2016_02_16_test_Instance_21545" type="identity">
            <class id="CL_GO_EXT:cell" label="cell"/>
            <span end="5919" id="16628246-12332" start="5914">Cells</span>
        </annotation>
        <annotation annotator="Mike Bada, University of Colorado Anschutz Medical Campus" id="GO_CC_2016_02_16_test_Instance_21993" type="identity">
            <class id="GO:0000805" label="X chromosome"/>
            <span end="5996" id="16628246-12374" start="5995">X</span>
        </annotation>
        <annotation annotator="Mike Bada, University of Colorado Anschutz Medical Campus" id="GO_CC_2016_02_16_test_Instance_17335" type="identity">
            <class id="CL_GO_EXT:cell" label="cell"/>
            <span end="6077" id="16628246-12298" start="6072">cells</span>
        </annotation>
        <annotation annotator="Mike Bada, University of Colorado Anschutz Medical Campus" id="GO_CC_2016_02_16_test_Instance_17099" type="identity">
            <class id="CL_GO_EXT:cell" label="cell"/>
            <span end="6224" id="16628246-12062" start="6219">cells</span>
        </annotation>
        <annotation annotator="Mike Bada, University of Colorado Anschutz Medical Campus" id="GO_CC_2016_02_16_test_Instance_21995" type="identity">
            <class id="GO:0016514" label="SWI/SNF complex"/>
            <span end="6502" id="16628246-12376" start="6495">SWI/SNF</span>
        </annotation>
        <annotation annotator="Mike Bada, University of Colorado Anschutz Medical Campus" id="GO_CC_2016_02_16_test_Instance_17101" type="identity">
            <class id="CL_GO_EXT:cell" label="cell"/>
            <span end="6648" id="16628246-12064" start="6644">cell</span>
        </annotation>
        <annotation annotator="Mike Bada, University of Colorado Anschutz Medical Campus" id="GO_CC_2016_02_16_test_Instance_17103" type="identity">
            <class id="CL_GO_EXT:cell" label="cell"/>
            <span end="7267" id="16628246-12066" start="7262">cells</span>
        </annotation>
        <annotation annotator="" id="GO_CC_2016_02_16_Instance_101931" type="identity">
            <class id="GO:0016514" label="SWI/SNF complex"/>
            <span end="8218" id="16628246-12042" start="8211">SWI/SNF</span>
        </annotation>
        <annotation annotator="Mike Bada, University of Colorado Anschutz Medical Campus" id="GO_CC_2016_02_16_test_Instance_17105" type="identity">
            <class id="CL_GO_EXT:cell" label="cell"/>
            <span end="8379" id="16628246-12068" start="8374">cells</span>
        </annotation>
        <annotation annotator="Mike Bada, University of Colorado Anschutz Medical Campus" id="GO_CC_2016_02_16_test_Instance_21547" type="identity">
            <class id="CL_GO_EXT:cell" label="cell"/>
            <span end="8478" id="16628246-12334" start="8473">Cells</span>
        </annotation>
        <annotation annotator="Mike Bada, University of Colorado Anschutz Medical Campus" id="GO_CC_2016_02_16_test_Instance_17337" type="identity">
            <class id="CL_GO_EXT:cell" label="cell"/>
            <span end="8497" id="16628246-12300" start="8492">cells</span>
        </annotation>
        <annotation annotator="Mike Bada, University of Colorado Anschutz Medical Campus" id="GO_CC_2016_02_16_test_Instance_17107" type="identity">
            <class id="CL_GO_EXT:cell" label="cell"/>
            <span end="8708" id="16628246-12070" start="8704">cell</span>
        </annotation>
        <annotation annotator="Mike Bada, University of Colorado Anschutz Medical Campus" id="GO_CC_2016_02_16_test_Instance_17109" type="identity">
            <class id="CL_GO_EXT:cell" label="cell"/>
            <span end="8755" id="16628246-12072" start="8751">cell</span>
        </annotation>
        <annotation annotator="Mike Bada, University of Colorado Anschutz Medical Campus" id="GO_CC_2016_02_16_test_Instance_17111" type="identity">
            <class id="CL_GO_EXT:cell" label="cell"/>
            <span end="8913" id="16628246-12074" start="8908">cells</span>
        </annotation>
        <annotation annotator="Mike Bada, University of Colorado Anschutz Medical Campus" id="GO_CC_2016_02_16_test_Instance_17113" type="identity">
            <class id="CL_GO_EXT:cell" label="cell"/>
            <span end="9232" id="16628246-12076" start="9227">cells</span>
        </annotation>
        <annotation annotator="Mike Bada, University of Colorado Anschutz Medical Campus" id="GO_CC_2016_02_16_test_Instance_17115" type="identity">
            <class id="CL_GO_EXT:cell" label="cell"/>
            <span end="9242" id="16628246-12078" start="9237">cells</span>
        </annotation>
        <annotation annotator="Mike Bada, University of Colorado Anschutz Medical Campus" id="GO_CC_2016_02_16_test_Instance_17117" type="identity">
            <class id="CL_GO_EXT:cell" label="cell"/>
            <span end="9496" id="16628246-12080" start="9491">cells</span>
        </annotation>
        <annotation annotator="Mike Bada, University of Colorado Anschutz Medical Campus" id="GO_CC_2016_02_16_test_Instance_17119" type="identity">
            <class id="CL_GO_EXT:cell" label="cell"/>
            <span end="9688" id="16628246-12082" start="9684">cell</span>
        </annotation>
        <annotation annotator="Mike Bada, University of Colorado Anschutz Medical Campus" id="GO_CC_2016_02_16_test_Instance_17121" type="identity">
            <class id="CL_GO_EXT:cell" label="cell"/>
            <span end="9728" id="16628246-12084" start="9724">cell</span>
        </annotation>
        <annotation annotator="Mike Bada, University of Colorado Anschutz Medical Campus" id="GO_CC_2016_02_16_test_Instance_17123" type="identity">
            <class id="CL_GO_EXT:cell" label="cell"/>
            <span end="9786" id="16628246-12086" start="9782">cell</span>
        </annotation>
        <annotation annotator="Mike Bada, University of Colorado Anschutz Medical Campus" id="GO_CC_2016_02_16_test_Instance_17125" type="identity">
            <class id="CL_GO_EXT:cell" label="cell"/>
            <span end="9849" id="16628246-12088" start="9844">cells</span>
        </annotation>
        <annotation annotator="Mike Bada, University of Colorado Anschutz Medical Campus" id="GO_CC_2016_02_16_test_Instance_17127" type="identity">
            <class id="CL_GO_EXT:cell" label="cell"/>
            <span end="9917" id="16628246-12090" start="9913">cell</span>
        </annotation>
        <annotation annotator="Mike Bada, University of Colorado Anschutz Medical Campus" id="GO_CC_2016_02_16_test_Instance_17129" type="identity">
            <class id="CL_GO_EXT:cell" label="cell"/>
            <span end="9941" id="16628246-12092" start="9937">cell</span>
        </annotation>
        <annotation annotator="Mike Bada, University of Colorado Anschutz Medical Campus" id="GO_CC_2016_02_16_test_Instance_17131" type="identity">
            <class id="CL_GO_EXT:cell" label="cell"/>
            <span end="9996" id="16628246-12094" start="9991">cells</span>
        </annotation>
        <annotation annotator="Mike Bada, University of Colorado Anschutz Medical Campus" id="GO_CC_2016_02_16_test_Instance_17133" type="identity">
            <class id="CL_GO_EXT:cell" label="cell"/>
            <span end="10167" id="16628246-12096" start="10162">cells</span>
        </annotation>
        <annotation annotator="Mike Bada, University of Colorado Anschutz Medical Campus" id="GO_CC_2016_02_16_test_Instance_17135" type="identity">
            <class id="CL_GO_EXT:cell" label="cell"/>
            <span end="10286" id="16628246-12098" start="10282">cell</span>
        </annotation>
        <annotation annotator="Mike Bada, University of Colorado Anschutz Medical Campus" id="GO_CC_2016_02_16_test_Instance_17137" type="identity">
            <class id="CL_GO_EXT:cell" label="cell"/>
            <span end="10507" id="16628246-12100" start="10502">cells</span>
        </annotation>
        <annotation annotator="Mike Bada, University of Colorado Anschutz Medical Campus" id="GO_CC_2016_02_16_test_Instance_17139" type="identity">
            <class id="CL_GO_EXT:cell" label="cell"/>
            <span end="10566" id="16628246-12102" start="10561">cells</span>
        </annotation>
        <annotation annotator="Mike Bada, University of Colorado Anschutz Medical Campus" id="GO_CC_2016_02_16_test_Instance_17141" type="identity">
            <class id="CL_GO_EXT:cell" label="cell"/>
            <span end="10642" id="16628246-12104" start="10637">cells</span>
        </annotation>
        <annotation annotator="Mike Bada, University of Colorado Anschutz Medical Campus" id="GO_CC_2016_02_16_test_Instance_17143" type="identity">
            <class id="CL_GO_EXT:cell" label="cell"/>
            <span end="10754" id="16628246-12106" start="10749">cells</span>
        </annotation>
        <annotation annotator="Mike Bada, University of Colorado Anschutz Medical Campus" id="GO_CC_2016_02_16_test_Instance_17145" type="identity">
            <class id="CL_GO_EXT:cell" label="cell"/>
            <span end="10797" id="16628246-12108" start="10793">cell</span>
        </annotation>
        <annotation annotator="Mike Bada, University of Colorado Anschutz Medical Campus" id="GO_CC_2016_02_16_test_Instance_17147" type="identity">
            <class id="CL_GO_EXT:cell" label="cell"/>
            <span end="10842" id="16628246-12110" start="10838">cell</span>
        </annotation>
        <annotation annotator="Mike Bada, University of Colorado Anschutz Medical Campus" id="GO_CC_2016_02_16_test_Instance_17149" type="identity">
            <class id="CL_GO_EXT:cell" label="cell"/>
            <span end="10934" id="16628246-12112" start="10929">cells</span>
        </annotation>
        <annotation annotator="Mike Bada, University of Colorado Anschutz Medical Campus" id="GO_CC_2016_02_16_test_Instance_17151" type="identity">
            <class id="CL_GO_EXT:cell" label="cell"/>
            <span end="11145" id="16628246-12114" start="11140">cells</span>
        </annotation>
        <annotation annotator="Mike Bada, University of Colorado Anschutz Medical Campus" id="GO_CC_2016_02_16_test_Instance_17153" type="identity">
            <class id="CL_GO_EXT:cell" label="cell"/>
            <span end="11191" id="16628246-12116" start="11187">cell</span>
        </annotation>
        <annotation annotator="Mike Bada, University of Colorado Anschutz Medical Campus" id="GO_CC_2016_02_16_test_Instance_21997" type="identity">
            <class id="GO:0005840" label="ribosome"/>
            <span end="11462" id="16628246-12378" start="11453">ribosomal</span>
        </annotation>
        <annotation annotator="Mike Bada, University of Colorado Anschutz Medical Campus" id="GO_CC_2016_02_16_test_Instance_22519" type="identity">
            <class id="GO:0000805" label="X chromosome"/>
            <span end="11534" id="16628246-12450" start="11533">X</span>
        </annotation>
        <annotation annotator="Mike Bada, University of Colorado Anschutz Medical Campus" id="GO_CC_2016_02_16_test_Instance_17155" type="identity">
            <class id="CL_GO_EXT:cell" label="cell"/>
            <span end="11744" id="16628246-12118" start="11739">cells</span>
        </annotation>
        <annotation annotator="Mike Bada, University of Colorado Anschutz Medical Campus" id="GO_CC_2016_02_16_test_Instance_17157" type="identity">
            <class id="CL_GO_EXT:cell" label="cell"/>
            <span end="11790" id="16628246-12120" start="11785">cells</span>
        </annotation>
        <annotation annotator="Mike Bada, University of Colorado Anschutz Medical Campus" id="GO_CC_2016_02_16_test_Instance_17159" type="identity">
            <class id="CL_GO_EXT:cell" label="cell"/>
            <span end="11969" id="16628246-12122" start="11964">cells</span>
        </annotation>
        <annotation annotator="Mike Bada, University of Colorado Anschutz Medical Campus" id="GO_CC_2016_02_16_test_Instance_22521" type="identity">
            <class id="GO:0000805" label="X chromosome"/>
            <span end="12105" id="16628246-12452" start="12104">X</span>
        </annotation>
        <annotation annotator="Mike Bada, University of Colorado Anschutz Medical Campus" id="GO_CC_2016_02_16_test_Instance_17161" type="identity">
            <class id="CL_GO_EXT:cell" label="cell"/>
            <span end="12176" id="16628246-12124" start="12172">cell</span>
        </annotation>
        <annotation annotator="Mike Bada, University of Colorado Anschutz Medical Campus" id="GO_CC_2016_02_16_test_Instance_21999" type="identity">
            <class id="GO:0000792" label="heterochromatin"/>
            <span end="12208" id="16628246-12380" start="12193">heterochromatic</span>
        </annotation>
        <annotation annotator="Mike Bada, University of Colorado Anschutz Medical Campus" id="GO_CC_2016_02_16_test_Instance_17163" type="identity">
            <class id="CL_GO_EXT:cell" label="cell"/>
            <span end="12590" id="16628246-12126" start="12585">cells</span>
        </annotation>
        <annotation annotator="Mike Bada, University of Colorado Anschutz Medical Campus" id="GO_CC_2016_02_16_test_Instance_17165" type="identity">
            <class id="CL_GO_EXT:cell" label="cell"/>
            <span end="12863" id="16628246-12128" start="12858">cells</span>
        </annotation>
        <annotation annotator="Mike Bada, University of Colorado Anschutz Medical Campus" id="GO_CC_2016_02_16_test_Instance_17167" type="identity">
            <class id="CL_GO_EXT:cell" label="cell"/>
            <span end="13096" id="16628246-12130" start="13092">cell</span>
        </annotation>
        <annotation annotator="Mike Bada, University of Colorado Anschutz Medical Campus" id="GO_CC_2016_02_16_test_Instance_17169" type="identity">
            <class id="CL_GO_EXT:cell" label="cell"/>
            <span end="14327" id="16628246-12132" start="14323">cell</span>
        </annotation>
        <annotation annotator="Mike Bada, University of Colorado Anschutz Medical Campus" id="GO_CC_2016_02_16_test_Instance_22535" type="identity">
            <class id="GO:0000805" label="X chromosome"/>
            <span end="14729" id="16628246-12466" start="14728">X</span>
        </annotation>
        <annotation annotator="" id="GO_CC_2016_02_16_Instance_100292" type="identity">
            <class id="GO:0042571" label="immunoglobulin complex, circulating"/>
            <span end="15557" id="16628246-11998" start="15549">antibody</span>
        </annotation>
        <annotation annotator="Mike Bada, University of Colorado Anschutz Medical Campus" id="GO_CC_2016_02_16_test_Instance_17171" type="identity">
            <class id="CL_GO_EXT:cell" label="cell"/>
            <span end="15979" id="16628246-12134" start="15974">cells</span>
        </annotation>
        <annotation annotator="Mike Bada, University of Colorado Anschutz Medical Campus" id="GO_CC_2016_02_16_test_Instance_22003" type="identity">
            <class id="GO:0005634" label="nucleus"/>
            <span end="16059" id="16628246-12382" start="16053">nuclei</span>
        </annotation>
        <annotation annotator="Mike Bada, University of Colorado Anschutz Medical Campus" id="GO_CC_2016_02_16_test_Instance_22005" type="identity">
            <class id="GO:0005634" label="nucleus"/>
            <span end="16094" id="16628246-12384" start="16087">nuclear</span>
        </annotation>
        <annotation annotator="Mike Bada, University of Colorado Anschutz Medical Campus" id="GO_CC_2016_02_16_test_Instance_21063" type="identity">
            <class id="GO:0005721" label="pericentric heterochromatin"/>
            <span end="16161" id="16628246-12330" start="16130">pericentromeric heterochromatin</span>
        </annotation>
        <annotation annotator="" id="GO_CC_2016_02_16_Instance_100294" type="identity">
            <class id="GO:0042571" label="immunoglobulin complex, circulating"/>
            <span end="16398" id="16628246-12000" start="16390">antibody</span>
        </annotation>
        <annotation annotator="Mike Bada, University of Colorado Anschutz Medical Campus" id="GO_CC_2016_02_16_test_Instance_17173" type="identity">
            <class id="CL_GO_EXT:cell" label="cell"/>
            <span end="17798" id="16628246-12136" start="17793">cells</span>
        </annotation>
        <annotation annotator="Mike Bada, University of Colorado Anschutz Medical Campus" id="GO_CC_2016_02_16_test_Instance_17175" type="identity">
            <class id="CL_GO_EXT:cell" label="cell"/>
            <span end="18020" id="16628246-12138" start="18015">cells</span>
        </annotation>
        <annotation annotator="Mike Bada, University of Colorado Anschutz Medical Campus" id="GO_CC_2016_02_16_test_Instance_17177" type="identity">
            <class id="CL_GO_EXT:cell" label="cell"/>
            <span end="18176" id="16628246-12140" start="18171">cells</span>
        </annotation>
        <annotation annotator="Mike Bada, University of Colorado Anschutz Medical Campus" id="GO_CC_2016_02_16_test_Instance_17179" type="identity">
            <class id="CL_GO_EXT:cell" label="cell"/>
            <span end="18581" id="16628246-12142" start="18576">cells</span>
        </annotation>
        <annotation annotator="Mike Bada, University of Colorado Anschutz Medical Campus" id="GO_CC_2016_02_16_test_Instance_17181" type="identity">
            <class id="CL_GO_EXT:cell" label="cell"/>
            <span end="18937" id="16628246-12144" start="18932">cells</span>
        </annotation>
        <annotation annotator="Mike Bada, University of Colorado Anschutz Medical Campus" id="GO_CC_2016_02_16_test_Instance_17183" type="identity">
            <class id="CL_GO_EXT:cell" label="cell"/>
            <span end="19020" id="16628246-12146" start="19016">cell</span>
        </annotation>
        <annotation annotator="" id="GO_CC_2016_02_16_Instance_100296" type="identity">
            <class id="GO:0042571" label="immunoglobulin complex, circulating"/>
            <span end="19067" id="16628246-12002" start="19059">antibody</span>
        </annotation>
        <annotation annotator="Mike Bada, University of Colorado Anschutz Medical Campus" id="GO_CC_2016_02_16_test_Instance_17185" type="identity">
            <class id="CL_GO_EXT:cell" label="cell"/>
            <span end="19203" id="16628246-12148" start="19199">cell</span>
        </annotation>
        <annotation annotator="Mike Bada, University of Colorado Anschutz Medical Campus" id="GO_CC_2016_02_16_test_Instance_17187" type="identity">
            <class id="CL_GO_EXT:cell" label="cell"/>
            <span end="20113" id="16628246-12150" start="20108">cells</span>
        </annotation>
        <annotation annotator="Mike Bada, University of Colorado Anschutz Medical Campus" id="GO_CC_2016_02_16_test_Instance_17189" type="identity">
            <class id="CL_GO_EXT:cell" label="cell"/>
            <span end="20224" id="16628246-12152" start="20219">cells</span>
        </annotation>
        <annotation annotator="Mike Bada, University of Colorado Anschutz Medical Campus" id="GO_CC_2016_02_16_test_Instance_17191" type="identity">
            <class id="CL_GO_EXT:cell" label="cell"/>
            <span end="20319" id="16628246-12154" start="20314">cells</span>
        </annotation>
        <annotation annotator="" id="GO_CC_2016_02_16_Instance_100298" type="identity">
            <class id="GO:0042571" label="immunoglobulin complex, circulating"/>
            <span end="20611" id="16628246-12004" start="20603">antibody</span>
        </annotation>
        <annotation annotator="Mike Bada, University of Colorado Anschutz Medical Campus" id="GO_CC_2016_02_16_test_Instance_17193" type="identity">
            <class id="CL_GO_EXT:cell" label="cell"/>
            <span end="20744" id="16628246-12156" start="20739">cells</span>
        </annotation>
        <annotation annotator="Mike Bada, University of Colorado Anschutz Medical Campus" id="GO_CC_2016_02_16_test_Instance_17195" type="identity">
            <class id="CL_GO_EXT:cell" label="cell"/>
            <span end="21028" id="16628246-12158" start="21024">cell</span>
        </annotation>
        <annotation annotator="Mike Bada, University of Colorado Anschutz Medical Campus" id="GO_CC_2016_02_16_test_Instance_17197" type="identity">
            <class id="CL_GO_EXT:cell" label="cell"/>
            <span end="21647" id="16628246-12160" start="21642">cells</span>
        </annotation>
        <annotation annotator="Mike Bada, University of Colorado Anschutz Medical Campus" id="GO_CC_2016_02_16_test_Instance_17199" type="identity">
            <class id="CL_GO_EXT:cell" label="cell"/>
            <span end="21681" id="16628246-12162" start="21677">cell</span>
        </annotation>
        <annotation annotator="Mike Bada, University of Colorado Anschutz Medical Campus" id="GO_CC_2016_02_16_test_Instance_17201" type="identity">
            <class id="CL_GO_EXT:cell" label="cell"/>
            <span end="22081" id="16628246-12164" start="22077">cell</span>
        </annotation>
        <annotation annotator="Mike Bada, University of Colorado Anschutz Medical Campus" id="GO_CC_2016_02_16_test_Instance_31477" type="identity">
            <class id="GO:0000805" label="X chromosome"/>
            <span end="23398" id="16628246-12494" start="23386">X chromosome</span>
        </annotation>
        <annotation annotator="Mike Bada, University of Colorado Anschutz Medical Campus" id="GO_CC_2016_02_16_test_Instance_31479" type="identity">
            <class id="GO:0000805" label="X chromosome"/>
            <span end="23599" id="16628246-12496" start="23587">X chromosome</span>
        </annotation>
        <annotation annotator="Mike Bada, University of Colorado Anschutz Medical Campus" id="GO_CC_2016_02_16_test_Instance_17203" type="identity">
            <class id="CL_GO_EXT:cell" label="cell"/>
            <span end="23684" id="16628246-12166" start="23680">cell</span>
        </annotation>
        <annotation annotator="Mike Bada, University of Colorado Anschutz Medical Campus" id="GO_CC_2016_02_16_test_Instance_22013" type="identity">
            <class id="GO:0000805" label="X chromosome"/>
            <span end="23710" id="16628246-12386" start="23709">X</span>
        </annotation>
        <annotation annotator="Mike Bada, University of Colorado Anschutz Medical Campus" id="GO_CC_2016_02_16_test_Instance_22015" type="identity">
            <class id="GO:0000805" label="X chromosome"/>
            <span end="23830" id="16628246-12388" start="23829">X</span>
        </annotation>
        <annotation annotator="Mike Bada, University of Colorado Anschutz Medical Campus" id="GO_CC_2016_02_16_test_Instance_22017" type="identity">
            <class id="GO:0000805" label="X chromosome"/>
            <span end="23983" id="16628246-12390" start="23982">X</span>
        </annotation>
        <annotation annotator="" id="GO_CC_2016_02_16_Instance_100300" type="identity">
            <class id="GO:0000806" label="Y chromosome"/>
            <span end="24156" id="16628246-12006" start="24155">Y</span>
        </annotation>
        <annotation annotator="" id="GO_CC_2016_02_16_Instance_100302" type="identity">
            <class id="GO:0000806" label="Y chromosome"/>
            <span end="24473" id="16628246-12008" start="24472">Y</span>
        </annotation>
        <annotation annotator="" id="GO_CC_2016_02_16_Instance_100304" type="identity">
            <class id="GO:0000806" label="Y chromosome"/>
            <span end="24553" id="16628246-12010" start="24552">Y</span>
        </annotation>
        <annotation annotator="" id="GO_CC_2016_02_16_Instance_100306" type="identity">
            <class id="GO:0042571" label="immunoglobulin complex, circulating"/>
            <span end="24796" id="16628246-12012" start="24788">antibody</span>
        </annotation>
        <annotation annotator="Mike Bada, University of Colorado Anschutz Medical Campus" id="GO_CC_2016_02_16_test_Instance_17205" type="identity">
            <class id="CL_GO_EXT:cell" label="cell"/>
            <span end="24939" id="16628246-12168" start="24935">cell</span>
        </annotation>
        <annotation annotator="Mike Bada, University of Colorado Anschutz Medical Campus" id="GO_CC_2016_02_16_test_Instance_17207" type="identity">
            <class id="CL_GO_EXT:cell" label="cell"/>
            <span end="25145" id="16628246-12170" start="25140">cells</span>
        </annotation>
        <annotation annotator="Mike Bada, University of Colorado Anschutz Medical Campus" id="GO_CC_2016_02_16_test_Instance_17209" type="identity">
            <class id="CL_GO_EXT:cell" label="cell"/>
            <span end="25227" id="16628246-12172" start="25222">cells</span>
        </annotation>
        <annotation annotator="Mike Bada, University of Colorado Anschutz Medical Campus" id="GO_CC_2016_02_16_test_Instance_22021" type="identity">
            <class id="GO:0000805" label="X chromosome"/>
            <span end="25345" id="16628246-12392" start="25344">X</span>
        </annotation>
        <annotation annotator="Mike Bada, University of Colorado Anschutz Medical Campus" id="GO_CC_2016_02_16_test_Instance_17211" type="identity">
            <class id="CL_GO_EXT:cell" label="cell"/>
            <span end="25607" id="16628246-12174" start="25602">cells</span>
        </annotation>
        <annotation annotator="Mike Bada, University of Colorado Anschutz Medical Campus" id="GO_CC_2016_02_16_test_Instance_22023" type="identity">
            <class id="GO:0000805" label="X chromosome"/>
            <span end="25913" id="16628246-12394" start="25912">X</span>
        </annotation>
        <annotation annotator="Mike Bada, University of Colorado Anschutz Medical Campus" id="GO_CC_2016_02_16_test_Instance_31481" type="identity">
            <class id="GO_SO_EXT:chromosome" label="chromosome"/>
            <span end="26013" id="16628246-12498" start="26003">chromosome</span>
        </annotation>
        <annotation annotator="Mike Bada, University of Colorado Anschutz Medical Campus" id="GO_CC_2016_02_16_test_Instance_22025" type="identity">
            <class id="GO:0000805" label="X chromosome"/>
            <span end="26045" id="16628246-12396" start="26044">X</span>
        </annotation>
        <annotation annotator="Mike Bada, University of Colorado Anschutz Medical Campus" id="GO_CC_2016_02_16_test_Instance_17213" type="identity">
            <class id="CL_GO_EXT:cell" label="cell"/>
            <span end="26297" id="16628246-12176" start="26292">cells</span>
        </annotation>
        <annotation annotator="Mike Bada, University of Colorado Anschutz Medical Campus" id="GO_CC_2016_02_16_test_Instance_21549" type="identity">
            <class id="CL_GO_EXT:cell" label="cell"/>
            <span end="26374" id="16628246-12336" start="26369">Cells</span>
        </annotation>
        <annotation annotator="Mike Bada, University of Colorado Anschutz Medical Campus" id="GO_CC_2016_02_16_test_Instance_17339" type="identity">
            <class id="CL_GO_EXT:cell" label="cell"/>
            <span end="26393" id="16628246-12302" start="26388">cells</span>
        </annotation>
        <annotation annotator="Mike Bada, University of Colorado Anschutz Medical Campus" id="GO_CC_2016_02_16_test_Instance_17215" type="identity">
            <class id="CL_GO_EXT:cell" label="cell"/>
            <span end="26594" id="16628246-12178" start="26589">cells</span>
        </annotation>
        <annotation annotator="Mike Bada, University of Colorado Anschutz Medical Campus" id="GO_CC_2016_02_16_test_Instance_17217" type="identity">
            <class id="CL_GO_EXT:cell" label="cell"/>
            <span end="26684" id="16628246-12180" start="26679">cells</span>
        </annotation>
        <annotation annotator="Mike Bada, University of Colorado Anschutz Medical Campus" id="GO_CC_2016_02_16_test_Instance_17219" type="identity">
            <class id="CL_GO_EXT:cell" label="cell"/>
            <span end="26788" id="16628246-12182" start="26783">cells</span>
        </annotation>
        <annotation annotator="Mike Bada, University of Colorado Anschutz Medical Campus" id="GO_CC_2016_02_16_test_Instance_17221" type="identity">
            <class id="CL_GO_EXT:cell" label="cell"/>
            <span end="26894" id="16628246-12184" start="26889">cells</span>
        </annotation>
        <annotation annotator="Mike Bada, University of Colorado Anschutz Medical Campus" id="GO_CC_2016_02_16_test_Instance_17223" type="identity">
            <class id="CL_GO_EXT:cell" label="cell"/>
            <span end="27100" id="16628246-12186" start="27095">cells</span>
        </annotation>
        <annotation annotator="Mike Bada, University of Colorado Anschutz Medical Campus" id="GO_CC_2016_02_16_test_Instance_22027" type="identity">
            <class id="GO:0032991" label="macromolecular complex"/>
            <span end="27329" id="16628246-12398" start="27322">complex</span>
        </annotation>
        <annotation annotator="Mike Bada, University of Colorado Anschutz Medical Campus" id="GO_CC_2016_02_16_test_Instance_22029" type="identity">
            <class id="GO:0032991" label="macromolecular complex"/>
            <span end="27500" id="16628246-12400" start="27493">complex</span>
        </annotation>
        <annotation annotator="Mike Bada, University of Colorado Anschutz Medical Campus" id="GO_CC_2016_02_16_test_Instance_17225" type="identity">
            <class id="CL_GO_EXT:cell" label="cell"/>
            <span end="27628" id="16628246-12188" start="27623">cells</span>
        </annotation>
        <annotation annotator="Mike Bada, University of Colorado Anschutz Medical Campus" id="GO_CC_2016_02_16_test_Instance_17227" type="identity">
            <class id="CL_GO_EXT:cell" label="cell"/>
            <span end="27746" id="16628246-12190" start="27742">cell</span>
        </annotation>
        <annotation annotator="Mike Bada, University of Colorado Anschutz Medical Campus" id="GO_CC_2016_02_16_test_Instance_17229" type="identity">
            <class id="CL_GO_EXT:cell" label="cell"/>
            <span end="28494" id="16628246-12192" start="28490">cell</span>
        </annotation>
        <annotation annotator="Mike Bada, University of Colorado Anschutz Medical Campus" id="GO_CC_2016_02_16_test_Instance_17231" type="identity">
            <class id="CL_GO_EXT:cell" label="cell"/>
            <span end="28561" id="16628246-12194" start="28556">cells</span>
        </annotation>
        <annotation annotator="Mike Bada, University of Colorado Anschutz Medical Campus" id="GO_CC_2016_02_16_test_Instance_17233" type="identity">
            <class id="CL_GO_EXT:cell" label="cell"/>
            <span end="28677" id="16628246-12196" start="28672">cells</span>
        </annotation>
        <annotation annotator="Mike Bada, University of Colorado Anschutz Medical Campus" id="GO_CC_2016_02_16_test_Instance_17235" type="identity">
            <class id="CL_GO_EXT:cell" label="cell"/>
            <span end="28726" id="16628246-12198" start="28721">cells</span>
        </annotation>
        <annotation annotator="Mike Bada, University of Colorado Anschutz Medical Campus" id="GO_CC_2016_02_16_test_Instance_22523" type="identity">
            <class id="GO:0000805" label="X chromosome"/>
            <span end="29226" id="16628246-12454" start="29225">X</span>
        </annotation>
        <annotation annotator="Mike Bada, University of Colorado Anschutz Medical Campus" id="GO_CC_2016_02_16_test_Instance_22525" type="identity">
            <class id="GO:0000805" label="X chromosome"/>
            <span end="29426" id="16628246-12456" start="29425">X</span>
        </annotation>
        <annotation annotator="Mike Bada, University of Colorado Anschutz Medical Campus" id="GO_CC_2016_02_16_test_Instance_22527" type="identity">
            <class id="GO:0000805" label="X chromosome"/>
            <span end="29732" id="16628246-12458" start="29731">X</span>
        </annotation>
        <annotation annotator="Mike Bada, University of Colorado Anschutz Medical Campus" id="GO_CC_2016_02_16_test_Instance_17237" type="identity">
            <class id="CL_GO_EXT:cell" label="cell"/>
            <span end="31406" id="16628246-12200" start="31401">cells</span>
        </annotation>
        <annotation annotator="Mike Bada, University of Colorado Anschutz Medical Campus" id="GO_CC_2016_02_16_test_Instance_17239" type="identity">
            <class id="CL_GO_EXT:cell" label="cell"/>
            <span end="31537" id="16628246-12202" start="31532">cells</span>
        </annotation>
        <annotation annotator="Mike Bada, University of Colorado Anschutz Medical Campus" id="GO_CC_2016_02_16_test_Instance_22031" type="identity">
            <class id="GO:0000805" label="X chromosome"/>
            <span end="31561" id="16628246-12402" start="31560">X</span>
        </annotation>
        <annotation annotator="Mike Bada, University of Colorado Anschutz Medical Campus" id="GO_CC_2016_02_16_test_Instance_17241" type="identity">
            <class id="CL_GO_EXT:cell" label="cell"/>
            <span end="32046" id="16628246-12204" start="32041">cells</span>
        </annotation>
        <annotation annotator="Mike Bada, University of Colorado Anschutz Medical Campus" id="GO_CC_2016_02_16_test_Instance_17243" type="identity">
            <class id="CL_GO_EXT:cell" label="cell"/>
            <span end="32077" id="16628246-12206" start="32073">cell</span>
        </annotation>
        <annotation annotator="Mike Bada, University of Colorado Anschutz Medical Campus" id="GO_CC_2016_02_16_test_Instance_17245" type="identity">
            <class id="CL_GO_EXT:cell" label="cell"/>
            <span end="33015" id="16628246-12208" start="33011">cell</span>
        </annotation>
        <annotation annotator="Mike Bada, University of Colorado Anschutz Medical Campus" id="GO_CC_2016_02_16_test_Instance_17247" type="identity">
            <class id="CL_GO_EXT:cell" label="cell"/>
            <span end="33198" id="16628246-12210" start="33193">cells</span>
        </annotation>
        <annotation annotator="Mike Bada, University of Colorado Anschutz Medical Campus" id="GO_CC_2016_02_16_test_Instance_31483" type="identity">
            <class id="GO:0000785" label="chromatin"/>
            <span end="33411" id="16628246-12500" start="33402">chromatin</span>
        </annotation>
        <annotation annotator="Mike Bada, University of Colorado Anschutz Medical Campus" id="GO_CC_2016_02_16_test_Instance_22033" type="identity">
            <class id="GO:0000805" label="X chromosome"/>
            <span end="34308" id="16628246-12404" start="34307">X</span>
        </annotation>
        <annotation annotator="Mike Bada, University of Colorado Anschutz Medical Campus" id="GO_CC_2016_02_16_test_Instance_22035" type="identity">
            <class id="GO:0000805" label="X chromosome"/>
            <span end="34530" id="16628246-12406" start="34529">X</span>
        </annotation>
        <annotation annotator="Mike Bada, University of Colorado Anschutz Medical Campus" id="GO_CC_2016_02_16_test_Instance_31485" type="identity">
            <class id="GO_SO_EXT:chromosome" label="chromosome"/>
            <span end="34588" id="16628246-12502" start="34578">chromosome</span>
        </annotation>
        <annotation annotator="Mike Bada, University of Colorado Anschutz Medical Campus" id="GO_CC_2016_02_16_test_Instance_31487" type="identity">
            <class id="GO_SO_EXT:chromosome" label="chromosome"/>
            <span end="34803" id="16628246-12504" start="34793">chromosome</span>
        </annotation>
        <annotation annotator="Mike Bada, University of Colorado Anschutz Medical Campus" id="GO_CC_2016_02_16_test_Instance_22037" type="identity">
            <class id="GO:0000805" label="X chromosome"/>
            <span end="35374" id="16628246-12408" start="35373">X</span>
        </annotation>
        <annotation annotator="Mike Bada, University of Colorado Anschutz Medical Campus" id="GO_CC_2016_02_16_test_Instance_31489" type="identity">
            <class id="GO:0000805" label="X chromosome"/>
            <span end="35770" id="16628246-12506" start="35758">X chromosome</span>
        </annotation>
        <annotation annotator="Mike Bada, University of Colorado Anschutz Medical Campus" id="GO_CC_2016_02_16_test_Instance_31491" type="identity">
            <class id="GO_SO_EXT:chromosome" label="chromosome"/>
            <span end="35852" id="16628246-12508" start="35842">chromosome</span>
        </annotation>
        <annotation annotator="Mike Bada, University of Colorado Anschutz Medical Campus" id="GO_CC_2016_02_16_test_Instance_17249" type="identity">
            <class id="CL_GO_EXT:cell" label="cell"/>
            <span end="35921" id="16628246-12212" start="35917">cell</span>
        </annotation>
        <annotation annotator="Mike Bada, University of Colorado Anschutz Medical Campus" id="GO_CC_2016_02_16_test_Instance_17251" type="identity">
            <class id="CL_GO_EXT:cell" label="cell"/>
            <span end="35999" id="16628246-12214" start="35994">cells</span>
        </annotation>
        <annotation annotator="Mike Bada, University of Colorado Anschutz Medical Campus" id="GO_CC_2016_02_16_test_Instance_31493" type="identity">
            <class id="GO:0000805" label="X chromosome"/>
            <span end="36081" id="16628246-12510" start="36069">X chromosome</span>
        </annotation>
        <annotation annotator="Mike Bada, University of Colorado Anschutz Medical Campus" id="GO_CC_2016_02_16_test_Instance_22039" type="identity">
            <class id="GO:0000805" label="X chromosome"/>
            <span end="36250" id="16628246-12410" start="36249">X</span>
        </annotation>
        <annotation annotator="Mike Bada, University of Colorado Anschutz Medical Campus" id="GO_CC_2016_02_16_test_Instance_31495" type="identity">
            <class id="GO_SO_EXT:chromosome" label="chromosome"/>
            <span end="36414" id="16628246-12512" start="36404">chromosome</span>
        </annotation>
        <annotation annotator="Mike Bada, University of Colorado Anschutz Medical Campus" id="GO_CC_2016_02_16_test_Instance_17253" type="identity">
            <class id="CL_GO_EXT:cell" label="cell"/>
            <span end="36585" id="16628246-12216" start="36581">cell</span>
        </annotation>
        <annotation annotator="Mike Bada, University of Colorado Anschutz Medical Campus" id="GO_CC_2016_02_16_test_Instance_22041" type="identity">
            <class id="GO:0000805" label="X chromosome"/>
            <span end="36654" id="16628246-12412" start="36653">X</span>
        </annotation>
        <annotation annotator="Mike Bada, University of Colorado Anschutz Medical Campus" id="GO_CC_2016_02_16_test_Instance_22043" type="identity">
            <class id="GO:0000805" label="X chromosome"/>
            <span end="36961" id="16628246-12414" start="36960">X</span>
        </annotation>
        <annotation annotator="Mike Bada, University of Colorado Anschutz Medical Campus" id="GO_CC_2016_02_16_test_Instance_17255" type="identity">
            <class id="CL_GO_EXT:cell" label="cell"/>
            <span end="37069" id="16628246-12218" start="37064">cells</span>
        </annotation>
        <annotation annotator="Mike Bada, University of Colorado Anschutz Medical Campus" id="GO_CC_2016_02_16_test_Instance_31497" type="identity">
            <class id="GO:0000805" label="X chromosome"/>
            <span end="37142" id="16628246-12514" start="37130">X chromosome</span>
        </annotation>
        <annotation annotator="Mike Bada, University of Colorado Anschutz Medical Campus" id="GO_CC_2016_02_16_test_Instance_17257" type="identity">
            <class id="CL_GO_EXT:cell" label="cell"/>
            <span end="37192" id="16628246-12220" start="37187">cells</span>
        </annotation>
        <annotation annotator="Mike Bada, University of Colorado Anschutz Medical Campus" id="GO_CC_2016_02_16_test_Instance_31499" type="identity">
            <class id="GO_SO_EXT:chromosome" label="chromosome"/>
            <span end="37290" id="16628246-12516" start="37280">chromosome</span>
        </annotation>
        <annotation annotator="Mike Bada, University of Colorado Anschutz Medical Campus" id="GO_CC_2016_02_16_test_Instance_22045" type="identity">
            <class id="GO:0000805" label="X chromosome"/>
            <span end="37391" id="16628246-12416" start="37390">X</span>
        </annotation>
        <annotation annotator="Mike Bada, University of Colorado Anschutz Medical Campus" id="GO_CC_2016_02_16_test_Instance_17259" type="identity">
            <class id="CL_GO_EXT:cell" label="cell"/>
            <span end="37506" id="16628246-12222" start="37501">cells</span>
        </annotation>
        <annotation annotator="Mike Bada, University of Colorado Anschutz Medical Campus" id="GO_CC_2016_02_16_test_Instance_17261" type="identity">
            <class id="CL_GO_EXT:cell" label="cell"/>
            <span end="37582" id="16628246-12224" start="37577">cells</span>
        </annotation>
        <annotation annotator="Mike Bada, University of Colorado Anschutz Medical Campus" id="GO_CC_2016_02_16_test_Instance_17263" type="identity">
            <class id="CL_GO_EXT:cell" label="cell"/>
            <span end="37778" id="16628246-12226" start="37770">cellular</span>
        </annotation>
        <annotation annotator="Mike Bada, University of Colorado Anschutz Medical Campus" id="GO_CC_2016_02_16_test_Instance_31501" type="identity">
            <class id="GO_SO_EXT:chromosome" label="chromosome"/>
            <span end="37827" id="16628246-12518" start="37817">chromosome</span>
        </annotation>
        <annotation annotator="Mike Bada, University of Colorado Anschutz Medical Campus" id="GO_CC_2016_02_16_test_Instance_17265" type="identity">
            <class id="CL_GO_EXT:cell" label="cell"/>
            <span end="37888" id="16628246-12228" start="37883">cells</span>
        </annotation>
        <annotation annotator="Mike Bada, University of Colorado Anschutz Medical Campus" id="GO_CC_2016_02_16_test_Instance_17267" type="identity">
            <class id="CL_GO_EXT:cell" label="cell"/>
            <span end="37962" id="16628246-12230" start="37958">cell</span>
        </annotation>
        <annotation annotator="Mike Bada, University of Colorado Anschutz Medical Campus" id="GO_CC_2016_02_16_test_Instance_17269" type="identity">
            <class id="CL_GO_EXT:cell" label="cell"/>
            <span end="38424" id="16628246-12232" start="38419">cells</span>
        </annotation>
        <annotation annotator="Mike Bada, University of Colorado Anschutz Medical Campus" id="GO_CC_2016_02_16_test_Instance_22047" type="identity">
            <class id="GO:0000805" label="X chromosome"/>
            <span end="38750" id="16628246-12418" start="38749">X</span>
        </annotation>
        <annotation annotator="Mike Bada, University of Colorado Anschutz Medical Campus" id="GO_CC_2016_02_16_test_Instance_17271" type="identity">
            <class id="CL_GO_EXT:cell" label="cell"/>
            <span end="38781" id="16628246-12234" start="38776">cells</span>
        </annotation>
        <annotation annotator="Mike Bada, University of Colorado Anschutz Medical Campus" id="GO_CC_2016_02_16_test_Instance_17273" type="identity">
            <class id="CL_GO_EXT:cell" label="cell"/>
            <span end="38837" id="16628246-12236" start="38832">cells</span>
        </annotation>
        <annotation annotator="Mike Bada, University of Colorado Anschutz Medical Campus" id="GO_CC_2016_02_16_test_Instance_31503" type="identity">
            <class id="GO:0000805" label="X chromosome"/>
            <span end="39031" id="16628246-12520" start="39019">X chromosome</span>
        </annotation>
        <annotation annotator="Mike Bada, University of Colorado Anschutz Medical Campus" id="GO_CC_2016_02_16_test_Instance_31505" type="identity">
            <class id="GO_SO_EXT:chromosome" label="chromosome"/>
            <span end="39122" id="16628246-12522" start="39112">chromosome</span>
        </annotation>
        <annotation annotator="Mike Bada, University of Colorado Anschutz Medical Campus" id="GO_CC_2016_02_16_test_Instance_22049" type="identity">
            <class id="GO:0000805" label="X chromosome"/>
            <span end="39182" id="16628246-12420" start="39181">X</span>
        </annotation>
        <annotation annotator="Mike Bada, University of Colorado Anschutz Medical Campus" id="GO_CC_2016_02_16_test_Instance_22529" type="identity">
            <class id="GO:0000805" label="X chromosome"/>
            <span end="39236" id="16628246-12460" start="39235">X</span>
        </annotation>
        <annotation annotator="Mike Bada, University of Colorado Anschutz Medical Campus" id="GO_CC_2016_02_16_test_Instance_31507" type="identity">
            <class id="GO:0000785" label="chromatin"/>
            <span end="39327" id="16628246-12524" start="39318">chromatin</span>
        </annotation>
        <annotation annotator="Mike Bada, University of Colorado Anschutz Medical Campus" id="GO_CC_2016_02_16_test_Instance_17275" type="identity">
            <class id="CL_GO_EXT:cell" label="cell"/>
            <span end="39439" id="16628246-12238" start="39435">cell</span>
        </annotation>
        <annotation annotator="Mike Bada, University of Colorado Anschutz Medical Campus" id="GO_CC_2016_02_16_test_Instance_22531" type="identity">
            <class id="GO:0000805" label="X chromosome"/>
            <span end="39538" id="16628246-12462" start="39537">X</span>
        </annotation>
        <annotation annotator="Mike Bada, University of Colorado Anschutz Medical Campus" id="GO_CC_2016_02_16_test_Instance_22419" type="identity">
            <class id="GO:0000805" label="X chromosome"/>
            <span end="40138" id="16628246-12438" start="40126">X-chromosome</span>
        </annotation>
        <annotation annotator="Mike Bada, University of Colorado Anschutz Medical Campus" id="GO_CC_2016_02_16_test_Instance_17341" type="identity">
            <class id="CL_GO_EXT:cell" label="cell"/>
            <span end="40257" id="16628246-12304" start="40252">cells</span>
        </annotation>
        <annotation annotator="Mike Bada, University of Colorado Anschutz Medical Campus" id="GO_CC_2016_02_16_test_Instance_17277" type="identity">
            <class id="CL_GO_EXT:cell" label="cell"/>
            <span end="40600" id="16628246-12240" start="40595">cells</span>
        </annotation>
        <annotation annotator="Mike Bada, University of Colorado Anschutz Medical Campus" id="GO_CC_2016_02_16_test_Instance_17279" type="identity">
            <class id="CL_GO_EXT:cell" label="cell"/>
            <span end="41321" id="16628246-12242" start="41316">cells</span>
        </annotation>
        <annotation annotator="Mike Bada, University of Colorado Anschutz Medical Campus" id="GO_CC_2016_02_16_test_Instance_17281" type="identity">
            <class id="CL_GO_EXT:cell" label="cell"/>
            <span end="41351" id="16628246-12244" start="41347">cell</span>
        </annotation>
        <annotation annotator="Mike Bada, University of Colorado Anschutz Medical Campus" id="GO_CC_2016_02_16_test_Instance_17283" type="identity">
            <class id="CL_GO_EXT:cell" label="cell"/>
            <span end="41401" id="16628246-12246" start="41396">cells</span>
        </annotation>
        <annotation annotator="Mike Bada, University of Colorado Anschutz Medical Campus" id="GO_CC_2016_02_16_test_Instance_17285" type="identity">
            <class id="CL_GO_EXT:cell" label="cell"/>
            <span end="41532" id="16628246-12248" start="41527">cells</span>
        </annotation>
        <annotation annotator="" id="GO_CC_2016_02_16_Instance_100308" type="identity">
            <class id="GO:0042571" label="immunoglobulin complex, circulating"/>
            <span end="42474" id="16628246-12014" start="42466">antibody</span>
        </annotation>
        <annotation annotator="Mike Bada, University of Colorado Anschutz Medical Campus" id="GO_CC_2016_02_16_test_Instance_17287" type="identity">
            <class id="CL_GO_EXT:cell" label="cell"/>
            <span end="42501" id="16628246-12250" start="42497">cell</span>
        </annotation>
        <annotation annotator="Mike Bada, University of Colorado Anschutz Medical Campus" id="GO_CC_2016_02_16_test_Instance_17289" type="identity">
            <class id="CL_GO_EXT:cell" label="cell"/>
            <span end="42604" id="16628246-12252" start="42600">cell</span>
        </annotation>
        <annotation annotator="Mike Bada, University of Colorado Anschutz Medical Campus" id="GO_CC_2016_02_16_test_Instance_17291" type="identity">
            <class id="CL_GO_EXT:cell" label="cell"/>
            <span end="43569" id="16628246-12254" start="43565">cell</span>
        </annotation>
        <annotation annotator="" id="GO_CC_2016_02_16_Instance_100310" type="identity">
            <class id="GO:0042571" label="immunoglobulin complex, circulating"/>
            <span end="44731" id="16628246-12016" start="44721">antibodies</span>
        </annotation>
        <annotation annotator="Mike Bada, University of Colorado Anschutz Medical Campus" id="GO_CC_2016_02_16_test_Instance_17293" type="identity">
            <class id="CL_GO_EXT:cell" label="cell"/>
            <span end="45120" id="16628246-12256" start="45115">cells</span>
        </annotation>
        <annotation annotator="Mike Bada, University of Colorado Anschutz Medical Campus" id="GO_CC_2016_02_16_test_Instance_17295" type="identity">
            <class id="CL_GO_EXT:cell" label="cell"/>
            <span end="45152" id="16628246-12258" start="45148">cell</span>
        </annotation>
        <annotation annotator="Mike Bada, University of Colorado Anschutz Medical Campus" id="GO_CC_2016_02_16_test_Instance_21551" type="identity">
            <class id="CL_GO_EXT:cell" label="cell"/>
            <span end="46309" id="16628246-12338" start="46305">Cell</span>
        </annotation>
        <annotation annotator="Mike Bada, University of Colorado Anschutz Medical Campus" id="GO_CC_2016_02_16_test_Instance_21553" type="identity">
            <class id="CL_GO_EXT:cell" label="cell"/>
            <span end="46363" id="16628246-12340" start="46358">Cells</span>
        </annotation>
        <annotation annotator="Mike Bada, University of Colorado Anschutz Medical Campus" id="GO_CC_2016_02_16_test_Instance_17343" type="identity">
            <class id="CL_GO_EXT:cell" label="cell"/>
            <span end="46421" id="16628246-12306" start="46416">cells</span>
        </annotation>
        <annotation annotator="Mike Bada, University of Colorado Anschutz Medical Campus" id="GO_CC_2016_02_16_test_Instance_17297" type="identity">
            <class id="CL_GO_EXT:cell" label="cell"/>
            <span end="46631" id="16628246-12260" start="46626">cells</span>
        </annotation>
        <annotation annotator="Mike Bada, University of Colorado Anschutz Medical Campus" id="GO_CC_2016_02_16_test_Instance_17299" type="identity">
            <class id="CL_GO_EXT:cell" label="cell"/>
            <span end="46745" id="16628246-12262" start="46741">cell</span>
        </annotation>
        <annotation annotator="Mike Bada, University of Colorado Anschutz Medical Campus" id="GO_CC_2016_02_16_test_Instance_17301" type="identity">
            <class id="CL_GO_EXT:cell" label="cell"/>
            <span end="46841" id="16628246-12264" start="46836">cells</span>
        </annotation>
        <annotation annotator="Mike Bada, University of Colorado Anschutz Medical Campus" id="GO_CC_2016_02_16_test_Instance_17303" type="identity">
            <class id="CL_GO_EXT:cell" label="cell"/>
            <span end="46865" id="16628246-12266" start="46861">cell</span>
        </annotation>
        <annotation annotator="Mike Bada, University of Colorado Anschutz Medical Campus" id="GO_CC_2016_02_16_test_Instance_17305" type="identity">
            <class id="CL_GO_EXT:cell" label="cell"/>
            <span end="46926" id="16628246-12268" start="46921">cells</span>
        </annotation>
        <annotation annotator="Mike Bada, University of Colorado Anschutz Medical Campus" id="GO_CC_2016_02_16_test_Instance_17307" type="identity">
            <class id="CL_GO_EXT:cell" label="cell"/>
            <span end="47273" id="16628246-12270" start="47269">cell</span>
        </annotation>
        <annotation annotator="Mike Bada, University of Colorado Anschutz Medical Campus" id="GO_CC_2016_02_16_test_Instance_21555" type="identity">
            <class id="CL_GO_EXT:cell" label="cell"/>
            <span end="47441" id="16628246-12342" start="47436">Cells</span>
        </annotation>
        <annotation annotator="Mike Bada, University of Colorado Anschutz Medical Campus" id="GO_CC_2016_02_16_test_Instance_17345" type="identity">
            <class id="CL_GO_EXT:cell" label="cell"/>
            <span end="47468" id="16628246-12308" start="47463">cells</span>
        </annotation>
        <annotation annotator="Mike Bada, University of Colorado Anschutz Medical Campus" id="GO_CC_2016_02_16_test_Instance_21557" type="identity">
            <class id="CL_GO_EXT:cell" label="cell"/>
            <span end="47919" id="16628246-12344" start="47914">Cells</span>
        </annotation>
        <annotation annotator="Mike Bada, University of Colorado Anschutz Medical Campus" id="GO_CC_2016_02_16_test_Instance_17347" type="identity">
            <class id="CL_GO_EXT:cell" label="cell"/>
            <span end="48043" id="16628246-12310" start="48038">cells</span>
        </annotation>
        <annotation annotator="Mike Bada, University of Colorado Anschutz Medical Campus" id="GO_CC_2016_02_16_test_Instance_17309" type="identity">
            <class id="CL_GO_EXT:cell" label="cell"/>
            <span end="48477" id="16628246-12272" start="48472">cells</span>
        </annotation>
        <annotation annotator="Mike Bada, University of Colorado Anschutz Medical Campus" id="GO_CC_2016_02_16_test_Instance_17311" type="identity">
            <class id="CL_GO_EXT:cell" label="cell"/>
            <span end="48543" id="16628246-12274" start="48538">cells</span>
        </annotation>
        <annotation annotator="Mike Bada, University of Colorado Anschutz Medical Campus" id="GO_CC_2016_02_16_test_Instance_17313" type="identity">
            <class id="CL_GO_EXT:cell" label="cell"/>
            <span end="48794" id="16628246-12276" start="48790">cell</span>
        </annotation>
        <annotation annotator="" id="GO_CC_2016_02_16_Instance_100312" type="identity">
            <class id="GO:0000806" label="Y chromosome"/>
            <span end="49026" id="16628246-12018" start="49025">Y</span>
        </annotation>
        <annotation annotator="Mike Bada, University of Colorado Anschutz Medical Campus" id="GO_CC_2016_02_16_test_Instance_31509" type="identity">
            <class id="GO_SO_EXT:chromosome" label="chromosome"/>
            <span end="49175" id="16628246-12526" start="49165">chromosome</span>
        </annotation>
        <annotation annotator="Mike Bada, University of Colorado Anschutz Medical Campus" id="GO_CC_2016_02_16_test_Instance_31511" type="identity">
            <class id="GO_SO_EXT:chromosome" label="chromosome"/>
            <span end="49219" id="16628246-12528" start="49209">chromosome</span>
        </annotation>
        <annotation annotator="" id="GO_CC_2016_02_16_Instance_100314" type="identity">
            <class id="GO:0042571" label="immunoglobulin complex, circulating"/>
            <span end="49290" id="16628246-12020" start="49282">antibody</span>
        </annotation>
        <annotation annotator="Mike Bada, University of Colorado Anschutz Medical Campus" id="GO_CC_2016_02_16_test_Instance_17315" type="identity">
            <class id="CL_GO_EXT:cell" label="cell"/>
            <span end="49511" id="16628246-12278" start="49506">cells</span>
        </annotation>
        <annotation annotator="Mike Bada, University of Colorado Anschutz Medical Campus" id="GO_CC_2016_02_16_test_Instance_22057" type="identity">
            <class id="GO:0000805" label="X chromosome"/>
            <span end="49527" id="16628246-12422" start="49526">X</span>
        </annotation>
        <annotation annotator="Mike Bada, University of Colorado Anschutz Medical Campus" id="GO_CC_2016_02_16_test_Instance_22059" type="identity">
            <class id="GO:0000805" label="X chromosome"/>
            <span end="49789" id="16628246-12424" start="49788">X</span>
        </annotation>
        <annotation annotator="Mike Bada, University of Colorado Anschutz Medical Campus" id="GO_CC_2016_02_16_test_Instance_22533" type="identity">
            <class id="GO:0000805" label="X chromosome"/>
            <span end="50440" id="16628246-12464" start="50439">X</span>
        </annotation>
        <annotation annotator="Mike Bada, University of Colorado Anschutz Medical Campus" id="GO_CC_2016_02_16_test_Instance_17349" type="identity">
            <class id="CL_GO_EXT:cell" label="cell"/>
            <span end="51026" id="16628246-12312" start="51021">cells</span>
        </annotation>
        <annotation annotator="Mike Bada, University of Colorado Anschutz Medical Campus" id="GO_CC_2016_02_16_test_Instance_17351" type="identity">
            <class id="CL_GO_EXT:cell" label="cell"/>
            <span end="51314" id="16628246-12314" start="51309">cells</span>
        </annotation>
        <annotation annotator="Mike Bada, University of Colorado Anschutz Medical Campus" id="GO_CC_2016_02_16_test_Instance_17353" type="identity">
            <class id="CL_GO_EXT:cell" label="cell"/>
            <span end="51337" id="16628246-12316" start="51332">cells</span>
        </annotation>
        <annotation annotator="Mike Bada, University of Colorado Anschutz Medical Campus" id="GO_CC_2016_02_16_test_Instance_22061" type="identity">
            <class id="GO:0005840" label="ribosome"/>
            <span end="51388" id="16628246-12426" start="51379">ribosomal</span>
        </annotation>
        <annotation annotator="Mike Bada, University of Colorado Anschutz Medical Campus" id="GO_CC_2016_02_16_test_Instance_17355" type="identity">
            <class id="CL_GO_EXT:cell" label="cell"/>
            <span end="51422" id="16628246-12318" start="51418">cell</span>
        </annotation>
        <annotation annotator="" id="GO_CC_2016_02_16_Instance_101933" type="identity">
            <class id="GO:0016514" label="SWI/SNF complex"/>
            <span end="51958" id="16628246-12044" start="51951">SWI/SNF</span>
        </annotation>
        <annotation annotator="" id="GO_CC_2016_02_16_Instance_100316" type="identity">
            <class id="GO:0042571" label="immunoglobulin complex, circulating"/>
            <span end="52336" id="16628246-12022" start="52326">antibodies</span>
        </annotation>
        <annotation annotator="Mike Bada, University of Colorado Anschutz Medical Campus" id="GO_CC_2016_02_16_test_Instance_21559" type="identity">
            <class id="CL_GO_EXT:cell" label="cell"/>
            <span end="52462" id="16628246-12346" start="52457">Cells</span>
        </annotation>
        <annotation annotator="Mike Bada, University of Colorado Anschutz Medical Campus" id="GO_CC_2016_02_16_test_Instance_22065" type="identity">
            <class id="GO:0000805" label="X chromosome"/>
            <span end="53217" id="16628246-12428" start="53205">X chromosome</span>
        </annotation>
        <annotation annotator="Mike Bada, University of Colorado Anschutz Medical Campus" id="GO_CC_2016_02_16_test_Instance_17317" type="identity">
            <class id="CL_GO_EXT:cell" label="cell"/>
            <span end="53385" id="16628246-12280" start="53380">cells</span>
        </annotation>
        <annotation annotator="Mike Bada, University of Colorado Anschutz Medical Campus" id="GO_CC_2016_02_16_test_Instance_17319" type="identity">
            <class id="CL_GO_EXT:cell" label="cell"/>
            <span end="53411" id="16628246-12282" start="53407">cell</span>
        </annotation>
        <annotation annotator="Mike Bada, University of Colorado Anschutz Medical Campus" id="GO_CC_2016_02_16_test_Instance_17357" type="identity">
            <class id="CL_GO_EXT:cell" label="cell"/>
            <span end="53766" id="16628246-12320" start="53761">cells</span>
        </annotation>
        <annotation annotator="Mike Bada, University of Colorado Anschutz Medical Campus" id="GO_CC_2016_02_16_test_Instance_17359" type="identity">
            <class id="CL_GO_EXT:cell" label="cell"/>
            <span end="53792" id="16628246-12322" start="53788">cell</span>
        </annotation>
        <annotation annotator="Mike Bada, University of Colorado Anschutz Medical Campus" id="GO_CC_2016_02_16_test_Instance_17321" type="identity">
            <class id="CL_GO_EXT:cell" label="cell"/>
            <span end="54128" id="16628246-12284" start="54123">cells</span>
        </annotation>
        <annotation annotator="Mike Bada, University of Colorado Anschutz Medical Campus" id="GO_CC_2016_02_16_test_Instance_17323" type="identity">
            <class id="CL_GO_EXT:cell" label="cell"/>
            <span end="54458" id="16628246-12286" start="54454">cell</span>
        </annotation>
        <annotation annotator="" id="GO_CC_2016_02_16_Instance_100318" type="identity">
            <class id="GO:0042571" label="immunoglobulin complex, circulating"/>
            <span end="54535" id="16628246-12024" start="54527">antibody</span>
        </annotation>
        <annotation annotator="Mike Bada, University of Colorado Anschutz Medical Campus" id="GO_CC_2016_02_16_test_Instance_21561" type="identity">
            <class id="CL_GO_EXT:cell" label="cell"/>
            <span end="54735" id="16628246-12348" start="54730">Cells</span>
        </annotation>
        <annotation annotator="Mike Bada, University of Colorado Anschutz Medical Campus" id="GO_CC_2016_02_16_test_Instance_17361" type="identity">
            <class id="CL_GO_EXT:cell" label="cell"/>
            <span end="54801" id="16628246-12324" start="54796">cells</span>
        </annotation>
        <annotation annotator="Mike Bada, University of Colorado Anschutz Medical Campus" id="GO_CC_2016_02_16_test_Instance_17325" type="identity">
            <class id="CL_GO_EXT:cell" label="cell"/>
            <span end="54950" id="16628246-12288" start="54945">cells</span>
        </annotation>
        <annotation annotator="Mike Bada, University of Colorado Anschutz Medical Campus" id="GO_CC_2016_02_16_test_Instance_17327" type="identity">
            <class id="CL_GO_EXT:cell" label="cell"/>
            <span end="55764" id="16628246-12290" start="55759">cells</span>
        </annotation>
        <annotation annotator="Mike Bada, University of Colorado Anschutz Medical Campus" id="GO_CC_2016_02_16_test_Instance_17363" type="identity">
            <class id="CL_GO_EXT:cell" label="cell"/>
            <span end="56591" id="16628246-12326" start="56587">cell</span>
        </annotation>
        <annotation annotator="Mike Bada, University of Colorado Anschutz Medical Campus" id="GO_CC_2016_02_16_test_Instance_17329" type="identity">
            <class id="CL_GO_EXT:cell" label="cell"/>
            <span end="56725" id="16628246-12292" start="56720">cells</span>
        </annotation>
        <annotation annotator="Mike Bada, University of Colorado Anschutz Medical Campus" id="GO_CC_2016_02_16_test_Instance_22069" type="identity">
            <class id="GO:0000806" label="Y chromosome"/>
            <span end="57347" id="16628246-12430" start="57335">Y chromosome</span>
        </annotation>
        <annotation annotator="" id="GO_CC_2016_02_16_Instance_100320" type="identity">
            <class id="GO:0042571" label="immunoglobulin complex, circulating"/>
            <span end="57594" id="16628246-12026" start="57586">antibody</span>
        </annotation>
        <annotation annotator="Mike Bada, University of Colorado Anschutz Medical Campus" id="GO_CC_2016_02_16_test_Instance_17331" type="identity">
            <class id="CL_GO_EXT:cell" label="cell"/>
            <span end="58009" id="16628246-12294" start="58005">cell</span>
        </annotation>
        <annotation annotator="Mike Bada, University of Colorado Anschutz Medical Campus" id="GO_CC_2016_02_16_test_Instance_17365" type="identity">
            <class id="CL_GO_EXT:cell" label="cell"/>
            <span end="58472" id="16628246-12328" start="58467">cells</span>
        </annotation>
        <annotation annotator="" id="GO_CC_2016_02_16_Instance_100322" type="identity">
            <class id="GO:0042571" label="immunoglobulin complex, circulating"/>
            <span end="58638" id="16628246-12028" start="58630">antibody</span>
        </annotation>
        <annotation annotator="" id="GO_CC_2016_02_16_Instance_100324" type="identity">
            <class id="GO:0042571" label="immunoglobulin complex, circulating"/>
            <span end="58890" id="16628246-12030" start="58882">antibody</span>
        </annotation>
        <annotation annotator="" id="GO_CC_2016_02_16_Instance_100326" type="identity">
            <class id="GO:0000806" label="Y chromosome"/>
            <span end="59847" id="16628246-12032" start="59846">Y</span>
        </annotation>
        <annotation annotator="" id="GO_CC_2016_02_16_Instance_100328" type="identity">
            <class id="GO:0042571" label="immunoglobulin complex, circulating"/>
            <span end="60094" id="16628246-12034" start="60086">antibody</span>
        </annotation>
        <annotation annotator="" id="GO_CC_2016_02_16_Instance_100330" type="identity">
            <class id="GO:0042571" label="immunoglobulin complex, circulating"/>
            <span end="60215" id="16628246-12036" start="60207">antibody</span>
        </annotation>
        <annotation annotator="Mike Bada, University of Colorado Anschutz Medical Campus" id="GO_CC_2016_02_16_test_Instance_17333" type="identity">
            <class id="CL_GO_EXT:cell" label="cell"/>
            <span end="60363" id="16628246-12296" start="60359">cell</span>
        </annotation>
        <annotation annotator="" id="GO_CC_2016_02_16_Instance_100332" type="identity">
            <class id="GO:0000806" label="Y chromosome"/>
            <span end="60632" id="16628246-12038" start="60631">Y</span>
        </annotation>
        <annotation annotator="" id="GO_CC_2016_02_16_Instance_100334" type="identity">
            <class id="GO:0042571" label="immunoglobulin complex, circulating"/>
            <span end="60753" id="16628246-12040" start="60745">antibody</span>
        </annotation>
        <annotation annotator="Mike Bada, University of Colorado Anschutz Medical Campus" id="GO_CC_2016_02_16_test_Instance_22085" type="identity">
            <class id="GO:0000805" label="X chromosome"/>
            <span end="61920" id="16628246-12432" start="61919">X</span>
        </annotation>
        <graph-space id="Old Knowtator Relations"/>
    </document>
</knowtator-project>
