<?xml version="1.0" encoding="UTF-8" standalone="no"?>
<knowtator-project>
  <document id="16700629" text-file="16700629.txt">
    <annotation annotator="Mike Bada, University of Colorado Anschutz Medical Campus" id="GO_CC_2016_02_16_test_Instance_17623" type="identity">
      <class id="CL_GO_EXT:cell" label="cell"/>
      <span end="293" id="16700629-12834" start="288">cells</span>
    </annotation>
    <annotation annotator="Mike Bada, University of Colorado Anschutz Medical Campus" id="GO_CC_2016_02_16_test_Instance_17369" type="identity">
      <class id="CL_GO_EXT:cell" label="cell"/>
      <span end="1956" id="16700629-12582" start="1951">cells</span>
    </annotation>
    <annotation annotator="Mike Bada, University of Colorado Anschutz Medical Campus" id="GO_CC_2016_02_16_test_Instance_17371" type="identity">
      <class id="CL_GO_EXT:cell" label="cell"/>
      <span end="1974" id="16700629-12584" start="1969">cells</span>
    </annotation>
    <annotation annotator="Mike Bada, University of Colorado Anschutz Medical Campus" id="GO_CC_2016_02_16_test_Instance_17373" type="identity">
      <class id="CL_GO_EXT:cell" label="cell"/>
      <span end="2026" id="16700629-12586" start="2021">cells</span>
    </annotation>
    <annotation annotator="Mike Bada, University of Colorado Anschutz Medical Campus" id="GO_CC_2016_02_16_test_Instance_17375" type="identity">
      <class id="CL_GO_EXT:cell" label="cell"/>
      <span end="2159" id="16700629-12588" start="2154">cells</span>
    </annotation>
    <annotation annotator="" id="GO_CC_2016_02_16_Instance_200076" type="identity">
      <class id="GO_SO_EXT:chromosomal_part_or_position_or_region_or_site" label="chromosomal part/position/region/site"/>
      <span end="2391" id="16700629-12579" start="2382">region on</span>
      <span end="2408" id="16700629-12580" start="2398">chromosome</span>
    </annotation>
    <annotation annotator="Mike Bada, University of Colorado Anschutz Medical Campus" id="GO_CC_2016_02_16_test_Instance_31519" type="identity">
      <class id="GO:0000805" label="X chromosome"/>
      <span end="2408" id="16700629-12886" start="2396">X chromosome</span>
    </annotation>
    <annotation annotator="Mike Bada, University of Colorado Anschutz Medical Campus" id="GO_CC_2016_02_16_test_Instance_17377" type="identity">
      <class id="CL_GO_EXT:cell" label="cell"/>
      <span end="2882" id="16700629-12590" start="2878">cell</span>
    </annotation>
    <annotation annotator="Mike Bada, University of Colorado Anschutz Medical Campus" id="GO_CC_2016_02_16_test_Instance_17379" type="identity">
      <class id="CL_GO_EXT:cell" label="cell"/>
      <span end="3094" id="16700629-12592" start="3089">cells</span>
    </annotation>
    <annotation annotator="Mike Bada, University of Colorado Anschutz Medical Campus" id="GO_CC_2016_02_16_test_Instance_17381" type="identity">
      <class id="CL_GO_EXT:cell" label="cell"/>
      <span end="3185" id="16700629-12594" start="3181">cell</span>
    </annotation>
    <annotation annotator="Mike Bada, University of Colorado Anschutz Medical Campus" id="GO_CC_2016_02_16_test_Instance_21839" type="identity">
      <class id="GO:0000806" label="Y chromosome"/>
      <span end="3223" id="16700629-12864" start="3211">Y chromosome</span>
    </annotation>
    <annotation annotator="Mike Bada, University of Colorado Anschutz Medical Campus" id="GO_CC_2016_02_16_test_Instance_17383" type="identity">
      <class id="CL_GO_EXT:cell" label="cell"/>
      <span end="3390" id="16700629-12596" start="3385">cells</span>
    </annotation>
    <annotation annotator="Mike Bada, University of Colorado Anschutz Medical Campus" id="GO_CC_2016_02_16_test_Instance_17385" type="identity">
      <class id="CL_GO_EXT:cell" label="cell"/>
      <span end="3636" id="16700629-12598" start="3632">cell</span>
    </annotation>
    <annotation annotator="Mike Bada, University of Colorado Anschutz Medical Campus" id="GO_CC_2016_02_16_test_Instance_17387" type="identity">
      <class id="CL_GO_EXT:cell" label="cell"/>
      <span end="3690" id="16700629-12600" start="3685">cells</span>
    </annotation>
    <annotation annotator="Mike Bada, University of Colorado Anschutz Medical Campus" id="GO_CC_2016_02_16_test_Instance_17389" type="identity">
      <class id="CL_GO_EXT:cell" label="cell"/>
      <span end="3754" id="16700629-12602" start="3749">cells</span>
    </annotation>
    <annotation annotator="Mike Bada, University of Colorado Anschutz Medical Campus" id="GO_CC_2016_02_16_test_Instance_17391" type="identity">
      <class id="CL_GO_EXT:cell" label="cell"/>
      <span end="3784" id="16700629-12604" start="3779">cells</span>
    </annotation>
    <annotation annotator="Mike Bada, University of Colorado Anschutz Medical Campus" id="GO_CC_2016_02_16_test_Instance_17393" type="identity">
      <class id="CL_GO_EXT:cell" label="cell"/>
      <span end="3803" id="16700629-12606" start="3799">cell</span>
    </annotation>
    <annotation annotator="Mike Bada, University of Colorado Anschutz Medical Campus" id="GO_CC_2016_02_16_test_Instance_17395" type="identity">
      <class id="CL_GO_EXT:cell" label="cell"/>
      <span end="3863" id="16700629-12608" start="3859">cell</span>
    </annotation>
    <annotation annotator="Mike Bada, University of Colorado Anschutz Medical Campus" id="GO_CC_2016_02_16_test_Instance_17397" type="identity">
      <class id="CL_GO_EXT:cell" label="cell"/>
      <span end="3881" id="16700629-12610" start="3877">cell</span>
    </annotation>
    <annotation annotator="Mike Bada, University of Colorado Anschutz Medical Campus" id="GO_CC_2016_02_16_test_Instance_17399" type="identity">
      <class id="CL_GO_EXT:cell" label="cell"/>
      <span end="4002" id="16700629-12612" start="3997">cells</span>
    </annotation>
    <annotation annotator="Mike Bada, University of Colorado Anschutz Medical Campus" id="GO_CC_2016_02_16_test_Instance_17401" type="identity">
      <class id="CL_GO_EXT:cell" label="cell"/>
      <span end="4326" id="16700629-12614" start="4322">cell</span>
    </annotation>
    <annotation annotator="Mike Bada, University of Colorado Anschutz Medical Campus" id="GO_CC_2016_02_16_test_Instance_17403" type="identity">
      <class id="CL_GO_EXT:cell" label="cell"/>
      <span end="4902" id="16700629-12616" start="4897">cells</span>
    </annotation>
    <annotation annotator="Mike Bada, University of Colorado Anschutz Medical Campus" id="GO_CC_2016_02_16_test_Instance_17405" type="identity">
      <class id="CL_GO_EXT:cell" label="cell"/>
      <span end="5006" id="16700629-12618" start="5001">cells</span>
    </annotation>
    <annotation annotator="Mike Bada, University of Colorado Anschutz Medical Campus" id="GO_CC_2016_02_16_test_Instance_17407" type="identity">
      <class id="CL_GO_EXT:cell" label="cell"/>
      <span end="5049" id="16700629-12620" start="5044">cells</span>
    </annotation>
    <annotation annotator="Mike Bada, University of Colorado Anschutz Medical Campus" id="GO_CC_2016_02_16_test_Instance_17409" type="identity">
      <class id="CL_GO_EXT:cell" label="cell"/>
      <span end="5124" id="16700629-12622" start="5120">cell</span>
    </annotation>
    <annotation annotator="Mike Bada, University of Colorado Anschutz Medical Campus" id="GO_CC_2016_02_16_test_Instance_22091" type="identity">
      <class id="GO:0005576" label="extracellular region"/>
      <span end="5434" id="16700629-12866" start="5421">extracellular</span>
    </annotation>
    <annotation annotator="Mike Bada, University of Colorado Anschutz Medical Campus" id="GO_CC_2016_02_16_test_Instance_17411" type="identity">
      <class id="CL_GO_EXT:cell" label="cell"/>
      <span end="5645" id="16700629-12624" start="5637">cellular</span>
    </annotation>
    <annotation annotator="Mike Bada, University of Colorado Anschutz Medical Campus" id="GO_CC_2016_02_16_test_Instance_17413" type="identity">
      <class id="CL_GO_EXT:cell" label="cell"/>
      <span end="5668" id="16700629-12626" start="5664">cell</span>
    </annotation>
    <annotation annotator="Mike Bada, University of Colorado Anschutz Medical Campus" id="GO_CC_2016_02_16_test_Instance_17415" type="identity">
      <class id="CL_GO_EXT:cell" label="cell"/>
      <span end="5700" id="16700629-12628" start="5696">cell</span>
    </annotation>
    <annotation annotator="Mike Bada, University of Colorado Anschutz Medical Campus" id="GO_CC_2016_02_16_test_Instance_17417" type="identity">
      <class id="CL_GO_EXT:cell" label="cell"/>
      <span end="5775" id="16700629-12630" start="5770">cells</span>
    </annotation>
    <annotation annotator="Mike Bada, University of Colorado Anschutz Medical Campus" id="GO_CC_2016_02_16_test_Instance_17419" type="identity">
      <class id="CL_GO_EXT:cell" label="cell"/>
      <span end="6209" id="16700629-12632" start="6204">cells</span>
    </annotation>
    <annotation annotator="Mike Bada, University of Colorado Anschutz Medical Campus" id="GO_CC_2016_02_16_test_Instance_17421" type="identity">
      <class id="CL_GO_EXT:cell" label="cell"/>
      <span end="6384" id="16700629-12634" start="6380">cell</span>
    </annotation>
    <annotation annotator="Mike Bada, University of Colorado Anschutz Medical Campus" id="GO_CC_2016_02_16_test_Instance_17423" type="identity">
      <class id="CL_GO_EXT:cell" label="cell"/>
      <span end="7132" id="16700629-12636" start="7127">cells</span>
    </annotation>
    <annotation annotator="Mike Bada, University of Colorado Anschutz Medical Campus" id="GO_CC_2016_02_16_test_Instance_22295" type="identity">
      <class id="GO:0000806" label="Y chromosome"/>
      <span end="7498" id="16700629-12868" start="7497">Y</span>
    </annotation>
    <annotation annotator="Mike Bada, University of Colorado Anschutz Medical Campus" id="GO_CC_2016_02_16_test_Instance_17425" type="identity">
      <class id="CL_GO_EXT:cell" label="cell"/>
      <span end="7795" id="16700629-12638" start="7787">cellular</span>
    </annotation>
    <annotation annotator="" id="GO_CC_2016_02_16_Instance_100344" type="identity">
      <class id="GO:0042571" label="immunoglobulin complex, circulating"/>
      <span end="7925" id="16700629-12554" start="7917">antibody</span>
    </annotation>
    <annotation annotator="Mike Bada, University of Colorado Anschutz Medical Campus" id="GO_CC_2016_02_16_test_Instance_17427" type="identity">
      <class id="CL_GO_EXT:cell" label="cell"/>
      <span end="8175" id="16700629-12640" start="8170">cells</span>
    </annotation>
    <annotation annotator="Mike Bada, University of Colorado Anschutz Medical Campus" id="GO_CC_2016_02_16_test_Instance_17429" type="identity">
      <class id="CL_GO_EXT:cell" label="cell"/>
      <span end="8215" id="16700629-12642" start="8210">cells</span>
    </annotation>
    <annotation annotator="Mike Bada, University of Colorado Anschutz Medical Campus" id="GO_CC_2016_02_16_test_Instance_17431" type="identity">
      <class id="CL_GO_EXT:cell" label="cell"/>
      <span end="8401" id="16700629-12644" start="8396">cells</span>
    </annotation>
    <annotation annotator="Mike Bada, University of Colorado Anschutz Medical Campus" id="GO_CC_2016_02_16_test_Instance_17433" type="identity">
      <class id="CL_GO_EXT:cell" label="cell"/>
      <span end="8430" id="16700629-12646" start="8425">cells</span>
    </annotation>
    <annotation annotator="Mike Bada, University of Colorado Anschutz Medical Campus" id="GO_CC_2016_02_16_test_Instance_21065" type="identity">
      <class id="GO:0005886" label="plasma membrane"/>
      <span end="8462" id="16700629-12848" start="8449">cell membrane</span>
    </annotation>
    <annotation annotator="Mike Bada, University of Colorado Anschutz Medical Campus" id="GO_CC_2016_02_16_test_Instance_17437" type="identity">
      <class id="CL_GO_EXT:cell" label="cell"/>
      <span end="8495" id="16700629-12648" start="8491">cell</span>
    </annotation>
    <annotation annotator="Mike Bada, University of Colorado Anschutz Medical Campus" id="GO_CC_2016_02_16_test_Instance_17439" type="identity">
      <class id="CL_GO_EXT:cell" label="cell"/>
      <span end="8689" id="16700629-12650" start="8684">cells</span>
    </annotation>
    <annotation annotator="Mike Bada, University of Colorado Anschutz Medical Campus" id="GO_CC_2016_02_16_test_Instance_17441" type="identity">
      <class id="CL_GO_EXT:cell" label="cell"/>
      <span end="8841" id="16700629-12652" start="8836">cells</span>
    </annotation>
    <annotation annotator="Mike Bada, University of Colorado Anschutz Medical Campus" id="GO_CC_2016_02_16_test_Instance_17443" type="identity">
      <class id="CL_GO_EXT:cell" label="cell"/>
      <span end="8908" id="16700629-12654" start="8903">cells</span>
    </annotation>
    <annotation annotator="Mike Bada, University of Colorado Anschutz Medical Campus" id="GO_CC_2016_02_16_test_Instance_17445" type="identity">
      <class id="CL_GO_EXT:cell" label="cell"/>
      <span end="8980" id="16700629-12656" start="8975">cells</span>
    </annotation>
    <annotation annotator="Mike Bada, University of Colorado Anschutz Medical Campus" id="GO_CC_2016_02_16_test_Instance_31521" type="identity">
      <class id="GO:0005634" label="nucleus"/>
      <span end="9958" id="16700629-12888" start="9951">nucleus</span>
    </annotation>
    <annotation annotator="Mike Bada, University of Colorado Anschutz Medical Campus" id="GO_CC_2016_02_16_test_Instance_31523" type="identity">
      <class id="GO:0005622" label="intracellular"/>
      <span end="10024" id="16700629-12890" start="10011">intracellular</span>
    </annotation>
    <annotation annotator="Mike Bada, University of Colorado Anschutz Medical Campus" id="GO_CC_2016_02_16_test_Instance_31525" type="identity">
      <class id="GO:0005622" label="intracellular"/>
      <span end="10255" id="16700629-12892" start="10242">intracellular</span>
    </annotation>
    <annotation annotator="" id="GO_CC_2016_02_16_Instance_100346" type="identity">
      <class id="GO:0042571" label="immunoglobulin complex, circulating"/>
      <span end="10302" id="16700629-12556" start="10294">antibody</span>
    </annotation>
    <annotation annotator="Mike Bada, University of Colorado Anschutz Medical Campus" id="GO_CC_2016_02_16_test_Instance_22301" type="identity">
      <class id="GO:0005634" label="nucleus"/>
      <span end="10344" id="16700629-12870" start="10337">nuclear</span>
    </annotation>
    <annotation annotator="Mike Bada, University of Colorado Anschutz Medical Campus" id="GO_CC_2016_02_16_test_Instance_17447" type="identity">
      <class id="CL_GO_EXT:cell" label="cell"/>
      <span end="11408" id="16700629-12658" start="11404">cell</span>
    </annotation>
    <annotation annotator="Mike Bada, University of Colorado Anschutz Medical Campus" id="GO_CC_2016_02_16_test_Instance_17449" type="identity">
      <class id="CL_GO_EXT:cell" label="cell"/>
      <span end="11515" id="16700629-12660" start="11511">cell</span>
    </annotation>
    <annotation annotator="Mike Bada, University of Colorado Anschutz Medical Campus" id="GO_CC_2016_02_16_test_Instance_17451" type="identity">
      <class id="CL_GO_EXT:cell" label="cell"/>
      <span end="11530" id="16700629-12662" start="11525">cells</span>
    </annotation>
    <annotation annotator="Mike Bada, University of Colorado Anschutz Medical Campus" id="GO_CC_2016_02_16_test_Instance_22303" type="identity">
      <class id="GO:0031012" label="extracellular matrix"/>
      <span end="11623" id="16700629-12872" start="11603">extracellular matrix</span>
    </annotation>
    <annotation annotator="" id="GO_CC_2016_02_16_Instance_100348" type="identity">
      <class id="GO:0042571" label="immunoglobulin complex, circulating"/>
      <span end="11770" id="16700629-12558" start="11762">antibody</span>
    </annotation>
    <annotation annotator="Mike Bada, University of Colorado Anschutz Medical Campus" id="GO_CC_2016_02_16_test_Instance_17453" type="identity">
      <class id="CL_GO_EXT:cell" label="cell"/>
      <span end="11799" id="16700629-12664" start="11794">cells</span>
    </annotation>
    <annotation annotator="Mike Bada, University of Colorado Anschutz Medical Campus" id="GO_CC_2016_02_16_test_Instance_17455" type="identity">
      <class id="CL_GO_EXT:cell" label="cell"/>
      <span end="11820" id="16700629-12666" start="11815">cells</span>
    </annotation>
    <annotation annotator="Mike Bada, University of Colorado Anschutz Medical Campus" id="GO_CC_2016_02_16_test_Instance_17457" type="identity">
      <class id="CL_GO_EXT:cell" label="cell"/>
      <span end="11851" id="16700629-12668" start="11847">cell</span>
    </annotation>
    <annotation annotator="Mike Bada, University of Colorado Anschutz Medical Campus" id="GO_CC_2016_02_16_test_Instance_17459" type="identity">
      <class id="CL_GO_EXT:cell" label="cell"/>
      <span end="11876" id="16700629-12670" start="11872">cell</span>
    </annotation>
    <annotation annotator="Mike Bada, University of Colorado Anschutz Medical Campus" id="GO_CC_2016_02_16_test_Instance_17461" type="identity">
      <class id="CL_GO_EXT:cell" label="cell"/>
      <span end="11905" id="16700629-12672" start="11900">cells</span>
    </annotation>
    <annotation annotator="Mike Bada, University of Colorado Anschutz Medical Campus" id="GO_CC_2016_02_16_test_Instance_17463" type="identity">
      <class id="CL_GO_EXT:cell" label="cell"/>
      <span end="12020" id="16700629-12674" start="12015">cells</span>
    </annotation>
    <annotation annotator="Mike Bada, University of Colorado Anschutz Medical Campus" id="GO_CC_2016_02_16_test_Instance_17465" type="identity">
      <class id="CL_GO_EXT:cell" label="cell"/>
      <span end="12229" id="16700629-12676" start="12224">cells</span>
    </annotation>
    <annotation annotator="Mike Bada, University of Colorado Anschutz Medical Campus" id="GO_CC_2016_02_16_test_Instance_31527" type="identity">
      <class id="GO:0031012" label="extracellular matrix"/>
      <span end="12463" id="16700629-12894" start="12443">extracellular matrix</span>
    </annotation>
    <annotation annotator="Mike Bada, University of Colorado Anschutz Medical Campus" id="GO_CC_2016_02_16_test_Instance_17467" type="identity">
      <class id="CL_GO_EXT:cell" label="cell"/>
      <span end="12696" id="16700629-12678" start="12691">cells</span>
    </annotation>
    <annotation annotator="Mike Bada, University of Colorado Anschutz Medical Campus" id="GO_CC_2016_02_16_test_Instance_17469" type="identity">
      <class id="CL_GO_EXT:cell" label="cell"/>
      <span end="12895" id="16700629-12680" start="12890">cells</span>
    </annotation>
    <annotation annotator="Mike Bada, University of Colorado Anschutz Medical Campus" id="GO_CC_2016_02_16_test_Instance_17471" type="identity">
      <class id="CL_GO_EXT:cell" label="cell"/>
      <span end="13313" id="16700629-12682" start="13308">cells</span>
    </annotation>
    <annotation annotator="Mike Bada, University of Colorado Anschutz Medical Campus" id="GO_CC_2016_02_16_test_Instance_22311" type="identity">
      <class id="GO:0005634" label="nucleus"/>
      <span end="13381" id="16700629-12874" start="13374">nuclear</span>
    </annotation>
    <annotation annotator="Mike Bada, University of Colorado Anschutz Medical Campus" id="GO_CC_2016_02_16_test_Instance_17473" type="identity">
      <class id="CL_GO_EXT:cell" label="cell"/>
      <span end="13415" id="16700629-12684" start="13410">cells</span>
    </annotation>
    <annotation annotator="Mike Bada, University of Colorado Anschutz Medical Campus" id="GO_CC_2016_02_16_test_Instance_17475" type="identity">
      <class id="CL_GO_EXT:cell" label="cell"/>
      <span end="13665" id="16700629-12686" start="13660">cells</span>
    </annotation>
    <annotation annotator="Mike Bada, University of Colorado Anschutz Medical Campus" id="GO_CC_2016_02_16_test_Instance_17477" type="identity">
      <class id="CL_GO_EXT:cell" label="cell"/>
      <span end="13985" id="16700629-12688" start="13980">cells</span>
    </annotation>
    <annotation annotator="Mike Bada, University of Colorado Anschutz Medical Campus" id="GO_CC_2016_02_16_test_Instance_17479" type="identity">
      <class id="CL_GO_EXT:cell" label="cell"/>
      <span end="14226" id="16700629-12690" start="14221">cells</span>
    </annotation>
    <annotation annotator="Mike Bada, University of Colorado Anschutz Medical Campus" id="GO_CC_2016_02_16_test_Instance_21571" type="identity">
      <class id="CL_GO_EXT:cell" label="cell"/>
      <span end="15955" id="16700629-12858" start="15951">Cell</span>
    </annotation>
    <annotation annotator="Mike Bada, University of Colorado Anschutz Medical Campus" id="GO_CC_2016_02_16_test_Instance_17625" type="identity">
      <class id="CL_GO_EXT:cell" label="cell"/>
      <span end="16015" id="16700629-12836" start="16011">cell</span>
    </annotation>
    <annotation annotator="Mike Bada, University of Colorado Anschutz Medical Campus" id="GO_CC_2016_02_16_test_Instance_17481" type="identity">
      <class id="CL_GO_EXT:cell" label="cell"/>
      <span end="16157" id="16700629-12692" start="16153">cell</span>
    </annotation>
    <annotation annotator="Mike Bada, University of Colorado Anschutz Medical Campus" id="GO_CC_2016_02_16_test_Instance_17483" type="identity">
      <class id="CL_GO_EXT:cell" label="cell"/>
      <span end="16303" id="16700629-12694" start="16299">cell</span>
    </annotation>
    <annotation annotator="Mike Bada, University of Colorado Anschutz Medical Campus" id="GO_CC_2016_02_16_test_Instance_17485" type="identity">
      <class id="CL_GO_EXT:cell" label="cell"/>
      <span end="16358" id="16700629-12696" start="16353">cells</span>
    </annotation>
    <annotation annotator="Mike Bada, University of Colorado Anschutz Medical Campus" id="GO_CC_2016_02_16_test_Instance_17487" type="identity">
      <class id="CL_GO_EXT:cell" label="cell"/>
      <span end="16473" id="16700629-12698" start="16469">cell</span>
    </annotation>
    <annotation annotator="Mike Bada, University of Colorado Anschutz Medical Campus" id="GO_CC_2016_02_16_test_Instance_17489" type="identity">
      <class id="CL_GO_EXT:cell" label="cell"/>
      <span end="16846" id="16700629-12700" start="16841">cells</span>
    </annotation>
    <annotation annotator="Mike Bada, University of Colorado Anschutz Medical Campus" id="GO_CC_2016_02_16_test_Instance_17491" type="identity">
      <class id="CL_GO_EXT:cell" label="cell"/>
      <span end="16870" id="16700629-12702" start="16866">cell</span>
    </annotation>
    <annotation annotator="Mike Bada, University of Colorado Anschutz Medical Campus" id="GO_CC_2016_02_16_test_Instance_17493" type="identity">
      <class id="CL_GO_EXT:cell" label="cell"/>
      <span end="17138" id="16700629-12704" start="17134">cell</span>
    </annotation>
    <annotation annotator="Mike Bada, University of Colorado Anschutz Medical Campus" id="GO_CC_2016_02_16_test_Instance_17495" type="identity">
      <class id="CL_GO_EXT:cell" label="cell"/>
      <span end="17933" id="16700629-12706" start="17929">cell</span>
    </annotation>
    <annotation annotator="Mike Bada, University of Colorado Anschutz Medical Campus" id="GO_CC_2016_02_16_test_Instance_17497" type="identity">
      <class id="CL_GO_EXT:cell" label="cell"/>
      <span end="18301" id="16700629-12708" start="18297">cell</span>
    </annotation>
    <annotation annotator="Mike Bada, University of Colorado Anschutz Medical Campus" id="GO_CC_2016_02_16_test_Instance_17499" type="identity">
      <class id="CL_GO_EXT:cell" label="cell"/>
      <span end="18399" id="16700629-12710" start="18394">cells</span>
    </annotation>
    <annotation annotator="Mike Bada, University of Colorado Anschutz Medical Campus" id="GO_CC_2016_02_16_test_Instance_17501" type="identity">
      <class id="CL_GO_EXT:cell" label="cell"/>
      <span end="18477" id="16700629-12712" start="18473">cell</span>
    </annotation>
    <annotation annotator="Mike Bada, University of Colorado Anschutz Medical Campus" id="GO_CC_2016_02_16_test_Instance_17503" type="identity">
      <class id="CL_GO_EXT:cell" label="cell"/>
      <span end="18501" id="16700629-12714" start="18496">cells</span>
    </annotation>
    <annotation annotator="Mike Bada, University of Colorado Anschutz Medical Campus" id="GO_CC_2016_02_16_test_Instance_17505" type="identity">
      <class id="CL_GO_EXT:cell" label="cell"/>
      <span end="18632" id="16700629-12716" start="18628">cell</span>
    </annotation>
    <annotation annotator="Mike Bada, University of Colorado Anschutz Medical Campus" id="GO_CC_2016_02_16_test_Instance_17507" type="identity">
      <class id="CL_GO_EXT:cell" label="cell"/>
      <span end="18822" id="16700629-12718" start="18818">cell</span>
    </annotation>
    <annotation annotator="Mike Bada, University of Colorado Anschutz Medical Campus" id="GO_CC_2016_02_16_test_Instance_17509" type="identity">
      <class id="CL_GO_EXT:cell" label="cell"/>
      <span end="19027" id="16700629-12720" start="19022">cells</span>
    </annotation>
    <annotation annotator="" id="GO_CC_2016_02_16_Instance_100350" type="identity">
      <class id="GO:0042571" label="immunoglobulin complex, circulating"/>
      <span end="20840" id="16700629-12560" start="20832">antibody</span>
    </annotation>
    <annotation annotator="" id="GO_CC_2016_02_16_Instance_100352" type="identity">
      <class id="GO:0042571" label="immunoglobulin complex, circulating"/>
      <span end="21239" id="16700629-12562" start="21231">antibody</span>
    </annotation>
    <annotation annotator="Mike Bada, University of Colorado Anschutz Medical Campus" id="GO_CC_2016_02_16_test_Instance_17511" type="identity">
      <class id="CL_GO_EXT:cell" label="cell"/>
      <span end="21708" id="16700629-12722" start="21704">cell</span>
    </annotation>
    <annotation annotator="Mike Bada, University of Colorado Anschutz Medical Campus" id="GO_CC_2016_02_16_test_Instance_17627" type="identity">
      <class id="CL_GO_EXT:cell" label="cell"/>
      <span end="22105" id="16700629-12838" start="22100">cells</span>
    </annotation>
    <annotation annotator="Mike Bada, University of Colorado Anschutz Medical Campus" id="GO_CC_2016_02_16_test_Instance_17629" type="identity">
      <class id="CL_GO_EXT:cell" label="cell"/>
      <span end="22172" id="16700629-12840" start="22168">cell</span>
    </annotation>
    <annotation annotator="Mike Bada, University of Colorado Anschutz Medical Campus" id="GO_CC_2016_02_16_test_Instance_17631" type="identity">
      <class id="CL_GO_EXT:cell" label="cell"/>
      <span end="22222" id="16700629-12842" start="22217">cells</span>
    </annotation>
    <annotation annotator="Mike Bada, University of Colorado Anschutz Medical Campus" id="GO_CC_2016_02_16_test_Instance_17633" type="identity">
      <class id="CL_GO_EXT:cell" label="cell"/>
      <span end="22239" id="16700629-12844" start="22234">cells</span>
    </annotation>
    <annotation annotator="Mike Bada, University of Colorado Anschutz Medical Campus" id="GO_CC_2016_02_16_test_Instance_17513" type="identity">
      <class id="CL_GO_EXT:cell" label="cell"/>
      <span end="22268" id="16700629-12724" start="22263">cells</span>
    </annotation>
    <annotation annotator="Mike Bada, University of Colorado Anschutz Medical Campus" id="GO_CC_2016_02_16_test_Instance_17515" type="identity">
      <class id="CL_GO_EXT:cell" label="cell"/>
      <span end="22439" id="16700629-12726" start="22434">cells</span>
    </annotation>
    <annotation annotator="Mike Bada, University of Colorado Anschutz Medical Campus" id="GO_CC_2016_02_16_test_Instance_17517" type="identity">
      <class id="CL_GO_EXT:cell" label="cell"/>
      <span end="22479" id="16700629-12728" start="22475">cell</span>
    </annotation>
    <annotation annotator="Mike Bada, University of Colorado Anschutz Medical Campus" id="GO_CC_2016_02_16_test_Instance_17519" type="identity">
      <class id="CL_GO_EXT:cell" label="cell"/>
      <span end="22533" id="16700629-12730" start="22529">cell</span>
    </annotation>
    <annotation annotator="Mike Bada, University of Colorado Anschutz Medical Campus" id="GO_CC_2016_02_16_test_Instance_17521" type="identity">
      <class id="CL_GO_EXT:cell" label="cell"/>
      <span end="22684" id="16700629-12732" start="22680">cell</span>
    </annotation>
    <annotation annotator="Mike Bada, University of Colorado Anschutz Medical Campus" id="GO_CC_2016_02_16_test_Instance_17523" type="identity">
      <class id="CL_GO_EXT:cell" label="cell"/>
      <span end="22765" id="16700629-12734" start="22760">cells</span>
    </annotation>
    <annotation annotator="Mike Bada, University of Colorado Anschutz Medical Campus" id="GO_CC_2016_02_16_test_Instance_17525" type="identity">
      <class id="CL_GO_EXT:cell" label="cell"/>
      <span end="22882" id="16700629-12736" start="22878">cell</span>
    </annotation>
    <annotation annotator="Mike Bada, University of Colorado Anschutz Medical Campus" id="GO_CC_2016_02_16_test_Instance_17527" type="identity">
      <class id="CL_GO_EXT:cell" label="cell"/>
      <span end="22921" id="16700629-12738" start="22917">cell</span>
    </annotation>
    <annotation annotator="Mike Bada, University of Colorado Anschutz Medical Campus" id="GO_CC_2016_02_16_test_Instance_17529" type="identity">
      <class id="CL_GO_EXT:cell" label="cell"/>
      <span end="23082" id="16700629-12740" start="23077">cells</span>
    </annotation>
    <annotation annotator="Mike Bada, University of Colorado Anschutz Medical Campus" id="GO_CC_2016_02_16_test_Instance_17531" type="identity">
      <class id="CL_GO_EXT:cell" label="cell"/>
      <span end="23169" id="16700629-12742" start="23164">cells</span>
    </annotation>
    <annotation annotator="Mike Bada, University of Colorado Anschutz Medical Campus" id="GO_CC_2016_02_16_test_Instance_17533" type="identity">
      <class id="CL_GO_EXT:cell" label="cell"/>
      <span end="23380" id="16700629-12744" start="23376">cell</span>
    </annotation>
    <annotation annotator="Mike Bada, University of Colorado Anschutz Medical Campus" id="GO_CC_2016_02_16_test_Instance_17535" type="identity">
      <class id="CL_GO_EXT:cell" label="cell"/>
      <span end="23546" id="16700629-12746" start="23541">cells</span>
    </annotation>
    <annotation annotator="Mike Bada, University of Colorado Anschutz Medical Campus" id="GO_CC_2016_02_16_test_Instance_17537" type="identity">
      <class id="CL_GO_EXT:cell" label="cell"/>
      <span end="23555" id="16700629-12748" start="23551">cell</span>
    </annotation>
    <annotation annotator="Mike Bada, University of Colorado Anschutz Medical Campus" id="GO_CC_2016_02_16_test_Instance_17539" type="identity">
      <class id="CL_GO_EXT:cell" label="cell"/>
      <span end="23695" id="16700629-12750" start="23691">cell</span>
    </annotation>
    <annotation annotator="Mike Bada, University of Colorado Anschutz Medical Campus" id="GO_CC_2016_02_16_test_Instance_17541" type="identity">
      <class id="CL_GO_EXT:cell" label="cell"/>
      <span end="23808" id="16700629-12752" start="23804">cell</span>
    </annotation>
    <annotation annotator="Mike Bada, University of Colorado Anschutz Medical Campus" id="GO_CC_2016_02_16_test_Instance_17543" type="identity">
      <class id="CL_GO_EXT:cell" label="cell"/>
      <span end="23884" id="16700629-12754" start="23880">cell</span>
    </annotation>
    <annotation annotator="Mike Bada, University of Colorado Anschutz Medical Campus" id="GO_CC_2016_02_16_test_Instance_17545" type="identity">
      <class id="CL_GO_EXT:cell" label="cell"/>
      <span end="23908" id="16700629-12756" start="23904">cell</span>
    </annotation>
    <annotation annotator="Mike Bada, University of Colorado Anschutz Medical Campus" id="GO_CC_2016_02_16_test_Instance_17547" type="identity">
      <class id="CL_GO_EXT:cell" label="cell"/>
      <span end="24014" id="16700629-12758" start="24009">cells</span>
    </annotation>
    <annotation annotator="Mike Bada, University of Colorado Anschutz Medical Campus" id="GO_CC_2016_02_16_test_Instance_17549" type="identity">
      <class id="CL_GO_EXT:cell" label="cell"/>
      <span end="24080" id="16700629-12760" start="24076">cell</span>
    </annotation>
    <annotation annotator="Mike Bada, University of Colorado Anschutz Medical Campus" id="GO_CC_2016_02_16_test_Instance_17551" type="identity">
      <class id="CL_GO_EXT:cell" label="cell"/>
      <span end="24269" id="16700629-12762" start="24264">cells</span>
    </annotation>
    <annotation annotator="Mike Bada, University of Colorado Anschutz Medical Campus" id="GO_CC_2016_02_16_test_Instance_17553" type="identity">
      <class id="CL_GO_EXT:cell" label="cell"/>
      <span end="24373" id="16700629-12764" start="24368">cells</span>
    </annotation>
    <annotation annotator="Mike Bada, University of Colorado Anschutz Medical Campus" id="GO_CC_2016_02_16_test_Instance_17555" type="identity">
      <class id="CL_GO_EXT:cell" label="cell"/>
      <span end="24561" id="16700629-12766" start="24557">cell</span>
    </annotation>
    <annotation annotator="Mike Bada, University of Colorado Anschutz Medical Campus" id="GO_CC_2016_02_16_test_Instance_17557" type="identity">
      <class id="CL_GO_EXT:cell" label="cell"/>
      <span end="24602" id="16700629-12768" start="24597">cells</span>
    </annotation>
    <annotation annotator="Mike Bada, University of Colorado Anschutz Medical Campus" id="GO_CC_2016_02_16_test_Instance_17559" type="identity">
      <class id="CL_GO_EXT:cell" label="cell"/>
      <span end="24824" id="16700629-12770" start="24820">cell</span>
    </annotation>
    <annotation annotator="Mike Bada, University of Colorado Anschutz Medical Campus" id="GO_CC_2016_02_16_test_Instance_17561" type="identity">
      <class id="CL_GO_EXT:cell" label="cell"/>
      <span end="25061" id="16700629-12772" start="25056">cells</span>
    </annotation>
    <annotation annotator="Mike Bada, University of Colorado Anschutz Medical Campus" id="GO_CC_2016_02_16_test_Instance_17563" type="identity">
      <class id="CL_GO_EXT:cell" label="cell"/>
      <span end="25338" id="16700629-12774" start="25334">cell</span>
    </annotation>
    <annotation annotator="Mike Bada, University of Colorado Anschutz Medical Campus" id="GO_CC_2016_02_16_test_Instance_17565" type="identity">
      <class id="CL_GO_EXT:cell" label="cell"/>
      <span end="25648" id="16700629-12776" start="25644">cell</span>
    </annotation>
    <annotation annotator="Mike Bada, University of Colorado Anschutz Medical Campus" id="GO_CC_2016_02_16_test_Instance_31529" type="identity">
      <class id="GO:0005622" label="intracellular"/>
      <span end="26397" id="16700629-12896" start="26384">intracellular</span>
    </annotation>
    <annotation annotator="Mike Bada, University of Colorado Anschutz Medical Campus" id="GO_CC_2016_02_16_test_Instance_31531" type="identity">
      <class id="GO:0005622" label="intracellular"/>
      <span end="26519" id="16700629-12898" start="26506">intracellular</span>
    </annotation>
    <annotation annotator="Mike Bada, University of Colorado Anschutz Medical Campus" id="GO_CC_2016_02_16_test_Instance_31533" type="identity">
      <class id="GO:0031012" label="extracellular matrix"/>
      <span end="27867" id="16700629-12900" start="27847">extracellular matrix</span>
    </annotation>
    <annotation annotator="" id="GO_CC_2016_02_16_Instance_200074" type="identity">
      <class id="GO_SO_EXT:chromosomal_part_or_position_or_region_or_site" label="chromosomal part/position/region/site"/>
      <span end="28359" id="16700629-12576" start="28350">region of</span>
      <span end="28376" id="16700629-12577" start="28366">Chromosome</span>
    </annotation>
    <annotation annotator="Mike Bada, University of Colorado Anschutz Medical Campus" id="GO_CC_2016_02_16_test_Instance_17567" type="identity">
      <class id="CL_GO_EXT:cell" label="cell"/>
      <span end="28654" id="16700629-12778" start="28650">cell</span>
    </annotation>
    <annotation annotator="Mike Bada, University of Colorado Anschutz Medical Campus" id="GO_CC_2016_02_16_test_Instance_17569" type="identity">
      <class id="CL_GO_EXT:cell" label="cell"/>
      <span end="28827" id="16700629-12780" start="28822">cells</span>
    </annotation>
    <annotation annotator="Mike Bada, University of Colorado Anschutz Medical Campus" id="GO_CC_2016_02_16_test_Instance_17571" type="identity">
      <class id="CL_GO_EXT:cell" label="cell"/>
      <span end="29427" id="16700629-12782" start="29422">cells</span>
    </annotation>
    <annotation annotator="Mike Bada, University of Colorado Anschutz Medical Campus" id="GO_CC_2016_02_16_test_Instance_17573" type="identity">
      <class id="CL_GO_EXT:cell" label="cell"/>
      <span end="29490" id="16700629-12784" start="29486">cell</span>
    </annotation>
    <annotation annotator="Mike Bada, University of Colorado Anschutz Medical Campus" id="GO_CC_2016_02_16_test_Instance_22321" type="identity">
      <class id="GO:0000806" label="Y chromosome"/>
      <span end="31024" id="16700629-12876" start="31012">Y chromosome</span>
    </annotation>
    <annotation annotator="" id="GO_CC_2016_02_16_Instance_100356" type="identity">
      <class id="GO:0042571" label="immunoglobulin complex, circulating"/>
      <span end="31636" id="16700629-12564" start="31626">Antibodies</span>
    </annotation>
    <annotation annotator="Mike Bada, University of Colorado Anschutz Medical Campus" id="GO_CC_2016_02_16_test_Instance_21563" type="identity">
      <class id="CL_GO_EXT:cell" label="cell"/>
      <span end="31716" id="16700629-12850" start="31712">Cell</span>
    </annotation>
    <annotation annotator="Mike Bada, University of Colorado Anschutz Medical Campus" id="GO_CC_2016_02_16_test_Instance_21565" type="identity">
      <class id="CL_GO_EXT:cell" label="cell"/>
      <span end="32047" id="16700629-12852" start="32043">Cell</span>
    </annotation>
    <annotation annotator="" id="GO_CC_2016_02_16_Instance_100360" type="identity">
      <class id="GO:0042571" label="immunoglobulin complex, circulating"/>
      <span end="32075" id="16700629-12568" start="32067">Antibody</span>
    </annotation>
    <annotation annotator="" id="GO_CC_2016_02_16_Instance_100358" type="identity">
      <class id="GO:0042571" label="immunoglobulin complex, circulating"/>
      <span end="32146" id="16700629-12566" start="32136">antibodies</span>
    </annotation>
    <annotation annotator="Mike Bada, University of Colorado Anschutz Medical Campus" id="GO_CC_2016_02_16_test_Instance_21567" type="identity">
      <class id="CL_GO_EXT:cell" label="cell"/>
      <span end="32327" id="16700629-12854" start="32323">Cell</span>
    </annotation>
    <annotation annotator="" id="GO_CC_2016_02_16_Instance_102117" type="identity">
      <class id="GO:0071735" label="IgG immunoglobulin complex"/>
      <span end="32362" id="16700629-12574" start="32359">IgG</span>
    </annotation>
    <annotation annotator="" id="GO_CC_2016_02_16_Instance_100364" type="identity">
      <class id="GO:0042571" label="immunoglobulin complex, circulating"/>
      <span end="32408" id="16700629-12572" start="32400">antibody</span>
    </annotation>
    <annotation annotator="" id="GO_CC_2016_02_16_Instance_100362" type="identity">
      <class id="GO:0042571" label="immunoglobulin complex, circulating"/>
      <span end="32540" id="16700629-12570" start="32532">antibody</span>
    </annotation>
    <annotation annotator="Mike Bada, University of Colorado Anschutz Medical Campus" id="GO_CC_2016_02_16_test_Instance_17575" type="identity">
      <class id="CL_GO_EXT:cell" label="cell"/>
      <span end="32725" id="16700629-12786" start="32721">cell</span>
    </annotation>
    <annotation annotator="Mike Bada, University of Colorado Anschutz Medical Campus" id="GO_CC_2016_02_16_test_Instance_17577" type="identity">
      <class id="CL_GO_EXT:cell" label="cell"/>
      <span end="33057" id="16700629-12788" start="33052">cells</span>
    </annotation>
    <annotation annotator="Mike Bada, University of Colorado Anschutz Medical Campus" id="GO_CC_2016_02_16_test_Instance_31537" type="identity">
      <class id="GO:0031012" label="extracellular matrix"/>
      <span end="33186" id="16700629-12902" start="33166">extracellular matrix</span>
    </annotation>
    <annotation annotator="Mike Bada, University of Colorado Anschutz Medical Campus" id="GO_CC_2016_02_16_test_Instance_17579" type="identity">
      <class id="CL_GO_EXT:cell" label="cell"/>
      <span end="33493" id="16700629-12790" start="33488">cells</span>
    </annotation>
    <annotation annotator="Mike Bada, University of Colorado Anschutz Medical Campus" id="GO_CC_2016_02_16_test_Instance_22335" type="identity">
      <class id="GO:0005634" label="nucleus"/>
      <span end="33579" id="16700629-12878" start="33572">nuclear</span>
    </annotation>
    <annotation annotator="Mike Bada, University of Colorado Anschutz Medical Campus" id="GO_CC_2016_02_16_test_Instance_17635" type="identity">
      <class id="CL_GO_EXT:cell" label="cell"/>
      <span end="34953" id="16700629-12846" start="34949">cell</span>
    </annotation>
    <annotation annotator="Mike Bada, University of Colorado Anschutz Medical Campus" id="GO_CC_2016_02_16_test_Instance_22337" type="identity">
      <class id="GO:0000806" label="Y chromosome"/>
      <span end="35034" id="16700629-12880" start="35033">Y</span>
    </annotation>
    <annotation annotator="Mike Bada, University of Colorado Anschutz Medical Campus" id="GO_CC_2016_02_16_test_Instance_21573" type="identity">
      <class id="CL_GO_EXT:cell" label="cell"/>
      <span end="35127" id="16700629-12860" start="35123">Cell</span>
    </annotation>
    <annotation annotator="Mike Bada, University of Colorado Anschutz Medical Campus" id="GO_CC_2016_02_16_test_Instance_17581" type="identity">
      <class id="CL_GO_EXT:cell" label="cell"/>
      <span end="35669" id="16700629-12792" start="35664">cells</span>
    </annotation>
    <annotation annotator="Mike Bada, University of Colorado Anschutz Medical Campus" id="GO_CC_2016_02_16_test_Instance_17583" type="identity">
      <class id="CL_GO_EXT:cell" label="cell"/>
      <span end="35798" id="16700629-12794" start="35793">cells</span>
    </annotation>
    <annotation annotator="Mike Bada, University of Colorado Anschutz Medical Campus" id="GO_CC_2016_02_16_test_Instance_17585" type="identity">
      <class id="CL_GO_EXT:cell" label="cell"/>
      <span end="35826" id="16700629-12796" start="35822">cell</span>
    </annotation>
    <annotation annotator="Mike Bada, University of Colorado Anschutz Medical Campus" id="GO_CC_2016_02_16_test_Instance_17587" type="identity">
      <class id="CL_GO_EXT:cell" label="cell"/>
      <span end="35962" id="16700629-12798" start="35957">cells</span>
    </annotation>
    <annotation annotator="Mike Bada, University of Colorado Anschutz Medical Campus" id="GO_CC_2016_02_16_test_Instance_17589" type="identity">
      <class id="CL_GO_EXT:cell" label="cell"/>
      <span end="35993" id="16700629-12800" start="35988">cells</span>
    </annotation>
    <annotation annotator="Mike Bada, University of Colorado Anschutz Medical Campus" id="GO_CC_2016_02_16_test_Instance_17591" type="identity">
      <class id="CL_GO_EXT:cell" label="cell"/>
      <span end="36286" id="16700629-12802" start="36281">cells</span>
    </annotation>
    <annotation annotator="Mike Bada, University of Colorado Anschutz Medical Campus" id="GO_CC_2016_02_16_test_Instance_17593" type="identity">
      <class id="CL_GO_EXT:cell" label="cell"/>
      <span end="36308" id="16700629-12804" start="36303">cells</span>
    </annotation>
    <annotation annotator="Mike Bada, University of Colorado Anschutz Medical Campus" id="GO_CC_2016_02_16_test_Instance_17595" type="identity">
      <class id="CL_GO_EXT:cell" label="cell"/>
      <span end="36360" id="16700629-12806" start="36355">cells</span>
    </annotation>
    <annotation annotator="Mike Bada, University of Colorado Anschutz Medical Campus" id="GO_CC_2016_02_16_test_Instance_22339" type="identity">
      <class id="GO:0005634" label="nucleus"/>
      <span end="36477" id="16700629-12882" start="36470">nuclear</span>
    </annotation>
    <annotation annotator="Mike Bada, University of Colorado Anschutz Medical Campus" id="GO_CC_2016_02_16_test_Instance_17597" type="identity">
      <class id="CL_GO_EXT:cell" label="cell"/>
      <span end="36578" id="16700629-12808" start="36573">cells</span>
    </annotation>
    <annotation annotator="Mike Bada, University of Colorado Anschutz Medical Campus" id="GO_CC_2016_02_16_test_Instance_17599" type="identity">
      <class id="CL_GO_EXT:cell" label="cell"/>
      <span end="36743" id="16700629-12810" start="36738">cells</span>
    </annotation>
    <annotation annotator="Mike Bada, University of Colorado Anschutz Medical Campus" id="GO_CC_2016_02_16_test_Instance_17601" type="identity">
      <class id="CL_GO_EXT:cell" label="cell"/>
      <span end="36753" id="16700629-12812" start="36748">cells</span>
    </annotation>
    <annotation annotator="Mike Bada, University of Colorado Anschutz Medical Campus" id="GO_CC_2016_02_16_test_Instance_17603" type="identity">
      <class id="CL_GO_EXT:cell" label="cell"/>
      <span end="36770" id="16700629-12814" start="36765">cells</span>
    </annotation>
    <annotation annotator="Mike Bada, University of Colorado Anschutz Medical Campus" id="GO_CC_2016_02_16_test_Instance_21569" type="identity">
      <class id="CL_GO_EXT:cell" label="cell"/>
      <span end="36868" id="16700629-12856" start="36863">Cells</span>
    </annotation>
    <annotation annotator="Mike Bada, University of Colorado Anschutz Medical Campus" id="GO_CC_2016_02_16_test_Instance_22341" type="identity">
      <class id="GO:0005634" label="nucleus"/>
      <span end="36906" id="16700629-12884" start="36899">nuclear</span>
    </annotation>
    <annotation annotator="Mike Bada, University of Colorado Anschutz Medical Campus" id="GO_CC_2016_02_16_test_Instance_17605" type="identity">
      <class id="CL_GO_EXT:cell" label="cell"/>
      <span end="37057" id="16700629-12816" start="37052">cells</span>
    </annotation>
    <annotation annotator="Mike Bada, University of Colorado Anschutz Medical Campus" id="GO_CC_2016_02_16_test_Instance_17607" type="identity">
      <class id="CL_GO_EXT:cell" label="cell"/>
      <span end="37157" id="16700629-12818" start="37152">cells</span>
    </annotation>
    <annotation annotator="Mike Bada, University of Colorado Anschutz Medical Campus" id="GO_CC_2016_02_16_test_Instance_17609" type="identity">
      <class id="CL_GO_EXT:cell" label="cell"/>
      <span end="37250" id="16700629-12820" start="37245">cells</span>
    </annotation>
    <annotation annotator="Mike Bada, University of Colorado Anschutz Medical Campus" id="GO_CC_2016_02_16_test_Instance_17611" type="identity">
      <class id="CL_GO_EXT:cell" label="cell"/>
      <span end="37521" id="16700629-12822" start="37516">cells</span>
    </annotation>
    <annotation annotator="Mike Bada, University of Colorado Anschutz Medical Campus" id="GO_CC_2016_02_16_test_Instance_17613" type="identity">
      <class id="CL_GO_EXT:cell" label="cell"/>
      <span end="37663" id="16700629-12824" start="37658">cells</span>
    </annotation>
    <annotation annotator="Mike Bada, University of Colorado Anschutz Medical Campus" id="GO_CC_2016_02_16_test_Instance_17615" type="identity">
      <class id="CL_GO_EXT:cell" label="cell"/>
      <span end="38097" id="16700629-12826" start="38093">cell</span>
    </annotation>
    <annotation annotator="Mike Bada, University of Colorado Anschutz Medical Campus" id="GO_CC_2016_02_16_test_Instance_17617" type="identity">
      <class id="CL_GO_EXT:cell" label="cell"/>
      <span end="38387" id="16700629-12828" start="38382">cells</span>
    </annotation>
    <annotation annotator="Mike Bada, University of Colorado Anschutz Medical Campus" id="GO_CC_2016_02_16_test_Instance_21575" type="identity">
      <class id="CL_GO_EXT:cell" label="cell"/>
      <span end="38674" id="16700629-12862" start="38670">Cell</span>
    </annotation>
    <annotation annotator="Mike Bada, University of Colorado Anschutz Medical Campus" id="GO_CC_2016_02_16_test_Instance_17619" type="identity">
      <class id="CL_GO_EXT:cell" label="cell"/>
      <span end="39028" id="16700629-12830" start="39024">cell</span>
    </annotation>
    <annotation annotator="Mike Bada, University of Colorado Anschutz Medical Campus" id="GO_CC_2016_02_16_test_Instance_17621" type="identity">
      <class id="CL_GO_EXT:cell" label="cell"/>
      <span end="39224" id="16700629-12832" start="39219">cells</span>
    </annotation>
    <graph-space id="Old Knowtator Relations"/>
  </document>
</knowtator-project>
