<?xml version="1.0" encoding="UTF-8" standalone="no"?>
<knowtator-project>
  <document id="17002498" text-file="17002498.txt">
    <annotation annotator="Mike Bada, University of Colorado Anschutz Medical Campus" id="GO_CC_2016_02_16_test_Instance_18253" type="identity">
      <class id="CL_GO_EXT:cell" label="cell"/>
      <span end="593" id="17002498-13099" start="588">cells</span>
    </annotation>
    <annotation annotator="Mike Bada, University of Colorado Anschutz Medical Campus" id="GO_CC_2016_02_16_test_Instance_18255" type="identity">
      <class id="CL_GO_EXT:cell" label="cell"/>
      <span end="1282" id="17002498-13101" start="1277">cells</span>
    </annotation>
    <annotation annotator="Mike Bada, University of Colorado Anschutz Medical Campus" id="GO_CC_2016_02_16_test_Instance_18257" type="identity">
      <class id="CL_GO_EXT:cell" label="cell"/>
      <span end="1309" id="17002498-13103" start="1305">cell</span>
    </annotation>
    <annotation annotator="Mike Bada, University of Colorado Anschutz Medical Campus" id="GO_CC_2016_02_16_test_Instance_20985" type="identity">
      <class id="GO:0005829" label="cytosol"/>
      <span end="3014" id="17002498-13253" start="3005">cytosolic</span>
    </annotation>
    <annotation annotator="Mike Bada, University of Colorado Anschutz Medical Campus" id="GO_CC_2016_02_16_test_Instance_31655" type="identity">
      <class id="GO:0005634" label="nucleus"/>
      <span end="3080" id="17002498-13295" start="3073">nucleus</span>
    </annotation>
    <annotation annotator="Mike Bada, University of Colorado Anschutz Medical Campus" id="GO_CC_2016_02_16_test_Instance_18259" type="identity">
      <class id="CL_GO_EXT:cell" label="cell"/>
      <span end="3195" id="17002498-13105" start="3187">cellular</span>
    </annotation>
    <annotation annotator="Mike Bada, University of Colorado Anschutz Medical Campus" id="GO_CC_2016_02_16_test_Instance_31657" type="identity">
      <class id="GO:0005874" label="microtubule"/>
      <span end="3344" id="17002498-13297" start="3332">microtubules</span>
    </annotation>
    <annotation annotator="Mike Bada, University of Colorado Anschutz Medical Campus" id="GO_CC_2016_02_16_test_Instance_18261" type="identity">
      <class id="CL_GO_EXT:cell" label="cell"/>
      <span end="3476" id="17002498-13107" start="3468">cellular</span>
    </annotation>
    <annotation annotator="" id="GO_CC_2016_02_16_Instance_100526" type="identity">
      <class id="CL_GO_EXT:cell" label="cell"/>
      <span end="3511" id="17002498-13089" start="3503">cellular</span>
    </annotation>
    <annotation annotator="Mike Bada, University of Colorado Anschutz Medical Campus" id="GO_CC_2016_02_16_test_Instance_22647" type="identity">
      <class id="GO:0005856" label="cytoskeleton"/>
      <span end="3534" id="17002498-13259" start="3522">cytoskeletal</span>
    </annotation>
    <annotation annotator="Mike Bada, University of Colorado Anschutz Medical Campus" id="GO_CC_2016_02_16_test_Instance_18263" type="identity">
      <class id="CL_GO_EXT:cell" label="cell"/>
      <span end="3605" id="17002498-13109" start="3601">cell</span>
    </annotation>
    <annotation annotator="Mike Bada, University of Colorado Anschutz Medical Campus" id="GO_CC_2016_02_16_test_Instance_18265" type="identity">
      <class id="CL_GO_EXT:cell" label="cell"/>
      <span end="3662" id="17002498-13111" start="3658">cell</span>
    </annotation>
    <annotation annotator="Mike Bada, University of Colorado Anschutz Medical Campus" id="GO_CC_2016_02_16_test_Instance_18267" type="identity">
      <class id="CL_GO_EXT:cell" label="cell"/>
      <span end="3692" id="17002498-13113" start="3688">cell</span>
    </annotation>
    <annotation annotator="Mike Bada, University of Colorado Anschutz Medical Campus" id="GO_CC_2016_02_16_test_Instance_22649" type="identity">
      <class id="GO:0030849" label="autosome"/>
      <span end="3850" id="17002498-13261" start="3841">Autosomal</span>
    </annotation>
    <annotation annotator="Mike Bada, University of Colorado Anschutz Medical Campus" id="GO_CC_2016_02_16_test_Instance_18269" type="identity">
      <class id="CL_GO_EXT:cell" label="cell"/>
      <span end="5689" id="17002498-13115" start="5685">cell</span>
    </annotation>
    <annotation annotator="Mike Bada, University of Colorado Anschutz Medical Campus" id="GO_CC_2016_02_16_test_Instance_18271" type="identity">
      <class id="CL_GO_EXT:cell" label="cell"/>
      <span end="6009" id="17002498-13117" start="6004">cells</span>
    </annotation>
    <annotation annotator="Mike Bada, University of Colorado Anschutz Medical Campus" id="GO_CC_2016_02_16_test_Instance_18273" type="identity">
      <class id="CL_GO_EXT:cell" label="cell"/>
      <span end="6366" id="17002498-13119" start="6362">cell</span>
    </annotation>
    <annotation annotator="Mike Bada, University of Colorado Anschutz Medical Campus" id="GO_CC_2016_02_16_test_Instance_18275" type="identity">
      <class id="CL_GO_EXT:cell" label="cell"/>
      <span end="6788" id="17002498-13121" start="6783">cells</span>
    </annotation>
    <annotation annotator="Mike Bada, University of Colorado Anschutz Medical Campus" id="GO_CC_2016_02_16_test_Instance_18401" type="identity">
      <class id="CL_GO_EXT:cell" label="cell"/>
      <span end="10220" id="17002498-13247" start="10215">cells</span>
    </annotation>
    <annotation annotator="Mike Bada, University of Colorado Anschutz Medical Campus" id="GO_CC_2016_02_16_test_Instance_18403" type="identity">
      <class id="CL_GO_EXT:cell" label="cell"/>
      <span end="10259" id="17002498-13249" start="10255">cell</span>
    </annotation>
    <annotation annotator="Mike Bada, University of Colorado Anschutz Medical Campus" id="GO_CC_2016_02_16_test_Instance_18277" type="identity">
      <class id="CL_GO_EXT:cell" label="cell"/>
      <span end="10805" id="17002498-13123" start="10801">cell</span>
    </annotation>
    <annotation annotator="Mike Bada, University of Colorado Anschutz Medical Campus" id="GO_CC_2016_02_16_test_Instance_18279" type="identity">
      <class id="CL_GO_EXT:cell" label="cell"/>
      <span end="10872" id="17002498-13125" start="10867">cells</span>
    </annotation>
    <annotation annotator="Mike Bada, University of Colorado Anschutz Medical Campus" id="GO_CC_2016_02_16_test_Instance_18281" type="identity">
      <class id="CL_GO_EXT:cell" label="cell"/>
      <span end="11132" id="17002498-13127" start="11127">cells</span>
    </annotation>
    <annotation annotator="Mike Bada, University of Colorado Anschutz Medical Campus" id="GO_CC_2016_02_16_test_Instance_18283" type="identity">
      <class id="CL_GO_EXT:cell" label="cell"/>
      <span end="18025" id="17002498-13129" start="18020">cells</span>
    </annotation>
    <annotation annotator="Mike Bada, University of Colorado Anschutz Medical Campus" id="GO_CC_2016_02_16_test_Instance_18285" type="identity">
      <class id="CL_GO_EXT:cell" label="cell"/>
      <span end="18150" id="17002498-13131" start="18145">cells</span>
    </annotation>
    <annotation annotator="Mike Bada, University of Colorado Anschutz Medical Campus" id="GO_CC_2016_02_16_test_Instance_31659" type="identity">
      <class id="GO:0005912" label="adherens junction"/>
      <span end="19545" id="17002498-13299" start="19520">adherens junction complex</span>
    </annotation>
    <annotation annotator="Mike Bada, University of Colorado Anschutz Medical Campus" id="GO_CC_2016_02_16_test_Instance_18287" type="identity">
      <class id="CL_GO_EXT:cell" label="cell"/>
      <span end="20608" id="17002498-13133" start="20603">cells</span>
    </annotation>
    <annotation annotator="Mike Bada, University of Colorado Anschutz Medical Campus" id="GO_CC_2016_02_16_test_Instance_18289" type="identity">
      <class id="CL_GO_EXT:cell" label="cell"/>
      <span end="20820" id="17002498-13135" start="20815">cells</span>
    </annotation>
    <annotation annotator="Mike Bada, University of Colorado Anschutz Medical Campus" id="GO_CC_2016_02_16_test_Instance_18291" type="identity">
      <class id="CL_GO_EXT:cell" label="cell"/>
      <span end="21069" id="17002498-13137" start="21064">cells</span>
    </annotation>
    <annotation annotator="Mike Bada, University of Colorado Anschutz Medical Campus" id="GO_CC_2016_02_16_test_Instance_22879" type="identity">
      <class id="GO:0016020" label="membrane"/>
      <span end="21431" id="17002498-13291" start="21423">membrane</span>
    </annotation>
    <annotation annotator="Mike Bada, University of Colorado Anschutz Medical Campus" id="GO_CC_2016_02_16_test_Instance_18293" type="identity">
      <class id="CL_GO_EXT:cell" label="cell"/>
      <span end="21479" id="17002498-13139" start="21474">cells</span>
    </annotation>
    <annotation annotator="Mike Bada, University of Colorado Anschutz Medical Campus" id="GO_CC_2016_02_16_test_Instance_22759" type="identity">
      <class id="GO:0005829" label="cytosol"/>
      <span end="21501" id="17002498-13267" start="21492">cytosolic</span>
    </annotation>
    <annotation annotator="Mike Bada, University of Colorado Anschutz Medical Campus" id="GO_CC_2016_02_16_test_Instance_18295" type="identity">
      <class id="CL_GO_EXT:cell" label="cell"/>
      <span end="21617" id="17002498-13141" start="21612">cells</span>
    </annotation>
    <annotation annotator="Mike Bada, University of Colorado Anschutz Medical Campus" id="GO_CC_2016_02_16_test_Instance_18297" type="identity">
      <class id="CL_GO_EXT:cell" label="cell"/>
      <span end="21664" id="17002498-13143" start="21659">cells</span>
    </annotation>
    <annotation annotator="Mike Bada, University of Colorado Anschutz Medical Campus" id="GO_CC_2016_02_16_test_Instance_22761" type="identity">
      <class id="GO:0005829" label="cytosol"/>
      <span end="21786" id="17002498-13269" start="21777">cytosolic</span>
    </annotation>
    <annotation annotator="Mike Bada, University of Colorado Anschutz Medical Campus" id="GO_CC_2016_02_16_test_Instance_18299" type="identity">
      <class id="CL_GO_EXT:cell" label="cell"/>
      <span end="21920" id="17002498-13145" start="21915">cells</span>
    </annotation>
    <annotation annotator="Mike Bada, University of Colorado Anschutz Medical Campus" id="GO_CC_2016_02_16_test_Instance_18301" type="identity">
      <class id="CL_GO_EXT:cell" label="cell"/>
      <span end="21963" id="17002498-13147" start="21958">cells</span>
    </annotation>
    <annotation annotator="Mike Bada, University of Colorado Anschutz Medical Campus" id="GO_CC_2016_02_16_test_Instance_22881" type="identity">
      <class id="GO:0016020" label="membrane"/>
      <span end="24993" id="17002498-13293" start="24985">membrane</span>
    </annotation>
    <annotation annotator="Mike Bada, University of Colorado Anschutz Medical Campus" id="GO_CC_2016_02_16_test_Instance_18303" type="identity">
      <class id="CL_GO_EXT:cell" label="cell"/>
      <span end="25147" id="17002498-13149" start="25142">cells</span>
    </annotation>
    <annotation annotator="Mike Bada, University of Colorado Anschutz Medical Campus" id="GO_CC_2016_02_16_test_Instance_22763" type="identity">
      <class id="GO:0005829" label="cytosol"/>
      <span end="25176" id="17002498-13271" start="25167">cytosolic</span>
    </annotation>
    <annotation annotator="Mike Bada, University of Colorado Anschutz Medical Campus" id="GO_CC_2016_02_16_test_Instance_22767" type="identity">
      <class id="GO:0005634" label="nucleus"/>
      <span end="25184" id="17002498-13273" start="25177">nuclear</span>
    </annotation>
    <annotation annotator="Mike Bada, University of Colorado Anschutz Medical Campus" id="GO_CC_2016_02_16_test_Instance_21329" type="identity">
      <class id="GO:0005737" label="cytoplasm"/>
      <span end="27203" id="17002498-13255" start="27192">cytoplasmic</span>
    </annotation>
    <annotation annotator="Mike Bada, University of Colorado Anschutz Medical Campus" id="GO_CC_2016_02_16_test_Instance_18305" type="identity">
      <class id="CL_GO_EXT:cell" label="cell"/>
      <span end="27278" id="17002498-13151" start="27273">cells</span>
    </annotation>
    <annotation annotator="Mike Bada, University of Colorado Anschutz Medical Campus" id="GO_CC_2016_02_16_test_Instance_18307" type="identity">
      <class id="CL_GO_EXT:cell" label="cell"/>
      <span end="27379" id="17002498-13153" start="27374">cells</span>
    </annotation>
    <annotation annotator="Mike Bada, University of Colorado Anschutz Medical Campus" id="GO_CC_2016_02_16_test_Instance_18309" type="identity">
      <class id="CL_GO_EXT:cell" label="cell"/>
      <span end="28573" id="17002498-13155" start="28568">cells</span>
    </annotation>
    <annotation annotator="Mike Bada, University of Colorado Anschutz Medical Campus" id="GO_CC_2016_02_16_test_Instance_18311" type="identity">
      <class id="CL_GO_EXT:cell" label="cell"/>
      <span end="28675" id="17002498-13157" start="28670">cells</span>
    </annotation>
    <annotation annotator="Mike Bada, University of Colorado Anschutz Medical Campus" id="GO_CC_2016_02_16_test_Instance_22545" type="identity">
      <class id="GO:0005634" label="nucleus"/>
      <span end="28698" id="17002498-13257" start="28691">nuclear</span>
    </annotation>
    <annotation annotator="Mike Bada, University of Colorado Anschutz Medical Campus" id="GO_CC_2016_02_16_test_Instance_18313" type="identity">
      <class id="CL_GO_EXT:cell" label="cell"/>
      <span end="28757" id="17002498-13159" start="28752">cells</span>
    </annotation>
    <annotation annotator="Mike Bada, University of Colorado Anschutz Medical Campus" id="GO_CC_2016_02_16_test_Instance_18315" type="identity">
      <class id="CL_GO_EXT:cell" label="cell"/>
      <span end="28890" id="17002498-13161" start="28885">cells</span>
    </annotation>
    <annotation annotator="Mike Bada, University of Colorado Anschutz Medical Campus" id="GO_CC_2016_02_16_test_Instance_18317" type="identity">
      <class id="CL_GO_EXT:cell" label="cell"/>
      <span end="29280" id="17002498-13163" start="29275">cells</span>
    </annotation>
    <annotation annotator="Mike Bada, University of Colorado Anschutz Medical Campus" id="GO_CC_2016_02_16_test_Instance_18319" type="identity">
      <class id="CL_GO_EXT:cell" label="cell"/>
      <span end="29499" id="17002498-13165" start="29494">cells</span>
    </annotation>
    <annotation annotator="Mike Bada, University of Colorado Anschutz Medical Campus" id="GO_CC_2016_02_16_test_Instance_18321" type="identity">
      <class id="CL_GO_EXT:cell" label="cell"/>
      <span end="29526" id="17002498-13167" start="29521">cells</span>
    </annotation>
    <annotation annotator="Mike Bada, University of Colorado Anschutz Medical Campus" id="GO_CC_2016_02_16_test_Instance_18323" type="identity">
      <class id="CL_GO_EXT:cell" label="cell"/>
      <span end="29601" id="17002498-13169" start="29596">cells</span>
    </annotation>
    <annotation annotator="Mike Bada, University of Colorado Anschutz Medical Campus" id="GO_CC_2016_02_16_test_Instance_22755" type="identity">
      <class id="GO:0005634" label="nucleus"/>
      <span end="29634" id="17002498-13263" start="29627">nuclear</span>
    </annotation>
    <annotation annotator="Mike Bada, University of Colorado Anschutz Medical Campus" id="GO_CC_2016_02_16_test_Instance_22757" type="identity">
      <class id="GO:0005737" label="cytoplasm"/>
      <span end="29650" id="17002498-13265" start="29639">cytoplasmic</span>
    </annotation>
    <annotation annotator="Mike Bada, University of Colorado Anschutz Medical Campus" id="GO_CC_2016_02_16_test_Instance_22779" type="identity">
      <class id="GO:0005634" label="nucleus"/>
      <span end="29694" id="17002498-13275" start="29687">nuclear</span>
    </annotation>
    <annotation annotator="Mike Bada, University of Colorado Anschutz Medical Campus" id="GO_CC_2016_02_16_test_Instance_18325" type="identity">
      <class id="CL_GO_EXT:cell" label="cell"/>
      <span end="30047" id="17002498-13171" start="30042">cells</span>
    </annotation>
    <annotation annotator="Mike Bada, University of Colorado Anschutz Medical Campus" id="GO_CC_2016_02_16_test_Instance_18327" type="identity">
      <class id="CL_GO_EXT:cell" label="cell"/>
      <span end="30600" id="17002498-13173" start="30595">cells</span>
    </annotation>
    <annotation annotator="Mike Bada, University of Colorado Anschutz Medical Campus" id="GO_CC_2016_02_16_test_Instance_18329" type="identity">
      <class id="CL_GO_EXT:cell" label="cell"/>
      <span end="30748" id="17002498-13175" start="30743">cells</span>
    </annotation>
    <annotation annotator="Mike Bada, University of Colorado Anschutz Medical Campus" id="GO_CC_2016_02_16_test_Instance_18331" type="identity">
      <class id="CL_GO_EXT:cell" label="cell"/>
      <span end="30777" id="17002498-13177" start="30772">cells</span>
    </annotation>
    <annotation annotator="Mike Bada, University of Colorado Anschutz Medical Campus" id="GO_CC_2016_02_16_test_Instance_22781" type="identity">
      <class id="GO:0005634" label="nucleus"/>
      <span end="30803" id="17002498-13277" start="30796">nuclear</span>
    </annotation>
    <annotation annotator="Mike Bada, University of Colorado Anschutz Medical Campus" id="GO_CC_2016_02_16_test_Instance_22783" type="identity">
      <class id="GO:0005634" label="nucleus"/>
      <span end="30883" id="17002498-13279" start="30876">nuclear</span>
    </annotation>
    <annotation annotator="Mike Bada, University of Colorado Anschutz Medical Campus" id="GO_CC_2016_02_16_test_Instance_18333" type="identity">
      <class id="CL_GO_EXT:cell" label="cell"/>
      <span end="30949" id="17002498-13179" start="30944">cells</span>
    </annotation>
    <annotation annotator="Mike Bada, University of Colorado Anschutz Medical Campus" id="GO_CC_2016_02_16_test_Instance_18335" type="identity">
      <class id="CL_GO_EXT:cell" label="cell"/>
      <span end="30995" id="17002498-13181" start="30990">cells</span>
    </annotation>
    <annotation annotator="Mike Bada, University of Colorado Anschutz Medical Campus" id="GO_CC_2016_02_16_test_Instance_18337" type="identity">
      <class id="CL_GO_EXT:cell" label="cell"/>
      <span end="31296" id="17002498-13183" start="31291">cells</span>
    </annotation>
    <annotation annotator="Mike Bada, University of Colorado Anschutz Medical Campus" id="GO_CC_2016_02_16_test_Instance_18339" type="identity">
      <class id="CL_GO_EXT:cell" label="cell"/>
      <span end="33185" id="17002498-13185" start="33180">cells</span>
    </annotation>
    <annotation annotator="Mike Bada, University of Colorado Anschutz Medical Campus" id="GO_CC_2016_02_16_test_Instance_18341" type="identity">
      <class id="CL_GO_EXT:cell" label="cell"/>
      <span end="34805" id="17002498-13187" start="34800">cells</span>
    </annotation>
    <annotation annotator="Mike Bada, University of Colorado Anschutz Medical Campus" id="GO_CC_2016_02_16_test_Instance_18343" type="identity">
      <class id="CL_GO_EXT:cell" label="cell"/>
      <span end="34977" id="17002498-13189" start="34972">cells</span>
    </annotation>
    <annotation annotator="Mike Bada, University of Colorado Anschutz Medical Campus" id="GO_CC_2016_02_16_test_Instance_18345" type="identity">
      <class id="CL_GO_EXT:cell" label="cell"/>
      <span end="37110" id="17002498-13191" start="37105">cells</span>
    </annotation>
    <annotation annotator="Mike Bada, University of Colorado Anschutz Medical Campus" id="GO_CC_2016_02_16_test_Instance_18347" type="identity">
      <class id="CL_GO_EXT:cell" label="cell"/>
      <span end="37275" id="17002498-13193" start="37270">cells</span>
    </annotation>
    <annotation annotator="Mike Bada, University of Colorado Anschutz Medical Campus" id="GO_CC_2016_02_16_test_Instance_18349" type="identity">
      <class id="CL_GO_EXT:cell" label="cell"/>
      <span end="37428" id="17002498-13195" start="37423">cells</span>
    </annotation>
    <annotation annotator="Mike Bada, University of Colorado Anschutz Medical Campus" id="GO_CC_2016_02_16_test_Instance_18351" type="identity">
      <class id="CL_GO_EXT:cell" label="cell"/>
      <span end="37455" id="17002498-13197" start="37451">cell</span>
    </annotation>
    <annotation annotator="Mike Bada, University of Colorado Anschutz Medical Campus" id="GO_CC_2016_02_16_test_Instance_18353" type="identity">
      <class id="CL_GO_EXT:cell" label="cell"/>
      <span end="37676" id="17002498-13199" start="37671">cells</span>
    </annotation>
    <annotation annotator="Mike Bada, University of Colorado Anschutz Medical Campus" id="GO_CC_2016_02_16_test_Instance_18355" type="identity">
      <class id="CL_GO_EXT:cell" label="cell"/>
      <span end="37841" id="17002498-13201" start="37836">cells</span>
    </annotation>
    <annotation annotator="Mike Bada, University of Colorado Anschutz Medical Campus" id="GO_CC_2016_02_16_test_Instance_18357" type="identity">
      <class id="CL_GO_EXT:cell" label="cell"/>
      <span end="38052" id="17002498-13203" start="38048">cell</span>
    </annotation>
    <annotation annotator="Mike Bada, University of Colorado Anschutz Medical Campus" id="GO_CC_2016_02_16_test_Instance_18359" type="identity">
      <class id="CL_GO_EXT:cell" label="cell"/>
      <span end="38106" id="17002498-13205" start="38101">cells</span>
    </annotation>
    <annotation annotator="Mike Bada, University of Colorado Anschutz Medical Campus" id="GO_CC_2016_02_16_test_Instance_18361" type="identity">
      <class id="CL_GO_EXT:cell" label="cell"/>
      <span end="41864" id="17002498-13207" start="41859">cells</span>
    </annotation>
    <annotation annotator="Mike Bada, University of Colorado Anschutz Medical Campus" id="GO_CC_2016_02_16_test_Instance_22785" type="identity">
      <class id="GO:0005634" label="nucleus"/>
      <span end="41889" id="17002498-13281" start="41882">nuclear</span>
    </annotation>
    <annotation annotator="Mike Bada, University of Colorado Anschutz Medical Campus" id="GO_CC_2016_02_16_test_Instance_18363" type="identity">
      <class id="CL_GO_EXT:cell" label="cell"/>
      <span end="41929" id="17002498-13209" start="41924">cells</span>
    </annotation>
    <annotation annotator="Mike Bada, University of Colorado Anschutz Medical Campus" id="GO_CC_2016_02_16_test_Instance_18365" type="identity">
      <class id="CL_GO_EXT:cell" label="cell"/>
      <span end="42238" id="17002498-13211" start="42233">cells</span>
    </annotation>
    <annotation annotator="Mike Bada, University of Colorado Anschutz Medical Campus" id="GO_CC_2016_02_16_test_Instance_22787" type="identity">
      <class id="GO:0005634" label="nucleus"/>
      <span end="42251" id="17002498-13283" start="42244">nuclear</span>
    </annotation>
    <annotation annotator="Mike Bada, University of Colorado Anschutz Medical Campus" id="GO_CC_2016_02_16_test_Instance_18367" type="identity">
      <class id="CL_GO_EXT:cell" label="cell"/>
      <span end="42306" id="17002498-13213" start="42301">cells</span>
    </annotation>
    <annotation annotator="Mike Bada, University of Colorado Anschutz Medical Campus" id="GO_CC_2016_02_16_test_Instance_18369" type="identity">
      <class id="CL_GO_EXT:cell" label="cell"/>
      <span end="42396" id="17002498-13215" start="42391">cells</span>
    </annotation>
    <annotation annotator="Mike Bada, University of Colorado Anschutz Medical Campus" id="GO_CC_2016_02_16_test_Instance_18371" type="identity">
      <class id="CL_GO_EXT:cell" label="cell"/>
      <span end="42512" id="17002498-13217" start="42507">cells</span>
    </annotation>
    <annotation annotator="Mike Bada, University of Colorado Anschutz Medical Campus" id="GO_CC_2016_02_16_test_Instance_22789" type="identity">
      <class id="GO:0005634" label="nucleus"/>
      <span end="42527" id="17002498-13285" start="42520">nuclear</span>
    </annotation>
    <annotation annotator="Mike Bada, University of Colorado Anschutz Medical Campus" id="GO_CC_2016_02_16_test_Instance_18373" type="identity">
      <class id="CL_GO_EXT:cell" label="cell"/>
      <span end="42558" id="17002498-13219" start="42553">cells</span>
    </annotation>
    <annotation annotator="Mike Bada, University of Colorado Anschutz Medical Campus" id="GO_CC_2016_02_16_test_Instance_18375" type="identity">
      <class id="CL_GO_EXT:cell" label="cell"/>
      <span end="42618" id="17002498-13221" start="42613">cells</span>
    </annotation>
    <annotation annotator="Mike Bada, University of Colorado Anschutz Medical Campus" id="GO_CC_2016_02_16_test_Instance_18377" type="identity">
      <class id="CL_GO_EXT:cell" label="cell"/>
      <span end="42745" id="17002498-13223" start="42740">cells</span>
    </annotation>
    <annotation annotator="Mike Bada, University of Colorado Anschutz Medical Campus" id="GO_CC_2016_02_16_test_Instance_22791" type="identity">
      <class id="GO:0005634" label="nucleus"/>
      <span end="42901" id="17002498-13287" start="42894">nuclear</span>
    </annotation>
    <annotation annotator="Mike Bada, University of Colorado Anschutz Medical Campus" id="GO_CC_2016_02_16_test_Instance_18379" type="identity">
      <class id="CL_GO_EXT:cell" label="cell"/>
      <span end="42967" id="17002498-13225" start="42962">cells</span>
    </annotation>
    <annotation annotator="Mike Bada, University of Colorado Anschutz Medical Campus" id="GO_CC_2016_02_16_test_Instance_18381" type="identity">
      <class id="CL_GO_EXT:cell" label="cell"/>
      <span end="43060" id="17002498-13227" start="43055">cells</span>
    </annotation>
    <annotation annotator="Mike Bada, University of Colorado Anschutz Medical Campus" id="GO_CC_2016_02_16_test_Instance_18383" type="identity">
      <class id="CL_GO_EXT:cell" label="cell"/>
      <span end="43623" id="17002498-13229" start="43619">cell</span>
    </annotation>
    <annotation annotator="Mike Bada, University of Colorado Anschutz Medical Campus" id="GO_CC_2016_02_16_test_Instance_18385" type="identity">
      <class id="CL_GO_EXT:cell" label="cell"/>
      <span end="45023" id="17002498-13231" start="45018">cells</span>
    </annotation>
    <annotation annotator="Mike Bada, University of Colorado Anschutz Medical Campus" id="GO_CC_2016_02_16_test_Instance_18387" type="identity">
      <class id="CL_GO_EXT:cell" label="cell"/>
      <span end="45254" id="17002498-13233" start="45250">cell</span>
    </annotation>
    <annotation annotator="Mike Bada, University of Colorado Anschutz Medical Campus" id="GO_CC_2016_02_16_test_Instance_18389" type="identity">
      <class id="CL_GO_EXT:cell" label="cell"/>
      <span end="45929" id="17002498-13235" start="45924">cells</span>
    </annotation>
    <annotation annotator="Mike Bada, University of Colorado Anschutz Medical Campus" id="GO_CC_2016_02_16_test_Instance_18391" type="identity">
      <class id="CL_GO_EXT:cell" label="cell"/>
      <span end="46021" id="17002498-13237" start="46016">cells</span>
    </annotation>
    <annotation annotator="Mike Bada, University of Colorado Anschutz Medical Campus" id="GO_CC_2016_02_16_test_Instance_18393" type="identity">
      <class id="CL_GO_EXT:cell" label="cell"/>
      <span end="46032" id="17002498-13239" start="46027">cells</span>
    </annotation>
    <annotation annotator="Mike Bada, University of Colorado Anschutz Medical Campus" id="GO_CC_2016_02_16_test_Instance_18395" type="identity">
      <class id="CL_GO_EXT:cell" label="cell"/>
      <span end="46462" id="17002498-13241" start="46458">cell</span>
    </annotation>
    <annotation annotator="" id="GO_CC_2016_02_16_Instance_100528" type="identity">
      <class id="GO:0042571" label="immunoglobulin complex, circulating"/>
      <span end="52180" id="17002498-13091" start="52170">antibodies</span>
    </annotation>
    <annotation annotator="" id="GO_CC_2016_02_16_Instance_100530" type="identity">
      <class id="GO:0042571" label="immunoglobulin complex, circulating"/>
      <span end="52222" id="17002498-13093" start="52212">Antibodies</span>
    </annotation>
    <annotation annotator="" id="GO_CC_2016_02_16_Instance_100532" type="identity">
      <class id="GO:0042571" label="immunoglobulin complex, circulating"/>
      <span end="52558" id="17002498-13095" start="52548">antibodies</span>
    </annotation>
    <annotation annotator="" id="GO_CC_2016_02_16_Instance_102127" type="identity">
      <class id="GO:0071735" label="IgG immunoglobulin complex"/>
      <span end="52602" id="17002498-13097" start="52599">IgG</span>
    </annotation>
    <annotation annotator="Mike Bada, University of Colorado Anschutz Medical Campus" id="GO_CC_2016_02_16_test_Instance_18397" type="identity">
      <class id="CL_GO_EXT:cell" label="cell"/>
      <span end="54341" id="17002498-13243" start="54336">cells</span>
    </annotation>
    <annotation annotator="Mike Bada, University of Colorado Anschutz Medical Campus" id="GO_CC_2016_02_16_test_Instance_18405" type="identity">
      <class id="CL_GO_EXT:cell" label="cell"/>
      <span end="55274" id="17002498-13251" start="55270">cell</span>
    </annotation>
    <annotation annotator="Mike Bada, University of Colorado Anschutz Medical Campus" id="GO_CC_2016_02_16_test_Instance_22799" type="identity">
      <class id="GO:0005829" label="cytosol"/>
      <span end="59523" id="17002498-13289" start="59514">cytosolic</span>
    </annotation>
    <annotation annotator="Mike Bada, University of Colorado Anschutz Medical Campus" id="GO_CC_2016_02_16_test_Instance_18399" type="identity">
      <class id="CL_GO_EXT:cell" label="cell"/>
      <span end="59575" id="17002498-13245" start="59570">cells</span>
    </annotation>
    <graph-space id="Old Knowtator Relations"/>
  </document>
</knowtator-project>
