<?xml version="1.0" encoding="UTF-8" standalone="no"?>
<knowtator-project>
    <document id="17069463" text-file="17069463.txt">
        <annotation annotator="Mike Bada, University of Colorado Anschutz Medical Campus" id="GO_CC_2016_02_16_test_Instance_22905" type="identity">
            <class id="GO:0005739" label="mitochondrion"/>
            <span end="699" id="17069463-13737" start="686">mitochondrial</span>
        </annotation>
        <annotation annotator="Mike Bada, University of Colorado Anschutz Medical Campus" id="GO_CC_2016_02_16_test_Instance_31765" type="identity">
            <class id="GO:0005829" label="cytosol"/>
            <span end="993" id="17069463-13858" start="986">cytosol</span>
        </annotation>
        <annotation annotator="Mike Bada, University of Colorado Anschutz Medical Campus" id="GO_CC_2016_02_16_test_Instance_18569" type="identity">
            <class id="CL_GO_EXT:cell" label="cell"/>
            <span end="1110" id="17069463-13687" start="1106">cell</span>
        </annotation>
        <annotation annotator="Mike Bada, University of Colorado Anschutz Medical Campus" id="GO_CC_2016_02_16_test_Instance_21613" type="identity">
            <class id="CL_GO_EXT:cell" label="cell"/>
            <span end="2263" id="17069463-13733" start="2259">Cell</span>
        </annotation>
        <annotation annotator="Mike Bada, University of Colorado Anschutz Medical Campus" id="GO_CC_2016_02_16_test_Instance_18571" type="identity">
            <class id="CL_GO_EXT:cell" label="cell"/>
            <span end="2321" id="17069463-13689" start="2317">cell</span>
        </annotation>
        <annotation annotator="" id="GO_CC_2016_02_16_Instance_101507" type="identity">
            <class id="GO:0005634" label="nucleus"/>
            <span end="2429" id="17069463-13674" start="2422">nuclear</span>
        </annotation>
        <annotation annotator="Mike Bada, University of Colorado Anschutz Medical Campus" id="GO_CC_2016_02_16_test_Instance_23089" type="identity">
            <class id="GO:0005829" label="cytosol"/>
            <span end="2441" id="17069463-13852" start="2434">cytosol</span>
        </annotation>
        <annotation annotator="Mike Bada, University of Colorado Anschutz Medical Campus" id="GO_CC_2016_02_16_test_Instance_18573" type="identity">
            <class id="CL_GO_EXT:cell" label="cell"/>
            <span end="2502" id="17069463-13691" start="2498">cell</span>
        </annotation>
        <annotation annotator="Mike Bada, University of Colorado Anschutz Medical Campus" id="GO_CC_2016_02_16_test_Instance_22899" type="identity">
            <class id="GO:0005739" label="mitochondrion"/>
            <span end="2749" id="17069463-13735" start="2736">mitochondrial</span>
        </annotation>
        <annotation annotator="" id="GO_CC_2016_02_16_Instance_100554" type="identity">
            <class id="GO_EXT:cytoplasm_or_nucleus" label="cytoplasm or nucleus"/>
            <span end="3651" id="17069463-13588" start="3634">nucleocytoplasmic</span>
        </annotation>
        <annotation annotator="" id="GO_CC_2016_02_16_Instance_100556" type="identity">
            <class id="GO:0072686" label="mitotic spindle"/>
            <span end="3733" id="17069463-13590" start="3718">mitotic spindle</span>
        </annotation>
        <annotation annotator="Mike Bada, University of Colorado Anschutz Medical Campus" id="GO_CC_2016_02_16_test_Instance_31769" type="identity">
            <class id="GO:0005635" label="nuclear envelope"/>
            <span end="3767" id="17069463-13860" start="3751">nuclear envelope</span>
        </annotation>
        <annotation annotator="Mike Bada, University of Colorado Anschutz Medical Campus" id="GO_CC_2016_02_16_test_Instance_31771" type="identity">
            <class id="GO:0005635" label="nuclear envelope"/>
            <span end="3816" id="17069463-13862" start="3800">nuclear envelope</span>
        </annotation>
        <annotation annotator="Mike Bada, University of Colorado Anschutz Medical Campus" id="GO_CC_2016_02_16_test_Instance_31773" type="identity">
            <class id="GO:0000776" label="kinetochore"/>
            <span end="3843" id="17069463-13864" start="3832">kinetochore</span>
        </annotation>
        <annotation annotator="Mike Bada, University of Colorado Anschutz Medical Campus" id="GO_CC_2016_02_16_test_Instance_18575" type="identity">
            <class id="CL_GO_EXT:cell" label="cell"/>
            <span end="4025" id="17069463-13693" start="4021">cell</span>
        </annotation>
        <annotation annotator="Mike Bada, University of Colorado Anschutz Medical Campus" id="GO_CC_2016_02_16_test_Instance_18577" type="identity">
            <class id="CL_GO_EXT:cell" label="cell"/>
            <span end="4118" id="17069463-13695" start="4114">cell</span>
        </annotation>
        <annotation annotator="Mike Bada, University of Colorado Anschutz Medical Campus" id="GO_CC_2016_02_16_test_Instance_18579" type="identity">
            <class id="CL_GO_EXT:cell" label="cell"/>
            <span end="4206" id="17069463-13697" start="4202">cell</span>
        </annotation>
        <annotation annotator="Mike Bada, University of Colorado Anschutz Medical Campus" id="GO_CC_2016_02_16_test_Instance_22915" type="identity">
            <class id="GO:0005634" label="nucleus"/>
            <span end="4317" id="17069463-13739" start="4310">nuclear</span>
        </annotation>
        <annotation annotator="" id="GO_CC_2016_02_16_Instance_100558" type="identity">
            <class id="GO:0042571" label="immunoglobulin complex, circulating"/>
            <span end="4372" id="17069463-13592" start="4362">antibodies</span>
        </annotation>
        <annotation annotator="Mike Bada, University of Colorado Anschutz Medical Campus" id="GO_CC_2016_02_16_test_Instance_22919" type="identity">
            <class id="GO:0005634" label="nucleus"/>
            <span end="4407" id="17069463-13741" start="4400">nuclear</span>
        </annotation>
        <annotation annotator="Mike Bada, University of Colorado Anschutz Medical Campus" id="GO_CC_2016_02_16_test_Instance_18581" type="identity">
            <class id="CL_GO_EXT:cell" label="cell"/>
            <span end="4436" id="17069463-13699" start="4431">cells</span>
        </annotation>
        <annotation annotator="Mike Bada, University of Colorado Anschutz Medical Campus" id="GO_CC_2016_02_16_test_Instance_22921" type="identity">
            <class id="GO:0005874" label="microtubule"/>
            <span end="4830" id="17069463-13743" start="4819">microtubule</span>
        </annotation>
        <annotation annotator="" id="GO_CC_2016_02_16_Instance_100568" type="identity">
            <class id="GO:0008541" label="proteasome regulatory particle, lid subcomplex"/>
            <span end="5302" id="17069463-13602" start="5296">cap of</span>
            <span end="5317" id="17069463-13603" start="5307">proteasome</span>
        </annotation>
        <annotation annotator="Mike Bada, University of Colorado Anschutz Medical Campus" id="GO_CC_2016_02_16_test_Instance_22923" type="identity">
            <class id="GO:0005634" label="nucleus"/>
            <span end="5385" id="17069463-13745" start="5378">nuclear</span>
        </annotation>
        <annotation annotator="Mike Bada, University of Colorado Anschutz Medical Campus" id="GO_CC_2016_02_16_test_Instance_22925" type="identity">
            <class id="GO:0005829" label="cytosol"/>
            <span end="5632" id="17069463-13747" start="5623">cytosolic</span>
        </annotation>
        <annotation annotator="" id="GO_CC_2016_02_16_Instance_100560" type="identity">
            <class id="GO:1990876" label="cytoplasmic side of nuclear pore"/>
            <span end="5683" id="17069463-13594" start="5666">cytosolic face of</span>
            <span end="5708" id="17069463-13595" start="5688">nuclear pore complex</span>
        </annotation>
        <annotation annotator="" id="GO_CC_2016_02_16_Instance_100562" type="identity">
            <class id="GO:1990876" label="cytoplasmic side of nuclear pore"/>
            <span end="5683" id="17069463-13597" start="5666">cytosolic face of</span>
            <span end="5713" id="17069463-13598" start="5710">NPC</span>
        </annotation>
        <annotation annotator="Mike Bada, University of Colorado Anschutz Medical Campus" id="GO_CC_2016_02_16_test_Instance_22927" type="identity">
            <class id="GO:0005739" label="mitochondrion"/>
            <span end="5795" id="17069463-13749" start="5783">mitochondria</span>
        </annotation>
        <annotation annotator="" id="GO_CC_2016_02_16_Instance_100564" type="identity">
            <class id="GO_UBERON_EXT:cellular_component_or_cell_part" label="cell component/part"/>
            <span end="5822" id="17069463-13600" start="5811">subcellular</span>
        </annotation>
        <annotation annotator="Mike Bada, University of Colorado Anschutz Medical Campus" id="GO_CC_2016_02_16_test_Instance_22929" type="identity">
            <class id="GO:0005737" label="cytoplasm"/>
            <span end="5914" id="17069463-13751" start="5903">cytoplasmic</span>
        </annotation>
        <annotation annotator="Mike Bada, University of Colorado Anschutz Medical Campus" id="GO_CC_2016_02_16_test_Instance_22931" type="identity">
            <class id="GO:0005737" label="cytoplasm"/>
            <span end="5974" id="17069463-13753" start="5963">cytoplasmic</span>
        </annotation>
        <annotation annotator="Mike Bada, University of Colorado Anschutz Medical Campus" id="GO_CC_2016_02_16_test_Instance_31777" type="identity">
            <class id="GO:0005643" label="nuclear pore"/>
            <span end="6011" id="17069463-13866" start="5998">nuclear pores</span>
        </annotation>
        <annotation annotator="" id="GO_CC_2016_02_16_Instance_100570" type="identity">
            <class id="GO:0008541" label="proteasome regulatory particle, lid subcomplex"/>
            <span end="6391" id="17069463-13605" start="6388">cap</span>
        </annotation>
        <annotation annotator="Mike Bada, University of Colorado Anschutz Medical Campus" id="GO_CC_2016_02_16_test_Instance_22933" type="identity">
            <class id="GO:0000502" label="proteasome complex"/>
            <span end="6418" id="17069463-13755" start="6408">proteasome</span>
        </annotation>
        <annotation annotator="Mike Bada, University of Colorado Anschutz Medical Campus" id="GO_CC_2016_02_16_test_Instance_18583" type="identity">
            <class id="CL_GO_EXT:cell" label="cell"/>
            <span end="6579" id="17069463-13701" start="6575">cell</span>
        </annotation>
        <annotation annotator="Mike Bada, University of Colorado Anschutz Medical Campus" id="GO_CC_2016_02_16_test_Instance_22935" type="identity">
            <class id="GO:0030849" label="autosome"/>
            <span end="6741" id="17069463-13757" start="6732">autosomal</span>
        </annotation>
        <annotation annotator="Mike Bada, University of Colorado Anschutz Medical Campus" id="GO_CC_2016_02_16_test_Instance_22937" type="identity">
            <class id="GO:0005739" label="mitochondrion"/>
            <span end="6915" id="17069463-13759" start="6902">mitochondrial</span>
        </annotation>
        <annotation annotator="Mike Bada, University of Colorado Anschutz Medical Campus" id="GO_CC_2016_02_16_test_Instance_22945" type="identity">
            <class id="GO:0032473" label="cytoplasmic side of mitochondrial outer membrane"/>
            <span end="7021" id="17069463-13763" start="7002">cytoplasmic face of</span>
            <span end="7038" id="17069463-13764" start="7026">mitochondria</span>
        </annotation>
        <annotation annotator="Mike Bada, University of Colorado Anschutz Medical Campus" id="GO_CC_2016_02_16_test_Instance_22939" type="identity">
            <class id="GO:0005739" label="mitochondrion"/>
            <span end="7139" id="17069463-13761" start="7126">mitochondrial</span>
        </annotation>
        <annotation annotator="Mike Bada, University of Colorado Anschutz Medical Campus" id="GO_CC_2016_02_16_test_Instance_18585" type="identity">
            <class id="CL_GO_EXT:cell" label="cell"/>
            <span end="7386" id="17069463-13703" start="7382">cell</span>
        </annotation>
        <annotation annotator="" id="GO_CC_2016_02_16_Instance_100572" type="identity">
            <class id="GO_EXT:dimer_macromolecular_complex" label="dimeric macromolecular complex"/>
            <span end="8526" id="17069463-13607" start="8521">dimer</span>
        </annotation>
        <annotation annotator="Mike Bada, University of Colorado Anschutz Medical Campus" id="GO_CC_2016_02_16_test_Instance_22947" type="identity">
            <class id="GO:0005739" label="mitochondrion"/>
            <span end="8668" id="17069463-13766" start="8655">mitochondrial</span>
        </annotation>
        <annotation annotator="" id="GO_CC_2016_02_16_Instance_100574" type="identity">
            <class id="GO:0019867" label="outer membrane"/>
            <span end="8706" id="17069463-13609" start="8692">outer membrane</span>
        </annotation>
        <annotation annotator="" id="GO_CC_2016_02_16_Instance_100576" type="identity">
            <class id="GO:0042571" label="immunoglobulin complex, circulating"/>
            <span end="9088" id="17069463-13611" start="9078">antibodies</span>
        </annotation>
        <annotation annotator="Mike Bada, University of Colorado Anschutz Medical Campus" id="GO_CC_2016_02_16_test_Instance_22953" type="identity">
            <class id="GO:0005739" label="mitochondrion"/>
            <span end="10386" id="17069463-13768" start="10373">mitochondrial</span>
        </annotation>
        <annotation annotator="Mike Bada, University of Colorado Anschutz Medical Campus" id="GO_CC_2016_02_16_test_Instance_22955" type="identity">
            <class id="GO:0016020" label="membrane"/>
            <span end="10413" id="17069463-13770" start="10405">membrane</span>
        </annotation>
        <annotation annotator="Mike Bada, University of Colorado Anschutz Medical Campus" id="GO_CC_2016_02_16_test_Instance_22957" type="identity">
            <class id="GO:0005829" label="cytosol"/>
            <span end="10811" id="17069463-13772" start="10802">cytosolic</span>
        </annotation>
        <annotation annotator="Mike Bada, University of Colorado Anschutz Medical Campus" id="GO_CC_2016_02_16_test_Instance_23101" type="identity">
            <class id="GO:0005758" label="mitochondrial intermembrane space"/>
            <span end="10913" id="17069463-13854" start="10886">mitochondrial intermembrane</span>
        </annotation>
        <annotation annotator="" id="GO_CC_2016_02_16_Instance_100578" type="identity">
            <class id="GO:0042571" label="immunoglobulin complex, circulating"/>
            <span end="11538" id="17069463-13613" start="11528">antibodies</span>
        </annotation>
        <annotation annotator="Mike Bada, University of Colorado Anschutz Medical Campus" id="GO_CC_2016_02_16_test_Instance_22963" type="identity">
            <class id="GO:0032991" label="macromolecular complex"/>
            <span end="11603" id="17069463-13774" start="11596">complex</span>
        </annotation>
        <annotation annotator="" id="GO_CC_2016_02_16_Instance_100580" type="identity">
            <class id="GO:0042571" label="immunoglobulin complex, circulating"/>
            <span end="11760" id="17069463-13615" start="11750">antibodies</span>
        </annotation>
        <annotation annotator="" id="GO_CC_2016_02_16_Instance_100582" type="identity">
            <class id="GO:0042571" label="immunoglobulin complex, circulating"/>
            <span end="11887" id="17069463-13617" start="11877">antibodies</span>
        </annotation>
        <annotation annotator="Mike Bada, University of Colorado Anschutz Medical Campus" id="GO_CC_2016_02_16_test_Instance_22969" type="identity">
            <class id="GO:0005643" label="nuclear pore"/>
            <span end="15529" id="17069463-13776" start="15525">NPCs</span>
        </annotation>
        <annotation annotator="Mike Bada, University of Colorado Anschutz Medical Campus" id="GO_CC_2016_02_16_test_Instance_22971" type="identity">
            <class id="GO:0005739" label="mitochondrion"/>
            <span end="15616" id="17069463-13778" start="15604">mitochondria</span>
        </annotation>
        <annotation annotator="" id="GO_CC_2016_02_16_Instance_101415" type="identity">
            <class id="GO_UBERON_EXT:cellular_component_or_cell_part" label="cell component/part"/>
            <span end="15643" id="17069463-13670" start="15632">subcellular</span>
        </annotation>
        <annotation annotator="" id="GO_CC_2016_02_16_Instance_101417" type="identity">
            <class id="GO_UBERON_EXT:cellular_component_or_cell_part" label="cell component/part"/>
            <span end="15743" id="17069463-13672" start="15732">subcellular</span>
        </annotation>
        <annotation annotator="Mike Bada, University of Colorado Anschutz Medical Campus" id="GO_CC_2016_02_16_test_Instance_22977" type="identity">
            <class id="GO:0005739" label="mitochondrion"/>
            <span end="15983" id="17069463-13782" start="15971">mitochondria</span>
        </annotation>
        <annotation annotator="" id="GO_CC_2016_02_16_Instance_100584" type="identity">
            <class id="GO_UBERON_EXT:cellular_component_or_cell_part" label="cell component/part"/>
            <span end="16001" id="17069463-13619" start="15990">subcellular</span>
        </annotation>
        <annotation annotator="" id="GO_CC_2016_02_16_Instance_100586" type="identity">
            <class id="GO:0042571" label="immunoglobulin complex, circulating"/>
            <span end="16186" id="17069463-13621" start="16176">antibodies</span>
        </annotation>
        <annotation annotator="Mike Bada, University of Colorado Anschutz Medical Campus" id="GO_CC_2016_02_16_test_Instance_22975" type="identity">
            <class id="GO:0005739" label="mitochondrion"/>
            <span end="16257" id="17069463-13780" start="16245">mitochondria</span>
        </annotation>
        <annotation annotator="" id="GO_CC_2016_02_16_Instance_101509" type="identity">
            <class id="GO:0005634" label="nucleus"/>
            <span end="16844" id="17069463-13676" start="16837">nuclear</span>
        </annotation>
        <annotation annotator="Mike Bada, University of Colorado Anschutz Medical Campus" id="GO_CC_2016_02_16_test_Instance_22979" type="identity">
            <class id="GO:0001917" label="photoreceptor inner segment"/>
            <span end="16891" id="17069463-13784" start="16886">inner</span>
            <span end="16921" id="17069463-13785" start="16914">segment</span>
        </annotation>
        <annotation annotator="Mike Bada, University of Colorado Anschutz Medical Campus" id="GO_CC_2016_02_16_test_Instance_22981" type="identity">
            <class id="GO:0005739" label="mitochondrion"/>
            <span end="17155" id="17069463-13787" start="17143">mitochondria</span>
        </annotation>
        <annotation annotator="Mike Bada, University of Colorado Anschutz Medical Campus" id="GO_CC_2016_02_16_test_Instance_18587" type="identity">
            <class id="CL_GO_EXT:cell" label="cell"/>
            <span end="17429" id="17069463-13705" start="17424">cells</span>
        </annotation>
        <annotation annotator="" id="GO_CC_2016_02_16_Instance_100588" type="identity">
            <class id="GO:0005634" label="nucleus"/>
            <span end="17656" id="17069463-13623" start="17649">nuclear</span>
        </annotation>
        <annotation annotator="Mike Bada, University of Colorado Anschutz Medical Campus" id="GO_CC_2016_02_16_test_Instance_18615" type="identity">
            <class id="CL_GO_EXT:cell" label="cell"/>
            <span end="17916" id="17069463-13731" start="17912">cell</span>
        </annotation>
        <annotation annotator="Mike Bada, University of Colorado Anschutz Medical Campus" id="GO_CC_2016_02_16_test_Instance_18589" type="identity">
            <class id="CL_GO_EXT:cell" label="cell"/>
            <span end="18604" id="17069463-13707" start="18599">cells</span>
        </annotation>
        <annotation annotator="Mike Bada, University of Colorado Anschutz Medical Campus" id="GO_CC_2016_02_16_test_Instance_31779" type="identity">
            <class id="GO:0005840" label="ribosome"/>
            <span end="19164" id="17069463-13868" start="19156">ribosome</span>
        </annotation>
        <annotation annotator="" id="GO_CC_2016_02_16_Instance_100590" type="identity">
            <class id="GO:0044297" label="cell body"/>
            <span end="19266" id="17069463-13625" start="19255">cell bodies</span>
        </annotation>
        <annotation annotator="Mike Bada, University of Colorado Anschutz Medical Campus" id="GO_CC_2016_02_16_test_Instance_22985" type="identity">
            <class id="GO:0030424" label="axon"/>
            <span end="19334" id="17069463-13789" start="19318">axonal processes</span>
        </annotation>
        <annotation annotator="Mike Bada, University of Colorado Anschutz Medical Campus" id="GO_CC_2016_02_16_test_Instance_22987" type="identity">
            <class id="GO:0001917" label="photoreceptor inner segment"/>
            <span end="20273" id="17069463-13791" start="20260">inner segment</span>
        </annotation>
        <annotation annotator="Mike Bada, University of Colorado Anschutz Medical Campus" id="GO_CC_2016_02_16_test_Instance_18593" type="identity">
            <class id="CL_GO_EXT:cell" label="cell"/>
            <span end="20358" id="17069463-13709" start="20353">cells</span>
        </annotation>
        <annotation annotator="Mike Bada, University of Colorado Anschutz Medical Campus" id="GO_CC_2016_02_16_test_Instance_22989" type="identity">
            <class id="GO:0045202" label="synapse"/>
            <span end="20418" id="17069463-13793" start="20410">synaptic</span>
        </annotation>
        <annotation annotator="Mike Bada, University of Colorado Anschutz Medical Campus" id="GO_CC_2016_02_16_test_Instance_22991" type="identity">
            <class id="GO:0001750" label="photoreceptor outer segment"/>
            <span end="20461" id="17069463-13795" start="20430">outer segment of photoreceptors</span>
        </annotation>
        <annotation annotator="Mike Bada, University of Colorado Anschutz Medical Campus" id="GO_CC_2016_02_16_test_Instance_18595" type="identity">
            <class id="CL_GO_EXT:cell" label="cell"/>
            <span end="20484" id="17069463-13711" start="20480">cell</span>
        </annotation>
        <annotation annotator="Mike Bada, University of Colorado Anschutz Medical Campus" id="GO_CC_2016_02_16_test_Instance_22995" type="identity">
            <class id="GO:0001750" label="photoreceptor outer segment"/>
            <span end="20551" id="17069463-13799" start="20538">outer segment</span>
        </annotation>
        <annotation annotator="Mike Bada, University of Colorado Anschutz Medical Campus" id="GO_CC_2016_02_16_test_Instance_22997" type="identity">
            <class id="GO:0001917" label="photoreceptor inner segment"/>
            <span end="20575" id="17069463-13801" start="20562">inner segment</span>
        </annotation>
        <annotation annotator="" id="GO_CC_2016_02_16_Instance_101511" type="identity">
            <class id="GO:0005634" label="nucleus"/>
            <span end="20595" id="17069463-13678" start="20588">nuclear</span>
        </annotation>
        <annotation annotator="Mike Bada, University of Colorado Anschutz Medical Campus" id="GO_CC_2016_02_16_test_Instance_22993" type="identity">
            <class id="GO:0045202" label="synapse"/>
            <span end="20633" id="17069463-13797" start="20625">synaptic</span>
        </annotation>
        <annotation annotator="" id="GO_CC_2016_02_16_Instance_100592" type="identity">
            <class id="GO:0005634" label="nucleus"/>
            <span end="20660" id="17069463-13627" start="20653">nuclear</span>
        </annotation>
        <annotation annotator="Mike Bada, University of Colorado Anschutz Medical Campus" id="GO_CC_2016_02_16_test_Instance_22999" type="identity">
            <class id="GO:0045202" label="synapse"/>
            <span end="20698" id="17069463-13803" start="20690">synaptic</span>
        </annotation>
        <annotation annotator="Mike Bada, University of Colorado Anschutz Medical Campus" id="GO_CC_2016_02_16_test_Instance_18597" type="identity">
            <class id="CL_GO_EXT:cell" label="cell"/>
            <span end="20724" id="17069463-13713" start="20720">cell</span>
        </annotation>
        <annotation annotator="Mike Bada, University of Colorado Anschutz Medical Campus" id="GO_CC_2016_02_16_test_Instance_23001" type="identity">
            <class id="GO:0005643" label="nuclear pore"/>
            <span end="21145" id="17069463-13805" start="21141">NPCs</span>
        </annotation>
        <annotation annotator="Mike Bada, University of Colorado Anschutz Medical Campus" id="GO_CC_2016_02_16_test_Instance_23003" type="identity">
            <class id="GO:0005739" label="mitochondrion"/>
            <span end="22472" id="17069463-13807" start="22460">mitochondria</span>
        </annotation>
        <annotation annotator="" id="GO_CC_2016_02_16_Instance_100594" type="identity">
            <class id="GO_UBERON_EXT:cellular_component_or_cell_part" label="cell component/part"/>
            <span end="22512" id="17069463-13629" start="22501">subcellular</span>
        </annotation>
        <annotation annotator="Mike Bada, University of Colorado Anschutz Medical Campus" id="GO_CC_2016_02_16_test_Instance_23005" type="identity">
            <class id="GO:0045202" label="synapse"/>
            <span end="22686" id="17069463-13809" start="22678">synaptic</span>
        </annotation>
        <annotation annotator="Mike Bada, University of Colorado Anschutz Medical Campus" id="GO_CC_2016_02_16_test_Instance_23007" type="identity">
            <class id="GO:0005643" label="nuclear pore"/>
            <span end="22834" id="17069463-13811" start="22830">NPCs</span>
        </annotation>
        <annotation annotator="Mike Bada, University of Colorado Anschutz Medical Campus" id="GO_CC_2016_02_16_test_Instance_23011" type="identity">
            <class id="GO:0005643" label="nuclear pore"/>
            <span end="22986" id="17069463-13813" start="22982">NPCs</span>
        </annotation>
        <annotation annotator="" id="GO_CC_2016_02_16_Instance_102065" type="identity">
            <class id="GO:0005643" label="nuclear pore"/>
            <span end="22995" id="17069463-13682" start="22992">NPC</span>
        </annotation>
        <annotation annotator="Mike Bada, University of Colorado Anschutz Medical Campus" id="GO_CC_2016_02_16_test_Instance_31781" type="identity">
            <class id="GO:0005635" label="nuclear envelope"/>
            <span end="23024" id="17069463-13870" start="23008">nuclear envelope</span>
        </annotation>
        <annotation annotator="" id="GO_CC_2016_02_16_Instance_100596" type="identity">
            <class id="GO:0042571" label="immunoglobulin complex, circulating"/>
            <span end="23166" id="17069463-13631" start="23156">antibodies</span>
        </annotation>
        <annotation annotator="" id="GO_CC_2016_02_16_Instance_100598" type="identity">
            <class id="GO_EXT:dimer_macromolecular_complex" label="dimeric macromolecular complex"/>
            <span end="31870" id="17069463-13633" start="31865">dimer</span>
        </annotation>
        <annotation annotator="Mike Bada, University of Colorado Anschutz Medical Campus" id="GO_CC_2016_02_16_test_Instance_23015" type="identity">
            <class id="GO:0005739" label="mitochondrion"/>
            <span end="33248" id="17069463-13815" start="33235">mitochondrial</span>
        </annotation>
        <annotation annotator="Mike Bada, University of Colorado Anschutz Medical Campus" id="GO_CC_2016_02_16_test_Instance_23017" type="identity">
            <class id="GO:0005643" label="nuclear pore"/>
            <span end="33256" id="17069463-13817" start="33253">NPC</span>
        </annotation>
        <annotation annotator="Mike Bada, University of Colorado Anschutz Medical Campus" id="GO_CC_2016_02_16_test_Instance_18599" type="identity">
            <class id="CL_GO_EXT:cell" label="cell"/>
            <span end="34015" id="17069463-13715" start="34011">cell</span>
        </annotation>
        <annotation annotator="" id="GO_CC_2016_02_16_Instance_100600" type="identity">
            <class id="GO:0008541" label="proteasome regulatory particle, lid subcomplex"/>
            <span end="34720" id="17069463-13635" start="34714">cap of</span>
            <span end="34735" id="17069463-13636" start="34725">proteasome</span>
        </annotation>
        <annotation annotator="Mike Bada, University of Colorado Anschutz Medical Campus" id="GO_CC_2016_02_16_test_Instance_23103" type="identity">
            <class id="GO:0000502" label="proteasome complex"/>
            <span end="34944" id="17069463-13856" start="34934">proteasome</span>
        </annotation>
        <annotation annotator="" id="GO_CC_2016_02_16_Instance_100602" type="identity">
            <class id="GO_UBERON_EXT:cellular_component_or_cell_part" label="cell component/part"/>
            <span end="35013" id="17069463-13638" start="35002">subcellular</span>
        </annotation>
        <annotation annotator="Mike Bada, University of Colorado Anschutz Medical Campus" id="GO_CC_2016_02_16_test_Instance_23019" type="identity">
            <class id="GO:0000502" label="proteasome complex"/>
            <span end="35501" id="17069463-13819" start="35491">proteasome</span>
        </annotation>
        <annotation annotator="Mike Bada, University of Colorado Anschutz Medical Campus" id="GO_CC_2016_02_16_test_Instance_31783" type="identity">
            <class id="GO:0005622" label="intracellular"/>
            <span end="36566" id="17069463-13872" start="36553">intracellular</span>
        </annotation>
        <annotation annotator="Mike Bada, University of Colorado Anschutz Medical Campus" id="GO_CC_2016_02_16_test_Instance_31785" type="identity">
            <class id="GO:0005622" label="intracellular"/>
            <span end="36874" id="17069463-13874" start="36861">intracellular</span>
        </annotation>
        <annotation annotator="" id="GO_CC_2016_02_16_Instance_102067" type="identity">
            <class id="GO:0008541" label="proteasome regulatory particle, lid subcomplex"/>
            <span end="37331" id="17069463-13684" start="37325">cap of</span>
            <span end="37346" id="17069463-13685" start="37336">proteasome</span>
        </annotation>
        <annotation annotator="Mike Bada, University of Colorado Anschutz Medical Campus" id="GO_CC_2016_02_16_test_Instance_23021" type="identity">
            <class id="GO:0005634" label="nucleus"/>
            <span end="37495" id="17069463-13821" start="37488">nuclear</span>
        </annotation>
        <annotation annotator="Mike Bada, University of Colorado Anschutz Medical Campus" id="GO_CC_2016_02_16_test_Instance_23023" type="identity">
            <class id="GO:0005634" label="nucleus"/>
            <span end="37595" id="17069463-13823" start="37588">nuclear</span>
        </annotation>
        <annotation annotator="Mike Bada, University of Colorado Anschutz Medical Campus" id="GO_CC_2016_02_16_test_Instance_23025" type="identity">
            <class id="GO:0001917" label="photoreceptor inner segment"/>
            <span end="38964" id="17069463-13825" start="38959">inner</span>
            <span end="38982" id="17069463-13826" start="38975">segment</span>
        </annotation>
        <annotation annotator="Mike Bada, University of Colorado Anschutz Medical Campus" id="GO_CC_2016_02_16_test_Instance_23027" type="identity">
            <class id="GO:0001750" label="photoreceptor outer segment"/>
            <span end="38982" id="17069463-13828" start="38969">outer segment</span>
        </annotation>
        <annotation annotator="Mike Bada, University of Colorado Anschutz Medical Campus" id="GO_CC_2016_02_16_test_Instance_31787" type="identity">
            <class id="GO:0005622" label="intracellular"/>
            <span end="39488" id="17069463-13876" start="39475">intracellular</span>
        </annotation>
        <annotation annotator="Mike Bada, University of Colorado Anschutz Medical Campus" id="GO_CC_2016_02_16_test_Instance_23029" type="identity">
            <class id="GO:0001917" label="photoreceptor inner segment"/>
            <span end="39720" id="17069463-13830" start="39707">inner segment</span>
        </annotation>
        <annotation annotator="Mike Bada, University of Colorado Anschutz Medical Campus" id="GO_CC_2016_02_16_test_Instance_23031" type="identity">
            <class id="GO:0001750" label="photoreceptor outer segment"/>
            <span end="39744" id="17069463-13832" start="39731">outer segment</span>
        </annotation>
        <annotation annotator="Mike Bada, University of Colorado Anschutz Medical Campus" id="GO_CC_2016_02_16_test_Instance_18601" type="identity">
            <class id="CL_GO_EXT:cell" label="cell"/>
            <span end="39928" id="17069463-13717" start="39924">cell</span>
        </annotation>
        <annotation annotator="Mike Bada, University of Colorado Anschutz Medical Campus" id="GO_CC_2016_02_16_test_Instance_18603" type="identity">
            <class id="CL_GO_EXT:cell" label="cell"/>
            <span end="40160" id="17069463-13719" start="40156">cell</span>
        </annotation>
        <annotation annotator="Mike Bada, University of Colorado Anschutz Medical Campus" id="GO_CC_2016_02_16_test_Instance_23033" type="identity">
            <class id="GO:0031080" label="nuclear pore outer ring"/>
            <span end="40291" id="17069463-13834" start="40270">Nup107-Nup160 complex</span>
        </annotation>
        <annotation annotator="Mike Bada, University of Colorado Anschutz Medical Campus" id="GO_CC_2016_02_16_test_Instance_31789" type="identity">
            <class id="GO:0005643" label="nuclear pore"/>
            <span end="40380" id="17069463-13878" start="40368">nuclear pore</span>
        </annotation>
        <annotation annotator="Mike Bada, University of Colorado Anschutz Medical Campus" id="GO_CC_2016_02_16_test_Instance_18605" type="identity">
            <class id="CL_GO_EXT:cell" label="cell"/>
            <span end="40425" id="17069463-13721" start="40421">cell</span>
        </annotation>
        <annotation annotator="" id="GO_CC_2016_02_16_Instance_100604" type="identity">
            <class id="GO:0042571" label="immunoglobulin complex, circulating"/>
            <span end="43301" id="17069463-13640" start="43291">antibodies</span>
        </annotation>
        <annotation annotator="" id="GO_CC_2016_02_16_Instance_100606" type="identity">
            <class id="GO:0042571" label="immunoglobulin complex, circulating"/>
            <span end="43647" id="17069463-13642" start="43639">antibody</span>
        </annotation>
        <annotation annotator="" id="GO_CC_2016_02_16_Instance_100608" type="identity">
            <class id="GO:0042571" label="immunoglobulin complex, circulating"/>
            <span end="43694" id="17069463-13644" start="43686">antibody</span>
        </annotation>
        <annotation annotator="" id="GO_CC_2016_02_16_Instance_100610" type="identity">
            <class id="GO:0042571" label="immunoglobulin complex, circulating"/>
            <span end="44605" id="17069463-13646" start="44595">Antibodies</span>
        </annotation>
        <annotation annotator="" id="GO_CC_2016_02_16_Instance_100618" type="identity">
            <class id="GO:0042571" label="immunoglobulin complex, circulating"/>
            <span end="44804" id="17069463-13654" start="44794">antibodies</span>
        </annotation>
        <annotation annotator="" id="GO_CC_2016_02_16_Instance_100614" type="identity">
            <class id="GO:0042571" label="immunoglobulin complex, circulating"/>
            <span end="44873" id="17069463-13650" start="44865">antibody</span>
        </annotation>
        <annotation annotator="" id="GO_CC_2016_02_16_Instance_100612" type="identity">
            <class id="GO:0042571" label="immunoglobulin complex, circulating"/>
            <span end="44958" id="17069463-13648" start="44948">antibodies</span>
        </annotation>
        <annotation annotator="" id="GO_CC_2016_02_16_Instance_100616" type="identity">
            <class id="GO:0042571" label="immunoglobulin complex, circulating"/>
            <span end="45072" id="17069463-13652" start="45062">antibodies</span>
        </annotation>
        <annotation annotator="Mike Bada, University of Colorado Anschutz Medical Campus" id="GO_CC_2016_02_16_test_Instance_18607" type="identity">
            <class id="CL_GO_EXT:cell" label="cell"/>
            <span end="45552" id="17069463-13723" start="45547">cells</span>
        </annotation>
        <annotation annotator="Mike Bada, University of Colorado Anschutz Medical Campus" id="GO_CC_2016_02_16_test_Instance_18609" type="identity">
            <class id="CL_GO_EXT:cell" label="cell"/>
            <span end="45678" id="17069463-13725" start="45673">cells</span>
        </annotation>
        <annotation annotator="" id="GO_CC_2016_02_16_Instance_100620" type="identity">
            <class id="GO:0042571" label="immunoglobulin complex, circulating"/>
            <span end="45920" id="17069463-13656" start="45910">antibodies</span>
        </annotation>
        <annotation annotator="" id="GO_CC_2016_02_16_Instance_100622" type="identity">
            <class id="GO:0042571" label="immunoglobulin complex, circulating"/>
            <span end="46020" id="17069463-13658" start="46010">antibodies</span>
        </annotation>
        <annotation annotator="Mike Bada, University of Colorado Anschutz Medical Campus" id="GO_CC_2016_02_16_test_Instance_18611" type="identity">
            <class id="CL_GO_EXT:cell" label="cell"/>
            <span end="47781" id="17069463-13727" start="47777">cell</span>
        </annotation>
        <annotation annotator="Mike Bada, University of Colorado Anschutz Medical Campus" id="GO_CC_2016_02_16_test_Instance_31791" type="identity">
            <class id="GO:0005840" label="ribosome"/>
            <span end="48226" id="17069463-13880" start="48218">ribosome</span>
        </annotation>
        <annotation annotator="" id="GO_CC_2016_02_16_Instance_100624" type="identity">
            <class id="GO:0042571" label="immunoglobulin complex, circulating"/>
            <span end="52530" id="17069463-13660" start="52520">antibodies</span>
        </annotation>
        <annotation annotator="" id="GO_CC_2016_02_16_Instance_100626" type="identity">
            <class id="GO:0042571" label="immunoglobulin complex, circulating"/>
            <span end="52832" id="17069463-13662" start="52822">Antibodies</span>
        </annotation>
        <annotation annotator="Mike Bada, University of Colorado Anschutz Medical Campus" id="GO_CC_2016_02_16_test_Instance_23059" type="identity">
            <class id="GO:0001917" label="photoreceptor inner segment"/>
            <span end="52924" id="17069463-13836" start="52911">inner segment</span>
        </annotation>
        <annotation annotator="" id="GO_CC_2016_02_16_Instance_101999" type="identity">
            <class id="GO_UBERON_EXT:cellular_component_or_cell_part" label="cell component/part"/>
            <span end="52936" id="17069463-13680" start="52925">subcellular</span>
        </annotation>
        <annotation annotator="Mike Bada, University of Colorado Anschutz Medical Campus" id="GO_CC_2016_02_16_test_Instance_23061" type="identity">
            <class id="GO:0001917" label="photoreceptor inner segment"/>
            <span end="53096" id="17069463-13838" start="53058">inner segment of photoreceptor neurons</span>
        </annotation>
        <annotation annotator="Mike Bada, University of Colorado Anschutz Medical Campus" id="GO_CC_2016_02_16_test_Instance_23063" type="identity">
            <class id="GO:0045202" label="synapse"/>
            <span end="53174" id="17069463-13840" start="53166">synaptic</span>
        </annotation>
        <annotation annotator="Mike Bada, University of Colorado Anschutz Medical Campus" id="GO_CC_2016_02_16_test_Instance_23065" type="identity">
            <class id="GO:0045202" label="synapse"/>
            <span end="53369" id="17069463-13842" start="53361">synaptic</span>
        </annotation>
        <annotation annotator="Mike Bada, University of Colorado Anschutz Medical Campus" id="GO_CC_2016_02_16_test_Instance_23067" type="identity">
            <class id="GO:0001750" label="photoreceptor outer segment"/>
            <span end="53439" id="17069463-13844" start="53426">outer segment</span>
        </annotation>
        <annotation annotator="Mike Bada, University of Colorado Anschutz Medical Campus" id="GO_CC_2016_02_16_test_Instance_23069" type="identity">
            <class id="GO:0001917" label="photoreceptor inner segment"/>
            <span end="53463" id="17069463-13846" start="53450">inner segment</span>
        </annotation>
        <annotation annotator="" id="GO_CC_2016_02_16_Instance_100628" type="identity">
            <class id="GO:0005634" label="nucleus"/>
            <span end="53483" id="17069463-13664" start="53476">nuclear</span>
        </annotation>
        <annotation annotator="" id="GO_CC_2016_02_16_Instance_100630" type="identity">
            <class id="GO:0005634" label="nucleus"/>
            <span end="53537" id="17069463-13666" start="53530">nuclear</span>
        </annotation>
        <annotation annotator="Mike Bada, University of Colorado Anschutz Medical Campus" id="GO_CC_2016_02_16_test_Instance_18613" type="identity">
            <class id="CL_GO_EXT:cell" label="cell"/>
            <span end="53591" id="17069463-13729" start="53587">cell</span>
        </annotation>
        <annotation annotator="Mike Bada, University of Colorado Anschutz Medical Campus" id="GO_CC_2016_02_16_test_Instance_23071" type="identity">
            <class id="GO:0005739" label="mitochondrion"/>
            <span end="53653" id="17069463-13848" start="53641">mitochondria</span>
        </annotation>
        <annotation annotator="" id="GO_CC_2016_02_16_Instance_100632" type="identity">
            <class id="GO:0042571" label="immunoglobulin complex, circulating"/>
            <span end="54109" id="17069463-13668" start="54099">antibodies</span>
        </annotation>
        <annotation annotator="Mike Bada, University of Colorado Anschutz Medical Campus" id="GO_CC_2016_02_16_test_Instance_23075" type="identity">
            <class id="GO:0005643" label="nuclear pore"/>
            <span end="54471" id="17069463-13850" start="54468">NPC</span>
        </annotation>
        <annotation annotator="Mike Bada, University of Colorado Anschutz Medical Campus" id="GO_CC_2016_02_16_test_Instance_31793" type="identity">
            <class id="GO:0005643" label="nuclear pore"/>
            <span end="54494" id="17069463-13882" start="54474">nuclear pore complex</span>
        </annotation>
        <graph-space id="Old Knowtator Relations"/>
    </document>
</knowtator-project>
