<?xml version="1.0" encoding="UTF-8" standalone="no"?>
<knowtator-project>
    <document id="17194222" text-file="17194222.txt">
        <annotation annotator="Mike Bada, University of Colorado Anschutz Medical Campus" id="GO_CC_2016_02_16_test_Instance_19051" type="identity">
            <class id="CL_GO_EXT:cell" label="cell"/>
            <span end="1797" id="17194222-14921" start="1792">cells</span>
        </annotation>
        <annotation annotator="Mike Bada, University of Colorado Anschutz Medical Campus" id="GO_CC_2016_02_16_test_Instance_19053" type="identity">
            <class id="CL_GO_EXT:cell" label="cell"/>
            <span end="3462" id="17194222-14923" start="3458">cell</span>
        </annotation>
        <annotation annotator="Mike Bada, University of Colorado Anschutz Medical Campus" id="GO_CC_2016_02_16_test_Instance_19097" type="identity">
            <class id="CL_GO_EXT:cell" label="cell"/>
            <span end="18651" id="17194222-14967" start="18646">cells</span>
        </annotation>
        <annotation annotator="Mike Bada, University of Colorado Anschutz Medical Campus" id="GO_CC_2016_02_16_test_Instance_19055" type="identity">
            <class id="CL_GO_EXT:cell" label="cell"/>
            <span end="19467" id="17194222-14925" start="19462">cells</span>
        </annotation>
        <annotation annotator="Mike Bada, University of Colorado Anschutz Medical Campus" id="GO_CC_2016_02_16_test_Instance_19057" type="identity">
            <class id="CL_GO_EXT:cell" label="cell"/>
            <span end="19813" id="17194222-14927" start="19808">cells</span>
        </annotation>
        <annotation annotator="Mike Bada, University of Colorado Anschutz Medical Campus" id="GO_CC_2016_02_16_test_Instance_19059" type="identity">
            <class id="CL_GO_EXT:cell" label="cell"/>
            <span end="22364" id="17194222-14929" start="22360">cell</span>
        </annotation>
        <annotation annotator="Mike Bada, University of Colorado Anschutz Medical Campus" id="GO_CC_2016_02_16_test_Instance_21837" type="identity">
            <class id="GO:0031012" label="extracellular matrix"/>
            <span end="26925" id="17194222-14971" start="26919">matrix</span>
        </annotation>
        <annotation annotator="Mike Bada, University of Colorado Anschutz Medical Campus" id="GO_CC_2016_02_16_test_Instance_19061" type="identity">
            <class id="CL_GO_EXT:cell" label="cell"/>
            <span end="28842" id="17194222-14931" start="28837">cells</span>
        </annotation>
        <annotation annotator="Mike Bada, University of Colorado Anschutz Medical Campus" id="GO_CC_2016_02_16_test_Instance_19063" type="identity">
            <class id="CL_GO_EXT:cell" label="cell"/>
            <span end="29817" id="17194222-14933" start="29812">cells</span>
        </annotation>
        <annotation annotator="Mike Bada, University of Colorado Anschutz Medical Campus" id="GO_CC_2016_02_16_test_Instance_19065" type="identity">
            <class id="CL_GO_EXT:cell" label="cell"/>
            <span end="29988" id="17194222-14935" start="29983">cells</span>
        </annotation>
        <annotation annotator="Mike Bada, University of Colorado Anschutz Medical Campus" id="GO_CC_2016_02_16_test_Instance_23399" type="identity">
            <class id="GO:0031012" label="extracellular matrix"/>
            <span end="30023" id="17194222-14973" start="30017">matrix</span>
        </annotation>
        <annotation annotator="Mike Bada, University of Colorado Anschutz Medical Campus" id="GO_CC_2016_02_16_test_Instance_19067" type="identity">
            <class id="CL_GO_EXT:cell" label="cell"/>
            <span end="30260" id="17194222-14937" start="30255">cells</span>
        </annotation>
        <annotation annotator="Mike Bada, University of Colorado Anschutz Medical Campus" id="GO_CC_2016_02_16_test_Instance_19069" type="identity">
            <class id="CL_GO_EXT:cell" label="cell"/>
            <span end="30399" id="17194222-14939" start="30394">cells</span>
        </annotation>
        <annotation annotator="Mike Bada, University of Colorado Anschutz Medical Campus" id="GO_CC_2016_02_16_test_Instance_19071" type="identity">
            <class id="CL_GO_EXT:cell" label="cell"/>
            <span end="33679" id="17194222-14941" start="33674">cells</span>
        </annotation>
        <annotation annotator="Mike Bada, University of Colorado Anschutz Medical Campus" id="GO_CC_2016_02_16_test_Instance_19073" type="identity">
            <class id="CL_GO_EXT:cell" label="cell"/>
            <span end="33798" id="17194222-14943" start="33793">cells</span>
        </annotation>
        <annotation annotator="Mike Bada, University of Colorado Anschutz Medical Campus" id="GO_CC_2016_02_16_test_Instance_19075" type="identity">
            <class id="CL_GO_EXT:cell" label="cell"/>
            <span end="34066" id="17194222-14945" start="34061">cells</span>
        </annotation>
        <annotation annotator="Mike Bada, University of Colorado Anschutz Medical Campus" id="GO_CC_2016_02_16_test_Instance_19077" type="identity">
            <class id="CL_GO_EXT:cell" label="cell"/>
            <span end="34134" id="17194222-14947" start="34129">cells</span>
        </annotation>
        <annotation annotator="Mike Bada, University of Colorado Anschutz Medical Campus" id="GO_CC_2016_02_16_test_Instance_19079" type="identity">
            <class id="CL_GO_EXT:cell" label="cell"/>
            <span end="40688" id="17194222-14949" start="40684">cell</span>
        </annotation>
        <annotation annotator="Mike Bada, University of Colorado Anschutz Medical Campus" id="GO_CC_2016_02_16_test_Instance_19081" type="identity">
            <class id="CL_GO_EXT:cell" label="cell"/>
            <span end="43112" id="17194222-14951" start="43107">cells</span>
        </annotation>
        <annotation annotator="Mike Bada, University of Colorado Anschutz Medical Campus" id="GO_CC_2016_02_16_test_Instance_19083" type="identity">
            <class id="CL_GO_EXT:cell" label="cell"/>
            <span end="43197" id="17194222-14953" start="43192">cells</span>
        </annotation>
        <annotation annotator="Mike Bada, University of Colorado Anschutz Medical Campus" id="GO_CC_2016_02_16_test_Instance_20983" type="identity">
            <class id="GO:0032991" label="macromolecular complex"/>
            <span end="44371" id="17194222-14969" start="44364">complex</span>
        </annotation>
        <annotation annotator="" id="GO_CC_2016_02_16_Instance_100735" type="identity">
            <class id="GO_PR_EXT:SMAD" label="SMAD"/>
            <span end="44518" id="17194222-14919" start="44513">Smads</span>
        </annotation>
        <annotation annotator="Mike Bada, University of Colorado Anschutz Medical Campus" id="GO_CC_2016_02_16_test_Instance_19085" type="identity">
            <class id="CL_GO_EXT:cell" label="cell"/>
            <span end="44631" id="17194222-14955" start="44626">cells</span>
        </annotation>
        <annotation annotator="Mike Bada, University of Colorado Anschutz Medical Campus" id="GO_CC_2016_02_16_test_Instance_32013" type="identity">
            <class id="GO_SO_EXT:chromosome" label="chromosome"/>
            <span end="48556" id="17194222-14975" start="48546">chromosome</span>
        </annotation>
        <annotation annotator="Mike Bada, University of Colorado Anschutz Medical Campus" id="GO_CC_2016_02_16_test_Instance_32015" type="identity">
            <class id="GO_SO_EXT:chromosome" label="chromosome"/>
            <span end="48568" id="17194222-14977" start="48558">Chromosome</span>
        </annotation>
        <annotation annotator="Mike Bada, University of Colorado Anschutz Medical Campus" id="GO_CC_2016_02_16_test_Instance_32017" type="identity">
            <class id="GO_SO_EXT:chromosome" label="chromosome"/>
            <span end="49026" id="17194222-14979" start="49016">chromosome</span>
        </annotation>
        <annotation annotator="Mike Bada, University of Colorado Anschutz Medical Campus" id="GO_CC_2016_02_16_test_Instance_32019" type="identity">
            <class id="GO_SO_EXT:chromosome" label="chromosome"/>
            <span end="49343" id="17194222-14981" start="49333">chromosome</span>
        </annotation>
        <annotation annotator="Mike Bada, University of Colorado Anschutz Medical Campus" id="GO_CC_2016_02_16_test_Instance_19087" type="identity">
            <class id="CL_GO_EXT:cell" label="cell"/>
            <span end="50271" id="17194222-14957" start="50266">cells</span>
        </annotation>
        <annotation annotator="Mike Bada, University of Colorado Anschutz Medical Campus" id="GO_CC_2016_02_16_test_Instance_19089" type="identity">
            <class id="CL_GO_EXT:cell" label="cell"/>
            <span end="59452" id="17194222-14959" start="59447">cells</span>
        </annotation>
        <annotation annotator="Mike Bada, University of Colorado Anschutz Medical Campus" id="GO_CC_2016_02_16_test_Instance_19091" type="identity">
            <class id="CL_GO_EXT:cell" label="cell"/>
            <span end="63444" id="17194222-14961" start="63439">cells</span>
        </annotation>
        <annotation annotator="Mike Bada, University of Colorado Anschutz Medical Campus" id="GO_CC_2016_02_16_test_Instance_19093" type="identity">
            <class id="CL_GO_EXT:cell" label="cell"/>
            <span end="63519" id="17194222-14963" start="63514">cells</span>
        </annotation>
        <annotation annotator="Mike Bada, University of Colorado Anschutz Medical Campus" id="GO_CC_2016_02_16_test_Instance_19095" type="identity">
            <class id="CL_GO_EXT:cell" label="cell"/>
            <span end="64147" id="17194222-14965" start="64142">cells</span>
        </annotation>
        <graph-space id="Old Knowtator Relations"/>
    </document>
</knowtator-project>
