<?xml version="1.0" encoding="UTF-8" standalone="no"?>
<knowtator-project>
  <document id="17608565" text-file="17608565.txt">
    <annotation annotator="Mike Bada, University of Colorado Anschutz Medical Campus" id="GO_CC_2016_02_16_test_Instance_21719" type="identity">
      <class id="CL_GO_EXT:cell" label="cell"/>
      <span end="49" id="17608565-16353" start="45">Cell</span>
    </annotation>
    <annotation annotator="Mike Bada, University of Colorado Anschutz Medical Campus" id="GO_CC_2016_02_16_test_Instance_25065" type="identity">
      <class id="CL_GO_EXT:cell" label="cell"/>
      <span end="275" id="17608565-16502" start="271">cell</span>
    </annotation>
    <annotation annotator="Mike Bada, University of Colorado Anschutz Medical Campus" id="GO_CC_2016_02_16_test_Instance_25067" type="identity">
      <class id="CL_GO_EXT:cell" label="cell"/>
      <span end="508" id="17608565-16504" start="503">cells</span>
    </annotation>
    <annotation annotator="Mike Bada, University of Colorado Anschutz Medical Campus" id="GO_CC_2016_02_16_test_Instance_25069" type="identity">
      <class id="CL_GO_EXT:cell" label="cell"/>
      <span end="655" id="17608565-16506" start="651">cell</span>
    </annotation>
    <annotation annotator="Mike Bada, University of Colorado Anschutz Medical Campus" id="GO_CC_2016_02_16_test_Instance_25071" type="identity">
      <class id="CL_GO_EXT:cell" label="cell"/>
      <span end="716" id="17608565-16508" start="712">cell</span>
    </annotation>
    <annotation annotator="Mike Bada, University of Colorado Anschutz Medical Campus" id="GO_CC_2016_02_16_test_Instance_25073" type="identity">
      <class id="CL_GO_EXT:cell" label="cell"/>
      <span end="799" id="17608565-16510" start="794">cells</span>
    </annotation>
    <annotation annotator="" id="GO_CC_2016_02_16_Instance_101199" type="identity">
      <class id="GO_UBERON_EXT:cellular_component_or_cell_part" label="cell component/part"/>
      <span end="1251" id="17608565-16215" start="1240">subcellular</span>
    </annotation>
    <annotation annotator="Mike Bada, University of Colorado Anschutz Medical Campus" id="GO_CC_2016_02_16_test_Instance_25075" type="identity">
      <class id="CL_GO_EXT:cell" label="cell"/>
      <span end="1324" id="17608565-16512" start="1319">cells</span>
    </annotation>
    <annotation annotator="Mike Bada, University of Colorado Anschutz Medical Campus" id="GO_CC_2016_02_16_test_Instance_25077" type="identity">
      <class id="CL_GO_EXT:cell" label="cell"/>
      <span end="1983" id="17608565-16514" start="1978">cells</span>
    </annotation>
    <annotation annotator="Mike Bada, University of Colorado Anschutz Medical Campus" id="GO_CC_2016_02_16_test_Instance_25079" type="identity">
      <class id="CL_GO_EXT:cell" label="cell"/>
      <span end="2276" id="17608565-16516" start="2271">cells</span>
    </annotation>
    <annotation annotator="Mike Bada, University of Colorado Anschutz Medical Campus" id="GO_CC_2016_02_16_test_Instance_25081" type="identity">
      <class id="CL_GO_EXT:cell" label="cell"/>
      <span end="2364" id="17608565-16518" start="2360">cell</span>
    </annotation>
    <annotation annotator="Mike Bada, University of Colorado Anschutz Medical Campus" id="GO_CC_2016_02_16_test_Instance_25083" type="identity">
      <class id="CL_GO_EXT:cell" label="cell"/>
      <span end="2614" id="17608565-16520" start="2610">cell</span>
    </annotation>
    <annotation annotator="Mike Bada, University of Colorado Anschutz Medical Campus" id="GO_CC_2016_02_16_test_Instance_25085" type="identity">
      <class id="CL_GO_EXT:cell" label="cell"/>
      <span end="2658" id="17608565-16522" start="2654">cell</span>
    </annotation>
    <annotation annotator="Mike Bada, University of Colorado Anschutz Medical Campus" id="GO_CC_2016_02_16_test_Instance_25087" type="identity">
      <class id="CL_GO_EXT:cell" label="cell"/>
      <span end="2718" id="17608565-16524" start="2714">cell</span>
    </annotation>
    <annotation annotator="Mike Bada, University of Colorado Anschutz Medical Campus" id="GO_CC_2016_02_16_test_Instance_25089" type="identity">
      <class id="CL_GO_EXT:cell" label="cell"/>
      <span end="2870" id="17608565-16526" start="2866">cell</span>
    </annotation>
    <annotation annotator="Mike Bada, University of Colorado Anschutz Medical Campus" id="GO_CC_2016_02_16_test_Instance_25091" type="identity">
      <class id="CL_GO_EXT:cell" label="cell"/>
      <span end="3064" id="17608565-16528" start="3060">cell</span>
    </annotation>
    <annotation annotator="Mike Bada, University of Colorado Anschutz Medical Campus" id="GO_CC_2016_02_16_test_Instance_25093" type="identity">
      <class id="CL_GO_EXT:cell" label="cell"/>
      <span end="3144" id="17608565-16530" start="3139">cells</span>
    </annotation>
    <annotation annotator="Mike Bada, University of Colorado Anschutz Medical Campus" id="GO_CC_2016_02_16_test_Instance_25095" type="identity">
      <class id="CL_GO_EXT:cell" label="cell"/>
      <span end="3245" id="17608565-16532" start="3241">cell</span>
    </annotation>
    <annotation annotator="Mike Bada, University of Colorado Anschutz Medical Campus" id="GO_CC_2016_02_16_test_Instance_25097" type="identity">
      <class id="CL_GO_EXT:cell" label="cell"/>
      <span end="3307" id="17608565-16534" start="3303">cell</span>
    </annotation>
    <annotation annotator="Mike Bada, University of Colorado Anschutz Medical Campus" id="GO_CC_2016_02_16_test_Instance_25099" type="identity">
      <class id="CL_GO_EXT:cell" label="cell"/>
      <span end="3459" id="17608565-16536" start="3455">cell</span>
    </annotation>
    <annotation annotator="" id="GO_CC_2016_02_16_Instance_101203" type="identity">
      <class id="GO:0005634" label="nucleus"/>
      <span end="3584" id="17608565-16219" start="3577">nuclear</span>
    </annotation>
    <annotation annotator="Mike Bada, University of Colorado Anschutz Medical Campus" id="GO_CC_2016_02_16_test_Instance_25101" type="identity">
      <class id="CL_GO_EXT:cell" label="cell"/>
      <span end="3637" id="17608565-16538" start="3632">cells</span>
    </annotation>
    <annotation annotator="" id="GO_CC_2016_02_16_Instance_101201" type="identity">
      <class id="GO:0044297" label="cell body"/>
      <span end="3673" id="17608565-16217" start="3662">cell bodies</span>
    </annotation>
    <annotation annotator="" id="GO_CC_2016_02_16_Instance_101205" type="identity">
      <class id="GO:0005634" label="nucleus"/>
      <span end="3702" id="17608565-16221" start="3695">nuclear</span>
    </annotation>
    <annotation annotator="Mike Bada, University of Colorado Anschutz Medical Campus" id="GO_CC_2016_02_16_test_Instance_25105" type="identity">
      <class id="CL_GO_EXT:cell" label="cell"/>
      <span end="3757" id="17608565-16540" start="3752">cells</span>
    </annotation>
    <annotation annotator="Mike Bada, University of Colorado Anschutz Medical Campus" id="GO_CC_2016_02_16_test_Instance_25107" type="identity">
      <class id="CL_GO_EXT:cell" label="cell"/>
      <span end="3780" id="17608565-16542" start="3776">cell</span>
    </annotation>
    <annotation annotator="Mike Bada, University of Colorado Anschutz Medical Campus" id="GO_CC_2016_02_16_test_Instance_24279" type="identity">
      <class id="GO:0045202" label="synapse"/>
      <span end="3896" id="17608565-16369" start="3876">synaptic connections</span>
    </annotation>
    <annotation annotator="Mike Bada, University of Colorado Anschutz Medical Campus" id="GO_CC_2016_02_16_test_Instance_21721" type="identity">
      <class id="CL_GO_EXT:cell" label="cell"/>
      <span end="4024" id="17608565-16355" start="4020">Cell</span>
    </annotation>
    <annotation annotator="Mike Bada, University of Colorado Anschutz Medical Campus" id="GO_CC_2016_02_16_test_Instance_24281" type="identity">
      <class id="GO:0005634" label="nucleus"/>
      <span end="4148" id="17608565-16371" start="4142">nuclei</span>
    </annotation>
    <annotation annotator="" id="GO_CC_2016_02_16_Instance_101207" type="identity">
      <class id="GO:0044297" label="cell body"/>
      <span end="4166" id="17608565-16223" start="4155">cell bodies</span>
    </annotation>
    <annotation annotator="" id="GO_CC_2016_02_16_Instance_102631" type="identity">
      <class id="GO:0042995" label="cell projection"/>
      <span end="4192" id="17608565-16305" start="4183">processes</span>
    </annotation>
    <annotation annotator="Mike Bada, University of Colorado Anschutz Medical Campus" id="GO_CC_2016_02_16_test_Instance_25111" type="identity">
      <class id="CL_GO_EXT:cell" label="cell"/>
      <span end="4226" id="17608565-16544" start="4222">cell</span>
    </annotation>
    <annotation annotator="Mike Bada, University of Colorado Anschutz Medical Campus" id="GO_CC_2016_02_16_test_Instance_24285" type="identity">
      <class id="GO:0005634" label="nucleus"/>
      <span end="4318" id="17608565-16373" start="4312">nuclei</span>
    </annotation>
    <annotation annotator="Mike Bada, University of Colorado Anschutz Medical Campus" id="GO_CC_2016_02_16_test_Instance_25113" type="identity">
      <class id="CL_GO_EXT:cell" label="cell"/>
      <span end="4529" id="17608565-16546" start="4524">cells</span>
    </annotation>
    <annotation annotator="Mike Bada, University of Colorado Anschutz Medical Campus" id="GO_CC_2016_02_16_test_Instance_25115" type="identity">
      <class id="CL_GO_EXT:cell" label="cell"/>
      <span end="4587" id="17608565-16548" start="4582">cells</span>
    </annotation>
    <annotation annotator="Mike Bada, University of Colorado Anschutz Medical Campus" id="GO_CC_2016_02_16_test_Instance_25117" type="identity">
      <class id="CL_GO_EXT:cell" label="cell"/>
      <span end="4668" id="17608565-16550" start="4664">cell</span>
    </annotation>
    <annotation annotator="Mike Bada, University of Colorado Anschutz Medical Campus" id="GO_CC_2016_02_16_test_Instance_24287" type="identity">
      <class id="GO:0005634" label="nucleus"/>
      <span end="5072" id="17608565-16375" start="5066">nuclei</span>
    </annotation>
    <annotation annotator="Mike Bada, University of Colorado Anschutz Medical Campus" id="GO_CC_2016_02_16_test_Instance_25119" type="identity">
      <class id="CL_GO_EXT:cell" label="cell"/>
      <span end="5217" id="17608565-16552" start="5212">cells</span>
    </annotation>
    <annotation annotator="Mike Bada, University of Colorado Anschutz Medical Campus" id="GO_CC_2016_02_16_test_Instance_25121" type="identity">
      <class id="CL_GO_EXT:cell" label="cell"/>
      <span end="5242" id="17608565-16554" start="5237">cells</span>
    </annotation>
    <annotation annotator="Mike Bada, University of Colorado Anschutz Medical Campus" id="GO_CC_2016_02_16_test_Instance_25123" type="identity">
      <class id="CL_GO_EXT:cell" label="cell"/>
      <span end="5283" id="17608565-16556" start="5278">cells</span>
    </annotation>
    <annotation annotator="Mike Bada, University of Colorado Anschutz Medical Campus" id="GO_CC_2016_02_16_test_Instance_25125" type="identity">
      <class id="CL_GO_EXT:cell" label="cell"/>
      <span end="5675" id="17608565-16558" start="5671">cell</span>
    </annotation>
    <annotation annotator="Mike Bada, University of Colorado Anschutz Medical Campus" id="GO_CC_2016_02_16_test_Instance_25127" type="identity">
      <class id="CL_GO_EXT:cell" label="cell"/>
      <span end="5717" id="17608565-16560" start="5713">cell</span>
    </annotation>
    <annotation annotator="Mike Bada, University of Colorado Anschutz Medical Campus" id="GO_CC_2016_02_16_test_Instance_25129" type="identity">
      <class id="CL_GO_EXT:cell" label="cell"/>
      <span end="5829" id="17608565-16562" start="5824">cells</span>
    </annotation>
    <annotation annotator="Mike Bada, University of Colorado Anschutz Medical Campus" id="GO_CC_2016_02_16_test_Instance_25131" type="identity">
      <class id="CL_GO_EXT:cell" label="cell"/>
      <span end="5875" id="17608565-16564" start="5871">cell</span>
    </annotation>
    <annotation annotator="Mike Bada, University of Colorado Anschutz Medical Campus" id="GO_CC_2016_02_16_test_Instance_25133" type="identity">
      <class id="CL_GO_EXT:cell" label="cell"/>
      <span end="6079" id="17608565-16566" start="6075">cell</span>
    </annotation>
    <annotation annotator="" id="GO_CC_2016_02_16_Instance_101209" type="identity">
      <class id="GO_EXT:dimer_macromolecular_complex" label="dimeric macromolecular complex"/>
      <span end="6136" id="17608565-16225" start="6130">dimers</span>
    </annotation>
    <annotation annotator="Mike Bada, University of Colorado Anschutz Medical Campus" id="GO_CC_2016_02_16_test_Instance_25135" type="identity">
      <class id="CL_GO_EXT:cell" label="cell"/>
      <span end="6792" id="17608565-16568" start="6787">cells</span>
    </annotation>
    <annotation annotator="Mike Bada, University of Colorado Anschutz Medical Campus" id="GO_CC_2016_02_16_test_Instance_25137" type="identity">
      <class id="CL_GO_EXT:cell" label="cell"/>
      <span end="7421" id="17608565-16570" start="7417">cell</span>
    </annotation>
    <annotation annotator="Mike Bada, University of Colorado Anschutz Medical Campus" id="GO_CC_2016_02_16_test_Instance_25139" type="identity">
      <class id="CL_GO_EXT:cell" label="cell"/>
      <span end="7890" id="17608565-16572" start="7885">cells</span>
    </annotation>
    <annotation annotator="Mike Bada, University of Colorado Anschutz Medical Campus" id="GO_CC_2016_02_16_test_Instance_25141" type="identity">
      <class id="CL_GO_EXT:cell" label="cell"/>
      <span end="7998" id="17608565-16574" start="7993">cells</span>
    </annotation>
    <annotation annotator="Mike Bada, University of Colorado Anschutz Medical Campus" id="GO_CC_2016_02_16_test_Instance_25143" type="identity">
      <class id="CL_GO_EXT:cell" label="cell"/>
      <span end="8173" id="17608565-16576" start="8168">cells</span>
    </annotation>
    <annotation annotator="" id="GO_CC_2016_02_16_Instance_101211" type="identity">
      <class id="GO_UBERON_EXT:cellular_component_or_cell_part" label="cell component/part"/>
      <span end="8395" id="17608565-16227" start="8384">subcellular</span>
    </annotation>
    <annotation annotator="Mike Bada, University of Colorado Anschutz Medical Campus" id="GO_CC_2016_02_16_test_Instance_25145" type="identity">
      <class id="CL_GO_EXT:cell" label="cell"/>
      <span end="8997" id="17608565-16578" start="8993">cell</span>
    </annotation>
    <annotation annotator="Mike Bada, University of Colorado Anschutz Medical Campus" id="GO_CC_2016_02_16_test_Instance_25147" type="identity">
      <class id="CL_GO_EXT:cell" label="cell"/>
      <span end="9559" id="17608565-16580" start="9554">cells</span>
    </annotation>
    <annotation annotator="Mike Bada, University of Colorado Anschutz Medical Campus" id="GO_CC_2016_02_16_test_Instance_25149" type="identity">
      <class id="CL_GO_EXT:cell" label="cell"/>
      <span end="10072" id="17608565-16582" start="10067">cells</span>
    </annotation>
    <annotation annotator="Mike Bada, University of Colorado Anschutz Medical Campus" id="GO_CC_2016_02_16_test_Instance_25151" type="identity">
      <class id="CL_GO_EXT:cell" label="cell"/>
      <span end="10552" id="17608565-16584" start="10547">cells</span>
    </annotation>
    <annotation annotator="Mike Bada, University of Colorado Anschutz Medical Campus" id="GO_CC_2016_02_16_test_Instance_25153" type="identity">
      <class id="CL_GO_EXT:cell" label="cell"/>
      <span end="12162" id="17608565-16586" start="12158">cell</span>
    </annotation>
    <annotation annotator="Mike Bada, University of Colorado Anschutz Medical Campus" id="GO_CC_2016_02_16_test_Instance_25155" type="identity">
      <class id="CL_GO_EXT:cell" label="cell"/>
      <span end="12908" id="17608565-16588" start="12903">cells</span>
    </annotation>
    <annotation annotator="Mike Bada, University of Colorado Anschutz Medical Campus" id="GO_CC_2016_02_16_test_Instance_25157" type="identity">
      <class id="CL_GO_EXT:cell" label="cell"/>
      <span end="13167" id="17608565-16590" start="13162">cells</span>
    </annotation>
    <annotation annotator="" id="GO_CC_2016_02_16_Instance_101213" type="identity">
      <class id="GO:0042571" label="immunoglobulin complex, circulating"/>
      <span end="13220" id="17608565-16229" start="13210">antibodies</span>
    </annotation>
    <annotation annotator="Mike Bada, University of Colorado Anschutz Medical Campus" id="GO_CC_2016_02_16_test_Instance_25159" type="identity">
      <class id="CL_GO_EXT:cell" label="cell"/>
      <span end="13804" id="17608565-16592" start="13799">cells</span>
    </annotation>
    <annotation annotator="Mike Bada, University of Colorado Anschutz Medical Campus" id="GO_CC_2016_02_16_test_Instance_25161" type="identity">
      <class id="CL_GO_EXT:cell" label="cell"/>
      <span end="13932" id="17608565-16594" start="13927">cells</span>
    </annotation>
    <annotation annotator="Mike Bada, University of Colorado Anschutz Medical Campus" id="GO_CC_2016_02_16_test_Instance_25163" type="identity">
      <class id="CL_GO_EXT:cell" label="cell"/>
      <span end="14040" id="17608565-16596" start="14036">cell</span>
    </annotation>
    <annotation annotator="Mike Bada, University of Colorado Anschutz Medical Campus" id="GO_CC_2016_02_16_test_Instance_25165" type="identity">
      <class id="CL_GO_EXT:cell" label="cell"/>
      <span end="14143" id="17608565-16598" start="14138">cells</span>
    </annotation>
    <annotation annotator="Mike Bada, University of Colorado Anschutz Medical Campus" id="GO_CC_2016_02_16_test_Instance_25167" type="identity">
      <class id="CL_GO_EXT:cell" label="cell"/>
      <span end="14292" id="17608565-16600" start="14288">cell</span>
    </annotation>
    <annotation annotator="Mike Bada, University of Colorado Anschutz Medical Campus" id="GO_CC_2016_02_16_test_Instance_21723" type="identity">
      <class id="CL_GO_EXT:cell" label="cell"/>
      <span end="14419" id="17608565-16357" start="14414">Cells</span>
    </annotation>
    <annotation annotator="Mike Bada, University of Colorado Anschutz Medical Campus" id="GO_CC_2016_02_16_test_Instance_24291" type="identity">
      <class id="GO:0005634" label="nucleus"/>
      <span end="14542" id="17608565-16377" start="14536">nuclei</span>
    </annotation>
    <annotation annotator="Mike Bada, University of Colorado Anschutz Medical Campus" id="GO_CC_2016_02_16_test_Instance_25407" type="identity">
      <class id="CL_GO_EXT:cell" label="cell"/>
      <span end="14594" id="17608565-16820" start="14589">cells</span>
    </annotation>
    <annotation annotator="Mike Bada, University of Colorado Anschutz Medical Campus" id="GO_CC_2016_02_16_test_Instance_25409" type="identity">
      <class id="CL_GO_EXT:cell" label="cell"/>
      <span end="14675" id="17608565-16822" start="14670">cells</span>
    </annotation>
    <annotation annotator="Mike Bada, University of Colorado Anschutz Medical Campus" id="GO_CC_2016_02_16_test_Instance_25169" type="identity">
      <class id="CL_GO_EXT:cell" label="cell"/>
      <span end="14775" id="17608565-16602" start="14770">cells</span>
    </annotation>
    <annotation annotator="Mike Bada, University of Colorado Anschutz Medical Campus" id="GO_CC_2016_02_16_test_Instance_25171" type="identity">
      <class id="CL_GO_EXT:cell" label="cell"/>
      <span end="14831" id="17608565-16604" start="14826">cells</span>
    </annotation>
    <annotation annotator="Mike Bada, University of Colorado Anschutz Medical Campus" id="GO_CC_2016_02_16_test_Instance_25173" type="identity">
      <class id="CL_GO_EXT:cell" label="cell"/>
      <span end="15855" id="17608565-16606" start="15851">cell</span>
    </annotation>
    <annotation annotator="Mike Bada, University of Colorado Anschutz Medical Campus" id="GO_CC_2016_02_16_test_Instance_25175" type="identity">
      <class id="CL_GO_EXT:cell" label="cell"/>
      <span end="15912" id="17608565-16608" start="15908">cell</span>
    </annotation>
    <annotation annotator="Mike Bada, University of Colorado Anschutz Medical Campus" id="GO_CC_2016_02_16_test_Instance_25411" type="identity">
      <class id="CL_GO_EXT:cell" label="cell"/>
      <span end="16559" id="17608565-16824" start="16555">cell</span>
    </annotation>
    <annotation annotator="Mike Bada, University of Colorado Anschutz Medical Campus" id="GO_CC_2016_02_16_test_Instance_25177" type="identity">
      <class id="CL_GO_EXT:cell" label="cell"/>
      <span end="16683" id="17608565-16610" start="16678">cells</span>
    </annotation>
    <annotation annotator="Mike Bada, University of Colorado Anschutz Medical Campus" id="GO_CC_2016_02_16_test_Instance_25179" type="identity">
      <class id="CL_GO_EXT:cell" label="cell"/>
      <span end="16789" id="17608565-16612" start="16785">cell</span>
    </annotation>
    <annotation annotator="Mike Bada, University of Colorado Anschutz Medical Campus" id="GO_CC_2016_02_16_test_Instance_25181" type="identity">
      <class id="CL_GO_EXT:cell" label="cell"/>
      <span end="16958" id="17608565-16614" start="16953">cells</span>
    </annotation>
    <annotation annotator="" id="GO_CC_2016_02_16_Instance_101215" type="identity">
      <class id="GO:0044297" label="cell body"/>
      <span end="17185" id="17608565-16231" start="17174">cell bodies</span>
    </annotation>
    <annotation annotator="" id="GO_CC_2016_02_16_Instance_102633" type="identity">
      <class id="GO:0042995" label="cell projection"/>
      <span end="17252" id="17608565-16307" start="17243">processes</span>
    </annotation>
    <annotation annotator="" id="GO_CC_2016_02_16_Instance_102635" type="identity">
      <class id="GO:0042995" label="cell projection"/>
      <span end="17437" id="17608565-16309" start="17428">processes</span>
    </annotation>
    <annotation annotator="" id="GO_CC_2016_02_16_Instance_102637" type="identity">
      <class id="GO:0042995" label="cell projection"/>
      <span end="17479" id="17608565-16311" start="17470">processes</span>
    </annotation>
    <annotation annotator="Mike Bada, University of Colorado Anschutz Medical Campus" id="GO_CC_2016_02_16_test_Instance_24301" type="identity">
      <class id="GO:0001917" label="photoreceptor inner segment"/>
      <span end="17504" id="17608565-16379" start="17499">inner</span>
      <span end="17523" id="17608565-16380" start="17515">segments</span>
    </annotation>
    <annotation annotator="Mike Bada, University of Colorado Anschutz Medical Campus" id="GO_CC_2016_02_16_test_Instance_24303" type="identity">
      <class id="GO:0001750" label="photoreceptor outer segment"/>
      <span end="17523" id="17608565-16382" start="17509">outer segments</span>
    </annotation>
    <annotation annotator="Mike Bada, University of Colorado Anschutz Medical Campus" id="GO_CC_2016_02_16_test_Instance_25185" type="identity">
      <class id="CL_GO_EXT:cell" label="cell"/>
      <span end="18182" id="17608565-16616" start="18177">cells</span>
    </annotation>
    <annotation annotator="Mike Bada, University of Colorado Anschutz Medical Campus" id="GO_CC_2016_02_16_test_Instance_25187" type="identity">
      <class id="CL_GO_EXT:cell" label="cell"/>
      <span end="18546" id="17608565-16618" start="18541">cells</span>
    </annotation>
    <annotation annotator="Mike Bada, University of Colorado Anschutz Medical Campus" id="GO_CC_2016_02_16_test_Instance_25189" type="identity">
      <class id="CL_GO_EXT:cell" label="cell"/>
      <span end="18584" id="17608565-16620" start="18579">cells</span>
    </annotation>
    <annotation annotator="Mike Bada, University of Colorado Anschutz Medical Campus" id="GO_CC_2016_02_16_test_Instance_25191" type="identity">
      <class id="CL_GO_EXT:cell" label="cell"/>
      <span end="18792" id="17608565-16622" start="18788">cell</span>
    </annotation>
    <annotation annotator="Mike Bada, University of Colorado Anschutz Medical Campus" id="GO_CC_2016_02_16_test_Instance_25193" type="identity">
      <class id="CL_GO_EXT:cell" label="cell"/>
      <span end="18857" id="17608565-16624" start="18852">cells</span>
    </annotation>
    <annotation annotator="Mike Bada, University of Colorado Anschutz Medical Campus" id="GO_CC_2016_02_16_test_Instance_25195" type="identity">
      <class id="CL_GO_EXT:cell" label="cell"/>
      <span end="18916" id="17608565-16626" start="18912">cell</span>
    </annotation>
    <annotation annotator="Mike Bada, University of Colorado Anschutz Medical Campus" id="GO_CC_2016_02_16_test_Instance_25197" type="identity">
      <class id="CL_GO_EXT:cell" label="cell"/>
      <span end="19977" id="17608565-16628" start="19972">cells</span>
    </annotation>
    <annotation annotator="Mike Bada, University of Colorado Anschutz Medical Campus" id="GO_CC_2016_02_16_test_Instance_25199" type="identity">
      <class id="CL_GO_EXT:cell" label="cell"/>
      <span end="20008" id="17608565-16630" start="20003">cells</span>
    </annotation>
    <annotation annotator="Mike Bada, University of Colorado Anschutz Medical Campus" id="GO_CC_2016_02_16_test_Instance_25201" type="identity">
      <class id="CL_GO_EXT:cell" label="cell"/>
      <span end="20058" id="17608565-16632" start="20053">cells</span>
    </annotation>
    <annotation annotator="Mike Bada, University of Colorado Anschutz Medical Campus" id="GO_CC_2016_02_16_test_Instance_25203" type="identity">
      <class id="CL_GO_EXT:cell" label="cell"/>
      <span end="20257" id="17608565-16634" start="20252">cells</span>
    </annotation>
    <annotation annotator="Mike Bada, University of Colorado Anschutz Medical Campus" id="GO_CC_2016_02_16_test_Instance_25205" type="identity">
      <class id="CL_GO_EXT:cell" label="cell"/>
      <span end="20510" id="17608565-16636" start="20506">cell</span>
    </annotation>
    <annotation annotator="Mike Bada, University of Colorado Anschutz Medical Campus" id="GO_CC_2016_02_16_test_Instance_24305" type="identity">
      <class id="GO:0045202" label="synapse"/>
      <span end="21223" id="17608565-16384" start="21215">synaptic</span>
    </annotation>
    <annotation annotator="Mike Bada, University of Colorado Anschutz Medical Campus" id="GO_CC_2016_02_16_test_Instance_25207" type="identity">
      <class id="CL_GO_EXT:cell" label="cell"/>
      <span end="21246" id="17608565-16638" start="21241">cells</span>
    </annotation>
    <annotation annotator="Mike Bada, University of Colorado Anschutz Medical Campus" id="GO_CC_2016_02_16_test_Instance_25209" type="identity">
      <class id="CL_GO_EXT:cell" label="cell"/>
      <span end="21738" id="17608565-16640" start="21733">cells</span>
    </annotation>
    <annotation annotator="Mike Bada, University of Colorado Anschutz Medical Campus" id="GO_CC_2016_02_16_test_Instance_25211" type="identity">
      <class id="CL_GO_EXT:cell" label="cell"/>
      <span end="21772" id="17608565-16642" start="21768">cell</span>
    </annotation>
    <annotation annotator="Mike Bada, University of Colorado Anschutz Medical Campus" id="GO_CC_2016_02_16_test_Instance_25213" type="identity">
      <class id="CL_GO_EXT:cell" label="cell"/>
      <span end="22173" id="17608565-16644" start="22168">cells</span>
    </annotation>
    <annotation annotator="Mike Bada, University of Colorado Anschutz Medical Campus" id="GO_CC_2016_02_16_test_Instance_21725" type="identity">
      <class id="CL_GO_EXT:cell" label="cell"/>
      <span end="22459" id="17608565-16359" start="22455">Cell</span>
    </annotation>
    <annotation annotator="Mike Bada, University of Colorado Anschutz Medical Campus" id="GO_CC_2016_02_16_test_Instance_25413" type="identity">
      <class id="CL_GO_EXT:cell" label="cell"/>
      <span end="22540" id="17608565-16826" start="22536">cell</span>
    </annotation>
    <annotation annotator="Mike Bada, University of Colorado Anschutz Medical Campus" id="GO_CC_2016_02_16_test_Instance_25415" type="identity">
      <class id="CL_GO_EXT:cell" label="cell"/>
      <span end="22602" id="17608565-16828" start="22597">cells</span>
    </annotation>
    <annotation annotator="Mike Bada, University of Colorado Anschutz Medical Campus" id="GO_CC_2016_02_16_test_Instance_25215" type="identity">
      <class id="CL_GO_EXT:cell" label="cell"/>
      <span end="22833" id="17608565-16646" start="22829">cell</span>
    </annotation>
    <annotation annotator="" id="GO_CC_2016_02_16_Instance_101217" type="identity">
      <class id="GO:0044297" label="cell body"/>
      <span end="22993" id="17608565-16233" start="22982">cell bodies</span>
    </annotation>
    <annotation annotator="" id="GO_CC_2016_02_16_Instance_102639" type="identity">
      <class id="GO:0042995" label="cell projection"/>
      <span end="23050" id="17608565-16313" start="23041">processes</span>
    </annotation>
    <annotation annotator="" id="GO_CC_2016_02_16_Instance_101219" type="identity">
      <class id="GO:0044297" label="cell body"/>
      <span end="23307" id="17608565-16235" start="23296">cell bodies</span>
    </annotation>
    <annotation annotator="Mike Bada, University of Colorado Anschutz Medical Campus" id="GO_CC_2016_02_16_test_Instance_25221" type="identity">
      <class id="CL_GO_EXT:cell" label="cell"/>
      <span end="23356" id="17608565-16648" start="23352">cell</span>
    </annotation>
    <annotation annotator="Mike Bada, University of Colorado Anschutz Medical Campus" id="GO_CC_2016_02_16_test_Instance_24313" type="identity">
      <class id="GO:0005634" label="nucleus"/>
      <span end="23572" id="17608565-16386" start="23566">nuclei</span>
    </annotation>
    <annotation annotator="Mike Bada, University of Colorado Anschutz Medical Campus" id="GO_CC_2016_02_16_test_Instance_24315" type="identity">
      <class id="GO:0005634" label="nucleus"/>
      <span end="23715" id="17608565-16388" start="23709">nuclei</span>
    </annotation>
    <annotation annotator="" id="GO_CC_2016_02_16_Instance_101221" type="identity">
      <class id="GO:0044297" label="cell body"/>
      <span end="23909" id="17608565-16237" start="23898">cell bodies</span>
    </annotation>
    <annotation annotator="" id="GO_CC_2016_02_16_Instance_101223" type="identity">
      <class id="GO:0044297" label="cell body"/>
      <span end="23948" id="17608565-16239" start="23937">cell bodies</span>
    </annotation>
    <annotation annotator="" id="GO_CC_2016_02_16_Instance_101225" type="identity">
      <class id="GO:0044297" label="cell body"/>
      <span end="23973" id="17608565-16241" start="23962">cell bodies</span>
    </annotation>
    <annotation annotator="" id="GO_CC_2016_02_16_Instance_101227" type="identity">
      <class id="GO:0097447" label="dendritic tree"/>
      <span end="24361" id="17608565-16243" start="24347">dendritic-tree</span>
    </annotation>
    <annotation annotator="Mike Bada, University of Colorado Anschutz Medical Campus" id="GO_CC_2016_02_16_test_Instance_32635" type="identity">
      <class id="GO:0045202" label="synapse"/>
      <span end="24613" id="17608565-16860" start="24606">synapse</span>
    </annotation>
    <annotation annotator="" id="GO_CC_2016_02_16_Instance_102641" type="identity">
      <class id="GO:0042995" label="cell projection"/>
      <span end="24723" id="17608565-16315" start="24714">processes</span>
    </annotation>
    <annotation annotator="" id="GO_CC_2016_02_16_Instance_102643" type="identity">
      <class id="GO:0042995" label="cell projection"/>
      <span end="24845" id="17608565-16317" start="24836">processes</span>
    </annotation>
    <annotation annotator="Mike Bada, University of Colorado Anschutz Medical Campus" id="GO_CC_2016_02_16_test_Instance_24329" type="identity">
      <class id="GO:0031982" label="vesicle"/>
      <span end="24887" id="17608565-16390" start="24878">vesicular</span>
    </annotation>
    <annotation annotator="" id="GO_CC_2016_02_16_Instance_101229" type="identity">
      <class id="GO:0044297" label="cell body"/>
      <span end="25129" id="17608565-16245" start="25118">cell bodies</span>
    </annotation>
    <annotation annotator="" id="GO_CC_2016_02_16_Instance_102645" type="identity">
      <class id="GO:0042995" label="cell projection"/>
      <span end="25143" id="17608565-16319" start="25134">processes</span>
    </annotation>
    <annotation annotator="Mike Bada, University of Colorado Anschutz Medical Campus" id="GO_CC_2016_02_16_test_Instance_25231" type="identity">
      <class id="CL_GO_EXT:cell" label="cell"/>
      <span end="25193" id="17608565-16650" start="25188">cells</span>
    </annotation>
    <annotation annotator="" id="GO_CC_2016_02_16_Instance_101231" type="identity">
      <class id="GO:0044297" label="cell body"/>
      <span end="25249" id="17608565-16247" start="25245">soma</span>
    </annotation>
    <annotation annotator="" id="GO_CC_2016_02_16_Instance_102647" type="identity">
      <class id="GO:0042995" label="cell projection"/>
      <span end="25275" id="17608565-16321" start="25266">processes</span>
    </annotation>
    <annotation annotator="Mike Bada, University of Colorado Anschutz Medical Campus" id="GO_CC_2016_02_16_test_Instance_32637" type="identity">
      <class id="GO:0008021" label="synaptic vesicle"/>
      <span end="25345" id="17608565-16862" start="25329">synaptic vesicle</span>
    </annotation>
    <annotation annotator="" id="GO_CC_2016_02_16_Instance_101233" type="identity">
      <class id="GO:0044297" label="cell body"/>
      <span end="25432" id="17608565-16249" start="25428">soma</span>
    </annotation>
    <annotation annotator="Mike Bada, University of Colorado Anschutz Medical Campus" id="GO_CC_2016_02_16_test_Instance_32639" type="identity">
      <class id="GO:0030425" label="dendrite"/>
      <span end="25446" id="17608565-16864" start="25437">dendrites</span>
    </annotation>
    <annotation annotator="Mike Bada, University of Colorado Anschutz Medical Campus" id="GO_CC_2016_02_16_test_Instance_25233" type="identity">
      <class id="CL_GO_EXT:cell" label="cell"/>
      <span end="25495" id="17608565-16652" start="25490">cells</span>
    </annotation>
    <annotation annotator="Mike Bada, University of Colorado Anschutz Medical Campus" id="GO_CC_2016_02_16_test_Instance_25235" type="identity">
      <class id="CL_GO_EXT:cell" label="cell"/>
      <span end="25604" id="17608565-16654" start="25599">cells</span>
    </annotation>
    <annotation annotator="Mike Bada, University of Colorado Anschutz Medical Campus" id="GO_CC_2016_02_16_test_Instance_25237" type="identity">
      <class id="CL_GO_EXT:cell" label="cell"/>
      <span end="25738" id="17608565-16656" start="25733">cells</span>
    </annotation>
    <annotation annotator="" id="GO_CC_2016_02_16_Instance_102649" type="identity">
      <class id="GO:0042995" label="cell projection"/>
      <span end="25761" id="17608565-16323" start="25754">process</span>
    </annotation>
    <annotation annotator="Mike Bada, University of Colorado Anschutz Medical Campus" id="GO_CC_2016_02_16_test_Instance_25239" type="identity">
      <class id="CL_GO_EXT:cell" label="cell"/>
      <span end="26024" id="17608565-16658" start="26019">cells</span>
    </annotation>
    <annotation annotator="Mike Bada, University of Colorado Anschutz Medical Campus" id="GO_CC_2016_02_16_test_Instance_25241" type="identity">
      <class id="CL_GO_EXT:cell" label="cell"/>
      <span end="26453" id="17608565-16660" start="26448">cells</span>
    </annotation>
    <annotation annotator="Mike Bada, University of Colorado Anschutz Medical Campus" id="GO_CC_2016_02_16_test_Instance_25243" type="identity">
      <class id="CL_GO_EXT:cell" label="cell"/>
      <span end="26486" id="17608565-16662" start="26481">cells</span>
    </annotation>
    <annotation annotator="Mike Bada, University of Colorado Anschutz Medical Campus" id="GO_CC_2016_02_16_test_Instance_32641" type="identity">
      <class id="GO:0030425" label="dendrite"/>
      <span end="26613" id="17608565-16866" start="26604">dendrites</span>
    </annotation>
    <annotation annotator="" id="GO_CC_2016_02_16_Instance_101235" type="identity">
      <class id="GO:0044297" label="cell body"/>
      <span end="26702" id="17608565-16251" start="26698">soma</span>
    </annotation>
    <annotation annotator="Mike Bada, University of Colorado Anschutz Medical Campus" id="GO_CC_2016_02_16_test_Instance_25245" type="identity">
      <class id="CL_GO_EXT:cell" label="cell"/>
      <span end="26777" id="17608565-16664" start="26772">cells</span>
    </annotation>
    <annotation annotator="" id="GO_CC_2016_02_16_Instance_102651" type="identity">
      <class id="GO:0042995" label="cell projection"/>
      <span end="26925" id="17608565-16325" start="26918">process</span>
    </annotation>
    <annotation annotator="" id="GO_CC_2016_02_16_Instance_101237" type="identity">
      <class id="GO:0044297" label="cell body"/>
      <span end="27163" id="17608565-16253" start="27152">cell bodies</span>
    </annotation>
    <annotation annotator="" id="GO_CC_2016_02_16_Instance_102653" type="identity">
      <class id="GO:0042995" label="cell projection"/>
      <span end="27186" id="17608565-16327" start="27177">processes</span>
    </annotation>
    <annotation annotator="" id="GO_CC_2016_02_16_Instance_102655" type="identity">
      <class id="GO:0042995" label="cell projection"/>
      <span end="27355" id="17608565-16329" start="27346">processes</span>
    </annotation>
    <annotation annotator="" id="GO_CC_2016_02_16_Instance_101239" type="identity">
      <class id="GO:0044297" label="cell body"/>
      <span end="27414" id="17608565-16255" start="27405">cell body</span>
    </annotation>
    <annotation annotator="" id="GO_CC_2016_02_16_Instance_102657" type="identity">
      <class id="GO:0042995" label="cell projection"/>
      <span end="27449" id="17608565-16331" start="27440">processes</span>
    </annotation>
    <annotation annotator="" id="GO_CC_2016_02_16_Instance_101241" type="identity">
      <class id="GO:0044297" label="cell body"/>
      <span end="27582" id="17608565-16257" start="27571">cell bodies</span>
    </annotation>
    <annotation annotator="" id="GO_CC_2016_02_16_Instance_102659" type="identity">
      <class id="GO:0042995" label="cell projection"/>
      <span end="27625" id="17608565-16333" start="27616">processes</span>
    </annotation>
    <annotation annotator="Mike Bada, University of Colorado Anschutz Medical Campus" id="GO_CC_2016_02_16_test_Instance_24361" type="identity">
      <class id="GO:0005634" label="nucleus"/>
      <span end="27972" id="17608565-16392" start="27966">nuclei</span>
    </annotation>
    <annotation annotator="" id="GO_CC_2016_02_16_Instance_101243" type="identity">
      <class id="GO:0044297" label="cell body"/>
      <span end="28054" id="17608565-16259" start="28050">soma</span>
    </annotation>
    <annotation annotator="" id="GO_CC_2016_02_16_Instance_102661" type="identity">
      <class id="GO:0042995" label="cell projection"/>
      <span end="28084" id="17608565-16335" start="28075">processes</span>
    </annotation>
    <annotation annotator="Mike Bada, University of Colorado Anschutz Medical Campus" id="GO_CC_2016_02_16_test_Instance_24367" type="identity">
      <class id="GO:0005634" label="nucleus"/>
      <span end="28134" id="17608565-16394" start="28128">nuclei</span>
    </annotation>
    <annotation annotator="Mike Bada, University of Colorado Anschutz Medical Campus" id="GO_CC_2016_02_16_test_Instance_25253" type="identity">
      <class id="CL_GO_EXT:cell" label="cell"/>
      <span end="28229" id="17608565-16666" start="28225">cell</span>
    </annotation>
    <annotation annotator="Mike Bada, University of Colorado Anschutz Medical Campus" id="GO_CC_2016_02_16_test_Instance_25255" type="identity">
      <class id="CL_GO_EXT:cell" label="cell"/>
      <span end="28348" id="17608565-16668" start="28344">cell</span>
    </annotation>
    <annotation annotator="Mike Bada, University of Colorado Anschutz Medical Campus" id="GO_CC_2016_02_16_test_Instance_25257" type="identity">
      <class id="CL_GO_EXT:cell" label="cell"/>
      <span end="28460" id="17608565-16670" start="28456">cell</span>
    </annotation>
    <annotation annotator="Mike Bada, University of Colorado Anschutz Medical Campus" id="GO_CC_2016_02_16_test_Instance_25259" type="identity">
      <class id="CL_GO_EXT:cell" label="cell"/>
      <span end="28519" id="17608565-16672" start="28514">cells</span>
    </annotation>
    <annotation annotator="Mike Bada, University of Colorado Anschutz Medical Campus" id="GO_CC_2016_02_16_test_Instance_24369" type="identity">
      <class id="GO:0005634" label="nucleus"/>
      <span end="28627" id="17608565-16396" start="28621">nuclei</span>
    </annotation>
    <annotation annotator="Mike Bada, University of Colorado Anschutz Medical Campus" id="GO_CC_2016_02_16_test_Instance_25261" type="identity">
      <class id="CL_GO_EXT:cell" label="cell"/>
      <span end="28723" id="17608565-16674" start="28718">cells</span>
    </annotation>
    <annotation annotator="Mike Bada, University of Colorado Anschutz Medical Campus" id="GO_CC_2016_02_16_test_Instance_24371" type="identity">
      <class id="GO:0005634" label="nucleus"/>
      <span end="28828" id="17608565-16398" start="28822">nuclei</span>
    </annotation>
    <annotation annotator="Mike Bada, University of Colorado Anschutz Medical Campus" id="GO_CC_2016_02_16_test_Instance_25263" type="identity">
      <class id="CL_GO_EXT:cell" label="cell"/>
      <span end="28847" id="17608565-16676" start="28843">cell</span>
    </annotation>
    <annotation annotator="Mike Bada, University of Colorado Anschutz Medical Campus" id="GO_CC_2016_02_16_test_Instance_25265" type="identity">
      <class id="CL_GO_EXT:cell" label="cell"/>
      <span end="28970" id="17608565-16678" start="28965">cells</span>
    </annotation>
    <annotation annotator="Mike Bada, University of Colorado Anschutz Medical Campus" id="GO_CC_2016_02_16_test_Instance_25417" type="identity">
      <class id="CL_GO_EXT:cell" label="cell"/>
      <span end="29406" id="17608565-16830" start="29401">cells</span>
    </annotation>
    <annotation annotator="Mike Bada, University of Colorado Anschutz Medical Campus" id="GO_CC_2016_02_16_test_Instance_25267" type="identity">
      <class id="CL_GO_EXT:cell" label="cell"/>
      <span end="29765" id="17608565-16680" start="29761">cell</span>
    </annotation>
    <annotation annotator="Mike Bada, University of Colorado Anschutz Medical Campus" id="GO_CC_2016_02_16_test_Instance_25269" type="identity">
      <class id="CL_GO_EXT:cell" label="cell"/>
      <span end="30046" id="17608565-16682" start="30041">cells</span>
    </annotation>
    <annotation annotator="Mike Bada, University of Colorado Anschutz Medical Campus" id="GO_CC_2016_02_16_test_Instance_24373" type="identity">
      <class id="GO:0045202" label="synapse"/>
      <span end="30455" id="17608565-16400" start="30447">synaptic</span>
    </annotation>
    <annotation annotator="Mike Bada, University of Colorado Anschutz Medical Campus" id="GO_CC_2016_02_16_test_Instance_25271" type="identity">
      <class id="CL_GO_EXT:cell" label="cell"/>
      <span end="30469" id="17608565-16684" start="30464">cells</span>
    </annotation>
    <annotation annotator="Mike Bada, University of Colorado Anschutz Medical Campus" id="GO_CC_2016_02_16_test_Instance_25273" type="identity">
      <class id="CL_GO_EXT:cell" label="cell"/>
      <span end="30610" id="17608565-16686" start="30606">cell</span>
    </annotation>
    <annotation annotator="Mike Bada, University of Colorado Anschutz Medical Campus" id="GO_CC_2016_02_16_test_Instance_25275" type="identity">
      <class id="CL_GO_EXT:cell" label="cell"/>
      <span end="30962" id="17608565-16688" start="30957">cells</span>
    </annotation>
    <annotation annotator="Mike Bada, University of Colorado Anschutz Medical Campus" id="GO_CC_2016_02_16_test_Instance_25277" type="identity">
      <class id="CL_GO_EXT:cell" label="cell"/>
      <span end="31206" id="17608565-16690" start="31201">cells</span>
    </annotation>
    <annotation annotator="Mike Bada, University of Colorado Anschutz Medical Campus" id="GO_CC_2016_02_16_test_Instance_25279" type="identity">
      <class id="CL_GO_EXT:cell" label="cell"/>
      <span end="31252" id="17608565-16692" start="31247">cells</span>
    </annotation>
    <annotation annotator="Mike Bada, University of Colorado Anschutz Medical Campus" id="GO_CC_2016_02_16_test_Instance_25281" type="identity">
      <class id="CL_GO_EXT:cell" label="cell"/>
      <span end="31447" id="17608565-16694" start="31442">cells</span>
    </annotation>
    <annotation annotator="Mike Bada, University of Colorado Anschutz Medical Campus" id="GO_CC_2016_02_16_test_Instance_25283" type="identity">
      <class id="CL_GO_EXT:cell" label="cell"/>
      <span end="31465" id="17608565-16696" start="31460">cells</span>
    </annotation>
    <annotation annotator="Mike Bada, University of Colorado Anschutz Medical Campus" id="GO_CC_2016_02_16_test_Instance_25285" type="identity">
      <class id="CL_GO_EXT:cell" label="cell"/>
      <span end="31545" id="17608565-16698" start="31540">cells</span>
    </annotation>
    <annotation annotator="Mike Bada, University of Colorado Anschutz Medical Campus" id="GO_CC_2016_02_16_test_Instance_24375" type="identity">
      <class id="GO:0005634" label="nucleus"/>
      <span end="31700" id="17608565-16402" start="31693">nuclear</span>
    </annotation>
    <annotation annotator="Mike Bada, University of Colorado Anschutz Medical Campus" id="GO_CC_2016_02_16_test_Instance_25287" type="identity">
      <class id="CL_GO_EXT:cell" label="cell"/>
      <span end="31749" id="17608565-16700" start="31744">cells</span>
    </annotation>
    <annotation annotator="Mike Bada, University of Colorado Anschutz Medical Campus" id="GO_CC_2016_02_16_test_Instance_25289" type="identity">
      <class id="CL_GO_EXT:cell" label="cell"/>
      <span end="31978" id="17608565-16702" start="31974">cell</span>
    </annotation>
    <annotation annotator="Mike Bada, University of Colorado Anschutz Medical Campus" id="GO_CC_2016_02_16_test_Instance_25291" type="identity">
      <class id="CL_GO_EXT:cell" label="cell"/>
      <span end="32060" id="17608565-16704" start="32055">cells</span>
    </annotation>
    <annotation annotator="Mike Bada, University of Colorado Anschutz Medical Campus" id="GO_CC_2016_02_16_test_Instance_25293" type="identity">
      <class id="CL_GO_EXT:cell" label="cell"/>
      <span end="32170" id="17608565-16706" start="32165">cells</span>
    </annotation>
    <annotation annotator="Mike Bada, University of Colorado Anschutz Medical Campus" id="GO_CC_2016_02_16_test_Instance_25295" type="identity">
      <class id="CL_GO_EXT:cell" label="cell"/>
      <span end="32263" id="17608565-16708" start="32258">cells</span>
    </annotation>
    <annotation annotator="Mike Bada, University of Colorado Anschutz Medical Campus" id="GO_CC_2016_02_16_test_Instance_25297" type="identity">
      <class id="CL_GO_EXT:cell" label="cell"/>
      <span end="32685" id="17608565-16710" start="32680">cells</span>
    </annotation>
    <annotation annotator="Mike Bada, University of Colorado Anschutz Medical Campus" id="GO_CC_2016_02_16_test_Instance_25419" type="identity">
      <class id="CL_GO_EXT:cell" label="cell"/>
      <span end="33074" id="17608565-16832" start="33070">cell</span>
    </annotation>
    <annotation annotator="Mike Bada, University of Colorado Anschutz Medical Campus" id="GO_CC_2016_02_16_test_Instance_25421" type="identity">
      <class id="CL_GO_EXT:cell" label="cell"/>
      <span end="33107" id="17608565-16834" start="33103">cell</span>
    </annotation>
    <annotation annotator="Mike Bada, University of Colorado Anschutz Medical Campus" id="GO_CC_2016_02_16_test_Instance_25299" type="identity">
      <class id="CL_GO_EXT:cell" label="cell"/>
      <span end="33655" id="17608565-16712" start="33650">cells</span>
    </annotation>
    <annotation annotator="Mike Bada, University of Colorado Anschutz Medical Campus" id="GO_CC_2016_02_16_test_Instance_25301" type="identity">
      <class id="CL_GO_EXT:cell" label="cell"/>
      <span end="33749" id="17608565-16714" start="33744">cells</span>
    </annotation>
    <annotation annotator="Mike Bada, University of Colorado Anschutz Medical Campus" id="GO_CC_2016_02_16_test_Instance_24377" type="identity">
      <class id="GO:0005737" label="cytoplasm"/>
      <span end="33966" id="17608565-16404" start="33955">cytoplasmic</span>
    </annotation>
    <annotation annotator="" id="GO_CC_2016_02_16_Instance_101245" type="identity">
      <class id="GO:0044297" label="cell body"/>
      <span end="34209" id="17608565-16261" start="34205">soma</span>
    </annotation>
    <annotation annotator="Mike Bada, University of Colorado Anschutz Medical Campus" id="GO_CC_2016_02_16_test_Instance_32643" type="identity">
      <class id="GO:0030425" label="dendrite"/>
      <span end="34223" id="17608565-16868" start="34214">dendrites</span>
    </annotation>
    <annotation annotator="Mike Bada, University of Colorado Anschutz Medical Campus" id="GO_CC_2016_02_16_test_Instance_25303" type="identity">
      <class id="CL_GO_EXT:cell" label="cell"/>
      <span end="34407" id="17608565-16716" start="34402">cells</span>
    </annotation>
    <annotation annotator="Mike Bada, University of Colorado Anschutz Medical Campus" id="GO_CC_2016_02_16_test_Instance_25305" type="identity">
      <class id="CL_GO_EXT:cell" label="cell"/>
      <span end="34424" id="17608565-16718" start="34419">cells</span>
    </annotation>
    <annotation annotator="" id="GO_CC_2016_02_16_Instance_102663" type="identity">
      <class id="GO:0042995" label="cell projection"/>
      <span end="34471" id="17608565-16337" start="34462">processes</span>
    </annotation>
    <annotation annotator="Mike Bada, University of Colorado Anschutz Medical Campus" id="GO_CC_2016_02_16_test_Instance_24383" type="identity">
      <class id="GO:0005634" label="nucleus"/>
      <span end="35361" id="17608565-16406" start="35355">nuclei</span>
    </annotation>
    <annotation annotator="" id="GO_CC_2016_02_16_Instance_101247" type="identity">
      <class id="GO:0044297" label="cell body"/>
      <span end="35467" id="17608565-16263" start="35463">soma</span>
    </annotation>
    <annotation annotator="" id="GO_CC_2016_02_16_Instance_102665" type="identity">
      <class id="GO:0042995" label="cell projection"/>
      <span end="35496" id="17608565-16339" start="35487">processes</span>
    </annotation>
    <annotation annotator="Mike Bada, University of Colorado Anschutz Medical Campus" id="GO_CC_2016_02_16_test_Instance_24389" type="identity">
      <class id="GO:0005634" label="nucleus"/>
      <span end="36479" id="17608565-16408" start="36472">nuclear</span>
    </annotation>
    <annotation annotator="Mike Bada, University of Colorado Anschutz Medical Campus" id="GO_CC_2016_02_16_test_Instance_24391" type="identity">
      <class id="GO:0005737" label="cytoplasm"/>
      <span end="36495" id="17608565-16410" start="36484">cytoplasmic</span>
    </annotation>
    <annotation annotator="" id="GO_CC_2016_02_16_Instance_101249" type="identity">
      <class id="GO:0042571" label="immunoglobulin complex, circulating"/>
      <span end="36528" id="17608565-16265" start="36520">antibody</span>
    </annotation>
    <annotation annotator="" id="GO_CC_2016_02_16_Instance_101419" type="identity">
      <class id="GO_UBERON_EXT:cellular_component_or_cell_part" label="cell component/part"/>
      <span end="36668" id="17608565-16299" start="36657">subcellular</span>
    </annotation>
    <annotation annotator="Mike Bada, University of Colorado Anschutz Medical Campus" id="GO_CC_2016_02_16_test_Instance_25307" type="identity">
      <class id="CL_GO_EXT:cell" label="cell"/>
      <span end="36730" id="17608565-16720" start="36726">cell</span>
    </annotation>
    <annotation annotator="Mike Bada, University of Colorado Anschutz Medical Campus" id="GO_CC_2016_02_16_test_Instance_24395" type="identity">
      <class id="GO:0005634" label="nucleus"/>
      <span end="36849" id="17608565-16412" start="36842">nuclear</span>
    </annotation>
    <annotation annotator="Mike Bada, University of Colorado Anschutz Medical Campus" id="GO_CC_2016_02_16_test_Instance_24397" type="identity">
      <class id="GO:0005737" label="cytoplasm"/>
      <span end="36865" id="17608565-16414" start="36854">cytoplasmic</span>
    </annotation>
    <annotation annotator="" id="GO_CC_2016_02_16_Instance_101251" type="identity">
      <class id="GO:0042571" label="immunoglobulin complex, circulating"/>
      <span end="36966" id="17608565-16267" start="36958">antibody</span>
    </annotation>
    <annotation annotator="Mike Bada, University of Colorado Anschutz Medical Campus" id="GO_CC_2016_02_16_test_Instance_25309" type="identity">
      <class id="CL_GO_EXT:cell" label="cell"/>
      <span end="37489" id="17608565-16722" start="37484">cells</span>
    </annotation>
    <annotation annotator="Mike Bada, University of Colorado Anschutz Medical Campus" id="GO_CC_2016_02_16_test_Instance_24401" type="identity">
      <class id="GO:0005634" label="nucleus"/>
      <span end="37707" id="17608565-16416" start="37700">nuclear</span>
    </annotation>
    <annotation annotator="Mike Bada, University of Colorado Anschutz Medical Campus" id="GO_CC_2016_02_16_test_Instance_24403" type="identity">
      <class id="GO:0005737" label="cytoplasm"/>
      <span end="37723" id="17608565-16418" start="37712">cytoplasmic</span>
    </annotation>
    <annotation annotator="Mike Bada, University of Colorado Anschutz Medical Campus" id="GO_CC_2016_02_16_test_Instance_24405" type="identity">
      <class id="GO:0005634" label="nucleus"/>
      <span end="37788" id="17608565-16420" start="37781">nuclear</span>
    </annotation>
    <annotation annotator="Mike Bada, University of Colorado Anschutz Medical Campus" id="GO_CC_2016_02_16_test_Instance_24407" type="identity">
      <class id="GO:0005634" label="nucleus"/>
      <span end="37954" id="17608565-16422" start="37947">nuclear</span>
    </annotation>
    <annotation annotator="Mike Bada, University of Colorado Anschutz Medical Campus" id="GO_CC_2016_02_16_test_Instance_32645" type="identity">
      <class id="GO:0005737" label="cytoplasm"/>
      <span end="38003" id="17608565-16870" start="37994">cytoplasm</span>
    </annotation>
    <annotation annotator="Mike Bada, University of Colorado Anschutz Medical Campus" id="GO_CC_2016_02_16_test_Instance_24409" type="identity">
      <class id="GO:0005634" label="nucleus"/>
      <span end="38154" id="17608565-16424" start="38147">nuclear</span>
    </annotation>
    <annotation annotator="Mike Bada, University of Colorado Anschutz Medical Campus" id="GO_CC_2016_02_16_test_Instance_25311" type="identity">
      <class id="CL_GO_EXT:cell" label="cell"/>
      <span end="38203" id="17608565-16724" start="38198">cells</span>
    </annotation>
    <annotation annotator="Mike Bada, University of Colorado Anschutz Medical Campus" id="GO_CC_2016_02_16_test_Instance_24411" type="identity">
      <class id="GO:0005634" label="nucleus"/>
      <span end="38224" id="17608565-16426" start="38217">nuclear</span>
    </annotation>
    <annotation annotator="Mike Bada, University of Colorado Anschutz Medical Campus" id="GO_CC_2016_02_16_test_Instance_24413" type="identity">
      <class id="GO:0005737" label="cytoplasm"/>
      <span end="38270" id="17608565-16428" start="38259">cytoplasmic</span>
    </annotation>
    <annotation annotator="Mike Bada, University of Colorado Anschutz Medical Campus" id="GO_CC_2016_02_16_test_Instance_24415" type="identity">
      <class id="GO:0005737" label="cytoplasm"/>
      <span end="38319" id="17608565-16430" start="38308">cytoplasmic</span>
    </annotation>
    <annotation annotator="" id="GO_CC_2016_02_16_Instance_101253" type="identity">
      <class id="GO_UBERON_EXT:cellular_component_or_cell_part" label="cell component/part"/>
      <span end="38508" id="17608565-16269" start="38497">subcellular</span>
    </annotation>
    <annotation annotator="" id="GO_CC_2016_02_16_Instance_101255" type="identity">
      <class id="GO_UBERON_EXT:cellular_component_or_cell_part" label="cell component/part"/>
      <span end="38664" id="17608565-16271" start="38653">Subcellular</span>
    </annotation>
    <annotation annotator="Mike Bada, University of Colorado Anschutz Medical Campus" id="GO_CC_2016_02_16_test_Instance_21727" type="identity">
      <class id="CL_GO_EXT:cell" label="cell"/>
      <span end="38709" id="17608565-16361" start="38705">Cell</span>
    </annotation>
    <annotation annotator="" id="GO_CC_2016_02_16_Instance_101523" type="identity">
      <class id="GO:0005634" label="nucleus"/>
      <span end="38758" id="17608565-16301" start="38751">Nuclear</span>
    </annotation>
    <annotation annotator="Mike Bada, University of Colorado Anschutz Medical Campus" id="GO_CC_2016_02_16_test_Instance_24417" type="identity">
      <class id="GO:0005737" label="cytoplasm"/>
      <span end="38774" id="17608565-16432" start="38763">cytoplasmic</span>
    </annotation>
    <annotation annotator="Mike Bada, University of Colorado Anschutz Medical Campus" id="GO_CC_2016_02_16_test_Instance_25423" type="identity">
      <class id="CL_GO_EXT:cell" label="cell"/>
      <span end="38826" id="17608565-16836" start="38821">cells</span>
    </annotation>
    <annotation annotator="Mike Bada, University of Colorado Anschutz Medical Campus" id="GO_CC_2016_02_16_test_Instance_21317" type="identity">
      <class id="GO:0005737" label="cytoplasm"/>
      <span end="39032" id="17608565-16345" start="39031">C</span>
    </annotation>
    <annotation annotator="Mike Bada, University of Colorado Anschutz Medical Campus" id="GO_CC_2016_02_16_test_Instance_24419" type="identity">
      <class id="GO:0005737" label="cytoplasm"/>
      <span end="39045" id="17608565-16434" start="39034">cytoplasmic</span>
    </annotation>
    <annotation annotator="Mike Bada, University of Colorado Anschutz Medical Campus" id="GO_CC_2016_02_16_test_Instance_21319" type="identity">
      <class id="GO:0005634" label="nucleus"/>
      <span end="39057" id="17608565-16347" start="39056">N</span>
    </annotation>
    <annotation annotator="Mike Bada, University of Colorado Anschutz Medical Campus" id="GO_CC_2016_02_16_test_Instance_24421" type="identity">
      <class id="GO:0005634" label="nucleus"/>
      <span end="39066" id="17608565-16436" start="39059">nuclear</span>
    </annotation>
    <annotation annotator="Mike Bada, University of Colorado Anschutz Medical Campus" id="GO_CC_2016_02_16_test_Instance_24423" type="identity">
      <class id="GO:0005634" label="nucleus"/>
      <span end="40302" id="17608565-16438" start="40296">nuclei</span>
    </annotation>
    <annotation annotator="Mike Bada, University of Colorado Anschutz Medical Campus" id="GO_CC_2016_02_16_test_Instance_25313" type="identity">
      <class id="CL_GO_EXT:cell" label="cell"/>
      <span end="40549" id="17608565-16726" start="40545">cell</span>
    </annotation>
    <annotation annotator="Mike Bada, University of Colorado Anschutz Medical Campus" id="GO_CC_2016_02_16_test_Instance_32647" type="identity">
      <class id="GO:0005737" label="cytoplasm"/>
      <span end="40646" id="17608565-16872" start="40637">cytoplasm</span>
    </annotation>
    <annotation annotator="Mike Bada, University of Colorado Anschutz Medical Campus" id="GO_CC_2016_02_16_test_Instance_32649" type="identity">
      <class id="GO:0005634" label="nucleus"/>
      <span end="40658" id="17608565-16874" start="40651">nucleus</span>
    </annotation>
    <annotation annotator="Mike Bada, University of Colorado Anschutz Medical Campus" id="GO_CC_2016_02_16_test_Instance_24425" type="identity">
      <class id="GO:0005634" label="nucleus"/>
      <span end="40739" id="17608565-16440" start="40732">nuclear</span>
    </annotation>
    <annotation annotator="Mike Bada, University of Colorado Anschutz Medical Campus" id="GO_CC_2016_02_16_test_Instance_24427" type="identity">
      <class id="GO:0005737" label="cytoplasm"/>
      <span end="40776" id="17608565-16442" start="40765">cytoplasmic</span>
    </annotation>
    <annotation annotator="" id="GO_CC_2016_02_16_Instance_102667" type="identity">
      <class id="GO:0042995" label="cell projection"/>
      <span end="40860" id="17608565-16341" start="40851">processes</span>
    </annotation>
    <annotation annotator="Mike Bada, University of Colorado Anschutz Medical Campus" id="GO_CC_2016_02_16_test_Instance_24431" type="identity">
      <class id="GO:0005634" label="nucleus"/>
      <span end="40975" id="17608565-16444" start="40968">nuclear</span>
    </annotation>
    <annotation annotator="Mike Bada, University of Colorado Anschutz Medical Campus" id="GO_CC_2016_02_16_test_Instance_24433" type="identity">
      <class id="GO:0005737" label="cytoplasm"/>
      <span end="40991" id="17608565-16446" start="40980">cytoplasmic</span>
    </annotation>
    <annotation annotator="Mike Bada, University of Colorado Anschutz Medical Campus" id="GO_CC_2016_02_16_test_Instance_24435" type="identity">
      <class id="GO:0005634" label="nucleus"/>
      <span end="41053" id="17608565-16448" start="41046">nuclear</span>
    </annotation>
    <annotation annotator="Mike Bada, University of Colorado Anschutz Medical Campus" id="GO_CC_2016_02_16_test_Instance_24437" type="identity">
      <class id="GO:0005634" label="nucleus"/>
      <span end="41143" id="17608565-16450" start="41136">nuclear</span>
    </annotation>
    <annotation annotator="Mike Bada, University of Colorado Anschutz Medical Campus" id="GO_CC_2016_02_16_test_Instance_24439" type="identity">
      <class id="GO:0005737" label="cytoplasm"/>
      <span end="41195" id="17608565-16452" start="41184">cytoplasmic</span>
    </annotation>
    <annotation annotator="Mike Bada, University of Colorado Anschutz Medical Campus" id="GO_CC_2016_02_16_test_Instance_25315" type="identity">
      <class id="CL_GO_EXT:cell" label="cell"/>
      <span end="41330" id="17608565-16728" start="41326">cell</span>
    </annotation>
    <annotation annotator="Mike Bada, University of Colorado Anschutz Medical Campus" id="GO_CC_2016_02_16_test_Instance_24441" type="identity">
      <class id="GO:0005634" label="nucleus"/>
      <span end="41439" id="17608565-16454" start="41432">nuclear</span>
    </annotation>
    <annotation annotator="Mike Bada, University of Colorado Anschutz Medical Campus" id="GO_CC_2016_02_16_test_Instance_25317" type="identity">
      <class id="CL_GO_EXT:cell" label="cell"/>
      <span end="42402" id="17608565-16730" start="42398">cell</span>
    </annotation>
    <annotation annotator="Mike Bada, University of Colorado Anschutz Medical Campus" id="GO_CC_2016_02_16_test_Instance_25319" type="identity">
      <class id="CL_GO_EXT:cell" label="cell"/>
      <span end="42466" id="17608565-16732" start="42462">cell</span>
    </annotation>
    <annotation annotator="Mike Bada, University of Colorado Anschutz Medical Campus" id="GO_CC_2016_02_16_test_Instance_25321" type="identity">
      <class id="CL_GO_EXT:cell" label="cell"/>
      <span end="42588" id="17608565-16734" start="42583">cells</span>
    </annotation>
    <annotation annotator="Mike Bada, University of Colorado Anschutz Medical Campus" id="GO_CC_2016_02_16_test_Instance_25323" type="identity">
      <class id="CL_GO_EXT:cell" label="cell"/>
      <span end="42784" id="17608565-16736" start="42780">cell</span>
    </annotation>
    <annotation annotator="Mike Bada, University of Colorado Anschutz Medical Campus" id="GO_CC_2016_02_16_test_Instance_21729" type="identity">
      <class id="CL_GO_EXT:cell" label="cell"/>
      <span end="42915" id="17608565-16363" start="42911">Cell</span>
    </annotation>
    <annotation annotator="Mike Bada, University of Colorado Anschutz Medical Campus" id="GO_CC_2016_02_16_test_Instance_25425" type="identity">
      <class id="CL_GO_EXT:cell" label="cell"/>
      <span end="43026" id="17608565-16838" start="43022">cell</span>
    </annotation>
    <annotation annotator="Mike Bada, University of Colorado Anschutz Medical Campus" id="GO_CC_2016_02_16_test_Instance_25325" type="identity">
      <class id="CL_GO_EXT:cell" label="cell"/>
      <span end="43263" id="17608565-16738" start="43259">cell</span>
    </annotation>
    <annotation annotator="Mike Bada, University of Colorado Anschutz Medical Campus" id="GO_CC_2016_02_16_test_Instance_25327" type="identity">
      <class id="CL_GO_EXT:cell" label="cell"/>
      <span end="43918" id="17608565-16740" start="43913">cells</span>
    </annotation>
    <annotation annotator="Mike Bada, University of Colorado Anschutz Medical Campus" id="GO_CC_2016_02_16_test_Instance_25329" type="identity">
      <class id="CL_GO_EXT:cell" label="cell"/>
      <span end="43972" id="17608565-16742" start="43967">cells</span>
    </annotation>
    <annotation annotator="Mike Bada, University of Colorado Anschutz Medical Campus" id="GO_CC_2016_02_16_test_Instance_25331" type="identity">
      <class id="CL_GO_EXT:cell" label="cell"/>
      <span end="44151" id="17608565-16744" start="44147">cell</span>
    </annotation>
    <annotation annotator="Mike Bada, University of Colorado Anschutz Medical Campus" id="GO_CC_2016_02_16_test_Instance_25333" type="identity">
      <class id="CL_GO_EXT:cell" label="cell"/>
      <span end="44314" id="17608565-16746" start="44309">cells</span>
    </annotation>
    <annotation annotator="Mike Bada, University of Colorado Anschutz Medical Campus" id="GO_CC_2016_02_16_test_Instance_25335" type="identity">
      <class id="CL_GO_EXT:cell" label="cell"/>
      <span end="44479" id="17608565-16748" start="44475">cell</span>
    </annotation>
    <annotation annotator="Mike Bada, University of Colorado Anschutz Medical Campus" id="GO_CC_2016_02_16_test_Instance_25337" type="identity">
      <class id="CL_GO_EXT:cell" label="cell"/>
      <span end="44952" id="17608565-16750" start="44947">cells</span>
    </annotation>
    <annotation annotator="Mike Bada, University of Colorado Anschutz Medical Campus" id="GO_CC_2016_02_16_test_Instance_25339" type="identity">
      <class id="CL_GO_EXT:cell" label="cell"/>
      <span end="45104" id="17608565-16752" start="45100">cell</span>
    </annotation>
    <annotation annotator="Mike Bada, University of Colorado Anschutz Medical Campus" id="GO_CC_2016_02_16_test_Instance_25341" type="identity">
      <class id="CL_GO_EXT:cell" label="cell"/>
      <span end="45619" id="17608565-16754" start="45614">cells</span>
    </annotation>
    <annotation annotator="Mike Bada, University of Colorado Anschutz Medical Campus" id="GO_CC_2016_02_16_test_Instance_25343" type="identity">
      <class id="CL_GO_EXT:cell" label="cell"/>
      <span end="45635" id="17608565-16756" start="45630">cells</span>
    </annotation>
    <annotation annotator="Mike Bada, University of Colorado Anschutz Medical Campus" id="GO_CC_2016_02_16_test_Instance_25345" type="identity">
      <class id="CL_GO_EXT:cell" label="cell"/>
      <span end="46364" id="17608565-16758" start="46359">cells</span>
    </annotation>
    <annotation annotator="Mike Bada, University of Colorado Anschutz Medical Campus" id="GO_CC_2016_02_16_test_Instance_25347" type="identity">
      <class id="CL_GO_EXT:cell" label="cell"/>
      <span end="47413" id="17608565-16760" start="47409">cell</span>
    </annotation>
    <annotation annotator="Mike Bada, University of Colorado Anschutz Medical Campus" id="GO_CC_2016_02_16_test_Instance_25349" type="identity">
      <class id="CL_GO_EXT:cell" label="cell"/>
      <span end="47946" id="17608565-16762" start="47942">cell</span>
    </annotation>
    <annotation annotator="Mike Bada, University of Colorado Anschutz Medical Campus" id="GO_CC_2016_02_16_test_Instance_25351" type="identity">
      <class id="CL_GO_EXT:cell" label="cell"/>
      <span end="48075" id="17608565-16764" start="48071">cell</span>
    </annotation>
    <annotation annotator="Mike Bada, University of Colorado Anschutz Medical Campus" id="GO_CC_2016_02_16_test_Instance_25353" type="identity">
      <class id="CL_GO_EXT:cell" label="cell"/>
      <span end="48494" id="17608565-16766" start="48489">cells</span>
    </annotation>
    <annotation annotator="" id="GO_CC_2016_02_16_Instance_101257" type="identity">
      <class id="GO_UBERON_EXT:cellular_component_or_cell_part" label="cell component/part"/>
      <span end="49049" id="17608565-16273" start="49038">subcellular</span>
    </annotation>
    <annotation annotator="" id="GO_CC_2016_02_16_Instance_101259" type="identity">
      <class id="GO_UBERON_EXT:cellular_component_or_cell_part" label="cell component/part"/>
      <span end="49302" id="17608565-16275" start="49291">subcellular</span>
    </annotation>
    <annotation annotator="Mike Bada, University of Colorado Anschutz Medical Campus" id="GO_CC_2016_02_16_test_Instance_25355" type="identity">
      <class id="CL_GO_EXT:cell" label="cell"/>
      <span end="49343" id="17608565-16768" start="49338">cells</span>
    </annotation>
    <annotation annotator="Mike Bada, University of Colorado Anschutz Medical Campus" id="GO_CC_2016_02_16_test_Instance_24443" type="identity">
      <class id="GO:0005634" label="nucleus"/>
      <span end="49366" id="17608565-16456" start="49359">nuclear</span>
    </annotation>
    <annotation annotator="Mike Bada, University of Colorado Anschutz Medical Campus" id="GO_CC_2016_02_16_test_Instance_24445" type="identity">
      <class id="GO:0005737" label="cytoplasm"/>
      <span end="49382" id="17608565-16458" start="49371">cytoplasmic</span>
    </annotation>
    <annotation annotator="Mike Bada, University of Colorado Anschutz Medical Campus" id="GO_CC_2016_02_16_test_Instance_24447" type="identity">
      <class id="GO:0005634" label="nucleus"/>
      <span end="49411" id="17608565-16460" start="49404">nuclear</span>
    </annotation>
    <annotation annotator="Mike Bada, University of Colorado Anschutz Medical Campus" id="GO_CC_2016_02_16_test_Instance_24449" type="identity">
      <class id="GO:0005737" label="cytoplasm"/>
      <span end="49971" id="17608565-16462" start="49960">cytoplasmic</span>
    </annotation>
    <annotation annotator="Mike Bada, University of Colorado Anschutz Medical Campus" id="GO_CC_2016_02_16_test_Instance_25357" type="identity">
      <class id="CL_GO_EXT:cell" label="cell"/>
      <span end="49988" id="17608565-16770" start="49983">cells</span>
    </annotation>
    <annotation annotator="" id="GO_CC_2016_02_16_Instance_102669" type="identity">
      <class id="GO:0042995" label="cell projection"/>
      <span end="50066" id="17608565-16343" start="50057">processes</span>
    </annotation>
    <annotation annotator="Mike Bada, University of Colorado Anschutz Medical Campus" id="GO_CC_2016_02_16_test_Instance_24453" type="identity">
      <class id="GO:0005634" label="nucleus"/>
      <span end="50080" id="17608565-16464" start="50073">nuclear</span>
    </annotation>
    <annotation annotator="Mike Bada, University of Colorado Anschutz Medical Campus" id="GO_CC_2016_02_16_test_Instance_32651" type="identity">
      <class id="GO:0005634" label="nucleus"/>
      <span end="50211" id="17608565-16876" start="50204">nucleus</span>
    </annotation>
    <annotation annotator="Mike Bada, University of Colorado Anschutz Medical Campus" id="GO_CC_2016_02_16_test_Instance_32653" type="identity">
      <class id="GO:0005737" label="cytoplasm"/>
      <span end="50224" id="17608565-16878" start="50215">cytoplasm</span>
    </annotation>
    <annotation annotator="Mike Bada, University of Colorado Anschutz Medical Campus" id="GO_CC_2016_02_16_test_Instance_25427" type="identity">
      <class id="CL_GO_EXT:cell" label="cell"/>
      <span end="50634" id="17608565-16840" start="50629">cells</span>
    </annotation>
    <annotation annotator="Mike Bada, University of Colorado Anschutz Medical Campus" id="GO_CC_2016_02_16_test_Instance_25429" type="identity">
      <class id="CL_GO_EXT:cell" label="cell"/>
      <span end="50649" id="17608565-16842" start="50645">cell</span>
    </annotation>
    <annotation annotator="Mike Bada, University of Colorado Anschutz Medical Campus" id="GO_CC_2016_02_16_test_Instance_25359" type="identity">
      <class id="CL_GO_EXT:cell" label="cell"/>
      <span end="50831" id="17608565-16772" start="50826">cells</span>
    </annotation>
    <annotation annotator="Mike Bada, University of Colorado Anschutz Medical Campus" id="GO_CC_2016_02_16_test_Instance_25361" type="identity">
      <class id="CL_GO_EXT:cell" label="cell"/>
      <span end="50941" id="17608565-16774" start="50936">cells</span>
    </annotation>
    <annotation annotator="Mike Bada, University of Colorado Anschutz Medical Campus" id="GO_CC_2016_02_16_test_Instance_25363" type="identity">
      <class id="CL_GO_EXT:cell" label="cell"/>
      <span end="51093" id="17608565-16776" start="51088">cells</span>
    </annotation>
    <annotation annotator="" id="GO_CC_2016_02_16_Instance_101845" type="identity">
      <class id="GO_UBERON_EXT:villus" label="villus"/>
      <span end="51415" id="17608565-16303" start="51410">villi</span>
    </annotation>
    <annotation annotator="Mike Bada, University of Colorado Anschutz Medical Campus" id="GO_CC_2016_02_16_test_Instance_25365" type="identity">
      <class id="CL_GO_EXT:cell" label="cell"/>
      <span end="51682" id="17608565-16778" start="51677">cells</span>
    </annotation>
    <annotation annotator="Mike Bada, University of Colorado Anschutz Medical Campus" id="GO_CC_2016_02_16_test_Instance_25367" type="identity">
      <class id="CL_GO_EXT:cell" label="cell"/>
      <span end="51799" id="17608565-16780" start="51795">cell</span>
    </annotation>
    <annotation annotator="Mike Bada, University of Colorado Anschutz Medical Campus" id="GO_CC_2016_02_16_test_Instance_25369" type="identity">
      <class id="CL_GO_EXT:cell" label="cell"/>
      <span end="51897" id="17608565-16782" start="51892">cells</span>
    </annotation>
    <annotation annotator="Mike Bada, University of Colorado Anschutz Medical Campus" id="GO_CC_2016_02_16_test_Instance_24455" type="identity">
      <class id="GO:0005737" label="cytoplasm"/>
      <span end="52212" id="17608565-16466" start="52201">cytoplasmic</span>
    </annotation>
    <annotation annotator="Mike Bada, University of Colorado Anschutz Medical Campus" id="GO_CC_2016_02_16_test_Instance_25371" type="identity">
      <class id="CL_GO_EXT:cell" label="cell"/>
      <span end="52356" id="17608565-16784" start="52352">cell</span>
    </annotation>
    <annotation annotator="Mike Bada, University of Colorado Anschutz Medical Campus" id="GO_CC_2016_02_16_test_Instance_24457" type="identity">
      <class id="GO:0005737" label="cytoplasm"/>
      <span end="52407" id="17608565-16468" start="52396">cytoplasmic</span>
    </annotation>
    <annotation annotator="Mike Bada, University of Colorado Anschutz Medical Campus" id="GO_CC_2016_02_16_test_Instance_32655" type="identity">
      <class id="GO:0005634" label="nucleus"/>
      <span end="52509" id="17608565-16880" start="52502">nucleus</span>
    </annotation>
    <annotation annotator="Mike Bada, University of Colorado Anschutz Medical Campus" id="GO_CC_2016_02_16_test_Instance_32657" type="identity">
      <class id="GO:0005737" label="cytoplasm"/>
      <span end="52523" id="17608565-16882" start="52514">cytoplasm</span>
    </annotation>
    <annotation annotator="Mike Bada, University of Colorado Anschutz Medical Campus" id="GO_CC_2016_02_16_test_Instance_24459" type="identity">
      <class id="GO:0005737" label="cytoplasm"/>
      <span end="52655" id="17608565-16470" start="52644">cytoplasmic</span>
    </annotation>
    <annotation annotator="Mike Bada, University of Colorado Anschutz Medical Campus" id="GO_CC_2016_02_16_test_Instance_25373" type="identity">
      <class id="CL_GO_EXT:cell" label="cell"/>
      <span end="52895" id="17608565-16786" start="52890">cells</span>
    </annotation>
    <annotation annotator="Mike Bada, University of Colorado Anschutz Medical Campus" id="GO_CC_2016_02_16_test_Instance_25375" type="identity">
      <class id="CL_GO_EXT:cell" label="cell"/>
      <span end="52991" id="17608565-16788" start="52987">cell</span>
    </annotation>
    <annotation annotator="Mike Bada, University of Colorado Anschutz Medical Campus" id="GO_CC_2016_02_16_test_Instance_32659" type="identity">
      <class id="GO:0000785" label="chromatin"/>
      <span end="53316" id="17608565-16884" start="53307">chromatin</span>
    </annotation>
    <annotation annotator="Mike Bada, University of Colorado Anschutz Medical Campus" id="GO_CC_2016_02_16_test_Instance_25377" type="identity">
      <class id="CL_GO_EXT:cell" label="cell"/>
      <span end="53637" id="17608565-16790" start="53632">cells</span>
    </annotation>
    <annotation annotator="Mike Bada, University of Colorado Anschutz Medical Campus" id="GO_CC_2016_02_16_test_Instance_25379" type="identity">
      <class id="CL_GO_EXT:cell" label="cell"/>
      <span end="55065" id="17608565-16792" start="55060">cells</span>
    </annotation>
    <annotation annotator="" id="GO_CC_2016_02_16_Instance_101265" type="identity">
      <class id="GO:0042571" label="immunoglobulin complex, circulating"/>
      <span end="55131" id="17608565-16281" start="55123">antibody</span>
    </annotation>
    <annotation annotator="" id="GO_CC_2016_02_16_Instance_101261" type="identity">
      <class id="GO:0042571" label="immunoglobulin complex, circulating"/>
      <span end="55226" id="17608565-16277" start="55216">antibodies</span>
    </annotation>
    <annotation annotator="" id="GO_CC_2016_02_16_Instance_101263" type="identity">
      <class id="GO:0042571" label="immunoglobulin complex, circulating"/>
      <span end="55943" id="17608565-16279" start="55933">antibodies</span>
    </annotation>
    <annotation annotator="Mike Bada, University of Colorado Anschutz Medical Campus" id="GO_CC_2016_02_16_test_Instance_25381" type="identity">
      <class id="CL_GO_EXT:cell" label="cell"/>
      <span end="55961" id="17608565-16794" start="55956">cells</span>
    </annotation>
    <annotation annotator="Mike Bada, University of Colorado Anschutz Medical Campus" id="GO_CC_2016_02_16_test_Instance_24467" type="identity">
      <class id="GO:0005634" label="nucleus"/>
      <span end="56185" id="17608565-16472" start="56179">Nuclei</span>
    </annotation>
    <annotation annotator="Mike Bada, University of Colorado Anschutz Medical Campus" id="GO_CC_2016_02_16_test_Instance_25383" type="identity">
      <class id="CL_GO_EXT:cell" label="cell"/>
      <span end="56298" id="17608565-16796" start="56293">cells</span>
    </annotation>
    <annotation annotator="Mike Bada, University of Colorado Anschutz Medical Campus" id="GO_CC_2016_02_16_test_Instance_25385" type="identity">
      <class id="CL_GO_EXT:cell" label="cell"/>
      <span end="56738" id="17608565-16798" start="56733">cells</span>
    </annotation>
    <annotation annotator="Mike Bada, University of Colorado Anschutz Medical Campus" id="GO_CC_2016_02_16_test_Instance_25387" type="identity">
      <class id="CL_GO_EXT:cell" label="cell"/>
      <span end="56819" id="17608565-16800" start="56814">cells</span>
    </annotation>
    <annotation annotator="Mike Bada, University of Colorado Anschutz Medical Campus" id="GO_CC_2016_02_16_test_Instance_25389" type="identity">
      <class id="CL_GO_EXT:cell" label="cell"/>
      <span end="56879" id="17608565-16802" start="56875">cell</span>
    </annotation>
    <annotation annotator="Mike Bada, University of Colorado Anschutz Medical Campus" id="GO_CC_2016_02_16_test_Instance_25391" type="identity">
      <class id="CL_GO_EXT:cell" label="cell"/>
      <span end="57127" id="17608565-16804" start="57122">cells</span>
    </annotation>
    <annotation annotator="Mike Bada, University of Colorado Anschutz Medical Campus" id="GO_CC_2016_02_16_test_Instance_25393" type="identity">
      <class id="CL_GO_EXT:cell" label="cell"/>
      <span end="57233" id="17608565-16806" start="57229">cell</span>
    </annotation>
    <annotation annotator="Mike Bada, University of Colorado Anschutz Medical Campus" id="GO_CC_2016_02_16_test_Instance_24469" type="identity">
      <class id="GO:0005634" label="nucleus"/>
      <span end="59120" id="17608565-16474" start="59113">Nuclear</span>
    </annotation>
    <annotation annotator="Mike Bada, University of Colorado Anschutz Medical Campus" id="GO_CC_2016_02_16_test_Instance_24471" type="identity">
      <class id="GO:0005737" label="cytoplasm"/>
      <span end="59136" id="17608565-16476" start="59125">cytoplasmic</span>
    </annotation>
    <annotation annotator="Mike Bada, University of Colorado Anschutz Medical Campus" id="GO_CC_2016_02_16_test_Instance_24473" type="identity">
      <class id="GO:0005634" label="nucleus"/>
      <span end="59185" id="17608565-16478" start="59178">Nuclear</span>
    </annotation>
    <annotation annotator="Mike Bada, University of Colorado Anschutz Medical Campus" id="GO_CC_2016_02_16_test_Instance_24475" type="identity">
      <class id="GO:0005737" label="cytoplasm"/>
      <span end="59201" id="17608565-16480" start="59190">Cytoplasmic</span>
    </annotation>
    <annotation annotator="" id="GO_CC_2016_02_16_Instance_101267" type="identity">
      <class id="GO:0042571" label="immunoglobulin complex, circulating"/>
      <span end="59456" id="17608565-16283" start="59448">antibody</span>
    </annotation>
    <annotation annotator="" id="GO_CC_2016_02_16_Instance_101269" type="identity">
      <class id="GO:0042571" label="immunoglobulin complex, circulating"/>
      <span end="59696" id="17608565-16285" start="59688">antibody</span>
    </annotation>
    <annotation annotator="" id="GO_CC_2016_02_16_Instance_101271" type="identity">
      <class id="GO:0042571" label="immunoglobulin complex, circulating"/>
      <span end="59974" id="17608565-16287" start="59964">antibodies</span>
    </annotation>
    <annotation annotator="Mike Bada, University of Colorado Anschutz Medical Campus" id="GO_CC_2016_02_16_test_Instance_21731" type="identity">
      <class id="CL_GO_EXT:cell" label="cell"/>
      <span end="61482" id="17608565-16365" start="61478">Cell</span>
    </annotation>
    <annotation annotator="Mike Bada, University of Colorado Anschutz Medical Campus" id="GO_CC_2016_02_16_test_Instance_24483" type="identity">
      <class id="GO:0005634" label="nucleus"/>
      <span end="61596" id="17608565-16482" start="61590">nuclei</span>
    </annotation>
    <annotation annotator="Mike Bada, University of Colorado Anschutz Medical Campus" id="GO_CC_2016_02_16_test_Instance_25395" type="identity">
      <class id="CL_GO_EXT:cell" label="cell"/>
      <span end="61704" id="17608565-16808" start="61699">cells</span>
    </annotation>
    <annotation annotator="Mike Bada, University of Colorado Anschutz Medical Campus" id="GO_CC_2016_02_16_test_Instance_24485" type="identity">
      <class id="GO:0005634" label="nucleus"/>
      <span end="62173" id="17608565-16484" start="62167">nuclei</span>
    </annotation>
    <annotation annotator="Mike Bada, University of Colorado Anschutz Medical Campus" id="GO_CC_2016_02_16_test_Instance_25397" type="identity">
      <class id="CL_GO_EXT:cell" label="cell"/>
      <span end="62327" id="17608565-16810" start="62322">cells</span>
    </annotation>
    <annotation annotator="Mike Bada, University of Colorado Anschutz Medical Campus" id="GO_CC_2016_02_16_test_Instance_24487" type="identity">
      <class id="GO:0005634" label="nucleus"/>
      <span end="62715" id="17608565-16486" start="62709">nuclei</span>
    </annotation>
    <annotation annotator="Mike Bada, University of Colorado Anschutz Medical Campus" id="GO_CC_2016_02_16_test_Instance_25399" type="identity">
      <class id="CL_GO_EXT:cell" label="cell"/>
      <span end="62815" id="17608565-16812" start="62810">cells</span>
    </annotation>
    <annotation annotator="Mike Bada, University of Colorado Anschutz Medical Campus" id="GO_CC_2016_02_16_test_Instance_25401" type="identity">
      <class id="CL_GO_EXT:cell" label="cell"/>
      <span end="62858" id="17608565-16814" start="62853">cells</span>
    </annotation>
    <annotation annotator="Mike Bada, University of Colorado Anschutz Medical Campus" id="GO_CC_2016_02_16_test_Instance_21733" type="identity">
      <class id="CL_GO_EXT:cell" label="cell"/>
      <span end="63183" id="17608565-16367" start="63179">Cell</span>
    </annotation>
    <annotation annotator="Mike Bada, University of Colorado Anschutz Medical Campus" id="GO_CC_2016_02_16_test_Instance_24489" type="identity">
      <class id="GO:0005634" label="nucleus"/>
      <span end="63312" id="17608565-16488" start="63306">nuclei</span>
    </annotation>
    <annotation annotator="Mike Bada, University of Colorado Anschutz Medical Campus" id="GO_CC_2016_02_16_test_Instance_25431" type="identity">
      <class id="CL_GO_EXT:cell" label="cell"/>
      <span end="63364" id="17608565-16844" start="63359">cells</span>
    </annotation>
    <annotation annotator="Mike Bada, University of Colorado Anschutz Medical Campus" id="GO_CC_2016_02_16_test_Instance_25433" type="identity">
      <class id="CL_GO_EXT:cell" label="cell"/>
      <span end="63445" id="17608565-16846" start="63440">cells</span>
    </annotation>
    <annotation annotator="Mike Bada, University of Colorado Anschutz Medical Campus" id="GO_CC_2016_02_16_test_Instance_25403" type="identity">
      <class id="CL_GO_EXT:cell" label="cell"/>
      <span end="63535" id="17608565-16816" start="63530">cells</span>
    </annotation>
    <annotation annotator="Mike Bada, University of Colorado Anschutz Medical Campus" id="GO_CC_2016_02_16_test_Instance_25405" type="identity">
      <class id="CL_GO_EXT:cell" label="cell"/>
      <span end="63592" id="17608565-16818" start="63587">cells</span>
    </annotation>
    <annotation annotator="Mike Bada, University of Colorado Anschutz Medical Campus" id="GO_CC_2016_02_16_test_Instance_24491" type="identity">
      <class id="GO:0005634" label="nucleus"/>
      <span end="64320" id="17608565-16490" start="64314">nuclei</span>
    </annotation>
    <annotation annotator="Mike Bada, University of Colorado Anschutz Medical Campus" id="GO_CC_2016_02_16_test_Instance_25435" type="identity">
      <class id="CL_GO_EXT:cell" label="cell"/>
      <span end="64381" id="17608565-16848" start="64376">cells</span>
    </annotation>
    <annotation annotator="Mike Bada, University of Colorado Anschutz Medical Campus" id="GO_CC_2016_02_16_test_Instance_24493" type="identity">
      <class id="GO:0005634" label="nucleus"/>
      <span end="64724" id="17608565-16492" start="64718">nuclei</span>
    </annotation>
    <annotation annotator="" id="GO_CC_2016_02_16_Instance_101273" type="identity">
      <class id="GO_UBERON_EXT:cellular_component_or_cell_part" label="cell component/part"/>
      <span end="65399" id="17608565-16289" start="65388">Subcellular</span>
    </annotation>
    <annotation annotator="Mike Bada, University of Colorado Anschutz Medical Campus" id="GO_CC_2016_02_16_test_Instance_24495" type="identity">
      <class id="GO:0005634" label="nucleus"/>
      <span end="65463" id="17608565-16494" start="65456">Nuclear</span>
    </annotation>
    <annotation annotator="Mike Bada, University of Colorado Anschutz Medical Campus" id="GO_CC_2016_02_16_test_Instance_24497" type="identity">
      <class id="GO:0005737" label="cytoplasm"/>
      <span end="65479" id="17608565-16496" start="65468">cytoplasmic</span>
    </annotation>
    <annotation annotator="Mike Bada, University of Colorado Anschutz Medical Campus" id="GO_CC_2016_02_16_test_Instance_25437" type="identity">
      <class id="CL_GO_EXT:cell" label="cell"/>
      <span end="65531" id="17608565-16850" start="65526">cells</span>
    </annotation>
    <annotation annotator="Mike Bada, University of Colorado Anschutz Medical Campus" id="GO_CC_2016_02_16_test_Instance_21321" type="identity">
      <class id="GO:0005737" label="cytoplasm"/>
      <span end="65750" id="17608565-16349" start="65749">C</span>
    </annotation>
    <annotation annotator="Mike Bada, University of Colorado Anschutz Medical Campus" id="GO_CC_2016_02_16_test_Instance_24499" type="identity">
      <class id="GO:0005737" label="cytoplasm"/>
      <span end="65763" id="17608565-16498" start="65752">cytoplasmic</span>
    </annotation>
    <annotation annotator="Mike Bada, University of Colorado Anschutz Medical Campus" id="GO_CC_2016_02_16_test_Instance_21323" type="identity">
      <class id="GO:0005634" label="nucleus"/>
      <span end="65775" id="17608565-16351" start="65774">N</span>
    </annotation>
    <annotation annotator="Mike Bada, University of Colorado Anschutz Medical Campus" id="GO_CC_2016_02_16_test_Instance_24501" type="identity">
      <class id="GO:0005634" label="nucleus"/>
      <span end="65784" id="17608565-16500" start="65777">nuclear</span>
    </annotation>
    <annotation annotator="" id="GO_CC_2016_02_16_Instance_101275" type="identity">
      <class id="GO:0042571" label="immunoglobulin complex, circulating"/>
      <span end="65876" id="17608565-16291" start="65866">Antibodies</span>
    </annotation>
    <annotation annotator="" id="GO_CC_2016_02_16_Instance_101277" type="identity">
      <class id="GO:0042571" label="immunoglobulin complex, circulating"/>
      <span end="66715" id="17608565-16293" start="66705">antibodies</span>
    </annotation>
    <annotation annotator="Mike Bada, University of Colorado Anschutz Medical Campus" id="GO_CC_2016_02_16_test_Instance_25439" type="identity">
      <class id="CL_GO_EXT:cell" label="cell"/>
      <span end="67075" id="17608565-16852" start="67071">cell</span>
    </annotation>
    <annotation annotator="" id="GO_CC_2016_02_16_Instance_101279" type="identity">
      <class id="GO:0005634" label="nucleus"/>
      <span end="67102" id="17608565-16295" start="67095">nuclear</span>
    </annotation>
    <annotation annotator="" id="GO_CC_2016_02_16_Instance_101281" type="identity">
      <class id="GO:0005634" label="nucleus"/>
      <span end="67199" id="17608565-16297" start="67192">nuclear</span>
    </annotation>
    <annotation annotator="Mike Bada, University of Colorado Anschutz Medical Campus" id="GO_CC_2016_02_16_test_Instance_25441" type="identity">
      <class id="CL_GO_EXT:cell" label="cell"/>
      <span end="67354" id="17608565-16854" start="67350">cell</span>
    </annotation>
    <annotation annotator="Mike Bada, University of Colorado Anschutz Medical Campus" id="GO_CC_2016_02_16_test_Instance_25443" type="identity">
      <class id="CL_GO_EXT:cell" label="cell"/>
      <span end="67385" id="17608565-16856" start="67381">cell</span>
    </annotation>
    <annotation annotator="Mike Bada, University of Colorado Anschutz Medical Campus" id="GO_CC_2016_02_16_test_Instance_25445" type="identity">
      <class id="CL_GO_EXT:cell" label="cell"/>
      <span end="67452" id="17608565-16858" start="67448">cell</span>
    </annotation>
    <graph-space id="Old Knowtator Relations"/>
  </document>
</knowtator-project>
