<?xml version="1.0" encoding="UTF-8" standalone="no"?>
<knowtator-project>
    <document id="11597317" text-file="11597317.txt">
        <annotation annotator="Mike Bada, University of Colorado School of Medicine" id="PR_reasoned_2017_04_17_Instance_28219" type="identity">
            <class id="PR_EXT:000004804" label="breast cancer type 2 susceptibility protein"/>
            <span end="5" id="11597317-141" start="0">BRCA2</span>
        </annotation>
        <annotation annotator="Mike Bada, University of Colorado School of Medicine" id="PR_reasoned_2017_04_17_Instance_30275" type="identity">
            <class id="PR_EXT:000004804" label="breast cancer type 2 susceptibility protein"/>
            <span end="152" id="11597317-415" start="147">BRCA2</span>
        </annotation>
        <annotation annotator="Mike Bada, University of Colorado School of Medicine" id="PR_reasoned_2017_04_17_Instance_28241" type="identity">
            <class id="PR_EXT:000004804" label="breast cancer type 2 susceptibility protein"/>
            <span end="238" id="11597317-143" start="233">BRCA2</span>
        </annotation>
        <annotation annotator="Mike Bada, University of Colorado School of Medicine" id="PR_reasoned_2017_04_17_Instance_28263" type="identity">
            <class id="PR_EXT:000004804" label="breast cancer type 2 susceptibility protein"/>
            <span end="401" id="11597317-145" start="396">BRCA2</span>
        </annotation>
        <annotation annotator="Mike Bada, University of Colorado School of Medicine" id="PR_reasoned_2017_04_17_Instance_28285" type="identity">
            <class id="PR_EXT:000004804" label="breast cancer type 2 susceptibility protein"/>
            <span end="457" id="11597317-147" start="452">BRCA2</span>
        </annotation>
        <annotation annotator="Mike Bada, University of Colorado School of Medicine" id="PR_reasoned_2017_04_17_Instance_28327" type="identity">
            <class id="PR_EXT:000013672" label="DNA repair protein RAD51 homolog 1"/>
            <span end="555" id="11597317-151" start="550">RAD51</span>
        </annotation>
        <annotation annotator="Mike Bada, University of Colorado School of Medicine" id="PR_reasoned_2017_04_17_Instance_28307" type="identity">
            <class id="PR_EXT:000004804" label="breast cancer type 2 susceptibility protein"/>
            <span end="738" id="11597317-149" start="733">BRCA2</span>
        </annotation>
        <annotation annotator="Mike Bada, University of Colorado School of Medicine" id="PR_reasoned_2017_04_17_Instance_28349" type="identity">
            <class id="PR_EXT:000013672" label="DNA repair protein RAD51 homolog 1"/>
            <span end="747" id="11597317-153" start="742">RAD51</span>
        </annotation>
        <annotation annotator="Mike Bada, University of Colorado School of Medicine" id="PR_reasoned_2017_04_17_Instance_30277" type="identity">
            <class id="PR_EXT:000004804" label="breast cancer type 2 susceptibility protein"/>
            <span end="822" id="11597317-417" start="817">BRCA2</span>
        </annotation>
        <annotation annotator="Mike Bada, University of Colorado School of Medicine" id="PR_reasoned_2017_04_17_Instance_30279" type="identity">
            <class id="PR_EXT:000004804" label="breast cancer type 2 susceptibility protein"/>
            <span end="829" id="11597317-419" start="824">BRCA2</span>
        </annotation>
        <annotation annotator="Mike Bada, University of Colorado School of Medicine" id="PR_reasoned_2017_04_17_Instance_28363" type="identity">
            <class id="PR_EXT:000004804" label="breast cancer type 2 susceptibility protein"/>
            <span end="1023" id="11597317-155" start="1018">BRCA2</span>
        </annotation>
        <annotation annotator="Mike Bada, University of Colorado School of Medicine" id="PR_reasoned_2017_04_17_Instance_110142" type="identity">
            <class id="CHEBI_PR_EXT:protein" label="protein"/>
            <span end="1031" id="11597317-107" start="1024">protein</span>
        </annotation>
        <annotation annotator="Mike Bada, University of Colorado School of Medicine" id="PR_reasoned_2017_04_17_Instance_110144" type="identity">
            <class id="CHEBI_PR_EXT:protein" label="protein"/>
            <span end="1171" id="11597317-109" start="1164">protein</span>
        </annotation>
        <annotation annotator="Mike Bada, University of Colorado School of Medicine" id="PR_reasoned_2017_04_17_Instance_110146" type="identity">
            <class id="CHEBI_PR_EXT:protein" label="protein"/>
            <span end="1324" id="11597317-111" start="1317">protein</span>
        </annotation>
        <annotation annotator="Mike Bada, University of Colorado School of Medicine" id="PR_reasoned_2017_04_17_Instance_28383" type="identity">
            <class id="PR_EXT:000013672" label="DNA repair protein RAD51 homolog 1"/>
            <span end="1522" id="11597317-157" start="1517">RAD51</span>
        </annotation>
        <annotation annotator="Mike Bada, University of Colorado School of Medicine" id="PR_reasoned_2017_04_17_Instance_28403" type="identity">
            <class id="PR_EXT:000004803" label="breast cancer type 1 susceptibility protein"/>
            <span end="1565" id="11597317-159" start="1560">BRCA1</span>
        </annotation>
        <annotation annotator="Mike Bada, University of Colorado School of Medicine" id="PR_reasoned_2017_04_17_Instance_28425" type="identity">
            <class id="PR_EXT:000004803" label="breast cancer type 1 susceptibility protein"/>
            <span end="1640" id="11597317-161" start="1635">BRCA1</span>
        </annotation>
        <annotation annotator="Mike Bada, University of Colorado School of Medicine" id="PR_reasoned_2017_04_17_Instance_28447" type="identity">
            <class id="PR_EXT:000004804" label="breast cancer type 2 susceptibility protein"/>
            <span end="1650" id="11597317-163" start="1645">BRCA2</span>
        </annotation>
        <annotation annotator="Mike Bada, University of Colorado School of Medicine" id="PR_reasoned_2017_04_17_Instance_28511" type="identity">
            <class id="PR_EXT:000004803" label="breast cancer type 1 susceptibility protein"/>
            <span end="1710" id="11597317-167" start="1705">BRCA1</span>
        </annotation>
        <annotation annotator="Mike Bada, University of Colorado School of Medicine" id="PR_reasoned_2017_04_17_Instance_28469" type="identity">
            <class id="PR_EXT:000004804" label="breast cancer type 2 susceptibility protein"/>
            <span end="1720" id="11597317-165" start="1715">BRCA2</span>
        </annotation>
        <annotation annotator="Mike Bada, University of Colorado School of Medicine" id="PR_reasoned_2017_04_17_Instance_28533" type="identity">
            <class id="PR_EXT:000004803" label="breast cancer type 1 susceptibility protein"/>
            <span end="1946" id="11597317-169" start="1941">BRCA1</span>
        </annotation>
        <annotation annotator="Mike Bada, University of Colorado School of Medicine" id="PR_reasoned_2017_04_17_Instance_28555" type="identity">
            <class id="PR_EXT:000004804" label="breast cancer type 2 susceptibility protein"/>
            <span end="1955" id="11597317-171" start="1950">BRCA2</span>
        </annotation>
        <annotation annotator="Mike Bada, University of Colorado School of Medicine" id="PR_reasoned_2017_04_17_Instance_28577" type="identity">
            <class id="PR_EXT:000004804" label="breast cancer type 2 susceptibility protein"/>
            <span end="2113" id="11597317-173" start="2108">BRCA2</span>
        </annotation>
        <annotation annotator="Mike Bada, University of Colorado School of Medicine" id="PR_reasoned_2017_04_17_Instance_28599" type="identity">
            <class id="PR_EXT:000013672" label="DNA repair protein RAD51 homolog 1"/>
            <span end="2138" id="11597317-175" start="2133">RAD51</span>
        </annotation>
        <annotation annotator="Mike Bada, University of Colorado School of Medicine" id="PR_reasoned_2017_04_17_Instance_110148" type="identity">
            <class id="CHEBI_PR_EXT:protein" label="protein"/>
            <span end="2169" id="11597317-113" start="2162">protein</span>
        </annotation>
        <annotation annotator="Mike Bada, University of Colorado School of Medicine" id="PR_reasoned_2017_04_17_Instance_110150" type="identity">
            <class id="CHEBI_PR_EXT:protein" label="protein"/>
            <span end="2177" id="11597317-115" start="2170">protein</span>
        </annotation>
        <annotation annotator="Mike Bada, University of Colorado School of Medicine" id="PR_reasoned_2017_04_17_Instance_28687" type="identity">
            <class id="PR_EXT:000004803" label="breast cancer type 1 susceptibility protein"/>
            <span end="2260" id="11597317-183" start="2255">BRCA1</span>
        </annotation>
        <annotation annotator="Mike Bada, University of Colorado School of Medicine" id="PR_reasoned_2017_04_17_Instance_28621" type="identity">
            <class id="PR_EXT:000013672" label="DNA repair protein RAD51 homolog 1"/>
            <span end="2270" id="11597317-177" start="2265">RAD51</span>
        </annotation>
        <annotation annotator="Mike Bada, University of Colorado School of Medicine" id="PR_reasoned_2017_04_17_Instance_30183" type="identity">
            <class id="PR_EXT:000004804" label="breast cancer type 2 susceptibility protein"/>
            <span end="2361" id="11597317-413" start="2356">BRCA2</span>
        </annotation>
        <annotation annotator="Mike Bada, University of Colorado School of Medicine" id="PR_reasoned_2017_04_17_Instance_28643" type="identity">
            <class id="PR_EXT:000013672" label="DNA repair protein RAD51 homolog 1"/>
            <span end="2394" id="11597317-179" start="2389">RAD51</span>
        </annotation>
        <annotation annotator="Mike Bada, University of Colorado School of Medicine" id="PR_reasoned_2017_04_17_Instance_28709" type="identity">
            <class id="PR_EXT:000004803" label="breast cancer type 1 susceptibility protein"/>
            <span end="2427" id="11597317-185" start="2422">BRCA1</span>
        </annotation>
        <annotation annotator="Mike Bada, University of Colorado School of Medicine" id="PR_reasoned_2017_04_17_Instance_28665" type="identity">
            <class id="PR_EXT:000013672" label="DNA repair protein RAD51 homolog 1"/>
            <span end="2474" id="11597317-181" start="2469">RAD51</span>
        </annotation>
        <annotation annotator="Mike Bada, University of Colorado School of Medicine" id="PR_reasoned_2017_04_17_Instance_110152" type="identity">
            <class id="CHEBI_PR_EXT:protein" label="protein"/>
            <span end="2534" id="11597317-117" start="2526">proteins</span>
        </annotation>
        <annotation annotator="Mike Bada, University of Colorado School of Medicine" id="PR_reasoned_2017_04_17_Instance_30281" type="identity">
            <class id="PR_EXT:000004803" label="breast cancer type 1 susceptibility protein"/>
            <span end="2705" id="11597317-421" start="2700">Brca1</span>
        </annotation>
        <annotation annotator="Mike Bada, University of Colorado School of Medicine" id="PR_reasoned_2017_04_17_Instance_28731" type="identity">
            <class id="PR_EXT:000004803" label="breast cancer type 1 susceptibility protein"/>
            <span end="2843" id="11597317-187" start="2838">BRCA1</span>
        </annotation>
        <annotation annotator="Mike Bada, University of Colorado School of Medicine" id="PR_reasoned_2017_04_17_Instance_28795" type="identity">
            <class id="PR_EXT:000004804" label="breast cancer type 2 susceptibility protein"/>
            <span end="2853" id="11597317-193" start="2848">BRCA2</span>
        </annotation>
        <annotation annotator="Mike Bada, University of Colorado School of Medicine" id="PR_reasoned_2017_04_17_Instance_28753" type="identity">
            <class id="PR_EXT:000004803" label="breast cancer type 1 susceptibility protein"/>
            <span end="2948" id="11597317-189" start="2943">BRCA1</span>
        </annotation>
        <annotation annotator="Mike Bada, University of Colorado School of Medicine" id="PR_reasoned_2017_04_17_Instance_28815" type="identity">
            <class id="PR_EXT:000004804" label="breast cancer type 2 susceptibility protein"/>
            <span end="2958" id="11597317-195" start="2953">BRCA2</span>
        </annotation>
        <annotation annotator="Mike Bada, University of Colorado School of Medicine" id="PR_reasoned_2017_04_17_Instance_28837" type="identity">
            <class id="PR_EXT:000004804" label="breast cancer type 2 susceptibility protein"/>
            <span end="3019" id="11597317-197" start="3014">BRCA2</span>
        </annotation>
        <annotation annotator="Mike Bada, University of Colorado School of Medicine" id="PR_reasoned_2017_04_17_Instance_28773" type="identity">
            <class id="PR_EXT:000004803" label="breast cancer type 1 susceptibility protein"/>
            <span end="3031" id="11597317-191" start="3026">BRCA1</span>
        </annotation>
        <annotation annotator="Mike Bada, University of Colorado School of Medicine" id="PR_reasoned_2017_04_17_Instance_28859" type="identity">
            <class id="PR_EXT:000004804" label="breast cancer type 2 susceptibility protein"/>
            <span end="3219" id="11597317-199" start="3214">BRCA2</span>
        </annotation>
        <annotation annotator="Mike Bada, University of Colorado School of Medicine" id="PR_reasoned_2017_04_17_Instance_110154" type="identity">
            <class id="CHEBI_PR_EXT:protein" label="protein"/>
            <span end="3486" id="11597317-119" start="3479">protein</span>
        </annotation>
        <annotation annotator="Mike Bada, University of Colorado School of Medicine" id="PR_reasoned_2017_04_17_Instance_43" type="identity">
            <class id="PR_EXT:P03882" label="intron-encoded endonuclease I-SceI (yeast)"/>
            <span end="3540" id="11597317-441" start="3534">I-SceI</span>
        </annotation>
        <annotation annotator="Mike Bada, University of Colorado School of Medicine" id="PR_reasoned_2017_04_17_Instance_45" type="identity">
            <class id="PR_EXT:P03882" label="intron-encoded endonuclease I-SceI (yeast)"/>
            <span end="3652" id="11597317-443" start="3646">I-SceI</span>
        </annotation>
        <annotation annotator="Mike Bada, University of Colorado School of Medicine" id="PR_reasoned_2017_04_17_Instance_28881" type="identity">
            <class id="PR_EXT:000004804" label="breast cancer type 2 susceptibility protein"/>
            <span end="4287" id="11597317-201" start="4282">BRCA2</span>
        </annotation>
        <annotation annotator="Mike Bada, University of Colorado School of Medicine" id="PR_reasoned_2017_04_17_Instance_110156" type="identity">
            <class id="CHEBI_PR_EXT:protein" label="protein"/>
            <span end="4295" id="11597317-121" start="4288">protein</span>
        </annotation>
        <annotation annotator="Mike Bada, University of Colorado School of Medicine" id="PR_reasoned_2017_04_17_Instance_47" type="identity">
            <class id="PR_EXT:P03882" label="intron-encoded endonuclease I-SceI (yeast)"/>
            <span end="4347" id="11597317-445" start="4341">I-SceI</span>
        </annotation>
        <annotation annotator="Mike Bada, University of Colorado School of Medicine" id="PR_reasoned_2017_04_17_Instance_49" type="identity">
            <class id="PR_EXT:P03882" label="intron-encoded endonuclease I-SceI (yeast)"/>
            <span end="4414" id="11597317-447" start="4408">I-SceI</span>
        </annotation>
        <annotation annotator="Mike Bada, University of Colorado School of Medicine" id="PR_reasoned_2017_04_17_Instance_30283" type="identity">
            <class id="PR_EXT:000004804" label="breast cancer type 2 susceptibility protein"/>
            <span end="4578" id="11597317-423" start="4573">BRCA2</span>
        </annotation>
        <annotation annotator="Mike Bada, University of Colorado School of Medicine" id="PR_reasoned_2017_04_17_Instance_110158" type="identity">
            <class id="CHEBI_PR_EXT:protein" label="protein"/>
            <span end="4617" id="11597317-123" start="4610">protein</span>
        </annotation>
        <annotation annotator="Mike Bada, University of Colorado School of Medicine" id="PR_reasoned_2017_04_17_Instance_51" type="identity">
            <class id="PR_EXT:P03882" label="intron-encoded endonuclease I-SceI (yeast)"/>
            <span end="4714" id="11597317-449" start="4708">I-SceI</span>
        </annotation>
        <annotation annotator="Mike Bada, University of Colorado School of Medicine" id="PR_reasoned_2017_04_17_Instance_30285" type="identity">
            <class id="PR_EXT:000004804" label="breast cancer type 2 susceptibility protein"/>
            <span end="4803" id="11597317-425" start="4798">BRCA2</span>
        </annotation>
        <annotation annotator="Mike Bada, University of Colorado School of Medicine" id="PR_reasoned_2017_04_17_Instance_30287" type="identity">
            <class id="PR_EXT:000004804" label="breast cancer type 2 susceptibility protein"/>
            <span end="4947" id="11597317-427" start="4942">BRCA2</span>
        </annotation>
        <annotation annotator="Mike Bada, University of Colorado School of Medicine" id="PR_reasoned_2017_04_17_Instance_30289" type="identity">
            <class id="PR_EXT:000004804" label="breast cancer type 2 susceptibility protein"/>
            <span end="5148" id="11597317-429" start="5143">BRCA2</span>
        </annotation>
        <annotation annotator="Mike Bada, University of Colorado School of Medicine" id="PR_reasoned_2017_04_17_Instance_30291" type="identity">
            <class id="PR_EXT:000004804" label="breast cancer type 2 susceptibility protein"/>
            <span end="5375" id="11597317-431" start="5370">BRCA2</span>
        </annotation>
        <annotation annotator="Mike Bada, University of Colorado School of Medicine" id="PR_reasoned_2017_04_17_Instance_30293" type="identity">
            <class id="PR_EXT:000004804" label="breast cancer type 2 susceptibility protein"/>
            <span end="5481" id="11597317-433" start="5476">BRCA2</span>
        </annotation>
        <annotation annotator="Mike Bada, University of Colorado School of Medicine" id="PR_reasoned_2017_04_17_Instance_110160" type="identity">
            <class id="CHEBI_PR_EXT:protein" label="protein"/>
            <span end="5489" id="11597317-125" start="5482">protein</span>
        </annotation>
        <annotation annotator="Mike Bada, University of Colorado School of Medicine" id="PR_reasoned_2017_04_17_Instance_28903" type="identity">
            <class id="PR_EXT:000004804" label="breast cancer type 2 susceptibility protein"/>
            <span end="5611" id="11597317-203" start="5606">BRCA2</span>
        </annotation>
        <annotation annotator="Mike Bada, University of Colorado School of Medicine" id="PR_reasoned_2017_04_17_Instance_28925" type="identity">
            <class id="PR_EXT:000004804" label="breast cancer type 2 susceptibility protein"/>
            <span end="5812" id="11597317-205" start="5807">BRCA2</span>
        </annotation>
        <annotation annotator="Mike Bada, University of Colorado School of Medicine" id="PR_reasoned_2017_04_17_Instance_110162" type="identity">
            <class id="CHEBI_PR_EXT:protein" label="protein"/>
            <span end="5820" id="11597317-127" start="5813">protein</span>
        </annotation>
        <annotation annotator="Mike Bada, University of Colorado School of Medicine" id="PR_reasoned_2017_04_17_Instance_28947" type="identity">
            <class id="PR_EXT:000004804" label="breast cancer type 2 susceptibility protein"/>
            <span end="5929" id="11597317-207" start="5924">BRCA2</span>
        </annotation>
        <annotation annotator="Mike Bada, University of Colorado School of Medicine" id="PR_reasoned_2017_04_17_Instance_28969" type="identity">
            <class id="PR_EXT:000004804" label="breast cancer type 2 susceptibility protein"/>
            <span end="6009" id="11597317-209" start="6004">BRCA2</span>
        </annotation>
        <annotation annotator="Mike Bada, University of Colorado School of Medicine" id="PR_reasoned_2017_04_17_Instance_28991" type="identity">
            <class id="PR_EXT:000004804" label="breast cancer type 2 susceptibility protein"/>
            <span end="6370" id="11597317-211" start="6365">BRCA2</span>
        </annotation>
        <annotation annotator="Mike Bada, University of Colorado School of Medicine" id="PR_reasoned_2017_04_17_Instance_30295" type="identity">
            <class id="PR_EXT:000004804" label="breast cancer type 2 susceptibility protein"/>
            <span end="6478" id="11597317-435" start="6473">BRCA2</span>
        </annotation>
        <annotation annotator="Mike Bada, University of Colorado School of Medicine" id="PR_reasoned_2017_04_17_Instance_53" type="identity">
            <class id="PR_EXT:000004804" label="breast cancer type 2 susceptibility protein"/>
            <span end="6702" id="11597317-451" start="6697">Brca2</span>
        </annotation>
        <annotation annotator="Mike Bada, University of Colorado School of Medicine" id="PR_reasoned_2017_04_17_Instance_30297" type="identity">
            <class id="PR_EXT:000004804" label="breast cancer type 2 susceptibility protein"/>
            <span end="6726" id="11597317-437" start="6721">Brca2</span>
        </annotation>
        <annotation annotator="Mike Bada, University of Colorado School of Medicine" id="PR_reasoned_2017_04_17_Instance_55" type="identity">
            <class id="PR_EXT:000004804" label="breast cancer type 2 susceptibility protein"/>
            <span end="6791" id="11597317-453" start="6786">Brca2</span>
        </annotation>
        <annotation annotator="Mike Bada, University of Colorado School of Medicine" id="PR_reasoned_2017_04_17_Instance_29013" type="identity">
            <class id="PR_EXT:000004804" label="breast cancer type 2 susceptibility protein"/>
            <span end="6893" id="11597317-213" start="6888">BRCA2</span>
        </annotation>
        <annotation annotator="Mike Bada, University of Colorado School of Medicine" id="PR_reasoned_2017_04_17_Instance_29035" type="identity">
            <class id="PR_EXT:000004804" label="breast cancer type 2 susceptibility protein"/>
            <span end="6977" id="11597317-215" start="6972">BRCA2</span>
        </annotation>
        <annotation annotator="Mike Bada, University of Colorado School of Medicine" id="PR_reasoned_2017_04_17_Instance_29055" type="identity">
            <class id="PR_EXT:000004804" label="breast cancer type 2 susceptibility protein"/>
            <span end="7086" id="11597317-217" start="7081">BRCA2</span>
        </annotation>
        <annotation annotator="Mike Bada, University of Colorado School of Medicine" id="PR_reasoned_2017_04_17_Instance_29077" type="identity">
            <class id="PR_EXT:000013672" label="DNA repair protein RAD51 homolog 1"/>
            <span end="7092" id="11597317-219" start="7087">RAD51</span>
        </annotation>
        <annotation annotator="Mike Bada, University of Colorado School of Medicine" id="PR_reasoned_2017_04_17_Instance_29099" type="identity">
            <class id="PR_EXT:000013672" label="DNA repair protein RAD51 homolog 1"/>
            <span end="7247" id="11597317-221" start="7242">RAD51</span>
        </annotation>
        <annotation annotator="Mike Bada, University of Colorado School of Medicine" id="PR_reasoned_2017_04_17_Instance_29121" type="identity">
            <class id="PR_EXT:000004804" label="breast cancer type 2 susceptibility protein"/>
            <span end="7321" id="11597317-223" start="7316">BRCA2</span>
        </annotation>
        <annotation annotator="Mike Bada, University of Colorado School of Medicine" id="PR_reasoned_2017_04_17_Instance_29143" type="identity">
            <class id="PR_EXT:000013672" label="DNA repair protein RAD51 homolog 1"/>
            <span end="7711" id="11597317-225" start="7706">RAD51</span>
        </annotation>
        <annotation annotator="Mike Bada, University of Colorado School of Medicine" id="PR_reasoned_2017_04_17_Instance_29165" type="identity">
            <class id="PR_EXT:000013672" label="DNA repair protein RAD51 homolog 1"/>
            <span end="8004" id="11597317-227" start="7999">RAD51</span>
        </annotation>
        <annotation annotator="Mike Bada, University of Colorado School of Medicine" id="PR_reasoned_2017_04_17_Instance_29187" type="identity">
            <class id="PR_EXT:000013672" label="DNA repair protein RAD51 homolog 1"/>
            <span end="8104" id="11597317-229" start="8099">RAD51</span>
        </annotation>
        <annotation annotator="Mike Bada, University of Colorado School of Medicine" id="PR_reasoned_2017_04_17_Instance_29231" type="identity">
            <class id="PR_EXT:000004804" label="breast cancer type 2 susceptibility protein"/>
            <span end="8188" id="11597317-233" start="8183">BRCA2</span>
        </annotation>
        <annotation annotator="Mike Bada, University of Colorado School of Medicine" id="PR_reasoned_2017_04_17_Instance_110164" type="identity">
            <class id="CHEBI_PR_EXT:protein" label="protein"/>
            <span end="8196" id="11597317-129" start="8189">protein</span>
        </annotation>
        <annotation annotator="Mike Bada, University of Colorado School of Medicine" id="PR_reasoned_2017_04_17_Instance_29209" type="identity">
            <class id="PR_EXT:000013672" label="DNA repair protein RAD51 homolog 1"/>
            <span end="8253" id="11597317-231" start="8248">RAD51</span>
        </annotation>
        <annotation annotator="Mike Bada, University of Colorado School of Medicine" id="PR_reasoned_2017_04_17_Instance_29275" type="identity">
            <class id="PR_EXT:000004804" label="breast cancer type 2 susceptibility protein"/>
            <span end="8415" id="11597317-237" start="8410">BRCA2</span>
        </annotation>
        <annotation annotator="Mike Bada, University of Colorado School of Medicine" id="PR_reasoned_2017_04_17_Instance_29253" type="identity">
            <class id="PR_EXT:000013672" label="DNA repair protein RAD51 homolog 1"/>
            <span end="8430" id="11597317-235" start="8425">RAD51</span>
        </annotation>
        <annotation annotator="Mike Bada, University of Colorado School of Medicine" id="PR_reasoned_2017_04_17_Instance_29297" type="identity">
            <class id="PR_EXT:000013672" label="DNA repair protein RAD51 homolog 1"/>
            <span end="8481" id="11597317-239" start="8476">RAD51</span>
        </annotation>
        <annotation annotator="Mike Bada, University of Colorado School of Medicine" id="PR_reasoned_2017_04_17_Instance_29319" type="identity">
            <class id="PR_EXT:000004804" label="breast cancer type 2 susceptibility protein"/>
            <span end="8641" id="11597317-241" start="8636">BRCA2</span>
        </annotation>
        <annotation annotator="Mike Bada, University of Colorado School of Medicine" id="PR_reasoned_2017_04_17_Instance_110166" type="identity">
            <class id="CHEBI_PR_EXT:protein" label="protein"/>
            <span end="8649" id="11597317-131" start="8642">protein</span>
        </annotation>
        <annotation annotator="Mike Bada, University of Colorado School of Medicine" id="PR_reasoned_2017_04_17_Instance_110168" type="identity">
            <class id="CHEBI_PR_EXT:protein" label="protein"/>
            <span end="8764" id="11597317-133" start="8757">protein</span>
        </annotation>
        <annotation annotator="Mike Bada, University of Colorado School of Medicine" id="PR_reasoned_2017_04_17_Instance_29363" type="identity">
            <class id="PR_EXT:000013672" label="DNA repair protein RAD51 homolog 1"/>
            <span end="8889" id="11597317-245" start="8884">RAD51</span>
        </annotation>
        <annotation annotator="Mike Bada, University of Colorado School of Medicine" id="PR_reasoned_2017_04_17_Instance_29385" type="identity">
            <class id="PR_EXT:000013672" label="DNA repair protein RAD51 homolog 1"/>
            <span end="8925" id="11597317-247" start="8920">RAD51</span>
        </annotation>
        <annotation annotator="Mike Bada, University of Colorado School of Medicine" id="PR_reasoned_2017_04_17_Instance_29341" type="identity">
            <class id="PR_EXT:000004804" label="breast cancer type 2 susceptibility protein"/>
            <span end="8977" id="11597317-243" start="8972">BRCA2</span>
        </annotation>
        <annotation annotator="Mike Bada, University of Colorado School of Medicine" id="PR_reasoned_2017_04_17_Instance_29407" type="identity">
            <class id="PR_EXT:000013672" label="DNA repair protein RAD51 homolog 1"/>
            <span end="9004" id="11597317-249" start="8999">RAD51</span>
        </annotation>
        <annotation annotator="Mike Bada, University of Colorado School of Medicine" id="PR_reasoned_2017_04_17_Instance_29429" type="identity">
            <class id="PR_EXT:000004804" label="breast cancer type 2 susceptibility protein"/>
            <span end="9042" id="11597317-251" start="9037">BRCA2</span>
        </annotation>
        <annotation annotator="Mike Bada, University of Colorado School of Medicine" id="PR_reasoned_2017_04_17_Instance_29451" type="identity">
            <class id="PR_EXT:000004804" label="breast cancer type 2 susceptibility protein"/>
            <span end="9094" id="11597317-253" start="9089">BRCA2</span>
        </annotation>
        <annotation annotator="Mike Bada, University of Colorado School of Medicine" id="PR_reasoned_2017_04_17_Instance_29473" type="identity">
            <class id="PR_EXT:000013672" label="DNA repair protein RAD51 homolog 1"/>
            <span end="9131" id="11597317-255" start="9126">RAD51</span>
        </annotation>
        <annotation annotator="Mike Bada, University of Colorado School of Medicine" id="PR_reasoned_2017_04_17_Instance_29495" type="identity">
            <class id="PR_EXT:000013672" label="DNA repair protein RAD51 homolog 1"/>
            <span end="9241" id="11597317-257" start="9236">RAD51</span>
        </annotation>
        <annotation annotator="Mike Bada, University of Colorado School of Medicine" id="PR_reasoned_2017_04_17_Instance_29517" type="identity">
            <class id="PR_EXT:000004804" label="breast cancer type 2 susceptibility protein"/>
            <span end="9281" id="11597317-259" start="9276">BRCA2</span>
        </annotation>
        <annotation annotator="Mike Bada, University of Colorado School of Medicine" id="PR_reasoned_2017_04_17_Instance_29539" type="identity">
            <class id="PR_EXT:000004804" label="breast cancer type 2 susceptibility protein"/>
            <span end="9332" id="11597317-261" start="9327">BRCA2</span>
        </annotation>
        <annotation annotator="Mike Bada, University of Colorado School of Medicine" id="PR_reasoned_2017_04_17_Instance_29583" type="identity">
            <class id="PR_EXT:000013672" label="DNA repair protein RAD51 homolog 1"/>
            <span end="9387" id="11597317-265" start="9382">RAD51</span>
        </annotation>
        <annotation annotator="Mike Bada, University of Colorado School of Medicine" id="PR_reasoned_2017_04_17_Instance_29561" type="identity">
            <class id="PR_EXT:000004804" label="breast cancer type 2 susceptibility protein"/>
            <span end="9393" id="11597317-263" start="9388">BRCA2</span>
        </annotation>
        <annotation annotator="Mike Bada, University of Colorado School of Medicine" id="PR_reasoned_2017_04_17_Instance_29627" type="identity">
            <class id="PR_EXT:000004804" label="breast cancer type 2 susceptibility protein"/>
            <span end="9461" id="11597317-269" start="9456">BRCA2</span>
        </annotation>
        <annotation annotator="Mike Bada, University of Colorado School of Medicine" id="PR_reasoned_2017_04_17_Instance_29605" type="identity">
            <class id="PR_EXT:000013672" label="DNA repair protein RAD51 homolog 1"/>
            <span end="9543" id="11597317-267" start="9538">RAD51</span>
        </annotation>
        <annotation annotator="Mike Bada, University of Colorado School of Medicine" id="PR_reasoned_2017_04_17_Instance_29671" type="identity">
            <class id="PR_EXT:000013672" label="DNA repair protein RAD51 homolog 1"/>
            <span end="9634" id="11597317-273" start="9629">RAD51</span>
        </annotation>
        <annotation annotator="Mike Bada, University of Colorado School of Medicine" id="PR_reasoned_2017_04_17_Instance_29649" type="identity">
            <class id="PR_EXT:000004804" label="breast cancer type 2 susceptibility protein"/>
            <span end="9640" id="11597317-271" start="9635">BRCA2</span>
        </annotation>
        <annotation annotator="Mike Bada, University of Colorado School of Medicine" id="PR_reasoned_2017_04_17_Instance_29693" type="identity">
            <class id="PR_EXT:000013672" label="DNA repair protein RAD51 homolog 1"/>
            <span end="9670" id="11597317-275" start="9665">RAD51</span>
        </annotation>
        <annotation annotator="Mike Bada, University of Colorado School of Medicine" id="PR_reasoned_2017_04_17_Instance_29737" type="identity">
            <class id="PR_EXT:000004804" label="breast cancer type 2 susceptibility protein"/>
            <span end="9771" id="11597317-279" start="9766">BRCA2</span>
        </annotation>
        <annotation annotator="Mike Bada, University of Colorado School of Medicine" id="PR_reasoned_2017_04_17_Instance_29715" type="identity">
            <class id="PR_EXT:000013672" label="DNA repair protein RAD51 homolog 1"/>
            <span end="9778" id="11597317-277" start="9773">RAD51</span>
        </annotation>
        <annotation annotator="Mike Bada, University of Colorado School of Medicine" id="PR_reasoned_2017_04_17_Instance_29757" type="identity">
            <class id="PR_EXT:000013672" label="DNA repair protein RAD51 homolog 1"/>
            <span end="9943" id="11597317-281" start="9938">RAD51</span>
        </annotation>
        <annotation annotator="Mike Bada, University of Colorado School of Medicine" id="PR_reasoned_2017_04_17_Instance_29823" type="identity">
            <class id="PR_EXT:000004804" label="breast cancer type 2 susceptibility protein"/>
            <span end="10106" id="11597317-287" start="10101">BRCA2</span>
        </annotation>
        <annotation annotator="Mike Bada, University of Colorado School of Medicine" id="PR_reasoned_2017_04_17_Instance_29779" type="identity">
            <class id="PR_EXT:000013672" label="DNA repair protein RAD51 homolog 1"/>
            <span end="10138" id="11597317-283" start="10133">RAD51</span>
        </annotation>
        <annotation annotator="Mike Bada, University of Colorado School of Medicine" id="PR_reasoned_2017_04_17_Instance_29801" type="identity">
            <class id="PR_EXT:000013672" label="DNA repair protein RAD51 homolog 1"/>
            <span end="10191" id="11597317-285" start="10186">RAD51</span>
        </annotation>
        <annotation annotator="Mike Bada, University of Colorado School of Medicine" id="PR_reasoned_2017_04_17_Instance_29845" type="identity">
            <class id="PR_EXT:000013672" label="DNA repair protein RAD51 homolog 1"/>
            <span end="10268" id="11597317-289" start="10263">RAD51</span>
        </annotation>
        <annotation annotator="Mike Bada, University of Colorado School of Medicine" id="PR_reasoned_2017_04_17_Instance_29867" type="identity">
            <class id="PR_EXT:000013672" label="DNA repair protein RAD51 homolog 1"/>
            <span end="10326" id="11597317-291" start="10321">RAD51</span>
        </annotation>
        <annotation annotator="Mike Bada, University of Colorado School of Medicine" id="PR_reasoned_2017_04_17_Instance_29999" type="identity">
            <class id="PR_EXT:000004804" label="breast cancer type 2 susceptibility protein"/>
            <span end="10410" id="11597317-303" start="10405">BRCA2</span>
        </annotation>
        <annotation annotator="Mike Bada, University of Colorado School of Medicine" id="PR_reasoned_2017_04_17_Instance_29889" type="identity">
            <class id="PR_EXT:000013672" label="DNA repair protein RAD51 homolog 1"/>
            <span end="10433" id="11597317-293" start="10428">RAD51</span>
        </annotation>
        <annotation annotator="Mike Bada, University of Colorado School of Medicine" id="PR_reasoned_2017_04_17_Instance_29911" type="identity">
            <class id="PR_EXT:000013672" label="DNA repair protein RAD51 homolog 1"/>
            <span end="10540" id="11597317-295" start="10535">RAD51</span>
        </annotation>
        <annotation annotator="Mike Bada, University of Colorado School of Medicine" id="PR_reasoned_2017_04_17_Instance_30021" type="identity">
            <class id="PR_EXT:000004804" label="breast cancer type 2 susceptibility protein"/>
            <span end="10546" id="11597317-305" start="10541">BRCA2</span>
        </annotation>
        <annotation annotator="Mike Bada, University of Colorado School of Medicine" id="PR_reasoned_2017_04_17_Instance_29933" type="identity">
            <class id="PR_EXT:000013672" label="DNA repair protein RAD51 homolog 1"/>
            <span end="10640" id="11597317-297" start="10635">RAD51</span>
        </annotation>
        <annotation annotator="Mike Bada, University of Colorado School of Medicine" id="PR_reasoned_2017_04_17_Instance_29955" type="identity">
            <class id="PR_EXT:000013672" label="DNA repair protein RAD51 homolog 1"/>
            <span end="10747" id="11597317-299" start="10742">RAD51</span>
        </annotation>
        <annotation annotator="Mike Bada, University of Colorado School of Medicine" id="PR_reasoned_2017_04_17_Instance_30043" type="identity">
            <class id="PR_EXT:000004804" label="breast cancer type 2 susceptibility protein"/>
            <span end="10753" id="11597317-307" start="10748">BRCA2</span>
        </annotation>
        <annotation annotator="Mike Bada, University of Colorado School of Medicine" id="PR_reasoned_2017_04_17_Instance_110170" type="identity">
            <class id="CHEBI_PR_EXT:protein" label="protein"/>
            <span end="10809" id="11597317-135" start="10802">protein</span>
        </annotation>
        <annotation annotator="Mike Bada, University of Colorado School of Medicine" id="PR_reasoned_2017_04_17_Instance_29977" type="identity">
            <class id="PR_EXT:000013672" label="DNA repair protein RAD51 homolog 1"/>
            <span end="10839" id="11597317-301" start="10834">RAD51</span>
        </annotation>
        <annotation annotator="Mike Bada, University of Colorado School of Medicine" id="PR_reasoned_2017_04_17_Instance_30059" type="identity">
            <class id="PR_EXT:000004804" label="breast cancer type 2 susceptibility protein"/>
            <span end="10845" id="11597317-309" start="10840">BRCA2</span>
        </annotation>
        <annotation annotator="Mike Bada, University of Colorado School of Medicine" id="PR_reasoned_2017_04_17_Instance_30079" type="identity">
            <class id="PR_EXT:000004804" label="breast cancer type 2 susceptibility protein"/>
            <span end="10897" id="11597317-311" start="10892">BRCA2</span>
        </annotation>
        <annotation annotator="Mike Bada, University of Colorado School of Medicine" id="PR_reasoned_2017_04_17_Instance_30087" type="identity">
            <class id="PR_EXT:000013672" label="DNA repair protein RAD51 homolog 1"/>
            <span end="10916" id="11597317-319" start="10911">RAD51</span>
        </annotation>
        <annotation annotator="Mike Bada, University of Colorado School of Medicine" id="PR_reasoned_2017_04_17_Instance_30089" type="identity">
            <class id="PR_EXT:000013672" label="DNA repair protein RAD51 homolog 1"/>
            <span end="10989" id="11597317-321" start="10984">RAD51</span>
        </annotation>
        <annotation annotator="Mike Bada, University of Colorado School of Medicine" id="PR_reasoned_2017_04_17_Instance_110172" type="identity">
            <class id="CHEBI_PR_EXT:protein" label="protein"/>
            <span end="11034" id="11597317-137" start="11026">proteins</span>
        </annotation>
        <annotation annotator="Mike Bada, University of Colorado School of Medicine" id="PR_reasoned_2017_04_17_Instance_30091" type="identity">
            <class id="PR_EXT:000013672" label="DNA repair protein RAD51 homolog 1"/>
            <span end="11059" id="11597317-323" start="11054">RAD51</span>
        </annotation>
        <annotation annotator="Mike Bada, University of Colorado School of Medicine" id="PR_reasoned_2017_04_17_Instance_30093" type="identity">
            <class id="PR_EXT:000013672" label="DNA repair protein RAD51 homolog 1"/>
            <span end="11102" id="11597317-325" start="11097">RAD51</span>
        </annotation>
        <annotation annotator="Mike Bada, University of Colorado School of Medicine" id="PR_reasoned_2017_04_17_Instance_30095" type="identity">
            <class id="PR_EXT:000013672" label="DNA repair protein RAD51 homolog 1"/>
            <span end="11151" id="11597317-327" start="11146">RAD51</span>
        </annotation>
        <annotation annotator="Mike Bada, University of Colorado School of Medicine" id="PR_reasoned_2017_04_17_Instance_30105" type="identity">
            <class id="PR_EXT:000017505" label="DNA repair protein XRCC2"/>
            <span end="11191" id="11597317-337" start="11186">XRCC2</span>
        </annotation>
        <annotation annotator="Mike Bada, University of Colorado School of Medicine" id="PR_reasoned_2017_04_17_Instance_30107" type="identity">
            <class id="PR_EXT:000017506" label="DNA repair protein XRCC3"/>
            <span end="11198" id="11597317-339" start="11193">XRCC3</span>
        </annotation>
        <annotation annotator="Mike Bada, University of Colorado School of Medicine" id="PR_reasoned_2017_04_17_Instance_30109" type="identity">
            <class id="PR_EXT:000013676" label="DNA repair protein RAD51 homolog 2"/>
            <span end="11206" id="11597317-341" start="11200">RAD51B</span>
        </annotation>
        <annotation annotator="Mike Bada, University of Colorado School of Medicine" id="PR_reasoned_2017_04_17_Instance_30111" type="identity">
            <class id="PR_EXT:000013675" label="DNA repair protein RAD51 homolog 3"/>
            <span end="11214" id="11597317-343" start="11208">RAD51C</span>
        </annotation>
        <annotation annotator="Mike Bada, University of Colorado School of Medicine" id="PR_reasoned_2017_04_17_Instance_30113" type="identity">
            <class id="PR_EXT:000013677" label="DNA repair protein RAD51 homolog 4"/>
            <span end="11225" id="11597317-345" start="11219">RAD51D</span>
        </annotation>
        <annotation annotator="Mike Bada, University of Colorado School of Medicine" id="PR_reasoned_2017_04_17_Instance_30097" type="identity">
            <class id="PR_EXT:000013672" label="DNA repair protein RAD51 homolog 1"/>
            <span end="11281" id="11597317-329" start="11276">RAD51</span>
        </annotation>
        <annotation annotator="Mike Bada, University of Colorado School of Medicine" id="PR_reasoned_2017_04_17_Instance_30081" type="identity">
            <class id="PR_EXT:000004804" label="breast cancer type 2 susceptibility protein"/>
            <span end="11302" id="11597317-313" start="11297">BRCA2</span>
        </annotation>
        <annotation annotator="Mike Bada, University of Colorado School of Medicine" id="PR_reasoned_2017_04_17_Instance_30099" type="identity">
            <class id="PR_EXT:000013672" label="DNA repair protein RAD51 homolog 1"/>
            <span end="11329" id="11597317-331" start="11324">RAD51</span>
        </annotation>
        <annotation annotator="Mike Bada, University of Colorado School of Medicine" id="PR_reasoned_2017_04_17_Instance_30101" type="identity">
            <class id="PR_EXT:000013672" label="DNA repair protein RAD51 homolog 1"/>
            <span end="11357" id="11597317-333" start="11352">RAD51</span>
        </annotation>
        <annotation annotator="Mike Bada, University of Colorado School of Medicine" id="PR_reasoned_2017_04_17_Instance_30083" type="identity">
            <class id="PR_EXT:000004804" label="breast cancer type 2 susceptibility protein"/>
            <span end="11443" id="11597317-315" start="11438">BRCA2</span>
        </annotation>
        <annotation annotator="Mike Bada, University of Colorado School of Medicine" id="PR_reasoned_2017_04_17_Instance_30103" type="identity">
            <class id="PR_EXT:000013672" label="DNA repair protein RAD51 homolog 1"/>
            <span end="11498" id="11597317-335" start="11493">RAD51</span>
        </annotation>
        <annotation annotator="Mike Bada, University of Colorado School of Medicine" id="PR_reasoned_2017_04_17_Instance_30085" type="identity">
            <class id="PR_EXT:000004804" label="breast cancer type 2 susceptibility protein"/>
            <span end="11547" id="11597317-317" start="11542">BRCA2</span>
        </annotation>
        <annotation annotator="Mike Bada, University of Colorado School of Medicine" id="PR_reasoned_2017_04_17_Instance_30131" type="identity">
            <class id="PR_EXT:000004804" label="breast cancer type 2 susceptibility protein"/>
            <span end="11700" id="11597317-363" start="11695">BRCA2</span>
        </annotation>
        <annotation annotator="Mike Bada, University of Colorado School of Medicine" id="PR_reasoned_2017_04_17_Instance_30115" type="identity">
            <class id="PR_EXT:000013672" label="DNA repair protein RAD51 homolog 1"/>
            <span end="11706" id="11597317-347" start="11701">RAD51</span>
        </annotation>
        <annotation annotator="Mike Bada, University of Colorado School of Medicine" id="PR_reasoned_2017_04_17_Instance_30133" type="identity">
            <class id="PR_EXT:000004804" label="breast cancer type 2 susceptibility protein"/>
            <span end="11770" id="11597317-365" start="11765">BRCA2</span>
        </annotation>
        <annotation annotator="Mike Bada, University of Colorado School of Medicine" id="PR_reasoned_2017_04_17_Instance_30117" type="identity">
            <class id="PR_EXT:000013672" label="DNA repair protein RAD51 homolog 1"/>
            <span end="11804" id="11597317-349" start="11799">RAD51</span>
        </annotation>
        <annotation annotator="Mike Bada, University of Colorado School of Medicine" id="PR_reasoned_2017_04_17_Instance_30119" type="identity">
            <class id="PR_EXT:000013672" label="DNA repair protein RAD51 homolog 1"/>
            <span end="11867" id="11597317-351" start="11862">RAD51</span>
        </annotation>
        <annotation annotator="Mike Bada, University of Colorado School of Medicine" id="PR_reasoned_2017_04_17_Instance_30135" type="identity">
            <class id="PR_EXT:000004804" label="breast cancer type 2 susceptibility protein"/>
            <span end="12013" id="11597317-367" start="12008">BRCA2</span>
        </annotation>
        <annotation annotator="Mike Bada, University of Colorado School of Medicine" id="PR_reasoned_2017_04_17_Instance_30121" type="identity">
            <class id="PR_EXT:000013672" label="DNA repair protein RAD51 homolog 1"/>
            <span end="12023" id="11597317-353" start="12018">RAD51</span>
        </annotation>
        <annotation annotator="Mike Bada, University of Colorado School of Medicine" id="PR_reasoned_2017_04_17_Instance_30137" type="identity">
            <class id="PR_EXT:000004804" label="breast cancer type 2 susceptibility protein"/>
            <span end="12133" id="11597317-369" start="12128">BRCA2</span>
        </annotation>
        <annotation annotator="Mike Bada, University of Colorado School of Medicine" id="PR_reasoned_2017_04_17_Instance_30123" type="identity">
            <class id="PR_EXT:000013672" label="DNA repair protein RAD51 homolog 1"/>
            <span end="12166" id="11597317-355" start="12161">RAD51</span>
        </annotation>
        <annotation annotator="Mike Bada, University of Colorado School of Medicine" id="PR_reasoned_2017_04_17_Instance_30125" type="identity">
            <class id="PR_EXT:000013672" label="DNA repair protein RAD51 homolog 1"/>
            <span end="12256" id="11597317-357" start="12251">RAD51</span>
        </annotation>
        <annotation annotator="Mike Bada, University of Colorado School of Medicine" id="PR_reasoned_2017_04_17_Instance_30127" type="identity">
            <class id="PR_EXT:000013672" label="DNA repair protein RAD51 homolog 1"/>
            <span end="12282" id="11597317-359" start="12277">RAD51</span>
        </annotation>
        <annotation annotator="Mike Bada, University of Colorado School of Medicine" id="PR_reasoned_2017_04_17_Instance_30299" type="identity">
            <class id="PR_EXT:000004804" label="breast cancer type 2 susceptibility protein"/>
            <span end="12326" id="11597317-439" start="12321">BRCA2</span>
        </annotation>
        <annotation annotator="Mike Bada, University of Colorado School of Medicine" id="PR_reasoned_2017_04_17_Instance_30139" type="identity">
            <class id="PR_EXT:000004804" label="breast cancer type 2 susceptibility protein"/>
            <span end="12419" id="11597317-371" start="12414">BRCA2</span>
        </annotation>
        <annotation annotator="Mike Bada, University of Colorado School of Medicine" id="PR_reasoned_2017_04_17_Instance_30129" type="identity">
            <class id="PR_EXT:000013672" label="DNA repair protein RAD51 homolog 1"/>
            <span end="12444" id="11597317-361" start="12439">RAD51</span>
        </annotation>
        <annotation annotator="Mike Bada, University of Colorado School of Medicine" id="PR_reasoned_2017_04_17_Instance_30141" type="identity">
            <class id="PR_EXT:000004804" label="breast cancer type 2 susceptibility protein"/>
            <span end="12450" id="11597317-373" start="12445">BRCA2</span>
        </annotation>
        <annotation annotator="Mike Bada, University of Colorado School of Medicine" id="PR_reasoned_2017_04_17_Instance_30143" type="identity">
            <class id="PR_EXT:000004804" label="breast cancer type 2 susceptibility protein"/>
            <span end="12525" id="11597317-375" start="12520">BRCA2</span>
        </annotation>
        <annotation annotator="Mike Bada, University of Colorado School of Medicine" id="PR_reasoned_2017_04_17_Instance_30145" type="identity">
            <class id="PR_EXT:000004804" label="breast cancer type 2 susceptibility protein"/>
            <span end="12624" id="11597317-377" start="12619">BRCA2</span>
        </annotation>
        <annotation annotator="Mike Bada, University of Colorado School of Medicine" id="PR_reasoned_2017_04_17_Instance_30147" type="identity">
            <class id="PR_EXT:000004804" label="breast cancer type 2 susceptibility protein"/>
            <span end="12679" id="11597317-379" start="12674">BRCA2</span>
        </annotation>
        <annotation annotator="Mike Bada, University of Colorado School of Medicine" id="PR_reasoned_2017_04_17_Instance_110174" type="identity">
            <class id="CHEBI_PR_EXT:protein" label="protein"/>
            <span end="12822" id="11597317-139" start="12815">protein</span>
        </annotation>
        <annotation annotator="Mike Bada, University of Colorado School of Medicine" id="PR_reasoned_2017_04_17_Instance_57" type="identity">
            <class id="PR_EXT:P03882" label="intron-encoded endonuclease I-SceI (yeast)"/>
            <span end="12972" id="11597317-455" start="12966">I-SceI</span>
        </annotation>
        <annotation annotator="Mike Bada, University of Colorado School of Medicine" id="PR_reasoned_2017_04_17_Instance_30149" type="identity">
            <class id="PR_EXT:000004804" label="breast cancer type 2 susceptibility protein"/>
            <span end="13358" id="11597317-381" start="13353">BRCA2</span>
        </annotation>
        <annotation annotator="Mike Bada, University of Colorado School of Medicine" id="PR_reasoned_2017_04_17_Instance_30163" type="identity">
            <class id="PR_EXT:000013672" label="DNA repair protein RAD51 homolog 1"/>
            <span end="13389" id="11597317-395" start="13384">Rad51</span>
        </annotation>
        <annotation annotator="Mike Bada, University of Colorado School of Medicine" id="PR_reasoned_2017_04_17_Instance_30165" type="identity">
            <class id="PR_EXT:000013672" label="DNA repair protein RAD51 homolog 1"/>
            <span end="13472" id="11597317-397" start="13467">Rad51</span>
        </annotation>
        <annotation annotator="Mike Bada, University of Colorado School of Medicine" id="PR_reasoned_2017_04_17_Instance_30151" type="identity">
            <class id="PR_EXT:000004804" label="breast cancer type 2 susceptibility protein"/>
            <span end="13499" id="11597317-383" start="13494">BRCA2</span>
        </annotation>
        <annotation annotator="Mike Bada, University of Colorado School of Medicine" id="PR_reasoned_2017_04_17_Instance_30153" type="identity">
            <class id="PR_EXT:000004804" label="breast cancer type 2 susceptibility protein"/>
            <span end="13569" id="11597317-385" start="13564">BRCA2</span>
        </annotation>
        <annotation annotator="Mike Bada, University of Colorado School of Medicine" id="PR_reasoned_2017_04_17_Instance_30167" type="identity">
            <class id="PR_EXT:000013672" label="DNA repair protein RAD51 homolog 1"/>
            <span end="13575" id="11597317-399" start="13570">Rad51</span>
        </annotation>
        <annotation annotator="Mike Bada, University of Colorado School of Medicine" id="PR_reasoned_2017_04_17_Instance_30169" type="identity">
            <class id="PR_EXT:000013672" label="DNA repair protein RAD51 homolog 1"/>
            <span end="13617" id="11597317-401" start="13612">RAD51</span>
        </annotation>
        <annotation annotator="Mike Bada, University of Colorado School of Medicine" id="PR_reasoned_2017_04_17_Instance_30155" type="identity">
            <class id="PR_EXT:000004804" label="breast cancer type 2 susceptibility protein"/>
            <span end="13623" id="11597317-387" start="13618">BRCA2</span>
        </annotation>
        <annotation annotator="Mike Bada, University of Colorado School of Medicine" id="PR_reasoned_2017_04_17_Instance_30171" type="identity">
            <class id="PR_EXT:000013672" label="DNA repair protein RAD51 homolog 1"/>
            <span end="13691" id="11597317-403" start="13686">Rad51</span>
        </annotation>
        <annotation annotator="Mike Bada, University of Colorado School of Medicine" id="PR_reasoned_2017_04_17_Instance_30157" type="identity">
            <class id="PR_EXT:000004804" label="breast cancer type 2 susceptibility protein"/>
            <span end="13793" id="11597317-389" start="13788">BRCA2</span>
        </annotation>
        <annotation annotator="Mike Bada, University of Colorado School of Medicine" id="PR_reasoned_2017_04_17_Instance_30173" type="identity">
            <class id="PR_EXT:000013672" label="DNA repair protein RAD51 homolog 1"/>
            <span end="13912" id="11597317-405" start="13907">Rad51</span>
        </annotation>
        <annotation annotator="Mike Bada, University of Colorado School of Medicine" id="PR_reasoned_2017_04_17_Instance_30159" type="identity">
            <class id="PR_EXT:000004804" label="breast cancer type 2 susceptibility protein"/>
            <span end="13971" id="11597317-391" start="13966">BRCA2</span>
        </annotation>
        <annotation annotator="Mike Bada, University of Colorado School of Medicine" id="PR_reasoned_2017_04_17_Instance_30175" type="identity">
            <class id="PR_EXT:000013672" label="DNA repair protein RAD51 homolog 1"/>
            <span end="14000" id="11597317-407" start="13995">Rad51</span>
        </annotation>
        <annotation annotator="Mike Bada, University of Colorado School of Medicine" id="PR_reasoned_2017_04_17_Instance_30161" type="identity">
            <class id="PR_EXT:000004804" label="breast cancer type 2 susceptibility protein"/>
            <span end="14134" id="11597317-393" start="14129">BRCA2</span>
        </annotation>
        <annotation annotator="Mike Bada, University of Colorado School of Medicine" id="PR_reasoned_2017_04_17_Instance_30177" type="identity">
            <class id="PR_EXT:000013672" label="DNA repair protein RAD51 homolog 1"/>
            <span end="14171" id="11597317-409" start="14166">Rad51</span>
        </annotation>
        <annotation annotator="Mike Bada, University of Colorado School of Medicine" id="PR_reasoned_2017_04_17_Instance_60" type="identity">
            <class id="PR_EXT:BRCA" label="BRCA"/>
            <span end="14260" id="11597317-457" start="14256">BRCA</span>
        </annotation>
        <annotation annotator="Mike Bada, University of Colorado School of Medicine" id="PR_reasoned_2017_04_17_Instance_30179" type="identity">
            <class id="PR_EXT:000013672" label="DNA repair protein RAD51 homolog 1"/>
            <span end="14283" id="11597317-411" start="14278">Rad51</span>
        </annotation>
        <graph-space id="Old Knowtator Relations"/>
    </document>
</knowtator-project>
