<?xml version="1.0" encoding="UTF-8" standalone="no"?>
<knowtator-project>
  <document id="11597317" text-file="11597317.txt">
    <annotation annotator="Mike Bada, University of Colorado School of Medicine" id="PR_reasoned_2017_04_17_Instance_28219" type="identity">
      <class id="PR_EXT:000004804" label="breast cancer type 2 susceptibility protein"/>
      <span end="5" id="11597317-142" start="0">BRCA2</span>
    </annotation>
    <annotation annotator="Mike Bada, University of Colorado School of Medicine" id="PR_reasoned_2017_04_17_Instance_30275" type="identity">
      <class id="PR_EXT:000004804" label="breast cancer type 2 susceptibility protein"/>
      <span end="152" id="11597317-416" start="147">BRCA2</span>
    </annotation>
    <annotation annotator="Mike Bada, University of Colorado School of Medicine" id="PR_reasoned_2017_04_17_Instance_28241" type="identity">
      <class id="PR_EXT:000004804" label="breast cancer type 2 susceptibility protein"/>
      <span end="238" id="11597317-144" start="233">BRCA2</span>
    </annotation>
    <annotation annotator="Mike Bada, University of Colorado School of Medicine" id="PR_reasoned_2017_04_17_Instance_28263" type="identity">
      <class id="PR_EXT:000004804" label="breast cancer type 2 susceptibility protein"/>
      <span end="401" id="11597317-146" start="396">BRCA2</span>
    </annotation>
    <annotation annotator="Mike Bada, University of Colorado School of Medicine" id="PR_reasoned_2017_04_17_Instance_28285" type="identity">
      <class id="PR_EXT:000004804" label="breast cancer type 2 susceptibility protein"/>
      <span end="457" id="11597317-148" start="452">BRCA2</span>
    </annotation>
    <annotation annotator="Mike Bada, University of Colorado School of Medicine" id="PR_reasoned_2017_04_17_Instance_28327" type="identity">
      <class id="PR_EXT:000013672" label="DNA repair protein RAD51 homolog 1"/>
      <span end="555" id="11597317-152" start="550">RAD51</span>
    </annotation>
    <annotation annotator="Mike Bada, University of Colorado School of Medicine" id="PR_reasoned_2017_04_17_Instance_28307" type="identity">
      <class id="PR_EXT:000004804" label="breast cancer type 2 susceptibility protein"/>
      <span end="738" id="11597317-150" start="733">BRCA2</span>
    </annotation>
    <annotation annotator="Mike Bada, University of Colorado School of Medicine" id="PR_reasoned_2017_04_17_Instance_28349" type="identity">
      <class id="PR_EXT:000013672" label="DNA repair protein RAD51 homolog 1"/>
      <span end="747" id="11597317-154" start="742">RAD51</span>
    </annotation>
    <annotation annotator="Mike Bada, University of Colorado School of Medicine" id="PR_reasoned_2017_04_17_Instance_30277" type="identity">
      <class id="PR_EXT:000004804" label="breast cancer type 2 susceptibility protein"/>
      <span end="822" id="11597317-418" start="817">BRCA2</span>
    </annotation>
    <annotation annotator="Mike Bada, University of Colorado School of Medicine" id="PR_reasoned_2017_04_17_Instance_30279" type="identity">
      <class id="PR_EXT:000004804" label="breast cancer type 2 susceptibility protein"/>
      <span end="829" id="11597317-420" start="824">BRCA2</span>
    </annotation>
    <annotation annotator="Mike Bada, University of Colorado School of Medicine" id="PR_reasoned_2017_04_17_Instance_28363" type="identity">
      <class id="PR_EXT:000004804" label="breast cancer type 2 susceptibility protein"/>
      <span end="1023" id="11597317-156" start="1018">BRCA2</span>
    </annotation>
    <annotation annotator="Mike Bada, University of Colorado School of Medicine" id="PR_reasoned_2017_04_17_Instance_110142" type="identity">
      <class id="CHEBI_PR_EXT:protein" label="protein"/>
      <span end="1031" id="11597317-108" start="1024">protein</span>
    </annotation>
    <annotation annotator="Mike Bada, University of Colorado School of Medicine" id="PR_reasoned_2017_04_17_Instance_110144" type="identity">
      <class id="CHEBI_PR_EXT:protein" label="protein"/>
      <span end="1171" id="11597317-110" start="1164">protein</span>
    </annotation>
    <annotation annotator="Mike Bada, University of Colorado School of Medicine" id="PR_reasoned_2017_04_17_Instance_110146" type="identity">
      <class id="CHEBI_PR_EXT:protein" label="protein"/>
      <span end="1324" id="11597317-112" start="1317">protein</span>
    </annotation>
    <annotation annotator="Mike Bada, University of Colorado School of Medicine" id="PR_reasoned_2017_04_17_Instance_28383" type="identity">
      <class id="PR_EXT:000013672" label="DNA repair protein RAD51 homolog 1"/>
      <span end="1522" id="11597317-158" start="1517">RAD51</span>
    </annotation>
    <annotation annotator="Mike Bada, University of Colorado School of Medicine" id="PR_reasoned_2017_04_17_Instance_28403" type="identity">
      <class id="PR_EXT:000004803" label="breast cancer type 1 susceptibility protein"/>
      <span end="1565" id="11597317-160" start="1560">BRCA1</span>
    </annotation>
    <annotation annotator="Mike Bada, University of Colorado School of Medicine" id="PR_reasoned_2017_04_17_Instance_28425" type="identity">
      <class id="PR_EXT:000004803" label="breast cancer type 1 susceptibility protein"/>
      <span end="1640" id="11597317-162" start="1635">BRCA1</span>
    </annotation>
    <annotation annotator="Mike Bada, University of Colorado School of Medicine" id="PR_reasoned_2017_04_17_Instance_28447" type="identity">
      <class id="PR_EXT:000004804" label="breast cancer type 2 susceptibility protein"/>
      <span end="1650" id="11597317-164" start="1645">BRCA2</span>
    </annotation>
    <annotation annotator="Mike Bada, University of Colorado School of Medicine" id="PR_reasoned_2017_04_17_Instance_28511" type="identity">
      <class id="PR_EXT:000004803" label="breast cancer type 1 susceptibility protein"/>
      <span end="1710" id="11597317-168" start="1705">BRCA1</span>
    </annotation>
    <annotation annotator="Mike Bada, University of Colorado School of Medicine" id="PR_reasoned_2017_04_17_Instance_28469" type="identity">
      <class id="PR_EXT:000004804" label="breast cancer type 2 susceptibility protein"/>
      <span end="1720" id="11597317-166" start="1715">BRCA2</span>
    </annotation>
    <annotation annotator="Mike Bada, University of Colorado School of Medicine" id="PR_reasoned_2017_04_17_Instance_28533" type="identity">
      <class id="PR_EXT:000004803" label="breast cancer type 1 susceptibility protein"/>
      <span end="1946" id="11597317-170" start="1941">BRCA1</span>
    </annotation>
    <annotation annotator="Mike Bada, University of Colorado School of Medicine" id="PR_reasoned_2017_04_17_Instance_28555" type="identity">
      <class id="PR_EXT:000004804" label="breast cancer type 2 susceptibility protein"/>
      <span end="1955" id="11597317-172" start="1950">BRCA2</span>
    </annotation>
    <annotation annotator="Mike Bada, University of Colorado School of Medicine" id="PR_reasoned_2017_04_17_Instance_28577" type="identity">
      <class id="PR_EXT:000004804" label="breast cancer type 2 susceptibility protein"/>
      <span end="2113" id="11597317-174" start="2108">BRCA2</span>
    </annotation>
    <annotation annotator="Mike Bada, University of Colorado School of Medicine" id="PR_reasoned_2017_04_17_Instance_28599" type="identity">
      <class id="PR_EXT:000013672" label="DNA repair protein RAD51 homolog 1"/>
      <span end="2138" id="11597317-176" start="2133">RAD51</span>
    </annotation>
    <annotation annotator="Mike Bada, University of Colorado School of Medicine" id="PR_reasoned_2017_04_17_Instance_110148" type="identity">
      <class id="CHEBI_PR_EXT:protein" label="protein"/>
      <span end="2169" id="11597317-114" start="2162">protein</span>
    </annotation>
    <annotation annotator="Mike Bada, University of Colorado School of Medicine" id="PR_reasoned_2017_04_17_Instance_110150" type="identity">
      <class id="CHEBI_PR_EXT:protein" label="protein"/>
      <span end="2177" id="11597317-116" start="2170">protein</span>
    </annotation>
    <annotation annotator="Mike Bada, University of Colorado School of Medicine" id="PR_reasoned_2017_04_17_Instance_28687" type="identity">
      <class id="PR_EXT:000004803" label="breast cancer type 1 susceptibility protein"/>
      <span end="2260" id="11597317-184" start="2255">BRCA1</span>
    </annotation>
    <annotation annotator="Mike Bada, University of Colorado School of Medicine" id="PR_reasoned_2017_04_17_Instance_28621" type="identity">
      <class id="PR_EXT:000013672" label="DNA repair protein RAD51 homolog 1"/>
      <span end="2270" id="11597317-178" start="2265">RAD51</span>
    </annotation>
    <annotation annotator="Mike Bada, University of Colorado School of Medicine" id="PR_reasoned_2017_04_17_Instance_30183" type="identity">
      <class id="PR_EXT:000004804" label="breast cancer type 2 susceptibility protein"/>
      <span end="2361" id="11597317-414" start="2356">BRCA2</span>
    </annotation>
    <annotation annotator="Mike Bada, University of Colorado School of Medicine" id="PR_reasoned_2017_04_17_Instance_28643" type="identity">
      <class id="PR_EXT:000013672" label="DNA repair protein RAD51 homolog 1"/>
      <span end="2394" id="11597317-180" start="2389">RAD51</span>
    </annotation>
    <annotation annotator="Mike Bada, University of Colorado School of Medicine" id="PR_reasoned_2017_04_17_Instance_28709" type="identity">
      <class id="PR_EXT:000004803" label="breast cancer type 1 susceptibility protein"/>
      <span end="2427" id="11597317-186" start="2422">BRCA1</span>
    </annotation>
    <annotation annotator="Mike Bada, University of Colorado School of Medicine" id="PR_reasoned_2017_04_17_Instance_28665" type="identity">
      <class id="PR_EXT:000013672" label="DNA repair protein RAD51 homolog 1"/>
      <span end="2474" id="11597317-182" start="2469">RAD51</span>
    </annotation>
    <annotation annotator="Mike Bada, University of Colorado School of Medicine" id="PR_reasoned_2017_04_17_Instance_110152" type="identity">
      <class id="CHEBI_PR_EXT:protein" label="protein"/>
      <span end="2534" id="11597317-118" start="2526">proteins</span>
    </annotation>
    <annotation annotator="Mike Bada, University of Colorado School of Medicine" id="PR_reasoned_2017_04_17_Instance_30281" type="identity">
      <class id="PR_EXT:000004803" label="breast cancer type 1 susceptibility protein"/>
      <span end="2705" id="11597317-422" start="2700">Brca1</span>
    </annotation>
    <annotation annotator="Mike Bada, University of Colorado School of Medicine" id="PR_reasoned_2017_04_17_Instance_28731" type="identity">
      <class id="PR_EXT:000004803" label="breast cancer type 1 susceptibility protein"/>
      <span end="2843" id="11597317-188" start="2838">BRCA1</span>
    </annotation>
    <annotation annotator="Mike Bada, University of Colorado School of Medicine" id="PR_reasoned_2017_04_17_Instance_28795" type="identity">
      <class id="PR_EXT:000004804" label="breast cancer type 2 susceptibility protein"/>
      <span end="2853" id="11597317-194" start="2848">BRCA2</span>
    </annotation>
    <annotation annotator="Mike Bada, University of Colorado School of Medicine" id="PR_reasoned_2017_04_17_Instance_28753" type="identity">
      <class id="PR_EXT:000004803" label="breast cancer type 1 susceptibility protein"/>
      <span end="2948" id="11597317-190" start="2943">BRCA1</span>
    </annotation>
    <annotation annotator="Mike Bada, University of Colorado School of Medicine" id="PR_reasoned_2017_04_17_Instance_28815" type="identity">
      <class id="PR_EXT:000004804" label="breast cancer type 2 susceptibility protein"/>
      <span end="2958" id="11597317-196" start="2953">BRCA2</span>
    </annotation>
    <annotation annotator="Mike Bada, University of Colorado School of Medicine" id="PR_reasoned_2017_04_17_Instance_28837" type="identity">
      <class id="PR_EXT:000004804" label="breast cancer type 2 susceptibility protein"/>
      <span end="3019" id="11597317-198" start="3014">BRCA2</span>
    </annotation>
    <annotation annotator="Mike Bada, University of Colorado School of Medicine" id="PR_reasoned_2017_04_17_Instance_28773" type="identity">
      <class id="PR_EXT:000004803" label="breast cancer type 1 susceptibility protein"/>
      <span end="3031" id="11597317-192" start="3026">BRCA1</span>
    </annotation>
    <annotation annotator="Mike Bada, University of Colorado School of Medicine" id="PR_reasoned_2017_04_17_Instance_28859" type="identity">
      <class id="PR_EXT:000004804" label="breast cancer type 2 susceptibility protein"/>
      <span end="3219" id="11597317-200" start="3214">BRCA2</span>
    </annotation>
    <annotation annotator="Mike Bada, University of Colorado School of Medicine" id="PR_reasoned_2017_04_17_Instance_110154" type="identity">
      <class id="CHEBI_PR_EXT:protein" label="protein"/>
      <span end="3486" id="11597317-120" start="3479">protein</span>
    </annotation>
    <annotation annotator="Mike Bada, University of Colorado School of Medicine" id="PR_reasoned_2017_04_17_Instance_43" type="identity">
      <class id="PR_EXT:P03882" label="intron-encoded endonuclease I-SceI (yeast)"/>
      <span end="3540" id="11597317-442" start="3534">I-SceI</span>
    </annotation>
    <annotation annotator="Mike Bada, University of Colorado School of Medicine" id="PR_reasoned_2017_04_17_Instance_45" type="identity">
      <class id="PR_EXT:P03882" label="intron-encoded endonuclease I-SceI (yeast)"/>
      <span end="3652" id="11597317-444" start="3646">I-SceI</span>
    </annotation>
    <annotation annotator="Mike Bada, University of Colorado School of Medicine" id="PR_reasoned_2017_04_17_Instance_28881" type="identity">
      <class id="PR_EXT:000004804" label="breast cancer type 2 susceptibility protein"/>
      <span end="4287" id="11597317-202" start="4282">BRCA2</span>
    </annotation>
    <annotation annotator="Mike Bada, University of Colorado School of Medicine" id="PR_reasoned_2017_04_17_Instance_110156" type="identity">
      <class id="CHEBI_PR_EXT:protein" label="protein"/>
      <span end="4295" id="11597317-122" start="4288">protein</span>
    </annotation>
    <annotation annotator="Mike Bada, University of Colorado School of Medicine" id="PR_reasoned_2017_04_17_Instance_47" type="identity">
      <class id="PR_EXT:P03882" label="intron-encoded endonuclease I-SceI (yeast)"/>
      <span end="4347" id="11597317-446" start="4341">I-SceI</span>
    </annotation>
    <annotation annotator="Mike Bada, University of Colorado School of Medicine" id="PR_reasoned_2017_04_17_Instance_49" type="identity">
      <class id="PR_EXT:P03882" label="intron-encoded endonuclease I-SceI (yeast)"/>
      <span end="4414" id="11597317-448" start="4408">I-SceI</span>
    </annotation>
    <annotation annotator="Mike Bada, University of Colorado School of Medicine" id="PR_reasoned_2017_04_17_Instance_30283" type="identity">
      <class id="PR_EXT:000004804" label="breast cancer type 2 susceptibility protein"/>
      <span end="4578" id="11597317-424" start="4573">BRCA2</span>
    </annotation>
    <annotation annotator="Mike Bada, University of Colorado School of Medicine" id="PR_reasoned_2017_04_17_Instance_110158" type="identity">
      <class id="CHEBI_PR_EXT:protein" label="protein"/>
      <span end="4617" id="11597317-124" start="4610">protein</span>
    </annotation>
    <annotation annotator="Mike Bada, University of Colorado School of Medicine" id="PR_reasoned_2017_04_17_Instance_51" type="identity">
      <class id="PR_EXT:P03882" label="intron-encoded endonuclease I-SceI (yeast)"/>
      <span end="4714" id="11597317-450" start="4708">I-SceI</span>
    </annotation>
    <annotation annotator="Mike Bada, University of Colorado School of Medicine" id="PR_reasoned_2017_04_17_Instance_30285" type="identity">
      <class id="PR_EXT:000004804" label="breast cancer type 2 susceptibility protein"/>
      <span end="4803" id="11597317-426" start="4798">BRCA2</span>
    </annotation>
    <annotation annotator="Mike Bada, University of Colorado School of Medicine" id="PR_reasoned_2017_04_17_Instance_30287" type="identity">
      <class id="PR_EXT:000004804" label="breast cancer type 2 susceptibility protein"/>
      <span end="4947" id="11597317-428" start="4942">BRCA2</span>
    </annotation>
    <annotation annotator="Mike Bada, University of Colorado School of Medicine" id="PR_reasoned_2017_04_17_Instance_30289" type="identity">
      <class id="PR_EXT:000004804" label="breast cancer type 2 susceptibility protein"/>
      <span end="5148" id="11597317-430" start="5143">BRCA2</span>
    </annotation>
    <annotation annotator="Mike Bada, University of Colorado School of Medicine" id="PR_reasoned_2017_04_17_Instance_30291" type="identity">
      <class id="PR_EXT:000004804" label="breast cancer type 2 susceptibility protein"/>
      <span end="5375" id="11597317-432" start="5370">BRCA2</span>
    </annotation>
    <annotation annotator="Mike Bada, University of Colorado School of Medicine" id="PR_reasoned_2017_04_17_Instance_30293" type="identity">
      <class id="PR_EXT:000004804" label="breast cancer type 2 susceptibility protein"/>
      <span end="5481" id="11597317-434" start="5476">BRCA2</span>
    </annotation>
    <annotation annotator="Mike Bada, University of Colorado School of Medicine" id="PR_reasoned_2017_04_17_Instance_110160" type="identity">
      <class id="CHEBI_PR_EXT:protein" label="protein"/>
      <span end="5489" id="11597317-126" start="5482">protein</span>
    </annotation>
    <annotation annotator="Mike Bada, University of Colorado School of Medicine" id="PR_reasoned_2017_04_17_Instance_28903" type="identity">
      <class id="PR_EXT:000004804" label="breast cancer type 2 susceptibility protein"/>
      <span end="5611" id="11597317-204" start="5606">BRCA2</span>
    </annotation>
    <annotation annotator="Mike Bada, University of Colorado School of Medicine" id="PR_reasoned_2017_04_17_Instance_28925" type="identity">
      <class id="PR_EXT:000004804" label="breast cancer type 2 susceptibility protein"/>
      <span end="5812" id="11597317-206" start="5807">BRCA2</span>
    </annotation>
    <annotation annotator="Mike Bada, University of Colorado School of Medicine" id="PR_reasoned_2017_04_17_Instance_110162" type="identity">
      <class id="CHEBI_PR_EXT:protein" label="protein"/>
      <span end="5820" id="11597317-128" start="5813">protein</span>
    </annotation>
    <annotation annotator="Mike Bada, University of Colorado School of Medicine" id="PR_reasoned_2017_04_17_Instance_28947" type="identity">
      <class id="PR_EXT:000004804" label="breast cancer type 2 susceptibility protein"/>
      <span end="5929" id="11597317-208" start="5924">BRCA2</span>
    </annotation>
    <annotation annotator="Mike Bada, University of Colorado School of Medicine" id="PR_reasoned_2017_04_17_Instance_28969" type="identity">
      <class id="PR_EXT:000004804" label="breast cancer type 2 susceptibility protein"/>
      <span end="6009" id="11597317-210" start="6004">BRCA2</span>
    </annotation>
    <annotation annotator="Mike Bada, University of Colorado School of Medicine" id="PR_reasoned_2017_04_17_Instance_28991" type="identity">
      <class id="PR_EXT:000004804" label="breast cancer type 2 susceptibility protein"/>
      <span end="6370" id="11597317-212" start="6365">BRCA2</span>
    </annotation>
    <annotation annotator="Mike Bada, University of Colorado School of Medicine" id="PR_reasoned_2017_04_17_Instance_30295" type="identity">
      <class id="PR_EXT:000004804" label="breast cancer type 2 susceptibility protein"/>
      <span end="6478" id="11597317-436" start="6473">BRCA2</span>
    </annotation>
    <annotation annotator="Mike Bada, University of Colorado School of Medicine" id="PR_reasoned_2017_04_17_Instance_53" type="identity">
      <class id="PR_EXT:000004804" label="breast cancer type 2 susceptibility protein"/>
      <span end="6702" id="11597317-452" start="6697">Brca2</span>
    </annotation>
    <annotation annotator="Mike Bada, University of Colorado School of Medicine" id="PR_reasoned_2017_04_17_Instance_30297" type="identity">
      <class id="PR_EXT:000004804" label="breast cancer type 2 susceptibility protein"/>
      <span end="6726" id="11597317-438" start="6721">Brca2</span>
    </annotation>
    <annotation annotator="Mike Bada, University of Colorado School of Medicine" id="PR_reasoned_2017_04_17_Instance_55" type="identity">
      <class id="PR_EXT:000004804" label="breast cancer type 2 susceptibility protein"/>
      <span end="6791" id="11597317-454" start="6786">Brca2</span>
    </annotation>
    <annotation annotator="Mike Bada, University of Colorado School of Medicine" id="PR_reasoned_2017_04_17_Instance_29013" type="identity">
      <class id="PR_EXT:000004804" label="breast cancer type 2 susceptibility protein"/>
      <span end="6893" id="11597317-214" start="6888">BRCA2</span>
    </annotation>
    <annotation annotator="Mike Bada, University of Colorado School of Medicine" id="PR_reasoned_2017_04_17_Instance_29035" type="identity">
      <class id="PR_EXT:000004804" label="breast cancer type 2 susceptibility protein"/>
      <span end="6977" id="11597317-216" start="6972">BRCA2</span>
    </annotation>
    <annotation annotator="Mike Bada, University of Colorado School of Medicine" id="PR_reasoned_2017_04_17_Instance_29055" type="identity">
      <class id="PR_EXT:000004804" label="breast cancer type 2 susceptibility protein"/>
      <span end="7086" id="11597317-218" start="7081">BRCA2</span>
    </annotation>
    <annotation annotator="Mike Bada, University of Colorado School of Medicine" id="PR_reasoned_2017_04_17_Instance_29077" type="identity">
      <class id="PR_EXT:000013672" label="DNA repair protein RAD51 homolog 1"/>
      <span end="7092" id="11597317-220" start="7087">RAD51</span>
    </annotation>
    <annotation annotator="Mike Bada, University of Colorado School of Medicine" id="PR_reasoned_2017_04_17_Instance_29099" type="identity">
      <class id="PR_EXT:000013672" label="DNA repair protein RAD51 homolog 1"/>
      <span end="7247" id="11597317-222" start="7242">RAD51</span>
    </annotation>
    <annotation annotator="Mike Bada, University of Colorado School of Medicine" id="PR_reasoned_2017_04_17_Instance_29121" type="identity">
      <class id="PR_EXT:000004804" label="breast cancer type 2 susceptibility protein"/>
      <span end="7321" id="11597317-224" start="7316">BRCA2</span>
    </annotation>
    <annotation annotator="Mike Bada, University of Colorado School of Medicine" id="PR_reasoned_2017_04_17_Instance_29143" type="identity">
      <class id="PR_EXT:000013672" label="DNA repair protein RAD51 homolog 1"/>
      <span end="7711" id="11597317-226" start="7706">RAD51</span>
    </annotation>
    <annotation annotator="Mike Bada, University of Colorado School of Medicine" id="PR_reasoned_2017_04_17_Instance_29165" type="identity">
      <class id="PR_EXT:000013672" label="DNA repair protein RAD51 homolog 1"/>
      <span end="8004" id="11597317-228" start="7999">RAD51</span>
    </annotation>
    <annotation annotator="Mike Bada, University of Colorado School of Medicine" id="PR_reasoned_2017_04_17_Instance_29187" type="identity">
      <class id="PR_EXT:000013672" label="DNA repair protein RAD51 homolog 1"/>
      <span end="8104" id="11597317-230" start="8099">RAD51</span>
    </annotation>
    <annotation annotator="Mike Bada, University of Colorado School of Medicine" id="PR_reasoned_2017_04_17_Instance_29231" type="identity">
      <class id="PR_EXT:000004804" label="breast cancer type 2 susceptibility protein"/>
      <span end="8188" id="11597317-234" start="8183">BRCA2</span>
    </annotation>
    <annotation annotator="Mike Bada, University of Colorado School of Medicine" id="PR_reasoned_2017_04_17_Instance_110164" type="identity">
      <class id="CHEBI_PR_EXT:protein" label="protein"/>
      <span end="8196" id="11597317-130" start="8189">protein</span>
    </annotation>
    <annotation annotator="Mike Bada, University of Colorado School of Medicine" id="PR_reasoned_2017_04_17_Instance_29209" type="identity">
      <class id="PR_EXT:000013672" label="DNA repair protein RAD51 homolog 1"/>
      <span end="8253" id="11597317-232" start="8248">RAD51</span>
    </annotation>
    <annotation annotator="Mike Bada, University of Colorado School of Medicine" id="PR_reasoned_2017_04_17_Instance_29275" type="identity">
      <class id="PR_EXT:000004804" label="breast cancer type 2 susceptibility protein"/>
      <span end="8415" id="11597317-238" start="8410">BRCA2</span>
    </annotation>
    <annotation annotator="Mike Bada, University of Colorado School of Medicine" id="PR_reasoned_2017_04_17_Instance_29253" type="identity">
      <class id="PR_EXT:000013672" label="DNA repair protein RAD51 homolog 1"/>
      <span end="8430" id="11597317-236" start="8425">RAD51</span>
    </annotation>
    <annotation annotator="Mike Bada, University of Colorado School of Medicine" id="PR_reasoned_2017_04_17_Instance_29297" type="identity">
      <class id="PR_EXT:000013672" label="DNA repair protein RAD51 homolog 1"/>
      <span end="8481" id="11597317-240" start="8476">RAD51</span>
    </annotation>
    <annotation annotator="Mike Bada, University of Colorado School of Medicine" id="PR_reasoned_2017_04_17_Instance_29319" type="identity">
      <class id="PR_EXT:000004804" label="breast cancer type 2 susceptibility protein"/>
      <span end="8641" id="11597317-242" start="8636">BRCA2</span>
    </annotation>
    <annotation annotator="Mike Bada, University of Colorado School of Medicine" id="PR_reasoned_2017_04_17_Instance_110166" type="identity">
      <class id="CHEBI_PR_EXT:protein" label="protein"/>
      <span end="8649" id="11597317-132" start="8642">protein</span>
    </annotation>
    <annotation annotator="Mike Bada, University of Colorado School of Medicine" id="PR_reasoned_2017_04_17_Instance_110168" type="identity">
      <class id="CHEBI_PR_EXT:protein" label="protein"/>
      <span end="8764" id="11597317-134" start="8757">protein</span>
    </annotation>
    <annotation annotator="Mike Bada, University of Colorado School of Medicine" id="PR_reasoned_2017_04_17_Instance_29363" type="identity">
      <class id="PR_EXT:000013672" label="DNA repair protein RAD51 homolog 1"/>
      <span end="8889" id="11597317-246" start="8884">RAD51</span>
    </annotation>
    <annotation annotator="Mike Bada, University of Colorado School of Medicine" id="PR_reasoned_2017_04_17_Instance_29385" type="identity">
      <class id="PR_EXT:000013672" label="DNA repair protein RAD51 homolog 1"/>
      <span end="8925" id="11597317-248" start="8920">RAD51</span>
    </annotation>
    <annotation annotator="Mike Bada, University of Colorado School of Medicine" id="PR_reasoned_2017_04_17_Instance_29341" type="identity">
      <class id="PR_EXT:000004804" label="breast cancer type 2 susceptibility protein"/>
      <span end="8977" id="11597317-244" start="8972">BRCA2</span>
    </annotation>
    <annotation annotator="Mike Bada, University of Colorado School of Medicine" id="PR_reasoned_2017_04_17_Instance_29407" type="identity">
      <class id="PR_EXT:000013672" label="DNA repair protein RAD51 homolog 1"/>
      <span end="9004" id="11597317-250" start="8999">RAD51</span>
    </annotation>
    <annotation annotator="Mike Bada, University of Colorado School of Medicine" id="PR_reasoned_2017_04_17_Instance_29429" type="identity">
      <class id="PR_EXT:000004804" label="breast cancer type 2 susceptibility protein"/>
      <span end="9042" id="11597317-252" start="9037">BRCA2</span>
    </annotation>
    <annotation annotator="Mike Bada, University of Colorado School of Medicine" id="PR_reasoned_2017_04_17_Instance_29451" type="identity">
      <class id="PR_EXT:000004804" label="breast cancer type 2 susceptibility protein"/>
      <span end="9094" id="11597317-254" start="9089">BRCA2</span>
    </annotation>
    <annotation annotator="Mike Bada, University of Colorado School of Medicine" id="PR_reasoned_2017_04_17_Instance_29473" type="identity">
      <class id="PR_EXT:000013672" label="DNA repair protein RAD51 homolog 1"/>
      <span end="9131" id="11597317-256" start="9126">RAD51</span>
    </annotation>
    <annotation annotator="Mike Bada, University of Colorado School of Medicine" id="PR_reasoned_2017_04_17_Instance_29495" type="identity">
      <class id="PR_EXT:000013672" label="DNA repair protein RAD51 homolog 1"/>
      <span end="9241" id="11597317-258" start="9236">RAD51</span>
    </annotation>
    <annotation annotator="Mike Bada, University of Colorado School of Medicine" id="PR_reasoned_2017_04_17_Instance_29517" type="identity">
      <class id="PR_EXT:000004804" label="breast cancer type 2 susceptibility protein"/>
      <span end="9281" id="11597317-260" start="9276">BRCA2</span>
    </annotation>
    <annotation annotator="Mike Bada, University of Colorado School of Medicine" id="PR_reasoned_2017_04_17_Instance_29539" type="identity">
      <class id="PR_EXT:000004804" label="breast cancer type 2 susceptibility protein"/>
      <span end="9332" id="11597317-262" start="9327">BRCA2</span>
    </annotation>
    <annotation annotator="Mike Bada, University of Colorado School of Medicine" id="PR_reasoned_2017_04_17_Instance_29583" type="identity">
      <class id="PR_EXT:000013672" label="DNA repair protein RAD51 homolog 1"/>
      <span end="9387" id="11597317-266" start="9382">RAD51</span>
    </annotation>
    <annotation annotator="Mike Bada, University of Colorado School of Medicine" id="PR_reasoned_2017_04_17_Instance_29561" type="identity">
      <class id="PR_EXT:000004804" label="breast cancer type 2 susceptibility protein"/>
      <span end="9393" id="11597317-264" start="9388">BRCA2</span>
    </annotation>
    <annotation annotator="Mike Bada, University of Colorado School of Medicine" id="PR_reasoned_2017_04_17_Instance_29627" type="identity">
      <class id="PR_EXT:000004804" label="breast cancer type 2 susceptibility protein"/>
      <span end="9461" id="11597317-270" start="9456">BRCA2</span>
    </annotation>
    <annotation annotator="Mike Bada, University of Colorado School of Medicine" id="PR_reasoned_2017_04_17_Instance_29605" type="identity">
      <class id="PR_EXT:000013672" label="DNA repair protein RAD51 homolog 1"/>
      <span end="9543" id="11597317-268" start="9538">RAD51</span>
    </annotation>
    <annotation annotator="Mike Bada, University of Colorado School of Medicine" id="PR_reasoned_2017_04_17_Instance_29671" type="identity">
      <class id="PR_EXT:000013672" label="DNA repair protein RAD51 homolog 1"/>
      <span end="9634" id="11597317-274" start="9629">RAD51</span>
    </annotation>
    <annotation annotator="Mike Bada, University of Colorado School of Medicine" id="PR_reasoned_2017_04_17_Instance_29649" type="identity">
      <class id="PR_EXT:000004804" label="breast cancer type 2 susceptibility protein"/>
      <span end="9640" id="11597317-272" start="9635">BRCA2</span>
    </annotation>
    <annotation annotator="Mike Bada, University of Colorado School of Medicine" id="PR_reasoned_2017_04_17_Instance_29693" type="identity">
      <class id="PR_EXT:000013672" label="DNA repair protein RAD51 homolog 1"/>
      <span end="9670" id="11597317-276" start="9665">RAD51</span>
    </annotation>
    <annotation annotator="Mike Bada, University of Colorado School of Medicine" id="PR_reasoned_2017_04_17_Instance_29737" type="identity">
      <class id="PR_EXT:000004804" label="breast cancer type 2 susceptibility protein"/>
      <span end="9771" id="11597317-280" start="9766">BRCA2</span>
    </annotation>
    <annotation annotator="Mike Bada, University of Colorado School of Medicine" id="PR_reasoned_2017_04_17_Instance_29715" type="identity">
      <class id="PR_EXT:000013672" label="DNA repair protein RAD51 homolog 1"/>
      <span end="9778" id="11597317-278" start="9773">RAD51</span>
    </annotation>
    <annotation annotator="Mike Bada, University of Colorado School of Medicine" id="PR_reasoned_2017_04_17_Instance_29757" type="identity">
      <class id="PR_EXT:000013672" label="DNA repair protein RAD51 homolog 1"/>
      <span end="9943" id="11597317-282" start="9938">RAD51</span>
    </annotation>
    <annotation annotator="Mike Bada, University of Colorado School of Medicine" id="PR_reasoned_2017_04_17_Instance_29823" type="identity">
      <class id="PR_EXT:000004804" label="breast cancer type 2 susceptibility protein"/>
      <span end="10106" id="11597317-288" start="10101">BRCA2</span>
    </annotation>
    <annotation annotator="Mike Bada, University of Colorado School of Medicine" id="PR_reasoned_2017_04_17_Instance_29779" type="identity">
      <class id="PR_EXT:000013672" label="DNA repair protein RAD51 homolog 1"/>
      <span end="10138" id="11597317-284" start="10133">RAD51</span>
    </annotation>
    <annotation annotator="Mike Bada, University of Colorado School of Medicine" id="PR_reasoned_2017_04_17_Instance_29801" type="identity">
      <class id="PR_EXT:000013672" label="DNA repair protein RAD51 homolog 1"/>
      <span end="10191" id="11597317-286" start="10186">RAD51</span>
    </annotation>
    <annotation annotator="Mike Bada, University of Colorado School of Medicine" id="PR_reasoned_2017_04_17_Instance_29845" type="identity">
      <class id="PR_EXT:000013672" label="DNA repair protein RAD51 homolog 1"/>
      <span end="10268" id="11597317-290" start="10263">RAD51</span>
    </annotation>
    <annotation annotator="Mike Bada, University of Colorado School of Medicine" id="PR_reasoned_2017_04_17_Instance_29867" type="identity">
      <class id="PR_EXT:000013672" label="DNA repair protein RAD51 homolog 1"/>
      <span end="10326" id="11597317-292" start="10321">RAD51</span>
    </annotation>
    <annotation annotator="Mike Bada, University of Colorado School of Medicine" id="PR_reasoned_2017_04_17_Instance_29999" type="identity">
      <class id="PR_EXT:000004804" label="breast cancer type 2 susceptibility protein"/>
      <span end="10410" id="11597317-304" start="10405">BRCA2</span>
    </annotation>
    <annotation annotator="Mike Bada, University of Colorado School of Medicine" id="PR_reasoned_2017_04_17_Instance_29889" type="identity">
      <class id="PR_EXT:000013672" label="DNA repair protein RAD51 homolog 1"/>
      <span end="10433" id="11597317-294" start="10428">RAD51</span>
    </annotation>
    <annotation annotator="Mike Bada, University of Colorado School of Medicine" id="PR_reasoned_2017_04_17_Instance_29911" type="identity">
      <class id="PR_EXT:000013672" label="DNA repair protein RAD51 homolog 1"/>
      <span end="10540" id="11597317-296" start="10535">RAD51</span>
    </annotation>
    <annotation annotator="Mike Bada, University of Colorado School of Medicine" id="PR_reasoned_2017_04_17_Instance_30021" type="identity">
      <class id="PR_EXT:000004804" label="breast cancer type 2 susceptibility protein"/>
      <span end="10546" id="11597317-306" start="10541">BRCA2</span>
    </annotation>
    <annotation annotator="Mike Bada, University of Colorado School of Medicine" id="PR_reasoned_2017_04_17_Instance_29933" type="identity">
      <class id="PR_EXT:000013672" label="DNA repair protein RAD51 homolog 1"/>
      <span end="10640" id="11597317-298" start="10635">RAD51</span>
    </annotation>
    <annotation annotator="Mike Bada, University of Colorado School of Medicine" id="PR_reasoned_2017_04_17_Instance_29955" type="identity">
      <class id="PR_EXT:000013672" label="DNA repair protein RAD51 homolog 1"/>
      <span end="10747" id="11597317-300" start="10742">RAD51</span>
    </annotation>
    <annotation annotator="Mike Bada, University of Colorado School of Medicine" id="PR_reasoned_2017_04_17_Instance_30043" type="identity">
      <class id="PR_EXT:000004804" label="breast cancer type 2 susceptibility protein"/>
      <span end="10753" id="11597317-308" start="10748">BRCA2</span>
    </annotation>
    <annotation annotator="Mike Bada, University of Colorado School of Medicine" id="PR_reasoned_2017_04_17_Instance_110170" type="identity">
      <class id="CHEBI_PR_EXT:protein" label="protein"/>
      <span end="10809" id="11597317-136" start="10802">protein</span>
    </annotation>
    <annotation annotator="Mike Bada, University of Colorado School of Medicine" id="PR_reasoned_2017_04_17_Instance_29977" type="identity">
      <class id="PR_EXT:000013672" label="DNA repair protein RAD51 homolog 1"/>
      <span end="10839" id="11597317-302" start="10834">RAD51</span>
    </annotation>
    <annotation annotator="Mike Bada, University of Colorado School of Medicine" id="PR_reasoned_2017_04_17_Instance_30059" type="identity">
      <class id="PR_EXT:000004804" label="breast cancer type 2 susceptibility protein"/>
      <span end="10845" id="11597317-310" start="10840">BRCA2</span>
    </annotation>
    <annotation annotator="Mike Bada, University of Colorado School of Medicine" id="PR_reasoned_2017_04_17_Instance_30079" type="identity">
      <class id="PR_EXT:000004804" label="breast cancer type 2 susceptibility protein"/>
      <span end="10897" id="11597317-312" start="10892">BRCA2</span>
    </annotation>
    <annotation annotator="Mike Bada, University of Colorado School of Medicine" id="PR_reasoned_2017_04_17_Instance_30087" type="identity">
      <class id="PR_EXT:000013672" label="DNA repair protein RAD51 homolog 1"/>
      <span end="10916" id="11597317-320" start="10911">RAD51</span>
    </annotation>
    <annotation annotator="Mike Bada, University of Colorado School of Medicine" id="PR_reasoned_2017_04_17_Instance_30089" type="identity">
      <class id="PR_EXT:000013672" label="DNA repair protein RAD51 homolog 1"/>
      <span end="10989" id="11597317-322" start="10984">RAD51</span>
    </annotation>
    <annotation annotator="Mike Bada, University of Colorado School of Medicine" id="PR_reasoned_2017_04_17_Instance_110172" type="identity">
      <class id="CHEBI_PR_EXT:protein" label="protein"/>
      <span end="11034" id="11597317-138" start="11026">proteins</span>
    </annotation>
    <annotation annotator="Mike Bada, University of Colorado School of Medicine" id="PR_reasoned_2017_04_17_Instance_30091" type="identity">
      <class id="PR_EXT:000013672" label="DNA repair protein RAD51 homolog 1"/>
      <span end="11059" id="11597317-324" start="11054">RAD51</span>
    </annotation>
    <annotation annotator="Mike Bada, University of Colorado School of Medicine" id="PR_reasoned_2017_04_17_Instance_30093" type="identity">
      <class id="PR_EXT:000013672" label="DNA repair protein RAD51 homolog 1"/>
      <span end="11102" id="11597317-326" start="11097">RAD51</span>
    </annotation>
    <annotation annotator="Mike Bada, University of Colorado School of Medicine" id="PR_reasoned_2017_04_17_Instance_30095" type="identity">
      <class id="PR_EXT:000013672" label="DNA repair protein RAD51 homolog 1"/>
      <span end="11151" id="11597317-328" start="11146">RAD51</span>
    </annotation>
    <annotation annotator="Mike Bada, University of Colorado School of Medicine" id="PR_reasoned_2017_04_17_Instance_30105" type="identity">
      <class id="PR_EXT:000017505" label="DNA repair protein XRCC2"/>
      <span end="11191" id="11597317-338" start="11186">XRCC2</span>
    </annotation>
    <annotation annotator="Mike Bada, University of Colorado School of Medicine" id="PR_reasoned_2017_04_17_Instance_30107" type="identity">
      <class id="PR_EXT:000017506" label="DNA repair protein XRCC3"/>
      <span end="11198" id="11597317-340" start="11193">XRCC3</span>
    </annotation>
    <annotation annotator="Mike Bada, University of Colorado School of Medicine" id="PR_reasoned_2017_04_17_Instance_30109" type="identity">
      <class id="PR_EXT:000013676" label="DNA repair protein RAD51 homolog 2"/>
      <span end="11206" id="11597317-342" start="11200">RAD51B</span>
    </annotation>
    <annotation annotator="Mike Bada, University of Colorado School of Medicine" id="PR_reasoned_2017_04_17_Instance_30111" type="identity">
      <class id="PR_EXT:000013675" label="DNA repair protein RAD51 homolog 3"/>
      <span end="11214" id="11597317-344" start="11208">RAD51C</span>
    </annotation>
    <annotation annotator="Mike Bada, University of Colorado School of Medicine" id="PR_reasoned_2017_04_17_Instance_30113" type="identity">
      <class id="PR_EXT:000013677" label="DNA repair protein RAD51 homolog 4"/>
      <span end="11225" id="11597317-346" start="11219">RAD51D</span>
    </annotation>
    <annotation annotator="Mike Bada, University of Colorado School of Medicine" id="PR_reasoned_2017_04_17_Instance_30097" type="identity">
      <class id="PR_EXT:000013672" label="DNA repair protein RAD51 homolog 1"/>
      <span end="11281" id="11597317-330" start="11276">RAD51</span>
    </annotation>
    <annotation annotator="Mike Bada, University of Colorado School of Medicine" id="PR_reasoned_2017_04_17_Instance_30081" type="identity">
      <class id="PR_EXT:000004804" label="breast cancer type 2 susceptibility protein"/>
      <span end="11302" id="11597317-314" start="11297">BRCA2</span>
    </annotation>
    <annotation annotator="Mike Bada, University of Colorado School of Medicine" id="PR_reasoned_2017_04_17_Instance_30099" type="identity">
      <class id="PR_EXT:000013672" label="DNA repair protein RAD51 homolog 1"/>
      <span end="11329" id="11597317-332" start="11324">RAD51</span>
    </annotation>
    <annotation annotator="Mike Bada, University of Colorado School of Medicine" id="PR_reasoned_2017_04_17_Instance_30101" type="identity">
      <class id="PR_EXT:000013672" label="DNA repair protein RAD51 homolog 1"/>
      <span end="11357" id="11597317-334" start="11352">RAD51</span>
    </annotation>
    <annotation annotator="Mike Bada, University of Colorado School of Medicine" id="PR_reasoned_2017_04_17_Instance_30083" type="identity">
      <class id="PR_EXT:000004804" label="breast cancer type 2 susceptibility protein"/>
      <span end="11443" id="11597317-316" start="11438">BRCA2</span>
    </annotation>
    <annotation annotator="Mike Bada, University of Colorado School of Medicine" id="PR_reasoned_2017_04_17_Instance_30103" type="identity">
      <class id="PR_EXT:000013672" label="DNA repair protein RAD51 homolog 1"/>
      <span end="11498" id="11597317-336" start="11493">RAD51</span>
    </annotation>
    <annotation annotator="Mike Bada, University of Colorado School of Medicine" id="PR_reasoned_2017_04_17_Instance_30085" type="identity">
      <class id="PR_EXT:000004804" label="breast cancer type 2 susceptibility protein"/>
      <span end="11547" id="11597317-318" start="11542">BRCA2</span>
    </annotation>
    <annotation annotator="Mike Bada, University of Colorado School of Medicine" id="PR_reasoned_2017_04_17_Instance_30131" type="identity">
      <class id="PR_EXT:000004804" label="breast cancer type 2 susceptibility protein"/>
      <span end="11700" id="11597317-364" start="11695">BRCA2</span>
    </annotation>
    <annotation annotator="Mike Bada, University of Colorado School of Medicine" id="PR_reasoned_2017_04_17_Instance_30115" type="identity">
      <class id="PR_EXT:000013672" label="DNA repair protein RAD51 homolog 1"/>
      <span end="11706" id="11597317-348" start="11701">RAD51</span>
    </annotation>
    <annotation annotator="Mike Bada, University of Colorado School of Medicine" id="PR_reasoned_2017_04_17_Instance_30133" type="identity">
      <class id="PR_EXT:000004804" label="breast cancer type 2 susceptibility protein"/>
      <span end="11770" id="11597317-366" start="11765">BRCA2</span>
    </annotation>
    <annotation annotator="Mike Bada, University of Colorado School of Medicine" id="PR_reasoned_2017_04_17_Instance_30117" type="identity">
      <class id="PR_EXT:000013672" label="DNA repair protein RAD51 homolog 1"/>
      <span end="11804" id="11597317-350" start="11799">RAD51</span>
    </annotation>
    <annotation annotator="Mike Bada, University of Colorado School of Medicine" id="PR_reasoned_2017_04_17_Instance_30119" type="identity">
      <class id="PR_EXT:000013672" label="DNA repair protein RAD51 homolog 1"/>
      <span end="11867" id="11597317-352" start="11862">RAD51</span>
    </annotation>
    <annotation annotator="Mike Bada, University of Colorado School of Medicine" id="PR_reasoned_2017_04_17_Instance_30135" type="identity">
      <class id="PR_EXT:000004804" label="breast cancer type 2 susceptibility protein"/>
      <span end="12013" id="11597317-368" start="12008">BRCA2</span>
    </annotation>
    <annotation annotator="Mike Bada, University of Colorado School of Medicine" id="PR_reasoned_2017_04_17_Instance_30121" type="identity">
      <class id="PR_EXT:000013672" label="DNA repair protein RAD51 homolog 1"/>
      <span end="12023" id="11597317-354" start="12018">RAD51</span>
    </annotation>
    <annotation annotator="Mike Bada, University of Colorado School of Medicine" id="PR_reasoned_2017_04_17_Instance_30137" type="identity">
      <class id="PR_EXT:000004804" label="breast cancer type 2 susceptibility protein"/>
      <span end="12133" id="11597317-370" start="12128">BRCA2</span>
    </annotation>
    <annotation annotator="Mike Bada, University of Colorado School of Medicine" id="PR_reasoned_2017_04_17_Instance_30123" type="identity">
      <class id="PR_EXT:000013672" label="DNA repair protein RAD51 homolog 1"/>
      <span end="12166" id="11597317-356" start="12161">RAD51</span>
    </annotation>
    <annotation annotator="Mike Bada, University of Colorado School of Medicine" id="PR_reasoned_2017_04_17_Instance_30125" type="identity">
      <class id="PR_EXT:000013672" label="DNA repair protein RAD51 homolog 1"/>
      <span end="12256" id="11597317-358" start="12251">RAD51</span>
    </annotation>
    <annotation annotator="Mike Bada, University of Colorado School of Medicine" id="PR_reasoned_2017_04_17_Instance_30127" type="identity">
      <class id="PR_EXT:000013672" label="DNA repair protein RAD51 homolog 1"/>
      <span end="12282" id="11597317-360" start="12277">RAD51</span>
    </annotation>
    <annotation annotator="Mike Bada, University of Colorado School of Medicine" id="PR_reasoned_2017_04_17_Instance_30299" type="identity">
      <class id="PR_EXT:000004804" label="breast cancer type 2 susceptibility protein"/>
      <span end="12326" id="11597317-440" start="12321">BRCA2</span>
    </annotation>
    <annotation annotator="Mike Bada, University of Colorado School of Medicine" id="PR_reasoned_2017_04_17_Instance_30139" type="identity">
      <class id="PR_EXT:000004804" label="breast cancer type 2 susceptibility protein"/>
      <span end="12419" id="11597317-372" start="12414">BRCA2</span>
    </annotation>
    <annotation annotator="Mike Bada, University of Colorado School of Medicine" id="PR_reasoned_2017_04_17_Instance_30129" type="identity">
      <class id="PR_EXT:000013672" label="DNA repair protein RAD51 homolog 1"/>
      <span end="12444" id="11597317-362" start="12439">RAD51</span>
    </annotation>
    <annotation annotator="Mike Bada, University of Colorado School of Medicine" id="PR_reasoned_2017_04_17_Instance_30141" type="identity">
      <class id="PR_EXT:000004804" label="breast cancer type 2 susceptibility protein"/>
      <span end="12450" id="11597317-374" start="12445">BRCA2</span>
    </annotation>
    <annotation annotator="Mike Bada, University of Colorado School of Medicine" id="PR_reasoned_2017_04_17_Instance_30143" type="identity">
      <class id="PR_EXT:000004804" label="breast cancer type 2 susceptibility protein"/>
      <span end="12525" id="11597317-376" start="12520">BRCA2</span>
    </annotation>
    <annotation annotator="Mike Bada, University of Colorado School of Medicine" id="PR_reasoned_2017_04_17_Instance_30145" type="identity">
      <class id="PR_EXT:000004804" label="breast cancer type 2 susceptibility protein"/>
      <span end="12624" id="11597317-378" start="12619">BRCA2</span>
    </annotation>
    <annotation annotator="Mike Bada, University of Colorado School of Medicine" id="PR_reasoned_2017_04_17_Instance_30147" type="identity">
      <class id="PR_EXT:000004804" label="breast cancer type 2 susceptibility protein"/>
      <span end="12679" id="11597317-380" start="12674">BRCA2</span>
    </annotation>
    <annotation annotator="Mike Bada, University of Colorado School of Medicine" id="PR_reasoned_2017_04_17_Instance_110174" type="identity">
      <class id="CHEBI_PR_EXT:protein" label="protein"/>
      <span end="12822" id="11597317-140" start="12815">protein</span>
    </annotation>
    <annotation annotator="Mike Bada, University of Colorado School of Medicine" id="PR_reasoned_2017_04_17_Instance_57" type="identity">
      <class id="PR_EXT:P03882" label="intron-encoded endonuclease I-SceI (yeast)"/>
      <span end="12972" id="11597317-456" start="12966">I-SceI</span>
    </annotation>
    <annotation annotator="Mike Bada, University of Colorado School of Medicine" id="PR_reasoned_2017_04_17_Instance_30149" type="identity">
      <class id="PR_EXT:000004804" label="breast cancer type 2 susceptibility protein"/>
      <span end="13358" id="11597317-382" start="13353">BRCA2</span>
    </annotation>
    <annotation annotator="Mike Bada, University of Colorado School of Medicine" id="PR_reasoned_2017_04_17_Instance_30163" type="identity">
      <class id="PR_EXT:000013672" label="DNA repair protein RAD51 homolog 1"/>
      <span end="13389" id="11597317-396" start="13384">Rad51</span>
    </annotation>
    <annotation annotator="Mike Bada, University of Colorado School of Medicine" id="PR_reasoned_2017_04_17_Instance_30165" type="identity">
      <class id="PR_EXT:000013672" label="DNA repair protein RAD51 homolog 1"/>
      <span end="13472" id="11597317-398" start="13467">Rad51</span>
    </annotation>
    <annotation annotator="Mike Bada, University of Colorado School of Medicine" id="PR_reasoned_2017_04_17_Instance_30151" type="identity">
      <class id="PR_EXT:000004804" label="breast cancer type 2 susceptibility protein"/>
      <span end="13499" id="11597317-384" start="13494">BRCA2</span>
    </annotation>
    <annotation annotator="Mike Bada, University of Colorado School of Medicine" id="PR_reasoned_2017_04_17_Instance_30153" type="identity">
      <class id="PR_EXT:000004804" label="breast cancer type 2 susceptibility protein"/>
      <span end="13569" id="11597317-386" start="13564">BRCA2</span>
    </annotation>
    <annotation annotator="Mike Bada, University of Colorado School of Medicine" id="PR_reasoned_2017_04_17_Instance_30167" type="identity">
      <class id="PR_EXT:000013672" label="DNA repair protein RAD51 homolog 1"/>
      <span end="13575" id="11597317-400" start="13570">Rad51</span>
    </annotation>
    <annotation annotator="Mike Bada, University of Colorado School of Medicine" id="PR_reasoned_2017_04_17_Instance_30169" type="identity">
      <class id="PR_EXT:000013672" label="DNA repair protein RAD51 homolog 1"/>
      <span end="13617" id="11597317-402" start="13612">RAD51</span>
    </annotation>
    <annotation annotator="Mike Bada, University of Colorado School of Medicine" id="PR_reasoned_2017_04_17_Instance_30155" type="identity">
      <class id="PR_EXT:000004804" label="breast cancer type 2 susceptibility protein"/>
      <span end="13623" id="11597317-388" start="13618">BRCA2</span>
    </annotation>
    <annotation annotator="Mike Bada, University of Colorado School of Medicine" id="PR_reasoned_2017_04_17_Instance_30171" type="identity">
      <class id="PR_EXT:000013672" label="DNA repair protein RAD51 homolog 1"/>
      <span end="13691" id="11597317-404" start="13686">Rad51</span>
    </annotation>
    <annotation annotator="Mike Bada, University of Colorado School of Medicine" id="PR_reasoned_2017_04_17_Instance_30157" type="identity">
      <class id="PR_EXT:000004804" label="breast cancer type 2 susceptibility protein"/>
      <span end="13793" id="11597317-390" start="13788">BRCA2</span>
    </annotation>
    <annotation annotator="Mike Bada, University of Colorado School of Medicine" id="PR_reasoned_2017_04_17_Instance_30173" type="identity">
      <class id="PR_EXT:000013672" label="DNA repair protein RAD51 homolog 1"/>
      <span end="13912" id="11597317-406" start="13907">Rad51</span>
    </annotation>
    <annotation annotator="Mike Bada, University of Colorado School of Medicine" id="PR_reasoned_2017_04_17_Instance_30159" type="identity">
      <class id="PR_EXT:000004804" label="breast cancer type 2 susceptibility protein"/>
      <span end="13971" id="11597317-392" start="13966">BRCA2</span>
    </annotation>
    <annotation annotator="Mike Bada, University of Colorado School of Medicine" id="PR_reasoned_2017_04_17_Instance_30175" type="identity">
      <class id="PR_EXT:000013672" label="DNA repair protein RAD51 homolog 1"/>
      <span end="14000" id="11597317-408" start="13995">Rad51</span>
    </annotation>
    <annotation annotator="Mike Bada, University of Colorado School of Medicine" id="PR_reasoned_2017_04_17_Instance_30161" type="identity">
      <class id="PR_EXT:000004804" label="breast cancer type 2 susceptibility protein"/>
      <span end="14134" id="11597317-394" start="14129">BRCA2</span>
    </annotation>
    <annotation annotator="Mike Bada, University of Colorado School of Medicine" id="PR_reasoned_2017_04_17_Instance_30177" type="identity">
      <class id="PR_EXT:000013672" label="DNA repair protein RAD51 homolog 1"/>
      <span end="14171" id="11597317-410" start="14166">Rad51</span>
    </annotation>
    <annotation annotator="Mike Bada, University of Colorado School of Medicine" id="PR_reasoned_2017_04_17_Instance_60" type="identity">
      <class id="PR_EXT:BRCA" label="BRCA"/>
      <span end="14260" id="11597317-458" start="14256">BRCA</span>
    </annotation>
    <annotation annotator="Mike Bada, University of Colorado School of Medicine" id="PR_reasoned_2017_04_17_Instance_30179" type="identity">
      <class id="PR_EXT:000013672" label="DNA repair protein RAD51 homolog 1"/>
      <span end="14283" id="11597317-412" start="14278">Rad51</span>
    </annotation>
    <graph-space id="Old Knowtator Relations"/>
  </document>
</knowtator-project>
