<?xml version="1.0" encoding="UTF-8" standalone="no"?>
<knowtator-project>
  <document id="12079497" text-file="12079497.txt">
    <annotation annotator="Mike Bada, University of Colorado School of Medicine" id="PR_reasoned_2017_04_17_Instance_110288" type="identity">
      <class id="CHEBI_PR_EXT:protein" label="protein"/>
      <span end="304" id="12079497-632" start="297">protein</span>
    </annotation>
    <annotation annotator="Mike Bada, University of Colorado School of Medicine" id="PR_reasoned_2017_04_17_Instance_61165" type="identity">
      <class id="PR_EXT:000033987" label="bacterial-type beta-galactosidase"/>
      <span end="518" id="12079497-684" start="514">lacZ</span>
    </annotation>
    <annotation annotator="Mike Bada, University of Colorado School of Medicine" id="PR_reasoned_2017_04_17_backup_Instance_1214" type="identity">
      <class id="GO_PR_EXT:alkaline_phosphatase" label="alkaline phosphatase"/>
      <span end="543" id="12079497-630" start="523">alkaline phosphatase</span>
    </annotation>
    <annotation annotator="Mike Bada, University of Colorado School of Medicine" id="PR_reasoned_2017_04_17_Instance_110290" type="identity">
      <class id="CHEBI_PR_EXT:protein" label="protein"/>
      <span end="751" id="12079497-634" start="744">protein</span>
    </annotation>
    <annotation annotator="Mike Bada, University of Colorado School of Medicine" id="PR_reasoned_2017_04_17_Instance_110292" type="identity">
      <class id="CHEBI_PR_EXT:protein" label="protein"/>
      <span end="931" id="12079497-636" start="924">protein</span>
    </annotation>
    <annotation annotator="Mike Bada, University of Colorado School of Medicine" id="PR_reasoned_2017_04_17_Instance_110294" type="identity">
      <class id="CHEBI_PR_EXT:protein" label="protein"/>
      <span end="978" id="12079497-638" start="971">protein</span>
    </annotation>
    <annotation annotator="Mike Bada, University of Colorado School of Medicine" id="PR_reasoned_2017_04_17_Instance_110296" type="identity">
      <class id="CHEBI_PR_EXT:protein" label="protein"/>
      <span end="1121" id="12079497-640" start="1114">protein</span>
    </annotation>
    <annotation annotator="Mike Bada, University of Colorado School of Medicine" id="PR_reasoned_2017_04_17_Instance_110298" type="identity">
      <class id="CHEBI_PR_EXT:protein" label="protein"/>
      <span end="2625" id="12079497-642" start="2618">protein</span>
    </annotation>
    <annotation annotator="Mike Bada, University of Colorado School of Medicine" id="PR_reasoned_2017_04_17_Instance_61167" type="identity">
      <class id="PR_EXT:000033987" label="bacterial-type beta-galactosidase"/>
      <span end="2735" id="12079497-686" start="2731">lacZ</span>
    </annotation>
    <annotation annotator="Mike Bada, University of Colorado School of Medicine" id="PR_reasoned_2017_04_17_Instance_30385" type="identity">
      <class id="PR_EXT:000003969" label="alkaline phosphatase, placental type"/>
      <span end="2775" id="12079497-676" start="2745">placental alkaline phosphatase</span>
    </annotation>
    <annotation annotator="Mike Bada, University of Colorado School of Medicine" id="PR_reasoned_2017_04_17_Instance_110300" type="identity">
      <class id="CHEBI_PR_EXT:protein" label="protein"/>
      <span end="3029" id="12079497-644" start="3022">protein</span>
    </annotation>
    <annotation annotator="Mike Bada, University of Colorado School of Medicine" id="PR_reasoned_2017_04_17_Instance_110302" type="identity">
      <class id="CHEBI_PR_EXT:protein" label="protein"/>
      <span end="3067" id="12079497-646" start="3060">protein</span>
    </annotation>
    <annotation annotator="Mike Bada, University of Colorado School of Medicine" id="PR_reasoned_2017_04_17_Instance_110304" type="identity">
      <class id="CHEBI_PR_EXT:protein" label="protein"/>
      <span end="3320" id="12079497-648" start="3313">protein</span>
    </annotation>
    <annotation annotator="Mike Bada, University of Colorado School of Medicine" id="PR_reasoned_2017_04_17_Instance_110306" type="identity">
      <class id="CHEBI_PR_EXT:protein" label="protein"/>
      <span end="3676" id="12079497-650" start="3668">proteins</span>
    </annotation>
    <annotation annotator="Mike Bada, University of Colorado School of Medicine" id="PR_reasoned_2017_04_17_Instance_110308" type="identity">
      <class id="CHEBI_PR_EXT:protein" label="protein"/>
      <span end="4432" id="12079497-652" start="4425">Protein</span>
    </annotation>
    <annotation annotator="Mike Bada, University of Colorado School of Medicine" id="PR_reasoned_2017_04_17_Instance_110310" type="identity">
      <class id="CHEBI_PR_EXT:protein" label="protein"/>
      <span end="4479" id="12079497-654" start="4472">Protein</span>
    </annotation>
    <annotation annotator="Mike Bada, University of Colorado School of Medicine" id="PR_reasoned_2017_04_17_Instance_110312" type="identity">
      <class id="CHEBI_PR_EXT:protein" label="protein"/>
      <span end="4746" id="12079497-656" start="4738">proteins</span>
    </annotation>
    <annotation annotator="Mike Bada, University of Colorado School of Medicine" id="PR_reasoned_2017_04_17_Instance_110314" type="identity">
      <class id="CHEBI_PR_EXT:protein" label="protein"/>
      <span end="4910" id="12079497-658" start="4902">proteins</span>
    </annotation>
    <annotation annotator="Mike Bada, University of Colorado School of Medicine" id="PR_reasoned_2017_04_17_Instance_110316" type="identity">
      <class id="CHEBI_PR_EXT:protein" label="protein"/>
      <span end="4970" id="12079497-660" start="4962">proteins</span>
    </annotation>
    <annotation annotator="Mike Bada, University of Colorado School of Medicine" id="PR_reasoned_2017_04_17_Instance_110318" type="identity">
      <class id="CHEBI_PR_EXT:protein" label="protein"/>
      <span end="5093" id="12079497-662" start="5086">protein</span>
    </annotation>
    <annotation annotator="Mike Bada, University of Colorado School of Medicine" id="PR_reasoned_2017_04_17_Instance_110320" type="identity">
      <class id="CHEBI_PR_EXT:protein" label="protein"/>
      <span end="5276" id="12079497-664" start="5269">protein</span>
    </annotation>
    <annotation annotator="Mike Bada, University of Colorado School of Medicine" id="PR_reasoned_2017_04_17_Instance_110322" type="identity">
      <class id="CHEBI_PR_EXT:protein" label="protein"/>
      <span end="5550" id="12079497-666" start="5543">protein</span>
    </annotation>
    <annotation annotator="Mike Bada, University of Colorado School of Medicine" id="PR_reasoned_2017_04_17_Instance_110324" type="identity">
      <class id="CHEBI_PR_EXT:protein" label="protein"/>
      <span end="5685" id="12079497-668" start="5678">protein</span>
    </annotation>
    <annotation annotator="Mike Bada, University of Colorado School of Medicine" id="PR_reasoned_2017_04_17_Instance_110326" type="identity">
      <class id="CHEBI_PR_EXT:protein" label="protein"/>
      <span end="8146" id="12079497-670" start="8139">protein</span>
    </annotation>
    <annotation annotator="Mike Bada, University of Colorado School of Medicine" id="PR_reasoned_2017_04_17_Instance_110328" type="identity">
      <class id="CHEBI_PR_EXT:protein" label="protein"/>
      <span end="8242" id="12079497-672" start="8235">protein</span>
    </annotation>
    <annotation annotator="Mike Bada, University of Colorado School of Medicine" id="PR_reasoned_2017_04_17_Instance_30387" type="identity">
      <class id="PR_EXT:000003676" label="actin, cytoplasmic 1"/>
      <span end="19406" id="12079497-678" start="19396">beta-actin</span>
    </annotation>
    <annotation annotator="Mike Bada, University of Colorado School of Medicine" id="PR_reasoned_2017_04_17_Instance_30389" type="identity">
      <class id="PR_EXT:000008457" label="hemoglobin subunit beta"/>
      <span end="19500" id="12079497-680" start="19489">beta-globin</span>
    </annotation>
    <annotation annotator="Mike Bada, University of Colorado School of Medicine" id="PR_reasoned_2017_04_17_Instance_30391" type="identity">
      <class id="PR_EXT:000009799" label="leukemia inhibitory factor"/>
      <span end="19789" id="12079497-682" start="19786">LIF</span>
    </annotation>
    <annotation annotator="Mike Bada, University of Colorado School of Medicine" id="PR_reasoned_2017_04_17_Instance_110330" type="identity">
      <class id="CHEBI_PR_EXT:protein" label="protein"/>
      <span end="22162" id="12079497-674" start="22155">protein</span>
    </annotation>
    <graph-space id="Old Knowtator Relations"/>
  </document>
</knowtator-project>
