<?xml version="1.0" encoding="UTF-8" standalone="no"?>
<knowtator-project>
  <document id="12925238" text-file="12925238.txt">
    <annotation annotator="Mike Bada, University of Colorado School of Medicine" id="PR_reasoned_2017_04_17_Instance_47043" type="identity">
      <class id="PR_EXT:000004080" label="annexin A7"/>
      <span end="51" id="12925238-1631" start="41">annexin A7</span>
    </annotation>
    <annotation annotator="Mike Bada, University of Colorado School of Medicine" id="PR_reasoned_2017_04_17_Instance_47045" type="identity">
      <class id="PR_EXT:000004080" label="annexin A7"/>
      <span end="121" id="12925238-1633" start="111">annexin A7</span>
    </annotation>
    <annotation annotator="Mike Bada, University of Colorado School of Medicine" id="PR_reasoned_2017_04_17_Instance_47047" type="identity">
      <class id="PR_EXT:000004080" label="annexin A7"/>
      <span end="168" id="12925238-1635" start="158">Annexin A7</span>
    </annotation>
    <annotation annotator="Mike Bada, University of Colorado School of Medicine" id="PR_reasoned_2017_04_17_Instance_110390" type="identity">
      <class id="CHEBI_PR_EXT:protein" label="protein"/>
      <span end="212" id="12925238-1569" start="205">protein</span>
    </annotation>
    <annotation annotator="Mike Bada, University of Colorado School of Medicine" id="PR_reasoned_2017_04_17_Instance_47049" type="identity">
      <class id="PR_EXT:000004080" label="annexin A7"/>
      <span end="625" id="12925238-1637" start="615">annexin A7</span>
    </annotation>
    <annotation annotator="Mike Bada, University of Colorado School of Medicine" id="PR_reasoned_2017_04_17_Instance_47051" type="identity">
      <class id="PR_EXT:000004080" label="annexin A7"/>
      <span end="685" id="12925238-1639" start="680">anxA7</span>
    </annotation>
    <annotation annotator="Mike Bada, University of Colorado School of Medicine" id="PR_reasoned_2017_04_17_Instance_47053" type="identity">
      <class id="PR_EXT:000004080" label="annexin A7"/>
      <span end="905" id="12925238-1641" start="895">annexin A7</span>
    </annotation>
    <annotation annotator="Mike Bada, University of Colorado School of Medicine" id="PR_reasoned_2017_04_17_Instance_47055" type="identity">
      <class id="PR_EXT:000004080" label="annexin A7"/>
      <span end="998" id="12925238-1643" start="988">Annexin A7</span>
    </annotation>
    <annotation annotator="Mike Bada, University of Colorado School of Medicine" id="PR_reasoned_2017_04_17_Instance_47057" type="identity">
      <class id="PR_EXT:000004080" label="annexin A7"/>
      <span end="1232" id="12925238-1645" start="1222">annexin A7</span>
    </annotation>
    <annotation annotator="Mike Bada, University of Colorado School of Medicine" id="PR_reasoned_2017_04_17_Instance_110392" type="identity">
      <class id="CHEBI_PR_EXT:protein" label="protein"/>
      <span end="1311" id="12925238-1571" start="1304">protein</span>
    </annotation>
    <annotation annotator="Mike Bada, University of Colorado School of Medicine" id="PR_reasoned_2017_04_17_Instance_47059" type="identity">
      <class id="PR_EXT:000004080" label="annexin A7"/>
      <span end="1462" id="12925238-1647" start="1452">annexin A7</span>
    </annotation>
    <annotation annotator="Mike Bada, University of Colorado School of Medicine" id="PR_reasoned_2017_04_17_Instance_47061" type="identity">
      <class id="PR_EXT:000004080" label="annexin A7"/>
      <span end="1551" id="12925238-1649" start="1541">annexin A7</span>
    </annotation>
    <annotation annotator="Mike Bada, University of Colorado School of Medicine" id="PR_reasoned_2017_04_17_Instance_47063" type="identity">
      <class id="PR_EXT:000004080" label="annexin A7"/>
      <span end="1673" id="12925238-1651" start="1663">annexin A7</span>
    </annotation>
    <annotation annotator="Mike Bada, University of Colorado School of Medicine" id="PR_reasoned_2017_04_17_Instance_47065" type="identity">
      <class id="PR_EXT:000004080" label="annexin A7"/>
      <span end="1784" id="12925238-1653" start="1774">annexin A7</span>
    </annotation>
    <annotation annotator="Mike Bada, University of Colorado School of Medicine" id="PR_reasoned_2017_04_17_Instance_47067" type="identity">
      <class id="PR_EXT:000004080" label="annexin A7"/>
      <span end="1858" id="12925238-1655" start="1848">Annexin A7</span>
    </annotation>
    <annotation annotator="Mike Bada, University of Colorado School of Medicine" id="PR_reasoned_2017_04_17_Instance_110394" type="identity">
      <class id="CHEBI_PR_EXT:protein" label="protein"/>
      <span end="1902" id="12925238-1573" start="1895">protein</span>
    </annotation>
    <annotation annotator="Mike Bada, University of Colorado School of Medicine" id="PR_reasoned_2017_04_17_Instance_47069" type="identity">
      <class id="PR_EXT:000004080" label="annexin A7"/>
      <span end="2094" id="12925238-1657" start="2084">annexin A7</span>
    </annotation>
    <annotation annotator="Mike Bada, University of Colorado School of Medicine" id="PR_reasoned_2017_04_17_Instance_110396" type="identity">
      <class id="CHEBI_PR_EXT:protein" label="protein"/>
      <span end="2171" id="12925238-1575" start="2164">protein</span>
    </annotation>
    <annotation annotator="Mike Bada, University of Colorado School of Medicine" id="PR_reasoned_2017_04_17_Instance_110398" type="identity">
      <class id="CHEBI_PR_EXT:protein" label="protein"/>
      <span end="2228" id="12925238-1577" start="2220">proteins</span>
    </annotation>
    <annotation annotator="Mike Bada, University of Colorado School of Medicine" id="PR_reasoned_2017_04_17_Instance_47071" type="identity">
      <class id="PR_EXT:000004080" label="annexin A7"/>
      <span end="2560" id="12925238-1659" start="2550">Annexin A7</span>
    </annotation>
    <annotation annotator="Mike Bada, University of Colorado School of Medicine" id="PR_reasoned_2017_04_17_Instance_47073" type="identity">
      <class id="PR_EXT:000004080" label="annexin A7"/>
      <span end="3043" id="12925238-1661" start="3033">annexin A7</span>
    </annotation>
    <annotation annotator="Mike Bada, University of Colorado School of Medicine" id="PR_reasoned_2017_04_17_Instance_47075" type="identity">
      <class id="PR_EXT:000004080" label="annexin A7"/>
      <span end="3227" id="12925238-1663" start="3217">Annexin A7</span>
    </annotation>
    <annotation annotator="Mike Bada, University of Colorado School of Medicine" id="PR_reasoned_2017_04_17_Instance_47077" type="identity">
      <class id="PR_EXT:000004080" label="annexin A7"/>
      <span end="3451" id="12925238-1665" start="3441">annexin A7</span>
    </annotation>
    <annotation annotator="Mike Bada, University of Colorado School of Medicine" id="PR_reasoned_2017_04_17_Instance_47079" type="identity">
      <class id="PR_EXT:000004080" label="annexin A7"/>
      <span end="3635" id="12925238-1667" start="3625">annexin A7</span>
    </annotation>
    <annotation annotator="Mike Bada, University of Colorado School of Medicine" id="PR_reasoned_2017_04_17_Instance_47081" type="identity">
      <class id="PR_EXT:000015619" label="sorcin"/>
      <span end="3664" id="12925238-1669" start="3658">sorcin</span>
    </annotation>
    <annotation annotator="Mike Bada, University of Colorado School of Medicine" id="PR_reasoned_2017_04_17_Instance_47083" type="identity">
      <class id="PR_EXT:000009771" label="galectin-3"/>
      <span end="3679" id="12925238-1671" start="3669">galectin-3</span>
    </annotation>
    <annotation annotator="Mike Bada, University of Colorado School of Medicine" id="PR_reasoned_2017_04_17_Instance_47085" type="identity">
      <class id="PR_EXT:000015619" label="sorcin"/>
      <span end="3695" id="12925238-1673" start="3689">Sorcin</span>
    </annotation>
    <annotation annotator="Mike Bada, University of Colorado School of Medicine" id="PR_reasoned_2017_04_17_Instance_110400" type="identity">
      <class id="CHEBI_PR_EXT:protein" label="protein"/>
      <span end="3721" id="12925238-1579" start="3714">protein</span>
    </annotation>
    <annotation annotator="Mike Bada, University of Colorado School of Medicine" id="PR_reasoned_2017_04_17_Instance_110402" type="identity">
      <class id="CHEBI_PR_EXT:protein" label="protein"/>
      <span end="3762" id="12925238-1581" start="3755">protein</span>
    </annotation>
    <annotation annotator="Mike Bada, University of Colorado School of Medicine" id="PR_reasoned_2017_04_17_Instance_47087" type="identity">
      <class id="PR_EXT:000004080" label="annexin A7"/>
      <span end="3791" id="12925238-1675" start="3781">annexin A7</span>
    </annotation>
    <annotation annotator="Mike Bada, University of Colorado School of Medicine" id="PR_reasoned_2017_04_17_Instance_47089" type="identity">
      <class id="PR_EXT:000015619" label="sorcin"/>
      <span end="3848" id="12925238-1677" start="3842">Sorcin</span>
    </annotation>
    <annotation annotator="Mike Bada, University of Colorado School of Medicine" id="PR_reasoned_2017_04_17_Instance_47091" type="identity">
      <class id="PR_EXT:000015619" label="sorcin"/>
      <span end="3993" id="12925238-1679" start="3987">sorcin</span>
    </annotation>
    <annotation annotator="Mike Bada, University of Colorado School of Medicine" id="PR_reasoned_2017_04_17_Instance_47093" type="identity">
      <class id="PR_EXT:000004080" label="annexin A7"/>
      <span end="4004" id="12925238-1681" start="3994">annexin A7</span>
    </annotation>
    <annotation annotator="Mike Bada, University of Colorado School of Medicine" id="PR_reasoned_2017_04_17_Instance_47095" type="identity">
      <class id="PR_EXT:000015619" label="sorcin"/>
      <span end="4061" id="12925238-1683" start="4055">Sorcin</span>
    </annotation>
    <annotation annotator="Mike Bada, University of Colorado School of Medicine" id="PR_reasoned_2017_04_17_Instance_47097" type="identity">
      <class id="PR_EXT:000004080" label="annexin A7"/>
      <span end="4076" id="12925238-1685" start="4066">annexin A7</span>
    </annotation>
    <annotation annotator="Mike Bada, University of Colorado School of Medicine" id="PR_reasoned_2017_04_17_Instance_47099" type="identity">
      <class id="PR_EXT:000004080" label="annexin A7"/>
      <span end="4155" id="12925238-1687" start="4145">annexin A7</span>
    </annotation>
    <annotation annotator="Mike Bada, University of Colorado School of Medicine" id="PR_reasoned_2017_04_17_Instance_47101" type="identity">
      <class id="PR_EXT:000015619" label="sorcin"/>
      <span end="4166" id="12925238-1689" start="4160">sorcin</span>
    </annotation>
    <annotation annotator="Mike Bada, University of Colorado School of Medicine" id="PR_reasoned_2017_04_17_Instance_47103" type="identity">
      <class id="PR_EXT:000015619" label="sorcin"/>
      <span end="4321" id="12925238-1691" start="4315">sorcin</span>
    </annotation>
    <annotation annotator="Mike Bada, University of Colorado School of Medicine" id="PR_reasoned_2017_04_17_Instance_47105" type="identity">
      <class id="PR_EXT:000004080" label="annexin A7"/>
      <span end="4379" id="12925238-1693" start="4369">annexin A7</span>
    </annotation>
    <annotation annotator="Mike Bada, University of Colorado School of Medicine" id="PR_reasoned_2017_04_17_Instance_110404" type="identity">
      <class id="CHEBI_PR_EXT:protein" label="protein"/>
      <span end="4393" id="12925238-1583" start="4385">proteins</span>
    </annotation>
    <annotation annotator="Mike Bada, University of Colorado School of Medicine" id="PR_reasoned_2017_04_17_Instance_47109" type="identity">
      <class id="PR_EXT:000015619" label="sorcin"/>
      <span end="4447" id="12925238-1697" start="4441">sorcin</span>
    </annotation>
    <annotation annotator="Mike Bada, University of Colorado School of Medicine" id="PR_reasoned_2017_04_17_Instance_47107" type="identity">
      <class id="PR_EXT:000004080" label="annexin A7"/>
      <span end="4472" id="12925238-1695" start="4462">annexin A7</span>
    </annotation>
    <annotation annotator="Mike Bada, University of Colorado School of Medicine" id="PR_reasoned_2017_04_17_Instance_47111" type="identity">
      <class id="PR_EXT:000009771" label="galectin-3"/>
      <span end="4499" id="12925238-1699" start="4489">Galectin-3</span>
    </annotation>
    <annotation annotator="Mike Bada, University of Colorado School of Medicine" id="PR_reasoned_2017_04_17_Instance_110406" type="identity">
      <class id="CHEBI_PR_EXT:protein" label="protein"/>
      <span end="4538" id="12925238-1585" start="4531">protein</span>
    </annotation>
    <annotation annotator="Mike Bada, University of Colorado School of Medicine" id="PR_reasoned_2017_04_17_Instance_47113" type="identity">
      <class id="PR_EXT:000009771" label="galectin-3"/>
      <span end="4677" id="12925238-1701" start="4667">galectin-3</span>
    </annotation>
    <annotation annotator="Mike Bada, University of Colorado School of Medicine" id="PR_reasoned_2017_04_17_Instance_47115" type="identity">
      <class id="PR_EXT:000004080" label="annexin A7"/>
      <span end="4779" id="12925238-1703" start="4769">annexin A7</span>
    </annotation>
    <annotation annotator="Mike Bada, University of Colorado School of Medicine" id="PR_reasoned_2017_04_17_Instance_47117" type="identity">
      <class id="PR_EXT:000009771" label="galectin-3"/>
      <span end="4799" id="12925238-1705" start="4789">galectin-3</span>
    </annotation>
    <annotation annotator="Mike Bada, University of Colorado School of Medicine" id="PR_reasoned_2017_04_17_Instance_47119" type="identity">
      <class id="PR_EXT:000009771" label="galectin-3"/>
      <span end="4866" id="12925238-1707" start="4856">galectin-3</span>
    </annotation>
    <annotation annotator="Mike Bada, University of Colorado School of Medicine" id="PR_reasoned_2017_04_17_Instance_47121" type="identity">
      <class id="PR_EXT:000004080" label="annexin A7"/>
      <span end="4892" id="12925238-1709" start="4882">annexin A7</span>
    </annotation>
    <annotation annotator="Mike Bada, University of Colorado School of Medicine" id="PR_reasoned_2017_04_17_Instance_47123" type="identity">
      <class id="PR_EXT:000009771" label="galectin-3"/>
      <span end="4914" id="12925238-1711" start="4904">galectin-3</span>
    </annotation>
    <annotation annotator="Mike Bada, University of Colorado School of Medicine" id="PR_reasoned_2017_04_17_Instance_47125" type="identity">
      <class id="PR_EXT:000004080" label="annexin A7"/>
      <span end="5029" id="12925238-1713" start="5019">annexin A7</span>
    </annotation>
    <annotation annotator="Mike Bada, University of Colorado School of Medicine" id="PR_reasoned_2017_04_17_Instance_47127" type="identity">
      <class id="PR_EXT:000004080" label="annexin A7"/>
      <span end="5263" id="12925238-1715" start="5253">annexin A7</span>
    </annotation>
    <annotation annotator="Mike Bada, University of Colorado School of Medicine" id="PR_reasoned_2017_04_17_Instance_47129" type="identity">
      <class id="PR_EXT:000004080" label="annexin A7"/>
      <span end="5303" id="12925238-1717" start="5293">annexin A7</span>
    </annotation>
    <annotation annotator="Mike Bada, University of Colorado School of Medicine" id="PR_reasoned_2017_04_17_Instance_120992" type="identity">
      <class id="PR_EXT:000045358" label="insulin family protein"/>
      <span end="5466" id="12925238-1627" start="5459">insulin</span>
    </annotation>
    <annotation annotator="Mike Bada, University of Colorado School of Medicine" id="PR_reasoned_2017_04_17_Instance_120994" type="identity">
      <class id="PR_EXT:000045358" label="insulin family protein"/>
      <span end="5591" id="12925238-1629" start="5584">insulin</span>
    </annotation>
    <annotation annotator="Mike Bada, University of Colorado School of Medicine" id="PR_reasoned_2017_04_17_Instance_47135" type="identity">
      <class id="PR_EXT:000004080" label="annexin A7"/>
      <span end="5800" id="12925238-1719" start="5795">anxA7</span>
    </annotation>
    <annotation annotator="Mike Bada, University of Colorado School of Medicine" id="PR_reasoned_2017_04_17_Instance_47137" type="identity">
      <class id="PR_EXT:000004080" label="annexin A7"/>
      <span end="5891" id="12925238-1721" start="5881">annexin A7</span>
    </annotation>
    <annotation annotator="Mike Bada, University of Colorado School of Medicine" id="PR_reasoned_2017_04_17_Instance_110408" type="identity">
      <class id="CHEBI_PR_EXT:protein" label="protein"/>
      <span end="6691" id="12925238-1587" start="6683">proteins</span>
    </annotation>
    <annotation annotator="Mike Bada, University of Colorado School of Medicine" id="PR_reasoned_2017_04_17_backup_Instance_1218" type="identity">
      <class id="GO_PR_EXT:acetylcholinesterase" label="acetylcholinesterase"/>
      <span end="6717" id="12925238-1559" start="6697">acetylcholinesterase</span>
    </annotation>
    <annotation annotator="Mike Bada, University of Colorado School of Medicine" id="PR_reasoned_2017_04_17_Instance_110410" type="identity">
      <class id="CHEBI_PR_EXT:protein" label="protein"/>
      <span end="6740" id="12925238-1589" start="6732">proteins</span>
    </annotation>
    <annotation annotator="Mike Bada, University of Colorado School of Medicine" id="PR_reasoned_2017_04_17_Instance_110412" type="identity">
      <class id="CHEBI_PR_EXT:protein" label="protein"/>
      <span end="6801" id="12925238-1591" start="6793">proteins</span>
    </annotation>
    <annotation annotator="Mike Bada, University of Colorado School of Medicine" id="PR_reasoned_2017_04_17_Instance_47141" type="identity">
      <class id="PR_EXT:000015763" label="erythrocyte band 7 integral membrane protein"/>
      <span end="6810" id="12925238-1723" start="6802">stomatin</span>
    </annotation>
    <annotation annotator="Mike Bada, University of Colorado School of Medicine" id="PR_reasoned_2017_04_17_Instance_60135" type="identity">
      <class id="PR_EXT:flotillin" label="flotillin"/>
      <span end="6824" id="12925238-1917" start="6815">flotillin</span>
    </annotation>
    <annotation annotator="Mike Bada, University of Colorado School of Medicine" id="PR_reasoned_2017_04_17_Instance_110414" type="identity">
      <class id="CHEBI_PR_EXT:protein" label="protein"/>
      <span end="6864" id="12925238-1593" start="6857">protein</span>
    </annotation>
    <annotation annotator="Mike Bada, University of Colorado School of Medicine" id="PR_reasoned_2017_04_17_Instance_47143" type="identity">
      <class id="PR_EXT:000015619" label="sorcin"/>
      <span end="6902" id="12925238-1725" start="6896">sorcin</span>
    </annotation>
    <annotation annotator="Mike Bada, University of Colorado School of Medicine" id="PR_reasoned_2017_04_17_Instance_47145" type="identity">
      <class id="PR_EXT:000004080" label="annexin A7"/>
      <span end="6917" id="12925238-1727" start="6907">annexin A7</span>
    </annotation>
    <annotation annotator="Mike Bada, University of Colorado School of Medicine" id="PR_reasoned_2017_04_17_Instance_110416" type="identity">
      <class id="CHEBI_PR_EXT:protein" label="protein"/>
      <span end="6960" id="12925238-1595" start="6952">proteins</span>
    </annotation>
    <annotation annotator="Mike Bada, University of Colorado School of Medicine" id="PR_reasoned_2017_04_17_Instance_47147" type="identity">
      <class id="PR_EXT:000004080" label="annexin A7"/>
      <span end="7201" id="12925238-1729" start="7191">Annexin A7</span>
    </annotation>
    <annotation annotator="Mike Bada, University of Colorado School of Medicine" id="PR_reasoned_2017_04_17_Instance_47149" type="identity">
      <class id="PR_EXT:000004080" label="annexin A7"/>
      <span end="7366" id="12925238-1731" start="7356">annexin A7</span>
    </annotation>
    <annotation annotator="Mike Bada, University of Colorado School of Medicine" id="PR_reasoned_2017_04_17_Instance_47151" type="identity">
      <class id="PR_EXT:000015619" label="sorcin"/>
      <span end="7389" id="12925238-1733" start="7383">sorcin</span>
    </annotation>
    <annotation annotator="Mike Bada, University of Colorado School of Medicine" id="PR_reasoned_2017_04_17_Instance_47153" type="identity">
      <class id="PR_EXT:000004080" label="annexin A7"/>
      <span end="7819" id="12925238-1735" start="7809">annexin A7</span>
    </annotation>
    <annotation annotator="Mike Bada, University of Colorado School of Medicine" id="PR_reasoned_2017_04_17_Instance_47155" type="identity">
      <class id="PR_EXT:000004080" label="annexin A7"/>
      <span end="7969" id="12925238-1737" start="7959">annexin A7</span>
    </annotation>
    <annotation annotator="Mike Bada, University of Colorado School of Medicine" id="PR_reasoned_2017_04_17_Instance_110418" type="identity">
      <class id="CHEBI_PR_EXT:protein" label="protein"/>
      <span end="8031" id="12925238-1597" start="8024">Protein</span>
    </annotation>
    <annotation annotator="Mike Bada, University of Colorado School of Medicine" id="PR_reasoned_2017_04_17_Instance_47157" type="identity">
      <class id="PR_EXT:000004080" label="annexin A7"/>
      <span end="8409" id="12925238-1739" start="8399">annexin A7</span>
    </annotation>
    <annotation annotator="Mike Bada, University of Colorado School of Medicine" id="PR_reasoned_2017_04_17_Instance_47159" type="identity">
      <class id="PR_EXT:000004080" label="annexin A7"/>
      <span end="8565" id="12925238-1741" start="8555">annexin A7</span>
    </annotation>
    <annotation annotator="Mike Bada, University of Colorado School of Medicine" id="PR_reasoned_2017_04_17_Instance_47161" type="identity">
      <class id="PR_EXT:000004080" label="annexin A7"/>
      <span end="8587" id="12925238-1743" start="8582">anxA7</span>
    </annotation>
    <annotation annotator="Mike Bada, University of Colorado School of Medicine" id="PR_reasoned_2017_04_17_Instance_47163" type="identity">
      <class id="PR_EXT:000004080" label="annexin A7"/>
      <span end="8790" id="12925238-1745" start="8780">annexin A7</span>
    </annotation>
    <annotation annotator="Mike Bada, University of Colorado School of Medicine" id="PR_reasoned_2017_04_17_backup_Instance_1220" type="identity">
      <class id="GO_PR_EXT:acetylcholinesterase" label="acetylcholinesterase"/>
      <span end="8927" id="12925238-1561" start="8905">acetylcholine esterase</span>
    </annotation>
    <annotation annotator="Mike Bada, University of Colorado School of Medicine" id="PR_reasoned_2017_04_17_Instance_47167" type="identity">
      <class id="PR_EXT:000004080" label="annexin A7"/>
      <span end="8976" id="12925238-1747" start="8966">Annexin A7</span>
    </annotation>
    <annotation annotator="Mike Bada, University of Colorado School of Medicine" id="PR_reasoned_2017_04_17_Instance_60137" type="identity">
      <class id="GO_PR_EXT:acetylcholinesterase" label="acetylcholinesterase"/>
      <span end="9248" id="12925238-1919" start="9244">AChE</span>
    </annotation>
    <annotation annotator="Mike Bada, University of Colorado School of Medicine" id="PR_reasoned_2017_04_17_Instance_47171" type="identity">
      <class id="PR_EXT:000004080" label="annexin A7"/>
      <span end="9357" id="12925238-1749" start="9347">annexin A7</span>
    </annotation>
    <annotation annotator="Mike Bada, University of Colorado School of Medicine" id="PR_reasoned_2017_04_17_Instance_47173" type="identity">
      <class id="PR_EXT:000015619" label="sorcin"/>
      <span end="9536" id="12925238-1751" start="9530">sorcin</span>
    </annotation>
    <annotation annotator="Mike Bada, University of Colorado School of Medicine" id="PR_reasoned_2017_04_17_Instance_47175" type="identity">
      <class id="PR_EXT:000015619" label="sorcin"/>
      <span end="9594" id="12925238-1753" start="9588">sorcin</span>
    </annotation>
    <annotation annotator="Mike Bada, University of Colorado School of Medicine" id="PR_reasoned_2017_04_17_Instance_47177" type="identity">
      <class id="PR_EXT:000004080" label="annexin A7"/>
      <span end="9687" id="12925238-1755" start="9677">annexin A7</span>
    </annotation>
    <annotation annotator="Mike Bada, University of Colorado School of Medicine" id="PR_reasoned_2017_04_17_Instance_47179" type="identity">
      <class id="PR_EXT:000015619" label="sorcin"/>
      <span end="9698" id="12925238-1757" start="9692">sorcin</span>
    </annotation>
    <annotation annotator="Mike Bada, University of Colorado School of Medicine" id="PR_reasoned_2017_04_17_Instance_47181" type="identity">
      <class id="PR_EXT:000004080" label="annexin A7"/>
      <span end="9782" id="12925238-1759" start="9777">anxA7</span>
    </annotation>
    <annotation annotator="Mike Bada, University of Colorado School of Medicine" id="PR_reasoned_2017_04_17_Instance_47183" type="identity">
      <class id="PR_EXT:000015619" label="sorcin"/>
      <span end="9944" id="12925238-1761" start="9938">sorcin</span>
    </annotation>
    <annotation annotator="Mike Bada, University of Colorado School of Medicine" id="PR_reasoned_2017_04_17_Instance_47185" type="identity">
      <class id="PR_EXT:000004080" label="annexin A7"/>
      <span end="9988" id="12925238-1763" start="9978">annexin A7</span>
    </annotation>
    <annotation annotator="Mike Bada, University of Colorado School of Medicine" id="PR_reasoned_2017_04_17_Instance_47187" type="identity">
      <class id="PR_EXT:000015619" label="sorcin"/>
      <span end="9999" id="12925238-1765" start="9993">sorcin</span>
    </annotation>
    <annotation annotator="Mike Bada, University of Colorado School of Medicine" id="PR_reasoned_2017_04_17_Instance_47189" type="identity">
      <class id="PR_EXT:000004080" label="annexin A7"/>
      <span end="10067" id="12925238-1767" start="10057">annexin A7</span>
    </annotation>
    <annotation annotator="Mike Bada, University of Colorado School of Medicine" id="PR_reasoned_2017_04_17_backup_Instance_1222" type="identity">
      <class id="GO_PR_EXT:acetylcholinesterase" label="acetylcholinesterase"/>
      <span end="10199" id="12925238-1563" start="10177">acetylcholine esterase</span>
    </annotation>
    <annotation annotator="Mike Bada, University of Colorado School of Medicine" id="PR_reasoned_2017_04_17_Instance_47193" type="identity">
      <class id="PR_EXT:000004080" label="annexin A7"/>
      <span end="10329" id="12925238-1769" start="10319">annexin A7</span>
    </annotation>
    <annotation annotator="Mike Bada, University of Colorado School of Medicine" id="PR_reasoned_2017_04_17_Instance_47195" type="identity">
      <class id="PR_EXT:000004080" label="annexin A7"/>
      <span end="10753" id="12925238-1771" start="10743">annexin A7</span>
    </annotation>
    <annotation annotator="Mike Bada, University of Colorado School of Medicine" id="PR_reasoned_2017_04_17_Instance_110420" type="identity">
      <class id="CHEBI_PR_EXT:protein" label="protein"/>
      <span end="10819" id="12925238-1599" start="10812">protein</span>
    </annotation>
    <annotation annotator="Mike Bada, University of Colorado School of Medicine" id="PR_reasoned_2017_04_17_Instance_47197" type="identity">
      <class id="PR_EXT:000015619" label="sorcin"/>
      <span end="10883" id="12925238-1773" start="10877">sorcin</span>
    </annotation>
    <annotation annotator="Mike Bada, University of Colorado School of Medicine" id="PR_reasoned_2017_04_17_Instance_47199" type="identity">
      <class id="PR_EXT:000004080" label="annexin A7"/>
      <span end="11023" id="12925238-1775" start="11013">annexin A7</span>
    </annotation>
    <annotation annotator="Mike Bada, University of Colorado School of Medicine" id="PR_reasoned_2017_04_17_Instance_47201" type="identity">
      <class id="PR_EXT:000004080" label="annexin A7"/>
      <span end="11073" id="12925238-1777" start="11063">annexin A7</span>
    </annotation>
    <annotation annotator="Mike Bada, University of Colorado School of Medicine" id="PR_reasoned_2017_04_17_Instance_47203" type="identity">
      <class id="PR_EXT:000004080" label="annexin A7"/>
      <span end="11163" id="12925238-1779" start="11153">annexin A7</span>
    </annotation>
    <annotation annotator="Mike Bada, University of Colorado School of Medicine" id="PR_reasoned_2017_04_17_Instance_47205" type="identity">
      <class id="PR_EXT:000015619" label="sorcin"/>
      <span end="11174" id="12925238-1781" start="11168">sorcin</span>
    </annotation>
    <annotation annotator="Mike Bada, University of Colorado School of Medicine" id="PR_reasoned_2017_04_17_Instance_47207" type="identity">
      <class id="PR_EXT:000015619" label="sorcin"/>
      <span end="11472" id="12925238-1783" start="11466">sorcin</span>
    </annotation>
    <annotation annotator="Mike Bada, University of Colorado School of Medicine" id="PR_reasoned_2017_04_17_Instance_47209" type="identity">
      <class id="PR_EXT:000004080" label="annexin A7"/>
      <span end="11517" id="12925238-1785" start="11507">annexin A7</span>
    </annotation>
    <annotation annotator="Mike Bada, University of Colorado School of Medicine" id="PR_reasoned_2017_04_17_Instance_47211" type="identity">
      <class id="PR_EXT:000004080" label="annexin A7"/>
      <span end="11589" id="12925238-1787" start="11579">annexin A7</span>
    </annotation>
    <annotation annotator="Mike Bada, University of Colorado School of Medicine" id="PR_reasoned_2017_04_17_Instance_110422" type="identity">
      <class id="CHEBI_PR_EXT:protein" label="protein"/>
      <span end="11686" id="12925238-1601" start="11679">protein</span>
    </annotation>
    <annotation annotator="Mike Bada, University of Colorado School of Medicine" id="PR_reasoned_2017_04_17_Instance_47213" type="identity">
      <class id="PR_EXT:000004080" label="annexin A7"/>
      <span end="11699" id="12925238-1789" start="11694">anxA7</span>
    </annotation>
    <annotation annotator="Mike Bada, University of Colorado School of Medicine" id="PR_reasoned_2017_04_17_Instance_47215" type="identity">
      <class id="PR_EXT:000004080" label="annexin A7"/>
      <span end="11915" id="12925238-1791" start="11910">anxA7</span>
    </annotation>
    <annotation annotator="Mike Bada, University of Colorado School of Medicine" id="PR_reasoned_2017_04_17_Instance_47217" type="identity">
      <class id="PR_EXT:000004080" label="annexin A7"/>
      <span end="12306" id="12925238-1793" start="12301">anxA7</span>
    </annotation>
    <annotation annotator="Mike Bada, University of Colorado School of Medicine" id="PR_reasoned_2017_04_17_Instance_47219" type="identity">
      <class id="PR_EXT:000004080" label="annexin A7"/>
      <span end="12740" id="12925238-1795" start="12730">annexin A7</span>
    </annotation>
    <annotation annotator="Mike Bada, University of Colorado School of Medicine" id="PR_reasoned_2017_04_17_Instance_47221" type="identity">
      <class id="PR_EXT:000004080" label="annexin A7"/>
      <span end="13448" id="12925238-1797" start="13438">annexin A7</span>
    </annotation>
    <annotation annotator="Mike Bada, University of Colorado School of Medicine" id="PR_reasoned_2017_04_17_Instance_47223" type="identity">
      <class id="PR_EXT:000004080" label="annexin A7"/>
      <span end="14043" id="12925238-1799" start="14033">annexin A7</span>
    </annotation>
    <annotation annotator="Mike Bada, University of Colorado School of Medicine" id="PR_reasoned_2017_04_17_Instance_47225" type="identity">
      <class id="PR_EXT:000004080" label="annexin A7"/>
      <span end="14643" id="12925238-1801" start="14638">anxA7</span>
    </annotation>
    <annotation annotator="Mike Bada, University of Colorado School of Medicine" id="PR_reasoned_2017_04_17_Instance_47227" type="identity">
      <class id="PR_EXT:000004080" label="annexin A7"/>
      <span end="15006" id="12925238-1803" start="14996">annexin A7</span>
    </annotation>
    <annotation annotator="Mike Bada, University of Colorado School of Medicine" id="PR_reasoned_2017_04_17_Instance_47229" type="identity">
      <class id="PR_EXT:000004080" label="annexin A7"/>
      <span end="15150" id="12925238-1805" start="15140">annexin A7</span>
    </annotation>
    <annotation annotator="Mike Bada, University of Colorado School of Medicine" id="PR_reasoned_2017_04_17_Instance_47231" type="identity">
      <class id="PR_EXT:000004080" label="annexin A7"/>
      <span end="15270" id="12925238-1807" start="15260">annexin A7</span>
    </annotation>
    <annotation annotator="Mike Bada, University of Colorado School of Medicine" id="PR_reasoned_2017_04_17_Instance_47233" type="identity">
      <class id="PR_EXT:000004080" label="annexin A7"/>
      <span end="15424" id="12925238-1809" start="15414">annexin A7</span>
    </annotation>
    <annotation annotator="Mike Bada, University of Colorado School of Medicine" id="PR_reasoned_2017_04_17_Instance_47235" type="identity">
      <class id="PR_EXT:000004080" label="annexin A7"/>
      <span end="16059" id="12925238-1811" start="16054">anxA7</span>
    </annotation>
    <annotation annotator="Mike Bada, University of Colorado School of Medicine" id="PR_reasoned_2017_04_17_Instance_47237" type="identity">
      <class id="PR_EXT:000004080" label="annexin A7"/>
      <span end="16511" id="12925238-1813" start="16506">anxA7</span>
    </annotation>
    <annotation annotator="Mike Bada, University of Colorado School of Medicine" id="PR_reasoned_2017_04_17_Instance_47239" type="identity">
      <class id="PR_EXT:000004080" label="annexin A7"/>
      <span end="17284" id="12925238-1815" start="17274">Annexin A7</span>
    </annotation>
    <annotation annotator="Mike Bada, University of Colorado School of Medicine" id="PR_reasoned_2017_04_17_Instance_47241" type="identity">
      <class id="PR_EXT:000017364" label="von Willebrand factor"/>
      <span end="17503" id="12925238-1817" start="17482">von Willebrand factor</span>
    </annotation>
    <annotation annotator="Mike Bada, University of Colorado School of Medicine" id="PR_reasoned_2017_04_17_Instance_47243" type="identity">
      <class id="PR_EXT:000004080" label="annexin A7"/>
      <span end="17650" id="12925238-1819" start="17645">anxA7</span>
    </annotation>
    <annotation annotator="Mike Bada, University of Colorado School of Medicine" id="PR_reasoned_2017_04_17_Instance_47245" type="identity">
      <class id="PR_EXT:000004080" label="annexin A7"/>
      <span end="17881" id="12925238-1821" start="17871">annexin A7</span>
    </annotation>
    <annotation annotator="Mike Bada, University of Colorado School of Medicine" id="PR_reasoned_2017_04_17_Instance_47247" type="identity">
      <class id="PR_EXT:000004080" label="annexin A7"/>
      <span end="18909" id="12925238-1823" start="18899">Annexin A7</span>
    </annotation>
    <annotation annotator="Mike Bada, University of Colorado School of Medicine" id="PR_reasoned_2017_04_17_Instance_110424" type="identity">
      <class id="CHEBI_PR_EXT:protein" label="protein"/>
      <span end="19021" id="12925238-1603" start="19014">protein</span>
    </annotation>
    <annotation annotator="Mike Bada, University of Colorado School of Medicine" id="PR_reasoned_2017_04_17_Instance_47249" type="identity">
      <class id="PR_EXT:000004080" label="annexin A7"/>
      <span end="19488" id="12925238-1825" start="19478">annexin A7</span>
    </annotation>
    <annotation annotator="Mike Bada, University of Colorado School of Medicine" id="PR_reasoned_2017_04_17_Instance_47251" type="identity">
      <class id="PR_EXT:000015619" label="sorcin"/>
      <span end="19579" id="12925238-1827" start="19573">sorcin</span>
    </annotation>
    <annotation annotator="Mike Bada, University of Colorado School of Medicine" id="PR_reasoned_2017_04_17_Instance_47253" type="identity">
      <class id="PR_EXT:000004080" label="annexin A7"/>
      <span end="19775" id="12925238-1829" start="19765">annexin A7</span>
    </annotation>
    <annotation annotator="Mike Bada, University of Colorado School of Medicine" id="PR_reasoned_2017_04_17_Instance_47255" type="identity">
      <class id="PR_EXT:000004080" label="annexin A7"/>
      <span end="19828" id="12925238-1831" start="19818">annexin A7</span>
    </annotation>
    <annotation annotator="Mike Bada, University of Colorado School of Medicine" id="PR_reasoned_2017_04_17_Instance_47257" type="identity">
      <class id="PR_EXT:000015619" label="sorcin"/>
      <span end="19839" id="12925238-1833" start="19833">sorcin</span>
    </annotation>
    <annotation annotator="Mike Bada, University of Colorado School of Medicine" id="PR_reasoned_2017_04_17_Instance_110426" type="identity">
      <class id="CHEBI_PR_EXT:protein" label="protein"/>
      <span end="20254" id="12925238-1605" start="20246">proteins</span>
    </annotation>
    <annotation annotator="Mike Bada, University of Colorado School of Medicine" id="PR_reasoned_2017_04_17_Instance_47259" type="identity">
      <class id="PR_EXT:000004080" label="annexin A7"/>
      <span end="20483" id="12925238-1835" start="20473">annexin A7</span>
    </annotation>
    <annotation annotator="Mike Bada, University of Colorado School of Medicine" id="PR_reasoned_2017_04_17_Instance_47261" type="identity">
      <class id="PR_EXT:000004080" label="annexin A7"/>
      <span end="20544" id="12925238-1837" start="20534">annexin A7</span>
    </annotation>
    <annotation annotator="Mike Bada, University of Colorado School of Medicine" id="PR_reasoned_2017_04_17_Instance_47263" type="identity">
      <class id="PR_EXT:000004080" label="annexin A7"/>
      <span end="20702" id="12925238-1839" start="20692">annexin A7</span>
    </annotation>
    <annotation annotator="Mike Bada, University of Colorado School of Medicine" id="PR_reasoned_2017_04_17_Instance_47265" type="identity">
      <class id="PR_EXT:000004080" label="annexin A7"/>
      <span end="20802" id="12925238-1841" start="20792">annexin A7</span>
    </annotation>
    <annotation annotator="Mike Bada, University of Colorado School of Medicine" id="PR_reasoned_2017_04_17_Instance_47267" type="identity">
      <class id="PR_EXT:000004080" label="annexin A7"/>
      <span end="20870" id="12925238-1843" start="20860">annexin A7</span>
    </annotation>
    <annotation annotator="Mike Bada, University of Colorado School of Medicine" id="PR_reasoned_2017_04_17_Instance_47269" type="identity">
      <class id="PR_EXT:000004080" label="annexin A7"/>
      <span end="20927" id="12925238-1845" start="20917">annexin A7</span>
    </annotation>
    <annotation annotator="Mike Bada, University of Colorado School of Medicine" id="PR_reasoned_2017_04_17_Instance_47271" type="identity">
      <class id="PR_EXT:000004080" label="annexin A7"/>
      <span end="21032" id="12925238-1847" start="21022">annexin A7</span>
    </annotation>
    <annotation annotator="Mike Bada, University of Colorado School of Medicine" id="PR_reasoned_2017_04_17_Instance_47273" type="identity">
      <class id="PR_EXT:000004080" label="annexin A7"/>
      <span end="21087" id="12925238-1849" start="21077">annexin A7</span>
    </annotation>
    <annotation annotator="Mike Bada, University of Colorado School of Medicine" id="PR_reasoned_2017_04_17_Instance_47275" type="identity">
      <class id="PR_EXT:000004080" label="annexin A7"/>
      <span end="21529" id="12925238-1851" start="21519">annexin A7</span>
    </annotation>
    <annotation annotator="Mike Bada, University of Colorado School of Medicine" id="PR_reasoned_2017_04_17_Instance_47277" type="identity">
      <class id="PR_EXT:000004080" label="annexin A7"/>
      <span end="21656" id="12925238-1853" start="21646">annexin A7</span>
    </annotation>
    <annotation annotator="Mike Bada, University of Colorado School of Medicine" id="PR_reasoned_2017_04_17_Instance_47279" type="identity">
      <class id="PR_EXT:000004080" label="annexin A7"/>
      <span end="21785" id="12925238-1855" start="21775">annexin A7</span>
    </annotation>
    <annotation annotator="Mike Bada, University of Colorado School of Medicine" id="PR_reasoned_2017_04_17_Instance_47281" type="identity">
      <class id="PR_EXT:000004080" label="annexin A7"/>
      <span end="21928" id="12925238-1857" start="21918">annexin A7</span>
    </annotation>
    <annotation annotator="Mike Bada, University of Colorado School of Medicine" id="PR_reasoned_2017_04_17_Instance_47283" type="identity">
      <class id="PR_EXT:000004075" label="annexin A2"/>
      <span end="22083" id="12925238-1859" start="22073">annexin A2</span>
    </annotation>
    <annotation annotator="Mike Bada, University of Colorado School of Medicine" id="PR_reasoned_2017_04_17_Instance_47285" type="identity">
      <class id="PR_EXT:000004080" label="annexin A7"/>
      <span end="22200" id="12925238-1861" start="22190">annexin A7</span>
    </annotation>
    <annotation annotator="Mike Bada, University of Colorado School of Medicine" id="PR_reasoned_2017_04_17_Instance_47287" type="identity">
      <class id="PR_EXT:000004080" label="annexin A7"/>
      <span end="22345" id="12925238-1863" start="22335">annexin A7</span>
    </annotation>
    <annotation annotator="Mike Bada, University of Colorado School of Medicine" id="PR_reasoned_2017_04_17_Instance_47289" type="identity">
      <class id="PR_EXT:000015619" label="sorcin"/>
      <span end="22366" id="12925238-1865" start="22360">sorcin</span>
    </annotation>
    <annotation annotator="Mike Bada, University of Colorado School of Medicine" id="PR_reasoned_2017_04_17_Instance_47291" type="identity">
      <class id="PR_EXT:000004080" label="annexin A7"/>
      <span end="22449" id="12925238-1867" start="22439">annexin A7</span>
    </annotation>
    <annotation annotator="Mike Bada, University of Colorado School of Medicine" id="PR_reasoned_2017_04_17_Instance_47293" type="identity">
      <class id="PR_EXT:000004080" label="annexin A7"/>
      <span end="22598" id="12925238-1869" start="22588">annexin A7</span>
    </annotation>
    <annotation annotator="Mike Bada, University of Colorado School of Medicine" id="PR_reasoned_2017_04_17_Instance_110428" type="identity">
      <class id="CHEBI_PR_EXT:protein" label="protein"/>
      <span end="22648" id="12925238-1607" start="22641">protein</span>
    </annotation>
    <annotation annotator="Mike Bada, University of Colorado School of Medicine" id="PR_reasoned_2017_04_17_Instance_47295" type="identity">
      <class id="PR_EXT:000004080" label="annexin A7"/>
      <span end="22691" id="12925238-1871" start="22681">annexin A7</span>
    </annotation>
    <annotation annotator="Mike Bada, University of Colorado School of Medicine" id="PR_reasoned_2017_04_17_Instance_47297" type="identity">
      <class id="PR_EXT:000004080" label="annexin A7"/>
      <span end="22798" id="12925238-1873" start="22788">annexin A7</span>
    </annotation>
    <annotation annotator="Mike Bada, University of Colorado School of Medicine" id="PR_reasoned_2017_04_17_Instance_110430" type="identity">
      <class id="CHEBI_PR_EXT:protein" label="protein"/>
      <span end="22969" id="12925238-1609" start="22962">protein</span>
    </annotation>
    <annotation annotator="Mike Bada, University of Colorado School of Medicine" id="PR_reasoned_2017_04_17_Instance_60140" type="identity">
      <class id="PR_EXT:annexin" label="annexin"/>
      <span end="23078" id="12925238-1921" start="23071">annexin</span>
    </annotation>
    <annotation annotator="Mike Bada, University of Colorado School of Medicine" id="PR_reasoned_2017_04_17_Instance_47299" type="identity">
      <class id="PR_EXT:000004080" label="annexin A7"/>
      <span end="23122" id="12925238-1875" start="23112">annexin A7</span>
    </annotation>
    <annotation annotator="Mike Bada, University of Colorado School of Medicine" id="PR_reasoned_2017_04_17_Instance_60143" type="identity">
      <class id="GO_PR_EXT:spectrin" label="spectrin"/>
      <span end="23413" id="12925238-1923" start="23405">spectrin</span>
    </annotation>
    <annotation annotator="Mike Bada, University of Colorado School of Medicine" id="PR_reasoned_2017_04_17_Instance_110432" type="identity">
      <class id="CHEBI_PR_EXT:protein" label="protein"/>
      <span end="23491" id="12925238-1611" start="23483">proteins</span>
    </annotation>
    <annotation annotator="Mike Bada, University of Colorado School of Medicine" id="PR_reasoned_2017_04_17_Instance_110434" type="identity">
      <class id="CHEBI_PR_EXT:protein" label="protein"/>
      <span end="23734" id="12925238-1613" start="23726">proteins</span>
    </annotation>
    <annotation annotator="Mike Bada, University of Colorado School of Medicine" id="PR_reasoned_2017_04_17_Instance_47301" type="identity">
      <class id="PR_EXT:000004080" label="annexin A7"/>
      <span end="23842" id="12925238-1877" start="23832">Annexin A7</span>
    </annotation>
    <annotation annotator="Mike Bada, University of Colorado School of Medicine" id="PR_reasoned_2017_04_17_Instance_47303" type="identity">
      <class id="PR_EXT:000004080" label="annexin A7"/>
      <span end="23962" id="12925238-1879" start="23952">annexin A7</span>
    </annotation>
    <annotation annotator="Mike Bada, University of Colorado School of Medicine" id="PR_reasoned_2017_04_17_Instance_47305" type="identity">
      <class id="PR_EXT:000004080" label="annexin A7"/>
      <span end="24114" id="12925238-1881" start="24104">Annexin A7</span>
    </annotation>
    <annotation annotator="Mike Bada, University of Colorado School of Medicine" id="PR_reasoned_2017_04_17_Instance_110436" type="identity">
      <class id="CHEBI_PR_EXT:protein" label="protein"/>
      <span end="24279" id="12925238-1615" start="24271">proteins</span>
    </annotation>
    <annotation annotator="Mike Bada, University of Colorado School of Medicine" id="PR_reasoned_2017_04_17_Instance_60145" type="identity">
      <class id="PR_EXT:annexin" label="annexin"/>
      <span end="24373" id="12925238-1925" start="24365">Annexins</span>
    </annotation>
    <annotation annotator="Mike Bada, University of Colorado School of Medicine" id="PR_reasoned_2017_04_17_Instance_47307" type="identity">
      <class id="PR_EXT:000004080" label="annexin A7"/>
      <span end="24478" id="12925238-1883" start="24468">annexin A7</span>
    </annotation>
    <annotation annotator="Mike Bada, University of Colorado School of Medicine" id="PR_reasoned_2017_04_17_Instance_110438" type="identity">
      <class id="CHEBI_PR_EXT:protein" label="protein"/>
      <span end="24614" id="12925238-1617" start="24607">protein</span>
    </annotation>
    <annotation annotator="Mike Bada, University of Colorado School of Medicine" id="PR_reasoned_2017_04_17_Instance_47309" type="identity">
      <class id="PR_EXT:000004080" label="annexin A7"/>
      <span end="24771" id="12925238-1885" start="24761">annexin A7</span>
    </annotation>
    <annotation annotator="Mike Bada, University of Colorado School of Medicine" id="PR_reasoned_2017_04_17_Instance_110440" type="identity">
      <class id="CHEBI_PR_EXT:protein" label="protein"/>
      <span end="25142" id="12925238-1619" start="25135">protein</span>
    </annotation>
    <annotation annotator="Mike Bada, University of Colorado School of Medicine" id="PR_reasoned_2017_04_17_Instance_47311" type="identity">
      <class id="PR_EXT:000004080" label="annexin A7"/>
      <span end="25452" id="12925238-1887" start="25442">annexin A7</span>
    </annotation>
    <annotation annotator="Mike Bada, University of Colorado School of Medicine" id="PR_reasoned_2017_04_17_Instance_47313" type="identity">
      <class id="PR_EXT:000004080" label="annexin A7"/>
      <span end="25603" id="12925238-1889" start="25593">annexin A7</span>
    </annotation>
    <annotation annotator="Mike Bada, University of Colorado School of Medicine" id="PR_reasoned_2017_04_17_Instance_47315" type="identity">
      <class id="PR_EXT:000017364" label="von Willebrand factor"/>
      <span end="26041" id="12925238-1891" start="26038">vWF</span>
    </annotation>
    <annotation annotator="Mike Bada, University of Colorado School of Medicine" id="PR_reasoned_2017_04_17_Instance_47317" type="identity">
      <class id="PR_EXT:000004080" label="annexin A7"/>
      <span end="26456" id="12925238-1893" start="26446">annexin A7</span>
    </annotation>
    <annotation annotator="Mike Bada, University of Colorado School of Medicine" id="PR_reasoned_2017_04_17_Instance_110442" type="identity">
      <class id="CHEBI_PR_EXT:protein" label="protein"/>
      <span end="26567" id="12925238-1621" start="26559">proteins</span>
    </annotation>
    <annotation annotator="Mike Bada, University of Colorado School of Medicine" id="PR_reasoned_2017_04_17_Instance_47319" type="identity">
      <class id="PR_EXT:000004080" label="annexin A7"/>
      <span end="26762" id="12925238-1895" start="26752">annexin A7</span>
    </annotation>
    <annotation annotator="Mike Bada, University of Colorado School of Medicine" id="PR_reasoned_2017_04_17_Instance_47321" type="identity">
      <class id="PR_EXT:000004080" label="annexin A7"/>
      <span end="26878" id="12925238-1897" start="26873">anxA7</span>
    </annotation>
    <annotation annotator="Mike Bada, University of Colorado School of Medicine" id="PR_reasoned_2017_04_17_Instance_47323" type="identity">
      <class id="PR_EXT:000004080" label="annexin A7"/>
      <span end="26952" id="12925238-1899" start="26942">annexin A7</span>
    </annotation>
    <annotation annotator="Mike Bada, University of Colorado School of Medicine" id="PR_reasoned_2017_04_17_Instance_60147" type="identity">
      <class id="PR_EXT:annexin" label="annexin"/>
      <span end="27106" id="12925238-1927" start="27099">annexin</span>
    </annotation>
    <annotation annotator="Mike Bada, University of Colorado School of Medicine" id="PR_reasoned_2017_04_17_Instance_47325" type="identity">
      <class id="PR_EXT:000004080" label="annexin A7"/>
      <span end="27230" id="12925238-1901" start="27220">annexin A7</span>
    </annotation>
    <annotation annotator="Mike Bada, University of Colorado School of Medicine" id="PR_reasoned_2017_04_17_Instance_47327" type="identity">
      <class id="PR_EXT:000004080" label="annexin A7"/>
      <span end="27252" id="12925238-1903" start="27247">anxA7</span>
    </annotation>
    <annotation annotator="Mike Bada, University of Colorado School of Medicine" id="PR_reasoned_2017_04_17_Instance_47329" type="identity">
      <class id="PR_EXT:000004080" label="annexin A7"/>
      <span end="28843" id="12925238-1905" start="28833">annexin A7</span>
    </annotation>
    <annotation annotator="Mike Bada, University of Colorado School of Medicine" id="PR_reasoned_2017_04_17_backup_Instance_1224" type="identity">
      <class id="GO_PR_EXT:acetylcholinesterase" label="acetylcholinesterase"/>
      <span end="31246" id="12925238-1565" start="31224">acetylcholine esterase</span>
    </annotation>
    <annotation annotator="Mike Bada, University of Colorado School of Medicine" id="PR_reasoned_2017_04_17_backup_Instance_1226" type="identity">
      <class id="GO_PR_EXT:acetylcholinesterase" label="acetylcholinesterase"/>
      <span end="31310" id="12925238-1567" start="31288">Acetylcholine esterase</span>
    </annotation>
    <annotation annotator="Mike Bada, University of Colorado School of Medicine" id="PR_reasoned_2017_04_17_Instance_47335" type="identity">
      <class id="PR_EXT:000004080" label="annexin A7"/>
      <span end="34819" id="12925238-1907" start="34809">annexin A7</span>
    </annotation>
    <annotation annotator="Mike Bada, University of Colorado School of Medicine" id="PR_reasoned_2017_04_17_Instance_47337" type="identity">
      <class id="PR_EXT:000004080" label="annexin A7"/>
      <span end="34893" id="12925238-1909" start="34883">annexin A7</span>
    </annotation>
    <annotation annotator="Mike Bada, University of Colorado School of Medicine" id="PR_reasoned_2017_04_17_Instance_47339" type="identity">
      <class id="PR_EXT:000004080" label="annexin A7"/>
      <span end="35121" id="12925238-1911" start="35111">annexin A7</span>
    </annotation>
    <annotation annotator="Mike Bada, University of Colorado School of Medicine" id="PR_reasoned_2017_04_17_Instance_47341" type="identity">
      <class id="PR_EXT:000015619" label="sorcin"/>
      <span end="35173" id="12925238-1913" start="35167">sorcin</span>
    </annotation>
    <annotation annotator="Mike Bada, University of Colorado School of Medicine" id="PR_reasoned_2017_04_17_Instance_47343" type="identity">
      <class id="PR_EXT:000015619" label="sorcin"/>
      <span end="36053" id="12925238-1915" start="36047">sorcin</span>
    </annotation>
    <annotation annotator="Mike Bada, University of Colorado School of Medicine" id="PR_reasoned_2017_04_17_Instance_110444" type="identity">
      <class id="CHEBI_PR_EXT:protein" label="protein"/>
      <span end="36116" id="12925238-1623" start="36109">protein</span>
    </annotation>
    <annotation annotator="Mike Bada, University of Colorado School of Medicine" id="PR_reasoned_2017_04_17_Instance_110446" type="identity">
      <class id="CHEBI_PR_EXT:protein" label="protein"/>
      <span end="36431" id="12925238-1625" start="36424">protein</span>
    </annotation>
    <graph-space id="Old Knowtator Relations"/>
  </document>
</knowtator-project>
