<?xml version="1.0" encoding="UTF-8" standalone="no"?>
<knowtator-project>
    <document id="14723793" text-file="14723793.txt">
        <annotation annotator="Mike Bada, University of Colorado School of Medicine" id="PR_reasoned_2017_04_17_Instance_61161" type="identity">
            <class id="PR_EXT:ACDP_or_CNNM" label="ACDP/CNNM"/>
            <span end="56" id="14723793-2622" start="52">Acdp</span>
        </annotation>
        <annotation annotator="Mike Bada, University of Colorado School of Medicine" id="PR_reasoned_2017_04_17_Instance_61029" type="identity">
            <class id="PR_EXT:ACDP_or_CNNM" label="ACDP/CNNM"/>
            <span end="192" id="14723793-2490" start="160">ancient conserved domain protein</span>
        </annotation>
        <annotation annotator="Mike Bada, University of Colorado School of Medicine" id="PR_reasoned_2017_04_17_Instance_61031" type="identity">
            <class id="PR_EXT:ACDP_or_CNNM" label="ACDP/CNNM"/>
            <span end="198" id="14723793-2492" start="194">ACDP</span>
        </annotation>
        <annotation annotator="Mike Bada, University of Colorado School of Medicine" id="PR_reasoned_2017_04_17_Instance_61033" type="identity">
            <class id="PR_EXT:ACDP_or_CNNM" label="ACDP/CNNM"/>
            <span end="310" id="14723793-2494" start="306">Acdp</span>
        </annotation>
        <annotation annotator="Mike Bada, University of Colorado School of Medicine" id="PR_reasoned_2017_04_17_Instance_61011" type="identity">
            <class id="PR_EXT:ACDP_or_CNNM" label="ACDP/CNNM"/>
            <span end="349" id="14723793-2472" start="345">ACDP</span>
        </annotation>
        <annotation annotator="Mike Bada, University of Colorado School of Medicine" id="PR_reasoned_2017_04_17_Instance_61013" type="identity">
            <class id="PR_EXT:ACDP_or_CNNM" label="ACDP/CNNM"/>
            <span end="386" id="14723793-2474" start="382">Acdp</span>
        </annotation>
        <annotation annotator="Mike Bada, University of Colorado School of Medicine" id="PR_reasoned_2017_04_17_Instance_52005" type="identity">
            <class id="PR_EXT:000005643" label="metal transporter CNNM1"/>
            <span end="399" id="14723793-2292" start="394">Acdp1</span>
        </annotation>
        <annotation annotator="Mike Bada, University of Colorado School of Medicine" id="PR_reasoned_2017_04_17_Instance_52007" type="identity">
            <class id="PR_EXT:000005644" label="metal transporter CNNM2"/>
            <span end="406" id="14723793-2294" start="401">Acdp2</span>
        </annotation>
        <annotation annotator="Mike Bada, University of Colorado School of Medicine" id="PR_reasoned_2017_04_17_Instance_52009" type="identity">
            <class id="PR_EXT:000005645" label="metal transporter CNNM3"/>
            <span end="413" id="14723793-2296" start="408">Acdp3</span>
        </annotation>
        <annotation annotator="Mike Bada, University of Colorado School of Medicine" id="PR_reasoned_2017_04_17_Instance_52011" type="identity">
            <class id="PR_EXT:000005646" label="metal transporter CNNM4"/>
            <span end="423" id="14723793-2298" start="418">Acdp4</span>
        </annotation>
        <annotation annotator="Mike Bada, University of Colorado School of Medicine" id="PR_reasoned_2017_04_17_Instance_110590" type="identity">
            <class id="CHEBI_PR_EXT:protein" label="protein"/>
            <span end="521" id="14723793-2192" start="513">proteins</span>
        </annotation>
        <annotation annotator="Mike Bada, University of Colorado School of Medicine" id="PR_reasoned_2017_04_17_Instance_61015" type="identity">
            <class id="PR_EXT:ACDP_or_CNNM" label="ACDP/CNNM"/>
            <span end="588" id="14723793-2476" start="584">Acdp</span>
        </annotation>
        <annotation annotator="Mike Bada, University of Colorado School of Medicine" id="PR_reasoned_2017_04_17_Instance_61017" type="identity">
            <class id="PR_EXT:ACDP_or_CNNM" label="ACDP/CNNM"/>
            <span end="877" id="14723793-2478" start="873">Acdp</span>
        </annotation>
        <annotation annotator="Mike Bada, University of Colorado School of Medicine" id="PR_reasoned_2017_04_17_Instance_110592" type="identity">
            <class id="CHEBI_PR_EXT:protein" label="protein"/>
            <span end="886" id="14723793-2194" start="878">proteins</span>
        </annotation>
        <annotation annotator="Mike Bada, University of Colorado School of Medicine" id="PR_reasoned_2017_04_17_Instance_52013" type="identity">
            <class id="PR_EXT:000022321" label="magnesium and cobalt efflux protein CorC"/>
            <span end="940" id="14723793-2300" start="936">CorC</span>
        </annotation>
        <annotation annotator="Mike Bada, University of Colorado School of Medicine" id="PR_reasoned_2017_04_17_Instance_110594" type="identity">
            <class id="CHEBI_PR_EXT:protein" label="protein"/>
            <span end="948" id="14723793-2196" start="941">protein</span>
        </annotation>
        <annotation annotator="Mike Bada, University of Colorado School of Medicine" id="PR_reasoned_2017_04_17_Instance_61019" type="identity">
            <class id="PR_EXT:ACDP_or_CNNM" label="ACDP/CNNM"/>
            <span end="1044" id="14723793-2480" start="1040">Acdp</span>
        </annotation>
        <annotation annotator="Mike Bada, University of Colorado School of Medicine" id="PR_reasoned_2017_04_17_Instance_52015" type="identity">
            <class id="PR_EXT:000005643" label="metal transporter CNNM1"/>
            <span end="1110" id="14723793-2302" start="1105">Acdp1</span>
        </annotation>
        <annotation annotator="Mike Bada, University of Colorado School of Medicine" id="PR_reasoned_2017_04_17_Instance_52017" type="identity">
            <class id="PR_EXT:000005643" label="metal transporter CNNM1"/>
            <span end="1231" id="14723793-2304" start="1226">Acdp1</span>
        </annotation>
        <annotation annotator="Mike Bada, University of Colorado School of Medicine" id="PR_reasoned_2017_04_17_Instance_61021" type="identity">
            <class id="PR_EXT:ACDP_or_CNNM" label="ACDP/CNNM"/>
            <span end="1336" id="14723793-2482" start="1332">Acdp</span>
        </annotation>
        <annotation annotator="Mike Bada, University of Colorado School of Medicine" id="PR_reasoned_2017_04_17_Instance_61023" type="identity">
            <class id="PR_EXT:ACDP_or_CNNM" label="ACDP/CNNM"/>
            <span end="1479" id="14723793-2484" start="1475">Acdp</span>
        </annotation>
        <annotation annotator="Mike Bada, University of Colorado School of Medicine" id="PR_reasoned_2017_04_17_Instance_61025" type="identity">
            <class id="PR_EXT:ACDP_or_CNNM" label="ACDP/CNNM"/>
            <span end="1510" id="14723793-2486" start="1506">Acdp</span>
        </annotation>
        <annotation annotator="Mike Bada, University of Colorado School of Medicine" id="PR_reasoned_2017_04_17_Instance_52019" type="identity">
            <class id="PR_EXT:000022321" label="magnesium and cobalt efflux protein CorC"/>
            <span end="1550" id="14723793-2306" start="1546">CorC</span>
        </annotation>
        <annotation annotator="Mike Bada, University of Colorado School of Medicine" id="PR_reasoned_2017_04_17_Instance_110596" type="identity">
            <class id="CHEBI_PR_EXT:protein" label="protein"/>
            <span end="1558" id="14723793-2198" start="1551">protein</span>
        </annotation>
        <annotation annotator="Mike Bada, University of Colorado School of Medicine" id="PR_reasoned_2017_04_17_Instance_61027" type="identity">
            <class id="PR_EXT:ACDP_or_CNNM" label="ACDP/CNNM"/>
            <span end="1642" id="14723793-2488" start="1638">Acdp</span>
        </annotation>
        <annotation annotator="Mike Bada, University of Colorado School of Medicine" id="PR_reasoned_2017_04_17_Instance_110598" type="identity">
            <class id="CHEBI_PR_EXT:protein" label="protein"/>
            <span end="1675" id="14723793-2200" start="1667">proteins</span>
        </annotation>
        <annotation annotator="Mike Bada, University of Colorado School of Medicine" id="PR_reasoned_2017_04_17_Instance_61035" type="identity">
            <class id="PR_EXT:ACDP_or_CNNM" label="ACDP/CNNM"/>
            <span end="1834" id="14723793-2496" start="1802">ancient conserved domain protein</span>
        </annotation>
        <annotation annotator="Mike Bada, University of Colorado School of Medicine" id="PR_reasoned_2017_04_17_Instance_61037" type="identity">
            <class id="PR_EXT:ACDP_or_CNNM" label="ACDP/CNNM"/>
            <span end="1840" id="14723793-2498" start="1836">ACDP</span>
        </annotation>
        <annotation annotator="Mike Bada, University of Colorado School of Medicine" id="PR_reasoned_2017_04_17_Instance_110602" type="identity">
            <class id="CHEBI_PR_EXT:protein" label="protein"/>
            <span end="1868" id="14723793-2202" start="1861">protein</span>
        </annotation>
        <annotation annotator="Mike Bada, University of Colorado School of Medicine" id="PR_reasoned_2017_04_17_Instance_61039" type="identity">
            <class id="PR_EXT:ACDP_or_CNNM" label="ACDP/CNNM"/>
            <span end="2232" id="14723793-2500" start="2228">ACDP</span>
        </annotation>
        <annotation annotator="Mike Bada, University of Colorado School of Medicine" id="PR_reasoned_2017_04_17_Instance_61041" type="identity">
            <class id="PR_EXT:ACDP_or_CNNM" label="ACDP/CNNM"/>
            <span end="2278" id="14723793-2502" start="2274">Acdp</span>
        </annotation>
        <annotation annotator="Mike Bada, University of Colorado School of Medicine" id="PR_reasoned_2017_04_17_Instance_61043" type="identity">
            <class id="PR_EXT:ACDP_or_CNNM" label="ACDP/CNNM"/>
            <span end="2317" id="14723793-2504" start="2313">ACDP</span>
        </annotation>
        <annotation annotator="Mike Bada, University of Colorado School of Medicine" id="PR_reasoned_2017_04_17_Instance_61045" type="identity">
            <class id="PR_EXT:ACDP_or_CNNM" label="ACDP/CNNM"/>
            <span end="2370" id="14723793-2506" start="2366">Acdp</span>
        </annotation>
        <annotation annotator="Mike Bada, University of Colorado School of Medicine" id="PR_reasoned_2017_04_17_Instance_61047" type="identity">
            <class id="PR_EXT:ACDP_or_CNNM" label="ACDP/CNNM"/>
            <span end="2407" id="14723793-2508" start="2403">Acdp</span>
        </annotation>
        <annotation annotator="Mike Bada, University of Colorado School of Medicine" id="PR_reasoned_2017_04_17_Instance_61049" type="identity">
            <class id="PR_EXT:ACDP_or_CNNM" label="ACDP/CNNM"/>
            <span end="2429" id="14723793-2510" start="2425">ACDP</span>
        </annotation>
        <annotation annotator="Mike Bada, University of Colorado School of Medicine" id="PR_reasoned_2017_04_17_Instance_110604" type="identity">
            <class id="CHEBI_PR_EXT:protein" label="protein"/>
            <span end="2456" id="14723793-2204" start="2449">protein</span>
        </annotation>
        <annotation annotator="Mike Bada, University of Colorado School of Medicine" id="PR_reasoned_2017_04_17_Instance_61051" type="identity">
            <class id="PR_EXT:ACDP_or_CNNM" label="ACDP/CNNM"/>
            <span end="2592" id="14723793-2512" start="2588">Acdp</span>
        </annotation>
        <annotation annotator="Mike Bada, University of Colorado School of Medicine" id="PR_reasoned_2017_04_17_Instance_52021" type="identity">
            <class id="PR_EXT:000005643" label="metal transporter CNNM1"/>
            <span end="2670" id="14723793-2308" start="2665">Acdp1</span>
        </annotation>
        <annotation annotator="Mike Bada, University of Colorado School of Medicine" id="PR_reasoned_2017_04_17_Instance_52023" type="identity">
            <class id="PR_EXT:000005644" label="metal transporter CNNM2"/>
            <span end="2688" id="14723793-2310" start="2683">Acdp2</span>
        </annotation>
        <annotation annotator="Mike Bada, University of Colorado School of Medicine" id="PR_reasoned_2017_04_17_Instance_52025" type="identity">
            <class id="PR_EXT:000005645" label="metal transporter CNNM3"/>
            <span end="2711" id="14723793-2312" start="2706">Acdp3</span>
        </annotation>
        <annotation annotator="Mike Bada, University of Colorado School of Medicine" id="PR_reasoned_2017_04_17_Instance_52027" type="identity">
            <class id="PR_EXT:000005646" label="metal transporter CNNM4"/>
            <span end="2734" id="14723793-2314" start="2729">Acdp4</span>
        </annotation>
        <annotation annotator="Mike Bada, University of Colorado School of Medicine" id="PR_reasoned_2017_04_17_Instance_61053" type="identity">
            <class id="PR_EXT:ACDP_or_CNNM" label="ACDP/CNNM"/>
            <span end="2942" id="14723793-2514" start="2938">Acdp</span>
        </annotation>
        <annotation annotator="Mike Bada, University of Colorado School of Medicine" id="PR_reasoned_2017_04_17_Instance_61055" type="identity">
            <class id="PR_EXT:ACDP_or_CNNM" label="ACDP/CNNM"/>
            <span end="3016" id="14723793-2516" start="3012">Acdp</span>
        </annotation>
        <annotation annotator="Mike Bada, University of Colorado School of Medicine" id="PR_reasoned_2017_04_17_Instance_61057" type="identity">
            <class id="PR_EXT:ACDP_or_CNNM" label="ACDP/CNNM"/>
            <span end="3204" id="14723793-2518" start="3200">Acdp</span>
        </annotation>
        <annotation annotator="Mike Bada, University of Colorado School of Medicine" id="PR_reasoned_2017_04_17_Instance_52029" type="identity">
            <class id="PR_EXT:000005643" label="metal transporter CNNM1"/>
            <span end="3390" id="14723793-2316" start="3385">Acdp1</span>
        </annotation>
        <annotation annotator="Mike Bada, University of Colorado School of Medicine" id="PR_reasoned_2017_04_17_Instance_110606" type="identity">
            <class id="CHEBI_PR_EXT:protein" label="protein"/>
            <span end="3468" id="14723793-2206" start="3461">protein</span>
        </annotation>
        <annotation annotator="Mike Bada, University of Colorado School of Medicine" id="PR_reasoned_2017_04_17_Instance_61059" type="identity">
            <class id="PR_EXT:ACDP_or_CNNM" label="ACDP/CNNM"/>
            <span end="3516" id="14723793-2520" start="3512">Acdp</span>
        </annotation>
        <annotation annotator="Mike Bada, University of Colorado School of Medicine" id="PR_reasoned_2017_04_17_Instance_52031" type="identity">
            <class id="PR_EXT:000005644" label="metal transporter CNNM2"/>
            <span end="3529" id="14723793-2318" start="3524">Acdp2</span>
        </annotation>
        <annotation annotator="Mike Bada, University of Colorado School of Medicine" id="PR_reasoned_2017_04_17_Instance_110608" type="identity">
            <class id="CHEBI_PR_EXT:protein" label="protein"/>
            <span end="3626" id="14723793-2208" start="3618">proteins</span>
        </annotation>
        <annotation annotator="Mike Bada, University of Colorado School of Medicine" id="PR_reasoned_2017_04_17_Instance_61061" type="identity">
            <class id="PR_EXT:ACDP_or_CNNM" label="ACDP/CNNM"/>
            <span end="3754" id="14723793-2522" start="3750">Acdp</span>
        </annotation>
        <annotation annotator="Mike Bada, University of Colorado School of Medicine" id="PR_reasoned_2017_04_17_Instance_61063" type="identity">
            <class id="PR_EXT:ACDP_or_CNNM" label="ACDP/CNNM"/>
            <span end="3933" id="14723793-2524" start="3929">Acdp</span>
        </annotation>
        <annotation annotator="Mike Bada, University of Colorado School of Medicine" id="PR_reasoned_2017_04_17_Instance_61065" type="identity">
            <class id="PR_EXT:ACDP_or_CNNM" label="ACDP/CNNM"/>
            <span end="4090" id="14723793-2526" start="4086">Acdp</span>
        </annotation>
        <annotation annotator="Mike Bada, University of Colorado School of Medicine" id="PR_reasoned_2017_04_17_Instance_61067" type="identity">
            <class id="PR_EXT:ACDP_or_CNNM" label="ACDP/CNNM"/>
            <span end="4161" id="14723793-2528" start="4157">ACDP</span>
        </annotation>
        <annotation annotator="Mike Bada, University of Colorado School of Medicine" id="PR_reasoned_2017_04_17_Instance_52033" type="identity">
            <class id="PR_EXT:000005643" label="metal transporter CNNM1"/>
            <span end="4174" id="14723793-2320" start="4169">Acdp1</span>
        </annotation>
        <annotation annotator="Mike Bada, University of Colorado School of Medicine" id="PR_reasoned_2017_04_17_Instance_52035" type="identity">
            <class id="PR_EXT:000005644" label="metal transporter CNNM2"/>
            <span end="4284" id="14723793-2322" start="4279">Acdp2</span>
        </annotation>
        <annotation annotator="Mike Bada, University of Colorado School of Medicine" id="PR_reasoned_2017_04_17_Instance_52039" type="identity">
            <class id="PR_EXT:000005644" label="metal transporter CNNM2"/>
            <span end="4361" id="14723793-2326" start="4356">Acdp2</span>
        </annotation>
        <annotation annotator="Mike Bada, University of Colorado School of Medicine" id="PR_reasoned_2017_04_17_Instance_52037" type="identity">
            <class id="PR_EXT:000005645" label="metal transporter CNNM3"/>
            <span end="4495" id="14723793-2324" start="4490">Acdp3</span>
        </annotation>
        <annotation annotator="Mike Bada, University of Colorado School of Medicine" id="PR_reasoned_2017_04_17_Instance_52041" type="identity">
            <class id="PR_EXT:000005646" label="metal transporter CNNM4"/>
            <span end="4505" id="14723793-2328" start="4500">Acdp4</span>
        </annotation>
        <annotation annotator="Mike Bada, University of Colorado School of Medicine" id="PR_reasoned_2017_04_17_Instance_52043" type="identity">
            <class id="PR_EXT:000005645" label="metal transporter CNNM3"/>
            <span end="4600" id="14723793-2330" start="4595">Acdp3</span>
        </annotation>
        <annotation annotator="Mike Bada, University of Colorado School of Medicine" id="PR_reasoned_2017_04_17_Instance_52045" type="identity">
            <class id="PR_EXT:000005646" label="metal transporter CNNM4"/>
            <span end="4691" id="14723793-2332" start="4686">Acdp4</span>
        </annotation>
        <annotation annotator="Mike Bada, University of Colorado School of Medicine" id="PR_reasoned_2017_04_17_Instance_52047" type="identity">
            <class id="PR_EXT:000005645" label="metal transporter CNNM3"/>
            <span end="4780" id="14723793-2334" start="4775">Acdp3</span>
        </annotation>
        <annotation annotator="Mike Bada, University of Colorado School of Medicine" id="PR_reasoned_2017_04_17_Instance_52049" type="identity">
            <class id="PR_EXT:000003676" label="actin, cytoplasmic 1"/>
            <span end="4846" id="14723793-2336" start="4839">β-actin</span>
        </annotation>
        <annotation annotator="Mike Bada, University of Colorado School of Medicine" id="PR_reasoned_2017_04_17_Instance_61069" type="identity">
            <class id="PR_EXT:ACDP_or_CNNM" label="ACDP/CNNM"/>
            <span end="5065" id="14723793-2530" start="5061">Acdp</span>
        </annotation>
        <annotation annotator="Mike Bada, University of Colorado School of Medicine" id="PR_reasoned_2017_04_17_Instance_110610" type="identity">
            <class id="CHEBI_PR_EXT:protein" label="protein"/>
            <span end="5074" id="14723793-2210" start="5066">proteins</span>
        </annotation>
        <annotation annotator="Mike Bada, University of Colorado School of Medicine" id="PR_reasoned_2017_04_17_Instance_61071" type="identity">
            <class id="PR_EXT:ACDP_or_CNNM" label="ACDP/CNNM"/>
            <span end="5234" id="14723793-2532" start="5230">Acdp</span>
        </annotation>
        <annotation annotator="Mike Bada, University of Colorado School of Medicine" id="PR_reasoned_2017_04_17_Instance_52051" type="identity">
            <class id="PR_EXT:000005643" label="metal transporter CNNM1"/>
            <span end="5462" id="14723793-2338" start="5457">Acdp1</span>
        </annotation>
        <annotation annotator="Mike Bada, University of Colorado School of Medicine" id="PR_reasoned_2017_04_17_Instance_52053" type="identity">
            <class id="PR_EXT:000005644" label="metal transporter CNNM2"/>
            <span end="5575" id="14723793-2340" start="5570">Acdp2</span>
        </annotation>
        <annotation annotator="Mike Bada, University of Colorado School of Medicine" id="PR_reasoned_2017_04_17_Instance_52055" type="identity">
            <class id="PR_EXT:000005643" label="metal transporter CNNM1"/>
            <span end="5619" id="14723793-2342" start="5614">Acdp1</span>
        </annotation>
        <annotation annotator="Mike Bada, University of Colorado School of Medicine" id="PR_reasoned_2017_04_17_Instance_52057" type="identity">
            <class id="PR_EXT:000005645" label="metal transporter CNNM3"/>
            <span end="5711" id="14723793-2344" start="5706">Acdp3</span>
        </annotation>
        <annotation annotator="Mike Bada, University of Colorado School of Medicine" id="PR_reasoned_2017_04_17_Instance_52059" type="identity">
            <class id="PR_EXT:000005646" label="metal transporter CNNM4"/>
            <span end="5721" id="14723793-2346" start="5716">Acdp4</span>
        </annotation>
        <annotation annotator="Mike Bada, University of Colorado School of Medicine" id="PR_reasoned_2017_04_17_Instance_61073" type="identity">
            <class id="PR_EXT:ACDP_or_CNNM" label="ACDP/CNNM"/>
            <span end="5941" id="14723793-2534" start="5937">Acdp</span>
        </annotation>
        <annotation annotator="Mike Bada, University of Colorado School of Medicine" id="PR_reasoned_2017_04_17_Instance_61075" type="identity">
            <class id="PR_EXT:ACDP_or_CNNM" label="ACDP/CNNM"/>
            <span end="6031" id="14723793-2536" start="6027">ACDP</span>
        </annotation>
        <annotation annotator="Mike Bada, University of Colorado School of Medicine" id="PR_reasoned_2017_04_17_Instance_52061" type="identity">
            <class id="PR_EXT:000005644" label="metal transporter CNNM2"/>
            <span end="6109" id="14723793-2348" start="6104">ACDP2</span>
        </annotation>
        <annotation annotator="Mike Bada, University of Colorado School of Medicine" id="PR_reasoned_2017_04_17_Instance_52063" type="identity">
            <class id="PR_EXT:000005644" label="metal transporter CNNM2"/>
            <span end="6129" id="14723793-2350" start="6124">Acdp2</span>
        </annotation>
        <annotation annotator="Mike Bada, University of Colorado School of Medicine" id="PR_reasoned_2017_04_17_Instance_52065" type="identity">
            <class id="PR_EXT:000005644" label="metal transporter CNNM2"/>
            <span end="6370" id="14723793-2352" start="6365">Acdp2</span>
        </annotation>
        <annotation annotator="Mike Bada, University of Colorado School of Medicine" id="PR_reasoned_2017_04_17_Instance_61077" type="identity">
            <class id="PR_EXT:ACDP_or_CNNM" label="ACDP/CNNM"/>
            <span end="6556" id="14723793-2538" start="6552">Acdp</span>
        </annotation>
        <annotation annotator="Mike Bada, University of Colorado School of Medicine" id="PR_reasoned_2017_04_17_Instance_52067" type="identity">
            <class id="PR_EXT:000005646" label="metal transporter CNNM4"/>
            <span end="6575" id="14723793-2354" start="6570">Acdp4</span>
        </annotation>
        <annotation annotator="Mike Bada, University of Colorado School of Medicine" id="PR_reasoned_2017_04_17_Instance_61079" type="identity">
            <class id="PR_EXT:ACDP_or_CNNM" label="ACDP/CNNM"/>
            <span end="6727" id="14723793-2540" start="6723">ACDP</span>
        </annotation>
        <annotation annotator="Mike Bada, University of Colorado School of Medicine" id="PR_reasoned_2017_04_17_Instance_110612" type="identity">
            <class id="CHEBI_PR_EXT:protein" label="protein"/>
            <span end="6736" id="14723793-2212" start="6728">proteins</span>
        </annotation>
        <annotation annotator="Mike Bada, University of Colorado School of Medicine" id="PR_reasoned_2017_04_17_Instance_61081" type="identity">
            <class id="PR_EXT:ACDP_or_CNNM" label="ACDP/CNNM"/>
            <span end="6933" id="14723793-2542" start="6929">Acdp</span>
        </annotation>
        <annotation annotator="Mike Bada, University of Colorado School of Medicine" id="PR_reasoned_2017_04_17_Instance_110614" type="identity">
            <class id="CHEBI_PR_EXT:protein" label="protein"/>
            <span end="6942" id="14723793-2214" start="6934">proteins</span>
        </annotation>
        <annotation annotator="Mike Bada, University of Colorado School of Medicine" id="PR_reasoned_2017_04_17_Instance_52069" type="identity">
            <class id="PR_EXT:000022321" label="magnesium and cobalt efflux protein CorC"/>
            <span end="6990" id="14723793-2356" start="6986">CorC</span>
        </annotation>
        <annotation annotator="Mike Bada, University of Colorado School of Medicine" id="PR_reasoned_2017_04_17_Instance_110616" type="identity">
            <class id="CHEBI_PR_EXT:protein" label="protein"/>
            <span end="6998" id="14723793-2216" start="6991">protein</span>
        </annotation>
        <annotation annotator="Mike Bada, University of Colorado School of Medicine" id="PR_reasoned_2017_04_17_Instance_61083" type="identity">
            <class id="PR_EXT:ACDP_or_CNNM" label="ACDP/CNNM"/>
            <span end="7141" id="14723793-2544" start="7137">Acdp</span>
        </annotation>
        <annotation annotator="Mike Bada, University of Colorado School of Medicine" id="PR_reasoned_2017_04_17_Instance_110618" type="identity">
            <class id="CHEBI_PR_EXT:protein" label="protein"/>
            <span end="7150" id="14723793-2218" start="7142">proteins</span>
        </annotation>
        <annotation annotator="Mike Bada, University of Colorado School of Medicine" id="PR_reasoned_2017_04_17_Instance_110620" type="identity">
            <class id="CHEBI_PR_EXT:protein" label="protein"/>
            <span end="7178" id="14723793-2220" start="7171">protein</span>
        </annotation>
        <annotation annotator="Mike Bada, University of Colorado School of Medicine" id="PR_reasoned_2017_04_17_Instance_52071" type="identity">
            <class id="PR_EXT:000022321" label="magnesium and cobalt efflux protein CorC"/>
            <span end="7275" id="14723793-2358" start="7271">CorC</span>
        </annotation>
        <annotation annotator="Mike Bada, University of Colorado School of Medicine" id="PR_reasoned_2017_04_17_Instance_110622" type="identity">
            <class id="CHEBI_PR_EXT:protein" label="protein"/>
            <span end="7283" id="14723793-2222" start="7276">protein</span>
        </annotation>
        <annotation annotator="Mike Bada, University of Colorado School of Medicine" id="PR_reasoned_2017_04_17_Instance_110624" type="identity">
            <class id="CHEBI_PR_EXT:protein" label="protein"/>
            <span end="7488" id="14723793-2224" start="7480">proteins</span>
        </annotation>
        <annotation annotator="Mike Bada, University of Colorado School of Medicine" id="PR_reasoned_2017_04_17_Instance_110626" type="identity">
            <class id="CHEBI_PR_EXT:protein" label="protein"/>
            <span end="7576" id="14723793-2226" start="7568">proteins</span>
        </annotation>
        <annotation annotator="Mike Bada, University of Colorado School of Medicine" id="PR_reasoned_2017_04_17_Instance_61085" type="identity">
            <class id="PR_EXT:ACDP_or_CNNM" label="ACDP/CNNM"/>
            <span end="7656" id="14723793-2546" start="7652">ACDP</span>
        </annotation>
        <annotation annotator="Mike Bada, University of Colorado School of Medicine" id="PR_reasoned_2017_04_17_Instance_61087" type="identity">
            <class id="PR_EXT:ACDP_or_CNNM" label="ACDP/CNNM"/>
            <span end="7671" id="14723793-2548" start="7667">Acdp</span>
        </annotation>
        <annotation annotator="Mike Bada, University of Colorado School of Medicine" id="PR_reasoned_2017_04_17_Instance_61089" type="identity">
            <class id="PR_EXT:ACDP_or_CNNM" label="ACDP/CNNM"/>
            <span end="7750" id="14723793-2550" start="7746">ACDP</span>
        </annotation>
        <annotation annotator="Mike Bada, University of Colorado School of Medicine" id="PR_reasoned_2017_04_17_Instance_61091" type="identity">
            <class id="PR_EXT:ACDP_or_CNNM" label="ACDP/CNNM"/>
            <span end="7759" id="14723793-2552" start="7755">Acdp</span>
        </annotation>
        <annotation annotator="Mike Bada, University of Colorado School of Medicine" id="PR_reasoned_2017_04_17_Instance_61093" type="identity">
            <class id="PR_EXT:ACDP_or_CNNM" label="ACDP/CNNM"/>
            <span end="7819" id="14723793-2554" start="7815">Acdp</span>
        </annotation>
        <annotation annotator="Mike Bada, University of Colorado School of Medicine" id="PR_reasoned_2017_04_17_Instance_52073" type="identity">
            <class id="PR_EXT:000005643" label="metal transporter CNNM1"/>
            <span end="7895" id="14723793-2360" start="7890">Acdp1</span>
        </annotation>
        <annotation annotator="Mike Bada, University of Colorado School of Medicine" id="PR_reasoned_2017_04_17_Instance_52075" type="identity">
            <class id="PR_EXT:000005644" label="metal transporter CNNM2"/>
            <span end="7913" id="14723793-2362" start="7908">Acdp2</span>
        </annotation>
        <annotation annotator="Mike Bada, University of Colorado School of Medicine" id="PR_reasoned_2017_04_17_Instance_52077" type="identity">
            <class id="PR_EXT:000005645" label="metal transporter CNNM3"/>
            <span end="7931" id="14723793-2364" start="7926">Acdp3</span>
        </annotation>
        <annotation annotator="Mike Bada, University of Colorado School of Medicine" id="PR_reasoned_2017_04_17_Instance_52079" type="identity">
            <class id="PR_EXT:000005646" label="metal transporter CNNM4"/>
            <span end="7952" id="14723793-2366" start="7947">Acdp4</span>
        </annotation>
        <annotation annotator="Mike Bada, University of Colorado School of Medicine" id="PR_reasoned_2017_04_17_Instance_110628" type="identity">
            <class id="CHEBI_PR_EXT:protein" label="protein"/>
            <span end="8038" id="14723793-2228" start="8030">proteins</span>
        </annotation>
        <annotation annotator="Mike Bada, University of Colorado School of Medicine" id="PR_reasoned_2017_04_17_Instance_110630" type="identity">
            <class id="CHEBI_PR_EXT:protein" label="protein"/>
            <span end="8146" id="14723793-2230" start="8138">proteins</span>
        </annotation>
        <annotation annotator="Mike Bada, University of Colorado School of Medicine" id="PR_reasoned_2017_04_17_Instance_110632" type="identity">
            <class id="CHEBI_PR_EXT:protein" label="protein"/>
            <span end="8327" id="14723793-2232" start="8320">protein</span>
        </annotation>
        <annotation annotator="Mike Bada, University of Colorado School of Medicine" id="PR_reasoned_2017_04_17_Instance_110634" type="identity">
            <class id="CHEBI_PR_EXT:protein" label="protein"/>
            <span end="8388" id="14723793-2234" start="8381">protein</span>
        </annotation>
        <annotation annotator="Mike Bada, University of Colorado School of Medicine" id="PR_reasoned_2017_04_17_Instance_110636" type="identity">
            <class id="CHEBI_PR_EXT:protein" label="protein"/>
            <span end="8464" id="14723793-2236" start="8457">protein</span>
        </annotation>
        <annotation annotator="Mike Bada, University of Colorado School of Medicine" id="PR_reasoned_2017_04_17_Instance_110638" type="identity">
            <class id="CHEBI_PR_EXT:protein" label="protein"/>
            <span end="8651" id="14723793-2238" start="8644">protein</span>
        </annotation>
        <annotation annotator="Mike Bada, University of Colorado School of Medicine" id="PR_reasoned_2017_04_17_Instance_110640" type="identity">
            <class id="CHEBI_PR_EXT:protein" label="protein"/>
            <span end="8737" id="14723793-2240" start="8730">protein</span>
        </annotation>
        <annotation annotator="Mike Bada, University of Colorado School of Medicine" id="PR_reasoned_2017_04_17_Instance_52081" type="identity">
            <class id="PR_EXT:000022321" label="magnesium and cobalt efflux protein CorC"/>
            <span end="8774" id="14723793-2368" start="8770">CorC</span>
        </annotation>
        <annotation annotator="Mike Bada, University of Colorado School of Medicine" id="PR_reasoned_2017_04_17_Instance_110642" type="identity">
            <class id="CHEBI_PR_EXT:protein" label="protein"/>
            <span end="8830" id="14723793-2242" start="8823">protein</span>
        </annotation>
        <annotation annotator="Mike Bada, University of Colorado School of Medicine" id="PR_reasoned_2017_04_17_Instance_110644" type="identity">
            <class id="CHEBI_PR_EXT:protein" label="protein"/>
            <span end="8893" id="14723793-2244" start="8886">protein</span>
        </annotation>
        <annotation annotator="Mike Bada, University of Colorado School of Medicine" id="PR_reasoned_2017_04_17_Instance_110646" type="identity">
            <class id="CHEBI_PR_EXT:protein" label="protein"/>
            <span end="9008" id="14723793-2246" start="9000">proteins</span>
        </annotation>
        <annotation annotator="Mike Bada, University of Colorado School of Medicine" id="PR_reasoned_2017_04_17_Instance_110648" type="identity">
            <class id="CHEBI_PR_EXT:protein" label="protein"/>
            <span end="9199" id="14723793-2248" start="9192">protein</span>
        </annotation>
        <annotation annotator="Mike Bada, University of Colorado School of Medicine" id="PR_reasoned_2017_04_17_Instance_61095" type="identity">
            <class id="PR_EXT:ACDP_or_CNNM" label="ACDP/CNNM"/>
            <span end="9268" id="14723793-2556" start="9264">Acdp</span>
        </annotation>
        <annotation annotator="Mike Bada, University of Colorado School of Medicine" id="PR_reasoned_2017_04_17_Instance_52083" type="identity">
            <class id="PR_EXT:000022321" label="magnesium and cobalt efflux protein CorC"/>
            <span end="9397" id="14723793-2370" start="9393">CorC</span>
        </annotation>
        <annotation annotator="Mike Bada, University of Colorado School of Medicine" id="PR_reasoned_2017_04_17_Instance_110650" type="identity">
            <class id="CHEBI_PR_EXT:protein" label="protein"/>
            <span end="9422" id="14723793-2250" start="9414">proteins</span>
        </annotation>
        <annotation annotator="Mike Bada, University of Colorado School of Medicine" id="PR_reasoned_2017_04_17_Instance_110652" type="identity">
            <class id="CHEBI_PR_EXT:protein" label="protein"/>
            <span end="9526" id="14723793-2252" start="9519">protein</span>
        </annotation>
        <annotation annotator="Mike Bada, University of Colorado School of Medicine" id="PR_reasoned_2017_04_17_Instance_110654" type="identity">
            <class id="CHEBI_PR_EXT:protein" label="protein"/>
            <span end="9764" id="14723793-2254" start="9756">proteins</span>
        </annotation>
        <annotation annotator="Mike Bada, University of Colorado School of Medicine" id="PR_reasoned_2017_04_17_Instance_61097" type="identity">
            <class id="PR_EXT:ACDP_or_CNNM" label="ACDP/CNNM"/>
            <span end="9901" id="14723793-2558" start="9897">Acdp</span>
        </annotation>
        <annotation annotator="Mike Bada, University of Colorado School of Medicine" id="PR_reasoned_2017_04_17_Instance_52085" type="identity">
            <class id="PR_EXT:000005646" label="metal transporter CNNM4"/>
            <span end="9961" id="14723793-2372" start="9956">Acdp4</span>
        </annotation>
        <annotation annotator="Mike Bada, University of Colorado School of Medicine" id="PR_reasoned_2017_04_17_Instance_110656" type="identity">
            <class id="CHEBI_PR_EXT:protein" label="protein"/>
            <span end="9969" id="14723793-2256" start="9962">protein</span>
        </annotation>
        <annotation annotator="Mike Bada, University of Colorado School of Medicine" id="PR_reasoned_2017_04_17_Instance_52087" type="identity">
            <class id="PR_EXT:000005643" label="metal transporter CNNM1"/>
            <span end="10354" id="14723793-2374" start="10349">Acdp1</span>
        </annotation>
        <annotation annotator="Mike Bada, University of Colorado School of Medicine" id="PR_reasoned_2017_04_17_Instance_52089" type="identity">
            <class id="PR_EXT:000005644" label="metal transporter CNNM2"/>
            <span end="10645" id="14723793-2376" start="10640">Acdp2</span>
        </annotation>
        <annotation annotator="Mike Bada, University of Colorado School of Medicine" id="PR_reasoned_2017_04_17_Instance_52091" type="identity">
            <class id="PR_EXT:000005645" label="metal transporter CNNM3"/>
            <span end="10712" id="14723793-2378" start="10707">Acdp3</span>
        </annotation>
        <annotation annotator="Mike Bada, University of Colorado School of Medicine" id="PR_reasoned_2017_04_17_Instance_52093" type="identity">
            <class id="PR_EXT:000005646" label="metal transporter CNNM4"/>
            <span end="10807" id="14723793-2380" start="10802">Acdp4</span>
        </annotation>
        <annotation annotator="Mike Bada, University of Colorado School of Medicine" id="PR_reasoned_2017_04_17_Instance_52095" type="identity">
            <class id="PR_EXT:000005643" label="metal transporter CNNM1"/>
            <span end="10999" id="14723793-2382" start="10994">Acdp1</span>
        </annotation>
        <annotation annotator="Mike Bada, University of Colorado School of Medicine" id="PR_reasoned_2017_04_17_Instance_52097" type="identity">
            <class id="PR_EXT:000005643" label="metal transporter CNNM1"/>
            <span end="11108" id="14723793-2384" start="11103">Acdp1</span>
        </annotation>
        <annotation annotator="Mike Bada, University of Colorado School of Medicine" id="PR_reasoned_2017_04_17_Instance_52099" type="identity">
            <class id="PR_EXT:000005643" label="metal transporter CNNM1"/>
            <span end="11538" id="14723793-2386" start="11533">Acdp1</span>
        </annotation>
        <annotation annotator="Mike Bada, University of Colorado School of Medicine" id="PR_reasoned_2017_04_17_Instance_52103" type="identity">
            <class id="PR_EXT:000005646" label="metal transporter CNNM4"/>
            <span end="11610" id="14723793-2390" start="11605">Acdp4</span>
        </annotation>
        <annotation annotator="Mike Bada, University of Colorado School of Medicine" id="PR_reasoned_2017_04_17_Instance_52101" type="identity">
            <class id="PR_EXT:000005643" label="metal transporter CNNM1"/>
            <span end="11631" id="14723793-2388" start="11626">Acdp1</span>
        </annotation>
        <annotation annotator="Mike Bada, University of Colorado School of Medicine" id="PR_reasoned_2017_04_17_Instance_61099" type="identity">
            <class id="PR_EXT:ACDP_or_CNNM" label="ACDP/CNNM"/>
            <span end="11797" id="14723793-2560" start="11793">Acdp</span>
        </annotation>
        <annotation annotator="Mike Bada, University of Colorado School of Medicine" id="PR_reasoned_2017_04_17_Instance_110658" type="identity">
            <class id="CHEBI_PR_EXT:protein" label="protein"/>
            <span end="11806" id="14723793-2258" start="11798">proteins</span>
        </annotation>
        <annotation annotator="Mike Bada, University of Colorado School of Medicine" id="PR_reasoned_2017_04_17_Instance_52105" type="identity">
            <class id="PR_EXT:000005643" label="metal transporter CNNM1"/>
            <span end="11896" id="14723793-2392" start="11891">Acdp1</span>
        </annotation>
        <annotation annotator="Mike Bada, University of Colorado School of Medicine" id="PR_reasoned_2017_04_17_Instance_52107" type="identity">
            <class id="PR_EXT:000005643" label="metal transporter CNNM1"/>
            <span end="12054" id="14723793-2394" start="12049">Acdp1</span>
        </annotation>
        <annotation annotator="Mike Bada, University of Colorado School of Medicine" id="PR_reasoned_2017_04_17_Instance_52109" type="identity">
            <class id="PR_EXT:000005643" label="metal transporter CNNM1"/>
            <span end="12238" id="14723793-2396" start="12233">Acdp1</span>
        </annotation>
        <annotation annotator="Mike Bada, University of Colorado School of Medicine" id="PR_reasoned_2017_04_17_Instance_52111" type="identity">
            <class id="PR_EXT:000005643" label="metal transporter CNNM1"/>
            <span end="12432" id="14723793-2398" start="12427">Acdp1</span>
        </annotation>
        <annotation annotator="Mike Bada, University of Colorado School of Medicine" id="PR_reasoned_2017_04_17_Instance_52113" type="identity">
            <class id="PR_EXT:000005643" label="metal transporter CNNM1"/>
            <span end="12474" id="14723793-2400" start="12468">Acdp-1</span>
        </annotation>
        <annotation annotator="Mike Bada, University of Colorado School of Medicine" id="PR_reasoned_2017_04_17_Instance_52115" type="identity">
            <class id="PR_EXT:000005643" label="metal transporter CNNM1"/>
            <span end="12505" id="14723793-2402" start="12500">Acdp1</span>
        </annotation>
        <annotation annotator="Mike Bada, University of Colorado School of Medicine" id="PR_reasoned_2017_04_17_Instance_52117" type="identity">
            <class id="PR_EXT:000005643" label="metal transporter CNNM1"/>
            <span end="12581" id="14723793-2404" start="12575">Acdp-1</span>
        </annotation>
        <annotation annotator="Mike Bada, University of Colorado School of Medicine" id="PR_reasoned_2017_04_17_Instance_52119" type="identity">
            <class id="PR_EXT:000005643" label="metal transporter CNNM1"/>
            <span end="12661" id="14723793-2406" start="12656">Acdp1</span>
        </annotation>
        <annotation annotator="Mike Bada, University of Colorado School of Medicine" id="PR_reasoned_2017_04_17_Instance_52121" type="identity">
            <class id="PR_EXT:000005643" label="metal transporter CNNM1"/>
            <span end="12923" id="14723793-2408" start="12918">Acdp1</span>
        </annotation>
        <annotation annotator="Mike Bada, University of Colorado School of Medicine" id="PR_reasoned_2017_04_17_Instance_52123" type="identity">
            <class id="PR_EXT:000005643" label="metal transporter CNNM1"/>
            <span end="12990" id="14723793-2410" start="12985">Acdp1</span>
        </annotation>
        <annotation annotator="Mike Bada, University of Colorado School of Medicine" id="PR_reasoned_2017_04_17_Instance_52125" type="identity">
            <class id="PR_EXT:000005643" label="metal transporter CNNM1"/>
            <span end="13149" id="14723793-2412" start="13144">Acdp1</span>
        </annotation>
        <annotation annotator="Mike Bada, University of Colorado School of Medicine" id="PR_reasoned_2017_04_17_Instance_61101" type="identity">
            <class id="PR_EXT:ACDP_or_CNNM" label="ACDP/CNNM"/>
            <span end="13258" id="14723793-2562" start="13254">Acdp</span>
        </annotation>
        <annotation annotator="Mike Bada, University of Colorado School of Medicine" id="PR_reasoned_2017_04_17_Instance_110660" type="identity">
            <class id="CHEBI_PR_EXT:protein" label="protein"/>
            <span end="13267" id="14723793-2260" start="13259">proteins</span>
        </annotation>
        <annotation annotator="Mike Bada, University of Colorado School of Medicine" id="PR_reasoned_2017_04_17_Instance_61103" type="identity">
            <class id="PR_EXT:ACDP_or_CNNM" label="ACDP/CNNM"/>
            <span end="13316" id="14723793-2564" start="13312">Acdp</span>
        </annotation>
        <annotation annotator="Mike Bada, University of Colorado School of Medicine" id="PR_reasoned_2017_04_17_Instance_110662" type="identity">
            <class id="CHEBI_PR_EXT:protein" label="protein"/>
            <span end="13325" id="14723793-2262" start="13317">proteins</span>
        </annotation>
        <annotation annotator="Mike Bada, University of Colorado School of Medicine" id="PR_reasoned_2017_04_17_Instance_52127" type="identity">
            <class id="PR_EXT:000005643" label="metal transporter CNNM1"/>
            <span end="13555" id="14723793-2414" start="13550">Acdp1</span>
        </annotation>
        <annotation annotator="Mike Bada, University of Colorado School of Medicine" id="PR_reasoned_2017_04_17_Instance_52129" type="identity">
            <class id="PR_EXT:000005644" label="metal transporter CNNM2"/>
            <span end="13571" id="14723793-2416" start="13566">Acdp2</span>
        </annotation>
        <annotation annotator="Mike Bada, University of Colorado School of Medicine" id="PR_reasoned_2017_04_17_Instance_52131" type="identity">
            <class id="PR_EXT:000005646" label="metal transporter CNNM4"/>
            <span end="13587" id="14723793-2418" start="13582">Acdp4</span>
        </annotation>
        <annotation annotator="Mike Bada, University of Colorado School of Medicine" id="PR_reasoned_2017_04_17_Instance_52139" type="identity">
            <class id="PR_EXT:000005645" label="metal transporter CNNM3"/>
            <span end="13605" id="14723793-2426" start="13600">Acdp3</span>
        </annotation>
        <annotation annotator="Mike Bada, University of Colorado School of Medicine" id="PR_reasoned_2017_04_17_Instance_52133" type="identity">
            <class id="PR_EXT:000005643" label="metal transporter CNNM1"/>
            <span end="13650" id="14723793-2420" start="13645">Acdp1</span>
        </annotation>
        <annotation annotator="Mike Bada, University of Colorado School of Medicine" id="PR_reasoned_2017_04_17_Instance_52135" type="identity">
            <class id="PR_EXT:000005643" label="metal transporter CNNM1"/>
            <span end="13762" id="14723793-2422" start="13757">Acdp1</span>
        </annotation>
        <annotation annotator="Mike Bada, University of Colorado School of Medicine" id="PR_reasoned_2017_04_17_Instance_52137" type="identity">
            <class id="PR_EXT:000005643" label="metal transporter CNNM1"/>
            <span end="13866" id="14723793-2424" start="13860">Acdp-1</span>
        </annotation>
        <annotation annotator="Mike Bada, University of Colorado School of Medicine" id="PR_reasoned_2017_04_17_Instance_52141" type="identity">
            <class id="PR_EXT:000005643" label="metal transporter CNNM1"/>
            <span end="14001" id="14723793-2428" start="13996">Acdp1</span>
        </annotation>
        <annotation annotator="Mike Bada, University of Colorado School of Medicine" id="PR_reasoned_2017_04_17_Instance_52143" type="identity">
            <class id="PR_EXT:000005643" label="metal transporter CNNM1"/>
            <span end="14103" id="14723793-2430" start="14098">Acdp1</span>
        </annotation>
        <annotation annotator="Mike Bada, University of Colorado School of Medicine" id="PR_reasoned_2017_04_17_Instance_61105" type="identity">
            <class id="PR_EXT:ACDP_or_CNNM" label="ACDP/CNNM"/>
            <span end="14278" id="14723793-2566" start="14274">ACDP</span>
        </annotation>
        <annotation annotator="Mike Bada, University of Colorado School of Medicine" id="PR_reasoned_2017_04_17_Instance_61107" type="identity">
            <class id="PR_EXT:ACDP_or_CNNM" label="ACDP/CNNM"/>
            <span end="14358" id="14723793-2568" start="14354">ACDP</span>
        </annotation>
        <annotation annotator="Mike Bada, University of Colorado School of Medicine" id="PR_reasoned_2017_04_17_Instance_61109" type="identity">
            <class id="PR_EXT:ACDP_or_CNNM" label="ACDP/CNNM"/>
            <span end="14715" id="14723793-2570" start="14711">Acdp</span>
        </annotation>
        <annotation annotator="Mike Bada, University of Colorado School of Medicine" id="PR_reasoned_2017_04_17_Instance_61111" type="identity">
            <class id="PR_EXT:ACDP_or_CNNM" label="ACDP/CNNM"/>
            <span end="14867" id="14723793-2572" start="14863">Acdp</span>
        </annotation>
        <annotation annotator="Mike Bada, University of Colorado School of Medicine" id="PR_reasoned_2017_04_17_Instance_110664" type="identity">
            <class id="CHEBI_PR_EXT:protein" label="protein"/>
            <span end="14876" id="14723793-2264" start="14868">proteins</span>
        </annotation>
        <annotation annotator="Mike Bada, University of Colorado School of Medicine" id="PR_reasoned_2017_04_17_Instance_52145" type="identity">
            <class id="PR_EXT:000022321" label="magnesium and cobalt efflux protein CorC"/>
            <span end="14930" id="14723793-2432" start="14926">CorC</span>
        </annotation>
        <annotation annotator="Mike Bada, University of Colorado School of Medicine" id="PR_reasoned_2017_04_17_Instance_110666" type="identity">
            <class id="CHEBI_PR_EXT:protein" label="protein"/>
            <span end="14938" id="14723793-2266" start="14931">protein</span>
        </annotation>
        <annotation annotator="Mike Bada, University of Colorado School of Medicine" id="PR_reasoned_2017_04_17_Instance_110668" type="identity">
            <class id="CHEBI_PR_EXT:protein" label="protein"/>
            <span end="14962" id="14723793-2268" start="14955">protein</span>
        </annotation>
        <annotation annotator="Mike Bada, University of Colorado School of Medicine" id="PR_reasoned_2017_04_17_Instance_52147" type="identity">
            <class id="PR_EXT:000022320" label="magnesium transport protein CorA"/>
            <span end="14968" id="14723793-2434" start="14964">CorA</span>
        </annotation>
        <annotation annotator="Mike Bada, University of Colorado School of Medicine" id="PR_reasoned_2017_04_17_Instance_110670" type="identity">
            <class id="CHEBI_PR_EXT:protein" label="protein"/>
            <span end="15000" id="14723793-2270" start="14993">protein</span>
        </annotation>
        <annotation annotator="Mike Bada, University of Colorado School of Medicine" id="PR_reasoned_2017_04_17_Instance_52149" type="identity">
            <class id="PR_EXT:000022320" label="magnesium transport protein CorA"/>
            <span end="15095" id="14723793-2436" start="15091">CorA</span>
        </annotation>
        <annotation annotator="Mike Bada, University of Colorado School of Medicine" id="PR_reasoned_2017_04_17_Instance_52151" type="identity">
            <class id="PR_EXT:000022321" label="magnesium and cobalt efflux protein CorC"/>
            <span end="15186" id="14723793-2438" start="15182">CorC</span>
        </annotation>
        <annotation annotator="Mike Bada, University of Colorado School of Medicine" id="PR_reasoned_2017_04_17_Instance_110672" type="identity">
            <class id="CHEBI_PR_EXT:protein" label="protein"/>
            <span end="15194" id="14723793-2272" start="15187">protein</span>
        </annotation>
        <annotation annotator="Mike Bada, University of Colorado School of Medicine" id="PR_reasoned_2017_04_17_Instance_61113" type="identity">
            <class id="PR_EXT:ACDP_or_CNNM" label="ACDP/CNNM"/>
            <span end="15315" id="14723793-2574" start="15311">Acdp</span>
        </annotation>
        <annotation annotator="Mike Bada, University of Colorado School of Medicine" id="PR_reasoned_2017_04_17_Instance_110674" type="identity">
            <class id="CHEBI_PR_EXT:protein" label="protein"/>
            <span end="15324" id="14723793-2274" start="15316">proteins</span>
        </annotation>
        <annotation annotator="Mike Bada, University of Colorado School of Medicine" id="PR_reasoned_2017_04_17_Instance_52153" type="identity">
            <class id="PR_EXT:000022321" label="magnesium and cobalt efflux protein CorC"/>
            <span end="15381" id="14723793-2440" start="15377">CorC</span>
        </annotation>
        <annotation annotator="Mike Bada, University of Colorado School of Medicine" id="PR_reasoned_2017_04_17_Instance_110676" type="identity">
            <class id="CHEBI_PR_EXT:protein" label="protein"/>
            <span end="15406" id="14723793-2276" start="15398">proteins</span>
        </annotation>
        <annotation annotator="Mike Bada, University of Colorado School of Medicine" id="PR_reasoned_2017_04_17_Instance_61115" type="identity">
            <class id="PR_EXT:ACDP_or_CNNM" label="ACDP/CNNM"/>
            <span end="15529" id="14723793-2576" start="15525">Acdp</span>
        </annotation>
        <annotation annotator="Mike Bada, University of Colorado School of Medicine" id="PR_reasoned_2017_04_17_Instance_110678" type="identity">
            <class id="CHEBI_PR_EXT:protein" label="protein"/>
            <span end="15538" id="14723793-2278" start="15530">proteins</span>
        </annotation>
        <annotation annotator="Mike Bada, University of Colorado School of Medicine" id="PR_reasoned_2017_04_17_Instance_52155" type="identity">
            <class id="PR_EXT:000005643" label="metal transporter CNNM1"/>
            <span end="15649" id="14723793-2442" start="15644">Acdp1</span>
        </annotation>
        <annotation annotator="Mike Bada, University of Colorado School of Medicine" id="PR_reasoned_2017_04_17_Instance_52157" type="identity">
            <class id="PR_EXT:000005643" label="metal transporter CNNM1"/>
            <span end="15694" id="14723793-2444" start="15689">Acdp1</span>
        </annotation>
        <annotation annotator="Mike Bada, University of Colorado School of Medicine" id="PR_reasoned_2017_04_17_Instance_61117" type="identity">
            <class id="PR_EXT:ACDP_or_CNNM" label="ACDP/CNNM"/>
            <span end="15811" id="14723793-2578" start="15807">ACDP</span>
        </annotation>
        <annotation annotator="Mike Bada, University of Colorado School of Medicine" id="PR_reasoned_2017_04_17_Instance_110680" type="identity">
            <class id="CHEBI_PR_EXT:protein" label="protein"/>
            <span end="15820" id="14723793-2280" start="15812">proteins</span>
        </annotation>
        <annotation annotator="Mike Bada, University of Colorado School of Medicine" id="PR_reasoned_2017_04_17_Instance_61119" type="identity">
            <class id="PR_EXT:ACDP_or_CNNM" label="ACDP/CNNM"/>
            <span end="15907" id="14723793-2580" start="15903">Acdp</span>
        </annotation>
        <annotation annotator="Mike Bada, University of Colorado School of Medicine" id="PR_reasoned_2017_04_17_Instance_52159" type="identity">
            <class id="PR_EXT:000005643" label="metal transporter CNNM1"/>
            <span end="16098" id="14723793-2446" start="16093">Acdp1</span>
        </annotation>
        <annotation annotator="Mike Bada, University of Colorado School of Medicine" id="PR_reasoned_2017_04_17_Instance_52161" type="identity">
            <class id="PR_EXT:000005643" label="metal transporter CNNM1"/>
            <span end="16140" id="14723793-2448" start="16135">Acdp1</span>
        </annotation>
        <annotation annotator="Mike Bada, University of Colorado School of Medicine" id="PR_reasoned_2017_04_17_Instance_61121" type="identity">
            <class id="PR_EXT:ACDP_or_CNNM" label="ACDP/CNNM"/>
            <span end="16295" id="14723793-2582" start="16291">Acdp</span>
        </annotation>
        <annotation annotator="Mike Bada, University of Colorado School of Medicine" id="PR_reasoned_2017_04_17_Instance_110682" type="identity">
            <class id="CHEBI_PR_EXT:protein" label="protein"/>
            <span end="16455" id="14723793-2282" start="16447">proteins</span>
        </annotation>
        <annotation annotator="Mike Bada, University of Colorado School of Medicine" id="PR_reasoned_2017_04_17_Instance_61123" type="identity">
            <class id="PR_EXT:ACDP_or_CNNM" label="ACDP/CNNM"/>
            <span end="16513" id="14723793-2584" start="16509">ACDP</span>
        </annotation>
        <annotation annotator="Mike Bada, University of Colorado School of Medicine" id="PR_reasoned_2017_04_17_Instance_61125" type="identity">
            <class id="PR_EXT:ACDP_or_CNNM" label="ACDP/CNNM"/>
            <span end="16640" id="14723793-2586" start="16636">Acdp</span>
        </annotation>
        <annotation annotator="Mike Bada, University of Colorado School of Medicine" id="PR_reasoned_2017_04_17_Instance_61127" type="identity">
            <class id="PR_EXT:ACDP_or_CNNM" label="ACDP/CNNM"/>
            <span end="16696" id="14723793-2588" start="16692">Acdp</span>
        </annotation>
        <annotation annotator="Mike Bada, University of Colorado School of Medicine" id="PR_reasoned_2017_04_17_Instance_61129" type="identity">
            <class id="PR_EXT:ACDP_or_CNNM" label="ACDP/CNNM"/>
            <span end="16854" id="14723793-2590" start="16850">Acdp</span>
        </annotation>
        <annotation annotator="Mike Bada, University of Colorado School of Medicine" id="PR_reasoned_2017_04_17_Instance_61131" type="identity">
            <class id="PR_EXT:ACDP_or_CNNM" label="ACDP/CNNM"/>
            <span end="16960" id="14723793-2592" start="16956">Acdp</span>
        </annotation>
        <annotation annotator="Mike Bada, University of Colorado School of Medicine" id="PR_reasoned_2017_04_17_Instance_61133" type="identity">
            <class id="PR_EXT:ACDP_or_CNNM" label="ACDP/CNNM"/>
            <span end="17194" id="14723793-2594" start="17190">Acdp</span>
        </annotation>
        <annotation annotator="Mike Bada, University of Colorado School of Medicine" id="PR_reasoned_2017_04_17_Instance_61135" type="identity">
            <class id="PR_EXT:ACDP_or_CNNM" label="ACDP/CNNM"/>
            <span end="17218" id="14723793-2596" start="17214">Acdp</span>
        </annotation>
        <annotation annotator="Mike Bada, University of Colorado School of Medicine" id="PR_reasoned_2017_04_17_Instance_61137" type="identity">
            <class id="PR_EXT:ACDP_or_CNNM" label="ACDP/CNNM"/>
            <span end="17336" id="14723793-2598" start="17332">Acdp</span>
        </annotation>
        <annotation annotator="Mike Bada, University of Colorado School of Medicine" id="PR_reasoned_2017_04_17_Instance_52163" type="identity">
            <class id="PR_EXT:000005643" label="metal transporter CNNM1"/>
            <span end="17397" id="14723793-2450" start="17392">Acdp1</span>
        </annotation>
        <annotation annotator="Mike Bada, University of Colorado School of Medicine" id="PR_reasoned_2017_04_17_Instance_61139" type="identity">
            <class id="PR_EXT:ACDP_or_CNNM" label="ACDP/CNNM"/>
            <span end="17410" id="14723793-2600" start="17406">Acdp</span>
        </annotation>
        <annotation annotator="Mike Bada, University of Colorado School of Medicine" id="PR_reasoned_2017_04_17_Instance_110684" type="identity">
            <class id="CHEBI_PR_EXT:protein" label="protein"/>
            <span end="17419" id="14723793-2284" start="17411">proteins</span>
        </annotation>
        <annotation annotator="Mike Bada, University of Colorado School of Medicine" id="PR_reasoned_2017_04_17_Instance_52165" type="identity">
            <class id="PR_EXT:000005643" label="metal transporter CNNM1"/>
            <span end="17430" id="14723793-2452" start="17425">Acdp1</span>
        </annotation>
        <annotation annotator="Mike Bada, University of Colorado School of Medicine" id="PR_reasoned_2017_04_17_Instance_52167" type="identity">
            <class id="PR_EXT:000005643" label="metal transporter CNNM1"/>
            <span end="17490" id="14723793-2454" start="17485">Acdp1</span>
        </annotation>
        <annotation annotator="Mike Bada, University of Colorado School of Medicine" id="PR_reasoned_2017_04_17_Instance_52169" type="identity">
            <class id="PR_EXT:000005643" label="metal transporter CNNM1"/>
            <span end="17544" id="14723793-2456" start="17539">Acdp1</span>
        </annotation>
        <annotation annotator="Mike Bada, University of Colorado School of Medicine" id="PR_reasoned_2017_04_17_Instance_61141" type="identity">
            <class id="PR_EXT:ACDP_or_CNNM" label="ACDP/CNNM"/>
            <span end="17715" id="14723793-2602" start="17711">Acdp</span>
        </annotation>
        <annotation annotator="Mike Bada, University of Colorado School of Medicine" id="PR_reasoned_2017_04_17_Instance_61143" type="identity">
            <class id="PR_EXT:ACDP_or_CNNM" label="ACDP/CNNM"/>
            <span end="17777" id="14723793-2604" start="17773">Acdp</span>
        </annotation>
        <annotation annotator="Mike Bada, University of Colorado School of Medicine" id="PR_reasoned_2017_04_17_Instance_61145" type="identity">
            <class id="PR_EXT:ACDP_or_CNNM" label="ACDP/CNNM"/>
            <span end="17890" id="14723793-2606" start="17886">ACDP</span>
        </annotation>
        <annotation annotator="Mike Bada, University of Colorado School of Medicine" id="PR_reasoned_2017_04_17_Instance_61149" type="identity">
            <class id="PR_EXT:ACDP_or_CNNM" label="ACDP/CNNM"/>
            <span end="18009" id="14723793-2610" start="18005">Acdp</span>
        </annotation>
        <annotation annotator="Mike Bada, University of Colorado School of Medicine" id="PR_reasoned_2017_04_17_Instance_61147" type="identity">
            <class id="PR_EXT:ACDP_or_CNNM" label="ACDP/CNNM"/>
            <span end="18056" id="14723793-2608" start="18052">ACDP</span>
        </annotation>
        <annotation annotator="Mike Bada, University of Colorado School of Medicine" id="PR_reasoned_2017_04_17_Instance_61151" type="identity">
            <class id="PR_EXT:ACDP_or_CNNM" label="ACDP/CNNM"/>
            <span end="19042" id="14723793-2612" start="19038">Acdp</span>
        </annotation>
        <annotation annotator="Mike Bada, University of Colorado School of Medicine" id="PR_reasoned_2017_04_17_Instance_52171" type="identity">
            <class id="PR_EXT:000005643" label="metal transporter CNNM1"/>
            <span end="19618" id="14723793-2458" start="19613">Acdp1</span>
        </annotation>
        <annotation annotator="Mike Bada, University of Colorado School of Medicine" id="PR_reasoned_2017_04_17_Instance_52173" type="identity">
            <class id="PR_EXT:000005643" label="metal transporter CNNM1"/>
            <span end="19730" id="14723793-2460" start="19725">Acdp1</span>
        </annotation>
        <annotation annotator="Mike Bada, University of Colorado School of Medicine" id="PR_reasoned_2017_04_17_Instance_61153" type="identity">
            <class id="PR_EXT:ACDP_or_CNNM" label="ACDP/CNNM"/>
            <span end="19743" id="14723793-2614" start="19739">Acdp</span>
        </annotation>
        <annotation annotator="Mike Bada, University of Colorado School of Medicine" id="PR_reasoned_2017_04_17_Instance_61155" type="identity">
            <class id="PR_EXT:ACDP_or_CNNM" label="ACDP/CNNM"/>
            <span end="20203" id="14723793-2616" start="20199">Acdp</span>
        </annotation>
        <annotation annotator="Mike Bada, University of Colorado School of Medicine" id="PR_reasoned_2017_04_17_Instance_110686" type="identity">
            <class id="CHEBI_PR_EXT:protein" label="protein"/>
            <span end="20493" id="14723793-2286" start="20486">Protein</span>
        </annotation>
        <annotation annotator="Mike Bada, University of Colorado School of Medicine" id="PR_reasoned_2017_04_17_Instance_110688" type="identity">
            <class id="CHEBI_PR_EXT:protein" label="protein"/>
            <span end="20846" id="14723793-2288" start="20839">protein</span>
        </annotation>
        <annotation annotator="Mike Bada, University of Colorado School of Medicine" id="PR_reasoned_2017_04_17_Instance_150041" type="identity">
            <class id="PR_EXT:000027795" label="trypsin"/>
            <span end="21362" id="14723793-2290" start="21355">trypsin</span>
        </annotation>
        <annotation annotator="Mike Bada, University of Colorado School of Medicine" id="PR_reasoned_2017_04_17_Instance_61157" type="identity">
            <class id="PR_EXT:ACDP_or_CNNM" label="ACDP/CNNM"/>
            <span end="22379" id="14723793-2618" start="22375">ACDP</span>
        </annotation>
        <annotation annotator="Mike Bada, University of Colorado School of Medicine" id="PR_reasoned_2017_04_17_Instance_61159" type="identity">
            <class id="PR_EXT:ACDP_or_CNNM" label="ACDP/CNNM"/>
            <span end="23031" id="14723793-2620" start="23027">Acdp</span>
        </annotation>
        <annotation annotator="Mike Bada, University of Colorado School of Medicine" id="PR_reasoned_2017_04_17_Instance_52175" type="identity">
            <class id="PR_EXT:000005643" label="metal transporter CNNM1"/>
            <span end="23123" id="14723793-2462" start="23118">Acdp1</span>
        </annotation>
        <annotation annotator="Mike Bada, University of Colorado School of Medicine" id="PR_reasoned_2017_04_17_Instance_52177" type="identity">
            <class id="PR_EXT:000005644" label="metal transporter CNNM2"/>
            <span end="23141" id="14723793-2464" start="23136">Acdp2</span>
        </annotation>
        <annotation annotator="Mike Bada, University of Colorado School of Medicine" id="PR_reasoned_2017_04_17_Instance_52179" type="identity">
            <class id="PR_EXT:000005645" label="metal transporter CNNM3"/>
            <span end="23159" id="14723793-2466" start="23154">Acdp3</span>
        </annotation>
        <annotation annotator="Mike Bada, University of Colorado School of Medicine" id="PR_reasoned_2017_04_17_Instance_52181" type="identity">
            <class id="PR_EXT:000005646" label="metal transporter CNNM4"/>
            <span end="23180" id="14723793-2468" start="23175">Acdp4</span>
        </annotation>
        <annotation annotator="Mike Bada, University of Colorado School of Medicine" id="PR_reasoned_2017_04_17_Instance_52183" type="identity">
            <class id="PR_EXT:000005643" label="metal transporter CNNM1"/>
            <span end="23467" id="14723793-2470" start="23462">Acdp1</span>
        </annotation>
        <graph-space id="Old Knowtator Relations"/>
    </document>
</knowtator-project>
