<?xml version="1.0" encoding="UTF-8" standalone="no"?>
<knowtator-project>
  <document id="15314659" text-file="15314659.txt">
    <annotation annotator="Mike Bada, University of Colorado School of Medicine" id="PR_reasoned_2017_04_17_Instance_12759" type="identity">
      <class id="PR_EXT:000001962" label="tumor necrosis factor receptor superfamily member 6"/>
      <span end="2578" id="15314659-6715" start="2566">FAS receptor</span>
    </annotation>
    <annotation annotator="Mike Bada, University of Colorado School of Medicine" id="PR_reasoned_2017_04_17_Instance_111248" type="identity">
      <class id="CHEBI_PR_EXT:protein" label="protein"/>
      <span end="3806" id="15314659-6707" start="3799">protein</span>
    </annotation>
    <annotation annotator="Mike Bada, University of Colorado School of Medicine" id="PR_reasoned_2017_04_17_Instance_111250" type="identity">
      <class id="CHEBI_PR_EXT:protein" label="protein"/>
      <span end="3884" id="15314659-6709" start="3876">proteins</span>
    </annotation>
    <annotation annotator="Mike Bada, University of Colorado School of Medicine" id="PR_reasoned_2017_04_17_Instance_12761" type="identity">
      <class id="PR_EXT:000004126" label="serum amyloid P-component"/>
      <span end="5106" id="15314659-6717" start="5081">serum amyloid P component</span>
    </annotation>
    <annotation annotator="Mike Bada, University of Colorado School of Medicine" id="PR_reasoned_2017_04_17_Instance_12763" type="identity">
      <class id="PR_EXT:000004126" label="serum amyloid P-component"/>
      <span end="5117" id="15314659-6719" start="5113">Apcs</span>
    </annotation>
    <annotation annotator="Mike Bada, University of Colorado School of Medicine" id="PR_reasoned_2017_04_17_Instance_12765" type="identity">
      <class id="PR_EXT:000004126" label="serum amyloid P-component"/>
      <span end="5128" id="15314659-6721" start="5124">Apcs</span>
    </annotation>
    <annotation annotator="Mike Bada, University of Colorado School of Medicine" id="PR_reasoned_2017_04_17_Instance_12767" type="identity">
      <class id="PR_EXT:000004126" label="serum amyloid P-component"/>
      <span end="5149" id="15314659-6723" start="5145">Apcs</span>
    </annotation>
    <annotation annotator="Mike Bada, University of Colorado School of Medicine" id="PR_reasoned_2017_04_17_Instance_12769" type="identity">
      <class id="PR_EXT:000004126" label="serum amyloid P-component"/>
      <span end="5328" id="15314659-6725" start="5324">Apcs</span>
    </annotation>
    <annotation annotator="Mike Bada, University of Colorado School of Medicine" id="PR_reasoned_2017_04_17_Instance_12771" type="identity">
      <class id="PR_EXT:000004126" label="serum amyloid P-component"/>
      <span end="5492" id="15314659-6727" start="5488">Apcs</span>
    </annotation>
    <annotation annotator="Mike Bada, University of Colorado School of Medicine" id="PR_reasoned_2017_04_17_Instance_12773" type="identity">
      <class id="PR_EXT:000001479" label="low affinity immunoglobulin gamma Fc region receptor II"/>
      <span end="5899" id="15314659-6729" start="5893">FcγRII</span>
    </annotation>
    <annotation annotator="Mike Bada, University of Colorado School of Medicine" id="PR_reasoned_2017_04_17_Instance_12775" type="identity">
      <class id="PR_EXT:000001337" label="complement receptor type 1"/>
      <span end="5928" id="15314659-6731" start="5925">CR1</span>
    </annotation>
    <annotation annotator="Mike Bada, University of Colorado School of Medicine" id="PR_reasoned_2017_04_17_Instance_12777" type="identity">
      <class id="PR_EXT:000001337" label="complement receptor type 1"/>
      <span end="5936" id="15314659-6733" start="5932">CD35</span>
    </annotation>
    <annotation annotator="Mike Bada, University of Colorado School of Medicine" id="PR_reasoned_2017_04_17_Instance_12779" type="identity">
      <class id="PR_EXT:000001338" label="complement receptor type 2"/>
      <span end="5941" id="15314659-6735" start="5937">CD21</span>
    </annotation>
    <annotation annotator="Mike Bada, University of Colorado School of Medicine" id="PR_reasoned_2017_04_17_Instance_12781" type="identity">
      <class id="PR_EXT:000025662" label="complement decay-accelerating factor"/>
      <span end="5982" id="15314659-6737" start="5978">CD55</span>
    </annotation>
    <annotation annotator="Mike Bada, University of Colorado School of Medicine" id="PR_reasoned_2017_04_17_Instance_12783" type="identity">
      <class id="PR_EXT:000004126" label="serum amyloid P-component"/>
      <span end="6643" id="15314659-6739" start="6639">Apcs</span>
    </annotation>
    <annotation annotator="Mike Bada, University of Colorado School of Medicine" id="PR_reasoned_2017_04_17_Instance_12785" type="identity">
      <class id="PR_EXT:000004126" label="serum amyloid P-component"/>
      <span end="7022" id="15314659-6741" start="7018">Apcs</span>
    </annotation>
    <annotation annotator="Mike Bada, University of Colorado School of Medicine" id="PR_reasoned_2017_04_17_Instance_12787" type="identity">
      <class id="PR_EXT:000004126" label="serum amyloid P-component"/>
      <span end="7232" id="15314659-6743" start="7228">Apcs</span>
    </annotation>
    <annotation annotator="Mike Bada, University of Colorado School of Medicine" id="PR_reasoned_2017_04_17_Instance_12789" type="identity">
      <class id="PR_EXT:000004126" label="serum amyloid P-component"/>
      <span end="7960" id="15314659-6745" start="7956">Apcs</span>
    </annotation>
    <annotation annotator="Mike Bada, University of Colorado School of Medicine" id="PR_reasoned_2017_04_17_Instance_12791" type="identity">
      <class id="PR_EXT:000004126" label="serum amyloid P-component"/>
      <span end="8404" id="15314659-6747" start="8400">Apcs</span>
    </annotation>
    <annotation annotator="Mike Bada, University of Colorado School of Medicine" id="PR_reasoned_2017_04_17_Instance_12793" type="identity">
      <class id="PR_EXT:000004126" label="serum amyloid P-component"/>
      <span end="9177" id="15314659-6749" start="9173">Apcs</span>
    </annotation>
    <annotation annotator="Mike Bada, University of Colorado School of Medicine" id="PR_reasoned_2017_04_17_Instance_12795" type="identity">
      <class id="PR_EXT:000004126" label="serum amyloid P-component"/>
      <span end="9776" id="15314659-6751" start="9772">Apcs</span>
    </annotation>
    <annotation annotator="Mike Bada, University of Colorado School of Medicine" id="PR_reasoned_2017_04_17_Instance_12797" type="identity">
      <class id="PR_EXT:000004126" label="serum amyloid P-component"/>
      <span end="10072" id="15314659-6753" start="10068">Apcs</span>
    </annotation>
    <annotation annotator="Mike Bada, University of Colorado School of Medicine" id="PR_reasoned_2017_04_17_Instance_12799" type="identity">
      <class id="PR_EXT:000004126" label="serum amyloid P-component"/>
      <span end="10162" id="15314659-6755" start="10158">Apcs</span>
    </annotation>
    <annotation annotator="Mike Bada, University of Colorado School of Medicine" id="PR_reasoned_2017_04_17_Instance_12801" type="identity">
      <class id="PR_EXT:000004126" label="serum amyloid P-component"/>
      <span end="10207" id="15314659-6757" start="10203">Apcs</span>
    </annotation>
    <annotation annotator="Mike Bada, University of Colorado School of Medicine" id="PR_reasoned_2017_04_17_Instance_12803" type="identity">
      <class id="PR_EXT:000004126" label="serum amyloid P-component"/>
      <span end="10296" id="15314659-6759" start="10292">Apcs</span>
    </annotation>
    <annotation annotator="Mike Bada, University of Colorado School of Medicine" id="PR_reasoned_2017_04_17_Instance_12805" type="identity">
      <class id="PR_EXT:000004126" label="serum amyloid P-component"/>
      <span end="10713" id="15314659-6761" start="10709">Apcs</span>
    </annotation>
    <annotation annotator="Mike Bada, University of Colorado School of Medicine" id="PR_reasoned_2017_04_17_Instance_12807" type="identity">
      <class id="PR_EXT:000004126" label="serum amyloid P-component"/>
      <span end="10874" id="15314659-6763" start="10870">Apcs</span>
    </annotation>
    <annotation annotator="Mike Bada, University of Colorado School of Medicine" id="PR_reasoned_2017_04_17_Instance_12809" type="identity">
      <class id="PR_EXT:000004126" label="serum amyloid P-component"/>
      <span end="11130" id="15314659-6765" start="11126">Apcs</span>
    </annotation>
    <annotation annotator="Mike Bada, University of Colorado School of Medicine" id="PR_reasoned_2017_04_17_Instance_12811" type="identity">
      <class id="PR_EXT:000004126" label="serum amyloid P-component"/>
      <span end="11230" id="15314659-6767" start="11226">Apcs</span>
    </annotation>
    <annotation annotator="Mike Bada, University of Colorado School of Medicine" id="PR_reasoned_2017_04_17_Instance_12813" type="identity">
      <class id="PR_EXT:000004126" label="serum amyloid P-component"/>
      <span end="11325" id="15314659-6769" start="11321">Apcs</span>
    </annotation>
    <annotation annotator="Mike Bada, University of Colorado School of Medicine" id="PR_reasoned_2017_04_17_Instance_111252" type="identity">
      <class id="CHEBI_PR_EXT:protein" label="protein"/>
      <span end="11400" id="15314659-6711" start="11393">protein</span>
    </annotation>
    <annotation annotator="Mike Bada, University of Colorado School of Medicine" id="PR_reasoned_2017_04_17_Instance_12815" type="identity">
      <class id="PR_EXT:000004126" label="serum amyloid P-component"/>
      <span end="11537" id="15314659-6771" start="11533">Apcs</span>
    </annotation>
    <annotation annotator="Mike Bada, University of Colorado School of Medicine" id="PR_reasoned_2017_04_17_Instance_12817" type="identity">
      <class id="PR_EXT:000004126" label="serum amyloid P-component"/>
      <span end="13203" id="15314659-6773" start="13199">Apcs</span>
    </annotation>
    <annotation annotator="Mike Bada, University of Colorado School of Medicine" id="PR_reasoned_2017_04_17_Instance_12819" type="identity">
      <class id="PR_EXT:000004126" label="serum amyloid P-component"/>
      <span end="14447" id="15314659-6775" start="14443">Apcs</span>
    </annotation>
    <annotation annotator="Mike Bada, University of Colorado School of Medicine" id="PR_reasoned_2017_04_17_Instance_12821" type="identity">
      <class id="PR_EXT:000004126" label="serum amyloid P-component"/>
      <span end="14514" id="15314659-6777" start="14510">Apcs</span>
    </annotation>
    <annotation annotator="Mike Bada, University of Colorado School of Medicine" id="PR_reasoned_2017_04_17_Instance_12823" type="identity">
      <class id="PR_EXT:000004126" label="serum amyloid P-component"/>
      <span end="14602" id="15314659-6779" start="14598">Apcs</span>
    </annotation>
    <annotation annotator="Mike Bada, University of Colorado School of Medicine" id="PR_reasoned_2017_04_17_Instance_12825" type="identity">
      <class id="PR_EXT:000004126" label="serum amyloid P-component"/>
      <span end="14642" id="15314659-6781" start="14638">Apcs</span>
    </annotation>
    <annotation annotator="Mike Bada, University of Colorado School of Medicine" id="PR_reasoned_2017_04_17_Instance_12827" type="identity">
      <class id="PR_EXT:000004126" label="serum amyloid P-component"/>
      <span end="14855" id="15314659-6783" start="14851">Apcs</span>
    </annotation>
    <annotation annotator="Mike Bada, University of Colorado School of Medicine" id="PR_reasoned_2017_04_17_Instance_12829" type="identity">
      <class id="PR_EXT:000004126" label="serum amyloid P-component"/>
      <span end="15148" id="15314659-6785" start="15144">Apcs</span>
    </annotation>
    <annotation annotator="Mike Bada, University of Colorado School of Medicine" id="PR_reasoned_2017_04_17_Instance_12831" type="identity">
      <class id="PR_EXT:000004126" label="serum amyloid P-component"/>
      <span end="15406" id="15314659-6787" start="15402">Apcs</span>
    </annotation>
    <annotation annotator="Mike Bada, University of Colorado School of Medicine" id="PR_reasoned_2017_04_17_Instance_12833" type="identity">
      <class id="PR_EXT:000004126" label="serum amyloid P-component"/>
      <span end="15766" id="15314659-6789" start="15762">Apcs</span>
    </annotation>
    <annotation annotator="Mike Bada, University of Colorado School of Medicine" id="PR_reasoned_2017_04_17_Instance_12835" type="identity">
      <class id="PR_EXT:000004126" label="serum amyloid P-component"/>
      <span end="15846" id="15314659-6791" start="15842">Apcs</span>
    </annotation>
    <annotation annotator="Mike Bada, University of Colorado School of Medicine" id="PR_reasoned_2017_04_17_Instance_12837" type="identity">
      <class id="PR_EXT:000004126" label="serum amyloid P-component"/>
      <span end="16735" id="15314659-6793" start="16731">Apcs</span>
    </annotation>
    <annotation annotator="Mike Bada, University of Colorado School of Medicine" id="PR_reasoned_2017_04_17_Instance_12839" type="identity">
      <class id="PR_EXT:000004126" label="serum amyloid P-component"/>
      <span end="16788" id="15314659-6795" start="16763">serum amyloid P component</span>
    </annotation>
    <annotation annotator="Mike Bada, University of Colorado School of Medicine" id="PR_reasoned_2017_04_17_Instance_12841" type="identity">
      <class id="PR_EXT:000004126" label="serum amyloid P-component"/>
      <span end="21435" id="15314659-6797" start="21431">Apcs</span>
    </annotation>
    <annotation annotator="Mike Bada, University of Colorado School of Medicine" id="PR_reasoned_2017_04_17_Instance_12843" type="identity">
      <class id="PR_EXT:000004126" label="serum amyloid P-component"/>
      <span end="22017" id="15314659-6799" start="22013">Apcs</span>
    </annotation>
    <annotation annotator="Mike Bada, University of Colorado School of Medicine" id="PR_reasoned_2017_04_17_Instance_12845" type="identity">
      <class id="PR_EXT:000004126" label="serum amyloid P-component"/>
      <span end="22121" id="15314659-6801" start="22096">serum amyloid P component</span>
    </annotation>
    <annotation annotator="Mike Bada, University of Colorado School of Medicine" id="PR_reasoned_2017_04_17_Instance_12847" type="identity">
      <class id="PR_EXT:000004126" label="serum amyloid P-component"/>
      <span end="22447" id="15314659-6803" start="22443">Apcs</span>
    </annotation>
    <annotation annotator="Mike Bada, University of Colorado School of Medicine" id="PR_reasoned_2017_04_17_Instance_12849" type="identity">
      <class id="PR_EXT:000004126" label="serum amyloid P-component"/>
      <span end="22647" id="15314659-6805" start="22643">Apcs</span>
    </annotation>
    <annotation annotator="Mike Bada, University of Colorado School of Medicine" id="PR_reasoned_2017_04_17_Instance_12851" type="identity">
      <class id="PR_EXT:000004126" label="serum amyloid P-component"/>
      <span end="22862" id="15314659-6807" start="22858">Apcs</span>
    </annotation>
    <annotation annotator="Mike Bada, University of Colorado School of Medicine" id="PR_reasoned_2017_04_17_Instance_12853" type="identity">
      <class id="PR_EXT:000004126" label="serum amyloid P-component"/>
      <span end="22949" id="15314659-6809" start="22945">Apcs</span>
    </annotation>
    <annotation annotator="Mike Bada, University of Colorado School of Medicine" id="PR_reasoned_2017_04_17_Instance_12855" type="identity">
      <class id="PR_EXT:000004126" label="serum amyloid P-component"/>
      <span end="23216" id="15314659-6811" start="23212">Apcs</span>
    </annotation>
    <annotation annotator="Mike Bada, University of Colorado School of Medicine" id="PR_reasoned_2017_04_17_Instance_12857" type="identity">
      <class id="PR_EXT:000004126" label="serum amyloid P-component"/>
      <span end="23403" id="15314659-6813" start="23399">Apcs</span>
    </annotation>
    <annotation annotator="Mike Bada, University of Colorado School of Medicine" id="PR_reasoned_2017_04_17_Instance_12859" type="identity">
      <class id="PR_EXT:000004126" label="serum amyloid P-component"/>
      <span end="23624" id="15314659-6815" start="23620">Apcs</span>
    </annotation>
    <annotation annotator="Mike Bada, University of Colorado School of Medicine" id="PR_reasoned_2017_04_17_Instance_12861" type="identity">
      <class id="PR_EXT:000004126" label="serum amyloid P-component"/>
      <span end="24179" id="15314659-6817" start="24175">Apcs</span>
    </annotation>
    <annotation annotator="Mike Bada, University of Colorado School of Medicine" id="PR_reasoned_2017_04_17_Instance_12863" type="identity">
      <class id="PR_EXT:000001479" label="low affinity immunoglobulin gamma Fc region receptor II"/>
      <span end="24696" id="15314659-6819" start="24689">FcγRIIB</span>
    </annotation>
    <annotation annotator="Mike Bada, University of Colorado School of Medicine" id="PR_reasoned_2017_04_17_Instance_12865" type="identity">
      <class id="PR_EXT:000001337" label="complement receptor type 1"/>
      <span end="24750" id="15314659-6821" start="24747">CR1</span>
    </annotation>
    <annotation annotator="Mike Bada, University of Colorado School of Medicine" id="PR_reasoned_2017_04_17_Instance_12867" type="identity">
      <class id="PR_EXT:000025662" label="complement decay-accelerating factor"/>
      <span end="24822" id="15314659-6823" start="24797">decay-accelerating factor</span>
    </annotation>
    <annotation annotator="Mike Bada, University of Colorado School of Medicine" id="PR_reasoned_2017_04_17_Instance_12869" type="identity">
      <class id="PR_EXT:000025662" label="complement decay-accelerating factor"/>
      <span end="24828" id="15314659-6825" start="24824">CD55</span>
    </annotation>
    <annotation annotator="Mike Bada, University of Colorado School of Medicine" id="PR_reasoned_2017_04_17_Instance_12871" type="identity">
      <class id="PR_EXT:000004126" label="serum amyloid P-component"/>
      <span end="25472" id="15314659-6827" start="25468">Apcs</span>
    </annotation>
    <annotation annotator="Mike Bada, University of Colorado School of Medicine" id="PR_reasoned_2017_04_17_Instance_12873" type="identity">
      <class id="PR_EXT:000004126" label="serum amyloid P-component"/>
      <span end="25616" id="15314659-6829" start="25612">Apcs</span>
    </annotation>
    <annotation annotator="Mike Bada, University of Colorado School of Medicine" id="PR_reasoned_2017_04_17_Instance_12875" type="identity">
      <class id="PR_EXT:000004126" label="serum amyloid P-component"/>
      <span end="25703" id="15314659-6831" start="25699">Apcs</span>
    </annotation>
    <annotation annotator="Mike Bada, University of Colorado School of Medicine" id="PR_reasoned_2017_04_17_Instance_12877" type="identity">
      <class id="PR_EXT:000004126" label="serum amyloid P-component"/>
      <span end="25817" id="15314659-6833" start="25813">Apcs</span>
    </annotation>
    <annotation annotator="Mike Bada, University of Colorado School of Medicine" id="PR_reasoned_2017_04_17_Instance_12881" type="identity">
      <class id="PR_EXT:000005897" label="C-reactive protein"/>
      <span end="25950" id="15314659-6837" start="25932">C-reactive protein</span>
    </annotation>
    <annotation annotator="Mike Bada, University of Colorado School of Medicine" id="PR_reasoned_2017_04_17_Instance_111256" type="identity">
      <class id="CHEBI_PR_EXT:protein" label="protein"/>
      <span end="25974" id="15314659-6713" start="25967">protein</span>
    </annotation>
    <annotation annotator="Mike Bada, University of Colorado School of Medicine" id="PR_reasoned_2017_04_17_Instance_12879" type="identity">
      <class id="PR_EXT:000004126" label="serum amyloid P-component"/>
      <span end="25998" id="15314659-6835" start="25994">Apcs</span>
    </annotation>
    <annotation annotator="Mike Bada, University of Colorado School of Medicine" id="PR_reasoned_2017_04_17_Instance_12883" type="identity">
      <class id="PR_EXT:000005897" label="C-reactive protein"/>
      <span end="26271" id="15314659-6839" start="26253">C-reactive protein</span>
    </annotation>
    <annotation annotator="Mike Bada, University of Colorado School of Medicine" id="PR_reasoned_2017_04_17_Instance_12885" type="identity">
      <class id="PR_EXT:000004126" label="serum amyloid P-component"/>
      <span end="26385" id="15314659-6841" start="26381">Apcs</span>
    </annotation>
    <annotation annotator="Mike Bada, University of Colorado School of Medicine" id="PR_reasoned_2017_04_17_Instance_12887" type="identity">
      <class id="PR_EXT:000004126" label="serum amyloid P-component"/>
      <span end="26891" id="15314659-6843" start="26887">Apcs</span>
    </annotation>
    <annotation annotator="Mike Bada, University of Colorado School of Medicine" id="PR_reasoned_2017_04_17_Instance_12889" type="identity">
      <class id="PR_EXT:000004126" label="serum amyloid P-component"/>
      <span end="27617" id="15314659-6845" start="27613">Apcs</span>
    </annotation>
    <annotation annotator="Mike Bada, University of Colorado School of Medicine" id="PR_reasoned_2017_04_17_Instance_12891" type="identity">
      <class id="PR_EXT:000004126" label="serum amyloid P-component"/>
      <span end="27714" id="15314659-6847" start="27710">Apcs</span>
    </annotation>
    <annotation annotator="Mike Bada, University of Colorado School of Medicine" id="PR_reasoned_2017_04_17_Instance_12893" type="identity">
      <class id="PR_EXT:000004126" label="serum amyloid P-component"/>
      <span end="27759" id="15314659-6849" start="27755">Apcs</span>
    </annotation>
    <annotation annotator="Mike Bada, University of Colorado School of Medicine" id="PR_reasoned_2017_04_17_Instance_12895" type="identity">
      <class id="PR_EXT:000004126" label="serum amyloid P-component"/>
      <span end="27807" id="15314659-6851" start="27803">Apcs</span>
    </annotation>
    <annotation annotator="Mike Bada, University of Colorado School of Medicine" id="PR_reasoned_2017_04_17_Instance_12897" type="identity">
      <class id="PR_EXT:000004126" label="serum amyloid P-component"/>
      <span end="27928" id="15314659-6853" start="27924">Apcs</span>
    </annotation>
    <annotation annotator="Mike Bada, University of Colorado School of Medicine" id="PR_reasoned_2017_04_17_Instance_12899" type="identity">
      <class id="PR_EXT:000004126" label="serum amyloid P-component"/>
      <span end="28658" id="15314659-6855" start="28654">Apcs</span>
    </annotation>
    <annotation annotator="Mike Bada, University of Colorado School of Medicine" id="PR_reasoned_2017_04_17_Instance_12901" type="identity">
      <class id="PR_EXT:000004126" label="serum amyloid P-component"/>
      <span end="28745" id="15314659-6857" start="28741">Apcs</span>
    </annotation>
    <annotation annotator="Mike Bada, University of Colorado School of Medicine" id="PR_reasoned_2017_04_17_Instance_12903" type="identity">
      <class id="PR_EXT:000004126" label="serum amyloid P-component"/>
      <span end="29031" id="15314659-6859" start="29027">Apcs</span>
    </annotation>
    <annotation annotator="Mike Bada, University of Colorado School of Medicine" id="PR_reasoned_2017_04_17_Instance_12909" type="identity">
      <class id="PR_EXT:000004126" label="serum amyloid P-component"/>
      <span end="30160" id="15314659-6861" start="30156">Apcs</span>
    </annotation>
    <annotation annotator="Mike Bada, University of Colorado School of Medicine" id="PR_reasoned_2017_04_17_Instance_12911" type="identity">
      <class id="PR_EXT:000004126" label="serum amyloid P-component"/>
      <span end="30218" id="15314659-6863" start="30214">Apcs</span>
    </annotation>
    <annotation annotator="Mike Bada, University of Colorado School of Medicine" id="PR_reasoned_2017_04_17_Instance_12913" type="identity">
      <class id="PR_EXT:000004126" label="serum amyloid P-component"/>
      <span end="30245" id="15314659-6865" start="30241">Apcs</span>
    </annotation>
    <annotation annotator="Mike Bada, University of Colorado School of Medicine" id="PR_reasoned_2017_04_17_Instance_12915" type="identity">
      <class id="PR_EXT:000004126" label="serum amyloid P-component"/>
      <span end="30491" id="15314659-6867" start="30487">Apcs</span>
    </annotation>
    <annotation annotator="Mike Bada, University of Colorado School of Medicine" id="PR_reasoned_2017_04_17_Instance_12917" type="identity">
      <class id="PR_EXT:000004126" label="serum amyloid P-component"/>
      <span end="30510" id="15314659-6869" start="30506">Apcs</span>
    </annotation>
    <annotation annotator="Mike Bada, University of Colorado School of Medicine" id="PR_reasoned_2017_04_17_Instance_12919" type="identity">
      <class id="PR_EXT:000004126" label="serum amyloid P-component"/>
      <span end="33074" id="15314659-6871" start="33070">Apcs</span>
    </annotation>
    <annotation annotator="Mike Bada, University of Colorado School of Medicine" id="PR_reasoned_2017_04_17_Instance_12929" type="identity">
      <class id="PR_EXT:000001337" label="complement receptor type 1"/>
      <span end="33101" id="15314659-6881" start="33097">CD35</span>
    </annotation>
    <annotation annotator="Mike Bada, University of Colorado School of Medicine" id="PR_reasoned_2017_04_17_Instance_12931" type="identity">
      <class id="PR_EXT:000001338" label="complement receptor type 2"/>
      <span end="33106" id="15314659-6883" start="33102">CD21</span>
    </annotation>
    <annotation annotator="Mike Bada, University of Colorado School of Medicine" id="PR_reasoned_2017_04_17_Instance_12935" type="identity">
      <class id="PR_EXT:000025662" label="complement decay-accelerating factor"/>
      <span end="33133" id="15314659-6887" start="33129">CD55</span>
    </annotation>
    <annotation annotator="Mike Bada, University of Colorado School of Medicine" id="PR_reasoned_2017_04_17_Instance_12933" type="identity">
      <class id="PR_EXT:000001962" label="tumor necrosis factor receptor superfamily member 6"/>
      <span end="33172" id="15314659-6885" start="33160">FAS receptor</span>
    </annotation>
    <annotation annotator="Mike Bada, University of Colorado School of Medicine" id="PR_reasoned_2017_04_17_Instance_12937" type="identity">
      <class id="PR_EXT:000001479" label="low affinity immunoglobulin gamma Fc region receptor II"/>
      <span end="33210" id="15314659-6889" start="33204">FcγRII</span>
    </annotation>
    <annotation annotator="Mike Bada, University of Colorado School of Medicine" id="PR_reasoned_2017_04_17_Instance_12921" type="identity">
      <class id="PR_EXT:000004126" label="serum amyloid P-component"/>
      <span end="33714" id="15314659-6873" start="33710">Apcs</span>
    </annotation>
    <annotation annotator="Mike Bada, University of Colorado School of Medicine" id="PR_reasoned_2017_04_17_Instance_12923" type="identity">
      <class id="PR_EXT:000004126" label="serum amyloid P-component"/>
      <span end="33724" id="15314659-6875" start="33720">Apcs</span>
    </annotation>
    <annotation annotator="Mike Bada, University of Colorado School of Medicine" id="PR_reasoned_2017_04_17_Instance_12925" type="identity">
      <class id="PR_EXT:000004126" label="serum amyloid P-component"/>
      <span end="33745" id="15314659-6877" start="33741">Apcs</span>
    </annotation>
    <annotation annotator="Mike Bada, University of Colorado School of Medicine" id="PR_reasoned_2017_04_17_Instance_12927" type="identity">
      <class id="PR_EXT:000004126" label="serum amyloid P-component"/>
      <span end="33773" id="15314659-6879" start="33748">serum amyloid P component</span>
    </annotation>
    <annotation annotator="Mike Bada, University of Colorado School of Medicine" id="PR_reasoned_2017_04_17_Instance_12939" type="identity">
      <class id="PR_EXT:000004126" label="serum amyloid P-component"/>
      <span end="34049" id="15314659-6891" start="34045">Apcs</span>
    </annotation>
    <annotation annotator="Mike Bada, University of Colorado School of Medicine" id="PR_reasoned_2017_04_17_Instance_12941" type="identity">
      <class id="PR_EXT:000004126" label="serum amyloid P-component"/>
      <span end="34586" id="15314659-6893" start="34582">Apcs</span>
    </annotation>
    <annotation annotator="Mike Bada, University of Colorado School of Medicine" id="PR_reasoned_2017_04_17_Instance_12943" type="identity">
      <class id="PR_EXT:000004126" label="serum amyloid P-component"/>
      <span end="35998" id="15314659-6895" start="35994">Apcs</span>
    </annotation>
    <annotation annotator="Mike Bada, University of Colorado School of Medicine" id="PR_reasoned_2017_04_17_Instance_12945" type="identity">
      <class id="PR_EXT:000004126" label="serum amyloid P-component"/>
      <span end="36242" id="15314659-6897" start="36238">Apcs</span>
    </annotation>
    <annotation annotator="Mike Bada, University of Colorado School of Medicine" id="PR_reasoned_2017_04_17_Instance_12947" type="identity">
      <class id="PR_EXT:000004126" label="serum amyloid P-component"/>
      <span end="37283" id="15314659-6899" start="37279">Apcs</span>
    </annotation>
    <annotation annotator="Mike Bada, University of Colorado School of Medicine" id="PR_reasoned_2017_04_17_Instance_12949" type="identity">
      <class id="PR_EXT:000004126" label="serum amyloid P-component"/>
      <span end="37926" id="15314659-6901" start="37922">Apcs</span>
    </annotation>
    <annotation annotator="Mike Bada, University of Colorado School of Medicine" id="PR_reasoned_2017_04_17_Instance_12951" type="identity">
      <class id="PR_EXT:000004126" label="serum amyloid P-component"/>
      <span end="38370" id="15314659-6903" start="38366">Apcs</span>
    </annotation>
    <annotation annotator="Mike Bada, University of Colorado School of Medicine" id="PR_reasoned_2017_04_17_Instance_12953" type="identity">
      <class id="PR_EXT:000004126" label="serum amyloid P-component"/>
      <span end="38668" id="15314659-6905" start="38664">Apcs</span>
    </annotation>
    <annotation annotator="Mike Bada, University of Colorado School of Medicine" id="PR_reasoned_2017_04_17_Instance_12955" type="identity">
      <class id="PR_EXT:000004126" label="serum amyloid P-component"/>
      <span end="38753" id="15314659-6907" start="38749">Apcs</span>
    </annotation>
    <annotation annotator="Mike Bada, University of Colorado School of Medicine" id="PR_reasoned_2017_04_17_Instance_12957" type="identity">
      <class id="PR_EXT:000004126" label="serum amyloid P-component"/>
      <span end="39032" id="15314659-6909" start="39028">Apcs</span>
    </annotation>
    <annotation annotator="Mike Bada, University of Colorado School of Medicine" id="PR_reasoned_2017_04_17_Instance_12959" type="identity">
      <class id="PR_EXT:000004126" label="serum amyloid P-component"/>
      <span end="39355" id="15314659-6911" start="39351">Apcs</span>
    </annotation>
    <graph-space id="Old Knowtator Relations"/>
  </document>
</knowtator-project>
