<?xml version="1.0" encoding="UTF-8" standalone="no"?>
<knowtator-project>
  <document id="15588329" text-file="15588329.txt">
    <annotation annotator="Mike Bada, University of Colorado School of Medicine" id="PR_reasoned_2017_04_17_Instance_17205" type="identity">
      <class id="PR_EXT:000022190" label="ATP synthase subunit c"/>
      <span end="70" id="15588329-10609" start="61">subunit c</span>
    </annotation>
    <annotation annotator="Mike Bada, University of Colorado School of Medicine" id="PR_reasoned_2017_04_17_Instance_15709" type="identity">
      <class id="PR_EXT:000005591" label="battenin"/>
      <span end="286" id="15588329-10361" start="282">CLN3</span>
    </annotation>
    <annotation annotator="Mike Bada, University of Colorado School of Medicine" id="PR_reasoned_2017_04_17_Instance_15711" type="identity">
      <class id="PR_EXT:000005591" label="battenin"/>
      <span end="327" id="15588329-10363" start="319">battenin</span>
    </annotation>
    <annotation annotator="Mike Bada, University of Colorado School of Medicine" id="PR_reasoned_2017_04_17_Instance_17207" type="identity">
      <class id="PR_EXT:000022190" label="ATP synthase subunit c"/>
      <span end="397" id="15588329-10611" start="360">mitochondrial ATP synthase, subunit c</span>
    </annotation>
    <annotation annotator="Mike Bada, University of Colorado School of Medicine" id="PR_reasoned_2017_04_17_Instance_121283" type="identity">
      <class id="PR_EXT:000005591" label="battenin"/>
      <span end="462" id="15588329-10113" start="458">Cln3</span>
    </annotation>
    <annotation annotator="Mike Bada, University of Colorado School of Medicine" id="PR_reasoned_2017_04_17_Instance_15713" type="identity">
      <class id="PR_EXT:000005591" label="battenin"/>
      <span end="549" id="15588329-10365" start="541">battenin</span>
    </annotation>
    <annotation annotator="Mike Bada, University of Colorado School of Medicine" id="PR_reasoned_2017_04_17_Instance_121285" type="identity">
      <class id="PR_EXT:000005591" label="battenin"/>
      <span end="752" id="15588329-10115" start="748">Cln3</span>
    </annotation>
    <annotation annotator="Mike Bada, University of Colorado School of Medicine" id="PR_reasoned_2017_04_17_Instance_17273" type="identity">
      <class id="PR_EXT:000010124" label="microtubule-associated protein 2"/>
      <span end="862" id="15588329-10678" start="857">MAP-2</span>
    </annotation>
    <annotation annotator="Mike Bada, University of Colorado School of Medicine" id="PR_reasoned_2017_04_17_Instance_121529" type="identity">
      <class id="PR_EXT:000006252" label="RNA binding protein fox-1 homolog 3"/>
      <span end="871" id="15588329-10359" start="867">NeuN</span>
    </annotation>
    <annotation annotator="Mike Bada, University of Colorado School of Medicine" id="PR_reasoned_2017_04_17_Instance_121287" type="identity">
      <class id="PR_EXT:000005591" label="battenin"/>
      <span end="918" id="15588329-10117" start="914">Cln3</span>
    </annotation>
    <annotation annotator="Mike Bada, University of Colorado School of Medicine" id="PR_reasoned_2017_04_17_Instance_15715" type="identity">
      <class id="PR_EXT:000005591" label="battenin"/>
      <span end="978" id="15588329-10367" start="970">battenin</span>
    </annotation>
    <annotation annotator="Mike Bada, University of Colorado School of Medicine" id="PR_reasoned_2017_04_17_Instance_17209" type="identity">
      <class id="PR_EXT:000022190" label="ATP synthase subunit c"/>
      <span end="1036" id="15588329-10613" start="1020">ATPase subunit c</span>
    </annotation>
    <annotation annotator="Mike Bada, University of Colorado School of Medicine" id="PR_reasoned_2017_04_17_Instance_15717" type="identity">
      <class id="PR_EXT:000006025" label="cathepsin D"/>
      <span end="1113" id="15588329-10369" start="1102">cathepsin D</span>
    </annotation>
    <annotation annotator="Mike Bada, University of Colorado School of Medicine" id="PR_reasoned_2017_04_17_Instance_15719" type="identity">
      <class id="PR_EXT:000005591" label="battenin"/>
      <span end="1469" id="15588329-10371" start="1461">battenin</span>
    </annotation>
    <annotation annotator="Mike Bada, University of Colorado School of Medicine" id="PR_reasoned_2017_04_17_Instance_15721" type="identity">
      <class id="PR_EXT:000005591" label="battenin"/>
      <span end="2048" id="15588329-10373" start="2044">CLN3</span>
    </annotation>
    <annotation annotator="Mike Bada, University of Colorado School of Medicine" id="PR_reasoned_2017_04_17_Instance_111452" type="identity">
      <class id="CHEBI_PR_EXT:protein" label="protein"/>
      <span end="2151" id="15588329-10055" start="2144">protein</span>
    </annotation>
    <annotation annotator="Mike Bada, University of Colorado School of Medicine" id="PR_reasoned_2017_04_17_Instance_17211" type="identity">
      <class id="PR_EXT:000022190" label="ATP synthase subunit c"/>
      <span end="2300" id="15588329-10615" start="2288">subunit c of</span>
      <span end="2339" id="15588329-10616" start="2305">mitochondrial ATP synthase complex</span>
    </annotation>
    <annotation annotator="Mike Bada, University of Colorado School of Medicine" id="PR_reasoned_2017_04_17_Instance_17213" type="identity">
      <class id="PR_EXT:000022190" label="ATP synthase subunit c"/>
      <span end="2512" id="15588329-10618" start="2503">subunit c</span>
    </annotation>
    <annotation annotator="Mike Bada, University of Colorado School of Medicine" id="PR_reasoned_2017_04_17_Instance_15723" type="identity">
      <class id="PR_EXT:000005591" label="battenin"/>
      <span end="2656" id="15588329-10375" start="2652">CLN3</span>
    </annotation>
    <annotation annotator="Mike Bada, University of Colorado School of Medicine" id="PR_reasoned_2017_04_17_Instance_111454" type="identity">
      <class id="CHEBI_PR_EXT:protein" label="protein"/>
      <span end="2672" id="15588329-10057" start="2665">protein</span>
    </annotation>
    <annotation annotator="Mike Bada, University of Colorado School of Medicine" id="PR_reasoned_2017_04_17_Instance_15725" type="identity">
      <class id="PR_EXT:000005591" label="battenin"/>
      <span end="2682" id="15588329-10377" start="2674">battenin</span>
    </annotation>
    <annotation annotator="Mike Bada, University of Colorado School of Medicine" id="PR_reasoned_2017_04_17_Instance_15727" type="identity">
      <class id="PR_EXT:000005591" label="battenin"/>
      <span end="2700" id="15588329-10379" start="2696">CLN3</span>
    </annotation>
    <annotation annotator="Mike Bada, University of Colorado School of Medicine" id="PR_reasoned_2017_04_17_Instance_15729" type="identity">
      <class id="PR_EXT:000005591" label="battenin"/>
      <span end="2710" id="15588329-10381" start="2704">cln3 p</span>
    </annotation>
    <annotation annotator="Mike Bada, University of Colorado School of Medicine" id="PR_reasoned_2017_04_17_Instance_111456" type="identity">
      <class id="CHEBI_PR_EXT:protein" label="protein"/>
      <span end="2786" id="15588329-10059" start="2779">protein</span>
    </annotation>
    <annotation annotator="Mike Bada, University of Colorado School of Medicine" id="PR_reasoned_2017_04_17_Instance_15731" type="identity">
      <class id="PR_EXT:000005591" label="battenin"/>
      <span end="2870" id="15588329-10383" start="2862">Battenin</span>
    </annotation>
    <annotation annotator="Mike Bada, University of Colorado School of Medicine" id="PR_reasoned_2017_04_17_Instance_121289" type="identity">
      <class id="PR_EXT:Q9US09" label="protein btn1 (Schizosaccharomyces pombe 972h-)"/>
      <span end="2930" id="15588329-10119" start="2926">btn1</span>
    </annotation>
    <annotation annotator="Mike Bada, University of Colorado School of Medicine" id="PR_reasoned_2017_04_17_Instance_15735" type="identity">
      <class id="PR_EXT:000005591" label="battenin"/>
      <span end="2946" id="15588329-10385" start="2942">CLN3</span>
    </annotation>
    <annotation annotator="Mike Bada, University of Colorado School of Medicine" id="PR_reasoned_2017_04_17_Instance_15737" type="identity">
      <class id="PR_EXT:000005591" label="battenin"/>
      <span end="2981" id="15588329-10387" start="2973">battenin</span>
    </annotation>
    <annotation annotator="Mike Bada, University of Colorado School of Medicine" id="PR_reasoned_2017_04_17_Instance_15739" type="identity">
      <class id="PR_EXT:000005591" label="battenin"/>
      <span end="3086" id="15588329-10389" start="3078">battenin</span>
    </annotation>
    <annotation annotator="Mike Bada, University of Colorado School of Medicine" id="PR_reasoned_2017_04_17_Instance_121291" type="identity">
      <class id="PR_EXT:000005591" label="battenin"/>
      <span end="3165" id="15588329-10121" start="3161">Cln3</span>
    </annotation>
    <annotation annotator="Mike Bada, University of Colorado School of Medicine" id="PR_reasoned_2017_04_17_Instance_15741" type="identity">
      <class id="PR_EXT:000005591" label="battenin"/>
      <span end="3267" id="15588329-10391" start="3259">battenin</span>
    </annotation>
    <annotation annotator="Mike Bada, University of Colorado School of Medicine" id="PR_reasoned_2017_04_17_Instance_121293" type="identity">
      <class id="PR_EXT:000005591" label="battenin"/>
      <span end="3359" id="15588329-10123" start="3355">Cln3</span>
    </annotation>
    <annotation annotator="Mike Bada, University of Colorado School of Medicine" id="PR_reasoned_2017_04_17_Instance_17215" type="identity">
      <class id="PR_EXT:000022190" label="ATP synthase subunit c"/>
      <span end="3454" id="15588329-10620" start="3445">subunit c</span>
    </annotation>
    <annotation annotator="Mike Bada, University of Colorado School of Medicine" id="PR_reasoned_2017_04_17_Instance_17217" type="identity">
      <class id="PR_EXT:000022190" label="ATP synthase subunit c"/>
      <span end="3658" id="15588329-10622" start="3635">mitochondrial subunit c</span>
    </annotation>
    <annotation annotator="Mike Bada, University of Colorado School of Medicine" id="PR_reasoned_2017_04_17_Instance_121295" type="identity">
      <class id="PR_EXT:000005591" label="battenin"/>
      <span end="3928" id="15588329-10125" start="3924">Cln3</span>
    </annotation>
    <annotation annotator="Mike Bada, University of Colorado School of Medicine" id="PR_reasoned_2017_04_17_Instance_121297" type="identity">
      <class id="PR_EXT:000005591" label="battenin"/>
      <span end="3967" id="15588329-10127" start="3963">Cln3</span>
    </annotation>
    <annotation annotator="Mike Bada, University of Colorado School of Medicine" id="PR_reasoned_2017_04_17_Instance_121299" type="identity">
      <class id="PR_EXT:000005591" label="battenin"/>
      <span end="4430" id="15588329-10129" start="4426">Cln3</span>
    </annotation>
    <annotation annotator="Mike Bada, University of Colorado School of Medicine" id="PR_reasoned_2017_04_17_Instance_15743" type="identity">
      <class id="PR_EXT:000011141" label="nestin"/>
      <span end="4783" id="15588329-10393" start="4777">nestin</span>
    </annotation>
    <annotation annotator="Mike Bada, University of Colorado School of Medicine" id="PR_reasoned_2017_04_17_Instance_15745" type="identity">
      <class id="PR_EXT:000007939" label="glial fibrillary acidic protein"/>
      <span end="4812" id="15588329-10395" start="4808">GFAP</span>
    </annotation>
    <annotation annotator="Mike Bada, University of Colorado School of Medicine" id="PR_reasoned_2017_04_17_Instance_15747" type="identity">
      <class id="PR_EXT:000011141" label="nestin"/>
      <span end="5281" id="15588329-10397" start="5275">nestin</span>
    </annotation>
    <annotation annotator="Mike Bada, University of Colorado School of Medicine" id="PR_reasoned_2017_04_17_Instance_17275" type="identity">
      <class id="PR_EXT:000010124" label="microtubule-associated protein 2"/>
      <span end="5328" id="15588329-10680" start="5324">MAP2</span>
    </annotation>
    <annotation annotator="Mike Bada, University of Colorado School of Medicine" id="PR_reasoned_2017_04_17_Instance_121301" type="identity">
      <class id="PR_EXT:000006252" label="RNA binding protein fox-1 homolog 3"/>
      <span end="5337" id="15588329-10131" start="5333">NeuN</span>
    </annotation>
    <annotation annotator="Mike Bada, University of Colorado School of Medicine" id="PR_reasoned_2017_04_17_Instance_15749" type="identity">
      <class id="PR_EXT:000004967" label="calbindin"/>
      <span end="5415" id="15588329-10399" start="5406">calbindin</span>
    </annotation>
    <annotation annotator="Mike Bada, University of Colorado School of Medicine" id="PR_reasoned_2017_04_17_Instance_121303" type="identity">
      <class id="PR_EXT:000005591" label="battenin"/>
      <span end="5474" id="15588329-10133" start="5470">Cln3</span>
    </annotation>
    <annotation annotator="Mike Bada, University of Colorado School of Medicine" id="PR_reasoned_2017_04_17_Instance_121305" type="identity">
      <class id="PR_EXT:000005591" label="battenin"/>
      <span end="5510" id="15588329-10135" start="5506">Cln3</span>
    </annotation>
    <annotation annotator="Mike Bada, University of Colorado School of Medicine" id="PR_reasoned_2017_04_17_Instance_121307" type="identity">
      <class id="PR_EXT:000005591" label="battenin"/>
      <span end="5581" id="15588329-10137" start="5577">Cln3</span>
    </annotation>
    <annotation annotator="Mike Bada, University of Colorado School of Medicine" id="PR_reasoned_2017_04_17_Instance_15751" type="identity">
      <class id="PR_EXT:000011141" label="nestin"/>
      <span end="5610" id="15588329-10401" start="5604">nestin</span>
    </annotation>
    <annotation annotator="Mike Bada, University of Colorado School of Medicine" id="PR_reasoned_2017_04_17_Instance_15753" type="identity">
      <class id="PR_EXT:000007939" label="glial fibrillary acidic protein"/>
      <span end="5638" id="15588329-10403" start="5634">GFAP</span>
    </annotation>
    <annotation annotator="Mike Bada, University of Colorado School of Medicine" id="PR_reasoned_2017_04_17_Instance_121309" type="identity">
      <class id="PR_EXT:000005591" label="battenin"/>
      <span end="5772" id="15588329-10139" start="5768">Cln3</span>
    </annotation>
    <annotation annotator="Mike Bada, University of Colorado School of Medicine" id="PR_reasoned_2017_04_17_Instance_17277" type="identity">
      <class id="PR_EXT:000010124" label="microtubule-associated protein 2"/>
      <span end="5876" id="15588329-10682" start="5872">MAP2</span>
    </annotation>
    <annotation annotator="Mike Bada, University of Colorado School of Medicine" id="PR_reasoned_2017_04_17_Instance_121311" type="identity">
      <class id="PR_EXT:000006252" label="RNA binding protein fox-1 homolog 3"/>
      <span end="5889" id="15588329-10141" start="5885">NeuN</span>
    </annotation>
    <annotation annotator="Mike Bada, University of Colorado School of Medicine" id="PR_reasoned_2017_04_17_Instance_121313" type="identity">
      <class id="PR_EXT:000005591" label="battenin"/>
      <span end="5926" id="15588329-10143" start="5922">Cln3</span>
    </annotation>
    <annotation annotator="Mike Bada, University of Colorado School of Medicine" id="PR_reasoned_2017_04_17_Instance_15755" type="identity">
      <class id="PR_EXT:000004967" label="calbindin"/>
      <span end="5989" id="15588329-10405" start="5980">calbindin</span>
    </annotation>
    <annotation annotator="Mike Bada, University of Colorado School of Medicine" id="PR_reasoned_2017_04_17_Instance_121315" type="identity">
      <class id="PR_EXT:000005591" label="battenin"/>
      <span end="6001" id="15588329-10145" start="5997">Cln3</span>
    </annotation>
    <annotation annotator="Mike Bada, University of Colorado School of Medicine" id="PR_reasoned_2017_04_17_Instance_121317" type="identity">
      <class id="PR_EXT:000005591" label="battenin"/>
      <span end="6020" id="15588329-10147" start="6016">Cln3</span>
    </annotation>
    <annotation annotator="Mike Bada, University of Colorado School of Medicine" id="PR_reasoned_2017_04_17_Instance_121319" type="identity">
      <class id="PR_EXT:000005591" label="battenin"/>
      <span end="6173" id="15588329-10149" start="6169">Cln3</span>
    </annotation>
    <annotation annotator="Mike Bada, University of Colorado School of Medicine" id="PR_reasoned_2017_04_17_Instance_15757" type="identity">
      <class id="PR_EXT:000005591" label="battenin"/>
      <span end="6209" id="15588329-10407" start="6201">battenin</span>
    </annotation>
    <annotation annotator="Mike Bada, University of Colorado School of Medicine" id="PR_reasoned_2017_04_17_Instance_121321" type="identity">
      <class id="PR_EXT:000005591" label="battenin"/>
      <span end="6261" id="15588329-10151" start="6257">Cln3</span>
    </annotation>
    <annotation annotator="Mike Bada, University of Colorado School of Medicine" id="PR_reasoned_2017_04_17_Instance_121323" type="identity">
      <class id="PR_EXT:000005591" label="battenin"/>
      <span end="6340" id="15588329-10153" start="6336">Cln3</span>
    </annotation>
    <annotation annotator="Mike Bada, University of Colorado School of Medicine" id="PR_reasoned_2017_04_17_Instance_15759" type="identity">
      <class id="PR_EXT:000005591" label="battenin"/>
      <span end="6382" id="15588329-10409" start="6378">Cln3</span>
    </annotation>
    <annotation annotator="Mike Bada, University of Colorado School of Medicine" id="PR_reasoned_2017_04_17_Instance_15761" type="identity">
      <class id="PR_EXT:000005591" label="battenin"/>
      <span end="6423" id="15588329-10411" start="6415">battenin</span>
    </annotation>
    <annotation annotator="Mike Bada, University of Colorado School of Medicine" id="PR_reasoned_2017_04_17_Instance_111458" type="identity">
      <class id="CHEBI_PR_EXT:protein" label="protein"/>
      <span end="6431" id="15588329-10061" start="6424">protein</span>
    </annotation>
    <annotation annotator="Mike Bada, University of Colorado School of Medicine" id="PR_reasoned_2017_04_17_Instance_121325" type="identity">
      <class id="PR_EXT:000005591" label="battenin"/>
      <span end="6551" id="15588329-10155" start="6547">Cln3</span>
    </annotation>
    <annotation annotator="Mike Bada, University of Colorado School of Medicine" id="PR_reasoned_2017_04_17_Instance_15763" type="identity">
      <class id="PR_EXT:000005591" label="battenin"/>
      <span end="6589" id="15588329-10413" start="6581">battenin</span>
    </annotation>
    <annotation annotator="Mike Bada, University of Colorado School of Medicine" id="PR_reasoned_2017_04_17_Instance_15765" type="identity">
      <class id="PR_EXT:000005591" label="battenin"/>
      <span end="6655" id="15588329-10415" start="6651">Cln3</span>
    </annotation>
    <annotation annotator="Mike Bada, University of Colorado School of Medicine" id="PR_reasoned_2017_04_17_Instance_121327" type="identity">
      <class id="PR_EXT:000005591" label="battenin"/>
      <span end="6790" id="15588329-10157" start="6786">Cln3</span>
    </annotation>
    <annotation annotator="Mike Bada, University of Colorado School of Medicine" id="PR_reasoned_2017_04_17_Instance_15767" type="identity">
      <class id="PR_EXT:000005591" label="battenin"/>
      <span end="6894" id="15588329-10417" start="6886">battenin</span>
    </annotation>
    <annotation annotator="Mike Bada, University of Colorado School of Medicine" id="PR_reasoned_2017_04_17_Instance_121329" type="identity">
      <class id="PR_EXT:000005591" label="battenin"/>
      <span end="6923" id="15588329-10159" start="6919">Cln3</span>
    </annotation>
    <annotation annotator="Mike Bada, University of Colorado School of Medicine" id="PR_reasoned_2017_04_17_Instance_15769" type="identity">
      <class id="PR_EXT:000002060" label="lysosome-associated membrane glycoprotein 1"/>
      <span end="7106" id="15588329-10419" start="7101">Lamp1</span>
    </annotation>
    <annotation annotator="Mike Bada, University of Colorado School of Medicine" id="PR_reasoned_2017_04_17_Instance_15771" type="identity">
      <class id="PR_EXT:000006901" label="early endosome antigen 1"/>
      <span end="7170" id="15588329-10421" start="7146">early endosome antigen 1</span>
    </annotation>
    <annotation annotator="Mike Bada, University of Colorado School of Medicine" id="PR_reasoned_2017_04_17_Instance_15773" type="identity">
      <class id="PR_EXT:000006901" label="early endosome antigen 1"/>
      <span end="7176" id="15588329-10423" start="7172">EEA1</span>
    </annotation>
    <annotation annotator="Mike Bada, University of Colorado School of Medicine" id="PR_reasoned_2017_04_17_Instance_15775" type="identity">
      <class id="PR_EXT:000013639" label="ras-related protein Rab-7a"/>
      <span end="7213" id="15588329-10425" start="7209">Rab7</span>
    </annotation>
    <annotation annotator="Mike Bada, University of Colorado School of Medicine" id="PR_reasoned_2017_04_17_Instance_20397" type="identity">
      <class id="PR_EXT:000016261" label="serotransferrin"/>
      <span end="7312" id="15588329-10684" start="7301">transferrin</span>
    </annotation>
    <annotation annotator="Mike Bada, University of Colorado School of Medicine" id="PR_reasoned_2017_04_17_Instance_15777" type="identity">
      <class id="PR_EXT:000002060" label="lysosome-associated membrane glycoprotein 1"/>
      <span end="7371" id="15588329-10427" start="7366">Lamp1</span>
    </annotation>
    <annotation annotator="Mike Bada, University of Colorado School of Medicine" id="PR_reasoned_2017_04_17_Instance_15779" type="identity">
      <class id="PR_EXT:000006901" label="early endosome antigen 1"/>
      <span end="7380" id="15588329-10429" start="7376">EEA1</span>
    </annotation>
    <annotation annotator="Mike Bada, University of Colorado School of Medicine" id="PR_reasoned_2017_04_17_Instance_121331" type="identity">
      <class id="PR_EXT:000005591" label="battenin"/>
      <span end="7446" id="15588329-10161" start="7442">Cln3</span>
    </annotation>
    <annotation annotator="Mike Bada, University of Colorado School of Medicine" id="PR_reasoned_2017_04_17_Instance_15783" type="identity">
      <class id="PR_EXT:000013639" label="ras-related protein Rab-7a"/>
      <span end="7526" id="15588329-10431" start="7522">Rab7</span>
    </annotation>
    <annotation annotator="Mike Bada, University of Colorado School of Medicine" id="PR_reasoned_2017_04_17_Instance_121333" type="identity">
      <class id="PR_EXT:000005591" label="battenin"/>
      <span end="7584" id="15588329-10163" start="7580">Cln3</span>
    </annotation>
    <annotation annotator="Mike Bada, University of Colorado School of Medicine" id="PR_reasoned_2017_04_17_Instance_121335" type="identity">
      <class id="PR_EXT:000005591" label="battenin"/>
      <span end="7626" id="15588329-10165" start="7622">Cln3</span>
    </annotation>
    <annotation annotator="Mike Bada, University of Colorado School of Medicine" id="PR_reasoned_2017_04_17_Instance_15785" type="identity">
      <class id="PR_EXT:000005591" label="battenin"/>
      <span end="7666" id="15588329-10433" start="7662">Cln3</span>
    </annotation>
    <annotation annotator="Mike Bada, University of Colorado School of Medicine" id="PR_reasoned_2017_04_17_Instance_15787" type="identity">
      <class id="PR_EXT:000005591" label="battenin"/>
      <span end="7839" id="15588329-10435" start="7835">Cln3</span>
    </annotation>
    <annotation annotator="Mike Bada, University of Colorado School of Medicine" id="PR_reasoned_2017_04_17_Instance_121337" type="identity">
      <class id="PR_EXT:000005591" label="battenin"/>
      <span end="7879" id="15588329-10167" start="7875">Cln3</span>
    </annotation>
    <annotation annotator="Mike Bada, University of Colorado School of Medicine" id="PR_reasoned_2017_04_17_Instance_15789" type="identity">
      <class id="PR_EXT:000005591" label="battenin"/>
      <span end="7896" id="15588329-10437" start="7892">Cln3</span>
    </annotation>
    <annotation annotator="Mike Bada, University of Colorado School of Medicine" id="PR_reasoned_2017_04_17_Instance_15791" type="identity">
      <class id="PR_EXT:000005591" label="battenin"/>
      <span end="8338" id="15588329-10439" start="8330">Battenin</span>
    </annotation>
    <annotation annotator="Mike Bada, University of Colorado School of Medicine" id="PR_reasoned_2017_04_17_Instance_121339" type="identity">
      <class id="PR_EXT:000005591" label="battenin"/>
      <span end="8420" id="15588329-10169" start="8416">Cln3</span>
    </annotation>
    <annotation annotator="Mike Bada, University of Colorado School of Medicine" id="PR_reasoned_2017_04_17_Instance_121341" type="identity">
      <class id="PR_EXT:000005591" label="battenin"/>
      <span end="8495" id="15588329-10171" start="8491">Cln3</span>
    </annotation>
    <annotation annotator="Mike Bada, University of Colorado School of Medicine" id="PR_reasoned_2017_04_17_Instance_121343" type="identity">
      <class id="PR_EXT:000005591" label="battenin"/>
      <span end="8529" id="15588329-10173" start="8525">Cln3</span>
    </annotation>
    <annotation annotator="Mike Bada, University of Colorado School of Medicine" id="PR_reasoned_2017_04_17_Instance_15793" type="identity">
      <class id="PR_EXT:000002060" label="lysosome-associated membrane glycoprotein 1"/>
      <span end="8619" id="15588329-10441" start="8613">Lamp 1</span>
    </annotation>
    <annotation annotator="Mike Bada, University of Colorado School of Medicine" id="PR_reasoned_2017_04_17_Instance_15795" type="identity">
      <class id="PR_EXT:000006901" label="early endosome antigen 1"/>
      <span end="8643" id="15588329-10443" start="8639">EEA1</span>
    </annotation>
    <annotation annotator="Mike Bada, University of Colorado School of Medicine" id="PR_reasoned_2017_04_17_Instance_15797" type="identity">
      <class id="PR_EXT:000013639" label="ras-related protein Rab-7a"/>
      <span end="8670" id="15588329-10445" start="8666">Rab7</span>
    </annotation>
    <annotation annotator="Mike Bada, University of Colorado School of Medicine" id="PR_reasoned_2017_04_17_Instance_15799" type="identity">
      <class id="PR_EXT:000006901" label="early endosome antigen 1"/>
      <span end="8724" id="15588329-10447" start="8720">EEA1</span>
    </annotation>
    <annotation annotator="Mike Bada, University of Colorado School of Medicine" id="PR_reasoned_2017_04_17_Instance_15801" type="identity">
      <class id="PR_EXT:000013639" label="ras-related protein Rab-7a"/>
      <span end="8756" id="15588329-10449" start="8752">Rab7</span>
    </annotation>
    <annotation annotator="Mike Bada, University of Colorado School of Medicine" id="PR_reasoned_2017_04_17_Instance_15803" type="identity">
      <class id="PR_EXT:000013639" label="ras-related protein Rab-7a"/>
      <span end="8893" id="15588329-10451" start="8889">Rab7</span>
    </annotation>
    <annotation annotator="Mike Bada, University of Colorado School of Medicine" id="PR_reasoned_2017_04_17_Instance_15805" type="identity">
      <class id="PR_EXT:000002060" label="lysosome-associated membrane glycoprotein 1"/>
      <span end="8946" id="15588329-10453" start="8940">Lamp 1</span>
    </annotation>
    <annotation annotator="Mike Bada, University of Colorado School of Medicine" id="PR_reasoned_2017_04_17_Instance_121345" type="identity">
      <class id="PR_EXT:000005591" label="battenin"/>
      <span end="9013" id="15588329-10175" start="9009">Cln3</span>
    </annotation>
    <annotation annotator="Mike Bada, University of Colorado School of Medicine" id="PR_reasoned_2017_04_17_Instance_15807" type="identity">
      <class id="PR_EXT:000006901" label="early endosome antigen 1"/>
      <span end="9085" id="15588329-10455" start="9081">EEA1</span>
    </annotation>
    <annotation annotator="Mike Bada, University of Colorado School of Medicine" id="PR_reasoned_2017_04_17_Instance_15809" type="identity">
      <class id="PR_EXT:000013639" label="ras-related protein Rab-7a"/>
      <span end="9094" id="15588329-10457" start="9090">Rab7</span>
    </annotation>
    <annotation annotator="Mike Bada, University of Colorado School of Medicine" id="PR_reasoned_2017_04_17_Instance_15811" type="identity">
      <class id="PR_EXT:000002060" label="lysosome-associated membrane glycoprotein 1"/>
      <span end="9118" id="15588329-10459" start="9112">Lamp 1</span>
    </annotation>
    <annotation annotator="Mike Bada, University of Colorado School of Medicine" id="PR_reasoned_2017_04_17_Instance_15813" type="identity">
      <class id="PR_EXT:000002060" label="lysosome-associated membrane glycoprotein 1"/>
      <span end="9198" id="15588329-10461" start="9192">Lamp 1</span>
    </annotation>
    <annotation annotator="Mike Bada, University of Colorado School of Medicine" id="PR_reasoned_2017_04_17_Instance_15815" type="identity">
      <class id="PR_EXT:000006901" label="early endosome antigen 1"/>
      <span end="9207" id="15588329-10463" start="9203">EEA1</span>
    </annotation>
    <annotation annotator="Mike Bada, University of Colorado School of Medicine" id="PR_reasoned_2017_04_17_Instance_15817" type="identity">
      <class id="PR_EXT:000013639" label="ras-related protein Rab-7a"/>
      <span end="9245" id="15588329-10465" start="9241">Rab7</span>
    </annotation>
    <annotation annotator="Mike Bada, University of Colorado School of Medicine" id="PR_reasoned_2017_04_17_Instance_121347" type="identity">
      <class id="PR_EXT:000005591" label="battenin"/>
      <span end="9303" id="15588329-10177" start="9299">Cln3</span>
    </annotation>
    <annotation annotator="Mike Bada, University of Colorado School of Medicine" id="PR_reasoned_2017_04_17_Instance_121349" type="identity">
      <class id="PR_EXT:000005591" label="battenin"/>
      <span end="9348" id="15588329-10179" start="9344">Cln3</span>
    </annotation>
    <annotation annotator="Mike Bada, University of Colorado School of Medicine" id="PR_reasoned_2017_04_17_Instance_121351" type="identity">
      <class id="PR_EXT:000005591" label="battenin"/>
      <span end="9519" id="15588329-10181" start="9515">Cln3</span>
    </annotation>
    <annotation annotator="Mike Bada, University of Colorado School of Medicine" id="PR_reasoned_2017_04_17_Instance_17219" type="identity">
      <class id="PR_EXT:000022190" label="ATP synthase subunit c"/>
      <span end="9571" id="15588329-10624" start="9562">subunit c</span>
    </annotation>
    <annotation annotator="Mike Bada, University of Colorado School of Medicine" id="PR_reasoned_2017_04_17_Instance_121353" type="identity">
      <class id="PR_EXT:000005591" label="battenin"/>
      <span end="9698" id="15588329-10183" start="9694">Cln3</span>
    </annotation>
    <annotation annotator="Mike Bada, University of Colorado School of Medicine" id="PR_reasoned_2017_04_17_Instance_17221" type="identity">
      <class id="PR_EXT:000022190" label="ATP synthase subunit c"/>
      <span end="9723" id="15588329-10626" start="9714">subunit c</span>
    </annotation>
    <annotation annotator="Mike Bada, University of Colorado School of Medicine" id="PR_reasoned_2017_04_17_Instance_17223" type="identity">
      <class id="PR_EXT:000022190" label="ATP synthase subunit c"/>
      <span end="9897" id="15588329-10628" start="9888">subunit c</span>
    </annotation>
    <annotation annotator="Mike Bada, University of Colorado School of Medicine" id="PR_reasoned_2017_04_17_Instance_121355" type="identity">
      <class id="PR_EXT:000005591" label="battenin"/>
      <span end="10062" id="15588329-10185" start="10058">Cln3</span>
    </annotation>
    <annotation annotator="Mike Bada, University of Colorado School of Medicine" id="PR_reasoned_2017_04_17_Instance_17225" type="identity">
      <class id="PR_EXT:000022190" label="ATP synthase subunit c"/>
      <span end="10455" id="15588329-10630" start="10446">Subunit c</span>
    </annotation>
    <annotation annotator="Mike Bada, University of Colorado School of Medicine" id="PR_reasoned_2017_04_17_Instance_121357" type="identity">
      <class id="PR_EXT:000005591" label="battenin"/>
      <span end="10489" id="15588329-10187" start="10485">Cln3</span>
    </annotation>
    <annotation annotator="Mike Bada, University of Colorado School of Medicine" id="PR_reasoned_2017_04_17_Instance_17227" type="identity">
      <class id="PR_EXT:000022190" label="ATP synthase subunit c"/>
      <span end="10535" id="15588329-10632" start="10526">Subunit c</span>
    </annotation>
    <annotation annotator="Mike Bada, University of Colorado School of Medicine" id="PR_reasoned_2017_04_17_Instance_121359" type="identity">
      <class id="PR_EXT:000005591" label="battenin"/>
      <span end="10628" id="15588329-10189" start="10624">Cln3</span>
    </annotation>
    <annotation annotator="Mike Bada, University of Colorado School of Medicine" id="PR_reasoned_2017_04_17_Instance_121361" type="identity">
      <class id="PR_EXT:000005591" label="battenin"/>
      <span end="10677" id="15588329-10191" start="10673">Cln3</span>
    </annotation>
    <annotation annotator="Mike Bada, University of Colorado School of Medicine" id="PR_reasoned_2017_04_17_Instance_17229" type="identity">
      <class id="PR_EXT:000022190" label="ATP synthase subunit c"/>
      <span end="10709" id="15588329-10634" start="10700">subunit c</span>
    </annotation>
    <annotation annotator="Mike Bada, University of Colorado School of Medicine" id="PR_reasoned_2017_04_17_Instance_121363" type="identity">
      <class id="PR_EXT:000005591" label="battenin"/>
      <span end="10762" id="15588329-10193" start="10758">Cln3</span>
    </annotation>
    <annotation annotator="Mike Bada, University of Colorado School of Medicine" id="PR_reasoned_2017_04_17_Instance_17231" type="identity">
      <class id="PR_EXT:000022190" label="ATP synthase subunit c"/>
      <span end="10810" id="15588329-10636" start="10801">subunit c</span>
    </annotation>
    <annotation annotator="Mike Bada, University of Colorado School of Medicine" id="PR_reasoned_2017_04_17_Instance_17233" type="identity">
      <class id="PR_EXT:000022190" label="ATP synthase subunit c"/>
      <span end="10935" id="15588329-10638" start="10926">subunit c</span>
    </annotation>
    <annotation annotator="Mike Bada, University of Colorado School of Medicine" id="PR_reasoned_2017_04_17_Instance_17235" type="identity">
      <class id="PR_EXT:000022190" label="ATP synthase subunit c"/>
      <span end="11021" id="15588329-10640" start="11012">subunit c</span>
    </annotation>
    <annotation annotator="Mike Bada, University of Colorado School of Medicine" id="PR_reasoned_2017_04_17_Instance_111460" type="identity">
      <class id="CHEBI_PR_EXT:protein" label="protein"/>
      <span end="11029" id="15588329-10063" start="11022">protein</span>
    </annotation>
    <annotation annotator="Mike Bada, University of Colorado School of Medicine" id="PR_reasoned_2017_04_17_Instance_111462" type="identity">
      <class id="CHEBI_PR_EXT:protein" label="protein"/>
      <span end="11102" id="15588329-10065" start="11095">protein</span>
    </annotation>
    <annotation annotator="Mike Bada, University of Colorado School of Medicine" id="PR_reasoned_2017_04_17_Instance_17237" type="identity">
      <class id="PR_EXT:000022190" label="ATP synthase subunit c"/>
      <span end="11244" id="15588329-10642" start="11235">subunit c</span>
    </annotation>
    <annotation annotator="Mike Bada, University of Colorado School of Medicine" id="PR_reasoned_2017_04_17_Instance_111464" type="identity">
      <class id="CHEBI_PR_EXT:protein" label="protein"/>
      <span end="11252" id="15588329-10067" start="11245">protein</span>
    </annotation>
    <annotation annotator="Mike Bada, University of Colorado School of Medicine" id="PR_reasoned_2017_04_17_Instance_20399" type="identity">
      <class id="PR_EXT:000022190" label="ATP synthase subunit c"/>
      <span end="11261" id="15588329-10686" start="11256">sub c</span>
    </annotation>
    <annotation annotator="Mike Bada, University of Colorado School of Medicine" id="PR_reasoned_2017_04_17_Instance_121365" type="identity">
      <class id="PR_EXT:000005591" label="battenin"/>
      <span end="11311" id="15588329-10195" start="11307">Cln3</span>
    </annotation>
    <annotation annotator="Mike Bada, University of Colorado School of Medicine" id="PR_reasoned_2017_04_17_Instance_17239" type="identity">
      <class id="PR_EXT:000022190" label="ATP synthase subunit c"/>
      <span end="11372" id="15588329-10644" start="11363">subunit c</span>
    </annotation>
    <annotation annotator="Mike Bada, University of Colorado School of Medicine" id="PR_reasoned_2017_04_17_Instance_111466" type="identity">
      <class id="CHEBI_PR_EXT:protein" label="protein"/>
      <span end="11380" id="15588329-10069" start="11373">protein</span>
    </annotation>
    <annotation annotator="Mike Bada, University of Colorado School of Medicine" id="PR_reasoned_2017_04_17_Instance_111468" type="identity">
      <class id="CHEBI_PR_EXT:protein" label="protein"/>
      <span end="11434" id="15588329-10071" start="11427">Protein</span>
    </annotation>
    <annotation annotator="Mike Bada, University of Colorado School of Medicine" id="PR_reasoned_2017_04_17_Instance_15821" type="identity">
      <class id="PR_EXT:000005776" label="cytochrome c oxidase subunit 4 isoform 1, mitochondrial"/>
      <span end="11492" id="15588329-10469" start="11461">cytochrome c oxidase subunit IV</span>
    </annotation>
    <annotation annotator="Mike Bada, University of Colorado School of Medicine" id="PR_reasoned_2017_04_17_Instance_15819" type="identity">
      <class id="PR_EXT:000005776" label="cytochrome c oxidase subunit 4 isoform 1, mitochondrial"/>
      <span end="11500" id="15588329-10467" start="11496">cox4</span>
    </annotation>
    <annotation annotator="Mike Bada, University of Colorado School of Medicine" id="PR_reasoned_2017_04_17_Instance_121367" type="identity">
      <class id="PR_EXT:000005591" label="battenin"/>
      <span end="11575" id="15588329-10197" start="11571">Cln3</span>
    </annotation>
    <annotation annotator="Mike Bada, University of Colorado School of Medicine" id="PR_reasoned_2017_04_17_Instance_121369" type="identity">
      <class id="PR_EXT:000005591" label="battenin"/>
      <span end="11933" id="15588329-10199" start="11929">Cln3</span>
    </annotation>
    <annotation annotator="Mike Bada, University of Colorado School of Medicine" id="PR_reasoned_2017_04_17_Instance_121371" type="identity">
      <class id="PR_EXT:000005591" label="battenin"/>
      <span end="11954" id="15588329-10201" start="11950">Cln3</span>
    </annotation>
    <annotation annotator="Mike Bada, University of Colorado School of Medicine" id="PR_reasoned_2017_04_17_Instance_15823" type="identity">
      <class id="PR_EXT:000006025" label="cathepsin D"/>
      <span end="11994" id="15588329-10471" start="11983">cathepsin D</span>
    </annotation>
    <annotation annotator="Mike Bada, University of Colorado School of Medicine" id="PR_reasoned_2017_04_17_Instance_17241" type="identity">
      <class id="PR_EXT:000022190" label="ATP synthase subunit c"/>
      <span end="12051" id="15588329-10646" start="12042">subunit c</span>
    </annotation>
    <annotation annotator="Mike Bada, University of Colorado School of Medicine" id="PR_reasoned_2017_04_17_Instance_15825" type="identity">
      <class id="PR_EXT:000006025" label="cathepsin D"/>
      <span end="12105" id="15588329-10473" start="12094">cathepsin D</span>
    </annotation>
    <annotation annotator="Mike Bada, University of Colorado School of Medicine" id="PR_reasoned_2017_04_17_Instance_17243" type="identity">
      <class id="PR_EXT:000022190" label="ATP synthase subunit c"/>
      <span end="12165" id="15588329-10648" start="12143">ATP synthase subunit c</span>
    </annotation>
    <annotation annotator="Mike Bada, University of Colorado School of Medicine" id="PR_reasoned_2017_04_17_Instance_15827" type="identity">
      <class id="PR_EXT:000006025" label="cathepsin D"/>
      <span end="12227" id="15588329-10475" start="12216">cathepsin D</span>
    </annotation>
    <annotation annotator="Mike Bada, University of Colorado School of Medicine" id="PR_reasoned_2017_04_17_Instance_121373" type="identity">
      <class id="PR_EXT:000005591" label="battenin"/>
      <span end="12273" id="15588329-10203" start="12269">Cln3</span>
    </annotation>
    <annotation annotator="Mike Bada, University of Colorado School of Medicine" id="PR_reasoned_2017_04_17_Instance_121375" type="identity">
      <class id="PR_EXT:000005591" label="battenin"/>
      <span end="12294" id="15588329-10205" start="12290">Cln3</span>
    </annotation>
    <annotation annotator="Mike Bada, University of Colorado School of Medicine" id="PR_reasoned_2017_04_17_Instance_15829" type="identity">
      <class id="PR_EXT:000006025" label="cathepsin D"/>
      <span end="12328" id="15588329-10477" start="12317">cathepsin D</span>
    </annotation>
    <annotation annotator="Mike Bada, University of Colorado School of Medicine" id="PR_reasoned_2017_04_17_Instance_121377" type="identity">
      <class id="PR_EXT:000006025" label="cathepsin D"/>
      <span end="12391" id="15588329-10207" start="12380">cathepsin D</span>
    </annotation>
    <annotation annotator="Mike Bada, University of Colorado School of Medicine" id="PR_reasoned_2017_04_17_Instance_121379" type="identity">
      <class id="PR_EXT:000005591" label="battenin"/>
      <span end="12451" id="15588329-10209" start="12447">Cln3</span>
    </annotation>
    <annotation annotator="Mike Bada, University of Colorado School of Medicine" id="PR_reasoned_2017_04_17_Instance_15831" type="identity">
      <class id="PR_EXT:000006025" label="cathepsin D"/>
      <span end="12521" id="15588329-10479" start="12510">cathepsin D</span>
    </annotation>
    <annotation annotator="Mike Bada, University of Colorado School of Medicine" id="PR_reasoned_2017_04_17_Instance_121381" type="identity">
      <class id="PR_EXT:000005591" label="battenin"/>
      <span end="12680" id="15588329-10211" start="12676">Cln3</span>
    </annotation>
    <annotation annotator="Mike Bada, University of Colorado School of Medicine" id="PR_reasoned_2017_04_17_Instance_15833" type="identity">
      <class id="PR_EXT:000006025" label="cathepsin D"/>
      <span end="12705" id="15588329-10481" start="12694">cathepsin D</span>
    </annotation>
    <annotation annotator="Mike Bada, University of Colorado School of Medicine" id="PR_reasoned_2017_04_17_Instance_121383" type="identity">
      <class id="PR_EXT:000005591" label="battenin"/>
      <span end="12826" id="15588329-10213" start="12822">Cln3</span>
    </annotation>
    <annotation annotator="Mike Bada, University of Colorado School of Medicine" id="PR_reasoned_2017_04_17_Instance_121385" type="identity">
      <class id="PR_EXT:000005591" label="battenin"/>
      <span end="12846" id="15588329-10215" start="12842">Cln3</span>
    </annotation>
    <annotation annotator="Mike Bada, University of Colorado School of Medicine" id="PR_reasoned_2017_04_17_Instance_15835" type="identity">
      <class id="PR_EXT:000006025" label="cathepsin D"/>
      <span end="12919" id="15588329-10483" start="12908">cathepsin D</span>
    </annotation>
    <annotation annotator="Mike Bada, University of Colorado School of Medicine" id="PR_reasoned_2017_04_17_Instance_15837" type="identity">
      <class id="PR_EXT:000006025" label="cathepsin D"/>
      <span end="12951" id="15588329-10485" start="12940">Cathepsin D</span>
    </annotation>
    <annotation annotator="Mike Bada, University of Colorado School of Medicine" id="PR_reasoned_2017_04_17_Instance_121387" type="identity">
      <class id="PR_EXT:000005591" label="battenin"/>
      <span end="13194" id="15588329-10217" start="13190">Cln3</span>
    </annotation>
    <annotation annotator="Mike Bada, University of Colorado School of Medicine" id="PR_reasoned_2017_04_17_Instance_121389" type="identity">
      <class id="PR_EXT:000005591" label="battenin"/>
      <span end="13214" id="15588329-10219" start="13210">Cln3</span>
    </annotation>
    <annotation annotator="Mike Bada, University of Colorado School of Medicine" id="PR_reasoned_2017_04_17_Instance_15839" type="identity">
      <class id="PR_EXT:000006025" label="cathepsin D"/>
      <span end="13429" id="15588329-10487" start="13418">cathepsin D</span>
    </annotation>
    <annotation annotator="Mike Bada, University of Colorado School of Medicine" id="PR_reasoned_2017_04_17_Instance_121391" type="identity">
      <class id="PR_EXT:000005591" label="battenin"/>
      <span end="13494" id="15588329-10221" start="13490">Cln3</span>
    </annotation>
    <annotation annotator="Mike Bada, University of Colorado School of Medicine" id="PR_reasoned_2017_04_17_Instance_121393" type="identity">
      <class id="PR_EXT:000005591" label="battenin"/>
      <span end="13516" id="15588329-10223" start="13512">Cln3</span>
    </annotation>
    <annotation annotator="Mike Bada, University of Colorado School of Medicine" id="PR_reasoned_2017_04_17_Instance_15841" type="identity">
      <class id="PR_EXT:000006025" label="cathepsin D"/>
      <span end="13654" id="15588329-10489" start="13643">Cathepsin D</span>
    </annotation>
    <annotation annotator="Mike Bada, University of Colorado School of Medicine" id="PR_reasoned_2017_04_17_Instance_121395" type="identity">
      <class id="PR_EXT:000005591" label="battenin"/>
      <span end="13717" id="15588329-10225" start="13713">Cln3</span>
    </annotation>
    <annotation annotator="Mike Bada, University of Colorado School of Medicine" id="PR_reasoned_2017_04_17_Instance_121397" type="identity">
      <class id="PR_EXT:000005591" label="battenin"/>
      <span end="13782" id="15588329-10227" start="13778">Cln3</span>
    </annotation>
    <annotation annotator="Mike Bada, University of Colorado School of Medicine" id="PR_reasoned_2017_04_17_Instance_15843" type="identity">
      <class id="PR_EXT:000006025" label="cathepsin D"/>
      <span end="13826" id="15588329-10491" start="13815">cathepsin D</span>
    </annotation>
    <annotation annotator="Mike Bada, University of Colorado School of Medicine" id="PR_reasoned_2017_04_17_Instance_121399" type="identity">
      <class id="PR_EXT:000006025" label="cathepsin D"/>
      <span end="13895" id="15588329-10229" start="13884">cathepsin D</span>
    </annotation>
    <annotation annotator="Mike Bada, University of Colorado School of Medicine" id="PR_reasoned_2017_04_17_Instance_111470" type="identity">
      <class id="CHEBI_PR_EXT:protein" label="protein"/>
      <span end="13903" id="15588329-10073" start="13896">protein</span>
    </annotation>
    <annotation annotator="Mike Bada, University of Colorado School of Medicine" id="PR_reasoned_2017_04_17_Instance_121401" type="identity">
      <class id="PR_EXT:000005591" label="battenin"/>
      <span end="13920" id="15588329-10231" start="13916">Cln3</span>
    </annotation>
    <annotation annotator="Mike Bada, University of Colorado School of Medicine" id="PR_reasoned_2017_04_17_Instance_15845" type="identity">
      <class id="PR_EXT:000006025" label="cathepsin D"/>
      <span end="14011" id="15588329-10493" start="14000">Cathepsin D</span>
    </annotation>
    <annotation annotator="Mike Bada, University of Colorado School of Medicine" id="PR_reasoned_2017_04_17_Instance_121403" type="identity">
      <class id="PR_EXT:000005591" label="battenin"/>
      <span end="14039" id="15588329-10233" start="14035">Cln3</span>
    </annotation>
    <annotation annotator="Mike Bada, University of Colorado School of Medicine" id="PR_reasoned_2017_04_17_Instance_121405" type="identity">
      <class id="PR_EXT:000005591" label="battenin"/>
      <span end="14161" id="15588329-10235" start="14157">Cln3</span>
    </annotation>
    <annotation annotator="Mike Bada, University of Colorado School of Medicine" id="PR_reasoned_2017_04_17_Instance_15847" type="identity">
      <class id="PR_EXT:000006025" label="cathepsin D"/>
      <span end="14208" id="15588329-10495" start="14197">Cathepsin D</span>
    </annotation>
    <annotation annotator="Mike Bada, University of Colorado School of Medicine" id="PR_reasoned_2017_04_17_Instance_121407" type="identity">
      <class id="PR_EXT:000005591" label="battenin"/>
      <span end="14269" id="15588329-10237" start="14265">Cln3</span>
    </annotation>
    <annotation annotator="Mike Bada, University of Colorado School of Medicine" id="PR_reasoned_2017_04_17_Instance_121409" type="identity">
      <class id="PR_EXT:000005591" label="battenin"/>
      <span end="14301" id="15588329-10239" start="14297">Cln3</span>
    </annotation>
    <annotation annotator="Mike Bada, University of Colorado School of Medicine" id="PR_reasoned_2017_04_17_Instance_15849" type="identity">
      <class id="PR_EXT:000006025" label="cathepsin D"/>
      <span end="14360" id="15588329-10497" start="14349">cathepsin D</span>
    </annotation>
    <annotation annotator="Mike Bada, University of Colorado School of Medicine" id="PR_reasoned_2017_04_17_Instance_121411" type="identity">
      <class id="PR_EXT:000005591" label="battenin"/>
      <span end="14577" id="15588329-10241" start="14573">Cln3</span>
    </annotation>
    <annotation annotator="Mike Bada, University of Colorado School of Medicine" id="PR_reasoned_2017_04_17_Instance_121413" type="identity">
      <class id="PR_EXT:000005591" label="battenin"/>
      <span end="14594" id="15588329-10243" start="14590">Cln3</span>
    </annotation>
    <annotation annotator="Mike Bada, University of Colorado School of Medicine" id="PR_reasoned_2017_04_17_Instance_15851" type="identity">
      <class id="PR_EXT:000006025" label="cathepsin D"/>
      <span end="14805" id="15588329-10499" start="14794">cathepsin D</span>
    </annotation>
    <annotation annotator="Mike Bada, University of Colorado School of Medicine" id="PR_reasoned_2017_04_17_Instance_17245" type="identity">
      <class id="PR_EXT:000022190" label="ATP synthase subunit c"/>
      <span end="14932" id="15588329-10650" start="14923">subunit c</span>
    </annotation>
    <annotation annotator="Mike Bada, University of Colorado School of Medicine" id="PR_reasoned_2017_04_17_Instance_15853" type="identity">
      <class id="PR_EXT:000006025" label="cathepsin D"/>
      <span end="14987" id="15588329-10501" start="14976">cathepsin D</span>
    </annotation>
    <annotation annotator="Mike Bada, University of Colorado School of Medicine" id="PR_reasoned_2017_04_17_Instance_121415" type="identity">
      <class id="PR_EXT:000005591" label="battenin"/>
      <span end="15074" id="15588329-10245" start="15070">Cln3</span>
    </annotation>
    <annotation annotator="Mike Bada, University of Colorado School of Medicine" id="PR_reasoned_2017_04_17_Instance_111472" type="identity">
      <class id="CHEBI_PR_EXT:protein" label="protein"/>
      <span end="15117" id="15588329-10075" start="15110">protein</span>
    </annotation>
    <annotation annotator="Mike Bada, University of Colorado School of Medicine" id="PR_reasoned_2017_04_17_Instance_111474" type="identity">
      <class id="CHEBI_PR_EXT:protein" label="protein"/>
      <span end="15173" id="15588329-10077" start="15166">protein</span>
    </annotation>
    <annotation annotator="Mike Bada, University of Colorado School of Medicine" id="PR_reasoned_2017_04_17_Instance_15855" type="identity">
      <class id="PR_EXT:000006025" label="cathepsin D"/>
      <span end="15288" id="15588329-10503" start="15277">cathepsin D</span>
    </annotation>
    <annotation annotator="Mike Bada, University of Colorado School of Medicine" id="PR_reasoned_2017_04_17_Instance_121417" type="identity">
      <class id="PR_EXT:000005591" label="battenin"/>
      <span end="15348" id="15588329-10247" start="15344">Cln3</span>
    </annotation>
    <annotation annotator="Mike Bada, University of Colorado School of Medicine" id="PR_reasoned_2017_04_17_Instance_121419" type="identity">
      <class id="PR_EXT:000005591" label="battenin"/>
      <span end="15457" id="15588329-10249" start="15453">Cln3</span>
    </annotation>
    <annotation annotator="Mike Bada, University of Colorado School of Medicine" id="PR_reasoned_2017_04_17_Instance_15861" type="identity">
      <class id="PR_EXT:000006025" label="cathepsin D"/>
      <span end="15557" id="15588329-10505" start="15546">cathepsin D</span>
    </annotation>
    <annotation annotator="Mike Bada, University of Colorado School of Medicine" id="PR_reasoned_2017_04_17_Instance_121421" type="identity">
      <class id="PR_EXT:000005591" label="battenin"/>
      <span end="15621" id="15588329-10251" start="15617">Cln3</span>
    </annotation>
    <annotation annotator="Mike Bada, University of Colorado School of Medicine" id="PR_reasoned_2017_04_17_backup_Instance_1926" type="identity">
      <class id="GO_PR_EXT:protein_disulfide_isomerase" label="protein disulfide isomerase"/>
      <span end="15927" id="15588329-10049" start="15900">protein disulfide isomerase</span>
    </annotation>
    <annotation annotator="Mike Bada, University of Colorado School of Medicine" id="PR_reasoned_2017_04_17_backup_Instance_1928" type="identity">
      <class id="GO_PR_EXT:protein_disulfide_isomerase" label="protein disulfide isomerase"/>
      <span end="15932" id="15588329-10051" start="15929">PDI</span>
    </annotation>
    <annotation annotator="Mike Bada, University of Colorado School of Medicine" id="PR_reasoned_2017_04_17_Instance_15867" type="identity">
      <class id="PR_EXT:000008131" label="golgin subfamily A member 2"/>
      <span end="15940" id="15588329-10507" start="15935">GM130</span>
    </annotation>
    <annotation annotator="Mike Bada, University of Colorado School of Medicine" id="PR_reasoned_2017_04_17_Instance_15869" type="identity">
      <class id="PR_EXT:000002061" label="lysosome-associated membrane glycoprotein 2"/>
      <span end="16026" id="15588329-10509" start="16020">Lamp 2</span>
    </annotation>
    <annotation annotator="Mike Bada, University of Colorado School of Medicine" id="PR_reasoned_2017_04_17_Instance_121423" type="identity">
      <class id="PR_EXT:000005591" label="battenin"/>
      <span end="16080" id="15588329-10253" start="16076">Cln3</span>
    </annotation>
    <annotation annotator="Mike Bada, University of Colorado School of Medicine" id="PR_reasoned_2017_04_17_Instance_121425" type="identity">
      <class id="PR_EXT:000005591" label="battenin"/>
      <span end="16252" id="15588329-10255" start="16248">Cln3</span>
    </annotation>
    <annotation annotator="Mike Bada, University of Colorado School of Medicine" id="PR_reasoned_2017_04_17_Instance_15871" type="identity">
      <class id="PR_EXT:000002060" label="lysosome-associated membrane glycoprotein 1"/>
      <span end="16388" id="15588329-10511" start="16382">Lamp 1</span>
    </annotation>
    <annotation annotator="Mike Bada, University of Colorado School of Medicine" id="PR_reasoned_2017_04_17_Instance_15873" type="identity">
      <class id="PR_EXT:000002060" label="lysosome-associated membrane glycoprotein 1"/>
      <span end="16465" id="15588329-10513" start="16459">Lamp 1</span>
    </annotation>
    <annotation annotator="Mike Bada, University of Colorado School of Medicine" id="PR_reasoned_2017_04_17_Instance_15875" type="identity">
      <class id="PR_EXT:000002061" label="lysosome-associated membrane glycoprotein 2"/>
      <span end="16476" id="15588329-10515" start="16470">Lamp 2</span>
    </annotation>
    <annotation annotator="Mike Bada, University of Colorado School of Medicine" id="PR_reasoned_2017_04_17_Instance_111476" type="identity">
      <class id="CHEBI_PR_EXT:protein" label="protein"/>
      <span end="16490" id="15588329-10079" start="16483">protein</span>
    </annotation>
    <annotation annotator="Mike Bada, University of Colorado School of Medicine" id="PR_reasoned_2017_04_17_Instance_121427" type="identity">
      <class id="PR_EXT:000005591" label="battenin"/>
      <span end="16545" id="15588329-10257" start="16541">Cln3</span>
    </annotation>
    <annotation annotator="Mike Bada, University of Colorado School of Medicine" id="PR_reasoned_2017_04_17_Instance_15877" type="identity">
      <class id="PR_EXT:000002061" label="lysosome-associated membrane glycoprotein 2"/>
      <span end="16994" id="15588329-10517" start="16988">Lamp 2</span>
    </annotation>
    <annotation annotator="Mike Bada, University of Colorado School of Medicine" id="PR_reasoned_2017_04_17_Instance_121429" type="identity">
      <class id="PR_EXT:000005591" label="battenin"/>
      <span end="17038" id="15588329-10259" start="17034">Cln3</span>
    </annotation>
    <annotation annotator="Mike Bada, University of Colorado School of Medicine" id="PR_reasoned_2017_04_17_Instance_121431" type="identity">
      <class id="PR_EXT:000005591" label="battenin"/>
      <span end="17108" id="15588329-10261" start="17104">Cln3</span>
    </annotation>
    <annotation annotator="Mike Bada, University of Colorado School of Medicine" id="PR_reasoned_2017_04_17_Instance_15879" type="identity">
      <class id="PR_EXT:000002061" label="lysosome-associated membrane glycoprotein 2"/>
      <span end="17158" id="15588329-10519" start="17152">Lamp 2</span>
    </annotation>
    <annotation annotator="Mike Bada, University of Colorado School of Medicine" id="PR_reasoned_2017_04_17_Instance_121433" type="identity">
      <class id="PR_EXT:000005591" label="battenin"/>
      <span end="17321" id="15588329-10263" start="17317">Cln3</span>
    </annotation>
    <annotation annotator="Mike Bada, University of Colorado School of Medicine" id="PR_reasoned_2017_04_17_Instance_121435" type="identity">
      <class id="PR_EXT:000005591" label="battenin"/>
      <span end="17404" id="15588329-10265" start="17400">Cln3</span>
    </annotation>
    <annotation annotator="Mike Bada, University of Colorado School of Medicine" id="PR_reasoned_2017_04_17_Instance_15881" type="identity">
      <class id="PR_EXT:000002061" label="lysosome-associated membrane glycoprotein 2"/>
      <span end="17498" id="15588329-10521" start="17492">Lamp 2</span>
    </annotation>
    <annotation annotator="Mike Bada, University of Colorado School of Medicine" id="PR_reasoned_2017_04_17_Instance_121437" type="identity">
      <class id="PR_EXT:000005591" label="battenin"/>
      <span end="17620" id="15588329-10267" start="17616">Cln3</span>
    </annotation>
    <annotation annotator="Mike Bada, University of Colorado School of Medicine" id="PR_reasoned_2017_04_17_Instance_121439" type="identity">
      <class id="PR_EXT:000005591" label="battenin"/>
      <span end="17753" id="15588329-10269" start="17749">Cln3</span>
    </annotation>
    <annotation annotator="Mike Bada, University of Colorado School of Medicine" id="PR_reasoned_2017_04_17_Instance_15883" type="identity">
      <class id="PR_EXT:000006901" label="early endosome antigen 1"/>
      <span end="17900" id="15588329-10523" start="17896">EEA1</span>
    </annotation>
    <annotation annotator="Mike Bada, University of Colorado School of Medicine" id="PR_reasoned_2017_04_17_Instance_121441" type="identity">
      <class id="PR_EXT:000005591" label="battenin"/>
      <span end="18007" id="15588329-10271" start="18003">Cln3</span>
    </annotation>
    <annotation annotator="Mike Bada, University of Colorado School of Medicine" id="PR_reasoned_2017_04_17_Instance_121443" type="identity">
      <class id="PR_EXT:000005591" label="battenin"/>
      <span end="18292" id="15588329-10273" start="18288">Cln3</span>
    </annotation>
    <annotation annotator="Mike Bada, University of Colorado School of Medicine" id="PR_reasoned_2017_04_17_Instance_121445" type="identity">
      <class id="PR_EXT:000005591" label="battenin"/>
      <span end="18512" id="15588329-10275" start="18508">Cln3</span>
    </annotation>
    <annotation annotator="Mike Bada, University of Colorado School of Medicine" id="PR_reasoned_2017_04_17_Instance_121447" type="identity">
      <class id="PR_EXT:000005591" label="battenin"/>
      <span end="18593" id="15588329-10277" start="18589">Cln3</span>
    </annotation>
    <annotation annotator="Mike Bada, University of Colorado School of Medicine" id="PR_reasoned_2017_04_17_Instance_121449" type="identity">
      <class id="PR_EXT:000005591" label="battenin"/>
      <span end="18646" id="15588329-10279" start="18642">Cln3</span>
    </annotation>
    <annotation annotator="Mike Bada, University of Colorado School of Medicine" id="PR_reasoned_2017_04_17_Instance_121451" type="identity">
      <class id="PR_EXT:000005591" label="battenin"/>
      <span end="18687" id="15588329-10281" start="18683">Cln3</span>
    </annotation>
    <annotation annotator="Mike Bada, University of Colorado School of Medicine" id="PR_reasoned_2017_04_17_Instance_121453" type="identity">
      <class id="PR_EXT:000005591" label="battenin"/>
      <span end="18918" id="15588329-10283" start="18914">Cln3</span>
    </annotation>
    <annotation annotator="Mike Bada, University of Colorado School of Medicine" id="PR_reasoned_2017_04_17_Instance_17247" type="identity">
      <class id="PR_EXT:000022190" label="ATP synthase subunit c"/>
      <span end="19156" id="15588329-10652" start="19147">subunit c</span>
    </annotation>
    <annotation annotator="Mike Bada, University of Colorado School of Medicine" id="PR_reasoned_2017_04_17_Instance_111478" type="identity">
      <class id="CHEBI_PR_EXT:protein" label="protein"/>
      <span end="19183" id="15588329-10081" start="19176">protein</span>
    </annotation>
    <annotation annotator="Mike Bada, University of Colorado School of Medicine" id="PR_reasoned_2017_04_17_Instance_121455" type="identity">
      <class id="PR_EXT:000005591" label="battenin"/>
      <span end="19291" id="15588329-10285" start="19287">Cln3</span>
    </annotation>
    <annotation annotator="Mike Bada, University of Colorado School of Medicine" id="PR_reasoned_2017_04_17_Instance_121457" type="identity">
      <class id="PR_EXT:000005591" label="battenin"/>
      <span end="19389" id="15588329-10287" start="19385">Cln3</span>
    </annotation>
    <annotation annotator="Mike Bada, University of Colorado School of Medicine" id="PR_reasoned_2017_04_17_Instance_121459" type="identity">
      <class id="PR_EXT:000005591" label="battenin"/>
      <span end="19489" id="15588329-10289" start="19485">Cln3</span>
    </annotation>
    <annotation annotator="Mike Bada, University of Colorado School of Medicine" id="PR_reasoned_2017_04_17_Instance_15885" type="identity">
      <class id="PR_EXT:000008813" label="stress-70 protein, mitochondrial"/>
      <span end="19541" id="15588329-10525" start="19536">grp75</span>
    </annotation>
    <annotation annotator="Mike Bada, University of Colorado School of Medicine" id="PR_reasoned_2017_04_17_Instance_121461" type="identity">
      <class id="PR_EXT:000005591" label="battenin"/>
      <span end="19842" id="15588329-10291" start="19838">Cln3</span>
    </annotation>
    <annotation annotator="Mike Bada, University of Colorado School of Medicine" id="PR_reasoned_2017_04_17_Instance_121463" type="identity">
      <class id="PR_EXT:000005591" label="battenin"/>
      <span end="19945" id="15588329-10293" start="19941">Cln3</span>
    </annotation>
    <annotation annotator="Mike Bada, University of Colorado School of Medicine" id="PR_reasoned_2017_04_17_Instance_121465" type="identity">
      <class id="PR_EXT:000005591" label="battenin"/>
      <span end="20293" id="15588329-10295" start="20289">Cln3</span>
    </annotation>
    <annotation annotator="Mike Bada, University of Colorado School of Medicine" id="PR_reasoned_2017_04_17_Instance_121467" type="identity">
      <class id="PR_EXT:000005591" label="battenin"/>
      <span end="20404" id="15588329-10297" start="20400">Cln3</span>
    </annotation>
    <annotation annotator="Mike Bada, University of Colorado School of Medicine" id="PR_reasoned_2017_04_17_Instance_121469" type="identity">
      <class id="PR_EXT:000005591" label="battenin"/>
      <span end="20483" id="15588329-10299" start="20479">Cln3</span>
    </annotation>
    <annotation annotator="Mike Bada, University of Colorado School of Medicine" id="PR_reasoned_2017_04_17_Instance_15887" type="identity">
      <class id="PR_EXT:000008813" label="stress-70 protein, mitochondrial"/>
      <span end="20592" id="15588329-10527" start="20587">grp75</span>
    </annotation>
    <annotation annotator="Mike Bada, University of Colorado School of Medicine" id="PR_reasoned_2017_04_17_Instance_121471" type="identity">
      <class id="PR_EXT:000005591" label="battenin"/>
      <span end="20675" id="15588329-10301" start="20671">Cln3</span>
    </annotation>
    <annotation annotator="Mike Bada, University of Colorado School of Medicine" id="PR_reasoned_2017_04_17_Instance_121473" type="identity">
      <class id="PR_EXT:000005591" label="battenin"/>
      <span end="20733" id="15588329-10303" start="20729">Cln3</span>
    </annotation>
    <annotation annotator="Mike Bada, University of Colorado School of Medicine" id="PR_reasoned_2017_04_17_Instance_121475" type="identity">
      <class id="PR_EXT:000005591" label="battenin"/>
      <span end="20860" id="15588329-10305" start="20856">Cln3</span>
    </annotation>
    <annotation annotator="Mike Bada, University of Colorado School of Medicine" id="PR_reasoned_2017_04_17_Instance_121477" type="identity">
      <class id="PR_EXT:000005591" label="battenin"/>
      <span end="21007" id="15588329-10307" start="21003">Cln3</span>
    </annotation>
    <annotation annotator="Mike Bada, University of Colorado School of Medicine" id="PR_reasoned_2017_04_17_Instance_121479" type="identity">
      <class id="PR_EXT:000005591" label="battenin"/>
      <span end="21096" id="15588329-10309" start="21092">Cln3</span>
    </annotation>
    <annotation annotator="Mike Bada, University of Colorado School of Medicine" id="PR_reasoned_2017_04_17_Instance_121481" type="identity">
      <class id="PR_EXT:000005591" label="battenin"/>
      <span end="21154" id="15588329-10311" start="21150">Cln3</span>
    </annotation>
    <annotation annotator="Mike Bada, University of Colorado School of Medicine" id="PR_reasoned_2017_04_17_Instance_121483" type="identity">
      <class id="PR_EXT:000005591" label="battenin"/>
      <span end="21326" id="15588329-10313" start="21322">Cln3</span>
    </annotation>
    <annotation annotator="Mike Bada, University of Colorado School of Medicine" id="PR_reasoned_2017_04_17_Instance_121485" type="identity">
      <class id="PR_EXT:000005591" label="battenin"/>
      <span end="21583" id="15588329-10315" start="21579">Cln3</span>
    </annotation>
    <annotation annotator="Mike Bada, University of Colorado School of Medicine" id="PR_reasoned_2017_04_17_Instance_121487" type="identity">
      <class id="PR_EXT:000005591" label="battenin"/>
      <span end="21729" id="15588329-10317" start="21725">Cln3</span>
    </annotation>
    <annotation annotator="Mike Bada, University of Colorado School of Medicine" id="PR_reasoned_2017_04_17_Instance_121489" type="identity">
      <class id="PR_EXT:000005591" label="battenin"/>
      <span end="21818" id="15588329-10319" start="21814">Cln3</span>
    </annotation>
    <annotation annotator="Mike Bada, University of Colorado School of Medicine" id="PR_reasoned_2017_04_17_Instance_121491" type="identity">
      <class id="PR_EXT:000005591" label="battenin"/>
      <span end="21982" id="15588329-10321" start="21978">Cln3</span>
    </annotation>
    <annotation annotator="Mike Bada, University of Colorado School of Medicine" id="PR_reasoned_2017_04_17_Instance_121493" type="identity">
      <class id="PR_EXT:000005591" label="battenin"/>
      <span end="22112" id="15588329-10323" start="22108">Cln3</span>
    </annotation>
    <annotation annotator="Mike Bada, University of Colorado School of Medicine" id="PR_reasoned_2017_04_17_Instance_15889" type="identity">
      <class id="PR_EXT:000005591" label="battenin"/>
      <span end="22148" id="15588329-10529" start="22140">battenin</span>
    </annotation>
    <annotation annotator="Mike Bada, University of Colorado School of Medicine" id="PR_reasoned_2017_04_17_Instance_17249" type="identity">
      <class id="PR_EXT:000022190" label="ATP synthase subunit c"/>
      <span end="22197" id="15588329-10654" start="22167">mitochondrial ATPase subunit c</span>
    </annotation>
    <annotation annotator="Mike Bada, University of Colorado School of Medicine" id="PR_reasoned_2017_04_17_Instance_17251" type="identity">
      <class id="PR_EXT:000022190" label="ATP synthase subunit c"/>
      <span end="22405" id="15588329-10656" start="22396">subunit c</span>
    </annotation>
    <annotation annotator="Mike Bada, University of Colorado School of Medicine" id="PR_reasoned_2017_04_17_Instance_15891" type="identity">
      <class id="PR_EXT:000006025" label="cathepsin D"/>
      <span end="22597" id="15588329-10531" start="22586">cathepsin D</span>
    </annotation>
    <annotation annotator="Mike Bada, University of Colorado School of Medicine" id="PR_reasoned_2017_04_17_Instance_121495" type="identity">
      <class id="PR_EXT:000005591" label="battenin"/>
      <span end="22646" id="15588329-10325" start="22642">Cln3</span>
    </annotation>
    <annotation annotator="Mike Bada, University of Colorado School of Medicine" id="PR_reasoned_2017_04_17_Instance_121497" type="identity">
      <class id="PR_EXT:000005591" label="battenin"/>
      <span end="22667" id="15588329-10327" start="22663">Cln3</span>
    </annotation>
    <annotation annotator="Mike Bada, University of Colorado School of Medicine" id="PR_reasoned_2017_04_17_Instance_15893" type="identity">
      <class id="PR_EXT:000006025" label="cathepsin D"/>
      <span end="22782" id="15588329-10533" start="22771">cathepsin D</span>
    </annotation>
    <annotation annotator="Mike Bada, University of Colorado School of Medicine" id="PR_reasoned_2017_04_17_Instance_15895" type="identity">
      <class id="PR_EXT:000005591" label="battenin"/>
      <span end="22815" id="15588329-10535" start="22811">CLN3</span>
    </annotation>
    <annotation annotator="Mike Bada, University of Colorado School of Medicine" id="PR_reasoned_2017_04_17_Instance_15897" type="identity">
      <class id="PR_EXT:000006025" label="cathepsin D"/>
      <span end="22884" id="15588329-10537" start="22873">cathepsin D</span>
    </annotation>
    <annotation annotator="Mike Bada, University of Colorado School of Medicine" id="PR_reasoned_2017_04_17_Instance_15903" type="identity">
      <class id="PR_EXT:000006023" label="cathepsin B"/>
      <span end="22994" id="15588329-10543" start="22983">cathepsin B</span>
    </annotation>
    <annotation annotator="Mike Bada, University of Colorado School of Medicine" id="PR_reasoned_2017_04_17_Instance_15901" type="identity">
      <class id="PR_EXT:000016585" label="tripeptidyl-peptidase 1"/>
      <span end="23007" id="15588329-10541" start="23003">CLN2</span>
    </annotation>
    <annotation annotator="Mike Bada, University of Colorado School of Medicine" id="PR_reasoned_2017_04_17_Instance_15899" type="identity">
      <class id="PR_EXT:000016585" label="tripeptidyl-peptidase 1"/>
      <span end="23028" id="15588329-10539" start="23024">TPPI</span>
    </annotation>
    <annotation annotator="Mike Bada, University of Colorado School of Medicine" id="PR_reasoned_2017_04_17_Instance_15905" type="identity">
      <class id="PR_EXT:000006025" label="cathepsin D"/>
      <span end="23101" id="15588329-10545" start="23090">cathepsin D</span>
    </annotation>
    <annotation annotator="Mike Bada, University of Colorado School of Medicine" id="PR_reasoned_2017_04_17_Instance_111480" type="identity">
      <class id="CHEBI_PR_EXT:protein" label="protein"/>
      <span end="23109" id="15588329-10083" start="23102">protein</span>
    </annotation>
    <annotation annotator="Mike Bada, University of Colorado School of Medicine" id="PR_reasoned_2017_04_17_Instance_121499" type="identity">
      <class id="PR_EXT:000005591" label="battenin"/>
      <span end="23160" id="15588329-10329" start="23156">Cln3</span>
    </annotation>
    <annotation annotator="Mike Bada, University of Colorado School of Medicine" id="PR_reasoned_2017_04_17_Instance_15907" type="identity">
      <class id="PR_EXT:000006025" label="cathepsin D"/>
      <span end="23185" id="15588329-10547" start="23174">cathepsin D</span>
    </annotation>
    <annotation annotator="Mike Bada, University of Colorado School of Medicine" id="PR_reasoned_2017_04_17_Instance_15909" type="identity">
      <class id="PR_EXT:000006025" label="cathepsin D"/>
      <span end="23263" id="15588329-10549" start="23252">cathepsin D</span>
    </annotation>
    <annotation annotator="Mike Bada, University of Colorado School of Medicine" id="PR_reasoned_2017_04_17_Instance_17253" type="identity">
      <class id="PR_EXT:000022190" label="ATP synthase subunit c"/>
      <span end="23309" id="15588329-10658" start="23300">subunit c</span>
    </annotation>
    <annotation annotator="Mike Bada, University of Colorado School of Medicine" id="PR_reasoned_2017_04_17_Instance_121501" type="identity">
      <class id="PR_EXT:000005591" label="battenin"/>
      <span end="23359" id="15588329-10331" start="23355">Cln3</span>
    </annotation>
    <annotation annotator="Mike Bada, University of Colorado School of Medicine" id="PR_reasoned_2017_04_17_Instance_17255" type="identity">
      <class id="PR_EXT:000022190" label="ATP synthase subunit c"/>
      <span end="23444" id="15588329-10660" start="23435">subunit c</span>
    </annotation>
    <annotation annotator="Mike Bada, University of Colorado School of Medicine" id="PR_reasoned_2017_04_17_Instance_111482" type="identity">
      <class id="CHEBI_PR_EXT:protein" label="protein"/>
      <span end="23452" id="15588329-10085" start="23445">protein</span>
    </annotation>
    <annotation annotator="Mike Bada, University of Colorado School of Medicine" id="PR_reasoned_2017_04_17_Instance_17257" type="identity">
      <class id="PR_EXT:000022190" label="ATP synthase subunit c"/>
      <span end="23511" id="15588329-10662" start="23502">subunit c</span>
    </annotation>
    <annotation annotator="Mike Bada, University of Colorado School of Medicine" id="PR_reasoned_2017_04_17_Instance_121503" type="identity">
      <class id="PR_EXT:000005591" label="battenin"/>
      <span end="23545" id="15588329-10333" start="23541">Cln3</span>
    </annotation>
    <annotation annotator="Mike Bada, University of Colorado School of Medicine" id="PR_reasoned_2017_04_17_Instance_121505" type="identity">
      <class id="PR_EXT:000005591" label="battenin"/>
      <span end="23776" id="15588329-10335" start="23772">Cln3</span>
    </annotation>
    <annotation annotator="Mike Bada, University of Colorado School of Medicine" id="PR_reasoned_2017_04_17_Instance_17259" type="identity">
      <class id="PR_EXT:000022190" label="ATP synthase subunit c"/>
      <span end="23890" id="15588329-10664" start="23881">subunit c</span>
    </annotation>
    <annotation annotator="Mike Bada, University of Colorado School of Medicine" id="PR_reasoned_2017_04_17_Instance_17261" type="identity">
      <class id="PR_EXT:000022190" label="ATP synthase subunit c"/>
      <span end="24001" id="15588329-10666" start="23992">subunit c</span>
    </annotation>
    <annotation annotator="Mike Bada, University of Colorado School of Medicine" id="PR_reasoned_2017_04_17_Instance_15911" type="identity">
      <class id="PR_EXT:000005591" label="battenin"/>
      <span end="24253" id="15588329-10551" start="24245">battenin</span>
    </annotation>
    <annotation annotator="Mike Bada, University of Colorado School of Medicine" id="PR_reasoned_2017_04_17_Instance_111484" type="identity">
      <class id="CHEBI_PR_EXT:protein" label="protein"/>
      <span end="24421" id="15588329-10087" start="24413">proteins</span>
    </annotation>
    <annotation annotator="Mike Bada, University of Colorado School of Medicine" id="PR_reasoned_2017_04_17_Instance_121507" type="identity">
      <class id="PR_EXT:000005591" label="battenin"/>
      <span end="24443" id="15588329-10337" start="24439">Cln3</span>
    </annotation>
    <annotation annotator="Mike Bada, University of Colorado School of Medicine" id="PR_reasoned_2017_04_17_Instance_15913" type="identity">
      <class id="PR_EXT:000005591" label="battenin"/>
      <span end="24477" id="15588329-10553" start="24469">battenin</span>
    </annotation>
    <annotation annotator="Mike Bada, University of Colorado School of Medicine" id="PR_reasoned_2017_04_17_Instance_15915" type="identity">
      <class id="PR_EXT:000005591" label="battenin"/>
      <span end="24540" id="15588329-10555" start="24532">Battenin</span>
    </annotation>
    <annotation annotator="Mike Bada, University of Colorado School of Medicine" id="PR_reasoned_2017_04_17_Instance_121509" type="identity">
      <class id="PR_EXT:000005591" label="battenin"/>
      <span end="24576" id="15588329-10339" start="24572">Cln3</span>
    </annotation>
    <annotation annotator="Mike Bada, University of Colorado School of Medicine" id="PR_reasoned_2017_04_17_Instance_15917" type="identity">
      <class id="PR_EXT:000005591" label="battenin"/>
      <span end="24727" id="15588329-10557" start="24719">battenin</span>
    </annotation>
    <annotation annotator="Mike Bada, University of Colorado School of Medicine" id="PR_reasoned_2017_04_17_Instance_111486" type="identity">
      <class id="CHEBI_PR_EXT:protein" label="protein"/>
      <span end="24735" id="15588329-10089" start="24728">protein</span>
    </annotation>
    <annotation annotator="Mike Bada, University of Colorado School of Medicine" id="PR_reasoned_2017_04_17_Instance_111488" type="identity">
      <class id="CHEBI_PR_EXT:protein" label="protein"/>
      <span end="24803" id="15588329-10091" start="24796">protein</span>
    </annotation>
    <annotation annotator="Mike Bada, University of Colorado School of Medicine" id="PR_reasoned_2017_04_17_Instance_15919" type="identity">
      <class id="PR_EXT:000005591" label="battenin"/>
      <span end="24827" id="15588329-10559" start="24823">CLN3</span>
    </annotation>
    <annotation annotator="Mike Bada, University of Colorado School of Medicine" id="PR_reasoned_2017_04_17_Instance_15921" type="identity">
      <class id="PR_EXT:000005591" label="battenin"/>
      <span end="24836" id="15588329-10561" start="24828">battenin</span>
    </annotation>
    <annotation annotator="Mike Bada, University of Colorado School of Medicine" id="PR_reasoned_2017_04_17_Instance_111490" type="identity">
      <class id="CHEBI_PR_EXT:protein" label="protein"/>
      <span end="24844" id="15588329-10093" start="24837">protein</span>
    </annotation>
    <annotation annotator="Mike Bada, University of Colorado School of Medicine" id="PR_reasoned_2017_04_17_Instance_15923" type="identity">
      <class id="PR_EXT:000005591" label="battenin"/>
      <span end="25067" id="15588329-10563" start="25059">battenin</span>
    </annotation>
    <annotation annotator="Mike Bada, University of Colorado School of Medicine" id="PR_reasoned_2017_04_17_Instance_121511" type="identity">
      <class id="PR_EXT:000005591" label="battenin"/>
      <span end="25437" id="15588329-10341" start="25433">Cln3</span>
    </annotation>
    <annotation annotator="Mike Bada, University of Colorado School of Medicine" id="PR_reasoned_2017_04_17_Instance_15925" type="identity">
      <class id="PR_EXT:000005591" label="battenin"/>
      <span end="25649" id="15588329-10565" start="25641">battenin</span>
    </annotation>
    <annotation annotator="Mike Bada, University of Colorado School of Medicine" id="PR_reasoned_2017_04_17_Instance_121513" type="identity">
      <class id="PR_EXT:000005591" label="battenin"/>
      <span end="25725" id="15588329-10343" start="25721">Cln3</span>
    </annotation>
    <annotation annotator="Mike Bada, University of Colorado School of Medicine" id="PR_reasoned_2017_04_17_Instance_15927" type="identity">
      <class id="PR_EXT:000005591" label="battenin"/>
      <span end="25808" id="15588329-10567" start="25800">battenin</span>
    </annotation>
    <annotation annotator="Mike Bada, University of Colorado School of Medicine" id="PR_reasoned_2017_04_17_Instance_15929" type="identity">
      <class id="PR_EXT:000011141" label="nestin"/>
      <span end="25894" id="15588329-10569" start="25888">Nestin</span>
    </annotation>
    <annotation annotator="Mike Bada, University of Colorado School of Medicine" id="PR_reasoned_2017_04_17_Instance_15931" type="identity">
      <class id="PR_EXT:000002060" label="lysosome-associated membrane glycoprotein 1"/>
      <span end="25927" id="15588329-10571" start="25921">Lamp 1</span>
    </annotation>
    <annotation annotator="Mike Bada, University of Colorado School of Medicine" id="PR_reasoned_2017_04_17_Instance_15933" type="identity">
      <class id="PR_EXT:000002061" label="lysosome-associated membrane glycoprotein 2"/>
      <span end="25961" id="15588329-10573" start="25955">Lamp 2</span>
    </annotation>
    <annotation annotator="Mike Bada, University of Colorado School of Medicine" id="PR_reasoned_2017_04_17_Instance_17263" type="identity">
      <class id="PR_EXT:000022190" label="ATP synthase subunit c"/>
      <span end="26203" id="15588329-10668" start="26194">subunit c</span>
    </annotation>
    <annotation annotator="Mike Bada, University of Colorado School of Medicine" id="PR_reasoned_2017_04_17_Instance_15935" type="identity">
      <class id="PR_EXT:000007939" label="glial fibrillary acidic protein"/>
      <span end="26341" id="15588329-10575" start="26337">GFAP</span>
    </annotation>
    <annotation annotator="Mike Bada, University of Colorado School of Medicine" id="PR_reasoned_2017_04_17_Instance_15937" type="identity">
      <class id="PR_EXT:000004967" label="calbindin"/>
      <span end="26379" id="15588329-10577" start="26370">calbindin</span>
    </annotation>
    <annotation annotator="Mike Bada, University of Colorado School of Medicine" id="PR_reasoned_2017_04_17_Instance_121515" type="identity">
      <class id="PR_EXT:000006252" label="RNA binding protein fox-1 homolog 3"/>
      <span end="26401" id="15588329-10345" start="26397">NeuN</span>
    </annotation>
    <annotation annotator="Mike Bada, University of Colorado School of Medicine" id="PR_reasoned_2017_04_17_Instance_15939" type="identity">
      <class id="PR_EXT:000006025" label="cathepsin D"/>
      <span end="26497" id="15588329-10579" start="26486">cathepsin D</span>
    </annotation>
    <annotation annotator="Mike Bada, University of Colorado School of Medicine" id="PR_reasoned_2017_04_17_Instance_15941" type="identity">
      <class id="PR_EXT:000005776" label="cytochrome c oxidase subunit 4 isoform 1, mitochondrial"/>
      <span end="26573" id="15588329-10581" start="26542">cytochrome c oxidase subunit IV</span>
    </annotation>
    <annotation annotator="Mike Bada, University of Colorado School of Medicine" id="PR_reasoned_2017_04_17_Instance_15943" type="identity">
      <class id="PR_EXT:000005776" label="cytochrome c oxidase subunit 4 isoform 1, mitochondrial"/>
      <span end="26579" id="15588329-10583" start="26575">cox4</span>
    </annotation>
    <annotation annotator="Mike Bada, University of Colorado School of Medicine" id="PR_reasoned_2017_04_17_backup_Instance_1140" type="identity">
      <class id="GO_PR_EXT:protein_disulfide_isomerase" label="protein disulfide isomerase"/>
      <span end="26619" id="15588329-10047" start="26616">PDI</span>
    </annotation>
    <annotation annotator="Mike Bada, University of Colorado School of Medicine" id="PR_reasoned_2017_04_17_Instance_15947" type="identity">
      <class id="PR_EXT:000008131" label="golgin subfamily A member 2"/>
      <span end="26670" id="15588329-10585" start="26665">GM130</span>
    </annotation>
    <annotation annotator="Mike Bada, University of Colorado School of Medicine" id="PR_reasoned_2017_04_17_Instance_121517" type="identity">
      <class id="PR_EXT:000028799" label="tubulin"/>
      <span end="26713" id="15588329-10347" start="26706">tubulin</span>
    </annotation>
    <annotation annotator="Mike Bada, University of Colorado School of Medicine" id="PR_reasoned_2017_04_17_Instance_15949" type="identity">
      <class id="PR_EXT:000008813" label="stress-70 protein, mitochondrial"/>
      <span end="26738" id="15588329-10587" start="26733">grp75</span>
    </annotation>
    <annotation annotator="Mike Bada, University of Colorado School of Medicine" id="PR_reasoned_2017_04_17_Instance_15951" type="identity">
      <class id="PR_EXT:000006901" label="early endosome antigen 1"/>
      <span end="26783" id="15588329-10589" start="26759">early endosome antigen-1</span>
    </annotation>
    <annotation annotator="Mike Bada, University of Colorado School of Medicine" id="PR_reasoned_2017_04_17_Instance_15953" type="identity">
      <class id="PR_EXT:000006901" label="early endosome antigen 1"/>
      <span end="26789" id="15588329-10591" start="26785">EEA1</span>
    </annotation>
    <annotation annotator="Mike Bada, University of Colorado School of Medicine" id="PR_reasoned_2017_04_17_Instance_15955" type="identity">
      <class id="PR_EXT:000013639" label="ras-related protein Rab-7a"/>
      <span end="26833" id="15588329-10593" start="26828">rab 7</span>
    </annotation>
    <annotation annotator="Mike Bada, University of Colorado School of Medicine" id="PR_reasoned_2017_04_17_Instance_121519" type="identity">
      <class id="PR_EXT:000005591" label="battenin"/>
      <span end="27268" id="15588329-10349" start="27264">Cln3</span>
    </annotation>
    <annotation annotator="Mike Bada, University of Colorado School of Medicine" id="PR_reasoned_2017_04_17_Instance_121521" type="identity">
      <class id="PR_EXT:000005591" label="battenin"/>
      <span end="27310" id="15588329-10351" start="27306">Cln3</span>
    </annotation>
    <annotation annotator="Mike Bada, University of Colorado School of Medicine" id="PR_reasoned_2017_04_17_Instance_121523" type="identity">
      <class id="PR_EXT:000027795" label="trypsin"/>
      <span end="27766" id="15588329-10353" start="27759">Trypsin</span>
    </annotation>
    <annotation annotator="Mike Bada, University of Colorado School of Medicine" id="PR_reasoned_2017_04_17_backup_Instance_1930" type="identity">
      <class id="GO_PR_EXT:deoxyribonuclease_I" label="deoxyribonuclease I"/>
      <span end="27801" id="15588329-10053" start="27794">DNase I</span>
    </annotation>
    <annotation annotator="Mike Bada, University of Colorado School of Medicine" id="PR_reasoned_2017_04_17_Instance_121525" type="identity">
      <class id="PR_EXT:000005591" label="battenin"/>
      <span end="28846" id="15588329-10355" start="28842">Cln3</span>
    </annotation>
    <annotation annotator="Mike Bada, University of Colorado School of Medicine" id="PR_reasoned_2017_04_17_Instance_15969" type="identity">
      <class id="PR_EXT:000007479" label="fibroblast growth factor 1"/>
      <span end="29176" id="15588329-10605" start="29171">α-FGF</span>
    </annotation>
    <annotation annotator="Mike Bada, University of Colorado School of Medicine" id="PR_reasoned_2017_04_17_Instance_121527" type="identity">
      <class id="PR_EXT:000005591" label="battenin"/>
      <span end="29369" id="15588329-10357" start="29365">Cln3</span>
    </annotation>
    <annotation annotator="Mike Bada, University of Colorado School of Medicine" id="PR_reasoned_2017_04_17_Instance_15959" type="identity">
      <class id="PR_EXT:000005591" label="battenin"/>
      <span end="29801" id="15588329-10595" start="29797">Cln3</span>
    </annotation>
    <annotation annotator="Mike Bada, University of Colorado School of Medicine" id="PR_reasoned_2017_04_17_Instance_17265" type="identity">
      <class id="PR_EXT:000022190" label="ATP synthase subunit c"/>
      <span end="29879" id="15588329-10670" start="29870">Subunit c</span>
    </annotation>
    <annotation annotator="Mike Bada, University of Colorado School of Medicine" id="PR_reasoned_2017_04_17_Instance_111492" type="identity">
      <class id="CHEBI_PR_EXT:protein" label="protein"/>
      <span end="30098" id="15588329-10095" start="30091">protein</span>
    </annotation>
    <annotation annotator="Mike Bada, University of Colorado School of Medicine" id="PR_reasoned_2017_04_17_Instance_17267" type="identity">
      <class id="PR_EXT:000022190" label="ATP synthase subunit c"/>
      <span end="30401" id="15588329-10672" start="30392">subunit c</span>
    </annotation>
    <annotation annotator="Mike Bada, University of Colorado School of Medicine" id="PR_reasoned_2017_04_17_Instance_111494" type="identity">
      <class id="CHEBI_PR_EXT:protein" label="protein"/>
      <span end="30466" id="15588329-10097" start="30459">protein</span>
    </annotation>
    <annotation annotator="Mike Bada, University of Colorado School of Medicine" id="PR_reasoned_2017_04_17_Instance_15961" type="identity">
      <class id="PR_EXT:000003918" label="serum albumin"/>
      <span end="31556" id="15588329-10597" start="31543">serum albumin</span>
    </annotation>
    <annotation annotator="Mike Bada, University of Colorado School of Medicine" id="PR_reasoned_2017_04_17_Instance_111496" type="identity">
      <class id="CHEBI_PR_EXT:protein" label="protein"/>
      <span end="32153" id="15588329-10099" start="32145">proteins</span>
    </annotation>
    <annotation annotator="Mike Bada, University of Colorado School of Medicine" id="PR_reasoned_2017_04_17_Instance_111498" type="identity">
      <class id="CHEBI_PR_EXT:protein" label="protein"/>
      <span end="32577" id="15588329-10101" start="32570">protein</span>
    </annotation>
    <annotation annotator="Mike Bada, University of Colorado School of Medicine" id="PR_reasoned_2017_04_17_Instance_111500" type="identity">
      <class id="CHEBI_PR_EXT:protein" label="protein"/>
      <span end="32611" id="15588329-10103" start="32604">Protein</span>
    </annotation>
    <annotation annotator="Mike Bada, University of Colorado School of Medicine" id="PR_reasoned_2017_04_17_Instance_17269" type="identity">
      <class id="PR_EXT:000022190" label="ATP synthase subunit c"/>
      <span end="32752" id="15588329-10674" start="32743">subunit c</span>
    </annotation>
    <annotation annotator="Mike Bada, University of Colorado School of Medicine" id="PR_reasoned_2017_04_17_Instance_15963" type="identity">
      <class id="PR_EXT:000006025" label="cathepsin D"/>
      <span end="32793" id="15588329-10599" start="32782">Cathepsin D</span>
    </annotation>
    <annotation annotator="Mike Bada, University of Colorado School of Medicine" id="PR_reasoned_2017_04_17_Instance_111502" type="identity">
      <class id="CHEBI_PR_EXT:protein" label="protein"/>
      <span end="32939" id="15588329-10105" start="32932">protein</span>
    </annotation>
    <annotation annotator="Mike Bada, University of Colorado School of Medicine" id="PR_reasoned_2017_04_17_Instance_111504" type="identity">
      <class id="CHEBI_PR_EXT:protein" label="protein"/>
      <span end="33164" id="15588329-10107" start="33157">protein</span>
    </annotation>
    <annotation annotator="Mike Bada, University of Colorado School of Medicine" id="PR_reasoned_2017_04_17_Instance_111506" type="identity">
      <class id="CHEBI_PR_EXT:protein" label="protein"/>
      <span end="33222" id="15588329-10109" start="33215">Protein</span>
    </annotation>
    <annotation annotator="Mike Bada, University of Colorado School of Medicine" id="PR_reasoned_2017_04_17_Instance_111508" type="identity">
      <class id="CHEBI_PR_EXT:protein" label="protein"/>
      <span end="33255" id="15588329-10111" start="33248">protein</span>
    </annotation>
    <annotation annotator="Mike Bada, University of Colorado School of Medicine" id="PR_reasoned_2017_04_17_Instance_15965" type="identity">
      <class id="PR_EXT:000006025" label="cathepsin D"/>
      <span end="33296" id="15588329-10601" start="33285">cathepsin D</span>
    </annotation>
    <annotation annotator="Mike Bada, University of Colorado School of Medicine" id="PR_reasoned_2017_04_17_Instance_15967" type="identity">
      <class id="PR_EXT:000006025" label="cathepsin D"/>
      <span end="33349" id="15588329-10603" start="33338">Cathepsin D</span>
    </annotation>
    <annotation annotator="Mike Bada, University of Colorado School of Medicine" id="PR_reasoned_2017_04_17_Instance_17271" type="identity">
      <class id="PR_EXT:000022190" label="ATP synthase subunit c"/>
      <span end="36945" id="15588329-10676" start="36912">subunit c of mitochondrial ATPase</span>
    </annotation>
    <annotation annotator="Mike Bada, University of Colorado School of Medicine" id="PR_reasoned_2017_04_17_Instance_15971" type="identity">
      <class id="PR_EXT:000006025" label="cathepsin D"/>
      <span end="37224" id="15588329-10607" start="37213">cathepsin D</span>
    </annotation>
    <graph-space id="Old Knowtator Relations"/>
  </document>
</knowtator-project>
