<?xml version="1.0" encoding="UTF-8" standalone="no"?>
<knowtator-project>
  <document id="15676071" text-file="15676071.txt">
    <annotation annotator="Mike Bada, University of Colorado School of Medicine" id="PR_reasoned_2017_04_17_Instance_17355" type="identity">
      <class id="PR_EXT:000005904" label="cone-rod homeobox protein"/>
      <span end="84" id="15676071-12342" start="81">Crx</span>
    </annotation>
    <annotation annotator="Mike Bada, University of Colorado School of Medicine" id="PR_reasoned_2017_04_17_Instance_17357" type="identity">
      <class id="PR_EXT:000005904" label="cone-rod homeobox protein"/>
      <span end="503" id="15676071-12344" start="500">Crx</span>
    </annotation>
    <annotation annotator="Mike Bada, University of Colorado School of Medicine" id="PR_reasoned_2017_04_17_Instance_17359" type="identity">
      <class id="PR_EXT:000005904" label="cone-rod homeobox protein"/>
      <span end="520" id="15676071-12346" start="517">Crx</span>
    </annotation>
    <annotation annotator="Mike Bada, University of Colorado School of Medicine" id="PR_reasoned_2017_04_17_Instance_17361" type="identity">
      <class id="PR_EXT:000005904" label="cone-rod homeobox protein"/>
      <span end="619" id="15676071-12348" start="616">Crx</span>
    </annotation>
    <annotation annotator="Mike Bada, University of Colorado School of Medicine" id="PR_reasoned_2017_04_17_Instance_17363" type="identity">
      <class id="PR_EXT:000005904" label="cone-rod homeobox protein"/>
      <span end="706" id="15676071-12350" start="703">Crx</span>
    </annotation>
    <annotation annotator="Mike Bada, University of Colorado School of Medicine" id="PR_reasoned_2017_04_17_Instance_17365" type="identity">
      <class id="PR_EXT:000005904" label="cone-rod homeobox protein"/>
      <span end="894" id="15676071-12352" start="891">Crx</span>
    </annotation>
    <annotation annotator="Mike Bada, University of Colorado School of Medicine" id="PR_reasoned_2017_04_17_Instance_17367" type="identity">
      <class id="PR_EXT:000005904" label="cone-rod homeobox protein"/>
      <span end="1973" id="15676071-12354" start="1970">Crx</span>
    </annotation>
    <annotation annotator="Mike Bada, University of Colorado School of Medicine" id="PR_reasoned_2017_04_17_Instance_17369" type="identity">
      <class id="PR_EXT:000005904" label="cone-rod homeobox protein"/>
      <span end="1992" id="15676071-12356" start="1975">cone-rod homeobox</span>
    </annotation>
    <annotation annotator="Mike Bada, University of Colorado School of Medicine" id="PR_reasoned_2017_04_17_Instance_140647" type="identity">
      <class id="PR_EXT:OTX" label="OTX"/>
      <span end="2003" id="15676071-12292" start="2000">otx</span>
    </annotation>
    <annotation annotator="Mike Bada, University of Colorado School of Medicine" id="PR_reasoned_2017_04_17_Instance_17371" type="identity">
      <class id="PR_EXT:000005904" label="cone-rod homeobox protein"/>
      <span end="2136" id="15676071-12358" start="2133">Crx</span>
    </annotation>
    <annotation annotator="Mike Bada, University of Colorado School of Medicine" id="PR_reasoned_2017_04_17_Instance_17373" type="identity">
      <class id="PR_EXT:000012086" label="homeobox protein OTX2"/>
      <span end="2186" id="15676071-12360" start="2182">Otx2</span>
    </annotation>
    <annotation annotator="Mike Bada, University of Colorado School of Medicine" id="PR_reasoned_2017_04_17_Instance_17375" type="identity">
      <class id="PR_EXT:000005904" label="cone-rod homeobox protein"/>
      <span end="2310" id="15676071-12362" start="2307">Crx</span>
    </annotation>
    <annotation annotator="Mike Bada, University of Colorado School of Medicine" id="PR_reasoned_2017_04_17_Instance_17377" type="identity">
      <class id="PR_EXT:000011432" label="neural retina-specific leucine zipper protein"/>
      <span end="2346" id="15676071-12364" start="2343">Nrl</span>
    </annotation>
    <annotation annotator="Mike Bada, University of Colorado School of Medicine" id="PR_reasoned_2017_04_17_Instance_111720" type="identity">
      <class id="CHEBI_PR_EXT:protein" label="protein"/>
      <span end="2372" id="15676071-12262" start="2365">protein</span>
    </annotation>
    <annotation annotator="Mike Bada, University of Colorado School of Medicine" id="PR_reasoned_2017_04_17_Instance_17379" type="identity">
      <class id="PR_EXT:000005904" label="cone-rod homeobox protein"/>
      <span end="2507" id="15676071-12366" start="2504">Crx</span>
    </annotation>
    <annotation annotator="Mike Bada, University of Colorado School of Medicine" id="PR_reasoned_2017_04_17_Instance_17381" type="identity">
      <class id="PR_EXT:000001245" label="rhodopsin"/>
      <span end="2578" id="15676071-12368" start="2569">rhodopsin</span>
    </annotation>
    <annotation annotator="Mike Bada, University of Colorado School of Medicine" id="PR_reasoned_2017_04_17_Instance_140652" type="identity">
      <class id="PR_EXT:arrestin" label="arrestin"/>
      <span end="2596" id="15676071-12294" start="2588">arrestin</span>
    </annotation>
    <annotation annotator="Mike Bada, University of Colorado School of Medicine" id="PR_reasoned_2017_04_17_Instance_17383" type="identity">
      <class id="PR_EXT:000005904" label="cone-rod homeobox protein"/>
      <span end="2619" id="15676071-12370" start="2616">Crx</span>
    </annotation>
    <annotation annotator="Mike Bada, University of Colorado School of Medicine" id="PR_reasoned_2017_04_17_Instance_17385" type="identity">
      <class id="PR_EXT:000005904" label="cone-rod homeobox protein"/>
      <span end="2803" id="15676071-12372" start="2800">Crx</span>
    </annotation>
    <annotation annotator="Mike Bada, University of Colorado School of Medicine" id="PR_reasoned_2017_04_17_Instance_17387" type="identity">
      <class id="PR_EXT:000005904" label="cone-rod homeobox protein"/>
      <span end="3135" id="15676071-12374" start="3132">Crx</span>
    </annotation>
    <annotation annotator="Mike Bada, University of Colorado School of Medicine" id="PR_reasoned_2017_04_17_Instance_17389" type="identity">
      <class id="PR_EXT:000008353" label="retinal guanylyl cyclase 1"/>
      <span end="3193" id="15676071-12376" start="3187">GUCY2D</span>
    </annotation>
    <annotation annotator="Mike Bada, University of Colorado School of Medicine" id="PR_reasoned_2017_04_17_Instance_17391" type="identity">
      <class id="PR_EXT:000014179" label="retinal pigment epithelium-specific 65 kDa protein"/>
      <span end="3205" id="15676071-12378" start="3200">RPE65</span>
    </annotation>
    <annotation annotator="Mike Bada, University of Colorado School of Medicine" id="PR_reasoned_2017_04_17_Instance_17393" type="identity">
      <class id="PR_EXT:000003876" label="aryl-hydrocarbon-interacting protein-like 1"/>
      <span end="3218" id="15676071-12380" start="3212">AIPL-1</span>
    </annotation>
    <annotation annotator="Mike Bada, University of Colorado School of Medicine" id="PR_reasoned_2017_04_17_Instance_17395" type="identity">
      <class id="PR_EXT:000005848" label="protein crumbs homolog 1"/>
      <span end="3230" id="15676071-12382" start="3225">CRB-1</span>
    </annotation>
    <annotation annotator="Mike Bada, University of Colorado School of Medicine" id="PR_reasoned_2017_04_17_Instance_17397" type="identity">
      <class id="PR_EXT:000014182" label="X-linked retinitis pigmentosa GTPase regulator-interacting protein 1"/>
      <span end="3249" id="15676071-12384" start="3241">RPGRIP-1</span>
    </annotation>
    <annotation annotator="Mike Bada, University of Colorado School of Medicine" id="PR_reasoned_2017_04_17_Instance_17399" type="identity">
      <class id="PR_EXT:000005904" label="cone-rod homeobox protein"/>
      <span end="3372" id="15676071-12386" start="3369">Crx</span>
    </annotation>
    <annotation annotator="Mike Bada, University of Colorado School of Medicine" id="PR_reasoned_2017_04_17_Instance_17401" type="identity">
      <class id="PR_EXT:000005904" label="cone-rod homeobox protein"/>
      <span end="3501" id="15676071-12388" start="3498">Crx</span>
    </annotation>
    <annotation annotator="Mike Bada, University of Colorado School of Medicine" id="PR_reasoned_2017_04_17_Instance_111722" type="identity">
      <class id="CHEBI_PR_EXT:protein" label="protein"/>
      <span end="3596" id="15676071-12264" start="3589">protein</span>
    </annotation>
    <annotation annotator="Mike Bada, University of Colorado School of Medicine" id="PR_reasoned_2017_04_17_Instance_111724" type="identity">
      <class id="CHEBI_PR_EXT:protein" label="protein"/>
      <span end="4668" id="15676071-12266" start="4660">proteins</span>
    </annotation>
    <annotation annotator="Mike Bada, University of Colorado School of Medicine" id="PR_reasoned_2017_04_17_Instance_17403" type="identity">
      <class id="PR_EXT:000001245" label="rhodopsin"/>
      <span end="4751" id="15676071-12390" start="4742">rhodopsin</span>
    </annotation>
    <annotation annotator="Mike Bada, University of Colorado School of Medicine" id="PR_reasoned_2017_04_17_Instance_111726" type="identity">
      <class id="CHEBI_PR_EXT:protein" label="protein"/>
      <span end="4783" id="15676071-12268" start="4776">protein</span>
    </annotation>
    <annotation annotator="Mike Bada, University of Colorado School of Medicine" id="PR_reasoned_2017_04_17_Instance_140663" type="identity">
      <class id="PR_EXT:peripherin" label="peripherin"/>
      <span end="4795" id="15676071-12296" start="4785">peripherin</span>
    </annotation>
    <annotation annotator="Mike Bada, University of Colorado School of Medicine" id="PR_reasoned_2017_04_17_Instance_111728" type="identity">
      <class id="CHEBI_PR_EXT:protein" label="protein"/>
      <span end="5507" id="15676071-12270" start="5500">protein</span>
    </annotation>
    <annotation annotator="Mike Bada, University of Colorado School of Medicine" id="PR_reasoned_2017_04_17_Instance_17407" type="identity">
      <class id="PR_EXT:000017084" label="protein unc-119 homolog A"/>
      <span end="5513" id="15676071-12394" start="5509">HRG4</span>
    </annotation>
    <annotation annotator="Mike Bada, University of Colorado School of Medicine" id="PR_reasoned_2017_04_17_Instance_17405" type="identity">
      <class id="PR_EXT:000005904" label="cone-rod homeobox protein"/>
      <span end="5539" id="15676071-12392" start="5536">Crx</span>
    </annotation>
    <annotation annotator="Mike Bada, University of Colorado School of Medicine" id="PR_reasoned_2017_04_17_Instance_17409" type="identity">
      <class id="PR_EXT:000005904" label="cone-rod homeobox protein"/>
      <span end="5990" id="15676071-12396" start="5987">Crx</span>
    </annotation>
    <annotation annotator="Mike Bada, University of Colorado School of Medicine" id="PR_reasoned_2017_04_17_Instance_17411" type="identity">
      <class id="PR_EXT:000005904" label="cone-rod homeobox protein"/>
      <span end="6081" id="15676071-12398" start="6078">Crx</span>
    </annotation>
    <annotation annotator="Mike Bada, University of Colorado School of Medicine" id="PR_reasoned_2017_04_17_Instance_17413" type="identity">
      <class id="PR_EXT:000005904" label="cone-rod homeobox protein"/>
      <span end="6278" id="15676071-12400" start="6275">Crx</span>
    </annotation>
    <annotation annotator="Mike Bada, University of Colorado School of Medicine" id="PR_reasoned_2017_04_17_Instance_17415" type="identity">
      <class id="PR_EXT:000005904" label="cone-rod homeobox protein"/>
      <span end="6471" id="15676071-12402" start="6468">Crx</span>
    </annotation>
    <annotation annotator="Mike Bada, University of Colorado School of Medicine" id="PR_reasoned_2017_04_17_Instance_17417" type="identity">
      <class id="PR_EXT:000005904" label="cone-rod homeobox protein"/>
      <span end="6568" id="15676071-12404" start="6565">Crx</span>
    </annotation>
    <annotation annotator="Mike Bada, University of Colorado School of Medicine" id="PR_reasoned_2017_04_17_Instance_17419" type="identity">
      <class id="PR_EXT:000005904" label="cone-rod homeobox protein"/>
      <span end="6621" id="15676071-12406" start="6618">Crx</span>
    </annotation>
    <annotation annotator="Mike Bada, University of Colorado School of Medicine" id="PR_reasoned_2017_04_17_Instance_17421" type="identity">
      <class id="PR_EXT:000005904" label="cone-rod homeobox protein"/>
      <span end="6727" id="15676071-12408" start="6724">Crx</span>
    </annotation>
    <annotation annotator="Mike Bada, University of Colorado School of Medicine" id="PR_reasoned_2017_04_17_Instance_17423" type="identity">
      <class id="PR_EXT:000005904" label="cone-rod homeobox protein"/>
      <span end="6786" id="15676071-12410" start="6783">Crx</span>
    </annotation>
    <annotation annotator="Mike Bada, University of Colorado School of Medicine" id="PR_reasoned_2017_04_17_Instance_17425" type="identity">
      <class id="PR_EXT:000005904" label="cone-rod homeobox protein"/>
      <span end="6884" id="15676071-12412" start="6881">Crx</span>
    </annotation>
    <annotation annotator="Mike Bada, University of Colorado School of Medicine" id="PR_reasoned_2017_04_17_Instance_17427" type="identity">
      <class id="PR_EXT:000005904" label="cone-rod homeobox protein"/>
      <span end="6955" id="15676071-12414" start="6952">Crx</span>
    </annotation>
    <annotation annotator="Mike Bada, University of Colorado School of Medicine" id="PR_reasoned_2017_04_17_Instance_17429" type="identity">
      <class id="PR_EXT:000005904" label="cone-rod homeobox protein"/>
      <span end="7031" id="15676071-12416" start="7028">Crx</span>
    </annotation>
    <annotation annotator="Mike Bada, University of Colorado School of Medicine" id="PR_reasoned_2017_04_17_Instance_17431" type="identity">
      <class id="PR_EXT:000005904" label="cone-rod homeobox protein"/>
      <span end="7138" id="15676071-12418" start="7135">Crx</span>
    </annotation>
    <annotation annotator="Mike Bada, University of Colorado School of Medicine" id="PR_reasoned_2017_04_17_Instance_17433" type="identity">
      <class id="PR_EXT:000005904" label="cone-rod homeobox protein"/>
      <span end="7583" id="15676071-12420" start="7580">Crx</span>
    </annotation>
    <annotation annotator="Mike Bada, University of Colorado School of Medicine" id="PR_reasoned_2017_04_17_Instance_17435" type="identity">
      <class id="PR_EXT:000005904" label="cone-rod homeobox protein"/>
      <span end="7598" id="15676071-12422" start="7595">Crx</span>
    </annotation>
    <annotation annotator="Mike Bada, University of Colorado School of Medicine" id="PR_reasoned_2017_04_17_Instance_17437" type="identity">
      <class id="PR_EXT:000005904" label="cone-rod homeobox protein"/>
      <span end="7836" id="15676071-12424" start="7833">Crx</span>
    </annotation>
    <annotation annotator="Mike Bada, University of Colorado School of Medicine" id="PR_reasoned_2017_04_17_Instance_17439" type="identity">
      <class id="PR_EXT:000005904" label="cone-rod homeobox protein"/>
      <span end="7876" id="15676071-12426" start="7873">Crx</span>
    </annotation>
    <annotation annotator="Mike Bada, University of Colorado School of Medicine" id="PR_reasoned_2017_04_17_Instance_17441" type="identity">
      <class id="PR_EXT:000005904" label="cone-rod homeobox protein"/>
      <span end="7957" id="15676071-12428" start="7954">Crx</span>
    </annotation>
    <annotation annotator="Mike Bada, University of Colorado School of Medicine" id="PR_reasoned_2017_04_17_Instance_17443" type="identity">
      <class id="PR_EXT:000005904" label="cone-rod homeobox protein"/>
      <span end="8275" id="15676071-12430" start="8272">Crx</span>
    </annotation>
    <annotation annotator="Mike Bada, University of Colorado School of Medicine" id="PR_reasoned_2017_04_17_Instance_17445" type="identity">
      <class id="PR_EXT:000005904" label="cone-rod homeobox protein"/>
      <span end="8779" id="15676071-12432" start="8776">Crx</span>
    </annotation>
    <annotation annotator="Mike Bada, University of Colorado School of Medicine" id="PR_reasoned_2017_04_17_Instance_17447" type="identity">
      <class id="PR_EXT:000005904" label="cone-rod homeobox protein"/>
      <span end="8814" id="15676071-12434" start="8811">Crx</span>
    </annotation>
    <annotation annotator="Mike Bada, University of Colorado School of Medicine" id="PR_reasoned_2017_04_17_Instance_17449" type="identity">
      <class id="PR_EXT:000005904" label="cone-rod homeobox protein"/>
      <span end="8993" id="15676071-12436" start="8990">Crx</span>
    </annotation>
    <annotation annotator="Mike Bada, University of Colorado School of Medicine" id="PR_reasoned_2017_04_17_Instance_17451" type="identity">
      <class id="PR_EXT:000005904" label="cone-rod homeobox protein"/>
      <span end="9061" id="15676071-12438" start="9058">Crx</span>
    </annotation>
    <annotation annotator="Mike Bada, University of Colorado School of Medicine" id="PR_reasoned_2017_04_17_Instance_17453" type="identity">
      <class id="PR_EXT:000005904" label="cone-rod homeobox protein"/>
      <span end="9162" id="15676071-12440" start="9159">Crx</span>
    </annotation>
    <annotation annotator="Mike Bada, University of Colorado School of Medicine" id="PR_reasoned_2017_04_17_Instance_17455" type="identity">
      <class id="PR_EXT:000005904" label="cone-rod homeobox protein"/>
      <span end="9744" id="15676071-12442" start="9741">Crx</span>
    </annotation>
    <annotation annotator="Mike Bada, University of Colorado School of Medicine" id="PR_reasoned_2017_04_17_Instance_17457" type="identity">
      <class id="PR_EXT:000005904" label="cone-rod homeobox protein"/>
      <span end="9972" id="15676071-12444" start="9969">Crx</span>
    </annotation>
    <annotation annotator="Mike Bada, University of Colorado School of Medicine" id="PR_reasoned_2017_04_17_Instance_17459" type="identity">
      <class id="PR_EXT:000005904" label="cone-rod homeobox protein"/>
      <span end="10172" id="15676071-12446" start="10169">Crx</span>
    </annotation>
    <annotation annotator="Mike Bada, University of Colorado School of Medicine" id="PR_reasoned_2017_04_17_Instance_17461" type="identity">
      <class id="PR_EXT:000005904" label="cone-rod homeobox protein"/>
      <span end="11028" id="15676071-12448" start="11025">Crx</span>
    </annotation>
    <annotation annotator="Mike Bada, University of Colorado School of Medicine" id="PR_reasoned_2017_04_17_Instance_17463" type="identity">
      <class id="PR_EXT:000005904" label="cone-rod homeobox protein"/>
      <span end="11163" id="15676071-12450" start="11160">Crx</span>
    </annotation>
    <annotation annotator="Mike Bada, University of Colorado School of Medicine" id="PR_reasoned_2017_04_17_Instance_17465" type="identity">
      <class id="PR_EXT:000005904" label="cone-rod homeobox protein"/>
      <span end="11303" id="15676071-12452" start="11300">Crx</span>
    </annotation>
    <annotation annotator="Mike Bada, University of Colorado School of Medicine" id="PR_reasoned_2017_04_17_Instance_17467" type="identity">
      <class id="PR_EXT:000005904" label="cone-rod homeobox protein"/>
      <span end="11586" id="15676071-12454" start="11583">Crx</span>
    </annotation>
    <annotation annotator="Mike Bada, University of Colorado School of Medicine" id="PR_reasoned_2017_04_17_Instance_17469" type="identity">
      <class id="PR_EXT:000005904" label="cone-rod homeobox protein"/>
      <span end="11597" id="15676071-12456" start="11594">Crx</span>
    </annotation>
    <annotation annotator="Mike Bada, University of Colorado School of Medicine" id="PR_reasoned_2017_04_17_Instance_17471" type="identity">
      <class id="PR_EXT:000005904" label="cone-rod homeobox protein"/>
      <span end="11668" id="15676071-12458" start="11665">Crx</span>
    </annotation>
    <annotation annotator="Mike Bada, University of Colorado School of Medicine" id="PR_reasoned_2017_04_17_Instance_17473" type="identity">
      <class id="PR_EXT:000005904" label="cone-rod homeobox protein"/>
      <span end="11776" id="15676071-12460" start="11773">Crx</span>
    </annotation>
    <annotation annotator="Mike Bada, University of Colorado School of Medicine" id="PR_reasoned_2017_04_17_Instance_17475" type="identity">
      <class id="PR_EXT:000005904" label="cone-rod homeobox protein"/>
      <span end="11926" id="15676071-12462" start="11923">Crx</span>
    </annotation>
    <annotation annotator="Mike Bada, University of Colorado School of Medicine" id="PR_reasoned_2017_04_17_Instance_17477" type="identity">
      <class id="PR_EXT:000005904" label="cone-rod homeobox protein"/>
      <span end="12211" id="15676071-12464" start="12208">Crx</span>
    </annotation>
    <annotation annotator="Mike Bada, University of Colorado School of Medicine" id="PR_reasoned_2017_04_17_Instance_17479" type="identity">
      <class id="PR_EXT:000005904" label="cone-rod homeobox protein"/>
      <span end="12280" id="15676071-12466" start="12277">Crx</span>
    </annotation>
    <annotation annotator="Mike Bada, University of Colorado School of Medicine" id="PR_reasoned_2017_04_17_Instance_17481" type="identity">
      <class id="PR_EXT:000005904" label="cone-rod homeobox protein"/>
      <span end="12385" id="15676071-12468" start="12382">Crx</span>
    </annotation>
    <annotation annotator="Mike Bada, University of Colorado School of Medicine" id="PR_reasoned_2017_04_17_Instance_17483" type="identity">
      <class id="PR_EXT:000005904" label="cone-rod homeobox protein"/>
      <span end="12631" id="15676071-12470" start="12628">Crx</span>
    </annotation>
    <annotation annotator="Mike Bada, University of Colorado School of Medicine" id="PR_reasoned_2017_04_17_Instance_17485" type="identity">
      <class id="PR_EXT:000005904" label="cone-rod homeobox protein"/>
      <span end="12804" id="15676071-12472" start="12801">Crx</span>
    </annotation>
    <annotation annotator="Mike Bada, University of Colorado School of Medicine" id="PR_reasoned_2017_04_17_Instance_17487" type="identity">
      <class id="PR_EXT:000005904" label="cone-rod homeobox protein"/>
      <span end="12976" id="15676071-12474" start="12973">Crx</span>
    </annotation>
    <annotation annotator="Mike Bada, University of Colorado School of Medicine" id="PR_reasoned_2017_04_17_Instance_17489" type="identity">
      <class id="PR_EXT:000005904" label="cone-rod homeobox protein"/>
      <span end="13001" id="15676071-12476" start="12998">Crx</span>
    </annotation>
    <annotation annotator="Mike Bada, University of Colorado School of Medicine" id="PR_reasoned_2017_04_17_Instance_17491" type="identity">
      <class id="PR_EXT:000005904" label="cone-rod homeobox protein"/>
      <span end="13034" id="15676071-12478" start="13031">Crx</span>
    </annotation>
    <annotation annotator="Mike Bada, University of Colorado School of Medicine" id="PR_reasoned_2017_04_17_Instance_17493" type="identity">
      <class id="PR_EXT:000005904" label="cone-rod homeobox protein"/>
      <span end="13148" id="15676071-12480" start="13145">Crx</span>
    </annotation>
    <annotation annotator="Mike Bada, University of Colorado School of Medicine" id="PR_reasoned_2017_04_17_Instance_17495" type="identity">
      <class id="PR_EXT:000005904" label="cone-rod homeobox protein"/>
      <span end="13283" id="15676071-12482" start="13280">Crx</span>
    </annotation>
    <annotation annotator="Mike Bada, University of Colorado School of Medicine" id="PR_reasoned_2017_04_17_Instance_17497" type="identity">
      <class id="PR_EXT:000005904" label="cone-rod homeobox protein"/>
      <span end="13536" id="15676071-12484" start="13533">Crx</span>
    </annotation>
    <annotation annotator="Mike Bada, University of Colorado School of Medicine" id="PR_reasoned_2017_04_17_Instance_17499" type="identity">
      <class id="PR_EXT:000005904" label="cone-rod homeobox protein"/>
      <span end="13623" id="15676071-12486" start="13620">Crx</span>
    </annotation>
    <annotation annotator="Mike Bada, University of Colorado School of Medicine" id="PR_reasoned_2017_04_17_Instance_17501" type="identity">
      <class id="PR_EXT:000005904" label="cone-rod homeobox protein"/>
      <span end="13706" id="15676071-12488" start="13703">Crx</span>
    </annotation>
    <annotation annotator="Mike Bada, University of Colorado School of Medicine" id="PR_reasoned_2017_04_17_Instance_17503" type="identity">
      <class id="PR_EXT:000005904" label="cone-rod homeobox protein"/>
      <span end="13789" id="15676071-12490" start="13786">Crx</span>
    </annotation>
    <annotation annotator="Mike Bada, University of Colorado School of Medicine" id="PR_reasoned_2017_04_17_Instance_17505" type="identity">
      <class id="PR_EXT:000005904" label="cone-rod homeobox protein"/>
      <span end="13913" id="15676071-12492" start="13910">Crx</span>
    </annotation>
    <annotation annotator="Mike Bada, University of Colorado School of Medicine" id="PR_reasoned_2017_04_17_Instance_17507" type="identity">
      <class id="PR_EXT:000005904" label="cone-rod homeobox protein"/>
      <span end="14109" id="15676071-12494" start="14106">Crx</span>
    </annotation>
    <annotation annotator="Mike Bada, University of Colorado School of Medicine" id="PR_reasoned_2017_04_17_Instance_17509" type="identity">
      <class id="PR_EXT:000001245" label="rhodopsin"/>
      <span end="14153" id="15676071-12496" start="14144">rhodopsin</span>
    </annotation>
    <annotation annotator="Mike Bada, University of Colorado School of Medicine" id="PR_reasoned_2017_04_17_Instance_140665" type="identity">
      <class id="PR_EXT:peripherin" label="peripherin"/>
      <span end="14171" id="15676071-12298" start="14161">peripherin</span>
    </annotation>
    <annotation annotator="Mike Bada, University of Colorado School of Medicine" id="PR_reasoned_2017_04_17_Instance_17511" type="identity">
      <class id="PR_EXT:000001245" label="rhodopsin"/>
      <span end="14200" id="15676071-12498" start="14191">Rhodopsin</span>
    </annotation>
    <annotation annotator="Mike Bada, University of Colorado School of Medicine" id="PR_reasoned_2017_04_17_Instance_140667" type="identity">
      <class id="PR_EXT:peripherin" label="peripherin"/>
      <span end="14215" id="15676071-12300" start="14205">peripherin</span>
    </annotation>
    <annotation annotator="Mike Bada, University of Colorado School of Medicine" id="PR_reasoned_2017_04_17_Instance_17513" type="identity">
      <class id="PR_EXT:000005904" label="cone-rod homeobox protein"/>
      <span end="14311" id="15676071-12500" start="14308">Crx</span>
    </annotation>
    <annotation annotator="Mike Bada, University of Colorado School of Medicine" id="PR_reasoned_2017_04_17_Instance_17515" type="identity">
      <class id="PR_EXT:000005904" label="cone-rod homeobox protein"/>
      <span end="14585" id="15676071-12502" start="14582">Crx</span>
    </annotation>
    <annotation annotator="Mike Bada, University of Colorado School of Medicine" id="PR_reasoned_2017_04_17_Instance_140669" type="identity">
      <class id="PR_EXT:peripherin" label="peripherin"/>
      <span end="14698" id="15676071-12302" start="14688">peripherin</span>
    </annotation>
    <annotation annotator="Mike Bada, University of Colorado School of Medicine" id="PR_reasoned_2017_04_17_Instance_17517" type="identity">
      <class id="PR_EXT:000001245" label="rhodopsin"/>
      <span end="14719" id="15676071-12504" start="14710">rhodopsin</span>
    </annotation>
    <annotation annotator="Mike Bada, University of Colorado School of Medicine" id="PR_reasoned_2017_04_17_Instance_17519" type="identity">
      <class id="PR_EXT:000005904" label="cone-rod homeobox protein"/>
      <span end="14883" id="15676071-12506" start="14880">Crx</span>
    </annotation>
    <annotation annotator="Mike Bada, University of Colorado School of Medicine" id="PR_reasoned_2017_04_17_Instance_17521" type="identity">
      <class id="PR_EXT:000005904" label="cone-rod homeobox protein"/>
      <span end="15039" id="15676071-12508" start="15036">Crx</span>
    </annotation>
    <annotation annotator="Mike Bada, University of Colorado School of Medicine" id="PR_reasoned_2017_04_17_Instance_17523" type="identity">
      <class id="PR_EXT:000005904" label="cone-rod homeobox protein"/>
      <span end="15250" id="15676071-12510" start="15247">Crx</span>
    </annotation>
    <annotation annotator="Mike Bada, University of Colorado School of Medicine" id="PR_reasoned_2017_04_17_Instance_17525" type="identity">
      <class id="PR_EXT:000005904" label="cone-rod homeobox protein"/>
      <span end="15269" id="15676071-12512" start="15266">Crx</span>
    </annotation>
    <annotation annotator="Mike Bada, University of Colorado School of Medicine" id="PR_reasoned_2017_04_17_Instance_17527" type="identity">
      <class id="PR_EXT:000005904" label="cone-rod homeobox protein"/>
      <span end="15985" id="15676071-12514" start="15982">Crx</span>
    </annotation>
    <annotation annotator="Mike Bada, University of Colorado School of Medicine" id="PR_reasoned_2017_04_17_Instance_17529" type="identity">
      <class id="PR_EXT:000005904" label="cone-rod homeobox protein"/>
      <span end="16038" id="15676071-12516" start="16035">Crx</span>
    </annotation>
    <annotation annotator="Mike Bada, University of Colorado School of Medicine" id="PR_reasoned_2017_04_17_Instance_17531" type="identity">
      <class id="PR_EXT:000005904" label="cone-rod homeobox protein"/>
      <span end="16592" id="15676071-12518" start="16589">Crx</span>
    </annotation>
    <annotation annotator="Mike Bada, University of Colorado School of Medicine" id="PR_reasoned_2017_04_17_Instance_17533" type="identity">
      <class id="PR_EXT:000005904" label="cone-rod homeobox protein"/>
      <span end="16615" id="15676071-12520" start="16612">Crx</span>
    </annotation>
    <annotation annotator="Mike Bada, University of Colorado School of Medicine" id="PR_reasoned_2017_04_17_Instance_17535" type="identity">
      <class id="PR_EXT:000005904" label="cone-rod homeobox protein"/>
      <span end="16976" id="15676071-12522" start="16973">Crx</span>
    </annotation>
    <annotation annotator="Mike Bada, University of Colorado School of Medicine" id="PR_reasoned_2017_04_17_Instance_17537" type="identity">
      <class id="PR_EXT:000005904" label="cone-rod homeobox protein"/>
      <span end="17062" id="15676071-12524" start="17059">Crx</span>
    </annotation>
    <annotation annotator="Mike Bada, University of Colorado School of Medicine" id="PR_reasoned_2017_04_17_Instance_17539" type="identity">
      <class id="PR_EXT:000005904" label="cone-rod homeobox protein"/>
      <span end="17658" id="15676071-12526" start="17655">Crx</span>
    </annotation>
    <annotation annotator="Mike Bada, University of Colorado School of Medicine" id="PR_reasoned_2017_04_17_Instance_17541" type="identity">
      <class id="PR_EXT:000005904" label="cone-rod homeobox protein"/>
      <span end="17685" id="15676071-12528" start="17682">Crx</span>
    </annotation>
    <annotation annotator="Mike Bada, University of Colorado School of Medicine" id="PR_reasoned_2017_04_17_Instance_17543" type="identity">
      <class id="PR_EXT:000005904" label="cone-rod homeobox protein"/>
      <span end="17826" id="15676071-12530" start="17823">Crx</span>
    </annotation>
    <annotation annotator="Mike Bada, University of Colorado School of Medicine" id="PR_reasoned_2017_04_17_Instance_17545" type="identity">
      <class id="PR_EXT:000005904" label="cone-rod homeobox protein"/>
      <span end="18190" id="15676071-12532" start="18187">Crx</span>
    </annotation>
    <annotation annotator="Mike Bada, University of Colorado School of Medicine" id="PR_reasoned_2017_04_17_Instance_17547" type="identity">
      <class id="PR_EXT:000005904" label="cone-rod homeobox protein"/>
      <span end="18930" id="15676071-12534" start="18927">Crx</span>
    </annotation>
    <annotation annotator="Mike Bada, University of Colorado School of Medicine" id="PR_reasoned_2017_04_17_Instance_17549" type="identity">
      <class id="PR_EXT:000005904" label="cone-rod homeobox protein"/>
      <span end="18972" id="15676071-12536" start="18969">Crx</span>
    </annotation>
    <annotation annotator="Mike Bada, University of Colorado School of Medicine" id="PR_reasoned_2017_04_17_Instance_17551" type="identity">
      <class id="PR_EXT:000005904" label="cone-rod homeobox protein"/>
      <span end="19181" id="15676071-12538" start="19178">Crx</span>
    </annotation>
    <annotation annotator="Mike Bada, University of Colorado School of Medicine" id="PR_reasoned_2017_04_17_Instance_17553" type="identity">
      <class id="PR_EXT:000005904" label="cone-rod homeobox protein"/>
      <span end="19340" id="15676071-12540" start="19337">Crx</span>
    </annotation>
    <annotation annotator="Mike Bada, University of Colorado School of Medicine" id="PR_reasoned_2017_04_17_Instance_17555" type="identity">
      <class id="PR_EXT:000005904" label="cone-rod homeobox protein"/>
      <span end="19504" id="15676071-12542" start="19501">Crx</span>
    </annotation>
    <annotation annotator="Mike Bada, University of Colorado School of Medicine" id="PR_reasoned_2017_04_17_Instance_17557" type="identity">
      <class id="PR_EXT:000005904" label="cone-rod homeobox protein"/>
      <span end="19584" id="15676071-12544" start="19581">Crx</span>
    </annotation>
    <annotation annotator="Mike Bada, University of Colorado School of Medicine" id="PR_reasoned_2017_04_17_Instance_140671" type="identity">
      <class id="PR_EXT:peripherin" label="peripherin"/>
      <span end="19724" id="15676071-12304" start="19714">peripherin</span>
    </annotation>
    <annotation annotator="Mike Bada, University of Colorado School of Medicine" id="PR_reasoned_2017_04_17_Instance_17573" type="identity">
      <class id="PR_EXT:000013290" label="peripherin-2"/>
      <span end="19728" id="15676071-12550" start="19725">RDS</span>
    </annotation>
    <annotation annotator="Mike Bada, University of Colorado School of Medicine" id="PR_reasoned_2017_04_17_Instance_17559" type="identity">
      <class id="PR_EXT:000001245" label="rhodopsin"/>
      <span end="19754" id="15676071-12546" start="19745">rhodopsin</span>
    </annotation>
    <annotation annotator="Mike Bada, University of Colorado School of Medicine" id="PR_reasoned_2017_04_17_Instance_140673" type="identity">
      <class id="PR_EXT:peripherin" label="peripherin"/>
      <span end="19832" id="15676071-12306" start="19822">peripherin</span>
    </annotation>
    <annotation annotator="Mike Bada, University of Colorado School of Medicine" id="PR_reasoned_2017_04_17_Instance_17561" type="identity">
      <class id="PR_EXT:000005904" label="cone-rod homeobox protein"/>
      <span end="19843" id="15676071-12548" start="19840">Crx</span>
    </annotation>
    <annotation annotator="Mike Bada, University of Colorado School of Medicine" id="PR_reasoned_2017_04_17_Instance_17577" type="identity">
      <class id="PR_EXT:000005904" label="cone-rod homeobox protein"/>
      <span end="19933" id="15676071-12552" start="19930">Crx</span>
    </annotation>
    <annotation annotator="Mike Bada, University of Colorado School of Medicine" id="PR_reasoned_2017_04_17_Instance_17579" type="identity">
      <class id="PR_EXT:000013290" label="peripherin-2"/>
      <span end="20020" id="15676071-12554" start="20017">rds</span>
    </annotation>
    <annotation annotator="Mike Bada, University of Colorado School of Medicine" id="PR_reasoned_2017_04_17_Instance_140675" type="identity">
      <class id="PR_EXT:peripherin" label="peripherin"/>
      <span end="20031" id="15676071-12308" start="20021">peripherin</span>
    </annotation>
    <annotation annotator="Mike Bada, University of Colorado School of Medicine" id="PR_reasoned_2017_04_17_Instance_140677" type="identity">
      <class id="PR_EXT:peripherin" label="peripherin"/>
      <span end="20224" id="15676071-12310" start="20214">peripherin</span>
    </annotation>
    <annotation annotator="Mike Bada, University of Colorado School of Medicine" id="PR_reasoned_2017_04_17_Instance_17585" type="identity">
      <class id="PR_EXT:000001245" label="rhodopsin"/>
      <span end="20434" id="15676071-12556" start="20425">rhodopsin</span>
    </annotation>
    <annotation annotator="Mike Bada, University of Colorado School of Medicine" id="PR_reasoned_2017_04_17_Instance_111730" type="identity">
      <class id="CHEBI_PR_EXT:protein" label="protein"/>
      <span end="20442" id="15676071-12272" start="20435">protein</span>
    </annotation>
    <annotation annotator="Mike Bada, University of Colorado School of Medicine" id="PR_reasoned_2017_04_17_Instance_17587" type="identity">
      <class id="PR_EXT:000001245" label="rhodopsin"/>
      <span end="20512" id="15676071-12558" start="20503">rhodopsin</span>
    </annotation>
    <annotation annotator="Mike Bada, University of Colorado School of Medicine" id="PR_reasoned_2017_04_17_Instance_140679" type="identity">
      <class id="PR_EXT:peripherin" label="peripherin"/>
      <span end="20803" id="15676071-12312" start="20793">Peripherin</span>
    </annotation>
    <annotation annotator="Mike Bada, University of Colorado School of Medicine" id="PR_reasoned_2017_04_17_Instance_17601" type="identity">
      <class id="PR_EXT:000013290" label="peripherin-2"/>
      <span end="20807" id="15676071-12570" start="20804">RDS</span>
    </annotation>
    <annotation annotator="Mike Bada, University of Colorado School of Medicine" id="PR_reasoned_2017_04_17_Instance_17589" type="identity">
      <class id="PR_EXT:000014157" label="rod outer segment membrane protein 1"/>
      <span end="20817" id="15676071-12560" start="20812">ROM-1</span>
    </annotation>
    <annotation annotator="Mike Bada, University of Colorado School of Medicine" id="PR_reasoned_2017_04_17_Instance_111732" type="identity">
      <class id="CHEBI_PR_EXT:protein" label="protein"/>
      <span end="20826" id="15676071-12274" start="20818">proteins</span>
    </annotation>
    <annotation annotator="Mike Bada, University of Colorado School of Medicine" id="PR_reasoned_2017_04_17_Instance_17591" type="identity">
      <class id="PR_EXT:000001119" label="animal opsin"/>
      <span end="20865" id="15676071-12562" start="20860">opsin</span>
    </annotation>
    <annotation annotator="Mike Bada, University of Colorado School of Medicine" id="PR_reasoned_2017_04_17_Instance_111734" type="identity">
      <class id="CHEBI_PR_EXT:protein" label="protein"/>
      <span end="20874" id="15676071-12276" start="20866">proteins</span>
    </annotation>
    <annotation annotator="Mike Bada, University of Colorado School of Medicine" id="PR_reasoned_2017_04_17_Instance_17593" type="identity">
      <class id="PR_EXT:000014157" label="rod outer segment membrane protein 1"/>
      <span end="21002" id="15676071-12564" start="20997">ROM-1</span>
    </annotation>
    <annotation annotator="Mike Bada, University of Colorado School of Medicine" id="PR_reasoned_2017_04_17_Instance_17595" type="identity">
      <class id="PR_EXT:000005904" label="cone-rod homeobox protein"/>
      <span end="21073" id="15676071-12566" start="21070">Crx</span>
    </annotation>
    <annotation annotator="Mike Bada, University of Colorado School of Medicine" id="PR_reasoned_2017_04_17_Instance_17597" type="identity">
      <class id="PR_EXT:000001245" label="rhodopsin"/>
      <span end="21257" id="15676071-12568" start="21248">rhodopsin</span>
    </annotation>
    <annotation annotator="Mike Bada, University of Colorado School of Medicine" id="PR_reasoned_2017_04_17_Instance_140681" type="identity">
      <class id="PR_EXT:peripherin" label="peripherin"/>
      <span end="21272" id="15676071-12314" start="21262">peripherin</span>
    </annotation>
    <annotation annotator="Mike Bada, University of Colorado School of Medicine" id="PR_reasoned_2017_04_17_Instance_17605" type="identity">
      <class id="PR_EXT:000005904" label="cone-rod homeobox protein"/>
      <span end="21460" id="15676071-12572" start="21457">Crx</span>
    </annotation>
    <annotation annotator="Mike Bada, University of Colorado School of Medicine" id="PR_reasoned_2017_04_17_Instance_17607" type="identity">
      <class id="PR_EXT:000001245" label="rhodopsin"/>
      <span end="21493" id="15676071-12574" start="21484">rhodopsin</span>
    </annotation>
    <annotation annotator="Mike Bada, University of Colorado School of Medicine" id="PR_reasoned_2017_04_17_Instance_17609" type="identity">
      <class id="PR_EXT:000005904" label="cone-rod homeobox protein"/>
      <span end="21535" id="15676071-12576" start="21532">Crx</span>
    </annotation>
    <annotation annotator="Mike Bada, University of Colorado School of Medicine" id="PR_reasoned_2017_04_17_Instance_140683" type="identity">
      <class id="PR_EXT:peripherin" label="peripherin"/>
      <span end="21562" id="15676071-12316" start="21552">peripherin</span>
    </annotation>
    <annotation annotator="Mike Bada, University of Colorado School of Medicine" id="PR_reasoned_2017_04_17_Instance_17613" type="identity">
      <class id="PR_EXT:000001245" label="rhodopsin"/>
      <span end="21675" id="15676071-12578" start="21666">rhodopsin</span>
    </annotation>
    <annotation annotator="Mike Bada, University of Colorado School of Medicine" id="PR_reasoned_2017_04_17_Instance_17615" type="identity">
      <class id="PR_EXT:000001245" label="rhodopsin"/>
      <span end="21758" id="15676071-12580" start="21749">rhodopsin</span>
    </annotation>
    <annotation annotator="Mike Bada, University of Colorado School of Medicine" id="PR_reasoned_2017_04_17_Instance_17617" type="identity">
      <class id="PR_EXT:000001245" label="rhodopsin"/>
      <span end="21807" id="15676071-12582" start="21798">rhodopsin</span>
    </annotation>
    <annotation annotator="Mike Bada, University of Colorado School of Medicine" id="PR_reasoned_2017_04_17_Instance_17619" type="identity">
      <class id="PR_EXT:000001245" label="rhodopsin"/>
      <span end="21906" id="15676071-12584" start="21897">rhodopsin</span>
    </annotation>
    <annotation annotator="Mike Bada, University of Colorado School of Medicine" id="PR_reasoned_2017_04_17_Instance_140685" type="identity">
      <class id="PR_EXT:P06002" label="opsin Rh1 (fruit fly)"/>
      <span end="21913" id="15676071-12318" start="21908">ninaE</span>
    </annotation>
    <annotation annotator="Mike Bada, University of Colorado School of Medicine" id="PR_reasoned_2017_04_17_Instance_140687" type="identity">
      <class id="PR_EXT:P06002" label="opsin Rh1 (fruit fly)"/>
      <span end="21961" id="15676071-12320" start="21956">ninaE</span>
    </annotation>
    <annotation annotator="Mike Bada, University of Colorado School of Medicine" id="PR_reasoned_2017_04_17_Instance_17625" type="identity">
      <class id="PR_EXT:000001245" label="rhodopsin"/>
      <span end="22132" id="15676071-12586" start="22123">rhodopsin</span>
    </annotation>
    <annotation annotator="Mike Bada, University of Colorado School of Medicine" id="PR_reasoned_2017_04_17_Instance_17627" type="identity">
      <class id="PR_EXT:000001245" label="rhodopsin"/>
      <span end="22242" id="15676071-12588" start="22233">rhodopsin</span>
    </annotation>
    <annotation annotator="Mike Bada, University of Colorado School of Medicine" id="PR_reasoned_2017_04_17_Instance_140689" type="identity">
      <class id="PR_EXT:P06002" label="opsin Rh1 (fruit fly)"/>
      <span end="22293" id="15676071-12322" start="22288">ninaE</span>
    </annotation>
    <annotation annotator="Mike Bada, University of Colorado School of Medicine" id="PR_reasoned_2017_04_17_Instance_140691" type="identity">
      <class id="PR_EXT:P06002" label="opsin Rh1 (fruit fly)"/>
      <span end="22313" id="15676071-12324" start="22308">ninaE</span>
    </annotation>
    <annotation annotator="Mike Bada, University of Colorado School of Medicine" id="PR_reasoned_2017_04_17_Instance_17633" type="identity">
      <class id="PR_EXT:000001245" label="rhodopsin"/>
      <span end="22477" id="15676071-12590" start="22468">rhodopsin</span>
    </annotation>
    <annotation annotator="Mike Bada, University of Colorado School of Medicine" id="PR_reasoned_2017_04_17_Instance_17635" type="identity">
      <class id="PR_EXT:000001245" label="rhodopsin"/>
      <span end="22717" id="15676071-12592" start="22708">rhodopsin</span>
    </annotation>
    <annotation annotator="Mike Bada, University of Colorado School of Medicine" id="PR_reasoned_2017_04_17_Instance_17637" type="identity">
      <class id="PR_EXT:000001245" label="rhodopsin"/>
      <span end="22899" id="15676071-12594" start="22890">rhodopsin</span>
    </annotation>
    <annotation annotator="Mike Bada, University of Colorado School of Medicine" id="PR_reasoned_2017_04_17_Instance_17639" type="identity">
      <class id="PR_EXT:000001245" label="rhodopsin"/>
      <span end="23029" id="15676071-12596" start="23020">rhodopsin</span>
    </annotation>
    <annotation annotator="Mike Bada, University of Colorado School of Medicine" id="PR_reasoned_2017_04_17_Instance_17641" type="identity">
      <class id="PR_EXT:000001245" label="rhodopsin"/>
      <span end="23114" id="15676071-12598" start="23105">rhodopsin</span>
    </annotation>
    <annotation annotator="Mike Bada, University of Colorado School of Medicine" id="PR_reasoned_2017_04_17_Instance_17643" type="identity">
      <class id="PR_EXT:000005904" label="cone-rod homeobox protein"/>
      <span end="23141" id="15676071-12600" start="23138">Crx</span>
    </annotation>
    <annotation annotator="Mike Bada, University of Colorado School of Medicine" id="PR_reasoned_2017_04_17_Instance_17645" type="identity">
      <class id="PR_EXT:000005904" label="cone-rod homeobox protein"/>
      <span end="23267" id="15676071-12602" start="23264">Crx</span>
    </annotation>
    <annotation annotator="Mike Bada, University of Colorado School of Medicine" id="PR_reasoned_2017_04_17_Instance_140693" type="identity">
      <class id="PR_EXT:P22810" label="homeotic protein ocelliless (fruit fly)"/>
      <span end="23297" id="15676071-12326" start="23294">Otd</span>
    </annotation>
    <annotation annotator="Mike Bada, University of Colorado School of Medicine" id="PR_reasoned_2017_04_17_Instance_17647" type="identity">
      <class id="PR_EXT:000005904" label="cone-rod homeobox protein"/>
      <span end="23362" id="15676071-12604" start="23359">Crx</span>
    </annotation>
    <annotation annotator="Mike Bada, University of Colorado School of Medicine" id="PR_reasoned_2017_04_17_Instance_140695" type="identity">
      <class id="PR_EXT:P22810" label="homeotic protein ocelliless (fruit fly)"/>
      <span end="23430" id="15676071-12328" start="23427">otd</span>
    </annotation>
    <annotation annotator="Mike Bada, University of Colorado School of Medicine" id="PR_reasoned_2017_04_17_Instance_140697" type="identity">
      <class id="PR_EXT:P22810" label="homeotic protein ocelliless (fruit fly)"/>
      <span end="23435" id="15676071-12330" start="23432">otd</span>
    </annotation>
    <annotation annotator="Mike Bada, University of Colorado School of Medicine" id="PR_reasoned_2017_04_17_Instance_17649" type="identity">
      <class id="PR_EXT:000005904" label="cone-rod homeobox protein"/>
      <span end="23561" id="15676071-12606" start="23558">Crx</span>
    </annotation>
    <annotation annotator="Mike Bada, University of Colorado School of Medicine" id="PR_reasoned_2017_04_17_Instance_17651" type="identity">
      <class id="PR_EXT:000005904" label="cone-rod homeobox protein"/>
      <span end="23615" id="15676071-12608" start="23612">Crx</span>
    </annotation>
    <annotation annotator="Mike Bada, University of Colorado School of Medicine" id="PR_reasoned_2017_04_17_Instance_17653" type="identity">
      <class id="PR_EXT:000001245" label="rhodopsin"/>
      <span end="23644" id="15676071-12610" start="23635">rhodopsin</span>
    </annotation>
    <annotation annotator="Mike Bada, University of Colorado School of Medicine" id="PR_reasoned_2017_04_17_Instance_140699" type="identity">
      <class id="PR_EXT:peripherin" label="peripherin"/>
      <span end="23659" id="15676071-12332" start="23649">peripherin</span>
    </annotation>
    <annotation annotator="Mike Bada, University of Colorado School of Medicine" id="PR_reasoned_2017_04_17_Instance_111736" type="identity">
      <class id="CHEBI_PR_EXT:protein" label="protein"/>
      <span end="23824" id="15676071-12278" start="23817">protein</span>
    </annotation>
    <annotation annotator="Mike Bada, University of Colorado School of Medicine" id="PR_reasoned_2017_04_17_Instance_111738" type="identity">
      <class id="CHEBI_PR_EXT:protein" label="protein"/>
      <span end="24145" id="15676071-12280" start="24137">proteins</span>
    </annotation>
    <annotation annotator="Mike Bada, University of Colorado School of Medicine" id="PR_reasoned_2017_04_17_Instance_17657" type="identity">
      <class id="PR_EXT:000005848" label="protein crumbs homolog 1"/>
      <span end="24393" id="15676071-12612" start="24389">CRB1</span>
    </annotation>
    <annotation annotator="Mike Bada, University of Colorado School of Medicine" id="PR_reasoned_2017_04_17_Instance_17659" type="identity">
      <class id="PR_EXT:000005850" label="protein crumbs homolog 3"/>
      <span end="24418" id="15676071-12614" start="24414">CRB3</span>
    </annotation>
    <annotation annotator="Mike Bada, University of Colorado School of Medicine" id="PR_reasoned_2017_04_17_Instance_17661" type="identity">
      <class id="PR_EXT:000005848" label="protein crumbs homolog 1"/>
      <span end="24514" id="15676071-12616" start="24510">CRB1</span>
    </annotation>
    <annotation annotator="Mike Bada, University of Colorado School of Medicine" id="PR_reasoned_2017_04_17_Instance_140701" type="identity">
      <class id="PR_EXT:P10040" label="protein crumbs (fruit fly)"/>
      <span end="24522" id="15676071-12334" start="24516">Crumbs</span>
    </annotation>
    <annotation annotator="Mike Bada, University of Colorado School of Medicine" id="PR_reasoned_2017_04_17_Instance_17663" type="identity">
      <class id="PR_EXT:000005848" label="protein crumbs homolog 1"/>
      <span end="24638" id="15676071-12618" start="24634">CRB1</span>
    </annotation>
    <annotation annotator="Mike Bada, University of Colorado School of Medicine" id="PR_reasoned_2017_04_17_Instance_17665" type="identity">
      <class id="PR_EXT:000005848" label="protein crumbs homolog 1"/>
      <span end="24823" id="15676071-12620" start="24819">CRB1</span>
    </annotation>
    <annotation annotator="Mike Bada, University of Colorado School of Medicine" id="PR_reasoned_2017_04_17_Instance_17667" type="identity">
      <class id="PR_EXT:000005904" label="cone-rod homeobox protein"/>
      <span end="24831" id="15676071-12622" start="24828">Crx</span>
    </annotation>
    <annotation annotator="Mike Bada, University of Colorado School of Medicine" id="PR_reasoned_2017_04_17_Instance_17669" type="identity">
      <class id="PR_EXT:000005904" label="cone-rod homeobox protein"/>
      <span end="24988" id="15676071-12624" start="24985">Crx</span>
    </annotation>
    <annotation annotator="Mike Bada, University of Colorado School of Medicine" id="PR_reasoned_2017_04_17_Instance_17671" type="identity">
      <class id="PR_EXT:000005904" label="cone-rod homeobox protein"/>
      <span end="25015" id="15676071-12626" start="25012">Crx</span>
    </annotation>
    <annotation annotator="Mike Bada, University of Colorado School of Medicine" id="PR_reasoned_2017_04_17_Instance_140703" type="identity">
      <class id="PR_EXT:peripherin" label="peripherin"/>
      <span end="25124" id="15676071-12336" start="25114">peripherin</span>
    </annotation>
    <annotation annotator="Mike Bada, University of Colorado School of Medicine" id="PR_reasoned_2017_04_17_Instance_17675" type="identity">
      <class id="PR_EXT:000001245" label="rhodopsin"/>
      <span end="25277" id="15676071-12628" start="25268">rhodopsin</span>
    </annotation>
    <annotation annotator="Mike Bada, University of Colorado School of Medicine" id="PR_reasoned_2017_04_17_Instance_17677" type="identity">
      <class id="PR_EXT:000001245" label="rhodopsin"/>
      <span end="25282" id="15676071-12630" start="25279">Rho</span>
    </annotation>
    <annotation annotator="Mike Bada, University of Colorado School of Medicine" id="PR_reasoned_2017_04_17_Instance_17683" type="identity">
      <class id="PR_EXT:000000696" label="cyclic nucleotide-gated cation channel alpha-3"/>
      <span end="25328" id="15676071-12636" start="25288">cyclic nucleotide-gated channel, alpha-3</span>
    </annotation>
    <annotation annotator="Mike Bada, University of Colorado School of Medicine" id="PR_reasoned_2017_04_17_Instance_17681" type="identity">
      <class id="PR_EXT:000000696" label="cyclic nucleotide-gated cation channel alpha-3"/>
      <span end="25335" id="15676071-12634" start="25330">CNGA3</span>
    </annotation>
    <annotation annotator="Mike Bada, University of Colorado School of Medicine" id="PR_reasoned_2017_04_17_Instance_17679" type="identity">
      <class id="PR_EXT:000001245" label="rhodopsin"/>
      <span end="25362" id="15676071-12632" start="25359">Rho</span>
    </annotation>
    <annotation annotator="Mike Bada, University of Colorado School of Medicine" id="PR_reasoned_2017_04_17_Instance_17685" type="identity">
      <class id="PR_EXT:000000696" label="cyclic nucleotide-gated cation channel alpha-3"/>
      <span end="25372" id="15676071-12638" start="25367">CNGA3</span>
    </annotation>
    <annotation annotator="Mike Bada, University of Colorado School of Medicine" id="PR_reasoned_2017_04_17_Instance_140705" type="identity">
      <class id="PR_EXT:peripherin" label="peripherin"/>
      <span end="25647" id="15676071-12338" start="25637">peripherin</span>
    </annotation>
    <annotation annotator="Mike Bada, University of Colorado School of Medicine" id="PR_reasoned_2017_04_17_Instance_17689" type="identity">
      <class id="PR_EXT:000005904" label="cone-rod homeobox protein"/>
      <span end="26127" id="15676071-12640" start="26124">Crx</span>
    </annotation>
    <annotation annotator="Mike Bada, University of Colorado School of Medicine" id="PR_reasoned_2017_04_17_Instance_17691" type="identity">
      <class id="PR_EXT:000005904" label="cone-rod homeobox protein"/>
      <span end="26268" id="15676071-12642" start="26265">Crx</span>
    </annotation>
    <annotation annotator="Mike Bada, University of Colorado School of Medicine" id="PR_reasoned_2017_04_17_Instance_111740" type="identity">
      <class id="CHEBI_PR_EXT:protein" label="protein"/>
      <span end="26493" id="15676071-12282" start="26485">proteins</span>
    </annotation>
    <annotation annotator="Mike Bada, University of Colorado School of Medicine" id="PR_reasoned_2017_04_17_Instance_17693" type="identity">
      <class id="PR_EXT:000009311" label="kinesin-like protein KIF3A"/>
      <span end="26510" id="15676071-12644" start="26505">KIF3a</span>
    </annotation>
    <annotation annotator="Mike Bada, University of Colorado School of Medicine" id="PR_reasoned_2017_04_17_Instance_17697" type="identity">
      <class id="PR_EXT:000015849" label="synaptic vesicle glycoprotein 2A"/>
      <span end="26515" id="15676071-12648" start="26512">SV2</span>
    </annotation>
    <annotation annotator="Mike Bada, University of Colorado School of Medicine" id="PR_reasoned_2017_04_17_Instance_17695" type="identity">
      <class id="PR_EXT:000015890" label="synaptophysin"/>
      <span end="26534" id="15676071-12646" start="26521">synaptophysin</span>
    </annotation>
    <annotation annotator="Mike Bada, University of Colorado School of Medicine" id="PR_reasoned_2017_04_17_Instance_17699" type="identity">
      <class id="PR_EXT:000005904" label="cone-rod homeobox protein"/>
      <span end="26598" id="15676071-12650" start="26595">Crx</span>
    </annotation>
    <annotation annotator="Mike Bada, University of Colorado School of Medicine" id="PR_reasoned_2017_04_17_Instance_17701" type="identity">
      <class id="PR_EXT:000005904" label="cone-rod homeobox protein"/>
      <span end="26972" id="15676071-12652" start="26969">Crx</span>
    </annotation>
    <annotation annotator="Mike Bada, University of Colorado School of Medicine" id="PR_reasoned_2017_04_17_Instance_111742" type="identity">
      <class id="CHEBI_PR_EXT:protein" label="protein"/>
      <span end="27101" id="15676071-12284" start="27093">proteins</span>
    </annotation>
    <annotation annotator="Mike Bada, University of Colorado School of Medicine" id="PR_reasoned_2017_04_17_Instance_17709" type="identity">
      <class id="PR_EXT:000008536" label="hepatocyte growth factor-regulated tyrosine kinase substrate"/>
      <span end="27256" id="15676071-12658" start="27217">HGF-regulated tyrosine kinase substrate</span>
    </annotation>
    <annotation annotator="Mike Bada, University of Colorado School of Medicine" id="PR_reasoned_2017_04_17_Instance_17703" type="identity">
      <class id="PR_EXT:000005877" label="cysteine-rich PDZ-binding protein"/>
      <span end="27267" id="15676071-12654" start="27262">CRIPT</span>
    </annotation>
    <annotation annotator="Mike Bada, University of Colorado School of Medicine" id="PR_reasoned_2017_04_17_Instance_111744" type="identity">
      <class id="CHEBI_PR_EXT:protein" label="protein"/>
      <span end="27275" id="15676071-12286" start="27268">protein</span>
    </annotation>
    <annotation annotator="Mike Bada, University of Colorado School of Medicine" id="PR_reasoned_2017_04_17_Instance_17705" type="identity">
      <class id="PR_EXT:000015894" label="synaptotagmin-1"/>
      <span end="27296" id="15676071-12656" start="27281">synaptotagmin 1</span>
    </annotation>
    <annotation annotator="Mike Bada, University of Colorado School of Medicine" id="PR_reasoned_2017_04_17_Instance_17711" type="identity">
      <class id="PR_EXT:000005904" label="cone-rod homeobox protein"/>
      <span end="27388" id="15676071-12660" start="27385">Crx</span>
    </annotation>
    <annotation annotator="Mike Bada, University of Colorado School of Medicine" id="PR_reasoned_2017_04_17_Instance_17713" type="identity">
      <class id="PR_EXT:000017084" label="protein unc-119 homolog A"/>
      <span end="27406" id="15676071-12662" start="27402">HRG4</span>
    </annotation>
    <annotation annotator="Mike Bada, University of Colorado School of Medicine" id="PR_reasoned_2017_04_17_Instance_140707" type="identity">
      <class id="PR_EXT:Q10658" label="protein unc-119 (Caenorhabditis elegans)"/>
      <span end="27444" id="15676071-12340" start="27438">Unc119</span>
    </annotation>
    <annotation annotator="Mike Bada, University of Colorado School of Medicine" id="PR_reasoned_2017_04_17_Instance_17721" type="identity">
      <class id="PR_EXT:000010142" label="microtubule-associated protein 4"/>
      <span end="27764" id="15676071-12668" start="27732">microtubule associated protein 4</span>
    </annotation>
    <annotation annotator="Mike Bada, University of Colorado School of Medicine" id="PR_reasoned_2017_04_17_Instance_17719" type="identity">
      <class id="PR_EXT:000005385" label="cofilin-1"/>
      <span end="27794" id="15676071-12666" start="27785">cofilin 1</span>
    </annotation>
    <annotation annotator="Mike Bada, University of Colorado School of Medicine" id="PR_reasoned_2017_04_17_Instance_17717" type="identity">
      <class id="PR_EXT:000005904" label="cone-rod homeobox protein"/>
      <span end="27806" id="15676071-12664" start="27803">Crx</span>
    </annotation>
    <annotation annotator="Mike Bada, University of Colorado School of Medicine" id="PR_reasoned_2017_04_17_Instance_17723" type="identity">
      <class id="PR_EXT:000009655" label="laminin subunit beta-2"/>
      <span end="28225" id="15676071-12670" start="28206">laminin beta2 chain</span>
    </annotation>
    <annotation annotator="Mike Bada, University of Colorado School of Medicine" id="PR_reasoned_2017_04_17_Instance_17727" type="identity">
      <class id="PR_EXT:000009655" label="laminin subunit beta-2"/>
      <span end="28320" id="15676071-12674" start="28301">laminin beta2 chain</span>
    </annotation>
    <annotation annotator="Mike Bada, University of Colorado School of Medicine" id="PR_reasoned_2017_04_17_Instance_17725" type="identity">
      <class id="PR_EXT:000005904" label="cone-rod homeobox protein"/>
      <span end="28427" id="15676071-12672" start="28424">Crx</span>
    </annotation>
    <annotation annotator="Mike Bada, University of Colorado School of Medicine" id="PR_reasoned_2017_04_17_Instance_17729" type="identity">
      <class id="PR_EXT:000009655" label="laminin subunit beta-2"/>
      <span end="28547" id="15676071-12676" start="28534">laminin beta2</span>
    </annotation>
    <annotation annotator="Mike Bada, University of Colorado School of Medicine" id="PR_reasoned_2017_04_17_Instance_17731" type="identity">
      <class id="PR_EXT:000005904" label="cone-rod homeobox protein"/>
      <span end="28613" id="15676071-12678" start="28610">Crx</span>
    </annotation>
    <annotation annotator="Mike Bada, University of Colorado School of Medicine" id="PR_reasoned_2017_04_17_Instance_17733" type="identity">
      <class id="PR_EXT:000009655" label="laminin subunit beta-2"/>
      <span end="28661" id="15676071-12680" start="28656">beta2</span>
    </annotation>
    <annotation annotator="Mike Bada, University of Colorado School of Medicine" id="PR_reasoned_2017_04_17_Instance_17735" type="identity">
      <class id="PR_EXT:000009655" label="laminin subunit beta-2"/>
      <span end="28965" id="15676071-12682" start="28952">laminin beta2</span>
    </annotation>
    <annotation annotator="Mike Bada, University of Colorado School of Medicine" id="PR_reasoned_2017_04_17_Instance_17737" type="identity">
      <class id="PR_EXT:000005904" label="cone-rod homeobox protein"/>
      <span end="29034" id="15676071-12684" start="29031">Crx</span>
    </annotation>
    <annotation annotator="Mike Bada, University of Colorado School of Medicine" id="PR_reasoned_2017_04_17_Instance_17739" type="identity">
      <class id="PR_EXT:000005904" label="cone-rod homeobox protein"/>
      <span end="29045" id="15676071-12686" start="29042">Crx</span>
    </annotation>
    <annotation annotator="Mike Bada, University of Colorado School of Medicine" id="PR_reasoned_2017_04_17_Instance_17741" type="identity">
      <class id="PR_EXT:000009655" label="laminin subunit beta-2"/>
      <span end="29122" id="15676071-12688" start="29109">laminin beta2</span>
    </annotation>
    <annotation annotator="Mike Bada, University of Colorado School of Medicine" id="PR_reasoned_2017_04_17_Instance_17743" type="identity">
      <class id="PR_EXT:000005904" label="cone-rod homeobox protein"/>
      <span end="29141" id="15676071-12690" start="29138">Crx</span>
    </annotation>
    <annotation annotator="Mike Bada, University of Colorado School of Medicine" id="PR_reasoned_2017_04_17_Instance_17745" type="identity">
      <class id="PR_EXT:000005904" label="cone-rod homeobox protein"/>
      <span end="29174" id="15676071-12692" start="29171">Crx</span>
    </annotation>
    <annotation annotator="Mike Bada, University of Colorado School of Medicine" id="PR_reasoned_2017_04_17_Instance_111748" type="identity">
      <class id="CHEBI_PR_EXT:protein" label="protein"/>
      <span end="29735" id="15676071-12288" start="29727">proteins</span>
    </annotation>
    <annotation annotator="Mike Bada, University of Colorado School of Medicine" id="PR_reasoned_2017_04_17_Instance_111750" type="identity">
      <class id="CHEBI_PR_EXT:protein" label="protein"/>
      <span end="29863" id="15676071-12290" start="29855">proteins</span>
    </annotation>
    <annotation annotator="Mike Bada, University of Colorado School of Medicine" id="PR_reasoned_2017_04_17_Instance_17747" type="identity">
      <class id="PR_EXT:000001245" label="rhodopsin"/>
      <span end="30000" id="15676071-12694" start="29991">rhodopsin</span>
    </annotation>
    <annotation annotator="Mike Bada, University of Colorado School of Medicine" id="PR_reasoned_2017_04_17_Instance_17749" type="identity">
      <class id="PR_EXT:000005904" label="cone-rod homeobox protein"/>
      <span end="30077" id="15676071-12696" start="30074">Crx</span>
    </annotation>
    <annotation annotator="Mike Bada, University of Colorado School of Medicine" id="PR_reasoned_2017_04_17_Instance_17751" type="identity">
      <class id="PR_EXT:000005904" label="cone-rod homeobox protein"/>
      <span end="30355" id="15676071-12698" start="30352">Crx</span>
    </annotation>
    <annotation annotator="Mike Bada, University of Colorado School of Medicine" id="PR_reasoned_2017_04_17_Instance_17753" type="identity">
      <class id="PR_EXT:000005904" label="cone-rod homeobox protein"/>
      <span end="30486" id="15676071-12700" start="30483">Crx</span>
    </annotation>
    <annotation annotator="Mike Bada, University of Colorado School of Medicine" id="PR_reasoned_2017_04_17_Instance_17755" type="identity">
      <class id="PR_EXT:000014179" label="retinal pigment epithelium-specific 65 kDa protein"/>
      <span end="30908" id="15676071-12702" start="30903">RPE65</span>
    </annotation>
    <annotation annotator="Mike Bada, University of Colorado School of Medicine" id="PR_reasoned_2017_04_17_Instance_17757" type="identity">
      <class id="PR_EXT:000005904" label="cone-rod homeobox protein"/>
      <span end="31601" id="15676071-12704" start="31598">Crx</span>
    </annotation>
    <annotation annotator="Mike Bada, University of Colorado School of Medicine" id="PR_reasoned_2017_04_17_Instance_17759" type="identity">
      <class id="PR_EXT:000001245" label="rhodopsin"/>
      <span end="31661" id="15676071-12706" start="31653">Rhodosin</span>
    </annotation>
    <annotation annotator="Mike Bada, University of Colorado School of Medicine" id="PR_reasoned_2017_04_17_Instance_17761" type="identity">
      <class id="PR_EXT:000013290" label="peripherin-2"/>
      <span end="31738" id="15676071-12708" start="31735">Rds</span>
    </annotation>
    <annotation annotator="Mike Bada, University of Colorado School of Medicine" id="PR_reasoned_2017_04_17_Instance_17763" type="identity">
      <class id="PR_EXT:000005904" label="cone-rod homeobox protein"/>
      <span end="31832" id="15676071-12710" start="31829">Crx</span>
    </annotation>
    <annotation annotator="Mike Bada, University of Colorado School of Medicine" id="PR_reasoned_2017_04_17_Instance_17765" type="identity">
      <class id="PR_EXT:000005904" label="cone-rod homeobox protein"/>
      <span end="33146" id="15676071-12712" start="33143">Crx</span>
    </annotation>
    <annotation annotator="Mike Bada, University of Colorado School of Medicine" id="PR_reasoned_2017_04_17_Instance_17769" type="identity">
      <class id="PR_EXT:000001245" label="rhodopsin"/>
      <span end="33160" id="15676071-12716" start="33151">rhodopsin</span>
    </annotation>
    <annotation annotator="Mike Bada, University of Colorado School of Medicine" id="PR_reasoned_2017_04_17_Instance_17767" type="identity">
      <class id="PR_EXT:000013290" label="peripherin-2"/>
      <span end="33168" id="15676071-12714" start="33165">RDS</span>
    </annotation>
    <annotation annotator="Mike Bada, University of Colorado School of Medicine" id="PR_reasoned_2017_04_17_Instance_17771" type="identity">
      <class id="PR_EXT:000005904" label="cone-rod homeobox protein"/>
      <span end="33825" id="15676071-12718" start="33822">Crx</span>
    </annotation>
    <graph-space id="Old Knowtator Relations"/>
  </document>
</knowtator-project>
