<?xml version="1.0" encoding="UTF-8" standalone="no"?>
<knowtator-project>
  <document id="15917436" text-file="15917436.txt">
    <annotation annotator="Mike Bada, University of Colorado School of Medicine" id="PR_reasoned_2017_04_17_Instance_20349" type="identity">
      <class id="PR_EXT:000010246" label="DNA replication licensing factor MCM4"/>
      <span end="46" id="15917436-16167" start="42">MCM4</span>
    </annotation>
    <annotation annotator="Mike Bada, University of Colorado School of Medicine" id="PR_reasoned_2017_04_17_Instance_20351" type="identity">
      <class id="PR_EXT:000010246" label="DNA replication licensing factor MCM4"/>
      <span end="229" id="15917436-16169" start="225">Mcm4</span>
    </annotation>
    <annotation annotator="Mike Bada, University of Colorado School of Medicine" id="PR_reasoned_2017_04_17_Instance_20353" type="identity">
      <class id="PR_EXT:000010246" label="DNA replication licensing factor MCM4"/>
      <span end="427" id="15917436-16171" start="423">Mcm4</span>
    </annotation>
    <annotation annotator="Mike Bada, University of Colorado School of Medicine" id="PR_reasoned_2017_04_17_Instance_20355" type="identity">
      <class id="PR_EXT:000010246" label="DNA replication licensing factor MCM4"/>
      <span end="771" id="15917436-16173" start="767">Mcm4</span>
    </annotation>
    <annotation annotator="Mike Bada, University of Colorado School of Medicine" id="PR_reasoned_2017_04_17_Instance_20357" type="identity">
      <class id="PR_EXT:000010246" label="DNA replication licensing factor MCM4"/>
      <span end="834" id="15917436-16175" start="830">Mcm4</span>
    </annotation>
    <annotation annotator="Mike Bada, University of Colorado School of Medicine" id="PR_reasoned_2017_04_17_Instance_20359" type="identity">
      <class id="PR_EXT:000010246" label="DNA replication licensing factor MCM4"/>
      <span end="1119" id="15917436-16177" start="1115">Mcm4</span>
    </annotation>
    <annotation annotator="Mike Bada, University of Colorado School of Medicine" id="PR_reasoned_2017_04_17_Instance_20361" type="identity">
      <class id="PR_EXT:000010246" label="DNA replication licensing factor MCM4"/>
      <span end="1318" id="15917436-16179" start="1314">Mcm4</span>
    </annotation>
    <annotation annotator="Mike Bada, University of Colorado School of Medicine" id="PR_reasoned_2017_04_17_Instance_19239" type="identity">
      <class id="PR_EXT:000022460" label="replicative DNA helicase"/>
      <span end="2043" id="15917436-16163" start="2039">DnaB</span>
    </annotation>
    <annotation annotator="Mike Bada, University of Colorado School of Medicine" id="PR_reasoned_2017_04_17_Instance_19241" type="identity">
      <class id="PR_EXT:000010246" label="DNA replication licensing factor MCM4"/>
      <span end="2177" id="15917436-16165" start="2173">Mcm4</span>
    </annotation>
    <annotation annotator="Mike Bada, University of Colorado School of Medicine" id="PR_reasoned_2017_04_17_Instance_111976" type="identity">
      <class id="CHEBI_PR_EXT:protein" label="protein"/>
      <span end="2190" id="15917436-16097" start="2182">proteins</span>
    </annotation>
    <annotation annotator="Mike Bada, University of Colorado School of Medicine" id="PR_reasoned_2017_04_17_Instance_20369" type="identity">
      <class id="PR_EXT:000010249" label="DNA replication licensing factor MCM7"/>
      <span end="2216" id="15917436-16183" start="2213">Mcm</span>
      <span end="2220" id="15917436-16184" start="2219">7</span>
    </annotation>
    <annotation annotator="Mike Bada, University of Colorado School of Medicine" id="PR_reasoned_2017_04_17_Instance_20367" type="identity">
      <class id="PR_EXT:000010242" label="DNA replication licensing factor MCM2"/>
      <span end="2218" id="15917436-16181" start="2213">Mcm 2</span>
    </annotation>
    <annotation annotator="Mike Bada, University of Colorado School of Medicine" id="PR_reasoned_2017_04_17_Instance_111978" type="identity">
      <class id="CHEBI_PR_EXT:protein" label="protein"/>
      <span end="2229" id="15917436-16099" start="2221">proteins</span>
    </annotation>
    <annotation annotator="Mike Bada, University of Colorado School of Medicine" id="PR_reasoned_2017_04_17_Instance_111980" type="identity">
      <class id="CHEBI_PR_EXT:protein" label="protein"/>
      <span end="2373" id="15917436-16101" start="2365">proteins</span>
    </annotation>
    <annotation annotator="Mike Bada, University of Colorado School of Medicine" id="PR_reasoned_2017_04_17_Instance_20371" type="identity">
      <class id="PR_EXT:000010246" label="DNA replication licensing factor MCM4"/>
      <span end="2401" id="15917436-16186" start="2397">Mcm4</span>
    </annotation>
    <annotation annotator="Mike Bada, University of Colorado School of Medicine" id="PR_reasoned_2017_04_17_Instance_20373" type="identity">
      <class id="PR_EXT:000010246" label="DNA replication licensing factor MCM4"/>
      <span end="2500" id="15917436-16188" start="2496">Mcm4</span>
    </annotation>
    <annotation annotator="Mike Bada, University of Colorado School of Medicine" id="PR_reasoned_2017_04_17_Instance_20375" type="identity">
      <class id="PR_EXT:000010248" label="DNA replication licensing factor MCM6"/>
      <span end="2506" id="15917436-16190" start="2502">Mcm6</span>
    </annotation>
    <annotation annotator="Mike Bada, University of Colorado School of Medicine" id="PR_reasoned_2017_04_17_Instance_20377" type="identity">
      <class id="PR_EXT:000010249" label="DNA replication licensing factor MCM7"/>
      <span end="2515" id="15917436-16192" start="2511">Mcm7</span>
    </annotation>
    <annotation annotator="Mike Bada, University of Colorado School of Medicine" id="PR_reasoned_2017_04_17_Instance_111982" type="identity">
      <class id="CHEBI_PR_EXT:protein" label="protein"/>
      <span end="2524" id="15917436-16103" start="2516">proteins</span>
    </annotation>
    <annotation annotator="Mike Bada, University of Colorado School of Medicine" id="PR_reasoned_2017_04_17_Instance_20379" type="identity">
      <class id="PR_EXT:000010242" label="DNA replication licensing factor MCM2"/>
      <span end="2590" id="15917436-16194" start="2586">Mcm2</span>
    </annotation>
    <annotation annotator="Mike Bada, University of Colorado School of Medicine" id="PR_reasoned_2017_04_17_Instance_20381" type="identity">
      <class id="PR_EXT:000010243" label="DNA replication licensing factor MCM3"/>
      <span end="2598" id="15917436-16196" start="2594">Mcm3</span>
    </annotation>
    <annotation annotator="Mike Bada, University of Colorado School of Medicine" id="PR_reasoned_2017_04_17_Instance_20383" type="identity">
      <class id="PR_EXT:000010246" label="DNA replication licensing factor MCM4"/>
      <span end="2642" id="15917436-16198" start="2638">Mcm4</span>
    </annotation>
    <annotation annotator="Mike Bada, University of Colorado School of Medicine" id="PR_reasoned_2017_04_17_Instance_20385" type="identity">
      <class id="PR_EXT:000010246" label="DNA replication licensing factor MCM4"/>
      <span end="3087" id="15917436-16200" start="3083">Mcm4</span>
    </annotation>
    <annotation annotator="Mike Bada, University of Colorado School of Medicine" id="PR_reasoned_2017_04_17_Instance_20387" type="identity">
      <class id="PR_EXT:000010246" label="DNA replication licensing factor MCM4"/>
      <span end="3211" id="15917436-16202" start="3207">Mcm4</span>
    </annotation>
    <annotation annotator="Mike Bada, University of Colorado School of Medicine" id="PR_reasoned_2017_04_17_Instance_20389" type="identity">
      <class id="PR_EXT:000010246" label="DNA replication licensing factor MCM4"/>
      <span end="3448" id="15917436-16204" start="3444">Mcm4</span>
    </annotation>
    <annotation annotator="Mike Bada, University of Colorado School of Medicine" id="PR_reasoned_2017_04_17_Instance_20437" type="identity">
      <class id="PR_EXT:000010246" label="DNA replication licensing factor MCM4"/>
      <span end="3905" id="15917436-16206" start="3901">Mcm4</span>
    </annotation>
    <annotation annotator="Mike Bada, University of Colorado School of Medicine" id="PR_reasoned_2017_04_17_Instance_20439" type="identity">
      <class id="PR_EXT:000010246" label="DNA replication licensing factor MCM4"/>
      <span end="4246" id="15917436-16208" start="4242">Mcm4</span>
    </annotation>
    <annotation annotator="Mike Bada, University of Colorado School of Medicine" id="PR_reasoned_2017_04_17_Instance_20441" type="identity">
      <class id="PR_EXT:000010246" label="DNA replication licensing factor MCM4"/>
      <span end="4425" id="15917436-16210" start="4421">Mcm4</span>
    </annotation>
    <annotation annotator="Mike Bada, University of Colorado School of Medicine" id="PR_reasoned_2017_04_17_Instance_20443" type="identity">
      <class id="PR_EXT:000012924" label="bifunctional polynucleotide phosphatase/kinase"/>
      <span end="4808" id="15917436-16212" start="4787">polynucleotide kinase</span>
    </annotation>
    <annotation annotator="Mike Bada, University of Colorado School of Medicine" id="PR_reasoned_2017_04_17_Instance_150886" type="identity">
      <class id="GO_PR_EXT:deoxyribonuclease_I" label="deoxyribonuclease I"/>
      <span end="4817" id="15917436-16147" start="4810">DNase I</span>
    </annotation>
    <annotation annotator="Mike Bada, University of Colorado School of Medicine" id="PR_reasoned_2017_04_17_Instance_20447" type="identity">
      <class id="PR_EXT:000023591" label="primosomal protein N'"/>
      <span end="5050" id="15917436-16214" start="5046">PriA</span>
    </annotation>
    <annotation annotator="Mike Bada, University of Colorado School of Medicine" id="PR_reasoned_2017_04_17_Instance_111984" type="identity">
      <class id="CHEBI_PR_EXT:protein" label="protein"/>
      <span end="5067" id="15917436-16105" start="5060">protein</span>
    </annotation>
    <annotation annotator="Mike Bada, University of Colorado School of Medicine" id="PR_reasoned_2017_04_17_Instance_20449" type="identity">
      <class id="PR_EXT:000010246" label="DNA replication licensing factor MCM4"/>
      <span end="5349" id="15917436-16216" start="5345">Mcm4</span>
    </annotation>
    <annotation annotator="Mike Bada, University of Colorado School of Medicine" id="PR_reasoned_2017_04_17_Instance_20451" type="identity">
      <class id="PR_EXT:000010246" label="DNA replication licensing factor MCM4"/>
      <span end="5413" id="15917436-16218" start="5409">Mcm4</span>
    </annotation>
    <annotation annotator="Mike Bada, University of Colorado School of Medicine" id="PR_reasoned_2017_04_17_Instance_20453" type="identity">
      <class id="PR_EXT:000010248" label="DNA replication licensing factor MCM6"/>
      <span end="5418" id="15917436-16220" start="5414">Mcm6</span>
    </annotation>
    <annotation annotator="Mike Bada, University of Colorado School of Medicine" id="PR_reasoned_2017_04_17_Instance_20455" type="identity">
      <class id="PR_EXT:000010249" label="DNA replication licensing factor MCM7"/>
      <span end="5426" id="15917436-16222" start="5422">Mcm7</span>
    </annotation>
    <annotation annotator="Mike Bada, University of Colorado School of Medicine" id="PR_reasoned_2017_04_17_Instance_111986" type="identity">
      <class id="CHEBI_PR_EXT:protein" label="protein"/>
      <span end="5440" id="15917436-16107" start="5432">proteins</span>
    </annotation>
    <annotation annotator="Mike Bada, University of Colorado School of Medicine" id="PR_reasoned_2017_04_17_Instance_20457" type="identity">
      <class id="PR_EXT:000010246" label="DNA replication licensing factor MCM4"/>
      <span end="5651" id="15917436-16224" start="5647">Mcm4</span>
    </annotation>
    <annotation annotator="Mike Bada, University of Colorado School of Medicine" id="PR_reasoned_2017_04_17_Instance_111988" type="identity">
      <class id="CHEBI_PR_EXT:protein" label="protein"/>
      <span end="5664" id="15917436-16109" start="5656">proteins</span>
    </annotation>
    <annotation annotator="Mike Bada, University of Colorado School of Medicine" id="PR_reasoned_2017_04_17_Instance_20459" type="identity">
      <class id="PR_EXT:000010246" label="DNA replication licensing factor MCM4"/>
      <span end="5753" id="15917436-16226" start="5749">Mcm4</span>
    </annotation>
    <annotation annotator="Mike Bada, University of Colorado School of Medicine" id="PR_reasoned_2017_04_17_Instance_20461" type="identity">
      <class id="PR_EXT:000010248" label="DNA replication licensing factor MCM6"/>
      <span end="5758" id="15917436-16228" start="5754">Mcm6</span>
    </annotation>
    <annotation annotator="Mike Bada, University of Colorado School of Medicine" id="PR_reasoned_2017_04_17_Instance_111990" type="identity">
      <class id="CHEBI_PR_EXT:protein" label="protein"/>
      <span end="5767" id="15917436-16111" start="5759">proteins</span>
    </annotation>
    <annotation annotator="Mike Bada, University of Colorado School of Medicine" id="PR_reasoned_2017_04_17_Instance_20463" type="identity">
      <class id="PR_EXT:000010249" label="DNA replication licensing factor MCM7"/>
      <span end="5797" id="15917436-16230" start="5793">Mcm7</span>
    </annotation>
    <annotation annotator="Mike Bada, University of Colorado School of Medicine" id="PR_reasoned_2017_04_17_Instance_20465" type="identity">
      <class id="PR_EXT:000010246" label="DNA replication licensing factor MCM4"/>
      <span end="5867" id="15917436-16232" start="5863">Mcm4</span>
    </annotation>
    <annotation annotator="Mike Bada, University of Colorado School of Medicine" id="PR_reasoned_2017_04_17_Instance_20467" type="identity">
      <class id="PR_EXT:000009861" label="lamin-B2"/>
      <span end="6710" id="15917436-16234" start="6702">lamin B2</span>
    </annotation>
    <annotation annotator="Mike Bada, University of Colorado School of Medicine" id="PR_reasoned_2017_04_17_Instance_20469" type="identity">
      <class id="PR_EXT:000009861" label="lamin-B2"/>
      <span end="6755" id="15917436-16236" start="6747">lamin B2</span>
    </annotation>
    <annotation annotator="Mike Bada, University of Colorado School of Medicine" id="PR_reasoned_2017_04_17_Instance_20471" type="identity">
      <class id="PR_EXT:000000084" label="c-myc protein"/>
      <span end="6843" id="15917436-16238" start="6838">c-myc</span>
    </annotation>
    <annotation annotator="Mike Bada, University of Colorado School of Medicine" id="PR_reasoned_2017_04_17_Instance_20473" type="identity">
      <class id="PR_EXT:000000084" label="c-myc protein"/>
      <span end="6856" id="15917436-16240" start="6851">c-myc</span>
    </annotation>
    <annotation annotator="Mike Bada, University of Colorado School of Medicine" id="PR_reasoned_2017_04_17_Instance_20475" type="identity">
      <class id="PR_EXT:000010246" label="DNA replication licensing factor MCM4"/>
      <span end="8024" id="15917436-16242" start="8020">Mcm4</span>
    </annotation>
    <annotation annotator="Mike Bada, University of Colorado School of Medicine" id="PR_reasoned_2017_04_17_Instance_140488" type="identity">
      <class id="PR_EXT:P23940" label="type-2 restriction enzyme BamHI (Bacillus amyloliquefaciens)"/>
      <span end="8578" id="15917436-16145" start="8573">BamHI</span>
    </annotation>
    <annotation annotator="Mike Bada, University of Colorado School of Medicine" id="PR_reasoned_2017_04_17_Instance_20477" type="identity">
      <class id="PR_EXT:000010246" label="DNA replication licensing factor MCM4"/>
      <span end="8704" id="15917436-16244" start="8700">Mcm4</span>
    </annotation>
    <annotation annotator="Mike Bada, University of Colorado School of Medicine" id="PR_reasoned_2017_04_17_Instance_111992" type="identity">
      <class id="CHEBI_PR_EXT:protein" label="protein"/>
      <span end="8717" id="15917436-16113" start="8709">proteins</span>
    </annotation>
    <annotation annotator="Mike Bada, University of Colorado School of Medicine" id="PR_reasoned_2017_04_17_Instance_20479" type="identity">
      <class id="PR_EXT:000010246" label="DNA replication licensing factor MCM4"/>
      <span end="9887" id="15917436-16246" start="9883">Mcm4</span>
    </annotation>
    <annotation annotator="Mike Bada, University of Colorado School of Medicine" id="PR_reasoned_2017_04_17_Instance_111994" type="identity">
      <class id="CHEBI_PR_EXT:protein" label="protein"/>
      <span end="9900" id="15917436-16115" start="9892">proteins</span>
    </annotation>
    <annotation annotator="Mike Bada, University of Colorado School of Medicine" id="PR_reasoned_2017_04_17_Instance_150888" type="identity">
      <class id="GO_PR_EXT:deoxyribonuclease_I" label="deoxyribonuclease I"/>
      <span end="9970" id="15917436-16149" start="9963">DNase I</span>
    </annotation>
    <annotation annotator="Mike Bada, University of Colorado School of Medicine" id="PR_reasoned_2017_04_17_Instance_150890" type="identity">
      <class id="GO_PR_EXT:deoxyribonuclease_I" label="deoxyribonuclease I"/>
      <span end="10079" id="15917436-16151" start="10072">DNase I</span>
    </annotation>
    <annotation annotator="Mike Bada, University of Colorado School of Medicine" id="PR_reasoned_2017_04_17_Instance_111996" type="identity">
      <class id="CHEBI_PR_EXT:protein" label="protein"/>
      <span end="10624" id="15917436-16117" start="10616">Proteins</span>
    </annotation>
    <annotation annotator="Mike Bada, University of Colorado School of Medicine" id="PR_reasoned_2017_04_17_Instance_20485" type="identity">
      <class id="PR_EXT:000010246" label="DNA replication licensing factor MCM4"/>
      <span end="10919" id="15917436-16248" start="10915">Mcm4</span>
    </annotation>
    <annotation annotator="Mike Bada, University of Colorado School of Medicine" id="PR_reasoned_2017_04_17_Instance_20487" type="identity">
      <class id="PR_EXT:000010246" label="DNA replication licensing factor MCM4"/>
      <span end="10994" id="15917436-16250" start="10990">Mcm4</span>
    </annotation>
    <annotation annotator="Mike Bada, University of Colorado School of Medicine" id="PR_reasoned_2017_04_17_Instance_20489" type="identity">
      <class id="PR_EXT:000010246" label="DNA replication licensing factor MCM4"/>
      <span end="11185" id="15917436-16252" start="11181">Mcm4</span>
    </annotation>
    <annotation annotator="Mike Bada, University of Colorado School of Medicine" id="PR_reasoned_2017_04_17_Instance_20491" type="identity">
      <class id="PR_EXT:000010246" label="DNA replication licensing factor MCM4"/>
      <span end="11290" id="15917436-16254" start="11286">Mcm4</span>
    </annotation>
    <annotation annotator="Mike Bada, University of Colorado School of Medicine" id="PR_reasoned_2017_04_17_Instance_150892" type="identity">
      <class id="GO_PR_EXT:deoxyribonuclease_I" label="deoxyribonuclease I"/>
      <span end="11435" id="15917436-16153" start="11428">DNase I</span>
    </annotation>
    <annotation annotator="Mike Bada, University of Colorado School of Medicine" id="PR_reasoned_2017_04_17_Instance_150894" type="identity">
      <class id="GO_PR_EXT:deoxyribonuclease_I" label="deoxyribonuclease I"/>
      <span end="11643" id="15917436-16155" start="11636">DNase I</span>
    </annotation>
    <annotation annotator="Mike Bada, University of Colorado School of Medicine" id="PR_reasoned_2017_04_17_Instance_20497" type="identity">
      <class id="PR_EXT:000010246" label="DNA replication licensing factor MCM4"/>
      <span end="11838" id="15917436-16256" start="11834">Mcm4</span>
    </annotation>
    <annotation annotator="Mike Bada, University of Colorado School of Medicine" id="PR_reasoned_2017_04_17_Instance_20499" type="identity">
      <class id="PR_EXT:000010246" label="DNA replication licensing factor MCM4"/>
      <span end="11881" id="15917436-16258" start="11877">Mcm4</span>
    </annotation>
    <annotation annotator="Mike Bada, University of Colorado School of Medicine" id="PR_reasoned_2017_04_17_Instance_20501" type="identity">
      <class id="PR_EXT:000010246" label="DNA replication licensing factor MCM4"/>
      <span end="12246" id="15917436-16260" start="12242">Mcm4</span>
    </annotation>
    <annotation annotator="Mike Bada, University of Colorado School of Medicine" id="PR_reasoned_2017_04_17_Instance_20503" type="identity">
      <class id="PR_EXT:000010246" label="DNA replication licensing factor MCM4"/>
      <span end="12588" id="15917436-16262" start="12584">Mcm4</span>
    </annotation>
    <annotation annotator="Mike Bada, University of Colorado School of Medicine" id="PR_reasoned_2017_04_17_Instance_150896" type="identity">
      <class id="GO_PR_EXT:deoxyribonuclease_I" label="deoxyribonuclease I"/>
      <span end="13010" id="15917436-16157" start="13004">DNaseI</span>
    </annotation>
    <annotation annotator="Mike Bada, University of Colorado School of Medicine" id="PR_reasoned_2017_04_17_Instance_20507" type="identity">
      <class id="PR_EXT:000010246" label="DNA replication licensing factor MCM4"/>
      <span end="13054" id="15917436-16264" start="13050">Mcm4</span>
    </annotation>
    <annotation annotator="Mike Bada, University of Colorado School of Medicine" id="PR_reasoned_2017_04_17_Instance_111998" type="identity">
      <class id="CHEBI_PR_EXT:protein" label="protein"/>
      <span end="13066" id="15917436-16119" start="13059">protein</span>
    </annotation>
    <annotation annotator="Mike Bada, University of Colorado School of Medicine" id="PR_reasoned_2017_04_17_Instance_20509" type="identity">
      <class id="PR_EXT:000010246" label="DNA replication licensing factor MCM4"/>
      <span end="13256" id="15917436-16266" start="13252">Mcm4</span>
    </annotation>
    <annotation annotator="Mike Bada, University of Colorado School of Medicine" id="PR_reasoned_2017_04_17_Instance_20511" type="identity">
      <class id="PR_EXT:000010246" label="DNA replication licensing factor MCM4"/>
      <span end="13357" id="15917436-16268" start="13353">Mcm4</span>
    </annotation>
    <annotation annotator="Mike Bada, University of Colorado School of Medicine" id="PR_reasoned_2017_04_17_Instance_20513" type="identity">
      <class id="PR_EXT:000010246" label="DNA replication licensing factor MCM4"/>
      <span end="13678" id="15917436-16270" start="13674">Mcm4</span>
    </annotation>
    <annotation annotator="Mike Bada, University of Colorado School of Medicine" id="PR_reasoned_2017_04_17_Instance_20515" type="identity">
      <class id="PR_EXT:000010246" label="DNA replication licensing factor MCM4"/>
      <span end="14151" id="15917436-16272" start="14147">Mcm4</span>
    </annotation>
    <annotation annotator="Mike Bada, University of Colorado School of Medicine" id="PR_reasoned_2017_04_17_Instance_20517" type="identity">
      <class id="PR_EXT:000010246" label="DNA replication licensing factor MCM4"/>
      <span end="14195" id="15917436-16274" start="14191">Mcm4</span>
    </annotation>
    <annotation annotator="Mike Bada, University of Colorado School of Medicine" id="PR_reasoned_2017_04_17_Instance_20519" type="identity">
      <class id="PR_EXT:000010246" label="DNA replication licensing factor MCM4"/>
      <span end="14591" id="15917436-16276" start="14587">Mcm4</span>
    </annotation>
    <annotation annotator="Mike Bada, University of Colorado School of Medicine" id="PR_reasoned_2017_04_17_Instance_20521" type="identity">
      <class id="PR_EXT:000010246" label="DNA replication licensing factor MCM4"/>
      <span end="14702" id="15917436-16278" start="14698">Mcm4</span>
    </annotation>
    <annotation annotator="Mike Bada, University of Colorado School of Medicine" id="PR_reasoned_2017_04_17_Instance_20523" type="identity">
      <class id="PR_EXT:000010246" label="DNA replication licensing factor MCM4"/>
      <span end="15202" id="15917436-16280" start="15198">Mcm4</span>
    </annotation>
    <annotation annotator="Mike Bada, University of Colorado School of Medicine" id="PR_reasoned_2017_04_17_Instance_20525" type="identity">
      <class id="PR_EXT:000010246" label="DNA replication licensing factor MCM4"/>
      <span end="15703" id="15917436-16282" start="15699">Mcm4</span>
    </annotation>
    <annotation annotator="Mike Bada, University of Colorado School of Medicine" id="PR_reasoned_2017_04_17_Instance_20527" type="identity">
      <class id="PR_EXT:000010246" label="DNA replication licensing factor MCM4"/>
      <span end="15937" id="15917436-16284" start="15933">Mcm4</span>
    </annotation>
    <annotation annotator="Mike Bada, University of Colorado School of Medicine" id="PR_reasoned_2017_04_17_Instance_20529" type="identity">
      <class id="PR_EXT:000010246" label="DNA replication licensing factor MCM4"/>
      <span end="15972" id="15917436-16286" start="15968">Mcm4</span>
    </annotation>
    <annotation annotator="Mike Bada, University of Colorado School of Medicine" id="PR_reasoned_2017_04_17_Instance_20531" type="identity">
      <class id="PR_EXT:000010246" label="DNA replication licensing factor MCM4"/>
      <span end="16247" id="15917436-16288" start="16243">Mcm4</span>
    </annotation>
    <annotation annotator="Mike Bada, University of Colorado School of Medicine" id="PR_reasoned_2017_04_17_Instance_20533" type="identity">
      <class id="PR_EXT:000010246" label="DNA replication licensing factor MCM4"/>
      <span end="16553" id="15917436-16290" start="16549">Mcm4</span>
    </annotation>
    <annotation annotator="Mike Bada, University of Colorado School of Medicine" id="PR_reasoned_2017_04_17_Instance_20535" type="identity">
      <class id="PR_EXT:000010246" label="DNA replication licensing factor MCM4"/>
      <span end="16658" id="15917436-16292" start="16654">Mcm4</span>
    </annotation>
    <annotation annotator="Mike Bada, University of Colorado School of Medicine" id="PR_reasoned_2017_04_17_Instance_20537" type="identity">
      <class id="PR_EXT:000010246" label="DNA replication licensing factor MCM4"/>
      <span end="17319" id="15917436-16294" start="17315">Mcm4</span>
    </annotation>
    <annotation annotator="Mike Bada, University of Colorado School of Medicine" id="PR_reasoned_2017_04_17_Instance_20539" type="identity">
      <class id="PR_EXT:000010246" label="DNA replication licensing factor MCM4"/>
      <span end="17400" id="15917436-16296" start="17396">Mcm4</span>
    </annotation>
    <annotation annotator="Mike Bada, University of Colorado School of Medicine" id="PR_reasoned_2017_04_17_Instance_20541" type="identity">
      <class id="PR_EXT:000010246" label="DNA replication licensing factor MCM4"/>
      <span end="17758" id="15917436-16298" start="17754">Mcm4</span>
    </annotation>
    <annotation annotator="Mike Bada, University of Colorado School of Medicine" id="PR_reasoned_2017_04_17_Instance_20543" type="identity">
      <class id="PR_EXT:000023591" label="primosomal protein N'"/>
      <span end="17895" id="15917436-16300" start="17891">PriA</span>
    </annotation>
    <annotation annotator="Mike Bada, University of Colorado School of Medicine" id="PR_reasoned_2017_04_17_Instance_20545" type="identity">
      <class id="PR_EXT:000010246" label="DNA replication licensing factor MCM4"/>
      <span end="18018" id="15917436-16302" start="18014">Mcm4</span>
    </annotation>
    <annotation annotator="Mike Bada, University of Colorado School of Medicine" id="PR_reasoned_2017_04_17_Instance_20547" type="identity">
      <class id="PR_EXT:000010246" label="DNA replication licensing factor MCM4"/>
      <span end="18161" id="15917436-16304" start="18157">Mcm4</span>
    </annotation>
    <annotation annotator="Mike Bada, University of Colorado School of Medicine" id="PR_reasoned_2017_04_17_Instance_20549" type="identity">
      <class id="PR_EXT:000010246" label="DNA replication licensing factor MCM4"/>
      <span end="18296" id="15917436-16306" start="18292">Mcm4</span>
    </annotation>
    <annotation annotator="Mike Bada, University of Colorado School of Medicine" id="PR_reasoned_2017_04_17_Instance_20551" type="identity">
      <class id="PR_EXT:000010246" label="DNA replication licensing factor MCM4"/>
      <span end="18608" id="15917436-16308" start="18604">Mcm4</span>
    </annotation>
    <annotation annotator="Mike Bada, University of Colorado School of Medicine" id="PR_reasoned_2017_04_17_Instance_20553" type="identity">
      <class id="PR_EXT:000010246" label="DNA replication licensing factor MCM4"/>
      <span end="18792" id="15917436-16310" start="18788">Mcm4</span>
    </annotation>
    <annotation annotator="Mike Bada, University of Colorado School of Medicine" id="PR_reasoned_2017_04_17_Instance_20555" type="identity">
      <class id="PR_EXT:000023591" label="primosomal protein N'"/>
      <span end="18824" id="15917436-16312" start="18820">PriA</span>
    </annotation>
    <annotation annotator="Mike Bada, University of Colorado School of Medicine" id="PR_reasoned_2017_04_17_Instance_20557" type="identity">
      <class id="PR_EXT:000010246" label="DNA replication licensing factor MCM4"/>
      <span end="19090" id="15917436-16314" start="19086">Mcm4</span>
    </annotation>
    <annotation annotator="Mike Bada, University of Colorado School of Medicine" id="PR_reasoned_2017_04_17_Instance_20559" type="identity">
      <class id="PR_EXT:000010246" label="DNA replication licensing factor MCM4"/>
      <span end="19271" id="15917436-16316" start="19267">Mcm4</span>
    </annotation>
    <annotation annotator="Mike Bada, University of Colorado School of Medicine" id="PR_reasoned_2017_04_17_Instance_20561" type="identity">
      <class id="PR_EXT:000010246" label="DNA replication licensing factor MCM4"/>
      <span end="19574" id="15917436-16318" start="19570">Mcm4</span>
    </annotation>
    <annotation annotator="Mike Bada, University of Colorado School of Medicine" id="PR_reasoned_2017_04_17_Instance_20563" type="identity">
      <class id="PR_EXT:000010246" label="DNA replication licensing factor MCM4"/>
      <span end="19634" id="15917436-16320" start="19630">Mcm4</span>
    </annotation>
    <annotation annotator="Mike Bada, University of Colorado School of Medicine" id="PR_reasoned_2017_04_17_Instance_20565" type="identity">
      <class id="PR_EXT:000010246" label="DNA replication licensing factor MCM4"/>
      <span end="19815" id="15917436-16322" start="19811">Mcm4</span>
    </annotation>
    <annotation annotator="Mike Bada, University of Colorado School of Medicine" id="PR_reasoned_2017_04_17_Instance_20569" type="identity">
      <class id="PR_EXT:000010248" label="DNA replication licensing factor MCM6"/>
      <span end="19961" id="15917436-16326" start="19958">Mcm</span>
      <span end="19965" id="15917436-16327" start="19964">6</span>
    </annotation>
    <annotation annotator="Mike Bada, University of Colorado School of Medicine" id="PR_reasoned_2017_04_17_Instance_20571" type="identity">
      <class id="PR_EXT:000010249" label="DNA replication licensing factor MCM7"/>
      <span end="19961" id="15917436-16329" start="19958">Mcm</span>
      <span end="19967" id="15917436-16330" start="19966">7</span>
    </annotation>
    <annotation annotator="Mike Bada, University of Colorado School of Medicine" id="PR_reasoned_2017_04_17_Instance_20567" type="identity">
      <class id="PR_EXT:000010246" label="DNA replication licensing factor MCM4"/>
      <span end="19963" id="15917436-16324" start="19958">Mcm 4</span>
    </annotation>
    <annotation annotator="Mike Bada, University of Colorado School of Medicine" id="PR_reasoned_2017_04_17_Instance_20573" type="identity">
      <class id="PR_EXT:000010246" label="DNA replication licensing factor MCM4"/>
      <span end="20099" id="15917436-16332" start="20095">Mcm4</span>
    </annotation>
    <annotation annotator="Mike Bada, University of Colorado School of Medicine" id="PR_reasoned_2017_04_17_Instance_20575" type="identity">
      <class id="PR_EXT:000010246" label="DNA replication licensing factor MCM4"/>
      <span end="20224" id="15917436-16334" start="20220">Mcm4</span>
    </annotation>
    <annotation annotator="Mike Bada, University of Colorado School of Medicine" id="PR_reasoned_2017_04_17_Instance_20577" type="identity">
      <class id="PR_EXT:000010246" label="DNA replication licensing factor MCM4"/>
      <span end="21065" id="15917436-16336" start="21061">Mcm4</span>
    </annotation>
    <annotation annotator="Mike Bada, University of Colorado School of Medicine" id="PR_reasoned_2017_04_17_Instance_20579" type="identity">
      <class id="PR_EXT:000010246" label="DNA replication licensing factor MCM4"/>
      <span end="21129" id="15917436-16338" start="21125">Mcm4</span>
    </annotation>
    <annotation annotator="Mike Bada, University of Colorado School of Medicine" id="PR_reasoned_2017_04_17_Instance_20581" type="identity">
      <class id="PR_EXT:000010246" label="DNA replication licensing factor MCM4"/>
      <span end="22093" id="15917436-16340" start="22089">Mcm4</span>
    </annotation>
    <annotation annotator="Mike Bada, University of Colorado School of Medicine" id="PR_reasoned_2017_04_17_Instance_20583" type="identity">
      <class id="PR_EXT:000000084" label="c-myc protein"/>
      <span end="22690" id="15917436-16342" start="22685">c-myc</span>
    </annotation>
    <annotation annotator="Mike Bada, University of Colorado School of Medicine" id="PR_reasoned_2017_04_17_Instance_20585" type="identity">
      <class id="PR_EXT:000009861" label="lamin-B2"/>
      <span end="22836" id="15917436-16344" start="22828">lamin B2</span>
    </annotation>
    <annotation annotator="Mike Bada, University of Colorado School of Medicine" id="PR_reasoned_2017_04_17_Instance_20587" type="identity">
      <class id="PR_EXT:000000084" label="c-myc protein"/>
      <span end="23220" id="15917436-16346" start="23215">c-myc</span>
    </annotation>
    <annotation annotator="Mike Bada, University of Colorado School of Medicine" id="PR_reasoned_2017_04_17_Instance_20589" type="identity">
      <class id="PR_EXT:000000084" label="c-myc protein"/>
      <span end="23313" id="15917436-16348" start="23308">c-myc</span>
    </annotation>
    <annotation annotator="Mike Bada, University of Colorado School of Medicine" id="PR_reasoned_2017_04_17_Instance_20591" type="identity">
      <class id="PR_EXT:000000084" label="c-myc protein"/>
      <span end="23349" id="15917436-16350" start="23344">c-myc</span>
    </annotation>
    <annotation annotator="Mike Bada, University of Colorado School of Medicine" id="PR_reasoned_2017_04_17_Instance_20593" type="identity">
      <class id="PR_EXT:000000084" label="c-myc protein"/>
      <span end="23414" id="15917436-16352" start="23409">c-myc</span>
    </annotation>
    <annotation annotator="Mike Bada, University of Colorado School of Medicine" id="PR_reasoned_2017_04_17_Instance_20595" type="identity">
      <class id="PR_EXT:000000084" label="c-myc protein"/>
      <span end="23469" id="15917436-16354" start="23464">c-myc</span>
    </annotation>
    <annotation annotator="Mike Bada, University of Colorado School of Medicine" id="PR_reasoned_2017_04_17_Instance_20597" type="identity">
      <class id="PR_EXT:000000084" label="c-myc protein"/>
      <span end="23580" id="15917436-16356" start="23575">c-myc</span>
    </annotation>
    <annotation annotator="Mike Bada, University of Colorado School of Medicine" id="PR_reasoned_2017_04_17_Instance_20599" type="identity">
      <class id="PR_EXT:000010246" label="DNA replication licensing factor MCM4"/>
      <span end="23667" id="15917436-16358" start="23663">Mcm4</span>
    </annotation>
    <annotation annotator="Mike Bada, University of Colorado School of Medicine" id="PR_reasoned_2017_04_17_Instance_20601" type="identity">
      <class id="PR_EXT:000009861" label="lamin-B2"/>
      <span end="23694" id="15917436-16360" start="23686">lamin B2</span>
    </annotation>
    <annotation annotator="Mike Bada, University of Colorado School of Medicine" id="PR_reasoned_2017_04_17_Instance_20603" type="identity">
      <class id="PR_EXT:000000084" label="c-myc protein"/>
      <span end="23721" id="15917436-16362" start="23716">c-myc</span>
    </annotation>
    <annotation annotator="Mike Bada, University of Colorado School of Medicine" id="PR_reasoned_2017_04_17_Instance_20605" type="identity">
      <class id="PR_EXT:000000084" label="c-myc protein"/>
      <span end="23747" id="15917436-16364" start="23742">c-myc</span>
    </annotation>
    <annotation annotator="Mike Bada, University of Colorado School of Medicine" id="PR_reasoned_2017_04_17_Instance_20607" type="identity">
      <class id="PR_EXT:000000084" label="c-myc protein"/>
      <span end="23841" id="15917436-16366" start="23836">c-myc</span>
    </annotation>
    <annotation annotator="Mike Bada, University of Colorado School of Medicine" id="PR_reasoned_2017_04_17_Instance_20609" type="identity">
      <class id="PR_EXT:000010246" label="DNA replication licensing factor MCM4"/>
      <span end="23993" id="15917436-16368" start="23989">Mcm4</span>
    </annotation>
    <annotation annotator="Mike Bada, University of Colorado School of Medicine" id="PR_reasoned_2017_04_17_Instance_20611" type="identity">
      <class id="PR_EXT:000010246" label="DNA replication licensing factor MCM4"/>
      <span end="24201" id="15917436-16370" start="24197">MCM4</span>
    </annotation>
    <annotation annotator="Mike Bada, University of Colorado School of Medicine" id="PR_reasoned_2017_04_17_Instance_20613" type="identity">
      <class id="PR_EXT:000000084" label="c-myc protein"/>
      <span end="24274" id="15917436-16372" start="24269">c-myc</span>
    </annotation>
    <annotation annotator="Mike Bada, University of Colorado School of Medicine" id="PR_reasoned_2017_04_17_Instance_20615" type="identity">
      <class id="PR_EXT:000000084" label="c-myc protein"/>
      <span end="24297" id="15917436-16374" start="24292">c-myc</span>
    </annotation>
    <annotation annotator="Mike Bada, University of Colorado School of Medicine" id="PR_reasoned_2017_04_17_Instance_20617" type="identity">
      <class id="PR_EXT:000009861" label="lamin-B2"/>
      <span end="24350" id="15917436-16376" start="24342">lamin B2</span>
    </annotation>
    <annotation annotator="Mike Bada, University of Colorado School of Medicine" id="PR_reasoned_2017_04_17_Instance_20619" type="identity">
      <class id="PR_EXT:000010246" label="DNA replication licensing factor MCM4"/>
      <span end="24618" id="15917436-16378" start="24614">Mcm4</span>
    </annotation>
    <annotation annotator="Mike Bada, University of Colorado School of Medicine" id="PR_reasoned_2017_04_17_Instance_20621" type="identity">
      <class id="PR_EXT:000010246" label="DNA replication licensing factor MCM4"/>
      <span end="25267" id="15917436-16380" start="25263">Mcm4</span>
    </annotation>
    <annotation annotator="Mike Bada, University of Colorado School of Medicine" id="PR_reasoned_2017_04_17_Instance_20623" type="identity">
      <class id="PR_EXT:000010246" label="DNA replication licensing factor MCM4"/>
      <span end="25382" id="15917436-16382" start="25378">Mcm4</span>
    </annotation>
    <annotation annotator="Mike Bada, University of Colorado School of Medicine" id="PR_reasoned_2017_04_17_Instance_20625" type="identity">
      <class id="PR_EXT:000010246" label="DNA replication licensing factor MCM4"/>
      <span end="25495" id="15917436-16384" start="25491">Mcm4</span>
    </annotation>
    <annotation annotator="Mike Bada, University of Colorado School of Medicine" id="PR_reasoned_2017_04_17_Instance_20627" type="identity">
      <class id="PR_EXT:000010246" label="DNA replication licensing factor MCM4"/>
      <span end="26432" id="15917436-16386" start="26428">Mcm4</span>
    </annotation>
    <annotation annotator="Mike Bada, University of Colorado School of Medicine" id="PR_reasoned_2017_04_17_Instance_20629" type="identity">
      <class id="PR_EXT:000010246" label="DNA replication licensing factor MCM4"/>
      <span end="26814" id="15917436-16388" start="26810">Mcm4</span>
    </annotation>
    <annotation annotator="Mike Bada, University of Colorado School of Medicine" id="PR_reasoned_2017_04_17_Instance_20631" type="identity">
      <class id="PR_EXT:000010246" label="DNA replication licensing factor MCM4"/>
      <span end="27124" id="15917436-16390" start="27120">Mcm4</span>
    </annotation>
    <annotation annotator="Mike Bada, University of Colorado School of Medicine" id="PR_reasoned_2017_04_17_Instance_20633" type="identity">
      <class id="PR_EXT:000010246" label="DNA replication licensing factor MCM4"/>
      <span end="27149" id="15917436-16392" start="27145">Mcm4</span>
    </annotation>
    <annotation annotator="Mike Bada, University of Colorado School of Medicine" id="PR_reasoned_2017_04_17_Instance_20635" type="identity">
      <class id="PR_EXT:000010246" label="DNA replication licensing factor MCM4"/>
      <span end="27693" id="15917436-16394" start="27689">Mcm4</span>
    </annotation>
    <annotation annotator="Mike Bada, University of Colorado School of Medicine" id="PR_reasoned_2017_04_17_Instance_20637" type="identity">
      <class id="PR_EXT:000010246" label="DNA replication licensing factor MCM4"/>
      <span end="28055" id="15917436-16396" start="28051">Mcm4</span>
    </annotation>
    <annotation annotator="Mike Bada, University of Colorado School of Medicine" id="PR_reasoned_2017_04_17_Instance_20639" type="identity">
      <class id="PR_EXT:000010246" label="DNA replication licensing factor MCM4"/>
      <span end="28630" id="15917436-16398" start="28626">Mcm4</span>
    </annotation>
    <annotation annotator="Mike Bada, University of Colorado School of Medicine" id="PR_reasoned_2017_04_17_Instance_20641" type="identity">
      <class id="PR_EXT:000010246" label="DNA replication licensing factor MCM4"/>
      <span end="28738" id="15917436-16400" start="28734">Mcm4</span>
    </annotation>
    <annotation annotator="Mike Bada, University of Colorado School of Medicine" id="PR_reasoned_2017_04_17_Instance_20643" type="identity">
      <class id="PR_EXT:000010246" label="DNA replication licensing factor MCM4"/>
      <span end="29033" id="15917436-16402" start="29029">Mcm4</span>
    </annotation>
    <annotation annotator="Mike Bada, University of Colorado School of Medicine" id="PR_reasoned_2017_04_17_Instance_20645" type="identity">
      <class id="PR_EXT:000010246" label="DNA replication licensing factor MCM4"/>
      <span end="29151" id="15917436-16404" start="29147">Mcm4</span>
    </annotation>
    <annotation annotator="Mike Bada, University of Colorado School of Medicine" id="PR_reasoned_2017_04_17_Instance_20647" type="identity">
      <class id="PR_EXT:000010246" label="DNA replication licensing factor MCM4"/>
      <span end="29347" id="15917436-16406" start="29343">Mcm4</span>
    </annotation>
    <annotation annotator="Mike Bada, University of Colorado School of Medicine" id="PR_reasoned_2017_04_17_Instance_20649" type="identity">
      <class id="PR_EXT:000010246" label="DNA replication licensing factor MCM4"/>
      <span end="29543" id="15917436-16408" start="29539">Mcm4</span>
    </annotation>
    <annotation annotator="Mike Bada, University of Colorado School of Medicine" id="PR_reasoned_2017_04_17_Instance_112000" type="identity">
      <class id="CHEBI_PR_EXT:protein" label="protein"/>
      <span end="29768" id="15917436-16121" start="29761">protein</span>
    </annotation>
    <annotation annotator="Mike Bada, University of Colorado School of Medicine" id="PR_reasoned_2017_04_17_Instance_20651" type="identity">
      <class id="PR_EXT:000010246" label="DNA replication licensing factor MCM4"/>
      <span end="29989" id="15917436-16410" start="29985">Mcm4</span>
    </annotation>
    <annotation annotator="Mike Bada, University of Colorado School of Medicine" id="PR_reasoned_2017_04_17_Instance_20653" type="identity">
      <class id="PR_EXT:000010246" label="DNA replication licensing factor MCM4"/>
      <span end="30153" id="15917436-16412" start="30149">Mcm4</span>
    </annotation>
    <annotation annotator="Mike Bada, University of Colorado School of Medicine" id="PR_reasoned_2017_04_17_Instance_20655" type="identity">
      <class id="PR_EXT:000010246" label="DNA replication licensing factor MCM4"/>
      <span end="30722" id="15917436-16414" start="30718">Mcm4</span>
    </annotation>
    <annotation annotator="Mike Bada, University of Colorado School of Medicine" id="PR_reasoned_2017_04_17_Instance_20657" type="identity">
      <class id="PR_EXT:000010246" label="DNA replication licensing factor MCM4"/>
      <span end="31080" id="15917436-16416" start="31076">Mcm4</span>
    </annotation>
    <annotation annotator="Mike Bada, University of Colorado School of Medicine" id="PR_reasoned_2017_04_17_Instance_20659" type="identity">
      <class id="PR_EXT:000010246" label="DNA replication licensing factor MCM4"/>
      <span end="31143" id="15917436-16418" start="31139">Mcm4</span>
    </annotation>
    <annotation annotator="Mike Bada, University of Colorado School of Medicine" id="PR_reasoned_2017_04_17_Instance_20661" type="identity">
      <class id="PR_EXT:000010246" label="DNA replication licensing factor MCM4"/>
      <span end="31603" id="15917436-16420" start="31599">Mcm4</span>
    </annotation>
    <annotation annotator="Mike Bada, University of Colorado School of Medicine" id="PR_reasoned_2017_04_17_Instance_20663" type="identity">
      <class id="PR_EXT:000010246" label="DNA replication licensing factor MCM4"/>
      <span end="31711" id="15917436-16422" start="31707">Mcm4</span>
    </annotation>
    <annotation annotator="Mike Bada, University of Colorado School of Medicine" id="PR_reasoned_2017_04_17_Instance_20665" type="identity">
      <class id="PR_EXT:000010246" label="DNA replication licensing factor MCM4"/>
      <span end="31793" id="15917436-16424" start="31789">Mcm4</span>
    </annotation>
    <annotation annotator="Mike Bada, University of Colorado School of Medicine" id="PR_reasoned_2017_04_17_Instance_20667" type="identity">
      <class id="PR_EXT:000010246" label="DNA replication licensing factor MCM4"/>
      <span end="31898" id="15917436-16426" start="31894">Mcm4</span>
    </annotation>
    <annotation annotator="Mike Bada, University of Colorado School of Medicine" id="PR_reasoned_2017_04_17_Instance_20669" type="identity">
      <class id="PR_EXT:000010246" label="DNA replication licensing factor MCM4"/>
      <span end="32096" id="15917436-16428" start="32092">Mcm4</span>
    </annotation>
    <annotation annotator="Mike Bada, University of Colorado School of Medicine" id="PR_reasoned_2017_04_17_Instance_20671" type="identity">
      <class id="PR_EXT:000010246" label="DNA replication licensing factor MCM4"/>
      <span end="32442" id="15917436-16430" start="32438">Mcm4</span>
    </annotation>
    <annotation annotator="Mike Bada, University of Colorado School of Medicine" id="PR_reasoned_2017_04_17_Instance_20673" type="identity">
      <class id="PR_EXT:000009861" label="lamin-B2"/>
      <span end="32470" id="15917436-16432" start="32462">lamin-B2</span>
    </annotation>
    <annotation annotator="Mike Bada, University of Colorado School of Medicine" id="PR_reasoned_2017_04_17_Instance_20675" type="identity">
      <class id="PR_EXT:000000084" label="c-myc protein"/>
      <span end="32480" id="15917436-16434" start="32475">c-myc</span>
    </annotation>
    <annotation annotator="Mike Bada, University of Colorado School of Medicine" id="PR_reasoned_2017_04_17_Instance_20677" type="identity">
      <class id="PR_EXT:000000084" label="c-myc protein"/>
      <span end="32646" id="15917436-16436" start="32641">c-myc</span>
    </annotation>
    <annotation annotator="Mike Bada, University of Colorado School of Medicine" id="PR_reasoned_2017_04_17_Instance_20679" type="identity">
      <class id="PR_EXT:000010246" label="DNA replication licensing factor MCM4"/>
      <span end="33136" id="15917436-16438" start="33132">Mcm4</span>
    </annotation>
    <annotation annotator="Mike Bada, University of Colorado School of Medicine" id="PR_reasoned_2017_04_17_Instance_20681" type="identity">
      <class id="PR_EXT:000010246" label="DNA replication licensing factor MCM4"/>
      <span end="33412" id="15917436-16440" start="33408">Mcm4</span>
    </annotation>
    <annotation annotator="Mike Bada, University of Colorado School of Medicine" id="PR_reasoned_2017_04_17_Instance_20683" type="identity">
      <class id="PR_EXT:000010246" label="DNA replication licensing factor MCM4"/>
      <span end="34090" id="15917436-16442" start="34086">Mcm4</span>
    </annotation>
    <annotation annotator="Mike Bada, University of Colorado School of Medicine" id="PR_reasoned_2017_04_17_Instance_20685" type="identity">
      <class id="PR_EXT:000010246" label="DNA replication licensing factor MCM4"/>
      <span end="34791" id="15917436-16444" start="34787">Mcm4</span>
    </annotation>
    <annotation annotator="Mike Bada, University of Colorado School of Medicine" id="PR_reasoned_2017_04_17_Instance_20687" type="identity">
      <class id="PR_EXT:000010246" label="DNA replication licensing factor MCM4"/>
      <span end="35613" id="15917436-16446" start="35609">Mcm4</span>
    </annotation>
    <annotation annotator="Mike Bada, University of Colorado School of Medicine" id="PR_reasoned_2017_04_17_Instance_20689" type="identity">
      <class id="PR_EXT:000010246" label="DNA replication licensing factor MCM4"/>
      <span end="35996" id="15917436-16448" start="35992">Mcm4</span>
    </annotation>
    <annotation annotator="Mike Bada, University of Colorado School of Medicine" id="PR_reasoned_2017_04_17_Instance_20691" type="identity">
      <class id="PR_EXT:000010246" label="DNA replication licensing factor MCM4"/>
      <span end="36099" id="15917436-16450" start="36095">Mcm4</span>
    </annotation>
    <annotation annotator="Mike Bada, University of Colorado School of Medicine" id="PR_reasoned_2017_04_17_Instance_20693" type="identity">
      <class id="PR_EXT:000010250" label="DNA helicase MCM8"/>
      <span end="37099" id="15917436-16452" start="37095">Mcm8</span>
    </annotation>
    <annotation annotator="Mike Bada, University of Colorado School of Medicine" id="PR_reasoned_2017_04_17_Instance_112002" type="identity">
      <class id="CHEBI_PR_EXT:protein" label="protein"/>
      <span end="37176" id="15917436-16123" start="37168">proteins</span>
    </annotation>
    <annotation annotator="Mike Bada, University of Colorado School of Medicine" id="PR_reasoned_2017_04_17_Instance_20695" type="identity">
      <class id="PR_EXT:000005215" label="CDC45-related protein"/>
      <span end="37190" id="15917436-16454" start="37185">Cdc45</span>
    </annotation>
    <annotation annotator="Mike Bada, University of Colorado School of Medicine" id="PR_reasoned_2017_04_17_Instance_20957" type="identity">
      <class id="PR_EXT:000005218" label="cell division cycle 7-related protein kinase"/>
      <span end="37248" id="15917436-16532" start="37244">Cdc7</span>
    </annotation>
    <annotation annotator="Mike Bada, University of Colorado School of Medicine" id="PR_reasoned_2017_04_17_Instance_20697" type="identity">
      <class id="PR_EXT:000010246" label="DNA replication licensing factor MCM4"/>
      <span end="37335" id="15917436-16456" start="37331">Mcm4</span>
    </annotation>
    <annotation annotator="Mike Bada, University of Colorado School of Medicine" id="PR_reasoned_2017_04_17_Instance_20699" type="identity">
      <class id="PR_EXT:000010246" label="DNA replication licensing factor MCM4"/>
      <span end="37417" id="15917436-16458" start="37413">Mcm4</span>
    </annotation>
    <annotation annotator="Mike Bada, University of Colorado School of Medicine" id="PR_reasoned_2017_04_17_Instance_20701" type="identity">
      <class id="PR_EXT:000010246" label="DNA replication licensing factor MCM4"/>
      <span end="37534" id="15917436-16460" start="37530">Mcm4</span>
    </annotation>
    <annotation annotator="Mike Bada, University of Colorado School of Medicine" id="PR_reasoned_2017_04_17_Instance_20703" type="identity">
      <class id="PR_EXT:000010246" label="DNA replication licensing factor MCM4"/>
      <span end="37617" id="15917436-16462" start="37613">Mcm4</span>
    </annotation>
    <annotation annotator="Mike Bada, University of Colorado School of Medicine" id="PR_reasoned_2017_04_17_Instance_112004" type="identity">
      <class id="CHEBI_PR_EXT:protein" label="protein"/>
      <span end="37682" id="15917436-16125" start="37674">proteins</span>
    </annotation>
    <annotation annotator="Mike Bada, University of Colorado School of Medicine" id="PR_reasoned_2017_04_17_Instance_20707" type="identity">
      <class id="PR_EXT:000005215" label="CDC45-related protein"/>
      <span end="37723" id="15917436-16466" start="37718">Cdc45</span>
    </annotation>
    <annotation annotator="Mike Bada, University of Colorado School of Medicine" id="PR_reasoned_2017_04_17_Instance_20705" type="identity">
      <class id="PR_EXT:000010250" label="DNA helicase MCM8"/>
      <span end="37781" id="15917436-16464" start="37777">Mcm8</span>
    </annotation>
    <annotation annotator="Mike Bada, University of Colorado School of Medicine" id="PR_reasoned_2017_04_17_Instance_20709" type="identity">
      <class id="PR_EXT:000010246" label="DNA replication licensing factor MCM4"/>
      <span end="38489" id="15917436-16468" start="38485">Mcm4</span>
    </annotation>
    <annotation annotator="Mike Bada, University of Colorado School of Medicine" id="PR_reasoned_2017_04_17_Instance_112006" type="identity">
      <class id="CHEBI_PR_EXT:protein" label="protein"/>
      <span end="38501" id="15917436-16127" start="38494">protein</span>
    </annotation>
    <annotation annotator="Mike Bada, University of Colorado School of Medicine" id="PR_reasoned_2017_04_17_Instance_20711" type="identity">
      <class id="PR_EXT:000010246" label="DNA replication licensing factor MCM4"/>
      <span end="38745" id="15917436-16470" start="38741">Mcm4</span>
    </annotation>
    <annotation annotator="Mike Bada, University of Colorado School of Medicine" id="PR_reasoned_2017_04_17_Instance_112008" type="identity">
      <class id="CHEBI_PR_EXT:protein" label="protein"/>
      <span end="38757" id="15917436-16129" start="38750">protein</span>
    </annotation>
    <annotation annotator="Mike Bada, University of Colorado School of Medicine" id="PR_reasoned_2017_04_17_Instance_150898" type="identity">
      <class id="GO_PR_EXT:deoxyribonuclease_I" label="deoxyribonuclease I"/>
      <span end="38817" id="15917436-16159" start="38810">DNase I</span>
    </annotation>
    <annotation annotator="Mike Bada, University of Colorado School of Medicine" id="PR_reasoned_2017_04_17_Instance_20715" type="identity">
      <class id="PR_EXT:000010246" label="DNA replication licensing factor MCM4"/>
      <span end="38997" id="15917436-16472" start="38993">Mcm4</span>
    </annotation>
    <annotation annotator="Mike Bada, University of Colorado School of Medicine" id="PR_reasoned_2017_04_17_Instance_112010" type="identity">
      <class id="CHEBI_PR_EXT:protein" label="protein"/>
      <span end="39009" id="15917436-16131" start="39002">protein</span>
    </annotation>
    <annotation annotator="Mike Bada, University of Colorado School of Medicine" id="PR_reasoned_2017_04_17_Instance_150900" type="identity">
      <class id="GO_PR_EXT:deoxyribonuclease_I" label="deoxyribonuclease I"/>
      <span end="39051" id="15917436-16161" start="39044">DNase I</span>
    </annotation>
    <annotation annotator="Mike Bada, University of Colorado School of Medicine" id="PR_reasoned_2017_04_17_Instance_20719" type="identity">
      <class id="PR_EXT:000010246" label="DNA replication licensing factor MCM4"/>
      <span end="39634" id="15917436-16474" start="39630">Mcm4</span>
    </annotation>
    <annotation annotator="Mike Bada, University of Colorado School of Medicine" id="PR_reasoned_2017_04_17_Instance_20721" type="identity">
      <class id="PR_EXT:000010246" label="DNA replication licensing factor MCM4"/>
      <span end="39864" id="15917436-16476" start="39860">Mcm4</span>
    </annotation>
    <annotation annotator="Mike Bada, University of Colorado School of Medicine" id="PR_reasoned_2017_04_17_Instance_20723" type="identity">
      <class id="PR_EXT:000010246" label="DNA replication licensing factor MCM4"/>
      <span end="40017" id="15917436-16478" start="40013">Mcm4</span>
    </annotation>
    <annotation annotator="Mike Bada, University of Colorado School of Medicine" id="PR_reasoned_2017_04_17_Instance_20725" type="identity">
      <class id="PR_EXT:000010246" label="DNA replication licensing factor MCM4"/>
      <span end="40161" id="15917436-16480" start="40157">Mcm4</span>
    </annotation>
    <annotation annotator="Mike Bada, University of Colorado School of Medicine" id="PR_reasoned_2017_04_17_Instance_112012" type="identity">
      <class id="CHEBI_PR_EXT:protein" label="protein"/>
      <span end="40173" id="15917436-16133" start="40166">protein</span>
    </annotation>
    <annotation annotator="Mike Bada, University of Colorado School of Medicine" id="PR_reasoned_2017_04_17_Instance_20727" type="identity">
      <class id="PR_EXT:000010246" label="DNA replication licensing factor MCM4"/>
      <span end="40454" id="15917436-16482" start="40450">Mcm4</span>
    </annotation>
    <annotation annotator="Mike Bada, University of Colorado School of Medicine" id="PR_reasoned_2017_04_17_Instance_20729" type="identity">
      <class id="PR_EXT:000010246" label="DNA replication licensing factor MCM4"/>
      <span end="40472" id="15917436-16484" start="40468">Mcm4</span>
    </annotation>
    <annotation annotator="Mike Bada, University of Colorado School of Medicine" id="PR_reasoned_2017_04_17_Instance_112014" type="identity">
      <class id="CHEBI_PR_EXT:protein" label="protein"/>
      <span end="40848" id="15917436-16135" start="40841">protein</span>
    </annotation>
    <annotation annotator="Mike Bada, University of Colorado School of Medicine" id="PR_reasoned_2017_04_17_Instance_20731" type="identity">
      <class id="PR_EXT:000010246" label="DNA replication licensing factor MCM4"/>
      <span end="40897" id="15917436-16486" start="40893">Mcm4</span>
    </annotation>
    <annotation annotator="Mike Bada, University of Colorado School of Medicine" id="PR_reasoned_2017_04_17_Instance_20733" type="identity">
      <class id="PR_EXT:000010246" label="DNA replication licensing factor MCM4"/>
      <span end="40969" id="15917436-16488" start="40965">Mcm4</span>
    </annotation>
    <annotation annotator="Mike Bada, University of Colorado School of Medicine" id="PR_reasoned_2017_04_17_Instance_20735" type="identity">
      <class id="PR_EXT:000010246" label="DNA replication licensing factor MCM4"/>
      <span end="41153" id="15917436-16490" start="41149">Mcm4</span>
    </annotation>
    <annotation annotator="Mike Bada, University of Colorado School of Medicine" id="PR_reasoned_2017_04_17_Instance_20737" type="identity">
      <class id="PR_EXT:000010246" label="DNA replication licensing factor MCM4"/>
      <span end="41231" id="15917436-16492" start="41227">Mcm4</span>
    </annotation>
    <annotation annotator="Mike Bada, University of Colorado School of Medicine" id="PR_reasoned_2017_04_17_Instance_20739" type="identity">
      <class id="PR_EXT:000010246" label="DNA replication licensing factor MCM4"/>
      <span end="41403" id="15917436-16494" start="41399">Mcm4</span>
    </annotation>
    <annotation annotator="Mike Bada, University of Colorado School of Medicine" id="PR_reasoned_2017_04_17_Instance_20741" type="identity">
      <class id="PR_EXT:000023591" label="primosomal protein N'"/>
      <span end="41489" id="15917436-16496" start="41485">PriA</span>
    </annotation>
    <annotation annotator="Mike Bada, University of Colorado School of Medicine" id="PR_reasoned_2017_04_17_Instance_20743" type="identity">
      <class id="PR_EXT:000010246" label="DNA replication licensing factor MCM4"/>
      <span end="41996" id="15917436-16498" start="41992">Mcm4</span>
    </annotation>
    <annotation annotator="Mike Bada, University of Colorado School of Medicine" id="PR_reasoned_2017_04_17_Instance_20745" type="identity">
      <class id="PR_EXT:000010246" label="DNA replication licensing factor MCM4"/>
      <span end="42088" id="15917436-16500" start="42084">Mcm4</span>
    </annotation>
    <annotation annotator="Mike Bada, University of Colorado School of Medicine" id="PR_reasoned_2017_04_17_Instance_20747" type="identity">
      <class id="PR_EXT:000010246" label="DNA replication licensing factor MCM4"/>
      <span end="42356" id="15917436-16502" start="42352">Mcm4</span>
    </annotation>
    <annotation annotator="Mike Bada, University of Colorado School of Medicine" id="PR_reasoned_2017_04_17_Instance_20749" type="identity">
      <class id="PR_EXT:000010246" label="DNA replication licensing factor MCM4"/>
      <span end="42631" id="15917436-16504" start="42627">Mcm4</span>
    </annotation>
    <annotation annotator="Mike Bada, University of Colorado School of Medicine" id="PR_reasoned_2017_04_17_Instance_20751" type="identity">
      <class id="PR_EXT:000010246" label="DNA replication licensing factor MCM4"/>
      <span end="43161" id="15917436-16506" start="43157">Mcm4</span>
    </annotation>
    <annotation annotator="Mike Bada, University of Colorado School of Medicine" id="PR_reasoned_2017_04_17_Instance_20753" type="identity">
      <class id="PR_EXT:000010246" label="DNA replication licensing factor MCM4"/>
      <span end="43239" id="15917436-16508" start="43235">Mcm4</span>
    </annotation>
    <annotation annotator="Mike Bada, University of Colorado School of Medicine" id="PR_reasoned_2017_04_17_Instance_20755" type="identity">
      <class id="PR_EXT:000000084" label="c-myc protein"/>
      <span end="43298" id="15917436-16510" start="43293">c-myc</span>
    </annotation>
    <annotation annotator="Mike Bada, University of Colorado School of Medicine" id="PR_reasoned_2017_04_17_Instance_20757" type="identity">
      <class id="PR_EXT:000010246" label="DNA replication licensing factor MCM4"/>
      <span end="43338" id="15917436-16512" start="43334">Mcm4</span>
    </annotation>
    <annotation annotator="Mike Bada, University of Colorado School of Medicine" id="PR_reasoned_2017_04_17_Instance_20759" type="identity">
      <class id="PR_EXT:000000084" label="c-myc protein"/>
      <span end="43414" id="15917436-16514" start="43409">c-myc</span>
    </annotation>
    <annotation annotator="Mike Bada, University of Colorado School of Medicine" id="PR_reasoned_2017_04_17_Instance_20767" type="identity">
      <class id="PR_EXT:000009861" label="lamin-B2"/>
      <span end="43428" id="15917436-16522" start="43420">Lamin B2</span>
    </annotation>
    <annotation annotator="Mike Bada, University of Colorado School of Medicine" id="PR_reasoned_2017_04_17_Instance_20761" type="identity">
      <class id="PR_EXT:000000084" label="c-myc protein"/>
      <span end="43438" id="15917436-16516" start="43433">c-myc</span>
    </annotation>
    <annotation annotator="Mike Bada, University of Colorado School of Medicine" id="PR_reasoned_2017_04_17_Instance_20763" type="identity">
      <class id="PR_EXT:000010246" label="DNA replication licensing factor MCM4"/>
      <span end="43633" id="15917436-16518" start="43629">Mcm4</span>
    </annotation>
    <annotation annotator="Mike Bada, University of Colorado School of Medicine" id="PR_reasoned_2017_04_17_Instance_20765" type="identity">
      <class id="PR_EXT:000010246" label="DNA replication licensing factor MCM4"/>
      <span end="43766" id="15917436-16520" start="43762">Mcm4</span>
    </annotation>
    <annotation annotator="Mike Bada, University of Colorado School of Medicine" id="PR_reasoned_2017_04_17_Instance_20769" type="identity">
      <class id="PR_EXT:000010246" label="DNA replication licensing factor MCM4"/>
      <span end="43909" id="15917436-16524" start="43905">Mcm4</span>
    </annotation>
    <annotation annotator="Mike Bada, University of Colorado School of Medicine" id="PR_reasoned_2017_04_17_Instance_20771" type="identity">
      <class id="PR_EXT:000010246" label="DNA replication licensing factor MCM4"/>
      <span end="43979" id="15917436-16526" start="43975">Mcm4</span>
    </annotation>
    <annotation annotator="Mike Bada, University of Colorado School of Medicine" id="PR_reasoned_2017_04_17_Instance_112016" type="identity">
      <class id="CHEBI_PR_EXT:protein" label="protein"/>
      <span end="44225" id="15917436-16137" start="44218">protein</span>
    </annotation>
    <annotation annotator="Mike Bada, University of Colorado School of Medicine" id="PR_reasoned_2017_04_17_Instance_20773" type="identity">
      <class id="PR_EXT:000010246" label="DNA replication licensing factor MCM4"/>
      <span end="44280" id="15917436-16528" start="44276">Mcm4</span>
    </annotation>
    <annotation annotator="Mike Bada, University of Colorado School of Medicine" id="PR_reasoned_2017_04_17_Instance_112018" type="identity">
      <class id="CHEBI_PR_EXT:protein" label="protein"/>
      <span end="44292" id="15917436-16139" start="44285">protein</span>
    </annotation>
    <annotation annotator="Mike Bada, University of Colorado School of Medicine" id="PR_reasoned_2017_04_17_Instance_112020" type="identity">
      <class id="CHEBI_PR_EXT:protein" label="protein"/>
      <span end="44550" id="15917436-16141" start="44543">protein</span>
    </annotation>
    <annotation annotator="Mike Bada, University of Colorado School of Medicine" id="PR_reasoned_2017_04_17_Instance_20775" type="identity">
      <class id="PR_EXT:000010246" label="DNA replication licensing factor MCM4"/>
      <span end="44619" id="15917436-16530" start="44615">Mcm4</span>
    </annotation>
    <annotation annotator="Mike Bada, University of Colorado School of Medicine" id="PR_reasoned_2017_04_17_Instance_112022" type="identity">
      <class id="CHEBI_PR_EXT:protein" label="protein"/>
      <span end="44631" id="15917436-16143" start="44624">protein</span>
    </annotation>
    <graph-space id="Old Knowtator Relations"/>
  </document>
</knowtator-project>
