<?xml version="1.0" encoding="UTF-8" standalone="no"?>
<knowtator-project>
    <document id="15921521" text-file="15921521.txt">
        <annotation annotator="Mike Bada, University of Colorado School of Medicine" id="PR_reasoned_2017_04_17_Instance_20415" type="identity">
            <class id="PR_EXT:000001044" label="cystic fibrosis transmembrane conductance regulator"/>
            <span end="248" id="15921521-16567" start="197">cystic fibrosis transmembrane conductance regulator</span>
        </annotation>
        <annotation annotator="Mike Bada, University of Colorado School of Medicine" id="PR_reasoned_2017_04_17_Instance_20417" type="identity">
            <class id="PR_EXT:000001044" label="cystic fibrosis transmembrane conductance regulator"/>
            <span end="254" id="15921521-16569" start="250">CFTR</span>
        </annotation>
        <annotation annotator="Mike Bada, University of Colorado School of Medicine" id="PR_reasoned_2017_04_17_Instance_20781" type="identity">
            <class id="PR_EXT:000001044" label="cystic fibrosis transmembrane conductance regulator"/>
            <span end="371" id="15921521-16571" start="367">Cftr</span>
        </annotation>
        <annotation annotator="Mike Bada, University of Colorado School of Medicine" id="PR_reasoned_2017_04_17_Instance_150906" type="identity">
            <class id="PR_EXT:000001044" label="cystic fibrosis transmembrane conductance regulator"/>
            <span end="401" id="15921521-16557" start="397">Cftr</span>
        </annotation>
        <annotation annotator="Mike Bada, University of Colorado School of Medicine" id="PR_reasoned_2017_04_17_Instance_20783" type="identity">
            <class id="PR_EXT:000001044" label="cystic fibrosis transmembrane conductance regulator"/>
            <span end="2294" id="15921521-16573" start="2243">cystic fibrosis transmembrane conductance regulator</span>
        </annotation>
        <annotation annotator="Mike Bada, University of Colorado School of Medicine" id="PR_reasoned_2017_04_17_Instance_20785" type="identity">
            <class id="PR_EXT:000001044" label="cystic fibrosis transmembrane conductance regulator"/>
            <span end="2300" id="15921521-16575" start="2296">CFTR</span>
        </annotation>
        <annotation annotator="Mike Bada, University of Colorado School of Medicine" id="PR_reasoned_2017_04_17_Instance_20787" type="identity">
            <class id="PR_EXT:000001044" label="cystic fibrosis transmembrane conductance regulator"/>
            <span end="2377" id="15921521-16577" start="2373">CFTR</span>
        </annotation>
        <annotation annotator="Mike Bada, University of Colorado School of Medicine" id="PR_reasoned_2017_04_17_Instance_112024" type="identity">
            <class id="CHEBI_PR_EXT:protein" label="protein"/>
            <span end="2385" id="15921521-16543" start="2378">protein</span>
        </annotation>
        <annotation annotator="Mike Bada, University of Colorado School of Medicine" id="PR_reasoned_2017_04_17_Instance_20789" type="identity">
            <class id="PR_EXT:000001044" label="cystic fibrosis transmembrane conductance regulator"/>
            <span end="2565" id="15921521-16579" start="2561">CFTR</span>
        </annotation>
        <annotation annotator="Mike Bada, University of Colorado School of Medicine" id="PR_reasoned_2017_04_17_Instance_20791" type="identity">
            <class id="PR_EXT:000001044" label="cystic fibrosis transmembrane conductance regulator"/>
            <span end="2617" id="15921521-16581" start="2613">CFTR</span>
        </annotation>
        <annotation annotator="Mike Bada, University of Colorado School of Medicine" id="PR_reasoned_2017_04_17_Instance_20793" type="identity">
            <class id="PR_EXT:000001044" label="cystic fibrosis transmembrane conductance regulator"/>
            <span end="2838" id="15921521-16583" start="2834">CFTR</span>
        </annotation>
        <annotation annotator="Mike Bada, University of Colorado School of Medicine" id="PR_reasoned_2017_04_17_Instance_20795" type="identity">
            <class id="PR_EXT:000001044" label="cystic fibrosis transmembrane conductance regulator"/>
            <span end="2874" id="15921521-16585" start="2870">CFTR</span>
        </annotation>
        <annotation annotator="Mike Bada, University of Colorado School of Medicine" id="PR_reasoned_2017_04_17_Instance_112026" type="identity">
            <class id="CHEBI_PR_EXT:protein" label="protein"/>
            <span end="2882" id="15921521-16545" start="2875">protein</span>
        </annotation>
        <annotation annotator="Mike Bada, University of Colorado School of Medicine" id="PR_reasoned_2017_04_17_Instance_20797" type="identity">
            <class id="PR_EXT:000001044" label="cystic fibrosis transmembrane conductance regulator"/>
            <span end="3133" id="15921521-16587" start="3129">CFTR</span>
        </annotation>
        <annotation annotator="Mike Bada, University of Colorado School of Medicine" id="PR_reasoned_2017_04_17_Instance_20799" type="identity">
            <class id="PR_EXT:000001044" label="cystic fibrosis transmembrane conductance regulator"/>
            <span end="4010" id="15921521-16589" start="4006">CFTR</span>
        </annotation>
        <annotation annotator="Mike Bada, University of Colorado School of Medicine" id="PR_reasoned_2017_04_17_Instance_20801" type="identity">
            <class id="PR_EXT:000001044" label="cystic fibrosis transmembrane conductance regulator"/>
            <span end="4488" id="15921521-16591" start="4484">CFTR</span>
        </annotation>
        <annotation annotator="Mike Bada, University of Colorado School of Medicine" id="PR_reasoned_2017_04_17_Instance_20803" type="identity">
            <class id="PR_EXT:000010903" label="mast cell protease 2"/>
            <span end="7408" id="15921521-16593" start="7388">Mast cell protease 2</span>
        </annotation>
        <annotation annotator="Mike Bada, University of Colorado School of Medicine" id="PR_reasoned_2017_04_17_Instance_20805" type="identity">
            <class id="PR_EXT:000010903" label="mast cell protease 2"/>
            <span end="7415" id="15921521-16595" start="7410">Mcpt2</span>
        </annotation>
        <annotation annotator="Mike Bada, University of Colorado School of Medicine" id="PR_reasoned_2017_04_17_Instance_20807" type="identity">
            <class id="PR_EXT:000009913" label="leucine-rich alpha-2-glycoprotein"/>
            <span end="7554" id="15921521-16597" start="7526">Leucine-rich α2 glycoprotein</span>
        </annotation>
        <annotation annotator="Mike Bada, University of Colorado School of Medicine" id="PR_reasoned_2017_04_17_Instance_20809" type="identity">
            <class id="PR_EXT:000009913" label="leucine-rich alpha-2-glycoprotein"/>
            <span end="7560" id="15921521-16599" start="7556">Lrg1</span>
        </annotation>
        <annotation annotator="Mike Bada, University of Colorado School of Medicine" id="PR_reasoned_2017_04_17_Instance_20811" type="identity">
            <class id="PR_EXT:000009913" label="leucine-rich alpha-2-glycoprotein"/>
            <span end="7744" id="15921521-16601" start="7697">leucine-rich high endothelial cell glycoprotein</span>
        </annotation>
        <annotation annotator="Mike Bada, University of Colorado School of Medicine" id="PR_reasoned_2017_04_17_Instance_20813" type="identity">
            <class id="PR_EXT:000009913" label="leucine-rich alpha-2-glycoprotein"/>
            <span end="7750" id="15921521-16603" start="7746">Lrhg</span>
        </annotation>
        <annotation annotator="Mike Bada, University of Colorado School of Medicine" id="PR_reasoned_2017_04_17_Instance_20815" type="identity">
            <class id="PR_EXT:000015919" label="murine-type serum amyloid A-3 protein"/>
            <span end="8058" id="15921521-16605" start="8042">Serum amyloid A3</span>
        </annotation>
        <annotation annotator="Mike Bada, University of Colorado School of Medicine" id="PR_reasoned_2017_04_17_Instance_20817" type="identity">
            <class id="PR_EXT:000015919" label="murine-type serum amyloid A-3 protein"/>
            <span end="8064" id="15921521-16607" start="8060">SAA3</span>
        </annotation>
        <annotation annotator="Mike Bada, University of Colorado School of Medicine" id="PR_reasoned_2017_04_17_Instance_20819" type="identity">
            <class id="PR_EXT:000015394" label="suppressor of cytokine signaling 3"/>
            <span end="8212" id="15921521-16609" start="8178">Suppressor of cytokine signaling 3</span>
        </annotation>
        <annotation annotator="Mike Bada, University of Colorado School of Medicine" id="PR_reasoned_2017_04_17_Instance_20821" type="identity">
            <class id="PR_EXT:000015394" label="suppressor of cytokine signaling 3"/>
            <span end="8219" id="15921521-16611" start="8214">SOCS3</span>
        </annotation>
        <annotation annotator="Mike Bada, University of Colorado School of Medicine" id="PR_reasoned_2017_04_17_Instance_20823" type="identity">
            <class id="PR_EXT:000025748" label="Janus kinase"/>
            <span end="8283" id="15921521-16613" start="8280">JAK</span>
        </annotation>
        <annotation annotator="Mike Bada, University of Colorado School of Medicine" id="PR_reasoned_2017_04_17_Instance_20825" type="identity">
            <class id="PR_EXT:000001933" label="signal transducer and transcription activator STAT"/>
            <span end="8288" id="15921521-16615" start="8284">STAT</span>
        </annotation>
        <annotation annotator="Mike Bada, University of Colorado School of Medicine" id="PR_reasoned_2017_04_17_Instance_20827" type="identity">
            <class id="PR_EXT:000006534" label="deleted in malignant brain tumors 1 protein"/>
            <span end="8359" id="15921521-16617" start="8353">Muclin</span>
        </annotation>
        <annotation annotator="Mike Bada, University of Colorado School of Medicine" id="PR_reasoned_2017_04_17_Instance_20829" type="identity">
            <class id="PR_EXT:000006534" label="deleted in malignant brain tumors 1 protein"/>
            <span end="8380" id="15921521-16619" start="8375">dmbt1</span>
        </annotation>
        <annotation annotator="Mike Bada, University of Colorado School of Medicine" id="PR_reasoned_2017_04_17_Instance_20831" type="identity">
            <class id="PR_EXT:000010903" label="mast cell protease 2"/>
            <span end="8572" id="15921521-16621" start="8567">Mcpt2</span>
        </annotation>
        <annotation annotator="Mike Bada, University of Colorado School of Medicine" id="PR_reasoned_2017_04_17_Instance_20833" type="identity">
            <class id="PR_EXT:000010903" label="mast cell protease 2"/>
            <span end="8727" id="15921521-16623" start="8722">Mcpt2</span>
        </annotation>
        <annotation annotator="Mike Bada, University of Colorado School of Medicine" id="PR_reasoned_2017_04_17_Instance_20835" type="identity">
            <class id="PR_EXT:000009913" label="leucine-rich alpha-2-glycoprotein"/>
            <span end="8803" id="15921521-16625" start="8799">Lrg1</span>
        </annotation>
        <annotation annotator="Mike Bada, University of Colorado School of Medicine" id="PR_reasoned_2017_04_17_Instance_150908" type="identity">
            <class id="PR_EXT:000009913" label="leucine-rich alpha-2-glycoprotein"/>
            <span end="8808" id="15921521-16559" start="8804">Lrhg</span>
        </annotation>
        <annotation annotator="Mike Bada, University of Colorado School of Medicine" id="PR_reasoned_2017_04_17_Instance_20839" type="identity">
            <class id="PR_EXT:000015919" label="murine-type serum amyloid A-3 protein"/>
            <span end="9011" id="15921521-16627" start="9007">SAA3</span>
        </annotation>
        <annotation annotator="Mike Bada, University of Colorado School of Medicine" id="PR_reasoned_2017_04_17_Instance_20841" type="identity">
            <class id="PR_EXT:000015394" label="suppressor of cytokine signaling 3"/>
            <span end="9177" id="15921521-16629" start="9172">SOCS3</span>
        </annotation>
        <annotation annotator="Mike Bada, University of Colorado School of Medicine" id="PR_reasoned_2017_04_17_Instance_20843" type="identity">
            <class id="PR_EXT:000006534" label="deleted in malignant brain tumors 1 protein"/>
            <span end="9390" id="15921521-16631" start="9384">Muclin</span>
        </annotation>
        <annotation annotator="Mike Bada, University of Colorado School of Medicine" id="PR_reasoned_2017_04_17_backup_Instance_0" type="identity">
            <class id="GO_PR_EXT:glyceraldehyde_3_phosphate_dehydrogenase" label="glyceraldehyde-3-phosphate dehydrogenase"/>
            <span end="10014" id="15921521-16535" start="10009">GAPDH</span>
        </annotation>
        <annotation annotator="Mike Bada, University of Colorado School of Medicine" id="PR_reasoned_2017_04_17_Instance_20847" type="identity">
            <class id="PR_EXT:000010764" label="mucin-2"/>
            <span end="13810" id="15921521-16633" start="13806">Muc2</span>
        </annotation>
        <annotation annotator="Mike Bada, University of Colorado School of Medicine" id="PR_reasoned_2017_04_17_Instance_20849" type="identity">
            <class id="PR_EXT:000010764" label="mucin-2"/>
            <span end="13878" id="15921521-16635" start="13874">Muc2</span>
        </annotation>
        <annotation annotator="Mike Bada, University of Colorado School of Medicine" id="PR_reasoned_2017_04_17_backup_Instance_2" type="identity">
            <class id="GO_PR_EXT:glyceraldehyde_3_phosphate_dehydrogenase" label="glyceraldehyde-3-phosphate dehydrogenase"/>
            <span end="13884" id="15921521-16537" start="13879">GAPDH</span>
        </annotation>
        <annotation annotator="Mike Bada, University of Colorado School of Medicine" id="PR_reasoned_2017_04_17_Instance_20853" type="identity">
            <class id="PR_EXT:000010764" label="mucin-2"/>
            <span end="14025" id="15921521-16637" start="14021">Muc2</span>
        </annotation>
        <annotation annotator="Mike Bada, University of Colorado School of Medicine" id="PR_reasoned_2017_04_17_backup_Instance_4" type="identity">
            <class id="GO_PR_EXT:glyceraldehyde_3_phosphate_dehydrogenase" label="glyceraldehyde-3-phosphate dehydrogenase"/>
            <span end="14040" id="15921521-16539" start="14035">GAPDH</span>
        </annotation>
        <annotation annotator="Mike Bada, University of Colorado School of Medicine" id="PR_reasoned_2017_04_17_Instance_20857" type="identity">
            <class id="PR_EXT:000010764" label="mucin-2"/>
            <span end="14201" id="15921521-16639" start="14197">Muc2</span>
        </annotation>
        <annotation annotator="Mike Bada, University of Colorado School of Medicine" id="PR_reasoned_2017_04_17_Instance_20859" type="identity">
            <class id="PR_EXT:000001044" label="cystic fibrosis transmembrane conductance regulator"/>
            <span end="14536" id="15921521-16641" start="14532">Cftr</span>
        </annotation>
        <annotation annotator="Mike Bada, University of Colorado School of Medicine" id="PR_reasoned_2017_04_17_Instance_20861" type="identity">
            <class id="PR_EXT:000001044" label="cystic fibrosis transmembrane conductance regulator"/>
            <span end="15152" id="15921521-16643" start="15148">Cftr</span>
        </annotation>
        <annotation annotator="Mike Bada, University of Colorado School of Medicine" id="PR_reasoned_2017_04_17_Instance_20863" type="identity">
            <class id="PR_EXT:000001044" label="cystic fibrosis transmembrane conductance regulator"/>
            <span end="15201" id="15921521-16645" start="15197">Cftr</span>
        </annotation>
        <annotation annotator="Mike Bada, University of Colorado School of Medicine" id="PR_reasoned_2017_04_17_Instance_20865" type="identity">
            <class id="PR_EXT:000001044" label="cystic fibrosis transmembrane conductance regulator"/>
            <span end="15474" id="15921521-16647" start="15470">Cftr</span>
        </annotation>
        <annotation annotator="Mike Bada, University of Colorado School of Medicine" id="PR_reasoned_2017_04_17_Instance_20867" type="identity">
            <class id="PR_EXT:000001044" label="cystic fibrosis transmembrane conductance regulator"/>
            <span end="15521" id="15921521-16649" start="15517">Cftr</span>
        </annotation>
        <annotation annotator="Mike Bada, University of Colorado School of Medicine" id="PR_reasoned_2017_04_17_Instance_20869" type="identity">
            <class id="PR_EXT:000001044" label="cystic fibrosis transmembrane conductance regulator"/>
            <span end="17822" id="15921521-16651" start="17818">Cftr</span>
        </annotation>
        <annotation annotator="Mike Bada, University of Colorado School of Medicine" id="PR_reasoned_2017_04_17_Instance_20871" type="identity">
            <class id="PR_EXT:000001044" label="cystic fibrosis transmembrane conductance regulator"/>
            <span end="19159" id="15921521-16653" start="19155">CFTR</span>
        </annotation>
        <annotation annotator="Mike Bada, University of Colorado School of Medicine" id="PR_reasoned_2017_04_17_Instance_20873" type="identity">
            <class id="PR_EXT:000002004" label="G protein-activated inward rectifier potassium channel 3"/>
            <span end="19378" id="15921521-16655" start="19373">Kcnj9</span>
        </annotation>
        <annotation annotator="Mike Bada, University of Colorado School of Medicine" id="PR_reasoned_2017_04_17_Instance_20875" type="identity">
            <class id="PR_EXT:000001979" label="ATP-sensitive inward rectifier potassium channel 10"/>
            <span end="19403" id="15921521-16657" start="19397">Kcnj10</span>
        </annotation>
        <annotation annotator="Mike Bada, University of Colorado School of Medicine" id="PR_reasoned_2017_04_17_Instance_20877" type="identity">
            <class id="PR_EXT:000002005" label="G protein-activated inward rectifier potassium channel 4"/>
            <span end="19427" id="15921521-16659" start="19422">Kcnj5</span>
        </annotation>
        <annotation annotator="Mike Bada, University of Colorado School of Medicine" id="PR_reasoned_2017_04_17_Instance_20879" type="identity">
            <class id="PR_EXT:000000782" label="voltage-gated potassium channel KCNC2"/>
            <span end="19453" id="15921521-16661" start="19448">Kcnc2</span>
        </annotation>
        <annotation annotator="Mike Bada, University of Colorado School of Medicine" id="PR_reasoned_2017_04_17_Instance_150923" type="identity">
            <class id="PR_EXT:tumor_necrosis_factor" label="tumor necrosis factor"/>
            <span end="19794" id="15921521-16561" start="19791">TNF</span>
        </annotation>
        <annotation annotator="Mike Bada, University of Colorado School of Medicine" id="PR_reasoned_2017_04_17_Instance_20881" type="identity">
            <class id="PR_EXT:000001949" label="tumor necrosis factor ligand superfamily member 4"/>
            <span end="19821" id="15921521-16663" start="19815">Tnfsf4</span>
        </annotation>
        <annotation annotator="Mike Bada, University of Colorado School of Medicine" id="PR_reasoned_2017_04_17_Instance_150930" type="identity">
            <class id="PR_EXT:selectin" label="selectin"/>
            <span end="19915" id="15921521-16563" start="19907">selectin</span>
        </annotation>
        <annotation annotator="Mike Bada, University of Colorado School of Medicine" id="PR_reasoned_2017_04_17_Instance_20883" type="identity">
            <class id="PR_EXT:000001415" label="E-selectin"/>
            <span end="19927" id="15921521-16665" start="19923">Sele</span>
        </annotation>
        <annotation annotator="Mike Bada, University of Colorado School of Medicine" id="PR_reasoned_2017_04_17_Instance_20885" type="identity">
            <class id="PR_EXT:000001318" label="L-selectin"/>
            <span end="19933" id="15921521-16667" start="19929">Sell</span>
        </annotation>
        <annotation annotator="Mike Bada, University of Colorado School of Medicine" id="PR_reasoned_2017_04_17_Instance_20887" type="identity">
            <class id="PR_EXT:000001432" label="P-selectin"/>
            <span end="19939" id="15921521-16669" start="19935">Selp</span>
        </annotation>
        <annotation annotator="Mike Bada, University of Colorado School of Medicine" id="PR_reasoned_2017_04_17_Instance_112028" type="identity">
            <class id="CHEBI_PR_EXT:protein" label="protein"/>
            <span end="20079" id="15921521-16547" start="20071">proteins</span>
        </annotation>
        <annotation annotator="Mike Bada, University of Colorado School of Medicine" id="PR_reasoned_2017_04_17_Instance_20889" type="identity">
            <class id="PR_EXT:000001833" label="SLAM family member 1"/>
            <span end="20106" id="15921521-16671" start="20100">slamf1</span>
        </annotation>
        <annotation annotator="Mike Bada, University of Colorado School of Medicine" id="PR_reasoned_2017_04_17_Instance_20947" type="identity">
            <class id="PR_EXT:000002140" label="lymphotactin"/>
            <span end="20174" id="15921521-16719" start="20170">Xcl1</span>
        </annotation>
        <annotation annotator="Mike Bada, University of Colorado School of Medicine" id="PR_reasoned_2017_04_17_Instance_20891" type="identity">
            <class id="PR_EXT:000007442" label="Fc receptor-like protein 3"/>
            <span end="20301" id="15921521-16673" start="20296">Fcrl3</span>
        </annotation>
        <annotation annotator="Mike Bada, University of Colorado School of Medicine" id="PR_reasoned_2017_04_17_Instance_20949" type="identity">
            <class id="PR_EXT:000001481" label="low affinity immunoglobulin gamma Fc region receptor II-b"/>
            <span end="20309" id="15921521-16721" start="20303">Fcgr2b</span>
        </annotation>
        <annotation annotator="Mike Bada, University of Colorado School of Medicine" id="PR_reasoned_2017_04_17_Instance_20951" type="identity">
            <class id="PR_EXT:000001483" label="low affinity immunoglobulin gamma Fc region receptor III"/>
            <span end="20320" id="15921521-16723" start="20315">Fcgr3</span>
        </annotation>
        <annotation annotator="Mike Bada, University of Colorado School of Medicine" id="PR_reasoned_2017_04_17_Instance_20893" type="identity">
            <class id="PR_EXT:000007432" label="high affinity immunoglobulin epsilon receptor subunit gamma"/>
            <span end="20346" id="15921521-16675" start="20340">Fcer1g</span>
        </annotation>
        <annotation annotator="Mike Bada, University of Colorado School of Medicine" id="PR_reasoned_2017_04_17_Instance_20895" type="identity">
            <class id="PR_EXT:000007431" label="high affinity immunoglobulin epsilon receptor subunit alpha"/>
            <span end="20372" id="15921521-16677" start="20366">Fcer1a</span>
        </annotation>
        <annotation annotator="Mike Bada, University of Colorado School of Medicine" id="PR_reasoned_2017_04_17_Instance_20897" type="identity">
            <class id="PR_EXT:000001156" label="Toll-like receptor 5"/>
            <span end="20420" id="15921521-16679" start="20416">Tlr5</span>
        </annotation>
        <annotation annotator="Mike Bada, University of Colorado School of Medicine" id="PR_reasoned_2017_04_17_Instance_20953" type="identity">
            <class id="PR_EXT:000010488" label="stromelysin-1"/>
            <span end="20441" id="15921521-16725" start="20437">Mmp3</span>
        </annotation>
        <annotation annotator="Mike Bada, University of Colorado School of Medicine" id="PR_reasoned_2017_04_17_Instance_20955" type="identity">
            <class id="PR_EXT:000001004" label="CD4 molecule"/>
            <span end="20474" id="15921521-16727" start="20471">CD4</span>
        </annotation>
        <annotation annotator="Mike Bada, University of Colorado School of Medicine" id="PR_reasoned_2017_04_17_Instance_20899" type="identity">
            <class id="PR_EXT:000010489" label="matrilysin"/>
            <span end="20498" id="15921521-16681" start="20494">Mmp7</span>
        </annotation>
        <annotation annotator="Mike Bada, University of Colorado School of Medicine" id="PR_reasoned_2017_04_17_Instance_20901" type="identity">
            <class id="PR_EXT:000001467" label="intercellular adhesion molecule 1"/>
            <span end="20584" id="15921521-16683" start="20579">Icam1</span>
        </annotation>
        <annotation annotator="Mike Bada, University of Colorado School of Medicine" id="PR_reasoned_2017_04_17_Instance_20903" type="identity">
            <class id="PR_EXT:000009345" label="kit ligand"/>
            <span end="20676" id="15921521-16685" start="20672">Kitl</span>
        </annotation>
        <annotation annotator="Mike Bada, University of Colorado School of Medicine" id="PR_reasoned_2017_04_17_Instance_20905" type="identity">
            <class id="PR_EXT:000009345" label="kit ligand"/>
            <span end="20732" id="15921521-16687" start="20716">stem cell factor</span>
        </annotation>
        <annotation annotator="Mike Bada, University of Colorado School of Medicine" id="PR_reasoned_2017_04_17_Instance_20907" type="identity">
            <class id="PR_EXT:000010030" label="lysozyme C-2"/>
            <span end="20860" id="15921521-16689" start="20856">Lyzs</span>
        </annotation>
        <annotation annotator="Mike Bada, University of Colorado School of Medicine" id="PR_reasoned_2017_04_17_Instance_20909" type="identity">
            <class id="PR_EXT:000000017" label="interferon gamma"/>
            <span end="20954" id="15921521-16691" start="20950">Ifng</span>
        </annotation>
        <annotation annotator="Mike Bada, University of Colorado School of Medicine" id="PR_reasoned_2017_04_17_Instance_20911" type="identity">
            <class id="PR_EXT:000001383" label="interleukin-22"/>
            <span end="21057" id="15921521-16693" start="21053">Il22</span>
        </annotation>
        <annotation annotator="Mike Bada, University of Colorado School of Medicine" id="PR_reasoned_2017_04_17_Instance_21577" type="identity">
            <class id="PR_EXT:000001335" label="class 2 cytokine, IL-10 type"/>
            <span end="21086" id="15921521-16729" start="21077">member of</span>
            <span end="21133" id="15921521-16730" start="21109">IL-10 interleukin family</span>
        </annotation>
        <annotation annotator="Mike Bada, University of Colorado School of Medicine" id="PR_reasoned_2017_04_17_Instance_20915" type="identity">
            <class id="PR_EXT:000002088" label="signal transducer and activator of transcription 2"/>
            <span end="21153" id="15921521-16695" start="21148">Stat2</span>
        </annotation>
        <annotation annotator="Mike Bada, University of Colorado School of Medicine" id="PR_reasoned_2017_04_17_Instance_20917" type="identity">
            <class id="PR_EXT:000009345" label="kit ligand"/>
            <span end="21927" id="15921521-16697" start="21923">Kitl</span>
        </annotation>
        <annotation annotator="Mike Bada, University of Colorado School of Medicine" id="PR_reasoned_2017_04_17_Instance_20919" type="identity">
            <class id="PR_EXT:000010903" label="mast cell protease 2"/>
            <span end="22114" id="15921521-16699" start="22109">Mcpt2</span>
        </annotation>
        <annotation annotator="Mike Bada, University of Colorado School of Medicine" id="PR_reasoned_2017_04_17_Instance_150932" type="identity">
            <class id="PR_EXT:selectin" label="selectin"/>
            <span end="22156" id="15921521-16565" start="22147">selectins</span>
        </annotation>
        <annotation annotator="Mike Bada, University of Colorado School of Medicine" id="PR_reasoned_2017_04_17_Instance_20921" type="identity">
            <class id="PR_EXT:000001467" label="intercellular adhesion molecule 1"/>
            <span end="22166" id="15921521-16701" start="22161">Icam1</span>
        </annotation>
        <annotation annotator="Mike Bada, University of Colorado School of Medicine" id="PR_reasoned_2017_04_17_Instance_112030" type="identity">
            <class id="CHEBI_PR_EXT:protein" label="protein"/>
            <span end="22201" id="15921521-16549" start="22193">proteins</span>
        </annotation>
        <annotation annotator="Mike Bada, University of Colorado School of Medicine" id="PR_reasoned_2017_04_17_Instance_20923" type="identity">
            <class id="PR_EXT:000001044" label="cystic fibrosis transmembrane conductance regulator"/>
            <span end="23592" id="15921521-16703" start="23588">Cftr</span>
        </annotation>
        <annotation annotator="Mike Bada, University of Colorado School of Medicine" id="PR_reasoned_2017_04_17_Instance_114754" type="identity">
            <class id="CHEBI_PR_EXT:gastrin" label="gastrin"/>
            <span end="23976" id="15921521-16551" start="23969">gastrin</span>
        </annotation>
        <annotation annotator="Mike Bada, University of Colorado School of Medicine" id="PR_reasoned_2017_04_17_Instance_114756" type="identity">
            <class id="CHEBI_PR_EXT:gastrin" label="gastrin"/>
            <span end="24083" id="15921521-16553" start="24076">gastrin</span>
        </annotation>
        <annotation annotator="Mike Bada, University of Colorado School of Medicine" id="PR_reasoned_2017_04_17_Instance_20929" type="identity">
            <class id="PR_EXT:000001044" label="cystic fibrosis transmembrane conductance regulator"/>
            <span end="24141" id="15921521-16705" start="24137">Cftr</span>
        </annotation>
        <annotation annotator="Mike Bada, University of Colorado School of Medicine" id="PR_reasoned_2017_04_17_Instance_114758" type="identity">
            <class id="CHEBI_PR_EXT:gastrin" label="gastrin"/>
            <span end="24336" id="15921521-16555" start="24329">gastrin</span>
        </annotation>
        <annotation annotator="Mike Bada, University of Colorado School of Medicine" id="PR_reasoned_2017_04_17_Instance_20933" type="identity">
            <class id="PR_EXT:000001044" label="cystic fibrosis transmembrane conductance regulator"/>
            <span end="24360" id="15921521-16707" start="24356">Cftr</span>
        </annotation>
        <annotation annotator="Mike Bada, University of Colorado School of Medicine" id="PR_reasoned_2017_04_17_Instance_20935" type="identity">
            <class id="PR_EXT:000001044" label="cystic fibrosis transmembrane conductance regulator"/>
            <span end="24387" id="15921521-16709" start="24383">Cftr</span>
        </annotation>
        <annotation annotator="Mike Bada, University of Colorado School of Medicine" id="PR_reasoned_2017_04_17_Instance_20937" type="identity">
            <class id="PR_EXT:000001044" label="cystic fibrosis transmembrane conductance regulator"/>
            <span end="24401" id="15921521-16711" start="24397">Cftr</span>
        </annotation>
        <annotation annotator="Mike Bada, University of Colorado School of Medicine" id="PR_reasoned_2017_04_17_Instance_20939" type="identity">
            <class id="PR_EXT:000001044" label="cystic fibrosis transmembrane conductance regulator"/>
            <span end="24423" id="15921521-16713" start="24419">Cftr</span>
        </annotation>
        <annotation annotator="Mike Bada, University of Colorado School of Medicine" id="PR_reasoned_2017_04_17_backup_Instance_6" type="identity">
            <class id="GO_PR_EXT:glyceraldehyde_3_phosphate_dehydrogenase" label="glyceraldehyde-3-phosphate dehydrogenase"/>
            <span end="25994" id="15921521-16541" start="25989">GAPDH</span>
        </annotation>
        <annotation annotator="Mike Bada, University of Colorado School of Medicine" id="PR_reasoned_2017_04_17_Instance_20941" type="identity">
            <class id="PR_EXT:000010764" label="mucin-2"/>
            <span end="26140" id="15921521-16715" start="26136">Muc2</span>
        </annotation>
        <annotation annotator="Mike Bada, University of Colorado School of Medicine" id="PR_reasoned_2017_04_17_Instance_20945" type="identity">
            <class id="PR_EXT:000001044" label="cystic fibrosis transmembrane conductance regulator"/>
            <span end="26892" id="15921521-16717" start="26888">Cftr</span>
        </annotation>
        <graph-space id="Old Knowtator Relations"/>
    </document>
</knowtator-project>
