<?xml version="1.0" encoding="UTF-8" standalone="no"?>
<knowtator-project>
  <document id="15938754" text-file="15938754.txt">
    <annotation annotator="Mike Bada, University of Colorado School of Medicine" id="PR_reasoned_2017_04_17_Instance_150935" type="identity">
      <class id="PR_EXT:000036337" label="taste receptor type 2"/>
      <span end="23" id="15938754-16761" start="18">Tas2r</span>
    </annotation>
    <annotation annotator="Mike Bada, University of Colorado School of Medicine" id="PR_reasoned_2017_04_17_Instance_160038" type="identity">
      <class id="PR_EXT:000036337" label="taste receptor type 2"/>
      <span end="340" id="15938754-16911" start="336">T2Rs</span>
    </annotation>
    <annotation annotator="Mike Bada, University of Colorado School of Medicine" id="PR_reasoned_2017_04_17_Instance_150939" type="identity">
      <class id="PR_EXT:000036337" label="taste receptor type 2"/>
      <span end="898" id="15938754-16765" start="894">T2Rs</span>
    </annotation>
    <annotation annotator="Mike Bada, University of Colorado School of Medicine" id="PR_reasoned_2017_04_17_Instance_150937" type="identity">
      <class id="PR_EXT:000036337" label="taste receptor type 2"/>
      <span end="906" id="15938754-16763" start="900">Tas2rs</span>
    </annotation>
    <annotation annotator="Mike Bada, University of Colorado School of Medicine" id="PR_reasoned_2017_04_17_Instance_150941" type="identity">
      <class id="PR_EXT:000036337" label="taste receptor type 2"/>
      <span end="915" id="15938754-16767" start="909">Tas2rs</span>
    </annotation>
    <annotation annotator="Mike Bada, University of Colorado School of Medicine" id="PR_reasoned_2017_04_17_Instance_150943" type="identity">
      <class id="PR_EXT:000036337" label="taste receptor type 2"/>
      <span end="1231" id="15938754-16769" start="1226">Tas2r</span>
    </annotation>
    <annotation annotator="Mike Bada, University of Colorado School of Medicine" id="PR_reasoned_2017_04_17_Instance_150945" type="identity">
      <class id="PR_EXT:000036337" label="taste receptor type 2"/>
      <span end="1293" id="15938754-16771" start="1288">Tas2r</span>
    </annotation>
    <annotation annotator="Mike Bada, University of Colorado School of Medicine" id="PR_reasoned_2017_04_17_Instance_150947" type="identity">
      <class id="PR_EXT:000036337" label="taste receptor type 2"/>
      <span end="1393" id="15938754-16773" start="1388">Tas2r</span>
    </annotation>
    <annotation annotator="Mike Bada, University of Colorado School of Medicine" id="PR_reasoned_2017_04_17_Instance_160040" type="identity">
      <class id="PR_EXT:000036337" label="taste receptor type 2"/>
      <span end="1599" id="15938754-16913" start="1596">T2R</span>
    </annotation>
    <annotation annotator="Mike Bada, University of Colorado School of Medicine" id="PR_reasoned_2017_04_17_Instance_150949" type="identity">
      <class id="PR_EXT:000036337" label="taste receptor type 2"/>
      <span end="1791" id="15938754-16775" start="1786">Tas2r</span>
    </annotation>
    <annotation annotator="Mike Bada, University of Colorado School of Medicine" id="PR_reasoned_2017_04_17_Instance_160042" type="identity">
      <class id="PR_EXT:000036337" label="taste receptor type 2"/>
      <span end="1908" id="15938754-16915" start="1905">T2R</span>
    </annotation>
    <annotation annotator="Mike Bada, University of Colorado School of Medicine" id="PR_reasoned_2017_04_17_backup_Instance_8" type="identity">
      <class id="GO_PR_EXT:G_protein_coupled_receptor" label="G-protein coupled receptor"/>
      <span end="2254" id="15938754-16739" start="2227">G protein-coupled receptors</span>
    </annotation>
    <annotation annotator="Mike Bada, University of Colorado School of Medicine" id="PR_reasoned_2017_04_17_backup_Instance_10" type="identity">
      <class id="GO_PR_EXT:G_protein_coupled_receptor" label="G-protein coupled receptor"/>
      <span end="2261" id="15938754-16735" start="2256">GPCRs</span>
    </annotation>
    <annotation annotator="Mike Bada, University of Colorado School of Medicine" id="PR_reasoned_2017_04_17_Instance_160088" type="identity">
      <class id="PR_EXT:000036336" label="taste receptor type 1"/>
      <span end="2461" id="15938754-16961" start="2457">T1Rs</span>
    </annotation>
    <annotation annotator="Mike Bada, University of Colorado School of Medicine" id="PR_reasoned_2017_04_17_Instance_160044" type="identity">
      <class id="PR_EXT:000036337" label="taste receptor type 2"/>
      <span end="2513" id="15938754-16917" start="2509">T2Rs</span>
    </annotation>
    <annotation annotator="Mike Bada, University of Colorado School of Medicine" id="PR_reasoned_2017_04_17_Instance_160046" type="identity">
      <class id="PR_EXT:000036337" label="taste receptor type 2"/>
      <span end="2578" id="15938754-16919" start="2574">T2Rs</span>
    </annotation>
    <annotation annotator="Mike Bada, University of Colorado School of Medicine" id="PR_reasoned_2017_04_17_Instance_150951" type="identity">
      <class id="PR_EXT:000036337" label="taste receptor type 2"/>
      <span end="2590" id="15938754-16777" start="2584">Tas2rs</span>
    </annotation>
    <annotation annotator="Mike Bada, University of Colorado School of Medicine" id="PR_reasoned_2017_04_17_Instance_150953" type="identity">
      <class id="PR_EXT:000036337" label="taste receptor type 2"/>
      <span end="2782" id="15938754-16779" start="2776">Tas2rs</span>
    </annotation>
    <annotation annotator="Mike Bada, University of Colorado School of Medicine" id="PR_reasoned_2017_04_17_Instance_150955" type="identity">
      <class id="PR_EXT:000036337" label="taste receptor type 2"/>
      <span end="2860" id="15938754-16781" start="2854">Tas2rs</span>
    </annotation>
    <annotation annotator="Mike Bada, University of Colorado School of Medicine" id="PR_reasoned_2017_04_17_Instance_150957" type="identity">
      <class id="PR_EXT:000036337" label="taste receptor type 2"/>
      <span end="2914" id="15938754-16783" start="2908">Tas2rs</span>
    </annotation>
    <annotation annotator="Mike Bada, University of Colorado School of Medicine" id="PR_reasoned_2017_04_17_Instance_150959" type="identity">
      <class id="PR_EXT:000036337" label="taste receptor type 2"/>
      <span end="3575" id="15938754-16785" start="3569">Tas2rs</span>
    </annotation>
    <annotation annotator="Mike Bada, University of Colorado School of Medicine" id="PR_reasoned_2017_04_17_backup_Instance_12" type="identity">
      <class id="GO_PR_EXT:G_protein_coupled_receptor" label="G-protein coupled receptor"/>
      <span end="4525" id="15938754-16737" start="4520">GPCRs</span>
    </annotation>
    <annotation annotator="Mike Bada, University of Colorado School of Medicine" id="PR_reasoned_2017_04_17_Instance_112034" type="identity">
      <class id="CHEBI_PR_EXT:protein" label="protein"/>
      <span end="4579" id="15938754-16741" start="4571">proteins</span>
    </annotation>
    <annotation annotator="Mike Bada, University of Colorado School of Medicine" id="PR_reasoned_2017_04_17_Instance_160048" type="identity">
      <class id="PR_EXT:000036337" label="taste receptor type 2"/>
      <span end="4787" id="15938754-16921" start="4784">T2R</span>
    </annotation>
    <annotation annotator="Mike Bada, University of Colorado School of Medicine" id="PR_reasoned_2017_04_17_Instance_160050" type="identity">
      <class id="PR_EXT:000036337" label="taste receptor type 2"/>
      <span end="4805" id="15938754-16923" start="4802">T2R</span>
    </annotation>
    <annotation annotator="Mike Bada, University of Colorado School of Medicine" id="PR_reasoned_2017_04_17_Instance_150961" type="identity">
      <class id="PR_EXT:000036337" label="taste receptor type 2"/>
      <span end="5324" id="15938754-16787" start="5319">Tas2r</span>
    </annotation>
    <annotation annotator="Mike Bada, University of Colorado School of Medicine" id="PR_reasoned_2017_04_17_Instance_150963" type="identity">
      <class id="PR_EXT:000036337" label="taste receptor type 2"/>
      <span end="5392" id="15938754-16789" start="5387">Tas2r</span>
    </annotation>
    <annotation annotator="Mike Bada, University of Colorado School of Medicine" id="PR_reasoned_2017_04_17_Instance_150965" type="identity">
      <class id="PR_EXT:000036337" label="taste receptor type 2"/>
      <span end="5559" id="15938754-16791" start="5553">Tas2rs</span>
    </annotation>
    <annotation annotator="Mike Bada, University of Colorado School of Medicine" id="PR_reasoned_2017_04_17_Instance_160052" type="identity">
      <class id="PR_EXT:000036337" label="taste receptor type 2"/>
      <span end="11114" id="15938754-16925" start="11090">T2R-type taste receptors</span>
    </annotation>
    <annotation annotator="Mike Bada, University of Colorado School of Medicine" id="PR_reasoned_2017_04_17_Instance_150967" type="identity">
      <class id="PR_EXT:000036337" label="taste receptor type 2"/>
      <span end="11125" id="15938754-16793" start="11120">Tas2r</span>
    </annotation>
    <annotation annotator="Mike Bada, University of Colorado School of Medicine" id="PR_reasoned_2017_04_17_Instance_160054" type="identity">
      <class id="PR_EXT:000036337" label="taste receptor type 2"/>
      <span end="11154" id="15938754-16927" start="11150">T2Rs</span>
    </annotation>
    <annotation annotator="Mike Bada, University of Colorado School of Medicine" id="PR_reasoned_2017_04_17_Instance_150969" type="identity">
      <class id="PR_EXT:000036337" label="taste receptor type 2"/>
      <span end="11477" id="15938754-16795" start="11471">Tas2rs</span>
    </annotation>
    <annotation annotator="Mike Bada, University of Colorado School of Medicine" id="PR_reasoned_2017_04_17_Instance_150971" type="identity">
      <class id="PR_EXT:000036337" label="taste receptor type 2"/>
      <span end="12000" id="15938754-16797" start="11994">Tas2rs</span>
    </annotation>
    <annotation annotator="Mike Bada, University of Colorado School of Medicine" id="PR_reasoned_2017_04_17_Instance_150973" type="identity">
      <class id="PR_EXT:000036337" label="taste receptor type 2"/>
      <span end="12238" id="15938754-16799" start="12233">Tas2r</span>
    </annotation>
    <annotation annotator="Mike Bada, University of Colorado School of Medicine" id="PR_reasoned_2017_04_17_Instance_150975" type="identity">
      <class id="PR_EXT:000036337" label="taste receptor type 2"/>
      <span end="12272" id="15938754-16801" start="12267">Tas2r</span>
    </annotation>
    <annotation annotator="Mike Bada, University of Colorado School of Medicine" id="PR_reasoned_2017_04_17_Instance_150977" type="identity">
      <class id="PR_EXT:000036337" label="taste receptor type 2"/>
      <span end="12325" id="15938754-16803" start="12319">Tas2rs</span>
    </annotation>
    <annotation annotator="Mike Bada, University of Colorado School of Medicine" id="PR_reasoned_2017_04_17_Instance_112036" type="identity">
      <class id="CHEBI_PR_EXT:protein" label="protein"/>
      <span end="12463" id="15938754-16743" start="12455">proteins</span>
    </annotation>
    <annotation annotator="Mike Bada, University of Colorado School of Medicine" id="PR_reasoned_2017_04_17_Instance_160080" type="identity">
      <class id="PR_EXT:000013555" label="proline-rich protein 2"/>
      <span end="12469" id="15938754-16953" start="12465">Prp2</span>
    </annotation>
    <annotation annotator="Mike Bada, University of Colorado School of Medicine" id="PR_reasoned_2017_04_17_Instance_160082" type="identity">
      <class id="PR_EXT:000013555" label="proline-rich protein 2"/>
      <span end="12478" id="15938754-16955" start="12474">Prh1</span>
    </annotation>
    <annotation annotator="Mike Bada, University of Colorado School of Medicine" id="PR_reasoned_2017_04_17_Instance_160056" type="identity">
      <class id="PR_EXT:000036337" label="taste receptor type 2"/>
      <span end="12589" id="15938754-16929" start="12586">T2R</span>
    </annotation>
    <annotation annotator="Mike Bada, University of Colorado School of Medicine" id="PR_reasoned_2017_04_17_Instance_150979" type="identity">
      <class id="PR_EXT:000036337" label="taste receptor type 2"/>
      <span end="12622" id="15938754-16805" start="12616">Tas2rs</span>
    </annotation>
    <annotation annotator="Mike Bada, University of Colorado School of Medicine" id="PR_reasoned_2017_04_17_Instance_150981" type="identity">
      <class id="PR_EXT:000036337" label="taste receptor type 2"/>
      <span end="12718" id="15938754-16807" start="12713">Tas2r</span>
    </annotation>
    <annotation annotator="Mike Bada, University of Colorado School of Medicine" id="PR_reasoned_2017_04_17_Instance_150983" type="identity">
      <class id="PR_EXT:000036337" label="taste receptor type 2"/>
      <span end="12787" id="15938754-16809" start="12782">Tas2r</span>
    </annotation>
    <annotation annotator="Mike Bada, University of Colorado School of Medicine" id="PR_reasoned_2017_04_17_Instance_150985" type="identity">
      <class id="PR_EXT:000036337" label="taste receptor type 2"/>
      <span end="12950" id="15938754-16811" start="12945">Tas2r</span>
    </annotation>
    <annotation annotator="Mike Bada, University of Colorado School of Medicine" id="PR_reasoned_2017_04_17_Instance_112038" type="identity">
      <class id="CHEBI_PR_EXT:protein" label="protein"/>
      <span end="12972" id="15938754-16745" start="12965">protein</span>
    </annotation>
    <annotation annotator="Mike Bada, University of Colorado School of Medicine" id="PR_reasoned_2017_04_17_Instance_150987" type="identity">
      <class id="PR_EXT:000036337" label="taste receptor type 2"/>
      <span end="13123" id="15938754-16813" start="13118">Tas2r</span>
    </annotation>
    <annotation annotator="Mike Bada, University of Colorado School of Medicine" id="PR_reasoned_2017_04_17_Instance_112040" type="identity">
      <class id="CHEBI_PR_EXT:protein" label="protein"/>
      <span end="13164" id="15938754-16747" start="13157">protein</span>
    </annotation>
    <annotation annotator="Mike Bada, University of Colorado School of Medicine" id="PR_reasoned_2017_04_17_Instance_150989" type="identity">
      <class id="PR_EXT:000036337" label="taste receptor type 2"/>
      <span end="13353" id="15938754-16815" start="13348">Tas2r</span>
    </annotation>
    <annotation annotator="Mike Bada, University of Colorado School of Medicine" id="PR_reasoned_2017_04_17_Instance_150991" type="identity">
      <class id="PR_EXT:000036337" label="taste receptor type 2"/>
      <span end="13441" id="15938754-16817" start="13435">Tas2rs</span>
    </annotation>
    <annotation annotator="Mike Bada, University of Colorado School of Medicine" id="PR_reasoned_2017_04_17_Instance_150993" type="identity">
      <class id="PR_EXT:000036337" label="taste receptor type 2"/>
      <span end="13474" id="15938754-16819" start="13469">Tas2r</span>
    </annotation>
    <annotation annotator="Mike Bada, University of Colorado School of Medicine" id="PR_reasoned_2017_04_17_Instance_150995" type="identity">
      <class id="PR_EXT:000036337" label="taste receptor type 2"/>
      <span end="13672" id="15938754-16821" start="13667">Tas2r</span>
    </annotation>
    <annotation annotator="Mike Bada, University of Colorado School of Medicine" id="PR_reasoned_2017_04_17_Instance_150997" type="identity">
      <class id="PR_EXT:000036337" label="taste receptor type 2"/>
      <span end="13741" id="15938754-16823" start="13736">Tas2r</span>
    </annotation>
    <annotation annotator="Mike Bada, University of Colorado School of Medicine" id="PR_reasoned_2017_04_17_Instance_150999" type="identity">
      <class id="PR_EXT:000036337" label="taste receptor type 2"/>
      <span end="13944" id="15938754-16825" start="13939">Tas2r</span>
    </annotation>
    <annotation annotator="Mike Bada, University of Colorado School of Medicine" id="PR_reasoned_2017_04_17_Instance_20963" type="identity">
      <class id="PR_EXT:000016893" label="taste receptor type 2 member 106"/>
      <span end="13971" id="15938754-16963" start="13963">Tas2r106</span>
    </annotation>
    <annotation annotator="Mike Bada, University of Colorado School of Medicine" id="PR_reasoned_2017_04_17_Instance_20965" type="identity">
      <class id="PR_EXT:000016904" label="taste receptor type 2 member 124"/>
      <span end="13984" id="15938754-16965" start="13976">Tas2r124</span>
    </annotation>
    <annotation annotator="Mike Bada, University of Colorado School of Medicine" id="PR_reasoned_2017_04_17_Instance_20967" type="identity">
      <class id="PR_EXT:000016902" label="taste receptor type 2 member 120"/>
      <span end="14075" id="15938754-16967" start="14067">Tas2r120</span>
    </annotation>
    <annotation annotator="Mike Bada, University of Colorado School of Medicine" id="PR_reasoned_2017_04_17_Instance_151001" type="identity">
      <class id="PR_EXT:000036337" label="taste receptor type 2"/>
      <span end="14224" id="15938754-16827" start="14219">Tas2r</span>
    </annotation>
    <annotation annotator="Mike Bada, University of Colorado School of Medicine" id="PR_reasoned_2017_04_17_Instance_20969" type="identity">
      <class id="PR_EXT:000016890" label="taste receptor type 2 member 103"/>
      <span end="14272" id="15938754-16969" start="14264">Tas2r103</span>
    </annotation>
    <annotation annotator="Mike Bada, University of Colorado School of Medicine" id="PR_reasoned_2017_04_17_Instance_20971" type="identity">
      <class id="PR_EXT:000016900" label="taste receptor type 2 member 117"/>
      <span end="14285" id="15938754-16971" start="14277">Tas2r117</span>
    </annotation>
    <annotation annotator="Mike Bada, University of Colorado School of Medicine" id="PR_reasoned_2017_04_17_Instance_151003" type="identity">
      <class id="PR_EXT:000036337" label="taste receptor type 2"/>
      <span end="14471" id="15938754-16829" start="14465">Tas2rs</span>
    </annotation>
    <annotation annotator="Mike Bada, University of Colorado School of Medicine" id="PR_reasoned_2017_04_17_Instance_151005" type="identity">
      <class id="PR_EXT:000036337" label="taste receptor type 2"/>
      <span end="14534" id="15938754-16831" start="14528">Tas2rs</span>
    </annotation>
    <annotation annotator="Mike Bada, University of Colorado School of Medicine" id="PR_reasoned_2017_04_17_Instance_151007" type="identity">
      <class id="PR_EXT:000036337" label="taste receptor type 2"/>
      <span end="14730" id="15938754-16833" start="14724">Tas2rs</span>
    </annotation>
    <annotation annotator="Mike Bada, University of Colorado School of Medicine" id="PR_reasoned_2017_04_17_Instance_160058" type="identity">
      <class id="PR_EXT:000036337" label="taste receptor type 2"/>
      <span end="14865" id="15938754-16931" start="14861">T2Rs</span>
    </annotation>
    <annotation annotator="Mike Bada, University of Colorado School of Medicine" id="PR_reasoned_2017_04_17_Instance_151009" type="identity">
      <class id="PR_EXT:000036337" label="taste receptor type 2"/>
      <span end="14943" id="15938754-16835" start="14937">Tas2rs</span>
    </annotation>
    <annotation annotator="Mike Bada, University of Colorado School of Medicine" id="PR_reasoned_2017_04_17_Instance_151011" type="identity">
      <class id="PR_EXT:000036337" label="taste receptor type 2"/>
      <span end="14977" id="15938754-16837" start="14971">Tas2rs</span>
    </annotation>
    <annotation annotator="Mike Bada, University of Colorado School of Medicine" id="PR_reasoned_2017_04_17_Instance_20973" type="identity">
      <class id="PR_EXT:000016892" label="taste receptor type 2 member 105"/>
      <span end="15075" id="15938754-16973" start="15067">Tas2r105</span>
    </annotation>
    <annotation annotator="Mike Bada, University of Colorado School of Medicine" id="PR_reasoned_2017_04_17_Instance_20975" type="identity">
      <class id="PR_EXT:000016899" label="taste receptor type 2 member 116"/>
      <span end="15085" id="15938754-16975" start="15077">Tas2r116</span>
    </annotation>
    <annotation annotator="Mike Bada, University of Colorado School of Medicine" id="PR_reasoned_2017_04_17_Instance_20977" type="identity">
      <class id="PR_EXT:000016902" label="taste receptor type 2 member 120"/>
      <span end="15156" id="15938754-16977" start="15148">Tas2r120</span>
    </annotation>
    <annotation annotator="Mike Bada, University of Colorado School of Medicine" id="PR_reasoned_2017_04_17_Instance_151013" type="identity">
      <class id="PR_EXT:000036337" label="taste receptor type 2"/>
      <span end="15202" id="15938754-16839" start="15197">Tas2r</span>
    </annotation>
    <annotation annotator="Mike Bada, University of Colorado School of Medicine" id="PR_reasoned_2017_04_17_Instance_151015" type="identity">
      <class id="PR_EXT:000036337" label="taste receptor type 2"/>
      <span end="15588" id="15938754-16841" start="15583">Tas2r</span>
    </annotation>
    <annotation annotator="Mike Bada, University of Colorado School of Medicine" id="PR_reasoned_2017_04_17_Instance_151017" type="identity">
      <class id="PR_EXT:000036337" label="taste receptor type 2"/>
      <span end="15784" id="15938754-16843" start="15779">Tas2r</span>
    </annotation>
    <annotation annotator="Mike Bada, University of Colorado School of Medicine" id="PR_reasoned_2017_04_17_Instance_151019" type="identity">
      <class id="PR_EXT:000036337" label="taste receptor type 2"/>
      <span end="15959" id="15938754-16845" start="15954">Tas2r</span>
    </annotation>
    <annotation annotator="Mike Bada, University of Colorado School of Medicine" id="PR_reasoned_2017_04_17_Instance_20979" type="identity">
      <class id="PR_EXT:000016891" label="taste receptor type 2 member 104"/>
      <span end="16050" id="15938754-16979" start="16042">Tas2r104</span>
    </annotation>
    <annotation annotator="Mike Bada, University of Colorado School of Medicine" id="PR_reasoned_2017_04_17_Instance_20981" type="identity">
      <class id="PR_EXT:000016898" label="taste receptor type 2 member 114"/>
      <span end="16060" id="15938754-16981" start="16052">Tas2r114</span>
    </annotation>
    <annotation annotator="Mike Bada, University of Colorado School of Medicine" id="PR_reasoned_2017_04_17_Instance_20983" type="identity">
      <class id="PR_EXT:000016896" label="taste receptor type 2 member 110"/>
      <span end="16073" id="15938754-16983" start="16065">Tas2r110</span>
    </annotation>
    <annotation annotator="Mike Bada, University of Colorado School of Medicine" id="PR_reasoned_2017_04_17_Instance_20985" type="identity">
      <class id="PR_EXT:000016902" label="taste receptor type 2 member 120"/>
      <span end="16153" id="15938754-16985" start="16145">Tas2r120</span>
    </annotation>
    <annotation annotator="Mike Bada, University of Colorado School of Medicine" id="PR_reasoned_2017_04_17_Instance_151021" type="identity">
      <class id="PR_EXT:000036337" label="taste receptor type 2"/>
      <span end="16470" id="15938754-16847" start="16465">Tas2r</span>
    </annotation>
    <annotation annotator="Mike Bada, University of Colorado School of Medicine" id="PR_reasoned_2017_04_17_Instance_151023" type="identity">
      <class id="PR_EXT:000036337" label="taste receptor type 2"/>
      <span end="16596" id="15938754-16849" start="16591">Tas2r</span>
    </annotation>
    <annotation annotator="Mike Bada, University of Colorado School of Medicine" id="PR_reasoned_2017_04_17_Instance_151025" type="identity">
      <class id="PR_EXT:000036337" label="taste receptor type 2"/>
      <span end="16698" id="15938754-16851" start="16693">Tas2r</span>
    </annotation>
    <annotation annotator="Mike Bada, University of Colorado School of Medicine" id="PR_reasoned_2017_04_17_Instance_151027" type="identity">
      <class id="PR_EXT:000036337" label="taste receptor type 2"/>
      <span end="16786" id="15938754-16853" start="16781">Tas2r</span>
    </annotation>
    <annotation annotator="Mike Bada, University of Colorado School of Medicine" id="PR_reasoned_2017_04_17_Instance_151029" type="identity">
      <class id="PR_EXT:000036337" label="taste receptor type 2"/>
      <span end="16872" id="15938754-16855" start="16866">Tas2rs</span>
    </annotation>
    <annotation annotator="Mike Bada, University of Colorado School of Medicine" id="PR_reasoned_2017_04_17_Instance_151031" type="identity">
      <class id="PR_EXT:000036337" label="taste receptor type 2"/>
      <span end="16971" id="15938754-16857" start="16966">Tas2r</span>
    </annotation>
    <annotation annotator="Mike Bada, University of Colorado School of Medicine" id="PR_reasoned_2017_04_17_Instance_151033" type="identity">
      <class id="PR_EXT:000036337" label="taste receptor type 2"/>
      <span end="17182" id="15938754-16859" start="17177">Tas2r</span>
    </annotation>
    <annotation annotator="Mike Bada, University of Colorado School of Medicine" id="PR_reasoned_2017_04_17_Instance_151035" type="identity">
      <class id="PR_EXT:000036337" label="taste receptor type 2"/>
      <span end="17320" id="15938754-16861" start="17315">Tas2r</span>
    </annotation>
    <annotation annotator="Mike Bada, University of Colorado School of Medicine" id="PR_reasoned_2017_04_17_Instance_151037" type="identity">
      <class id="PR_EXT:000036337" label="taste receptor type 2"/>
      <span end="17560" id="15938754-16863" start="17555">Tas2r</span>
    </annotation>
    <annotation annotator="Mike Bada, University of Colorado School of Medicine" id="PR_reasoned_2017_04_17_Instance_151039" type="identity">
      <class id="PR_EXT:000036337" label="taste receptor type 2"/>
      <span end="17662" id="15938754-16865" start="17657">Tas2r</span>
    </annotation>
    <annotation annotator="Mike Bada, University of Colorado School of Medicine" id="PR_reasoned_2017_04_17_Instance_151041" type="identity">
      <class id="PR_EXT:000036337" label="taste receptor type 2"/>
      <span end="18809" id="15938754-16867" start="18804">Tas2r</span>
    </annotation>
    <annotation annotator="Mike Bada, University of Colorado School of Medicine" id="PR_reasoned_2017_04_17_Instance_112042" type="identity">
      <class id="CHEBI_PR_EXT:protein" label="protein"/>
      <span end="18934" id="15938754-16749" start="18926">proteins</span>
    </annotation>
    <annotation annotator="Mike Bada, University of Colorado School of Medicine" id="PR_reasoned_2017_04_17_Instance_160084" type="identity">
      <class id="PR_EXT:000013555" label="proline-rich protein 2"/>
      <span end="18940" id="15938754-16957" start="18936">Prp2</span>
    </annotation>
    <annotation annotator="Mike Bada, University of Colorado School of Medicine" id="PR_reasoned_2017_04_17_Instance_160086" type="identity">
      <class id="PR_EXT:000013555" label="proline-rich protein 2"/>
      <span end="18949" id="15938754-16959" start="18945">Prh1</span>
    </annotation>
    <annotation annotator="Mike Bada, University of Colorado School of Medicine" id="PR_reasoned_2017_04_17_Instance_112044" type="identity">
      <class id="CHEBI_PR_EXT:protein" label="protein"/>
      <span end="18965" id="15938754-16751" start="18957">proteins</span>
    </annotation>
    <annotation annotator="Mike Bada, University of Colorado School of Medicine" id="PR_reasoned_2017_04_17_Instance_151043" type="identity">
      <class id="PR_EXT:000036337" label="taste receptor type 2"/>
      <span end="19024" id="15938754-16869" start="19018">Tas2rs</span>
    </annotation>
    <annotation annotator="Mike Bada, University of Colorado School of Medicine" id="PR_reasoned_2017_04_17_Instance_160060" type="identity">
      <class id="PR_EXT:000036337" label="taste receptor type 2"/>
      <span end="19317" id="15938754-16933" start="19313">T2Rs</span>
    </annotation>
    <annotation annotator="Mike Bada, University of Colorado School of Medicine" id="PR_reasoned_2017_04_17_Instance_112046" type="identity">
      <class id="CHEBI_PR_EXT:protein" label="protein"/>
      <span end="19560" id="15938754-16753" start="19552">proteins</span>
    </annotation>
    <annotation annotator="Mike Bada, University of Colorado School of Medicine" id="PR_reasoned_2017_04_17_Instance_160062" type="identity">
      <class id="PR_EXT:000036337" label="taste receptor type 2"/>
      <span end="19703" id="15938754-16935" start="19700">T2R</span>
    </annotation>
    <annotation annotator="Mike Bada, University of Colorado School of Medicine" id="PR_reasoned_2017_04_17_Instance_151045" type="identity">
      <class id="PR_EXT:000036337" label="taste receptor type 2"/>
      <span end="20148" id="15938754-16871" start="20143">Tas2r</span>
    </annotation>
    <annotation annotator="Mike Bada, University of Colorado School of Medicine" id="PR_reasoned_2017_04_17_Instance_160000" type="identity">
      <class id="PR_EXT:000036337" label="taste receptor type 2"/>
      <span end="20593" id="15938754-16873" start="20588">Tas2r</span>
    </annotation>
    <annotation annotator="Mike Bada, University of Colorado School of Medicine" id="PR_reasoned_2017_04_17_Instance_160002" type="identity">
      <class id="PR_EXT:000036337" label="taste receptor type 2"/>
      <span end="20846" id="15938754-16875" start="20840">Tas2rs</span>
    </annotation>
    <annotation annotator="Mike Bada, University of Colorado School of Medicine" id="PR_reasoned_2017_04_17_Instance_160004" type="identity">
      <class id="PR_EXT:000036337" label="taste receptor type 2"/>
      <span end="21003" id="15938754-16877" start="20997">Tas2rs</span>
    </annotation>
    <annotation annotator="Mike Bada, University of Colorado School of Medicine" id="PR_reasoned_2017_04_17_Instance_160006" type="identity">
      <class id="PR_EXT:000036337" label="taste receptor type 2"/>
      <span end="21072" id="15938754-16879" start="21067">Tas2r</span>
    </annotation>
    <annotation annotator="Mike Bada, University of Colorado School of Medicine" id="PR_reasoned_2017_04_17_Instance_20987" type="identity">
      <class id="PR_EXT:000016062" label="taste receptor type 1 member 3"/>
      <span end="21218" id="15938754-16987" start="21212">Tas1r3</span>
    </annotation>
    <annotation annotator="Mike Bada, University of Colorado School of Medicine" id="PR_reasoned_2017_04_17_Instance_160008" type="identity">
      <class id="PR_EXT:000036337" label="taste receptor type 2"/>
      <span end="21355" id="15938754-16881" start="21350">Tas2r</span>
    </annotation>
    <annotation annotator="Mike Bada, University of Colorado School of Medicine" id="PR_reasoned_2017_04_17_Instance_160064" type="identity">
      <class id="PR_EXT:000036337" label="taste receptor type 2"/>
      <span end="21729" id="15938754-16937" start="21726">T2R</span>
    </annotation>
    <annotation annotator="Mike Bada, University of Colorado School of Medicine" id="PR_reasoned_2017_04_17_Instance_160010" type="identity">
      <class id="PR_EXT:000036337" label="taste receptor type 2"/>
      <span end="21950" id="15938754-16883" start="21944">Tas2rs</span>
    </annotation>
    <annotation annotator="Mike Bada, University of Colorado School of Medicine" id="PR_reasoned_2017_04_17_Instance_160012" type="identity">
      <class id="PR_EXT:000036337" label="taste receptor type 2"/>
      <span end="22038" id="15938754-16885" start="22032">Tas2rs</span>
    </annotation>
    <annotation annotator="Mike Bada, University of Colorado School of Medicine" id="PR_reasoned_2017_04_17_Instance_112048" type="identity">
      <class id="CHEBI_PR_EXT:protein" label="protein"/>
      <span end="22071" id="15938754-16755" start="22063">proteins</span>
    </annotation>
    <annotation annotator="Mike Bada, University of Colorado School of Medicine" id="PR_reasoned_2017_04_17_Instance_160014" type="identity">
      <class id="PR_EXT:000036337" label="taste receptor type 2"/>
      <span end="22256" id="15938754-16887" start="22250">Tas2rs</span>
    </annotation>
    <annotation annotator="Mike Bada, University of Colorado School of Medicine" id="PR_reasoned_2017_04_17_Instance_160016" type="identity">
      <class id="PR_EXT:000036337" label="taste receptor type 2"/>
      <span end="22492" id="15938754-16889" start="22486">Tas2rs</span>
    </annotation>
    <annotation annotator="Mike Bada, University of Colorado School of Medicine" id="PR_reasoned_2017_04_17_Instance_160066" type="identity">
      <class id="PR_EXT:000036337" label="taste receptor type 2"/>
      <span end="22644" id="15938754-16939" start="22640">T2Rs</span>
    </annotation>
    <annotation annotator="Mike Bada, University of Colorado School of Medicine" id="PR_reasoned_2017_04_17_Instance_160068" type="identity">
      <class id="PR_EXT:000036337" label="taste receptor type 2"/>
      <span end="22729" id="15938754-16941" start="22726">T2R</span>
    </annotation>
    <annotation annotator="Mike Bada, University of Colorado School of Medicine" id="PR_reasoned_2017_04_17_Instance_112050" type="identity">
      <class id="CHEBI_PR_EXT:protein" label="protein"/>
      <span end="22870" id="15938754-16757" start="22862">proteins</span>
    </annotation>
    <annotation annotator="Mike Bada, University of Colorado School of Medicine" id="PR_reasoned_2017_04_17_Instance_160018" type="identity">
      <class id="PR_EXT:000036337" label="taste receptor type 2"/>
      <span end="23051" id="15938754-16891" start="23045">Tas2rs</span>
    </annotation>
    <annotation annotator="Mike Bada, University of Colorado School of Medicine" id="PR_reasoned_2017_04_17_Instance_160020" type="identity">
      <class id="PR_EXT:000036337" label="taste receptor type 2"/>
      <span end="23115" id="15938754-16893" start="23109">Tas2rs</span>
    </annotation>
    <annotation annotator="Mike Bada, University of Colorado School of Medicine" id="PR_reasoned_2017_04_17_Instance_160022" type="identity">
      <class id="PR_EXT:000036337" label="taste receptor type 2"/>
      <span end="23426" id="15938754-16895" start="23421">Tas2r</span>
    </annotation>
    <annotation annotator="Mike Bada, University of Colorado School of Medicine" id="PR_reasoned_2017_04_17_Instance_160024" type="identity">
      <class id="PR_EXT:000036337" label="taste receptor type 2"/>
      <span end="23518" id="15938754-16897" start="23513">Tas2r</span>
    </annotation>
    <annotation annotator="Mike Bada, University of Colorado School of Medicine" id="PR_reasoned_2017_04_17_Instance_160070" type="identity">
      <class id="PR_EXT:000036337" label="taste receptor type 2"/>
      <span end="23910" id="15938754-16943" start="23907">T2R</span>
    </annotation>
    <annotation annotator="Mike Bada, University of Colorado School of Medicine" id="PR_reasoned_2017_04_17_Instance_160026" type="identity">
      <class id="PR_EXT:000036337" label="taste receptor type 2"/>
      <span end="23932" id="15938754-16899" start="23927">Tas2r</span>
    </annotation>
    <annotation annotator="Mike Bada, University of Colorado School of Medicine" id="PR_reasoned_2017_04_17_Instance_160072" type="identity">
      <class id="PR_EXT:000036337" label="taste receptor type 2"/>
      <span end="24142" id="15938754-16945" start="24139">T2R</span>
    </annotation>
    <annotation annotator="Mike Bada, University of Colorado School of Medicine" id="PR_reasoned_2017_04_17_Instance_112052" type="identity">
      <class id="CHEBI_PR_EXT:protein" label="protein"/>
      <span end="24150" id="15938754-16759" start="24143">protein</span>
    </annotation>
    <annotation annotator="Mike Bada, University of Colorado School of Medicine" id="PR_reasoned_2017_04_17_Instance_160074" type="identity">
      <class id="PR_EXT:000036337" label="taste receptor type 2"/>
      <span end="24210" id="15938754-16947" start="24206">T2Rs</span>
    </annotation>
    <annotation annotator="Mike Bada, University of Colorado School of Medicine" id="PR_reasoned_2017_04_17_Instance_160076" type="identity">
      <class id="PR_EXT:000036337" label="taste receptor type 2"/>
      <span end="24331" id="15938754-16949" start="24328">T2R</span>
    </annotation>
    <annotation annotator="Mike Bada, University of Colorado School of Medicine" id="PR_reasoned_2017_04_17_Instance_160078" type="identity">
      <class id="PR_EXT:000036337" label="taste receptor type 2"/>
      <span end="28798" id="15938754-16951" start="28795">T2R</span>
    </annotation>
    <annotation annotator="Mike Bada, University of Colorado School of Medicine" id="PR_reasoned_2017_04_17_Instance_160028" type="identity">
      <class id="PR_EXT:000036337" label="taste receptor type 2"/>
      <span end="28993" id="15938754-16901" start="28988">Tas2r</span>
    </annotation>
    <annotation annotator="Mike Bada, University of Colorado School of Medicine" id="PR_reasoned_2017_04_17_Instance_160030" type="identity">
      <class id="PR_EXT:000036337" label="taste receptor type 2"/>
      <span end="29671" id="15938754-16903" start="29666">Tas2r</span>
    </annotation>
    <annotation annotator="Mike Bada, University of Colorado School of Medicine" id="PR_reasoned_2017_04_17_Instance_20989" type="identity">
      <class id="PR_EXT:000016902" label="taste receptor type 2 member 120"/>
      <span end="29743" id="15938754-16989" start="29735">Tas2r120</span>
    </annotation>
    <annotation annotator="Mike Bada, University of Colorado School of Medicine" id="PR_reasoned_2017_04_17_Instance_160032" type="identity">
      <class id="PR_EXT:000036337" label="taste receptor type 2"/>
      <span end="29923" id="15938754-16905" start="29918">Tas2r</span>
    </annotation>
    <annotation annotator="Mike Bada, University of Colorado School of Medicine" id="PR_reasoned_2017_04_17_Instance_160034" type="identity">
      <class id="PR_EXT:000036337" label="taste receptor type 2"/>
      <span end="30132" id="15938754-16907" start="30126">Tas2rs</span>
    </annotation>
    <annotation annotator="Mike Bada, University of Colorado School of Medicine" id="PR_reasoned_2017_04_17_Instance_160036" type="identity">
      <class id="PR_EXT:000036337" label="taste receptor type 2"/>
      <span end="31389" id="15938754-16909" start="31383">Tas2rs</span>
    </annotation>
    <graph-space id="Old Knowtator Relations"/>
  </document>
</knowtator-project>
