<?xml version="1.0" encoding="UTF-8" standalone="no"?>
<knowtator-project>
    <document id="16110338" text-file="16110338.txt">
        <annotation annotator="Mike Bada, University of Colorado School of Medicine" id="PR_reasoned_2017_04_17_Instance_44109" type="identity">
            <class id="PR_EXT:000011403" label="photoreceptor-specific nuclear receptor"/>
            <span end="589" id="16110338-18771" start="584">NR2E3</span>
        </annotation>
        <annotation annotator="Mike Bada, University of Colorado School of Medicine" id="PR_reasoned_2017_04_17_Instance_44111" type="identity">
            <class id="PR_EXT:000001195" label="short-wave-sensitive opsin 1"/>
            <span end="793" id="16110338-18773" start="786">S-opsin</span>
        </annotation>
        <annotation annotator="Mike Bada, University of Colorado School of Medicine" id="PR_reasoned_2017_04_17_Instance_44113" type="identity">
            <class id="PR_EXT:000011403" label="photoreceptor-specific nuclear receptor"/>
            <span end="3449" id="16110338-18775" start="3444">NR2E3</span>
        </annotation>
        <annotation annotator="Mike Bada, University of Colorado School of Medicine" id="PR_reasoned_2017_04_17_Instance_44115" type="identity">
            <class id="PR_EXT:000011403" label="photoreceptor-specific nuclear receptor"/>
            <span end="3495" id="16110338-18777" start="3465">photoreceptor nuclear receptor</span>
        </annotation>
        <annotation annotator="Mike Bada, University of Colorado School of Medicine" id="PR_reasoned_2017_04_17_Instance_44117" type="identity">
            <class id="PR_EXT:000001245" label="rhodopsin"/>
            <span end="4190" id="16110338-18779" start="4181">rhodopsin</span>
        </annotation>
        <annotation annotator="Mike Bada, University of Colorado School of Medicine" id="PR_reasoned_2017_04_17_Instance_44119" type="identity">
            <class id="PR_EXT:000001195" label="short-wave-sensitive opsin 1"/>
            <span end="4251" id="16110338-18781" start="4239">S-cone opsin</span>
        </annotation>
        <annotation annotator="Mike Bada, University of Colorado School of Medicine" id="PR_reasoned_2017_04_17_Instance_44121" type="identity">
            <class id="PR_EXT:000011403" label="photoreceptor-specific nuclear receptor"/>
            <span end="4807" id="16110338-18783" start="4802">NR2E3</span>
        </annotation>
        <annotation annotator="Mike Bada, University of Colorado School of Medicine" id="PR_reasoned_2017_04_17_Instance_44123" type="identity">
            <class id="PR_EXT:000001195" label="short-wave-sensitive opsin 1"/>
            <span end="5265" id="16110338-18785" start="5258">S-opsin</span>
        </annotation>
        <annotation annotator="Mike Bada, University of Colorado School of Medicine" id="PR_reasoned_2017_04_17_Instance_44125" type="identity">
            <class id="PR_EXT:000001195" label="short-wave-sensitive opsin 1"/>
            <span end="5694" id="16110338-18787" start="5687">S-opsin</span>
        </annotation>
        <annotation annotator="Mike Bada, University of Colorado School of Medicine" id="PR_reasoned_2017_04_17_Instance_44127" type="identity">
            <class id="PR_EXT:000001119" label="animal opsin"/>
            <span end="7045" id="16110338-18789" start="7039">opsins</span>
        </annotation>
        <annotation annotator="Mike Bada, University of Colorado School of Medicine" id="PR_reasoned_2017_04_17_Instance_44129" type="identity">
            <class id="PR_EXT:000011403" label="photoreceptor-specific nuclear receptor"/>
            <span end="7490" id="16110338-18791" start="7485">Nr2e3</span>
        </annotation>
        <annotation annotator="Mike Bada, University of Colorado School of Medicine" id="PR_reasoned_2017_04_17_Instance_44131" type="identity">
            <class id="PR_EXT:000001195" label="short-wave-sensitive opsin 1"/>
            <span end="9915" id="16110338-18793" start="9903">S-cone opsin</span>
        </annotation>
        <annotation annotator="Mike Bada, University of Colorado School of Medicine" id="PR_reasoned_2017_04_17_Instance_44133" type="identity">
            <class id="PR_EXT:000001195" label="short-wave-sensitive opsin 1"/>
            <span end="9928" id="16110338-18795" start="9922">Opn1sw</span>
        </annotation>
        <annotation annotator="Mike Bada, University of Colorado School of Medicine" id="PR_reasoned_2017_04_17_Instance_44135" type="identity">
            <class id="PR_EXT:000001195" label="short-wave-sensitive opsin 1"/>
            <span end="9994" id="16110338-18797" start="9987">S-opsin</span>
        </annotation>
        <annotation annotator="Mike Bada, University of Colorado School of Medicine" id="PR_reasoned_2017_04_17_Instance_44137" type="identity">
            <class id="PR_EXT:000001195" label="short-wave-sensitive opsin 1"/>
            <span end="10063" id="16110338-18799" start="10056">S-opsin</span>
        </annotation>
        <annotation annotator="Mike Bada, University of Colorado School of Medicine" id="PR_reasoned_2017_04_17_Instance_44139" type="identity">
            <class id="PR_EXT:000001195" label="short-wave-sensitive opsin 1"/>
            <span end="10216" id="16110338-18801" start="10209">S-opsin</span>
        </annotation>
        <annotation annotator="Mike Bada, University of Colorado School of Medicine" id="PR_reasoned_2017_04_17_Instance_44141" type="identity">
            <class id="PR_EXT:000001195" label="short-wave-sensitive opsin 1"/>
            <span end="10290" id="16110338-18803" start="10283">S-opsin</span>
        </annotation>
        <annotation annotator="Mike Bada, University of Colorado School of Medicine" id="PR_reasoned_2017_04_17_Instance_44143" type="identity">
            <class id="PR_EXT:000001195" label="short-wave-sensitive opsin 1"/>
            <span end="10421" id="16110338-18805" start="10414">S-opsin</span>
        </annotation>
        <annotation annotator="Mike Bada, University of Colorado School of Medicine" id="PR_reasoned_2017_04_17_Instance_44145" type="identity">
            <class id="PR_EXT:000001195" label="short-wave-sensitive opsin 1"/>
            <span end="10656" id="16110338-18807" start="10649">S-opsin</span>
        </annotation>
        <annotation annotator="Mike Bada, University of Colorado School of Medicine" id="PR_reasoned_2017_04_17_Instance_44147" type="identity">
            <class id="PR_EXT:000001195" label="short-wave-sensitive opsin 1"/>
            <span end="10756" id="16110338-18809" start="10749">S-opsin</span>
        </annotation>
        <annotation annotator="Mike Bada, University of Colorado School of Medicine" id="PR_reasoned_2017_04_17_Instance_44149" type="identity">
            <class id="PR_EXT:000001195" label="short-wave-sensitive opsin 1"/>
            <span end="10885" id="16110338-18811" start="10878">S-opsin</span>
        </annotation>
        <annotation annotator="Mike Bada, University of Colorado School of Medicine" id="PR_reasoned_2017_04_17_Instance_44151" type="identity">
            <class id="PR_EXT:000001195" label="short-wave-sensitive opsin 1"/>
            <span end="11116" id="16110338-18813" start="11109">S-opsin</span>
        </annotation>
        <annotation annotator="Mike Bada, University of Colorado School of Medicine" id="PR_reasoned_2017_04_17_Instance_44153" type="identity">
            <class id="PR_EXT:000001195" label="short-wave-sensitive opsin 1"/>
            <span end="11206" id="16110338-18815" start="11199">S-opsin</span>
        </annotation>
        <annotation annotator="Mike Bada, University of Colorado School of Medicine" id="PR_reasoned_2017_04_17_Instance_44155" type="identity">
            <class id="PR_EXT:000001245" label="rhodopsin"/>
            <span end="11220" id="16110338-18817" start="11211">rhodopsin</span>
        </annotation>
        <annotation annotator="Mike Bada, University of Colorado School of Medicine" id="PR_reasoned_2017_04_17_Instance_44157" type="identity">
            <class id="PR_EXT:000001195" label="short-wave-sensitive opsin 1"/>
            <span end="11305" id="16110338-18819" start="11298">S-opsin</span>
        </annotation>
        <annotation annotator="Mike Bada, University of Colorado School of Medicine" id="PR_reasoned_2017_04_17_Instance_44159" type="identity">
            <class id="PR_EXT:000001245" label="rhodopsin"/>
            <span end="11319" id="16110338-18821" start="11310">rhodopsin</span>
        </annotation>
        <annotation annotator="Mike Bada, University of Colorado School of Medicine" id="PR_reasoned_2017_04_17_Instance_44161" type="identity">
            <class id="PR_EXT:000001195" label="short-wave-sensitive opsin 1"/>
            <span end="11424" id="16110338-18823" start="11417">S-opsin</span>
        </annotation>
        <annotation annotator="Mike Bada, University of Colorado School of Medicine" id="PR_reasoned_2017_04_17_Instance_44163" type="identity">
            <class id="PR_EXT:000004855" label="mitotic checkpoint serine/threonine-protein kinase BUB1 beta"/>
            <span end="12450" id="16110338-18825" start="12445">Bub1b</span>
        </annotation>
        <annotation annotator="Mike Bada, University of Colorado School of Medicine" id="PR_reasoned_2017_04_17_Instance_44165" type="identity">
            <class id="PR_EXT:000016206" label="T-cell leukemia translocation-altered gene protein"/>
            <span end="12459" id="16110338-18827" start="12455">Tcta</span>
        </annotation>
        <annotation annotator="Mike Bada, University of Colorado School of Medicine" id="PR_reasoned_2017_04_17_Instance_44167" type="identity">
            <class id="PR_EXT:000001245" label="rhodopsin"/>
            <span end="12743" id="16110338-18829" start="12740">Rho</span>
        </annotation>
        <annotation annotator="Mike Bada, University of Colorado School of Medicine" id="PR_reasoned_2017_04_17_Instance_44169" type="identity">
            <class id="PR_EXT:000012351" label="cadherin-related family member 1"/>
            <span end="12763" id="16110338-18831" start="12757">Pcdh21</span>
        </annotation>
        <annotation annotator="Mike Bada, University of Colorado School of Medicine" id="PR_reasoned_2017_04_17_Instance_44171" type="identity">
            <class id="PR_EXT:000013820" label="retinol-binding protein 3"/>
            <span end="12769" id="16110338-18833" start="12765">Rbp3</span>
        </annotation>
        <annotation annotator="Mike Bada, University of Colorado School of Medicine" id="PR_reasoned_2017_04_17_Instance_44173" type="identity">
            <class id="PR_EXT:000000686" label="cGMP-gated cation channel alpha-1"/>
            <span end="12780" id="16110338-18835" start="12775">Cnga1</span>
        </annotation>
        <annotation annotator="Mike Bada, University of Colorado School of Medicine" id="PR_reasoned_2017_04_17_Instance_44175" type="identity">
            <class id="PR_EXT:000013522" label="glycogen phosphorylase, muscle form"/>
            <span end="14306" id="16110338-18837" start="14302">Pygm</span>
        </annotation>
        <annotation annotator="Mike Bada, University of Colorado School of Medicine" id="PR_reasoned_2017_04_17_Instance_44177" type="identity">
            <class id="PR_EXT:000008038" label="lactoylglutathione lyase"/>
            <span end="14315" id="16110338-18839" start="14311">Glo1</span>
        </annotation>
        <annotation annotator="Mike Bada, University of Colorado School of Medicine" id="PR_reasoned_2017_04_17_Instance_44179" type="identity">
            <class id="PR_EXT:000007037" label="elongation of very long chain fatty acids protein 2"/>
            <span end="14347" id="16110338-18841" start="14341">Elovl2</span>
        </annotation>
        <annotation annotator="Mike Bada, University of Colorado School of Medicine" id="PR_reasoned_2017_04_17_Instance_44181" type="identity">
            <class id="PR_EXT:000015305" label="single-strand selective monofunctional uracil DNA glycosylase"/>
            <span end="14367" id="16110338-18843" start="14362">Smug1</span>
        </annotation>
        <annotation annotator="Mike Bada, University of Colorado School of Medicine" id="PR_reasoned_2017_04_17_Instance_44183" type="identity">
            <class id="PR_EXT:000004855" label="mitotic checkpoint serine/threonine-protein kinase BUB1 beta"/>
            <span end="14410" id="16110338-18845" start="14405">Bub1b</span>
        </annotation>
        <annotation annotator="Mike Bada, University of Colorado School of Medicine" id="PR_reasoned_2017_04_17_Instance_44185" type="identity">
            <class id="PR_EXT:000016206" label="T-cell leukemia translocation-altered gene protein"/>
            <span end="14433" id="16110338-18847" start="14429">Tcta</span>
        </annotation>
        <annotation annotator="Mike Bada, University of Colorado School of Medicine" id="PR_reasoned_2017_04_17_Instance_44187" type="identity">
            <class id="PR_EXT:000006874" label="endothelin-converting enzyme 1"/>
            <span end="14461" id="16110338-18849" start="14457">Ece1</span>
        </annotation>
        <annotation annotator="Mike Bada, University of Colorado School of Medicine" id="PR_reasoned_2017_04_17_Instance_170326" type="identity">
            <class id="PR_EXT:000007108" label="band 4.1-like protein 1"/>
            <span end="14495" id="16110338-18765" start="14487">Ebp4.1l1</span>
        </annotation>
        <annotation annotator="Mike Bada, University of Colorado School of Medicine" id="PR_reasoned_2017_04_17_Instance_44189" type="identity">
            <class id="PR_EXT:000012076" label="otopetrin-3"/>
            <span end="14531" id="16110338-18851" start="14526">Otop3</span>
        </annotation>
        <annotation annotator="Mike Bada, University of Colorado School of Medicine" id="PR_reasoned_2017_04_17_Instance_44191" type="identity">
            <class id="PR_EXT:000008099" label="guanine nucleotide-binding protein G(I)/G(S)/G(T) subunit beta-3"/>
            <span end="14962" id="16110338-18853" start="14958">Gnb3</span>
        </annotation>
        <annotation annotator="Mike Bada, University of Colorado School of Medicine" id="PR_reasoned_2017_04_17_Instance_44193" type="identity">
            <class id="PR_EXT:000016321" label="thyroid hormone receptor beta"/>
            <span end="14972" id="16110338-18855" start="14967">Thrb2</span>
        </annotation>
        <annotation annotator="Mike Bada, University of Colorado School of Medicine" id="PR_reasoned_2017_04_17_Instance_44195" type="identity">
            <class id="PR_EXT:000006874" label="endothelin-converting enzyme 1"/>
            <span end="15178" id="16110338-18857" start="15174">Ece1</span>
        </annotation>
        <annotation annotator="Mike Bada, University of Colorado School of Medicine" id="PR_reasoned_2017_04_17_Instance_44197" type="identity">
            <class id="PR_EXT:000012076" label="otopetrin-3"/>
            <span end="15188" id="16110338-18859" start="15183">Otop3</span>
        </annotation>
        <annotation annotator="Mike Bada, University of Colorado School of Medicine" id="PR_reasoned_2017_04_17_Instance_44199" type="identity">
            <class id="PR_EXT:000001224" label="medium-wave-sensitive opsin 1"/>
            <span end="15870" id="16110338-18861" start="15863">M-Opsin</span>
        </annotation>
        <annotation annotator="Mike Bada, University of Colorado School of Medicine" id="PR_reasoned_2017_04_17_Instance_44201" type="identity">
            <class id="PR_EXT:000016321" label="thyroid hormone receptor beta"/>
            <span end="15902" id="16110338-18863" start="15875">Thyroid Hormone Receptor β2</span>
        </annotation>
        <annotation annotator="Mike Bada, University of Colorado School of Medicine" id="PR_reasoned_2017_04_17_Instance_44203" type="identity">
            <class id="PR_EXT:000001224" label="medium-wave-sensitive opsin 1"/>
            <span end="16077" id="16110338-18865" start="16070">M-opsin</span>
        </annotation>
        <annotation annotator="Mike Bada, University of Colorado School of Medicine" id="PR_reasoned_2017_04_17_Instance_44205" type="identity">
            <class id="PR_EXT:000001224" label="medium-wave-sensitive opsin 1"/>
            <span end="16085" id="16110338-18867" start="16079">Opn1mw</span>
        </annotation>
        <annotation annotator="Mike Bada, University of Colorado School of Medicine" id="PR_reasoned_2017_04_17_Instance_44207" type="identity">
            <class id="PR_EXT:000016321" label="thyroid hormone receptor beta"/>
            <span end="16118" id="16110338-18869" start="16091">thyroid hormone receptor β2</span>
        </annotation>
        <annotation annotator="Mike Bada, University of Colorado School of Medicine" id="PR_reasoned_2017_04_17_Instance_44209" type="identity">
            <class id="PR_EXT:000016321" label="thyroid hormone receptor beta"/>
            <span end="16125" id="16110338-18871" start="16120">Thrb2</span>
        </annotation>
        <annotation annotator="Mike Bada, University of Colorado School of Medicine" id="PR_reasoned_2017_04_17_Instance_44211" type="identity">
            <class id="PR_EXT:000016321" label="thyroid hormone receptor beta"/>
            <span end="16189" id="16110338-18873" start="16184">Thrb2</span>
        </annotation>
        <annotation annotator="Mike Bada, University of Colorado School of Medicine" id="PR_reasoned_2017_04_17_Instance_44213" type="identity">
            <class id="PR_EXT:000001224" label="medium-wave-sensitive opsin 1"/>
            <span end="16242" id="16110338-18875" start="16235">M-opsin</span>
        </annotation>
        <annotation annotator="Mike Bada, University of Colorado School of Medicine" id="PR_reasoned_2017_04_17_Instance_44217" type="identity">
            <class id="PR_EXT:000001195" label="short-wave-sensitive opsin 1"/>
            <span end="16287" id="16110338-18879" start="16280">S-opsin</span>
        </annotation>
        <annotation annotator="Mike Bada, University of Colorado School of Medicine" id="PR_reasoned_2017_04_17_Instance_44215" type="identity">
            <class id="PR_EXT:000016321" label="thyroid hormone receptor beta"/>
            <span end="16387" id="16110338-18877" start="16382">Thrb2</span>
        </annotation>
        <annotation annotator="Mike Bada, University of Colorado School of Medicine" id="PR_reasoned_2017_04_17_Instance_44219" type="identity">
            <class id="PR_EXT:000001195" label="short-wave-sensitive opsin 1"/>
            <span end="16401" id="16110338-18881" start="16394">S-opsin</span>
        </annotation>
        <annotation annotator="Mike Bada, University of Colorado School of Medicine" id="PR_reasoned_2017_04_17_Instance_44221" type="identity">
            <class id="PR_EXT:000016321" label="thyroid hormone receptor beta"/>
            <span end="16440" id="16110338-18883" start="16435">Thrb2</span>
        </annotation>
        <annotation annotator="Mike Bada, University of Colorado School of Medicine" id="PR_reasoned_2017_04_17_Instance_44223" type="identity">
            <class id="PR_EXT:000001195" label="short-wave-sensitive opsin 1"/>
            <span end="16489" id="16110338-18885" start="16482">S-opsin</span>
        </annotation>
        <annotation annotator="Mike Bada, University of Colorado School of Medicine" id="PR_reasoned_2017_04_17_Instance_44225" type="identity">
            <class id="PR_EXT:000016321" label="thyroid hormone receptor beta"/>
            <span end="16714" id="16110338-18887" start="16709">Thrb2</span>
        </annotation>
        <annotation annotator="Mike Bada, University of Colorado School of Medicine" id="PR_reasoned_2017_04_17_Instance_44227" type="identity">
            <class id="PR_EXT:000001224" label="medium-wave-sensitive opsin 1"/>
            <span end="16801" id="16110338-18889" start="16794">M-opsin</span>
        </annotation>
        <annotation annotator="Mike Bada, University of Colorado School of Medicine" id="PR_reasoned_2017_04_17_Instance_44229" type="identity">
            <class id="PR_EXT:000001224" label="medium-wave-sensitive opsin 1"/>
            <span end="17024" id="16110338-18891" start="17017">M-opsin</span>
        </annotation>
        <annotation annotator="Mike Bada, University of Colorado School of Medicine" id="PR_reasoned_2017_04_17_Instance_44231" type="identity">
            <class id="PR_EXT:000001224" label="medium-wave-sensitive opsin 1"/>
            <span end="17449" id="16110338-18893" start="17442">M-opsin</span>
        </annotation>
        <annotation annotator="Mike Bada, University of Colorado School of Medicine" id="PR_reasoned_2017_04_17_Instance_170328" type="identity">
            <class id="PR_EXT:000008353" label="retinal guanylyl cyclase 1"/>
            <span end="18121" id="16110338-18767" start="18115">gucy2e</span>
        </annotation>
        <annotation annotator="Mike Bada, University of Colorado School of Medicine" id="PR_reasoned_2017_04_17_Instance_44233" type="identity">
            <class id="PR_EXT:000013965" label="regulator of G-protein signaling 9"/>
            <span end="18130" id="16110338-18895" start="18126">Rgs9</span>
        </annotation>
        <annotation annotator="Mike Bada, University of Colorado School of Medicine" id="PR_reasoned_2017_04_17_Instance_44235" type="identity">
            <class id="PR_EXT:000011403" label="photoreceptor-specific nuclear receptor"/>
            <span end="18183" id="16110338-18897" start="18178">Nr2e3</span>
        </annotation>
        <annotation annotator="Mike Bada, University of Colorado School of Medicine" id="PR_reasoned_2017_04_17_Instance_44237" type="identity">
            <class id="PR_EXT:000000686" label="cGMP-gated cation channel alpha-1"/>
            <span end="18194" id="16110338-18899" start="18189">Cnga1</span>
        </annotation>
        <annotation annotator="Mike Bada, University of Colorado School of Medicine" id="PR_reasoned_2017_04_17_Instance_44239" type="identity">
            <class id="PR_EXT:000001245" label="rhodopsin"/>
            <span end="18357" id="16110338-18901" start="18348">rhodopsin</span>
        </annotation>
        <annotation annotator="Mike Bada, University of Colorado School of Medicine" id="PR_reasoned_2017_04_17_Instance_44241" type="identity">
            <class id="PR_EXT:000001245" label="rhodopsin"/>
            <span end="18362" id="16110338-18903" start="18359">Rho</span>
        </annotation>
        <annotation annotator="Mike Bada, University of Colorado School of Medicine" id="PR_reasoned_2017_04_17_Instance_44243" type="identity">
            <class id="PR_EXT:000001245" label="rhodopsin"/>
            <span end="18575" id="16110338-18905" start="18566">rhodopsin</span>
        </annotation>
        <annotation annotator="Mike Bada, University of Colorado School of Medicine" id="PR_reasoned_2017_04_17_Instance_44245" type="identity">
            <class id="PR_EXT:000001245" label="rhodopsin"/>
            <span end="18678" id="16110338-18907" start="18669">rhodopsin</span>
        </annotation>
        <annotation annotator="Mike Bada, University of Colorado School of Medicine" id="PR_reasoned_2017_04_17_Instance_44247" type="identity">
            <class id="PR_EXT:000001245" label="rhodopsin"/>
            <span end="18832" id="16110338-18909" start="18823">rhodopsin</span>
        </annotation>
        <annotation annotator="Mike Bada, University of Colorado School of Medicine" id="PR_reasoned_2017_04_17_Instance_44251" type="identity">
            <class id="PR_EXT:000005904" label="cone-rod homeobox protein"/>
            <span end="19291" id="16110338-18913" start="19288">Crx</span>
        </annotation>
        <annotation annotator="Mike Bada, University of Colorado School of Medicine" id="PR_reasoned_2017_04_17_Instance_44249" type="identity">
            <class id="PR_EXT:000011432" label="neural retina-specific leucine zipper protein"/>
            <span end="19299" id="16110338-18911" start="19296">Nrl</span>
        </annotation>
        <annotation annotator="Mike Bada, University of Colorado School of Medicine" id="PR_reasoned_2017_04_17_Instance_44253" type="identity">
            <class id="PR_EXT:000011432" label="neural retina-specific leucine zipper protein"/>
            <span end="19385" id="16110338-18915" start="19382">Nrl</span>
        </annotation>
        <annotation annotator="Mike Bada, University of Colorado School of Medicine" id="PR_reasoned_2017_04_17_Instance_44255" type="identity">
            <class id="PR_EXT:000011432" label="neural retina-specific leucine zipper protein"/>
            <span end="19566" id="16110338-18917" start="19563">Nrl</span>
        </annotation>
        <annotation annotator="Mike Bada, University of Colorado School of Medicine" id="PR_reasoned_2017_04_17_Instance_44257" type="identity">
            <class id="PR_EXT:000011403" label="photoreceptor-specific nuclear receptor"/>
            <span end="19611" id="16110338-18919" start="19606">Nr2e3</span>
        </annotation>
        <annotation annotator="Mike Bada, University of Colorado School of Medicine" id="PR_reasoned_2017_04_17_Instance_44259" type="identity">
            <class id="PR_EXT:000005904" label="cone-rod homeobox protein"/>
            <span end="19656" id="16110338-18921" start="19653">Crx</span>
        </annotation>
        <annotation annotator="Mike Bada, University of Colorado School of Medicine" id="PR_reasoned_2017_04_17_Instance_44261" type="identity">
            <class id="PR_EXT:000011432" label="neural retina-specific leucine zipper protein"/>
            <span end="19849" id="16110338-18923" start="19846">Nrl</span>
        </annotation>
        <annotation annotator="Mike Bada, University of Colorado School of Medicine" id="PR_reasoned_2017_04_17_Instance_44263" type="identity">
            <class id="PR_EXT:000011403" label="photoreceptor-specific nuclear receptor"/>
            <span end="19863" id="16110338-18925" start="19858">Nr2e3</span>
        </annotation>
        <annotation annotator="Mike Bada, University of Colorado School of Medicine" id="PR_reasoned_2017_04_17_Instance_44265" type="identity">
            <class id="PR_EXT:000005904" label="cone-rod homeobox protein"/>
            <span end="19894" id="16110338-18927" start="19891">Crx</span>
        </annotation>
        <annotation annotator="Mike Bada, University of Colorado School of Medicine" id="PR_reasoned_2017_04_17_Instance_44267" type="identity">
            <class id="PR_EXT:000011403" label="photoreceptor-specific nuclear receptor"/>
            <span end="19952" id="16110338-18929" start="19947">Nr2e3</span>
        </annotation>
        <annotation annotator="Mike Bada, University of Colorado School of Medicine" id="PR_reasoned_2017_04_17_Instance_44269" type="identity">
            <class id="PR_EXT:000011403" label="photoreceptor-specific nuclear receptor"/>
            <span end="20147" id="16110338-18931" start="20142">Nr2e3</span>
        </annotation>
        <annotation annotator="Mike Bada, University of Colorado School of Medicine" id="PR_reasoned_2017_04_17_Instance_44271" type="identity">
            <class id="PR_EXT:000011403" label="photoreceptor-specific nuclear receptor"/>
            <span end="20394" id="16110338-18933" start="20389">Nr2e3</span>
        </annotation>
        <annotation annotator="Mike Bada, University of Colorado School of Medicine" id="PR_reasoned_2017_04_17_Instance_44273" type="identity">
            <class id="PR_EXT:000001195" label="short-wave-sensitive opsin 1"/>
            <span end="22540" id="16110338-18935" start="22528">S-cone opsin</span>
        </annotation>
        <annotation annotator="Mike Bada, University of Colorado School of Medicine" id="PR_reasoned_2017_04_17_Instance_44275" type="identity">
            <class id="PR_EXT:000001195" label="short-wave-sensitive opsin 1"/>
            <span end="22720" id="16110338-18937" start="22708">S-cone opsin</span>
        </annotation>
        <annotation annotator="Mike Bada, University of Colorado School of Medicine" id="PR_reasoned_2017_04_17_Instance_44277" type="identity">
            <class id="PR_EXT:000001245" label="rhodopsin"/>
            <span end="22866" id="16110338-18939" start="22857">rhodopsin</span>
        </annotation>
        <annotation annotator="Mike Bada, University of Colorado School of Medicine" id="PR_reasoned_2017_04_17_Instance_44279" type="identity">
            <class id="PR_EXT:000001195" label="short-wave-sensitive opsin 1"/>
            <span end="23832" id="16110338-18941" start="23825">S-opsin</span>
        </annotation>
        <annotation annotator="Mike Bada, University of Colorado School of Medicine" id="PR_reasoned_2017_04_17_Instance_44281" type="identity">
            <class id="PR_EXT:000011403" label="photoreceptor-specific nuclear receptor"/>
            <span end="25289" id="16110338-18943" start="25284">Nr2e3</span>
        </annotation>
        <annotation annotator="Mike Bada, University of Colorado School of Medicine" id="PR_reasoned_2017_04_17_Instance_44283" type="identity">
            <class id="PR_EXT:000001195" label="short-wave-sensitive opsin 1"/>
            <span end="26120" id="16110338-18945" start="26113">S-opsin</span>
        </annotation>
        <annotation annotator="Mike Bada, University of Colorado School of Medicine" id="PR_reasoned_2017_04_17_Instance_44285" type="identity">
            <class id="PR_EXT:000001195" label="short-wave-sensitive opsin 1"/>
            <span end="26519" id="16110338-18947" start="26507">S-cone opsin</span>
        </annotation>
        <annotation annotator="Mike Bada, University of Colorado School of Medicine" id="PR_reasoned_2017_04_17_Instance_44287" type="identity">
            <class id="PR_EXT:000001195" label="short-wave-sensitive opsin 1"/>
            <span end="26625" id="16110338-18949" start="26618">S-opsin</span>
        </annotation>
        <annotation annotator="Mike Bada, University of Colorado School of Medicine" id="PR_reasoned_2017_04_17_Instance_44289" type="identity">
            <class id="PR_EXT:000011432" label="neural retina-specific leucine zipper protein"/>
            <span end="26803" id="16110338-18951" start="26800">Nrl</span>
        </annotation>
        <annotation annotator="Mike Bada, University of Colorado School of Medicine" id="PR_reasoned_2017_04_17_Instance_44291" type="identity">
            <class id="PR_EXT:000011432" label="neural retina-specific leucine zipper protein"/>
            <span end="26850" id="16110338-18953" start="26847">Nrl</span>
        </annotation>
        <annotation annotator="Mike Bada, University of Colorado School of Medicine" id="PR_reasoned_2017_04_17_Instance_44293" type="identity">
            <class id="PR_EXT:000001195" label="short-wave-sensitive opsin 1"/>
            <span end="26956" id="16110338-18955" start="26949">S-opsin</span>
        </annotation>
        <annotation annotator="Mike Bada, University of Colorado School of Medicine" id="PR_reasoned_2017_04_17_Instance_44295" type="identity">
            <class id="PR_EXT:000011432" label="neural retina-specific leucine zipper protein"/>
            <span end="27022" id="16110338-18957" start="27019">Nrl</span>
        </annotation>
        <annotation annotator="Mike Bada, University of Colorado School of Medicine" id="PR_reasoned_2017_04_17_Instance_44297" type="identity">
            <class id="PR_EXT:000011432" label="neural retina-specific leucine zipper protein"/>
            <span end="27113" id="16110338-18959" start="27110">Nrl</span>
        </annotation>
        <annotation annotator="Mike Bada, University of Colorado School of Medicine" id="PR_reasoned_2017_04_17_Instance_44299" type="identity">
            <class id="PR_EXT:000011403" label="photoreceptor-specific nuclear receptor"/>
            <span end="27393" id="16110338-18961" start="27388">Nr2e3</span>
        </annotation>
        <annotation annotator="Mike Bada, University of Colorado School of Medicine" id="PR_reasoned_2017_04_17_Instance_44301" type="identity">
            <class id="PR_EXT:000011432" label="neural retina-specific leucine zipper protein"/>
            <span end="27409" id="16110338-18963" start="27406">Nrl</span>
        </annotation>
        <annotation annotator="Mike Bada, University of Colorado School of Medicine" id="PR_reasoned_2017_04_17_Instance_44303" type="identity">
            <class id="PR_EXT:000001195" label="short-wave-sensitive opsin 1"/>
            <span end="27758" id="16110338-18965" start="27746">S-cone opsin</span>
        </annotation>
        <annotation annotator="Mike Bada, University of Colorado School of Medicine" id="PR_reasoned_2017_04_17_Instance_44305" type="identity">
            <class id="PR_EXT:000001195" label="short-wave-sensitive opsin 1"/>
            <span end="27911" id="16110338-18967" start="27899">S-cone opsin</span>
        </annotation>
        <annotation annotator="Mike Bada, University of Colorado School of Medicine" id="PR_reasoned_2017_04_17_Instance_44307" type="identity">
            <class id="PR_EXT:000001195" label="short-wave-sensitive opsin 1"/>
            <span end="28228" id="16110338-18969" start="28216">S-cone opsin</span>
        </annotation>
        <annotation annotator="Mike Bada, University of Colorado School of Medicine" id="PR_reasoned_2017_04_17_Instance_44309" type="identity">
            <class id="PR_EXT:000001245" label="rhodopsin"/>
            <span end="28382" id="16110338-18971" start="28373">rhodopsin</span>
        </annotation>
        <annotation annotator="Mike Bada, University of Colorado School of Medicine" id="PR_reasoned_2017_04_17_Instance_44311" type="identity">
            <class id="PR_EXT:000001245" label="rhodopsin"/>
            <span end="28474" id="16110338-18973" start="28465">rhodopsin</span>
        </annotation>
        <annotation annotator="Mike Bada, University of Colorado School of Medicine" id="PR_reasoned_2017_04_17_Instance_44313" type="identity">
            <class id="PR_EXT:000001245" label="rhodopsin"/>
            <span end="28610" id="16110338-18975" start="28601">rhodopsin</span>
        </annotation>
        <annotation annotator="Mike Bada, University of Colorado School of Medicine" id="PR_reasoned_2017_04_17_Instance_44315" type="identity">
            <class id="PR_EXT:000007037" label="elongation of very long chain fatty acids protein 2"/>
            <span end="29125" id="16110338-18977" start="29119">Elovl2</span>
        </annotation>
        <annotation annotator="Mike Bada, University of Colorado School of Medicine" id="PR_reasoned_2017_04_17_Instance_44317" type="identity">
            <class id="PR_EXT:000007315" label="fatty acid-binding protein, brain"/>
            <span end="29135" id="16110338-18979" start="29130">Fabp7</span>
        </annotation>
        <annotation annotator="Mike Bada, University of Colorado School of Medicine" id="PR_reasoned_2017_04_17_Instance_44319" type="identity">
            <class id="PR_EXT:000007037" label="elongation of very long chain fatty acids protein 2"/>
            <span end="29266" id="16110338-18981" start="29260">Elovl2</span>
        </annotation>
        <annotation annotator="Mike Bada, University of Colorado School of Medicine" id="PR_reasoned_2017_04_17_Instance_44321" type="identity">
            <class id="PR_EXT:000007315" label="fatty acid-binding protein, brain"/>
            <span end="29368" id="16110338-18983" start="29363">Fabp7</span>
        </annotation>
        <annotation annotator="Mike Bada, University of Colorado School of Medicine" id="PR_reasoned_2017_04_17_Instance_44323" type="identity">
            <class id="PR_EXT:000007315" label="fatty acid-binding protein, brain"/>
            <span end="29499" id="16110338-18985" start="29494">Fabp7</span>
        </annotation>
        <annotation annotator="Mike Bada, University of Colorado School of Medicine" id="PR_reasoned_2017_04_17_Instance_44325" type="identity">
            <class id="PR_EXT:000007315" label="fatty acid-binding protein, brain"/>
            <span end="29661" id="16110338-18987" start="29656">Fabp7</span>
        </annotation>
        <annotation annotator="Mike Bada, University of Colorado School of Medicine" id="PR_reasoned_2017_04_17_Instance_44327" type="identity">
            <class id="PR_EXT:000007315" label="fatty acid-binding protein, brain"/>
            <span end="29923" id="16110338-18989" start="29918">Fabp7</span>
        </annotation>
        <annotation annotator="Mike Bada, University of Colorado School of Medicine" id="PR_reasoned_2017_04_17_Instance_44329" type="identity">
            <class id="PR_EXT:000011432" label="neural retina-specific leucine zipper protein"/>
            <span end="29969" id="16110338-18991" start="29966">Nrl</span>
        </annotation>
        <annotation annotator="Mike Bada, University of Colorado School of Medicine" id="PR_reasoned_2017_04_17_Instance_44331" type="identity">
            <class id="PR_EXT:000005904" label="cone-rod homeobox protein"/>
            <span end="29977" id="16110338-18993" start="29974">Crx</span>
        </annotation>
        <annotation annotator="Mike Bada, University of Colorado School of Medicine" id="PR_reasoned_2017_04_17_Instance_44333" type="identity">
            <class id="PR_EXT:000011403" label="photoreceptor-specific nuclear receptor"/>
            <span end="30288" id="16110338-18995" start="30283">Nr2e3</span>
        </annotation>
        <annotation annotator="Mike Bada, University of Colorado School of Medicine" id="PR_reasoned_2017_04_17_Instance_44335" type="identity">
            <class id="PR_EXT:000011403" label="photoreceptor-specific nuclear receptor"/>
            <span end="30737" id="16110338-18997" start="30732">Nr2e3</span>
        </annotation>
        <annotation annotator="Mike Bada, University of Colorado School of Medicine" id="PR_reasoned_2017_04_17_Instance_44337" type="identity">
            <class id="PR_EXT:000011403" label="photoreceptor-specific nuclear receptor"/>
            <span end="30937" id="16110338-18999" start="30932">Nr2e3</span>
        </annotation>
        <annotation annotator="Mike Bada, University of Colorado School of Medicine" id="PR_reasoned_2017_04_17_Instance_44339" type="identity">
            <class id="PR_EXT:000011403" label="photoreceptor-specific nuclear receptor"/>
            <span end="31018" id="16110338-19001" start="31013">Nr2e3</span>
        </annotation>
        <annotation annotator="Mike Bada, University of Colorado School of Medicine" id="PR_reasoned_2017_04_17_Instance_44341" type="identity">
            <class id="PR_EXT:000011403" label="photoreceptor-specific nuclear receptor"/>
            <span end="31303" id="16110338-19003" start="31298">Nr2e3</span>
        </annotation>
        <annotation annotator="Mike Bada, University of Colorado School of Medicine" id="PR_reasoned_2017_04_17_Instance_44343" type="identity">
            <class id="PR_EXT:000011432" label="neural retina-specific leucine zipper protein"/>
            <span end="31318" id="16110338-19005" start="31315">Nrl</span>
        </annotation>
        <annotation annotator="Mike Bada, University of Colorado School of Medicine" id="PR_reasoned_2017_04_17_Instance_44345" type="identity">
            <class id="PR_EXT:000011432" label="neural retina-specific leucine zipper protein"/>
            <span end="31389" id="16110338-19007" start="31386">Nrl</span>
        </annotation>
        <annotation annotator="Mike Bada, University of Colorado School of Medicine" id="PR_reasoned_2017_04_17_Instance_44347" type="identity">
            <class id="PR_EXT:000011403" label="photoreceptor-specific nuclear receptor"/>
            <span end="31550" id="16110338-19009" start="31545">Nr2e3</span>
        </annotation>
        <annotation annotator="Mike Bada, University of Colorado School of Medicine" id="PR_reasoned_2017_04_17_Instance_44349" type="identity">
            <class id="PR_EXT:000011403" label="photoreceptor-specific nuclear receptor"/>
            <span end="31680" id="16110338-19011" start="31675">Nr2e3</span>
        </annotation>
        <annotation annotator="Mike Bada, University of Colorado School of Medicine" id="PR_reasoned_2017_04_17_Instance_44351" type="identity">
            <class id="PR_EXT:000011403" label="photoreceptor-specific nuclear receptor"/>
            <span end="31876" id="16110338-19013" start="31871">Nr2e3</span>
        </annotation>
        <annotation annotator="Mike Bada, University of Colorado School of Medicine" id="PR_reasoned_2017_04_17_Instance_44353" type="identity">
            <class id="PR_EXT:000001224" label="medium-wave-sensitive opsin 1"/>
            <span end="32104" id="16110338-19015" start="32097">M-opsin</span>
        </annotation>
        <annotation annotator="Mike Bada, University of Colorado School of Medicine" id="PR_reasoned_2017_04_17_Instance_44355" type="identity">
            <class id="PR_EXT:000016321" label="thyroid hormone receptor beta"/>
            <span end="32114" id="16110338-19017" start="32109">Thrb2</span>
        </annotation>
        <annotation annotator="Mike Bada, University of Colorado School of Medicine" id="PR_reasoned_2017_04_17_Instance_44357" type="identity">
            <class id="PR_EXT:000016321" label="thyroid hormone receptor beta"/>
            <span end="32124" id="16110338-19019" start="32119">Thrb2</span>
        </annotation>
        <annotation annotator="Mike Bada, University of Colorado School of Medicine" id="PR_reasoned_2017_04_17_Instance_44359" type="identity">
            <class id="PR_EXT:000001224" label="medium-wave-sensitive opsin 1"/>
            <span end="32178" id="16110338-19021" start="32171">M-opsin</span>
        </annotation>
        <annotation annotator="Mike Bada, University of Colorado School of Medicine" id="PR_reasoned_2017_04_17_Instance_44361" type="identity">
            <class id="PR_EXT:000001224" label="medium-wave-sensitive opsin 1"/>
            <span end="32221" id="16110338-19023" start="32214">M-opsin</span>
        </annotation>
        <annotation annotator="Mike Bada, University of Colorado School of Medicine" id="PR_reasoned_2017_04_17_Instance_44363" type="identity">
            <class id="PR_EXT:000016321" label="thyroid hormone receptor beta"/>
            <span end="32287" id="16110338-19025" start="32282">Thrb2</span>
        </annotation>
        <annotation annotator="Mike Bada, University of Colorado School of Medicine" id="PR_reasoned_2017_04_17_Instance_44365" type="identity">
            <class id="PR_EXT:000011331" label="neurogenic locus notch homolog protein 1"/>
            <span end="32464" id="16110338-19027" start="32458">Notch1</span>
        </annotation>
        <annotation annotator="Mike Bada, University of Colorado School of Medicine" id="PR_reasoned_2017_04_17_Instance_44367" type="identity">
            <class id="PR_EXT:000011331" label="neurogenic locus notch homolog protein 1"/>
            <span end="32532" id="16110338-19029" start="32526">Notch1</span>
        </annotation>
        <annotation annotator="Mike Bada, University of Colorado School of Medicine" id="PR_reasoned_2017_04_17_Instance_44369" type="identity">
            <class id="PR_EXT:000016321" label="thyroid hormone receptor beta"/>
            <span end="32577" id="16110338-19031" start="32572">Thrb2</span>
        </annotation>
        <annotation annotator="Mike Bada, University of Colorado School of Medicine" id="PR_reasoned_2017_04_17_Instance_44371" type="identity">
            <class id="PR_EXT:000001224" label="medium-wave-sensitive opsin 1"/>
            <span end="32643" id="16110338-19033" start="32636">M-opsin</span>
        </annotation>
        <annotation annotator="Mike Bada, University of Colorado School of Medicine" id="PR_reasoned_2017_04_17_Instance_44373" type="identity">
            <class id="PR_EXT:000001224" label="medium-wave-sensitive opsin 1"/>
            <span end="32694" id="16110338-19035" start="32687">M-opsin</span>
        </annotation>
        <annotation annotator="Mike Bada, University of Colorado School of Medicine" id="PR_reasoned_2017_04_17_Instance_44375" type="identity">
            <class id="PR_EXT:000001195" label="short-wave-sensitive opsin 1"/>
            <span end="32706" id="16110338-19037" start="32699">S-opsin</span>
        </annotation>
        <annotation annotator="Mike Bada, University of Colorado School of Medicine" id="PR_reasoned_2017_04_17_Instance_44377" type="identity">
            <class id="PR_EXT:000001195" label="short-wave-sensitive opsin 1"/>
            <span end="32829" id="16110338-19039" start="32822">S-opsin</span>
        </annotation>
        <annotation annotator="Mike Bada, University of Colorado School of Medicine" id="PR_reasoned_2017_04_17_Instance_44379" type="identity">
            <class id="PR_EXT:000001224" label="medium-wave-sensitive opsin 1"/>
            <span end="32841" id="16110338-19041" start="32834">M-opsin</span>
        </annotation>
        <annotation annotator="Mike Bada, University of Colorado School of Medicine" id="PR_reasoned_2017_04_17_Instance_44381" type="identity">
            <class id="PR_EXT:000001195" label="short-wave-sensitive opsin 1"/>
            <span end="32905" id="16110338-19043" start="32898">S-opsin</span>
        </annotation>
        <annotation annotator="Mike Bada, University of Colorado School of Medicine" id="PR_reasoned_2017_04_17_Instance_44383" type="identity">
            <class id="PR_EXT:000001224" label="medium-wave-sensitive opsin 1"/>
            <span end="33166" id="16110338-19045" start="33159">M-opsin</span>
        </annotation>
        <annotation annotator="Mike Bada, University of Colorado School of Medicine" id="PR_reasoned_2017_04_17_Instance_44385" type="identity">
            <class id="PR_EXT:000001224" label="medium-wave-sensitive opsin 1"/>
            <span end="33270" id="16110338-19047" start="33263">M-opsin</span>
        </annotation>
        <annotation annotator="Mike Bada, University of Colorado School of Medicine" id="PR_reasoned_2017_04_17_Instance_44387" type="identity">
            <class id="PR_EXT:000001224" label="medium-wave-sensitive opsin 1"/>
            <span end="33376" id="16110338-19049" start="33369">M-opsin</span>
        </annotation>
        <annotation annotator="Mike Bada, University of Colorado School of Medicine" id="PR_reasoned_2017_04_17_Instance_44389" type="identity">
            <class id="PR_EXT:000001224" label="medium-wave-sensitive opsin 1"/>
            <span end="33525" id="16110338-19051" start="33518">M-opsin</span>
        </annotation>
        <annotation annotator="Mike Bada, University of Colorado School of Medicine" id="PR_reasoned_2017_04_17_Instance_44391" type="identity">
            <class id="PR_EXT:000001224" label="medium-wave-sensitive opsin 1"/>
            <span end="33647" id="16110338-19053" start="33640">M-opsin</span>
        </annotation>
        <annotation annotator="Mike Bada, University of Colorado School of Medicine" id="PR_reasoned_2017_04_17_Instance_44393" type="identity">
            <class id="PR_EXT:000013522" label="glycogen phosphorylase, muscle form"/>
            <span end="33834" id="16110338-19055" start="33830">Pygm</span>
        </annotation>
        <annotation annotator="Mike Bada, University of Colorado School of Medicine" id="PR_reasoned_2017_04_17_Instance_44395" type="identity">
            <class id="PR_EXT:000008038" label="lactoylglutathione lyase"/>
            <span end="33898" id="16110338-19057" start="33894">Glo1</span>
        </annotation>
        <annotation annotator="Mike Bada, University of Colorado School of Medicine" id="PR_reasoned_2017_04_17_Instance_44397" type="identity">
            <class id="PR_EXT:000008609" label="hexokinase-2"/>
            <span end="34038" id="16110338-19059" start="34026">hexokinase 2</span>
        </annotation>
        <annotation annotator="Mike Bada, University of Colorado School of Medicine" id="PR_reasoned_2017_04_17_Instance_44399" type="identity">
            <class id="PR_EXT:000008609" label="hexokinase-2"/>
            <span end="34043" id="16110338-19061" start="34040">Hk2</span>
        </annotation>
        <annotation annotator="Mike Bada, University of Colorado School of Medicine" id="PR_reasoned_2017_04_17_Instance_44401" type="identity">
            <class id="PR_EXT:000007896" label="glucokinase regulatory protein"/>
            <span end="34297" id="16110338-19063" start="34267">glucokinase regulatory protein</span>
        </annotation>
        <annotation annotator="Mike Bada, University of Colorado School of Medicine" id="PR_reasoned_2017_04_17_Instance_44403" type="identity">
            <class id="PR_EXT:000007896" label="glucokinase regulatory protein"/>
            <span end="34303" id="16110338-19065" start="34299">Gckr</span>
        </annotation>
        <annotation annotator="Mike Bada, University of Colorado School of Medicine" id="PR_reasoned_2017_04_17_Instance_44405" type="identity">
            <class id="PR_EXT:000007896" label="glucokinase regulatory protein"/>
            <span end="34461" id="16110338-19067" start="34457">Gckr</span>
        </annotation>
        <annotation annotator="Mike Bada, University of Colorado School of Medicine" id="PR_reasoned_2017_04_17_Instance_44407" type="identity">
            <class id="PR_EXT:000013522" label="glycogen phosphorylase, muscle form"/>
            <span end="34585" id="16110338-19069" start="34581">Pygm</span>
        </annotation>
        <annotation annotator="Mike Bada, University of Colorado School of Medicine" id="PR_reasoned_2017_04_17_Instance_44409" type="identity">
            <class id="PR_EXT:000008609" label="hexokinase-2"/>
            <span end="34593" id="16110338-19071" start="34590">Hk2</span>
        </annotation>
        <annotation annotator="Mike Bada, University of Colorado School of Medicine" id="PR_reasoned_2017_04_17_Instance_44411" type="identity">
            <class id="PR_EXT:000013522" label="glycogen phosphorylase, muscle form"/>
            <span end="34965" id="16110338-19073" start="34961">Pygm</span>
        </annotation>
        <annotation annotator="Mike Bada, University of Colorado School of Medicine" id="PR_reasoned_2017_04_17_Instance_44413" type="identity">
            <class id="PR_EXT:000001195" label="short-wave-sensitive opsin 1"/>
            <span end="35404" id="16110338-19075" start="35397">S-opsin</span>
        </annotation>
        <annotation annotator="Mike Bada, University of Colorado School of Medicine" id="PR_reasoned_2017_04_17_Instance_44415" type="identity">
            <class id="PR_EXT:000011403" label="photoreceptor-specific nuclear receptor"/>
            <span end="35501" id="16110338-19077" start="35496">Nr2e3</span>
        </annotation>
        <annotation annotator="Mike Bada, University of Colorado School of Medicine" id="PR_reasoned_2017_04_17_Instance_44417" type="identity">
            <class id="PR_EXT:000011403" label="photoreceptor-specific nuclear receptor"/>
            <span end="35650" id="16110338-19079" start="35645">Nr2e3</span>
        </annotation>
        <annotation annotator="Mike Bada, University of Colorado School of Medicine" id="PR_reasoned_2017_04_17_Instance_44419" type="identity">
            <class id="PR_EXT:000001195" label="short-wave-sensitive opsin 1"/>
            <span end="35720" id="16110338-19081" start="35714">S-cone</span>
        </annotation>
        <annotation annotator="Mike Bada, University of Colorado School of Medicine" id="PR_reasoned_2017_04_17_Instance_44421" type="identity">
            <class id="PR_EXT:000011403" label="photoreceptor-specific nuclear receptor"/>
            <span end="36256" id="16110338-19083" start="36251">Nr2e3</span>
        </annotation>
        <annotation annotator="Mike Bada, University of Colorado School of Medicine" id="PR_reasoned_2017_04_17_Instance_44423" type="identity">
            <class id="PR_EXT:000001195" label="short-wave-sensitive opsin 1"/>
            <span end="36665" id="16110338-19085" start="36658">S-opsin</span>
        </annotation>
        <annotation annotator="Mike Bada, University of Colorado School of Medicine" id="PR_reasoned_2017_04_17_Instance_44425" type="identity">
            <class id="PR_EXT:000011403" label="photoreceptor-specific nuclear receptor"/>
            <span end="37396" id="16110338-19087" start="37391">Nr2e3</span>
        </annotation>
        <annotation annotator="Mike Bada, University of Colorado School of Medicine" id="PR_reasoned_2017_04_17_Instance_44427" type="identity">
            <class id="PR_EXT:000001245" label="rhodopsin"/>
            <span end="38618" id="16110338-19089" start="38609">rhodopsin</span>
        </annotation>
        <annotation annotator="Mike Bada, University of Colorado School of Medicine" id="PR_reasoned_2017_04_17_Instance_44429" type="identity">
            <class id="PR_EXT:000001195" label="short-wave-sensitive opsin 1"/>
            <span end="38639" id="16110338-19091" start="38627">S-cone opsin</span>
        </annotation>
        <annotation annotator="Mike Bada, University of Colorado School of Medicine" id="PR_reasoned_2017_04_17_Instance_44431" type="identity">
            <class id="PR_EXT:000001245" label="rhodopsin"/>
            <span end="38789" id="16110338-19093" start="38780">rhodopsin</span>
        </annotation>
        <annotation annotator="Mike Bada, University of Colorado School of Medicine" id="PR_reasoned_2017_04_17_Instance_44433" type="identity">
            <class id="PR_EXT:000011432" label="neural retina-specific leucine zipper protein"/>
            <span end="38980" id="16110338-19095" start="38977">Nrl</span>
        </annotation>
        <annotation annotator="Mike Bada, University of Colorado School of Medicine" id="PR_reasoned_2017_04_17_Instance_44435" type="identity">
            <class id="PR_EXT:000001195" label="short-wave-sensitive opsin 1"/>
            <span end="39230" id="16110338-19097" start="39223">S-opsin</span>
        </annotation>
        <annotation annotator="Mike Bada, University of Colorado School of Medicine" id="PR_reasoned_2017_04_17_Instance_44437" type="identity">
            <class id="PR_EXT:000011403" label="photoreceptor-specific nuclear receptor"/>
            <span end="39338" id="16110338-19099" start="39333">NR2E3</span>
        </annotation>
        <annotation annotator="Mike Bada, University of Colorado School of Medicine" id="PR_reasoned_2017_04_17_Instance_44439" type="identity">
            <class id="PR_EXT:000001195" label="short-wave-sensitive opsin 1"/>
            <span end="39355" id="16110338-19101" start="39348">S-opsin</span>
        </annotation>
        <annotation annotator="Mike Bada, University of Colorado School of Medicine" id="PR_reasoned_2017_04_17_Instance_44441" type="identity">
            <class id="PR_EXT:000011403" label="photoreceptor-specific nuclear receptor"/>
            <span end="40006" id="16110338-19103" start="40001">NR2E3</span>
        </annotation>
        <annotation annotator="Mike Bada, University of Colorado School of Medicine" id="PR_reasoned_2017_04_17_Instance_44443" type="identity">
            <class id="PR_EXT:000011403" label="photoreceptor-specific nuclear receptor"/>
            <span end="40381" id="16110338-19105" start="40376">NR2E3</span>
        </annotation>
        <annotation annotator="Mike Bada, University of Colorado School of Medicine" id="PR_reasoned_2017_04_17_Instance_140711" type="identity">
            <class id="PR_EXT:P10040" label="protein crumbs (fruit fly)"/>
            <span end="40823" id="16110338-18757" start="40817">crumbs</span>
        </annotation>
        <annotation annotator="Mike Bada, University of Colorado School of Medicine" id="PR_reasoned_2017_04_17_Instance_44447" type="identity">
            <class id="PR_EXT:000005848" label="protein crumbs homolog 1"/>
            <span end="40829" id="16110338-19107" start="40825">CRB1</span>
        </annotation>
        <annotation annotator="Mike Bada, University of Colorado School of Medicine" id="PR_reasoned_2017_04_17_Instance_44449" type="identity">
            <class id="PR_EXT:000005848" label="protein crumbs homolog 1"/>
            <span end="41116" id="16110338-19109" start="41112">CRB1</span>
        </annotation>
        <annotation annotator="Mike Bada, University of Colorado School of Medicine" id="PR_reasoned_2017_04_17_Instance_44451" type="identity">
            <class id="PR_EXT:000011403" label="photoreceptor-specific nuclear receptor"/>
            <span end="41149" id="16110338-19111" start="41144">NR2E3</span>
        </annotation>
        <annotation annotator="Mike Bada, University of Colorado School of Medicine" id="PR_reasoned_2017_04_17_Instance_140713" type="identity">
            <class id="PR_EXT:P10040" label="protein crumbs (fruit fly)"/>
            <span end="41301" id="16110338-18759" start="41295">crumbs</span>
        </annotation>
        <annotation annotator="Mike Bada, University of Colorado School of Medicine" id="PR_reasoned_2017_04_17_Instance_140717" type="identity">
            <class id="PR_EXT:P10040" label="protein crumbs (fruit fly)"/>
            <span end="41597" id="16110338-18763" start="41591">crumbs</span>
        </annotation>
        <annotation annotator="Mike Bada, University of Colorado School of Medicine" id="PR_reasoned_2017_04_17_Instance_140715" type="identity">
            <class id="PR_EXT:P10040" label="protein crumbs (fruit fly)"/>
            <span end="41709" id="16110338-18761" start="41703">crumbs</span>
        </annotation>
        <annotation annotator="Mike Bada, University of Colorado School of Medicine" id="PR_reasoned_2017_04_17_Instance_44459" type="identity">
            <class id="PR_EXT:000005848" label="protein crumbs homolog 1"/>
            <span end="41988" id="16110338-19113" start="41984">Crb1</span>
        </annotation>
        <annotation annotator="Mike Bada, University of Colorado School of Medicine" id="PR_reasoned_2017_04_17_Instance_44461" type="identity">
            <class id="PR_EXT:000011403" label="photoreceptor-specific nuclear receptor"/>
            <span end="42569" id="16110338-19115" start="42564">Nr2e3</span>
        </annotation>
        <annotation annotator="Mike Bada, University of Colorado School of Medicine" id="PR_reasoned_2017_04_17_Instance_170330" type="identity">
            <class id="PR_EXT:000011403" label="photoreceptor-specific nuclear receptor"/>
            <span end="42877" id="16110338-18769" start="42872">Nr2e3</span>
        </annotation>
        <annotation annotator="Mike Bada, University of Colorado School of Medicine" id="PR_reasoned_2017_04_17_Instance_44463" type="identity">
            <class id="PR_EXT:000011403" label="photoreceptor-specific nuclear receptor"/>
            <span end="43148" id="16110338-19117" start="43143">Nr2e3</span>
        </annotation>
        <annotation annotator="Mike Bada, University of Colorado School of Medicine" id="PR_reasoned_2017_04_17_Instance_44465" type="identity">
            <class id="PR_EXT:000001195" label="short-wave-sensitive opsin 1"/>
            <span end="48224" id="16110338-19119" start="48217">S-opsin</span>
        </annotation>
        <annotation annotator="Mike Bada, University of Colorado School of Medicine" id="PR_reasoned_2017_04_17_Instance_44467" type="identity">
            <class id="PR_EXT:000001195" label="short-wave-sensitive opsin 1"/>
            <span end="48423" id="16110338-19121" start="48416">S-opsin</span>
        </annotation>
        <annotation annotator="Mike Bada, University of Colorado School of Medicine" id="PR_reasoned_2017_04_17_Instance_44469" type="identity">
            <class id="PR_EXT:000001195" label="short-wave-sensitive opsin 1"/>
            <span end="48805" id="16110338-19123" start="48795">blue opsin</span>
        </annotation>
        <annotation annotator="Mike Bada, University of Colorado School of Medicine" id="PR_reasoned_2017_04_17_Instance_44471" type="identity">
            <class id="PR_EXT:000001245" label="rhodopsin"/>
            <span end="48937" id="16110338-19125" start="48928">rhodopsin</span>
        </annotation>
        <annotation annotator="Mike Bada, University of Colorado School of Medicine" id="PR_reasoned_2017_04_17_Instance_44473" type="identity">
            <class id="PR_EXT:000001195" label="short-wave-sensitive opsin 1"/>
            <span end="51217" id="16110338-19127" start="51210">S-opsin</span>
        </annotation>
        <annotation annotator="Mike Bada, University of Colorado School of Medicine" id="PR_reasoned_2017_04_17_Instance_44475" type="identity">
            <class id="PR_EXT:000001224" label="medium-wave-sensitive opsin 1"/>
            <span end="54746" id="16110338-19129" start="54739">M-Opsin</span>
        </annotation>
        <annotation annotator="Mike Bada, University of Colorado School of Medicine" id="PR_reasoned_2017_04_17_Instance_44477" type="identity">
            <class id="PR_EXT:000016321" label="thyroid hormone receptor beta"/>
            <span end="54756" id="16110338-19131" start="54751">Thrb2</span>
        </annotation>
        <annotation annotator="Mike Bada, University of Colorado School of Medicine" id="PR_reasoned_2017_04_17_Instance_44479" type="identity">
            <class id="PR_EXT:000001224" label="medium-wave-sensitive opsin 1"/>
            <span end="54779" id="16110338-19133" start="54772">M-opsin</span>
        </annotation>
        <annotation annotator="Mike Bada, University of Colorado School of Medicine" id="PR_reasoned_2017_04_17_Instance_44481" type="identity">
            <class id="PR_EXT:000001224" label="medium-wave-sensitive opsin 1"/>
            <span end="54946" id="16110338-19135" start="54939">M-opsin</span>
        </annotation>
        <annotation annotator="Mike Bada, University of Colorado School of Medicine" id="PR_reasoned_2017_04_17_Instance_44483" type="identity">
            <class id="PR_EXT:000016321" label="thyroid hormone receptor beta"/>
            <span end="54956" id="16110338-19137" start="54951">Thrb2</span>
        </annotation>
        <annotation annotator="Mike Bada, University of Colorado School of Medicine" id="PR_reasoned_2017_04_17_Instance_44485" type="identity">
            <class id="PR_EXT:000011403" label="photoreceptor-specific nuclear receptor"/>
            <span end="57185" id="16110338-19139" start="57180">Nr2e3</span>
        </annotation>
        <annotation annotator="Mike Bada, University of Colorado School of Medicine" id="PR_reasoned_2017_04_17_Instance_44487" type="identity">
            <class id="PR_EXT:000011403" label="photoreceptor-specific nuclear receptor"/>
            <span end="57600" id="16110338-19141" start="57595">Nr2e3</span>
        </annotation>
        <annotation annotator="Mike Bada, University of Colorado School of Medicine" id="PR_reasoned_2017_04_17_Instance_44489" type="identity">
            <class id="PR_EXT:000011432" label="neural retina-specific leucine zipper protein"/>
            <span end="59886" id="16110338-19143" start="59883">Nrl</span>
        </annotation>
        <annotation annotator="Mike Bada, University of Colorado School of Medicine" id="PR_reasoned_2017_04_17_Instance_44491" type="identity">
            <class id="PR_EXT:000001195" label="short-wave-sensitive opsin 1"/>
            <span end="63945" id="16110338-19145" start="63938">S-Opsin</span>
        </annotation>
        <annotation annotator="Mike Bada, University of Colorado School of Medicine" id="PR_reasoned_2017_04_17_Instance_44493" type="identity">
            <class id="PR_EXT:000001195" label="short-wave-sensitive opsin 1"/>
            <span end="63996" id="16110338-19147" start="63989">S-Opsin</span>
        </annotation>
        <annotation annotator="Mike Bada, University of Colorado School of Medicine" id="PR_reasoned_2017_04_17_Instance_44495" type="identity">
            <class id="PR_EXT:000001245" label="rhodopsin"/>
            <span end="64006" id="16110338-19149" start="63997">Rhodopsin</span>
        </annotation>
        <annotation annotator="Mike Bada, University of Colorado School of Medicine" id="PR_reasoned_2017_04_17_Instance_44497" type="identity">
            <class id="PR_EXT:000001195" label="short-wave-sensitive opsin 1"/>
            <span end="64109" id="16110338-19151" start="64102">S-opsin</span>
        </annotation>
        <annotation annotator="Mike Bada, University of Colorado School of Medicine" id="PR_reasoned_2017_04_17_Instance_44499" type="identity">
            <class id="PR_EXT:000001195" label="short-wave-sensitive opsin 1"/>
            <span end="64303" id="16110338-19153" start="64296">S-opsin</span>
        </annotation>
        <annotation annotator="Mike Bada, University of Colorado School of Medicine" id="PR_reasoned_2017_04_17_Instance_44501" type="identity">
            <class id="PR_EXT:000001245" label="rhodopsin"/>
            <span end="64323" id="16110338-19155" start="64314">rhodopsin</span>
        </annotation>
        <annotation annotator="Mike Bada, University of Colorado School of Medicine" id="PR_reasoned_2017_04_17_Instance_44505" type="identity">
            <class id="PR_EXT:000001195" label="short-wave-sensitive opsin 1"/>
            <span end="64522" id="16110338-19159" start="64515">S-opsin</span>
        </annotation>
        <annotation annotator="Mike Bada, University of Colorado School of Medicine" id="PR_reasoned_2017_04_17_Instance_44503" type="identity">
            <class id="PR_EXT:000001245" label="rhodopsin"/>
            <span end="64536" id="16110338-19157" start="64527">rhodopsin</span>
        </annotation>
        <annotation annotator="Mike Bada, University of Colorado School of Medicine" id="PR_reasoned_2017_04_17_Instance_44507" type="identity">
            <class id="PR_EXT:000004855" label="mitotic checkpoint serine/threonine-protein kinase BUB1 beta"/>
            <span end="64851" id="16110338-19161" start="64846">Bub1b</span>
        </annotation>
        <annotation annotator="Mike Bada, University of Colorado School of Medicine" id="PR_reasoned_2017_04_17_Instance_44509" type="identity">
            <class id="PR_EXT:000016206" label="T-cell leukemia translocation-altered gene protein"/>
            <span end="64860" id="16110338-19163" start="64856">Tcta</span>
        </annotation>
        <annotation annotator="Mike Bada, University of Colorado School of Medicine" id="PR_reasoned_2017_04_17_Instance_44511" type="identity">
            <class id="PR_EXT:000008099" label="guanine nucleotide-binding protein G(I)/G(S)/G(T) subunit beta-3"/>
            <span end="65107" id="16110338-19165" start="65103">Gnb3</span>
        </annotation>
        <annotation annotator="Mike Bada, University of Colorado School of Medicine" id="PR_reasoned_2017_04_17_Instance_44513" type="identity">
            <class id="PR_EXT:000016321" label="thyroid hormone receptor beta"/>
            <span end="65117" id="16110338-19167" start="65112">Thrb2</span>
        </annotation>
        <annotation annotator="Mike Bada, University of Colorado School of Medicine" id="PR_reasoned_2017_04_17_Instance_44515" type="identity">
            <class id="PR_EXT:000006874" label="endothelin-converting enzyme 1"/>
            <span end="65290" id="16110338-19169" start="65286">Ece1</span>
        </annotation>
        <annotation annotator="Mike Bada, University of Colorado School of Medicine" id="PR_reasoned_2017_04_17_Instance_44517" type="identity">
            <class id="PR_EXT:000012076" label="otopetrin-3"/>
            <span end="65300" id="16110338-19171" start="65295">Otop3</span>
        </annotation>
        <annotation annotator="Mike Bada, University of Colorado School of Medicine" id="PR_reasoned_2017_04_17_Instance_44519" type="identity">
            <class id="PR_EXT:000001831" label="PR domain zinc finger protein 1"/>
            <span end="65448" id="16110338-19173" start="65443">Prdm1</span>
        </annotation>
        <annotation annotator="Mike Bada, University of Colorado School of Medicine" id="PR_reasoned_2017_04_17_Instance_44521" type="identity">
            <class id="PR_EXT:000001831" label="PR domain zinc finger protein 1"/>
            <span end="65581" id="16110338-19175" start="65576">Prdm1</span>
        </annotation>
        <annotation annotator="Mike Bada, University of Colorado School of Medicine" id="PR_reasoned_2017_04_17_Instance_44523" type="identity">
            <class id="PR_EXT:000008099" label="guanine nucleotide-binding protein G(I)/G(S)/G(T) subunit beta-3"/>
            <span end="65812" id="16110338-19177" start="65808">Gnb3</span>
        </annotation>
        <annotation annotator="Mike Bada, University of Colorado School of Medicine" id="PR_reasoned_2017_04_17_Instance_44525" type="identity">
            <class id="PR_EXT:000001245" label="rhodopsin"/>
            <span end="65867" id="16110338-19179" start="65858">rhodopsin</span>
        </annotation>
        <annotation annotator="Mike Bada, University of Colorado School of Medicine" id="PR_reasoned_2017_04_17_Instance_44527" type="identity">
            <class id="PR_EXT:000001245" label="rhodopsin"/>
            <span end="65967" id="16110338-19181" start="65958">rhodopsin</span>
        </annotation>
        <annotation annotator="Mike Bada, University of Colorado School of Medicine" id="PR_reasoned_2017_04_17_Instance_44529" type="identity">
            <class id="PR_EXT:000012478" label="rod cGMP-specific 3',5'-cyclic phosphodiesterase subunit alpha"/>
            <span end="66141" id="16110338-19183" start="66136">Pde6a</span>
        </annotation>
        <annotation annotator="Mike Bada, University of Colorado School of Medicine" id="PR_reasoned_2017_04_17_Instance_44531" type="identity">
            <class id="PR_EXT:000001195" label="short-wave-sensitive opsin 1"/>
            <span end="66306" id="16110338-19185" start="66299">S-Opsin</span>
        </annotation>
        <annotation annotator="Mike Bada, University of Colorado School of Medicine" id="PR_reasoned_2017_04_17_Instance_44533" type="identity">
            <class id="PR_EXT:000001195" label="short-wave-sensitive opsin 1"/>
            <span end="67097" id="16110338-19187" start="67090">S-opsin</span>
        </annotation>
        <annotation annotator="Mike Bada, University of Colorado School of Medicine" id="PR_reasoned_2017_04_17_Instance_44535" type="identity">
            <class id="PR_EXT:000001195" label="short-wave-sensitive opsin 1"/>
            <span end="67250" id="16110338-19189" start="67243">S-opsin</span>
        </annotation>
        <annotation annotator="Mike Bada, University of Colorado School of Medicine" id="PR_reasoned_2017_04_17_Instance_44541" type="identity">
            <class id="PR_EXT:000011432" label="neural retina-specific leucine zipper protein"/>
            <span end="68522" id="16110338-19195" start="68519">Nrl</span>
        </annotation>
        <annotation annotator="Mike Bada, University of Colorado School of Medicine" id="PR_reasoned_2017_04_17_Instance_44537" type="identity">
            <class id="PR_EXT:000011403" label="photoreceptor-specific nuclear receptor"/>
            <span end="68668" id="16110338-19191" start="68663">Nr2e3</span>
        </annotation>
        <annotation annotator="Mike Bada, University of Colorado School of Medicine" id="PR_reasoned_2017_04_17_Instance_44539" type="identity">
            <class id="PR_EXT:000011403" label="photoreceptor-specific nuclear receptor"/>
            <span end="68855" id="16110338-19193" start="68850">Nr2e3</span>
        </annotation>
        <annotation annotator="Mike Bada, University of Colorado School of Medicine" id="PR_reasoned_2017_04_17_Instance_44543" type="identity">
            <class id="PR_EXT:000005904" label="cone-rod homeobox protein"/>
            <span end="68982" id="16110338-19197" start="68979">Crx</span>
        </annotation>
        <graph-space id="Old Knowtator Relations"/>
    </document>
</knowtator-project>
