<?xml version="1.0" encoding="UTF-8" standalone="no"?>
<knowtator-project>
  <document id="16433929" text-file="16433929.txt">
    <annotation annotator="Mike Bada, University of Colorado School of Medicine" id="PR_reasoned_2017_04_17_Instance_171626" type="identity">
      <class id="GO_PR_EXT:calpain_2_complex" label="calpain-2 complex"/>
      <span end="9" id="16433929-24174" start="0">m-Calpain</span>
    </annotation>
    <annotation annotator="Mike Bada, University of Colorado School of Medicine" id="PR_reasoned_2017_04_17_Instance_171629" type="identity">
      <class id="GO_PR_EXT:calpain_1_complex" label="calpain-1 complex"/>
      <span end="104" id="16433929-24176" start="95">μ-calpain</span>
    </annotation>
    <annotation annotator="Mike Bada, University of Colorado School of Medicine" id="PR_reasoned_2017_04_17_Instance_171516" type="identity">
      <class id="GO_PR_EXT:calpain_2_complex" label="calpain-2 complex"/>
      <span end="118" id="16433929-24070" start="109">m-calpain</span>
    </annotation>
    <annotation annotator="Mike Bada, University of Colorado School of Medicine" id="PR_reasoned_2017_04_17_Instance_24601" type="identity">
      <class id="PR_EXT:000005009" label="calpain-1 catalytic subunit"/>
      <span end="342" id="16433929-24274" start="337">Capn1</span>
    </annotation>
    <annotation annotator="Mike Bada, University of Colorado School of Medicine" id="PR_reasoned_2017_04_17_Instance_171631" type="identity">
      <class id="GO_PR_EXT:calpain_1_complex" label="calpain-1 complex"/>
      <span end="353" id="16433929-24178" start="344">μ-calpain</span>
    </annotation>
    <annotation annotator="Mike Bada, University of Colorado School of Medicine" id="PR_reasoned_2017_04_17_Instance_24603" type="identity">
      <class id="PR_EXT:000005015" label="calpain-2 catalytic subunit"/>
      <span end="363" id="16433929-24276" start="358">Capn2</span>
    </annotation>
    <annotation annotator="Mike Bada, University of Colorado School of Medicine" id="PR_reasoned_2017_04_17_Instance_171518" type="identity">
      <class id="GO_PR_EXT:calpain_2_complex" label="calpain-2 complex"/>
      <span end="374" id="16433929-24072" start="365">m-calpain</span>
    </annotation>
    <annotation annotator="Mike Bada, University of Colorado School of Medicine" id="PR_reasoned_2017_04_17_Instance_24605" type="identity">
      <class id="PR_EXT:000005022" label="calpain small subunit 1"/>
      <span end="425" id="16433929-24278" start="420">Capn4</span>
    </annotation>
    <annotation annotator="Mike Bada, University of Colorado School of Medicine" id="PR_reasoned_2017_04_17_Instance_24607" type="identity">
      <class id="PR_EXT:000005022" label="calpain small subunit 1"/>
      <span end="456" id="16433929-24280" start="451">Capn4</span>
    </annotation>
    <annotation annotator="Mike Bada, University of Colorado School of Medicine" id="PR_reasoned_2017_04_17_Instance_171633" type="identity">
      <class id="GO_PR_EXT:calpain_1_complex" label="calpain-1 complex"/>
      <span end="486" id="16433929-24180" start="477">μ-calpain</span>
    </annotation>
    <annotation annotator="Mike Bada, University of Colorado School of Medicine" id="PR_reasoned_2017_04_17_Instance_171520" type="identity">
      <class id="GO_PR_EXT:calpain_2_complex" label="calpain-2 complex"/>
      <span end="500" id="16433929-24074" start="491">m-calpain</span>
    </annotation>
    <annotation annotator="Mike Bada, University of Colorado School of Medicine" id="PR_reasoned_2017_04_17_Instance_24609" type="identity">
      <class id="PR_EXT:000005009" label="calpain-1 catalytic subunit"/>
      <span end="671" id="16433929-24282" start="666">Capn1</span>
    </annotation>
    <annotation annotator="Mike Bada, University of Colorado School of Medicine" id="PR_reasoned_2017_04_17_Instance_171522" type="identity">
      <class id="GO_PR_EXT:calpain_2_complex" label="calpain-2 complex"/>
      <span end="737" id="16433929-24076" start="728">m-calpain</span>
    </annotation>
    <annotation annotator="Mike Bada, University of Colorado School of Medicine" id="PR_reasoned_2017_04_17_Instance_171635" type="identity">
      <class id="GO_PR_EXT:calpain_1_complex" label="calpain-1 complex"/>
      <span end="780" id="16433929-24182" start="771">μ-calpain</span>
    </annotation>
    <annotation annotator="Mike Bada, University of Colorado School of Medicine" id="PR_reasoned_2017_04_17_Instance_171524" type="identity">
      <class id="GO_PR_EXT:calpain_2_complex" label="calpain-2 complex"/>
      <span end="811" id="16433929-24078" start="802">m-calpain</span>
    </annotation>
    <annotation annotator="Mike Bada, University of Colorado School of Medicine" id="PR_reasoned_2017_04_17_Instance_24611" type="identity">
      <class id="PR_EXT:000005022" label="calpain small subunit 1"/>
      <span end="846" id="16433929-24284" start="841">Capn4</span>
    </annotation>
    <annotation annotator="Mike Bada, University of Colorado School of Medicine" id="PR_reasoned_2017_04_17_Instance_24613" type="identity">
      <class id="PR_EXT:000005015" label="calpain-2 catalytic subunit"/>
      <span end="979" id="16433929-24286" start="974">Capn2</span>
    </annotation>
    <annotation annotator="Mike Bada, University of Colorado School of Medicine" id="PR_reasoned_2017_04_17_Instance_24615" type="identity">
      <class id="PR_EXT:000005015" label="calpain-2 catalytic subunit"/>
      <span end="1400" id="16433929-24288" start="1395">Capn2</span>
    </annotation>
    <annotation annotator="Mike Bada, University of Colorado School of Medicine" id="PR_reasoned_2017_04_17_Instance_171637" type="identity">
      <class id="GO_PR_EXT:calpain_1_complex" label="calpain-1 complex"/>
      <span end="1526" id="16433929-24184" start="1517">μ-calpain</span>
    </annotation>
    <annotation annotator="Mike Bada, University of Colorado School of Medicine" id="PR_reasoned_2017_04_17_Instance_171526" type="identity">
      <class id="GO_PR_EXT:calpain_2_complex" label="calpain-2 complex"/>
      <span end="1540" id="16433929-24080" start="1531">m-calpain</span>
    </annotation>
    <annotation annotator="Mike Bada, University of Colorado School of Medicine" id="PR_reasoned_2017_04_17_Instance_171528" type="identity">
      <class id="GO_PR_EXT:calpain_2_complex" label="calpain-2 complex"/>
      <span end="1584" id="16433929-24082" start="1575">m-calpain</span>
    </annotation>
    <annotation annotator="Mike Bada, University of Colorado School of Medicine" id="PR_reasoned_2017_04_17_Instance_171639" type="identity">
      <class id="GO_PR_EXT:calpain_1_complex" label="calpain-1 complex"/>
      <span end="1733" id="16433929-24186" start="1724">μ-calpain</span>
    </annotation>
    <annotation annotator="Mike Bada, University of Colorado School of Medicine" id="PR_reasoned_2017_04_17_Instance_171641" type="identity">
      <class id="GO_PR_EXT:calpain_1_complex" label="calpain-1 complex"/>
      <span end="1744" id="16433929-24188" start="1735">calpain-1</span>
    </annotation>
    <annotation annotator="Mike Bada, University of Colorado School of Medicine" id="PR_reasoned_2017_04_17_Instance_171530" type="identity">
      <class id="GO_PR_EXT:calpain_2_complex" label="calpain-2 complex"/>
      <span end="1759" id="16433929-24084" start="1750">m-calpain</span>
    </annotation>
    <annotation annotator="Mike Bada, University of Colorado School of Medicine" id="PR_reasoned_2017_04_17_Instance_171467" type="identity">
      <class id="PR_EXT:000005015" label="calpain-2 catalytic subunit"/>
      <span end="1769" id="16433929-24068" start="1761">capain-2</span>
    </annotation>
    <annotation annotator="Mike Bada, University of Colorado School of Medicine" id="PR_reasoned_2017_04_17_Instance_24617" type="identity">
      <class id="PR_EXT:000005009" label="calpain-1 catalytic subunit"/>
      <span end="1953" id="16433929-24290" start="1948">Capn1</span>
    </annotation>
    <annotation annotator="Mike Bada, University of Colorado School of Medicine" id="PR_reasoned_2017_04_17_Instance_24623" type="identity">
      <class id="PR_EXT:000005009" label="calpain-1 catalytic subunit"/>
      <span end="1961" id="16433929-24296" start="1955">μ-80 k</span>
    </annotation>
    <annotation annotator="Mike Bada, University of Colorado School of Medicine" id="PR_reasoned_2017_04_17_Instance_24619" type="identity">
      <class id="PR_EXT:000005015" label="calpain-2 catalytic subunit"/>
      <span end="1972" id="16433929-24292" start="1967">Capn2</span>
    </annotation>
    <annotation annotator="Mike Bada, University of Colorado School of Medicine" id="PR_reasoned_2017_04_17_Instance_24621" type="identity">
      <class id="PR_EXT:000005015" label="calpain-2 catalytic subunit"/>
      <span end="1980" id="16433929-24294" start="1974">m-80 k</span>
    </annotation>
    <annotation annotator="Mike Bada, University of Colorado School of Medicine" id="PR_reasoned_2017_04_17_Instance_24625" type="identity">
      <class id="PR_EXT:000005022" label="calpain small subunit 1"/>
      <span end="2078" id="16433929-24298" start="2073">Capn4</span>
    </annotation>
    <annotation annotator="Mike Bada, University of Colorado School of Medicine" id="PR_reasoned_2017_04_17_Instance_24627" type="identity">
      <class id="PR_EXT:000005009" label="calpain-1 catalytic subunit"/>
      <span end="2095" id="16433929-24300" start="2089">μ-80 k</span>
      <span end="2115" id="16433929-24301" start="2107">subunits</span>
    </annotation>
    <annotation annotator="Mike Bada, University of Colorado School of Medicine" id="PR_reasoned_2017_04_17_Instance_24629" type="identity">
      <class id="PR_EXT:000005015" label="calpain-2 catalytic subunit"/>
      <span end="2115" id="16433929-24303" start="2100">m-80 k subunits</span>
    </annotation>
    <annotation annotator="Mike Bada, University of Colorado School of Medicine" id="PR_reasoned_2017_04_17_Instance_113014" type="identity">
      <class id="CHEBI_PR_EXT:protein" label="protein"/>
      <span end="2207" id="16433929-24004" start="2200">protein</span>
    </annotation>
    <annotation annotator="Mike Bada, University of Colorado School of Medicine" id="PR_reasoned_2017_04_17_Instance_171643" type="identity">
      <class id="GO_PR_EXT:calpain_1_complex" label="calpain-1 complex"/>
      <span end="2325" id="16433929-24190" start="2323">μ-</span>
      <span end="2339" id="16433929-24191" start="2332">calpain</span>
    </annotation>
    <annotation annotator="Mike Bada, University of Colorado School of Medicine" id="PR_reasoned_2017_04_17_Instance_171532" type="identity">
      <class id="GO_PR_EXT:calpain_2_complex" label="calpain-2 complex"/>
      <span end="2339" id="16433929-24086" start="2330">m-calpain</span>
    </annotation>
    <annotation annotator="Mike Bada, University of Colorado School of Medicine" id="PR_reasoned_2017_04_17_Instance_171645" type="identity">
      <class id="GO_PR_EXT:calpain_1_complex" label="calpain-1 complex"/>
      <span end="2550" id="16433929-24193" start="2541">μ-calpain</span>
    </annotation>
    <annotation annotator="Mike Bada, University of Colorado School of Medicine" id="PR_reasoned_2017_04_17_Instance_171534" type="identity">
      <class id="GO_PR_EXT:calpain_2_complex" label="calpain-2 complex"/>
      <span end="2585" id="16433929-24088" start="2576">m-calpain</span>
    </annotation>
    <annotation annotator="Mike Bada, University of Colorado School of Medicine" id="PR_reasoned_2017_04_17_Instance_171647" type="identity">
      <class id="GO_PR_EXT:calpain_1_complex" label="calpain-1 complex"/>
      <span end="2618" id="16433929-24195" start="2616">μ-</span>
      <span end="2632" id="16433929-24196" start="2625">calpain</span>
    </annotation>
    <annotation annotator="Mike Bada, University of Colorado School of Medicine" id="PR_reasoned_2017_04_17_Instance_171536" type="identity">
      <class id="GO_PR_EXT:calpain_2_complex" label="calpain-2 complex"/>
      <span end="2632" id="16433929-24090" start="2623">m-calpain</span>
    </annotation>
    <annotation annotator="Mike Bada, University of Colorado School of Medicine" id="PR_reasoned_2017_04_17_Instance_80000" type="identity">
      <class id="GO_PR_EXT:integrin" label="integrin"/>
      <span end="3343" id="16433929-24559" start="3334">integrins</span>
    </annotation>
    <annotation annotator="Mike Bada, University of Colorado School of Medicine" id="PR_reasoned_2017_04_17_Instance_24631" type="identity">
      <class id="PR_EXT:000005060" label="calpastatin"/>
      <span end="3875" id="16433929-24305" start="3864">calpastatin</span>
    </annotation>
    <annotation annotator="Mike Bada, University of Colorado School of Medicine" id="PR_reasoned_2017_04_17_Instance_113016" type="identity">
      <class id="CHEBI_PR_EXT:protein" label="protein"/>
      <span end="3899" id="16433929-24006" start="3892">protein</span>
    </annotation>
    <annotation annotator="Mike Bada, University of Colorado School of Medicine" id="PR_reasoned_2017_04_17_Instance_171649" type="identity">
      <class id="GO_PR_EXT:calpain_1_complex" label="calpain-1 complex"/>
      <span end="3915" id="16433929-24198" start="3913">μ-</span>
      <span end="3929" id="16433929-24199" start="3922">calpain</span>
    </annotation>
    <annotation annotator="Mike Bada, University of Colorado School of Medicine" id="PR_reasoned_2017_04_17_Instance_171538" type="identity">
      <class id="GO_PR_EXT:calpain_2_complex" label="calpain-2 complex"/>
      <span end="3929" id="16433929-24092" start="3920">m-calpain</span>
    </annotation>
    <annotation annotator="Mike Bada, University of Colorado School of Medicine" id="PR_reasoned_2017_04_17_Instance_171540" type="identity">
      <class id="GO_PR_EXT:calpain_2_complex" label="calpain-2 complex"/>
      <span end="4119" id="16433929-24094" start="4110">m-calpain</span>
    </annotation>
    <annotation annotator="Mike Bada, University of Colorado School of Medicine" id="PR_reasoned_2017_04_17_Instance_24633" type="identity">
      <class id="PR_EXT:000006928" label="pro-epidermal growth factor"/>
      <span end="4146" id="16433929-24307" start="4123">epidermal growth factor</span>
    </annotation>
    <annotation annotator="Mike Bada, University of Colorado School of Medicine" id="PR_reasoned_2017_04_17_Instance_24635" type="identity">
      <class id="PR_EXT:000006928" label="pro-epidermal growth factor"/>
      <span end="4151" id="16433929-24309" start="4148">EGF</span>
    </annotation>
    <annotation annotator="Mike Bada, University of Colorado School of Medicine" id="PR_reasoned_2017_04_17_Instance_171651" type="identity">
      <class id="GO_PR_EXT:calpain_1_complex" label="calpain-1 complex"/>
      <span end="4207" id="16433929-24201" start="4198">μ-calpain</span>
    </annotation>
    <annotation annotator="Mike Bada, University of Colorado School of Medicine" id="PR_reasoned_2017_04_17_Instance_24637" type="identity">
      <class id="PR_EXT:000006065" label="C-X-C motif chemokine 11"/>
      <span end="4241" id="16433929-24311" start="4211">interferon-inducible protein 9</span>
    </annotation>
    <annotation annotator="Mike Bada, University of Colorado School of Medicine" id="PR_reasoned_2017_04_17_Instance_171653" type="identity">
      <class id="GO_PR_EXT:calpain_1_complex" label="calpain-1 complex"/>
      <span end="4419" id="16433929-24203" start="4410">μ-calpain</span>
    </annotation>
    <annotation annotator="Mike Bada, University of Colorado School of Medicine" id="PR_reasoned_2017_04_17_Instance_171542" type="identity">
      <class id="GO_PR_EXT:calpain_2_complex" label="calpain-2 complex"/>
      <span end="4492" id="16433929-24096" start="4483">m-calpain</span>
    </annotation>
    <annotation annotator="Mike Bada, University of Colorado School of Medicine" id="PR_reasoned_2017_04_17_Instance_171544" type="identity">
      <class id="GO_PR_EXT:calpain_2_complex" label="calpain-2 complex"/>
      <span end="4576" id="16433929-24098" start="4567">m-calpain</span>
    </annotation>
    <annotation annotator="Mike Bada, University of Colorado School of Medicine" id="PR_reasoned_2017_04_17_Instance_171655" type="identity">
      <class id="GO_PR_EXT:calpain_1_complex" label="calpain-1 complex"/>
      <span end="4706" id="16433929-24205" start="4704">μ-</span>
      <span end="4720" id="16433929-24206" start="4713">calpain</span>
    </annotation>
    <annotation annotator="Mike Bada, University of Colorado School of Medicine" id="PR_reasoned_2017_04_17_Instance_171546" type="identity">
      <class id="GO_PR_EXT:calpain_2_complex" label="calpain-2 complex"/>
      <span end="4720" id="16433929-24100" start="4711">m-calpain</span>
    </annotation>
    <annotation annotator="Mike Bada, University of Colorado School of Medicine" id="PR_reasoned_2017_04_17_Instance_24639" type="identity">
      <class id="PR_EXT:000005022" label="calpain small subunit 1"/>
      <span end="4817" id="16433929-24313" start="4812">Capn4</span>
    </annotation>
    <annotation annotator="Mike Bada, University of Colorado School of Medicine" id="PR_reasoned_2017_04_17_Instance_171657" type="identity">
      <class id="GO_PR_EXT:calpain_1_complex" label="calpain-1 complex"/>
      <span end="4909" id="16433929-24208" start="4907">μ-</span>
      <span end="4923" id="16433929-24209" start="4916">calpain</span>
    </annotation>
    <annotation annotator="Mike Bada, University of Colorado School of Medicine" id="PR_reasoned_2017_04_17_Instance_171548" type="identity">
      <class id="GO_PR_EXT:calpain_2_complex" label="calpain-2 complex"/>
      <span end="4923" id="16433929-24102" start="4914">m-calpain</span>
    </annotation>
    <annotation annotator="Mike Bada, University of Colorado School of Medicine" id="PR_reasoned_2017_04_17_Instance_24641" type="identity">
      <class id="PR_EXT:000005022" label="calpain small subunit 1"/>
      <span end="4930" id="16433929-24315" start="4925">Capn4</span>
    </annotation>
    <annotation annotator="Mike Bada, University of Colorado School of Medicine" id="PR_reasoned_2017_04_17_Instance_171659" type="identity">
      <class id="GO_PR_EXT:calpain_1_complex" label="calpain-1 complex"/>
      <span end="5021" id="16433929-24211" start="5019">μ-</span>
      <span end="5034" id="16433929-24212" start="5027">calpain</span>
    </annotation>
    <annotation annotator="Mike Bada, University of Colorado School of Medicine" id="PR_reasoned_2017_04_17_Instance_171550" type="identity">
      <class id="GO_PR_EXT:calpain_2_complex" label="calpain-2 complex"/>
      <span end="5034" id="16433929-24104" start="5025">m-calpain</span>
    </annotation>
    <annotation annotator="Mike Bada, University of Colorado School of Medicine" id="PR_reasoned_2017_04_17_Instance_24643" type="identity">
      <class id="PR_EXT:000005022" label="calpain small subunit 1"/>
      <span end="5083" id="16433929-24317" start="5078">Capn4</span>
    </annotation>
    <annotation annotator="Mike Bada, University of Colorado School of Medicine" id="PR_reasoned_2017_04_17_Instance_171705" type="identity">
      <class id="GO_PR_EXT:spectrin" label="spectrin"/>
      <span end="5283" id="16433929-24262" start="5275">spectrin</span>
    </annotation>
    <annotation annotator="Mike Bada, University of Colorado School of Medicine" id="PR_reasoned_2017_04_17_Instance_24645" type="identity">
      <class id="PR_EXT:000005022" label="calpain small subunit 1"/>
      <span end="5441" id="16433929-24319" start="5436">Capn4</span>
    </annotation>
    <annotation annotator="Mike Bada, University of Colorado School of Medicine" id="PR_reasoned_2017_04_17_Instance_24647" type="identity">
      <class id="PR_EXT:000005022" label="calpain small subunit 1"/>
      <span end="5672" id="16433929-24321" start="5667">Capn4</span>
    </annotation>
    <annotation annotator="Mike Bada, University of Colorado School of Medicine" id="PR_reasoned_2017_04_17_Instance_24649" type="identity">
      <class id="PR_EXT:000005022" label="calpain small subunit 1"/>
      <span end="5859" id="16433929-24323" start="5854">Capn4</span>
    </annotation>
    <annotation annotator="Mike Bada, University of Colorado School of Medicine" id="PR_reasoned_2017_04_17_Instance_24651" type="identity">
      <class id="PR_EXT:000005009" label="calpain-1 catalytic subunit"/>
      <span end="5926" id="16433929-24325" start="5921">Capn1</span>
    </annotation>
    <annotation annotator="Mike Bada, University of Colorado School of Medicine" id="PR_reasoned_2017_04_17_Instance_171709" type="identity">
      <class id="PR_EXT:000005009" label="calpain-1 catalytic subunit"/>
      <span end="5968" id="16433929-24266" start="5941">μ-calpain catalytic subunit</span>
    </annotation>
    <annotation annotator="Mike Bada, University of Colorado School of Medicine" id="PR_reasoned_2017_04_17_Instance_171663" type="identity">
      <class id="GO_PR_EXT:calpain_1_complex" label="calpain-1 complex"/>
      <span end="6069" id="16433929-24214" start="6060">μ-calpain</span>
    </annotation>
    <annotation annotator="Mike Bada, University of Colorado School of Medicine" id="PR_reasoned_2017_04_17_Instance_24655" type="identity">
      <class id="PR_EXT:000005022" label="calpain small subunit 1"/>
      <span end="6160" id="16433929-24327" start="6155">Capn4</span>
    </annotation>
    <annotation annotator="Mike Bada, University of Colorado School of Medicine" id="PR_reasoned_2017_04_17_Instance_24657" type="identity">
      <class id="PR_EXT:000005009" label="calpain-1 catalytic subunit"/>
      <span end="6311" id="16433929-24329" start="6306">Capn1</span>
    </annotation>
    <annotation annotator="Mike Bada, University of Colorado School of Medicine" id="PR_reasoned_2017_04_17_Instance_171552" type="identity">
      <class id="GO_PR_EXT:calpain_2_complex" label="calpain-2 complex"/>
      <span end="6404" id="16433929-24106" start="6395">m-calpain</span>
    </annotation>
    <annotation annotator="Mike Bada, University of Colorado School of Medicine" id="PR_reasoned_2017_04_17_Instance_24659" type="identity">
      <class id="PR_EXT:000005015" label="calpain-2 catalytic subunit"/>
      <span end="6611" id="16433929-24331" start="6606">Capn2</span>
    </annotation>
    <annotation annotator="Mike Bada, University of Colorado School of Medicine" id="PR_reasoned_2017_04_17_Instance_24661" type="identity">
      <class id="PR_EXT:000005015" label="calpain-2 catalytic subunit"/>
      <span end="6644" id="16433929-24333" start="6630">m-80 k subunit</span>
    </annotation>
    <annotation annotator="Mike Bada, University of Colorado School of Medicine" id="PR_reasoned_2017_04_17_Instance_24663" type="identity">
      <class id="PR_EXT:000005015" label="calpain-2 catalytic subunit"/>
      <span end="6679" id="16433929-24335" start="6674">Capn2</span>
    </annotation>
    <annotation annotator="Mike Bada, University of Colorado School of Medicine" id="PR_reasoned_2017_04_17_Instance_171554" type="identity">
      <class id="GO_PR_EXT:calpain_2_complex" label="calpain-2 complex"/>
      <span end="6756" id="16433929-24108" start="6747">m-calpain</span>
    </annotation>
    <annotation annotator="Mike Bada, University of Colorado School of Medicine" id="PR_reasoned_2017_04_17_Instance_171665" type="identity">
      <class id="GO_PR_EXT:calpain_1_complex" label="calpain-1 complex"/>
      <span end="6841" id="16433929-24216" start="6832">μ-calpain</span>
    </annotation>
    <annotation annotator="Mike Bada, University of Colorado School of Medicine" id="PR_reasoned_2017_04_17_Instance_171556" type="identity">
      <class id="GO_PR_EXT:calpain_2_complex" label="calpain-2 complex"/>
      <span end="6999" id="16433929-24110" start="6990">m-calpain</span>
    </annotation>
    <annotation annotator="Mike Bada, University of Colorado School of Medicine" id="PR_reasoned_2017_04_17_Instance_171667" type="identity">
      <class id="GO_PR_EXT:calpain_1_complex" label="calpain-1 complex"/>
      <span end="7013" id="16433929-24218" start="7004">μ-calpain</span>
    </annotation>
    <annotation annotator="Mike Bada, University of Colorado School of Medicine" id="PR_reasoned_2017_04_17_Instance_24665" type="identity">
      <class id="PR_EXT:000005015" label="calpain-2 catalytic subunit"/>
      <span end="7125" id="16433929-24337" start="7120">Capn2</span>
    </annotation>
    <annotation annotator="Mike Bada, University of Colorado School of Medicine" id="PR_reasoned_2017_04_17_Instance_24667" type="identity">
      <class id="PR_EXT:000005015" label="calpain-2 catalytic subunit"/>
      <span end="7172" id="16433929-24339" start="7167">Capn2</span>
    </annotation>
    <annotation annotator="Mike Bada, University of Colorado School of Medicine" id="PR_reasoned_2017_04_17_Instance_24669" type="identity">
      <class id="PR_EXT:000005015" label="calpain-2 catalytic subunit"/>
      <span end="7305" id="16433929-24341" start="7300">Capn2</span>
    </annotation>
    <annotation annotator="Mike Bada, University of Colorado School of Medicine" id="PR_reasoned_2017_04_17_Instance_140510" type="identity">
      <class id="PR_EXT:P23940" label="type-2 restriction enzyme BamHI (Bacillus amyloliquefaciens)"/>
      <span end="7471" id="16433929-24020" start="7466">BamHI</span>
    </annotation>
    <annotation annotator="Mike Bada, University of Colorado School of Medicine" id="PR_reasoned_2017_04_17_Instance_140512" type="identity">
      <class id="PR_EXT:P23940" label="type-2 restriction enzyme BamHI (Bacillus amyloliquefaciens)"/>
      <span end="7521" id="16433929-24022" start="7516">BamHI</span>
    </annotation>
    <annotation annotator="Mike Bada, University of Colorado School of Medicine" id="PR_reasoned_2017_04_17_Instance_140514" type="identity">
      <class id="PR_EXT:P23940" label="type-2 restriction enzyme BamHI (Bacillus amyloliquefaciens)"/>
      <span end="7895" id="16433929-24024" start="7890">BamHI</span>
    </annotation>
    <annotation annotator="Mike Bada, University of Colorado School of Medicine" id="PR_reasoned_2017_04_17_Instance_24671" type="identity">
      <class id="PR_EXT:000005015" label="calpain-2 catalytic subunit"/>
      <span end="7913" id="16433929-24343" start="7908">Capn2</span>
    </annotation>
    <annotation annotator="Mike Bada, University of Colorado School of Medicine" id="PR_reasoned_2017_04_17_Instance_24673" type="identity">
      <class id="PR_EXT:000005015" label="calpain-2 catalytic subunit"/>
      <span end="7998" id="16433929-24345" start="7993">Capn2</span>
    </annotation>
    <annotation annotator="Mike Bada, University of Colorado School of Medicine" id="PR_reasoned_2017_04_17_Instance_24675" type="identity">
      <class id="PR_EXT:000005015" label="calpain-2 catalytic subunit"/>
      <span end="8329" id="16433929-24347" start="8324">Capn2</span>
    </annotation>
    <annotation annotator="Mike Bada, University of Colorado School of Medicine" id="PR_reasoned_2017_04_17_Instance_140516" type="identity">
      <class id="PR_EXT:P23940" label="type-2 restriction enzyme BamHI (Bacillus amyloliquefaciens)"/>
      <span end="8414" id="16433929-24026" start="8409">BamHI</span>
    </annotation>
    <annotation annotator="Mike Bada, University of Colorado School of Medicine" id="PR_reasoned_2017_04_17_Instance_140518" type="identity">
      <class id="PR_EXT:P23940" label="type-2 restriction enzyme BamHI (Bacillus amyloliquefaciens)"/>
      <span end="8506" id="16433929-24028" start="8501">BamHI</span>
    </annotation>
    <annotation annotator="Mike Bada, University of Colorado School of Medicine" id="PR_reasoned_2017_04_17_Instance_140588" type="identity">
      <class id="PR_EXT:P43870" label="type-2 restriction enzyme HindIII (Haemophilus influenzae Rd KW20)"/>
      <span end="8514" id="16433929-24058" start="8507">HindIII</span>
    </annotation>
    <annotation annotator="Mike Bada, University of Colorado School of Medicine" id="PR_reasoned_2017_04_17_Instance_140520" type="identity">
      <class id="PR_EXT:P23940" label="type-2 restriction enzyme BamHI (Bacillus amyloliquefaciens)"/>
      <span end="8620" id="16433929-24030" start="8615">BamHI</span>
    </annotation>
    <annotation annotator="Mike Bada, University of Colorado School of Medicine" id="PR_reasoned_2017_04_17_Instance_24677" type="identity">
      <class id="PR_EXT:000005015" label="calpain-2 catalytic subunit"/>
      <span end="9607" id="16433929-24349" start="9602">Capn2</span>
    </annotation>
    <annotation annotator="Mike Bada, University of Colorado School of Medicine" id="PR_reasoned_2017_04_17_Instance_24679" type="identity">
      <class id="PR_EXT:000005015" label="calpain-2 catalytic subunit"/>
      <span end="9704" id="16433929-24351" start="9699">Capn2</span>
    </annotation>
    <annotation annotator="Mike Bada, University of Colorado School of Medicine" id="PR_reasoned_2017_04_17_Instance_24681" type="identity">
      <class id="PR_EXT:000005015" label="calpain-2 catalytic subunit"/>
      <span end="9764" id="16433929-24353" start="9759">Capn2</span>
    </annotation>
    <annotation annotator="Mike Bada, University of Colorado School of Medicine" id="PR_reasoned_2017_04_17_Instance_24683" type="identity">
      <class id="PR_EXT:000005015" label="calpain-2 catalytic subunit"/>
      <span end="9845" id="16433929-24355" start="9840">Capn2</span>
    </annotation>
    <annotation annotator="Mike Bada, University of Colorado School of Medicine" id="PR_reasoned_2017_04_17_Instance_24685" type="identity">
      <class id="PR_EXT:000005015" label="calpain-2 catalytic subunit"/>
      <span end="10006" id="16433929-24357" start="10001">Capn2</span>
    </annotation>
    <annotation annotator="Mike Bada, University of Colorado School of Medicine" id="PR_reasoned_2017_04_17_Instance_24687" type="identity">
      <class id="PR_EXT:000005015" label="calpain-2 catalytic subunit"/>
      <span end="10105" id="16433929-24359" start="10100">Capn2</span>
    </annotation>
    <annotation annotator="Mike Bada, University of Colorado School of Medicine" id="PR_reasoned_2017_04_17_Instance_24689" type="identity">
      <class id="PR_EXT:000005015" label="calpain-2 catalytic subunit"/>
      <span end="10160" id="16433929-24361" start="10155">Capn2</span>
    </annotation>
    <annotation annotator="Mike Bada, University of Colorado School of Medicine" id="PR_reasoned_2017_04_17_Instance_24691" type="identity">
      <class id="PR_EXT:000005015" label="calpain-2 catalytic subunit"/>
      <span end="10400" id="16433929-24363" start="10395">Capn2</span>
    </annotation>
    <annotation annotator="Mike Bada, University of Colorado School of Medicine" id="PR_reasoned_2017_04_17_Instance_24693" type="identity">
      <class id="PR_EXT:000005015" label="calpain-2 catalytic subunit"/>
      <span end="10514" id="16433929-24365" start="10509">Capn2</span>
    </annotation>
    <annotation annotator="Mike Bada, University of Colorado School of Medicine" id="PR_reasoned_2017_04_17_Instance_24695" type="identity">
      <class id="PR_EXT:000005015" label="calpain-2 catalytic subunit"/>
      <span end="10773" id="16433929-24367" start="10768">Capn2</span>
    </annotation>
    <annotation annotator="Mike Bada, University of Colorado School of Medicine" id="PR_reasoned_2017_04_17_Instance_24697" type="identity">
      <class id="PR_EXT:000005015" label="calpain-2 catalytic subunit"/>
      <span end="10818" id="16433929-24369" start="10813">Capn2</span>
    </annotation>
    <annotation annotator="Mike Bada, University of Colorado School of Medicine" id="PR_reasoned_2017_04_17_Instance_24699" type="identity">
      <class id="PR_EXT:000005015" label="calpain-2 catalytic subunit"/>
      <span end="10993" id="16433929-24371" start="10988">Capn2</span>
    </annotation>
    <annotation annotator="Mike Bada, University of Colorado School of Medicine" id="PR_reasoned_2017_04_17_Instance_24701" type="identity">
      <class id="PR_EXT:000005015" label="calpain-2 catalytic subunit"/>
      <span end="11019" id="16433929-24373" start="11014">Capn2</span>
    </annotation>
    <annotation annotator="Mike Bada, University of Colorado School of Medicine" id="PR_reasoned_2017_04_17_Instance_171558" type="identity">
      <class id="GO_PR_EXT:calpain_2_complex" label="calpain-2 complex"/>
      <span end="11104" id="16433929-24112" start="11095">m-calpain</span>
    </annotation>
    <annotation annotator="Mike Bada, University of Colorado School of Medicine" id="PR_reasoned_2017_04_17_Instance_113020" type="identity">
      <class id="CHEBI_PR_EXT:protein" label="protein"/>
      <span end="11268" id="16433929-24008" start="11261">protein</span>
    </annotation>
    <annotation annotator="Mike Bada, University of Colorado School of Medicine" id="PR_reasoned_2017_04_17_Instance_24703" type="identity">
      <class id="PR_EXT:000005015" label="calpain-2 catalytic subunit"/>
      <span end="11311" id="16433929-24375" start="11306">Capn2</span>
    </annotation>
    <annotation annotator="Mike Bada, University of Colorado School of Medicine" id="PR_reasoned_2017_04_17_Instance_24705" type="identity">
      <class id="PR_EXT:000005015" label="calpain-2 catalytic subunit"/>
      <span end="11418" id="16433929-24377" start="11413">Capn2</span>
    </annotation>
    <annotation annotator="Mike Bada, University of Colorado School of Medicine" id="PR_reasoned_2017_04_17_Instance_24707" type="identity">
      <class id="PR_EXT:000005015" label="calpain-2 catalytic subunit"/>
      <span end="12769" id="16433929-24379" start="12764">Capn2</span>
    </annotation>
    <annotation annotator="Mike Bada, University of Colorado School of Medicine" id="PR_reasoned_2017_04_17_Instance_24709" type="identity">
      <class id="PR_EXT:000005015" label="calpain-2 catalytic subunit"/>
      <span end="13452" id="16433929-24381" start="13447">Capn2</span>
    </annotation>
    <annotation annotator="Mike Bada, University of Colorado School of Medicine" id="PR_reasoned_2017_04_17_Instance_24711" type="identity">
      <class id="PR_EXT:000005015" label="calpain-2 catalytic subunit"/>
      <span end="13492" id="16433929-24383" start="13487">Capn2</span>
    </annotation>
    <annotation annotator="Mike Bada, University of Colorado School of Medicine" id="PR_reasoned_2017_04_17_Instance_24713" type="identity">
      <class id="PR_EXT:000005015" label="calpain-2 catalytic subunit"/>
      <span end="13647" id="16433929-24385" start="13642">Capn2</span>
    </annotation>
    <annotation annotator="Mike Bada, University of Colorado School of Medicine" id="PR_reasoned_2017_04_17_Instance_24715" type="identity">
      <class id="PR_EXT:000005015" label="calpain-2 catalytic subunit"/>
      <span end="13676" id="16433929-24387" start="13671">Capn2</span>
    </annotation>
    <annotation annotator="Mike Bada, University of Colorado School of Medicine" id="PR_reasoned_2017_04_17_Instance_24717" type="identity">
      <class id="PR_EXT:000005015" label="calpain-2 catalytic subunit"/>
      <span end="13914" id="16433929-24389" start="13909">Capn2</span>
    </annotation>
    <annotation annotator="Mike Bada, University of Colorado School of Medicine" id="PR_reasoned_2017_04_17_Instance_24719" type="identity">
      <class id="PR_EXT:000005015" label="calpain-2 catalytic subunit"/>
      <span end="13926" id="16433929-24391" start="13921">Capn2</span>
    </annotation>
    <annotation annotator="Mike Bada, University of Colorado School of Medicine" id="PR_reasoned_2017_04_17_Instance_24721" type="identity">
      <class id="PR_EXT:000005015" label="calpain-2 catalytic subunit"/>
      <span end="14121" id="16433929-24393" start="14116">Capn2</span>
    </annotation>
    <annotation annotator="Mike Bada, University of Colorado School of Medicine" id="PR_reasoned_2017_04_17_Instance_24723" type="identity">
      <class id="PR_EXT:000005015" label="calpain-2 catalytic subunit"/>
      <span end="14154" id="16433929-24395" start="14149">Capn2</span>
    </annotation>
    <annotation annotator="Mike Bada, University of Colorado School of Medicine" id="PR_reasoned_2017_04_17_Instance_24725" type="identity">
      <class id="PR_EXT:000005015" label="calpain-2 catalytic subunit"/>
      <span end="14199" id="16433929-24397" start="14194">Capn2</span>
    </annotation>
    <annotation annotator="Mike Bada, University of Colorado School of Medicine" id="PR_reasoned_2017_04_17_Instance_24727" type="identity">
      <class id="PR_EXT:000005015" label="calpain-2 catalytic subunit"/>
      <span end="14211" id="16433929-24399" start="14206">Capn2</span>
    </annotation>
    <annotation annotator="Mike Bada, University of Colorado School of Medicine" id="PR_reasoned_2017_04_17_Instance_24729" type="identity">
      <class id="PR_EXT:000005015" label="calpain-2 catalytic subunit"/>
      <span end="14469" id="16433929-24401" start="14464">Capn2</span>
    </annotation>
    <annotation annotator="Mike Bada, University of Colorado School of Medicine" id="PR_reasoned_2017_04_17_Instance_24731" type="identity">
      <class id="PR_EXT:000005022" label="calpain small subunit 1"/>
      <span end="14670" id="16433929-24403" start="14665">Capn4</span>
    </annotation>
    <annotation annotator="Mike Bada, University of Colorado School of Medicine" id="PR_reasoned_2017_04_17_Instance_24733" type="identity">
      <class id="PR_EXT:000005015" label="calpain-2 catalytic subunit"/>
      <span end="14763" id="16433929-24405" start="14758">Capn2</span>
    </annotation>
    <annotation annotator="Mike Bada, University of Colorado School of Medicine" id="PR_reasoned_2017_04_17_Instance_24735" type="identity">
      <class id="PR_EXT:000005015" label="calpain-2 catalytic subunit"/>
      <span end="14776" id="16433929-24407" start="14771">Capn2</span>
    </annotation>
    <annotation annotator="Mike Bada, University of Colorado School of Medicine" id="PR_reasoned_2017_04_17_Instance_24737" type="identity">
      <class id="PR_EXT:000005015" label="calpain-2 catalytic subunit"/>
      <span end="14848" id="16433929-24409" start="14843">Capn2</span>
    </annotation>
    <annotation annotator="Mike Bada, University of Colorado School of Medicine" id="PR_reasoned_2017_04_17_Instance_24739" type="identity">
      <class id="PR_EXT:000005015" label="calpain-2 catalytic subunit"/>
      <span end="14901" id="16433929-24411" start="14896">Capn2</span>
    </annotation>
    <annotation annotator="Mike Bada, University of Colorado School of Medicine" id="PR_reasoned_2017_04_17_Instance_24741" type="identity">
      <class id="PR_EXT:000005015" label="calpain-2 catalytic subunit"/>
      <span end="15063" id="16433929-24413" start="15058">Capn2</span>
    </annotation>
    <annotation annotator="Mike Bada, University of Colorado School of Medicine" id="PR_reasoned_2017_04_17_Instance_24743" type="identity">
      <class id="PR_EXT:000005015" label="calpain-2 catalytic subunit"/>
      <span end="15075" id="16433929-24415" start="15070">Capn2</span>
    </annotation>
    <annotation annotator="Mike Bada, University of Colorado School of Medicine" id="PR_reasoned_2017_04_17_Instance_24745" type="identity">
      <class id="PR_EXT:000005015" label="calpain-2 catalytic subunit"/>
      <span end="15210" id="16433929-24417" start="15205">Capn2</span>
    </annotation>
    <annotation annotator="Mike Bada, University of Colorado School of Medicine" id="PR_reasoned_2017_04_17_Instance_24747" type="identity">
      <class id="PR_EXT:000005015" label="calpain-2 catalytic subunit"/>
      <span end="15305" id="16433929-24419" start="15300">Capn2</span>
    </annotation>
    <annotation annotator="Mike Bada, University of Colorado School of Medicine" id="PR_reasoned_2017_04_17_Instance_24749" type="identity">
      <class id="PR_EXT:000005015" label="calpain-2 catalytic subunit"/>
      <span end="15384" id="16433929-24421" start="15379">Capn2</span>
    </annotation>
    <annotation annotator="Mike Bada, University of Colorado School of Medicine" id="PR_reasoned_2017_04_17_Instance_24751" type="identity">
      <class id="PR_EXT:000005015" label="calpain-2 catalytic subunit"/>
      <span end="15403" id="16433929-24423" start="15398">Capn2</span>
    </annotation>
    <annotation annotator="Mike Bada, University of Colorado School of Medicine" id="PR_reasoned_2017_04_17_Instance_24753" type="identity">
      <class id="PR_EXT:000005022" label="calpain small subunit 1"/>
      <span end="15661" id="16433929-24425" start="15656">Capn4</span>
    </annotation>
    <annotation annotator="Mike Bada, University of Colorado School of Medicine" id="PR_reasoned_2017_04_17_Instance_24755" type="identity">
      <class id="PR_EXT:000005015" label="calpain-2 catalytic subunit"/>
      <span end="15711" id="16433929-24427" start="15706">Capn2</span>
    </annotation>
    <annotation annotator="Mike Bada, University of Colorado School of Medicine" id="PR_reasoned_2017_04_17_Instance_24757" type="identity">
      <class id="PR_EXT:000005015" label="calpain-2 catalytic subunit"/>
      <span end="15809" id="16433929-24429" start="15804">Capn2</span>
    </annotation>
    <annotation annotator="Mike Bada, University of Colorado School of Medicine" id="PR_reasoned_2017_04_17_Instance_24759" type="identity">
      <class id="PR_EXT:000005015" label="calpain-2 catalytic subunit"/>
      <span end="15859" id="16433929-24431" start="15854">Capn2</span>
    </annotation>
    <annotation annotator="Mike Bada, University of Colorado School of Medicine" id="PR_reasoned_2017_04_17_Instance_171560" type="identity">
      <class id="GO_PR_EXT:calpain_2_complex" label="calpain-2 complex"/>
      <span end="15920" id="16433929-24114" start="15911">m-calpain</span>
    </annotation>
    <annotation annotator="Mike Bada, University of Colorado School of Medicine" id="PR_reasoned_2017_04_17_Instance_24761" type="identity">
      <class id="PR_EXT:000005022" label="calpain small subunit 1"/>
      <span end="16688" id="16433929-24433" start="16683">Capn4</span>
    </annotation>
    <annotation annotator="Mike Bada, University of Colorado School of Medicine" id="PR_reasoned_2017_04_17_Instance_171669" type="identity">
      <class id="GO_PR_EXT:calpain_1_complex" label="calpain-1 complex"/>
      <span end="16750" id="16433929-24220" start="16748">μ-</span>
      <span end="16764" id="16433929-24221" start="16757">calpain</span>
    </annotation>
    <annotation annotator="Mike Bada, University of Colorado School of Medicine" id="PR_reasoned_2017_04_17_Instance_171562" type="identity">
      <class id="GO_PR_EXT:calpain_2_complex" label="calpain-2 complex"/>
      <span end="16764" id="16433929-24116" start="16755">m-calpain</span>
    </annotation>
    <annotation annotator="Mike Bada, University of Colorado School of Medicine" id="PR_reasoned_2017_04_17_Instance_24763" type="identity">
      <class id="PR_EXT:000005022" label="calpain small subunit 1"/>
      <span end="16832" id="16433929-24435" start="16827">Capn4</span>
    </annotation>
    <annotation annotator="Mike Bada, University of Colorado School of Medicine" id="PR_reasoned_2017_04_17_Instance_171671" type="identity">
      <class id="GO_PR_EXT:calpain_1_complex" label="calpain-1 complex"/>
      <span end="16989" id="16433929-24223" start="16987">μ-</span>
      <span end="17003" id="16433929-24224" start="16996">calpain</span>
    </annotation>
    <annotation annotator="Mike Bada, University of Colorado School of Medicine" id="PR_reasoned_2017_04_17_Instance_171564" type="identity">
      <class id="GO_PR_EXT:calpain_2_complex" label="calpain-2 complex"/>
      <span end="17003" id="16433929-24118" start="16994">m-calpain</span>
    </annotation>
    <annotation annotator="Mike Bada, University of Colorado School of Medicine" id="PR_reasoned_2017_04_17_Instance_171673" type="identity">
      <class id="GO_PR_EXT:calpain_1_complex" label="calpain-1 complex"/>
      <span end="17149" id="16433929-24226" start="17140">μ-calpain</span>
    </annotation>
    <annotation annotator="Mike Bada, University of Colorado School of Medicine" id="PR_reasoned_2017_04_17_Instance_171566" type="identity">
      <class id="GO_PR_EXT:calpain_2_complex" label="calpain-2 complex"/>
      <span end="17176" id="16433929-24120" start="17167">m-calpain</span>
    </annotation>
    <annotation annotator="Mike Bada, University of Colorado School of Medicine" id="PR_reasoned_2017_04_17_Instance_171675" type="identity">
      <class id="GO_PR_EXT:calpain_1_complex" label="calpain-1 complex"/>
      <span end="17199" id="16433929-24228" start="17197">μ-</span>
      <span end="17213" id="16433929-24229" start="17206">calpain</span>
    </annotation>
    <annotation annotator="Mike Bada, University of Colorado School of Medicine" id="PR_reasoned_2017_04_17_Instance_171568" type="identity">
      <class id="GO_PR_EXT:calpain_2_complex" label="calpain-2 complex"/>
      <span end="17213" id="16433929-24122" start="17204">m-calpain</span>
    </annotation>
    <annotation annotator="Mike Bada, University of Colorado School of Medicine" id="PR_reasoned_2017_04_17_Instance_24765" type="identity">
      <class id="PR_EXT:000005009" label="calpain-1 catalytic subunit"/>
      <span end="17345" id="16433929-24437" start="17340">Capn1</span>
    </annotation>
    <annotation annotator="Mike Bada, University of Colorado School of Medicine" id="PR_reasoned_2017_04_17_Instance_171711" type="identity">
      <class id="PR_EXT:000005009" label="calpain-1 catalytic subunit"/>
      <span end="17397" id="16433929-24268" start="17370">μ-calpain catalytic subunit</span>
    </annotation>
    <annotation annotator="Mike Bada, University of Colorado School of Medicine" id="PR_reasoned_2017_04_17_Instance_171570" type="identity">
      <class id="GO_PR_EXT:calpain_2_complex" label="calpain-2 complex"/>
      <span end="17584" id="16433929-24124" start="17575">m-calpain</span>
    </annotation>
    <annotation annotator="Mike Bada, University of Colorado School of Medicine" id="PR_reasoned_2017_04_17_Instance_24769" type="identity">
      <class id="PR_EXT:000005015" label="calpain-2 catalytic subunit"/>
      <span end="17739" id="16433929-24439" start="17734">Capn2</span>
    </annotation>
    <annotation annotator="Mike Bada, University of Colorado School of Medicine" id="PR_reasoned_2017_04_17_Instance_171713" type="identity">
      <class id="PR_EXT:000005015" label="calpain-2 catalytic subunit"/>
      <span end="17791" id="16433929-24270" start="17764">m-calpain catalytic subunit</span>
    </annotation>
    <annotation annotator="Mike Bada, University of Colorado School of Medicine" id="PR_reasoned_2017_04_17_Instance_171574" type="identity">
      <class id="GO_PR_EXT:calpain_2_complex" label="calpain-2 complex"/>
      <span end="17899" id="16433929-24126" start="17890">m-calpain</span>
    </annotation>
    <annotation annotator="Mike Bada, University of Colorado School of Medicine" id="PR_reasoned_2017_04_17_Instance_24773" type="identity">
      <class id="PR_EXT:000005022" label="calpain small subunit 1"/>
      <span end="17987" id="16433929-24441" start="17982">Capn4</span>
    </annotation>
    <annotation annotator="Mike Bada, University of Colorado School of Medicine" id="PR_reasoned_2017_04_17_Instance_171576" type="identity">
      <class id="GO_PR_EXT:calpain_2_complex" label="calpain-2 complex"/>
      <span end="18031" id="16433929-24128" start="18022">m-calpain</span>
    </annotation>
    <annotation annotator="Mike Bada, University of Colorado School of Medicine" id="PR_reasoned_2017_04_17_Instance_24775" type="identity">
      <class id="PR_EXT:000005022" label="calpain small subunit 1"/>
      <span end="18122" id="16433929-24443" start="18117">Capn4</span>
    </annotation>
    <annotation annotator="Mike Bada, University of Colorado School of Medicine" id="PR_reasoned_2017_04_17_Instance_24777" type="identity">
      <class id="PR_EXT:000005022" label="calpain small subunit 1"/>
      <span end="18234" id="16433929-24445" start="18229">Capn4</span>
    </annotation>
    <annotation annotator="Mike Bada, University of Colorado School of Medicine" id="PR_reasoned_2017_04_17_Instance_24779" type="identity">
      <class id="PR_EXT:000005022" label="calpain small subunit 1"/>
      <span end="18484" id="16433929-24447" start="18479">Capn4</span>
    </annotation>
    <annotation annotator="Mike Bada, University of Colorado School of Medicine" id="PR_reasoned_2017_04_17_Instance_171715" type="identity">
      <class id="PR_EXT:000005022" label="calpain small subunit 1"/>
      <span end="18601" id="16433929-24272" start="18580">calpain small subunit</span>
    </annotation>
    <annotation annotator="Mike Bada, University of Colorado School of Medicine" id="PR_reasoned_2017_04_17_Instance_113022" type="identity">
      <class id="CHEBI_PR_EXT:protein" label="protein"/>
      <span end="18704" id="16433929-24010" start="18697">protein</span>
    </annotation>
    <annotation annotator="Mike Bada, University of Colorado School of Medicine" id="PR_reasoned_2017_04_17_Instance_24781" type="identity">
      <class id="PR_EXT:000005015" label="calpain-2 catalytic subunit"/>
      <span end="18937" id="16433929-24449" start="18914">m-calpain large subunit</span>
    </annotation>
    <annotation annotator="Mike Bada, University of Colorado School of Medicine" id="PR_reasoned_2017_04_17_Instance_24783" type="identity">
      <class id="PR_EXT:000005022" label="calpain small subunit 1"/>
      <span end="18977" id="16433929-24451" start="18972">Capn4</span>
    </annotation>
    <annotation annotator="Mike Bada, University of Colorado School of Medicine" id="PR_reasoned_2017_04_17_Instance_24785" type="identity">
      <class id="PR_EXT:000005022" label="calpain small subunit 1"/>
      <span end="19195" id="16433929-24453" start="19190">Capn4</span>
    </annotation>
    <annotation annotator="Mike Bada, University of Colorado School of Medicine" id="PR_reasoned_2017_04_17_Instance_24917" type="identity">
      <class id="PR_EXT:000010445" label="histone-lysine N-methyltransferase 2A"/>
      <span end="19591" id="16433929-24555" start="19569">mixed lineage leukemia</span>
    </annotation>
    <annotation annotator="Mike Bada, University of Colorado School of Medicine" id="PR_reasoned_2017_04_17_Instance_24919" type="identity">
      <class id="PR_EXT:000010445" label="histone-lysine N-methyltransferase 2A"/>
      <span end="19596" id="16433929-24557" start="19593">Mll</span>
    </annotation>
    <annotation annotator="Mike Bada, University of Colorado School of Medicine" id="PR_reasoned_2017_04_17_Instance_113024" type="identity">
      <class id="CHEBI_PR_EXT:protein" label="protein"/>
      <span end="19840" id="16433929-24012" start="19832">proteins</span>
    </annotation>
    <annotation annotator="Mike Bada, University of Colorado School of Medicine" id="PR_reasoned_2017_04_17_Instance_24787" type="identity">
      <class id="PR_EXT:000005022" label="calpain small subunit 1"/>
      <span end="19925" id="16433929-24455" start="19920">Capn4</span>
    </annotation>
    <annotation annotator="Mike Bada, University of Colorado School of Medicine" id="PR_reasoned_2017_04_17_Instance_24789" type="identity">
      <class id="PR_EXT:000005022" label="calpain small subunit 1"/>
      <span end="20035" id="16433929-24457" start="20030">Capn4</span>
    </annotation>
    <annotation annotator="Mike Bada, University of Colorado School of Medicine" id="PR_reasoned_2017_04_17_Instance_24791" type="identity">
      <class id="PR_EXT:000005022" label="calpain small subunit 1"/>
      <span end="21052" id="16433929-24459" start="21047">Capn4</span>
    </annotation>
    <annotation annotator="Mike Bada, University of Colorado School of Medicine" id="PR_reasoned_2017_04_17_Instance_171679" type="identity">
      <class id="GO_PR_EXT:calpain_1_complex" label="calpain-1 complex"/>
      <span end="21357" id="16433929-24231" start="21355">μ-</span>
      <span end="21371" id="16433929-24232" start="21364">calpain</span>
    </annotation>
    <annotation annotator="Mike Bada, University of Colorado School of Medicine" id="PR_reasoned_2017_04_17_Instance_171580" type="identity">
      <class id="GO_PR_EXT:calpain_2_complex" label="calpain-2 complex"/>
      <span end="21371" id="16433929-24130" start="21362">m-calpain</span>
    </annotation>
    <annotation annotator="Mike Bada, University of Colorado School of Medicine" id="PR_reasoned_2017_04_17_Instance_171681" type="identity">
      <class id="GO_PR_EXT:calpain_1_complex" label="calpain-1 complex"/>
      <span end="21894" id="16433929-24234" start="21892">μ-</span>
      <span end="21908" id="16433929-24235" start="21901">calpain</span>
    </annotation>
    <annotation annotator="Mike Bada, University of Colorado School of Medicine" id="PR_reasoned_2017_04_17_Instance_171582" type="identity">
      <class id="GO_PR_EXT:calpain_2_complex" label="calpain-2 complex"/>
      <span end="21908" id="16433929-24132" start="21899">m-calpain</span>
    </annotation>
    <annotation annotator="Mike Bada, University of Colorado School of Medicine" id="PR_reasoned_2017_04_17_Instance_24793" type="identity">
      <class id="PR_EXT:000005015" label="calpain-2 catalytic subunit"/>
      <span end="22003" id="16433929-24461" start="21998">Capn2</span>
    </annotation>
    <annotation annotator="Mike Bada, University of Colorado School of Medicine" id="PR_reasoned_2017_04_17_Instance_24797" type="identity">
      <class id="PR_EXT:000005009" label="calpain-1 catalytic subunit"/>
      <span end="22103" id="16433929-24465" start="22080">μ-calpain large subunit</span>
    </annotation>
    <annotation annotator="Mike Bada, University of Colorado School of Medicine" id="PR_reasoned_2017_04_17_Instance_24795" type="identity">
      <class id="PR_EXT:000005009" label="calpain-1 catalytic subunit"/>
      <span end="22115" id="16433929-24463" start="22110">Capn1</span>
    </annotation>
    <annotation annotator="Mike Bada, University of Colorado School of Medicine" id="PR_reasoned_2017_04_17_Instance_24799" type="identity">
      <class id="PR_EXT:000005009" label="calpain-1 catalytic subunit"/>
      <span end="22213" id="16433929-24467" start="22208">Capn1</span>
    </annotation>
    <annotation annotator="Mike Bada, University of Colorado School of Medicine" id="PR_reasoned_2017_04_17_Instance_113026" type="identity">
      <class id="CHEBI_PR_EXT:protein" label="protein"/>
      <span end="22343" id="16433929-24014" start="22335">proteins</span>
    </annotation>
    <annotation annotator="Mike Bada, University of Colorado School of Medicine" id="PR_reasoned_2017_04_17_Instance_171685" type="identity">
      <class id="GO_PR_EXT:calpain_1_complex" label="calpain-1 complex"/>
      <span end="22384" id="16433929-24237" start="22382">μ-</span>
      <span end="22398" id="16433929-24238" start="22391">calpain</span>
    </annotation>
    <annotation annotator="Mike Bada, University of Colorado School of Medicine" id="PR_reasoned_2017_04_17_Instance_171584" type="identity">
      <class id="GO_PR_EXT:calpain_2_complex" label="calpain-2 complex"/>
      <span end="22398" id="16433929-24134" start="22389">m-calpain</span>
    </annotation>
    <annotation annotator="Mike Bada, University of Colorado School of Medicine" id="PR_reasoned_2017_04_17_Instance_171687" type="identity">
      <class id="GO_PR_EXT:calpain_1_complex" label="calpain-1 complex"/>
      <span end="22640" id="16433929-24240" start="22631">μ-calpain</span>
    </annotation>
    <annotation annotator="Mike Bada, University of Colorado School of Medicine" id="PR_reasoned_2017_04_17_Instance_171586" type="identity">
      <class id="GO_PR_EXT:calpain_2_complex" label="calpain-2 complex"/>
      <span end="22666" id="16433929-24136" start="22657">m-calpain</span>
    </annotation>
    <annotation annotator="Mike Bada, University of Colorado School of Medicine" id="PR_reasoned_2017_04_17_Instance_171689" type="identity">
      <class id="GO_PR_EXT:calpain_1_complex" label="calpain-1 complex"/>
      <span end="22724" id="16433929-24242" start="22715">μ-calpain</span>
    </annotation>
    <annotation annotator="Mike Bada, University of Colorado School of Medicine" id="PR_reasoned_2017_04_17_Instance_171588" type="identity">
      <class id="GO_PR_EXT:calpain_2_complex" label="calpain-2 complex"/>
      <span end="22748" id="16433929-24138" start="22739">m-calpain</span>
    </annotation>
    <annotation annotator="Mike Bada, University of Colorado School of Medicine" id="PR_reasoned_2017_04_17_Instance_24801" type="identity">
      <class id="PR_EXT:000005009" label="calpain-1 catalytic subunit"/>
      <span end="22923" id="16433929-24469" start="22918">Capn1</span>
    </annotation>
    <annotation annotator="Mike Bada, University of Colorado School of Medicine" id="PR_reasoned_2017_04_17_Instance_171590" type="identity">
      <class id="GO_PR_EXT:calpain_2_complex" label="calpain-2 complex"/>
      <span end="22993" id="16433929-24140" start="22984">m-calpain</span>
    </annotation>
    <annotation annotator="Mike Bada, University of Colorado School of Medicine" id="PR_reasoned_2017_04_17_Instance_171691" type="identity">
      <class id="GO_PR_EXT:calpain_1_complex" label="calpain-1 complex"/>
      <span end="23041" id="16433929-24244" start="23032">μ-calpain</span>
    </annotation>
    <annotation annotator="Mike Bada, University of Colorado School of Medicine" id="PR_reasoned_2017_04_17_Instance_24803" type="identity">
      <class id="PR_EXT:000005015" label="calpain-2 catalytic subunit"/>
      <span end="23099" id="16433929-24471" start="23094">Capn2</span>
    </annotation>
    <annotation annotator="Mike Bada, University of Colorado School of Medicine" id="PR_reasoned_2017_04_17_Instance_171592" type="identity">
      <class id="GO_PR_EXT:calpain_2_complex" label="calpain-2 complex"/>
      <span end="23138" id="16433929-24142" start="23129">m-calpain</span>
    </annotation>
    <annotation annotator="Mike Bada, University of Colorado School of Medicine" id="PR_reasoned_2017_04_17_Instance_171693" type="identity">
      <class id="GO_PR_EXT:calpain_1_complex" label="calpain-1 complex"/>
      <span end="23264" id="16433929-24246" start="23255">μ-calpain</span>
    </annotation>
    <annotation annotator="Mike Bada, University of Colorado School of Medicine" id="PR_reasoned_2017_04_17_Instance_171594" type="identity">
      <class id="GO_PR_EXT:calpain_2_complex" label="calpain-2 complex"/>
      <span end="23278" id="16433929-24144" start="23269">m-calpain</span>
    </annotation>
    <annotation annotator="Mike Bada, University of Colorado School of Medicine" id="PR_reasoned_2017_04_17_Instance_24805" type="identity">
      <class id="PR_EXT:000005015" label="calpain-2 catalytic subunit"/>
      <span end="23356" id="16433929-24473" start="23351">Capn2</span>
    </annotation>
    <annotation annotator="Mike Bada, University of Colorado School of Medicine" id="PR_reasoned_2017_04_17_Instance_24807" type="identity">
      <class id="PR_EXT:000005015" label="calpain-2 catalytic subunit"/>
      <span end="23618" id="16433929-24475" start="23613">Capn2</span>
    </annotation>
    <annotation annotator="Mike Bada, University of Colorado School of Medicine" id="PR_reasoned_2017_04_17_Instance_24809" type="identity">
      <class id="PR_EXT:000005015" label="calpain-2 catalytic subunit"/>
      <span end="24272" id="16433929-24477" start="24267">Capn2</span>
    </annotation>
    <annotation annotator="Mike Bada, University of Colorado School of Medicine" id="PR_reasoned_2017_04_17_Instance_171596" type="identity">
      <class id="GO_PR_EXT:calpain_2_complex" label="calpain-2 complex"/>
      <span end="24341" id="16433929-24146" start="24332">m-calpain</span>
    </annotation>
    <annotation annotator="Mike Bada, University of Colorado School of Medicine" id="PR_reasoned_2017_04_17_Instance_24811" type="identity">
      <class id="PR_EXT:000005015" label="calpain-2 catalytic subunit"/>
      <span end="24417" id="16433929-24479" start="24412">Capn2</span>
    </annotation>
    <annotation annotator="Mike Bada, University of Colorado School of Medicine" id="PR_reasoned_2017_04_17_Instance_171598" type="identity">
      <class id="GO_PR_EXT:calpain_2_complex" label="calpain-2 complex"/>
      <span end="24513" id="16433929-24148" start="24504">m-calpain</span>
    </annotation>
    <annotation annotator="Mike Bada, University of Colorado School of Medicine" id="PR_reasoned_2017_04_17_Instance_113028" type="identity">
      <class id="CHEBI_PR_EXT:protein" label="protein"/>
      <span end="24533" id="16433929-24016" start="24526">protein</span>
    </annotation>
    <annotation annotator="Mike Bada, University of Colorado School of Medicine" id="PR_reasoned_2017_04_17_Instance_171600" type="identity">
      <class id="GO_PR_EXT:calpain_2_complex" label="calpain-2 complex"/>
      <span end="24628" id="16433929-24150" start="24619">m-calpain</span>
    </annotation>
    <annotation annotator="Mike Bada, University of Colorado School of Medicine" id="PR_reasoned_2017_04_17_Instance_171602" type="identity">
      <class id="GO_PR_EXT:calpain_2_complex" label="calpain-2 complex"/>
      <span end="24692" id="16433929-24152" start="24683">m-calpain</span>
    </annotation>
    <annotation annotator="Mike Bada, University of Colorado School of Medicine" id="PR_reasoned_2017_04_17_Instance_24813" type="identity">
      <class id="PR_EXT:000005022" label="calpain small subunit 1"/>
      <span end="24907" id="16433929-24481" start="24902">Capn4</span>
    </annotation>
    <annotation annotator="Mike Bada, University of Colorado School of Medicine" id="PR_reasoned_2017_04_17_Instance_24815" type="identity">
      <class id="PR_EXT:000005022" label="calpain small subunit 1"/>
      <span end="25046" id="16433929-24483" start="25041">Capn4</span>
    </annotation>
    <annotation annotator="Mike Bada, University of Colorado School of Medicine" id="PR_reasoned_2017_04_17_Instance_171695" type="identity">
      <class id="GO_PR_EXT:calpain_1_complex" label="calpain-1 complex"/>
      <span end="25145" id="16433929-24248" start="25143">μ-</span>
      <span end="25159" id="16433929-24249" start="25152">calpain</span>
    </annotation>
    <annotation annotator="Mike Bada, University of Colorado School of Medicine" id="PR_reasoned_2017_04_17_Instance_171604" type="identity">
      <class id="GO_PR_EXT:calpain_2_complex" label="calpain-2 complex"/>
      <span end="25159" id="16433929-24154" start="25150">m-calpain</span>
    </annotation>
    <annotation annotator="Mike Bada, University of Colorado School of Medicine" id="PR_reasoned_2017_04_17_Instance_24817" type="identity">
      <class id="PR_EXT:000005022" label="calpain small subunit 1"/>
      <span end="25248" id="16433929-24485" start="25243">Capn4</span>
    </annotation>
    <annotation annotator="Mike Bada, University of Colorado School of Medicine" id="PR_reasoned_2017_04_17_Instance_113030" type="identity">
      <class id="CHEBI_PR_EXT:protein" label="protein"/>
      <span end="25477" id="16433929-24018" start="25469">proteins</span>
    </annotation>
    <annotation annotator="Mike Bada, University of Colorado School of Medicine" id="PR_reasoned_2017_04_17_Instance_24819" type="identity">
      <class id="PR_EXT:000003035" label="cellular tumor antigen p53"/>
      <span end="25537" id="16433929-24487" start="25534">p53</span>
    </annotation>
    <annotation annotator="Mike Bada, University of Colorado School of Medicine" id="PR_reasoned_2017_04_17_Instance_24821" type="identity">
      <class id="PR_EXT:000000118" label="retinoblastoma-like protein 1"/>
      <span end="25543" id="16433929-24489" start="25539">p107</span>
    </annotation>
    <annotation annotator="Mike Bada, University of Colorado School of Medicine" id="PR_reasoned_2017_04_17_Instance_24823" type="identity">
      <class id="PR_EXT:000005121" label="G1/S-specific cyclin-D1"/>
      <span end="25554" id="16433929-24491" start="25545">cyclin D1</span>
    </annotation>
    <annotation annotator="Mike Bada, University of Colorado School of Medicine" id="PR_reasoned_2017_04_17_Instance_24825" type="identity">
      <class id="PR_EXT:000003090" label="cyclin-dependent kinase inhibitor 1B"/>
      <span end="25567" id="16433929-24493" start="25560">p27kip1</span>
    </annotation>
    <annotation annotator="Mike Bada, University of Colorado School of Medicine" id="PR_reasoned_2017_04_17_Instance_171697" type="identity">
      <class id="GO_PR_EXT:calpain_1_complex" label="calpain-1 complex"/>
      <span end="25728" id="16433929-24251" start="25726">μ-</span>
      <span end="25742" id="16433929-24252" start="25735">calpain</span>
    </annotation>
    <annotation annotator="Mike Bada, University of Colorado School of Medicine" id="PR_reasoned_2017_04_17_Instance_171606" type="identity">
      <class id="GO_PR_EXT:calpain_2_complex" label="calpain-2 complex"/>
      <span end="25742" id="16433929-24156" start="25733">m-calpain</span>
    </annotation>
    <annotation annotator="Mike Bada, University of Colorado School of Medicine" id="PR_reasoned_2017_04_17_Instance_171608" type="identity">
      <class id="GO_PR_EXT:calpain_2_complex" label="calpain-2 complex"/>
      <span end="25819" id="16433929-24158" start="25810">m-calpain</span>
    </annotation>
    <annotation annotator="Mike Bada, University of Colorado School of Medicine" id="PR_reasoned_2017_04_17_Instance_171610" type="identity">
      <class id="GO_PR_EXT:calpain_2_complex" label="calpain-2 complex"/>
      <span end="25915" id="16433929-24160" start="25906">m-calpain</span>
    </annotation>
    <annotation annotator="Mike Bada, University of Colorado School of Medicine" id="PR_reasoned_2017_04_17_Instance_171612" type="identity">
      <class id="GO_PR_EXT:calpain_2_complex" label="calpain-2 complex"/>
      <span end="26069" id="16433929-24162" start="26060">m-calpain</span>
    </annotation>
    <annotation annotator="Mike Bada, University of Colorado School of Medicine" id="PR_reasoned_2017_04_17_Instance_24827" type="identity">
      <class id="PR_EXT:000005022" label="calpain small subunit 1"/>
      <span end="26344" id="16433929-24495" start="26339">Capn4</span>
    </annotation>
    <annotation annotator="Mike Bada, University of Colorado School of Medicine" id="PR_reasoned_2017_04_17_Instance_171707" type="identity">
      <class id="GO_PR_EXT:spectrin" label="spectrin"/>
      <span end="26560" id="16433929-24264" start="26552">spectrin</span>
    </annotation>
    <annotation annotator="Mike Bada, University of Colorado School of Medicine" id="PR_reasoned_2017_04_17_Instance_24829" type="identity">
      <class id="PR_EXT:000005022" label="calpain small subunit 1"/>
      <span end="26741" id="16433929-24497" start="26736">Capn4</span>
    </annotation>
    <annotation annotator="Mike Bada, University of Colorado School of Medicine" id="PR_reasoned_2017_04_17_Instance_24831" type="identity">
      <class id="PR_EXT:000005015" label="calpain-2 catalytic subunit"/>
      <span end="27020" id="16433929-24499" start="27015">Capn2</span>
    </annotation>
    <annotation annotator="Mike Bada, University of Colorado School of Medicine" id="PR_reasoned_2017_04_17_Instance_24833" type="identity">
      <class id="PR_EXT:000005015" label="calpain-2 catalytic subunit"/>
      <span end="27032" id="16433929-24501" start="27027">Capn2</span>
    </annotation>
    <annotation annotator="Mike Bada, University of Colorado School of Medicine" id="PR_reasoned_2017_04_17_Instance_24835" type="identity">
      <class id="PR_EXT:000005015" label="calpain-2 catalytic subunit"/>
      <span end="27260" id="16433929-24503" start="27246">m-80 k subunit</span>
    </annotation>
    <annotation annotator="Mike Bada, University of Colorado School of Medicine" id="PR_reasoned_2017_04_17_Instance_24837" type="identity">
      <class id="PR_EXT:000005015" label="calpain-2 catalytic subunit"/>
      <span end="27273" id="16433929-24505" start="27268">Capn2</span>
    </annotation>
    <annotation annotator="Mike Bada, University of Colorado School of Medicine" id="PR_reasoned_2017_04_17_Instance_171614" type="identity">
      <class id="GO_PR_EXT:calpain_2_complex" label="calpain-2 complex"/>
      <span end="27362" id="16433929-24164" start="27353">m-calpain</span>
    </annotation>
    <annotation annotator="Mike Bada, University of Colorado School of Medicine" id="PR_reasoned_2017_04_17_Instance_24839" type="identity">
      <class id="PR_EXT:000005015" label="calpain-2 catalytic subunit"/>
      <span end="27678" id="16433929-24507" start="27673">Capn2</span>
    </annotation>
    <annotation annotator="Mike Bada, University of Colorado School of Medicine" id="PR_reasoned_2017_04_17_Instance_24841" type="identity">
      <class id="PR_EXT:000005015" label="calpain-2 catalytic subunit"/>
      <span end="27698" id="16433929-24509" start="27693">Capn2</span>
    </annotation>
    <annotation annotator="Mike Bada, University of Colorado School of Medicine" id="PR_reasoned_2017_04_17_Instance_24843" type="identity">
      <class id="PR_EXT:000005022" label="calpain small subunit 1"/>
      <span end="27977" id="16433929-24511" start="27972">Capn4</span>
    </annotation>
    <annotation annotator="Mike Bada, University of Colorado School of Medicine" id="PR_reasoned_2017_04_17_Instance_171699" type="identity">
      <class id="GO_PR_EXT:calpain_1_complex" label="calpain-1 complex"/>
      <span end="28578" id="16433929-24254" start="28576">μ-</span>
      <span end="28592" id="16433929-24255" start="28585">calpain</span>
    </annotation>
    <annotation annotator="Mike Bada, University of Colorado School of Medicine" id="PR_reasoned_2017_04_17_Instance_171616" type="identity">
      <class id="GO_PR_EXT:calpain_2_complex" label="calpain-2 complex"/>
      <span end="28592" id="16433929-24166" start="28583">m-calpain</span>
    </annotation>
    <annotation annotator="Mike Bada, University of Colorado School of Medicine" id="PR_reasoned_2017_04_17_Instance_171618" type="identity">
      <class id="GO_PR_EXT:calpain_2_complex" label="calpain-2 complex"/>
      <span end="28635" id="16433929-24168" start="28626">m-calpain</span>
    </annotation>
    <annotation annotator="Mike Bada, University of Colorado School of Medicine" id="PR_reasoned_2017_04_17_Instance_171701" type="identity">
      <class id="GO_PR_EXT:calpain_1_complex" label="calpain-1 complex"/>
      <span end="28800" id="16433929-24257" start="28791">μ-calpain</span>
    </annotation>
    <annotation annotator="Mike Bada, University of Colorado School of Medicine" id="PR_reasoned_2017_04_17_Instance_171703" type="identity">
      <class id="GO_PR_EXT:calpain_1_complex" label="calpain-1 complex"/>
      <span end="28849" id="16433929-24259" start="28847">μ-</span>
      <span end="28863" id="16433929-24260" start="28856">calpain</span>
    </annotation>
    <annotation annotator="Mike Bada, University of Colorado School of Medicine" id="PR_reasoned_2017_04_17_Instance_171620" type="identity">
      <class id="GO_PR_EXT:calpain_2_complex" label="calpain-2 complex"/>
      <span end="28863" id="16433929-24170" start="28854">m-calpain</span>
    </annotation>
    <annotation annotator="Mike Bada, University of Colorado School of Medicine" id="PR_reasoned_2017_04_17_Instance_171622" type="identity">
      <class id="GO_PR_EXT:calpain_2_complex" label="calpain-2 complex"/>
      <span end="28969" id="16433929-24172" start="28960">m-calpain</span>
    </annotation>
    <annotation annotator="Mike Bada, University of Colorado School of Medicine" id="PR_reasoned_2017_04_17_Instance_24845" type="identity">
      <class id="PR_EXT:000005015" label="calpain-2 catalytic subunit"/>
      <span end="29177" id="16433929-24513" start="29172">Capn2</span>
    </annotation>
    <annotation annotator="Mike Bada, University of Colorado School of Medicine" id="PR_reasoned_2017_04_17_Instance_24847" type="identity">
      <class id="PR_EXT:000005015" label="calpain-2 catalytic subunit"/>
      <span end="29200" id="16433929-24515" start="29195">Capn2</span>
    </annotation>
    <annotation annotator="Mike Bada, University of Colorado School of Medicine" id="PR_reasoned_2017_04_17_Instance_24849" type="identity">
      <class id="PR_EXT:000005015" label="calpain-2 catalytic subunit"/>
      <span end="29264" id="16433929-24517" start="29241">m-calpain large subunit</span>
    </annotation>
    <annotation annotator="Mike Bada, University of Colorado School of Medicine" id="PR_reasoned_2017_04_17_Instance_24851" type="identity">
      <class id="PR_EXT:000005015" label="calpain-2 catalytic subunit"/>
      <span end="29272" id="16433929-24519" start="29266">m-80 k</span>
    </annotation>
    <annotation annotator="Mike Bada, University of Colorado School of Medicine" id="PR_reasoned_2017_04_17_Instance_24853" type="identity">
      <class id="PR_EXT:000005015" label="calpain-2 catalytic subunit"/>
      <span end="29396" id="16433929-24521" start="29382">m-80 k subunit</span>
    </annotation>
    <annotation annotator="Mike Bada, University of Colorado School of Medicine" id="PR_reasoned_2017_04_17_Instance_140522" type="identity">
      <class id="PR_EXT:P23940" label="type-2 restriction enzyme BamHI (Bacillus amyloliquefaciens)"/>
      <span end="29816" id="16433929-24032" start="29811">BamHI</span>
    </annotation>
    <annotation annotator="Mike Bada, University of Colorado School of Medicine" id="PR_reasoned_2017_04_17_Instance_140524" type="identity">
      <class id="PR_EXT:P23940" label="type-2 restriction enzyme BamHI (Bacillus amyloliquefaciens)"/>
      <span end="29844" id="16433929-24034" start="29839">BamHI</span>
    </annotation>
    <annotation annotator="Mike Bada, University of Colorado School of Medicine" id="PR_reasoned_2017_04_17_Instance_24855" type="identity">
      <class id="PR_EXT:000005015" label="calpain-2 catalytic subunit"/>
      <span end="30250" id="16433929-24523" start="30245">Capn2</span>
    </annotation>
    <annotation annotator="Mike Bada, University of Colorado School of Medicine" id="PR_reasoned_2017_04_17_Instance_140526" type="identity">
      <class id="PR_EXT:P23940" label="type-2 restriction enzyme BamHI (Bacillus amyloliquefaciens)"/>
      <span end="30329" id="16433929-24036" start="30324">BamHI</span>
    </annotation>
    <annotation annotator="Mike Bada, University of Colorado School of Medicine" id="PR_reasoned_2017_04_17_Instance_140590" type="identity">
      <class id="PR_EXT:P43870" label="type-2 restriction enzyme HindIII (Haemophilus influenzae Rd KW20)"/>
      <span end="30337" id="16433929-24060" start="30330">HindIII</span>
    </annotation>
    <annotation annotator="Mike Bada, University of Colorado School of Medicine" id="PR_reasoned_2017_04_17_Instance_24857" type="identity">
      <class id="PR_EXT:000005015" label="calpain-2 catalytic subunit"/>
      <span end="30378" id="16433929-24525" start="30373">Capn2</span>
    </annotation>
    <annotation annotator="Mike Bada, University of Colorado School of Medicine" id="PR_reasoned_2017_04_17_Instance_140592" type="identity">
      <class id="PR_EXT:P43870" label="type-2 restriction enzyme HindIII (Haemophilus influenzae Rd KW20)"/>
      <span end="30619" id="16433929-24062" start="30612">HindIII</span>
    </annotation>
    <annotation annotator="Mike Bada, University of Colorado School of Medicine" id="PR_reasoned_2017_04_17_Instance_140528" type="identity">
      <class id="PR_EXT:P23940" label="type-2 restriction enzyme BamHI (Bacillus amyloliquefaciens)"/>
      <span end="30625" id="16433929-24038" start="30620">BamHI</span>
    </annotation>
    <annotation annotator="Mike Bada, University of Colorado School of Medicine" id="PR_reasoned_2017_04_17_Instance_140530" type="identity">
      <class id="PR_EXT:P23940" label="type-2 restriction enzyme BamHI (Bacillus amyloliquefaciens)"/>
      <span end="30766" id="16433929-24040" start="30761">BamHI</span>
    </annotation>
    <annotation annotator="Mike Bada, University of Colorado School of Medicine" id="PR_reasoned_2017_04_17_Instance_140532" type="identity">
      <class id="PR_EXT:P23940" label="type-2 restriction enzyme BamHI (Bacillus amyloliquefaciens)"/>
      <span end="30840" id="16433929-24042" start="30835">BamHI</span>
    </annotation>
    <annotation annotator="Mike Bada, University of Colorado School of Medicine" id="PR_reasoned_2017_04_17_Instance_140534" type="identity">
      <class id="PR_EXT:P23940" label="type-2 restriction enzyme BamHI (Bacillus amyloliquefaciens)"/>
      <span end="30912" id="16433929-24044" start="30907">BamHI</span>
    </annotation>
    <annotation annotator="Mike Bada, University of Colorado School of Medicine" id="PR_reasoned_2017_04_17_Instance_140594" type="identity">
      <class id="PR_EXT:P43870" label="type-2 restriction enzyme HindIII (Haemophilus influenzae Rd KW20)"/>
      <span end="31116" id="16433929-24064" start="31109">HindIII</span>
    </annotation>
    <annotation annotator="Mike Bada, University of Colorado School of Medicine" id="PR_reasoned_2017_04_17_backup_Instance_580" type="identity">
      <class id="GO_PR_EXT:thymidine_kinase" label="thymidine kinase"/>
      <span end="31219" id="16433929-24000" start="31203">thymidine kinase</span>
    </annotation>
    <annotation annotator="Mike Bada, University of Colorado School of Medicine" id="PR_reasoned_2017_04_17_backup_Instance_582" type="identity">
      <class id="GO_PR_EXT:thymidine_kinase" label="thymidine kinase"/>
      <span end="31223" id="16433929-24002" start="31221">tk</span>
    </annotation>
    <annotation annotator="Mike Bada, University of Colorado School of Medicine" id="PR_reasoned_2017_04_17_Instance_24859" type="identity">
      <class id="PR_EXT:000005015" label="calpain-2 catalytic subunit"/>
      <span end="31300" id="16433929-24527" start="31295">Capn2</span>
    </annotation>
    <annotation annotator="Mike Bada, University of Colorado School of Medicine" id="PR_reasoned_2017_04_17_Instance_24861" type="identity">
      <class id="PR_EXT:000005015" label="calpain-2 catalytic subunit"/>
      <span end="31323" id="16433929-24529" start="31318">Capn2</span>
    </annotation>
    <annotation annotator="Mike Bada, University of Colorado School of Medicine" id="PR_reasoned_2017_04_17_Instance_24863" type="identity">
      <class id="PR_EXT:000005015" label="calpain-2 catalytic subunit"/>
      <span end="31357" id="16433929-24531" start="31343">m-80 k subunit</span>
    </annotation>
    <annotation annotator="Mike Bada, University of Colorado School of Medicine" id="PR_reasoned_2017_04_17_Instance_24865" type="identity">
      <class id="PR_EXT:000005015" label="calpain-2 catalytic subunit"/>
      <span end="31780" id="16433929-24533" start="31775">Capn2</span>
    </annotation>
    <annotation annotator="Mike Bada, University of Colorado School of Medicine" id="PR_reasoned_2017_04_17_Instance_140536" type="identity">
      <class id="PR_EXT:P23940" label="type-2 restriction enzyme BamHI (Bacillus amyloliquefaciens)"/>
      <span end="31957" id="16433929-24046" start="31952">BamHI</span>
    </annotation>
    <annotation annotator="Mike Bada, University of Colorado School of Medicine" id="PR_reasoned_2017_04_17_Instance_140538" type="identity">
      <class id="PR_EXT:P23940" label="type-2 restriction enzyme BamHI (Bacillus amyloliquefaciens)"/>
      <span end="32011" id="16433929-24048" start="32006">BamHI</span>
    </annotation>
    <annotation annotator="Mike Bada, University of Colorado School of Medicine" id="PR_reasoned_2017_04_17_Instance_24867" type="identity">
      <class id="PR_EXT:000005015" label="calpain-2 catalytic subunit"/>
      <span end="33545" id="16433929-24535" start="33540">Capn2</span>
    </annotation>
    <annotation annotator="Mike Bada, University of Colorado School of Medicine" id="PR_reasoned_2017_04_17_Instance_24869" type="identity">
      <class id="PR_EXT:000005015" label="calpain-2 catalytic subunit"/>
      <span end="34330" id="16433929-24537" start="34325">Capn2</span>
    </annotation>
    <annotation annotator="Mike Bada, University of Colorado School of Medicine" id="PR_reasoned_2017_04_17_Instance_140540" type="identity">
      <class id="PR_EXT:P23940" label="type-2 restriction enzyme BamHI (Bacillus amyloliquefaciens)"/>
      <span end="34480" id="16433929-24050" start="34475">BamHI</span>
    </annotation>
    <annotation annotator="Mike Bada, University of Colorado School of Medicine" id="PR_reasoned_2017_04_17_Instance_140542" type="identity">
      <class id="PR_EXT:P23940" label="type-2 restriction enzyme BamHI (Bacillus amyloliquefaciens)"/>
      <span end="34566" id="16433929-24052" start="34561">BamHI</span>
    </annotation>
    <annotation annotator="Mike Bada, University of Colorado School of Medicine" id="PR_reasoned_2017_04_17_Instance_140596" type="identity">
      <class id="PR_EXT:P43870" label="type-2 restriction enzyme HindIII (Haemophilus influenzae Rd KW20)"/>
      <span end="34574" id="16433929-24066" start="34567">HindIII</span>
    </annotation>
    <annotation annotator="Mike Bada, University of Colorado School of Medicine" id="PR_reasoned_2017_04_17_Instance_24871" type="identity">
      <class id="PR_EXT:000005015" label="calpain-2 catalytic subunit"/>
      <span end="35701" id="16433929-24539" start="35696">Capn2</span>
    </annotation>
    <annotation annotator="Mike Bada, University of Colorado School of Medicine" id="PR_reasoned_2017_04_17_Instance_24873" type="identity">
      <class id="PR_EXT:000006928" label="pro-epidermal growth factor"/>
      <span end="38353" id="16433929-24541" start="38350">EGF</span>
    </annotation>
    <annotation annotator="Mike Bada, University of Colorado School of Medicine" id="PR_reasoned_2017_04_17_Instance_24875" type="identity">
      <class id="PR_EXT:000006928" label="pro-epidermal growth factor"/>
      <span end="38378" id="16433929-24543" start="38355">Epidermal growth factor</span>
    </annotation>
    <annotation annotator="Mike Bada, University of Colorado School of Medicine" id="PR_reasoned_2017_04_17_Instance_24877" type="identity">
      <class id="PR_EXT:000005015" label="calpain-2 catalytic subunit"/>
      <span end="38526" id="16433929-24545" start="38521">Capn2</span>
    </annotation>
    <annotation annotator="Mike Bada, University of Colorado School of Medicine" id="PR_reasoned_2017_04_17_Instance_24879" type="identity">
      <class id="PR_EXT:000005015" label="calpain-2 catalytic subunit"/>
      <span end="39073" id="16433929-24547" start="39068">Capn2</span>
    </annotation>
    <annotation annotator="Mike Bada, University of Colorado School of Medicine" id="PR_reasoned_2017_04_17_Instance_140544" type="identity">
      <class id="PR_EXT:P23940" label="type-2 restriction enzyme BamHI (Bacillus amyloliquefaciens)"/>
      <span end="39260" id="16433929-24054" start="39255">BamHI</span>
    </annotation>
    <annotation annotator="Mike Bada, University of Colorado School of Medicine" id="PR_reasoned_2017_04_17_Instance_140546" type="identity">
      <class id="PR_EXT:P23940" label="type-2 restriction enzyme BamHI (Bacillus amyloliquefaciens)"/>
      <span end="39344" id="16433929-24056" start="39339">BamHI</span>
    </annotation>
    <annotation annotator="Mike Bada, University of Colorado School of Medicine" id="PR_reasoned_2017_04_17_Instance_24881" type="identity">
      <class id="PR_EXT:000005015" label="calpain-2 catalytic subunit"/>
      <span end="39422" id="16433929-24549" start="39417">Capn2</span>
    </annotation>
    <annotation annotator="Mike Bada, University of Colorado School of Medicine" id="PR_reasoned_2017_04_17_Instance_24883" type="identity">
      <class id="PR_EXT:000005015" label="calpain-2 catalytic subunit"/>
      <span end="39572" id="16433929-24551" start="39567">Capn2</span>
    </annotation>
    <annotation annotator="Mike Bada, University of Colorado School of Medicine" id="PR_reasoned_2017_04_17_Instance_24885" type="identity">
      <class id="PR_EXT:000005015" label="calpain-2 catalytic subunit"/>
      <span end="39847" id="16433929-24553" start="39842">Capn2</span>
    </annotation>
    <graph-space id="Old Knowtator Relations"/>
  </document>
</knowtator-project>
