<?xml version="1.0" encoding="UTF-8" standalone="no"?>
<knowtator-project>
  <document id="16462940" text-file="16462940.txt">
    <annotation annotator="Mike Bada, University of Colorado School of Medicine" id="PR_reasoned_2017_04_17_Instance_24921" type="identity">
      <class id="PR_EXT:000004155" label="apolipoprotein E"/>
      <span end="604" id="16462940-24567" start="588">apolipoprotein E</span>
    </annotation>
    <annotation annotator="Mike Bada, University of Colorado School of Medicine" id="PR_reasoned_2017_04_17_Instance_24923" type="identity">
      <class id="PR_EXT:000004155" label="apolipoprotein E"/>
      <span end="615" id="16462940-24569" start="611">ApoE</span>
    </annotation>
    <annotation annotator="Mike Bada, University of Colorado School of Medicine" id="PR_reasoned_2017_04_17_Instance_24925" type="identity">
      <class id="PR_EXT:000004155" label="apolipoprotein E"/>
      <span end="645" id="16462940-24571" start="641">ApoE</span>
    </annotation>
    <annotation annotator="Mike Bada, University of Colorado School of Medicine" id="PR_reasoned_2017_04_17_Instance_130054" type="identity">
      <class id="PR_EXT:000045358" label="insulin family protein"/>
      <span end="3220" id="16462940-24565" start="3213">insulin</span>
    </annotation>
    <annotation annotator="Mike Bada, University of Colorado School of Medicine" id="PR_reasoned_2017_04_17_Instance_24927" type="identity">
      <class id="PR_EXT:000004155" label="apolipoprotein E"/>
      <span end="5602" id="16462940-24573" start="5586">apolipoprotein E</span>
    </annotation>
    <annotation annotator="Mike Bada, University of Colorado School of Medicine" id="PR_reasoned_2017_04_17_Instance_24929" type="identity">
      <class id="PR_EXT:000004155" label="apolipoprotein E"/>
      <span end="5613" id="16462940-24575" start="5609">ApoE</span>
    </annotation>
    <annotation annotator="Mike Bada, University of Colorado School of Medicine" id="PR_reasoned_2017_04_17_Instance_24931" type="identity">
      <class id="PR_EXT:000004155" label="apolipoprotein E"/>
      <span end="5642" id="16462940-24577" start="5638">ApoE</span>
    </annotation>
    <annotation annotator="Mike Bada, University of Colorado School of Medicine" id="PR_reasoned_2017_04_17_Instance_24933" type="identity">
      <class id="PR_EXT:000004155" label="apolipoprotein E"/>
      <span end="6204" id="16462940-24579" start="6200">ApoE</span>
    </annotation>
    <annotation annotator="Mike Bada, University of Colorado School of Medicine" id="PR_reasoned_2017_04_17_Instance_24935" type="identity">
      <class id="PR_EXT:000004155" label="apolipoprotein E"/>
      <span end="6220" id="16462940-24581" start="6216">ApoE</span>
    </annotation>
    <annotation annotator="Mike Bada, University of Colorado School of Medicine" id="PR_reasoned_2017_04_17_Instance_24937" type="identity">
      <class id="PR_EXT:000004155" label="apolipoprotein E"/>
      <span end="6251" id="16462940-24583" start="6247">ApoE</span>
    </annotation>
    <annotation annotator="Mike Bada, University of Colorado School of Medicine" id="PR_reasoned_2017_04_17_Instance_24939" type="identity">
      <class id="PR_EXT:000004155" label="apolipoprotein E"/>
      <span end="6414" id="16462940-24585" start="6410">ApoE</span>
    </annotation>
    <annotation annotator="Mike Bada, University of Colorado School of Medicine" id="PR_reasoned_2017_04_17_Instance_24941" type="identity">
      <class id="PR_EXT:000004155" label="apolipoprotein E"/>
      <span end="6448" id="16462940-24587" start="6444">ApoE</span>
    </annotation>
    <annotation annotator="Mike Bada, University of Colorado School of Medicine" id="PR_reasoned_2017_04_17_Instance_24943" type="identity">
      <class id="PR_EXT:000004155" label="apolipoprotein E"/>
      <span end="13867" id="16462940-24589" start="13863">ApoE</span>
    </annotation>
    <annotation annotator="Mike Bada, University of Colorado School of Medicine" id="PR_reasoned_2017_04_17_Instance_24945" type="identity">
      <class id="PR_EXT:000004155" label="apolipoprotein E"/>
      <span end="24151" id="16462940-24591" start="24147">ApoE</span>
    </annotation>
    <annotation annotator="Mike Bada, University of Colorado School of Medicine" id="PR_reasoned_2017_04_17_Instance_113032" type="identity">
      <class id="CHEBI_PR_EXT:protein" label="protein"/>
      <span end="31056" id="16462940-24563" start="31049">protein</span>
    </annotation>
    <annotation annotator="Mike Bada, University of Colorado School of Medicine" id="PR_reasoned_2017_04_17_Instance_24947" type="identity">
      <class id="PR_EXT:000004155" label="apolipoprotein E"/>
      <span end="32470" id="16462940-24593" start="32466">ApoE</span>
    </annotation>
    <annotation annotator="Mike Bada, University of Colorado School of Medicine" id="PR_reasoned_2017_04_17_Instance_24949" type="identity">
      <class id="PR_EXT:000004155" label="apolipoprotein E"/>
      <span end="32482" id="16462940-24595" start="32478">ApoE</span>
    </annotation>
    <annotation annotator="Mike Bada, University of Colorado School of Medicine" id="PR_reasoned_2017_04_17_Instance_24951" type="identity">
      <class id="PR_EXT:000004155" label="apolipoprotein E"/>
      <span end="32574" id="16462940-24597" start="32570">ApoE</span>
    </annotation>
    <annotation annotator="Mike Bada, University of Colorado School of Medicine" id="PR_reasoned_2017_04_17_Instance_24953" type="identity">
      <class id="PR_EXT:000004155" label="apolipoprotein E"/>
      <span end="32587" id="16462940-24599" start="32583">ApoE</span>
    </annotation>
    <annotation annotator="Mike Bada, University of Colorado School of Medicine" id="PR_reasoned_2017_04_17_Instance_24955" type="identity">
      <class id="PR_EXT:000004155" label="apolipoprotein E"/>
      <span end="32630" id="16462940-24601" start="32626">ApoE</span>
    </annotation>
    <annotation annotator="Mike Bada, University of Colorado School of Medicine" id="PR_reasoned_2017_04_17_Instance_24957" type="identity">
      <class id="PR_EXT:000004155" label="apolipoprotein E"/>
      <span end="32730" id="16462940-24603" start="32726">ApoE</span>
    </annotation>
    <annotation annotator="Mike Bada, University of Colorado School of Medicine" id="PR_reasoned_2017_04_17_Instance_24959" type="identity">
      <class id="PR_EXT:000004155" label="apolipoprotein E"/>
      <span end="32746" id="16462940-24605" start="32742">ApoE</span>
    </annotation>
    <annotation annotator="Mike Bada, University of Colorado School of Medicine" id="PR_reasoned_2017_04_17_Instance_24961" type="identity">
      <class id="PR_EXT:000004155" label="apolipoprotein E"/>
      <span end="44071" id="16462940-24607" start="44067">ApoE</span>
    </annotation>
    <annotation annotator="Mike Bada, University of Colorado School of Medicine" id="PR_reasoned_2017_04_17_Instance_24963" type="identity">
      <class id="PR_EXT:000004155" label="apolipoprotein E"/>
      <span end="44125" id="16462940-24609" start="44121">ApoE</span>
    </annotation>
    <annotation annotator="Mike Bada, University of Colorado School of Medicine" id="PR_reasoned_2017_04_17_Instance_24965" type="identity">
      <class id="PR_EXT:000004155" label="apolipoprotein E"/>
      <span end="44147" id="16462940-24611" start="44131">apolipoprotein E</span>
    </annotation>
    <annotation annotator="Mike Bada, University of Colorado School of Medicine" id="PR_reasoned_2017_04_17_Instance_24967" type="identity">
      <class id="PR_EXT:000004155" label="apolipoprotein E"/>
      <span end="49492" id="16462940-24613" start="49488">ApoE</span>
    </annotation>
    <graph-space id="Old Knowtator Relations"/>
  </document>
</knowtator-project>
