<?xml version="1.0" encoding="UTF-8" standalone="no"?>
<knowtator-project>
  <document id="16504143" text-file="16504143.txt">
    <annotation annotator="Mike Bada, University of Colorado School of Medicine" id="PR_reasoned_2017_04_17_Instance_24969" type="identity">
      <class id="PR_EXT:000003710" label="disintegrin and metalloproteinase domain-containing protein 11"/>
      <span end="61" id="16504143-24665" start="55">ADAM11</span>
    </annotation>
    <annotation annotator="Mike Bada, University of Colorado School of Medicine" id="PR_reasoned_2017_04_17_Instance_24971" type="identity">
      <class id="PR_EXT:000003710" label="disintegrin and metalloproteinase domain-containing protein 11"/>
      <span end="106" id="16504143-24667" start="100">ADAM11</span>
    </annotation>
    <annotation annotator="Mike Bada, University of Colorado School of Medicine" id="PR_reasoned_2017_04_17_Instance_24973" type="identity">
      <class id="PR_EXT:000003710" label="disintegrin and metalloproteinase domain-containing protein 11"/>
      <span end="371" id="16504143-24669" start="365">ADAM11</span>
    </annotation>
    <annotation annotator="Mike Bada, University of Colorado School of Medicine" id="PR_reasoned_2017_04_17_Instance_24975" type="identity">
      <class id="PR_EXT:000003710" label="disintegrin and metalloproteinase domain-containing protein 11"/>
      <span end="392" id="16504143-24671" start="386">ADAM11</span>
    </annotation>
    <annotation annotator="Mike Bada, University of Colorado School of Medicine" id="PR_reasoned_2017_04_17_Instance_24977" type="identity">
      <class id="PR_EXT:000003710" label="disintegrin and metalloproteinase domain-containing protein 11"/>
      <span end="452" id="16504143-24673" start="446">ADAM11</span>
    </annotation>
    <annotation annotator="Mike Bada, University of Colorado School of Medicine" id="PR_reasoned_2017_04_17_Instance_24979" type="identity">
      <class id="PR_EXT:000003710" label="disintegrin and metalloproteinase domain-containing protein 11"/>
      <span end="608" id="16504143-24675" start="602">ADAM11</span>
    </annotation>
    <annotation annotator="Mike Bada, University of Colorado School of Medicine" id="PR_reasoned_2017_04_17_Instance_24981" type="identity">
      <class id="PR_EXT:000003710" label="disintegrin and metalloproteinase domain-containing protein 11"/>
      <span end="687" id="16504143-24677" start="681">ADAM11</span>
    </annotation>
    <annotation annotator="Mike Bada, University of Colorado School of Medicine" id="PR_reasoned_2017_04_17_Instance_24983" type="identity">
      <class id="PR_EXT:000003710" label="disintegrin and metalloproteinase domain-containing protein 11"/>
      <span end="961" id="16504143-24679" start="955">ADAM11</span>
    </annotation>
    <annotation annotator="Mike Bada, University of Colorado School of Medicine" id="PR_reasoned_2017_04_17_Instance_24985" type="identity">
      <class id="PR_EXT:000003710" label="disintegrin and metalloproteinase domain-containing protein 11"/>
      <span end="1023" id="16504143-24681" start="1017">ADAM11</span>
    </annotation>
    <annotation annotator="Mike Bada, University of Colorado School of Medicine" id="PR_reasoned_2017_04_17_Instance_24987" type="identity">
      <class id="PR_EXT:000003710" label="disintegrin and metalloproteinase domain-containing protein 11"/>
      <span end="1161" id="16504143-24683" start="1155">ADAM11</span>
    </annotation>
    <annotation annotator="Mike Bada, University of Colorado School of Medicine" id="PR_reasoned_2017_04_17_Instance_113034" type="identity">
      <class id="CHEBI_PR_EXT:protein" label="protein"/>
      <span end="1454" id="16504143-24621" start="1446">proteins</span>
    </annotation>
    <annotation annotator="Mike Bada, University of Colorado School of Medicine" id="PR_reasoned_2017_04_17_Instance_24989" type="identity">
      <class id="PR_EXT:000001278" label="disintegrin and metalloproteinase domain-containing protein 10"/>
      <span end="1822" id="16504143-24685" start="1816">ADAM10</span>
    </annotation>
    <annotation annotator="Mike Bada, University of Colorado School of Medicine" id="PR_reasoned_2017_04_17_Instance_24991" type="identity">
      <class id="PR_EXT:000001279" label="ADAM 17 endopeptidase"/>
      <span end="1830" id="16504143-24687" start="1824">ADAM17</span>
    </annotation>
    <annotation annotator="Mike Bada, University of Colorado School of Medicine" id="PR_reasoned_2017_04_17_Instance_24993" type="identity">
      <class id="PR_EXT:000003714" label="disintegrin and metalloproteinase domain-containing protein 19"/>
      <span end="1841" id="16504143-24689" start="1835">ADAM19</span>
    </annotation>
    <annotation annotator="Mike Bada, University of Colorado School of Medicine" id="PR_reasoned_2017_04_17_Instance_24995" type="identity">
      <class id="PR_EXT:000001280" label="disintegrin and metalloproteinase domain-containing protein 8"/>
      <span end="1980" id="16504143-24691" start="1975">ADAM8</span>
    </annotation>
    <annotation annotator="Mike Bada, University of Colorado School of Medicine" id="PR_reasoned_2017_04_17_Instance_24997" type="identity">
      <class id="PR_EXT:000003725" label="disintegrin and metalloproteinase domain-containing protein 9"/>
      <span end="1987" id="16504143-24693" start="1982">ADAM9</span>
    </annotation>
    <annotation annotator="Mike Bada, University of Colorado School of Medicine" id="PR_reasoned_2017_04_17_Instance_24999" type="identity">
      <class id="PR_EXT:000003711" label="disintegrin and metalloproteinase domain-containing protein 12"/>
      <span end="1995" id="16504143-24695" start="1989">ADAM12</span>
    </annotation>
    <annotation annotator="Mike Bada, University of Colorado School of Medicine" id="PR_reasoned_2017_04_17_Instance_25001" type="identity">
      <class id="PR_EXT:000003712" label="disintegrin and metalloproteinase domain-containing protein 15"/>
      <span end="2006" id="16504143-24697" start="2000">ADAM15</span>
    </annotation>
    <annotation annotator="Mike Bada, University of Colorado School of Medicine" id="PR_reasoned_2017_04_17_Instance_80002" type="identity">
      <class id="GO_PR_EXT:integrin" label="integrin"/>
      <span end="2259" id="16504143-24918" start="2251">integrin</span>
    </annotation>
    <annotation annotator="Mike Bada, University of Colorado School of Medicine" id="PR_reasoned_2017_04_17_Instance_80004" type="identity">
      <class id="GO_PR_EXT:integrin" label="integrin"/>
      <span end="2356" id="16504143-24920" start="2348">integrin</span>
    </annotation>
    <annotation annotator="Mike Bada, University of Colorado School of Medicine" id="PR_reasoned_2017_04_17_Instance_25005" type="identity">
      <class id="PR_EXT:000003714" label="disintegrin and metalloproteinase domain-containing protein 19"/>
      <span end="2468" id="16504143-24701" start="2462">unc-71</span>
    </annotation>
    <annotation annotator="Mike Bada, University of Colorado School of Medicine" id="PR_reasoned_2017_04_17_Instance_113036" type="identity">
      <class id="CHEBI_PR_EXT:protein" label="protein"/>
      <span end="2508" id="16504143-24623" start="2501">protein</span>
    </annotation>
    <annotation annotator="Mike Bada, University of Colorado School of Medicine" id="PR_reasoned_2017_04_17_Instance_25003" type="identity">
      <class id="PR_EXT:000003715" label="disintegrin and metalloproteinase domain-containing protein 2"/>
      <span end="2734" id="16504143-24699" start="2729">Adam2</span>
    </annotation>
    <annotation annotator="Mike Bada, University of Colorado School of Medicine" id="PR_reasoned_2017_04_17_Instance_25007" type="identity">
      <class id="PR_EXT:000003710" label="disintegrin and metalloproteinase domain-containing protein 11"/>
      <span end="2931" id="16504143-24703" start="2925">ADAM11</span>
    </annotation>
    <annotation annotator="Mike Bada, University of Colorado School of Medicine" id="PR_reasoned_2017_04_17_Instance_25009" type="identity">
      <class id="PR_EXT:000003718" label="disintegrin and metalloproteinase domain-containing protein 22"/>
      <span end="2939" id="16504143-24705" start="2933">ADAM22</span>
    </annotation>
    <annotation annotator="Mike Bada, University of Colorado School of Medicine" id="PR_reasoned_2017_04_17_Instance_25011" type="identity">
      <class id="PR_EXT:000003719" label="disintegrin and metalloproteinase domain-containing protein 23"/>
      <span end="2950" id="16504143-24707" start="2944">ADAM23</span>
    </annotation>
    <annotation annotator="Mike Bada, University of Colorado School of Medicine" id="PR_reasoned_2017_04_17_Instance_80006" type="identity">
      <class id="GO_PR_EXT:integrin" label="integrin"/>
      <span end="3296" id="16504143-24922" start="3287">integrins</span>
    </annotation>
    <annotation annotator="Mike Bada, University of Colorado School of Medicine" id="PR_reasoned_2017_04_17_Instance_113038" type="identity">
      <class id="CHEBI_PR_EXT:protein" label="protein"/>
      <span end="3319" id="16504143-24625" start="3311">proteins</span>
    </annotation>
    <annotation annotator="Mike Bada, University of Colorado School of Medicine" id="PR_reasoned_2017_04_17_Instance_25013" type="identity">
      <class id="PR_EXT:000003718" label="disintegrin and metalloproteinase domain-containing protein 22"/>
      <span end="3510" id="16504143-24709" start="3504">Adam22</span>
    </annotation>
    <annotation annotator="Mike Bada, University of Colorado School of Medicine" id="PR_reasoned_2017_04_17_Instance_25015" type="identity">
      <class id="PR_EXT:000003719" label="disintegrin and metalloproteinase domain-containing protein 23"/>
      <span end="3584" id="16504143-24711" start="3578">Adam23</span>
    </annotation>
    <annotation annotator="Mike Bada, University of Colorado School of Medicine" id="PR_reasoned_2017_04_17_Instance_25017" type="identity">
      <class id="PR_EXT:000003718" label="disintegrin and metalloproteinase domain-containing protein 22"/>
      <span end="3778" id="16504143-24713" start="3772">Adam22</span>
    </annotation>
    <annotation annotator="Mike Bada, University of Colorado School of Medicine" id="PR_reasoned_2017_04_17_Instance_25019" type="identity">
      <class id="PR_EXT:000003719" label="disintegrin and metalloproteinase domain-containing protein 23"/>
      <span end="3794" id="16504143-24715" start="3788">Adam23</span>
    </annotation>
    <annotation annotator="Mike Bada, University of Colorado School of Medicine" id="PR_reasoned_2017_04_17_Instance_25021" type="identity">
      <class id="PR_EXT:000003710" label="disintegrin and metalloproteinase domain-containing protein 11"/>
      <span end="3813" id="16504143-24717" start="3807">ADAM11</span>
    </annotation>
    <annotation annotator="Mike Bada, University of Colorado School of Medicine" id="PR_reasoned_2017_04_17_Instance_25023" type="identity">
      <class id="PR_EXT:000003718" label="disintegrin and metalloproteinase domain-containing protein 22"/>
      <span end="3846" id="16504143-24719" start="3840">ADAM22</span>
    </annotation>
    <annotation annotator="Mike Bada, University of Colorado School of Medicine" id="PR_reasoned_2017_04_17_Instance_25025" type="identity">
      <class id="PR_EXT:000003719" label="disintegrin and metalloproteinase domain-containing protein 23"/>
      <span end="3857" id="16504143-24721" start="3851">ADAM23</span>
    </annotation>
    <annotation annotator="Mike Bada, University of Colorado School of Medicine" id="PR_reasoned_2017_04_17_Instance_25027" type="identity">
      <class id="PR_EXT:000003710" label="disintegrin and metalloproteinase domain-containing protein 11"/>
      <span end="3979" id="16504143-24723" start="3973">ADAM11</span>
    </annotation>
    <annotation annotator="Mike Bada, University of Colorado School of Medicine" id="PR_reasoned_2017_04_17_Instance_25029" type="identity">
      <class id="PR_EXT:000003710" label="disintegrin and metalloproteinase domain-containing protein 11"/>
      <span end="4219" id="16504143-24725" start="4213">Adam11</span>
    </annotation>
    <annotation annotator="Mike Bada, University of Colorado School of Medicine" id="PR_reasoned_2017_04_17_Instance_25031" type="identity">
      <class id="PR_EXT:000003710" label="disintegrin and metalloproteinase domain-containing protein 11"/>
      <span end="4343" id="16504143-24727" start="4337">ADAM11</span>
    </annotation>
    <annotation annotator="Mike Bada, University of Colorado School of Medicine" id="PR_reasoned_2017_04_17_Instance_80008" type="identity">
      <class id="GO_PR_EXT:integrin" label="integrin"/>
      <span end="4358" id="16504143-24924" start="4350">integrin</span>
    </annotation>
    <annotation annotator="Mike Bada, University of Colorado School of Medicine" id="PR_reasoned_2017_04_17_Instance_25033" type="identity">
      <class id="PR_EXT:000003718" label="disintegrin and metalloproteinase domain-containing protein 22"/>
      <span end="4430" id="16504143-24729" start="4424">ADAM22</span>
    </annotation>
    <annotation annotator="Mike Bada, University of Colorado School of Medicine" id="PR_reasoned_2017_04_17_Instance_25035" type="identity">
      <class id="PR_EXT:000003719" label="disintegrin and metalloproteinase domain-containing protein 23"/>
      <span end="4441" id="16504143-24731" start="4435">ADAM23</span>
    </annotation>
    <annotation annotator="Mike Bada, University of Colorado School of Medicine" id="PR_reasoned_2017_04_17_Instance_25037" type="identity">
      <class id="PR_EXT:000003710" label="disintegrin and metalloproteinase domain-containing protein 11"/>
      <span end="4493" id="16504143-24733" start="4487">ADAM11</span>
    </annotation>
    <annotation annotator="Mike Bada, University of Colorado School of Medicine" id="PR_reasoned_2017_04_17_Instance_25039" type="identity">
      <class id="PR_EXT:000003710" label="disintegrin and metalloproteinase domain-containing protein 11"/>
      <span end="4527" id="16504143-24735" start="4521">Adam11</span>
    </annotation>
    <annotation annotator="Mike Bada, University of Colorado School of Medicine" id="PR_reasoned_2017_04_17_Instance_25041" type="identity">
      <class id="PR_EXT:000003710" label="disintegrin and metalloproteinase domain-containing protein 11"/>
      <span end="4578" id="16504143-24737" start="4572">ADAM11</span>
    </annotation>
    <annotation annotator="Mike Bada, University of Colorado School of Medicine" id="PR_reasoned_2017_04_17_Instance_25043" type="identity">
      <class id="PR_EXT:000003710" label="disintegrin and metalloproteinase domain-containing protein 11"/>
      <span end="4644" id="16504143-24739" start="4638">Adam11</span>
    </annotation>
    <annotation annotator="Mike Bada, University of Colorado School of Medicine" id="PR_reasoned_2017_04_17_Instance_113040" type="identity">
      <class id="CHEBI_PR_EXT:protein" label="protein"/>
      <span end="4881" id="16504143-24627" start="4874">protein</span>
    </annotation>
    <annotation annotator="Mike Bada, University of Colorado School of Medicine" id="PR_reasoned_2017_04_17_Instance_25045" type="identity">
      <class id="PR_EXT:000003710" label="disintegrin and metalloproteinase domain-containing protein 11"/>
      <span end="4927" id="16504143-24741" start="4921">ADAM11</span>
    </annotation>
    <annotation annotator="Mike Bada, University of Colorado School of Medicine" id="PR_reasoned_2017_04_17_Instance_113042" type="identity">
      <class id="CHEBI_PR_EXT:protein" label="protein"/>
      <span end="4935" id="16504143-24629" start="4928">protein</span>
    </annotation>
    <annotation annotator="Mike Bada, University of Colorado School of Medicine" id="PR_reasoned_2017_04_17_Instance_113044" type="identity">
      <class id="CHEBI_PR_EXT:protein" label="protein"/>
      <span end="5003" id="16504143-24631" start="4996">protein</span>
    </annotation>
    <annotation annotator="Mike Bada, University of Colorado School of Medicine" id="PR_reasoned_2017_04_17_Instance_113046" type="identity">
      <class id="CHEBI_PR_EXT:protein" label="protein"/>
      <span end="5065" id="16504143-24633" start="5057">proteins</span>
    </annotation>
    <annotation annotator="Mike Bada, University of Colorado School of Medicine" id="PR_reasoned_2017_04_17_Instance_25049" type="identity">
      <class id="PR_EXT:000003137" label="furin"/>
      <span end="5074" id="16504143-24745" start="5069">furin</span>
    </annotation>
    <annotation annotator="Mike Bada, University of Colorado School of Medicine" id="PR_reasoned_2017_04_17_Instance_25047" type="identity">
      <class id="PR_EXT:000003710" label="disintegrin and metalloproteinase domain-containing protein 11"/>
      <span end="5180" id="16504143-24743" start="5174">ADAM11</span>
    </annotation>
    <annotation annotator="Mike Bada, University of Colorado School of Medicine" id="PR_reasoned_2017_04_17_Instance_113048" type="identity">
      <class id="CHEBI_PR_EXT:protein" label="protein"/>
      <span end="5188" id="16504143-24635" start="5181">protein</span>
    </annotation>
    <annotation annotator="Mike Bada, University of Colorado School of Medicine" id="PR_reasoned_2017_04_17_Instance_25051" type="identity">
      <class id="PR_EXT:000003710" label="disintegrin and metalloproteinase domain-containing protein 11"/>
      <span end="5242" id="16504143-24747" start="5236">ADAM11</span>
    </annotation>
    <annotation annotator="Mike Bada, University of Colorado School of Medicine" id="PR_reasoned_2017_04_17_Instance_113050" type="identity">
      <class id="CHEBI_PR_EXT:protein" label="protein"/>
      <span end="5250" id="16504143-24637" start="5243">protein</span>
    </annotation>
    <annotation annotator="Mike Bada, University of Colorado School of Medicine" id="PR_reasoned_2017_04_17_Instance_25053" type="identity">
      <class id="PR_EXT:000003710" label="disintegrin and metalloproteinase domain-containing protein 11"/>
      <span end="5364" id="16504143-24749" start="5358">ADAM11</span>
    </annotation>
    <annotation annotator="Mike Bada, University of Colorado School of Medicine" id="PR_reasoned_2017_04_17_Instance_113052" type="identity">
      <class id="CHEBI_PR_EXT:protein" label="protein"/>
      <span end="5372" id="16504143-24639" start="5365">protein</span>
    </annotation>
    <annotation annotator="Mike Bada, University of Colorado School of Medicine" id="PR_reasoned_2017_04_17_Instance_25055" type="identity">
      <class id="PR_EXT:000003710" label="disintegrin and metalloproteinase domain-containing protein 11"/>
      <span end="5503" id="16504143-24751" start="5497">ADAM11</span>
    </annotation>
    <annotation annotator="Mike Bada, University of Colorado School of Medicine" id="PR_reasoned_2017_04_17_Instance_113054" type="identity">
      <class id="CHEBI_PR_EXT:protein" label="protein"/>
      <span end="5511" id="16504143-24641" start="5504">protein</span>
    </annotation>
    <annotation annotator="Mike Bada, University of Colorado School of Medicine" id="PR_reasoned_2017_04_17_Instance_25057" type="identity">
      <class id="PR_EXT:000003710" label="disintegrin and metalloproteinase domain-containing protein 11"/>
      <span end="5520" id="16504143-24753" start="5514">ADAM11</span>
    </annotation>
    <annotation annotator="Mike Bada, University of Colorado School of Medicine" id="PR_reasoned_2017_04_17_Instance_25059" type="identity">
      <class id="PR_EXT:000003710" label="disintegrin and metalloproteinase domain-containing protein 11"/>
      <span end="5608" id="16504143-24755" start="5602">ADAM11</span>
    </annotation>
    <annotation annotator="Mike Bada, University of Colorado School of Medicine" id="PR_reasoned_2017_04_17_Instance_25061" type="identity">
      <class id="PR_EXT:000003710" label="disintegrin and metalloproteinase domain-containing protein 11"/>
      <span end="5801" id="16504143-24757" start="5795">ADAM11</span>
    </annotation>
    <annotation annotator="Mike Bada, University of Colorado School of Medicine" id="PR_reasoned_2017_04_17_Instance_25063" type="identity">
      <class id="PR_EXT:000003710" label="disintegrin and metalloproteinase domain-containing protein 11"/>
      <span end="5965" id="16504143-24759" start="5959">ADAM11</span>
    </annotation>
    <annotation annotator="Mike Bada, University of Colorado School of Medicine" id="PR_reasoned_2017_04_17_Instance_25065" type="identity">
      <class id="PR_EXT:000003710" label="disintegrin and metalloproteinase domain-containing protein 11"/>
      <span end="6040" id="16504143-24761" start="6034">Adam11</span>
    </annotation>
    <annotation annotator="Mike Bada, University of Colorado School of Medicine" id="PR_reasoned_2017_04_17_Instance_25067" type="identity">
      <class id="PR_EXT:000003710" label="disintegrin and metalloproteinase domain-containing protein 11"/>
      <span end="6667" id="16504143-24763" start="6661">Adam11</span>
    </annotation>
    <annotation annotator="Mike Bada, University of Colorado School of Medicine" id="PR_reasoned_2017_04_17_Instance_25069" type="identity">
      <class id="PR_EXT:000003710" label="disintegrin and metalloproteinase domain-containing protein 11"/>
      <span end="6827" id="16504143-24765" start="6821">ADAM11</span>
    </annotation>
    <annotation annotator="Mike Bada, University of Colorado School of Medicine" id="PR_reasoned_2017_04_17_Instance_25071" type="identity">
      <class id="PR_EXT:000003710" label="disintegrin and metalloproteinase domain-containing protein 11"/>
      <span end="6876" id="16504143-24767" start="6870">ADAM11</span>
    </annotation>
    <annotation annotator="Mike Bada, University of Colorado School of Medicine" id="PR_reasoned_2017_04_17_Instance_25073" type="identity">
      <class id="PR_EXT:000003710" label="disintegrin and metalloproteinase domain-containing protein 11"/>
      <span end="6947" id="16504143-24769" start="6941">ADAM11</span>
    </annotation>
    <annotation annotator="Mike Bada, University of Colorado School of Medicine" id="PR_reasoned_2017_04_17_Instance_25075" type="identity">
      <class id="PR_EXT:000003710" label="disintegrin and metalloproteinase domain-containing protein 11"/>
      <span end="7134" id="16504143-24771" start="7128">Adam11</span>
    </annotation>
    <annotation annotator="Mike Bada, University of Colorado School of Medicine" id="PR_reasoned_2017_04_17_Instance_25077" type="identity">
      <class id="PR_EXT:000003710" label="disintegrin and metalloproteinase domain-containing protein 11"/>
      <span end="7908" id="16504143-24773" start="7902">Adam11</span>
    </annotation>
    <annotation annotator="Mike Bada, University of Colorado School of Medicine" id="PR_reasoned_2017_04_17_Instance_25079" type="identity">
      <class id="PR_EXT:000003710" label="disintegrin and metalloproteinase domain-containing protein 11"/>
      <span end="8723" id="16504143-24775" start="8717">ADAM11</span>
    </annotation>
    <annotation annotator="Mike Bada, University of Colorado School of Medicine" id="PR_reasoned_2017_04_17_Instance_25081" type="identity">
      <class id="PR_EXT:000003710" label="disintegrin and metalloproteinase domain-containing protein 11"/>
      <span end="8772" id="16504143-24777" start="8766">ADAM11</span>
    </annotation>
    <annotation annotator="Mike Bada, University of Colorado School of Medicine" id="PR_reasoned_2017_04_17_Instance_25083" type="identity">
      <class id="PR_EXT:000003710" label="disintegrin and metalloproteinase domain-containing protein 11"/>
      <span end="8832" id="16504143-24779" start="8826">ADAM11</span>
    </annotation>
    <annotation annotator="Mike Bada, University of Colorado School of Medicine" id="PR_reasoned_2017_04_17_Instance_25085" type="identity">
      <class id="PR_EXT:000003710" label="disintegrin and metalloproteinase domain-containing protein 11"/>
      <span end="10325" id="16504143-24781" start="10319">ADAM11</span>
    </annotation>
    <annotation annotator="Mike Bada, University of Colorado School of Medicine" id="PR_reasoned_2017_04_17_Instance_25087" type="identity">
      <class id="PR_EXT:000003710" label="disintegrin and metalloproteinase domain-containing protein 11"/>
      <span end="10367" id="16504143-24783" start="10361">Adam11</span>
    </annotation>
    <annotation annotator="Mike Bada, University of Colorado School of Medicine" id="PR_reasoned_2017_04_17_Instance_25089" type="identity">
      <class id="PR_EXT:000003710" label="disintegrin and metalloproteinase domain-containing protein 11"/>
      <span end="10410" id="16504143-24785" start="10404">Adam11</span>
    </annotation>
    <annotation annotator="Mike Bada, University of Colorado School of Medicine" id="PR_reasoned_2017_04_17_Instance_25091" type="identity">
      <class id="PR_EXT:000003710" label="disintegrin and metalloproteinase domain-containing protein 11"/>
      <span end="10535" id="16504143-24787" start="10529">ADAM11</span>
    </annotation>
    <annotation annotator="Mike Bada, University of Colorado School of Medicine" id="PR_reasoned_2017_04_17_Instance_25093" type="identity">
      <class id="PR_EXT:000003710" label="disintegrin and metalloproteinase domain-containing protein 11"/>
      <span end="10725" id="16504143-24789" start="10719">Adam11</span>
    </annotation>
    <annotation annotator="Mike Bada, University of Colorado School of Medicine" id="PR_reasoned_2017_04_17_Instance_25095" type="identity">
      <class id="PR_EXT:000003710" label="disintegrin and metalloproteinase domain-containing protein 11"/>
      <span end="10842" id="16504143-24791" start="10836">ADAM11</span>
    </annotation>
    <annotation annotator="Mike Bada, University of Colorado School of Medicine" id="PR_reasoned_2017_04_17_Instance_25097" type="identity">
      <class id="PR_EXT:000003710" label="disintegrin and metalloproteinase domain-containing protein 11"/>
      <span end="11009" id="16504143-24793" start="11003">ADAM11</span>
    </annotation>
    <annotation annotator="Mike Bada, University of Colorado School of Medicine" id="PR_reasoned_2017_04_17_Instance_25099" type="identity">
      <class id="PR_EXT:000003710" label="disintegrin and metalloproteinase domain-containing protein 11"/>
      <span end="11299" id="16504143-24795" start="11293">ADAM11</span>
    </annotation>
    <annotation annotator="Mike Bada, University of Colorado School of Medicine" id="PR_reasoned_2017_04_17_Instance_25101" type="identity">
      <class id="PR_EXT:000003710" label="disintegrin and metalloproteinase domain-containing protein 11"/>
      <span end="11663" id="16504143-24797" start="11657">ADAM11</span>
    </annotation>
    <annotation annotator="Mike Bada, University of Colorado School of Medicine" id="PR_reasoned_2017_04_17_Instance_25103" type="identity">
      <class id="PR_EXT:000003710" label="disintegrin and metalloproteinase domain-containing protein 11"/>
      <span end="11858" id="16504143-24799" start="11852">ADAM11</span>
    </annotation>
    <annotation annotator="Mike Bada, University of Colorado School of Medicine" id="PR_reasoned_2017_04_17_Instance_25105" type="identity">
      <class id="PR_EXT:000003710" label="disintegrin and metalloproteinase domain-containing protein 11"/>
      <span end="11922" id="16504143-24801" start="11916">ADAM11</span>
    </annotation>
    <annotation annotator="Mike Bada, University of Colorado School of Medicine" id="PR_reasoned_2017_04_17_Instance_25107" type="identity">
      <class id="PR_EXT:000003710" label="disintegrin and metalloproteinase domain-containing protein 11"/>
      <span end="12491" id="16504143-24803" start="12485">ADAM11</span>
    </annotation>
    <annotation annotator="Mike Bada, University of Colorado School of Medicine" id="PR_reasoned_2017_04_17_Instance_25109" type="identity">
      <class id="PR_EXT:000003710" label="disintegrin and metalloproteinase domain-containing protein 11"/>
      <span end="12585" id="16504143-24805" start="12579">ADAM11</span>
    </annotation>
    <annotation annotator="Mike Bada, University of Colorado School of Medicine" id="PR_reasoned_2017_04_17_Instance_25111" type="identity">
      <class id="PR_EXT:000003710" label="disintegrin and metalloproteinase domain-containing protein 11"/>
      <span end="12707" id="16504143-24807" start="12701">ADAM11</span>
    </annotation>
    <annotation annotator="Mike Bada, University of Colorado School of Medicine" id="PR_reasoned_2017_04_17_Instance_25113" type="identity">
      <class id="PR_EXT:000003710" label="disintegrin and metalloproteinase domain-containing protein 11"/>
      <span end="12871" id="16504143-24809" start="12865">ADAM11</span>
    </annotation>
    <annotation annotator="Mike Bada, University of Colorado School of Medicine" id="PR_reasoned_2017_04_17_Instance_25115" type="identity">
      <class id="PR_EXT:000015906" label="synaptotagmin-4"/>
      <span end="13227" id="16504143-24811" start="13214">synaptotagmin</span>
      <span end="13236" id="16504143-24812" start="13234">IV</span>
    </annotation>
    <annotation annotator="Mike Bada, University of Colorado School of Medicine" id="PR_reasoned_2017_04_17_Instance_25117" type="identity">
      <class id="PR_EXT:000015906" label="synaptotagmin-4"/>
      <span end="13232" id="16504143-24814" start="13229">Syt</span>
      <span end="13236" id="16504143-24815" start="13234">IV</span>
    </annotation>
    <annotation annotator="Mike Bada, University of Colorado School of Medicine" id="PR_reasoned_2017_04_17_Instance_25119" type="identity">
      <class id="PR_EXT:000015906" label="synaptotagmin-4"/>
      <span end="13518" id="16504143-24817" start="13512">Syt IV</span>
    </annotation>
    <annotation annotator="Mike Bada, University of Colorado School of Medicine" id="PR_reasoned_2017_04_17_Instance_25121" type="identity">
      <class id="PR_EXT:000003710" label="disintegrin and metalloproteinase domain-containing protein 11"/>
      <span end="13634" id="16504143-24819" start="13628">ADAM11</span>
    </annotation>
    <annotation annotator="Mike Bada, University of Colorado School of Medicine" id="PR_reasoned_2017_04_17_Instance_25123" type="identity">
      <class id="PR_EXT:000003710" label="disintegrin and metalloproteinase domain-containing protein 11"/>
      <span end="13799" id="16504143-24821" start="13793">ADAM11</span>
    </annotation>
    <annotation annotator="Mike Bada, University of Colorado School of Medicine" id="PR_reasoned_2017_04_17_Instance_25125" type="identity">
      <class id="PR_EXT:000003710" label="disintegrin and metalloproteinase domain-containing protein 11"/>
      <span end="13968" id="16504143-24823" start="13962">ADAM11</span>
    </annotation>
    <annotation annotator="Mike Bada, University of Colorado School of Medicine" id="PR_reasoned_2017_04_17_Instance_25127" type="identity">
      <class id="PR_EXT:000003710" label="disintegrin and metalloproteinase domain-containing protein 11"/>
      <span end="14183" id="16504143-24825" start="14177">ADAM11</span>
    </annotation>
    <annotation annotator="Mike Bada, University of Colorado School of Medicine" id="PR_reasoned_2017_04_17_Instance_25129" type="identity">
      <class id="PR_EXT:000003710" label="disintegrin and metalloproteinase domain-containing protein 11"/>
      <span end="14257" id="16504143-24827" start="14251">ADAM11</span>
    </annotation>
    <annotation annotator="Mike Bada, University of Colorado School of Medicine" id="PR_reasoned_2017_04_17_Instance_25131" type="identity">
      <class id="PR_EXT:000003710" label="disintegrin and metalloproteinase domain-containing protein 11"/>
      <span end="14632" id="16504143-24829" start="14626">ADAM11</span>
    </annotation>
    <annotation annotator="Mike Bada, University of Colorado School of Medicine" id="PR_reasoned_2017_04_17_Instance_25133" type="identity">
      <class id="PR_EXT:000003710" label="disintegrin and metalloproteinase domain-containing protein 11"/>
      <span end="14699" id="16504143-24831" start="14693">Adam11</span>
    </annotation>
    <annotation annotator="Mike Bada, University of Colorado School of Medicine" id="PR_reasoned_2017_04_17_Instance_25135" type="identity">
      <class id="PR_EXT:000003710" label="disintegrin and metalloproteinase domain-containing protein 11"/>
      <span end="15099" id="16504143-24833" start="15093">ADAM11</span>
    </annotation>
    <annotation annotator="Mike Bada, University of Colorado School of Medicine" id="PR_reasoned_2017_04_17_Instance_25137" type="identity">
      <class id="PR_EXT:000003710" label="disintegrin and metalloproteinase domain-containing protein 11"/>
      <span end="15209" id="16504143-24835" start="15203">ADAM11</span>
    </annotation>
    <annotation annotator="Mike Bada, University of Colorado School of Medicine" id="PR_reasoned_2017_04_17_Instance_25141" type="identity">
      <class id="PR_EXT:000001023" label="neural cell adhesion molecule NCAM"/>
      <span end="15417" id="16504143-24839" start="15388">neural cell adhesion molecule</span>
    </annotation>
    <annotation annotator="Mike Bada, University of Colorado School of Medicine" id="PR_reasoned_2017_04_17_Instance_25139" type="identity">
      <class id="PR_EXT:000001023" label="neural cell adhesion molecule NCAM"/>
      <span end="15423" id="16504143-24837" start="15419">NCAM</span>
    </annotation>
    <annotation annotator="Mike Bada, University of Colorado School of Medicine" id="PR_reasoned_2017_04_17_Instance_25147" type="identity">
      <class id="PR_EXT:000008246" label="glutamate receptor ionotropic, NMDA 2A"/>
      <span end="15954" id="16504143-24845" start="15950">NR2A</span>
      <span end="15972" id="16504143-24846" start="15964">subunits</span>
    </annotation>
    <annotation annotator="Mike Bada, University of Colorado School of Medicine" id="PR_reasoned_2017_04_17_Instance_25149" type="identity">
      <class id="PR_EXT:000008248" label="glutamate receptor ionotropic, NMDA 2C"/>
      <span end="15972" id="16504143-24848" start="15959">NR2C subunits</span>
    </annotation>
    <annotation annotator="Mike Bada, University of Colorado School of Medicine" id="PR_reasoned_2017_04_17_Instance_25143" type="identity">
      <class id="PR_EXT:000003710" label="disintegrin and metalloproteinase domain-containing protein 11"/>
      <span end="16262" id="16504143-24841" start="16256">ADAM11</span>
    </annotation>
    <annotation annotator="Mike Bada, University of Colorado School of Medicine" id="PR_reasoned_2017_04_17_Instance_25145" type="identity">
      <class id="PR_EXT:000003710" label="disintegrin and metalloproteinase domain-containing protein 11"/>
      <span end="16336" id="16504143-24843" start="16330">ADAM11</span>
    </annotation>
    <annotation annotator="Mike Bada, University of Colorado School of Medicine" id="PR_reasoned_2017_04_17_Instance_25151" type="identity">
      <class id="PR_EXT:000003710" label="disintegrin and metalloproteinase domain-containing protein 11"/>
      <span end="16467" id="16504143-24850" start="16461">ADAM11</span>
    </annotation>
    <annotation annotator="Mike Bada, University of Colorado School of Medicine" id="PR_reasoned_2017_04_17_Instance_25153" type="identity">
      <class id="PR_EXT:000003718" label="disintegrin and metalloproteinase domain-containing protein 22"/>
      <span end="16653" id="16504143-24852" start="16647">Adam22</span>
    </annotation>
    <annotation annotator="Mike Bada, University of Colorado School of Medicine" id="PR_reasoned_2017_04_17_Instance_25155" type="identity">
      <class id="PR_EXT:000003719" label="disintegrin and metalloproteinase domain-containing protein 23"/>
      <span end="16793" id="16504143-24854" start="16787">Adam23</span>
    </annotation>
    <annotation annotator="Mike Bada, University of Colorado School of Medicine" id="PR_reasoned_2017_04_17_Instance_25157" type="identity">
      <class id="PR_EXT:000003710" label="disintegrin and metalloproteinase domain-containing protein 11"/>
      <span end="16895" id="16504143-24856" start="16889">ADAM11</span>
    </annotation>
    <annotation annotator="Mike Bada, University of Colorado School of Medicine" id="PR_reasoned_2017_04_17_Instance_25159" type="identity">
      <class id="PR_EXT:000003718" label="disintegrin and metalloproteinase domain-containing protein 22"/>
      <span end="16903" id="16504143-24858" start="16897">ADAM22</span>
    </annotation>
    <annotation annotator="Mike Bada, University of Colorado School of Medicine" id="PR_reasoned_2017_04_17_Instance_25161" type="identity">
      <class id="PR_EXT:000003719" label="disintegrin and metalloproteinase domain-containing protein 23"/>
      <span end="16914" id="16504143-24860" start="16908">ADAM23</span>
    </annotation>
    <annotation annotator="Mike Bada, University of Colorado School of Medicine" id="PR_reasoned_2017_04_17_Instance_25163" type="identity">
      <class id="PR_EXT:000003710" label="disintegrin and metalloproteinase domain-containing protein 11"/>
      <span end="17025" id="16504143-24862" start="17019">ADAM11</span>
    </annotation>
    <annotation annotator="Mike Bada, University of Colorado School of Medicine" id="PR_reasoned_2017_04_17_Instance_25165" type="identity">
      <class id="PR_EXT:000003718" label="disintegrin and metalloproteinase domain-containing protein 22"/>
      <span end="17033" id="16504143-24864" start="17027">ADAM22</span>
    </annotation>
    <annotation annotator="Mike Bada, University of Colorado School of Medicine" id="PR_reasoned_2017_04_17_Instance_25167" type="identity">
      <class id="PR_EXT:000003719" label="disintegrin and metalloproteinase domain-containing protein 23"/>
      <span end="17044" id="16504143-24866" start="17038">ADAM23</span>
    </annotation>
    <annotation annotator="Mike Bada, University of Colorado School of Medicine" id="PR_reasoned_2017_04_17_Instance_25169" type="identity">
      <class id="PR_EXT:000003710" label="disintegrin and metalloproteinase domain-containing protein 11"/>
      <span end="17333" id="16504143-24868" start="17327">ADAM11</span>
    </annotation>
    <annotation annotator="Mike Bada, University of Colorado School of Medicine" id="PR_reasoned_2017_04_17_Instance_25171" type="identity">
      <class id="PR_EXT:000003710" label="disintegrin and metalloproteinase domain-containing protein 11"/>
      <span end="17674" id="16504143-24870" start="17668">ADAM11</span>
    </annotation>
    <annotation annotator="Mike Bada, University of Colorado School of Medicine" id="PR_reasoned_2017_04_17_Instance_113056" type="identity">
      <class id="CHEBI_PR_EXT:protein" label="protein"/>
      <span end="17891" id="16504143-24643" start="17883">proteins</span>
    </annotation>
    <annotation annotator="Mike Bada, University of Colorado School of Medicine" id="PR_reasoned_2017_04_17_Instance_25173" type="identity">
      <class id="PR_EXT:000003710" label="disintegrin and metalloproteinase domain-containing protein 11"/>
      <span end="17961" id="16504143-24872" start="17955">Adam11</span>
    </annotation>
    <annotation annotator="Mike Bada, University of Colorado School of Medicine" id="PR_reasoned_2017_04_17_Instance_140548" type="identity">
      <class id="PR_EXT:P23940" label="type-2 restriction enzyme BamHI (Bacillus amyloliquefaciens)"/>
      <span end="18002" id="16504143-24657" start="17997">BamHI</span>
    </annotation>
    <annotation annotator="Mike Bada, University of Colorado School of Medicine" id="PR_reasoned_2017_04_17_Instance_25175" type="identity">
      <class id="PR_EXT:000003710" label="disintegrin and metalloproteinase domain-containing protein 11"/>
      <span end="18051" id="16504143-24874" start="18045">Adam11</span>
    </annotation>
    <annotation annotator="Mike Bada, University of Colorado School of Medicine" id="PR_reasoned_2017_04_17_Instance_25177" type="identity">
      <class id="PR_EXT:000003710" label="disintegrin and metalloproteinase domain-containing protein 11"/>
      <span end="18227" id="16504143-24876" start="18221">Adam11</span>
    </annotation>
    <annotation annotator="Mike Bada, University of Colorado School of Medicine" id="PR_reasoned_2017_04_17_Instance_25179" type="identity">
      <class id="PR_EXT:000003710" label="disintegrin and metalloproteinase domain-containing protein 11"/>
      <span end="18294" id="16504143-24878" start="18288">Adam11</span>
    </annotation>
    <annotation annotator="Mike Bada, University of Colorado School of Medicine" id="PR_reasoned_2017_04_17_backup_Instance_584" type="identity">
      <class id="GO_PR_EXT:thymidine_kinase" label="thymidine kinase"/>
      <span end="18458" id="16504143-24617" start="18456">TK</span>
    </annotation>
    <annotation annotator="Mike Bada, University of Colorado School of Medicine" id="PR_reasoned_2017_04_17_Instance_25181" type="identity">
      <class id="PR_EXT:000003710" label="disintegrin and metalloproteinase domain-containing protein 11"/>
      <span end="18553" id="16504143-24880" start="18547">Adam11</span>
    </annotation>
    <annotation annotator="Mike Bada, University of Colorado School of Medicine" id="PR_reasoned_2017_04_17_Instance_140550" type="identity">
      <class id="PR_EXT:P23940" label="type-2 restriction enzyme BamHI (Bacillus amyloliquefaciens)"/>
      <span end="19439" id="16504143-24659" start="19434">BamHI</span>
    </annotation>
    <annotation annotator="Mike Bada, University of Colorado School of Medicine" id="PR_reasoned_2017_04_17_Instance_140552" type="identity">
      <class id="PR_EXT:P23940" label="type-2 restriction enzyme BamHI (Bacillus amyloliquefaciens)"/>
      <span end="19532" id="16504143-24661" start="19527">BamHI</span>
    </annotation>
    <annotation annotator="Mike Bada, University of Colorado School of Medicine" id="PR_reasoned_2017_04_17_Instance_25183" type="identity">
      <class id="PR_EXT:000003710" label="disintegrin and metalloproteinase domain-containing protein 11"/>
      <span end="19624" id="16504143-24882" start="19618">ADAM11</span>
    </annotation>
    <annotation annotator="Mike Bada, University of Colorado School of Medicine" id="PR_reasoned_2017_04_17_Instance_113058" type="identity">
      <class id="CHEBI_PR_EXT:protein" label="protein"/>
      <span end="19632" id="16504143-24645" start="19625">protein</span>
    </annotation>
    <annotation annotator="Mike Bada, University of Colorado School of Medicine" id="PR_reasoned_2017_04_17_Instance_113060" type="identity">
      <class id="CHEBI_PR_EXT:protein" label="protein"/>
      <span end="19984" id="16504143-24647" start="19976">proteins</span>
    </annotation>
    <annotation annotator="Mike Bada, University of Colorado School of Medicine" id="PR_reasoned_2017_04_17_Instance_25185" type="identity">
      <class id="PR_EXT:000003710" label="disintegrin and metalloproteinase domain-containing protein 11"/>
      <span end="20258" id="16504143-24884" start="20252">ADAM11</span>
    </annotation>
    <annotation annotator="Mike Bada, University of Colorado School of Medicine" id="PR_reasoned_2017_04_17_Instance_25187" type="identity">
      <class id="PR_EXT:000003710" label="disintegrin and metalloproteinase domain-containing protein 11"/>
      <span end="20792" id="16504143-24886" start="20786">ADAM11</span>
    </annotation>
    <annotation annotator="Mike Bada, University of Colorado School of Medicine" id="PR_reasoned_2017_04_17_Instance_25189" type="identity">
      <class id="PR_EXT:000003710" label="disintegrin and metalloproteinase domain-containing protein 11"/>
      <span end="26299" id="16504143-24888" start="26293">Adam11</span>
    </annotation>
    <annotation annotator="Mike Bada, University of Colorado School of Medicine" id="PR_reasoned_2017_04_17_Instance_25191" type="identity">
      <class id="PR_EXT:000003710" label="disintegrin and metalloproteinase domain-containing protein 11"/>
      <span end="26336" id="16504143-24890" start="26330">ADAM11</span>
    </annotation>
    <annotation annotator="Mike Bada, University of Colorado School of Medicine" id="PR_reasoned_2017_04_17_Instance_113062" type="identity">
      <class id="CHEBI_PR_EXT:protein" label="protein"/>
      <span end="26344" id="16504143-24649" start="26337">protein</span>
    </annotation>
    <annotation annotator="Mike Bada, University of Colorado School of Medicine" id="PR_reasoned_2017_04_17_Instance_25207" type="identity">
      <class id="PR_EXT:000006928" label="pro-epidermal growth factor"/>
      <span end="26418" id="16504143-24906" start="26415">EGF</span>
    </annotation>
    <annotation annotator="Mike Bada, University of Colorado School of Medicine" id="PR_reasoned_2017_04_17_Instance_25205" type="identity">
      <class id="PR_EXT:000006928" label="pro-epidermal growth factor"/>
      <span end="26441" id="16504143-24904" start="26438">EGF</span>
    </annotation>
    <annotation annotator="Mike Bada, University of Colorado School of Medicine" id="PR_reasoned_2017_04_17_Instance_25193" type="identity">
      <class id="PR_EXT:000003710" label="disintegrin and metalloproteinase domain-containing protein 11"/>
      <span end="26506" id="16504143-24892" start="26500">Adam11</span>
    </annotation>
    <annotation annotator="Mike Bada, University of Colorado School of Medicine" id="PR_reasoned_2017_04_17_backup_Instance_586" type="identity">
      <class id="GO_PR_EXT:thymidine_kinase" label="thymidine kinase"/>
      <span end="26615" id="16504143-24619" start="26613">TK</span>
    </annotation>
    <annotation annotator="Mike Bada, University of Colorado School of Medicine" id="PR_reasoned_2017_04_17_Instance_140554" type="identity">
      <class id="PR_EXT:P23940" label="type-2 restriction enzyme BamHI (Bacillus amyloliquefaciens)"/>
      <span end="26762" id="16504143-24663" start="26757">BamHI</span>
    </annotation>
    <annotation annotator="Mike Bada, University of Colorado School of Medicine" id="PR_reasoned_2017_04_17_Instance_25195" type="identity">
      <class id="PR_EXT:000003710" label="disintegrin and metalloproteinase domain-containing protein 11"/>
      <span end="27197" id="16504143-24894" start="27191">ADAM11</span>
    </annotation>
    <annotation annotator="Mike Bada, University of Colorado School of Medicine" id="PR_reasoned_2017_04_17_Instance_25197" type="identity">
      <class id="PR_EXT:000003710" label="disintegrin and metalloproteinase domain-containing protein 11"/>
      <span end="27251" id="16504143-24896" start="27245">ADAM11</span>
    </annotation>
    <annotation annotator="Mike Bada, University of Colorado School of Medicine" id="PR_reasoned_2017_04_17_Instance_113064" type="identity">
      <class id="CHEBI_PR_EXT:protein" label="protein"/>
      <span end="27259" id="16504143-24651" start="27252">protein</span>
    </annotation>
    <annotation annotator="Mike Bada, University of Colorado School of Medicine" id="PR_reasoned_2017_04_17_Instance_25199" type="identity">
      <class id="PR_EXT:000003710" label="disintegrin and metalloproteinase domain-containing protein 11"/>
      <span end="27318" id="16504143-24898" start="27312">ADAM11</span>
    </annotation>
    <annotation annotator="Mike Bada, University of Colorado School of Medicine" id="PR_reasoned_2017_04_17_Instance_25201" type="identity">
      <class id="PR_EXT:000003710" label="disintegrin and metalloproteinase domain-containing protein 11"/>
      <span end="27398" id="16504143-24900" start="27392">ADAM11</span>
    </annotation>
    <annotation annotator="Mike Bada, University of Colorado School of Medicine" id="PR_reasoned_2017_04_17_Instance_113066" type="identity">
      <class id="CHEBI_PR_EXT:protein" label="protein"/>
      <span end="27406" id="16504143-24653" start="27399">protein</span>
    </annotation>
    <annotation annotator="Mike Bada, University of Colorado School of Medicine" id="PR_reasoned_2017_04_17_Instance_25203" type="identity">
      <class id="PR_EXT:000003710" label="disintegrin and metalloproteinase domain-containing protein 11"/>
      <span end="27476" id="16504143-24902" start="27470">ADAM11</span>
    </annotation>
    <annotation annotator="Mike Bada, University of Colorado School of Medicine" id="PR_reasoned_2017_04_17_Instance_113068" type="identity">
      <class id="CHEBI_PR_EXT:protein" label="protein"/>
      <span end="27484" id="16504143-24655" start="27477">protein</span>
    </annotation>
    <annotation annotator="Mike Bada, University of Colorado School of Medicine" id="PR_reasoned_2017_04_17_Instance_25209" type="identity">
      <class id="PR_EXT:000003710" label="disintegrin and metalloproteinase domain-containing protein 11"/>
      <span end="27699" id="16504143-24908" start="27693">ADAM11</span>
    </annotation>
    <annotation annotator="Mike Bada, University of Colorado School of Medicine" id="PR_reasoned_2017_04_17_Instance_25211" type="identity">
      <class id="PR_EXT:000003710" label="disintegrin and metalloproteinase domain-containing protein 11"/>
      <span end="28373" id="16504143-24910" start="28367">ADAM11</span>
    </annotation>
    <annotation annotator="Mike Bada, University of Colorado School of Medicine" id="PR_reasoned_2017_04_17_Instance_25213" type="identity">
      <class id="PR_EXT:000003710" label="disintegrin and metalloproteinase domain-containing protein 11"/>
      <span end="28610" id="16504143-24912" start="28604">ADAM11</span>
    </annotation>
    <annotation annotator="Mike Bada, University of Colorado School of Medicine" id="PR_reasoned_2017_04_17_Instance_25215" type="identity">
      <class id="PR_EXT:000003710" label="disintegrin and metalloproteinase domain-containing protein 11"/>
      <span end="28719" id="16504143-24914" start="28713">ADAM11</span>
    </annotation>
    <annotation annotator="Mike Bada, University of Colorado School of Medicine" id="PR_reasoned_2017_04_17_Instance_25217" type="identity">
      <class id="PR_EXT:000003710" label="disintegrin and metalloproteinase domain-containing protein 11"/>
      <span end="28915" id="16504143-24916" start="28909">ADAM11</span>
    </annotation>
    <graph-space id="Old Knowtator Relations"/>
  </document>
</knowtator-project>
