<?xml version="1.0" encoding="UTF-8" standalone="no"?>
<knowtator-project>
  <document id="16507151" text-file="16507151.txt">
    <annotation annotator="Mike Bada, University of Colorado School of Medicine" id="PR_reasoned_2017_04_17_Instance_90038" type="identity">
      <class id="CHEBI_PR_EXT:collagen" label="collagen"/>
      <span end="26" id="16507151-25293" start="18">collagen</span>
    </annotation>
    <annotation annotator="Mike Bada, University of Colorado School of Medicine" id="PR_reasoned_2017_04_17_Instance_90040" type="identity">
      <class id="CHEBI_PR_EXT:collagen" label="collagen"/>
      <span end="101" id="16507151-25295" start="93">Collagen</span>
    </annotation>
    <annotation annotator="Mike Bada, University of Colorado School of Medicine" id="PR_reasoned_2017_04_17_Instance_90042" type="identity">
      <class id="CHEBI_PR_EXT:collagen" label="collagen"/>
      <span end="255" id="16507151-25297" start="247">collagen</span>
    </annotation>
    <annotation annotator="Mike Bada, University of Colorado School of Medicine" id="PR_reasoned_2017_04_17_Instance_90044" type="identity">
      <class id="CHEBI_PR_EXT:collagen" label="collagen"/>
      <span end="527" id="16507151-25299" start="519">collagen</span>
    </annotation>
    <annotation annotator="Mike Bada, University of Colorado School of Medicine" id="PR_reasoned_2017_04_17_Instance_25511" type="identity">
      <class id="PR_EXT:000003266" label="collagen type II alpha chain"/>
      <span end="1343" id="16507151-25245" start="1327">collagen type II</span>
    </annotation>
    <annotation annotator="Mike Bada, University of Colorado School of Medicine" id="PR_reasoned_2017_04_17_Instance_90048" type="identity">
      <class id="CHEBI_PR_EXT:collagen" label="collagen"/>
      <span end="1639" id="16507151-25301" start="1631">collagen</span>
    </annotation>
    <annotation annotator="Mike Bada, University of Colorado School of Medicine" id="PR_reasoned_2017_04_17_Instance_110136" type="identity">
      <class id="CHEBI_PR_EXT:prolactin" label="prolactin"/>
      <span end="3510" id="16507151-25243" start="3501">prolactin</span>
    </annotation>
    <annotation annotator="Mike Bada, University of Colorado School of Medicine" id="PR_reasoned_2017_04_17_Instance_25517" type="identity">
      <class id="PR_EXT:000003266" label="collagen type II alpha chain"/>
      <span end="5818" id="16507151-25247" start="5802">collagen type II</span>
    </annotation>
    <annotation annotator="Mike Bada, University of Colorado School of Medicine" id="PR_reasoned_2017_04_17_Instance_25519" type="identity">
      <class id="PR_EXT:000003266" label="collagen type II alpha chain"/>
      <span end="5823" id="16507151-25249" start="5820">CII</span>
    </annotation>
    <annotation annotator="Mike Bada, University of Colorado School of Medicine" id="PR_reasoned_2017_04_17_Instance_25521" type="identity">
      <class id="PR_EXT:000003266" label="collagen type II alpha chain"/>
      <span end="5996" id="16507151-25251" start="5993">CII</span>
    </annotation>
    <annotation annotator="Mike Bada, University of Colorado School of Medicine" id="PR_reasoned_2017_04_17_Instance_25523" type="identity">
      <class id="PR_EXT:000003266" label="collagen type II alpha chain"/>
      <span end="9151" id="16507151-25253" start="9148">CII</span>
    </annotation>
    <annotation annotator="Mike Bada, University of Colorado School of Medicine" id="PR_reasoned_2017_04_17_Instance_25525" type="identity">
      <class id="PR_EXT:000003266" label="collagen type II alpha chain"/>
      <span end="9239" id="16507151-25255" start="9236">CII</span>
    </annotation>
    <annotation annotator="Mike Bada, University of Colorado School of Medicine" id="PR_reasoned_2017_04_17_Instance_25527" type="identity">
      <class id="PR_EXT:000003918" label="serum albumin"/>
      <span end="9325" id="16507151-25257" start="9312">serum albumin</span>
    </annotation>
    <annotation annotator="Mike Bada, University of Colorado School of Medicine" id="PR_reasoned_2017_04_17_Instance_25529" type="identity">
      <class id="PR_EXT:000003266" label="collagen type II alpha chain"/>
      <span end="9459" id="16507151-25259" start="9456">CII</span>
    </annotation>
    <annotation annotator="Mike Bada, University of Colorado School of Medicine" id="PR_reasoned_2017_04_17_Instance_25531" type="identity">
      <class id="PR_EXT:000003266" label="collagen type II alpha chain"/>
      <span end="9550" id="16507151-25261" start="9547">CII</span>
    </annotation>
    <annotation annotator="Mike Bada, University of Colorado School of Medicine" id="PR_reasoned_2017_04_17_Instance_25533" type="identity">
      <class id="PR_EXT:000003266" label="collagen type II alpha chain"/>
      <span end="10357" id="16507151-25263" start="10354">CII</span>
    </annotation>
    <annotation annotator="Mike Bada, University of Colorado School of Medicine" id="PR_reasoned_2017_04_17_Instance_25535" type="identity">
      <class id="PR_EXT:000003266" label="collagen type II alpha chain"/>
      <span end="10891" id="16507151-25265" start="10888">CII</span>
    </annotation>
    <annotation annotator="Mike Bada, University of Colorado School of Medicine" id="PR_reasoned_2017_04_17_Instance_25537" type="identity">
      <class id="PR_EXT:000003266" label="collagen type II alpha chain"/>
      <span end="12085" id="16507151-25267" start="12082">CII</span>
    </annotation>
    <annotation annotator="Mike Bada, University of Colorado School of Medicine" id="PR_reasoned_2017_04_17_Instance_27093" type="identity">
      <class id="PR_EXT:000001821" label="MHC class II histocompatibility antigen beta chain"/>
      <span end="12863" id="16507151-25291" start="12844">MHC class II A beta</span>
    </annotation>
    <annotation annotator="Mike Bada, University of Colorado School of Medicine" id="PR_reasoned_2017_04_17_Instance_25539" type="identity">
      <class id="PR_EXT:000003266" label="collagen type II alpha chain"/>
      <span end="14641" id="16507151-25269" start="14638">CII</span>
    </annotation>
    <annotation annotator="Mike Bada, University of Colorado School of Medicine" id="PR_reasoned_2017_04_17_Instance_25541" type="identity">
      <class id="PR_EXT:000001852" label="cytotoxic T-lymphocyte protein 4"/>
      <span end="14955" id="16507151-25271" start="14950">Ctla4</span>
    </annotation>
    <annotation annotator="Mike Bada, University of Colorado School of Medicine" id="PR_reasoned_2017_04_17_Instance_25543" type="identity">
      <class id="PR_EXT:000001852" label="cytotoxic T-lymphocyte protein 4"/>
      <span end="14962" id="16507151-25273" start="14957">CD152</span>
    </annotation>
    <annotation annotator="Mike Bada, University of Colorado School of Medicine" id="PR_reasoned_2017_04_17_Instance_25545" type="identity">
      <class id="PR_EXT:000003266" label="collagen type II alpha chain"/>
      <span end="15412" id="16507151-25275" start="15409">CII</span>
    </annotation>
    <annotation annotator="Mike Bada, University of Colorado School of Medicine" id="PR_reasoned_2017_04_17_Instance_25943" type="identity">
      <class id="PR_EXT:000003266" label="collagen type II alpha chain"/>
      <span end="17770" id="16507151-25277" start="17767">CII</span>
    </annotation>
    <annotation annotator="Mike Bada, University of Colorado School of Medicine" id="PR_reasoned_2017_04_17_Instance_90052" type="identity">
      <class id="CHEBI_PR_EXT:collagen" label="collagen"/>
      <span end="17873" id="16507151-25303" start="17865">collagen</span>
    </annotation>
    <annotation annotator="Mike Bada, University of Colorado School of Medicine" id="PR_reasoned_2017_04_17_Instance_25945" type="identity">
      <class id="PR_EXT:000003266" label="collagen type II alpha chain"/>
      <span end="17896" id="16507151-25279" start="17893">CII</span>
    </annotation>
    <annotation annotator="Mike Bada, University of Colorado School of Medicine" id="PR_reasoned_2017_04_17_Instance_25947" type="identity">
      <class id="PR_EXT:000003266" label="collagen type II alpha chain"/>
      <span end="17915" id="16507151-25281" start="17899">collagen type II</span>
    </annotation>
    <annotation annotator="Mike Bada, University of Colorado School of Medicine" id="PR_reasoned_2017_04_17_Instance_90056" type="identity">
      <class id="CHEBI_PR_EXT:collagen" label="collagen"/>
      <span end="18846" id="16507151-25305" start="18838">collagen</span>
    </annotation>
    <annotation annotator="Mike Bada, University of Colorado School of Medicine" id="PR_reasoned_2017_04_17_Instance_25949" type="identity">
      <class id="PR_EXT:000003266" label="collagen type II alpha chain"/>
      <span end="18924" id="16507151-25283" start="18908">collagen type II</span>
    </annotation>
    <annotation annotator="Mike Bada, University of Colorado School of Medicine" id="PR_reasoned_2017_04_17_Instance_25951" type="identity">
      <class id="PR_EXT:000003266" label="collagen type II alpha chain"/>
      <span end="18929" id="16507151-25285" start="18926">CII</span>
    </annotation>
    <annotation annotator="Mike Bada, University of Colorado School of Medicine" id="PR_reasoned_2017_04_17_Instance_25953" type="identity">
      <class id="PR_EXT:000003266" label="collagen type II alpha chain"/>
      <span end="19214" id="16507151-25287" start="19198">collagen type II</span>
    </annotation>
    <annotation annotator="Mike Bada, University of Colorado School of Medicine" id="PR_reasoned_2017_04_17_Instance_25955" type="identity">
      <class id="PR_EXT:000003266" label="collagen type II alpha chain"/>
      <span end="19224" id="16507151-25289" start="19221">CII</span>
    </annotation>
    <annotation annotator="Mike Bada, University of Colorado School of Medicine" id="PR_reasoned_2017_04_17_Instance_90126" type="identity">
      <class id="CHEBI_PR_EXT:collagen" label="collagen"/>
      <span end="20061" id="16507151-25307" start="20053">collagen</span>
    </annotation>
    <graph-space id="Old Knowtator Relations"/>
  </document>
</knowtator-project>
