<?xml version="1.0" encoding="UTF-8" standalone="no"?>
<knowtator-project>
  <document id="16579849" text-file="16579849.txt">
    <annotation annotator="Mike Bada, University of Colorado School of Medicine" id="PR_reasoned_2017_04_17_Instance_27109" type="identity">
      <class id="PR_EXT:000006300" label="lipoamide acyltransferase component of branched-chain alpha-keto acid dehydrogenase complex, mitochondrial"/>
      <span end="692" id="16579849-26627" start="682">E2 subunit</span>
    </annotation>
    <annotation annotator="Mike Bada, University of Colorado School of Medicine" id="PR_reasoned_2017_04_17_Instance_26685" type="identity">
      <class id="PR_EXT:000006300" label="lipoamide acyltransferase component of branched-chain alpha-keto acid dehydrogenase complex, mitochondrial"/>
      <span end="839" id="16579849-26386" start="837">E2</span>
    </annotation>
    <annotation annotator="Mike Bada, University of Colorado School of Medicine" id="PR_reasoned_2017_04_17_Instance_27111" type="identity">
      <class id="PR_EXT:000006300" label="lipoamide acyltransferase component of branched-chain alpha-keto acid dehydrogenase complex, mitochondrial"/>
      <span end="1006" id="16579849-26629" start="996">E2 subunit</span>
    </annotation>
    <annotation annotator="Mike Bada, University of Colorado School of Medicine" id="PR_reasoned_2017_04_17_Instance_26687" type="identity">
      <class id="PR_EXT:000006300" label="lipoamide acyltransferase component of branched-chain alpha-keto acid dehydrogenase complex, mitochondrial"/>
      <span end="1198" id="16579849-26388" start="1196">E2</span>
    </annotation>
    <annotation annotator="Mike Bada, University of Colorado School of Medicine" id="PR_reasoned_2017_04_17_Instance_26689" type="identity">
      <class id="PR_EXT:000006300" label="lipoamide acyltransferase component of branched-chain alpha-keto acid dehydrogenase complex, mitochondrial"/>
      <span end="1382" id="16579849-26390" start="1380">E2</span>
    </annotation>
    <annotation annotator="Mike Bada, University of Colorado School of Medicine" id="PR_reasoned_2017_04_17_Instance_26691" type="identity">
      <class id="PR_EXT:000006300" label="lipoamide acyltransferase component of branched-chain alpha-keto acid dehydrogenase complex, mitochondrial"/>
      <span end="1410" id="16579849-26392" start="1408">E2</span>
    </annotation>
    <annotation annotator="Mike Bada, University of Colorado School of Medicine" id="PR_reasoned_2017_04_17_Instance_110130" type="identity">
      <class id="CHEBI_PR_EXT:protein" label="protein"/>
      <span end="3550" id="16579849-26352" start="3542">proteins</span>
    </annotation>
    <annotation annotator="Mike Bada, University of Colorado School of Medicine" id="PR_reasoned_2017_04_17_backup_Instance_592" type="identity">
      <class id="GO_PR_EXT:dihydrolipoyllysine_residue_2_methylpropanoyl_transferase" label="dihydrolipoyllysine-residue (2-methylpropanoyl)transferase activity"/>
      <span end="3602" id="16579849-26340" start="3576">dihydrolipoyl transacylase</span>
    </annotation>
    <annotation annotator="Mike Bada, University of Colorado School of Medicine" id="PR_reasoned_2017_04_17_Instance_26701" type="identity">
      <class id="PR_EXT:000006300" label="lipoamide acyltransferase component of branched-chain alpha-keto acid dehydrogenase complex, mitochondrial"/>
      <span end="3606" id="16579849-26402" start="3604">E2</span>
    </annotation>
    <annotation annotator="Mike Bada, University of Colorado School of Medicine" id="PR_reasoned_2017_04_17_backup_Instance_594" type="identity">
      <class id="GO_PR_EXT:dihydrolipoamide_dehydrogenase" label="dihydrolipoamide dehydrogenase"/>
      <span end="3642" id="16579849-26342" start="3615">dihydrolipoyl dehydrogenase</span>
    </annotation>
    <annotation annotator="Mike Bada, University of Colorado School of Medicine" id="PR_reasoned_2017_04_17_Instance_26709" type="identity">
      <class id="PR_EXT:000006506" label="dihydrolipoyl dehydrogenase, mitochondrial"/>
      <span end="3646" id="16579849-26411" start="3644">E3</span>
    </annotation>
    <annotation annotator="Mike Bada, University of Colorado School of Medicine" id="PR_reasoned_2017_04_17_Instance_26703" type="identity">
      <class id="PR_EXT:000004686" label="2-oxoisovalerate dehydrogenase subunit alpha, mitochondrial"/>
      <span end="3703" id="16579849-26404" start="3702">α</span>
      <span end="3722" id="16579849-26405" start="3714">subunits</span>
    </annotation>
    <annotation annotator="Mike Bada, University of Colorado School of Medicine" id="PR_reasoned_2017_04_17_Instance_26705" type="identity">
      <class id="PR_EXT:000004687" label="2-oxoisovalerate dehydrogenase subunit beta, mitochondrial"/>
      <span end="3722" id="16579849-26407" start="3712">β subunits</span>
    </annotation>
    <annotation annotator="Mike Bada, University of Colorado School of Medicine" id="PR_reasoned_2017_04_17_Instance_26693" type="identity">
      <class id="PR_EXT:000006300" label="lipoamide acyltransferase component of branched-chain alpha-keto acid dehydrogenase complex, mitochondrial"/>
      <span end="3741" id="16579849-26394" start="3739">E2</span>
    </annotation>
    <annotation annotator="Mike Bada, University of Colorado School of Medicine" id="PR_reasoned_2017_04_17_Instance_26707" type="identity">
      <class id="PR_EXT:000006506" label="dihydrolipoyl dehydrogenase, mitochondrial"/>
      <span end="3786" id="16579849-26409" start="3784">E3</span>
    </annotation>
    <annotation annotator="Mike Bada, University of Colorado School of Medicine" id="PR_reasoned_2017_04_17_Instance_110132" type="identity">
      <class id="CHEBI_PR_EXT:protein" label="protein"/>
      <span end="3950" id="16579849-26354" start="3942">proteins</span>
    </annotation>
    <annotation annotator="Mike Bada, University of Colorado School of Medicine" id="PR_reasoned_2017_04_17_Instance_26695" type="identity">
      <class id="PR_EXT:000004686" label="2-oxoisovalerate dehydrogenase subunit alpha, mitochondrial"/>
      <span end="4132" id="16579849-26396" start="4120">E1 α subunit</span>
    </annotation>
    <annotation annotator="Mike Bada, University of Colorado School of Medicine" id="PR_reasoned_2017_04_17_Instance_26697" type="identity">
      <class id="PR_EXT:000006300" label="lipoamide acyltransferase component of branched-chain alpha-keto acid dehydrogenase complex, mitochondrial"/>
      <span end="4197" id="16579849-26398" start="4177">E2 subunits of BCKDH</span>
    </annotation>
    <annotation annotator="Mike Bada, University of Colorado School of Medicine" id="PR_reasoned_2017_04_17_Instance_26699" type="identity">
      <class id="PR_EXT:000006300" label="lipoamide acyltransferase component of branched-chain alpha-keto acid dehydrogenase complex, mitochondrial"/>
      <span end="4300" id="16579849-26400" start="4290">E2 subunit</span>
    </annotation>
    <annotation annotator="Mike Bada, University of Colorado School of Medicine" id="PR_reasoned_2017_04_17_Instance_113352" type="identity">
      <class id="CHEBI_PR_EXT:protein" label="protein"/>
      <span end="4510" id="16579849-26356" start="4503">protein</span>
    </annotation>
    <annotation annotator="Mike Bada, University of Colorado School of Medicine" id="PR_reasoned_2017_04_17_Instance_26715" type="identity">
      <class id="PR_EXT:000004683" label="branched-chain-amino-acid aminotransferase, mitochondrial"/>
      <span end="6369" id="16579849-26413" start="6324">mitochondrial branched-chain aminotransferase</span>
    </annotation>
    <annotation annotator="Mike Bada, University of Colorado School of Medicine" id="PR_reasoned_2017_04_17_backup_Instance_598" type="identity">
      <class id="GO_PR_EXT:branched_chain_amino_acid_aminotransferase" label="branched-chain-amino-acid aminotransferase"/>
      <span end="6375" id="16579849-26344" start="6371">BCAT</span>
    </annotation>
    <annotation annotator="Mike Bada, University of Colorado School of Medicine" id="PR_reasoned_2017_04_17_Instance_26719" type="identity">
      <class id="PR_EXT:000006300" label="lipoamide acyltransferase component of branched-chain alpha-keto acid dehydrogenase complex, mitochondrial"/>
      <span end="6814" id="16579849-26415" start="6795">E2 subunit of BCKDH</span>
    </annotation>
    <annotation annotator="Mike Bada, University of Colorado School of Medicine" id="PR_reasoned_2017_04_17_Instance_26721" type="identity">
      <class id="PR_EXT:000006300" label="lipoamide acyltransferase component of branched-chain alpha-keto acid dehydrogenase complex, mitochondrial"/>
      <span end="6954" id="16579849-26417" start="6952">E2</span>
    </annotation>
    <annotation annotator="Mike Bada, University of Colorado School of Medicine" id="PR_reasoned_2017_04_17_Instance_26723" type="identity">
      <class id="PR_EXT:000006300" label="lipoamide acyltransferase component of branched-chain alpha-keto acid dehydrogenase complex, mitochondrial"/>
      <span end="7466" id="16579849-26419" start="7464">E2</span>
    </annotation>
    <annotation annotator="Mike Bada, University of Colorado School of Medicine" id="PR_reasoned_2017_04_17_Instance_26725" type="identity">
      <class id="PR_EXT:000006300" label="lipoamide acyltransferase component of branched-chain alpha-keto acid dehydrogenase complex, mitochondrial"/>
      <span end="8815" id="16579849-26421" start="8813">E2</span>
    </annotation>
    <annotation annotator="Mike Bada, University of Colorado School of Medicine" id="PR_reasoned_2017_04_17_Instance_26727" type="identity">
      <class id="PR_EXT:000006300" label="lipoamide acyltransferase component of branched-chain alpha-keto acid dehydrogenase complex, mitochondrial"/>
      <span end="8900" id="16579849-26423" start="8898">E2</span>
    </annotation>
    <annotation annotator="Mike Bada, University of Colorado School of Medicine" id="PR_reasoned_2017_04_17_Instance_26729" type="identity">
      <class id="PR_EXT:000006300" label="lipoamide acyltransferase component of branched-chain alpha-keto acid dehydrogenase complex, mitochondrial"/>
      <span end="9070" id="16579849-26425" start="9068">E2</span>
    </annotation>
    <annotation annotator="Mike Bada, University of Colorado School of Medicine" id="PR_reasoned_2017_04_17_Instance_26731" type="identity">
      <class id="PR_EXT:000006300" label="lipoamide acyltransferase component of branched-chain alpha-keto acid dehydrogenase complex, mitochondrial"/>
      <span end="9190" id="16579849-26427" start="9188">E2</span>
    </annotation>
    <annotation annotator="Mike Bada, University of Colorado School of Medicine" id="PR_reasoned_2017_04_17_Instance_26733" type="identity">
      <class id="PR_EXT:000006300" label="lipoamide acyltransferase component of branched-chain alpha-keto acid dehydrogenase complex, mitochondrial"/>
      <span end="9781" id="16579849-26429" start="9779">E2</span>
    </annotation>
    <annotation annotator="Mike Bada, University of Colorado School of Medicine" id="PR_reasoned_2017_04_17_Instance_26735" type="identity">
      <class id="PR_EXT:000006300" label="lipoamide acyltransferase component of branched-chain alpha-keto acid dehydrogenase complex, mitochondrial"/>
      <span end="9853" id="16579849-26431" start="9851">E2</span>
    </annotation>
    <annotation annotator="Mike Bada, University of Colorado School of Medicine" id="PR_reasoned_2017_04_17_Instance_26737" type="identity">
      <class id="PR_EXT:000006300" label="lipoamide acyltransferase component of branched-chain alpha-keto acid dehydrogenase complex, mitochondrial"/>
      <span end="9865" id="16579849-26433" start="9863">E2</span>
    </annotation>
    <annotation annotator="Mike Bada, University of Colorado School of Medicine" id="PR_reasoned_2017_04_17_Instance_26739" type="identity">
      <class id="PR_EXT:000006300" label="lipoamide acyltransferase component of branched-chain alpha-keto acid dehydrogenase complex, mitochondrial"/>
      <span end="9951" id="16579849-26435" start="9949">E2</span>
    </annotation>
    <annotation annotator="Mike Bada, University of Colorado School of Medicine" id="PR_reasoned_2017_04_17_Instance_26741" type="identity">
      <class id="PR_EXT:000006300" label="lipoamide acyltransferase component of branched-chain alpha-keto acid dehydrogenase complex, mitochondrial"/>
      <span end="10169" id="16579849-26437" start="10167">E2</span>
    </annotation>
    <annotation annotator="Mike Bada, University of Colorado School of Medicine" id="PR_reasoned_2017_04_17_Instance_26743" type="identity">
      <class id="PR_EXT:000006300" label="lipoamide acyltransferase component of branched-chain alpha-keto acid dehydrogenase complex, mitochondrial"/>
      <span end="10400" id="16579849-26439" start="10398">E2</span>
    </annotation>
    <annotation annotator="Mike Bada, University of Colorado School of Medicine" id="PR_reasoned_2017_04_17_Instance_26745" type="identity">
      <class id="PR_EXT:000006300" label="lipoamide acyltransferase component of branched-chain alpha-keto acid dehydrogenase complex, mitochondrial"/>
      <span end="10788" id="16579849-26441" start="10786">E2</span>
    </annotation>
    <annotation annotator="Mike Bada, University of Colorado School of Medicine" id="PR_reasoned_2017_04_17_Instance_26747" type="identity">
      <class id="PR_EXT:000000084" label="c-myc protein"/>
      <span end="10868" id="16579849-26443" start="10863">c-myc</span>
    </annotation>
    <annotation annotator="Mike Bada, University of Colorado School of Medicine" id="PR_reasoned_2017_04_17_Instance_26749" type="identity">
      <class id="PR_EXT:000006300" label="lipoamide acyltransferase component of branched-chain alpha-keto acid dehydrogenase complex, mitochondrial"/>
      <span end="11045" id="16579849-26445" start="11043">E2</span>
    </annotation>
    <annotation annotator="Mike Bada, University of Colorado School of Medicine" id="PR_reasoned_2017_04_17_Instance_140558" type="identity">
      <class id="PR_EXT:P23940" label="type-2 restriction enzyme BamHI (Bacillus amyloliquefaciens)"/>
      <span end="11130" id="16579849-26384" start="11125">BamHI</span>
    </annotation>
    <annotation annotator="Mike Bada, University of Colorado School of Medicine" id="PR_reasoned_2017_04_17_Instance_26751" type="identity">
      <class id="PR_EXT:000006300" label="lipoamide acyltransferase component of branched-chain alpha-keto acid dehydrogenase complex, mitochondrial"/>
      <span end="11500" id="16579849-26447" start="11498">E2</span>
    </annotation>
    <annotation annotator="Mike Bada, University of Colorado School of Medicine" id="PR_reasoned_2017_04_17_Instance_26753" type="identity">
      <class id="PR_EXT:000006300" label="lipoamide acyltransferase component of branched-chain alpha-keto acid dehydrogenase complex, mitochondrial"/>
      <span end="11577" id="16579849-26449" start="11575">E2</span>
    </annotation>
    <annotation annotator="Mike Bada, University of Colorado School of Medicine" id="PR_reasoned_2017_04_17_Instance_26755" type="identity">
      <class id="PR_EXT:000006300" label="lipoamide acyltransferase component of branched-chain alpha-keto acid dehydrogenase complex, mitochondrial"/>
      <span end="11675" id="16579849-26451" start="11673">E2</span>
    </annotation>
    <annotation annotator="Mike Bada, University of Colorado School of Medicine" id="PR_reasoned_2017_04_17_Instance_26757" type="identity">
      <class id="PR_EXT:000005308" label="CCAAT/enhancer-binding protein beta"/>
      <span end="11696" id="16579849-26453" start="11693">LAP</span>
    </annotation>
    <annotation annotator="Mike Bada, University of Colorado School of Medicine" id="PR_reasoned_2017_04_17_Instance_26759" type="identity">
      <class id="PR_EXT:000006300" label="lipoamide acyltransferase component of branched-chain alpha-keto acid dehydrogenase complex, mitochondrial"/>
      <span end="13118" id="16579849-26455" start="13116">E2</span>
    </annotation>
    <annotation annotator="Mike Bada, University of Colorado School of Medicine" id="PR_reasoned_2017_04_17_Instance_113354" type="identity">
      <class id="CHEBI_PR_EXT:protein" label="protein"/>
      <span end="14936" id="16579849-26358" start="14929">protein</span>
    </annotation>
    <annotation annotator="Mike Bada, University of Colorado School of Medicine" id="PR_reasoned_2017_04_17_Instance_113356" type="identity">
      <class id="CHEBI_PR_EXT:protein" label="protein"/>
      <span end="15128" id="16579849-26360" start="15121">Protein</span>
    </annotation>
    <annotation annotator="Mike Bada, University of Colorado School of Medicine" id="PR_reasoned_2017_04_17_Instance_113358" type="identity">
      <class id="CHEBI_PR_EXT:protein" label="protein"/>
      <span end="15271" id="16579849-26362" start="15264">Protein</span>
    </annotation>
    <annotation annotator="Mike Bada, University of Colorado School of Medicine" id="PR_reasoned_2017_04_17_Instance_26761" type="identity">
      <class id="PR_EXT:000006300" label="lipoamide acyltransferase component of branched-chain alpha-keto acid dehydrogenase complex, mitochondrial"/>
      <span end="15479" id="16579849-26457" start="15477">E2</span>
    </annotation>
    <annotation annotator="Mike Bada, University of Colorado School of Medicine" id="PR_reasoned_2017_04_17_Instance_113360" type="identity">
      <class id="CHEBI_PR_EXT:protein" label="protein"/>
      <span end="15487" id="16579849-26364" start="15480">protein</span>
    </annotation>
    <annotation annotator="Mike Bada, University of Colorado School of Medicine" id="PR_reasoned_2017_04_17_Instance_26763" type="identity">
      <class id="PR_EXT:000006300" label="lipoamide acyltransferase component of branched-chain alpha-keto acid dehydrogenase complex, mitochondrial"/>
      <span end="15514" id="16579849-26459" start="15512">E2</span>
    </annotation>
    <annotation annotator="Mike Bada, University of Colorado School of Medicine" id="PR_reasoned_2017_04_17_Instance_26765" type="identity">
      <class id="PR_EXT:000006300" label="lipoamide acyltransferase component of branched-chain alpha-keto acid dehydrogenase complex, mitochondrial"/>
      <span end="15599" id="16579849-26461" start="15588">E2 subunits</span>
    </annotation>
    <annotation annotator="Mike Bada, University of Colorado School of Medicine" id="PR_reasoned_2017_04_17_Instance_26767" type="identity">
      <class id="PR_EXT:000000084" label="c-myc protein"/>
      <span end="15705" id="16579849-26463" start="15700">c-myc</span>
    </annotation>
    <annotation annotator="Mike Bada, University of Colorado School of Medicine" id="PR_reasoned_2017_04_17_Instance_26769" type="identity">
      <class id="PR_EXT:000003676" label="actin, cytoplasmic 1"/>
      <span end="15825" id="16579849-26465" start="15818">β-actin</span>
    </annotation>
    <annotation annotator="Mike Bada, University of Colorado School of Medicine" id="PR_reasoned_2017_04_17_Instance_26771" type="identity">
      <class id="PR_EXT:000006300" label="lipoamide acyltransferase component of branched-chain alpha-keto acid dehydrogenase complex, mitochondrial"/>
      <span end="16386" id="16579849-26467" start="16384">E2</span>
    </annotation>
    <annotation annotator="Mike Bada, University of Colorado School of Medicine" id="PR_reasoned_2017_04_17_Instance_26773" type="identity">
      <class id="PR_EXT:000006300" label="lipoamide acyltransferase component of branched-chain alpha-keto acid dehydrogenase complex, mitochondrial"/>
      <span end="16419" id="16579849-26469" start="16417">E2</span>
    </annotation>
    <annotation annotator="Mike Bada, University of Colorado School of Medicine" id="PR_reasoned_2017_04_17_Instance_26775" type="identity">
      <class id="PR_EXT:000006300" label="lipoamide acyltransferase component of branched-chain alpha-keto acid dehydrogenase complex, mitochondrial"/>
      <span end="16493" id="16579849-26471" start="16491">E2</span>
    </annotation>
    <annotation annotator="Mike Bada, University of Colorado School of Medicine" id="PR_reasoned_2017_04_17_Instance_26777" type="identity">
      <class id="PR_EXT:000006300" label="lipoamide acyltransferase component of branched-chain alpha-keto acid dehydrogenase complex, mitochondrial"/>
      <span end="16542" id="16579849-26473" start="16540">E2</span>
    </annotation>
    <annotation annotator="Mike Bada, University of Colorado School of Medicine" id="PR_reasoned_2017_04_17_Instance_26779" type="identity">
      <class id="PR_EXT:000006300" label="lipoamide acyltransferase component of branched-chain alpha-keto acid dehydrogenase complex, mitochondrial"/>
      <span end="16944" id="16579849-26475" start="16942">E2</span>
    </annotation>
    <annotation annotator="Mike Bada, University of Colorado School of Medicine" id="PR_reasoned_2017_04_17_Instance_26781" type="identity">
      <class id="PR_EXT:000006300" label="lipoamide acyltransferase component of branched-chain alpha-keto acid dehydrogenase complex, mitochondrial"/>
      <span end="16991" id="16579849-26477" start="16989">E2</span>
    </annotation>
    <annotation annotator="Mike Bada, University of Colorado School of Medicine" id="PR_reasoned_2017_04_17_Instance_26783" type="identity">
      <class id="PR_EXT:000006300" label="lipoamide acyltransferase component of branched-chain alpha-keto acid dehydrogenase complex, mitochondrial"/>
      <span end="17921" id="16579849-26479" start="17919">E2</span>
    </annotation>
    <annotation annotator="Mike Bada, University of Colorado School of Medicine" id="PR_reasoned_2017_04_17_Instance_26785" type="identity">
      <class id="PR_EXT:000006300" label="lipoamide acyltransferase component of branched-chain alpha-keto acid dehydrogenase complex, mitochondrial"/>
      <span end="18226" id="16579849-26481" start="18224">E2</span>
    </annotation>
    <annotation annotator="Mike Bada, University of Colorado School of Medicine" id="PR_reasoned_2017_04_17_Instance_26787" type="identity">
      <class id="PR_EXT:000006300" label="lipoamide acyltransferase component of branched-chain alpha-keto acid dehydrogenase complex, mitochondrial"/>
      <span end="18883" id="16579849-26483" start="18881">E2</span>
    </annotation>
    <annotation annotator="Mike Bada, University of Colorado School of Medicine" id="PR_reasoned_2017_04_17_Instance_26789" type="identity">
      <class id="PR_EXT:000006300" label="lipoamide acyltransferase component of branched-chain alpha-keto acid dehydrogenase complex, mitochondrial"/>
      <span end="18992" id="16579849-26485" start="18990">E2</span>
    </annotation>
    <annotation annotator="Mike Bada, University of Colorado School of Medicine" id="PR_reasoned_2017_04_17_Instance_26791" type="identity">
      <class id="PR_EXT:000006300" label="lipoamide acyltransferase component of branched-chain alpha-keto acid dehydrogenase complex, mitochondrial"/>
      <span end="20352" id="16579849-26487" start="20350">E2</span>
    </annotation>
    <annotation annotator="Mike Bada, University of Colorado School of Medicine" id="PR_reasoned_2017_04_17_Instance_26793" type="identity">
      <class id="PR_EXT:000006300" label="lipoamide acyltransferase component of branched-chain alpha-keto acid dehydrogenase complex, mitochondrial"/>
      <span end="20393" id="16579849-26489" start="20391">E2</span>
    </annotation>
    <annotation annotator="Mike Bada, University of Colorado School of Medicine" id="PR_reasoned_2017_04_17_Instance_113362" type="identity">
      <class id="CHEBI_PR_EXT:protein" label="protein"/>
      <span end="20401" id="16579849-26366" start="20394">protein</span>
    </annotation>
    <annotation annotator="Mike Bada, University of Colorado School of Medicine" id="PR_reasoned_2017_04_17_Instance_26795" type="identity">
      <class id="PR_EXT:000006300" label="lipoamide acyltransferase component of branched-chain alpha-keto acid dehydrogenase complex, mitochondrial"/>
      <span end="20462" id="16579849-26491" start="20460">E2</span>
    </annotation>
    <annotation annotator="Mike Bada, University of Colorado School of Medicine" id="PR_reasoned_2017_04_17_Instance_113364" type="identity">
      <class id="CHEBI_PR_EXT:protein" label="protein"/>
      <span end="20470" id="16579849-26368" start="20463">protein</span>
    </annotation>
    <annotation annotator="Mike Bada, University of Colorado School of Medicine" id="PR_reasoned_2017_04_17_Instance_26797" type="identity">
      <class id="PR_EXT:000006300" label="lipoamide acyltransferase component of branched-chain alpha-keto acid dehydrogenase complex, mitochondrial"/>
      <span end="20568" id="16579849-26493" start="20566">E2</span>
    </annotation>
    <annotation annotator="Mike Bada, University of Colorado School of Medicine" id="PR_reasoned_2017_04_17_Instance_113366" type="identity">
      <class id="CHEBI_PR_EXT:protein" label="protein"/>
      <span end="20576" id="16579849-26370" start="20569">protein</span>
    </annotation>
    <annotation annotator="Mike Bada, University of Colorado School of Medicine" id="PR_reasoned_2017_04_17_Instance_26799" type="identity">
      <class id="PR_EXT:000006300" label="lipoamide acyltransferase component of branched-chain alpha-keto acid dehydrogenase complex, mitochondrial"/>
      <span end="20637" id="16579849-26495" start="20635">E2</span>
    </annotation>
    <annotation annotator="Mike Bada, University of Colorado School of Medicine" id="PR_reasoned_2017_04_17_Instance_26801" type="identity">
      <class id="PR_EXT:000006300" label="lipoamide acyltransferase component of branched-chain alpha-keto acid dehydrogenase complex, mitochondrial"/>
      <span end="22406" id="16579849-26497" start="22404">E2</span>
    </annotation>
    <annotation annotator="Mike Bada, University of Colorado School of Medicine" id="PR_reasoned_2017_04_17_Instance_26803" type="identity">
      <class id="PR_EXT:000006300" label="lipoamide acyltransferase component of branched-chain alpha-keto acid dehydrogenase complex, mitochondrial"/>
      <span end="22454" id="16579849-26499" start="22452">E2</span>
    </annotation>
    <annotation annotator="Mike Bada, University of Colorado School of Medicine" id="PR_reasoned_2017_04_17_Instance_26805" type="identity">
      <class id="PR_EXT:000006300" label="lipoamide acyltransferase component of branched-chain alpha-keto acid dehydrogenase complex, mitochondrial"/>
      <span end="22715" id="16579849-26501" start="22713">E2</span>
    </annotation>
    <annotation annotator="Mike Bada, University of Colorado School of Medicine" id="PR_reasoned_2017_04_17_Instance_26807" type="identity">
      <class id="PR_EXT:000006300" label="lipoamide acyltransferase component of branched-chain alpha-keto acid dehydrogenase complex, mitochondrial"/>
      <span end="22794" id="16579849-26503" start="22792">E2</span>
    </annotation>
    <annotation annotator="Mike Bada, University of Colorado School of Medicine" id="PR_reasoned_2017_04_17_Instance_26809" type="identity">
      <class id="PR_EXT:000006300" label="lipoamide acyltransferase component of branched-chain alpha-keto acid dehydrogenase complex, mitochondrial"/>
      <span end="23146" id="16579849-26505" start="23144">E2</span>
    </annotation>
    <annotation annotator="Mike Bada, University of Colorado School of Medicine" id="PR_reasoned_2017_04_17_Instance_26811" type="identity">
      <class id="PR_EXT:000006300" label="lipoamide acyltransferase component of branched-chain alpha-keto acid dehydrogenase complex, mitochondrial"/>
      <span end="23165" id="16579849-26507" start="23163">E2</span>
    </annotation>
    <annotation annotator="Mike Bada, University of Colorado School of Medicine" id="PR_reasoned_2017_04_17_Instance_26815" type="identity">
      <class id="PR_EXT:000005308" label="CCAAT/enhancer-binding protein beta"/>
      <span end="23231" id="16579849-26511" start="23228">LAP</span>
    </annotation>
    <annotation annotator="Mike Bada, University of Colorado School of Medicine" id="PR_reasoned_2017_04_17_Instance_26813" type="identity">
      <class id="PR_EXT:000006300" label="lipoamide acyltransferase component of branched-chain alpha-keto acid dehydrogenase complex, mitochondrial"/>
      <span end="23258" id="16579849-26509" start="23256">E2</span>
    </annotation>
    <annotation annotator="Mike Bada, University of Colorado School of Medicine" id="PR_reasoned_2017_04_17_Instance_26817" type="identity">
      <class id="PR_EXT:000005308" label="CCAAT/enhancer-binding protein beta"/>
      <span end="23287" id="16579849-26513" start="23284">LAP</span>
    </annotation>
    <annotation annotator="Mike Bada, University of Colorado School of Medicine" id="PR_reasoned_2017_04_17_Instance_26819" type="identity">
      <class id="PR_EXT:000006300" label="lipoamide acyltransferase component of branched-chain alpha-keto acid dehydrogenase complex, mitochondrial"/>
      <span end="23535" id="16579849-26515" start="23533">E2</span>
    </annotation>
    <annotation annotator="Mike Bada, University of Colorado School of Medicine" id="PR_reasoned_2017_04_17_Instance_26821" type="identity">
      <class id="PR_EXT:000006300" label="lipoamide acyltransferase component of branched-chain alpha-keto acid dehydrogenase complex, mitochondrial"/>
      <span end="23580" id="16579849-26517" start="23578">E2</span>
    </annotation>
    <annotation annotator="Mike Bada, University of Colorado School of Medicine" id="PR_reasoned_2017_04_17_Instance_26823" type="identity">
      <class id="PR_EXT:000006300" label="lipoamide acyltransferase component of branched-chain alpha-keto acid dehydrogenase complex, mitochondrial"/>
      <span end="23776" id="16579849-26519" start="23774">E2</span>
    </annotation>
    <annotation annotator="Mike Bada, University of Colorado School of Medicine" id="PR_reasoned_2017_04_17_Instance_26825" type="identity">
      <class id="PR_EXT:000005308" label="CCAAT/enhancer-binding protein beta"/>
      <span end="23781" id="16579849-26521" start="23778">LAP</span>
    </annotation>
    <annotation annotator="Mike Bada, University of Colorado School of Medicine" id="PR_reasoned_2017_04_17_Instance_26827" type="identity">
      <class id="PR_EXT:000005308" label="CCAAT/enhancer-binding protein beta"/>
      <span end="23934" id="16579849-26523" start="23931">LAP</span>
    </annotation>
    <annotation annotator="Mike Bada, University of Colorado School of Medicine" id="PR_reasoned_2017_04_17_Instance_26829" type="identity">
      <class id="PR_EXT:000006300" label="lipoamide acyltransferase component of branched-chain alpha-keto acid dehydrogenase complex, mitochondrial"/>
      <span end="23955" id="16579849-26525" start="23953">E2</span>
    </annotation>
    <annotation annotator="Mike Bada, University of Colorado School of Medicine" id="PR_reasoned_2017_04_17_Instance_26831" type="identity">
      <class id="PR_EXT:000006300" label="lipoamide acyltransferase component of branched-chain alpha-keto acid dehydrogenase complex, mitochondrial"/>
      <span end="24084" id="16579849-26527" start="24082">E2</span>
    </annotation>
    <annotation annotator="Mike Bada, University of Colorado School of Medicine" id="PR_reasoned_2017_04_17_Instance_26833" type="identity">
      <class id="PR_EXT:000000084" label="c-myc protein"/>
      <span end="24117" id="16579849-26529" start="24112">c-myc</span>
    </annotation>
    <annotation annotator="Mike Bada, University of Colorado School of Medicine" id="PR_reasoned_2017_04_17_Instance_26835" type="identity">
      <class id="PR_EXT:000006300" label="lipoamide acyltransferase component of branched-chain alpha-keto acid dehydrogenase complex, mitochondrial"/>
      <span end="24272" id="16579849-26531" start="24270">E2</span>
    </annotation>
    <annotation annotator="Mike Bada, University of Colorado School of Medicine" id="PR_reasoned_2017_04_17_Instance_113368" type="identity">
      <class id="CHEBI_PR_EXT:protein" label="protein"/>
      <span end="24280" id="16579849-26372" start="24273">protein</span>
    </annotation>
    <annotation annotator="Mike Bada, University of Colorado School of Medicine" id="PR_reasoned_2017_04_17_Instance_26837" type="identity">
      <class id="PR_EXT:000006300" label="lipoamide acyltransferase component of branched-chain alpha-keto acid dehydrogenase complex, mitochondrial"/>
      <span end="24361" id="16579849-26533" start="24359">E2</span>
    </annotation>
    <annotation annotator="Mike Bada, University of Colorado School of Medicine" id="PR_reasoned_2017_04_17_Instance_113370" type="identity">
      <class id="CHEBI_PR_EXT:protein" label="protein"/>
      <span end="24369" id="16579849-26374" start="24362">protein</span>
    </annotation>
    <annotation annotator="Mike Bada, University of Colorado School of Medicine" id="PR_reasoned_2017_04_17_Instance_26839" type="identity">
      <class id="PR_EXT:000006300" label="lipoamide acyltransferase component of branched-chain alpha-keto acid dehydrogenase complex, mitochondrial"/>
      <span end="24511" id="16579849-26535" start="24509">E2</span>
    </annotation>
    <annotation annotator="Mike Bada, University of Colorado School of Medicine" id="PR_reasoned_2017_04_17_Instance_26841" type="identity">
      <class id="PR_EXT:000000084" label="c-myc protein"/>
      <span end="24567" id="16579849-26537" start="24562">c-myc</span>
    </annotation>
    <annotation annotator="Mike Bada, University of Colorado School of Medicine" id="PR_reasoned_2017_04_17_Instance_26843" type="identity">
      <class id="PR_EXT:000000084" label="c-myc protein"/>
      <span end="24635" id="16579849-26539" start="24630">c-myc</span>
    </annotation>
    <annotation annotator="Mike Bada, University of Colorado School of Medicine" id="PR_reasoned_2017_04_17_Instance_26845" type="identity">
      <class id="PR_EXT:000006300" label="lipoamide acyltransferase component of branched-chain alpha-keto acid dehydrogenase complex, mitochondrial"/>
      <span end="24652" id="16579849-26541" start="24650">E2</span>
    </annotation>
    <annotation annotator="Mike Bada, University of Colorado School of Medicine" id="PR_reasoned_2017_04_17_Instance_26847" type="identity">
      <class id="PR_EXT:000006300" label="lipoamide acyltransferase component of branched-chain alpha-keto acid dehydrogenase complex, mitochondrial"/>
      <span end="24807" id="16579849-26543" start="24805">E2</span>
    </annotation>
    <annotation annotator="Mike Bada, University of Colorado School of Medicine" id="PR_reasoned_2017_04_17_Instance_26849" type="identity">
      <class id="PR_EXT:000003676" label="actin, cytoplasmic 1"/>
      <span end="24864" id="16579849-26545" start="24859">actin</span>
    </annotation>
    <annotation annotator="Mike Bada, University of Colorado School of Medicine" id="PR_reasoned_2017_04_17_Instance_113372" type="identity">
      <class id="CHEBI_PR_EXT:protein" label="protein"/>
      <span end="24900" id="16579849-26376" start="24893">protein</span>
    </annotation>
    <annotation annotator="Mike Bada, University of Colorado School of Medicine" id="PR_reasoned_2017_04_17_Instance_26851" type="identity">
      <class id="PR_EXT:000005308" label="CCAAT/enhancer-binding protein beta"/>
      <span end="24941" id="16579849-26547" start="24938">LAP</span>
    </annotation>
    <annotation annotator="Mike Bada, University of Colorado School of Medicine" id="PR_reasoned_2017_04_17_Instance_26853" type="identity">
      <class id="PR_EXT:000006300" label="lipoamide acyltransferase component of branched-chain alpha-keto acid dehydrogenase complex, mitochondrial"/>
      <span end="25111" id="16579849-26549" start="25109">E2</span>
    </annotation>
    <annotation annotator="Mike Bada, University of Colorado School of Medicine" id="PR_reasoned_2017_04_17_Instance_26855" type="identity">
      <class id="PR_EXT:000006300" label="lipoamide acyltransferase component of branched-chain alpha-keto acid dehydrogenase complex, mitochondrial"/>
      <span end="25818" id="16579849-26551" start="25816">E2</span>
    </annotation>
    <annotation annotator="Mike Bada, University of Colorado School of Medicine" id="PR_reasoned_2017_04_17_Instance_26857" type="identity">
      <class id="PR_EXT:000005308" label="CCAAT/enhancer-binding protein beta"/>
      <span end="25924" id="16579849-26553" start="25921">LAP</span>
    </annotation>
    <annotation annotator="Mike Bada, University of Colorado School of Medicine" id="PR_reasoned_2017_04_17_Instance_26859" type="identity">
      <class id="PR_EXT:000006300" label="lipoamide acyltransferase component of branched-chain alpha-keto acid dehydrogenase complex, mitochondrial"/>
      <span end="25971" id="16579849-26555" start="25969">E2</span>
    </annotation>
    <annotation annotator="Mike Bada, University of Colorado School of Medicine" id="PR_reasoned_2017_04_17_Instance_26861" type="identity">
      <class id="PR_EXT:000005308" label="CCAAT/enhancer-binding protein beta"/>
      <span end="26066" id="16579849-26557" start="26063">LAP</span>
    </annotation>
    <annotation annotator="Mike Bada, University of Colorado School of Medicine" id="PR_reasoned_2017_04_17_Instance_26863" type="identity">
      <class id="PR_EXT:000006300" label="lipoamide acyltransferase component of branched-chain alpha-keto acid dehydrogenase complex, mitochondrial"/>
      <span end="26092" id="16579849-26559" start="26090">E2</span>
    </annotation>
    <annotation annotator="Mike Bada, University of Colorado School of Medicine" id="PR_reasoned_2017_04_17_Instance_26865" type="identity">
      <class id="PR_EXT:000006300" label="lipoamide acyltransferase component of branched-chain alpha-keto acid dehydrogenase complex, mitochondrial"/>
      <span end="26114" id="16579849-26561" start="26112">E2</span>
    </annotation>
    <annotation annotator="Mike Bada, University of Colorado School of Medicine" id="PR_reasoned_2017_04_17_Instance_26867" type="identity">
      <class id="PR_EXT:000006300" label="lipoamide acyltransferase component of branched-chain alpha-keto acid dehydrogenase complex, mitochondrial"/>
      <span end="26388" id="16579849-26563" start="26386">E2</span>
    </annotation>
    <annotation annotator="Mike Bada, University of Colorado School of Medicine" id="PR_reasoned_2017_04_17_Instance_26869" type="identity">
      <class id="PR_EXT:000006300" label="lipoamide acyltransferase component of branched-chain alpha-keto acid dehydrogenase complex, mitochondrial"/>
      <span end="26876" id="16579849-26565" start="26874">E2</span>
    </annotation>
    <annotation annotator="Mike Bada, University of Colorado School of Medicine" id="PR_reasoned_2017_04_17_Instance_26871" type="identity">
      <class id="PR_EXT:000006300" label="lipoamide acyltransferase component of branched-chain alpha-keto acid dehydrogenase complex, mitochondrial"/>
      <span end="27350" id="16579849-26567" start="27348">E2</span>
    </annotation>
    <annotation annotator="Mike Bada, University of Colorado School of Medicine" id="PR_reasoned_2017_04_17_Instance_26875" type="identity">
      <class id="PR_EXT:000005308" label="CCAAT/enhancer-binding protein beta"/>
      <span end="27380" id="16579849-26571" start="27377">LAP</span>
    </annotation>
    <annotation annotator="Mike Bada, University of Colorado School of Medicine" id="PR_reasoned_2017_04_17_Instance_26873" type="identity">
      <class id="PR_EXT:000006300" label="lipoamide acyltransferase component of branched-chain alpha-keto acid dehydrogenase complex, mitochondrial"/>
      <span end="27395" id="16579849-26569" start="27393">E2</span>
    </annotation>
    <annotation annotator="Mike Bada, University of Colorado School of Medicine" id="PR_reasoned_2017_04_17_Instance_26877" type="identity">
      <class id="PR_EXT:000005308" label="CCAAT/enhancer-binding protein beta"/>
      <span end="29237" id="16579849-26573" start="29234">LAP</span>
    </annotation>
    <annotation annotator="Mike Bada, University of Colorado School of Medicine" id="PR_reasoned_2017_04_17_Instance_26879" type="identity">
      <class id="PR_EXT:000006300" label="lipoamide acyltransferase component of branched-chain alpha-keto acid dehydrogenase complex, mitochondrial"/>
      <span end="29304" id="16579849-26575" start="29302">E2</span>
    </annotation>
    <annotation annotator="Mike Bada, University of Colorado School of Medicine" id="PR_reasoned_2017_04_17_Instance_26881" type="identity">
      <class id="PR_EXT:000006300" label="lipoamide acyltransferase component of branched-chain alpha-keto acid dehydrogenase complex, mitochondrial"/>
      <span end="29419" id="16579849-26577" start="29417">E2</span>
    </annotation>
    <annotation annotator="Mike Bada, University of Colorado School of Medicine" id="PR_reasoned_2017_04_17_Instance_113374" type="identity">
      <class id="CHEBI_PR_EXT:protein" label="protein"/>
      <span end="29427" id="16579849-26378" start="29420">protein</span>
    </annotation>
    <annotation annotator="Mike Bada, University of Colorado School of Medicine" id="PR_reasoned_2017_04_17_Instance_26883" type="identity">
      <class id="PR_EXT:000006300" label="lipoamide acyltransferase component of branched-chain alpha-keto acid dehydrogenase complex, mitochondrial"/>
      <span end="29661" id="16579849-26579" start="29659">E2</span>
    </annotation>
    <annotation annotator="Mike Bada, University of Colorado School of Medicine" id="PR_reasoned_2017_04_17_Instance_26885" type="identity">
      <class id="PR_EXT:000006300" label="lipoamide acyltransferase component of branched-chain alpha-keto acid dehydrogenase complex, mitochondrial"/>
      <span end="29796" id="16579849-26581" start="29794">E2</span>
    </annotation>
    <annotation annotator="Mike Bada, University of Colorado School of Medicine" id="PR_reasoned_2017_04_17_Instance_26887" type="identity">
      <class id="PR_EXT:000006300" label="lipoamide acyltransferase component of branched-chain alpha-keto acid dehydrogenase complex, mitochondrial"/>
      <span end="29846" id="16579849-26583" start="29844">E2</span>
    </annotation>
    <annotation annotator="Mike Bada, University of Colorado School of Medicine" id="PR_reasoned_2017_04_17_Instance_26889" type="identity">
      <class id="PR_EXT:000006300" label="lipoamide acyltransferase component of branched-chain alpha-keto acid dehydrogenase complex, mitochondrial"/>
      <span end="29958" id="16579849-26585" start="29956">E2</span>
    </annotation>
    <annotation annotator="Mike Bada, University of Colorado School of Medicine" id="PR_reasoned_2017_04_17_Instance_113376" type="identity">
      <class id="CHEBI_PR_EXT:protein" label="protein"/>
      <span end="29966" id="16579849-26380" start="29959">protein</span>
    </annotation>
    <annotation annotator="Mike Bada, University of Colorado School of Medicine" id="PR_reasoned_2017_04_17_Instance_26891" type="identity">
      <class id="PR_EXT:000006300" label="lipoamide acyltransferase component of branched-chain alpha-keto acid dehydrogenase complex, mitochondrial"/>
      <span end="30053" id="16579849-26587" start="30051">E2</span>
    </annotation>
    <annotation annotator="Mike Bada, University of Colorado School of Medicine" id="PR_reasoned_2017_04_17_Instance_26893" type="identity">
      <class id="PR_EXT:000000084" label="c-myc protein"/>
      <span end="30121" id="16579849-26589" start="30116">c-myc</span>
    </annotation>
    <annotation annotator="Mike Bada, University of Colorado School of Medicine" id="PR_reasoned_2017_04_17_Instance_26895" type="identity">
      <class id="PR_EXT:000006300" label="lipoamide acyltransferase component of branched-chain alpha-keto acid dehydrogenase complex, mitochondrial"/>
      <span end="30183" id="16579849-26591" start="30181">E2</span>
    </annotation>
    <annotation annotator="Mike Bada, University of Colorado School of Medicine" id="PR_reasoned_2017_04_17_Instance_26897" type="identity">
      <class id="PR_EXT:000006300" label="lipoamide acyltransferase component of branched-chain alpha-keto acid dehydrogenase complex, mitochondrial"/>
      <span end="30591" id="16579849-26593" start="30589">E2</span>
    </annotation>
    <annotation annotator="Mike Bada, University of Colorado School of Medicine" id="PR_reasoned_2017_04_17_Instance_26907" type="identity">
      <class id="PR_EXT:000006506" label="dihydrolipoyl dehydrogenase, mitochondrial"/>
      <span end="30661" id="16579849-26603" start="30650">E3 subunits</span>
    </annotation>
    <annotation annotator="Mike Bada, University of Colorado School of Medicine" id="PR_reasoned_2017_04_17_Instance_26899" type="identity">
      <class id="PR_EXT:000006300" label="lipoamide acyltransferase component of branched-chain alpha-keto acid dehydrogenase complex, mitochondrial"/>
      <span end="30671" id="16579849-26595" start="30669">E2</span>
    </annotation>
    <annotation annotator="Mike Bada, University of Colorado School of Medicine" id="PR_reasoned_2017_04_17_Instance_26901" type="identity">
      <class id="PR_EXT:000006300" label="lipoamide acyltransferase component of branched-chain alpha-keto acid dehydrogenase complex, mitochondrial"/>
      <span end="30704" id="16579849-26597" start="30702">E2</span>
    </annotation>
    <annotation annotator="Mike Bada, University of Colorado School of Medicine" id="PR_reasoned_2017_04_17_Instance_26903" type="identity">
      <class id="PR_EXT:000006300" label="lipoamide acyltransferase component of branched-chain alpha-keto acid dehydrogenase complex, mitochondrial"/>
      <span end="30796" id="16579849-26599" start="30794">E2</span>
    </annotation>
    <annotation annotator="Mike Bada, University of Colorado School of Medicine" id="PR_reasoned_2017_04_17_Instance_26905" type="identity">
      <class id="PR_EXT:000006300" label="lipoamide acyltransferase component of branched-chain alpha-keto acid dehydrogenase complex, mitochondrial"/>
      <span end="30898" id="16579849-26601" start="30896">E2</span>
    </annotation>
    <annotation annotator="Mike Bada, University of Colorado School of Medicine" id="PR_reasoned_2017_04_17_Instance_26909" type="identity">
      <class id="PR_EXT:000006300" label="lipoamide acyltransferase component of branched-chain alpha-keto acid dehydrogenase complex, mitochondrial"/>
      <span end="32357" id="16579849-26605" start="32338">E2 subunit of BCKDH</span>
    </annotation>
    <annotation annotator="Mike Bada, University of Colorado School of Medicine" id="PR_reasoned_2017_04_17_Instance_26911" type="identity">
      <class id="PR_EXT:000006300" label="lipoamide acyltransferase component of branched-chain alpha-keto acid dehydrogenase complex, mitochondrial"/>
      <span end="32937" id="16579849-26607" start="32935">E2</span>
    </annotation>
    <annotation annotator="Mike Bada, University of Colorado School of Medicine" id="PR_reasoned_2017_04_17_Instance_113378" type="identity">
      <class id="CHEBI_PR_EXT:protein" label="protein"/>
      <span end="32945" id="16579849-26382" start="32938">protein</span>
    </annotation>
    <annotation annotator="Mike Bada, University of Colorado School of Medicine" id="PR_reasoned_2017_04_17_Instance_26913" type="identity">
      <class id="PR_EXT:000006300" label="lipoamide acyltransferase component of branched-chain alpha-keto acid dehydrogenase complex, mitochondrial"/>
      <span end="34199" id="16579849-26609" start="34197">E2</span>
    </annotation>
    <annotation annotator="Mike Bada, University of Colorado School of Medicine" id="PR_reasoned_2017_04_17_Instance_26915" type="identity">
      <class id="PR_EXT:000006300" label="lipoamide acyltransferase component of branched-chain alpha-keto acid dehydrogenase complex, mitochondrial"/>
      <span end="34218" id="16579849-26611" start="34216">E2</span>
    </annotation>
    <annotation annotator="Mike Bada, University of Colorado School of Medicine" id="PR_reasoned_2017_04_17_Instance_26917" type="identity">
      <class id="PR_EXT:000006300" label="lipoamide acyltransferase component of branched-chain alpha-keto acid dehydrogenase complex, mitochondrial"/>
      <span end="34256" id="16579849-26613" start="34254">E2</span>
    </annotation>
    <annotation annotator="Mike Bada, University of Colorado School of Medicine" id="PR_reasoned_2017_04_17_Instance_26919" type="identity">
      <class id="PR_EXT:000006300" label="lipoamide acyltransferase component of branched-chain alpha-keto acid dehydrogenase complex, mitochondrial"/>
      <span end="34295" id="16579849-26615" start="34293">E2</span>
    </annotation>
    <annotation annotator="Mike Bada, University of Colorado School of Medicine" id="PR_reasoned_2017_04_17_Instance_26921" type="identity">
      <class id="PR_EXT:000006300" label="lipoamide acyltransferase component of branched-chain alpha-keto acid dehydrogenase complex, mitochondrial"/>
      <span end="34371" id="16579849-26617" start="34369">E2</span>
    </annotation>
    <annotation annotator="Mike Bada, University of Colorado School of Medicine" id="PR_reasoned_2017_04_17_Instance_26923" type="identity">
      <class id="PR_EXT:000006300" label="lipoamide acyltransferase component of branched-chain alpha-keto acid dehydrogenase complex, mitochondrial"/>
      <span end="35575" id="16579849-26619" start="35573">E2</span>
    </annotation>
    <annotation annotator="Mike Bada, University of Colorado School of Medicine" id="PR_reasoned_2017_04_17_Instance_26925" type="identity">
      <class id="PR_EXT:000004683" label="branched-chain-amino-acid aminotransferase, mitochondrial"/>
      <span end="36195" id="16579849-26621" start="36177">mitochondrial BCAT</span>
    </annotation>
    <annotation annotator="Mike Bada, University of Colorado School of Medicine" id="PR_reasoned_2017_04_17_backup_Instance_602" type="identity">
      <class id="GO_PR_EXT:branched_chain_amino_acid_aminotransferase" label="branched-chain-amino-acid aminotransferase"/>
      <span end="36553" id="16579849-26346" start="36549">BCAT</span>
    </annotation>
    <annotation annotator="Mike Bada, University of Colorado School of Medicine" id="PR_reasoned_2017_04_17_Instance_26929" type="identity">
      <class id="PR_EXT:000006300" label="lipoamide acyltransferase component of branched-chain alpha-keto acid dehydrogenase complex, mitochondrial"/>
      <span end="38405" id="16579849-26623" start="38403">E2</span>
    </annotation>
    <annotation annotator="Mike Bada, University of Colorado School of Medicine" id="PR_reasoned_2017_04_17_backup_Instance_604" type="identity">
      <class id="GO_PR_EXT:branched_chain_amino_acid_aminotransferase" label="branched-chain-amino-acid aminotransferase"/>
      <span end="39605" id="16579849-26348" start="39601">BCAT</span>
    </annotation>
    <annotation annotator="Mike Bada, University of Colorado School of Medicine" id="PR_reasoned_2017_04_17_backup_Instance_606" type="identity">
      <class id="GO_PR_EXT:branched_chain_amino_acid_aminotransferase" label="branched-chain-amino-acid aminotransferase"/>
      <span end="39638" id="16579849-26350" start="39607">branched chain aminotransferase</span>
    </annotation>
    <annotation annotator="Mike Bada, University of Colorado School of Medicine" id="PR_reasoned_2017_04_17_Instance_26935" type="identity">
      <class id="PR_EXT:000006300" label="lipoamide acyltransferase component of branched-chain alpha-keto acid dehydrogenase complex, mitochondrial"/>
      <span end="40668" id="16579849-26625" start="40666">E2</span>
    </annotation>
    <graph-space id="Old Knowtator Relations"/>
  </document>
</knowtator-project>
