<?xml version="1.0" encoding="UTF-8" standalone="no"?>
<knowtator-project>
    <document id="11597317" text-file="11597317.txt">
        <annotation annotator="" id="GO_CC_2016_02_16_Instance_101457" type="identity">
            <class id="GO:0005634" label="nucleus"/>
            <span end="1548" id="11597317-22" start="1541">nuclear</span>
        </annotation>
        <annotation annotator="Mike Bada, University of Colorado Anschutz Medical Campus" id="GO_CC_2016_02_16_test_Instance_25711" type="identity">
            <class id="GO:0005634" label="nucleus"/>
            <span end="1742" id="11597317-36" start="1735">nuclear</span>
        </annotation>
        <annotation annotator="" id="GO_CC_2016_02_16_Instance_48" type="identity">
            <class id="GO:0005634" label="nucleus"/>
            <span end="2468" id="11597317-24" start="2461">nuclear</span>
        </annotation>
        <annotation annotator="Mike Bada, University of Colorado Anschutz Medical Campus" id="GO_CC_2016_02_16_test_Instance_25713" type="identity">
            <class id="GO:0032991" label="macromolecular complex"/>
            <span end="2590" id="11597317-38" start="2581">complexes</span>
        </annotation>
        <annotation annotator="" id="GO_CC_2016_02_16_Instance_50" type="identity">
            <class id="GO:0005634" label="nucleus"/>
            <span end="7705" id="11597317-26" start="7698">nuclear</span>
        </annotation>
        <annotation annotator="Mike Bada, University of Colorado Anschutz Medical Campus" id="GO_CC_2016_02_16_test_Instance_25715" type="identity">
            <class id="GO:0005737" label="cytoplasm"/>
            <span end="8710" id="11597317-40" start="8701">cytoplasm</span>
        </annotation>
        <annotation annotator="Mike Bada, University of Colorado Anschutz Medical Campus" id="GO_CC_2016_02_16_test_Instance_25717" type="identity">
            <class id="GO:0005634" label="nucleus"/>
            <span end="8780" id="11597317-42" start="8773">nuclear</span>
        </annotation>
        <annotation annotator="Mike Bada, University of Colorado Anschutz Medical Campus" id="GO_CC_2016_02_16_test_Instance_25719" type="identity">
            <class id="GO:0005634" label="nucleus"/>
            <span end="8867" id="11597317-44" start="8860">nuclear</span>
        </annotation>
        <annotation annotator="Mike Bada, University of Colorado Anschutz Medical Campus" id="GO_CC_2016_02_16_test_Instance_25721" type="identity">
            <class id="GO:0005634" label="nucleus"/>
            <span end="8960" id="11597317-46" start="8953">nucleus</span>
        </annotation>
        <annotation annotator="Mike Bada, University of Colorado Anschutz Medical Campus" id="GO_CC_2016_02_16_test_Instance_25723" type="identity">
            <class id="GO:0005737" label="cytoplasm"/>
            <span end="9111" id="11597317-48" start="9102">cytoplasm</span>
        </annotation>
        <annotation annotator="Mike Bada, University of Colorado Anschutz Medical Campus" id="GO_CC_2016_02_16_test_Instance_25725" type="identity">
            <class id="GO:0005634" label="nucleus"/>
            <span end="9522" id="11597317-50" start="9515">nuclear</span>
        </annotation>
        <annotation annotator="" id="GO_CC_2016_02_16_Instance_52" type="identity">
            <class id="GO:1990391" label="DNA repair complex"/>
            <span end="9872" id="11597317-28" start="9858">repair complex</span>
        </annotation>
        <annotation annotator="" id="GO_CC_2016_02_16_Instance_54" type="identity">
            <class id="GO:1990391" label="DNA repair complex"/>
            <span end="10480" id="11597317-30" start="10464">repair complexes</span>
        </annotation>
        <annotation annotator="Mike Bada, University of Colorado Anschutz Medical Campus" id="GO_CC_2016_02_16_test_Instance_25731" type="identity">
            <class id="GO:0032991" label="macromolecular complex"/>
            <span end="11252" id="11597317-52" start="11245">complex</span>
        </annotation>
        <annotation annotator="" id="GO_CC_2016_02_16_Instance_56" type="identity">
            <class id="GO:0005634" label="nucleus"/>
            <span end="11482" id="11597317-32" start="11475">nuclear</span>
        </annotation>
        <annotation annotator="Mike Bada, University of Colorado Anschutz Medical Campus" id="GO_CC_2016_02_16_test_Instance_25733" type="identity">
            <class id="GO:0032991" label="macromolecular complex"/>
            <span end="11610" id="11597317-54" start="11603">complex</span>
        </annotation>
        <annotation annotator="Mike Bada, University of Colorado Anschutz Medical Campus" id="GO_CC_2016_02_16_test_Instance_25735" type="identity">
            <class id="GO:0005634" label="nucleus"/>
            <span end="12181" id="11597317-56" start="12174">nucleus</span>
        </annotation>
        <annotation annotator="Mike Bada, University of Colorado Anschutz Medical Campus" id="GO_CC_2016_02_16_test_Instance_25737" type="identity">
            <class id="GO:0005634" label="nucleus"/>
            <span end="12227" id="11597317-58" start="12220">nuclear</span>
        </annotation>
        <annotation annotator="Mike Bada, University of Colorado Anschutz Medical Campus" id="GO_CC_2016_02_16_test_Instance_25741" type="identity">
            <class id="GO:0032991" label="macromolecular complex"/>
            <span end="13846" id="11597317-60" start="13837">complexes</span>
        </annotation>
        <annotation annotator="" id="GO_CC_2016_02_16_Instance_58" type="identity">
            <class id="GO:1990391" label="DNA repair complex"/>
            <span end="14232" id="11597317-34" start="14216">repair complexes</span>
        </annotation>
        <graph-space id="Old Knowtator Relations"/>
    </document>
</knowtator-project>
