<?xml version="1.0" encoding="UTF-8" standalone="no"?>
<knowtator-project>
  <document id="12079497" text-file="12079497.txt">
    <annotation annotator="Mike Bada, University of Colorado Anschutz Medical Campus" id="GO_CC_2016_02_16_test_Instance_25899" type="identity">
      <class id="GO:0048471" label="perinuclear region of cytoplasm"/>
      <span end="6708" id="12079497-129" start="6686">perinuclear regions of</span>
      <span end="6722" id="12079497-130" start="6713">cytoplasm</span>
    </annotation>
    <annotation annotator="Mike Bada, University of Colorado Anschutz Medical Campus" id="GO_CC_2016_02_16_test_Instance_25903" type="identity">
      <class id="GO:0030425" label="dendrite"/>
      <span end="6855" id="12079497-132" start="6846">dendrites</span>
    </annotation>
    <annotation annotator="Mike Bada, University of Colorado Anschutz Medical Campus" id="GO_CC_2016_02_16_test_Instance_25905" type="identity">
      <class id="GO:0030424" label="axon"/>
      <span end="6865" id="12079497-134" start="6860">axons</span>
    </annotation>
    <annotation annotator="Mike Bada, University of Colorado Anschutz Medical Campus" id="GO_CC_2016_02_16_test_Instance_25907" type="identity">
      <class id="GO:0005634" label="nucleus"/>
      <span end="7048" id="12079497-136" start="7041">nuclear</span>
    </annotation>
    <graph-space id="Old Knowtator Relations"/>
  </document>
</knowtator-project>
