<?xml version="1.0" encoding="UTF-8" standalone="no"?>
<knowtator-project>
  <document id="12546709" text-file="12546709.txt">
    <annotation annotator="" id="GO_CC_2016_02_16_Instance_101571" type="identity">
      <class id="GO:0005634" label="nucleus"/>
      <span end="1164" id="12546709-140" start="1157">nucleic</span>
    </annotation>
    <annotation annotator="Mike Bada, University of Colorado Anschutz Medical Campus" id="GO_CC_2016_02_16_test_Instance_25909" type="identity">
      <class id="GO:0005884" label="actin filament"/>
      <span end="4078" id="12546709-186" start="4064">actin filament</span>
    </annotation>
    <annotation annotator="Mike Bada, University of Colorado Anschutz Medical Campus" id="GO_CC_2016_02_16_test_Instance_25911" type="identity">
      <class id="GO:0045098" label="type III intermediate filament"/>
      <span end="4347" id="12546709-188" start="4317">type III intermediate filament</span>
    </annotation>
    <annotation annotator="Mike Bada, University of Colorado Anschutz Medical Campus" id="GO_CC_2016_02_16_test_Instance_25913" type="identity">
      <class id="GO:0005634" label="nucleus"/>
      <span end="4844" id="12546709-190" start="4838">nuclei</span>
    </annotation>
    <annotation annotator="Mike Bada, University of Colorado Anschutz Medical Campus" id="GO_CC_2016_02_16_test_Instance_25915" type="identity">
      <class id="GO:0005634" label="nucleus"/>
      <span end="4895" id="12546709-192" start="4888">nucleus</span>
    </annotation>
    <annotation annotator="Mike Bada, University of Colorado Anschutz Medical Campus" id="GO_CC_2016_02_16_test_Instance_25917" type="identity">
      <class id="GO:0005634" label="nucleus"/>
      <span end="4911" id="12546709-194" start="4904">nuclear</span>
    </annotation>
    <annotation annotator="Mike Bada, University of Colorado Anschutz Medical Campus" id="GO_CC_2016_02_16_test_Instance_25919" type="identity">
      <class id="GO:0016020" label="membrane"/>
      <span end="8902" id="12546709-196" start="8893">membranes</span>
    </annotation>
    <annotation annotator="" id="GO_CC_2016_02_16_Instance_101573" type="identity">
      <class id="GO:0005634" label="nucleus"/>
      <span end="9139" id="12546709-142" start="9132">nucleic</span>
    </annotation>
    <annotation annotator="" id="GO_CC_2016_02_16_Instance_101575" type="identity">
      <class id="GO:0005634" label="nucleus"/>
      <span end="12949" id="12546709-144" start="12942">nucleic</span>
    </annotation>
    <annotation annotator="Mike Bada, University of Colorado Anschutz Medical Campus" id="GO_CC_2016_02_16_test_Instance_25925" type="identity">
      <class id="GO:0005634" label="nucleus"/>
      <span end="13085" id="12546709-198" start="13079">nuclei</span>
    </annotation>
    <annotation annotator="Mike Bada, University of Colorado Anschutz Medical Campus" id="GO_CC_2016_02_16_test_Instance_25927" type="identity">
      <class id="GO:0005634" label="nucleus"/>
      <span end="13196" id="12546709-200" start="13185">Cell nuclei</span>
    </annotation>
    <annotation annotator="" id="GO_CC_2016_02_16_Instance_190003" type="identity">
      <class id="GO:0005615" label="extracellular space"/>
      <span end="13320" id="12546709-184" start="13300">extracellular spaces</span>
    </annotation>
    <annotation annotator="" id="GO_CC_2016_02_16_Instance_101577" type="identity">
      <class id="GO:0005634" label="nucleus"/>
      <span end="13468" id="12546709-146" start="13461">nucleic</span>
    </annotation>
    <annotation annotator="" id="GO_CC_2016_02_16_Instance_101579" type="identity">
      <class id="GO:0005634" label="nucleus"/>
      <span end="13583" id="12546709-148" start="13576">nucleic</span>
    </annotation>
    <annotation annotator="" id="GO_CC_2016_02_16_Instance_101581" type="identity">
      <class id="GO:0005634" label="nucleus"/>
      <span end="14322" id="12546709-150" start="14315">nucleic</span>
    </annotation>
    <annotation annotator="Mike Bada, University of Colorado Anschutz Medical Campus" id="GO_CC_2016_02_16_test_Instance_25929" type="identity">
      <class id="GO:0016020" label="membrane"/>
      <span end="14706" id="12546709-202" start="14698">membrane</span>
    </annotation>
    <annotation annotator="Mike Bada, University of Colorado Anschutz Medical Campus" id="GO_CC_2016_02_16_test_Instance_25931" type="identity">
      <class id="GO:0005634" label="nucleus"/>
      <span end="14982" id="12546709-204" start="14976">nuclei</span>
    </annotation>
    <annotation annotator="Mike Bada, University of Colorado Anschutz Medical Campus" id="GO_CC_2016_02_16_test_Instance_25933" type="identity">
      <class id="GO:0016020" label="membrane"/>
      <span end="15242" id="12546709-206" start="15234">membrane</span>
    </annotation>
    <annotation annotator="Mike Bada, University of Colorado Anschutz Medical Campus" id="GO_CC_2016_02_16_test_Instance_25935" type="identity">
      <class id="GO:0005634" label="nucleus"/>
      <span end="15845" id="12546709-208" start="15839">nuclei</span>
    </annotation>
    <annotation annotator="Mike Bada, University of Colorado Anschutz Medical Campus" id="GO_CC_2016_02_16_test_Instance_25937" type="identity">
      <class id="GO:0005634" label="nucleus"/>
      <span end="16228" id="12546709-210" start="16221">nuclear</span>
    </annotation>
    <annotation annotator="Mike Bada, University of Colorado Anschutz Medical Campus" id="GO_CC_2016_02_16_test_Instance_25939" type="identity">
      <class id="GO:0005634" label="nucleus"/>
      <span end="16532" id="12546709-212" start="16525">nuclear</span>
    </annotation>
    <annotation annotator="Mike Bada, University of Colorado Anschutz Medical Campus" id="GO_CC_2016_02_16_test_Instance_25941" type="identity">
      <class id="GO:0005634" label="nucleus"/>
      <span end="16550" id="12546709-214" start="16543">nuclear</span>
    </annotation>
    <annotation annotator="Mike Bada, University of Colorado Anschutz Medical Campus" id="GO_CC_2016_02_16_test_Instance_25943" type="identity">
      <class id="GO:0016020" label="membrane"/>
      <span end="16872" id="12546709-216" start="16863">membranes</span>
    </annotation>
    <annotation annotator="Mike Bada, University of Colorado Anschutz Medical Campus" id="GO_CC_2016_02_16_test_Instance_25945" type="identity">
      <class id="GO:0016020" label="membrane"/>
      <span end="17042" id="12546709-218" start="17033">membranes</span>
    </annotation>
    <annotation annotator="" id="GO_CC_2016_02_16_Instance_101583" type="identity">
      <class id="GO:0005634" label="nucleus"/>
      <span end="17095" id="12546709-152" start="17088">nucleic</span>
    </annotation>
    <annotation annotator="Mike Bada, University of Colorado Anschutz Medical Campus" id="GO_CC_2016_02_16_test_Instance_25947" type="identity">
      <class id="GO:0016020" label="membrane"/>
      <span end="17246" id="12546709-220" start="17238">membrane</span>
    </annotation>
    <annotation annotator="Mike Bada, University of Colorado Anschutz Medical Campus" id="GO_CC_2016_02_16_test_Instance_25949" type="identity">
      <class id="GO:0005773" label="vacuole"/>
      <span end="17316" id="12546709-222" start="17308">vacuoles</span>
    </annotation>
    <annotation annotator="Mike Bada, University of Colorado Anschutz Medical Campus" id="GO_CC_2016_02_16_test_Instance_25951" type="identity">
      <class id="GO:0016020" label="membrane"/>
      <span end="17445" id="12546709-224" start="17436">membranes</span>
    </annotation>
    <annotation annotator="" id="GO_CC_2016_02_16_Instance_101585" type="identity">
      <class id="GO:0005634" label="nucleus"/>
      <span end="17514" id="12546709-154" start="17507">nucleic</span>
    </annotation>
    <annotation annotator="Mike Bada, University of Colorado Anschutz Medical Campus" id="GO_CC_2016_02_16_test_Instance_25953" type="identity">
      <class id="GO:0005634" label="nucleus"/>
      <span end="18091" id="12546709-226" start="18085">nuclei</span>
    </annotation>
    <annotation annotator="" id="GO_CC_2016_02_16_Instance_101587" type="identity">
      <class id="GO:0005634" label="nucleus"/>
      <span end="19118" id="12546709-156" start="19111">nucleic</span>
    </annotation>
    <annotation annotator="" id="GO_CC_2016_02_16_Instance_133" type="identity">
      <class id="GO:0016020" label="membrane"/>
      <span end="19186" id="12546709-180" start="19178">membrane</span>
    </annotation>
    <annotation annotator="" id="GO_CC_2016_02_16_Instance_102535" type="identity">
      <class id="GO:0042995" label="cell projection"/>
      <span end="19198" id="12546709-172" start="19187">projections</span>
    </annotation>
    <annotation annotator="Mike Bada, University of Colorado Anschutz Medical Campus" id="GO_CC_2016_02_16_test_Instance_25957" type="identity">
      <class id="GO:0009986" label="cell surface"/>
      <span end="20532" id="12546709-228" start="20520">cell surface</span>
    </annotation>
    <annotation annotator="" id="GO_CC_2016_02_16_Instance_102537" type="identity">
      <class id="GO:0042995" label="cell projection"/>
      <span end="20544" id="12546709-174" start="20533">projections</span>
    </annotation>
    <annotation annotator="Mike Bada, University of Colorado Anschutz Medical Campus" id="GO_CC_2016_02_16_test_Instance_25959" type="identity">
      <class id="GO:0009986" label="cell surface"/>
      <span end="21185" id="12546709-230" start="21173">cell surface</span>
    </annotation>
    <annotation annotator="" id="GO_CC_2016_02_16_Instance_102539" type="identity">
      <class id="GO:0042995" label="cell projection"/>
      <span end="21197" id="12546709-176" start="21186">projections</span>
    </annotation>
    <annotation annotator="" id="GO_CC_2016_02_16_Instance_102541" type="identity">
      <class id="GO:0042995" label="cell projection"/>
      <span end="21296" id="12546709-178" start="21285">projections</span>
    </annotation>
    <annotation annotator="Mike Bada, University of Colorado Anschutz Medical Campus" id="GO_CC_2016_02_16_test_Instance_25961" type="identity">
      <class id="GO:0016020" label="membrane"/>
      <span end="21319" id="12546709-232" start="21310">membranes</span>
    </annotation>
    <annotation annotator="" id="GO_CC_2016_02_16_Instance_101589" type="identity">
      <class id="GO:0005634" label="nucleus"/>
      <span end="23629" id="12546709-158" start="23622">nucleic</span>
    </annotation>
    <annotation annotator="Mike Bada, University of Colorado Anschutz Medical Campus" id="GO_CC_2016_02_16_test_Instance_25963" type="identity">
      <class id="GO:0005634" label="nucleus"/>
      <span end="24525" id="12546709-234" start="24518">nucleus</span>
    </annotation>
    <annotation annotator="Mike Bada, University of Colorado Anschutz Medical Campus" id="GO_CC_2016_02_16_test_Instance_25965" type="identity">
      <class id="GO:0043226" label="organelle"/>
      <span end="24561" id="12546709-236" start="24551">organelles</span>
    </annotation>
    <annotation annotator="Mike Bada, University of Colorado Anschutz Medical Campus" id="GO_CC_2016_02_16_test_Instance_25967" type="identity">
      <class id="GO:0005634" label="nucleus"/>
      <span end="24632" id="12546709-238" start="24626">nuclei</span>
    </annotation>
    <annotation annotator="Mike Bada, University of Colorado Anschutz Medical Campus" id="GO_CC_2016_02_16_test_Instance_25969" type="identity">
      <class id="GO:0043226" label="organelle"/>
      <span end="24647" id="12546709-240" start="24637">organelles</span>
    </annotation>
    <annotation annotator="Mike Bada, University of Colorado Anschutz Medical Campus" id="GO_CC_2016_02_16_test_Instance_25971" type="identity">
      <class id="GO:0005634" label="nucleus"/>
      <span end="25439" id="12546709-242" start="25428">cell nuclei</span>
    </annotation>
    <annotation annotator="Mike Bada, University of Colorado Anschutz Medical Campus" id="GO_CC_2016_02_16_test_Instance_25973" type="identity">
      <class id="GO:0005634" label="nucleus"/>
      <span end="25491" id="12546709-244" start="25480">cell nuclei</span>
    </annotation>
    <annotation annotator="Mike Bada, University of Colorado Anschutz Medical Campus" id="GO_CC_2016_02_16_test_Instance_25975" type="identity">
      <class id="GO:0005634" label="nucleus"/>
      <span end="25581" id="12546709-246" start="25570">cell nuclei</span>
    </annotation>
    <annotation annotator="" id="GO_CC_2016_02_16_Instance_101591" type="identity">
      <class id="GO:0005634" label="nucleus"/>
      <span end="26812" id="12546709-160" start="26805">nucleic</span>
    </annotation>
    <annotation annotator="" id="GO_CC_2016_02_16_Instance_101593" type="identity">
      <class id="GO:0005634" label="nucleus"/>
      <span end="27125" id="12546709-162" start="27118">nucleic</span>
    </annotation>
    <annotation annotator="" id="GO_CC_2016_02_16_Instance_101595" type="identity">
      <class id="GO:0005634" label="nucleus"/>
      <span end="27215" id="12546709-164" start="27208">nucleic</span>
    </annotation>
    <annotation annotator="" id="GO_CC_2016_02_16_Instance_101597" type="identity">
      <class id="GO:0005634" label="nucleus"/>
      <span end="27658" id="12546709-166" start="27651">nucleic</span>
    </annotation>
    <annotation annotator="" id="GO_CC_2016_02_16_Instance_101599" type="identity">
      <class id="GO:0005634" label="nucleus"/>
      <span end="27846" id="12546709-168" start="27839">nucleic</span>
    </annotation>
    <annotation annotator="Mike Bada, University of Colorado Anschutz Medical Campus" id="GO_CC_2016_02_16_test_Instance_25977" type="identity">
      <class id="GO:0043226" label="organelle"/>
      <span end="28759" id="12546709-248" start="28749">organelles</span>
    </annotation>
    <annotation annotator="Mike Bada, University of Colorado Anschutz Medical Campus" id="GO_CC_2016_02_16_test_Instance_25979" type="identity">
      <class id="GO:0005634" label="nucleus"/>
      <span end="30800" id="12546709-250" start="30788">cell nucleus</span>
    </annotation>
    <annotation annotator="Mike Bada, University of Colorado Anschutz Medical Campus" id="GO_CC_2016_02_16_test_Instance_25981" type="identity">
      <class id="GO:0005634" label="nucleus"/>
      <span end="30909" id="12546709-252" start="30898">cell nuclei</span>
    </annotation>
    <annotation annotator="Mike Bada, University of Colorado Anschutz Medical Campus" id="GO_CC_2016_02_16_test_Instance_25983" type="identity">
      <class id="GO:0005634" label="nucleus"/>
      <span end="31116" id="12546709-254" start="31110">nuclei</span>
    </annotation>
    <annotation annotator="Mike Bada, University of Colorado Anschutz Medical Campus" id="GO_CC_2016_02_16_test_Instance_25985" type="identity">
      <class id="GO:0005634" label="nucleus"/>
      <span end="31178" id="12546709-256" start="31171">nucleus</span>
    </annotation>
    <annotation annotator="Mike Bada, University of Colorado Anschutz Medical Campus" id="GO_CC_2016_02_16_test_Instance_25987" type="identity">
      <class id="GO:0005634" label="nucleus"/>
      <span end="31654" id="12546709-258" start="31647">nucleus</span>
    </annotation>
    <annotation annotator="Mike Bada, University of Colorado Anschutz Medical Campus" id="GO_CC_2016_02_16_test_Instance_25989" type="identity">
      <class id="GO:0005634" label="nucleus"/>
      <span end="31781" id="12546709-260" start="31775">nuclei</span>
    </annotation>
    <annotation annotator="" id="GO_CC_2016_02_16_Instance_101601" type="identity">
      <class id="GO:0005634" label="nucleus"/>
      <span end="31854" id="12546709-170" start="31847">nucleic</span>
    </annotation>
    <annotation annotator="Mike Bada, University of Colorado Anschutz Medical Campus" id="GO_CC_2016_02_16_test_Instance_25991" type="identity">
      <class id="GO:0005634" label="nucleus"/>
      <span end="32003" id="12546709-262" start="31996">nucleus</span>
    </annotation>
    <annotation annotator="Mike Bada, University of Colorado Anschutz Medical Campus" id="GO_CC_2016_02_16_test_Instance_25993" type="identity">
      <class id="GO:0005856" label="cytoskeleton"/>
      <span end="32124" id="12546709-264" start="32112">cytoskeletal</span>
    </annotation>
    <annotation annotator="Mike Bada, University of Colorado Anschutz Medical Campus" id="GO_CC_2016_02_16_test_Instance_25995" type="identity">
      <class id="GO:0005884" label="actin filament"/>
      <span end="32245" id="12546709-266" start="32231">Actin filament</span>
    </annotation>
    <annotation annotator="" id="GO_CC_2016_02_16_Instance_143" type="identity">
      <class id="GO:0032991" label="macromolecular complex"/>
      <span end="32494" id="12546709-182" start="32487">complex</span>
    </annotation>
    <annotation annotator="Mike Bada, University of Colorado Anschutz Medical Campus" id="GO_CC_2016_02_16_test_Instance_25997" type="identity">
      <class id="GO:0045098" label="type III intermediate filament"/>
      <span end="32530" id="12546709-268" start="32500">type III intermediate filament</span>
    </annotation>
    <annotation annotator="Mike Bada, University of Colorado Anschutz Medical Campus" id="GO_CC_2016_02_16_test_Instance_25999" type="identity">
      <class id="GO:0005856" label="cytoskeleton"/>
      <span end="32997" id="12546709-270" start="32985">cytoskeleton</span>
    </annotation>
    <annotation annotator="Mike Bada, University of Colorado Anschutz Medical Campus" id="GO_CC_2016_02_16_test_Instance_26001" type="identity">
      <class id="GO:0005856" label="cytoskeleton"/>
      <span end="33256" id="12546709-272" start="33244">cytoskeletal</span>
    </annotation>
    <graph-space id="Old Knowtator Relations"/>
  </document>
</knowtator-project>
