<?xml version="1.0" encoding="UTF-8" standalone="no"?>
<knowtator-project>
  <document id="12585968" text-file="12585968.txt">
    <annotation annotator="" id="GO_CC_2016_02_16_Instance_102543" type="identity">
      <class id="GO:0042995" label="cell projection"/>
      <span end="1391" id="12585968-278" start="1380">projections</span>
    </annotation>
    <annotation annotator="" id="GO_CC_2016_02_16_Instance_102545" type="identity">
      <class id="GO:0042995" label="cell projection"/>
      <span end="1501" id="12585968-280" start="1490">projections</span>
    </annotation>
    <annotation annotator="" id="GO_CC_2016_02_16_Instance_151" type="identity">
      <class id="GO:0042571" label="immunoglobulin complex, circulating"/>
      <span end="14027" id="12585968-298" start="14019">antibody</span>
    </annotation>
    <annotation annotator="" id="GO_CC_2016_02_16_Instance_102547" type="identity">
      <class id="GO:0042995" label="cell projection"/>
      <span end="16678" id="12585968-282" start="16667">projections</span>
    </annotation>
    <annotation annotator="" id="GO_CC_2016_02_16_Instance_102549" type="identity">
      <class id="GO:0042995" label="cell projection"/>
      <span end="16777" id="12585968-284" start="16767">projection</span>
    </annotation>
    <annotation annotator="" id="GO_CC_2016_02_16_Instance_102551" type="identity">
      <class id="GO:0042995" label="cell projection"/>
      <span end="17405" id="12585968-286" start="17395">projection</span>
    </annotation>
    <annotation annotator="" id="GO_CC_2016_02_16_Instance_101997" type="identity">
      <class id="GO:0043005" label="neuron projection"/>
      <span end="28498" id="12585968-275" start="28486">processes of</span>
      <span end="28513" id="12585968-276" start="28506">neurons</span>
    </annotation>
    <annotation annotator="" id="GO_CC_2016_02_16_Instance_102553" type="identity">
      <class id="GO:0042995" label="cell projection"/>
      <span end="30538" id="12585968-288" start="30527">projections</span>
    </annotation>
    <annotation annotator="" id="GO_CC_2016_02_16_Instance_102555" type="identity">
      <class id="GO:0042995" label="cell projection"/>
      <span end="30651" id="12585968-290" start="30641">projection</span>
    </annotation>
    <annotation annotator="" id="GO_CC_2016_02_16_Instance_102557" type="identity">
      <class id="GO:0042995" label="cell projection"/>
      <span end="30739" id="12585968-292" start="30729">projection</span>
    </annotation>
    <annotation annotator="" id="GO_CC_2016_02_16_Instance_102559" type="identity">
      <class id="GO:0042995" label="cell projection"/>
      <span end="30917" id="12585968-294" start="30907">projection</span>
    </annotation>
    <annotation annotator="" id="GO_CC_2016_02_16_Instance_173" type="identity">
      <class id="GO:0042571" label="immunoglobulin complex, circulating"/>
      <span end="35017" id="12585968-300" start="35007">antibodies</span>
    </annotation>
    <annotation annotator="" id="GO_CC_2016_02_16_Instance_175" type="identity">
      <class id="GO:0042571" label="immunoglobulin complex, circulating"/>
      <span end="35069" id="12585968-302" start="35059">antibodies</span>
    </annotation>
    <annotation annotator="" id="GO_CC_2016_02_16_Instance_102561" type="identity">
      <class id="GO:0042995" label="cell projection"/>
      <span end="35948" id="12585968-296" start="35938">projection</span>
    </annotation>
    <annotation annotator="" id="GO_CC_2016_02_16_Instance_177" type="identity">
      <class id="GO:0042571" label="immunoglobulin complex, circulating"/>
      <span end="36596" id="12585968-304" start="36588">antibody</span>
    </annotation>
    <annotation annotator="Mike Bada, University of Colorado Anschutz Medical Campus" id="GO_CC_2016_02_16_test_Instance_26011" type="identity">
      <class id="GO:0005634" label="nucleus"/>
      <span end="37156" id="12585968-306" start="37149">nucleus</span>
    </annotation>
    <annotation annotator="Mike Bada, University of Colorado Anschutz Medical Campus" id="GO_CC_2016_02_16_test_Instance_26013" type="identity">
      <class id="GO:0005730" label="nucleolus"/>
      <span end="37169" id="12585968-308" start="37161">nucleoli</span>
    </annotation>
    <graph-space id="Old Knowtator Relations"/>
  </document>
</knowtator-project>
