<?xml version="1.0" encoding="UTF-8" standalone="no"?>
<knowtator-project>
    <document id="12925238" text-file="12925238.txt">
        <annotation annotator="Mike Bada, University of Colorado Anschutz Medical Campus" id="GO_CC_2016_02_16_test_Instance_26017" type="identity">
            <class id="GO:0016020" label="membrane"/>
            <span end="294" id="12925238-468" start="286">membrane</span>
        </annotation>
        <annotation annotator="Mike Bada, University of Colorado Anschutz Medical Campus" id="GO_CC_2016_02_16_test_Instance_26019" type="identity">
            <class id="GO:0031982" label="vesicle"/>
            <span end="465" id="12925238-470" start="458">vesicle</span>
        </annotation>
        <annotation annotator="Mike Bada, University of Colorado Anschutz Medical Campus" id="GO_CC_2016_02_16_test_Instance_26021" type="identity">
            <class id="GO:0016020" label="membrane"/>
            <span end="785" id="12925238-472" start="777">membrane</span>
        </annotation>
        <annotation annotator="Mike Bada, University of Colorado Anschutz Medical Campus" id="GO_CC_2016_02_16_test_Instance_26023" type="identity">
            <class id="GO:0016020" label="membrane"/>
            <span end="1244" id="12925238-474" start="1236">membrane</span>
        </annotation>
        <annotation annotator="" id="GO_CC_2016_02_16_Instance_101787" type="identity">
            <class id="GO:0016020" label="membrane"/>
            <span end="1365" id="12925238-324" start="1357">membrane</span>
        </annotation>
        <annotation annotator="" id="GO_CC_2016_02_16_Instance_101785" type="identity">
            <class id="GO:0005856" label="cytoskeleton"/>
            <span end="1378" id="12925238-322" start="1366">cytoskeleton</span>
        </annotation>
        <annotation annotator="Mike Bada, University of Colorado Anschutz Medical Campus" id="GO_CC_2016_02_16_test_Instance_26029" type="identity">
            <class id="GO:0016020" label="membrane"/>
            <span end="1796" id="12925238-476" start="1788">membrane</span>
        </annotation>
        <annotation annotator="Mike Bada, University of Colorado Anschutz Medical Campus" id="GO_CC_2016_02_16_test_Instance_26031" type="identity">
            <class id="GO:0042583" label="chromaffin granule"/>
            <span end="1984" id="12925238-478" start="1965">chromaffin granules</span>
        </annotation>
        <annotation annotator="Mike Bada, University of Colorado Anschutz Medical Campus" id="GO_CC_2016_02_16_test_Instance_26033" type="identity">
            <class id="GO:0016020" label="membrane"/>
            <span end="2021" id="12925238-480" start="2012">membranes</span>
        </annotation>
        <annotation annotator="Mike Bada, University of Colorado Anschutz Medical Campus" id="GO_CC_2016_02_16_test_Instance_26035" type="identity">
            <class id="GO:0005829" label="cytosol"/>
            <span end="3074" id="12925238-482" start="3067">cytosol</span>
        </annotation>
        <annotation annotator="Mike Bada, University of Colorado Anschutz Medical Campus" id="GO_CC_2016_02_16_test_Instance_26015" type="identity">
            <class id="GO:0005886" label="plasma membrane"/>
            <span end="3098" id="12925238-466" start="3083">plasma membrane</span>
        </annotation>
        <annotation annotator="Mike Bada, University of Colorado Anschutz Medical Campus" id="GO_CC_2016_02_16_test_Instance_26037" type="identity">
            <class id="GO:0005634" label="nucleus"/>
            <span end="3118" id="12925238-484" start="3111">nucleus</span>
        </annotation>
        <annotation annotator="Mike Bada, University of Colorado Anschutz Medical Campus" id="GO_CC_2016_02_16_test_Instance_26039" type="identity">
            <class id="GO:0031982" label="vesicle"/>
            <span end="3132" id="12925238-486" start="3123">vesicular</span>
        </annotation>
        <annotation annotator="Mike Bada, University of Colorado Anschutz Medical Campus" id="GO_CC_2016_02_16_test_Instance_26041" type="identity">
            <class id="GO:0042583" label="chromaffin granule"/>
            <span end="3181" id="12925238-488" start="3162">chromaffin granules</span>
        </annotation>
        <annotation annotator="Mike Bada, University of Colorado Anschutz Medical Campus" id="GO_CC_2016_02_16_test_Instance_26043" type="identity">
            <class id="GO:0030315" label="T-tubule"/>
            <span end="3202" id="12925238-490" start="3194">t-tubule</span>
        </annotation>
        <annotation annotator="Mike Bada, University of Colorado Anschutz Medical Campus" id="GO_CC_2016_02_16_test_Instance_26045" type="identity">
            <class id="GO:0016020" label="membrane"/>
            <span end="3253" id="12925238-492" start="3244">membranes</span>
        </annotation>
        <annotation annotator="Mike Bada, University of Colorado Anschutz Medical Campus" id="GO_CC_2016_02_16_test_Instance_26047" type="identity">
            <class id="GO:0005622" label="intracellular"/>
            <span end="3305" id="12925238-494" start="3292">intracellular</span>
        </annotation>
        <annotation annotator="Mike Bada, University of Colorado Anschutz Medical Campus" id="GO_CC_2016_02_16_test_Instance_26049" type="identity">
            <class id="GO:0005886" label="plasma membrane"/>
            <span end="3364" id="12925238-496" start="3358">plasma</span>
            <span end="3389" id="12925238-497" start="3381">membrane</span>
        </annotation>
        <annotation annotator="Mike Bada, University of Colorado Anschutz Medical Campus" id="GO_CC_2016_02_16_test_Instance_26051" type="identity">
            <class id="GO:0031965" label="nuclear membrane"/>
            <span end="3389" id="12925238-499" start="3373">nuclear membrane</span>
        </annotation>
        <annotation annotator="Mike Bada, University of Colorado Anschutz Medical Campus" id="GO_CC_2016_02_16_test_Instance_26055" type="identity">
            <class id="GO:0005622" label="intracellular"/>
            <span end="3417" id="12925238-503" start="3404">intracellular</span>
        </annotation>
        <annotation annotator="Mike Bada, University of Colorado Anschutz Medical Campus" id="GO_CC_2016_02_16_test_Instance_26053" type="identity">
            <class id="GO:0031982" label="vesicle"/>
            <span end="3426" id="12925238-501" start="3418">vesicles</span>
        </annotation>
        <annotation annotator="Mike Bada, University of Colorado Anschutz Medical Campus" id="GO_CC_2016_02_16_test_Instance_26057" type="identity">
            <class id="GO:0045121" label="membrane raft"/>
            <span end="3479" id="12925238-505" start="3468">lipid rafts</span>
        </annotation>
        <annotation annotator="Mike Bada, University of Colorado Anschutz Medical Campus" id="GO_CC_2016_02_16_test_Instance_26059" type="identity">
            <class id="GO:0045121" label="membrane raft"/>
            <span end="3496" id="12925238-507" start="3485">Lipid rafts</span>
        </annotation>
        <annotation annotator="Mike Bada, University of Colorado Anschutz Medical Campus" id="GO_CC_2016_02_16_test_Instance_26061" type="identity">
            <class id="GO:0016020" label="membrane"/>
            <span end="3524" id="12925238-509" start="3516">membrane</span>
        </annotation>
        <annotation annotator="" id="GO_CC_2016_02_16_Instance_101605" type="identity">
            <class id="GO:0016020" label="membrane"/>
            <span end="3813" id="12925238-312" start="3804">membranes</span>
        </annotation>
        <annotation annotator="" id="GO_CC_2016_02_16_Instance_190005" type="identity">
            <class id="GO:0005615" label="extracellular space"/>
            <span end="4603" id="12925238-364" start="4584">extracellular space</span>
        </annotation>
        <annotation annotator="Mike Bada, University of Colorado Anschutz Medical Campus" id="GO_CC_2016_02_16_test_Instance_26063" type="identity">
            <class id="GO:0005634" label="nucleus"/>
            <span end="4619" id="12925238-511" start="4612">nucleus</span>
        </annotation>
        <annotation annotator="Mike Bada, University of Colorado Anschutz Medical Campus" id="GO_CC_2016_02_16_test_Instance_26065" type="identity">
            <class id="GO:0005737" label="cytoplasm"/>
            <span end="4633" id="12925238-513" start="4624">cytoplasm</span>
        </annotation>
        <annotation annotator="Mike Bada, University of Colorado Anschutz Medical Campus" id="GO_CC_2016_02_16_test_Instance_26067" type="identity">
            <class id="GO:0005739" label="mitochondrion"/>
            <span end="4653" id="12925238-515" start="4641">mitochondria</span>
        </annotation>
        <annotation annotator="Mike Bada, University of Colorado Anschutz Medical Campus" id="GO_CC_2016_02_16_test_Instance_26069" type="identity">
            <class id="GO:0005737" label="cytoplasm"/>
            <span end="4666" id="12925238-517" start="4655">Cytoplasmic</span>
        </annotation>
        <annotation annotator="Mike Bada, University of Colorado Anschutz Medical Campus" id="GO_CC_2016_02_16_test_Instance_26071" type="identity">
            <class id="GO:0005739" label="mitochondrion"/>
            <span end="4738" id="12925238-519" start="4725">mitochondrial</span>
        </annotation>
        <annotation annotator="" id="GO_CC_2016_02_16_Instance_179" type="identity">
            <class id="GO:0005640" label="nuclear outer membrane"/>
            <span end="4841" id="12925238-352" start="4821">perinuclear membrane</span>
        </annotation>
        <annotation annotator="Mike Bada, University of Colorado Anschutz Medical Campus" id="GO_CC_2016_02_16_test_Instance_26075" type="identity">
            <class id="GO:0005739" label="mitochondrion"/>
            <span end="4967" id="12925238-521" start="4954">mitochondrial</span>
        </annotation>
        <annotation annotator="Mike Bada, University of Colorado Anschutz Medical Campus" id="GO_CC_2016_02_16_test_Instance_24975" type="identity">
            <class id="GO:0044425" label="membrane part"/>
            <span end="5110" id="12925238-450" start="5094">membrane domains</span>
        </annotation>
        <annotation annotator="" id="GO_CC_2016_02_16_Instance_181" type="identity">
            <class id="GO:0070382" label="exocytic vesicle"/>
            <span end="6169" id="12925238-354" start="6158">exovesicles</span>
        </annotation>
        <annotation annotator="Mike Bada, University of Colorado Anschutz Medical Campus" id="GO_CC_2016_02_16_test_Instance_26079" type="identity">
            <class id="GO:0031982" label="vesicle"/>
            <span end="6511" id="12925238-523" start="6503">vesicles</span>
        </annotation>
        <annotation annotator="" id="GO_CC_2016_02_16_Instance_185" type="identity">
            <class id="GO:1990742" label="microvesicle"/>
            <span end="6519" id="12925238-356" start="6513">micro-</span>
            <span end="6536" id="12925238-357" start="6528">vesicles</span>
        </annotation>
        <annotation annotator="Mike Bada, University of Colorado Anschutz Medical Campus" id="GO_CC_2016_02_16_test_Instance_26081" type="identity">
            <class id="GO:0045121" label="membrane raft"/>
            <span end="6657" id="12925238-525" start="6639">lipid raft domains</span>
        </annotation>
        <annotation annotator="Mike Bada, University of Colorado Anschutz Medical Campus" id="GO_CC_2016_02_16_test_Instance_26083" type="identity">
            <class id="GO:0009986" label="cell surface"/>
            <span end="6731" id="12925238-527" start="6719">cell surface</span>
        </annotation>
        <annotation annotator="Mike Bada, University of Colorado Anschutz Medical Campus" id="GO_CC_2016_02_16_test_Instance_26085" type="identity">
            <class id="GO:0045121" label="membrane raft"/>
            <span end="6792" id="12925238-529" start="6782">lipid raft</span>
        </annotation>
        <annotation annotator="Mike Bada, University of Colorado Anschutz Medical Campus" id="GO_CC_2016_02_16_test_Instance_26087" type="identity">
            <class id="GO:0005856" label="cytoskeleton"/>
            <span end="6856" id="12925238-531" start="6844">cytoskeletal</span>
        </annotation>
        <annotation annotator="Mike Bada, University of Colorado Anschutz Medical Campus" id="GO_CC_2016_02_16_test_Instance_26089" type="identity">
            <class id="GO:0045121" label="membrane raft"/>
            <span end="6945" id="12925238-533" start="6934">lipid rafts</span>
        </annotation>
        <annotation annotator="" id="GO_CC_2016_02_16_Instance_101793" type="identity">
            <class id="GO:0031982" label="vesicle"/>
            <span end="6994" id="12925238-328" start="6986">vesicles</span>
        </annotation>
        <annotation annotator="Mike Bada, University of Colorado Anschutz Medical Campus" id="GO_CC_2016_02_16_test_Instance_26091" type="identity">
            <class id="GO:0031982" label="vesicle"/>
            <span end="7007" id="12925238-535" start="7000">vesicle</span>
        </annotation>
        <annotation annotator="Mike Bada, University of Colorado Anschutz Medical Campus" id="GO_CC_2016_02_16_test_Instance_26093" type="identity">
            <class id="GO:0005856" label="cytoskeleton"/>
            <span end="7095" id="12925238-537" start="7083">cytoskeletal</span>
        </annotation>
        <annotation annotator="Mike Bada, University of Colorado Anschutz Medical Campus" id="GO_CC_2016_02_16_test_Instance_24987" type="identity">
            <class id="GO:0005886" label="plasma membrane"/>
            <span end="7179" id="12925238-462" start="7162">cellular membrane</span>
        </annotation>
        <annotation annotator="" id="GO_CC_2016_02_16_Instance_187" type="identity">
            <class id="GO:0070382" label="exocytic vesicle"/>
            <span end="7267" id="12925238-359" start="7256">exovesicles</span>
        </annotation>
        <annotation annotator="" id="GO_CC_2016_02_16_Instance_189" type="identity">
            <class id="GO:1990742" label="microvesicle"/>
            <span end="7399" id="12925238-361" start="7393">micro-</span>
            <span end="7416" id="12925238-362" start="7408">vesicles</span>
        </annotation>
        <annotation annotator="" id="GO_CC_2016_02_16_Instance_193" type="identity">
            <class id="GO:0045121" label="membrane raft"/>
            <span end="7521" id="12925238-366" start="7507">membrane rafts</span>
        </annotation>
        <annotation annotator="" id="GO_CC_2016_02_16_Instance_195" type="identity">
            <class id="GO:0042571" label="immunoglobulin complex, circulating"/>
            <span end="8206" id="12925238-368" start="8198">antibody</span>
        </annotation>
        <annotation annotator="Mike Bada, University of Colorado Anschutz Medical Campus" id="GO_CC_2016_02_16_test_Instance_26099" type="identity">
            <class id="GO:0031982" label="vesicle"/>
            <span end="8344" id="12925238-539" start="8336">vesicles</span>
        </annotation>
        <annotation annotator="" id="GO_CC_2016_02_16_Instance_197" type="identity">
            <class id="GO:0045121" label="membrane raft"/>
            <span end="8397" id="12925238-370" start="8385">raft domains</span>
        </annotation>
        <annotation annotator="Mike Bada, University of Colorado Anschutz Medical Campus" id="GO_CC_2016_02_16_test_Instance_26101" type="identity">
            <class id="GO:0016020" label="membrane"/>
            <span end="8434" id="12925238-541" start="8426">membrane</span>
        </annotation>
        <annotation annotator="" id="GO_CC_2016_02_16_Instance_199" type="identity">
            <class id="GO:0070382" label="exocytic vesicle"/>
            <span end="8611" id="12925238-372" start="8600">exovesicles</span>
        </annotation>
        <annotation annotator="" id="GO_CC_2016_02_16_Instance_201" type="identity">
            <class id="GO:0070382" label="exocytic vesicle"/>
            <span end="8816" id="12925238-374" start="8805">exovesicles</span>
        </annotation>
        <annotation annotator="" id="GO_CC_2016_02_16_Instance_203" type="identity">
            <class id="GO:1990742" label="microvesicle"/>
            <span end="8824" id="12925238-376" start="8818">micro-</span>
            <span end="8841" id="12925238-377" start="8833">vesicles</span>
        </annotation>
        <annotation annotator="Mike Bada, University of Colorado Anschutz Medical Campus" id="GO_CC_2016_02_16_test_Instance_26103" type="identity">
            <class id="GO:0031982" label="vesicle"/>
            <span end="9003" id="12925238-543" start="8996">vesicle</span>
        </annotation>
        <annotation annotator="" id="GO_CC_2016_02_16_Instance_101791" type="identity">
            <class id="GO:0031982" label="vesicle"/>
            <span end="9051" id="12925238-326" start="9043">vesicles</span>
        </annotation>
        <annotation annotator="" id="GO_CC_2016_02_16_Instance_101795" type="identity">
            <class id="GO:0031982" label="vesicle"/>
            <span end="9115" id="12925238-330" start="9107">vesicles</span>
        </annotation>
        <annotation annotator="Mike Bada, University of Colorado Anschutz Medical Campus" id="GO_CC_2016_02_16_test_Instance_26105" type="identity">
            <class id="GO:0031982" label="vesicle"/>
            <span end="9145" id="12925238-545" start="9138">vesicle</span>
        </annotation>
        <annotation annotator="Mike Bada, University of Colorado Anschutz Medical Campus" id="GO_CC_2016_02_16_test_Instance_26107" type="identity">
            <class id="GO:0031982" label="vesicle"/>
            <span end="9222" id="12925238-547" start="9214">vesicles</span>
        </annotation>
        <annotation annotator="" id="GO_CC_2016_02_16_Instance_101797" type="identity">
            <class id="GO:0031982" label="vesicle"/>
            <span end="9274" id="12925238-332" start="9266">vesicles</span>
        </annotation>
        <annotation annotator="" id="GO_CC_2016_02_16_Instance_205" type="identity">
            <class id="GO:1990742" label="microvesicle"/>
            <span end="9301" id="12925238-379" start="9288">microvesicles</span>
        </annotation>
        <annotation annotator="Mike Bada, University of Colorado Anschutz Medical Campus" id="GO_CC_2016_02_16_test_Instance_26109" type="identity">
            <class id="GO:0016020" label="membrane"/>
            <span end="9407" id="12925238-549" start="9398">membranes</span>
        </annotation>
        <annotation annotator="" id="GO_CC_2016_02_16_Instance_207" type="identity">
            <class id="GO:0070382" label="exocytic vesicle"/>
            <span end="9493" id="12925238-381" start="9482">exovesicles</span>
        </annotation>
        <annotation annotator="Mike Bada, University of Colorado Anschutz Medical Campus" id="GO_CC_2016_02_16_test_Instance_26111" type="identity">
            <class id="GO:0031982" label="vesicle"/>
            <span end="9569" id="12925238-551" start="9561">vesicles</span>
        </annotation>
        <annotation annotator="" id="GO_CC_2016_02_16_Instance_101799" type="identity">
            <class id="GO:0031982" label="vesicle"/>
            <span end="9641" id="12925238-334" start="9633">vesicles</span>
        </annotation>
        <annotation annotator="" id="GO_CC_2016_02_16_Instance_209" type="identity">
            <class id="GO:0070382" label="exocytic vesicle"/>
            <span end="9713" id="12925238-383" start="9702">exovesicles</span>
        </annotation>
        <annotation annotator="Mike Bada, University of Colorado Anschutz Medical Campus" id="GO_CC_2016_02_16_test_Instance_26113" type="identity">
            <class id="GO:0031982" label="vesicle"/>
            <span end="9752" id="12925238-553" start="9744">Vesicles</span>
        </annotation>
        <annotation annotator="" id="GO_CC_2016_02_16_Instance_211" type="identity">
            <class id="GO:0042571" label="immunoglobulin complex, circulating"/>
            <span end="9964" id="12925238-385" start="9956">antibody</span>
        </annotation>
        <annotation annotator="" id="GO_CC_2016_02_16_Instance_101801" type="identity">
            <class id="GO:0031982" label="vesicle"/>
            <span end="10033" id="12925238-336" start="10025">vesicles</span>
        </annotation>
        <annotation annotator="" id="GO_CC_2016_02_16_Instance_101803" type="identity">
            <class id="GO:0031982" label="vesicle"/>
            <span end="10109" id="12925238-338" start="10101">vesicles</span>
        </annotation>
        <annotation annotator="Mike Bada, University of Colorado Anschutz Medical Campus" id="GO_CC_2016_02_16_test_Instance_26117" type="identity">
            <class id="GO:0031982" label="vesicle"/>
            <span end="10135" id="12925238-555" start="10127">vesicles</span>
        </annotation>
        <annotation annotator="Mike Bada, University of Colorado Anschutz Medical Campus" id="GO_CC_2016_02_16_test_Instance_26119" type="identity">
            <class id="GO:0016020" label="membrane"/>
            <span end="10541" id="12925238-557" start="10532">membranes</span>
        </annotation>
        <annotation annotator="Mike Bada, University of Colorado Anschutz Medical Campus" id="GO_CC_2016_02_16_test_Instance_26121" type="identity">
            <class id="GO:0016020" label="membrane"/>
            <span end="10558" id="12925238-559" start="10549">membranes</span>
        </annotation>
        <annotation annotator="Mike Bada, University of Colorado Anschutz Medical Campus" id="GO_CC_2016_02_16_test_Instance_26123" type="identity">
            <class id="GO:0005886" label="plasma membrane"/>
            <span end="10591" id="12925238-561" start="10575">plasma membranes</span>
        </annotation>
        <annotation annotator="Mike Bada, University of Colorado Anschutz Medical Campus" id="GO_CC_2016_02_16_test_Instance_26125" type="identity">
            <class id="GO:0043226" label="organelle"/>
            <span end="10637" id="12925238-563" start="10627">organelles</span>
        </annotation>
        <annotation annotator="Mike Bada, University of Colorado Anschutz Medical Campus" id="GO_CC_2016_02_16_test_Instance_24977" type="identity">
            <class id="GO:0044425" label="membrane part"/>
            <span end="10776" id="12925238-452" start="10757">membrane subdomains</span>
        </annotation>
        <annotation annotator="Mike Bada, University of Colorado Anschutz Medical Campus" id="GO_CC_2016_02_16_test_Instance_26129" type="identity">
            <class id="GO:0031982" label="vesicle"/>
            <span end="10982" id="12925238-565" start="10974">vesicles</span>
        </annotation>
        <annotation annotator="Mike Bada, University of Colorado Anschutz Medical Campus" id="GO_CC_2016_02_16_test_Instance_26131" type="identity">
            <class id="GO:0005886" label="plasma membrane"/>
            <span end="11219" id="12925238-567" start="11204">plasma membrane</span>
        </annotation>
        <annotation annotator="" id="GO_CC_2016_02_16_Instance_213" type="identity">
            <class id="GO:0042571" label="immunoglobulin complex, circulating"/>
            <span end="11492" id="12925238-387" start="11484">antibody</span>
        </annotation>
        <annotation annotator="Mike Bada, University of Colorado Anschutz Medical Campus" id="GO_CC_2016_02_16_test_Instance_26135" type="identity">
            <class id="GO:0031982" label="vesicle"/>
            <span end="11631" id="12925238-569" start="11623">vesicles</span>
        </annotation>
        <annotation annotator="Mike Bada, University of Colorado Anschutz Medical Campus" id="GO_CC_2016_02_16_test_Instance_26137" type="identity">
            <class id="GO:0016020" label="membrane"/>
            <span end="12665" id="12925238-571" start="12657">membrane</span>
        </annotation>
        <annotation annotator="" id="GO_CC_2016_02_16_Instance_215" type="identity">
            <class id="GO:0016020" label="membrane"/>
            <span end="12705" id="12925238-389" start="12695">membranous</span>
        </annotation>
        <annotation annotator="Mike Bada, University of Colorado Anschutz Medical Campus" id="GO_CC_2016_02_16_test_Instance_26139" type="identity">
            <class id="GO:0005856" label="cytoskeleton"/>
            <span end="12718" id="12925238-573" start="12706">cytoskeleton</span>
        </annotation>
        <annotation annotator="Mike Bada, University of Colorado Anschutz Medical Campus" id="GO_CC_2016_02_16_test_Instance_24969" type="identity">
            <class id="GO:0005576" label="extracellular region"/>
            <span end="12844" id="12925238-446" start="12831">extracellular</span>
        </annotation>
        <annotation annotator="" id="GO_CC_2016_02_16_Instance_101775" type="identity">
            <class id="GO:0009986" label="cell surface"/>
            <span end="13156" id="12925238-320" start="13149">surface</span>
        </annotation>
        <annotation annotator="Mike Bada, University of Colorado Anschutz Medical Campus" id="GO_CC_2016_02_16_test_Instance_26141" type="identity">
            <class id="GO:0005622" label="intracellular"/>
            <span end="13234" id="12925238-575" start="13221">intracellular</span>
        </annotation>
        <annotation annotator="Mike Bada, University of Colorado Anschutz Medical Campus" id="GO_CC_2016_02_16_test_Instance_26143" type="identity">
            <class id="GO:0016020" label="membrane"/>
            <span end="13397" id="12925238-577" start="13389">membrane</span>
        </annotation>
        <annotation annotator="" id="GO_CC_2016_02_16_Instance_101607" type="identity">
            <class id="GO:0005886" label="plasma membrane"/>
            <span end="13974" id="12925238-314" start="13961">cell membrane</span>
        </annotation>
        <annotation annotator="Mike Bada, University of Colorado Anschutz Medical Campus" id="GO_CC_2016_02_16_test_Instance_26147" type="identity">
            <class id="GO:0016020" label="membrane"/>
            <span end="14059" id="12925238-579" start="14051">membrane</span>
        </annotation>
        <annotation annotator="Mike Bada, University of Colorado Anschutz Medical Campus" id="GO_CC_2016_02_16_test_Instance_26149" type="identity">
            <class id="GO:0016020" label="membrane"/>
            <span end="14287" id="12925238-581" start="14279">membrane</span>
        </annotation>
        <annotation annotator="Mike Bada, University of Colorado Anschutz Medical Campus" id="GO_CC_2016_02_16_test_Instance_24973" type="identity">
            <class id="GO:0005576" label="extracellular region"/>
            <span end="14719" id="12925238-448" start="14706">extracellular</span>
        </annotation>
        <annotation annotator="" id="GO_CC_2016_02_16_Instance_101815" type="identity">
            <class id="GO:0031941" label="filamentous actin"/>
            <span end="15281" id="12925238-346" start="15274">F-actin</span>
        </annotation>
        <annotation annotator="Mike Bada, University of Colorado Anschutz Medical Campus" id="GO_CC_2016_02_16_test_Instance_26151" type="identity">
            <class id="GO:0016020" label="membrane"/>
            <span end="15350" id="12925238-583" start="15342">membrane</span>
        </annotation>
        <annotation annotator="Mike Bada, University of Colorado Anschutz Medical Campus" id="GO_CC_2016_02_16_test_Instance_26153" type="identity">
            <class id="GO:0031143" label="pseudopodium"/>
            <span end="16785" id="12925238-585" start="16775">pseudopods</span>
        </annotation>
        <annotation annotator="Mike Bada, University of Colorado Anschutz Medical Campus" id="GO_CC_2016_02_16_test_Instance_26155" type="identity">
            <class id="GO:0005856" label="cytoskeleton"/>
            <span end="16836" id="12925238-587" start="16824">cytoskeletal</span>
        </annotation>
        <annotation annotator="Mike Bada, University of Colorado Anschutz Medical Campus" id="GO_CC_2016_02_16_test_Instance_26157" type="identity">
            <class id="GO:0031982" label="vesicle"/>
            <span end="18946" id="12925238-589" start="18939">vesicle</span>
        </annotation>
        <annotation annotator="Mike Bada, University of Colorado Anschutz Medical Campus" id="GO_CC_2016_02_16_test_Instance_24979" type="identity">
            <class id="GO:0044425" label="membrane part"/>
            <span end="19004" id="12925238-454" start="18988">membrane domains</span>
        </annotation>
        <annotation annotator="Mike Bada, University of Colorado Anschutz Medical Campus" id="GO_CC_2016_02_16_test_Instance_26161" type="identity">
            <class id="GO:0005886" label="plasma membrane"/>
            <span end="19063" id="12925238-591" start="19048">plasma membrane</span>
        </annotation>
        <annotation annotator="" id="GO_CC_2016_02_16_Instance_219" type="identity">
            <class id="GO:0045121" label="membrane raft"/>
            <span end="19089" id="12925238-391" start="19074">raft subdomains</span>
        </annotation>
        <annotation annotator="Mike Bada, University of Colorado Anschutz Medical Campus" id="GO_CC_2016_02_16_test_Instance_26163" type="identity">
            <class id="GO:0005829" label="cytosol"/>
            <span end="19131" id="12925238-593" start="19124">cytosol</span>
        </annotation>
        <annotation annotator="Mike Bada, University of Colorado Anschutz Medical Campus" id="GO_CC_2016_02_16_test_Instance_26165" type="identity">
            <class id="GO:0031982" label="vesicle"/>
            <span end="19172" id="12925238-595" start="19165">vesicle</span>
        </annotation>
        <annotation annotator="" id="GO_CC_2016_02_16_Instance_233" type="identity">
            <class id="GO:0045121" label="membrane raft"/>
            <span end="19878" id="12925238-393" start="19857">membrane raft domains</span>
        </annotation>
        <annotation annotator="" id="GO_CC_2016_02_16_Instance_101805" type="identity">
            <class id="GO:0031982" label="vesicle"/>
            <span end="19894" id="12925238-340" start="19886">vesicles</span>
        </annotation>
        <annotation annotator="" id="GO_CC_2016_02_16_Instance_235" type="identity">
            <class id="GO:0045121" label="membrane raft"/>
            <span end="19945" id="12925238-395" start="19933">Raft domains</span>
        </annotation>
        <annotation annotator="Mike Bada, University of Colorado Anschutz Medical Campus" id="GO_CC_2016_02_16_test_Instance_26169" type="identity">
            <class id="GO:0016020" label="membrane"/>
            <span end="19995" id="12925238-597" start="19987">membrane</span>
        </annotation>
        <annotation annotator="" id="GO_CC_2016_02_16_Instance_237" type="identity">
            <class id="GO:0097478" label="leaflet of membrane bilayer"/>
            <span end="20140" id="12925238-397" start="20130">leaflet of</span>
            <span end="20153" id="12925238-398" start="20145">membrane</span>
        </annotation>
        <annotation annotator="" id="GO_CC_2016_02_16_Instance_239" type="identity">
            <class id="GO:0097478" label="leaflet of membrane bilayer"/>
            <span end="20217" id="12925238-400" start="20210">leaflet</span>
        </annotation>
        <annotation annotator="" id="GO_CC_2016_02_16_Instance_241" type="identity">
            <class id="GO:0045121" label="membrane raft"/>
            <span end="20275" id="12925238-402" start="20270">rafts</span>
        </annotation>
        <annotation annotator="Mike Bada, University of Colorado Anschutz Medical Campus" id="GO_CC_2016_02_16_test_Instance_26173" type="identity">
            <class id="GO:0016020" label="membrane"/>
            <span end="20300" id="12925238-599" start="20291">membranes</span>
        </annotation>
        <annotation annotator="Mike Bada, University of Colorado Anschutz Medical Campus" id="GO_CC_2016_02_16_test_Instance_26175" type="identity">
            <class id="GO:0016020" label="membrane"/>
            <span end="20501" id="12925238-601" start="20493">membrane</span>
        </annotation>
        <annotation annotator="Mike Bada, University of Colorado Anschutz Medical Campus" id="GO_CC_2016_02_16_test_Instance_26177" type="identity">
            <class id="GO:0016020" label="membrane"/>
            <span end="20945" id="12925238-603" start="20937">membrane</span>
        </annotation>
        <annotation annotator="Mike Bada, University of Colorado Anschutz Medical Campus" id="GO_CC_2016_02_16_test_Instance_26179" type="identity">
            <class id="GO:0031982" label="vesicle"/>
            <span end="21125" id="12925238-605" start="21117">vesicles</span>
        </annotation>
        <annotation annotator="" id="GO_CC_2016_02_16_Instance_243" type="identity">
            <class id="GO:1990742" label="microvesicle"/>
            <span end="21173" id="12925238-404" start="21167">micro-</span>
            <span end="21189" id="12925238-405" start="21182">vesicle</span>
        </annotation>
        <annotation annotator="Mike Bada, University of Colorado Anschutz Medical Campus" id="GO_CC_2016_02_16_test_Instance_26181" type="identity">
            <class id="GO:0016020" label="membrane"/>
            <span end="21413" id="12925238-607" start="21405">membrane</span>
        </annotation>
        <annotation annotator="" id="GO_CC_2016_02_16_Instance_245" type="identity">
            <class id="GO:1990742" label="microvesicle"/>
            <span end="21666" id="12925238-407" start="21660">micro-</span>
            <span end="21683" id="12925238-408" start="21675">vesicles</span>
        </annotation>
        <annotation annotator="" id="GO_CC_2016_02_16_Instance_101609" type="identity">
            <class id="GO:0005886" label="plasma membrane"/>
            <span end="21762" id="12925238-316" start="21749">cell membrane</span>
        </annotation>
        <annotation annotator="" id="GO_CC_2016_02_16_Instance_247" type="identity">
            <class id="GO:0070382" label="exocytic vesicle"/>
            <span end="21878" id="12925238-410" start="21867">exovesicles</span>
        </annotation>
        <annotation annotator="Mike Bada, University of Colorado Anschutz Medical Campus" id="GO_CC_2016_02_16_test_Instance_26185" type="identity">
            <class id="GO:0016020" label="membrane"/>
            <span end="22042" id="12925238-609" start="22033">membranes</span>
        </annotation>
        <annotation annotator="Mike Bada, University of Colorado Anschutz Medical Campus" id="GO_CC_2016_02_16_test_Instance_26187" type="identity">
            <class id="GO:0016020" label="membrane"/>
            <span end="22054" id="12925238-611" start="22046">membrane</span>
        </annotation>
        <annotation annotator="Mike Bada, University of Colorado Anschutz Medical Campus" id="GO_CC_2016_02_16_test_Instance_26189" type="identity">
            <class id="GO:0005768" label="endosome"/>
            <span end="22120" id="12925238-613" start="22111">endosomes</span>
        </annotation>
        <annotation annotator="Mike Bada, University of Colorado Anschutz Medical Campus" id="GO_CC_2016_02_16_test_Instance_26191" type="identity">
            <class id="GO:0016020" label="membrane"/>
            <span end="22155" id="12925238-615" start="22147">membrane</span>
        </annotation>
        <annotation annotator="Mike Bada, University of Colorado Anschutz Medical Campus" id="GO_CC_2016_02_16_test_Instance_26193" type="identity">
            <class id="GO:0005768" label="endosome"/>
            <span end="22180" id="12925238-617" start="22171">endosomal</span>
        </annotation>
        <annotation annotator="" id="GO_CC_2016_02_16_Instance_251" type="identity">
            <class id="GO:0044853" label="plasma membrane raft"/>
            <span end="22246" id="12925238-412" start="22218">plasma membrane raft domains</span>
        </annotation>
        <annotation annotator="Mike Bada, University of Colorado Anschutz Medical Campus" id="GO_CC_2016_02_16_test_Instance_26197" type="identity">
            <class id="GO:0031982" label="vesicle"/>
            <span end="22307" id="12925238-619" start="22299">vesicles</span>
        </annotation>
        <annotation annotator="Mike Bada, University of Colorado Anschutz Medical Campus" id="GO_CC_2016_02_16_test_Instance_26199" type="identity">
            <class id="GO:0031982" label="vesicle"/>
            <span end="22556" id="12925238-621" start="22549">vesicle</span>
        </annotation>
        <annotation annotator="Mike Bada, University of Colorado Anschutz Medical Campus" id="GO_CC_2016_02_16_test_Instance_26201" type="identity">
            <class id="GO:0016020" label="membrane"/>
            <span end="22579" id="12925238-623" start="22571">membrane</span>
        </annotation>
        <annotation annotator="Mike Bada, University of Colorado Anschutz Medical Campus" id="GO_CC_2016_02_16_test_Instance_26203" type="identity">
            <class id="GO:0016020" label="membrane"/>
            <span end="22728" id="12925238-625" start="22720">membrane</span>
        </annotation>
        <annotation annotator="Mike Bada, University of Colorado Anschutz Medical Campus" id="GO_CC_2016_02_16_test_Instance_26205" type="identity">
            <class id="GO:0016020" label="membrane"/>
            <span end="22878" id="12925238-627" start="22870">membrane</span>
        </annotation>
        <annotation annotator="Mike Bada, University of Colorado Anschutz Medical Campus" id="GO_CC_2016_02_16_test_Instance_26207" type="identity">
            <class id="GO:0005886" label="plasma membrane"/>
            <span end="23294" id="12925238-629" start="23279">plasma membrane</span>
        </annotation>
        <annotation annotator="Mike Bada, University of Colorado Anschutz Medical Campus" id="GO_CC_2016_02_16_test_Instance_26211" type="identity">
            <class id="GO:0016020" label="membrane"/>
            <span end="23311" id="12925238-631" start="23303">membrane</span>
        </annotation>
        <annotation annotator="Mike Bada, University of Colorado Anschutz Medical Campus" id="GO_CC_2016_02_16_test_Instance_24981" type="identity">
            <class id="GO:0044430" label="cytoskeletal part"/>
            <span end="23330" id="12925238-456" start="23323">part of</span>
            <span end="23347" id="12925238-457" start="23335">cytoskeleton</span>
        </annotation>
        <annotation annotator="Mike Bada, University of Colorado Anschutz Medical Campus" id="GO_CC_2016_02_16_test_Instance_26213" type="identity">
            <class id="GO:0016020" label="membrane"/>
            <span end="23391" id="12925238-633" start="23383">membrane</span>
        </annotation>
        <annotation annotator="" id="GO_CC_2016_02_16_Instance_263" type="identity">
            <class id="GO:0005856" label="cytoskeleton"/>
            <span end="23400" id="12925238-422" start="23392">skeleton</span>
        </annotation>
        <annotation annotator="Mike Bada, University of Colorado Anschutz Medical Campus" id="GO_CC_2016_02_16_test_Instance_26217" type="identity">
            <class id="GO:0005884" label="actin filament"/>
            <span end="23464" id="12925238-635" start="23449">actin filaments</span>
        </annotation>
        <annotation annotator="Mike Bada, University of Colorado Anschutz Medical Campus" id="GO_CC_2016_02_16_test_Instance_24983" type="identity">
            <class id="GO:0009898" label="cytoplasmic side of plasma membrane"/>
            <span end="23534" id="12925238-459" start="23512">cytoplasmic surface of</span>
            <span end="23562" id="12925238-460" start="23549">cell membrane</span>
        </annotation>
        <annotation annotator="Mike Bada, University of Colorado Anschutz Medical Campus" id="GO_CC_2016_02_16_test_Instance_26223" type="identity">
            <class id="GO:0016020" label="membrane"/>
            <span end="23577" id="12925238-637" start="23569">Membrane</span>
        </annotation>
        <annotation annotator="" id="GO_CC_2016_02_16_Instance_253" type="identity">
            <class id="GO:0005579" label="membrane attack complex"/>
            <span end="23652" id="12925238-414" start="23634">complement complex</span>
        </annotation>
        <annotation annotator="" id="GO_CC_2016_02_16_Instance_255" type="identity">
            <class id="GO:0045121" label="membrane raft"/>
            <span end="23679" id="12925238-416" start="23675">raft</span>
        </annotation>
        <annotation annotator="" id="GO_CC_2016_02_16_Instance_257" type="identity">
            <class id="GO:0045121" label="membrane raft"/>
            <span end="23725" id="12925238-418" start="23721">raft</span>
        </annotation>
        <annotation annotator="Mike Bada, University of Colorado Anschutz Medical Campus" id="GO_CC_2016_02_16_test_Instance_24989" type="identity">
            <class id="GO:0005886" label="plasma membrane"/>
            <span end="23803" id="12925238-464" start="23790">cell membrane</span>
        </annotation>
        <annotation annotator="" id="GO_CC_2016_02_16_Instance_259" type="identity">
            <class id="GO:0016020" label="membrane"/>
            <span end="23985" id="12925238-420" start="23977">membrane</span>
        </annotation>
        <annotation annotator="Mike Bada, University of Colorado Anschutz Medical Campus" id="GO_CC_2016_02_16_test_Instance_26225" type="identity">
            <class id="GO:0016020" label="membrane"/>
            <span end="24048" id="12925238-639" start="24040">membrane</span>
        </annotation>
        <annotation annotator="Mike Bada, University of Colorado Anschutz Medical Campus" id="GO_CC_2016_02_16_test_Instance_26227" type="identity">
            <class id="GO:0005886" label="plasma membrane"/>
            <span end="24170" id="12925238-641" start="24155">plasma membrane</span>
        </annotation>
        <annotation annotator="Mike Bada, University of Colorado Anschutz Medical Campus" id="GO_CC_2016_02_16_test_Instance_26229" type="identity">
            <class id="GO:0016020" label="membrane"/>
            <span end="24261" id="12925238-643" start="24253">membrane</span>
        </annotation>
        <annotation annotator="" id="GO_CC_2016_02_16_Instance_265" type="identity">
            <class id="GO:0005856" label="cytoskeleton"/>
            <span end="24270" id="12925238-424" start="24262">skeletal</span>
        </annotation>
        <annotation annotator="" id="GO_CC_2016_02_16_Instance_101611" type="identity">
            <class id="GO:0005886" label="plasma membrane"/>
            <span end="24338" id="12925238-318" start="24325">cell membrane</span>
        </annotation>
        <annotation annotator="" id="GO_CC_2016_02_16_Instance_101817" type="identity">
            <class id="GO:0031941" label="filamentous actin"/>
            <span end="24420" id="12925238-348" start="24413">F-actin</span>
        </annotation>
        <annotation annotator="Mike Bada, University of Colorado Anschutz Medical Campus" id="GO_CC_2016_02_16_test_Instance_26235" type="identity">
            <class id="GO:0016020" label="membrane"/>
            <span end="24575" id="12925238-647" start="24567">membrane</span>
        </annotation>
        <annotation annotator="Mike Bada, University of Colorado Anschutz Medical Campus" id="GO_CC_2016_02_16_test_Instance_26233" type="identity">
            <class id="GO:0005856" label="cytoskeleton"/>
            <span end="24588" id="12925238-645" start="24576">cytoskeleton</span>
        </annotation>
        <annotation annotator="" id="GO_CC_2016_02_16_Instance_267" type="identity">
            <class id="GO:0045121" label="membrane raft"/>
            <span end="24606" id="12925238-426" start="24602">raft</span>
        </annotation>
        <annotation annotator="Mike Bada, University of Colorado Anschutz Medical Campus" id="GO_CC_2016_02_16_test_Instance_26237" type="identity">
            <class id="GO:0005737" label="cytoplasm"/>
            <span end="24808" id="12925238-649" start="24797">cytoplasmic</span>
        </annotation>
        <annotation annotator="Mike Bada, University of Colorado Anschutz Medical Campus" id="GO_CC_2016_02_16_test_Instance_26239" type="identity">
            <class id="GO:0005622" label="intracellular"/>
            <span end="24896" id="12925238-651" start="24883">intracellular</span>
        </annotation>
        <annotation annotator="Mike Bada, University of Colorado Anschutz Medical Campus" id="GO_CC_2016_02_16_test_Instance_26241" type="identity">
            <class id="GO:0016020" label="membrane"/>
            <span end="24955" id="12925238-653" start="24947">membrane</span>
        </annotation>
        <annotation annotator="Mike Bada, University of Colorado Anschutz Medical Campus" id="GO_CC_2016_02_16_test_Instance_26243" type="identity">
            <class id="GO:0005622" label="intracellular"/>
            <span end="25049" id="12925238-655" start="25036">intracellular</span>
        </annotation>
        <annotation annotator="Mike Bada, University of Colorado Anschutz Medical Campus" id="GO_CC_2016_02_16_test_Instance_26245" type="identity">
            <class id="GO:0016020" label="membrane"/>
            <span end="25089" id="12925238-657" start="25081">membrane</span>
        </annotation>
        <annotation annotator="Mike Bada, University of Colorado Anschutz Medical Campus" id="GO_CC_2016_02_16_test_Instance_26247" type="identity">
            <class id="GO:0005856" label="cytoskeleton"/>
            <span end="25134" id="12925238-659" start="25122">cytoskeletal</span>
        </annotation>
        <annotation annotator="Mike Bada, University of Colorado Anschutz Medical Campus" id="GO_CC_2016_02_16_test_Instance_26249" type="identity">
            <class id="GO:0016020" label="membrane"/>
            <span end="25332" id="12925238-661" start="25324">membrane</span>
        </annotation>
        <annotation annotator="Mike Bada, University of Colorado Anschutz Medical Campus" id="GO_CC_2016_02_16_test_Instance_26251" type="identity">
            <class id="GO:0005856" label="cytoskeleton"/>
            <span end="25375" id="12925238-663" start="25363">cytoskeleton</span>
        </annotation>
        <annotation annotator="" id="GO_CC_2016_02_16_Instance_101807" type="identity">
            <class id="GO:0031982" label="vesicle"/>
            <span end="26524" id="12925238-342" start="26516">vesicles</span>
        </annotation>
        <annotation annotator="" id="GO_CC_2016_02_16_Instance_269" type="identity">
            <class id="GO:0044425" label="membrane part"/>
            <span end="26697" id="12925238-428" start="26681">membrane domains</span>
        </annotation>
        <annotation annotator="" id="GO_CC_2016_02_16_Instance_271" type="identity">
            <class id="GO:0045121" label="membrane raft"/>
            <span end="26717" id="12925238-430" start="26706">lipid rafts</span>
        </annotation>
        <annotation annotator="" id="GO_CC_2016_02_16_Instance_273" type="identity">
            <class id="GO:0016020" label="membrane"/>
            <span end="26840" id="12925238-432" start="26831">membranes</span>
        </annotation>
        <annotation annotator="Mike Bada, University of Colorado Anschutz Medical Campus" id="GO_CC_2016_02_16_test_Instance_26253" type="identity">
            <class id="GO:0005856" label="cytoskeleton"/>
            <span end="27012" id="12925238-665" start="27000">cytoskeleton</span>
        </annotation>
        <annotation annotator="" id="GO_CC_2016_02_16_Instance_101819" type="identity">
            <class id="GO:0031941" label="filamentous actin"/>
            <span end="27050" id="12925238-350" start="27043">F-actin</span>
        </annotation>
        <annotation annotator="" id="GO_CC_2016_02_16_Instance_277" type="identity">
            <class id="GO:0070382" label="exocytic vesicle"/>
            <span end="29952" id="12925238-434" start="29942">Exovesicle</span>
        </annotation>
        <annotation annotator="" id="GO_CC_2016_02_16_Instance_279" type="identity">
            <class id="GO:0070382" label="exocytic vesicle"/>
            <span end="30071" id="12925238-436" start="30060">exovesicles</span>
        </annotation>
        <annotation annotator="Mike Bada, University of Colorado Anschutz Medical Campus" id="GO_CC_2016_02_16_test_Instance_26255" type="identity">
            <class id="GO:0031982" label="vesicle"/>
            <span end="30095" id="12925238-667" start="30088">vesicle</span>
        </annotation>
        <annotation annotator="" id="GO_CC_2016_02_16_Instance_281" type="identity">
            <class id="GO:1990742" label="microvesicle"/>
            <span end="30920" id="12925238-438" start="30907">microvesicles</span>
        </annotation>
        <annotation annotator="" id="GO_CC_2016_02_16_Instance_101809" type="identity">
            <class id="GO:0031982" label="vesicle"/>
            <span end="31172" id="12925238-344" start="31164">vesicles</span>
        </annotation>
        <annotation annotator="Mike Bada, University of Colorado Anschutz Medical Campus" id="GO_CC_2016_02_16_test_Instance_26257" type="identity">
            <class id="GO:0031982" label="vesicle"/>
            <span end="31206" id="12925238-669" start="31198">vesicles</span>
        </annotation>
        <annotation annotator="Mike Bada, University of Colorado Anschutz Medical Campus" id="GO_CC_2016_02_16_test_Instance_26259" type="identity">
            <class id="GO:0031982" label="vesicle"/>
            <span end="31359" id="12925238-671" start="31351">vesicles</span>
        </annotation>
        <annotation annotator="" id="GO_CC_2016_02_16_Instance_283" type="identity">
            <class id="GO:0031941" label="filamentous actin"/>
            <span end="34859" id="12925238-440" start="34852">F-actin</span>
        </annotation>
        <annotation annotator="" id="GO_CC_2016_02_16_Instance_285" type="identity">
            <class id="GO:0042571" label="immunoglobulin complex, circulating"/>
            <span end="35061" id="12925238-442" start="35051">Antibodies</span>
        </annotation>
        <annotation annotator="" id="GO_CC_2016_02_16_Instance_287" type="identity">
            <class id="GO:0042571" label="immunoglobulin complex, circulating"/>
            <span end="35182" id="12925238-444" start="35174">antibody</span>
        </annotation>
        <annotation annotator="Mike Bada, University of Colorado Anschutz Medical Campus" id="GO_CC_2016_02_16_test_Instance_26265" type="identity">
            <class id="GO:0005856" label="cytoskeleton"/>
            <span end="36090" id="12925238-673" start="36078">cytoskeletal</span>
        </annotation>
        <graph-space id="Old Knowtator Relations"/>
    </document>
</knowtator-project>
