<?xml version="1.0" encoding="UTF-8" standalone="no"?>
<knowtator-project>
    <document id="14611657" text-file="14611657.txt">
        <annotation annotator="" id="GO_CC_2016_02_16_Instance_323" type="identity">
            <class id="GO:0016020" label="membrane"/>
            <span end="3127" id="14611657-705" start="3119">membrane</span>
        </annotation>
        <annotation annotator="" id="GO_CC_2016_02_16_Instance_101777" type="identity">
            <class id="GO:0009986" label="cell surface"/>
            <span end="6308" id="14611657-701" start="6301">surface</span>
        </annotation>
        <annotation annotator="" id="GO_CC_2016_02_16_Instance_325" type="identity">
            <class id="GO:0016020" label="membrane"/>
            <span end="13778" id="14611657-707" start="13770">membrane</span>
        </annotation>
        <annotation annotator="Mike Bada, University of Colorado Anschutz Medical Campus" id="GO_CC_2016_02_16_test_Instance_26285" type="identity">
            <class id="GO:0042101" label="T cell receptor complex"/>
            <span end="16907" id="14611657-713" start="16892">T-cell receptor</span>
        </annotation>
        <annotation annotator="Mike Bada, University of Colorado Anschutz Medical Campus" id="GO_CC_2016_02_16_test_Instance_26287" type="identity">
            <class id="GO:0005840" label="ribosome"/>
            <span end="17186" id="14611657-715" start="17177">ribosomal</span>
        </annotation>
        <annotation annotator="Mike Bada, University of Colorado Anschutz Medical Campus" id="GO_CC_2016_02_16_test_Instance_26289" type="identity">
            <class id="GO:0042611" label="MHC protein complex"/>
            <span end="24114" id="14611657-717" start="24082">major histocompatibility complex</span>
        </annotation>
        <annotation annotator="Mike Bada, University of Colorado Anschutz Medical Campus" id="GO_CC_2016_02_16_test_Instance_26291" type="identity">
            <class id="GO:0042611" label="MHC protein complex"/>
            <span end="24119" id="14611657-719" start="24116">MHC</span>
        </annotation>
        <annotation annotator="" id="GO_CC_2016_02_16_Instance_301" type="identity">
            <class id="GO:0042611" label="MHC protein complex"/>
            <span end="24776" id="14611657-703" start="24773">MHC</span>
        </annotation>
        <annotation annotator="Mike Bada, University of Colorado Anschutz Medical Campus" id="GO_CC_2016_02_16_test_Instance_26293" type="identity">
            <class id="GO:0000785" label="chromatin"/>
            <span end="31491" id="14611657-721" start="31482">chromatin</span>
        </annotation>
        <annotation annotator="Mike Bada, University of Colorado Anschutz Medical Campus" id="GO_CC_2016_02_16_test_Instance_26295" type="identity">
            <class id="GO:0005634" label="nucleus"/>
            <span end="34674" id="14611657-723" start="34667">nucleus</span>
        </annotation>
        <annotation annotator="Mike Bada, University of Colorado Anschutz Medical Campus" id="GO_CC_2016_02_16_test_Instance_26297" type="identity">
            <class id="GO:0005840" label="ribosome"/>
            <span end="47129" id="14611657-725" start="47120">ribosomal</span>
        </annotation>
        <annotation annotator="Mike Bada, University of Colorado Anschutz Medical Campus" id="GO_CC_2016_02_16_test_Instance_26299" type="identity">
            <class id="GO:0005840" label="ribosome"/>
            <span end="51633" id="14611657-727" start="51624">ribosomal</span>
        </annotation>
        <annotation annotator="" id="GO_CC_2016_02_16_Instance_327" type="identity">
            <class id="GO:0016020" label="membrane"/>
            <span end="53108" id="14611657-709" start="53100">membrane</span>
        </annotation>
        <annotation annotator="Mike Bada, University of Colorado Anschutz Medical Campus" id="GO_CC_2016_02_16_test_Instance_26301" type="identity">
            <class id="GO:0005622" label="intracellular"/>
            <span end="53151" id="14611657-729" start="53138">intracellular</span>
        </annotation>
        <annotation annotator="Mike Bada, University of Colorado Anschutz Medical Campus" id="GO_CC_2016_02_16_test_Instance_26303" type="identity">
            <class id="GO:0005622" label="intracellular"/>
            <span end="53155" id="14611657-731" start="53153">IC</span>
        </annotation>
        <annotation annotator="Mike Bada, University of Colorado Anschutz Medical Campus" id="GO_CC_2016_02_16_test_Instance_26305" type="identity">
            <class id="GO:0005576" label="extracellular region"/>
            <span end="53174" id="14611657-733" start="53161">extracellular</span>
        </annotation>
        <annotation annotator="Mike Bada, University of Colorado Anschutz Medical Campus" id="GO_CC_2016_02_16_test_Instance_26307" type="identity">
            <class id="GO:0005576" label="extracellular region"/>
            <span end="53178" id="14611657-735" start="53176">EC</span>
        </annotation>
        <annotation annotator="" id="GO_CC_2016_02_16_Instance_329" type="identity">
            <class id="GO:0016020" label="membrane"/>
            <span end="54749" id="14611657-711" start="54741">membrane</span>
        </annotation>
        <graph-space id="Old Knowtator Relations"/>
    </document>
</knowtator-project>
