<?xml version="1.0" encoding="UTF-8" standalone="no"?>
<knowtator-project>
  <document id="15040800" text-file="15040800.txt">
    <annotation annotator="Mike Bada, University of Colorado Anschutz Medical Campus" id="GO_CC_2016_02_16_test_Instance_26627" type="identity">
      <class id="GO:0030849" label="autosome"/>
      <span end="337" id="15040800-987" start="328">autosomal</span>
    </annotation>
    <annotation annotator="" id="GO_CC_2016_02_16_Instance_101823" type="identity">
      <class id="GO:0045177" label="apical part of cell"/>
      <span end="1339" id="15040800-891" start="1333">apical</span>
    </annotation>
    <annotation annotator="Mike Bada, University of Colorado Anschutz Medical Campus" id="GO_CC_2016_02_16_test_Instance_26631" type="identity">
      <class id="GO:0030849" label="autosome"/>
      <span end="3219" id="15040800-989" start="3210">autosomal</span>
    </annotation>
    <annotation annotator="" id="GO_CC_2016_02_16_Instance_20009" type="identity">
      <class id="GO:0016020" label="membrane"/>
      <span end="5294" id="15040800-899" start="5286">membrane</span>
    </annotation>
    <annotation annotator="" id="GO_CC_2016_02_16_Instance_20011" type="identity">
      <class id="GO:0016020" label="membrane"/>
      <span end="5342" id="15040800-901" start="5334">membrane</span>
    </annotation>
    <annotation annotator="" id="GO_CC_2016_02_16_Instance_101825" type="identity">
      <class id="GO:0045177" label="apical part of cell"/>
      <span end="5788" id="15040800-893" start="5782">apical</span>
    </annotation>
    <annotation annotator="Mike Bada, University of Colorado Anschutz Medical Campus" id="GO_CC_2016_02_16_test_Instance_26643" type="identity">
      <class id="GO:0045177" label="apical part of cell"/>
      <span end="5845" id="15040800-991" start="5839">apical</span>
    </annotation>
    <annotation annotator="" id="GO_CC_2016_02_16_Instance_20015" type="identity">
      <class id="GO:0042571" label="immunoglobulin complex, circulating"/>
      <span end="17179" id="15040800-903" start="17171">antibody</span>
    </annotation>
    <annotation annotator="" id="GO_CC_2016_02_16_Instance_20017" type="identity">
      <class id="GO:0042571" label="immunoglobulin complex, circulating"/>
      <span end="17250" id="15040800-905" start="17240">antibodies</span>
    </annotation>
    <annotation annotator="" id="GO_CC_2016_02_16_Instance_20019" type="identity">
      <class id="GO:0042571" label="immunoglobulin complex, circulating"/>
      <span end="17352" id="15040800-907" start="17342">antibodies</span>
    </annotation>
    <annotation annotator="Mike Bada, University of Colorado Anschutz Medical Campus" id="GO_CC_2016_02_16_test_Instance_26653" type="identity">
      <class id="GO:0016020" label="membrane"/>
      <span end="17496" id="15040800-993" start="17488">Membrane</span>
    </annotation>
    <annotation annotator="Mike Bada, University of Colorado Anschutz Medical Campus" id="GO_CC_2016_02_16_test_Instance_26655" type="identity">
      <class id="GO:0016020" label="membrane"/>
      <span end="17534" id="15040800-995" start="17525">membranes</span>
    </annotation>
    <annotation annotator="Mike Bada, University of Colorado Anschutz Medical Campus" id="GO_CC_2016_02_16_test_Instance_26657" type="identity">
      <class id="GO:0005886" label="plasma membrane"/>
      <span end="18288" id="15040800-997" start="18272">Plasma membranes</span>
    </annotation>
    <annotation annotator="Mike Bada, University of Colorado Anschutz Medical Campus" id="GO_CC_2016_02_16_test_Instance_26659" type="identity">
      <class id="GO:0016020" label="membrane"/>
      <span end="18495" id="15040800-999" start="18487">membrane</span>
    </annotation>
    <annotation annotator="" id="GO_CC_2016_02_16_Instance_20021" type="identity">
      <class id="GO:0042571" label="immunoglobulin complex, circulating"/>
      <span end="18801" id="15040800-909" start="18793">antibody</span>
    </annotation>
    <annotation annotator="" id="GO_CC_2016_02_16_Instance_20029" type="identity">
      <class id="GO:0042571" label="immunoglobulin complex, circulating"/>
      <span end="19706" id="15040800-917" start="19698">antibody</span>
    </annotation>
    <annotation annotator="" id="GO_CC_2016_02_16_Instance_20023" type="identity">
      <class id="GO:0042571" label="immunoglobulin complex, circulating"/>
      <span end="19850" id="15040800-911" start="19842">antibody</span>
    </annotation>
    <annotation annotator="" id="GO_CC_2016_02_16_Instance_20025" type="identity">
      <class id="GO:0042571" label="immunoglobulin complex, circulating"/>
      <span end="19958" id="15040800-913" start="19950">antibody</span>
    </annotation>
    <annotation annotator="" id="GO_CC_2016_02_16_Instance_102069" type="identity">
      <class id="GO:0071735" label="IgG immunoglobulin complex"/>
      <span end="19980" id="15040800-895" start="19977">IgG</span>
    </annotation>
    <annotation annotator="" id="GO_CC_2016_02_16_Instance_20027" type="identity">
      <class id="GO:0042571" label="immunoglobulin complex, circulating"/>
      <span end="20523" id="15040800-915" start="20515">antibody</span>
    </annotation>
    <annotation annotator="" id="GO_CC_2016_02_16_Instance_20031" type="identity">
      <class id="GO:0042571" label="immunoglobulin complex, circulating"/>
      <span end="22053" id="15040800-919" start="22045">antibody</span>
    </annotation>
    <annotation annotator="" id="GO_CC_2016_02_16_Instance_102071" type="identity">
      <class id="GO:0071736" label="IgG immunoglobulin complex, circulating"/>
      <span end="22177" id="15040800-897" start="22165">IgG antibody</span>
    </annotation>
    <annotation annotator="Mike Bada, University of Colorado Anschutz Medical Campus" id="GO_CC_2016_02_16_test_Instance_26675" type="identity">
      <class id="GO:0016020" label="membrane"/>
      <span end="27861" id="15040800-1001" start="27853">membrane</span>
    </annotation>
    <annotation annotator="" id="GO_CC_2016_02_16_Instance_20040" type="identity">
      <class id="GO:0042571" label="immunoglobulin complex, circulating"/>
      <span end="33321" id="15040800-921" start="33313">antibody</span>
    </annotation>
    <annotation annotator="" id="GO_CC_2016_02_16_Instance_20042" type="identity">
      <class id="GO:0042571" label="immunoglobulin complex, circulating"/>
      <span end="33448" id="15040800-923" start="33440">antibody</span>
    </annotation>
    <annotation annotator="" id="GO_CC_2016_02_16_Instance_20044" type="identity">
      <class id="GO:0042571" label="immunoglobulin complex, circulating"/>
      <span end="33498" id="15040800-925" start="33488">antibodies</span>
    </annotation>
    <annotation annotator="Mike Bada, University of Colorado Anschutz Medical Campus" id="GO_CC_2016_02_16_test_Instance_26683" type="identity">
      <class id="GO:0016020" label="membrane"/>
      <span end="33651" id="15040800-1003" start="33643">membrane</span>
    </annotation>
    <annotation annotator="" id="GO_CC_2016_02_16_Instance_20046" type="identity">
      <class id="GO:0042571" label="immunoglobulin complex, circulating"/>
      <span end="33734" id="15040800-927" start="33724">antibodies</span>
    </annotation>
    <annotation annotator="" id="GO_CC_2016_02_16_Instance_20048" type="identity">
      <class id="GO:0042571" label="immunoglobulin complex, circulating"/>
      <span end="33981" id="15040800-929" start="33973">antibody</span>
    </annotation>
    <annotation annotator="" id="GO_CC_2016_02_16_Instance_20050" type="identity">
      <class id="GO:0042571" label="immunoglobulin complex, circulating"/>
      <span end="34035" id="15040800-931" start="34027">antibody</span>
    </annotation>
    <annotation annotator="" id="GO_CC_2016_02_16_Instance_20052" type="identity">
      <class id="GO:0042571" label="immunoglobulin complex, circulating"/>
      <span end="34256" id="15040800-933" start="34248">antibody</span>
    </annotation>
    <annotation annotator="" id="GO_CC_2016_02_16_Instance_20056" type="identity">
      <class id="GO:0042571" label="immunoglobulin complex, circulating"/>
      <span end="34417" id="15040800-937" start="34409">antibody</span>
    </annotation>
    <annotation annotator="" id="GO_CC_2016_02_16_Instance_20054" type="identity">
      <class id="GO:0042571" label="immunoglobulin complex, circulating"/>
      <span end="34503" id="15040800-935" start="34495">antibody</span>
    </annotation>
    <annotation annotator="" id="GO_CC_2016_02_16_Instance_20058" type="identity">
      <class id="GO:0042571" label="immunoglobulin complex, circulating"/>
      <span end="34681" id="15040800-939" start="34671">antibodies</span>
    </annotation>
    <annotation annotator="" id="GO_CC_2016_02_16_Instance_20060" type="identity">
      <class id="GO:0042571" label="immunoglobulin complex, circulating"/>
      <span end="34824" id="15040800-941" start="34814">antibodies</span>
    </annotation>
    <annotation annotator="" id="GO_CC_2016_02_16_Instance_20062" type="identity">
      <class id="GO:0042571" label="immunoglobulin complex, circulating"/>
      <span end="34872" id="15040800-943" start="34864">antibody</span>
    </annotation>
    <annotation annotator="" id="GO_CC_2016_02_16_Instance_20064" type="identity">
      <class id="GO:0042571" label="immunoglobulin complex, circulating"/>
      <span end="35235" id="15040800-945" start="35227">antibody</span>
    </annotation>
    <annotation annotator="" id="GO_CC_2016_02_16_Instance_20066" type="identity">
      <class id="GO:0042571" label="immunoglobulin complex, circulating"/>
      <span end="35330" id="15040800-947" start="35322">antibody</span>
    </annotation>
    <annotation annotator="Mike Bada, University of Colorado Anschutz Medical Campus" id="GO_CC_2016_02_16_test_Instance_26707" type="identity">
      <class id="GO:0045177" label="apical part of cell"/>
      <span end="35634" id="15040800-1005" start="35628">apical</span>
    </annotation>
    <annotation annotator="" id="GO_CC_2016_02_16_Instance_20068" type="identity">
      <class id="GO:0042571" label="immunoglobulin complex, circulating"/>
      <span end="35811" id="15040800-949" start="35803">antibody</span>
    </annotation>
    <annotation annotator="" id="GO_CC_2016_02_16_Instance_20070" type="identity">
      <class id="GO:0042571" label="immunoglobulin complex, circulating"/>
      <span end="35885" id="15040800-951" start="35877">antibody</span>
    </annotation>
    <annotation annotator="Mike Bada, University of Colorado Anschutz Medical Campus" id="GO_CC_2016_02_16_test_Instance_26715" type="identity">
      <class id="GO:0045177" label="apical part of cell"/>
      <span end="36038" id="15040800-1007" start="36032">apical</span>
    </annotation>
    <annotation annotator="" id="GO_CC_2016_02_16_Instance_20074" type="identity">
      <class id="GO:0042571" label="immunoglobulin complex, circulating"/>
      <span end="36110" id="15040800-955" start="36102">antibody</span>
    </annotation>
    <annotation annotator="Mike Bada, University of Colorado Anschutz Medical Campus" id="GO_CC_2016_02_16_test_Instance_26719" type="identity">
      <class id="GO:0045177" label="apical part of cell"/>
      <span end="36377" id="15040800-1009" start="36369">apically</span>
    </annotation>
    <annotation annotator="Mike Bada, University of Colorado Anschutz Medical Campus" id="GO_CC_2016_02_16_test_Instance_26721" type="identity">
      <class id="GO:0045177" label="apical part of cell"/>
      <span end="36632" id="15040800-1011" start="36626">apical</span>
    </annotation>
    <annotation annotator="" id="GO_CC_2016_02_16_Instance_20072" type="identity">
      <class id="GO:0042571" label="immunoglobulin complex, circulating"/>
      <span end="36703" id="15040800-953" start="36695">antibody</span>
    </annotation>
    <annotation annotator="Mike Bada, University of Colorado Anschutz Medical Campus" id="GO_CC_2016_02_16_test_Instance_26725" type="identity">
      <class id="GO:0045177" label="apical part of cell"/>
      <span end="36791" id="15040800-1013" start="36785">apical</span>
    </annotation>
    <annotation annotator="Mike Bada, University of Colorado Anschutz Medical Campus" id="GO_CC_2016_02_16_test_Instance_26727" type="identity">
      <class id="GO:0045177" label="apical part of cell"/>
      <span end="47660" id="15040800-1015" start="47654">apical</span>
    </annotation>
    <annotation annotator="Mike Bada, University of Colorado Anschutz Medical Campus" id="GO_CC_2016_02_16_test_Instance_26731" type="identity">
      <class id="GO:0045177" label="apical part of cell"/>
      <span end="47706" id="15040800-1019" start="47700">apical</span>
    </annotation>
    <annotation annotator="Mike Bada, University of Colorado Anschutz Medical Campus" id="GO_CC_2016_02_16_test_Instance_26729" type="identity">
      <class id="GO:0009986" label="cell surface"/>
      <span end="47714" id="15040800-1017" start="47707">surface</span>
    </annotation>
    <annotation annotator="" id="GO_CC_2016_02_16_Instance_20080" type="identity">
      <class id="GO:0042571" label="immunoglobulin complex, circulating"/>
      <span end="47898" id="15040800-957" start="47888">antibodies</span>
    </annotation>
    <annotation annotator="Mike Bada, University of Colorado Anschutz Medical Campus" id="GO_CC_2016_02_16_test_Instance_26735" type="identity">
      <class id="GO:0005783" label="endoplasmic reticulum"/>
      <span end="48147" id="15040800-1021" start="48126">endoplasmic reticulum</span>
    </annotation>
    <annotation annotator="Mike Bada, University of Colorado Anschutz Medical Campus" id="GO_CC_2016_02_16_test_Instance_26737" type="identity">
      <class id="GO:0045177" label="apical part of cell"/>
      <span end="48226" id="15040800-1023" start="48218">apically</span>
    </annotation>
    <annotation annotator="" id="GO_CC_2016_02_16_Instance_20082" type="identity">
      <class id="GO:0042571" label="immunoglobulin complex, circulating"/>
      <span end="48313" id="15040800-959" start="48305">antibody</span>
    </annotation>
    <annotation annotator="Mike Bada, University of Colorado Anschutz Medical Campus" id="GO_CC_2016_02_16_test_Instance_26741" type="identity">
      <class id="GO:0005622" label="intracellular"/>
      <span end="48460" id="15040800-1025" start="48445">intracellularly</span>
    </annotation>
    <annotation annotator="Mike Bada, University of Colorado Anschutz Medical Campus" id="GO_CC_2016_02_16_test_Instance_26745" type="identity">
      <class id="GO:0045177" label="apical part of cell"/>
      <span end="48623" id="15040800-1029" start="48617">apical</span>
    </annotation>
    <annotation annotator="Mike Bada, University of Colorado Anschutz Medical Campus" id="GO_CC_2016_02_16_test_Instance_26743" type="identity">
      <class id="GO:0009986" label="cell surface"/>
      <span end="48631" id="15040800-1027" start="48624">surface</span>
    </annotation>
    <annotation annotator="" id="GO_CC_2016_02_16_Instance_20084" type="identity">
      <class id="GO:0042571" label="immunoglobulin complex, circulating"/>
      <span end="48689" id="15040800-961" start="48681">antibody</span>
    </annotation>
    <annotation annotator="Mike Bada, University of Colorado Anschutz Medical Campus" id="GO_CC_2016_02_16_test_Instance_26749" type="identity">
      <class id="GO:0045177" label="apical part of cell"/>
      <span end="48866" id="15040800-1031" start="48860">apical</span>
    </annotation>
    <annotation annotator="Mike Bada, University of Colorado Anschutz Medical Campus" id="GO_CC_2016_02_16_test_Instance_26751" type="identity">
      <class id="GO:0045177" label="apical part of cell"/>
      <span end="50536" id="15040800-1033" start="50528">apically</span>
    </annotation>
    <annotation annotator="" id="GO_CC_2016_02_16_Instance_20086" type="identity">
      <class id="GO:0042571" label="immunoglobulin complex, circulating"/>
      <span end="51879" id="15040800-963" start="51871">antibody</span>
    </annotation>
    <annotation annotator="" id="GO_CC_2016_02_16_Instance_20088" type="identity">
      <class id="GO:0042571" label="immunoglobulin complex, circulating"/>
      <span end="51948" id="15040800-965" start="51940">antibody</span>
    </annotation>
    <annotation annotator="" id="GO_CC_2016_02_16_Instance_20096" type="identity">
      <class id="GO:0042571" label="immunoglobulin complex, circulating"/>
      <span end="56425" id="15040800-967" start="56417">antibody</span>
    </annotation>
    <annotation annotator="" id="GO_CC_2016_02_16_Instance_20098" type="identity">
      <class id="GO:0042571" label="immunoglobulin complex, circulating"/>
      <span end="56633" id="15040800-969" start="56625">antibody</span>
    </annotation>
    <annotation annotator="Mike Bada, University of Colorado Anschutz Medical Campus" id="GO_CC_2016_02_16_test_Instance_26761" type="identity">
      <class id="GO:0016020" label="membrane"/>
      <span end="56651" id="15040800-1035" start="56643">membrane</span>
    </annotation>
    <annotation annotator="" id="GO_CC_2016_02_16_Instance_20100" type="identity">
      <class id="GO:0042571" label="immunoglobulin complex, circulating"/>
      <span end="56746" id="15040800-971" start="56738">antibody</span>
    </annotation>
    <annotation annotator="" id="GO_CC_2016_02_16_Instance_20102" type="identity">
      <class id="GO:0042571" label="immunoglobulin complex, circulating"/>
      <span end="56884" id="15040800-973" start="56876">antibody</span>
    </annotation>
    <annotation annotator="" id="GO_CC_2016_02_16_Instance_20104" type="identity">
      <class id="GO:0042571" label="immunoglobulin complex, circulating"/>
      <span end="57089" id="15040800-975" start="57081">antibody</span>
    </annotation>
    <annotation annotator="" id="GO_CC_2016_02_16_Instance_20106" type="identity">
      <class id="GO:0042571" label="immunoglobulin complex, circulating"/>
      <span end="57292" id="15040800-977" start="57284">antibody</span>
    </annotation>
    <annotation annotator="" id="GO_CC_2016_02_16_Instance_20108" type="identity">
      <class id="GO:0042571" label="immunoglobulin complex, circulating"/>
      <span end="57514" id="15040800-979" start="57506">Antibody</span>
    </annotation>
    <annotation annotator="" id="GO_CC_2016_02_16_Instance_20110" type="identity">
      <class id="GO:0042571" label="immunoglobulin complex, circulating"/>
      <span end="57611" id="15040800-981" start="57603">antibody</span>
    </annotation>
    <annotation annotator="Mike Bada, University of Colorado Anschutz Medical Campus" id="GO_CC_2016_02_16_test_Instance_26775" type="identity">
      <class id="GO:0045177" label="apical part of cell"/>
      <span end="57661" id="15040800-1037" start="57655">apical</span>
    </annotation>
    <annotation annotator="" id="GO_CC_2016_02_16_Instance_20112" type="identity">
      <class id="GO:0042571" label="immunoglobulin complex, circulating"/>
      <span end="57756" id="15040800-983" start="57748">antibody</span>
    </annotation>
    <annotation annotator="Mike Bada, University of Colorado Anschutz Medical Campus" id="GO_CC_2016_02_16_test_Instance_26779" type="identity">
      <class id="GO:0045177" label="apical part of cell"/>
      <span end="57899" id="15040800-1039" start="57893">apical</span>
    </annotation>
    <annotation annotator="Mike Bada, University of Colorado Anschutz Medical Campus" id="GO_CC_2016_02_16_test_Instance_26783" type="identity">
      <class id="GO:0045177" label="apical part of cell"/>
      <span end="58203" id="15040800-1041" start="58197">apical</span>
    </annotation>
    <annotation annotator="Mike Bada, University of Colorado Anschutz Medical Campus" id="GO_CC_2016_02_16_test_Instance_26785" type="identity">
      <class id="GO:0045177" label="apical part of cell"/>
      <span end="58263" id="15040800-1043" start="58257">apical</span>
    </annotation>
    <annotation annotator="" id="GO_CC_2016_02_16_Instance_20120" type="identity">
      <class id="GO:0042571" label="immunoglobulin complex, circulating"/>
      <span end="58361" id="15040800-985" start="58353">antibody</span>
    </annotation>
    <annotation annotator="Mike Bada, University of Colorado Anschutz Medical Campus" id="GO_CC_2016_02_16_test_Instance_26789" type="identity">
      <class id="GO:0045177" label="apical part of cell"/>
      <span end="58390" id="15040800-1045" start="58384">apical</span>
    </annotation>
    <graph-space id="Old Knowtator Relations"/>
  </document>
</knowtator-project>
