<?xml version="1.0" encoding="UTF-8" standalone="no"?>
<knowtator-project>
  <document id="15207008" text-file="15207008.txt">
    <annotation annotator="Mike Bada, University of Colorado Anschutz Medical Campus" id="GO_CC_2016_02_16_test_Instance_27121" type="identity">
      <class id="GO:0005634" label="nucleus"/>
      <span end="1241" id="15207008-1077" start="1234">nuclear</span>
    </annotation>
    <annotation annotator="Mike Bada, University of Colorado Anschutz Medical Campus" id="GO_CC_2016_02_16_test_Instance_27123" type="identity">
      <class id="GO:0005813" label="centrosome"/>
      <span end="1362" id="15207008-1079" start="1351">centrosomal</span>
    </annotation>
    <annotation annotator="" id="GO_CC_2016_02_16_Instance_20238" type="identity">
      <class id="GO:0072686" label="mitotic spindle"/>
      <span end="1378" id="15207008-1059" start="1363">mitotic spindle</span>
    </annotation>
    <annotation annotator="Mike Bada, University of Colorado Anschutz Medical Campus" id="GO_CC_2016_02_16_test_Instance_27127" type="identity">
      <class id="GO:0032991" label="macromolecular complex"/>
      <span end="1435" id="15207008-1081" start="1426">complexes</span>
    </annotation>
    <annotation annotator="Mike Bada, University of Colorado Anschutz Medical Campus" id="GO_CC_2016_02_16_test_Instance_27129" type="identity">
      <class id="GO:0032991" label="macromolecular complex"/>
      <span end="1681" id="15207008-1083" start="1672">complexes</span>
    </annotation>
    <annotation annotator="Mike Bada, University of Colorado Anschutz Medical Campus" id="GO_CC_2016_02_16_test_Instance_27131" type="identity">
      <class id="GO:0005634" label="nucleus"/>
      <span end="1716" id="15207008-1085" start="1709">nuclear</span>
    </annotation>
    <annotation annotator="Mike Bada, University of Colorado Anschutz Medical Campus" id="GO_CC_2016_02_16_test_Instance_27133" type="identity">
      <class id="GO:0005813" label="centrosome"/>
      <span end="1909" id="15207008-1087" start="1899">centrosome</span>
    </annotation>
    <annotation annotator="Mike Bada, University of Colorado Anschutz Medical Campus" id="GO_CC_2016_02_16_test_Instance_27135" type="identity">
      <class id="GO:0000785" label="chromatin"/>
      <span end="1982" id="15207008-1089" start="1973">chromatin</span>
    </annotation>
    <annotation annotator="Mike Bada, University of Colorado Anschutz Medical Campus" id="GO_CC_2016_02_16_test_Instance_27137" type="identity">
      <class id="GO:0032991" label="macromolecular complex"/>
      <span end="2044" id="15207008-1091" start="2035">complexes</span>
    </annotation>
    <annotation annotator="Mike Bada, University of Colorado Anschutz Medical Campus" id="GO_CC_2016_02_16_test_Instance_27151" type="identity">
      <class id="GO:0000805" label="X chromosome"/>
      <span end="9387" id="15207008-1093" start="9375">chromosome X</span>
    </annotation>
    <annotation annotator="Mike Bada, University of Colorado Anschutz Medical Campus" id="GO_CC_2016_02_16_test_Instance_27161" type="identity">
      <class id="GO:0005813" label="centrosome"/>
      <span end="13594" id="15207008-1095" start="13584">centrosome</span>
    </annotation>
    <annotation annotator="Mike Bada, University of Colorado Anschutz Medical Campus" id="GO_CC_2016_02_16_test_Instance_27213" type="identity">
      <class id="GO:0016514" label="SWI/SNF complex"/>
      <span end="23689" id="15207008-1097" start="23653">SWI/SNF chromatin remodeling complex</span>
    </annotation>
    <annotation annotator="Mike Bada, University of Colorado Anschutz Medical Campus" id="GO_CC_2016_02_16_test_Instance_27217" type="identity">
      <class id="GO:0005634" label="nucleus"/>
      <span end="26887" id="15207008-1099" start="26880">nuclear</span>
    </annotation>
    <annotation annotator="Mike Bada, University of Colorado Anschutz Medical Campus" id="GO_CC_2016_02_16_test_Instance_27219" type="identity">
      <class id="GO:0005737" label="cytoplasm"/>
      <span end="27051" id="15207008-1101" start="27042">cytoplasm</span>
    </annotation>
    <annotation annotator="Mike Bada, University of Colorado Anschutz Medical Campus" id="GO_CC_2016_02_16_test_Instance_27221" type="identity">
      <class id="GO:0000785" label="chromatin"/>
      <span end="27154" id="15207008-1103" start="27146">chomatin</span>
    </annotation>
    <annotation annotator="Mike Bada, University of Colorado Anschutz Medical Campus" id="GO_CC_2016_02_16_test_Instance_27223" type="identity">
      <class id="GO:0005634" label="nucleus"/>
      <span end="27212" id="15207008-1105" start="27205">nucleus</span>
    </annotation>
    <annotation annotator="Mike Bada, University of Colorado Anschutz Medical Campus" id="GO_CC_2016_02_16_test_Instance_27225" type="identity">
      <class id="GO:0005634" label="nucleus"/>
      <span end="28175" id="15207008-1107" start="28168">nuclear</span>
    </annotation>
    <annotation annotator="Mike Bada, University of Colorado Anschutz Medical Campus" id="GO_CC_2016_02_16_test_Instance_27227" type="identity">
      <class id="GO:0005813" label="centrosome"/>
      <span end="28376" id="15207008-1109" start="28366">centrosome</span>
    </annotation>
    <annotation annotator="" id="GO_CC_2016_02_16_Instance_20286" type="identity">
      <class id="GO:0072686" label="mitotic spindle"/>
      <span end="29036" id="15207008-1061" start="29021">mitotic spindle</span>
    </annotation>
    <annotation annotator="Mike Bada, University of Colorado Anschutz Medical Campus" id="GO_CC_2016_02_16_test_Instance_27231" type="identity">
      <class id="GO:0005813" label="centrosome"/>
      <span end="29052" id="15207008-1111" start="29041">centrosomal</span>
    </annotation>
    <annotation annotator="Mike Bada, University of Colorado Anschutz Medical Campus" id="GO_CC_2016_02_16_test_Instance_27233" type="identity">
      <class id="GO:0005874" label="microtubule"/>
      <span end="29363" id="15207008-1113" start="29352">microtubule</span>
    </annotation>
    <annotation annotator="Mike Bada, University of Colorado Anschutz Medical Campus" id="GO_CC_2016_02_16_test_Instance_27235" type="identity">
      <class id="GO:0005813" label="centrosome"/>
      <span end="29375" id="15207008-1115" start="29364">centrosomal</span>
    </annotation>
    <annotation annotator="Mike Bada, University of Colorado Anschutz Medical Campus" id="GO_CC_2016_02_16_test_Instance_27237" type="identity">
      <class id="GO:0005813" label="centrosome"/>
      <span end="29587" id="15207008-1117" start="29577">centrosome</span>
    </annotation>
    <annotation annotator="Mike Bada, University of Colorado Anschutz Medical Campus" id="GO_CC_2016_02_16_test_Instance_27239" type="identity">
      <class id="GO:0005813" label="centrosome"/>
      <span end="29655" id="15207008-1119" start="29645">centrosome</span>
    </annotation>
    <annotation annotator="" id="GO_CC_2016_02_16_Instance_20288" type="identity">
      <class id="GO:0072686" label="mitotic spindle"/>
      <span end="29675" id="15207008-1063" start="29660">mitotic spindle</span>
    </annotation>
    <annotation annotator="Mike Bada, University of Colorado Anschutz Medical Campus" id="GO_CC_2016_02_16_test_Instance_27243" type="identity">
      <class id="GO:0005634" label="nucleus"/>
      <span end="30207" id="15207008-1121" start="30200">nucleus</span>
    </annotation>
    <annotation annotator="Mike Bada, University of Colorado Anschutz Medical Campus" id="GO_CC_2016_02_16_test_Instance_27245" type="identity">
      <class id="GO:0005813" label="centrosome"/>
      <span end="30308" id="15207008-1123" start="30298">centrosome</span>
    </annotation>
    <annotation annotator="Mike Bada, University of Colorado Anschutz Medical Campus" id="GO_CC_2016_02_16_test_Instance_27247" type="identity">
      <class id="GO:0005874" label="microtubule"/>
      <span end="30324" id="15207008-1125" start="30313">microtubule</span>
    </annotation>
    <annotation annotator="Mike Bada, University of Colorado Anschutz Medical Campus" id="GO_CC_2016_02_16_test_Instance_27249" type="identity">
      <class id="GO:0005856" label="cytoskeleton"/>
      <span end="30833" id="15207008-1127" start="30821">cytoskeleton</span>
    </annotation>
    <annotation annotator="Mike Bada, University of Colorado Anschutz Medical Campus" id="GO_CC_2016_02_16_test_Instance_27251" type="identity">
      <class id="GO:0005874" label="microtubule"/>
      <span end="30849" id="15207008-1129" start="30838">microtubule</span>
    </annotation>
    <annotation annotator="Mike Bada, University of Colorado Anschutz Medical Campus" id="GO_CC_2016_02_16_test_Instance_27253" type="identity">
      <class id="GO:0005840" label="ribosome"/>
      <span end="30899" id="15207008-1131" start="30891">ribosome</span>
    </annotation>
    <annotation annotator="Mike Bada, University of Colorado Anschutz Medical Campus" id="GO_CC_2016_02_16_test_Instance_27255" type="identity">
      <class id="GO:0000785" label="chromatin"/>
      <span end="30934" id="15207008-1133" start="30925">chromatin</span>
    </annotation>
    <annotation annotator="Mike Bada, University of Colorado Anschutz Medical Campus" id="GO_CC_2016_02_16_test_Instance_27257" type="identity">
      <class id="GO:0005634" label="nucleus"/>
      <span end="31110" id="15207008-1135" start="31103">nuclear</span>
    </annotation>
    <annotation annotator="Mike Bada, University of Colorado Anschutz Medical Campus" id="GO_CC_2016_02_16_test_Instance_27259" type="identity">
      <class id="GO:0016514" label="SWI/SNF complex"/>
      <span end="31378" id="15207008-1137" start="31342">SWI/SNF chromatin remodeling complex</span>
    </annotation>
    <annotation annotator="Mike Bada, University of Colorado Anschutz Medical Campus" id="GO_CC_2016_02_16_test_Instance_27263" type="identity">
      <class id="GO:0000785" label="chromatin"/>
      <span end="32156" id="15207008-1139" start="32147">chromatin</span>
    </annotation>
    <annotation annotator="" id="GO_CC_2016_02_16_Instance_20290" type="identity">
      <class id="GO:0032991" label="macromolecular complex"/>
      <span end="32177" id="15207008-1065" start="32168">complexes</span>
    </annotation>
    <annotation annotator="Mike Bada, University of Colorado Anschutz Medical Campus" id="GO_CC_2016_02_16_test_Instance_27265" type="identity">
      <class id="GO:0016514" label="SWI/SNF complex"/>
      <span end="32186" id="15207008-1141" start="32179">SWI/SNF</span>
    </annotation>
    <annotation annotator="Mike Bada, University of Colorado Anschutz Medical Campus" id="GO_CC_2016_02_16_test_Instance_27267" type="identity">
      <class id="GO:0005634" label="nucleus"/>
      <span end="32438" id="15207008-1143" start="32431">nuclear</span>
    </annotation>
    <annotation annotator="Mike Bada, University of Colorado Anschutz Medical Campus" id="GO_CC_2016_02_16_test_Instance_27269" type="identity">
      <class id="GO:0005813" label="centrosome"/>
      <span end="34408" id="15207008-1145" start="34398">centrosome</span>
    </annotation>
    <annotation annotator="" id="GO_CC_2016_02_16_Instance_20292" type="identity">
      <class id="GO:0072686" label="mitotic spindle"/>
      <span end="34424" id="15207008-1067" start="34409">mitotic spindle</span>
    </annotation>
    <annotation annotator="Mike Bada, University of Colorado Anschutz Medical Campus" id="GO_CC_2016_02_16_test_Instance_27273" type="identity">
      <class id="GO:0043234" label="protein complex"/>
      <span end="34733" id="15207008-1147" start="34718">protein complex</span>
    </annotation>
    <annotation annotator="Mike Bada, University of Colorado Anschutz Medical Campus" id="GO_CC_2016_02_16_test_Instance_27275" type="identity">
      <class id="GO:0005813" label="centrosome"/>
      <span end="34821" id="15207008-1149" start="34811">centrosome</span>
    </annotation>
    <annotation annotator="" id="GO_CC_2016_02_16_Instance_20294" type="identity">
      <class id="GO:0072686" label="mitotic spindle"/>
      <span end="34857" id="15207008-1069" start="34842">mitotic spindle</span>
    </annotation>
    <annotation annotator="Mike Bada, University of Colorado Anschutz Medical Campus" id="GO_CC_2016_02_16_test_Instance_27279" type="identity">
      <class id="GO:0032991" label="macromolecular complex"/>
      <span end="35810" id="15207008-1151" start="35803">complex</span>
    </annotation>
    <annotation annotator="Mike Bada, University of Colorado Anschutz Medical Campus" id="GO_CC_2016_02_16_test_Instance_27281" type="identity">
      <class id="GO:0032991" label="macromolecular complex"/>
      <span end="35886" id="15207008-1153" start="35879">complex</span>
    </annotation>
    <annotation annotator="Mike Bada, University of Colorado Anschutz Medical Campus" id="GO_CC_2016_02_16_test_Instance_27283" type="identity">
      <class id="GO:0005634" label="nucleus"/>
      <span end="36655" id="15207008-1155" start="36648">nuclear</span>
    </annotation>
    <annotation annotator="Mike Bada, University of Colorado Anschutz Medical Campus" id="GO_CC_2016_02_16_test_Instance_27285" type="identity">
      <class id="GO:0016514" label="SWI/SNF complex"/>
      <span end="37498" id="15207008-1157" start="37462">SWI/SNF chromatin remodeling complex</span>
    </annotation>
    <annotation annotator="" id="GO_CC_2016_02_16_Instance_101535" type="identity">
      <class id="GO:0032991" label="macromolecular complex"/>
      <span end="37907" id="15207008-1057" start="37898">complexes</span>
    </annotation>
    <annotation annotator="Mike Bada, University of Colorado Anschutz Medical Campus" id="GO_CC_2016_02_16_test_Instance_27291" type="identity">
      <class id="GO:0032991" label="macromolecular complex"/>
      <span end="38401" id="15207008-1159" start="38394">complex</span>
    </annotation>
    <annotation annotator="Mike Bada, University of Colorado Anschutz Medical Campus" id="GO_CC_2016_02_16_test_Instance_27293" type="identity">
      <class id="GO:0005813" label="centrosome"/>
      <span end="39182" id="15207008-1161" start="39171">centrosomal</span>
    </annotation>
    <annotation annotator="" id="GO_CC_2016_02_16_Instance_20296" type="identity">
      <class id="GO:0072686" label="mitotic spindle"/>
      <span end="39198" id="15207008-1071" start="39183">mitotic spindle</span>
    </annotation>
    <annotation annotator="Mike Bada, University of Colorado Anschutz Medical Campus" id="GO_CC_2016_02_16_test_Instance_27297" type="identity">
      <class id="GO:0043234" label="protein complex"/>
      <span end="39467" id="15207008-1163" start="39450">protein complexes</span>
    </annotation>
    <annotation annotator="Mike Bada, University of Colorado Anschutz Medical Campus" id="GO_CC_2016_02_16_test_Instance_25531" type="identity">
      <class id="GO:0032991" label="macromolecular complex"/>
      <span end="39812" id="15207008-1073" start="39803">complexes</span>
    </annotation>
    <annotation annotator="Mike Bada, University of Colorado Anschutz Medical Campus" id="GO_CC_2016_02_16_test_Instance_27299" type="identity">
      <class id="GO:0005634" label="nucleus"/>
      <span end="39847" id="15207008-1165" start="39840">nuclear</span>
    </annotation>
    <annotation annotator="Mike Bada, University of Colorado Anschutz Medical Campus" id="GO_CC_2016_02_16_test_Instance_25543" type="identity">
      <class id="GO:0032991" label="macromolecular complex"/>
      <span end="39981" id="15207008-1075" start="39972">complexes</span>
    </annotation>
    <annotation annotator="Mike Bada, University of Colorado Anschutz Medical Campus" id="GO_CC_2016_02_16_test_Instance_27301" type="identity">
      <class id="GO:0005634" label="nucleus"/>
      <span end="40351" id="15207008-1167" start="40344">nuclear</span>
    </annotation>
    <annotation annotator="Mike Bada, University of Colorado Anschutz Medical Campus" id="GO_CC_2016_02_16_test_Instance_27303" type="identity">
      <class id="GO:0000785" label="chromatin"/>
      <span end="40477" id="15207008-1169" start="40468">chromatin</span>
    </annotation>
    <annotation annotator="Mike Bada, University of Colorado Anschutz Medical Campus" id="GO_CC_2016_02_16_test_Instance_27305" type="identity">
      <class id="GO:0043234" label="protein complex"/>
      <span end="41079" id="15207008-1171" start="41062">protein complexes</span>
    </annotation>
    <graph-space id="Old Knowtator Relations"/>
  </document>
</knowtator-project>
