<?xml version="1.0" encoding="UTF-8" standalone="no"?>
<knowtator-project>
    <document id="15314655" text-file="15314655.txt">
        <annotation annotator="Mike Bada, University of Colorado Anschutz Medical Campus" id="GO_CC_2016_02_16_test_Instance_27427" type="identity">
            <class id="GO:0005634" label="nucleus"/>
            <span end="1381" id="15314655-1194" start="1374">nuclear</span>
        </annotation>
        <annotation annotator="Mike Bada, University of Colorado Anschutz Medical Campus" id="GO_CC_2016_02_16_test_Instance_27429" type="identity">
            <class id="GO:0005634" label="nucleus"/>
            <span end="4019" id="15314655-1196" start="4012">nuclear</span>
        </annotation>
        <annotation annotator="Mike Bada, University of Colorado Anschutz Medical Campus" id="GO_CC_2016_02_16_test_Instance_27431" type="identity">
            <class id="GO:0000785" label="chromatin"/>
            <span end="4292" id="15314655-1198" start="4283">chromatin</span>
        </annotation>
        <annotation annotator="Mike Bada, University of Colorado Anschutz Medical Campus" id="GO_CC_2016_02_16_test_Instance_27433" type="identity">
            <class id="GO:0005634" label="nucleus"/>
            <span end="4385" id="15314655-1200" start="4378">nuclear</span>
        </annotation>
        <annotation annotator="Mike Bada, University of Colorado Anschutz Medical Campus" id="GO_CC_2016_02_16_test_Instance_27435" type="identity">
            <class id="GO:0005634" label="nucleus"/>
            <span end="4757" id="15314655-1202" start="4750">nuclear</span>
        </annotation>
        <annotation annotator="Mike Bada, University of Colorado Anschutz Medical Campus" id="GO_CC_2016_02_16_test_Instance_27437" type="identity">
            <class id="GO:0016604" label="nuclear body"/>
            <span end="5889" id="15314655-1204" start="5875">nuclear bodies</span>
        </annotation>
        <annotation annotator="" id="GO_CC_2016_02_16_Instance_190002" type="identity">
            <class id="GO:0018995" label="host"/>
            <span end="17046" id="15314655-1180" start="17042">host</span>
        </annotation>
        <annotation annotator="Mike Bada, University of Colorado Anschutz Medical Campus" id="GO_CC_2016_02_16_test_Instance_27455" type="identity">
            <class id="GO:0005634" label="nucleus"/>
            <span end="18283" id="15314655-1206" start="18276">Nuclear</span>
        </annotation>
        <annotation annotator="Mike Bada, University of Colorado Anschutz Medical Campus" id="GO_CC_2016_02_16_test_Instance_27457" type="identity">
            <class id="GO:0005634" label="nucleus"/>
            <span end="18589" id="15314655-1208" start="18583">nuclei</span>
        </annotation>
        <annotation annotator="Mike Bada, University of Colorado Anschutz Medical Campus" id="GO_CC_2016_02_16_test_Instance_27459" type="identity">
            <class id="GO:0005634" label="nucleus"/>
            <span end="18673" id="15314655-1210" start="18666">nuclear</span>
        </annotation>
        <annotation annotator="Mike Bada, University of Colorado Anschutz Medical Campus" id="GO_CC_2016_02_16_test_Instance_27461" type="identity">
            <class id="GO:0005634" label="nucleus"/>
            <span end="18773" id="15314655-1212" start="18766">nuclear</span>
        </annotation>
        <annotation annotator="Mike Bada, University of Colorado Anschutz Medical Campus" id="GO_CC_2016_02_16_test_Instance_27463" type="identity">
            <class id="GO:0000792" label="heterochromatin"/>
            <span end="18946" id="15314655-1214" start="18931">heterochromatin</span>
        </annotation>
        <annotation annotator="Mike Bada, University of Colorado Anschutz Medical Campus" id="GO_CC_2016_02_16_test_Instance_27465" type="identity">
            <class id="GO:0005634" label="nucleus"/>
            <span end="19183" id="15314655-1216" start="19176">nuclear</span>
        </annotation>
        <annotation annotator="Mike Bada, University of Colorado Anschutz Medical Campus" id="GO_CC_2016_02_16_test_Instance_27467" type="identity">
            <class id="GO:0000792" label="heterochromatin"/>
            <span end="19261" id="15314655-1218" start="19246">heterochromatin</span>
        </annotation>
        <annotation annotator="Mike Bada, University of Colorado Anschutz Medical Campus" id="GO_CC_2016_02_16_test_Instance_27469" type="identity">
            <class id="GO:0016605" label="PML body"/>
            <span end="19393" id="15314655-1220" start="19358">promyelocytic leukemia gene product</span>
            <span end="19414" id="15314655-1221" start="19400">nuclear bodies</span>
        </annotation>
        <annotation annotator="" id="GO_CC_2016_02_16_Instance_101937" type="identity">
            <class id="GO:0016605" label="PML body"/>
            <span end="19398" id="15314655-1177" start="19395">PML</span>
            <span end="19414" id="15314655-1178" start="19400">nuclear bodies</span>
        </annotation>
        <annotation annotator="" id="GO_CC_2016_02_16_Instance_20400" type="identity">
            <class id="GO:1990391" label="DNA repair complex"/>
            <span end="19436" id="15314655-1182" start="19416">DNA repair complexes</span>
        </annotation>
        <annotation annotator="" id="GO_CC_2016_02_16_Instance_101537" type="identity">
            <class id="GO:0032991" label="macromolecular complex"/>
            <span end="19485" id="15314655-1175" start="19476">complexes</span>
        </annotation>
        <annotation annotator="Mike Bada, University of Colorado Anschutz Medical Campus" id="GO_CC_2016_02_16_test_Instance_27477" type="identity">
            <class id="GO:0005634" label="nucleus"/>
            <span end="20207" id="15314655-1223" start="20200">nuclear</span>
        </annotation>
        <annotation annotator="Mike Bada, University of Colorado Anschutz Medical Campus" id="GO_CC_2016_02_16_test_Instance_27479" type="identity">
            <class id="GO:0005634" label="nucleus"/>
            <span end="20286" id="15314655-1225" start="20279">nuclear</span>
        </annotation>
        <annotation annotator="Mike Bada, University of Colorado Anschutz Medical Campus" id="GO_CC_2016_02_16_test_Instance_27481" type="identity">
            <class id="GO:0005634" label="nucleus"/>
            <span end="20447" id="15314655-1227" start="20440">nuclear</span>
        </annotation>
        <annotation annotator="Mike Bada, University of Colorado Anschutz Medical Campus" id="GO_CC_2016_02_16_test_Instance_27487" type="identity">
            <class id="GO:0000785" label="chromatin"/>
            <span end="26907" id="15314655-1229" start="26898">chromatin</span>
        </annotation>
        <annotation annotator="Mike Bada, University of Colorado Anschutz Medical Campus" id="GO_CC_2016_02_16_test_Instance_27489" type="identity">
            <class id="GO:0032991" label="macromolecular complex"/>
            <span end="26960" id="15314655-1231" start="26951">complexes</span>
        </annotation>
        <annotation annotator="Mike Bada, University of Colorado Anschutz Medical Campus" id="GO_CC_2016_02_16_test_Instance_27491" type="identity">
            <class id="GO:0005634" label="nucleus"/>
            <span end="26994" id="15314655-1233" start="26987">nuclear</span>
        </annotation>
        <annotation annotator="Mike Bada, University of Colorado Anschutz Medical Campus" id="GO_CC_2016_02_16_test_Instance_27493" type="identity">
            <class id="GO:0016604" label="nuclear body"/>
            <span end="27129" id="15314655-1235" start="27115">nuclear bodies</span>
        </annotation>
        <annotation annotator="Mike Bada, University of Colorado Anschutz Medical Campus" id="GO_CC_2016_02_16_test_Instance_27497" type="identity">
            <class id="GO:0016605" label="PML body"/>
            <span end="27151" id="15314655-1237" start="27141">PML bodies</span>
        </annotation>
        <annotation annotator="Mike Bada, University of Colorado Anschutz Medical Campus" id="GO_CC_2016_02_16_test_Instance_27499" type="identity">
            <class id="GO:0016604" label="nuclear body"/>
            <span end="27198" id="15314655-1239" start="27184">nuclear bodies</span>
        </annotation>
        <annotation annotator="Mike Bada, University of Colorado Anschutz Medical Campus" id="GO_CC_2016_02_16_test_Instance_27503" type="identity">
            <class id="GO:0016605" label="PML body"/>
            <span end="27328" id="15314655-1241" start="27309">PML nuclear domains</span>
        </annotation>
        <annotation annotator="Mike Bada, University of Colorado Anschutz Medical Campus" id="GO_CC_2016_02_16_test_Instance_27507" type="identity">
            <class id="GO:0032991" label="macromolecular complex"/>
            <span end="27456" id="15314655-1243" start="27447">complexes</span>
        </annotation>
        <annotation annotator="Mike Bada, University of Colorado Anschutz Medical Campus" id="GO_CC_2016_02_16_test_Instance_27509" type="identity">
            <class id="GO:0005634" label="nucleus"/>
            <span end="27693" id="15314655-1245" start="27686">nuclear</span>
        </annotation>
        <annotation annotator="" id="GO_CC_2016_02_16_Instance_20408" type="identity">
            <class id="GO:0042571" label="immunoglobulin complex, circulating"/>
            <span end="29702" id="15314655-1184" start="29692">Antibodies</span>
        </annotation>
        <annotation annotator="" id="GO_CC_2016_02_16_Instance_20410" type="identity">
            <class id="GO:0042571" label="immunoglobulin complex, circulating"/>
            <span end="30271" id="15314655-1186" start="30261">antibodies</span>
        </annotation>
        <annotation annotator="" id="GO_CC_2016_02_16_Instance_20412" type="identity">
            <class id="GO:0042571" label="immunoglobulin complex, circulating"/>
            <span end="30366" id="15314655-1188" start="30356">antibodies</span>
        </annotation>
        <annotation annotator="Mike Bada, University of Colorado Anschutz Medical Campus" id="GO_CC_2016_02_16_test_Instance_27525" type="identity">
            <class id="GO:0016604" label="nuclear body"/>
            <span end="38958" id="15314655-1247" start="38944">Nuclear Bodies</span>
        </annotation>
        <annotation annotator="Mike Bada, University of Colorado Anschutz Medical Campus" id="GO_CC_2016_02_16_test_Instance_27529" type="identity">
            <class id="GO:0000792" label="heterochromatin"/>
            <span end="38988" id="15314655-1249" start="38973">Heterochromatin</span>
        </annotation>
        <annotation annotator="Mike Bada, University of Colorado Anschutz Medical Campus" id="GO_CC_2016_02_16_test_Instance_27531" type="identity">
            <class id="GO:0005634" label="nucleus"/>
            <span end="39076" id="15314655-1251" start="39064">cell nucleus</span>
        </annotation>
        <annotation annotator="" id="GO_CC_2016_02_16_Instance_20416" type="identity">
            <class id="GO:0042571" label="immunoglobulin complex, circulating"/>
            <span end="39112" id="15314655-1190" start="39104">antibody</span>
        </annotation>
        <annotation annotator="" id="GO_CC_2016_02_16_Instance_20418" type="identity">
            <class id="GO:0042571" label="immunoglobulin complex, circulating"/>
            <span end="39151" id="15314655-1192" start="39143">antibody</span>
        </annotation>
        <annotation annotator="Mike Bada, University of Colorado Anschutz Medical Campus" id="GO_CC_2016_02_16_test_Instance_27537" type="identity">
            <class id="GO:0005634" label="nucleus"/>
            <span end="39247" id="15314655-1253" start="39240">nucleus</span>
        </annotation>
        <annotation annotator="Mike Bada, University of Colorado Anschutz Medical Campus" id="GO_CC_2016_02_16_test_Instance_27539" type="identity">
            <class id="GO:0000792" label="heterochromatin"/>
            <span end="39333" id="15314655-1255" start="39318">heterochromatin</span>
        </annotation>
        <graph-space id="Old Knowtator Relations"/>
    </document>
</knowtator-project>
