<?xml version="1.0" encoding="UTF-8" standalone="no"?>
<knowtator-project>
    <document id="15630473" text-file="15630473.txt">
        <annotation annotator="Mike Bada, University of Colorado Anschutz Medical Campus" id="GO_CC_2016_02_16_test_Instance_28973" type="identity">
            <class id="GO:0005576" label="extracellular region"/>
            <span end="406" id="15630473-2463" start="393">extracellular</span>
        </annotation>
        <annotation annotator="Mike Bada, University of Colorado Anschutz Medical Campus" id="GO_CC_2016_02_16_test_Instance_20981" type="identity">
            <class id="GO:0005911" label="cell-cell junction"/>
            <span end="966" id="15630473-2459" start="948">cell-cell contacts</span>
        </annotation>
        <annotation annotator="Mike Bada, University of Colorado Anschutz Medical Campus" id="GO_CC_2016_02_16_test_Instance_28979" type="identity">
            <class id="GO:0009986" label="cell surface"/>
            <span end="2266" id="15630473-2465" start="2254">cell surface</span>
        </annotation>
        <annotation annotator="" id="GO_CC_2016_02_16_Instance_60028" type="identity">
            <class id="GO:0016020" label="membrane"/>
            <span end="2280" id="15630473-2375" start="2272">membrane</span>
        </annotation>
        <annotation annotator="" id="GO_CC_2016_02_16_Instance_60030" type="identity">
            <class id="GO:0005576" label="extracellular region"/>
            <span end="2306" id="15630473-2377" start="2298">external</span>
        </annotation>
        <annotation annotator="Mike Bada, University of Colorado Anschutz Medical Campus" id="GO_CC_2016_02_16_test_Instance_28983" type="identity">
            <class id="GO:0005622" label="intracellular"/>
            <span end="2369" id="15630473-2467" start="2356">intracellular</span>
        </annotation>
        <annotation annotator="Mike Bada, University of Colorado Anschutz Medical Campus" id="GO_CC_2016_02_16_test_Instance_28987" type="identity">
            <class id="GO:0005576" label="extracellular region"/>
            <span end="3191" id="15630473-2469" start="3178">extracellular</span>
        </annotation>
        <annotation annotator="" id="GO_CC_2016_02_16_Instance_60032" type="identity">
            <class id="GO:0016020" label="membrane"/>
            <span end="4729" id="15630473-2379" start="4721">membrane</span>
        </annotation>
        <annotation annotator="Mike Bada, University of Colorado Anschutz Medical Campus" id="GO_CC_2016_02_16_test_Instance_20993" type="identity">
            <class id="GO:0005913" label="cell-cell adherens junction"/>
            <span end="4770" id="15630473-2461" start="4738">intercellular adherens junctions</span>
        </annotation>
        <annotation annotator="Mike Bada, University of Colorado Anschutz Medical Campus" id="GO_CC_2016_02_16_test_Instance_28989" type="identity">
            <class id="GO:0005912" label="adherens junction"/>
            <span end="4775" id="15630473-2471" start="4772">AJs</span>
        </annotation>
        <annotation annotator="Mike Bada, University of Colorado Anschutz Medical Campus" id="GO_CC_2016_02_16_test_Instance_28991" type="identity">
            <class id="GO:0032991" label="macromolecular complex"/>
            <span end="5165" id="15630473-2473" start="5156">complexes</span>
        </annotation>
        <annotation annotator="Mike Bada, University of Colorado Anschutz Medical Campus" id="GO_CC_2016_02_16_test_Instance_28993" type="identity">
            <class id="GO:0005912" label="adherens junction"/>
            <span end="5290" id="15630473-2475" start="5287">AJs</span>
        </annotation>
        <annotation annotator="Mike Bada, University of Colorado Anschutz Medical Campus" id="GO_CC_2016_02_16_test_Instance_28995" type="identity">
            <class id="GO:0005856" label="cytoskeleton"/>
            <span end="5321" id="15630473-2477" start="5309">cytoskeleton</span>
        </annotation>
        <annotation annotator="Mike Bada, University of Colorado Anschutz Medical Campus" id="GO_CC_2016_02_16_test_Instance_28997" type="identity">
            <class id="GO:0005912" label="adherens junction"/>
            <span end="5639" id="15630473-2479" start="5636">AJs</span>
        </annotation>
        <annotation annotator="Mike Bada, University of Colorado Anschutz Medical Campus" id="GO_CC_2016_02_16_test_Instance_28999" type="identity">
            <class id="GO:0005856" label="cytoskeleton"/>
            <span end="5688" id="15630473-2481" start="5676">cytoskeletal</span>
        </annotation>
        <annotation annotator="Mike Bada, University of Colorado Anschutz Medical Campus" id="GO_CC_2016_02_16_test_Instance_29001" type="identity">
            <class id="GO:0005634" label="nucleus"/>
            <span end="5721" id="15630473-2483" start="5714">nuclear</span>
        </annotation>
        <annotation annotator="Mike Bada, University of Colorado Anschutz Medical Campus" id="GO_CC_2016_02_16_test_Instance_29003" type="identity">
            <class id="GO:0005737" label="cytoplasm"/>
            <span end="5737" id="15630473-2485" start="5726">cytoplasmic</span>
        </annotation>
        <annotation annotator="Mike Bada, University of Colorado Anschutz Medical Campus" id="GO_CC_2016_02_16_test_Instance_29007" type="identity">
            <class id="GO:0005911" label="cell-cell junction"/>
            <span end="8502" id="15630473-2487" start="8479">intercellular junctions</span>
        </annotation>
        <annotation annotator="" id="GO_CC_2016_02_16_Instance_60038" type="identity">
            <class id="GO:0042571" label="immunoglobulin complex, circulating"/>
            <span end="10279" id="15630473-2381" start="10271">antibody</span>
        </annotation>
        <annotation annotator="" id="GO_CC_2016_02_16_Instance_60040" type="identity">
            <class id="GO:0042571" label="immunoglobulin complex, circulating"/>
            <span end="10425" id="15630473-2383" start="10417">antibody</span>
        </annotation>
        <annotation annotator="" id="GO_CC_2016_02_16_Instance_60042" type="identity">
            <class id="GO:0042571" label="immunoglobulin complex, circulating"/>
            <span end="10644" id="15630473-2385" start="10636">antibody</span>
        </annotation>
        <annotation annotator="" id="GO_CC_2016_02_16_Instance_60044" type="identity">
            <class id="GO:0042571" label="immunoglobulin complex, circulating"/>
            <span end="11313" id="15630473-2387" start="11305">antibody</span>
        </annotation>
        <annotation annotator="" id="GO_CC_2016_02_16_Instance_60046" type="identity">
            <class id="GO:0042571" label="immunoglobulin complex, circulating"/>
            <span end="11444" id="15630473-2389" start="11436">antibody</span>
        </annotation>
        <annotation annotator="Mike Bada, University of Colorado Anschutz Medical Campus" id="GO_CC_2016_02_16_test_Instance_29019" type="identity">
            <class id="GO:0005634" label="nucleus"/>
            <span end="11851" id="15630473-2489" start="11842">nuclei of</span>
            <span end="11870" id="15630473-2490" start="11865">cells</span>
        </annotation>
        <annotation annotator="" id="GO_CC_2016_02_16_Instance_60048" type="identity">
            <class id="GO:0042571" label="immunoglobulin complex, circulating"/>
            <span end="12314" id="15630473-2391" start="12304">antibodies</span>
        </annotation>
        <annotation annotator="Mike Bada, University of Colorado Anschutz Medical Campus" id="GO_CC_2016_02_16_test_Instance_29023" type="identity">
            <class id="GO:0005634" label="nucleus"/>
            <span end="12348" id="15630473-2492" start="12341">nuclear</span>
        </annotation>
        <annotation annotator="" id="GO_CC_2016_02_16_Instance_60050" type="identity">
            <class id="GO:0042571" label="immunoglobulin complex, circulating"/>
            <span end="12544" id="15630473-2393" start="12534">antibodies</span>
        </annotation>
        <annotation annotator="Mike Bada, University of Colorado Anschutz Medical Campus" id="GO_CC_2016_02_16_test_Instance_29027" type="identity">
            <class id="GO:0005634" label="nucleus"/>
            <span end="14320" id="15630473-2494" start="14313">nuclear</span>
        </annotation>
        <annotation annotator="" id="GO_CC_2016_02_16_Instance_60052" type="identity">
            <class id="GO:0042571" label="immunoglobulin complex, circulating"/>
            <span end="14442" id="15630473-2395" start="14432">antibodies</span>
        </annotation>
        <annotation annotator="Mike Bada, University of Colorado Anschutz Medical Campus" id="GO_CC_2016_02_16_test_Instance_29031" type="identity">
            <class id="GO:0005634" label="nucleus"/>
            <span end="14476" id="15630473-2496" start="14469">nuclear</span>
        </annotation>
        <annotation annotator="" id="GO_CC_2016_02_16_Instance_60060" type="identity">
            <class id="GO:0042571" label="immunoglobulin complex, circulating"/>
            <span end="15955" id="15630473-2397" start="15945">antibodies</span>
        </annotation>
        <annotation annotator="Mike Bada, University of Colorado Anschutz Medical Campus" id="GO_CC_2016_02_16_test_Instance_29037" type="identity">
            <class id="GO:0030056" label="hemidesmosome"/>
            <span end="15996" id="15630473-2498" start="15982">hemidesmosomes</span>
        </annotation>
        <annotation annotator="Mike Bada, University of Colorado Anschutz Medical Campus" id="GO_CC_2016_02_16_test_Instance_29045" type="identity">
            <class id="GO:0005912" label="adherens junction"/>
            <span end="16574" id="15630473-2500" start="16572">AJ</span>
        </annotation>
        <annotation annotator="Mike Bada, University of Colorado Anschutz Medical Campus" id="GO_CC_2016_02_16_test_Instance_29047" type="identity">
            <class id="GO:0005912" label="adherens junction"/>
            <span end="16825" id="15630473-2502" start="16823">AJ</span>
        </annotation>
        <annotation annotator="" id="GO_CC_2016_02_16_Instance_60062" type="identity">
            <class id="GO:0042571" label="immunoglobulin complex, circulating"/>
            <span end="17060" id="15630473-2399" start="17052">antibody</span>
        </annotation>
        <annotation annotator="Mike Bada, University of Colorado Anschutz Medical Campus" id="GO_CC_2016_02_16_test_Instance_29051" type="identity">
            <class id="GO:0005912" label="adherens junction"/>
            <span end="17086" id="15630473-2504" start="17084">AJ</span>
        </annotation>
        <annotation annotator="Mike Bada, University of Colorado Anschutz Medical Campus" id="GO_CC_2016_02_16_test_Instance_29053" type="identity">
            <class id="GO:0005737" label="cytoplasm"/>
            <span end="17270" id="15630473-2506" start="17259">cytoplasmic</span>
        </annotation>
        <annotation annotator="Mike Bada, University of Colorado Anschutz Medical Campus" id="GO_CC_2016_02_16_test_Instance_29055" type="identity">
            <class id="GO:0005911" label="cell-cell junction"/>
            <span end="17303" id="15630473-2508" start="17286">cell-cell borders</span>
        </annotation>
        <annotation annotator="Mike Bada, University of Colorado Anschutz Medical Campus" id="GO_CC_2016_02_16_test_Instance_29057" type="identity">
            <class id="GO:0005912" label="adherens junction"/>
            <span end="17979" id="15630473-2510" start="17977">AJ</span>
        </annotation>
        <annotation annotator="Mike Bada, University of Colorado Anschutz Medical Campus" id="GO_CC_2016_02_16_test_Instance_29059" type="identity">
            <class id="GO:0005911" label="cell-cell junction"/>
            <span end="18367" id="15630473-2512" start="18350">cell-cell borders</span>
        </annotation>
        <annotation annotator="Mike Bada, University of Colorado Anschutz Medical Campus" id="GO_CC_2016_02_16_test_Instance_29061" type="identity">
            <class id="GO:0005911" label="cell-cell junction"/>
            <span end="18449" id="15630473-2514" start="18433">cell-cell border</span>
        </annotation>
        <annotation annotator="Mike Bada, University of Colorado Anschutz Medical Campus" id="GO_CC_2016_02_16_test_Instance_29063" type="identity">
            <class id="GO:0005911" label="cell-cell junction"/>
            <span end="18523" id="15630473-2516" start="18507">cell-cell border</span>
        </annotation>
        <annotation annotator="Mike Bada, University of Colorado Anschutz Medical Campus" id="GO_CC_2016_02_16_test_Instance_29065" type="identity">
            <class id="GO:0005912" label="adherens junction"/>
            <span end="18879" id="15630473-2518" start="18877">AJ</span>
        </annotation>
        <annotation annotator="Mike Bada, University of Colorado Anschutz Medical Campus" id="GO_CC_2016_02_16_test_Instance_29067" type="identity">
            <class id="GO:0016020" label="membrane"/>
            <span end="18929" id="15630473-2520" start="18920">membranes</span>
        </annotation>
        <annotation annotator="Mike Bada, University of Colorado Anschutz Medical Campus" id="GO_CC_2016_02_16_test_Instance_29069" type="identity">
            <class id="GO:0005911" label="cell-cell junction"/>
            <span end="18957" id="15630473-2522" start="18934">intercellular junctions</span>
        </annotation>
        <annotation annotator="Mike Bada, University of Colorado Anschutz Medical Campus" id="GO_CC_2016_02_16_test_Instance_29073" type="identity">
            <class id="GO:0005912" label="adherens junction"/>
            <span end="19395" id="15630473-2524" start="19393">AJ</span>
        </annotation>
        <annotation annotator="Mike Bada, University of Colorado Anschutz Medical Campus" id="GO_CC_2016_02_16_test_Instance_29075" type="identity">
            <class id="GO:0005912" label="adherens junction"/>
            <span end="19954" id="15630473-2526" start="19952">AJ</span>
        </annotation>
        <annotation annotator="Mike Bada, University of Colorado Anschutz Medical Campus" id="GO_CC_2016_02_16_test_Instance_29077" type="identity">
            <class id="GO:0005886" label="plasma membrane"/>
            <span end="20025" id="15630473-2528" start="20010">plasma membrane</span>
        </annotation>
        <annotation annotator="Mike Bada, University of Colorado Anschutz Medical Campus" id="GO_CC_2016_02_16_test_Instance_29079" type="identity">
            <class id="GO:0005912" label="adherens junction"/>
            <span end="20087" id="15630473-2530" start="20084">AJs</span>
        </annotation>
        <annotation annotator="Mike Bada, University of Colorado Anschutz Medical Campus" id="GO_CC_2016_02_16_test_Instance_29081" type="identity">
            <class id="GO:0005634" label="nucleus"/>
            <span end="20221" id="15630473-2532" start="20214">nucleus</span>
        </annotation>
        <annotation annotator="Mike Bada, University of Colorado Anschutz Medical Campus" id="GO_CC_2016_02_16_test_Instance_29083" type="identity">
            <class id="GO:0005634" label="nucleus"/>
            <span end="20371" id="15630473-2534" start="20364">nuclear</span>
        </annotation>
        <annotation annotator="Mike Bada, University of Colorado Anschutz Medical Campus" id="GO_CC_2016_02_16_test_Instance_29085" type="identity">
            <class id="GO:0005634" label="nucleus"/>
            <span end="20590" id="15630473-2536" start="20583">nuclear</span>
        </annotation>
        <annotation annotator="Mike Bada, University of Colorado Anschutz Medical Campus" id="GO_CC_2016_02_16_test_Instance_29087" type="identity">
            <class id="GO:0005737" label="cytoplasm"/>
            <span end="20810" id="15630473-2538" start="20799">cytoplasmic</span>
        </annotation>
        <annotation annotator="Mike Bada, University of Colorado Anschutz Medical Campus" id="GO_CC_2016_02_16_test_Instance_29089" type="identity">
            <class id="GO:0005829" label="cytosol"/>
            <span end="23002" id="15630473-2540" start="22993">cytosolic</span>
        </annotation>
        <annotation annotator="Mike Bada, University of Colorado Anschutz Medical Campus" id="GO_CC_2016_02_16_test_Instance_29091" type="identity">
            <class id="GO:0005912" label="adherens junction"/>
            <span end="23342" id="15630473-2542" start="23339">AJs</span>
        </annotation>
        <annotation annotator="Mike Bada, University of Colorado Anschutz Medical Campus" id="GO_CC_2016_02_16_test_Instance_29093" type="identity">
            <class id="GO:0005576" label="extracellular region"/>
            <span end="23776" id="15630473-2544" start="23763">extracellular</span>
        </annotation>
        <annotation annotator="" id="GO_CC_2016_02_16_Instance_60066" type="identity">
            <class id="GO:0042571" label="immunoglobulin complex, circulating"/>
            <span end="28469" id="15630473-2401" start="28461">antibody</span>
        </annotation>
        <annotation annotator="" id="GO_CC_2016_02_16_Instance_60072" type="identity">
            <class id="GO:0042571" label="immunoglobulin complex, circulating"/>
            <span end="30405" id="15630473-2403" start="30395">antibodies</span>
        </annotation>
        <annotation annotator="Mike Bada, University of Colorado Anschutz Medical Campus" id="GO_CC_2016_02_16_test_Instance_29103" type="identity">
            <class id="GO:0005576" label="extracellular region"/>
            <span end="31270" id="15630473-2546" start="31257">extracellular</span>
        </annotation>
        <annotation annotator="" id="GO_CC_2016_02_16_Instance_101547" type="identity">
            <class id="GO:0032991" label="macromolecular complex"/>
            <span end="31368" id="15630473-2373" start="31361">complex</span>
        </annotation>
        <annotation annotator="Mike Bada, University of Colorado Anschutz Medical Campus" id="GO_CC_2016_02_16_test_Instance_29107" type="identity">
            <class id="GO:0005634" label="nucleus"/>
            <span end="31522" id="15630473-2548" start="31515">nuclear</span>
        </annotation>
        <annotation annotator="Mike Bada, University of Colorado Anschutz Medical Campus" id="GO_CC_2016_02_16_test_Instance_29109" type="identity">
            <class id="GO:0005634" label="nucleus"/>
            <span end="32200" id="15630473-2550" start="32193">nuclear</span>
        </annotation>
        <annotation annotator="Mike Bada, University of Colorado Anschutz Medical Campus" id="GO_CC_2016_02_16_test_Instance_29111" type="identity">
            <class id="GO:0005829" label="cytosol"/>
            <span end="32214" id="15630473-2552" start="32205">cytosolic</span>
        </annotation>
        <annotation annotator="Mike Bada, University of Colorado Anschutz Medical Campus" id="GO_CC_2016_02_16_test_Instance_29113" type="identity">
            <class id="GO:0005667" label="transcription factor complex"/>
            <span end="33009" id="15630473-2554" start="32981">transcription factor complex</span>
        </annotation>
        <annotation annotator="Mike Bada, University of Colorado Anschutz Medical Campus" id="GO_CC_2016_02_16_test_Instance_29115" type="identity">
            <class id="GO:0005912" label="adherens junction"/>
            <span end="37830" id="15630473-2556" start="37828">AJ</span>
        </annotation>
        <annotation annotator="Mike Bada, University of Colorado Anschutz Medical Campus" id="GO_CC_2016_02_16_test_Instance_29117" type="identity">
            <class id="GO:0005667" label="transcription factor complex"/>
            <span end="38447" id="15630473-2558" start="38419">transcription factor complex</span>
        </annotation>
        <annotation annotator="Mike Bada, University of Colorado Anschutz Medical Campus" id="GO_CC_2016_02_16_test_Instance_29119" type="identity">
            <class id="GO:0005912" label="adherens junction"/>
            <span end="40314" id="15630473-2560" start="40312">AJ</span>
        </annotation>
        <annotation annotator="Mike Bada, University of Colorado Anschutz Medical Campus" id="GO_CC_2016_02_16_test_Instance_29121" type="identity">
            <class id="GO:0005912" label="adherens junction"/>
            <span end="40924" id="15630473-2562" start="40922">AJ</span>
        </annotation>
        <annotation annotator="Mike Bada, University of Colorado Anschutz Medical Campus" id="GO_CC_2016_02_16_test_Instance_29123" type="identity">
            <class id="GO:0005912" label="adherens junction"/>
            <span end="41845" id="15630473-2564" start="41843">AJ</span>
        </annotation>
        <annotation annotator="Mike Bada, University of Colorado Anschutz Medical Campus" id="GO_CC_2016_02_16_test_Instance_29125" type="identity">
            <class id="GO:0005912" label="adherens junction"/>
            <span end="42020" id="15630473-2566" start="42018">AJ</span>
        </annotation>
        <annotation annotator="" id="GO_CC_2016_02_16_Instance_60078" type="identity">
            <class id="GO:0042571" label="immunoglobulin complex, circulating"/>
            <span end="42644" id="15630473-2405" start="42634">antibodies</span>
        </annotation>
        <annotation annotator="Mike Bada, University of Colorado Anschutz Medical Campus" id="GO_CC_2016_02_16_test_Instance_29129" type="identity">
            <class id="GO:0005610" label="laminin-5 complex"/>
            <span end="42959" id="15630473-2568" start="42950">laminin 5</span>
        </annotation>
        <annotation annotator="" id="GO_CC_2016_02_16_Instance_60080" type="identity">
            <class id="GO:0042571" label="immunoglobulin complex, circulating"/>
            <span end="43774" id="15630473-2407" start="43764">antibodies</span>
        </annotation>
        <annotation annotator="" id="GO_CC_2016_02_16_Instance_60082" type="identity">
            <class id="GO:0042571" label="immunoglobulin complex, circulating"/>
            <span end="43884" id="15630473-2409" start="43874">antibodies</span>
        </annotation>
        <annotation annotator="" id="GO_CC_2016_02_16_Instance_60084" type="identity">
            <class id="GO:0042571" label="immunoglobulin complex, circulating"/>
            <span end="44029" id="15630473-2411" start="44021">antibody</span>
        </annotation>
        <annotation annotator="Mike Bada, University of Colorado Anschutz Medical Campus" id="GO_CC_2016_02_16_test_Instance_29137" type="identity">
            <class id="GO:0005634" label="nucleus"/>
            <span end="44634" id="15630473-2570" start="44627">nucleus</span>
        </annotation>
        <annotation annotator="" id="GO_CC_2016_02_16_Instance_60088" type="identity">
            <class id="GO:0042571" label="immunoglobulin complex, circulating"/>
            <span end="45826" id="15630473-2415" start="45818">antibody</span>
        </annotation>
        <annotation annotator="" id="GO_CC_2016_02_16_Instance_60086" type="identity">
            <class id="GO:0042571" label="immunoglobulin complex, circulating"/>
            <span end="46046" id="15630473-2413" start="46038">antibody</span>
        </annotation>
        <annotation annotator="" id="GO_CC_2016_02_16_Instance_60090" type="identity">
            <class id="GO:0042571" label="immunoglobulin complex, circulating"/>
            <span end="49364" id="15630473-2417" start="49356">antibody</span>
        </annotation>
        <annotation annotator="" id="GO_CC_2016_02_16_Instance_60092" type="identity">
            <class id="GO:0042571" label="immunoglobulin complex, circulating"/>
            <span end="49750" id="15630473-2419" start="49740">antibodies</span>
        </annotation>
        <annotation annotator="" id="GO_CC_2016_02_16_Instance_60094" type="identity">
            <class id="GO:0042571" label="immunoglobulin complex, circulating"/>
            <span end="49963" id="15630473-2421" start="49955">antibody</span>
        </annotation>
        <annotation annotator="" id="GO_CC_2016_02_16_Instance_60096" type="identity">
            <class id="GO:0042571" label="immunoglobulin complex, circulating"/>
            <span end="50783" id="15630473-2423" start="50773">antibodies</span>
        </annotation>
        <annotation annotator="Mike Bada, University of Colorado Anschutz Medical Campus" id="GO_CC_2016_02_16_test_Instance_29153" type="identity">
            <class id="GO:0005912" label="adherens junction"/>
            <span end="51512" id="15630473-2574" start="51510">AJ</span>
        </annotation>
        <annotation annotator="Mike Bada, University of Colorado Anschutz Medical Campus" id="GO_CC_2016_02_16_test_Instance_29151" type="identity">
            <class id="GO:0005912" label="adherens junction"/>
            <span end="51532" id="15630473-2572" start="51515">adherens junction</span>
        </annotation>
        <annotation annotator="Mike Bada, University of Colorado Anschutz Medical Campus" id="GO_CC_2016_02_16_test_Instance_29157" type="identity">
            <class id="GO:0005634" label="nucleus"/>
            <span end="53482" id="15630473-2576" start="53467">nuclei of cells</span>
        </annotation>
        <annotation annotator="Mike Bada, University of Colorado Anschutz Medical Campus" id="GO_CC_2016_02_16_test_Instance_29159" type="identity">
            <class id="GO:0030056" label="hemidesmosome"/>
            <span end="54127" id="15630473-2578" start="54113">hemidesmosomal</span>
        </annotation>
        <annotation annotator="Mike Bada, University of Colorado Anschutz Medical Campus" id="GO_CC_2016_02_16_test_Instance_29161" type="identity">
            <class id="GO:0045178" label="basal part of cell"/>
            <span end="54172" id="15630473-2580" start="54159">base of cells</span>
        </annotation>
        <annotation annotator="Mike Bada, University of Colorado Anschutz Medical Campus" id="GO_CC_2016_02_16_test_Instance_29165" type="identity">
            <class id="GO:0005610" label="laminin-5 complex"/>
            <span end="54500" id="15630473-2582" start="54491">laminin 5</span>
        </annotation>
        <annotation annotator="Mike Bada, University of Colorado Anschutz Medical Campus" id="GO_CC_2016_02_16_test_Instance_29167" type="identity">
            <class id="GO:0005610" label="laminin-5 complex"/>
            <span end="54506" id="15630473-2584" start="54502">lam5</span>
        </annotation>
        <annotation annotator="Mike Bada, University of Colorado Anschutz Medical Campus" id="GO_CC_2016_02_16_test_Instance_29171" type="identity">
            <class id="GO:0005912" label="adherens junction"/>
            <span end="54596" id="15630473-2586" start="54593">AJs</span>
        </annotation>
        <annotation annotator="Mike Bada, University of Colorado Anschutz Medical Campus" id="GO_CC_2016_02_16_test_Instance_29173" type="identity">
            <class id="GO:0005911" label="cell-cell junction"/>
            <span end="54655" id="15630473-2588" start="54638">cell-cell borders</span>
        </annotation>
        <annotation annotator="" id="GO_CC_2016_02_16_Instance_60104" type="identity">
            <class id="GO:0042571" label="immunoglobulin complex, circulating"/>
            <span end="55717" id="15630473-2425" start="55707">antibodies</span>
        </annotation>
        <annotation annotator="" id="GO_CC_2016_02_16_Instance_60106" type="identity">
            <class id="GO:0042571" label="immunoglobulin complex, circulating"/>
            <span end="56110" id="15630473-2427" start="56100">antibodies</span>
        </annotation>
        <annotation annotator="" id="GO_CC_2016_02_16_Instance_60108" type="identity">
            <class id="GO:0042571" label="immunoglobulin complex, circulating"/>
            <span end="56382" id="15630473-2429" start="56372">antibodies</span>
        </annotation>
        <annotation annotator="" id="GO_CC_2016_02_16_Instance_60112" type="identity">
            <class id="GO:0042571" label="immunoglobulin complex, circulating"/>
            <span end="57044" id="15630473-2431" start="57034">antibodies</span>
        </annotation>
        <annotation annotator="" id="GO_CC_2016_02_16_Instance_60114" type="identity">
            <class id="GO:0042571" label="immunoglobulin complex, circulating"/>
            <span end="57099" id="15630473-2433" start="57089">Antibodies</span>
        </annotation>
        <annotation annotator="Mike Bada, University of Colorado Anschutz Medical Campus" id="GO_CC_2016_02_16_test_Instance_29187" type="identity">
            <class id="GO:0001533" label="cornified envelope"/>
            <span end="57324" id="15630473-2590" start="57306">cornified envelope</span>
        </annotation>
        <annotation annotator="Mike Bada, University of Colorado Anschutz Medical Campus" id="GO_CC_2016_02_16_test_Instance_29189" type="identity">
            <class id="GO:0001533" label="cornified envelope"/>
            <span end="57418" id="15630473-2592" start="57400">cornified envelope</span>
        </annotation>
        <annotation annotator="Mike Bada, University of Colorado Anschutz Medical Campus" id="GO_CC_2016_02_16_test_Instance_29191" type="identity">
            <class id="GO:0045095" label="keratin filament"/>
            <span end="57521" id="15630473-2594" start="57504">keratin filaments</span>
        </annotation>
        <annotation annotator="" id="GO_CC_2016_02_16_Instance_60116" type="identity">
            <class id="GO:0042571" label="immunoglobulin complex, circulating"/>
            <span end="57836" id="15630473-2435" start="57826">antibodies</span>
        </annotation>
        <annotation annotator="Mike Bada, University of Colorado Anschutz Medical Campus" id="GO_CC_2016_02_16_test_Instance_29195" type="identity">
            <class id="GO:0005634" label="nucleus"/>
            <span end="58101" id="15630473-2596" start="58094">nuclear</span>
        </annotation>
        <annotation annotator="" id="GO_CC_2016_02_16_Instance_60118" type="identity">
            <class id="GO:0042571" label="immunoglobulin complex, circulating"/>
            <span end="58251" id="15630473-2437" start="58243">antibody</span>
        </annotation>
        <annotation annotator="Mike Bada, University of Colorado Anschutz Medical Campus" id="GO_CC_2016_02_16_test_Instance_29203" type="identity">
            <class id="GO:0030056" label="hemidesmosome"/>
            <span end="58321" id="15630473-2598" start="58307">hemidesmosomal</span>
        </annotation>
        <annotation annotator="Mike Bada, University of Colorado Anschutz Medical Campus" id="GO_CC_2016_02_16_test_Instance_29205" type="identity">
            <class id="GO:0005912" label="adherens junction"/>
            <span end="58609" id="15630473-2600" start="58606">AJs</span>
        </annotation>
        <annotation annotator="" id="GO_CC_2016_02_16_Instance_60124" type="identity">
            <class id="GO:0042571" label="immunoglobulin complex, circulating"/>
            <span end="58828" id="15630473-2439" start="58818">Antibodies</span>
        </annotation>
        <annotation annotator="Mike Bada, University of Colorado Anschutz Medical Campus" id="GO_CC_2016_02_16_test_Instance_29209" type="identity">
            <class id="GO:0005912" label="adherens junction"/>
            <span end="58848" id="15630473-2602" start="58846">AJ</span>
        </annotation>
        <annotation annotator="" id="GO_CC_2016_02_16_Instance_60126" type="identity">
            <class id="GO:0016020" label="membrane"/>
            <span end="58907" id="15630473-2441" start="58899">membrane</span>
        </annotation>
        <annotation annotator="Mike Bada, University of Colorado Anschutz Medical Campus" id="GO_CC_2016_02_16_test_Instance_29211" type="identity">
            <class id="GO:0005912" label="adherens junction"/>
            <span end="58970" id="15630473-2604" start="58967">AJs</span>
        </annotation>
        <annotation annotator="Mike Bada, University of Colorado Anschutz Medical Campus" id="GO_CC_2016_02_16_test_Instance_29213" type="identity">
            <class id="GO:0005634" label="nucleus"/>
            <span end="59084" id="15630473-2606" start="59077">nucleus</span>
        </annotation>
        <annotation annotator="Mike Bada, University of Colorado Anschutz Medical Campus" id="GO_CC_2016_02_16_test_Instance_29215" type="identity">
            <class id="GO:0015629" label="actin cytoskeleton"/>
            <span end="59252" id="15630473-2608" start="59234">actin cytoskeleton</span>
        </annotation>
        <annotation annotator="Mike Bada, University of Colorado Anschutz Medical Campus" id="GO_CC_2016_02_16_test_Instance_29217" type="identity">
            <class id="GO:0016020" label="membrane"/>
            <span end="59641" id="15630473-2610" start="59633">membrane</span>
        </annotation>
        <annotation annotator="Mike Bada, University of Colorado Anschutz Medical Campus" id="GO_CC_2016_02_16_test_Instance_29219" type="identity">
            <class id="GO:0005737" label="cytoplasm"/>
            <span end="59730" id="15630473-2612" start="59719">cytoplasmic</span>
        </annotation>
        <annotation annotator="" id="GO_CC_2016_02_16_Instance_60128" type="identity">
            <class id="GO:0042571" label="immunoglobulin complex, circulating"/>
            <span end="59847" id="15630473-2443" start="59837">Antibodies</span>
        </annotation>
        <annotation annotator="Mike Bada, University of Colorado Anschutz Medical Campus" id="GO_CC_2016_02_16_test_Instance_29223" type="identity">
            <class id="GO:0005912" label="adherens junction"/>
            <span end="60589" id="15630473-2614" start="60587">AJ</span>
        </annotation>
        <annotation annotator="" id="GO_CC_2016_02_16_Instance_60130" type="identity">
            <class id="GO:0042571" label="immunoglobulin complex, circulating"/>
            <span end="60635" id="15630473-2445" start="60625">antibodies</span>
        </annotation>
        <annotation annotator="" id="GO_CC_2016_02_16_Instance_60134" type="identity">
            <class id="GO:0042571" label="immunoglobulin complex, circulating"/>
            <span end="61105" id="15630473-2447" start="61095">antibodies</span>
        </annotation>
        <annotation annotator="" id="GO_CC_2016_02_16_Instance_60136" type="identity">
            <class id="GO:0042571" label="immunoglobulin complex, circulating"/>
            <span end="61562" id="15630473-2449" start="61554">antibody</span>
        </annotation>
        <annotation annotator="" id="GO_CC_2016_02_16_Instance_60138" type="identity">
            <class id="GO:0042571" label="immunoglobulin complex, circulating"/>
            <span end="61594" id="15630473-2451" start="61586">antibody</span>
        </annotation>
        <annotation annotator="" id="GO_CC_2016_02_16_Instance_60140" type="identity">
            <class id="GO:0042571" label="immunoglobulin complex, circulating"/>
            <span end="61743" id="15630473-2453" start="61733">antibodies</span>
        </annotation>
        <annotation annotator="Mike Bada, University of Colorado Anschutz Medical Campus" id="GO_CC_2016_02_16_test_Instance_29237" type="identity">
            <class id="GO:0005912" label="adherens junction"/>
            <span end="61832" id="15630473-2616" start="61830">AJ</span>
        </annotation>
        <annotation annotator="" id="GO_CC_2016_02_16_Instance_60142" type="identity">
            <class id="GO:0042571" label="immunoglobulin complex, circulating"/>
            <span end="62458" id="15630473-2455" start="62448">antibodies</span>
        </annotation>
        <annotation annotator="" id="GO_CC_2016_02_16_Instance_60144" type="identity">
            <class id="GO:0042571" label="immunoglobulin complex, circulating"/>
            <span end="65193" id="15630473-2457" start="65185">Antibody</span>
        </annotation>
        <annotation annotator="Mike Bada, University of Colorado Anschutz Medical Campus" id="GO_CC_2016_02_16_test_Instance_29243" type="identity">
            <class id="GO:0005634" label="nucleus"/>
            <span end="65609" id="15630473-2618" start="65602">nuclear</span>
        </annotation>
        <annotation annotator="Mike Bada, University of Colorado Anschutz Medical Campus" id="GO_CC_2016_02_16_test_Instance_29245" type="identity">
            <class id="GO:0005634" label="nucleus"/>
            <span end="65631" id="15630473-2620" start="65624">nuclear</span>
        </annotation>
        <graph-space id="Old Knowtator Relations"/>
    </document>
</knowtator-project>
