<?xml version="1.0" encoding="UTF-8" standalone="no"?>
<knowtator-project>
    <document id="15836427" text-file="15836427.txt">
        <annotation annotator="Mike Bada, University of Colorado Anschutz Medical Campus" id="GO_CC_2016_02_16_test_Instance_30413" type="identity">
            <class id="GO:0030424" label="axon"/>
            <span end="631" id="15836427-3899" start="613">axonal projections</span>
        </annotation>
        <annotation annotator="Mike Bada, University of Colorado Anschutz Medical Campus" id="GO_CC_2016_02_16_test_Instance_30415" type="identity">
            <class id="GO:0030424" label="axon"/>
            <span end="1164" id="15836427-3901" start="1160">axon</span>
        </annotation>
        <annotation annotator="" id="GO_CC_2016_02_16_Instance_60434" type="identity">
            <class id="GO:0045202" label="synapse"/>
            <span end="3520" id="15836427-3843" start="3512">synaptic</span>
        </annotation>
        <annotation annotator="" id="GO_CC_2016_02_16_Instance_60436" type="identity">
            <class id="GO:0045202" label="synapse"/>
            <span end="3924" id="15836427-3845" start="3904">synaptic connections</span>
        </annotation>
        <annotation annotator="" id="GO_CC_2016_02_16_Instance_102573" type="identity">
            <class id="GO:0042995" label="cell projection"/>
            <span end="4792" id="15836427-3791" start="4781">projections</span>
        </annotation>
        <annotation annotator="" id="GO_CC_2016_02_16_Instance_60438" type="identity">
            <class id="GO:0043005" label="neuron projection"/>
            <span end="4974" id="15836427-3847" start="4967">neurite</span>
        </annotation>
        <annotation annotator="" id="GO_CC_2016_02_16_Instance_102575" type="identity">
            <class id="GO:0042995" label="cell projection"/>
            <span end="6224" id="15836427-3793" start="6213">Projections</span>
        </annotation>
        <annotation annotator="" id="GO_CC_2016_02_16_Instance_102577" type="identity">
            <class id="GO:0042995" label="cell projection"/>
            <span end="6372" id="15836427-3795" start="6361">projections</span>
        </annotation>
        <annotation annotator="" id="GO_CC_2016_02_16_Instance_102579" type="identity">
            <class id="GO:0042995" label="cell projection"/>
            <span end="6781" id="15836427-3797" start="6770">projections</span>
        </annotation>
        <annotation annotator="" id="GO_CC_2016_02_16_Instance_60440" type="identity">
            <class id="GO:0044297" label="cell body"/>
            <span end="8249" id="15836427-3849" start="8238">cell bodies</span>
        </annotation>
        <annotation annotator="" id="GO_CC_2016_02_16_Instance_102581" type="identity">
            <class id="GO:0042995" label="cell projection"/>
            <span end="8766" id="15836427-3799" start="8755">projections</span>
        </annotation>
        <annotation annotator="" id="GO_CC_2016_02_16_Instance_102583" type="identity">
            <class id="GO:0042995" label="cell projection"/>
            <span end="8894" id="15836427-3801" start="8883">projections</span>
        </annotation>
        <annotation annotator="Mike Bada, University of Colorado Anschutz Medical Campus" id="GO_CC_2016_02_16_test_Instance_30433" type="identity">
            <class id="GO:0030424" label="axon"/>
            <span end="8904" id="15836427-3903" start="8898">axonal</span>
        </annotation>
        <annotation annotator="Mike Bada, University of Colorado Anschutz Medical Campus" id="GO_CC_2016_02_16_test_Instance_30435" type="identity">
            <class id="GO:0030424" label="axon"/>
            <span end="8964" id="15836427-3905" start="8960">axon</span>
        </annotation>
        <annotation annotator="" id="GO_CC_2016_02_16_Instance_102585" type="identity">
            <class id="GO:0042995" label="cell projection"/>
            <span end="9221" id="15836427-3803" start="9210">projections</span>
        </annotation>
        <annotation annotator="Mike Bada, University of Colorado Anschutz Medical Campus" id="GO_CC_2016_02_16_test_Instance_30441" type="identity">
            <class id="GO:0045202" label="synapse"/>
            <span end="9490" id="15836427-3907" start="9482">synapses</span>
        </annotation>
        <annotation annotator="Mike Bada, University of Colorado Anschutz Medical Campus" id="GO_CC_2016_02_16_test_Instance_30443" type="identity">
            <class id="GO:0005622" label="intracellular"/>
            <span end="9595" id="15836427-3909" start="9582">intracellular</span>
        </annotation>
        <annotation annotator="Mike Bada, University of Colorado Anschutz Medical Campus" id="GO_CC_2016_02_16_test_Instance_30445" type="identity">
            <class id="GO:0045202" label="synapse"/>
            <span end="10138" id="15836427-3911" start="10130">synapses</span>
        </annotation>
        <annotation annotator="Mike Bada, University of Colorado Anschutz Medical Campus" id="GO_CC_2016_02_16_test_Instance_30447" type="identity">
            <class id="GO:0030424" label="axon"/>
            <span end="10361" id="15836427-3913" start="10344">Axonal Projection</span>
        </annotation>
        <annotation annotator="Mike Bada, University of Colorado Anschutz Medical Campus" id="GO_CC_2016_02_16_test_Instance_30449" type="identity">
            <class id="GO:0016020" label="membrane"/>
            <span end="10831" id="15836427-3915" start="10823">membrane</span>
        </annotation>
        <annotation annotator="Mike Bada, University of Colorado Anschutz Medical Campus" id="GO_CC_2016_02_16_test_Instance_30451" type="identity">
            <class id="GO:0030424" label="axon"/>
            <span end="10901" id="15836427-3917" start="10883">axonal projections</span>
        </annotation>
        <annotation annotator="" id="GO_CC_2016_02_16_Instance_102587" type="identity">
            <class id="GO:0042995" label="cell projection"/>
            <span end="11322" id="15836427-3805" start="11311">projections</span>
        </annotation>
        <annotation annotator="" id="GO_CC_2016_02_16_Instance_102589" type="identity">
            <class id="GO:0042995" label="cell projection"/>
            <span end="11622" id="15836427-3807" start="11611">projections</span>
        </annotation>
        <annotation annotator="" id="GO_CC_2016_02_16_Instance_102591" type="identity">
            <class id="GO:0042995" label="cell projection"/>
            <span end="11958" id="15836427-3809" start="11947">projections</span>
        </annotation>
        <annotation annotator="" id="GO_CC_2016_02_16_Instance_102593" type="identity">
            <class id="GO:0042995" label="cell projection"/>
            <span end="12562" id="15836427-3811" start="12551">projections</span>
        </annotation>
        <annotation annotator="" id="GO_CC_2016_02_16_Instance_102595" type="identity">
            <class id="GO:0042995" label="cell projection"/>
            <span end="12857" id="15836427-3813" start="12846">projections</span>
        </annotation>
        <annotation annotator="Mike Bada, University of Colorado Anschutz Medical Campus" id="GO_CC_2016_02_16_test_Instance_30463" type="identity">
            <class id="GO:0030424" label="axon"/>
            <span end="12929" id="15836427-3919" start="12924">axons</span>
        </annotation>
        <annotation annotator="Mike Bada, University of Colorado Anschutz Medical Campus" id="GO_CC_2016_02_16_test_Instance_30465" type="identity">
            <class id="GO:0030424" label="axon"/>
            <span end="13056" id="15836427-3921" start="13052">axon</span>
        </annotation>
        <annotation annotator="" id="GO_CC_2016_02_16_Instance_102597" type="identity">
            <class id="GO:0042995" label="cell projection"/>
            <span end="13541" id="15836427-3815" start="13530">projections</span>
        </annotation>
        <annotation annotator="" id="GO_CC_2016_02_16_Instance_102599" type="identity">
            <class id="GO:0042995" label="cell projection"/>
            <span end="13686" id="15836427-3817" start="13675">projections</span>
        </annotation>
        <annotation annotator="" id="GO_CC_2016_02_16_Instance_60444" type="identity">
            <class id="GO:0043005" label="neuron projection"/>
            <span end="13828" id="15836427-3851" start="13821">Neurite</span>
        </annotation>
        <annotation annotator="" id="GO_CC_2016_02_16_Instance_60446" type="identity">
            <class id="GO:0043005" label="neuron projection"/>
            <span end="14180" id="15836427-3853" start="14173">neurite</span>
        </annotation>
        <annotation annotator="" id="GO_CC_2016_02_16_Instance_60448" type="identity">
            <class id="GO:0043005" label="neuron projection"/>
            <span end="14502" id="15836427-3855" start="14495">neurite</span>
        </annotation>
        <annotation annotator="" id="GO_CC_2016_02_16_Instance_60452" type="identity">
            <class id="GO:0043005" label="neuron projection"/>
            <span end="14738" id="15836427-3859" start="14731">neurite</span>
        </annotation>
        <annotation annotator="" id="GO_CC_2016_02_16_Instance_60450" type="identity">
            <class id="GO:0043005" label="neuron projection"/>
            <span end="14858" id="15836427-3857" start="14851">neurite</span>
        </annotation>
        <annotation annotator="" id="GO_CC_2016_02_16_Instance_60454" type="identity">
            <class id="GO:0043005" label="neuron projection"/>
            <span end="15018" id="15836427-3861" start="15011">neurite</span>
        </annotation>
        <annotation annotator="" id="GO_CC_2016_02_16_Instance_60456" type="identity">
            <class id="GO:0043005" label="neuron projection"/>
            <span end="15266" id="15836427-3863" start="15258">neurites</span>
        </annotation>
        <annotation annotator="" id="GO_CC_2016_02_16_Instance_60458" type="identity">
            <class id="GO:0043005" label="neuron projection"/>
            <span end="15310" id="15836427-3865" start="15303">neurite</span>
        </annotation>
        <annotation annotator="" id="GO_CC_2016_02_16_Instance_60460" type="identity">
            <class id="GO:0043005" label="neuron projection"/>
            <span end="16094" id="15836427-3867" start="16086">neurites</span>
        </annotation>
        <annotation annotator="" id="GO_CC_2016_02_16_Instance_60462" type="identity">
            <class id="GO:0043005" label="neuron projection"/>
            <span end="16325" id="15836427-3869" start="16318">neurite</span>
        </annotation>
        <annotation annotator="" id="GO_CC_2016_02_16_Instance_60464" type="identity">
            <class id="GO:0043005" label="neuron projection"/>
            <span end="16801" id="15836427-3871" start="16794">neurite</span>
        </annotation>
        <annotation annotator="" id="GO_CC_2016_02_16_Instance_60466" type="identity">
            <class id="GO:0043005" label="neuron projection"/>
            <span end="17264" id="15836427-3873" start="17257">neurite</span>
        </annotation>
        <annotation annotator="" id="GO_CC_2016_02_16_Instance_60468" type="identity">
            <class id="GO:0043005" label="neuron projection"/>
            <span end="20282" id="15836427-3875" start="20275">neurite</span>
        </annotation>
        <annotation annotator="" id="GO_CC_2016_02_16_Instance_60470" type="identity">
            <class id="GO:0043005" label="neuron projection"/>
            <span end="23065" id="15836427-3877" start="23058">neurite</span>
        </annotation>
        <annotation annotator="Mike Bada, University of Colorado Anschutz Medical Campus" id="GO_CC_2016_02_16_test_Instance_30471" type="identity">
            <class id="GO:0030424" label="axon"/>
            <span end="23627" id="15836427-3923" start="23621">axonal</span>
        </annotation>
        <annotation annotator="Mike Bada, University of Colorado Anschutz Medical Campus" id="GO_CC_2016_02_16_test_Instance_30473" type="identity">
            <class id="GO:0030424" label="axon"/>
            <span end="24805" id="15836427-3925" start="24787">axonal projections</span>
        </annotation>
        <annotation annotator="" id="GO_CC_2016_02_16_Instance_102601" type="identity">
            <class id="GO:0042995" label="cell projection"/>
            <span end="24913" id="15836427-3819" start="24902">projections</span>
        </annotation>
        <annotation annotator="" id="GO_CC_2016_02_16_Instance_102603" type="identity">
            <class id="GO:0042995" label="cell projection"/>
            <span end="24982" id="15836427-3821" start="24971">projections</span>
        </annotation>
        <annotation annotator="" id="GO_CC_2016_02_16_Instance_102605" type="identity">
            <class id="GO:0042995" label="cell projection"/>
            <span end="25133" id="15836427-3823" start="25122">projections</span>
        </annotation>
        <annotation annotator="" id="GO_CC_2016_02_16_Instance_102607" type="identity">
            <class id="GO:0042995" label="cell projection"/>
            <span end="25308" id="15836427-3825" start="25297">projections</span>
        </annotation>
        <annotation annotator="Mike Bada, University of Colorado Anschutz Medical Campus" id="GO_CC_2016_02_16_test_Instance_30483" type="identity">
            <class id="GO:0030424" label="axon"/>
            <span end="25429" id="15836427-3927" start="25424">axons</span>
        </annotation>
        <annotation annotator="Mike Bada, University of Colorado Anschutz Medical Campus" id="GO_CC_2016_02_16_test_Instance_30487" type="identity">
            <class id="GO:0030424" label="axon"/>
            <span end="28166" id="15836427-3929" start="28148">axonal projections</span>
        </annotation>
        <annotation annotator="" id="GO_CC_2016_02_16_Instance_60472" type="identity">
            <class id="GO:0042571" label="immunoglobulin complex, circulating"/>
            <span end="33394" id="15836427-3879" start="33384">Antibodies</span>
        </annotation>
        <annotation annotator="Mike Bada, University of Colorado Anschutz Medical Campus" id="GO_CC_2016_02_16_test_Instance_30491" type="identity">
            <class id="GO:0005883" label="neurofilament"/>
            <span end="33993" id="15836427-3931" start="33980">neurofilament</span>
        </annotation>
        <annotation annotator="Mike Bada, University of Colorado Anschutz Medical Campus" id="GO_CC_2016_02_16_test_Instance_30493" type="identity">
            <class id="GO:0043005" label="neuron projection"/>
            <span end="34694" id="15836427-3933" start="34680">projections of</span>
            <span end="34710" id="15836427-3934" start="34703">neurons</span>
        </annotation>
        <annotation annotator="" id="GO_CC_2016_02_16_Instance_60474" type="identity">
            <class id="GO:0042571" label="immunoglobulin complex, circulating"/>
            <span end="35105" id="15836427-3881" start="35095">antibodies</span>
        </annotation>
        <annotation annotator="" id="GO_CC_2016_02_16_Instance_60476" type="identity">
            <class id="GO:0042571" label="immunoglobulin complex, circulating"/>
            <span end="36383" id="15836427-3883" start="36373">antibodies</span>
        </annotation>
        <annotation annotator="Mike Bada, University of Colorado Anschutz Medical Campus" id="GO_CC_2016_02_16_test_Instance_30499" type="identity">
            <class id="GO:0005622" label="intracellular"/>
            <span end="36899" id="15836427-3936" start="36886">intracellular</span>
        </annotation>
        <annotation annotator="" id="GO_CC_2016_02_16_Instance_60478" type="identity">
            <class id="GO:0045202" label="synapse"/>
            <span end="37133" id="15836427-3885" start="37125">synaptic</span>
        </annotation>
        <annotation annotator="" id="GO_CC_2016_02_16_Instance_60480" type="identity">
            <class id="GO:0045202" label="synapse"/>
            <span end="37316" id="15836427-3887" start="37308">synaptic</span>
        </annotation>
        <annotation annotator="Mike Bada, University of Colorado Anschutz Medical Campus" id="GO_CC_2016_02_16_test_Instance_30501" type="identity">
            <class id="GO:0005622" label="intracellular"/>
            <span end="38244" id="15836427-3938" start="38231">intracellular</span>
        </annotation>
        <annotation annotator="" id="GO_CC_2016_02_16_Instance_60482" type="identity">
            <class id="GO:0045202" label="synapse"/>
            <span end="38290" id="15836427-3889" start="38282">synaptic</span>
        </annotation>
        <annotation annotator="" id="GO_CC_2016_02_16_Instance_60484" type="identity">
            <class id="GO:0045202" label="synapse"/>
            <span end="38467" id="15836427-3891" start="38459">synaptic</span>
        </annotation>
        <annotation annotator="" id="GO_CC_2016_02_16_Instance_60486" type="identity">
            <class id="GO:0042571" label="immunoglobulin complex, circulating"/>
            <span end="42054" id="15836427-3893" start="42044">antibodies</span>
        </annotation>
        <annotation annotator="Mike Bada, University of Colorado Anschutz Medical Campus" id="GO_CC_2016_02_16_test_Instance_30505" type="identity">
            <class id="GO:0016020" label="membrane"/>
            <span end="42716" id="15836427-3940" start="42708">membrane</span>
        </annotation>
        <annotation annotator="" id="GO_CC_2016_02_16_Instance_102609" type="identity">
            <class id="GO:0042995" label="cell projection"/>
            <span end="44548" id="15836427-3827" start="44537">Projections</span>
        </annotation>
        <annotation annotator="" id="GO_CC_2016_02_16_Instance_102611" type="identity">
            <class id="GO:0042995" label="cell projection"/>
            <span end="44654" id="15836427-3829" start="44643">projections</span>
        </annotation>
        <annotation annotator="" id="GO_CC_2016_02_16_Instance_102613" type="identity">
            <class id="GO:0042995" label="cell projection"/>
            <span end="45274" id="15836427-3831" start="45263">projections</span>
        </annotation>
        <annotation annotator="" id="GO_CC_2016_02_16_Instance_102615" type="identity">
            <class id="GO:0042995" label="cell projection"/>
            <span end="45576" id="15836427-3833" start="45565">Projections</span>
        </annotation>
        <annotation annotator="" id="GO_CC_2016_02_16_Instance_102617" type="identity">
            <class id="GO:0042995" label="cell projection"/>
            <span end="45691" id="15836427-3835" start="45680">projections</span>
        </annotation>
        <annotation annotator="" id="GO_CC_2016_02_16_Instance_102619" type="identity">
            <class id="GO:0042995" label="cell projection"/>
            <span end="46026" id="15836427-3837" start="46015">projections</span>
        </annotation>
        <annotation annotator="" id="GO_CC_2016_02_16_Instance_102621" type="identity">
            <class id="GO:0042995" label="cell projection"/>
            <span end="46246" id="15836427-3839" start="46235">projections</span>
        </annotation>
        <annotation annotator="" id="GO_CC_2016_02_16_Instance_102623" type="identity">
            <class id="GO:0042995" label="cell projection"/>
            <span end="46686" id="15836427-3841" start="46675">projections</span>
        </annotation>
        <annotation annotator="Mike Bada, University of Colorado Anschutz Medical Campus" id="GO_CC_2016_02_16_test_Instance_30523" type="identity">
            <class id="GO:0030424" label="axon"/>
            <span end="47057" id="15836427-3942" start="47039">axonal projections</span>
        </annotation>
        <annotation annotator="" id="GO_CC_2016_02_16_Instance_60488" type="identity">
            <class id="GO:0043005" label="neuron projection"/>
            <span end="47236" id="15836427-3895" start="47229">Neurite</span>
        </annotation>
        <annotation annotator="Mike Bada, University of Colorado Anschutz Medical Campus" id="GO_CC_2016_02_16_test_Instance_30525" type="identity">
            <class id="GO:0005883" label="neurofilament"/>
            <span end="47590" id="15836427-3944" start="47577">neurofilament</span>
        </annotation>
        <annotation annotator="Mike Bada, University of Colorado Anschutz Medical Campus" id="GO_CC_2016_02_16_test_Instance_30527" type="identity">
            <class id="GO:0030424" label="axon"/>
            <span end="47621" id="15836427-3946" start="47604">axonal extensions</span>
        </annotation>
        <annotation annotator="Mike Bada, University of Colorado Anschutz Medical Campus" id="GO_CC_2016_02_16_test_Instance_30529" type="identity">
            <class id="GO:0005883" label="neurofilament"/>
            <span end="47971" id="15836427-3948" start="47958">neurofilament</span>
        </annotation>
        <annotation annotator="Mike Bada, University of Colorado Anschutz Medical Campus" id="GO_CC_2016_02_16_test_Instance_30531" type="identity">
            <class id="GO:0030424" label="axon"/>
            <span end="48025" id="15836427-3950" start="48008">axonal extensions</span>
        </annotation>
        <annotation annotator="" id="GO_CC_2016_02_16_Instance_60490" type="identity">
            <class id="GO:0042571" label="immunoglobulin complex, circulating"/>
            <span end="49228" id="15836427-3897" start="49218">antibodies</span>
        </annotation>
        <annotation annotator="Mike Bada, University of Colorado Anschutz Medical Campus" id="GO_CC_2016_02_16_test_Instance_30535" type="identity">
            <class id="GO:0043005" label="neuron projection"/>
            <span end="51766" id="15836427-3952" start="51746">neuronal projections</span>
        </annotation>
        <graph-space id="Old Knowtator Relations"/>
    </document>
</knowtator-project>
