<?xml version="1.0" encoding="UTF-8" standalone="no"?>
<knowtator-project>
  <document id="15921521" text-file="15921521.txt">
    <annotation annotator="" id="GO_CC_2016_02_16_Instance_70442" type="identity">
      <class id="GO:0016020" label="membrane"/>
      <span end="226" id="15921521-4595" start="218">membrane</span>
    </annotation>
    <annotation annotator="" id="GO_CC_2016_02_16_Instance_70444" type="identity">
      <class id="GO:0016020" label="membrane"/>
      <span end="2272" id="15921521-4597" start="2264">membrane</span>
    </annotation>
    <annotation annotator="" id="GO_CC_2016_02_16_Instance_70452" type="identity">
      <class id="GO:0005634" label="nucleus"/>
      <span end="4761" id="15921521-4599" start="4754">nuclear</span>
    </annotation>
    <annotation annotator="Mike Bada, University of Colorado Anschutz Medical Campus" id="GO_CC_2016_02_16_test_Instance_30821" type="identity">
      <class id="GO:0009986" label="cell surface"/>
      <span end="8458" id="15921521-4605" start="8446">cell surface</span>
    </annotation>
    <annotation annotator="Mike Bada, University of Colorado Anschutz Medical Campus" id="GO_CC_2016_02_16_test_Instance_25569" type="identity">
      <class id="GO:0009986" label="cell surface"/>
      <span end="20070" id="15921521-4603" start="20058">cell surface</span>
    </annotation>
    <annotation annotator="" id="GO_CC_2016_02_16_Instance_101921" type="identity">
      <class id="GO:0019814" label="immunoglobulin complex"/>
      <span end="20276" id="15921521-4593" start="20262">immunoglobulin</span>
    </annotation>
    <annotation annotator="" id="GO_CC_2016_02_16_Instance_70464" type="identity">
      <class id="GO:0042571" label="immunoglobulin complex, circulating"/>
      <span end="20834" id="15921521-4601" start="20826">antibody</span>
    </annotation>
    <annotation annotator="Mike Bada, University of Colorado Anschutz Medical Campus" id="GO_CC_2016_02_16_test_Instance_30827" type="identity">
      <class id="GO:0005618" label="cell wall"/>
      <span end="20931" id="15921521-4607" start="20921">cell walls</span>
    </annotation>
    <annotation annotator="Mike Bada, University of Colorado Anschutz Medical Campus" id="GO_CC_2016_02_16_test_Instance_30829" type="identity">
      <class id="GO:0005622" label="intracellular"/>
      <span end="21229" id="15921521-4609" start="21216">intracellular</span>
    </annotation>
    <annotation annotator="Mike Bada, University of Colorado Anschutz Medical Campus" id="GO_CC_2016_02_16_test_Instance_30831" type="identity">
      <class id="GO:0030849" label="autosome"/>
      <span end="25717" id="15921521-4611" start="25708">autosomes</span>
    </annotation>
    <graph-space id="Old Knowtator Relations"/>
  </document>
</knowtator-project>
