<?xml version="1.0" encoding="UTF-8" standalone="no"?>
<knowtator-project>
  <document id="15938754" text-file="15938754.txt">
    <annotation annotator="Mike Bada, University of Colorado Anschutz Medical Campus" id="GO_CC_2016_02_16_test_Instance_30841" type="identity">
      <class id="GO:0005622" label="intracellular"/>
      <span end="4720" id="15938754-4619" start="4707">intracellular</span>
    </annotation>
    <annotation annotator="Mike Bada, University of Colorado Anschutz Medical Campus" id="GO_CC_2016_02_16_test_Instance_10159" type="identity">
      <class id="GO:0005576" label="extracellular region"/>
      <span end="14847" id="15938754-4615" start="14834">extracellular</span>
    </annotation>
    <annotation annotator="Mike Bada, University of Colorado Anschutz Medical Campus" id="GO_CC_2016_02_16_test_Instance_30885" type="identity">
      <class id="GO:0016020" label="membrane"/>
      <span end="19393" id="15938754-4621" start="19385">membrane</span>
    </annotation>
    <annotation annotator="Mike Bada, University of Colorado Anschutz Medical Campus" id="GO_CC_2016_02_16_test_Instance_10165" type="identity">
      <class id="GO:0005576" label="extracellular region"/>
      <span end="22527" id="15938754-4617" start="22514">extracellular</span>
    </annotation>
    <graph-space id="Old Knowtator Relations"/>
  </document>
</knowtator-project>
