<?xml version="1.0" encoding="UTF-8" standalone="no"?>
<knowtator-project>
  <document id="16103912" text-file="16103912.txt">
    <annotation annotator="Mike Bada, University of Colorado Anschutz Medical Campus" id="GO_CC_2016_02_16_test_Instance_10085" type="identity">
      <class id="GO:0005634" label="nucleus"/>
      <span end="29171" id="16103912-4740" start="29165">Nuclei</span>
    </annotation>
    <graph-space id="Old Knowtator Relations"/>
  </document>
</knowtator-project>
