<?xml version="1.0" encoding="UTF-8" standalone="no"?>
<knowtator-project>
  <document id="16109169" text-file="16109169.txt">
    <annotation annotator="Mike Bada, University of Colorado Anschutz Medical Campus" id="GO_CC_2016_02_16_test_Instance_31095" type="identity">
      <class id="GO:0043234" label="protein complex"/>
      <span end="3110" id="16109169-4756" start="3093">protein complexes</span>
    </annotation>
    <annotation annotator="Mike Bada, University of Colorado Anschutz Medical Campus" id="GO_CC_2016_02_16_test_Instance_10121" type="identity">
      <class id="GO:0005737" label="cytoplasm"/>
      <span end="3166" id="16109169-4748" start="3155">cytoplasmic</span>
    </annotation>
    <annotation annotator="Mike Bada, University of Colorado Anschutz Medical Campus" id="GO_CC_2016_02_16_test_Instance_10123" type="identity">
      <class id="GO:0005634" label="nucleus"/>
      <span end="3178" id="16109169-4750" start="3171">nuclear</span>
    </annotation>
    <annotation annotator="" id="GO_CC_2016_02_16_Instance_80142" type="identity">
      <class id="GO:0036454" label="growth factor complex"/>
      <span end="3342" id="16109169-4744" start="3319">growth factor complexes</span>
    </annotation>
    <annotation annotator="Mike Bada, University of Colorado Anschutz Medical Campus" id="GO_CC_2016_02_16_test_Instance_31097" type="identity">
      <class id="GO:0005634" label="nucleus"/>
      <span end="5562" id="16109169-4758" start="5555">nucleus</span>
    </annotation>
    <annotation annotator="Mike Bada, University of Colorado Anschutz Medical Campus" id="GO_CC_2016_02_16_test_Instance_10127" type="identity">
      <class id="GO:0005634" label="nucleus"/>
      <span end="5603" id="16109169-4752" start="5596">nuclear</span>
    </annotation>
    <annotation annotator="Mike Bada, University of Colorado Anschutz Medical Campus" id="GO_CC_2016_02_16_test_Instance_10129" type="identity">
      <class id="GO:0000805" label="X chromosome"/>
      <span end="29923" id="16109169-4754" start="29922">X</span>
    </annotation>
    <annotation annotator="" id="GO_CC_2016_02_16_Instance_80144" type="identity">
      <class id="GO:0042571" label="immunoglobulin complex, circulating"/>
      <span end="35274" id="16109169-4746" start="35266">antibody</span>
    </annotation>
    <graph-space id="Old Knowtator Relations"/>
  </document>
</knowtator-project>
