<?xml version="1.0" encoding="UTF-8" standalone="no"?>
<knowtator-project>
  <document id="16110338" text-file="16110338.txt">
    <annotation annotator="Mike Bada, University of Colorado Anschutz Medical Campus" id="GO_CC_2016_02_16_test_Instance_10133" type="identity">
      <class id="GO:0045202" label="synapse"/>
      <span end="338" id="16110338-4883" start="330">synaptic</span>
    </annotation>
    <annotation annotator="Mike Bada, University of Colorado Anschutz Medical Campus" id="GO_CC_2016_02_16_test_Instance_10135" type="identity">
      <class id="GO:0005634" label="nucleus"/>
      <span end="608" id="16110338-4885" start="601">nuclear</span>
    </annotation>
    <annotation annotator="Mike Bada, University of Colorado Anschutz Medical Campus" id="GO_CC_2016_02_16_test_Instance_10497" type="identity">
      <class id="GO:0005634" label="nucleus"/>
      <span end="3413" id="16110338-4887" start="3406">nuclear</span>
    </annotation>
    <annotation annotator="Mike Bada, University of Colorado Anschutz Medical Campus" id="GO_CC_2016_02_16_test_Instance_10501" type="identity">
      <class id="GO:0005634" label="nucleus"/>
      <span end="3486" id="16110338-4889" start="3479">nuclear</span>
    </annotation>
    <annotation annotator="" id="GO_CC_2016_02_16_Instance_80240" type="identity">
      <class id="GO:0005634" label="nucleus"/>
      <span end="4625" id="16110338-4855" start="4618">nuclear</span>
    </annotation>
    <annotation annotator="" id="GO_CC_2016_02_16_Instance_80146" type="identity">
      <class id="GO:0044297" label="cell body"/>
      <span end="4669" id="16110338-4763" start="4658">cell bodies</span>
    </annotation>
    <annotation annotator="" id="GO_CC_2016_02_16_Instance_80148" type="identity">
      <class id="GO:0044297" label="cell body"/>
      <span end="9688" id="16110338-4765" start="9677">cell bodies</span>
    </annotation>
    <annotation annotator="" id="GO_CC_2016_02_16_Instance_80150" type="identity">
      <class id="GO:0042571" label="immunoglobulin complex, circulating"/>
      <span end="10488" id="16110338-4767" start="10480">antibody</span>
    </annotation>
    <annotation annotator="" id="GO_CC_2016_02_16_Instance_80152" type="identity">
      <class id="GO:0042571" label="immunoglobulin complex, circulating"/>
      <span end="11185" id="16110338-4769" start="11177">antibody</span>
    </annotation>
    <annotation annotator="Mike Bada, University of Colorado Anschutz Medical Campus" id="GO_CC_2016_02_16_test_Instance_31099" type="identity">
      <class id="GO:0001750" label="photoreceptor outer segment"/>
      <span end="11355" id="16110338-4951" start="11327">photoreceptor outer segments</span>
    </annotation>
    <annotation annotator="Mike Bada, University of Colorado Anschutz Medical Campus" id="GO_CC_2016_02_16_test_Instance_31101" type="identity">
      <class id="GO:0001917" label="photoreceptor inner segment"/>
      <span end="12437" id="16110338-4953" start="12410">photoreceptor inner segment</span>
    </annotation>
    <annotation annotator="Mike Bada, University of Colorado Anschutz Medical Campus" id="GO_CC_2016_02_16_test_Instance_20359" type="identity">
      <class id="GO:0001750" label="photoreceptor outer segment"/>
      <span end="12630" id="16110338-4891" start="12617">outer segment</span>
    </annotation>
    <annotation annotator="Mike Bada, University of Colorado Anschutz Medical Campus" id="GO_CC_2016_02_16_test_Instance_20361" type="identity">
      <class id="GO:0001917" label="photoreceptor inner segment"/>
      <span end="14039" id="16110338-4893" start="14026">inner segment</span>
    </annotation>
    <annotation annotator="Mike Bada, University of Colorado Anschutz Medical Campus" id="GO_CC_2016_02_16_test_Instance_20363" type="identity">
      <class id="GO:0005856" label="cytoskeleton"/>
      <span end="14476" id="16110338-4895" start="14464">cytoskeletal</span>
    </annotation>
    <annotation annotator="" id="GO_CC_2016_02_16_Instance_80158" type="identity">
      <class id="GO:0044297" label="cell body"/>
      <span end="16786" id="16110338-4773" start="16775">cell bodies</span>
    </annotation>
    <annotation annotator="" id="GO_CC_2016_02_16_Instance_80156" type="identity">
      <class id="GO:0044297" label="cell body"/>
      <span end="17045" id="16110338-4771" start="17034">cell bodies</span>
    </annotation>
    <annotation annotator="" id="GO_CC_2016_02_16_Instance_80160" type="identity">
      <class id="GO:0044297" label="cell body"/>
      <span end="17190" id="16110338-4775" start="17179">cell bodies</span>
    </annotation>
    <annotation annotator="" id="GO_CC_2016_02_16_Instance_80162" type="identity">
      <class id="GO:0044297" label="cell body"/>
      <span end="17477" id="16110338-4777" start="17466">cell bodies</span>
    </annotation>
    <annotation annotator="" id="GO_CC_2016_02_16_Instance_80242" type="identity">
      <class id="GO:0005634" label="nucleus"/>
      <span end="20741" id="16110338-4857" start="20734">nuclear</span>
    </annotation>
    <annotation annotator="" id="GO_CC_2016_02_16_Instance_80164" type="identity">
      <class id="GO:0044297" label="cell body"/>
      <span end="21484" id="16110338-4779" start="21473">cell bodies</span>
    </annotation>
    <annotation annotator="" id="GO_CC_2016_02_16_Instance_80166" type="identity">
      <class id="GO:0044297" label="cell body"/>
      <span end="21532" id="16110338-4781" start="21521">cell bodies</span>
    </annotation>
    <annotation annotator="Mike Bada, University of Colorado Anschutz Medical Campus" id="GO_CC_2016_02_16_test_Instance_20365" type="identity">
      <class id="GO:0001750" label="photoreceptor outer segment"/>
      <span end="21590" id="16110338-4897" start="21576">outer segments</span>
    </annotation>
    <annotation annotator="" id="GO_CC_2016_02_16_Instance_80170" type="identity">
      <class id="GO:0044297" label="cell body"/>
      <span end="21671" id="16110338-4785" start="21665">somata</span>
    </annotation>
    <annotation annotator="Mike Bada, University of Colorado Anschutz Medical Campus" id="GO_CC_2016_02_16_test_Instance_20367" type="identity">
      <class id="GO:0001750" label="photoreceptor outer segment"/>
      <span end="21740" id="16110338-4899" start="21726">outer segments</span>
    </annotation>
    <annotation annotator="" id="GO_CC_2016_02_16_Instance_80168" type="identity">
      <class id="GO:0044297" label="cell body"/>
      <span end="21787" id="16110338-4783" start="21776">cell bodies</span>
    </annotation>
    <annotation annotator="Mike Bada, University of Colorado Anschutz Medical Campus" id="GO_CC_2016_02_16_test_Instance_31105" type="identity">
      <class id="GO:0005720" label="nuclear heterochromatin"/>
      <span end="21944" id="16110338-4955" start="21921">nuclear heterochromatin</span>
    </annotation>
    <annotation annotator="Mike Bada, University of Colorado Anschutz Medical Campus" id="GO_CC_2016_02_16_test_Instance_31107" type="identity">
      <class id="GO:0000791" label="euchromatin"/>
      <span end="22082" id="16110338-4957" start="22071">euchromatin</span>
    </annotation>
    <annotation annotator="Mike Bada, University of Colorado Anschutz Medical Campus" id="GO_CC_2016_02_16_test_Instance_20369" type="identity">
      <class id="GO:0043226" label="organelle"/>
      <span end="22143" id="16110338-4901" start="22134">organelle</span>
    </annotation>
    <annotation annotator="Mike Bada, University of Colorado Anschutz Medical Campus" id="GO_CC_2016_02_16_test_Instance_31109" type="identity">
      <class id="GO:0005737" label="cytoplasm"/>
      <span end="22158" id="16110338-4959" start="22149">cytoplasm</span>
    </annotation>
    <annotation annotator="Mike Bada, University of Colorado Anschutz Medical Campus" id="GO_CC_2016_02_16_test_Instance_20371" type="identity">
      <class id="GO:0005634" label="nucleus"/>
      <span end="22179" id="16110338-4903" start="22173">nuclei</span>
    </annotation>
    <annotation annotator="Mike Bada, University of Colorado Anschutz Medical Campus" id="GO_CC_2016_02_16_test_Instance_20373" type="identity">
      <class id="GO:0005739" label="mitochondrion"/>
      <span end="22218" id="16110338-4905" start="22206">mitochondria</span>
    </annotation>
    <annotation annotator="" id="GO_CC_2016_02_16_Instance_80172" type="identity">
      <class id="GO:0044297" label="cell body"/>
      <span end="22407" id="16110338-4787" start="22401">somata</span>
    </annotation>
    <annotation annotator="Mike Bada, University of Colorado Anschutz Medical Campus" id="GO_CC_2016_02_16_test_Instance_20377" type="identity">
      <class id="GO:0005634" label="nucleus"/>
      <span end="22655" id="16110338-4907" start="22648">nuclear</span>
    </annotation>
    <annotation annotator="" id="GO_CC_2016_02_16_Instance_80174" type="identity">
      <class id="GO:0044297" label="cell body"/>
      <span end="23064" id="16110338-4789" start="23053">cell bodies</span>
    </annotation>
    <annotation annotator="" id="GO_CC_2016_02_16_Instance_80176" type="identity">
      <class id="GO:0044297" label="cell body"/>
      <span end="23100" id="16110338-4791" start="23091">cell body</span>
    </annotation>
    <annotation annotator="" id="GO_CC_2016_02_16_Instance_80178" type="identity">
      <class id="GO:0044297" label="cell body"/>
      <span end="23124" id="16110338-4793" start="23120">soma</span>
    </annotation>
    <annotation annotator="Mike Bada, University of Colorado Anschutz Medical Campus" id="GO_CC_2016_02_16_test_Instance_31111" type="identity">
      <class id="GO:0000792" label="heterochromatin"/>
      <span end="23205" id="16110338-4961" start="23190">heterochromatin</span>
    </annotation>
    <annotation annotator="Mike Bada, University of Colorado Anschutz Medical Campus" id="GO_CC_2016_02_16_test_Instance_31113" type="identity">
      <class id="GO:0000791" label="euchromatin"/>
      <span end="23258" id="16110338-4963" start="23247">euchromatin</span>
    </annotation>
    <annotation annotator="Mike Bada, University of Colorado Anschutz Medical Campus" id="GO_CC_2016_02_16_test_Instance_21041" type="identity">
      <class id="GO:0048471" label="perinuclear region of cytoplasm"/>
      <span end="23297" id="16110338-4949" start="23275">juxtanuclear cytoplasm</span>
    </annotation>
    <annotation annotator="Mike Bada, University of Colorado Anschutz Medical Campus" id="GO_CC_2016_02_16_test_Instance_31115" type="identity">
      <class id="GO:0043226" label="organelle"/>
      <span end="23316" id="16110338-4965" start="23306">organelles</span>
    </annotation>
    <annotation annotator="Mike Bada, University of Colorado Anschutz Medical Campus" id="GO_CC_2016_02_16_test_Instance_20385" type="identity">
      <class id="GO:0005634" label="nucleus"/>
      <span end="23405" id="16110338-4909" start="23398">nuclear</span>
    </annotation>
    <annotation annotator="Mike Bada, University of Colorado Anschutz Medical Campus" id="GO_CC_2016_02_16_test_Instance_31117" type="identity">
      <class id="GO:0000792" label="heterochromatin"/>
      <span end="23478" id="16110338-4967" start="23463">heterochromatin</span>
    </annotation>
    <annotation annotator="Mike Bada, University of Colorado Anschutz Medical Campus" id="GO_CC_2016_02_16_test_Instance_31119" type="identity">
      <class id="GO:0000791" label="euchromatin"/>
      <span end="23520" id="16110338-4969" start="23509">euchromatin</span>
    </annotation>
    <annotation annotator="Mike Bada, University of Colorado Anschutz Medical Campus" id="GO_CC_2016_02_16_test_Instance_31121" type="identity">
      <class id="GO:0000791" label="euchromatin"/>
      <span end="23601" id="16110338-4971" start="23590">euchromatin</span>
    </annotation>
    <annotation annotator="" id="GO_CC_2016_02_16_Instance_80180" type="identity">
      <class id="GO:0044297" label="cell body"/>
      <span end="24019" id="16110338-4795" start="24008">cell bodies</span>
    </annotation>
    <annotation annotator="" id="GO_CC_2016_02_16_Instance_80182" type="identity">
      <class id="GO:0044297" label="cell body"/>
      <span end="24131" id="16110338-4797" start="24125">somata</span>
    </annotation>
    <annotation annotator="" id="GO_CC_2016_02_16_Instance_80184" type="identity">
      <class id="GO:0044297" label="cell body"/>
      <span end="24200" id="16110338-4799" start="24194">somata</span>
    </annotation>
    <annotation annotator="" id="GO_CC_2016_02_16_Instance_80186" type="identity">
      <class id="GO:0044297" label="cell body"/>
      <span end="24415" id="16110338-4801" start="24410">somal</span>
    </annotation>
    <annotation annotator="" id="GO_CC_2016_02_16_Instance_80188" type="identity">
      <class id="GO:0044297" label="cell body"/>
      <span end="24540" id="16110338-4803" start="24535">somal</span>
    </annotation>
    <annotation annotator="" id="GO_CC_2016_02_16_Instance_80190" type="identity">
      <class id="GO:0044297" label="cell body"/>
      <span end="24689" id="16110338-4805" start="24684">somal</span>
    </annotation>
    <annotation annotator="" id="GO_CC_2016_02_16_Instance_80192" type="identity">
      <class id="GO:0005634" label="nucleus"/>
      <span end="24734" id="16110338-4807" start="24727">nuclear</span>
    </annotation>
    <annotation annotator="Mike Bada, University of Colorado Anschutz Medical Campus" id="GO_CC_2016_02_16_test_Instance_20397" type="identity">
      <class id="GO:0005739" label="mitochondrion"/>
      <span end="24747" id="16110338-4911" start="24735">mitochondria</span>
    </annotation>
    <annotation annotator="" id="GO_CC_2016_02_16_Instance_80194" type="identity">
      <class id="GO:0005634" label="nucleus"/>
      <span end="24809" id="16110338-4809" start="24802">nuclear</span>
    </annotation>
    <annotation annotator="Mike Bada, University of Colorado Anschutz Medical Campus" id="GO_CC_2016_02_16_test_Instance_31123" type="identity">
      <class id="GO:0043226" label="organelle"/>
      <span end="24820" id="16110338-4973" start="24810">organelles</span>
    </annotation>
    <annotation annotator="" id="GO_CC_2016_02_16_Instance_80234" type="identity">
      <class id="GO:0044297" label="cell body"/>
      <span end="27861" id="16110338-4849" start="27850">cell bodies</span>
    </annotation>
    <annotation annotator="" id="GO_CC_2016_02_16_Instance_80196" type="identity">
      <class id="GO:0042571" label="immunoglobulin complex, circulating"/>
      <span end="28042" id="16110338-4811" start="28034">antibody</span>
    </annotation>
    <annotation annotator="Mike Bada, University of Colorado Anschutz Medical Campus" id="GO_CC_2016_02_16_test_Instance_20403" type="identity">
      <class id="GO:0005634" label="nucleus"/>
      <span end="41832" id="16110338-4913" start="41826">nuclei</span>
    </annotation>
    <annotation annotator="" id="GO_CC_2016_02_16_Instance_80198" type="identity">
      <class id="GO:0042571" label="immunoglobulin complex, circulating"/>
      <span end="48668" id="16110338-4813" start="48660">antibody</span>
    </annotation>
    <annotation annotator="" id="GO_CC_2016_02_16_Instance_80200" type="identity">
      <class id="GO:0042571" label="immunoglobulin complex, circulating"/>
      <span end="48766" id="16110338-4815" start="48756">antibodies</span>
    </annotation>
    <annotation annotator="" id="GO_CC_2016_02_16_Instance_80202" type="identity">
      <class id="GO:0042571" label="immunoglobulin complex, circulating"/>
      <span end="48975" id="16110338-4817" start="48965">antibodies</span>
    </annotation>
    <annotation annotator="" id="GO_CC_2016_02_16_Instance_80204" type="identity">
      <class id="GO:0042571" label="immunoglobulin complex, circulating"/>
      <span end="49133" id="16110338-4819" start="49125">antibody</span>
    </annotation>
    <annotation annotator="Mike Bada, University of Colorado Anschutz Medical Campus" id="GO_CC_2016_02_16_test_Instance_20413" type="identity">
      <class id="GO:0005634" label="nucleus"/>
      <span end="49179" id="16110338-4915" start="49173">nuclei</span>
    </annotation>
    <annotation annotator="" id="GO_CC_2016_02_16_Instance_80206" type="identity">
      <class id="GO:0044297" label="cell body"/>
      <span end="51765" id="16110338-4821" start="51754">cell bodies</span>
    </annotation>
    <annotation annotator="" id="GO_CC_2016_02_16_Instance_80212" type="identity">
      <class id="GO:0044297" label="cell body"/>
      <span end="52094" id="16110338-4827" start="52083">cell bodies</span>
    </annotation>
    <annotation annotator="" id="GO_CC_2016_02_16_Instance_80208" type="identity">
      <class id="GO:0044297" label="cell body"/>
      <span end="52153" id="16110338-4823" start="52142">cell bodies</span>
    </annotation>
    <annotation annotator="Mike Bada, University of Colorado Anschutz Medical Campus" id="GO_CC_2016_02_16_test_Instance_21029" type="identity">
      <class id="GO:0005886" label="plasma membrane"/>
      <span end="52396" id="16110338-4947" start="52382">cell membranes</span>
    </annotation>
    <annotation annotator="" id="GO_CC_2016_02_16_Instance_80214" type="identity">
      <class id="GO:0005634" label="nucleus"/>
      <span end="52824" id="16110338-4829" start="52817">nuclear</span>
    </annotation>
    <annotation annotator="Mike Bada, University of Colorado Anschutz Medical Campus" id="GO_CC_2016_02_16_test_Instance_20421" type="identity">
      <class id="GO:0005739" label="mitochondrion"/>
      <span end="52837" id="16110338-4917" start="52825">mitochondria</span>
    </annotation>
    <annotation annotator="" id="GO_CC_2016_02_16_Instance_80216" type="identity">
      <class id="GO:0005634" label="nucleus"/>
      <span end="52931" id="16110338-4831" start="52924">nuclear</span>
    </annotation>
    <annotation annotator="Mike Bada, University of Colorado Anschutz Medical Campus" id="GO_CC_2016_02_16_test_Instance_31125" type="identity">
      <class id="GO:0043226" label="organelle"/>
      <span end="52942" id="16110338-4975" start="52932">organelles</span>
    </annotation>
    <annotation annotator="" id="GO_CC_2016_02_16_Instance_80218" type="identity">
      <class id="GO:0005634" label="nucleus"/>
      <span end="53016" id="16110338-4833" start="53009">nuclear</span>
    </annotation>
    <annotation annotator="Mike Bada, University of Colorado Anschutz Medical Campus" id="GO_CC_2016_02_16_test_Instance_31127" type="identity">
      <class id="GO:0043226" label="organelle"/>
      <span end="53026" id="16110338-4977" start="53017">organelle</span>
    </annotation>
    <annotation annotator="" id="GO_CC_2016_02_16_Instance_80220" type="identity">
      <class id="GO:0005634" label="nucleus"/>
      <span end="53102" id="16110338-4835" start="53095">nuclear</span>
    </annotation>
    <annotation annotator="Mike Bada, University of Colorado Anschutz Medical Campus" id="GO_CC_2016_02_16_test_Instance_20423" type="identity">
      <class id="GO:0005739" label="mitochondrion"/>
      <span end="53115" id="16110338-4919" start="53103">mitochondria</span>
    </annotation>
    <annotation annotator="" id="GO_CC_2016_02_16_Instance_80210" type="identity">
      <class id="GO:0044297" label="cell body"/>
      <span end="53197" id="16110338-4825" start="53186">cell bodies</span>
    </annotation>
    <annotation annotator="" id="GO_CC_2016_02_16_Instance_80244" type="identity">
      <class id="GO:0005634" label="nucleus"/>
      <span end="60091" id="16110338-4859" start="60084">nuclear</span>
    </annotation>
    <annotation annotator="" id="GO_CC_2016_02_16_Instance_80246" type="identity">
      <class id="GO:0005634" label="nucleus"/>
      <span end="60118" id="16110338-4861" start="60111">nuclear</span>
    </annotation>
    <annotation annotator="Mike Bada, University of Colorado Anschutz Medical Campus" id="GO_CC_2016_02_16_test_Instance_20555" type="identity">
      <class id="GO:0001917" label="photoreceptor inner segment"/>
      <span end="63182" id="16110338-4945" start="63180">IS</span>
    </annotation>
    <annotation annotator="Mike Bada, University of Colorado Anschutz Medical Campus" id="GO_CC_2016_02_16_test_Instance_20553" type="identity">
      <class id="GO:0001917" label="photoreceptor inner segment"/>
      <span end="63189" id="16110338-4942" start="63184">inner</span>
      <span end="63202" id="16110338-4943" start="63195">segment</span>
    </annotation>
    <annotation annotator="" id="GO_CC_2016_02_16_Instance_80222" type="identity">
      <class id="GO:0042571" label="immunoglobulin complex, circulating"/>
      <span end="64015" id="16110338-4837" start="64007">Antibody</span>
    </annotation>
    <annotation annotator="" id="GO_CC_2016_02_16_Instance_80248" type="identity">
      <class id="GO:0005634" label="nucleus"/>
      <span end="64241" id="16110338-4863" start="64234">nuclear</span>
    </annotation>
    <annotation annotator="" id="GO_CC_2016_02_16_Instance_80224" type="identity">
      <class id="GO:0042571" label="immunoglobulin complex, circulating"/>
      <span end="64291" id="16110338-4839" start="64283">antibody</span>
    </annotation>
    <annotation annotator="" id="GO_CC_2016_02_16_Instance_80250" type="identity">
      <class id="GO:0005634" label="nucleus"/>
      <span end="64370" id="16110338-4865" start="64363">nuclear</span>
    </annotation>
    <annotation annotator="Mike Bada, University of Colorado Anschutz Medical Campus" id="GO_CC_2016_02_16_test_Instance_20431" type="identity">
      <class id="GO:0001750" label="photoreceptor outer segment"/>
      <span end="64491" id="16110338-4921" start="64477">outer segments</span>
    </annotation>
    <annotation annotator="" id="GO_CC_2016_02_16_Instance_80252" type="identity">
      <class id="GO:0005634" label="nucleus"/>
      <span end="64753" id="16110338-4867" start="64746">nuclear</span>
    </annotation>
    <annotation annotator="Mike Bada, University of Colorado Anschutz Medical Campus" id="GO_CC_2016_02_16_test_Instance_20433" type="identity">
      <class id="GO:0001917" label="photoreceptor inner segment"/>
      <span end="64927" id="16110338-4923" start="64911">inner segment of</span>
      <span end="64946" id="16110338-4924" start="64932">photoreceptors</span>
    </annotation>
    <annotation annotator="" id="GO_CC_2016_02_16_Instance_80254" type="identity">
      <class id="GO:0005634" label="nucleus"/>
      <span end="66395" id="16110338-4869" start="66388">nuclear</span>
    </annotation>
    <annotation annotator="Mike Bada, University of Colorado Anschutz Medical Campus" id="GO_CC_2016_02_16_test_Instance_20435" type="identity">
      <class id="GO:0005634" label="nucleus"/>
      <span end="66526" id="16110338-4926" start="66519">nuclear</span>
    </annotation>
    <annotation annotator="" id="GO_CC_2016_02_16_Instance_80226" type="identity">
      <class id="GO:0044297" label="cell body"/>
      <span end="66652" id="16110338-4841" start="66641">cell bodies</span>
    </annotation>
    <annotation annotator="" id="GO_CC_2016_02_16_Instance_80256" type="identity">
      <class id="GO:0005634" label="nucleus"/>
      <span end="66695" id="16110338-4871" start="66688">nuclear</span>
    </annotation>
    <annotation annotator="" id="GO_CC_2016_02_16_Instance_80258" type="identity">
      <class id="GO:0005634" label="nucleus"/>
      <span end="66770" id="16110338-4873" start="66763">nuclear</span>
    </annotation>
    <annotation annotator="" id="GO_CC_2016_02_16_Instance_80260" type="identity">
      <class id="GO:0005634" label="nucleus"/>
      <span end="67028" id="16110338-4875" start="67021">nuclear</span>
    </annotation>
    <annotation annotator="" id="GO_CC_2016_02_16_Instance_80262" type="identity">
      <class id="GO:0005634" label="nucleus"/>
      <span end="67176" id="16110338-4877" start="67169">nuclear</span>
    </annotation>
    <annotation annotator="" id="GO_CC_2016_02_16_Instance_80264" type="identity">
      <class id="GO:0005634" label="nucleus"/>
      <span end="67304" id="16110338-4879" start="67297">nuclear</span>
    </annotation>
    <annotation annotator="" id="GO_CC_2016_02_16_Instance_80266" type="identity">
      <class id="GO:0005634" label="nucleus"/>
      <span end="67586" id="16110338-4881" start="67579">nuclear</span>
    </annotation>
    <annotation annotator="" id="GO_CC_2016_02_16_Instance_80232" type="identity">
      <class id="GO:0044297" label="cell body"/>
      <span end="67666" id="16110338-4847" start="67655">cell bodies</span>
    </annotation>
    <annotation annotator="" id="GO_CC_2016_02_16_Instance_80228" type="identity">
      <class id="GO:0044297" label="cell body"/>
      <span end="67704" id="16110338-4843" start="67693">cell bodies</span>
    </annotation>
    <annotation annotator="Mike Bada, University of Colorado Anschutz Medical Campus" id="GO_CC_2016_02_16_test_Instance_20443" type="identity">
      <class id="GO:0005634" label="nucleus"/>
      <span end="67765" id="16110338-4928" start="67758">nucleus</span>
    </annotation>
    <annotation annotator="Mike Bada, University of Colorado Anschutz Medical Campus" id="GO_CC_2016_02_16_test_Instance_20445" type="identity">
      <class id="GO:0000792" label="heterochromatin"/>
      <span end="67810" id="16110338-4930" start="67795">heterochromatin</span>
    </annotation>
    <annotation annotator="Mike Bada, University of Colorado Anschutz Medical Campus" id="GO_CC_2016_02_16_test_Instance_20447" type="identity">
      <class id="GO:0000792" label="heterochromatin"/>
      <span end="67919" id="16110338-4932" start="67904">heterochromatin</span>
    </annotation>
    <annotation annotator="Mike Bada, University of Colorado Anschutz Medical Campus" id="GO_CC_2016_02_16_test_Instance_20449" type="identity">
      <class id="GO:0000791" label="euchromatin"/>
      <span end="67938" id="16110338-4934" start="67927">euchromatin</span>
    </annotation>
    <annotation annotator="" id="GO_CC_2016_02_16_Instance_80236" type="identity">
      <class id="GO:0005634" label="nucleus"/>
      <span end="67960" id="16110338-4851" start="67953">nuclear</span>
    </annotation>
    <annotation annotator="Mike Bada, University of Colorado Anschutz Medical Campus" id="GO_CC_2016_02_16_test_Instance_20451" type="identity">
      <class id="GO:0005739" label="mitochondrion"/>
      <span end="67973" id="16110338-4936" start="67961">mitochondria</span>
    </annotation>
    <annotation annotator="" id="GO_CC_2016_02_16_Instance_80230" type="identity">
      <class id="GO:0044297" label="cell body"/>
      <span end="68024" id="16110338-4845" start="68015">cell body</span>
    </annotation>
    <annotation annotator="Mike Bada, University of Colorado Anschutz Medical Campus" id="GO_CC_2016_02_16_test_Instance_20455" type="identity">
      <class id="GO:0000792" label="heterochromatin"/>
      <span end="68090" id="16110338-4938" start="68075">heterochromatin</span>
    </annotation>
    <annotation annotator="" id="GO_CC_2016_02_16_Instance_80238" type="identity">
      <class id="GO:0005634" label="nucleus"/>
      <span end="68116" id="16110338-4853" start="68109">nuclear</span>
    </annotation>
    <annotation annotator="Mike Bada, University of Colorado Anschutz Medical Campus" id="GO_CC_2016_02_16_test_Instance_20457" type="identity">
      <class id="GO:0005739" label="mitochondrion"/>
      <span end="68130" id="16110338-4940" start="68117">mitochondrion</span>
    </annotation>
    <graph-space id="Old Knowtator Relations"/>
  </document>
</knowtator-project>
