<?xml version="1.0" encoding="UTF-8" standalone="no"?>
<knowtator-project>
  <document id="16121255" text-file="16121255.txt">
    <annotation annotator="Mike Bada, University of Colorado Anschutz Medical Campus" id="GO_CC_2016_02_16_test_Instance_31129" type="identity">
      <class id="GO:0005783" label="endoplasmic reticulum"/>
      <span end="1267" id="16121255-5205" start="1246">endoplasmic reticulum</span>
    </annotation>
    <annotation annotator="Mike Bada, University of Colorado Anschutz Medical Campus" id="GO_CC_2016_02_16_test_Instance_20477" type="identity">
      <class id="GO:0009986" label="cell surface"/>
      <span end="1845" id="16121255-5045" start="1835">surface of</span>
      <span end="1858" id="16121255-5046" start="1853">cells</span>
    </annotation>
    <annotation annotator="Mike Bada, University of Colorado Anschutz Medical Campus" id="GO_CC_2016_02_16_test_Instance_20479" type="identity">
      <class id="GO:0009986" label="cell surface"/>
      <span end="2064" id="16121255-5048" start="2054">surface of</span>
      <span end="2080" id="16121255-5049" start="2076">cell</span>
    </annotation>
    <annotation annotator="Mike Bada, University of Colorado Anschutz Medical Campus" id="GO_CC_2016_02_16_test_Instance_20481" type="identity">
      <class id="GO:0000805" label="X chromosome"/>
      <span end="3289" id="16121255-5051" start="3288">X</span>
    </annotation>
    <annotation annotator="Mike Bada, University of Colorado Anschutz Medical Campus" id="GO_CC_2016_02_16_test_Instance_20485" type="identity">
      <class id="GO:0030849" label="autosome"/>
      <span end="3361" id="16121255-5053" start="3352">autosomal</span>
    </annotation>
    <annotation annotator="Mike Bada, University of Colorado Anschutz Medical Campus" id="GO_CC_2016_02_16_test_Instance_31131" type="identity">
      <class id="GO:0005886" label="plasma membrane"/>
      <span end="3644" id="16121255-5207" start="3629">plasma membrane</span>
    </annotation>
    <annotation annotator="Mike Bada, University of Colorado Anschutz Medical Campus" id="GO_CC_2016_02_16_test_Instance_20489" type="identity">
      <class id="GO:0005886" label="plasma membrane"/>
      <span end="3648" id="16121255-5055" start="3646">PM</span>
    </annotation>
    <annotation annotator="Mike Bada, University of Colorado Anschutz Medical Campus" id="GO_CC_2016_02_16_test_Instance_31133" type="identity">
      <class id="GO:0005886" label="plasma membrane"/>
      <span end="3907" id="16121255-5209" start="3892">plasma membrane</span>
    </annotation>
    <annotation annotator="Mike Bada, University of Colorado Anschutz Medical Campus" id="GO_CC_2016_02_16_test_Instance_21051" type="identity">
      <class id="GO:0044459" label="plasma membrane part"/>
      <span end="4000" id="16121255-5196" start="3990">regions of</span>
      <span end="4007" id="16121255-5197" start="4005">PM</span>
    </annotation>
    <annotation annotator="Mike Bada, University of Colorado Anschutz Medical Campus" id="GO_CC_2016_02_16_test_Instance_20531" type="identity">
      <class id="GO:0016324" label="apical plasma membrane"/>
      <span end="4068" id="16121255-5057" start="4044">apical membrane of cells</span>
    </annotation>
    <annotation annotator="" id="GO_CC_2016_02_16_Instance_80282" type="identity">
      <class id="GO:1990794" label="basolateral part of cell"/>
      <span end="4177" id="16121255-4992" start="4161">basolateral face</span>
    </annotation>
    <annotation annotator="Mike Bada, University of Colorado Anschutz Medical Campus" id="GO_CC_2016_02_16_test_Instance_31135" type="identity">
      <class id="GO:0005886" label="plasma membrane"/>
      <span end="4272" id="16121255-5211" start="4257">plasma membrane</span>
    </annotation>
    <annotation annotator="" id="GO_CC_2016_02_16_Instance_80274" type="identity">
      <class id="GO:0016324" label="apical plasma membrane"/>
      <span end="4330" id="16121255-4990" start="4324">apical</span>
    </annotation>
    <annotation annotator="Mike Bada, University of Colorado Anschutz Medical Campus" id="GO_CC_2016_02_16_test_Instance_31137" type="identity">
      <class id="GO:0005622" label="intracellular"/>
      <span end="4344" id="16121255-5213" start="4331">intracellular</span>
    </annotation>
    <annotation annotator="Mike Bada, University of Colorado Anschutz Medical Campus" id="GO_CC_2016_02_16_test_Instance_31139" type="identity">
      <class id="GO:0031982" label="vesicle"/>
      <span end="4353" id="16121255-5215" start="4345">vesicles</span>
    </annotation>
    <annotation annotator="Mike Bada, University of Colorado Anschutz Medical Campus" id="GO_CC_2016_02_16_test_Instance_20533" type="identity">
      <class id="GO:0016324" label="apical plasma membrane"/>
      <span end="4447" id="16121255-5059" start="4432">apical membrane</span>
    </annotation>
    <annotation annotator="" id="GO_CC_2016_02_16_Instance_80284" type="identity">
      <class id="GO:1990794" label="basolateral part of cell"/>
      <span end="4570" id="16121255-4994" start="4551">basolateral face of</span>
      <span end="4596" id="16121255-4995" start="4591">cells</span>
    </annotation>
    <annotation annotator="Mike Bada, University of Colorado Anschutz Medical Campus" id="GO_CC_2016_02_16_test_Instance_31141" type="identity">
      <class id="GO:0005622" label="intracellular"/>
      <span end="4632" id="16121255-5217" start="4619">intracellular</span>
    </annotation>
    <annotation annotator="Mike Bada, University of Colorado Anschutz Medical Campus" id="GO_CC_2016_02_16_test_Instance_31143" type="identity">
      <class id="GO:0005886" label="plasma membrane"/>
      <span end="4783" id="16121255-5219" start="4768">plasma membrane</span>
    </annotation>
    <annotation annotator="Mike Bada, University of Colorado Anschutz Medical Campus" id="GO_CC_2016_02_16_test_Instance_20535" type="identity">
      <class id="GO:0016323" label="basolateral plasma membrane"/>
      <span end="5262" id="16121255-5061" start="5242">basolateral membrane</span>
    </annotation>
    <annotation annotator="Mike Bada, University of Colorado Anschutz Medical Campus" id="GO_CC_2016_02_16_test_Instance_31145" type="identity">
      <class id="GO:0005783" label="endoplasmic reticulum"/>
      <span end="6482" id="16121255-5221" start="6461">endoplasmic reticulum</span>
    </annotation>
    <annotation annotator="Mike Bada, University of Colorado Anschutz Medical Campus" id="GO_CC_2016_02_16_test_Instance_20537" type="identity">
      <class id="GO:0030849" label="autosome"/>
      <span end="6601" id="16121255-5063" start="6592">autosomal</span>
    </annotation>
    <annotation annotator="Mike Bada, University of Colorado Anschutz Medical Campus" id="GO_CC_2016_02_16_test_Instance_20539" type="identity">
      <class id="GO:0030849" label="autosome"/>
      <span end="7176" id="16121255-5065" start="7167">autosomal</span>
    </annotation>
    <annotation annotator="" id="GO_CC_2016_02_16_Instance_80286" type="identity">
      <class id="GO:0016020" label="membrane"/>
      <span end="7482" id="16121255-4997" start="7474">membrane</span>
    </annotation>
    <annotation annotator="Mike Bada, University of Colorado Anschutz Medical Campus" id="GO_CC_2016_02_16_test_Instance_20541" type="identity">
      <class id="GO:0005576" label="extracellular region"/>
      <span end="7534" id="16121255-5067" start="7521">extracellular</span>
    </annotation>
    <annotation annotator="Mike Bada, University of Colorado Anschutz Medical Campus" id="GO_CC_2016_02_16_test_Instance_31147" type="identity">
      <class id="GO:0016020" label="membrane"/>
      <span end="7561" id="16121255-5223" start="7553">membrane</span>
    </annotation>
    <annotation annotator="Mike Bada, University of Colorado Anschutz Medical Campus" id="GO_CC_2016_02_16_test_Instance_20951" type="identity">
      <class id="GO:0016020" label="membrane"/>
      <span end="7648" id="16121255-5190" start="7640">membrane</span>
    </annotation>
    <annotation annotator="Mike Bada, University of Colorado Anschutz Medical Campus" id="GO_CC_2016_02_16_test_Instance_20543" type="identity">
      <class id="GO:0045177" label="apical part of cell"/>
      <span end="12729" id="16121255-5069" start="12723">apical</span>
    </annotation>
    <annotation annotator="Mike Bada, University of Colorado Anschutz Medical Campus" id="GO_CC_2016_02_16_test_Instance_31149" type="identity">
      <class id="GO:0009986" label="cell surface"/>
      <span end="12742" id="16121255-5225" start="12730">cell surface</span>
    </annotation>
    <annotation annotator="Mike Bada, University of Colorado Anschutz Medical Campus" id="GO_CC_2016_02_16_test_Instance_31151" type="identity">
      <class id="GO:0031982" label="vesicle"/>
      <span end="13038" id="16121255-5227" start="13030">vesicles</span>
    </annotation>
    <annotation annotator="Mike Bada, University of Colorado Anschutz Medical Campus" id="GO_CC_2016_02_16_test_Instance_31153" type="identity">
      <class id="GO:0005783" label="endoplasmic reticulum"/>
      <span end="13093" id="16121255-5229" start="13072">endoplasmic reticulum</span>
    </annotation>
    <annotation annotator="Mike Bada, University of Colorado Anschutz Medical Campus" id="GO_CC_2016_02_16_test_Instance_20545" type="identity">
      <class id="GO:0005783" label="endoplasmic reticulum"/>
      <span end="13097" id="16121255-5071" start="13095">ER</span>
    </annotation>
    <annotation annotator="" id="GO_CC_2016_02_16_Instance_80290" type="identity">
      <class id="GO:0016324" label="apical plasma membrane"/>
      <span end="13304" id="16121255-4999" start="13298">apical</span>
    </annotation>
    <annotation annotator="Mike Bada, University of Colorado Anschutz Medical Campus" id="GO_CC_2016_02_16_test_Instance_21055" type="identity">
      <class id="GO:0044464" label="cell part"/>
      <span end="13314" id="16121255-5199" start="13305">region of</span>
      <span end="13336" id="16121255-5200" start="13331">cells</span>
    </annotation>
    <annotation annotator="Mike Bada, University of Colorado Anschutz Medical Campus" id="GO_CC_2016_02_16_test_Instance_31155" type="identity">
      <class id="GO:0009986" label="cell surface"/>
      <span end="13441" id="16121255-5231" start="13429">cell surface</span>
    </annotation>
    <annotation annotator="" id="GO_CC_2016_02_16_Instance_80292" type="identity">
      <class id="GO:1990794" label="basolateral part of cell"/>
      <span end="13668" id="16121255-5001" start="13657">basolateral</span>
    </annotation>
    <annotation annotator="Mike Bada, University of Colorado Anschutz Medical Campus" id="GO_CC_2016_02_16_test_Instance_20547" type="identity">
      <class id="GO:0009986" label="cell surface"/>
      <span end="13676" id="16121255-5073" start="13669">surface</span>
    </annotation>
    <annotation annotator="Mike Bada, University of Colorado Anschutz Medical Campus" id="GO_CC_2016_02_16_test_Instance_31157" type="identity">
      <class id="GO:0009986" label="cell surface"/>
      <span end="13772" id="16121255-5233" start="13760">cell surface</span>
    </annotation>
    <annotation annotator="" id="GO_CC_2016_02_16_Instance_80294" type="identity">
      <class id="GO:0016324" label="apical plasma membrane"/>
      <span end="14652" id="16121255-5003" start="14646">apical</span>
    </annotation>
    <annotation annotator="Mike Bada, University of Colorado Anschutz Medical Campus" id="GO_CC_2016_02_16_test_Instance_20549" type="identity">
      <class id="GO:0031982" label="vesicle"/>
      <span end="14728" id="16121255-5075" start="14719">vesicular</span>
    </annotation>
    <annotation annotator="" id="GO_CC_2016_02_16_Instance_101499" type="identity">
      <class id="GO:0005634" label="nucleus"/>
      <span end="14820" id="16121255-4980" start="14813">nuclear</span>
    </annotation>
    <annotation annotator="Mike Bada, University of Colorado Anschutz Medical Campus" id="GO_CC_2016_02_16_test_Instance_20559" type="identity">
      <class id="GO:0045177" label="apical part of cell"/>
      <span end="14973" id="16121255-5077" start="14967">apical</span>
    </annotation>
    <annotation annotator="Mike Bada, University of Colorado Anschutz Medical Campus" id="GO_CC_2016_02_16_test_Instance_20561" type="identity">
      <class id="GO:0009986" label="cell surface"/>
      <span end="14984" id="16121255-5079" start="14974">surface of</span>
      <span end="15005" id="16121255-5080" start="15000">cells</span>
    </annotation>
    <annotation annotator="" id="GO_CC_2016_02_16_Instance_101501" type="identity">
      <class id="GO:0005634" label="nucleus"/>
      <span end="15067" id="16121255-4982" start="15060">nuclear</span>
    </annotation>
    <annotation annotator="" id="GO_CC_2016_02_16_Instance_101503" type="identity">
      <class id="GO:0005634" label="nucleus"/>
      <span end="15222" id="16121255-4984" start="15215">nuclear</span>
    </annotation>
    <annotation annotator="Mike Bada, University of Colorado Anschutz Medical Campus" id="GO_CC_2016_02_16_test_Instance_20567" type="identity">
      <class id="GO:0005783" label="endoplasmic reticulum"/>
      <span end="15274" id="16121255-5082" start="15272">ER</span>
    </annotation>
    <annotation annotator="Mike Bada, University of Colorado Anschutz Medical Campus" id="GO_CC_2016_02_16_test_Instance_20569" type="identity">
      <class id="GO:0005783" label="endoplasmic reticulum"/>
      <span end="15349" id="16121255-5084" start="15347">ER</span>
    </annotation>
    <annotation annotator="Mike Bada, University of Colorado Anschutz Medical Campus" id="GO_CC_2016_02_16_test_Instance_20571" type="identity">
      <class id="GO:0005783" label="endoplasmic reticulum"/>
      <span end="15423" id="16121255-5086" start="15421">ER</span>
    </annotation>
    <annotation annotator="Mike Bada, University of Colorado Anschutz Medical Campus" id="GO_CC_2016_02_16_test_Instance_20573" type="identity">
      <class id="GO:0005783" label="endoplasmic reticulum"/>
      <span end="15650" id="16121255-5088" start="15648">ER</span>
    </annotation>
    <annotation annotator="Mike Bada, University of Colorado Anschutz Medical Campus" id="GO_CC_2016_02_16_test_Instance_20575" type="identity">
      <class id="GO:0005783" label="endoplasmic reticulum"/>
      <span end="15721" id="16121255-5090" start="15719">ER</span>
    </annotation>
    <annotation annotator="Mike Bada, University of Colorado Anschutz Medical Campus" id="GO_CC_2016_02_16_test_Instance_20577" type="identity">
      <class id="GO:0005783" label="endoplasmic reticulum"/>
      <span end="15731" id="16121255-5092" start="15729">ER</span>
    </annotation>
    <annotation annotator="Mike Bada, University of Colorado Anschutz Medical Campus" id="GO_CC_2016_02_16_test_Instance_20579" type="identity">
      <class id="GO:0045177" label="apical part of cell"/>
      <span end="16474" id="16121255-5094" start="16468">apical</span>
    </annotation>
    <annotation annotator="Mike Bada, University of Colorado Anschutz Medical Campus" id="GO_CC_2016_02_16_test_Instance_31159" type="identity">
      <class id="GO:0009986" label="cell surface"/>
      <span end="16487" id="16121255-5235" start="16475">cell surface</span>
    </annotation>
    <annotation annotator="Mike Bada, University of Colorado Anschutz Medical Campus" id="GO_CC_2016_02_16_test_Instance_31161" type="identity">
      <class id="GO:0009986" label="cell surface"/>
      <span end="16908" id="16121255-5237" start="16896">cell surface</span>
    </annotation>
    <annotation annotator="" id="GO_CC_2016_02_16_Instance_80298" type="identity">
      <class id="GO:0042571" label="immunoglobulin complex, circulating"/>
      <span end="17566" id="16121255-5005" start="17556">Antibodies</span>
    </annotation>
    <annotation annotator="Mike Bada, University of Colorado Anschutz Medical Campus" id="GO_CC_2016_02_16_test_Instance_31163" type="identity">
      <class id="GO:0016020" label="membrane"/>
      <span end="17837" id="16121255-5239" start="17828">membranes</span>
    </annotation>
    <annotation annotator="Mike Bada, University of Colorado Anschutz Medical Campus" id="GO_CC_2016_02_16_test_Instance_20583" type="identity">
      <class id="GO:0045177" label="apical part of cell"/>
      <span end="18332" id="16121255-5096" start="18326">apical</span>
    </annotation>
    <annotation annotator="Mike Bada, University of Colorado Anschutz Medical Campus" id="GO_CC_2016_02_16_test_Instance_20585" type="identity">
      <class id="GO:0009986" label="cell surface"/>
      <span end="18340" id="16121255-5098" start="18333">surface</span>
    </annotation>
    <annotation annotator="Mike Bada, University of Colorado Anschutz Medical Campus" id="GO_CC_2016_02_16_test_Instance_20587" type="identity">
      <class id="GO:0005737" label="cytoplasm"/>
      <span end="18625" id="16121255-5100" start="18614">cytoplasmic</span>
    </annotation>
    <annotation annotator="Mike Bada, University of Colorado Anschutz Medical Campus" id="GO_CC_2016_02_16_test_Instance_20589" type="identity">
      <class id="GO:0045177" label="apical part of cell"/>
      <span end="18759" id="16121255-5102" start="18753">apical</span>
    </annotation>
    <annotation annotator="Mike Bada, University of Colorado Anschutz Medical Campus" id="GO_CC_2016_02_16_test_Instance_20591" type="identity">
      <class id="GO:0009986" label="cell surface"/>
      <span end="18767" id="16121255-5104" start="18760">surface</span>
    </annotation>
    <annotation annotator="Mike Bada, University of Colorado Anschutz Medical Campus" id="GO_CC_2016_02_16_test_Instance_20593" type="identity">
      <class id="GO:0045177" label="apical part of cell"/>
      <span end="19029" id="16121255-5106" start="19023">apical</span>
    </annotation>
    <annotation annotator="Mike Bada, University of Colorado Anschutz Medical Campus" id="GO_CC_2016_02_16_test_Instance_20595" type="identity">
      <class id="GO:0045177" label="apical part of cell"/>
      <span end="19259" id="16121255-5108" start="19253">apical</span>
    </annotation>
    <annotation annotator="Mike Bada, University of Colorado Anschutz Medical Campus" id="GO_CC_2016_02_16_test_Instance_20597" type="identity">
      <class id="GO:0045177" label="apical part of cell"/>
      <span end="19383" id="16121255-5110" start="19377">apical</span>
    </annotation>
    <annotation annotator="Mike Bada, University of Colorado Anschutz Medical Campus" id="GO_CC_2016_02_16_test_Instance_20599" type="identity">
      <class id="GO:0009986" label="cell surface"/>
      <span end="19391" id="16121255-5112" start="19384">surface</span>
    </annotation>
    <annotation annotator="Mike Bada, University of Colorado Anschutz Medical Campus" id="GO_CC_2016_02_16_test_Instance_20601" type="identity">
      <class id="GO:0045177" label="apical part of cell"/>
      <span end="19462" id="16121255-5114" start="19456">apical</span>
    </annotation>
    <annotation annotator="Mike Bada, University of Colorado Anschutz Medical Campus" id="GO_CC_2016_02_16_test_Instance_20603" type="identity">
      <class id="GO:0009986" label="cell surface"/>
      <span end="19642" id="16121255-5116" start="19635">surface</span>
    </annotation>
    <annotation annotator="Mike Bada, University of Colorado Anschutz Medical Campus" id="GO_CC_2016_02_16_test_Instance_20605" type="identity">
      <class id="GO:0009986" label="cell surface"/>
      <span end="19914" id="16121255-5118" start="19907">surface</span>
    </annotation>
    <annotation annotator="Mike Bada, University of Colorado Anschutz Medical Campus" id="GO_CC_2016_02_16_test_Instance_31165" type="identity">
      <class id="GO:0009986" label="cell surface"/>
      <span end="19953" id="16121255-5241" start="19941">cell surface</span>
    </annotation>
    <annotation annotator="Mike Bada, University of Colorado Anschutz Medical Campus" id="GO_CC_2016_02_16_test_Instance_31167" type="identity">
      <class id="GO:0009986" label="cell surface"/>
      <span end="20062" id="16121255-5243" start="20050">cell surface</span>
    </annotation>
    <annotation annotator="Mike Bada, University of Colorado Anschutz Medical Campus" id="GO_CC_2016_02_16_test_Instance_20607" type="identity">
      <class id="GO:0000805" label="X chromosome"/>
      <span end="20464" id="16121255-5120" start="20463">X</span>
    </annotation>
    <annotation annotator="Mike Bada, University of Colorado Anschutz Medical Campus" id="GO_CC_2016_02_16_test_Instance_20609" type="identity">
      <class id="GO:0045177" label="apical part of cell"/>
      <span end="21761" id="16121255-5122" start="21755">apical</span>
    </annotation>
    <annotation annotator="Mike Bada, University of Colorado Anschutz Medical Campus" id="GO_CC_2016_02_16_test_Instance_31169" type="identity">
      <class id="GO:0009986" label="cell surface"/>
      <span end="21774" id="16121255-5245" start="21762">cell surface</span>
    </annotation>
    <annotation annotator="Mike Bada, University of Colorado Anschutz Medical Campus" id="GO_CC_2016_02_16_test_Instance_31171" type="identity">
      <class id="GO:0009986" label="cell surface"/>
      <span end="21931" id="16121255-5247" start="21919">cell surface</span>
    </annotation>
    <annotation annotator="Mike Bada, University of Colorado Anschutz Medical Campus" id="GO_CC_2016_02_16_test_Instance_20611" type="identity">
      <class id="GO:0009986" label="cell surface"/>
      <span end="21944" id="16121255-5124" start="21937">surface</span>
    </annotation>
    <annotation annotator="Mike Bada, University of Colorado Anschutz Medical Campus" id="GO_CC_2016_02_16_test_Instance_20613" type="identity">
      <class id="GO:0009986" label="cell surface"/>
      <span end="22033" id="16121255-5126" start="22026">surface</span>
    </annotation>
    <annotation annotator="Mike Bada, University of Colorado Anschutz Medical Campus" id="GO_CC_2016_02_16_test_Instance_20615" type="identity">
      <class id="GO:0005783" label="endoplasmic reticulum"/>
      <span end="22253" id="16121255-5128" start="22251">ER</span>
    </annotation>
    <annotation annotator="Mike Bada, University of Colorado Anschutz Medical Campus" id="GO_CC_2016_02_16_test_Instance_20617" type="identity">
      <class id="GO:0005783" label="endoplasmic reticulum"/>
      <span end="22617" id="16121255-5130" start="22615">ER</span>
    </annotation>
    <annotation annotator="Mike Bada, University of Colorado Anschutz Medical Campus" id="GO_CC_2016_02_16_test_Instance_20619" type="identity">
      <class id="GO:0005783" label="endoplasmic reticulum"/>
      <span end="22696" id="16121255-5132" start="22694">ER</span>
    </annotation>
    <annotation annotator="Mike Bada, University of Colorado Anschutz Medical Campus" id="GO_CC_2016_02_16_test_Instance_20621" type="identity">
      <class id="GO:0005783" label="endoplasmic reticulum"/>
      <span end="22805" id="16121255-5134" start="22803">ER</span>
    </annotation>
    <annotation annotator="Mike Bada, University of Colorado Anschutz Medical Campus" id="GO_CC_2016_02_16_test_Instance_20623" type="identity">
      <class id="GO:0005783" label="endoplasmic reticulum"/>
      <span end="22839" id="16121255-5136" start="22837">ER</span>
    </annotation>
    <annotation annotator="Mike Bada, University of Colorado Anschutz Medical Campus" id="GO_CC_2016_02_16_test_Instance_20625" type="identity">
      <class id="GO:0005783" label="endoplasmic reticulum"/>
      <span end="23005" id="16121255-5138" start="23003">ER</span>
    </annotation>
    <annotation annotator="Mike Bada, University of Colorado Anschutz Medical Campus" id="GO_CC_2016_02_16_test_Instance_20627" type="identity">
      <class id="GO:0005783" label="endoplasmic reticulum"/>
      <span end="23291" id="16121255-5140" start="23289">ER</span>
    </annotation>
    <annotation annotator="Mike Bada, University of Colorado Anschutz Medical Campus" id="GO_CC_2016_02_16_test_Instance_20629" type="identity">
      <class id="GO:0005783" label="endoplasmic reticulum"/>
      <span end="23433" id="16121255-5142" start="23431">ER</span>
    </annotation>
    <annotation annotator="Mike Bada, University of Colorado Anschutz Medical Campus" id="GO_CC_2016_02_16_test_Instance_31173" type="identity">
      <class id="GO:0005794" label="Golgi apparatus"/>
      <span end="23493" id="16121255-5249" start="23478">Golgi apparatus</span>
    </annotation>
    <annotation annotator="Mike Bada, University of Colorado Anschutz Medical Campus" id="GO_CC_2016_02_16_test_Instance_20631" type="identity">
      <class id="GO:0005783" label="endoplasmic reticulum"/>
      <span end="23616" id="16121255-5144" start="23614">ER</span>
    </annotation>
    <annotation annotator="Mike Bada, University of Colorado Anschutz Medical Campus" id="GO_CC_2016_02_16_test_Instance_20633" type="identity">
      <class id="GO:0005783" label="endoplasmic reticulum"/>
      <span end="24125" id="16121255-5146" start="24123">ER</span>
    </annotation>
    <annotation annotator="Mike Bada, University of Colorado Anschutz Medical Campus" id="GO_CC_2016_02_16_test_Instance_31175" type="identity">
      <class id="GO:0009986" label="cell surface"/>
      <span end="24730" id="16121255-5251" start="24718">cell surface</span>
    </annotation>
    <annotation annotator="Mike Bada, University of Colorado Anschutz Medical Campus" id="GO_CC_2016_02_16_test_Instance_31177" type="identity">
      <class id="GO:0016324" label="apical plasma membrane"/>
      <span end="25284" id="16121255-5253" start="25262">apical plasma membrane</span>
    </annotation>
    <annotation annotator="Mike Bada, University of Colorado Anschutz Medical Campus" id="GO_CC_2016_02_16_test_Instance_31179" type="identity">
      <class id="GO:0005886" label="plasma membrane"/>
      <span end="25651" id="16121255-5255" start="25636">plasma membrane</span>
    </annotation>
    <annotation annotator="Mike Bada, University of Colorado Anschutz Medical Campus" id="GO_CC_2016_02_16_test_Instance_20635" type="identity">
      <class id="GO:0005783" label="endoplasmic reticulum"/>
      <span end="25690" id="16121255-5148" start="25688">ER</span>
    </annotation>
    <annotation annotator="Mike Bada, University of Colorado Anschutz Medical Campus" id="GO_CC_2016_02_16_test_Instance_20637" type="identity">
      <class id="GO:0030849" label="autosome"/>
      <span end="25784" id="16121255-5150" start="25775">autosomal</span>
    </annotation>
    <annotation annotator="Mike Bada, University of Colorado Anschutz Medical Campus" id="GO_CC_2016_02_16_test_Instance_31181" type="identity">
      <class id="GO:0016020" label="membrane"/>
      <span end="29046" id="16121255-5257" start="29038">membrane</span>
    </annotation>
    <annotation annotator="Mike Bada, University of Colorado Anschutz Medical Campus" id="GO_CC_2016_02_16_test_Instance_31183" type="identity">
      <class id="GO:0016020" label="membrane"/>
      <span end="29400" id="16121255-5259" start="29391">membranes</span>
    </annotation>
    <annotation annotator="Mike Bada, University of Colorado Anschutz Medical Campus" id="GO_CC_2016_02_16_test_Instance_20955" type="identity">
      <class id="GO:0016020" label="membrane"/>
      <span end="29531" id="16121255-5192" start="29523">membrane</span>
    </annotation>
    <annotation annotator="" id="GO_CC_2016_02_16_Instance_101615" type="identity">
      <class id="GO:0016020" label="membrane"/>
      <span end="29651" id="16121255-4988" start="29642">Membranes</span>
    </annotation>
    <annotation annotator="" id="GO_CC_2016_02_16_Instance_80306" type="identity">
      <class id="GO:0042571" label="immunoglobulin complex, circulating"/>
      <span end="29810" id="16121255-5007" start="29802">antibody</span>
    </annotation>
    <annotation annotator="" id="GO_CC_2016_02_16_Instance_80310" type="identity">
      <class id="GO:0016020" label="membrane"/>
      <span end="29897" id="16121255-5011" start="29888">Membranes</span>
    </annotation>
    <annotation annotator="" id="GO_CC_2016_02_16_Instance_80308" type="identity">
      <class id="GO:0042571" label="immunoglobulin complex, circulating"/>
      <span end="29978" id="16121255-5009" start="29970">antibody</span>
    </annotation>
    <annotation annotator="" id="GO_CC_2016_02_16_Instance_80312" type="identity">
      <class id="GO:0016020" label="membrane"/>
      <span end="29989" id="16121255-5013" start="29980">Membranes</span>
    </annotation>
    <annotation annotator="Mike Bada, University of Colorado Anschutz Medical Campus" id="GO_CC_2016_02_16_test_Instance_31185" type="identity">
      <class id="GO:0016020" label="membrane"/>
      <span end="30164" id="16121255-5261" start="30155">membranes</span>
    </annotation>
    <annotation annotator="Mike Bada, University of Colorado Anschutz Medical Campus" id="GO_CC_2016_02_16_test_Instance_31187" type="identity">
      <class id="GO:0016020" label="membrane"/>
      <span end="30896" id="16121255-5263" start="30887">membranes</span>
    </annotation>
    <annotation annotator="Mike Bada, University of Colorado Anschutz Medical Campus" id="GO_CC_2016_02_16_test_Instance_31189" type="identity">
      <class id="GO:0016020" label="membrane"/>
      <span end="31031" id="16121255-5265" start="31022">membranes</span>
    </annotation>
    <annotation annotator="Mike Bada, University of Colorado Anschutz Medical Campus" id="GO_CC_2016_02_16_test_Instance_20957" type="identity">
      <class id="GO:0016020" label="membrane"/>
      <span end="31090" id="16121255-5194" start="31082">membrane</span>
    </annotation>
    <annotation annotator="Mike Bada, University of Colorado Anschutz Medical Campus" id="GO_CC_2016_02_16_test_Instance_31191" type="identity">
      <class id="GO:0016020" label="membrane"/>
      <span end="31124" id="16121255-5267" start="31115">membranes</span>
    </annotation>
    <annotation annotator="Mike Bada, University of Colorado Anschutz Medical Campus" id="GO_CC_2016_02_16_test_Instance_31193" type="identity">
      <class id="GO:0016020" label="membrane"/>
      <span end="31428" id="16121255-5269" start="31420">membrane</span>
    </annotation>
    <annotation annotator="Mike Bada, University of Colorado Anschutz Medical Campus" id="GO_CC_2016_02_16_test_Instance_31195" type="identity">
      <class id="GO:0009986" label="cell surface"/>
      <span end="31498" id="16121255-5271" start="31486">Cell surface</span>
    </annotation>
    <annotation annotator="Mike Bada, University of Colorado Anschutz Medical Campus" id="GO_CC_2016_02_16_test_Instance_31197" type="identity">
      <class id="GO:0016020" label="membrane"/>
      <span end="32007" id="16121255-5273" start="31998">membranes</span>
    </annotation>
    <annotation annotator="Mike Bada, University of Colorado Anschutz Medical Campus" id="GO_CC_2016_02_16_test_Instance_31199" type="identity">
      <class id="GO:0016020" label="membrane"/>
      <span end="32079" id="16121255-5275" start="32070">membranes</span>
    </annotation>
    <annotation annotator="" id="GO_CC_2016_02_16_Instance_80314" type="identity">
      <class id="GO:0042571" label="immunoglobulin complex, circulating"/>
      <span end="32357" id="16121255-5015" start="32349">antibody</span>
    </annotation>
    <annotation annotator="" id="GO_CC_2016_02_16_Instance_80316" type="identity">
      <class id="GO:0042571" label="immunoglobulin complex, circulating"/>
      <span end="32772" id="16121255-5017" start="32764">antibody</span>
    </annotation>
    <annotation annotator="" id="GO_CC_2016_02_16_Instance_80318" type="identity">
      <class id="GO:0042571" label="immunoglobulin complex, circulating"/>
      <span end="32916" id="16121255-5019" start="32908">antibody</span>
    </annotation>
    <annotation annotator="" id="GO_CC_2016_02_16_Instance_80320" type="identity">
      <class id="GO:0042571" label="immunoglobulin complex, circulating"/>
      <span end="33068" id="16121255-5021" start="33060">antibody</span>
    </annotation>
    <annotation annotator="" id="GO_CC_2016_02_16_Instance_80322" type="identity">
      <class id="GO:0042571" label="immunoglobulin complex, circulating"/>
      <span end="33206" id="16121255-5023" start="33198">antibody</span>
    </annotation>
    <annotation annotator="Mike Bada, University of Colorado Anschutz Medical Campus" id="GO_CC_2016_02_16_test_Instance_31203" type="identity">
      <class id="GO:0043226" label="organelle"/>
      <span end="33824" id="16121255-5277" start="33815">organelle</span>
    </annotation>
    <annotation annotator="Mike Bada, University of Colorado Anschutz Medical Campus" id="GO_CC_2016_02_16_test_Instance_20653" type="identity">
      <class id="GO:0005886" label="plasma membrane"/>
      <span end="33850" id="16121255-5152" start="33848">PM</span>
    </annotation>
    <annotation annotator="Mike Bada, University of Colorado Anschutz Medical Campus" id="GO_CC_2016_02_16_test_Instance_20655" type="identity">
      <class id="GO:0005783" label="endoplasmic reticulum"/>
      <span end="33860" id="16121255-5154" start="33858">ER</span>
    </annotation>
    <annotation annotator="" id="GO_CC_2016_02_16_Instance_80326" type="identity">
      <class id="GO:0042571" label="immunoglobulin complex, circulating"/>
      <span end="34030" id="16121255-5025" start="34022">antibody</span>
    </annotation>
    <annotation annotator="Mike Bada, University of Colorado Anschutz Medical Campus" id="GO_CC_2016_02_16_test_Instance_20659" type="identity">
      <class id="GO:0005886" label="plasma membrane"/>
      <span end="34038" id="16121255-5156" start="34036">PM</span>
    </annotation>
    <annotation annotator="Mike Bada, University of Colorado Anschutz Medical Campus" id="GO_CC_2016_02_16_test_Instance_20661" type="identity">
      <class id="GO:0005783" label="endoplasmic reticulum"/>
      <span end="34045" id="16121255-5158" start="34043">ER</span>
    </annotation>
    <annotation annotator="" id="GO_CC_2016_02_16_Instance_80328" type="identity">
      <class id="GO:0042571" label="immunoglobulin complex, circulating"/>
      <span end="34234" id="16121255-5027" start="34224">antibodies</span>
    </annotation>
    <annotation annotator="" id="GO_CC_2016_02_16_Instance_80330" type="identity">
      <class id="GO:0042571" label="immunoglobulin complex, circulating"/>
      <span end="34263" id="16121255-5029" start="34253">antibodies</span>
    </annotation>
    <annotation annotator="" id="GO_CC_2016_02_16_Instance_80332" type="identity">
      <class id="GO:0042571" label="immunoglobulin complex, circulating"/>
      <span end="34601" id="16121255-5031" start="34593">antibody</span>
    </annotation>
    <annotation annotator="Mike Bada, University of Colorado Anschutz Medical Campus" id="GO_CC_2016_02_16_test_Instance_20669" type="identity">
      <class id="GO:0005783" label="endoplasmic reticulum"/>
      <span end="35847" id="16121255-5160" start="35845">ER</span>
    </annotation>
    <annotation annotator="Mike Bada, University of Colorado Anschutz Medical Campus" id="GO_CC_2016_02_16_test_Instance_31205" type="identity">
      <class id="GO:0005783" label="endoplasmic reticulum"/>
      <span end="35871" id="16121255-5279" start="35850">endoplasmic reticulum</span>
    </annotation>
    <annotation annotator="Mike Bada, University of Colorado Anschutz Medical Campus" id="GO_CC_2016_02_16_test_Instance_20671" type="identity">
      <class id="GO:0005886" label="plasma membrane"/>
      <span end="35947" id="16121255-5162" start="35945">PM</span>
    </annotation>
    <annotation annotator="Mike Bada, University of Colorado Anschutz Medical Campus" id="GO_CC_2016_02_16_test_Instance_31207" type="identity">
      <class id="GO:0005886" label="plasma membrane"/>
      <span end="35965" id="16121255-5281" start="35950">plasma membrane</span>
    </annotation>
    <annotation annotator="Mike Bada, University of Colorado Anschutz Medical Campus" id="GO_CC_2016_02_16_test_Instance_20673" type="identity">
      <class id="GO:0016020" label="membrane"/>
      <span end="37964" id="16121255-5164" start="37955">membranes</span>
    </annotation>
    <annotation annotator="Mike Bada, University of Colorado Anschutz Medical Campus" id="GO_CC_2016_02_16_test_Instance_20675" type="identity">
      <class id="GO:0016020" label="membrane"/>
      <span end="38060" id="16121255-5166" start="38051">membranes</span>
    </annotation>
    <annotation annotator="Mike Bada, University of Colorado Anschutz Medical Campus" id="GO_CC_2016_02_16_test_Instance_20677" type="identity">
      <class id="GO:0016020" label="membrane"/>
      <span end="38159" id="16121255-5168" start="38150">membranes</span>
    </annotation>
    <annotation annotator="Mike Bada, University of Colorado Anschutz Medical Campus" id="GO_CC_2016_02_16_test_Instance_20679" type="identity">
      <class id="GO:0005783" label="endoplasmic reticulum"/>
      <span end="38311" id="16121255-5170" start="38309">ER</span>
    </annotation>
    <annotation annotator="" id="GO_CC_2016_02_16_Instance_80336" type="identity">
      <class id="GO:1990794" label="basolateral part of cell"/>
      <span end="38801" id="16121255-5033" start="38790">basolateral</span>
    </annotation>
    <annotation annotator="Mike Bada, University of Colorado Anschutz Medical Campus" id="GO_CC_2016_02_16_test_Instance_21057" type="identity">
      <class id="GO:0044444" label="cytoplasmic part"/>
      <span end="38860" id="16121255-5202" start="38853">area of</span>
      <span end="38874" id="16121255-5203" start="38865">cytoplasm</span>
    </annotation>
    <annotation annotator="" id="GO_CC_2016_02_16_Instance_80338" type="identity">
      <class id="GO:0016324" label="apical plasma membrane"/>
      <span end="38961" id="16121255-5035" start="38955">apical</span>
    </annotation>
    <annotation annotator="" id="GO_CC_2016_02_16_Instance_80340" type="identity">
      <class id="GO:1990794" label="basolateral part of cell"/>
      <span end="39280" id="16121255-5037" start="39269">basolateral</span>
    </annotation>
    <annotation annotator="Mike Bada, University of Colorado Anschutz Medical Campus" id="GO_CC_2016_02_16_test_Instance_20683" type="identity">
      <class id="GO:0005634" label="nucleus"/>
      <span end="39340" id="16121255-5172" start="39333">nuclear</span>
    </annotation>
    <annotation annotator="Mike Bada, University of Colorado Anschutz Medical Campus" id="GO_CC_2016_02_16_test_Instance_20685" type="identity">
      <class id="GO:0009986" label="cell surface"/>
      <span end="39491" id="16121255-5174" start="39479">cell surface</span>
    </annotation>
    <annotation annotator="" id="GO_CC_2016_02_16_Instance_101505" type="identity">
      <class id="GO:0005634" label="nucleus"/>
      <span end="39543" id="16121255-4986" start="39536">nuclear</span>
    </annotation>
    <annotation annotator="Mike Bada, University of Colorado Anschutz Medical Campus" id="GO_CC_2016_02_16_test_Instance_20689" type="identity">
      <class id="GO:0005783" label="endoplasmic reticulum"/>
      <span end="39577" id="16121255-5176" start="39575">ER</span>
    </annotation>
    <annotation annotator="Mike Bada, University of Colorado Anschutz Medical Campus" id="GO_CC_2016_02_16_test_Instance_20693" type="identity">
      <class id="GO:0005783" label="endoplasmic reticulum"/>
      <span end="39904" id="16121255-5178" start="39902">ER</span>
    </annotation>
    <annotation annotator="Mike Bada, University of Colorado Anschutz Medical Campus" id="GO_CC_2016_02_16_test_Instance_20695" type="identity">
      <class id="GO:0005783" label="endoplasmic reticulum"/>
      <span end="39994" id="16121255-5180" start="39973">endoplasmic reticulum</span>
    </annotation>
    <annotation annotator="" id="GO_CC_2016_02_16_Instance_80344" type="identity">
      <class id="GO:1990794" label="basolateral part of cell"/>
      <span end="40400" id="16121255-5039" start="40389">basolateral</span>
    </annotation>
    <annotation annotator="Mike Bada, University of Colorado Anschutz Medical Campus" id="GO_CC_2016_02_16_test_Instance_20697" type="identity">
      <class id="GO:0016020" label="membrane"/>
      <span end="40626" id="16121255-5182" start="40617">membranes</span>
    </annotation>
    <annotation annotator="" id="GO_CC_2016_02_16_Instance_80346" type="identity">
      <class id="GO:0042571" label="immunoglobulin complex, circulating"/>
      <span end="40670" id="16121255-5041" start="40662">antibody</span>
    </annotation>
    <annotation annotator="Mike Bada, University of Colorado Anschutz Medical Campus" id="GO_CC_2016_02_16_test_Instance_20701" type="identity">
      <class id="GO:0016020" label="membrane"/>
      <span end="40687" id="16121255-5184" start="40678">membranes</span>
    </annotation>
    <annotation annotator="" id="GO_CC_2016_02_16_Instance_80348" type="identity">
      <class id="GO:0042571" label="immunoglobulin complex, circulating"/>
      <span end="40758" id="16121255-5043" start="40750">antibody</span>
    </annotation>
    <annotation annotator="Mike Bada, University of Colorado Anschutz Medical Campus" id="GO_CC_2016_02_16_test_Instance_20705" type="identity">
      <class id="GO:0009986" label="cell surface"/>
      <span end="41305" id="16121255-5186" start="41293">cell surface</span>
    </annotation>
    <annotation annotator="Mike Bada, University of Colorado Anschutz Medical Campus" id="GO_CC_2016_02_16_test_Instance_20707" type="identity">
      <class id="GO:0009986" label="cell surface"/>
      <span end="41503" id="16121255-5188" start="41491">cell surface</span>
    </annotation>
    <graph-space id="Old Knowtator Relations"/>
  </document>
</knowtator-project>
