<?xml version="1.0" encoding="UTF-8" standalone="no"?>
<knowtator-project>
  <document id="16216087" text-file="16216087.txt">
    <annotation annotator="Mike Bada, University of Colorado Anschutz Medical Campus" id="GO_CC_2016_02_16_test_Instance_20709" type="identity">
      <class id="GO:0045202" label="synapse"/>
      <span end="2318" id="16216087-5380" start="2310">synaptic</span>
    </annotation>
    <annotation annotator="Mike Bada, University of Colorado Anschutz Medical Campus" id="GO_CC_2016_02_16_test_Instance_31221" type="identity">
      <class id="GO:0045202" label="synapse"/>
      <span end="2870" id="16216087-5396" start="2862">synapses</span>
    </annotation>
    <annotation annotator="Mike Bada, University of Colorado Anschutz Medical Campus" id="GO_CC_2016_02_16_test_Instance_31223" type="identity">
      <class id="GO:0045202" label="synapse"/>
      <span end="3017" id="16216087-5398" start="3009">synapses</span>
    </annotation>
    <annotation annotator="Mike Bada, University of Colorado Anschutz Medical Campus" id="GO_CC_2016_02_16_test_Instance_20711" type="identity">
      <class id="GO:0060076" label="excitatory synapse"/>
      <span end="4905" id="16216087-5382" start="4886">excitatory synaptic</span>
    </annotation>
    <annotation annotator="Mike Bada, University of Colorado Anschutz Medical Campus" id="GO_CC_2016_02_16_test_Instance_20713" type="identity">
      <class id="GO:0045202" label="synapse"/>
      <span end="5117" id="16216087-5384" start="5109">synaptic</span>
    </annotation>
    <annotation annotator="" id="GO_CC_2016_02_16_Instance_80380" type="identity">
      <class id="GO:0042571" label="immunoglobulin complex, circulating"/>
      <span end="19016" id="16216087-5359" start="19008">antibody</span>
    </annotation>
    <annotation annotator="Mike Bada, University of Colorado Anschutz Medical Campus" id="GO_CC_2016_02_16_test_Instance_20717" type="identity">
      <class id="GO:0045202" label="synapse"/>
      <span end="32671" id="16216087-5386" start="32663">synaptic</span>
    </annotation>
    <annotation annotator="Mike Bada, University of Colorado Anschutz Medical Campus" id="GO_CC_2016_02_16_test_Instance_31225" type="identity">
      <class id="GO:0045202" label="synapse"/>
      <span end="32921" id="16216087-5400" start="32913">synapses</span>
    </annotation>
    <annotation annotator="Mike Bada, University of Colorado Anschutz Medical Campus" id="GO_CC_2016_02_16_test_Instance_20719" type="identity">
      <class id="GO:0045202" label="synapse"/>
      <span end="33042" id="16216087-5388" start="33034">synaptic</span>
    </annotation>
    <annotation annotator="Mike Bada, University of Colorado Anschutz Medical Campus" id="GO_CC_2016_02_16_test_Instance_31227" type="identity">
      <class id="GO:0045202" label="synapse"/>
      <span end="33312" id="16216087-5402" start="33304">synapses</span>
    </annotation>
    <annotation annotator="Mike Bada, University of Colorado Anschutz Medical Campus" id="GO_CC_2016_02_16_test_Instance_31229" type="identity">
      <class id="GO:0045202" label="synapse"/>
      <span end="33746" id="16216087-5404" start="33739">synapse</span>
    </annotation>
    <annotation annotator="" id="GO_CC_2016_02_16_Instance_80384" type="identity">
      <class id="GO:0098793" label="presynapse"/>
      <span end="35360" id="16216087-5361" start="35356">pre-</span>
      <span end="35377" id="16216087-5362" start="35369">synaptic</span>
    </annotation>
    <annotation annotator="" id="GO_CC_2016_02_16_Instance_80386" type="identity">
      <class id="GO:0098794" label="postsynapse"/>
      <span end="35377" id="16216087-5364" start="35365">postsynaptic</span>
    </annotation>
    <annotation annotator="Mike Bada, University of Colorado Anschutz Medical Campus" id="GO_CC_2016_02_16_test_Instance_31231" type="identity">
      <class id="GO:0005622" label="intracellular"/>
      <span end="35391" id="16216087-5406" start="35378">intracellular</span>
    </annotation>
    <annotation annotator="" id="GO_CC_2016_02_16_Instance_101421" type="identity">
      <class id="GO:0098793" label="presynapse"/>
      <span end="39744" id="16216087-5354" start="39740">pre-</span>
      <span end="39761" id="16216087-5355" start="39753">synaptic</span>
    </annotation>
    <annotation annotator="" id="GO_CC_2016_02_16_Instance_101423" type="identity">
      <class id="GO:0098794" label="postsynapse"/>
      <span end="39761" id="16216087-5357" start="39749">postsynaptic</span>
    </annotation>
    <annotation annotator="Mike Bada, University of Colorado Anschutz Medical Campus" id="GO_CC_2016_02_16_test_Instance_31233" type="identity">
      <class id="GO:0045202" label="synapse"/>
      <span end="40096" id="16216087-5408" start="40088">synapses</span>
    </annotation>
    <annotation annotator="Mike Bada, University of Colorado Anschutz Medical Campus" id="GO_CC_2016_02_16_test_Instance_31235" type="identity">
      <class id="GO:0045202" label="synapse"/>
      <span end="40440" id="16216087-5410" start="40432">synapses</span>
    </annotation>
    <annotation annotator="Mike Bada, University of Colorado Anschutz Medical Campus" id="GO_CC_2016_02_16_test_Instance_31237" type="identity">
      <class id="GO:0045202" label="synapse"/>
      <span end="40521" id="16216087-5412" start="40513">synapses</span>
    </annotation>
    <annotation annotator="Mike Bada, University of Colorado Anschutz Medical Campus" id="GO_CC_2016_02_16_test_Instance_31239" type="identity">
      <class id="GO:0045120" label="pronucleus"/>
      <span end="44944" id="16216087-5414" start="44934">pronucleus</span>
    </annotation>
    <annotation annotator="Mike Bada, University of Colorado Anschutz Medical Campus" id="GO_CC_2016_02_16_test_Instance_31241" type="identity">
      <class id="GO:0045120" label="pronucleus"/>
      <span end="45153" id="16216087-5416" start="45143">pronucleus</span>
    </annotation>
    <annotation annotator="" id="GO_CC_2016_02_16_Instance_80388" type="identity">
      <class id="GO:0042571" label="immunoglobulin complex, circulating"/>
      <span end="47880" id="16216087-5366" start="47870">antibodies</span>
    </annotation>
    <annotation annotator="" id="GO_CC_2016_02_16_Instance_80390" type="identity">
      <class id="GO:0042571" label="immunoglobulin complex, circulating"/>
      <span end="48049" id="16216087-5368" start="48039">antibodies</span>
    </annotation>
    <annotation annotator="" id="GO_CC_2016_02_16_Instance_80392" type="identity">
      <class id="GO:0042571" label="immunoglobulin complex, circulating"/>
      <span end="48176" id="16216087-5370" start="48168">antibody</span>
    </annotation>
    <annotation annotator="" id="GO_CC_2016_02_16_Instance_80396" type="identity">
      <class id="GO:0042571" label="immunoglobulin complex, circulating"/>
      <span end="48478" id="16216087-5374" start="48468">Antibodies</span>
    </annotation>
    <annotation annotator="" id="GO_CC_2016_02_16_Instance_80394" type="identity">
      <class id="GO:0042571" label="immunoglobulin complex, circulating"/>
      <span end="48695" id="16216087-5372" start="48685">antibodies</span>
    </annotation>
    <annotation annotator="Mike Bada, University of Colorado Anschutz Medical Campus" id="GO_CC_2016_02_16_test_Instance_20731" type="identity">
      <class id="GO:0005634" label="nucleus"/>
      <span end="60164" id="16216087-5390" start="60157">nuclear</span>
    </annotation>
    <annotation annotator="Mike Bada, University of Colorado Anschutz Medical Campus" id="GO_CC_2016_02_16_test_Instance_20733" type="identity">
      <class id="GO:0016020" label="membrane"/>
      <span end="61735" id="16216087-5392" start="61727">membrane</span>
    </annotation>
    <annotation annotator="" id="GO_CC_2016_02_16_Instance_80398" type="identity">
      <class id="GO:0042571" label="immunoglobulin complex, circulating"/>
      <span end="66334" id="16216087-5376" start="66324">antibodies</span>
    </annotation>
    <annotation annotator="Mike Bada, University of Colorado Anschutz Medical Campus" id="GO_CC_2016_02_16_test_Instance_20737" type="identity">
      <class id="GO:0005634" label="nucleus"/>
      <span end="67631" id="16216087-5394" start="67624">nuclear</span>
    </annotation>
    <annotation annotator="" id="GO_CC_2016_02_16_Instance_80400" type="identity">
      <class id="GO:0042571" label="immunoglobulin complex, circulating"/>
      <span end="68221" id="16216087-5378" start="68213">antibody</span>
    </annotation>
    <graph-space id="Old Knowtator Relations"/>
  </document>
</knowtator-project>
