<?xml version="1.0" encoding="UTF-8" standalone="no"?>
<knowtator-project>
  <document id="16221973" text-file="16221973.txt">
    <annotation annotator="Mike Bada, University of Colorado Anschutz Medical Campus" id="GO_CC_2016_02_16_test_Instance_10139" type="identity">
      <class id="GO:0005856" label="cytoskeleton"/>
      <span end="1334" id="16221973-5425" start="1322">cytoskeletal</span>
    </annotation>
    <annotation annotator="Mike Bada, University of Colorado Anschutz Medical Campus" id="GO_CC_2016_02_16_test_Instance_20521" type="identity">
      <class id="GO:0005886" label="plasma membrane"/>
      <span end="3219" id="16221973-5427" start="3204">plasma membrane</span>
    </annotation>
    <annotation annotator="Mike Bada, University of Colorado Anschutz Medical Campus" id="GO_CC_2016_02_16_test_Instance_21819" type="identity">
      <class id="GO:0032993" label="protein-DNA complex"/>
      <span end="16694" id="16221973-5459" start="16675">protein–DNA complex</span>
    </annotation>
    <annotation annotator="Mike Bada, University of Colorado Anschutz Medical Campus" id="GO_CC_2016_02_16_test_Instance_20523" type="identity">
      <class id="GO:0032991" label="macromolecular complex"/>
      <span end="22885" id="16221973-5429" start="22878">complex</span>
    </annotation>
    <annotation annotator="Mike Bada, University of Colorado Anschutz Medical Campus" id="GO_CC_2016_02_16_test_Instance_20525" type="identity">
      <class id="GO:0032991" label="macromolecular complex"/>
      <span end="22934" id="16221973-5431" start="22925">complexes</span>
    </annotation>
    <annotation annotator="Mike Bada, University of Colorado Anschutz Medical Campus" id="GO_CC_2016_02_16_test_Instance_20527" type="identity">
      <class id="GO:0005856" label="cytoskeleton"/>
      <span end="23467" id="16221973-5433" start="23455">cytoskeletal</span>
    </annotation>
    <annotation annotator="Mike Bada, University of Colorado Anschutz Medical Campus" id="GO_CC_2016_02_16_test_Instance_20529" type="identity">
      <class id="GO:0032991" label="macromolecular complex"/>
      <span end="24195" id="16221973-5435" start="24188">complex</span>
    </annotation>
    <annotation annotator="Mike Bada, University of Colorado Anschutz Medical Campus" id="GO_CC_2016_02_16_test_Instance_21821" type="identity">
      <class id="GO:0005886" label="plasma membrane"/>
      <span end="24622" id="16221973-5461" start="24604">cellular membranes</span>
    </annotation>
    <annotation annotator="Mike Bada, University of Colorado Anschutz Medical Campus" id="GO_CC_2016_02_16_test_Instance_31243" type="identity">
      <class id="GO:0005737" label="cytoplasm"/>
      <span end="24641" id="16221973-5473" start="24632">cytoplasm</span>
    </annotation>
    <annotation annotator="Mike Bada, University of Colorado Anschutz Medical Campus" id="GO_CC_2016_02_16_test_Instance_31245" type="identity">
      <class id="GO:0005783" label="endoplasmic reticulum"/>
      <span end="28502" id="16221973-5475" start="28481">endoplasmic reticulum</span>
    </annotation>
    <annotation annotator="Mike Bada, University of Colorado Anschutz Medical Campus" id="GO_CC_2016_02_16_test_Instance_20755" type="identity">
      <class id="GO:0005783" label="endoplasmic reticulum"/>
      <span end="28560" id="16221973-5441" start="28558">ER</span>
    </annotation>
    <annotation annotator="" id="GO_CC_2016_02_16_Instance_80402" type="identity">
      <class id="GO:0070161" label="anchoring junction"/>
      <span end="31532" id="16221973-5421" start="31516">adhesion plaques</span>
    </annotation>
    <annotation annotator="Mike Bada, University of Colorado Anschutz Medical Campus" id="GO_CC_2016_02_16_test_Instance_31247" type="identity">
      <class id="GO:0031941" label="filamentous actin"/>
      <span end="31574" id="16221973-5477" start="31557">filamentous actin</span>
    </annotation>
    <annotation annotator="" id="GO_CC_2016_02_16_Instance_80404" type="identity">
      <class id="GO:0070161" label="anchoring junction"/>
      <span end="31614" id="16221973-5423" start="31599">adhesion plaque</span>
    </annotation>
    <annotation annotator="Mike Bada, University of Colorado Anschutz Medical Campus" id="GO_CC_2016_02_16_test_Instance_20747" type="identity">
      <class id="GO:0005856" label="cytoskeleton"/>
      <span end="31762" id="16221973-5437" start="31750">cytoskeletal</span>
    </annotation>
    <annotation annotator="Mike Bada, University of Colorado Anschutz Medical Campus" id="GO_CC_2016_02_16_test_Instance_31249" type="identity">
      <class id="GO:0015629" label="actin cytoskeleton"/>
      <span end="31914" id="16221973-5479" start="31896">actin cytoskeleton</span>
    </annotation>
    <annotation annotator="Mike Bada, University of Colorado Anschutz Medical Campus" id="GO_CC_2016_02_16_test_Instance_31251" type="identity">
      <class id="GO:0005874" label="microtubule"/>
      <span end="32130" id="16221973-5481" start="32118">microtubules</span>
    </annotation>
    <annotation annotator="Mike Bada, University of Colorado Anschutz Medical Campus" id="GO_CC_2016_02_16_test_Instance_20753" type="identity">
      <class id="GO:0044430" label="cytoskeletal part"/>
      <span end="32215" id="16221973-5439" start="32194">cytoskeletal elements</span>
    </annotation>
    <annotation annotator="Mike Bada, University of Colorado Anschutz Medical Campus" id="GO_CC_2016_02_16_test_Instance_31253" type="identity">
      <class id="GO:0005856" label="cytoskeleton"/>
      <span end="32316" id="16221973-5483" start="32304">cytoskeleton</span>
    </annotation>
    <annotation annotator="Mike Bada, University of Colorado Anschutz Medical Campus" id="GO_CC_2016_02_16_test_Instance_31255" type="identity">
      <class id="GO:0005622" label="intracellular"/>
      <span end="32769" id="16221973-5485" start="32756">intracellular</span>
    </annotation>
    <annotation annotator="Mike Bada, University of Colorado Anschutz Medical Campus" id="GO_CC_2016_02_16_test_Instance_20757" type="identity">
      <class id="GO:0005737" label="cytoplasm"/>
      <span end="32781" id="16221973-5443" start="32770">cytoplasmic</span>
    </annotation>
    <annotation annotator="Mike Bada, University of Colorado Anschutz Medical Campus" id="GO_CC_2016_02_16_test_Instance_20759" type="identity">
      <class id="GO:0005576" label="extracellular region"/>
      <span end="32833" id="16221973-5445" start="32820">extracellular</span>
    </annotation>
    <annotation annotator="Mike Bada, University of Colorado Anschutz Medical Campus" id="GO_CC_2016_02_16_test_Instance_20761" type="identity">
      <class id="GO:0031982" label="vesicle"/>
      <span end="32847" id="16221973-5447" start="32838">vesicular</span>
    </annotation>
    <annotation annotator="Mike Bada, University of Colorado Anschutz Medical Campus" id="GO_CC_2016_02_16_test_Instance_31257" type="identity">
      <class id="GO:0005737" label="cytoplasm"/>
      <span end="32880" id="16221973-5487" start="32871">cytoplasm</span>
    </annotation>
    <annotation annotator="Mike Bada, University of Colorado Anschutz Medical Campus" id="GO_CC_2016_02_16_test_Instance_31259" type="identity">
      <class id="GO:0005622" label="intracellular"/>
      <span end="33316" id="16221973-5489" start="33303">intracellular</span>
    </annotation>
    <annotation annotator="Mike Bada, University of Colorado Anschutz Medical Campus" id="GO_CC_2016_02_16_test_Instance_20767" type="identity">
      <class id="GO:0005737" label="cytoplasm"/>
      <span end="33328" id="16221973-5449" start="33317">cytoplasmic</span>
    </annotation>
    <annotation annotator="Mike Bada, University of Colorado Anschutz Medical Campus" id="GO_CC_2016_02_16_test_Instance_31261" type="identity">
      <class id="GO:0005622" label="intracellular"/>
      <span end="33391" id="16221973-5491" start="33378">intracellular</span>
    </annotation>
    <annotation annotator="Mike Bada, University of Colorado Anschutz Medical Campus" id="GO_CC_2016_02_16_test_Instance_31263" type="identity">
      <class id="GO:0031982" label="vesicle"/>
      <span end="33400" id="16221973-5493" start="33392">vesicles</span>
    </annotation>
    <annotation annotator="" id="GO_CC_2016_02_16_Instance_101549" type="identity">
      <class id="GO:0032991" label="macromolecular complex"/>
      <span end="36773" id="16221973-5419" start="36766">complex</span>
    </annotation>
    <annotation annotator="Mike Bada, University of Colorado Anschutz Medical Campus" id="GO_CC_2016_02_16_test_Instance_21825" type="identity">
      <class id="GO:0032993" label="protein-DNA complex"/>
      <span end="40114" id="16221973-5463" start="40095">protein–DNA complex</span>
    </annotation>
    <annotation annotator="Mike Bada, University of Colorado Anschutz Medical Campus" id="GO_CC_2016_02_16_test_Instance_21827" type="identity">
      <class id="GO:0032993" label="protein-DNA complex"/>
      <span end="41325" id="16221973-5465" start="41306">protein–DNA complex</span>
    </annotation>
    <annotation annotator="Mike Bada, University of Colorado Anschutz Medical Campus" id="GO_CC_2016_02_16_test_Instance_20785" type="identity">
      <class id="GO:0032991" label="macromolecular complex"/>
      <span end="41605" id="16221973-5451" start="41598">complex</span>
    </annotation>
    <annotation annotator="Mike Bada, University of Colorado Anschutz Medical Campus" id="GO_CC_2016_02_16_test_Instance_21829" type="identity">
      <class id="GO:0032993" label="protein-DNA complex"/>
      <span end="42501" id="16221973-5467" start="42482">protein–DNA complex</span>
    </annotation>
    <annotation annotator="Mike Bada, University of Colorado Anschutz Medical Campus" id="GO_CC_2016_02_16_test_Instance_20787" type="identity">
      <class id="GO:0032991" label="macromolecular complex"/>
      <span end="42839" id="16221973-5453" start="42832">complex</span>
    </annotation>
    <annotation annotator="Mike Bada, University of Colorado Anschutz Medical Campus" id="GO_CC_2016_02_16_test_Instance_21831" type="identity">
      <class id="GO:0032993" label="protein-DNA complex"/>
      <span end="43699" id="16221973-5469" start="43680">protein–DNA complex</span>
    </annotation>
    <annotation annotator="Mike Bada, University of Colorado Anschutz Medical Campus" id="GO_CC_2016_02_16_test_Instance_20789" type="identity">
      <class id="GO:0032991" label="macromolecular complex"/>
      <span end="43991" id="16221973-5455" start="43984">complex</span>
    </annotation>
    <annotation annotator="Mike Bada, University of Colorado Anschutz Medical Campus" id="GO_CC_2016_02_16_test_Instance_21833" type="identity">
      <class id="GO:0032993" label="protein-DNA complex"/>
      <span end="44859" id="16221973-5471" start="44840">protein–DNA complex</span>
    </annotation>
    <annotation annotator="Mike Bada, University of Colorado Anschutz Medical Campus" id="GO_CC_2016_02_16_test_Instance_20791" type="identity">
      <class id="GO:0032991" label="macromolecular complex"/>
      <span end="45142" id="16221973-5457" start="45135">complex</span>
    </annotation>
    <graph-space id="Old Knowtator Relations"/>
  </document>
</knowtator-project>
