<?xml version="1.0" encoding="UTF-8" standalone="no"?>
<knowtator-project>
    <document id="16362077" text-file="16362077.txt">
        <annotation annotator="Mike Bada, University of Colorado Anschutz Medical Campus" id="GO_CC_2016_02_16_test_Instance_31267" type="identity">
            <class id="GO:0005777" label="peroxisome"/>
            <span end="5140" id="16362077-5648" start="5130">peroxisome</span>
        </annotation>
        <annotation annotator="Mike Bada, University of Colorado Anschutz Medical Campus" id="GO_CC_2016_02_16_test_Instance_20895" type="identity">
            <class id="GO:0000805" label="X chromosome"/>
            <span end="5502" id="16362077-5638" start="5501">X</span>
        </annotation>
        <annotation annotator="" id="GO_CC_2016_02_16_Instance_100076" type="identity">
            <class id="GO:0042571" label="immunoglobulin complex, circulating"/>
            <span end="7797" id="16362077-5610" start="7789">antibody</span>
        </annotation>
        <annotation annotator="Mike Bada, University of Colorado Anschutz Medical Campus" id="GO_CC_2016_02_16_test_Instance_31269" type="identity">
            <class id="GO:0005634" label="nucleus"/>
            <span end="8101" id="16362077-5650" start="8085">nucleus of cells</span>
        </annotation>
        <annotation annotator="Mike Bada, University of Colorado Anschutz Medical Campus" id="GO_CC_2016_02_16_test_Instance_20899" type="identity">
            <class id="GO:0005634" label="nucleus"/>
            <span end="8431" id="16362077-5640" start="8424">Nuclear</span>
        </annotation>
        <annotation annotator="" id="GO_CC_2016_02_16_Instance_100080" type="identity">
            <class id="GO:0042571" label="immunoglobulin complex, circulating"/>
            <span end="9537" id="16362077-5614" start="9527">antibodies</span>
        </annotation>
        <annotation annotator="" id="GO_CC_2016_02_16_Instance_100078" type="identity">
            <class id="GO:0042571" label="immunoglobulin complex, circulating"/>
            <span end="9663" id="16362077-5612" start="9655">antibody</span>
        </annotation>
        <annotation annotator="" id="GO_CC_2016_02_16_Instance_100084" type="identity">
            <class id="GO:0042571" label="immunoglobulin complex, circulating"/>
            <span end="30156" id="16362077-5616" start="30148">antibody</span>
        </annotation>
        <annotation annotator="" id="GO_CC_2016_02_16_Instance_100086" type="identity">
            <class id="GO:0042571" label="immunoglobulin complex, circulating"/>
            <span end="38625" id="16362077-5618" start="38617">antibody</span>
        </annotation>
        <annotation annotator="Mike Bada, University of Colorado Anschutz Medical Campus" id="GO_CC_2016_02_16_test_Instance_31271" type="identity">
            <class id="GO:0005777" label="peroxisome"/>
            <span end="40345" id="16362077-5652" start="40335">peroxisome</span>
        </annotation>
        <annotation annotator="" id="GO_CC_2016_02_16_Instance_100088" type="identity">
            <class id="GO:0042571" label="immunoglobulin complex, circulating"/>
            <span end="40738" id="16362077-5620" start="40730">antibody</span>
        </annotation>
        <annotation annotator="" id="GO_CC_2016_02_16_Instance_100090" type="identity">
            <class id="GO:0042571" label="immunoglobulin complex, circulating"/>
            <span end="40964" id="16362077-5622" start="40956">antibody</span>
        </annotation>
        <annotation annotator="" id="GO_CC_2016_02_16_Instance_100092" type="identity">
            <class id="GO:0042571" label="immunoglobulin complex, circulating"/>
            <span end="41344" id="16362077-5624" start="41336">antibody</span>
        </annotation>
        <annotation annotator="Mike Bada, University of Colorado Anschutz Medical Campus" id="GO_CC_2016_02_16_test_Instance_20917" type="identity">
            <class id="GO:0005634" label="nucleus"/>
            <span end="41460" id="16362077-5642" start="41444">nucleus of cells</span>
        </annotation>
        <annotation annotator="Mike Bada, University of Colorado Anschutz Medical Campus" id="GO_CC_2016_02_16_test_Instance_20919" type="identity">
            <class id="GO:0005737" label="cytoplasm"/>
            <span end="41533" id="16362077-5644" start="41524">cytoplasm</span>
        </annotation>
        <annotation annotator="" id="GO_CC_2016_02_16_Instance_100094" type="identity">
            <class id="GO:0042571" label="immunoglobulin complex, circulating"/>
            <span end="42535" id="16362077-5626" start="42527">antibody</span>
        </annotation>
        <annotation annotator="" id="GO_CC_2016_02_16_Instance_100098" type="identity">
            <class id="GO:0042571" label="immunoglobulin complex, circulating"/>
            <span end="42557" id="16362077-5630" start="42549">antibody</span>
        </annotation>
        <annotation annotator="" id="GO_CC_2016_02_16_Instance_100096" type="identity">
            <class id="GO:0042571" label="immunoglobulin complex, circulating"/>
            <span end="42681" id="16362077-5628" start="42673">antibody</span>
        </annotation>
        <annotation annotator="" id="GO_CC_2016_02_16_Instance_100100" type="identity">
            <class id="GO:0042571" label="immunoglobulin complex, circulating"/>
            <span end="42763" id="16362077-5632" start="42753">antibodies</span>
        </annotation>
        <annotation annotator="Mike Bada, University of Colorado Anschutz Medical Campus" id="GO_CC_2016_02_16_test_Instance_20929" type="identity">
            <class id="GO:0005634" label="nucleus"/>
            <span end="46408" id="16362077-5646" start="46402">nuclei</span>
        </annotation>
        <annotation annotator="" id="GO_CC_2016_02_16_Instance_100102" type="identity">
            <class id="GO:0042571" label="immunoglobulin complex, circulating"/>
            <span end="47997" id="16362077-5634" start="47989">antibody</span>
        </annotation>
        <annotation annotator="" id="GO_CC_2016_02_16_Instance_100104" type="identity">
            <class id="GO:0042571" label="immunoglobulin complex, circulating"/>
            <span end="48025" id="16362077-5636" start="48015">antibodies</span>
        </annotation>
        <graph-space id="Old Knowtator Relations"/>
    </document>
</knowtator-project>
