<?xml version="1.0" encoding="UTF-8" standalone="no"?>
<knowtator-project>
    <document id="16579849" text-file="16579849.txt">
        <annotation annotator="Mike Bada, University of Colorado Anschutz Medical Campus" id="GO_CC_2016_02_16_test_Instance_20741" type="identity">
            <class id="GO:0005739" label="mitochondrion"/>
            <span end="2265" id="16579849-5931" start="2252">mitochondrial</span>
        </annotation>
        <annotation annotator="Mike Bada, University of Colorado Anschutz Medical Campus" id="GO_CC_2016_02_16_test_Instance_21739" type="identity">
            <class id="GO:0032991" label="macromolecular complex"/>
            <span end="2285" id="16579849-5933" start="2278">complex</span>
        </annotation>
        <annotation annotator="Mike Bada, University of Colorado Anschutz Medical Campus" id="GO_CC_2016_02_16_test_Instance_22441" type="identity">
            <class id="GO:0017086" label="3-methyl-2-oxobutanoate dehydrogenase (lipoamide) complex"/>
            <span end="3482" id="16579849-5956" start="3469">BCKDH complex</span>
        </annotation>
        <annotation annotator="Mike Bada, University of Colorado Anschutz Medical Campus" id="GO_CC_2016_02_16_test_Instance_21921" type="identity">
            <class id="GO:0045254" label="pyruvate dehydrogenase complex"/>
            <span end="3811" id="16579849-5935" start="3803">pyruvate</span>
            <span end="3855" id="16579849-5936" start="3832">dehydrogenase complexes</span>
        </annotation>
        <annotation annotator="Mike Bada, University of Colorado Anschutz Medical Campus" id="GO_CC_2016_02_16_test_Instance_21923" type="identity">
            <class id="GO:0045240" label="dihydrolipoyl dehydrogenase complex"/>
            <span end="3855" id="16579849-5938" start="3816">α-ketoglutarate dehydrogenase complexes</span>
        </annotation>
        <annotation annotator="Mike Bada, University of Colorado Anschutz Medical Campus" id="GO_CC_2016_02_16_test_Instance_21925" type="identity">
            <class id="GO:0005960" label="glycine cleavage complex"/>
            <span end="3891" id="16579849-5940" start="3868">glycine cleavage system</span>
        </annotation>
        <annotation annotator="Mike Bada, University of Colorado Anschutz Medical Campus" id="GO_CC_2016_02_16_test_Instance_21927" type="identity">
            <class id="GO:0005739" label="mitochondrion"/>
            <span end="6337" id="16579849-5942" start="6324">mitochondrial</span>
        </annotation>
        <annotation annotator="" id="GO_CC_2016_02_16_Instance_100258" type="identity">
            <class id="GO:0042571" label="immunoglobulin complex, circulating"/>
            <span end="9883" id="16579849-5911" start="9875">antibody</span>
        </annotation>
        <annotation annotator="Mike Bada, University of Colorado Anschutz Medical Campus" id="GO_CC_2016_02_16_test_Instance_21931" type="identity">
            <class id="GO:0005634" label="nucleus"/>
            <span end="9905" id="16579849-5944" start="9898">nuclear</span>
        </annotation>
        <annotation annotator="Mike Bada, University of Colorado Anschutz Medical Campus" id="GO_CC_2016_02_16_test_Instance_21933" type="identity">
            <class id="GO:0005739" label="mitochondrion"/>
            <span end="10246" id="16579849-5946" start="10234">mitochondria</span>
        </annotation>
        <annotation annotator="" id="GO_CC_2016_02_16_Instance_102115" type="identity">
            <class id="GO:0071735" label="IgG immunoglobulin complex"/>
            <span end="13015" id="16579849-5929" start="13012">IgG</span>
        </annotation>
        <annotation annotator="" id="GO_CC_2016_02_16_Instance_100262" type="identity">
            <class id="GO:0042571" label="immunoglobulin complex, circulating"/>
            <span end="13256" id="16579849-5913" start="13248">antibody</span>
        </annotation>
        <annotation annotator="" id="GO_CC_2016_02_16_Instance_100264" type="identity">
            <class id="GO:0042571" label="immunoglobulin complex, circulating"/>
            <span end="15718" id="16579849-5915" start="15710">antibody</span>
        </annotation>
        <annotation annotator="" id="GO_CC_2016_02_16_Instance_100266" type="identity">
            <class id="GO:0042571" label="immunoglobulin complex, circulating"/>
            <span end="15813" id="16579849-5917" start="15805">antibody</span>
        </annotation>
        <annotation annotator="" id="GO_CC_2016_02_16_Instance_100268" type="identity">
            <class id="GO:0042571" label="immunoglobulin complex, circulating"/>
            <span end="15940" id="16579849-5919" start="15932">antibody</span>
        </annotation>
        <annotation annotator="" id="GO_CC_2016_02_16_Instance_100270" type="identity">
            <class id="GO:0042571" label="immunoglobulin complex, circulating"/>
            <span end="20370" id="16579849-5921" start="20362">antibody</span>
        </annotation>
        <annotation annotator="" id="GO_CC_2016_02_16_Instance_100272" type="identity">
            <class id="GO:0042571" label="immunoglobulin complex, circulating"/>
            <span end="24580" id="16579849-5923" start="24572">antibody</span>
        </annotation>
        <annotation annotator="" id="GO_CC_2016_02_16_Instance_100274" type="identity">
            <class id="GO:0042571" label="immunoglobulin complex, circulating"/>
            <span end="24873" id="16579849-5925" start="24865">antibody</span>
        </annotation>
        <annotation annotator="Mike Bada, University of Colorado Anschutz Medical Campus" id="GO_CC_2016_02_16_test_Instance_21949" type="identity">
            <class id="GO:0045120" label="pronucleus"/>
            <span end="25035" id="16579849-5948" start="25025">Pronuclear</span>
        </annotation>
        <annotation annotator="Mike Bada, University of Colorado Anschutz Medical Campus" id="GO_CC_2016_02_16_test_Instance_31445" type="identity">
            <class id="GO:0045254" label="pyruvate dehydrogenase complex"/>
            <span end="30383" id="16579849-5958" start="30353">pyruvate dehydrogenase complex</span>
        </annotation>
        <annotation annotator="" id="GO_CC_2016_02_16_Instance_101551" type="identity">
            <class id="GO:0032991" label="macromolecular complex"/>
            <span end="30631" id="16579849-5927" start="30622">complexed</span>
        </annotation>
        <annotation annotator="Mike Bada, University of Colorado Anschutz Medical Campus" id="GO_CC_2016_02_16_test_Instance_21951" type="identity">
            <class id="GO:0005739" label="mitochondrion"/>
            <span end="36190" id="16579849-5950" start="36177">mitochondrial</span>
        </annotation>
        <annotation annotator="Mike Bada, University of Colorado Anschutz Medical Campus" id="GO_CC_2016_02_16_test_Instance_21953" type="identity">
            <class id="GO:0032991" label="macromolecular complex"/>
            <span end="38709" id="16579849-5952" start="38700">complexes</span>
        </annotation>
        <annotation annotator="Mike Bada, University of Colorado Anschutz Medical Campus" id="GO_CC_2016_02_16_test_Instance_21955" type="identity">
            <class id="GO:0005739" label="mitochondrion"/>
            <span end="38977" id="16579849-5954" start="38964">mitochondrial</span>
        </annotation>
        <graph-space id="Old Knowtator Relations"/>
    </document>
</knowtator-project>
