<?xml version="1.0" encoding="UTF-8" standalone="no"?>
<knowtator-project>
    <document id="16628246" text-file="16628246.txt">
        <annotation annotator="Mike Bada, University of Colorado Anschutz Medical Campus" id="GO_CC_2016_02_16_test_Instance_21963" type="identity">
            <class id="GO:0000805" label="X chromosome"/>
            <span end="65" id="16628246-6022" start="64">X</span>
        </annotation>
        <annotation annotator="Mike Bada, University of Colorado Anschutz Medical Campus" id="GO_CC_2016_02_16_test_Instance_21965" type="identity">
            <class id="GO:0000805" label="X chromosome"/>
            <span end="128" id="16628246-6024" start="127">X</span>
        </annotation>
        <annotation annotator="Mike Bada, University of Colorado Anschutz Medical Campus" id="GO_CC_2016_02_16_test_Instance_31449" type="identity">
            <class id="GO:0000785" label="chromatin"/>
            <span end="249" id="16628246-6140" start="240">chromatin</span>
        </annotation>
        <annotation annotator="Mike Bada, University of Colorado Anschutz Medical Campus" id="GO_CC_2016_02_16_test_Instance_22509" type="identity">
            <class id="GO:0000805" label="X chromosome"/>
            <span end="478" id="16628246-6112" start="477">X</span>
        </annotation>
        <annotation annotator="Mike Bada, University of Colorado Anschutz Medical Campus" id="GO_CC_2016_02_16_test_Instance_21967" type="identity">
            <class id="GO:0000805" label="X chromosome"/>
            <span end="519" id="16628246-6026" start="518">X</span>
        </annotation>
        <annotation annotator="Mike Bada, University of Colorado Anschutz Medical Campus" id="GO_CC_2016_02_16_test_Instance_31451" type="identity">
            <class id="GO:0000805" label="X chromosome"/>
            <span end="1046" id="16628246-6142" start="1034">X chromosome</span>
        </annotation>
        <annotation annotator="Mike Bada, University of Colorado Anschutz Medical Campus" id="GO_CC_2016_02_16_test_Instance_21969" type="identity">
            <class id="GO:0000805" label="X chromosome"/>
            <span end="1227" id="16628246-6028" start="1226">X</span>
        </annotation>
        <annotation annotator="Mike Bada, University of Colorado Anschutz Medical Campus" id="GO_CC_2016_02_16_test_Instance_31453" type="identity">
            <class id="GO:0000805" label="X chromosome"/>
            <span end="1453" id="16628246-6144" start="1441">X chromosome</span>
        </annotation>
        <annotation annotator="Mike Bada, University of Colorado Anschutz Medical Campus" id="GO_CC_2016_02_16_test_Instance_31455" type="identity">
            <class id="GO:0000785" label="chromatin"/>
            <span end="1565" id="16628246-6146" start="1556">chromatin</span>
        </annotation>
        <annotation annotator="Mike Bada, University of Colorado Anschutz Medical Campus" id="GO_CC_2016_02_16_test_Instance_31457" type="identity">
            <class id="GO:0005634" label="nucleus"/>
            <span end="1626" id="16628246-6148" start="1619">nucleus</span>
        </annotation>
        <annotation annotator="" id="GO_CC_2016_02_16_Instance_100278" type="identity">
            <class id="GO:0000803" label="sex chromosome"/>
            <span end="1767" id="16628246-5962" start="1753">sex chromosome</span>
        </annotation>
        <annotation annotator="Mike Bada, University of Colorado Anschutz Medical Campus" id="GO_CC_2016_02_16_test_Instance_21971" type="identity">
            <class id="GO:0000805" label="X chromosome"/>
            <span end="1770" id="16628246-6030" start="1769">X</span>
        </annotation>
        <annotation annotator="Mike Bada, University of Colorado Anschutz Medical Campus" id="GO_CC_2016_02_16_test_Instance_22511" type="identity">
            <class id="GO:0000805" label="X chromosome"/>
            <span end="1825" id="16628246-6114" start="1824">X</span>
        </annotation>
        <annotation annotator="" id="GO_CC_2016_02_16_Instance_100280" type="identity">
            <class id="GO:0000805" label="X chromosome"/>
            <span end="1895" id="16628246-5964" start="1894">X</span>
        </annotation>
        <annotation annotator="" id="GO_CC_2016_02_16_Instance_100282" type="identity">
            <class id="GO:0000806" label="Y chromosome"/>
            <span end="1899" id="16628246-5966" start="1898">Y</span>
        </annotation>
        <annotation annotator="" id="GO_CC_2016_02_16_Instance_100284" type="identity">
            <class id="GO:0000805" label="X chromosome"/>
            <span end="2167" id="16628246-5968" start="2166">X</span>
        </annotation>
        <annotation annotator="" id="GO_CC_2016_02_16_Instance_100288" type="identity">
            <class id="GO:0000806" label="Y chromosome"/>
            <span end="2171" id="16628246-5970" start="2170">Y</span>
        </annotation>
        <annotation annotator="Mike Bada, University of Colorado Anschutz Medical Campus" id="GO_CC_2016_02_16_test_Instance_31459" type="identity">
            <class id="GO:0000805" label="X chromosome"/>
            <span end="2345" id="16628246-6150" start="2333">X chromosome</span>
        </annotation>
        <annotation annotator="Mike Bada, University of Colorado Anschutz Medical Campus" id="GO_CC_2016_02_16_test_Instance_31461" type="identity">
            <class id="GO:0000805" label="X chromosome"/>
            <span end="2444" id="16628246-6152" start="2432">X chromosome</span>
        </annotation>
        <annotation annotator="Mike Bada, University of Colorado Anschutz Medical Campus" id="GO_CC_2016_02_16_test_Instance_22293" type="identity">
            <class id="GO:0000805" label="X chromosome"/>
            <span end="2803" id="16628246-6106" start="2791">X-chromosome</span>
        </annotation>
        <annotation annotator="Mike Bada, University of Colorado Anschutz Medical Campus" id="GO_CC_2016_02_16_test_Instance_22513" type="identity">
            <class id="GO:0000805" label="X chromosome"/>
            <span end="2836" id="16628246-6116" start="2835">X</span>
        </annotation>
        <annotation annotator="Mike Bada, University of Colorado Anschutz Medical Campus" id="GO_CC_2016_02_16_test_Instance_21973" type="identity">
            <class id="GO:0000805" label="X chromosome"/>
            <span end="2883" id="16628246-6032" start="2882">X</span>
        </annotation>
        <annotation annotator="Mike Bada, University of Colorado Anschutz Medical Campus" id="GO_CC_2016_02_16_test_Instance_21977" type="identity">
            <class id="GO:0016234" label="inclusion body"/>
            <span end="3200" id="16628246-6034" start="3184">inclusion bodies</span>
        </annotation>
        <annotation annotator="Mike Bada, University of Colorado Anschutz Medical Campus" id="GO_CC_2016_02_16_test_Instance_21981" type="identity">
            <class id="GO:0016234" label="inclusion body"/>
            <span end="3295" id="16628246-6036" start="3285">inclusions</span>
        </annotation>
        <annotation annotator="Mike Bada, University of Colorado Anschutz Medical Campus" id="GO_CC_2016_02_16_test_Instance_22417" type="identity">
            <class id="GO:0000805" label="X chromosome"/>
            <span end="3376" id="16628246-6108" start="3364">X-chromosome</span>
        </annotation>
        <annotation annotator="Mike Bada, University of Colorado Anschutz Medical Campus" id="GO_CC_2016_02_16_test_Instance_21983" type="identity">
            <class id="GO:0000805" label="X chromosome"/>
            <span end="3549" id="16628246-6038" start="3548">X</span>
        </annotation>
        <annotation annotator="Mike Bada, University of Colorado Anschutz Medical Campus" id="GO_CC_2016_02_16_test_Instance_22515" type="identity">
            <class id="GO:0000805" label="X chromosome"/>
            <span end="3636" id="16628246-6118" start="3635">X</span>
        </annotation>
        <annotation annotator="Mike Bada, University of Colorado Anschutz Medical Campus" id="GO_CC_2016_02_16_test_Instance_31467" type="identity">
            <class id="GO:0000805" label="X chromosome"/>
            <span end="4254" id="16628246-6154" start="4242">X chromosome</span>
        </annotation>
        <annotation annotator="Mike Bada, University of Colorado Anschutz Medical Campus" id="GO_CC_2016_02_16_test_Instance_31469" type="identity">
            <class id="GO:0000785" label="chromatin"/>
            <span end="4597" id="16628246-6156" start="4588">chromatin</span>
        </annotation>
        <annotation annotator="Mike Bada, University of Colorado Anschutz Medical Campus" id="GO_CC_2016_02_16_test_Instance_21985" type="identity">
            <class id="GO:0000785" label="chromatin"/>
            <span end="4643" id="16628246-6040" start="4634">chromatin</span>
        </annotation>
        <annotation annotator="Mike Bada, University of Colorado Anschutz Medical Campus" id="GO_CC_2016_02_16_test_Instance_31471" type="identity">
            <class id="GO:0000785" label="chromatin"/>
            <span end="4806" id="16628246-6158" start="4797">chromatin</span>
        </annotation>
        <annotation annotator="Mike Bada, University of Colorado Anschutz Medical Campus" id="GO_CC_2016_02_16_test_Instance_31473" type="identity">
            <class id="GO:0000792" label="heterochromatin"/>
            <span end="4857" id="16628246-6160" start="4842">heterochromatin</span>
        </annotation>
        <annotation annotator="Mike Bada, University of Colorado Anschutz Medical Campus" id="GO_CC_2016_02_16_test_Instance_21987" type="identity">
            <class id="GO:0016605" label="PML body"/>
            <span end="4919" id="16628246-6042" start="4882">promyelocytic leukemia nuclear bodies</span>
        </annotation>
        <annotation annotator="Mike Bada, University of Colorado Anschutz Medical Campus" id="GO_CC_2016_02_16_test_Instance_22517" type="identity">
            <class id="GO:0000805" label="X chromosome"/>
            <span end="5185" id="16628246-6120" start="5184">X</span>
        </annotation>
        <annotation annotator="Mike Bada, University of Colorado Anschutz Medical Campus" id="GO_CC_2016_02_16_test_Instance_21991" type="identity">
            <class id="GO:0000785" label="chromatin"/>
            <span end="5238" id="16628246-6044" start="5229">chromatin</span>
        </annotation>
        <annotation annotator="Mike Bada, University of Colorado Anschutz Medical Campus" id="GO_CC_2016_02_16_test_Instance_21993" type="identity">
            <class id="GO:0000805" label="X chromosome"/>
            <span end="5996" id="16628246-6046" start="5995">X</span>
        </annotation>
        <annotation annotator="Mike Bada, University of Colorado Anschutz Medical Campus" id="GO_CC_2016_02_16_test_Instance_21995" type="identity">
            <class id="GO:0016514" label="SWI/SNF complex"/>
            <span end="6502" id="16628246-6048" start="6495">SWI/SNF</span>
        </annotation>
        <annotation annotator="" id="GO_CC_2016_02_16_Instance_101931" type="identity">
            <class id="GO:0016514" label="SWI/SNF complex"/>
            <span end="8218" id="16628246-6016" start="8211">SWI/SNF</span>
        </annotation>
        <annotation annotator="Mike Bada, University of Colorado Anschutz Medical Campus" id="GO_CC_2016_02_16_test_Instance_21997" type="identity">
            <class id="GO:0005840" label="ribosome"/>
            <span end="11462" id="16628246-6050" start="11453">ribosomal</span>
        </annotation>
        <annotation annotator="Mike Bada, University of Colorado Anschutz Medical Campus" id="GO_CC_2016_02_16_test_Instance_22519" type="identity">
            <class id="GO:0000805" label="X chromosome"/>
            <span end="11534" id="16628246-6122" start="11533">X</span>
        </annotation>
        <annotation annotator="Mike Bada, University of Colorado Anschutz Medical Campus" id="GO_CC_2016_02_16_test_Instance_22521" type="identity">
            <class id="GO:0000805" label="X chromosome"/>
            <span end="12105" id="16628246-6124" start="12104">X</span>
        </annotation>
        <annotation annotator="Mike Bada, University of Colorado Anschutz Medical Campus" id="GO_CC_2016_02_16_test_Instance_21999" type="identity">
            <class id="GO:0000792" label="heterochromatin"/>
            <span end="12208" id="16628246-6052" start="12193">heterochromatic</span>
        </annotation>
        <annotation annotator="Mike Bada, University of Colorado Anschutz Medical Campus" id="GO_CC_2016_02_16_test_Instance_22535" type="identity">
            <class id="GO:0000805" label="X chromosome"/>
            <span end="14729" id="16628246-6138" start="14728">X</span>
        </annotation>
        <annotation annotator="" id="GO_CC_2016_02_16_Instance_100292" type="identity">
            <class id="GO:0042571" label="immunoglobulin complex, circulating"/>
            <span end="15557" id="16628246-5972" start="15549">antibody</span>
        </annotation>
        <annotation annotator="Mike Bada, University of Colorado Anschutz Medical Campus" id="GO_CC_2016_02_16_test_Instance_22003" type="identity">
            <class id="GO:0005634" label="nucleus"/>
            <span end="16059" id="16628246-6054" start="16053">nuclei</span>
        </annotation>
        <annotation annotator="Mike Bada, University of Colorado Anschutz Medical Campus" id="GO_CC_2016_02_16_test_Instance_22005" type="identity">
            <class id="GO:0005634" label="nucleus"/>
            <span end="16094" id="16628246-6056" start="16087">nuclear</span>
        </annotation>
        <annotation annotator="Mike Bada, University of Colorado Anschutz Medical Campus" id="GO_CC_2016_02_16_test_Instance_21063" type="identity">
            <class id="GO:0005721" label="pericentric heterochromatin"/>
            <span end="16161" id="16628246-6020" start="16130">pericentromeric heterochromatin</span>
        </annotation>
        <annotation annotator="" id="GO_CC_2016_02_16_Instance_100294" type="identity">
            <class id="GO:0042571" label="immunoglobulin complex, circulating"/>
            <span end="16398" id="16628246-5974" start="16390">antibody</span>
        </annotation>
        <annotation annotator="" id="GO_CC_2016_02_16_Instance_100296" type="identity">
            <class id="GO:0042571" label="immunoglobulin complex, circulating"/>
            <span end="19067" id="16628246-5976" start="19059">antibody</span>
        </annotation>
        <annotation annotator="" id="GO_CC_2016_02_16_Instance_100298" type="identity">
            <class id="GO:0042571" label="immunoglobulin complex, circulating"/>
            <span end="20611" id="16628246-5978" start="20603">antibody</span>
        </annotation>
        <annotation annotator="Mike Bada, University of Colorado Anschutz Medical Campus" id="GO_CC_2016_02_16_test_Instance_31477" type="identity">
            <class id="GO:0000805" label="X chromosome"/>
            <span end="23398" id="16628246-6162" start="23386">X chromosome</span>
        </annotation>
        <annotation annotator="Mike Bada, University of Colorado Anschutz Medical Campus" id="GO_CC_2016_02_16_test_Instance_31479" type="identity">
            <class id="GO:0000805" label="X chromosome"/>
            <span end="23599" id="16628246-6164" start="23587">X chromosome</span>
        </annotation>
        <annotation annotator="Mike Bada, University of Colorado Anschutz Medical Campus" id="GO_CC_2016_02_16_test_Instance_22013" type="identity">
            <class id="GO:0000805" label="X chromosome"/>
            <span end="23710" id="16628246-6058" start="23709">X</span>
        </annotation>
        <annotation annotator="Mike Bada, University of Colorado Anschutz Medical Campus" id="GO_CC_2016_02_16_test_Instance_22015" type="identity">
            <class id="GO:0000805" label="X chromosome"/>
            <span end="23830" id="16628246-6060" start="23829">X</span>
        </annotation>
        <annotation annotator="Mike Bada, University of Colorado Anschutz Medical Campus" id="GO_CC_2016_02_16_test_Instance_22017" type="identity">
            <class id="GO:0000805" label="X chromosome"/>
            <span end="23983" id="16628246-6062" start="23982">X</span>
        </annotation>
        <annotation annotator="" id="GO_CC_2016_02_16_Instance_100300" type="identity">
            <class id="GO:0000806" label="Y chromosome"/>
            <span end="24156" id="16628246-5980" start="24155">Y</span>
        </annotation>
        <annotation annotator="" id="GO_CC_2016_02_16_Instance_100302" type="identity">
            <class id="GO:0000806" label="Y chromosome"/>
            <span end="24473" id="16628246-5982" start="24472">Y</span>
        </annotation>
        <annotation annotator="" id="GO_CC_2016_02_16_Instance_100304" type="identity">
            <class id="GO:0000806" label="Y chromosome"/>
            <span end="24553" id="16628246-5984" start="24552">Y</span>
        </annotation>
        <annotation annotator="" id="GO_CC_2016_02_16_Instance_100306" type="identity">
            <class id="GO:0042571" label="immunoglobulin complex, circulating"/>
            <span end="24796" id="16628246-5986" start="24788">antibody</span>
        </annotation>
        <annotation annotator="Mike Bada, University of Colorado Anschutz Medical Campus" id="GO_CC_2016_02_16_test_Instance_22021" type="identity">
            <class id="GO:0000805" label="X chromosome"/>
            <span end="25345" id="16628246-6064" start="25344">X</span>
        </annotation>
        <annotation annotator="Mike Bada, University of Colorado Anschutz Medical Campus" id="GO_CC_2016_02_16_test_Instance_22023" type="identity">
            <class id="GO:0000805" label="X chromosome"/>
            <span end="25913" id="16628246-6066" start="25912">X</span>
        </annotation>
        <annotation annotator="Mike Bada, University of Colorado Anschutz Medical Campus" id="GO_CC_2016_02_16_test_Instance_22025" type="identity">
            <class id="GO:0000805" label="X chromosome"/>
            <span end="26045" id="16628246-6068" start="26044">X</span>
        </annotation>
        <annotation annotator="Mike Bada, University of Colorado Anschutz Medical Campus" id="GO_CC_2016_02_16_test_Instance_22027" type="identity">
            <class id="GO:0032991" label="macromolecular complex"/>
            <span end="27329" id="16628246-6070" start="27322">complex</span>
        </annotation>
        <annotation annotator="Mike Bada, University of Colorado Anschutz Medical Campus" id="GO_CC_2016_02_16_test_Instance_22029" type="identity">
            <class id="GO:0032991" label="macromolecular complex"/>
            <span end="27500" id="16628246-6072" start="27493">complex</span>
        </annotation>
        <annotation annotator="Mike Bada, University of Colorado Anschutz Medical Campus" id="GO_CC_2016_02_16_test_Instance_22523" type="identity">
            <class id="GO:0000805" label="X chromosome"/>
            <span end="29226" id="16628246-6126" start="29225">X</span>
        </annotation>
        <annotation annotator="Mike Bada, University of Colorado Anschutz Medical Campus" id="GO_CC_2016_02_16_test_Instance_22525" type="identity">
            <class id="GO:0000805" label="X chromosome"/>
            <span end="29426" id="16628246-6128" start="29425">X</span>
        </annotation>
        <annotation annotator="Mike Bada, University of Colorado Anschutz Medical Campus" id="GO_CC_2016_02_16_test_Instance_22527" type="identity">
            <class id="GO:0000805" label="X chromosome"/>
            <span end="29732" id="16628246-6130" start="29731">X</span>
        </annotation>
        <annotation annotator="Mike Bada, University of Colorado Anschutz Medical Campus" id="GO_CC_2016_02_16_test_Instance_22031" type="identity">
            <class id="GO:0000805" label="X chromosome"/>
            <span end="31561" id="16628246-6074" start="31560">X</span>
        </annotation>
        <annotation annotator="Mike Bada, University of Colorado Anschutz Medical Campus" id="GO_CC_2016_02_16_test_Instance_31483" type="identity">
            <class id="GO:0000785" label="chromatin"/>
            <span end="33411" id="16628246-6166" start="33402">chromatin</span>
        </annotation>
        <annotation annotator="Mike Bada, University of Colorado Anschutz Medical Campus" id="GO_CC_2016_02_16_test_Instance_22033" type="identity">
            <class id="GO:0000805" label="X chromosome"/>
            <span end="34308" id="16628246-6076" start="34307">X</span>
        </annotation>
        <annotation annotator="Mike Bada, University of Colorado Anschutz Medical Campus" id="GO_CC_2016_02_16_test_Instance_22035" type="identity">
            <class id="GO:0000805" label="X chromosome"/>
            <span end="34530" id="16628246-6078" start="34529">X</span>
        </annotation>
        <annotation annotator="Mike Bada, University of Colorado Anschutz Medical Campus" id="GO_CC_2016_02_16_test_Instance_22037" type="identity">
            <class id="GO:0000805" label="X chromosome"/>
            <span end="35374" id="16628246-6080" start="35373">X</span>
        </annotation>
        <annotation annotator="Mike Bada, University of Colorado Anschutz Medical Campus" id="GO_CC_2016_02_16_test_Instance_31489" type="identity">
            <class id="GO:0000805" label="X chromosome"/>
            <span end="35770" id="16628246-6168" start="35758">X chromosome</span>
        </annotation>
        <annotation annotator="Mike Bada, University of Colorado Anschutz Medical Campus" id="GO_CC_2016_02_16_test_Instance_31493" type="identity">
            <class id="GO:0000805" label="X chromosome"/>
            <span end="36081" id="16628246-6170" start="36069">X chromosome</span>
        </annotation>
        <annotation annotator="Mike Bada, University of Colorado Anschutz Medical Campus" id="GO_CC_2016_02_16_test_Instance_22039" type="identity">
            <class id="GO:0000805" label="X chromosome"/>
            <span end="36250" id="16628246-6082" start="36249">X</span>
        </annotation>
        <annotation annotator="Mike Bada, University of Colorado Anschutz Medical Campus" id="GO_CC_2016_02_16_test_Instance_22041" type="identity">
            <class id="GO:0000805" label="X chromosome"/>
            <span end="36654" id="16628246-6084" start="36653">X</span>
        </annotation>
        <annotation annotator="Mike Bada, University of Colorado Anschutz Medical Campus" id="GO_CC_2016_02_16_test_Instance_22043" type="identity">
            <class id="GO:0000805" label="X chromosome"/>
            <span end="36961" id="16628246-6086" start="36960">X</span>
        </annotation>
        <annotation annotator="Mike Bada, University of Colorado Anschutz Medical Campus" id="GO_CC_2016_02_16_test_Instance_31497" type="identity">
            <class id="GO:0000805" label="X chromosome"/>
            <span end="37142" id="16628246-6172" start="37130">X chromosome</span>
        </annotation>
        <annotation annotator="Mike Bada, University of Colorado Anschutz Medical Campus" id="GO_CC_2016_02_16_test_Instance_22045" type="identity">
            <class id="GO:0000805" label="X chromosome"/>
            <span end="37391" id="16628246-6088" start="37390">X</span>
        </annotation>
        <annotation annotator="Mike Bada, University of Colorado Anschutz Medical Campus" id="GO_CC_2016_02_16_test_Instance_22047" type="identity">
            <class id="GO:0000805" label="X chromosome"/>
            <span end="38750" id="16628246-6090" start="38749">X</span>
        </annotation>
        <annotation annotator="Mike Bada, University of Colorado Anschutz Medical Campus" id="GO_CC_2016_02_16_test_Instance_31503" type="identity">
            <class id="GO:0000805" label="X chromosome"/>
            <span end="39031" id="16628246-6174" start="39019">X chromosome</span>
        </annotation>
        <annotation annotator="Mike Bada, University of Colorado Anschutz Medical Campus" id="GO_CC_2016_02_16_test_Instance_22049" type="identity">
            <class id="GO:0000805" label="X chromosome"/>
            <span end="39182" id="16628246-6092" start="39181">X</span>
        </annotation>
        <annotation annotator="Mike Bada, University of Colorado Anschutz Medical Campus" id="GO_CC_2016_02_16_test_Instance_22529" type="identity">
            <class id="GO:0000805" label="X chromosome"/>
            <span end="39236" id="16628246-6132" start="39235">X</span>
        </annotation>
        <annotation annotator="Mike Bada, University of Colorado Anschutz Medical Campus" id="GO_CC_2016_02_16_test_Instance_31507" type="identity">
            <class id="GO:0000785" label="chromatin"/>
            <span end="39327" id="16628246-6176" start="39318">chromatin</span>
        </annotation>
        <annotation annotator="Mike Bada, University of Colorado Anschutz Medical Campus" id="GO_CC_2016_02_16_test_Instance_22531" type="identity">
            <class id="GO:0000805" label="X chromosome"/>
            <span end="39538" id="16628246-6134" start="39537">X</span>
        </annotation>
        <annotation annotator="Mike Bada, University of Colorado Anschutz Medical Campus" id="GO_CC_2016_02_16_test_Instance_22419" type="identity">
            <class id="GO:0000805" label="X chromosome"/>
            <span end="40138" id="16628246-6110" start="40126">X-chromosome</span>
        </annotation>
        <annotation annotator="" id="GO_CC_2016_02_16_Instance_100308" type="identity">
            <class id="GO:0042571" label="immunoglobulin complex, circulating"/>
            <span end="42474" id="16628246-5988" start="42466">antibody</span>
        </annotation>
        <annotation annotator="" id="GO_CC_2016_02_16_Instance_100310" type="identity">
            <class id="GO:0042571" label="immunoglobulin complex, circulating"/>
            <span end="44731" id="16628246-5990" start="44721">antibodies</span>
        </annotation>
        <annotation annotator="" id="GO_CC_2016_02_16_Instance_100312" type="identity">
            <class id="GO:0000806" label="Y chromosome"/>
            <span end="49026" id="16628246-5992" start="49025">Y</span>
        </annotation>
        <annotation annotator="" id="GO_CC_2016_02_16_Instance_100314" type="identity">
            <class id="GO:0042571" label="immunoglobulin complex, circulating"/>
            <span end="49290" id="16628246-5994" start="49282">antibody</span>
        </annotation>
        <annotation annotator="Mike Bada, University of Colorado Anschutz Medical Campus" id="GO_CC_2016_02_16_test_Instance_22057" type="identity">
            <class id="GO:0000805" label="X chromosome"/>
            <span end="49527" id="16628246-6094" start="49526">X</span>
        </annotation>
        <annotation annotator="Mike Bada, University of Colorado Anschutz Medical Campus" id="GO_CC_2016_02_16_test_Instance_22059" type="identity">
            <class id="GO:0000805" label="X chromosome"/>
            <span end="49789" id="16628246-6096" start="49788">X</span>
        </annotation>
        <annotation annotator="Mike Bada, University of Colorado Anschutz Medical Campus" id="GO_CC_2016_02_16_test_Instance_22533" type="identity">
            <class id="GO:0000805" label="X chromosome"/>
            <span end="50440" id="16628246-6136" start="50439">X</span>
        </annotation>
        <annotation annotator="Mike Bada, University of Colorado Anschutz Medical Campus" id="GO_CC_2016_02_16_test_Instance_22061" type="identity">
            <class id="GO:0005840" label="ribosome"/>
            <span end="51388" id="16628246-6098" start="51379">ribosomal</span>
        </annotation>
        <annotation annotator="" id="GO_CC_2016_02_16_Instance_101933" type="identity">
            <class id="GO:0016514" label="SWI/SNF complex"/>
            <span end="51958" id="16628246-6018" start="51951">SWI/SNF</span>
        </annotation>
        <annotation annotator="" id="GO_CC_2016_02_16_Instance_100316" type="identity">
            <class id="GO:0042571" label="immunoglobulin complex, circulating"/>
            <span end="52336" id="16628246-5996" start="52326">antibodies</span>
        </annotation>
        <annotation annotator="Mike Bada, University of Colorado Anschutz Medical Campus" id="GO_CC_2016_02_16_test_Instance_22065" type="identity">
            <class id="GO:0000805" label="X chromosome"/>
            <span end="53217" id="16628246-6100" start="53205">X chromosome</span>
        </annotation>
        <annotation annotator="" id="GO_CC_2016_02_16_Instance_100318" type="identity">
            <class id="GO:0042571" label="immunoglobulin complex, circulating"/>
            <span end="54535" id="16628246-5998" start="54527">antibody</span>
        </annotation>
        <annotation annotator="Mike Bada, University of Colorado Anschutz Medical Campus" id="GO_CC_2016_02_16_test_Instance_22069" type="identity">
            <class id="GO:0000806" label="Y chromosome"/>
            <span end="57347" id="16628246-6102" start="57335">Y chromosome</span>
        </annotation>
        <annotation annotator="" id="GO_CC_2016_02_16_Instance_100320" type="identity">
            <class id="GO:0042571" label="immunoglobulin complex, circulating"/>
            <span end="57594" id="16628246-6000" start="57586">antibody</span>
        </annotation>
        <annotation annotator="" id="GO_CC_2016_02_16_Instance_100322" type="identity">
            <class id="GO:0042571" label="immunoglobulin complex, circulating"/>
            <span end="58638" id="16628246-6002" start="58630">antibody</span>
        </annotation>
        <annotation annotator="" id="GO_CC_2016_02_16_Instance_100324" type="identity">
            <class id="GO:0042571" label="immunoglobulin complex, circulating"/>
            <span end="58890" id="16628246-6004" start="58882">antibody</span>
        </annotation>
        <annotation annotator="" id="GO_CC_2016_02_16_Instance_100326" type="identity">
            <class id="GO:0000806" label="Y chromosome"/>
            <span end="59847" id="16628246-6006" start="59846">Y</span>
        </annotation>
        <annotation annotator="" id="GO_CC_2016_02_16_Instance_100328" type="identity">
            <class id="GO:0042571" label="immunoglobulin complex, circulating"/>
            <span end="60094" id="16628246-6008" start="60086">antibody</span>
        </annotation>
        <annotation annotator="" id="GO_CC_2016_02_16_Instance_100330" type="identity">
            <class id="GO:0042571" label="immunoglobulin complex, circulating"/>
            <span end="60215" id="16628246-6010" start="60207">antibody</span>
        </annotation>
        <annotation annotator="" id="GO_CC_2016_02_16_Instance_100332" type="identity">
            <class id="GO:0000806" label="Y chromosome"/>
            <span end="60632" id="16628246-6012" start="60631">Y</span>
        </annotation>
        <annotation annotator="" id="GO_CC_2016_02_16_Instance_100334" type="identity">
            <class id="GO:0042571" label="immunoglobulin complex, circulating"/>
            <span end="60753" id="16628246-6014" start="60745">antibody</span>
        </annotation>
        <annotation annotator="Mike Bada, University of Colorado Anschutz Medical Campus" id="GO_CC_2016_02_16_test_Instance_22085" type="identity">
            <class id="GO:0000805" label="X chromosome"/>
            <span end="61920" id="16628246-6104" start="61919">X</span>
        </annotation>
        <graph-space id="Old Knowtator Relations"/>
    </document>
</knowtator-project>
