<?xml version="1.0" encoding="UTF-8" standalone="no"?>
<knowtator-project>
    <document id="16670015" text-file="16670015.txt">
        <annotation annotator="Mike Bada, University of Colorado Anschutz Medical Campus" id="GO_CC_2016_02_16_test_Instance_31517" type="identity">
            <class id="GO:0005622" label="intracellular"/>
            <span end="29900" id="16670015-6182" start="29887">intracellular</span>
        </annotation>
        <annotation annotator="Mike Bada, University of Colorado Anschutz Medical Campus" id="GO_CC_2016_02_16_test_Instance_22093" type="identity">
            <class id="GO:0000502" label="proteasome complex"/>
            <span end="32833" id="16670015-6180" start="32822">proteasomal</span>
        </annotation>
        <graph-space id="Old Knowtator Relations"/>
    </document>
</knowtator-project>
