<?xml version="1.0" encoding="UTF-8" standalone="no"?>
<knowtator-project>
  <document id="16700629" text-file="16700629.txt">
    <annotation annotator="Mike Bada, University of Colorado Anschutz Medical Campus" id="GO_CC_2016_02_16_test_Instance_31519" type="identity">
      <class id="GO:0000805" label="X chromosome"/>
      <span end="2408" id="16700629-6233" start="2396">X chromosome</span>
    </annotation>
    <annotation annotator="Mike Bada, University of Colorado Anschutz Medical Campus" id="GO_CC_2016_02_16_test_Instance_21839" type="identity">
      <class id="GO:0000806" label="Y chromosome"/>
      <span end="3223" id="16700629-6211" start="3211">Y chromosome</span>
    </annotation>
    <annotation annotator="Mike Bada, University of Colorado Anschutz Medical Campus" id="GO_CC_2016_02_16_test_Instance_22091" type="identity">
      <class id="GO:0005576" label="extracellular region"/>
      <span end="5434" id="16700629-6213" start="5421">extracellular</span>
    </annotation>
    <annotation annotator="Mike Bada, University of Colorado Anschutz Medical Campus" id="GO_CC_2016_02_16_test_Instance_22295" type="identity">
      <class id="GO:0000806" label="Y chromosome"/>
      <span end="7498" id="16700629-6215" start="7497">Y</span>
    </annotation>
    <annotation annotator="" id="GO_CC_2016_02_16_Instance_100344" type="identity">
      <class id="GO:0042571" label="immunoglobulin complex, circulating"/>
      <span end="7925" id="16700629-6187" start="7917">antibody</span>
    </annotation>
    <annotation annotator="Mike Bada, University of Colorado Anschutz Medical Campus" id="GO_CC_2016_02_16_test_Instance_21065" type="identity">
      <class id="GO:0005886" label="plasma membrane"/>
      <span end="8462" id="16700629-6209" start="8449">cell membrane</span>
    </annotation>
    <annotation annotator="Mike Bada, University of Colorado Anschutz Medical Campus" id="GO_CC_2016_02_16_test_Instance_31521" type="identity">
      <class id="GO:0005634" label="nucleus"/>
      <span end="9958" id="16700629-6235" start="9951">nucleus</span>
    </annotation>
    <annotation annotator="Mike Bada, University of Colorado Anschutz Medical Campus" id="GO_CC_2016_02_16_test_Instance_31523" type="identity">
      <class id="GO:0005622" label="intracellular"/>
      <span end="10024" id="16700629-6237" start="10011">intracellular</span>
    </annotation>
    <annotation annotator="Mike Bada, University of Colorado Anschutz Medical Campus" id="GO_CC_2016_02_16_test_Instance_31525" type="identity">
      <class id="GO:0005622" label="intracellular"/>
      <span end="10255" id="16700629-6239" start="10242">intracellular</span>
    </annotation>
    <annotation annotator="" id="GO_CC_2016_02_16_Instance_100346" type="identity">
      <class id="GO:0042571" label="immunoglobulin complex, circulating"/>
      <span end="10302" id="16700629-6189" start="10294">antibody</span>
    </annotation>
    <annotation annotator="Mike Bada, University of Colorado Anschutz Medical Campus" id="GO_CC_2016_02_16_test_Instance_22301" type="identity">
      <class id="GO:0005634" label="nucleus"/>
      <span end="10344" id="16700629-6217" start="10337">nuclear</span>
    </annotation>
    <annotation annotator="Mike Bada, University of Colorado Anschutz Medical Campus" id="GO_CC_2016_02_16_test_Instance_22303" type="identity">
      <class id="GO:0031012" label="extracellular matrix"/>
      <span end="11623" id="16700629-6219" start="11603">extracellular matrix</span>
    </annotation>
    <annotation annotator="" id="GO_CC_2016_02_16_Instance_100348" type="identity">
      <class id="GO:0042571" label="immunoglobulin complex, circulating"/>
      <span end="11770" id="16700629-6191" start="11762">antibody</span>
    </annotation>
    <annotation annotator="Mike Bada, University of Colorado Anschutz Medical Campus" id="GO_CC_2016_02_16_test_Instance_31527" type="identity">
      <class id="GO:0031012" label="extracellular matrix"/>
      <span end="12463" id="16700629-6241" start="12443">extracellular matrix</span>
    </annotation>
    <annotation annotator="Mike Bada, University of Colorado Anschutz Medical Campus" id="GO_CC_2016_02_16_test_Instance_22311" type="identity">
      <class id="GO:0005634" label="nucleus"/>
      <span end="13381" id="16700629-6221" start="13374">nuclear</span>
    </annotation>
    <annotation annotator="" id="GO_CC_2016_02_16_Instance_100350" type="identity">
      <class id="GO:0042571" label="immunoglobulin complex, circulating"/>
      <span end="20840" id="16700629-6193" start="20832">antibody</span>
    </annotation>
    <annotation annotator="" id="GO_CC_2016_02_16_Instance_100352" type="identity">
      <class id="GO:0042571" label="immunoglobulin complex, circulating"/>
      <span end="21239" id="16700629-6195" start="21231">antibody</span>
    </annotation>
    <annotation annotator="Mike Bada, University of Colorado Anschutz Medical Campus" id="GO_CC_2016_02_16_test_Instance_31529" type="identity">
      <class id="GO:0005622" label="intracellular"/>
      <span end="26397" id="16700629-6243" start="26384">intracellular</span>
    </annotation>
    <annotation annotator="Mike Bada, University of Colorado Anschutz Medical Campus" id="GO_CC_2016_02_16_test_Instance_31531" type="identity">
      <class id="GO:0005622" label="intracellular"/>
      <span end="26519" id="16700629-6245" start="26506">intracellular</span>
    </annotation>
    <annotation annotator="Mike Bada, University of Colorado Anschutz Medical Campus" id="GO_CC_2016_02_16_test_Instance_31533" type="identity">
      <class id="GO:0031012" label="extracellular matrix"/>
      <span end="27867" id="16700629-6247" start="27847">extracellular matrix</span>
    </annotation>
    <annotation annotator="Mike Bada, University of Colorado Anschutz Medical Campus" id="GO_CC_2016_02_16_test_Instance_22321" type="identity">
      <class id="GO:0000806" label="Y chromosome"/>
      <span end="31024" id="16700629-6223" start="31012">Y chromosome</span>
    </annotation>
    <annotation annotator="" id="GO_CC_2016_02_16_Instance_100356" type="identity">
      <class id="GO:0042571" label="immunoglobulin complex, circulating"/>
      <span end="31636" id="16700629-6197" start="31626">Antibodies</span>
    </annotation>
    <annotation annotator="" id="GO_CC_2016_02_16_Instance_100360" type="identity">
      <class id="GO:0042571" label="immunoglobulin complex, circulating"/>
      <span end="32075" id="16700629-6201" start="32067">Antibody</span>
    </annotation>
    <annotation annotator="" id="GO_CC_2016_02_16_Instance_100358" type="identity">
      <class id="GO:0042571" label="immunoglobulin complex, circulating"/>
      <span end="32146" id="16700629-6199" start="32136">antibodies</span>
    </annotation>
    <annotation annotator="" id="GO_CC_2016_02_16_Instance_102117" type="identity">
      <class id="GO:0071735" label="IgG immunoglobulin complex"/>
      <span end="32362" id="16700629-6207" start="32359">IgG</span>
    </annotation>
    <annotation annotator="" id="GO_CC_2016_02_16_Instance_100364" type="identity">
      <class id="GO:0042571" label="immunoglobulin complex, circulating"/>
      <span end="32408" id="16700629-6205" start="32400">antibody</span>
    </annotation>
    <annotation annotator="" id="GO_CC_2016_02_16_Instance_100362" type="identity">
      <class id="GO:0042571" label="immunoglobulin complex, circulating"/>
      <span end="32540" id="16700629-6203" start="32532">antibody</span>
    </annotation>
    <annotation annotator="Mike Bada, University of Colorado Anschutz Medical Campus" id="GO_CC_2016_02_16_test_Instance_31537" type="identity">
      <class id="GO:0031012" label="extracellular matrix"/>
      <span end="33186" id="16700629-6249" start="33166">extracellular matrix</span>
    </annotation>
    <annotation annotator="Mike Bada, University of Colorado Anschutz Medical Campus" id="GO_CC_2016_02_16_test_Instance_22335" type="identity">
      <class id="GO:0005634" label="nucleus"/>
      <span end="33579" id="16700629-6225" start="33572">nuclear</span>
    </annotation>
    <annotation annotator="Mike Bada, University of Colorado Anschutz Medical Campus" id="GO_CC_2016_02_16_test_Instance_22337" type="identity">
      <class id="GO:0000806" label="Y chromosome"/>
      <span end="35034" id="16700629-6227" start="35033">Y</span>
    </annotation>
    <annotation annotator="Mike Bada, University of Colorado Anschutz Medical Campus" id="GO_CC_2016_02_16_test_Instance_22339" type="identity">
      <class id="GO:0005634" label="nucleus"/>
      <span end="36477" id="16700629-6229" start="36470">nuclear</span>
    </annotation>
    <annotation annotator="Mike Bada, University of Colorado Anschutz Medical Campus" id="GO_CC_2016_02_16_test_Instance_22341" type="identity">
      <class id="GO:0005634" label="nucleus"/>
      <span end="36906" id="16700629-6231" start="36899">nuclear</span>
    </annotation>
    <graph-space id="Old Knowtator Relations"/>
  </document>
</knowtator-project>
