<?xml version="1.0" encoding="UTF-8" standalone="no"?>
<knowtator-project>
    <document id="16870721" text-file="16870721.txt">
        <annotation annotator="Mike Bada, University of Colorado Anschutz Medical Campus" id="GO_CC_2016_02_16_test_Instance_22407" type="identity">
            <class id="GO:0030849" label="autosome"/>
            <span end="3408" id="16870721-6268" start="3399">autosomal</span>
        </annotation>
        <annotation annotator="" id="GO_CC_2016_02_16_Instance_100484" type="identity">
            <class id="GO:0042571" label="immunoglobulin complex, circulating"/>
            <span end="13493" id="16870721-6252" start="13483">antibodies</span>
        </annotation>
        <annotation annotator="" id="GO_CC_2016_02_16_Instance_100486" type="identity">
            <class id="GO:0042571" label="immunoglobulin complex, circulating"/>
            <span end="13565" id="16870721-6254" start="13555">antibodies</span>
        </annotation>
        <annotation annotator="" id="GO_CC_2016_02_16_Instance_102119" type="identity">
            <class id="GO:0071735" label="IgG immunoglobulin complex"/>
            <span end="13620" id="16870721-6262" start="13617">IgG</span>
        </annotation>
        <annotation annotator="" id="GO_CC_2016_02_16_Instance_102121" type="identity">
            <class id="GO:0071735" label="IgG immunoglobulin complex"/>
            <span end="13640" id="16870721-6264" start="13637">IgG</span>
        </annotation>
        <annotation annotator="" id="GO_CC_2016_02_16_Instance_100488" type="identity">
            <class id="GO:0042571" label="immunoglobulin complex, circulating"/>
            <span end="15371" id="16870721-6256" start="15363">antibody</span>
        </annotation>
        <annotation annotator="" id="GO_CC_2016_02_16_Instance_102053" type="identity">
            <class id="GO:0071159" label="NF-kappaB complex"/>
            <span end="21397" id="16870721-6260" start="21392">NF-KB</span>
        </annotation>
        <annotation annotator="" id="GO_CC_2016_02_16_Instance_100490" type="identity">
            <class id="GO:0042571" label="immunoglobulin complex, circulating"/>
            <span end="25331" id="16870721-6258" start="25323">antibody</span>
        </annotation>
        <annotation annotator="Mike Bada, University of Colorado Anschutz Medical Campus" id="GO_CC_2016_02_16_test_Instance_20793" type="identity">
            <class id="GO:0005634" label="nucleus"/>
            <span end="27555" id="16870721-6266" start="27548">nuclear</span>
        </annotation>
        <graph-space id="Old Knowtator Relations"/>
    </document>
</knowtator-project>
