<?xml version="1.0" encoding="UTF-8" standalone="no"?>
<knowtator-project>
  <document id="17022820" text-file="17022820.txt">
    <annotation annotator="" id="GO_CC_2016_02_16_Instance_101781" type="identity">
      <class id="GO:0009986" label="cell surface"/>
      <span end="3264" id="17022820-6416" start="3257">surface</span>
    </annotation>
    <annotation annotator="Mike Bada, University of Colorado Anschutz Medical Campus" id="GO_CC_2016_02_16_test_Instance_22193" type="identity">
      <class id="GO:0005577" label="fibrinogen complex"/>
      <span end="9926" id="17022820-6418" start="9916">fibrinogen</span>
    </annotation>
    <annotation annotator="" id="GO_CC_2016_02_16_Instance_100536" type="identity">
      <class id="GO:0042571" label="immunoglobulin complex, circulating"/>
      <span end="10517" id="17022820-6408" start="10509">antibody</span>
    </annotation>
    <annotation annotator="" id="GO_CC_2016_02_16_Instance_100538" type="identity">
      <class id="GO:0042571" label="immunoglobulin complex, circulating"/>
      <span end="10919" id="17022820-6410" start="10911">antibody</span>
    </annotation>
    <annotation annotator="Mike Bada, University of Colorado Anschutz Medical Campus" id="GO_CC_2016_02_16_test_Instance_22195" type="identity">
      <class id="GO:0005577" label="fibrinogen complex"/>
      <span end="10975" id="17022820-6420" start="10965">fibrinogen</span>
    </annotation>
    <annotation annotator="" id="GO_CC_2016_02_16_Instance_100540" type="identity">
      <class id="GO:0042571" label="immunoglobulin complex, circulating"/>
      <span end="11011" id="17022820-6412" start="11001">antibodies</span>
    </annotation>
    <annotation annotator="Mike Bada, University of Colorado Anschutz Medical Campus" id="GO_CC_2016_02_16_test_Instance_22197" type="identity">
      <class id="GO:0005577" label="fibrinogen complex"/>
      <span end="11043" id="17022820-6422" start="11033">fibrinogen</span>
    </annotation>
    <annotation annotator="Mike Bada, University of Colorado Anschutz Medical Campus" id="GO_CC_2016_02_16_test_Instance_22199" type="identity">
      <class id="GO:0005577" label="fibrinogen complex"/>
      <span end="18210" id="17022820-6424" start="18200">fibrinogen</span>
    </annotation>
    <annotation annotator="Mike Bada, University of Colorado Anschutz Medical Campus" id="GO_CC_2016_02_16_test_Instance_22201" type="identity">
      <class id="GO:0005577" label="fibrinogen complex"/>
      <span end="23971" id="17022820-6426" start="23961">fibrinogen</span>
    </annotation>
    <annotation annotator="Mike Bada, University of Colorado Anschutz Medical Campus" id="GO_CC_2016_02_16_test_Instance_31739" type="identity">
      <class id="GO:0031012" label="extracellular matrix"/>
      <span end="33337" id="17022820-6428" start="33317">extracellular matrix</span>
    </annotation>
    <annotation annotator="" id="GO_CC_2016_02_16_Instance_100542" type="identity">
      <class id="GO:0031012" label="extracellular matrix"/>
      <span end="34614" id="17022820-6414" start="34608">matrix</span>
    </annotation>
    <annotation annotator="Mike Bada, University of Colorado Anschutz Medical Campus" id="GO_CC_2016_02_16_test_Instance_31753" type="identity">
      <class id="GO:0031012" label="extracellular matrix"/>
      <span end="35827" id="17022820-6430" start="35807">extracellular matrix</span>
    </annotation>
    <graph-space id="Old Knowtator Relations"/>
  </document>
</knowtator-project>
