<?xml version="1.0" encoding="UTF-8" standalone="no"?>
<knowtator-project>
  <document id="17069463" text-file="17069463.txt">
    <annotation annotator="Mike Bada, University of Colorado Anschutz Medical Campus" id="GO_CC_2016_02_16_test_Instance_22905" type="identity">
      <class id="GO:0005739" label="mitochondrion"/>
      <span end="699" id="17069463-6515" start="686">mitochondrial</span>
    </annotation>
    <annotation annotator="Mike Bada, University of Colorado Anschutz Medical Campus" id="GO_CC_2016_02_16_test_Instance_31765" type="identity">
      <class id="GO:0005829" label="cytosol"/>
      <span end="993" id="17069463-6636" start="986">cytosol</span>
    </annotation>
    <annotation annotator="" id="GO_CC_2016_02_16_Instance_101507" type="identity">
      <class id="GO:0005634" label="nucleus"/>
      <span end="2429" id="17069463-6502" start="2422">nuclear</span>
    </annotation>
    <annotation annotator="Mike Bada, University of Colorado Anschutz Medical Campus" id="GO_CC_2016_02_16_test_Instance_23089" type="identity">
      <class id="GO:0005829" label="cytosol"/>
      <span end="2441" id="17069463-6630" start="2434">cytosol</span>
    </annotation>
    <annotation annotator="Mike Bada, University of Colorado Anschutz Medical Campus" id="GO_CC_2016_02_16_test_Instance_22899" type="identity">
      <class id="GO:0005739" label="mitochondrion"/>
      <span end="2749" id="17069463-6513" start="2736">mitochondrial</span>
    </annotation>
    <annotation annotator="" id="GO_CC_2016_02_16_Instance_100556" type="identity">
      <class id="GO:0072686" label="mitotic spindle"/>
      <span end="3733" id="17069463-6434" start="3718">mitotic spindle</span>
    </annotation>
    <annotation annotator="Mike Bada, University of Colorado Anschutz Medical Campus" id="GO_CC_2016_02_16_test_Instance_31769" type="identity">
      <class id="GO:0005635" label="nuclear envelope"/>
      <span end="3767" id="17069463-6638" start="3751">nuclear envelope</span>
    </annotation>
    <annotation annotator="Mike Bada, University of Colorado Anschutz Medical Campus" id="GO_CC_2016_02_16_test_Instance_31771" type="identity">
      <class id="GO:0005635" label="nuclear envelope"/>
      <span end="3816" id="17069463-6640" start="3800">nuclear envelope</span>
    </annotation>
    <annotation annotator="Mike Bada, University of Colorado Anschutz Medical Campus" id="GO_CC_2016_02_16_test_Instance_31773" type="identity">
      <class id="GO:0000776" label="kinetochore"/>
      <span end="3843" id="17069463-6642" start="3832">kinetochore</span>
    </annotation>
    <annotation annotator="Mike Bada, University of Colorado Anschutz Medical Campus" id="GO_CC_2016_02_16_test_Instance_22915" type="identity">
      <class id="GO:0005634" label="nucleus"/>
      <span end="4317" id="17069463-6517" start="4310">nuclear</span>
    </annotation>
    <annotation annotator="" id="GO_CC_2016_02_16_Instance_100558" type="identity">
      <class id="GO:0042571" label="immunoglobulin complex, circulating"/>
      <span end="4372" id="17069463-6436" start="4362">antibodies</span>
    </annotation>
    <annotation annotator="Mike Bada, University of Colorado Anschutz Medical Campus" id="GO_CC_2016_02_16_test_Instance_22919" type="identity">
      <class id="GO:0005634" label="nucleus"/>
      <span end="4407" id="17069463-6519" start="4400">nuclear</span>
    </annotation>
    <annotation annotator="Mike Bada, University of Colorado Anschutz Medical Campus" id="GO_CC_2016_02_16_test_Instance_22921" type="identity">
      <class id="GO:0005874" label="microtubule"/>
      <span end="4830" id="17069463-6521" start="4819">microtubule</span>
    </annotation>
    <annotation annotator="" id="GO_CC_2016_02_16_Instance_100568" type="identity">
      <class id="GO:0008541" label="proteasome regulatory particle, lid subcomplex"/>
      <span end="5302" id="17069463-6444" start="5296">cap of</span>
      <span end="5317" id="17069463-6445" start="5307">proteasome</span>
    </annotation>
    <annotation annotator="Mike Bada, University of Colorado Anschutz Medical Campus" id="GO_CC_2016_02_16_test_Instance_22923" type="identity">
      <class id="GO:0005634" label="nucleus"/>
      <span end="5385" id="17069463-6523" start="5378">nuclear</span>
    </annotation>
    <annotation annotator="Mike Bada, University of Colorado Anschutz Medical Campus" id="GO_CC_2016_02_16_test_Instance_22925" type="identity">
      <class id="GO:0005829" label="cytosol"/>
      <span end="5632" id="17069463-6525" start="5623">cytosolic</span>
    </annotation>
    <annotation annotator="" id="GO_CC_2016_02_16_Instance_100560" type="identity">
      <class id="GO:1990876" label="cytoplasmic side of nuclear pore"/>
      <span end="5683" id="17069463-6438" start="5666">cytosolic face of</span>
      <span end="5708" id="17069463-6439" start="5688">nuclear pore complex</span>
    </annotation>
    <annotation annotator="" id="GO_CC_2016_02_16_Instance_100562" type="identity">
      <class id="GO:1990876" label="cytoplasmic side of nuclear pore"/>
      <span end="5683" id="17069463-6441" start="5666">cytosolic face of</span>
      <span end="5713" id="17069463-6442" start="5710">NPC</span>
    </annotation>
    <annotation annotator="Mike Bada, University of Colorado Anschutz Medical Campus" id="GO_CC_2016_02_16_test_Instance_22927" type="identity">
      <class id="GO:0005739" label="mitochondrion"/>
      <span end="5795" id="17069463-6527" start="5783">mitochondria</span>
    </annotation>
    <annotation annotator="Mike Bada, University of Colorado Anschutz Medical Campus" id="GO_CC_2016_02_16_test_Instance_22929" type="identity">
      <class id="GO:0005737" label="cytoplasm"/>
      <span end="5914" id="17069463-6529" start="5903">cytoplasmic</span>
    </annotation>
    <annotation annotator="Mike Bada, University of Colorado Anschutz Medical Campus" id="GO_CC_2016_02_16_test_Instance_22931" type="identity">
      <class id="GO:0005737" label="cytoplasm"/>
      <span end="5974" id="17069463-6531" start="5963">cytoplasmic</span>
    </annotation>
    <annotation annotator="Mike Bada, University of Colorado Anschutz Medical Campus" id="GO_CC_2016_02_16_test_Instance_31777" type="identity">
      <class id="GO:0005643" label="nuclear pore"/>
      <span end="6011" id="17069463-6644" start="5998">nuclear pores</span>
    </annotation>
    <annotation annotator="" id="GO_CC_2016_02_16_Instance_100570" type="identity">
      <class id="GO:0008541" label="proteasome regulatory particle, lid subcomplex"/>
      <span end="6391" id="17069463-6447" start="6388">cap</span>
    </annotation>
    <annotation annotator="Mike Bada, University of Colorado Anschutz Medical Campus" id="GO_CC_2016_02_16_test_Instance_22933" type="identity">
      <class id="GO:0000502" label="proteasome complex"/>
      <span end="6418" id="17069463-6533" start="6408">proteasome</span>
    </annotation>
    <annotation annotator="Mike Bada, University of Colorado Anschutz Medical Campus" id="GO_CC_2016_02_16_test_Instance_22935" type="identity">
      <class id="GO:0030849" label="autosome"/>
      <span end="6741" id="17069463-6535" start="6732">autosomal</span>
    </annotation>
    <annotation annotator="Mike Bada, University of Colorado Anschutz Medical Campus" id="GO_CC_2016_02_16_test_Instance_22937" type="identity">
      <class id="GO:0005739" label="mitochondrion"/>
      <span end="6915" id="17069463-6537" start="6902">mitochondrial</span>
    </annotation>
    <annotation annotator="Mike Bada, University of Colorado Anschutz Medical Campus" id="GO_CC_2016_02_16_test_Instance_22945" type="identity">
      <class id="GO:0032473" label="cytoplasmic side of mitochondrial outer membrane"/>
      <span end="7021" id="17069463-6541" start="7002">cytoplasmic face of</span>
      <span end="7038" id="17069463-6542" start="7026">mitochondria</span>
    </annotation>
    <annotation annotator="Mike Bada, University of Colorado Anschutz Medical Campus" id="GO_CC_2016_02_16_test_Instance_22939" type="identity">
      <class id="GO:0005739" label="mitochondrion"/>
      <span end="7139" id="17069463-6539" start="7126">mitochondrial</span>
    </annotation>
    <annotation annotator="Mike Bada, University of Colorado Anschutz Medical Campus" id="GO_CC_2016_02_16_test_Instance_22947" type="identity">
      <class id="GO:0005739" label="mitochondrion"/>
      <span end="8668" id="17069463-6544" start="8655">mitochondrial</span>
    </annotation>
    <annotation annotator="" id="GO_CC_2016_02_16_Instance_100574" type="identity">
      <class id="GO:0019867" label="outer membrane"/>
      <span end="8706" id="17069463-6449" start="8692">outer membrane</span>
    </annotation>
    <annotation annotator="" id="GO_CC_2016_02_16_Instance_100576" type="identity">
      <class id="GO:0042571" label="immunoglobulin complex, circulating"/>
      <span end="9088" id="17069463-6451" start="9078">antibodies</span>
    </annotation>
    <annotation annotator="Mike Bada, University of Colorado Anschutz Medical Campus" id="GO_CC_2016_02_16_test_Instance_22953" type="identity">
      <class id="GO:0005739" label="mitochondrion"/>
      <span end="10386" id="17069463-6546" start="10373">mitochondrial</span>
    </annotation>
    <annotation annotator="Mike Bada, University of Colorado Anschutz Medical Campus" id="GO_CC_2016_02_16_test_Instance_22955" type="identity">
      <class id="GO:0016020" label="membrane"/>
      <span end="10413" id="17069463-6548" start="10405">membrane</span>
    </annotation>
    <annotation annotator="Mike Bada, University of Colorado Anschutz Medical Campus" id="GO_CC_2016_02_16_test_Instance_22957" type="identity">
      <class id="GO:0005829" label="cytosol"/>
      <span end="10811" id="17069463-6550" start="10802">cytosolic</span>
    </annotation>
    <annotation annotator="Mike Bada, University of Colorado Anschutz Medical Campus" id="GO_CC_2016_02_16_test_Instance_23101" type="identity">
      <class id="GO:0005758" label="mitochondrial intermembrane space"/>
      <span end="10913" id="17069463-6632" start="10886">mitochondrial intermembrane</span>
    </annotation>
    <annotation annotator="" id="GO_CC_2016_02_16_Instance_100578" type="identity">
      <class id="GO:0042571" label="immunoglobulin complex, circulating"/>
      <span end="11538" id="17069463-6453" start="11528">antibodies</span>
    </annotation>
    <annotation annotator="Mike Bada, University of Colorado Anschutz Medical Campus" id="GO_CC_2016_02_16_test_Instance_22963" type="identity">
      <class id="GO:0032991" label="macromolecular complex"/>
      <span end="11603" id="17069463-6552" start="11596">complex</span>
    </annotation>
    <annotation annotator="" id="GO_CC_2016_02_16_Instance_100580" type="identity">
      <class id="GO:0042571" label="immunoglobulin complex, circulating"/>
      <span end="11760" id="17069463-6455" start="11750">antibodies</span>
    </annotation>
    <annotation annotator="" id="GO_CC_2016_02_16_Instance_100582" type="identity">
      <class id="GO:0042571" label="immunoglobulin complex, circulating"/>
      <span end="11887" id="17069463-6457" start="11877">antibodies</span>
    </annotation>
    <annotation annotator="Mike Bada, University of Colorado Anschutz Medical Campus" id="GO_CC_2016_02_16_test_Instance_22969" type="identity">
      <class id="GO:0005643" label="nuclear pore"/>
      <span end="15529" id="17069463-6554" start="15525">NPCs</span>
    </annotation>
    <annotation annotator="Mike Bada, University of Colorado Anschutz Medical Campus" id="GO_CC_2016_02_16_test_Instance_22971" type="identity">
      <class id="GO:0005739" label="mitochondrion"/>
      <span end="15616" id="17069463-6556" start="15604">mitochondria</span>
    </annotation>
    <annotation annotator="Mike Bada, University of Colorado Anschutz Medical Campus" id="GO_CC_2016_02_16_test_Instance_22977" type="identity">
      <class id="GO:0005739" label="mitochondrion"/>
      <span end="15983" id="17069463-6560" start="15971">mitochondria</span>
    </annotation>
    <annotation annotator="" id="GO_CC_2016_02_16_Instance_100586" type="identity">
      <class id="GO:0042571" label="immunoglobulin complex, circulating"/>
      <span end="16186" id="17069463-6459" start="16176">antibodies</span>
    </annotation>
    <annotation annotator="Mike Bada, University of Colorado Anschutz Medical Campus" id="GO_CC_2016_02_16_test_Instance_22975" type="identity">
      <class id="GO:0005739" label="mitochondrion"/>
      <span end="16257" id="17069463-6558" start="16245">mitochondria</span>
    </annotation>
    <annotation annotator="" id="GO_CC_2016_02_16_Instance_101509" type="identity">
      <class id="GO:0005634" label="nucleus"/>
      <span end="16844" id="17069463-6504" start="16837">nuclear</span>
    </annotation>
    <annotation annotator="Mike Bada, University of Colorado Anschutz Medical Campus" id="GO_CC_2016_02_16_test_Instance_22979" type="identity">
      <class id="GO:0001917" label="photoreceptor inner segment"/>
      <span end="16891" id="17069463-6562" start="16886">inner</span>
      <span end="16921" id="17069463-6563" start="16914">segment</span>
    </annotation>
    <annotation annotator="Mike Bada, University of Colorado Anschutz Medical Campus" id="GO_CC_2016_02_16_test_Instance_22981" type="identity">
      <class id="GO:0005739" label="mitochondrion"/>
      <span end="17155" id="17069463-6565" start="17143">mitochondria</span>
    </annotation>
    <annotation annotator="" id="GO_CC_2016_02_16_Instance_100588" type="identity">
      <class id="GO:0005634" label="nucleus"/>
      <span end="17656" id="17069463-6461" start="17649">nuclear</span>
    </annotation>
    <annotation annotator="Mike Bada, University of Colorado Anschutz Medical Campus" id="GO_CC_2016_02_16_test_Instance_31779" type="identity">
      <class id="GO:0005840" label="ribosome"/>
      <span end="19164" id="17069463-6646" start="19156">ribosome</span>
    </annotation>
    <annotation annotator="" id="GO_CC_2016_02_16_Instance_100590" type="identity">
      <class id="GO:0044297" label="cell body"/>
      <span end="19266" id="17069463-6463" start="19255">cell bodies</span>
    </annotation>
    <annotation annotator="Mike Bada, University of Colorado Anschutz Medical Campus" id="GO_CC_2016_02_16_test_Instance_22985" type="identity">
      <class id="GO:0030424" label="axon"/>
      <span end="19334" id="17069463-6567" start="19318">axonal processes</span>
    </annotation>
    <annotation annotator="Mike Bada, University of Colorado Anschutz Medical Campus" id="GO_CC_2016_02_16_test_Instance_22987" type="identity">
      <class id="GO:0001917" label="photoreceptor inner segment"/>
      <span end="20273" id="17069463-6569" start="20260">inner segment</span>
    </annotation>
    <annotation annotator="Mike Bada, University of Colorado Anschutz Medical Campus" id="GO_CC_2016_02_16_test_Instance_22989" type="identity">
      <class id="GO:0045202" label="synapse"/>
      <span end="20418" id="17069463-6571" start="20410">synaptic</span>
    </annotation>
    <annotation annotator="Mike Bada, University of Colorado Anschutz Medical Campus" id="GO_CC_2016_02_16_test_Instance_22991" type="identity">
      <class id="GO:0001750" label="photoreceptor outer segment"/>
      <span end="20461" id="17069463-6573" start="20430">outer segment of photoreceptors</span>
    </annotation>
    <annotation annotator="Mike Bada, University of Colorado Anschutz Medical Campus" id="GO_CC_2016_02_16_test_Instance_22995" type="identity">
      <class id="GO:0001750" label="photoreceptor outer segment"/>
      <span end="20551" id="17069463-6577" start="20538">outer segment</span>
    </annotation>
    <annotation annotator="Mike Bada, University of Colorado Anschutz Medical Campus" id="GO_CC_2016_02_16_test_Instance_22997" type="identity">
      <class id="GO:0001917" label="photoreceptor inner segment"/>
      <span end="20575" id="17069463-6579" start="20562">inner segment</span>
    </annotation>
    <annotation annotator="" id="GO_CC_2016_02_16_Instance_101511" type="identity">
      <class id="GO:0005634" label="nucleus"/>
      <span end="20595" id="17069463-6506" start="20588">nuclear</span>
    </annotation>
    <annotation annotator="Mike Bada, University of Colorado Anschutz Medical Campus" id="GO_CC_2016_02_16_test_Instance_22993" type="identity">
      <class id="GO:0045202" label="synapse"/>
      <span end="20633" id="17069463-6575" start="20625">synaptic</span>
    </annotation>
    <annotation annotator="" id="GO_CC_2016_02_16_Instance_100592" type="identity">
      <class id="GO:0005634" label="nucleus"/>
      <span end="20660" id="17069463-6465" start="20653">nuclear</span>
    </annotation>
    <annotation annotator="Mike Bada, University of Colorado Anschutz Medical Campus" id="GO_CC_2016_02_16_test_Instance_22999" type="identity">
      <class id="GO:0045202" label="synapse"/>
      <span end="20698" id="17069463-6581" start="20690">synaptic</span>
    </annotation>
    <annotation annotator="Mike Bada, University of Colorado Anschutz Medical Campus" id="GO_CC_2016_02_16_test_Instance_23001" type="identity">
      <class id="GO:0005643" label="nuclear pore"/>
      <span end="21145" id="17069463-6583" start="21141">NPCs</span>
    </annotation>
    <annotation annotator="Mike Bada, University of Colorado Anschutz Medical Campus" id="GO_CC_2016_02_16_test_Instance_23003" type="identity">
      <class id="GO:0005739" label="mitochondrion"/>
      <span end="22472" id="17069463-6585" start="22460">mitochondria</span>
    </annotation>
    <annotation annotator="Mike Bada, University of Colorado Anschutz Medical Campus" id="GO_CC_2016_02_16_test_Instance_23005" type="identity">
      <class id="GO:0045202" label="synapse"/>
      <span end="22686" id="17069463-6587" start="22678">synaptic</span>
    </annotation>
    <annotation annotator="Mike Bada, University of Colorado Anschutz Medical Campus" id="GO_CC_2016_02_16_test_Instance_23007" type="identity">
      <class id="GO:0005643" label="nuclear pore"/>
      <span end="22834" id="17069463-6589" start="22830">NPCs</span>
    </annotation>
    <annotation annotator="Mike Bada, University of Colorado Anschutz Medical Campus" id="GO_CC_2016_02_16_test_Instance_23011" type="identity">
      <class id="GO:0005643" label="nuclear pore"/>
      <span end="22986" id="17069463-6591" start="22982">NPCs</span>
    </annotation>
    <annotation annotator="" id="GO_CC_2016_02_16_Instance_102065" type="identity">
      <class id="GO:0005643" label="nuclear pore"/>
      <span end="22995" id="17069463-6508" start="22992">NPC</span>
    </annotation>
    <annotation annotator="Mike Bada, University of Colorado Anschutz Medical Campus" id="GO_CC_2016_02_16_test_Instance_31781" type="identity">
      <class id="GO:0005635" label="nuclear envelope"/>
      <span end="23024" id="17069463-6648" start="23008">nuclear envelope</span>
    </annotation>
    <annotation annotator="" id="GO_CC_2016_02_16_Instance_100596" type="identity">
      <class id="GO:0042571" label="immunoglobulin complex, circulating"/>
      <span end="23166" id="17069463-6467" start="23156">antibodies</span>
    </annotation>
    <annotation annotator="Mike Bada, University of Colorado Anschutz Medical Campus" id="GO_CC_2016_02_16_test_Instance_23015" type="identity">
      <class id="GO:0005739" label="mitochondrion"/>
      <span end="33248" id="17069463-6593" start="33235">mitochondrial</span>
    </annotation>
    <annotation annotator="Mike Bada, University of Colorado Anschutz Medical Campus" id="GO_CC_2016_02_16_test_Instance_23017" type="identity">
      <class id="GO:0005643" label="nuclear pore"/>
      <span end="33256" id="17069463-6595" start="33253">NPC</span>
    </annotation>
    <annotation annotator="" id="GO_CC_2016_02_16_Instance_100600" type="identity">
      <class id="GO:0008541" label="proteasome regulatory particle, lid subcomplex"/>
      <span end="34720" id="17069463-6469" start="34714">cap of</span>
      <span end="34735" id="17069463-6470" start="34725">proteasome</span>
    </annotation>
    <annotation annotator="Mike Bada, University of Colorado Anschutz Medical Campus" id="GO_CC_2016_02_16_test_Instance_23103" type="identity">
      <class id="GO:0000502" label="proteasome complex"/>
      <span end="34944" id="17069463-6634" start="34934">proteasome</span>
    </annotation>
    <annotation annotator="Mike Bada, University of Colorado Anschutz Medical Campus" id="GO_CC_2016_02_16_test_Instance_23019" type="identity">
      <class id="GO:0000502" label="proteasome complex"/>
      <span end="35501" id="17069463-6597" start="35491">proteasome</span>
    </annotation>
    <annotation annotator="Mike Bada, University of Colorado Anschutz Medical Campus" id="GO_CC_2016_02_16_test_Instance_31783" type="identity">
      <class id="GO:0005622" label="intracellular"/>
      <span end="36566" id="17069463-6650" start="36553">intracellular</span>
    </annotation>
    <annotation annotator="Mike Bada, University of Colorado Anschutz Medical Campus" id="GO_CC_2016_02_16_test_Instance_31785" type="identity">
      <class id="GO:0005622" label="intracellular"/>
      <span end="36874" id="17069463-6652" start="36861">intracellular</span>
    </annotation>
    <annotation annotator="" id="GO_CC_2016_02_16_Instance_102067" type="identity">
      <class id="GO:0008541" label="proteasome regulatory particle, lid subcomplex"/>
      <span end="37331" id="17069463-6510" start="37325">cap of</span>
      <span end="37346" id="17069463-6511" start="37336">proteasome</span>
    </annotation>
    <annotation annotator="Mike Bada, University of Colorado Anschutz Medical Campus" id="GO_CC_2016_02_16_test_Instance_23021" type="identity">
      <class id="GO:0005634" label="nucleus"/>
      <span end="37495" id="17069463-6599" start="37488">nuclear</span>
    </annotation>
    <annotation annotator="Mike Bada, University of Colorado Anschutz Medical Campus" id="GO_CC_2016_02_16_test_Instance_23023" type="identity">
      <class id="GO:0005634" label="nucleus"/>
      <span end="37595" id="17069463-6601" start="37588">nuclear</span>
    </annotation>
    <annotation annotator="Mike Bada, University of Colorado Anschutz Medical Campus" id="GO_CC_2016_02_16_test_Instance_23025" type="identity">
      <class id="GO:0001917" label="photoreceptor inner segment"/>
      <span end="38964" id="17069463-6603" start="38959">inner</span>
      <span end="38982" id="17069463-6604" start="38975">segment</span>
    </annotation>
    <annotation annotator="Mike Bada, University of Colorado Anschutz Medical Campus" id="GO_CC_2016_02_16_test_Instance_23027" type="identity">
      <class id="GO:0001750" label="photoreceptor outer segment"/>
      <span end="38982" id="17069463-6606" start="38969">outer segment</span>
    </annotation>
    <annotation annotator="Mike Bada, University of Colorado Anschutz Medical Campus" id="GO_CC_2016_02_16_test_Instance_31787" type="identity">
      <class id="GO:0005622" label="intracellular"/>
      <span end="39488" id="17069463-6654" start="39475">intracellular</span>
    </annotation>
    <annotation annotator="Mike Bada, University of Colorado Anschutz Medical Campus" id="GO_CC_2016_02_16_test_Instance_23029" type="identity">
      <class id="GO:0001917" label="photoreceptor inner segment"/>
      <span end="39720" id="17069463-6608" start="39707">inner segment</span>
    </annotation>
    <annotation annotator="Mike Bada, University of Colorado Anschutz Medical Campus" id="GO_CC_2016_02_16_test_Instance_23031" type="identity">
      <class id="GO:0001750" label="photoreceptor outer segment"/>
      <span end="39744" id="17069463-6610" start="39731">outer segment</span>
    </annotation>
    <annotation annotator="Mike Bada, University of Colorado Anschutz Medical Campus" id="GO_CC_2016_02_16_test_Instance_23033" type="identity">
      <class id="GO:0031080" label="nuclear pore outer ring"/>
      <span end="40291" id="17069463-6612" start="40270">Nup107-Nup160 complex</span>
    </annotation>
    <annotation annotator="Mike Bada, University of Colorado Anschutz Medical Campus" id="GO_CC_2016_02_16_test_Instance_31789" type="identity">
      <class id="GO:0005643" label="nuclear pore"/>
      <span end="40380" id="17069463-6656" start="40368">nuclear pore</span>
    </annotation>
    <annotation annotator="" id="GO_CC_2016_02_16_Instance_100604" type="identity">
      <class id="GO:0042571" label="immunoglobulin complex, circulating"/>
      <span end="43301" id="17069463-6472" start="43291">antibodies</span>
    </annotation>
    <annotation annotator="" id="GO_CC_2016_02_16_Instance_100606" type="identity">
      <class id="GO:0042571" label="immunoglobulin complex, circulating"/>
      <span end="43647" id="17069463-6474" start="43639">antibody</span>
    </annotation>
    <annotation annotator="" id="GO_CC_2016_02_16_Instance_100608" type="identity">
      <class id="GO:0042571" label="immunoglobulin complex, circulating"/>
      <span end="43694" id="17069463-6476" start="43686">antibody</span>
    </annotation>
    <annotation annotator="" id="GO_CC_2016_02_16_Instance_100610" type="identity">
      <class id="GO:0042571" label="immunoglobulin complex, circulating"/>
      <span end="44605" id="17069463-6478" start="44595">Antibodies</span>
    </annotation>
    <annotation annotator="" id="GO_CC_2016_02_16_Instance_100618" type="identity">
      <class id="GO:0042571" label="immunoglobulin complex, circulating"/>
      <span end="44804" id="17069463-6486" start="44794">antibodies</span>
    </annotation>
    <annotation annotator="" id="GO_CC_2016_02_16_Instance_100614" type="identity">
      <class id="GO:0042571" label="immunoglobulin complex, circulating"/>
      <span end="44873" id="17069463-6482" start="44865">antibody</span>
    </annotation>
    <annotation annotator="" id="GO_CC_2016_02_16_Instance_100612" type="identity">
      <class id="GO:0042571" label="immunoglobulin complex, circulating"/>
      <span end="44958" id="17069463-6480" start="44948">antibodies</span>
    </annotation>
    <annotation annotator="" id="GO_CC_2016_02_16_Instance_100616" type="identity">
      <class id="GO:0042571" label="immunoglobulin complex, circulating"/>
      <span end="45072" id="17069463-6484" start="45062">antibodies</span>
    </annotation>
    <annotation annotator="" id="GO_CC_2016_02_16_Instance_100620" type="identity">
      <class id="GO:0042571" label="immunoglobulin complex, circulating"/>
      <span end="45920" id="17069463-6488" start="45910">antibodies</span>
    </annotation>
    <annotation annotator="" id="GO_CC_2016_02_16_Instance_100622" type="identity">
      <class id="GO:0042571" label="immunoglobulin complex, circulating"/>
      <span end="46020" id="17069463-6490" start="46010">antibodies</span>
    </annotation>
    <annotation annotator="Mike Bada, University of Colorado Anschutz Medical Campus" id="GO_CC_2016_02_16_test_Instance_31791" type="identity">
      <class id="GO:0005840" label="ribosome"/>
      <span end="48226" id="17069463-6658" start="48218">ribosome</span>
    </annotation>
    <annotation annotator="" id="GO_CC_2016_02_16_Instance_100624" type="identity">
      <class id="GO:0042571" label="immunoglobulin complex, circulating"/>
      <span end="52530" id="17069463-6492" start="52520">antibodies</span>
    </annotation>
    <annotation annotator="" id="GO_CC_2016_02_16_Instance_100626" type="identity">
      <class id="GO:0042571" label="immunoglobulin complex, circulating"/>
      <span end="52832" id="17069463-6494" start="52822">Antibodies</span>
    </annotation>
    <annotation annotator="Mike Bada, University of Colorado Anschutz Medical Campus" id="GO_CC_2016_02_16_test_Instance_23059" type="identity">
      <class id="GO:0001917" label="photoreceptor inner segment"/>
      <span end="52924" id="17069463-6614" start="52911">inner segment</span>
    </annotation>
    <annotation annotator="Mike Bada, University of Colorado Anschutz Medical Campus" id="GO_CC_2016_02_16_test_Instance_23061" type="identity">
      <class id="GO:0001917" label="photoreceptor inner segment"/>
      <span end="53096" id="17069463-6616" start="53058">inner segment of photoreceptor neurons</span>
    </annotation>
    <annotation annotator="Mike Bada, University of Colorado Anschutz Medical Campus" id="GO_CC_2016_02_16_test_Instance_23063" type="identity">
      <class id="GO:0045202" label="synapse"/>
      <span end="53174" id="17069463-6618" start="53166">synaptic</span>
    </annotation>
    <annotation annotator="Mike Bada, University of Colorado Anschutz Medical Campus" id="GO_CC_2016_02_16_test_Instance_23065" type="identity">
      <class id="GO:0045202" label="synapse"/>
      <span end="53369" id="17069463-6620" start="53361">synaptic</span>
    </annotation>
    <annotation annotator="Mike Bada, University of Colorado Anschutz Medical Campus" id="GO_CC_2016_02_16_test_Instance_23067" type="identity">
      <class id="GO:0001750" label="photoreceptor outer segment"/>
      <span end="53439" id="17069463-6622" start="53426">outer segment</span>
    </annotation>
    <annotation annotator="Mike Bada, University of Colorado Anschutz Medical Campus" id="GO_CC_2016_02_16_test_Instance_23069" type="identity">
      <class id="GO:0001917" label="photoreceptor inner segment"/>
      <span end="53463" id="17069463-6624" start="53450">inner segment</span>
    </annotation>
    <annotation annotator="" id="GO_CC_2016_02_16_Instance_100628" type="identity">
      <class id="GO:0005634" label="nucleus"/>
      <span end="53483" id="17069463-6496" start="53476">nuclear</span>
    </annotation>
    <annotation annotator="" id="GO_CC_2016_02_16_Instance_100630" type="identity">
      <class id="GO:0005634" label="nucleus"/>
      <span end="53537" id="17069463-6498" start="53530">nuclear</span>
    </annotation>
    <annotation annotator="Mike Bada, University of Colorado Anschutz Medical Campus" id="GO_CC_2016_02_16_test_Instance_23071" type="identity">
      <class id="GO:0005739" label="mitochondrion"/>
      <span end="53653" id="17069463-6626" start="53641">mitochondria</span>
    </annotation>
    <annotation annotator="" id="GO_CC_2016_02_16_Instance_100632" type="identity">
      <class id="GO:0042571" label="immunoglobulin complex, circulating"/>
      <span end="54109" id="17069463-6500" start="54099">antibodies</span>
    </annotation>
    <annotation annotator="Mike Bada, University of Colorado Anschutz Medical Campus" id="GO_CC_2016_02_16_test_Instance_23075" type="identity">
      <class id="GO:0005643" label="nuclear pore"/>
      <span end="54471" id="17069463-6628" start="54468">NPC</span>
    </annotation>
    <annotation annotator="Mike Bada, University of Colorado Anschutz Medical Campus" id="GO_CC_2016_02_16_test_Instance_31793" type="identity">
      <class id="GO:0005643" label="nuclear pore"/>
      <span end="54494" id="17069463-6660" start="54474">nuclear pore complex</span>
    </annotation>
    <graph-space id="Old Knowtator Relations"/>
  </document>
</knowtator-project>
