<?xml version="1.0" encoding="UTF-8" standalone="no"?>
<knowtator-project>
    <document id="17078885" text-file="17078885.txt">
        <annotation annotator="Mike Bada, University of Colorado Anschutz Medical Campus" id="GO_CC_2016_02_16_test_Instance_31795" type="identity">
            <class id="GO:0043235" label="receptor complex"/>
            <span end="3559" id="17078885-6672" start="3543">receptor complex</span>
        </annotation>
        <annotation annotator="" id="GO_CC_2016_02_16_Instance_110000" type="identity">
            <class id="GO:0048180" label="activin complex"/>
            <span end="4478" id="17078885-6666" start="4471">Activin</span>
        </annotation>
        <annotation annotator="Mike Bada, University of Colorado Anschutz Medical Campus" id="GO_CC_2016_02_16_test_Instance_31797" type="identity">
            <class id="GO:0043235" label="receptor complex"/>
            <span end="25089" id="17078885-6674" start="25073">receptor complex</span>
        </annotation>
        <annotation annotator="Mike Bada, University of Colorado Anschutz Medical Campus" id="GO_CC_2016_02_16_test_Instance_23105" type="identity">
            <class id="GO:0032991" label="macromolecular complex"/>
            <span end="25304" id="17078885-6670" start="25297">complex</span>
        </annotation>
        <annotation annotator="" id="GO_CC_2016_02_16_Instance_140002" type="identity">
            <class id="GO:0048180" label="activin complex"/>
            <span end="25321" id="17078885-6668" start="25314">Activin</span>
        </annotation>
        <annotation annotator="" id="GO_CC_2016_02_16_Instance_100650" type="identity">
            <class id="GO:0042571" label="immunoglobulin complex, circulating"/>
            <span end="32211" id="17078885-6664" start="32201">antibodies</span>
        </annotation>
        <graph-space id="Old Knowtator Relations"/>
    </document>
</knowtator-project>
