<?xml version="1.0" encoding="UTF-8" standalone="no"?>
<knowtator-project>
    <document id="17083276" text-file="17083276.txt">
        <annotation annotator="Mike Bada, University of Colorado Anschutz Medical Campus" id="GO_CC_2016_02_16_test_Instance_23109" type="identity">
            <class id="GO:0033186" label="CAF-1 complex"/>
            <span end="5" id="17083276-6774" start="0">CAF-1</span>
        </annotation>
        <annotation annotator="Mike Bada, University of Colorado Anschutz Medical Campus" id="GO_CC_2016_02_16_test_Instance_31801" type="identity">
            <class id="GO:0000792" label="heterochromatin"/>
            <span end="38" id="17083276-7019" start="23">Heterochromatin</span>
        </annotation>
        <annotation annotator="Mike Bada, University of Colorado Anschutz Medical Campus" id="GO_CC_2016_02_16_test_Instance_31803" type="identity">
            <class id="GO:0000785" label="chromatin"/>
            <span end="133" id="17083276-7021" start="124">chromatin</span>
        </annotation>
        <annotation annotator="Mike Bada, University of Colorado Anschutz Medical Campus" id="GO_CC_2016_02_16_test_Instance_31805" type="identity">
            <class id="GO:0000785" label="chromatin"/>
            <span end="261" id="17083276-7023" start="252">chromatin</span>
        </annotation>
        <annotation annotator="Mike Bada, University of Colorado Anschutz Medical Campus" id="GO_CC_2016_02_16_test_Instance_23111" type="identity">
            <class id="GO:0033186" label="CAF-1 complex"/>
            <span end="348" id="17083276-6776" start="321">chromatin assembly factor 1</span>
        </annotation>
        <annotation annotator="Mike Bada, University of Colorado Anschutz Medical Campus" id="GO_CC_2016_02_16_test_Instance_23113" type="identity">
            <class id="GO:0033186" label="CAF-1 complex"/>
            <span end="355" id="17083276-6778" start="350">CAF-1</span>
        </annotation>
        <annotation annotator="Mike Bada, University of Colorado Anschutz Medical Campus" id="GO_CC_2016_02_16_test_Instance_23115" type="identity">
            <class id="GO:0005634" label="nucleus"/>
            <span end="674" id="17083276-6780" start="667">nuclear</span>
        </annotation>
        <annotation annotator="Mike Bada, University of Colorado Anschutz Medical Campus" id="GO_CC_2016_02_16_test_Instance_31809" type="identity">
            <class id="GO:0000792" label="heterochromatin"/>
            <span end="719" id="17083276-7025" start="704">heterochromatin</span>
        </annotation>
        <annotation annotator="Mike Bada, University of Colorado Anschutz Medical Campus" id="GO_CC_2016_02_16_test_Instance_31811" type="identity">
            <class id="GO:0000792" label="heterochromatin"/>
            <span end="783" id="17083276-7027" start="768">heterochromatin</span>
        </annotation>
        <annotation annotator="Mike Bada, University of Colorado Anschutz Medical Campus" id="GO_CC_2016_02_16_test_Instance_31813" type="identity">
            <class id="GO:0000792" label="heterochromatin"/>
            <span end="950" id="17083276-7029" start="935">heterochromatin</span>
        </annotation>
        <annotation annotator="Mike Bada, University of Colorado Anschutz Medical Campus" id="GO_CC_2016_02_16_test_Instance_31815" type="identity">
            <class id="GO:0000792" label="heterochromatin"/>
            <span end="1008" id="17083276-7031" start="993">heterochromatin</span>
        </annotation>
        <annotation annotator="Mike Bada, University of Colorado Anschutz Medical Campus" id="GO_CC_2016_02_16_test_Instance_23117" type="identity">
            <class id="GO:0033186" label="CAF-1 complex"/>
            <span end="1076" id="17083276-6782" start="1071">CAF-1</span>
        </annotation>
        <annotation annotator="Mike Bada, University of Colorado Anschutz Medical Campus" id="GO_CC_2016_02_16_test_Instance_31817" type="identity">
            <class id="GO:0000792" label="heterochromatin"/>
            <span end="1126" id="17083276-7033" start="1111">heterochromatin</span>
        </annotation>
        <annotation annotator="Mike Bada, University of Colorado Anschutz Medical Campus" id="GO_CC_2016_02_16_test_Instance_21195" type="identity">
            <class id="GO:0005721" label="pericentric heterochromatin"/>
            <span end="1335" id="17083276-6735" start="1308">pericentric heterochromatin</span>
        </annotation>
        <annotation annotator="Mike Bada, University of Colorado Anschutz Medical Campus" id="GO_CC_2016_02_16_test_Instance_23119" type="identity">
            <class id="GO:0033186" label="CAF-1 complex"/>
            <span end="1371" id="17083276-6784" start="1366">CAF-1</span>
        </annotation>
        <annotation annotator="Mike Bada, University of Colorado Anschutz Medical Campus" id="GO_CC_2016_02_16_test_Instance_21197" type="identity">
            <class id="GO:0005721" label="pericentric heterochromatin"/>
            <span end="1496" id="17083276-6737" start="1469">pericentric heterochromatin</span>
        </annotation>
        <annotation annotator="Mike Bada, University of Colorado Anschutz Medical Campus" id="GO_CC_2016_02_16_test_Instance_31819" type="identity">
            <class id="GO:0000792" label="heterochromatin"/>
            <span end="1534" id="17083276-7035" start="1519">heterochromatin</span>
        </annotation>
        <annotation annotator="Mike Bada, University of Colorado Anschutz Medical Campus" id="GO_CC_2016_02_16_test_Instance_23121" type="identity">
            <class id="GO:0033186" label="CAF-1 complex"/>
            <span end="1673" id="17083276-6786" start="1668">CAF-1</span>
        </annotation>
        <annotation annotator="Mike Bada, University of Colorado Anschutz Medical Campus" id="GO_CC_2016_02_16_test_Instance_31821" type="identity">
            <class id="GO:0000792" label="heterochromatin"/>
            <span end="1718" id="17083276-7037" start="1703">heterochromatin</span>
        </annotation>
        <annotation annotator="Mike Bada, University of Colorado Anschutz Medical Campus" id="GO_CC_2016_02_16_test_Instance_31823" type="identity">
            <class id="GO:0000785" label="chromatin"/>
            <span end="1812" id="17083276-7039" start="1803">chromatin</span>
        </annotation>
        <annotation annotator="Mike Bada, University of Colorado Anschutz Medical Campus" id="GO_CC_2016_02_16_test_Instance_31825" type="identity">
            <class id="GO:0000785" label="chromatin"/>
            <span end="1972" id="17083276-7041" start="1963">Chromatin</span>
        </annotation>
        <annotation annotator="Mike Bada, University of Colorado Anschutz Medical Campus" id="GO_CC_2016_02_16_test_Instance_31827" type="identity">
            <class id="GO:0000786" label="nucleosome"/>
            <span end="2076" id="17083276-7043" start="2065">nucleosomes</span>
        </annotation>
        <annotation annotator="Mike Bada, University of Colorado Anschutz Medical Campus" id="GO_CC_2016_02_16_test_Instance_31829" type="identity">
            <class id="GO:0000786" label="nucleosome"/>
            <span end="2206" id="17083276-7045" start="2195">nucleosomes</span>
        </annotation>
        <annotation annotator="Mike Bada, University of Colorado Anschutz Medical Campus" id="GO_CC_2016_02_16_test_Instance_31831" type="identity">
            <class id="GO:0000785" label="chromatin"/>
            <span end="2390" id="17083276-7047" start="2381">chromatin</span>
        </annotation>
        <annotation annotator="Mike Bada, University of Colorado Anschutz Medical Campus" id="GO_CC_2016_02_16_test_Instance_31833" type="identity">
            <class id="GO:0000785" label="chromatin"/>
            <span end="2522" id="17083276-7049" start="2513">chromatin</span>
        </annotation>
        <annotation annotator="Mike Bada, University of Colorado Anschutz Medical Campus" id="GO_CC_2016_02_16_test_Instance_31835" type="identity">
            <class id="GO:0000786" label="nucleosome"/>
            <span end="2571" id="17083276-7051" start="2560">nucleosomes</span>
        </annotation>
        <annotation annotator="Mike Bada, University of Colorado Anschutz Medical Campus" id="GO_CC_2016_02_16_test_Instance_31837" type="identity">
            <class id="GO:0000786" label="nucleosome"/>
            <span end="2611" id="17083276-7053" start="2600">nucleosomes</span>
        </annotation>
        <annotation annotator="Mike Bada, University of Colorado Anschutz Medical Campus" id="GO_CC_2016_02_16_test_Instance_31839" type="identity">
            <class id="GO:0000785" label="chromatin"/>
            <span end="2750" id="17083276-7055" start="2741">chromatin</span>
        </annotation>
        <annotation annotator="Mike Bada, University of Colorado Anschutz Medical Campus" id="GO_CC_2016_02_16_test_Instance_23467" type="identity">
            <class id="GO:0033186" label="CAF-1 complex"/>
            <span end="2773" id="17083276-7007" start="2768">CAF-1</span>
        </annotation>
        <annotation annotator="Mike Bada, University of Colorado Anschutz Medical Campus" id="GO_CC_2016_02_16_test_Instance_23123" type="identity">
            <class id="GO:0033186" label="CAF-1 complex"/>
            <span end="2858" id="17083276-6788" start="2853">CAF-1</span>
        </annotation>
        <annotation annotator="Mike Bada, University of Colorado Anschutz Medical Campus" id="GO_CC_2016_02_16_test_Instance_23125" type="identity">
            <class id="GO:0033186" label="CAF-1 complex"/>
            <span end="2962" id="17083276-6790" start="2957">CAF-1</span>
        </annotation>
        <annotation annotator="Mike Bada, University of Colorado Anschutz Medical Campus" id="GO_CC_2016_02_16_test_Instance_31841" type="identity">
            <class id="GO:0005634" label="nucleus"/>
            <span end="3040" id="17083276-7057" start="3033">nucleus</span>
        </annotation>
        <annotation annotator="Mike Bada, University of Colorado Anschutz Medical Campus" id="GO_CC_2016_02_16_test_Instance_31843" type="identity">
            <class id="GO:0000785" label="chromatin"/>
            <span end="3121" id="17083276-7059" start="3112">chromatin</span>
        </annotation>
        <annotation annotator="Mike Bada, University of Colorado Anschutz Medical Campus" id="GO_CC_2016_02_16_test_Instance_31845" type="identity">
            <class id="GO:0000785" label="chromatin"/>
            <span end="3568" id="17083276-7061" start="3559">chromatin</span>
        </annotation>
        <annotation annotator="Mike Bada, University of Colorado Anschutz Medical Campus" id="GO_CC_2016_02_16_test_Instance_31847" type="identity">
            <class id="GO:0000785" label="chromatin"/>
            <span end="3670" id="17083276-7063" start="3661">chromatin</span>
        </annotation>
        <annotation annotator="Mike Bada, University of Colorado Anschutz Medical Campus" id="GO_CC_2016_02_16_test_Instance_23469" type="identity">
            <class id="GO:0000785" label="chromatin"/>
            <span end="3855" id="17083276-7009" start="3846">chromatin</span>
        </annotation>
        <annotation annotator="" id="GO_CC_2016_02_16_Instance_100654" type="identity">
            <class id="GO:0032991" label="macromolecular complex"/>
            <span end="3876" id="17083276-6678" start="3867">complexes</span>
        </annotation>
        <annotation annotator="Mike Bada, University of Colorado Anschutz Medical Campus" id="GO_CC_2016_02_16_test_Instance_31849" type="identity">
            <class id="GO:0000786" label="nucleosome"/>
            <span end="3914" id="17083276-7065" start="3904">nucleosome</span>
        </annotation>
        <annotation annotator="Mike Bada, University of Colorado Anschutz Medical Campus" id="GO_CC_2016_02_16_test_Instance_31851" type="identity">
            <class id="GO:0000785" label="chromatin"/>
            <span end="3995" id="17083276-7067" start="3986">chromatin</span>
        </annotation>
        <annotation annotator="Mike Bada, University of Colorado Anschutz Medical Campus" id="GO_CC_2016_02_16_test_Instance_23127" type="identity">
            <class id="GO:0033186" label="CAF-1 complex"/>
            <span end="4099" id="17083276-6792" start="4072">chromatin assembly factor 1</span>
        </annotation>
        <annotation annotator="Mike Bada, University of Colorado Anschutz Medical Campus" id="GO_CC_2016_02_16_test_Instance_23129" type="identity">
            <class id="GO:0033186" label="CAF-1 complex"/>
            <span end="4106" id="17083276-6794" start="4101">CAF-1</span>
        </annotation>
        <annotation annotator="Mike Bada, University of Colorado Anschutz Medical Campus" id="GO_CC_2016_02_16_test_Instance_23131" type="identity">
            <class id="GO:0032991" label="macromolecular complex"/>
            <span end="4155" id="17083276-6796" start="4148">complex</span>
        </annotation>
        <annotation annotator="Mike Bada, University of Colorado Anschutz Medical Campus" id="GO_CC_2016_02_16_test_Instance_23133" type="identity">
            <class id="GO:0033186" label="CAF-1 complex"/>
            <span end="4287" id="17083276-6798" start="4282">CAF-1</span>
        </annotation>
        <annotation annotator="Mike Bada, University of Colorado Anschutz Medical Campus" id="GO_CC_2016_02_16_test_Instance_31855" type="identity">
            <class id="GO:0000785" label="chromatin"/>
            <span end="4339" id="17083276-7069" start="4330">chromatin</span>
        </annotation>
        <annotation annotator="Mike Bada, University of Colorado Anschutz Medical Campus" id="GO_CC_2016_02_16_test_Instance_31857" type="identity">
            <class id="GO:0000785" label="chromatin"/>
            <span end="4558" id="17083276-7071" start="4549">chromatin</span>
        </annotation>
        <annotation annotator="Mike Bada, University of Colorado Anschutz Medical Campus" id="GO_CC_2016_02_16_test_Instance_23135" type="identity">
            <class id="GO:0033186" label="CAF-1 complex"/>
            <span end="4583" id="17083276-6800" start="4578">CAF-1</span>
        </annotation>
        <annotation annotator="Mike Bada, University of Colorado Anschutz Medical Campus" id="GO_CC_2016_02_16_test_Instance_31859" type="identity">
            <class id="GO:0000792" label="heterochromatin"/>
            <span end="4642" id="17083276-7073" start="4627">heterochromatin</span>
        </annotation>
        <annotation annotator="Mike Bada, University of Colorado Anschutz Medical Campus" id="GO_CC_2016_02_16_test_Instance_31861" type="identity">
            <class id="GO:0000792" label="heterochromatin"/>
            <span end="4669" id="17083276-7075" start="4654">heterochromatin</span>
        </annotation>
        <annotation annotator="Mike Bada, University of Colorado Anschutz Medical Campus" id="GO_CC_2016_02_16_test_Instance_21199" type="identity">
            <class id="GO:0005721" label="pericentric heterochromatin"/>
            <span end="4968" id="17083276-6739" start="4941">pericentric heterochromatin</span>
        </annotation>
        <annotation annotator="Mike Bada, University of Colorado Anschutz Medical Campus" id="GO_CC_2016_02_16_test_Instance_23137" type="identity">
            <class id="GO:0033186" label="CAF-1 complex"/>
            <span end="5049" id="17083276-6802" start="5044">CAF-1</span>
        </annotation>
        <annotation annotator="Mike Bada, University of Colorado Anschutz Medical Campus" id="GO_CC_2016_02_16_test_Instance_31863" type="identity">
            <class id="GO:0000792" label="heterochromatin"/>
            <span end="5085" id="17083276-7077" start="5070">heterochromatin</span>
        </annotation>
        <annotation annotator="Mike Bada, University of Colorado Anschutz Medical Campus" id="GO_CC_2016_02_16_test_Instance_23139" type="identity">
            <class id="GO:0033186" label="CAF-1 complex"/>
            <span end="5438" id="17083276-6804" start="5433">CAF-1</span>
        </annotation>
        <annotation annotator="Mike Bada, University of Colorado Anschutz Medical Campus" id="GO_CC_2016_02_16_test_Instance_23141" type="identity">
            <class id="GO:0033186" label="CAF-1 complex"/>
            <span end="5568" id="17083276-6806" start="5563">CAF-1</span>
        </annotation>
        <annotation annotator="Mike Bada, University of Colorado Anschutz Medical Campus" id="GO_CC_2016_02_16_test_Instance_23143" type="identity">
            <class id="GO:0033186" label="CAF-1 complex"/>
            <span end="5663" id="17083276-6808" start="5658">CAF-1</span>
        </annotation>
        <annotation annotator="Mike Bada, University of Colorado Anschutz Medical Campus" id="GO_CC_2016_02_16_test_Instance_31865" type="identity">
            <class id="GO:0000792" label="heterochromatin"/>
            <span end="5746" id="17083276-7079" start="5731">heterochromatin</span>
        </annotation>
        <annotation annotator="Mike Bada, University of Colorado Anschutz Medical Campus" id="GO_CC_2016_02_16_test_Instance_23145" type="identity">
            <class id="GO:0005634" label="nucleus"/>
            <span end="7164" id="17083276-6810" start="7157">nuclear</span>
        </annotation>
        <annotation annotator="Mike Bada, University of Colorado Anschutz Medical Campus" id="GO_CC_2016_02_16_test_Instance_31867" type="identity">
            <class id="GO:0000792" label="heterochromatin"/>
            <span end="7196" id="17083276-7081" start="7181">heterochromatin</span>
        </annotation>
        <annotation annotator="Mike Bada, University of Colorado Anschutz Medical Campus" id="GO_CC_2016_02_16_test_Instance_23147" type="identity">
            <class id="GO:0005634" label="nucleus"/>
            <span end="7228" id="17083276-6812" start="7222">nuclei</span>
        </annotation>
        <annotation annotator="Mike Bada, University of Colorado Anschutz Medical Campus" id="GO_CC_2016_02_16_test_Instance_21201" type="identity">
            <class id="GO:0005721" label="pericentric heterochromatin"/>
            <span end="7278" id="17083276-6741" start="7251">Pericentric heterochromatin</span>
        </annotation>
        <annotation annotator="Mike Bada, University of Colorado Anschutz Medical Campus" id="GO_CC_2016_02_16_test_Instance_31869" type="identity">
            <class id="GO:0000792" label="heterochromatin"/>
            <span end="7331" id="17083276-7083" start="7316">heterochromatin</span>
        </annotation>
        <annotation annotator="Mike Bada, University of Colorado Anschutz Medical Campus" id="GO_CC_2016_02_16_test_Instance_23149" type="identity">
            <class id="GO:0005634" label="nucleus"/>
            <span end="7378" id="17083276-6814" start="7372">nuclei</span>
        </annotation>
        <annotation annotator="Mike Bada, University of Colorado Anschutz Medical Campus" id="GO_CC_2016_02_16_test_Instance_21203" type="identity">
            <class id="GO:0005721" label="pericentric heterochromatin"/>
            <span end="7528" id="17083276-6743" start="7501">pericentric heterochromatin</span>
        </annotation>
        <annotation annotator="Mike Bada, University of Colorado Anschutz Medical Campus" id="GO_CC_2016_02_16_test_Instance_31871" type="identity">
            <class id="GO:0000785" label="chromatin"/>
            <span end="7585" id="17083276-7085" start="7576">chromatin</span>
        </annotation>
        <annotation annotator="Mike Bada, University of Colorado Anschutz Medical Campus" id="GO_CC_2016_02_16_test_Instance_31873" type="identity">
            <class id="GO:0010369" label="chromocenter"/>
            <span end="7617" id="17083276-7087" start="7604">chromocenters</span>
        </annotation>
        <annotation annotator="Mike Bada, University of Colorado Anschutz Medical Campus" id="GO_CC_2016_02_16_test_Instance_31875" type="identity">
            <class id="GO:0000785" label="chromatin"/>
            <span end="7761" id="17083276-7089" start="7752">chromatin</span>
        </annotation>
        <annotation annotator="Mike Bada, University of Colorado Anschutz Medical Campus" id="GO_CC_2016_02_16_test_Instance_31877" type="identity">
            <class id="GO:0000792" label="heterochromatin"/>
            <span end="7960" id="17083276-7091" start="7945">heterochromatin</span>
        </annotation>
        <annotation annotator="Mike Bada, University of Colorado Anschutz Medical Campus" id="GO_CC_2016_02_16_test_Instance_21205" type="identity">
            <class id="GO:0005731" label="nucleolus organizer region"/>
            <span end="8163" id="17083276-6745" start="8137">nucleolar precursor bodies</span>
        </annotation>
        <annotation annotator="Mike Bada, University of Colorado Anschutz Medical Campus" id="GO_CC_2016_02_16_test_Instance_31879" type="identity">
            <class id="GO:0000792" label="heterochromatin"/>
            <span end="8192" id="17083276-7093" start="8177">Heterochromatin</span>
        </annotation>
        <annotation annotator="Mike Bada, University of Colorado Anschutz Medical Campus" id="GO_CC_2016_02_16_test_Instance_31881" type="identity">
            <class id="GO:0000792" label="heterochromatin"/>
            <span end="8436" id="17083276-7095" start="8421">heterochromatin</span>
        </annotation>
        <annotation annotator="Mike Bada, University of Colorado Anschutz Medical Campus" id="GO_CC_2016_02_16_test_Instance_23153" type="identity">
            <class id="GO:0005634" label="nucleus"/>
            <span end="8467" id="17083276-6816" start="8460">nuclear</span>
        </annotation>
        <annotation annotator="Mike Bada, University of Colorado Anschutz Medical Campus" id="GO_CC_2016_02_16_test_Instance_31883" type="identity">
            <class id="GO:0000792" label="heterochromatin"/>
            <span end="8499" id="17083276-7097" start="8484">heterochromatin</span>
        </annotation>
        <annotation annotator="Mike Bada, University of Colorado Anschutz Medical Campus" id="GO_CC_2016_02_16_test_Instance_31885" type="identity">
            <class id="GO:0005634" label="nucleus"/>
            <span end="8793" id="17083276-7099" start="8786">nucleus</span>
        </annotation>
        <annotation annotator="Mike Bada, University of Colorado Anschutz Medical Campus" id="GO_CC_2016_02_16_test_Instance_23155" type="identity">
            <class id="GO:0005730" label="nucleolus"/>
            <span end="8845" id="17083276-6818" start="8837">nucleoli</span>
        </annotation>
        <annotation annotator="" id="GO_CC_2016_02_16_Instance_100656" type="identity">
            <class id="GO:0034399" label="nuclear periphery"/>
            <span end="8869" id="17083276-6680" start="8857">periphery of</span>
            <span end="8880" id="17083276-6681" start="8874">nuclei</span>
        </annotation>
        <annotation annotator="" id="GO_CC_2016_02_16_Instance_100658" type="identity">
            <class id="GO:0034399" label="nuclear periphery"/>
            <span end="9006" id="17083276-6683" start="8989">nuclear periphery</span>
        </annotation>
        <annotation annotator="Mike Bada, University of Colorado Anschutz Medical Campus" id="GO_CC_2016_02_16_test_Instance_23161" type="identity">
            <class id="GO:0005730" label="nucleolus"/>
            <span end="9031" id="17083276-6820" start="9023">nucleoli</span>
        </annotation>
        <annotation annotator="Mike Bada, University of Colorado Anschutz Medical Campus" id="GO_CC_2016_02_16_test_Instance_31887" type="identity">
            <class id="GO:0000792" label="heterochromatin"/>
            <span end="9090" id="17083276-7101" start="9075">heterochromatin</span>
        </annotation>
        <annotation annotator="Mike Bada, University of Colorado Anschutz Medical Campus" id="GO_CC_2016_02_16_test_Instance_31889" type="identity">
            <class id="GO:0000792" label="heterochromatin"/>
            <span end="9149" id="17083276-7103" start="9134">heterochromatin</span>
        </annotation>
        <annotation annotator="Mike Bada, University of Colorado Anschutz Medical Campus" id="GO_CC_2016_02_16_test_Instance_23471" type="identity">
            <class id="GO:0005720" label="nuclear heterochromatin"/>
            <span end="9422" id="17083276-7011" start="9400">heterochromatin within</span>
            <span end="9444" id="17083276-7012" start="9438">nuclei</span>
        </annotation>
        <annotation annotator="Mike Bada, University of Colorado Anschutz Medical Campus" id="GO_CC_2016_02_16_test_Instance_23163" type="identity">
            <class id="GO:0005634" label="nucleus"/>
            <span end="9444" id="17083276-6822" start="9433">cell nuclei</span>
        </annotation>
        <annotation annotator="Mike Bada, University of Colorado Anschutz Medical Campus" id="GO_CC_2016_02_16_test_Instance_23165" type="identity">
            <class id="GO:0033186" label="CAF-1 complex"/>
            <span end="9504" id="17083276-6824" start="9499">CAF-1</span>
        </annotation>
        <annotation annotator="Mike Bada, University of Colorado Anschutz Medical Campus" id="GO_CC_2016_02_16_test_Instance_23167" type="identity">
            <class id="GO:0005730" label="nucleolus"/>
            <span end="10060" id="17083276-6826" start="10052">nucleoli</span>
        </annotation>
        <annotation annotator="" id="GO_CC_2016_02_16_Instance_100660" type="identity">
            <class id="GO:0034399" label="nuclear periphery"/>
            <span end="10084" id="17083276-6685" start="10072">periphery of</span>
            <span end="10096" id="17083276-6686" start="10089">nucleus</span>
        </annotation>
        <annotation annotator="Mike Bada, University of Colorado Anschutz Medical Campus" id="GO_CC_2016_02_16_test_Instance_23169" type="identity">
            <class id="GO:0005634" label="nucleus"/>
            <span end="10171" id="17083276-6828" start="10164">nuclear</span>
        </annotation>
        <annotation annotator="Mike Bada, University of Colorado Anschutz Medical Campus" id="GO_CC_2016_02_16_test_Instance_31893" type="identity">
            <class id="GO:0000792" label="heterochromatin"/>
            <span end="10203" id="17083276-7105" start="10188">heterochromatin</span>
        </annotation>
        <annotation annotator="Mike Bada, University of Colorado Anschutz Medical Campus" id="GO_CC_2016_02_16_test_Instance_31895" type="identity">
            <class id="GO:0000792" label="heterochromatin"/>
            <span end="10342" id="17083276-7107" start="10327">heterochromatin</span>
        </annotation>
        <annotation annotator="Mike Bada, University of Colorado Anschutz Medical Campus" id="GO_CC_2016_02_16_test_Instance_31897" type="identity">
            <class id="GO:0000792" label="heterochromatin"/>
            <span end="10594" id="17083276-7109" start="10579">heterochromatin</span>
        </annotation>
        <annotation annotator="Mike Bada, University of Colorado Anschutz Medical Campus" id="GO_CC_2016_02_16_test_Instance_31899" type="identity">
            <class id="GO:0000792" label="heterochromatin"/>
            <span end="10698" id="17083276-7111" start="10683">heterochromatin</span>
        </annotation>
        <annotation annotator="Mike Bada, University of Colorado Anschutz Medical Campus" id="GO_CC_2016_02_16_test_Instance_23171" type="identity">
            <class id="GO:0033186" label="CAF-1 complex"/>
            <span end="10773" id="17083276-6830" start="10768">CAF-1</span>
        </annotation>
        <annotation annotator="Mike Bada, University of Colorado Anschutz Medical Campus" id="GO_CC_2016_02_16_test_Instance_31901" type="identity">
            <class id="GO:0000792" label="heterochromatin"/>
            <span end="10904" id="17083276-7113" start="10889">heterochromatin</span>
        </annotation>
        <annotation annotator="" id="GO_CC_2016_02_16_Instance_101513" type="identity">
            <class id="GO:0005634" label="nucleus"/>
            <span end="10912" id="17083276-6731" start="10905">nuclear</span>
        </annotation>
        <annotation annotator="Mike Bada, University of Colorado Anschutz Medical Campus" id="GO_CC_2016_02_16_test_Instance_23175" type="identity">
            <class id="GO:0005634" label="nucleus"/>
            <span end="10988" id="17083276-6832" start="10981">nuclear</span>
        </annotation>
        <annotation annotator="" id="GO_CC_2016_02_16_Instance_100662" type="identity">
            <class id="GO:0042571" label="immunoglobulin complex, circulating"/>
            <span end="11047" id="17083276-6688" start="11039">antibody</span>
        </annotation>
        <annotation annotator="Mike Bada, University of Colorado Anschutz Medical Campus" id="GO_CC_2016_02_16_test_Instance_23179" type="identity">
            <class id="GO:0016605" label="PML body"/>
            <span end="11140" id="17083276-6834" start="11122">PML nuclear bodies</span>
        </annotation>
        <annotation annotator="" id="GO_CC_2016_02_16_Instance_100664" type="identity">
            <class id="GO:0005634" label="nucleus"/>
            <span end="11181" id="17083276-6690" start="11174">nuclear</span>
        </annotation>
        <annotation annotator="Mike Bada, University of Colorado Anschutz Medical Campus" id="GO_CC_2016_02_16_test_Instance_23181" type="identity">
            <class id="GO:0016605" label="PML body"/>
            <span end="11298" id="17083276-6836" start="11280">PML nuclear bodies</span>
        </annotation>
        <annotation annotator="Mike Bada, University of Colorado Anschutz Medical Campus" id="GO_CC_2016_02_16_test_Instance_23183" type="identity">
            <class id="GO:0005634" label="nucleus"/>
            <span end="11388" id="17083276-6838" start="11381">nuclear</span>
        </annotation>
        <annotation annotator="Mike Bada, University of Colorado Anschutz Medical Campus" id="GO_CC_2016_02_16_test_Instance_23185" type="identity">
            <class id="GO:0033186" label="CAF-1 complex"/>
            <span end="11441" id="17083276-6840" start="11436">CAF-1</span>
        </annotation>
        <annotation annotator="Mike Bada, University of Colorado Anschutz Medical Campus" id="GO_CC_2016_02_16_test_Instance_23187" type="identity">
            <class id="GO:0033186" label="CAF-1 complex"/>
            <span end="11514" id="17083276-6842" start="11509">CAF-1</span>
        </annotation>
        <annotation annotator="Mike Bada, University of Colorado Anschutz Medical Campus" id="GO_CC_2016_02_16_test_Instance_31903" type="identity">
            <class id="GO:0000785" label="chromatin"/>
            <span end="11570" id="17083276-7115" start="11561">chromatin</span>
        </annotation>
        <annotation annotator="Mike Bada, University of Colorado Anschutz Medical Campus" id="GO_CC_2016_02_16_test_Instance_23189" type="identity">
            <class id="GO:0033186" label="CAF-1 complex"/>
            <span end="11646" id="17083276-6844" start="11641">CAF-1</span>
        </annotation>
        <annotation annotator="Mike Bada, University of Colorado Anschutz Medical Campus" id="GO_CC_2016_02_16_test_Instance_31905" type="identity">
            <class id="GO:0000792" label="heterochromatin"/>
            <span end="11755" id="17083276-7117" start="11740">heterochromatin</span>
        </annotation>
        <annotation annotator="" id="GO_CC_2016_02_16_Instance_101515" type="identity">
            <class id="GO:0005634" label="nucleus"/>
            <span end="11766" id="17083276-6733" start="11759">nuclear</span>
        </annotation>
        <annotation annotator="Mike Bada, University of Colorado Anschutz Medical Campus" id="GO_CC_2016_02_16_test_Instance_23191" type="identity">
            <class id="GO:0033186" label="CAF-1 complex"/>
            <span end="11849" id="17083276-6846" start="11844">CAF-1</span>
        </annotation>
        <annotation annotator="Mike Bada, University of Colorado Anschutz Medical Campus" id="GO_CC_2016_02_16_test_Instance_23193" type="identity">
            <class id="GO:0033186" label="CAF-1 complex"/>
            <span end="12035" id="17083276-6848" start="12030">CAF-1</span>
        </annotation>
        <annotation annotator="Mike Bada, University of Colorado Anschutz Medical Campus" id="GO_CC_2016_02_16_test_Instance_31907" type="identity">
            <class id="GO:0000792" label="heterochromatin"/>
            <span end="12377" id="17083276-7119" start="12362">heterochromatin</span>
        </annotation>
        <annotation annotator="Mike Bada, University of Colorado Anschutz Medical Campus" id="GO_CC_2016_02_16_test_Instance_23483" type="identity">
            <class id="GO:0005720" label="nuclear heterochromatin"/>
            <span end="12685" id="17083276-7014" start="12667">heterochromatin in</span>
            <span end="12697" id="17083276-7015" start="12690">nucleus</span>
        </annotation>
        <annotation annotator="Mike Bada, University of Colorado Anschutz Medical Campus" id="GO_CC_2016_02_16_test_Instance_31909" type="identity">
            <class id="GO:0000792" label="heterochromatin"/>
            <span end="12814" id="17083276-7121" start="12799">heterochromatin</span>
        </annotation>
        <annotation annotator="Mike Bada, University of Colorado Anschutz Medical Campus" id="GO_CC_2016_02_16_test_Instance_31913" type="identity">
            <class id="GO:0005634" label="nucleus"/>
            <span end="13265" id="17083276-7123" start="13258">nucleus</span>
        </annotation>
        <annotation annotator="Mike Bada, University of Colorado Anschutz Medical Campus" id="GO_CC_2016_02_16_test_Instance_21207" type="identity">
            <class id="GO:0005721" label="pericentric heterochromatin"/>
            <span end="13467" id="17083276-6747" start="13440">pericentric heterochromatin</span>
        </annotation>
        <annotation annotator="" id="GO_CC_2016_02_16_Instance_100679" type="identity">
            <class id="GO:0034399" label="nuclear periphery"/>
            <span end="13798" id="17083276-6692" start="13781">nuclear periphery</span>
        </annotation>
        <annotation annotator="Mike Bada, University of Colorado Anschutz Medical Campus" id="GO_CC_2016_02_16_test_Instance_31917" type="identity">
            <class id="GO:0005634" label="nucleus"/>
            <span end="13966" id="17083276-7125" start="13959">nucleus</span>
        </annotation>
        <annotation annotator="Mike Bada, University of Colorado Anschutz Medical Campus" id="GO_CC_2016_02_16_test_Instance_21209" type="identity">
            <class id="GO:0005721" label="pericentric heterochromatin"/>
            <span end="14186" id="17083276-6749" start="14159">pericentric heterochromatin</span>
        </annotation>
        <annotation annotator="Mike Bada, University of Colorado Anschutz Medical Campus" id="GO_CC_2016_02_16_test_Instance_21211" type="identity">
            <class id="GO:0005721" label="pericentric heterochromatin"/>
            <span end="14497" id="17083276-6751" start="14470">pericentric heterochromatin</span>
        </annotation>
        <annotation annotator="Mike Bada, University of Colorado Anschutz Medical Campus" id="GO_CC_2016_02_16_test_Instance_23205" type="identity">
            <class id="GO:0033186" label="CAF-1 complex"/>
            <span end="14537" id="17083276-6850" start="14532">CAF-1</span>
        </annotation>
        <annotation annotator="Mike Bada, University of Colorado Anschutz Medical Campus" id="GO_CC_2016_02_16_test_Instance_31919" type="identity">
            <class id="GO:0000785" label="chromatin"/>
            <span end="14675" id="17083276-7127" start="14666">chromatin</span>
        </annotation>
        <annotation annotator="Mike Bada, University of Colorado Anschutz Medical Campus" id="GO_CC_2016_02_16_test_Instance_23207" type="identity">
            <class id="GO:0000786" label="nucleosome"/>
            <span end="14726" id="17083276-6852" start="14715">nucleosomal</span>
        </annotation>
        <annotation annotator="Mike Bada, University of Colorado Anschutz Medical Campus" id="GO_CC_2016_02_16_test_Instance_31921" type="identity">
            <class id="GO:0000785" label="chromatin"/>
            <span end="14929" id="17083276-7129" start="14920">chromatin</span>
        </annotation>
        <annotation annotator="Mike Bada, University of Colorado Anschutz Medical Campus" id="GO_CC_2016_02_16_test_Instance_23491" type="identity">
            <class id="GO:0000790" label="nuclear chromatin"/>
            <span end="15069" id="17083276-7017" start="15050">chromatin in nuclei</span>
        </annotation>
        <annotation annotator="Mike Bada, University of Colorado Anschutz Medical Campus" id="GO_CC_2016_02_16_test_Instance_23211" type="identity">
            <class id="GO:0005634" label="nucleus"/>
            <span end="15157" id="17083276-6854" start="15151">Nuclei</span>
        </annotation>
        <annotation annotator="Mike Bada, University of Colorado Anschutz Medical Campus" id="GO_CC_2016_02_16_test_Instance_31923" type="identity">
            <class id="GO:0000785" label="chromatin"/>
            <span end="15336" id="17083276-7131" start="15327">chromatin</span>
        </annotation>
        <annotation annotator="Mike Bada, University of Colorado Anschutz Medical Campus" id="GO_CC_2016_02_16_test_Instance_21213" type="identity">
            <class id="GO:0005721" label="pericentric heterochromatin"/>
            <span end="15505" id="17083276-6753" start="15478">pericentric heterochromatin</span>
        </annotation>
        <annotation annotator="Mike Bada, University of Colorado Anschutz Medical Campus" id="GO_CC_2016_02_16_test_Instance_23213" type="identity">
            <class id="GO:0000786" label="nucleosome"/>
            <span end="15573" id="17083276-6856" start="15562">nucleosomal</span>
        </annotation>
        <annotation annotator="Mike Bada, University of Colorado Anschutz Medical Campus" id="GO_CC_2016_02_16_test_Instance_23215" type="identity">
            <class id="GO:0005634" label="nucleus"/>
            <span end="15625" id="17083276-6858" start="15618">nuclear</span>
        </annotation>
        <annotation annotator="Mike Bada, University of Colorado Anschutz Medical Campus" id="GO_CC_2016_02_16_test_Instance_21215" type="identity">
            <class id="GO:0005721" label="pericentric heterochromatin"/>
            <span end="15840" id="17083276-6755" start="15813">pericentric heterochromatin</span>
        </annotation>
        <annotation annotator="Mike Bada, University of Colorado Anschutz Medical Campus" id="GO_CC_2016_02_16_test_Instance_31925" type="identity">
            <class id="GO:0000792" label="heterochromatin"/>
            <span end="16280" id="17083276-7133" start="16265">heterochromatin</span>
        </annotation>
        <annotation annotator="Mike Bada, University of Colorado Anschutz Medical Campus" id="GO_CC_2016_02_16_test_Instance_31927" type="identity">
            <class id="GO:0000792" label="heterochromatin"/>
            <span end="16452" id="17083276-7135" start="16437">heterochromatin</span>
        </annotation>
        <annotation annotator="Mike Bada, University of Colorado Anschutz Medical Campus" id="GO_CC_2016_02_16_test_Instance_31929" type="identity">
            <class id="GO:0000785" label="chromatin"/>
            <span end="16621" id="17083276-7137" start="16612">chromatin</span>
        </annotation>
        <annotation annotator="Mike Bada, University of Colorado Anschutz Medical Campus" id="GO_CC_2016_02_16_test_Instance_31931" type="identity">
            <class id="GO:0000785" label="chromatin"/>
            <span end="16683" id="17083276-7139" start="16674">chromatin</span>
        </annotation>
        <annotation annotator="" id="GO_CC_2016_02_16_Instance_100681" type="identity">
            <class id="GO:0042571" label="immunoglobulin complex, circulating"/>
            <span end="16806" id="17083276-6694" start="16796">antibodies</span>
        </annotation>
        <annotation annotator="Mike Bada, University of Colorado Anschutz Medical Campus" id="GO_CC_2016_02_16_test_Instance_21217" type="identity">
            <class id="GO:0005721" label="pericentric heterochromatin"/>
            <span end="17052" id="17083276-6757" start="17025">pericentric heterochromatin</span>
        </annotation>
        <annotation annotator="Mike Bada, University of Colorado Anschutz Medical Campus" id="GO_CC_2016_02_16_test_Instance_21219" type="identity">
            <class id="GO:0005721" label="pericentric heterochromatin"/>
            <span end="17377" id="17083276-6759" start="17350">pericentric heterochromatin</span>
        </annotation>
        <annotation annotator="Mike Bada, University of Colorado Anschutz Medical Campus" id="GO_CC_2016_02_16_test_Instance_23219" type="identity">
            <class id="GO:0033186" label="CAF-1 complex"/>
            <span end="18173" id="17083276-6860" start="18168">CAF-1</span>
        </annotation>
        <annotation annotator="Mike Bada, University of Colorado Anschutz Medical Campus" id="GO_CC_2016_02_16_test_Instance_31933" type="identity">
            <class id="GO:0000792" label="heterochromatin"/>
            <span end="18239" id="17083276-7141" start="18224">heterochromatin</span>
        </annotation>
        <annotation annotator="Mike Bada, University of Colorado Anschutz Medical Campus" id="GO_CC_2016_02_16_test_Instance_23221" type="identity">
            <class id="GO:0033186" label="CAF-1 complex"/>
            <span end="18459" id="17083276-6862" start="18454">CAF-1</span>
        </annotation>
        <annotation annotator="Mike Bada, University of Colorado Anschutz Medical Campus" id="GO_CC_2016_02_16_test_Instance_23223" type="identity">
            <class id="GO:0033186" label="CAF-1 complex"/>
            <span end="18665" id="17083276-6864" start="18660">CAF-1</span>
        </annotation>
        <annotation annotator="Mike Bada, University of Colorado Anschutz Medical Campus" id="GO_CC_2016_02_16_test_Instance_23225" type="identity">
            <class id="GO:0033186" label="CAF-1 complex"/>
            <span end="18793" id="17083276-6866" start="18788">CAF-1</span>
        </annotation>
        <annotation annotator="Mike Bada, University of Colorado Anschutz Medical Campus" id="GO_CC_2016_02_16_test_Instance_23227" type="identity">
            <class id="GO:0005634" label="nucleus"/>
            <span end="18808" id="17083276-6868" start="18801">nuclear</span>
        </annotation>
        <annotation annotator="Mike Bada, University of Colorado Anschutz Medical Campus" id="GO_CC_2016_02_16_test_Instance_31935" type="identity">
            <class id="GO:0000792" label="heterochromatin"/>
            <span end="18840" id="17083276-7143" start="18825">heterochromatin</span>
        </annotation>
        <annotation annotator="Mike Bada, University of Colorado Anschutz Medical Campus" id="GO_CC_2016_02_16_test_Instance_23229" type="identity">
            <class id="GO:0000786" label="nucleosome"/>
            <span end="19024" id="17083276-6870" start="19013">nucleosomal</span>
        </annotation>
        <annotation annotator="Mike Bada, University of Colorado Anschutz Medical Campus" id="GO_CC_2016_02_16_test_Instance_31937" type="identity">
            <class id="GO:0000792" label="heterochromatin"/>
            <span end="19061" id="17083276-7145" start="19046">heterochromatin</span>
        </annotation>
        <annotation annotator="Mike Bada, University of Colorado Anschutz Medical Campus" id="GO_CC_2016_02_16_test_Instance_23231" type="identity">
            <class id="GO:0016605" label="PML body"/>
            <span end="19143" id="17083276-6872" start="19133">PML bodies</span>
        </annotation>
        <annotation annotator="Mike Bada, University of Colorado Anschutz Medical Campus" id="GO_CC_2016_02_16_test_Instance_23233" type="identity">
            <class id="GO:0005634" label="nucleus"/>
            <span end="19161" id="17083276-6874" start="19150">cell nuclei</span>
        </annotation>
        <annotation annotator="Mike Bada, University of Colorado Anschutz Medical Campus" id="GO_CC_2016_02_16_test_Instance_23235" type="identity">
            <class id="GO:0005634" label="nucleus"/>
            <span end="19183" id="17083276-6876" start="19176">nuclear</span>
        </annotation>
        <annotation annotator="Mike Bada, University of Colorado Anschutz Medical Campus" id="GO_CC_2016_02_16_test_Instance_31939" type="identity">
            <class id="GO:0000792" label="heterochromatin"/>
            <span end="19364" id="17083276-7147" start="19349">heterochromatin</span>
        </annotation>
        <annotation annotator="Mike Bada, University of Colorado Anschutz Medical Campus" id="GO_CC_2016_02_16_test_Instance_23237" type="identity">
            <class id="GO:0033186" label="CAF-1 complex"/>
            <span end="19512" id="17083276-6878" start="19507">CAF-1</span>
        </annotation>
        <annotation annotator="Mike Bada, University of Colorado Anschutz Medical Campus" id="GO_CC_2016_02_16_test_Instance_23239" type="identity">
            <class id="GO:0005634" label="nucleus"/>
            <span end="19527" id="17083276-6880" start="19520">nuclear</span>
        </annotation>
        <annotation annotator="Mike Bada, University of Colorado Anschutz Medical Campus" id="GO_CC_2016_02_16_test_Instance_31941" type="identity">
            <class id="GO:0000792" label="heterochromatin"/>
            <span end="19559" id="17083276-7149" start="19544">heterochromatin</span>
        </annotation>
        <annotation annotator="Mike Bada, University of Colorado Anschutz Medical Campus" id="GO_CC_2016_02_16_test_Instance_23241" type="identity">
            <class id="GO:0033186" label="CAF-1 complex"/>
            <span end="19676" id="17083276-6882" start="19671">CAF-1</span>
        </annotation>
        <annotation annotator="Mike Bada, University of Colorado Anschutz Medical Campus" id="GO_CC_2016_02_16_test_Instance_23243" type="identity">
            <class id="GO:0033186" label="CAF-1 complex"/>
            <span end="19979" id="17083276-6884" start="19974">CAF-1</span>
        </annotation>
        <annotation annotator="Mike Bada, University of Colorado Anschutz Medical Campus" id="GO_CC_2016_02_16_test_Instance_31943" type="identity">
            <class id="GO:0000792" label="heterochromatin"/>
            <span end="19998" id="17083276-7151" start="19983">heterochromatin</span>
        </annotation>
        <annotation annotator="Mike Bada, University of Colorado Anschutz Medical Campus" id="GO_CC_2016_02_16_test_Instance_31945" type="identity">
            <class id="GO:0000785" label="chromatin"/>
            <span end="20070" id="17083276-7153" start="20061">chromatin</span>
        </annotation>
        <annotation annotator="Mike Bada, University of Colorado Anschutz Medical Campus" id="GO_CC_2016_02_16_test_Instance_31947" type="identity">
            <class id="GO:0000785" label="chromatin"/>
            <span end="20137" id="17083276-7155" start="20128">chromatin</span>
        </annotation>
        <annotation annotator="Mike Bada, University of Colorado Anschutz Medical Campus" id="GO_CC_2016_02_16_test_Instance_31949" type="identity">
            <class id="GO:0000792" label="heterochromatin"/>
            <span end="20215" id="17083276-7157" start="20200">heterochromatin</span>
        </annotation>
        <annotation annotator="Mike Bada, University of Colorado Anschutz Medical Campus" id="GO_CC_2016_02_16_test_Instance_23245" type="identity">
            <class id="GO:0005634" label="nucleus"/>
            <span end="20223" id="17083276-6886" start="20216">nuclear</span>
        </annotation>
        <annotation annotator="Mike Bada, University of Colorado Anschutz Medical Campus" id="GO_CC_2016_02_16_test_Instance_23247" type="identity">
            <class id="GO:0033186" label="CAF-1 complex"/>
            <span end="20252" id="17083276-6888" start="20247">CAF-1</span>
        </annotation>
        <annotation annotator="Mike Bada, University of Colorado Anschutz Medical Campus" id="GO_CC_2016_02_16_test_Instance_23249" type="identity">
            <class id="GO:0033186" label="CAF-1 complex"/>
            <span end="20447" id="17083276-6890" start="20442">CAF-1</span>
        </annotation>
        <annotation annotator="Mike Bada, University of Colorado Anschutz Medical Campus" id="GO_CC_2016_02_16_test_Instance_23251" type="identity">
            <class id="GO:0033186" label="CAF-1 complex"/>
            <span end="20491" id="17083276-6892" start="20486">CAF-1</span>
        </annotation>
        <annotation annotator="Mike Bada, University of Colorado Anschutz Medical Campus" id="GO_CC_2016_02_16_test_Instance_23253" type="identity">
            <class id="GO:0033186" label="CAF-1 complex"/>
            <span end="20617" id="17083276-6894" start="20612">CAF-1</span>
        </annotation>
        <annotation annotator="Mike Bada, University of Colorado Anschutz Medical Campus" id="GO_CC_2016_02_16_test_Instance_23255" type="identity">
            <class id="GO:0033186" label="CAF-1 complex"/>
            <span end="20668" id="17083276-6896" start="20663">CAF-1</span>
        </annotation>
        <annotation annotator="Mike Bada, University of Colorado Anschutz Medical Campus" id="GO_CC_2016_02_16_test_Instance_31951" type="identity">
            <class id="GO:0010369" label="chromocenter"/>
            <span end="20721" id="17083276-7159" start="20709">chromocenter</span>
        </annotation>
        <annotation annotator="Mike Bada, University of Colorado Anschutz Medical Campus" id="GO_CC_2016_02_16_test_Instance_23257" type="identity">
            <class id="GO:0033186" label="CAF-1 complex"/>
            <span end="20787" id="17083276-6898" start="20782">CAF-1</span>
        </annotation>
        <annotation annotator="Mike Bada, University of Colorado Anschutz Medical Campus" id="GO_CC_2016_02_16_test_Instance_31953" type="identity">
            <class id="GO:0000792" label="heterochromatin"/>
            <span end="20823" id="17083276-7161" start="20808">heterochromatin</span>
        </annotation>
        <annotation annotator="Mike Bada, University of Colorado Anschutz Medical Campus" id="GO_CC_2016_02_16_test_Instance_23259" type="identity">
            <class id="GO:0033186" label="CAF-1 complex"/>
            <span end="20898" id="17083276-6900" start="20893">CAF-1</span>
        </annotation>
        <annotation annotator="Mike Bada, University of Colorado Anschutz Medical Campus" id="GO_CC_2016_02_16_test_Instance_23261" type="identity">
            <class id="GO:0005634" label="nucleus"/>
            <span end="21097" id="17083276-6902" start="21090">nuclear</span>
        </annotation>
        <annotation annotator="Mike Bada, University of Colorado Anschutz Medical Campus" id="GO_CC_2016_02_16_test_Instance_21221" type="identity">
            <class id="GO:0005721" label="pericentric heterochromatin"/>
            <span end="21164" id="17083276-6761" start="21137">pericentric heterochromatin</span>
        </annotation>
        <annotation annotator="Mike Bada, University of Colorado Anschutz Medical Campus" id="GO_CC_2016_02_16_test_Instance_31955" type="identity">
            <class id="GO:0000792" label="heterochromatin"/>
            <span end="21240" id="17083276-7163" start="21225">heterochromatin</span>
        </annotation>
        <annotation annotator="Mike Bada, University of Colorado Anschutz Medical Campus" id="GO_CC_2016_02_16_test_Instance_23263" type="identity">
            <class id="GO:0033186" label="CAF-1 complex"/>
            <span end="21314" id="17083276-6904" start="21309">CAF-1</span>
        </annotation>
        <annotation annotator="Mike Bada, University of Colorado Anschutz Medical Campus" id="GO_CC_2016_02_16_test_Instance_23265" type="identity">
            <class id="GO:0033186" label="CAF-1 complex"/>
            <span end="21351" id="17083276-6906" start="21346">CAF-1</span>
        </annotation>
        <annotation annotator="Mike Bada, University of Colorado Anschutz Medical Campus" id="GO_CC_2016_02_16_test_Instance_23267" type="identity">
            <class id="GO:0033186" label="CAF-1 complex"/>
            <span end="21498" id="17083276-6908" start="21493">CAF-1</span>
        </annotation>
        <annotation annotator="Mike Bada, University of Colorado Anschutz Medical Campus" id="GO_CC_2016_02_16_test_Instance_31957" type="identity">
            <class id="GO:0000792" label="heterochromatin"/>
            <span end="21645" id="17083276-7165" start="21630">heterochromatin</span>
        </annotation>
        <annotation annotator="Mike Bada, University of Colorado Anschutz Medical Campus" id="GO_CC_2016_02_16_test_Instance_31959" type="identity">
            <class id="GO:0000792" label="heterochromatin"/>
            <span end="21744" id="17083276-7167" start="21729">heterochromatin</span>
        </annotation>
        <annotation annotator="" id="GO_CC_2016_02_16_Instance_100687" type="identity">
            <class id="GO:0035328" label="transcriptionally silent chromatin"/>
            <span end="21842" id="17083276-6696" start="21826">silent chromatin</span>
        </annotation>
        <annotation annotator="Mike Bada, University of Colorado Anschutz Medical Campus" id="GO_CC_2016_02_16_test_Instance_31963" type="identity">
            <class id="GO:0000785" label="chromatin"/>
            <span end="22018" id="17083276-7169" start="22009">chromatin</span>
        </annotation>
        <annotation annotator="Mike Bada, University of Colorado Anschutz Medical Campus" id="GO_CC_2016_02_16_test_Instance_31965" type="identity">
            <class id="GO:0000785" label="chromatin"/>
            <span end="22157" id="17083276-7171" start="22148">chromatin</span>
        </annotation>
        <annotation annotator="Mike Bada, University of Colorado Anschutz Medical Campus" id="GO_CC_2016_02_16_test_Instance_31967" type="identity">
            <class id="GO:0000792" label="heterochromatin"/>
            <span end="22284" id="17083276-7173" start="22269">heterochromatin</span>
        </annotation>
        <annotation annotator="Mike Bada, University of Colorado Anschutz Medical Campus" id="GO_CC_2016_02_16_test_Instance_23269" type="identity">
            <class id="GO:0033186" label="CAF-1 complex"/>
            <span end="22317" id="17083276-6910" start="22312">CAF-1</span>
        </annotation>
        <annotation annotator="Mike Bada, University of Colorado Anschutz Medical Campus" id="GO_CC_2016_02_16_test_Instance_23271" type="identity">
            <class id="GO:0032991" label="macromolecular complex"/>
            <span end="22372" id="17083276-6912" start="22365">complex</span>
        </annotation>
        <annotation annotator="Mike Bada, University of Colorado Anschutz Medical Campus" id="GO_CC_2016_02_16_test_Instance_23273" type="identity">
            <class id="GO:0005634" label="nucleus"/>
            <span end="22419" id="17083276-6914" start="22412">nuclear</span>
        </annotation>
        <annotation annotator="Mike Bada, University of Colorado Anschutz Medical Campus" id="GO_CC_2016_02_16_test_Instance_21223" type="identity">
            <class id="GO:0005721" label="pericentric heterochromatin"/>
            <span end="22463" id="17083276-6763" start="22436">pericentric heterochromatin</span>
        </annotation>
        <annotation annotator="Mike Bada, University of Colorado Anschutz Medical Campus" id="GO_CC_2016_02_16_test_Instance_31969" type="identity">
            <class id="GO:0000785" label="chromatin"/>
            <span end="22570" id="17083276-7175" start="22561">chromatin</span>
        </annotation>
        <annotation annotator="Mike Bada, University of Colorado Anschutz Medical Campus" id="GO_CC_2016_02_16_test_Instance_23275" type="identity">
            <class id="GO:0005634" label="nucleus"/>
            <span end="22605" id="17083276-6916" start="22598">nuclear</span>
        </annotation>
        <annotation annotator="Mike Bada, University of Colorado Anschutz Medical Campus" id="GO_CC_2016_02_16_test_Instance_31971" type="identity">
            <class id="GO:0000792" label="heterochromatin"/>
            <span end="22650" id="17083276-7177" start="22635">heterochromatin</span>
        </annotation>
        <annotation annotator="Mike Bada, University of Colorado Anschutz Medical Campus" id="GO_CC_2016_02_16_test_Instance_31973" type="identity">
            <class id="GO:0000792" label="heterochromatin"/>
            <span end="22835" id="17083276-7179" start="22820">heterochromatin</span>
        </annotation>
        <annotation annotator="Mike Bada, University of Colorado Anschutz Medical Campus" id="GO_CC_2016_02_16_test_Instance_23277" type="identity">
            <class id="GO:0033186" label="CAF-1 complex"/>
            <span end="22889" id="17083276-6918" start="22884">CAF-1</span>
        </annotation>
        <annotation annotator="Mike Bada, University of Colorado Anschutz Medical Campus" id="GO_CC_2016_02_16_test_Instance_31975" type="identity">
            <class id="GO:0000792" label="heterochromatin"/>
            <span end="22945" id="17083276-7181" start="22930">heterochromatin</span>
        </annotation>
        <annotation annotator="Mike Bada, University of Colorado Anschutz Medical Campus" id="GO_CC_2016_02_16_test_Instance_31977" type="identity">
            <class id="GO:0000792" label="heterochromatin"/>
            <span end="23116" id="17083276-7183" start="23101">heterochromatin</span>
        </annotation>
        <annotation annotator="Mike Bada, University of Colorado Anschutz Medical Campus" id="GO_CC_2016_02_16_test_Instance_23279" type="identity">
            <class id="GO:0033186" label="CAF-1 complex"/>
            <span end="23283" id="17083276-6920" start="23278">CAF-1</span>
        </annotation>
        <annotation annotator="Mike Bada, University of Colorado Anschutz Medical Campus" id="GO_CC_2016_02_16_test_Instance_31979" type="identity">
            <class id="GO:0000792" label="heterochromatin"/>
            <span end="23365" id="17083276-7185" start="23350">heterochromatin</span>
        </annotation>
        <annotation annotator="Mike Bada, University of Colorado Anschutz Medical Campus" id="GO_CC_2016_02_16_test_Instance_23281" type="identity">
            <class id="GO:0005634" label="nucleus"/>
            <span end="23433" id="17083276-6922" start="23426">nuclear</span>
        </annotation>
        <annotation annotator="Mike Bada, University of Colorado Anschutz Medical Campus" id="GO_CC_2016_02_16_test_Instance_23283" type="identity">
            <class id="GO:0005634" label="nucleus"/>
            <span end="23545" id="17083276-6924" start="23538">nuclear</span>
        </annotation>
        <annotation annotator="Mike Bada, University of Colorado Anschutz Medical Campus" id="GO_CC_2016_02_16_test_Instance_21225" type="identity">
            <class id="GO:0005720" label="nuclear heterochromatin"/>
            <span end="23580" id="17083276-6765" start="23562">heterochromatin in</span>
            <span end="23595" id="17083276-6766" start="23589">nuclei</span>
        </annotation>
        <annotation annotator="Mike Bada, University of Colorado Anschutz Medical Campus" id="GO_CC_2016_02_16_test_Instance_23285" type="identity">
            <class id="GO:0005634" label="nucleus"/>
            <span end="23595" id="17083276-6926" start="23584">cell nuclei</span>
        </annotation>
        <annotation annotator="Mike Bada, University of Colorado Anschutz Medical Campus" id="GO_CC_2016_02_16_test_Instance_23287" type="identity">
            <class id="GO:0005634" label="nucleus"/>
            <span end="23668" id="17083276-6928" start="23661">nuclear</span>
        </annotation>
        <annotation annotator="Mike Bada, University of Colorado Anschutz Medical Campus" id="GO_CC_2016_02_16_test_Instance_31981" type="identity">
            <class id="GO:0000792" label="heterochromatin"/>
            <span end="23720" id="17083276-7187" start="23705">heterochromatin</span>
        </annotation>
        <annotation annotator="Mike Bada, University of Colorado Anschutz Medical Campus" id="GO_CC_2016_02_16_test_Instance_23289" type="identity">
            <class id="GO:0005634" label="nucleus"/>
            <span end="23755" id="17083276-6930" start="23748">nuclear</span>
        </annotation>
        <annotation annotator="Mike Bada, University of Colorado Anschutz Medical Campus" id="GO_CC_2016_02_16_test_Instance_31983" type="identity">
            <class id="GO:0000792" label="heterochromatin"/>
            <span end="23868" id="17083276-7189" start="23853">heterochromatin</span>
        </annotation>
        <annotation annotator="Mike Bada, University of Colorado Anschutz Medical Campus" id="GO_CC_2016_02_16_test_Instance_23291" type="identity">
            <class id="GO:0033186" label="CAF-1 complex"/>
            <span end="24033" id="17083276-6932" start="24028">CAF-1</span>
        </annotation>
        <annotation annotator="Mike Bada, University of Colorado Anschutz Medical Campus" id="GO_CC_2016_02_16_test_Instance_31985" type="identity">
            <class id="GO:0000792" label="heterochromatin"/>
            <span end="24082" id="17083276-7191" start="24067">heterochromatin</span>
        </annotation>
        <annotation annotator="Mike Bada, University of Colorado Anschutz Medical Campus" id="GO_CC_2016_02_16_test_Instance_23293" type="identity">
            <class id="GO:0005634" label="nucleus"/>
            <span end="24178" id="17083276-6934" start="24171">nuclear</span>
        </annotation>
        <annotation annotator="Mike Bada, University of Colorado Anschutz Medical Campus" id="GO_CC_2016_02_16_test_Instance_23295" type="identity">
            <class id="GO:0033186" label="CAF-1 complex"/>
            <span end="24267" id="17083276-6936" start="24262">CAF-1</span>
        </annotation>
        <annotation annotator="Mike Bada, University of Colorado Anschutz Medical Campus" id="GO_CC_2016_02_16_test_Instance_31987" type="identity">
            <class id="GO:0000785" label="chromatin"/>
            <span end="24423" id="17083276-7193" start="24414">chromatin</span>
        </annotation>
        <annotation annotator="Mike Bada, University of Colorado Anschutz Medical Campus" id="GO_CC_2016_02_16_test_Instance_31989" type="identity">
            <class id="GO:0000785" label="chromatin"/>
            <span end="24636" id="17083276-7195" start="24627">chromatin</span>
        </annotation>
        <annotation annotator="Mike Bada, University of Colorado Anschutz Medical Campus" id="GO_CC_2016_02_16_test_Instance_31991" type="identity">
            <class id="GO:0000786" label="nucleosome"/>
            <span end="24707" id="17083276-7197" start="24696">nucleosomes</span>
        </annotation>
        <annotation annotator="Mike Bada, University of Colorado Anschutz Medical Campus" id="GO_CC_2016_02_16_test_Instance_23297" type="identity">
            <class id="GO:0033186" label="CAF-1 complex"/>
            <span end="24714" id="17083276-6938" start="24709">CAF-1</span>
        </annotation>
        <annotation annotator="Mike Bada, University of Colorado Anschutz Medical Campus" id="GO_CC_2016_02_16_test_Instance_31993" type="identity">
            <class id="GO:0000792" label="heterochromatin"/>
            <span end="24777" id="17083276-7199" start="24762">heterochromatin</span>
        </annotation>
        <annotation annotator="Mike Bada, University of Colorado Anschutz Medical Campus" id="GO_CC_2016_02_16_test_Instance_23299" type="identity">
            <class id="GO:0033186" label="CAF-1 complex"/>
            <span end="26944" id="17083276-6940" start="26939">CAF-1</span>
        </annotation>
        <annotation annotator="" id="GO_CC_2016_02_16_Instance_100691" type="identity">
            <class id="GO:0042571" label="immunoglobulin complex, circulating"/>
            <span end="28113" id="17083276-6698" start="28103">Antibodies</span>
        </annotation>
        <annotation annotator="" id="GO_CC_2016_02_16_Instance_100693" type="identity">
            <class id="GO:0042571" label="immunoglobulin complex, circulating"/>
            <span end="28397" id="17083276-6700" start="28387">Antibodies</span>
        </annotation>
        <annotation annotator="" id="GO_CC_2016_02_16_Instance_100695" type="identity">
            <class id="GO:0042571" label="immunoglobulin complex, circulating"/>
            <span end="28532" id="17083276-6702" start="28522">antibodies</span>
        </annotation>
        <annotation annotator="" id="GO_CC_2016_02_16_Instance_100699" type="identity">
            <class id="GO:0042571" label="immunoglobulin complex, circulating"/>
            <span end="28732" id="17083276-6704" start="28722">antibodies</span>
        </annotation>
        <annotation annotator="Mike Bada, University of Colorado Anschutz Medical Campus" id="GO_CC_2016_02_16_test_Instance_23309" type="identity">
            <class id="GO:0005634" label="nucleus"/>
            <span end="29304" id="17083276-6942" start="29298">Nuclei</span>
        </annotation>
        <annotation annotator="Mike Bada, University of Colorado Anschutz Medical Campus" id="GO_CC_2016_02_16_test_Instance_31995" type="identity">
            <class id="GO:0000785" label="chromatin"/>
            <span end="29375" id="17083276-7201" start="29366">chromatin</span>
        </annotation>
        <annotation annotator="Mike Bada, University of Colorado Anschutz Medical Campus" id="GO_CC_2016_02_16_test_Instance_23311" type="identity">
            <class id="GO:0005634" label="nucleus"/>
            <span end="29590" id="17083276-6944" start="29584">Nuclei</span>
        </annotation>
        <annotation annotator="Mike Bada, University of Colorado Anschutz Medical Campus" id="GO_CC_2016_02_16_test_Instance_23313" type="identity">
            <class id="GO:0005634" label="nucleus"/>
            <span end="29838" id="17083276-6946" start="29832">nuclei</span>
        </annotation>
        <annotation annotator="Mike Bada, University of Colorado Anschutz Medical Campus" id="GO_CC_2016_02_16_test_Instance_31997" type="identity">
            <class id="GO:0000785" label="chromatin"/>
            <span end="30235" id="17083276-7203" start="30226">chromatin</span>
        </annotation>
        <annotation annotator="Mike Bada, University of Colorado Anschutz Medical Campus" id="GO_CC_2016_02_16_test_Instance_23315" type="identity">
            <class id="GO:0005634" label="nucleus"/>
            <span end="30287" id="17083276-6948" start="30281">nuclei</span>
        </annotation>
        <annotation annotator="" id="GO_CC_2016_02_16_Instance_100701" type="identity">
            <class id="GO:0042571" label="immunoglobulin complex, circulating"/>
            <span end="30600" id="17083276-6706" start="30592">antibody</span>
        </annotation>
        <annotation annotator="Mike Bada, University of Colorado Anschutz Medical Campus" id="GO_CC_2016_02_16_test_Instance_31999" type="identity">
            <class id="GO:0000785" label="chromatin"/>
            <span end="30646" id="17083276-7205" start="30637">chromatin</span>
        </annotation>
        <annotation annotator="Mike Bada, University of Colorado Anschutz Medical Campus" id="GO_CC_2016_02_16_test_Instance_32001" type="identity">
            <class id="GO:0000786" label="nucleosome"/>
            <span end="30682" id="17083276-7207" start="30671">nucleosomes</span>
        </annotation>
        <annotation annotator="Mike Bada, University of Colorado Anschutz Medical Campus" id="GO_CC_2016_02_16_test_Instance_32003" type="identity">
            <class id="GO:0000785" label="chromatin"/>
            <span end="30729" id="17083276-7209" start="30720">chromatin</span>
        </annotation>
        <annotation annotator="" id="GO_CC_2016_02_16_Instance_100703" type="identity">
            <class id="GO:0042571" label="immunoglobulin complex, circulating"/>
            <span end="30790" id="17083276-6708" start="30780">antibodies</span>
        </annotation>
        <annotation annotator="" id="GO_CC_2016_02_16_Instance_100705" type="identity">
            <class id="GO:0042571" label="immunoglobulin complex, circulating"/>
            <span end="31072" id="17083276-6710" start="31062">Antibodies</span>
        </annotation>
        <annotation annotator="" id="GO_CC_2016_02_16_Instance_100707" type="identity">
            <class id="GO:0042571" label="immunoglobulin complex, circulating"/>
            <span end="31132" id="17083276-6712" start="31122">Antibodies</span>
        </annotation>
        <annotation annotator="" id="GO_CC_2016_02_16_Instance_100709" type="identity">
            <class id="GO:0042571" label="immunoglobulin complex, circulating"/>
            <span end="32088" id="17083276-6714" start="32080">antibody</span>
        </annotation>
        <annotation annotator="Mike Bada, University of Colorado Anschutz Medical Campus" id="GO_CC_2016_02_16_test_Instance_32005" type="identity">
            <class id="GO:0005634" label="nucleus"/>
            <span end="32197" id="17083276-7211" start="32190">nucleus</span>
        </annotation>
        <annotation annotator="Mike Bada, University of Colorado Anschutz Medical Campus" id="GO_CC_2016_02_16_test_Instance_23327" type="identity">
            <class id="GO:0033186" label="CAF-1 complex"/>
            <span end="32321" id="17083276-6950" start="32316">CAF-1</span>
        </annotation>
        <annotation annotator="Mike Bada, University of Colorado Anschutz Medical Campus" id="GO_CC_2016_02_16_test_Instance_23329" type="identity">
            <class id="GO:0033186" label="CAF-1 complex"/>
            <span end="32663" id="17083276-6952" start="32658">CAF-1</span>
        </annotation>
        <annotation annotator="Mike Bada, University of Colorado Anschutz Medical Campus" id="GO_CC_2016_02_16_test_Instance_32007" type="identity">
            <class id="GO:0000792" label="heterochromatin"/>
            <span end="32763" id="17083276-7213" start="32748">Heterochromatin</span>
        </annotation>
        <annotation annotator="Mike Bada, University of Colorado Anschutz Medical Campus" id="GO_CC_2016_02_16_test_Instance_23331" type="identity">
            <class id="GO:0005634" label="nucleus"/>
            <span end="32771" id="17083276-6954" start="32764">Nuclear</span>
        </annotation>
        <annotation annotator="Mike Bada, University of Colorado Anschutz Medical Campus" id="GO_CC_2016_02_16_test_Instance_23333" type="identity">
            <class id="GO:0005737" label="cytoplasm"/>
            <span end="33124" id="17083276-6956" start="33113">cytoplasmic</span>
        </annotation>
        <annotation annotator="Mike Bada, University of Colorado Anschutz Medical Campus" id="GO_CC_2016_02_16_test_Instance_23335" type="identity">
            <class id="GO:0033186" label="CAF-1 complex"/>
            <span end="33130" id="17083276-6958" start="33125">CAF-1</span>
        </annotation>
        <annotation annotator="" id="GO_CC_2016_02_16_Instance_100711" type="identity">
            <class id="GO:0042571" label="immunoglobulin complex, circulating"/>
            <span end="33472" id="17083276-6716" start="33464">antibody</span>
        </annotation>
        <annotation annotator="Mike Bada, University of Colorado Anschutz Medical Campus" id="GO_CC_2016_02_16_test_Instance_23339" type="identity">
            <class id="GO:0033186" label="CAF-1 complex"/>
            <span end="33708" id="17083276-6960" start="33703">CAF-1</span>
        </annotation>
        <annotation annotator="Mike Bada, University of Colorado Anschutz Medical Campus" id="GO_CC_2016_02_16_test_Instance_23341" type="identity">
            <class id="GO:0033186" label="CAF-1 complex"/>
            <span end="33738" id="17083276-6962" start="33711">chromatin assembly factor 1</span>
        </annotation>
        <annotation annotator="Mike Bada, University of Colorado Anschutz Medical Campus" id="GO_CC_2016_02_16_test_Instance_32011" type="identity">
            <class id="GO:0000785" label="chromatin"/>
            <span end="33756" id="17083276-7215" start="33747">chromatin</span>
        </annotation>
        <annotation annotator="Mike Bada, University of Colorado Anschutz Medical Campus" id="GO_CC_2016_02_16_test_Instance_23343" type="identity">
            <class id="GO:0000792" label="heterochromatin"/>
            <span end="34211" id="17083276-6964" start="34196">Heterochromatin</span>
        </annotation>
        <annotation annotator="Mike Bada, University of Colorado Anschutz Medical Campus" id="GO_CC_2016_02_16_test_Instance_23345" type="identity">
            <class id="GO:0005634" label="nucleus"/>
            <span end="35834" id="17083276-6966" start="35827">nucleus</span>
        </annotation>
        <annotation annotator="Mike Bada, University of Colorado Anschutz Medical Campus" id="GO_CC_2016_02_16_test_Instance_23347" type="identity">
            <class id="GO:0000792" label="heterochromatin"/>
            <span end="35933" id="17083276-6968" start="35918">heterochromatin</span>
        </annotation>
        <annotation annotator="Mike Bada, University of Colorado Anschutz Medical Campus" id="GO_CC_2016_02_16_test_Instance_23349" type="identity">
            <class id="GO:0005634" label="nucleus"/>
            <span end="36098" id="17083276-6970" start="36091">nucleus</span>
        </annotation>
        <annotation annotator="" id="GO_CC_2016_02_16_Instance_100717" type="identity">
            <class id="GO:0034399" label="nuclear periphery"/>
            <span end="36170" id="17083276-6718" start="36153">nuclear periphery</span>
        </annotation>
        <annotation annotator="Mike Bada, University of Colorado Anschutz Medical Campus" id="GO_CC_2016_02_16_test_Instance_23353" type="identity">
            <class id="GO:0000792" label="heterochromatin"/>
            <span end="36206" id="17083276-6972" start="36191">heterochromatin</span>
        </annotation>
        <annotation annotator="Mike Bada, University of Colorado Anschutz Medical Campus" id="GO_CC_2016_02_16_test_Instance_23355" type="identity">
            <class id="GO:0000792" label="heterochromatin"/>
            <span end="36415" id="17083276-6974" start="36400">Heterochromatin</span>
        </annotation>
        <annotation annotator="Mike Bada, University of Colorado Anschutz Medical Campus" id="GO_CC_2016_02_16_test_Instance_23357" type="identity">
            <class id="GO:0005634" label="nucleus"/>
            <span end="36538" id="17083276-6976" start="36531">nucleus</span>
        </annotation>
        <annotation annotator="" id="GO_CC_2016_02_16_Instance_100719" type="identity">
            <class id="GO:0005634" label="nucleus"/>
            <span end="36625" id="17083276-6720" start="36615">nucleus of</span>
            <span end="36636" id="17083276-6721" start="36632">cell</span>
        </annotation>
        <annotation annotator="Mike Bada, University of Colorado Anschutz Medical Campus" id="GO_CC_2016_02_16_test_Instance_23361" type="identity">
            <class id="GO:0000792" label="heterochromatin"/>
            <span end="36761" id="17083276-6978" start="36746">Heterochromatin</span>
        </annotation>
        <annotation annotator="Mike Bada, University of Colorado Anschutz Medical Campus" id="GO_CC_2016_02_16_test_Instance_23363" type="identity">
            <class id="GO:0000792" label="heterochromatin"/>
            <span end="37078" id="17083276-6980" start="37063">heterochromatin</span>
        </annotation>
        <annotation annotator="Mike Bada, University of Colorado Anschutz Medical Campus" id="GO_CC_2016_02_16_test_Instance_23365" type="identity">
            <class id="GO:0000792" label="heterochromatin"/>
            <span end="37432" id="17083276-6982" start="37417">Heterochromatin</span>
        </annotation>
        <annotation annotator="Mike Bada, University of Colorado Anschutz Medical Campus" id="GO_CC_2016_02_16_test_Instance_23367" type="identity">
            <class id="GO:0016605" label="PML body"/>
            <span end="37709" id="17083276-6984" start="37699">PML bodies</span>
        </annotation>
        <annotation annotator="Mike Bada, University of Colorado Anschutz Medical Campus" id="GO_CC_2016_02_16_test_Instance_23369" type="identity">
            <class id="GO:0000792" label="heterochromatin"/>
            <span end="38001" id="17083276-6986" start="37986">Heterochromatin</span>
        </annotation>
        <annotation annotator="" id="GO_CC_2016_02_16_Instance_100725" type="identity">
            <class id="GO:0005721" label="pericentric heterochromatin"/>
            <span end="39302" id="17083276-6723" start="39275">Pericentric Heterochromatin</span>
        </annotation>
        <annotation annotator="Mike Bada, University of Colorado Anschutz Medical Campus" id="GO_CC_2016_02_16_test_Instance_23371" type="identity">
            <class id="GO:0005634" label="nucleus"/>
            <span end="39414" id="17083276-6988" start="39405">nuclei of</span>
            <span end="39429" id="17083276-6989" start="39424">cells</span>
        </annotation>
        <annotation annotator="Mike Bada, University of Colorado Anschutz Medical Campus" id="GO_CC_2016_02_16_test_Instance_23375" type="identity">
            <class id="GO:0010369" label="chromocenter"/>
            <span end="39679" id="17083276-6991" start="39666">chromocenters</span>
        </annotation>
        <annotation annotator="Mike Bada, University of Colorado Anschutz Medical Campus" id="GO_CC_2016_02_16_test_Instance_23377" type="identity">
            <class id="GO:0010369" label="chromocenter"/>
            <span end="40057" id="17083276-6993" start="40044">chromocenters</span>
        </annotation>
        <annotation annotator="" id="GO_CC_2016_02_16_Instance_100729" type="identity">
            <class id="GO:0034399" label="nuclear periphery"/>
            <span end="40196" id="17083276-6725" start="40179">nuclear periphery</span>
        </annotation>
        <annotation annotator="Mike Bada, University of Colorado Anschutz Medical Campus" id="GO_CC_2016_02_16_test_Instance_23381" type="identity">
            <class id="GO:0005634" label="nucleus"/>
            <span end="40314" id="17083276-6995" start="40307">nucleus</span>
        </annotation>
        <annotation annotator="Mike Bada, University of Colorado Anschutz Medical Campus" id="GO_CC_2016_02_16_test_Instance_23383" type="identity">
            <class id="GO:0010369" label="chromocenter"/>
            <span end="40420" id="17083276-6997" start="40407">chromocenters</span>
        </annotation>
        <annotation annotator="Mike Bada, University of Colorado Anschutz Medical Campus" id="GO_CC_2016_02_16_test_Instance_23385" type="identity">
            <class id="GO:0010369" label="chromocenter"/>
            <span end="40811" id="17083276-6999" start="40799">chromocenter</span>
        </annotation>
        <annotation annotator="Mike Bada, University of Colorado Anschutz Medical Campus" id="GO_CC_2016_02_16_test_Instance_23387" type="identity">
            <class id="GO:0010369" label="chromocenter"/>
            <span end="40861" id="17083276-7001" start="40849">chromocenter</span>
        </annotation>
        <annotation annotator="Mike Bada, University of Colorado Anschutz Medical Campus" id="GO_CC_2016_02_16_test_Instance_23389" type="identity">
            <class id="GO:0000786" label="nucleosome"/>
            <span end="40917" id="17083276-7003" start="40906">Nucleosomal</span>
        </annotation>
        <annotation annotator="" id="GO_CC_2016_02_16_Instance_100731" type="identity">
            <class id="GO:0005634" label="nucleus"/>
            <span end="40984" id="17083276-6727" start="40978">Nuclei</span>
        </annotation>
        <annotation annotator="Mike Bada, University of Colorado Anschutz Medical Campus" id="GO_CC_2016_02_16_test_Instance_23391" type="identity">
            <class id="GO:0005634" label="nucleus"/>
            <span end="41071" id="17083276-7005" start="41065">Nuclei</span>
        </annotation>
        <annotation annotator="Mike Bada, University of Colorado Anschutz Medical Campus" id="GO_CC_2016_02_16_test_Instance_21229" type="identity">
            <class id="GO:0005721" label="pericentric heterochromatin"/>
            <span end="41498" id="17083276-6768" start="41471">Pericentric Heterochromatin</span>
        </annotation>
        <annotation annotator="Mike Bada, University of Colorado Anschutz Medical Campus" id="GO_CC_2016_02_16_test_Instance_21231" type="identity">
            <class id="GO:0005721" label="pericentric heterochromatin"/>
            <span end="41920" id="17083276-6770" start="41893">Pericentric Heterochromatin</span>
        </annotation>
        <annotation annotator="Mike Bada, University of Colorado Anschutz Medical Campus" id="GO_CC_2016_02_16_test_Instance_21233" type="identity">
            <class id="GO:0005721" label="pericentric heterochromatin"/>
            <span end="42042" id="17083276-6772" start="42015">pericentric heterochromatin</span>
        </annotation>
        <annotation annotator="" id="GO_CC_2016_02_16_Instance_100733" type="identity">
            <class id="GO:0042571" label="immunoglobulin complex, circulating"/>
            <span end="42234" id="17083276-6729" start="42226">antibody</span>
        </annotation>
        <graph-space id="Old Knowtator Relations"/>
    </document>
</knowtator-project>
