<?xml version="1.0" encoding="UTF-8" standalone="no"?>
<knowtator-project>
  <document id="17244351" text-file="17244351.txt">
    <annotation annotator="Mike Bada, University of Colorado Anschutz Medical Campus" id="GO_CC_2016_02_16_test_Instance_32105" type="identity">
      <class id="GO:0031090" label="organelle membrane"/>
      <span end="16470" id="17244351-7237" start="16452">organelle membrane</span>
    </annotation>
    <annotation annotator="" id="GO_CC_2016_02_16_Instance_190025" type="identity">
      <class id="GO:0005615" label="extracellular space"/>
      <span end="16488" id="17244351-7234" start="16475">extracellular</span>
      <span end="16505" id="17244351-7235" start="16500">space</span>
    </annotation>
    <annotation annotator="Mike Bada, University of Colorado Anschutz Medical Campus" id="GO_CC_2016_02_16_test_Instance_32107" type="identity">
      <class id="GO:0005576" label="extracellular region"/>
      <span end="16495" id="17244351-7239" start="16475">extracellular region</span>
    </annotation>
    <annotation annotator="Mike Bada, University of Colorado Anschutz Medical Campus" id="GO_CC_2016_02_16_test_Instance_32109" type="identity">
      <class id="GO:0005911" label="cell-cell junction"/>
      <span end="16634" id="17244351-7241" start="16612">intercellular junction</span>
    </annotation>
    <annotation annotator="" id="GO_CC_2016_02_16_Instance_100925" type="identity">
      <class id="GO:0042571" label="immunoglobulin complex, circulating"/>
      <span end="20471" id="17244351-7228" start="20463">antibody</span>
    </annotation>
    <annotation annotator="" id="GO_CC_2016_02_16_Instance_100927" type="identity">
      <class id="GO:0042571" label="immunoglobulin complex, circulating"/>
      <span end="20657" id="17244351-7230" start="20649">antibody</span>
    </annotation>
    <annotation annotator="" id="GO_CC_2016_02_16_Instance_100933" type="identity">
      <class id="GO:0042571" label="immunoglobulin complex, circulating"/>
      <span end="22561" id="17244351-7232" start="22553">antibody</span>
    </annotation>
    <graph-space id="Old Knowtator Relations"/>
  </document>
</knowtator-project>
