<?xml version="1.0" encoding="UTF-8" standalone="no"?>
<knowtator-project>
    <document id="17590087" text-file="17590087.txt">
        <annotation annotator="Mike Bada, University of Colorado Anschutz Medical Campus" id="GO_CC_2016_02_16_test_Instance_22573" type="identity">
            <class id="GO:0030849" label="autosome"/>
            <span end="124" id="17590087-7854" start="115">autosomal</span>
        </annotation>
        <annotation annotator="Mike Bada, University of Colorado Anschutz Medical Campus" id="GO_CC_2016_02_16_test_Instance_23873" type="identity">
            <class id="GO:0030849" label="autosome"/>
            <span end="853" id="17590087-7856" start="844">autosomal</span>
        </annotation>
        <annotation annotator="Mike Bada, University of Colorado Anschutz Medical Campus" id="GO_CC_2016_02_16_test_Instance_23877" type="identity">
            <class id="GO:0030849" label="autosome"/>
            <span end="3947" id="17590087-7858" start="3938">autosomal</span>
        </annotation>
        <annotation annotator="Mike Bada, University of Colorado Anschutz Medical Campus" id="GO_CC_2016_02_16_test_Instance_23927" type="identity">
            <class id="GO:0030849" label="autosome"/>
            <span end="5994" id="17590087-7860" start="5985">autosomal</span>
        </annotation>
        <annotation annotator="Mike Bada, University of Colorado Anschutz Medical Campus" id="GO_CC_2016_02_16_test_Instance_23939" type="identity">
            <class id="GO:0030849" label="autosome"/>
            <span end="6295" id="17590087-7862" start="6286">autosomal</span>
        </annotation>
        <annotation annotator="Mike Bada, University of Colorado Anschutz Medical Campus" id="GO_CC_2016_02_16_test_Instance_24245" type="identity">
            <class id="GO:0030849" label="autosome"/>
            <span end="11544" id="17590087-7864" start="11535">autosomal</span>
        </annotation>
        <annotation annotator="" id="GO_CC_2016_02_16_Instance_101151" type="identity">
            <class id="GO:0016020" label="membrane"/>
            <span end="12603" id="17590087-7822" start="12595">membrane</span>
        </annotation>
        <annotation annotator="Mike Bada, University of Colorado Anschutz Medical Campus" id="GO_CC_2016_02_16_test_Instance_32625" type="identity">
            <class id="GO:0005783" label="endoplasmic reticulum"/>
            <span end="12790" id="17590087-7868" start="12769">endoplasmic reticulum</span>
        </annotation>
        <annotation annotator="Mike Bada, University of Colorado Anschutz Medical Campus" id="GO_CC_2016_02_16_test_Instance_32627" type="identity">
            <class id="GO:0005622" label="intracellular"/>
            <span end="12825" id="17590087-7870" start="12812">intracellular</span>
        </annotation>
        <annotation annotator="" id="GO_CC_2016_02_16_Instance_101153" type="identity">
            <class id="GO:0042571" label="immunoglobulin complex, circulating"/>
            <span end="13616" id="17590087-7824" start="13608">antibody</span>
        </annotation>
        <annotation annotator="Mike Bada, University of Colorado Anschutz Medical Campus" id="GO_CC_2016_02_16_test_Instance_24249" type="identity">
            <class id="GO:0030849" label="autosome"/>
            <span end="14902" id="17590087-7866" start="14893">autosomal</span>
        </annotation>
        <annotation annotator="Mike Bada, University of Colorado Anschutz Medical Campus" id="GO_CC_2016_02_16_test_Instance_32629" type="identity">
            <class id="GO:0005622" label="intracellular"/>
            <span end="15150" id="17590087-7872" start="15137">intracellular</span>
        </annotation>
        <annotation annotator="" id="GO_CC_2016_02_16_Instance_101155" type="identity">
            <class id="GO:0042571" label="immunoglobulin complex, circulating"/>
            <span end="17933" id="17590087-7826" start="17923">antibodies</span>
        </annotation>
        <annotation annotator="" id="GO_CC_2016_02_16_Instance_101157" type="identity">
            <class id="GO:0042571" label="immunoglobulin complex, circulating"/>
            <span end="18648" id="17590087-7828" start="18638">antibodies</span>
        </annotation>
        <annotation annotator="" id="GO_CC_2016_02_16_Instance_101159" type="identity">
            <class id="GO:0042571" label="immunoglobulin complex, circulating"/>
            <span end="18693" id="17590087-7830" start="18685">antibody</span>
        </annotation>
        <annotation annotator="" id="GO_CC_2016_02_16_Instance_101161" type="identity">
            <class id="GO:0042571" label="immunoglobulin complex, circulating"/>
            <span end="18787" id="17590087-7832" start="18779">antibody</span>
        </annotation>
        <annotation annotator="" id="GO_CC_2016_02_16_Instance_101163" type="identity">
            <class id="GO:0042571" label="immunoglobulin complex, circulating"/>
            <span end="18992" id="17590087-7834" start="18982">antibodies</span>
        </annotation>
        <annotation annotator="" id="GO_CC_2016_02_16_Instance_102129" type="identity">
            <class id="GO:0071735" label="IgG immunoglobulin complex"/>
            <span end="19030" id="17590087-7850" start="19027">IgG</span>
        </annotation>
        <annotation annotator="" id="GO_CC_2016_02_16_Instance_102131" type="identity">
            <class id="GO:0071735" label="IgG immunoglobulin complex"/>
            <span end="19070" id="17590087-7852" start="19067">IgG</span>
        </annotation>
        <annotation annotator="" id="GO_CC_2016_02_16_Instance_101165" type="identity">
            <class id="GO:0042571" label="immunoglobulin complex, circulating"/>
            <span end="19598" id="17590087-7836" start="19588">antibodies</span>
        </annotation>
        <annotation annotator="" id="GO_CC_2016_02_16_Instance_101167" type="identity">
            <class id="GO:0042571" label="immunoglobulin complex, circulating"/>
            <span end="19658" id="17590087-7838" start="19650">Antibody</span>
        </annotation>
        <annotation annotator="" id="GO_CC_2016_02_16_Instance_101169" type="identity">
            <class id="GO:0042571" label="immunoglobulin complex, circulating"/>
            <span end="19792" id="17590087-7840" start="19782">antibodies</span>
        </annotation>
        <annotation annotator="" id="GO_CC_2016_02_16_Instance_101187" type="identity">
            <class id="GO:0042571" label="immunoglobulin complex, circulating"/>
            <span end="24683" id="17590087-7842" start="24673">antibodies</span>
        </annotation>
        <annotation annotator="" id="GO_CC_2016_02_16_Instance_101189" type="identity">
            <class id="GO:0042571" label="immunoglobulin complex, circulating"/>
            <span end="28256" id="17590087-7844" start="28248">antibody</span>
        </annotation>
        <annotation annotator="" id="GO_CC_2016_02_16_Instance_101191" type="identity">
            <class id="GO:0042571" label="immunoglobulin complex, circulating"/>
            <span end="28354" id="17590087-7846" start="28346">antibody</span>
        </annotation>
        <annotation annotator="" id="GO_CC_2016_02_16_Instance_101197" type="identity">
            <class id="GO:0042571" label="immunoglobulin complex, circulating"/>
            <span end="31797" id="17590087-7848" start="31789">antibody</span>
        </annotation>
        <graph-space id="Old Knowtator Relations"/>
    </document>
</knowtator-project>
