<?xml version="1.0" encoding="UTF-8" standalone="no"?>
<knowtator-project>
    <document id="17696610" text-file="17696610.txt">
        <annotation annotator="" id="GO_CC_2016_02_16_Instance_150002" type="identity">
            <class id="GO:0005662" label="DNA replication factor A complex"/>
            <span end="780" id="17696610-8201" start="777">RPA</span>
        </annotation>
        <annotation annotator="Mike Bada, University of Colorado Anschutz Medical Campus" id="GO_CC_2016_02_16_test_Instance_22749" type="identity">
            <class id="GO:0005712" label="chiasma"/>
            <span end="828" id="17696610-8219" start="819">chiasmata</span>
        </annotation>
        <annotation annotator="Mike Bada, University of Colorado Anschutz Medical Campus" id="GO_CC_2016_02_16_test_Instance_23847" type="identity">
            <class id="GO:0005730" label="nucleolus"/>
            <span end="5676" id="17696610-8221" start="5667">nucleolar</span>
        </annotation>
        <annotation annotator="Mike Bada, University of Colorado Anschutz Medical Campus" id="GO_CC_2016_02_16_test_Instance_32699" type="identity">
            <class id="GO:0000795" label="synaptonemal complex"/>
            <span end="6170" id="17696610-8307" start="6150">synaptonemal complex</span>
        </annotation>
        <annotation annotator="Mike Bada, University of Colorado Anschutz Medical Campus" id="GO_CC_2016_02_16_test_Instance_23923" type="identity">
            <class id="GO:0000795" label="synaptonemal complex"/>
            <span end="6174" id="17696610-8223" start="6172">SC</span>
        </annotation>
        <annotation annotator="" id="GO_CC_2016_02_16_Instance_101305" type="identity">
            <class id="GO:0042571" label="immunoglobulin complex, circulating"/>
            <span end="8608" id="17696610-8155" start="8600">antibody</span>
        </annotation>
        <annotation annotator="" id="GO_CC_2016_02_16_Instance_102133" type="identity">
            <class id="GO:0071735" label="IgG immunoglobulin complex"/>
            <span end="8906" id="17696610-8191" start="8903">IgG</span>
        </annotation>
        <annotation annotator="Mike Bada, University of Colorado Anschutz Medical Campus" id="GO_CC_2016_02_16_test_Instance_24031" type="identity">
            <class id="GO:0005634" label="nucleus"/>
            <span end="8978" id="17696610-8225" start="8972">nuclei</span>
        </annotation>
        <annotation annotator="Mike Bada, University of Colorado Anschutz Medical Campus" id="GO_CC_2016_02_16_test_Instance_24033" type="identity">
            <class id="GO:0005634" label="nucleus"/>
            <span end="9132" id="17696610-8227" start="9125">nuclear</span>
        </annotation>
        <annotation annotator="Mike Bada, University of Colorado Anschutz Medical Campus" id="GO_CC_2016_02_16_test_Instance_24211" type="identity">
            <class id="GO:0005737" label="cytoplasm"/>
            <span end="9206" id="17696610-8229" start="9195">cytoplasmic</span>
        </annotation>
        <annotation annotator="Mike Bada, University of Colorado Anschutz Medical Campus" id="GO_CC_2016_02_16_test_Instance_24213" type="identity">
            <class id="GO:0005634" label="nucleus"/>
            <span end="9596" id="17696610-8231" start="9589">Nuclear</span>
        </annotation>
        <annotation annotator="" id="GO_CC_2016_02_16_Instance_101307" type="identity">
            <class id="GO:0042571" label="immunoglobulin complex, circulating"/>
            <span end="11428" id="17696610-8157" start="11420">antibody</span>
        </annotation>
        <annotation annotator="" id="GO_CC_2016_02_16_Instance_101309" type="identity">
            <class id="GO:0042571" label="immunoglobulin complex, circulating"/>
            <span end="12186" id="17696610-8159" start="12178">antibody</span>
        </annotation>
        <annotation annotator="Mike Bada, University of Colorado Anschutz Medical Campus" id="GO_CC_2016_02_16_test_Instance_24545" type="identity">
            <class id="GO:0005634" label="nucleus"/>
            <span end="12489" id="17696610-8235" start="12482">nuclear</span>
        </annotation>
        <annotation annotator="Mike Bada, University of Colorado Anschutz Medical Campus" id="GO_CC_2016_02_16_test_Instance_24547" type="identity">
            <class id="GO:0005634" label="nucleus"/>
            <span end="12537" id="17696610-8237" start="12531">nuclei</span>
        </annotation>
        <annotation annotator="Mike Bada, University of Colorado Anschutz Medical Campus" id="GO_CC_2016_02_16_test_Instance_24549" type="identity">
            <class id="GO:0005634" label="nucleus"/>
            <span end="12611" id="17696610-8239" start="12604">nuclear</span>
        </annotation>
        <annotation annotator="Mike Bada, University of Colorado Anschutz Medical Campus" id="GO_CC_2016_02_16_test_Instance_24551" type="identity">
            <class id="GO:0005634" label="nucleus"/>
            <span end="12723" id="17696610-8241" start="12717">nuclei</span>
        </annotation>
        <annotation annotator="Mike Bada, University of Colorado Anschutz Medical Campus" id="GO_CC_2016_02_16_test_Instance_24553" type="identity">
            <class id="GO:0005634" label="nucleus"/>
            <span end="12764" id="17696610-8243" start="12757">nuclear</span>
        </annotation>
        <annotation annotator="Mike Bada, University of Colorado Anschutz Medical Campus" id="GO_CC_2016_02_16_test_Instance_24557" type="identity">
            <class id="GO:0000795" label="synaptonemal complex"/>
            <span end="12813" id="17696610-8247" start="12811">SC</span>
        </annotation>
        <annotation annotator="" id="GO_CC_2016_02_16_Instance_101311" type="identity">
            <class id="GO:0000800" label="lateral element"/>
            <span end="12848" id="17696610-8161" start="12835">axial element</span>
        </annotation>
        <annotation annotator="Mike Bada, University of Colorado Anschutz Medical Campus" id="GO_CC_2016_02_16_test_Instance_24555" type="identity">
            <class id="GO:0005634" label="nucleus"/>
            <span end="12961" id="17696610-8245" start="12955">nuclei</span>
        </annotation>
        <annotation annotator="Mike Bada, University of Colorado Anschutz Medical Campus" id="GO_CC_2016_02_16_test_Instance_32705" type="identity">
            <class id="GO:0000785" label="chromatin"/>
            <span end="15782" id="17696610-8309" start="15773">chromatin</span>
        </annotation>
        <annotation annotator="Mike Bada, University of Colorado Anschutz Medical Campus" id="GO_CC_2016_02_16_test_Instance_21325" type="identity">
            <class id="GO:0000800" label="lateral element"/>
            <span end="16579" id="17696610-8213" start="16574">axial</span>
            <span end="16596" id="17696610-8214" start="16588">elements</span>
        </annotation>
        <annotation annotator="Mike Bada, University of Colorado Anschutz Medical Campus" id="GO_CC_2016_02_16_test_Instance_32713" type="identity">
            <class id="GO:0000800" label="lateral element"/>
            <span end="16596" id="17696610-8311" start="16580">lateral elements</span>
        </annotation>
        <annotation annotator="Mike Bada, University of Colorado Anschutz Medical Campus" id="GO_CC_2016_02_16_test_Instance_32715" type="identity">
            <class id="GO:0000802" label="transverse filament"/>
            <span end="16621" id="17696610-8313" start="16601">transverse filaments</span>
        </annotation>
        <annotation annotator="Mike Bada, University of Colorado Anschutz Medical Campus" id="GO_CC_2016_02_16_test_Instance_32717" type="identity">
            <class id="GO:0000795" label="synaptonemal complex"/>
            <span end="16664" id="17696610-8315" start="16644">synaptonemal complex</span>
        </annotation>
        <annotation annotator="Mike Bada, University of Colorado Anschutz Medical Campus" id="GO_CC_2016_02_16_test_Instance_24559" type="identity">
            <class id="GO:0000795" label="synaptonemal complex"/>
            <span end="16668" id="17696610-8249" start="16666">SC</span>
        </annotation>
        <annotation annotator="Mike Bada, University of Colorado Anschutz Medical Campus" id="GO_CC_2016_02_16_test_Instance_24561" type="identity">
            <class id="GO:0005634" label="nucleus"/>
            <span end="16700" id="17696610-8251" start="16694">nuclei</span>
        </annotation>
        <annotation annotator="Mike Bada, University of Colorado Anschutz Medical Campus" id="GO_CC_2016_02_16_test_Instance_24563" type="identity">
            <class id="GO:0000795" label="synaptonemal complex"/>
            <span end="16757" id="17696610-8253" start="16755">SC</span>
        </annotation>
        <annotation annotator="Mike Bada, University of Colorado Anschutz Medical Campus" id="GO_CC_2016_02_16_test_Instance_32721" type="identity">
            <class id="GO:0030849" label="autosome"/>
            <span end="16889" id="17696610-8317" start="16880">autosomes</span>
        </annotation>
        <annotation annotator="Mike Bada, University of Colorado Anschutz Medical Campus" id="GO_CC_2016_02_16_test_Instance_24565" type="identity">
            <class id="GO:0000805" label="X chromosome"/>
            <span end="16922" id="17696610-8255" start="16921">X</span>
            <span end="16940" id="17696610-8256" start="16929">chromosomes</span>
        </annotation>
        <annotation annotator="Mike Bada, University of Colorado Anschutz Medical Campus" id="GO_CC_2016_02_16_test_Instance_32723" type="identity">
            <class id="GO:0000806" label="Y chromosome"/>
            <span end="16940" id="17696610-8319" start="16927">Y chromosomes</span>
        </annotation>
        <annotation annotator="Mike Bada, University of Colorado Anschutz Medical Campus" id="GO_CC_2016_02_16_test_Instance_24569" type="identity">
            <class id="GO:0000795" label="synaptonemal complex"/>
            <span end="17435" id="17696610-8258" start="17433">SC</span>
        </annotation>
        <annotation annotator="" id="GO_CC_2016_02_16_Instance_101313" type="identity">
            <class id="GO:0042571" label="immunoglobulin complex, circulating"/>
            <span end="17794" id="17696610-8163" start="17784">antibodies</span>
        </annotation>
        <annotation annotator="Mike Bada, University of Colorado Anschutz Medical Campus" id="GO_CC_2016_02_16_test_Instance_32729" type="identity">
            <class id="GO:0005634" label="nucleus"/>
            <span end="18046" id="17696610-8321" start="18039">nucleus</span>
        </annotation>
        <annotation annotator="Mike Bada, University of Colorado Anschutz Medical Campus" id="GO_CC_2016_02_16_test_Instance_32731" type="identity">
            <class id="GO:0005634" label="nucleus"/>
            <span end="18139" id="17696610-8323" start="18132">nucleus</span>
        </annotation>
        <annotation annotator="Mike Bada, University of Colorado Anschutz Medical Campus" id="GO_CC_2016_02_16_test_Instance_32739" type="identity">
            <class id="GO:0030849" label="autosome"/>
            <span end="18498" id="17696610-8325" start="18489">autosomes</span>
        </annotation>
        <annotation annotator="Mike Bada, University of Colorado Anschutz Medical Campus" id="GO_CC_2016_02_16_test_Instance_24573" type="identity">
            <class id="GO:0005634" label="nucleus"/>
            <span end="18528" id="17696610-8260" start="18522">nuclei</span>
        </annotation>
        <annotation annotator="Mike Bada, University of Colorado Anschutz Medical Campus" id="GO_CC_2016_02_16_test_Instance_32741" type="identity">
            <class id="GO:0001741" label="XY body"/>
            <span end="18577" id="17696610-8327" start="18570">XY body</span>
        </annotation>
        <annotation annotator="Mike Bada, University of Colorado Anschutz Medical Campus" id="GO_CC_2016_02_16_test_Instance_32745" type="identity">
            <class id="GO:0001741" label="XY body"/>
            <span end="18706" id="17696610-8329" start="18699">XY body</span>
        </annotation>
        <annotation annotator="Mike Bada, University of Colorado Anschutz Medical Campus" id="GO_CC_2016_02_16_test_Instance_32747" type="identity">
            <class id="GO:0001741" label="XY body"/>
            <span end="18789" id="17696610-8331" start="18782">XY body</span>
        </annotation>
        <annotation annotator="Mike Bada, University of Colorado Anschutz Medical Campus" id="GO_CC_2016_02_16_test_Instance_24575" type="identity">
            <class id="GO:0030849" label="autosome"/>
            <span end="18819" id="17696610-8262" start="18810">autosomal</span>
        </annotation>
        <annotation annotator="Mike Bada, University of Colorado Anschutz Medical Campus" id="GO_CC_2016_02_16_test_Instance_32749" type="identity">
            <class id="GO:0001741" label="XY body"/>
            <span end="18946" id="17696610-8333" start="18939">XY body</span>
        </annotation>
        <annotation annotator="Mike Bada, University of Colorado Anschutz Medical Campus" id="GO_CC_2016_02_16_test_Instance_32751" type="identity">
            <class id="GO:0000803" label="sex chromosome"/>
            <span end="19066" id="17696610-8335" start="19051">sex chromosomes</span>
        </annotation>
        <annotation annotator="" id="GO_CC_2016_02_16_Instance_150004" type="identity">
            <class id="GO:0005662" label="DNA replication factor A complex"/>
            <span end="19135" id="17696610-8203" start="19132">RPA</span>
        </annotation>
        <annotation annotator="Mike Bada, University of Colorado Anschutz Medical Campus" id="GO_CC_2016_02_16_test_Instance_24577" type="identity">
            <class id="GO:0000795" label="synaptonemal complex"/>
            <span end="19241" id="17696610-8264" start="19238">SCs</span>
        </annotation>
        <annotation annotator="Mike Bada, University of Colorado Anschutz Medical Campus" id="GO_CC_2016_02_16_test_Instance_24579" type="identity">
            <class id="GO:0000795" label="synaptonemal complex"/>
            <span end="19383" id="17696610-8266" start="19380">SCs</span>
        </annotation>
        <annotation annotator="Mike Bada, University of Colorado Anschutz Medical Campus" id="GO_CC_2016_02_16_test_Instance_24581" type="identity">
            <class id="GO:0005634" label="nucleus"/>
            <span end="19410" id="17696610-8268" start="19404">nuclei</span>
        </annotation>
        <annotation annotator="Mike Bada, University of Colorado Anschutz Medical Campus" id="GO_CC_2016_02_16_test_Instance_32759" type="identity">
            <class id="GO:0005714" label="early recombination nodule"/>
            <span end="19953" id="17696610-8337" start="19926">early recombination nodules</span>
        </annotation>
        <annotation annotator="Mike Bada, University of Colorado Anschutz Medical Campus" id="GO_CC_2016_02_16_test_Instance_24583" type="identity">
            <class id="GO:0005714" label="early recombination nodule"/>
            <span end="19959" id="17696610-8270" start="19955">ERNs</span>
        </annotation>
        <annotation annotator="" id="GO_CC_2016_02_16_Instance_101315" type="identity">
            <class id="GO:0042571" label="immunoglobulin complex, circulating"/>
            <span end="20076" id="17696610-8165" start="20068">antibody</span>
        </annotation>
        <annotation annotator="Mike Bada, University of Colorado Anschutz Medical Campus" id="GO_CC_2016_02_16_test_Instance_32761" type="identity">
            <class id="GO:0008278" label="cohesin complex"/>
            <span end="20182" id="17696610-8339" start="20167">cohesin complex</span>
        </annotation>
        <annotation annotator="Mike Bada, University of Colorado Anschutz Medical Campus" id="GO_CC_2016_02_16_test_Instance_32763" type="identity">
            <class id="GO:0043234" label="protein complex"/>
            <span end="20582" id="17696610-8341" start="20567">protein complex</span>
        </annotation>
        <annotation annotator="Mike Bada, University of Colorado Anschutz Medical Campus" id="GO_CC_2016_02_16_test_Instance_24587" type="identity">
            <class id="GO:0005634" label="nucleus"/>
            <span end="20857" id="17696610-8272" start="20851">nuclei</span>
        </annotation>
        <annotation annotator="" id="GO_CC_2016_02_16_Instance_101327" type="identity">
            <class id="GO:0042571" label="immunoglobulin complex, circulating"/>
            <span end="20873" id="17696610-8167" start="20863">antibodies</span>
        </annotation>
        <annotation annotator="Mike Bada, University of Colorado Anschutz Medical Campus" id="GO_CC_2016_02_16_test_Instance_32771" type="identity">
            <class id="GO:0001741" label="XY body"/>
            <span end="21292" id="17696610-8343" start="21285">XY body</span>
        </annotation>
        <annotation annotator="" id="GO_CC_2016_02_16_Instance_150006" type="identity">
            <class id="GO:0005662" label="DNA replication factor A complex"/>
            <span end="21610" id="17696610-8205" start="21607">RPA</span>
        </annotation>
        <annotation annotator="" id="GO_CC_2016_02_16_Instance_150008" type="identity">
            <class id="GO:0005662" label="DNA replication factor A complex"/>
            <span end="21758" id="17696610-8207" start="21755">RPA</span>
        </annotation>
        <annotation annotator="" id="GO_CC_2016_02_16_Instance_150010" type="identity">
            <class id="GO:0005662" label="DNA replication factor A complex"/>
            <span end="21974" id="17696610-8209" start="21971">RPA</span>
        </annotation>
        <annotation annotator="Mike Bada, University of Colorado Anschutz Medical Campus" id="GO_CC_2016_02_16_test_Instance_32781" type="identity">
            <class id="GO:0000803" label="sex chromosome"/>
            <span end="22263" id="17696610-8345" start="22249">sex chromosome</span>
        </annotation>
        <annotation annotator="Mike Bada, University of Colorado Anschutz Medical Campus" id="GO_CC_2016_02_16_test_Instance_32783" type="identity">
            <class id="GO:0000785" label="chromatin"/>
            <span end="22327" id="17696610-8347" start="22318">chromatin</span>
        </annotation>
        <annotation annotator="" id="GO_CC_2016_02_16_Instance_101329" type="identity">
            <class id="GO:0042571" label="immunoglobulin complex, circulating"/>
            <span end="22368" id="17696610-8169" start="22358">antibodies</span>
        </annotation>
        <annotation annotator="Mike Bada, University of Colorado Anschutz Medical Campus" id="GO_CC_2016_02_16_test_Instance_24593" type="identity">
            <class id="GO:0005634" label="nucleus"/>
            <span end="23004" id="17696610-8274" start="22998">nuclei</span>
        </annotation>
        <annotation annotator="Mike Bada, University of Colorado Anschutz Medical Campus" id="GO_CC_2016_02_16_test_Instance_24595" type="identity">
            <class id="GO:0030849" label="autosome"/>
            <span end="23026" id="17696610-8276" start="23017">autosomal</span>
        </annotation>
        <annotation annotator="Mike Bada, University of Colorado Anschutz Medical Campus" id="GO_CC_2016_02_16_test_Instance_24597" type="identity">
            <class id="GO:0005712" label="chiasma"/>
            <span end="23753" id="17696610-8278" start="23744">chiasmata</span>
        </annotation>
        <annotation annotator="Mike Bada, University of Colorado Anschutz Medical Campus" id="GO_CC_2016_02_16_test_Instance_24599" type="identity">
            <class id="GO:0005634" label="nucleus"/>
            <span end="24022" id="17696610-8280" start="24016">nuclei</span>
        </annotation>
        <annotation annotator="Mike Bada, University of Colorado Anschutz Medical Campus" id="GO_CC_2016_02_16_test_Instance_24601" type="identity">
            <class id="GO:0005634" label="nucleus"/>
            <span end="24141" id="17696610-8282" start="24135">nuclei</span>
        </annotation>
        <annotation annotator="Mike Bada, University of Colorado Anschutz Medical Campus" id="GO_CC_2016_02_16_test_Instance_24603" type="identity">
            <class id="GO:0000795" label="synaptonemal complex"/>
            <span end="24824" id="17696610-8284" start="24822">SC</span>
        </annotation>
        <annotation annotator="Mike Bada, University of Colorado Anschutz Medical Campus" id="GO_CC_2016_02_16_test_Instance_32801" type="identity">
            <class id="GO:0000793" label="condensed chromosome"/>
            <span end="25031" id="17696610-8349" start="25010">condensed chromosomes</span>
        </annotation>
        <annotation annotator="Mike Bada, University of Colorado Anschutz Medical Campus" id="GO_CC_2016_02_16_test_Instance_32807" type="identity">
            <class id="GO:0005819" label="spindle"/>
            <span end="26244" id="17696610-8351" start="26237">spindle</span>
        </annotation>
        <annotation annotator="" id="GO_CC_2016_02_16_Instance_101331" type="identity">
            <class id="GO:0005712" label="chiasma"/>
            <span end="26282" id="17696610-8171" start="26273">chiasmate</span>
        </annotation>
        <annotation annotator="" id="GO_CC_2016_02_16_Instance_101333" type="identity">
            <class id="GO:0042571" label="immunoglobulin complex, circulating"/>
            <span end="27153" id="17696610-8173" start="27143">antibodies</span>
        </annotation>
        <annotation annotator="Mike Bada, University of Colorado Anschutz Medical Campus" id="GO_CC_2016_02_16_test_Instance_24607" type="identity">
            <class id="GO:0005634" label="nucleus"/>
            <span end="27333" id="17696610-8286" start="27327">nuclei</span>
        </annotation>
        <annotation annotator="Mike Bada, University of Colorado Anschutz Medical Campus" id="GO_CC_2016_02_16_test_Instance_32825" type="identity">
            <class id="GO:0000785" label="chromatin"/>
            <span end="29454" id="17696610-8353" start="29445">chromatin</span>
        </annotation>
        <annotation annotator="Mike Bada, University of Colorado Anschutz Medical Campus" id="GO_CC_2016_02_16_test_Instance_24609" type="identity">
            <class id="GO:0032991" label="macromolecular complex"/>
            <span end="34082" id="17696610-8288" start="34073">complexes</span>
        </annotation>
        <annotation annotator="Mike Bada, University of Colorado Anschutz Medical Campus" id="GO_CC_2016_02_16_test_Instance_24635" type="identity">
            <class id="GO:0032993" label="protein-DNA complex"/>
            <span end="34312" id="17696610-8298" start="34293">protein/DNA complex</span>
        </annotation>
        <annotation annotator="Mike Bada, University of Colorado Anschutz Medical Campus" id="GO_CC_2016_02_16_test_Instance_24637" type="identity">
            <class id="GO:0005634" label="nucleus"/>
            <span end="36136" id="17696610-8300" start="36130">nuclei</span>
        </annotation>
        <annotation annotator="Mike Bada, University of Colorado Anschutz Medical Campus" id="GO_CC_2016_02_16_test_Instance_24639" type="identity">
            <class id="GO:0001741" label="XY body"/>
            <span end="36164" id="17696610-8302" start="36162">XY</span>
            <span end="36175" id="17696610-8303" start="36171">body</span>
        </annotation>
        <annotation annotator="Mike Bada, University of Colorado Anschutz Medical Campus" id="GO_CC_2016_02_16_test_Instance_21327" type="identity">
            <class id="GO:0001741" label="XY body"/>
            <span end="36169" id="17696610-8216" start="36166">sex</span>
            <span end="36175" id="17696610-8217" start="36171">body</span>
        </annotation>
        <annotation annotator="Mike Bada, University of Colorado Anschutz Medical Campus" id="GO_CC_2016_02_16_test_Instance_24641" type="identity">
            <class id="GO:0005634" label="nucleus"/>
            <span end="36231" id="17696610-8305" start="36224">nuclear</span>
        </annotation>
        <annotation annotator="Mike Bada, University of Colorado Anschutz Medical Campus" id="GO_CC_2016_02_16_test_Instance_32835" type="identity">
            <class id="GO:0000803" label="sex chromosome"/>
            <span end="36291" id="17696610-8355" start="36276">sex chromosomes</span>
        </annotation>
        <annotation annotator="Mike Bada, University of Colorado Anschutz Medical Campus" id="GO_CC_2016_02_16_test_Instance_32837" type="identity">
            <class id="GO:0001741" label="XY body"/>
            <span end="36399" id="17696610-8357" start="36392">XY body</span>
        </annotation>
        <annotation annotator="Mike Bada, University of Colorado Anschutz Medical Campus" id="GO_CC_2016_02_16_test_Instance_24243" type="identity">
            <class id="GO:0001741" label="XY body"/>
            <span end="36484" id="17696610-8233" start="36482">XY</span>
        </annotation>
        <annotation annotator="" id="GO_CC_2016_02_16_Instance_101335" type="identity">
            <class id="GO:0042571" label="immunoglobulin complex, circulating"/>
            <span end="42013" id="17696610-8175" start="42003">antibodies</span>
        </annotation>
        <annotation annotator="" id="GO_CC_2016_02_16_Instance_102137" type="identity">
            <class id="GO:0071760" label="IgY immunoglobulin complex"/>
            <span end="42209" id="17696610-8195" start="42206">IgY</span>
        </annotation>
        <annotation annotator="" id="GO_CC_2016_02_16_Instance_102139" type="identity">
            <class id="GO:0071760" label="IgY immunoglobulin complex"/>
            <span end="42264" id="17696610-8197" start="42261">IgY</span>
        </annotation>
        <annotation annotator="" id="GO_CC_2016_02_16_Instance_102141" type="identity">
            <class id="GO:0071760" label="IgY immunoglobulin complex"/>
            <span end="42321" id="17696610-8199" start="42318">IgY</span>
        </annotation>
        <annotation annotator="" id="GO_CC_2016_02_16_Instance_101337" type="identity">
            <class id="GO:0042571" label="immunoglobulin complex, circulating"/>
            <span end="42332" id="17696610-8177" start="42322">antibodies</span>
        </annotation>
        <annotation annotator="" id="GO_CC_2016_02_16_Instance_101339" type="identity">
            <class id="GO:0042571" label="immunoglobulin complex, circulating"/>
            <span end="42660" id="17696610-8179" start="42652">antibody</span>
        </annotation>
        <annotation annotator="" id="GO_CC_2016_02_16_Instance_102135" type="identity">
            <class id="GO:0071735" label="IgG immunoglobulin complex"/>
            <span end="42927" id="17696610-8193" start="42924">IgG</span>
        </annotation>
        <annotation annotator="Mike Bada, University of Colorado Anschutz Medical Campus" id="GO_CC_2016_02_16_test_Instance_32839" type="identity">
            <class id="GO:0005634" label="nucleus"/>
            <span end="43327" id="17696610-8359" start="43320">nucleus</span>
        </annotation>
        <annotation annotator="Mike Bada, University of Colorado Anschutz Medical Campus" id="GO_CC_2016_02_16_test_Instance_24617" type="identity">
            <class id="GO:0005634" label="nucleus"/>
            <span end="43579" id="17696610-8290" start="43573">nuclei</span>
        </annotation>
        <annotation annotator="" id="GO_CC_2016_02_16_Instance_150012" type="identity">
            <class id="GO:0005662" label="DNA replication factor A complex"/>
            <span end="43833" id="17696610-8211" start="43830">RPA</span>
        </annotation>
        <annotation annotator="Mike Bada, University of Colorado Anschutz Medical Campus" id="GO_CC_2016_02_16_test_Instance_24619" type="identity">
            <class id="GO:0005634" label="nucleus"/>
            <span end="44113" id="17696610-8292" start="44107">Nuclei</span>
        </annotation>
        <annotation annotator="" id="GO_CC_2016_02_16_Instance_101341" type="identity">
            <class id="GO:0042571" label="immunoglobulin complex, circulating"/>
            <span end="44246" id="17696610-8181" start="44236">antibodies</span>
        </annotation>
        <annotation annotator="" id="GO_CC_2016_02_16_Instance_101343" type="identity">
            <class id="GO:0042571" label="immunoglobulin complex, circulating"/>
            <span end="44495" id="17696610-8183" start="44487">antibody</span>
        </annotation>
        <annotation annotator="" id="GO_CC_2016_02_16_Instance_101345" type="identity">
            <class id="GO:0042571" label="immunoglobulin complex, circulating"/>
            <span end="45092" id="17696610-8185" start="45082">antibodies</span>
        </annotation>
        <annotation annotator="Mike Bada, University of Colorado Anschutz Medical Campus" id="GO_CC_2016_02_16_test_Instance_24627" type="identity">
            <class id="GO:0005634" label="nucleus"/>
            <span end="45759" id="17696610-8294" start="45753">nuclei</span>
        </annotation>
        <annotation annotator="" id="GO_CC_2016_02_16_Instance_101347" type="identity">
            <class id="GO:0042571" label="immunoglobulin complex, circulating"/>
            <span end="46673" id="17696610-8187" start="46663">Antibodies</span>
        </annotation>
        <annotation annotator="" id="GO_CC_2016_02_16_Instance_101349" type="identity">
            <class id="GO:0042571" label="immunoglobulin complex, circulating"/>
            <span end="47335" id="17696610-8189" start="47325">antibodies</span>
        </annotation>
        <annotation annotator="Mike Bada, University of Colorado Anschutz Medical Campus" id="GO_CC_2016_02_16_test_Instance_32847" type="identity">
            <class id="GO:0000803" label="sex chromosome"/>
            <span end="47642" id="17696610-8361" start="47628">sex chromosome</span>
        </annotation>
        <annotation annotator="Mike Bada, University of Colorado Anschutz Medical Campus" id="GO_CC_2016_02_16_test_Instance_32849" type="identity">
            <class id="GO:0000785" label="chromatin"/>
            <span end="47703" id="17696610-8363" start="47694">chromatin</span>
        </annotation>
        <annotation annotator="Mike Bada, University of Colorado Anschutz Medical Campus" id="GO_CC_2016_02_16_test_Instance_24633" type="identity">
            <class id="GO:0000795" label="synaptonemal complex"/>
            <span end="47782" id="17696610-8296" start="47780">SC</span>
        </annotation>
        <annotation annotator="Mike Bada, University of Colorado Anschutz Medical Campus" id="GO_CC_2016_02_16_test_Instance_32851" type="identity">
            <class id="GO:0000795" label="synaptonemal complex"/>
            <span end="47805" id="17696610-8365" start="47785">synaptonemal complex</span>
        </annotation>
        <graph-space id="Old Knowtator Relations"/>
    </document>
</knowtator-project>
