<?xml version="1.0" encoding="UTF-8" standalone="no"?>
<knowtator-project>
    <document id="12585968" text-file="12585968.txt">
        <annotation annotator="Michael Bada" id="MOP_Instance_60004" type="identity">
            <class id="MOP:0000030" label="acetylation"/>
            <span end="7730" id="12585968-29" start="7720">acteylated</span>
        </annotation>
        <annotation annotator="Michael Bada" id="MOP_Instance_40004" type="identity">
            <class id="MOP:0000030" label="acetylation"/>
            <span end="7963" id="12585968-21" start="7953">acetylated</span>
        </annotation>
        <annotation annotator="Michael Bada" id="MOP_Instance_40006" type="identity">
            <class id="MOP:0000030" label="acetylation"/>
            <span end="11241" id="12585968-23" start="11231">acetylated</span>
        </annotation>
        <annotation annotator="Michael Bada" id="MOP_Instance_50000" type="identity">
            <class id="MOP:0000030" label="acetylation"/>
            <span end="34799" id="12585968-25" start="34789">acetylated</span>
        </annotation>
        <annotation annotator="Michael Bada" id="MOP_Instance_60002" type="identity">
            <class id="MOP:0000030" label="acetylation"/>
            <span end="34998" id="12585968-27" start="34988">acetylated</span>
        </annotation>
        <annotation annotator="Michael Bada" id="MOP_Instance_100008" type="identity">
            <class id="MOP:0000779" label="formation of covalent bond"/>
            <span end="35080" id="12585968-17" start="35070">conjugated</span>
        </annotation>
        <annotation annotator="Michael Bada" id="MOP_Instance_100010" type="identity">
            <class id="MOP:0000030" label="acetylation"/>
            <span end="37854" id="12585968-19" start="37844">acetylated</span>
        </annotation>
        <graph-space id="Old Knowtator Relations"/>
    </document>
</knowtator-project>
