<?xml version="1.0" encoding="UTF-8" standalone="no"?>
<knowtator-project>
    <document id="14723793" text-file="14723793.txt">
        <annotation annotator="Michael Bada" id="MOP_Instance_100078" type="identity">
            <class id="MOP:0000779" label="formation of covalent bond"/>
            <span end="19572" id="14723793-57" start="19566">linked</span>
        </annotation>
        <annotation annotator="Michael Bada" id="MOP_Instance_90000" type="identity">
            <class id="MOP:0000779" label="formation of covalent bond"/>
            <span end="22525" id="14723793-59" start="22515">conjugated</span>
        </annotation>
        <graph-space id="Old Knowtator Relations"/>
    </document>
</knowtator-project>
