<?xml version="1.0" encoding="UTF-8" standalone="no"?>
<knowtator-project>
  <document id="15005800" text-file="15005800.txt">
    <annotation annotator="Michael Bada" id="MOP_Instance_110009" type="identity">
      <class id="MOP:0000789" label="isomerisation"/>
      <span end="18064" id="15005800-68" start="18051">isomerization</span>
    </annotation>
    <annotation annotator="Michael Bada" id="MOP_Instance_150014" type="identity">
      <class id="MOP:0000779" label="formation of covalent bond"/>
      <span end="27697" id="15005800-74" start="27678">covalently attached</span>
    </annotation>
    <annotation annotator="Michael Bada" id="MOP_Instance_110011" type="identity">
      <class id="MOP:0000780" label="breaking of covalent bond"/>
      <span end="31945" id="15005800-70" start="31938">cleaved</span>
    </annotation>
    <annotation annotator="Michael Bada" id="MOP_Instance_110003" type="identity">
      <class id="MOP:0000093" label="biotinylation"/>
      <span end="45503" id="15005800-66" start="45491">biotinylated</span>
    </annotation>
    <annotation annotator="Michael Bada" id="MOP_Instance_120000" type="identity">
      <class id="MOP:0000779" label="formation of covalent bond"/>
      <span end="47028" id="15005800-72" start="47018">conjugated</span>
    </annotation>
    <graph-space id="Old Knowtator Relations"/>
  </document>
</knowtator-project>
