<?xml version="1.0" encoding="UTF-8" standalone="no"?>
<knowtator-project>
  <document id="15345036" text-file="15345036.txt">
    <annotation annotator="Michael Bada" id="MOP_Instance_140058" type="identity">
      <class id="MOP:0000568" label="oxidation"/>
      <span end="5473" id="15345036-157" start="5465">oxidized</span>
    </annotation>
    <annotation annotator="Michael Bada" id="MOP_Instance_140060" type="identity">
      <class id="MOP:0000779" label="formation of covalent bond"/>
      <span end="54460" id="15345036-159" start="54450">conjugated</span>
    </annotation>
    <annotation annotator="Michael Bada" id="MOP_Instance_140062" type="identity">
      <class id="MOP:0000093" label="biotinylation"/>
      <span end="56497" id="15345036-161" start="56485">biotinylated</span>
    </annotation>
    <annotation annotator="Michael Bada" id="MOP_Instance_140064" type="identity">
      <class id="MOP:0000779" label="formation of covalent bond"/>
      <span end="59183" id="15345036-163" start="59176">coupled</span>
    </annotation>
    <graph-space id="Old Knowtator Relations"/>
  </document>
</knowtator-project>
