<?xml version="1.0" encoding="UTF-8" standalone="no"?>
<knowtator-project>
  <document id="15630473" text-file="15630473.txt">
    <annotation annotator="Michael Bada" id="MOP_Instance_170080" type="identity">
      <class id="MOP:0000629" label="polymerisation"/>
      <span end="5246" id="15630473-197" start="5232">polymerization</span>
    </annotation>
    <annotation annotator="Michael Bada" id="MOP_Instance_170024" type="identity">
      <class id="MOP:0000779" label="formation of covalent bond"/>
      <span end="43753" id="15630473-195" start="43743">conjugated</span>
    </annotation>
    <annotation annotator="Michael Bada" id="MOP_Instance_170008" type="identity">
      <class id="MOP:0000093" label="biotinylation"/>
      <span end="43863" id="15630473-193" start="43851">Biotinylated</span>
    </annotation>
    <graph-space id="Old Knowtator Relations"/>
  </document>
</knowtator-project>
