<?xml version="1.0" encoding="UTF-8" standalone="no"?>
<knowtator-project>
  <document id="15876356" text-file="15876356.txt">
    <annotation annotator="Michael Bada" id="MOP_Instance_170002" type="identity">
      <class id="MOP:0000780" label="breaking of covalent bond"/>
      <span end="1743" id="15876356-287" start="1737">cleave</span>
    </annotation>
    <annotation annotator="Michael Bada" id="MOP_Instance_160000" type="identity">
      <class id="MOP:0000779" label="formation of covalent bond"/>
      <span end="18566" id="15876356-285" start="18559">coupled</span>
    </annotation>
    <graph-space id="Old Knowtator Relations"/>
  </document>
</knowtator-project>
