<?xml version="1.0" encoding="UTF-8" standalone="no"?>
<knowtator-project>
  <document id="16098226" text-file="16098226.txt">
    <annotation annotator="Michael Bada" id="MOP_Instance_180000" type="identity">
      <class id="MOP:0000780" label="breaking of covalent bond"/>
      <span end="26428" id="16098226-309" start="26421">cutting</span>
    </annotation>
    <annotation annotator="Michael Bada" id="MOP_Instance_190002" type="identity">
      <class id="MOP:0000780" label="breaking of covalent bond"/>
      <span end="27294" id="16098226-311" start="27291">cut</span>
    </annotation>
    <graph-space id="Old Knowtator Relations"/>
  </document>
</knowtator-project>
