<?xml version="1.0" encoding="UTF-8" standalone="no"?>
<knowtator-project>
  <document id="16700629" text-file="16700629.txt">
    <annotation annotator="Michael Bada" id="MOP_Instance_210000" type="identity">
      <class id="MOP:0000779" label="formation of covalent bond"/>
      <span end="32125" id="16700629-516" start="32115">conjugated</span>
    </annotation>
    <annotation annotator="Michael Bada" id="MOP_Instance_230002" type="identity">
      <class id="MOP:0000779" label="formation of covalent bond"/>
      <span end="32373" id="16700629-518" start="32363">conjugated</span>
    </annotation>
    <graph-space id="Old Knowtator Relations"/>
  </document>
</knowtator-project>
