<?xml version="1.0" encoding="UTF-8" standalone="no"?>
<knowtator-project>
  <document id="17022820" text-file="17022820.txt">
    <annotation annotator="Michael Bada" id="MOP_Instance_240038" type="identity">
      <class id="MOP:0000569" label="reduction"/>
      <span end="18410" id="17022820-538" start="18403">reduced</span>
    </annotation>
    <annotation annotator="Michael Bada" id="MOP_Instance_240040" type="identity">
      <class id="MOP:0000569" label="reduction"/>
      <span end="18423" id="17022820-540" start="18416">reduced</span>
    </annotation>
    <annotation annotator="Michael Bada" id="MOP_Instance_240042" type="identity">
      <class id="MOP:0000569" label="reduction"/>
      <span end="18619" id="17022820-542" start="18611">reducing</span>
    </annotation>
    <graph-space id="Old Knowtator Relations"/>
  </document>
</knowtator-project>
