<?xml version="1.0" encoding="UTF-8" standalone="no"?>
<knowtator-project>
  <document id="17425782" text-file="17425782.txt">
    <annotation annotator="Michael Bada" id="MOP_Instance_250002" type="identity">
      <class id="MOP:0000779" label="formation of covalent bond"/>
      <span end="37755" id="17425782-572" start="37745">conjugated</span>
    </annotation>
    <annotation annotator="Michael Bada" id="MOP_Instance_260004" type="identity">
      <class id="MOP:0000779" label="formation of covalent bond"/>
      <span end="38174" id="17425782-574" start="38164">conjugated</span>
    </annotation>
    <annotation annotator="Michael Bada" id="MOP_Instance_260006" type="identity">
      <class id="MOP:0000779" label="formation of covalent bond"/>
      <span end="38211" id="17425782-576" start="38201">conjugated</span>
    </annotation>
    <graph-space id="Old Knowtator Relations"/>
  </document>
</knowtator-project>
