<?xml version="1.0" encoding="UTF-8" standalone="no"?>
<knowtator-project>
  <document id="12546709" text-file="12546709.txt">
    <annotation annotator="" id="GO_MF_2016_02_16_Instance_70154" type="identity">
      <class id="CHEMINF_GO_EXT:chemical_binding_or_bond_formation" label="chemical binding or bond formation"/>
      <span end="2988" id="12546709-178" start="2981">binding</span>
    </annotation>
    <annotation annotator="" id="GO_MF_2016_02_16_Instance_70156" type="identity">
      <class id="CHEMINF_GO_EXT:chemical_binding_or_bond_formation" label="chemical binding or bond formation"/>
      <span end="3999" id="12546709-180" start="3995">bind</span>
    </annotation>
    <annotation annotator="" id="GO_MF_2016_02_16_Instance_70158" type="identity">
      <class id="CHEMINF_GO_EXT:chemical_binding_or_bond_formation" label="chemical binding or bond formation"/>
      <span end="29567" id="12546709-182" start="29560">binding</span>
    </annotation>
    <annotation annotator="" id="GO_MF_2016_02_16_Instance_70160" type="identity">
      <class id="CHEMINF_GO_EXT:chemical_binding_or_bond_formation" label="chemical binding or bond formation"/>
      <span end="32170" id="12546709-184" start="32166">bind</span>
    </annotation>
    <graph-space id="Old Knowtator Relations"/>
  </document>
</knowtator-project>
