<?xml version="1.0" encoding="UTF-8" standalone="no"?>
<knowtator-project>
  <document id="12925238" text-file="12925238.txt">
    <annotation annotator="" id="GO_MF_2016_02_16_Instance_70162" type="identity">
      <class id="CHEMINF_GO_EXT:chemical_binding_or_bond_formation" label="chemical binding or bond formation"/>
      <span end="204" id="12925238-225" start="197">binding</span>
    </annotation>
    <annotation annotator="" id="GO_MF_2016_02_16_Instance_70164" type="identity">
      <class id="CHEMINF_GO_EXT:chemical_binding_or_bond_formation" label="chemical binding or bond formation"/>
      <span end="1894" id="12925238-227" start="1887">binding</span>
    </annotation>
    <annotation annotator="" id="GO_MF_2016_02_16_Instance_70166" type="identity">
      <class id="CHEMINF_GO_EXT:chemical_binding_or_bond_formation" label="chemical binding or bond formation"/>
      <span end="2391" id="12925238-229" start="2384">binding</span>
    </annotation>
    <annotation annotator="" id="GO_MF_2016_02_16_Instance_70168" type="identity">
      <class id="CHEMINF_GO_EXT:chemical_binding_or_bond_formation" label="chemical binding or bond formation"/>
      <span end="2472" id="12925238-231" start="2465">binding</span>
    </annotation>
    <annotation annotator="" id="GO_MF_2016_02_16_Instance_70170" type="identity">
      <class id="CHEMINF_GO_EXT:chemical_binding_or_bond_formation" label="chemical binding or bond formation"/>
      <span end="3612" id="12925238-233" start="3605">binding</span>
    </annotation>
    <annotation annotator="" id="GO_MF_2016_02_16_Instance_70172" type="identity">
      <class id="CHEMINF_GO_EXT:chemical_binding_or_bond_formation" label="chemical binding or bond formation"/>
      <span end="3713" id="12925238-235" start="3706">binding</span>
    </annotation>
    <annotation annotator="" id="GO_MF_2016_02_16_Instance_70174" type="identity">
      <class id="CHEMINF_GO_EXT:chemical_binding_or_bond_formation" label="chemical binding or bond formation"/>
      <span end="3800" id="12925238-237" start="3795">binds</span>
    </annotation>
    <annotation annotator="" id="GO_MF_2016_02_16_Instance_60115" type="identity">
      <class id="GO_EXT:0004872" label="bearer of receptor activity"/>
      <span end="3921" id="12925238-209" start="3913">receptor</span>
    </annotation>
    <annotation annotator="" id="GO_MF_2016_02_16_Instance_60117" type="identity">
      <class id="GO_EXT:0004872" label="bearer of receptor activity"/>
      <span end="4042" id="12925238-211" start="4034">receptor</span>
    </annotation>
    <annotation annotator="" id="GO_MF_2016_02_16_Instance_70176" type="identity">
      <class id="CHEMINF_GO_EXT:chemical_binding_or_bond_formation" label="chemical binding or bond formation"/>
      <span end="4141" id="12925238-239" start="4134">binding</span>
    </annotation>
    <annotation annotator="" id="GO_MF_2016_02_16_Instance_70178" type="identity">
      <class id="CHEMINF_GO_EXT:chemical_binding_or_bond_formation" label="chemical binding or bond formation"/>
      <span end="4242" id="12925238-241" start="4235">binding</span>
    </annotation>
    <annotation annotator="" id="GO_MF_2016_02_16_Instance_70180" type="identity">
      <class id="CHEMINF_GO_EXT:chemical_binding_or_bond_formation" label="chemical binding or bond formation"/>
      <span end="4398" id="12925238-243" start="4394">bind</span>
    </annotation>
    <annotation annotator="" id="GO_MF_2016_02_16_Instance_60120" type="identity">
      <class id="GO_PR_EXT:acetylcholinesterase" label="acetylcholinesterase"/>
      <span end="6717" id="12925238-213" start="6697">acetylcholinesterase</span>
    </annotation>
    <annotation annotator="" id="GO_MF_2016_02_16_Instance_60122" type="identity">
      <class id="GO_EXT:0004875" label="bearer of complement receptor activity"/>
      <span end="6772" id="12925238-215" start="6753">complement receptor</span>
    </annotation>
    <annotation annotator="Mike Bada, University of Colorado Anschutz Medical Campus" id="GO_MF_2016_02_16_Instance_20035" type="identity">
      <class id="GO_EXT:0004601" label="bearer of peroxidase activity"/>
      <span end="8189" id="12925238-205" start="8179">peroxidase</span>
    </annotation>
    <annotation annotator="" id="GO_MF_2016_02_16_Instance_60124" type="identity">
      <class id="GO_PR_EXT:acetylcholinesterase" label="acetylcholinesterase"/>
      <span end="8927" id="12925238-217" start="8905">acetylcholine esterase</span>
    </annotation>
    <annotation annotator="" id="GO_MF_2016_02_16_Instance_60126" type="identity">
      <class id="GO_PR_EXT:acetylcholinesterase" label="acetylcholinesterase"/>
      <span end="10199" id="12925238-219" start="10177">acetylcholine esterase</span>
    </annotation>
    <annotation annotator="" id="GO_MF_2016_02_16_Instance_70182" type="identity">
      <class id="CHEMINF_GO_EXT:chemical_binding_or_bond_formation" label="chemical binding or bond formation"/>
      <span end="10739" id="12925238-245" start="10732">binding</span>
    </annotation>
    <annotation annotator="" id="GO_MF_2016_02_16_Instance_70184" type="identity">
      <class id="CHEMINF_GO_EXT:chemical_binding_or_bond_formation" label="chemical binding or bond formation"/>
      <span end="15256" id="12925238-247" start="15249">binding</span>
    </annotation>
    <annotation annotator="" id="GO_MF_2016_02_16_Instance_70186" type="identity">
      <class id="CHEMINF_GO_EXT:chemical_binding_or_bond_formation" label="chemical binding or bond formation"/>
      <span end="19564" id="12925238-249" start="19557">binding</span>
    </annotation>
    <annotation annotator="Mike Bada, University of Colorado Anschutz Medical Campus" id="GO_MF_2016_02_16_Instance_20051" type="identity">
      <class id="GO_EXT:0003924" label="bearer of GTPase activity"/>
      <span end="20719" id="12925238-207" start="20713">GTPase</span>
    </annotation>
    <annotation annotator="" id="GO_MF_2016_02_16_Instance_70188" type="identity">
      <class id="CHEMINF_GO_EXT:chemical_binding_or_bond_formation" label="chemical binding or bond formation"/>
      <span end="22640" id="12925238-251" start="22633">binding</span>
    </annotation>
    <annotation annotator="" id="GO_MF_2016_02_16_Instance_70190" type="identity">
      <class id="CHEMINF_GO_EXT:chemical_binding_or_bond_formation" label="chemical binding or bond formation"/>
      <span end="24400" id="12925238-253" start="24396">bind</span>
    </annotation>
    <annotation annotator="" id="GO_MF_2016_02_16_Instance_70192" type="identity">
      <class id="CHEMINF_GO_EXT:chemical_binding_or_bond_formation" label="chemical binding or bond formation"/>
      <span end="27121" id="12925238-255" start="27114">binding</span>
    </annotation>
    <annotation annotator="" id="GO_MF_2016_02_16_Instance_80152" type="identity">
      <class id="CHEBI_GO_EXT:peptidase_or_protease_or_proteinase_inhibitor" label="peptidase/protease/proteinase inhibitor"/>
      <span end="29069" id="12925238-259" start="29048">proteinase inhibitors</span>
    </annotation>
    <annotation annotator="" id="GO_MF_2016_02_16_Instance_60140" type="identity">
      <class id="GO_PR_EXT:acetylcholinesterase" label="acetylcholinesterase"/>
      <span end="31246" id="12925238-221" start="31224">acetylcholine esterase</span>
    </annotation>
    <annotation annotator="" id="GO_MF_2016_02_16_Instance_60142" type="identity">
      <class id="GO_PR_EXT:acetylcholinesterase" label="acetylcholinesterase"/>
      <span end="31310" id="12925238-223" start="31288">Acetylcholine esterase</span>
    </annotation>
    <annotation annotator="" id="GO_MF_2016_02_16_Instance_70194" type="identity">
      <class id="CHEMINF_GO_EXT:chemical_binding_or_bond_formation" label="chemical binding or bond formation"/>
      <span end="34867" id="12925238-257" start="34860">binding</span>
    </annotation>
    <graph-space id="Old Knowtator Relations"/>
  </document>
</knowtator-project>
