<?xml version="1.0" encoding="UTF-8" standalone="no"?>
<knowtator-project>
  <document id="14609438" text-file="14609438.txt">
    <annotation annotator="" id="GO_MF_2016_02_16_Instance_70000" type="identity">
      <class id="GO_EXT:0008240" label="bearer of tripeptidyl-peptidase activity"/>
      <span end="32" id="14609438-328" start="11">tripeptidyl-peptidase</span>
    </annotation>
    <annotation annotator="Mike Bada, University of Colorado Anschutz Medical Campus" id="GO_MF_2016_02_16_Instance_18167" type="identity">
      <class id="GO_EXT:0004185" label="bearer of serine-type carboxypeptidase activity"/>
      <span end="137" id="14609438-288" start="111">serine-carboxyl peptidases</span>
    </annotation>
    <annotation annotator="" id="GO_MF_2016_02_16_Instance_70002" type="identity">
      <class id="GO_EXT:0008240" label="bearer of tripeptidyl-peptidase activity"/>
      <span end="182" id="14609438-330" start="161">Tripeptidyl-peptidase</span>
    </annotation>
    <annotation annotator="Mike Bada, University of Colorado Anschutz Medical Campus" id="GO_MF_2016_02_16_Instance_18169" type="identity">
      <class id="GO_EXT:0004185" label="bearer of serine-type carboxypeptidase activity"/>
      <span end="273" id="14609438-290" start="247">serine-carboxyl peptidases</span>
    </annotation>
    <annotation annotator="" id="GO_MF_2016_02_16_Instance_80004" type="identity">
      <class id="CHEBI_GO_SO_EXT:enzyme" label="enzyme"/>
      <span end="323" id="14609438-366" start="317">enzyme</span>
    </annotation>
    <annotation annotator="" id="GO_MF_2016_02_16_Instance_80006" type="identity">
      <class id="CHEBI_GO_SO_EXT:enzyme" label="enzyme"/>
      <span end="439" id="14609438-368" start="432">enzymes</span>
    </annotation>
    <annotation annotator="" id="GO_MF_2016_02_16_Instance_80008" type="identity">
      <class id="CHEBI_GO_SO_EXT:enzyme" label="enzyme"/>
      <span end="754" id="14609438-370" start="747">Enzymes</span>
    </annotation>
    <annotation annotator="" id="GO_MF_2016_02_16_Instance_80010" type="identity">
      <class id="CHEBI_GO_SO_EXT:enzyme" label="enzyme"/>
      <span end="916" id="14609438-372" start="909">enzymes</span>
    </annotation>
    <annotation annotator="" id="GO_MF_2016_02_16_Instance_80012" type="identity">
      <class id="CHEBI_GO_SO_EXT:enzyme" label="enzyme"/>
      <span end="1392" id="14609438-374" start="1385">enzymes</span>
    </annotation>
    <annotation annotator="Mike Bada, University of Colorado Anschutz Medical Campus" id="GO_MF_2016_02_16_Instance_15613" type="identity">
      <class id="GO_EXT:0008240" label="bearer of tripeptidyl-peptidase activity"/>
      <span end="1446" id="14609438-286" start="1434">tripeptidase</span>
    </annotation>
    <annotation annotator="" id="GO_MF_2016_02_16_Instance_70196" type="identity">
      <class id="CHEMINF_GO_EXT:chemical_binding_or_bond_formation" label="chemical binding or bond formation"/>
      <span end="1495" id="14609438-338" start="1488">binding</span>
    </annotation>
    <annotation annotator="" id="GO_MF_2016_02_16_Instance_80014" type="identity">
      <class id="CHEBI_GO_SO_EXT:enzyme" label="enzyme"/>
      <span end="1622" id="14609438-376" start="1615">enzymes</span>
    </annotation>
    <annotation annotator="" id="GO_MF_2016_02_16_Instance_70016" type="identity">
      <class id="GO_EXT:0008240" label="bearer of tripeptidyl-peptidase activity"/>
      <span end="1738" id="14609438-332" start="1717">tripeptidyl-peptidase</span>
    </annotation>
    <annotation annotator="" id="GO_MF_2016_02_16_Instance_110392" type="identity">
      <class id="GO_EXT:0008240" label="bearer of tripeptidyl-peptidase activity"/>
      <span end="1745" id="14609438-262" start="1742">TPP</span>
    </annotation>
    <annotation annotator="" id="GO_MF_2016_02_16_Instance_70018" type="identity">
      <class id="GO_EXT:0008240" label="bearer of tripeptidyl-peptidase activity"/>
      <span end="1943" id="14609438-334" start="1940">TPP</span>
    </annotation>
    <annotation annotator="" id="GO_MF_2016_02_16_Instance_80016" type="identity">
      <class id="CHEBI_GO_SO_EXT:enzyme" label="enzyme"/>
      <span end="1999" id="14609438-378" start="1993">enzyme</span>
    </annotation>
    <annotation annotator="" id="GO_MF_2016_02_16_Instance_80018" type="identity">
      <class id="CHEBI_GO_SO_EXT:enzyme" label="enzyme"/>
      <span end="2091" id="14609438-380" start="2082">enzymatic</span>
    </annotation>
    <annotation annotator="Mike Bada, University of Colorado Anschutz Medical Campus" id="GO_MF_2016_02_16_Instance_18173" type="identity">
      <class id="GO_EXT:0008236" label="bearer of serine-type peptidase activity"/>
      <span end="2331" id="14609438-292" start="2315">serine peptidase</span>
    </annotation>
    <annotation annotator="" id="GO_MF_2016_02_16_Instance_110417" type="identity">
      <class id="GO_MOP_EXT:catalysis" label="catalysis"/>
      <span end="2420" id="14609438-264" start="2411">catalytic</span>
    </annotation>
    <annotation annotator="" id="GO_MF_2016_02_16_Instance_80020" type="identity">
      <class id="CHEBI_GO_SO_EXT:enzyme" label="enzyme"/>
      <span end="2508" id="14609438-382" start="2501">enzymes</span>
    </annotation>
    <annotation annotator="" id="GO_MF_2016_02_16_Instance_80022" type="identity">
      <class id="CHEBI_GO_SO_EXT:enzyme" label="enzyme"/>
      <span end="2595" id="14609438-384" start="2588">enzymes</span>
    </annotation>
    <annotation annotator="" id="GO_MF_2016_02_16_Instance_80024" type="identity">
      <class id="CHEBI_GO_SO_EXT:enzyme" label="enzyme"/>
      <span end="2741" id="14609438-386" start="2734">enzymes</span>
    </annotation>
    <annotation annotator="Mike Bada, University of Colorado Anschutz Medical Campus" id="GO_MF_2016_02_16_Instance_18175" type="identity">
      <class id="GO_EXT:0004185" label="bearer of serine-type carboxypeptidase activity"/>
      <span end="2794" id="14609438-294" start="2768">serine-carboxyl peptidases</span>
    </annotation>
    <annotation annotator="" id="GO_MF_2016_02_16_Instance_110419" type="identity">
      <class id="GO_MOP_EXT:catalysis" label="catalysis"/>
      <span end="2867" id="14609438-266" start="2858">catalytic</span>
    </annotation>
    <annotation annotator="" id="GO_MF_2016_02_16_Instance_80026" type="identity">
      <class id="CHEBI_GO_SO_EXT:enzyme" label="enzyme"/>
      <span end="3327" id="14609438-388" start="3320">enzymes</span>
    </annotation>
    <annotation annotator="" id="GO_MF_2016_02_16_Instance_80028" type="identity">
      <class id="CHEBI_GO_SO_EXT:enzyme" label="enzyme"/>
      <span end="3483" id="14609438-390" start="3477">enzyme</span>
    </annotation>
    <annotation annotator="" id="GO_MF_2016_02_16_Instance_80030" type="identity">
      <class id="CHEBI_GO_SO_EXT:enzyme" label="enzyme"/>
      <span end="3722" id="14609438-392" start="3716">enzyme</span>
    </annotation>
    <annotation annotator="Mike Bada, University of Colorado Anschutz Medical Campus" id="GO_MF_2016_02_16_Instance_18177" type="identity">
      <class id="GO_EXT:0008233" label="bearer of peptidase activity"/>
      <span end="3871" id="14609438-296" start="3863">protease</span>
    </annotation>
    <annotation annotator="Mike Bada, University of Colorado Anschutz Medical Campus" id="GO_MF_2016_02_16_Instance_18179" type="identity">
      <class id="GO_EXT:0008233" label="bearer of peptidase activity"/>
      <span end="3911" id="14609438-298" start="3902">peptidase</span>
    </annotation>
    <annotation annotator="" id="GO_MF_2016_02_16_Instance_80032" type="identity">
      <class id="CHEBI_GO_SO_EXT:enzyme" label="enzyme"/>
      <span end="4194" id="14609438-394" start="4187">enzymes</span>
    </annotation>
    <annotation annotator="" id="GO_MF_2016_02_16_Instance_80034" type="identity">
      <class id="CHEBI_GO_SO_EXT:enzyme" label="enzyme"/>
      <span end="4308" id="14609438-396" start="4301">enzymes</span>
    </annotation>
    <annotation annotator="" id="GO_MF_2016_02_16_Instance_80036" type="identity">
      <class id="CHEBI_GO_SO_EXT:enzyme" label="enzyme"/>
      <span end="4327" id="14609438-398" start="4320">enzymes</span>
    </annotation>
    <annotation annotator="" id="GO_MF_2016_02_16_Instance_80038" type="identity">
      <class id="CHEBI_GO_SO_EXT:enzyme" label="enzyme"/>
      <span end="4447" id="14609438-400" start="4440">enzymes</span>
    </annotation>
    <annotation annotator="" id="GO_MF_2016_02_16_Instance_110421" type="identity">
      <class id="GO_MOP_EXT:catalysis" label="catalysis"/>
      <span end="4575" id="14609438-268" start="4566">catalytic</span>
    </annotation>
    <annotation annotator="" id="GO_MF_2016_02_16_Instance_80040" type="identity">
      <class id="CHEBI_GO_SO_EXT:enzyme" label="enzyme"/>
      <span end="4744" id="14609438-402" start="4737">enzymes</span>
    </annotation>
    <annotation annotator="" id="GO_MF_2016_02_16_Instance_110423" type="identity">
      <class id="GO_MOP_EXT:catalysis" label="catalysis"/>
      <span end="4859" id="14609438-270" start="4850">catalytic</span>
    </annotation>
    <annotation annotator="" id="GO_MF_2016_02_16_Instance_80042" type="identity">
      <class id="CHEBI_GO_SO_EXT:enzyme" label="enzyme"/>
      <span end="4994" id="14609438-404" start="4987">enzymes</span>
    </annotation>
    <annotation annotator="" id="GO_MF_2016_02_16_Instance_80044" type="identity">
      <class id="CHEBI_GO_SO_EXT:enzyme" label="enzyme"/>
      <span end="5086" id="14609438-406" start="5079">enzymes</span>
    </annotation>
    <annotation annotator="" id="GO_MF_2016_02_16_Instance_80046" type="identity">
      <class id="CHEBI_GO_SO_EXT:enzyme" label="enzyme"/>
      <span end="5294" id="14609438-408" start="5288">enzyme</span>
    </annotation>
    <annotation annotator="" id="GO_MF_2016_02_16_Instance_80048" type="identity">
      <class id="CHEBI_GO_SO_EXT:enzyme" label="enzyme"/>
      <span end="5358" id="14609438-410" start="5351">enzymes</span>
    </annotation>
    <annotation annotator="" id="GO_MF_2016_02_16_Instance_80050" type="identity">
      <class id="CHEBI_GO_SO_EXT:enzyme" label="enzyme"/>
      <span end="5409" id="14609438-412" start="5402">enzymes</span>
    </annotation>
    <annotation annotator="" id="GO_MF_2016_02_16_Instance_80052" type="identity">
      <class id="CHEBI_GO_SO_EXT:enzyme" label="enzyme"/>
      <span end="5589" id="14609438-414" start="5583">enzyme</span>
    </annotation>
    <annotation annotator="" id="GO_MF_2016_02_16_Instance_80054" type="identity">
      <class id="CHEBI_GO_SO_EXT:enzyme" label="enzyme"/>
      <span end="5825" id="14609438-416" start="5819">enzyme</span>
    </annotation>
    <annotation annotator="" id="GO_MF_2016_02_16_Instance_80056" type="identity">
      <class id="CHEBI_GO_SO_EXT:enzyme" label="enzyme"/>
      <span end="5904" id="14609438-418" start="5897">enzymes</span>
    </annotation>
    <annotation annotator="" id="GO_MF_2016_02_16_Instance_80058" type="identity">
      <class id="CHEBI_GO_SO_EXT:enzyme" label="enzyme"/>
      <span end="6136" id="14609438-420" start="6130">enzyme</span>
    </annotation>
    <annotation annotator="" id="GO_MF_2016_02_16_Instance_80060" type="identity">
      <class id="CHEBI_GO_SO_EXT:enzyme" label="enzyme"/>
      <span end="6843" id="14609438-422" start="6837">enzyme</span>
    </annotation>
    <annotation annotator="Mike Bada, University of Colorado Anschutz Medical Campus" id="GO_MF_2016_02_16_Instance_18181" type="identity">
      <class id="GO_EXT:0008240" label="bearer of tripeptidyl-peptidase activity"/>
      <span end="6997" id="14609438-300" start="6994">TPP</span>
    </annotation>
    <annotation annotator="" id="GO_MF_2016_02_16_Instance_80062" type="identity">
      <class id="CHEBI_GO_SO_EXT:enzyme" label="enzyme"/>
      <span end="7198" id="14609438-424" start="7191">enzymes</span>
    </annotation>
    <annotation annotator="" id="GO_MF_2016_02_16_Instance_110425" type="identity">
      <class id="GO_MOP_EXT:catalysis" label="catalysis"/>
      <span end="7617" id="14609438-272" start="7608">catalytic</span>
    </annotation>
    <annotation annotator="" id="GO_MF_2016_02_16_Instance_80064" type="identity">
      <class id="CHEBI_GO_SO_EXT:enzyme" label="enzyme"/>
      <span end="7819" id="14609438-426" start="7812">enzymes</span>
    </annotation>
    <annotation annotator="Mike Bada, University of Colorado Anschutz Medical Campus" id="GO_MF_2016_02_16_Instance_18183" type="identity">
      <class id="GO_EXT:0008240" label="bearer of tripeptidyl-peptidase activity"/>
      <span end="8080" id="14609438-302" start="8077">TPP</span>
    </annotation>
    <annotation annotator="" id="GO_MF_2016_02_16_Instance_110427" type="identity">
      <class id="GO_MOP_EXT:catalysis" label="catalysis"/>
      <span end="8157" id="14609438-274" start="8148">catalytic</span>
    </annotation>
    <annotation annotator="" id="GO_MF_2016_02_16_Instance_110429" type="identity">
      <class id="GO_MOP_EXT:catalysis" label="catalysis"/>
      <span end="8310" id="14609438-276" start="8301">catalytic</span>
    </annotation>
    <annotation annotator="" id="GO_MF_2016_02_16_Instance_80066" type="identity">
      <class id="CHEBI_GO_SO_EXT:enzyme" label="enzyme"/>
      <span end="8359" id="14609438-428" start="8353">enzyme</span>
    </annotation>
    <annotation annotator="Mike Bada, University of Colorado Anschutz Medical Campus" id="GO_MF_2016_02_16_Instance_18185" type="identity">
      <class id="GO_EXT:0008240" label="bearer of tripeptidyl-peptidase activity"/>
      <span end="8406" id="14609438-304" start="8403">TPP</span>
    </annotation>
    <annotation annotator="" id="GO_MF_2016_02_16_Instance_80068" type="identity">
      <class id="CHEBI_GO_SO_EXT:enzyme" label="enzyme"/>
      <span end="8548" id="14609438-430" start="8542">enzyme</span>
    </annotation>
    <annotation annotator="" id="GO_MF_2016_02_16_Instance_80070" type="identity">
      <class id="CHEBI_GO_SO_EXT:enzyme" label="enzyme"/>
      <span end="8682" id="14609438-432" start="8675">enzymes</span>
    </annotation>
    <annotation annotator="Mike Bada, University of Colorado Anschutz Medical Campus" id="GO_MF_2016_02_16_Instance_18187" type="identity">
      <class id="GO_EXT:0008233" label="bearer of peptidase activity"/>
      <span end="8783" id="14609438-306" start="8773">peptidases</span>
    </annotation>
    <annotation annotator="" id="GO_MF_2016_02_16_Instance_80072" type="identity">
      <class id="CHEBI_GO_SO_EXT:enzyme" label="enzyme"/>
      <span end="9123" id="14609438-434" start="9117">enzyme</span>
    </annotation>
    <annotation annotator="" id="GO_MF_2016_02_16_Instance_70212" type="identity">
      <class id="CHEMINF_GO_EXT:chemical_binding_or_bond_formation" label="chemical binding or bond formation"/>
      <span end="9141" id="14609438-354" start="9136">bound</span>
    </annotation>
    <annotation annotator="" id="GO_MF_2016_02_16_Instance_80074" type="identity">
      <class id="CHEBI_GO_SO_EXT:enzyme" label="enzyme"/>
      <span end="9214" id="14609438-436" start="9208">enzyme</span>
    </annotation>
    <annotation annotator="" id="GO_MF_2016_02_16_Instance_70080" type="identity">
      <class id="GO_EXT:0043495" label="bearer of protein anchor"/>
      <span end="9267" id="14609438-336" start="9247">transmembrane anchor</span>
    </annotation>
    <annotation annotator="" id="GO_MF_2016_02_16_Instance_80076" type="identity">
      <class id="CHEBI_GO_SO_EXT:enzyme" label="enzyme"/>
      <span end="9573" id="14609438-438" start="9566">enzymes</span>
    </annotation>
    <annotation annotator="" id="GO_MF_2016_02_16_Instance_70214" type="identity">
      <class id="CHEMINF_GO_EXT:chemical_binding_or_bond_formation" label="chemical binding or bond formation"/>
      <span end="9734" id="14609438-356" start="9729">bound</span>
    </annotation>
    <annotation annotator="" id="GO_MF_2016_02_16_Instance_80124" type="identity">
      <class id="CHEBI_GO_EXT:enzyme_inhibitor" label="enzyme inhibitor"/>
      <span end="9966" id="14609438-484" start="9953">inhibitors of</span>
      <span end="9978" id="14609438-485" start="9972">enzyme</span>
    </annotation>
    <annotation annotator="" id="GO_MF_2016_02_16_Instance_80080" type="identity">
      <class id="CHEBI_GO_SO_EXT:enzyme" label="enzyme"/>
      <span end="10161" id="14609438-440" start="10155">enzyme</span>
    </annotation>
    <annotation annotator="Mike Bada, University of Colorado Anschutz Medical Campus" id="GO_MF_2016_02_16_Instance_18197" type="identity">
      <class id="GO_EXT:0008240" label="bearer of tripeptidyl-peptidase activity"/>
      <span end="10319" id="14609438-308" start="10307">tripeptidase</span>
    </annotation>
    <annotation annotator="" id="GO_MF_2016_02_16_Instance_70216" type="identity">
      <class id="CHEMINF_GO_EXT:chemical_binding_or_bond_formation" label="chemical binding or bond formation"/>
      <span end="10419" id="14609438-358" start="10414">bound</span>
    </annotation>
    <annotation annotator="" id="GO_MF_2016_02_16_Instance_80082" type="identity">
      <class id="CHEBI_GO_SO_EXT:enzyme" label="enzyme"/>
      <span end="10498" id="14609438-442" start="10491">enzymes</span>
    </annotation>
    <annotation annotator="" id="GO_MF_2016_02_16_Instance_80084" type="identity">
      <class id="CHEBI_GO_SO_EXT:enzyme" label="enzyme"/>
      <span end="10627" id="14609438-444" start="10621">enzyme</span>
    </annotation>
    <annotation annotator="" id="GO_MF_2016_02_16_Instance_70198" type="identity">
      <class id="CHEMINF_GO_EXT:chemical_binding_or_bond_formation" label="chemical binding or bond formation"/>
      <span end="11916" id="14609438-340" start="11909">binding</span>
    </annotation>
    <annotation annotator="Mike Bada, University of Colorado Anschutz Medical Campus" id="GO_MF_2016_02_16_Instance_18201" type="identity">
      <class id="GO_EXT:0008240" label="bearer of tripeptidyl-peptidase activity"/>
      <span end="12016" id="14609438-310" start="12004">tripeptidase</span>
    </annotation>
    <annotation annotator="" id="GO_MF_2016_02_16_Instance_70200" type="identity">
      <class id="CHEMINF_GO_EXT:chemical_binding_or_bond_formation" label="chemical binding or bond formation"/>
      <span end="12061" id="14609438-342" start="12054">binding</span>
    </annotation>
    <annotation annotator="" id="GO_MF_2016_02_16_Instance_70229" type="identity">
      <class id="CHEMINF_GO_EXT:chemical_binding_or_bond_formation" label="chemical binding or bond formation"/>
      <span end="12802" id="14609438-360" start="12796">bonded</span>
    </annotation>
    <annotation annotator="" id="GO_MF_2016_02_16_Instance_110431" type="identity">
      <class id="GO_MOP_EXT:catalysis" label="catalysis"/>
      <span end="12909" id="14609438-278" start="12900">catalytic</span>
    </annotation>
    <annotation annotator="" id="GO_MF_2016_02_16_Instance_80086" type="identity">
      <class id="CHEBI_GO_SO_EXT:enzyme" label="enzyme"/>
      <span end="12957" id="14609438-446" start="12950">enzymes</span>
    </annotation>
    <annotation annotator="" id="GO_MF_2016_02_16_Instance_80088" type="identity">
      <class id="CHEBI_GO_SO_EXT:enzyme" label="enzyme"/>
      <span end="13558" id="14609438-448" start="13552">enzyme</span>
    </annotation>
    <annotation annotator="Mike Bada, University of Colorado Anschutz Medical Campus" id="GO_MF_2016_02_16_Instance_18205" type="identity">
      <class id="GO_EXT:0008233" label="bearer of peptidase activity"/>
      <span end="13661" id="14609438-312" start="13651">peptidases</span>
    </annotation>
    <annotation annotator="" id="GO_MF_2016_02_16_Instance_80090" type="identity">
      <class id="CHEBI_GO_SO_EXT:enzyme" label="enzyme"/>
      <span end="13699" id="14609438-450" start="13693">enzyme</span>
    </annotation>
    <annotation annotator="" id="GO_MF_2016_02_16_Instance_80092" type="identity">
      <class id="CHEBI_GO_SO_EXT:enzyme" label="enzyme"/>
      <span end="15766" id="14609438-452" start="15759">enzymes</span>
    </annotation>
    <annotation annotator="Mike Bada, University of Colorado Anschutz Medical Campus" id="GO_MF_2016_02_16_Instance_18207" type="identity">
      <class id="GO_EXT:0008240" label="bearer of tripeptidyl-peptidase activity"/>
      <span end="16156" id="14609438-314" start="16144">tripeptidase</span>
    </annotation>
    <annotation annotator="" id="GO_MF_2016_02_16_Instance_80094" type="identity">
      <class id="CHEBI_GO_SO_EXT:enzyme" label="enzyme"/>
      <span end="16180" id="14609438-454" start="16174">enzyme</span>
    </annotation>
    <annotation annotator="" id="GO_MF_2016_02_16_Instance_70241" type="identity">
      <class id="CHEMINF_GO_EXT:chemical_binding_or_bond_formation" label="chemical binding or bond formation"/>
      <span end="16621" id="14609438-362" start="16614">bonding</span>
    </annotation>
    <annotation annotator="" id="GO_MF_2016_02_16_Instance_80096" type="identity">
      <class id="CHEBI_GO_SO_EXT:enzyme" label="enzyme"/>
      <span end="16933" id="14609438-456" start="16926">enzymes</span>
    </annotation>
    <annotation annotator="" id="GO_MF_2016_02_16_Instance_80098" type="identity">
      <class id="CHEBI_GO_SO_EXT:enzyme" label="enzyme"/>
      <span end="17215" id="14609438-458" start="17209">enzyme</span>
    </annotation>
    <annotation annotator="" id="GO_MF_2016_02_16_Instance_80100" type="identity">
      <class id="CHEBI_GO_SO_EXT:enzyme" label="enzyme"/>
      <span end="17344" id="14609438-460" start="17338">enzyme</span>
    </annotation>
    <annotation annotator="" id="GO_MF_2016_02_16_Instance_110433" type="identity">
      <class id="GO_MOP_EXT:catalysis" label="catalysis"/>
      <span end="17545" id="14609438-280" start="17536">catalytic</span>
    </annotation>
    <annotation annotator="" id="GO_MF_2016_02_16_Instance_80102" type="identity">
      <class id="CHEBI_GO_SO_EXT:enzyme" label="enzyme"/>
      <span end="17612" id="14609438-462" start="17603">enzymatic</span>
    </annotation>
    <annotation annotator="" id="GO_MF_2016_02_16_Instance_80104" type="identity">
      <class id="CHEBI_GO_SO_EXT:enzyme" label="enzyme"/>
      <span end="17933" id="14609438-464" start="17924">enzymatic</span>
    </annotation>
    <annotation annotator="Mike Bada, University of Colorado Anschutz Medical Campus" id="GO_MF_2016_02_16_Instance_18209" type="identity">
      <class id="GO_EXT:0008233" label="bearer of peptidase activity"/>
      <span end="18847" id="14609438-316" start="18839">protease</span>
    </annotation>
    <annotation annotator="" id="GO_MF_2016_02_16_Instance_70202" type="identity">
      <class id="CHEMINF_GO_EXT:chemical_binding_or_bond_formation" label="chemical binding or bond formation"/>
      <span end="19429" id="14609438-344" start="19422">binding</span>
    </annotation>
    <annotation annotator="" id="GO_MF_2016_02_16_Instance_70204" type="identity">
      <class id="CHEMINF_GO_EXT:chemical_binding_or_bond_formation" label="chemical binding or bond formation"/>
      <span end="19470" id="14609438-346" start="19463">binding</span>
    </annotation>
    <annotation annotator="Mike Bada, University of Colorado Anschutz Medical Campus" id="GO_MF_2016_02_16_Instance_18215" type="identity">
      <class id="GO_EXT:0008240" label="bearer of tripeptidyl-peptidase activity"/>
      <span end="19783" id="14609438-318" start="19771">tripeptidase</span>
    </annotation>
    <annotation annotator="" id="GO_MF_2016_02_16_Instance_70206" type="identity">
      <class id="CHEMINF_GO_EXT:chemical_binding_or_bond_formation" label="chemical binding or bond formation"/>
      <span end="20014" id="14609438-348" start="20007">binding</span>
    </annotation>
    <annotation annotator="" id="GO_MF_2016_02_16_Instance_70208" type="identity">
      <class id="CHEMINF_GO_EXT:chemical_binding_or_bond_formation" label="chemical binding or bond formation"/>
      <span end="20614" id="14609438-350" start="20607">binding</span>
    </annotation>
    <annotation annotator="" id="GO_MF_2016_02_16_Instance_80106" type="identity">
      <class id="CHEBI_GO_SO_EXT:enzyme" label="enzyme"/>
      <span end="20697" id="14609438-466" start="20691">enzyme</span>
    </annotation>
    <annotation annotator="" id="GO_MF_2016_02_16_Instance_110435" type="identity">
      <class id="GO_MOP_EXT:catalysis" label="catalysis"/>
      <span end="20855" id="14609438-282" start="20846">catalytic</span>
    </annotation>
    <annotation annotator="Mike Bada, University of Colorado Anschutz Medical Campus" id="GO_MF_2016_02_16_Instance_18221" type="identity">
      <class id="GO_EXT:0004185" label="bearer of serine-type carboxypeptidase activity"/>
      <span end="20983" id="14609438-320" start="20957">serine-carboxyl peptidases</span>
    </annotation>
    <annotation annotator="" id="GO_MF_2016_02_16_Instance_80108" type="identity">
      <class id="CHEBI_GO_SO_EXT:enzyme" label="enzyme"/>
      <span end="20998" id="14609438-468" start="20989">enzymatic</span>
    </annotation>
    <annotation annotator="" id="GO_MF_2016_02_16_Instance_80110" type="identity">
      <class id="CHEBI_GO_SO_EXT:enzyme" label="enzyme"/>
      <span end="21029" id="14609438-470" start="21022">enzymes</span>
    </annotation>
    <annotation annotator="" id="GO_MF_2016_02_16_Instance_80112" type="identity">
      <class id="CHEBI_GO_SO_EXT:enzyme" label="enzyme"/>
      <span end="21187" id="14609438-472" start="21180">enzymes</span>
    </annotation>
    <annotation annotator="" id="GO_MF_2016_02_16_Instance_110437" type="identity">
      <class id="GO_MOP_EXT:catalysis" label="catalysis"/>
      <span end="21298" id="14609438-284" start="21289">catalytic</span>
    </annotation>
    <annotation annotator="" id="GO_MF_2016_02_16_Instance_70210" type="identity">
      <class id="CHEMINF_GO_EXT:chemical_binding_or_bond_formation" label="chemical binding or bond formation"/>
      <span end="21678" id="14609438-352" start="21671">binding</span>
    </annotation>
    <annotation annotator="" id="GO_MF_2016_02_16_Instance_80114" type="identity">
      <class id="CHEBI_GO_SO_EXT:enzyme" label="enzyme"/>
      <span end="22393" id="14609438-474" start="22386">enzymes</span>
    </annotation>
    <annotation annotator="" id="GO_MF_2016_02_16_Instance_80116" type="identity">
      <class id="CHEBI_GO_SO_EXT:enzyme" label="enzyme"/>
      <span end="22424" id="14609438-476" start="22417">enzymes</span>
    </annotation>
    <annotation annotator="Mike Bada, University of Colorado Anschutz Medical Campus" id="GO_MF_2016_02_16_Instance_18225" type="identity">
      <class id="GO_EXT:0004185" label="bearer of serine-type carboxypeptidase activity"/>
      <span end="22502" id="14609438-322" start="22477">serine-carboxyl peptidase</span>
    </annotation>
    <annotation annotator="Mike Bada, University of Colorado Anschutz Medical Campus" id="GO_MF_2016_02_16_Instance_18227" type="identity">
      <class id="GO_EXT:0008240" label="bearer of tripeptidyl-peptidase activity"/>
      <span end="24308" id="14609438-324" start="24296">tripeptidase</span>
    </annotation>
    <annotation annotator="" id="GO_MF_2016_02_16_Instance_70263" type="identity">
      <class id="CHEMINF_GO_EXT:chemical_binding_or_bond_formation" label="chemical binding or bond formation"/>
      <span end="25831" id="14609438-364" start="25825">bonded</span>
    </annotation>
    <annotation annotator="" id="GO_MF_2016_02_16_Instance_80118" type="identity">
      <class id="CHEBI_GO_SO_EXT:enzyme" label="enzyme"/>
      <span end="26599" id="14609438-478" start="26592">enzymes</span>
    </annotation>
    <annotation annotator="Mike Bada, University of Colorado Anschutz Medical Campus" id="GO_MF_2016_02_16_Instance_18229" type="identity">
      <class id="GO_EXT:0004185" label="bearer of serine-type carboxypeptidase activity"/>
      <span end="26846" id="14609438-326" start="26820">serine-carboxyl peptidases</span>
    </annotation>
    <annotation annotator="" id="GO_MF_2016_02_16_Instance_80120" type="identity">
      <class id="CHEBI_GO_SO_EXT:enzyme" label="enzyme"/>
      <span end="26920" id="14609438-480" start="26914">enzyme</span>
    </annotation>
    <annotation annotator="" id="GO_MF_2016_02_16_Instance_80122" type="identity">
      <class id="CHEBI_GO_SO_EXT:enzyme" label="enzyme"/>
      <span end="26944" id="14609438-482" start="26938">enzyme</span>
    </annotation>
    <graph-space id="Old Knowtator Relations"/>
  </document>
</knowtator-project>
