<?xml version="1.0" encoding="UTF-8" standalone="no"?>
<knowtator-project>
  <document id="14611657" text-file="14611657.txt">
    <annotation annotator="Mike Bada, University of Colorado Anschutz Medical Campus" id="GO_MF_2016_02_16_Instance_19161" type="identity">
      <class id="GO_EXT:0004984" label="bearer of olfactory receptor activity"/>
      <span end="16" id="14611657-508" start="0">Odorant receptor</span>
    </annotation>
    <annotation annotator="Mike Bada, University of Colorado Anschutz Medical Campus" id="GO_MF_2016_02_16_Instance_19163" type="identity">
      <class id="GO_EXT:0004984" label="bearer of olfactory receptor activity"/>
      <span end="246" id="14611657-510" start="227">olfactory receptors</span>
    </annotation>
    <annotation annotator="Mike Bada, University of Colorado Anschutz Medical Campus" id="GO_MF_2016_02_16_Instance_19165" type="identity">
      <class id="GO_EXT:0004872" label="bearer of receptor activity"/>
      <span end="339" id="14611657-512" start="330">receptors</span>
    </annotation>
    <annotation annotator="Mike Bada, University of Colorado Anschutz Medical Campus" id="GO_MF_2016_02_16_Instance_19167" type="identity">
      <class id="GO_EXT:0004984" label="bearer of olfactory receptor activity"/>
      <span end="424" id="14611657-514" start="406">olfactory receptor</span>
    </annotation>
    <annotation annotator="Mike Bada, University of Colorado Anschutz Medical Campus" id="GO_MF_2016_02_16_Instance_19169" type="identity">
      <class id="GO_EXT:0004984" label="bearer of olfactory receptor activity"/>
      <span end="530" id="14611657-516" start="511">olfactory receptors</span>
    </annotation>
    <annotation annotator="Mike Bada, University of Colorado Anschutz Medical Campus" id="GO_MF_2016_02_16_Instance_19171" type="identity">
      <class id="GO_EXT:0004984" label="bearer of olfactory receptor activity"/>
      <span end="646" id="14611657-518" start="628">olfactory receptor</span>
    </annotation>
    <annotation annotator="Mike Bada, University of Colorado Anschutz Medical Campus" id="GO_MF_2016_02_16_Instance_19173" type="identity">
      <class id="GO_EXT:0004984" label="bearer of olfactory receptor activity"/>
      <span end="799" id="14611657-520" start="780">olfactory receptors</span>
    </annotation>
    <annotation annotator="Mike Bada, University of Colorado Anschutz Medical Campus" id="GO_MF_2016_02_16_Instance_19175" type="identity">
      <class id="GO_EXT:0004984" label="bearer of olfactory receptor activity"/>
      <span end="902" id="14611657-522" start="883">olfactory receptors</span>
    </annotation>
    <annotation annotator="Mike Bada, University of Colorado Anschutz Medical Campus" id="GO_MF_2016_02_16_Instance_19177" type="identity">
      <class id="GO_EXT:0004984" label="bearer of olfactory receptor activity"/>
      <span end="996" id="14611657-524" start="978">olfactory receptor</span>
    </annotation>
    <annotation annotator="Mike Bada, University of Colorado Anschutz Medical Campus" id="GO_MF_2016_02_16_Instance_19179" type="identity">
      <class id="GO_EXT:0004984" label="bearer of olfactory receptor activity"/>
      <span end="1102" id="14611657-526" start="1083">olfactory receptors</span>
    </annotation>
    <annotation annotator="Mike Bada, University of Colorado Anschutz Medical Campus" id="GO_MF_2016_02_16_Instance_19181" type="identity">
      <class id="GO_EXT:0004984" label="bearer of olfactory receptor activity"/>
      <span end="1229" id="14611657-528" start="1213">odorant receptor</span>
    </annotation>
    <annotation annotator="Mike Bada, University of Colorado Anschutz Medical Campus" id="GO_MF_2016_02_16_Instance_19183" type="identity">
      <class id="GO_EXT:0004984" label="bearer of olfactory receptor activity"/>
      <span end="1452" id="14611657-530" start="1433">olfactory receptors</span>
    </annotation>
    <annotation annotator="Mike Bada, University of Colorado Anschutz Medical Campus" id="GO_MF_2016_02_16_Instance_19185" type="identity">
      <class id="GO_EXT:0004984" label="bearer of olfactory receptor activity"/>
      <span end="1658" id="14611657-532" start="1639">olfactory receptors</span>
    </annotation>
    <annotation annotator="Mike Bada, University of Colorado Anschutz Medical Campus" id="GO_MF_2016_02_16_Instance_19187" type="identity">
      <class id="GO_EXT:0004984" label="bearer of olfactory receptor activity"/>
      <span end="1883" id="14611657-534" start="1865">olfactory receptor</span>
    </annotation>
    <annotation annotator="Mike Bada, University of Colorado Anschutz Medical Campus" id="GO_MF_2016_02_16_Instance_19189" type="identity">
      <class id="GO_EXT:0004984" label="bearer of olfactory receptor activity"/>
      <span end="1966" id="14611657-536" start="1947">olfactory receptors</span>
    </annotation>
    <annotation annotator="Mike Bada, University of Colorado Anschutz Medical Campus" id="GO_MF_2016_02_16_Instance_19191" type="identity">
      <class id="GO_EXT:0004872" label="bearer of receptor activity"/>
      <span end="2006" id="14611657-538" start="1998">receptor</span>
    </annotation>
    <annotation annotator="Mike Bada, University of Colorado Anschutz Medical Campus" id="GO_MF_2016_02_16_Instance_19193" type="identity">
      <class id="GO_EXT:0004984" label="bearer of olfactory receptor activity"/>
      <span end="2137" id="14611657-540" start="2118">olfactory receptors</span>
    </annotation>
    <annotation annotator="Mike Bada, University of Colorado Anschutz Medical Campus" id="GO_MF_2016_02_16_Instance_19195" type="identity">
      <class id="GO_EXT:0004984" label="bearer of olfactory receptor activity"/>
      <span end="2207" id="14611657-542" start="2188">olfactory receptors</span>
    </annotation>
    <annotation annotator="Mike Bada, University of Colorado Anschutz Medical Campus" id="GO_MF_2016_02_16_Instance_19197" type="identity">
      <class id="GO_EXT:0004984" label="bearer of olfactory receptor activity"/>
      <span end="2291" id="14611657-544" start="2272">olfactory receptors</span>
    </annotation>
    <annotation annotator="Mike Bada, University of Colorado Anschutz Medical Campus" id="GO_MF_2016_02_16_Instance_19199" type="identity">
      <class id="GO_EXT:0004984" label="bearer of olfactory receptor activity"/>
      <span end="2410" id="14611657-546" start="2391">olfactory receptors</span>
    </annotation>
    <annotation annotator="Mike Bada, University of Colorado Anschutz Medical Campus" id="GO_MF_2016_02_16_Instance_19201" type="identity">
      <class id="GO_EXT:0004984" label="bearer of olfactory receptor activity"/>
      <span end="2524" id="14611657-548" start="2505">olfactory receptors</span>
    </annotation>
    <annotation annotator="Mike Bada, University of Colorado Anschutz Medical Campus" id="GO_MF_2016_02_16_Instance_19203" type="identity">
      <class id="GO_EXT:0004984" label="bearer of olfactory receptor activity"/>
      <span end="2625" id="14611657-550" start="2607">olfactory receptor</span>
    </annotation>
    <annotation annotator="Mike Bada, University of Colorado Anschutz Medical Campus" id="GO_MF_2016_02_16_Instance_19205" type="identity">
      <class id="GO_EXT:0004984" label="bearer of olfactory receptor activity"/>
      <span end="2710" id="14611657-552" start="2701">olfactory</span>
      <span end="2733" id="14611657-553" start="2724">receptors</span>
    </annotation>
    <annotation annotator="Mike Bada, University of Colorado Anschutz Medical Campus" id="GO_MF_2016_02_16_Instance_12443" type="identity">
      <class id="GO_EXT:0004984" label="bearer of olfactory receptor activity"/>
      <span end="2722" id="14611657-503" start="2715">odorant</span>
      <span end="2733" id="14611657-504" start="2724">receptors</span>
    </annotation>
    <annotation annotator="" id="GO_MF_2016_02_16_Instance_130004" type="identity">
      <class id="CHEBI_GO_EXT:ligand" label="ligand"/>
      <span end="2760" id="14611657-506" start="2753">ligands</span>
    </annotation>
    <annotation annotator="Mike Bada, University of Colorado Anschutz Medical Campus" id="GO_MF_2016_02_16_Instance_19207" type="identity">
      <class id="GO_EXT:0004984" label="bearer of olfactory receptor activity"/>
      <span end="2875" id="14611657-555" start="2857">olfactory receptor</span>
    </annotation>
    <annotation annotator="Mike Bada, University of Colorado Anschutz Medical Campus" id="GO_MF_2016_02_16_Instance_19209" type="identity">
      <class id="GO_EXT:0004984" label="bearer of olfactory receptor activity"/>
      <span end="3012" id="14611657-557" start="2993">Olfactory receptors</span>
    </annotation>
    <annotation annotator="Mike Bada, University of Colorado Anschutz Medical Campus" id="GO_MF_2016_02_16_Instance_19211" type="identity">
      <class id="GO_EXT:0004872" label="bearer of receptor activity"/>
      <span end="3306" id="14611657-559" start="3297">receptors</span>
    </annotation>
    <annotation annotator="Mike Bada, University of Colorado Anschutz Medical Campus" id="GO_MF_2016_02_16_Instance_19213" type="identity">
      <class id="GO_EXT:0004984" label="bearer of olfactory receptor activity"/>
      <span end="3547" id="14611657-561" start="3529">olfactory receptor</span>
    </annotation>
    <annotation annotator="Mike Bada, University of Colorado Anschutz Medical Campus" id="GO_MF_2016_02_16_Instance_19215" type="identity">
      <class id="GO_EXT:0004984" label="bearer of olfactory receptor activity"/>
      <span end="3632" id="14611657-563" start="3613">olfactory receptors</span>
    </annotation>
    <annotation annotator="Mike Bada, University of Colorado Anschutz Medical Campus" id="GO_MF_2016_02_16_Instance_19217" type="identity">
      <class id="GO_EXT:0004984" label="bearer of olfactory receptor activity"/>
      <span end="3752" id="14611657-565" start="3733">olfactory receptors</span>
    </annotation>
    <annotation annotator="Mike Bada, University of Colorado Anschutz Medical Campus" id="GO_MF_2016_02_16_Instance_19219" type="identity">
      <class id="GO_EXT:0004984" label="bearer of olfactory receptor activity"/>
      <span end="3837" id="14611657-567" start="3819">olfactory receptor</span>
    </annotation>
    <annotation annotator="" id="GO_MF_2016_02_16_backup_Instance_2" type="identity">
      <class id="GO_EXT:biological_mover_or_transporter" label="biological mover/transporter"/>
      <span end="4144" id="14611657-499" start="4133">transporter</span>
    </annotation>
    <annotation annotator="Mike Bada, University of Colorado Anschutz Medical Campus" id="GO_MF_2016_02_16_Instance_19221" type="identity">
      <class id="GO_EXT:0004984" label="bearer of olfactory receptor activity"/>
      <span end="4201" id="14611657-569" start="4182">olfactory receptors</span>
    </annotation>
    <annotation annotator="Mike Bada, University of Colorado Anschutz Medical Campus" id="GO_MF_2016_02_16_Instance_19223" type="identity">
      <class id="GO_EXT:0004984" label="bearer of olfactory receptor activity"/>
      <span end="4486" id="14611657-571" start="4467">olfactory receptors</span>
    </annotation>
    <annotation annotator="Mike Bada, University of Colorado Anschutz Medical Campus" id="GO_MF_2016_02_16_Instance_19225" type="identity">
      <class id="GO_EXT:0004984" label="bearer of olfactory receptor activity"/>
      <span end="4596" id="14611657-573" start="4578">olfactory receptor</span>
    </annotation>
    <annotation annotator="Mike Bada, University of Colorado Anschutz Medical Campus" id="GO_MF_2016_02_16_Instance_19227" type="identity">
      <class id="GO_EXT:0004984" label="bearer of olfactory receptor activity"/>
      <span end="4837" id="14611657-575" start="4819">olfactory receptor</span>
    </annotation>
    <annotation annotator="Mike Bada, University of Colorado Anschutz Medical Campus" id="GO_MF_2016_02_16_Instance_19229" type="identity">
      <class id="GO_EXT:0004984" label="bearer of olfactory receptor activity"/>
      <span end="4955" id="14611657-577" start="4939">odorant receptor</span>
    </annotation>
    <annotation annotator="Mike Bada, University of Colorado Anschutz Medical Campus" id="GO_MF_2016_02_16_Instance_19231" type="identity">
      <class id="GO_EXT:0004984" label="bearer of olfactory receptor activity"/>
      <span end="5026" id="14611657-579" start="5008">olfactory receptor</span>
    </annotation>
    <annotation annotator="Mike Bada, University of Colorado Anschutz Medical Campus" id="GO_MF_2016_02_16_Instance_19233" type="identity">
      <class id="GO_EXT:0004984" label="bearer of olfactory receptor activity"/>
      <span end="5095" id="14611657-581" start="5077">olfactory receptor</span>
    </annotation>
    <annotation annotator="Mike Bada, University of Colorado Anschutz Medical Campus" id="GO_MF_2016_02_16_Instance_19235" type="identity">
      <class id="GO_EXT:0004984" label="bearer of olfactory receptor activity"/>
      <span end="5274" id="14611657-583" start="5256">olfactory receptor</span>
    </annotation>
    <annotation annotator="Mike Bada, University of Colorado Anschutz Medical Campus" id="GO_MF_2016_02_16_Instance_19237" type="identity">
      <class id="GO_EXT:0004984" label="bearer of olfactory receptor activity"/>
      <span end="5547" id="14611657-585" start="5529">olfactory receptor</span>
    </annotation>
    <annotation annotator="" id="GO_MF_2016_02_16_backup_Instance_17" type="identity">
      <class id="GO_EXT:transcription_factor" label="transcription factor"/>
      <span end="5784" id="14611657-493" start="5764">transcription factor</span>
    </annotation>
    <annotation annotator="" id="GO_MF+extensions+nested_Instance_0" type="identity">
      <class id="CHEMINF_GO_EXT:chemical_binding_or_bond_formation" label="chemical binding or bond formation"/>
      <span end="5792" id="14611657-489" start="5785">binding</span>
    </annotation>
    <annotation annotator="Mike Bada, University of Colorado Anschutz Medical Campus" id="GO_MF_2016_02_16_Instance_19243" type="identity">
      <class id="GO_EXT:0004984" label="bearer of olfactory receptor activity"/>
      <span end="5873" id="14611657-587" start="5855">olfactory receptor</span>
    </annotation>
    <annotation annotator="" id="GO_MF_2016_02_16_backup_Instance_19" type="identity">
      <class id="GO_EXT:transcription_factor" label="transcription factor"/>
      <span end="6035" id="14611657-495" start="6014">transcription factors</span>
    </annotation>
    <annotation annotator="Mike Bada, University of Colorado Anschutz Medical Campus" id="GO_MF_2016_02_16_Instance_19247" type="identity">
      <class id="GO_EXT:0004984" label="bearer of olfactory receptor activity"/>
      <span end="6172" id="14611657-589" start="6154">olfactory receptor</span>
    </annotation>
    <annotation annotator="Mike Bada, University of Colorado Anschutz Medical Campus" id="GO_MF_2016_02_16_Instance_19249" type="identity">
      <class id="GO_EXT:0004984" label="bearer of olfactory receptor activity"/>
      <span end="6434" id="14611657-591" start="6416">olfactory receptor</span>
    </annotation>
    <annotation annotator="Mike Bada, University of Colorado Anschutz Medical Campus" id="GO_MF_2016_02_16_Instance_19251" type="identity">
      <class id="GO_EXT:0004984" label="bearer of olfactory receptor activity"/>
      <span end="6523" id="14611657-593" start="6504">olfactory receptors</span>
    </annotation>
    <annotation annotator="Mike Bada, University of Colorado Anschutz Medical Campus" id="GO_MF_2016_02_16_Instance_19253" type="identity">
      <class id="GO_EXT:0004984" label="bearer of olfactory receptor activity"/>
      <span end="6638" id="14611657-595" start="6620">olfactory receptor</span>
    </annotation>
    <annotation annotator="" id="GO_MF_2016_02_16_backup_Instance_21" type="identity">
      <class id="GO_EXT:transcription_factor" label="transcription factor"/>
      <span end="6677" id="14611657-497" start="6657">transcription factor</span>
    </annotation>
    <annotation annotator="" id="GO_MF+extensions+nested_Instance_2" type="identity">
      <class id="CHEMINF_GO_EXT:chemical_binding_or_bond_formation" label="chemical binding or bond formation"/>
      <span end="6685" id="14611657-491" start="6678">binding</span>
    </annotation>
    <annotation annotator="Mike Bada, University of Colorado Anschutz Medical Campus" id="GO_MF_2016_02_16_Instance_19259" type="identity">
      <class id="GO_EXT:0004984" label="bearer of olfactory receptor activity"/>
      <span end="6736" id="14611657-597" start="6718">olfactory receptor</span>
    </annotation>
    <annotation annotator="Mike Bada, University of Colorado Anschutz Medical Campus" id="GO_MF_2016_02_16_Instance_19261" type="identity">
      <class id="GO_EXT:0004984" label="bearer of olfactory receptor activity"/>
      <span end="6975" id="14611657-599" start="6957">olfactory receptor</span>
    </annotation>
    <annotation annotator="Mike Bada, University of Colorado Anschutz Medical Campus" id="GO_MF_2016_02_16_Instance_19263" type="identity">
      <class id="GO_EXT:0004984" label="bearer of olfactory receptor activity"/>
      <span end="7005" id="14611657-601" start="6987">olfactory receptor</span>
    </annotation>
    <annotation annotator="Mike Bada, University of Colorado Anschutz Medical Campus" id="GO_MF_2016_02_16_Instance_19265" type="identity">
      <class id="GO_EXT:0004984" label="bearer of olfactory receptor activity"/>
      <span end="7166" id="14611657-603" start="7148">Olfactory receptor</span>
    </annotation>
    <annotation annotator="Mike Bada, University of Colorado Anschutz Medical Campus" id="GO_MF_2016_02_16_Instance_19267" type="identity">
      <class id="GO_EXT:0004984" label="bearer of olfactory receptor activity"/>
      <span end="7273" id="14611657-605" start="7255">olfactory receptor</span>
    </annotation>
    <annotation annotator="Mike Bada, University of Colorado Anschutz Medical Campus" id="GO_MF_2016_02_16_Instance_19269" type="identity">
      <class id="GO_EXT:0004984" label="bearer of olfactory receptor activity"/>
      <span end="7331" id="14611657-607" start="7312">olfactory receptors</span>
    </annotation>
    <annotation annotator="Mike Bada, University of Colorado Anschutz Medical Campus" id="GO_MF_2016_02_16_Instance_19271" type="identity">
      <class id="GO_EXT:0004984" label="bearer of olfactory receptor activity"/>
      <span end="7628" id="14611657-609" start="7609">olfactory receptors</span>
    </annotation>
    <annotation annotator="Mike Bada, University of Colorado Anschutz Medical Campus" id="GO_MF_2016_02_16_Instance_19273" type="identity">
      <class id="GO_EXT:0004984" label="bearer of olfactory receptor activity"/>
      <span end="8026" id="14611657-611" start="8007">olfactory receptors</span>
    </annotation>
    <annotation annotator="Mike Bada, University of Colorado Anschutz Medical Campus" id="GO_MF_2016_02_16_Instance_19275" type="identity">
      <class id="GO_EXT:0004984" label="bearer of olfactory receptor activity"/>
      <span end="8243" id="14611657-613" start="8224">olfactory receptors</span>
    </annotation>
    <annotation annotator="Mike Bada, University of Colorado Anschutz Medical Campus" id="GO_MF_2016_02_16_Instance_19277" type="identity">
      <class id="GO_EXT:0004984" label="bearer of olfactory receptor activity"/>
      <span end="8421" id="14611657-615" start="8405">odorant receptor</span>
    </annotation>
    <annotation annotator="Mike Bada, University of Colorado Anschutz Medical Campus" id="GO_MF_2016_02_16_Instance_19279" type="identity">
      <class id="GO_EXT:0004984" label="bearer of olfactory receptor activity"/>
      <span end="8512" id="14611657-617" start="8494">olfactory receptor</span>
    </annotation>
    <annotation annotator="Mike Bada, University of Colorado Anschutz Medical Campus" id="GO_MF_2016_02_16_Instance_19281" type="identity">
      <class id="GO_EXT:0004984" label="bearer of olfactory receptor activity"/>
      <span end="8651" id="14611657-619" start="8632">olfactory receptors</span>
    </annotation>
    <annotation annotator="Mike Bada, University of Colorado Anschutz Medical Campus" id="GO_MF_2016_02_16_Instance_19283" type="identity">
      <class id="GO_EXT:0004984" label="bearer of olfactory receptor activity"/>
      <span end="8727" id="14611657-621" start="8708">olfactory receptors</span>
    </annotation>
    <annotation annotator="Mike Bada, University of Colorado Anschutz Medical Campus" id="GO_MF_2016_02_16_Instance_19285" type="identity">
      <class id="GO_EXT:0004984" label="bearer of olfactory receptor activity"/>
      <span end="8797" id="14611657-623" start="8779">olfactory receptor</span>
    </annotation>
    <annotation annotator="Mike Bada, University of Colorado Anschutz Medical Campus" id="GO_MF_2016_02_16_Instance_19287" type="identity">
      <class id="GO_EXT:0004984" label="bearer of olfactory receptor activity"/>
      <span end="8891" id="14611657-625" start="8873">olfactory receptor</span>
    </annotation>
    <annotation annotator="Mike Bada, University of Colorado Anschutz Medical Campus" id="GO_MF_2016_02_16_Instance_19289" type="identity">
      <class id="GO_EXT:0004984" label="bearer of olfactory receptor activity"/>
      <span end="8982" id="14611657-627" start="8964">olfactory receptor</span>
    </annotation>
    <annotation annotator="Mike Bada, University of Colorado Anschutz Medical Campus" id="GO_MF_2016_02_16_Instance_19291" type="identity">
      <class id="GO_EXT:0004984" label="bearer of olfactory receptor activity"/>
      <span end="9090" id="14611657-629" start="9072">olfactory receptor</span>
    </annotation>
    <annotation annotator="" id="GO_MF_2016_02_16_Instance_70275" type="identity">
      <class id="GO:0097617" label="annealing activity"/>
      <span end="9134" id="14611657-1039" start="9121">hybridization</span>
    </annotation>
    <annotation annotator="Mike Bada, University of Colorado Anschutz Medical Campus" id="GO_MF_2016_02_16_Instance_19293" type="identity">
      <class id="GO_EXT:0004984" label="bearer of olfactory receptor activity"/>
      <span end="9169" id="14611657-631" start="9151">olfactory receptor</span>
    </annotation>
    <annotation annotator="" id="GO_MF_2016_02_16_Instance_70277" type="identity">
      <class id="GO:0097617" label="annealing activity"/>
      <span end="9402" id="14611657-1041" start="9389">hybridization</span>
    </annotation>
    <annotation annotator="Mike Bada, University of Colorado Anschutz Medical Campus" id="GO_MF_2016_02_16_Instance_19295" type="identity">
      <class id="GO_EXT:0004984" label="bearer of olfactory receptor activity"/>
      <span end="9521" id="14611657-633" start="9503">olfactory receptor</span>
    </annotation>
    <annotation annotator="" id="GO_MF_2016_02_16_Instance_70279" type="identity">
      <class id="GO:0097617" label="annealing activity"/>
      <span end="9626" id="14611657-1043" start="9613">hybridization</span>
    </annotation>
    <annotation annotator="Mike Bada, University of Colorado Anschutz Medical Campus" id="GO_MF_2016_02_16_Instance_19297" type="identity">
      <class id="GO_EXT:0004984" label="bearer of olfactory receptor activity"/>
      <span end="9744" id="14611657-635" start="9725">olfactory receptors</span>
    </annotation>
    <annotation annotator="Mike Bada, University of Colorado Anschutz Medical Campus" id="GO_MF_2016_02_16_Instance_19299" type="identity">
      <class id="GO_EXT:0004984" label="bearer of olfactory receptor activity"/>
      <span end="9830" id="14611657-637" start="9812">olfactory receptor</span>
    </annotation>
    <annotation annotator="Mike Bada, University of Colorado Anschutz Medical Campus" id="GO_MF_2016_02_16_Instance_19301" type="identity">
      <class id="GO_EXT:0004984" label="bearer of olfactory receptor activity"/>
      <span end="9894" id="14611657-639" start="9875">olfactory receptors</span>
    </annotation>
    <annotation annotator="Mike Bada, University of Colorado Anschutz Medical Campus" id="GO_MF_2016_02_16_Instance_19303" type="identity">
      <class id="GO_EXT:0004984" label="bearer of olfactory receptor activity"/>
      <span end="10256" id="14611657-641" start="10238">olfactory receptor</span>
    </annotation>
    <annotation annotator="Mike Bada, University of Colorado Anschutz Medical Campus" id="GO_MF_2016_02_16_Instance_19305" type="identity">
      <class id="GO_EXT:0004984" label="bearer of olfactory receptor activity"/>
      <span end="10645" id="14611657-643" start="10627">olfactory receptor</span>
    </annotation>
    <annotation annotator="Mike Bada, University of Colorado Anschutz Medical Campus" id="GO_MF_2016_02_16_Instance_19307" type="identity">
      <class id="GO_EXT:0004984" label="bearer of olfactory receptor activity"/>
      <span end="10830" id="14611657-645" start="10812">olfactory receptor</span>
    </annotation>
    <annotation annotator="Mike Bada, University of Colorado Anschutz Medical Campus" id="GO_MF_2016_02_16_Instance_19309" type="identity">
      <class id="GO_EXT:0004984" label="bearer of olfactory receptor activity"/>
      <span end="10954" id="14611657-647" start="10936">olfactory receptor</span>
    </annotation>
    <annotation annotator="Mike Bada, University of Colorado Anschutz Medical Campus" id="GO_MF_2016_02_16_Instance_19311" type="identity">
      <class id="GO_EXT:0004984" label="bearer of olfactory receptor activity"/>
      <span end="11208" id="14611657-649" start="11190">olfactory receptor</span>
    </annotation>
    <annotation annotator="Mike Bada, University of Colorado Anschutz Medical Campus" id="GO_MF_2016_02_16_Instance_19313" type="identity">
      <class id="GO_EXT:0004984" label="bearer of olfactory receptor activity"/>
      <span end="11281" id="14611657-651" start="11263">olfactory receptor</span>
    </annotation>
    <annotation annotator="Mike Bada, University of Colorado Anschutz Medical Campus" id="GO_MF_2016_02_16_Instance_19315" type="identity">
      <class id="GO_EXT:0004984" label="bearer of olfactory receptor activity"/>
      <span end="11331" id="14611657-653" start="11312">olfactory receptors</span>
    </annotation>
    <annotation annotator="Mike Bada, University of Colorado Anschutz Medical Campus" id="GO_MF_2016_02_16_Instance_19317" type="identity">
      <class id="GO_EXT:0004984" label="bearer of olfactory receptor activity"/>
      <span end="11531" id="14611657-655" start="11513">olfactory receptor</span>
    </annotation>
    <annotation annotator="Mike Bada, University of Colorado Anschutz Medical Campus" id="GO_MF_2016_02_16_Instance_19319" type="identity">
      <class id="GO_EXT:0004984" label="bearer of olfactory receptor activity"/>
      <span end="11761" id="14611657-657" start="11743">olfactory receptor</span>
    </annotation>
    <annotation annotator="Mike Bada, University of Colorado Anschutz Medical Campus" id="GO_MF_2016_02_16_Instance_19321" type="identity">
      <class id="GO_EXT:0004984" label="bearer of olfactory receptor activity"/>
      <span end="11859" id="14611657-659" start="11841">olfactory receptor</span>
    </annotation>
    <annotation annotator="Mike Bada, University of Colorado Anschutz Medical Campus" id="GO_MF_2016_02_16_Instance_19323" type="identity">
      <class id="GO_EXT:0004984" label="bearer of olfactory receptor activity"/>
      <span end="11914" id="14611657-661" start="11896">olfactory receptor</span>
    </annotation>
    <annotation annotator="Mike Bada, University of Colorado Anschutz Medical Campus" id="GO_MF_2016_02_16_Instance_19325" type="identity">
      <class id="GO_EXT:0004984" label="bearer of olfactory receptor activity"/>
      <span end="11978" id="14611657-663" start="11960">olfactory receptor</span>
    </annotation>
    <annotation annotator="Mike Bada, University of Colorado Anschutz Medical Campus" id="GO_MF_2016_02_16_Instance_19327" type="identity">
      <class id="GO_EXT:0004984" label="bearer of olfactory receptor activity"/>
      <span end="12093" id="14611657-665" start="12075">olfactory receptor</span>
    </annotation>
    <annotation annotator="Mike Bada, University of Colorado Anschutz Medical Campus" id="GO_MF_2016_02_16_Instance_19329" type="identity">
      <class id="GO_EXT:0004984" label="bearer of olfactory receptor activity"/>
      <span end="12148" id="14611657-667" start="12130">olfactory receptor</span>
    </annotation>
    <annotation annotator="Mike Bada, University of Colorado Anschutz Medical Campus" id="GO_MF_2016_02_16_Instance_19331" type="identity">
      <class id="GO_EXT:0004984" label="bearer of olfactory receptor activity"/>
      <span end="12233" id="14611657-669" start="12215">olfactory receptor</span>
    </annotation>
    <annotation annotator="Mike Bada, University of Colorado Anschutz Medical Campus" id="GO_MF_2016_02_16_Instance_19333" type="identity">
      <class id="GO_EXT:0004984" label="bearer of olfactory receptor activity"/>
      <span end="12294" id="14611657-671" start="12276">olfactory receptor</span>
    </annotation>
    <annotation annotator="Mike Bada, University of Colorado Anschutz Medical Campus" id="GO_MF_2016_02_16_Instance_19335" type="identity">
      <class id="GO_EXT:0004984" label="bearer of olfactory receptor activity"/>
      <span end="12389" id="14611657-673" start="12370">olfactory receptors</span>
    </annotation>
    <annotation annotator="Mike Bada, University of Colorado Anschutz Medical Campus" id="GO_MF_2016_02_16_Instance_19337" type="identity">
      <class id="GO_EXT:0004984" label="bearer of olfactory receptor activity"/>
      <span end="12435" id="14611657-675" start="12416">olfactory receptors</span>
    </annotation>
    <annotation annotator="Mike Bada, University of Colorado Anschutz Medical Campus" id="GO_MF_2016_02_16_Instance_19339" type="identity">
      <class id="GO_EXT:0004984" label="bearer of olfactory receptor activity"/>
      <span end="12480" id="14611657-677" start="12461">olfactory receptors</span>
    </annotation>
    <annotation annotator="Mike Bada, University of Colorado Anschutz Medical Campus" id="GO_MF_2016_02_16_Instance_19341" type="identity">
      <class id="GO_EXT:0004984" label="bearer of olfactory receptor activity"/>
      <span end="12653" id="14611657-679" start="12635">olfactory receptor</span>
    </annotation>
    <annotation annotator="Mike Bada, University of Colorado Anschutz Medical Campus" id="GO_MF_2016_02_16_Instance_19343" type="identity">
      <class id="GO_EXT:0004984" label="bearer of olfactory receptor activity"/>
      <span end="12713" id="14611657-681" start="12695">olfactory receptor</span>
    </annotation>
    <annotation annotator="Mike Bada, University of Colorado Anschutz Medical Campus" id="GO_MF_2016_02_16_Instance_19345" type="identity">
      <class id="GO_EXT:0004984" label="bearer of olfactory receptor activity"/>
      <span end="12786" id="14611657-683" start="12768">olfactory receptor</span>
    </annotation>
    <annotation annotator="Mike Bada, University of Colorado Anschutz Medical Campus" id="GO_MF_2016_02_16_Instance_19347" type="identity">
      <class id="GO_EXT:0004984" label="bearer of olfactory receptor activity"/>
      <span end="12955" id="14611657-685" start="12936">olfactory receptors</span>
    </annotation>
    <annotation annotator="Mike Bada, University of Colorado Anschutz Medical Campus" id="GO_MF_2016_02_16_Instance_19349" type="identity">
      <class id="GO_EXT:0004984" label="bearer of olfactory receptor activity"/>
      <span end="13070" id="14611657-687" start="13051">olfactory receptors</span>
    </annotation>
    <annotation annotator="" id="GO_MF_2016_02_16_Instance_70281" type="identity">
      <class id="GO:0097617" label="annealing activity"/>
      <span end="13143" id="14611657-1045" start="13130">hybridization</span>
    </annotation>
    <annotation annotator="" id="GO_MF_2016_02_16_Instance_70283" type="identity">
      <class id="GO:0097617" label="annealing activity"/>
      <span end="13484" id="14611657-1047" start="13471">hybridization</span>
    </annotation>
    <annotation annotator="Mike Bada, University of Colorado Anschutz Medical Campus" id="GO_MF_2016_02_16_Instance_19351" type="identity">
      <class id="GO_EXT:0004984" label="bearer of olfactory receptor activity"/>
      <span end="13650" id="14611657-689" start="13631">olfactory receptors</span>
    </annotation>
    <annotation annotator="Mike Bada, University of Colorado Anschutz Medical Campus" id="GO_MF_2016_02_16_Instance_19353" type="identity">
      <class id="GO_EXT:0004984" label="bearer of olfactory receptor activity"/>
      <span end="13854" id="14611657-691" start="13836">olfactory receptor</span>
    </annotation>
    <annotation annotator="Mike Bada, University of Colorado Anschutz Medical Campus" id="GO_MF_2016_02_16_Instance_19355" type="identity">
      <class id="GO_EXT:0004984" label="bearer of olfactory receptor activity"/>
      <span end="13923" id="14611657-693" start="13904">olfactory receptors</span>
    </annotation>
    <annotation annotator="Mike Bada, University of Colorado Anschutz Medical Campus" id="GO_MF_2016_02_16_Instance_19357" type="identity">
      <class id="GO_EXT:0004984" label="bearer of olfactory receptor activity"/>
      <span end="14138" id="14611657-695" start="14120">olfactory receptor</span>
    </annotation>
    <annotation annotator="Mike Bada, University of Colorado Anschutz Medical Campus" id="GO_MF_2016_02_16_Instance_19359" type="identity">
      <class id="GO_EXT:0004984" label="bearer of olfactory receptor activity"/>
      <span end="14232" id="14611657-697" start="14213">olfactory receptors</span>
    </annotation>
    <annotation annotator="Mike Bada, University of Colorado Anschutz Medical Campus" id="GO_MF_2016_02_16_Instance_19361" type="identity">
      <class id="GO_EXT:0004984" label="bearer of olfactory receptor activity"/>
      <span end="14353" id="14611657-699" start="14334">olfactory receptors</span>
    </annotation>
    <annotation annotator="Mike Bada, University of Colorado Anschutz Medical Campus" id="GO_MF_2016_02_16_Instance_19363" type="identity">
      <class id="GO_EXT:0004984" label="bearer of olfactory receptor activity"/>
      <span end="14415" id="14611657-701" start="14396">olfactory receptors</span>
    </annotation>
    <annotation annotator="Mike Bada, University of Colorado Anschutz Medical Campus" id="GO_MF_2016_02_16_Instance_19365" type="identity">
      <class id="GO_EXT:0004984" label="bearer of olfactory receptor activity"/>
      <span end="14474" id="14611657-703" start="14456">olfactory receptor</span>
    </annotation>
    <annotation annotator="Mike Bada, University of Colorado Anschutz Medical Campus" id="GO_MF_2016_02_16_Instance_19367" type="identity">
      <class id="GO_EXT:0004984" label="bearer of olfactory receptor activity"/>
      <span end="14633" id="14611657-705" start="14614">olfactory receptors</span>
    </annotation>
    <annotation annotator="Mike Bada, University of Colorado Anschutz Medical Campus" id="GO_MF_2016_02_16_Instance_19369" type="identity">
      <class id="GO_EXT:0004984" label="bearer of olfactory receptor activity"/>
      <span end="14929" id="14611657-707" start="14910">olfactory receptors</span>
    </annotation>
    <annotation annotator="Mike Bada, University of Colorado Anschutz Medical Campus" id="GO_MF_2016_02_16_Instance_19371" type="identity">
      <class id="GO_EXT:0004984" label="bearer of olfactory receptor activity"/>
      <span end="14998" id="14611657-709" start="14979">olfactory receptors</span>
    </annotation>
    <annotation annotator="" id="GO_MF_2016_02_16_Instance_70285" type="identity">
      <class id="GO_EXT:reverse_transcription_or_reverse_transcriptase" label="reverse transcription or reverse transcriptase"/>
      <span end="15337" id="14611657-1049" start="15335">RT</span>
    </annotation>
    <annotation annotator="Mike Bada, University of Colorado Anschutz Medical Campus" id="GO_MF_2016_02_16_Instance_19373" type="identity">
      <class id="GO_EXT:0004984" label="bearer of olfactory receptor activity"/>
      <span end="15503" id="14611657-711" start="15484">olfactory receptors</span>
    </annotation>
    <annotation annotator="" id="GO_MF_2016_02_16_Instance_70287" type="identity">
      <class id="GO:0097617" label="annealing activity"/>
      <span end="15675" id="14611657-1051" start="15662">hybridization</span>
    </annotation>
    <annotation annotator="Mike Bada, University of Colorado Anschutz Medical Campus" id="GO_MF_2016_02_16_Instance_19375" type="identity">
      <class id="GO_EXT:0004984" label="bearer of olfactory receptor activity"/>
      <span end="15708" id="14611657-713" start="15690">olfactory receptor</span>
    </annotation>
    <annotation annotator="Mike Bada, University of Colorado Anschutz Medical Campus" id="GO_MF_2016_02_16_Instance_19377" type="identity">
      <class id="GO_EXT:0004984" label="bearer of olfactory receptor activity"/>
      <span end="15812" id="14611657-715" start="15794">olfactory receptor</span>
    </annotation>
    <annotation annotator="Mike Bada, University of Colorado Anschutz Medical Campus" id="GO_MF_2016_02_16_Instance_19379" type="identity">
      <class id="GO_EXT:0004984" label="bearer of olfactory receptor activity"/>
      <span end="15888" id="14611657-717" start="15870">olfactory receptor</span>
    </annotation>
    <annotation annotator="Mike Bada, University of Colorado Anschutz Medical Campus" id="GO_MF_2016_02_16_Instance_19381" type="identity">
      <class id="GO_EXT:0004984" label="bearer of olfactory receptor activity"/>
      <span end="16021" id="14611657-719" start="16002">olfactory receptors</span>
    </annotation>
    <annotation annotator="Mike Bada, University of Colorado Anschutz Medical Campus" id="GO_MF_2016_02_16_Instance_19383" type="identity">
      <class id="GO_EXT:0004984" label="bearer of olfactory receptor activity"/>
      <span end="16083" id="14611657-721" start="16065">olfactory receptor</span>
    </annotation>
    <annotation annotator="Mike Bada, University of Colorado Anschutz Medical Campus" id="GO_MF_2016_02_16_Instance_19385" type="identity">
      <class id="GO_EXT:0004984" label="bearer of olfactory receptor activity"/>
      <span end="16205" id="14611657-723" start="16186">olfactory receptors</span>
    </annotation>
    <annotation annotator="Mike Bada, University of Colorado Anschutz Medical Campus" id="GO_MF_2016_02_16_Instance_19387" type="identity">
      <class id="GO_EXT:0004984" label="bearer of olfactory receptor activity"/>
      <span end="16299" id="14611657-725" start="16280">olfactory receptors</span>
    </annotation>
    <annotation annotator="Mike Bada, University of Colorado Anschutz Medical Campus" id="GO_MF_2016_02_16_Instance_19389" type="identity">
      <class id="GO_EXT:0004984" label="bearer of olfactory receptor activity"/>
      <span end="16533" id="14611657-727" start="16515">olfactory receptor</span>
    </annotation>
    <annotation annotator="Mike Bada, University of Colorado Anschutz Medical Campus" id="GO_MF_2016_02_16_Instance_19391" type="identity">
      <class id="GO_EXT:0004984" label="bearer of olfactory receptor activity"/>
      <span end="16580" id="14611657-729" start="16561">olfactory receptors</span>
    </annotation>
    <annotation annotator="Mike Bada, University of Colorado Anschutz Medical Campus" id="GO_MF_2016_02_16_Instance_19393" type="identity">
      <class id="GO_EXT:0004984" label="bearer of olfactory receptor activity"/>
      <span end="16705" id="14611657-731" start="16687">olfactory receptor</span>
    </annotation>
    <annotation annotator="Mike Bada, University of Colorado Anschutz Medical Campus" id="GO_MF_2016_02_16_Instance_19395" type="identity">
      <class id="GO_EXT:0004984" label="bearer of olfactory receptor activity"/>
      <span end="16871" id="14611657-733" start="16853">olfactory receptor</span>
    </annotation>
    <annotation annotator="Mike Bada, University of Colorado Anschutz Medical Campus" id="GO_MF_2016_02_16_Instance_19397" type="identity">
      <class id="GO_EXT:0004872" label="bearer of receptor activity"/>
      <span end="16907" id="14611657-735" start="16899">receptor</span>
    </annotation>
    <annotation annotator="" id="GO_MF_2016_02_16_Instance_70289" type="identity">
      <class id="GO_EXT:reverse_transcription_or_reverse_transcriptase" label="reverse transcription or reverse transcriptase"/>
      <span end="16943" id="14611657-1053" start="16941">RT</span>
    </annotation>
    <annotation annotator="Mike Bada, University of Colorado Anschutz Medical Campus" id="GO_MF_2016_02_16_Instance_19399" type="identity">
      <class id="GO_EXT:0004984" label="bearer of olfactory receptor activity"/>
      <span end="16974" id="14611657-737" start="16955">olfactory receptors</span>
    </annotation>
    <annotation annotator="Mike Bada, University of Colorado Anschutz Medical Campus" id="GO_MF_2016_02_16_Instance_19401" type="identity">
      <class id="GO_EXT:0004984" label="bearer of olfactory receptor activity"/>
      <span end="17162" id="14611657-739" start="17144">olfactory receptor</span>
    </annotation>
    <annotation annotator="Mike Bada, University of Colorado Anschutz Medical Campus" id="GO_MF_2016_02_16_Instance_19403" type="identity">
      <class id="GO_EXT:0004984" label="bearer of olfactory receptor activity"/>
      <span end="17291" id="14611657-741" start="17272">olfactory receptors</span>
    </annotation>
    <annotation annotator="Mike Bada, University of Colorado Anschutz Medical Campus" id="GO_MF_2016_02_16_Instance_19405" type="identity">
      <class id="GO_EXT:0004984" label="bearer of olfactory receptor activity"/>
      <span end="17396" id="14611657-743" start="17377">olfactory receptors</span>
    </annotation>
    <annotation annotator="Mike Bada, University of Colorado Anschutz Medical Campus" id="GO_MF_2016_02_16_Instance_19407" type="identity">
      <class id="GO_EXT:0004984" label="bearer of olfactory receptor activity"/>
      <span end="18494" id="14611657-745" start="18476">olfactory receptor</span>
    </annotation>
    <annotation annotator="" id="GO_MF_2016_02_16_Instance_70291" type="identity">
      <class id="GO:0097617" label="annealing activity"/>
      <span end="18734" id="14611657-1055" start="18721">hybridization</span>
    </annotation>
    <annotation annotator="" id="GO_MF_2016_02_16_Instance_70293" type="identity">
      <class id="GO:0097617" label="annealing activity"/>
      <span end="18956" id="14611657-1057" start="18946">hybridized</span>
    </annotation>
    <annotation annotator="" id="GO_MF_2016_02_16_Instance_70295" type="identity">
      <class id="GO:0097617" label="annealing activity"/>
      <span end="19166" id="14611657-1059" start="19157">hybridize</span>
    </annotation>
    <annotation annotator="Mike Bada, University of Colorado Anschutz Medical Campus" id="GO_MF_2016_02_16_Instance_19409" type="identity">
      <class id="GO_EXT:0004984" label="bearer of olfactory receptor activity"/>
      <span end="19650" id="14611657-747" start="19631">olfactory receptors</span>
    </annotation>
    <annotation annotator="" id="GO_MF_2016_02_16_Instance_70297" type="identity">
      <class id="GO:0097617" label="annealing activity"/>
      <span end="20223" id="14611657-1061" start="20210">hybridization</span>
    </annotation>
    <annotation annotator="Mike Bada, University of Colorado Anschutz Medical Campus" id="GO_MF_2016_02_16_Instance_19411" type="identity">
      <class id="GO_EXT:0004984" label="bearer of olfactory receptor activity"/>
      <span end="20622" id="14611657-749" start="20604">olfactory receptor</span>
    </annotation>
    <annotation annotator="Mike Bada, University of Colorado Anschutz Medical Campus" id="GO_MF_2016_02_16_Instance_19413" type="identity">
      <class id="GO_EXT:0004984" label="bearer of olfactory receptor activity"/>
      <span end="20747" id="14611657-751" start="20728">olfactory receptors</span>
    </annotation>
    <annotation annotator="Mike Bada, University of Colorado Anschutz Medical Campus" id="GO_MF_2016_02_16_Instance_19415" type="identity">
      <class id="GO_EXT:0004984" label="bearer of olfactory receptor activity"/>
      <span end="21432" id="14611657-753" start="21413">olfactory receptors</span>
    </annotation>
    <annotation annotator="Mike Bada, University of Colorado Anschutz Medical Campus" id="GO_MF_2016_02_16_Instance_19417" type="identity">
      <class id="GO_EXT:0004984" label="bearer of olfactory receptor activity"/>
      <span end="22184" id="14611657-755" start="22166">olfactory receptor</span>
    </annotation>
    <annotation annotator="Mike Bada, University of Colorado Anschutz Medical Campus" id="GO_MF_2016_02_16_Instance_19419" type="identity">
      <class id="GO_EXT:0004984" label="bearer of olfactory receptor activity"/>
      <span end="22233" id="14611657-757" start="22214">olfactory receptors</span>
    </annotation>
    <annotation annotator="Mike Bada, University of Colorado Anschutz Medical Campus" id="GO_MF_2016_02_16_Instance_19421" type="identity">
      <class id="GO_EXT:0004984" label="bearer of olfactory receptor activity"/>
      <span end="22310" id="14611657-759" start="22292">olfactory receptor</span>
    </annotation>
    <annotation annotator="Mike Bada, University of Colorado Anschutz Medical Campus" id="GO_MF_2016_02_16_Instance_19423" type="identity">
      <class id="GO_EXT:0004984" label="bearer of olfactory receptor activity"/>
      <span end="22353" id="14611657-761" start="22334">olfactory receptors</span>
    </annotation>
    <annotation annotator="Mike Bada, University of Colorado Anschutz Medical Campus" id="GO_MF_2016_02_16_Instance_19425" type="identity">
      <class id="GO_EXT:0004984" label="bearer of olfactory receptor activity"/>
      <span end="22380" id="14611657-763" start="22362">olfactory receptor</span>
    </annotation>
    <annotation annotator="Mike Bada, University of Colorado Anschutz Medical Campus" id="GO_MF_2016_02_16_Instance_19427" type="identity">
      <class id="GO_EXT:0004984" label="bearer of olfactory receptor activity"/>
      <span end="22559" id="14611657-765" start="22541">olfactory receptor</span>
    </annotation>
    <annotation annotator="Mike Bada, University of Colorado Anschutz Medical Campus" id="GO_MF_2016_02_16_Instance_19429" type="identity">
      <class id="GO_EXT:0004984" label="bearer of olfactory receptor activity"/>
      <span end="22741" id="14611657-767" start="22723">olfactory receptor</span>
    </annotation>
    <annotation annotator="Mike Bada, University of Colorado Anschutz Medical Campus" id="GO_MF_2016_02_16_Instance_19431" type="identity">
      <class id="GO_EXT:0004984" label="bearer of olfactory receptor activity"/>
      <span end="23634" id="14611657-769" start="23616">olfactory receptor</span>
    </annotation>
    <annotation annotator="Mike Bada, University of Colorado Anschutz Medical Campus" id="GO_MF_2016_02_16_Instance_19433" type="identity">
      <class id="GO_EXT:0004984" label="bearer of olfactory receptor activity"/>
      <span end="24072" id="14611657-771" start="24053">olfactory receptors</span>
    </annotation>
    <annotation annotator="Mike Bada, University of Colorado Anschutz Medical Campus" id="GO_MF_2016_02_16_Instance_19435" type="identity">
      <class id="GO_EXT:0004984" label="bearer of olfactory receptor activity"/>
      <span end="24250" id="14611657-773" start="24232">olfactory receptor</span>
    </annotation>
    <annotation annotator="Mike Bada, University of Colorado Anschutz Medical Campus" id="GO_MF_2016_02_16_Instance_19437" type="identity">
      <class id="GO_EXT:0004984" label="bearer of olfactory receptor activity"/>
      <span end="24488" id="14611657-775" start="24470">olfactory receptor</span>
    </annotation>
    <annotation annotator="Mike Bada, University of Colorado Anschutz Medical Campus" id="GO_MF_2016_02_16_Instance_19439" type="identity">
      <class id="GO_EXT:0004984" label="bearer of olfactory receptor activity"/>
      <span end="24716" id="14611657-777" start="24698">olfactory receptor</span>
    </annotation>
    <annotation annotator="Mike Bada, University of Colorado Anschutz Medical Campus" id="GO_MF_2016_02_16_Instance_19441" type="identity">
      <class id="GO_EXT:0004984" label="bearer of olfactory receptor activity"/>
      <span end="24759" id="14611657-779" start="24740">olfactory receptors</span>
    </annotation>
    <annotation annotator="Mike Bada, University of Colorado Anschutz Medical Campus" id="GO_MF_2016_02_16_Instance_19443" type="identity">
      <class id="GO_EXT:0004984" label="bearer of olfactory receptor activity"/>
      <span end="25189" id="14611657-781" start="25170">olfactory receptors</span>
    </annotation>
    <annotation annotator="Mike Bada, University of Colorado Anschutz Medical Campus" id="GO_MF_2016_02_16_Instance_19445" type="identity">
      <class id="GO_EXT:0004984" label="bearer of olfactory receptor activity"/>
      <span end="25323" id="14611657-783" start="25305">olfactory receptor</span>
    </annotation>
    <annotation annotator="Mike Bada, University of Colorado Anschutz Medical Campus" id="GO_MF_2016_02_16_Instance_19447" type="identity">
      <class id="GO_EXT:0004984" label="bearer of olfactory receptor activity"/>
      <span end="25922" id="14611657-785" start="25903">olfactory receptors</span>
    </annotation>
    <annotation annotator="Mike Bada, University of Colorado Anschutz Medical Campus" id="GO_MF_2016_02_16_Instance_19449" type="identity">
      <class id="GO_EXT:0004984" label="bearer of olfactory receptor activity"/>
      <span end="26380" id="14611657-787" start="26362">olfactory receptor</span>
    </annotation>
    <annotation annotator="Mike Bada, University of Colorado Anschutz Medical Campus" id="GO_MF_2016_02_16_Instance_19451" type="identity">
      <class id="GO_EXT:0004984" label="bearer of olfactory receptor activity"/>
      <span end="26538" id="14611657-789" start="26519">olfactory receptors</span>
    </annotation>
    <annotation annotator="Mike Bada, University of Colorado Anschutz Medical Campus" id="GO_MF_2016_02_16_Instance_19453" type="identity">
      <class id="GO_EXT:0004984" label="bearer of olfactory receptor activity"/>
      <span end="26561" id="14611657-791" start="26543">olfactory receptor</span>
    </annotation>
    <annotation annotator="Mike Bada, University of Colorado Anschutz Medical Campus" id="GO_MF_2016_02_16_Instance_19455" type="identity">
      <class id="GO_EXT:0004984" label="bearer of olfactory receptor activity"/>
      <span end="26641" id="14611657-793" start="26622">olfactory receptors</span>
    </annotation>
    <annotation annotator="Mike Bada, University of Colorado Anschutz Medical Campus" id="GO_MF_2016_02_16_Instance_19457" type="identity">
      <class id="GO_EXT:0004984" label="bearer of olfactory receptor activity"/>
      <span end="26776" id="14611657-795" start="26757">olfactory receptors</span>
    </annotation>
    <annotation annotator="Mike Bada, University of Colorado Anschutz Medical Campus" id="GO_MF_2016_02_16_Instance_19459" type="identity">
      <class id="GO_EXT:0004984" label="bearer of olfactory receptor activity"/>
      <span end="26925" id="14611657-797" start="26906">olfactory receptors</span>
    </annotation>
    <annotation annotator="Mike Bada, University of Colorado Anschutz Medical Campus" id="GO_MF_2016_02_16_Instance_19461" type="identity">
      <class id="GO_EXT:0004984" label="bearer of olfactory receptor activity"/>
      <span end="26969" id="14611657-799" start="26950">olfactory receptors</span>
    </annotation>
    <annotation annotator="Mike Bada, University of Colorado Anschutz Medical Campus" id="GO_MF_2016_02_16_Instance_19463" type="identity">
      <class id="GO_EXT:0004984" label="bearer of olfactory receptor activity"/>
      <span end="27004" id="14611657-801" start="26986">olfactory receptor</span>
    </annotation>
    <annotation annotator="Mike Bada, University of Colorado Anschutz Medical Campus" id="GO_MF_2016_02_16_Instance_19465" type="identity">
      <class id="GO_EXT:0004984" label="bearer of olfactory receptor activity"/>
      <span end="27075" id="14611657-803" start="27056">olfactory receptors</span>
    </annotation>
    <annotation annotator="Mike Bada, University of Colorado Anschutz Medical Campus" id="GO_MF_2016_02_16_Instance_19467" type="identity">
      <class id="GO_EXT:0004984" label="bearer of olfactory receptor activity"/>
      <span end="27197" id="14611657-805" start="27178">olfactory receptors</span>
    </annotation>
    <annotation annotator="Mike Bada, University of Colorado Anschutz Medical Campus" id="GO_MF_2016_02_16_Instance_19469" type="identity">
      <class id="GO_EXT:0004984" label="bearer of olfactory receptor activity"/>
      <span end="27295" id="14611657-807" start="27276">olfactory receptors</span>
    </annotation>
    <annotation annotator="Mike Bada, University of Colorado Anschutz Medical Campus" id="GO_MF_2016_02_16_Instance_19471" type="identity">
      <class id="GO_EXT:0004984" label="bearer of olfactory receptor activity"/>
      <span end="27386" id="14611657-809" start="27368">olfactory receptor</span>
    </annotation>
    <annotation annotator="Mike Bada, University of Colorado Anschutz Medical Campus" id="GO_MF_2016_02_16_Instance_19473" type="identity">
      <class id="GO_EXT:0004984" label="bearer of olfactory receptor activity"/>
      <span end="27500" id="14611657-811" start="27482">olfactory receptor</span>
    </annotation>
    <annotation annotator="Mike Bada, University of Colorado Anschutz Medical Campus" id="GO_MF_2016_02_16_Instance_19475" type="identity">
      <class id="GO_EXT:0004984" label="bearer of olfactory receptor activity"/>
      <span end="27544" id="14611657-813" start="27526">olfactory receptor</span>
    </annotation>
    <annotation annotator="Mike Bada, University of Colorado Anschutz Medical Campus" id="GO_MF_2016_02_16_Instance_19477" type="identity">
      <class id="GO_EXT:0004984" label="bearer of olfactory receptor activity"/>
      <span end="27639" id="14611657-815" start="27621">olfactory receptor</span>
    </annotation>
    <annotation annotator="Mike Bada, University of Colorado Anschutz Medical Campus" id="GO_MF_2016_02_16_Instance_19479" type="identity">
      <class id="GO_EXT:0004984" label="bearer of olfactory receptor activity"/>
      <span end="27730" id="14611657-817" start="27711">olfactory receptors</span>
    </annotation>
    <annotation annotator="Mike Bada, University of Colorado Anschutz Medical Campus" id="GO_MF_2016_02_16_Instance_19481" type="identity">
      <class id="GO_EXT:0004984" label="bearer of olfactory receptor activity"/>
      <span end="27772" id="14611657-819" start="27754">olfactory receptor</span>
    </annotation>
    <annotation annotator="Mike Bada, University of Colorado Anschutz Medical Campus" id="GO_MF_2016_02_16_Instance_19483" type="identity">
      <class id="GO_EXT:0004984" label="bearer of olfactory receptor activity"/>
      <span end="27980" id="14611657-821" start="27961">olfactory receptors</span>
    </annotation>
    <annotation annotator="Mike Bada, University of Colorado Anschutz Medical Campus" id="GO_MF_2016_02_16_Instance_19485" type="identity">
      <class id="GO_EXT:0004984" label="bearer of olfactory receptor activity"/>
      <span end="28459" id="14611657-823" start="28443">odorant receptor</span>
    </annotation>
    <annotation annotator="Mike Bada, University of Colorado Anschutz Medical Campus" id="GO_MF_2016_02_16_Instance_19487" type="identity">
      <class id="GO_EXT:0004984" label="bearer of olfactory receptor activity"/>
      <span end="28493" id="14611657-825" start="28475">olfactory receptor</span>
    </annotation>
    <annotation annotator="Mike Bada, University of Colorado Anschutz Medical Campus" id="GO_MF_2016_02_16_Instance_19489" type="identity">
      <class id="GO_EXT:0004984" label="bearer of olfactory receptor activity"/>
      <span end="28663" id="14611657-827" start="28645">olfactory receptor</span>
    </annotation>
    <annotation annotator="Mike Bada, University of Colorado Anschutz Medical Campus" id="GO_MF_2016_02_16_Instance_19491" type="identity">
      <class id="GO_EXT:0004984" label="bearer of olfactory receptor activity"/>
      <span end="28880" id="14611657-829" start="28862">olfactory receptor</span>
    </annotation>
    <annotation annotator="Mike Bada, University of Colorado Anschutz Medical Campus" id="GO_MF_2016_02_16_Instance_19493" type="identity">
      <class id="GO_EXT:0004984" label="bearer of olfactory receptor activity"/>
      <span end="29027" id="14611657-831" start="29009">olfactory receptor</span>
    </annotation>
    <annotation annotator="" id="GO_MF_2016_02_16_Instance_70299" type="identity">
      <class id="GO_EXT:reverse_transcription_or_reverse_transcriptase" label="reverse transcription or reverse transcriptase"/>
      <span end="29049" id="14611657-1063" start="29047">RT</span>
    </annotation>
    <annotation annotator="Mike Bada, University of Colorado Anschutz Medical Campus" id="GO_MF_2016_02_16_Instance_19495" type="identity">
      <class id="GO_EXT:0004984" label="bearer of olfactory receptor activity"/>
      <span end="29181" id="14611657-833" start="29162">olfactory receptors</span>
    </annotation>
    <annotation annotator="Mike Bada, University of Colorado Anschutz Medical Campus" id="GO_MF_2016_02_16_Instance_19497" type="identity">
      <class id="GO_EXT:0004984" label="bearer of olfactory receptor activity"/>
      <span end="29230" id="14611657-835" start="29212">olfactory receptor</span>
    </annotation>
    <annotation annotator="Mike Bada, University of Colorado Anschutz Medical Campus" id="GO_MF_2016_02_16_Instance_19499" type="identity">
      <class id="GO_EXT:0004984" label="bearer of olfactory receptor activity"/>
      <span end="29462" id="14611657-837" start="29443">olfactory receptors</span>
    </annotation>
    <annotation annotator="Mike Bada, University of Colorado Anschutz Medical Campus" id="GO_MF_2016_02_16_Instance_19501" type="identity">
      <class id="GO_EXT:0004984" label="bearer of olfactory receptor activity"/>
      <span end="29632" id="14611657-839" start="29614">olfactory receptor</span>
    </annotation>
    <annotation annotator="Mike Bada, University of Colorado Anschutz Medical Campus" id="GO_MF_2016_02_16_Instance_19503" type="identity">
      <class id="GO_EXT:0004984" label="bearer of olfactory receptor activity"/>
      <span end="30103" id="14611657-841" start="30085">olfactory receptor</span>
    </annotation>
    <annotation annotator="Mike Bada, University of Colorado Anschutz Medical Campus" id="GO_MF_2016_02_16_Instance_19505" type="identity">
      <class id="GO_EXT:0004984" label="bearer of olfactory receptor activity"/>
      <span end="30194" id="14611657-843" start="30176">olfactory receptor</span>
    </annotation>
    <annotation annotator="Mike Bada, University of Colorado Anschutz Medical Campus" id="GO_MF_2016_02_16_Instance_19507" type="identity">
      <class id="GO_EXT:0004984" label="bearer of olfactory receptor activity"/>
      <span end="30247" id="14611657-845" start="30229">olfactory receptor</span>
    </annotation>
    <annotation annotator="Mike Bada, University of Colorado Anschutz Medical Campus" id="GO_MF_2016_02_16_Instance_19509" type="identity">
      <class id="GO_EXT:0004984" label="bearer of olfactory receptor activity"/>
      <span end="30704" id="14611657-847" start="30686">olfactory receptor</span>
    </annotation>
    <annotation annotator="Mike Bada, University of Colorado Anschutz Medical Campus" id="GO_MF_2016_02_16_Instance_19511" type="identity">
      <class id="GO_EXT:0004984" label="bearer of olfactory receptor activity"/>
      <span end="30830" id="14611657-849" start="30812">olfactory receptor</span>
    </annotation>
    <annotation annotator="Mike Bada, University of Colorado Anschutz Medical Campus" id="GO_MF_2016_02_16_Instance_19513" type="identity">
      <class id="GO_EXT:0004984" label="bearer of olfactory receptor activity"/>
      <span end="30886" id="14611657-851" start="30868">olfactory receptor</span>
    </annotation>
    <annotation annotator="Mike Bada, University of Colorado Anschutz Medical Campus" id="GO_MF_2016_02_16_Instance_19515" type="identity">
      <class id="GO_EXT:0004984" label="bearer of olfactory receptor activity"/>
      <span end="30984" id="14611657-853" start="30965">olfactory receptors</span>
    </annotation>
    <annotation annotator="Mike Bada, University of Colorado Anschutz Medical Campus" id="GO_MF_2016_02_16_Instance_19517" type="identity">
      <class id="GO_EXT:0004984" label="bearer of olfactory receptor activity"/>
      <span end="31200" id="14611657-855" start="31181">olfactory receptors</span>
    </annotation>
    <annotation annotator="Mike Bada, University of Colorado Anschutz Medical Campus" id="GO_MF_2016_02_16_Instance_19519" type="identity">
      <class id="GO_EXT:0004984" label="bearer of olfactory receptor activity"/>
      <span end="31282" id="14611657-857" start="31263">olfactory receptors</span>
    </annotation>
    <annotation annotator="Mike Bada, University of Colorado Anschutz Medical Campus" id="GO_MF_2016_02_16_Instance_19521" type="identity">
      <class id="GO_EXT:0004984" label="bearer of olfactory receptor activity"/>
      <span end="31344" id="14611657-859" start="31326">olfactory receptor</span>
    </annotation>
    <annotation annotator="Mike Bada, University of Colorado Anschutz Medical Campus" id="GO_MF_2016_02_16_Instance_19523" type="identity">
      <class id="GO_EXT:0004984" label="bearer of olfactory receptor activity"/>
      <span end="31468" id="14611657-861" start="31449">olfactory receptors</span>
    </annotation>
    <annotation annotator="Mike Bada, University of Colorado Anschutz Medical Campus" id="GO_MF_2016_02_16_Instance_19525" type="identity">
      <class id="GO_EXT:0004984" label="bearer of olfactory receptor activity"/>
      <span end="31599" id="14611657-863" start="31581">olfactory receptor</span>
    </annotation>
    <annotation annotator="Mike Bada, University of Colorado Anschutz Medical Campus" id="GO_MF_2016_02_16_Instance_19527" type="identity">
      <class id="GO_EXT:0004984" label="bearer of olfactory receptor activity"/>
      <span end="31663" id="14611657-865" start="31645">olfactory receptor</span>
    </annotation>
    <annotation annotator="Mike Bada, University of Colorado Anschutz Medical Campus" id="GO_MF_2016_02_16_Instance_19529" type="identity">
      <class id="GO_EXT:0004984" label="bearer of olfactory receptor activity"/>
      <span end="31765" id="14611657-867" start="31747">olfactory receptor</span>
    </annotation>
    <annotation annotator="Mike Bada, University of Colorado Anschutz Medical Campus" id="GO_MF_2016_02_16_Instance_19531" type="identity">
      <class id="GO_EXT:0004984" label="bearer of olfactory receptor activity"/>
      <span end="31843" id="14611657-869" start="31825">olfactory receptor</span>
    </annotation>
    <annotation annotator="Mike Bada, University of Colorado Anschutz Medical Campus" id="GO_MF_2016_02_16_Instance_19533" type="identity">
      <class id="GO_EXT:0004984" label="bearer of olfactory receptor activity"/>
      <span end="31931" id="14611657-871" start="31913">olfactory receptor</span>
    </annotation>
    <annotation annotator="Mike Bada, University of Colorado Anschutz Medical Campus" id="GO_MF_2016_02_16_Instance_19535" type="identity">
      <class id="GO_EXT:0004984" label="bearer of olfactory receptor activity"/>
      <span end="32016" id="14611657-873" start="31998">olfactory receptor</span>
    </annotation>
    <annotation annotator="Mike Bada, University of Colorado Anschutz Medical Campus" id="GO_MF_2016_02_16_Instance_19537" type="identity">
      <class id="GO_EXT:0004984" label="bearer of olfactory receptor activity"/>
      <span end="32072" id="14611657-875" start="32054">olfactory receptor</span>
    </annotation>
    <annotation annotator="Mike Bada, University of Colorado Anschutz Medical Campus" id="GO_MF_2016_02_16_Instance_19539" type="identity">
      <class id="GO_EXT:0004984" label="bearer of olfactory receptor activity"/>
      <span end="32156" id="14611657-877" start="32138">olfactory receptor</span>
    </annotation>
    <annotation annotator="Mike Bada, University of Colorado Anschutz Medical Campus" id="GO_MF_2016_02_16_Instance_19541" type="identity">
      <class id="GO_EXT:0004984" label="bearer of olfactory receptor activity"/>
      <span end="32344" id="14611657-879" start="32325">olfactory receptors</span>
    </annotation>
    <annotation annotator="Mike Bada, University of Colorado Anschutz Medical Campus" id="GO_MF_2016_02_16_Instance_19543" type="identity">
      <class id="GO_EXT:0004984" label="bearer of olfactory receptor activity"/>
      <span end="32402" id="14611657-881" start="32383">olfactory receptors</span>
    </annotation>
    <annotation annotator="Mike Bada, University of Colorado Anschutz Medical Campus" id="GO_MF_2016_02_16_Instance_19545" type="identity">
      <class id="GO_EXT:0004984" label="bearer of olfactory receptor activity"/>
      <span end="32526" id="14611657-883" start="32508">olfactory receptor</span>
    </annotation>
    <annotation annotator="Mike Bada, University of Colorado Anschutz Medical Campus" id="GO_MF_2016_02_16_Instance_19547" type="identity">
      <class id="GO_EXT:0004984" label="bearer of olfactory receptor activity"/>
      <span end="32670" id="14611657-885" start="32652">olfactory receptor</span>
    </annotation>
    <annotation annotator="Mike Bada, University of Colorado Anschutz Medical Campus" id="GO_MF_2016_02_16_Instance_19549" type="identity">
      <class id="GO_EXT:0004984" label="bearer of olfactory receptor activity"/>
      <span end="32801" id="14611657-887" start="32783">olfactory receptor</span>
    </annotation>
    <annotation annotator="Mike Bada, University of Colorado Anschutz Medical Campus" id="GO_MF_2016_02_16_Instance_19551" type="identity">
      <class id="GO_EXT:0004984" label="bearer of olfactory receptor activity"/>
      <span end="33033" id="14611657-889" start="33014">olfactory receptors</span>
    </annotation>
    <annotation annotator="" id="GO_MF_2016_02_16_Instance_70301" type="identity">
      <class id="GO:0097617" label="annealing activity"/>
      <span end="33277" id="14611657-1065" start="33263">hybridizations</span>
    </annotation>
    <annotation annotator="Mike Bada, University of Colorado Anschutz Medical Campus" id="GO_MF_2016_02_16_Instance_19553" type="identity">
      <class id="GO_EXT:0004984" label="bearer of olfactory receptor activity"/>
      <span end="33319" id="14611657-891" start="33301">olfactory receptor</span>
    </annotation>
    <annotation annotator="Mike Bada, University of Colorado Anschutz Medical Campus" id="GO_MF_2016_02_16_Instance_19555" type="identity">
      <class id="GO_EXT:0004984" label="bearer of olfactory receptor activity"/>
      <span end="33485" id="14611657-893" start="33466">olfactory receptors</span>
    </annotation>
    <annotation annotator="Mike Bada, University of Colorado Anschutz Medical Campus" id="GO_MF_2016_02_16_Instance_19557" type="identity">
      <class id="GO_EXT:0004984" label="bearer of olfactory receptor activity"/>
      <span end="33580" id="14611657-895" start="33561">olfactory receptors</span>
    </annotation>
    <annotation annotator="Mike Bada, University of Colorado Anschutz Medical Campus" id="GO_MF_2016_02_16_Instance_19559" type="identity">
      <class id="GO_EXT:0004984" label="bearer of olfactory receptor activity"/>
      <span end="33840" id="14611657-897" start="33822">olfactory receptor</span>
    </annotation>
    <annotation annotator="Mike Bada, University of Colorado Anschutz Medical Campus" id="GO_MF_2016_02_16_Instance_19561" type="identity">
      <class id="GO_EXT:0004984" label="bearer of olfactory receptor activity"/>
      <span end="34031" id="14611657-899" start="34013">olfactory receptor</span>
    </annotation>
    <annotation annotator="Mike Bada, University of Colorado Anschutz Medical Campus" id="GO_MF_2016_02_16_Instance_19563" type="identity">
      <class id="GO_EXT:0004984" label="bearer of olfactory receptor activity"/>
      <span end="34149" id="14611657-901" start="34130">olfactory receptors</span>
    </annotation>
    <annotation annotator="Mike Bada, University of Colorado Anschutz Medical Campus" id="GO_MF_2016_02_16_Instance_19565" type="identity">
      <class id="GO_EXT:0004984" label="bearer of olfactory receptor activity"/>
      <span end="34402" id="14611657-903" start="34383">olfactory receptors</span>
    </annotation>
    <annotation annotator="" id="GO_MF_2016_02_16_Instance_70303" type="identity">
      <class id="GO_EXT:0004984" label="bearer of olfactory receptor activity"/>
      <span end="34436" id="14611657-1067" start="34418">olfactory receptor</span>
    </annotation>
    <annotation annotator="Mike Bada, University of Colorado Anschutz Medical Campus" id="GO_MF_2016_02_16_Instance_19567" type="identity">
      <class id="GO_EXT:0004984" label="bearer of olfactory receptor activity"/>
      <span end="34711" id="14611657-905" start="34693">olfactory receptor</span>
    </annotation>
    <annotation annotator="Mike Bada, University of Colorado Anschutz Medical Campus" id="GO_MF_2016_02_16_Instance_19569" type="identity">
      <class id="GO_EXT:0004984" label="bearer of olfactory receptor activity"/>
      <span end="35177" id="14611657-907" start="35159">olfactory receptor</span>
    </annotation>
    <annotation annotator="Mike Bada, University of Colorado Anschutz Medical Campus" id="GO_MF_2016_02_16_Instance_19571" type="identity">
      <class id="GO_EXT:0004984" label="bearer of olfactory receptor activity"/>
      <span end="35241" id="14611657-909" start="35223">olfactory receptor</span>
    </annotation>
    <annotation annotator="Mike Bada, University of Colorado Anschutz Medical Campus" id="GO_MF_2016_02_16_Instance_19573" type="identity">
      <class id="GO_EXT:0004984" label="bearer of olfactory receptor activity"/>
      <span end="35392" id="14611657-911" start="35374">olfactory receptor</span>
    </annotation>
    <annotation annotator="Mike Bada, University of Colorado Anschutz Medical Campus" id="GO_MF_2016_02_16_Instance_19575" type="identity">
      <class id="GO_EXT:0004984" label="bearer of olfactory receptor activity"/>
      <span end="35586" id="14611657-913" start="35568">olfactory receptor</span>
    </annotation>
    <annotation annotator="Mike Bada, University of Colorado Anschutz Medical Campus" id="GO_MF_2016_02_16_Instance_19577" type="identity">
      <class id="GO_EXT:0004984" label="bearer of olfactory receptor activity"/>
      <span end="35749" id="14611657-915" start="35731">olfactory receptor</span>
    </annotation>
    <annotation annotator="Mike Bada, University of Colorado Anschutz Medical Campus" id="GO_MF_2016_02_16_Instance_19579" type="identity">
      <class id="GO_EXT:0004872" label="bearer of receptor activity"/>
      <span end="35947" id="14611657-917" start="35939">receptor</span>
    </annotation>
    <annotation annotator="Mike Bada, University of Colorado Anschutz Medical Campus" id="GO_MF_2016_02_16_Instance_19581" type="identity">
      <class id="GO_EXT:0004984" label="bearer of olfactory receptor activity"/>
      <span end="36170" id="14611657-919" start="36152">olfactory receptor</span>
    </annotation>
    <annotation annotator="Mike Bada, University of Colorado Anschutz Medical Campus" id="GO_MF_2016_02_16_Instance_19583" type="identity">
      <class id="GO_EXT:0004984" label="bearer of olfactory receptor activity"/>
      <span end="36494" id="14611657-921" start="36476">olfactory receptor</span>
    </annotation>
    <annotation annotator="Mike Bada, University of Colorado Anschutz Medical Campus" id="GO_MF_2016_02_16_Instance_19585" type="identity">
      <class id="GO_EXT:0004984" label="bearer of olfactory receptor activity"/>
      <span end="36572" id="14611657-923" start="36553">olfactory receptors</span>
    </annotation>
    <annotation annotator="Mike Bada, University of Colorado Anschutz Medical Campus" id="GO_MF_2016_02_16_Instance_19587" type="identity">
      <class id="GO_EXT:0004984" label="bearer of olfactory receptor activity"/>
      <span end="36855" id="14611657-925" start="36837">olfactory receptor</span>
    </annotation>
    <annotation annotator="Mike Bada, University of Colorado Anschutz Medical Campus" id="GO_MF_2016_02_16_Instance_19589" type="identity">
      <class id="GO_EXT:0004984" label="bearer of olfactory receptor activity"/>
      <span end="36927" id="14611657-927" start="36909">olfactory receptor</span>
    </annotation>
    <annotation annotator="Mike Bada, University of Colorado Anschutz Medical Campus" id="GO_MF_2016_02_16_Instance_19591" type="identity">
      <class id="GO_EXT:0004984" label="bearer of olfactory receptor activity"/>
      <span end="37128" id="14611657-929" start="37109">olfactory receptors</span>
    </annotation>
    <annotation annotator="Mike Bada, University of Colorado Anschutz Medical Campus" id="GO_MF_2016_02_16_Instance_19593" type="identity">
      <class id="GO_EXT:0004984" label="bearer of olfactory receptor activity"/>
      <span end="37307" id="14611657-931" start="37289">olfactory receptor</span>
    </annotation>
    <annotation annotator="Mike Bada, University of Colorado Anschutz Medical Campus" id="GO_MF_2016_02_16_Instance_19595" type="identity">
      <class id="GO_EXT:0004984" label="bearer of olfactory receptor activity"/>
      <span end="37532" id="14611657-933" start="37514">olfactory receptor</span>
    </annotation>
    <annotation annotator="Mike Bada, University of Colorado Anschutz Medical Campus" id="GO_MF_2016_02_16_Instance_19597" type="identity">
      <class id="GO_EXT:0004984" label="bearer of olfactory receptor activity"/>
      <span end="37663" id="14611657-935" start="37645">olfactory receptor</span>
    </annotation>
    <annotation annotator="Mike Bada, University of Colorado Anschutz Medical Campus" id="GO_MF_2016_02_16_Instance_19599" type="identity">
      <class id="GO_EXT:0004984" label="bearer of olfactory receptor activity"/>
      <span end="37828" id="14611657-937" start="37809">olfactory receptors</span>
    </annotation>
    <annotation annotator="Mike Bada, University of Colorado Anschutz Medical Campus" id="GO_MF_2016_02_16_Instance_19601" type="identity">
      <class id="GO_EXT:0004984" label="bearer of olfactory receptor activity"/>
      <span end="37888" id="14611657-939" start="37870">olfactory receptor</span>
    </annotation>
    <annotation annotator="Mike Bada, University of Colorado Anschutz Medical Campus" id="GO_MF_2016_02_16_Instance_19603" type="identity">
      <class id="GO_EXT:0004984" label="bearer of olfactory receptor activity"/>
      <span end="37956" id="14611657-941" start="37938">olfactory receptor</span>
    </annotation>
    <annotation annotator="Mike Bada, University of Colorado Anschutz Medical Campus" id="GO_MF_2016_02_16_Instance_19605" type="identity">
      <class id="GO_EXT:0004984" label="bearer of olfactory receptor activity"/>
      <span end="38032" id="14611657-943" start="38014">olfactory receptor</span>
    </annotation>
    <annotation annotator="Mike Bada, University of Colorado Anschutz Medical Campus" id="GO_MF_2016_02_16_Instance_19607" type="identity">
      <class id="GO_EXT:0004984" label="bearer of olfactory receptor activity"/>
      <span end="38151" id="14611657-945" start="38133">olfactory receptor</span>
    </annotation>
    <annotation annotator="Mike Bada, University of Colorado Anschutz Medical Campus" id="GO_MF_2016_02_16_Instance_19609" type="identity">
      <class id="GO_EXT:0004984" label="bearer of olfactory receptor activity"/>
      <span end="38226" id="14611657-947" start="38208">olfactory receptor</span>
    </annotation>
    <annotation annotator="Mike Bada, University of Colorado Anschutz Medical Campus" id="GO_MF_2016_02_16_Instance_19611" type="identity">
      <class id="GO_EXT:0004872" label="bearer of receptor activity"/>
      <span end="38265" id="14611657-949" start="38257">receptor</span>
    </annotation>
    <annotation annotator="Mike Bada, University of Colorado Anschutz Medical Campus" id="GO_MF_2016_02_16_Instance_19613" type="identity">
      <class id="GO_EXT:0004984" label="bearer of olfactory receptor activity"/>
      <span end="38340" id="14611657-951" start="38322">olfactory receptor</span>
    </annotation>
    <annotation annotator="Mike Bada, University of Colorado Anschutz Medical Campus" id="GO_MF_2016_02_16_Instance_19615" type="identity">
      <class id="GO_EXT:0004984" label="bearer of olfactory receptor activity"/>
      <span end="38641" id="14611657-953" start="38623">olfactory receptor</span>
    </annotation>
    <annotation annotator="Mike Bada, University of Colorado Anschutz Medical Campus" id="GO_MF_2016_02_16_Instance_19617" type="identity">
      <class id="GO_EXT:0004984" label="bearer of olfactory receptor activity"/>
      <span end="38719" id="14611657-955" start="38701">olfactory receptor</span>
    </annotation>
    <annotation annotator="" id="GO_MF_2016_02_16_Instance_70305" type="identity">
      <class id="GO:0097617" label="annealing activity"/>
      <span end="39407" id="14611657-1069" start="39394">Hybridization</span>
    </annotation>
    <annotation annotator="" id="GO_MF_2016_02_16_Instance_70307" type="identity">
      <class id="GO:0097617" label="annealing activity"/>
      <span end="39552" id="14611657-1071" start="39543">annealing</span>
    </annotation>
    <annotation annotator="" id="GO_MF_2016_02_16_Instance_70309" type="identity">
      <class id="GO:0097617" label="annealing activity"/>
      <span end="39612" id="14611657-1073" start="39599">hybridization</span>
    </annotation>
    <annotation annotator="" id="GO_MF_2016_02_16_Instance_110306" type="identity">
      <class id="GO_EXT:polymerase" label="polymerase"/>
      <span end="40341" id="14611657-501" start="40331">polymerase</span>
    </annotation>
    <annotation annotator="Mike Bada, University of Colorado Anschutz Medical Campus" id="GO_MF_2016_02_16_Instance_19621" type="identity">
      <class id="GO_EXT:0004984" label="bearer of olfactory receptor activity"/>
      <span end="40516" id="14611657-957" start="40498">olfactory receptor</span>
    </annotation>
    <annotation annotator="Mike Bada, University of Colorado Anschutz Medical Campus" id="GO_MF_2016_02_16_Instance_19623" type="identity">
      <class id="GO_EXT:0004984" label="bearer of olfactory receptor activity"/>
      <span end="40562" id="14611657-959" start="40544">olfactory receptor</span>
    </annotation>
    <annotation annotator="Mike Bada, University of Colorado Anschutz Medical Campus" id="GO_MF_2016_02_16_Instance_19625" type="identity">
      <class id="GO_EXT:0004984" label="bearer of olfactory receptor activity"/>
      <span end="41468" id="14611657-961" start="41450">olfactory receptor</span>
    </annotation>
    <annotation annotator="Mike Bada, University of Colorado Anschutz Medical Campus" id="GO_MF_2016_02_16_Instance_19627" type="identity">
      <class id="GO_EXT:0004984" label="bearer of olfactory receptor activity"/>
      <span end="43915" id="14611657-963" start="43897">olfactory receptor</span>
    </annotation>
    <annotation annotator="Mike Bada, University of Colorado Anschutz Medical Campus" id="GO_MF_2016_02_16_Instance_19629" type="identity">
      <class id="GO_EXT:0004984" label="bearer of olfactory receptor activity"/>
      <span end="43980" id="14611657-965" start="43961">olfactory receptors</span>
    </annotation>
    <annotation annotator="Mike Bada, University of Colorado Anschutz Medical Campus" id="GO_MF_2016_02_16_Instance_19631" type="identity">
      <class id="GO_EXT:0004984" label="bearer of olfactory receptor activity"/>
      <span end="44058" id="14611657-967" start="44040">olfactory receptor</span>
    </annotation>
    <annotation annotator="Mike Bada, University of Colorado Anschutz Medical Campus" id="GO_MF_2016_02_16_Instance_19633" type="identity">
      <class id="GO_EXT:0004984" label="bearer of olfactory receptor activity"/>
      <span end="44216" id="14611657-969" start="44197">olfactory receptors</span>
    </annotation>
    <annotation annotator="" id="GO_MF_2016_02_16_Instance_70311" type="identity">
      <class id="GO_EXT:reverse_transcription_or_reverse_transcriptase" label="reverse transcription or reverse transcriptase"/>
      <span end="45101" id="14611657-1075" start="45099">RT</span>
    </annotation>
    <annotation annotator="Mike Bada, University of Colorado Anschutz Medical Campus" id="GO_MF_2016_02_16_Instance_19635" type="identity">
      <class id="GO_EXT:0004536" label="bearer of deoxyribonuclease activity"/>
      <span end="45332" id="14611657-971" start="45327">DNase</span>
    </annotation>
    <annotation annotator="Mike Bada, University of Colorado Anschutz Medical Campus" id="GO_MF_2016_02_16_Instance_19637" type="identity">
      <class id="GO_EXT:0003964" label="bearer of RNA-directed DNA polymerase activity"/>
      <span end="45495" id="14611657-973" start="45474">reverse transcriptase</span>
    </annotation>
    <annotation annotator="Mike Bada, University of Colorado Anschutz Medical Campus" id="GO_MF_2016_02_16_Instance_19639" type="identity">
      <class id="GO_EXT:0004984" label="bearer of olfactory receptor activity"/>
      <span end="45727" id="14611657-975" start="45708">olfactory receptors</span>
    </annotation>
    <annotation annotator="" id="GO_MF_2016_02_16_Instance_70313" type="identity">
      <class id="GO:0097617" label="annealing activity"/>
      <span end="45833" id="14611657-1077" start="45824">annealing</span>
    </annotation>
    <annotation annotator="Mike Bada, University of Colorado Anschutz Medical Campus" id="GO_MF_2016_02_16_Instance_19643" type="identity">
      <class id="GO_EXT:0004984" label="bearer of olfactory receptor activity"/>
      <span end="46026" id="14611657-977" start="46008">olfactory receptor</span>
    </annotation>
    <annotation annotator="Mike Bada, University of Colorado Anschutz Medical Campus" id="GO_MF_2016_02_16_Instance_19645" type="identity">
      <class id="GO_EXT:0003964" label="bearer of RNA-directed DNA polymerase activity"/>
      <span end="46239" id="14611657-979" start="46218">reverse transcriptase</span>
    </annotation>
    <annotation annotator="Mike Bada, University of Colorado Anschutz Medical Campus" id="GO_MF_2016_02_16_Instance_19647" type="identity">
      <class id="GO_EXT:0003964" label="bearer of RNA-directed DNA polymerase activity"/>
      <span end="47251" id="14611657-981" start="47230">reverse transcriptase</span>
    </annotation>
    <annotation annotator="" id="GO_MF_2016_02_16_Instance_70315" type="identity">
      <class id="GO:0097617" label="annealing activity"/>
      <span end="47472" id="14611657-1079" start="47459">hybridization</span>
    </annotation>
    <annotation annotator="" id="GO_MF_2016_02_16_Instance_70323" type="identity">
      <class id="GO:0097617" label="annealing activity"/>
      <span end="47615" id="14611657-1087" start="47602">hybridization</span>
    </annotation>
    <annotation annotator="" id="GO_MF_2016_02_16_Instance_70317" type="identity">
      <class id="GO:0097617" label="annealing activity"/>
      <span end="48032" id="14611657-1081" start="48019">Hybridization</span>
    </annotation>
    <annotation annotator="" id="GO_MF_2016_02_16_Instance_70319" type="identity">
      <class id="GO:0097617" label="annealing activity"/>
      <span end="48161" id="14611657-1083" start="48152">hybridize</span>
    </annotation>
    <annotation annotator="Mike Bada, University of Colorado Anschutz Medical Campus" id="GO_MF_2016_02_16_Instance_19649" type="identity">
      <class id="GO_EXT:0004984" label="bearer of olfactory receptor activity"/>
      <span end="48261" id="14611657-983" start="48243">olfactory receptor</span>
    </annotation>
    <annotation annotator="" id="GO_MF_2016_02_16_Instance_70321" type="identity">
      <class id="GO:0097617" label="annealing activity"/>
      <span end="48475" id="14611657-1085" start="48464">hybridizing</span>
    </annotation>
    <annotation annotator="Mike Bada, University of Colorado Anschutz Medical Campus" id="GO_MF_2016_02_16_Instance_19651" type="identity">
      <class id="GO_EXT:0004984" label="bearer of olfactory receptor activity"/>
      <span end="48532" id="14611657-985" start="48514">olfactory receptor</span>
    </annotation>
    <annotation annotator="Mike Bada, University of Colorado Anschutz Medical Campus" id="GO_MF_2016_02_16_Instance_19653" type="identity">
      <class id="GO_EXT:0004984" label="bearer of olfactory receptor activity"/>
      <span end="48615" id="14611657-987" start="48597">olfactory receptor</span>
    </annotation>
    <annotation annotator="Mike Bada, University of Colorado Anschutz Medical Campus" id="GO_MF_2016_02_16_Instance_19655" type="identity">
      <class id="GO_EXT:0004984" label="bearer of olfactory receptor activity"/>
      <span end="48829" id="14611657-989" start="48811">olfactory receptor</span>
    </annotation>
    <annotation annotator="" id="GO_MF_2016_02_16_Instance_70325" type="identity">
      <class id="GO_EXT:reverse_transcription_or_reverse_transcriptase" label="reverse transcription or reverse transcriptase"/>
      <span end="48841" id="14611657-1089" start="48839">RT</span>
    </annotation>
    <annotation annotator="Mike Bada, University of Colorado Anschutz Medical Campus" id="GO_MF_2016_02_16_Instance_19657" type="identity">
      <class id="GO_EXT:0004984" label="bearer of olfactory receptor activity"/>
      <span end="49136" id="14611657-991" start="49118">olfactory receptor</span>
    </annotation>
    <annotation annotator="" id="GO_MF_2016_02_16_Instance_70327" type="identity">
      <class id="GO_EXT:reverse_transcription_or_reverse_transcriptase" label="reverse transcription or reverse transcriptase"/>
      <span end="49148" id="14611657-1091" start="49146">RT</span>
    </annotation>
    <annotation annotator="Mike Bada, University of Colorado Anschutz Medical Campus" id="GO_MF_2016_02_16_Instance_19659" type="identity">
      <class id="GO_EXT:0004984" label="bearer of olfactory receptor activity"/>
      <span end="49945" id="14611657-993" start="49927">Olfactory receptor</span>
    </annotation>
    <annotation annotator="Mike Bada, University of Colorado Anschutz Medical Campus" id="GO_MF_2016_02_16_Instance_19661" type="identity">
      <class id="GO_EXT:0004984" label="bearer of olfactory receptor activity"/>
      <span end="50174" id="14611657-995" start="50155">olfactory receptors</span>
    </annotation>
    <annotation annotator="" id="GO_MF_2016_02_16_Instance_70329" type="identity">
      <class id="GO_EXT:reverse_transcription_or_reverse_transcriptase" label="reverse transcription or reverse transcriptase"/>
      <span end="50425" id="14611657-1093" start="50423">RT</span>
    </annotation>
    <annotation annotator="Mike Bada, University of Colorado Anschutz Medical Campus" id="GO_MF_2016_02_16_Instance_19663" type="identity">
      <class id="GO_EXT:0004984" label="bearer of olfactory receptor activity"/>
      <span end="50543" id="14611657-997" start="50524">olfactory receptors</span>
    </annotation>
    <annotation annotator="" id="GO_MF_2016_02_16_Instance_70331" type="identity">
      <class id="GO_EXT:0008009" label="bearer of chemokine activity"/>
      <span end="50577" id="14611657-1095" start="50568">chemokine</span>
    </annotation>
    <annotation annotator="Mike Bada, University of Colorado Anschutz Medical Campus" id="GO_MF_2016_02_16_Instance_19667" type="identity">
      <class id="GO_EXT:0004984" label="bearer of olfactory receptor activity"/>
      <span end="50632" id="14611657-999" start="50613">olfactory receptors</span>
    </annotation>
    <annotation annotator="Mike Bada, University of Colorado Anschutz Medical Campus" id="GO_MF_2016_02_16_Instance_19669" type="identity">
      <class id="GO_EXT:0004984" label="bearer of olfactory receptor activity"/>
      <span end="50685" id="14611657-1001" start="50666">olfactory receptors</span>
    </annotation>
    <annotation annotator="Mike Bada, University of Colorado Anschutz Medical Campus" id="GO_MF_2016_02_16_Instance_19671" type="identity">
      <class id="GO_EXT:0004984" label="bearer of olfactory receptor activity"/>
      <span end="50797" id="14611657-1003" start="50778">olfactory receptors</span>
    </annotation>
    <annotation annotator="Mike Bada, University of Colorado Anschutz Medical Campus" id="GO_MF_2016_02_16_Instance_19673" type="identity">
      <class id="GO_EXT:0004984" label="bearer of olfactory receptor activity"/>
      <span end="50900" id="14611657-1005" start="50882">olfactory receptor</span>
    </annotation>
    <annotation annotator="Mike Bada, University of Colorado Anschutz Medical Campus" id="GO_MF_2016_02_16_Instance_19675" type="identity">
      <class id="GO_EXT:0004984" label="bearer of olfactory receptor activity"/>
      <span end="50936" id="14611657-1007" start="50918">olfactory receptor</span>
    </annotation>
    <annotation annotator="Mike Bada, University of Colorado Anschutz Medical Campus" id="GO_MF_2016_02_16_Instance_19677" type="identity">
      <class id="GO_EXT:0004984" label="bearer of olfactory receptor activity"/>
      <span end="51058" id="14611657-1009" start="51040">olfactory receptor</span>
    </annotation>
    <annotation annotator="Mike Bada, University of Colorado Anschutz Medical Campus" id="GO_MF_2016_02_16_Instance_19679" type="identity">
      <class id="GO_EXT:0004984" label="bearer of olfactory receptor activity"/>
      <span end="51140" id="14611657-1011" start="51122">olfactory receptor</span>
    </annotation>
    <annotation annotator="Mike Bada, University of Colorado Anschutz Medical Campus" id="GO_MF_2016_02_16_Instance_19681" type="identity">
      <class id="GO_EXT:0004984" label="bearer of olfactory receptor activity"/>
      <span end="51266" id="14611657-1013" start="51248">olfactory receptor</span>
    </annotation>
    <annotation annotator="Mike Bada, University of Colorado Anschutz Medical Campus" id="GO_MF_2016_02_16_Instance_19683" type="identity">
      <class id="GO_EXT:0004984" label="bearer of olfactory receptor activity"/>
      <span end="51822" id="14611657-1015" start="51803">olfactory receptors</span>
    </annotation>
    <annotation annotator="Mike Bada, University of Colorado Anschutz Medical Campus" id="GO_MF_2016_02_16_Instance_19685" type="identity">
      <class id="GO_EXT:0004984" label="bearer of olfactory receptor activity"/>
      <span end="52209" id="14611657-1017" start="52190">Olfactory receptors</span>
    </annotation>
    <annotation annotator="Mike Bada, University of Colorado Anschutz Medical Campus" id="GO_MF_2016_02_16_Instance_19687" type="identity">
      <class id="GO_EXT:0004984" label="bearer of olfactory receptor activity"/>
      <span end="52309" id="14611657-1019" start="52290">olfactory receptors</span>
    </annotation>
    <annotation annotator="" id="GO_MF_2016_02_16_Instance_70333" type="identity">
      <class id="GO:0097617" label="annealing activity"/>
      <span end="52425" id="14611657-1097" start="52412">hybridization</span>
    </annotation>
    <annotation annotator="Mike Bada, University of Colorado Anschutz Medical Campus" id="GO_MF_2016_02_16_Instance_19689" type="identity">
      <class id="GO_EXT:0004984" label="bearer of olfactory receptor activity"/>
      <span end="52745" id="14611657-1021" start="52727">olfactory receptor</span>
    </annotation>
    <annotation annotator="Mike Bada, University of Colorado Anschutz Medical Campus" id="GO_MF_2016_02_16_Instance_19691" type="identity">
      <class id="GO_EXT:0004984" label="bearer of olfactory receptor activity"/>
      <span end="52871" id="14611657-1023" start="52852">olfactory receptors</span>
    </annotation>
    <annotation annotator="Mike Bada, University of Colorado Anschutz Medical Campus" id="GO_MF_2016_02_16_Instance_19693" type="identity">
      <class id="GO_EXT:0004984" label="bearer of olfactory receptor activity"/>
      <span end="52961" id="14611657-1025" start="52943">olfactory receptor</span>
    </annotation>
    <annotation annotator="Mike Bada, University of Colorado Anschutz Medical Campus" id="GO_MF_2016_02_16_Instance_19695" type="identity">
      <class id="GO_EXT:0004984" label="bearer of olfactory receptor activity"/>
      <span end="53079" id="14611657-1027" start="53061">olfactory receptor</span>
    </annotation>
    <annotation annotator="Mike Bada, University of Colorado Anschutz Medical Campus" id="GO_MF_2016_02_16_Instance_19697" type="identity">
      <class id="GO_EXT:0004984" label="bearer of olfactory receptor activity"/>
      <span end="53369" id="14611657-1029" start="53350">olfactory receptors</span>
    </annotation>
    <annotation annotator="Mike Bada, University of Colorado Anschutz Medical Campus" id="GO_MF_2016_02_16_Instance_19699" type="identity">
      <class id="GO_EXT:0004984" label="bearer of olfactory receptor activity"/>
      <span end="53934" id="14611657-1031" start="53915">olfactory receptors</span>
    </annotation>
    <annotation annotator="Mike Bada, University of Colorado Anschutz Medical Campus" id="GO_MF_2016_02_16_Instance_19701" type="identity">
      <class id="GO_EXT:0004984" label="bearer of olfactory receptor activity"/>
      <span end="54106" id="14611657-1033" start="54088">olfactory receptor</span>
    </annotation>
    <annotation annotator="Mike Bada, University of Colorado Anschutz Medical Campus" id="GO_MF_2016_02_16_Instance_19703" type="identity">
      <class id="GO_EXT:0004984" label="bearer of olfactory receptor activity"/>
      <span end="54798" id="14611657-1035" start="54780">olfactory receptor</span>
    </annotation>
    <annotation annotator="Mike Bada, University of Colorado Anschutz Medical Campus" id="GO_MF_2016_02_16_Instance_19705" type="identity">
      <class id="GO_EXT:0004984" label="bearer of olfactory receptor activity"/>
      <span end="55002" id="14611657-1037" start="54983">olfactory receptors</span>
    </annotation>
    <annotation annotator="" id="GO_MF_2016_02_16_Instance_70335" type="identity">
      <class id="GO:0097617" label="annealing activity"/>
      <span end="55204" id="14611657-1099" start="55195">annealing</span>
    </annotation>
    <graph-space id="Old Knowtator Relations"/>
  </document>
</knowtator-project>
