<?xml version="1.0" encoding="UTF-8" standalone="no"?>
<knowtator-project>
    <document id="14723793" text-file="14723793.txt">
        <annotation annotator="" id="GO_MF_2016_02_16_Instance_80272" type="identity">
            <class id="GO_EXT:reverse_transcription_or_reverse_transcriptase" label="reverse transcription or reverse transcriptase"/>
            <span end="2791" id="14723793-1109" start="2789">RT</span>
        </annotation>
        <annotation annotator="" id="GO_MF_2016_02_16_Instance_80274" type="identity">
            <class id="GO_EXT:reverse_transcription_or_reverse_transcriptase" label="reverse transcription or reverse transcriptase"/>
            <span end="2959" id="14723793-1111" start="2957">RT</span>
        </annotation>
        <annotation annotator="" id="GO_MF_2016_02_16_Instance_80276" type="identity">
            <class id="GO_EXT:reverse_transcription_or_reverse_transcriptase" label="reverse transcription or reverse transcriptase"/>
            <span end="3375" id="14723793-1113" start="3373">RT</span>
        </annotation>
        <annotation annotator="Mike Bada, University of Colorado Anschutz Medical Campus" id="GO_MF_2016_02_16_Instance_13055" type="identity">
            <class id="GO:0046983" label="protein dimerization activity"/>
            <span end="9557" id="14723793-1103" start="9549">dimerise</span>
        </annotation>
        <annotation annotator="" id="GO_MF_2016_02_16_Instance_80278" type="identity">
            <class id="CHEMINF_GO_EXT:chemical_binding_or_bond_formation" label="chemical binding or bond formation"/>
            <span end="9823" id="14723793-1115" start="9816">binding</span>
        </annotation>
        <annotation annotator="" id="GO_MF_2016_02_16_Instance_80280" type="identity">
            <class id="CHEMINF_GO_EXT:chemical_binding_or_bond_formation" label="chemical binding or bond formation"/>
            <span end="9871" id="14723793-1117" start="9864">binding</span>
        </annotation>
        <annotation annotator="" id="GO_MF_2016_02_16_Instance_80282" type="identity">
            <class id="CHEMINF_GO_EXT:chemical_binding_or_bond_formation" label="chemical binding or bond formation"/>
            <span end="15500" id="14723793-1119" start="15493">binding</span>
        </annotation>
        <annotation annotator="Mike Bada, University of Colorado Anschutz Medical Campus" id="GO_MF_2016_02_16_Instance_18985" type="identity">
            <class id="GO_EXT:0005216" label="bearer of ion channel activity"/>
            <span end="15580" id="14723793-1105" start="15568">ion channels</span>
        </annotation>
        <annotation annotator="Mike Bada, University of Colorado Anschutz Medical Campus" id="GO_MF_2016_02_16_Instance_18987" type="identity">
            <class id="GO_EXT:0016301" label="bearer of kinase activity"/>
            <span end="15607" id="14723793-1107" start="15600">kinases</span>
        </annotation>
        <annotation annotator="" id="GO_MF_2016_02_16_Instance_80284" type="identity">
            <class id="GO:0097617" label="annealing activity"/>
            <span end="18233" id="14723793-1121" start="18224">annealing</span>
        </annotation>
        <annotation annotator="" id="GO_MF_2016_02_16_Instance_80286" type="identity">
            <class id="GO:0097617" label="annealing activity"/>
            <span end="18470" id="14723793-1123" start="18461">annealing</span>
        </annotation>
        <annotation annotator="" id="GO_MF_2016_02_16_Instance_80288" type="identity">
            <class id="GO:0097617" label="annealing activity"/>
            <span end="19230" id="14723793-1125" start="19216">Hybridizations</span>
        </annotation>
        <graph-space id="Old Knowtator Relations"/>
    </document>
</knowtator-project>
