<?xml version="1.0" encoding="UTF-8" standalone="no"?>
<knowtator-project>
    <document id="14737183" text-file="14737183.txt">
        <annotation annotator="" id="GO_MF_2016_02_16_backup_Instance_29" type="identity">
            <class id="GO_EXT:transcription_factor" label="transcription factor"/>
            <span end="8687" id="14737183-1129" start="8667">transcription factor</span>
        </annotation>
        <annotation annotator="" id="GO_MF_2016_02_16_Instance_80292" type="identity">
            <class id="GO_PR_EXT:monophenol_monooxygenase_or_tyrosinase" label="monophenol monooxygenase"/>
            <span end="12490" id="14737183-1143" start="12480">tyrosinase</span>
        </annotation>
        <annotation annotator="" id="GO_MF_2016_02_16_Instance_80294" type="identity">
            <class id="GO_PR_EXT:monophenol_monooxygenase_or_tyrosinase" label="monophenol monooxygenase"/>
            <span end="12829" id="14737183-1145" start="12819">tyrosinase</span>
        </annotation>
        <annotation annotator="Mike Bada, University of Colorado Anschutz Medical Campus" id="GO_MF_2016_02_16_Instance_18269" type="identity">
            <class id="GO_EXT:0004872" label="bearer of receptor activity"/>
            <span end="19265" id="14737183-1135" start="19257">receptor</span>
        </annotation>
        <annotation annotator="" id="GO_MF_2016_02_16_Instance_80296" type="identity">
            <class id="CHEMINF_GO_EXT:chemical_binding_or_bond_formation" label="chemical binding or bond formation"/>
            <span end="19546" id="14737183-1147" start="19539">binding</span>
        </annotation>
        <annotation annotator="" id="GO_MF_2016_02_16_Instance_80298" type="identity">
            <class id="CHEBI_GO_EXT:neomycin_or_neomycin_phosphotransferase" label="neomycin or neomycin phosphotransferase"/>
            <span end="20001" id="14737183-1149" start="19998">neo</span>
        </annotation>
        <annotation annotator="" id="GO_MF_2016_02_16_Instance_80300" type="identity">
            <class id="GO:0097617" label="annealing activity"/>
            <span end="20885" id="14737183-1151" start="20872">hybridization</span>
        </annotation>
        <annotation annotator="" id="GO_MF_2016_02_16_Instance_80302" type="identity">
            <class id="GO:0097617" label="annealing activity"/>
            <span end="21104" id="14737183-1153" start="21094">hybridized</span>
        </annotation>
        <annotation annotator="" id="GO_MF_2016_02_16_Instance_80304" type="identity">
            <class id="GO:0097617" label="annealing activity"/>
            <span end="22479" id="14737183-1155" start="22469">hybridized</span>
        </annotation>
        <annotation annotator="" id="GO_MF_2016_02_16_Instance_80306" type="identity">
            <class id="GO:0097617" label="annealing activity"/>
            <span end="25048" id="14737183-1157" start="25035">hybridization</span>
        </annotation>
        <annotation annotator="" id="GO_MF_2016_02_16_Instance_80308" type="identity">
            <class id="GO:0097617" label="annealing activity"/>
            <span end="29286" id="14737183-1159" start="29276">hybridized</span>
        </annotation>
        <annotation annotator="" id="GO_MF_2016_02_16_Instance_80310" type="identity">
            <class id="CHEMINF_GO_EXT:chemical_binding_or_bond_formation" label="chemical binding or bond formation"/>
            <span end="32962" id="14737183-1161" start="32955">binding</span>
        </annotation>
        <annotation annotator="" id="GO_MF_2016_02_16_backup_Instance_31" type="identity">
            <class id="GO_EXT:transcription_factor" label="transcription factor"/>
            <span end="40347" id="14737183-1131" start="40327">transcription factor</span>
        </annotation>
        <annotation annotator="" id="GO_MF_2016_02_16_Instance_110477" type="identity">
            <class id="GO_EXT:0016853" label="bearer of isomerase activity"/>
            <span end="50774" id="14737183-1133" start="50764">isomerases</span>
        </annotation>
        <annotation annotator="Mike Bada, University of Colorado Anschutz Medical Campus" id="GO_MF_2016_02_16_Instance_18279" type="identity">
            <class id="GO_EXT:0004830" label="bearer of tryptophan-tRNA ligase activity"/>
            <span end="50870" id="14737183-1137" start="50842">tryptophanyl-tRNA synthetase</span>
        </annotation>
        <annotation annotator="" id="GO_MF_2016_02_16_Instance_80314" type="identity">
            <class id="CHEBI_GO_EXT:neomycin_or_neomycin_phosphotransferase" label="neomycin or neomycin phosphotransferase"/>
            <span end="51805" id="14737183-1163" start="51802">neo</span>
        </annotation>
        <annotation annotator="" id="GO_MF_2016_02_16_Instance_80316" type="identity">
            <class id="GO:0097617" label="annealing activity"/>
            <span end="52167" id="14737183-1165" start="52154">hybridization</span>
        </annotation>
        <annotation annotator="" id="GO_MF_2016_02_16_Instance_80318" type="identity">
            <class id="GO:0097617" label="annealing activity"/>
            <span end="52190" id="14737183-1167" start="52177">hybridization</span>
        </annotation>
        <annotation annotator="" id="GO_MF_2016_02_16_Instance_80320" type="identity">
            <class id="GO_EXT:reverse_transcription_or_reverse_transcriptase" label="reverse transcription or reverse transcriptase"/>
            <span end="52637" id="14737183-1169" start="52635">RT</span>
        </annotation>
        <annotation annotator="Mike Bada, University of Colorado Anschutz Medical Campus" id="GO_MF_2016_02_16_Instance_18281" type="identity">
            <class id="GO_EXT:0004565" label="bearer of beta-galactosidase activity"/>
            <span end="54329" id="14737183-1139" start="54314">β-galactosidase</span>
        </annotation>
        <annotation annotator="Mike Bada, University of Colorado Anschutz Medical Campus" id="GO_MF_2016_02_16_Instance_18283" type="identity">
            <class id="GO_EXT:0004872" label="bearer of receptor activity"/>
            <span end="56243" id="14737183-1141" start="56235">receptor</span>
        </annotation>
        <annotation annotator="" id="GO_MF_2016_02_16_Instance_80322" type="identity">
            <class id="GO:0097617" label="annealing activity"/>
            <span end="62171" id="14737183-1171" start="62158">hybridization</span>
        </annotation>
        <annotation annotator="" id="GO_MF_2016_02_16_Instance_80324" type="identity">
            <class id="GO:0097617" label="annealing activity"/>
            <span end="62340" id="14737183-1173" start="62327">hybridization</span>
        </annotation>
        <annotation annotator="" id="GO_MF_2016_02_16_Instance_80326" type="identity">
            <class id="GO:0097617" label="annealing activity"/>
            <span end="63198" id="14737183-1175" start="63185">hybridization</span>
        </annotation>
        <graph-space id="Old Knowtator Relations"/>
    </document>
</knowtator-project>
