<?xml version="1.0" encoding="UTF-8" standalone="no"?>
<knowtator-project>
  <document id="15061865" text-file="15061865.txt">
    <annotation annotator="" id="GO_MF_2016_02_16_Instance_80698" type="identity">
      <class id="GO_EXT:0004872" label="bearer of receptor activity"/>
      <span end="21" id="15061865-1587" start="12">receptors</span>
    </annotation>
    <annotation annotator="" id="GO_MF_2016_02_16_Instance_80700" type="identity">
      <class id="GO_EXT:0004872" label="bearer of receptor activity"/>
      <span end="501" id="15061865-1589" start="492">receptors</span>
    </annotation>
    <annotation annotator="" id="GO_MF_2016_02_16_Instance_80706" type="identity">
      <class id="GO_EXT:0004872" label="bearer of receptor activity"/>
      <span end="540" id="15061865-1595" start="531">receptors</span>
    </annotation>
    <annotation annotator="" id="GO_MF_2016_02_16_Instance_80702" type="identity">
      <class id="GO_EXT:0004872" label="bearer of receptor activity"/>
      <span end="641" id="15061865-1591" start="632">receptors</span>
    </annotation>
    <annotation annotator="" id="GO_MF_2016_02_16_Instance_80704" type="identity">
      <class id="GO_EXT:0004872" label="bearer of receptor activity"/>
      <span end="717" id="15061865-1593" start="709">receptor</span>
    </annotation>
    <annotation annotator="" id="GO_MF_2016_02_16_Instance_80708" type="identity">
      <class id="GO_EXT:0004872" label="bearer of receptor activity"/>
      <span end="866" id="15061865-1597" start="857">receptors</span>
    </annotation>
    <annotation annotator="" id="GO_MF_2016_02_16_Instance_80710" type="identity">
      <class id="GO_EXT:0004872" label="bearer of receptor activity"/>
      <span end="1185" id="15061865-1599" start="1177">receptor</span>
    </annotation>
    <annotation annotator="" id="GO_MF_2016_02_16_Instance_80712" type="identity">
      <class id="GO_EXT:0004872" label="bearer of receptor activity"/>
      <span end="1465" id="15061865-1601" start="1457">receptor</span>
    </annotation>
    <annotation annotator="" id="GO_MF_2016_02_16_Instance_80714" type="identity">
      <class id="GO_EXT:0004872" label="bearer of receptor activity"/>
      <span end="1732" id="15061865-1603" start="1724">receptor</span>
    </annotation>
    <annotation annotator="" id="GO_MF_2016_02_16_Instance_80716" type="identity">
      <class id="GO_EXT:0004872" label="bearer of receptor activity"/>
      <span end="1972" id="15061865-1605" start="1963">receptors</span>
    </annotation>
    <annotation annotator="" id="GO_MF_2016_02_16_Instance_80718" type="identity">
      <class id="GO_EXT:0004872" label="bearer of receptor activity"/>
      <span end="2130" id="15061865-1607" start="2122">receptor</span>
    </annotation>
    <annotation annotator="" id="GO_MF_2016_02_16_Instance_80720" type="identity">
      <class id="GO_EXT:0004872" label="bearer of receptor activity"/>
      <span end="2351" id="15061865-1609" start="2343">receptor</span>
    </annotation>
    <annotation annotator="" id="GO_MF+extensions+nested_Instance_38" type="identity">
      <class id="GO_EXT:0004952" label="bearer of dopamine neurotransmitter receptor activity"/>
      <span end="3838" id="15061865-1539" start="3820">dopamine receptors</span>
    </annotation>
    <annotation annotator="" id="GO_MF+extensions+nested_Instance_40" type="identity">
      <class id="GO_EXT:0004952" label="bearer of dopamine neurotransmitter receptor activity"/>
      <span end="3861" id="15061865-1541" start="3844">dopamine receptor</span>
    </annotation>
    <annotation annotator="" id="GO_MF_2016_02_16_Instance_110515" type="identity">
      <class id="CHEBI_GO_EXT:antagonist" label="antagonist"/>
      <span end="3873" id="15061865-1553" start="3862">antagonists</span>
    </annotation>
    <annotation annotator="" id="GO_MF_2016_02_16_Instance_80723" type="identity">
      <class id="GO_PR_EXT:G_protein_coupled_receptor" label="G-protein coupled receptor"/>
      <span end="4198" id="15061865-1611" start="4171">G-protein coupled receptors</span>
    </annotation>
    <annotation annotator="" id="GO_MF+extensions+nested_Instance_42" type="identity">
      <class id="GO_EXT:0004952" label="bearer of dopamine neurotransmitter receptor activity"/>
      <span end="4341" id="15061865-1543" start="4324">dopamine receptor</span>
    </annotation>
    <annotation annotator="" id="GO_MF_2016_02_16_Instance_80725" type="identity">
      <class id="GO_EXT:0004872" label="bearer of receptor activity"/>
      <span end="4434" id="15061865-1613" start="4425">receptors</span>
    </annotation>
    <annotation annotator="" id="GO_MF+extensions+nested_Instance_44" type="identity">
      <class id="GO_EXT:0004952" label="bearer of dopamine neurotransmitter receptor activity"/>
      <span end="4544" id="15061865-1545" start="4527">dopamine receptor</span>
    </annotation>
    <annotation annotator="" id="GO_MF_2016_02_16_Instance_110517" type="identity">
      <class id="CHEBI_GO_EXT:antagonist" label="antagonist"/>
      <span end="5330" id="15061865-1555" start="5319">antagonists</span>
    </annotation>
    <annotation annotator="Mike Bada, University of Colorado Anschutz Medical Campus" id="GO_MF_2016_02_16_Instance_19091" type="identity">
      <class id="GO_EXT:0004872" label="bearer of receptor activity"/>
      <span end="5425" id="15061865-1581" start="5417">receptor</span>
    </annotation>
    <annotation annotator="" id="GO_MF+extensions+nested_Instance_46" type="identity">
      <class id="GO_EXT:0004952" label="bearer of dopamine neurotransmitter receptor activity"/>
      <span end="5565" id="15061865-1547" start="5548">dopamine receptor</span>
    </annotation>
    <annotation annotator="Mike Bada, University of Colorado Anschutz Medical Campus" id="GO_MF_2016_02_16_Instance_19095" type="identity">
      <class id="GO_EXT:0004872" label="bearer of receptor activity"/>
      <span end="6027" id="15061865-1583" start="6019">receptor</span>
    </annotation>
    <annotation annotator="" id="GO_MF_2016_02_16_Instance_110204" type="identity">
      <class id="GO_EXT:0004872" label="bearer of receptor activity"/>
      <span end="6104" id="15061865-1551" start="6096">receptor</span>
    </annotation>
    <annotation annotator="" id="GO_MF_2016_02_16_Instance_110519" type="identity">
      <class id="CHEBI_GO_EXT:antagonist" label="antagonist"/>
      <span end="6116" id="15061865-1557" start="6105">antagonists</span>
    </annotation>
    <annotation annotator="" id="GO_MF_2016_02_16_Instance_110521" type="identity">
      <class id="CHEBI_GO_EXT:antagonist" label="antagonist"/>
      <span end="6327" id="15061865-1559" start="6316">antagonists</span>
    </annotation>
    <annotation annotator="" id="GO_MF_2016_02_16_Instance_110523" type="identity">
      <class id="CHEBI_GO_EXT:antagonist" label="antagonist"/>
      <span end="7003" id="15061865-1561" start="6993">antagonist</span>
    </annotation>
    <annotation annotator="" id="GO_MF_2016_02_16_Instance_80759" type="identity">
      <class id="GO_EXT:0004872" label="bearer of receptor activity"/>
      <span end="7519" id="15061865-1615" start="7511">receptor</span>
    </annotation>
    <annotation annotator="" id="GO_MF_2016_02_16_Instance_80761" type="identity">
      <class id="GO_EXT:0004872" label="bearer of receptor activity"/>
      <span end="7707" id="15061865-1617" start="7698">receptors</span>
    </annotation>
    <annotation annotator="" id="GO_MF_2016_02_16_Instance_80763" type="identity">
      <class id="GO_EXT:0004872" label="bearer of receptor activity"/>
      <span end="9537" id="15061865-1619" start="9528">receptors</span>
    </annotation>
    <annotation annotator="" id="GO_MF_2016_02_16_Instance_80765" type="identity">
      <class id="GO_EXT:0004872" label="bearer of receptor activity"/>
      <span end="11761" id="15061865-1621" start="11753">receptor</span>
    </annotation>
    <annotation annotator="" id="GO_MF_2016_02_16_Instance_110525" type="identity">
      <class id="CHEBI_GO_EXT:antagonist" label="antagonist"/>
      <span end="12909" id="15061865-1563" start="12898">antagonists</span>
    </annotation>
    <annotation annotator="" id="GO_MF_2016_02_16_Instance_110527" type="identity">
      <class id="CHEBI_GO_EXT:antagonist" label="antagonist"/>
      <span end="13748" id="15061865-1565" start="13738">antagonist</span>
    </annotation>
    <annotation annotator="" id="GO_MF_2016_02_16_Instance_110529" type="identity">
      <class id="CHEBI_GO_EXT:antagonist" label="antagonist"/>
      <span end="13886" id="15061865-1567" start="13875">antagonists</span>
    </annotation>
    <annotation annotator="" id="GO_MF_2016_02_16_Instance_110531" type="identity">
      <class id="CHEBI_GO_EXT:antagonist" label="antagonist"/>
      <span end="14095" id="15061865-1569" start="14084">antagonists</span>
    </annotation>
    <annotation annotator="" id="GO_MF_2016_02_16_Instance_110533" type="identity">
      <class id="CHEBI_GO_EXT:antagonist" label="antagonist"/>
      <span end="14402" id="15061865-1571" start="14391">antagonists</span>
    </annotation>
    <annotation annotator="" id="GO_MF_2016_02_16_Instance_110535" type="identity">
      <class id="CHEBI_GO_EXT:antagonist" label="antagonist"/>
      <span end="15340" id="15061865-1573" start="15329">antagonists</span>
    </annotation>
    <annotation annotator="" id="GO_MF_2016_02_16_Instance_110537" type="identity">
      <class id="CHEBI_GO_EXT:antagonist" label="antagonist"/>
      <span end="15623" id="15061865-1575" start="15612">antagonists</span>
    </annotation>
    <annotation annotator="" id="GO_MF+extensions+nested_Instance_48" type="identity">
      <class id="GO_EXT:0004952" label="bearer of dopamine neurotransmitter receptor activity"/>
      <span end="15796" id="15061865-1549" start="15779">dopamine receptor</span>
    </annotation>
    <annotation annotator="" id="GO_MF_2016_02_16_Instance_110539" type="identity">
      <class id="CHEBI_GO_EXT:antagonist" label="antagonist"/>
      <span end="15890" id="15061865-1577" start="15879">antagonists</span>
    </annotation>
    <annotation annotator="Mike Bada, University of Colorado Anschutz Medical Campus" id="GO_MF_2016_02_16_Instance_19121" type="identity">
      <class id="GO_EXT:0004872" label="bearer of receptor activity"/>
      <span end="16149" id="15061865-1585" start="16141">receptor</span>
    </annotation>
    <annotation annotator="" id="GO_MF_2016_02_16_Instance_110541" type="identity">
      <class id="CHEBI_GO_EXT:antagonist" label="antagonist"/>
      <span end="16713" id="15061865-1579" start="16702">antagonists</span>
    </annotation>
    <annotation annotator="" id="GO_MF_2016_02_16_Instance_80767" type="identity">
      <class id="CHEMINF_GO_EXT:chemical_binding_or_bond_formation" label="chemical binding or bond formation"/>
      <span end="20751" id="15061865-1623" start="20744">binding</span>
    </annotation>
    <annotation annotator="" id="GO_MF_2016_02_16_Instance_80769" type="identity">
      <class id="GO_EXT:0004872" label="bearer of receptor activity"/>
      <span end="28493" id="15061865-1625" start="28484">receptors</span>
    </annotation>
    <annotation annotator="" id="GO_MF_2016_02_16_Instance_80771" type="identity">
      <class id="GO_EXT:0004872" label="bearer of receptor activity"/>
      <span end="29153" id="15061865-1627" start="29145">receptor</span>
    </annotation>
    <graph-space id="Old Knowtator Relations"/>
  </document>
</knowtator-project>
