<?xml version="1.0" encoding="UTF-8" standalone="no"?>
<knowtator-project>
  <document id="15314659" text-file="15314659.txt">
    <annotation annotator="Mike Bada, University of Colorado Anschutz Medical Campus" id="GO_MF_2016_02_16_Instance_17999" type="identity">
      <class id="GO_EXT:0004872" label="bearer of receptor activity"/>
      <span end="2578" id="15314659-1903" start="2570">receptor</span>
    </annotation>
    <annotation annotator="" id="GO_MF_2016_02_16_Instance_81052" type="identity">
      <class id="GO_EXT:0004875" label="bearer of complement receptor activity"/>
      <span end="5924" id="15314659-1907" start="5905">complement receptor</span>
    </annotation>
    <annotation annotator="" id="GO_MF_2016_02_16_Instance_81056" type="identity">
      <class id="CHEMINF_GO_EXT:chemical_binding_or_bond_formation" label="chemical binding or bond formation"/>
      <span end="22127" id="15314659-1909" start="22122">binds</span>
    </annotation>
    <annotation annotator="" id="GO_MF_2016_02_16_Instance_81058" type="identity">
      <class id="GO_EXT:0004875" label="bearer of complement receptor activity"/>
      <span end="24745" id="15314659-1911" start="24725">complement receptors</span>
    </annotation>
    <annotation annotator="Mike Bada, University of Colorado Anschutz Medical Campus" id="GO_MF_2016_02_16_Instance_18007" type="identity">
      <class id="GO_EXT:0004872" label="bearer of receptor activity"/>
      <span end="33172" id="15314659-1905" start="33164">receptor</span>
    </annotation>
    <graph-space id="Old Knowtator Relations"/>
  </document>
</knowtator-project>
