<?xml version="1.0" encoding="UTF-8" standalone="no"?>
<knowtator-project>
  <document id="15320950" text-file="15320950.txt">
    <annotation annotator="" id="GO_MF_2016_02_16_Instance_81060" type="identity">
      <class id="GO_EXT:reverse_transcription_or_reverse_transcriptase" label="reverse transcription or reverse transcriptase"/>
      <span end="600" id="15320950-1951" start="598">RT</span>
    </annotation>
    <annotation annotator="Mike Bada, University of Colorado Anschutz Medical Campus" id="GO_MF_2016_02_16_Instance_13005" type="identity">
      <class id="GO_EXT:0005267" label="bearer of potassium channel activity"/>
      <span end="1347" id="15320950-1923" start="1337">K+ channel</span>
    </annotation>
    <annotation annotator="Mike Bada, University of Colorado Anschutz Medical Campus" id="GO_MF_2016_02_16_Instance_20113" type="identity">
      <class id="GO_EXT:0005267" label="bearer of potassium channel activity"/>
      <span end="1720" id="15320950-1927" start="1710">K+ channel</span>
    </annotation>
    <annotation annotator="Mike Bada, University of Colorado Anschutz Medical Campus" id="GO_MF_2016_02_16_Instance_12669" type="identity">
      <class id="GO_EXT:0008511" label="bearer of sodium:potassium:chloride symporter activity"/>
      <span end="1763" id="15320950-1917" start="1738">Na+/2Cl-/K+ cotransporter</span>
    </annotation>
    <annotation annotator="" id="GO_MF_2016_02_16_Instance_81062" type="identity">
      <class id="GO_EXT:0015301" label="bearer of anion:anion antiporter activity"/>
      <span end="2831" id="15320950-1953" start="2816">anion exchanger</span>
    </annotation>
    <annotation annotator="" id="GO_MF_2016_02_16_Instance_81064" type="identity">
      <class id="GO_EXT:reverse_transcription_or_reverse_transcriptase" label="reverse transcription or reverse transcriptase"/>
      <span end="5069" id="15320950-1955" start="5067">RT</span>
    </annotation>
    <annotation annotator="" id="GO_MF_2016_02_16_Instance_81066" type="identity">
      <class id="GO_EXT:reverse_transcription_or_reverse_transcriptase" label="reverse transcription or reverse transcriptase"/>
      <span end="7022" id="15320950-1957" start="7020">RT</span>
    </annotation>
    <annotation annotator="" id="GO_MF_2016_02_16_Instance_110282" type="identity">
      <class id="CHEBI_GO_SO_EXT:enzyme" label="enzyme"/>
      <span end="7719" id="15320950-1915" start="7710">enzymatic</span>
    </annotation>
    <annotation annotator="" id="GO_MF_2016_02_16_Instance_81068" type="identity">
      <class id="GO_EXT:reverse_transcription_or_reverse_transcriptase" label="reverse transcription or reverse transcriptase"/>
      <span end="8053" id="15320950-1959" start="8051">RT</span>
    </annotation>
    <annotation annotator="" id="GO_MF_2016_02_16_Instance_81070" type="identity">
      <class id="GO_EXT:reverse_transcription_or_reverse_transcriptase" label="reverse transcription or reverse transcriptase"/>
      <span end="8123" id="15320950-1961" start="8121">RT</span>
    </annotation>
    <annotation annotator="Mike Bada, University of Colorado Anschutz Medical Campus" id="GO_MF_2016_02_16_Instance_20115" type="identity">
      <class id="GO_EXT:0005267" label="bearer of potassium channel activity"/>
      <span end="8284" id="15320950-1929" start="8273">K+ channels</span>
    </annotation>
    <annotation annotator="" id="GO_MF_2016_02_16_Instance_81074" type="identity">
      <class id="GO:0097617" label="annealing activity"/>
      <span end="11767" id="15320950-1963" start="11754">hybridization</span>
    </annotation>
    <annotation annotator="" id="GO_MF_2016_02_16_Instance_81076" type="identity">
      <class id="GO:0097617" label="annealing activity"/>
      <span end="12378" id="15320950-1965" start="12365">hybridization</span>
    </annotation>
    <annotation annotator="Mike Bada, University of Colorado Anschutz Medical Campus" id="GO_MF_2016_02_16_Instance_20117" type="identity">
      <class id="GO_EXT:0004089" label="bearer of carbonate dehydratase activity"/>
      <span end="12827" id="15320950-1931" start="12809">carbonic anhydrase</span>
    </annotation>
    <annotation annotator="Mike Bada, University of Colorado Anschutz Medical Campus" id="GO_MF_2016_02_16_Instance_20119" type="identity">
      <class id="GO_EXT:0005267" label="bearer of potassium channel activity"/>
      <span end="14078" id="15320950-1933" start="14068">K+ channel</span>
    </annotation>
    <annotation annotator="" id="GO_MF_2016_02_16_Instance_81078" type="identity">
      <class id="GO:0097617" label="annealing activity"/>
      <span end="14524" id="15320950-1967" start="14511">hybridization</span>
    </annotation>
    <annotation annotator="Mike Bada, University of Colorado Anschutz Medical Campus" id="GO_MF_2016_02_16_Instance_20121" type="identity">
      <class id="GO_EXT:0005267" label="bearer of potassium channel activity"/>
      <span end="17721" id="15320950-1935" start="17711">K+ channel</span>
    </annotation>
    <annotation annotator="Mike Bada, University of Colorado Anschutz Medical Campus" id="GO_MF_2016_02_16_Instance_20123" type="identity">
      <class id="GO_EXT:0005267" label="bearer of potassium channel activity"/>
      <span end="18040" id="15320950-1937" start="18030">K+ channel</span>
    </annotation>
    <annotation annotator="" id="GO_MF_2016_02_16_Instance_81080" type="identity">
      <class id="GO_EXT:reverse_transcription_or_reverse_transcriptase" label="reverse transcription or reverse transcriptase"/>
      <span end="21092" id="15320950-1969" start="21090">RT</span>
    </annotation>
    <annotation annotator="Mike Bada, University of Colorado Anschutz Medical Campus" id="GO_MF_2016_02_16_Instance_20125" type="identity">
      <class id="GO_EXT:0005267" label="bearer of potassium channel activity"/>
      <span end="21750" id="15320950-1939" start="21740">K+ channel</span>
    </annotation>
    <annotation annotator="Mike Bada, University of Colorado Anschutz Medical Campus" id="GO_MF_2016_02_16_Instance_12671" type="identity">
      <class id="GO_EXT:0008511" label="bearer of sodium:potassium:chloride symporter activity"/>
      <span end="28484" id="15320950-1919" start="28459">Na+/2Cl-/K+ cotransporter</span>
    </annotation>
    <annotation annotator="Mike Bada, University of Colorado Anschutz Medical Campus" id="GO_MF_2016_02_16_Instance_20127" type="identity">
      <class id="GO_EXT:0005267" label="bearer of potassium channel activity"/>
      <span end="28767" id="15320950-1941" start="28757">K+ channel</span>
    </annotation>
    <annotation annotator="Mike Bada, University of Colorado Anschutz Medical Campus" id="GO_MF_2016_02_16_Instance_12673" type="identity">
      <class id="GO_EXT:0008511" label="bearer of sodium:potassium:chloride symporter activity"/>
      <span end="28865" id="15320950-1921" start="28840">Na+/2Cl-/K+ cotransporter</span>
    </annotation>
    <annotation annotator="Mike Bada, University of Colorado Anschutz Medical Campus" id="GO_MF_2016_02_16_Instance_20129" type="identity">
      <class id="GO_EXT:0004089" label="bearer of carbonate dehydratase activity"/>
      <span end="30363" id="15320950-1943" start="30345">carbonic anhydrase</span>
    </annotation>
    <annotation annotator="" id="GO_MF_2016_02_16_Instance_81083" type="identity">
      <class id="GO_PR_EXT:catalase" label="catalase"/>
      <span end="30409" id="15320950-1971" start="30401">catalase</span>
    </annotation>
    <annotation annotator="Mike Bada, University of Colorado Anschutz Medical Campus" id="GO_MF_2016_02_16_Instance_20133" type="identity">
      <class id="GO_EXT:0005267" label="bearer of potassium channel activity"/>
      <span end="31363" id="15320950-1945" start="31352">K+ channels</span>
    </annotation>
    <annotation annotator="Mike Bada, University of Colorado Anschutz Medical Campus" id="GO_MF_2016_02_16_Instance_20135" type="identity">
      <class id="GO_EXT:0005267" label="bearer of potassium channel activity"/>
      <span end="31522" id="15320950-1947" start="31512">K+ channel</span>
    </annotation>
    <annotation annotator="Mike Bada, University of Colorado Anschutz Medical Campus" id="GO_MF_2016_02_16_Instance_15817" type="identity">
      <class id="GO_EXT:0004089" label="bearer of carbonate dehydratase activity"/>
      <span end="31873" id="15320950-1925" start="31871">CA</span>
    </annotation>
    <annotation annotator="Mike Bada, University of Colorado Anschutz Medical Campus" id="GO_MF_2016_02_16_Instance_20137" type="identity">
      <class id="GO_EXT:0004089" label="bearer of carbonate dehydratase activity"/>
      <span end="31893" id="15320950-1949" start="31875">carbonic anhydrase</span>
    </annotation>
    <annotation annotator="" id="GO_MF_2016_02_16_Instance_81085" type="identity">
      <class id="GO_PR_EXT:glutathione_S_transferase" label="glutathione S-transferase"/>
      <span end="31898" id="15320950-1973" start="31895">GST</span>
    </annotation>
    <annotation annotator="" id="GO_MF_2016_02_16_Instance_81087" type="identity">
      <class id="GO_PR_EXT:glutathione_S_transferase" label="glutathione S-transferase"/>
      <span end="31925" id="15320950-1975" start="31900">glutathione-S-transferase</span>
    </annotation>
    <annotation annotator="" id="GO_MF_2016_02_16_Instance_81089" type="identity">
      <class id="GO_EXT:reverse_transcription_or_reverse_transcriptase" label="reverse transcription or reverse transcriptase"/>
      <span end="32300" id="15320950-1977" start="32298">RT</span>
    </annotation>
    <graph-space id="Old Knowtator Relations"/>
  </document>
</knowtator-project>
