<?xml version="1.0" encoding="UTF-8" standalone="no"?>
<knowtator-project>
    <document id="15328533" text-file="15328533.txt">
        <annotation annotator="" id="GO_MF_2016_02_16_backup_Instance_65" type="identity">
            <class id="GO_EXT:transcription_factor" label="transcription factor"/>
            <span end="281" id="15328533-1982" start="261">transcription factor</span>
        </annotation>
        <annotation annotator="Mike Bada, University of Colorado Anschutz Medical Campus" id="GO_MF_2016_02_16_Instance_17933" type="identity">
            <class id="GO_EXT:0004872" label="bearer of receptor activity"/>
            <span end="567" id="15328533-2016" start="559">receptor</span>
        </annotation>
        <annotation annotator="" id="GO_MF_2016_02_16_Instance_110545" type="identity">
            <class id="CHEBI_GO_EXT:agonist" label="agonist"/>
            <span end="718" id="15328533-1988" start="711">agonist</span>
        </annotation>
        <annotation annotator="" id="GO_MF_2016_02_16_Instance_81093" type="identity">
            <class id="CHEBI_GO_SO_EXT:enzyme" label="enzyme"/>
            <span end="1638" id="15328533-2044" start="1631">enzymes</span>
        </annotation>
        <annotation annotator="Mike Bada, University of Colorado Anschutz Medical Campus" id="GO_MF_2016_02_16_Instance_17937" type="identity">
            <class id="GO_EXT:0004683" label="bearer of calmodulin-dependent protein kinase activity"/>
            <span end="2336" id="15328533-2018" start="2309">calmodulin-dependent kinase</span>
        </annotation>
        <annotation annotator="" id="GO_MF_2016_02_16_Instance_81095" type="identity">
            <class id="GO_EXT:0003712" label="bearer of transcription cofactor activity"/>
            <span end="2370" id="15328533-2046" start="2346">transcriptional cofactor</span>
        </annotation>
        <annotation annotator="Mike Bada, University of Colorado Anschutz Medical Campus" id="GO_MF_2016_02_16_Instance_17941" type="identity">
            <class id="GO_EXT:0004872" label="bearer of receptor activity"/>
            <span end="2413" id="15328533-2020" start="2405">receptor</span>
        </annotation>
        <annotation annotator="" id="GO_MF_2016_02_16_backup_Instance_485" type="identity">
            <class id="GO_EXT:transcription_factor" label="transcription factor"/>
            <span end="2567" id="15328533-1980" start="2544">transcriptional factors</span>
        </annotation>
        <annotation annotator="Mike Bada, University of Colorado Anschutz Medical Campus" id="GO_MF_2016_02_16_Instance_17947" type="identity">
            <class id="GO_EXT:0004872" label="bearer of receptor activity"/>
            <span end="3435" id="15328533-2022" start="3427">receptor</span>
        </annotation>
        <annotation annotator="" id="GO_MF_2016_02_16_Instance_81111" type="identity">
            <class id="CHEBI_GO_SO_EXT:enzyme" label="enzyme"/>
            <span end="3544" id="15328533-2048" start="3537">enzymes</span>
        </annotation>
        <annotation annotator="" id="GO_MF_2016_02_16_backup_Instance_67" type="identity">
            <class id="GO_EXT:transcription_factor" label="transcription factor"/>
            <span end="3802" id="15328533-1984" start="3782">transcription factor</span>
        </annotation>
        <annotation annotator="Mike Bada, University of Colorado Anschutz Medical Campus" id="GO_MF_2016_02_16_Instance_17951" type="identity">
            <class id="GO_EXT:0004129" label="bearer of cytochrome-c oxidase activity"/>
            <span end="6594" id="15328533-2024" start="6574">cytochrome c oxidase</span>
        </annotation>
        <annotation annotator="Mike Bada, University of Colorado Anschutz Medical Campus" id="GO_MF_2016_02_16_Instance_17953" type="identity">
            <class id="GO_EXT:0004129" label="bearer of cytochrome-c oxidase activity"/>
            <span end="6599" id="15328533-2026" start="6596">COX</span>
        </annotation>
        <annotation annotator="" id="GO_MF_2016_02_16_Instance_81113" type="identity">
            <class id="CHEBI_GO_SO_EXT:enzyme" label="enzyme"/>
            <span end="6646" id="15328533-2050" start="6639">enzymes</span>
        </annotation>
        <annotation annotator="" id="GO_MF_2016_02_16_Instance_110547" type="identity">
            <class id="CHEBI_GO_EXT:agonist" label="agonist"/>
            <span end="8039" id="15328533-1990" start="8032">agonist</span>
        </annotation>
        <annotation annotator="" id="GO_MF_2016_02_16_Instance_110549" type="identity">
            <class id="CHEBI_GO_EXT:agonist" label="agonist"/>
            <span end="9735" id="15328533-1992" start="9728">agonist</span>
        </annotation>
        <annotation annotator="" id="GO_MF_2016_02_16_Instance_110551" type="identity">
            <class id="CHEBI_GO_EXT:agonist" label="agonist"/>
            <span end="10094" id="15328533-1994" start="10087">agonist</span>
        </annotation>
        <annotation annotator="" id="GO_MF_2016_02_16_Instance_81115" type="identity">
            <class id="CHEBI_GO_SO_EXT:enzyme" label="enzyme"/>
            <span end="12308" id="15328533-2052" start="12301">enzymes</span>
        </annotation>
        <annotation annotator="" id="GO_MF_2016_02_16_Instance_81117" type="identity">
            <class id="CHEBI_GO_SO_EXT:enzyme" label="enzyme"/>
            <span end="12508" id="15328533-2054" start="12501">enzymes</span>
        </annotation>
        <annotation annotator="Mike Bada, University of Colorado Anschutz Medical Campus" id="GO_MF_2016_02_16_Instance_17963" type="identity">
            <class id="GO_EXT:0004683" label="bearer of calmodulin-dependent protein kinase activity"/>
            <span end="13546" id="15328533-2028" start="13519">calmodulin-dependent kinase</span>
        </annotation>
        <annotation annotator="" id="GO_MF_2016_02_16_backup_Instance_69" type="identity">
            <class id="GO_EXT:transcription_factor" label="transcription factor"/>
            <span end="13698" id="15328533-1986" start="13677">transcription factors</span>
        </annotation>
        <annotation annotator="" id="GO_MF_2016_02_16_Instance_130018" type="identity">
            <class id="CHEBI_GO_EXT:ligand" label="ligand"/>
            <span end="13763" id="15328533-2000" start="13757">ligand</span>
        </annotation>
        <annotation annotator="" id="GO_MF_2016_02_16_Instance_81123" type="identity">
            <class id="CHEBI_GO_SO_EXT:enzyme" label="enzyme"/>
            <span end="14094" id="15328533-2056" start="14087">enzymes</span>
        </annotation>
        <annotation annotator="" id="GO_MF_2016_02_16_Instance_130020" type="identity">
            <class id="CHEBI_GO_EXT:ligand" label="ligand"/>
            <span end="14184" id="15328533-2002" start="14178">ligand</span>
        </annotation>
        <annotation annotator="Mike Bada, University of Colorado Anschutz Medical Campus" id="GO_MF_2016_02_16_Instance_17967" type="identity">
            <class id="GO_EXT:0004872" label="bearer of receptor activity"/>
            <span end="14206" id="15328533-2030" start="14198">receptor</span>
        </annotation>
        <annotation annotator="" id="GO_MF_2016_02_16_Instance_130022" type="identity">
            <class id="CHEBI_GO_EXT:ligand" label="ligand"/>
            <span end="14536" id="15328533-2004" start="14529">ligands</span>
        </annotation>
        <annotation annotator="" id="GO_MF_2016_02_16_Instance_130024" type="identity">
            <class id="CHEBI_GO_EXT:ligand" label="ligand"/>
            <span end="14987" id="15328533-2006" start="14980">ligands</span>
        </annotation>
        <annotation annotator="Mike Bada, University of Colorado Anschutz Medical Campus" id="GO_MF_2016_02_16_Instance_15821" type="identity">
            <class id="GO_EXT:0016301" label="bearer of kinase activity"/>
            <span end="15103" id="15328533-2014" start="15097">kinase</span>
        </annotation>
        <annotation annotator="" id="GO_MF_2016_02_16_Instance_130026" type="identity">
            <class id="CHEBI_GO_EXT:ligand" label="ligand"/>
            <span end="15537" id="15328533-2008" start="15531">ligand</span>
        </annotation>
        <annotation annotator="" id="GO_MF_2016_02_16_Instance_130028" type="identity">
            <class id="CHEBI_GO_EXT:ligand" label="ligand"/>
            <span end="16157" id="15328533-2010" start="16150">ligands</span>
        </annotation>
        <annotation annotator="" id="GO_MF_2016_02_16_Instance_130030" type="identity">
            <class id="CHEBI_GO_EXT:ligand" label="ligand"/>
            <span end="17443" id="15328533-2012" start="17437">ligand</span>
        </annotation>
        <annotation annotator="Mike Bada, University of Colorado Anschutz Medical Campus" id="GO_MF_2016_02_16_Instance_17969" type="identity">
            <class id="GO_EXT:0016887" label="bearer of ATPase activity"/>
            <span end="18477" id="15328533-2032" start="18471">ATPase</span>
        </annotation>
        <annotation annotator="Mike Bada, University of Colorado Anschutz Medical Campus" id="GO_MF_2016_02_16_Instance_17971" type="identity">
            <class id="GO_EXT:0004129" label="bearer of cytochrome-c oxidase activity"/>
            <span end="20490" id="15328533-2034" start="20487">COX</span>
        </annotation>
        <annotation annotator="Mike Bada, University of Colorado Anschutz Medical Campus" id="GO_MF_2016_02_16_Instance_17973" type="identity">
            <class id="GO_EXT:0004129" label="bearer of cytochrome-c oxidase activity"/>
            <span end="20513" id="15328533-2036" start="20493">cytochrome c oxidase</span>
        </annotation>
        <annotation annotator="Mike Bada, University of Colorado Anschutz Medical Campus" id="GO_MF_2016_02_16_Instance_17975" type="identity">
            <class id="GO_EXT:0004095" label="bearer of carnitine O-palmitoyltransferase activity"/>
            <span end="20560" id="15328533-2038" start="20530">carnitine palmitoyltransferase</span>
        </annotation>
        <annotation annotator="Mike Bada, University of Colorado Anschutz Medical Campus" id="GO_MF_2016_02_16_Instance_17977" type="identity">
            <class id="GO_EXT:0004872" label="bearer of receptor activity"/>
            <span end="20615" id="15328533-2040" start="20607">receptor</span>
        </annotation>
        <annotation annotator="Mike Bada, University of Colorado Anschutz Medical Campus" id="GO_MF_2016_02_16_Instance_17981" type="identity">
            <class id="GO_EXT:0004872" label="bearer of receptor activity"/>
            <span end="20687" id="15328533-2042" start="20679">receptor</span>
        </annotation>
        <annotation annotator="" id="GO_MF_2016_02_16_Instance_81125" type="identity">
            <class id="GO:0097617" label="annealing activity"/>
            <span end="20905" id="15328533-2058" start="20895">hybridized</span>
        </annotation>
        <annotation annotator="" id="GO_MF_2016_02_16_Instance_81129" type="identity">
            <class id="GO_EXT:0001055" label="bearer of RNA polymerase II activity"/>
            <span end="21132" id="15328533-2062" start="21115">RNA polymerase II</span>
        </annotation>
        <annotation annotator="" id="GO_MF_2016_02_16_Instance_81131" type="identity">
            <class id="GO_EXT:0001055" label="bearer of RNA polymerase II activity"/>
            <span end="21140" id="15328533-2064" start="21134">Pol II</span>
        </annotation>
        <annotation annotator="" id="GO_MF_2016_02_16_Instance_81127" type="identity">
            <class id="GO:0097617" label="annealing activity"/>
            <span end="21287" id="15328533-2060" start="21277">hybridized</span>
        </annotation>
        <annotation annotator="" id="GO_MF_2016_02_16_Instance_110553" type="identity">
            <class id="CHEBI_GO_EXT:agonist" label="agonist"/>
            <span end="22896" id="15328533-1996" start="22889">agonist</span>
        </annotation>
        <annotation annotator="" id="GO_MF_2016_02_16_Instance_110555" type="identity">
            <class id="CHEBI_GO_EXT:agonist" label="agonist"/>
            <span end="23888" id="15328533-1998" start="23880">Agonists</span>
        </annotation>
        <graph-space id="Old Knowtator Relations"/>
    </document>
</knowtator-project>
