<?xml version="1.0" encoding="UTF-8" standalone="no"?>
<knowtator-project>
    <document id="15492776" text-file="15492776.txt">
        <annotation annotator="" id="GO_MF_2016_02_16_Instance_90181" type="identity">
            <class id="GO_EXT:0098821" label="bearer of BMP receptor activity"/>
            <span end="12" id="15492776-2312" start="0">BMP Receptor</span>
        </annotation>
        <annotation annotator="" id="GO_MF_2016_02_16_Instance_90191" type="identity">
            <class id="GO_EXT:recombinase" label="recombinase"/>
            <span end="758" id="15492776-2322" start="747">recombinase</span>
        </annotation>
        <annotation annotator="" id="GO_MF_2016_02_16_Instance_90183" type="identity">
            <class id="GO_EXT:0098821" label="bearer of BMP receptor activity"/>
            <span end="1039" id="15492776-2314" start="1027">BMP receptor</span>
        </annotation>
        <annotation annotator="Mike Bada, University of Colorado Anschutz Medical Campus" id="GO_MF_2016_02_16_Instance_13807" type="identity">
            <class id="GO_EXT:0004872" label="bearer of receptor activity"/>
            <span end="1442" id="15492776-2284" start="1434">receptor</span>
        </annotation>
        <annotation annotator="Mike Bada, University of Colorado Anschutz Medical Campus" id="GO_MF_2016_02_16_Instance_13809" type="identity">
            <class id="GO_EXT:0004872" label="bearer of receptor activity"/>
            <span end="1532" id="15492776-2286" start="1524">receptor</span>
        </annotation>
        <annotation annotator="" id="GO_MF_2016_02_16_Instance_90185" type="identity">
            <class id="GO_EXT:0098821" label="bearer of BMP receptor activity"/>
            <span end="1722" id="15492776-2316" start="1710">BMP receptor</span>
        </annotation>
        <annotation annotator="" id="GO_MF_2016_02_16_Instance_90187" type="identity">
            <class id="GO_EXT:0098821" label="bearer of BMP receptor activity"/>
            <span end="1928" id="15492776-2318" start="1916">BMP receptor</span>
        </annotation>
        <annotation annotator="" id="GO_MF_2016_02_16_Instance_90189" type="identity">
            <class id="GO_EXT:0098821" label="bearer of BMP receptor activity"/>
            <span end="2045" id="15492776-2320" start="2033">BMP receptor</span>
        </annotation>
        <annotation annotator="" id="GO_MF_2016_02_16_Instance_90193" type="identity">
            <class id="CHEMINF_GO_EXT:chemical_binding_or_bond_formation" label="chemical binding or bond formation"/>
            <span end="5189" id="15492776-2324" start="5185">bind</span>
        </annotation>
        <annotation annotator="Mike Bada, University of Colorado Anschutz Medical Campus" id="GO_MF_2016_02_16_Instance_17109" type="identity">
            <class id="GO_EXT:0004675" label="bearer of transmembrane receptor protein serine/threonine kinase activity"/>
            <span end="5288" id="15492776-2310" start="5241">transmembrane serine-threonine kinase receptors</span>
        </annotation>
        <annotation annotator="" id="GO_MF_2016_02_16_Instance_90195" type="identity">
            <class id="CHEMINF_GO_EXT:chemical_binding_or_bond_formation" label="chemical binding or bond formation"/>
            <span end="5306" id="15492776-2326" start="5299">binding</span>
        </annotation>
        <annotation annotator="" id="GO_MF_2016_02_16_backup_Instance_79" type="identity">
            <class id="GO_EXT:transcription_factor" label="transcription factor"/>
            <span end="5413" id="15492776-2256" start="5392">transcription factors</span>
        </annotation>
        <annotation annotator="Mike Bada, University of Colorado Anschutz Medical Campus" id="GO_MF_2016_02_16_Instance_13817" type="identity">
            <class id="GO_EXT:0004872" label="bearer of receptor activity"/>
            <span end="5500" id="15492776-2288" start="5491">receptors</span>
        </annotation>
        <annotation annotator="Mike Bada, University of Colorado Anschutz Medical Campus" id="GO_MF_2016_02_16_Instance_13819" type="identity">
            <class id="GO_EXT:0004872" label="bearer of receptor activity"/>
            <span end="5558" id="15492776-2290" start="5549">receptors</span>
        </annotation>
        <annotation annotator="" id="GO_MF_2016_02_16_Instance_90197" type="identity">
            <class id="CHEMINF_GO_EXT:chemical_binding_or_bond_formation" label="chemical binding or bond formation"/>
            <span end="5567" id="15492776-2328" start="5563">bind</span>
        </annotation>
        <annotation annotator="Mike Bada, University of Colorado Anschutz Medical Campus" id="GO_MF_2016_02_16_Instance_13821" type="identity">
            <class id="GO_EXT:0004872" label="bearer of receptor activity"/>
            <span end="5759" id="15492776-2292" start="5750">receptors</span>
        </annotation>
        <annotation annotator="Mike Bada, University of Colorado Anschutz Medical Campus" id="GO_MF_2016_02_16_Instance_13823" type="identity">
            <class id="GO_EXT:0004872" label="bearer of receptor activity"/>
            <span end="7559" id="15492776-2294" start="7551">receptor</span>
        </annotation>
        <annotation annotator="" id="GO_MF_2016_02_16_Instance_90203" type="identity">
            <class id="GO_EXT:recombinase" label="recombinase"/>
            <span end="8521" id="15492776-2330" start="8510">recombinase</span>
        </annotation>
        <annotation annotator="" id="GO_MF_2016_02_16_Instance_90209" type="identity">
            <class id="GO_PR_EXT:alkaline_phosphatase" label="alkaline phosphatase"/>
            <span end="8895" id="15492776-2336" start="8875">alkaline phosphatase</span>
        </annotation>
        <annotation annotator="" id="GO_MF_2016_02_16_Instance_90205" type="identity">
            <class id="GO_EXT:recombinase" label="recombinase"/>
            <span end="9118" id="15492776-2332" start="9107">recombinase</span>
        </annotation>
        <annotation annotator="" id="GO_MF_2016_02_16_Instance_90207" type="identity">
            <class id="GO_EXT:recombinase" label="recombinase"/>
            <span end="9930" id="15492776-2334" start="9919">recombinase</span>
        </annotation>
        <annotation annotator="" id="GO_MF_2016_02_16_Instance_90211" type="identity">
            <class id="GO_EXT:reverse_transcription_or_reverse_transcriptase" label="reverse transcription or reverse transcriptase"/>
            <span end="12029" id="15492776-2338" start="12027">RT</span>
        </annotation>
        <annotation annotator="" id="GO_MF_2016_02_16_Instance_90213" type="identity">
            <class id="GO_EXT:0098821" label="bearer of BMP receptor activity"/>
            <span end="16734" id="15492776-2340" start="16721">BMP receptors</span>
        </annotation>
        <annotation annotator="" id="GO_MF_2016_02_16_Instance_150038" type="identity">
            <class id="GO_PR_EXT:DNA_nucleotidylexotransferase" label="DNA nucleotidylexotransferase"/>
            <span end="17621" id="15492776-2306" start="17584">Terminal deoxynucleotidyl transferase</span>
        </annotation>
        <annotation annotator="Mike Bada, University of Colorado Anschutz Medical Campus" id="GO_MF_2016_02_16_Instance_13827" type="identity">
            <class id="GO_EXT:0004872" label="bearer of receptor activity"/>
            <span end="18252" id="15492776-2296" start="18244">receptor</span>
        </annotation>
        <annotation annotator="" id="GO_MF_2016_02_16_Instance_90215" type="identity">
            <class id="GO:0097617" label="annealing activity"/>
            <span end="18586" id="15492776-2342" start="18573">hybridization</span>
        </annotation>
        <annotation annotator="" id="GO_MF_2016_02_16_Instance_90217" type="identity">
            <class id="CHEBI_GO_EXT:hormone" label="hormone"/>
            <span end="25553" id="15492776-2344" start="25546">hormone</span>
        </annotation>
        <annotation annotator="" id="GO_MF_2016_02_16_Instance_90219" type="identity">
            <class id="GO_EXT:0008237" label="bearer of metallopeptidase activity"/>
            <span end="27359" id="15492776-2346" start="27344">metalloprotease</span>
        </annotation>
        <annotation annotator="" id="GO_MF_2016_02_16_Instance_90221" type="identity">
            <class id="GO_EXT:0098821" label="bearer of BMP receptor activity"/>
            <span end="30968" id="15492776-2348" start="30955">BMP receptors</span>
        </annotation>
        <annotation annotator="Mike Bada, University of Colorado Anschutz Medical Campus" id="GO_MF_2016_02_16_Instance_13831" type="identity">
            <class id="GO_EXT:0004872" label="bearer of receptor activity"/>
            <span end="31177" id="15492776-2298" start="31169">receptor</span>
        </annotation>
        <annotation annotator="" id="GO_MF_2016_02_16_Instance_130036" type="identity">
            <class id="CHEBI_GO_EXT:ligand" label="ligand"/>
            <span end="32185" id="15492776-2280" start="32178">ligands</span>
        </annotation>
        <annotation annotator="Mike Bada, University of Colorado Anschutz Medical Campus" id="GO_MF_2016_02_16_Instance_13833" type="identity">
            <class id="GO_EXT:0004872" label="bearer of receptor activity"/>
            <span end="32239" id="15492776-2300" start="32231">receptor</span>
        </annotation>
        <annotation annotator="" id="GO_MF_2016_02_16_Instance_90223" type="identity">
            <class id="GO_EXT:0098821" label="bearer of BMP receptor activity"/>
            <span end="32909" id="15492776-2350" start="32896">BMP receptors</span>
        </annotation>
        <annotation annotator="" id="GO_MF_2016_02_16_Instance_90225" type="identity">
            <class id="GO_EXT:0098821" label="bearer of BMP receptor activity"/>
            <span end="34105" id="15492776-2352" start="34093">BMP receptor</span>
        </annotation>
        <annotation annotator="" id="GO_MF_2016_02_16_backup_Instance_81" type="identity">
            <class id="GO_EXT:transcription_factor" label="transcription factor"/>
            <span end="34771" id="15492776-2258" start="34751">transcription factor</span>
        </annotation>
        <annotation annotator="" id="GO_MF_2016_02_16_backup_Instance_83" type="identity">
            <class id="GO_EXT:transcription_factor" label="transcription factor"/>
            <span end="35202" id="15492776-2260" start="35182">transcription factor</span>
        </annotation>
        <annotation annotator="" id="GO_MF_2016_02_16_backup_Instance_85" type="identity">
            <class id="GO_EXT:transcription_factor" label="transcription factor"/>
            <span end="35317" id="15492776-2262" start="35297">transcription factor</span>
        </annotation>
        <annotation annotator="" id="GO_MF_2016_02_16_Instance_110254" type="identity">
            <class id="GO_EXT:0004691" label="bearer of cAMP-dependent protein kinase activity"/>
            <span end="35439" id="15492776-2270" start="35423">protein kinase A</span>
        </annotation>
        <annotation annotator="" id="GO_MF_2016_02_16_Instance_110256" type="identity">
            <class id="GO_EXT:0004691" label="bearer of cAMP-dependent protein kinase activity"/>
            <span end="35444" id="15492776-2272" start="35441">PKA</span>
        </annotation>
        <annotation annotator="" id="GO_MF_2016_02_16_Instance_110481" type="identity">
            <class id="GO_EXT:0004691" label="bearer of cAMP-dependent protein kinase activity"/>
            <span end="36215" id="15492776-2276" start="36212">PKA</span>
        </annotation>
        <annotation annotator="" id="GO_MF_2016_02_16_Instance_110206" type="identity">
            <class id="GO_PR_EXT:transforming_growth_factor_beta_receptor_type_II" label="transforming growth factor beta receptor type II"/>
            <span end="37055" id="15492776-2264" start="37027">transforming growth factor β</span>
            <span end="37080" id="15492776-2265" start="37064">type II receptor</span>
        </annotation>
        <annotation annotator="" id="GO_MF_2016_02_16_Instance_110208" type="identity">
            <class id="GO_PR_EXT:transforming_growth_factor_beta_receptor_type_II" label="transforming growth factor beta receptor type II"/>
            <span end="37062" id="15492776-2267" start="37057">TGF-β</span>
            <span end="37080" id="15492776-2268" start="37064">type II receptor</span>
        </annotation>
        <annotation annotator="" id="GO_MF_2016_02_16_Instance_130038" type="identity">
            <class id="CHEBI_GO_EXT:ligand" label="ligand"/>
            <span end="38072" id="15492776-2282" start="38065">ligands</span>
        </annotation>
        <annotation annotator="" id="GO_MF_2016_02_16_Instance_110557" type="identity">
            <class id="CHEBI_GO_EXT:agonist" label="agonist"/>
            <span end="38099" id="15492776-2278" start="38091">agonists</span>
        </annotation>
        <annotation annotator="Mike Bada, University of Colorado Anschutz Medical Campus" id="GO_MF_2016_02_16_Instance_13839" type="identity">
            <class id="GO_EXT:0004872" label="bearer of receptor activity"/>
            <span end="38145" id="15492776-2302" start="38137">receptor</span>
        </annotation>
        <annotation annotator="Mike Bada, University of Colorado Anschutz Medical Campus" id="GO_MF_2016_02_16_Instance_13841" type="identity">
            <class id="GO_EXT:0004872" label="bearer of receptor activity"/>
            <span end="39662" id="15492776-2304" start="39654">receptor</span>
        </annotation>
        <annotation annotator="" id="GO_MF_2016_02_16_Instance_90233" type="identity">
            <class id="GO_EXT:recombinase" label="recombinase"/>
            <span end="41198" id="15492776-2354" start="41187">recombinase</span>
        </annotation>
        <annotation annotator="" id="GO_MF_2016_02_16_Instance_90235" type="identity">
            <class id="GO:0097617" label="annealing activity"/>
            <span end="49024" id="15492776-2356" start="49011">hybridization</span>
        </annotation>
        <annotation annotator="" id="GO_MF_2016_02_16_Instance_90239" type="identity">
            <class id="GO_EXT:0008233" label="bearer of peptidase activity"/>
            <span end="49199" id="15492776-2358" start="49189">proteinase</span>
        </annotation>
        <annotation annotator="" id="GO_MF_2016_02_16_Instance_110356" type="identity">
            <class id="GO:0097617" label="annealing activity"/>
            <span end="49363" id="15492776-2274" start="49350">hybridization</span>
        </annotation>
        <annotation annotator="" id="GO_MF_2016_02_16_Instance_90241" type="identity">
            <class id="GO_EXT:0098821" label="bearer of BMP receptor activity"/>
            <span end="52273" id="15492776-2360" start="52238">bone morphogenetic protein receptor</span>
        </annotation>
        <annotation annotator="" id="GO_MF_2016_02_16_Instance_90243" type="identity">
            <class id="GO_PR_EXT:alkaline_phosphatase" label="alkaline phosphatase"/>
            <span end="52397" id="15492776-2362" start="52377">alkaline phosphatase</span>
        </annotation>
        <annotation annotator="" id="GO_MF_2016_02_16_Instance_90245" type="identity">
            <class id="GO_PR_EXT:alkaline_phosphatase" label="alkaline phosphatase"/>
            <span end="52497" id="15492776-2364" start="52477">alkaline phosphatase</span>
        </annotation>
        <annotation annotator="" id="GO_MF_2016_02_16_Instance_90283" type="identity">
            <class id="GO_EXT:0008083" label="bearer of growth factor activity"/>
            <span end="52634" id="15492776-2374" start="52621">growth factor</span>
        </annotation>
        <annotation annotator="" id="GO_MF_2016_02_16_Instance_150040" type="identity">
            <class id="GO_PR_EXT:DNA_nucleotidylexotransferase" label="DNA nucleotidylexotransferase"/>
            <span end="52683" id="15492776-2308" start="52646">terminal deoxynucleotidyl transferase</span>
        </annotation>
        <annotation annotator="" id="GO_MF_2016_02_16_Instance_90247" type="identity">
            <class id="GO:0097617" label="annealing activity"/>
            <span end="57019" id="15492776-2366" start="57006">hybridization</span>
        </annotation>
        <annotation annotator="" id="GO_MF_2016_02_16_Instance_90249" type="identity">
            <class id="GO:0097617" label="annealing activity"/>
            <span end="58275" id="15492776-2368" start="58262">hybridization</span>
        </annotation>
        <annotation annotator="" id="GO_MF_2016_02_16_Instance_90251" type="identity">
            <class id="GO:0097617" label="annealing activity"/>
            <span end="59862" id="15492776-2370" start="59849">hybridization</span>
        </annotation>
        <annotation annotator="" id="GO_MF_2016_02_16_Instance_90253" type="identity">
            <class id="GO_EXT:0098821" label="bearer of BMP receptor activity"/>
            <span end="62828" id="15492776-2372" start="62816">BMP receptor</span>
        </annotation>
        <graph-space id="Old Knowtator Relations"/>
    </document>
</knowtator-project>
