<?xml version="1.0" encoding="UTF-8" standalone="no"?>
<knowtator-project>
  <document id="15550985" text-file="15550985.txt">
    <annotation annotator="" id="GO_MF_2016_02_16_Instance_20003" type="identity">
      <class id="GO_EXT:chemoattractant_or_chemoattraction" label="chemoattractant or chemoattraction"/>
      <span end="17" id="15550985-2411" start="2">Chemoattractant</span>
    </annotation>
    <annotation annotator="" id="GO_MF_2016_02_16_Instance_20005" type="identity">
      <class id="GO_EXT:chemoattractant_or_chemoattraction" label="chemoattractant or chemoattraction"/>
      <span end="722" id="15550985-2413" start="707">chemoattractant</span>
    </annotation>
    <annotation annotator="Mike Bada, University of Colorado Anschutz Medical Campus" id="GO_MF_2016_02_16_Instance_17493" type="identity">
      <class id="GO_EXT:0019199" label="bearer of transmembrane receptor protein kinase activity"/>
      <span end="1142" id="15550985-2389" start="1118">tyrosine kinase receptor</span>
    </annotation>
    <annotation annotator="" id="GO_MF_2016_02_16_backup_Instance_87" type="identity">
      <class id="GO_EXT:transcription_factor" label="transcription factor"/>
      <span end="1206" id="15550985-2379" start="1186">transcription factor</span>
    </annotation>
    <annotation annotator="Mike Bada, University of Colorado Anschutz Medical Campus" id="GO_MF_2016_02_16_Instance_17575" type="identity">
      <class id="GO_EXT:0042056" label="bearer of chemoattractant activity"/>
      <span end="2327" id="15550985-2407" start="2312">chemoattractant</span>
    </annotation>
    <annotation annotator="" id="GO_MF_2016_02_16_Instance_90259" type="identity">
      <class id="GO_EXT:0008083" label="bearer of growth factor activity"/>
      <span end="6121" id="15550985-2425" start="6108">growth factor</span>
    </annotation>
    <annotation annotator="Mike Bada, University of Colorado Anschutz Medical Campus" id="GO_MF_2016_02_16_Instance_17577" type="identity">
      <class id="GO_EXT:0042056" label="bearer of chemoattractant activity"/>
      <span end="10096" id="15550985-2409" start="10081">Chemoattractant</span>
    </annotation>
    <annotation annotator="Mike Bada, University of Colorado Anschutz Medical Campus" id="GO_MF_2016_02_16_Instance_17571" type="identity">
      <class id="GO_EXT:0042056" label="bearer of chemoattractant activity"/>
      <span end="10179" id="15550985-2403" start="10164">chemoattractant</span>
    </annotation>
    <annotation annotator="Mike Bada, University of Colorado Anschutz Medical Campus" id="GO_MF_2016_02_16_Instance_17495" type="identity">
      <class id="GO_EXT:0004872" label="bearer of receptor activity"/>
      <span end="11304" id="15550985-2391" start="11295">receptors</span>
    </annotation>
    <annotation annotator="Mike Bada, University of Colorado Anschutz Medical Campus" id="GO_MF_2016_02_16_Instance_17573" type="identity">
      <class id="GO_EXT:0042056" label="bearer of chemoattractant activity"/>
      <span end="12942" id="15550985-2405" start="12927">chemoattractant</span>
    </annotation>
    <annotation annotator="" id="GO_MF_2016_02_16_Instance_20007" type="identity">
      <class id="GO_EXT:chemoattractant_or_chemoattraction" label="chemoattractant or chemoattraction"/>
      <span end="13035" id="15550985-2415" start="13020">chemoattractant</span>
    </annotation>
    <annotation annotator="" id="GO_MF_2016_02_16_Instance_20009" type="identity">
      <class id="GO_EXT:chemoattractant_or_chemoattraction" label="chemoattractant or chemoattraction"/>
      <span end="13103" id="15550985-2417" start="13088">chemoattractant</span>
    </annotation>
    <annotation annotator="" id="GO_MF_2016_02_16_Instance_20011" type="identity">
      <class id="GO_EXT:chemoattractant_or_chemoattraction" label="chemoattractant or chemoattraction"/>
      <span end="14004" id="15550985-2419" start="13989">chemoattractant</span>
    </annotation>
    <annotation annotator="Mike Bada, University of Colorado Anschutz Medical Campus" id="GO_MF_2016_02_16_Instance_17535" type="identity">
      <class id="GO_EXT:0042056" label="bearer of chemoattractant activity"/>
      <span end="14787" id="15550985-2399" start="14772">chemoattractant</span>
    </annotation>
    <annotation annotator="Mike Bada, University of Colorado Anschutz Medical Campus" id="GO_MF_2016_02_16_Instance_17539" type="identity">
      <class id="GO_EXT:0042056" label="bearer of chemoattractant activity"/>
      <span end="15640" id="15550985-2401" start="15625">chemoattractant</span>
    </annotation>
    <annotation annotator="" id="GO_MF_2016_02_16_Instance_90285" type="identity">
      <class id="GO_EXT:0008083" label="bearer of growth factor activity"/>
      <span end="17000" id="15550985-2427" start="16987">growth factor</span>
    </annotation>
    <annotation annotator="Mike Bada, University of Colorado Anschutz Medical Campus" id="GO_MF_2016_02_16_Instance_17497" type="identity">
      <class id="GO_EXT:0004872" label="bearer of receptor activity"/>
      <span end="17561" id="15550985-2393" start="17553">receptor</span>
    </annotation>
    <annotation annotator="" id="GO_MF_2016_02_16_backup_Instance_89" type="identity">
      <class id="GO_EXT:transcription_factor" label="transcription factor"/>
      <span end="18815" id="15550985-2381" start="18794">transcription factors</span>
    </annotation>
    <annotation annotator="" id="GO_MF_2016_02_16_backup_Instance_91" type="identity">
      <class id="GO_EXT:transcription_factor" label="transcription factor"/>
      <span end="19624" id="15550985-2383" start="19604">transcription factor</span>
    </annotation>
    <annotation annotator="" id="GO_MF_2016_02_16_Instance_20013" type="identity">
      <class id="GO_EXT:chemoattractant_or_chemoattraction" label="chemoattractant or chemoattraction"/>
      <span end="21241" id="15550985-2421" start="21226">chemoattractant</span>
    </annotation>
    <annotation annotator="Mike Bada, University of Colorado Anschutz Medical Campus" id="GO_MF_2016_02_16_Instance_17499" type="identity">
      <class id="GO_EXT:0004872" label="bearer of receptor activity"/>
      <span end="22496" id="15550985-2395" start="22487">receptors</span>
    </annotation>
    <annotation annotator="" id="GO_MF_2016_02_16_Instance_90291" type="identity">
      <class id="CHEMINF_GO_EXT:chemical_binding_or_bond_formation" label="chemical binding or bond formation"/>
      <span end="22508" id="15550985-2429" start="22504">bind</span>
    </annotation>
    <annotation annotator="Mike Bada, University of Colorado Anschutz Medical Campus" id="GO_MF_2016_02_16_Instance_17501" type="identity">
      <class id="GO_EXT:0004872" label="bearer of receptor activity"/>
      <span end="24178" id="15550985-2397" start="24169">receptors</span>
    </annotation>
    <annotation annotator="" id="GO_MF_2016_02_16_Instance_130040" type="identity">
      <class id="CHEBI_GO_EXT:ligand" label="ligand"/>
      <span end="24186" id="15550985-2385" start="24179">ligands</span>
    </annotation>
    <annotation annotator="" id="GO_MF_2016_02_16_Instance_90293" type="identity">
      <class id="CHEBI_GO_EXT:neomycin_or_neomycin_phosphotransferase" label="neomycin or neomycin phosphotransferase"/>
      <span end="25259" id="15550985-2431" start="25256">neo</span>
    </annotation>
    <annotation annotator="Mike Bada, University of Colorado Anschutz Medical Campus" id="GO_MF_2016_02_16_Instance_17489" type="identity">
      <class id="GO_EXT:0004872" label="bearer of receptor activity"/>
      <span end="32222" id="15550985-2387" start="32213">receptors</span>
    </annotation>
    <annotation annotator="" id="GO_MF_2016_02_16_Instance_20015" type="identity">
      <class id="GO_EXT:chemoattractant_or_chemoattraction" label="chemoattractant or chemoattraction"/>
      <span end="38080" id="15550985-2423" start="38065">chemoattractant</span>
    </annotation>
    <graph-space id="Old Knowtator Relations"/>
  </document>
</knowtator-project>
