<?xml version="1.0" encoding="UTF-8" standalone="no"?>
<knowtator-project>
  <document id="15630473" text-file="15630473.txt">
    <annotation annotator="" id="GO_MF_2016_02_16_Instance_90377" type="identity">
      <class id="GO_EXT:0008083" label="bearer of growth factor activity"/>
      <span end="545" id="15630473-2550" start="532">growth factor</span>
    </annotation>
    <annotation annotator="" id="GO_MF_2016_02_16_backup_Instance_93" type="identity">
      <class id="GO_EXT:transcription_factor" label="transcription factor"/>
      <span end="618" id="15630473-2500" start="598">transcription factor</span>
    </annotation>
    <annotation annotator="" id="GO_MF_2016_02_16_Instance_90381" type="identity">
      <class id="GO_PR_EXT:MAP_kinase" label="MAP kinase"/>
      <span end="678" id="15630473-2552" start="646">mitogen-activated protein kinase</span>
    </annotation>
    <annotation annotator="" id="GO_MF_2016_02_16_Instance_90383" type="identity">
      <class id="GO_PR_EXT:MAP_kinase" label="MAP kinase"/>
      <span end="684" id="15630473-2554" start="680">MAPK</span>
    </annotation>
    <annotation annotator="" id="GO_MF_2016_02_16_Instance_90385" type="identity">
      <class id="GO_PR_EXT:MAP_kinase" label="MAP kinase"/>
      <span end="1016" id="15630473-2556" start="1012">MAPK</span>
    </annotation>
    <annotation annotator="Mike Bada, University of Colorado Anschutz Medical Campus" id="GO_MF_2016_02_16_Instance_14789" type="identity">
      <class id="GO_EXT:0016015" label="bearer of morphogen activity"/>
      <span end="1308" id="15630473-2544" start="1298">morphogens</span>
    </annotation>
    <annotation annotator="" id="GO_MF_2016_02_16_Instance_110396" type="identity">
      <class id="GO_EXT:0016015" label="bearer of morphogen activity"/>
      <span end="2136" id="15630473-2526" start="2125">morphogenic</span>
    </annotation>
    <annotation annotator="" id="GO_MF_2016_02_16_Instance_90387" type="identity">
      <class id="GO_EXT:0008083" label="bearer of growth factor activity"/>
      <span end="2180" id="15630473-2558" start="2167">growth factor</span>
    </annotation>
    <annotation annotator="" id="GO_MF_2016_02_16_Instance_90389" type="identity">
      <class id="GO_EXT:0008083" label="bearer of growth factor activity"/>
      <span end="2223" id="15630473-2560" start="2209">growth factors</span>
    </annotation>
    <annotation annotator="" id="GO_MF_2016_02_16_Instance_90391" type="identity">
      <class id="GO_EXT:0004872" label="bearer of receptor activity"/>
      <span end="2290" id="15630473-2562" start="2281">receptors</span>
    </annotation>
    <annotation annotator="" id="GO_MF_2016_02_16_Instance_90393" type="identity">
      <class id="CHEMINF_GO_EXT:chemical_binding_or_bond_formation" label="chemical binding or bond formation"/>
      <span end="5080" id="15630473-2564" start="5075">binds</span>
    </annotation>
    <annotation annotator="" id="GO_MF_2016_02_16_Instance_90395" type="identity">
      <class id="CHEMINF_GO_EXT:chemical_binding_or_bond_formation" label="chemical binding or bond formation"/>
      <span end="5378" id="15630473-2566" start="5373">binds</span>
    </annotation>
    <annotation annotator="" id="GO_MF_2016_02_16_Instance_90397" type="identity">
      <class id="GO_PR_EXT:MAP_kinase" label="MAP kinase"/>
      <span end="5591" id="15630473-2568" start="5559">mitogen-activated protein kinase</span>
    </annotation>
    <annotation annotator="" id="GO_MF_2016_02_16_Instance_90399" type="identity">
      <class id="GO_PR_EXT:MAP_kinase" label="MAP kinase"/>
      <span end="5597" id="15630473-2570" start="5593">MAPK</span>
    </annotation>
    <annotation annotator="" id="GO_MF_2016_02_16_Instance_90401" type="identity">
      <class id="CHEMINF_GO_EXT:chemical_binding_or_bond_formation" label="chemical binding or bond formation"/>
      <span end="6065" id="15630473-2572" start="6058">binding</span>
    </annotation>
    <annotation annotator="" id="GO_MF_2016_02_16_Instance_90403" type="identity">
      <class id="CHEMINF_GO_EXT:chemical_binding_or_bond_formation" label="chemical binding or bond formation"/>
      <span end="6094" id="15630473-2574" start="6090">bind</span>
    </annotation>
    <annotation annotator="" id="GO_MF_2016_02_16_Instance_90405" type="identity">
      <class id="GO:0097617" label="annealing activity"/>
      <span end="9316" id="15630473-2576" start="9303">hybridization</span>
    </annotation>
    <annotation annotator="" id="GO_MF_2016_02_16_Instance_90413" type="identity">
      <class id="GO:0097617" label="annealing activity"/>
      <span end="9620" id="15630473-2584" start="9607">hybridization</span>
    </annotation>
    <annotation annotator="" id="GO_MF_2016_02_16_Instance_90407" type="identity">
      <class id="GO:0097617" label="annealing activity"/>
      <span end="9818" id="15630473-2578" start="9805">hybridization</span>
    </annotation>
    <annotation annotator="" id="GO_MF_2016_02_16_Instance_90409" type="identity">
      <class id="GO:0097617" label="annealing activity"/>
      <span end="9937" id="15630473-2580" start="9927">hybridized</span>
    </annotation>
    <annotation annotator="" id="GO_MF_2016_02_16_Instance_90411" type="identity">
      <class id="GO:0097617" label="annealing activity"/>
      <span end="10050" id="15630473-2582" start="10039">Hybridizing</span>
    </annotation>
    <annotation annotator="" id="GO_MF_2016_02_16_Instance_90415" type="identity">
      <class id="GO:0097617" label="annealing activity"/>
      <span end="10118" id="15630473-2586" start="10107">hybridizing</span>
    </annotation>
    <annotation annotator="" id="GO_MF_2016_02_16_Instance_90417" type="identity">
      <class id="GO:0097617" label="annealing activity"/>
      <span end="11284" id="15630473-2588" start="11271">hybridization</span>
    </annotation>
    <annotation annotator="" id="GO_MF_2016_02_16_Instance_90419" type="identity">
      <class id="GO:0097617" label="annealing activity"/>
      <span end="11693" id="15630473-2590" start="11680">hybridization</span>
    </annotation>
    <annotation annotator="" id="GO_MF_2016_02_16_Instance_90421" type="identity">
      <class id="GO_PR_EXT:MAP_kinase" label="MAP kinase"/>
      <span end="12593" id="15630473-2592" start="12589">MAPK</span>
    </annotation>
    <annotation annotator="" id="GO_MF_2016_02_16_Instance_90423" type="identity">
      <class id="CHEMINF_GO_EXT:chemical_binding_or_bond_formation" label="chemical binding or bond formation"/>
      <span end="20326" id="15630473-2594" start="20319">binding</span>
    </annotation>
    <annotation annotator="" id="GO_MF_2016_02_16_Instance_90425" type="identity">
      <class id="CHEMINF_GO_EXT:chemical_binding_or_bond_formation" label="chemical binding or bond formation"/>
      <span end="20951" id="15630473-2596" start="20947">bind</span>
    </annotation>
    <annotation annotator="" id="GO_MF_2016_02_16_Instance_90429" type="identity">
      <class id="GO_EXT:0008083" label="bearer of growth factor activity"/>
      <span end="21011" id="15630473-2600" start="20998">growth factor</span>
    </annotation>
    <annotation annotator="Mike Bada, University of Colorado Anschutz Medical Campus" id="GO_MF_2016_02_16_Instance_11261" type="identity">
      <class id="GO_EXT:0004872" label="bearer of receptor activity"/>
      <span end="21020" id="15630473-2536" start="21012">receptor</span>
    </annotation>
    <annotation annotator="" id="GO_MF_2016_02_16_Instance_90431" type="identity">
      <class id="CHEMINF_GO_EXT:chemical_binding_or_bond_formation" label="chemical binding or bond formation"/>
      <span end="21026" id="15630473-2602" start="21021">bound</span>
    </annotation>
    <annotation annotator="" id="GO_MF_2016_02_16_Instance_110411" type="identity">
      <class id="GO_EXT:nucleotide_exchange_factor" label="nucleotide exchange factor"/>
      <span end="21099" id="15630473-2530" start="21073">nucleotide exchange factor</span>
    </annotation>
    <annotation annotator="" id="GO_MF_2016_02_16_Instance_90433" type="identity">
      <class id="GO_PR_EXT:MAP_kinase" label="MAP kinase"/>
      <span end="21150" id="15630473-2604" start="21146">MAPK</span>
    </annotation>
    <annotation annotator="" id="GO_MF_2016_02_16_Instance_90427" type="identity">
      <class id="CHEMINF_GO_EXT:chemical_binding_or_bond_formation" label="chemical binding or bond formation"/>
      <span end="21274" id="15630473-2598" start="21267">binding</span>
    </annotation>
    <annotation annotator="" id="GO_MF_2016_02_16_Instance_90435" type="identity">
      <class id="GO_PR_EXT:MAP_kinase" label="MAP kinase"/>
      <span end="22187" id="15630473-2606" start="22183">MAPK</span>
    </annotation>
    <annotation annotator="" id="GO_MF_2016_02_16_Instance_90437" type="identity">
      <class id="GO_PR_EXT:MAP_kinase" label="MAP kinase"/>
      <span end="23169" id="15630473-2608" start="23165">MAPK</span>
    </annotation>
    <annotation annotator="" id="GO_MF_2016_02_16_Instance_90439" type="identity">
      <class id="GO_EXT:0008083" label="bearer of growth factor activity"/>
      <span end="25968" id="15630473-2610" start="25955">growth factor</span>
    </annotation>
    <annotation annotator="" id="GO_MF_2016_02_16_Instance_110210" type="identity">
      <class id="GO_EXT:0005024" label="bearer of transforming growth factor beta-activated receptor activity"/>
      <span end="26109" id="15630473-2522" start="26095">TGF-β receptor</span>
    </annotation>
    <annotation annotator="Mike Bada, University of Colorado Anschutz Medical Campus" id="GO_MF_2016_02_16_Instance_10819" type="identity">
      <class id="GO_EXT:0004565" label="bearer of beta-galactosidase activity"/>
      <span end="26721" id="15630473-2506" start="26706">β-galactosidase</span>
    </annotation>
    <annotation annotator="" id="GO_MF_2016_02_16_Instance_90441" type="identity">
      <class id="CHEMINF_GO_EXT:chemical_binding_or_bond_formation" label="chemical binding or bond formation"/>
      <span end="27687" id="15630473-2612" start="27680">binding</span>
    </annotation>
    <annotation annotator="Mike Bada, University of Colorado Anschutz Medical Campus" id="GO_MF_2016_02_16_Instance_14791" type="identity">
      <class id="GO_EXT:0016015" label="bearer of morphogen activity"/>
      <span end="30824" id="15630473-2546" start="30815">morphogen</span>
    </annotation>
    <annotation annotator="Mike Bada, University of Colorado Anschutz Medical Campus" id="GO_MF_2016_02_16_Instance_14793" type="identity">
      <class id="GO_EXT:0016015" label="bearer of morphogen activity"/>
      <span end="31869" id="15630473-2548" start="31859">morphogens</span>
    </annotation>
    <annotation annotator="" id="GO_MF_2016_02_16_backup_Instance_95" type="identity">
      <class id="GO_EXT:transcription_factor" label="transcription factor"/>
      <span end="33001" id="15630473-2502" start="32981">transcription factor</span>
    </annotation>
    <annotation annotator="" id="GO_MF_2016_02_16_backup_Instance_97" type="identity">
      <class id="GO_EXT:transcription_factor" label="transcription factor"/>
      <span end="33917" id="15630473-2504" start="33896">transcription factors</span>
    </annotation>
    <annotation annotator="" id="GO_MF_2016_02_16_Instance_90447" type="identity">
      <class id="GO_PR_EXT:MAP_kinase" label="MAP kinase"/>
      <span end="35071" id="15630473-2614" start="35067">MAPK</span>
    </annotation>
    <annotation annotator="" id="GO_MF_2016_02_16_backup_Instance_99" type="identity">
      <class id="GO_EXT:transcription_factor" label="transcription factor"/>
      <span end="38439" id="15630473-2498" start="38419">transcription factor</span>
    </annotation>
    <annotation annotator="" id="GO_MF_2016_02_16_Instance_90451" type="identity">
      <class id="CHEMINF_GO_EXT:chemical_binding_or_bond_formation" label="chemical binding or bond formation"/>
      <span end="38519" id="15630473-2616" start="38512">binding</span>
    </annotation>
    <annotation annotator="" id="GO_MF_2016_02_16_Instance_90453" type="identity">
      <class id="CHEMINF_GO_EXT:chemical_binding_or_bond_formation" label="chemical binding or bond formation"/>
      <span end="40430" id="15630473-2618" start="40426">bind</span>
    </annotation>
    <annotation annotator="" id="GO_MF_2016_02_16_Instance_90455" type="identity">
      <class id="GO_PR_EXT:MAP_kinase" label="MAP kinase"/>
      <span end="40831" id="15630473-2620" start="40827">MAPK</span>
    </annotation>
    <annotation annotator="" id="GO_MF_2016_02_16_Instance_90457" type="identity">
      <class id="GO_PR_EXT:MAP_kinase" label="MAP kinase"/>
      <span end="43140" id="15630473-2622" start="43136">MAPK</span>
    </annotation>
    <annotation annotator="" id="GO_MF_2016_02_16_Instance_90459" type="identity">
      <class id="GO_PR_EXT:glutathione_S_transferase" label="glutathione S-transferase"/>
      <span end="44136" id="15630473-2624" start="44133">GST</span>
    </annotation>
    <annotation annotator="" id="GO_MF_2016_02_16_Instance_90461" type="identity">
      <class id="CHEBI_GO_EXT:peptidase_or_protease_or_proteinase_inhibitor" label="peptidase/protease/proteinase inhibitor"/>
      <span end="45148" id="15630473-2626" start="45129">protease inhibitors</span>
    </annotation>
    <annotation annotator="" id="GO_MF_2016_02_16_Instance_90463" type="identity">
      <class id="CHEBI_GO_EXT:peptidase_or_protease_or_proteinase_inhibitor" label="peptidase/protease/proteinase inhibitor"/>
      <span end="45469" id="15630473-2628" start="45450">protease inhibitors</span>
    </annotation>
    <annotation annotator="Mike Bada, University of Colorado Anschutz Medical Campus" id="GO_MF_2016_02_16_Instance_10821" type="identity">
      <class id="GO_EXT:0004565" label="bearer of beta-galactosidase activity"/>
      <span end="46637" id="15630473-2508" start="46622">β-galactosidase</span>
    </annotation>
    <annotation annotator="Mike Bada, University of Colorado Anschutz Medical Campus" id="GO_MF_2016_02_16_Instance_11289" type="identity">
      <class id="GO_EXT:0045289" label="bearer of luciferin monooxygenase activity"/>
      <span end="46651" id="15630473-2538" start="46641">luciferase</span>
    </annotation>
    <annotation annotator="Mike Bada, University of Colorado Anschutz Medical Campus" id="GO_MF_2016_02_16_Instance_10847" type="identity">
      <class id="GO_EXT:0045289" label="bearer of luciferin monooxygenase activity"/>
      <span end="46808" id="15630473-2516" start="46798">luciferase</span>
    </annotation>
    <annotation annotator="Mike Bada, University of Colorado Anschutz Medical Campus" id="GO_MF_2016_02_16_Instance_10849" type="identity">
      <class id="GO_EXT:0050248" label="bearer of Renilla-luciferin 2-monooxygenase activity"/>
      <span end="46887" id="15630473-2518" start="46869">Runella luciferase</span>
    </annotation>
    <annotation annotator="" id="GO_MF_2016_02_16_Instance_90465" type="identity">
      <class id="GO_PR_EXT:MAP_kinase" label="MAP kinase"/>
      <span end="47172" id="15630473-2630" start="47168">MAPK</span>
    </annotation>
    <annotation annotator="Mike Bada, University of Colorado Anschutz Medical Campus" id="GO_MF_2016_02_16_Instance_13059" type="identity">
      <class id="GO_EXT:0015925" label="bearer of galactosidase activity"/>
      <span end="47957" id="15630473-2542" start="47954">gal</span>
    </annotation>
    <annotation annotator="" id="GO_MF_2016_02_16_Instance_110316" type="identity">
      <class id="CHEMINF_GO_EXT:chemical_binding_or_bond_formation" label="chemical binding or bond formation"/>
      <span end="48075" id="15630473-2524" start="48068">binding</span>
    </annotation>
    <annotation annotator="" id="GO_MF_2016_02_16_Instance_90467" type="identity">
      <class id="GO:0097617" label="annealing activity"/>
      <span end="48373" id="15630473-2632" start="48360">hybridization</span>
    </annotation>
    <annotation annotator="" id="GO_MF_2016_02_16_Instance_90469" type="identity">
      <class id="GO:0097617" label="annealing activity"/>
      <span end="48813" id="15630473-2634" start="48800">hybridization</span>
    </annotation>
    <annotation annotator="" id="GO_MF_2016_02_16_Instance_90471" type="identity">
      <class id="GO:0097617" label="annealing activity"/>
      <span end="49066" id="15630473-2636" start="49052">hybridizations</span>
    </annotation>
    <annotation annotator="" id="GO_MF_2016_02_16_Instance_90475" type="identity">
      <class id="GO:0097617" label="annealing activity"/>
      <span end="49211" id="15630473-2640" start="49201">hybridized</span>
    </annotation>
    <annotation annotator="" id="GO_MF_2016_02_16_Instance_90473" type="identity">
      <class id="GO:0097617" label="annealing activity"/>
      <span end="49253" id="15630473-2638" start="49243">hybridized</span>
    </annotation>
    <annotation annotator="" id="GO_MF_2016_02_16_Instance_90477" type="identity">
      <class id="GO_EXT:reverse_transcription_or_reverse_transcriptase" label="reverse transcription or reverse transcriptase"/>
      <span end="50263" id="15630473-2642" start="50261">RT</span>
    </annotation>
    <annotation annotator="" id="GO_MF_2016_02_16_Instance_110467" type="identity">
      <class id="GO_PR_EXT:glyceraldehyde_3_phosphate_dehydrogenase" label="glyceraldehyde-3-phosphate dehydrogenase"/>
      <span end="50590" id="15630473-2532" start="50585">GAPDH</span>
    </annotation>
    <annotation annotator="" id="GO_MF_2016_02_16_Instance_110469" type="identity">
      <class id="GO_PR_EXT:glyceraldehyde_3_phosphate_dehydrogenase" label="glyceraldehyde-3-phosphate dehydrogenase"/>
      <span end="50640" id="15630473-2534" start="50635">GAPDH</span>
    </annotation>
    <annotation annotator="" id="GO_MF_2016_02_16_Instance_110398" type="identity">
      <class id="GO_EXT:0016015" label="bearer of morphogen activity"/>
      <span end="51556" id="15630473-2528" start="51545">morphogenic</span>
    </annotation>
    <annotation annotator="" id="GO_MF_2016_02_16_Instance_90479" type="identity">
      <class id="GO_EXT:0008083" label="bearer of growth factor activity"/>
      <span end="51676" id="15630473-2644" start="51663">growth factor</span>
    </annotation>
    <annotation annotator="" id="GO_MF_2016_02_16_Instance_90481" type="identity">
      <class id="GO_EXT:0008083" label="bearer of growth factor activity"/>
      <span end="51699" id="15630473-2646" start="51686">growth factor</span>
    </annotation>
    <annotation annotator="Mike Bada, University of Colorado Anschutz Medical Campus" id="GO_MF_2016_02_16_Instance_11363" type="identity">
      <class id="GO_EXT:0004872" label="bearer of receptor activity"/>
      <span end="51708" id="15630473-2540" start="51700">receptor</span>
    </annotation>
    <annotation annotator="" id="GO_MF_2016_02_16_Instance_90485" type="identity">
      <class id="CHEMINF_GO_EXT:chemical_binding_or_bond_formation" label="chemical binding or bond formation"/>
      <span end="51714" id="15630473-2650" start="51709">bound</span>
    </annotation>
    <annotation annotator="" id="GO_MF_2016_02_16_Instance_90487" type="identity">
      <class id="GO_PR_EXT:MAP_kinase" label="MAP kinase"/>
      <span end="51845" id="15630473-2652" start="51841">MAPK</span>
    </annotation>
    <annotation annotator="" id="GO_MF_2016_02_16_Instance_90489" type="identity">
      <class id="GO_PR_EXT:MAP_kinase" label="MAP kinase"/>
      <span end="51880" id="15630473-2654" start="51848">mitogen-activated protein kinase</span>
    </annotation>
    <annotation annotator="" id="GO_MF_2016_02_16_Instance_90491" type="identity">
      <class id="GO_PR_EXT:MAP_kinase" label="MAP kinase"/>
      <span end="51934" id="15630473-2656" start="51930">MAPK</span>
    </annotation>
    <annotation annotator="" id="GO_MF_2016_02_16_Instance_90483" type="identity">
      <class id="GO_EXT:0008083" label="bearer of growth factor activity"/>
      <span end="52222" id="15630473-2648" start="52209">growth factor</span>
    </annotation>
    <annotation annotator="" id="GO_MF_2016_02_16_Instance_90493" type="identity">
      <class id="GO:0097617" label="annealing activity"/>
      <span end="52559" id="15630473-2658" start="52545">hybridizations</span>
    </annotation>
    <annotation annotator="" id="GO_MF_2016_02_16_Instance_90495" type="identity">
      <class id="CHEMINF_GO_EXT:chemical_binding_or_bond_formation" label="chemical binding or bond formation"/>
      <span end="58952" id="15630473-2660" start="58947">binds</span>
    </annotation>
    <annotation annotator="" id="GO_MF_2016_02_16_Instance_90501" type="identity">
      <class id="GO_EXT:0003712" label="bearer of transcription cofactor activity"/>
      <span end="59029" id="15630473-2666" start="59007">transcription cofactor</span>
    </annotation>
    <annotation annotator="" id="GO_MF_2016_02_16_Instance_90497" type="identity">
      <class id="CHEMINF_GO_EXT:chemical_binding_or_bond_formation" label="chemical binding or bond formation"/>
      <span end="59115" id="15630473-2662" start="59110">binds</span>
    </annotation>
    <annotation annotator="" id="GO_MF_2016_02_16_Instance_90499" type="identity">
      <class id="CHEMINF_GO_EXT:chemical_binding_or_bond_formation" label="chemical binding or bond formation"/>
      <span end="59226" id="15630473-2664" start="59222">bind</span>
    </annotation>
    <annotation annotator="" id="GO_MF_2016_02_16_Instance_90503" type="identity">
      <class id="GO_PR_EXT:MAP_kinase" label="MAP kinase"/>
      <span end="59370" id="15630473-2668" start="59366">MAPK</span>
    </annotation>
    <annotation annotator="" id="GO_MF_2016_02_16_Instance_90507" type="identity">
      <class id="GO_PR_EXT:MAP_kinase" label="MAP kinase"/>
      <span end="62024" id="15630473-2670" start="62020">MAPK</span>
    </annotation>
    <annotation annotator="" id="GO_MF_2016_02_16_Instance_90509" type="identity">
      <class id="GO_PR_EXT:MAP_kinase" label="MAP kinase"/>
      <span end="62484" id="15630473-2672" start="62480">MAPK</span>
    </annotation>
    <annotation annotator="" id="GO_MF_2016_02_16_Instance_90511" type="identity">
      <class id="GO_EXT:reverse_transcription_or_reverse_transcriptase" label="reverse transcription or reverse transcriptase"/>
      <span end="63822" id="15630473-2674" start="63820">RT</span>
    </annotation>
    <annotation annotator="Mike Bada, University of Colorado Anschutz Medical Campus" id="GO_MF_2016_02_16_Instance_10855" type="identity">
      <class id="GO_EXT:0003964" label="bearer of RNA-directed DNA polymerase activity"/>
      <span end="63886" id="15630473-2520" start="63865">reverse transcriptase</span>
    </annotation>
    <annotation annotator="" id="GO_MF_2016_02_16_Instance_90513" type="identity">
      <class id="GO_EXT:reverse_transcription_or_reverse_transcriptase" label="reverse transcription or reverse transcriptase"/>
      <span end="63890" id="15630473-2676" start="63888">RT</span>
    </annotation>
    <annotation annotator="" id="GO_MF_2016_02_16_Instance_90515" type="identity">
      <class id="GO_PR_EXT:glyceraldehyde_3_phosphate_dehydrogenase" label="glyceraldehyde-3-phosphate dehydrogenase"/>
      <span end="63941" id="15630473-2678" start="63936">GAPDH</span>
    </annotation>
    <annotation annotator="Mike Bada, University of Colorado Anschutz Medical Campus" id="GO_MF_2016_02_16_Instance_10823" type="identity">
      <class id="GO_EXT:0004565" label="bearer of beta-galactosidase activity"/>
      <span end="64114" id="15630473-2510" start="64099">β-galactosidase</span>
    </annotation>
    <annotation annotator="Mike Bada, University of Colorado Anschutz Medical Campus" id="GO_MF_2016_02_16_Instance_10825" type="identity">
      <class id="GO_EXT:0004565" label="bearer of beta-galactosidase activity"/>
      <span end="64178" id="15630473-2512" start="64163">β-galactosidase</span>
    </annotation>
    <annotation annotator="" id="GO_MF_2016_02_16_Instance_90517" type="identity">
      <class id="CHEMINF_GO_EXT:chemical_binding_or_bond_formation" label="chemical binding or bond formation"/>
      <span end="64300" id="15630473-2680" start="64293">binding</span>
    </annotation>
    <annotation annotator="Mike Bada, University of Colorado Anschutz Medical Campus" id="GO_MF_2016_02_16_Instance_10831" type="identity">
      <class id="GO_EXT:0004565" label="bearer of beta-galactosidase activity"/>
      <span end="64454" id="15630473-2514" start="64439">β-galactosidase</span>
    </annotation>
    <graph-space id="Old Knowtator Relations"/>
  </document>
</knowtator-project>
