<?xml version="1.0" encoding="UTF-8" standalone="no"?>
<knowtator-project>
  <document id="15676071" text-file="15676071.txt">
    <annotation annotator="" id="GO_MF_2016_02_16_backup_Instance_101" type="identity">
      <class id="GO_EXT:transcription_factor" label="transcription factor"/>
      <span end="498" id="15676071-2684" start="478">transcription factor</span>
    </annotation>
    <annotation annotator="" id="GO_MF_2016_02_16_Instance_90521" type="identity">
      <class id="CHEMINF_GO_EXT:chemical_binding_or_bond_formation" label="chemical binding or bond formation"/>
      <span end="2515" id="15676071-2694" start="2508">binding</span>
    </annotation>
    <annotation annotator="" id="GO_MF_2016_02_16_Instance_90523" type="identity">
      <class id="CHEMINF_GO_EXT:chemical_binding_or_bond_formation" label="chemical binding or bond formation"/>
      <span end="3623" id="15676071-2696" start="3616">binding</span>
    </annotation>
    <annotation annotator="" id="GO_MF_2016_02_16_backup_Instance_103" type="identity">
      <class id="GO_EXT:transcription_factor" label="transcription factor"/>
      <span end="21116" id="15676071-2686" start="21096">transcription factor</span>
    </annotation>
    <annotation annotator="" id="GO_MF_2016_02_16_Instance_90527" type="identity">
      <class id="CHEBI_GO_SO_EXT:enzyme" label="enzyme"/>
      <span end="23776" id="15676071-2698" start="23769">enzymes</span>
    </annotation>
    <annotation annotator="" id="GO_MF_2016_02_16_Instance_90529" type="identity">
      <class id="GO:0097617" label="annealing activity"/>
      <span end="23993" id="15676071-2700" start="23980">hybridization</span>
    </annotation>
    <annotation annotator="Mike Bada, University of Colorado Anschutz Medical Campus" id="GO_MF_2016_02_16_Instance_13007" type="identity">
      <class id="GO_EXT:0022836" label="bearer of gated channel activity"/>
      <span end="25319" id="15676071-2690" start="25306">gated channel</span>
    </annotation>
    <annotation annotator="Mike Bada, University of Colorado Anschutz Medical Campus" id="GO_MF_2016_02_16_Instance_13289" type="identity">
      <class id="GO_EXT:0004713" label="bearer of protein tyrosine kinase activity"/>
      <span end="27246" id="15676071-2692" start="27231">tyrosine kinase</span>
    </annotation>
    <annotation annotator="" id="GO_MF_2016_02_16_backup_Instance_105" type="identity">
      <class id="GO_EXT:transcription_factor" label="transcription factor"/>
      <span end="30156" id="15676071-2688" start="30136">transcription factor</span>
    </annotation>
    <graph-space id="Old Knowtator Relations"/>
  </document>
</knowtator-project>
