<?xml version="1.0" encoding="UTF-8" standalone="no"?>
<knowtator-project>
  <document id="15760270" text-file="15760270.txt">
    <annotation annotator="" id="GO_MF_2016_02_16_backup_Instance_487" type="identity">
      <class id="GO_EXT:0003713" label="bearer of transcription coactivator activity"/>
      <span end="195" id="15760270-2714" start="168">transcriptional coactivator</span>
    </annotation>
    <annotation annotator="Mike Bada, University of Colorado Anschutz Medical Campus" id="GO_MF_2016_02_16_Instance_13327" type="identity">
      <class id="GO_EXT:0004872" label="bearer of receptor activity"/>
      <span end="238" id="15760270-2773" start="230">receptor</span>
    </annotation>
    <annotation annotator="" id="GO_MF_2016_02_16_backup_Instance_489" type="identity">
      <class id="GO_EXT:0003713" label="bearer of transcription coactivator activity"/>
      <span end="2125" id="15760270-2716" start="2098">transcriptional coactivator</span>
    </annotation>
    <annotation annotator="Mike Bada, University of Colorado Anschutz Medical Campus" id="GO_MF_2016_02_16_Instance_13325" type="identity">
      <class id="GO_EXT:0004872" label="bearer of receptor activity"/>
      <span end="2169" id="15760270-2771" start="2161">receptor</span>
    </annotation>
    <annotation annotator="" id="GO_MF_2016_02_16_Instance_90533" type="identity">
      <class id="GO_EXT:0004872" label="bearer of receptor activity"/>
      <span end="2522" id="15760270-2785" start="2514">receptor</span>
    </annotation>
    <annotation annotator="" id="GO_MF_2016_02_16_backup_Instance_491" type="identity">
      <class id="GO_EXT:0003713" label="bearer of transcription coactivator activity"/>
      <span end="2708" id="15760270-2718" start="2681">transcriptional coactivator</span>
    </annotation>
    <annotation annotator="" id="GO_MF_2016_02_16_Instance_90535" type="identity">
      <class id="GO_EXT:0004872" label="bearer of receptor activity"/>
      <span end="2743" id="15760270-2787" start="2735">receptor</span>
    </annotation>
    <annotation annotator="" id="GO_MF_2016_02_16_backup_Instance_107" type="identity">
      <class id="GO_EXT:transcription_factor" label="transcription factor"/>
      <span end="2765" id="15760270-2704" start="2744">transcription factors</span>
    </annotation>
    <annotation annotator="" id="GO_MF_2016_02_16_Instance_90541" type="identity">
      <class id="CHEBI_GO_EXT:hormone" label="hormone"/>
      <span end="3773" id="15760270-2791" start="3766">hormone</span>
    </annotation>
    <annotation annotator="" id="GO_MF_2016_02_16_Instance_90539" type="identity">
      <class id="GO_EXT:0004872" label="bearer of receptor activity"/>
      <span end="3783" id="15760270-2789" start="3774">receptors</span>
    </annotation>
    <annotation annotator="Mike Bada, University of Colorado Anschutz Medical Campus" id="GO_MF_2016_02_16_Instance_13329" type="identity">
      <class id="GO_EXT:0004887" label="bearer of thyroid hormone receptor activity"/>
      <span end="3810" id="15760270-2775" start="3794">thyroid receptor</span>
    </annotation>
    <annotation annotator="" id="GO_MF_2016_02_16_backup_Instance_109" type="identity">
      <class id="GO_EXT:transcription_factor" label="transcription factor"/>
      <span end="3997" id="15760270-2706" start="3977">transcription factor</span>
    </annotation>
    <annotation annotator="" id="GO_MF_2016_02_16_backup_Instance_111" type="identity">
      <class id="GO_EXT:transcription_factor" label="transcription factor"/>
      <span end="4105" id="15760270-2708" start="4085">transcription factor</span>
    </annotation>
    <annotation annotator="" id="GO_MF_2016_02_16_Instance_90547" type="identity">
      <class id="GO_EXT:reverse_transcription_or_reverse_transcriptase" label="reverse transcription or reverse transcriptase"/>
      <span end="6844" id="15760270-2793" start="6842">RT</span>
    </annotation>
    <annotation annotator="Mike Bada, University of Colorado Anschutz Medical Campus" id="GO_MF_2016_02_16_Instance_13355" type="identity">
      <class id="GO_EXT:0004129" label="bearer of cytochrome-c oxidase activity"/>
      <span end="11824" id="15760270-2779" start="11806">cytochrome oxidase</span>
    </annotation>
    <annotation annotator="" id="GO_MF_2016_02_16_Instance_110493" type="identity">
      <class id="GO_PR_EXT:beta1_adrenergic_receptor" label="beta1-adrenergic receptor"/>
      <span end="19409" id="15760270-2726" start="19407">β1</span>
      <span end="19423" id="15760270-2727" start="19412">-adrenergic</span>
    </annotation>
    <annotation annotator="" id="GO_MF_2016_02_16_Instance_110495" type="identity">
      <class id="GO_PR_EXT:alpha1_adrenergic_receptor" label="alpha1-adrenergic receptor"/>
      <span end="19423" id="15760270-2729" start="19410">α1-adrenergic</span>
    </annotation>
    <annotation annotator="" id="GO_MF_2016_02_16_Instance_110559" type="identity">
      <class id="CHEBI_GO_EXT:agonist" label="agonist"/>
      <span end="19441" id="15760270-2739" start="19434">agonist</span>
    </annotation>
    <annotation annotator="" id="GO_MF_2016_02_16_Instance_110497" type="identity">
      <class id="GO_PR_EXT:beta_adrenergic_receptor" label="beta-adrenergic receptor"/>
      <span end="19718" id="15760270-2731" start="19706">β-adrenergic</span>
    </annotation>
    <annotation annotator="" id="GO_MF_2016_02_16_Instance_110499" type="identity">
      <class id="GO_PR_EXT:beta_adrenergic_receptor" label="beta-adrenergic receptor"/>
      <span end="19967" id="15760270-2733" start="19955">β-adrenergic</span>
    </annotation>
    <annotation annotator="" id="GO_MF_2016_02_16_Instance_90550" type="identity">
      <class id="GO_PR_EXT:beta3_adrenergic_receptor" label="beta3-adrenergic receptor"/>
      <span end="22084" id="15760270-2795" start="22062">β3-adrenergic receptor</span>
    </annotation>
    <annotation annotator="" id="GO_MF_2016_02_16_Instance_90552" type="identity">
      <class id="GO_PR_EXT:beta3_adrenergic_receptor" label="beta3-adrenergic receptor"/>
      <span end="22173" id="15760270-2797" start="22160">β3-adrenergic</span>
    </annotation>
    <annotation annotator="" id="GO_MF_2016_02_16_Instance_110563" type="identity">
      <class id="GO_PR_EXT:beta3_adrenergic_receptor" label="beta3-adrenergic receptor"/>
      <span end="22313" id="15760270-2743" start="22311">β3</span>
    </annotation>
    <annotation annotator="" id="GO_MF_2016_02_16_Instance_110561" type="identity">
      <class id="CHEBI_GO_EXT:agonist" label="agonist"/>
      <span end="22321" id="15760270-2741" start="22314">agonist</span>
    </annotation>
    <annotation annotator="" id="GO_MF_2016_02_16_Instance_90554" type="identity">
      <class id="GO_PR_EXT:beta3_adrenergic_receptor" label="beta3-adrenergic receptor"/>
      <span end="22577" id="15760270-2799" start="22564">β3-adrenergic</span>
    </annotation>
    <annotation annotator="" id="GO_MF_2016_02_16_Instance_90556" type="identity">
      <class id="CHEBI_GO_SO_EXT:enzyme" label="enzyme"/>
      <span end="24408" id="15760270-2801" start="24402">enzyme</span>
    </annotation>
    <annotation annotator="" id="GO_MF_2016_02_16_Instance_110503" type="identity">
      <class id="GO_PR_EXT:medium_chain_acyl_CoA_dehydrogenase" label="medium-chain acyl-CoA dehydrogenase"/>
      <span end="24828" id="15760270-2737" start="24824">MCAD</span>
    </annotation>
    <annotation annotator="" id="GO_MF_2016_02_16_Instance_90558" type="identity">
      <class id="CHEMINF_GO_EXT:chemical_binding_or_bond_formation" label="chemical binding or bond formation"/>
      <span end="25686" id="15760270-2803" start="25679">binding</span>
    </annotation>
    <annotation annotator="" id="GO_MF_2016_02_16_Instance_90657" type="identity">
      <class id="GO_PR_EXT:stearoyl_CoA_desaturase" label="stearoyl-CoA desaturase"/>
      <span end="25835" id="15760270-2888" start="25812">stearoyl-CoA desaturase</span>
    </annotation>
    <annotation annotator="" id="GO_MF_2016_02_16_Instance_90561" type="identity">
      <class id="GO_PR_EXT:diacylglycerol_acyltransferase" label="diacylglycerol acyltransferase"/>
      <span end="25959" id="15760270-2805" start="25932">diglyceride acyltransferase</span>
    </annotation>
    <annotation annotator="" id="GO_MF_2016_02_16_Instance_90563" type="identity">
      <class id="GO_PR_EXT:diacylglycerol_acyltransferase" label="diacylglycerol acyltransferase"/>
      <span end="25965" id="15760270-2807" start="25961">DGAT</span>
    </annotation>
    <annotation annotator="" id="GO_MF_2016_02_16_Instance_110445" type="identity">
      <class id="GO_MOP_EXT:catalysis" label="catalysis"/>
      <span end="25983" id="15760270-2722" start="25974">catalyzes</span>
    </annotation>
    <annotation annotator="" id="GO_MF_2016_02_16_backup_Instance_113" type="identity">
      <class id="GO_EXT:transcription_factor" label="transcription factor"/>
      <span end="30746" id="15760270-2710" start="30725">transcription factors</span>
    </annotation>
    <annotation annotator="" id="GO_MF_2016_02_16_Instance_90567" type="identity">
      <class id="GO_EXT:0004872" label="bearer of receptor activity"/>
      <span end="31035" id="15760270-2809" start="31027">receptor</span>
    </annotation>
    <annotation annotator="Mike Bada, University of Colorado Anschutz Medical Campus" id="GO_MF_2016_02_16_Instance_13321" type="identity">
      <class id="GO_EXT:0004872" label="bearer of receptor activity"/>
      <span end="31061" id="15760270-2767" start="31053">receptor</span>
    </annotation>
    <annotation annotator="" id="GO_MF_2016_02_16_Instance_90572" type="identity">
      <class id="GO_PR_EXT:beta_adrenergic_receptor" label="beta-adrenergic receptor"/>
      <span end="33144" id="15760270-2811" start="33132">β-adrenergic</span>
    </annotation>
    <annotation annotator="" id="GO_MF_2016_02_16_Instance_110501" type="identity">
      <class id="GO_PR_EXT:beta3_adrenergic_receptor" label="beta3-adrenergic receptor"/>
      <span end="33648" id="15760270-2735" start="33635">β3-adrenergic</span>
    </annotation>
    <annotation annotator="" id="GO_MF_2016_02_16_Instance_110565" type="identity">
      <class id="CHEBI_GO_EXT:agonist" label="agonist"/>
      <span end="33656" id="15760270-2745" start="33649">agonist</span>
    </annotation>
    <annotation annotator="" id="GO_MF_2016_02_16_Instance_90659" type="identity">
      <class id="GO_PR_EXT:stearoyl_CoA_desaturase" label="stearoyl-CoA desaturase"/>
      <span end="35069" id="15760270-2890" start="35066">SCD</span>
    </annotation>
    <annotation annotator="" id="GO_MF_2016_02_16_Instance_90576" type="identity">
      <class id="GO_EXT:0004872" label="bearer of receptor activity"/>
      <span end="35671" id="15760270-2813" start="35663">receptor</span>
    </annotation>
    <annotation annotator="" id="GO_MF_2016_02_16_Instance_90578" type="identity">
      <class id="CHEMINF_GO_EXT:chemical_binding_or_bond_formation" label="chemical binding or bond formation"/>
      <span end="40058" id="15760270-2815" start="40051">binding</span>
    </annotation>
    <annotation annotator="" id="GO_MF_2016_02_16_Instance_90581" type="identity">
      <class id="GO_PR_EXT:phosphoenolpyruvate_carboxykinase" label="phosphoenolpyruvate carboxykinase"/>
      <span end="40145" id="15760270-2817" start="40112">phosphoenolpyruvate carboxykinase</span>
    </annotation>
    <annotation annotator="" id="GO_MF_2016_02_16_Instance_90584" type="identity">
      <class id="GO_PR_EXT:glucose_6_phosphatase" label="glucose 6-phosphatase"/>
      <span end="40171" id="15760270-2819" start="40150">glucose-6-phosphatase</span>
    </annotation>
    <annotation annotator="" id="GO_MF_2016_02_16_Instance_90586" type="identity">
      <class id="GO_EXT:0004872" label="bearer of receptor activity"/>
      <span end="40920" id="15760270-2821" start="40912">receptor</span>
    </annotation>
    <annotation annotator="Mike Bada, University of Colorado Anschutz Medical Campus" id="GO_MF_2016_02_16_Instance_13319" type="identity">
      <class id="GO_EXT:0004872" label="bearer of receptor activity"/>
      <span end="40946" id="15760270-2765" start="40938">receptor</span>
    </annotation>
    <annotation annotator="" id="GO_MF_2016_02_16_Instance_90588" type="identity">
      <class id="GO_EXT:recombinase" label="recombinase"/>
      <span end="42467" id="15760270-2823" start="42456">recombinase</span>
    </annotation>
    <annotation annotator="" id="GO_MF_2016_02_16_Instance_90590" type="identity">
      <class id="GO_EXT:reverse_transcription_or_reverse_transcriptase" label="reverse transcription or reverse transcriptase"/>
      <span end="42769" id="15760270-2825" start="42767">RT</span>
    </annotation>
    <annotation annotator="" id="GO_MF_2016_02_16_Instance_90592" type="identity">
      <class id="GO_EXT:0004872" label="bearer of receptor activity"/>
      <span end="43308" id="15760270-2827" start="43300">receptor</span>
    </annotation>
    <annotation annotator="" id="GO_MF_2016_02_16_backup_Instance_493" type="identity">
      <class id="GO_EXT:0003713" label="bearer of transcription coactivator activity"/>
      <span end="43972" id="15760270-2720" start="43944">transcriptional coactivators</span>
    </annotation>
    <annotation annotator="" id="GO_MF_2016_02_16_Instance_90594" type="identity">
      <class id="GO_EXT:phosphoglycerate_kinase" label="phosphoglycerate kinase"/>
      <span end="45671" id="15760270-2829" start="45668">PGK</span>
    </annotation>
    <annotation annotator="" id="GO_MF_2016_02_16_Instance_90596" type="identity">
      <class id="GO_EXT:reverse_transcription_or_reverse_transcriptase" label="reverse transcription or reverse transcriptase"/>
      <span end="48601" id="15760270-2831" start="48599">RT</span>
    </annotation>
    <annotation annotator="" id="GO_MF_2016_02_16_Instance_90598" type="identity">
      <class id="GO_PR_EXT:glyceraldehyde_3_phosphate_dehydrogenase" label="glyceraldehyde-3-phosphate dehydrogenase"/>
      <span end="49327" id="15760270-2833" start="49322">GAPDH</span>
    </annotation>
    <annotation annotator="" id="GO_MF_2016_02_16_Instance_90600" type="identity">
      <class id="GO:0097617" label="annealing activity"/>
      <span end="49662" id="15760270-2835" start="49649">hybridization</span>
    </annotation>
    <annotation annotator="" id="GO_MF_2016_02_16_Instance_90602" type="identity">
      <class id="GO_PR_EXT:beta3_adrenergic_receptor" label="beta3-adrenergic receptor"/>
      <span end="52153" id="15760270-2837" start="52140">β3-adrenergic</span>
    </annotation>
    <annotation annotator="" id="GO_MF_2016_02_16_Instance_110567" type="identity">
      <class id="CHEBI_GO_EXT:agonist" label="agonist"/>
      <span end="52282" id="15760270-2747" start="52275">agonist</span>
    </annotation>
    <annotation annotator="" id="GO_MF_2016_02_16_Instance_90606" type="identity">
      <class id="GO_PR_EXT:beta1_adrenergic_receptor" label="beta1-adrenergic receptor"/>
      <span end="60692" id="15760270-2839" start="60690">β1</span>
      <span end="60715" id="15760270-2840" start="60704">-adrenergic</span>
    </annotation>
    <annotation annotator="" id="GO_MF_2016_02_16_Instance_90608" type="identity">
      <class id="GO_PR_EXT:beta2_adrenergic_receptor" label="beta2-adrenergic receptor"/>
      <span end="60696" id="15760270-2842" start="60694">β2</span>
      <span end="60715" id="15760270-2843" start="60704">-adrenergic</span>
    </annotation>
    <annotation annotator="" id="GO_MF_2016_02_16_Instance_90611" type="identity">
      <class id="GO_PR_EXT:alpha1_adrenergic_receptor" label="alpha1-adrenergic receptor"/>
      <span end="60715" id="15760270-2845" start="60702">α1-adrenergic</span>
    </annotation>
    <annotation annotator="" id="GO_MF_2016_02_16_Instance_110569" type="identity">
      <class id="CHEBI_GO_EXT:agonist" label="agonist"/>
      <span end="60723" id="15760270-2749" start="60716">agonist</span>
    </annotation>
    <annotation annotator="" id="GO_MF_2016_02_16_Instance_90613" type="identity">
      <class id="CHEMINF_GO_EXT:chemical_binding_or_bond_formation" label="chemical binding or bond formation"/>
      <span end="61661" id="15760270-2847" start="61656">bound</span>
    </annotation>
    <annotation annotator="" id="GO_MF_2016_02_16_Instance_90615" type="identity">
      <class id="GO_EXT:reverse_transcription_or_reverse_transcriptase" label="reverse transcription or reverse transcriptase"/>
      <span end="64991" id="15760270-2849" start="64989">RT</span>
    </annotation>
    <annotation annotator="" id="GO_MF_2016_02_16_Instance_90617" type="identity">
      <class id="GO_EXT:phosphoglycerate_kinase" label="phosphoglycerate kinase"/>
      <span end="65180" id="15760270-2851" start="65177">PGK</span>
    </annotation>
    <annotation annotator="Mike Bada, University of Colorado Anschutz Medical Campus" id="GO_MF_2016_02_16_Instance_13323" type="identity">
      <class id="GO_EXT:0004872" label="bearer of receptor activity"/>
      <span end="66526" id="15760270-2769" start="66518">receptor</span>
    </annotation>
    <annotation annotator="" id="GO_MF_2016_02_16_Instance_90620" type="identity">
      <class id="GO_PR_EXT:stearoyl_CoA_desaturase" label="stearoyl-CoA desaturase"/>
      <span end="66564" id="15760270-2853" start="66561">SCD</span>
    </annotation>
    <annotation annotator="" id="GO_MF_2016_02_16_Instance_90622" type="identity">
      <class id="GO_PR_EXT:stearoyl_CoA_desaturase" label="stearoyl-CoA desaturase"/>
      <span end="66589" id="15760270-2855" start="66567">steroyl CoA desaturase</span>
    </annotation>
    <annotation annotator="" id="GO_MF_2016_02_16_Instance_90624" type="identity">
      <class id="CHEMINF_GO_EXT:chemical_binding_or_bond_formation" label="chemical binding or bond formation"/>
      <span end="66632" id="15760270-2857" start="66625">binding</span>
    </annotation>
    <annotation annotator="" id="GO_MF_2016_02_16_backup_Instance_115" type="identity">
      <class id="GO_EXT:transcription_factor" label="transcription factor"/>
      <span end="66737" id="15760270-2712" start="66717">transcription factor</span>
    </annotation>
    <annotation annotator="Mike Bada, University of Colorado Anschutz Medical Campus" id="GO_MF_2016_02_16_Instance_13485" type="identity">
      <class id="GO_EXT:0015666" label="bearer of restriction endodeoxyribonuclease activity"/>
      <span end="67012" id="15760270-2781" start="66988">restriction endonuclease</span>
    </annotation>
    <annotation annotator="" id="GO_MF_2016_02_16_Instance_90628" type="identity">
      <class id="CHEBI_GO_EXT:neomycin_or_neomycin_phosphotransferase" label="neomycin or neomycin phosphotransferase"/>
      <span end="67085" id="15760270-2859" start="67082">Neo</span>
    </annotation>
    <annotation annotator="" id="GO_MF_2016_02_16_Instance_90630" type="identity">
      <class id="GO:0097617" label="annealing activity"/>
      <span end="67788" id="15760270-2861" start="67778">hybridized</span>
    </annotation>
    <annotation annotator="" id="GO_MF_2016_02_16_Instance_90632" type="identity">
      <class id="GO_EXT:reverse_transcription_or_reverse_transcriptase" label="reverse transcription or reverse transcriptase"/>
      <span end="68257" id="15760270-2863" start="68255">RT</span>
    </annotation>
    <annotation annotator="Mike Bada, University of Colorado Anschutz Medical Campus" id="GO_MF_2016_02_16_Instance_13335" type="identity">
      <class id="GO_EXT:0004129" label="bearer of cytochrome-c oxidase activity"/>
      <span end="71024" id="15760270-2777" start="71006">cytochrome oxidase</span>
    </annotation>
    <annotation annotator="Mike Bada, University of Colorado Anschutz Medical Campus" id="GO_MF_2016_02_16_Instance_13487" type="identity">
      <class id="GO_EXT:0004129" label="bearer of cytochrome-c oxidase activity"/>
      <span end="71032" id="15760270-2783" start="71029">COX</span>
    </annotation>
    <annotation annotator="" id="GO_MF_2016_02_16_Instance_90634" type="identity">
      <class id="GO_PR_EXT:beta1_adrenergic_receptor" label="beta1-adrenergic receptor"/>
      <span end="73848" id="15760270-2865" start="73846">β1</span>
      <span end="73862" id="15760270-2866" start="73851">-adrenergic</span>
    </annotation>
    <annotation annotator="" id="GO_MF_2016_02_16_Instance_90636" type="identity">
      <class id="GO_PR_EXT:alpha1_adrenergic_receptor" label="alpha1-adrenergic receptor"/>
      <span end="73862" id="15760270-2868" start="73849">α1-adrenergic</span>
    </annotation>
    <annotation annotator="" id="GO_MF_2016_02_16_Instance_110571" type="identity">
      <class id="CHEBI_GO_EXT:agonist" label="agonist"/>
      <span end="73870" id="15760270-2751" start="73863">agonist</span>
    </annotation>
    <annotation annotator="" id="GO_MF_2016_02_16_Instance_90638" type="identity">
      <class id="GO_EXT:reverse_transcription_or_reverse_transcriptase" label="reverse transcription or reverse transcriptase"/>
      <span end="74891" id="15760270-2870" start="74889">RT</span>
    </annotation>
    <annotation annotator="" id="GO_MF_2016_02_16_Instance_90640" type="identity">
      <class id="GO_PR_EXT:beta3_adrenergic_receptor" label="beta3-adrenergic receptor"/>
      <span end="75077" id="15760270-2872" start="75064">β3-adrenergic</span>
    </annotation>
    <annotation annotator="" id="GO_MF_2016_02_16_Instance_110573" type="identity">
      <class id="CHEBI_GO_EXT:agonist" label="agonist"/>
      <span end="75085" id="15760270-2753" start="75078">agonist</span>
    </annotation>
    <annotation annotator="" id="GO_MF_2016_02_16_Instance_90642" type="identity">
      <class id="GO_PR_EXT:beta3_adrenergic_receptor" label="beta3-adrenergic receptor"/>
      <span end="75206" id="15760270-2874" start="75193">β3-adrenergic</span>
    </annotation>
    <annotation annotator="" id="GO_MF_2016_02_16_Instance_110575" type="identity">
      <class id="CHEBI_GO_EXT:agonist" label="agonist"/>
      <span end="75214" id="15760270-2755" start="75207">agonist</span>
    </annotation>
    <annotation annotator="" id="GO_MF_2016_02_16_Instance_90644" type="identity">
      <class id="GO_EXT:reverse_transcription_or_reverse_transcriptase" label="reverse transcription or reverse transcriptase"/>
      <span end="78882" id="15760270-2876" start="78880">RT</span>
    </annotation>
    <annotation annotator="" id="GO_MF_2016_02_16_Instance_110471" type="identity">
      <class id="GO_PR_EXT:glyceraldehyde_3_phosphate_dehydrogenase" label="glyceraldehyde-3-phosphate dehydrogenase"/>
      <span end="78906" id="15760270-2724" start="78901">GAPDH</span>
    </annotation>
    <annotation annotator="Mike Bada, University of Colorado Anschutz Medical Campus" id="GO_MF_2016_02_16_Instance_12425" type="identity">
      <class id="GO_EXT:0004095" label="bearer of carnitine O-palmitoyltransferase activity"/>
      <span end="79102" id="15760270-2759" start="79099">CPT</span>
    </annotation>
    <annotation annotator="Mike Bada, University of Colorado Anschutz Medical Campus" id="GO_MF_2016_02_16_Instance_12423" type="identity">
      <class id="GO_EXT:0004095" label="bearer of carnitine O-palmitoyltransferase activity"/>
      <span end="79147" id="15760270-2757" start="79117">carnitine palmitoyltransferase</span>
    </annotation>
    <annotation annotator="" id="GO_MF_2016_02_16_Instance_90647" type="identity">
      <class id="GO_PR_EXT:medium_chain_acyl_CoA_dehydrogenase" label="medium-chain acyl-CoA dehydrogenase"/>
      <span end="79153" id="15760270-2878" start="79149">MCAD</span>
    </annotation>
    <annotation annotator="" id="GO_MF_2016_02_16_Instance_90649" type="identity">
      <class id="GO_PR_EXT:medium_chain_acyl_CoA_dehydrogenase" label="medium-chain acyl-CoA dehydrogenase"/>
      <span end="79190" id="15760270-2880" start="79155">medium-chain acyl-CoA dehydrogenase</span>
    </annotation>
    <annotation annotator="" id="GO_MF_2016_02_16_Instance_90651" type="identity">
      <class id="CHEMINF_GO_EXT:chemical_binding_or_bond_formation" label="chemical binding or bond formation"/>
      <span end="79232" id="15760270-2882" start="79225">binding</span>
    </annotation>
    <annotation annotator="" id="GO_MF_2016_02_16_Instance_90653" type="identity">
      <class id="GO_PR_EXT:stearoyl_CoA_desaturase" label="stearoyl-CoA desaturase"/>
      <span end="79245" id="15760270-2884" start="79242">SCD</span>
    </annotation>
    <annotation annotator="" id="GO_MF_2016_02_16_Instance_90655" type="identity">
      <class id="GO_PR_EXT:stearoyl_CoA_desaturase" label="stearoyl-CoA desaturase"/>
      <span end="79269" id="15760270-2886" start="79247">steroyl-CoA desaturase</span>
    </annotation>
    <annotation annotator="" id="GO_MF_2016_02_16_Instance_90662" type="identity">
      <class id="GO_PR_EXT:fatty_acid_synthase" label="fatty acid synthase"/>
      <span end="79274" id="15760270-2892" start="79271">FAS</span>
    </annotation>
    <annotation annotator="" id="GO_MF_2016_02_16_Instance_90664" type="identity">
      <class id="GO_PR_EXT:fatty_acid_synthase" label="fatty acid synthase"/>
      <span end="79295" id="15760270-2894" start="79276">fatty acid synthase</span>
    </annotation>
    <annotation annotator="Mike Bada, University of Colorado Anschutz Medical Campus" id="GO_MF_2016_02_16_Instance_12433" type="identity">
      <class id="GO_EXT:0004366" label="bearer of glycerol-3-phosphate O-acyltransferase activity"/>
      <span end="79301" id="15760270-2761" start="79297">GPAT</span>
    </annotation>
    <annotation annotator="Mike Bada, University of Colorado Anschutz Medical Campus" id="GO_MF_2016_02_16_Instance_12435" type="identity">
      <class id="GO_EXT:0004366" label="bearer of glycerol-3-phosphate O-acyltransferase activity"/>
      <span end="79339" id="15760270-2763" start="79303">glycerol-3-phosphate acyltransferase</span>
    </annotation>
    <annotation annotator="" id="GO_MF_2016_02_16_Instance_90666" type="identity">
      <class id="GO_PR_EXT:diacylglycerol_acyltransferase" label="diacylglycerol acyltransferase"/>
      <span end="79345" id="15760270-2896" start="79341">DGAT</span>
    </annotation>
    <annotation annotator="" id="GO_MF_2016_02_16_Instance_90668" type="identity">
      <class id="GO_PR_EXT:diacylglycerol_acyltransferase" label="diacylglycerol acyltransferase"/>
      <span end="79377" id="15760270-2898" start="79347">diacylglycerol acyltransferase</span>
    </annotation>
    <graph-space id="Old Knowtator Relations"/>
  </document>
</knowtator-project>
