<?xml version="1.0" encoding="UTF-8" standalone="no"?>
<knowtator-project>
  <document id="15819996" text-file="15819996.txt">
    <annotation annotator="" id="GO_MF_2016_02_16_Instance_90718" type="identity">
      <class id="CHEMINF_GO_EXT:chemical_binding_or_bond_formation" label="chemical binding or bond formation"/>
      <span end="2014" id="15819996-2908" start="2010">bind</span>
    </annotation>
    <annotation annotator="" id="GO_MF_2016_02_16_Instance_90720" type="identity">
      <class id="CHEMINF_GO_EXT:chemical_binding_or_bond_formation" label="chemical binding or bond formation"/>
      <span end="2390" id="15819996-2910" start="2383">binding</span>
    </annotation>
    <annotation annotator="" id="GO_MF_2016_02_16_Instance_90722" type="identity">
      <class id="CHEMINF_GO_EXT:chemical_binding_or_bond_formation" label="chemical binding or bond formation"/>
      <span end="2440" id="15819996-2912" start="2433">binding</span>
    </annotation>
    <annotation annotator="Mike Bada, University of Colorado Anschutz Medical Campus" id="GO_MF_2016_02_16_Instance_13547" type="identity">
      <class id="GO_EXT:0004601" label="bearer of peroxidase activity"/>
      <span end="6182" id="15819996-2904" start="6172">peroxidase</span>
    </annotation>
    <annotation annotator="" id="GO_MF_2016_02_16_Instance_90724" type="identity">
      <class id="CHEMINF_GO_EXT:chemical_binding_or_bond_formation" label="chemical binding or bond formation"/>
      <span end="15153" id="15819996-2914" start="15146">binding</span>
    </annotation>
    <annotation annotator="" id="GO_MF_2016_02_16_Instance_90726" type="identity">
      <class id="CHEMINF_GO_EXT:chemical_binding_or_bond_formation" label="chemical binding or bond formation"/>
      <span end="20927" id="15819996-2916" start="20922">bound</span>
    </annotation>
    <annotation annotator="" id="GO_MF_2016_02_16_Instance_90728" type="identity">
      <class id="CHEMINF_GO_EXT:chemical_binding_or_bond_formation" label="chemical binding or bond formation"/>
      <span end="21904" id="15819996-2918" start="21899">bound</span>
    </annotation>
    <annotation annotator="" id="GO_MF_2016_02_16_Instance_90730" type="identity">
      <class id="CHEMINF_GO_EXT:chemical_binding_or_bond_formation" label="chemical binding or bond formation"/>
      <span end="26330" id="15819996-2920" start="26323">binding</span>
    </annotation>
    <annotation annotator="" id="GO_MF_2016_02_16_Instance_90732" type="identity">
      <class id="CHEMINF_GO_EXT:chemical_binding_or_bond_formation" label="chemical binding or bond formation"/>
      <span end="28533" id="15819996-2922" start="28526">binding</span>
    </annotation>
    <annotation annotator="" id="GO_MF_2016_02_16_Instance_90734" type="identity">
      <class id="CHEMINF_GO_EXT:chemical_binding_or_bond_formation" label="chemical binding or bond formation"/>
      <span end="28614" id="15819996-2924" start="28607">Binding</span>
    </annotation>
    <annotation annotator="" id="GO_MF_2016_02_16_Instance_90736" type="identity">
      <class id="CHEMINF_GO_EXT:chemical_binding_or_bond_formation" label="chemical binding or bond formation"/>
      <span end="29796" id="15819996-2926" start="29789">binding</span>
    </annotation>
    <annotation annotator="" id="GO_MF_2016_02_16_Instance_90738" type="identity">
      <class id="CHEMINF_GO_EXT:chemical_binding_or_bond_formation" label="chemical binding or bond formation"/>
      <span end="30398" id="15819996-2928" start="30391">binding</span>
    </annotation>
    <annotation annotator="" id="GO_MF_2016_02_16_Instance_90740" type="identity">
      <class id="CHEMINF_GO_EXT:chemical_binding_or_bond_formation" label="chemical binding or bond formation"/>
      <span end="34890" id="15819996-2930" start="34883">binding</span>
    </annotation>
    <annotation annotator="" id="GO_MF_2016_02_16_Instance_90742" type="identity">
      <class id="CHEBI_GO_EXT:peptidase_or_protease_or_proteinase_inhibitor" label="peptidase/protease/proteinase inhibitor"/>
      <span end="37676" id="15819996-2932" start="37658">protease inhibitor</span>
    </annotation>
    <annotation annotator="Mike Bada, University of Colorado Anschutz Medical Campus" id="GO_MF_2016_02_16_Instance_13549" type="identity">
      <class id="GO_EXT:0004601" label="bearer of peroxidase activity"/>
      <span end="38243" id="15819996-2906" start="38233">Peroxidase</span>
    </annotation>
    <annotation annotator="" id="GO_MF_2016_02_16_Instance_110358" type="identity">
      <class id="GO:0097617" label="annealing activity"/>
      <span end="38840" id="15819996-2902" start="38830">hybridized</span>
    </annotation>
    <graph-space id="Old Knowtator Relations"/>
  </document>
</knowtator-project>
