<?xml version="1.0" encoding="UTF-8" standalone="no"?>
<knowtator-project>
    <document id="15836427" text-file="15836427.txt">
        <annotation annotator="" id="GO_MF_2016_02_16_backup_Instance_117" type="identity">
            <class id="GO_EXT:transcription_factor" label="transcription factor"/>
            <span end="81" id="15836427-2936" start="61">Transcription Factor</span>
        </annotation>
        <annotation annotator="" id="GO_MF_2016_02_16_backup_Instance_119" type="identity">
            <class id="GO_EXT:transcription_factor" label="transcription factor"/>
            <span end="132" id="15836427-2938" start="111">transcription factors</span>
        </annotation>
        <annotation annotator="" id="GO_MF_2016_02_16_backup_Instance_121" type="identity">
            <class id="GO_EXT:transcription_factor" label="transcription factor"/>
            <span end="899" id="15836427-2940" start="879">transcription factor</span>
        </annotation>
        <annotation annotator="" id="GO_MF_2016_02_16_backup_Instance_123" type="identity">
            <class id="GO_EXT:transcription_factor" label="transcription factor"/>
            <span end="1349" id="15836427-2942" start="1328">transcription factors</span>
        </annotation>
        <annotation annotator="" id="GO_MF_2016_02_16_backup_Instance_125" type="identity">
            <class id="GO_EXT:transcription_factor" label="transcription factor"/>
            <span end="3182" id="15836427-2944" start="3161">transcription factors</span>
        </annotation>
        <annotation annotator="" id="GO_MF_2016_02_16_backup_Instance_127" type="identity">
            <class id="GO_EXT:transcription_factor" label="transcription factor"/>
            <span end="4035" id="15836427-2946" start="4015">transcription factor</span>
        </annotation>
        <annotation annotator="" id="GO_MF_2016_02_16_backup_Instance_129" type="identity">
            <class id="GO_EXT:transcription_factor" label="transcription factor"/>
            <span end="4447" id="15836427-2948" start="4427">transcription factor</span>
        </annotation>
        <annotation annotator="" id="GO_MF_2016_02_16_backup_Instance_131" type="identity">
            <class id="GO_EXT:transcription_factor" label="transcription factor"/>
            <span end="5184" id="15836427-2950" start="5163">transcription factors</span>
        </annotation>
        <annotation annotator="" id="GO_MF_2016_02_16_backup_Instance_133" type="identity">
            <class id="GO_EXT:transcription_factor" label="transcription factor"/>
            <span end="6114" id="15836427-2952" start="6094">transcription factor</span>
        </annotation>
        <annotation annotator="" id="GO_MF_2016_02_16_backup_Instance_135" type="identity">
            <class id="GO_EXT:transcription_factor" label="transcription factor"/>
            <span end="6481" id="15836427-2954" start="6460">transcription factors</span>
        </annotation>
        <annotation annotator="" id="GO_MF_2016_02_16_Instance_90764" type="identity">
            <class id="CHEMINF_GO_EXT:chemical_binding_or_bond_formation" label="chemical binding or bond formation"/>
            <span end="6534" id="15836427-3040" start="6530">bind</span>
        </annotation>
        <annotation annotator="" id="GO_MF_2016_02_16_Instance_90770" type="identity">
            <class id="CHEMINF_GO_EXT:chemical_binding_or_bond_formation" label="chemical binding or bond formation"/>
            <span end="7053" id="15836427-3046" start="7046">binding</span>
        </annotation>
        <annotation annotator="Mike Bada, University of Colorado Anschutz Medical Campus" id="GO_MF_2016_02_16_Instance_13739" type="identity">
            <class id="GO_EXT:0045289" label="bearer of luciferin monooxygenase activity"/>
            <span end="7131" id="15836427-3026" start="7121">luciferase</span>
        </annotation>
        <annotation annotator="" id="GO_MF_2016_02_16_Instance_90772" type="identity">
            <class id="CHEBI_GO_SO_EXT:enzyme" label="enzyme"/>
            <span end="7138" id="15836427-3048" start="7132">enzyme</span>
        </annotation>
        <annotation annotator="" id="GO_MF_2016_02_16_Instance_90766" type="identity">
            <class id="CHEMINF_GO_EXT:chemical_binding_or_bond_formation" label="chemical binding or bond formation"/>
            <span end="7400" id="15836427-3042" start="7393">binding</span>
        </annotation>
        <annotation annotator="" id="GO_MF_2016_02_16_Instance_90768" type="identity">
            <class id="CHEMINF_GO_EXT:chemical_binding_or_bond_formation" label="chemical binding or bond formation"/>
            <span end="7457" id="15836427-3044" start="7450">binding</span>
        </annotation>
        <annotation annotator="" id="GO_MF_2016_02_16_Instance_90774" type="identity">
            <class id="CHEMINF_GO_EXT:chemical_binding_or_bond_formation" label="chemical binding or bond formation"/>
            <span end="7682" id="15836427-3050" start="7675">binding</span>
        </annotation>
        <annotation annotator="" id="GO_MF_2016_02_16_backup_Instance_137" type="identity">
            <class id="GO_EXT:transcription_factor" label="transcription factor"/>
            <span end="10218" id="15836427-2956" start="10198">transcription factor</span>
        </annotation>
        <annotation annotator="" id="GO_MF_2016_02_16_Instance_90778" type="identity">
            <class id="GO_EXT:recombinase" label="recombinase"/>
            <span end="10613" id="15836427-3052" start="10602">recombinase</span>
        </annotation>
        <annotation annotator="" id="GO_MF_2016_02_16_backup_Instance_139" type="identity">
            <class id="GO_EXT:transcription_factor" label="transcription factor"/>
            <span end="14120" id="15836427-2958" start="14100">transcription factor</span>
        </annotation>
        <annotation annotator="Mike Bada, University of Colorado Anschutz Medical Campus" id="GO_MF_2016_02_16_Instance_13687" type="identity">
            <class id="GO_EXT:0004872" label="bearer of receptor activity"/>
            <span end="14303" id="15836427-3004" start="14294">receptors</span>
        </annotation>
        <annotation annotator="" id="GO_MF_2016_02_16_Instance_90782" type="identity">
            <class id="GO_EXT:recombinase" label="recombinase"/>
            <span end="15627" id="15836427-3054" start="15616">recombinase</span>
        </annotation>
        <annotation annotator="" id="GO_MF_2016_02_16_Instance_90784" type="identity">
            <class id="GO_EXT:0005030" label="bearer of neurotrophin receptor activity"/>
            <span end="17539" id="15836427-3056" start="17517">neurotrophin receptors</span>
        </annotation>
        <annotation annotator="" id="GO_MF_2016_02_16_Instance_90786" type="identity">
            <class id="GO_EXT:0005030" label="bearer of neurotrophin receptor activity"/>
            <span end="17635" id="15836427-3058" start="17613">neurotrophin receptors</span>
        </annotation>
        <annotation annotator="Mike Bada, University of Colorado Anschutz Medical Campus" id="GO_MF_2016_02_16_Instance_13689" type="identity">
            <class id="GO_EXT:0004872" label="bearer of receptor activity"/>
            <span end="17917" id="15836427-3006" start="17909">receptor</span>
        </annotation>
        <annotation annotator="Mike Bada, University of Colorado Anschutz Medical Campus" id="GO_MF_2016_02_16_Instance_13691" type="identity">
            <class id="GO_EXT:0004872" label="bearer of receptor activity"/>
            <span end="18151" id="15836427-3008" start="18143">receptor</span>
        </annotation>
        <annotation annotator="Mike Bada, University of Colorado Anschutz Medical Campus" id="GO_MF_2016_02_16_Instance_13693" type="identity">
            <class id="GO_EXT:0004872" label="bearer of receptor activity"/>
            <span end="19169" id="15836427-3010" start="19160">receptors</span>
        </annotation>
        <annotation annotator="Mike Bada, University of Colorado Anschutz Medical Campus" id="GO_MF_2016_02_16_Instance_13695" type="identity">
            <class id="GO_EXT:0004872" label="bearer of receptor activity"/>
            <span end="20099" id="15836427-3012" start="20091">receptor</span>
        </annotation>
        <annotation annotator="" id="GO_MF_2016_02_16_Instance_90788" type="identity">
            <class id="CHEMINF_GO_EXT:chemical_binding_or_bond_formation" label="chemical binding or bond formation"/>
            <span end="21555" id="15836427-3060" start="21548">binding</span>
        </annotation>
        <annotation annotator="Mike Bada, University of Colorado Anschutz Medical Campus" id="GO_MF_2016_02_16_Instance_13697" type="identity">
            <class id="GO_EXT:0004872" label="bearer of receptor activity"/>
            <span end="22565" id="15836427-3014" start="22557">receptor</span>
        </annotation>
        <annotation annotator="" id="GO_MF_2016_02_16_backup_Instance_141" type="identity">
            <class id="GO_EXT:transcription_factor" label="transcription factor"/>
            <span end="23209" id="15836427-2960" start="23189">transcription factor</span>
        </annotation>
        <annotation annotator="" id="GO_MF_2016_02_16_backup_Instance_143" type="identity">
            <class id="GO_EXT:transcription_factor" label="transcription factor"/>
            <span end="23345" id="15836427-2962" start="23325">transcription factor</span>
        </annotation>
        <annotation annotator="" id="GO_MF_2016_02_16_backup_Instance_145" type="identity">
            <class id="GO_EXT:transcription_factor" label="transcription factor"/>
            <span end="23563" id="15836427-2964" start="23543">transcription factor</span>
        </annotation>
        <annotation annotator="" id="GO_MF_2016_02_16_backup_Instance_147" type="identity">
            <class id="GO_EXT:transcription_factor" label="transcription factor"/>
            <span end="23789" id="15836427-2966" start="23769">transcription factor</span>
        </annotation>
        <annotation annotator="Mike Bada, University of Colorado Anschutz Medical Campus" id="GO_MF_2016_02_16_Instance_13699" type="identity">
            <class id="GO_EXT:0004872" label="bearer of receptor activity"/>
            <span end="24230" id="15836427-3016" start="24222">receptor</span>
        </annotation>
        <annotation annotator="Mike Bada, University of Colorado Anschutz Medical Campus" id="GO_MF_2016_02_16_Instance_13701" type="identity">
            <class id="GO_EXT:0004872" label="bearer of receptor activity"/>
            <span end="24679" id="15836427-3018" start="24671">receptor</span>
        </annotation>
        <annotation annotator="Mike Bada, University of Colorado Anschutz Medical Campus" id="GO_MF_2016_02_16_Instance_13703" type="identity">
            <class id="GO_EXT:0004872" label="bearer of receptor activity"/>
            <span end="24835" id="15836427-3020" start="24827">receptor</span>
        </annotation>
        <annotation annotator="" id="GO_MF_2016_02_16_backup_Instance_149" type="identity">
            <class id="GO_EXT:transcription_factor" label="transcription factor"/>
            <span end="25647" id="15836427-2968" start="25627">transcription factor</span>
        </annotation>
        <annotation annotator="" id="GO_MF_2016_02_16_backup_Instance_151" type="identity">
            <class id="GO_EXT:transcription_factor" label="transcription factor"/>
            <span end="26178" id="15836427-2970" start="26157">transcription factors</span>
        </annotation>
        <annotation annotator="" id="GO_MF_2016_02_16_backup_Instance_153" type="identity">
            <class id="GO_EXT:transcription_factor" label="transcription factor"/>
            <span end="26955" id="15836427-2972" start="26934">transcription factors</span>
        </annotation>
        <annotation annotator="" id="GO_MF_2016_02_16_backup_Instance_155" type="identity">
            <class id="GO_EXT:transcription_factor" label="transcription factor"/>
            <span end="27157" id="15836427-2974" start="27136">transcription factors</span>
        </annotation>
        <annotation annotator="" id="GO_MF_2016_02_16_backup_Instance_157" type="identity">
            <class id="GO_EXT:transcription_factor" label="transcription factor"/>
            <span end="27272" id="15836427-2976" start="27252">transcription factor</span>
        </annotation>
        <annotation annotator="" id="GO_MF_2016_02_16_backup_Instance_159" type="identity">
            <class id="GO_EXT:transcription_factor" label="transcription factor"/>
            <span end="27409" id="15836427-2978" start="27388">transcription factors</span>
        </annotation>
        <annotation annotator="" id="GO_MF_2016_02_16_backup_Instance_161" type="identity">
            <class id="GO_EXT:transcription_factor" label="transcription factor"/>
            <span end="27788" id="15836427-2980" start="27767">transcription factors</span>
        </annotation>
        <annotation annotator="" id="GO_MF_2016_02_16_backup_Instance_163" type="identity">
            <class id="GO_EXT:transcription_factor" label="transcription factor"/>
            <span end="28268" id="15836427-2982" start="28248">transcription factor</span>
        </annotation>
        <annotation annotator="" id="GO_MF_2016_02_16_backup_Instance_165" type="identity">
            <class id="GO_EXT:transcription_factor" label="transcription factor"/>
            <span end="28399" id="15836427-2984" start="28378">transcription factors</span>
        </annotation>
        <annotation annotator="" id="GO_MF_2016_02_16_backup_Instance_167" type="identity">
            <class id="GO_EXT:transcription_factor" label="transcription factor"/>
            <span end="28566" id="15836427-2986" start="28546">transcription factor</span>
        </annotation>
        <annotation annotator="" id="GO_MF_2016_02_16_backup_Instance_169" type="identity">
            <class id="GO_EXT:transcription_factor" label="transcription factor"/>
            <span end="28909" id="15836427-2988" start="28889">transcription factor</span>
        </annotation>
        <annotation annotator="" id="GO_MF_2016_02_16_backup_Instance_171" type="identity">
            <class id="GO_EXT:transcription_factor" label="transcription factor"/>
            <span end="29057" id="15836427-2990" start="29036">transcription factors</span>
        </annotation>
        <annotation annotator="" id="GO_MF_2016_02_16_backup_Instance_173" type="identity">
            <class id="GO_EXT:transcription_factor" label="transcription factor"/>
            <span end="29217" id="15836427-2992" start="29197">transcription factor</span>
        </annotation>
        <annotation annotator="" id="GO_MF_2016_02_16_backup_Instance_175" type="identity">
            <class id="GO_EXT:transcription_factor" label="transcription factor"/>
            <span end="29478" id="15836427-2994" start="29457">transcription factors</span>
        </annotation>
        <annotation annotator="" id="GO_MF_2016_02_16_Instance_90826" type="identity">
            <class id="CHEMINF_GO_EXT:chemical_binding_or_bond_formation" label="chemical binding or bond formation"/>
            <span end="32431" id="15836427-3062" start="32424">binding</span>
        </annotation>
        <annotation annotator="" id="GO_MF_2016_02_16_Instance_90828" type="identity">
            <class id="CHEMINF_GO_EXT:chemical_binding_or_bond_formation" label="chemical binding or bond formation"/>
            <span end="32590" id="15836427-3064" start="32583">binding</span>
        </annotation>
        <annotation annotator="Mike Bada, University of Colorado Anschutz Medical Campus" id="GO_MF_2016_02_16_Instance_13753" type="identity">
            <class id="GO_EXT:0045289" label="bearer of luciferin monooxygenase activity"/>
            <span end="33020" id="15836427-3028" start="33010">luciferase</span>
        </annotation>
        <annotation annotator="Mike Bada, University of Colorado Anschutz Medical Campus" id="GO_MF_2016_02_16_Instance_13755" type="identity">
            <class id="GO_EXT:0045289" label="bearer of luciferin monooxygenase activity"/>
            <span end="33079" id="15836427-3030" start="33069">Luciferase</span>
        </annotation>
        <annotation annotator="Mike Bada, University of Colorado Anschutz Medical Campus" id="GO_MF_2016_02_16_Instance_13757" type="identity">
            <class id="GO_EXT:0045289" label="bearer of luciferin monooxygenase activity"/>
            <span end="33144" id="15836427-3032" start="33134">luciferase</span>
        </annotation>
        <annotation annotator="" id="GO_MF_2016_02_16_Instance_90830" type="identity">
            <class id="GO:0097617" label="annealing activity"/>
            <span end="33174" id="15836427-3066" start="33161">hybridization</span>
        </annotation>
        <annotation annotator="" id="GO_MF_2016_02_16_Instance_90832" type="identity">
            <class id="GO:0097617" label="annealing activity"/>
            <span end="33226" id="15836427-3068" start="33213">hybridization</span>
        </annotation>
        <annotation annotator="" id="GO_MF_2016_02_16_Instance_90834" type="identity">
            <class id="GO:0097617" label="annealing activity"/>
            <span end="33270" id="15836427-3070" start="33260">hybridized</span>
        </annotation>
        <annotation annotator="" id="GO_MF_2016_02_16_Instance_150036" type="identity">
            <class id="GO_PR_EXT:DNA_nucleotidylexotransferase" label="DNA nucleotidylexotransferase"/>
            <span end="34251" id="15836427-3038" start="34214">Terminal deoxynucleotidyl transferase</span>
        </annotation>
        <annotation annotator="" id="GO_MF_2016_02_16_Instance_90836" type="identity">
            <class id="GO:0097617" label="annealing activity"/>
            <span end="35240" id="15836427-3072" start="35227">hybridization</span>
        </annotation>
        <annotation annotator="" id="GO_MF_2016_02_16_Instance_90838" type="identity">
            <class id="CHEBI_GO_EXT:peptidase_or_protease_or_proteinase_inhibitor" label="peptidase/protease/proteinase inhibitor"/>
            <span end="36243" id="15836427-3074" start="36235">protease</span>
            <span end="36270" id="15836427-3075" start="36260">inhibitors</span>
        </annotation>
        <annotation annotator="Mike Bada, University of Colorado Anschutz Medical Campus" id="GO_MF_2016_02_16_Instance_13711" type="identity">
            <class id="GO_EXT:0019212" label="bearer of phosphatase inhibitor activity"/>
            <span end="36270" id="15836427-3024" start="36248">phosphatase inhibitors</span>
        </annotation>
        <annotation annotator="" id="GO_MF_2016_02_16_Instance_90840" type="identity">
            <class id="GO:0097617" label="annealing activity"/>
            <span end="37634" id="15836427-3077" start="37621">hybridization</span>
        </annotation>
        <annotation annotator="" id="GO_MF_2016_02_16_Instance_90842" type="identity">
            <class id="GO_EXT:recombinase" label="recombinase"/>
            <span end="39371" id="15836427-3079" start="39360">recombinase</span>
        </annotation>
        <annotation annotator="" id="GO_MF_2016_02_16_Instance_90844" type="identity">
            <class id="GO_EXT:recombinase" label="recombinase"/>
            <span end="39426" id="15836427-3081" start="39415">recombinase</span>
        </annotation>
        <annotation annotator="" id="GO_MF_2016_02_16_Instance_90846" type="identity">
            <class id="GO_EXT:recombinase" label="recombinase"/>
            <span end="39709" id="15836427-3083" start="39698">recombinase</span>
        </annotation>
        <annotation annotator="" id="GO_MF_2016_02_16_Instance_90848" type="identity">
            <class id="GO_EXT:recombinase" label="recombinase"/>
            <span end="39940" id="15836427-3085" start="39929">recombinase</span>
        </annotation>
        <annotation annotator="Mike Bada, University of Colorado Anschutz Medical Campus" id="GO_MF_2016_02_16_Instance_13771" type="identity">
            <class id="GO_EXT:0045289" label="bearer of luciferin monooxygenase activity"/>
            <span end="44181" id="15836427-3034" start="44171">luciferase</span>
        </annotation>
        <annotation annotator="" id="GO_MF_2016_02_16_Instance_90850" type="identity">
            <class id="CHEMINF_GO_EXT:chemical_binding_or_bond_formation" label="chemical binding or bond formation"/>
            <span end="44268" id="15836427-3087" start="44261">binding</span>
        </annotation>
        <annotation annotator="" id="GO_MF_2016_02_16_Instance_90852" type="identity">
            <class id="GO_PR_EXT:thymidine_kinase" label="thymidine kinase"/>
            <span end="44312" id="15836427-3089" start="44310">TK</span>
        </annotation>
        <annotation annotator="Mike Bada, University of Colorado Anschutz Medical Campus" id="GO_MF_2016_02_16_Instance_13773" type="identity">
            <class id="GO_EXT:0045289" label="bearer of luciferin monooxygenase activity"/>
            <span end="44431" id="15836427-3036" start="44421">luciferase</span>
        </annotation>
        <annotation annotator="" id="GO_MF_2016_02_16_Instance_90856" type="identity">
            <class id="GO_EXT:recombinase" label="recombinase"/>
            <span end="45846" id="15836427-3093" start="45835">recombinase</span>
        </annotation>
        <annotation annotator="" id="GO_MF_2016_02_16_Instance_90854" type="identity">
            <class id="GO_EXT:recombinase" label="recombinase"/>
            <span end="46413" id="15836427-3091" start="46402">recombinase</span>
        </annotation>
        <annotation annotator="" id="GO_MF_2016_02_16_Instance_90858" type="identity">
            <class id="GO:0097617" label="annealing activity"/>
            <span end="46576" id="15836427-3095" start="46563">hybridization</span>
        </annotation>
        <annotation annotator="Mike Bada, University of Colorado Anschutz Medical Campus" id="GO_MF_2016_02_16_Instance_13705" type="identity">
            <class id="GO_EXT:0004872" label="bearer of receptor activity"/>
            <span end="48133" id="15836427-3022" start="48125">Receptor</span>
        </annotation>
        <annotation annotator="" id="GO_MF_2016_02_16_Instance_90860" type="identity">
            <class id="GO:0097617" label="annealing activity"/>
            <span end="48249" id="15836427-3097" start="48236">hybridization</span>
        </annotation>
        <annotation annotator="" id="GO_MF_2016_02_16_Instance_90862" type="identity">
            <class id="GO:0097617" label="annealing activity"/>
            <span end="49671" id="15836427-3099" start="49658">hybridization</span>
        </annotation>
        <annotation annotator="" id="GO_MF_2016_02_16_Instance_90864" type="identity">
            <class id="GO_EXT:recombinase" label="recombinase"/>
            <span end="50298" id="15836427-3101" start="50287">recombinase</span>
        </annotation>
        <annotation annotator="" id="GO_MF_2016_02_16_backup_Instance_177" type="identity">
            <class id="GO_EXT:transcription_factor" label="transcription factor"/>
            <span end="51172" id="15836427-2996" start="51152">Transcription Factor</span>
        </annotation>
        <annotation annotator="" id="GO_MF_2016_02_16_backup_Instance_179" type="identity">
            <class id="GO_EXT:transcription_factor" label="transcription factor"/>
            <span end="51300" id="15836427-2998" start="51280">transcription factor</span>
        </annotation>
        <annotation annotator="" id="GO_MF_2016_02_16_backup_Instance_181" type="identity">
            <class id="GO_EXT:transcription_factor" label="transcription factor"/>
            <span end="52154" id="15836427-3000" start="52134">transcription factor</span>
        </annotation>
        <annotation annotator="" id="GO_MF_2016_02_16_backup_Instance_183" type="identity">
            <class id="GO_EXT:transcription_factor" label="transcription factor"/>
            <span end="52567" id="15836427-3002" start="52547">transcription factor</span>
        </annotation>
        <graph-space id="Old Knowtator Relations"/>
    </document>
</knowtator-project>
