<?xml version="1.0" encoding="UTF-8" standalone="no"?>
<knowtator-project>
  <document id="15938754" text-file="15938754.txt">
    <annotation annotator="Mike Bada, University of Colorado Anschutz Medical Campus" id="GO_MF_2016_02_16_Instance_15185" type="identity">
      <class id="GO_EXT:0008527" label="bearer of taste receptor activity"/>
      <span end="330" id="15938754-3732" start="315">taste receptors</span>
    </annotation>
    <annotation annotator="Mike Bada, University of Colorado Anschutz Medical Campus" id="GO_MF_2016_02_16_Instance_15187" type="identity">
      <class id="GO_EXT:0008527" label="bearer of taste receptor activity"/>
      <span end="390" id="15938754-3734" start="376">taste receptor</span>
    </annotation>
    <annotation annotator="Mike Bada, University of Colorado Anschutz Medical Campus" id="GO_MF_2016_02_16_Instance_15247" type="identity">
      <class id="GO_EXT:0004872" label="bearer of receptor activity"/>
      <span end="467" id="15938754-3756" start="459">receptor</span>
    </annotation>
    <annotation annotator="Mike Bada, University of Colorado Anschutz Medical Campus" id="GO_MF_2016_02_16_Instance_15249" type="identity">
      <class id="GO_EXT:0004872" label="bearer of receptor activity"/>
      <span end="1918" id="15938754-3758" start="1909">receptors</span>
    </annotation>
    <annotation annotator="" id="GO_MF_2016_02_16_Instance_100018" type="identity">
      <class id="GO_PR_EXT:G_protein_coupled_receptor" label="G-protein coupled receptor"/>
      <span end="2254" id="15938754-3702" start="2227">G protein-coupled receptors</span>
    </annotation>
    <annotation annotator="" id="GO_MF_2016_02_16_Instance_100020" type="identity">
      <class id="GO_PR_EXT:G_protein_coupled_receptor" label="G-protein coupled receptor"/>
      <span end="2261" id="15938754-3704" start="2256">GPCRs</span>
    </annotation>
    <annotation annotator="Mike Bada, University of Colorado Anschutz Medical Campus" id="GO_MF_2016_02_16_Instance_15189" type="identity">
      <class id="GO_EXT:0008527" label="bearer of taste receptor activity"/>
      <span end="2308" id="15938754-3736" start="2294">taste receptor</span>
    </annotation>
    <annotation annotator="Mike Bada, University of Colorado Anschutz Medical Campus" id="GO_MF_2016_02_16_Instance_15191" type="identity">
      <class id="GO_EXT:0008527" label="bearer of taste receptor activity"/>
      <span end="4496" id="15938754-3738" start="4482">taste receptor</span>
    </annotation>
    <annotation annotator="" id="GO_MF_2016_02_16_Instance_100022" type="identity">
      <class id="GO_PR_EXT:G_protein_coupled_receptor" label="G-protein coupled receptor"/>
      <span end="4525" id="15938754-3706" start="4520">GPCRs</span>
    </annotation>
    <annotation annotator="Mike Bada, University of Colorado Anschutz Medical Campus" id="GO_MF_2016_02_16_Instance_15283" type="identity">
      <class id="GO_EXT:0005267" label="bearer of potassium channel activity"/>
      <span end="4634" id="15938754-3786" start="4623">K+ channels</span>
    </annotation>
    <annotation annotator="Mike Bada, University of Colorado Anschutz Medical Campus" id="GO_MF_2016_02_16_Instance_15291" type="identity">
      <class id="GO_EXT:0008081" label="bearer of phosphoric diester hydrolase activity"/>
      <span end="4738" id="15938754-3794" start="4721">phosphodiesterase</span>
    </annotation>
    <annotation annotator="" id="GO_MF_2016_02_16_Instance_130078" type="identity">
      <class id="CHEBI_GO_EXT:ligand" label="ligand"/>
      <span end="6166" id="15938754-3722" start="6160">ligand</span>
    </annotation>
    <annotation annotator="Mike Bada, University of Colorado Anschutz Medical Campus" id="GO_MF_2016_02_16_Instance_15251" type="identity">
      <class id="GO_EXT:0004872" label="bearer of receptor activity"/>
      <span end="11032" id="15938754-3760" start="11024">receptor</span>
    </annotation>
    <annotation annotator="" id="GO_MF_2016_02_16_Instance_100024" type="identity">
      <class id="GO_EXT:0004872" label="bearer of receptor activity"/>
      <span end="11084" id="15938754-3708" start="11075">receptors</span>
    </annotation>
    <annotation annotator="Mike Bada, University of Colorado Anschutz Medical Campus" id="GO_MF_2016_02_16_Instance_15193" type="identity">
      <class id="GO_EXT:0008527" label="bearer of taste receptor activity"/>
      <span end="11114" id="15938754-3740" start="11099">taste receptors</span>
    </annotation>
    <annotation annotator="Mike Bada, University of Colorado Anschutz Medical Campus" id="GO_MF_2016_02_16_Instance_15195" type="identity">
      <class id="GO_EXT:0008527" label="bearer of taste receptor activity"/>
      <span end="11345" id="15938754-3742" start="11331">taste receptor</span>
    </annotation>
    <annotation annotator="Mike Bada, University of Colorado Anschutz Medical Campus" id="GO_MF_2016_02_16_Instance_15197" type="identity">
      <class id="GO_EXT:0033038" label="bearer of bitter taste receptor activity"/>
      <span end="11982" id="15938754-3744" start="11961">bitter taste receptor</span>
    </annotation>
    <annotation annotator="" id="GO_MF_2016_02_16_Instance_130080" type="identity">
      <class id="CHEBI_GO_EXT:ligand" label="ligand"/>
      <span end="12997" id="15938754-3724" start="12991">ligand</span>
    </annotation>
    <annotation annotator="" id="GO_MF_2016_02_16_Instance_100026" type="identity">
      <class id="CHEMINF_GO_EXT:chemical_binding_or_bond_formation" label="chemical binding or bond formation"/>
      <span end="13005" id="15938754-3710" start="12998">binding</span>
    </annotation>
    <annotation annotator="Mike Bada, University of Colorado Anschutz Medical Campus" id="GO_MF_2016_02_16_Instance_15253" type="identity">
      <class id="GO_EXT:0004872" label="bearer of receptor activity"/>
      <span end="13017" id="15938754-3762" start="13009">receptor</span>
    </annotation>
    <annotation annotator="Mike Bada, University of Colorado Anschutz Medical Campus" id="GO_MF_2016_02_16_Instance_15255" type="identity">
      <class id="GO_EXT:0004872" label="bearer of receptor activity"/>
      <span end="14772" id="15938754-3764" start="14763">receptors</span>
    </annotation>
    <annotation annotator="Mike Bada, University of Colorado Anschutz Medical Campus" id="GO_MF_2016_02_16_Instance_15243" type="identity">
      <class id="GO_EXT:0015666" label="bearer of restriction endodeoxyribonuclease activity"/>
      <span end="15372" id="15938754-3752" start="15353">restriction enzymes</span>
    </annotation>
    <annotation annotator="Mike Bada, University of Colorado Anschutz Medical Campus" id="GO_MF_2016_02_16_Instance_15257" type="identity">
      <class id="GO_EXT:0004872" label="bearer of receptor activity"/>
      <span end="15441" id="15938754-3766" start="15432">receptors</span>
    </annotation>
    <annotation annotator="Mike Bada, University of Colorado Anschutz Medical Campus" id="GO_MF_2016_02_16_Instance_15245" type="identity">
      <class id="GO_EXT:0015666" label="bearer of restriction endodeoxyribonuclease activity"/>
      <span end="15884" id="15938754-3754" start="15860">restriction endonuclease</span>
    </annotation>
    <annotation annotator="Mike Bada, University of Colorado Anschutz Medical Campus" id="GO_MF_2016_02_16_Instance_15309" type="identity">
      <class id="GO_EXT:0015666" label="bearer of restriction endodeoxyribonuclease activity"/>
      <span end="16119" id="15938754-3796" start="16095">restriction endonuclease</span>
    </annotation>
    <annotation annotator="Mike Bada, University of Colorado Anschutz Medical Campus" id="GO_MF_2016_02_16_Instance_15259" type="identity">
      <class id="GO_EXT:0004872" label="bearer of receptor activity"/>
      <span end="17935" id="15938754-3768" start="17926">receptors</span>
    </annotation>
    <annotation annotator="" id="GO_MF_2016_02_16_Instance_100028" type="identity">
      <class id="CHEBI_GO_SO_EXT:enzyme" label="enzyme"/>
      <span end="17944" id="15938754-3712" start="17937">enzymes</span>
    </annotation>
    <annotation annotator="Mike Bada, University of Colorado Anschutz Medical Campus" id="GO_MF_2016_02_16_Instance_15285" type="identity">
      <class id="GO_EXT:0015267" label="bearer of channel activity"/>
      <span end="17957" id="15938754-3788" start="17949">channels</span>
    </annotation>
    <annotation annotator="Mike Bada, University of Colorado Anschutz Medical Campus" id="GO_MF_2016_02_16_Instance_15199" type="identity">
      <class id="GO_EXT:0008527" label="bearer of taste receptor activity"/>
      <span end="18072" id="15938754-3746" start="18058">taste receptor</span>
    </annotation>
    <annotation annotator="Mike Bada, University of Colorado Anschutz Medical Campus" id="GO_MF_2016_02_16_Instance_15209" type="identity">
      <class id="GO_EXT:0008527" label="bearer of taste receptor activity"/>
      <span end="19142" id="15938754-3748" start="19128">taste receptor</span>
    </annotation>
    <annotation annotator="Mike Bada, University of Colorado Anschutz Medical Campus" id="GO_MF_2016_02_16_Instance_15261" type="identity">
      <class id="GO_EXT:0004872" label="bearer of receptor activity"/>
      <span end="19359" id="15938754-3770" start="19350">receptors</span>
    </annotation>
    <annotation annotator="Mike Bada, University of Colorado Anschutz Medical Campus" id="GO_MF_2016_02_16_Instance_15287" type="identity">
      <class id="GO_EXT:0005267" label="bearer of potassium channel activity"/>
      <span end="19611" id="15938754-3790" start="19600">K+ channels</span>
    </annotation>
    <annotation annotator="Mike Bada, University of Colorado Anschutz Medical Campus" id="GO_MF_2016_02_16_Instance_15211" type="identity">
      <class id="GO_EXT:0008527" label="bearer of taste receptor activity"/>
      <span end="19629" id="15938754-3750" start="19615">taste receptor</span>
    </annotation>
    <annotation annotator="Mike Bada, University of Colorado Anschutz Medical Campus" id="GO_MF_2016_02_16_Instance_15289" type="identity">
      <class id="GO_EXT:0005216" label="bearer of ion channel activity"/>
      <span end="20212" id="15938754-3792" start="20200">ion channels</span>
    </annotation>
    <annotation annotator="" id="GO_MF_2016_02_16_Instance_100030" type="identity">
      <class id="CHEBI_GO_SO_EXT:enzyme" label="enzyme"/>
      <span end="20221" id="15938754-3714" start="20214">enzymes</span>
    </annotation>
    <annotation annotator="Mike Bada, University of Colorado Anschutz Medical Campus" id="GO_MF_2016_02_16_Instance_15263" type="identity">
      <class id="GO_EXT:0004872" label="bearer of receptor activity"/>
      <span end="20251" id="15938754-3772" start="20243">receptor</span>
    </annotation>
    <annotation annotator="Mike Bada, University of Colorado Anschutz Medical Campus" id="GO_MF_2016_02_16_Instance_15265" type="identity">
      <class id="GO_EXT:0004872" label="bearer of receptor activity"/>
      <span end="21247" id="15938754-3774" start="21239">receptor</span>
    </annotation>
    <annotation annotator="" id="GO_MF_2016_02_16_Instance_130082" type="identity">
      <class id="CHEBI_GO_EXT:ligand" label="ligand"/>
      <span end="22382" id="15938754-3726" start="22376">ligand</span>
    </annotation>
    <annotation annotator="Mike Bada, University of Colorado Anschutz Medical Campus" id="GO_MF_2016_02_16_Instance_15267" type="identity">
      <class id="GO_EXT:0004872" label="bearer of receptor activity"/>
      <span end="22407" id="15938754-3776" start="22399">receptor</span>
    </annotation>
    <annotation annotator="Mike Bada, University of Colorado Anschutz Medical Campus" id="GO_MF_2016_02_16_Instance_15269" type="identity">
      <class id="GO_EXT:0004872" label="bearer of receptor activity"/>
      <span end="22550" id="15938754-3778" start="22541">receptors</span>
    </annotation>
    <annotation annotator="" id="GO_MF_2016_02_16_Instance_130084" type="identity">
      <class id="CHEBI_GO_EXT:ligand" label="ligand"/>
      <span end="22613" id="15938754-3728" start="22607">ligand</span>
    </annotation>
    <annotation annotator="" id="GO_MF_2016_02_16_Instance_130086" type="identity">
      <class id="CHEBI_GO_EXT:ligand" label="ligand"/>
      <span end="22828" id="15938754-3730" start="22822">ligand</span>
    </annotation>
    <annotation annotator="" id="GO_MF_2016_02_16_Instance_100032" type="identity">
      <class id="CHEMINF_GO_EXT:chemical_binding_or_bond_formation" label="chemical binding or bond formation"/>
      <span end="22836" id="15938754-3716" start="22829">binding</span>
    </annotation>
    <annotation annotator="Mike Bada, University of Colorado Anschutz Medical Campus" id="GO_MF_2016_02_16_Instance_15271" type="identity">
      <class id="GO_EXT:0004872" label="bearer of receptor activity"/>
      <span end="22891" id="15938754-3780" start="22883">receptor</span>
    </annotation>
    <annotation annotator="Mike Bada, University of Colorado Anschutz Medical Campus" id="GO_MF_2016_02_16_Instance_15273" type="identity">
      <class id="GO_EXT:0004872" label="bearer of receptor activity"/>
      <span end="23920" id="15938754-3782" start="23911">receptors</span>
    </annotation>
    <annotation annotator="Mike Bada, University of Colorado Anschutz Medical Campus" id="GO_MF_2016_02_16_Instance_15275" type="identity">
      <class id="GO_EXT:0004872" label="bearer of receptor activity"/>
      <span end="24238" id="15938754-3784" start="24229">receptors</span>
    </annotation>
    <annotation annotator="" id="GO_MF_2016_02_16_Instance_100034" type="identity">
      <class id="GO_EXT:polymerase" label="polymerase"/>
      <span end="29090" id="15938754-3718" start="29080">polymerase</span>
    </annotation>
    <annotation annotator="" id="GO_MF_2016_02_16_Instance_100036" type="identity">
      <class id="GO_EXT:polymerase" label="polymerase"/>
      <span end="29144" id="15938754-3720" start="29134">polymerase</span>
    </annotation>
    <annotation annotator="Mike Bada, University of Colorado Anschutz Medical Campus" id="GO_MF_2016_02_16_Instance_15311" type="identity">
      <class id="GO_EXT:0015666" label="bearer of restriction endodeoxyribonuclease activity"/>
      <span end="29630" id="15938754-3798" start="29605">restriction endonucleases</span>
    </annotation>
    <graph-space id="Old Knowtator Relations"/>
  </document>
</knowtator-project>
