<?xml version="1.0" encoding="UTF-8" standalone="no"?>
<knowtator-project>
    <document id="16103912" text-file="16103912.txt">
        <annotation annotator="" id="GO_MF_2016_02_16_Instance_100293" type="identity">
            <class id="GO_EXT:reverse_transcription_or_reverse_transcriptase" label="reverse transcription or reverse transcriptase"/>
            <span end="11042" id="16103912-3876" start="11040">RT</span>
        </annotation>
        <annotation annotator="" id="GO_MF_2016_02_16_Instance_100295" type="identity">
            <class id="GO:0097617" label="annealing activity"/>
            <span end="14596" id="16103912-3878" start="14583">hybridization</span>
        </annotation>
        <annotation annotator="" id="GO_MF_2016_02_16_Instance_100297" type="identity">
            <class id="GO_EXT:0008083" label="bearer of growth factor activity"/>
            <span end="15015" id="16103912-3880" start="15002">growth factor</span>
        </annotation>
        <annotation annotator="" id="GO_MF_2016_02_16_Instance_100299" type="identity">
            <class id="GO_PR_EXT:hepatocyte_growth_factor_receptor" label="hepatocyte growth factor receptor"/>
            <span end="15258" id="16103912-3882" start="15246">HGF receptor</span>
        </annotation>
        <annotation annotator="" id="GO_MF_2016_02_16_backup_Instance_221" type="identity">
            <class id="GO_EXT:transcription_factor" label="transcription factor"/>
            <span end="15543" id="16103912-3870" start="15522">transcription factors</span>
        </annotation>
        <annotation annotator="" id="GO_MF_2016_02_16_backup_Instance_223" type="identity">
            <class id="GO_EXT:transcription_factor" label="transcription factor"/>
            <span end="22450" id="16103912-3872" start="22429">transcription factors</span>
        </annotation>
        <annotation annotator="" id="GO_MF_2016_02_16_backup_Instance_225" type="identity">
            <class id="GO_EXT:transcription_factor" label="transcription factor"/>
            <span end="22761" id="16103912-3874" start="22740">transcription factors</span>
        </annotation>
        <annotation annotator="Mike Bada, University of Colorado Anschutz Medical Campus" id="GO_MF_2016_02_16_Instance_15933" type="identity">
            <class id="GO_EXT:0004565" label="bearer of beta-galactosidase activity"/>
            <span end="27596" id="16103912-3906" start="27581">β-galactosidase</span>
        </annotation>
        <annotation annotator="Mike Bada, University of Colorado Anschutz Medical Campus" id="GO_MF_2016_02_16_Instance_20321" type="identity">
            <class id="GO_EXT:0015925" label="bearer of galactosidase activity"/>
            <span end="28169" id="16103912-3908" start="28154">β-galactosidase</span>
        </annotation>
        <annotation annotator="" id="GO_MF_2016_02_16_Instance_100307" type="identity">
            <class id="GO_EXT:reverse_transcription_or_reverse_transcriptase" label="reverse transcription or reverse transcriptase"/>
            <span end="28220" id="16103912-3884" start="28218">RT</span>
        </annotation>
        <annotation annotator="" id="GO_MF_2016_02_16_Instance_100309" type="identity">
            <class id="GO_EXT:reverse_transcription_or_reverse_transcriptase" label="reverse transcription or reverse transcriptase"/>
            <span end="28337" id="16103912-3886" start="28335">RT</span>
        </annotation>
        <annotation annotator="" id="GO_MF_2016_02_16_Instance_100311" type="identity">
            <class id="GO_EXT:reverse_transcription_or_reverse_transcriptase" label="reverse transcription or reverse transcriptase"/>
            <span end="28413" id="16103912-3888" start="28411">RT</span>
        </annotation>
        <annotation annotator="" id="GO_MF_2016_02_16_Instance_100313" type="identity">
            <class id="GO_EXT:reverse_transcription_or_reverse_transcriptase" label="reverse transcription or reverse transcriptase"/>
            <span end="28616" id="16103912-3890" start="28614">RT</span>
        </annotation>
        <annotation annotator="" id="GO_MF_2016_02_16_Instance_100315" type="identity">
            <class id="GO:0097617" label="annealing activity"/>
            <span end="28898" id="16103912-3892" start="28885">hybridization</span>
        </annotation>
        <annotation annotator="" id="GO_MF_2016_02_16_Instance_100317" type="identity">
            <class id="GO:0097617" label="annealing activity"/>
            <span end="29015" id="16103912-3894" start="29002">hybridization</span>
        </annotation>
        <annotation annotator="" id="GO_MF_2016_02_16_Instance_100319" type="identity">
            <class id="GO:0097617" label="annealing activity"/>
            <span end="29144" id="16103912-3896" start="29134">hybridized</span>
        </annotation>
        <annotation annotator="" id="GO_MF_2016_02_16_Instance_100321" type="identity">
            <class id="GO_EXT:reverse_transcription_or_reverse_transcriptase" label="reverse transcription or reverse transcriptase"/>
            <span end="30240" id="16103912-3898" start="30238">RT</span>
        </annotation>
        <annotation annotator="" id="GO_MF_2016_02_16_Instance_100323" type="identity">
            <class id="GO_EXT:0008083" label="bearer of growth factor activity"/>
            <span end="31256" id="16103912-3900" start="31243">growth factor</span>
        </annotation>
        <annotation annotator="" id="GO_MF_2016_02_16_Instance_100325" type="identity">
            <class id="GO_EXT:reverse_transcription_or_reverse_transcriptase" label="reverse transcription or reverse transcriptase"/>
            <span end="31869" id="16103912-3902" start="31867">RT</span>
        </annotation>
        <annotation annotator="" id="GO_MF_2016_02_16_Instance_100327" type="identity">
            <class id="GO:0097617" label="annealing activity"/>
            <span end="33185" id="16103912-3904" start="33172">hybridization</span>
        </annotation>
        <graph-space id="Old Knowtator Relations"/>
    </document>
</knowtator-project>
