<?xml version="1.0" encoding="UTF-8" standalone="no"?>
<knowtator-project>
    <document id="16109169" text-file="16109169.txt">
        <annotation annotator="" id="GO_MF_2016_02_16_Instance_100329" type="identity">
            <class id="GO:0097617" label="annealing activity"/>
            <span end="468" id="16109169-3926" start="455">hybridization</span>
        </annotation>
        <annotation annotator="" id="GO_MF_2016_02_16_Instance_100331" type="identity">
            <class id="GO_EXT:0008083" label="bearer of growth factor activity"/>
            <span end="1701" id="16109169-3928" start="1695">growth</span>
            <span end="1726" id="16109169-3929" start="1720">factor</span>
        </annotation>
        <annotation annotator="" id="GO_MF_2016_02_16_backup_Instance_227" type="identity">
            <class id="GO_EXT:transcription_factor" label="transcription factor"/>
            <span end="1726" id="16109169-3912" start="1706">transcription factor</span>
        </annotation>
        <annotation annotator="" id="GO_MF_2016_02_16_Instance_100335" type="identity">
            <class id="GO_EXT:0032947" label="bearer of protein complex scaffold"/>
            <span end="3012" id="16109169-3931" start="3004">scaffold</span>
        </annotation>
        <annotation annotator="" id="GO_MF_2016_02_16_Instance_100337" type="identity">
            <class id="CHEMINF_GO_EXT:chemical_binding_or_bond_formation" label="chemical binding or bond formation"/>
            <span end="3194" id="16109169-3933" start="3187">binding</span>
        </annotation>
        <annotation annotator="" id="GO_MF_2016_02_16_Instance_100339" type="identity">
            <class id="GO_EXT:0008083" label="bearer of growth factor activity"/>
            <span end="3332" id="16109169-3935" start="3319">growth factor</span>
        </annotation>
        <annotation annotator="" id="GO_MF_2016_02_16_backup_Instance_229" type="identity">
            <class id="GO_EXT:transcription_factor" label="transcription factor"/>
            <span end="5644" id="16109169-3914" start="5624">transcription factor</span>
        </annotation>
        <annotation annotator="" id="GO_MF_2016_02_16_Instance_100345" type="identity">
            <class id="GO_EXT:0008083" label="bearer of growth factor activity"/>
            <span end="6167" id="16109169-3937" start="6161">growth</span>
            <span end="6193" id="16109169-3938" start="6186">factors</span>
        </annotation>
        <annotation annotator="" id="GO_MF_2016_02_16_backup_Instance_231" type="identity">
            <class id="GO_EXT:transcription_factor" label="transcription factor"/>
            <span end="6193" id="16109169-3916" start="6172">transcription factors</span>
        </annotation>
        <annotation annotator="" id="GO_MF_2016_02_16_Instance_100347" type="identity">
            <class id="GO_EXT:reverse_transcription_or_reverse_transcriptase" label="reverse transcription or reverse transcriptase"/>
            <span end="6471" id="16109169-3940" start="6469">RT</span>
        </annotation>
        <annotation annotator="" id="GO_MF_2016_02_16_Instance_110400" type="identity">
            <class id="GO_EXT:0016015" label="bearer of morphogen activity"/>
            <span end="7184" id="16109169-3973" start="7173">morphogenic</span>
        </annotation>
        <annotation annotator="" id="GO_MF_2016_02_16_Instance_100349" type="identity">
            <class id="GO:0097617" label="annealing activity"/>
            <span end="7286" id="16109169-3942" start="7273">hybridization</span>
        </annotation>
        <annotation annotator="" id="GO_MF_2016_02_16_Instance_100351" type="identity">
            <class id="GO:0097617" label="annealing activity"/>
            <span end="7549" id="16109169-3944" start="7536">hybridization</span>
        </annotation>
        <annotation annotator="" id="GO_MF_2016_02_16_Instance_100353" type="identity">
            <class id="GO:0097617" label="annealing activity"/>
            <span end="8386" id="16109169-3946" start="8373">hybridization</span>
        </annotation>
        <annotation annotator="" id="GO_MF_2016_02_16_Instance_100355" type="identity">
            <class id="GO:0097617" label="annealing activity"/>
            <span end="11593" id="16109169-3948" start="11579">hybridizations</span>
        </annotation>
        <annotation annotator="" id="GO_MF_2016_02_16_Instance_100357" type="identity">
            <class id="GO_EXT:0008083" label="bearer of growth factor activity"/>
            <span end="13930" id="16109169-3950" start="13917">growth factor</span>
        </annotation>
        <annotation annotator="" id="GO_MF_2016_02_16_Instance_100359" type="identity">
            <class id="GO:0097617" label="annealing activity"/>
            <span end="15808" id="16109169-3952" start="15795">hybridization</span>
        </annotation>
        <annotation annotator="" id="GO_MF_2016_02_16_backup_Instance_233" type="identity">
            <class id="GO_EXT:transcription_factor" label="transcription factor"/>
            <span end="18275" id="16109169-3918" start="18255">transcription factor</span>
        </annotation>
        <annotation annotator="" id="GO_MF_2016_02_16_backup_Instance_235" type="identity">
            <class id="GO_EXT:transcription_factor" label="transcription factor"/>
            <span end="18735" id="16109169-3920" start="18715">transcription factor</span>
        </annotation>
        <annotation annotator="" id="GO_MF_2016_02_16_backup_Instance_237" type="identity">
            <class id="GO_EXT:transcription_factor" label="transcription factor"/>
            <span end="19383" id="16109169-3922" start="19363">transcription factor</span>
        </annotation>
        <annotation annotator="" id="GO_MF_2016_02_16_Instance_100367" type="identity">
            <class id="GO:0097617" label="annealing activity"/>
            <span end="19829" id="16109169-3954" start="19816">hybridization</span>
        </annotation>
        <annotation annotator="" id="GO_MF_2016_02_16_Instance_100369" type="identity">
            <class id="GO_PR_EXT:alkaline_phosphatase" label="alkaline phosphatase"/>
            <span end="22882" id="16109169-3956" start="22862">alkaline phosphatase</span>
        </annotation>
        <annotation annotator="" id="GO_MF_2016_02_16_Instance_120000" type="identity">
            <class id="CHEBI_GO_EXT:antagonist" label="antagonist"/>
            <span end="23179" id="16109169-3975" start="23168">antagonists</span>
        </annotation>
        <annotation annotator="" id="GO_MF_2016_02_16_Instance_100371" type="identity">
            <class id="GO_EXT:0008083" label="bearer of growth factor activity"/>
            <span end="27818" id="16109169-3958" start="27804">growth factors</span>
        </annotation>
        <annotation annotator="" id="GO_MF_2016_02_16_Instance_100373" type="identity">
            <class id="GO_EXT:0008083" label="bearer of growth factor activity"/>
            <span end="31703" id="16109169-3960" start="31697">growth</span>
            <span end="31728" id="16109169-3961" start="31722">factor</span>
        </annotation>
        <annotation annotator="" id="GO_MF_2016_02_16_backup_Instance_239" type="identity">
            <class id="GO_EXT:transcription_factor" label="transcription factor"/>
            <span end="31728" id="16109169-3924" start="31708">transcription factor</span>
        </annotation>
        <annotation annotator="" id="GO_MF_2016_02_16_Instance_100377" type="identity">
            <class id="GO:0097617" label="annealing activity"/>
            <span end="33048" id="16109169-3963" start="33035">hybridization</span>
        </annotation>
        <annotation annotator="Mike Bada, University of Colorado Anschutz Medical Campus" id="GO_MF_2016_02_16_Instance_15985" type="identity">
            <class id="GO_EXT:0004565" label="bearer of beta-galactosidase activity"/>
            <span end="33058" id="16109169-3979" start="33053">β-gal</span>
        </annotation>
        <annotation annotator="" id="GO_MF_2016_02_16_Instance_100379" type="identity">
            <class id="GO:0097617" label="annealing activity"/>
            <span end="33286" id="16109169-3965" start="33272">hybridizations</span>
        </annotation>
        <annotation annotator="Mike Bada, University of Colorado Anschutz Medical Campus" id="GO_MF_2016_02_16_Instance_15967" type="identity">
            <class id="GO_EXT:0004565" label="bearer of beta-galactosidase activity"/>
            <span end="33385" id="16109169-3977" start="33370">β-galactosidase</span>
        </annotation>
        <annotation annotator="" id="GO_MF_2016_02_16_Instance_100381" type="identity">
            <class id="GO_PR_EXT:alkaline_phosphatase" label="alkaline phosphatase"/>
            <span end="33768" id="16109169-3967" start="33748">Alkaline phosphatase</span>
        </annotation>
        <annotation annotator="" id="GO_MF_2016_02_16_Instance_100383" type="identity">
            <class id="GO_PR_EXT:alkaline_phosphatase" label="alkaline phosphatase"/>
            <span end="34083" id="16109169-3969" start="34063">alkaline phosphatase</span>
        </annotation>
        <annotation annotator="" id="GO_MF_2016_02_16_Instance_100385" type="identity">
            <class id="GO:0097617" label="annealing activity"/>
            <span end="34828" id="16109169-3971" start="34815">hybridization</span>
        </annotation>
        <graph-space id="Old Knowtator Relations"/>
    </document>
</knowtator-project>
