<?xml version="1.0" encoding="UTF-8" standalone="no"?>
<knowtator-project>
    <document id="16110338" text-file="16110338.txt">
        <annotation annotator="" id="GO_MF_2016_02_16_Instance_100387" type="identity">
            <class id="GO_EXT:0004872" label="bearer of receptor activity"/>
            <span end="617" id="16110338-4017" start="609">receptor</span>
        </annotation>
        <annotation annotator="" id="GO_MF_2016_02_16_backup_Instance_241" type="identity">
            <class id="GO_EXT:transcription_factor" label="transcription factor"/>
            <span end="638" id="16110338-3983" start="618">transcription factor</span>
        </annotation>
        <annotation annotator="" id="GO_MF_2016_02_16_Instance_100391" type="identity">
            <class id="GO:0097617" label="annealing activity"/>
            <span end="702" id="16110338-4019" start="689">hybridization</span>
        </annotation>
        <annotation annotator="" id="GO_MF_2016_02_16_Instance_100393" type="identity">
            <class id="GO:0097617" label="annealing activity"/>
            <span end="1055" id="16110338-4021" start="1042">hybridization</span>
        </annotation>
        <annotation annotator="" id="GO_MF_2016_02_16_Instance_100395" type="identity">
            <class id="GO_EXT:0004872" label="bearer of receptor activity"/>
            <span end="3422" id="16110338-4023" start="3414">receptor</span>
        </annotation>
        <annotation annotator="" id="GO_MF_2016_02_16_backup_Instance_243" type="identity">
            <class id="GO_EXT:transcription_factor" label="transcription factor"/>
            <span end="3443" id="16110338-3985" start="3423">transcription factor</span>
        </annotation>
        <annotation annotator="" id="GO_MF_2016_02_16_Instance_100399" type="identity">
            <class id="GO_EXT:0004872" label="bearer of receptor activity"/>
            <span end="3495" id="16110338-4025" start="3487">receptor</span>
        </annotation>
        <annotation annotator="" id="GO_MF_2016_02_16_Instance_100401" type="identity">
            <class id="GO:0097617" label="annealing activity"/>
            <span end="5633" id="16110338-4027" start="5620">hybridization</span>
        </annotation>
        <annotation annotator="Mike Bada, University of Colorado Anschutz Medical Campus" id="GO_MF_2016_02_16_Instance_15511" type="identity">
            <class id="GO_EXT:0008081" label="bearer of phosphoric diester hydrolase activity"/>
            <span end="7081" id="16110338-4173" start="7064">phosphodiesterase</span>
        </annotation>
        <annotation annotator="" id="GO_MF_2016_02_16_Instance_100403" type="identity">
            <class id="GO:0097617" label="annealing activity"/>
            <span end="7546" id="16110338-4029" start="7533">hybridization</span>
        </annotation>
        <annotation annotator="" id="GO_MF_2016_02_16_Instance_100405" type="identity">
            <class id="GO:0097617" label="annealing activity"/>
            <span end="8226" id="16110338-4031" start="8213">hybridization</span>
        </annotation>
        <annotation annotator="" id="GO_MF_2016_02_16_Instance_100407" type="identity">
            <class id="GO:0097617" label="annealing activity"/>
            <span end="8532" id="16110338-4033" start="8519">hybridization</span>
        </annotation>
        <annotation annotator="" id="GO_MF_2016_02_16_Instance_100409" type="identity">
            <class id="GO:0097617" label="annealing activity"/>
            <span end="9825" id="16110338-4035" start="9812">hybridization</span>
        </annotation>
        <annotation annotator="" id="GO_MF_2016_02_16_Instance_100411" type="identity">
            <class id="GO:0097617" label="annealing activity"/>
            <span end="9866" id="16110338-4037" start="9853">hybridization</span>
        </annotation>
        <annotation annotator="" id="GO_MF_2016_02_16_Instance_100413" type="identity">
            <class id="GO:0097617" label="annealing activity"/>
            <span end="11774" id="16110338-4039" start="11761">hybridization</span>
        </annotation>
        <annotation annotator="" id="GO_MF_2016_02_16_Instance_100415" type="identity">
            <class id="GO:0097617" label="annealing activity"/>
            <span end="12524" id="16110338-4041" start="12511">hybridization</span>
        </annotation>
        <annotation annotator="" id="GO_MF_2016_02_16_Instance_100417" type="identity">
            <class id="GO:0097617" label="annealing activity"/>
            <span end="13218" id="16110338-4043" start="13205">hybridization</span>
        </annotation>
        <annotation annotator="" id="GO_MF_2016_02_16_Instance_100419" type="identity">
            <class id="GO:0097617" label="annealing activity"/>
            <span end="13815" id="16110338-4045" start="13802">hybridization</span>
        </annotation>
        <annotation annotator="" id="GO_MF_2016_02_16_Instance_100421" type="identity">
            <class id="GO:0097617" label="annealing activity"/>
            <span end="14854" id="16110338-4047" start="14841">hybridization</span>
        </annotation>
        <annotation annotator="" id="GO_MF_2016_02_16_Instance_100423" type="identity">
            <class id="GO:0097617" label="annealing activity"/>
            <span end="15329" id="16110338-4049" start="15316">hybridization</span>
        </annotation>
        <annotation annotator="" id="GO_MF_2016_02_16_Instance_100425" type="identity">
            <class id="GO:0097617" label="annealing activity"/>
            <span end="15406" id="16110338-4051" start="15393">hybridization</span>
        </annotation>
        <annotation annotator="" id="GO_MF_2016_02_16_Instance_100427" type="identity">
            <class id="GO:0097617" label="annealing activity"/>
            <span end="15618" id="16110338-4053" start="15605">hybridization</span>
        </annotation>
        <annotation annotator="Mike Bada, University of Colorado Anschutz Medical Campus" id="GO_MF_2016_02_16_Instance_16039" type="identity">
            <class id="GO_EXT:0004887" label="bearer of thyroid hormone receptor activity"/>
            <span end="15899" id="16110338-4175" start="15875">Thyroid Hormone Receptor</span>
        </annotation>
        <annotation annotator="" id="GO_MF_2016_02_16_Instance_100429" type="identity">
            <class id="GO:0097617" label="annealing activity"/>
            <span end="16050" id="16110338-4055" start="16037">hybridization</span>
        </annotation>
        <annotation annotator="Mike Bada, University of Colorado Anschutz Medical Campus" id="GO_MF_2016_02_16_Instance_16041" type="identity">
            <class id="GO_EXT:0004887" label="bearer of thyroid hormone receptor activity"/>
            <span end="16115" id="16110338-4177" start="16091">thyroid hormone receptor</span>
        </annotation>
        <annotation annotator="" id="GO_MF_2016_02_16_Instance_100435" type="identity">
            <class id="GO:0097617" label="annealing activity"/>
            <span end="17733" id="16110338-4057" start="17720">hybridization</span>
        </annotation>
        <annotation annotator="" id="GO_MF_2016_02_16_Instance_100437" type="identity">
            <class id="GO:0097617" label="annealing activity"/>
            <span end="17966" id="16110338-4059" start="17953">hybridization</span>
        </annotation>
        <annotation annotator="" id="GO_MF_2016_02_16_Instance_100439" type="identity">
            <class id="GO:0097617" label="annealing activity"/>
            <span end="18609" id="16110338-4061" start="18596">hybridization</span>
        </annotation>
        <annotation annotator="" id="GO_MF_2016_02_16_backup_Instance_245" type="identity">
            <class id="GO_EXT:transcription_factor" label="transcription factor"/>
            <span end="19143" id="16110338-3987" start="19123">Transcription Factor</span>
        </annotation>
        <annotation annotator="" id="GO_MF_2016_02_16_backup_Instance_247" type="identity">
            <class id="GO_EXT:transcription_factor" label="transcription factor"/>
            <span end="19240" id="16110338-3989" start="19219">transcription factors</span>
        </annotation>
        <annotation annotator="" id="GO_MF_2016_02_16_backup_Instance_249" type="identity">
            <class id="GO_EXT:transcription_factor" label="transcription factor"/>
            <span end="19446" id="16110338-3991" start="19426">transcription factor</span>
        </annotation>
        <annotation annotator="" id="GO_MF_2016_02_16_backup_Instance_251" type="identity">
            <class id="GO_EXT:transcription_factor" label="transcription factor"/>
            <span end="19691" id="16110338-3993" start="19671">transcription factor</span>
        </annotation>
        <annotation annotator="" id="GO_MF_2016_02_16_Instance_100449" type="identity">
            <class id="GO:0097617" label="annealing activity"/>
            <span end="20048" id="16110338-4063" start="20035">hybridization</span>
        </annotation>
        <annotation annotator="" id="GO_MF_2016_02_16_Instance_100451" type="identity">
            <class id="CHEMINF_GO_EXT:chemical_binding_or_bond_formation" label="chemical binding or bond formation"/>
            <span end="20193" id="16110338-4065" start="20186">binding</span>
        </annotation>
        <annotation annotator="" id="GO_MF_2016_02_16_Instance_130106" type="identity">
            <class id="CHEBI_GO_EXT:ligand" label="ligand"/>
            <span end="20204" id="16110338-4171" start="20198">ligand</span>
        </annotation>
        <annotation annotator="" id="GO_MF_2016_02_16_Instance_100453" type="identity">
            <class id="CHEMINF_GO_EXT:chemical_binding_or_bond_formation" label="chemical binding or bond formation"/>
            <span end="20212" id="16110338-4067" start="20205">binding</span>
        </annotation>
        <annotation annotator="" id="GO_MF_2016_02_16_Instance_100455" type="identity">
            <class id="GO:0097617" label="annealing activity"/>
            <span end="21004" id="16110338-4069" start="20991">hybridization</span>
        </annotation>
        <annotation annotator="" id="GO_MF_2016_02_16_Instance_100457" type="identity">
            <class id="GO:0097617" label="annealing activity"/>
            <span end="22762" id="16110338-4071" start="22749">hybridization</span>
        </annotation>
        <annotation annotator="" id="GO_MF_2016_02_16_backup_Instance_253" type="identity">
            <class id="GO_EXT:transcription_factor" label="transcription factor"/>
            <span end="25282" id="16110338-3995" start="25262">transcription factor</span>
        </annotation>
        <annotation annotator="" id="GO_MF_2016_02_16_backup_Instance_255" type="identity">
            <class id="GO_EXT:transcription_factor" label="transcription factor"/>
            <span end="26884" id="16110338-3997" start="26864">transcription factor</span>
        </annotation>
        <annotation annotator="" id="GO_MF_2016_02_16_Instance_100463" type="identity">
            <class id="GO_EXT:reverse_transcription_or_reverse_transcriptase" label="reverse transcription or reverse transcriptase"/>
            <span end="28311" id="16110338-4073" start="28309">RT</span>
        </annotation>
        <annotation annotator="" id="GO_MF_2016_02_16_Instance_100465" type="identity">
            <class id="GO:0097617" label="annealing activity"/>
            <span end="28446" id="16110338-4075" start="28433">hybridization</span>
        </annotation>
        <annotation annotator="" id="GO_MF_2016_02_16_Instance_100467" type="identity">
            <class id="GO:0097617" label="annealing activity"/>
            <span end="28785" id="16110338-4077" start="28772">hybridization</span>
        </annotation>
        <annotation annotator="" id="GO_MF_2016_02_16_Instance_100469" type="identity">
            <class id="GO:0097617" label="annealing activity"/>
            <span end="29350" id="16110338-4079" start="29337">hybridization</span>
        </annotation>
        <annotation annotator="" id="GO_MF_2016_02_16_Instance_100471" type="identity">
            <class id="CHEMINF_GO_EXT:chemical_binding_or_bond_formation" label="chemical binding or bond formation"/>
            <span end="30922" id="16110338-4081" start="30915">binding</span>
        </annotation>
        <annotation annotator="" id="GO_MF_2016_02_16_backup_Instance_257" type="identity">
            <class id="GO_EXT:transcription_factor" label="transcription factor"/>
            <span end="31371" id="16110338-3999" start="31351">transcription factor</span>
        </annotation>
        <annotation annotator="" id="GO_MF_2016_02_16_backup_Instance_259" type="identity">
            <class id="GO_EXT:transcription_factor" label="transcription factor"/>
            <span end="31424" id="16110338-4001" start="31404">transcription factor</span>
        </annotation>
        <annotation annotator="" id="GO_MF_2016_02_16_backup_Instance_261" type="identity">
            <class id="GO_EXT:transcription_factor" label="transcription factor"/>
            <span end="31574" id="16110338-4003" start="31554">transcription factor</span>
        </annotation>
        <annotation annotator="" id="GO_MF_2016_02_16_backup_Instance_263" type="identity">
            <class id="GO_EXT:transcription_factor" label="transcription factor"/>
            <span end="31730" id="16110338-4005" start="31710">transcription factor</span>
        </annotation>
        <annotation annotator="" id="GO_MF_2016_02_16_backup_Instance_265" type="identity">
            <class id="GO_EXT:transcription_factor" label="transcription factor"/>
            <span end="31811" id="16110338-4007" start="31791">transcription factor</span>
        </annotation>
        <annotation annotator="" id="GO_MF_2016_02_16_Instance_100483" type="identity">
            <class id="GO:0097617" label="annealing activity"/>
            <span end="33496" id="16110338-4083" start="33483">hybridization</span>
        </annotation>
        <annotation annotator="" id="GO_MF_2016_02_16_Instance_100485" type="identity">
            <class id="GO_EXT:0004396" label="bearer of hexokinase activity"/>
            <span end="34036" id="16110338-4085" start="34026">hexokinase</span>
        </annotation>
        <annotation annotator="" id="GO_MF_2016_02_16_Instance_130000" type="identity">
            <class id="GO_PR_EXT:glucokinase" label="glucokinase"/>
            <span end="34278" id="16110338-4169" start="34267">glucokinase</span>
        </annotation>
        <annotation annotator="" id="GO_MF_2016_02_16_Instance_100489" type="identity">
            <class id="GO:0097617" label="annealing activity"/>
            <span end="34416" id="16110338-4087" start="34403">hybridization</span>
        </annotation>
        <annotation annotator="" id="GO_MF_2016_02_16_backup_Instance_267" type="identity">
            <class id="GO_EXT:transcription_factor" label="transcription factor"/>
            <span end="35968" id="16110338-4009" start="35948">transcription factor</span>
        </annotation>
        <annotation annotator="" id="GO_MF_2016_02_16_Instance_100493" type="identity">
            <class id="GO:0097617" label="annealing activity"/>
            <span end="41514" id="16110338-4089" start="41501">hybridization</span>
        </annotation>
        <annotation annotator="" id="GO_MF_2016_02_16_Instance_100495" type="identity">
            <class id="GO:0097617" label="annealing activity"/>
            <span end="44052" id="16110338-4091" start="44042">hybridized</span>
        </annotation>
        <annotation annotator="" id="GO_MF_2016_02_16_Instance_100499" type="identity">
            <class id="GO:0097617" label="annealing activity"/>
            <span end="44346" id="16110338-4095" start="44336">hybridized</span>
        </annotation>
        <annotation annotator="" id="GO_MF_2016_02_16_Instance_100497" type="identity">
            <class id="GO:0097617" label="annealing activity"/>
            <span end="44388" id="16110338-4093" start="44375">hybridization</span>
        </annotation>
        <annotation annotator="" id="GO_MF_2016_02_16_Instance_100501" type="identity">
            <class id="GO:0097617" label="annealing activity"/>
            <span end="46091" id="16110338-4097" start="46077">hybridizations</span>
        </annotation>
        <annotation annotator="" id="GO_MF_2016_02_16_Instance_100503" type="identity">
            <class id="GO:0097617" label="annealing activity"/>
            <span end="46317" id="16110338-4099" start="46304">Hybridization</span>
        </annotation>
        <annotation annotator="" id="GO_MF_2016_02_16_Instance_100505" type="identity">
            <class id="GO:0097617" label="annealing activity"/>
            <span end="47610" id="16110338-4101" start="47597">hybridization</span>
        </annotation>
        <annotation annotator="" id="GO_MF_2016_02_16_Instance_100507" type="identity">
            <class id="GO:0097617" label="annealing activity"/>
            <span end="47642" id="16110338-4103" start="47629">hybridization</span>
        </annotation>
        <annotation annotator="" id="GO_MF_2016_02_16_Instance_100509" type="identity">
            <class id="GO:0097617" label="annealing activity"/>
            <span end="47789" id="16110338-4105" start="47775">hybridizations</span>
        </annotation>
        <annotation annotator="" id="GO_MF_2016_02_16_Instance_100511" type="identity">
            <class id="GO:0097617" label="annealing activity"/>
            <span end="48158" id="16110338-4107" start="48145">hybridization</span>
        </annotation>
        <annotation annotator="" id="GO_MF_2016_02_16_Instance_100513" type="identity">
            <class id="GO:0097617" label="annealing activity"/>
            <span end="48289" id="16110338-4109" start="48276">hybridization</span>
        </annotation>
        <annotation annotator="" id="GO_MF_2016_02_16_Instance_100515" type="identity">
            <class id="GO:0097617" label="annealing activity"/>
            <span end="48497" id="16110338-4111" start="48484">hybridization</span>
        </annotation>
        <annotation annotator="" id="GO_MF_2016_02_16_Instance_100517" type="identity">
            <class id="GO:0097617" label="annealing activity"/>
            <span end="53287" id="16110338-4113" start="53274">hybridization</span>
        </annotation>
        <annotation annotator="" id="GO_MF_2016_02_16_Instance_100519" type="identity">
            <class id="GO:0097617" label="annealing activity"/>
            <span end="53901" id="16110338-4115" start="53888">Hybridization</span>
        </annotation>
        <annotation annotator="" id="GO_MF_2016_02_16_Instance_100521" type="identity">
            <class id="GO:0097617" label="annealing activity"/>
            <span end="54017" id="16110338-4117" start="54004">Hybridization</span>
        </annotation>
        <annotation annotator="" id="GO_MF_2016_02_16_Instance_100523" type="identity">
            <class id="GO:0097617" label="annealing activity"/>
            <span end="54134" id="16110338-4119" start="54121">Hybridization</span>
        </annotation>
        <annotation annotator="" id="GO_MF_2016_02_16_Instance_100525" type="identity">
            <class id="GO:0097617" label="annealing activity"/>
            <span end="54251" id="16110338-4121" start="54238">Hybridization</span>
        </annotation>
        <annotation annotator="" id="GO_MF_2016_02_16_Instance_100527" type="identity">
            <class id="GO:0097617" label="annealing activity"/>
            <span end="54368" id="16110338-4123" start="54355">Hybridization</span>
        </annotation>
        <annotation annotator="" id="GO_MF_2016_02_16_Instance_100529" type="identity">
            <class id="GO:0097617" label="annealing activity"/>
            <span end="54485" id="16110338-4125" start="54472">Hybridization</span>
        </annotation>
        <annotation annotator="" id="GO_MF_2016_02_16_Instance_100531" type="identity">
            <class id="GO:0097617" label="annealing activity"/>
            <span end="54605" id="16110338-4127" start="54592">Hybridization</span>
        </annotation>
        <annotation annotator="" id="GO_MF_2016_02_16_Instance_100533" type="identity">
            <class id="GO:0097617" label="annealing activity"/>
            <span end="54726" id="16110338-4129" start="54713">Hybridization</span>
        </annotation>
        <annotation annotator="" id="GO_MF_2016_02_16_Instance_100535" type="identity">
            <class id="GO:0097617" label="annealing activity"/>
            <span end="55159" id="16110338-4131" start="55146">Hybridization</span>
        </annotation>
        <annotation annotator="" id="GO_MF_2016_02_16_Instance_100537" type="identity">
            <class id="GO:0097617" label="annealing activity"/>
            <span end="55299" id="16110338-4133" start="55286">hybridization</span>
        </annotation>
        <annotation annotator="" id="GO_MF_2016_02_16_Instance_100539" type="identity">
            <class id="GO:0097617" label="annealing activity"/>
            <span end="55466" id="16110338-4135" start="55453">hybridization</span>
        </annotation>
        <annotation annotator="" id="GO_MF_2016_02_16_Instance_100541" type="identity">
            <class id="GO:0097617" label="annealing activity"/>
            <span end="55652" id="16110338-4137" start="55639">Hybridization</span>
        </annotation>
        <annotation annotator="" id="GO_MF_2016_02_16_Instance_100543" type="identity">
            <class id="GO:0097617" label="annealing activity"/>
            <span end="55713" id="16110338-4139" start="55700">hybridization</span>
        </annotation>
        <annotation annotator="" id="GO_MF_2016_02_16_Instance_100545" type="identity">
            <class id="GO:0097617" label="annealing activity"/>
            <span end="55895" id="16110338-4141" start="55882">hybridization</span>
        </annotation>
        <annotation annotator="" id="GO_MF_2016_02_16_Instance_100547" type="identity">
            <class id="GO:0097617" label="annealing activity"/>
            <span end="56062" id="16110338-4143" start="56049">hybridization</span>
        </annotation>
        <annotation annotator="" id="GO_MF_2016_02_16_Instance_100549" type="identity">
            <class id="GO:0097617" label="annealing activity"/>
            <span end="56121" id="16110338-4145" start="56108">hybridization</span>
        </annotation>
        <annotation annotator="" id="GO_MF_2016_02_16_Instance_100551" type="identity">
            <class id="GO:0097617" label="annealing activity"/>
            <span end="60286" id="16110338-4147" start="60273">Hybridization</span>
        </annotation>
        <annotation annotator="" id="GO_MF_2016_02_16_Instance_100553" type="identity">
            <class id="GO:0097617" label="annealing activity"/>
            <span end="60863" id="16110338-4149" start="60850">hybridization</span>
        </annotation>
        <annotation annotator="" id="GO_MF_2016_02_16_Instance_100555" type="identity">
            <class id="GO:0097617" label="annealing activity"/>
            <span end="61039" id="16110338-4151" start="61025">hybridizations</span>
        </annotation>
        <annotation annotator="" id="GO_MF_2016_02_16_Instance_100557" type="identity">
            <class id="GO:0097617" label="annealing activity"/>
            <span end="61244" id="16110338-4153" start="61231">hybridization</span>
        </annotation>
        <annotation annotator="" id="GO_MF_2016_02_16_Instance_100559" type="identity">
            <class id="GO:0097617" label="annealing activity"/>
            <span end="61333" id="16110338-4155" start="61320">hybridization</span>
        </annotation>
        <annotation annotator="" id="GO_MF_2016_02_16_Instance_100561" type="identity">
            <class id="GO:0097617" label="annealing activity"/>
            <span end="62443" id="16110338-4157" start="62430">hybridization</span>
        </annotation>
        <annotation annotator="" id="GO_MF_2016_02_16_Instance_100563" type="identity">
            <class id="GO:0097617" label="annealing activity"/>
            <span end="62820" id="16110338-4159" start="62807">hybridization</span>
        </annotation>
        <annotation annotator="" id="GO_MF_2016_02_16_Instance_100565" type="identity">
            <class id="GO:0097617" label="annealing activity"/>
            <span end="63319" id="16110338-4161" start="63306">hybridization</span>
        </annotation>
        <annotation annotator="" id="GO_MF_2016_02_16_backup_Instance_269" type="identity">
            <class id="GO_EXT:transcription_factor" label="transcription factor"/>
            <span end="63789" id="16110338-4011" start="63768">transcription factors</span>
        </annotation>
        <annotation annotator="" id="GO_MF_2016_02_16_Instance_100571" type="identity">
            <class id="GO:0097617" label="annealing activity"/>
            <span end="63984" id="16110338-4165" start="63971">Hybridization</span>
        </annotation>
        <annotation annotator="" id="GO_MF_2016_02_16_Instance_100569" type="identity">
            <class id="GO:0097617" label="annealing activity"/>
            <span end="64093" id="16110338-4163" start="64080">hybridization</span>
        </annotation>
        <annotation annotator="" id="GO_MF_2016_02_16_Instance_100573" type="identity">
            <class id="GO:0097617" label="annealing activity"/>
            <span end="67085" id="16110338-4167" start="67072">hybridization</span>
        </annotation>
        <annotation annotator="" id="GO_MF_2016_02_16_backup_Instance_271" type="identity">
            <class id="GO_EXT:transcription_factor" label="transcription factor"/>
            <span end="68645" id="16110338-4013" start="68625">transcription factor</span>
        </annotation>
        <annotation annotator="" id="GO_MF_2016_02_16_backup_Instance_273" type="identity">
            <class id="GO_EXT:transcription_factor" label="transcription factor"/>
            <span end="68969" id="16110338-4015" start="68948">transcription factors</span>
        </annotation>
        <graph-space id="Old Knowtator Relations"/>
    </document>
</knowtator-project>
