<?xml version="1.0" encoding="UTF-8" standalone="no"?>
<knowtator-project>
  <document id="16221973" text-file="16221973.txt">
    <annotation annotator="" id="GO_MF_2016_02_16_backup_Instance_275" type="identity">
      <class id="GO_EXT:transcription_factor" label="transcription factor"/>
      <span end="144" id="16221973-5641" start="124">transcription factor</span>
    </annotation>
    <annotation annotator="" id="GO_MF_2016_02_16_Instance_101172" type="identity">
      <class id="CHEMINF_GO_EXT:chemical_binding_or_bond_formation" label="chemical binding or bond formation"/>
      <span end="275" id="16221973-5655" start="268">binding</span>
    </annotation>
    <annotation annotator="" id="GO_MF_2016_02_16_Instance_101174" type="identity">
      <class id="CHEMINF_GO_EXT:chemical_binding_or_bond_formation" label="chemical binding or bond formation"/>
      <span end="913" id="16221973-5657" start="906">binding</span>
    </annotation>
    <annotation annotator="" id="GO_MF_2016_02_16_Instance_101176" type="identity">
      <class id="CHEBI_GO_EXT:antioxidant" label="antioxidant"/>
      <span end="938" id="16221973-5659" start="927">antioxidant</span>
    </annotation>
    <annotation annotator="" id="GO_MF_2016_02_16_Instance_101180" type="identity">
      <class id="GO_EXT:biological_mover_or_transporter" label="biological mover/transporter"/>
      <span end="1439" id="16221973-5663" start="1428">transporter</span>
    </annotation>
    <annotation annotator="" id="GO_MF_2016_02_16_Instance_101182" type="identity">
      <class id="CHEMINF_GO_EXT:chemical_binding_or_bond_formation" label="chemical binding or bond formation"/>
      <span end="1600" id="16221973-5665" start="1593">binding</span>
    </annotation>
    <annotation annotator="" id="GO_MF_2016_02_16_Instance_101178" type="identity">
      <class id="CHEBI_GO_EXT:antioxidant" label="antioxidant"/>
      <span end="1612" id="16221973-5661" start="1601">antioxidant</span>
    </annotation>
    <annotation annotator="" id="GO_MF_2016_02_16_Instance_101184" type="identity">
      <class id="CHEMINF_GO_EXT:chemical_binding_or_bond_formation" label="chemical binding or bond formation"/>
      <span end="2293" id="16221973-5667" start="2289">bind</span>
    </annotation>
    <annotation annotator="" id="GO_MF_2016_02_16_backup_Instance_277" type="identity">
      <class id="GO_EXT:transcription_factor" label="transcription factor"/>
      <span end="2523" id="16221973-5643" start="2503">transcription factor</span>
    </annotation>
    <annotation annotator="" id="GO_MF_2016_02_16_Instance_110340" type="identity">
      <class id="GO_EXT:0015562" label="bearer of efflux transmembrane transporter activity"/>
      <span end="3253" id="16221973-5884" start="3235">efflux transporter</span>
    </annotation>
    <annotation annotator="" id="GO_MF_2016_02_16_Instance_101190" type="identity">
      <class id="GO_EXT:0008083" label="bearer of growth factor activity"/>
      <span end="3328" id="16221973-5669" start="3315">growth factor</span>
    </annotation>
    <annotation annotator="" id="GO_MF_2016_02_16_Instance_101192" type="identity">
      <class id="GO_EXT:0008083" label="bearer of growth factor activity"/>
      <span end="3400" id="16221973-5671" start="3387">growth factor</span>
    </annotation>
    <annotation annotator="" id="GO_MF_2016_02_16_Instance_101194" type="identity">
      <class id="GO_EXT:reverse_transcription_or_reverse_transcriptase" label="reverse transcription or reverse transcriptase"/>
      <span end="4599" id="16221973-5673" start="4597">RT</span>
    </annotation>
    <annotation annotator="" id="GO_MF_2016_02_16_Instance_101196" type="identity">
      <class id="GO_EXT:biological_mover_or_transporter" label="biological mover/transporter"/>
      <span end="5040" id="16221973-5675" start="5033">carrier</span>
    </annotation>
    <annotation annotator="" id="GO_MF_2016_02_16_Instance_110342" type="identity">
      <class id="GO_EXT:0046873" label="bearer of metal ion transmembrane transporter activity"/>
      <span end="5125" id="16221973-5886" start="5104">metal ion transporter</span>
    </annotation>
    <annotation annotator="" id="GO_MF_2016_02_16_Instance_101200" type="identity">
      <class id="GO_EXT:phosphoglycerate_kinase" label="phosphoglycerate kinase"/>
      <span end="5775" id="16221973-5677" start="5772">PGK</span>
    </annotation>
    <annotation annotator="" id="GO_MF_2016_02_16_Instance_101204" type="identity">
      <class id="CHEBI_GO_EXT:neomycin_or_neomycin_phosphotransferase" label="neomycin or neomycin phosphotransferase"/>
      <span end="5779" id="16221973-5681" start="5776">neo</span>
    </annotation>
    <annotation annotator="" id="GO_MF_2016_02_16_Instance_101208" type="identity">
      <class id="GO_PR_EXT:thymidine_kinase" label="thymidine kinase"/>
      <span end="5941" id="16221973-5685" start="5925">thymidine kinase</span>
    </annotation>
    <annotation annotator="" id="GO_MF_2016_02_16_Instance_101210" type="identity">
      <class id="GO_PR_EXT:thymidine_kinase" label="thymidine kinase"/>
      <span end="5945" id="16221973-5687" start="5943">TK</span>
    </annotation>
    <annotation annotator="" id="GO_MF_2016_02_16_Instance_101212" type="identity">
      <class id="GO_EXT:recombinase" label="recombinase"/>
      <span end="6232" id="16221973-5689" start="6221">recombinase</span>
    </annotation>
    <annotation annotator="" id="GO_MF_2016_02_16_Instance_101202" type="identity">
      <class id="GO_EXT:phosphoglycerate_kinase" label="phosphoglycerate kinase"/>
      <span end="6258" id="16221973-5679" start="6255">PGK</span>
    </annotation>
    <annotation annotator="" id="GO_MF_2016_02_16_Instance_101206" type="identity">
      <class id="CHEBI_GO_EXT:neomycin_or_neomycin_phosphotransferase" label="neomycin or neomycin phosphotransferase"/>
      <span end="6262" id="16221973-5683" start="6259">neo</span>
    </annotation>
    <annotation annotator="" id="GO_MF_2016_02_16_Instance_101214" type="identity">
      <class id="GO_EXT:recombinase" label="recombinase"/>
      <span end="6509" id="16221973-5691" start="6498">recombinase</span>
    </annotation>
    <annotation annotator="" id="GO_MF_2016_02_16_Instance_101216" type="identity">
      <class id="GO_EXT:recombinase" label="recombinase"/>
      <span end="6713" id="16221973-5693" start="6702">recombinase</span>
    </annotation>
    <annotation annotator="" id="GO_MF_2016_02_16_Instance_101218" type="identity">
      <class id="CHEMINF_GO_EXT:chemical_binding_or_bond_formation" label="chemical binding or bond formation"/>
      <span end="7327" id="16221973-5695" start="7320">binding</span>
    </annotation>
    <annotation annotator="" id="GO_MF_2016_02_16_Instance_101220" type="identity">
      <class id="GO_EXT:reverse_transcription_or_reverse_transcriptase" label="reverse transcription or reverse transcriptase"/>
      <span end="9679" id="16221973-5697" start="9677">RT</span>
    </annotation>
    <annotation annotator="" id="GO_MF_2016_02_16_Instance_101222" type="identity">
      <class id="GO_EXT:reverse_transcription_or_reverse_transcriptase" label="reverse transcription or reverse transcriptase"/>
      <span end="9691" id="16221973-5699" start="9689">RT</span>
    </annotation>
    <annotation annotator="" id="GO_MF_2016_02_16_Instance_101224" type="identity">
      <class id="GO_EXT:reverse_transcription_or_reverse_transcriptase" label="reverse transcription or reverse transcriptase"/>
      <span end="9735" id="16221973-5701" start="9733">RT</span>
    </annotation>
    <annotation annotator="" id="GO_MF_2016_02_16_Instance_150048" type="identity">
      <class id="GO_PR_EXT:deoxyribonuclease_I" label="deoxyribonuclease I"/>
      <span end="9823" id="16221973-5894" start="9816">DNase I</span>
    </annotation>
    <annotation annotator="" id="GO_MF_2016_02_16_Instance_101226" type="identity">
      <class id="GO_PR_EXT:hypoxanthine_guanine_phosphoribosyltransferase" label="hypoxanthine-guanine phosphoribosyltransferase"/>
      <span end="10053" id="16221973-5703" start="10009">hypoxanthin-guanin-phosphoribosyltransferase</span>
    </annotation>
    <annotation annotator="" id="GO_MF_2016_02_16_Instance_101228" type="identity">
      <class id="GO_PR_EXT:hypoxanthine_guanine_phosphoribosyltransferase" label="hypoxanthine-guanine phosphoribosyltransferase"/>
      <span end="10059" id="16221973-5705" start="10055">Hprt</span>
    </annotation>
    <annotation annotator="Mike Bada, University of Colorado Anschutz Medical Campus" id="GO_MF_2016_02_16_Instance_16969" type="identity">
      <class id="GO_EXT:0004518" label="bearer of nuclease activity"/>
      <span end="10400" id="16221973-5898" start="10392">nuclease</span>
    </annotation>
    <annotation annotator="" id="GO_MF_2016_02_16_Instance_150050" type="identity">
      <class id="GO_PR_EXT:deoxyribonuclease_I" label="deoxyribonuclease I"/>
      <span end="10515" id="16221973-5896" start="10508">DNase I</span>
    </annotation>
    <annotation annotator="" id="GO_MF_2016_02_16_Instance_101230" type="identity">
      <class id="GO_PR_EXT:hypoxanthine_guanine_phosphoribosyltransferase" label="hypoxanthine-guanine phosphoribosyltransferase"/>
      <span end="10717" id="16221973-5707" start="10713">Hprt</span>
    </annotation>
    <annotation annotator="" id="GO_MF_2016_02_16_Instance_101232" type="identity">
      <class id="CHEMINF_GO_EXT:chemical_binding_or_bond_formation" label="chemical binding or bond formation"/>
      <span end="11233" id="16221973-5709" start="11226">binding</span>
    </annotation>
    <annotation annotator="" id="GO_MF_2016_02_16_Instance_101234" type="identity">
      <class id="CHEMINF_GO_EXT:chemical_binding_or_bond_formation" label="chemical binding or bond formation"/>
      <span end="11475" id="16221973-5711" start="11468">binding</span>
    </annotation>
    <annotation annotator="" id="GO_MF+extensions+nested_Instance_36" type="identity">
      <class id="GO:0097617" label="annealing activity"/>
      <span end="11633" id="16221973-5639" start="11625">annealed</span>
    </annotation>
    <annotation annotator="" id="GO_MF_2016_02_16_Instance_101236" type="identity">
      <class id="CHEMINF_GO_EXT:chemical_binding_or_bond_formation" label="chemical binding or bond formation"/>
      <span end="12981" id="16221973-5713" start="12974">binding</span>
    </annotation>
    <annotation annotator="" id="GO_MF_2016_02_16_Instance_101238" type="identity">
      <class id="GO_EXT:recombinase" label="recombinase"/>
      <span end="13944" id="16221973-5715" start="13933">recombinase</span>
    </annotation>
    <annotation annotator="" id="GO_MF_2016_02_16_Instance_101242" type="identity">
      <class id="GO_PR_EXT:thymidine_kinase" label="thymidine kinase"/>
      <span end="14068" id="16221973-5719" start="14066">TK</span>
    </annotation>
    <annotation annotator="" id="GO_MF_2016_02_16_Instance_101240" type="identity">
      <class id="GO_EXT:recombinase" label="recombinase"/>
      <span end="14278" id="16221973-5717" start="14267">recombinase</span>
    </annotation>
    <annotation annotator="" id="GO_MF_2016_02_16_Instance_101244" type="identity">
      <class id="GO_EXT:reverse_transcription_or_reverse_transcriptase" label="reverse transcription or reverse transcriptase"/>
      <span end="14336" id="16221973-5721" start="14334">RT</span>
    </annotation>
    <annotation annotator="" id="GO_MF_2016_02_16_Instance_101246" type="identity">
      <class id="CHEMINF_GO_EXT:chemical_binding_or_bond_formation" label="chemical binding or bond formation"/>
      <span end="15311" id="16221973-5723" start="15304">binding</span>
    </annotation>
    <annotation annotator="" id="GO_MF_2016_02_16_Instance_101248" type="identity">
      <class id="GO_EXT:recombinase" label="recombinase"/>
      <span end="15455" id="16221973-5725" start="15444">recombinase</span>
    </annotation>
    <annotation annotator="" id="GO_MF_2016_02_16_Instance_101250" type="identity">
      <class id="GO_EXT:recombinase" label="recombinase"/>
      <span end="15495" id="16221973-5727" start="15484">recombinase</span>
    </annotation>
    <annotation annotator="" id="GO_MF_2016_02_16_Instance_101252" type="identity">
      <class id="GO_EXT:recombinase" label="recombinase"/>
      <span end="16013" id="16221973-5729" start="16002">recombinase</span>
    </annotation>
    <annotation annotator="" id="GO_MF_2016_02_16_Instance_101254" type="identity">
      <class id="GO_EXT:reverse_transcription_or_reverse_transcriptase" label="reverse transcription or reverse transcriptase"/>
      <span end="16261" id="16221973-5731" start="16259">RT</span>
    </annotation>
    <annotation annotator="" id="GO_MF_2016_02_16_Instance_101256" type="identity">
      <class id="CHEMINF_GO_EXT:chemical_binding_or_bond_formation" label="chemical binding or bond formation"/>
      <span end="16798" id="16221973-5733" start="16791">binding</span>
    </annotation>
    <annotation annotator="" id="GO_MF_2016_02_16_Instance_101258" type="identity">
      <class id="CHEMINF_GO_EXT:chemical_binding_or_bond_formation" label="chemical binding or bond formation"/>
      <span end="19822" id="16221973-5735" start="19815">binding</span>
    </annotation>
    <annotation annotator="" id="GO_MF_2016_02_16_Instance_101260" type="identity">
      <class id="CHEMINF_GO_EXT:chemical_binding_or_bond_formation" label="chemical binding or bond formation"/>
      <span end="19934" id="16221973-5737" start="19927">binding</span>
    </annotation>
    <annotation annotator="" id="GO_MF_2016_02_16_Instance_101262" type="identity">
      <class id="CHEMINF_GO_EXT:chemical_binding_or_bond_formation" label="chemical binding or bond formation"/>
      <span end="20392" id="16221973-5739" start="20387">binds</span>
    </annotation>
    <annotation annotator="" id="GO_MF_2016_02_16_Instance_101264" type="identity">
      <class id="CHEBI_GO_EXT:antioxidant" label="antioxidant"/>
      <span end="20449" id="16221973-5741" start="20438">antioxidant</span>
    </annotation>
    <annotation annotator="" id="GO_MF_2016_02_16_Instance_101266" type="identity">
      <class id="GO_EXT:reverse_transcription_or_reverse_transcriptase" label="reverse transcription or reverse transcriptase"/>
      <span end="20607" id="16221973-5743" start="20605">RT</span>
    </annotation>
    <annotation annotator="" id="GO_MF_2016_02_16_Instance_101270" type="identity">
      <class id="CHEMINF_GO_EXT:chemical_binding_or_bond_formation" label="chemical binding or bond formation"/>
      <span end="21270" id="16221973-5747" start="21263">binding</span>
    </annotation>
    <annotation annotator="" id="GO_MF_2016_02_16_Instance_101268" type="identity">
      <class id="CHEMINF_GO_EXT:chemical_binding_or_bond_formation" label="chemical binding or bond formation"/>
      <span end="21439" id="16221973-5745" start="21432">binding</span>
    </annotation>
    <annotation annotator="" id="GO_MF_2016_02_16_Instance_101272" type="identity">
      <class id="GO_EXT:reverse_transcription_or_reverse_transcriptase" label="reverse transcription or reverse transcriptase"/>
      <span end="22063" id="16221973-5749" start="22061">RT</span>
    </annotation>
    <annotation annotator="" id="GO_MF_2016_02_16_Instance_101274" type="identity">
      <class id="GO_EXT:reverse_transcription_or_reverse_transcriptase" label="reverse transcription or reverse transcriptase"/>
      <span end="23508" id="16221973-5751" start="23506">RT</span>
    </annotation>
    <annotation annotator="" id="GO_MF_2016_02_16_Instance_101276" type="identity">
      <class id="CHEMINF_GO_EXT:chemical_binding_or_bond_formation" label="chemical binding or bond formation"/>
      <span end="23990" id="16221973-5753" start="23983">binding</span>
    </annotation>
    <annotation annotator="" id="GO_MF_2016_02_16_Instance_110344" type="identity">
      <class id="GO_EXT:0046873" label="bearer of metal ion transmembrane transporter activity"/>
      <span end="24534" id="16221973-5888" start="24512">metal ion transporters</span>
    </annotation>
    <annotation annotator="" id="GO_MF_2016_02_16_Instance_101280" type="identity">
      <class id="GO_EXT:reverse_transcription_or_reverse_transcriptase" label="reverse transcription or reverse transcriptase"/>
      <span end="24707" id="16221973-5755" start="24705">RT</span>
    </annotation>
    <annotation annotator="" id="GO_MF_2016_02_16_Instance_101284" type="identity">
      <class id="CHEMINF_GO_EXT:chemical_binding_or_bond_formation" label="chemical binding or bond formation"/>
      <span end="25764" id="16221973-5759" start="25757">binding</span>
    </annotation>
    <annotation annotator="" id="GO_MF_2016_02_16_Instance_101282" type="identity">
      <class id="CHEMINF_GO_EXT:chemical_binding_or_bond_formation" label="chemical binding or bond formation"/>
      <span end="25907" id="16221973-5757" start="25900">binding</span>
    </annotation>
    <annotation annotator="" id="GO_MF_2016_02_16_Instance_101286" type="identity">
      <class id="CHEBI_GO_EXT:antioxidant" label="antioxidant"/>
      <span end="26576" id="16221973-5761" start="26565">antioxidant</span>
    </annotation>
    <annotation annotator="" id="GO_MF_2016_02_16_Instance_110459" type="identity">
      <class id="GO_MOP_EXT:catalysis" label="catalysis"/>
      <span end="26678" id="16221973-5892" start="26669">catalytic</span>
    </annotation>
    <annotation annotator="Mike Bada, University of Colorado Anschutz Medical Campus" id="GO_MF_2016_02_16_Instance_16971" type="identity">
      <class id="GO_EXT:0004357" label="bearer of glutamate-cysteine ligase activity"/>
      <span end="26715" id="16221973-5900" start="26690">glutamate-cysteine ligase</span>
    </annotation>
    <annotation annotator="Mike Bada, University of Colorado Anschutz Medical Campus" id="GO_MF_2016_02_16_Instance_16973" type="identity">
      <class id="GO_EXT:0004357" label="bearer of glutamate-cysteine ligase activity"/>
      <span end="26721" id="16221973-5902" start="26717">Gclc</span>
    </annotation>
    <annotation annotator="" id="GO_MF_2016_02_16_Instance_101288" type="identity">
      <class id="CHEBI_GO_SO_EXT:enzyme" label="enzyme"/>
      <span end="26755" id="16221973-5763" start="26749">enzyme</span>
    </annotation>
    <annotation annotator="" id="GO_MF_2016_02_16_Instance_101291" type="identity">
      <class id="GO_PR_EXT:glutathione_disulfide_reductase" label="glutathione-disulfide reductase"/>
      <span end="26819" id="16221973-5765" start="26798">glutathione reductase</span>
    </annotation>
    <annotation annotator="" id="GO_MF_2016_02_16_Instance_101293" type="identity">
      <class id="GO_PR_EXT:glutathione_disulfide_reductase" label="glutathione-disulfide reductase"/>
      <span end="26826" id="16221973-5767" start="26823">Gsr</span>
    </annotation>
    <annotation annotator="" id="GO_MF_2016_02_16_Instance_101295" type="identity">
      <class id="CHEBI_GO_SO_EXT:enzyme" label="enzyme"/>
      <span end="26848" id="16221973-5769" start="26842">enzyme</span>
    </annotation>
    <annotation annotator="" id="GO_MF_2016_02_16_Instance_101299" type="identity">
      <class id="GO_PR_EXT:glutathione_S_transferase" label="glutathione S-transferase"/>
      <span end="26909" id="16221973-5771" start="26884">glutathione-S-transferase</span>
    </annotation>
    <annotation annotator="" id="GO_MF_2016_02_16_Instance_101301" type="identity">
      <class id="GO_PR_EXT:glutathione_S_transferase" label="glutathione S-transferase"/>
      <span end="26975" id="16221973-5773" start="26950">glutathione-S-transferase</span>
    </annotation>
    <annotation annotator="" id="GO_MF_2016_02_16_Instance_101303" type="identity">
      <class id="CHEBI_GO_SO_EXT:enzyme" label="enzyme"/>
      <span end="27018" id="16221973-5775" start="27011">enzymes</span>
    </annotation>
    <annotation annotator="" id="GO_MF_2016_02_16_Instance_101305" type="identity">
      <class id="GO_EXT:reverse_transcription_or_reverse_transcriptase" label="reverse transcription or reverse transcriptase"/>
      <span end="27094" id="16221973-5777" start="27092">RT</span>
    </annotation>
    <annotation annotator="Mike Bada, University of Colorado Anschutz Medical Campus" id="GO_MF_2016_02_16_Instance_16981" type="identity">
      <class id="GO_EXT:0004357" label="bearer of glutamate-cysteine ligase activity"/>
      <span end="27122" id="16221973-5904" start="27118">Gclc</span>
    </annotation>
    <annotation annotator="Mike Bada, University of Colorado Anschutz Medical Campus" id="GO_MF_2016_02_16_Instance_16983" type="identity">
      <class id="GO_EXT:0004357" label="bearer of glutamate-cysteine ligase activity"/>
      <span end="27200" id="16221973-5906" start="27167">gamma-glutamylcysteine synthetase</span>
    </annotation>
    <annotation annotator="Mike Bada, University of Colorado Anschutz Medical Campus" id="GO_MF_2016_02_16_Instance_16985" type="identity">
      <class id="GO_EXT:0004357" label="bearer of glutamate-cysteine ligase activity"/>
      <span end="27206" id="16221973-5908" start="27202">Ggcs</span>
    </annotation>
    <annotation annotator="Mike Bada, University of Colorado Anschutz Medical Campus" id="GO_MF_2016_02_16_Instance_16987" type="identity">
      <class id="GO_EXT:0004357" label="bearer of glutamate-cysteine ligase activity"/>
      <span end="27311" id="16221973-5910" start="27307">Gclc</span>
    </annotation>
    <annotation annotator="" id="GO_MF_2016_02_16_Instance_101310" type="identity">
      <class id="CHEBI_GO_EXT:ligase_inhibitor" label="ligase inhibitor"/>
      <span end="27614" id="16221973-5779" start="27602">inhibitor of</span>
      <span end="27640" id="16221973-5780" start="27634">ligase</span>
    </annotation>
    <annotation annotator="Mike Bada, University of Colorado Anschutz Medical Campus" id="GO_MF_2016_02_16_Instance_16989" type="identity">
      <class id="GO_EXT:0004357" label="bearer of glutamate-cysteine ligase activity"/>
      <span end="27640" id="16221973-5912" start="27615">glutamate-cysteine ligase</span>
    </annotation>
    <annotation annotator="Mike Bada, University of Colorado Anschutz Medical Campus" id="GO_MF_2016_02_16_Instance_16991" type="identity">
      <class id="GO_EXT:0004791" label="bearer of thioredoxin-disulfide reductase activity"/>
      <span end="28398" id="16221973-5914" start="28377">thioredoxin reductase</span>
    </annotation>
    <annotation annotator="" id="GO_MF_2016_02_16_Instance_101312" type="identity">
      <class id="CHEBI_GO_SO_EXT:enzyme" label="enzyme"/>
      <span end="28438" id="16221973-5782" start="28431">enzymes</span>
    </annotation>
    <annotation annotator="" id="GO_MF_2016_02_16_Instance_101314" type="identity">
      <class id="CHEBI_GO_EXT:antioxidant" label="antioxidant"/>
      <span end="28457" id="16221973-5784" start="28446">antioxidant</span>
    </annotation>
    <annotation annotator="Mike Bada, University of Colorado Anschutz Medical Campus" id="GO_MF_2016_02_16_Instance_16993" type="identity">
      <class id="GO_EXT:0004872" label="bearer of receptor activity"/>
      <span end="28529" id="16221973-5916" start="28521">receptor</span>
    </annotation>
    <annotation annotator="" id="GO_MF_2016_02_16_Instance_101316" type="identity">
      <class id="CHEBI_GO_EXT:antioxidant" label="antioxidant"/>
      <span end="29523" id="16221973-5786" start="29512">antioxidant</span>
    </annotation>
    <annotation annotator="" id="GO_MF_2016_02_16_Instance_101318" type="identity">
      <class id="CHEMINF_GO_EXT:chemical_binding_or_bond_formation" label="chemical binding or bond formation"/>
      <span end="29568" id="16221973-5788" start="29564">bind</span>
    </annotation>
    <annotation annotator="" id="GO_MF_2016_02_16_Instance_101320" type="identity">
      <class id="CHEMINF_GO_EXT:chemical_binding_or_bond_formation" label="chemical binding or bond formation"/>
      <span end="29738" id="16221973-5790" start="29731">binding</span>
    </annotation>
    <annotation annotator="" id="GO_MF_2016_02_16_Instance_101322" type="identity">
      <class id="CHEMINF_GO_EXT:chemical_binding_or_bond_formation" label="chemical binding or bond formation"/>
      <span end="30134" id="16221973-5792" start="30127">binding</span>
    </annotation>
    <annotation annotator="" id="GO_MF_2016_02_16_Instance_101324" type="identity">
      <class id="CHEMINF_GO_EXT:chemical_binding_or_bond_formation" label="chemical binding or bond formation"/>
      <span end="30188" id="16221973-5794" start="30181">binding</span>
    </annotation>
    <annotation annotator="" id="GO_MF_2016_02_16_Instance_101326" type="identity">
      <class id="CHEMINF_GO_EXT:chemical_binding_or_bond_formation" label="chemical binding or bond formation"/>
      <span end="30288" id="16221973-5796" start="30281">binding</span>
    </annotation>
    <annotation annotator="" id="GO_MF_2016_02_16_backup_Instance_279" type="identity">
      <class id="GO_EXT:transcription_factor" label="transcription factor"/>
      <span end="30488" id="16221973-5645" start="30468">transcription factor</span>
    </annotation>
    <annotation annotator="" id="GO_MF_2016_02_16_Instance_101330" type="identity">
      <class id="CHEMINF_GO_EXT:chemical_binding_or_bond_formation" label="chemical binding or bond formation"/>
      <span end="31306" id="16221973-5798" start="31299">binding</span>
    </annotation>
    <annotation annotator="" id="GO_MF_2016_02_16_Instance_101332" type="identity">
      <class id="CHEMINF_GO_EXT:chemical_binding_or_bond_formation" label="chemical binding or bond formation"/>
      <span end="31379" id="16221973-5800" start="31372">binding</span>
    </annotation>
    <annotation annotator="" id="GO_MF_2016_02_16_Instance_101334" type="identity">
      <class id="CHEMINF_GO_EXT:chemical_binding_or_bond_formation" label="chemical binding or bond formation"/>
      <span end="31715" id="16221973-5802" start="31711">bind</span>
    </annotation>
    <annotation annotator="" id="GO_MF_2016_02_16_Instance_110346" type="identity">
      <class id="GO_EXT:0046873" label="bearer of metal ion transmembrane transporter activity"/>
      <span end="32686" id="16221973-5890" start="32664">metal ion transporters</span>
    </annotation>
    <annotation annotator="" id="GO_MF_2016_02_16_Instance_101338" type="identity">
      <class id="GO_EXT:biological_mover_or_transporter" label="biological mover/transporter"/>
      <span end="32932" id="16221973-5804" start="32920">transporters</span>
    </annotation>
    <annotation annotator="" id="GO_MF_2016_02_16_Instance_101340" type="identity">
      <class id="GO_EXT:biological_mover_or_transporter" label="biological mover/transporter"/>
      <span end="33103" id="16221973-5806" start="33092">transporter</span>
    </annotation>
    <annotation annotator="" id="GO_MF_2016_02_16_Instance_101356" type="identity">
      <class id="GO_EXT:biological_mover_or_transporter" label="biological mover/transporter"/>
      <span end="33290" id="16221973-5818" start="33278">transporters</span>
    </annotation>
    <annotation annotator="" id="GO_MF_2016_02_16_Instance_101342" type="identity">
      <class id="GO_EXT:biological_mover_or_transporter" label="biological mover/transporter"/>
      <span end="33583" id="16221973-5808" start="33572">transporter</span>
    </annotation>
    <annotation annotator="" id="GO_MF_2016_02_16_Instance_101344" type="identity">
      <class id="GO_EXT:biological_mover_or_transporter" label="biological mover/transporter"/>
      <span end="33640" id="16221973-5810" start="33628">transporters</span>
    </annotation>
    <annotation annotator="" id="GO_MF_2016_02_16_Instance_101346" type="identity">
      <class id="CHEMINF_GO_EXT:chemical_binding_or_bond_formation" label="chemical binding or bond formation"/>
      <span end="33713" id="16221973-5812" start="33706">binding</span>
    </annotation>
    <annotation annotator="" id="GO_MF_2016_02_16_Instance_101350" type="identity">
      <class id="CHEMINF_GO_EXT:chemical_binding_or_bond_formation" label="chemical binding or bond formation"/>
      <span end="33841" id="16221973-5816" start="33834">binding</span>
    </annotation>
    <annotation annotator="" id="GO_MF+extensions+nested_Instance_14" type="identity">
      <class id="GO_EXT:0001055" label="bearer of RNA polymerase II activity"/>
      <span end="33936" id="16221973-5637" start="33919">RNA polymerase II</span>
    </annotation>
    <annotation annotator="" id="GO_MF_2016_02_16_backup_Instance_281" type="identity">
      <class id="GO_EXT:transcription_factor" label="transcription factor"/>
      <span end="33973" id="16221973-5647" start="33952">transcription factors</span>
    </annotation>
    <annotation annotator="" id="GO_MF_2016_02_16_Instance_101358" type="identity">
      <class id="GO_EXT:biological_mover_or_transporter" label="biological mover/transporter"/>
      <span end="34180" id="16221973-5820" start="34169">transporter</span>
    </annotation>
    <annotation annotator="" id="GO_MF_2016_02_16_Instance_101348" type="identity">
      <class id="CHEMINF_GO_EXT:chemical_binding_or_bond_formation" label="chemical binding or bond formation"/>
      <span end="34316" id="16221973-5814" start="34309">binding</span>
    </annotation>
    <annotation annotator="" id="GO_MF_2016_02_16_backup_Instance_283" type="identity">
      <class id="GO_EXT:transcription_factor" label="transcription factor"/>
      <span end="34702" id="16221973-5649" start="34682">transcription factor</span>
    </annotation>
    <annotation annotator="" id="GO_MF_2016_02_16_Instance_101364" type="identity">
      <class id="CHEMINF_GO_EXT:chemical_binding_or_bond_formation" label="chemical binding or bond formation"/>
      <span end="34725" id="16221973-5822" start="34718">binding</span>
    </annotation>
    <annotation annotator="" id="GO_MF_2016_02_16_backup_Instance_285" type="identity">
      <class id="GO_EXT:transcription_factor" label="transcription factor"/>
      <span end="35947" id="16221973-5651" start="35927">transcription factor</span>
    </annotation>
    <annotation annotator="" id="GO_MF_2016_02_16_Instance_101366" type="identity">
      <class id="CHEBI_GO_EXT:antioxidant" label="antioxidant"/>
      <span end="36658" id="16221973-5824" start="36647">antioxidant</span>
    </annotation>
    <annotation annotator="" id="GO_MF_2016_02_16_Instance_101368" type="identity">
      <class id="CHEBI_GO_SO_EXT:enzyme" label="enzyme"/>
      <span end="36666" id="16221973-5826" start="36659">enzymes</span>
    </annotation>
    <annotation annotator="" id="GO_MF_2016_02_16_Instance_101370" type="identity">
      <class id="CHEBI_GO_SO_EXT:enzyme" label="enzyme"/>
      <span end="37166" id="16221973-5828" start="37157">enzymatic</span>
    </annotation>
    <annotation annotator="" id="GO_MF_2016_02_16_Instance_101372" type="identity">
      <class id="GO_PR_EXT:glutathione_disulfide_reductase" label="glutathione-disulfide reductase"/>
      <span end="37276" id="16221973-5830" start="37255">glutathione reductase</span>
    </annotation>
    <annotation annotator="" id="GO_MF_2016_02_16_Instance_101376" type="identity">
      <class id="GO_PR_EXT:glutathione_S_transferase" label="glutathione S-transferase"/>
      <span end="37310" id="16221973-5834" start="37284">glutathione-S-transferases</span>
    </annotation>
    <annotation annotator="Mike Bada, University of Colorado Anschutz Medical Campus" id="GO_MF_2016_02_16_Instance_17015" type="identity">
      <class id="GO_EXT:0004357" label="bearer of glutamate-cysteine ligase activity"/>
      <span end="37425" id="16221973-5918" start="37421">Gclc</span>
    </annotation>
    <annotation annotator="" id="GO_MF_2016_02_16_Instance_101374" type="identity">
      <class id="GO_PR_EXT:glutathione_disulfide_reductase" label="glutathione-disulfide reductase"/>
      <span end="37430" id="16221973-5832" start="37427">Gsr</span>
    </annotation>
    <annotation annotator="" id="GO_MF_2016_02_16_Instance_101378" type="identity">
      <class id="CHEBI_GO_EXT:neomycin_or_neomycin_phosphotransferase" label="neomycin or neomycin phosphotransferase"/>
      <span end="39233" id="16221973-5836" start="39230">NEO</span>
    </annotation>
    <annotation annotator="" id="GO_MF_2016_02_16_Instance_101380" type="identity">
      <class id="GO_EXT:recombinase" label="recombinase"/>
      <span end="39253" id="16221973-5838" start="39242">recombinase</span>
    </annotation>
    <annotation annotator="" id="GO_MF_2016_02_16_Instance_101382" type="identity">
      <class id="CHEMINF_GO_EXT:chemical_binding_or_bond_formation" label="chemical binding or bond formation"/>
      <span end="39438" id="16221973-5840" start="39431">binding</span>
    </annotation>
    <annotation annotator="" id="GO_MF_2016_02_16_Instance_101384" type="identity">
      <class id="GO_PR_EXT:thymidine_kinase" label="thymidine kinase"/>
      <span end="39588" id="16221973-5842" start="39586">TK</span>
    </annotation>
    <annotation annotator="" id="GO_MF_2016_02_16_Instance_101386" type="identity">
      <class id="GO_PR_EXT:thymidine_kinase" label="thymidine kinase"/>
      <span end="39606" id="16221973-5844" start="39590">thymidine kinase</span>
    </annotation>
    <annotation annotator="Mike Bada, University of Colorado Anschutz Medical Campus" id="GO_MF_2016_02_16_Instance_17023" type="identity">
      <class id="GO_EXT:0015666" label="bearer of restriction endodeoxyribonuclease activity"/>
      <span end="39636" id="16221973-5920" start="39617">Restriction enzymes</span>
    </annotation>
    <annotation annotator="" id="GO_MF_2016_02_16_Instance_101388" type="identity">
      <class id="GO_EXT:reverse_transcription_or_reverse_transcriptase" label="reverse transcription or reverse transcriptase"/>
      <span end="39789" id="16221973-5846" start="39787">RT</span>
    </annotation>
    <annotation annotator="" id="GO_MF_2016_02_16_Instance_101390" type="identity">
      <class id="CHEMINF_GO_EXT:chemical_binding_or_bond_formation" label="chemical binding or bond formation"/>
      <span end="40212" id="16221973-5848" start="40205">binding</span>
    </annotation>
    <annotation annotator="" id="GO_MF_2016_02_16_Instance_101392" type="identity">
      <class id="GO_EXT:reverse_transcription_or_reverse_transcriptase" label="reverse transcription or reverse transcriptase"/>
      <span end="40475" id="16221973-5850" start="40473">RT</span>
    </annotation>
    <annotation annotator="" id="GO_MF_2016_02_16_Instance_101394" type="identity">
      <class id="GO_EXT:reverse_transcription_or_reverse_transcriptase" label="reverse transcription or reverse transcriptase"/>
      <span end="40720" id="16221973-5852" start="40718">RT</span>
    </annotation>
    <annotation annotator="" id="GO_MF_2016_02_16_Instance_101396" type="identity">
      <class id="GO_PR_EXT:hypoxanthine_guanine_phosphoribosyltransferase" label="hypoxanthine-guanine phosphoribosyltransferase"/>
      <span end="40734" id="16221973-5854" start="40730">Hprt</span>
    </annotation>
    <annotation annotator="" id="GO_MF_2016_02_16_Instance_101398" type="identity">
      <class id="GO_PR_EXT:hypoxanthine_guanine_phosphoribosyltransferase" label="hypoxanthine-guanine phosphoribosyltransferase"/>
      <span end="40935" id="16221973-5856" start="40931">Hprt</span>
    </annotation>
    <annotation annotator="" id="GO_MF_2016_02_16_Instance_101400" type="identity">
      <class id="CHEMINF_GO_EXT:chemical_binding_or_bond_formation" label="chemical binding or bond formation"/>
      <span end="41436" id="16221973-5858" start="41429">binding</span>
    </annotation>
    <annotation annotator="" id="GO_MF_2016_02_16_backup_Instance_287" type="identity">
      <class id="GO_EXT:transcription_factor" label="transcription factor"/>
      <span end="41653" id="16221973-5653" start="41633">transcription factor</span>
    </annotation>
    <annotation annotator="" id="GO_MF_2016_02_16_Instance_101410" type="identity">
      <class id="GO_EXT:reverse_transcription_or_reverse_transcriptase" label="reverse transcription or reverse transcriptase"/>
      <span end="41825" id="16221973-5866" start="41823">RT</span>
    </annotation>
    <annotation annotator="" id="GO_MF_2016_02_16_Instance_101412" type="identity">
      <class id="GO_EXT:reverse_transcription_or_reverse_transcriptase" label="reverse transcription or reverse transcriptase"/>
      <span end="42070" id="16221973-5868" start="42068">RT</span>
    </annotation>
    <annotation annotator="" id="GO_MF_2016_02_16_Instance_101414" type="identity">
      <class id="GO_PR_EXT:hypoxanthine_guanine_phosphoribosyltransferase" label="hypoxanthine-guanine phosphoribosyltransferase"/>
      <span end="42084" id="16221973-5870" start="42080">Hprt</span>
    </annotation>
    <annotation annotator="" id="GO_MF_2016_02_16_Instance_101416" type="identity">
      <class id="CHEMINF_GO_EXT:chemical_binding_or_bond_formation" label="chemical binding or bond formation"/>
      <span end="42670" id="16221973-5872" start="42663">binding</span>
    </annotation>
    <annotation annotator="" id="GO_MF_2016_02_16_Instance_101404" type="identity">
      <class id="GO_EXT:reverse_transcription_or_reverse_transcriptase" label="reverse transcription or reverse transcriptase"/>
      <span end="43023" id="16221973-5860" start="43021">RT</span>
    </annotation>
    <annotation annotator="" id="GO_MF_2016_02_16_Instance_101406" type="identity">
      <class id="GO_EXT:reverse_transcription_or_reverse_transcriptase" label="reverse transcription or reverse transcriptase"/>
      <span end="43268" id="16221973-5862" start="43266">RT</span>
    </annotation>
    <annotation annotator="" id="GO_MF_2016_02_16_Instance_101408" type="identity">
      <class id="GO_PR_EXT:hypoxanthine_guanine_phosphoribosyltransferase" label="hypoxanthine-guanine phosphoribosyltransferase"/>
      <span end="43282" id="16221973-5864" start="43278">Hprt</span>
    </annotation>
    <annotation annotator="" id="GO_MF_2016_02_16_Instance_101418" type="identity">
      <class id="CHEMINF_GO_EXT:chemical_binding_or_bond_formation" label="chemical binding or bond formation"/>
      <span end="43822" id="16221973-5874" start="43815">binding</span>
    </annotation>
    <annotation annotator="" id="GO_MF_2016_02_16_Instance_101420" type="identity">
      <class id="GO_EXT:reverse_transcription_or_reverse_transcriptase" label="reverse transcription or reverse transcriptase"/>
      <span end="44177" id="16221973-5876" start="44175">RT</span>
    </annotation>
    <annotation annotator="" id="GO_MF_2016_02_16_Instance_101422" type="identity">
      <class id="GO_EXT:reverse_transcription_or_reverse_transcriptase" label="reverse transcription or reverse transcriptase"/>
      <span end="44425" id="16221973-5878" start="44423">RT</span>
    </annotation>
    <annotation annotator="" id="GO_MF_2016_02_16_Instance_101424" type="identity">
      <class id="GO_PR_EXT:hypoxanthine_guanine_phosphoribosyltransferase" label="hypoxanthine-guanine phosphoribosyltransferase"/>
      <span end="44439" id="16221973-5880" start="44435">Hprt</span>
    </annotation>
    <annotation annotator="" id="GO_MF_2016_02_16_Instance_101426" type="identity">
      <class id="CHEMINF_GO_EXT:chemical_binding_or_bond_formation" label="chemical binding or bond formation"/>
      <span end="44973" id="16221973-5882" start="44966">binding</span>
    </annotation>
    <graph-space id="Old Knowtator Relations"/>
  </document>
</knowtator-project>
