<?xml version="1.0" encoding="UTF-8" standalone="no"?>
<knowtator-project>
    <document id="16255782" text-file="16255782.txt">
        <annotation annotator="" id="GO_MF_2016_02_16_backup_Instance_289" type="identity">
            <class id="GO_EXT:transcription_factor" label="transcription factor"/>
            <span end="26" id="16255782-5924" start="6">transcription factor</span>
        </annotation>
        <annotation annotator="" id="GO_MF_2016_02_16_Instance_101430" type="identity">
            <class id="CHEBI_GO_EXT:antioxidant" label="antioxidant"/>
            <span end="54" id="16255782-5990" start="43">antioxidant</span>
        </annotation>
        <annotation annotator="" id="GO_MF_2016_02_16_Instance_101432" type="identity">
            <class id="CHEBI_GO_EXT:antioxidant" label="antioxidant"/>
            <span end="427" id="16255782-5992" start="416">antioxidant</span>
        </annotation>
        <annotation annotator="" id="GO_MF_2016_02_16_Instance_101434" type="identity">
            <class id="CHEBI_GO_EXT:antioxidant" label="antioxidant"/>
            <span end="713" id="16255782-5994" start="702">antioxidant</span>
        </annotation>
        <annotation annotator="" id="GO_MF_2016_02_16_Instance_101436" type="identity">
            <class id="CHEBI_GO_EXT:antioxidant" label="antioxidant"/>
            <span end="770" id="16255782-5996" start="759">antioxidant</span>
        </annotation>
        <annotation annotator="" id="GO_MF_2016_02_16_backup_Instance_291" type="identity">
            <class id="GO_EXT:transcription_factor" label="transcription factor"/>
            <span end="845" id="16255782-5926" start="824">transcription factors</span>
        </annotation>
        <annotation annotator="" id="GO_MF_2016_02_16_backup_Instance_293" type="identity">
            <class id="GO_EXT:transcription_factor" label="transcription factor"/>
            <span end="957" id="16255782-5928" start="936">transcription factors</span>
        </annotation>
        <annotation annotator="" id="GO_MF_2016_02_16_backup_Instance_295" type="identity">
            <class id="GO_EXT:transcription_factor" label="transcription factor"/>
            <span end="1063" id="16255782-5930" start="1043">transcription factor</span>
        </annotation>
        <annotation annotator="" id="GO_MF_2016_02_16_Instance_101446" type="identity">
            <class id="CHEBI_GO_EXT:antioxidant" label="antioxidant"/>
            <span end="1114" id="16255782-5998" start="1103">antioxidant</span>
        </annotation>
        <annotation annotator="" id="GO_MF_2016_02_16_backup_Instance_297" type="identity">
            <class id="GO_EXT:transcription_factor" label="transcription factor"/>
            <span end="1240" id="16255782-5932" start="1219">transcription factors</span>
        </annotation>
        <annotation annotator="" id="GO_MF_2016_02_16_Instance_101448" type="identity">
            <class id="CHEBI_GO_EXT:antioxidant" label="antioxidant"/>
            <span end="1285" id="16255782-6000" start="1274">antioxidant</span>
        </annotation>
        <annotation annotator="" id="GO_MF_2016_02_16_backup_Instance_299" type="identity">
            <class id="GO_EXT:transcription_factor" label="transcription factor"/>
            <span end="1445" id="16255782-5934" start="1425">transcription factor</span>
        </annotation>
        <annotation annotator="" id="GO_MF_2016_02_16_Instance_101454" type="identity">
            <class id="CHEBI_GO_EXT:antioxidant" label="antioxidant"/>
            <span end="1515" id="16255782-6002" start="1504">antioxidant</span>
        </annotation>
        <annotation annotator="" id="GO_MF_2016_02_16_backup_Instance_301" type="identity">
            <class id="GO_EXT:transcription_factor" label="transcription factor"/>
            <span end="1838" id="16255782-5936" start="1818">transcription factor</span>
        </annotation>
        <annotation annotator="" id="GO_MF_2016_02_16_backup_Instance_303" type="identity">
            <class id="GO_EXT:transcription_factor" label="transcription factor"/>
            <span end="2170" id="16255782-5938" start="2150">transcription factor</span>
        </annotation>
        <annotation annotator="" id="GO_MF_2016_02_16_Instance_101458" type="identity">
            <class id="CHEBI_GO_EXT:antioxidant" label="antioxidant"/>
            <span end="2240" id="16255782-6004" start="2229">antioxidant</span>
        </annotation>
        <annotation annotator="" id="GO_MF_2016_02_16_Instance_101460" type="identity">
            <class id="CHEBI_GO_EXT:antioxidant" label="antioxidant"/>
            <span end="2416" id="16255782-6006" start="2405">antioxidant</span>
        </annotation>
        <annotation annotator="" id="GO_MF_2016_02_16_Instance_101462" type="identity">
            <class id="CHEBI_GO_EXT:antioxidant" label="antioxidant"/>
            <span end="2721" id="16255782-6008" start="2710">Antioxidant</span>
        </annotation>
        <annotation annotator="" id="GO_MF_2016_02_16_Instance_101466" type="identity">
            <class id="CHEBI_GO_SO_EXT:enzyme" label="enzyme"/>
            <span end="2744" id="16255782-6012" start="2737">enzymes</span>
        </annotation>
        <annotation annotator="" id="GO_MF_2016_02_16_Instance_101464" type="identity">
            <class id="CHEBI_GO_EXT:antioxidant" label="antioxidant"/>
            <span end="3023" id="16255782-6010" start="3012">Antioxidant</span>
        </annotation>
        <annotation annotator="" id="GO_MF_2016_02_16_Instance_101468" type="identity">
            <class id="CHEBI_GO_SO_EXT:enzyme" label="enzyme"/>
            <span end="3031" id="16255782-6014" start="3024">enzymes</span>
        </annotation>
        <annotation annotator="" id="GO_MF_2016_02_16_Instance_101470" type="identity">
            <class id="CHEBI_GO_SO_EXT:enzyme" label="enzyme"/>
            <span end="3449" id="16255782-6016" start="3442">enzymes</span>
        </annotation>
        <annotation annotator="" id="GO_MF_2016_02_16_Instance_101472" type="identity">
            <class id="CHEBI_GO_EXT:antioxidant" label="antioxidant"/>
            <span end="3702" id="16255782-6018" start="3691">antioxidant</span>
        </annotation>
        <annotation annotator="" id="GO_MF_2016_02_16_Instance_101474" type="identity">
            <class id="CHEBI_GO_EXT:antioxidant" label="antioxidant"/>
            <span end="3853" id="16255782-6020" start="3842">antioxidant</span>
        </annotation>
        <annotation annotator="" id="GO_MF_2016_02_16_Instance_101476" type="identity">
            <class id="CHEBI_GO_EXT:antioxidant" label="antioxidant"/>
            <span end="3986" id="16255782-6022" start="3975">antioxidant</span>
        </annotation>
        <annotation annotator="" id="GO_MF_2016_02_16_backup_Instance_305" type="identity">
            <class id="GO_EXT:transcription_factor" label="transcription factor"/>
            <span end="4243" id="16255782-5940" start="4223">transcription factor</span>
        </annotation>
        <annotation annotator="" id="GO_MF_2016_02_16_Instance_101484" type="identity">
            <class id="CHEBI_GO_EXT:antioxidant" label="antioxidant"/>
            <span end="4438" id="16255782-6024" start="4427">antioxidant</span>
        </annotation>
        <annotation annotator="" id="GO_MF_2016_02_16_backup_Instance_307" type="identity">
            <class id="GO_EXT:transcription_factor" label="transcription factor"/>
            <span end="4496" id="16255782-5942" start="4475">transcription factors</span>
        </annotation>
        <annotation annotator="" id="GO_MF_2016_02_16_backup_Instance_309" type="identity">
            <class id="GO_EXT:transcription_factor" label="transcription factor"/>
            <span end="4661" id="16255782-5944" start="4641">transcription factor</span>
        </annotation>
        <annotation annotator="" id="GO_MF_2016_02_16_Instance_101486" type="identity">
            <class id="CHEBI_GO_EXT:antioxidant" label="antioxidant"/>
            <span end="4901" id="16255782-6026" start="4890">antioxidant</span>
        </annotation>
        <annotation annotator="Mike Bada, University of Colorado Anschutz Medical Campus" id="GO_MF_2016_02_16_Instance_17085" type="identity">
            <class id="GO_EXT:0003964" label="bearer of RNA-directed DNA polymerase activity"/>
            <span end="5898" id="16255782-6096" start="5877">reverse transcriptase</span>
        </annotation>
        <annotation annotator="" id="GO_MF_2016_02_16_Instance_101488" type="identity">
            <class id="GO_EXT:reverse_transcription_or_reverse_transcriptase" label="reverse transcription or reverse transcriptase"/>
            <span end="5967" id="16255782-6028" start="5965">RT</span>
        </annotation>
        <annotation annotator="" id="GO_MF_2016_02_16_backup_Instance_311" type="identity">
            <class id="GO_EXT:transcription_factor" label="transcription factor"/>
            <span end="8557" id="16255782-5946" start="8536">transcription factors</span>
        </annotation>
        <annotation annotator="" id="GO_MF_2016_02_16_Instance_101492" type="identity">
            <class id="CHEBI_GO_EXT:antioxidant" label="antioxidant"/>
            <span end="8581" id="16255782-6030" start="8570">antioxidant</span>
        </annotation>
        <annotation annotator="" id="GO_MF_2016_02_16_backup_Instance_313" type="identity">
            <class id="GO_EXT:transcription_factor" label="transcription factor"/>
            <span end="8739" id="16255782-5948" start="8718">transcription factors</span>
        </annotation>
        <annotation annotator="" id="GO_MF_2016_02_16_Instance_101494" type="identity">
            <class id="CHEBI_GO_EXT:antioxidant" label="antioxidant"/>
            <span end="8768" id="16255782-6032" start="8757">antioxidant</span>
        </annotation>
        <annotation annotator="" id="GO_MF_2016_02_16_backup_Instance_315" type="identity">
            <class id="GO_EXT:transcription_factor" label="transcription factor"/>
            <span end="9147" id="16255782-5950" start="9126">transcription factors</span>
        </annotation>
        <annotation annotator="" id="GO_MF_2016_02_16_Instance_101496" type="identity">
            <class id="CHEBI_GO_EXT:antioxidant" label="antioxidant"/>
            <span end="9174" id="16255782-6034" start="9163">antioxidant</span>
        </annotation>
        <annotation annotator="" id="GO_MF_2016_02_16_backup_Instance_317" type="identity">
            <class id="GO_EXT:transcription_factor" label="transcription factor"/>
            <span end="9579" id="16255782-5952" start="9559">Transcription factor</span>
        </annotation>
        <annotation annotator="" id="GO_MF_2016_02_16_backup_Instance_319" type="identity">
            <class id="GO_EXT:transcription_factor" label="transcription factor"/>
            <span end="10069" id="16255782-5954" start="10049">transcription factor</span>
        </annotation>
        <annotation annotator="" id="GO_MF_2016_02_16_backup_Instance_321" type="identity">
            <class id="GO_EXT:transcription_factor" label="transcription factor"/>
            <span end="10194" id="16255782-5956" start="10173">transcription factors</span>
        </annotation>
        <annotation annotator="" id="GO_MF_2016_02_16_backup_Instance_323" type="identity">
            <class id="GO_EXT:transcription_factor" label="transcription factor"/>
            <span end="10420" id="16255782-5958" start="10399">transcription factors</span>
        </annotation>
        <annotation annotator="" id="GO_MF_2016_02_16_backup_Instance_325" type="identity">
            <class id="GO_EXT:transcription_factor" label="transcription factor"/>
            <span end="10525" id="16255782-5960" start="10504">transcription factors</span>
        </annotation>
        <annotation annotator="" id="GO_MF_2016_02_16_Instance_101512" type="identity">
            <class id="CHEBI_GO_EXT:antioxidant" label="antioxidant"/>
            <span end="10773" id="16255782-6036" start="10762">antioxidant</span>
        </annotation>
        <annotation annotator="" id="GO_MF_2016_02_16_Instance_101514" type="identity">
            <class id="CHEBI_GO_EXT:antioxidant" label="antioxidant"/>
            <span end="11609" id="16255782-6038" start="11598">antioxidant</span>
        </annotation>
        <annotation annotator="" id="GO_MF_2016_02_16_Instance_101516" type="identity">
            <class id="CHEBI_GO_EXT:antioxidant" label="antioxidant"/>
            <span end="11800" id="16255782-6040" start="11789">antioxidant</span>
        </annotation>
        <annotation annotator="" id="GO_MF_2016_02_16_backup_Instance_329" type="identity">
            <class id="GO_EXT:transcription_factor" label="transcription factor"/>
            <span end="11903" id="16255782-5962" start="11882">transcription factors</span>
        </annotation>
        <annotation annotator="" id="GO_MF_2016_02_16_backup_Instance_331" type="identity">
            <class id="GO_EXT:transcription_factor" label="transcription factor"/>
            <span end="13151" id="16255782-5964" start="13130">transcription factors</span>
        </annotation>
        <annotation annotator="" id="GO_MF_2016_02_16_Instance_101522" type="identity">
            <class id="CHEBI_GO_EXT:antioxidant" label="antioxidant"/>
            <span end="13627" id="16255782-6042" start="13616">antioxidant</span>
        </annotation>
        <annotation annotator="" id="GO_MF_2016_02_16_backup_Instance_333" type="identity">
            <class id="GO_EXT:transcription_factor" label="transcription factor"/>
            <span end="13685" id="16255782-5966" start="13664">transcription factors</span>
        </annotation>
        <annotation annotator="" id="GO_MF_2016_02_16_Instance_101524" type="identity">
            <class id="CHEBI_GO_EXT:antioxidant" label="antioxidant"/>
            <span end="14135" id="16255782-6044" start="14124">antioxidant</span>
        </annotation>
        <annotation annotator="" id="GO_MF_2016_02_16_Instance_101528" type="identity">
            <class id="CHEBI_GO_EXT:antioxidant" label="antioxidant"/>
            <span end="14332" id="16255782-6046" start="14321">antioxidant</span>
        </annotation>
        <annotation annotator="" id="GO_MF_2016_02_16_backup_Instance_335" type="identity">
            <class id="GO_EXT:transcription_factor" label="transcription factor"/>
            <span end="14573" id="16255782-5968" start="14552">transcription factors</span>
        </annotation>
        <annotation annotator="" id="GO_MF_2016_02_16_Instance_101540" type="identity">
            <class id="CHEMINF_GO_EXT:chemical_binding_or_bond_formation" label="chemical binding or bond formation"/>
            <span end="14696" id="16255782-6054" start="14691">binds</span>
        </annotation>
        <annotation annotator="" id="GO_MF_2016_02_16_Instance_101530" type="identity">
            <class id="CHEBI_GO_EXT:antioxidant" label="antioxidant"/>
            <span end="14798" id="16255782-6048" start="14787">antioxidant</span>
        </annotation>
        <annotation annotator="" id="GO_MF_2016_02_16_Instance_101532" type="identity">
            <class id="CHEBI_GO_EXT:antioxidant" label="antioxidant"/>
            <span end="14918" id="16255782-6050" start="14907">antioxidant</span>
        </annotation>
        <annotation annotator="" id="GO_MF_2016_02_16_Instance_101534" type="identity">
            <class id="CHEBI_GO_EXT:antioxidant" label="antioxidant"/>
            <span end="15031" id="16255782-6052" start="15020">antioxidant</span>
        </annotation>
        <annotation annotator="" id="GO_MF_2016_02_16_backup_Instance_337" type="identity">
            <class id="GO_EXT:transcription_factor" label="transcription factor"/>
            <span end="15090" id="16255782-5970" start="15070">transcription factor</span>
        </annotation>
        <annotation annotator="" id="GO_MF_2016_02_16_Instance_101542" type="identity">
            <class id="CHEBI_GO_EXT:antioxidant" label="antioxidant"/>
            <span end="15336" id="16255782-6056" start="15325">antioxidant</span>
        </annotation>
        <annotation annotator="" id="GO_MF_2016_02_16_Instance_101544" type="identity">
            <class id="CHEBI_GO_EXT:antioxidant" label="antioxidant"/>
            <span end="16412" id="16255782-6058" start="16401">antioxidant</span>
        </annotation>
        <annotation annotator="" id="GO_MF_2016_02_16_Instance_101546" type="identity">
            <class id="CHEBI_GO_EXT:antioxidant" label="antioxidant"/>
            <span end="16659" id="16255782-6060" start="16648">antioxidant</span>
        </annotation>
        <annotation annotator="" id="GO_MF_2016_02_16_Instance_101548" type="identity">
            <class id="CHEBI_GO_EXT:antioxidant" label="antioxidant"/>
            <span end="16981" id="16255782-6062" start="16970">antioxidant</span>
        </annotation>
        <annotation annotator="" id="GO_MF_2016_02_16_Instance_101550" type="identity">
            <class id="CHEBI_GO_EXT:antioxidant" label="antioxidant"/>
            <span end="17302" id="16255782-6064" start="17291">antioxidant</span>
        </annotation>
        <annotation annotator="" id="GO_MF_2016_02_16_Instance_101552" type="identity">
            <class id="CHEBI_GO_EXT:antioxidant" label="antioxidant"/>
            <span end="17485" id="16255782-6066" start="17474">antioxidant</span>
        </annotation>
        <annotation annotator="" id="GO_MF_2016_02_16_backup_Instance_339" type="identity">
            <class id="GO_EXT:transcription_factor" label="transcription factor"/>
            <span end="17558" id="16255782-5972" start="17538">transcription factor</span>
        </annotation>
        <annotation annotator="" id="GO_MF_2016_02_16_Instance_101556" type="identity">
            <class id="CHEMINF_GO_EXT:chemical_binding_or_bond_formation" label="chemical binding or bond formation"/>
            <span end="17617" id="16255782-6068" start="17610">binding</span>
        </annotation>
        <annotation annotator="Mike Bada, University of Colorado Anschutz Medical Campus" id="GO_MF_2016_02_16_Instance_16155" type="identity">
            <class id="GO:0046982" label="protein heterodimerization activity"/>
            <span end="17643" id="16255782-6094" start="17622">heterodimer formation</span>
        </annotation>
        <annotation annotator="" id="GO_MF_2016_02_16_Instance_101558" type="identity">
            <class id="CHEBI_GO_EXT:antioxidant" label="antioxidant"/>
            <span end="18369" id="16255782-6070" start="18358">antioxidant</span>
        </annotation>
        <annotation annotator="" id="GO_MF_2016_02_16_Instance_101560" type="identity">
            <class id="CHEBI_GO_EXT:antioxidant" label="antioxidant"/>
            <span end="18593" id="16255782-6072" start="18582">antioxidant</span>
        </annotation>
        <annotation annotator="" id="GO_MF_2016_02_16_Instance_101562" type="identity">
            <class id="CHEBI_GO_EXT:antioxidant" label="antioxidant"/>
            <span end="18824" id="16255782-6074" start="18813">antioxidant</span>
        </annotation>
        <annotation annotator="" id="GO_MF_2016_02_16_Instance_101564" type="identity">
            <class id="CHEBI_GO_EXT:antioxidant" label="antioxidant"/>
            <span end="19040" id="16255782-6076" start="19029">antioxidant</span>
        </annotation>
        <annotation annotator="" id="GO_MF_2016_02_16_Instance_101566" type="identity">
            <class id="CHEBI_GO_SO_EXT:enzyme" label="enzyme"/>
            <span end="19276" id="16255782-6078" start="19270">enzyme</span>
        </annotation>
        <annotation annotator="" id="GO_MF_2016_02_16_backup_Instance_341" type="identity">
            <class id="GO_EXT:transcription_factor" label="transcription factor"/>
            <span end="20746" id="16255782-5974" start="20725">transcription factors</span>
        </annotation>
        <annotation annotator="" id="GO_MF_2016_02_16_Instance_101570" type="identity">
            <class id="CHEBI_GO_EXT:antioxidant" label="antioxidant"/>
            <span end="21455" id="16255782-6080" start="21444">antioxidant</span>
        </annotation>
        <annotation annotator="" id="GO_MF_2016_02_16_Instance_101572" type="identity">
            <class id="CHEBI_GO_EXT:antioxidant" label="antioxidant"/>
            <span end="22562" id="16255782-6082" start="22551">antioxidant</span>
        </annotation>
        <annotation annotator="" id="GO_MF_2016_02_16_Instance_101574" type="identity">
            <class id="CHEBI_GO_EXT:antioxidant" label="antioxidant"/>
            <span end="22697" id="16255782-6084" start="22686">antioxidant</span>
        </annotation>
        <annotation annotator="" id="GO_MF_2016_02_16_backup_Instance_355" type="identity">
            <class id="GO_EXT:transcription_factor" label="transcription factor"/>
            <span end="22995" id="16255782-5988" start="22993">TF</span>
        </annotation>
        <annotation annotator="" id="GO_MF_2016_02_16_backup_Instance_343" type="identity">
            <class id="GO_EXT:transcription_factor" label="transcription factor"/>
            <span end="24257" id="16255782-5976" start="24237">transcription factor</span>
        </annotation>
        <annotation annotator="" id="GO_MF_2016_02_16_backup_Instance_345" type="identity">
            <class id="GO_EXT:transcription_factor" label="transcription factor"/>
            <span end="24393" id="16255782-5978" start="24373">transcription factor</span>
        </annotation>
        <annotation annotator="" id="GO_MF_2016_02_16_Instance_101582" type="identity">
            <class id="CHEBI_GO_EXT:antioxidant" label="antioxidant"/>
            <span end="26333" id="16255782-6086" start="26322">antioxidant</span>
        </annotation>
        <annotation annotator="" id="GO_MF_2016_02_16_backup_Instance_347" type="identity">
            <class id="GO_EXT:transcription_factor" label="transcription factor"/>
            <span end="26395" id="16255782-5980" start="26374">transcription factors</span>
        </annotation>
        <annotation annotator="" id="GO_MF_2016_02_16_Instance_101586" type="identity">
            <class id="CHEBI_GO_EXT:antioxidant" label="antioxidant"/>
            <span end="26900" id="16255782-6088" start="26889">antioxidant</span>
        </annotation>
        <annotation annotator="" id="GO_MF_2016_02_16_backup_Instance_349" type="identity">
            <class id="GO_EXT:transcription_factor" label="transcription factor"/>
            <span end="26952" id="16255782-5982" start="26932">transcription factor</span>
        </annotation>
        <annotation annotator="" id="GO_MF_2016_02_16_backup_Instance_351" type="identity">
            <class id="GO_EXT:transcription_factor" label="transcription factor"/>
            <span end="27102" id="16255782-5984" start="27081">transcription factors</span>
        </annotation>
        <annotation annotator="" id="GO_MF_2016_02_16_Instance_101588" type="identity">
            <class id="CHEBI_GO_EXT:antioxidant" label="antioxidant"/>
            <span end="27139" id="16255782-6090" start="27128">antioxidant</span>
        </annotation>
        <annotation annotator="" id="GO_MF_2016_02_16_backup_Instance_353" type="identity">
            <class id="GO_EXT:transcription_factor" label="transcription factor"/>
            <span end="27559" id="16255782-5986" start="27538">transcription factors</span>
        </annotation>
        <annotation annotator="" id="GO_MF_2016_02_16_Instance_101590" type="identity">
            <class id="CHEBI_GO_EXT:antioxidant" label="antioxidant"/>
            <span end="27586" id="16255782-6092" start="27575">antioxidant</span>
        </annotation>
        <graph-space id="Old Knowtator Relations"/>
    </document>
</knowtator-project>
