<?xml version="1.0" encoding="UTF-8" standalone="no"?>
<knowtator-project>
  <document id="16279840" text-file="16279840.txt">
    <annotation annotator="Mike Bada, University of Colorado Anschutz Medical Campus" id="GO_MF_2016_02_16_Instance_17115" type="identity">
      <class id="GO_EXT:0008233" label="bearer of peptidase activity"/>
      <span end="141" id="16279840-6126" start="132">proteases</span>
    </annotation>
    <annotation annotator="Mike Bada, University of Colorado Anschutz Medical Campus" id="GO_MF_2016_02_16_Instance_17117" type="identity">
      <class id="GO_EXT:0004175" label="bearer of endopeptidase activity"/>
      <span end="2508" id="16279840-6128" start="2496">endoprotease</span>
    </annotation>
    <annotation annotator="" id="GO_MF_2016_02_16_Instance_101596" type="identity">
      <class id="CHEBI_GO_SO_EXT:enzyme" label="enzyme"/>
      <span end="3702" id="16279840-6100" start="3695">enzymes</span>
    </annotation>
    <annotation annotator="" id="GO_MF_2016_02_16_Instance_101598" type="identity">
      <class id="CHEBI_GO_SO_EXT:enzyme" label="enzyme"/>
      <span end="3729" id="16279840-6102" start="3723">enzyme</span>
    </annotation>
    <annotation annotator="" id="GO_MF_2016_02_16_Instance_101600" type="identity">
      <class id="CHEBI_GO_SO_EXT:enzyme" label="enzyme"/>
      <span end="3953" id="16279840-6104" start="3947">enzyme</span>
    </annotation>
    <annotation annotator="" id="GO_MF_2016_02_16_Instance_101604" type="identity">
      <class id="CHEBI_GO_SO_EXT:enzyme" label="enzyme"/>
      <span end="4145" id="16279840-6106" start="4139">enzyme</span>
    </annotation>
    <annotation annotator="Mike Bada, University of Colorado Anschutz Medical Campus" id="GO_MF_2016_02_16_Instance_17127" type="identity">
      <class id="GO_EXT:0004683" label="bearer of calmodulin-dependent protein kinase activity"/>
      <span end="8354" id="16279840-6130" start="8329">calcium-calmodulin kinase</span>
    </annotation>
    <annotation annotator="" id="GO_MF_2016_02_16_Instance_101606" type="identity">
      <class id="CHEBI_GO_EXT:peptidase_or_protease_or_proteinase_inhibitor" label="peptidase/protease/proteinase inhibitor"/>
      <span end="11107" id="16279840-6108" start="11088">protease inhibitors</span>
    </annotation>
    <annotation annotator="" id="GO_MF_2016_02_16_Instance_101608" type="identity">
      <class id="CHEBI_GO_EXT:peptidase_or_protease_or_proteinase_inhibitor" label="peptidase/protease/proteinase inhibitor"/>
      <span end="11329" id="16279840-6110" start="11311">protease inhibitor</span>
    </annotation>
    <annotation annotator="Mike Bada, University of Colorado Anschutz Medical Campus" id="GO_MF_2016_02_16_Instance_17131" type="identity">
      <class id="GO_EXT:0004784" label="bearer of superoxide dismutase activity"/>
      <span end="12412" id="16279840-6134" start="12392">superoxide dismutase</span>
    </annotation>
    <annotation annotator="" id="GO_MF_2016_02_16_Instance_101610" type="identity">
      <class id="GO:0097617" label="annealing activity"/>
      <span end="13677" id="16279840-6112" start="13666">hybridizing</span>
    </annotation>
    <annotation annotator="Mike Bada, University of Colorado Anschutz Medical Campus" id="GO_MF_2016_02_16_Instance_20147" type="identity">
      <class id="GO_EXT:0004601" label="bearer of peroxidase activity"/>
      <span end="16260" id="16279840-6148" start="16250">peroxidase</span>
    </annotation>
    <annotation annotator="Mike Bada, University of Colorado Anschutz Medical Campus" id="GO_MF_2016_02_16_Instance_17141" type="identity">
      <class id="GO_EXT:0004601" label="bearer of peroxidase activity"/>
      <span end="17155" id="16279840-6142" start="17145">peroxidase</span>
    </annotation>
    <annotation annotator="Mike Bada, University of Colorado Anschutz Medical Campus" id="GO_MF_2016_02_16_Instance_17143" type="identity">
      <class id="GO_EXT:0004601" label="bearer of peroxidase activity"/>
      <span end="17171" id="16279840-6144" start="17161">peroxidase</span>
    </annotation>
    <annotation annotator="" id="GO_MF_2016_02_16_Instance_101612" type="identity">
      <class id="CHEMINF_GO_EXT:chemical_binding_or_bond_formation" label="chemical binding or bond formation"/>
      <span end="17336" id="16279840-6114" start="17329">binding</span>
    </annotation>
    <annotation annotator="" id="GO_MF_2016_02_16_Instance_101614" type="identity">
      <class id="CHEMINF_GO_EXT:chemical_binding_or_bond_formation" label="chemical binding or bond formation"/>
      <span end="18284" id="16279840-6116" start="18277">binding</span>
    </annotation>
    <annotation annotator="" id="GO_MF_2016_02_16_Instance_101616" type="identity">
      <class id="GO_EXT:0004875" label="bearer of complement receptor activity"/>
      <span end="42668" id="16279840-6118" start="42649">complement receptor</span>
    </annotation>
    <annotation annotator="" id="GO_MF_2016_02_16_Instance_101618" type="identity">
      <class id="GO_EXT:0019763" label="bearer of immunoglobulin receptor activity"/>
      <span end="45465" id="16279840-6120" start="45454">Fc receptor</span>
    </annotation>
    <annotation annotator="Mike Bada, University of Colorado Anschutz Medical Campus" id="GO_MF_2016_02_16_Instance_17161" type="identity">
      <class id="GO_EXT:0004872" label="bearer of receptor activity"/>
      <span end="45487" id="16279840-6146" start="45479">receptor</span>
    </annotation>
    <annotation annotator="" id="GO_MF_2016_02_16_Instance_101620" type="identity">
      <class id="CHEMINF_GO_EXT:chemical_binding_or_bond_formation" label="chemical binding or bond formation"/>
      <span end="46564" id="16279840-6122" start="46559">bound</span>
    </annotation>
    <annotation annotator="" id="GO_MF_2016_02_16_Instance_101622" type="identity">
      <class id="GO:0097617" label="annealing activity"/>
      <span end="51622" id="16279840-6124" start="51609">Hybridization</span>
    </annotation>
    <annotation annotator="Mike Bada, University of Colorado Anschutz Medical Campus" id="GO_MF_2016_02_16_Instance_17133" type="identity">
      <class id="GO_EXT:0004784" label="bearer of superoxide dismutase activity"/>
      <span end="54230" id="16279840-6136" start="54210">superoxide dismutase</span>
    </annotation>
    <annotation annotator="Mike Bada, University of Colorado Anschutz Medical Campus" id="GO_MF_2016_02_16_Instance_17129" type="identity">
      <class id="GO_EXT:0004683" label="bearer of calmodulin-dependent protein kinase activity"/>
      <span end="60499" id="16279840-6132" start="60474">calcium-calmodulin kinase</span>
    </annotation>
    <annotation annotator="Mike Bada, University of Colorado Anschutz Medical Campus" id="GO_MF_2016_02_16_Instance_17135" type="identity">
      <class id="GO_EXT:0004784" label="bearer of superoxide dismutase activity"/>
      <span end="65612" id="16279840-6138" start="65592">superoxide dismutase</span>
    </annotation>
    <annotation annotator="Mike Bada, University of Colorado Anschutz Medical Campus" id="GO_MF_2016_02_16_Instance_17137" type="identity">
      <class id="GO_EXT:0004784" label="bearer of superoxide dismutase activity"/>
      <span end="66876" id="16279840-6140" start="66856">superoxide dismutase</span>
    </annotation>
    <graph-space id="Old Knowtator Relations"/>
  </document>
</knowtator-project>
