<?xml version="1.0" encoding="UTF-8" standalone="no"?>
<knowtator-project>
  <document id="16362077" text-file="16362077.txt">
    <annotation annotator="" id="GO_MF_2016_02_16_Instance_101624" type="identity">
      <class id="CHEMINF_GO_EXT:chemical_binding_or_bond_formation" label="chemical binding or bond formation"/>
      <span end="33" id="16362077-6154" start="26">Binding</span>
    </annotation>
    <annotation annotator="" id="GO_MF_2016_02_16_Instance_101626" type="identity">
      <class id="CHEMINF_GO_EXT:chemical_binding_or_bond_formation" label="chemical binding or bond formation"/>
      <span end="176" id="16362077-6156" start="169">binding</span>
    </annotation>
    <annotation annotator="" id="GO_MF_2016_02_16_Instance_101628" type="identity">
      <class id="CHEMINF_GO_EXT:chemical_binding_or_bond_formation" label="chemical binding or bond formation"/>
      <span end="2249" id="16362077-6158" start="2242">binding</span>
    </annotation>
    <annotation annotator="" id="GO_MF_2016_02_16_Instance_101630" type="identity">
      <class id="CHEBI_GO_EXT:hormone" label="hormone"/>
      <span end="3714" id="16362077-6160" start="3706">hormones</span>
    </annotation>
    <annotation annotator="" id="GO_MF_2016_02_16_Instance_101636" type="identity">
      <class id="GO_EXT:0008083" label="bearer of growth factor activity"/>
      <span end="3755" id="16362077-6166" start="3741">growth factors</span>
    </annotation>
    <annotation annotator="" id="GO_MF_2016_02_16_Instance_101632" type="identity">
      <class id="CHEBI_GO_EXT:hormone" label="hormone"/>
      <span end="4232" id="16362077-6162" start="4225">hormone</span>
    </annotation>
    <annotation annotator="" id="GO_MF_2016_02_16_Instance_101634" type="identity">
      <class id="CHEBI_GO_EXT:hormone" label="hormone"/>
      <span end="4272" id="16362077-6164" start="4265">hormone</span>
    </annotation>
    <annotation annotator="Mike Bada, University of Colorado Anschutz Medical Campus" id="GO_MF_2016_02_16_Instance_17165" type="identity">
      <class id="GO_EXT:0004872" label="bearer of receptor activity"/>
      <span end="5172" id="16362077-6244" start="5164">receptor</span>
    </annotation>
    <annotation annotator="" id="GO_MF_2016_02_16_Instance_101644" type="identity">
      <class id="CHEMINF_GO_EXT:chemical_binding_or_bond_formation" label="chemical binding or bond formation"/>
      <span end="5224" id="16362077-6174" start="5217">binding</span>
    </annotation>
    <annotation annotator="" id="GO_MF_2016_02_16_Instance_101638" type="identity">
      <class id="CHEMINF_GO_EXT:chemical_binding_or_bond_formation" label="chemical binding or bond formation"/>
      <span end="5278" id="16362077-6168" start="5271">binding</span>
    </annotation>
    <annotation annotator="" id="GO_MF_2016_02_16_Instance_101642" type="identity">
      <class id="CHEMINF_GO_EXT:chemical_binding_or_bond_formation" label="chemical binding or bond formation"/>
      <span end="5627" id="16362077-6172" start="5620">binding</span>
    </annotation>
    <annotation annotator="" id="GO_MF_2016_02_16_Instance_101640" type="identity">
      <class id="CHEMINF_GO_EXT:chemical_binding_or_bond_formation" label="chemical binding or bond formation"/>
      <span end="6227" id="16362077-6170" start="6220">binding</span>
    </annotation>
    <annotation annotator="Mike Bada, University of Colorado Anschutz Medical Campus" id="GO_MF_2016_02_16_Instance_17167" type="identity">
      <class id="GO_EXT:0016301" label="bearer of kinase activity"/>
      <span end="6386" id="16362077-6246" start="6379">kinases</span>
    </annotation>
    <annotation annotator="Mike Bada, University of Colorado Anschutz Medical Campus" id="GO_MF_2016_02_16_Instance_17223" type="identity">
      <class id="GO_EXT:0016301" label="bearer of kinase activity"/>
      <span end="6431" id="16362077-6260" start="6424">kinases</span>
    </annotation>
    <annotation annotator="Mike Bada, University of Colorado Anschutz Medical Campus" id="GO_MF_2016_02_16_Instance_17181" type="identity">
      <class id="GO_EXT:0016301" label="bearer of kinase activity"/>
      <span end="6470" id="16362077-6250" start="6464">kinase</span>
    </annotation>
    <annotation annotator="" id="GO_MF_2016_02_16_Instance_101646" type="identity">
      <class id="CHEMINF_GO_EXT:chemical_binding_or_bond_formation" label="chemical binding or bond formation"/>
      <span end="9170" id="16362077-6176" start="9163">binding</span>
    </annotation>
    <annotation annotator="" id="GO_MF_2016_02_16_Instance_101648" type="identity">
      <class id="GO_EXT:reverse_transcription_or_reverse_transcriptase" label="reverse transcription or reverse transcriptase"/>
      <span end="9397" id="16362077-6178" start="9395">RT</span>
    </annotation>
    <annotation annotator="" id="GO_MF_2016_02_16_Instance_110296" type="identity">
      <class id="CHEBI_GO_SO_EXT:enzyme" label="enzyme"/>
      <span end="14230" id="16362077-6240" start="14224">enzyme</span>
    </annotation>
    <annotation annotator="" id="GO_MF_2016_02_16_Instance_101650" type="identity">
      <class id="GO_PR_EXT:alkaline_phosphatase" label="alkaline phosphatase"/>
      <span end="14278" id="16362077-6180" start="14258">alkaline phosphatase</span>
    </annotation>
    <annotation annotator="" id="GO_MF_2016_02_16_Instance_101652" type="identity">
      <class id="GO_PR_EXT:alkaline_phosphatase" label="alkaline phosphatase"/>
      <span end="14283" id="16362077-6182" start="14280">ALP</span>
    </annotation>
    <annotation annotator="" id="GO_MF_2016_02_16_Instance_101654" type="identity">
      <class id="GO_PR_EXT:alkaline_phosphatase" label="alkaline phosphatase"/>
      <span end="14373" id="16362077-6184" start="14370">ALP</span>
    </annotation>
    <annotation annotator="Mike Bada, University of Colorado Anschutz Medical Campus" id="GO_MF_2016_02_16_Instance_17207" type="identity">
      <class id="GO_EXT:0003993" label="bearer of acid phosphatase activity"/>
      <span end="14410" id="16362077-6252" start="14394">acid phosphatase</span>
    </annotation>
    <annotation annotator="" id="GO_MF_2016_02_16_Instance_101656" type="identity">
      <class id="GO_PR_EXT:alkaline_phosphatase" label="alkaline phosphatase"/>
      <span end="14591" id="16362077-6186" start="14588">ALP</span>
    </annotation>
    <annotation annotator="" id="GO_MF_2016_02_16_Instance_101658" type="identity">
      <class id="GO_PR_EXT:alkaline_phosphatase" label="alkaline phosphatase"/>
      <span end="15989" id="16362077-6188" start="15986">ALP</span>
    </annotation>
    <annotation annotator="" id="GO_MF_2016_02_16_Instance_101660" type="identity">
      <class id="GO_PR_EXT:alkaline_phosphatase" label="alkaline phosphatase"/>
      <span end="17386" id="16362077-6190" start="17383">ALP</span>
    </annotation>
    <annotation annotator="" id="GO_MF_2016_02_16_Instance_101662" type="identity">
      <class id="GO_EXT:reverse_transcription_or_reverse_transcriptase" label="reverse transcription or reverse transcriptase"/>
      <span end="17627" id="16362077-6192" start="17625">RT</span>
    </annotation>
    <annotation annotator="" id="GO_MF_2016_02_16_backup_Instance_357" type="identity">
      <class id="GO_EXT:transcription_factor" label="transcription factor"/>
      <span end="19574" id="16362077-6152" start="19553">transcription factors</span>
    </annotation>
    <annotation annotator="" id="GO_MF_2016_02_16_Instance_101666" type="identity">
      <class id="GO_EXT:reverse_transcription_or_reverse_transcriptase" label="reverse transcription or reverse transcriptase"/>
      <span end="20804" id="16362077-6194" start="20802">RT</span>
    </annotation>
    <annotation annotator="Mike Bada, University of Colorado Anschutz Medical Campus" id="GO_MF_2016_02_16_Instance_17209" type="identity">
      <class id="GO_EXT:0016301" label="bearer of kinase activity"/>
      <span end="23768" id="16362077-6254" start="23762">kinase</span>
    </annotation>
    <annotation annotator="Mike Bada, University of Colorado Anschutz Medical Campus" id="GO_MF_2016_02_16_Instance_17211" type="identity">
      <class id="GO_EXT:0004713" label="bearer of protein tyrosine kinase activity"/>
      <span end="25891" id="16362077-6256" start="25876">tyrosine kinase</span>
    </annotation>
    <annotation annotator="" id="GO_MF_2016_02_16_Instance_101668" type="identity">
      <class id="CHEMINF_GO_EXT:chemical_binding_or_bond_formation" label="chemical binding or bond formation"/>
      <span end="27848" id="16362077-6196" start="27841">binding</span>
    </annotation>
    <annotation annotator="" id="GO_MF_2016_02_16_Instance_101670" type="identity">
      <class id="GO_PR_EXT:beta_adrenergic_receptor" label="beta-adrenergic receptor"/>
      <span end="28350" id="16362077-6198" start="28338">β-adrenergic</span>
    </annotation>
    <annotation annotator="" id="GO_MF_2016_02_16_Instance_101672" type="identity">
      <class id="GO_EXT:0008083" label="bearer of growth factor activity"/>
      <span end="28399" id="16362077-6200" start="28385">growth factors</span>
    </annotation>
    <annotation annotator="" id="GO_MF_2016_02_16_Instance_101674" type="identity">
      <class id="GO_PR_EXT:alkaline_phosphatase" label="alkaline phosphatase"/>
      <span end="30800" id="16362077-6202" start="30797">ALP</span>
    </annotation>
    <annotation annotator="" id="GO_MF_2016_02_16_Instance_101676" type="identity">
      <class id="GO_PR_EXT:alkaline_phosphatase" label="alkaline phosphatase"/>
      <span end="35055" id="16362077-6204" start="35052">ALP</span>
    </annotation>
    <annotation annotator="" id="GO_MF_2016_02_16_Instance_101678" type="identity">
      <class id="GO_PR_EXT:alkaline_phosphatase" label="alkaline phosphatase"/>
      <span end="35753" id="16362077-6206" start="35750">ALP</span>
    </annotation>
    <annotation annotator="" id="GO_MF_2016_02_16_Instance_101680" type="identity">
      <class id="GO_EXT:reverse_transcription_or_reverse_transcriptase" label="reverse transcription or reverse transcriptase"/>
      <span end="35872" id="16362077-6208" start="35870">RT</span>
    </annotation>
    <annotation annotator="" id="GO_MF_2016_02_16_Instance_101682" type="identity">
      <class id="GO_EXT:reverse_transcription_or_reverse_transcriptase" label="reverse transcription or reverse transcriptase"/>
      <span end="37276" id="16362077-6210" start="37274">RT</span>
    </annotation>
    <annotation annotator="" id="GO_MF_2016_02_16_Instance_101684" type="identity">
      <class id="GO_EXT:reverse_transcription_or_reverse_transcriptase" label="reverse transcription or reverse transcriptase"/>
      <span end="37549" id="16362077-6212" start="37547">RT</span>
    </annotation>
    <annotation annotator="" id="GO_MF_2016_02_16_Instance_101686" type="identity">
      <class id="GO_PR_EXT:glyceraldehyde_3_phosphate_dehydrogenase" label="glyceraldehyde-3-phosphate dehydrogenase"/>
      <span end="37606" id="16362077-6214" start="37601">GAPDH</span>
    </annotation>
    <annotation annotator="" id="GO_MF_2016_02_16_Instance_101688" type="identity">
      <class id="GO_PR_EXT:glyceraldehyde_3_phosphate_dehydrogenase" label="glyceraldehyde-3-phosphate dehydrogenase"/>
      <span end="39042" id="16362077-6216" start="39037">GAPDH</span>
    </annotation>
    <annotation annotator="" id="GO_MF_2016_02_16_Instance_101690" type="identity">
      <class id="GO_EXT:reverse_transcription_or_reverse_transcriptase" label="reverse transcription or reverse transcriptase"/>
      <span end="39120" id="16362077-6218" start="39118">RT</span>
    </annotation>
    <annotation annotator="" id="GO_MF_2016_02_16_Instance_101692" type="identity">
      <class id="GO_PR_EXT:alkaline_phosphatase" label="alkaline phosphatase"/>
      <span end="40130" id="16362077-6220" start="40127">ALP</span>
    </annotation>
    <annotation annotator="" id="GO_MF_2016_02_16_Instance_101694" type="identity">
      <class id="GO_PR_EXT:alkaline_phosphatase" label="alkaline phosphatase"/>
      <span end="40153" id="16362077-6222" start="40133">alkaline phosphatase</span>
    </annotation>
    <annotation annotator="Mike Bada, University of Colorado Anschutz Medical Campus" id="GO_MF_2016_02_16_Instance_17175" type="identity">
      <class id="GO_EXT:0004872" label="bearer of receptor activity"/>
      <span end="40377" id="16362077-6248" start="40369">receptor</span>
    </annotation>
    <annotation annotator="Mike Bada, University of Colorado Anschutz Medical Campus" id="GO_MF_2016_02_16_Instance_17213" type="identity">
      <class id="GO_EXT:0003993" label="bearer of acid phosphatase activity"/>
      <span end="40450" id="16362077-6258" start="40434">acid phosphatase</span>
    </annotation>
    <annotation annotator="" id="GO_MF_2016_02_16_Instance_101696" type="identity">
      <class id="GO_EXT:phosphoglycerate_kinase" label="phosphoglycerate kinase"/>
      <span end="42103" id="16362077-6224" start="42100">PGK</span>
    </annotation>
    <annotation annotator="" id="GO_MF_2016_02_16_Instance_101698" type="identity">
      <class id="GO_PR_EXT:alkaline_phosphatase" label="alkaline phosphatase"/>
      <span end="45133" id="16362077-6226" start="45130">ALP</span>
    </annotation>
    <annotation annotator="" id="GO_MF_2016_02_16_Instance_101700" type="identity">
      <class id="GO_PR_EXT:alkaline_phosphatase" label="alkaline phosphatase"/>
      <span end="45910" id="16362077-6228" start="45907">ALP</span>
    </annotation>
    <annotation annotator="" id="GO_MF_2016_02_16_Instance_101702" type="identity">
      <class id="GO_PR_EXT:alkaline_phosphatase" label="alkaline phosphatase"/>
      <span end="46035" id="16362077-6230" start="46032">ALP</span>
    </annotation>
    <annotation annotator="" id="GO_MF_2016_02_16_Instance_101704" type="identity">
      <class id="GO_EXT:reverse_transcription_or_reverse_transcriptase" label="reverse transcription or reverse transcriptase"/>
      <span end="47234" id="16362077-6232" start="47232">RT</span>
    </annotation>
    <annotation annotator="" id="GO_MF_2016_02_16_Instance_110475" type="identity">
      <class id="GO_PR_EXT:glyceraldehyde_3_phosphate_dehydrogenase" label="glyceraldehyde-3-phosphate dehydrogenase"/>
      <span end="47584" id="16362077-6242" start="47579">GAPDH</span>
    </annotation>
    <annotation annotator="" id="GO_MF_2016_02_16_Instance_101706" type="identity">
      <class id="GO_EXT:reverse_transcription_or_reverse_transcriptase" label="reverse transcription or reverse transcriptase"/>
      <span end="48302" id="16362077-6234" start="48300">RT</span>
    </annotation>
    <annotation annotator="" id="GO_MF_2016_02_16_Instance_101710" type="identity">
      <class id="GO_PR_EXT:glyceraldehyde_3_phosphate_dehydrogenase" label="glyceraldehyde-3-phosphate dehydrogenase"/>
      <span end="48342" id="16362077-6236" start="48337">GAPDH</span>
    </annotation>
    <annotation annotator="" id="GO_MF_2016_02_16_Instance_101712" type="identity">
      <class id="CHEMINF_GO_EXT:chemical_binding_or_bond_formation" label="chemical binding or bond formation"/>
      <span end="49899" id="16362077-6238" start="49892">binding</span>
    </annotation>
    <graph-space id="Old Knowtator Relations"/>
  </document>
</knowtator-project>
