<?xml version="1.0" encoding="UTF-8" standalone="no"?>
<knowtator-project>
  <document id="16462940" text-file="16462940.txt">
    <annotation annotator="" id="GO_MF_2016_02_16_Instance_101920" type="identity">
      <class id="CHEBI_GO_EXT:hormone" label="hormone"/>
      <span end="24430" id="16462940-6397" start="24423">hormone</span>
    </annotation>
    <annotation annotator="" id="GO_MF_2016_02_16_Instance_101922" type="identity">
      <class id="CHEBI_GO_EXT:hormone" label="hormone"/>
      <span end="25839" id="16462940-6399" start="25831">hormones</span>
    </annotation>
    <annotation annotator="" id="GO_MF_2016_02_16_Instance_101924" type="identity">
      <class id="CHEBI_GO_EXT:hormone" label="hormone"/>
      <span end="25975" id="16462940-6401" start="25968">hormone</span>
    </annotation>
    <annotation annotator="" id="GO_MF_2016_02_16_Instance_101926" type="identity">
      <class id="CHEBI_GO_EXT:hormone" label="hormone"/>
      <span end="31111" id="16462940-6403" start="31103">hormonal</span>
    </annotation>
    <annotation annotator="" id="GO_MF_2016_02_16_Instance_101928" type="identity">
      <class id="GO:0097617" label="annealing activity"/>
      <span end="33240" id="16462940-6405" start="33227">hybridization</span>
    </annotation>
    <annotation annotator="" id="GO_MF_2016_02_16_Instance_101930" type="identity">
      <class id="GO:0097617" label="annealing activity"/>
      <span end="33308" id="16462940-6407" start="33294">hybridizations</span>
    </annotation>
    <annotation annotator="" id="GO_MF_2016_02_16_Instance_101932" type="identity">
      <class id="GO:0097617" label="annealing activity"/>
      <span end="33979" id="16462940-6409" start="33969">hybridized</span>
    </annotation>
    <annotation annotator="" id="GO_MF_2016_02_16_Instance_101934" type="identity">
      <class id="GO:0097617" label="annealing activity"/>
      <span end="34061" id="16462940-6411" start="34048">hybridization</span>
    </annotation>
    <graph-space id="Old Knowtator Relations"/>
  </document>
</knowtator-project>
