<?xml version="1.0" encoding="UTF-8" standalone="no"?>
<knowtator-project>
  <document id="16539743" text-file="16539743.txt">
    <annotation annotator="" id="GO_MF_2016_02_16_backup_Instance_371" type="identity">
      <class id="GO_EXT:transcription_factor" label="transcription factor"/>
      <span end="398" id="16539743-6550" start="377">transcription factors</span>
    </annotation>
    <annotation annotator="Mike Bada, University of Colorado Anschutz Medical Campus" id="GO_MF_2016_02_16_Instance_17579" type="identity">
      <class id="GO_EXT:0045289" label="bearer of luciferin monooxygenase activity"/>
      <span end="1677" id="16539743-6716" start="1667">luciferase</span>
    </annotation>
    <annotation annotator="" id="GO_MF_2016_02_16_Instance_102077" type="identity">
      <class id="CHEMINF_GO_EXT:chemical_binding_or_bond_formation" label="chemical binding or bond formation"/>
      <span end="1738" id="16539743-6568" start="1731">binding</span>
    </annotation>
    <annotation annotator="" id="GO_MF_2016_02_16_Instance_102079" type="identity">
      <class id="CHEMINF_GO_EXT:chemical_binding_or_bond_formation" label="chemical binding or bond formation"/>
      <span end="2826" id="16539743-6570" start="2821">bound</span>
    </annotation>
    <annotation annotator="" id="GO_MF_2016_02_16_backup_Instance_373" type="identity">
      <class id="GO_EXT:transcription_factor" label="transcription factor"/>
      <span end="3755" id="16539743-6552" start="3734">transcription factors</span>
    </annotation>
    <annotation annotator="" id="GO_MF_2016_02_16_backup_Instance_375" type="identity">
      <class id="GO_EXT:transcription_factor" label="transcription factor"/>
      <span end="5083" id="16539743-6554" start="5062">transcription factors</span>
    </annotation>
    <annotation annotator="Mike Bada, University of Colorado Anschutz Medical Campus" id="GO_MF_2016_02_16_Instance_17649" type="identity">
      <class id="GO_EXT:0004674" label="bearer of protein serine/threonine kinase activity"/>
      <span end="5450" id="16539743-6764" start="5426">serine threonine kinases</span>
    </annotation>
    <annotation annotator="" id="GO_MF_2016_02_16_Instance_110212" type="identity">
      <class id="GO_PR_EXT:ephrin_receptor" label="ephrin receptor"/>
      <span end="5476" id="16539743-6706" start="5457">Eph family receptor</span>
    </annotation>
    <annotation annotator="" id="GO_MF_2016_02_16_Instance_110214" type="identity">
      <class id="GO_EXT:0004714" label="bearer of transmembrane receptor protein tyrosine kinase activity"/>
      <span end="5493" id="16539743-6708" start="5468">receptor tyrosine kinases</span>
    </annotation>
    <annotation annotator="" id="GO_MF_2016_02_16_Instance_102087" type="identity">
      <class id="CHEMINF_GO_EXT:chemical_binding_or_bond_formation" label="chemical binding or bond formation"/>
      <span end="5546" id="16539743-6572" start="5539">binding</span>
    </annotation>
    <annotation annotator="Mike Bada, University of Colorado Anschutz Medical Campus" id="GO_MF_2016_02_16_Instance_17651" type="identity">
      <class id="GO_EXT:0004143" label="bearer of diacylglycerol kinase activity"/>
      <span end="5589" id="16539743-6766" start="5567">diacylglycerol kinases</span>
    </annotation>
    <annotation annotator="" id="GO_MF_2016_02_16_backup_Instance_377" type="identity">
      <class id="GO_EXT:transcription_factor" label="transcription factor"/>
      <span end="5680" id="16539743-6556" start="5659">transcription factors</span>
    </annotation>
    <annotation annotator="" id="GO_MF_2016_02_16_Instance_102091" type="identity">
      <class id="CHEMINF_GO_EXT:chemical_binding_or_bond_formation" label="chemical binding or bond formation"/>
      <span end="6837" id="16539743-6574" start="6830">binding</span>
    </annotation>
    <annotation annotator="" id="GO_MF_2016_02_16_Instance_102093" type="identity">
      <class id="GO:0097617" label="annealing activity"/>
      <span end="10416" id="16539743-6576" start="10403">hybridization</span>
    </annotation>
    <annotation annotator="" id="GO_MF_2016_02_16_Instance_102095" type="identity">
      <class id="GO:0097617" label="annealing activity"/>
      <span end="10451" id="16539743-6578" start="10438">hybridization</span>
    </annotation>
    <annotation annotator="" id="GO_MF_2016_02_16_Instance_102097" type="identity">
      <class id="GO:0097617" label="annealing activity"/>
      <span end="10644" id="16539743-6580" start="10631">hybridization</span>
    </annotation>
    <annotation annotator="" id="GO_MF_2016_02_16_Instance_102099" type="identity">
      <class id="GO:0097617" label="annealing activity"/>
      <span end="11582" id="16539743-6582" start="11569">hybridization</span>
    </annotation>
    <annotation annotator="" id="GO_MF_2016_02_16_Instance_102101" type="identity">
      <class id="GO_EXT:reverse_transcription_or_reverse_transcriptase" label="reverse transcription or reverse transcriptase"/>
      <span end="12033" id="16539743-6584" start="12031">RT</span>
    </annotation>
    <annotation annotator="" id="GO_MF_2016_02_16_Instance_102103" type="identity">
      <class id="GO:0097617" label="annealing activity"/>
      <span end="12562" id="16539743-6586" start="12549">hybridization</span>
    </annotation>
    <annotation annotator="" id="GO_MF_2016_02_16_Instance_102105" type="identity">
      <class id="GO_EXT:reverse_transcription_or_reverse_transcriptase" label="reverse transcription or reverse transcriptase"/>
      <span end="13305" id="16539743-6588" start="13303">RT</span>
    </annotation>
    <annotation annotator="" id="GO_MF_2016_02_16_Instance_102109" type="identity">
      <class id="GO_PR_EXT:glyceraldehyde_3_phosphate_dehydrogenase" label="glyceraldehyde-3-phosphate dehydrogenase"/>
      <span end="13445" id="16539743-6592" start="13440">G3PDH</span>
    </annotation>
    <annotation annotator="" id="GO_MF_2016_02_16_Instance_102107" type="identity">
      <class id="GO_EXT:reverse_transcription_or_reverse_transcriptase" label="reverse transcription or reverse transcriptase"/>
      <span end="13697" id="16539743-6590" start="13695">RT</span>
    </annotation>
    <annotation annotator="" id="GO_MF_2016_02_16_backup_Instance_379" type="identity">
      <class id="GO_EXT:transcription_factor" label="transcription factor"/>
      <span end="13959" id="16539743-6558" start="13938">Transcription factors</span>
    </annotation>
    <annotation annotator="" id="GO_MF_2016_02_16_Instance_102113" type="identity">
      <class id="GO:0097617" label="annealing activity"/>
      <span end="14342" id="16539743-6594" start="14329">hybridization</span>
    </annotation>
    <annotation annotator="" id="GO_MF_2016_02_16_Instance_102115" type="identity">
      <class id="GO_EXT:reverse_transcription_or_reverse_transcriptase" label="reverse transcription or reverse transcriptase"/>
      <span end="14649" id="16539743-6596" start="14647">RT</span>
    </annotation>
    <annotation annotator="" id="GO_MF_2016_02_16_Instance_102117" type="identity">
      <class id="GO:0097617" label="annealing activity"/>
      <span end="15088" id="16539743-6598" start="15075">hybridization</span>
    </annotation>
    <annotation annotator="" id="GO_MF_2016_02_16_Instance_102121" type="identity">
      <class id="GO_EXT:reverse_transcription_or_reverse_transcriptase" label="reverse transcription or reverse transcriptase"/>
      <span end="15274" id="16539743-6602" start="15272">RT</span>
    </annotation>
    <annotation annotator="" id="GO_MF_2016_02_16_Instance_102123" type="identity">
      <class id="GO_PR_EXT:glyceraldehyde_3_phosphate_dehydrogenase" label="glyceraldehyde-3-phosphate dehydrogenase"/>
      <span end="15470" id="16539743-6604" start="15465">G3PDH</span>
    </annotation>
    <annotation annotator="" id="GO_MF_2016_02_16_Instance_102119" type="identity">
      <class id="GO_EXT:reverse_transcription_or_reverse_transcriptase" label="reverse transcription or reverse transcriptase"/>
      <span end="15521" id="16539743-6600" start="15519">RT</span>
    </annotation>
    <annotation annotator="Mike Bada, University of Colorado Anschutz Medical Campus" id="GO_MF_2016_02_16_Instance_17581" type="identity">
      <class id="GO_EXT:0045289" label="bearer of luciferin monooxygenase activity"/>
      <span end="15617" id="16539743-6718" start="15607">luciferase</span>
    </annotation>
    <annotation annotator="" id="GO_MF_2016_02_16_Instance_102125" type="identity">
      <class id="CHEMINF_GO_EXT:chemical_binding_or_bond_formation" label="chemical binding or bond formation"/>
      <span end="15667" id="16539743-6606" start="15660">binding</span>
    </annotation>
    <annotation annotator="Mike Bada, University of Colorado Anschutz Medical Campus" id="GO_MF_2016_02_16_Instance_17685" type="identity">
      <class id="GO_EXT:0045289" label="bearer of luciferin monooxygenase activity"/>
      <span end="15714" id="16539743-6768" start="15704">luciferase</span>
    </annotation>
    <annotation annotator="Mike Bada, University of Colorado Anschutz Medical Campus" id="GO_MF_2016_02_16_Instance_17583" type="identity">
      <class id="GO_EXT:0045289" label="bearer of luciferin monooxygenase activity"/>
      <span end="16152" id="16539743-6720" start="16142">luciferase</span>
    </annotation>
    <annotation annotator="Mike Bada, University of Colorado Anschutz Medical Campus" id="GO_MF_2016_02_16_Instance_17585" type="identity">
      <class id="GO_EXT:0045289" label="bearer of luciferin monooxygenase activity"/>
      <span end="16230" id="16539743-6722" start="16220">luciferase</span>
    </annotation>
    <annotation annotator="Mike Bada, University of Colorado Anschutz Medical Campus" id="GO_MF_2016_02_16_Instance_17587" type="identity">
      <class id="GO_EXT:0045289" label="bearer of luciferin monooxygenase activity"/>
      <span end="16251" id="16539743-6724" start="16241">luciferase</span>
    </annotation>
    <annotation annotator="" id="GO_MF_2016_02_16_Instance_102127" type="identity">
      <class id="CHEMINF_GO_EXT:chemical_binding_or_bond_formation" label="chemical binding or bond formation"/>
      <span end="16412" id="16539743-6608" start="16405">binding</span>
    </annotation>
    <annotation annotator="Mike Bada, University of Colorado Anschutz Medical Campus" id="GO_MF_2016_02_16_Instance_17589" type="identity">
      <class id="GO_EXT:0045289" label="bearer of luciferin monooxygenase activity"/>
      <span end="16469" id="16539743-6726" start="16459">luciferase</span>
    </annotation>
    <annotation annotator="Mike Bada, University of Colorado Anschutz Medical Campus" id="GO_MF_2016_02_16_Instance_17591" type="identity">
      <class id="GO_EXT:0045289" label="bearer of luciferin monooxygenase activity"/>
      <span end="16619" id="16539743-6728" start="16609">luciferase</span>
    </annotation>
    <annotation annotator="Mike Bada, University of Colorado Anschutz Medical Campus" id="GO_MF_2016_02_16_Instance_17593" type="identity">
      <class id="GO_EXT:0045289" label="bearer of luciferin monooxygenase activity"/>
      <span end="16909" id="16539743-6730" start="16899">luciferase</span>
    </annotation>
    <annotation annotator="Mike Bada, University of Colorado Anschutz Medical Campus" id="GO_MF_2016_02_16_Instance_17595" type="identity">
      <class id="GO_EXT:0045289" label="bearer of luciferin monooxygenase activity"/>
      <span end="17212" id="16539743-6732" start="17202">luciferase</span>
    </annotation>
    <annotation annotator="" id="GO_MF_2016_02_16_Instance_102129" type="identity">
      <class id="CHEMINF_GO_EXT:chemical_binding_or_bond_formation" label="chemical binding or bond formation"/>
      <span end="17310" id="16539743-6610" start="17303">binding</span>
    </annotation>
    <annotation annotator="" id="GO_MF_2016_02_16_Instance_102131" type="identity">
      <class id="CHEMINF_GO_EXT:chemical_binding_or_bond_formation" label="chemical binding or bond formation"/>
      <span end="17736" id="16539743-6612" start="17729">binding</span>
    </annotation>
    <annotation annotator="" id="GO_MF_2016_02_16_Instance_102133" type="identity">
      <class id="CHEMINF_GO_EXT:chemical_binding_or_bond_formation" label="chemical binding or bond formation"/>
      <span end="18143" id="16539743-6614" start="18136">binding</span>
    </annotation>
    <annotation annotator="" id="GO_MF_2016_02_16_Instance_102135" type="identity">
      <class id="CHEMINF_GO_EXT:chemical_binding_or_bond_formation" label="chemical binding or bond formation"/>
      <span end="18429" id="16539743-6616" start="18425">bind</span>
    </annotation>
    <annotation annotator="" id="GO_MF_2016_02_16_Instance_102141" type="identity">
      <class id="CHEMINF_GO_EXT:chemical_binding_or_bond_formation" label="chemical binding or bond formation"/>
      <span end="19275" id="16539743-6622" start="19268">binding</span>
    </annotation>
    <annotation annotator="" id="GO_MF_2016_02_16_backup_Instance_381" type="identity">
      <class id="GO_EXT:transcription_factor" label="transcription factor"/>
      <span end="19316" id="16539743-6560" start="19296">transcription factor</span>
    </annotation>
    <annotation annotator="" id="GO_MF_2016_02_16_Instance_102137" type="identity">
      <class id="CHEMINF_GO_EXT:chemical_binding_or_bond_formation" label="chemical binding or bond formation"/>
      <span end="19578" id="16539743-6618" start="19571">binding</span>
    </annotation>
    <annotation annotator="" id="GO_MF_2016_02_16_Instance_102139" type="identity">
      <class id="CHEMINF_GO_EXT:chemical_binding_or_bond_formation" label="chemical binding or bond formation"/>
      <span end="20607" id="16539743-6620" start="20600">binding</span>
    </annotation>
    <annotation annotator="" id="GO_MF_2016_02_16_Instance_102145" type="identity">
      <class id="CHEMINF_GO_EXT:chemical_binding_or_bond_formation" label="chemical binding or bond formation"/>
      <span end="21360" id="16539743-6624" start="21353">binding</span>
    </annotation>
    <annotation annotator="" id="GO_MF_2016_02_16_Instance_102147" type="identity">
      <class id="CHEMINF_GO_EXT:chemical_binding_or_bond_formation" label="chemical binding or bond formation"/>
      <span end="23642" id="16539743-6626" start="23635">binding</span>
    </annotation>
    <annotation annotator="" id="GO_MF_2016_02_16_Instance_102151" type="identity">
      <class id="CHEMINF_GO_EXT:chemical_binding_or_bond_formation" label="chemical binding or bond formation"/>
      <span end="23956" id="16539743-6630" start="23949">binding</span>
    </annotation>
    <annotation annotator="" id="GO_MF_2016_02_16_Instance_102149" type="identity">
      <class id="CHEMINF_GO_EXT:chemical_binding_or_bond_formation" label="chemical binding or bond formation"/>
      <span end="24014" id="16539743-6628" start="24007">binding</span>
    </annotation>
    <annotation annotator="" id="GO_MF_2016_02_16_Instance_102153" type="identity">
      <class id="CHEMINF_GO_EXT:chemical_binding_or_bond_formation" label="chemical binding or bond formation"/>
      <span end="25538" id="16539743-6632" start="25531">binding</span>
    </annotation>
    <annotation annotator="" id="GO_MF_2016_02_16_Instance_102155" type="identity">
      <class id="CHEMINF_GO_EXT:chemical_binding_or_bond_formation" label="chemical binding or bond formation"/>
      <span end="25820" id="16539743-6634" start="25813">binding</span>
    </annotation>
    <annotation annotator="Mike Bada, University of Colorado Anschutz Medical Campus" id="GO_MF_2016_02_16_Instance_17597" type="identity">
      <class id="GO_EXT:0045289" label="bearer of luciferin monooxygenase activity"/>
      <span end="25909" id="16539743-6734" start="25899">luciferase</span>
    </annotation>
    <annotation annotator="" id="GO_MF_2016_02_16_Instance_102157" type="identity">
      <class id="CHEMINF_GO_EXT:chemical_binding_or_bond_formation" label="chemical binding or bond formation"/>
      <span end="26028" id="16539743-6636" start="26021">binding</span>
    </annotation>
    <annotation annotator="" id="GO_MF_2016_02_16_Instance_102161" type="identity">
      <class id="CHEMINF_GO_EXT:chemical_binding_or_bond_formation" label="chemical binding or bond formation"/>
      <span end="26113" id="16539743-6640" start="26106">binding</span>
    </annotation>
    <annotation annotator="" id="GO_MF_2016_02_16_Instance_102220" type="identity">
      <class id="CHEMINF_GO_EXT:chemical_binding_or_bond_formation" label="chemical binding or bond formation"/>
      <span end="26194" id="16539743-6692" start="26187">binding</span>
    </annotation>
    <annotation annotator="Mike Bada, University of Colorado Anschutz Medical Campus" id="GO_MF_2016_02_16_Instance_17599" type="identity">
      <class id="GO_EXT:0045289" label="bearer of luciferin monooxygenase activity"/>
      <span end="26305" id="16539743-6736" start="26295">luciferase</span>
    </annotation>
    <annotation annotator="" id="GO_MF_2016_02_16_Instance_102159" type="identity">
      <class id="CHEMINF_GO_EXT:chemical_binding_or_bond_formation" label="chemical binding or bond formation"/>
      <span end="26396" id="16539743-6638" start="26389">binding</span>
    </annotation>
    <annotation annotator="Mike Bada, University of Colorado Anschutz Medical Campus" id="GO_MF_2016_02_16_Instance_17601" type="identity">
      <class id="GO_EXT:0045289" label="bearer of luciferin monooxygenase activity"/>
      <span end="26899" id="16539743-6738" start="26889">luciferase</span>
    </annotation>
    <annotation annotator="" id="GO_MF_2016_02_16_Instance_102163" type="identity">
      <class id="CHEMINF_GO_EXT:chemical_binding_or_bond_formation" label="chemical binding or bond formation"/>
      <span end="27268" id="16539743-6642" start="27261">binding</span>
    </annotation>
    <annotation annotator="Mike Bada, University of Colorado Anschutz Medical Campus" id="GO_MF_2016_02_16_Instance_17603" type="identity">
      <class id="GO_EXT:0045289" label="bearer of luciferin monooxygenase activity"/>
      <span end="27944" id="16539743-6740" start="27934">luciferase</span>
    </annotation>
    <annotation annotator="Mike Bada, University of Colorado Anschutz Medical Campus" id="GO_MF_2016_02_16_Instance_17605" type="identity">
      <class id="GO_EXT:0045289" label="bearer of luciferin monooxygenase activity"/>
      <span end="28286" id="16539743-6742" start="28276">luciferase</span>
    </annotation>
    <annotation annotator="Mike Bada, University of Colorado Anschutz Medical Campus" id="GO_MF_2016_02_16_Instance_17607" type="identity">
      <class id="GO_EXT:0045289" label="bearer of luciferin monooxygenase activity"/>
      <span end="28368" id="16539743-6744" start="28358">luciferase</span>
    </annotation>
    <annotation annotator="" id="GO_MF_2016_02_16_Instance_102165" type="identity">
      <class id="CHEMINF_GO_EXT:chemical_binding_or_bond_formation" label="chemical binding or bond formation"/>
      <span end="29819" id="16539743-6644" start="29812">binding</span>
    </annotation>
    <annotation annotator="Mike Bada, University of Colorado Anschutz Medical Campus" id="GO_MF_2016_02_16_Instance_17609" type="identity">
      <class id="GO_EXT:0045289" label="bearer of luciferin monooxygenase activity"/>
      <span end="29949" id="16539743-6746" start="29939">luciferase</span>
    </annotation>
    <annotation annotator="Mike Bada, University of Colorado Anschutz Medical Campus" id="GO_MF_2016_02_16_Instance_17611" type="identity">
      <class id="GO_EXT:0045289" label="bearer of luciferin monooxygenase activity"/>
      <span end="30526" id="16539743-6748" start="30516">luciferase</span>
    </annotation>
    <annotation annotator="" id="GO_MF_2016_02_16_Instance_102167" type="identity">
      <class id="GO:0097617" label="annealing activity"/>
      <span end="32295" id="16539743-6646" start="32282">hybridization</span>
    </annotation>
    <annotation annotator="" id="GO_MF_2016_02_16_Instance_102169" type="identity">
      <class id="GO_EXT:reverse_transcription_or_reverse_transcriptase" label="reverse transcription or reverse transcriptase"/>
      <span end="32302" id="16539743-6648" start="32300">RT</span>
    </annotation>
    <annotation annotator="Mike Bada, University of Colorado Anschutz Medical Campus" id="GO_MF_2016_02_16_Instance_17613" type="identity">
      <class id="GO_EXT:0045289" label="bearer of luciferin monooxygenase activity"/>
      <span end="32417" id="16539743-6750" start="32407">luciferase</span>
    </annotation>
    <annotation annotator="" id="GO_MF_2016_02_16_backup_Instance_383" type="identity">
      <class id="GO_EXT:transcription_factor" label="transcription factor"/>
      <span end="32838" id="16539743-6562" start="32818">transcription factor</span>
    </annotation>
    <annotation annotator="" id="GO_MF_2016_02_16_Instance_102173" type="identity">
      <class id="CHEMINF_GO_EXT:chemical_binding_or_bond_formation" label="chemical binding or bond formation"/>
      <span end="34920" id="16539743-6650" start="34913">binding</span>
    </annotation>
    <annotation annotator="" id="GO_MF_2016_02_16_Instance_102177" type="identity">
      <class id="CHEMINF_GO_EXT:chemical_binding_or_bond_formation" label="chemical binding or bond formation"/>
      <span end="34961" id="16539743-6654" start="34956">binds</span>
    </annotation>
    <annotation annotator="" id="GO_MF_2016_02_16_Instance_102175" type="identity">
      <class id="CHEMINF_GO_EXT:chemical_binding_or_bond_formation" label="chemical binding or bond formation"/>
      <span end="35181" id="16539743-6652" start="35174">binding</span>
    </annotation>
    <annotation annotator="" id="GO_MF_2016_02_16_Instance_102179" type="identity">
      <class id="CHEMINF_GO_EXT:chemical_binding_or_bond_formation" label="chemical binding or bond formation"/>
      <span end="35224" id="16539743-6656" start="35217">binding</span>
    </annotation>
    <annotation annotator="" id="GO_MF_2016_02_16_Instance_102181" type="identity">
      <class id="CHEMINF_GO_EXT:chemical_binding_or_bond_formation" label="chemical binding or bond formation"/>
      <span end="35585" id="16539743-6658" start="35578">binding</span>
    </annotation>
    <annotation annotator="" id="GO_MF_2016_02_16_backup_Instance_385" type="identity">
      <class id="GO_EXT:transcription_factor" label="transcription factor"/>
      <span end="35662" id="16539743-6564" start="35639">transcription factor(s)</span>
    </annotation>
    <annotation annotator="" id="GO_MF_2016_02_16_backup_Instance_387" type="identity">
      <class id="GO_EXT:transcription_factor" label="transcription factor"/>
      <span end="35740" id="16539743-6566" start="35719">transcription factors</span>
    </annotation>
    <annotation annotator="" id="GO_MF_2016_02_16_Instance_102187" type="identity">
      <class id="CHEMINF_GO_EXT:chemical_binding_or_bond_formation" label="chemical binding or bond formation"/>
      <span end="35850" id="16539743-6660" start="35843">binding</span>
    </annotation>
    <annotation annotator="Mike Bada, University of Colorado Anschutz Medical Campus" id="GO_MF_2016_02_16_Instance_17615" type="identity">
      <class id="GO_EXT:0045289" label="bearer of luciferin monooxygenase activity"/>
      <span end="36696" id="16539743-6752" start="36686">luciferase</span>
    </annotation>
    <annotation annotator="" id="GO_MF_2016_02_16_Instance_102189" type="identity">
      <class id="CHEMINF_GO_EXT:chemical_binding_or_bond_formation" label="chemical binding or bond formation"/>
      <span end="36800" id="16539743-6662" start="36793">binding</span>
    </annotation>
    <annotation annotator="Mike Bada, University of Colorado Anschutz Medical Campus" id="GO_MF_2016_02_16_Instance_17691" type="identity">
      <class id="GO_EXT:0004407" label="bearer of histone deacetylase activity"/>
      <span end="37513" id="16539743-6770" start="37493">histone deacetylases</span>
    </annotation>
    <annotation annotator="Mike Bada, University of Colorado Anschutz Medical Campus" id="GO_MF_2016_02_16_Instance_17693" type="identity">
      <class id="GO_EXT:0004407" label="bearer of histone deacetylase activity"/>
      <span end="37520" id="16539743-6772" start="37515">HDACs</span>
    </annotation>
    <annotation annotator="Mike Bada, University of Colorado Anschutz Medical Campus" id="GO_MF_2016_02_16_Instance_17695" type="identity">
      <class id="GO_EXT:0042054" label="bearer of histone methyltransferase activity"/>
      <span end="37552" id="16539743-6774" start="37526">histone methyltransferases</span>
    </annotation>
    <annotation annotator="Mike Bada, University of Colorado Anschutz Medical Campus" id="GO_MF_2016_02_16_Instance_17753" type="identity">
      <class id="GO_EXT:0004407" label="bearer of histone deacetylase activity"/>
      <span end="37918" id="16539743-6782" start="37914">HDAC</span>
    </annotation>
    <annotation annotator="Mike Bada, University of Colorado Anschutz Medical Campus" id="GO_MF_2016_02_16_Instance_17755" type="identity">
      <class id="GO_EXT:0004407" label="bearer of histone deacetylase activity"/>
      <span end="37989" id="16539743-6784" start="37985">HDAC</span>
    </annotation>
    <annotation annotator="Mike Bada, University of Colorado Anschutz Medical Campus" id="GO_MF_2016_02_16_Instance_17617" type="identity">
      <class id="GO_EXT:0045289" label="bearer of luciferin monooxygenase activity"/>
      <span end="38017" id="16539743-6754" start="38007">luciferase</span>
    </annotation>
    <annotation annotator="" id="GO_MF_2016_02_16_Instance_102192" type="identity">
      <class id="CHEBI_GO_EXT:histone_deacetylase_inhibitor" label="histone deacetylase inhibitor"/>
      <span end="38180" id="16539743-6664" start="38166">HDAC inhibitor</span>
    </annotation>
    <annotation annotator="Mike Bada, University of Colorado Anschutz Medical Campus" id="GO_MF_2016_02_16_Instance_17697" type="identity">
      <class id="GO_EXT:0004407" label="bearer of histone deacetylase activity"/>
      <span end="38275" id="16539743-6776" start="38271">HDAC</span>
    </annotation>
    <annotation annotator="" id="GO_MF_2016_02_16_Instance_102194" type="identity">
      <class id="GO:0097617" label="annealing activity"/>
      <span end="38786" id="16539743-6666" start="38773">hybridization</span>
    </annotation>
    <annotation annotator="" id="GO_MF_2016_02_16_Instance_102196" type="identity">
      <class id="GO_EXT:reverse_transcription_or_reverse_transcriptase" label="reverse transcription or reverse transcriptase"/>
      <span end="40915" id="16539743-6668" start="40913">RT</span>
    </annotation>
    <annotation annotator="" id="GO_MF_2016_02_16_Instance_102198" type="identity">
      <class id="GO:0097617" label="annealing activity"/>
      <span end="41028" id="16539743-6670" start="41015">hybridization</span>
    </annotation>
    <annotation annotator="" id="GO_MF_2016_02_16_Instance_102200" type="identity">
      <class id="GO:0097617" label="annealing activity"/>
      <span end="41055" id="16539743-6672" start="41042">hybridization</span>
    </annotation>
    <annotation annotator="" id="GO_MF_2016_02_16_Instance_102202" type="identity">
      <class id="GO:0097617" label="annealing activity"/>
      <span end="41483" id="16539743-6674" start="41470">hybridization</span>
    </annotation>
    <annotation annotator="" id="GO_MF_2016_02_16_Instance_102212" type="identity">
      <class id="GO_EXT:reverse_transcription_or_reverse_transcriptase" label="reverse transcription or reverse transcriptase"/>
      <span end="41533" id="16539743-6684" start="41531">RT</span>
    </annotation>
    <annotation annotator="" id="GO_MF_2016_02_16_Instance_102204" type="identity">
      <class id="GO:0097617" label="annealing activity"/>
      <span end="41583" id="16539743-6676" start="41570">hybridization</span>
    </annotation>
    <annotation annotator="" id="GO_MF_2016_02_16_Instance_102206" type="identity">
      <class id="GO:0097617" label="annealing activity"/>
      <span end="41606" id="16539743-6678" start="41593">hybridization</span>
    </annotation>
    <annotation annotator="" id="GO_MF_2016_02_16_Instance_102210" type="identity">
      <class id="GO:0097617" label="annealing activity"/>
      <span end="42550" id="16539743-6682" start="42537">hybridization</span>
    </annotation>
    <annotation annotator="" id="GO_MF_2016_02_16_Instance_102208" type="identity">
      <class id="GO:0097617" label="annealing activity"/>
      <span end="42565" id="16539743-6680" start="42552">Hybridization</span>
    </annotation>
    <annotation annotator="" id="GO_MF_2016_02_16_Instance_102214" type="identity">
      <class id="GO_EXT:reverse_transcription_or_reverse_transcriptase" label="reverse transcription or reverse transcriptase"/>
      <span end="42765" id="16539743-6686" start="42763">RT</span>
    </annotation>
    <annotation annotator="" id="GO_MF_2016_02_16_Instance_102216" type="identity">
      <class id="GO_EXT:reverse_transcription_or_reverse_transcriptase" label="reverse transcription or reverse transcriptase"/>
      <span end="42914" id="16539743-6688" start="42912">RT</span>
    </annotation>
    <annotation annotator="" id="GO_MF_2016_02_16_Instance_110645" type="identity">
      <class id="GO_PR_EXT:glyceraldehyde_3_phosphate_dehydrogenase" label="glyceraldehyde-3-phosphate dehydrogenase"/>
      <span end="43165" id="16539743-6714" start="43160">G3PDH</span>
    </annotation>
    <annotation annotator="" id="GO_MF_2016_02_16_Instance_102218" type="identity">
      <class id="CHEBI_GO_EXT:peptidase_or_protease_or_proteinase_inhibitor" label="peptidase/protease/proteinase inhibitor"/>
      <span end="45214" id="16539743-6690" start="45196">protease inhibitor</span>
    </annotation>
    <annotation annotator="Mike Bada, University of Colorado Anschutz Medical Campus" id="GO_MF_2016_02_16_Instance_17699" type="identity">
      <class id="GO_EXT:0004601" label="bearer of peroxidase activity"/>
      <span end="46134" id="16539743-6778" start="46124">peroxidase</span>
    </annotation>
    <annotation annotator="Mike Bada, University of Colorado Anschutz Medical Campus" id="GO_MF_2016_02_16_Instance_17619" type="identity">
      <class id="GO_EXT:0045289" label="bearer of luciferin monooxygenase activity"/>
      <span end="47164" id="16539743-6756" start="47154">Luciferase</span>
    </annotation>
    <annotation annotator="Mike Bada, University of Colorado Anschutz Medical Campus" id="GO_MF_2016_02_16_Instance_17621" type="identity">
      <class id="GO_EXT:0045289" label="bearer of luciferin monooxygenase activity"/>
      <span end="47368" id="16539743-6758" start="47358">luciferase</span>
    </annotation>
    <annotation annotator="" id="GO_MF_2016_02_16_Instance_102222" type="identity">
      <class id="CHEMINF_GO_EXT:chemical_binding_or_bond_formation" label="chemical binding or bond formation"/>
      <span end="47600" id="16539743-6694" start="47593">binding</span>
    </annotation>
    <annotation annotator="" id="GO_MF_2016_02_16_Instance_102230" type="identity">
      <class id="CHEMINF_GO_EXT:chemical_binding_or_bond_formation" label="chemical binding or bond formation"/>
      <span end="47716" id="16539743-6702" start="47709">binding</span>
    </annotation>
    <annotation annotator="" id="GO_MF_2016_02_16_Instance_102224" type="identity">
      <class id="CHEMINF_GO_EXT:chemical_binding_or_bond_formation" label="chemical binding or bond formation"/>
      <span end="47830" id="16539743-6696" start="47823">binding</span>
    </annotation>
    <annotation annotator="" id="GO_MF_2016_02_16_Instance_102226" type="identity">
      <class id="CHEMINF_GO_EXT:chemical_binding_or_bond_formation" label="chemical binding or bond formation"/>
      <span end="47954" id="16539743-6698" start="47947">binding</span>
    </annotation>
    <annotation annotator="" id="GO_MF_2016_02_16_Instance_102228" type="identity">
      <class id="CHEMINF_GO_EXT:chemical_binding_or_bond_formation" label="chemical binding or bond formation"/>
      <span end="48456" id="16539743-6700" start="48449">binding</span>
    </annotation>
    <annotation annotator="Mike Bada, University of Colorado Anschutz Medical Campus" id="GO_MF_2016_02_16_Instance_17623" type="identity">
      <class id="GO_EXT:0045289" label="bearer of luciferin monooxygenase activity"/>
      <span end="48666" id="16539743-6760" start="48656">luciferase</span>
    </annotation>
    <annotation annotator="Mike Bada, University of Colorado Anschutz Medical Campus" id="GO_MF_2016_02_16_Instance_17701" type="identity">
      <class id="GO_EXT:0004887" label="bearer of thyroid hormone receptor activity"/>
      <span end="48820" id="16539743-6780" start="48796">thyroid hormone receptor</span>
    </annotation>
    <annotation annotator="" id="GO_MF_2016_02_16_Instance_102234" type="identity">
      <class id="GO_EXT:0004872" label="bearer of receptor activity"/>
      <span end="48887" id="16539743-6704" start="48879">receptor</span>
    </annotation>
    <annotation annotator="" id="GO_MF_2016_02_16_Instance_110216" type="identity">
      <class id="GO_PR_EXT:ephrin_receptor" label="ephrin receptor"/>
      <span end="48969" id="16539743-6710" start="48954">ephrin receptor</span>
    </annotation>
    <annotation annotator="" id="GO_MF_2016_02_16_Instance_110218" type="identity">
      <class id="GO_PR_EXT:ephrin_receptor" label="ephrin receptor"/>
      <span end="48996" id="16539743-6712" start="48981">ephrin receptor</span>
    </annotation>
    <annotation annotator="Mike Bada, University of Colorado Anschutz Medical Campus" id="GO_MF_2016_02_16_Instance_17625" type="identity">
      <class id="GO_EXT:0045289" label="bearer of luciferin monooxygenase activity"/>
      <span end="49274" id="16539743-6762" start="49264">luciferase</span>
    </annotation>
    <graph-space id="Old Knowtator Relations"/>
  </document>
</knowtator-project>
