<?xml version="1.0" encoding="UTF-8" standalone="no"?>
<knowtator-project>
  <document id="16628246" text-file="16628246.txt">
    <annotation annotator="Mike Bada, University of Colorado Anschutz Medical Campus" id="GO_MF_2016_02_16_Instance_17907" type="identity">
      <class id="GO_EXT:0016887" label="bearer of ATPase activity"/>
      <span end="172" id="16628246-6962" start="166">ATPase</span>
    </annotation>
    <annotation annotator="Mike Bada, University of Colorado Anschutz Medical Campus" id="GO_MF_2016_02_16_Instance_17911" type="identity">
      <class id="GO_EXT:0004386" label="bearer of helicase activity"/>
      <span end="181" id="16628246-6966" start="173">helicase</span>
    </annotation>
    <annotation annotator="Mike Bada, University of Colorado Anschutz Medical Campus" id="GO_MF_2016_02_16_Instance_17909" type="identity">
      <class id="GO_EXT:0016887" label="bearer of ATPase activity"/>
      <span end="4486" id="16628246-6964" start="4480">ATPase</span>
    </annotation>
    <annotation annotator="" id="GO_MF_2016_02_16_Instance_102379" type="identity">
      <class id="GO_EXT:recombinase" label="recombinase"/>
      <span end="6922" id="16628246-6900" start="6911">recombinase</span>
    </annotation>
    <annotation annotator="" id="GO_MF+extensions+nested_Instance_4" type="identity">
      <class id="GO_EXT:0008910" label="bearer of kanamycin kinase activity"/>
      <span end="7016" id="16628246-6892" start="7012">neor</span>
    </annotation>
    <annotation annotator="" id="GO_MF_2016_02_16_Instance_102385" type="identity">
      <class id="GO_EXT:recombinase" label="recombinase"/>
      <span end="7358" id="16628246-6904" start="7347">recombinase</span>
    </annotation>
    <annotation annotator="" id="GO_MF+extensions+nested_Instance_6" type="identity">
      <class id="GO_EXT:0008910" label="bearer of kanamycin kinase activity"/>
      <span end="7509" id="16628246-6894" start="7505">neor</span>
    </annotation>
    <annotation annotator="" id="GO_MF_2016_02_16_Instance_102383" type="identity">
      <class id="GO_EXT:recombinase" label="recombinase"/>
      <span end="7558" id="16628246-6902" start="7547">recombinase</span>
    </annotation>
    <annotation annotator="Mike Bada, University of Colorado Anschutz Medical Campus" id="GO_MF_2016_02_16_Instance_17913" type="identity">
      <class id="GO_EXT:0015666" label="bearer of restriction endodeoxyribonuclease activity"/>
      <span end="11623" id="16628246-6968" start="11604">restriction enzymes</span>
    </annotation>
    <annotation annotator="" id="GO_MF_2016_02_16_Instance_102389" type="identity">
      <class id="GO_EXT:recombinase" label="recombinase"/>
      <span end="13786" id="16628246-6906" start="13775">recombinase</span>
    </annotation>
    <annotation annotator="Mike Bada, University of Colorado Anschutz Medical Campus" id="GO_MF_2016_02_16_Instance_17917" type="identity">
      <class id="GO_EXT:0004565" label="bearer of beta-galactosidase activity"/>
      <span end="14111" id="16628246-6972" start="14096">β-galactosidase</span>
    </annotation>
    <annotation annotator="" id="GO_MF+extensions+nested_Instance_8" type="identity">
      <class id="GO_EXT:0008910" label="bearer of kanamycin kinase activity"/>
      <span end="14116" id="16628246-6896" start="14112">neor</span>
    </annotation>
    <annotation annotator="" id="GO_MF_2016_02_16_Instance_102393" type="identity">
      <class id="GO:0097617" label="annealing activity"/>
      <span end="17476" id="16628246-6908" start="17463">hybridisation</span>
    </annotation>
    <annotation annotator="" id="GO_MF_2016_02_16_Instance_102395" type="identity">
      <class id="CHEBI_GO_EXT:hormone" label="hormone"/>
      <span end="28897" id="16628246-6910" start="28889">hormones</span>
    </annotation>
    <annotation annotator="Mike Bada, University of Colorado Anschutz Medical Campus" id="GO_MF_2016_02_16_Instance_20069" type="identity">
      <class id="GO_EXT:0016887" label="bearer of ATPase activity"/>
      <span end="29921" id="16628246-6978" start="29915">ATPase</span>
    </annotation>
    <annotation annotator="" id="GO_MF_2016_02_16_backup_Instance_393" type="identity">
      <class id="GO_EXT:transcription_factor" label="transcription factor"/>
      <span end="32601" id="16628246-6898" start="32581">transcription factor</span>
    </annotation>
    <annotation annotator="" id="GO_MF_2016_02_16_Instance_102399" type="identity">
      <class id="GO_PR_EXT:glucose_6_phosphate_dehydrogenase" label="glucose-6-phosphate dehydrogenase"/>
      <span end="35535" id="16628246-6912" start="35502">glucose 6-phosphate dehydrogenase</span>
    </annotation>
    <annotation annotator="" id="GO_MF_2016_02_16_Instance_102401" type="identity">
      <class id="GO_PR_EXT:glucose_6_phosphate_dehydrogenase" label="glucose-6-phosphate dehydrogenase"/>
      <span end="35541" id="16628246-6914" start="35537">G6PD</span>
    </annotation>
    <annotation annotator="" id="GO_MF_2016_02_16_Instance_102405" type="identity">
      <class id="GO:0097617" label="annealing activity"/>
      <span end="40764" id="16628246-6916" start="40751">hybridisation</span>
    </annotation>
    <annotation annotator="" id="GO_MF_2016_02_16_Instance_102407" type="identity">
      <class id="GO:0097617" label="annealing activity"/>
      <span end="41008" id="16628246-6918" start="40995">hybridisation</span>
    </annotation>
    <annotation annotator="" id="GO_MF_2016_02_16_Instance_102409" type="identity">
      <class id="GO:0097617" label="annealing activity"/>
      <span end="41838" id="16628246-6920" start="41825">hybridisation</span>
    </annotation>
    <annotation annotator="" id="GO_MF_2016_02_16_Instance_102411" type="identity">
      <class id="GO:0097617" label="annealing activity"/>
      <span end="42093" id="16628246-6922" start="42083">hybridised</span>
    </annotation>
    <annotation annotator="" id="GO_MF_2016_02_16_Instance_102413" type="identity">
      <class id="GO:0097617" label="annealing activity"/>
      <span end="42248" id="16628246-6924" start="42238">hybridised</span>
    </annotation>
    <annotation annotator="Mike Bada, University of Colorado Anschutz Medical Campus" id="GO_MF_2016_02_16_Instance_17915" type="identity">
      <class id="GO_EXT:0015666" label="bearer of restriction endodeoxyribonuclease activity"/>
      <span end="42785" id="16628246-6970" start="42766">restriction enzymes</span>
    </annotation>
    <annotation annotator="" id="GO_MF_2016_02_16_Instance_102415" type="identity">
      <class id="GO:0097617" label="annealing activity"/>
      <span end="44192" id="16628246-6926" start="44179">hybridisation</span>
    </annotation>
    <annotation annotator="" id="GO_MF_2016_02_16_Instance_102417" type="identity">
      <class id="GO:0097617" label="annealing activity"/>
      <span end="45414" id="16628246-6928" start="45400">hybridisations</span>
    </annotation>
    <annotation annotator="" id="GO_MF_2016_02_16_Instance_102419" type="identity">
      <class id="CHEBI_GO_SO_EXT:enzyme" label="enzyme"/>
      <span end="48103" id="16628246-6930" start="48097">enzyme</span>
    </annotation>
    <annotation annotator="" id="GO_MF_2016_02_16_Instance_102421" type="identity">
      <class id="GO:0097617" label="annealing activity"/>
      <span end="48258" id="16628246-6932" start="48248">hybridised</span>
    </annotation>
    <annotation annotator="Mike Bada, University of Colorado Anschutz Medical Campus" id="GO_MF_2016_02_16_Instance_17929" type="identity">
      <class id="GO_EXT:0009008" label="bearer of DNA-methyltransferase activity"/>
      <span end="48646" id="16628246-6976" start="48624">DNA methyltransferases</span>
    </annotation>
    <annotation annotator="" id="GO_MF_2016_02_16_Instance_102423" type="identity">
      <class id="GO:0097617" label="annealing activity"/>
      <span end="51208" id="16628246-6934" start="51195">hybridisation</span>
    </annotation>
    <annotation annotator="" id="GO_MF_2016_02_16_Instance_102425" type="identity">
      <class id="GO:0097617" label="annealing activity"/>
      <span end="51510" id="16628246-6936" start="51497">hybridisation</span>
    </annotation>
    <annotation annotator="" id="GO_MF_2016_02_16_Instance_102429" type="identity">
      <class id="GO_EXT:recombinase" label="recombinase"/>
      <span end="52768" id="16628246-6940" start="52757">recombinase</span>
    </annotation>
    <annotation annotator="" id="GO_MF_2016_02_16_Instance_102427" type="identity">
      <class id="GO_EXT:recombinase" label="recombinase"/>
      <span end="52886" id="16628246-6938" start="52875">recombinase</span>
    </annotation>
    <annotation annotator="" id="GO_MF_2016_02_16_Instance_102431" type="identity">
      <class id="GO:0097617" label="annealing activity"/>
      <span end="53475" id="16628246-6942" start="53465">hybridised</span>
    </annotation>
    <annotation annotator="" id="GO_MF_2016_02_16_Instance_102433" type="identity">
      <class id="GO:0097617" label="annealing activity"/>
      <span end="53944" id="16628246-6944" start="53934">hybridised</span>
    </annotation>
    <annotation annotator="" id="GO_MF_2016_02_16_Instance_102435" type="identity">
      <class id="GO:0097617" label="annealing activity"/>
      <span end="54170" id="16628246-6946" start="54160">hybridised</span>
    </annotation>
    <annotation annotator="" id="GO_MF_2016_02_16_Instance_102437" type="identity">
      <class id="GO:0097617" label="annealing activity"/>
      <span end="55068" id="16628246-6948" start="55058">hybridised</span>
    </annotation>
    <annotation annotator="" id="GO_MF_2016_02_16_Instance_102439" type="identity">
      <class id="CHEBI_GO_SO_EXT:enzyme" label="enzyme"/>
      <span end="55333" id="16628246-6950" start="55326">enzymes</span>
    </annotation>
    <annotation annotator="" id="GO_MF_2016_02_16_Instance_102441" type="identity">
      <class id="CHEBI_GO_SO_EXT:enzyme" label="enzyme"/>
      <span end="55527" id="16628246-6952" start="55520">enzymes</span>
    </annotation>
    <annotation annotator="" id="GO_MF_2016_02_16_Instance_102443" type="identity">
      <class id="CHEBI_GO_SO_EXT:enzyme" label="enzyme"/>
      <span end="55819" id="16628246-6954" start="55812">enzymes</span>
    </annotation>
    <annotation annotator="" id="GO_MF_2016_02_16_Instance_102445" type="identity">
      <class id="CHEBI_GO_SO_EXT:enzyme" label="enzyme"/>
      <span end="55971" id="16628246-6956" start="55965">enzyme</span>
    </annotation>
    <annotation annotator="" id="GO_MF_2016_02_16_Instance_102447" type="identity">
      <class id="CHEBI_GO_SO_EXT:enzyme" label="enzyme"/>
      <span end="56129" id="16628246-6958" start="56123">enzyme</span>
    </annotation>
    <annotation annotator="" id="GO_MF_2016_02_16_Instance_102449" type="identity">
      <class id="CHEBI_GO_SO_EXT:enzyme" label="enzyme"/>
      <span end="56354" id="16628246-6960" start="56348">enzyme</span>
    </annotation>
    <annotation annotator="Mike Bada, University of Colorado Anschutz Medical Campus" id="GO_MF_2016_02_16_Instance_17919" type="identity">
      <class id="GO_EXT:0004565" label="bearer of beta-galactosidase activity"/>
      <span end="56683" id="16628246-6974" start="56668">β-galactosidase</span>
    </annotation>
    <graph-space id="Old Knowtator Relations"/>
  </document>
</knowtator-project>
