<?xml version="1.0" encoding="UTF-8" standalone="no"?>
<knowtator-project>
  <document id="16870721" text-file="16870721.txt">
    <annotation annotator="" id="GO_MF_2016_02_16_Instance_102702" type="identity">
      <class id="GO_EXT:recombinase" label="recombinase"/>
      <span end="432" id="16870721-7124" start="421">Recombinase</span>
    </annotation>
    <annotation annotator="" id="GO_MF_2016_02_16_Instance_102704" type="identity">
      <class id="GO_EXT:recombinase" label="recombinase"/>
      <span end="923" id="16870721-7126" start="912">recombinase</span>
    </annotation>
    <annotation annotator="" id="GO_MF_2016_02_16_Instance_102706" type="identity">
      <class id="GO_EXT:recombinase" label="recombinase"/>
      <span end="3550" id="16870721-7128" start="3539">Recombinase</span>
    </annotation>
    <annotation annotator="" id="GO_MF_2016_02_16_Instance_102710" type="identity">
      <class id="GO_EXT:recombinase" label="recombinase"/>
      <span end="3754" id="16870721-7132" start="3743">recombinase</span>
    </annotation>
    <annotation annotator="" id="GO_MF_2016_02_16_Instance_102708" type="identity">
      <class id="GO_EXT:recombinase" label="recombinase"/>
      <span end="3804" id="16870721-7130" start="3793">recombinase</span>
    </annotation>
    <annotation annotator="" id="GO_MF_2016_02_16_Instance_102712" type="identity">
      <class id="GO_PR_EXT:thymidine_kinase" label="thymidine kinase"/>
      <span end="5390" id="16870721-7134" start="5374">Thymidine Kinase</span>
    </annotation>
    <annotation annotator="" id="GO_MF_2016_02_16_Instance_102714" type="identity">
      <class id="CHEBI_GO_EXT:neomycin_or_neomycin_phosphotransferase" label="neomycin or neomycin phosphotransferase"/>
      <span end="10987" id="16870721-7136" start="10984">Neo</span>
    </annotation>
    <annotation annotator="" id="GO_MF_2016_02_16_Instance_102716" type="identity">
      <class id="CHEBI_GO_EXT:peptidase_or_protease_or_proteinase_inhibitor" label="peptidase/protease/proteinase inhibitor"/>
      <span end="12977" id="16870721-7138" start="12958">Protease Inhibitors</span>
    </annotation>
    <annotation annotator="Mike Bada, University of Colorado Anschutz Medical Campus" id="GO_MF_2016_02_16_Instance_10479" type="identity">
      <class id="GO_EXT:0004601" label="bearer of peroxidase activity"/>
      <span end="13589" id="16870721-7144" start="13579">peroxidase</span>
    </annotation>
    <annotation annotator="" id="GO_MF_2016_02_16_Instance_102718" type="identity">
      <class id="GO_PR_EXT:thymidine_kinase" label="thymidine kinase"/>
      <span end="15049" id="16870721-7140" start="15047">TK</span>
    </annotation>
    <annotation annotator="" id="GO_MF_2016_02_16_Instance_102720" type="identity">
      <class id="CHEBI_GO_EXT:neomycin_or_neomycin_phosphotransferase" label="neomycin or neomycin phosphotransferase"/>
      <span end="27338" id="16870721-7142" start="27335">Neo</span>
    </annotation>
    <graph-space id="Old Knowtator Relations"/>
  </document>
</knowtator-project>
