<?xml version="1.0" encoding="UTF-8" standalone="no"?>
<knowtator-project>
    <document id="17022820" text-file="17022820.txt">
        <annotation annotator="" id="GO_MF_2016_02_16_Instance_103028" type="identity">
            <class id="GO_EXT:0004872" label="bearer of receptor activity"/>
            <span end="3274" id="17022820-7251" start="3265">receptors</span>
        </annotation>
        <annotation annotator="" id="GO_MF_2016_02_16_Instance_103031" type="identity">
            <class id="GO_PR_EXT:methylenetetrahydrofolate_reductase" label="methylenetetrahydrofolate reductase"/>
            <span end="3311" id="17022820-7253" start="3276">methylenetetrahydrofalate reductase</span>
        </annotation>
        <annotation annotator="Mike Bada, University of Colorado Anschutz Medical Campus" id="GO_MF_2016_02_16_Instance_10573" type="identity">
            <class id="GO_EXT:0004517" label="bearer of nitric-oxide synthase activity"/>
            <span end="3346" id="17022820-7261" start="3325">nitric oxide synthase</span>
        </annotation>
        <annotation annotator="" id="GO_MF_2016_02_16_Instance_103033" type="identity">
            <class id="CHEBI_GO_EXT:antioxidant" label="antioxidant"/>
            <span end="3363" id="17022820-7255" start="3352">antioxidant</span>
        </annotation>
        <annotation annotator="" id="GO_MF_2016_02_16_Instance_103035" type="identity">
            <class id="CHEBI_GO_SO_EXT:enzyme" label="enzyme"/>
            <span end="3371" id="17022820-7257" start="3364">enzymes</span>
        </annotation>
        <annotation annotator="" id="GO_MF_2016_02_16_Instance_103038" type="identity">
            <class id="GO_PR_EXT:proteinase_activated_receptor" label="proteinase-activated receptor"/>
            <span end="30941" id="17022820-7259" start="30914">protease-activated receptor</span>
        </annotation>
        <annotation annotator="Mike Bada, University of Colorado Anschutz Medical Campus" id="GO_MF_2016_02_16_Instance_10745" type="identity">
            <class id="GO_EXT:0008233" label="bearer of peptidase activity"/>
            <span end="34603" id="17022820-7263" start="34594">proteases</span>
        </annotation>
        <graph-space id="Old Knowtator Relations"/>
    </document>
</knowtator-project>
