<?xml version="1.0" encoding="UTF-8" standalone="no"?>
<knowtator-project>
  <document id="17020410" text-file="17020410.txt">
    <annotation annotator="Mike Bada, University of Colorado Anschutz Medical Campus" id="GO_MF_2016_02_16_Instance_10735" type="identity">
      <class id="GO_EXT:0004386" label="bearer of helicase activity"/>
      <span end="666" id="17020410-7248" start="658">helicase</span>
    </annotation>
    <annotation annotator="" id="GO_MF_2016_02_16_Instance_103005" type="identity">
      <class id="CHEBI_GO_SO_EXT:enzyme" label="enzyme"/>
      <span end="2112" id="17020410-7224" start="2105">enzymes</span>
    </annotation>
    <annotation annotator="Mike Bada, University of Colorado Anschutz Medical Campus" id="GO_MF_2016_02_16_Instance_10725" type="identity">
      <class id="GO_EXT:0004658" label="bearer of propionyl-CoA carboxylase activity"/>
      <span end="2147" id="17020410-7244" start="2123">propinyl-CoA carboxylase</span>
    </annotation>
    <annotation annotator="" id="GO_MF_2016_02_16_Instance_103000" type="identity">
      <class id="GO_PR_EXT:argininosuccinate_lyase" label="argininosuccinate lyase"/>
      <span end="2176" id="17020410-7220" start="2153">argininosuccinate lyase</span>
    </annotation>
    <annotation annotator="" id="GO_MF_2016_02_16_Instance_103003" type="identity">
      <class id="GO_PR_EXT:galactose_1_phosphate_uridylyltransferase" label="galactose-1-phosphate uridylyltransferase"/>
      <span end="2223" id="17020410-7222" start="2182">galactose-1-phosphate uridylyltransferase</span>
    </annotation>
    <annotation annotator="" id="GO_MF_2016_02_16_Instance_103008" type="identity">
      <class id="GO_PR_EXT:methylmalonyl_CoA_mutase" label="methylmalonyl-CoA mutase"/>
      <span end="2257" id="17020410-7226" start="2233">methylmalonyl CoA mutase</span>
    </annotation>
    <annotation annotator="Mike Bada, University of Colorado Anschutz Medical Campus" id="GO_MF_2016_02_16_Instance_10733" type="identity">
      <class id="GO_EXT:0004386" label="bearer of helicase activity"/>
      <span end="2960" id="17020410-7246" start="2952">helicase</span>
    </annotation>
    <annotation annotator="" id="GO_MF_2016_02_16_backup_Instance_407" type="identity">
      <class id="GO_EXT:transcription_factor" label="transcription factor"/>
      <span end="2994" id="17020410-7214" start="2981">transcription</span>
      <span end="3012" id="17020410-7215" start="3006">factor</span>
    </annotation>
    <annotation annotator="" id="GO_MF_2016_02_16_Instance_103012" type="identity">
      <class id="GO_EXT:reverse_transcription_or_reverse_transcriptase" label="reverse transcription or reverse transcriptase"/>
      <span end="5852" id="17020410-7228" start="5850">RT</span>
    </annotation>
    <annotation annotator="" id="GO_MF_2016_02_16_Instance_103014" type="identity">
      <class id="CHEBI_GO_EXT:neomycin_or_neomycin_phosphotransferase" label="neomycin or neomycin phosphotransferase"/>
      <span end="7157" id="17020410-7230" start="7154">neo</span>
    </annotation>
    <annotation annotator="" id="GO_MF_2016_02_16_Instance_103016" type="identity">
      <class id="GO:0097617" label="annealing activity"/>
      <span end="8497" id="17020410-7232" start="8487">hybridised</span>
    </annotation>
    <annotation annotator="" id="GO_MF_2016_02_16_Instance_103022" type="identity">
      <class id="GO_EXT:reverse_transcription_or_reverse_transcriptase" label="reverse transcription or reverse transcriptase"/>
      <span end="8818" id="17020410-7238" start="8816">RT</span>
    </annotation>
    <annotation annotator="" id="GO_MF_2016_02_16_Instance_103018" type="identity">
      <class id="GO:0097617" label="annealing activity"/>
      <span end="8963" id="17020410-7234" start="8952">hybridising</span>
    </annotation>
    <annotation annotator="" id="GO_MF_2016_02_16_Instance_103020" type="identity">
      <class id="GO:0097617" label="annealing activity"/>
      <span end="9262" id="17020410-7236" start="9249">Hybridisation</span>
    </annotation>
    <annotation annotator="" id="GO_MF_2016_02_16_Instance_103024" type="identity">
      <class id="CHEMINF_GO_EXT:chemical_binding_or_bond_formation" label="chemical binding or bond formation"/>
      <span end="28959" id="17020410-7240" start="28954">bound</span>
    </annotation>
    <annotation annotator="Mike Bada, University of Colorado Anschutz Medical Campus" id="GO_MF_2016_02_16_Instance_10721" type="identity">
      <class id="GO_EXT:0004386" label="bearer of helicase activity"/>
      <span end="32124" id="17020410-7242" start="32116">helicase</span>
    </annotation>
    <annotation annotator="" id="GO_MF_2016_02_16_backup_Instance_409" type="identity">
      <class id="GO_EXT:transcription_factor" label="transcription factor"/>
      <span end="37188" id="17020410-7217" start="37175">transcription</span>
      <span end="37206" id="17020410-7218" start="37200">factor</span>
    </annotation>
    <graph-space id="Old Knowtator Relations"/>
  </document>
</knowtator-project>
