<?xml version="1.0" encoding="UTF-8" standalone="no"?>
<knowtator-project>
  <document id="17425782" text-file="17425782.txt">
    <annotation annotator="" id="GO_MF_2016_02_16_backup_Instance_441" type="identity">
      <class id="GO_EXT:transcription_factor" label="transcription factor"/>
      <span end="205" id="17425782-7804" start="185">transcription factor</span>
    </annotation>
    <annotation annotator="Mike Bada, University of Colorado Anschutz Medical Campus" id="GO_MF_2016_02_16_Instance_13065" type="identity">
      <class id="GO_EXT:0015925" label="bearer of galactosidase activity"/>
      <span end="978" id="17425782-7955" start="975">gal</span>
    </annotation>
    <annotation annotator="Mike Bada, University of Colorado Anschutz Medical Campus" id="GO_MF_2016_02_16_Instance_10523" type="identity">
      <class id="GO_EXT:0004871" label="bearer of signal transducer activity"/>
      <span end="2410" id="17425782-7856" start="2399">transducers</span>
      <span end="2429" id="17425782-7857" start="2427">of</span>
      <span end="2450" id="17425782-7858" start="2434">signal intensity</span>
    </annotation>
    <annotation annotator="" id="GO_MF_2016_02_16_Instance_103598" type="identity">
      <class id="CHEMINF_GO_EXT:chemical_binding_or_bond_formation" label="chemical binding or bond formation"/>
      <span end="3743" id="17425782-7812" start="3738">binds</span>
    </annotation>
    <annotation annotator="" id="GO_MF_2016_02_16_Instance_103600" type="identity">
      <class id="GO:0097617" label="annealing activity"/>
      <span end="5283" id="17425782-7814" start="5270">hybridization</span>
    </annotation>
    <annotation annotator="" id="GO_MF_2016_02_16_Instance_103602" type="identity">
      <class id="GO:0097617" label="annealing activity"/>
      <span end="8058" id="17425782-7816" start="8045">hybridization</span>
    </annotation>
    <annotation annotator="" id="GO_MF_2016_02_16_Instance_103604" type="identity">
      <class id="GO:0097617" label="annealing activity"/>
      <span end="12194" id="17425782-7818" start="12181">hybridization</span>
    </annotation>
    <annotation annotator="" id="GO_MF_2016_02_16_Instance_103606" type="identity">
      <class id="GO:0097617" label="annealing activity"/>
      <span end="12552" id="17425782-7820" start="12539">hybridization</span>
    </annotation>
    <annotation annotator="" id="GO_MF_2016_02_16_Instance_103608" type="identity">
      <class id="GO:0097617" label="annealing activity"/>
      <span end="12848" id="17425782-7822" start="12834">hybridizations</span>
    </annotation>
    <annotation annotator="Mike Bada, University of Colorado Anschutz Medical Campus" id="GO_MF_2016_02_16_Instance_13067" type="identity">
      <class id="GO_EXT:0015925" label="bearer of galactosidase activity"/>
      <span end="13274" id="17425782-7957" start="13271">gal</span>
    </annotation>
    <annotation annotator="Mike Bada, University of Colorado Anschutz Medical Campus" id="GO_MF_2016_02_16_Instance_11437" type="identity">
      <class id="GO_EXT:0015925" label="bearer of galactosidase activity"/>
      <span end="13972" id="17425782-7862" start="13969">gal</span>
    </annotation>
    <annotation annotator="Mike Bada, University of Colorado Anschutz Medical Campus" id="GO_MF_2016_02_16_Instance_11439" type="identity">
      <class id="GO_EXT:0015925" label="bearer of galactosidase activity"/>
      <span end="14312" id="17425782-7864" start="14309">gal</span>
    </annotation>
    <annotation annotator="Mike Bada, University of Colorado Anschutz Medical Campus" id="GO_MF_2016_02_16_Instance_11465" type="identity">
      <class id="GO_EXT:0015925" label="bearer of galactosidase activity"/>
      <span end="14541" id="17425782-7866" start="14538">gal</span>
    </annotation>
    <annotation annotator="Mike Bada, University of Colorado Anschutz Medical Campus" id="GO_MF_2016_02_16_Instance_11467" type="identity">
      <class id="GO_EXT:0015925" label="bearer of galactosidase activity"/>
      <span end="14644" id="17425782-7868" start="14641">gal</span>
    </annotation>
    <annotation annotator="Mike Bada, University of Colorado Anschutz Medical Campus" id="GO_MF_2016_02_16_Instance_11469" type="identity">
      <class id="GO_EXT:0015925" label="bearer of galactosidase activity"/>
      <span end="14999" id="17425782-7870" start="14996">gal</span>
    </annotation>
    <annotation annotator="Mike Bada, University of Colorado Anschutz Medical Campus" id="GO_MF_2016_02_16_Instance_11471" type="identity">
      <class id="GO_EXT:0015925" label="bearer of galactosidase activity"/>
      <span end="15537" id="17425782-7872" start="15534">gal</span>
    </annotation>
    <annotation annotator="Mike Bada, University of Colorado Anschutz Medical Campus" id="GO_MF_2016_02_16_Instance_11473" type="identity">
      <class id="GO_EXT:0015925" label="bearer of galactosidase activity"/>
      <span end="15613" id="17425782-7874" start="15610">gal</span>
    </annotation>
    <annotation annotator="Mike Bada, University of Colorado Anschutz Medical Campus" id="GO_MF_2016_02_16_Instance_11475" type="identity">
      <class id="GO_EXT:0015925" label="bearer of galactosidase activity"/>
      <span end="15720" id="17425782-7876" start="15717">gal</span>
    </annotation>
    <annotation annotator="Mike Bada, University of Colorado Anschutz Medical Campus" id="GO_MF_2016_02_16_Instance_11477" type="identity">
      <class id="GO_EXT:0015925" label="bearer of galactosidase activity"/>
      <span end="16079" id="17425782-7878" start="16076">gal</span>
    </annotation>
    <annotation annotator="Mike Bada, University of Colorado Anschutz Medical Campus" id="GO_MF_2016_02_16_Instance_11479" type="identity">
      <class id="GO_EXT:0015925" label="bearer of galactosidase activity"/>
      <span end="16394" id="17425782-7880" start="16391">gal</span>
    </annotation>
    <annotation annotator="Mike Bada, University of Colorado Anschutz Medical Campus" id="GO_MF_2016_02_16_Instance_11481" type="identity">
      <class id="GO_EXT:0004565" label="bearer of beta-galactosidase activity"/>
      <span end="16463" id="17425782-7882" start="16445">beta-galactosidase</span>
    </annotation>
    <annotation annotator="Mike Bada, University of Colorado Anschutz Medical Campus" id="GO_MF_2016_02_16_Instance_13069" type="identity">
      <class id="GO_EXT:0015925" label="bearer of galactosidase activity"/>
      <span end="16509" id="17425782-7959" start="16506">gal</span>
    </annotation>
    <annotation annotator="Mike Bada, University of Colorado Anschutz Medical Campus" id="GO_MF_2016_02_16_Instance_11483" type="identity">
      <class id="GO_EXT:0015925" label="bearer of galactosidase activity"/>
      <span end="16693" id="17425782-7884" start="16690">gal</span>
    </annotation>
    <annotation annotator="Mike Bada, University of Colorado Anschutz Medical Campus" id="GO_MF_2016_02_16_Instance_11485" type="identity">
      <class id="GO_EXT:0015925" label="bearer of galactosidase activity"/>
      <span end="17525" id="17425782-7886" start="17522">gal</span>
    </annotation>
    <annotation annotator="Mike Bada, University of Colorado Anschutz Medical Campus" id="GO_MF_2016_02_16_Instance_11487" type="identity">
      <class id="GO_EXT:0015925" label="bearer of galactosidase activity"/>
      <span end="18252" id="17425782-7888" start="18249">gal</span>
    </annotation>
    <annotation annotator="Mike Bada, University of Colorado Anschutz Medical Campus" id="GO_MF_2016_02_16_Instance_11489" type="identity">
      <class id="GO_EXT:0015925" label="bearer of galactosidase activity"/>
      <span end="18311" id="17425782-7890" start="18308">gal</span>
    </annotation>
    <annotation annotator="Mike Bada, University of Colorado Anschutz Medical Campus" id="GO_MF_2016_02_16_Instance_11491" type="identity">
      <class id="GO_EXT:0015925" label="bearer of galactosidase activity"/>
      <span end="18394" id="17425782-7892" start="18391">gal</span>
    </annotation>
    <annotation annotator="Mike Bada, University of Colorado Anschutz Medical Campus" id="GO_MF_2016_02_16_Instance_11493" type="identity">
      <class id="GO_EXT:0015925" label="bearer of galactosidase activity"/>
      <span end="18870" id="17425782-7894" start="18867">gal</span>
    </annotation>
    <annotation annotator="Mike Bada, University of Colorado Anschutz Medical Campus" id="GO_MF_2016_02_16_Instance_11495" type="identity">
      <class id="GO_EXT:0015925" label="bearer of galactosidase activity"/>
      <span end="18980" id="17425782-7896" start="18977">gal</span>
    </annotation>
    <annotation annotator="Mike Bada, University of Colorado Anschutz Medical Campus" id="GO_MF_2016_02_16_Instance_11497" type="identity">
      <class id="GO_EXT:0015925" label="bearer of galactosidase activity"/>
      <span end="19317" id="17425782-7898" start="19314">gal</span>
    </annotation>
    <annotation annotator="Mike Bada, University of Colorado Anschutz Medical Campus" id="GO_MF_2016_02_16_Instance_11499" type="identity">
      <class id="GO_EXT:0015925" label="bearer of galactosidase activity"/>
      <span end="19356" id="17425782-7900" start="19353">gal</span>
    </annotation>
    <annotation annotator="Mike Bada, University of Colorado Anschutz Medical Campus" id="GO_MF_2016_02_16_Instance_11501" type="identity">
      <class id="GO_EXT:0015925" label="bearer of galactosidase activity"/>
      <span end="20284" id="17425782-7902" start="20281">gal</span>
    </annotation>
    <annotation annotator="Mike Bada, University of Colorado Anschutz Medical Campus" id="GO_MF_2016_02_16_Instance_11535" type="identity">
      <class id="GO_EXT:0004565" label="bearer of beta-galactosidase activity"/>
      <span end="20423" id="17425782-7913" start="20408">β-galactosidase</span>
    </annotation>
    <annotation annotator="Mike Bada, University of Colorado Anschutz Medical Campus" id="GO_MF_2016_02_16_Instance_11503" type="identity">
      <class id="GO_EXT:0015925" label="bearer of galactosidase activity"/>
      <span end="20567" id="17425782-7904" start="20564">gal</span>
    </annotation>
    <annotation annotator="Mike Bada, University of Colorado Anschutz Medical Campus" id="GO_MF_2016_02_16_Instance_11505" type="identity">
      <class id="GO_EXT:0015925" label="bearer of galactosidase activity"/>
      <span end="20742" id="17425782-7906" start="20739">gal</span>
    </annotation>
    <annotation annotator="Mike Bada, University of Colorado Anschutz Medical Campus" id="GO_MF_2016_02_16_Instance_11507" type="identity">
      <class id="GO_EXT:0015925" label="bearer of galactosidase activity"/>
      <span end="20840" id="17425782-7908" start="20837">gal</span>
    </annotation>
    <annotation annotator="Mike Bada, University of Colorado Anschutz Medical Campus" id="GO_MF_2016_02_16_Instance_11559" type="identity">
      <class id="GO_EXT:0015925" label="bearer of galactosidase activity"/>
      <span end="21127" id="17425782-7921" start="21124">gal</span>
    </annotation>
    <annotation annotator="Mike Bada, University of Colorado Anschutz Medical Campus" id="GO_MF_2016_02_16_Instance_11561" type="identity">
      <class id="GO_EXT:0015925" label="bearer of galactosidase activity"/>
      <span end="21327" id="17425782-7923" start="21324">gal</span>
    </annotation>
    <annotation annotator="Mike Bada, University of Colorado Anschutz Medical Campus" id="GO_MF_2016_02_16_Instance_11537" type="identity">
      <class id="GO_EXT:0004565" label="bearer of beta-galactosidase activity"/>
      <span end="21423" id="17425782-7915" start="21405">beta-galactosidase</span>
    </annotation>
    <annotation annotator="Mike Bada, University of Colorado Anschutz Medical Campus" id="GO_MF_2016_02_16_Instance_11563" type="identity">
      <class id="GO_EXT:0015925" label="bearer of galactosidase activity"/>
      <span end="21561" id="17425782-7925" start="21558">gal</span>
    </annotation>
    <annotation annotator="Mike Bada, University of Colorado Anschutz Medical Campus" id="GO_MF_2016_02_16_Instance_11565" type="identity">
      <class id="GO_EXT:0015925" label="bearer of galactosidase activity"/>
      <span end="21718" id="17425782-7927" start="21715">gal</span>
    </annotation>
    <annotation annotator="Mike Bada, University of Colorado Anschutz Medical Campus" id="GO_MF_2016_02_16_Instance_11567" type="identity">
      <class id="GO_EXT:0015925" label="bearer of galactosidase activity"/>
      <span end="21914" id="17425782-7929" start="21911">gal</span>
    </annotation>
    <annotation annotator="Mike Bada, University of Colorado Anschutz Medical Campus" id="GO_MF_2016_02_16_Instance_11569" type="identity">
      <class id="GO_EXT:0015925" label="bearer of galactosidase activity"/>
      <span end="22567" id="17425782-7931" start="22564">gal</span>
    </annotation>
    <annotation annotator="Mike Bada, University of Colorado Anschutz Medical Campus" id="GO_MF_2016_02_16_Instance_11571" type="identity">
      <class id="GO_EXT:0015925" label="bearer of galactosidase activity"/>
      <span end="23024" id="17425782-7933" start="23021">gal</span>
    </annotation>
    <annotation annotator="Mike Bada, University of Colorado Anschutz Medical Campus" id="GO_MF_2016_02_16_Instance_11573" type="identity">
      <class id="GO_EXT:0015925" label="bearer of galactosidase activity"/>
      <span end="23436" id="17425782-7935" start="23433">gal</span>
    </annotation>
    <annotation annotator="" id="GO_MF_2016_02_16_backup_Instance_10" type="identity">
      <class id="GO_EXT:biological_mover_or_transporter" label="biological mover/transporter"/>
      <span end="24357" id="17425782-7802" start="24346">transporter</span>
    </annotation>
    <annotation annotator="Mike Bada, University of Colorado Anschutz Medical Campus" id="GO_MF_2016_02_16_Instance_11539" type="identity">
      <class id="GO_EXT:0008236" label="bearer of serine-type peptidase activity"/>
      <span end="24929" id="17425782-7917" start="24913">serine proteases</span>
    </annotation>
    <annotation annotator="Mike Bada, University of Colorado Anschutz Medical Campus" id="GO_MF_2016_02_16_Instance_11541" type="identity">
      <class id="GO_EXT:0004175" label="bearer of endopeptidase activity"/>
      <span end="25071" id="17425782-7919" start="25058">endopeptidase</span>
    </annotation>
    <annotation annotator="" id="GO_MF_2016_02_16_backup_Instance_443" type="identity">
      <class id="GO_EXT:transcription_factor" label="transcription factor"/>
      <span end="25330" id="17425782-7806" start="25310">transcription factor</span>
    </annotation>
    <annotation annotator="Mike Bada, University of Colorado Anschutz Medical Campus" id="GO_MF_2016_02_16_Instance_11577" type="identity">
      <class id="GO_EXT:0015925" label="bearer of galactosidase activity"/>
      <span end="28325" id="17425782-7937" start="28322">gal</span>
    </annotation>
    <annotation annotator="" id="GO_MF_2016_02_16_Instance_110370" type="identity">
      <class id="GO_MOP_EXT:metal_chelation" label="metal chelation"/>
      <span end="28839" id="17425782-7860" start="28832">chelate</span>
    </annotation>
    <annotation annotator="" id="GO_MF_2016_02_16_backup_Instance_445" type="identity">
      <class id="GO_EXT:transcription_factor" label="transcription factor"/>
      <span end="28929" id="17425782-7808" start="28908">transcription factors</span>
    </annotation>
    <annotation annotator="Mike Bada, University of Colorado Anschutz Medical Campus" id="GO_MF_2016_02_16_Instance_11579" type="identity">
      <class id="GO_EXT:0015925" label="bearer of galactosidase activity"/>
      <span end="30250" id="17425782-7939" start="30247">gal</span>
    </annotation>
    <annotation annotator="Mike Bada, University of Colorado Anschutz Medical Campus" id="GO_MF_2016_02_16_Instance_11581" type="identity">
      <class id="GO_EXT:0015925" label="bearer of galactosidase activity"/>
      <span end="32356" id="17425782-7941" start="32353">gal</span>
    </annotation>
    <annotation annotator="Mike Bada, University of Colorado Anschutz Medical Campus" id="GO_MF_2016_02_16_Instance_11583" type="identity">
      <class id="GO_EXT:0015925" label="bearer of galactosidase activity"/>
      <span end="32984" id="17425782-7943" start="32981">gal</span>
    </annotation>
    <annotation annotator="Mike Bada, University of Colorado Anschutz Medical Campus" id="GO_MF_2016_02_16_Instance_11515" type="identity">
      <class id="GO_EXT:0004871" label="bearer of signal transducer activity"/>
      <span end="34526" id="17425782-7910" start="34512">transducers of</span>
      <span end="34540" id="17425782-7911" start="34531">signaling</span>
    </annotation>
    <annotation annotator="Mike Bada, University of Colorado Anschutz Medical Campus" id="GO_MF_2016_02_16_Instance_11585" type="identity">
      <class id="GO_EXT:0015925" label="bearer of galactosidase activity"/>
      <span end="34603" id="17425782-7945" start="34600">gal</span>
    </annotation>
    <annotation annotator="" id="GO_MF_2016_02_16_backup_Instance_447" type="identity">
      <class id="GO_EXT:transcription_factor" label="transcription factor"/>
      <span end="35192" id="17425782-7810" start="35172">transcription-factor</span>
    </annotation>
    <annotation annotator="" id="GO_MF_2016_02_16_Instance_103618" type="identity">
      <class id="GO:0097617" label="annealing activity"/>
      <span end="38833" id="17425782-7824" start="38820">hybridization</span>
    </annotation>
    <annotation annotator="" id="GO_MF_2016_02_16_Instance_103620" type="identity">
      <class id="GO:0097617" label="annealing activity"/>
      <span end="38868" id="17425782-7826" start="38855">hybridization</span>
    </annotation>
    <annotation annotator="" id="GO_MF_2016_02_16_Instance_103622" type="identity">
      <class id="GO_PR_EXT:glutathione_S_transferase" label="glutathione S-transferase"/>
      <span end="39455" id="17425782-7828" start="39452">GST</span>
    </annotation>
    <annotation annotator="" id="GO_MF_2016_02_16_Instance_103634" type="identity">
      <class id="GO_PR_EXT:glutathione_S_transferase" label="glutathione S-transferase"/>
      <span end="39470" id="17425782-7840" start="39467">GST</span>
    </annotation>
    <annotation annotator="" id="GO_MF_2016_02_16_Instance_103636" type="identity">
      <class id="CHEMINF_GO_EXT:chemical_binding_or_bond_formation" label="chemical binding or bond formation"/>
      <span end="39703" id="17425782-7842" start="39699">bind</span>
    </annotation>
    <annotation annotator="" id="GO_MF_2016_02_16_Instance_103626" type="identity">
      <class id="GO_PR_EXT:glutathione_S_transferase" label="glutathione S-transferase"/>
      <span end="39714" id="17425782-7832" start="39711">GST</span>
    </annotation>
    <annotation annotator="" id="GO_MF_2016_02_16_Instance_103624" type="identity">
      <class id="GO_PR_EXT:glutathione_S_transferase" label="glutathione S-transferase"/>
      <span end="39767" id="17425782-7830" start="39764">GST</span>
    </annotation>
    <annotation annotator="" id="GO_MF_2016_02_16_Instance_103628" type="identity">
      <class id="GO_PR_EXT:glutathione_S_transferase" label="glutathione S-transferase"/>
      <span end="39842" id="17425782-7834" start="39839">GST</span>
    </annotation>
    <annotation annotator="" id="GO_MF_2016_02_16_Instance_103640" type="identity">
      <class id="CHEMINF_GO_EXT:chemical_binding_or_bond_formation" label="chemical binding or bond formation"/>
      <span end="39878" id="17425782-7846" start="39874">bind</span>
    </annotation>
    <annotation annotator="" id="GO_MF_2016_02_16_Instance_103630" type="identity">
      <class id="GO_PR_EXT:glutathione_S_transferase" label="glutathione S-transferase"/>
      <span end="39889" id="17425782-7836" start="39886">GST</span>
    </annotation>
    <annotation annotator="" id="GO_MF_2016_02_16_Instance_103632" type="identity">
      <class id="GO_PR_EXT:glutathione_S_transferase" label="glutathione S-transferase"/>
      <span end="39903" id="17425782-7838" start="39900">GST</span>
    </annotation>
    <annotation annotator="" id="GO_MF_2016_02_16_Instance_103638" type="identity">
      <class id="CHEMINF_GO_EXT:chemical_binding_or_bond_formation" label="chemical binding or bond formation"/>
      <span end="39952" id="17425782-7844" start="39947">bound</span>
    </annotation>
    <annotation annotator="Mike Bada, University of Colorado Anschutz Medical Campus" id="GO_MF_2016_02_16_Instance_11603" type="identity">
      <class id="GO_EXT:0015925" label="bearer of galactosidase activity"/>
      <span end="40159" id="17425782-7947" start="40156">gal</span>
    </annotation>
    <annotation annotator="Mike Bada, University of Colorado Anschutz Medical Campus" id="GO_MF_2016_02_16_Instance_11605" type="identity">
      <class id="GO_EXT:0004565" label="bearer of beta-galactosidase activity"/>
      <span end="40362" id="17425782-7949" start="40347">β-galactosidase</span>
    </annotation>
    <annotation annotator="Mike Bada, University of Colorado Anschutz Medical Campus" id="GO_MF_2016_02_16_Instance_11607" type="identity">
      <class id="GO_EXT:0004565" label="bearer of beta-galactosidase activity"/>
      <span end="40483" id="17425782-7951" start="40478">β-Gal</span>
    </annotation>
    <annotation annotator="Mike Bada, University of Colorado Anschutz Medical Campus" id="GO_MF_2016_02_16_Instance_11609" type="identity">
      <class id="GO_EXT:0004565" label="bearer of beta-galactosidase activity"/>
      <span end="40525" id="17425782-7953" start="40520">β-Gal</span>
    </annotation>
    <annotation annotator="" id="GO_MF_2016_02_16_Instance_103642" type="identity">
      <class id="CHEBI_GO_SO_EXT:enzyme" label="enzyme"/>
      <span end="40539" id="17425782-7848" start="40533">Enzyme</span>
    </annotation>
    <annotation annotator="" id="GO_MF_2016_02_16_Instance_103644" type="identity">
      <class id="GO:0097617" label="annealing activity"/>
      <span end="41202" id="17425782-7850" start="41192">hybridized</span>
    </annotation>
    <annotation annotator="" id="GO_MF_2016_02_16_Instance_103646" type="identity">
      <class id="GO_PR_EXT:deoxyribonuclease_I" label="deoxyribonuclease I"/>
      <span end="42166" id="17425782-7852" start="42160">DNAse1</span>
    </annotation>
    <annotation annotator="" id="GO_MF_2016_02_16_Instance_103648" type="identity">
      <class id="GO:0097617" label="annealing activity"/>
      <span end="43529" id="17425782-7854" start="43515">hybridizations</span>
    </annotation>
    <annotation annotator="Mike Bada, University of Colorado Anschutz Medical Campus" id="GO_MF_2016_02_16_Instance_13071" type="identity">
      <class id="GO_EXT:0015925" label="bearer of galactosidase activity"/>
      <span end="43691" id="17425782-7961" start="43688">Gal</span>
    </annotation>
    <graph-space id="Old Knowtator Relations"/>
  </document>
</knowtator-project>
