<?xml version="1.0" encoding="UTF-8" standalone="no"?>
<knowtator-project>
  <document id="17447844" text-file="17447844.txt">
    <annotation annotator="" id="GO_MF_2016_02_16_Instance_103650" type="identity">
      <class id="CHEMINF_GO_EXT:chemical_binding_or_bond_formation" label="chemical binding or bond formation"/>
      <span end="6908" id="17447844-7965" start="6901">binding</span>
    </annotation>
    <annotation annotator="Mike Bada, University of Colorado Anschutz Medical Campus" id="GO_MF_2016_02_16_Instance_11625" type="identity">
      <class id="GO_EXT:0003964" label="bearer of RNA-directed DNA polymerase activity"/>
      <span end="10064" id="17447844-8071" start="10043">reverse transcriptase</span>
    </annotation>
    <annotation annotator="" id="GO_MF_2016_02_16_Instance_103652" type="identity">
      <class id="GO_EXT:reverse_transcription_or_reverse_transcriptase" label="reverse transcription or reverse transcriptase"/>
      <span end="10068" id="17447844-7967" start="10066">RT</span>
    </annotation>
    <annotation annotator="" id="GO_MF_2016_02_16_Instance_103654" type="identity">
      <class id="GO_EXT:reverse_transcription_or_reverse_transcriptase" label="reverse transcription or reverse transcriptase"/>
      <span end="10566" id="17447844-7969" start="10564">RT</span>
    </annotation>
    <annotation annotator="" id="GO_MF_2016_02_16_Instance_103656" type="identity">
      <class id="GO_EXT:recombinase" label="recombinase"/>
      <span end="14287" id="17447844-7971" start="14276">recombinase</span>
    </annotation>
    <annotation annotator="" id="GO_MF_2016_02_16_Instance_103658" type="identity">
      <class id="CHEBI_GO_EXT:neomycin_or_neomycin_phosphotransferase" label="neomycin or neomycin phosphotransferase"/>
      <span end="14373" id="17447844-7973" start="14370">neo</span>
    </annotation>
    <annotation annotator="" id="GO_MF_2016_02_16_Instance_103660" type="identity">
      <class id="CHEBI_GO_EXT:neomycin_or_neomycin_phosphotransferase" label="neomycin or neomycin phosphotransferase"/>
      <span end="14976" id="17447844-7975" start="14973">neo</span>
    </annotation>
    <annotation annotator="" id="GO_MF_2016_02_16_Instance_103663" type="identity">
      <class id="GO_PR_EXT:androgen_receptor" label="androgen receptor"/>
      <span end="24385" id="17447844-7977" start="24368">androgen receptor</span>
    </annotation>
    <annotation annotator="" id="GO_MF_2016_02_16_Instance_103665" type="identity">
      <class id="GO:0097617" label="annealing activity"/>
      <span end="31009" id="17447844-7979" start="30996">hybridization</span>
    </annotation>
    <annotation annotator="" id="GO_MF_2016_02_16_Instance_103669" type="identity">
      <class id="GO_EXT:0001055" label="bearer of RNA polymerase II activity"/>
      <span end="31052" id="17447844-7983" start="31035">RNA polymerase II</span>
    </annotation>
    <annotation annotator="" id="GO_MF_2016_02_16_Instance_103667" type="identity">
      <class id="GO:0097617" label="annealing activity"/>
      <span end="31246" id="17447844-7981" start="31233">hybridization</span>
    </annotation>
    <annotation annotator="" id="GO_MF_2016_02_16_Instance_103671" type="identity">
      <class id="GO:0097617" label="annealing activity"/>
      <span end="32604" id="17447844-7985" start="32591">hybridization</span>
    </annotation>
    <annotation annotator="" id="GO_MF_2016_02_16_Instance_103673" type="identity">
      <class id="GO:0097617" label="annealing activity"/>
      <span end="33808" id="17447844-7987" start="33795">hybridization</span>
    </annotation>
    <annotation annotator="" id="GO_MF_2016_02_16_Instance_103675" type="identity">
      <class id="GO:0097617" label="annealing activity"/>
      <span end="38565" id="17447844-7989" start="38552">hybridization</span>
    </annotation>
    <annotation annotator="Mike Bada, University of Colorado Anschutz Medical Campus" id="GO_MF_2016_02_16_Instance_11661" type="identity">
      <class id="GO_EXT:0042054" label="bearer of histone methyltransferase activity"/>
      <span end="40312" id="17447844-8075" start="40286">histone methyl transferase</span>
    </annotation>
    <annotation annotator="Mike Bada, University of Colorado Anschutz Medical Campus" id="GO_MF_2016_02_16_Instance_11663" type="identity">
      <class id="GO_EXT:0004872" label="bearer of receptor activity"/>
      <span end="40352" id="17447844-8077" start="40344">receptor</span>
    </annotation>
    <annotation annotator="" id="GO_MF_2016_02_16_Instance_103677" type="identity">
      <class id="GO_EXT:phosphoglycerate_kinase" label="phosphoglycerate kinase"/>
      <span end="44688" id="17447844-7991" start="44685">Pgk</span>
    </annotation>
    <annotation annotator="" id="GO_MF_2016_02_16_Instance_103681" type="identity">
      <class id="CHEBI_GO_EXT:neomycin_or_neomycin_phosphotransferase" label="neomycin or neomycin phosphotransferase"/>
      <span end="44692" id="17447844-7995" start="44689">neo</span>
    </annotation>
    <annotation annotator="" id="GO_MF_2016_02_16_Instance_103679" type="identity">
      <class id="GO_EXT:phosphoglycerate_kinase" label="phosphoglycerate kinase"/>
      <span end="44854" id="17447844-7993" start="44851">Pgk</span>
    </annotation>
    <annotation annotator="" id="GO_MF_2016_02_16_Instance_103683" type="identity">
      <class id="CHEBI_GO_EXT:neomycin_or_neomycin_phosphotransferase" label="neomycin or neomycin phosphotransferase"/>
      <span end="44858" id="17447844-7997" start="44855">neo</span>
    </annotation>
    <annotation annotator="" id="GO_MF_2016_02_16_Instance_103685" type="identity">
      <class id="GO:0097617" label="annealing activity"/>
      <span end="45443" id="17447844-7999" start="45430">hybridization</span>
    </annotation>
    <annotation annotator="" id="GO_MF_2016_02_16_Instance_103687" type="identity">
      <class id="GO:0097617" label="annealing activity"/>
      <span end="45647" id="17447844-8001" start="45634">hybridization</span>
    </annotation>
    <annotation annotator="" id="GO_MF_2016_02_16_Instance_103689" type="identity">
      <class id="GO:0097617" label="annealing activity"/>
      <span end="45682" id="17447844-8003" start="45669">hybridization</span>
    </annotation>
    <annotation annotator="" id="GO_MF_2016_02_16_Instance_103693" type="identity">
      <class id="CHEBI_GO_EXT:neomycin_or_neomycin_phosphotransferase" label="neomycin or neomycin phosphotransferase"/>
      <span end="45848" id="17447844-8007" start="45845">neo</span>
    </annotation>
    <annotation annotator="" id="GO_MF_2016_02_16_Instance_103695" type="identity">
      <class id="CHEBI_GO_EXT:neomycin_or_neomycin_phosphotransferase" label="neomycin or neomycin phosphotransferase"/>
      <span end="45999" id="17447844-8009" start="45996">neo</span>
    </annotation>
    <annotation annotator="" id="GO_MF_2016_02_16_Instance_103691" type="identity">
      <class id="CHEBI_GO_EXT:neomycin_or_neomycin_phosphotransferase" label="neomycin or neomycin phosphotransferase"/>
      <span end="46016" id="17447844-8005" start="46013">neo</span>
    </annotation>
    <annotation annotator="" id="GO_MF_2016_02_16_Instance_103697" type="identity">
      <class id="GO_EXT:reverse_transcription_or_reverse_transcriptase" label="reverse transcription or reverse transcriptase"/>
      <span end="46237" id="17447844-8011" start="46235">RT</span>
    </annotation>
    <annotation annotator="" id="GO_MF_2016_02_16_Instance_103699" type="identity">
      <class id="GO:0097617" label="annealing activity"/>
      <span end="46481" id="17447844-8013" start="46472">annealing</span>
    </annotation>
    <annotation annotator="" id="GO_MF_2016_02_16_Instance_103701" type="identity">
      <class id="GO:0097617" label="annealing activity"/>
      <span end="46582" id="17447844-8015" start="46573">annealing</span>
    </annotation>
    <annotation annotator="" id="GO_MF_2016_02_16_Instance_103703" type="identity">
      <class id="GO:0097617" label="annealing activity"/>
      <span end="46686" id="17447844-8017" start="46677">annealing</span>
    </annotation>
    <annotation annotator="" id="GO_MF_2016_02_16_Instance_103707" type="identity">
      <class id="GO_EXT:reverse_transcription_or_reverse_transcriptase" label="reverse transcription or reverse transcriptase"/>
      <span end="46711" id="17447844-8021" start="46709">RT</span>
    </annotation>
    <annotation annotator="" id="GO_MF_2016_02_16_Instance_103705" type="identity">
      <class id="GO:0097617" label="annealing activity"/>
      <span end="46811" id="17447844-8019" start="46802">annealing</span>
    </annotation>
    <annotation annotator="Mike Bada, University of Colorado Anschutz Medical Campus" id="GO_MF_2016_02_16_Instance_11665" type="identity">
      <class id="GO_EXT:0008233" label="bearer of peptidase activity"/>
      <span end="47818" id="17447844-8079" start="47808">proteinase</span>
    </annotation>
    <annotation annotator="" id="GO_MF_2016_02_16_Instance_103709" type="identity">
      <class id="GO_PR_EXT:glutathione_S_transferase" label="glutathione S-transferase"/>
      <span end="48606" id="17447844-8023" start="48581">glutathione-S-transferase</span>
    </annotation>
    <annotation annotator="" id="GO_MF_2016_02_16_Instance_103711" type="identity">
      <class id="GO_PR_EXT:glutathione_S_transferase" label="glutathione S-transferase"/>
      <span end="48611" id="17447844-8025" start="48608">GST</span>
    </annotation>
    <annotation annotator="" id="GO_MF_2016_02_16_Instance_103713" type="identity">
      <class id="GO_PR_EXT:glutathione_S_transferase" label="glutathione S-transferase"/>
      <span end="48680" id="17447844-8027" start="48677">GST</span>
    </annotation>
    <annotation annotator="" id="GO_MF_2016_02_16_Instance_103715" type="identity">
      <class id="GO_PR_EXT:glutathione_S_transferase" label="glutathione S-transferase"/>
      <span end="48700" id="17447844-8029" start="48697">GST</span>
    </annotation>
    <annotation annotator="" id="GO_MF_2016_02_16_Instance_103717" type="identity">
      <class id="GO_PR_EXT:glutathione_S_transferase" label="glutathione S-transferase"/>
      <span end="48769" id="17447844-8031" start="48766">GST</span>
    </annotation>
    <annotation annotator="" id="GO_MF_2016_02_16_Instance_103719" type="identity">
      <class id="GO_PR_EXT:androgen_receptor" label="androgen receptor"/>
      <span end="49822" id="17447844-8033" start="49820">AR</span>
    </annotation>
    <annotation annotator="" id="GO_MF_2016_02_16_Instance_103721" type="identity">
      <class id="CHEBI_GO_EXT:neomycin_or_neomycin_phosphotransferase" label="neomycin or neomycin phosphotransferase"/>
      <span end="51695" id="17447844-8035" start="51692">neo</span>
    </annotation>
    <annotation annotator="" id="GO_MF_2016_02_16_Instance_103725" type="identity">
      <class id="GO_EXT:recombinase" label="recombinase"/>
      <span end="51896" id="17447844-8039" start="51885">recombinase</span>
    </annotation>
    <annotation annotator="" id="GO_MF_2016_02_16_Instance_103729" type="identity">
      <class id="CHEBI_GO_EXT:neomycin_or_neomycin_phosphotransferase" label="neomycin or neomycin phosphotransferase"/>
      <span end="51962" id="17447844-8043" start="51959">neo</span>
    </annotation>
    <annotation annotator="" id="GO_MF_2016_02_16_Instance_103723" type="identity">
      <class id="GO_EXT:recombinase" label="recombinase"/>
      <span end="52028" id="17447844-8037" start="52017">recombinase</span>
    </annotation>
    <annotation annotator="" id="GO_MF_2016_02_16_Instance_140030" type="identity">
      <class id="CHEBI_GO_EXT:neomycin_or_neomycin_phosphotransferase" label="neomycin or neomycin phosphotransferase"/>
      <span end="52113" id="17447844-8081" start="52110">neo</span>
    </annotation>
    <annotation annotator="" id="GO_MF_2016_02_16_Instance_103731" type="identity">
      <class id="CHEBI_GO_EXT:neomycin_or_neomycin_phosphotransferase" label="neomycin or neomycin phosphotransferase"/>
      <span end="52190" id="17447844-8045" start="52187">neo</span>
    </annotation>
    <annotation annotator="" id="GO_MF_2016_02_16_Instance_103727" type="identity">
      <class id="GO_EXT:recombinase" label="recombinase"/>
      <span end="52248" id="17447844-8041" start="52237">recombinase</span>
    </annotation>
    <annotation annotator="" id="GO_MF_2016_02_16_Instance_103733" type="identity">
      <class id="CHEBI_GO_EXT:neomycin_or_neomycin_phosphotransferase" label="neomycin or neomycin phosphotransferase"/>
      <span end="52264" id="17447844-8047" start="52261">neo</span>
    </annotation>
    <annotation annotator="" id="GO_MF_2016_02_16_Instance_103735" type="identity">
      <class id="GO:0097617" label="annealing activity"/>
      <span end="52475" id="17447844-8049" start="52465">hybridizes</span>
    </annotation>
    <annotation annotator="" id="GO_MF_2016_02_16_Instance_103737" type="identity">
      <class id="GO:0097617" label="annealing activity"/>
      <span end="52563" id="17447844-8051" start="52553">hybridizes</span>
    </annotation>
    <annotation annotator="" id="GO_MF_2016_02_16_Instance_103739" type="identity">
      <class id="GO_PR_EXT:androgen_receptor" label="androgen receptor"/>
      <span end="52988" id="17447844-8053" start="52971">Androgen Receptor</span>
    </annotation>
    <annotation annotator="" id="GO_MF_2016_02_16_Instance_103741" type="identity">
      <class id="GO_PR_EXT:androgen_receptor" label="androgen receptor"/>
      <span end="53105" id="17447844-8055" start="53088">androgen receptor</span>
    </annotation>
    <annotation annotator="" id="GO_MF_2016_02_16_Instance_103743" type="identity">
      <class id="GO_PR_EXT:androgen_receptor" label="androgen receptor"/>
      <span end="53227" id="17447844-8057" start="53210">androgen receptor</span>
    </annotation>
    <annotation annotator="" id="GO_MF_2016_02_16_Instance_103745" type="identity">
      <class id="GO_PR_EXT:androgen_receptor" label="androgen receptor"/>
      <span end="53414" id="17447844-8059" start="53412">AR</span>
    </annotation>
    <annotation annotator="" id="GO_MF_2016_02_16_Instance_103747" type="identity">
      <class id="GO_PR_EXT:androgen_receptor" label="androgen receptor"/>
      <span end="53433" id="17447844-8061" start="53416">androgen receptor</span>
    </annotation>
    <annotation annotator="" id="GO_MF_2016_02_16_Instance_103749" type="identity">
      <class id="GO:0097617" label="annealing activity"/>
      <span end="55340" id="17447844-8063" start="55327">hybridization</span>
    </annotation>
    <annotation annotator="" id="GO_MF_2016_02_16_Instance_103751" type="identity">
      <class id="GO_PR_EXT:glutathione_S_transferase" label="glutathione S-transferase"/>
      <span end="55345" id="17447844-8065" start="55342">GST</span>
    </annotation>
    <annotation annotator="" id="GO_MF_2016_02_16_Instance_103753" type="identity">
      <class id="GO_PR_EXT:glutathione_S_transferase" label="glutathione S-transferase"/>
      <span end="55373" id="17447844-8067" start="55348">glutathione-S-transferase</span>
    </annotation>
    <annotation annotator="" id="GO_MF_2016_02_16_Instance_103755" type="identity">
      <class id="GO_EXT:reverse_transcription_or_reverse_transcriptase" label="reverse transcription or reverse transcriptase"/>
      <span end="55547" id="17447844-8069" start="55545">RT</span>
    </annotation>
    <annotation annotator="Mike Bada, University of Colorado Anschutz Medical Campus" id="GO_MF_2016_02_16_Instance_11627" type="identity">
      <class id="GO_EXT:0003964" label="bearer of RNA-directed DNA polymerase activity"/>
      <span end="55575" id="17447844-8073" start="55554">reverse transcriptase</span>
    </annotation>
    <graph-space id="Old Knowtator Relations"/>
  </document>
</knowtator-project>
