<?xml version="1.0" encoding="UTF-8" standalone="no"?>
<knowtator-project>
  <document id="17590087" text-file="17590087.txt">
    <annotation annotator="" id="GO_MF_2016_02_16_Instance_103916" type="identity">
      <class id="GO_EXT:0005220" label="bearer of inositol 1,4,5-trisphosphate-sensitive calcium-release channel activity"/>
      <span end="545" id="17590087-8090" start="509">inositol 1,4,5-triphosphate receptor</span>
    </annotation>
    <annotation annotator="Mike Bada, University of Colorado Anschutz Medical Campus" id="GO_MF_2016_02_16_Instance_12113" type="identity">
      <class id="GO_EXT:0005216" label="bearer of ion channel activity"/>
      <span end="3706" id="17590087-8110" start="3695">ion channel</span>
    </annotation>
    <annotation annotator="" id="GO_MF_2016_02_16_Instance_103918" type="identity">
      <class id="GO_EXT:0005220" label="bearer of inositol 1,4,5-trisphosphate-sensitive calcium-release channel activity"/>
      <span end="4794" id="17590087-8092" start="4758">inositol 1,4,5-triphosphate receptor</span>
    </annotation>
    <annotation annotator="Mike Bada, University of Colorado Anschutz Medical Campus" id="GO_MF_2016_02_16_Instance_17463" type="identity">
      <class id="GO_EXT:0008484" label="bearer of sulfuric ester hydrolase activity"/>
      <span end="11432" id="17590087-8112" start="11423">sulfatase</span>
    </annotation>
    <annotation annotator="Mike Bada, University of Colorado Anschutz Medical Campus" id="GO_MF_2016_02_16_Instance_10133" type="identity">
      <class id="GO_EXT:0008484" label="bearer of sulfuric ester hydrolase activity"/>
      <span end="11573" id="17590087-8086" start="11564">sulfatase</span>
    </annotation>
    <annotation annotator="Mike Bada, University of Colorado Anschutz Medical Campus" id="GO_MF_2016_02_16_Instance_10195" type="identity">
      <class id="GO_EXT:0008484" label="bearer of sulfuric ester hydrolase activity"/>
      <span end="11792" id="17590087-8088" start="11783">sulfatase</span>
    </annotation>
    <annotation annotator="" id="GO_MF_2016_02_16_Instance_103920" type="identity">
      <class id="CHEMINF_GO_EXT:chemical_binding_or_bond_formation" label="chemical binding or bond formation"/>
      <span end="12545" id="17590087-8094" start="12538">binding</span>
    </annotation>
    <annotation annotator="" id="GO_MF_2016_02_16_Instance_110270" type="identity">
      <class id="GO_EXT:0004691" label="bearer of cAMP-dependent protein kinase activity"/>
      <span end="12649" id="17590087-8106" start="12633">protein kinase A</span>
    </annotation>
    <annotation annotator="" id="GO_MF_2016_02_16_Instance_103924" type="identity">
      <class id="CHEMINF_GO_EXT:chemical_binding_or_bond_formation" label="chemical binding or bond formation"/>
      <span end="12690" id="17590087-8098" start="12683">binding</span>
    </annotation>
    <annotation annotator="Mike Bada, University of Colorado Anschutz Medical Campus" id="GO_MF_2016_02_16_Instance_11113" type="identity">
      <class id="GO_EXT:0005262" label="bearer of calcium channel activity"/>
      <span end="12730" id="17590087-8108" start="12717">Ca2+ channels</span>
    </annotation>
    <annotation annotator="" id="GO_MF_2016_02_16_Instance_103922" type="identity">
      <class id="CHEMINF_GO_EXT:chemical_binding_or_bond_formation" label="chemical binding or bond formation"/>
      <span end="12804" id="17590087-8096" start="12797">binding</span>
    </annotation>
    <annotation annotator="" id="GO_MF_2016_02_16_Instance_103926" type="identity">
      <class id="CHEBI_GO_EXT:peptidase_or_protease_or_proteinase_inhibitor" label="peptidase/protease/proteinase inhibitor"/>
      <span end="17696" id="17590087-8100" start="17677">protease inhibitors</span>
    </annotation>
    <annotation annotator="" id="GO_MF_2016_02_16_Instance_103928" type="identity">
      <class id="GO_EXT:biological_mover_or_transporter" label="biological mover/transporter"/>
      <span end="18860" id="17590087-8102" start="18853">carrier</span>
    </annotation>
    <annotation annotator="" id="GO_MF_2016_02_16_Instance_103930" type="identity">
      <class id="CHEBI_GO_EXT:peptidase_or_protease_or_proteinase_inhibitor" label="peptidase/protease/proteinase inhibitor"/>
      <span end="24451" id="17590087-8104" start="24432">protease inhibitors</span>
    </annotation>
    <graph-space id="Old Knowtator Relations"/>
  </document>
</knowtator-project>
