<?xml version="1.0" encoding="UTF-8" standalone="no"?>
<knowtator-project>
  <document id="17696610" text-file="17696610.txt">
    <annotation annotator="Mike Bada, University of Colorado Anschutz Medical Campus" id="GO_MF_2016_02_16_Instance_12365" type="identity">
      <class id="GO_EXT:0016887" label="bearer of ATPase activity"/>
      <span end="5697" id="17696610-8275" start="5691">ATPase</span>
    </annotation>
    <annotation annotator="Mike Bada, University of Colorado Anschutz Medical Campus" id="GO_MF_2016_02_16_Instance_12369" type="identity">
      <class id="GO_EXT:0004887" label="bearer of thyroid hormone receptor activity"/>
      <span end="6687" id="17696610-8277" start="6663">thyroid hormone receptor</span>
    </annotation>
    <annotation annotator="Mike Bada, University of Colorado Anschutz Medical Campus" id="GO_MF_2016_02_16_Instance_12371" type="identity">
      <class id="GO_EXT:0003964" label="bearer of RNA-directed DNA polymerase activity"/>
      <span end="7096" id="17696610-8279" start="7075">reverse-transcriptase</span>
    </annotation>
    <annotation annotator="" id="GO_MF_2016_02_16_Instance_110170" type="identity">
      <class id="GO_EXT:reverse_transcription_or_reverse_transcriptase" label="reverse transcription or reverse transcriptase"/>
      <span end="7104" id="17696610-8249" start="7102">RT</span>
    </annotation>
    <annotation annotator="" id="GO_MF_2016_02_16_Instance_110172" type="identity">
      <class id="GO_EXT:reverse_transcription_or_reverse_transcriptase" label="reverse transcription or reverse transcriptase"/>
      <span end="8392" id="17696610-8251" start="8390">RT</span>
    </annotation>
    <annotation annotator="" id="GO_MF_2016_02_16_Instance_110174" type="identity">
      <class id="GO_EXT:reverse_transcription_or_reverse_transcriptase" label="reverse transcription or reverse transcriptase"/>
      <span end="11162" id="17696610-8253" start="11160">RT</span>
    </annotation>
    <annotation annotator="Mike Bada, University of Colorado Anschutz Medical Campus" id="GO_MF_2016_02_16_Instance_12379" type="identity">
      <class id="GO_EXT:0004386" label="bearer of helicase activity"/>
      <span end="20992" id="17696610-8281" start="20984">helicase</span>
    </annotation>
    <annotation annotator="" id="GO_MF_2016_02_16_Instance_110176" type="identity">
      <class id="CHEMINF_GO_EXT:chemical_binding_or_bond_formation" label="chemical binding or bond formation"/>
      <span end="21487" id="17696610-8255" start="21482">binds</span>
    </annotation>
    <annotation annotator="" id="GO_MF_2016_02_16_Instance_110180" type="identity">
      <class id="CHEMINF_GO_EXT:chemical_binding_or_bond_formation" label="chemical binding or bond formation"/>
      <span end="21777" id="17696610-8259" start="21770">binding</span>
    </annotation>
    <annotation annotator="" id="GO_MF_2016_02_16_Instance_110178" type="identity">
      <class id="CHEMINF_GO_EXT:chemical_binding_or_bond_formation" label="chemical binding or bond formation"/>
      <span end="21925" id="17696610-8257" start="21921">bind</span>
    </annotation>
    <annotation annotator="" id="GO_MF_2016_02_16_Instance_150018" type="identity">
      <class id="CHEBI_GO_EXT:phosphoprotein_phosphatase_inhibitor" label="phosphoprotein phosphatase inhibitor"/>
      <span end="24759" id="17696610-8303" start="24730">protein phosphatase inhibitor</span>
    </annotation>
    <annotation annotator="" id="GO_MF_2016_02_16_Instance_110183" type="identity">
      <class id="CHEMINF_GO_EXT:chemical_binding_or_bond_formation" label="chemical binding or bond formation"/>
      <span end="28301" id="17696610-8261" start="28296">bound</span>
    </annotation>
    <annotation annotator="Mike Bada, University of Colorado Anschutz Medical Campus" id="GO_MF_2016_02_16_Instance_12393" type="identity">
      <class id="GO_EXT:0016887" label="bearer of ATPase activity"/>
      <span end="34215" id="17696610-8283" start="34209">ATPase</span>
    </annotation>
    <annotation annotator="Mike Bada, University of Colorado Anschutz Medical Campus" id="GO_MF_2016_02_16_Instance_12395" type="identity">
      <class id="GO_EXT:0016887" label="bearer of ATPase activity"/>
      <span end="34250" id="17696610-8285" start="34244">ATPase</span>
    </annotation>
    <annotation annotator="Mike Bada, University of Colorado Anschutz Medical Campus" id="GO_MF_2016_02_16_Instance_12397" type="identity">
      <class id="GO_EXT:0004887" label="bearer of thyroid hormone receptor activity"/>
      <span end="35946" id="17696610-8287" start="35930">thyroid receptor</span>
    </annotation>
    <annotation annotator="Mike Bada, University of Colorado Anschutz Medical Campus" id="GO_MF_2016_02_16_Instance_12399" type="identity">
      <class id="GO_EXT:0004872" label="bearer of receptor activity"/>
      <span end="36660" id="17696610-8289" start="36652">receptor</span>
    </annotation>
    <annotation annotator="Mike Bada, University of Colorado Anschutz Medical Campus" id="GO_MF_2016_02_16_Instance_12401" type="identity">
      <class id="GO_EXT:0042054" label="bearer of histone methyltransferase activity"/>
      <span end="38164" id="17696610-8291" start="38139">histone methyltransferase</span>
    </annotation>
    <annotation annotator="" id="GO_MF_2016_02_16_Instance_110185" type="identity">
      <class id="GO_EXT:reverse_transcription_or_reverse_transcriptase" label="reverse transcription or reverse transcriptase"/>
      <span end="39657" id="17696610-8263" start="39655">RT</span>
    </annotation>
    <annotation annotator="" id="GO_MF_2016_02_16_Instance_110187" type="identity">
      <class id="GO_EXT:beta_geo" label="beta-geo"/>
      <span end="40033" id="17696610-8265" start="40029">βgeo</span>
    </annotation>
    <annotation annotator="Mike Bada, University of Colorado Anschutz Medical Campus" id="GO_MF_2016_02_16_Instance_12405" type="identity">
      <class id="GO_EXT:0004565" label="bearer of beta-galactosidase activity"/>
      <span end="40062" id="17696610-8293" start="40047">β-galactosidase</span>
    </annotation>
    <annotation annotator="Mike Bada, University of Colorado Anschutz Medical Campus" id="GO_MF_2016_02_16_Instance_12407" type="identity">
      <class id="GO_EXT:0008910" label="bearer of kanamycin kinase activity"/>
      <span end="40094" id="17696610-8295" start="40067">neomycin phosphotransferase</span>
    </annotation>
    <annotation annotator="" id="GO_MF_2016_02_16_Instance_110189" type="identity">
      <class id="GO_EXT:beta_geo" label="beta-geo"/>
      <span end="40190" id="17696610-8267" start="40186">βgeo</span>
    </annotation>
    <annotation annotator="" id="GO_MF_2016_02_16_Instance_110191" type="identity">
      <class id="GO_EXT:reverse_transcription_or_reverse_transcriptase" label="reverse transcription or reverse transcriptase"/>
      <span end="41246" id="17696610-8269" start="41244">RT</span>
    </annotation>
    <annotation annotator="" id="GO_MF_2016_02_16_Instance_110193" type="identity">
      <class id="CHEMINF_GO_EXT:chemical_binding_or_bond_formation" label="chemical binding or bond formation"/>
      <span end="42844" id="17696610-8271" start="42837">Binding</span>
    </annotation>
    <annotation annotator="Mike Bada, University of Colorado Anschutz Medical Campus" id="GO_MF_2016_02_16_Instance_12411" type="identity">
      <class id="GO_EXT:0004601" label="bearer of peroxidase activity"/>
      <span end="42950" id="17696610-8297" start="42940">peroxidase</span>
    </annotation>
    <annotation annotator="Mike Bada, University of Colorado Anschutz Medical Campus" id="GO_MF_2016_02_16_Instance_12413" type="identity">
      <class id="GO_EXT:0016887" label="bearer of ATPase activity"/>
      <span end="46109" id="17696610-8299" start="46103">ATPase</span>
    </annotation>
    <annotation annotator="" id="GO_MF_2016_02_16_Instance_110195" type="identity">
      <class id="GO_EXT:reverse_transcription_or_reverse_transcriptase" label="reverse transcription or reverse transcriptase"/>
      <span end="47746" id="17696610-8273" start="47744">RT</span>
    </annotation>
    <annotation annotator="Mike Bada, University of Colorado Anschutz Medical Campus" id="GO_MF_2016_02_16_Instance_12417" type="identity">
      <class id="GO_EXT:0003964" label="bearer of RNA-directed DNA polymerase activity"/>
      <span end="47774" id="17696610-8301" start="47753">reverse-transcriptase</span>
    </annotation>
    <graph-space id="Old Knowtator Relations"/>
  </document>
</knowtator-project>
