<?xml version="1.0" encoding="UTF-8" standalone="no"?>
<knowtator-project>
  <document id="15314659" text-file="15314659.txt">
    <annotation annotator="Michael Bada" id="UBERON_Instance_170000" type="identity">
      <class id="UBERON:0000467" label="anatomical system"/>
      <span end="173" id="15314659-6103" start="167">system</span>
    </annotation>
    <annotation annotator="Nicole Vasilevsky" id="UBERON_Instance_850010" type="identity">
      <class id="UBERON:0002405" label="immune system"/>
      <span end="184" id="15314659-6213" start="178">immune</span>
    </annotation>
    <annotation annotator="Nicole Vasilevsky" id="UBERON_Instance_860012" type="identity">
      <class id="UBERON:0002405" label="immune system"/>
      <span end="591" id="15314659-6215" start="585">immune</span>
    </annotation>
    <annotation annotator="Nicole Vasilevsky" id="UBERON_Instance_860014" type="identity">
      <class id="UBERON:0002405" label="immune system"/>
      <span end="1422" id="15314659-6217" start="1416">immune</span>
    </annotation>
    <annotation annotator="Nicole Vasilevsky" id="UBERON_Instance_860016" type="identity">
      <class id="UBERON:0002405" label="immune system"/>
      <span end="1550" id="15314659-6219" start="1544">immune</span>
    </annotation>
    <annotation annotator="Michael Bada" id="UBERON_Instance_240192" type="identity">
      <class id="GO_UBERON_EXT:cellular_component_or_cell_part" label="cell component/part"/>
      <span end="1685" id="15314659-6137" start="1674">subcellular</span>
    </annotation>
    <annotation annotator="Michael Bada" id="UBERON_Instance_240194" type="identity">
      <class id="UBERON:0002405" label="immune system"/>
      <span end="2287" id="15314659-6139" start="2274">immune system</span>
    </annotation>
    <annotation annotator="Nicole Vasilevsky" id="UBERON_Instance_860018" type="identity">
      <class id="UBERON:0002405" label="immune system"/>
      <span end="2647" id="15314659-6221" start="2641">immune</span>
    </annotation>
    <annotation annotator="Michael Bada" id="UBERON_Instance_240196" type="identity">
      <class id="UBERON:0002405" label="immune system"/>
      <span end="3905" id="15314659-6141" start="3892">immune system</span>
    </annotation>
    <annotation annotator="Nicole Vasilevsky" id="UBERON_Instance_830008" type="identity">
      <class id="UBERON:0002405" label="immune system"/>
      <span end="3963" id="15314659-6207" start="3957">immune</span>
    </annotation>
    <annotation annotator="Nicole Vasilevsky" id="UBERON_Instance_860020" type="identity">
      <class id="UBERON:0002405" label="immune system"/>
      <span end="4131" id="15314659-6223" start="4125">immune</span>
    </annotation>
    <annotation annotator="Nicole Vasilevsky" id="UBERON_Instance_860022" type="identity">
      <class id="UBERON:0002405" label="immune system"/>
      <span end="4546" id="15314659-6225" start="4540">immune</span>
    </annotation>
    <annotation annotator="Nicole Vasilevsky" id="UBERON_Instance_860024" type="identity">
      <class id="UBERON:0002405" label="immune system"/>
      <span end="4717" id="15314659-6227" start="4711">immune</span>
    </annotation>
    <annotation annotator="Michael Bada" id="UBERON_Instance_241244" type="identity">
      <class id="UBERON:0001977" label="serum"/>
      <span end="5086" id="15314659-6201" start="5081">serum</span>
    </annotation>
    <annotation annotator="Michael Bada" id="UBERON_Instance_240166" type="identity">
      <class id="UBERON:0000922" label="embryo"/>
      <span end="6173" id="15314659-6129" start="6164">embryonic</span>
    </annotation>
    <annotation annotator="Michael Bada" id="UBERON_Instance_240168" type="identity">
      <class id="UBERON:0000922" label="embryo"/>
      <span end="6519" id="15314659-6131" start="6510">embryonic</span>
    </annotation>
    <annotation annotator="Nicole Vasilevsky" id="UBERON_Instance_860026" type="identity">
      <class id="UBERON:0002405" label="immune system"/>
      <span end="6892" id="15314659-6229" start="6886">immune</span>
    </annotation>
    <annotation annotator="Michael Bada" id="UBERON_Instance_240134" type="identity">
      <class id="PATO_UBERON_EXT:female_or_bearer_of_femaleness" label="female organism/bearer of femaleness"/>
      <span end="7320" id="15314659-6109" start="7314">female</span>
    </annotation>
    <annotation annotator="Michael Bada" id="UBERON_Instance_240136" type="identity">
      <class id="PATO_UBERON_EXT:female_or_bearer_of_femaleness" label="female organism/bearer of femaleness"/>
      <span end="7435" id="15314659-6111" start="7429">female</span>
    </annotation>
    <annotation annotator="Michael Bada" id="UBERON_Instance_11" type="identity">
      <class id="CHMO_UBERON_EXT:bodily_fluid_or_bodily_fluid_experimental_method" label="bodily fluid or bodily fluid experimental method"/>
      <span end="8106" id="15314659-6097" start="8095">serological</span>
    </annotation>
    <annotation annotator="Michael Bada" id="UBERON_Instance_240606" type="identity">
      <class id="UBERON:0002113" label="kidney"/>
      <span end="8229" id="15314659-6143" start="8224">renal</span>
    </annotation>
    <annotation annotator="Nicole Vasilevsky" id="UBERON_Instance_860028" type="identity">
      <class id="UBERON:0002405" label="immune system"/>
      <span end="8428" id="15314659-6231" start="8422">immune</span>
    </annotation>
    <annotation annotator="Michael Bada" id="UBERON_Instance_13" type="identity">
      <class id="CHMO_UBERON_EXT:bodily_fluid_or_bodily_fluid_experimental_method" label="bodily fluid or bodily fluid experimental method"/>
      <span end="9450" id="15314659-6099" start="9439">serological</span>
    </annotation>
    <annotation annotator="Nicole Vasilevsky" id="UBERON_Instance_860030" type="identity">
      <class id="UBERON:0002405" label="immune system"/>
      <span end="11592" id="15314659-6233" start="11586">immune</span>
    </annotation>
    <annotation annotator="Nicole Vasilevsky" id="UBERON_Instance_860032" type="identity">
      <class id="UBERON:0002405" label="immune system"/>
      <span end="11610" id="15314659-6235" start="11604">immune</span>
    </annotation>
    <annotation annotator="Nicole Vasilevsky" id="UBERON_Instance_860034" type="identity">
      <class id="UBERON:0002405" label="immune system"/>
      <span end="11733" id="15314659-6237" start="11727">immune</span>
    </annotation>
    <annotation annotator="Nicole Vasilevsky" id="UBERON_Instance_860036" type="identity">
      <class id="UBERON:0002405" label="immune system"/>
      <span end="12064" id="15314659-6239" start="12058">immune</span>
    </annotation>
    <annotation annotator="Michael Bada" id="UBERON_Instance_15" type="identity">
      <class id="CHMO_UBERON_EXT:bodily_fluid_or_bodily_fluid_experimental_method" label="bodily fluid or bodily fluid experimental method"/>
      <span end="12794" id="15314659-6101" start="12783">serological</span>
    </annotation>
    <annotation annotator="Michael Bada" id="UBERON_Instance_240148" type="identity">
      <class id="PATO_UBERON_EXT:female_or_bearer_of_femaleness" label="female organism/bearer of femaleness"/>
      <span end="14360" id="15314659-6113" start="14354">Female</span>
    </annotation>
    <annotation annotator="Michael Bada" id="UBERON_Instance_240608" type="identity">
      <class id="UBERON:0002113" label="kidney"/>
      <span end="14959" id="15314659-6145" start="14954">renal</span>
    </annotation>
    <annotation annotator="Michael Bada" id="UBERON_Instance_17" type="identity">
      <class id="CHMO_UBERON_EXT:bodily_fluid_or_bodily_fluid_experimental_method" label="bodily fluid or bodily fluid experimental method"/>
      <span end="15640" id="15314659-6105" start="15629">serological</span>
    </annotation>
    <annotation annotator="Michael Bada" id="UBERON_Instance_240610" type="identity">
      <class id="UBERON:0002113" label="kidney"/>
      <span end="15689" id="15314659-6147" start="15682">kidneys</span>
    </annotation>
    <annotation annotator="Michael Bada" id="UBERON_Instance_240612" type="identity">
      <class id="UBERON:0002113" label="kidney"/>
      <span end="15947" id="15314659-6149" start="15942">renal</span>
    </annotation>
    <annotation annotator="Nicole Vasilevsky" id="UBERON_Instance_860038" type="identity">
      <class id="UBERON:0002405" label="immune system"/>
      <span end="16374" id="15314659-6241" start="16368">immune</span>
    </annotation>
    <annotation annotator="Michael Bada" id="UBERON_Instance_241246" type="identity">
      <class id="UBERON:0001977" label="serum"/>
      <span end="16768" id="15314659-6203" start="16763">serum</span>
    </annotation>
    <annotation annotator="Michael Bada" id="UBERON_Instance_240170" type="identity">
      <class id="UBERON:0000922" label="embryo"/>
      <span end="17193" id="15314659-6133" start="17184">embryonic</span>
    </annotation>
    <annotation annotator="Nicole Vasilevsky" id="UBERON_Instance_860040" type="identity">
      <class id="UBERON:0002405" label="immune system"/>
      <span end="17597" id="15314659-6243" start="17591">immune</span>
    </annotation>
    <annotation annotator="Michael Bada" id="UBERON_Instance_240150" type="identity">
      <class id="PATO_UBERON_EXT:male_or_bearer_of_maleness" label="male organism/bearer of maleness"/>
      <span end="18117" id="15314659-6115" start="18112">males</span>
    </annotation>
    <annotation annotator="Nicole Vasilevsky" id="UBERON_Instance_860042" type="identity">
      <class id="UBERON:0002405" label="immune system"/>
      <span end="18303" id="15314659-6245" start="18297">immune</span>
    </annotation>
    <annotation annotator="Nicole Vasilevsky" id="UBERON_Instance_860044" type="identity">
      <class id="UBERON:0002405" label="immune system"/>
      <span end="20209" id="15314659-6247" start="20203">immune</span>
    </annotation>
    <annotation annotator="Michael Bada" id="UBERON_Instance_240614" type="identity">
      <class id="UBERON:0001977" label="serum"/>
      <span end="22101" id="15314659-6151" start="22096">serum</span>
    </annotation>
    <annotation annotator="Nicole Vasilevsky" id="UBERON_Instance_830010" type="identity">
      <class id="UBERON:0002405" label="immune system"/>
      <span end="22529" id="15314659-6209" start="22523">immune</span>
    </annotation>
    <annotation annotator="Nicole Vasilevsky" id="UBERON_Instance_860046" type="identity">
      <class id="UBERON:0002405" label="immune system"/>
      <span end="24878" id="15314659-6249" start="24872">immune</span>
    </annotation>
    <annotation annotator="Michael Bada" id="UBERON_Instance_240172" type="identity">
      <class id="UBERON:0000922" label="embryo"/>
      <span end="24968" id="15314659-6135" start="24959">embryonic</span>
    </annotation>
    <annotation annotator="Nicole Vasilevsky" id="UBERON_Instance_830012" type="identity">
      <class id="UBERON:0002405" label="immune system"/>
      <span end="26124" id="15314659-6211" start="26118">immune</span>
    </annotation>
    <annotation annotator="Michael Bada" id="UBERON_Instance_241248" type="identity">
      <class id="UBERON:0001225" label="cortex of kidney"/>
      <span end="26154" id="15314659-6205" start="26142">renal cortex</span>
    </annotation>
    <annotation annotator="Michael Bada" id="UBERON_Instance_240616" type="identity">
      <class id="UBERON:0000062" label="organ"/>
      <span end="26656" id="15314659-6153" start="26651">organ</span>
    </annotation>
    <annotation annotator="Michael Bada" id="UBERON_Instance_240618" type="identity">
      <class id="UBERON:0002113" label="kidney"/>
      <span end="26920" id="15314659-6155" start="26915">renal</span>
    </annotation>
    <annotation annotator="Nicole Vasilevsky" id="UBERON_Instance_860048" type="identity">
      <class id="UBERON:0002405" label="immune system"/>
      <span end="27178" id="15314659-6251" start="27172">immune</span>
    </annotation>
    <annotation annotator="Michael Bada" id="UBERON_Instance_240152" type="identity">
      <class id="PATO_UBERON_EXT:female_or_bearer_of_femaleness" label="female organism/bearer of femaleness"/>
      <span end="27280" id="15314659-6117" start="27273">females</span>
    </annotation>
    <annotation annotator="Michael Bada" id="UBERON_Instance_240154" type="identity">
      <class id="PATO_UBERON_EXT:female_or_bearer_of_femaleness" label="female organism/bearer of femaleness"/>
      <span end="27938" id="15314659-6119" start="27932">female</span>
    </annotation>
    <annotation annotator="Michael Bada" id="UBERON_Instance_240156" type="identity">
      <class id="PATO_UBERON_EXT:female_or_bearer_of_femaleness" label="female organism/bearer of femaleness"/>
      <span end="29108" id="15314659-6121" start="29102">female</span>
    </annotation>
    <annotation annotator="Michael Bada" id="UBERON_Instance_19" type="identity">
      <class id="CHMO_UBERON_EXT:bodily_fluid_or_bodily_fluid_experimental_method" label="bodily fluid or bodily fluid experimental method"/>
      <span end="29295" id="15314659-6107" start="29284">Serological</span>
    </annotation>
    <annotation annotator="Michael Bada" id="UBERON_Instance_240620" type="identity">
      <class id="UBERON:0001977" label="serum"/>
      <span end="29311" id="15314659-6157" start="29307">Sera</span>
    </annotation>
    <annotation annotator="Michael Bada" id="UBERON_Instance_240622" type="identity">
      <class id="UBERON:0001977" label="serum"/>
      <span end="29608" id="15314659-6159" start="29603">Serum</span>
    </annotation>
    <annotation annotator="Michael Bada" id="UBERON_Instance_240624" type="identity">
      <class id="UBERON:0001977" label="serum"/>
      <span end="30119" id="15314659-6161" start="30114">serum</span>
    </annotation>
    <annotation annotator="Michael Bada" id="UBERON_Instance_240626" type="identity">
      <class id="UBERON:0001977" label="serum"/>
      <span end="30456" id="15314659-6163" start="30451">serum</span>
    </annotation>
    <annotation annotator="Michael Bada" id="UBERON_Instance_240628" type="identity">
      <class id="UBERON:0001977" label="serum"/>
      <span end="30525" id="15314659-6165" start="30520">serum</span>
    </annotation>
    <annotation annotator="Michael Bada" id="UBERON_Instance_240630" type="identity">
      <class id="UBERON:0002113" label="kidney"/>
      <span end="30701" id="15314659-6167" start="30695">kidney</span>
    </annotation>
    <annotation annotator="Michael Bada" id="UBERON_Instance_240632" type="identity">
      <class id="UBERON:0005749" label="glomerular tuft"/>
      <span end="30983" id="15314659-6169" start="30968">glomerular tuft</span>
    </annotation>
    <annotation annotator="Michael Bada" id="UBERON_Instance_240634" type="identity">
      <class id="UBERON:0000074" label="renal glomerulus"/>
      <span end="31007" id="15314659-6171" start="30998">glomeruli</span>
    </annotation>
    <annotation annotator="Michael Bada" id="UBERON_Instance_240644" type="identity">
      <class id="UBERON:0005749" label="glomerular tuft"/>
      <span end="31084" id="15314659-6181" start="31069">glomerular tuft</span>
    </annotation>
    <annotation annotator="Michael Bada" id="UBERON_Instance_240636" type="identity">
      <class id="UBERON:0000074" label="renal glomerulus"/>
      <span end="31108" id="15314659-6173" start="31099">glomeruli</span>
    </annotation>
    <annotation annotator="Michael Bada" id="UBERON_Instance_240638" type="identity">
      <class id="UBERON:0000074" label="renal glomerulus"/>
      <span end="31129" id="15314659-6175" start="31119">glomerular</span>
    </annotation>
    <annotation annotator="Michael Bada" id="UBERON_Instance_240640" type="identity">
      <class id="UBERON:0000074" label="renal glomerulus"/>
      <span end="31179" id="15314659-6177" start="31170">glomeruli</span>
    </annotation>
    <annotation annotator="Michael Bada" id="UBERON_Instance_240642" type="identity">
      <class id="UBERON:0000074" label="renal glomerulus"/>
      <span end="31225" id="15314659-6179" start="31216">glomeruli</span>
    </annotation>
    <annotation annotator="Michael Bada" id="UBERON_Instance_240646" type="identity">
      <class id="UBERON:0001977" label="serum"/>
      <span end="33753" id="15314659-6183" start="33748">serum</span>
    </annotation>
    <annotation annotator="Michael Bada" id="UBERON_Instance_240648" type="identity">
      <class id="UBERON:0001977" label="serum"/>
      <span end="36161" id="15314659-6185" start="36156">Serum</span>
    </annotation>
    <annotation annotator="Michael Bada" id="UBERON_Instance_240650" type="identity">
      <class id="UBERON:0001977" label="serum"/>
      <span end="37466" id="15314659-6187" start="37461">Serum</span>
    </annotation>
    <annotation annotator="Michael Bada" id="UBERON_Instance_240652" type="identity">
      <class id="UBERON:0001977" label="serum"/>
      <span end="37745" id="15314659-6189" start="37740">Serum</span>
    </annotation>
    <annotation annotator="Michael Bada" id="UBERON_Instance_240654" type="identity">
      <class id="UBERON:0002113" label="kidney"/>
      <span end="37874" id="15314659-6191" start="37869">Renal</span>
    </annotation>
    <annotation annotator="Michael Bada" id="UBERON_Instance_240656" type="identity">
      <class id="UBERON:0002113" label="kidney"/>
      <span end="38071" id="15314659-6193" start="38065">kidney</span>
    </annotation>
    <annotation annotator="Michael Bada" id="UBERON_Instance_240158" type="identity">
      <class id="PATO_UBERON_EXT:female_or_bearer_of_femaleness" label="female organism/bearer of femaleness"/>
      <span end="38710" id="15314659-6123" start="38704">Female</span>
    </annotation>
    <annotation annotator="Michael Bada" id="UBERON_Instance_240658" type="identity">
      <class id="UBERON:0001977" label="serum"/>
      <span end="38896" id="15314659-6195" start="38891">serum</span>
    </annotation>
    <annotation annotator="Michael Bada" id="UBERON_Instance_240660" type="identity">
      <class id="UBERON:0002113" label="kidney"/>
      <span end="39015" id="15314659-6197" start="39009">Kidney</span>
    </annotation>
    <annotation annotator="Michael Bada" id="UBERON_Instance_240160" type="identity">
      <class id="PATO_UBERON_EXT:female_or_bearer_of_femaleness" label="female organism/bearer of femaleness"/>
      <span end="39074" id="15314659-6125" start="39068">Female</span>
    </annotation>
    <annotation annotator="Michael Bada" id="UBERON_Instance_240662" type="identity">
      <class id="UBERON:0002113" label="kidney"/>
      <span end="39090" id="15314659-6199" start="39085">renal</span>
    </annotation>
    <annotation annotator="Michael Bada" id="UBERON_Instance_240162" type="identity">
      <class id="PATO_UBERON_EXT:female_or_bearer_of_femaleness" label="female organism/bearer of femaleness"/>
      <span end="39397" id="15314659-6127" start="39391">Female</span>
    </annotation>
    <graph-space id="Old Knowtator Relations"/>
  </document>
</knowtator-project>
