<?xml version="1.0" encoding="UTF-8" standalone="no"?>
<knowtator-project>
  <document id="15328533" text-file="15328533.txt">
    <annotation annotator="Michael Bada" id="UBERON_Instance_240258" type="identity">
      <class id="UBERON_EXT:muscle_structure_or_tissue" label="muscle structure or tissue"/>
      <span end="20" id="15328533-6870" start="14">Muscle</span>
    </annotation>
    <annotation annotator="Michael Bada" id="UBERON_Instance_240260" type="identity">
      <class id="UBERON_EXT:muscle_structure_or_tissue" label="muscle structure or tissue"/>
      <span end="132" id="15328533-6872" start="126">muscle</span>
    </annotation>
    <annotation annotator="Michael Bada" id="UBERON_Instance_240262" type="identity">
      <class id="UBERON_EXT:skeletal_muscle_organ_or_tissue" label="skeletal muscle organ or tissue"/>
      <span end="596" id="15328533-6874" start="581">skeletal muscle</span>
    </annotation>
    <annotation annotator="Michael Bada" id="UBERON_Instance_240264" type="identity">
      <class id="UBERON_EXT:muscle_structure_or_tissue" label="muscle structure or tissue"/>
      <span end="663" id="15328533-6876" start="657">muscle</span>
    </annotation>
    <annotation annotator="Michael Bada" id="UBERON_Instance_240266" type="identity">
      <class id="UBERON_EXT:muscle_structure_or_tissue" label="muscle structure or tissue"/>
      <span end="783" id="15328533-6878" start="777">muscle</span>
    </annotation>
    <annotation annotator="Michael Bada" id="UBERON_Instance_240268" type="identity">
      <class id="UBERON_EXT:skeletal_muscle_organ_or_tissue" label="skeletal muscle organ or tissue"/>
      <span end="1112" id="15328533-6880" start="1097">Skeletal muscle</span>
    </annotation>
    <annotation annotator="Michael Bada" id="UBERON_Instance_240184" type="identity">
      <class id="UBERON:0007023" label="adult organism"/>
      <span end="1901" id="15328533-6868" start="1896">Adult</span>
    </annotation>
    <annotation annotator="Michael Bada" id="UBERON_Instance_240270" type="identity">
      <class id="UBERON_EXT:skeletal_muscle_organ_or_tissue" label="skeletal muscle organ or tissue"/>
      <span end="1917" id="15328533-6882" start="1902">skeletal muscle</span>
    </annotation>
    <annotation annotator="Michael Bada" id="UBERON_Instance_240272" type="identity">
      <class id="UBERON_EXT:muscle_structure_or_tissue" label="muscle structure or tissue"/>
      <span end="2182" id="15328533-6884" start="2176">muscle</span>
    </annotation>
    <annotation annotator="Michael Bada" id="UBERON_Instance_240274" type="identity">
      <class id="UBERON_EXT:muscle_structure_or_tissue" label="muscle structure or tissue"/>
      <span end="2690" id="15328533-6886" start="2684">Muscle</span>
    </annotation>
    <annotation annotator="Nicole Vasilevsky" id="UBERON_Instance_800014" type="identity">
      <class id="CHEBI_UBERON_EXT:triglyceride_or_adipose_tissue" label="fat"/>
      <span end="2822" id="15328533-7104" start="2819">fat</span>
    </annotation>
    <annotation annotator="Michael Bada" id="UBERON_Instance_240276" type="identity">
      <class id="UBERON_EXT:skeletal_muscle_organ_or_tissue" label="skeletal muscle organ or tissue"/>
      <span end="2911" id="15328533-6888" start="2896">skeletal muscle</span>
    </annotation>
    <annotation annotator="Nicole Vasilevsky" id="UBERON_Instance_800016" type="identity">
      <class id="CHEBI_UBERON_EXT:triglyceride_or_adipose_tissue" label="fat"/>
      <span end="3488" id="15328533-7106" start="3485">fat</span>
    </annotation>
    <annotation annotator="Michael Bada" id="UBERON_Instance_241326" type="identity">
      <class id="UBERON:0001013" label="adipose tissue"/>
      <span end="3514" id="15328533-7062" start="3500">adipose tissue</span>
    </annotation>
    <annotation annotator="Nicole Vasilevsky" id="UBERON_Instance_800018" type="identity">
      <class id="CHEBI_UBERON_EXT:triglyceride_or_adipose_tissue" label="fat"/>
      <span end="3577" id="15328533-7108" start="3572">fatty</span>
    </annotation>
    <annotation annotator="Michael Bada" id="UBERON_Instance_240278" type="identity">
      <class id="UBERON_EXT:skeletal_muscle_organ_or_tissue" label="skeletal muscle organ or tissue"/>
      <span end="3688" id="15328533-6890" start="3673">skeletal muscle</span>
    </annotation>
    <annotation annotator="Michael Bada" id="UBERON_Instance_240280" type="identity">
      <class id="UBERON_EXT:muscle_structure_or_tissue" label="muscle structure or tissue"/>
      <span end="3858" id="15328533-6892" start="3852">muscle</span>
    </annotation>
    <annotation annotator="Michael Bada" id="UBERON_Instance_240282" type="identity">
      <class id="UBERON_EXT:muscle_structure_or_tissue" label="muscle structure or tissue"/>
      <span end="4035" id="15328533-6894" start="4029">Muscle</span>
    </annotation>
    <annotation annotator="Michael Bada" id="UBERON_Instance_240284" type="identity">
      <class id="UBERON_EXT:muscle_structure_or_tissue" label="muscle structure or tissue"/>
      <span end="4083" id="15328533-6896" start="4077">muscle</span>
    </annotation>
    <annotation annotator="Michael Bada" id="UBERON_Instance_240286" type="identity">
      <class id="UBERON_EXT:muscle_structure_or_tissue" label="muscle structure or tissue"/>
      <span end="4272" id="15328533-6898" start="4266">muscle</span>
    </annotation>
    <annotation annotator="Michael Bada" id="UBERON_Instance_240288" type="identity">
      <class id="UBERON_EXT:muscle_structure_or_tissue" label="muscle structure or tissue"/>
      <span end="4333" id="15328533-6900" start="4327">muscle</span>
    </annotation>
    <annotation annotator="Michael Bada" id="UBERON_Instance_241060" type="identity">
      <class id="UBERON:0001389" label="soleus muscle"/>
      <span end="4341" id="15328533-7028" start="4335">soleus</span>
    </annotation>
    <annotation annotator="Michael Bada" id="UBERON_Instance_240290" type="identity">
      <class id="UBERON_EXT:muscle_structure_or_tissue" label="muscle structure or tissue"/>
      <span end="4374" id="15328533-6902" start="4368">muscle</span>
    </annotation>
    <annotation annotator="Michael Bada" id="UBERON_Instance_240600" type="identity">
      <class id="UBERON:0001386" label="extensor digitorum longus"/>
      <span end="4401" id="15328533-7020" start="4376">extensor digitorum longus</span>
    </annotation>
    <annotation annotator="Michael Bada" id="UBERON_Instance_240292" type="identity">
      <class id="UBERON_EXT:muscle_structure_or_tissue" label="muscle structure or tissue"/>
      <span end="4437" id="15328533-6904" start="4431">muscle</span>
    </annotation>
    <annotation annotator="Michael Bada" id="UBERON_Instance_241058" type="identity">
      <class id="UBERON:0001388" label="gastrocnemius"/>
      <span end="4452" id="15328533-7026" start="4439">gastrocnemius</span>
    </annotation>
    <annotation annotator="Michael Bada" id="UBERON_Instance_240294" type="identity">
      <class id="UBERON_EXT:muscle_structure_or_tissue" label="muscle structure or tissue"/>
      <span end="4714" id="15328533-6906" start="4708">muscle</span>
    </annotation>
    <annotation annotator="Michael Bada" id="UBERON_Instance_250092" type="identity">
      <class id="UBERON:0004288" label="skeleton"/>
      <span end="4947" id="15328533-7084" start="4939">skeletal</span>
    </annotation>
    <annotation annotator="Michael Bada" id="UBERON_Instance_240296" type="identity">
      <class id="UBERON_EXT:skeletal_muscle_organ_or_tissue" label="skeletal muscle organ or tissue"/>
      <span end="5148" id="15328533-6908" start="5133">skeletal muscle</span>
    </annotation>
    <annotation annotator="Michael Bada" id="UBERON_Instance_241062" type="identity">
      <class id="UBERON:0000948" label="heart"/>
      <span end="5180" id="15328533-7030" start="5175">heart</span>
    </annotation>
    <annotation annotator="Michael Bada" id="UBERON_Instance_240298" type="identity">
      <class id="UBERON_EXT:muscle_structure_or_tissue" label="muscle structure or tissue"/>
      <span end="5225" id="15328533-6910" start="5219">muscle</span>
    </annotation>
    <annotation annotator="Michael Bada" id="UBERON_Instance_240300" type="identity">
      <class id="UBERON:0001388" label="gastrocnemius"/>
      <span end="5359" id="15328533-6912" start="5339">gastrocnemius muscle</span>
    </annotation>
    <annotation annotator="Michael Bada" id="UBERON_Instance_240302" type="identity">
      <class id="UBERON_EXT:muscle_structure_or_tissue" label="muscle structure or tissue"/>
      <span end="5518" id="15328533-6914" start="5512">muscle</span>
    </annotation>
    <annotation annotator="Michael Bada" id="UBERON_Instance_240304" type="identity">
      <class id="UBERON_EXT:muscle_structure_or_tissue" label="muscle structure or tissue"/>
      <span end="5799" id="15328533-6916" start="5793">muscle</span>
    </annotation>
    <annotation annotator="Michael Bada" id="UBERON_Instance_240306" type="identity">
      <class id="UBERON_EXT:muscle_structure_or_tissue" label="muscle structure or tissue"/>
      <span end="5857" id="15328533-6918" start="5851">muscle</span>
    </annotation>
    <annotation annotator="Michael Bada" id="UBERON_Instance_240308" type="identity">
      <class id="UBERON_EXT:muscle_structure_or_tissue" label="muscle structure or tissue"/>
      <span end="5973" id="15328533-6920" start="5967">muscle</span>
    </annotation>
    <annotation annotator="Michael Bada" id="UBERON_Instance_320321" type="identity">
      <class id="UBERON:0005090" label="muscle structure"/>
      <span end="6003" id="15328533-7096" start="5996">muscles</span>
    </annotation>
    <annotation annotator="Michael Bada" id="UBERON_Instance_241064" type="identity">
      <class id="UBERON:0002103" label="hindlimb"/>
      <span end="6131" id="15328533-7032" start="6123">hindlimb</span>
    </annotation>
    <annotation annotator="Michael Bada" id="UBERON_Instance_240312" type="identity">
      <class id="UBERON_EXT:muscle_structure_or_tissue" label="muscle structure or tissue"/>
      <span end="6205" id="15328533-6922" start="6199">muscle</span>
    </annotation>
    <annotation annotator="Michael Bada" id="UBERON_Instance_240314" type="identity">
      <class id="UBERON:0001388" label="gastrocnemius"/>
      <span end="6263" id="15328533-6924" start="6243">gastrocnemius muscle</span>
    </annotation>
    <annotation annotator="Nicole Vasilevsky" id="UBERON_Instance_800020" type="identity">
      <class id="CHEBI_UBERON_EXT:triglyceride_or_adipose_tissue" label="fat"/>
      <span end="6621" id="15328533-7110" start="6616">fatty</span>
    </annotation>
    <annotation annotator="Michael Bada" id="UBERON_Instance_240316" type="identity">
      <class id="UBERON_EXT:muscle_structure_or_tissue" label="muscle structure or tissue"/>
      <span end="6813" id="15328533-6926" start="6807">muscle</span>
    </annotation>
    <annotation annotator="Michael Bada" id="UBERON_Instance_240318" type="identity">
      <class id="UBERON:0001388" label="gastrocnemius"/>
      <span end="7144" id="15328533-6928" start="7124">gastrocnemius muscle</span>
    </annotation>
    <annotation annotator="Michael Bada" id="UBERON_Instance_240320" type="identity">
      <class id="UBERON_EXT:muscle_structure_or_tissue" label="muscle structure or tissue"/>
      <span end="7302" id="15328533-6930" start="7296">muscle</span>
    </annotation>
    <annotation annotator="Michael Bada" id="UBERON_Instance_240322" type="identity">
      <class id="UBERON_EXT:muscle_structure_or_tissue" label="muscle structure or tissue"/>
      <span end="8255" id="15328533-6932" start="8249">muscle</span>
    </annotation>
    <annotation annotator="Michael Bada" id="UBERON_Instance_240324" type="identity">
      <class id="UBERON_EXT:muscle_structure_or_tissue" label="muscle structure or tissue"/>
      <span end="8357" id="15328533-6934" start="8351">Muscle</span>
    </annotation>
    <annotation annotator="Nicole Vasilevsky" id="UBERON_Instance_800022" type="identity">
      <class id="CHEBI_UBERON_EXT:triglyceride_or_adipose_tissue" label="fat"/>
      <span end="8690" id="15328533-7112" start="8687">fat</span>
    </annotation>
    <annotation annotator="Michael Bada" id="UBERON_Instance_241364" type="identity">
      <class id="UBERON_EXT:body" label="body (proper or whole multicellular organism)"/>
      <span end="8731" id="15328533-7078" start="8727">body</span>
    </annotation>
    <annotation annotator="Nicole Vasilevsky" id="UBERON_Instance_800024" type="identity">
      <class id="CHEBI_UBERON_EXT:triglyceride_or_adipose_tissue" label="fat"/>
      <span end="9007" id="15328533-7114" start="9004">fat</span>
    </annotation>
    <annotation annotator="Michael Bada" id="UBERON_Instance_241354" type="identity">
      <class id="UBERON_EXT:body" label="body (proper or whole multicellular organism)"/>
      <span end="9189" id="15328533-7076" start="9185">body</span>
    </annotation>
    <annotation annotator="Nicole Vasilevsky" id="UBERON_Instance_800026" type="identity">
      <class id="CHEBI_UBERON_EXT:triglyceride_or_adipose_tissue" label="fat"/>
      <span end="9204" id="15328533-7116" start="9201">fat</span>
    </annotation>
    <annotation annotator="Michael Bada" id="UBERON_Instance_241328" type="identity">
      <class id="UBERON:0010410" label="inguinal fat pad"/>
      <span end="9278" id="15328533-7064" start="9262">inguinal fat pad</span>
    </annotation>
    <annotation annotator="Michael Bada" id="UBERON_Instance_240326" type="identity">
      <class id="UBERON_EXT:muscle_structure_or_tissue" label="muscle structure or tissue"/>
      <span end="9376" id="15328533-6936" start="9370">muscle</span>
    </annotation>
    <annotation annotator="Michael Bada" id="UBERON_Instance_241066" type="identity">
      <class id="UBERON_EXT:muscle_structure_or_tissue" label="muscle structure or tissue"/>
      <span end="9455" id="15328533-7034" start="9447">muscular</span>
    </annotation>
    <annotation annotator="Nicole Vasilevsky" id="UBERON_Instance_800028" type="identity">
      <class id="CHEBI_UBERON_EXT:triglyceride_or_adipose_tissue" label="fat"/>
      <span end="9672" id="15328533-7118" start="9669">fat</span>
    </annotation>
    <annotation annotator="Michael Bada" id="UBERON_Instance_240328" type="identity">
      <class id="UBERON_EXT:muscle_structure_or_tissue" label="muscle structure or tissue"/>
      <span end="9821" id="15328533-6938" start="9815">muscle</span>
    </annotation>
    <annotation annotator="Michael Bada" id="UBERON_Instance_241068" type="identity">
      <class id="UBERON_EXT:body" label="body (proper or whole multicellular organism)"/>
      <span end="9890" id="15328533-7036" start="9886">body</span>
    </annotation>
    <annotation annotator="Nicole Vasilevsky" id="UBERON_Instance_800030" type="identity">
      <class id="CHEBI_UBERON_EXT:triglyceride_or_adipose_tissue" label="fat"/>
      <span end="9925" id="15328533-7120" start="9922">fat</span>
    </annotation>
    <annotation annotator="Michael Bada" id="UBERON_Instance_240330" type="identity">
      <class id="UBERON_EXT:muscle_structure_or_tissue" label="muscle structure or tissue"/>
      <span end="10039" id="15328533-6940" start="10033">muscle</span>
    </annotation>
    <annotation annotator="Michael Bada" id="UBERON_Instance_240332" type="identity">
      <class id="UBERON_EXT:muscle_structure_or_tissue" label="muscle structure or tissue"/>
      <span end="10219" id="15328533-6942" start="10213">Muscle</span>
    </annotation>
    <annotation annotator="Michael Bada" id="UBERON_Instance_241070" type="identity">
      <class id="UBERON_EXT:body" label="body (proper or whole multicellular organism)"/>
      <span end="10757" id="15328533-7038" start="10753">body</span>
    </annotation>
    <annotation annotator="Michael Bada" id="UBERON_Instance_240334" type="identity">
      <class id="UBERON_EXT:muscle_structure_or_tissue" label="muscle structure or tissue"/>
      <span end="11193" id="15328533-6944" start="11187">muscle</span>
    </annotation>
    <annotation annotator="Michael Bada" id="UBERON_Instance_240336" type="identity">
      <class id="UBERON_EXT:muscle_structure_or_tissue" label="muscle structure or tissue"/>
      <span end="11489" id="15328533-6946" start="11483">muscle</span>
    </annotation>
    <annotation annotator="Michael Bada" id="UBERON_Instance_240338" type="identity">
      <class id="UBERON_EXT:muscle_structure_or_tissue" label="muscle structure or tissue"/>
      <span end="11558" id="15328533-6948" start="11552">muscle</span>
    </annotation>
    <annotation annotator="Michael Bada" id="UBERON_Instance_240340" type="identity">
      <class id="UBERON_EXT:muscle_structure_or_tissue" label="muscle structure or tissue"/>
      <span end="12073" id="15328533-6950" start="12067">muscle</span>
    </annotation>
    <annotation annotator="Michael Bada" id="UBERON_Instance_240342" type="identity">
      <class id="UBERON_EXT:muscle_structure_or_tissue" label="muscle structure or tissue"/>
      <span end="12430" id="15328533-6952" start="12424">muscle</span>
    </annotation>
    <annotation annotator="Michael Bada" id="UBERON_Instance_240344" type="identity">
      <class id="UBERON_EXT:muscle_structure_or_tissue" label="muscle structure or tissue"/>
      <span end="12490" id="15328533-6954" start="12484">muscle</span>
    </annotation>
    <annotation annotator="Michael Bada" id="UBERON_Instance_240346" type="identity">
      <class id="UBERON_EXT:muscle_structure_or_tissue" label="muscle structure or tissue"/>
      <span end="12690" id="15328533-6956" start="12684">muscle</span>
    </annotation>
    <annotation annotator="Michael Bada" id="UBERON_Instance_240348" type="identity">
      <class id="UBERON_EXT:muscle_structure_or_tissue" label="muscle structure or tissue"/>
      <span end="12824" id="15328533-6958" start="12818">muscle</span>
    </annotation>
    <annotation annotator="Michael Bada" id="UBERON_Instance_240350" type="identity">
      <class id="UBERON_EXT:muscle_structure_or_tissue" label="muscle structure or tissue"/>
      <span end="12970" id="15328533-6960" start="12964">muscle</span>
    </annotation>
    <annotation annotator="Michael Bada" id="UBERON_Instance_320085" type="identity">
      <class id="UBERON_EXT:neural_tissue_or_nerve_or_nervous_system" label="neural tissue, nerve, or nervous system"/>
      <span end="13043" id="15328533-7094" start="13037">neural</span>
    </annotation>
    <annotation annotator="Nicole Vasilevsky" id="UBERON_Instance_850165" type="identity">
      <class id="GO_UBERON_EXT:innervation_entity_or_process" label="innervation entity or process"/>
      <span end="13055" id="15328533-7158" start="13044">innervation</span>
    </annotation>
    <annotation annotator="Michael Bada" id="UBERON_Instance_240352" type="identity">
      <class id="UBERON_EXT:muscle_structure_or_tissue" label="muscle structure or tissue"/>
      <span end="13200" id="15328533-6962" start="13194">muscle</span>
    </annotation>
    <annotation annotator="Michael Bada" id="UBERON_Instance_240354" type="identity">
      <class id="UBERON_EXT:muscle_structure_or_tissue" label="muscle structure or tissue"/>
      <span end="13410" id="15328533-6964" start="13404">muscle</span>
    </annotation>
    <annotation annotator="Michael Bada" id="UBERON_Instance_240356" type="identity">
      <class id="UBERON_EXT:muscle_structure_or_tissue" label="muscle structure or tissue"/>
      <span end="13862" id="15328533-6966" start="13856">muscle</span>
    </annotation>
    <annotation annotator="Michael Bada" id="UBERON_Instance_240358" type="identity">
      <class id="UBERON_EXT:muscle_structure_or_tissue" label="muscle structure or tissue"/>
      <span end="13979" id="15328533-6968" start="13973">muscle</span>
    </annotation>
    <annotation annotator="Michael Bada" id="UBERON_Instance_241382" type="identity">
      <class id="UBERON:0000479" label="tissue"/>
      <span end="14557" id="15328533-7082" start="14550">tissues</span>
    </annotation>
    <annotation annotator="Nicole Vasilevsky" id="UBERON_Instance_800032" type="identity">
      <class id="CHEBI_UBERON_EXT:triglyceride_or_adipose_tissue" label="fat"/>
      <span end="14603" id="15328533-7122" start="14598">fatty</span>
    </annotation>
    <annotation annotator="Nicole Vasilevsky" id="UBERON_Instance_800034" type="identity">
      <class id="CHEBI_UBERON_EXT:triglyceride_or_adipose_tissue" label="fat"/>
      <span end="14643" id="15328533-7124" start="14638">Fatty</span>
    </annotation>
    <annotation annotator="Michael Bada" id="UBERON_Instance_240360" type="identity">
      <class id="UBERON:0002385" label="muscle tissue"/>
      <span end="14925" id="15328533-6970" start="14912">muscle tissue</span>
    </annotation>
    <annotation annotator="Michael Bada" id="UBERON_Instance_240362" type="identity">
      <class id="UBERON_EXT:muscle_structure_or_tissue" label="muscle structure or tissue"/>
      <span end="15260" id="15328533-6972" start="15254">muscle</span>
    </annotation>
    <annotation annotator="Michael Bada" id="UBERON_Instance_240364" type="identity">
      <class id="UBERON_EXT:skeletal_muscle_organ_or_tissue" label="skeletal muscle organ or tissue"/>
      <span end="15329" id="15328533-6974" start="15314">Skeletal muscle</span>
    </annotation>
    <annotation annotator="Michael Bada" id="UBERON_Instance_241074" type="identity">
      <class id="UBERON_EXT:body" label="body (proper or whole multicellular organism)"/>
      <span end="15368" id="15328533-7040" start="15364">body</span>
    </annotation>
    <annotation annotator="Nicole Vasilevsky" id="UBERON_Instance_800036" type="identity">
      <class id="CHEBI_UBERON_EXT:triglyceride_or_adipose_tissue" label="fat"/>
      <span end="15374" id="15328533-7126" start="15369">fatty</span>
    </annotation>
    <annotation annotator="Nicole Vasilevsky" id="UBERON_Instance_800038" type="identity">
      <class id="CHEBI_UBERON_EXT:triglyceride_or_adipose_tissue" label="fat"/>
      <span end="15479" id="15328533-7128" start="15476">fat</span>
    </annotation>
    <annotation annotator="Michael Bada" id="UBERON_Instance_240366" type="identity">
      <class id="UBERON_EXT:skeletal_muscle_organ_or_tissue" label="skeletal muscle organ or tissue"/>
      <span end="15832" id="15328533-6976" start="15817">skeletal muscle</span>
    </annotation>
    <annotation annotator="Michael Bada" id="UBERON_Instance_240368" type="identity">
      <class id="UBERON_EXT:muscle_structure_or_tissue" label="muscle structure or tissue"/>
      <span end="16208" id="15328533-6978" start="16202">muscle</span>
    </annotation>
    <annotation annotator="Michael Bada" id="UBERON_Instance_250096" type="identity">
      <class id="UBERON:0004288" label="skeleton"/>
      <span end="16713" id="15328533-7086" start="16705">skeletal</span>
    </annotation>
    <annotation annotator="Michael Bada" id="UBERON_Instance_241334" type="identity">
      <class id="UBERON_EXT:body" label="body (proper or whole multicellular organism)"/>
      <span end="17105" id="15328533-7066" start="17101">body</span>
    </annotation>
    <annotation annotator="Nicole Vasilevsky" id="UBERON_Instance_800040" type="identity">
      <class id="CHEBI_UBERON_EXT:triglyceride_or_adipose_tissue" label="fat"/>
      <span end="17232" id="15328533-7130" start="17229">fat</span>
    </annotation>
    <annotation annotator="Nicole Vasilevsky" id="UBERON_Instance_800042" type="identity">
      <class id="CHEBI_UBERON_EXT:triglyceride_or_adipose_tissue" label="fat"/>
      <span end="17316" id="15328533-7132" start="17313">fat</span>
    </annotation>
    <annotation annotator="Nicole Vasilevsky" id="UBERON_Instance_800044" type="identity">
      <class id="CHEBI_UBERON_EXT:triglyceride_or_adipose_tissue" label="fat"/>
      <span end="17346" id="15328533-7134" start="17343">fat</span>
    </annotation>
    <annotation annotator="Michael Bada" id="UBERON_Instance_240370" type="identity">
      <class id="UBERON_EXT:muscle_structure_or_tissue" label="muscle structure or tissue"/>
      <span end="17850" id="15328533-6980" start="17844">muscle</span>
    </annotation>
    <annotation annotator="Michael Bada" id="UBERON_Instance_240372" type="identity">
      <class id="UBERON_EXT:muscle_structure_or_tissue" label="muscle structure or tissue"/>
      <span end="18354" id="15328533-6982" start="18348">Muscle</span>
    </annotation>
    <annotation annotator="Michael Bada" id="UBERON_Instance_240374" type="identity">
      <class id="UBERON_EXT:muscle_structure_or_tissue" label="muscle structure or tissue"/>
      <span end="18407" id="15328533-6984" start="18401">Muscle</span>
    </annotation>
    <annotation annotator="Michael Bada" id="UBERON_Instance_240376" type="identity">
      <class id="UBERON_EXT:muscle_structure_or_tissue" label="muscle structure or tissue"/>
      <span end="18533" id="15328533-6986" start="18527">Muscle</span>
    </annotation>
    <annotation annotator="Michael Bada" id="UBERON_Instance_250102" type="identity">
      <class id="UBERON:0004288" label="skeleton"/>
      <span end="19574" id="15328533-7092" start="19566">skeletal</span>
    </annotation>
    <annotation annotator="Michael Bada" id="UBERON_Instance_240378" type="identity">
      <class id="UBERON_EXT:muscle_structure_or_tissue" label="muscle structure or tissue"/>
      <span end="20529" id="15328533-6988" start="20523">muscle</span>
    </annotation>
    <annotation annotator="Michael Bada" id="UBERON_Instance_240380" type="identity">
      <class id="UBERON_EXT:muscle_structure_or_tissue" label="muscle structure or tissue"/>
      <span end="20810" id="15328533-6990" start="20804">Muscle</span>
    </annotation>
    <annotation annotator="Michael Bada" id="UBERON_Instance_320323" type="identity">
      <class id="UBERON:0005090" label="muscle structure"/>
      <span end="20856" id="15328533-7098" start="20849">muscles</span>
    </annotation>
    <annotation annotator="Michael Bada" id="UBERON_Instance_240138" type="identity">
      <class id="PATO_UBERON_EXT:male_or_bearer_of_maleness" label="male organism/bearer of maleness"/>
      <span end="20879" id="15328533-6860" start="20875">male</span>
    </annotation>
    <annotation annotator="Michael Bada" id="UBERON_Instance_240604" type="identity">
      <class id="UBERON:0001386" label="extensor digitorum longus"/>
      <span end="20932" id="15328533-7024" start="20929">EDL</span>
    </annotation>
    <annotation annotator="Michael Bada" id="UBERON_Instance_240602" type="identity">
      <class id="UBERON:0001386" label="extensor digitorum longus"/>
      <span end="20959" id="15328533-7022" start="20934">extensor digitorum longus</span>
    </annotation>
    <annotation annotator="Michael Bada" id="UBERON_Instance_240388" type="identity">
      <class id="UBERON:0001388" label="gastrocnemius"/>
      <span end="20967" id="15328533-6994" start="20961">Gastro</span>
    </annotation>
    <annotation annotator="Michael Bada" id="UBERON_Instance_240386" type="identity">
      <class id="UBERON:0001388" label="gastrocnemius"/>
      <span end="20982" id="15328533-6992" start="20969">gastrocnemius</span>
    </annotation>
    <annotation annotator="Michael Bada" id="UBERON_Instance_320325" type="identity">
      <class id="UBERON:0005090" label="muscle structure"/>
      <span end="21047" id="15328533-7100" start="21040">muscles</span>
    </annotation>
    <annotation annotator="Michael Bada" id="UBERON_Instance_240140" type="identity">
      <class id="PATO_UBERON_EXT:male_or_bearer_of_maleness" label="male organism/bearer of maleness"/>
      <span end="21070" id="15328533-6862" start="21066">male</span>
    </annotation>
    <annotation annotator="Michael Bada" id="UBERON_Instance_241336" type="identity">
      <class id="UBERON:0000479" label="tissue"/>
      <span end="21235" id="15328533-7068" start="21228">tissues</span>
    </annotation>
    <annotation annotator="Michael Bada" id="UBERON_Instance_241080" type="identity">
      <class id="UBERON:0000479" label="tissue"/>
      <span end="21272" id="15328533-7042" start="21266">tissue</span>
    </annotation>
    <annotation annotator="Michael Bada" id="UBERON_Instance_240390" type="identity">
      <class id="UBERON:0001388" label="gastrocnemius"/>
      <span end="21332" id="15328533-6996" start="21312">Gastrocnemius muscle</span>
    </annotation>
    <annotation annotator="Michael Bada" id="UBERON_Instance_240392" type="identity">
      <class id="UBERON:0001388" label="gastrocnemius"/>
      <span end="21417" id="15328533-6998" start="21397">gastrocnemius muscle</span>
    </annotation>
    <annotation annotator="Michael Bada" id="UBERON_Instance_320327" type="identity">
      <class id="UBERON:0005090" label="muscle structure"/>
      <span end="21708" id="15328533-7102" start="21701">Muscles</span>
    </annotation>
    <annotation annotator="Michael Bada" id="UBERON_Instance_240396" type="identity">
      <class id="UBERON:0011905" label="plantaris"/>
      <span end="21838" id="15328533-7000" start="21822">plantaris muscle</span>
    </annotation>
    <annotation annotator="Michael Bada" id="UBERON_Instance_240398" type="identity">
      <class id="UBERON:0001388" label="gastrocnemius"/>
      <span end="22048" id="15328533-7002" start="22028">gastrocnemius muscle</span>
    </annotation>
    <annotation annotator="Michael Bada" id="UBERON_Instance_240400" type="identity">
      <class id="UBERON:0001388" label="gastrocnemius"/>
      <span end="22257" id="15328533-7004" start="22237">gastrocnemius muscle</span>
    </annotation>
    <annotation annotator="Michael Bada" id="UBERON_Instance_240402" type="identity">
      <class id="UBERON:0001388" label="gastrocnemius"/>
      <span end="22447" id="15328533-7006" start="22427">gastrocnemius muscle</span>
    </annotation>
    <annotation annotator="Michael Bada" id="UBERON_Instance_240404" type="identity">
      <class id="UBERON_EXT:muscle_structure_or_tissue" label="muscle structure or tissue"/>
      <span end="22711" id="15328533-7008" start="22705">muscle</span>
    </annotation>
    <annotation annotator="Michael Bada" id="UBERON_Instance_240406" type="identity">
      <class id="UBERON:0001388" label="gastrocnemius"/>
      <span end="22817" id="15328533-7010" start="22797">gastrocnemius muscle</span>
    </annotation>
    <annotation annotator="Michael Bada" id="UBERON_Instance_240408" type="identity">
      <class id="UBERON:0001388" label="gastrocnemius"/>
      <span end="22977" id="15328533-7012" start="22957">gastrocnemius muscle</span>
    </annotation>
    <annotation annotator="Nicole Vasilevsky" id="UBERON_Instance_800046" type="identity">
      <class id="CHEBI_UBERON_EXT:triglyceride_or_adipose_tissue" label="fat"/>
      <span end="23045" id="15328533-7136" start="23042">Fat</span>
    </annotation>
    <annotation annotator="Nicole Vasilevsky" id="UBERON_Instance_800048" type="identity">
      <class id="CHEBI_UBERON_EXT:triglyceride_or_adipose_tissue" label="fat"/>
      <span end="23201" id="15328533-7138" start="23198">fat</span>
    </annotation>
    <annotation annotator="Michael Bada" id="UBERON_Instance_241338" type="identity">
      <class id="UBERON_EXT:body" label="body (proper or whole multicellular organism)"/>
      <span end="23242" id="15328533-7070" start="23238">body</span>
    </annotation>
    <annotation annotator="Michael Bada" id="UBERON_Instance_241082" type="identity">
      <class id="UBERON_EXT:body" label="body (proper or whole multicellular organism)"/>
      <span end="23342" id="15328533-7044" start="23338">body</span>
    </annotation>
    <annotation annotator="Nicole Vasilevsky" id="UBERON_Instance_800050" type="identity">
      <class id="CHEBI_UBERON_EXT:triglyceride_or_adipose_tissue" label="fat"/>
      <span end="23393" id="15328533-7140" start="23390">fat</span>
    </annotation>
    <annotation annotator="Michael Bada" id="UBERON_Instance_241340" type="identity">
      <class id="UBERON:0010410" label="inguinal fat pad"/>
      <span end="23437" id="15328533-7072" start="23421">inguinal fat pad</span>
    </annotation>
    <annotation annotator="Nicole Vasilevsky" id="UBERON_Instance_800052" type="identity">
      <class id="CHEBI_UBERON_EXT:triglyceride_or_adipose_tissue" label="fat"/>
      <span end="23498" id="15328533-7142" start="23495">fat</span>
    </annotation>
    <annotation annotator="Michael Bada" id="UBERON_Instance_241084" type="identity">
      <class id="UBERON_EXT:muscle_structure_or_tissue" label="muscle structure or tissue"/>
      <span end="23538" id="15328533-7046" start="23530">muscular</span>
    </annotation>
    <annotation annotator="Nicole Vasilevsky" id="UBERON_Instance_800054" type="identity">
      <class id="CHEBI_UBERON_EXT:triglyceride_or_adipose_tissue" label="fat"/>
      <span end="23618" id="15328533-7144" start="23615">fat</span>
    </annotation>
    <annotation annotator="Nicole Vasilevsky" id="UBERON_Instance_800056" type="identity">
      <class id="CHEBI_UBERON_EXT:triglyceride_or_adipose_tissue" label="fat"/>
      <span end="23691" id="15328533-7146" start="23688">fat</span>
    </annotation>
    <annotation annotator="Michael Bada" id="UBERON_Instance_241366" type="identity">
      <class id="UBERON_EXT:body" label="body (proper or whole multicellular organism)"/>
      <span end="23783" id="15328533-7080" start="23779">body</span>
    </annotation>
    <annotation annotator="Michael Bada" id="UBERON_Instance_241342" type="identity">
      <class id="UBERON:0000178" label="blood"/>
      <span end="23802" id="15328533-7074" start="23797">blood</span>
    </annotation>
    <annotation annotator="Nicole Vasilevsky" id="UBERON_Instance_800058" type="identity">
      <class id="CHEBI_UBERON_EXT:triglyceride_or_adipose_tissue" label="fat"/>
      <span end="23927" id="15328533-7148" start="23924">Fat</span>
    </annotation>
    <annotation annotator="Nicole Vasilevsky" id="UBERON_Instance_800060" type="identity">
      <class id="CHEBI_UBERON_EXT:triglyceride_or_adipose_tissue" label="fat"/>
      <span end="23994" id="15328533-7150" start="23991">fat</span>
    </annotation>
    <annotation annotator="Michael Bada" id="UBERON_Instance_240410" type="identity">
      <class id="UBERON:0001388" label="gastrocnemius"/>
      <span end="24111" id="15328533-7014" start="24091">gastrocnemius muscle</span>
    </annotation>
    <annotation annotator="Michael Bada" id="UBERON_Instance_241086" type="identity">
      <class id="UBERON_EXT:body" label="body (proper or whole multicellular organism)"/>
      <span end="24159" id="15328533-7048" start="24155">body</span>
    </annotation>
    <annotation annotator="Michael Bada" id="UBERON_Instance_241088" type="identity">
      <class id="UBERON_EXT:body" label="body (proper or whole multicellular organism)"/>
      <span end="24265" id="15328533-7050" start="24261">body</span>
    </annotation>
    <annotation annotator="Michael Bada" id="UBERON_Instance_241090" type="identity">
      <class id="UBERON:0000479" label="tissue"/>
      <span end="24386" id="15328533-7052" start="24380">tissue</span>
    </annotation>
    <annotation annotator="Michael Bada" id="UBERON_Instance_250098" type="identity">
      <class id="UBERON:0008337" label="inguinal part of abdomen"/>
      <span end="24442" id="15328533-7088" start="24434">inguinal</span>
    </annotation>
    <annotation annotator="Nicole Vasilevsky" id="UBERON_Instance_800062" type="identity">
      <class id="CHEBI_UBERON_EXT:triglyceride_or_adipose_tissue" label="fat"/>
      <span end="24446" id="15328533-7152" start="24443">fat</span>
    </annotation>
    <annotation annotator="Nicole Vasilevsky" id="UBERON_Instance_800064" type="identity">
      <class id="CHEBI_UBERON_EXT:triglyceride_or_adipose_tissue" label="fat"/>
      <span end="24471" id="15328533-7154" start="24468">fat</span>
    </annotation>
    <annotation annotator="Michael Bada" id="UBERON_Instance_250100" type="identity">
      <class id="UBERON:0003693" label="retroperitoneal space"/>
      <span end="24498" id="15328533-7090" start="24483">retroperitoneal</span>
    </annotation>
    <annotation annotator="Nicole Vasilevsky" id="UBERON_Instance_800066" type="identity">
      <class id="CHEBI_UBERON_EXT:triglyceride_or_adipose_tissue" label="fat"/>
      <span end="24502" id="15328533-7156" start="24499">fat</span>
    </annotation>
    <annotation annotator="Michael Bada" id="UBERON_Instance_241092" type="identity">
      <class id="UBERON_EXT:body" label="body (proper or whole multicellular organism)"/>
      <span end="24644" id="15328533-7054" start="24640">body</span>
    </annotation>
    <annotation annotator="Michael Bada" id="UBERON_Instance_241094" type="identity">
      <class id="UBERON:0000178" label="blood"/>
      <span end="24658" id="15328533-7056" start="24653">Blood</span>
    </annotation>
    <annotation annotator="Michael Bada" id="UBERON_Instance_240146" type="identity">
      <class id="PATO_UBERON_EXT:male_or_bearer_of_maleness" label="male organism/bearer of maleness"/>
      <span end="24843" id="15328533-6866" start="24839">male</span>
    </annotation>
    <annotation annotator="Michael Bada" id="UBERON_Instance_241096" type="identity">
      <class id="UBERON_EXT:body" label="body (proper or whole multicellular organism)"/>
      <span end="24898" id="15328533-7058" start="24894">body</span>
    </annotation>
    <annotation annotator="Michael Bada" id="UBERON_Instance_240144" type="identity">
      <class id="PATO_UBERON_EXT:male_or_bearer_of_maleness" label="male organism/bearer of maleness"/>
      <span end="25058" id="15328533-6864" start="25054">male</span>
    </annotation>
    <annotation annotator="Michael Bada" id="UBERON_Instance_241098" type="identity">
      <class id="UBERON_EXT:body" label="body (proper or whole multicellular organism)"/>
      <span end="25115" id="15328533-7060" start="25111">body</span>
    </annotation>
    <annotation annotator="Michael Bada" id="UBERON_Instance_240412" type="identity">
      <class id="UBERON_EXT:skeletal_muscle_organ_or_tissue" label="skeletal muscle organ or tissue"/>
      <span end="25241" id="15328533-7016" start="25226">skeletal muscle</span>
    </annotation>
    <annotation annotator="Michael Bada" id="UBERON_Instance_240414" type="identity">
      <class id="UBERON_EXT:muscle_structure_or_tissue" label="muscle structure or tissue"/>
      <span end="25750" id="15328533-7018" start="25744">muscle</span>
    </annotation>
    <graph-space id="Old Knowtator Relations"/>
  </document>
</knowtator-project>
