<?xml version="1.0" encoding="UTF-8" standalone="no"?>
<knowtator-project>
    <document id="15550985" text-file="15550985.txt">
        <annotation annotator="Michael Bada" id="UBERON_Instance_272340" type="identity">
            <class id="UBERON:0000044" label="dorsal root ganglion"/>
            <span end="376" id="15550985-9711" start="357">dorsal root ganglia</span>
        </annotation>
        <annotation annotator="Michael Bada" id="UBERON_Instance_260402" type="identity">
            <class id="UBERON:0003718" label="muscle spindle"/>
            <span end="508" id="15550985-9669" start="493">muscle spindles</span>
        </annotation>
        <annotation annotator="Michael Bada" id="UBERON_Instance_320347" type="identity">
            <class id="UBERON:0005090" label="muscle structure"/>
            <span end="577" id="15550985-10251" start="570">muscles</span>
        </annotation>
        <annotation annotator="Michael Bada" id="UBERON_Instance_290364" type="identity">
            <class id="UBERON:0001948" label="regional part of spinal cord"/>
            <span end="639" id="15550985-10219" start="629">regions of</span>
            <span end="655" id="15550985-10220" start="644">spinal cord</span>
        </annotation>
        <annotation annotator="Michael Bada" id="UBERON_Instance_290384" type="identity">
            <class id="UBERON:0009571" label="ventral midline"/>
            <span end="682" id="15550985-10224" start="675">midline</span>
        </annotation>
        <annotation annotator="Michael Bada" id="UBERON_Instance_272344" type="identity">
            <class id="UBERON:0000044" label="dorsal root ganglion"/>
            <span end="762" id="15550985-9713" start="742">dorsal root ganglion</span>
        </annotation>
        <annotation annotator="Michael Bada" id="UBERON_Instance_260394" type="identity">
            <class id="UBERON_EXT:muscle_structure_or_tissue" label="muscle structure or tissue"/>
            <span end="871" id="15550985-9667" start="865">muscle</span>
        </annotation>
        <annotation annotator="Michael Bada" id="UBERON_Instance_260404" type="identity">
            <class id="UBERON:0003718" label="muscle spindle"/>
            <span end="1281" id="15550985-9671" start="1266">muscle spindles</span>
        </annotation>
        <annotation annotator="Michael Bada" id="UBERON_Instance_272350" type="identity">
            <class id="UBERON:0000044" label="dorsal root ganglion"/>
            <span end="1340" id="15550985-9715" start="1321">dorsal root ganglia</span>
        </annotation>
        <annotation annotator="Michael Bada" id="UBERON_Instance_272352" type="identity">
            <class id="UBERON:0000044" label="dorsal root ganglion"/>
            <span end="1346" id="15550985-9717" start="1342">DRGs</span>
        </annotation>
        <annotation annotator="Michael Bada" id="UBERON_Instance_272354" type="identity">
            <class id="UBERON:0002240" label="spinal cord"/>
            <span end="1553" id="15550985-9719" start="1542">spinal cord</span>
        </annotation>
        <annotation annotator="Michael Bada" id="UBERON_Instance_272356" type="identity">
            <class id="UBERON:0004347" label="limb bud"/>
            <span end="1582" id="15550985-9721" start="1573">limb buds</span>
        </annotation>
        <annotation annotator="Michael Bada" id="UBERON_Instance_260406" type="identity">
            <class id="UBERON:0003718" label="muscle spindle"/>
            <span end="1631" id="15550985-9673" start="1616">muscle spindles</span>
        </annotation>
        <annotation annotator="Michael Bada" id="UBERON_Instance_260408" type="identity">
            <class id="UBERON:0003718" label="muscle spindle"/>
            <span end="1793" id="15550985-9675" start="1779">muscle spindle</span>
        </annotation>
        <annotation annotator="Nicole Vasilevsky" id="UBERON+extensions+nested_Instance_100002" type="identity">
            <class id="GO_UBERON_EXT:nerve_ending_or_neuron_projection_terminus" label="nerve ending or neuron projection terminus"/>
            <span end="1849" id="15550985-9619" start="1836">nerve endings</span>
        </annotation>
        <annotation annotator="Michael Bada" id="UBERON_Instance_260236" type="identity">
            <class id="UBERON:0000922" label="embryo"/>
            <span end="1884" id="15550985-9635" start="1878">embryo</span>
        </annotation>
        <annotation annotator="Michael Bada" id="UBERON_Instance_272364" type="identity">
            <class id="UBERON:0002101" label="limb"/>
            <span end="1890" id="15550985-9723" start="1886">limb</span>
        </annotation>
        <annotation annotator="Michael Bada" id="UBERON_Instance_272366" type="identity">
            <class id="UBERON:0004347" label="limb bud"/>
            <span end="1948" id="15550985-9725" start="1939">limb buds</span>
        </annotation>
        <annotation annotator="Nicole Vasilevsky" id="UBERON_Instance_850167" type="identity">
            <class id="GO_UBERON_EXT:innervation_entity_or_process" label="innervation entity or process"/>
            <span end="2019" id="15550985-10287" start="2008">innervation</span>
        </annotation>
        <annotation annotator="Michael Bada" id="UBERON_Instance_260410" type="identity">
            <class id="UBERON_EXT:muscle_structure_or_tissue" label="muscle structure or tissue"/>
            <span end="2119" id="15550985-9677" start="2113">muscle</span>
        </annotation>
        <annotation annotator="Nicole Vasilevsky" id="UBERON+extensions+nested_Instance_50002" type="identity">
            <class id="GO_UBERON_EXT:proprioceptor" label="proprioceptor"/>
            <span end="2212" id="15550985-9623" start="2198">proprioceptors</span>
        </annotation>
        <annotation annotator="Michael Bada" id="UBERON_Instance_280108" type="identity">
            <class id="UBERON:0000044" label="dorsal root ganglion"/>
            <span end="2434" id="15550985-10177" start="2431">DRG</span>
        </annotation>
        <annotation annotator="Michael Bada" id="UBERON_Instance_260238" type="identity">
            <class id="UBERON:0000922" label="embryo"/>
            <span end="3227" id="15550985-9637" start="3218">embryonic</span>
        </annotation>
        <annotation annotator="Michael Bada" id="UBERON_Instance_280110" type="identity">
            <class id="UBERON:0000044" label="dorsal root ganglion"/>
            <span end="3258" id="15550985-10179" start="3255">DRG</span>
        </annotation>
        <annotation annotator="Michael Bada" id="UBERON_Instance_280112" type="identity">
            <class id="UBERON:0000044" label="dorsal root ganglion"/>
            <span end="3694" id="15550985-10181" start="3690">DRGs</span>
        </annotation>
        <annotation annotator="Michael Bada" id="UBERON_Instance_280114" type="identity">
            <class id="UBERON:0000044" label="dorsal root ganglion"/>
            <span end="3776" id="15550985-10183" start="3772">DRGs</span>
        </annotation>
        <annotation annotator="Michael Bada" id="UBERON_Instance_290372" type="identity">
            <class id="UBERON:0000044" label="dorsal root ganglion"/>
            <span end="3831" id="15550985-10222" start="3827">DRGs</span>
        </annotation>
        <annotation annotator="Michael Bada" id="UBERON_Instance_280116" type="identity">
            <class id="UBERON:0000044" label="dorsal root ganglion"/>
            <span end="3872" id="15550985-10185" start="3868">DRGs</span>
        </annotation>
        <annotation annotator="Nicole Vasilevsky" id="UBERON_Instance_850169" type="identity">
            <class id="GO_UBERON_EXT:innervation_entity_or_process" label="innervation entity or process"/>
            <span end="4125" id="15550985-10289" start="4114">Innervation</span>
        </annotation>
        <annotation annotator="Michael Bada" id="UBERON_Instance_272384" type="identity">
            <class id="UBERON:0002240" label="spinal cord"/>
            <span end="4188" id="15550985-9727" start="4177">spinal cord</span>
        </annotation>
        <annotation annotator="Michael Bada" id="UBERON_Instance_272388" type="identity">
            <class id="UBERON:0002240" label="spinal cord"/>
            <span end="4313" id="15550985-9729" start="4302">spinal cord</span>
        </annotation>
        <annotation annotator="Michael Bada" id="UBERON_Instance_272392" type="identity">
            <class id="UBERON:0002240" label="spinal cord"/>
            <span end="4360" id="15550985-9731" start="4356">cord</span>
        </annotation>
        <annotation annotator="Michael Bada" id="UBERON_Instance_272394" type="identity">
            <class id="UBERON:0002257" label="ventral horn of spinal cord"/>
            <span end="4412" id="15550985-9733" start="4399">ventral horns</span>
        </annotation>
        <annotation annotator="Michael Bada" id="UBERON_Instance_260240" type="identity">
            <class id="UBERON:0000922" label="embryo"/>
            <span end="4461" id="15550985-9639" start="4454">embryos</span>
        </annotation>
        <annotation annotator="Michael Bada" id="UBERON_Instance_272396" type="identity">
            <class id="UBERON:0002240" label="spinal cord"/>
            <span end="4525" id="15550985-9735" start="4514">spinal cord</span>
        </annotation>
        <annotation annotator="Michael Bada" id="UBERON_Instance_272400" type="identity">
            <class id="UBERON:0002240" label="spinal cord"/>
            <span end="4605" id="15550985-9737" start="4594">spinal cord</span>
        </annotation>
        <annotation annotator="Michael Bada" id="UBERON_Instance_272402" type="identity">
            <class id="UBERON:0002240" label="spinal cord"/>
            <span end="4658" id="15550985-9739" start="4647">spinal cord</span>
        </annotation>
        <annotation annotator="Nicole Vasilevsky" id="UBERON_Instance_840382" type="identity">
            <class id="GO_UBERON_EXT:nerve_ending_or_neuron_projection_terminus" label="nerve ending or neuron projection terminus"/>
            <span end="4832" id="15550985-10275" start="4824">terminal</span>
        </annotation>
        <annotation annotator="Michael Bada" id="UBERON_Instance_272408" type="identity">
            <class id="UBERON:0000044" label="dorsal root ganglion"/>
            <span end="4907" id="15550985-9741" start="4904">DRG</span>
        </annotation>
        <annotation annotator="Michael Bada" id="UBERON_Instance_310070" type="identity">
            <class id="NCBITaxon_UBERON_EXT:pup" label="pup"/>
            <span end="4973" id="15550985-10245" start="4969">pups</span>
        </annotation>
        <annotation annotator="Michael Bada" id="UBERON_Instance_280118" type="identity">
            <class id="UBERON:0002240" label="spinal cord"/>
            <span end="5030" id="15550985-10187" start="5019">spinal cord</span>
        </annotation>
        <annotation annotator="Michael Bada" id="UBERON_Instance_272410" type="identity">
            <class id="UBERON:0002257" label="ventral horn of spinal cord"/>
            <span end="5084" id="15550985-9743" start="5072">ventral horn</span>
        </annotation>
        <annotation annotator="Michael Bada" id="UBERON_Instance_272414" type="identity">
            <class id="UBERON:0010405" label="spinal cord lateral motor column"/>
            <span end="5162" id="15550985-9745" start="5142">lateral motor column</span>
        </annotation>
        <annotation annotator="Michael Bada" id="UBERON_Instance_272416" type="identity">
            <class id="UBERON:0002240" label="spinal cord"/>
            <span end="5259" id="15550985-9747" start="5248">spinal cord</span>
        </annotation>
        <annotation annotator="Nicole Vasilevsky" id="UBERON_Instance_850171" type="identity">
            <class id="GO_UBERON_EXT:innervation_entity_or_process" label="innervation entity or process"/>
            <span end="5370" id="15550985-10291" start="5359">innervation</span>
        </annotation>
        <annotation annotator="Michael Bada" id="UBERON_Instance_272428" type="identity">
            <class id="UBERON:0000934" label="ventral nerve cord"/>
            <span end="5592" id="15550985-9757" start="5580">ventral cord</span>
        </annotation>
        <annotation annotator="Michael Bada" id="UBERON_Instance_272420" type="identity">
            <class id="UBERON:0010405" label="spinal cord lateral motor column"/>
            <span end="5626" id="15550985-9749" start="5606">lateral motor column</span>
        </annotation>
        <annotation annotator="Michael Bada" id="UBERON_Instance_272422" type="identity">
            <class id="UBERON:0009571" label="ventral midline"/>
            <span end="5676" id="15550985-9751" start="5661">ventral midline</span>
        </annotation>
        <annotation annotator="Michael Bada" id="UBERON_Instance_272424" type="identity">
            <class id="UBERON:0009571" label="ventral midline"/>
            <span end="5702" id="15550985-9753" start="5695">midline</span>
        </annotation>
        <annotation annotator="Michael Bada" id="UBERON_Instance_272426" type="identity">
            <class id="UBERON:0000934" label="ventral nerve cord"/>
            <span end="5751" id="15550985-9755" start="5739">ventral cord</span>
        </annotation>
        <annotation annotator="Nicole Vasilevsky" id="UBERON_Instance_850173" type="identity">
            <class id="GO_UBERON_EXT:innervation_entity_or_process" label="innervation entity or process"/>
            <span end="5861" id="15550985-10293" start="5850">innervation</span>
        </annotation>
        <annotation annotator="Nicole Vasilevsky" id="UBERON_Instance_850175" type="identity">
            <class id="GO_UBERON_EXT:innervation_entity_or_process" label="innervation entity or process"/>
            <span end="5938" id="15550985-10295" start="5927">Innervation</span>
        </annotation>
        <annotation annotator="Michael Bada" id="UBERON_Instance_272432" type="identity">
            <class id="UBERON:0002240" label="spinal cord"/>
            <span end="5967" id="15550985-9759" start="5955">spinal cords</span>
        </annotation>
        <annotation annotator="Michael Bada" id="UBERON_Instance_272434" type="identity">
            <class id="UBERON:0002256" label="dorsal horn of spinal cord"/>
            <span end="6031" id="15550985-9761" start="6019">Dorsal horns</span>
        </annotation>
        <annotation annotator="Michael Bada" id="UBERON_Instance_272436" type="identity">
            <class id="UBERON:0001021" label="nerve"/>
            <span end="6107" id="15550985-9763" start="6102">nerve</span>
        </annotation>
        <annotation annotator="Michael Bada" id="UBERON_Instance_260242" type="identity">
            <class id="UBERON:0000922" label="embryo"/>
            <span end="6175" id="15550985-9641" start="6168">embryos</span>
        </annotation>
        <annotation annotator="Michael Bada" id="UBERON_Instance_272440" type="identity">
            <class id="UBERON:0002257" label="ventral horn of spinal cord"/>
            <span end="6228" id="15550985-9765" start="6216">ventral horn</span>
        </annotation>
        <annotation annotator="Michael Bada" id="UBERON_Instance_272444" type="identity">
            <class id="UBERON:0002257" label="ventral horn of spinal cord"/>
            <span end="6288" id="15550985-9767" start="6275">ventral horns</span>
        </annotation>
        <annotation annotator="Michael Bada" id="UBERON_Instance_260244" type="identity">
            <class id="UBERON:0000922" label="embryo"/>
            <span end="6311" id="15550985-9643" start="6304">embryos</span>
        </annotation>
        <annotation annotator="Nicole Vasilevsky" id="UBERON_Instance_850177" type="identity">
            <class id="GO_UBERON_EXT:innervation_entity_or_process" label="innervation entity or process"/>
            <span end="6338" id="15550985-10297" start="6327">innervation</span>
        </annotation>
        <annotation annotator="Michael Bada" id="UBERON_Instance_272446" type="identity">
            <class id="UBERON:0002240" label="spinal cord"/>
            <span end="6430" id="15550985-9769" start="6419">spinal cord</span>
        </annotation>
        <annotation annotator="Michael Bada" id="UBERON_Instance_272448" type="identity">
            <class id="UBERON:0009571" label="ventral midline"/>
            <span end="6464" id="15550985-9771" start="6457">midline</span>
        </annotation>
        <annotation annotator="Michael Bada" id="UBERON_Instance_272450" type="identity">
            <class id="UBERON:0002257" label="ventral horn of spinal cord"/>
            <span end="6492" id="15550985-9773" start="6480">ventral horn</span>
        </annotation>
        <annotation annotator="Nicole Vasilevsky" id="UBERON_Instance_850179" type="identity">
            <class id="GO_UBERON_EXT:innervation_entity_or_process" label="innervation entity or process"/>
            <span end="6617" id="15550985-10299" start="6606">innervation</span>
        </annotation>
        <annotation annotator="Michael Bada" id="UBERON_Instance_272452" type="identity">
            <class id="UBERON:0002257" label="ventral horn of spinal cord"/>
            <span end="6640" id="15550985-9775" start="6625">ventral horn of</span>
            <span end="6670" id="15550985-9776" start="6659">spinal cord</span>
        </annotation>
        <annotation annotator="Michael Bada" id="UBERON_Instance_272460" type="identity">
            <class id="UBERON:0002257" label="ventral horn of spinal cord"/>
            <span end="6796" id="15550985-9778" start="6784">ventral horn</span>
        </annotation>
        <annotation annotator="Michael Bada" id="UBERON_Instance_290402" type="identity">
            <class id="UBERON:0024914" label="circuit part of central nervous system"/>
            <span end="6840" id="15550985-10226" start="6833">circuit</span>
        </annotation>
        <annotation annotator="Nicole Vasilevsky" id="UBERON_Instance_850181" type="identity">
            <class id="GO_UBERON_EXT:innervation_entity_or_process" label="innervation entity or process"/>
            <span end="7116" id="15550985-10301" start="7105">Innervation</span>
        </annotation>
        <annotation annotator="Nicole Vasilevsky" id="UBERON_Instance_850183" type="identity">
            <class id="GO_UBERON_EXT:innervation_entity_or_process" label="innervation entity or process"/>
            <span end="7158" id="15550985-10303" start="7147">innervation</span>
        </annotation>
        <annotation annotator="Michael Bada" id="UBERON_Instance_272466" type="identity">
            <class id="UBERON:0003718" label="muscle spindle"/>
            <span end="7204" id="15550985-9780" start="7197">spindle</span>
        </annotation>
        <annotation annotator="Michael Bada" id="UBERON_Instance_260414" type="identity">
            <class id="UBERON:0001388" label="gastrocnemius"/>
            <span end="7244" id="15550985-9681" start="7224">gastrocnemius muscle</span>
        </annotation>
        <annotation annotator="Michael Bada" id="UBERON_Instance_260412" type="identity">
            <class id="UBERON:0003718" label="muscle spindle"/>
            <span end="7261" id="15550985-9679" start="7246">Muscle spindles</span>
        </annotation>
        <annotation annotator="Nicole Vasilevsky" id="UBERON_Instance_840392" type="identity">
            <class id="GO_UBERON_EXT:nerve_ending_or_neuron_projection_terminus" label="nerve ending or neuron projection terminus"/>
            <span end="7470" id="15550985-10285" start="7463">endings</span>
        </annotation>
        <annotation annotator="Michael Bada" id="UBERON_Instance_260416" type="identity">
            <class id="UBERON:0003718" label="muscle spindle"/>
            <span end="7666" id="15550985-9683" start="7651">muscle spindles</span>
        </annotation>
        <annotation annotator="Michael Bada" id="UBERON_Instance_272472" type="identity">
            <class id="UBERON:0003718" label="muscle spindle"/>
            <span end="7760" id="15550985-9782" start="7752">spindles</span>
        </annotation>
        <annotation annotator="Michael Bada" id="UBERON_Instance_272474" type="identity">
            <class id="UBERON:0003718" label="muscle spindle"/>
            <span end="7782" id="15550985-9784" start="7774">spindles</span>
        </annotation>
        <annotation annotator="Michael Bada" id="UBERON_Instance_260418" type="identity">
            <class id="UBERON_EXT:muscle_structure_or_tissue" label="muscle structure or tissue"/>
            <span end="7853" id="15550985-9685" start="7847">muscle</span>
        </annotation>
        <annotation annotator="Michael Bada" id="UBERON_Instance_260420" type="identity">
            <class id="UBERON:0003718" label="muscle spindle"/>
            <span end="7938" id="15550985-9687" start="7923">muscle spindles</span>
        </annotation>
        <annotation annotator="Michael Bada" id="UBERON_Instance_272476" type="identity">
            <class id="UBERON:0002101" label="limb"/>
            <span end="7965" id="15550985-9786" start="7960">limbs</span>
        </annotation>
        <annotation annotator="Michael Bada" id="UBERON_Instance_260422" type="identity">
            <class id="UBERON:0003718" label="muscle spindle"/>
            <span end="8015" id="15550985-9689" start="8000">Muscle spindles</span>
        </annotation>
        <annotation annotator="Michael Bada" id="UBERON_Instance_320349" type="identity">
            <class id="UBERON:0005090" label="muscle structure"/>
            <span end="8206" id="15550985-10253" start="8199">muscles</span>
        </annotation>
        <annotation annotator="Michael Bada" id="UBERON_Instance_320351" type="identity">
            <class id="UBERON:0005090" label="muscle structure"/>
            <span end="8224" id="15550985-10255" start="8217">muscles</span>
        </annotation>
        <annotation annotator="Michael Bada" id="UBERON_Instance_272480" type="identity">
            <class id="UBERON:0006134" label="nerve fiber"/>
            <span end="8284" id="15550985-9788" start="8272">nerve fibers</span>
        </annotation>
        <annotation annotator="Michael Bada" id="UBERON_Instance_320353" type="identity">
            <class id="UBERON:0005090" label="muscle structure"/>
            <span end="8343" id="15550985-10257" start="8336">muscles</span>
        </annotation>
        <annotation annotator="Michael Bada" id="UBERON_Instance_260430" type="identity">
            <class id="UBERON:0003718" label="muscle spindle"/>
            <span end="8438" id="15550985-9691" start="8423">muscle spindles</span>
        </annotation>
        <annotation annotator="Michael Bada" id="UBERON_Instance_260432" type="identity">
            <class id="UBERON:0003718" label="muscle spindle"/>
            <span end="8668" id="15550985-9693" start="8654">muscle spindle</span>
        </annotation>
        <annotation annotator="Michael Bada" id="UBERON_Instance_260434" type="identity">
            <class id="UBERON:0003718" label="muscle spindle"/>
            <span end="8802" id="15550985-9695" start="8788">muscle spindle</span>
        </annotation>
        <annotation annotator="Michael Bada" id="UBERON_Instance_272488" type="identity">
            <class id="UBERON:0003718" label="muscle spindle"/>
            <span end="8908" id="15550985-9790" start="8900">spindles</span>
        </annotation>
        <annotation annotator="Michael Bada" id="UBERON_Instance_260246" type="identity">
            <class id="UBERON:0000922" label="embryo"/>
            <span end="8981" id="15550985-9645" start="8974">embryos</span>
        </annotation>
        <annotation annotator="Michael Bada" id="UBERON_Instance_320355" type="identity">
            <class id="UBERON:0005090" label="muscle structure"/>
            <span end="9023" id="15550985-10259" start="9016">muscles</span>
        </annotation>
        <annotation annotator="Michael Bada" id="UBERON_Instance_272490" type="identity">
            <class id="UBERON:0003718" label="muscle spindle"/>
            <span end="9047" id="15550985-9792" start="9039">spindles</span>
        </annotation>
        <annotation annotator="Michael Bada" id="UBERON_Instance_272492" type="identity">
            <class id="UBERON:0003718" label="muscle spindle"/>
            <span end="9083" id="15550985-9794" start="9076">spindle</span>
        </annotation>
        <annotation annotator="Michael Bada" id="UBERON_Instance_272494" type="identity">
            <class id="UBERON:0000978" label="leg"/>
            <span end="9118" id="15550985-9796" start="9115">leg</span>
        </annotation>
        <annotation annotator="Michael Bada" id="UBERON_Instance_260248" type="identity">
            <class id="UBERON:0000922" label="embryo"/>
            <span end="9131" id="15550985-9647" start="9125">embryo</span>
        </annotation>
        <annotation annotator="Michael Bada" id="UBERON_Instance_260438" type="identity">
            <class id="UBERON:0003718" label="muscle spindle"/>
            <span end="9259" id="15550985-9697" start="9244">muscle spindles</span>
        </annotation>
        <annotation annotator="Michael Bada" id="UBERON_Instance_320357" type="identity">
            <class id="UBERON:0005090" label="muscle structure"/>
            <span end="9318" id="15550985-10261" start="9311">muscles</span>
        </annotation>
        <annotation annotator="Michael Bada" id="UBERON_Instance_320359" type="identity">
            <class id="UBERON:0005090" label="muscle structure"/>
            <span end="9438" id="15550985-10263" start="9431">muscles</span>
        </annotation>
        <annotation annotator="Michael Bada" id="UBERON_Instance_260444" type="identity">
            <class id="UBERON:0003718" label="muscle spindle"/>
            <span end="9512" id="15550985-9699" start="9497">muscle spindles</span>
        </annotation>
        <annotation annotator="Michael Bada" id="UBERON_Instance_272498" type="identity">
            <class id="UBERON:0001323" label="tibial nerve"/>
            <span end="9577" id="15550985-9798" start="9565">tibial nerve</span>
        </annotation>
        <annotation annotator="Michael Bada" id="UBERON_Instance_260446" type="identity">
            <class id="UBERON:0001388" label="gastrocnemius"/>
            <span end="9635" id="15550985-9701" start="9615">gastrocnemius muscle</span>
        </annotation>
        <annotation annotator="Michael Bada" id="UBERON_Instance_272504" type="identity">
            <class id="UBERON:0004264" label="lower leg skin"/>
            <span end="9658" id="15550985-9800" start="9651">skin of</span>
            <span end="9672" id="15550985-9801" start="9663">lower leg</span>
        </annotation>
        <annotation annotator="Michael Bada" id="UBERON_Instance_272506" type="identity">
            <class id="UBERON:0001323" label="tibial nerve"/>
            <span end="9740" id="15550985-9803" start="9728">tibial nerve</span>
        </annotation>
        <annotation annotator="Michael Bada" id="UBERON_Instance_272508" type="identity">
            <class id="UBERON:0001021" label="nerve"/>
            <span end="10000" id="15550985-9805" start="9983">peripheral nerves</span>
        </annotation>
        <annotation annotator="Michael Bada" id="UBERON_Instance_320361" type="identity">
            <class id="UBERON:0005090" label="muscle structure"/>
            <span end="10045" id="15550985-10265" start="10038">muscles</span>
        </annotation>
        <annotation annotator="Michael Bada" id="UBERON_Instance_272510" type="identity">
            <class id="UBERON:0000044" label="dorsal root ganglion"/>
            <span end="10104" id="15550985-9807" start="10101">DRG</span>
        </annotation>
        <annotation annotator="Michael Bada" id="UBERON_Instance_272514" type="identity">
            <class id="UBERON:0002315" label="gray matter of spinal cord"/>
            <span end="10291" id="15550985-9809" start="10280">gray matter</span>
        </annotation>
        <annotation annotator="Michael Bada" id="UBERON_Instance_290418" type="identity">
            <class id="UBERON:0002240" label="spinal cord"/>
            <span end="10310" id="15550985-10228" start="10299">spinal cord</span>
        </annotation>
        <annotation annotator="Michael Bada" id="UBERON_Instance_280128" type="identity">
            <class id="UBERON:0009571" label="ventral midline"/>
            <span end="10356" id="15550985-10189" start="10349">midline</span>
        </annotation>
        <annotation annotator="Michael Bada" id="UBERON_Instance_272518" type="identity">
            <class id="UBERON:0000044" label="dorsal root ganglion"/>
            <span end="10467" id="15550985-9811" start="10464">DRG</span>
        </annotation>
        <annotation annotator="Michael Bada" id="UBERON_Instance_272520" type="identity">
            <class id="UBERON:0001977" label="serum"/>
            <span end="10567" id="15550985-9813" start="10562">serum</span>
        </annotation>
        <annotation annotator="Michael Bada" id="UBERON_Instance_272522" type="identity">
            <class id="UBERON:0000044" label="dorsal root ganglion"/>
            <span end="10642" id="15550985-9815" start="10639">DRG</span>
        </annotation>
        <annotation annotator="Michael Bada" id="UBERON_Instance_272524" type="identity">
            <class id="UBERON:0000045" label="ganglion"/>
            <span end="10967" id="15550985-9817" start="10960">ganglia</span>
        </annotation>
        <annotation annotator="Michael Bada" id="UBERON_Instance_272526" type="identity">
            <class id="UBERON:0000044" label="dorsal root ganglion"/>
            <span end="11120" id="15550985-9819" start="11117">DRG</span>
        </annotation>
        <annotation annotator="Michael Bada" id="UBERON_Instance_272528" type="identity">
            <class id="UBERON:0000045" label="ganglion"/>
            <span end="11190" id="15550985-9821" start="11183">ganglia</span>
        </annotation>
        <annotation annotator="Michael Bada" id="UBERON_Instance_280130" type="identity">
            <class id="UBERON:0000044" label="dorsal root ganglion"/>
            <span end="11669" id="15550985-10191" start="11665">DRGs</span>
        </annotation>
        <annotation annotator="Michael Bada" id="UBERON_Instance_272530" type="identity">
            <class id="UBERON:0000045" label="ganglion"/>
            <span end="11731" id="15550985-9823" start="11724">ganglia</span>
        </annotation>
        <annotation annotator="Michael Bada" id="UBERON_Instance_272532" type="identity">
            <class id="UBERON:0000044" label="dorsal root ganglion"/>
            <span end="11947" id="15550985-9825" start="11944">DRG</span>
        </annotation>
        <annotation annotator="Michael Bada" id="UBERON_Instance_272534" type="identity">
            <class id="UBERON:0002240" label="spinal cord"/>
            <span end="11959" id="15550985-9827" start="11948">spinal cord</span>
        </annotation>
        <annotation annotator="Michael Bada" id="UBERON_Instance_280132" type="identity">
            <class id="UBERON:0009571" label="ventral midline"/>
            <span end="12022" id="15550985-10193" start="12015">midline</span>
        </annotation>
        <annotation annotator="Michael Bada" id="UBERON_Instance_272536" type="identity">
            <class id="UBERON:0002240" label="spinal cord"/>
            <span end="12041" id="15550985-9829" start="12030">spinal cord</span>
        </annotation>
        <annotation annotator="Michael Bada" id="UBERON_Instance_280134" type="identity">
            <class id="UBERON:0000044" label="dorsal root ganglion"/>
            <span end="12171" id="15550985-10195" start="12167">DRGs</span>
        </annotation>
        <annotation annotator="Michael Bada" id="UBERON_Instance_272540" type="identity">
            <class id="UBERON:0002240" label="spinal cord"/>
            <span end="12221" id="15550985-9831" start="12210">spinal cord</span>
        </annotation>
        <annotation annotator="Michael Bada" id="UBERON_Instance_272544" type="identity">
            <class id="UBERON:0002240" label="spinal cord"/>
            <span end="12443" id="15550985-9833" start="12432">spinal cord</span>
        </annotation>
        <annotation annotator="Michael Bada" id="UBERON_Instance_280164" type="identity">
            <class id="UBERON:0002315" label="gray matter of spinal cord"/>
            <span end="12507" id="15550985-10213" start="12496">gray matter</span>
        </annotation>
        <annotation annotator="Michael Bada" id="UBERON_Instance_280168" type="identity">
            <class id="UBERON:0002315" label="gray matter of spinal cord"/>
            <span end="12641" id="15550985-10215" start="12630">gray matter</span>
        </annotation>
        <annotation annotator="Michael Bada" id="UBERON_Instance_272546" type="identity">
            <class id="UBERON:0002240" label="spinal cord"/>
            <span end="12668" id="15550985-9835" start="12657">spinal cord</span>
        </annotation>
        <annotation annotator="Michael Bada" id="UBERON_Instance_280140" type="identity">
            <class id="UBERON:0009571" label="ventral midline"/>
            <span end="12693" id="15550985-10197" start="12686">midline</span>
        </annotation>
        <annotation annotator="Michael Bada" id="UBERON_Instance_272548" type="identity">
            <class id="UBERON:0000044" label="dorsal root ganglion"/>
            <span end="12803" id="15550985-9837" start="12799">DRGs</span>
        </annotation>
        <annotation annotator="Michael Bada" id="UBERON_Instance_272550" type="identity">
            <class id="UBERON:0002240" label="spinal cord"/>
            <span end="12829" id="15550985-9839" start="12818">spinal cord</span>
        </annotation>
        <annotation annotator="Michael Bada" id="UBERON_Instance_272552" type="identity">
            <class id="UBERON:0002240" label="spinal cord"/>
            <span end="12872" id="15550985-9841" start="12861">spinal cord</span>
        </annotation>
        <annotation annotator="Michael Bada" id="UBERON_Instance_272554" type="identity">
            <class id="UBERON:0000044" label="dorsal root ganglion"/>
            <span end="12950" id="15550985-9843" start="12947">DRG</span>
        </annotation>
        <annotation annotator="Michael Bada" id="UBERON_Instance_260258" type="identity">
            <class id="UBERON:0000922" label="embryo"/>
            <span end="13127" id="15550985-9649" start="13118">embryonic</span>
        </annotation>
        <annotation annotator="Michael Bada" id="UBERON_Instance_280144" type="identity">
            <class id="UBERON:0005868" label="maxillary prominence"/>
            <span end="13151" id="15550985-10199" start="13134">maxillary process</span>
        </annotation>
        <annotation annotator="Michael Bada" id="UBERON_Instance_272560" type="identity">
            <class id="UBERON:0001675" label="trigeminal ganglion"/>
            <span end="13174" id="15550985-9845" start="13155">trigeminal ganglion</span>
        </annotation>
        <annotation annotator="Michael Bada" id="UBERON_Instance_260022" type="identity">
            <class id="UBERON:0000955" label="brain"/>
            <span end="13244" id="15550985-9625" start="13239">brain</span>
        </annotation>
        <annotation annotator="Michael Bada" id="UBERON_Instance_272566" type="identity">
            <class id="UBERON:0002101" label="limb"/>
            <span end="13389" id="15550985-9847" start="13385">limb</span>
        </annotation>
        <annotation annotator="Michael Bada" id="UBERON_Instance_272572" type="identity">
            <class id="UBERON:0002101" label="limb"/>
            <span end="13645" id="15550985-9849" start="13641">limb</span>
        </annotation>
        <annotation annotator="Michael Bada" id="UBERON_Instance_272574" type="identity">
            <class id="UBERON:0001017" label="central nervous system"/>
            <span end="13746" id="15550985-9851" start="13724">central nervous system</span>
        </annotation>
        <annotation annotator="Michael Bada" id="UBERON_Instance_272576" type="identity">
            <class id="UBERON:0002240" label="spinal cord"/>
            <span end="13898" id="15550985-9853" start="13887">spinal cord</span>
        </annotation>
        <annotation annotator="Nicole Vasilevsky" id="UBERON_Instance_850185" type="identity">
            <class id="GO_UBERON_EXT:innervation_entity_or_process" label="innervation entity or process"/>
            <span end="14032" id="15550985-10305" start="14021">innervation</span>
        </annotation>
        <annotation annotator="Michael Bada" id="UBERON_Instance_272578" type="identity">
            <class id="UBERON:0002257" label="ventral horn of spinal cord"/>
            <span end="14049" id="15550985-9855" start="14036">ventral horns</span>
        </annotation>
        <annotation annotator="Michael Bada" id="UBERON_Instance_260260" type="identity">
            <class id="UBERON:0000922" label="embryo"/>
            <span end="14170" id="15550985-9651" start="14163">embryos</span>
        </annotation>
        <annotation annotator="Michael Bada" id="UBERON_Instance_272580" type="identity">
            <class id="UBERON:0002240" label="spinal cord"/>
            <span end="14244" id="15550985-9857" start="14233">spinal cord</span>
        </annotation>
        <annotation annotator="Michael Bada" id="UBERON_Instance_272586" type="identity">
            <class id="UBERON:0001690" label="ear"/>
            <span end="14821" id="15550985-9859" start="14818">ear</span>
        </annotation>
        <annotation annotator="Michael Bada" id="UBERON_Instance_272588" type="identity">
            <class id="UBERON_EXT:vestibule_or_vestibular_system" label="vestibule or vestibular system"/>
            <span end="14947" id="15550985-9861" start="14937">vestibular</span>
        </annotation>
        <annotation annotator="Michael Bada" id="UBERON_Instance_272590" type="identity">
            <class id="UBERON:0001844" label="cochlea"/>
            <span end="15009" id="15550985-9863" start="15002">cochlea</span>
        </annotation>
        <annotation annotator="Michael Bada" id="UBERON_Instance_272594" type="identity">
            <class id="UBERON:0002707" label="corticospinal tract"/>
            <span end="15330" id="15550985-9865" start="15317">corticospinal</span>
        </annotation>
        <annotation annotator="Michael Bada" id="UBERON_Instance_272596" type="identity">
            <class id="UBERON:0007023" label="adult organism"/>
            <span end="15353" id="15550985-9867" start="15348">adult</span>
        </annotation>
        <annotation annotator="Michael Bada" id="UBERON_Instance_272598" type="identity">
            <class id="UBERON:0002240" label="spinal cord"/>
            <span end="15365" id="15550985-9869" start="15354">spinal cord</span>
        </annotation>
        <annotation annotator="Michael Bada" id="UBERON_Instance_280146" type="identity">
            <class id="UBERON:0009571" label="ventral midline"/>
            <span end="15450" id="15550985-10201" start="15443">midline</span>
        </annotation>
        <annotation annotator="Michael Bada" id="UBERON_Instance_272600" type="identity">
            <class id="UBERON:0002240" label="spinal cord"/>
            <span end="15512" id="15550985-9871" start="15501">spinal cord</span>
        </annotation>
        <annotation annotator="Nicole Vasilevsky" id="UBERON_Instance_850187" type="identity">
            <class id="GO_UBERON_EXT:innervation_entity_or_process" label="innervation entity or process"/>
            <span end="15708" id="15550985-10307" start="15697">innervation</span>
        </annotation>
        <annotation annotator="Michael Bada" id="UBERON_Instance_320363" type="identity">
            <class id="UBERON:0005090" label="muscle structure"/>
            <span end="15792" id="15550985-10267" start="15785">muscles</span>
        </annotation>
        <annotation annotator="Michael Bada" id="UBERON_Instance_272606" type="identity">
            <class id="UBERON:0002240" label="spinal cord"/>
            <span end="15970" id="15550985-9873" start="15959">spinal cord</span>
        </annotation>
        <annotation annotator="Michael Bada" id="UBERON_Instance_272608" type="identity">
            <class id="UBERON:0002240" label="spinal cord"/>
            <span end="16047" id="15550985-9875" start="16035">spinal cords</span>
        </annotation>
        <annotation annotator="Michael Bada" id="UBERON_Instance_260452" type="identity">
            <class id="UBERON_EXT:muscle_structure_or_tissue" label="muscle structure or tissue"/>
            <span end="16158" id="15550985-9703" start="16152">muscle</span>
        </annotation>
        <annotation annotator="Michael Bada" id="UBERON_Instance_272612" type="identity">
            <class id="UBERON:0002240" label="spinal cord"/>
            <span end="16177" id="15550985-9877" start="16166">spinal cord</span>
        </annotation>
        <annotation annotator="Michael Bada" id="UBERON_Instance_272614" type="identity">
            <class id="UBERON:0002257" label="ventral horn of spinal cord"/>
            <span end="16269" id="15550985-9879" start="16256">ventral horns</span>
        </annotation>
        <annotation annotator="Michael Bada" id="UBERON_Instance_272616" type="identity">
            <class id="UBERON:0002240" label="spinal cord"/>
            <span end="16622" id="15550985-9881" start="16611">spinal cord</span>
        </annotation>
        <annotation annotator="Michael Bada" id="UBERON_Instance_272618" type="identity">
            <class id="UBERON:0001021" label="nerve"/>
            <span end="16743" id="15550985-9883" start="16726">peripheral nerves</span>
        </annotation>
        <annotation annotator="Michael Bada" id="UBERON_Instance_272620" type="identity">
            <class id="UBERON:0001021" label="nerve"/>
            <span end="16986" id="15550985-9885" start="16981">nerve</span>
        </annotation>
        <annotation annotator="Michael Bada" id="UBERON_Instance_260454" type="identity">
            <class id="UBERON:0001388" label="gastrocnemius"/>
            <span end="17258" id="15550985-9705" start="17238">gastrocnemius muscle</span>
        </annotation>
        <annotation annotator="Michael Bada" id="UBERON_Instance_260286" type="identity">
            <class id="UBERON:0007023" label="adult organism"/>
            <span end="17321" id="15550985-9655" start="17316">adult</span>
        </annotation>
        <annotation annotator="Michael Bada" id="UBERON_Instance_272622" type="identity">
            <class id="UBERON:0000044" label="dorsal root ganglion"/>
            <span end="17329" id="15550985-9887" start="17326">DRG</span>
        </annotation>
        <annotation annotator="Michael Bada" id="UBERON_Instance_260344" type="identity">
            <class id="UBERON_EXT:zone_of_skin_or_skin_of_body" label="skin"/>
            <span end="17389" id="15550985-9661" start="17380">cutaneous</span>
        </annotation>
        <annotation annotator="Nicole Vasilevsky" id="UBERON_Instance_850189" type="identity">
            <class id="GO_UBERON_EXT:innervation_entity_or_process" label="innervation entity or process"/>
            <span end="17401" id="15550985-10309" start="17390">innervation</span>
        </annotation>
        <annotation annotator="Michael Bada" id="UBERON_Instance_260346" type="identity">
            <class id="UBERON_EXT:zone_of_skin_or_skin_of_body" label="skin"/>
            <span end="17498" id="15550985-9663" start="17489">cutaneous</span>
        </annotation>
        <annotation annotator="Michael Bada" id="UBERON_Instance_260348" type="identity">
            <class id="UBERON_EXT:zone_of_skin_or_skin_of_body" label="skin"/>
            <span end="17587" id="15550985-9665" start="17578">cutaneous</span>
        </annotation>
        <annotation annotator="Michael Bada" id="UBERON_Instance_272624" type="identity">
            <class id="UBERON:0001323" label="tibial nerve"/>
            <span end="17756" id="15550985-9889" start="17744">tibial nerve</span>
        </annotation>
        <annotation annotator="Michael Bada" id="UBERON_Instance_260456" type="identity">
            <class id="UBERON_EXT:muscle_structure_or_tissue" label="muscle structure or tissue"/>
            <span end="17912" id="15550985-9707" start="17906">muscle</span>
        </annotation>
        <annotation annotator="Nicole Vasilevsky" id="UBERON_Instance_850191" type="identity">
            <class id="GO_UBERON_EXT:innervation_entity_or_process" label="innervation entity or process"/>
            <span end="17924" id="15550985-10311" start="17913">innervation</span>
        </annotation>
        <annotation annotator="Michael Bada" id="UBERON_Instance_272626" type="identity">
            <class id="UBERON:0003718" label="muscle spindle"/>
            <span end="17936" id="15550985-9891" start="17929">spindle</span>
        </annotation>
        <annotation annotator="Michael Bada" id="UBERON_Instance_272628" type="identity">
            <class id="UBERON:0000044" label="dorsal root ganglion"/>
            <span end="18035" id="15550985-9893" start="18032">DRG</span>
        </annotation>
        <annotation annotator="Michael Bada" id="UBERON_Instance_272630" type="identity">
            <class id="UBERON:0002240" label="spinal cord"/>
            <span end="18060" id="15550985-9895" start="18049">spinal cord</span>
        </annotation>
        <annotation annotator="Michael Bada" id="UBERON_Instance_290444" type="identity">
            <class id="UBERON:0000957" label="lamina"/>
            <span end="18169" id="15550985-10230" start="18162">laminae</span>
        </annotation>
        <annotation annotator="Michael Bada" id="UBERON_Instance_272632" type="identity">
            <class id="UBERON:0000934" label="ventral nerve cord"/>
            <span end="18202" id="15550985-9897" start="18190">ventral cord</span>
        </annotation>
        <annotation annotator="Michael Bada" id="UBERON_Instance_272634" type="identity">
            <class id="UBERON:0002240" label="spinal cord"/>
            <span end="18363" id="15550985-9899" start="18352">spinal cord</span>
        </annotation>
        <annotation annotator="Nicole Vasilevsky" id="UBERON_Instance_840384" type="identity">
            <class id="GO_UBERON_EXT:nerve_ending_or_neuron_projection_terminus" label="nerve ending or neuron projection terminus"/>
            <span end="18477" id="15550985-10277" start="18469">terminal</span>
        </annotation>
        <annotation annotator="Michael Bada" id="UBERON_Instance_272636" type="identity">
            <class id="UBERON:0009571" label="ventral midline"/>
            <span end="18618" id="15550985-9901" start="18603">ventral midline</span>
        </annotation>
        <annotation annotator="Nicole Vasilevsky" id="UBERON_Instance_840386" type="identity">
            <class id="GO_UBERON_EXT:nerve_ending_or_neuron_projection_terminus" label="nerve ending or neuron projection terminus"/>
            <span end="18679" id="15550985-10279" start="18671">terminal</span>
        </annotation>
        <annotation annotator="Michael Bada" id="UBERON_Instance_272638" type="identity">
            <class id="UBERON:0000044" label="dorsal root ganglion"/>
            <span end="18852" id="15550985-9903" start="18849">DRG</span>
        </annotation>
        <annotation annotator="Michael Bada" id="UBERON_Instance_260458" type="identity">
            <class id="UBERON_EXT:muscle_structure_or_tissue" label="muscle structure or tissue"/>
            <span end="18909" id="15550985-9709" start="18903">muscle</span>
        </annotation>
        <annotation annotator="Michael Bada" id="UBERON_Instance_272642" type="identity">
            <class id="UBERON:0002240" label="spinal cord"/>
            <span end="18952" id="15550985-9905" start="18941">spinal cord</span>
        </annotation>
        <annotation annotator="Michael Bada" id="UBERON_Instance_272646" type="identity">
            <class id="UBERON:0000934" label="ventral nerve cord"/>
            <span end="19080" id="15550985-9907" start="19068">ventral cord</span>
        </annotation>
        <annotation annotator="Michael Bada" id="UBERON_Instance_272648" type="identity">
            <class id="UBERON:0000044" label="dorsal root ganglion"/>
            <span end="19277" id="15550985-9909" start="19274">DRG</span>
        </annotation>
        <annotation annotator="Michael Bada" id="UBERON_Instance_272650" type="identity">
            <class id="UBERON:0000044" label="dorsal root ganglion"/>
            <span end="19585" id="15550985-9911" start="19582">DRG</span>
        </annotation>
        <annotation annotator="Michael Bada" id="UBERON_Instance_272652" type="identity">
            <class id="UBERON:0002240" label="spinal cord"/>
            <span end="19705" id="15550985-9913" start="19694">spinal cord</span>
        </annotation>
        <annotation annotator="Michael Bada" id="UBERON_Instance_272654" type="identity">
            <class id="UBERON:0002240" label="spinal cord"/>
            <span end="19859" id="15550985-9915" start="19848">spinal cord</span>
        </annotation>
        <annotation annotator="Michael Bada" id="UBERON_Instance_272656" type="identity">
            <class id="UBERON:0002240" label="spinal cord"/>
            <span end="19949" id="15550985-9917" start="19938">spinal cord</span>
        </annotation>
        <annotation annotator="Michael Bada" id="UBERON_Instance_272662" type="identity">
            <class id="UBERON:0000934" label="ventral nerve cord"/>
            <span end="20153" id="15550985-9919" start="20141">ventral cord</span>
        </annotation>
        <annotation annotator="Michael Bada" id="UBERON_Instance_272664" type="identity">
            <class id="UBERON:0002257" label="ventral horn of spinal cord"/>
            <span end="20219" id="15550985-9921" start="20206">ventral horns</span>
        </annotation>
        <annotation annotator="Michael Bada" id="UBERON_Instance_280148" type="identity">
            <class id="UBERON:0010405" label="spinal cord lateral motor column"/>
            <span end="20394" id="15550985-10203" start="20373">lateral motor columns</span>
        </annotation>
        <annotation annotator="Michael Bada" id="UBERON_Instance_272670" type="identity">
            <class id="UBERON:0002240" label="spinal cord"/>
            <span end="20496" id="15550985-9923" start="20485">spinal cord</span>
        </annotation>
        <annotation annotator="Michael Bada" id="UBERON_Instance_272674" type="identity">
            <class id="UBERON:0002240" label="spinal cord"/>
            <span end="20641" id="15550985-9925" start="20630">spinal cord</span>
        </annotation>
        <annotation annotator="Michael Bada" id="UBERON_Instance_260264" type="identity">
            <class id="UBERON:0000922" label="embryo"/>
            <span end="20712" id="15550985-9653" start="20703">embryonic</span>
        </annotation>
        <annotation annotator="Michael Bada" id="UBERON_Instance_272676" type="identity">
            <class id="UBERON:0002257" label="ventral horn of spinal cord"/>
            <span end="20760" id="15550985-9927" start="20744">ventral horns of</span>
            <span end="20776" id="15550985-9928" start="20765">spinal cord</span>
        </annotation>
        <annotation annotator="Michael Bada" id="UBERON_Instance_260288" type="identity">
            <class id="UBERON:0007023" label="adult organism"/>
            <span end="20881" id="15550985-9657" start="20876">adult</span>
        </annotation>
        <annotation annotator="Michael Bada" id="UBERON_Instance_272680" type="identity">
            <class id="UBERON:0002240" label="spinal cord"/>
            <span end="20893" id="15550985-9930" start="20882">spinal cord</span>
        </annotation>
        <annotation annotator="Michael Bada" id="UBERON_Instance_290456" type="identity">
            <class id="UBERON:0001948" label="regional part of spinal cord"/>
            <span end="21156" id="15550985-10232" start="21146">regions of</span>
            <span end="21172" id="15550985-10233" start="21161">spinal cord</span>
        </annotation>
        <annotation annotator="Michael Bada" id="UBERON_Instance_272686" type="identity">
            <class id="UBERON:0002240" label="spinal cord"/>
            <span end="21298" id="15550985-9932" start="21287">spinal cord</span>
        </annotation>
        <annotation annotator="Michael Bada" id="UBERON_Instance_272688" type="identity">
            <class id="UBERON:0000044" label="dorsal root ganglion"/>
            <span end="21367" id="15550985-9934" start="21364">DRG</span>
        </annotation>
        <annotation annotator="Michael Bada" id="UBERON_Instance_290458" type="identity">
            <class id="UBERON:0000044" label="dorsal root ganglion"/>
            <span end="21463" id="15550985-10235" start="21460">DRG</span>
        </annotation>
        <annotation annotator="Michael Bada" id="UBERON_Instance_272694" type="identity">
            <class id="UBERON:0002240" label="spinal cord"/>
            <span end="22246" id="15550985-9936" start="22235">spinal cord</span>
        </annotation>
        <annotation annotator="Michael Bada" id="UBERON_Instance_290460" type="identity">
            <class id="UBERON:0009571" label="ventral midline"/>
            <span end="22319" id="15550985-10237" start="22312">midline</span>
        </annotation>
        <annotation annotator="Michael Bada" id="UBERON_Instance_272698" type="identity">
            <class id="UBERON:0000044" label="dorsal root ganglion"/>
            <span end="22465" id="15550985-9938" start="22462">DRG</span>
        </annotation>
        <annotation annotator="Michael Bada" id="UBERON_Instance_272700" type="identity">
            <class id="UBERON:0000044" label="dorsal root ganglion"/>
            <span end="22669" id="15550985-9940" start="22666">DRG</span>
        </annotation>
        <annotation annotator="Michael Bada" id="UBERON_Instance_290464" type="identity">
            <class id="UBERON:0001675" label="trigeminal ganglion"/>
            <span end="22777" id="15550985-10239" start="22767">trigeminal</span>
        </annotation>
        <annotation annotator="Michael Bada" id="UBERON_Instance_260026" type="identity">
            <class id="UBERON:0002298" label="brainstem"/>
            <span end="22800" id="15550985-9627" start="22791">brainstem</span>
        </annotation>
        <annotation annotator="Nicole Vasilevsky" id="UBERON_Instance_840388" type="identity">
            <class id="GO_UBERON_EXT:nerve_ending_or_neuron_projection_terminus" label="nerve ending or neuron projection terminus"/>
            <span end="22878" id="15550985-10281" start="22870">terminal</span>
        </annotation>
        <annotation annotator="Michael Bada" id="UBERON_Instance_272704" type="identity">
            <class id="UBERON:0000934" label="ventral nerve cord"/>
            <span end="22931" id="15550985-9942" start="22919">ventral cord</span>
        </annotation>
        <annotation annotator="Michael Bada" id="UBERON_Instance_280150" type="identity">
            <class id="UBERON:0009571" label="ventral midline"/>
            <span end="22950" id="15550985-10205" start="22943">midline</span>
        </annotation>
        <annotation annotator="Michael Bada" id="UBERON_Instance_272706" type="identity">
            <class id="UBERON:0003718" label="muscle spindle"/>
            <span end="23125" id="15550985-9944" start="23111">muscle spindle</span>
        </annotation>
        <annotation annotator="Michael Bada" id="UBERON_Instance_272708" type="identity">
            <class id="UBERON:0003718" label="muscle spindle"/>
            <span end="23295" id="15550985-9946" start="23281">muscle spindle</span>
        </annotation>
        <annotation annotator="Nicole Vasilevsky" id="UBERON_Instance_840390" type="identity">
            <class id="GO_UBERON_EXT:nerve_ending_or_neuron_projection_terminus" label="nerve ending or neuron projection terminus"/>
            <span end="23959" id="15550985-10283" start="23951">terminal</span>
        </annotation>
        <annotation annotator="Michael Bada" id="UBERON_Instance_272712" type="identity">
            <class id="UBERON:0002240" label="spinal cord"/>
            <span end="24013" id="15550985-9948" start="24002">spinal cord</span>
        </annotation>
        <annotation annotator="Michael Bada" id="UBERON_Instance_260078" type="identity">
            <class id="PATO_UBERON_EXT:female_or_bearer_of_femaleness" label="female organism/bearer of femaleness"/>
            <span end="24298" id="15550985-9631" start="24291">females</span>
        </annotation>
        <annotation annotator="Michael Bada" id="UBERON_Instance_260080" type="identity">
            <class id="PATO_UBERON_EXT:male_or_bearer_of_maleness" label="male organism/bearer of maleness"/>
            <span end="24404" id="15550985-9633" start="24399">males</span>
        </annotation>
        <annotation annotator="Michael Bada" id="UBERON_Instance_310072" type="identity">
            <class id="NCBITaxon_UBERON_EXT:pup" label="pup"/>
            <span end="25041" id="15550985-10247" start="25037">pups</span>
        </annotation>
        <annotation annotator="Michael Bada" id="UBERON_Instance_260330" type="identity">
            <class id="UBERON:0002415" label="tail"/>
            <span end="25131" id="15550985-9659" start="25127">tail</span>
        </annotation>
        <annotation annotator="Michael Bada" id="UBERON_Instance_272714" type="identity">
            <class id="UBERON:0000922" label="embryo"/>
            <span end="25378" id="15550985-9950" start="25369">embryonic</span>
        </annotation>
        <annotation annotator="Michael Bada" id="UBERON_Instance_272716" type="identity">
            <class id="UBERON:0010148" label="mating plug"/>
            <span end="25403" id="15550985-9952" start="25399">plug</span>
        </annotation>
        <annotation annotator="Michael Bada" id="UBERON_Instance_272718" type="identity">
            <class id="UBERON:0002240" label="spinal cord"/>
            <span end="25736" id="15550985-9954" start="25725">spinal cord</span>
        </annotation>
        <annotation annotator="Michael Bada" id="UBERON_Instance_272720" type="identity">
            <class id="UBERON:0001977" label="serum"/>
            <span end="26114" id="15550985-9956" start="26109">serum</span>
        </annotation>
        <annotation annotator="Michael Bada" id="UBERON_Instance_272722" type="identity">
            <class id="UBERON:0003718" label="muscle spindle"/>
            <span end="26533" id="15550985-9958" start="26519">Muscle spindle</span>
        </annotation>
        <annotation annotator="Michael Bada" id="UBERON_Instance_272724" type="identity">
            <class id="UBERON:0001388" label="gastrocnemius"/>
            <span end="26566" id="15550985-9960" start="26546">Gastrocnemius muscle</span>
        </annotation>
        <annotation annotator="Michael Bada" id="UBERON_Instance_310074" type="identity">
            <class id="NCBITaxon_UBERON_EXT:pup" label="pup"/>
            <span end="26595" id="15550985-10249" start="26591">pups</span>
        </annotation>
        <annotation annotator="Michael Bada" id="UBERON_Instance_272728" type="identity">
            <class id="UBERON:0000978" label="leg"/>
            <span end="26658" id="15550985-9964" start="26655">leg</span>
        </annotation>
        <annotation annotator="Michael Bada" id="UBERON_Instance_272726" type="identity">
            <class id="UBERON:0001388" label="gastrocnemius"/>
            <span end="26695" id="15550985-9962" start="26675">gastrocnemius muscle</span>
        </annotation>
        <annotation annotator="Michael Bada" id="UBERON_Instance_272730" type="identity">
            <class id="UBERON:0001323" label="tibial nerve"/>
            <span end="26713" id="15550985-9966" start="26701">tibial nerve</span>
        </annotation>
        <annotation annotator="Michael Bada" id="UBERON_Instance_272732" type="identity">
            <class id="UBERON:0003718" label="muscle spindle"/>
            <span end="26846" id="15550985-9968" start="26839">spindle</span>
        </annotation>
        <annotation annotator="Michael Bada" id="UBERON_Instance_272734" type="identity">
            <class id="UBERON:0000044" label="dorsal root ganglion"/>
            <span end="27155" id="15550985-9970" start="27151">DRGs</span>
        </annotation>
        <annotation annotator="Michael Bada" id="UBERON_Instance_272736" type="identity">
            <class id="UBERON:0000922" label="embryo"/>
            <span end="27170" id="15550985-9972" start="27163">embryos</span>
        </annotation>
        <annotation annotator="Michael Bada" id="UBERON_Instance_272738" type="identity">
            <class id="UBERON:0001388" label="gastrocnemius"/>
            <span end="27233" id="15550985-9974" start="27213">gastrocnemius muscle</span>
        </annotation>
        <annotation annotator="Michael Bada" id="UBERON_Instance_272740" type="identity">
            <class id="UBERON:0002240" label="spinal cord"/>
            <span end="27329" id="15550985-9976" start="27317">Spinal cords</span>
        </annotation>
        <annotation annotator="Michael Bada" id="UBERON_Instance_272742" type="identity">
            <class id="UBERON:0000044" label="dorsal root ganglion"/>
            <span end="27362" id="15550985-9978" start="27358">DRGs</span>
        </annotation>
        <annotation annotator="Michael Bada" id="UBERON_Instance_272746" type="identity">
            <class id="UBERON:0000044" label="dorsal root ganglion"/>
            <span end="27592" id="15550985-9980" start="27588">DRGs</span>
        </annotation>
        <annotation annotator="Michael Bada" id="UBERON_Instance_272748" type="identity">
            <class id="UBERON:0002240" label="spinal cord"/>
            <span end="27614" id="15550985-9982" start="27602">spinal cords</span>
        </annotation>
        <annotation annotator="Michael Bada" id="UBERON_Instance_272750" type="identity">
            <class id="UBERON:0000044" label="dorsal root ganglion"/>
            <span end="27982" id="15550985-9984" start="27979">DRG</span>
        </annotation>
        <annotation annotator="Michael Bada" id="UBERON_Instance_272752" type="identity">
            <class id="UBERON:0000922" label="embryo"/>
            <span end="28061" id="15550985-9986" start="28054">embryos</span>
        </annotation>
        <annotation annotator="Michael Bada" id="UBERON_Instance_272754" type="identity">
            <class id="UBERON:0000044" label="dorsal root ganglion"/>
            <span end="28101" id="15550985-9988" start="28097">DRGs</span>
        </annotation>
        <annotation annotator="Michael Bada" id="UBERON_Instance_272756" type="identity">
            <class id="UBERON:0000045" label="ganglion"/>
            <span end="28375" id="15550985-9990" start="28367">ganglion</span>
        </annotation>
        <annotation annotator="Michael Bada" id="UBERON_Instance_272758" type="identity">
            <class id="UBERON:0000045" label="ganglion"/>
            <span end="28893" id="15550985-9992" start="28885">ganglion</span>
        </annotation>
        <annotation annotator="Michael Bada" id="UBERON_Instance_272760" type="identity">
            <class id="UBERON:0001977" label="serum"/>
            <span end="28998" id="15550985-9994" start="28993">Serum</span>
        </annotation>
        <annotation annotator="Michael Bada" id="UBERON_Instance_272762" type="identity">
            <class id="UBERON:0000044" label="dorsal root ganglion"/>
            <span end="29071" id="15550985-9996" start="29068">DRG</span>
        </annotation>
        <annotation annotator="Michael Bada" id="UBERON_Instance_272764" type="identity">
            <class id="UBERON:0001977" label="serum"/>
            <span end="29100" id="15550985-9998" start="29095">serum</span>
        </annotation>
        <annotation annotator="Michael Bada" id="UBERON_Instance_272766" type="identity">
            <class id="UBERON:0002240" label="spinal cord"/>
            <span end="29300" id="15550985-10000" start="29288">Spinal cords</span>
        </annotation>
        <annotation annotator="Michael Bada" id="UBERON_Instance_272768" type="identity">
            <class id="UBERON:0000044" label="dorsal root ganglion"/>
            <span end="29319" id="15550985-10002" start="29315">DRGs</span>
        </annotation>
        <annotation annotator="Michael Bada" id="UBERON_Instance_272770" type="identity">
            <class id="UBERON:0000922" label="embryo"/>
            <span end="29371" id="15550985-10004" start="29364">embryos</span>
        </annotation>
        <annotation annotator="Michael Bada" id="UBERON_Instance_272772" type="identity">
            <class id="UBERON:0000479" label="tissue"/>
            <span end="29426" id="15550985-10006" start="29420">Tissue</span>
        </annotation>
        <annotation annotator="Michael Bada" id="UBERON_Instance_272774" type="identity">
            <class id="UBERON:0000479" label="tissue"/>
            <span end="29465" id="15550985-10008" start="29459">Tissue</span>
        </annotation>
        <annotation annotator="Michael Bada" id="UBERON_Instance_280154" type="identity">
            <class id="UBERON:0009571" label="ventral midline"/>
            <span end="29653" id="15550985-10207" start="29646">midline</span>
        </annotation>
        <annotation annotator="Michael Bada" id="UBERON_Instance_272776" type="identity">
            <class id="UBERON:0002240" label="spinal cord"/>
            <span end="29672" id="15550985-10010" start="29661">spinal cord</span>
        </annotation>
        <annotation annotator="Michael Bada" id="UBERON_Instance_272778" type="identity">
            <class id="UBERON:0001977" label="serum"/>
            <span end="29729" id="15550985-10012" start="29724">serum</span>
        </annotation>
        <annotation annotator="Michael Bada" id="UBERON_Instance_272780" type="identity">
            <class id="UBERON:0000044" label="dorsal root ganglion"/>
            <span end="29932" id="15550985-10014" start="29928">DRGs</span>
        </annotation>
        <annotation annotator="Nicole Vasilevsky" id="UBERON_Instance_850193" type="identity">
            <class id="GO_UBERON_EXT:innervation_entity_or_process" label="innervation entity or process"/>
            <span end="30150" id="15550985-10313" start="30139">Innervation</span>
        </annotation>
        <annotation annotator="Michael Bada" id="UBERON_Instance_272784" type="identity">
            <class id="UBERON:0000922" label="embryo"/>
            <span end="30178" id="15550985-10016" start="30171">Embryos</span>
        </annotation>
        <annotation annotator="Michael Bada" id="UBERON_Instance_272788" type="identity">
            <class id="UBERON:0002260" label="ventral root of spinal cord"/>
            <span end="30312" id="15550985-10018" start="30300">ventral root</span>
        </annotation>
        <annotation annotator="Michael Bada" id="UBERON_Instance_272792" type="identity">
            <class id="UBERON:0000044" label="dorsal root ganglion"/>
            <span end="30370" id="15550985-10020" start="30366">DRGs</span>
        </annotation>
        <annotation annotator="Michael Bada" id="UBERON_Instance_272794" type="identity">
            <class id="UBERON:0000922" label="embryo"/>
            <span end="30386" id="15550985-10022" start="30380">embryo</span>
        </annotation>
        <annotation annotator="Michael Bada" id="UBERON_Instance_272800" type="identity">
            <class id="UBERON:0002257" label="ventral horn of spinal cord"/>
            <span end="30469" id="15550985-10024" start="30457">ventral horn</span>
        </annotation>
        <annotation annotator="Michael Bada" id="UBERON_Instance_272802" type="identity">
            <class id="UBERON:0002240" label="spinal cord"/>
            <span end="30526" id="15550985-10026" start="30515">spinal cord</span>
        </annotation>
        <annotation annotator="Michael Bada" id="UBERON_Instance_272804" type="identity">
            <class id="UBERON:0002240" label="spinal cord"/>
            <span end="30581" id="15550985-10028" start="30570">spinal cord</span>
        </annotation>
        <annotation annotator="Michael Bada" id="UBERON_Instance_280158" type="identity">
            <class id="UBERON:0009571" label="ventral midline"/>
            <span end="30614" id="15550985-10209" start="30607">midline</span>
        </annotation>
        <annotation annotator="Michael Bada" id="UBERON_Instance_272806" type="identity">
            <class id="UBERON:0002257" label="ventral horn of spinal cord"/>
            <span end="30642" id="15550985-10030" start="30630">ventral horn</span>
        </annotation>
        <annotation annotator="Michael Bada" id="UBERON_Instance_272820" type="identity">
            <class id="UBERON:0001388" label="gastrocnemius"/>
            <span end="31106" id="15550985-10032" start="31086">Gastrocnemius Muscle</span>
        </annotation>
        <annotation annotator="Michael Bada" id="UBERON_Instance_272822" type="identity">
            <class id="UBERON_EXT:muscle_structure_or_tissue" label="muscle structure or tissue"/>
            <span end="31132" id="15550985-10034" start="31126">muscle</span>
        </annotation>
        <annotation annotator="Michael Bada" id="UBERON_Instance_272824" type="identity">
            <class id="UBERON:0006134" label="nerve fiber"/>
            <span end="31149" id="15550985-10036" start="31137">nerve fibers</span>
        </annotation>
        <annotation annotator="Michael Bada" id="UBERON_Instance_272826" type="identity">
            <class id="UBERON:0003718" label="muscle spindle"/>
            <span end="31182" id="15550985-10038" start="31167">muscle spindles</span>
        </annotation>
        <annotation annotator="Nicole Vasilevsky" id="UBERON+extensions+nested_Instance_100004" type="identity">
            <class id="GO_UBERON_EXT:nerve_ending_or_neuron_projection_terminus" label="nerve ending or neuron projection terminus"/>
            <span end="31264" id="15550985-9621" start="31252">nerve ending</span>
        </annotation>
        <annotation annotator="Michael Bada" id="UBERON_Instance_272832" type="identity">
            <class id="UBERON_EXT:muscle_structure_or_tissue" label="muscle structure or tissue"/>
            <span end="31286" id="15550985-10040" start="31280">muscle</span>
        </annotation>
        <annotation annotator="Michael Bada" id="UBERON_Instance_660022" type="identity">
            <class id="UBERON:0001091" label="calcareous tooth"/>
            <span end="31878" id="15550985-10273" start="31872">Dental</span>
        </annotation>
        <annotation annotator="Michael Bada" id="UBERON_Instance_310032" type="identity">
            <class id="UBERON_EXT:face_or_skull" label="face or skull"/>
            <span end="31895" id="15550985-10243" start="31883">Craniofacial</span>
        </annotation>
        <annotation annotator="Michael Bada" id="UBERON_Instance_260028" type="identity">
            <class id="UBERON:0000955" label="brain"/>
            <span end="31952" id="15550985-9629" start="31947">brain</span>
        </annotation>
        <annotation annotator="Michael Bada" id="UBERON_Instance_272834" type="identity">
            <class id="UBERON:0001977" label="serum"/>
            <span end="32000" id="15550985-10042" start="31995">serum</span>
        </annotation>
        <annotation annotator="Michael Bada" id="UBERON_Instance_272838" type="identity">
            <class id="UBERON:0000044" label="dorsal root ganglion"/>
            <span end="32013" id="15550985-10046" start="32010">DRG</span>
        </annotation>
        <annotation annotator="Michael Bada" id="UBERON_Instance_272836" type="identity">
            <class id="UBERON:0000044" label="dorsal root ganglion"/>
            <span end="32036" id="15550985-10044" start="32016">dorsal root ganglion</span>
        </annotation>
        <annotation annotator="Michael Bada" id="UBERON_Instance_272840" type="identity">
            <class id="UBERON:0000922" label="embryo"/>
            <span end="32051" id="15550985-10048" start="32042">embryonic</span>
        </annotation>
        <annotation annotator="Michael Bada" id="UBERON_Instance_272842" type="identity">
            <class id="UBERON:0000044" label="dorsal root ganglion"/>
            <span end="32349" id="15550985-10050" start="32346">DRG</span>
        </annotation>
        <annotation annotator="Michael Bada" id="UBERON_Instance_272844" type="identity">
            <class id="UBERON:0002240" label="spinal cord"/>
            <span end="32365" id="15550985-10052" start="32354">Spinal Cord</span>
        </annotation>
        <annotation annotator="Michael Bada" id="UBERON_Instance_272846" type="identity">
            <class id="UBERON:0000044" label="dorsal root ganglion"/>
            <span end="32629" id="15550985-10054" start="32626">DRG</span>
        </annotation>
        <annotation annotator="Michael Bada" id="UBERON_Instance_272848" type="identity">
            <class id="UBERON:0000044" label="dorsal root ganglion"/>
            <span end="32663" id="15550985-10056" start="32660">DRG</span>
        </annotation>
        <annotation annotator="Michael Bada" id="UBERON_Instance_272850" type="identity">
            <class id="UBERON:0000044" label="dorsal root ganglion"/>
            <span end="32800" id="15550985-10058" start="32796">DRGs</span>
        </annotation>
        <annotation annotator="Michael Bada" id="UBERON_Instance_272852" type="identity">
            <class id="UBERON:0002240" label="spinal cord"/>
            <span end="33032" id="15550985-10060" start="33021">spinal cord</span>
        </annotation>
        <annotation annotator="Michael Bada" id="UBERON_Instance_272858" type="identity">
            <class id="UBERON:0002240" label="spinal cord"/>
            <span end="33164" id="15550985-10062" start="33153">Spinal Cord</span>
        </annotation>
        <annotation annotator="Michael Bada" id="UBERON_Instance_272860" type="identity">
            <class id="UBERON:0000044" label="dorsal root ganglion"/>
            <span end="33190" id="15550985-10064" start="33187">DRG</span>
        </annotation>
        <annotation annotator="Michael Bada" id="UBERON_Instance_272862" type="identity">
            <class id="UBERON:0000044" label="dorsal root ganglion"/>
            <span end="33213" id="15550985-10066" start="33210">DRG</span>
        </annotation>
        <annotation annotator="Michael Bada" id="UBERON_Instance_272868" type="identity">
            <class id="UBERON:0009571" label="ventral midline"/>
            <span end="33353" id="15550985-10068" start="33338">ventral midline</span>
        </annotation>
        <annotation annotator="Michael Bada" id="UBERON_Instance_272870" type="identity">
            <class id="UBERON:0009571" label="ventral midline"/>
            <span end="33377" id="15550985-10070" start="33370">midline</span>
        </annotation>
        <annotation annotator="Michael Bada" id="UBERON_Instance_272874" type="identity">
            <class id="UBERON:0003718" label="muscle spindle"/>
            <span end="33580" id="15550985-10072" start="33565">muscle spindles</span>
        </annotation>
        <annotation annotator="Michael Bada" id="UBERON_Instance_272876" type="identity">
            <class id="UBERON:0009571" label="ventral midline"/>
            <span end="33660" id="15550985-10074" start="33653">midline</span>
        </annotation>
        <annotation annotator="Michael Bada" id="UBERON_Instance_272880" type="identity">
            <class id="UBERON:0000044" label="dorsal root ganglion"/>
            <span end="33810" id="15550985-10076" start="33807">DRG</span>
        </annotation>
        <annotation annotator="Michael Bada" id="UBERON_Instance_272884" type="identity">
            <class id="UBERON:0002240" label="spinal cord"/>
            <span end="33859" id="15550985-10078" start="33848">spinal cord</span>
        </annotation>
        <annotation annotator="Michael Bada" id="UBERON_Instance_272890" type="identity">
            <class id="UBERON:0002257" label="ventral horn of spinal cord"/>
            <span end="33955" id="15550985-10080" start="33940">ventral horn of</span>
            <span end="33971" id="15550985-10081" start="33960">spinal cord</span>
        </annotation>
        <annotation annotator="Michael Bada" id="UBERON_Instance_272892" type="identity">
            <class id="UBERON:0002240" label="spinal cord"/>
            <span end="34015" id="15550985-10083" start="34004">spinal cord</span>
        </annotation>
        <annotation annotator="Michael Bada" id="UBERON_Instance_272894" type="identity">
            <class id="UBERON:0002240" label="spinal cord"/>
            <span end="34043" id="15550985-10085" start="34032">spinal cord</span>
        </annotation>
        <annotation annotator="Michael Bada" id="UBERON_Instance_272898" type="identity">
            <class id="UBERON:0002256" label="dorsal horn of spinal cord"/>
            <span end="34118" id="15550985-10087" start="34107">dorsal horn</span>
        </annotation>
        <annotation annotator="Michael Bada" id="UBERON_Instance_272900" type="identity">
            <class id="UBERON:0002240" label="spinal cord"/>
            <span end="34195" id="15550985-10089" start="34184">spinal cord</span>
        </annotation>
        <annotation annotator="Michael Bada" id="UBERON_Instance_272902" type="identity">
            <class id="UBERON:0002240" label="spinal cord"/>
            <span end="34234" id="15550985-10091" start="34223">spinal cord</span>
        </annotation>
        <annotation annotator="Michael Bada" id="UBERON_Instance_272906" type="identity">
            <class id="UBERON:0002240" label="spinal cord"/>
            <span end="34287" id="15550985-10093" start="34276">spinal cord</span>
        </annotation>
        <annotation annotator="Michael Bada" id="UBERON_Instance_272910" type="identity">
            <class id="UBERON:0009571" label="ventral midline"/>
            <span end="34368" id="15550985-10095" start="34361">midline</span>
        </annotation>
        <annotation annotator="Michael Bada" id="UBERON_Instance_272912" type="identity">
            <class id="UBERON:0003718" label="muscle spindle"/>
            <span end="34424" id="15550985-10097" start="34409">Muscle Spindles</span>
        </annotation>
        <annotation annotator="Michael Bada" id="UBERON_Instance_272914" type="identity">
            <class id="UBERON:0001388" label="gastrocnemius"/>
            <span end="34448" id="15550985-10099" start="34428">Gastrocnemius Muscle</span>
        </annotation>
        <annotation annotator="Michael Bada" id="UBERON_Instance_272916" type="identity">
            <class id="UBERON:0001323" label="tibial nerve"/>
            <span end="34491" id="15550985-10101" start="34479">Tibial Nerve</span>
        </annotation>
        <annotation annotator="Michael Bada" id="UBERON_Instance_272918" type="identity">
            <class id="UBERON:0001388" label="gastrocnemius"/>
            <span end="34585" id="15550985-10103" start="34565">gastrocnemius muscle</span>
        </annotation>
        <annotation annotator="Michael Bada" id="UBERON_Instance_272920" type="identity">
            <class id="UBERON:0003718" label="muscle spindle"/>
            <span end="34621" id="15550985-10105" start="34606">muscle spindles</span>
        </annotation>
        <annotation annotator="Michael Bada" id="UBERON_Instance_272922" type="identity">
            <class id="UBERON:0001388" label="gastrocnemius"/>
            <span end="34737" id="15550985-10107" start="34717">gastrocnemius muscle</span>
        </annotation>
        <annotation annotator="Michael Bada" id="UBERON_Instance_272924" type="identity">
            <class id="UBERON:0001388" label="gastrocnemius"/>
            <span end="34836" id="15550985-10109" start="34816">gastrocnemius muscle</span>
        </annotation>
        <annotation annotator="Michael Bada" id="UBERON_Instance_320365" type="identity">
            <class id="UBERON:0005090" label="muscle structure"/>
            <span end="34864" id="15550985-10269" start="34857">muscles</span>
        </annotation>
        <annotation annotator="Michael Bada" id="UBERON_Instance_272928" type="identity">
            <class id="UBERON:0003718" label="muscle spindle"/>
            <span end="34901" id="15550985-10111" start="34886">muscle spindles</span>
        </annotation>
        <annotation annotator="Michael Bada" id="UBERON_Instance_272930" type="identity">
            <class id="UBERON:0003718" label="muscle spindle"/>
            <span end="34925" id="15550985-10113" start="34918">spindle</span>
        </annotation>
        <annotation annotator="Michael Bada" id="UBERON_Instance_272932" type="identity">
            <class id="UBERON:0003718" label="muscle spindle"/>
            <span end="35013" id="15550985-10115" start="34998">Muscle spindles</span>
        </annotation>
        <annotation annotator="Michael Bada" id="UBERON_Instance_272934" type="identity">
            <class id="UBERON:0000044" label="dorsal root ganglion"/>
            <span end="35054" id="15550985-10117" start="35051">DRG</span>
        </annotation>
        <annotation annotator="Michael Bada" id="UBERON_Instance_272936" type="identity">
            <class id="UBERON:0001388" label="gastrocnemius"/>
            <span end="35076" id="15550985-10119" start="35056">Gastrocnemius muscle</span>
        </annotation>
        <annotation annotator="Michael Bada" id="UBERON_Instance_280160" type="identity">
            <class id="UBERON_EXT:muscle_structure_or_tissue" label="muscle structure or tissue"/>
            <span end="35140" id="15550985-10211" start="35134">muscle</span>
        </annotation>
        <annotation annotator="Michael Bada" id="UBERON_Instance_272938" type="identity">
            <class id="UBERON:0003718" label="muscle spindle"/>
            <span end="35169" id="15550985-10121" start="35154">Muscle spindles</span>
        </annotation>
        <annotation annotator="Michael Bada" id="UBERON_Instance_272940" type="identity">
            <class id="UBERON:0001388" label="gastrocnemius"/>
            <span end="35236" id="15550985-10123" start="35216">gastrocnemius muscle</span>
        </annotation>
        <annotation annotator="Michael Bada" id="UBERON_Instance_272942" type="identity">
            <class id="UBERON:0001323" label="tibial nerve"/>
            <span end="35311" id="15550985-10125" start="35299">tibial nerve</span>
        </annotation>
        <annotation annotator="Michael Bada" id="UBERON_Instance_272946" type="identity">
            <class id="UBERON:0003718" label="muscle spindle"/>
            <span end="35606" id="15550985-10127" start="35591">muscle spindles</span>
        </annotation>
        <annotation annotator="Michael Bada" id="UBERON_Instance_272948" type="identity">
            <class id="UBERON:0000044" label="dorsal root ganglion"/>
            <span end="35699" id="15550985-10129" start="35696">DRG</span>
        </annotation>
        <annotation annotator="Michael Bada" id="UBERON_Instance_272950" type="identity">
            <class id="UBERON:0000044" label="dorsal root ganglion"/>
            <span end="35770" id="15550985-10131" start="35767">DRG</span>
        </annotation>
        <annotation annotator="Michael Bada" id="UBERON_Instance_272952" type="identity">
            <class id="UBERON:0000044" label="dorsal root ganglion"/>
            <span end="35805" id="15550985-10133" start="35802">DRG</span>
        </annotation>
        <annotation annotator="Michael Bada" id="UBERON_Instance_272954" type="identity">
            <class id="UBERON:0000044" label="dorsal root ganglion"/>
            <span end="35845" id="15550985-10135" start="35842">DRG</span>
        </annotation>
        <annotation annotator="Michael Bada" id="UBERON_Instance_272956" type="identity">
            <class id="UBERON:0000044" label="dorsal root ganglion"/>
            <span end="35886" id="15550985-10137" start="35883">DRG</span>
        </annotation>
        <annotation annotator="Michael Bada" id="UBERON_Instance_272958" type="identity">
            <class id="UBERON:0000044" label="dorsal root ganglion"/>
            <span end="35921" id="15550985-10139" start="35918">DRG</span>
        </annotation>
        <annotation annotator="Michael Bada" id="UBERON_Instance_272960" type="identity">
            <class id="UBERON:0000044" label="dorsal root ganglion"/>
            <span end="35982" id="15550985-10141" start="35979">DRG</span>
        </annotation>
        <annotation annotator="Michael Bada" id="UBERON_Instance_272962" type="identity">
            <class id="UBERON:0000045" label="ganglion"/>
            <span end="36058" id="15550985-10143" start="36051">ganglia</span>
        </annotation>
        <annotation annotator="Michael Bada" id="UBERON_Instance_272964" type="identity">
            <class id="UBERON:0002240" label="spinal cord"/>
            <span end="36191" id="15550985-10145" start="36180">Spinal Cord</span>
        </annotation>
        <annotation annotator="Michael Bada" id="UBERON_Instance_272966" type="identity">
            <class id="UBERON:0000044" label="dorsal root ganglion"/>
            <span end="36195" id="15550985-10147" start="36192">DRG</span>
        </annotation>
        <annotation annotator="Michael Bada" id="UBERON_Instance_272968" type="identity">
            <class id="UBERON:0009571" label="ventral midline"/>
            <span end="36252" id="15550985-10149" start="36245">midline</span>
        </annotation>
        <annotation annotator="Michael Bada" id="UBERON_Instance_272970" type="identity">
            <class id="UBERON:0002240" label="spinal cord"/>
            <span end="36274" id="15550985-10151" start="36263">spinal cord</span>
        </annotation>
        <annotation annotator="Michael Bada" id="UBERON_Instance_272972" type="identity">
            <class id="UBERON:0000044" label="dorsal root ganglion"/>
            <span end="36313" id="15550985-10153" start="36309">DRGs</span>
        </annotation>
        <annotation annotator="Michael Bada" id="UBERON_Instance_272974" type="identity">
            <class id="UBERON:0002240" label="spinal cord"/>
            <span end="36428" id="15550985-10155" start="36417">spinal cord</span>
        </annotation>
        <annotation annotator="Michael Bada" id="UBERON_Instance_272976" type="identity">
            <class id="UBERON:0002240" label="spinal cord"/>
            <span end="36474" id="15550985-10157" start="36463">spinal cord</span>
        </annotation>
        <annotation annotator="Michael Bada" id="UBERON_Instance_272978" type="identity">
            <class id="UBERON:0002240" label="spinal cord"/>
            <span end="36515" id="15550985-10159" start="36504">spinal cord</span>
        </annotation>
        <annotation annotator="Michael Bada" id="UBERON_Instance_272980" type="identity">
            <class id="UBERON:0002240" label="spinal cord"/>
            <span end="36570" id="15550985-10161" start="36559">spinal cord</span>
        </annotation>
        <annotation annotator="Michael Bada" id="UBERON_Instance_272982" type="identity">
            <class id="UBERON:0002240" label="spinal cord"/>
            <span end="36873" id="15550985-10163" start="36862">spinal cord</span>
        </annotation>
        <annotation annotator="Michael Bada" id="UBERON_Instance_272984" type="identity">
            <class id="UBERON:0002240" label="spinal cord"/>
            <span end="37026" id="15550985-10165" start="37015">spinal cord</span>
        </annotation>
        <annotation annotator="Michael Bada" id="UBERON_Instance_272986" type="identity">
            <class id="UBERON:0000044" label="dorsal root ganglion"/>
            <span end="37030" id="15550985-10167" start="37027">DRG</span>
        </annotation>
        <annotation annotator="Michael Bada" id="UBERON_Instance_272990" type="identity">
            <class id="UBERON:0002240" label="spinal cord"/>
            <span end="37115" id="15550985-10169" start="37104">spinal cord</span>
        </annotation>
        <annotation annotator="Michael Bada" id="UBERON_Instance_290494" type="identity">
            <class id="UBERON:0002020" label="gray matter"/>
            <span end="37158" id="15550985-10241" start="37147">gray matter</span>
        </annotation>
        <annotation annotator="Michael Bada" id="UBERON_Instance_272992" type="identity">
            <class id="UBERON:0009571" label="ventral midline"/>
            <span end="37233" id="15550985-10171" start="37226">midline</span>
        </annotation>
        <annotation annotator="Michael Bada" id="UBERON_Instance_272994" type="identity">
            <class id="UBERON:0000044" label="dorsal root ganglion"/>
            <span end="37320" id="15550985-10173" start="37316">DRGs</span>
        </annotation>
        <annotation annotator="Michael Bada" id="UBERON_Instance_272996" type="identity">
            <class id="UBERON:0002240" label="spinal cord"/>
            <span end="37346" id="15550985-10175" start="37335">spinal cord</span>
        </annotation>
        <annotation annotator="Michael Bada" id="UBERON_Instance_400080" type="identity">
            <class id="UBERON:0001019" label="nerve fasciculus"/>
            <span end="37441" id="15550985-10271" start="37428">nerve bundles</span>
        </annotation>
        <annotation annotator="Michael Bada" id="UBERON_Instance_280172" type="identity">
            <class id="UBERON:0001016" label="nervous system"/>
            <span end="37942" id="15550985-10217" start="37928">Nervous System</span>
        </annotation>
        <graph-space id="Old Knowtator Relations"/>
    </document>
</knowtator-project>
