<?xml version="1.0" encoding="UTF-8" standalone="no"?>
<knowtator-project>
  <document id="15819996" text-file="15819996.txt">
    <annotation annotator="Michael Bada" id="UBERON_Instance_360032" type="identity">
      <class id="UBERON:0000955" label="brain"/>
      <span end="54" id="15819996-12598" start="49">brain</span>
    </annotation>
    <annotation annotator="Michael Bada" id="UBERON_Instance_360034" type="identity">
      <class id="UBERON:0000955" label="brain"/>
      <span end="434" id="15819996-12600" start="429">brain</span>
    </annotation>
    <annotation annotator="Michael Bada" id="UBERON_Instance_361892" type="identity">
      <class id="UBERON:0001017" label="central nervous system"/>
      <span end="601" id="15819996-12842" start="579">central nervous system</span>
    </annotation>
    <annotation annotator="Michael Bada" id="UBERON_Instance_361894" type="identity">
      <class id="UBERON:0007023" label="adult organism"/>
      <span end="618" id="15819996-12844" start="613">adult</span>
    </annotation>
    <annotation annotator="Michael Bada" id="UBERON_Instance_360036" type="identity">
      <class id="UBERON:0000955" label="brain"/>
      <span end="630" id="15819996-12602" start="625">brain</span>
    </annotation>
    <annotation annotator="Michael Bada" id="UBERON_Instance_360038" type="identity">
      <class id="UBERON:0000955" label="brain"/>
      <span end="698" id="15819996-12604" start="693">brain</span>
    </annotation>
    <annotation annotator="Michael Bada" id="UBERON_Instance_360466" type="identity">
      <class id="GO_UBERON_EXT:cellular_component_or_cell_part" label="cell component/part"/>
      <span end="732" id="15819996-12726" start="721">subcellular</span>
    </annotation>
    <annotation annotator="Michael Bada" id="UBERON_Instance_361898" type="identity">
      <class id="UBERON:0007023" label="adult organism"/>
      <span end="798" id="15819996-12848" start="793">adult</span>
    </annotation>
    <annotation annotator="Michael Bada" id="UBERON_Instance_360126" type="identity">
      <class id="UBERON:0001017" label="central nervous system"/>
      <span end="802" id="15819996-12688" start="799">CNS</span>
    </annotation>
    <annotation annotator="Michael Bada" id="UBERON_Instance_360468" type="identity">
      <class id="GO_UBERON_EXT:cellular_component_or_cell_part" label="cell component/part"/>
      <span end="819" id="15819996-12728" start="808">subcellular</span>
    </annotation>
    <annotation annotator="Michael Bada" id="UBERON_Instance_360500" type="identity">
      <class id="UBERON:0000922" label="embryo"/>
      <span end="983" id="15819996-12756" start="974">embryonic</span>
    </annotation>
    <annotation annotator="Michael Bada" id="UBERON_Instance_370174" type="identity">
      <class id="UBERON:0003053" label="ventricular zone"/>
      <span end="1117" id="15819996-13075" start="1089">ventricular germinative zone</span>
    </annotation>
    <annotation annotator="Michael Bada" id="UBERON_Instance_361900" type="identity">
      <class id="UBERON:0002285" label="telencephalic ventricle"/>
      <span end="1151" id="15819996-12850" start="1134">lateral ventricle</span>
    </annotation>
    <annotation annotator="Michael Bada" id="UBERON_Instance_360502" type="identity">
      <class id="UBERON:0000922" label="embryo"/>
      <span end="1175" id="15819996-12758" start="1166">embryonic</span>
    </annotation>
    <annotation annotator="Michael Bada" id="UBERON_Instance_361902" type="identity">
      <class id="UBERON:0001950" label="neocortex"/>
      <span end="1260" id="15819996-12852" start="1250">neopallium</span>
    </annotation>
    <annotation annotator="Michael Bada" id="UBERON_Instance_360424" type="identity">
      <class id="UBERON:0007023" label="adult organism"/>
      <span end="1330" id="15819996-12696" start="1325">adult</span>
    </annotation>
    <annotation annotator="Michael Bada" id="UBERON_Instance_360040" type="identity">
      <class id="UBERON:0000955" label="brain"/>
      <span end="1336" id="15819996-12606" start="1331">brain</span>
    </annotation>
    <annotation annotator="Michael Bada" id="UBERON_Instance_360042" type="identity">
      <class id="UBERON:0000955" label="brain"/>
      <span end="1746" id="15819996-12608" start="1741">brain</span>
    </annotation>
    <annotation annotator="Michael Bada" id="UBERON_Instance_360426" type="identity">
      <class id="UBERON:0007023" label="adult organism"/>
      <span end="1830" id="15819996-12698" start="1825">adult</span>
    </annotation>
    <annotation annotator="Michael Bada" id="UBERON_Instance_361910" type="identity">
      <class id="UBERON:0000479" label="tissue"/>
      <span end="2942" id="15819996-12854" start="2935">tissues</span>
    </annotation>
    <annotation annotator="Michael Bada" id="UBERON_Instance_362288" type="identity">
      <class id="UBERON:0002369" label="adrenal gland"/>
      <span end="3084" id="15819996-13053" start="3077">adrenal</span>
    </annotation>
    <annotation annotator="Michael Bada" id="UBERON_Instance_361912" type="identity">
      <class id="UBERON:0000479" label="tissue"/>
      <span end="3321" id="15819996-12856" start="3315">tissue</span>
    </annotation>
    <annotation annotator="Michael Bada" id="UBERON_Instance_361914" type="identity">
      <class id="UBERON:0000479" label="tissue"/>
      <span end="3395" id="15819996-12858" start="3388">tissues</span>
    </annotation>
    <annotation annotator="Michael Bada" id="UBERON_Instance_360662" type="identity">
      <class id="UBERON:0001134" label="skeletal muscle tissue"/>
      <span end="3422" id="15819996-12813" start="3407">skeletal muscle</span>
    </annotation>
    <annotation annotator="Michael Bada" id="UBERON_Instance_360496" type="identity">
      <class id="UBERON:0001133" label="cardiac muscle tissue"/>
      <span end="3485" id="15819996-12752" start="3473">Heart muscle</span>
    </annotation>
    <annotation annotator="Michael Bada" id="UBERON_Instance_360044" type="identity">
      <class id="UBERON:0000955" label="brain"/>
      <span end="3492" id="15819996-12610" start="3487">brain</span>
    </annotation>
    <annotation annotator="Michael Bada" id="UBERON_Instance_361916" type="identity">
      <class id="UBERON:0000479" label="tissue"/>
      <span end="3499" id="15819996-12860" start="3493">tissue</span>
    </annotation>
    <annotation annotator="Michael Bada" id="UBERON_Instance_361918" type="identity">
      <class id="UBERON:0000178" label="blood"/>
      <span end="3513" id="15819996-12862" start="3508">blood</span>
    </annotation>
    <annotation annotator="Michael Bada" id="UBERON_Instance_360470" type="identity">
      <class id="GO_UBERON_EXT:cellular_component_or_cell_part" label="cell component/part"/>
      <span end="3596" id="15819996-12730" start="3585">subcellular</span>
    </annotation>
    <annotation annotator="Michael Bada" id="UBERON_Instance_361920" type="identity">
      <class id="UBERON:0000178" label="blood"/>
      <span end="3981" id="15819996-12864" start="3976">blood</span>
    </annotation>
    <annotation annotator="Michael Bada" id="UBERON_Instance_361922" type="identity">
      <class id="UBERON:0000948" label="heart"/>
      <span end="4141" id="15819996-12866" start="4134">cardiac</span>
    </annotation>
    <annotation annotator="Michael Bada" id="UBERON_Instance_360046" type="identity">
      <class id="UBERON:0000955" label="brain"/>
      <span end="4286" id="15819996-12612" start="4281">brain</span>
    </annotation>
    <annotation annotator="Michael Bada" id="UBERON_Instance_360048" type="identity">
      <class id="UBERON:0000955" label="brain"/>
      <span end="4405" id="15819996-12614" start="4400">brain</span>
    </annotation>
    <annotation annotator="Michael Bada" id="UBERON_Instance_360504" type="identity">
      <class id="UBERON:0000922" label="embryo"/>
      <span end="4421" id="15819996-12760" start="4414">embryos</span>
    </annotation>
    <annotation annotator="Michael Bada" id="UBERON_Instance_360428" type="identity">
      <class id="UBERON:0007023" label="adult organism"/>
      <span end="4458" id="15819996-12700" start="4453">adult</span>
    </annotation>
    <annotation annotator="Michael Bada" id="UBERON_Instance_360050" type="identity">
      <class id="UBERON:0000955" label="brain"/>
      <span end="4470" id="15819996-12616" start="4465">brain</span>
    </annotation>
    <annotation annotator="Michael Bada" id="UBERON_Instance_360506" type="identity">
      <class id="UBERON:0000922" label="embryo"/>
      <span end="4531" id="15819996-12762" start="4525">embryo</span>
    </annotation>
    <annotation annotator="Michael Bada" id="UBERON_Instance_360492" type="identity">
      <class id="UBERON:0000922" label="embryo"/>
      <span end="4672" id="15819996-12750" start="4663">embryonic</span>
    </annotation>
    <annotation annotator="Michael Bada" id="UBERON_Instance_360508" type="identity">
      <class id="UBERON:0000922" label="embryo"/>
      <span end="4871" id="15819996-12764" start="4862">embryonic</span>
    </annotation>
    <annotation annotator="Michael Bada" id="UBERON_Instance_600181" type="identity">
      <class id="UBERON_EXT:embryonic_stage_or_stage_part" label="embryonic stage or stage part"/>
      <span end="5087" id="15819996-13123" start="5071">embryonic stages</span>
    </annotation>
    <annotation annotator="Michael Bada" id="UBERON_Instance_361924" type="identity">
      <class id="UBERON:0000948" label="heart"/>
      <span end="5383" id="15819996-12868" start="5378">heart</span>
    </annotation>
    <annotation annotator="Michael Bada" id="UBERON_Instance_361926" type="identity">
      <class id="UBERON:0000479" label="tissue"/>
      <span end="5390" id="15819996-12870" start="5384">tissue</span>
    </annotation>
    <annotation annotator="Michael Bada" id="UBERON_Instance_360510" type="identity">
      <class id="UBERON:0000922" label="embryo"/>
      <span end="5514" id="15819996-12766" start="5507">embryos</span>
    </annotation>
    <annotation annotator="Michael Bada" id="UBERON_Instance_361928" type="identity">
      <class id="UBERON:0000948" label="heart"/>
      <span end="5879" id="15819996-12872" start="5874">heart</span>
    </annotation>
    <annotation annotator="Michael Bada" id="UBERON_Instance_361930" type="identity">
      <class id="UBERON:0000948" label="heart"/>
      <span end="5884" id="15819996-12874" start="5881">HRT</span>
    </annotation>
    <annotation annotator="Michael Bada" id="UBERON_Instance_360052" type="identity">
      <class id="UBERON:0000955" label="brain"/>
      <span end="5895" id="15819996-12618" start="5890">brain</span>
    </annotation>
    <annotation annotator="Michael Bada" id="UBERON_Instance_361932" type="identity">
      <class id="UBERON:0000479" label="tissue"/>
      <span end="5902" id="15819996-12876" start="5896">tissue</span>
    </annotation>
    <annotation annotator="Michael Bada" id="UBERON_Instance_361934" type="identity">
      <class id="UBERON:0001017" label="central nervous system"/>
      <span end="5907" id="15819996-12878" start="5904">CNS</span>
    </annotation>
    <annotation annotator="Michael Bada" id="UBERON_Instance_360430" type="identity">
      <class id="UBERON:0007023" label="adult organism"/>
      <span end="5919" id="15819996-12702" start="5914">adult</span>
    </annotation>
    <annotation annotator="Michael Bada" id="UBERON_Instance_361936" type="identity">
      <class id="UBERON:0000948" label="heart"/>
      <span end="5968" id="15819996-12880" start="5963">heart</span>
    </annotation>
    <annotation annotator="Michael Bada" id="UBERON_Instance_360054" type="identity">
      <class id="UBERON:0000955" label="brain"/>
      <span end="5978" id="15819996-12620" start="5973">brain</span>
    </annotation>
    <annotation annotator="Michael Bada" id="UBERON_Instance_370142" type="identity">
      <class id="UBERON:0004013" label="egg cylinder"/>
      <span end="6503" id="15819996-13068" start="6495">cylinder</span>
    </annotation>
    <annotation annotator="Michael Bada" id="UBERON_Instance_361938" type="identity">
      <class id="UBERON:0000924" label="ectoderm"/>
      <span end="6567" id="15819996-12882" start="6559">ectoderm</span>
    </annotation>
    <annotation annotator="Michael Bada" id="UBERON_Instance_370140" type="identity">
      <class id="UBERON:0005291" label="embryonic tissue"/>
      <span end="6638" id="15819996-13065" start="6628">tissues of</span>
      <span end="6649" id="15819996-13066" start="6643">embryo</span>
    </annotation>
    <annotation annotator="Michael Bada" id="UBERON_Instance_361942" type="identity">
      <class id="UBERON:0000923" label="germ layer"/>
      <span end="6780" id="15819996-12884" start="6769">germ layers</span>
    </annotation>
    <annotation annotator="Michael Bada" id="UBERON_Instance_360598" type="identity">
      <class id="UBERON:0034705" label="developing neuroepithelium"/>
      <span end="6874" id="15819996-12803" start="6859">neuroepithelium</span>
    </annotation>
    <annotation annotator="Michael Bada" id="UBERON_Instance_360684" type="identity">
      <class id="UBERON:0001049" label="neural tube"/>
      <span end="6888" id="15819996-12825" start="6882">neural</span>
      <span end="6902" id="15819996-12826" start="6898">tube</span>
    </annotation>
    <annotation annotator="Michael Bada" id="UBERON_Instance_360682" type="identity">
      <class id="UBERON:0005062" label="neural fold"/>
      <span end="6893" id="15819996-12823" start="6882">neural fold</span>
    </annotation>
    <annotation annotator="Michael Bada" id="UBERON_Instance_360472" type="identity">
      <class id="GO_UBERON_EXT:cellular_component_or_cell_part" label="cell component/part"/>
      <span end="6972" id="15819996-12732" start="6961">subcellular</span>
    </annotation>
    <annotation annotator="Michael Bada" id="UBERON_Instance_360514" type="identity">
      <class id="UBERON:0000922" label="embryo"/>
      <span end="7211" id="15819996-12768" start="7204">embryos</span>
    </annotation>
    <annotation annotator="Michael Bada" id="UBERON_Instance_360516" type="identity">
      <class id="UBERON:0000922" label="embryo"/>
      <span end="7239" id="15819996-12770" start="7233">embryo</span>
    </annotation>
    <annotation annotator="Michael Bada" id="UBERON_Instance_361944" type="identity">
      <class id="UBERON:0004013" label="egg cylinder"/>
      <span end="7260" id="15819996-12886" start="7248">egg cylinder</span>
    </annotation>
    <annotation annotator="Michael Bada" id="UBERON_Instance_360710" type="identity">
      <class id="UBERON:0000087" label="inner cell mass"/>
      <span end="7291" id="15819996-12840" start="7276">inner cell mass</span>
    </annotation>
    <annotation annotator="Michael Bada" id="UBERON_Instance_361946" type="identity">
      <class id="UBERON:0000924" label="ectoderm"/>
      <span end="7321" id="15819996-12888" start="7313">ectoderm</span>
    </annotation>
    <annotation annotator="Michael Bada" id="UBERON_Instance_370144" type="identity">
      <class id="UBERON:0000119" label="cell layer"/>
      <span end="7343" id="15819996-13070" start="7335">layer of</span>
      <span end="7358" id="15819996-13071" start="7353">cells</span>
    </annotation>
    <annotation annotator="Michael Bada" id="UBERON_Instance_361948" type="identity">
      <class id="UBERON:0000925" label="endoderm"/>
      <span end="7352" id="15819996-12890" start="7344">endoderm</span>
    </annotation>
    <annotation annotator="Michael Bada" id="UBERON_Instance_361950" type="identity">
      <class id="UBERON:0004013" label="egg cylinder"/>
      <span end="7545" id="15819996-12892" start="7533">egg cylinder</span>
    </annotation>
    <annotation annotator="Michael Bada" id="UBERON_Instance_361952" type="identity">
      <class id="UBERON:0000925" label="endoderm"/>
      <span end="7584" id="15819996-12894" start="7576">endoderm</span>
    </annotation>
    <annotation annotator="Michael Bada" id="UBERON_Instance_361954" type="identity">
      <class id="UBERON:0000924" label="ectoderm"/>
      <span end="7622" id="15819996-12896" start="7614">ectoderm</span>
    </annotation>
    <annotation annotator="Nicole Vasilevsky" id="UBERON_Instance_830024" type="identity">
      <class id="UBERON:0002405" label="immune system"/>
      <span end="7655" id="15819996-13125" start="7649">immune</span>
    </annotation>
    <annotation annotator="Michael Bada" id="UBERON_Instance_360686" type="identity">
      <class id="UBERON:0001049" label="neural tube"/>
      <span end="7782" id="15819996-12828" start="7771">neural tube</span>
    </annotation>
    <annotation annotator="Michael Bada" id="UBERON_Instance_360688" type="identity">
      <class id="UBERON:0005062" label="neural fold"/>
      <span end="7809" id="15819996-12830" start="7798">neural fold</span>
    </annotation>
    <annotation annotator="Michael Bada" id="UBERON_Instance_360518" type="identity">
      <class id="UBERON:0000922" label="embryo"/>
      <span end="7823" id="15819996-12772" start="7817">embryo</span>
    </annotation>
    <annotation annotator="Michael Bada" id="UBERON_Instance_360600" type="identity">
      <class id="UBERON:0034705" label="developing neuroepithelium"/>
      <span end="8067" id="15819996-12805" start="8052">neuroepithelium</span>
    </annotation>
    <annotation annotator="Michael Bada" id="UBERON_Instance_360690" type="identity">
      <class id="UBERON:0001049" label="neural tube"/>
      <span end="8086" id="15819996-12832" start="8075">neural tube</span>
    </annotation>
    <annotation annotator="Michael Bada" id="UBERON_Instance_360692" type="identity">
      <class id="UBERON:0003842" label="neural tube lumen"/>
      <span end="8111" id="15819996-12834" start="8091">lumen of neural tube</span>
    </annotation>
    <annotation annotator="Michael Bada" id="UBERON_Instance_360602" type="identity">
      <class id="UBERON:0034705" label="developing neuroepithelium"/>
      <span end="8164" id="15819996-12807" start="8149">neuroepithelium</span>
    </annotation>
    <annotation annotator="Michael Bada" id="UBERON_Instance_360520" type="identity">
      <class id="UBERON:0000922" label="embryo"/>
      <span end="8305" id="15819996-12774" start="8299">embryo</span>
    </annotation>
    <annotation annotator="Michael Bada" id="UBERON_Instance_360694" type="identity">
      <class id="UBERON:0001049" label="neural tube"/>
      <span end="8329" id="15819996-12836" start="8318">neural tube</span>
    </annotation>
    <annotation annotator="Michael Bada" id="UBERON_Instance_360474" type="identity">
      <class id="GO_UBERON_EXT:cellular_component_or_cell_part" label="cell component/part"/>
      <span end="8581" id="15819996-12734" start="8570">subcellular</span>
    </annotation>
    <annotation annotator="Michael Bada" id="UBERON_Instance_360522" type="identity">
      <class id="UBERON:0000922" label="embryo"/>
      <span end="8611" id="15819996-12776" start="8602">embryonic</span>
    </annotation>
    <annotation annotator="Michael Bada" id="UBERON_Instance_360056" type="identity">
      <class id="UBERON:0000955" label="brain"/>
      <span end="8617" id="15819996-12622" start="8612">brain</span>
    </annotation>
    <annotation annotator="Michael Bada" id="UBERON_Instance_360476" type="identity">
      <class id="GO_UBERON_EXT:cellular_component_or_cell_part" label="cell component/part"/>
      <span end="8671" id="15819996-12736" start="8660">subcellular</span>
    </annotation>
    <annotation annotator="Michael Bada" id="UBERON_Instance_361958" type="identity">
      <class id="UBERON:0000955" label="brain"/>
      <span end="8728" id="15819996-12898" start="8723">brain</span>
    </annotation>
    <annotation annotator="Michael Bada" id="UBERON_Instance_360524" type="identity">
      <class id="UBERON:0000922" label="embryo"/>
      <span end="8789" id="15819996-12778" start="8780">embryonic</span>
    </annotation>
    <annotation annotator="Michael Bada" id="UBERON_Instance_360058" type="identity">
      <class id="UBERON:0000955" label="brain"/>
      <span end="8795" id="15819996-12624" start="8790">brain</span>
    </annotation>
    <annotation annotator="Michael Bada" id="UBERON_Instance_370176" type="identity">
      <class id="UBERON:0003053" label="ventricular zone"/>
      <span end="8877" id="15819996-13077" start="8849">ventricular germinative zone</span>
    </annotation>
    <annotation annotator="Michael Bada" id="UBERON_Instance_361972" type="identity">
      <class id="UBERON:0002285" label="telencephalic ventricle"/>
      <span end="8911" id="15819996-12900" start="8894">lateral ventricle</span>
    </annotation>
    <annotation annotator="Michael Bada" id="UBERON_Instance_361974" type="identity">
      <class id="UBERON:0001950" label="neocortex"/>
      <span end="9412" id="15819996-12902" start="9395">neopallium cortex</span>
    </annotation>
    <annotation annotator="Michael Bada" id="UBERON_Instance_370152" type="identity">
      <class id="UBERON:0002316" label="white matter"/>
      <span end="9466" id="15819996-13073" start="9454">white matter</span>
    </annotation>
    <annotation annotator="Michael Bada" id="UBERON_Instance_360432" type="identity">
      <class id="UBERON:0007023" label="adult organism"/>
      <span end="9479" id="15819996-12704" start="9474">adult</span>
    </annotation>
    <annotation annotator="Michael Bada" id="UBERON_Instance_361976" type="identity">
      <class id="UBERON:0001851" label="cortex"/>
      <span end="9486" id="15819996-12904" start="9480">cortex</span>
    </annotation>
    <annotation annotator="Michael Bada" id="UBERON_Instance_361978" type="identity">
      <class id="UBERON:0001950" label="neocortex"/>
      <span end="9537" id="15819996-12906" start="9520">neopallial cortex</span>
    </annotation>
    <annotation annotator="Michael Bada" id="UBERON_Instance_370178" type="identity">
      <class id="UBERON:0003053" label="ventricular zone"/>
      <span end="9613" id="15819996-13079" start="9585">ventricular germinative zone</span>
    </annotation>
    <annotation annotator="Michael Bada" id="UBERON_Instance_360478" type="identity">
      <class id="GO_UBERON_EXT:cellular_component_or_cell_part" label="cell component/part"/>
      <span end="9723" id="15819996-12738" start="9712">Subcellular</span>
    </annotation>
    <annotation annotator="Michael Bada" id="UBERON_Instance_360526" type="identity">
      <class id="UBERON:0000922" label="embryo"/>
      <span end="9761" id="15819996-12780" start="9754">embryos</span>
    </annotation>
    <annotation annotator="Michael Bada" id="UBERON_Instance_360528" type="identity">
      <class id="UBERON:0000922" label="embryo"/>
      <span end="9810" id="15819996-12782" start="9801">embryonic</span>
    </annotation>
    <annotation annotator="Michael Bada" id="UBERON_Instance_360060" type="identity">
      <class id="UBERON:0000955" label="brain"/>
      <span end="9816" id="15819996-12626" start="9811">brain</span>
    </annotation>
    <annotation annotator="Michael Bada" id="UBERON_Instance_361980" type="identity">
      <class id="UBERON:0001950" label="neocortex"/>
      <span end="10022" id="15819996-12908" start="10004">cerebral neocortex</span>
    </annotation>
    <annotation annotator="Michael Bada" id="UBERON_Instance_361982" type="identity">
      <class id="UBERON:0002285" label="telencephalic ventricle"/>
      <span end="10060" id="15819996-12910" start="10043">lateral ventricle</span>
    </annotation>
    <annotation annotator="Michael Bada" id="UBERON_Instance_370180" type="identity">
      <class id="UBERON:0003053" label="ventricular zone"/>
      <span end="10499" id="15819996-13081" start="10471">ventricular germinative zone</span>
    </annotation>
    <annotation annotator="Michael Bada" id="UBERON_Instance_361984" type="identity">
      <class id="UBERON:0001950" label="neocortex"/>
      <span end="10530" id="15819996-12912" start="10513">neopallial cortex</span>
    </annotation>
    <annotation annotator="Michael Bada" id="UBERON_Instance_361986" type="identity">
      <class id="UBERON:0002285" label="telencephalic ventricle"/>
      <span end="10704" id="15819996-12914" start="10687">lateral ventricle</span>
    </annotation>
    <annotation annotator="Michael Bada" id="UBERON_Instance_361988" type="identity">
      <class id="UBERON:0001851" label="cortex"/>
      <span end="10744" id="15819996-12916" start="10736">cortical</span>
    </annotation>
    <annotation annotator="Michael Bada" id="UBERON_Instance_361996" type="identity">
      <class id="UBERON:0003053" label="ventricular zone"/>
      <span end="10793" id="15819996-12918" start="10782">ventricular</span>
      <span end="10827" id="15819996-12919" start="10822">zones</span>
    </annotation>
    <annotation annotator="Michael Bada" id="UBERON_Instance_360434" type="identity">
      <class id="UBERON:0007023" label="adult organism"/>
      <span end="10914" id="15819996-12706" start="10909">adult</span>
    </annotation>
    <annotation annotator="Michael Bada" id="UBERON_Instance_360062" type="identity">
      <class id="UBERON:0000955" label="brain"/>
      <span end="10926" id="15819996-12628" start="10921">brain</span>
    </annotation>
    <annotation annotator="Michael Bada" id="UBERON_Instance_360436" type="identity">
      <class id="UBERON:0007023" label="adult organism"/>
      <span end="11018" id="15819996-12708" start="11013">adult</span>
    </annotation>
    <annotation annotator="Michael Bada" id="UBERON_Instance_360064" type="identity">
      <class id="UBERON:0000955" label="brain"/>
      <span end="11024" id="15819996-12630" start="11019">brain</span>
    </annotation>
    <annotation annotator="Michael Bada" id="UBERON_Instance_361998" type="identity">
      <class id="UBERON:0000479" label="tissue"/>
      <span end="11031" id="15819996-12921" start="11025">tissue</span>
    </annotation>
    <annotation annotator="Michael Bada" id="UBERON_Instance_360066" type="identity">
      <class id="UBERON:0000955" label="brain"/>
      <span end="11334" id="15819996-12632" start="11329">brain</span>
    </annotation>
    <annotation annotator="Michael Bada" id="UBERON_Instance_362000" type="identity">
      <class id="UBERON:0001950" label="neocortex"/>
      <span end="11352" id="15819996-12923" start="11343">neocortex</span>
    </annotation>
    <annotation annotator="Michael Bada" id="UBERON_Instance_370182" type="identity">
      <class id="UBERON:0001950" label="neocortex"/>
      <span end="11363" id="15819996-13083" start="11354">isocortex</span>
    </annotation>
    <annotation annotator="Michael Bada" id="UBERON_Instance_362016" type="identity">
      <class id="UBERON:0002301" label="layer of neocortex"/>
      <span end="11446" id="15819996-12931" start="11430">cortical laminae</span>
    </annotation>
    <annotation annotator="Michael Bada" id="UBERON_Instance_370184" type="identity">
      <class id="UBERON:0016538" label="temporal cortex"/>
      <span end="11495" id="15819996-13085" start="11478">cortex temporalis</span>
    </annotation>
    <annotation annotator="Michael Bada" id="UBERON_Instance_360438" type="identity">
      <class id="UBERON:0007023" label="adult organism"/>
      <span end="11523" id="15819996-12710" start="11518">adult</span>
    </annotation>
    <annotation annotator="Michael Bada" id="UBERON_Instance_360068" type="identity">
      <class id="UBERON:0000955" label="brain"/>
      <span end="11529" id="15819996-12634" start="11524">brain</span>
    </annotation>
    <annotation annotator="Michael Bada" id="UBERON_Instance_362002" type="identity">
      <class id="UBERON:0001950" label="neocortex"/>
      <span end="11677" id="15819996-12925" start="11666">neocortical</span>
    </annotation>
    <annotation annotator="Michael Bada" id="UBERON_Instance_362010" type="identity">
      <class id="UBERON:0005390" label="cortical layer I"/>
      <span end="11787" id="15819996-12927" start="11760">neocortical molecular layer</span>
    </annotation>
    <annotation annotator="Michael Bada" id="UBERON_Instance_362014" type="identity">
      <class id="UBERON:0001950" label="neocortex"/>
      <span end="11923" id="15819996-12929" start="11914">isocortex</span>
    </annotation>
    <annotation annotator="Michael Bada" id="UBERON_Instance_370186" type="identity">
      <class id="UBERON:0016538" label="temporal cortex"/>
      <span end="12241" id="15819996-13087" start="12224">cortex temporalis</span>
    </annotation>
    <annotation annotator="Michael Bada" id="UBERON_Instance_360578" type="identity">
      <class id="UBERON:0002421" label="hippocampal formation"/>
      <span end="12267" id="15819996-12786" start="12246">hippocampal formation</span>
    </annotation>
    <annotation annotator="Michael Bada" id="UBERON_Instance_370188" type="identity">
      <class id="UBERON:0016538" label="temporal cortex"/>
      <span end="12336" id="15819996-13089" start="12319">cortex temporalis</span>
    </annotation>
    <annotation annotator="Michael Bada" id="UBERON_Instance_362308" type="identity">
      <class id="UBERON:0002361" label="pia mater"/>
      <span end="12391" id="15819996-13061" start="12387">pial</span>
    </annotation>
    <annotation annotator="Michael Bada" id="UBERON_Instance_362022" type="identity">
      <class id="UBERON:0002301" label="layer of neocortex"/>
      <span end="12441" id="15819996-12933" start="12422">isocortical laminae</span>
    </annotation>
    <annotation annotator="Michael Bada" id="UBERON_Instance_370190" type="identity">
      <class id="UBERON:0002316" label="white matter"/>
      <span end="12489" id="15819996-13091" start="12477">white matter</span>
    </annotation>
    <annotation annotator="Michael Bada" id="UBERON_Instance_362024" type="identity">
      <class id="UBERON:0002313" label="hippocampus pyramidal layer"/>
      <span end="12575" id="15819996-12935" start="12556">Stratum pyramidalis</span>
      <span end="12607" id="15819996-12936" start="12605">of</span>
      <span end="12623" id="15819996-12937" start="12612">hippocampus</span>
    </annotation>
    <annotation annotator="Michael Bada" id="UBERON_Instance_360580" type="identity">
      <class id="UBERON:0001885" label="dentate gyrus of hippocampal formation"/>
      <span end="12607" id="15819996-12788" start="12591">dentate gyrus of</span>
      <span end="12623" id="15819996-12789" start="12612">hippocampus</span>
    </annotation>
    <annotation annotator="Michael Bada" id="UBERON_Instance_362026" type="identity">
      <class id="UBERON:0005392" label="cortical layer III"/>
      <span end="12889" id="15819996-12939" start="12863">lamina pyramidalis externa</span>
    </annotation>
    <annotation annotator="Michael Bada" id="UBERON_Instance_370192" type="identity">
      <class id="UBERON:0016538" label="temporal cortex"/>
      <span end="12918" id="15819996-13093" start="12898">isocortex temporalis</span>
    </annotation>
    <annotation annotator="Michael Bada" id="UBERON_Instance_360582" type="identity">
      <class id="UBERON_EXT:hippocampus_proper_or_hippocampal_formation" label="hippocampus proper or hippocampal formation"/>
      <span end="13400" id="15819996-12791" start="13389">hippocampus</span>
    </annotation>
    <annotation annotator="Michael Bada" id="UBERON_Instance_362032" type="identity">
      <class id="UBERON:0000479" label="tissue"/>
      <span end="13683" id="15819996-12941" start="13677">tissue</span>
    </annotation>
    <annotation annotator="Michael Bada" id="UBERON_Instance_360070" type="identity">
      <class id="UBERON:0000955" label="brain"/>
      <span end="13755" id="15819996-12636" start="13750">brain</span>
    </annotation>
    <annotation annotator="Michael Bada" id="UBERON_Instance_360584" type="identity">
      <class id="UBERON_EXT:hippocampus_proper_or_hippocampal_formation" label="hippocampus proper or hippocampal formation"/>
      <span end="13914" id="15819996-12793" start="13903">hippocampal</span>
    </annotation>
    <annotation annotator="Michael Bada" id="UBERON_Instance_360586" type="identity">
      <class id="UBERON:0002421" label="hippocampal formation"/>
      <span end="13992" id="15819996-12795" start="13971">hippocampal formation</span>
    </annotation>
    <annotation annotator="Michael Bada" id="UBERON_Instance_362036" type="identity">
      <class id="UBERON:0001885" label="dentate gyrus of hippocampal formation"/>
      <span end="14092" id="15819996-12943" start="14079">dentate gyrus</span>
    </annotation>
    <annotation annotator="Michael Bada" id="UBERON_Instance_360588" type="identity">
      <class id="UBERON_EXT:hippocampus_proper_or_hippocampal_formation" label="hippocampus proper or hippocampal formation"/>
      <span end="14375" id="15819996-12797" start="14364">hippocampus</span>
    </annotation>
    <annotation annotator="Michael Bada" id="UBERON_Instance_360072" type="identity">
      <class id="UBERON:0000955" label="brain"/>
      <span end="14668" id="15819996-12638" start="14663">brain</span>
    </annotation>
    <annotation annotator="Michael Bada" id="UBERON_Instance_360074" type="identity">
      <class id="UBERON:0000955" label="brain"/>
      <span end="14787" id="15819996-12640" start="14782">brain</span>
    </annotation>
    <annotation annotator="Michael Bada" id="UBERON_Instance_360076" type="identity">
      <class id="UBERON:0000955" label="brain"/>
      <span end="14931" id="15819996-12642" start="14926">brain</span>
    </annotation>
    <annotation annotator="Michael Bada" id="UBERON_Instance_362038" type="identity">
      <class id="UBERON:0000479" label="tissue"/>
      <span end="14949" id="15819996-12945" start="14942">tissues</span>
    </annotation>
    <annotation annotator="Nicole Vasilevsky" id="UBERON_Instance_840084" type="identity">
      <class id="GO_UBERON_EXT:basement_membrane" label="basement membrane"/>
      <span end="15084" id="15819996-13127" start="15070">basal membrane</span>
    </annotation>
    <annotation annotator="Michael Bada" id="UBERON_Instance_362040" type="identity">
      <class id="UBERON:0002037" label="cerebellum"/>
      <span end="15246" id="15819996-12947" start="15236">cerebellum</span>
    </annotation>
    <annotation annotator="Michael Bada" id="UBERON_Instance_362310" type="identity">
      <class id="UBERON:0002361" label="pia mater"/>
      <span end="15595" id="15819996-13063" start="15591">pial</span>
    </annotation>
    <annotation annotator="Michael Bada" id="UBERON_Instance_370194" type="identity">
      <class id="UBERON:0002316" label="white matter"/>
      <span end="15646" id="15819996-13095" start="15634">white matter</span>
    </annotation>
    <annotation annotator="Michael Bada" id="UBERON_Instance_362050" type="identity">
      <class id="UBERON:0002129" label="cerebellar cortex"/>
      <span end="16024" id="15819996-12949" start="16007">cerebellar cortex</span>
    </annotation>
    <annotation annotator="Michael Bada" id="UBERON_Instance_360078" type="identity">
      <class id="UBERON:0000955" label="brain"/>
      <span end="16105" id="15819996-12644" start="16100">brain</span>
    </annotation>
    <annotation annotator="Michael Bada" id="UBERON_Instance_360672" type="identity">
      <class id="UBERON:0000119" label="cell layer"/>
      <span end="16255" id="15819996-12815" start="16245">cell layer</span>
    </annotation>
    <annotation annotator="Michael Bada" id="UBERON_Instance_360464" type="identity">
      <class id="UBERON:0006798" label="efferent nerve"/>
      <span end="16337" id="15819996-12724" start="16329">efferent</span>
    </annotation>
    <annotation annotator="Michael Bada" id="UBERON_Instance_362052" type="identity">
      <class id="UBERON:0014540" label="white matter lamina of cerebellum"/>
      <span end="16382" id="15819996-12951" start="16371">lamina alba</span>
    </annotation>
    <annotation annotator="Michael Bada" id="UBERON_Instance_370198" type="identity">
      <class id="UBERON:0002316" label="white matter"/>
      <span end="16396" id="15819996-13097" start="16384">white matter</span>
    </annotation>
    <annotation annotator="Michael Bada" id="UBERON_Instance_362054" type="identity">
      <class id="UBERON:0002317" label="white matter of cerebellum"/>
      <span end="16496" id="15819996-12953" start="16473">cerebellar white matter</span>
    </annotation>
    <annotation annotator="Michael Bada" id="UBERON_Instance_362056" type="identity">
      <class id="UBERON:0002037" label="cerebellum"/>
      <span end="16610" id="15819996-12955" start="16600">cerebellum</span>
    </annotation>
    <annotation annotator="Michael Bada" id="UBERON_Instance_360440" type="identity">
      <class id="UBERON:0007023" label="adult organism"/>
      <span end="16619" id="15819996-12712" start="16614">adult</span>
    </annotation>
    <annotation annotator="Michael Bada" id="UBERON_Instance_362058" type="identity">
      <class id="UBERON:0002037" label="cerebellum"/>
      <span end="16665" id="15819996-12957" start="16655">cerebellum</span>
    </annotation>
    <annotation annotator="Michael Bada" id="UBERON_Instance_370200" type="identity">
      <class id="UBERON:0004081" label="cerebellum vermis lobule VII"/>
      <span end="16846" id="15819996-13099" start="16838">folia of</span>
      <span end="16861" id="15819996-13100" start="16851">cerebellum</span>
    </annotation>
    <annotation annotator="Michael Bada" id="UBERON_Instance_370202" type="identity">
      <class id="UBERON:0000119" label="cell layer"/>
      <span end="17074" id="15819996-13102" start="17066">layer of</span>
      <span end="17089" id="15819996-13103" start="17084">cells</span>
    </annotation>
    <annotation annotator="Michael Bada" id="UBERON_Instance_360674" type="identity">
      <class id="UBERON:0000119" label="cell layer"/>
      <span end="17609" id="15819996-12817" start="17599">cell layer</span>
    </annotation>
    <annotation annotator="Michael Bada" id="UBERON_Instance_360442" type="identity">
      <class id="UBERON:0007023" label="adult organism"/>
      <span end="17745" id="15819996-12714" start="17740">adult</span>
    </annotation>
    <annotation annotator="Michael Bada" id="UBERON_Instance_362070" type="identity">
      <class id="UBERON:0001950" label="neocortex"/>
      <span end="17761" id="15819996-12959" start="17752">isocortex</span>
    </annotation>
    <annotation annotator="Michael Bada" id="UBERON_Instance_362072" type="identity">
      <class id="UBERON:0016530" label="parietal cortex"/>
      <span end="17794" id="15819996-12961" start="17776">parietal neocortex</span>
    </annotation>
    <annotation annotator="Michael Bada" id="UBERON_Instance_362300" type="identity">
      <class id="UBERON:0002361" label="pia mater"/>
      <span end="17865" id="15819996-13055" start="17861">pial</span>
    </annotation>
    <annotation annotator="Michael Bada" id="UBERON_Instance_360080" type="identity">
      <class id="UBERON:0000955" label="brain"/>
      <span end="18394" id="15819996-12646" start="18389">brain</span>
    </annotation>
    <annotation annotator="Michael Bada" id="UBERON_Instance_362080" type="identity">
      <class id="UBERON:0001950" label="neocortex"/>
      <span end="18499" id="15819996-12963" start="18490">isocortex</span>
    </annotation>
    <annotation annotator="Michael Bada" id="UBERON_Instance_362082" type="identity">
      <class id="UBERON:0016530" label="parietal cortex"/>
      <span end="18658" id="15819996-12965" start="18643">parietal cortex</span>
    </annotation>
    <annotation annotator="Michael Bada" id="UBERON_Instance_370204" type="identity">
      <class id="UBERON:0002361" label="pia mater"/>
      <span end="18761" id="15819996-13105" start="18757">pial</span>
    </annotation>
    <annotation annotator="Michael Bada" id="UBERON_Instance_360444" type="identity">
      <class id="UBERON:0007023" label="adult organism"/>
      <span end="19437" id="15819996-12716" start="19432">adult</span>
    </annotation>
    <annotation annotator="Michael Bada" id="UBERON_Instance_360082" type="identity">
      <class id="UBERON:0000955" label="brain"/>
      <span end="19502" id="15819996-12648" start="19497">brain</span>
    </annotation>
    <annotation annotator="Michael Bada" id="UBERON_Instance_362086" type="identity">
      <class id="UBERON:0000479" label="tissue"/>
      <span end="19803" id="15819996-12967" start="19797">tissue</span>
    </annotation>
    <annotation annotator="Michael Bada" id="UBERON_Instance_360084" type="identity">
      <class id="UBERON:0000955" label="brain"/>
      <span end="21303" id="15819996-12650" start="21298">brain</span>
    </annotation>
    <annotation annotator="Michael Bada" id="UBERON_Instance_361896" type="identity">
      <class id="UBERON:0001017" label="central nervous system"/>
      <span end="22541" id="15819996-12846" start="22519">central nervous system</span>
    </annotation>
    <annotation annotator="Michael Bada" id="UBERON_Instance_360678" type="identity">
      <class id="UBERON:0005291" label="embryonic tissue"/>
      <span end="22670" id="15819996-12821" start="22653">embryonic tissues</span>
    </annotation>
    <annotation annotator="Michael Bada" id="UBERON_Instance_360696" type="identity">
      <class id="UBERON:0002346" label="neurectoderm"/>
      <span end="22760" id="15819996-12838" start="22745">neural ectoderm</span>
    </annotation>
    <annotation annotator="Michael Bada" id="UBERON_Instance_362088" type="identity">
      <class id="UBERON:0001016" label="nervous system"/>
      <span end="22826" id="15819996-12969" start="22812">nervous system</span>
    </annotation>
    <annotation annotator="Michael Bada" id="UBERON_Instance_362090" type="identity">
      <class id="UBERON:0000925" label="endoderm"/>
      <span end="22894" id="15819996-12971" start="22884">Endodermal</span>
    </annotation>
    <annotation annotator="Michael Bada" id="UBERON_Instance_362092" type="identity">
      <class id="UBERON:0000926" label="mesoderm"/>
      <span end="22916" id="15819996-12973" start="22906">mesodermal</span>
    </annotation>
    <annotation annotator="Michael Bada" id="UBERON_Instance_360480" type="identity">
      <class id="GO_UBERON_EXT:cellular_component_or_cell_part" label="cell component/part"/>
      <span end="22952" id="15819996-12740" start="22941">subcellular</span>
    </annotation>
    <annotation annotator="Michael Bada" id="UBERON_Instance_360086" type="identity">
      <class id="UBERON:0000955" label="brain"/>
      <span end="23006" id="15819996-12652" start="23001">brain</span>
    </annotation>
    <annotation annotator="Michael Bada" id="UBERON_Instance_360482" type="identity">
      <class id="GO_UBERON_EXT:cellular_component_or_cell_part" label="cell component/part"/>
      <span end="23052" id="15819996-12742" start="23041">subcellular</span>
    </annotation>
    <annotation annotator="Michael Bada" id="UBERON_Instance_370206" type="identity">
      <class id="UBERON:0002301" label="layer of neocortex"/>
      <span end="23101" id="15819996-13107" start="23094">stratum</span>
      <span end="23117" id="15819996-13108" start="23115">of</span>
      <span end="23139" id="15819996-13109" start="23122">neopallial cortex</span>
    </annotation>
    <annotation annotator="Michael Bada" id="UBERON_Instance_362098" type="identity">
      <class id="UBERON:0002285" label="telencephalic ventricle"/>
      <span end="23178" id="15819996-12975" start="23161">lateral ventricle</span>
    </annotation>
    <annotation annotator="Michael Bada" id="UBERON_Instance_362104" type="identity">
      <class id="UBERON:0001950" label="neocortex"/>
      <span end="23415" id="15819996-12977" start="23405">neopallium</span>
    </annotation>
    <annotation annotator="Michael Bada" id="UBERON_Instance_370210" type="identity">
      <class id="UBERON:0003053" label="ventricular zone"/>
      <span end="23517" id="15819996-13111" start="23489">ventricular germinative zone</span>
    </annotation>
    <annotation annotator="Michael Bada" id="UBERON_Instance_362108" type="identity">
      <class id="UBERON:0001950" label="neocortex"/>
      <span end="23561" id="15819996-12979" start="23552">neocortex</span>
    </annotation>
    <annotation annotator="Michael Bada" id="UBERON_Instance_370212" type="identity">
      <class id="UBERON:0003053" label="ventricular zone"/>
      <span end="23912" id="15819996-13113" start="23881">proliferative ventricular layer</span>
    </annotation>
    <annotation annotator="Michael Bada" id="UBERON_Instance_362110" type="identity">
      <class id="UBERON:0001950" label="neocortex"/>
      <span end="23937" id="15819996-12981" start="23920">neopallial cortex</span>
    </annotation>
    <annotation annotator="Michael Bada" id="UBERON_Instance_362114" type="identity">
      <class id="UBERON:0001851" label="cortex"/>
      <span end="24019" id="15819996-12983" start="24011">cortical</span>
    </annotation>
    <annotation annotator="Michael Bada" id="UBERON_Instance_360676" type="identity">
      <class id="UBERON:0000119" label="cell layer"/>
      <span end="24031" id="15819996-12819" start="24020">cell layers</span>
    </annotation>
    <annotation annotator="Michael Bada" id="UBERON_Instance_360484" type="identity">
      <class id="GO_UBERON_EXT:cellular_component_or_cell_part" label="cell component/part"/>
      <span end="24136" id="15819996-12744" start="24125">subcellular</span>
    </annotation>
    <annotation annotator="Michael Bada" id="UBERON_Instance_360446" type="identity">
      <class id="UBERON:0007023" label="adult organism"/>
      <span end="24223" id="15819996-12718" start="24218">adult</span>
    </annotation>
    <annotation annotator="Michael Bada" id="UBERON_Instance_360088" type="identity">
      <class id="UBERON:0000955" label="brain"/>
      <span end="24229" id="15819996-12654" start="24224">brain</span>
    </annotation>
    <annotation annotator="Michael Bada" id="UBERON_Instance_362116" type="identity">
      <class id="UBERON:0001950" label="neocortex"/>
      <span end="24421" id="15819996-12985" start="24412">isocortex</span>
    </annotation>
    <annotation annotator="Michael Bada" id="UBERON_Instance_362118" type="identity">
      <class id="UBERON:0002037" label="cerebellum"/>
      <span end="24458" id="15819996-12987" start="24448">cerebellum</span>
    </annotation>
    <annotation annotator="Michael Bada" id="UBERON_Instance_362120" type="identity">
      <class id="UBERON:0016538" label="temporal cortex"/>
      <span end="24637" id="15819996-12989" start="24619">temporal neocortex</span>
    </annotation>
    <annotation annotator="Michael Bada" id="UBERON_Instance_360590" type="identity">
      <class id="UBERON_EXT:hippocampus_proper_or_hippocampal_formation" label="hippocampus proper or hippocampal formation"/>
      <span end="24653" id="15819996-12799" start="24642">hippocampus</span>
    </annotation>
    <annotation annotator="Michael Bada" id="UBERON_Instance_360592" type="identity">
      <class id="UBERON_EXT:hippocampus_proper_or_hippocampal_formation" label="hippocampus proper or hippocampal formation"/>
      <span end="24860" id="15819996-12801" start="24849">hippocampal</span>
    </annotation>
    <annotation annotator="Michael Bada" id="UBERON_Instance_362302" type="identity">
      <class id="UBERON:0001954" label="Ammon's horn"/>
      <span end="24902" id="15819996-13057" start="24890">Ammon's horn</span>
    </annotation>
    <annotation annotator="Michael Bada" id="UBERON_Instance_362122" type="identity">
      <class id="UBERON:0016538" label="temporal cortex"/>
      <span end="24949" id="15819996-12991" start="24931">temporal neocortex</span>
    </annotation>
    <annotation annotator="Michael Bada" id="UBERON_Instance_362124" type="identity">
      <class id="UBERON:0000479" label="tissue"/>
      <span end="24956" id="15819996-12993" start="24950">tissue</span>
    </annotation>
    <annotation annotator="Michael Bada" id="UBERON_Instance_360090" type="identity">
      <class id="UBERON:0000955" label="brain"/>
      <span end="25080" id="15819996-12656" start="25075">brain</span>
    </annotation>
    <annotation annotator="Michael Bada" id="UBERON_Instance_360092" type="identity">
      <class id="UBERON:0000955" label="brain"/>
      <span end="25271" id="15819996-12658" start="25266">brain</span>
    </annotation>
    <annotation annotator="Michael Bada" id="UBERON_Instance_362126" type="identity">
      <class id="UBERON:0016530" label="parietal cortex"/>
      <span end="25334" id="15819996-12995" start="25319">parietal cortex</span>
    </annotation>
    <annotation annotator="Michael Bada" id="UBERON_Instance_360094" type="identity">
      <class id="UBERON:0000955" label="brain"/>
      <span end="25351" id="15819996-12660" start="25346">brain</span>
    </annotation>
    <annotation annotator="Michael Bada" id="UBERON_Instance_362128" type="identity">
      <class id="UBERON:0000479" label="tissue"/>
      <span end="25694" id="15819996-12997" start="25688">tissue</span>
    </annotation>
    <annotation annotator="Michael Bada" id="UBERON_Instance_362130" type="identity">
      <class id="UBERON:0001871" label="temporal lobe"/>
      <span end="25772" id="15819996-12999" start="25759">temporal lobe</span>
    </annotation>
    <annotation annotator="Michael Bada" id="UBERON_Instance_360096" type="identity">
      <class id="UBERON:0000955" label="brain"/>
      <span end="25824" id="15819996-12662" start="25819">brain</span>
    </annotation>
    <annotation annotator="Michael Bada" id="UBERON_Instance_370214" type="identity">
      <class id="UBERON:0000479" label="tissue"/>
      <span end="25831" id="15819996-13115" start="25825">tissue</span>
    </annotation>
    <annotation annotator="Michael Bada" id="UBERON_Instance_360098" type="identity">
      <class id="UBERON:0000955" label="brain"/>
      <span end="26220" id="15819996-12664" start="26215">brain</span>
    </annotation>
    <annotation annotator="Michael Bada" id="UBERON_Instance_360100" type="identity">
      <class id="UBERON:0000955" label="brain"/>
      <span end="26493" id="15819996-12666" start="26488">brain</span>
    </annotation>
    <annotation annotator="Michael Bada" id="UBERON_Instance_360102" type="identity">
      <class id="UBERON:0000955" label="brain"/>
      <span end="26667" id="15819996-12668" start="26662">brain</span>
    </annotation>
    <annotation annotator="Michael Bada" id="UBERON_Instance_362132" type="identity">
      <class id="UBERON:0000479" label="tissue"/>
      <span end="26674" id="15819996-13001" start="26668">tissue</span>
    </annotation>
    <annotation annotator="Michael Bada" id="UBERON_Instance_360104" type="identity">
      <class id="UBERON:0000955" label="brain"/>
      <span end="26850" id="15819996-12670" start="26845">brain</span>
    </annotation>
    <annotation annotator="Michael Bada" id="UBERON_Instance_360498" type="identity">
      <class id="UBERON:0001133" label="cardiac muscle tissue"/>
      <span end="26917" id="15819996-12754" start="26905">heart muscle</span>
    </annotation>
    <annotation annotator="Michael Bada" id="UBERON_Instance_362134" type="identity">
      <class id="UBERON:0000178" label="blood"/>
      <span end="26931" id="15819996-13003" start="26926">blood</span>
    </annotation>
    <annotation annotator="Michael Bada" id="UBERON_Instance_362136" type="identity">
      <class id="UBERON:0000948" label="heart"/>
      <span end="27813" id="15819996-13005" start="27808">heart</span>
    </annotation>
    <annotation annotator="Michael Bada" id="UBERON_Instance_362138" type="identity">
      <class id="UBERON:0000948" label="heart"/>
      <span end="27949" id="15819996-13007" start="27942">cardiac</span>
    </annotation>
    <annotation annotator="Michael Bada" id="UBERON_Instance_360486" type="identity">
      <class id="GO_UBERON_EXT:cellular_component_or_cell_part" label="cell component/part"/>
      <span end="28013" id="15819996-12746" start="28002">subcellular</span>
    </annotation>
    <annotation annotator="Michael Bada" id="UBERON_Instance_370216" type="identity">
      <class id="UBERON:0002315" label="gray matter of spinal cord"/>
      <span end="28108" id="15819996-13117" start="28094">gray matter of</span>
      <span end="28138" id="15819996-13118" start="28127">spinal cord</span>
    </annotation>
    <annotation annotator="Michael Bada" id="UBERON_Instance_362140" type="identity">
      <class id="UBERON:0000922" label="embryo"/>
      <span end="28126" id="15819996-13009" start="28117">embryonic</span>
    </annotation>
    <annotation annotator="Michael Bada" id="UBERON_Instance_360448" type="identity">
      <class id="UBERON:0007023" label="adult organism"/>
      <span end="28256" id="15819996-12720" start="28251">adult</span>
    </annotation>
    <annotation annotator="Michael Bada" id="UBERON_Instance_362144" type="identity">
      <class id="UBERON:0002240" label="spinal cord"/>
      <span end="28268" id="15819996-13011" start="28257">spinal cord</span>
    </annotation>
    <annotation annotator="Michael Bada" id="UBERON_Instance_370218" type="identity">
      <class id="UBERON:0005291" label="embryonic tissue"/>
      <span end="28389" id="15819996-13120" start="28380">embryonic</span>
      <span end="28405" id="15819996-13121" start="28399">tissue</span>
    </annotation>
    <annotation annotator="Michael Bada" id="UBERON_Instance_360606" type="identity">
      <class id="UBERON:0001471" label="skin of prepuce of penis"/>
      <span end="28980" id="15819996-12811" start="28972">foreskin</span>
    </annotation>
    <annotation annotator="Michael Bada" id="UBERON_Instance_360106" type="identity">
      <class id="UBERON:0000955" label="brain"/>
      <span end="31105" id="15819996-12672" start="31100">brain</span>
    </annotation>
    <annotation annotator="Michael Bada" id="UBERON_Instance_360450" type="identity">
      <class id="UBERON:0007023" label="adult organism"/>
      <span end="31119" id="15819996-12722" start="31114">adult</span>
    </annotation>
    <annotation annotator="Michael Bada" id="UBERON_Instance_360108" type="identity">
      <class id="UBERON:0000955" label="brain"/>
      <span end="31125" id="15819996-12674" start="31120">brain</span>
    </annotation>
    <annotation annotator="Michael Bada" id="UBERON_Instance_362150" type="identity">
      <class id="UBERON:0002037" label="cerebellum"/>
      <span end="31204" id="15819996-13013" start="31194">cerebellar</span>
    </annotation>
    <annotation annotator="Michael Bada" id="UBERON_Instance_362152" type="identity">
      <class id="UBERON:0001950" label="neocortex"/>
      <span end="31235" id="15819996-13015" start="31224">neocortical</span>
    </annotation>
    <annotation annotator="Michael Bada" id="UBERON_Instance_360488" type="identity">
      <class id="GO_UBERON_EXT:cellular_component_or_cell_part" label="cell component/part"/>
      <span end="31336" id="15819996-12748" start="31325">subcellular</span>
    </annotation>
    <annotation annotator="Michael Bada" id="UBERON_Instance_362154" type="identity">
      <class id="UBERON:0000479" label="tissue"/>
      <span end="31659" id="15819996-13017" start="31653">tissue</span>
    </annotation>
    <annotation annotator="Michael Bada" id="UBERON_Instance_360604" type="identity">
      <class id="UBERON:0010148" label="mating plug"/>
      <span end="31735" id="15819996-12809" start="31723">vaginal plug</span>
    </annotation>
    <annotation annotator="Michael Bada" id="UBERON_Instance_360286" type="identity">
      <class id="PATO_UBERON_EXT:female_or_bearer_of_femaleness" label="female organism/bearer of femaleness"/>
      <span end="31928" id="15819996-12690" start="31921">females</span>
    </annotation>
    <annotation annotator="Michael Bada" id="UBERON_Instance_360574" type="identity">
      <class id="UBERON:0005434" label="cervical region"/>
      <span end="31956" id="15819996-12784" start="31948">cervical</span>
    </annotation>
    <annotation annotator="Michael Bada" id="UBERON_Instance_362156" type="identity">
      <class id="UBERON:0000922" label="embryo"/>
      <span end="32028" id="15819996-13019" start="32021">embryos</span>
    </annotation>
    <annotation annotator="Michael Bada" id="UBERON_Instance_362158" type="identity">
      <class id="UBERON:0000995" label="uterus"/>
      <span end="32069" id="15819996-13021" start="32063">uterus</span>
    </annotation>
    <annotation annotator="Michael Bada" id="UBERON_Instance_362306" type="identity">
      <class id="UBERON:0000922" label="embryo"/>
      <span end="32088" id="15819996-13059" start="32081">embryos</span>
    </annotation>
    <annotation annotator="Michael Bada" id="UBERON_Instance_360110" type="identity">
      <class id="UBERON:0000955" label="brain"/>
      <span end="32245" id="15819996-12676" start="32240">brain</span>
    </annotation>
    <annotation annotator="Michael Bada" id="UBERON_Instance_362160" type="identity">
      <class id="UBERON:0000922" label="embryo"/>
      <span end="32315" id="15819996-13023" start="32308">embryos</span>
    </annotation>
    <annotation annotator="Michael Bada" id="UBERON_Instance_362162" type="identity">
      <class id="UBERON:0000479" label="tissue"/>
      <span end="32327" id="15819996-13025" start="32320">tissues</span>
    </annotation>
    <annotation annotator="Michael Bada" id="UBERON_Instance_362164" type="identity">
      <class id="UBERON:0000479" label="tissue"/>
      <span end="32422" id="15819996-13027" start="32416">tissue</span>
    </annotation>
    <annotation annotator="Michael Bada" id="UBERON_Instance_360112" type="identity">
      <class id="UBERON:0000955" label="brain"/>
      <span end="32638" id="15819996-12678" start="32633">brain</span>
    </annotation>
    <annotation annotator="Michael Bada" id="UBERON_Instance_362166" type="identity">
      <class id="UBERON:0000479" label="tissue"/>
      <span end="32645" id="15819996-13029" start="32639">tissue</span>
    </annotation>
    <annotation annotator="Michael Bada" id="UBERON_Instance_360114" type="identity">
      <class id="UBERON:0000955" label="brain"/>
      <span end="32672" id="15819996-12680" start="32666">brains</span>
    </annotation>
    <annotation annotator="Michael Bada" id="UBERON_Instance_360290" type="identity">
      <class id="PATO_UBERON_EXT:male_or_bearer_of_maleness" label="male organism/bearer of maleness"/>
      <span end="32680" id="15819996-12694" start="32676">male</span>
    </annotation>
    <annotation annotator="Michael Bada" id="UBERON_Instance_360288" type="identity">
      <class id="PATO_UBERON_EXT:female_or_bearer_of_femaleness" label="female organism/bearer of femaleness"/>
      <span end="32691" id="15819996-12692" start="32685">female</span>
    </annotation>
    <annotation annotator="Michael Bada" id="UBERON_Instance_362168" type="identity">
      <class id="UBERON:0016530" label="parietal cortex"/>
      <span end="32887" id="15819996-13031" start="32869">parietal neocortex</span>
    </annotation>
    <annotation annotator="Michael Bada" id="UBERON_Instance_362170" type="identity">
      <class id="UBERON:0001977" label="serum"/>
      <span end="33517" id="15819996-13033" start="33512">serum</span>
    </annotation>
    <annotation annotator="Michael Bada" id="UBERON_Instance_362172" type="identity">
      <class id="UBERON:0000479" label="tissue"/>
      <span end="34286" id="15819996-13035" start="34280">tissue</span>
    </annotation>
    <annotation annotator="Michael Bada" id="UBERON_Instance_362174" type="identity">
      <class id="UBERON:0000479" label="tissue"/>
      <span end="34692" id="15819996-13037" start="34686">tissue</span>
    </annotation>
    <annotation annotator="Michael Bada" id="UBERON_Instance_362176" type="identity">
      <class id="UBERON:0001977" label="serum"/>
      <span end="35010" id="15819996-13039" start="35005">serum</span>
    </annotation>
    <annotation annotator="Michael Bada" id="UBERON_Instance_360116" type="identity">
      <class id="UBERON:0000955" label="brain"/>
      <span end="35655" id="15819996-12682" start="35650">brain</span>
    </annotation>
    <annotation annotator="Michael Bada" id="UBERON_Instance_360118" type="identity">
      <class id="UBERON:0000955" label="brain"/>
      <span end="35690" id="15819996-12684" start="35685">brain</span>
    </annotation>
    <annotation annotator="Michael Bada" id="UBERON_Instance_362178" type="identity">
      <class id="UBERON:0000479" label="tissue"/>
      <span end="36556" id="15819996-13041" start="36550">tissue</span>
    </annotation>
    <annotation annotator="Michael Bada" id="UBERON_Instance_362180" type="identity">
      <class id="UBERON:0000479" label="tissue"/>
      <span end="38397" id="15819996-13043" start="38391">Tissue</span>
    </annotation>
    <annotation annotator="Michael Bada" id="UBERON_Instance_362182" type="identity">
      <class id="UBERON:0000922" label="embryo"/>
      <span end="38474" id="15819996-13045" start="38467">embryos</span>
    </annotation>
    <annotation annotator="Michael Bada" id="UBERON_Instance_362184" type="identity">
      <class id="UBERON:0000922" label="embryo"/>
      <span end="38545" id="15819996-13047" start="38539">Embryo</span>
    </annotation>
    <annotation annotator="Michael Bada" id="UBERON_Instance_362186" type="identity">
      <class id="UBERON:0000479" label="tissue"/>
      <span end="38561" id="15819996-13049" start="38555">Tissue</span>
    </annotation>
    <annotation annotator="Michael Bada" id="UBERON_Instance_360120" type="identity">
      <class id="UBERON:0000955" label="brain"/>
      <span end="39225" id="15819996-12686" start="39220">brain</span>
    </annotation>
    <annotation annotator="Michael Bada" id="UBERON_Instance_362188" type="identity">
      <class id="UBERON:0000955" label="brain"/>
      <span end="39354" id="15819996-13051" start="39349">brain</span>
    </annotation>
    <graph-space id="Old Knowtator Relations"/>
  </document>
</knowtator-project>
