<?xml version="1.0" encoding="UTF-8" standalone="no"?>
<knowtator-project>
    <document id="15876356" text-file="15876356.txt">
        <annotation annotator="Michael Bada" id="UBERON_Instance_381300" type="identity">
            <class id="UBERON:0001021" label="nerve"/>
            <span end="27" id="15876356-13728" start="11">peripheral nerve</span>
        </annotation>
        <annotation annotator="Michael Bada" id="UBERON_Instance_382206" type="identity">
            <class id="UBERON:0001016" label="nervous system"/>
            <span end="197" id="15876356-13945" start="182">nervous systems</span>
        </annotation>
        <annotation annotator="Michael Bada" id="UBERON_Instance_381306" type="identity">
            <class id="UBERON:0000956" label="cerebral cortex"/>
            <span end="783" id="15876356-13730" start="768">cerebral cortex</span>
        </annotation>
        <annotation annotator="Michael Bada" id="UBERON_Instance_381308" type="identity">
            <class id="UBERON:0002037" label="cerebellum"/>
            <span end="797" id="15876356-13732" start="787">cerebellum</span>
        </annotation>
        <annotation annotator="Michael Bada" id="UBERON_Instance_381310" type="identity">
            <class id="UBERON:0001021" label="nerve"/>
            <span end="881" id="15876356-13734" start="864">peripheral nerves</span>
        </annotation>
        <annotation annotator="Michael Bada" id="UBERON_Instance_382208" type="identity">
            <class id="UBERON:0001016" label="nervous system"/>
            <span end="1026" id="15876356-13947" start="1012">nervous system</span>
        </annotation>
        <annotation annotator="Michael Bada" id="UBERON_Instance_380512" type="identity">
            <class id="UBERON:0007376" label="outer epithelium"/>
            <span end="1834" id="15876356-13718" start="1825">epidermal</span>
        </annotation>
        <annotation annotator="Michael Bada" id="UBERON_Instance_380250" type="identity">
            <class id="PATO_UBERON_EXT:male_or_bearer_of_maleness" label="male organism/bearer of maleness"/>
            <span end="2330" id="15876356-13684" start="2326">male</span>
        </annotation>
        <annotation annotator="Michael Bada" id="UBERON_Instance_382210" type="identity">
            <class id="UBERON:0001016" label="nervous system"/>
            <span end="2773" id="15876356-13949" start="2758">nervous systems</span>
        </annotation>
        <annotation annotator="Michael Bada" id="UBERON_Instance_382212" type="identity">
            <class id="UBERON:0001016" label="nervous system"/>
            <span end="3279" id="15876356-13951" start="3265">nervous system</span>
        </annotation>
        <annotation annotator="Michael Bada" id="UBERON_Instance_382214" type="identity">
            <class id="UBERON:0001016" label="nervous system"/>
            <span end="3676" id="15876356-13953" start="3662">nervous system</span>
        </annotation>
        <annotation annotator="Michael Bada" id="UBERON_Instance_381346" type="identity">
            <class id="UBERON_EXT:body" label="body (proper or whole multicellular organism)"/>
            <span end="4900" id="15876356-13764" start="4896">body</span>
        </annotation>
        <annotation annotator="Michael Bada" id="UBERON_Instance_381348" type="identity">
            <class id="UBERON:0002101" label="limb"/>
            <span end="4950" id="15876356-13766" start="4945">limbs</span>
        </annotation>
        <annotation annotator="Michael Bada" id="UBERON_Instance_381350" type="identity">
            <class id="UBERON_EXT:body" label="body (proper or whole multicellular organism)"/>
            <span end="5067" id="15876356-13768" start="5063">body</span>
        </annotation>
        <annotation annotator="Michael Bada" id="UBERON_Instance_380252" type="identity">
            <class id="PATO_UBERON_EXT:male_or_bearer_of_maleness" label="male organism/bearer of maleness"/>
            <span end="5135" id="15876356-13686" start="5131">male</span>
        </annotation>
        <annotation annotator="Michael Bada" id="UBERON_Instance_380254" type="identity">
            <class id="PATO_UBERON_EXT:female_or_bearer_of_femaleness" label="female organism/bearer of femaleness"/>
            <span end="5162" id="15876356-13688" start="5155">females</span>
        </annotation>
        <annotation annotator="Michael Bada" id="UBERON_Instance_380258" type="identity">
            <class id="PATO_UBERON_EXT:male_or_bearer_of_maleness" label="male organism/bearer of maleness"/>
            <span end="5220" id="15876356-13692" start="5215">males</span>
        </annotation>
        <annotation annotator="Michael Bada" id="UBERON_Instance_380256" type="identity">
            <class id="PATO_UBERON_EXT:female_or_bearer_of_femaleness" label="female organism/bearer of femaleness"/>
            <span end="5232" id="15876356-13690" start="5225">females</span>
        </annotation>
        <annotation annotator="Michael Bada" id="UBERON_Instance_381352" type="identity">
            <class id="UBERON_EXT:body" label="body (proper or whole multicellular organism)"/>
            <span end="5588" id="15876356-13770" start="5584">body</span>
        </annotation>
        <annotation annotator="Michael Bada" id="UBERON_Instance_380058" type="identity">
            <class id="UBERON:0000955" label="brain"/>
            <span end="6130" id="15876356-13650" start="6125">brain</span>
        </annotation>
        <annotation annotator="Michael Bada" id="UBERON_Instance_380462" type="identity">
            <class id="UBERON:0007023" label="adult organism"/>
            <span end="6229" id="15876356-13708" start="6224">adult</span>
        </annotation>
        <annotation annotator="Michael Bada" id="UBERON_Instance_380212" type="identity">
            <class id="UBERON:0001017" label="central nervous system"/>
            <span end="6239" id="15876356-13668" start="6236">CNS</span>
        </annotation>
        <annotation annotator="Michael Bada" id="UBERON_Instance_380464" type="identity">
            <class id="UBERON:0007023" label="adult organism"/>
            <span end="6391" id="15876356-13710" start="6386">adult</span>
        </annotation>
        <annotation annotator="Michael Bada" id="UBERON_Instance_380214" type="identity">
            <class id="UBERON:0001017" label="central nervous system"/>
            <span end="6401" id="15876356-13670" start="6398">CNS</span>
        </annotation>
        <annotation annotator="Michael Bada" id="UBERON_Instance_381354" type="identity">
            <class id="UBERON:0002037" label="cerebellum"/>
            <span end="6447" id="15876356-13772" start="6437">cerebellar</span>
        </annotation>
        <annotation annotator="Michael Bada" id="UBERON_Instance_380732" type="identity">
            <class id="UBERON:0002421" label="hippocampal formation"/>
            <span end="6487" id="15876356-13724" start="6466">hippocampal formation</span>
        </annotation>
        <annotation annotator="Michael Bada" id="UBERON_Instance_381356" type="identity">
            <class id="UBERON:0002240" label="spinal cord"/>
            <span end="6507" id="15876356-13774" start="6496">spinal cord</span>
        </annotation>
        <annotation annotator="Michael Bada" id="UBERON_Instance_390074" type="identity">
            <class id="UBERON:0002020" label="gray matter"/>
            <span end="6563" id="15876356-13961" start="6552">grey matter</span>
        </annotation>
        <annotation annotator="Michael Bada" id="UBERON_Instance_380216" type="identity">
            <class id="UBERON:0001017" label="central nervous system"/>
            <span end="6614" id="15876356-13672" start="6611">CNS</span>
        </annotation>
        <annotation annotator="Michael Bada" id="UBERON_Instance_380218" type="identity">
            <class id="UBERON:0001017" label="central nervous system"/>
            <span end="6786" id="15876356-13674" start="6783">CNS</span>
        </annotation>
        <annotation annotator="Michael Bada" id="UBERON_Instance_381312" type="identity">
            <class id="UBERON:0002037" label="cerebellum"/>
            <span end="6892" id="15876356-13736" start="6882">cerebellum</span>
        </annotation>
        <annotation annotator="Michael Bada" id="UBERON_Instance_380522" type="identity">
            <class id="UBERON_EXT:hippocampus_proper_or_hippocampal_formation" label="hippocampus proper or hippocampal formation"/>
            <span end="6908" id="15876356-13720" start="6897">hippocampus</span>
        </annotation>
        <annotation annotator="Michael Bada" id="UBERON_Instance_381358" type="identity">
            <class id="UBERON:0002037" label="cerebellum"/>
            <span end="6992" id="15876356-13776" start="6982">cerebellar</span>
        </annotation>
        <annotation annotator="Michael Bada" id="UBERON_Instance_380734" type="identity">
            <class id="UBERON:0002421" label="hippocampal formation"/>
            <span end="7166" id="15876356-13726" start="7145">Hippocampal formation</span>
        </annotation>
        <annotation annotator="Michael Bada" id="UBERON_Instance_390076" type="identity">
            <class id="UBERON:0000345" label="myelin"/>
            <span end="7335" id="15876356-13963" start="7329">myelin</span>
        </annotation>
        <annotation annotator="Michael Bada" id="UBERON_Instance_381314" type="identity">
            <class id="UBERON:0002037" label="cerebellum"/>
            <span end="7391" id="15876356-13738" start="7381">cerebellum</span>
        </annotation>
        <annotation annotator="Michael Bada" id="UBERON_Instance_381360" type="identity">
            <class id="UBERON:0002240" label="spinal cord"/>
            <span end="7417" id="15876356-13778" start="7406">spinal cord</span>
        </annotation>
        <annotation annotator="Michael Bada" id="UBERON_Instance_380060" type="identity">
            <class id="UBERON:0000955" label="brain"/>
            <span end="7581" id="15876356-13652" start="7576">brain</span>
        </annotation>
        <annotation annotator="Michael Bada" id="UBERON_Instance_381362" type="identity">
            <class id="UBERON:0002240" label="spinal cord"/>
            <span end="7642" id="15876356-13780" start="7631">spinal cord</span>
        </annotation>
        <annotation annotator="Michael Bada" id="UBERON_Instance_381364" type="identity">
            <class id="UBERON:0001021" label="nerve"/>
            <span end="7664" id="15876356-13782" start="7647">peripheral nerves</span>
        </annotation>
        <annotation annotator="Michael Bada" id="UBERON_Instance_381366" type="identity">
            <class id="UBERON:0000345" label="myelin"/>
            <span end="7741" id="15876356-13784" start="7735">myelin</span>
        </annotation>
        <annotation annotator="Michael Bada" id="UBERON_Instance_381368" type="identity">
            <class id="UBERON:0000345" label="myelin"/>
            <span end="7781" id="15876356-13786" start="7775">myelin</span>
        </annotation>
        <annotation annotator="Michael Bada" id="UBERON_Instance_381370" type="identity">
            <class id="UBERON:0000345" label="myelin"/>
            <span end="7796" id="15876356-13788" start="7790">myelin</span>
        </annotation>
        <annotation annotator="Michael Bada" id="UBERON_Instance_381374" type="identity">
            <class id="UBERON:0001322" label="sciatic nerve"/>
            <span end="7831" id="15876356-13792" start="7817">sciatic nerves</span>
        </annotation>
        <annotation annotator="Michael Bada" id="UBERON_Instance_381376" type="identity">
            <class id="UBERON:0001645" label="trigeminal nerve"/>
            <span end="7863" id="15876356-13794" start="7846">trigeminal nerves</span>
        </annotation>
        <annotation annotator="Michael Bada" id="UBERON_Instance_381378" type="identity">
            <class id="UBERON:0002240" label="spinal cord"/>
            <span end="7948" id="15876356-13796" start="7937">spinal cord</span>
        </annotation>
        <annotation annotator="Michael Bada" id="UBERON_Instance_381380" type="identity">
            <class id="UBERON:0001322" label="sciatic nerve"/>
            <span end="8172" id="15876356-13798" start="8159">sciatic nerve</span>
        </annotation>
        <annotation annotator="Michael Bada" id="UBERON_Instance_381372" type="identity">
            <class id="UBERON:0000345" label="myelin"/>
            <span end="8235" id="15876356-13790" start="8229">myelin</span>
        </annotation>
        <annotation annotator="Michael Bada" id="UBERON_Instance_381382" type="identity">
            <class id="UBERON:0001322" label="sciatic nerve"/>
            <span end="8447" id="15876356-13800" start="8434">sciatic nerve</span>
        </annotation>
        <annotation annotator="Michael Bada" id="UBERON_Instance_381342" type="identity">
            <class id="UBERON:0000010" label="peripheral nervous system"/>
            <span end="8926" id="15876356-13760" start="8901">peripheral nervous system</span>
        </annotation>
        <annotation annotator="Michael Bada" id="UBERON_Instance_381316" type="identity">
            <class id="UBERON:0002037" label="cerebellum"/>
            <span end="9647" id="15876356-13740" start="9637">cerebellum</span>
        </annotation>
        <annotation annotator="Michael Bada" id="UBERON_Instance_380466" type="identity">
            <class id="UBERON:0007023" label="adult organism"/>
            <span end="9955" id="15876356-13712" start="9950">adult</span>
        </annotation>
        <annotation annotator="Michael Bada" id="UBERON_Instance_381384" type="identity">
            <class id="UBERON:0000479" label="tissue"/>
            <span end="9969" id="15876356-13802" start="9962">tissues</span>
        </annotation>
        <annotation annotator="Michael Bada" id="UBERON_Instance_381386" type="identity">
            <class id="UBERON:0002240" label="spinal cord"/>
            <span end="9994" id="15876356-13804" start="9983">spinal cord</span>
        </annotation>
        <annotation annotator="Michael Bada" id="UBERON_Instance_381388" type="identity">
            <class id="UBERON:0000044" label="dorsal root ganglion"/>
            <span end="10016" id="15876356-13806" start="9996">dorsal root ganglion</span>
        </annotation>
        <annotation annotator="Michael Bada" id="UBERON_Instance_381390" type="identity">
            <class id="UBERON:0000044" label="dorsal root ganglion"/>
            <span end="10021" id="15876356-13808" start="10018">DRG</span>
        </annotation>
        <annotation annotator="Michael Bada" id="UBERON_Instance_381392" type="identity">
            <class id="UBERON:0001322" label="sciatic nerve"/>
            <span end="10037" id="15876356-13810" start="10024">sciatic nerve</span>
        </annotation>
        <annotation annotator="Michael Bada" id="UBERON_Instance_381394" type="identity">
            <class id="UBERON:0000479" label="tissue"/>
            <span end="10143" id="15876356-13812" start="10137">tissue</span>
        </annotation>
        <annotation annotator="Michael Bada" id="UBERON_Instance_381396" type="identity">
            <class id="UBERON:0001322" label="sciatic nerve"/>
            <span end="10287" id="15876356-13814" start="10274">sciatic nerve</span>
        </annotation>
        <annotation annotator="Michael Bada" id="UBERON_Instance_381398" type="identity">
            <class id="UBERON:0000479" label="tissue"/>
            <span end="10411" id="15876356-13816" start="10404">tissues</span>
        </annotation>
        <annotation annotator="Michael Bada" id="UBERON_Instance_390078" type="identity">
            <class id="UBERON:0000044" label="dorsal root ganglion"/>
            <span end="10454" id="15876356-13965" start="10451">DRG</span>
        </annotation>
        <annotation annotator="Michael Bada" id="UBERON_Instance_380220" type="identity">
            <class id="UBERON:0001017" label="central nervous system"/>
            <span end="11413" id="15876356-13676" start="11410">CNS</span>
        </annotation>
        <annotation annotator="Michael Bada" id="UBERON_Instance_381400" type="identity">
            <class id="UBERON:0000044" label="dorsal root ganglion"/>
            <span end="11444" id="15876356-13818" start="11441">DRG</span>
        </annotation>
        <annotation annotator="Michael Bada" id="UBERON_Instance_382170" type="identity">
            <class id="UBERON:0000010" label="peripheral nervous system"/>
            <span end="11667" id="15876356-13943" start="11664">PNS</span>
        </annotation>
        <annotation annotator="Michael Bada" id="UBERON_Instance_381402" type="identity">
            <class id="UBERON:0001851" label="cortex"/>
            <span end="12279" id="15876356-13820" start="12271">cortical</span>
        </annotation>
        <annotation annotator="Michael Bada" id="UBERON_Instance_380062" type="identity">
            <class id="UBERON:0000955" label="brain"/>
            <span end="12319" id="15876356-13654" start="12314">brain</span>
        </annotation>
        <annotation annotator="Michael Bada" id="UBERON_Instance_380064" type="identity">
            <class id="UBERON:0000955" label="brain"/>
            <span end="12846" id="15876356-13656" start="12841">brain</span>
        </annotation>
        <annotation annotator="Michael Bada" id="UBERON_Instance_380474" type="identity">
            <class id="UBERON:0000104" label="life cycle"/>
            <span end="12990" id="15876356-13716" start="12986">life</span>
        </annotation>
        <annotation annotator="Michael Bada" id="UBERON_Instance_381344" type="identity">
            <class id="UBERON:0002410" label="autonomic nervous system"/>
            <span end="13051" id="15876356-13762" start="13027">autonomic nervous system</span>
        </annotation>
        <annotation annotator="Michael Bada" id="UBERON_Instance_382218" type="identity">
            <class id="UBERON:0001021" label="nerve"/>
            <span end="13071" id="15876356-13957" start="13065">nerves</span>
        </annotation>
        <annotation annotator="Michael Bada" id="UBERON_Instance_390080" type="identity">
            <class id="UBERON:0001004" label="respiratory system"/>
            <span end="13155" id="15876356-13967" start="13137">respiration system</span>
        </annotation>
        <annotation annotator="Michael Bada" id="UBERON_Instance_390082" type="identity">
            <class id="UBERON:0000345" label="myelin"/>
            <span end="13248" id="15876356-13969" start="13242">myelin</span>
        </annotation>
        <annotation annotator="Michael Bada" id="UBERON_Instance_380066" type="identity">
            <class id="UBERON:0002298" label="brainstem"/>
            <span end="13492" id="15876356-13658" start="13482">brain stem</span>
        </annotation>
        <annotation annotator="Michael Bada" id="UBERON_Instance_381406" type="identity">
            <class id="UBERON:0001322" label="sciatic nerve"/>
            <span end="13811" id="15876356-13822" start="13804">sciatic</span>
            <span end="13833" id="15876356-13823" start="13827">nerves</span>
        </annotation>
        <annotation annotator="Michael Bada" id="UBERON_Instance_381408" type="identity">
            <class id="UBERON:0001645" label="trigeminal nerve"/>
            <span end="13833" id="15876356-13825" start="13816">trigeminal nerves</span>
        </annotation>
        <annotation annotator="Michael Bada" id="UBERON_Instance_390084" type="identity">
            <class id="UBERON:0000345" label="myelin"/>
            <span end="13850" id="15876356-13971" start="13844">myelin</span>
        </annotation>
        <annotation annotator="Michael Bada" id="UBERON_Instance_381410" type="identity">
            <class id="UBERON:0002240" label="spinal cord"/>
            <span end="13879" id="15876356-13827" start="13868">spinal cord</span>
        </annotation>
        <annotation annotator="Michael Bada" id="UBERON_Instance_380068" type="identity">
            <class id="UBERON:0000955" label="brain"/>
            <span end="13893" id="15876356-13660" start="13888">brain</span>
        </annotation>
        <annotation annotator="Michael Bada" id="UBERON_Instance_381412" type="identity">
            <class id="UBERON:0001021" label="nerve"/>
            <span end="14001" id="15876356-13829" start="13984">peripheral nerves</span>
        </annotation>
        <annotation annotator="Michael Bada" id="UBERON_Instance_381414" type="identity">
            <class id="UBERON:0001322" label="sciatic nerve"/>
            <span end="14088" id="15876356-13831" start="14075">sciatic nerve</span>
        </annotation>
        <annotation annotator="Michael Bada" id="UBERON_Instance_381416" type="identity">
            <class id="UBERON:0000345" label="myelin"/>
            <span end="14288" id="15876356-13833" start="14282">myelin</span>
        </annotation>
        <annotation annotator="Michael Bada" id="UBERON_Instance_381418" type="identity">
            <class id="UBERON:0000345" label="myelin"/>
            <span end="14709" id="15876356-13835" start="14703">myelin</span>
        </annotation>
        <annotation annotator="Michael Bada" id="UBERON_Instance_381420" type="identity">
            <class id="UBERON:0000345" label="myelin"/>
            <span end="14785" id="15876356-13837" start="14779">myelin</span>
        </annotation>
        <annotation annotator="Michael Bada" id="UBERON_Instance_381422" type="identity">
            <class id="UBERON:0000345" label="myelin"/>
            <span end="14975" id="15876356-13839" start="14969">myelin</span>
        </annotation>
        <annotation annotator="Michael Bada" id="UBERON_Instance_381424" type="identity">
            <class id="UBERON:0000345" label="myelin"/>
            <span end="15211" id="15876356-13841" start="15205">myelin</span>
        </annotation>
        <annotation annotator="Michael Bada" id="UBERON_Instance_382220" type="identity">
            <class id="UBERON:0001021" label="nerve"/>
            <span end="15375" id="15876356-13959" start="15369">nerves</span>
        </annotation>
        <annotation annotator="Michael Bada" id="UBERON_Instance_381428" type="identity">
            <class id="UBERON:0002211" label="nerve root"/>
            <span end="15385" id="15876356-13843" start="15380">roots</span>
        </annotation>
        <annotation annotator="Michael Bada" id="UBERON_Instance_381430" type="identity">
            <class id="UBERON:0000345" label="myelin"/>
            <span end="15496" id="15876356-13845" start="15490">myelin</span>
        </annotation>
        <annotation annotator="Michael Bada" id="UBERON_Instance_380222" type="identity">
            <class id="UBERON:0001017" label="central nervous system"/>
            <span end="15630" id="15876356-13678" start="15627">CNS</span>
        </annotation>
        <annotation annotator="Michael Bada" id="UBERON_Instance_381432" type="identity">
            <class id="UBERON:0000010" label="peripheral nervous system"/>
            <span end="15642" id="15876356-13847" start="15639">PNS</span>
        </annotation>
        <annotation annotator="Michael Bada" id="UBERON_Instance_400090" type="identity">
            <class id="UBERON:0001016" label="nervous system"/>
            <span end="15966" id="15876356-13977" start="15954">neurological</span>
        </annotation>
        <annotation annotator="Michael Bada" id="UBERON_Instance_400092" type="identity">
            <class id="UBERON:0001016" label="nervous system"/>
            <span end="16152" id="15876356-13979" start="16140">neurological</span>
        </annotation>
        <annotation annotator="Michael Bada" id="UBERON_Instance_380374" type="identity">
            <class id="UBERON:0000922" label="embryo"/>
            <span end="16894" id="15876356-13706" start="16885">embryonic</span>
        </annotation>
        <annotation annotator="Michael Bada" id="UBERON_Instance_381436" type="identity">
            <class id="UBERON:0007236" label="8 cell stage"/>
            <span end="17492" id="15876356-13849" start="17476">eight-cell stage</span>
        </annotation>
        <annotation annotator="Michael Bada" id="UBERON_Instance_380260" type="identity">
            <class id="PATO_UBERON_EXT:male_or_bearer_of_maleness" label="male organism/bearer of maleness"/>
            <span end="17512" id="15876356-13694" start="17508">male</span>
        </annotation>
        <annotation annotator="Michael Bada" id="UBERON_Instance_380262" type="identity">
            <class id="PATO_UBERON_EXT:female_or_bearer_of_femaleness" label="female organism/bearer of femaleness"/>
            <span end="17554" id="15876356-13696" start="17547">females</span>
        </annotation>
        <annotation annotator="Michael Bada" id="UBERON_Instance_380266" type="identity">
            <class id="PATO_UBERON_EXT:male_or_bearer_of_maleness" label="male organism/bearer of maleness"/>
            <span end="17577" id="15876356-13700" start="17573">male</span>
        </annotation>
        <annotation annotator="Michael Bada" id="UBERON_Instance_380264" type="identity">
            <class id="PATO_UBERON_EXT:female_or_bearer_of_femaleness" label="female organism/bearer of femaleness"/>
            <span end="17588" id="15876356-13698" start="17582">female</span>
        </annotation>
        <annotation annotator="Michael Bada" id="UBERON_Instance_381438" type="identity">
            <class id="UBERON:0002107" label="liver"/>
            <span end="17822" id="15876356-13851" start="17817">liver</span>
        </annotation>
        <annotation annotator="Michael Bada" id="UBERON_Instance_381440" type="identity">
            <class id="UBERON:0001977" label="serum"/>
            <span end="18463" id="15876356-13853" start="18458">serum</span>
        </annotation>
        <annotation annotator="Michael Bada" id="UBERON_Instance_381442" type="identity">
            <class id="UBERON:0000479" label="tissue"/>
            <span end="18959" id="15876356-13855" start="18952">tissues</span>
        </annotation>
        <annotation annotator="Michael Bada" id="UBERON_Instance_381318" type="identity">
            <class id="UBERON:0002037" label="cerebellum"/>
            <span end="19101" id="15876356-13742" start="19091">cerebellum</span>
        </annotation>
        <annotation annotator="Michael Bada" id="UBERON_Instance_381444" type="identity">
            <class id="UBERON:0001322" label="sciatic nerve"/>
            <span end="19912" id="15876356-13857" start="19898">sciatic nerves</span>
        </annotation>
        <annotation annotator="Michael Bada" id="UBERON_Instance_381446" type="identity">
            <class id="UBERON:0001322" label="sciatic nerve"/>
            <span end="20262" id="15876356-13859" start="20248">sciatic nerves</span>
        </annotation>
        <annotation annotator="Michael Bada" id="UBERON_Instance_380468" type="identity">
            <class id="UBERON:0007023" label="adult organism"/>
            <span end="20726" id="15876356-13714" start="20721">Adult</span>
        </annotation>
        <annotation annotator="Michael Bada" id="UBERON_Instance_380268" type="identity">
            <class id="PATO_UBERON_EXT:male_or_bearer_of_maleness" label="male organism/bearer of maleness"/>
            <span end="20739" id="15876356-13702" start="20735">male</span>
        </annotation>
        <annotation annotator="Michael Bada" id="UBERON_Instance_381320" type="identity">
            <class id="UBERON:0002037" label="cerebellum"/>
            <span end="20809" id="15876356-13744" start="20799">cerebellum</span>
        </annotation>
        <annotation annotator="Michael Bada" id="UBERON_Instance_381450" type="identity">
            <class id="UBERON:0002240" label="spinal cord"/>
            <span end="20822" id="15876356-13863" start="20811">spinal cord</span>
        </annotation>
        <annotation annotator="Michael Bada" id="UBERON_Instance_381448" type="identity">
            <class id="UBERON:0001322" label="sciatic nerve"/>
            <span end="20837" id="15876356-13861" start="20824">sciatic nerve</span>
        </annotation>
        <annotation annotator="Michael Bada" id="UBERON_Instance_381452" type="identity">
            <class id="UBERON:0000044" label="dorsal root ganglion"/>
            <span end="20842" id="15876356-13865" start="20839">DRG</span>
        </annotation>
        <annotation annotator="Michael Bada" id="UBERON_Instance_381454" type="identity">
            <class id="UBERON_EXT:body" label="body (proper or whole multicellular organism)"/>
            <span end="21565" id="15876356-13867" start="21561">body</span>
        </annotation>
        <annotation annotator="Michael Bada" id="UBERON_Instance_381456" type="identity">
            <class id="UBERON:0001322" label="sciatic nerve"/>
            <span end="21688" id="15876356-13869" start="21674">Sciatic nerves</span>
        </annotation>
        <annotation annotator="Michael Bada" id="UBERON_Instance_381458" type="identity">
            <class id="UBERON:0001645" label="trigeminal nerve"/>
            <span end="21707" id="15876356-13871" start="21690">trigeminal nerves</span>
        </annotation>
        <annotation annotator="Michael Bada" id="UBERON_Instance_380070" type="identity">
            <class id="UBERON:0000955" label="brain"/>
            <span end="21714" id="15876356-13662" start="21709">brain</span>
        </annotation>
        <annotation annotator="Michael Bada" id="UBERON_Instance_381460" type="identity">
            <class id="UBERON:0002240" label="spinal cord"/>
            <span end="21730" id="15876356-13873" start="21719">spinal cord</span>
        </annotation>
        <annotation annotator="Michael Bada" id="UBERON_Instance_381462" type="identity">
            <class id="UBERON:0002240" label="spinal cord"/>
            <span end="21803" id="15876356-13875" start="21792">spinal cord</span>
        </annotation>
        <annotation annotator="Michael Bada" id="UBERON_Instance_382216" type="identity">
            <class id="UBERON:0001021" label="nerve"/>
            <span end="21819" id="15876356-13955" start="21814">nerve</span>
        </annotation>
        <annotation annotator="Michael Bada" id="UBERON_Instance_380072" type="identity">
            <class id="UBERON:0000955" label="brain"/>
            <span end="23663" id="15876356-13664" start="23658">brain</span>
        </annotation>
        <annotation annotator="Michael Bada" id="UBERON_Instance_381466" type="identity">
            <class id="UBERON:0002240" label="spinal cord"/>
            <span end="23679" id="15876356-13877" start="23668">spinal cord</span>
        </annotation>
        <annotation annotator="Michael Bada" id="UBERON_Instance_380270" type="identity">
            <class id="PATO_UBERON_EXT:female_or_bearer_of_femaleness" label="female organism/bearer of femaleness"/>
            <span end="23711" id="15876356-13704" start="23705">female</span>
        </annotation>
        <annotation annotator="Michael Bada" id="UBERON_Instance_381322" type="identity">
            <class id="UBERON:0002037" label="cerebellum"/>
            <span end="25534" id="15876356-13746" start="25524">cerebellum</span>
        </annotation>
        <annotation annotator="Michael Bada" id="UBERON_Instance_381324" type="identity">
            <class id="UBERON:0002037" label="cerebellum"/>
            <span end="25599" id="15876356-13748" start="25589">cerebellum</span>
        </annotation>
        <annotation annotator="Michael Bada" id="UBERON_Instance_381468" type="identity">
            <class id="UBERON:0002103" label="hindlimb"/>
            <span end="25919" id="15876356-13879" start="25910">hindlimbs</span>
        </annotation>
        <annotation annotator="Michael Bada" id="UBERON_Instance_380224" type="identity">
            <class id="UBERON:0001017" label="central nervous system"/>
            <span end="25974" id="15876356-13680" start="25971">CNS</span>
        </annotation>
        <annotation annotator="Michael Bada" id="UBERON_Instance_380074" type="identity">
            <class id="UBERON:0000955" label="brain"/>
            <span end="26151" id="15876356-13666" start="26146">brain</span>
        </annotation>
        <annotation annotator="Michael Bada" id="UBERON_Instance_381470" type="identity">
            <class id="UBERON:0002240" label="spinal cord"/>
            <span end="26167" id="15876356-13881" start="26156">spinal cord</span>
        </annotation>
        <annotation annotator="Michael Bada" id="UBERON_Instance_380526" type="identity">
            <class id="UBERON_EXT:hippocampus_proper_or_hippocampal_formation" label="hippocampus proper or hippocampal formation"/>
            <span end="26277" id="15876356-13722" start="26266">hippocampus</span>
        </annotation>
        <annotation annotator="Michael Bada" id="UBERON_Instance_381326" type="identity">
            <class id="UBERON:0002037" label="cerebellum"/>
            <span end="26296" id="15876356-13750" start="26286">cerebellum</span>
        </annotation>
        <annotation annotator="Michael Bada" id="UBERON_Instance_381472" type="identity">
            <class id="UBERON:0002240" label="spinal cord"/>
            <span end="26373" id="15876356-13883" start="26362">spinal cord</span>
        </annotation>
        <annotation annotator="Michael Bada" id="UBERON_Instance_381474" type="identity">
            <class id="UBERON:0002020" label="gray matter"/>
            <span end="26436" id="15876356-13885" start="26425">grey matter</span>
        </annotation>
        <annotation annotator="Michael Bada" id="UBERON_Instance_380226" type="identity">
            <class id="UBERON:0001017" label="central nervous system"/>
            <span end="26487" id="15876356-13682" start="26484">CNS</span>
        </annotation>
        <annotation annotator="Michael Bada" id="UBERON_Instance_381328" type="identity">
            <class id="UBERON:0002037" label="cerebellum"/>
            <span end="26549" id="15876356-13752" start="26539">cerebellum</span>
        </annotation>
        <annotation annotator="Michael Bada" id="UBERON_Instance_381476" type="identity">
            <class id="UBERON_EXT:hippocampus_proper_or_hippocampal_formation" label="hippocampus proper or hippocampal formation"/>
            <span end="26837" id="15876356-13887" start="26826">Hippocampal</span>
        </annotation>
        <annotation annotator="Nicole Vasilevsky" id="UBERON+extensions+nested_Instance_70250" type="identity">
            <class id="UBERON:0001130" label="vertebral column"/>
            <span end="26899" id="15876356-13646" start="26893">Spinal</span>
        </annotation>
        <annotation annotator="Michael Bada" id="UBERON_Instance_381480" type="identity">
            <class id="UBERON:0000345" label="myelin"/>
            <span end="26906" id="15876356-13889" start="26900">myelin</span>
        </annotation>
        <annotation annotator="Michael Bada" id="UBERON_Instance_381482" type="identity">
            <class id="UBERON:0001021" label="nerve"/>
            <span end="27141" id="15876356-13891" start="27124">peripheral nerves</span>
        </annotation>
        <annotation annotator="Michael Bada" id="UBERON_Instance_381484" type="identity">
            <class id="UBERON:0001322" label="sciatic nerve"/>
            <span end="27227" id="15876356-13893" start="27213">sciatic nerves</span>
        </annotation>
        <annotation annotator="Michael Bada" id="UBERON_Instance_381486" type="identity">
            <class id="UBERON:0001645" label="trigeminal nerve"/>
            <span end="27257" id="15876356-13895" start="27240">trigeminal nerves</span>
        </annotation>
        <annotation annotator="Michael Bada" id="UBERON_Instance_381488" type="identity">
            <class id="UBERON:0002240" label="spinal cord"/>
            <span end="27284" id="15876356-13897" start="27273">spinal cord</span>
        </annotation>
        <annotation annotator="Michael Bada" id="UBERON_Instance_381490" type="identity">
            <class id="UBERON:0002179" label="lateral funiculus of spinal cord"/>
            <span end="27303" id="15876356-13899" start="27286">lateral funiculus</span>
        </annotation>
        <annotation annotator="Michael Bada" id="UBERON_Instance_381492" type="identity">
            <class id="UBERON:0000345" label="myelin"/>
            <span end="27447" id="15876356-13901" start="27441">myelin</span>
        </annotation>
        <annotation annotator="Michael Bada" id="UBERON_Instance_381494" type="identity">
            <class id="UBERON:0000345" label="myelin"/>
            <span end="27465" id="15876356-13903" start="27459">myelin</span>
        </annotation>
        <annotation annotator="Michael Bada" id="UBERON_Instance_381496" type="identity">
            <class id="UBERON:0001021" label="nerve"/>
            <span end="27489" id="15876356-13905" start="27473">peripheral nerve</span>
        </annotation>
        <annotation annotator="Michael Bada" id="UBERON_Instance_390092" type="identity">
            <class id="UBERON:0006134" label="nerve fiber"/>
            <span end="27496" id="15876356-13973" start="27484">nerve fibres</span>
        </annotation>
        <annotation annotator="Nicole Vasilevsky" id="UBERON+extensions+nested_Instance_70254" type="identity">
            <class id="UBERON:0001130" label="vertebral column"/>
            <span end="27519" id="15876356-13648" start="27513">spinal</span>
        </annotation>
        <annotation annotator="Michael Bada" id="UBERON_Instance_390096" type="identity">
            <class id="UBERON:0006135" label="myelinated nerve fiber"/>
            <span end="27537" id="15876356-13975" start="27520">myelinated fibres</span>
        </annotation>
        <annotation annotator="Michael Bada" id="UBERON_Instance_381500" type="identity">
            <class id="UBERON:0001322" label="sciatic nerve"/>
            <span end="27612" id="15876356-13907" start="27598">sciatic nerves</span>
        </annotation>
        <annotation annotator="Michael Bada" id="UBERON_Instance_381502" type="identity">
            <class id="UBERON:0001322" label="sciatic nerve"/>
            <span end="27656" id="15876356-13909" start="27642">sciatic nerves</span>
        </annotation>
        <annotation annotator="Michael Bada" id="UBERON_Instance_381504" type="identity">
            <class id="UBERON:0000345" label="myelin"/>
            <span end="27769" id="15876356-13911" start="27763">myelin</span>
        </annotation>
        <annotation annotator="Michael Bada" id="UBERON_Instance_381506" type="identity">
            <class id="UBERON:0000345" label="myelin"/>
            <span end="27797" id="15876356-13913" start="27791">myelin</span>
        </annotation>
        <annotation annotator="Michael Bada" id="UBERON_Instance_381508" type="identity">
            <class id="UBERON:0001322" label="sciatic nerve"/>
            <span end="27999" id="15876356-13915" start="27985">sciatic nerves</span>
        </annotation>
        <annotation annotator="Michael Bada" id="UBERON_Instance_381510" type="identity">
            <class id="UBERON:0001322" label="sciatic nerve"/>
            <span end="28184" id="15876356-13917" start="28171">sciatic nerve</span>
        </annotation>
        <annotation annotator="Michael Bada" id="UBERON_Instance_381512" type="identity">
            <class id="UBERON:0000479" label="tissue"/>
            <span end="28343" id="15876356-13919" start="28337">tissue</span>
        </annotation>
        <annotation annotator="Michael Bada" id="UBERON_Instance_381330" type="identity">
            <class id="UBERON:0002037" label="cerebellum"/>
            <span end="28502" id="15876356-13754" start="28492">cerebellum</span>
        </annotation>
        <annotation annotator="Michael Bada" id="UBERON_Instance_381514" type="identity">
            <class id="UBERON:0002240" label="spinal cord"/>
            <span end="28518" id="15876356-13921" start="28507">spinal cord</span>
        </annotation>
        <annotation annotator="Michael Bada" id="UBERON_Instance_381516" type="identity">
            <class id="UBERON:0000044" label="dorsal root ganglion"/>
            <span end="28543" id="15876356-13923" start="28523">dorsal root ganglion</span>
        </annotation>
        <annotation annotator="Michael Bada" id="UBERON_Instance_381518" type="identity">
            <class id="UBERON:0001322" label="sciatic nerve"/>
            <span end="28561" id="15876356-13925" start="28548">sciatic nerve</span>
        </annotation>
        <annotation annotator="Michael Bada" id="UBERON_Instance_381520" type="identity">
            <class id="UBERON:0000479" label="tissue"/>
            <span end="29063" id="15876356-13927" start="29057">tissue</span>
        </annotation>
        <annotation annotator="Michael Bada" id="UBERON_Instance_381334" type="identity">
            <class id="UBERON:0002037" label="cerebellum"/>
            <span end="29081" id="15876356-13758" start="29079">Cb</span>
        </annotation>
        <annotation annotator="Michael Bada" id="UBERON_Instance_381332" type="identity">
            <class id="UBERON:0002037" label="cerebellum"/>
            <span end="29093" id="15876356-13756" start="29083">cerebellum</span>
        </annotation>
        <annotation annotator="Michael Bada" id="UBERON_Instance_381524" type="identity">
            <class id="UBERON:0002240" label="spinal cord"/>
            <span end="29097" id="15876356-13931" start="29095">Sp</span>
        </annotation>
        <annotation annotator="Michael Bada" id="UBERON_Instance_381522" type="identity">
            <class id="UBERON:0002240" label="spinal cord"/>
            <span end="29110" id="15876356-13929" start="29099">spinal cord</span>
        </annotation>
        <annotation annotator="Michael Bada" id="UBERON_Instance_381528" type="identity">
            <class id="UBERON:0000044" label="dorsal root ganglion"/>
            <span end="29115" id="15876356-13935" start="29112">DRG</span>
        </annotation>
        <annotation annotator="Michael Bada" id="UBERON_Instance_381526" type="identity">
            <class id="UBERON:0000044" label="dorsal root ganglion"/>
            <span end="29137" id="15876356-13933" start="29117">dorsal root ganglion</span>
        </annotation>
        <annotation annotator="Michael Bada" id="UBERON_Instance_381532" type="identity">
            <class id="UBERON:0001322" label="sciatic nerve"/>
            <span end="29141" id="15876356-13939" start="29139">SN</span>
        </annotation>
        <annotation annotator="Michael Bada" id="UBERON_Instance_381530" type="identity">
            <class id="UBERON:0001322" label="sciatic nerve"/>
            <span end="29156" id="15876356-13937" start="29143">sciatic nerve</span>
        </annotation>
        <annotation annotator="Michael Bada" id="UBERON_Instance_381534" type="identity">
            <class id="UBERON_EXT:body" label="body (proper or whole multicellular organism)"/>
            <span end="29517" id="15876356-13941" start="29513">Body</span>
        </annotation>
        <graph-space id="Old Knowtator Relations"/>
    </document>
</knowtator-project>
