<?xml version="1.0" encoding="UTF-8" standalone="no"?>
<knowtator-project>
  <document id="15921521" text-file="15921521.txt">
    <annotation annotator="Michael Bada" id="UBERON_Instance_420068" type="identity">
      <class id="UBERON:0000160" label="intestine"/>
      <span end="61" id="15921521-14064" start="51">intestinal</span>
    </annotation>
    <annotation annotator="Michael Bada" id="UBERON_Instance_420070" type="identity">
      <class id="UBERON:0000160" label="intestine"/>
      <span end="363" id="15921521-14066" start="353">intestines</span>
    </annotation>
    <annotation annotator="Michael Bada" id="UBERON_Instance_420174" type="identity">
      <class id="UBERON:0000912" label="mucus"/>
      <span end="452" id="15921521-14168" start="447">mucus</span>
    </annotation>
    <annotation annotator="Michael Bada" id="UBERON_Instance_420172" type="identity">
      <class id="UBERON:0007109" label="meconium"/>
      <span end="501" id="15921521-14166" start="493">meconium</span>
    </annotation>
    <annotation annotator="Michael Bada" id="UBERON_Instance_420072" type="identity">
      <class id="UBERON:0000160" label="intestine"/>
      <span end="529" id="15921521-14068" start="519">intestinal</span>
    </annotation>
    <annotation annotator="Michael Bada" id="UBERON_Instance_420074" type="identity">
      <class id="UBERON:0002108" label="small intestine"/>
      <span end="755" id="15921521-14070" start="740">small intestine</span>
    </annotation>
    <annotation annotator="Michael Bada" id="UBERON_Instance_420076" type="identity">
      <class id="UBERON:0000160" label="intestine"/>
      <span end="868" id="15921521-14072" start="858">intestinal</span>
    </annotation>
    <annotation annotator="Michael Bada" id="UBERON_Instance_420078" type="identity">
      <class id="UBERON:0000160" label="intestine"/>
      <span end="1071" id="15921521-14074" start="1061">intestinal</span>
    </annotation>
    <annotation annotator="Michael Bada" id="UBERON_Instance_420080" type="identity">
      <class id="UBERON:0000160" label="intestine"/>
      <span end="1205" id="15921521-14076" start="1195">intestinal</span>
    </annotation>
    <annotation annotator="Michael Bada" id="UBERON_Instance_420228" type="identity">
      <class id="UBERON_EXT:body" label="body (proper or whole multicellular organism)"/>
      <span end="1293" id="15921521-14222" start="1289">body</span>
    </annotation>
    <annotation annotator="Michael Bada" id="UBERON_Instance_420176" type="identity">
      <class id="UBERON:0000912" label="mucus"/>
      <span end="1329" id="15921521-14170" start="1324">mucus</span>
    </annotation>
    <annotation annotator="Michael Bada" id="UBERON_Instance_420082" type="identity">
      <class id="UBERON:0001983" label="crypt of Lieberkuhn"/>
      <span end="1367" id="15921521-14078" start="1350">intestinal crypts</span>
    </annotation>
    <annotation annotator="Michael Bada" id="UBERON_Instance_420230" type="identity">
      <class id="UBERON_EXT:body" label="body (proper or whole multicellular organism)"/>
      <span end="1420" id="15921521-14224" start="1416">body</span>
    </annotation>
    <annotation annotator="Michael Bada" id="UBERON_Instance_410330" type="identity">
      <class id="PATO_UBERON_EXT:male_or_bearer_of_maleness" label="male organism/bearer of maleness"/>
      <span end="1439" id="15921521-14030" start="1434">males</span>
    </annotation>
    <annotation annotator="Michael Bada" id="UBERON_Instance_410332" type="identity">
      <class id="PATO_UBERON_EXT:female_or_bearer_of_femaleness" label="female organism/bearer of femaleness"/>
      <span end="1549" id="15921521-14032" start="1542">females</span>
    </annotation>
    <annotation annotator="Michael Bada" id="UBERON_Instance_420084" type="identity">
      <class id="UBERON:0002108" label="small intestine"/>
      <span end="1993" id="15921521-14080" start="1978">small intestine</span>
    </annotation>
    <annotation annotator="Michael Bada" id="UBERON_Instance_420086" type="identity">
      <class id="UBERON:0000160" label="intestine"/>
      <span end="2167" id="15921521-14082" start="2157">intestinal</span>
    </annotation>
    <annotation annotator="Michael Bada" id="UBERON_Instance_420232" type="identity">
      <class id="UBERON:0000483" label="epithelium"/>
      <span end="2426" id="15921521-14226" start="2416">epithelial</span>
    </annotation>
    <annotation annotator="Michael Bada" id="UBERON_Instance_420234" type="identity">
      <class id="UBERON:0001264" label="pancreas"/>
      <span end="2491" id="15921521-14228" start="2481">pancreatic</span>
    </annotation>
    <annotation annotator="Michael Bada" id="UBERON_Instance_420236" type="identity">
      <class id="UBERON:0002330" label="exocrine system"/>
      <span end="2665" id="15921521-14230" start="2657">exocrine</span>
    </annotation>
    <annotation annotator="Michael Bada" id="UBERON_Instance_420238" type="identity">
      <class id="UBERON:0000479" label="tissue"/>
      <span end="2672" id="15921521-14232" start="2666">tissue</span>
    </annotation>
    <annotation annotator="Michael Bada" id="UBERON_Instance_420240" type="identity">
      <class id="UBERON:0001264" label="pancreas"/>
      <span end="2696" id="15921521-14234" start="2686">pancreatic</span>
    </annotation>
    <annotation annotator="Michael Bada" id="UBERON_Instance_420242" type="identity">
      <class id="UBERON:0000062" label="organ"/>
      <span end="2758" id="15921521-14236" start="2752">organs</span>
    </annotation>
    <annotation annotator="Michael Bada" id="UBERON_Instance_420244" type="identity">
      <class id="UBERON:0001005" label="respiratory airway"/>
      <span end="2780" id="15921521-14238" start="2773">airways</span>
    </annotation>
    <annotation annotator="Michael Bada" id="UBERON_Instance_420088" type="identity">
      <class id="UBERON:0000160" label="intestine"/>
      <span end="2795" id="15921521-14084" start="2785">intestines</span>
    </annotation>
    <annotation annotator="Michael Bada" id="UBERON_Instance_420246" type="identity">
      <class id="UBERON:0001264" label="pancreas"/>
      <span end="3025" id="15921521-14240" start="3015">pancreatic</span>
    </annotation>
    <annotation annotator="Michael Bada" id="UBERON_Instance_420480" type="identity">
      <class id="UBERON:0000165" label="mouth"/>
      <span end="3200" id="15921521-14330" start="3196">oral</span>
    </annotation>
    <annotation annotator="Michael Bada" id="UBERON_Instance_420482" type="identity">
      <class id="UBERON:0000165" label="mouth"/>
      <span end="3488" id="15921521-14332" start="3484">oral</span>
    </annotation>
    <annotation annotator="Michael Bada" id="UBERON_Instance_420178" type="identity">
      <class id="UBERON:0000912" label="mucus"/>
      <span end="3583" id="15921521-14172" start="3578">mucus</span>
    </annotation>
    <annotation annotator="Michael Bada" id="UBERON_Instance_420090" type="identity">
      <class id="UBERON:0000160" label="intestine"/>
      <span end="3616" id="15921521-14086" start="3607">intestine</span>
    </annotation>
    <annotation annotator="Michael Bada" id="UBERON_Instance_420180" type="identity">
      <class id="UBERON:0000912" label="mucus"/>
      <span end="3670" id="15921521-14174" start="3665">Mucus</span>
    </annotation>
    <annotation annotator="Michael Bada" id="UBERON_Instance_420248" type="identity">
      <class id="UBERON:0001555" label="digestive tract"/>
      <span end="3708" id="15921521-14242" start="3705">gut</span>
    </annotation>
    <annotation annotator="Michael Bada" id="UBERON_Instance_340000" type="identity">
      <class id="UBERON_EXT:baby_or_infant" label="baby"/>
      <span end="3746" id="15921521-14000" start="3739">infants</span>
    </annotation>
    <annotation annotator="Michael Bada" id="UBERON_Instance_420250" type="identity">
      <class id="UBERON:0007109" label="meconium"/>
      <span end="3763" id="15921521-14244" start="3755">meconium</span>
    </annotation>
    <annotation annotator="Michael Bada" id="UBERON_Instance_420052" type="identity">
      <class id="UBERON:0007023" label="adult organism"/>
      <span end="3785" id="15921521-14056" start="3779">adults</span>
    </annotation>
    <annotation annotator="Michael Bada" id="UBERON_Instance_420092" type="identity">
      <class id="UBERON:0000160" label="intestine"/>
      <span end="3811" id="15921521-14088" start="3801">intestinal</span>
    </annotation>
    <annotation annotator="Michael Bada" id="UBERON_Instance_420484" type="identity">
      <class id="UBERON:0001005" label="respiratory airway"/>
      <span end="3875" id="15921521-14334" start="3868">airways</span>
    </annotation>
    <annotation annotator="Michael Bada" id="UBERON_Instance_420094" type="identity">
      <class id="UBERON:0000160" label="intestine"/>
      <span end="3927" id="15921521-14090" start="3917">intestines</span>
    </annotation>
    <annotation annotator="Michael Bada" id="UBERON_Instance_420096" type="identity">
      <class id="UBERON:0000160" label="intestine"/>
      <span end="4379" id="15921521-14092" start="4369">intestinal</span>
    </annotation>
    <annotation annotator="Michael Bada" id="UBERON_Instance_420252" type="identity">
      <class id="UBERON:0002048" label="lung"/>
      <span end="4721" id="15921521-14246" start="4717">lung</span>
    </annotation>
    <annotation annotator="Michael Bada" id="UBERON_Instance_420254" type="identity">
      <class id="UBERON:0005169" label="interstitial tissue"/>
      <span end="4779" id="15921521-14248" start="4767">interstitial</span>
    </annotation>
    <annotation annotator="Michael Bada" id="UBERON_Instance_420486" type="identity">
      <class id="UBERON:0001005" label="respiratory airway"/>
      <span end="4825" id="15921521-14336" start="4818">airways</span>
    </annotation>
    <annotation annotator="Michael Bada" id="UBERON_Instance_420256" type="identity">
      <class id="UBERON:0001005" label="respiratory airway"/>
      <span end="4897" id="15921521-14250" start="4891">airway</span>
    </annotation>
    <annotation annotator="Michael Bada" id="UBERON_Instance_420258" type="identity">
      <class id="UBERON:0001264" label="pancreas"/>
      <span end="5111" id="15921521-14252" start="5101">pancreatic</span>
    </annotation>
    <annotation annotator="Michael Bada" id="UBERON_Instance_420098" type="identity">
      <class id="UBERON:0000160" label="intestine"/>
      <span end="5438" id="15921521-14094" start="5428">intestinal</span>
    </annotation>
    <annotation annotator="Michael Bada" id="UBERON_Instance_420100" type="identity">
      <class id="UBERON:0000160" label="intestine"/>
      <span end="5548" id="15921521-14096" start="5538">intestinal</span>
    </annotation>
    <annotation annotator="Michael Bada" id="UBERON_Instance_420260" type="identity">
      <class id="UBERON_EXT:body" label="body (proper or whole multicellular organism)"/>
      <span end="5638" id="15921521-14254" start="5634">body</span>
    </annotation>
    <annotation annotator="Michael Bada" id="UBERON_Instance_420262" type="identity">
      <class id="UBERON_EXT:body" label="body (proper or whole multicellular organism)"/>
      <span end="5656" id="15921521-14256" start="5652">Body</span>
    </annotation>
    <annotation annotator="Michael Bada" id="UBERON_Instance_400008" type="identity">
      <class id="PATO_UBERON_EXT:male_or_bearer_of_maleness" label="male organism/bearer of maleness"/>
      <span end="5683" id="15921521-14010" start="5679">male</span>
    </annotation>
    <annotation annotator="Michael Bada" id="UBERON_Instance_410334" type="identity">
      <class id="PATO_UBERON_EXT:female_or_bearer_of_femaleness" label="female organism/bearer of femaleness"/>
      <span end="5694" id="15921521-14034" start="5688">female</span>
    </annotation>
    <annotation annotator="Michael Bada" id="UBERON_Instance_410338" type="identity">
      <class id="PATO_UBERON_EXT:female_or_bearer_of_femaleness" label="female organism/bearer of femaleness"/>
      <span end="5753" id="15921521-14036" start="5747">female</span>
    </annotation>
    <annotation annotator="Michael Bada" id="UBERON_Instance_410340" type="identity">
      <class id="PATO_UBERON_EXT:male_or_bearer_of_maleness" label="male organism/bearer of maleness"/>
      <span end="5762" id="15921521-14038" start="5758">male</span>
    </annotation>
    <annotation annotator="Michael Bada" id="UBERON_Instance_410342" type="identity">
      <class id="PATO_UBERON_EXT:female_or_bearer_of_femaleness" label="female organism/bearer of femaleness"/>
      <span end="5874" id="15921521-14040" start="5868">female</span>
    </annotation>
    <annotation annotator="Michael Bada" id="UBERON_Instance_420264" type="identity">
      <class id="UBERON_EXT:body" label="body (proper or whole multicellular organism)"/>
      <span end="6004" id="15921521-14258" start="6000">body</span>
    </annotation>
    <annotation annotator="Michael Bada" id="UBERON_Instance_410344" type="identity">
      <class id="PATO_UBERON_EXT:female_or_bearer_of_femaleness" label="female organism/bearer of femaleness"/>
      <span end="6021" id="15921521-14042" start="6015">female</span>
    </annotation>
    <annotation annotator="Michael Bada" id="UBERON_Instance_410348" type="identity">
      <class id="PATO_UBERON_EXT:male_or_bearer_of_maleness" label="male organism/bearer of maleness"/>
      <span end="6092" id="15921521-14044" start="6088">Male</span>
    </annotation>
    <annotation annotator="Michael Bada" id="UBERON_Instance_320000" type="identity">
      <class id="PATO_UBERON_EXT:male_or_bearer_of_maleness" label="male organism/bearer of maleness"/>
      <span end="6295" id="15921521-13996" start="6290">males</span>
    </annotation>
    <annotation annotator="Michael Bada" id="UBERON_Instance_420266" type="identity">
      <class id="UBERON_EXT:body" label="body (proper or whole multicellular organism)"/>
      <span end="6463" id="15921521-14260" start="6459">body</span>
    </annotation>
    <annotation annotator="Michael Bada" id="UBERON_Instance_410354" type="identity">
      <class id="PATO_UBERON_EXT:female_or_bearer_of_femaleness" label="female organism/bearer of femaleness"/>
      <span end="6494" id="15921521-14046" start="6488">Female</span>
    </annotation>
    <annotation annotator="Michael Bada" id="UBERON_Instance_350002" type="identity">
      <class id="PATO_UBERON_EXT:male_or_bearer_of_maleness" label="male organism/bearer of maleness"/>
      <span end="6507" id="15921521-14002" start="6503">male</span>
    </annotation>
    <annotation annotator="Michael Bada" id="UBERON_Instance_410360" type="identity">
      <class id="PATO_UBERON_EXT:female_or_bearer_of_femaleness" label="female organism/bearer of femaleness"/>
      <span end="6778" id="15921521-14048" start="6771">females</span>
    </annotation>
    <annotation annotator="Michael Bada" id="UBERON_Instance_410362" type="identity">
      <class id="PATO_UBERON_EXT:female_or_bearer_of_femaleness" label="female organism/bearer of femaleness"/>
      <span end="6826" id="15921521-14050" start="6819">females</span>
    </annotation>
    <annotation annotator="Michael Bada" id="UBERON_Instance_370004" type="identity">
      <class id="PATO_UBERON_EXT:male_or_bearer_of_maleness" label="male organism/bearer of maleness"/>
      <span end="6859" id="15921521-14006" start="6854">males</span>
    </annotation>
    <annotation annotator="Michael Bada" id="UBERON_Instance_390006" type="identity">
      <class id="PATO_UBERON_EXT:male_or_bearer_of_maleness" label="male organism/bearer of maleness"/>
      <span end="6909" id="15921521-14008" start="6904">males</span>
    </annotation>
    <annotation annotator="Michael Bada" id="UBERON_Instance_420102" type="identity">
      <class id="UBERON:0002108" label="small intestine"/>
      <span end="7103" id="15921521-14098" start="7088">small intestine</span>
    </annotation>
    <annotation annotator="Michael Bada" id="UBERON_Instance_420104" type="identity">
      <class id="UBERON:0000160" label="intestine"/>
      <span end="7524" id="15921521-14100" start="7515">intestine</span>
    </annotation>
    <annotation annotator="Michael Bada" id="UBERON_Instance_420106" type="identity">
      <class id="UBERON:0000160" label="intestine"/>
      <span end="7664" id="15921521-14102" start="7655">intestine</span>
    </annotation>
    <annotation annotator="Michael Bada" id="UBERON_Instance_420488" type="identity">
      <class id="UBERON:0001986" label="endothelium"/>
      <span end="7726" id="15921521-14338" start="7715">endothelial</span>
    </annotation>
    <annotation annotator="Michael Bada" id="UBERON_Instance_390004" type="identity">
      <class id="UBERON:0001986" label="endothelium"/>
      <span end="7805" id="15921521-14020" start="7794">endothelial</span>
    </annotation>
    <annotation annotator="Michael Bada" id="UBERON_Instance_370002" type="identity">
      <class id="UBERON:0001979" label="venule"/>
      <span end="7813" id="15921521-14004" start="7806">venules</span>
    </annotation>
    <annotation annotator="Michael Bada" id="UBERON_Instance_420274" type="identity">
      <class id="UBERON:0000479" label="tissue"/>
      <span end="7850" id="15921521-14262" start="7843">tissues</span>
    </annotation>
    <annotation annotator="Michael Bada" id="UBERON_Instance_420278" type="identity">
      <class id="UBERON:0000178" label="blood"/>
      <span end="7946" id="15921521-14264" start="7941">blood</span>
    </annotation>
    <annotation annotator="Michael Bada" id="UBERON_Instance_420280" type="identity">
      <class id="UBERON:0002108" label="small intestine"/>
      <span end="8040" id="15921521-14266" start="8025">small intestine</span>
    </annotation>
    <annotation annotator="Michael Bada" id="UBERON_Instance_420282" type="identity">
      <class id="UBERON:0001977" label="serum"/>
      <span end="8047" id="15921521-14268" start="8042">Serum</span>
    </annotation>
    <annotation annotator="Nicole Vasilevsky" id="UBERON_Instance_840468" type="identity">
      <class id="UBERON:0013636" label="epithelium of intestinal villus"/>
      <span end="8134" id="15921521-14360" start="8117">villus epithelial</span>
    </annotation>
    <annotation annotator="Michael Bada" id="UBERON_Instance_420110" type="identity">
      <class id="UBERON:0000160" label="intestine"/>
      <span end="8176" id="15921521-14104" start="8167">intestine</span>
    </annotation>
    <annotation annotator="Michael Bada" id="UBERON_Instance_420112" type="identity">
      <class id="UBERON:0000160" label="intestine"/>
      <span end="8351" id="15921521-14106" start="8342">intestine</span>
    </annotation>
    <annotation annotator="Michael Bada" id="UBERON_Instance_420114" type="identity">
      <class id="UBERON:0000160" label="intestine"/>
      <span end="8436" id="15921521-14108" start="8427">intestine</span>
    </annotation>
    <annotation annotator="Michael Bada" id="UBERON_Instance_420286" type="identity">
      <class id="UBERON:0000483" label="epithelium"/>
      <span end="8502" id="15921521-14270" start="8492">epithelial</span>
    </annotation>
    <annotation annotator="Michael Bada" id="UBERON_Instance_420116" type="identity">
      <class id="UBERON:0000160" label="intestine"/>
      <span end="9441" id="15921521-14110" start="9432">intestine</span>
    </annotation>
    <annotation annotator="Michael Bada" id="UBERON_Instance_420118" type="identity">
      <class id="UBERON:0002108" label="small intestine"/>
      <span end="9876" id="15921521-14112" start="9861">small intestine</span>
    </annotation>
    <annotation annotator="Michael Bada" id="UBERON_Instance_420288" type="identity">
      <class id="UBERON_EXT:body" label="body (proper or whole multicellular organism)"/>
      <span end="10545" id="15921521-14272" start="10541">body</span>
    </annotation>
    <annotation annotator="Michael Bada" id="UBERON_Instance_410374" type="identity">
      <class id="PATO_UBERON_EXT:female_or_bearer_of_femaleness" label="female organism/bearer of femaleness"/>
      <span end="10658" id="15921521-14052" start="10651">females</span>
    </annotation>
    <annotation annotator="Michael Bada" id="UBERON_Instance_400010" type="identity">
      <class id="PATO_UBERON_EXT:male_or_bearer_of_maleness" label="male organism/bearer of maleness"/>
      <span end="10668" id="15921521-14012" start="10663">males</span>
    </annotation>
    <annotation annotator="Michael Bada" id="UBERON_Instance_420120" type="identity">
      <class id="UBERON:0000160" label="intestine"/>
      <span end="10802" id="15921521-14114" start="10792">intestinal</span>
    </annotation>
    <annotation annotator="Michael Bada" id="UBERON_Instance_420182" type="identity">
      <class id="UBERON:0000912" label="mucus"/>
      <span end="10808" id="15921521-14176" start="10803">mucus</span>
    </annotation>
    <annotation annotator="Michael Bada" id="UBERON_Instance_420122" type="identity">
      <class id="UBERON:0002108" label="small intestine"/>
      <span end="10896" id="15921521-14116" start="10881">small intestine</span>
    </annotation>
    <annotation annotator="Michael Bada" id="UBERON_Instance_420184" type="identity">
      <class id="UBERON:0000912" label="mucus"/>
      <span end="10925" id="15921521-14178" start="10920">mucus</span>
    </annotation>
    <annotation annotator="Michael Bada" id="UBERON_Instance_420124" type="identity">
      <class id="UBERON:0001983" label="crypt of Lieberkuhn"/>
      <span end="10946" id="15921521-14118" start="10929">intestinal crypts</span>
    </annotation>
    <annotation annotator="Michael Bada" id="UBERON_Instance_420126" type="identity">
      <class id="UBERON:0002108" label="small intestine"/>
      <span end="11165" id="15921521-14120" start="11150">small intestine</span>
    </annotation>
    <annotation annotator="Michael Bada" id="UBERON_Instance_420290" type="identity">
      <class id="UBERON:0000479" label="tissue"/>
      <span end="11173" id="15921521-14274" start="11166">tissues</span>
    </annotation>
    <annotation annotator="Michael Bada" id="UBERON_Instance_420128" type="identity">
      <class id="UBERON:0002108" label="small intestine"/>
      <span end="11218" id="15921521-14122" start="11203">small intestine</span>
    </annotation>
    <annotation annotator="Michael Bada" id="UBERON_Instance_420130" type="identity">
      <class id="UBERON:0001983" label="crypt of Lieberkuhn"/>
      <span end="11303" id="15921521-14124" start="11286">intestinal crypts</span>
    </annotation>
    <annotation annotator="Nicole Vasilevsky" id="UBERON+extensions+nested_Instance_110013" type="identity">
      <class id="GO_UBERON_EXT:lumen" label="lumen"/>
      <span end="11367" id="15921521-13986" start="11362">lumen</span>
    </annotation>
    <annotation annotator="Michael Bada" id="UBERON_Instance_420294" type="identity">
      <class id="UBERON:0013636" label="epithelium of intestinal villus"/>
      <span end="11437" id="15921521-14276" start="11420">villus epithelium</span>
    </annotation>
    <annotation annotator="Michael Bada" id="UBERON_Instance_420298" type="identity">
      <class id="UBERON:0000479" label="tissue"/>
      <span end="11525" id="15921521-14278" start="11518">tissues</span>
    </annotation>
    <annotation annotator="Michael Bada" id="UBERON_Instance_420132" type="identity">
      <class id="UBERON:0000160" label="intestine"/>
      <span end="11553" id="15921521-14126" start="11544">intestine</span>
    </annotation>
    <annotation annotator="Michael Bada" id="UBERON_Instance_330000" type="identity">
      <class id="UBERON:0001983" label="crypt of Lieberkuhn"/>
      <span end="11626" id="15921521-13998" start="11620">crypts</span>
    </annotation>
    <annotation annotator="Michael Bada" id="UBERON_Instance_420186" type="identity">
      <class id="UBERON:0000912" label="mucus"/>
      <span end="11657" id="15921521-14180" start="11652">mucus</span>
    </annotation>
    <annotation annotator="Michael Bada" id="UBERON_Instance_420188" type="identity">
      <class id="UBERON:0000912" label="mucus"/>
      <span end="11715" id="15921521-14182" start="11710">mucus</span>
    </annotation>
    <annotation annotator="Michael Bada" id="UBERON_Instance_420190" type="identity">
      <class id="UBERON:0000912" label="mucus"/>
      <span end="11795" id="15921521-14184" start="11790">mucus</span>
    </annotation>
    <annotation annotator="Michael Bada" id="UBERON_Instance_420300" type="identity">
      <class id="UBERON:0001983" label="crypt of Lieberkuhn"/>
      <span end="11911" id="15921521-14280" start="11905">crypts</span>
    </annotation>
    <annotation annotator="Michael Bada" id="UBERON_Instance_420192" type="identity">
      <class id="UBERON:0000912" label="mucus"/>
      <span end="11933" id="15921521-14186" start="11928">mucus</span>
    </annotation>
    <annotation annotator="Michael Bada" id="UBERON_Instance_420302" type="identity">
      <class id="UBERON:0001983" label="crypt of Lieberkuhn"/>
      <span end="11947" id="15921521-14282" start="11942">crypt</span>
    </annotation>
    <annotation annotator="Nicole Vasilevsky" id="UBERON+extensions+nested_Instance_110015" type="identity">
      <class id="GO_UBERON_EXT:lumen" label="lumen"/>
      <span end="11954" id="15921521-13988" start="11948">lumina</span>
    </annotation>
    <annotation annotator="Michael Bada" id="UBERON_Instance_420194" type="identity">
      <class id="UBERON:0000912" label="mucus"/>
      <span end="12011" id="15921521-14188" start="12006">mucus</span>
    </annotation>
    <annotation annotator="Michael Bada" id="UBERON_Instance_420306" type="identity">
      <class id="UBERON:0001983" label="crypt of Lieberkuhn"/>
      <span end="12025" id="15921521-14284" start="12019">crypts</span>
    </annotation>
    <annotation annotator="Michael Bada" id="UBERON_Instance_420196" type="identity">
      <class id="UBERON:0000912" label="mucus"/>
      <span end="12068" id="15921521-14190" start="12063">mucus</span>
    </annotation>
    <annotation annotator="Michael Bada" id="UBERON_Instance_420198" type="identity">
      <class id="UBERON:0000912" label="mucus"/>
      <span end="12196" id="15921521-14192" start="12191">mucus</span>
    </annotation>
    <annotation annotator="Michael Bada" id="UBERON_Instance_420200" type="identity">
      <class id="UBERON:0000912" label="mucus"/>
      <span end="12216" id="15921521-14194" start="12211">mucus</span>
    </annotation>
    <annotation annotator="Michael Bada" id="UBERON_Instance_420202" type="identity">
      <class id="UBERON:0000912" label="mucus"/>
      <span end="12255" id="15921521-14196" start="12250">mucus</span>
    </annotation>
    <annotation annotator="Michael Bada" id="UBERON_Instance_420308" type="identity">
      <class id="UBERON:0001983" label="crypt of Lieberkuhn"/>
      <span end="12336" id="15921521-14286" start="12331">crypt</span>
    </annotation>
    <annotation annotator="Michael Bada" id="UBERON_Instance_420204" type="identity">
      <class id="UBERON:0000912" label="mucus"/>
      <span end="12360" id="15921521-14198" start="12355">mucus</span>
    </annotation>
    <annotation annotator="Michael Bada" id="UBERON_Instance_420134" type="identity">
      <class id="UBERON:0002108" label="small intestine"/>
      <span end="12473" id="15921521-14128" start="12458">small intestine</span>
    </annotation>
    <annotation annotator="Michael Bada" id="UBERON_Instance_420310" type="identity">
      <class id="UBERON:0000479" label="tissue"/>
      <span end="12543" id="15921521-14288" start="12537">Tissue</span>
    </annotation>
    <annotation annotator="Michael Bada" id="UBERON_Instance_420136" type="identity">
      <class id="UBERON:0002108" label="small intestine"/>
      <span end="12670" id="15921521-14130" start="12655">small intestine</span>
    </annotation>
    <annotation annotator="Michael Bada" id="UBERON_Instance_420312" type="identity">
      <class id="UBERON:0000479" label="tissue"/>
      <span end="12839" id="15921521-14290" start="12833">tissue</span>
    </annotation>
    <annotation annotator="Michael Bada" id="UBERON_Instance_420314" type="identity">
      <class id="UBERON:0001983" label="crypt of Lieberkuhn"/>
      <span end="12873" id="15921521-14292" start="12867">crypts</span>
    </annotation>
    <annotation annotator="Nicole Vasilevsky" id="UBERON+extensions+nested_Instance_110017" type="identity">
      <class id="GO_UBERON_EXT:lumen" label="lumen"/>
      <span end="12906" id="15921521-13990" start="12900">lumina</span>
    </annotation>
    <annotation annotator="Michael Bada" id="UBERON_Instance_420318" type="identity">
      <class id="UBERON:0000479" label="tissue"/>
      <span end="12937" id="15921521-14294" start="12931">tissue</span>
    </annotation>
    <annotation annotator="Michael Bada" id="UBERON_Instance_420320" type="identity">
      <class id="UBERON:0001983" label="crypt of Lieberkuhn"/>
      <span end="12969" id="15921521-14296" start="12964">crypt</span>
    </annotation>
    <annotation annotator="Nicole Vasilevsky" id="UBERON+extensions+nested_Instance_110019" type="identity">
      <class id="GO_UBERON_EXT:lumen" label="lumen"/>
      <span end="12976" id="15921521-13992" start="12970">lumina</span>
    </annotation>
    <annotation annotator="Michael Bada" id="UBERON_Instance_420206" type="identity">
      <class id="UBERON:0000912" label="mucus"/>
      <span end="13031" id="15921521-14200" start="13026">mucus</span>
    </annotation>
    <annotation annotator="Michael Bada" id="UBERON_Instance_420324" type="identity">
      <class id="UBERON:0001983" label="crypt of Lieberkuhn"/>
      <span end="13093" id="15921521-14298" start="13087">crypts</span>
    </annotation>
    <annotation annotator="Michael Bada" id="UBERON_Instance_420326" type="identity">
      <class id="UBERON:0001983" label="crypt of Lieberkuhn"/>
      <span end="13157" id="15921521-14300" start="13151">crypts</span>
    </annotation>
    <annotation annotator="Michael Bada" id="UBERON_Instance_420328" type="identity">
      <class id="UBERON:0001983" label="crypt of Lieberkuhn"/>
      <span end="13252" id="15921521-14302" start="13246">crypts</span>
    </annotation>
    <annotation annotator="Michael Bada" id="UBERON_Instance_420330" type="identity">
      <class id="UBERON:0001983" label="crypt of Lieberkuhn"/>
      <span end="13288" id="15921521-14304" start="13283">crypt</span>
    </annotation>
    <annotation annotator="Michael Bada" id="UBERON_Instance_420208" type="identity">
      <class id="UBERON:0000912" label="mucus"/>
      <span end="13307" id="15921521-14202" start="13302">mucus</span>
    </annotation>
    <annotation annotator="Michael Bada" id="UBERON_Instance_420210" type="identity">
      <class id="UBERON:0000912" label="mucus"/>
      <span end="13592" id="15921521-14204" start="13587">mucus</span>
    </annotation>
    <annotation annotator="Michael Bada" id="UBERON_Instance_420138" type="identity">
      <class id="UBERON:0002108" label="small intestine"/>
      <span end="13618" id="15921521-14132" start="13603">small intestine</span>
    </annotation>
    <annotation annotator="Michael Bada" id="UBERON_Instance_420140" type="identity">
      <class id="UBERON:0000160" label="intestine"/>
      <span end="13781" id="15921521-14134" start="13771">intestinal</span>
    </annotation>
    <annotation annotator="Michael Bada" id="UBERON_Instance_420142" type="identity">
      <class id="UBERON:0000160" label="intestine"/>
      <span end="13834" id="15921521-14136" start="13825">intestine</span>
    </annotation>
    <annotation annotator="Michael Bada" id="UBERON_Instance_420212" type="identity">
      <class id="UBERON:0000912" label="mucus"/>
      <span end="14146" id="15921521-14206" start="14141">mucus</span>
    </annotation>
    <annotation annotator="Michael Bada" id="UBERON_Instance_420144" type="identity">
      <class id="UBERON:0002108" label="small intestine"/>
      <span end="14232" id="15921521-14138" start="14217">small intestine</span>
    </annotation>
    <annotation annotator="Michael Bada" id="UBERON_Instance_420214" type="identity">
      <class id="UBERON:0000912" label="mucus"/>
      <span end="14359" id="15921521-14208" start="14354">mucus</span>
    </annotation>
    <annotation annotator="Michael Bada" id="UBERON_Instance_400012" type="identity">
      <class id="PATO_UBERON_EXT:male_or_bearer_of_maleness" label="male organism/bearer of maleness"/>
      <span end="14724" id="15921521-14014" start="14720">male</span>
    </annotation>
    <annotation annotator="Michael Bada" id="UBERON_Instance_410382" type="identity">
      <class id="PATO_UBERON_EXT:female_or_bearer_of_femaleness" label="female organism/bearer of femaleness"/>
      <span end="14825" id="15921521-14054" start="14819">female</span>
    </annotation>
    <annotation annotator="Michael Bada" id="UBERON_Instance_400014" type="identity">
      <class id="PATO_UBERON_EXT:male_or_bearer_of_maleness" label="male organism/bearer of maleness"/>
      <span end="14906" id="15921521-14016" start="14902">male</span>
    </annotation>
    <annotation annotator="Michael Bada" id="UBERON_Instance_400016" type="identity">
      <class id="PATO_UBERON_EXT:male_or_bearer_of_maleness" label="male organism/bearer of maleness"/>
      <span end="15014" id="15921521-14018" start="15009">males</span>
    </annotation>
    <annotation annotator="Michael Bada" id="UBERON_Instance_410018" type="identity">
      <class id="PATO_UBERON_EXT:female_or_bearer_of_femaleness" label="female organism/bearer of femaleness"/>
      <span end="15172" id="15921521-14022" start="15166">female</span>
    </annotation>
    <annotation annotator="Michael Bada" id="UBERON_Instance_410020" type="identity">
      <class id="PATO_UBERON_EXT:male_or_bearer_of_maleness" label="male organism/bearer of maleness"/>
      <span end="15492" id="15921521-14024" start="15488">male</span>
    </annotation>
    <annotation annotator="Michael Bada" id="UBERON_Instance_420146" type="identity">
      <class id="UBERON:0000160" label="intestine"/>
      <span end="15814" id="15921521-14140" start="15804">intestinal</span>
    </annotation>
    <annotation annotator="Michael Bada" id="UBERON_Instance_420148" type="identity">
      <class id="UBERON:0000160" label="intestine"/>
      <span end="15842" id="15921521-14142" start="15832">intestinal</span>
    </annotation>
    <annotation annotator="Michael Bada" id="UBERON_Instance_420216" type="identity">
      <class id="UBERON:0000912" label="mucus"/>
      <span end="16026" id="15921521-14210" start="16021">mucus</span>
    </annotation>
    <annotation annotator="Michael Bada" id="UBERON_Instance_420150" type="identity">
      <class id="UBERON:0002108" label="small intestine"/>
      <span end="16062" id="15921521-14144" start="16047">small intestine</span>
    </annotation>
    <annotation annotator="Michael Bada" id="UBERON_Instance_420334" type="identity">
      <class id="UBERON:0002415" label="tail"/>
      <span end="17336" id="15921521-14306" start="17332">tail</span>
    </annotation>
    <annotation annotator="Michael Bada" id="UBERON_Instance_420152" type="identity">
      <class id="UBERON:0000160" label="intestine"/>
      <span end="19069" id="15921521-14146" start="19059">intestinal</span>
    </annotation>
    <annotation annotator="Michael Bada" id="UBERON_Instance_420502" type="identity">
      <class id="UBERON:0006314" label="bodily fluid"/>
      <span end="19361" id="15921521-14346" start="19356">fluid</span>
    </annotation>
    <annotation annotator="Michael Bada" id="UBERON_Instance_420056" type="identity">
      <class id="UBERON:0002405" label="immune system"/>
      <span end="19736" id="15921521-14058" start="19723">immune system</span>
    </annotation>
    <annotation annotator="Nicole Vasilevsky" id="UBERON_Instance_830026" type="identity">
      <class id="UBERON:0002405" label="immune system"/>
      <span end="19985" id="15921521-14350" start="19979">immune</span>
    </annotation>
    <annotation annotator="Michael Bada" id="UBERON_Instance_420338" type="identity">
      <class id="UBERON:0000479" label="tissue"/>
      <span end="20025" id="15921521-14308" start="20018">tissues</span>
    </annotation>
    <annotation annotator="Nicole Vasilevsky" id="UBERON_Instance_830028" type="identity">
      <class id="UBERON:0002405" label="immune system"/>
      <span end="20057" id="15921521-14352" start="20051">immune</span>
    </annotation>
    <annotation annotator="Michael Bada" id="UBERON_Instance_420342" type="identity">
      <class id="UBERON:0000479" label="tissue"/>
      <span end="20665" id="15921521-14310" start="20658">tissues</span>
    </annotation>
    <annotation annotator="Michael Bada" id="UBERON_Instance_420344" type="identity">
      <class id="UBERON_EXT:body" label="body (proper or whole multicellular organism)"/>
      <span end="21329" id="15921521-14312" start="21325">body</span>
    </annotation>
    <annotation annotator="Michael Bada" id="UBERON_Instance_420346" type="identity">
      <class id="UBERON_EXT:body" label="body (proper or whole multicellular organism)"/>
      <span end="21358" id="15921521-14314" start="21354">body</span>
    </annotation>
    <annotation annotator="Michael Bada" id="UBERON_Instance_420348" type="identity">
      <class id="UBERON_EXT:body" label="body (proper or whole multicellular organism)"/>
      <span end="21427" id="15921521-14316" start="21423">body</span>
    </annotation>
    <annotation annotator="Michael Bada" id="UBERON_Instance_420350" type="identity">
      <class id="UBERON_EXT:body" label="body (proper or whole multicellular organism)"/>
      <span end="21470" id="15921521-14318" start="21466">body</span>
    </annotation>
    <annotation annotator="Michael Bada" id="UBERON_Instance_420352" type="identity">
      <class id="UBERON_EXT:body" label="body (proper or whole multicellular organism)"/>
      <span end="21507" id="15921521-14320" start="21503">body</span>
    </annotation>
    <annotation annotator="Michael Bada" id="UBERON_Instance_420354" type="identity">
      <class id="UBERON_EXT:body" label="body (proper or whole multicellular organism)"/>
      <span end="21544" id="15921521-14322" start="21540">body</span>
    </annotation>
    <annotation annotator="Michael Bada" id="UBERON_Instance_420356" type="identity">
      <class id="UBERON_EXT:body" label="body (proper or whole multicellular organism)"/>
      <span end="21603" id="15921521-14324" start="21599">body</span>
    </annotation>
    <annotation annotator="Michael Bada" id="UBERON_Instance_420154" type="identity">
      <class id="UBERON:0000160" label="intestine"/>
      <span end="21751" id="15921521-14148" start="21741">intestinal</span>
    </annotation>
    <annotation annotator="Nicole Vasilevsky" id="UBERON_Instance_830032" type="identity">
      <class id="UBERON:0002405" label="immune system"/>
      <span end="21803" id="15921521-14354" start="21797">immune</span>
    </annotation>
    <annotation annotator="Michael Bada" id="UBERON_Instance_420360" type="identity">
      <class id="UBERON:0000479" label="tissue"/>
      <span end="22293" id="15921521-14326" start="22287">tissue</span>
    </annotation>
    <annotation annotator="Nicole Vasilevsky" id="UBERON_Instance_830034" type="identity">
      <class id="UBERON:0002405" label="immune system"/>
      <span end="22310" id="15921521-14356" start="22304">immune</span>
    </annotation>
    <annotation annotator="Michael Bada" id="UBERON_Instance_420218" type="identity">
      <class id="UBERON:0000912" label="mucus"/>
      <span end="22355" id="15921521-14212" start="22350">mucus</span>
    </annotation>
    <annotation annotator="Michael Bada" id="UBERON_Instance_420156" type="identity">
      <class id="UBERON:0000160" label="intestine"/>
      <span end="22388" id="15921521-14150" start="22379">intestine</span>
    </annotation>
    <annotation annotator="Michael Bada" id="UBERON_Instance_420220" type="identity">
      <class id="UBERON:0000912" label="mucus"/>
      <span end="22413" id="15921521-14214" start="22408">mucus</span>
    </annotation>
    <annotation annotator="Michael Bada" id="UBERON_Instance_420492" type="identity">
      <class id="UBERON:0000479" label="tissue"/>
      <span end="22454" id="15921521-14340" start="22447">tissues</span>
    </annotation>
    <annotation annotator="Michael Bada" id="UBERON_Instance_420500" type="identity">
      <class id="UBERON:0006314" label="bodily fluid"/>
      <span end="22494" id="15921521-14344" start="22489">fluid</span>
    </annotation>
    <annotation annotator="Nicole Vasilevsky" id="UBERON+extensions+nested_Instance_110021" type="identity">
      <class id="GO_UBERON_EXT:lumen" label="lumen"/>
      <span end="22548" id="15921521-13994" start="22542">lumina</span>
    </annotation>
    <annotation annotator="Michael Bada" id="UBERON_Instance_420498" type="identity">
      <class id="UBERON:0000062" label="organ"/>
      <span end="22567" id="15921521-14342" start="22561">organs</span>
    </annotation>
    <annotation annotator="Michael Bada" id="UBERON_Instance_420222" type="identity">
      <class id="UBERON:0000912" label="mucus"/>
      <span end="22628" id="15921521-14216" start="22623">mucus</span>
    </annotation>
    <annotation annotator="Michael Bada" id="UBERON_Instance_420224" type="identity">
      <class id="UBERON:0000912" label="mucus"/>
      <span end="22803" id="15921521-14218" start="22798">mucus</span>
    </annotation>
    <annotation annotator="Michael Bada" id="UBERON_Instance_420158" type="identity">
      <class id="UBERON:0002108" label="small intestine"/>
      <span end="23137" id="15921521-14152" start="23122">small intestine</span>
    </annotation>
    <annotation annotator="Nicole Vasilevsky" id="UBERON_Instance_830036" type="identity">
      <class id="UBERON:0002405" label="immune system"/>
      <span end="23173" id="15921521-14358" start="23167">immune</span>
    </annotation>
    <annotation annotator="Michael Bada" id="UBERON_Instance_420226" type="identity">
      <class id="UBERON:0000912" label="mucus"/>
      <span end="23188" id="15921521-14220" start="23183">mucus</span>
    </annotation>
    <annotation annotator="Michael Bada" id="UBERON_Instance_420160" type="identity">
      <class id="UBERON:0000160" label="intestine"/>
      <span end="23531" id="15921521-14154" start="23521">intestinal</span>
    </annotation>
    <annotation annotator="Michael Bada" id="UBERON_Instance_420162" type="identity">
      <class id="UBERON:0000160" label="intestine"/>
      <span end="24643" id="15921521-14156" start="24633">intestinal</span>
    </annotation>
    <annotation annotator="Michael Bada" id="UBERON_Instance_410022" type="identity">
      <class id="PATO_UBERON_EXT:male_or_bearer_of_maleness" label="male organism/bearer of maleness"/>
      <span end="24969" id="15921521-14026" start="24965">Male</span>
    </annotation>
    <annotation annotator="Michael Bada" id="UBERON_Instance_410024" type="identity">
      <class id="PATO_UBERON_EXT:female_or_bearer_of_femaleness" label="female organism/bearer of femaleness"/>
      <span end="24980" id="15921521-14028" start="24974">female</span>
    </annotation>
    <annotation annotator="Michael Bada" id="UBERON_Instance_420062" type="identity">
      <class id="UBERON:0002415" label="tail"/>
      <span end="25390" id="15921521-14060" start="25386">tail</span>
    </annotation>
    <annotation annotator="Michael Bada" id="UBERON_Instance_420164" type="identity">
      <class id="UBERON:0002108" label="small intestine"/>
      <span end="25807" id="15921521-14158" start="25792">small intestine</span>
    </annotation>
    <annotation annotator="Michael Bada" id="UBERON_Instance_420166" type="identity">
      <class id="UBERON:0002108" label="small intestine"/>
      <span end="26087" id="15921521-14160" start="26072">small intestine</span>
    </annotation>
    <annotation annotator="Michael Bada" id="UBERON_Instance_420168" type="identity">
      <class id="UBERON:0000160" label="intestine"/>
      <span end="26128" id="15921521-14162" start="26118">intestinal</span>
    </annotation>
    <annotation annotator="Michael Bada" id="UBERON_Instance_420170" type="identity">
      <class id="UBERON:0002108" label="small intestine"/>
      <span end="26300" id="15921521-14164" start="26285">small intestine</span>
    </annotation>
    <annotation annotator="Michael Bada" id="UBERON_Instance_420504" type="identity">
      <class id="UBERON:0000479" label="tissue"/>
      <span end="26409" id="15921521-14348" start="26402">tissues</span>
    </annotation>
    <annotation annotator="Michael Bada" id="UBERON_Instance_420374" type="identity">
      <class id="UBERON_EXT:body" label="body (proper or whole multicellular organism)"/>
      <span end="26634" id="15921521-14328" start="26630">body</span>
    </annotation>
    <annotation annotator="Michael Bada" id="UBERON_Instance_420066" type="identity">
      <class id="NCBITaxon_UBERON_EXT:pup" label="pup"/>
      <span end="26852" id="15921521-14062" start="26848">pups</span>
    </annotation>
    <graph-space id="Old Knowtator Relations"/>
  </document>
</knowtator-project>
