<?xml version="1.0" encoding="UTF-8" standalone="no"?>
<knowtator-project>
  <document id="16103912" text-file="16103912.txt">
    <annotation annotator="Michael Bada" id="UBERON_Instance_430782" type="identity">
      <class id="UBERON:0001103" label="diaphragm"/>
      <span end="37" id="16103912-14874" start="28">Diaphragm</span>
    </annotation>
    <annotation annotator="Michael Bada" id="UBERON_Instance_430658" type="identity">
      <class id="UBERON:0002048" label="lung"/>
      <span end="46" id="16103912-14752" start="42">Lung</span>
    </annotation>
    <annotation annotator="Michael Bada" id="UBERON_Instance_430784" type="identity">
      <class id="UBERON:0001103" label="diaphragm"/>
      <span end="113" id="16103912-14876" start="100">diaphragmatic</span>
    </annotation>
    <annotation annotator="Michael Bada" id="UBERON_Instance_430786" type="identity">
      <class id="UBERON:0001103" label="diaphragm"/>
      <span end="155" id="16103912-14878" start="142">diaphragmatic</span>
    </annotation>
    <annotation annotator="Michael Bada" id="UBERON_Instance_430982" type="identity">
      <class id="PATO_UBERON_EXT:neonate_or_newborn" label="neonatal/newborn organism"/>
      <span end="231" id="16103912-15064" start="223">neonates</span>
    </annotation>
    <annotation annotator="Michael Bada" id="UBERON_Instance_430170" type="identity">
      <class id="UBERON:0000922" label="embryo"/>
      <span end="338" id="16103912-14618" start="331">embryos</span>
    </annotation>
    <annotation annotator="Michael Bada" id="UBERON_Instance_430642" type="identity">
      <class id="UBERON:0002048" label="lung"/>
      <span end="439" id="16103912-14736" start="430">pulmonary</span>
    </annotation>
    <annotation annotator="Michael Bada" id="UBERON_Instance_430788" type="identity">
      <class id="UBERON:0001103" label="diaphragm"/>
      <span end="477" id="16103912-14880" start="464">diaphragmatic</span>
    </annotation>
    <annotation annotator="Michael Bada" id="UBERON_Instance_430790" type="identity">
      <class id="UBERON:0001103" label="diaphragm"/>
      <span end="772" id="16103912-14882" start="759">diaphragmatic</span>
    </annotation>
    <annotation annotator="Michael Bada" id="UBERON_Instance_430644" type="identity">
      <class id="UBERON:0002048" label="lung"/>
      <span end="793" id="16103912-14738" start="784">pulmonary</span>
    </annotation>
    <annotation annotator="Michael Bada" id="UBERON_Instance_430568" type="identity">
      <class id="NCBITaxon_UBERON_EXT:child" label="child"/>
      <span end="935" id="16103912-14662" start="930">child</span>
    </annotation>
    <annotation annotator="Michael Bada" id="UBERON_Instance_460004" type="identity">
      <class id="UBERON:0000104" label="life cycle"/>
      <span end="969" id="16103912-15271" start="965">life</span>
    </annotation>
    <annotation annotator="Michael Bada" id="UBERON_Instance_430646" type="identity">
      <class id="UBERON:0002048" label="lung"/>
      <span end="1009" id="16103912-14740" start="1000">pulmonary</span>
    </annotation>
    <annotation annotator="Michael Bada" id="UBERON_Instance_430772" type="identity">
      <class id="UBERON:0001103" label="diaphragm"/>
      <span end="1061" id="16103912-14864" start="1052">diaphragm</span>
    </annotation>
    <annotation annotator="Michael Bada" id="UBERON_Instance_430774" type="identity">
      <class id="UBERON:0001103" label="diaphragm"/>
      <span end="1160" id="16103912-14866" start="1151">diaphragm</span>
    </annotation>
    <annotation annotator="Michael Bada" id="UBERON_Instance_430660" type="identity">
      <class id="UBERON:0002048" label="lung"/>
      <span end="1169" id="16103912-14754" start="1165">lung</span>
    </annotation>
    <annotation annotator="Michael Bada" id="UBERON_Instance_430792" type="identity">
      <class id="UBERON:0001103" label="diaphragm"/>
      <span end="1332" id="16103912-14884" start="1319">diaphragmatic</span>
    </annotation>
    <annotation annotator="Michael Bada" id="UBERON_Instance_430648" type="identity">
      <class id="UBERON:0002048" label="lung"/>
      <span end="1373" id="16103912-14742" start="1364">pulmonary</span>
    </annotation>
    <annotation annotator="Michael Bada" id="UBERON_Instance_430984" type="identity">
      <class id="PATO_UBERON_EXT:neonate_or_newborn" label="neonatal/newborn organism"/>
      <span end="1424" id="16103912-15066" start="1416">neonates</span>
    </annotation>
    <annotation annotator="Michael Bada" id="UBERON_Instance_430794" type="identity">
      <class id="UBERON:0001103" label="diaphragm"/>
      <span end="1454" id="16103912-14886" start="1441">diaphragmatic</span>
    </annotation>
    <annotation annotator="Michael Bada" id="UBERON_Instance_430650" type="identity">
      <class id="UBERON:0002048" label="lung"/>
      <span end="1493" id="16103912-14744" start="1484">pulmonary</span>
    </annotation>
    <annotation annotator="Michael Bada" id="UBERON_Instance_430776" type="identity">
      <class id="UBERON:0001103" label="diaphragm"/>
      <span end="1573" id="16103912-14868" start="1564">diaphragm</span>
    </annotation>
    <annotation annotator="Michael Bada" id="UBERON_Instance_430796" type="identity">
      <class id="UBERON:0001103" label="diaphragm"/>
      <span end="1740" id="16103912-14888" start="1727">diaphragmatic</span>
    </annotation>
    <annotation annotator="Michael Bada" id="UBERON_Instance_430662" type="identity">
      <class id="UBERON:0002048" label="lung"/>
      <span end="1770" id="16103912-14756" start="1765">lungs</span>
    </annotation>
    <annotation annotator="Michael Bada" id="UBERON_Instance_470006" type="identity">
      <class id="UBERON:0007221" label="neonate stage"/>
      <span end="1806" id="16103912-15273" start="1792">newborn period</span>
    </annotation>
    <annotation annotator="Michael Bada" id="UBERON_Instance_430664" type="identity">
      <class id="UBERON:0002048" label="lung"/>
      <span end="1880" id="16103912-14758" start="1875">lungs</span>
    </annotation>
    <annotation annotator="Michael Bada" id="UBERON_Instance_470122" type="identity">
      <class id="NCBITaxon_UBERON_EXT:child" label="child"/>
      <span end="1909" id="16103912-15374" start="1901">children</span>
    </annotation>
    <annotation annotator="Michael Bada" id="UBERON_Instance_430798" type="identity">
      <class id="UBERON:0001103" label="diaphragm"/>
      <span end="1930" id="16103912-14890" start="1917">diaphragmatic</span>
    </annotation>
    <annotation annotator="Michael Bada" id="UBERON_Instance_430666" type="identity">
      <class id="UBERON:0002048" label="lung"/>
      <span end="2042" id="16103912-14760" start="2038">lung</span>
    </annotation>
    <annotation annotator="Michael Bada" id="UBERON_Instance_430778" type="identity">
      <class id="UBERON:0001103" label="diaphragm"/>
      <span end="2060" id="16103912-14870" start="2051">diaphragm</span>
    </annotation>
    <annotation annotator="Michael Bada" id="UBERON_Instance_430780" type="identity">
      <class id="UBERON:0001103" label="diaphragm"/>
      <span end="2247" id="16103912-14872" start="2238">diaphragm</span>
    </annotation>
    <annotation annotator="Michael Bada" id="UBERON_Instance_430668" type="identity">
      <class id="UBERON:0002048" label="lung"/>
      <span end="2275" id="16103912-14762" start="2270">lungs</span>
    </annotation>
    <annotation annotator="Michael Bada" id="UBERON_Instance_430670" type="identity">
      <class id="UBERON:0002048" label="lung"/>
      <span end="2286" id="16103912-14764" start="2281">lungs</span>
    </annotation>
    <annotation annotator="Michael Bada" id="UBERON_Instance_430672" type="identity">
      <class id="UBERON:0000101" label="lobe of lung"/>
      <span end="2376" id="16103912-14766" start="2367">lung lobe</span>
    </annotation>
    <annotation annotator="Michael Bada" id="UBERON_Instance_470008" type="identity">
      <class id="NCBITaxon_UBERON_EXT:child" label="child"/>
      <span end="2428" id="16103912-15275" start="2420">children</span>
    </annotation>
    <annotation annotator="Michael Bada" id="UBERON_Instance_430800" type="identity">
      <class id="UBERON:0001103" label="diaphragm"/>
      <span end="2456" id="16103912-14892" start="2443">diaphragmatic</span>
    </annotation>
    <annotation annotator="Michael Bada" id="UBERON_Instance_470010" type="identity">
      <class id="UBERON_EXT:baby_or_infant" label="baby"/>
      <span end="2501" id="16103912-15277" start="2497">baby</span>
    </annotation>
    <annotation annotator="Michael Bada" id="UBERON_Instance_470012" type="identity">
      <class id="UBERON:0000104" label="life cycle"/>
      <span end="2579" id="16103912-15279" start="2575">life</span>
    </annotation>
    <annotation annotator="Michael Bada" id="UBERON_Instance_430802" type="identity">
      <class id="UBERON:0001103" label="diaphragm"/>
      <span end="2631" id="16103912-14894" start="2618">diaphragmatic</span>
    </annotation>
    <annotation annotator="Michael Bada" id="UBERON_Instance_430674" type="identity">
      <class id="UBERON:0002048" label="lung"/>
      <span end="2655" id="16103912-14768" start="2650">lungs</span>
    </annotation>
    <annotation annotator="Michael Bada" id="UBERON_Instance_430804" type="identity">
      <class id="UBERON:0001103" label="diaphragm"/>
      <span end="2728" id="16103912-14896" start="2719">diaphragm</span>
    </annotation>
    <annotation annotator="Michael Bada" id="UBERON_Instance_430676" type="identity">
      <class id="UBERON:0002048" label="lung"/>
      <span end="2737" id="16103912-14770" start="2733">lung</span>
    </annotation>
    <annotation annotator="Michael Bada" id="UBERON_Instance_430806" type="identity">
      <class id="UBERON:0001103" label="diaphragm"/>
      <span end="2845" id="16103912-14898" start="2832">diaphragmatic</span>
    </annotation>
    <annotation annotator="Michael Bada" id="UBERON_Instance_430678" type="identity">
      <class id="UBERON:0002048" label="lung"/>
      <span end="2949" id="16103912-14772" start="2945">lung</span>
    </annotation>
    <annotation annotator="Michael Bada" id="UBERON_Instance_430808" type="identity">
      <class id="UBERON:0001103" label="diaphragm"/>
      <span end="2967" id="16103912-14900" start="2958">diaphragm</span>
    </annotation>
    <annotation annotator="Michael Bada" id="UBERON_Instance_430810" type="identity">
      <class id="UBERON:0001103" label="diaphragm"/>
      <span end="3008" id="16103912-14902" start="2995">diaphragmatic</span>
    </annotation>
    <annotation annotator="Michael Bada" id="UBERON_Instance_430812" type="identity">
      <class id="UBERON:0001103" label="diaphragm"/>
      <span end="3154" id="16103912-14904" start="3141">diaphragmatic</span>
    </annotation>
    <annotation annotator="Michael Bada" id="UBERON_Instance_430814" type="identity">
      <class id="UBERON:0001103" label="diaphragm"/>
      <span end="3263" id="16103912-14906" start="3250">diaphragmatic</span>
    </annotation>
    <annotation annotator="Michael Bada" id="UBERON_Instance_430816" type="identity">
      <class id="UBERON:0001103" label="diaphragm"/>
      <span end="3305" id="16103912-14908" start="3292">diaphragmatic</span>
    </annotation>
    <annotation annotator="Michael Bada" id="UBERON_Instance_430818" type="identity">
      <class id="UBERON:0001103" label="diaphragm"/>
      <span end="3331" id="16103912-14910" start="3318">diaphragmatic</span>
    </annotation>
    <annotation annotator="Michael Bada" id="UBERON_Instance_440106" type="identity">
      <class id="UBERON:0001062" label="anatomical entity"/>
      <span end="3438" id="16103912-15104" start="3430">anatomic</span>
    </annotation>
    <annotation annotator="Michael Bada" id="UBERON_Instance_430652" type="identity">
      <class id="UBERON:0002048" label="lung"/>
      <span end="3572" id="16103912-14746" start="3563">Pulmonary</span>
    </annotation>
    <annotation annotator="Michael Bada" id="UBERON_Instance_430820" type="identity">
      <class id="UBERON:0001103" label="diaphragm"/>
      <span end="3619" id="16103912-14912" start="3606">diaphragmatic</span>
    </annotation>
    <annotation annotator="Michael Bada" id="UBERON_Instance_430822" type="identity">
      <class id="UBERON:0001103" label="diaphragm"/>
      <span end="3736" id="16103912-14914" start="3723">diaphragmatic</span>
    </annotation>
    <annotation annotator="Michael Bada" id="UBERON_Instance_430654" type="identity">
      <class id="UBERON:0002048" label="lung"/>
      <span end="3758" id="16103912-14748" start="3749">pulmonary</span>
    </annotation>
    <annotation annotator="Michael Bada" id="UBERON_Instance_430656" type="identity">
      <class id="UBERON:0002048" label="lung"/>
      <span end="3845" id="16103912-14750" start="3836">pulmonary</span>
    </annotation>
    <annotation annotator="Michael Bada" id="UBERON_Instance_430570" type="identity">
      <class id="UBERON:0001004" label="respiratory system"/>
      <span end="4209" id="16103912-14664" start="4198">respiratory</span>
    </annotation>
    <annotation annotator="Michael Bada" id="UBERON_Instance_430680" type="identity">
      <class id="UBERON:0002048" label="lung"/>
      <span end="4350" id="16103912-14774" start="4346">lung</span>
    </annotation>
    <annotation annotator="Michael Bada" id="UBERON_Instance_470014" type="identity">
      <class id="UBERON_EXT:body" label="body (proper or whole multicellular organism)"/>
      <span end="4373" id="16103912-15281" start="4364">corporeal</span>
    </annotation>
    <annotation annotator="Michael Bada" id="UBERON_Instance_430578" type="identity">
      <class id="UBERON_EXT:heart_or_lung" label="heart or lung"/>
      <span end="4474" id="16103912-14672" start="4459">cardiopulmonary</span>
    </annotation>
    <annotation annotator="Michael Bada" id="UBERON_Instance_430572" type="identity">
      <class id="UBERON:0001004" label="respiratory system"/>
      <span end="4664" id="16103912-14666" start="4653">respiratory</span>
    </annotation>
    <annotation annotator="Michael Bada" id="UBERON_Instance_430824" type="identity">
      <class id="UBERON:0001103" label="diaphragm"/>
      <span end="4962" id="16103912-14916" start="4949">diaphragmatic</span>
    </annotation>
    <annotation annotator="Michael Bada" id="UBERON_Instance_430580" type="identity">
      <class id="UBERON:0002048" label="lung"/>
      <span end="4984" id="16103912-14674" start="4975">pulmonary</span>
    </annotation>
    <annotation annotator="Michael Bada" id="UBERON_Instance_430826" type="identity">
      <class id="UBERON:0001103" label="diaphragm"/>
      <span end="5329" id="16103912-14918" start="5316">diaphragmatic</span>
    </annotation>
    <annotation annotator="Michael Bada" id="UBERON_Instance_431018" type="identity">
      <class id="UBERON:0012101" label="perinatal stage"/>
      <span end="5884" id="16103912-15098" start="5868">perinatal period</span>
    </annotation>
    <annotation annotator="Michael Bada" id="UBERON_Instance_430582" type="identity">
      <class id="UBERON:0002048" label="lung"/>
      <span end="6001" id="16103912-14676" start="5992">pulmonary</span>
    </annotation>
    <annotation annotator="Michael Bada" id="UBERON_Instance_430828" type="identity">
      <class id="UBERON:0001103" label="diaphragm"/>
      <span end="6039" id="16103912-14920" start="6026">diaphragmatic</span>
    </annotation>
    <annotation annotator="Michael Bada" id="UBERON_Instance_440108" type="identity">
      <class id="UBERON:0000948" label="heart"/>
      <span end="6051" id="16103912-15106" start="6044">cardiac</span>
    </annotation>
    <annotation annotator="Michael Bada" id="UBERON_Instance_430830" type="identity">
      <class id="UBERON:0001103" label="diaphragm"/>
      <span end="6491" id="16103912-14922" start="6478">diaphragmatic</span>
    </annotation>
    <annotation annotator="Michael Bada" id="UBERON_Instance_430584" type="identity">
      <class id="UBERON:0002048" label="lung"/>
      <span end="6519" id="16103912-14678" start="6510">pulmonary</span>
    </annotation>
    <annotation annotator="Michael Bada" id="UBERON_Instance_430586" type="identity">
      <class id="UBERON:0002048" label="lung"/>
      <span end="6686" id="16103912-14680" start="6677">pulmonary</span>
    </annotation>
    <annotation annotator="Michael Bada" id="UBERON_Instance_430682" type="identity">
      <class id="UBERON:0002048" label="lung"/>
      <span end="6799" id="16103912-14776" start="6795">lung</span>
    </annotation>
    <annotation annotator="Michael Bada" id="UBERON_Instance_430188" type="identity">
      <class id="UBERON:0000922" label="embryo"/>
      <span end="6891" id="16103912-14636" start="6882">embryonic</span>
    </annotation>
    <annotation annotator="Michael Bada" id="UBERON_Instance_430172" type="identity">
      <class id="UBERON:0000922" label="embryo"/>
      <span end="7004" id="16103912-14620" start="6997">embryos</span>
    </annotation>
    <annotation annotator="Michael Bada" id="UBERON_Instance_430588" type="identity">
      <class id="UBERON:0002048" label="lung"/>
      <span end="7052" id="16103912-14682" start="7043">pulmonary</span>
    </annotation>
    <annotation annotator="Michael Bada" id="UBERON_Instance_430832" type="identity">
      <class id="UBERON:0001103" label="diaphragm"/>
      <span end="7084" id="16103912-14924" start="7075">diaphragm</span>
    </annotation>
    <annotation annotator="Michael Bada" id="UBERON_Instance_430684" type="identity">
      <class id="UBERON:0002048" label="lung"/>
      <span end="7127" id="16103912-14778" start="7123">lung</span>
    </annotation>
    <annotation annotator="Michael Bada" id="UBERON_Instance_430590" type="identity">
      <class id="UBERON:0002048" label="lung"/>
      <span end="7803" id="16103912-14684" start="7794">pulmonary</span>
    </annotation>
    <annotation annotator="Michael Bada" id="UBERON_Instance_430834" type="identity">
      <class id="UBERON:0001103" label="diaphragm"/>
      <span end="7840" id="16103912-14926" start="7831">diaphragm</span>
    </annotation>
    <annotation annotator="Michael Bada" id="UBERON_Instance_430592" type="identity">
      <class id="UBERON:0002048" label="lung"/>
      <span end="7851" id="16103912-14686" start="7842">Pulmonary</span>
    </annotation>
    <annotation annotator="Michael Bada" id="UBERON_Instance_470018" type="identity">
      <class id="UBERON:0000104" label="life cycle"/>
      <span end="7998" id="16103912-15283" start="7994">life</span>
    </annotation>
    <annotation annotator="Michael Bada" id="UBERON_Instance_440110" type="identity">
      <class id="UBERON_EXT:body" label="body (proper or whole multicellular organism)"/>
      <span end="8004" id="16103912-15108" start="8000">body</span>
    </annotation>
    <annotation annotator="Michael Bada" id="UBERON_Instance_430686" type="identity">
      <class id="UBERON:0002048" label="lung"/>
      <span end="8050" id="16103912-14780" start="8046">lung</span>
    </annotation>
    <annotation annotator="Michael Bada" id="UBERON_Instance_430688" type="identity">
      <class id="UBERON:0002048" label="lung"/>
      <span end="8127" id="16103912-14782" start="8123">lung</span>
    </annotation>
    <annotation annotator="Michael Bada" id="UBERON_Instance_430690" type="identity">
      <class id="UBERON:0002048" label="lung"/>
      <span end="8184" id="16103912-14784" start="8180">lung</span>
    </annotation>
    <annotation annotator="Michael Bada" id="UBERON_Instance_430692" type="identity">
      <class id="UBERON:0002048" label="lung"/>
      <span end="8232" id="16103912-14786" start="8227">lungs</span>
    </annotation>
    <annotation annotator="Michael Bada" id="UBERON_Instance_470028" type="identity">
      <class id="UBERON:0009912" label="anatomical lobe"/>
      <span end="8280" id="16103912-15287" start="8276">lobe</span>
    </annotation>
    <annotation annotator="Michael Bada" id="UBERON_Instance_470030" type="identity">
      <class id="UBERON:0009912" label="anatomical lobe"/>
      <span end="8357" id="16103912-15289" start="8353">lobe</span>
    </annotation>
    <annotation annotator="Michael Bada" id="UBERON_Instance_430836" type="identity">
      <class id="UBERON:0001103" label="diaphragm"/>
      <span end="8381" id="16103912-14928" start="8371">Diaphragms</span>
    </annotation>
    <annotation annotator="Michael Bada" id="UBERON_Instance_430988" type="identity">
      <class id="UBERON:0000309" label="body wall"/>
      <span end="8637" id="16103912-15068" start="8627">body walls</span>
    </annotation>
    <annotation annotator="Michael Bada" id="UBERON_Instance_430994" type="identity">
      <class id="UBERON_EXT:muscle_structure_or_tissue" label="muscle structure or tissue"/>
      <span end="8670" id="16103912-15074" start="8664">muscle</span>
    </annotation>
    <annotation annotator="Michael Bada" id="UBERON_Instance_450014" type="identity">
      <class id="UBERON:0006670" label="central tendon of diaphragm"/>
      <span end="8702" id="16103912-15251" start="8685">central tendonous</span>
    </annotation>
    <annotation annotator="Michael Bada" id="UBERON_Instance_430838" type="identity">
      <class id="UBERON:0001103" label="diaphragm"/>
      <span end="8734" id="16103912-14930" start="8725">diaphragm</span>
    </annotation>
    <annotation annotator="Michael Bada" id="UBERON_Instance_430996" type="identity">
      <class id="UBERON:0002385" label="muscle tissue"/>
      <span end="8806" id="16103912-15076" start="8793">muscle tissue</span>
    </annotation>
    <annotation annotator="Michael Bada" id="UBERON_Instance_430990" type="identity">
      <class id="UBERON:0000309" label="body wall"/>
      <span end="8856" id="16103912-15070" start="8846">body walls</span>
    </annotation>
    <annotation annotator="Michael Bada" id="UBERON_Instance_430190" type="identity">
      <class id="UBERON:0000922" label="embryo"/>
      <span end="9057" id="16103912-14638" start="9048">embryonic</span>
    </annotation>
    <annotation annotator="Michael Bada" id="UBERON_Instance_440114" type="identity">
      <class id="UBERON:0000995" label="uterus"/>
      <span end="9134" id="16103912-15110" start="9127">uterine</span>
    </annotation>
    <annotation annotator="Michael Bada" id="UBERON_Instance_430174" type="identity">
      <class id="UBERON:0000922" label="embryo"/>
      <span end="9215" id="16103912-14622" start="9208">embryos</span>
    </annotation>
    <annotation annotator="Michael Bada" id="UBERON_Instance_440116" type="identity">
      <class id="UBERON:0000995" label="uterus"/>
      <span end="9274" id="16103912-15112" start="9267">uterine</span>
    </annotation>
    <annotation annotator="Michael Bada" id="UBERON_Instance_440118" type="identity">
      <class id="UBERON:0000479" label="tissue"/>
      <span end="9331" id="16103912-15114" start="9325">tissue</span>
    </annotation>
    <annotation annotator="Michael Bada" id="UBERON_Instance_430176" type="identity">
      <class id="UBERON:0000922" label="embryo"/>
      <span end="9355" id="16103912-14624" start="9348">embryos</span>
    </annotation>
    <annotation annotator="Michael Bada" id="UBERON_Instance_430178" type="identity">
      <class id="UBERON:0000922" label="embryo"/>
      <span end="9650" id="16103912-14626" start="9643">embryos</span>
    </annotation>
    <annotation annotator="Michael Bada" id="UBERON_Instance_430180" type="identity">
      <class id="UBERON:0000922" label="embryo"/>
      <span end="9708" id="16103912-14628" start="9701">embryos</span>
    </annotation>
    <annotation annotator="Michael Bada" id="UBERON_Instance_430192" type="identity">
      <class id="UBERON:0000922" label="embryo"/>
      <span end="9773" id="16103912-14640" start="9767">embryo</span>
    </annotation>
    <annotation annotator="Michael Bada" id="UBERON_Instance_430840" type="identity">
      <class id="UBERON:0001103" label="diaphragm"/>
      <span end="9799" id="16103912-14932" start="9786">Diaphragmatic</span>
    </annotation>
    <annotation annotator="Michael Bada" id="UBERON_Instance_430594" type="identity">
      <class id="UBERON:0002048" label="lung"/>
      <span end="9876" id="16103912-14688" start="9867">Pulmonary</span>
    </annotation>
    <annotation annotator="Michael Bada" id="UBERON_Instance_440120" type="identity">
      <class id="UBERON:0000948" label="heart"/>
      <span end="10006" id="16103912-15116" start="9999">cardiac</span>
    </annotation>
    <annotation annotator="Michael Bada" id="UBERON_Instance_450016" type="identity">
      <class id="UBERON:0000948" label="heart"/>
      <span end="10036" id="16103912-15253" start="10030">hearts</span>
    </annotation>
    <annotation annotator="Michael Bada" id="UBERON_Instance_450018" type="identity">
      <class id="UBERON:0002062" label="endocardial cushion"/>
      <span end="10168" id="16103912-15255" start="10148">endocardial cushions</span>
    </annotation>
    <annotation annotator="Michael Bada" id="UBERON_Instance_360000" type="identity">
      <class id="UBERON:0004145" label="outflow tract"/>
      <span end="10185" id="16103912-14592" start="10179">outlet</span>
    </annotation>
    <annotation annotator="Michael Bada" id="UBERON_Instance_440124" type="identity">
      <class id="UBERON:0002080" label="heart right ventricle"/>
      <span end="10201" id="16103912-15118" start="10186">right ventricle</span>
    </annotation>
    <annotation annotator="Michael Bada" id="UBERON_Instance_430530" type="identity">
      <class id="UBERON:0002087" label="atrioventricular canal"/>
      <span end="10240" id="16103912-14648" start="10218">atrioventricular canal</span>
    </annotation>
    <annotation annotator="Michael Bada" id="UBERON_Instance_440126" type="identity">
      <class id="UBERON:0002349" label="myocardium"/>
      <span end="10256" id="16103912-15120" start="10246">myocardium</span>
    </annotation>
    <annotation annotator="Michael Bada" id="UBERON_Instance_440128" type="identity">
      <class id="UBERON:0004125" label="myocardial compact layer"/>
      <span end="10324" id="16103912-15122" start="10311">compact layer</span>
    </annotation>
    <annotation annotator="Michael Bada" id="UBERON_Instance_440130" type="identity">
      <class id="UBERON:0000948" label="heart"/>
      <span end="10417" id="16103912-15124" start="10410">cardiac</span>
    </annotation>
    <annotation annotator="Michael Bada" id="UBERON_Instance_430532" type="identity">
      <class id="UBERON:0002087" label="atrioventricular canal"/>
      <span end="10464" id="16103912-14650" start="10442">atrioventricular-canal</span>
    </annotation>
    <annotation annotator="Michael Bada" id="UBERON_Instance_440132" type="identity">
      <class id="UBERON:0002094" label="interventricular septum"/>
      <span end="10488" id="16103912-15126" start="10470">ventricular septal</span>
    </annotation>
    <annotation annotator="Michael Bada" id="UBERON_Instance_440134" type="identity">
      <class id="UBERON:0009149" label="foramen primum"/>
      <span end="10511" id="16103912-15128" start="10498">ostium primum</span>
    </annotation>
    <annotation annotator="Michael Bada" id="UBERON_Instance_440136" type="identity">
      <class id="UBERON:0002085" label="interatrial septum"/>
      <span end="10525" id="16103912-15130" start="10512">atrial septal</span>
    </annotation>
    <annotation annotator="Michael Bada" id="UBERON_Instance_440138" type="identity">
      <class id="UBERON:0002081" label="cardiac atrium"/>
      <span end="10553" id="16103912-15132" start="10548">atria</span>
    </annotation>
    <annotation annotator="Michael Bada" id="UBERON_Instance_440140" type="identity">
      <class id="UBERON:0000948" label="heart"/>
      <span end="10620" id="16103912-15134" start="10613">cardiac</span>
    </annotation>
    <annotation annotator="Michael Bada" id="UBERON_Instance_450020" type="identity">
      <class id="UBERON:0000948" label="heart"/>
      <span end="10660" id="16103912-15257" start="10653">cardiac</span>
    </annotation>
    <annotation annotator="Michael Bada" id="UBERON_Instance_440142" type="identity">
      <class id="UBERON:0000948" label="heart"/>
      <span end="10869" id="16103912-15136" start="10862">cardiac</span>
    </annotation>
    <annotation annotator="Michael Bada" id="UBERON_Instance_430534" type="identity">
      <class id="UBERON:0002087" label="atrioventricular canal"/>
      <span end="10972" id="16103912-14652" start="10950">atrioventricular canal</span>
    </annotation>
    <annotation annotator="Michael Bada" id="UBERON_Instance_440144" type="identity">
      <class id="UBERON:0002349" label="myocardium"/>
      <span end="11000" id="16103912-15138" start="10990">myocardium</span>
    </annotation>
    <annotation annotator="Michael Bada" id="UBERON_Instance_470032" type="identity">
      <class id="UBERON:0005985" label="coronary vessel"/>
      <span end="11021" id="16103912-15291" start="11013">coronary</span>
    </annotation>
    <annotation annotator="Michael Bada" id="UBERON_Instance_470020" type="identity">
      <class id="UBERON:0002049" label="vasculature"/>
      <span end="11033" id="16103912-15285" start="11022">vasculature</span>
    </annotation>
    <annotation annotator="Michael Bada" id="UBERON_Instance_430182" type="identity">
      <class id="UBERON:0000922" label="embryo"/>
      <span end="11168" id="16103912-14630" start="11161">embryos</span>
    </annotation>
    <annotation annotator="Michael Bada" id="UBERON_Instance_430194" type="identity">
      <class id="UBERON:0000922" label="embryo"/>
      <span end="11733" id="16103912-14642" start="11724">embryonic</span>
    </annotation>
    <annotation annotator="Michael Bada" id="UBERON_Instance_430694" type="identity">
      <class id="UBERON:0002048" label="lung"/>
      <span end="12026" id="16103912-14788" start="12022">Lung</span>
    </annotation>
    <annotation annotator="Michael Bada" id="UBERON_Instance_430842" type="identity">
      <class id="UBERON:0001103" label="diaphragm"/>
      <span end="12040" id="16103912-14934" start="12031">Diaphragm</span>
    </annotation>
    <annotation annotator="Michael Bada" id="UBERON_Instance_430596" type="identity">
      <class id="UBERON:0002048" label="lung"/>
      <span end="12147" id="16103912-14690" start="12138">pulmonary</span>
    </annotation>
    <annotation annotator="Michael Bada" id="UBERON_Instance_430844" type="identity">
      <class id="UBERON:0001103" label="diaphragm"/>
      <span end="12165" id="16103912-14936" start="12152">diaphragmatic</span>
    </annotation>
    <annotation annotator="Michael Bada" id="UBERON_Instance_430598" type="identity">
      <class id="UBERON:0002048" label="lung"/>
      <span end="12192" id="16103912-14692" start="12183">pulmonary</span>
    </annotation>
    <annotation annotator="Michael Bada" id="UBERON_Instance_470034" type="identity">
      <class id="UBERON:0009912" label="anatomical lobe"/>
      <span end="12281" id="16103912-15293" start="12277">lobe</span>
    </annotation>
    <annotation annotator="Michael Bada" id="UBERON_Instance_470036" type="identity">
      <class id="UBERON:0009912" label="anatomical lobe"/>
      <span end="12320" id="16103912-15295" start="12316">lobe</span>
    </annotation>
    <annotation annotator="Michael Bada" id="UBERON_Instance_430846" type="identity">
      <class id="UBERON:0001103" label="diaphragm"/>
      <span end="12388" id="16103912-14938" start="12375">diaphragmatic</span>
    </annotation>
    <annotation annotator="Michael Bada" id="UBERON_Instance_430600" type="identity">
      <class id="UBERON:0002048" label="lung"/>
      <span end="12455" id="16103912-14694" start="12446">pulmonary</span>
    </annotation>
    <annotation annotator="Michael Bada" id="UBERON_Instance_430602" type="identity">
      <class id="UBERON:0004883" label="lung mesenchyme"/>
      <span end="12608" id="16103912-14696" start="12588">pulmonary mesenchyme</span>
    </annotation>
    <annotation annotator="Michael Bada" id="UBERON_Instance_430998" type="identity">
      <class id="UBERON:0001135" label="smooth muscle tissue"/>
      <span end="12713" id="16103912-15078" start="12699">smooth muscles</span>
    </annotation>
    <annotation annotator="Michael Bada" id="UBERON_Instance_440150" type="identity">
      <class id="UBERON:0001005" label="respiratory airway"/>
      <span end="12724" id="16103912-15140" start="12717">airways</span>
    </annotation>
    <annotation annotator="Michael Bada" id="UBERON_Instance_430604" type="identity">
      <class id="UBERON:0002048" label="lung"/>
      <span end="12738" id="16103912-14698" start="12729">pulmonary</span>
    </annotation>
    <annotation annotator="Michael Bada" id="UBERON_Instance_450024" type="identity">
      <class id="UBERON:0000055" label="vessel"/>
      <span end="12746" id="16103912-15259" start="12739">vessels</span>
    </annotation>
    <annotation annotator="Michael Bada" id="UBERON_Instance_430606" type="identity">
      <class id="UBERON:0002048" label="lung"/>
      <span end="12795" id="16103912-14700" start="12790">lungs</span>
    </annotation>
    <annotation annotator="Michael Bada" id="UBERON_Instance_430848" type="identity">
      <class id="UBERON:0001103" label="diaphragm"/>
      <span end="12866" id="16103912-14940" start="12853">diaphragmatic</span>
    </annotation>
    <annotation annotator="Michael Bada" id="UBERON_Instance_430608" type="identity">
      <class id="UBERON:0002048" label="lung"/>
      <span end="12923" id="16103912-14702" start="12914">pulmonary</span>
    </annotation>
    <annotation annotator="Michael Bada" id="UBERON_Instance_430850" type="identity">
      <class id="UBERON:0001103" label="diaphragm"/>
      <span end="12976" id="16103912-14942" start="12963">diaphragmatic</span>
    </annotation>
    <annotation annotator="Michael Bada" id="UBERON_Instance_430696" type="identity">
      <class id="UBERON:0002048" label="lung"/>
      <span end="13015" id="16103912-14790" start="13010">lungs</span>
    </annotation>
    <annotation annotator="Michael Bada" id="UBERON_Instance_430852" type="identity">
      <class id="UBERON:0001103" label="diaphragm"/>
      <span end="13112" id="16103912-14944" start="13099">diaphragmatic</span>
    </annotation>
    <annotation annotator="Michael Bada" id="UBERON_Instance_430698" type="identity">
      <class id="UBERON:0002048" label="lung"/>
      <span end="13257" id="16103912-14792" start="13252">Lungs</span>
    </annotation>
    <annotation annotator="Michael Bada" id="UBERON_Instance_430184" type="identity">
      <class id="UBERON:0000922" label="embryo"/>
      <span end="13295" id="16103912-14632" start="13288">embryos</span>
    </annotation>
    <annotation annotator="Michael Bada" id="UBERON_Instance_470038" type="identity">
      <class id="UBERON:0009912" label="anatomical lobe"/>
      <span end="13364" id="16103912-15297" start="13360">lobe</span>
    </annotation>
    <annotation annotator="Michael Bada" id="UBERON_Instance_430700" type="identity">
      <class id="UBERON:0002048" label="lung"/>
      <span end="13391" id="16103912-14794" start="13387">lung</span>
    </annotation>
    <annotation annotator="Michael Bada" id="UBERON_Instance_470040" type="identity">
      <class id="UBERON:0009912" label="anatomical lobe"/>
      <span end="13458" id="16103912-15299" start="13454">lobe</span>
    </annotation>
    <annotation annotator="Michael Bada" id="UBERON_Instance_430702" type="identity">
      <class id="UBERON:0002048" label="lung"/>
      <span end="13491" id="16103912-14796" start="13486">lungs</span>
    </annotation>
    <annotation annotator="Michael Bada" id="UBERON_Instance_430610" type="identity">
      <class id="UBERON:0002048" label="lung"/>
      <span end="13621" id="16103912-14704" start="13612">pulmonary</span>
    </annotation>
    <annotation annotator="Michael Bada" id="UBERON_Instance_450030" type="identity">
      <class id="UBERON:0009912" label="anatomical lobe"/>
      <span end="13708" id="16103912-15261" start="13703">lobes</span>
    </annotation>
    <annotation annotator="Michael Bada" id="UBERON_Instance_450032" type="identity">
      <class id="UBERON:0009912" label="anatomical lobe"/>
      <span end="13823" id="16103912-15263" start="13818">lobes</span>
    </annotation>
    <annotation annotator="Michael Bada" id="UBERON_Instance_440152" type="identity">
      <class id="UBERON:0009912" label="anatomical lobe"/>
      <span end="13905" id="16103912-15142" start="13900">lobar</span>
    </annotation>
    <annotation annotator="Michael Bada" id="UBERON_Instance_430186" type="identity">
      <class id="UBERON:0000922" label="embryo"/>
      <span end="13982" id="16103912-14634" start="13975">embryos</span>
    </annotation>
    <annotation annotator="Michael Bada" id="UBERON_Instance_440154" type="identity">
      <class id="UBERON:0009912" label="anatomical lobe"/>
      <span end="14015" id="16103912-15144" start="14010">lobar</span>
    </annotation>
    <annotation annotator="Michael Bada" id="UBERON_Instance_440156" type="identity">
      <class id="UBERON:0009912" label="anatomical lobe"/>
      <span end="14107" id="16103912-15146" start="14102">lobar</span>
    </annotation>
    <annotation annotator="Michael Bada" id="UBERON_Instance_430704" type="identity">
      <class id="UBERON:0002048" label="lung"/>
      <span end="14275" id="16103912-14798" start="14270">lungs</span>
    </annotation>
    <annotation annotator="Michael Bada" id="UBERON_Instance_440158" type="identity">
      <class id="UBERON:0003104" label="mesenchyme"/>
      <span end="14342" id="16103912-15148" start="14332">mesenchyme</span>
    </annotation>
    <annotation annotator="Michael Bada" id="UBERON_Instance_470042" type="identity">
      <class id="UBERON:0009912" label="anatomical lobe"/>
      <span end="14398" id="16103912-15301" start="14394">lobe</span>
    </annotation>
    <annotation annotator="Michael Bada" id="UBERON_Instance_440160" type="identity">
      <class id="UBERON:0009912" label="anatomical lobe"/>
      <span end="14423" id="16103912-15150" start="14418">lobes</span>
    </annotation>
    <annotation annotator="Michael Bada" id="UBERON_Instance_430612" type="identity">
      <class id="UBERON:0004883" label="lung mesenchyme"/>
      <span end="14545" id="16103912-14706" start="14525">pulmonary mesenchyme</span>
    </annotation>
    <annotation annotator="Michael Bada" id="UBERON_Instance_440162" type="identity">
      <class id="UBERON:0000479" label="tissue"/>
      <span end="14606" id="16103912-15152" start="14600">tissue</span>
    </annotation>
    <annotation annotator="Michael Bada" id="UBERON_Instance_430854" type="identity">
      <class id="UBERON:0001103" label="diaphragm"/>
      <span end="14628" id="16103912-14946" start="14618">Diaphragms</span>
    </annotation>
    <annotation annotator="Michael Bada" id="UBERON_Instance_440164" type="identity">
      <class id="UBERON_EXT:muscle_structure_or_tissue" label="muscle structure or tissue"/>
      <span end="14697" id="16103912-15154" start="14689">muscular</span>
    </annotation>
    <annotation annotator="Michael Bada" id="UBERON_Instance_430856" type="identity">
      <class id="UBERON:0001103" label="diaphragm"/>
      <span end="14765" id="16103912-14948" start="14756">diaphragm</span>
    </annotation>
    <annotation annotator="Michael Bada" id="UBERON_Instance_600117" type="identity">
      <class id="UBERON_EXT:cell_clump_or_cluster_or_group_or_mass_or_population" label="cell clump/cluster/group/mass/population"/>
      <span end="14807" id="16103912-15376" start="14794">population of</span>
      <span end="14830" id="16103912-15377" start="14825">cells</span>
    </annotation>
    <annotation annotator="Michael Bada" id="UBERON_Instance_431000" type="identity">
      <class id="UBERON_EXT:muscle_structure_or_tissue" label="muscle structure or tissue"/>
      <span end="14814" id="16103912-15080" start="14808">muscle</span>
    </annotation>
    <annotation annotator="Michael Bada" id="UBERON_Instance_440166" type="identity">
      <class id="UBERON:0002101" label="limb"/>
      <span end="14851" id="16103912-15156" start="14846">limbs</span>
    </annotation>
    <annotation annotator="Michael Bada" id="UBERON_Instance_440168" type="identity">
      <class id="UBERON_EXT:muscle_structure_or_tissue" label="muscle structure or tissue"/>
      <span end="14967" id="16103912-15158" start="14959">muscular</span>
    </annotation>
    <annotation annotator="Michael Bada" id="UBERON_Instance_430858" type="identity">
      <class id="UBERON:0001103" label="diaphragm"/>
      <span end="14978" id="16103912-14950" start="14968">diaphragms</span>
    </annotation>
    <annotation annotator="Michael Bada" id="UBERON_Instance_431002" type="identity">
      <class id="UBERON_EXT:muscle_structure_or_tissue" label="muscle structure or tissue"/>
      <span end="15102" id="16103912-15082" start="15096">muscle</span>
    </annotation>
    <annotation annotator="Michael Bada" id="UBERON_Instance_430860" type="identity">
      <class id="UBERON:0001103" label="diaphragm"/>
      <span end="15141" id="16103912-14952" start="15132">diaphragm</span>
    </annotation>
    <annotation annotator="Michael Bada" id="UBERON_Instance_440170" type="identity">
      <class id="UBERON:0001062" label="anatomical entity"/>
      <span end="15202" id="16103912-15160" start="15194">anatomic</span>
    </annotation>
    <annotation annotator="Michael Bada" id="UBERON_Instance_430150" type="identity">
      <class id="UBERON:0009133" label="pleuroperitoneal membrane"/>
      <span end="15313" id="16103912-14598" start="15291">pleuroperitoneal folds</span>
    </annotation>
    <annotation annotator="Michael Bada" id="UBERON_Instance_430152" type="identity">
      <class id="UBERON:0009133" label="pleuroperitoneal membrane"/>
      <span end="15319" id="16103912-14600" start="15315">PPFs</span>
    </annotation>
    <annotation annotator="Michael Bada" id="UBERON_Instance_470046" type="identity">
      <class id="UBERON_EXT:muscle_structure_or_tissue" label="muscle structure or tissue"/>
      <span end="15345" id="16103912-15303" start="15337">muscular</span>
    </annotation>
    <annotation annotator="Michael Bada" id="UBERON_Instance_430862" type="identity">
      <class id="UBERON:0001103" label="diaphragm"/>
      <span end="15356" id="16103912-14954" start="15346">diaphragms</span>
    </annotation>
    <annotation annotator="Michael Bada" id="UBERON_Instance_470048" type="identity">
      <class id="UBERON_EXT:muscle_structure_or_tissue" label="muscle structure or tissue"/>
      <span end="15416" id="16103912-15305" start="15408">muscular</span>
    </annotation>
    <annotation annotator="Michael Bada" id="UBERON_Instance_430864" type="identity">
      <class id="UBERON:0001103" label="diaphragm"/>
      <span end="15426" id="16103912-14956" start="15417">diaphragm</span>
    </annotation>
    <annotation annotator="Michael Bada" id="UBERON_Instance_430866" type="identity">
      <class id="UBERON:0001103" label="diaphragm"/>
      <span end="15482" id="16103912-14958" start="15473">diaphragm</span>
    </annotation>
    <annotation annotator="Michael Bada" id="UBERON_Instance_470050" type="identity">
      <class id="UBERON:0009133" label="pleuroperitoneal membrane"/>
      <span end="15646" id="16103912-15307" start="15642">PPFs</span>
    </annotation>
    <annotation annotator="Michael Bada" id="UBERON_Instance_430868" type="identity">
      <class id="UBERON:0001103" label="diaphragm"/>
      <span end="15824" id="16103912-14960" start="15815">diaphragm</span>
    </annotation>
    <annotation annotator="Michael Bada" id="UBERON_Instance_430870" type="identity">
      <class id="UBERON:0001103" label="diaphragm"/>
      <span end="15999" id="16103912-14962" start="15990">diaphragm</span>
    </annotation>
    <annotation annotator="Michael Bada" id="UBERON_Instance_431004" type="identity">
      <class id="UBERON_EXT:muscle_structure_or_tissue" label="muscle structure or tissue"/>
      <span end="16061" id="16103912-15084" start="16055">muscle</span>
    </annotation>
    <annotation annotator="Michael Bada" id="UBERON_Instance_470052" type="identity">
      <class id="UBERON:0009133" label="pleuroperitoneal membrane"/>
      <span end="16102" id="16103912-15309" start="16099">PPF</span>
    </annotation>
    <annotation annotator="Michael Bada" id="UBERON_Instance_430872" type="identity">
      <class id="UBERON:0001103" label="diaphragm"/>
      <span end="16120" id="16103912-14964" start="16111">diaphragm</span>
    </annotation>
    <annotation annotator="Michael Bada" id="UBERON_Instance_430874" type="identity">
      <class id="UBERON:0001103" label="diaphragm"/>
      <span end="16214" id="16103912-14966" start="16205">Diaphragm</span>
    </annotation>
    <annotation annotator="Michael Bada" id="UBERON_Instance_430706" type="identity">
      <class id="UBERON:0002048" label="lung"/>
      <span end="16223" id="16103912-14800" start="16219">Lung</span>
    </annotation>
    <annotation annotator="Michael Bada" id="UBERON_Instance_440176" type="identity">
      <class id="UBERON:0000479" label="tissue"/>
      <span end="16293" id="16103912-15162" start="16287">tissue</span>
    </annotation>
    <annotation annotator="Michael Bada" id="UBERON_Instance_470054" type="identity">
      <class id="NCBITaxon_UBERON_EXT:child" label="child"/>
      <span end="16325" id="16103912-15311" start="16317">children</span>
    </annotation>
    <annotation annotator="Michael Bada" id="UBERON_Instance_440178" type="identity">
      <class id="UBERON:0001062" label="anatomical entity"/>
      <span end="16342" id="16103912-15164" start="16334">anatomic</span>
    </annotation>
    <annotation annotator="Michael Bada" id="UBERON_Instance_430876" type="identity">
      <class id="UBERON:0001103" label="diaphragm"/>
      <span end="16369" id="16103912-14968" start="16356">diaphragmatic</span>
    </annotation>
    <annotation annotator="Michael Bada" id="UBERON_Instance_470056" type="identity">
      <class id="NCBITaxon_UBERON_EXT:child" label="child"/>
      <span end="16402" id="16103912-15313" start="16394">Children</span>
    </annotation>
    <annotation annotator="Michael Bada" id="UBERON_Instance_430878" type="identity">
      <class id="UBERON:0001103" label="diaphragm"/>
      <span end="16603" id="16103912-14970" start="16590">diaphragmatic</span>
    </annotation>
    <annotation annotator="Michael Bada" id="UBERON_Instance_430880" type="identity">
      <class id="UBERON:0001103" label="diaphragm"/>
      <span end="16643" id="16103912-14972" start="16630">diaphragmatic</span>
    </annotation>
    <annotation annotator="Michael Bada" id="UBERON_Instance_430614" type="identity">
      <class id="UBERON:0002048" label="lung"/>
      <span end="16801" id="16103912-14708" start="16792">Pulmonary</span>
    </annotation>
    <annotation annotator="Michael Bada" id="UBERON_Instance_430708" type="identity">
      <class id="UBERON:0002048" label="lung"/>
      <span end="16836" id="16103912-14802" start="16832">lung</span>
    </annotation>
    <annotation annotator="Michael Bada" id="UBERON_Instance_440180" type="identity">
      <class id="UBERON_EXT:body" label="body (proper or whole multicellular organism)"/>
      <span end="16841" id="16103912-15166" start="16837">body</span>
    </annotation>
    <annotation annotator="Michael Bada" id="UBERON_Instance_440182" type="identity">
      <class id="UBERON:0003215" label="alveolus"/>
      <span end="16874" id="16103912-15168" start="16866">alveolar</span>
    </annotation>
    <annotation annotator="Michael Bada" id="UBERON_Instance_430560" type="identity">
      <class id="NCBITaxon_UBERON_EXT:child" label="child"/>
      <span end="17036" id="16103912-14654" start="17031">child</span>
    </annotation>
    <annotation annotator="Michael Bada" id="UBERON_Instance_470058" type="identity">
      <class id="UBERON_EXT:baby_or_infant" label="baby"/>
      <span end="17128" id="16103912-15315" start="17124">baby</span>
    </annotation>
    <annotation annotator="Michael Bada" id="UBERON_Instance_260004" type="identity">
      <class id="NCBITaxon_UBERON_EXT:girl" label="girl"/>
      <span end="17133" id="16103912-14590" start="17129">girl</span>
    </annotation>
    <annotation annotator="Michael Bada" id="UBERON_Instance_430574" type="identity">
      <class id="UBERON:0001004" label="respiratory system"/>
      <span end="17166" id="16103912-14668" start="17155">respiratory</span>
    </annotation>
    <annotation annotator="Michael Bada" id="UBERON_Instance_430710" type="identity">
      <class id="UBERON:0002048" label="lung"/>
      <span end="17265" id="16103912-14804" start="17261">lung</span>
    </annotation>
    <annotation annotator="Michael Bada" id="UBERON_Instance_470060" type="identity">
      <class id="UBERON:0000160" label="intestine"/>
      <span end="17291" id="16103912-15317" start="17286">bowel</span>
    </annotation>
    <annotation annotator="Michael Bada" id="UBERON_Instance_440184" type="identity">
      <class id="UBERON:0001443" label="chest"/>
      <span end="17304" id="16103912-15170" start="17299">chest</span>
    </annotation>
    <annotation annotator="Michael Bada" id="UBERON_Instance_430616" type="identity">
      <class id="UBERON:0002048" label="lung"/>
      <span end="17411" id="16103912-14710" start="17402">pulmonary</span>
    </annotation>
    <annotation annotator="Michael Bada" id="UBERON_Instance_430712" type="identity">
      <class id="UBERON:0002048" label="lung"/>
      <span end="17437" id="16103912-14806" start="17433">lung</span>
    </annotation>
    <annotation annotator="Michael Bada" id="UBERON_Instance_440186" type="identity">
      <class id="UBERON_EXT:body" label="body (proper or whole multicellular organism)"/>
      <span end="17471" id="16103912-15172" start="17467">body</span>
    </annotation>
    <annotation annotator="Michael Bada" id="UBERON_Instance_470062" type="identity">
      <class id="UBERON:0002168" label="left lung"/>
      <span end="17546" id="16103912-15319" start="17537">left lung</span>
    </annotation>
    <annotation annotator="Michael Bada" id="UBERON_Instance_430716" type="identity">
      <class id="UBERON:0002048" label="lung"/>
      <span end="17556" id="16103912-14808" start="17552">lung</span>
    </annotation>
    <annotation annotator="Michael Bada" id="UBERON_Instance_440188" type="identity">
      <class id="UBERON_EXT:body" label="body (proper or whole multicellular organism)"/>
      <span end="17561" id="16103912-15174" start="17557">body</span>
    </annotation>
    <annotation annotator="Nicole Vasilevsky" id="UBERON+extensions+nested_Instance_10006" type="identity">
      <class id="UBERON_EXT:bronchiole_or_bronchus" label="bronchiole or bronchus"/>
      <span end="17651" id="16103912-14588" start="17642">bronchial</span>
    </annotation>
    <annotation annotator="Michael Bada" id="UBERON_Instance_440192" type="identity">
      <class id="UBERON:0003215" label="alveolus"/>
      <span end="17688" id="16103912-15176" start="17680">alveolar</span>
    </annotation>
    <annotation annotator="Michael Bada" id="UBERON_Instance_430718" type="identity">
      <class id="UBERON:0002048" label="lung"/>
      <span end="17750" id="16103912-14810" start="17746">lung</span>
    </annotation>
    <annotation annotator="Michael Bada" id="UBERON_Instance_430882" type="identity">
      <class id="UBERON:0001103" label="diaphragm"/>
      <span end="17803" id="16103912-14974" start="17790">diaphragmatic</span>
    </annotation>
    <annotation annotator="Michael Bada" id="UBERON_Instance_470064" type="identity">
      <class id="UBERON:0000211" label="ligament"/>
      <span end="17888" id="16103912-15321" start="17877">ligamentous</span>
    </annotation>
    <annotation annotator="Michael Bada" id="UBERON_Instance_430884" type="identity">
      <class id="UBERON:0001103" label="diaphragm"/>
      <span end="17919" id="16103912-14976" start="17906">diaphragmatic</span>
    </annotation>
    <annotation annotator="Michael Bada" id="UBERON_Instance_440194" type="identity">
      <class id="UBERON:0001115" label="left lobe of liver"/>
      <span end="17955" id="16103912-15178" start="17943">left lobe of</span>
      <span end="17965" id="16103912-15179" start="17960">liver</span>
    </annotation>
    <annotation annotator="Michael Bada" id="UBERON_Instance_440196" type="identity">
      <class id="UBERON:0002107" label="liver"/>
      <span end="18002" id="16103912-15181" start="17997">liver</span>
    </annotation>
    <annotation annotator="Michael Bada" id="UBERON_Instance_430886" type="identity">
      <class id="UBERON:0001103" label="diaphragm"/>
      <span end="18052" id="16103912-14978" start="18043">diaphragm</span>
    </annotation>
    <annotation annotator="Michael Bada" id="UBERON_Instance_440198" type="identity">
      <class id="UBERON:0000948" label="heart"/>
      <span end="18173" id="16103912-15183" start="18168">heart</span>
    </annotation>
    <annotation annotator="Michael Bada" id="UBERON_Instance_440200" type="identity">
      <class id="UBERON:0003978" label="valve"/>
      <span end="18235" id="16103912-15185" start="18230">valve</span>
    </annotation>
    <annotation annotator="Michael Bada" id="UBERON_Instance_430528" type="identity">
      <class id="UBERON:0007023" label="adult organism"/>
      <span end="18574" id="16103912-14646" start="18568">adults</span>
    </annotation>
    <annotation annotator="Michael Bada" id="UBERON_Instance_430888" type="identity">
      <class id="UBERON:0001103" label="diaphragm"/>
      <span end="18898" id="16103912-14980" start="18885">diaphragmatic</span>
    </annotation>
    <annotation annotator="Michael Bada" id="UBERON_Instance_431020" type="identity">
      <class id="UBERON:0012101" label="perinatal stage"/>
      <span end="19023" id="16103912-15100" start="19007">perinatal period</span>
    </annotation>
    <annotation annotator="Michael Bada" id="UBERON_Instance_430890" type="identity">
      <class id="UBERON:0001103" label="diaphragm"/>
      <span end="19063" id="16103912-14982" start="19050">diaphragmatic</span>
    </annotation>
    <annotation annotator="Michael Bada" id="UBERON_Instance_430892" type="identity">
      <class id="UBERON:0001103" label="diaphragm"/>
      <span end="19405" id="16103912-14984" start="19396">diaphragm</span>
    </annotation>
    <annotation annotator="Michael Bada" id="UBERON_Instance_440202" type="identity">
      <class id="UBERON:0001443" label="chest"/>
      <span end="19513" id="16103912-15187" start="19508">chest</span>
    </annotation>
    <annotation annotator="Michael Bada" id="UBERON_Instance_430894" type="identity">
      <class id="UBERON:0001103" label="diaphragm"/>
      <span end="19554" id="16103912-14986" start="19541">diaphragmatic</span>
    </annotation>
    <annotation annotator="Michael Bada" id="UBERON_Instance_430980" type="identity">
      <class id="PATO_UBERON_EXT:neonate_or_newborn" label="neonatal/newborn organism"/>
      <span end="19726" id="16103912-15062" start="19718">neonatal</span>
    </annotation>
    <annotation annotator="Michael Bada" id="UBERON_Instance_390000" type="identity">
      <class id="UBERON:0000916" label="abdomen"/>
      <span end="19951" id="16103912-14596" start="19942">abdominal</span>
    </annotation>
    <annotation annotator="Michael Bada" id="UBERON_Instance_430618" type="identity">
      <class id="UBERON:0002048" label="lung"/>
      <span end="19991" id="16103912-14712" start="19982">pulmonary</span>
    </annotation>
    <annotation annotator="Michael Bada" id="UBERON_Instance_430576" type="identity">
      <class id="UBERON:0001004" label="respiratory system"/>
      <span end="20018" id="16103912-14670" start="20007">respiratory</span>
    </annotation>
    <annotation annotator="Michael Bada" id="UBERON_Instance_430896" type="identity">
      <class id="UBERON:0001103" label="diaphragm"/>
      <span end="20133" id="16103912-14988" start="20124">diaphragm</span>
    </annotation>
    <annotation annotator="Michael Bada" id="UBERON_Instance_430898" type="identity">
      <class id="UBERON:0001103" label="diaphragm"/>
      <span end="20244" id="16103912-14990" start="20235">diaphragm</span>
    </annotation>
    <annotation annotator="Michael Bada" id="UBERON_Instance_430620" type="identity">
      <class id="UBERON:0002048" label="lung"/>
      <span end="20842" id="16103912-14714" start="20833">pulmonary</span>
    </annotation>
    <annotation annotator="Michael Bada" id="UBERON_Instance_430900" type="identity">
      <class id="UBERON:0001103" label="diaphragm"/>
      <span end="20860" id="16103912-14992" start="20847">diaphragmatic</span>
    </annotation>
    <annotation annotator="Michael Bada" id="UBERON_Instance_430902" type="identity">
      <class id="UBERON:0001103" label="diaphragm"/>
      <span end="21010" id="16103912-14994" start="20997">diaphragmatic</span>
    </annotation>
    <annotation annotator="Michael Bada" id="UBERON_Instance_430622" type="identity">
      <class id="UBERON:0002048" label="lung"/>
      <span end="21024" id="16103912-14716" start="21015">pulmonary</span>
    </annotation>
    <annotation annotator="Michael Bada" id="UBERON_Instance_430562" type="identity">
      <class id="NCBITaxon_UBERON_EXT:child" label="child"/>
      <span end="21066" id="16103912-14656" start="21061">child</span>
    </annotation>
    <annotation annotator="Michael Bada" id="UBERON_Instance_430904" type="identity">
      <class id="UBERON:0001103" label="diaphragm"/>
      <span end="21341" id="16103912-14996" start="21328">diaphragmatic</span>
    </annotation>
    <annotation annotator="Michael Bada" id="UBERON_Instance_431006" type="identity">
      <class id="UBERON_EXT:muscle_structure_or_tissue" label="muscle structure or tissue"/>
      <span end="21456" id="16103912-15086" start="21450">Muscle</span>
    </annotation>
    <annotation annotator="Michael Bada" id="UBERON_Instance_430906" type="identity">
      <class id="UBERON:0001103" label="diaphragm"/>
      <span end="21502" id="16103912-14998" start="21493">diaphragm</span>
    </annotation>
    <annotation annotator="Michael Bada" id="UBERON_Instance_470070" type="identity">
      <class id="UBERON:0004290" label="dermomyotome"/>
      <span end="21540" id="16103912-15323" start="21528">dermomyotome</span>
    </annotation>
    <annotation annotator="Michael Bada" id="UBERON_Instance_430972" type="identity">
      <class id="UBERON:0005434" label="cervical region"/>
      <span end="21552" id="16103912-15060" start="21544">cervical</span>
    </annotation>
    <annotation annotator="Michael Bada" id="UBERON_Instance_470072" type="identity">
      <class id="UBERON:0002329" label="somite"/>
      <span end="21560" id="16103912-15325" start="21553">somites</span>
    </annotation>
    <annotation annotator="Michael Bada" id="UBERON_Instance_430908" type="identity">
      <class id="UBERON:0001103" label="diaphragm"/>
      <span end="21599" id="16103912-15000" start="21590">diaphragm</span>
    </annotation>
    <annotation annotator="Michael Bada" id="UBERON_Instance_420002" type="identity">
      <class id="UBERON:0009133" label="pleuroperitoneal membrane"/>
      <span end="21622" id="16103912-15102" start="21619">PPF</span>
    </annotation>
    <annotation annotator="Michael Bada" id="UBERON_Instance_440204" type="identity">
      <class id="UBERON:0000479" label="tissue"/>
      <span end="21645" id="16103912-15189" start="21639">tissue</span>
    </annotation>
    <annotation annotator="Michael Bada" id="UBERON_Instance_430992" type="identity">
      <class id="UBERON:0000309" label="body wall"/>
      <span end="21693" id="16103912-15072" start="21684">body wall</span>
    </annotation>
    <annotation annotator="Michael Bada" id="UBERON_Instance_440208" type="identity">
      <class id="UBERON:0003283" label="mesentery of oesophagus"/>
      <span end="21721" id="16103912-15191" start="21701">esophageal mesentery</span>
    </annotation>
    <annotation annotator="Michael Bada" id="UBERON_Instance_440210" type="identity">
      <class id="UBERON:0004161" label="septum transversum"/>
      <span end="21769" id="16103912-15193" start="21751">septum transversum</span>
    </annotation>
    <annotation annotator="Michael Bada" id="UBERON_Instance_431008" type="identity">
      <class id="UBERON_EXT:muscle_structure_or_tissue" label="muscle structure or tissue"/>
      <span end="21782" id="16103912-15088" start="21776">Muscle</span>
    </annotation>
    <annotation annotator="Michael Bada" id="UBERON_Instance_380000" type="identity">
      <class id="UBERON:0009133" label="pleuroperitoneal membrane"/>
      <span end="21807" id="16103912-14594" start="21804">PPF</span>
    </annotation>
    <annotation annotator="Michael Bada" id="UBERON_Instance_470074" type="identity">
      <class id="UBERON:0002228" label="rib"/>
      <span end="21902" id="16103912-15327" start="21896">costal</span>
    </annotation>
    <annotation annotator="Michael Bada" id="UBERON_Instance_470078" type="identity">
      <class id="UBERON:0000975" label="sternum"/>
      <span end="21911" id="16103912-15331" start="21904">sternal</span>
    </annotation>
    <annotation annotator="Michael Bada" id="UBERON_Instance_470076" type="identity">
      <class id="UBERON:0002228" label="rib"/>
      <span end="21918" id="16103912-15329" start="21912">costal</span>
    </annotation>
    <annotation annotator="Michael Bada" id="UBERON_Instance_470080" type="identity">
      <class id="UBERON:0000978" label="leg"/>
      <span end="21930" id="16103912-15333" start="21924">crural</span>
    </annotation>
    <annotation annotator="Michael Bada" id="UBERON_Instance_430910" type="identity">
      <class id="UBERON:0001103" label="diaphragm"/>
      <span end="21966" id="16103912-15002" start="21957">diaphragm</span>
    </annotation>
    <annotation annotator="Michael Bada" id="UBERON_Instance_470082" type="identity">
      <class id="UBERON:0009133" label="pleuroperitoneal membrane"/>
      <span end="21989" id="16103912-15335" start="21986">PPF</span>
    </annotation>
    <annotation annotator="Michael Bada" id="UBERON_Instance_430912" type="identity">
      <class id="UBERON:0001103" label="diaphragm"/>
      <span end="22063" id="16103912-15004" start="22054">diaphragm</span>
    </annotation>
    <annotation annotator="Michael Bada" id="UBERON_Instance_431010" type="identity">
      <class id="UBERON_EXT:muscle_structure_or_tissue" label="muscle structure or tissue"/>
      <span end="22187" id="16103912-15090" start="22181">muscle</span>
    </annotation>
    <annotation annotator="Michael Bada" id="UBERON_Instance_430914" type="identity">
      <class id="UBERON:0001103" label="diaphragm"/>
      <span end="22241" id="16103912-15006" start="22232">diaphragm</span>
    </annotation>
    <annotation annotator="Michael Bada" id="UBERON_Instance_431012" type="identity">
      <class id="UBERON_EXT:muscle_structure_or_tissue" label="muscle structure or tissue"/>
      <span end="22303" id="16103912-15092" start="22297">muscle</span>
    </annotation>
    <annotation annotator="Michael Bada" id="UBERON_Instance_430916" type="identity">
      <class id="UBERON:0001103" label="diaphragm"/>
      <span end="22346" id="16103912-15008" start="22337">diaphragm</span>
    </annotation>
    <annotation annotator="Michael Bada" id="UBERON_Instance_470084" type="identity">
      <class id="UBERON:0009133" label="pleuroperitoneal membrane"/>
      <span end="22404" id="16103912-15337" start="22401">PPF</span>
    </annotation>
    <annotation annotator="Michael Bada" id="UBERON_Instance_431014" type="identity">
      <class id="UBERON_EXT:muscle_structure_or_tissue" label="muscle structure or tissue"/>
      <span end="22473" id="16103912-15094" start="22467">muscle</span>
    </annotation>
    <annotation annotator="Michael Bada" id="UBERON_Instance_470086" type="identity">
      <class id="UBERON:0009133" label="pleuroperitoneal membrane"/>
      <span end="22560" id="16103912-15339" start="22557">PPF</span>
    </annotation>
    <annotation annotator="Michael Bada" id="UBERON_Instance_431016" type="identity">
      <class id="UBERON_EXT:muscle_structure_or_tissue" label="muscle structure or tissue"/>
      <span end="22592" id="16103912-15096" start="22586">muscle</span>
    </annotation>
    <annotation annotator="Michael Bada" id="UBERON_Instance_430002" type="identity">
      <class id="UBERON:0009133" label="pleuroperitoneal membrane"/>
      <span end="22633" id="16103912-15249" start="22630">PPF</span>
    </annotation>
    <annotation annotator="Michael Bada" id="UBERON_Instance_430918" type="identity">
      <class id="UBERON:0001103" label="diaphragm"/>
      <span end="22662" id="16103912-15010" start="22653">diaphragm</span>
    </annotation>
    <annotation annotator="Michael Bada" id="UBERON_Instance_440212" type="identity">
      <class id="UBERON:0000948" label="heart"/>
      <span end="22860" id="16103912-15195" start="22853">cardiac</span>
    </annotation>
    <annotation annotator="Michael Bada" id="UBERON_Instance_440214" type="identity">
      <class id="UBERON:0000991" label="gonad"/>
      <span end="22872" id="16103912-15197" start="22865">gonadal</span>
    </annotation>
    <annotation annotator="Michael Bada" id="UBERON_Instance_430720" type="identity">
      <class id="UBERON:0002048" label="lung"/>
      <span end="22921" id="16103912-14812" start="22917">lung</span>
    </annotation>
    <annotation annotator="Michael Bada" id="UBERON_Instance_430920" type="identity">
      <class id="UBERON:0001103" label="diaphragm"/>
      <span end="22935" id="16103912-15012" start="22926">diaphragm</span>
    </annotation>
    <annotation annotator="Michael Bada" id="UBERON_Instance_430624" type="identity">
      <class id="UBERON:0002048" label="lung"/>
      <span end="22992" id="16103912-14718" start="22983">pulmonary</span>
    </annotation>
    <annotation annotator="Michael Bada" id="UBERON_Instance_430922" type="identity">
      <class id="UBERON:0001103" label="diaphragm"/>
      <span end="23075" id="16103912-15014" start="23066">diaphragm</span>
    </annotation>
    <annotation annotator="Michael Bada" id="UBERON_Instance_430626" type="identity">
      <class id="UBERON:0002048" label="lung"/>
      <span end="23093" id="16103912-14720" start="23084">Pulmonary</span>
    </annotation>
    <annotation annotator="Michael Bada" id="UBERON_Instance_430924" type="identity">
      <class id="UBERON:0001103" label="diaphragm"/>
      <span end="23146" id="16103912-15016" start="23133">diaphragmatic</span>
    </annotation>
    <annotation annotator="Michael Bada" id="UBERON_Instance_440216" type="identity">
      <class id="UBERON:0001062" label="anatomical entity"/>
      <span end="23154" id="16103912-15199" start="23147">anatomy</span>
    </annotation>
    <annotation annotator="Michael Bada" id="UBERON_Instance_430926" type="identity">
      <class id="UBERON:0001103" label="diaphragm"/>
      <span end="23252" id="16103912-15018" start="23239">diaphragmatic</span>
    </annotation>
    <annotation annotator="Michael Bada" id="UBERON_Instance_440218" type="identity">
      <class id="UBERON:0001884" label="phrenic nerve"/>
      <span end="23320" id="16103912-15201" start="23307">phrenic nerve</span>
    </annotation>
    <annotation annotator="Michael Bada" id="UBERON_Instance_430628" type="identity">
      <class id="UBERON:0002048" label="lung"/>
      <span end="23491" id="16103912-14722" start="23482">pulmonary</span>
    </annotation>
    <annotation annotator="Michael Bada" id="UBERON_Instance_430928" type="identity">
      <class id="UBERON:0001103" label="diaphragm"/>
      <span end="23571" id="16103912-15020" start="23558">diaphragmatic</span>
    </annotation>
    <annotation annotator="Michael Bada" id="UBERON_Instance_450034" type="identity">
      <class id="UBERON:0009912" label="anatomical lobe"/>
      <span end="23764" id="16103912-15265" start="23759">lobar</span>
    </annotation>
    <annotation annotator="Michael Bada" id="UBERON_Instance_430630" type="identity">
      <class id="UBERON:0002048" label="lung"/>
      <span end="23904" id="16103912-14724" start="23895">pulmonary</span>
    </annotation>
    <annotation annotator="Michael Bada" id="UBERON_Instance_430722" type="identity">
      <class id="UBERON:0002048" label="lung"/>
      <span end="24012" id="16103912-14814" start="24008">lung</span>
    </annotation>
    <annotation annotator="Michael Bada" id="UBERON_Instance_470088" type="identity">
      <class id="UBERON:0009912" label="anatomical lobe"/>
      <span end="24076" id="16103912-15341" start="24072">lobe</span>
    </annotation>
    <annotation annotator="Michael Bada" id="UBERON_Instance_470090" type="identity">
      <class id="UBERON:0009912" label="anatomical lobe"/>
      <span end="24118" id="16103912-15343" start="24114">lobe</span>
    </annotation>
    <annotation annotator="Michael Bada" id="UBERON_Instance_440222" type="identity">
      <class id="UBERON:0009912" label="anatomical lobe"/>
      <span end="24138" id="16103912-15203" start="24133">lobar</span>
    </annotation>
    <annotation annotator="Michael Bada" id="UBERON_Instance_440224" type="identity">
      <class id="UBERON:0009912" label="anatomical lobe"/>
      <span end="24213" id="16103912-15205" start="24208">lobar</span>
    </annotation>
    <annotation annotator="Michael Bada" id="UBERON_Instance_430632" type="identity">
      <class id="UBERON:0004883" label="lung mesenchyme"/>
      <span end="24283" id="16103912-14726" start="24263">pulmonary mesenchyme</span>
    </annotation>
    <annotation annotator="Michael Bada" id="UBERON_Instance_440226" type="identity">
      <class id="UBERON:0009912" label="anatomical lobe"/>
      <span end="24295" id="16103912-15207" start="24290">lobar</span>
    </annotation>
    <annotation annotator="Michael Bada" id="UBERON_Instance_440228" type="identity">
      <class id="UBERON:0003104" label="mesenchyme"/>
      <span end="24381" id="16103912-15209" start="24371">mesenchyme</span>
    </annotation>
    <annotation annotator="Michael Bada" id="UBERON_Instance_470092" type="identity">
      <class id="UBERON:0009912" label="anatomical lobe"/>
      <span end="24415" id="16103912-15345" start="24411">lobe</span>
    </annotation>
    <annotation annotator="Michael Bada" id="UBERON_Instance_440232" type="identity">
      <class id="UBERON:0009912" label="anatomical lobe"/>
      <span end="24449" id="16103912-15211" start="24444">lobes</span>
    </annotation>
    <annotation annotator="Michael Bada" id="UBERON_Instance_470096" type="identity">
      <class id="UBERON:0009912" label="anatomical lobe"/>
      <span end="24503" id="16103912-15347" start="24499">lobe</span>
    </annotation>
    <annotation annotator="Michael Bada" id="UBERON_Instance_470098" type="identity">
      <class id="UBERON:0009912" label="anatomical lobe"/>
      <span end="24522" id="16103912-15349" start="24518">lobe</span>
    </annotation>
    <annotation annotator="Michael Bada" id="UBERON_Instance_440236" type="identity">
      <class id="UBERON:0009912" label="anatomical lobe"/>
      <span end="24614" id="16103912-15213" start="24609">lobes</span>
    </annotation>
    <annotation annotator="Michael Bada" id="UBERON_Instance_430724" type="identity">
      <class id="UBERON:0002048" label="lung"/>
      <span end="24705" id="16103912-14816" start="24700">lungs</span>
    </annotation>
    <annotation annotator="Michael Bada" id="UBERON_Instance_430726" type="identity">
      <class id="UBERON:0002048" label="lung"/>
      <span end="24807" id="16103912-14818" start="24802">lungs</span>
    </annotation>
    <annotation annotator="Michael Bada" id="UBERON_Instance_440238" type="identity">
      <class id="UBERON:0009912" label="anatomical lobe"/>
      <span end="24873" id="16103912-15215" start="24868">lobes</span>
    </annotation>
    <annotation annotator="Michael Bada" id="UBERON_Instance_430728" type="identity">
      <class id="UBERON:0002048" label="lung"/>
      <span end="24928" id="16103912-14820" start="24923">lungs</span>
    </annotation>
    <annotation annotator="Michael Bada" id="UBERON_Instance_430930" type="identity">
      <class id="UBERON:0001103" label="diaphragm"/>
      <span end="25059" id="16103912-15022" start="25046">diaphragmatic</span>
    </annotation>
    <annotation annotator="Michael Bada" id="UBERON_Instance_430634" type="identity">
      <class id="UBERON:0002048" label="lung"/>
      <span end="25097" id="16103912-14728" start="25088">pulmonary</span>
    </annotation>
    <annotation annotator="Michael Bada" id="UBERON_Instance_430730" type="identity">
      <class id="UBERON:0002048" label="lung"/>
      <span end="25208" id="16103912-14822" start="25204">lung</span>
    </annotation>
    <annotation annotator="Michael Bada" id="UBERON_Instance_430932" type="identity">
      <class id="UBERON:0001103" label="diaphragm"/>
      <span end="25222" id="16103912-15024" start="25213">diaphragm</span>
    </annotation>
    <annotation annotator="Michael Bada" id="UBERON_Instance_430564" type="identity">
      <class id="NCBITaxon_UBERON_EXT:child" label="child"/>
      <span end="25245" id="16103912-14658" start="25240">child</span>
    </annotation>
    <annotation annotator="Michael Bada" id="UBERON_Instance_430934" type="identity">
      <class id="UBERON:0001103" label="diaphragm"/>
      <span end="25377" id="16103912-15026" start="25368">diaphragm</span>
    </annotation>
    <annotation annotator="Michael Bada" id="UBERON_Instance_430732" type="identity">
      <class id="UBERON:0002048" label="lung"/>
      <span end="25386" id="16103912-14824" start="25382">lung</span>
    </annotation>
    <annotation annotator="Michael Bada" id="UBERON_Instance_470100" type="identity">
      <class id="NCBITaxon_UBERON_EXT:child" label="child"/>
      <span end="25755" id="16103912-15351" start="25747">Children</span>
    </annotation>
    <annotation annotator="Michael Bada" id="UBERON_Instance_430158" type="identity">
      <class id="UBERON:0000922" label="embryo"/>
      <span end="26383" id="16103912-14606" start="26376">embryos</span>
    </annotation>
    <annotation annotator="Michael Bada" id="UBERON_Instance_430160" type="identity">
      <class id="UBERON:0000922" label="embryo"/>
      <span end="26392" id="16103912-14608" start="26385">Embryos</span>
    </annotation>
    <annotation annotator="Michael Bada" id="UBERON_Instance_430162" type="identity">
      <class id="UBERON:0000922" label="embryo"/>
      <span end="26479" id="16103912-14610" start="26472">embryos</span>
    </annotation>
    <annotation annotator="Michael Bada" id="UBERON_Instance_430936" type="identity">
      <class id="UBERON:0001103" label="diaphragm"/>
      <span end="26556" id="16103912-15028" start="26547">diaphragm</span>
    </annotation>
    <annotation annotator="Michael Bada" id="UBERON_Instance_430734" type="identity">
      <class id="UBERON:0002048" label="lung"/>
      <span end="26563" id="16103912-14826" start="26558">lungs</span>
    </annotation>
    <annotation annotator="Michael Bada" id="UBERON_Instance_440240" type="identity">
      <class id="UBERON:0000948" label="heart"/>
      <span end="26574" id="16103912-15217" start="26569">heart</span>
    </annotation>
    <annotation annotator="Michael Bada" id="UBERON_Instance_430736" type="identity">
      <class id="UBERON:0002048" label="lung"/>
      <span end="26599" id="16103912-14828" start="26594">lungs</span>
    </annotation>
    <annotation annotator="Michael Bada" id="UBERON_Instance_440242" type="identity">
      <class id="UBERON:0007196" label="tracheobronchial tree"/>
      <span end="26625" id="16103912-15219" start="26604">tracheobronchial tree</span>
    </annotation>
    <annotation annotator="Michael Bada" id="UBERON_Instance_430938" type="identity">
      <class id="UBERON:0001103" label="diaphragm"/>
      <span end="26668" id="16103912-15030" start="26658">diaphragms</span>
    </annotation>
    <annotation annotator="Michael Bada" id="UBERON_Instance_440244" type="identity">
      <class id="UBERON:0000915" label="thoracic segment of trunk"/>
      <span end="26702" id="16103912-15221" start="26694">thoracic</span>
    </annotation>
    <annotation annotator="Michael Bada" id="UBERON_Instance_440246" type="identity">
      <class id="UBERON:0000479" label="tissue"/>
      <span end="26709" id="16103912-15223" start="26703">tissue</span>
    </annotation>
    <annotation annotator="Michael Bada" id="UBERON_Instance_430164" type="identity">
      <class id="UBERON:0000922" label="embryo"/>
      <span end="26738" id="16103912-14612" start="26731">embryos</span>
    </annotation>
    <annotation annotator="Michael Bada" id="UBERON_Instance_430738" type="identity">
      <class id="UBERON:0002048" label="lung"/>
      <span end="26748" id="16103912-14830" start="26744">lung</span>
    </annotation>
    <annotation annotator="Michael Bada" id="UBERON_Instance_430740" type="identity">
      <class id="UBERON:0002048" label="lung"/>
      <span end="26771" id="16103912-14832" start="26766">lungs</span>
    </annotation>
    <annotation annotator="Michael Bada" id="UBERON_Instance_430166" type="identity">
      <class id="UBERON:0000922" label="embryo"/>
      <span end="26805" id="16103912-14614" start="26798">embryos</span>
    </annotation>
    <annotation annotator="Michael Bada" id="UBERON_Instance_430524" type="identity">
      <class id="UBERON:0001977" label="serum"/>
      <span end="27072" id="16103912-14644" start="27067">serum</span>
    </annotation>
    <annotation annotator="Michael Bada" id="UBERON_Instance_430742" type="identity">
      <class id="UBERON:0002048" label="lung"/>
      <span end="27183" id="16103912-14834" start="27179">Lung</span>
    </annotation>
    <annotation annotator="Michael Bada" id="UBERON_Instance_440248" type="identity">
      <class id="UBERON:0000358" label="blastocyst"/>
      <span end="27995" id="16103912-15225" start="27984">blastocysts</span>
    </annotation>
    <annotation annotator="Michael Bada" id="UBERON_Instance_440250" type="identity">
      <class id="UBERON:0000922" label="embryo"/>
      <span end="28118" id="16103912-15227" start="28109">embryonic</span>
    </annotation>
    <annotation annotator="Michael Bada" id="UBERON_Instance_430744" type="identity">
      <class id="UBERON:0002048" label="lung"/>
      <span end="28124" id="16103912-14836" start="28119">lungs</span>
    </annotation>
    <annotation annotator="Michael Bada" id="UBERON_Instance_440252" type="identity">
      <class id="UBERON:0000915" label="thoracic segment of trunk"/>
      <span end="28316" id="16103912-15229" start="28308">thoracic</span>
    </annotation>
    <annotation annotator="Michael Bada" id="UBERON_Instance_440254" type="identity">
      <class id="UBERON:0005291" label="embryonic tissue"/>
      <span end="28333" id="16103912-15231" start="28317">embryonic tissue</span>
    </annotation>
    <annotation annotator="Michael Bada" id="UBERON_Instance_440256" type="identity">
      <class id="UBERON:0000479" label="tissue"/>
      <span end="29154" id="16103912-15233" start="29148">tissue</span>
    </annotation>
    <annotation annotator="Michael Bada" id="UBERON_Instance_440258" type="identity">
      <class id="UBERON:0000479" label="tissue"/>
      <span end="29426" id="16103912-15235" start="29419">tissues</span>
    </annotation>
    <annotation annotator="Michael Bada" id="UBERON_Instance_450040" type="identity">
      <class id="UBERON:0000178" label="blood"/>
      <span end="29810" id="16103912-15267" start="29805">blood</span>
    </annotation>
    <annotation annotator="Michael Bada" id="UBERON_Instance_450042" type="identity">
      <class id="UBERON:0000178" label="blood"/>
      <span end="29841" id="16103912-15269" start="29836">blood</span>
    </annotation>
    <annotation annotator="Michael Bada" id="UBERON_Instance_470102" type="identity">
      <class id="UBERON_EXT:baby_or_infant" label="baby"/>
      <span end="30558" id="16103912-15353" start="30554">Baby</span>
    </annotation>
    <annotation annotator="Michael Bada" id="UBERON_Instance_430940" type="identity">
      <class id="UBERON:0001103" label="diaphragm"/>
      <span end="30676" id="16103912-15032" start="30663">diaphragmatic</span>
    </annotation>
    <annotation annotator="Michael Bada" id="UBERON_Instance_430746" type="identity">
      <class id="UBERON:0002048" label="lung"/>
      <span end="30685" id="16103912-14838" start="30681">lung</span>
    </annotation>
    <annotation annotator="Michael Bada" id="UBERON_Instance_430566" type="identity">
      <class id="NCBITaxon_UBERON_EXT:child" label="child"/>
      <span end="30746" id="16103912-14660" start="30741">Child</span>
    </annotation>
    <annotation annotator="Michael Bada" id="UBERON_Instance_430942" type="identity">
      <class id="UBERON:0001103" label="diaphragm"/>
      <span end="31152" id="16103912-15034" start="31139">diaphragmatic</span>
    </annotation>
    <annotation annotator="Michael Bada" id="UBERON_Instance_440260" type="identity">
      <class id="UBERON:0000922" label="embryo"/>
      <span end="31182" id="16103912-15237" start="31173">embryonic</span>
    </annotation>
    <annotation annotator="Michael Bada" id="UBERON_Instance_430748" type="identity">
      <class id="UBERON:0002048" label="lung"/>
      <span end="31290" id="16103912-14840" start="31286">lung</span>
    </annotation>
    <annotation annotator="Michael Bada" id="UBERON_Instance_430156" type="identity">
      <class id="UBERON:0009133" label="pleuroperitoneal membrane"/>
      <span end="31295" id="16103912-14604" start="31292">PPF</span>
    </annotation>
    <annotation annotator="Michael Bada" id="UBERON_Instance_430154" type="identity">
      <class id="UBERON:0009133" label="pleuroperitoneal membrane"/>
      <span end="31319" id="16103912-14602" start="31298">pleuroperitoneal fold</span>
    </annotation>
    <annotation annotator="Michael Bada" id="UBERON_Instance_430636" type="identity">
      <class id="UBERON:0002048" label="lung"/>
      <span end="31358" id="16103912-14730" start="31349">Pulmonary</span>
    </annotation>
    <annotation annotator="Michael Bada" id="UBERON_Instance_430944" type="identity">
      <class id="UBERON:0001103" label="diaphragm"/>
      <span end="31376" id="16103912-15036" start="31363">Diaphragmatic</span>
    </annotation>
    <annotation annotator="Michael Bada" id="UBERON_Instance_430750" type="identity">
      <class id="UBERON:0002048" label="lung"/>
      <span end="31438" id="16103912-14842" start="31434">lung</span>
    </annotation>
    <annotation annotator="Michael Bada" id="UBERON_Instance_470104" type="identity">
      <class id="UBERON:0009912" label="anatomical lobe"/>
      <span end="31490" id="16103912-15355" start="31486">lobe</span>
    </annotation>
    <annotation annotator="Michael Bada" id="UBERON_Instance_470106" type="identity">
      <class id="UBERON:0009912" label="anatomical lobe"/>
      <span end="31540" id="16103912-15357" start="31536">lobe</span>
    </annotation>
    <annotation annotator="Michael Bada" id="UBERON_Instance_430946" type="identity">
      <class id="UBERON:0001103" label="diaphragm"/>
      <span end="31618" id="16103912-15038" start="31608">diaphragms</span>
    </annotation>
    <annotation annotator="Michael Bada" id="UBERON_Instance_430948" type="identity">
      <class id="UBERON:0001103" label="diaphragm"/>
      <span end="31737" id="16103912-15040" start="31728">diaphragm</span>
    </annotation>
    <annotation annotator="Michael Bada" id="UBERON_Instance_430950" type="identity">
      <class id="UBERON:0001103" label="diaphragm"/>
      <span end="31772" id="16103912-15042" start="31763">diaphragm</span>
    </annotation>
    <annotation annotator="Michael Bada" id="UBERON_Instance_430752" type="identity">
      <class id="UBERON:0002048" label="lung"/>
      <span end="32266" id="16103912-14844" start="32262">Lung</span>
    </annotation>
    <annotation annotator="Michael Bada" id="UBERON_Instance_430952" type="identity">
      <class id="UBERON:0001103" label="diaphragm"/>
      <span end="32280" id="16103912-15044" start="32271">Diaphragm</span>
    </annotation>
    <annotation annotator="Michael Bada" id="UBERON_Instance_430638" type="identity">
      <class id="UBERON:0004883" label="lung mesenchyme"/>
      <span end="32335" id="16103912-14732" start="32315">pulmonary mesenchyme</span>
    </annotation>
    <annotation annotator="Michael Bada" id="UBERON_Instance_440266" type="identity">
      <class id="UBERON:0003104" label="mesenchyme"/>
      <span end="32372" id="16103912-15239" start="32362">mesenchyme</span>
    </annotation>
    <annotation annotator="Michael Bada" id="UBERON_Instance_470108" type="identity">
      <class id="UBERON:0004242" label="bronchus smooth muscle"/>
      <span end="32408" id="16103912-15359" start="32399">bronchial</span>
      <span end="32435" id="16103912-15360" start="32422">smooth muscle</span>
    </annotation>
    <annotation annotator="Michael Bada" id="UBERON_Instance_470110" type="identity">
      <class id="UBERON_EXT:vascular_system_or_vasculature_or_vessel" label="vascular system, vasculature, or vessel"/>
      <span end="32421" id="16103912-15362" start="32413">vascular</span>
    </annotation>
    <annotation annotator="Michael Bada" id="UBERON_Instance_470112" type="identity">
      <class id="UBERON:0001135" label="smooth muscle tissue"/>
      <span end="32439" id="16103912-15364" start="32437">sm</span>
    </annotation>
    <annotation annotator="Michael Bada" id="UBERON_Instance_430954" type="identity">
      <class id="UBERON:0001103" label="diaphragm"/>
      <span end="32510" id="16103912-15046" start="32501">diaphragm</span>
    </annotation>
    <annotation annotator="Michael Bada" id="UBERON_Instance_430956" type="identity">
      <class id="UBERON:0001103" label="diaphragm"/>
      <span end="32515" id="16103912-15048" start="32512">Dia</span>
    </annotation>
    <annotation annotator="Michael Bada" id="UBERON_Instance_430754" type="identity">
      <class id="UBERON:0002048" label="lung"/>
      <span end="32627" id="16103912-14846" start="32623">Lung</span>
    </annotation>
    <annotation annotator="Michael Bada" id="UBERON_Instance_430756" type="identity">
      <class id="UBERON:0002048" label="lung"/>
      <span end="32656" id="16103912-14848" start="32651">lungs</span>
    </annotation>
    <annotation annotator="Michael Bada" id="UBERON_Instance_430958" type="identity">
      <class id="UBERON:0001103" label="diaphragm"/>
      <span end="32687" id="16103912-15050" start="32674">diaphragmatic</span>
    </annotation>
    <annotation annotator="Michael Bada" id="UBERON_Instance_470114" type="identity">
      <class id="UBERON:0009912" label="anatomical lobe"/>
      <span end="32745" id="16103912-15366" start="32741">lobe</span>
    </annotation>
    <annotation annotator="Michael Bada" id="UBERON_Instance_470116" type="identity">
      <class id="UBERON:0009912" label="anatomical lobe"/>
      <span end="32773" id="16103912-15368" start="32769">lobe</span>
    </annotation>
    <annotation annotator="Michael Bada" id="UBERON_Instance_430758" type="identity">
      <class id="UBERON:0002048" label="lung"/>
      <span end="32829" id="16103912-14850" start="32824">lungs</span>
    </annotation>
    <annotation annotator="Michael Bada" id="UBERON_Instance_440270" type="identity">
      <class id="UBERON:0000922" label="embryo"/>
      <span end="32870" id="16103912-15241" start="32861">Embryonic</span>
    </annotation>
    <annotation annotator="Michael Bada" id="UBERON_Instance_430760" type="identity">
      <class id="UBERON:0002048" label="lung"/>
      <span end="32887" id="16103912-14852" start="32882">Lungs</span>
    </annotation>
    <annotation annotator="Michael Bada" id="UBERON_Instance_440272" type="identity">
      <class id="UBERON:0000922" label="embryo"/>
      <span end="32901" id="16103912-15243" start="32892">embryonic</span>
    </annotation>
    <annotation annotator="Michael Bada" id="UBERON_Instance_430762" type="identity">
      <class id="UBERON:0002048" label="lung"/>
      <span end="32918" id="16103912-14854" start="32913">lungs</span>
    </annotation>
    <annotation annotator="Michael Bada" id="UBERON_Instance_470118" type="identity">
      <class id="UBERON:0009912" label="anatomical lobe"/>
      <span end="33017" id="16103912-15370" start="33012">lobes</span>
    </annotation>
    <annotation annotator="Michael Bada" id="UBERON_Instance_430168" type="identity">
      <class id="UBERON:0000922" label="embryo"/>
      <span end="33239" id="16103912-14616" start="33232">embryos</span>
    </annotation>
    <annotation annotator="Michael Bada" id="UBERON_Instance_470120" type="identity">
      <class id="UBERON:0009133" label="pleuroperitoneal membrane"/>
      <span end="33301" id="16103912-15372" start="33298">PPF</span>
    </annotation>
    <annotation annotator="Michael Bada" id="UBERON_Instance_430960" type="identity">
      <class id="UBERON:0001103" label="diaphragm"/>
      <span end="33332" id="16103912-15052" start="33323">diaphragm</span>
    </annotation>
    <annotation annotator="Michael Bada" id="UBERON_Instance_440278" type="identity">
      <class id="UBERON:0002107" label="liver"/>
      <span end="33336" id="16103912-15247" start="33334">Li</span>
    </annotation>
    <annotation annotator="Michael Bada" id="UBERON_Instance_440276" type="identity">
      <class id="UBERON:0002107" label="liver"/>
      <span end="33343" id="16103912-15245" start="33338">liver</span>
    </annotation>
    <annotation annotator="Michael Bada" id="UBERON_Instance_430766" type="identity">
      <class id="UBERON:0002048" label="lung"/>
      <span end="33347" id="16103912-14858" start="33345">Lu</span>
    </annotation>
    <annotation annotator="Michael Bada" id="UBERON_Instance_430764" type="identity">
      <class id="UBERON:0002048" label="lung"/>
      <span end="33353" id="16103912-14856" start="33349">lung</span>
    </annotation>
    <annotation annotator="Michael Bada" id="UBERON_Instance_430962" type="identity">
      <class id="UBERON:0001103" label="diaphragm"/>
      <span end="33407" id="16103912-15054" start="33398">Diaphragm</span>
    </annotation>
    <annotation annotator="Michael Bada" id="UBERON_Instance_430768" type="identity">
      <class id="UBERON:0002048" label="lung"/>
      <span end="33416" id="16103912-14860" start="33412">Lung</span>
    </annotation>
    <annotation annotator="Michael Bada" id="UBERON_Instance_430640" type="identity">
      <class id="UBERON:0002048" label="lung"/>
      <span end="33545" id="16103912-14734" start="33536">pulmonary</span>
    </annotation>
    <annotation annotator="Michael Bada" id="UBERON_Instance_430964" type="identity">
      <class id="UBERON:0001103" label="diaphragm"/>
      <span end="33591" id="16103912-15056" start="33578">diaphragmatic</span>
    </annotation>
    <annotation annotator="Michael Bada" id="UBERON_Instance_430966" type="identity">
      <class id="UBERON:0001103" label="diaphragm"/>
      <span end="34253" id="16103912-15058" start="34244">diaphragm</span>
    </annotation>
    <annotation annotator="Michael Bada" id="UBERON_Instance_430770" type="identity">
      <class id="UBERON:0002048" label="lung"/>
      <span end="34262" id="16103912-14862" start="34258">lung</span>
    </annotation>
    <graph-space id="Old Knowtator Relations"/>
  </document>
</knowtator-project>
