<?xml version="1.0" encoding="UTF-8" standalone="no"?>
<knowtator-project>
    <document id="16110338" text-file="16110338.txt">
        <annotation annotator="Michael Bada" id="UBERON_Instance_480392" type="identity">
            <class id="UBERON:0000966" label="retina"/>
            <span end="425" id="16110338-16389" start="418">retinal</span>
        </annotation>
        <annotation annotator="Michael Bada" id="UBERON_Instance_480394" type="identity">
            <class id="UBERON:0000966" label="retina"/>
            <span end="745" id="16110338-16391" start="739">retina</span>
        </annotation>
        <annotation annotator="Michael Bada" id="UBERON_Instance_480396" type="identity">
            <class id="UBERON:0000966" label="retina"/>
            <span end="925" id="16110338-16393" start="919">retina</span>
        </annotation>
        <annotation annotator="Michael Bada" id="UBERON_Instance_480398" type="identity">
            <class id="UBERON:0000966" label="retina"/>
            <span end="1124" id="16110338-16395" start="1118">retina</span>
        </annotation>
        <annotation annotator="Michael Bada" id="UBERON_Instance_480400" type="identity">
            <class id="UBERON:0000966" label="retina"/>
            <span end="1374" id="16110338-16397" start="1367">retinal</span>
        </annotation>
        <annotation annotator="Michael Bada" id="UBERON_Instance_480402" type="identity">
            <class id="UBERON:0000966" label="retina"/>
            <span end="1400" id="16110338-16399" start="1393">retinal</span>
        </annotation>
        <annotation annotator="Michael Bada" id="UBERON_Instance_480658" type="identity">
            <class id="UBERON:0000970" label="eye"/>
            <span end="1806" id="16110338-16651" start="1803">eye</span>
        </annotation>
        <annotation annotator="Michael Bada" id="UBERON_Instance_480404" type="identity">
            <class id="UBERON:0000966" label="retina"/>
            <span end="1847" id="16110338-16401" start="1841">retina</span>
        </annotation>
        <annotation annotator="Michael Bada" id="UBERON_Instance_480356" type="identity">
            <class id="UBERON_EXT:neural_tissue_or_nerve_or_nervous_system" label="neural tissue, nerve, or nervous system"/>
            <span end="1862" id="16110338-16385" start="1856">neural</span>
        </annotation>
        <annotation annotator="Michael Bada" id="UBERON_Instance_480660" type="identity">
            <class id="UBERON:0000970" label="eye"/>
            <span end="1901" id="16110338-16653" start="1898">eye</span>
        </annotation>
        <annotation annotator="Michael Bada" id="UBERON_Instance_480406" type="identity">
            <class id="UBERON:0000966" label="retina"/>
            <span end="1968" id="16110338-16403" start="1962">retina</span>
        </annotation>
        <annotation annotator="Michael Bada" id="UBERON_Instance_480408" type="identity">
            <class id="UBERON:0000966" label="retina"/>
            <span end="3690" id="16110338-16405" start="3683">retinal</span>
        </annotation>
        <annotation annotator="Michael Bada" id="UBERON_Instance_480410" type="identity">
            <class id="UBERON:0000966" label="retina"/>
            <span end="4087" id="16110338-16407" start="4081">retina</span>
        </annotation>
        <annotation annotator="Michael Bada" id="UBERON_Instance_480412" type="identity">
            <class id="UBERON:0000966" label="retina"/>
            <span end="4140" id="16110338-16409" start="4133">retinal</span>
        </annotation>
        <annotation annotator="Michael Bada" id="UBERON_Instance_480414" type="identity">
            <class id="UBERON:0000966" label="retina"/>
            <span end="4581" id="16110338-16411" start="4574">retinas</span>
        </annotation>
        <annotation annotator="Michael Bada" id="UBERON_Instance_480670" type="identity">
            <class id="UBERON:0001789" label="outer nuclear layer of retina"/>
            <span end="4631" id="16110338-16663" start="4612">outer nuclear layer</span>
        </annotation>
        <annotation annotator="Michael Bada" id="UBERON_Instance_480672" type="identity">
            <class id="UBERON:0001789" label="outer nuclear layer of retina"/>
            <span end="4636" id="16110338-16665" start="4633">ONL</span>
        </annotation>
        <annotation annotator="Michael Bada" id="UBERON_Instance_480416" type="identity">
            <class id="UBERON:0000966" label="retina"/>
            <span end="4696" id="16110338-16413" start="4689">retinal</span>
        </annotation>
        <annotation annotator="Michael Bada" id="UBERON_Instance_480418" type="identity">
            <class id="UBERON:0000966" label="retina"/>
            <span end="4862" id="16110338-16415" start="4855">retinal</span>
        </annotation>
        <annotation annotator="Michael Bada" id="UBERON_Instance_480420" type="identity">
            <class id="UBERON:0000966" label="retina"/>
            <span end="4927" id="16110338-16417" start="4920">retinal</span>
        </annotation>
        <annotation annotator="Michael Bada" id="UBERON_Instance_480726" type="identity">
            <class id="UBERON:0001789" label="outer nuclear layer of retina"/>
            <span end="4975" id="16110338-16709" start="4972">ONL</span>
        </annotation>
        <annotation annotator="Michael Bada" id="UBERON_Instance_480422" type="identity">
            <class id="UBERON:0000966" label="retina"/>
            <span end="5298" id="16110338-16419" start="5292">retina</span>
        </annotation>
        <annotation annotator="Michael Bada" id="UBERON_Instance_480424" type="identity">
            <class id="UBERON:0000966" label="retina"/>
            <span end="5901" id="16110338-16421" start="5895">retina</span>
        </annotation>
        <annotation annotator="Michael Bada" id="UBERON_Instance_480426" type="identity">
            <class id="UBERON:0000966" label="retina"/>
            <span end="6065" id="16110338-16423" start="6059">Retina</span>
        </annotation>
        <annotation annotator="Michael Bada" id="UBERON_Instance_480428" type="identity">
            <class id="UBERON:0000966" label="retina"/>
            <span end="6134" id="16110338-16425" start="6127">retinas</span>
        </annotation>
        <annotation annotator="Michael Bada" id="UBERON_Instance_480430" type="identity">
            <class id="UBERON:0000966" label="retina"/>
            <span end="6367" id="16110338-16427" start="6361">retina</span>
        </annotation>
        <annotation annotator="Michael Bada" id="UBERON_Instance_480674" type="identity">
            <class id="UBERON:0001016" label="nervous system"/>
            <span end="6386" id="16110338-16667" start="6372">nervous system</span>
        </annotation>
        <annotation annotator="Michael Bada" id="UBERON_Instance_480432" type="identity">
            <class id="UBERON:0000966" label="retina"/>
            <span end="6773" id="16110338-16429" start="6767">retina</span>
        </annotation>
        <annotation annotator="Michael Bada" id="UBERON_Instance_480434" type="identity">
            <class id="UBERON:0000966" label="retina"/>
            <span end="7380" id="16110338-16431" start="7374">retina</span>
        </annotation>
        <annotation annotator="Michael Bada" id="UBERON_Instance_480150" type="identity">
            <class id="UBERON:0000922" label="embryo"/>
            <span end="7563" id="16110338-16359" start="7554">embryonic</span>
        </annotation>
        <annotation annotator="Michael Bada" id="UBERON_Instance_480164" type="identity">
            <class id="UBERON:0007023" label="adult organism"/>
            <span end="7637" id="16110338-16365" start="7632">adult</span>
        </annotation>
        <annotation annotator="Michael Bada" id="UBERON_Instance_480436" type="identity">
            <class id="UBERON:0000966" label="retina"/>
            <span end="8322" id="16110338-16433" start="8316">retina</span>
        </annotation>
        <annotation annotator="Michael Bada" id="UBERON_Instance_480676" type="identity">
            <class id="UBERON:0001789" label="outer nuclear layer of retina"/>
            <span end="8698" id="16110338-16669" start="8695">ONL</span>
        </annotation>
        <annotation annotator="Michael Bada" id="UBERON_Instance_480680" type="identity">
            <class id="UBERON:0001773" label="sclera"/>
            <span end="9059" id="16110338-16673" start="9052">scleral</span>
        </annotation>
        <annotation annotator="Michael Bada" id="UBERON_Instance_480678" type="identity">
            <class id="UBERON:0001789" label="outer nuclear layer of retina"/>
            <span end="9075" id="16110338-16671" start="9072">ONL</span>
        </annotation>
        <annotation annotator="Michael Bada" id="UBERON_Instance_480682" type="identity">
            <class id="UBERON:0001789" label="outer nuclear layer of retina"/>
            <span end="9282" id="16110338-16675" start="9279">ONL</span>
        </annotation>
        <annotation annotator="Michael Bada" id="UBERON_Instance_480438" type="identity">
            <class id="UBERON:0000966" label="retina"/>
            <span end="9398" id="16110338-16435" start="9392">retina</span>
        </annotation>
        <annotation annotator="Michael Bada" id="UBERON_Instance_480684" type="identity">
            <class id="UBERON:0001773" label="sclera"/>
            <span end="9703" id="16110338-16677" start="9696">scleral</span>
        </annotation>
        <annotation annotator="Michael Bada" id="UBERON_Instance_480686" type="identity">
            <class id="UBERON:0001789" label="outer nuclear layer of retina"/>
            <span end="9719" id="16110338-16679" start="9716">ONL</span>
        </annotation>
        <annotation annotator="Michael Bada" id="UBERON_Instance_480440" type="identity">
            <class id="UBERON:0000966" label="retina"/>
            <span end="9767" id="16110338-16437" start="9761">retina</span>
        </annotation>
        <annotation annotator="Michael Bada" id="UBERON_Instance_480442" type="identity">
            <class id="UBERON:0000966" label="retina"/>
            <span end="10027" id="16110338-16439" start="10020">retinal</span>
        </annotation>
        <annotation annotator="Michael Bada" id="UBERON_Instance_480444" type="identity">
            <class id="UBERON:0000966" label="retina"/>
            <span end="10271" id="16110338-16441" start="10264">retinas</span>
        </annotation>
        <annotation annotator="Michael Bada" id="UBERON_Instance_481756" type="identity">
            <class id="UBERON:0000479" label="tissue"/>
            <span end="10507" id="16110338-16825" start="10501">tissue</span>
        </annotation>
        <annotation annotator="Michael Bada" id="UBERON_Instance_480446" type="identity">
            <class id="UBERON:0000966" label="retina"/>
            <span end="10606" id="16110338-16443" start="10600">retina</span>
        </annotation>
        <annotation annotator="Michael Bada" id="UBERON_Instance_480448" type="identity">
            <class id="UBERON:0000966" label="retina"/>
            <span end="10627" id="16110338-16445" start="10620">retinal</span>
        </annotation>
        <annotation annotator="Michael Bada" id="UBERON_Instance_480450" type="identity">
            <class id="UBERON:0000966" label="retina"/>
            <span end="10720" id="16110338-16447" start="10714">retina</span>
        </annotation>
        <annotation annotator="Michael Bada" id="UBERON_Instance_480452" type="identity">
            <class id="UBERON:0000966" label="retina"/>
            <span end="10795" id="16110338-16449" start="10789">retina</span>
        </annotation>
        <annotation annotator="Michael Bada" id="UBERON_Instance_480454" type="identity">
            <class id="UBERON:0000966" label="retina"/>
            <span end="10867" id="16110338-16451" start="10860">retinal</span>
        </annotation>
        <annotation annotator="Michael Bada" id="UBERON_Instance_480166" type="identity">
            <class id="UBERON:0007023" label="adult organism"/>
            <span end="11021" id="16110338-16367" start="11016">adult</span>
        </annotation>
        <annotation annotator="Michael Bada" id="UBERON_Instance_480456" type="identity">
            <class id="UBERON:0000966" label="retina"/>
            <span end="11034" id="16110338-16453" start="11028">retina</span>
        </annotation>
        <annotation annotator="Michael Bada" id="UBERON_Instance_480458" type="identity">
            <class id="UBERON:0000966" label="retina"/>
            <span end="11459" id="16110338-16455" start="11453">retina</span>
        </annotation>
        <annotation annotator="Michael Bada" id="UBERON_Instance_480460" type="identity">
            <class id="UBERON:0000966" label="retina"/>
            <span end="11991" id="16110338-16457" start="11985">retina</span>
        </annotation>
        <annotation annotator="Michael Bada" id="UBERON_Instance_480462" type="identity">
            <class id="UBERON:0000966" label="retina"/>
            <span end="12092" id="16110338-16459" start="12086">retina</span>
        </annotation>
        <annotation annotator="Michael Bada" id="UBERON_Instance_480690" type="identity">
            <class id="UBERON:0001773" label="sclera"/>
            <span end="12171" id="16110338-16681" start="12164">scleral</span>
        </annotation>
        <annotation annotator="Michael Bada" id="UBERON_Instance_480692" type="identity">
            <class id="UBERON:0001789" label="outer nuclear layer of retina"/>
            <span end="12187" id="16110338-16683" start="12184">ONL</span>
        </annotation>
        <annotation annotator="Michael Bada" id="UBERON_Instance_480464" type="identity">
            <class id="UBERON:0000966" label="retina"/>
            <span end="12305" id="16110338-16461" start="12299">retina</span>
        </annotation>
        <annotation annotator="Michael Bada" id="UBERON_Instance_480696" type="identity">
            <class id="UBERON:0001789" label="outer nuclear layer of retina"/>
            <span end="12589" id="16110338-16685" start="12586">ONL</span>
        </annotation>
        <annotation annotator="Michael Bada" id="UBERON_Instance_480302" type="identity">
            <class id="UBERON:0003926" label="photoreceptor outer segment layer"/>
            <span end="12636" id="16110338-16369" start="12617">outer segment layer</span>
        </annotation>
        <annotation annotator="Michael Bada" id="UBERON_Instance_480466" type="identity">
            <class id="UBERON:0000966" label="retina"/>
            <span end="12933" id="16110338-16463" start="12927">retina</span>
        </annotation>
        <annotation annotator="Michael Bada" id="UBERON_Instance_480468" type="identity">
            <class id="UBERON:0000966" label="retina"/>
            <span end="13134" id="16110338-16465" start="13128">retina</span>
        </annotation>
        <annotation annotator="Michael Bada" id="UBERON_Instance_480470" type="identity">
            <class id="UBERON:0000966" label="retina"/>
            <span end="13193" id="16110338-16467" start="13187">retina</span>
        </annotation>
        <annotation annotator="Michael Bada" id="UBERON_Instance_480698" type="identity">
            <class id="UBERON:0001789" label="outer nuclear layer of retina"/>
            <span end="13410" id="16110338-16687" start="13407">ONL</span>
        </annotation>
        <annotation annotator="Michael Bada" id="UBERON_Instance_480472" type="identity">
            <class id="UBERON:0000966" label="retina"/>
            <span end="13578" id="16110338-16469" start="13572">retina</span>
        </annotation>
        <annotation annotator="Nicole Vasilevsky" id="UBERON_Instance_800146" type="identity">
            <class id="CHEBI_UBERON_EXT:triglyceride_or_adipose_tissue" label="fat"/>
            <span end="14323" id="16110338-16850" start="14318">fatty</span>
        </annotation>
        <annotation annotator="Michael Bada" id="UBERON_Instance_480704" type="identity">
            <class id="UBERON:0001986" label="endothelium"/>
            <span end="14447" id="16110338-16689" start="14436">endothelial</span>
        </annotation>
        <annotation annotator="Michael Bada" id="UBERON_Instance_410000" type="identity">
            <class id="UBERON:0002280" label="otolith"/>
            <span end="14514" id="16110338-16349" start="14507">otolith</span>
        </annotation>
        <annotation annotator="Michael Bada" id="UBERON_Instance_480706" type="identity">
            <class id="UBERON:0001773" label="sclera"/>
            <span end="14882" id="16110338-16691" start="14875">scleral</span>
        </annotation>
        <annotation annotator="Michael Bada" id="UBERON_Instance_480474" type="identity">
            <class id="UBERON:0000966" label="retina"/>
            <span end="14903" id="16110338-16471" start="14897">retina</span>
        </annotation>
        <annotation annotator="Michael Bada" id="UBERON_Instance_480710" type="identity">
            <class id="UBERON:0000113" label="post-juvenile adult stage"/>
            <span end="15345" id="16110338-16693" start="15333">adult stages</span>
        </annotation>
        <annotation annotator="Michael Bada" id="UBERON_Instance_480152" type="identity">
            <class id="UBERON:0000922" label="embryo"/>
            <span end="15519" id="16110338-16361" start="15510">embryonic</span>
        </annotation>
        <annotation annotator="Michael Bada" id="UBERON_Instance_480154" type="identity">
            <class id="UBERON:0000922" label="embryo"/>
            <span end="15596" id="16110338-16363" start="15587">embryonic</span>
        </annotation>
        <annotation annotator="Michael Bada" id="UBERON_Instance_480712" type="identity">
            <class id="UBERON:0007023" label="adult organism"/>
            <span end="15860" id="16110338-16695" start="15855">adult</span>
        </annotation>
        <annotation annotator="Michael Bada" id="UBERON_Instance_480714" type="identity">
            <class id="UBERON:0002046" label="thyroid gland"/>
            <span end="16098" id="16110338-16697" start="16091">thyroid</span>
        </annotation>
        <annotation annotator="Michael Bada" id="UBERON_Instance_480476" type="identity">
            <class id="UBERON:0000966" label="retina"/>
            <span end="16338" id="16110338-16473" start="16332">retina</span>
        </annotation>
        <annotation annotator="Michael Bada" id="UBERON_Instance_480478" type="identity">
            <class id="UBERON:0000966" label="retina"/>
            <span end="16535" id="16110338-16475" start="16529">retina</span>
        </annotation>
        <annotation annotator="Michael Bada" id="UBERON_Instance_480716" type="identity">
            <class id="UBERON:0001789" label="outer nuclear layer of retina"/>
            <span end="16858" id="16110338-16699" start="16855">ONL</span>
        </annotation>
        <annotation annotator="Michael Bada" id="UBERON_Instance_480728" type="identity">
            <class id="UBERON:0001773" label="sclera"/>
            <span end="17117" id="16110338-16711" start="17110">scleral</span>
        </annotation>
        <annotation annotator="Michael Bada" id="UBERON_Instance_480718" type="identity">
            <class id="UBERON:0001789" label="outer nuclear layer of retina"/>
            <span end="17133" id="16110338-16701" start="17130">ONL</span>
        </annotation>
        <annotation annotator="Michael Bada" id="UBERON_Instance_480720" type="identity">
            <class id="UBERON:0001789" label="outer nuclear layer of retina"/>
            <span end="17268" id="16110338-16703" start="17265">ONL</span>
        </annotation>
        <annotation annotator="Michael Bada" id="UBERON_Instance_480730" type="identity">
            <class id="UBERON:0001773" label="sclera"/>
            <span end="17314" id="16110338-16713" start="17307">scleral</span>
        </annotation>
        <annotation annotator="Michael Bada" id="UBERON_Instance_480722" type="identity">
            <class id="UBERON:0001789" label="outer nuclear layer of retina"/>
            <span end="17330" id="16110338-16705" start="17327">ONL</span>
        </annotation>
        <annotation annotator="Michael Bada" id="UBERON_Instance_480480" type="identity">
            <class id="UBERON:0000966" label="retina"/>
            <span end="17392" id="16110338-16477" start="17386">retina</span>
        </annotation>
        <annotation annotator="Michael Bada" id="UBERON_Instance_480732" type="identity">
            <class id="UBERON:0001773" label="sclera"/>
            <span end="17492" id="16110338-16715" start="17485">scleral</span>
        </annotation>
        <annotation annotator="Michael Bada" id="UBERON_Instance_480724" type="identity">
            <class id="UBERON:0001789" label="outer nuclear layer of retina"/>
            <span end="17508" id="16110338-16707" start="17505">ONL</span>
        </annotation>
        <annotation annotator="Michael Bada" id="UBERON_Instance_480482" type="identity">
            <class id="UBERON:0000966" label="retina"/>
            <span end="19122" id="16110338-16479" start="19115">Retinal</span>
        </annotation>
        <annotation annotator="Michael Bada" id="UBERON_Instance_480756" type="identity">
            <class id="UBERON:0007023" label="adult organism"/>
            <span end="20639" id="16110338-16739" start="20634">adult</span>
        </annotation>
        <annotation annotator="Michael Bada" id="UBERON_Instance_480484" type="identity">
            <class id="UBERON:0000966" label="retina"/>
            <span end="20657" id="16110338-16481" start="20651">retina</span>
        </annotation>
        <annotation annotator="Michael Bada" id="UBERON_Instance_480304" type="identity">
            <class id="UBERON:0001791" label="inner nuclear layer of retina"/>
            <span end="20747" id="16110338-16371" start="20728">inner nuclear layer</span>
        </annotation>
        <annotation annotator="Michael Bada" id="UBERON_Instance_480310" type="identity">
            <class id="UBERON:0001791" label="inner nuclear layer of retina"/>
            <span end="20752" id="16110338-16377" start="20749">INL</span>
        </annotation>
        <annotation annotator="Michael Bada" id="UBERON_Instance_480486" type="identity">
            <class id="UBERON:0000966" label="retina"/>
            <span end="20777" id="16110338-16483" start="20771">retina</span>
        </annotation>
        <annotation annotator="Michael Bada" id="UBERON_Instance_480760" type="identity">
            <class id="UBERON:0001791" label="inner nuclear layer of retina"/>
            <span end="20857" id="16110338-16741" start="20854">INL</span>
        </annotation>
        <annotation annotator="Michael Bada" id="UBERON_Instance_480306" type="identity">
            <class id="UBERON:0001792" label="ganglionic layer of retina"/>
            <span end="20913" id="16110338-16373" start="20894">ganglion cell layer</span>
        </annotation>
        <annotation annotator="Michael Bada" id="UBERON_Instance_480308" type="identity">
            <class id="UBERON:0001792" label="ganglionic layer of retina"/>
            <span end="20918" id="16110338-16375" start="20915">GCL</span>
        </annotation>
        <annotation annotator="Michael Bada" id="UBERON_Instance_480734" type="identity">
            <class id="UBERON:0001773" label="sclera"/>
            <span end="20938" id="16110338-16717" start="20931">scleral</span>
        </annotation>
        <annotation annotator="Michael Bada" id="UBERON_Instance_480762" type="identity">
            <class id="UBERON:0001789" label="outer nuclear layer of retina"/>
            <span end="20954" id="16110338-16743" start="20951">ONL</span>
        </annotation>
        <annotation annotator="Michael Bada" id="UBERON_Instance_480488" type="identity">
            <class id="UBERON:0000966" label="retina"/>
            <span end="21106" id="16110338-16485" start="21100">retina</span>
        </annotation>
        <annotation annotator="Michael Bada" id="UBERON_Instance_480490" type="identity">
            <class id="UBERON:0000966" label="retina"/>
            <span end="21305" id="16110338-16487" start="21299">Retina</span>
        </annotation>
        <annotation annotator="Michael Bada" id="UBERON_Instance_480736" type="identity">
            <class id="UBERON:0001773" label="sclera"/>
            <span end="21817" id="16110338-16719" start="21810">scleral</span>
        </annotation>
        <annotation annotator="Michael Bada" id="UBERON_Instance_480768" type="identity">
            <class id="UBERON:0001789" label="outer nuclear layer of retina"/>
            <span end="21835" id="16110338-16745" start="21832">ONL</span>
        </annotation>
        <annotation annotator="Michael Bada" id="UBERON_Instance_480492" type="identity">
            <class id="UBERON:0000966" label="retina"/>
            <span end="22366" id="16110338-16489" start="22360">retina</span>
        </annotation>
        <annotation annotator="Michael Bada" id="UBERON_Instance_480770" type="identity">
            <class id="UBERON:0001789" label="outer nuclear layer of retina"/>
            <span end="22441" id="16110338-16747" start="22438">ONL</span>
        </annotation>
        <annotation annotator="Michael Bada" id="UBERON_Instance_600121" type="identity">
            <class id="UBERON_EXT:cell_clump_or_cluster_or_group_or_mass_or_population" label="cell clump/cluster/group/mass/population"/>
            <span end="22603" id="16110338-16833" start="22588">cell population</span>
        </annotation>
        <annotation annotator="Michael Bada" id="UBERON_Instance_480494" type="identity">
            <class id="UBERON:0000966" label="retina"/>
            <span end="22689" id="16110338-16491" start="22682">retinal</span>
        </annotation>
        <annotation annotator="Michael Bada" id="UBERON_Instance_480496" type="identity">
            <class id="UBERON:0000966" label="retina"/>
            <span end="22972" id="16110338-16493" start="22966">retina</span>
        </annotation>
        <annotation annotator="Michael Bada" id="UBERON_Instance_600123" type="identity">
            <class id="UBERON_EXT:cell_clump_or_cluster_or_group_or_mass_or_population" label="cell clump/cluster/group/mass/population"/>
            <span end="23352" id="16110338-16835" start="23337">cell population</span>
        </annotation>
        <annotation annotator="Michael Bada" id="UBERON_Instance_480772" type="identity">
            <class id="UBERON:0001789" label="outer nuclear layer of retina"/>
            <span end="23366" id="16110338-16749" start="23360">ONL of</span>
            <span end="23381" id="16110338-16750" start="23375">retina</span>
        </annotation>
        <annotation annotator="Michael Bada" id="UBERON_Instance_480774" type="identity">
            <class id="UBERON:0001789" label="outer nuclear layer of retina"/>
            <span end="23786" id="16110338-16752" start="23782">ONLs</span>
        </annotation>
        <annotation annotator="Michael Bada" id="UBERON_Instance_600125" type="identity">
            <class id="UBERON_EXT:cell_clump_or_cluster_or_group_or_mass_or_population" label="cell clump/cluster/group/mass/population"/>
            <span end="25012" id="16110338-16837" start="24997">cell population</span>
        </annotation>
        <annotation annotator="Michael Bada" id="UBERON_Instance_480500" type="identity">
            <class id="UBERON:0000966" label="retina"/>
            <span end="25030" id="16110338-16495" start="25024">retina</span>
        </annotation>
        <annotation annotator="Michael Bada" id="UBERON_Instance_480502" type="identity">
            <class id="UBERON:0000966" label="retina"/>
            <span end="25437" id="16110338-16497" start="25431">retina</span>
        </annotation>
        <annotation annotator="Michael Bada" id="UBERON_Instance_480776" type="identity">
            <class id="UBERON:0001789" label="outer nuclear layer of retina"/>
            <span end="25635" id="16110338-16754" start="25632">ONL</span>
        </annotation>
        <annotation annotator="Michael Bada" id="UBERON_Instance_481760" type="identity">
            <class id="UBERON:0001789" label="outer nuclear layer of retina"/>
            <span end="25981" id="16110338-16827" start="25978">ONL</span>
        </annotation>
        <annotation annotator="Michael Bada" id="UBERON_Instance_480504" type="identity">
            <class id="UBERON:0000966" label="retina"/>
            <span end="26239" id="16110338-16499" start="26233">retina</span>
        </annotation>
        <annotation annotator="Michael Bada" id="UBERON_Instance_480778" type="identity">
            <class id="UBERON:0001789" label="outer nuclear layer of retina"/>
            <span end="26357" id="16110338-16756" start="26354">ONL</span>
        </annotation>
        <annotation annotator="Michael Bada" id="UBERON_Instance_600127" type="identity">
            <class id="UBERON_EXT:cell_clump_or_cluster_or_group_or_mass_or_population" label="cell clump/cluster/group/mass/population"/>
            <span end="26413" id="16110338-16839" start="26394">population of cells</span>
        </annotation>
        <annotation annotator="Michael Bada" id="UBERON_Instance_480506" type="identity">
            <class id="UBERON:0000966" label="retina"/>
            <span end="26685" id="16110338-16501" start="26679">retina</span>
        </annotation>
        <annotation annotator="Michael Bada" id="UBERON_Instance_480508" type="identity">
            <class id="UBERON:0000966" label="retina"/>
            <span end="26863" id="16110338-16503" start="26856">retinal</span>
        </annotation>
        <annotation annotator="Michael Bada" id="UBERON_Instance_480780" type="identity">
            <class id="UBERON:0001789" label="outer nuclear layer of retina"/>
            <span end="27229" id="16110338-16758" start="27226">ONL</span>
        </annotation>
        <annotation annotator="Michael Bada" id="UBERON_Instance_480510" type="identity">
            <class id="UBERON:0000966" label="retina"/>
            <span end="27260" id="16110338-16505" start="27254">retina</span>
        </annotation>
        <annotation annotator="Michael Bada" id="UBERON_Instance_480512" type="identity">
            <class id="UBERON:0000966" label="retina"/>
            <span end="27599" id="16110338-16507" start="27593">retina</span>
        </annotation>
        <annotation annotator="Michael Bada" id="UBERON_Instance_600129" type="identity">
            <class id="UBERON_EXT:cell_clump_or_cluster_or_group_or_mass_or_population" label="cell clump/cluster/group/mass/population"/>
            <span end="27660" id="16110338-16841" start="27641">population of cells</span>
        </annotation>
        <annotation annotator="Michael Bada" id="UBERON_Instance_480782" type="identity">
            <class id="UBERON:0001789" label="outer nuclear layer of retina"/>
            <span end="27679" id="16110338-16760" start="27676">ONL</span>
        </annotation>
        <annotation annotator="Michael Bada" id="UBERON_Instance_480514" type="identity">
            <class id="UBERON:0000966" label="retina"/>
            <span end="28007" id="16110338-16509" start="28001">retina</span>
        </annotation>
        <annotation annotator="Michael Bada" id="UBERON_Instance_480516" type="identity">
            <class id="UBERON:0000966" label="retina"/>
            <span end="29422" id="16110338-16511" start="29416">retina</span>
        </annotation>
        <annotation annotator="Michael Bada" id="UBERON_Instance_160000" type="identity">
            <class id="UBERON:0000955" label="brain"/>
            <span end="29564" id="16110338-16347" start="29559">brain</span>
        </annotation>
        <annotation annotator="Michael Bada" id="UBERON_Instance_481762" type="identity">
            <class id="UBERON:0001016" label="nervous system"/>
            <span end="29634" id="16110338-16829" start="29620">nervous system</span>
        </annotation>
        <annotation annotator="Michael Bada" id="UBERON_Instance_480518" type="identity">
            <class id="UBERON:0000966" label="retina"/>
            <span end="29710" id="16110338-16513" start="29704">retina</span>
        </annotation>
        <annotation annotator="Michael Bada" id="UBERON_Instance_480520" type="identity">
            <class id="UBERON:0000966" label="retina"/>
            <span end="29992" id="16110338-16515" start="29985">retinas</span>
        </annotation>
        <annotation annotator="Michael Bada" id="UBERON_Instance_480522" type="identity">
            <class id="UBERON:0000966" label="retina"/>
            <span end="30109" id="16110338-16517" start="30103">retina</span>
        </annotation>
        <annotation annotator="Michael Bada" id="UBERON_Instance_480524" type="identity">
            <class id="UBERON:0000966" label="retina"/>
            <span end="30770" id="16110338-16519" start="30764">retina</span>
        </annotation>
        <annotation annotator="Michael Bada" id="UBERON_Instance_480526" type="identity">
            <class id="UBERON:0000966" label="retina"/>
            <span end="31097" id="16110338-16521" start="31091">retina</span>
        </annotation>
        <annotation annotator="Michael Bada" id="UBERON_Instance_480528" type="identity">
            <class id="UBERON:0000966" label="retina"/>
            <span end="32474" id="16110338-16523" start="32468">retina</span>
        </annotation>
        <annotation annotator="Michael Bada" id="UBERON_Instance_480530" type="identity">
            <class id="UBERON:0000966" label="retina"/>
            <span end="32543" id="16110338-16525" start="32536">retinas</span>
        </annotation>
        <annotation annotator="Michael Bada" id="UBERON_Instance_480532" type="identity">
            <class id="UBERON:0000966" label="retina"/>
            <span end="32813" id="16110338-16527" start="32806">retinas</span>
        </annotation>
        <annotation annotator="Michael Bada" id="UBERON_Instance_480534" type="identity">
            <class id="UBERON:0000966" label="retina"/>
            <span end="32884" id="16110338-16529" start="32877">retinas</span>
        </annotation>
        <annotation annotator="Michael Bada" id="UBERON_Instance_480536" type="identity">
            <class id="UBERON:0000966" label="retina"/>
            <span end="33033" id="16110338-16531" start="33026">retinas</span>
        </annotation>
        <annotation annotator="Michael Bada" id="UBERON_Instance_480538" type="identity">
            <class id="UBERON:0000966" label="retina"/>
            <span end="33071" id="16110338-16533" start="33064">retinas</span>
        </annotation>
        <annotation annotator="Michael Bada" id="UBERON_Instance_480540" type="identity">
            <class id="UBERON:0000966" label="retina"/>
            <span end="33326" id="16110338-16535" start="33320">retina</span>
        </annotation>
        <annotation annotator="Michael Bada" id="UBERON_Instance_480542" type="identity">
            <class id="UBERON:0000966" label="retina"/>
            <span end="33423" id="16110338-16537" start="33417">retina</span>
        </annotation>
        <annotation annotator="Michael Bada" id="UBERON_Instance_480784" type="identity">
            <class id="UBERON:0001789" label="outer nuclear layer of retina"/>
            <span end="33585" id="16110338-16762" start="33582">ONL</span>
        </annotation>
        <annotation annotator="Michael Bada" id="UBERON_Instance_480544" type="identity">
            <class id="UBERON:0000966" label="retina"/>
            <span end="34141" id="16110338-16539" start="34135">retina</span>
        </annotation>
        <annotation annotator="Michael Bada" id="UBERON_Instance_480546" type="identity">
            <class id="UBERON:0000966" label="retina"/>
            <span end="34482" id="16110338-16541" start="34476">retina</span>
        </annotation>
        <annotation annotator="Michael Bada" id="UBERON_Instance_480786" type="identity">
            <class id="UBERON:0001789" label="outer nuclear layer of retina"/>
            <span end="34638" id="16110338-16764" start="34635">ONL</span>
        </annotation>
        <annotation annotator="Michael Bada" id="UBERON_Instance_480340" type="identity">
            <class id="UBERON_EXT:muscle_structure_or_tissue" label="muscle structure or tissue"/>
            <span end="35147" id="16110338-16379" start="35141">muscle</span>
        </annotation>
        <annotation annotator="Michael Bada" id="UBERON_Instance_480548" type="identity">
            <class id="UBERON:0000966" label="retina"/>
            <span end="35225" id="16110338-16543" start="35218">retinal</span>
        </annotation>
        <annotation annotator="Michael Bada" id="UBERON_Instance_480550" type="identity">
            <class id="UBERON:0000966" label="retina"/>
            <span end="35313" id="16110338-16545" start="35307">retina</span>
        </annotation>
        <annotation annotator="Michael Bada" id="UBERON_Instance_480552" type="identity">
            <class id="UBERON:0000966" label="retina"/>
            <span end="35794" id="16110338-16547" start="35788">retina</span>
        </annotation>
        <annotation annotator="Michael Bada" id="UBERON_Instance_480554" type="identity">
            <class id="UBERON:0000966" label="retina"/>
            <span end="36698" id="16110338-16549" start="36692">retina</span>
        </annotation>
        <annotation annotator="Michael Bada" id="UBERON_Instance_480556" type="identity">
            <class id="UBERON:0000966" label="retina"/>
            <span end="36955" id="16110338-16551" start="36949">retina</span>
        </annotation>
        <annotation annotator="Michael Bada" id="UBERON_Instance_600131" type="identity">
            <class id="UBERON_EXT:cell_clump_or_cluster_or_group_or_mass_or_population" label="cell clump/cluster/group/mass/population"/>
            <span end="37179" id="16110338-16843" start="37166">population of</span>
            <span end="37191" id="16110338-16844" start="37186">cells</span>
        </annotation>
        <annotation annotator="Michael Bada" id="UBERON_Instance_480558" type="identity">
            <class id="UBERON:0000966" label="retina"/>
            <span end="37866" id="16110338-16553" start="37860">retina</span>
        </annotation>
        <annotation annotator="Michael Bada" id="UBERON_Instance_480560" type="identity">
            <class id="UBERON:0000966" label="retina"/>
            <span end="37987" id="16110338-16555" start="37980">retinal</span>
        </annotation>
        <annotation annotator="Michael Bada" id="UBERON_Instance_480562" type="identity">
            <class id="UBERON:0000966" label="retina"/>
            <span end="38026" id="16110338-16557" start="38019">retinal</span>
        </annotation>
        <annotation annotator="Michael Bada" id="UBERON_Instance_600133" type="identity">
            <class id="UBERON_EXT:cell_clump_or_cluster_or_group_or_mass_or_population" label="cell clump/cluster/group/mass/population"/>
            <span end="38545" id="16110338-16846" start="38526">population of cells</span>
        </annotation>
        <annotation annotator="Michael Bada" id="UBERON_Instance_480564" type="identity">
            <class id="UBERON:0000966" label="retina"/>
            <span end="39612" id="16110338-16559" start="39606">retina</span>
        </annotation>
        <annotation annotator="Michael Bada" id="UBERON_Instance_480566" type="identity">
            <class id="UBERON:0000966" label="retina"/>
            <span end="40053" id="16110338-16561" start="40046">retinal</span>
        </annotation>
        <annotation annotator="Michael Bada" id="UBERON_Instance_480568" type="identity">
            <class id="UBERON:0000966" label="retina"/>
            <span end="40439" id="16110338-16563" start="40433">retina</span>
        </annotation>
        <annotation annotator="Michael Bada" id="UBERON_Instance_480788" type="identity">
            <class id="UBERON:0000483" label="epithelium"/>
            <span end="40675" id="16110338-16766" start="40666">epithelia</span>
        </annotation>
        <annotation annotator="Michael Bada" id="UBERON_Instance_480790" type="identity">
            <class id="UBERON:0001789" label="outer nuclear layer of retina"/>
            <span end="40894" id="16110338-16768" start="40891">ONL</span>
        </annotation>
        <annotation annotator="Michael Bada" id="UBERON_Instance_480570" type="identity">
            <class id="UBERON:0000966" label="retina"/>
            <span end="41252" id="16110338-16565" start="41246">retina</span>
        </annotation>
        <annotation annotator="Michael Bada" id="UBERON_Instance_480572" type="identity">
            <class id="UBERON:0000966" label="retina"/>
            <span end="41354" id="16110338-16567" start="41348">retina</span>
        </annotation>
        <annotation annotator="Michael Bada" id="UBERON_Instance_480574" type="identity">
            <class id="UBERON:0000966" label="retina"/>
            <span end="41611" id="16110338-16569" start="41605">retina</span>
        </annotation>
        <annotation annotator="Michael Bada" id="UBERON_Instance_480792" type="identity">
            <class id="UBERON:0000483" label="epithelium"/>
            <span end="41797" id="16110338-16770" start="41788">epithelia</span>
        </annotation>
        <annotation annotator="Michael Bada" id="UBERON_Instance_480576" type="identity">
            <class id="UBERON:0000966" label="retina"/>
            <span end="41898" id="16110338-16571" start="41892">retina</span>
        </annotation>
        <annotation annotator="Michael Bada" id="UBERON_Instance_480578" type="identity">
            <class id="UBERON:0000966" label="retina"/>
            <span end="43090" id="16110338-16573" start="43083">retinal</span>
        </annotation>
        <annotation annotator="Michael Bada" id="UBERON_Instance_480580" type="identity">
            <class id="UBERON:0000966" label="retina"/>
            <span end="43246" id="16110338-16575" start="43239">retinal</span>
        </annotation>
        <annotation annotator="Michael Bada" id="UBERON_Instance_480582" type="identity">
            <class id="UBERON:0000966" label="retina"/>
            <span end="43381" id="16110338-16577" start="43374">retinas</span>
        </annotation>
        <annotation annotator="Michael Bada" id="UBERON_Instance_480794" type="identity">
            <class id="UBERON:0001062" label="anatomical entity"/>
            <span end="44152" id="16110338-16772" start="44145">anatomy</span>
        </annotation>
        <annotation annotator="Michael Bada" id="UBERON_Instance_480584" type="identity">
            <class id="UBERON:0000966" label="retina"/>
            <span end="45932" id="16110338-16579" start="45925">retinas</span>
        </annotation>
        <annotation annotator="Michael Bada" id="UBERON_Instance_480796" type="identity">
            <class id="UBERON:0000479" label="tissue"/>
            <span end="47735" id="16110338-16774" start="47729">tissue</span>
        </annotation>
        <annotation annotator="Michael Bada" id="UBERON_Instance_480586" type="identity">
            <class id="UBERON:0000966" label="retina"/>
            <span end="48630" id="16110338-16581" start="48623">retinas</span>
        </annotation>
        <annotation annotator="Michael Bada" id="UBERON_Instance_480142" type="identity">
            <class id="UBERON:0001179" label="peritoneal cavity"/>
            <span end="49535" id="16110338-16353" start="49525">peritoneal</span>
        </annotation>
        <annotation annotator="Michael Bada" id="UBERON_Instance_480662" type="identity">
            <class id="UBERON:0000970" label="eye"/>
            <span end="49569" id="16110338-16655" start="49565">eyes</span>
        </annotation>
        <annotation annotator="Michael Bada" id="UBERON_Instance_481764" type="identity">
            <class id="UBERON:0000964" label="cornea"/>
            <span end="49599" id="16110338-16831" start="49593">cornea</span>
        </annotation>
        <annotation annotator="Michael Bada" id="UBERON_Instance_480664" type="identity">
            <class id="UBERON:0000970" label="eye"/>
            <span end="49685" id="16110338-16657" start="49682">eye</span>
        </annotation>
        <annotation annotator="Michael Bada" id="UBERON_Instance_480390" type="identity">
            <class id="UBERON_EXT:lens" label="lens"/>
            <span end="49838" id="16110338-16387" start="49834">lens</span>
        </annotation>
        <annotation annotator="Michael Bada" id="UBERON_Instance_450002" type="identity">
            <class id="UBERON:0003072" label="optic cup"/>
            <span end="49872" id="16110338-16351" start="49866">eyecup</span>
        </annotation>
        <annotation annotator="Michael Bada" id="UBERON_Instance_480666" type="identity">
            <class id="UBERON:0000970" label="eye"/>
            <span end="49930" id="16110338-16659" start="49927">eye</span>
        </annotation>
        <annotation annotator="Michael Bada" id="UBERON_Instance_660024" type="identity">
            <class id="UBERON:0001091" label="calcareous tooth"/>
            <span end="49956" id="16110338-16848" start="49950">dental</span>
        </annotation>
        <annotation annotator="Michael Bada" id="UBERON_Instance_480588" type="identity">
            <class id="UBERON:0000966" label="retina"/>
            <span end="50035" id="16110338-16583" start="50028">retinas</span>
        </annotation>
        <annotation annotator="Michael Bada" id="UBERON_Instance_480798" type="identity">
            <class id="UBERON:0000004" label="olfactory apparatus"/>
            <span end="50094" id="16110338-16776" start="50089">nasal</span>
        </annotation>
        <annotation annotator="Michael Bada" id="UBERON_Instance_480590" type="identity">
            <class id="UBERON:0000966" label="retina"/>
            <span end="50122" id="16110338-16585" start="50115">retinas</span>
        </annotation>
        <annotation annotator="Michael Bada" id="UBERON_Instance_480592" type="identity">
            <class id="UBERON:0001782" label="pigmented layer of retina"/>
            <span end="50163" id="16110338-16587" start="50137">retinal pigment epithelium</span>
        </annotation>
        <annotation annotator="Michael Bada" id="UBERON_Instance_480738" type="identity">
            <class id="UBERON:0001773" label="sclera"/>
            <span end="50210" id="16110338-16721" start="50204">sclera</span>
        </annotation>
        <annotation annotator="Michael Bada" id="UBERON_Instance_480594" type="identity">
            <class id="UBERON:0000966" label="retina"/>
            <span end="50245" id="16110338-16589" start="50238">retinas</span>
        </annotation>
        <annotation annotator="Michael Bada" id="UBERON_Instance_480596" type="identity">
            <class id="UBERON:0000966" label="retina"/>
            <span end="50436" id="16110338-16591" start="50429">retinas</span>
        </annotation>
        <annotation annotator="Michael Bada" id="UBERON_Instance_480598" type="identity">
            <class id="UBERON:0000966" label="retina"/>
            <span end="50798" id="16110338-16593" start="50791">retinas</span>
        </annotation>
        <annotation annotator="Michael Bada" id="UBERON_Instance_480600" type="identity">
            <class id="UBERON:0000966" label="retina"/>
            <span end="51114" id="16110338-16595" start="51108">retina</span>
        </annotation>
        <annotation annotator="Michael Bada" id="UBERON_Instance_480602" type="identity">
            <class id="UBERON:0000966" label="retina"/>
            <span end="51169" id="16110338-16597" start="51163">retina</span>
        </annotation>
        <annotation annotator="Michael Bada" id="UBERON_Instance_480800" type="identity">
            <class id="UBERON:0001787" label="photoreceptor layer of retina"/>
            <span end="51534" id="16110338-16778" start="51515">photoreceptor layer</span>
        </annotation>
        <annotation annotator="Michael Bada" id="UBERON_Instance_480604" type="identity">
            <class id="UBERON:0000966" label="retina"/>
            <span end="51735" id="16110338-16599" start="51728">retinas</span>
        </annotation>
        <annotation annotator="Michael Bada" id="UBERON_Instance_480802" type="identity">
            <class id="UBERON:0001789" label="outer nuclear layer of retina"/>
            <span end="51831" id="16110338-16780" start="51827">ONLs</span>
        </annotation>
        <annotation annotator="Michael Bada" id="UBERON_Instance_480804" type="identity">
            <class id="UBERON:0001789" label="outer nuclear layer of retina"/>
            <span end="51921" id="16110338-16782" start="51918">ONL</span>
        </annotation>
        <annotation annotator="Michael Bada" id="UBERON_Instance_480668" type="identity">
            <class id="UBERON:0000970" label="eye"/>
            <span end="52358" id="16110338-16661" start="52355">eye</span>
        </annotation>
        <annotation annotator="Michael Bada" id="UBERON_Instance_480606" type="identity">
            <class id="UBERON:0000966" label="retina"/>
            <span end="52798" id="16110338-16601" start="52792">retina</span>
        </annotation>
        <annotation annotator="Michael Bada" id="UBERON_Instance_480608" type="identity">
            <class id="UBERON:0000966" label="retina"/>
            <span end="53444" id="16110338-16603" start="53438">retina</span>
        </annotation>
        <annotation annotator="Michael Bada" id="UBERON_Instance_480610" type="identity">
            <class id="UBERON:0000966" label="retina"/>
            <span end="53556" id="16110338-16605" start="53549">retinas</span>
        </annotation>
        <annotation annotator="Michael Bada" id="UBERON_Instance_480612" type="identity">
            <class id="UBERON:0000966" label="retina"/>
            <span end="53734" id="16110338-16607" start="53728">retina</span>
        </annotation>
        <annotation annotator="Michael Bada" id="UBERON_Instance_480146" type="identity">
            <class id="UBERON:0000922" label="embryo"/>
            <span end="53797" id="16110338-16355" start="53788">embryonic</span>
        </annotation>
        <annotation annotator="Michael Bada" id="UBERON_Instance_480614" type="identity">
            <class id="UBERON:0000966" label="retina"/>
            <span end="53823" id="16110338-16609" start="53817">retina</span>
        </annotation>
        <annotation annotator="Michael Bada" id="UBERON_Instance_480148" type="identity">
            <class id="UBERON:0000922" label="embryo"/>
            <span end="53856" id="16110338-16357" start="53847">embryonic</span>
        </annotation>
        <annotation annotator="Michael Bada" id="UBERON_Instance_480806" type="identity">
            <class id="UBERON:0001789" label="outer nuclear layer of retina"/>
            <span end="54827" id="16110338-16784" start="54824">ONL</span>
        </annotation>
        <annotation annotator="Michael Bada" id="UBERON_Instance_480740" type="identity">
            <class id="UBERON:0001773" label="sclera"/>
            <span end="54878" id="16110338-16723" start="54871">scleral</span>
        </annotation>
        <annotation annotator="Michael Bada" id="UBERON_Instance_480808" type="identity">
            <class id="UBERON:0001789" label="outer nuclear layer of retina"/>
            <span end="54894" id="16110338-16786" start="54891">ONL</span>
        </annotation>
        <annotation annotator="Michael Bada" id="UBERON_Instance_480616" type="identity">
            <class id="UBERON:0000966" label="retina"/>
            <span end="55802" id="16110338-16611" start="55796">retina</span>
        </annotation>
        <annotation annotator="Michael Bada" id="UBERON_Instance_480618" type="identity">
            <class id="UBERON:0000966" label="retina"/>
            <span end="57002" id="16110338-16613" start="56996">Retina</span>
        </annotation>
        <annotation annotator="Michael Bada" id="UBERON_Instance_480620" type="identity">
            <class id="UBERON:0000966" label="retina"/>
            <span end="57415" id="16110338-16615" start="57409">Retina</span>
        </annotation>
        <annotation annotator="Michael Bada" id="UBERON_Instance_480354" type="identity">
            <class id="UBERON:0001792" label="ganglionic layer of retina"/>
            <span end="60048" id="16110338-16383" start="60045">GCL</span>
        </annotation>
        <annotation annotator="Michael Bada" id="UBERON_Instance_480352" type="identity">
            <class id="UBERON:0001792" label="ganglionic layer of retina"/>
            <span end="60070" id="16110338-16381" start="60051">ganglion cell layer</span>
        </annotation>
        <annotation annotator="Michael Bada" id="UBERON_Instance_480816" type="identity">
            <class id="UBERON:0001791" label="inner nuclear layer of retina"/>
            <span end="60075" id="16110338-16794" start="60072">INL</span>
        </annotation>
        <annotation annotator="Michael Bada" id="UBERON_Instance_480814" type="identity">
            <class id="UBERON:0001791" label="inner nuclear layer of retina"/>
            <span end="60097" id="16110338-16792" start="60078">inner nuclear layer</span>
        </annotation>
        <annotation annotator="Michael Bada" id="UBERON_Instance_480812" type="identity">
            <class id="UBERON:0001789" label="outer nuclear layer of retina"/>
            <span end="60102" id="16110338-16790" start="60099">ONL</span>
        </annotation>
        <annotation annotator="Michael Bada" id="UBERON_Instance_480810" type="identity">
            <class id="UBERON:0001789" label="outer nuclear layer of retina"/>
            <span end="60124" id="16110338-16788" start="60105">outer nuclear layer</span>
        </annotation>
        <annotation annotator="Michael Bada" id="UBERON_Instance_480622" type="identity">
            <class id="UBERON:0000966" label="retina"/>
            <span end="62161" id="16110338-16617" start="62155">retina</span>
        </annotation>
        <annotation annotator="Michael Bada" id="UBERON_Instance_480624" type="identity">
            <class id="UBERON:0000966" label="retina"/>
            <span end="62476" id="16110338-16619" start="62470">retina</span>
        </annotation>
        <annotation annotator="Michael Bada" id="UBERON_Instance_480818" type="identity">
            <class id="UBERON:0001782" label="pigmented layer of retina"/>
            <span end="63324" id="16110338-16796" start="63321">RPE</span>
        </annotation>
        <annotation annotator="Michael Bada" id="UBERON_Instance_480626" type="identity">
            <class id="UBERON:0001782" label="pigmented layer of retina"/>
            <span end="63352" id="16110338-16621" start="63326">retinal pigment epithelium</span>
        </annotation>
        <annotation annotator="Michael Bada" id="UBERON_Instance_480628" type="identity">
            <class id="UBERON:0000966" label="retina"/>
            <span end="63545" id="16110338-16623" start="63539">retina</span>
        </annotation>
        <annotation annotator="Michael Bada" id="UBERON_Instance_480630" type="identity">
            <class id="UBERON:0000966" label="retina"/>
            <span end="64045" id="16110338-16625" start="64039">Retina</span>
        </annotation>
        <annotation annotator="Michael Bada" id="UBERON_Instance_480632" type="identity">
            <class id="UBERON:0000966" label="retina"/>
            <span end="64155" id="16110338-16627" start="64148">retinal</span>
        </annotation>
        <annotation annotator="Michael Bada" id="UBERON_Instance_480820" type="identity">
            <class id="UBERON:0001789" label="outer nuclear layer of retina"/>
            <span end="64250" id="16110338-16798" start="64228">outer nuclear layer of</span>
            <span end="64271" id="16110338-16799" start="64265">retina</span>
        </annotation>
        <annotation annotator="Michael Bada" id="UBERON_Instance_480742" type="identity">
            <class id="UBERON:0001773" label="sclera"/>
            <span end="64344" id="16110338-16725" start="64337">scleral</span>
        </annotation>
        <annotation annotator="Michael Bada" id="UBERON_Instance_480822" type="identity">
            <class id="UBERON:0001789" label="outer nuclear layer of retina"/>
            <span end="64376" id="16110338-16801" start="64357">outer nuclear layer</span>
        </annotation>
        <annotation annotator="Michael Bada" id="UBERON_Instance_480744" type="identity">
            <class id="UBERON:0001773" label="sclera"/>
            <span end="64727" id="16110338-16727" start="64720">scleral</span>
        </annotation>
        <annotation annotator="Michael Bada" id="UBERON_Instance_480824" type="identity">
            <class id="UBERON:0001789" label="outer nuclear layer of retina"/>
            <span end="64759" id="16110338-16803" start="64740">outer nuclear layer</span>
        </annotation>
        <annotation annotator="Michael Bada" id="UBERON_Instance_480636" type="identity">
            <class id="UBERON:0000966" label="retina"/>
            <span end="64955" id="16110338-16629" start="64948">Retinas</span>
        </annotation>
        <annotation annotator="Michael Bada" id="UBERON_Instance_480746" type="identity">
            <class id="UBERON:0001773" label="sclera"/>
            <span end="64990" id="16110338-16729" start="64983">scleral</span>
        </annotation>
        <annotation annotator="Michael Bada" id="UBERON_Instance_480748" type="identity">
            <class id="UBERON:0001773" label="sclera"/>
            <span end="65196" id="16110338-16731" start="65189">scleral</span>
        </annotation>
        <annotation annotator="Michael Bada" id="UBERON_Instance_480828" type="identity">
            <class id="UBERON:0000922" label="embryo"/>
            <span end="65218" id="16110338-16805" start="65209">embryonic</span>
        </annotation>
        <annotation annotator="Michael Bada" id="UBERON_Instance_480638" type="identity">
            <class id="UBERON:0000966" label="retina"/>
            <span end="65231" id="16110338-16631" start="65225">retina</span>
        </annotation>
        <annotation annotator="Michael Bada" id="UBERON_Instance_480830" type="identity">
            <class id="UBERON:0007023" label="adult organism"/>
            <span end="65635" id="16110338-16807" start="65630">adult</span>
        </annotation>
        <annotation annotator="Michael Bada" id="UBERON_Instance_480832" type="identity">
            <class id="UBERON:0000922" label="embryo"/>
            <span end="65720" id="16110338-16809" start="65711">embryonic</span>
        </annotation>
        <annotation annotator="Michael Bada" id="UBERON_Instance_480640" type="identity">
            <class id="UBERON:0000966" label="retina"/>
            <span end="65727" id="16110338-16633" start="65721">retina</span>
        </annotation>
        <annotation annotator="Michael Bada" id="UBERON_Instance_480642" type="identity">
            <class id="UBERON:0000966" label="retina"/>
            <span end="65800" id="16110338-16635" start="65794">retina</span>
        </annotation>
        <annotation annotator="Michael Bada" id="UBERON_Instance_480644" type="identity">
            <class id="UBERON:0000966" label="retina"/>
            <span end="65914" id="16110338-16637" start="65908">Retina</span>
        </annotation>
        <annotation annotator="Michael Bada" id="UBERON_Instance_480646" type="identity">
            <class id="UBERON:0000966" label="retina"/>
            <span end="65992" id="16110338-16639" start="65986">retina</span>
        </annotation>
        <annotation annotator="Michael Bada" id="UBERON_Instance_480648" type="identity">
            <class id="UBERON:0000966" label="retina"/>
            <span end="66211" id="16110338-16641" start="66205">Retina</span>
        </annotation>
        <annotation annotator="Michael Bada" id="UBERON_Instance_480834" type="identity">
            <class id="UBERON:0001789" label="outer nuclear layer of retina"/>
            <span end="66401" id="16110338-16811" start="66382">outer nuclear layer</span>
        </annotation>
        <annotation annotator="Michael Bada" id="UBERON_Instance_480750" type="identity">
            <class id="UBERON:0001773" label="sclera"/>
            <span end="66410" id="16110338-16733" start="66403">scleral</span>
        </annotation>
        <annotation annotator="Michael Bada" id="UBERON_Instance_480836" type="identity">
            <class id="UBERON:0001789" label="outer nuclear layer of retina"/>
            <span end="66701" id="16110338-16813" start="66682">outer nuclear layer</span>
        </annotation>
        <annotation annotator="Michael Bada" id="UBERON_Instance_480838" type="identity">
            <class id="UBERON:0001789" label="outer nuclear layer of retina"/>
            <span end="66776" id="16110338-16815" start="66757">outer nuclear layer</span>
        </annotation>
        <annotation annotator="Michael Bada" id="UBERON_Instance_480650" type="identity">
            <class id="UBERON:0000966" label="retina"/>
            <span end="66848" id="16110338-16643" start="66842">retina</span>
        </annotation>
        <annotation annotator="Michael Bada" id="UBERON_Instance_480652" type="identity">
            <class id="UBERON:0000966" label="retina"/>
            <span end="66885" id="16110338-16645" start="66879">retina</span>
        </annotation>
        <annotation annotator="Michael Bada" id="UBERON_Instance_480840" type="identity">
            <class id="UBERON:0001789" label="outer nuclear layer of retina"/>
            <span end="67034" id="16110338-16817" start="67015">outer nuclear layer</span>
        </annotation>
        <annotation annotator="Michael Bada" id="UBERON_Instance_480752" type="identity">
            <class id="UBERON:0001773" label="sclera"/>
            <span end="67043" id="16110338-16735" start="67036">scleral</span>
        </annotation>
        <annotation annotator="Michael Bada" id="UBERON_Instance_480754" type="identity">
            <class id="UBERON:0001773" label="sclera"/>
            <span end="67150" id="16110338-16737" start="67143">scleral</span>
        </annotation>
        <annotation annotator="Michael Bada" id="UBERON_Instance_480842" type="identity">
            <class id="UBERON:0001789" label="outer nuclear layer of retina"/>
            <span end="67182" id="16110338-16819" start="67163">outer nuclear layer</span>
        </annotation>
        <annotation annotator="Michael Bada" id="UBERON_Instance_480654" type="identity">
            <class id="UBERON:0000966" label="retina"/>
            <span end="67222" id="16110338-16647" start="67216">retina</span>
        </annotation>
        <annotation annotator="Michael Bada" id="UBERON_Instance_480844" type="identity">
            <class id="UBERON:0001789" label="outer nuclear layer of retina"/>
            <span end="67310" id="16110338-16821" start="67291">outer nuclear layer</span>
        </annotation>
        <annotation annotator="Michael Bada" id="UBERON_Instance_480656" type="identity">
            <class id="UBERON:0000966" label="retina"/>
            <span end="67441" id="16110338-16649" start="67434">retinas</span>
        </annotation>
        <annotation annotator="Michael Bada" id="UBERON_Instance_480846" type="identity">
            <class id="UBERON:0001789" label="outer nuclear layer of retina"/>
            <span end="67592" id="16110338-16823" start="67573">outer nuclear layer</span>
        </annotation>
        <graph-space id="Old Knowtator Relations"/>
    </document>
</knowtator-project>
