<?xml version="1.0" encoding="UTF-8" standalone="no"?>
<knowtator-project>
    <document id="16216087" text-file="16216087.txt">
        <annotation annotator="Michael Bada" id="UBERON_Instance_480010" type="identity">
            <class id="UBERON:0001890" label="forebrain"/>
            <span end="613" id="16216087-17480" start="604">forebrain</span>
        </annotation>
        <annotation annotator="Michael Bada" id="UBERON_Instance_480012" type="identity">
            <class id="UBERON:0001890" label="forebrain"/>
            <span end="804" id="16216087-17482" start="795">forebrain</span>
        </annotation>
        <annotation annotator="Michael Bada" id="UBERON_Instance_480212" type="identity">
            <class id="UBERON_EXT:hippocampus_proper_or_hippocampal_formation" label="hippocampus proper or hippocampal formation"/>
            <span end="929" id="16216087-17592" start="918">hippocampus</span>
        </annotation>
        <annotation annotator="Michael Bada" id="UBERON_Instance_481544" type="identity">
            <class id="UBERON:0001851" label="cortex"/>
            <span end="940" id="16216087-17764" start="934">cortex</span>
        </annotation>
        <annotation annotator="Michael Bada" id="UBERON_Instance_481546" type="identity">
            <class id="UBERON:0004725" label="piriform cortex"/>
            <span end="1035" id="16216087-17766" start="1020">piriform cortex</span>
        </annotation>
        <annotation annotator="Michael Bada" id="UBERON_Instance_480214" type="identity">
            <class id="UBERON_EXT:hippocampus_proper_or_hippocampal_formation" label="hippocampus proper or hippocampal formation"/>
            <span end="1051" id="16216087-17594" start="1040">hippocampus</span>
        </annotation>
        <annotation annotator="Michael Bada" id="UBERON_Instance_481548" type="identity">
            <class id="UBERON:0004725" label="piriform cortex"/>
            <span end="1755" id="16216087-17768" start="1740">piriform cortex</span>
        </annotation>
        <annotation annotator="Michael Bada" id="UBERON_Instance_480216" type="identity">
            <class id="UBERON_EXT:hippocampus_proper_or_hippocampal_formation" label="hippocampus proper or hippocampal formation"/>
            <span end="1774" id="16216087-17596" start="1763">hippocampus</span>
        </annotation>
        <annotation annotator="Michael Bada" id="UBERON_Instance_481298" type="identity">
            <class id="UBERON:0002264" label="olfactory bulb"/>
            <span end="1800" id="16216087-17696" start="1786">olfactory bulb</span>
        </annotation>
        <annotation annotator="Michael Bada" id="UBERON_Instance_480218" type="identity">
            <class id="UBERON_EXT:hippocampus_proper_or_hippocampal_formation" label="hippocampus proper or hippocampal formation"/>
            <span end="1942" id="16216087-17598" start="1931">hippocampus</span>
        </annotation>
        <annotation annotator="Michael Bada" id="UBERON_Instance_481550" type="identity">
            <class id="UBERON:0004725" label="piriform cortex"/>
            <span end="2215" id="16216087-17770" start="2200">piriform cortex</span>
        </annotation>
        <annotation annotator="Michael Bada" id="UBERON_Instance_480366" type="identity">
            <class id="UBERON:0024914" label="circuit part of central nervous system"/>
            <span end="2466" id="16216087-17688" start="2457">circuitry</span>
        </annotation>
        <annotation annotator="Michael Bada" id="UBERON_Instance_481296" type="identity">
            <class id="UBERON:0002264" label="olfactory bulb"/>
            <span end="2488" id="16216087-17694" start="2474">olfactory bulb</span>
        </annotation>
        <annotation annotator="Michael Bada" id="UBERON_Instance_480364" type="identity">
            <class id="UBERON:0024914" label="circuit part of central nervous system"/>
            <span end="2548" id="16216087-17686" start="2540">circuits</span>
        </annotation>
        <annotation annotator="Michael Bada" id="UBERON_Instance_481606" type="identity">
            <class id="UBERON:0000966" label="retina"/>
            <span end="2586" id="16216087-17826" start="2580">retina</span>
        </annotation>
        <annotation annotator="Michael Bada" id="UBERON_Instance_481790" type="identity">
            <class id="UBERON:0001062" label="anatomical entity"/>
            <span end="2730" id="16216087-17936" start="2723">anatomy</span>
        </annotation>
        <annotation annotator="Michael Bada" id="UBERON_Instance_481300" type="identity">
            <class id="UBERON:0002264" label="olfactory bulb"/>
            <span end="2989" id="16216087-17698" start="2975">olfactory bulb</span>
        </annotation>
        <annotation annotator="Michael Bada" id="UBERON_Instance_480362" type="identity">
            <class id="UBERON:0024914" label="circuit part of central nervous system"/>
            <span end="3353" id="16216087-17684" start="3336">neuronal circuits</span>
        </annotation>
        <annotation annotator="Michael Bada" id="UBERON_Instance_481304" type="identity">
            <class id="UBERON:0002264" label="olfactory bulb"/>
            <span end="4711" id="16216087-17700" start="4697">olfactory bulb</span>
        </annotation>
        <annotation annotator="Michael Bada" id="UBERON_Instance_480368" type="identity">
            <class id="UBERON:0024914" label="circuit part of central nervous system"/>
            <span end="5085" id="16216087-17690" start="5077">circuits</span>
        </annotation>
        <annotation annotator="Michael Bada" id="UBERON_Instance_481552" type="identity">
            <class id="UBERON:0004725" label="piriform cortex"/>
            <span end="5194" id="16216087-17772" start="5179">piriform cortex</span>
        </annotation>
        <annotation annotator="Michael Bada" id="UBERON_Instance_420000" type="identity">
            <class id="UBERON:0002616" label="regional part of brain"/>
            <span end="5297" id="16216087-17478" start="5284">brain regions</span>
        </annotation>
        <annotation annotator="Michael Bada" id="UBERON_Instance_481612" type="identity">
            <class id="UBERON:0000955" label="brain"/>
            <span end="5711" id="16216087-17828" start="5706">brain</span>
        </annotation>
        <annotation annotator="Michael Bada" id="UBERON_Instance_460002" type="identity">
            <class id="UBERON:0002616" label="regional part of brain"/>
            <span end="6045" id="16216087-17940" start="6034">brain areas</span>
        </annotation>
        <annotation annotator="Michael Bada" id="UBERON_Instance_480014" type="identity">
            <class id="UBERON:0001890" label="forebrain"/>
            <span end="6228" id="16216087-17484" start="6219">forebrain</span>
        </annotation>
        <annotation annotator="Michael Bada" id="UBERON_Instance_480182" type="identity">
            <class id="UBERON:0000104" label="life cycle"/>
            <span end="6263" id="16216087-17578" start="6255">lifespan</span>
        </annotation>
        <annotation annotator="Michael Bada" id="UBERON_Instance_480016" type="identity">
            <class id="UBERON:0001890" label="forebrain"/>
            <span end="6332" id="16216087-17486" start="6323">forebrain</span>
        </annotation>
        <annotation annotator="Michael Bada" id="UBERON_Instance_480184" type="identity">
            <class id="UBERON:0000104" label="life cycle"/>
            <span end="6408" id="16216087-17580" start="6404">life</span>
        </annotation>
        <annotation annotator="Michael Bada" id="UBERON_Instance_480018" type="identity">
            <class id="UBERON:0001890" label="forebrain"/>
            <span end="7033" id="16216087-17488" start="7024">forebrain</span>
        </annotation>
        <annotation annotator="Michael Bada" id="UBERON_Instance_490004" type="identity">
            <class id="UBERON:0002616" label="regional part of brain"/>
            <span end="7098" id="16216087-17942" start="7085">brain regions</span>
        </annotation>
        <annotation annotator="Michael Bada" id="UBERON_Instance_500006" type="identity">
            <class id="UBERON:0002616" label="regional part of brain"/>
            <span end="7253" id="16216087-17944" start="7242">brain areas</span>
        </annotation>
        <annotation annotator="Michael Bada" id="UBERON_Instance_481554" type="identity">
            <class id="UBERON:0004725" label="piriform cortex"/>
            <span end="7383" id="16216087-17774" start="7368">piriform cortex</span>
        </annotation>
        <annotation annotator="Michael Bada" id="UBERON_Instance_480220" type="identity">
            <class id="UBERON_EXT:hippocampus_proper_or_hippocampal_formation" label="hippocampus proper or hippocampal formation"/>
            <span end="7399" id="16216087-17600" start="7388">hippocampus</span>
        </annotation>
        <annotation annotator="Michael Bada" id="UBERON_Instance_500008" type="identity">
            <class id="UBERON:0002616" label="regional part of brain"/>
            <span end="7545" id="16216087-17946" start="7532">brain regions</span>
        </annotation>
        <annotation annotator="Michael Bada" id="UBERON_Instance_480020" type="identity">
            <class id="UBERON:0001890" label="forebrain"/>
            <span end="7639" id="16216087-17490" start="7630">Forebrain</span>
        </annotation>
        <annotation annotator="Michael Bada" id="UBERON_Instance_480022" type="identity">
            <class id="UBERON:0001890" label="forebrain"/>
            <span end="8379" id="16216087-17492" start="8370">forebrain</span>
        </annotation>
        <annotation annotator="Michael Bada" id="UBERON_Instance_480024" type="identity">
            <class id="UBERON:0001890" label="forebrain"/>
            <span end="8547" id="16216087-17494" start="8538">forebrain</span>
        </annotation>
        <annotation annotator="Michael Bada" id="UBERON_Instance_480026" type="identity">
            <class id="UBERON:0001890" label="forebrain"/>
            <span end="8749" id="16216087-17496" start="8740">forebrain</span>
        </annotation>
        <annotation annotator="Michael Bada" id="UBERON_Instance_480186" type="identity">
            <class id="UBERON:0000104" label="life cycle"/>
            <span end="9007" id="16216087-17582" start="8999">lifespan</span>
        </annotation>
        <annotation annotator="Michael Bada" id="UBERON_Instance_480120" type="identity">
            <class id="UBERON:0000033" label="head"/>
            <span end="10013" id="16216087-17556" start="10009">head</span>
        </annotation>
        <annotation annotator="Michael Bada" id="UBERON_Instance_480122" type="identity">
            <class id="UBERON:0000033" label="head"/>
            <span end="10115" id="16216087-17558" start="10111">head</span>
        </annotation>
        <annotation annotator="Michael Bada" id="UBERON_Instance_480124" type="identity">
            <class id="UBERON:0000033" label="head"/>
            <span end="10230" id="16216087-17560" start="10226">head</span>
        </annotation>
        <annotation annotator="Michael Bada" id="UBERON_Instance_480028" type="identity">
            <class id="UBERON:0001890" label="forebrain"/>
            <span end="10938" id="16216087-17498" start="10929">forebrain</span>
        </annotation>
        <annotation annotator="Michael Bada" id="UBERON_Instance_481306" type="identity">
            <class id="UBERON:0002264" label="olfactory bulb"/>
            <span end="10974" id="16216087-17702" start="10960">olfactory bulb</span>
        </annotation>
        <annotation annotator="Michael Bada" id="UBERON_Instance_480030" type="identity">
            <class id="UBERON:0001890" label="forebrain"/>
            <span end="11361" id="16216087-17500" start="11352">forebrain</span>
        </annotation>
        <annotation annotator="Michael Bada" id="UBERON_Instance_480032" type="identity">
            <class id="UBERON:0001890" label="forebrain"/>
            <span end="11412" id="16216087-17502" start="11403">forebrain</span>
        </annotation>
        <annotation annotator="Michael Bada" id="UBERON_Instance_480222" type="identity">
            <class id="UBERON_EXT:hippocampus_proper_or_hippocampal_formation" label="hippocampus proper or hippocampal formation"/>
            <span end="11812" id="16216087-17602" start="11801">hippocampus</span>
        </annotation>
        <annotation annotator="Michael Bada" id="UBERON_Instance_481626" type="identity">
            <class id="UBERON:0001851" label="cortex"/>
            <span end="11822" id="16216087-17830" start="11814">cortical</span>
        </annotation>
        <annotation annotator="Michael Bada" id="UBERON_Instance_481308" type="identity">
            <class id="UBERON:0002264" label="olfactory bulb"/>
            <span end="11848" id="16216087-17704" start="11834">olfactory bulb</span>
        </annotation>
        <annotation annotator="Michael Bada" id="UBERON_Instance_480034" type="identity">
            <class id="UBERON:0001890" label="forebrain"/>
            <span end="12314" id="16216087-17504" start="12305">forebrain</span>
        </annotation>
        <annotation annotator="Michael Bada" id="UBERON_Instance_480188" type="identity">
            <class id="UBERON:0000104" label="life cycle"/>
            <span end="12372" id="16216087-17584" start="12368">life</span>
        </annotation>
        <annotation annotator="Michael Bada" id="UBERON_Instance_481628" type="identity">
            <class id="UBERON_EXT:body" label="body (proper or whole multicellular organism)"/>
            <span end="12431" id="16216087-17832" start="12427">body</span>
        </annotation>
        <annotation annotator="Michael Bada" id="UBERON_Instance_480192" type="identity">
            <class id="UBERON:0000113" label="post-juvenile adult stage"/>
            <span end="12460" id="16216087-17586" start="12451">adulthood</span>
        </annotation>
        <annotation annotator="Michael Bada" id="UBERON_Instance_480036" type="identity">
            <class id="UBERON:0001890" label="forebrain"/>
            <span end="15592" id="16216087-17506" start="15583">forebrain</span>
        </annotation>
        <annotation annotator="Michael Bada" id="UBERON_Instance_480224" type="identity">
            <class id="UBERON_EXT:hippocampus_proper_or_hippocampal_formation" label="hippocampus proper or hippocampal formation"/>
            <span end="15827" id="16216087-17604" start="15816">hippocampus</span>
        </annotation>
        <annotation annotator="Michael Bada" id="UBERON_Instance_480226" type="identity">
            <class id="UBERON_EXT:hippocampus_proper_or_hippocampal_formation" label="hippocampus proper or hippocampal formation"/>
            <span end="18083" id="16216087-17606" start="18072">hippocampus</span>
        </annotation>
        <annotation annotator="Michael Bada" id="UBERON_Instance_480038" type="identity">
            <class id="UBERON:0001890" label="forebrain"/>
            <span end="18693" id="16216087-17508" start="18684">forebrain</span>
        </annotation>
        <annotation annotator="Michael Bada" id="UBERON_Instance_480040" type="identity">
            <class id="UBERON:0001890" label="forebrain"/>
            <span end="18875" id="16216087-17510" start="18866">forebrain</span>
        </annotation>
        <annotation annotator="Michael Bada" id="UBERON_Instance_500010" type="identity">
            <class id="UBERON:0002616" label="regional part of brain"/>
            <span end="19578" id="16216087-17948" start="19567">brain areas</span>
        </annotation>
        <annotation annotator="Michael Bada" id="UBERON_Instance_480228" type="identity">
            <class id="UBERON_EXT:hippocampus_proper_or_hippocampal_formation" label="hippocampus proper or hippocampal formation"/>
            <span end="20098" id="16216087-17608" start="20087">hippocampus</span>
        </annotation>
        <annotation annotator="Michael Bada" id="UBERON_Instance_481638" type="identity">
            <class id="UBERON:0001876" label="amygdala"/>
            <span end="20108" id="16216087-17834" start="20100">amygdala</span>
        </annotation>
        <annotation annotator="Michael Bada" id="UBERON_Instance_481310" type="identity">
            <class id="UBERON:0002264" label="olfactory bulb"/>
            <span end="20124" id="16216087-17706" start="20110">olfactory bulb</span>
        </annotation>
        <annotation annotator="Michael Bada" id="UBERON_Instance_481556" type="identity">
            <class id="UBERON:0004725" label="piriform cortex"/>
            <span end="20145" id="16216087-17776" start="20130">piriform cortex</span>
        </annotation>
        <annotation annotator="Michael Bada" id="UBERON_Instance_500012" type="identity">
            <class id="UBERON:0002616" label="regional part of brain"/>
            <span end="20288" id="16216087-17950" start="20277">brain areas</span>
        </annotation>
        <annotation annotator="Michael Bada" id="UBERON_Instance_481312" type="identity">
            <class id="UBERON:0002264" label="olfactory bulb"/>
            <span end="20747" id="16216087-17708" start="20732">olfactory bulbs</span>
        </annotation>
        <annotation annotator="Michael Bada" id="UBERON_Instance_481640" type="identity">
            <class id="UBERON:0001851" label="cortex"/>
            <span end="20757" id="16216087-17836" start="20749">cortical</span>
        </annotation>
        <annotation annotator="Michael Bada" id="UBERON_Instance_481642" type="identity">
            <class id="UBERON_EXT:hippocampus_proper_or_hippocampal_formation" label="hippocampus proper or hippocampal formation"/>
            <span end="20779" id="16216087-17838" start="20769">hippocampi</span>
        </annotation>
        <annotation annotator="Michael Bada" id="UBERON_Instance_480230" type="identity">
            <class id="UBERON_EXT:hippocampus_proper_or_hippocampal_formation" label="hippocampus proper or hippocampal formation"/>
            <span end="21212" id="16216087-17610" start="21201">hippocampus</span>
        </annotation>
        <annotation annotator="Michael Bada" id="UBERON_Instance_481644" type="identity">
            <class id="UBERON:0001851" label="cortex"/>
            <span end="21267" id="16216087-17840" start="21259">cortical</span>
        </annotation>
        <annotation annotator="Michael Bada" id="UBERON_Instance_481314" type="identity">
            <class id="UBERON:0002264" label="olfactory bulb"/>
            <span end="21386" id="16216087-17710" start="21372">olfactory bulb</span>
        </annotation>
        <annotation annotator="Michael Bada" id="UBERON_Instance_480042" type="identity">
            <class id="UBERON:0001890" label="forebrain"/>
            <span end="21680" id="16216087-17512" start="21671">forebrain</span>
        </annotation>
        <annotation annotator="Michael Bada" id="UBERON_Instance_480232" type="identity">
            <class id="UBERON_EXT:hippocampus_proper_or_hippocampal_formation" label="hippocampus proper or hippocampal formation"/>
            <span end="21799" id="16216087-17612" start="21788">hippocampus</span>
        </annotation>
        <annotation annotator="Michael Bada" id="UBERON_Instance_481646" type="identity">
            <class id="UBERON:0001851" label="cortex"/>
            <span end="21812" id="16216087-17842" start="21804">cortical</span>
        </annotation>
        <annotation annotator="Michael Bada" id="UBERON_Instance_481316" type="identity">
            <class id="UBERON:0002264" label="olfactory bulb"/>
            <span end="21945" id="16216087-17712" start="21931">olfactory bulb</span>
        </annotation>
        <annotation annotator="Michael Bada" id="UBERON_Instance_480044" type="identity">
            <class id="UBERON:0001890" label="forebrain"/>
            <span end="21965" id="16216087-17514" start="21956">forebrain</span>
        </annotation>
        <annotation annotator="Michael Bada" id="UBERON_Instance_480234" type="identity">
            <class id="UBERON_EXT:hippocampus_proper_or_hippocampal_formation" label="hippocampus proper or hippocampal formation"/>
            <span end="22435" id="16216087-17614" start="22424">Hippocampus</span>
        </annotation>
        <annotation annotator="Michael Bada" id="UBERON_Instance_481558" type="identity">
            <class id="UBERON:0004725" label="piriform cortex"/>
            <span end="22455" id="16216087-17778" start="22440">Piriform Cortex</span>
        </annotation>
        <annotation annotator="Michael Bada" id="UBERON_Instance_480236" type="identity">
            <class id="UBERON_EXT:hippocampus_proper_or_hippocampal_formation" label="hippocampus proper or hippocampal formation"/>
            <span end="22582" id="16216087-17616" start="22571">hippocampus</span>
        </annotation>
        <annotation annotator="Michael Bada" id="UBERON_Instance_481648" type="identity">
            <class id="UBERON:0001851" label="cortex"/>
            <span end="22609" id="16216087-17844" start="22603">cortex</span>
        </annotation>
        <annotation annotator="Michael Bada" id="UBERON_Instance_481428" type="identity">
            <class id="UBERON:0002894" label="olfactory cortex"/>
            <span end="22745" id="16216087-17752" start="22729">olfactory cortex</span>
        </annotation>
        <annotation annotator="Michael Bada" id="UBERON_Instance_480238" type="identity">
            <class id="UBERON_EXT:hippocampus_proper_or_hippocampal_formation" label="hippocampus proper or hippocampal formation"/>
            <span end="22760" id="16216087-17618" start="22749">hippocampus</span>
        </annotation>
        <annotation annotator="Michael Bada" id="UBERON_Instance_481318" type="identity">
            <class id="UBERON:0002264" label="olfactory bulb"/>
            <span end="22881" id="16216087-17714" start="22867">olfactory bulb</span>
        </annotation>
        <annotation annotator="Michael Bada" id="UBERON_Instance_480240" type="identity">
            <class id="UBERON_EXT:hippocampus_proper_or_hippocampal_formation" label="hippocampus proper or hippocampal formation"/>
            <span end="23117" id="16216087-17620" start="23106">hippocampus</span>
        </annotation>
        <annotation annotator="Michael Bada" id="UBERON_Instance_481560" type="identity">
            <class id="UBERON:0004725" label="piriform cortex"/>
            <span end="23137" id="16216087-17780" start="23122">piriform cortex</span>
        </annotation>
        <annotation annotator="Michael Bada" id="UBERON_Instance_480242" type="identity">
            <class id="UBERON_EXT:hippocampus_proper_or_hippocampal_formation" label="hippocampus proper or hippocampal formation"/>
            <span end="23285" id="16216087-17622" start="23274">hippocampus</span>
        </annotation>
        <annotation annotator="Michael Bada" id="UBERON_Instance_481562" type="identity">
            <class id="UBERON:0004725" label="piriform cortex"/>
            <span end="23308" id="16216087-17782" start="23293">piriform cortex</span>
        </annotation>
        <annotation annotator="Michael Bada" id="UBERON_Instance_480244" type="identity">
            <class id="UBERON_EXT:hippocampus_proper_or_hippocampal_formation" label="hippocampus proper or hippocampal formation"/>
            <span end="23912" id="16216087-17624" start="23901">hippocampus</span>
        </annotation>
        <annotation annotator="Michael Bada" id="UBERON_Instance_481650" type="identity">
            <class id="UBERON:0000955" label="brain"/>
            <span end="24036" id="16216087-17846" start="24031">brain</span>
        </annotation>
        <annotation annotator="Michael Bada" id="UBERON_Instance_480246" type="identity">
            <class id="UBERON_EXT:hippocampus_proper_or_hippocampal_formation" label="hippocampus proper or hippocampal formation"/>
            <span end="24101" id="16216087-17626" start="24090">hippocampus</span>
        </annotation>
        <annotation annotator="Michael Bada" id="UBERON_Instance_481564" type="identity">
            <class id="UBERON:0004725" label="piriform cortex"/>
            <span end="24121" id="16216087-17784" start="24106">piriform cortex</span>
        </annotation>
        <annotation annotator="Michael Bada" id="UBERON_Instance_481652" type="identity">
            <class id="UBERON:0001851" label="cortex"/>
            <span end="24137" id="16216087-17848" start="24131">cortex</span>
        </annotation>
        <annotation annotator="Michael Bada" id="UBERON_Instance_481654" type="identity">
            <class id="UBERON:0001876" label="amygdala"/>
            <span end="24147" id="16216087-17850" start="24139">amygdala</span>
        </annotation>
        <annotation annotator="Michael Bada" id="UBERON_Instance_481656" type="identity">
            <class id="UBERON:0002435" label="striatum"/>
            <span end="24161" id="16216087-17852" start="24153">striatum</span>
        </annotation>
        <annotation annotator="Michael Bada" id="UBERON_Instance_480248" type="identity">
            <class id="UBERON_EXT:hippocampus_proper_or_hippocampal_formation" label="hippocampus proper or hippocampal formation"/>
            <span end="25619" id="16216087-17628" start="25608">hippocampus</span>
        </annotation>
        <annotation annotator="Michael Bada" id="UBERON_Instance_481566" type="identity">
            <class id="UBERON:0004725" label="piriform cortex"/>
            <span end="25639" id="16216087-17786" start="25624">piriform cortex</span>
        </annotation>
        <annotation annotator="Michael Bada" id="UBERON_Instance_481658" type="identity">
            <class id="UBERON:0001851" label="cortex"/>
            <span end="25972" id="16216087-17854" start="25966">cortex</span>
        </annotation>
        <annotation annotator="Michael Bada" id="UBERON_Instance_480250" type="identity">
            <class id="UBERON_EXT:hippocampus_proper_or_hippocampal_formation" label="hippocampus proper or hippocampal formation"/>
            <span end="25988" id="16216087-17630" start="25977">hippocampus</span>
        </annotation>
        <annotation annotator="Michael Bada" id="UBERON_Instance_481660" type="identity">
            <class id="UBERON:0001851" label="cortex"/>
            <span end="26023" id="16216087-17856" start="26017">cortex</span>
        </annotation>
        <annotation annotator="Michael Bada" id="UBERON_Instance_480252" type="identity">
            <class id="UBERON_EXT:hippocampus_proper_or_hippocampal_formation" label="hippocampus proper or hippocampal formation"/>
            <span end="26052" id="16216087-17632" start="26041">hippocampus</span>
        </annotation>
        <annotation annotator="Michael Bada" id="UBERON_Instance_500014" type="identity">
            <class id="UBERON:0002616" label="regional part of brain"/>
            <span end="26162" id="16216087-17952" start="26149">brain regions</span>
        </annotation>
        <annotation annotator="Michael Bada" id="UBERON_Instance_500016" type="identity">
            <class id="UBERON:0002616" label="regional part of brain"/>
            <span end="26388" id="16216087-17954" start="26377">brain areas</span>
        </annotation>
        <annotation annotator="Michael Bada" id="UBERON_Instance_481320" type="identity">
            <class id="UBERON:0002264" label="olfactory bulb"/>
            <span end="26945" id="16216087-17716" start="26931">olfactory bulb</span>
        </annotation>
        <annotation annotator="Michael Bada" id="UBERON_Instance_481568" type="identity">
            <class id="UBERON:0004725" label="piriform cortex"/>
            <span end="27000" id="16216087-17788" start="26985">piriform cortex</span>
        </annotation>
        <annotation annotator="Michael Bada" id="UBERON_Instance_480254" type="identity">
            <class id="UBERON_EXT:hippocampus_proper_or_hippocampal_formation" label="hippocampus proper or hippocampal formation"/>
            <span end="27015" id="16216087-17634" start="27004">hippocampus</span>
        </annotation>
        <annotation annotator="Michael Bada" id="UBERON_Instance_481570" type="identity">
            <class id="UBERON:0004725" label="piriform cortex"/>
            <span end="27090" id="16216087-17790" start="27075">piriform cortex</span>
        </annotation>
        <annotation annotator="Michael Bada" id="UBERON_Instance_480256" type="identity">
            <class id="UBERON_EXT:hippocampus_proper_or_hippocampal_formation" label="hippocampus proper or hippocampal formation"/>
            <span end="27106" id="16216087-17636" start="27095">hippocampus</span>
        </annotation>
        <annotation annotator="Michael Bada" id="UBERON_Instance_480046" type="identity">
            <class id="UBERON:0001890" label="forebrain"/>
            <span end="27561" id="16216087-17516" start="27552">forebrain</span>
        </annotation>
        <annotation annotator="Michael Bada" id="UBERON_Instance_500018" type="identity">
            <class id="UBERON:0002264" label="olfactory bulb"/>
            <span end="27587" id="16216087-17956" start="27573">olfactory bulb</span>
        </annotation>
        <annotation annotator="Michael Bada" id="UBERON_Instance_481572" type="identity">
            <class id="UBERON:0004725" label="piriform cortex"/>
            <span end="28608" id="16216087-17792" start="28593">piriform cortex</span>
        </annotation>
        <annotation annotator="Michael Bada" id="UBERON_Instance_480258" type="identity">
            <class id="UBERON_EXT:hippocampus_proper_or_hippocampal_formation" label="hippocampus proper or hippocampal formation"/>
            <span end="28624" id="16216087-17638" start="28613">hippocampus</span>
        </annotation>
        <annotation annotator="Michael Bada" id="UBERON_Instance_481324" type="identity">
            <class id="UBERON:0002264" label="olfactory bulb"/>
            <span end="28916" id="16216087-17718" start="28902">olfactory bulb</span>
        </annotation>
        <annotation annotator="Michael Bada" id="UBERON_Instance_481668" type="identity">
            <class id="UBERON:0000955" label="brain"/>
            <span end="29016" id="16216087-17858" start="29011">brain</span>
        </annotation>
        <annotation annotator="Michael Bada" id="UBERON_Instance_481574" type="identity">
            <class id="UBERON:0004725" label="piriform cortex"/>
            <span end="29057" id="16216087-17794" start="29042">piriform cortex</span>
        </annotation>
        <annotation annotator="Michael Bada" id="UBERON_Instance_480048" type="identity">
            <class id="UBERON:0001890" label="forebrain"/>
            <span end="29120" id="16216087-17518" start="29111">Forebrain</span>
        </annotation>
        <annotation annotator="Michael Bada" id="UBERON_Instance_480050" type="identity">
            <class id="UBERON:0001890" label="forebrain"/>
            <span end="29185" id="16216087-17520" start="29176">forebrain</span>
        </annotation>
        <annotation annotator="Michael Bada" id="UBERON_Instance_480052" type="identity">
            <class id="UBERON:0001890" label="forebrain"/>
            <span end="29479" id="16216087-17522" start="29470">forebrain</span>
        </annotation>
        <annotation annotator="Michael Bada" id="UBERON_Instance_480054" type="identity">
            <class id="UBERON:0001890" label="forebrain"/>
            <span end="29836" id="16216087-17524" start="29827">forebrain</span>
        </annotation>
        <annotation annotator="Michael Bada" id="UBERON_Instance_480260" type="identity">
            <class id="UBERON_EXT:hippocampus_proper_or_hippocampal_formation" label="hippocampus proper or hippocampal formation"/>
            <span end="30207" id="16216087-17640" start="30196">hippocampus</span>
        </annotation>
        <annotation annotator="Michael Bada" id="UBERON_Instance_481470" type="identity">
            <class id="UBERON:0001997" label="olfactory epithelium"/>
            <span end="30477" id="16216087-17754" start="30457">olfactory epithelial</span>
        </annotation>
        <annotation annotator="Michael Bada" id="UBERON_Instance_481670" type="identity">
            <class id="UBERON:0002255" label="vomeronasal organ"/>
            <span end="30551" id="16216087-17860" start="30534">vomeronasal organ</span>
        </annotation>
        <annotation annotator="Michael Bada" id="UBERON_Instance_480370" type="identity">
            <class id="UBERON:0024914" label="circuit part of central nervous system"/>
            <span end="31256" id="16216087-17692" start="31248">circuits</span>
        </annotation>
        <annotation annotator="Michael Bada" id="UBERON_Instance_480056" type="identity">
            <class id="UBERON:0001890" label="forebrain"/>
            <span end="31423" id="16216087-17526" start="31414">forebrain</span>
        </annotation>
        <annotation annotator="Michael Bada" id="UBERON_Instance_481326" type="identity">
            <class id="UBERON:0002264" label="olfactory bulb"/>
            <span end="31458" id="16216087-17720" start="31444">olfactory bulb</span>
        </annotation>
        <annotation annotator="Michael Bada" id="UBERON_Instance_481476" type="identity">
            <class id="UBERON:0002894" label="olfactory cortex"/>
            <span end="31476" id="16216087-17756" start="31460">olfactory cortex</span>
        </annotation>
        <annotation annotator="Michael Bada" id="UBERON_Instance_481672" type="identity">
            <class id="UBERON:0001851" label="cortex"/>
            <span end="31496" id="16216087-17862" start="31488">cortical</span>
        </annotation>
        <annotation annotator="Michael Bada" id="UBERON_Instance_480262" type="identity">
            <class id="UBERON_EXT:hippocampus_proper_or_hippocampal_formation" label="hippocampus proper or hippocampal formation"/>
            <span end="31518" id="16216087-17642" start="31507">hippocampus</span>
        </annotation>
        <annotation annotator="Michael Bada" id="UBERON_Instance_481576" type="identity">
            <class id="UBERON:0004725" label="piriform cortex"/>
            <span end="31693" id="16216087-17796" start="31678">piriform cortex</span>
        </annotation>
        <annotation annotator="Michael Bada" id="UBERON_Instance_480264" type="identity">
            <class id="UBERON_EXT:hippocampus_proper_or_hippocampal_formation" label="hippocampus proper or hippocampal formation"/>
            <span end="31709" id="16216087-17644" start="31698">hippocampus</span>
        </annotation>
        <annotation annotator="Michael Bada" id="UBERON_Instance_481328" type="identity">
            <class id="UBERON:0002264" label="olfactory bulb"/>
            <span end="31761" id="16216087-17722" start="31747">olfactory bulb</span>
        </annotation>
        <annotation annotator="Michael Bada" id="UBERON_Instance_481330" type="identity">
            <class id="UBERON:0002264" label="olfactory bulb"/>
            <span end="31888" id="16216087-17724" start="31874">olfactory bulb</span>
        </annotation>
        <annotation annotator="Michael Bada" id="UBERON_Instance_481578" type="identity">
            <class id="UBERON:0004725" label="piriform cortex"/>
            <span end="32148" id="16216087-17798" start="32133">piriform cortex</span>
        </annotation>
        <annotation annotator="Michael Bada" id="UBERON_Instance_481676" type="identity">
            <class id="UBERON:0000955" label="brain"/>
            <span end="33450" id="16216087-17864" start="33445">brain</span>
        </annotation>
        <annotation annotator="Michael Bada" id="UBERON_Instance_481678" type="identity">
            <class id="UBERON:0002313" label="hippocampus pyramidal layer"/>
            <span end="33551" id="16216087-17866" start="33530">hippocampal pyramidal</span>
        </annotation>
        <annotation annotator="Michael Bada" id="UBERON_Instance_481332" type="identity">
            <class id="UBERON:0002264" label="olfactory bulb"/>
            <span end="33801" id="16216087-17726" start="33787">olfactory bulb</span>
        </annotation>
        <annotation annotator="Michael Bada" id="UBERON_Instance_481334" type="identity">
            <class id="UBERON:0002264" label="olfactory bulb"/>
            <span end="34010" id="16216087-17728" start="33996">olfactory bulb</span>
        </annotation>
        <annotation annotator="Michael Bada" id="UBERON_Instance_481336" type="identity">
            <class id="UBERON:0002264" label="olfactory bulb"/>
            <span end="34643" id="16216087-17730" start="34629">olfactory bulb</span>
        </annotation>
        <annotation annotator="Michael Bada" id="UBERON_Instance_481580" type="identity">
            <class id="UBERON:0004725" label="piriform cortex"/>
            <span end="35511" id="16216087-17800" start="35496">Piriform Cortex</span>
        </annotation>
        <annotation annotator="Michael Bada" id="UBERON_Instance_480266" type="identity">
            <class id="UBERON_EXT:hippocampus_proper_or_hippocampal_formation" label="hippocampus proper or hippocampal formation"/>
            <span end="35527" id="16216087-17646" start="35516">Hippocampus</span>
        </annotation>
        <annotation annotator="Michael Bada" id="UBERON_Instance_480268" type="identity">
            <class id="UBERON_EXT:hippocampus_proper_or_hippocampal_formation" label="hippocampus proper or hippocampal formation"/>
            <span end="36614" id="16216087-17648" start="36603">hippocampus</span>
        </annotation>
        <annotation annotator="Michael Bada" id="UBERON_Instance_480058" type="identity">
            <class id="UBERON:0001890" label="forebrain"/>
            <span end="36773" id="16216087-17528" start="36764">forebrain</span>
        </annotation>
        <annotation annotator="Michael Bada" id="UBERON_Instance_480270" type="identity">
            <class id="UBERON_EXT:hippocampus_proper_or_hippocampal_formation" label="hippocampus proper or hippocampal formation"/>
            <span end="37405" id="16216087-17650" start="37394">hippocampus</span>
        </annotation>
        <annotation annotator="Michael Bada" id="UBERON_Instance_481680" type="identity">
            <class id="UBERON:0001851" label="cortex"/>
            <span end="37418" id="16216087-17868" start="37410">cortical</span>
        </annotation>
        <annotation annotator="Michael Bada" id="UBERON_Instance_481684" type="identity">
            <class id="UBERON_EXT:hippocampus_proper_or_hippocampal_formation" label="hippocampus proper or hippocampal formation"/>
            <span end="37468" id="16216087-17872" start="37457">hippocampal</span>
        </annotation>
        <annotation annotator="Michael Bada" id="UBERON_Instance_481682" type="identity">
            <class id="UBERON:0001851" label="cortex"/>
            <span end="37484" id="16216087-17870" start="37476">cortical</span>
        </annotation>
        <annotation annotator="Michael Bada" id="UBERON_Instance_481686" type="identity">
            <class id="UBERON:0001851" label="cortex"/>
            <span end="37970" id="16216087-17874" start="37962">cortical</span>
        </annotation>
        <annotation annotator="Michael Bada" id="UBERON_Instance_480272" type="identity">
            <class id="UBERON_EXT:hippocampus_proper_or_hippocampal_formation" label="hippocampus proper or hippocampal formation"/>
            <span end="37991" id="16216087-17652" start="37980">hippocampus</span>
        </annotation>
        <annotation annotator="Michael Bada" id="UBERON_Instance_481338" type="identity">
            <class id="UBERON:0002264" label="olfactory bulb"/>
            <span end="38057" id="16216087-17732" start="38043">olfactory bulb</span>
        </annotation>
        <annotation annotator="Michael Bada" id="UBERON_Instance_481582" type="identity">
            <class id="UBERON:0004725" label="piriform cortex"/>
            <span end="38164" id="16216087-17802" start="38149">piriform cortex</span>
        </annotation>
        <annotation annotator="Michael Bada" id="UBERON_Instance_480274" type="identity">
            <class id="UBERON_EXT:hippocampus_proper_or_hippocampal_formation" label="hippocampus proper or hippocampal formation"/>
            <span end="38180" id="16216087-17654" start="38169">hippocampus</span>
        </annotation>
        <annotation annotator="Michael Bada" id="UBERON_Instance_480276" type="identity">
            <class id="UBERON_EXT:hippocampus_proper_or_hippocampal_formation" label="hippocampus proper or hippocampal formation"/>
            <span end="38442" id="16216087-17656" start="38431">hippocampus</span>
        </annotation>
        <annotation annotator="Michael Bada" id="UBERON_Instance_500024" type="identity">
            <class id="UBERON:0002421" label="hippocampal formation"/>
            <span end="38664" id="16216087-17958" start="38643">hippocampal formation</span>
        </annotation>
        <annotation annotator="Michael Bada" id="UBERON_Instance_481584" type="identity">
            <class id="UBERON:0004725" label="piriform cortex"/>
            <span end="38836" id="16216087-17804" start="38821">piriform cortex</span>
        </annotation>
        <annotation annotator="Michael Bada" id="UBERON_Instance_481586" type="identity">
            <class id="UBERON:0004725" label="piriform cortex"/>
            <span end="38979" id="16216087-17806" start="38964">piriform cortex</span>
        </annotation>
        <annotation annotator="Michael Bada" id="UBERON_Instance_481588" type="identity">
            <class id="UBERON:0004725" label="piriform cortex"/>
            <span end="39072" id="16216087-17808" start="39057">piriform cortex</span>
        </annotation>
        <annotation annotator="Michael Bada" id="UBERON_Instance_481794" type="identity">
            <class id="UBERON:0003876" label="hippocampal field"/>
            <span end="39364" id="16216087-17938" start="39347">hippocampal field</span>
        </annotation>
        <annotation annotator="Michael Bada" id="UBERON_Instance_481692" type="identity">
            <class id="UBERON_EXT:hippocampus_proper_or_hippocampal_formation" label="hippocampus proper or hippocampal formation"/>
            <span end="39409" id="16216087-17876" start="39398">hippocampal</span>
        </annotation>
        <annotation annotator="Michael Bada" id="UBERON_Instance_481694" type="identity">
            <class id="UBERON:0001876" label="amygdala"/>
            <span end="39422" id="16216087-17878" start="39414">amygdala</span>
        </annotation>
        <annotation annotator="Michael Bada" id="UBERON_Instance_480278" type="identity">
            <class id="UBERON_EXT:hippocampus_proper_or_hippocampal_formation" label="hippocampus proper or hippocampal formation"/>
            <span end="40029" id="16216087-17658" start="40018">hippocampus</span>
        </annotation>
        <annotation annotator="Michael Bada" id="UBERON_Instance_481696" type="identity">
            <class id="UBERON_EXT:hippocampus_proper_or_hippocampal_formation" label="hippocampus proper or hippocampal formation"/>
            <span end="40087" id="16216087-17880" start="40076">hippocampal</span>
        </annotation>
        <annotation annotator="Michael Bada" id="UBERON_Instance_481698" type="identity">
            <class id="UBERON:0014548" label="pyramidal layer of CA1"/>
            <span end="40143" id="16216087-17882" start="40130">CA1 pyramidal</span>
        </annotation>
        <annotation annotator="Michael Bada" id="UBERON_Instance_500026" type="identity">
            <class id="UBERON:0002616" label="regional part of brain"/>
            <span end="40266" id="16216087-17960" start="40255">brain areas</span>
        </annotation>
        <annotation annotator="Michael Bada" id="UBERON_Instance_481590" type="identity">
            <class id="UBERON:0004725" label="piriform cortex"/>
            <span end="40366" id="16216087-17810" start="40351">piriform cortex</span>
        </annotation>
        <annotation annotator="Michael Bada" id="UBERON_Instance_481340" type="identity">
            <class id="UBERON:0002264" label="olfactory bulb"/>
            <span end="40384" id="16216087-17734" start="40370">olfactory bulb</span>
        </annotation>
        <annotation annotator="Michael Bada" id="UBERON_Instance_500030" type="identity">
            <class id="UBERON:0003881" label="CA1 field of hippocampus"/>
            <span end="40504" id="16216087-17964" start="40493">hippocampal</span>
            <span end="40512" id="16216087-17965" start="40509">CA1</span>
        </annotation>
        <annotation annotator="Michael Bada" id="UBERON_Instance_500028" type="identity">
            <class id="UBERON:0003883" label="CA3 field of hippocampus"/>
            <span end="40508" id="16216087-17962" start="40493">hippocampal CA3</span>
        </annotation>
        <annotation annotator="Michael Bada" id="UBERON_Instance_481704" type="identity">
            <class id="UBERON:0002037" label="cerebellum"/>
            <span end="40906" id="16216087-17884" start="40896">cerebellar</span>
        </annotation>
        <annotation annotator="Michael Bada" id="UBERON_Instance_481592" type="identity">
            <class id="UBERON:0004725" label="piriform cortex"/>
            <span end="41252" id="16216087-17812" start="41237">piriform cortex</span>
        </annotation>
        <annotation annotator="Michael Bada" id="UBERON_Instance_481342" type="identity">
            <class id="UBERON:0002264" label="olfactory bulb"/>
            <span end="43510" id="16216087-17736" start="43496">olfactory bulb</span>
        </annotation>
        <annotation annotator="Michael Bada" id="UBERON_Instance_481594" type="identity">
            <class id="UBERON:0004725" label="piriform cortex"/>
            <span end="43530" id="16216087-17814" start="43515">piriform cortex</span>
        </annotation>
        <annotation annotator="Michael Bada" id="UBERON_Instance_481596" type="identity">
            <class id="UBERON:0004725" label="piriform cortex"/>
            <span end="43815" id="16216087-17816" start="43800">piriform cortex</span>
        </annotation>
        <annotation annotator="Michael Bada" id="UBERON_Instance_480360" type="identity">
            <class id="UBERON:0024914" label="circuit part of central nervous system"/>
            <span end="44069" id="16216087-17682" start="44051">neural circuitries</span>
        </annotation>
        <annotation annotator="Michael Bada" id="UBERON_Instance_500032" type="identity">
            <class id="UBERON:0000467" label="anatomical system"/>
            <span end="44152" id="16216087-17967" start="44145">systems</span>
        </annotation>
        <annotation annotator="Michael Bada" id="UBERON_Instance_480060" type="identity">
            <class id="UBERON:0001890" label="forebrain"/>
            <span end="44986" id="16216087-17530" start="44977">forebrain</span>
        </annotation>
        <annotation annotator="Michael Bada" id="UBERON_Instance_480280" type="identity">
            <class id="UBERON_EXT:hippocampus_proper_or_hippocampal_formation" label="hippocampus proper or hippocampal formation"/>
            <span end="45461" id="16216087-17660" start="45450">hippocampus</span>
        </annotation>
        <annotation annotator="Michael Bada" id="UBERON_Instance_480062" type="identity">
            <class id="UBERON:0001890" label="forebrain"/>
            <span end="45516" id="16216087-17532" start="45507">forebrain</span>
        </annotation>
        <annotation annotator="Michael Bada" id="UBERON_Instance_480208" type="identity">
            <class id="UBERON:0002415" label="tail"/>
            <span end="46497" id="16216087-17588" start="46493">tail</span>
        </annotation>
        <annotation annotator="Michael Bada" id="UBERON_Instance_480210" type="identity">
            <class id="UBERON:0002415" label="tail"/>
            <span end="47305" id="16216087-17590" start="47301">tail</span>
        </annotation>
        <annotation annotator="Michael Bada" id="UBERON_Instance_481706" type="identity">
            <class id="UBERON:0002107" label="liver"/>
            <span end="47311" id="16216087-17886" start="47306">liver</span>
        </annotation>
        <annotation annotator="Michael Bada" id="UBERON_Instance_481516" type="identity">
            <class id="UBERON:0001997" label="olfactory epithelium"/>
            <span end="48081" id="16216087-17758" start="48061">olfactory epithelium</span>
        </annotation>
        <annotation annotator="Michael Bada" id="UBERON_Instance_481708" type="identity">
            <class id="UBERON:0000955" label="brain"/>
            <span end="48293" id="16216087-17888" start="48287">brains</span>
        </annotation>
        <annotation annotator="Michael Bada" id="UBERON_Instance_480282" type="identity">
            <class id="UBERON_EXT:hippocampus_proper_or_hippocampal_formation" label="hippocampus proper or hippocampal formation"/>
            <span end="48327" id="16216087-17662" start="48316">hippocampus</span>
        </annotation>
        <annotation annotator="Michael Bada" id="UBERON_Instance_481344" type="identity">
            <class id="UBERON:0002264" label="olfactory bulb"/>
            <span end="48343" id="16216087-17738" start="48329">olfactory bulb</span>
        </annotation>
        <annotation annotator="Michael Bada" id="UBERON_Instance_480064" type="identity">
            <class id="UBERON:0001890" label="forebrain"/>
            <span end="48368" id="16216087-17534" start="48359">forebrain</span>
        </annotation>
        <annotation annotator="Michael Bada" id="UBERON_Instance_481710" type="identity">
            <class id="UBERON_EXT:body" label="body (proper or whole multicellular organism)"/>
            <span end="49310" id="16216087-17890" start="49306">body</span>
        </annotation>
        <annotation annotator="Michael Bada" id="UBERON_Instance_480126" type="identity">
            <class id="UBERON:0000033" label="head"/>
            <span end="50148" id="16216087-17562" start="50144">Head</span>
        </annotation>
        <annotation annotator="Michael Bada" id="UBERON_Instance_480128" type="identity">
            <class id="UBERON:0000033" label="head"/>
            <span end="50945" id="16216087-17564" start="50941">head</span>
        </annotation>
        <annotation annotator="Michael Bada" id="UBERON_Instance_480130" type="identity">
            <class id="UBERON:0000033" label="head"/>
            <span end="53468" id="16216087-17566" start="53464">head</span>
        </annotation>
        <annotation annotator="Michael Bada" id="UBERON_Instance_480066" type="identity">
            <class id="UBERON:0001890" label="forebrain"/>
            <span end="57322" id="16216087-17536" start="57313">Forebrain</span>
        </annotation>
        <annotation annotator="Michael Bada" id="UBERON_Instance_480068" type="identity">
            <class id="UBERON:0001890" label="forebrain"/>
            <span end="57539" id="16216087-17538" start="57530">forebrain</span>
        </annotation>
        <annotation annotator="Michael Bada" id="UBERON_Instance_481712" type="identity">
            <class id="UBERON:0002298" label="brainstem"/>
            <span end="57578" id="16216087-17892" start="57569">brainstem</span>
        </annotation>
        <annotation annotator="Michael Bada" id="UBERON_Instance_481714" type="identity">
            <class id="UBERON:0002037" label="cerebellum"/>
            <span end="57589" id="16216087-17894" start="57579">cerebellum</span>
        </annotation>
        <annotation annotator="Michael Bada" id="UBERON_Instance_480070" type="identity">
            <class id="UBERON:0001890" label="forebrain"/>
            <span end="57858" id="16216087-17540" start="57849">forebrain</span>
        </annotation>
        <annotation annotator="Michael Bada" id="UBERON_Instance_481718" type="identity">
            <class id="UBERON:0001876" label="amygdala"/>
            <span end="57887" id="16216087-17898" start="57886">A</span>
        </annotation>
        <annotation annotator="Michael Bada" id="UBERON_Instance_481716" type="identity">
            <class id="UBERON:0001876" label="amygdala"/>
            <span end="57897" id="16216087-17896" start="57889">amygdala</span>
        </annotation>
        <annotation annotator="Michael Bada" id="UBERON_Instance_481722" type="identity">
            <class id="UBERON:0002037" label="cerebellum"/>
            <span end="57901" id="16216087-17902" start="57899">Ce</span>
        </annotation>
        <annotation annotator="Michael Bada" id="UBERON_Instance_481720" type="identity">
            <class id="UBERON:0002037" label="cerebellum"/>
            <span end="57913" id="16216087-17900" start="57903">Cerebellum</span>
        </annotation>
        <annotation annotator="Michael Bada" id="UBERON_Instance_481726" type="identity">
            <class id="UBERON:0001851" label="cortex"/>
            <span end="57917" id="16216087-17906" start="57915">Cx</span>
        </annotation>
        <annotation annotator="Michael Bada" id="UBERON_Instance_481724" type="identity">
            <class id="UBERON:0001851" label="cortex"/>
            <span end="57925" id="16216087-17904" start="57919">cortex</span>
        </annotation>
        <annotation annotator="Michael Bada" id="UBERON_Instance_480286" type="identity">
            <class id="UBERON_EXT:hippocampus_proper_or_hippocampal_formation" label="hippocampus proper or hippocampal formation"/>
            <span end="57928" id="16216087-17666" start="57927">H</span>
        </annotation>
        <annotation annotator="Michael Bada" id="UBERON_Instance_480284" type="identity">
            <class id="UBERON_EXT:hippocampus_proper_or_hippocampal_formation" label="hippocampus proper or hippocampal formation"/>
            <span end="57941" id="16216087-17664" start="57930">hippocampus</span>
        </annotation>
        <annotation annotator="Michael Bada" id="UBERON_Instance_481730" type="identity">
            <class id="UBERON:0001896" label="medulla oblongata"/>
            <span end="57945" id="16216087-17910" start="57943">Me</span>
        </annotation>
        <annotation annotator="Michael Bada" id="UBERON_Instance_481728" type="identity">
            <class id="UBERON:0001896" label="medulla oblongata"/>
            <span end="57964" id="16216087-17908" start="57947">medulla oblongata</span>
        </annotation>
        <annotation annotator="Michael Bada" id="UBERON_Instance_481346" type="identity">
            <class id="UBERON:0002264" label="olfactory bulb"/>
            <span end="57985" id="16216087-17740" start="57971">Olfactory bulb</span>
        </annotation>
        <annotation annotator="Michael Bada" id="UBERON_Instance_481520" type="identity">
            <class id="UBERON:0001997" label="olfactory epithelium"/>
            <span end="59886" id="16216087-17760" start="59866">Olfactory Epithelium</span>
        </annotation>
        <annotation annotator="Michael Bada" id="UBERON_Instance_481522" type="identity">
            <class id="UBERON:0001997" label="olfactory epithelium"/>
            <span end="59948" id="16216087-17762" start="59928">olfactory epithelium</span>
        </annotation>
        <annotation annotator="Michael Bada" id="UBERON_Instance_481732" type="identity">
            <class id="UBERON:0001885" label="dentate gyrus of hippocampal formation"/>
            <span end="60144" id="16216087-17912" start="60131">dentate gyrus</span>
        </annotation>
        <annotation annotator="Michael Bada" id="UBERON_Instance_480132" type="identity">
            <class id="UBERON:0000033" label="head"/>
            <span end="62114" id="16216087-17568" start="62110">head</span>
        </annotation>
        <annotation annotator="Michael Bada" id="UBERON_Instance_480134" type="identity">
            <class id="UBERON:0000033" label="head"/>
            <span end="62860" id="16216087-17570" start="62856">head</span>
        </annotation>
        <annotation annotator="Michael Bada" id="UBERON_Instance_480136" type="identity">
            <class id="UBERON:0000033" label="head"/>
            <span end="63016" id="16216087-17572" start="63012">head</span>
        </annotation>
        <annotation annotator="Michael Bada" id="UBERON_Instance_480138" type="identity">
            <class id="UBERON:0000033" label="head"/>
            <span end="63063" id="16216087-17574" start="63059">head</span>
        </annotation>
        <annotation annotator="Michael Bada" id="UBERON_Instance_480140" type="identity">
            <class id="UBERON:0000033" label="head"/>
            <span end="63127" id="16216087-17576" start="63123">head</span>
        </annotation>
        <annotation annotator="Michael Bada" id="UBERON_Instance_480072" type="identity">
            <class id="UBERON:0001890" label="forebrain"/>
            <span end="64882" id="16216087-17542" start="64872">forebrains</span>
        </annotation>
        <annotation annotator="Michael Bada" id="UBERON_Instance_500034" type="identity">
            <class id="UBERON:0000955" label="brain"/>
            <span end="65094" id="16216087-17969" start="65089">brain</span>
        </annotation>
        <annotation annotator="Michael Bada" id="UBERON_Instance_480288" type="identity">
            <class id="UBERON_EXT:hippocampus_proper_or_hippocampal_formation" label="hippocampus proper or hippocampal formation"/>
            <span end="65469" id="16216087-17668" start="65458">Hippocampus</span>
        </annotation>
        <annotation annotator="Michael Bada" id="UBERON_Instance_480074" type="identity">
            <class id="UBERON:0001890" label="forebrain"/>
            <span end="65483" id="16216087-17544" start="65474">Forebrain</span>
        </annotation>
        <annotation annotator="Michael Bada" id="UBERON_Instance_480290" type="identity">
            <class id="UBERON_EXT:hippocampus_proper_or_hippocampal_formation" label="hippocampus proper or hippocampal formation"/>
            <span end="66008" id="16216087-17670" start="65997">hippocampus</span>
        </annotation>
        <annotation annotator="Michael Bada" id="UBERON_Instance_481734" type="identity">
            <class id="UBERON:0001876" label="amygdala"/>
            <span end="66018" id="16216087-17914" start="66010">amygdala</span>
        </annotation>
        <annotation annotator="Michael Bada" id="UBERON_Instance_481598" type="identity">
            <class id="UBERON:0004725" label="piriform cortex"/>
            <span end="66035" id="16216087-17818" start="66020">piriform cortex</span>
        </annotation>
        <annotation annotator="Michael Bada" id="UBERON_Instance_481348" type="identity">
            <class id="UBERON:0002264" label="olfactory bulb"/>
            <span end="66055" id="16216087-17742" start="66041">olfactory bulb</span>
        </annotation>
        <annotation annotator="Michael Bada" id="UBERON_Instance_481736" type="identity">
            <class id="UBERON:0000955" label="brain"/>
            <span end="66125" id="16216087-17916" start="66120">brain</span>
        </annotation>
        <annotation annotator="Michael Bada" id="UBERON_Instance_481738" type="identity">
            <class id="UBERON_EXT:hippocampus_proper_or_hippocampal_formation" label="hippocampus proper or hippocampal formation"/>
            <span end="66182" id="16216087-17918" start="66171">hippocampal</span>
        </annotation>
        <annotation annotator="Michael Bada" id="UBERON_Instance_481740" type="identity">
            <class id="UBERON_EXT:hippocampus_proper_or_hippocampal_formation" label="hippocampus proper or hippocampal formation"/>
            <span end="66187" id="16216087-17920" start="66184">Hip</span>
        </annotation>
        <annotation annotator="Michael Bada" id="UBERON_Instance_481744" type="identity">
            <class id="UBERON:0001851" label="cortex"/>
            <span end="66198" id="16216087-17924" start="66190">cortical</span>
        </annotation>
        <annotation annotator="Michael Bada" id="UBERON_Instance_480076" type="identity">
            <class id="UBERON:0001890" label="forebrain"/>
            <span end="66208" id="16216087-17546" start="66199">forebrain</span>
        </annotation>
        <annotation annotator="Michael Bada" id="UBERON_Instance_481742" type="identity">
            <class id="UBERON:0001890" label="forebrain"/>
            <span end="66212" id="16216087-17922" start="66210">FB</span>
        </annotation>
        <annotation annotator="Michael Bada" id="UBERON_Instance_481350" type="identity">
            <class id="UBERON:0002264" label="olfactory bulb"/>
            <span end="66233" id="16216087-17744" start="66219">olfactory bulb</span>
        </annotation>
        <annotation annotator="Michael Bada" id="UBERON_Instance_481352" type="identity">
            <class id="UBERON:0002264" label="olfactory bulb"/>
            <span end="66237" id="16216087-17746" start="66235">OB</span>
        </annotation>
        <annotation annotator="Michael Bada" id="UBERON_Instance_481746" type="identity">
            <class id="UBERON_EXT:hippocampus_proper_or_hippocampal_formation" label="hippocampus proper or hippocampal formation"/>
            <span end="66649" id="16216087-17926" start="66638">hippocampal</span>
        </annotation>
        <annotation annotator="Michael Bada" id="UBERON_Instance_480078" type="identity">
            <class id="UBERON:0001890" label="forebrain"/>
            <span end="66660" id="16216087-17548" start="66651">forebrain</span>
        </annotation>
        <annotation annotator="Michael Bada" id="UBERON_Instance_481354" type="identity">
            <class id="UBERON:0002264" label="olfactory bulb"/>
            <span end="66680" id="16216087-17748" start="66666">olfactory bulb</span>
        </annotation>
        <annotation annotator="Michael Bada" id="UBERON_Instance_480292" type="identity">
            <class id="UBERON_EXT:hippocampus_proper_or_hippocampal_formation" label="hippocampus proper or hippocampal formation"/>
            <span end="67013" id="16216087-17672" start="67002">hippocampus</span>
        </annotation>
        <annotation annotator="Michael Bada" id="UBERON_Instance_481748" type="identity">
            <class id="UBERON:0001851" label="cortex"/>
            <span end="67049" id="16216087-17928" start="67041">cortical</span>
        </annotation>
        <annotation annotator="Michael Bada" id="UBERON_Instance_480080" type="identity">
            <class id="UBERON:0001890" label="forebrain"/>
            <span end="67059" id="16216087-17550" start="67050">forebrain</span>
        </annotation>
        <annotation annotator="Michael Bada" id="UBERON_Instance_481356" type="identity">
            <class id="UBERON:0002264" label="olfactory bulb"/>
            <span end="67120" id="16216087-17750" start="67106">olfactory bulb</span>
        </annotation>
        <annotation annotator="Michael Bada" id="UBERON_Instance_480294" type="identity">
            <class id="UBERON_EXT:hippocampus_proper_or_hippocampal_formation" label="hippocampus proper or hippocampal formation"/>
            <span end="67436" id="16216087-17674" start="67425">Hippocampus</span>
        </annotation>
        <annotation annotator="Michael Bada" id="UBERON_Instance_481600" type="identity">
            <class id="UBERON:0004725" label="piriform cortex"/>
            <span end="67456" id="16216087-17820" start="67441">Piriform Cortex</span>
        </annotation>
        <annotation annotator="Michael Bada" id="UBERON_Instance_480082" type="identity">
            <class id="UBERON:0001890" label="forebrain"/>
            <span end="67535" id="16216087-17552" start="67526">forebrain</span>
        </annotation>
        <annotation annotator="Michael Bada" id="UBERON_Instance_481750" type="identity">
            <class id="UBERON:0000955" label="brain"/>
            <span end="67897" id="16216087-17930" start="67892">brain</span>
        </annotation>
        <annotation annotator="Michael Bada" id="UBERON_Instance_481752" type="identity">
            <class id="UBERON_EXT:hippocampus_proper_or_hippocampal_formation" label="hippocampus proper or hippocampal formation"/>
            <span end="68059" id="16216087-17932" start="68048">hippocampal</span>
        </annotation>
        <annotation annotator="Michael Bada" id="UBERON_Instance_481754" type="identity">
            <class id="UBERON:0001885" label="dentate gyrus of hippocampal formation"/>
            <span end="68078" id="16216087-17934" start="68076">DG</span>
        </annotation>
        <annotation annotator="Michael Bada" id="UBERON_Instance_481602" type="identity">
            <class id="UBERON:0004725" label="piriform cortex"/>
            <span end="68114" id="16216087-17822" start="68099">piriform cortex</span>
        </annotation>
        <annotation annotator="Michael Bada" id="UBERON_Instance_480296" type="identity">
            <class id="UBERON_EXT:hippocampus_proper_or_hippocampal_formation" label="hippocampus proper or hippocampal formation"/>
            <span end="68342" id="16216087-17676" start="68331">hippocampus</span>
        </annotation>
        <annotation annotator="Michael Bada" id="UBERON_Instance_480298" type="identity">
            <class id="UBERON_EXT:hippocampus_proper_or_hippocampal_formation" label="hippocampus proper or hippocampal formation"/>
            <span end="68493" id="16216087-17678" start="68482">hippocampus</span>
        </annotation>
        <annotation annotator="Michael Bada" id="UBERON_Instance_480300" type="identity">
            <class id="UBERON_EXT:hippocampus_proper_or_hippocampal_formation" label="hippocampus proper or hippocampal formation"/>
            <span end="68538" id="16216087-17680" start="68527">Hippocampus</span>
        </annotation>
        <annotation annotator="Michael Bada" id="UBERON_Instance_480084" type="identity">
            <class id="UBERON:0001890" label="forebrain"/>
            <span end="68552" id="16216087-17554" start="68543">Forebrain</span>
        </annotation>
        <annotation annotator="Michael Bada" id="UBERON_Instance_481604" type="identity">
            <class id="UBERON:0004725" label="piriform cortex"/>
            <span end="69319" id="16216087-17824" start="69304">piriform cortex</span>
        </annotation>
        <graph-space id="Old Knowtator Relations"/>
    </document>
</knowtator-project>
