<?xml version="1.0" encoding="UTF-8" standalone="no"?>
<knowtator-project>
  <document id="16221973" text-file="16221973.txt">
    <annotation annotator="Michael Bada" id="UBERON_Instance_510198" type="identity">
      <class id="UBERON:0000922" label="embryo"/>
      <span end="407" id="16221973-18172" start="398">embryonic</span>
    </annotation>
    <annotation annotator="Michael Bada" id="UBERON_Instance_510058" type="identity">
      <class id="UBERON:0002107" label="liver"/>
      <span end="413" id="16221973-18032" start="408">liver</span>
    </annotation>
    <annotation annotator="Michael Bada" id="UBERON_Instance_510060" type="identity">
      <class id="UBERON:0002107" label="liver"/>
      <span end="474" id="16221973-18034" start="469">liver</span>
    </annotation>
    <annotation annotator="Michael Bada" id="UBERON_Instance_510062" type="identity">
      <class id="UBERON:0002107" label="liver"/>
      <span end="623" id="16221973-18036" start="618">liver</span>
    </annotation>
    <annotation annotator="Michael Bada" id="UBERON_Instance_510354" type="identity">
      <class id="UBERON_EXT:muscle_structure_or_tissue" label="muscle structure or tissue"/>
      <span end="863" id="16221973-18208" start="857">muscle</span>
    </annotation>
    <annotation annotator="Michael Bada" id="UBERON_Instance_510326" type="identity">
      <class id="UBERON:0001987" label="placenta"/>
      <span end="3314" id="16221973-18202" start="3305">placental</span>
    </annotation>
    <annotation annotator="Michael Bada" id="UBERON_Instance_511108" type="identity">
      <class id="UBERON_EXT:vascular_system_or_vasculature_or_vessel" label="vascular system, vasculature, or vessel"/>
      <span end="3374" id="16221973-18244" start="3366">vascular</span>
    </annotation>
    <annotation annotator="Michael Bada" id="UBERON_Instance_511110" type="identity">
      <class id="UBERON:0001986" label="endothelium"/>
      <span end="3386" id="16221973-18246" start="3375">endothelial</span>
    </annotation>
    <annotation annotator="Michael Bada" id="UBERON_Instance_510200" type="identity">
      <class id="UBERON:0000922" label="embryo"/>
      <span end="3596" id="16221973-18174" start="3587">embryonic</span>
    </annotation>
    <annotation annotator="Michael Bada" id="UBERON_Instance_510202" type="identity">
      <class id="UBERON:0000922" label="embryo"/>
      <span end="4001" id="16221973-18176" start="3992">embryonic</span>
    </annotation>
    <annotation annotator="Michael Bada" id="UBERON_Instance_510064" type="identity">
      <class id="UBERON:0002107" label="liver"/>
      <span end="4141" id="16221973-18038" start="4136">liver</span>
    </annotation>
    <annotation annotator="Michael Bada" id="UBERON_Instance_510066" type="identity">
      <class id="UBERON:0002107" label="liver"/>
      <span end="4244" id="16221973-18040" start="4239">liver</span>
    </annotation>
    <annotation annotator="Michael Bada" id="UBERON_Instance_510306" type="identity">
      <class id="UBERON:0007023" label="adult organism"/>
      <span end="4376" id="16221973-18200" start="4371">adult</span>
    </annotation>
    <annotation annotator="Michael Bada" id="UBERON_Instance_510068" type="identity">
      <class id="UBERON:0002107" label="liver"/>
      <span end="4382" id="16221973-18042" start="4377">liver</span>
    </annotation>
    <annotation annotator="Michael Bada" id="UBERON_Instance_510070" type="identity">
      <class id="UBERON:0002107" label="liver"/>
      <span end="4753" id="16221973-18044" start="4748">liver</span>
    </annotation>
    <annotation annotator="Michael Bada" id="UBERON_Instance_510356" type="identity">
      <class id="UBERON_EXT:muscle_structure_or_tissue" label="muscle structure or tissue"/>
      <span end="4804" id="16221973-18210" start="4798">muscle</span>
    </annotation>
    <annotation annotator="Michael Bada" id="UBERON_Instance_510072" type="identity">
      <class id="UBERON:0002107" label="liver"/>
      <span end="5466" id="16221973-18046" start="5461">liver</span>
    </annotation>
    <annotation annotator="Michael Bada" id="UBERON_Instance_510664" type="identity">
      <class id="UBERON:0000358" label="blastocyst"/>
      <span end="6391" id="16221973-18212" start="6380">blastocysts</span>
    </annotation>
    <annotation annotator="Michael Bada" id="UBERON_Instance_510074" type="identity">
      <class id="UBERON:0002107" label="liver"/>
      <span end="6595" id="16221973-18048" start="6590">liver</span>
    </annotation>
    <annotation annotator="Michael Bada" id="UBERON_Instance_510008" type="identity">
      <class id="PATO_UBERON_EXT:male_or_bearer_of_maleness" label="male organism/bearer of maleness"/>
      <span end="6921" id="16221973-17982" start="6917">male</span>
    </annotation>
    <annotation annotator="Michael Bada" id="UBERON_Instance_510244" type="identity">
      <class id="UBERON:0001179" label="peritoneal cavity"/>
      <span end="7118" id="16221973-18196" start="7108">peritoneal</span>
    </annotation>
    <annotation annotator="Michael Bada" id="UBERON_Instance_510334" type="identity">
      <class id="UBERON_EXT:zone_of_skin_or_skin_of_body" label="skin"/>
      <span end="7541" id="16221973-18204" start="7532">cutaneous</span>
    </annotation>
    <annotation annotator="Nicole Vasilevsky" id="UBERON+extensions+nested_Instance_0" type="identity">
      <class id="UBERON_EXT:zone_of_skin_or_skin_of_body" label="skin"/>
      <span end="7547" id="16221973-17974" start="7545">c.</span>
    </annotation>
    <annotation annotator="Michael Bada" id="UBERON_Instance_510666" type="identity">
      <class id="UBERON_EXT:body" label="body (proper or whole multicellular organism)"/>
      <span end="7584" id="16221973-18214" start="7580">body</span>
    </annotation>
    <annotation annotator="Michael Bada" id="UBERON_Instance_510668" type="identity">
      <class id="UBERON_EXT:body" label="body (proper or whole multicellular organism)"/>
      <span end="7653" id="16221973-18216" start="7649">body</span>
    </annotation>
    <annotation annotator="Michael Bada" id="UBERON_Instance_510076" type="identity">
      <class id="UBERON:0002107" label="liver"/>
      <span end="7786" id="16221973-18050" start="7781">liver</span>
    </annotation>
    <annotation annotator="Michael Bada" id="UBERON_Instance_510042" type="identity">
      <class id="UBERON:0000479" label="tissue"/>
      <span end="7793" id="16221973-18016" start="7787">tissue</span>
    </annotation>
    <annotation annotator="Michael Bada" id="UBERON_Instance_510010" type="identity">
      <class id="PATO_UBERON_EXT:male_or_bearer_of_maleness" label="male organism/bearer of maleness"/>
      <span end="7920" id="16221973-17984" start="7916">male</span>
    </annotation>
    <annotation annotator="Michael Bada" id="UBERON_Instance_510078" type="identity">
      <class id="UBERON:0002107" label="liver"/>
      <span end="10988" id="16221973-18052" start="10983">liver</span>
    </annotation>
    <annotation annotator="Michael Bada" id="UBERON_Instance_510044" type="identity">
      <class id="UBERON:0000479" label="tissue"/>
      <span end="10995" id="16221973-18018" start="10989">tissue</span>
    </annotation>
    <annotation annotator="Michael Bada" id="UBERON_Instance_510046" type="identity">
      <class id="UBERON:0000479" label="tissue"/>
      <span end="11014" id="16221973-18020" start="11008">Tissue</span>
    </annotation>
    <annotation annotator="Michael Bada" id="UBERON_Instance_510048" type="identity">
      <class id="UBERON:0000479" label="tissue"/>
      <span end="11131" id="16221973-18022" start="11125">tissue</span>
    </annotation>
    <annotation annotator="Michael Bada" id="UBERON_Instance_510080" type="identity">
      <class id="UBERON:0002107" label="liver"/>
      <span end="11357" id="16221973-18054" start="11352">liver</span>
    </annotation>
    <annotation annotator="Michael Bada" id="UBERON_Instance_510204" type="identity">
      <class id="UBERON:0000922" label="embryo"/>
      <span end="13083" id="16221973-18178" start="13074">embryonic</span>
    </annotation>
    <annotation annotator="Michael Bada" id="UBERON_Instance_510206" type="identity">
      <class id="UBERON:0000922" label="embryo"/>
      <span end="13151" id="16221973-18180" start="13145">embryo</span>
    </annotation>
    <annotation annotator="Michael Bada" id="UBERON_Instance_510670" type="identity">
      <class id="UBERON:0001977" label="serum"/>
      <span end="13210" id="16221973-18218" start="13205">serum</span>
    </annotation>
    <annotation annotator="Michael Bada" id="UBERON_Instance_510208" type="identity">
      <class id="UBERON:0000922" label="embryo"/>
      <span end="13627" id="16221973-18182" start="13618">embryonic</span>
    </annotation>
    <annotation annotator="Michael Bada" id="UBERON_Instance_510050" type="identity">
      <class id="UBERON:0000479" label="tissue"/>
      <span end="14524" id="16221973-18024" start="14518">tissue</span>
    </annotation>
    <annotation annotator="Michael Bada" id="UBERON_Instance_510082" type="identity">
      <class id="UBERON:0002107" label="liver"/>
      <span end="15099" id="16221973-18056" start="15094">liver</span>
    </annotation>
    <annotation annotator="Michael Bada" id="UBERON_Instance_510084" type="identity">
      <class id="UBERON:0002107" label="liver"/>
      <span end="15745" id="16221973-18058" start="15740">liver</span>
    </annotation>
    <annotation annotator="Michael Bada" id="UBERON_Instance_510052" type="identity">
      <class id="UBERON:0000479" label="tissue"/>
      <span end="15777" id="16221973-18026" start="15770">tissues</span>
    </annotation>
    <annotation annotator="Michael Bada" id="UBERON_Instance_510672" type="identity">
      <class id="UBERON:0002106" label="spleen"/>
      <span end="15805" id="16221973-18220" start="15799">spleen</span>
    </annotation>
    <annotation annotator="Michael Bada" id="UBERON_Instance_430000" type="identity">
      <class id="UBERON:0000955" label="brain"/>
      <span end="15820" id="16221973-17976" start="15815">brain</span>
    </annotation>
    <annotation annotator="Michael Bada" id="UBERON_Instance_510246" type="identity">
      <class id="UBERON:0001179" label="peritoneal cavity"/>
      <span end="16119" id="16221973-18198" start="16109">peritoneal</span>
    </annotation>
    <annotation annotator="Michael Bada" id="UBERON_Instance_510086" type="identity">
      <class id="UBERON:0002107" label="liver"/>
      <span end="16344" id="16221973-18060" start="16338">livers</span>
    </annotation>
    <annotation annotator="Michael Bada" id="UBERON_Instance_510088" type="identity">
      <class id="UBERON:0002107" label="liver"/>
      <span end="16720" id="16221973-18062" start="16715">liver</span>
    </annotation>
    <annotation annotator="Michael Bada" id="UBERON_Instance_510090" type="identity">
      <class id="UBERON:0002107" label="liver"/>
      <span end="16899" id="16221973-18064" start="16894">liver</span>
    </annotation>
    <annotation annotator="Michael Bada" id="UBERON_Instance_510092" type="identity">
      <class id="UBERON:0002107" label="liver"/>
      <span end="16961" id="16221973-18066" start="16956">liver</span>
    </annotation>
    <annotation annotator="Michael Bada" id="UBERON_Instance_510094" type="identity">
      <class id="UBERON:0002107" label="liver"/>
      <span end="17140" id="16221973-18068" start="17135">liver</span>
    </annotation>
    <annotation annotator="Michael Bada" id="UBERON_Instance_510096" type="identity">
      <class id="UBERON:0002107" label="liver"/>
      <span end="17699" id="16221973-18070" start="17693">livers</span>
    </annotation>
    <annotation annotator="Michael Bada" id="UBERON_Instance_510098" type="identity">
      <class id="UBERON:0002107" label="liver"/>
      <span end="17932" id="16221973-18072" start="17926">livers</span>
    </annotation>
    <annotation annotator="Michael Bada" id="UBERON_Instance_510100" type="identity">
      <class id="UBERON:0002107" label="liver"/>
      <span end="18082" id="16221973-18074" start="18076">livers</span>
    </annotation>
    <annotation annotator="Michael Bada" id="UBERON_Instance_510102" type="identity">
      <class id="UBERON:0002107" label="liver"/>
      <span end="18222" id="16221973-18076" start="18216">livers</span>
    </annotation>
    <annotation annotator="Michael Bada" id="UBERON_Instance_510104" type="identity">
      <class id="UBERON:0002107" label="liver"/>
      <span end="18602" id="16221973-18078" start="18596">livers</span>
    </annotation>
    <annotation annotator="Michael Bada" id="UBERON_Instance_510106" type="identity">
      <class id="UBERON:0002107" label="liver"/>
      <span end="18722" id="16221973-18080" start="18716">livers</span>
    </annotation>
    <annotation annotator="Michael Bada" id="UBERON_Instance_510108" type="identity">
      <class id="UBERON:0002107" label="liver"/>
      <span end="18844" id="16221973-18082" start="18838">livers</span>
    </annotation>
    <annotation annotator="Michael Bada" id="UBERON_Instance_510110" type="identity">
      <class id="UBERON:0002107" label="liver"/>
      <span end="19304" id="16221973-18084" start="19298">livers</span>
    </annotation>
    <annotation annotator="Michael Bada" id="UBERON_Instance_510112" type="identity">
      <class id="UBERON:0002107" label="liver"/>
      <span end="19424" id="16221973-18086" start="19418">livers</span>
    </annotation>
    <annotation annotator="Michael Bada" id="UBERON_Instance_510114" type="identity">
      <class id="UBERON:0002107" label="liver"/>
      <span end="20269" id="16221973-18088" start="20263">livers</span>
    </annotation>
    <annotation annotator="Michael Bada" id="UBERON_Instance_510116" type="identity">
      <class id="UBERON:0002107" label="liver"/>
      <span end="20491" id="16221973-18090" start="20485">livers</span>
    </annotation>
    <annotation annotator="Michael Bada" id="UBERON_Instance_510118" type="identity">
      <class id="UBERON:0002107" label="liver"/>
      <span end="20759" id="16221973-18092" start="20753">livers</span>
    </annotation>
    <annotation annotator="Michael Bada" id="UBERON_Instance_510120" type="identity">
      <class id="UBERON:0002107" label="liver"/>
      <span end="20840" id="16221973-18094" start="20834">livers</span>
    </annotation>
    <annotation annotator="Michael Bada" id="UBERON_Instance_510122" type="identity">
      <class id="UBERON:0002107" label="liver"/>
      <span end="21354" id="16221973-18096" start="21349">liver</span>
    </annotation>
    <annotation annotator="Michael Bada" id="UBERON_Instance_510124" type="identity">
      <class id="UBERON:0002107" label="liver"/>
      <span end="21696" id="16221973-18098" start="21691">liver</span>
    </annotation>
    <annotation annotator="Michael Bada" id="UBERON_Instance_510126" type="identity">
      <class id="UBERON:0002107" label="liver"/>
      <span end="22109" id="16221973-18100" start="22103">livers</span>
    </annotation>
    <annotation annotator="Michael Bada" id="UBERON_Instance_510128" type="identity">
      <class id="UBERON:0002107" label="liver"/>
      <span end="22194" id="16221973-18102" start="22188">livers</span>
    </annotation>
    <annotation annotator="Michael Bada" id="UBERON_Instance_510130" type="identity">
      <class id="UBERON:0002107" label="liver"/>
      <span end="23005" id="16221973-18104" start="23000">liver</span>
    </annotation>
    <annotation annotator="Michael Bada" id="UBERON_Instance_510132" type="identity">
      <class id="UBERON:0002107" label="liver"/>
      <span end="23608" id="16221973-18106" start="23602">livers</span>
    </annotation>
    <annotation annotator="Michael Bada" id="UBERON_Instance_510134" type="identity">
      <class id="UBERON:0002107" label="liver"/>
      <span end="23701" id="16221973-18108" start="23695">livers</span>
    </annotation>
    <annotation annotator="Michael Bada" id="UBERON_Instance_510136" type="identity">
      <class id="UBERON:0002107" label="liver"/>
      <span end="24090" id="16221973-18110" start="24085">liver</span>
    </annotation>
    <annotation annotator="Michael Bada" id="UBERON_Instance_510138" type="identity">
      <class id="UBERON:0002107" label="liver"/>
      <span end="24119" id="16221973-18112" start="24114">liver</span>
    </annotation>
    <annotation annotator="Michael Bada" id="UBERON_Instance_510140" type="identity">
      <class id="UBERON:0002107" label="liver"/>
      <span end="24335" id="16221973-18114" start="24329">livers</span>
    </annotation>
    <annotation annotator="Michael Bada" id="UBERON_Instance_510142" type="identity">
      <class id="UBERON:0002107" label="liver"/>
      <span end="24769" id="16221973-18116" start="24763">livers</span>
    </annotation>
    <annotation annotator="Michael Bada" id="UBERON_Instance_510144" type="identity">
      <class id="UBERON:0002107" label="liver"/>
      <span end="25277" id="16221973-18118" start="25271">livers</span>
    </annotation>
    <annotation annotator="Michael Bada" id="UBERON_Instance_510146" type="identity">
      <class id="UBERON:0002107" label="liver"/>
      <span end="25823" id="16221973-18120" start="25818">liver</span>
    </annotation>
    <annotation annotator="Michael Bada" id="UBERON_Instance_511112" type="identity">
      <class id="UBERON:0007023" label="adult organism"/>
      <span end="27360" id="16221973-18248" start="27355">adult</span>
    </annotation>
    <annotation annotator="Michael Bada" id="UBERON_Instance_510148" type="identity">
      <class id="UBERON:0002107" label="liver"/>
      <span end="27372" id="16221973-18122" start="27367">liver</span>
    </annotation>
    <annotation annotator="Michael Bada" id="UBERON_Instance_510210" type="identity">
      <class id="UBERON:0000922" label="embryo"/>
      <span end="27494" id="16221973-18184" start="27485">embryonic</span>
    </annotation>
    <annotation annotator="Michael Bada" id="UBERON_Instance_510150" type="identity">
      <class id="UBERON:0002107" label="liver"/>
      <span end="28763" id="16221973-18124" start="28758">liver</span>
    </annotation>
    <annotation annotator="Michael Bada" id="UBERON_Instance_511114" type="identity">
      <class id="UBERON:0007023" label="adult organism"/>
      <span end="28772" id="16221973-18250" start="28767">adult</span>
    </annotation>
    <annotation annotator="Michael Bada" id="UBERON_Instance_511116" type="identity">
      <class id="UBERON:0007023" label="adult organism"/>
      <span end="28945" id="16221973-18252" start="28940">adult</span>
    </annotation>
    <annotation annotator="Michael Bada" id="UBERON_Instance_510152" type="identity">
      <class id="UBERON:0002107" label="liver"/>
      <span end="28951" id="16221973-18126" start="28946">liver</span>
    </annotation>
    <annotation annotator="Michael Bada" id="UBERON_Instance_510212" type="identity">
      <class id="UBERON:0000922" label="embryo"/>
      <span end="29004" id="16221973-18186" start="28995">embryonic</span>
    </annotation>
    <annotation annotator="Michael Bada" id="UBERON_Instance_510154" type="identity">
      <class id="UBERON:0002107" label="liver"/>
      <span end="29010" id="16221973-18128" start="29005">liver</span>
    </annotation>
    <annotation annotator="Michael Bada" id="UBERON_Instance_510156" type="identity">
      <class id="UBERON:0002107" label="liver"/>
      <span end="29073" id="16221973-18130" start="29067">livers</span>
    </annotation>
    <annotation annotator="Michael Bada" id="UBERON_Instance_510054" type="identity">
      <class id="UBERON:0000479" label="tissue"/>
      <span end="30805" id="16221973-18028" start="30798">tissues</span>
    </annotation>
    <annotation annotator="Michael Bada" id="UBERON_Instance_510674" type="identity">
      <class id="UBERON:0002048" label="lung"/>
      <span end="30819" id="16221973-18222" start="30815">lung</span>
    </annotation>
    <annotation annotator="Michael Bada" id="UBERON_Instance_510158" type="identity">
      <class id="UBERON:0002107" label="liver"/>
      <span end="30826" id="16221973-18132" start="30821">liver</span>
    </annotation>
    <annotation annotator="Michael Bada" id="UBERON_Instance_510040" type="identity">
      <class id="UBERON:0000955" label="brain"/>
      <span end="30833" id="16221973-18014" start="30828">brain</span>
    </annotation>
    <annotation annotator="Michael Bada" id="UBERON_Instance_510676" type="identity">
      <class id="UBERON:0000310" label="breast"/>
      <span end="30841" id="16221973-18224" start="30835">breast</span>
    </annotation>
    <annotation annotator="Michael Bada" id="UBERON_Instance_510678" type="identity">
      <class id="UBERON:0002113" label="kidney"/>
      <span end="30849" id="16221973-18226" start="30843">kidney</span>
    </annotation>
    <annotation annotator="Michael Bada" id="UBERON_Instance_510352" type="identity">
      <class id="UBERON_EXT:zone_of_skin_or_skin_of_body" label="skin"/>
      <span end="30858" id="16221973-18206" start="30854">skin</span>
    </annotation>
    <annotation annotator="Michael Bada" id="UBERON_Instance_510680" type="identity">
      <class id="UBERON:0002113" label="kidney"/>
      <span end="31967" id="16221973-18228" start="31961">kidney</span>
    </annotation>
    <annotation annotator="Michael Bada" id="UBERON_Instance_510214" type="identity">
      <class id="UBERON:0000922" label="embryo"/>
      <span end="34533" id="16221973-18188" start="34526">embryos</span>
    </annotation>
    <annotation annotator="Michael Bada" id="UBERON_Instance_510160" type="identity">
      <class id="UBERON:0002107" label="liver"/>
      <span end="34672" id="16221973-18134" start="34667">liver</span>
    </annotation>
    <annotation annotator="Michael Bada" id="UBERON_Instance_511118" type="identity">
      <class id="UBERON:0007023" label="adult organism"/>
      <span end="34902" id="16221973-18254" start="34897">adult</span>
    </annotation>
    <annotation annotator="Michael Bada" id="UBERON_Instance_511120" type="identity">
      <class id="UBERON:0007023" label="adult organism"/>
      <span end="35009" id="16221973-18256" start="35004">adult</span>
    </annotation>
    <annotation annotator="Michael Bada" id="UBERON_Instance_510162" type="identity">
      <class id="UBERON:0002107" label="liver"/>
      <span end="35015" id="16221973-18136" start="35010">liver</span>
    </annotation>
    <annotation annotator="Michael Bada" id="UBERON_Instance_510056" type="identity">
      <class id="UBERON:0000479" label="tissue"/>
      <span end="35043" id="16221973-18030" start="35036">tissues</span>
    </annotation>
    <annotation annotator="Michael Bada" id="UBERON_Instance_510164" type="identity">
      <class id="UBERON:0002107" label="liver"/>
      <span end="35138" id="16221973-18138" start="35132">livers</span>
    </annotation>
    <annotation annotator="Michael Bada" id="UBERON_Instance_511122" type="identity">
      <class id="UBERON:0007023" label="adult organism"/>
      <span end="35149" id="16221973-18258" start="35144">adult</span>
    </annotation>
    <annotation annotator="Michael Bada" id="UBERON_Instance_510216" type="identity">
      <class id="UBERON:0000922" label="embryo"/>
      <span end="35263" id="16221973-18190" start="35254">embryonal</span>
    </annotation>
    <annotation annotator="Michael Bada" id="UBERON_Instance_511124" type="identity">
      <class id="UBERON:0007023" label="adult organism"/>
      <span end="35525" id="16221973-18260" start="35520">adult</span>
    </annotation>
    <annotation annotator="Michael Bada" id="UBERON_Instance_510166" type="identity">
      <class id="UBERON:0002107" label="liver"/>
      <span end="35537" id="16221973-18140" start="35532">liver</span>
    </annotation>
    <annotation annotator="Michael Bada" id="UBERON_Instance_510168" type="identity">
      <class id="UBERON:0002107" label="liver"/>
      <span end="36050" id="16221973-18142" start="36045">liver</span>
    </annotation>
    <annotation annotator="Michael Bada" id="UBERON_Instance_510682" type="identity">
      <class id="UBERON:0002113" label="kidney"/>
      <span end="36726" id="16221973-18230" start="36720">kidney</span>
    </annotation>
    <annotation annotator="Michael Bada" id="UBERON_Instance_510170" type="identity">
      <class id="UBERON:0002107" label="liver"/>
      <span end="36736" id="16221973-18144" start="36731">liver</span>
    </annotation>
    <annotation annotator="Michael Bada" id="UBERON_Instance_510218" type="identity">
      <class id="UBERON:0000922" label="embryo"/>
      <span end="37592" id="16221973-18192" start="37583">embryonic</span>
    </annotation>
    <annotation annotator="Michael Bada" id="UBERON_Instance_511126" type="identity">
      <class id="UBERON:0007023" label="adult organism"/>
      <span end="39012" id="16221973-18262" start="39007">adult</span>
    </annotation>
    <annotation annotator="Michael Bada" id="UBERON_Instance_510172" type="identity">
      <class id="UBERON:0002107" label="liver"/>
      <span end="39024" id="16221973-18146" start="39019">liver</span>
    </annotation>
    <annotation annotator="Michael Bada" id="UBERON_Instance_510174" type="identity">
      <class id="UBERON:0002107" label="liver"/>
      <span end="39811" id="16221973-18148" start="39806">liver</span>
    </annotation>
    <annotation annotator="Michael Bada" id="UBERON_Instance_510012" type="identity">
      <class id="PATO_UBERON_EXT:male_or_bearer_of_maleness" label="male organism/bearer of maleness"/>
      <span end="39839" id="16221973-17986" start="39835">male</span>
    </annotation>
    <annotation annotator="Michael Bada" id="UBERON_Instance_510176" type="identity">
      <class id="UBERON:0002107" label="liver"/>
      <span end="40018" id="16221973-18150" start="40013">liver</span>
    </annotation>
    <annotation annotator="Michael Bada" id="UBERON_Instance_510014" type="identity">
      <class id="PATO_UBERON_EXT:male_or_bearer_of_maleness" label="male organism/bearer of maleness"/>
      <span end="40058" id="16221973-17988" start="40054">male</span>
    </annotation>
    <annotation annotator="Michael Bada" id="UBERON_Instance_510178" type="identity">
      <class id="UBERON:0002107" label="liver"/>
      <span end="40513" id="16221973-18152" start="40508">liver</span>
    </annotation>
    <annotation annotator="Michael Bada" id="UBERON_Instance_510016" type="identity">
      <class id="PATO_UBERON_EXT:male_or_bearer_of_maleness" label="male organism/bearer of maleness"/>
      <span end="40541" id="16221973-17990" start="40537">male</span>
    </annotation>
    <annotation annotator="Michael Bada" id="UBERON_Instance_450000" type="identity">
      <class id="UBERON_EXT:zone_of_skin_or_skin_of_body" label="skin"/>
      <span end="40612" id="16221973-17978" start="40610">c.</span>
    </annotation>
    <annotation annotator="Michael Bada" id="UBERON_Instance_480002" type="identity">
      <class id="UBERON_EXT:zone_of_skin_or_skin_of_body" label="skin"/>
      <span end="40637" id="16221973-17980" start="40635">c.</span>
    </annotation>
    <annotation annotator="Michael Bada" id="UBERON_Instance_510684" type="identity">
      <class id="UBERON_EXT:body" label="body (proper or whole multicellular organism)"/>
      <span end="40669" id="16221973-18232" start="40665">body</span>
    </annotation>
    <annotation annotator="Michael Bada" id="UBERON_Instance_510180" type="identity">
      <class id="UBERON:0002107" label="liver"/>
      <span end="41201" id="16221973-18154" start="41196">liver</span>
    </annotation>
    <annotation annotator="Michael Bada" id="UBERON_Instance_510018" type="identity">
      <class id="PATO_UBERON_EXT:male_or_bearer_of_maleness" label="male organism/bearer of maleness"/>
      <span end="41228" id="16221973-17992" start="41224">male</span>
    </annotation>
    <annotation annotator="Michael Bada" id="UBERON_Instance_510020" type="identity">
      <class id="PATO_UBERON_EXT:male_or_bearer_of_maleness" label="male organism/bearer of maleness"/>
      <span end="41262" id="16221973-17994" start="41258">male</span>
    </annotation>
    <annotation annotator="Michael Bada" id="UBERON_Instance_510182" type="identity">
      <class id="UBERON:0002107" label="liver"/>
      <span end="41863" id="16221973-18156" start="41858">liver</span>
    </annotation>
    <annotation annotator="Michael Bada" id="UBERON_Instance_510022" type="identity">
      <class id="PATO_UBERON_EXT:male_or_bearer_of_maleness" label="male organism/bearer of maleness"/>
      <span end="41891" id="16221973-17996" start="41887">male</span>
    </annotation>
    <annotation annotator="Michael Bada" id="UBERON_Instance_510004" type="identity">
      <class id="UBERON_EXT:zone_of_skin_or_skin_of_body" label="skin"/>
      <span end="41962" id="16221973-18264" start="41960">c.</span>
    </annotation>
    <annotation annotator="Michael Bada" id="UBERON_Instance_520006" type="identity">
      <class id="UBERON_EXT:zone_of_skin_or_skin_of_body" label="skin"/>
      <span end="41987" id="16221973-18266" start="41985">c.</span>
    </annotation>
    <annotation annotator="Michael Bada" id="UBERON_Instance_510686" type="identity">
      <class id="UBERON_EXT:body" label="body (proper or whole multicellular organism)"/>
      <span end="42019" id="16221973-18234" start="42015">body</span>
    </annotation>
    <annotation annotator="Michael Bada" id="UBERON_Instance_510184" type="identity">
      <class id="UBERON:0002107" label="liver"/>
      <span end="42377" id="16221973-18158" start="42372">liver</span>
    </annotation>
    <annotation annotator="Michael Bada" id="UBERON_Instance_510024" type="identity">
      <class id="PATO_UBERON_EXT:male_or_bearer_of_maleness" label="male organism/bearer of maleness"/>
      <span end="42404" id="16221973-17998" start="42400">male</span>
    </annotation>
    <annotation annotator="Michael Bada" id="UBERON_Instance_510026" type="identity">
      <class id="PATO_UBERON_EXT:male_or_bearer_of_maleness" label="male organism/bearer of maleness"/>
      <span end="42438" id="16221973-18000" start="42434">male</span>
    </annotation>
    <annotation annotator="Michael Bada" id="UBERON_Instance_510186" type="identity">
      <class id="UBERON:0002107" label="liver"/>
      <span end="43061" id="16221973-18160" start="43056">liver</span>
    </annotation>
    <annotation annotator="Michael Bada" id="UBERON_Instance_510028" type="identity">
      <class id="PATO_UBERON_EXT:male_or_bearer_of_maleness" label="male organism/bearer of maleness"/>
      <span end="43089" id="16221973-18002" start="43085">male</span>
    </annotation>
    <annotation annotator="Michael Bada" id="UBERON_Instance_520008" type="identity">
      <class id="UBERON_EXT:zone_of_skin_or_skin_of_body" label="skin"/>
      <span end="43160" id="16221973-18268" start="43158">c.</span>
    </annotation>
    <annotation annotator="Michael Bada" id="UBERON_Instance_520010" type="identity">
      <class id="UBERON_EXT:zone_of_skin_or_skin_of_body" label="skin"/>
      <span end="43185" id="16221973-18270" start="43183">c.</span>
    </annotation>
    <annotation annotator="Michael Bada" id="UBERON_Instance_510688" type="identity">
      <class id="UBERON_EXT:body" label="body (proper or whole multicellular organism)"/>
      <span end="43217" id="16221973-18236" start="43213">body</span>
    </annotation>
    <annotation annotator="Michael Bada" id="UBERON_Instance_510188" type="identity">
      <class id="UBERON:0002107" label="liver"/>
      <span end="43575" id="16221973-18162" start="43570">liver</span>
    </annotation>
    <annotation annotator="Michael Bada" id="UBERON_Instance_510030" type="identity">
      <class id="PATO_UBERON_EXT:male_or_bearer_of_maleness" label="male organism/bearer of maleness"/>
      <span end="43602" id="16221973-18004" start="43598">male</span>
    </annotation>
    <annotation annotator="Michael Bada" id="UBERON_Instance_510032" type="identity">
      <class id="PATO_UBERON_EXT:male_or_bearer_of_maleness" label="male organism/bearer of maleness"/>
      <span end="43636" id="16221973-18006" start="43632">male</span>
    </annotation>
    <annotation annotator="Michael Bada" id="UBERON_Instance_510190" type="identity">
      <class id="UBERON:0002107" label="liver"/>
      <span end="44218" id="16221973-18164" start="44213">liver</span>
    </annotation>
    <annotation annotator="Michael Bada" id="UBERON_Instance_510034" type="identity">
      <class id="PATO_UBERON_EXT:male_or_bearer_of_maleness" label="male organism/bearer of maleness"/>
      <span end="44246" id="16221973-18008" start="44242">male</span>
    </annotation>
    <annotation annotator="Michael Bada" id="UBERON_Instance_520012" type="identity">
      <class id="UBERON_EXT:zone_of_skin_or_skin_of_body" label="skin"/>
      <span end="44317" id="16221973-18272" start="44315">c.</span>
    </annotation>
    <annotation annotator="Michael Bada" id="UBERON_Instance_520014" type="identity">
      <class id="UBERON_EXT:zone_of_skin_or_skin_of_body" label="skin"/>
      <span end="44342" id="16221973-18274" start="44340">c.</span>
    </annotation>
    <annotation annotator="Michael Bada" id="UBERON_Instance_510690" type="identity">
      <class id="UBERON_EXT:body" label="body (proper or whole multicellular organism)"/>
      <span end="44374" id="16221973-18238" start="44370">body</span>
    </annotation>
    <annotation annotator="Michael Bada" id="UBERON_Instance_510192" type="identity">
      <class id="UBERON:0002107" label="liver"/>
      <span end="44735" id="16221973-18166" start="44730">liver</span>
    </annotation>
    <annotation annotator="Michael Bada" id="UBERON_Instance_510036" type="identity">
      <class id="PATO_UBERON_EXT:male_or_bearer_of_maleness" label="male organism/bearer of maleness"/>
      <span end="44762" id="16221973-18010" start="44758">male</span>
    </annotation>
    <annotation annotator="Michael Bada" id="UBERON_Instance_510038" type="identity">
      <class id="PATO_UBERON_EXT:male_or_bearer_of_maleness" label="male organism/bearer of maleness"/>
      <span end="44796" id="16221973-18012" start="44792">male</span>
    </annotation>
    <annotation annotator="Michael Bada" id="UBERON_Instance_510220" type="identity">
      <class id="UBERON:0000922" label="embryo"/>
      <span end="45429" id="16221973-18194" start="45420">embryonic</span>
    </annotation>
    <annotation annotator="Michael Bada" id="UBERON_Instance_510194" type="identity">
      <class id="UBERON:0002107" label="liver"/>
      <span end="45855" id="16221973-18168" start="45850">liver</span>
    </annotation>
    <annotation annotator="Michael Bada" id="UBERON_Instance_520016" type="identity">
      <class id="UBERON_EXT:zone_of_skin_or_skin_of_body" label="skin"/>
      <span end="46011" id="16221973-18276" start="46009">c.</span>
    </annotation>
    <annotation annotator="Michael Bada" id="UBERON_Instance_520018" type="identity">
      <class id="UBERON_EXT:zone_of_skin_or_skin_of_body" label="skin"/>
      <span end="46036" id="16221973-18278" start="46034">c.</span>
    </annotation>
    <annotation annotator="Michael Bada" id="UBERON_Instance_510692" type="identity">
      <class id="UBERON_EXT:body" label="body (proper or whole multicellular organism)"/>
      <span end="46068" id="16221973-18240" start="46064">body</span>
    </annotation>
    <annotation annotator="Michael Bada" id="UBERON_Instance_510196" type="identity">
      <class id="UBERON:0002107" label="liver"/>
      <span end="46784" id="16221973-18170" start="46779">liver</span>
    </annotation>
    <annotation annotator="Michael Bada" id="UBERON_Instance_520020" type="identity">
      <class id="UBERON_EXT:zone_of_skin_or_skin_of_body" label="skin"/>
      <span end="46928" id="16221973-18280" start="46926">c.</span>
    </annotation>
    <annotation annotator="Michael Bada" id="UBERON_Instance_520022" type="identity">
      <class id="UBERON_EXT:zone_of_skin_or_skin_of_body" label="skin"/>
      <span end="46953" id="16221973-18282" start="46951">c.</span>
    </annotation>
    <annotation annotator="Michael Bada" id="UBERON_Instance_510694" type="identity">
      <class id="UBERON_EXT:body" label="body (proper or whole multicellular organism)"/>
      <span end="46985" id="16221973-18242" start="46981">body</span>
    </annotation>
    <graph-space id="Old Knowtator Relations"/>
  </document>
</knowtator-project>
