<?xml version="1.0" encoding="UTF-8" standalone="no"?>
<knowtator-project>
    <document id="16255782" text-file="16255782.txt">
        <annotation annotator="Michael Bada" id="UBERON_Instance_510696" type="identity">
            <class id="UBERON:0002031" label="epithelium of bronchus"/>
            <span end="106" id="16255782-18287" start="86">bronchial epithelial</span>
        </annotation>
        <annotation annotator="Michael Bada" id="UBERON_Instance_510698" type="identity">
            <class id="UBERON:0002031" label="epithelium of bronchus"/>
            <span end="505" id="16255782-18289" start="485">bronchial epithelial</span>
        </annotation>
        <annotation annotator="Michael Bada" id="UBERON_Instance_510700" type="identity">
            <class id="UBERON:0002031" label="epithelium of bronchus"/>
            <span end="2878" id="16255782-18291" start="2858">bronchial epithelial</span>
        </annotation>
        <annotation annotator="Michael Bada" id="UBERON_Instance_510702" type="identity">
            <class id="UBERON:0002031" label="epithelium of bronchus"/>
            <span end="5014" id="16255782-18293" start="4994">bronchial epithelium</span>
        </annotation>
        <annotation annotator="Michael Bada" id="UBERON_Instance_510704" type="identity">
            <class id="UBERON:0002031" label="epithelium of bronchus"/>
            <span end="5166" id="16255782-18295" start="5146">bronchial epithelium</span>
        </annotation>
        <annotation annotator="Michael Bada" id="UBERON_Instance_510706" type="identity">
            <class id="UBERON:0002048" label="lung"/>
            <span end="5178" id="16255782-18297" start="5174">lung</span>
        </annotation>
        <annotation annotator="Michael Bada" id="UBERON_Instance_510708" type="identity">
            <class id="UBERON:0000479" label="tissue"/>
            <span end="17781" id="16255782-18299" start="17774">tissues</span>
        </annotation>
        <annotation annotator="Michael Bada" id="UBERON_Instance_510710" type="identity">
            <class id="UBERON:0002048" label="lung"/>
            <span end="18146" id="16255782-18301" start="18141">lungs</span>
        </annotation>
        <annotation annotator="Michael Bada" id="UBERON_Instance_510712" type="identity">
            <class id="UBERON:0002048" label="lung"/>
            <span end="18302" id="16255782-18303" start="18297">lungs</span>
        </annotation>
        <annotation annotator="Michael Bada" id="UBERON_Instance_510336" type="identity">
            <class id="UBERON:0007376" label="outer epithelium"/>
            <span end="19359" id="16255782-18285" start="19350">epidermal</span>
        </annotation>
        <annotation annotator="Michael Bada" id="UBERON_Instance_510714" type="identity">
            <class id="UBERON:0002031" label="epithelium of bronchus"/>
            <span end="20054" id="16255782-18305" start="20034">bronchial epithelium</span>
        </annotation>
        <annotation annotator="Michael Bada" id="UBERON_Instance_510716" type="identity">
            <class id="UBERON:0000178" label="blood"/>
            <span end="21331" id="16255782-18307" start="21326">blood</span>
        </annotation>
        <annotation annotator="Michael Bada" id="UBERON_Instance_520024" type="identity">
            <class id="UBERON:0001567" label="cheek"/>
            <span end="21341" id="16255782-18311" start="21335">buccal</span>
        </annotation>
        <annotation annotator="Michael Bada" id="UBERON_Instance_520026" type="identity">
            <class id="UBERON:0002048" label="lung"/>
            <span end="25276" id="16255782-18313" start="25272">lung</span>
        </annotation>
        <annotation annotator="Michael Bada" id="UBERON_Instance_510720" type="identity">
            <class id="UBERON:0002048" label="lung"/>
            <span end="25324" id="16255782-18309" start="25320">lung</span>
        </annotation>
        <graph-space id="Old Knowtator Relations"/>
    </document>
</knowtator-project>
