<?xml version="1.0" encoding="UTF-8" standalone="no"?>
<knowtator-project>
    <document id="16433929" text-file="16433929.txt">
        <annotation annotator="Michael Bada" id="UBERON_Instance_530262" type="identity">
            <class id="UBERON:0000922" label="embryo"/>
            <span end="51" id="16433929-19260" start="42">embryonic</span>
        </annotation>
        <annotation annotator="Michael Bada" id="UBERON_Instance_530264" type="identity">
            <class id="UBERON:0000922" label="embryo"/>
            <span end="536" id="16433929-19262" start="527">embryonic</span>
        </annotation>
        <annotation annotator="Michael Bada" id="UBERON_Instance_530266" type="identity">
            <class id="UBERON:0000922" label="embryo"/>
            <span end="997" id="16433929-19264" start="988">embryonic</span>
        </annotation>
        <annotation annotator="Michael Bada" id="UBERON_Instance_530268" type="identity">
            <class id="UBERON:0000922" label="embryo"/>
            <span end="1177" id="16433929-19266" start="1170">embryos</span>
        </annotation>
        <annotation annotator="Michael Bada" id="UBERON_Instance_530270" type="identity">
            <class id="UBERON:0000922" label="embryo"/>
            <span end="1274" id="16433929-19268" start="1267">embryos</span>
        </annotation>
        <annotation annotator="Michael Bada" id="UBERON_Instance_531610" type="identity">
            <class id="UBERON:0000085" label="morula"/>
            <span end="1302" id="16433929-19428" start="1296">morula</span>
        </annotation>
        <annotation annotator="Michael Bada" id="UBERON_Instance_531612" type="identity">
            <class id="UBERON:0000358" label="blastocyst"/>
            <span end="1328" id="16433929-19430" start="1318">blastocyts</span>
        </annotation>
        <annotation annotator="Michael Bada" id="UBERON_Instance_530272" type="identity">
            <class id="UBERON:0000922" label="embryo"/>
            <span end="1443" id="16433929-19270" start="1434">embryonic</span>
        </annotation>
        <annotation annotator="Michael Bada" id="UBERON_Instance_531616" type="identity">
            <class id="UBERON:0000085" label="morula"/>
            <span end="1472" id="16433929-19434" start="1466">morula</span>
        </annotation>
        <annotation annotator="Michael Bada" id="UBERON_Instance_531614" type="identity">
            <class id="UBERON:0000358" label="blastocyst"/>
            <span end="1487" id="16433929-19432" start="1477">blastocyst</span>
        </annotation>
        <annotation annotator="Michael Bada" id="UBERON_Instance_530274" type="identity">
            <class id="UBERON:0000922" label="embryo"/>
            <span end="1646" id="16433929-19272" start="1640">embryo</span>
        </annotation>
        <annotation annotator="Michael Bada" id="UBERON_Instance_531618" type="identity">
            <class id="UBERON:0000479" label="tissue"/>
            <span end="2360" id="16433929-19436" start="2353">tissues</span>
        </annotation>
        <annotation annotator="Michael Bada" id="UBERON_Instance_530600" type="identity">
            <class id="UBERON_EXT:muscle_structure_or_tissue" label="muscle structure or tissue"/>
            <span end="3192" id="16433929-19422" start="3186">muscle</span>
        </annotation>
        <annotation annotator="Michael Bada" id="UBERON_Instance_530510" type="identity">
            <class id="UBERON:0007376" label="outer epithelium"/>
            <span end="4132" id="16433929-19406" start="4123">epidermal</span>
        </annotation>
        <annotation annotator="Michael Bada" id="UBERON_Instance_530276" type="identity">
            <class id="UBERON:0000922" label="embryo"/>
            <span end="4948" id="16433929-19274" start="4941">embryos</span>
        </annotation>
        <annotation annotator="Michael Bada" id="UBERON_Instance_530278" type="identity">
            <class id="UBERON:0000922" label="embryo"/>
            <span end="5071" id="16433929-19276" start="5064">embryos</span>
        </annotation>
        <annotation annotator="Michael Bada" id="UBERON_Instance_530280" type="identity">
            <class id="UBERON:0000922" label="embryo"/>
            <span end="5103" id="16433929-19278" start="5094">embryonic</span>
        </annotation>
        <annotation annotator="Michael Bada" id="UBERON_Instance_530282" type="identity">
            <class id="UBERON:0000922" label="embryo"/>
            <span end="5159" id="16433929-19280" start="5152">embryos</span>
        </annotation>
        <annotation annotator="Michael Bada" id="UBERON_Instance_530284" type="identity">
            <class id="UBERON:0000922" label="embryo"/>
            <span end="5533" id="16433929-19282" start="5524">embryonic</span>
        </annotation>
        <annotation annotator="Michael Bada" id="UBERON_Instance_530286" type="identity">
            <class id="UBERON:0000922" label="embryo"/>
            <span end="5622" id="16433929-19284" start="5613">embryonic</span>
        </annotation>
        <annotation annotator="Michael Bada" id="UBERON_Instance_530288" type="identity">
            <class id="UBERON:0000922" label="embryo"/>
            <span end="6692" id="16433929-19286" start="6685">embryos</span>
        </annotation>
        <annotation annotator="Michael Bada" id="UBERON_Instance_530290" type="identity">
            <class id="UBERON:0000922" label="embryo"/>
            <span end="6874" id="16433929-19288" start="6865">embryonic</span>
        </annotation>
        <annotation annotator="Michael Bada" id="UBERON_Instance_530054" type="identity">
            <class id="PATO_UBERON_EXT:male_or_bearer_of_maleness" label="male organism/bearer of maleness"/>
            <span end="9635" id="16433929-19226" start="9631">male</span>
        </annotation>
        <annotation annotator="Michael Bada" id="UBERON_Instance_531620" type="identity">
            <class id="UBERON:0000085" label="morula"/>
            <span end="9664" id="16433929-19438" start="9658">morula</span>
        </annotation>
        <annotation annotator="Michael Bada" id="UBERON_Instance_530056" type="identity">
            <class id="PATO_UBERON_EXT:male_or_bearer_of_maleness" label="male organism/bearer of maleness"/>
            <span end="9742" id="16433929-19228" start="9737">males</span>
        </annotation>
        <annotation annotator="Michael Bada" id="UBERON_Instance_531622" type="identity">
            <class id="UBERON:0001062" label="anatomical entity"/>
            <span end="9914" id="16433929-19440" start="9907">anatomy</span>
        </annotation>
        <annotation annotator="Michael Bada" id="UBERON_Instance_530446" type="identity">
            <class id="UBERON:0000104" label="life cycle"/>
            <span end="9942" id="16433929-19400" start="9933">life span</span>
        </annotation>
        <annotation annotator="Michael Bada" id="UBERON_Instance_530634" type="identity">
            <class id="UBERON:0012101" label="perinatal stage"/>
            <span end="10085" id="16433929-19426" start="10076">perinatal</span>
        </annotation>
        <annotation annotator="Michael Bada" id="UBERON_Instance_530292" type="identity">
            <class id="UBERON:0000922" label="embryo"/>
            <span end="10211" id="16433929-19290" start="10202">embryonic</span>
        </annotation>
        <annotation annotator="Michael Bada" id="UBERON_Instance_530294" type="identity">
            <class id="UBERON:0000922" label="embryo"/>
            <span end="10264" id="16433929-19292" start="10255">embryonic</span>
        </annotation>
        <annotation annotator="Michael Bada" id="UBERON_Instance_530296" type="identity">
            <class id="UBERON:0000922" label="embryo"/>
            <span end="10317" id="16433929-19294" start="10310">embryos</span>
        </annotation>
        <annotation annotator="Michael Bada" id="UBERON_Instance_530298" type="identity">
            <class id="UBERON:0000922" label="embryo"/>
            <span end="10411" id="16433929-19296" start="10404">embryos</span>
        </annotation>
        <annotation annotator="Michael Bada" id="UBERON_Instance_530300" type="identity">
            <class id="UBERON:0000922" label="embryo"/>
            <span end="10448" id="16433929-19298" start="10442">embryo</span>
        </annotation>
        <annotation annotator="Michael Bada" id="UBERON_Instance_530302" type="identity">
            <class id="UBERON:0000922" label="embryo"/>
            <span end="10525" id="16433929-19300" start="10518">embryos</span>
        </annotation>
        <annotation annotator="Michael Bada" id="UBERON_Instance_530304" type="identity">
            <class id="UBERON:0000922" label="embryo"/>
            <span end="10571" id="16433929-19302" start="10564">Embryos</span>
        </annotation>
        <annotation annotator="Michael Bada" id="UBERON_Instance_540108" type="identity">
            <class id="UBERON:0000993" label="oviduct"/>
            <span end="10607" id="16433929-19488" start="10599">oviducts</span>
        </annotation>
        <annotation annotator="Michael Bada" id="UBERON_Instance_530058" type="identity">
            <class id="PATO_UBERON_EXT:female_or_bearer_of_femaleness" label="female organism/bearer of femaleness"/>
            <span end="10627" id="16433929-19230" start="10620">females</span>
        </annotation>
        <annotation annotator="Michael Bada" id="UBERON_Instance_530306" type="identity">
            <class id="UBERON:0000922" label="embryo"/>
            <span end="10762" id="16433929-19304" start="10755">embryos</span>
        </annotation>
        <annotation annotator="Michael Bada" id="UBERON_Instance_530308" type="identity">
            <class id="UBERON:0000922" label="embryo"/>
            <span end="10829" id="16433929-19306" start="10822">embryos</span>
        </annotation>
        <annotation annotator="Michael Bada" id="UBERON_Instance_531624" type="identity">
            <class id="UBERON:0019252" label="8-cell stage embryo"/>
            <span end="10863" id="16433929-19442" start="10851">8-cell stage</span>
        </annotation>
        <annotation annotator="Michael Bada" id="UBERON_Instance_531626" type="identity">
            <class id="UBERON:0000358" label="blastocyst"/>
            <span end="10967" id="16433929-19444" start="10957">blastocyst</span>
        </annotation>
        <annotation annotator="Michael Bada" id="UBERON_Instance_530310" type="identity">
            <class id="UBERON:0000922" label="embryo"/>
            <span end="10982" id="16433929-19308" start="10975">embryos</span>
        </annotation>
        <annotation annotator="Michael Bada" id="UBERON_Instance_530312" type="identity">
            <class id="UBERON:0000922" label="embryo"/>
            <span end="11037" id="16433929-19310" start="11030">embryos</span>
        </annotation>
        <annotation annotator="Michael Bada" id="UBERON_Instance_531628" type="identity">
            <class id="UBERON:0019252" label="8-cell stage embryo"/>
            <span end="11067" id="16433929-19446" start="11055">8-cell stage</span>
        </annotation>
        <annotation annotator="Michael Bada" id="UBERON_Instance_530514" type="identity">
            <class id="UBERON:0019248" label="early embryo"/>
            <span end="11168" id="16433929-19410" start="11155">early embryos</span>
        </annotation>
        <annotation annotator="Michael Bada" id="UBERON_Instance_530316" type="identity">
            <class id="UBERON:0000922" label="embryo"/>
            <span end="11322" id="16433929-19312" start="11315">embryos</span>
        </annotation>
        <annotation annotator="Michael Bada" id="UBERON_Instance_531630" type="identity">
            <class id="UBERON:0000085" label="morula"/>
            <span end="11347" id="16433929-19448" start="11341">morula</span>
        </annotation>
        <annotation annotator="Michael Bada" id="UBERON_Instance_530318" type="identity">
            <class id="UBERON:0000922" label="embryo"/>
            <span end="11531" id="16433929-19314" start="11524">embryos</span>
        </annotation>
        <annotation annotator="Michael Bada" id="UBERON_Instance_530320" type="identity">
            <class id="UBERON:0000922" label="embryo"/>
            <span end="11667" id="16433929-19316" start="11660">embryos</span>
        </annotation>
        <annotation annotator="Michael Bada" id="UBERON_Instance_530322" type="identity">
            <class id="UBERON:0000922" label="embryo"/>
            <span end="12663" id="16433929-19318" start="12656">embryos</span>
        </annotation>
        <annotation annotator="Michael Bada" id="UBERON_Instance_530324" type="identity">
            <class id="UBERON:0000922" label="embryo"/>
            <span end="12715" id="16433929-19320" start="12708">embryos</span>
        </annotation>
        <annotation annotator="Michael Bada" id="UBERON_Instance_530596" type="identity">
            <class id="UBERON:0010148" label="mating plug"/>
            <span end="12865" id="16433929-19420" start="12852">vaginal plugs</span>
        </annotation>
        <annotation annotator="Michael Bada" id="UBERON_Instance_531632" type="identity">
            <class id="UBERON:0000358" label="blastocyst"/>
            <span end="12877" id="16433929-19450" start="12867">Blastocyst</span>
        </annotation>
        <annotation annotator="Michael Bada" id="UBERON_Instance_532142" type="identity">
            <class id="UBERON:0019252" label="8-cell stage embryo"/>
            <span end="12902" id="16433929-19486" start="12888">8-cell embryos</span>
        </annotation>
        <annotation annotator="Michael Bada" id="UBERON_Instance_531634" type="identity">
            <class id="UBERON:0000993" label="oviduct"/>
            <span end="12940" id="16433929-19452" start="12932">oviducts</span>
        </annotation>
        <annotation annotator="Michael Bada" id="UBERON_Instance_531636" type="identity">
            <class id="UBERON:0000358" label="blastocyst"/>
            <span end="13399" id="16433929-19454" start="13389">blastocyst</span>
        </annotation>
        <annotation annotator="Michael Bada" id="UBERON_Instance_530328" type="identity">
            <class id="UBERON:0000922" label="embryo"/>
            <span end="13413" id="16433929-19322" start="13406">embryos</span>
        </annotation>
        <annotation annotator="Michael Bada" id="UBERON_Instance_530330" type="identity">
            <class id="UBERON:0000922" label="embryo"/>
            <span end="13422" id="16433929-19324" start="13415">Embryos</span>
        </annotation>
        <annotation annotator="Michael Bada" id="UBERON_Instance_530332" type="identity">
            <class id="UBERON:0000922" label="embryo"/>
            <span end="13471" id="16433929-19326" start="13464">embryos</span>
        </annotation>
        <annotation annotator="Michael Bada" id="UBERON_Instance_531638" type="identity">
            <class id="UBERON:0019252" label="8-cell stage embryo"/>
            <span end="13599" id="16433929-19456" start="13585">8-cell embryos</span>
        </annotation>
        <annotation annotator="Michael Bada" id="UBERON_Instance_530336" type="identity">
            <class id="UBERON:0000922" label="embryo"/>
            <span end="13617" id="16433929-19328" start="13610">Embryos</span>
        </annotation>
        <annotation annotator="Michael Bada" id="UBERON_Instance_530338" type="identity">
            <class id="UBERON:0000922" label="embryo"/>
            <span end="13663" id="16433929-19330" start="13657">embryo</span>
        </annotation>
        <annotation annotator="Michael Bada" id="UBERON_Instance_530340" type="identity">
            <class id="UBERON:0000922" label="embryo"/>
            <span end="13862" id="16433929-19332" start="13855">embryos</span>
        </annotation>
        <annotation annotator="Michael Bada" id="UBERON_Instance_530060" type="identity">
            <class id="PATO_UBERON_EXT:male_or_bearer_of_maleness" label="male organism/bearer of maleness"/>
            <span end="14234" id="16433929-19232" start="14229">males</span>
        </annotation>
        <annotation annotator="Michael Bada" id="UBERON_Instance_530062" type="identity">
            <class id="PATO_UBERON_EXT:female_or_bearer_of_femaleness" label="female organism/bearer of femaleness"/>
            <span end="14258" id="16433929-19234" start="14251">females</span>
        </annotation>
        <annotation annotator="Michael Bada" id="UBERON_Instance_530626" type="identity">
            <class id="NCBITaxon_UBERON_EXT:pup" label="pup"/>
            <span end="14373" id="16433929-19424" start="14369">pups</span>
        </annotation>
        <annotation annotator="Michael Bada" id="UBERON_Instance_530342" type="identity">
            <class id="UBERON:0000922" label="embryo"/>
            <span end="14552" id="16433929-19334" start="14545">embryos</span>
        </annotation>
        <annotation annotator="Michael Bada" id="UBERON_Instance_530064" type="identity">
            <class id="PATO_UBERON_EXT:male_or_bearer_of_maleness" label="male organism/bearer of maleness"/>
            <span end="15098" id="16433929-19236" start="15093">males</span>
        </annotation>
        <annotation annotator="Michael Bada" id="UBERON_Instance_530066" type="identity">
            <class id="PATO_UBERON_EXT:female_or_bearer_of_femaleness" label="female organism/bearer of femaleness"/>
            <span end="15109" id="16433929-19238" start="15102">females</span>
        </annotation>
        <annotation annotator="Michael Bada" id="UBERON_Instance_530068" type="identity">
            <class id="PATO_UBERON_EXT:male_or_bearer_of_maleness" label="male organism/bearer of maleness"/>
            <span end="15180" id="16433929-19240" start="15175">males</span>
        </annotation>
        <annotation annotator="Michael Bada" id="UBERON_Instance_530070" type="identity">
            <class id="PATO_UBERON_EXT:female_or_bearer_of_femaleness" label="female organism/bearer of femaleness"/>
            <span end="15199" id="16433929-19242" start="15192">females</span>
        </annotation>
        <annotation annotator="Michael Bada" id="UBERON_Instance_530074" type="identity">
            <class id="PATO_UBERON_EXT:male_or_bearer_of_maleness" label="male organism/bearer of maleness"/>
            <span end="15275" id="16433929-19246" start="15270">males</span>
        </annotation>
        <annotation annotator="Michael Bada" id="UBERON_Instance_530072" type="identity">
            <class id="PATO_UBERON_EXT:female_or_bearer_of_femaleness" label="female organism/bearer of femaleness"/>
            <span end="15294" id="16433929-19244" start="15287">females</span>
        </annotation>
        <annotation annotator="Michael Bada" id="UBERON_Instance_530344" type="identity">
            <class id="UBERON:0000922" label="embryo"/>
            <span end="15870" id="16433929-19336" start="15863">embryos</span>
        </annotation>
        <annotation annotator="Michael Bada" id="UBERON_Instance_531640" type="identity">
            <class id="UBERON:0019252" label="8-cell stage embryo"/>
            <span end="15894" id="16433929-19458" start="15882">8-cell stage</span>
        </annotation>
        <annotation annotator="Michael Bada" id="UBERON_Instance_530346" type="identity">
            <class id="UBERON:0000922" label="embryo"/>
            <span end="16813" id="16433929-19338" start="16804">embryonic</span>
        </annotation>
        <annotation annotator="Michael Bada" id="UBERON_Instance_530348" type="identity">
            <class id="UBERON:0000922" label="embryo"/>
            <span end="17091" id="16433929-19340" start="17082">embryonic</span>
        </annotation>
        <annotation annotator="Michael Bada" id="UBERON_Instance_530350" type="identity">
            <class id="UBERON:0000922" label="embryo"/>
            <span end="17701" id="16433929-19342" start="17692">embryonic</span>
        </annotation>
        <annotation annotator="Michael Bada" id="UBERON_Instance_530352" type="identity">
            <class id="UBERON:0000922" label="embryo"/>
            <span end="18188" id="16433929-19344" start="18181">embryos</span>
        </annotation>
        <annotation annotator="Michael Bada" id="UBERON_Instance_530354" type="identity">
            <class id="UBERON:0000922" label="embryo"/>
            <span end="18245" id="16433929-19346" start="18238">embryos</span>
        </annotation>
        <annotation annotator="Michael Bada" id="UBERON_Instance_530356" type="identity">
            <class id="UBERON:0000922" label="embryo"/>
            <span end="19649" id="16433929-19348" start="19642">embryos</span>
        </annotation>
        <annotation annotator="Michael Bada" id="UBERON_Instance_530358" type="identity">
            <class id="UBERON:0000922" label="embryo"/>
            <span end="22023" id="16433929-19350" start="22016">embryos</span>
        </annotation>
        <annotation annotator="Michael Bada" id="UBERON_Instance_530360" type="identity">
            <class id="UBERON:0000922" label="embryo"/>
            <span end="23110" id="16433929-19352" start="23103">embryos</span>
        </annotation>
        <annotation annotator="Michael Bada" id="UBERON_Instance_530362" type="identity">
            <class id="UBERON:0000922" label="embryo"/>
            <span end="23174" id="16433929-19354" start="23165">embryonic</span>
        </annotation>
        <annotation annotator="Michael Bada" id="UBERON_Instance_531642" type="identity">
            <class id="UBERON:0019252" label="8-cell stage embryo"/>
            <span end="23210" id="16433929-19460" start="23198">8-cell stage</span>
        </annotation>
        <annotation annotator="Michael Bada" id="UBERON_Instance_530364" type="identity">
            <class id="UBERON:0000922" label="embryo"/>
            <span end="23367" id="16433929-19356" start="23360">embryos</span>
        </annotation>
        <annotation annotator="Michael Bada" id="UBERON_Instance_530366" type="identity">
            <class id="UBERON:0000922" label="embryo"/>
            <span end="23427" id="16433929-19358" start="23420">embryos</span>
        </annotation>
        <annotation annotator="Michael Bada" id="UBERON_Instance_531644" type="identity">
            <class id="UBERON:0019252" label="8-cell stage embryo"/>
            <span end="23458" id="16433929-19462" start="23446">8-cell stage</span>
        </annotation>
        <annotation annotator="Michael Bada" id="UBERON_Instance_530368" type="identity">
            <class id="UBERON:0000922" label="embryo"/>
            <span end="23599" id="16433929-19360" start="23592">embryos</span>
        </annotation>
        <annotation annotator="Michael Bada" id="UBERON_Instance_530370" type="identity">
            <class id="UBERON:0000922" label="embryo"/>
            <span end="23805" id="16433929-19362" start="23796">embryonic</span>
        </annotation>
        <annotation annotator="Michael Bada" id="UBERON_Instance_530372" type="identity">
            <class id="UBERON:0000922" label="embryo"/>
            <span end="23892" id="16433929-19364" start="23885">embryos</span>
        </annotation>
        <annotation annotator="Michael Bada" id="UBERON_Instance_531646" type="identity">
            <class id="UBERON:0000085" label="morula"/>
            <span end="23937" id="16433929-19464" start="23931">morula</span>
        </annotation>
        <annotation annotator="Michael Bada" id="UBERON_Instance_530374" type="identity">
            <class id="UBERON:0000922" label="embryo"/>
            <span end="23986" id="16433929-19366" start="23977">embryonic</span>
        </annotation>
        <annotation annotator="Michael Bada" id="UBERON_Instance_530516" type="identity">
            <class id="UBERON:0019248" label="early embryo"/>
            <span end="24135" id="16433929-19412" start="24123">early embryo</span>
        </annotation>
        <annotation annotator="Michael Bada" id="UBERON_Instance_530378" type="identity">
            <class id="UBERON:0000922" label="embryo"/>
            <span end="24190" id="16433929-19368" start="24183">embryos</span>
        </annotation>
        <annotation annotator="Michael Bada" id="UBERON_Instance_530380" type="identity">
            <class id="UBERON:0000922" label="embryo"/>
            <span end="24428" id="16433929-19370" start="24421">embryos</span>
        </annotation>
        <annotation annotator="Michael Bada" id="UBERON_Instance_531648" type="identity">
            <class id="UBERON:0019252" label="8-cell stage embryo"/>
            <span end="24448" id="16433929-19466" start="24436">8-cell stage</span>
        </annotation>
        <annotation annotator="Michael Bada" id="UBERON_Instance_530382" type="identity">
            <class id="UBERON:0000922" label="embryo"/>
            <span end="24958" id="16433929-19372" start="24949">embryonic</span>
        </annotation>
        <annotation annotator="Michael Bada" id="UBERON_Instance_530518" type="identity">
            <class id="UBERON:0019248" label="early embryo"/>
            <span end="26292" id="16433929-19414" start="26277">early embryonic</span>
        </annotation>
        <annotation annotator="Michael Bada" id="UBERON_Instance_530520" type="identity">
            <class id="UBERON:0019248" label="early embryo"/>
            <span end="26955" id="16433929-19416" start="26940">early embryonic</span>
        </annotation>
        <annotation annotator="Michael Bada" id="UBERON_Instance_530418" type="identity">
            <class id="UBERON:0007023" label="adult organism"/>
            <span end="29021" id="16433929-19398" start="29016">adult</span>
        </annotation>
        <annotation annotator="Michael Bada" id="UBERON_Instance_530388" type="identity">
            <class id="UBERON:0000922" label="embryo"/>
            <span end="32502" id="16433929-19374" start="32493">embryonic</span>
        </annotation>
        <annotation annotator="Michael Bada" id="UBERON_Instance_531652" type="identity">
            <class id="UBERON:0001977" label="serum"/>
            <span end="32615" id="16433929-19468" start="32610">serum</span>
        </annotation>
        <annotation annotator="Michael Bada" id="UBERON_Instance_531654" type="identity">
            <class id="UBERON:0001977" label="serum"/>
            <span end="32838" id="16433929-19470" start="32833">serum</span>
        </annotation>
        <annotation annotator="Michael Bada" id="UBERON_Instance_531656" type="identity">
            <class id="UBERON:0000479" label="tissue"/>
            <span end="33040" id="16433929-19472" start="33034">tissue</span>
        </annotation>
        <annotation annotator="Michael Bada" id="UBERON_Instance_531658" type="identity">
            <class id="UBERON:0019252" label="8-cell stage embryo"/>
            <span end="33603" id="16433929-19474" start="33589">8-cell embryos</span>
        </annotation>
        <annotation annotator="Michael Bada" id="UBERON_Instance_531660" type="identity">
            <class id="UBERON:0000358" label="blastocyst"/>
            <span end="33690" id="16433929-19476" start="33679">blastocysts</span>
        </annotation>
        <annotation annotator="Michael Bada" id="UBERON_Instance_530076" type="identity">
            <class id="PATO_UBERON_EXT:female_or_bearer_of_femaleness" label="female organism/bearer of femaleness"/>
            <span end="33737" id="16433929-19248" start="33730">females</span>
        </annotation>
        <annotation annotator="Michael Bada" id="UBERON_Instance_531662" type="identity">
            <class id="UBERON:0000970" label="eye"/>
            <span end="33795" id="16433929-19478" start="33792">eye</span>
        </annotation>
        <annotation annotator="Michael Bada" id="UBERON_Instance_530494" type="identity">
            <class id="UBERON:0010166" label="coat of hair"/>
            <span end="33851" id="16433929-19402" start="33847">coat</span>
        </annotation>
        <annotation annotator="Michael Bada" id="UBERON_Instance_530078" type="identity">
            <class id="PATO_UBERON_EXT:male_or_bearer_of_maleness" label="male organism/bearer of maleness"/>
            <span end="33874" id="16433929-19250" start="33869">males</span>
        </annotation>
        <annotation annotator="Michael Bada" id="UBERON_Instance_530080" type="identity">
            <class id="PATO_UBERON_EXT:female_or_bearer_of_femaleness" label="female organism/bearer of femaleness"/>
            <span end="33901" id="16433929-19252" start="33894">females</span>
        </annotation>
        <annotation annotator="Michael Bada" id="UBERON_Instance_530082" type="identity">
            <class id="PATO_UBERON_EXT:male_or_bearer_of_maleness" label="male organism/bearer of maleness"/>
            <span end="33925" id="16433929-19254" start="33920">males</span>
        </annotation>
        <annotation annotator="Michael Bada" id="UBERON_Instance_530084" type="identity">
            <class id="PATO_UBERON_EXT:female_or_bearer_of_femaleness" label="female organism/bearer of femaleness"/>
            <span end="34000" id="16433929-19256" start="33993">females</span>
        </annotation>
        <annotation annotator="Michael Bada" id="UBERON_Instance_530392" type="identity">
            <class id="UBERON:0000922" label="embryo"/>
            <span end="35053" id="16433929-19376" start="35046">embryos</span>
        </annotation>
        <annotation annotator="Michael Bada" id="UBERON_Instance_530394" type="identity">
            <class id="UBERON:0000922" label="embryo"/>
            <span end="35792" id="16433929-19378" start="35785">embryos</span>
        </annotation>
        <annotation annotator="Michael Bada" id="UBERON_Instance_530396" type="identity">
            <class id="UBERON:0000922" label="embryo"/>
            <span end="35896" id="16433929-19380" start="35889">embryos</span>
        </annotation>
        <annotation annotator="Michael Bada" id="UBERON_Instance_530398" type="identity">
            <class id="UBERON:0000922" label="embryo"/>
            <span end="37799" id="16433929-19382" start="37792">embryos</span>
        </annotation>
        <annotation annotator="Michael Bada" id="UBERON_Instance_530594" type="identity">
            <class id="UBERON:0010148" label="mating plug"/>
            <span end="37872" id="16433929-19418" start="37856">copulation plugs</span>
        </annotation>
        <annotation annotator="Michael Bada" id="UBERON_Instance_530400" type="identity">
            <class id="UBERON:0000922" label="embryo"/>
            <span end="37940" id="16433929-19384" start="37933">embryos</span>
        </annotation>
        <annotation annotator="Michael Bada" id="UBERON_Instance_531664" type="identity">
            <class id="UBERON:0000995" label="uterus"/>
            <span end="37978" id="16433929-19480" start="37973">uteri</span>
        </annotation>
        <annotation annotator="Michael Bada" id="UBERON_Instance_530086" type="identity">
            <class id="PATO_UBERON_EXT:female_or_bearer_of_femaleness" label="female organism/bearer of femaleness"/>
            <span end="38002" id="16433929-19258" start="37995">females</span>
        </annotation>
        <annotation annotator="Michael Bada" id="UBERON_Instance_531666" type="identity">
            <class id="UBERON:0000993" label="oviduct"/>
            <span end="38044" id="16433929-19482" start="38036">oviducts</span>
        </annotation>
        <annotation annotator="Michael Bada" id="UBERON_Instance_530402" type="identity">
            <class id="UBERON:0000922" label="embryo"/>
            <span end="38082" id="16433929-19386" start="38075">embryos</span>
        </annotation>
        <annotation annotator="Michael Bada" id="UBERON_Instance_530512" type="identity">
            <class id="UBERON:0007376" label="outer epithelium"/>
            <span end="38364" id="16433929-19408" start="38355">Epidermal</span>
        </annotation>
        <annotation annotator="Michael Bada" id="UBERON_Instance_530404" type="identity">
            <class id="UBERON:0000922" label="embryo"/>
            <span end="38393" id="16433929-19388" start="38384">Embryonic</span>
        </annotation>
        <annotation annotator="Michael Bada" id="UBERON_Instance_530406" type="identity">
            <class id="UBERON:0000922" label="embryo"/>
            <span end="38420" id="16433929-19390" start="38411">embryonic</span>
        </annotation>
        <annotation annotator="Michael Bada" id="UBERON_Instance_530496" type="identity">
            <class id="UBERON:0002415" label="tail"/>
            <span end="39139" id="16433929-19404" start="39135">tail</span>
        </annotation>
        <annotation annotator="Michael Bada" id="UBERON_Instance_530408" type="identity">
            <class id="UBERON:0000922" label="embryo"/>
            <span end="39494" id="16433929-19392" start="39487">embryos</span>
        </annotation>
        <annotation annotator="Michael Bada" id="UBERON_Instance_530410" type="identity">
            <class id="UBERON:0000922" label="embryo"/>
            <span end="39511" id="16433929-19394" start="39505">embryo</span>
        </annotation>
        <annotation annotator="Michael Bada" id="UBERON_Instance_530412" type="identity">
            <class id="UBERON:0000922" label="embryo"/>
            <span end="39583" id="16433929-19396" start="39576">embryos</span>
        </annotation>
        <annotation annotator="Michael Bada" id="UBERON_Instance_531668" type="identity">
            <class id="UBERON:0000948" label="heart"/>
            <span end="40128" id="16433929-19484" start="40123">Heart</span>
        </annotation>
        <graph-space id="Old Knowtator Relations"/>
    </document>
</knowtator-project>
