<?xml version="1.0" encoding="UTF-8" standalone="no"?>
<knowtator-project>
  <document id="16504143" text-file="16504143.txt">
    <annotation annotator="Michael Bada" id="UBERON_Instance_530440" type="identity">
      <class id="UBERON:0001016" label="nervous system"/>
      <span end="188" id="16504143-20042" start="174">nervous system</span>
    </annotation>
    <annotation annotator="Michael Bada" id="UBERON_Instance_490002" type="identity">
      <class id="UBERON:0000955" label="brain"/>
      <span end="577" id="16504143-19980" start="572">brain</span>
    </annotation>
    <annotation annotator="Michael Bada" id="UBERON_Instance_530636" type="identity">
      <class id="UBERON:0002240" label="spinal cord"/>
      <span end="592" id="16504143-20140" start="581">spinal cord</span>
    </annotation>
    <annotation annotator="Michael Bada" id="UBERON_Instance_530522" type="identity">
      <class id="UBERON_EXT:hippocampus_proper_or_hippocampal_formation" label="hippocampus proper or hippocampal formation"/>
      <span end="647" id="16504143-20058" start="636">hippocampus</span>
    </annotation>
    <annotation annotator="Michael Bada" id="UBERON_Instance_530552" type="identity">
      <class id="UBERON:0002037" label="cerebellum"/>
      <span end="662" id="16504143-20088" start="652">cerebellum</span>
    </annotation>
    <annotation annotator="Michael Bada" id="UBERON_Instance_532032" type="identity">
      <class id="UBERON:0000479" label="tissue"/>
      <span end="2390" id="16504143-20146" start="2384">tissue</span>
    </annotation>
    <annotation annotator="Michael Bada" id="UBERON_Instance_530192" type="identity">
      <class id="PATO_UBERON_EXT:male_or_bearer_of_maleness" label="male organism/bearer of maleness"/>
      <span end="2759" id="16504143-20012" start="2755">male</span>
    </annotation>
    <annotation annotator="Michael Bada" id="UBERON_Instance_530442" type="identity">
      <class id="UBERON:0001016" label="nervous system"/>
      <span end="3028" id="16504143-20044" start="3013">nervous systems</span>
    </annotation>
    <annotation annotator="Michael Bada" id="UBERON_Instance_530444" type="identity">
      <class id="UBERON:0000010" label="peripheral nervous system"/>
      <span end="3500" id="16504143-20046" start="3475">peripheral nervous system</span>
    </annotation>
    <annotation annotator="Michael Bada" id="UBERON_Instance_520004" type="identity">
      <class id="UBERON:0000955" label="brain"/>
      <span end="3743" id="16504143-19982" start="3738">brain</span>
    </annotation>
    <annotation annotator="Michael Bada" id="UBERON_Instance_530612" type="identity">
      <class id="UBERON_EXT:neural_tissue_or_nerve_or_nervous_system" label="neural tissue, nerve, or nervous system"/>
      <span end="4047" id="16504143-20136" start="4041">neural</span>
    </annotation>
    <annotation annotator="Michael Bada" id="UBERON_Instance_530420" type="identity">
      <class id="UBERON:0007023" label="adult organism"/>
      <span end="4270" id="16504143-20022" start="4265">adult</span>
    </annotation>
    <annotation annotator="Michael Bada" id="UBERON_Instance_530424" type="identity">
      <class id="UBERON:0001016" label="nervous system"/>
      <span end="4285" id="16504143-20026" start="4271">nervous system</span>
    </annotation>
    <annotation annotator="Michael Bada" id="UBERON_Instance_530426" type="identity">
      <class id="UBERON:0001016" label="nervous system"/>
      <span end="4416" id="16504143-20028" start="4402">nervous system</span>
    </annotation>
    <annotation annotator="Michael Bada" id="UBERON_Instance_530196" type="identity">
      <class id="PATO_UBERON_EXT:female_or_bearer_of_femaleness" label="female organism/bearer of femaleness"/>
      <span end="5710" id="16504143-20016" start="5703">females</span>
    </annotation>
    <annotation annotator="Michael Bada" id="UBERON_Instance_530194" type="identity">
      <class id="PATO_UBERON_EXT:male_or_bearer_of_maleness" label="male organism/bearer of maleness"/>
      <span end="5720" id="16504143-20014" start="5715">males</span>
    </annotation>
    <annotation annotator="Michael Bada" id="UBERON_Instance_530198" type="identity">
      <class id="PATO_UBERON_EXT:male_or_bearer_of_maleness" label="male organism/bearer of maleness"/>
      <span end="5816" id="16504143-20018" start="5812">male</span>
    </annotation>
    <annotation annotator="Michael Bada" id="UBERON_Instance_530502" type="identity">
      <class id="UBERON:0001062" label="anatomical entity"/>
      <span end="5925" id="16504143-20052" start="5915">anatomical</span>
    </annotation>
    <annotation annotator="Michael Bada" id="UBERON_Instance_532034" type="identity">
      <class id="UBERON_EXT:body" label="body (proper or whole multicellular organism)"/>
      <span end="6108" id="16504143-20148" start="6104">body</span>
    </annotation>
    <annotation annotator="Michael Bada" id="UBERON_Instance_530504" type="identity">
      <class id="UBERON:0001062" label="anatomical entity"/>
      <span end="6363" id="16504143-20054" start="6353">anatomical</span>
    </annotation>
    <annotation annotator="Michael Bada" id="UBERON_Instance_530638" type="identity">
      <class id="UBERON:0002240" label="spinal cord"/>
      <span end="6415" id="16504143-20142" start="6404">spinal cord</span>
    </annotation>
    <annotation annotator="Michael Bada" id="UBERON_Instance_532036" type="identity">
      <class id="UBERON:0000948" label="heart"/>
      <span end="6422" id="16504143-20150" start="6417">heart</span>
    </annotation>
    <annotation annotator="Michael Bada" id="UBERON_Instance_532038" type="identity">
      <class id="UBERON:0002048" label="lung"/>
      <span end="6428" id="16504143-20152" start="6424">lung</span>
    </annotation>
    <annotation annotator="Michael Bada" id="UBERON_Instance_532040" type="identity">
      <class id="UBERON:0002107" label="liver"/>
      <span end="6435" id="16504143-20154" start="6430">liver</span>
    </annotation>
    <annotation annotator="Michael Bada" id="UBERON_Instance_532042" type="identity">
      <class id="UBERON:0002113" label="kidney"/>
      <span end="6443" id="16504143-20156" start="6437">kidney</span>
    </annotation>
    <annotation annotator="Michael Bada" id="UBERON_Instance_532044" type="identity">
      <class id="UBERON:0002106" label="spleen"/>
      <span end="6451" id="16504143-20158" start="6445">spleen</span>
    </annotation>
    <annotation annotator="Michael Bada" id="UBERON_Instance_530018" type="identity">
      <class id="UBERON:0000473" label="testis"/>
      <span end="6459" id="16504143-19994" start="6453">testis</span>
    </annotation>
    <annotation annotator="Michael Bada" id="UBERON_Instance_532046" type="identity">
      <class id="UBERON:0000992" label="female gonad"/>
      <span end="6468" id="16504143-20160" start="6463">ovary</span>
    </annotation>
    <annotation annotator="Michael Bada" id="UBERON_Instance_530006" type="identity">
      <class id="UBERON:0000955" label="brain"/>
      <span end="6496" id="16504143-19984" start="6491">brain</span>
    </annotation>
    <annotation annotator="Michael Bada" id="UBERON_Instance_530524" type="identity">
      <class id="UBERON_EXT:hippocampus_proper_or_hippocampal_formation" label="hippocampus proper or hippocampal formation"/>
      <span end="6537" id="16504143-20060" start="6526">hippocampus</span>
    </annotation>
    <annotation annotator="Michael Bada" id="UBERON_Instance_530554" type="identity">
      <class id="UBERON:0002037" label="cerebellum"/>
      <span end="6562" id="16504143-20090" start="6552">cerebellum</span>
    </annotation>
    <annotation annotator="Michael Bada" id="UBERON_Instance_530526" type="identity">
      <class id="UBERON_EXT:hippocampus_proper_or_hippocampal_formation" label="hippocampus proper or hippocampal formation"/>
      <span end="6713" id="16504143-20062" start="6702">hippocampus</span>
    </annotation>
    <annotation annotator="Michael Bada" id="UBERON_Instance_530556" type="identity">
      <class id="UBERON:0002037" label="cerebellum"/>
      <span end="6728" id="16504143-20092" start="6718">cerebellum</span>
    </annotation>
    <annotation annotator="Michael Bada" id="UBERON_Instance_530528" type="identity">
      <class id="UBERON_EXT:hippocampus_proper_or_hippocampal_formation" label="hippocampus proper or hippocampal formation"/>
      <span end="6752" id="16504143-20064" start="6741">hippocampus</span>
    </annotation>
    <annotation annotator="Michael Bada" id="UBERON_Instance_530558" type="identity">
      <class id="UBERON:0002037" label="cerebellum"/>
      <span end="6767" id="16504143-20094" start="6757">cerebellum</span>
    </annotation>
    <annotation annotator="Michael Bada" id="UBERON_Instance_530530" type="identity">
      <class id="UBERON_EXT:hippocampus_proper_or_hippocampal_formation" label="hippocampus proper or hippocampal formation"/>
      <span end="6895" id="16504143-20066" start="6884">hippocampus</span>
    </annotation>
    <annotation annotator="Michael Bada" id="UBERON_Instance_530560" type="identity">
      <class id="UBERON:0002037" label="cerebellum"/>
      <span end="8790" id="16504143-20096" start="8780">cerebellum</span>
    </annotation>
    <annotation annotator="Michael Bada" id="UBERON_Instance_530008" type="identity">
      <class id="UBERON:0000955" label="brain"/>
      <span end="10441" id="16504143-19986" start="10436">brain</span>
    </annotation>
    <annotation annotator="Michael Bada" id="UBERON_Instance_532050" type="identity">
      <class id="UBERON:0000948" label="heart"/>
      <span end="10448" id="16504143-20162" start="10443">heart</span>
    </annotation>
    <annotation annotator="Michael Bada" id="UBERON_Instance_532052" type="identity">
      <class id="UBERON:0002107" label="liver"/>
      <span end="10455" id="16504143-20164" start="10450">liver</span>
    </annotation>
    <annotation annotator="Michael Bada" id="UBERON_Instance_530020" type="identity">
      <class id="UBERON:0000473" label="testis"/>
      <span end="10466" id="16504143-19996" start="10460">testis</span>
    </annotation>
    <annotation annotator="Michael Bada" id="UBERON_Instance_530010" type="identity">
      <class id="UBERON:0000955" label="brain"/>
      <span end="10661" id="16504143-19988" start="10656">brain</span>
    </annotation>
    <annotation annotator="Michael Bada" id="UBERON_Instance_532054" type="identity">
      <class id="UBERON:0000948" label="heart"/>
      <span end="10668" id="16504143-20166" start="10663">heart</span>
    </annotation>
    <annotation annotator="Michael Bada" id="UBERON_Instance_532056" type="identity">
      <class id="UBERON:0002107" label="liver"/>
      <span end="10675" id="16504143-20168" start="10670">liver</span>
    </annotation>
    <annotation annotator="Michael Bada" id="UBERON_Instance_530022" type="identity">
      <class id="UBERON:0000473" label="testis"/>
      <span end="10686" id="16504143-19998" start="10680">testis</span>
    </annotation>
    <annotation annotator="Michael Bada" id="UBERON_Instance_530012" type="identity">
      <class id="UBERON:0000955" label="brain"/>
      <span end="10743" id="16504143-19990" start="10738">brain</span>
    </annotation>
    <annotation annotator="Michael Bada" id="UBERON_Instance_530532" type="identity">
      <class id="UBERON_EXT:hippocampus_proper_or_hippocampal_formation" label="hippocampus proper or hippocampal formation"/>
      <span end="10866" id="16504143-20068" start="10855">hippocampus</span>
    </annotation>
    <annotation annotator="Michael Bada" id="UBERON_Instance_530562" type="identity">
      <class id="UBERON:0002037" label="cerebellum"/>
      <span end="10881" id="16504143-20098" start="10871">cerebellum</span>
    </annotation>
    <annotation annotator="Michael Bada" id="UBERON_Instance_530534" type="identity">
      <class id="UBERON_EXT:hippocampus_proper_or_hippocampal_formation" label="hippocampus proper or hippocampal formation"/>
      <span end="10932" id="16504143-20070" start="10921">hippocampus</span>
    </annotation>
    <annotation annotator="Michael Bada" id="UBERON_Instance_530564" type="identity">
      <class id="UBERON:0002037" label="cerebellum"/>
      <span end="10948" id="16504143-20100" start="10938">cerebellum</span>
    </annotation>
    <annotation annotator="Michael Bada" id="UBERON_Instance_530428" type="identity">
      <class id="UBERON:0001016" label="nervous system"/>
      <span end="11031" id="16504143-20030" start="11017">nervous system</span>
    </annotation>
    <annotation annotator="Michael Bada" id="UBERON_Instance_530536" type="identity">
      <class id="UBERON_EXT:hippocampus_proper_or_hippocampal_formation" label="hippocampus proper or hippocampal formation"/>
      <span end="11076" id="16504143-20072" start="11065">hippocampus</span>
    </annotation>
    <annotation annotator="Michael Bada" id="UBERON_Instance_532058" type="identity">
      <class id="UBERON_EXT:hippocampus_proper_or_hippocampal_formation" label="hippocampus proper or hippocampal formation"/>
      <span end="11195" id="16504143-20170" start="11184">hippocampal</span>
    </annotation>
    <annotation annotator="Michael Bada" id="UBERON_Instance_530566" type="identity">
      <class id="UBERON:0002037" label="cerebellum"/>
      <span end="11991" id="16504143-20102" start="11981">cerebellum</span>
    </annotation>
    <annotation annotator="Michael Bada" id="UBERON_Instance_532060" type="identity">
      <class id="UBERON:0003945" label="somatic motor system"/>
      <span end="12048" id="16504143-20172" start="12035">somatic motor</span>
    </annotation>
    <annotation annotator="Michael Bada" id="UBERON_Instance_530602" type="identity">
      <class id="UBERON_EXT:muscle_structure_or_tissue" label="muscle structure or tissue"/>
      <span end="12079" id="16504143-20130" start="12073">muscle</span>
    </annotation>
    <annotation annotator="Michael Bada" id="UBERON_Instance_530568" type="identity">
      <class id="UBERON:0002037" label="cerebellum"/>
      <span end="12188" id="16504143-20104" start="12178">cerebellum</span>
    </annotation>
    <annotation annotator="Michael Bada" id="UBERON_Instance_530570" type="identity">
      <class id="UBERON:0002037" label="cerebellum"/>
      <span end="12304" id="16504143-20106" start="12294">cerebellum</span>
    </annotation>
    <annotation annotator="Michael Bada" id="UBERON_Instance_530572" type="identity">
      <class id="UBERON:0002037" label="cerebellum"/>
      <span end="12365" id="16504143-20108" start="12355">cerebellum</span>
    </annotation>
    <annotation annotator="Michael Bada" id="UBERON_Instance_530574" type="identity">
      <class id="UBERON:0002037" label="cerebellum"/>
      <span end="13072" id="16504143-20110" start="13062">cerebellum</span>
    </annotation>
    <annotation annotator="Michael Bada" id="UBERON_Instance_532070" type="identity">
      <class id="UBERON:0002037" label="cerebellum"/>
      <span end="14031" id="16504143-20174" start="14021">cerebellar</span>
    </annotation>
    <annotation annotator="Michael Bada" id="UBERON_Instance_532072" type="identity">
      <class id="UBERON:0001711" label="eyelid"/>
      <span end="14084" id="16504143-20176" start="14078">eyelid</span>
    </annotation>
    <annotation annotator="Michael Bada" id="UBERON_Instance_530604" type="identity">
      <class id="UBERON_EXT:muscle_structure_or_tissue" label="muscle structure or tissue"/>
      <span end="14393" id="16504143-20132" start="14387">muscle</span>
    </annotation>
    <annotation annotator="Michael Bada" id="UBERON_Instance_540126" type="identity">
      <class id="UBERON:0002616" label="regional part of brain"/>
      <span end="14484" id="16504143-20211" start="14473">brain sites</span>
    </annotation>
    <annotation annotator="Michael Bada" id="UBERON_Instance_530538" type="identity">
      <class id="UBERON_EXT:hippocampus_proper_or_hippocampal_formation" label="hippocampus proper or hippocampal formation"/>
      <span end="14508" id="16504143-20074" start="14497">hippocampus</span>
    </annotation>
    <annotation annotator="Michael Bada" id="UBERON_Instance_530576" type="identity">
      <class id="UBERON:0002037" label="cerebellum"/>
      <span end="14523" id="16504143-20112" start="14513">cerebellum</span>
    </annotation>
    <annotation annotator="Michael Bada" id="UBERON_Instance_532196" type="identity">
      <class id="UBERON:0002929" label="dentate gyrus pyramidal layer"/>
      <span end="14732" id="16504143-20207" start="14723">pyramidal</span>
    </annotation>
    <annotation annotator="Michael Bada" id="UBERON_Instance_532192" type="identity">
      <class id="UBERON:0003881" label="CA1 field of hippocampus"/>
      <span end="14745" id="16504143-20202" start="14742">CA1</span>
      <span end="14756" id="16504143-20203" start="14750">fields</span>
    </annotation>
    <annotation annotator="Michael Bada" id="UBERON_Instance_532194" type="identity">
      <class id="UBERON:0003883" label="CA3 field of hippocampus"/>
      <span end="14756" id="16504143-20205" start="14746">CA3 fields</span>
    </annotation>
    <annotation annotator="Michael Bada" id="UBERON_Instance_532074" type="identity">
      <class id="UBERON:0001885" label="dentate gyrus of hippocampal formation"/>
      <span end="14795" id="16504143-20178" start="14782">dentate gyrus</span>
    </annotation>
    <annotation annotator="Michael Bada" id="UBERON_Instance_530540" type="identity">
      <class id="UBERON_EXT:hippocampus_proper_or_hippocampal_formation" label="hippocampus proper or hippocampal formation"/>
      <span end="14814" id="16504143-20076" start="14803">hippocampus</span>
    </annotation>
    <annotation annotator="Michael Bada" id="UBERON_Instance_530578" type="identity">
      <class id="UBERON:0002037" label="cerebellum"/>
      <span end="14854" id="16504143-20114" start="14844">cerebellum</span>
    </annotation>
    <annotation annotator="Michael Bada" id="UBERON_Instance_530542" type="identity">
      <class id="UBERON_EXT:hippocampus_proper_or_hippocampal_formation" label="hippocampus proper or hippocampal formation"/>
      <span end="15056" id="16504143-20078" start="15045">hippocampus</span>
    </annotation>
    <annotation annotator="Michael Bada" id="UBERON_Instance_530580" type="identity">
      <class id="UBERON:0002037" label="cerebellum"/>
      <span end="15071" id="16504143-20116" start="15061">cerebellum</span>
    </annotation>
    <annotation annotator="Michael Bada" id="UBERON_Instance_530614" type="identity">
      <class id="UBERON_EXT:neural_tissue_or_nerve_or_nervous_system" label="neural tissue, nerve, or nervous system"/>
      <span end="15394" id="16504143-20138" start="15388">neural</span>
    </annotation>
    <annotation annotator="Michael Bada" id="UBERON_Instance_530430" type="identity">
      <class id="UBERON:0001016" label="nervous system"/>
      <span end="15492" id="16504143-20032" start="15478">nervous system</span>
    </annotation>
    <annotation annotator="Michael Bada" id="UBERON_Instance_530422" type="identity">
      <class id="UBERON:0007023" label="adult organism"/>
      <span end="15588" id="16504143-20024" start="15583">adult</span>
    </annotation>
    <annotation annotator="Michael Bada" id="UBERON_Instance_530432" type="identity">
      <class id="UBERON:0001016" label="nervous system"/>
      <span end="15603" id="16504143-20034" start="15589">nervous system</span>
    </annotation>
    <annotation annotator="Michael Bada" id="UBERON_Instance_530544" type="identity">
      <class id="UBERON_EXT:hippocampus_proper_or_hippocampal_formation" label="hippocampus proper or hippocampal formation"/>
      <span end="15659" id="16504143-20080" start="15648">hippocampus</span>
    </annotation>
    <annotation annotator="Michael Bada" id="UBERON_Instance_532080" type="identity">
      <class id="UBERON:0002037" label="cerebellum"/>
      <span end="16101" id="16504143-20180" start="16091">cerebellar</span>
    </annotation>
    <annotation annotator="Michael Bada" id="UBERON_Instance_530546" type="identity">
      <class id="UBERON_EXT:hippocampus_proper_or_hippocampal_formation" label="hippocampus proper or hippocampal formation"/>
      <span end="16237" id="16504143-20082" start="16226">hippocampus</span>
    </annotation>
    <annotation annotator="Michael Bada" id="UBERON_Instance_530582" type="identity">
      <class id="UBERON:0002037" label="cerebellum"/>
      <span end="16252" id="16504143-20118" start="16242">cerebellum</span>
    </annotation>
    <annotation annotator="Michael Bada" id="UBERON_Instance_532198" type="identity">
      <class id="UBERON:0001021" label="nerve"/>
      <span end="16738" id="16504143-20209" start="16721">peripheral nerves</span>
    </annotation>
    <annotation annotator="Michael Bada" id="UBERON_Instance_530434" type="identity">
      <class id="UBERON:0001016" label="nervous system"/>
      <span end="16970" id="16504143-20036" start="16956">nervous system</span>
    </annotation>
    <annotation annotator="Michael Bada" id="UBERON_Instance_530436" type="identity">
      <class id="UBERON:0001016" label="nervous system"/>
      <span end="17292" id="16504143-20038" start="17278">nervous system</span>
    </annotation>
    <annotation annotator="Michael Bada" id="UBERON_Instance_532084" type="identity">
      <class id="UBERON_EXT:body" label="body (proper or whole multicellular organism)"/>
      <span end="17434" id="16504143-20182" start="17430">body</span>
    </annotation>
    <annotation annotator="Michael Bada" id="UBERON_Instance_530606" type="identity">
      <class id="UBERON_EXT:muscle_structure_or_tissue" label="muscle structure or tissue"/>
      <span end="17482" id="16504143-20134" start="17476">muscle</span>
    </annotation>
    <annotation annotator="Michael Bada" id="UBERON_Instance_530506" type="identity">
      <class id="UBERON:0001062" label="anatomical entity"/>
      <span end="17550" id="16504143-20056" start="17540">anatomical</span>
    </annotation>
    <annotation annotator="Michael Bada" id="UBERON_Instance_530548" type="identity">
      <class id="UBERON_EXT:hippocampus_proper_or_hippocampal_formation" label="hippocampus proper or hippocampal formation"/>
      <span end="17593" id="16504143-20084" start="17582">hippocampus</span>
    </annotation>
    <annotation annotator="Michael Bada" id="UBERON_Instance_530584" type="identity">
      <class id="UBERON:0002037" label="cerebellum"/>
      <span end="17635" id="16504143-20120" start="17625">cerebellum</span>
    </annotation>
    <annotation annotator="Michael Bada" id="UBERON_Instance_530438" type="identity">
      <class id="UBERON:0001016" label="nervous system"/>
      <span end="17924" id="16504143-20040" start="17910">nervous system</span>
    </annotation>
    <annotation annotator="Michael Bada" id="UBERON_Instance_530414" type="identity">
      <class id="UBERON:0000922" label="embryo"/>
      <span end="18639" id="16504143-20020" start="18630">embryonic</span>
    </annotation>
    <annotation annotator="Michael Bada" id="UBERON_Instance_532088" type="identity">
      <class id="UBERON:0007236" label="8 cell stage"/>
      <span end="19105" id="16504143-20184" start="19089">eight-cell stage</span>
    </annotation>
    <annotation annotator="Michael Bada" id="UBERON_Instance_530182" type="identity">
      <class id="PATO_UBERON_EXT:male_or_bearer_of_maleness" label="male organism/bearer of maleness"/>
      <span end="19125" id="16504143-20002" start="19121">male</span>
    </annotation>
    <annotation annotator="Michael Bada" id="UBERON_Instance_530184" type="identity">
      <class id="PATO_UBERON_EXT:female_or_bearer_of_femaleness" label="female organism/bearer of femaleness"/>
      <span end="19170" id="16504143-20004" start="19163">females</span>
    </annotation>
    <annotation annotator="Michael Bada" id="UBERON_Instance_530188" type="identity">
      <class id="PATO_UBERON_EXT:male_or_bearer_of_maleness" label="male organism/bearer of maleness"/>
      <span end="19245" id="16504143-20008" start="19241">male</span>
    </annotation>
    <annotation annotator="Michael Bada" id="UBERON_Instance_530186" type="identity">
      <class id="PATO_UBERON_EXT:female_or_bearer_of_femaleness" label="female organism/bearer of femaleness"/>
      <span end="19256" id="16504143-20006" start="19250">female</span>
    </annotation>
    <annotation annotator="Michael Bada" id="UBERON_Instance_532090" type="identity">
      <class id="UBERON:0002107" label="liver"/>
      <span end="19415" id="16504143-20186" start="19410">liver</span>
    </annotation>
    <annotation annotator="Michael Bada" id="UBERON_Instance_530586" type="identity">
      <class id="UBERON:0002037" label="cerebellum"/>
      <span end="19718" id="16504143-20122" start="19708">cerebellum</span>
    </annotation>
    <annotation annotator="Michael Bada" id="UBERON_Instance_530190" type="identity">
      <class id="PATO_UBERON_EXT:male_or_bearer_of_maleness" label="male organism/bearer of maleness"/>
      <span end="20807" id="16504143-20010" start="20803">male</span>
    </annotation>
    <annotation annotator="Michael Bada" id="UBERON_Instance_600157" type="identity">
      <class id="UBERON_EXT:forepaw" label="forepaw"/>
      <span end="23729" id="16504143-20213" start="23721">forepaws</span>
    </annotation>
    <annotation annotator="Michael Bada" id="UBERON_Instance_530498" type="identity">
      <class id="UBERON:0002415" label="tail"/>
      <span end="23768" id="16504143-20048" start="23764">tail</span>
    </annotation>
    <annotation annotator="Michael Bada" id="UBERON_Instance_600159" type="identity">
      <class id="UBERON_EXT:forepaw" label="forepaw"/>
      <span end="24183" id="16504143-20215" start="24175">forepaws</span>
    </annotation>
    <annotation annotator="Michael Bada" id="UBERON_Instance_600161" type="identity">
      <class id="UBERON_EXT:forepaw" label="forepaw"/>
      <span end="24277" id="16504143-20217" start="24269">forepaws</span>
    </annotation>
    <annotation annotator="Michael Bada" id="UBERON_Instance_600163" type="identity">
      <class id="UBERON_EXT:hindpaw" label="hindpaw"/>
      <span end="24303" id="16504143-20219" start="24294">hind paws</span>
    </annotation>
    <annotation annotator="Michael Bada" id="UBERON_Instance_532096" type="identity">
      <class id="UBERON_EXT:paw" label="paw"/>
      <span end="24344" id="16504143-20188" start="24340">paws</span>
    </annotation>
    <annotation annotator="Michael Bada" id="UBERON_Instance_530500" type="identity">
      <class id="UBERON:0002415" label="tail"/>
      <span end="24354" id="16504143-20050" start="24350">tail</span>
    </annotation>
    <annotation annotator="Michael Bada" id="UBERON_Instance_600165" type="identity">
      <class id="UBERON_EXT:hindpaw" label="hindpaw"/>
      <span end="24469" id="16504143-20221" start="24460">hind paws</span>
    </annotation>
    <annotation annotator="Michael Bada" id="UBERON_Instance_532102" type="identity">
      <class id="UBERON:0000479" label="tissue"/>
      <span end="25193" id="16504143-20190" start="25186">tissues</span>
    </annotation>
    <annotation annotator="Michael Bada" id="UBERON_Instance_530016" type="identity">
      <class id="UBERON:0000955" label="brain"/>
      <span end="25213" id="16504143-19992" start="25208">brain</span>
    </annotation>
    <annotation annotator="Michael Bada" id="UBERON_Instance_530640" type="identity">
      <class id="UBERON:0002240" label="spinal cord"/>
      <span end="25226" id="16504143-20144" start="25215">spinal cord</span>
    </annotation>
    <annotation annotator="Michael Bada" id="UBERON_Instance_532104" type="identity">
      <class id="UBERON:0000948" label="heart"/>
      <span end="25233" id="16504143-20192" start="25228">heart</span>
    </annotation>
    <annotation annotator="Michael Bada" id="UBERON_Instance_532106" type="identity">
      <class id="UBERON:0002048" label="lung"/>
      <span end="25239" id="16504143-20194" start="25235">lung</span>
    </annotation>
    <annotation annotator="Michael Bada" id="UBERON_Instance_532108" type="identity">
      <class id="UBERON:0002107" label="liver"/>
      <span end="25246" id="16504143-20196" start="25241">liver</span>
    </annotation>
    <annotation annotator="Michael Bada" id="UBERON_Instance_532110" type="identity">
      <class id="UBERON:0002113" label="kidney"/>
      <span end="25254" id="16504143-20198" start="25248">kidney</span>
    </annotation>
    <annotation annotator="Michael Bada" id="UBERON_Instance_532112" type="identity">
      <class id="UBERON:0002106" label="spleen"/>
      <span end="25262" id="16504143-20200" start="25256">spleen</span>
    </annotation>
    <annotation annotator="Michael Bada" id="UBERON_Instance_530024" type="identity">
      <class id="UBERON:0000473" label="testis"/>
      <span end="25273" id="16504143-20000" start="25267">testis</span>
    </annotation>
    <annotation annotator="Michael Bada" id="UBERON_Instance_530588" type="identity">
      <class id="UBERON:0002037" label="cerebellum"/>
      <span end="27232" id="16504143-20124" start="27222">cerebellum</span>
    </annotation>
    <annotation annotator="Michael Bada" id="UBERON_Instance_530590" type="identity">
      <class id="UBERON:0002037" label="cerebellum"/>
      <span end="27290" id="16504143-20126" start="27280">cerebellum</span>
    </annotation>
    <annotation annotator="Michael Bada" id="UBERON_Instance_530550" type="identity">
      <class id="UBERON_EXT:hippocampus_proper_or_hippocampal_formation" label="hippocampus proper or hippocampal formation"/>
      <span end="27563" id="16504143-20086" start="27552">Hippocampus</span>
    </annotation>
    <annotation annotator="Michael Bada" id="UBERON_Instance_530592" type="identity">
      <class id="UBERON:0002037" label="cerebellum"/>
      <span end="27616" id="16504143-20128" start="27606">Cerebellum</span>
    </annotation>
    <graph-space id="Old Knowtator Relations"/>
  </document>
</knowtator-project>
