<?xml version="1.0" encoding="UTF-8" standalone="no"?>
<knowtator-project>
    <document id="16579849" text-file="16579849.txt">
        <annotation annotator="Michael Bada" id="UBERON_Instance_570962" type="identity">
            <class id="UBERON:0001088" label="urine"/>
            <span end="94" id="16579849-20859" start="89">urine</span>
        </annotation>
        <annotation annotator="Michael Bada" id="UBERON_Instance_570964" type="identity">
            <class id="UBERON:0001088" label="urine"/>
            <span end="143" id="16579849-20861" start="138">Urine</span>
        </annotation>
        <annotation annotator="Michael Bada" id="UBERON_Instance_570378" type="identity">
            <class id="UBERON:0000922" label="embryo"/>
            <span end="610" id="16579849-20773" start="601">embryonic</span>
        </annotation>
        <annotation annotator="Michael Bada" id="UBERON_Instance_570878" type="identity">
            <class id="PATO_UBERON_EXT:neonate_or_newborn" label="neonatal/newborn organism"/>
            <span end="1335" id="16579849-20813" start="1327">neonatal</span>
        </annotation>
        <annotation annotator="Michael Bada" id="UBERON_Instance_571018" type="identity">
            <class id="UBERON:0002107" label="liver"/>
            <span end="1400" id="16579849-20915" start="1395">liver</span>
        </annotation>
        <annotation annotator="Michael Bada" id="UBERON_Instance_570966" type="identity">
            <class id="UBERON:0001088" label="urine"/>
            <span end="2138" id="16579849-20863" start="2133">Urine</span>
        </annotation>
        <annotation annotator="Michael Bada" id="UBERON_Instance_570972" type="identity">
            <class id="UBERON:0000178" label="blood"/>
            <span end="2798" id="16579849-20869" start="2793">blood</span>
        </annotation>
        <annotation annotator="Michael Bada" id="UBERON_Instance_571020" type="identity">
            <class id="UBERON:0006314" label="bodily fluid"/>
            <span end="2820" id="16579849-20917" start="2809">body fluids</span>
        </annotation>
        <annotation annotator="Michael Bada" id="UBERON_Instance_570974" type="identity">
            <class id="UBERON:0000178" label="blood"/>
            <span end="3236" id="16579849-20871" start="3231">blood</span>
        </annotation>
        <annotation annotator="Michael Bada" id="UBERON_Instance_571022" type="identity">
            <class id="UBERON:0002107" label="liver"/>
            <span end="4899" id="16579849-20919" start="4894">liver</span>
        </annotation>
        <annotation annotator="Michael Bada" id="UBERON_Instance_571024" type="identity">
            <class id="UBERON:0002107" label="liver"/>
            <span end="4982" id="16579849-20921" start="4977">liver</span>
        </annotation>
        <annotation annotator="Michael Bada" id="UBERON_Instance_571026" type="identity">
            <class id="UBERON:0002107" label="liver"/>
            <span end="5047" id="16579849-20923" start="5042">liver</span>
        </annotation>
        <annotation annotator="Michael Bada" id="UBERON_Instance_571028" type="identity">
            <class id="UBERON:0002107" label="liver"/>
            <span end="5110" id="16579849-20925" start="5105">liver</span>
        </annotation>
        <annotation annotator="Michael Bada" id="UBERON_Instance_571030" type="identity">
            <class id="UBERON:0002107" label="liver"/>
            <span end="5372" id="16579849-20927" start="5367">liver</span>
        </annotation>
        <annotation annotator="Michael Bada" id="UBERON_Instance_571032" type="identity">
            <class id="UBERON:0002107" label="liver"/>
            <span end="5425" id="16579849-20929" start="5419">livers</span>
        </annotation>
        <annotation annotator="Michael Bada" id="UBERON_Instance_600195" type="identity">
            <class id="NCBITaxon_UBERON_EXT:calf" label="calf"/>
            <span end="5809" id="16579849-21049" start="5805">calf</span>
        </annotation>
        <annotation annotator="Michael Bada" id="UBERON_Instance_570380" type="identity">
            <class id="UBERON:0000922" label="embryo"/>
            <span end="6855" id="16579849-20775" start="6846">embryonic</span>
        </annotation>
        <annotation annotator="Michael Bada" id="UBERON_Instance_570768" type="identity">
            <class id="UBERON:0000104" label="life cycle"/>
            <span end="8019" id="16579849-20797" start="8015">Life</span>
        </annotation>
        <annotation annotator="Michael Bada" id="UBERON_Instance_571034" type="identity">
            <class id="UBERON:0000358" label="blastocyst"/>
            <span end="8395" id="16579849-20931" start="8384">blastocysts</span>
        </annotation>
        <annotation annotator="Michael Bada" id="UBERON_Instance_571036" type="identity">
            <class id="UBERON:0002107" label="liver"/>
            <span end="9746" id="16579849-20933" start="9741">liver</span>
        </annotation>
        <annotation annotator="Michael Bada" id="UBERON_Instance_570940" type="identity">
            <class id="NCBITaxon_UBERON_EXT:pup" label="pup"/>
            <span end="9823" id="16579849-20857" start="9819">pups</span>
        </annotation>
        <annotation annotator="Michael Bada" id="UBERON_Instance_570382" type="identity">
            <class id="UBERON:0000922" label="embryo"/>
            <span end="10102" id="16579849-20777" start="10093">embryonic</span>
        </annotation>
        <annotation annotator="Michael Bada" id="UBERON_Instance_570818" type="identity">
            <class id="GO_UBERON_EXT:cellular_component_or_cell_part" label="cell component/part"/>
            <span end="10263" id="16579849-20799" start="10252">subcellular</span>
        </annotation>
        <annotation annotator="Michael Bada" id="UBERON_Instance_570384" type="identity">
            <class id="UBERON:0000922" label="embryo"/>
            <span end="11200" id="16579849-20779" start="11193">embryos</span>
        </annotation>
        <annotation annotator="Michael Bada" id="UBERON_Instance_570826" type="identity">
            <class id="UBERON:0002415" label="tail"/>
            <span end="11340" id="16579849-20805" start="11336">tail</span>
        </annotation>
        <annotation annotator="Michael Bada" id="UBERON_Instance_570880" type="identity">
            <class id="PATO_UBERON_EXT:neonate_or_newborn" label="neonatal/newborn organism"/>
            <span end="12158" id="16579849-20815" start="12150">neonatal</span>
        </annotation>
        <annotation annotator="Michael Bada" id="UBERON_Instance_570884" type="identity">
            <class id="UBERON:0007221" label="neonate stage"/>
            <span end="12313" id="16579849-20817" start="12298">neonatal period</span>
        </annotation>
        <annotation annotator="Michael Bada" id="UBERON_Instance_570828" type="identity">
            <class id="UBERON:0002415" label="tail"/>
            <span end="12410" id="16579849-20807" start="12406">tail</span>
        </annotation>
        <annotation annotator="Michael Bada" id="UBERON_Instance_570386" type="identity">
            <class id="UBERON:0000922" label="embryo"/>
            <span end="12623" id="16579849-20781" start="12614">embryonic</span>
        </annotation>
        <annotation annotator="Michael Bada" id="UBERON_Instance_570388" type="identity">
            <class id="UBERON:0000922" label="embryo"/>
            <span end="12664" id="16579849-20783" start="12655">embryonic</span>
        </annotation>
        <annotation annotator="Michael Bada" id="UBERON_Instance_571038" type="identity">
            <class id="UBERON:0001977" label="serum"/>
            <span end="13137" id="16579849-20935" start="13132">serum</span>
        </annotation>
        <annotation annotator="Michael Bada" id="UBERON_Instance_571040" type="identity">
            <class id="UBERON:0002107" label="liver"/>
            <span end="13394" id="16579849-20937" start="13388">livers</span>
        </annotation>
        <annotation annotator="Michael Bada" id="UBERON_Instance_570922" type="identity">
            <class id="PATO_UBERON_EXT:neonate_or_newborn" label="neonatal/newborn organism"/>
            <span end="13407" id="16579849-20843" start="13400">newborn</span>
        </annotation>
        <annotation annotator="Michael Bada" id="UBERON_Instance_570926" type="identity">
            <class id="NCBITaxon_UBERON_EXT:pup" label="pup"/>
            <span end="13412" id="16579849-20847" start="13408">pups</span>
        </annotation>
        <annotation annotator="Michael Bada" id="UBERON_Instance_570976" type="identity">
            <class id="UBERON:0000178" label="blood"/>
            <span end="13713" id="16579849-20873" start="13708">Blood</span>
        </annotation>
        <annotation annotator="Michael Bada" id="UBERON_Instance_510000" type="identity">
            <class id="UBERON:0001825" label="paranasal sinus"/>
            <span end="13755" id="16579849-20765" start="13750">sinus</span>
        </annotation>
        <annotation annotator="Michael Bada" id="UBERON_Instance_570830" type="identity">
            <class id="UBERON:0003481" label="tail vein"/>
            <span end="13768" id="16579849-20809" start="13759">tail vein</span>
        </annotation>
        <annotation annotator="Michael Bada" id="UBERON_Instance_570978" type="identity">
            <class id="UBERON:0000178" label="blood"/>
            <span end="13831" id="16579849-20875" start="13826">blood</span>
        </annotation>
        <annotation annotator="Michael Bada" id="UBERON_Instance_570980" type="identity">
            <class id="UBERON:0000178" label="blood"/>
            <span end="13929" id="16579849-20877" start="13924">blood</span>
        </annotation>
        <annotation annotator="Michael Bada" id="UBERON_Instance_571042" type="identity">
            <class id="UBERON:0002107" label="liver"/>
            <span end="14046" id="16579849-20939" start="14040">Livers</span>
        </annotation>
        <annotation annotator="Michael Bada" id="UBERON_Instance_571044" type="identity">
            <class id="UBERON:0002107" label="liver"/>
            <span end="14144" id="16579849-20941" start="14138">livers</span>
        </annotation>
        <annotation annotator="Michael Bada" id="UBERON_Instance_571046" type="identity">
            <class id="UBERON:0002107" label="liver"/>
            <span end="14233" id="16579849-20943" start="14228">Liver</span>
        </annotation>
        <annotation annotator="Michael Bada" id="UBERON_Instance_571852" type="identity">
            <class id="UBERON:0000479" label="tissue"/>
            <span end="14381" id="16579849-21031" start="14375">tissue</span>
        </annotation>
        <annotation annotator="Michael Bada" id="UBERON_Instance_571048" type="identity">
            <class id="UBERON:0002107" label="liver"/>
            <span end="14447" id="16579849-20945" start="14442">liver</span>
        </annotation>
        <annotation annotator="Michael Bada" id="UBERON_Instance_571050" type="identity">
            <class id="UBERON:0000479" label="tissue"/>
            <span end="14454" id="16579849-20947" start="14448">tissue</span>
        </annotation>
        <annotation annotator="Michael Bada" id="UBERON_Instance_570924" type="identity">
            <class id="PATO_UBERON_EXT:neonate_or_newborn" label="neonatal/newborn organism"/>
            <span end="14481" id="16579849-20845" start="14474">newborn</span>
        </annotation>
        <annotation annotator="Michael Bada" id="UBERON_Instance_570928" type="identity">
            <class id="NCBITaxon_UBERON_EXT:pup" label="pup"/>
            <span end="14486" id="16579849-20849" start="14482">pups</span>
        </annotation>
        <annotation annotator="Michael Bada" id="UBERON_Instance_571052" type="identity">
            <class id="UBERON:0002107" label="liver"/>
            <span end="14909" id="16579849-20949" start="14904">liver</span>
        </annotation>
        <annotation annotator="Michael Bada" id="UBERON_Instance_571054" type="identity">
            <class id="UBERON:0002107" label="liver"/>
            <span end="15174" id="16579849-20951" start="15169">liver</span>
        </annotation>
        <annotation annotator="Michael Bada" id="UBERON_Instance_571854" type="identity">
            <class id="UBERON:0001977" label="serum"/>
            <span end="15523" id="16579849-21033" start="15519">sera</span>
        </annotation>
        <annotation annotator="Michael Bada" id="UBERON_Instance_571056" type="identity">
            <class id="UBERON:0000358" label="blastocyst"/>
            <span end="17433" id="16579849-20953" start="17422">blastocysts</span>
        </annotation>
        <annotation annotator="Michael Bada" id="UBERON_Instance_571058" type="identity">
            <class id="NCBITaxon_UBERON_EXT:pup" label="pup"/>
            <span end="17993" id="16579849-20955" start="17989">pups</span>
        </annotation>
        <annotation annotator="Michael Bada" id="UBERON_Instance_570390" type="identity">
            <class id="UBERON:0000922" label="embryo"/>
            <span end="18268" id="16579849-20785" start="18259">embryonic</span>
        </annotation>
        <annotation annotator="Michael Bada" id="UBERON_Instance_570912" type="identity">
            <class id="UBERON:0012101" label="perinatal stage"/>
            <span end="18359" id="16579849-20841" start="18343">perinatal period</span>
        </annotation>
        <annotation annotator="Michael Bada" id="UBERON_Instance_571060" type="identity">
            <class id="NCBITaxon_UBERON_EXT:pup" label="pup"/>
            <span end="18405" id="16579849-20957" start="18401">pups</span>
        </annotation>
        <annotation annotator="Michael Bada" id="UBERON_Instance_571062" type="identity">
            <class id="NCBITaxon_UBERON_EXT:pup" label="pup"/>
            <span end="18566" id="16579849-20959" start="18562">pups</span>
        </annotation>
        <annotation annotator="Michael Bada" id="UBERON_Instance_570822" type="identity">
            <class id="UBERON:0001004" label="respiratory system"/>
            <span end="18676" id="16579849-20801" start="18665">respiratory</span>
        </annotation>
        <annotation annotator="Michael Bada" id="UBERON_Instance_571064" type="identity">
            <class id="NCBITaxon_UBERON_EXT:pup" label="pup"/>
            <span end="18717" id="16579849-20961" start="18713">pups</span>
        </annotation>
        <annotation annotator="Michael Bada" id="UBERON_Instance_571066" type="identity">
            <class id="NCBITaxon_UBERON_EXT:pup" label="pup"/>
            <span end="18782" id="16579849-20963" start="18779">pup</span>
        </annotation>
        <annotation annotator="Michael Bada" id="UBERON_Instance_571068" type="identity">
            <class id="NCBITaxon_UBERON_EXT:pup" label="pup"/>
            <span end="18867" id="16579849-20965" start="18864">pup</span>
        </annotation>
        <annotation annotator="Michael Bada" id="UBERON_Instance_571070" type="identity">
            <class id="UBERON:0002107" label="liver"/>
            <span end="19043" id="16579849-20967" start="19038">liver</span>
        </annotation>
        <annotation annotator="Michael Bada" id="UBERON_Instance_571072" type="identity">
            <class id="NCBITaxon_UBERON_EXT:pup" label="pup"/>
            <span end="19085" id="16579849-20969" start="19081">pups</span>
        </annotation>
        <annotation annotator="Michael Bada" id="UBERON_Instance_571074" type="identity">
            <class id="UBERON:0002107" label="liver"/>
            <span end="19278" id="16579849-20971" start="19272">livers</span>
        </annotation>
        <annotation annotator="Michael Bada" id="UBERON_Instance_571076" type="identity">
            <class id="UBERON:0002107" label="liver"/>
            <span end="19588" id="16579849-20973" start="19583">liver</span>
        </annotation>
        <annotation annotator="Michael Bada" id="UBERON_Instance_570930" type="identity">
            <class id="PATO_UBERON_EXT:neonate_or_newborn" label="neonatal/newborn organism"/>
            <span end="19599" id="16579849-20851" start="19592">newborn</span>
        </annotation>
        <annotation annotator="Michael Bada" id="UBERON_Instance_571078" type="identity">
            <class id="UBERON:0002107" label="liver"/>
            <span end="19735" id="16579849-20975" start="19730">liver</span>
        </annotation>
        <annotation annotator="Michael Bada" id="UBERON_Instance_571856" type="identity">
            <class id="UBERON:0002107" label="liver"/>
            <span end="19802" id="16579849-21035" start="19797">liver</span>
        </annotation>
        <annotation annotator="Michael Bada" id="UBERON_Instance_570982" type="identity">
            <class id="UBERON:0000178" label="blood"/>
            <span end="19841" id="16579849-20879" start="19836">blood</span>
        </annotation>
        <annotation annotator="Michael Bada" id="UBERON_Instance_570984" type="identity">
            <class id="UBERON:0000178" label="blood"/>
            <span end="19950" id="16579849-20881" start="19945">blood</span>
        </annotation>
        <annotation annotator="Michael Bada" id="UBERON_Instance_570986" type="identity">
            <class id="UBERON:0000178" label="blood"/>
            <span end="20060" id="16579849-20883" start="20055">blood</span>
        </annotation>
        <annotation annotator="Michael Bada" id="UBERON_Instance_571080" type="identity">
            <class id="UBERON:0002107" label="liver"/>
            <span end="20492" id="16579849-20977" start="20487">liver</span>
        </annotation>
        <annotation annotator="Michael Bada" id="UBERON_Instance_570392" type="identity">
            <class id="UBERON:0000922" label="embryo"/>
            <span end="20506" id="16579849-20787" start="20497">embryonic</span>
        </annotation>
        <annotation annotator="Michael Bada" id="UBERON_Instance_571082" type="identity">
            <class id="UBERON:0000479" label="tissue"/>
            <span end="20609" id="16579849-20979" start="20602">tissues</span>
        </annotation>
        <annotation annotator="Michael Bada" id="UBERON_Instance_570988" type="identity">
            <class id="UBERON:0000178" label="blood"/>
            <span end="20689" id="16579849-20885" start="20684">blood</span>
        </annotation>
        <annotation annotator="Michael Bada" id="UBERON_Instance_570968" type="identity">
            <class id="UBERON:0001088" label="urine"/>
            <span end="20711" id="16579849-20865" start="20706">urine</span>
        </annotation>
        <annotation annotator="Michael Bada" id="UBERON_Instance_570990" type="identity">
            <class id="UBERON:0000178" label="blood"/>
            <span end="21238" id="16579849-20887" start="21233">blood</span>
        </annotation>
        <annotation annotator="Michael Bada" id="UBERON_Instance_570992" type="identity">
            <class id="UBERON:0000178" label="blood"/>
            <span end="21561" id="16579849-20889" start="21556">blood</span>
        </annotation>
        <annotation annotator="Michael Bada" id="UBERON_Instance_570994" type="identity">
            <class id="UBERON:0000178" label="blood"/>
            <span end="21600" id="16579849-20891" start="21595">blood</span>
        </annotation>
        <annotation annotator="Michael Bada" id="UBERON_Instance_571084" type="identity">
            <class id="NCBITaxon_UBERON_EXT:pup" label="pup"/>
            <span end="21942" id="16579849-20981" start="21938">pups</span>
        </annotation>
        <annotation annotator="Michael Bada" id="UBERON_Instance_570996" type="identity">
            <class id="UBERON:0000178" label="blood"/>
            <span end="22011" id="16579849-20893" start="22006">blood</span>
        </annotation>
        <annotation annotator="Michael Bada" id="UBERON_Instance_570998" type="identity">
            <class id="UBERON:0000178" label="blood"/>
            <span end="22144" id="16579849-20895" start="22139">blood</span>
        </annotation>
        <annotation annotator="Michael Bada" id="UBERON_Instance_571000" type="identity">
            <class id="UBERON:0000178" label="blood"/>
            <span end="22527" id="16579849-20897" start="22522">blood</span>
        </annotation>
        <annotation annotator="Michael Bada" id="UBERON_Instance_570970" type="identity">
            <class id="UBERON:0001088" label="urine"/>
            <span end="22537" id="16579849-20867" start="22532">urine</span>
        </annotation>
        <annotation annotator="Michael Bada" id="UBERON_Instance_570886" type="identity">
            <class id="PATO_UBERON_EXT:neonate_or_newborn" label="neonatal/newborn organism"/>
            <span end="22597" id="16579849-20819" start="22589">neonatal</span>
        </annotation>
        <annotation annotator="Michael Bada" id="UBERON_Instance_570888" type="identity">
            <class id="PATO_UBERON_EXT:neonate_or_newborn" label="neonatal/newborn organism"/>
            <span end="23013" id="16579849-20821" start="23005">neonatal</span>
        </annotation>
        <annotation annotator="Michael Bada" id="UBERON_Instance_571086" type="identity">
            <class id="UBERON:0002107" label="liver"/>
            <span end="23155" id="16579849-20983" start="23150">liver</span>
        </annotation>
        <annotation annotator="Michael Bada" id="UBERON_Instance_571088" type="identity">
            <class id="UBERON:0002107" label="liver"/>
            <span end="23335" id="16579849-20985" start="23330">liver</span>
        </annotation>
        <annotation annotator="Michael Bada" id="UBERON_Instance_571090" type="identity">
            <class id="UBERON:0002107" label="liver"/>
            <span end="23921" id="16579849-20987" start="23916">liver</span>
        </annotation>
        <annotation annotator="Michael Bada" id="UBERON_Instance_571092" type="identity">
            <class id="UBERON:0002107" label="liver"/>
            <span end="24289" id="16579849-20989" start="24284">liver</span>
        </annotation>
        <annotation annotator="Michael Bada" id="UBERON_Instance_500000" type="identity">
            <class id="UBERON:0000955" label="brain"/>
            <span end="24723" id="16579849-20763" start="24718">brain</span>
        </annotation>
        <annotation annotator="Michael Bada" id="UBERON_Instance_571094" type="identity">
            <class id="UBERON:0002113" label="kidney"/>
            <span end="24735" id="16579849-20991" start="24729">kidney</span>
        </annotation>
        <annotation annotator="Michael Bada" id="UBERON_Instance_570906" type="identity">
            <class id="UBERON_EXT:muscle_structure_or_tissue" label="muscle structure or tissue"/>
            <span end="24751" id="16579849-20835" start="24745">muscle</span>
        </annotation>
        <annotation annotator="Michael Bada" id="UBERON_Instance_571096" type="identity">
            <class id="UBERON:0000479" label="tissue"/>
            <span end="24824" id="16579849-20993" start="24817">tissues</span>
        </annotation>
        <annotation annotator="Michael Bada" id="UBERON_Instance_570832" type="identity">
            <class id="UBERON:0002415" label="tail"/>
            <span end="25777" id="16579849-20811" start="25773">tail</span>
        </annotation>
        <annotation annotator="Michael Bada" id="UBERON_Instance_570890" type="identity">
            <class id="PATO_UBERON_EXT:neonate_or_newborn" label="neonatal/newborn organism"/>
            <span end="26217" id="16579849-20823" start="26209">neonatal</span>
        </annotation>
        <annotation annotator="Michael Bada" id="UBERON_Instance_571098" type="identity">
            <class id="NCBITaxon_UBERON_EXT:pup" label="pup"/>
            <span end="26728" id="16579849-20995" start="26724">pups</span>
        </annotation>
        <annotation annotator="Michael Bada" id="UBERON_Instance_570892" type="identity">
            <class id="PATO_UBERON_EXT:neonate_or_newborn" label="neonatal/newborn organism"/>
            <span end="26849" id="16579849-20825" start="26841">neonatal</span>
        </annotation>
        <annotation annotator="Michael Bada" id="UBERON_Instance_570894" type="identity">
            <class id="PATO_UBERON_EXT:neonate_or_newborn" label="neonatal/newborn organism"/>
            <span end="26950" id="16579849-20827" start="26942">neonatal</span>
        </annotation>
        <annotation annotator="Michael Bada" id="UBERON_Instance_571100" type="identity">
            <class id="NCBITaxon_UBERON_EXT:pup" label="pup"/>
            <span end="27072" id="16579849-20997" start="27068">pups</span>
        </annotation>
        <annotation annotator="Michael Bada" id="UBERON_Instance_571002" type="identity">
            <class id="UBERON:0000178" label="blood"/>
            <span end="27644" id="16579849-20899" start="27639">blood</span>
        </annotation>
        <annotation annotator="Michael Bada" id="UBERON_Instance_571102" type="identity">
            <class id="UBERON:0002107" label="liver"/>
            <span end="27991" id="16579849-20999" start="27986">liver</span>
        </annotation>
        <annotation annotator="Michael Bada" id="UBERON_Instance_571004" type="identity">
            <class id="UBERON:0000178" label="blood"/>
            <span end="28340" id="16579849-20901" start="28335">blood</span>
        </annotation>
        <annotation annotator="Michael Bada" id="UBERON_Instance_571006" type="identity">
            <class id="UBERON:0000178" label="blood"/>
            <span end="28671" id="16579849-20903" start="28666">Blood</span>
        </annotation>
        <annotation annotator="Michael Bada" id="UBERON_Instance_571008" type="identity">
            <class id="UBERON:0000178" label="blood"/>
            <span end="28850" id="16579849-20905" start="28845">blood</span>
        </annotation>
        <annotation annotator="Michael Bada" id="UBERON_Instance_571104" type="identity">
            <class id="UBERON:0002107" label="liver"/>
            <span end="29344" id="16579849-21001" start="29339">liver</span>
        </annotation>
        <annotation annotator="Michael Bada" id="UBERON_Instance_571858" type="identity">
            <class id="UBERON:0002107" label="liver"/>
            <span end="29436" id="16579849-21037" start="29431">liver</span>
        </annotation>
        <annotation annotator="Michael Bada" id="UBERON_Instance_571106" type="identity">
            <class id="UBERON:0002107" label="liver"/>
            <span end="29504" id="16579849-21003" start="29499">liver</span>
        </annotation>
        <annotation annotator="Michael Bada" id="UBERON_Instance_571860" type="identity">
            <class id="UBERON:0002107" label="liver"/>
            <span end="29606" id="16579849-21039" start="29601">liver</span>
        </annotation>
        <annotation annotator="Michael Bada" id="UBERON_Instance_571108" type="identity">
            <class id="UBERON:0002107" label="liver"/>
            <span end="29873" id="16579849-21005" start="29868">liver</span>
        </annotation>
        <annotation annotator="Michael Bada" id="UBERON_Instance_530002" type="identity">
            <class id="UBERON:0000955" label="brain"/>
            <span end="30815" id="16579849-20767" start="30810">brain</span>
        </annotation>
        <annotation annotator="Michael Bada" id="UBERON_Instance_571110" type="identity">
            <class id="UBERON:0002113" label="kidney"/>
            <span end="30823" id="16579849-21007" start="30817">kidney</span>
        </annotation>
        <annotation annotator="Michael Bada" id="UBERON_Instance_570908" type="identity">
            <class id="UBERON_EXT:muscle_structure_or_tissue" label="muscle structure or tissue"/>
            <span end="30834" id="16579849-20837" start="30828">muscle</span>
        </annotation>
        <annotation annotator="Michael Bada" id="UBERON_Instance_571112" type="identity">
            <class id="UBERON:0000479" label="tissue"/>
            <span end="30929" id="16579849-21009" start="30922">tissues</span>
        </annotation>
        <annotation annotator="Michael Bada" id="UBERON_Instance_571114" type="identity">
            <class id="UBERON:0002107" label="liver"/>
            <span end="31640" id="16579849-21011" start="31635">liver</span>
        </annotation>
        <annotation annotator="Michael Bada" id="UBERON_Instance_571010" type="identity">
            <class id="UBERON:0000178" label="blood"/>
            <span end="32581" id="16579849-20907" start="32576">blood</span>
        </annotation>
        <annotation annotator="Michael Bada" id="UBERON_Instance_571116" type="identity">
            <class id="UBERON:0002107" label="liver"/>
            <span end="32812" id="16579849-21013" start="32806">livers</span>
        </annotation>
        <annotation annotator="Michael Bada" id="UBERON_Instance_571862" type="identity">
            <class id="NCBITaxon_UBERON_EXT:pup" label="pup"/>
            <span end="32846" id="16579849-21041" start="32842">pups</span>
        </annotation>
        <annotation annotator="Michael Bada" id="UBERON_Instance_571118" type="identity">
            <class id="UBERON:0002107" label="liver"/>
            <span end="32965" id="16579849-21015" start="32960">liver</span>
        </annotation>
        <annotation annotator="Michael Bada" id="UBERON_Instance_571120" type="identity">
            <class id="NCBITaxon_UBERON_EXT:pup" label="pup"/>
            <span end="33000" id="16579849-21017" start="32996">pups</span>
        </annotation>
        <annotation annotator="Michael Bada" id="UBERON_Instance_571122" type="identity">
            <class id="NCBITaxon_UBERON_EXT:pup" label="pup"/>
            <span end="33050" id="16579849-21019" start="33046">pups</span>
        </annotation>
        <annotation annotator="Michael Bada" id="UBERON_Instance_570932" type="identity">
            <class id="PATO_UBERON_EXT:neonate_or_newborn" label="neonatal/newborn organism"/>
            <span end="33085" id="16579849-20853" start="33078">newborn</span>
        </annotation>
        <annotation annotator="Michael Bada" id="UBERON_Instance_540002" type="identity">
            <class id="UBERON:0001016" label="nervous system"/>
            <span end="33142" id="16579849-20769" start="33132">neurologic</span>
        </annotation>
        <annotation annotator="Michael Bada" id="UBERON_Instance_570824" type="identity">
            <class id="UBERON:0001004" label="respiratory system"/>
            <span end="33230" id="16579849-20803" start="33219">respiratory</span>
        </annotation>
        <annotation annotator="Michael Bada" id="UBERON_Instance_571864" type="identity">
            <class id="UBERON:0001016" label="nervous system"/>
            <span end="33265" id="16579849-21043" start="33255">neurologic</span>
        </annotation>
        <annotation annotator="Michael Bada" id="UBERON_Instance_570938" type="identity">
            <class id="NCBITaxon_UBERON_EXT:pup" label="pup"/>
            <span end="33504" id="16579849-20855" start="33500">pups</span>
        </annotation>
        <annotation annotator="Michael Bada" id="UBERON_Instance_570896" type="identity">
            <class id="PATO_UBERON_EXT:neonate_or_newborn" label="neonatal/newborn organism"/>
            <span end="33549" id="16579849-20829" start="33541">neonatal</span>
        </annotation>
        <annotation annotator="Michael Bada" id="UBERON_Instance_560004" type="identity">
            <class id="UBERON:0000955" label="brain"/>
            <span end="33643" id="16579849-20771" start="33638">brain</span>
        </annotation>
        <annotation annotator="Michael Bada" id="UBERON_Instance_600197" type="identity">
            <class id="NCBITaxon_UBERON_EXT:calf" label="calf"/>
            <span end="33709" id="16579849-21051" start="33705">calf</span>
        </annotation>
        <annotation annotator="Michael Bada" id="UBERON_Instance_571124" type="identity">
            <class id="UBERON:0002107" label="liver"/>
            <span end="34212" id="16579849-21021" start="34207">liver</span>
        </annotation>
        <annotation annotator="Michael Bada" id="UBERON_Instance_570898" type="identity">
            <class id="UBERON:0007221" label="neonate stage"/>
            <span end="34332" id="16579849-20831" start="34317">neonatal period</span>
        </annotation>
        <annotation annotator="Michael Bada" id="UBERON_Instance_571866" type="identity">
            <class id="UBERON:0002107" label="liver"/>
            <span end="34394" id="16579849-21045" start="34389">liver</span>
        </annotation>
        <annotation annotator="Michael Bada" id="UBERON_Instance_570900" type="identity">
            <class id="PATO_UBERON_EXT:neonate_or_newborn" label="neonatal/newborn organism"/>
            <span end="34448" id="16579849-20833" start="34440">neonatal</span>
        </annotation>
        <annotation annotator="Michael Bada" id="UBERON_Instance_570756" type="identity">
            <class id="UBERON:0000113" label="post-juvenile adult stage"/>
            <span end="34505" id="16579849-20795" start="34496">adulthood</span>
        </annotation>
        <annotation annotator="Michael Bada" id="UBERON_Instance_571126" type="identity">
            <class id="UBERON:0002107" label="liver"/>
            <span end="34607" id="16579849-21023" start="34602">liver</span>
        </annotation>
        <annotation annotator="Michael Bada" id="UBERON_Instance_571012" type="identity">
            <class id="UBERON:0000178" label="blood"/>
            <span end="34688" id="16579849-20909" start="34683">blood</span>
        </annotation>
        <annotation annotator="Michael Bada" id="UBERON_Instance_571128" type="identity">
            <class id="UBERON:0002107" label="liver"/>
            <span end="36238" id="16579849-21025" start="36233">liver</span>
        </annotation>
        <annotation annotator="Michael Bada" id="UBERON_Instance_570910" type="identity">
            <class id="UBERON_EXT:muscle_structure_or_tissue" label="muscle structure or tissue"/>
            <span end="36249" id="16579849-20839" start="36243">muscle</span>
        </annotation>
        <annotation annotator="Michael Bada" id="UBERON_Instance_571014" type="identity">
            <class id="UBERON:0000178" label="blood"/>
            <span end="36296" id="16579849-20911" start="36291">blood</span>
        </annotation>
        <annotation annotator="Michael Bada" id="UBERON_Instance_570394" type="identity">
            <class id="UBERON:0000922" label="embryo"/>
            <span end="37161" id="16579849-20789" start="37152">embryonic</span>
        </annotation>
        <annotation annotator="Michael Bada" id="UBERON_Instance_571868" type="identity">
            <class id="UBERON:0000479" label="tissue"/>
            <span end="37963" id="16579849-21047" start="37957">tissue</span>
        </annotation>
        <annotation annotator="Michael Bada" id="UBERON_Instance_571016" type="identity">
            <class id="UBERON:0000178" label="blood"/>
            <span end="38582" id="16579849-20913" start="38577">blood</span>
        </annotation>
        <annotation annotator="Michael Bada" id="UBERON_Instance_571130" type="identity">
            <class id="UBERON:0001088" label="urine"/>
            <span end="39483" id="16579849-21027" start="39478">Urine</span>
        </annotation>
        <annotation annotator="Michael Bada" id="UBERON_Instance_570396" type="identity">
            <class id="UBERON:0000922" label="embryo"/>
            <span end="39658" id="16579849-20791" start="39649">embryonic</span>
        </annotation>
        <annotation annotator="Michael Bada" id="UBERON_Instance_570398" type="identity">
            <class id="UBERON:0000922" label="embryo"/>
            <span end="39728" id="16579849-20793" start="39719">embryonic</span>
        </annotation>
        <annotation annotator="Michael Bada" id="UBERON_Instance_571132" type="identity">
            <class id="UBERON:0001977" label="serum"/>
            <span end="40678" id="16579849-21029" start="40673">serum</span>
        </annotation>
        <graph-space id="Old Knowtator Relations"/>
    </document>
</knowtator-project>
