<?xml version="1.0" encoding="UTF-8" standalone="no"?>
<knowtator-project>
    <document id="17020410" text-file="17020410.txt">
        <annotation annotator="Michael Bada" id="UBERON_Instance_641086" type="identity">
            <class id="UBERON:0000479" label="tissue"/>
            <span end="1236" id="17020410-24740" start="1230">tissue</span>
        </annotation>
        <annotation annotator="Michael Bada" id="UBERON_Instance_650234" type="identity">
            <class id="UBERON:0000467" label="anatomical system"/>
            <span end="3328" id="17020410-24835" start="3322">system</span>
        </annotation>
        <annotation annotator="Michael Bada" id="UBERON_Instance_630866" type="identity">
            <class id="UBERON_EXT:zone_of_skin_or_skin_of_body" label="skin"/>
            <span end="3554" id="17020410-24706" start="3550">skin</span>
        </annotation>
        <annotation annotator="Michael Bada" id="UBERON_Instance_641088" type="identity">
            <class id="UBERON:0001037" label="strand of hair"/>
            <span end="3971" id="17020410-24742" start="3967">hair</span>
        </annotation>
        <annotation annotator="Michael Bada" id="UBERON_Instance_641090" type="identity">
            <class id="UBERON:0001705" label="nail"/>
            <span end="3981" id="17020410-24744" start="3976">nails</span>
        </annotation>
        <annotation annotator="Michael Bada" id="UBERON_Instance_630868" type="identity">
            <class id="UBERON_EXT:zone_of_skin_or_skin_of_body" label="skin"/>
            <span end="3998" id="17020410-24708" start="3994">skin</span>
        </annotation>
        <annotation annotator="Michael Bada" id="UBERON_Instance_630720" type="identity">
            <class id="UBERON_EXT:zone_of_skin_or_skin_of_body" label="skin"/>
            <span end="5455" id="17020410-24696" start="5446">cutaneous</span>
        </annotation>
        <annotation annotator="Michael Bada" id="UBERON_Instance_630504" type="identity">
            <class id="UBERON:0000922" label="embryo"/>
            <span end="5835" id="17020410-24650" start="5826">embryonic</span>
        </annotation>
        <annotation annotator="Michael Bada" id="UBERON_Instance_630030" type="identity">
            <class id="UBERON:0000473" label="testis"/>
            <span end="6018" id="17020410-24630" start="6012">testis</span>
        </annotation>
        <annotation annotator="Michael Bada" id="UBERON_Instance_630506" type="identity">
            <class id="UBERON:0000922" label="embryo"/>
            <span end="6332" id="17020410-24652" start="6323">embryonic</span>
        </annotation>
        <annotation annotator="Michael Bada" id="UBERON_Instance_630508" type="identity">
            <class id="UBERON:0000922" label="embryo"/>
            <span end="6365" id="17020410-24654" start="6358">embryos</span>
        </annotation>
        <annotation annotator="Michael Bada" id="UBERON_Instance_630550" type="identity">
            <class id="UBERON:0000104" label="life cycle"/>
            <span end="6721" id="17020410-24684" start="6717">life</span>
        </annotation>
        <annotation annotator="Michael Bada" id="UBERON_Instance_630510" type="identity">
            <class id="UBERON:0000922" label="embryo"/>
            <span end="8469" id="17020410-24656" start="8460">embryonic</span>
        </annotation>
        <annotation annotator="Michael Bada" id="UBERON_Instance_630512" type="identity">
            <class id="UBERON:0000922" label="embryo"/>
            <span end="8916" id="17020410-24658" start="8907">embryonic</span>
        </annotation>
        <annotation annotator="Michael Bada" id="UBERON_Instance_630032" type="identity">
            <class id="UBERON:0000473" label="testis"/>
            <span end="9117" id="17020410-24632" start="9111">testis</span>
        </annotation>
        <annotation annotator="Michael Bada" id="UBERON_Instance_630514" type="identity">
            <class id="UBERON:0000922" label="embryo"/>
            <span end="9578" id="17020410-24660" start="9571">Embryos</span>
        </annotation>
        <annotation annotator="Michael Bada" id="UBERON_Instance_630870" type="identity">
            <class id="UBERON_EXT:zone_of_skin_or_skin_of_body" label="skin"/>
            <span end="9647" id="17020410-24710" start="9643">Skin</span>
        </annotation>
        <annotation annotator="Michael Bada" id="UBERON_Instance_641092" type="identity">
            <class id="UBERON:0001037" label="strand of hair"/>
            <span end="9657" id="17020410-24746" start="9653">Hair</span>
        </annotation>
        <annotation annotator="Michael Bada" id="UBERON_Instance_630034" type="identity">
            <class id="UBERON:0000473" label="testis"/>
            <span end="10134" id="17020410-24634" start="10128">testis</span>
        </annotation>
        <annotation annotator="Michael Bada" id="UBERON_Instance_641094" type="identity">
            <class id="UBERON:0001037" label="strand of hair"/>
            <span end="10736" id="17020410-24748" start="10732">hair</span>
        </annotation>
        <annotation annotator="Michael Bada" id="UBERON_Instance_630722" type="identity">
            <class id="UBERON_EXT:zone_of_skin_or_skin_of_body" label="skin"/>
            <span end="10750" id="17020410-24698" start="10741">cutaneous</span>
        </annotation>
        <annotation annotator="Michael Bada" id="UBERON_Instance_641096" type="identity">
            <class id="UBERON:0001037" label="strand of hair"/>
            <span end="10907" id="17020410-24750" start="10903">hair</span>
        </annotation>
        <annotation annotator="Michael Bada" id="UBERON_Instance_641098" type="identity">
            <class id="UBERON:0001037" label="strand of hair"/>
            <span end="10930" id="17020410-24752" start="10926">hair</span>
        </annotation>
        <annotation annotator="Michael Bada" id="UBERON_Instance_641100" type="identity">
            <class id="UBERON:0001037" label="strand of hair"/>
            <span end="10953" id="17020410-24754" start="10949">hair</span>
        </annotation>
        <annotation annotator="Michael Bada" id="UBERON_Instance_650236" type="identity">
            <class id="UBERON:0000104" label="life cycle"/>
            <span end="11002" id="17020410-24837" start="10997">lives</span>
        </annotation>
        <annotation annotator="Michael Bada" id="UBERON_Instance_641102" type="identity">
            <class id="UBERON:0001037" label="strand of hair"/>
            <span end="11068" id="17020410-24756" start="11064">hair</span>
        </annotation>
        <annotation annotator="Michael Bada" id="UBERON_Instance_641104" type="identity">
            <class id="UBERON:0001037" label="strand of hair"/>
            <span end="11100" id="17020410-24758" start="11096">hair</span>
        </annotation>
        <annotation annotator="Michael Bada" id="UBERON_Instance_650238" type="identity">
            <class id="UBERON:0001137" label="dorsum"/>
            <span end="11135" id="17020410-24839" start="11131">back</span>
        </annotation>
        <annotation annotator="Michael Bada" id="UBERON_Instance_641410" type="identity">
            <class id="UBERON:0001037" label="strand of hair"/>
            <span end="11207" id="17020410-24827" start="11203">hair</span>
        </annotation>
        <annotation annotator="Michael Bada" id="UBERON_Instance_641106" type="identity">
            <class id="UBERON:0001037" label="strand of hair"/>
            <span end="11289" id="17020410-24760" start="11284">hairs</span>
        </annotation>
        <annotation annotator="Michael Bada" id="UBERON_Instance_641108" type="identity">
            <class id="UBERON:0001037" label="strand of hair"/>
            <span end="11405" id="17020410-24762" start="11401">hair</span>
        </annotation>
        <annotation annotator="Michael Bada" id="UBERON_Instance_630724" type="identity">
            <class id="UBERON_EXT:zone_of_skin_or_skin_of_body" label="skin"/>
            <span end="11609" id="17020410-24700" start="11600">cutaneous</span>
        </annotation>
        <annotation annotator="Michael Bada" id="UBERON_Instance_630726" type="identity">
            <class id="UBERON_EXT:zone_of_skin_or_skin_of_body" label="skin"/>
            <span end="11720" id="17020410-24702" start="11711">Cutaneous</span>
        </annotation>
        <annotation annotator="Michael Bada" id="UBERON_Instance_641110" type="identity">
            <class id="UBERON:0000178" label="blood"/>
            <span end="11727" id="17020410-24764" start="11722">Blood</span>
        </annotation>
        <annotation annotator="Michael Bada" id="UBERON_Instance_641112" type="identity">
            <class id="UBERON:0001037" label="strand of hair"/>
            <span end="11936" id="17020410-24766" start="11932">hair</span>
        </annotation>
        <annotation annotator="Michael Bada" id="UBERON_Instance_630872" type="identity">
            <class id="UBERON_EXT:zone_of_skin_or_skin_of_body" label="skin"/>
            <span end="11981" id="17020410-24712" start="11977">skin</span>
        </annotation>
        <annotation annotator="Michael Bada" id="UBERON_Instance_631268" type="identity">
            <class id="UBERON:0007376" label="outer epithelium"/>
            <span end="12068" id="17020410-24734" start="12059">epidermis</span>
        </annotation>
        <annotation annotator="Michael Bada" id="UBERON_Instance_641116" type="identity">
            <class id="UBERON:0001821" label="sebaceous gland"/>
            <span end="12173" id="17020410-24768" start="12158">sebacious gland</span>
        </annotation>
        <annotation annotator="Michael Bada" id="UBERON_Instance_631270" type="identity">
            <class id="UBERON:0007376" label="outer epithelium"/>
            <span end="12250" id="17020410-24736" start="12241">epidermis</span>
        </annotation>
        <annotation annotator="Michael Bada" id="UBERON_Instance_641118" type="identity">
            <class id="UBERON:0001037" label="strand of hair"/>
            <span end="12329" id="17020410-24770" start="12325">hair</span>
        </annotation>
        <annotation annotator="Michael Bada" id="UBERON_Instance_641120" type="identity">
            <class id="UBERON:0000178" label="blood"/>
            <span end="12584" id="17020410-24772" start="12579">blood</span>
        </annotation>
        <annotation annotator="Michael Bada" id="UBERON_Instance_641122" type="identity">
            <class id="UBERON_EXT:body" label="body (proper or whole multicellular organism)"/>
            <span end="12729" id="17020410-24774" start="12725">Body</span>
        </annotation>
        <annotation annotator="Michael Bada" id="UBERON_Instance_631272" type="identity">
            <class id="UBERON:0007376" label="outer epithelium"/>
            <span end="12983" id="17020410-24738" start="12974">epidermis</span>
        </annotation>
        <annotation annotator="Michael Bada" id="UBERON_Instance_641124" type="identity">
            <class id="UBERON:0000119" label="cell layer"/>
            <span end="13033" id="17020410-24776" start="13025">layer of</span>
            <span end="13053" id="17020410-24777" start="13048">cells</span>
        </annotation>
        <annotation annotator="Michael Bada" id="UBERON_Instance_641126" type="identity">
            <class id="UBERON:0002027" label="stratum corneum of epidermis"/>
            <span end="13115" id="17020410-24779" start="13100">cornified layer</span>
        </annotation>
        <annotation annotator="Michael Bada" id="UBERON_Instance_641130" type="identity">
            <class id="UBERON:0001821" label="sebaceous gland"/>
            <span end="13167" id="17020410-24781" start="13152">sebacious gland</span>
        </annotation>
        <annotation annotator="Michael Bada" id="UBERON_Instance_641132" type="identity">
            <class id="UBERON:0001037" label="strand of hair"/>
            <span end="13218" id="17020410-24783" start="13214">hair</span>
        </annotation>
        <annotation annotator="Michael Bada" id="UBERON_Instance_630874" type="identity">
            <class id="UBERON_EXT:zone_of_skin_or_skin_of_body" label="skin"/>
            <span end="13244" id="17020410-24714" start="13240">skin</span>
        </annotation>
        <annotation annotator="Michael Bada" id="UBERON_Instance_630876" type="identity">
            <class id="UBERON_EXT:zone_of_skin_or_skin_of_body" label="skin"/>
            <span end="13322" id="17020410-24716" start="13318">skin</span>
        </annotation>
        <annotation annotator="Michael Bada" id="UBERON_Instance_631136" type="identity">
            <class id="UBERON_EXT:bone_element_or_tissue" label="bone element or tissue"/>
            <span end="13897" id="17020410-24726" start="13893">bone</span>
        </annotation>
        <annotation annotator="Michael Bada" id="UBERON_Instance_630582" type="identity">
            <class id="UBERON:0002415" label="tail"/>
            <span end="13997" id="17020410-24686" start="13993">tail</span>
        </annotation>
        <annotation annotator="Michael Bada" id="UBERON_Instance_641134" type="identity">
            <class id="UBERON:0002412" label="vertebra"/>
            <span end="14007" id="17020410-24785" start="13998">vertebrae</span>
        </annotation>
        <annotation annotator="Michael Bada" id="UBERON_Instance_641136" type="identity">
            <class id="UBERON_EXT:body" label="body (proper or whole multicellular organism)"/>
            <span end="14315" id="17020410-24787" start="14311">body</span>
        </annotation>
        <annotation annotator="Michael Bada" id="UBERON_Instance_630544" type="identity">
            <class id="UBERON:0000104" label="life cycle"/>
            <span end="14522" id="17020410-24678" start="14513">life span</span>
        </annotation>
        <annotation annotator="Michael Bada" id="UBERON_Instance_630730" type="identity">
            <class id="UBERON:0002190" label="subcutaneous adipose tissue"/>
            <span end="14863" id="17020410-24704" start="14847">subcutaneous fat</span>
        </annotation>
        <annotation annotator="Michael Bada" id="UBERON_Instance_630202" type="identity">
            <class id="PATO_UBERON_EXT:male_or_bearer_of_maleness" label="male organism/bearer of maleness"/>
            <span end="14986" id="17020410-24636" start="14982">male</span>
        </annotation>
        <annotation annotator="Michael Bada" id="UBERON_Instance_650240" type="identity">
            <class id="UBERON:0001130" label="vertebral column"/>
            <span end="15097" id="17020410-24841" start="15084">spinal column</span>
        </annotation>
        <annotation annotator="Michael Bada" id="UBERON_Instance_631138" type="identity">
            <class id="UBERON_EXT:bone_element_or_tissue" label="bone element or tissue"/>
            <span end="15120" id="17020410-24728" start="15116">bone</span>
        </annotation>
        <annotation annotator="Michael Bada" id="UBERON_Instance_630584" type="identity">
            <class id="UBERON:0002415" label="tail"/>
            <span end="15176" id="17020410-24688" start="15172">tail</span>
        </annotation>
        <annotation annotator="Michael Bada" id="UBERON_Instance_641138" type="identity">
            <class id="UBERON:0002412" label="vertebra"/>
            <span end="15186" id="17020410-24789" start="15177">vertebrae</span>
        </annotation>
        <annotation annotator="Michael Bada" id="UBERON_Instance_641140" type="identity">
            <class id="UBERON:0002355" label="pelvis"/>
            <span end="15210" id="17020410-24791" start="15204">pelvis</span>
        </annotation>
        <annotation annotator="Michael Bada" id="UBERON_Instance_631140" type="identity">
            <class id="UBERON_EXT:bone_element_or_tissue" label="bone element or tissue"/>
            <span end="15337" id="17020410-24730" start="15333">bone</span>
        </annotation>
        <annotation annotator="Michael Bada" id="UBERON_Instance_630586" type="identity">
            <class id="UBERON:0002415" label="tail"/>
            <span end="15361" id="17020410-24690" start="15357">tail</span>
        </annotation>
        <annotation annotator="Michael Bada" id="UBERON_Instance_641142" type="identity">
            <class id="UBERON:0002412" label="vertebra"/>
            <span end="15371" id="17020410-24793" start="15362">vertebrae</span>
        </annotation>
        <annotation annotator="Michael Bada" id="UBERON_Instance_630204" type="identity">
            <class id="PATO_UBERON_EXT:male_or_bearer_of_maleness" label="male organism/bearer of maleness"/>
            <span end="15391" id="17020410-24638" start="15387">male</span>
        </annotation>
        <annotation annotator="Michael Bada" id="UBERON_Instance_641144" type="identity">
            <class id="UBERON_EXT:body" label="body (proper or whole multicellular organism)"/>
            <span end="15570" id="17020410-24795" start="15566">Body</span>
        </annotation>
        <annotation annotator="Michael Bada" id="UBERON_Instance_630206" type="identity">
            <class id="PATO_UBERON_EXT:male_or_bearer_of_maleness" label="male organism/bearer of maleness"/>
            <span end="15697" id="17020410-24640" start="15693">male</span>
        </annotation>
        <annotation annotator="Michael Bada" id="UBERON_Instance_630208" type="identity">
            <class id="PATO_UBERON_EXT:female_or_bearer_of_femaleness" label="female organism/bearer of femaleness"/>
            <span end="15708" id="17020410-24642" start="15702">female</span>
        </annotation>
        <annotation annotator="Michael Bada" id="UBERON_Instance_641412" type="identity">
            <class id="UBERON_EXT:zone_of_skin_or_skin_of_body" label="skin"/>
            <span end="16305" id="17020410-24829" start="16296">cutaneous</span>
        </annotation>
        <annotation annotator="Michael Bada" id="UBERON_Instance_641146" type="identity">
            <class id="UBERON:0001037" label="strand of hair"/>
            <span end="16329" id="17020410-24797" start="16325">hair</span>
        </annotation>
        <annotation annotator="Michael Bada" id="UBERON_Instance_630212" type="identity">
            <class id="PATO_UBERON_EXT:male_or_bearer_of_maleness" label="male organism/bearer of maleness"/>
            <span end="16542" id="17020410-24646" start="16537">males</span>
        </annotation>
        <annotation annotator="Michael Bada" id="UBERON_Instance_630210" type="identity">
            <class id="PATO_UBERON_EXT:female_or_bearer_of_femaleness" label="female organism/bearer of femaleness"/>
            <span end="16554" id="17020410-24644" start="16547">females</span>
        </annotation>
        <annotation annotator="Michael Bada" id="UBERON_Instance_630546" type="identity">
            <class id="UBERON:0000104" label="life cycle"/>
            <span end="16652" id="17020410-24680" start="16643">life span</span>
        </annotation>
        <annotation annotator="Michael Bada" id="UBERON_Instance_630516" type="identity">
            <class id="UBERON:0000922" label="embryo"/>
            <span end="18038" id="17020410-24662" start="18029">embryonic</span>
        </annotation>
        <annotation annotator="Michael Bada" id="UBERON_Instance_641148" type="identity">
            <class id="UBERON:0001037" label="strand of hair"/>
            <span end="23434" id="17020410-24799" start="23430">hair</span>
        </annotation>
        <annotation annotator="Michael Bada" id="UBERON_Instance_641150" type="identity">
            <class id="UBERON:0001037" label="strand of hair"/>
            <span end="23509" id="17020410-24801" start="23505">hair</span>
        </annotation>
        <annotation annotator="Michael Bada" id="UBERON_Instance_641152" type="identity">
            <class id="UBERON:0001037" label="strand of hair"/>
            <span end="23612" id="17020410-24803" start="23608">hair</span>
        </annotation>
        <annotation annotator="Michael Bada" id="UBERON_Instance_641154" type="identity">
            <class id="UBERON:0001037" label="strand of hair"/>
            <span end="23844" id="17020410-24805" start="23840">hair</span>
        </annotation>
        <annotation annotator="Michael Bada" id="UBERON_Instance_641156" type="identity">
            <class id="UBERON:0000479" label="tissue"/>
            <span end="25469" id="17020410-24807" start="25463">tissue</span>
        </annotation>
        <annotation annotator="Michael Bada" id="UBERON_Instance_641158" type="identity">
            <class id="UBERON:0001037" label="strand of hair"/>
            <span end="25850" id="17020410-24809" start="25846">hair</span>
        </annotation>
        <annotation annotator="Michael Bada" id="UBERON_Instance_630518" type="identity">
            <class id="UBERON:0000922" label="embryo"/>
            <span end="26161" id="17020410-24664" start="26152">embryonic</span>
        </annotation>
        <annotation annotator="Michael Bada" id="UBERON_Instance_630878" type="identity">
            <class id="UBERON_EXT:zone_of_skin_or_skin_of_body" label="skin"/>
            <span end="26220" id="17020410-24718" start="26216">skin</span>
        </annotation>
        <annotation annotator="Michael Bada" id="UBERON_Instance_641160" type="identity">
            <class id="UBERON:0000178" label="blood"/>
            <span end="26230" id="17020410-24811" start="26225">blood</span>
        </annotation>
        <annotation annotator="Michael Bada" id="UBERON_Instance_641414" type="identity">
            <class id="UBERON:0000358" label="blastocyst"/>
            <span end="26255" id="17020410-24831" start="26245">blastocyst</span>
        </annotation>
        <annotation annotator="Michael Bada" id="UBERON_Instance_630548" type="identity">
            <class id="UBERON:0000104" label="life cycle"/>
            <span end="26416" id="17020410-24682" start="26412">life</span>
        </annotation>
        <annotation annotator="Michael Bada" id="UBERON_Instance_630520" type="identity">
            <class id="UBERON:0000922" label="embryo"/>
            <span end="26488" id="17020410-24666" start="26479">embryonic</span>
        </annotation>
        <annotation annotator="Michael Bada" id="UBERON_Instance_630522" type="identity">
            <class id="UBERON:0000922" label="embryo"/>
            <span end="26556" id="17020410-24668" start="26547">embryonic</span>
        </annotation>
        <annotation annotator="Michael Bada" id="UBERON_Instance_630716" type="identity">
            <class id="UBERON_EXT:zone_of_skin_or_skin_of_body" label="skin"/>
            <span end="26827" id="17020410-24692" start="26818">cutaneous</span>
        </annotation>
        <annotation annotator="Michael Bada" id="UBERON_Instance_630880" type="identity">
            <class id="UBERON_EXT:zone_of_skin_or_skin_of_body" label="skin"/>
            <span end="27026" id="17020410-24720" start="27022">skin</span>
        </annotation>
        <annotation annotator="Michael Bada" id="UBERON_Instance_650242" type="identity">
            <class id="UBERON:0002074" label="hair shaft"/>
            <span end="27038" id="17020410-24843" start="27028">hair-shaft</span>
        </annotation>
        <annotation annotator="Michael Bada" id="UBERON_Instance_641416" type="identity">
            <class id="UBERON:0000178" label="blood"/>
            <span end="27049" id="17020410-24833" start="27044">blood</span>
        </annotation>
        <annotation annotator="Michael Bada" id="UBERON_Instance_630718" type="identity">
            <class id="UBERON_EXT:zone_of_skin_or_skin_of_body" label="skin"/>
            <span end="27195" id="17020410-24694" start="27186">cutaneous</span>
        </annotation>
        <annotation annotator="Michael Bada" id="UBERON_Instance_630524" type="identity">
            <class id="UBERON:0000922" label="embryo"/>
            <span end="27359" id="17020410-24670" start="27350">embryonic</span>
        </annotation>
        <annotation annotator="Michael Bada" id="UBERON_Instance_630882" type="identity">
            <class id="UBERON_EXT:zone_of_skin_or_skin_of_body" label="skin"/>
            <span end="27419" id="17020410-24722" start="27415">skin</span>
        </annotation>
        <annotation annotator="Michael Bada" id="UBERON_Instance_641164" type="identity">
            <class id="UBERON:0001037" label="strand of hair"/>
            <span end="27425" id="17020410-24813" start="27421">hair</span>
        </annotation>
        <annotation annotator="Michael Bada" id="UBERON_Instance_641166" type="identity">
            <class id="UBERON:0000178" label="blood"/>
            <span end="27436" id="17020410-24815" start="27431">blood</span>
        </annotation>
        <annotation annotator="Michael Bada" id="UBERON_Instance_630236" type="identity">
            <class id="UBERON:0019248" label="early embryo"/>
            <span end="27549" id="17020410-24648" start="27534">early embryonic</span>
        </annotation>
        <annotation annotator="Michael Bada" id="UBERON_Instance_630884" type="identity">
            <class id="UBERON_EXT:zone_of_skin_or_skin_of_body" label="skin"/>
            <span end="27660" id="17020410-24724" start="27656">skin</span>
        </annotation>
        <annotation annotator="Michael Bada" id="UBERON_Instance_641168" type="identity">
            <class id="UBERON:0002074" label="hair shaft"/>
            <span end="27672" id="17020410-24817" start="27662">hair-shaft</span>
        </annotation>
        <annotation annotator="Michael Bada" id="UBERON_Instance_641170" type="identity">
            <class id="UBERON:0000178" label="blood"/>
            <span end="27683" id="17020410-24819" start="27678">blood</span>
        </annotation>
        <annotation annotator="Michael Bada" id="UBERON_Instance_641172" type="identity">
            <class id="UBERON:0001037" label="strand of hair"/>
            <span end="30776" id="17020410-24821" start="30772">hair</span>
        </annotation>
        <annotation annotator="Michael Bada" id="UBERON_Instance_630526" type="identity">
            <class id="UBERON:0000922" label="embryo"/>
            <span end="34123" id="17020410-24672" start="34114">embryonic</span>
        </annotation>
        <annotation annotator="Michael Bada" id="UBERON_Instance_641174" type="identity">
            <class id="UBERON:0000178" label="blood"/>
            <span end="34326" id="17020410-24823" start="34321">Blood</span>
        </annotation>
        <annotation annotator="Michael Bada" id="UBERON_Instance_641176" type="identity">
            <class id="UBERON:0000178" label="blood"/>
            <span end="34366" id="17020410-24825" start="34361">Blood</span>
        </annotation>
        <annotation annotator="Michael Bada" id="UBERON_Instance_631142" type="identity">
            <class id="UBERON_EXT:bone_element_or_tissue" label="bone element or tissue"/>
            <span end="34459" id="17020410-24732" start="34455">bone</span>
        </annotation>
        <annotation annotator="Michael Bada" id="UBERON_Instance_630528" type="identity">
            <class id="UBERON:0000922" label="embryo"/>
            <span end="35718" id="17020410-24674" start="35709">embryonic</span>
        </annotation>
        <annotation annotator="Michael Bada" id="UBERON_Instance_630530" type="identity">
            <class id="UBERON:0000922" label="embryo"/>
            <span end="37063" id="17020410-24676" start="37054">embryonic</span>
        </annotation>
        <graph-space id="Old Knowtator Relations"/>
    </document>
</knowtator-project>
