<?xml version="1.0" encoding="UTF-8" standalone="no"?>
<knowtator-project>
    <document id="17022820" text-file="17022820.txt">
        <annotation annotator="Michael Bada" id="UBERON_Instance_630044" type="identity">
            <class id="UBERON:0004535" label="cardiovascular system"/>
            <span end="158" id="17022820-24861" start="144">cardiovascular</span>
        </annotation>
        <annotation annotator="Michael Bada" id="UBERON_Instance_641178" type="identity">
            <class id="UBERON:0000055" label="vessel"/>
            <span end="361" id="17022820-24975" start="355">vessel</span>
        </annotation>
        <annotation annotator="Michael Bada" id="UBERON_Instance_641450" type="identity">
            <class id="UBERON:0010210" label="blood clot"/>
            <span end="785" id="17022820-25143" start="777">thrombus</span>
        </annotation>
        <annotation annotator="Michael Bada" id="UBERON_Instance_641180" type="identity">
            <class id="UBERON:0005396" label="carotid artery segment"/>
            <span end="819" id="17022820-24977" start="805">carotid artery</span>
        </annotation>
        <annotation annotator="Michael Bada" id="UBERON_Instance_641182" type="identity">
            <class id="UBERON:0005396" label="carotid artery segment"/>
            <span end="857" id="17022820-24979" start="850">carotid</span>
        </annotation>
        <annotation annotator="Michael Bada" id="UBERON_Instance_641184" type="identity">
            <class id="UBERON:0000178" label="blood"/>
            <span end="886" id="17022820-24981" start="881">blood</span>
        </annotation>
        <annotation annotator="Michael Bada" id="UBERON_Instance_641186" type="identity">
            <class id="UBERON:0000055" label="vessel"/>
            <span end="917" id="17022820-24983" start="911">vessel</span>
        </annotation>
        <annotation annotator="Michael Bada" id="UBERON_Instance_630588" type="identity">
            <class id="UBERON:0002415" label="tail"/>
            <span end="1050" id="17022820-24875" start="1046">tail</span>
        </annotation>
        <annotation annotator="Michael Bada" id="UBERON_Instance_630590" type="identity">
            <class id="UBERON:0002415" label="tail"/>
            <span end="1203" id="17022820-24877" start="1199">tail</span>
        </annotation>
        <annotation annotator="Michael Bada" id="UBERON_Instance_641452" type="identity">
            <class id="UBERON:0010210" label="blood clot"/>
            <span end="1238" id="17022820-25145" start="1230">Thrombus</span>
        </annotation>
        <annotation annotator="Michael Bada" id="UBERON_Instance_630592" type="identity">
            <class id="UBERON:0002415" label="tail"/>
            <span end="1324" id="17022820-24879" start="1320">Tail</span>
        </annotation>
        <annotation annotator="Michael Bada" id="UBERON_Instance_630594" type="identity">
            <class id="UBERON:0002415" label="tail"/>
            <span end="1483" id="17022820-24881" start="1479">tail</span>
        </annotation>
        <annotation annotator="Michael Bada" id="UBERON_Instance_630596" type="identity">
            <class id="UBERON:0002415" label="tail"/>
            <span end="1517" id="17022820-24883" start="1513">tail</span>
        </annotation>
        <annotation annotator="Michael Bada" id="UBERON_Instance_641256" type="identity">
            <class id="UBERON:0001637" label="artery"/>
            <span end="2052" id="17022820-25051" start="2044">arterial</span>
        </annotation>
        <annotation annotator="Michael Bada" id="UBERON_Instance_630046" type="identity">
            <class id="UBERON_EXT:vascular_system_or_vasculature_or_vessel" label="vascular system, vasculature, or vessel"/>
            <span end="2434" id="17022820-24863" start="2426">vascular</span>
        </annotation>
        <annotation annotator="Michael Bada" id="UBERON_Instance_630598" type="identity">
            <class id="UBERON:0002415" label="tail"/>
            <span end="2473" id="17022820-24885" start="2469">tail</span>
        </annotation>
        <annotation annotator="Michael Bada" id="UBERON_Instance_630048" type="identity">
            <class id="UBERON:0004535" label="cardiovascular system"/>
            <span end="2654" id="17022820-24865" start="2640">cardiovascular</span>
        </annotation>
        <annotation annotator="Michael Bada" id="UBERON_Instance_641454" type="identity">
            <class id="UBERON:0010210" label="blood clot"/>
            <span end="2812" id="17022820-25147" start="2804">Thrombus</span>
        </annotation>
        <annotation annotator="Michael Bada" id="UBERON_Instance_641258" type="identity">
            <class id="UBERON:0002349" label="myocardium"/>
            <span end="2986" id="17022820-25053" start="2976">myocardial</span>
        </annotation>
        <annotation annotator="Michael Bada" id="UBERON_Instance_641260" type="identity">
            <class id="UBERON:0001637" label="artery"/>
            <span end="3037" id="17022820-25055" start="3029">arterial</span>
        </annotation>
        <annotation annotator="Michael Bada" id="UBERON_Instance_641262" type="identity">
            <class id="UBERON:0001637" label="artery"/>
            <span end="3057" id="17022820-25057" start="3049">Arterial</span>
        </annotation>
        <annotation annotator="Michael Bada" id="UBERON_Instance_641264" type="identity">
            <class id="UBERON:0001638" label="vein"/>
            <span end="3068" id="17022820-25059" start="3062">venous</span>
        </annotation>
        <annotation annotator="Michael Bada" id="UBERON_Instance_641266" type="identity">
            <class id="UBERON:0001986" label="endothelium"/>
            <span end="3324" id="17022820-25061" start="3313">endothelial</span>
        </annotation>
        <annotation annotator="Michael Bada" id="UBERON_Instance_641456" type="identity">
            <class id="UBERON:0010210" label="blood clot"/>
            <span end="3858" id="17022820-25149" start="3850">thrombus</span>
        </annotation>
        <annotation annotator="Michael Bada" id="UBERON_Instance_641460" type="identity">
            <class id="UBERON:0001637" label="artery"/>
            <span end="4283" id="17022820-25151" start="4275">arterial</span>
        </annotation>
        <annotation annotator="Michael Bada" id="UBERON_Instance_641188" type="identity">
            <class id="UBERON:0000055" label="vessel"/>
            <span end="4382" id="17022820-24985" start="4376">vessel</span>
        </annotation>
        <annotation annotator="Michael Bada" id="UBERON_Instance_641462" type="identity">
            <class id="UBERON:0010210" label="blood clot"/>
            <span end="4562" id="17022820-25153" start="4558">Clot</span>
        </annotation>
        <annotation annotator="Michael Bada" id="UBERON_Instance_630050" type="identity">
            <class id="UBERON_EXT:vascular_system_or_vasculature_or_vessel" label="vascular system, vasculature, or vessel"/>
            <span end="5082" id="17022820-24867" start="5074">vascular</span>
        </annotation>
        <annotation annotator="Michael Bada" id="UBERON_Instance_641464" type="identity">
            <class id="UBERON:0001969" label="blood plasma"/>
            <span end="6103" id="17022820-25155" start="6097">plasma</span>
        </annotation>
        <annotation annotator="Michael Bada" id="UBERON_Instance_630052" type="identity">
            <class id="UBERON_EXT:vascular_system_or_vasculature_or_vessel" label="vascular system, vasculature, or vessel"/>
            <span end="6358" id="17022820-24869" start="6350">vascular</span>
        </annotation>
        <annotation annotator="Michael Bada" id="UBERON_Instance_630600" type="identity">
            <class id="UBERON:0002415" label="tail"/>
            <span end="6377" id="17022820-24887" start="6373">tail</span>
        </annotation>
        <annotation annotator="Michael Bada" id="UBERON_Instance_641268" type="identity">
            <class id="UBERON:0001637" label="artery"/>
            <span end="6697" id="17022820-25063" start="6689">arterial</span>
        </annotation>
        <annotation annotator="Michael Bada" id="UBERON_Instance_641270" type="identity">
            <class id="UBERON:0001690" label="ear"/>
            <span end="7623" id="17022820-25065" start="7620">ear</span>
        </annotation>
        <annotation annotator="Nicole Vasilevsky" id="UBERON_Instance_810006" type="identity">
            <class id="CHEBI_UBERON_EXT:triglyceride_or_adipose_tissue" label="fat"/>
            <span end="8057" id="17022820-25177" start="8054">fat</span>
        </annotation>
        <annotation annotator="Michael Bada" id="UBERON_Instance_630054" type="identity">
            <class id="UBERON_EXT:vascular_system_or_vasculature_or_vessel" label="vascular system, vasculature, or vessel"/>
            <span end="8292" id="17022820-24871" start="8284">Vascular</span>
        </annotation>
        <annotation annotator="Michael Bada" id="UBERON_Instance_641200" type="identity">
            <class id="UBERON:0005396" label="carotid artery segment"/>
            <span end="8353" id="17022820-24997" start="8339">carotid artery</span>
        </annotation>
        <annotation annotator="Michael Bada" id="UBERON_Instance_641190" type="identity">
            <class id="UBERON:0000055" label="vessel"/>
            <span end="8396" id="17022820-24987" start="8390">vessel</span>
        </annotation>
        <annotation annotator="Michael Bada" id="UBERON_Instance_630684" type="identity">
            <class id="UBERON:0005434" label="cervical region"/>
            <span end="8511" id="17022820-24963" start="8503">cervical</span>
        </annotation>
        <annotation annotator="Michael Bada" id="UBERON_Instance_641272" type="identity">
            <class id="UBERON:0001536" label="left common carotid artery plus branches"/>
            <span end="8564" id="17022820-25067" start="8538">left common carotid artery</span>
        </annotation>
        <annotation annotator="Michael Bada" id="UBERON_Instance_641274" type="identity">
            <class id="UBERON:0001637" label="artery"/>
            <span end="8671" id="17022820-25069" start="8665">artery</span>
        </annotation>
        <annotation annotator="Michael Bada" id="UBERON_Instance_641204" type="identity">
            <class id="UBERON:0005396" label="carotid artery segment"/>
            <span end="8829" id="17022820-24999" start="8815">carotid artery</span>
        </annotation>
        <annotation annotator="Michael Bada" id="UBERON_Instance_641276" type="identity">
            <class id="UBERON:0001637" label="artery"/>
            <span end="8941" id="17022820-25071" start="8935">artery</span>
        </annotation>
        <annotation annotator="Michael Bada" id="UBERON_Instance_641218" type="identity">
            <class id="UBERON:0000178" label="blood"/>
            <span end="8956" id="17022820-25013" start="8951">blood</span>
        </annotation>
        <annotation annotator="Michael Bada" id="UBERON_Instance_641220" type="identity">
            <class id="UBERON:0000178" label="blood"/>
            <span end="9143" id="17022820-25015" start="9138">Blood</span>
        </annotation>
        <annotation annotator="Michael Bada" id="UBERON_Instance_641278" type="identity">
            <class id="UBERON_EXT:body" label="body (proper or whole multicellular organism)"/>
            <span end="9240" id="17022820-25073" start="9236">body</span>
        </annotation>
        <annotation annotator="Michael Bada" id="UBERON_Instance_630056" type="identity">
            <class id="UBERON_EXT:vascular_system_or_vasculature_or_vessel" label="vascular system, vasculature, or vessel"/>
            <span end="9295" id="17022820-24873" start="9287">vascular</span>
        </annotation>
        <annotation annotator="Michael Bada" id="UBERON_Instance_630602" type="identity">
            <class id="UBERON:0002415" label="tail"/>
            <span end="9354" id="17022820-24889" start="9350">tail</span>
        </annotation>
        <annotation annotator="Michael Bada" id="UBERON_Instance_630604" type="identity">
            <class id="UBERON:0002415" label="tail"/>
            <span end="9446" id="17022820-24891" start="9442">tail</span>
        </annotation>
        <annotation annotator="Michael Bada" id="UBERON_Instance_630606" type="identity">
            <class id="UBERON:0002415" label="tail"/>
            <span end="9519" id="17022820-24893" start="9515">tail</span>
        </annotation>
        <annotation annotator="Michael Bada" id="UBERON_Instance_630608" type="identity">
            <class id="UBERON:0002415" label="tail"/>
            <span end="9562" id="17022820-24895" start="9558">tail</span>
        </annotation>
        <annotation annotator="Michael Bada" id="UBERON_Instance_630610" type="identity">
            <class id="UBERON:0002415" label="tail"/>
            <span end="9729" id="17022820-24897" start="9725">tail</span>
        </annotation>
        <annotation annotator="Michael Bada" id="UBERON_Instance_630746" type="identity">
            <class id="UBERON:0001697" label="orbit of skull"/>
            <span end="10029" id="17022820-24965" start="10022">orbital</span>
        </annotation>
        <annotation annotator="Michael Bada" id="UBERON_Instance_641222" type="identity">
            <class id="UBERON:0000178" label="blood"/>
            <span end="10086" id="17022820-25017" start="10081">blood</span>
        </annotation>
        <annotation annotator="Michael Bada" id="UBERON_Instance_641466" type="identity">
            <class id="UBERON:0001969" label="blood plasma"/>
            <span end="10755" id="17022820-25157" start="10749">plasma</span>
        </annotation>
        <annotation annotator="Michael Bada" id="UBERON_Instance_630612" type="identity">
            <class id="UBERON:0002415" label="tail"/>
            <span end="11135" id="17022820-24899" start="11130">tails</span>
        </annotation>
        <annotation annotator="Michael Bada" id="UBERON_Instance_641206" type="identity">
            <class id="UBERON:0005396" label="carotid artery segment"/>
            <span end="11155" id="17022820-25001" start="11147">carotids</span>
        </annotation>
        <annotation annotator="Michael Bada" id="UBERON_Instance_630614" type="identity">
            <class id="UBERON:0002415" label="tail"/>
            <span end="11314" id="17022820-24901" start="11310">tail</span>
        </annotation>
        <annotation annotator="Michael Bada" id="UBERON_Instance_641208" type="identity">
            <class id="UBERON:0005396" label="carotid artery segment"/>
            <span end="11487" id="17022820-25003" start="11480">carotid</span>
        </annotation>
        <annotation annotator="Nicole Vasilevsky" id="UBERON+extensions+nested_Instance_110023" type="identity">
            <class id="GO_UBERON_EXT:lumen" label="lumen"/>
            <span end="11493" id="17022820-24847" start="11488">lumen</span>
        </annotation>
        <annotation annotator="Michael Bada" id="UBERON_Instance_641280" type="identity">
            <class id="UBERON:0001637" label="artery"/>
            <span end="12247" id="17022820-25075" start="12239">arterial</span>
        </annotation>
        <annotation annotator="Michael Bada" id="UBERON_Instance_641422" type="identity">
            <class id="UBERON:0010210" label="blood clot"/>
            <span end="12256" id="17022820-25115" start="12248">thrombus</span>
        </annotation>
        <annotation annotator="Michael Bada" id="UBERON_Instance_641282" type="identity">
            <class id="UBERON:0005396" label="carotid artery segment"/>
            <span end="12311" id="17022820-25077" start="12297">cartoid artery</span>
        </annotation>
        <annotation annotator="Michael Bada" id="UBERON_Instance_641284" type="identity">
            <class id="UBERON:0001637" label="artery"/>
            <span end="12360" id="17022820-25079" start="12352">arterial</span>
        </annotation>
        <annotation annotator="Michael Bada" id="UBERON_Instance_641424" type="identity">
            <class id="UBERON:0010210" label="blood clot"/>
            <span end="12419" id="17022820-25117" start="12411">thrombus</span>
        </annotation>
        <annotation annotator="Michael Bada" id="UBERON_Instance_641286" type="identity">
            <class id="UBERON:0001637" label="artery"/>
            <span end="12504" id="17022820-25081" start="12496">arterial</span>
        </annotation>
        <annotation annotator="Michael Bada" id="UBERON_Instance_641426" type="identity">
            <class id="UBERON:0010210" label="blood clot"/>
            <span end="12513" id="17022820-25119" start="12505">thrombus</span>
        </annotation>
        <annotation annotator="Michael Bada" id="UBERON_Instance_641224" type="identity">
            <class id="UBERON:0000178" label="blood"/>
            <span end="12983" id="17022820-25019" start="12978">blood</span>
        </annotation>
        <annotation annotator="Michael Bada" id="UBERON_Instance_641226" type="identity">
            <class id="UBERON:0000178" label="blood"/>
            <span end="13133" id="17022820-25021" start="13128">blood</span>
        </annotation>
        <annotation annotator="Michael Bada" id="UBERON_Instance_641210" type="identity">
            <class id="UBERON:0005396" label="carotid artery segment"/>
            <span end="13348" id="17022820-25005" start="13340">carotids</span>
        </annotation>
        <annotation annotator="Nicole Vasilevsky" id="UBERON+extensions+nested_Instance_110025" type="identity">
            <class id="GO_UBERON_EXT:lumen" label="lumen"/>
            <span end="13421" id="17022820-24849" start="13416">lumen</span>
        </annotation>
        <annotation annotator="Michael Bada" id="UBERON_Instance_641428" type="identity">
            <class id="UBERON:0010210" label="blood clot"/>
            <span end="13559" id="17022820-25121" start="13551">thrombus</span>
        </annotation>
        <annotation annotator="Nicole Vasilevsky" id="UBERON+extensions+nested_Instance_110027" type="identity">
            <class id="GO_UBERON_EXT:lumen" label="lumen"/>
            <span end="13568" id="17022820-24851" start="13563">lumen</span>
        </annotation>
        <annotation annotator="Michael Bada" id="UBERON_Instance_641292" type="identity">
            <class id="UBERON:0001637" label="artery"/>
            <span end="13748" id="17022820-25083" start="13740">Arterial</span>
        </annotation>
        <annotation annotator="Michael Bada" id="UBERON_Instance_641212" type="identity">
            <class id="UBERON:0005396" label="carotid artery segment"/>
            <span end="13929" id="17022820-25007" start="13922">carotid</span>
        </annotation>
        <annotation annotator="Michael Bada" id="UBERON_Instance_641294" type="identity">
            <class id="UBERON:0001637" label="artery"/>
            <span end="13985" id="17022820-25085" start="13977">Arterial</span>
        </annotation>
        <annotation annotator="Michael Bada" id="UBERON_Instance_630616" type="identity">
            <class id="UBERON:0002415" label="tail"/>
            <span end="14293" id="17022820-24903" start="14289">tail</span>
        </annotation>
        <annotation annotator="Michael Bada" id="UBERON_Instance_630618" type="identity">
            <class id="UBERON:0002415" label="tail"/>
            <span end="14336" id="17022820-24905" start="14332">tail</span>
        </annotation>
        <annotation annotator="Michael Bada" id="UBERON_Instance_641430" type="identity">
            <class id="UBERON:0010210" label="blood clot"/>
            <span end="16014" id="17022820-25123" start="16006">thrombus</span>
        </annotation>
        <annotation annotator="Michael Bada" id="UBERON_Instance_641228" type="identity">
            <class id="UBERON:0000178" label="blood"/>
            <span end="16933" id="17022820-25023" start="16928">blood</span>
        </annotation>
        <annotation annotator="Michael Bada" id="UBERON_Instance_641248" type="identity">
            <class id="UBERON:0000479" label="tissue"/>
            <span end="17258" id="17022820-25043" start="17252">tissue</span>
        </annotation>
        <annotation annotator="Michael Bada" id="UBERON_Instance_641484" type="identity">
            <class id="UBERON:0010210" label="blood clot"/>
            <span end="17496" id="17022820-25173" start="17485">fibrin clot</span>
        </annotation>
        <annotation annotator="Michael Bada" id="UBERON_Instance_641482" type="identity">
            <class id="UBERON:0001969" label="blood plasma"/>
            <span end="18333" id="17022820-25171" start="18327">plasma</span>
        </annotation>
        <annotation annotator="Michael Bada" id="UBERON_Instance_641470" type="identity">
            <class id="UBERON:0001969" label="blood plasma"/>
            <span end="18640" id="17022820-25159" start="18634">plasma</span>
        </annotation>
        <annotation annotator="Michael Bada" id="UBERON_Instance_641472" type="identity">
            <class id="UBERON:0001969" label="blood plasma"/>
            <span end="18856" id="17022820-25161" start="18850">plasma</span>
        </annotation>
        <annotation annotator="Michael Bada" id="UBERON_Instance_641474" type="identity">
            <class id="UBERON:0001969" label="blood plasma"/>
            <span end="18908" id="17022820-25163" start="18902">plasma</span>
        </annotation>
        <annotation annotator="Michael Bada" id="UBERON_Instance_641476" type="identity">
            <class id="UBERON:0001969" label="blood plasma"/>
            <span end="18949" id="17022820-25165" start="18943">plasma</span>
        </annotation>
        <annotation annotator="Michael Bada" id="UBERON_Instance_630620" type="identity">
            <class id="UBERON:0002415" label="tail"/>
            <span end="19147" id="17022820-24907" start="19143">Tail</span>
        </annotation>
        <annotation annotator="Michael Bada" id="UBERON_Instance_630622" type="identity">
            <class id="UBERON:0002415" label="tail"/>
            <span end="19183" id="17022820-24909" start="19178">tails</span>
        </annotation>
        <annotation annotator="Michael Bada" id="UBERON_Instance_630624" type="identity">
            <class id="UBERON:0002415" label="tail"/>
            <span end="19323" id="17022820-24911" start="19319">tail</span>
        </annotation>
        <annotation annotator="Michael Bada" id="UBERON_Instance_641296" type="identity">
            <class id="UBERON:0002073" label="hair follicle"/>
            <span end="19524" id="17022820-25087" start="19510">hair follicles</span>
        </annotation>
        <annotation annotator="Michael Bada" id="UBERON_Instance_641298" type="identity">
            <class id="UBERON:0001821" label="sebaceous gland"/>
            <span end="19542" id="17022820-25089" start="19526">sebaceous glands</span>
        </annotation>
        <annotation annotator="Michael Bada" id="UBERON_Instance_631144" type="identity">
            <class id="UBERON_EXT:bone_element_or_tissue" label="bone element or tissue"/>
            <span end="19558" id="17022820-24967" start="19554">bone</span>
        </annotation>
        <annotation annotator="Michael Bada" id="UBERON_Instance_631150" type="identity">
            <class id="UBERON_EXT:cartilage_element_or_tissue" label="cartilage element or tissue"/>
            <span end="19568" id="17022820-24971" start="19559">cartilage</span>
        </annotation>
        <annotation annotator="Michael Bada" id="UBERON_Instance_630626" type="identity">
            <class id="UBERON:0002415" label="tail"/>
            <span end="19641" id="17022820-24913" start="19636">tails</span>
        </annotation>
        <annotation annotator="Michael Bada" id="UBERON_Instance_641432" type="identity">
            <class id="UBERON:0010210" label="blood clot"/>
            <span end="19779" id="17022820-25125" start="19771">thrombus</span>
        </annotation>
        <annotation annotator="Michael Bada" id="UBERON_Instance_630628" type="identity">
            <class id="UBERON:0002415" label="tail"/>
            <span end="19815" id="17022820-24915" start="19811">tail</span>
        </annotation>
        <annotation annotator="Michael Bada" id="UBERON_Instance_641192" type="identity">
            <class id="UBERON:0000055" label="vessel"/>
            <span end="19983" id="17022820-24989" start="19976">vessels</span>
        </annotation>
        <annotation annotator="Michael Bada" id="UBERON_Instance_641250" type="identity">
            <class id="UBERON:0001013" label="adipose tissue"/>
            <span end="20001" id="17022820-25045" start="19987">adipose tissue</span>
        </annotation>
        <annotation annotator="Michael Bada" id="UBERON_Instance_630630" type="identity">
            <class id="UBERON:0002415" label="tail"/>
            <span end="20093" id="17022820-24917" start="20089">Tail</span>
        </annotation>
        <annotation annotator="Michael Bada" id="UBERON_Instance_630632" type="identity">
            <class id="UBERON:0002415" label="tail"/>
            <span end="20124" id="17022820-24919" start="20119">Tails</span>
        </annotation>
        <annotation annotator="Michael Bada" id="UBERON_Instance_631146" type="identity">
            <class id="UBERON_EXT:bone_element_or_tissue" label="bone element or tissue"/>
            <span end="20509" id="17022820-24969" start="20505">bone</span>
        </annotation>
        <annotation annotator="Michael Bada" id="UBERON_Instance_631152" type="identity">
            <class id="UBERON_EXT:cartilage_element_or_tissue" label="cartilage element or tissue"/>
            <span end="20519" id="17022820-24973" start="20510">cartilage</span>
        </annotation>
        <annotation annotator="Michael Bada" id="UBERON_Instance_630634" type="identity">
            <class id="UBERON:0002415" label="tail"/>
            <span end="20538" id="17022820-24921" start="20534">tail</span>
        </annotation>
        <annotation annotator="Michael Bada" id="UBERON_Instance_630636" type="identity">
            <class id="UBERON:0002415" label="tail"/>
            <span end="20617" id="17022820-24923" start="20613">tail</span>
        </annotation>
        <annotation annotator="Michael Bada" id="UBERON_Instance_630638" type="identity">
            <class id="UBERON:0002415" label="tail"/>
            <span end="20796" id="17022820-24925" start="20792">Tail</span>
        </annotation>
        <annotation annotator="Michael Bada" id="UBERON_Instance_630640" type="identity">
            <class id="UBERON:0002415" label="tail"/>
            <span end="20887" id="17022820-24927" start="20883">tail</span>
        </annotation>
        <annotation annotator="Michael Bada" id="UBERON_Instance_641478" type="identity">
            <class id="UBERON:0001969" label="blood plasma"/>
            <span end="25461" id="17022820-25167" start="25455">Plasma</span>
        </annotation>
        <annotation annotator="Michael Bada" id="UBERON_Instance_641480" type="identity">
            <class id="UBERON:0001969" label="blood plasma"/>
            <span end="25503" id="17022820-25169" start="25497">Plasma</span>
        </annotation>
        <annotation annotator="Michael Bada" id="UBERON_Instance_641300" type="identity">
            <class id="UBERON:0001637" label="artery"/>
            <span end="25969" id="17022820-25091" start="25961">arterial</span>
        </annotation>
        <annotation annotator="Michael Bada" id="UBERON_Instance_641434" type="identity">
            <class id="UBERON:0010210" label="blood clot"/>
            <span end="25978" id="17022820-25127" start="25970">thrombus</span>
        </annotation>
        <annotation annotator="Michael Bada" id="UBERON_Instance_630642" type="identity">
            <class id="UBERON:0002415" label="tail"/>
            <span end="25998" id="17022820-24929" start="25994">tail</span>
        </annotation>
        <annotation annotator="Michael Bada" id="UBERON_Instance_641302" type="identity">
            <class id="UBERON:0001637" label="artery"/>
            <span end="26141" id="17022820-25093" start="26133">arterial</span>
        </annotation>
        <annotation annotator="Michael Bada" id="UBERON_Instance_641304" type="identity">
            <class id="UBERON:0001637" label="artery"/>
            <span end="26627" id="17022820-25095" start="26619">arterial</span>
        </annotation>
        <annotation annotator="Michael Bada" id="UBERON_Instance_641306" type="identity">
            <class id="UBERON:0001637" label="artery"/>
            <span end="26736" id="17022820-25097" start="26728">arterial</span>
        </annotation>
        <annotation annotator="Michael Bada" id="UBERON_Instance_641308" type="identity">
            <class id="UBERON:0001637" label="artery"/>
            <span end="26772" id="17022820-25099" start="26764">Arterial</span>
        </annotation>
        <annotation annotator="Michael Bada" id="UBERON_Instance_641194" type="identity">
            <class id="UBERON:0000055" label="vessel"/>
            <span end="27501" id="17022820-24991" start="27495">vessel</span>
        </annotation>
        <annotation annotator="Michael Bada" id="UBERON_Instance_641310" type="identity">
            <class id="UBERON:0001637" label="artery"/>
            <span end="27522" id="17022820-25101" start="27514">Arterial</span>
        </annotation>
        <annotation annotator="Michael Bada" id="UBERON_Instance_630644" type="identity">
            <class id="UBERON:0002415" label="tail"/>
            <span end="27543" id="17022820-24931" start="27539">tail</span>
        </annotation>
        <annotation annotator="Michael Bada" id="UBERON_Instance_641312" type="identity">
            <class id="UBERON:0001637" label="artery"/>
            <span end="28582" id="17022820-25103" start="28574">Arterial</span>
        </annotation>
        <annotation annotator="Michael Bada" id="UBERON_Instance_630036" type="identity">
            <class id="UBERON_EXT:vascular_system_or_vasculature_or_vessel" label="vascular system, vasculature, or vessel"/>
            <span end="28766" id="17022820-24853" start="28758">vascular</span>
        </annotation>
        <annotation annotator="Michael Bada" id="UBERON_Instance_641214" type="identity">
            <class id="UBERON:0005396" label="carotid artery segment"/>
            <span end="28969" id="17022820-25009" start="28955">carotid artery</span>
        </annotation>
        <annotation annotator="Michael Bada" id="UBERON_Instance_641436" type="identity">
            <class id="UBERON:0010210" label="blood clot"/>
            <span end="29021" id="17022820-25129" start="29013">thrombus</span>
        </annotation>
        <annotation annotator="Michael Bada" id="UBERON_Instance_641230" type="identity">
            <class id="UBERON:0000178" label="blood"/>
            <span end="29278" id="17022820-25025" start="29273">blood</span>
        </annotation>
        <annotation annotator="Michael Bada" id="UBERON_Instance_641216" type="identity">
            <class id="UBERON:0005396" label="carotid artery segment"/>
            <span end="29481" id="17022820-25011" start="29473">carotids</span>
        </annotation>
        <annotation annotator="Michael Bada" id="UBERON_Instance_641314" type="identity">
            <class id="UBERON:0001637" label="artery"/>
            <span end="29493" id="17022820-25105" start="29485">arterial</span>
        </annotation>
        <annotation annotator="Michael Bada" id="UBERON_Instance_641438" type="identity">
            <class id="UBERON:0010210" label="blood clot"/>
            <span end="29618" id="17022820-25131" start="29610">thrombus</span>
        </annotation>
        <annotation annotator="Michael Bada" id="UBERON_Instance_641232" type="identity">
            <class id="UBERON:0000178" label="blood"/>
            <span end="29659" id="17022820-25027" start="29654">blood</span>
        </annotation>
        <annotation annotator="Michael Bada" id="UBERON_Instance_641440" type="identity">
            <class id="UBERON:0010210" label="blood clot"/>
            <span end="29894" id="17022820-25133" start="29886">thrombus</span>
        </annotation>
        <annotation annotator="Michael Bada" id="UBERON_Instance_641486" type="identity">
            <class id="UBERON:0010210" label="blood clot"/>
            <span end="30052" id="17022820-25175" start="30048">clot</span>
        </annotation>
        <annotation annotator="Michael Bada" id="UBERON_Instance_641442" type="identity">
            <class id="UBERON:0010210" label="blood clot"/>
            <span end="30113" id="17022820-25135" start="30105">thrombus</span>
        </annotation>
        <annotation annotator="Michael Bada" id="UBERON_Instance_630646" type="identity">
            <class id="UBERON:0002415" label="tail"/>
            <span end="30134" id="17022820-24933" start="30130">tail</span>
        </annotation>
        <annotation annotator="Michael Bada" id="UBERON_Instance_630648" type="identity">
            <class id="UBERON:0002415" label="tail"/>
            <span end="30623" id="17022820-24935" start="30619">tail</span>
        </annotation>
        <annotation annotator="Michael Bada" id="UBERON_Instance_641444" type="identity">
            <class id="UBERON:0010210" label="blood clot"/>
            <span end="30779" id="17022820-25137" start="30771">thrombus</span>
        </annotation>
        <annotation annotator="Michael Bada" id="UBERON_Instance_630650" type="identity">
            <class id="UBERON:0002415" label="tail"/>
            <span end="30969" id="17022820-24937" start="30965">tail</span>
        </annotation>
        <annotation annotator="Michael Bada" id="UBERON_Instance_641446" type="identity">
            <class id="UBERON:0010210" label="blood clot"/>
            <span end="31244" id="17022820-25139" start="31236">thrombus</span>
        </annotation>
        <annotation annotator="Michael Bada" id="UBERON_Instance_641448" type="identity">
            <class id="UBERON:0010210" label="blood clot"/>
            <span end="31433" id="17022820-25141" start="31425">thrombus</span>
        </annotation>
        <annotation annotator="Michael Bada" id="UBERON_Instance_630652" type="identity">
            <class id="UBERON:0002415" label="tail"/>
            <span end="31447" id="17022820-24939" start="31443">tail</span>
        </annotation>
        <annotation annotator="Michael Bada" id="UBERON_Instance_630654" type="identity">
            <class id="UBERON:0002415" label="tail"/>
            <span end="32054" id="17022820-24941" start="32050">tail</span>
        </annotation>
        <annotation annotator="Michael Bada" id="UBERON_Instance_630656" type="identity">
            <class id="UBERON:0002415" label="tail"/>
            <span end="32489" id="17022820-24943" start="32485">tail</span>
        </annotation>
        <annotation annotator="Michael Bada" id="UBERON_Instance_641234" type="identity">
            <class id="UBERON:0000178" label="blood"/>
            <span end="32545" id="17022820-25029" start="32540">blood</span>
        </annotation>
        <annotation annotator="Michael Bada" id="UBERON_Instance_630658" type="identity">
            <class id="UBERON:0002415" label="tail"/>
            <span end="32609" id="17022820-24945" start="32605">tail</span>
        </annotation>
        <annotation annotator="Michael Bada" id="UBERON_Instance_641236" type="identity">
            <class id="UBERON:0000178" label="blood"/>
            <span end="32740" id="17022820-25031" start="32735">blood</span>
        </annotation>
        <annotation annotator="Michael Bada" id="UBERON_Instance_641238" type="identity">
            <class id="UBERON:0000178" label="blood"/>
            <span end="32797" id="17022820-25033" start="32792">Blood</span>
        </annotation>
        <annotation annotator="Michael Bada" id="UBERON_Instance_641240" type="identity">
            <class id="UBERON:0000178" label="blood"/>
            <span end="32936" id="17022820-25035" start="32931">blood</span>
        </annotation>
        <annotation annotator="Michael Bada" id="UBERON_Instance_641242" type="identity">
            <class id="UBERON:0000178" label="blood"/>
            <span end="33041" id="17022820-25037" start="33036">blood</span>
        </annotation>
        <annotation annotator="Michael Bada" id="UBERON_Instance_641244" type="identity">
            <class id="UBERON:0000178" label="blood"/>
            <span end="33096" id="17022820-25039" start="33091">blood</span>
        </annotation>
        <annotation annotator="Michael Bada" id="UBERON_Instance_630660" type="identity">
            <class id="UBERON:0002415" label="tail"/>
            <span end="33114" id="17022820-24947" start="33110">tail</span>
        </annotation>
        <annotation annotator="Michael Bada" id="UBERON_Instance_630662" type="identity">
            <class id="UBERON:0002415" label="tail"/>
            <span end="33178" id="17022820-24949" start="33174">tail</span>
        </annotation>
        <annotation annotator="Michael Bada" id="UBERON_Instance_630664" type="identity">
            <class id="UBERON:0002415" label="tail"/>
            <span end="33237" id="17022820-24951" start="33233">tail</span>
        </annotation>
        <annotation annotator="Michael Bada" id="UBERON_Instance_641316" type="identity">
            <class id="UBERON:0001637" label="artery"/>
            <span end="33804" id="17022820-25107" start="33796">arterial</span>
        </annotation>
        <annotation annotator="Michael Bada" id="UBERON_Instance_641318" type="identity">
            <class id="UBERON:0001637" label="artery"/>
            <span end="35103" id="17022820-25109" start="35095">arterial</span>
        </annotation>
        <annotation annotator="Michael Bada" id="UBERON_Instance_630038" type="identity">
            <class id="UBERON_EXT:vascular_system_or_vasculature_or_vessel" label="vascular system, vasculature, or vessel"/>
            <span end="35144" id="17022820-24855" start="35136">vascular</span>
        </annotation>
        <annotation annotator="Michael Bada" id="UBERON_Instance_630666" type="identity">
            <class id="UBERON:0002415" label="tail"/>
            <span end="35184" id="17022820-24953" start="35180">tail</span>
        </annotation>
        <annotation annotator="Michael Bada" id="UBERON_Instance_641252" type="identity">
            <class id="UBERON:0000479" label="tissue"/>
            <span end="35233" id="17022820-25047" start="35227">tissue</span>
        </annotation>
        <annotation annotator="Michael Bada" id="UBERON_Instance_641196" type="identity">
            <class id="UBERON:0000055" label="vessel"/>
            <span end="35244" id="17022820-24993" start="35238">vessel</span>
        </annotation>
        <annotation annotator="Michael Bada" id="UBERON_Instance_641320" type="identity">
            <class id="UBERON:0001637" label="artery"/>
            <span end="35427" id="17022820-25111" start="35419">arterial</span>
        </annotation>
        <annotation annotator="Michael Bada" id="UBERON_Instance_641322" type="identity">
            <class id="UBERON:0001637" label="artery"/>
            <span end="35758" id="17022820-25113" start="35750">arterial</span>
        </annotation>
        <annotation annotator="Michael Bada" id="UBERON_Instance_630668" type="identity">
            <class id="UBERON:0002415" label="tail"/>
            <span end="35775" id="17022820-24955" start="35771">tail</span>
        </annotation>
        <annotation annotator="Michael Bada" id="UBERON_Instance_641198" type="identity">
            <class id="UBERON:0000055" label="vessel"/>
            <span end="35806" id="17022820-24995" start="35800">vessel</span>
        </annotation>
        <annotation annotator="Michael Bada" id="UBERON_Instance_641254" type="identity">
            <class id="UBERON:0000479" label="tissue"/>
            <span end="36251" id="17022820-25049" start="36245">tissue</span>
        </annotation>
        <annotation annotator="Michael Bada" id="UBERON_Instance_630670" type="identity">
            <class id="UBERON:0002415" label="tail"/>
            <span end="36616" id="17022820-24957" start="36612">tail</span>
        </annotation>
        <annotation annotator="Michael Bada" id="UBERON_Instance_630040" type="identity">
            <class id="UBERON_EXT:vascular_system_or_vasculature_or_vessel" label="vascular system, vasculature, or vessel"/>
            <span end="36704" id="17022820-24857" start="36696">vascular</span>
        </annotation>
        <annotation annotator="Michael Bada" id="UBERON_Instance_630672" type="identity">
            <class id="UBERON:0002415" label="tail"/>
            <span end="36743" id="17022820-24959" start="36739">tail</span>
        </annotation>
        <annotation annotator="Michael Bada" id="UBERON_Instance_630674" type="identity">
            <class id="UBERON:0002415" label="tail"/>
            <span end="36784" id="17022820-24961" start="36780">tail</span>
        </annotation>
        <annotation annotator="Michael Bada" id="UBERON_Instance_630042" type="identity">
            <class id="UBERON_EXT:vascular_system_or_vasculature_or_vessel" label="vascular system, vasculature, or vessel"/>
            <span end="36891" id="17022820-24859" start="36883">vascular</span>
        </annotation>
        <annotation annotator="Michael Bada" id="UBERON_Instance_641246" type="identity">
            <class id="UBERON:0000178" label="blood"/>
            <span end="37378" id="17022820-25041" start="37373">blood</span>
        </annotation>
        <graph-space id="Old Knowtator Relations"/>
    </document>
</knowtator-project>
