<?xml version="1.0" encoding="UTF-8" standalone="no"?>
<knowtator-project>
  <document id="17083276" text-file="17083276.txt">
    <annotation annotator="Michael Bada" id="UBERON_Instance_690614" type="identity">
      <class id="UBERON:0000922" label="embryo"/>
      <span end="76" id="17083276-26613" start="67">Embryonic</span>
    </annotation>
    <annotation annotator="Michael Bada" id="UBERON_Instance_690616" type="identity">
      <class id="UBERON:0000922" label="embryo"/>
      <span end="629" id="17083276-26615" start="622">embryos</span>
    </annotation>
    <annotation annotator="Michael Bada" id="UBERON_Instance_690618" type="identity">
      <class id="UBERON:0000922" label="embryo"/>
      <span end="766" id="17083276-26617" start="759">embryos</span>
    </annotation>
    <annotation annotator="Michael Bada" id="UBERON_Instance_700170" type="identity">
      <class id="UBERON:0007232" label="2 cell stage"/>
      <span end="840" id="17083276-26774" start="832">two-cell</span>
      <span end="862" id="17083276-26775" start="856">stages</span>
    </annotation>
    <annotation annotator="Michael Bada" id="UBERON_Instance_691648" type="identity">
      <class id="UBERON:0000358" label="blastocyst"/>
      <span end="855" id="17083276-26685" start="845">blastocyst</span>
    </annotation>
    <annotation annotator="Michael Bada" id="UBERON_Instance_690620" type="identity">
      <class id="UBERON:0000922" label="embryo"/>
      <span end="905" id="17083276-26619" start="898">embryos</span>
    </annotation>
    <annotation annotator="Michael Bada" id="UBERON_Instance_691658" type="identity">
      <class id="UBERON:0007232" label="2 cell stage"/>
      <span end="1016" id="17083276-26695" start="1012">two-</span>
      <span end="1035" id="17083276-26696" start="1025">cell stage</span>
    </annotation>
    <annotation annotator="Michael Bada" id="UBERON_Instance_691656" type="identity">
      <class id="UBERON:0007233" label="4 cell stage"/>
      <span end="1035" id="17083276-26693" start="1020">four-cell stage</span>
    </annotation>
    <annotation annotator="Michael Bada" id="UBERON_Instance_690622" type="identity">
      <class id="UBERON:0000922" label="embryo"/>
      <span end="1053" id="17083276-26621" start="1046">embryos</span>
    </annotation>
    <annotation annotator="Michael Bada" id="UBERON_Instance_690624" type="identity">
      <class id="UBERON:0000922" label="embryo"/>
      <span end="1175" id="17083276-26623" start="1166">embryonic</span>
    </annotation>
    <annotation annotator="Michael Bada" id="UBERON_Instance_690626" type="identity">
      <class id="UBERON:0000922" label="embryo"/>
      <span end="1586" id="17083276-26625" start="1577">embryonic</span>
    </annotation>
    <annotation annotator="Michael Bada" id="UBERON_Instance_690628" type="identity">
      <class id="UBERON:0000922" label="embryo"/>
      <span end="1756" id="17083276-26627" start="1747">embryonic</span>
    </annotation>
    <annotation annotator="Michael Bada" id="UBERON_Instance_690538" type="identity">
      <class id="UBERON:0019248" label="early embryo"/>
      <span end="1925" id="17083276-26575" start="1912">early embryos</span>
    </annotation>
    <annotation annotator="Michael Bada" id="UBERON_Instance_690630" type="identity">
      <class id="UBERON:0000922" label="embryo"/>
      <span end="1939" id="17083276-26629" start="1930">embryonic</span>
    </annotation>
    <annotation annotator="Michael Bada" id="UBERON_Instance_690632" type="identity">
      <class id="UBERON:0000922" label="embryo"/>
      <span end="2793" id="17083276-26631" start="2784">embryonic</span>
    </annotation>
    <annotation annotator="Michael Bada" id="UBERON_Instance_690540" type="identity">
      <class id="UBERON:0019248" label="early embryo"/>
      <span end="2822" id="17083276-26577" start="2809">early embryos</span>
    </annotation>
    <annotation annotator="Michael Bada" id="UBERON_Instance_690634" type="identity">
      <class id="UBERON:0000922" label="embryo"/>
      <span end="3153" id="17083276-26633" start="3144">embryonic</span>
    </annotation>
    <annotation annotator="Michael Bada" id="UBERON_Instance_690636" type="identity">
      <class id="UBERON:0000922" label="embryo"/>
      <span end="3327" id="17083276-26635" start="3318">embryonic</span>
    </annotation>
    <annotation annotator="Michael Bada" id="UBERON_Instance_690542" type="identity">
      <class id="UBERON:0019248" label="early embryo"/>
      <span end="3794" id="17083276-26579" start="3781">early embryos</span>
    </annotation>
    <annotation annotator="Michael Bada" id="UBERON_Instance_690638" type="identity">
      <class id="UBERON:0000922" label="embryo"/>
      <span end="5374" id="17083276-26637" start="5365">embryonic</span>
    </annotation>
    <annotation annotator="Michael Bada" id="UBERON_Instance_700172" type="identity">
      <class id="UBERON:0019248" label="early embryo"/>
      <span end="5604" id="17083276-26777" start="5599">early</span>
      <span end="5618" id="17083276-26778" start="5611">embryos</span>
    </annotation>
    <annotation annotator="Michael Bada" id="UBERON_Instance_690642" type="identity">
      <class id="UBERON:0000922" label="embryo"/>
      <span end="5779" id="17083276-26639" start="5770">embryonic</span>
    </annotation>
    <annotation annotator="Michael Bada" id="UBERON_Instance_690808" type="identity">
      <class id="PATO_UBERON_EXT:neonate_or_newborn" label="neonatal/newborn organism"/>
      <span end="6103" id="17083276-26683" start="6096">newborn</span>
    </annotation>
    <annotation annotator="Michael Bada" id="UBERON_Instance_690644" type="identity">
      <class id="UBERON:0000922" label="embryo"/>
      <span end="6164" id="17083276-26641" start="6157">embryos</span>
    </annotation>
    <annotation annotator="Michael Bada" id="UBERON_Instance_690646" type="identity">
      <class id="UBERON:0000922" label="embryo"/>
      <span end="6261" id="17083276-26643" start="6254">embryos</span>
    </annotation>
    <annotation annotator="Michael Bada" id="UBERON_Instance_690648" type="identity">
      <class id="UBERON:0000922" label="embryo"/>
      <span end="6274" id="17083276-26645" start="6265">embryonic</span>
    </annotation>
    <annotation annotator="Michael Bada" id="UBERON_Instance_690650" type="identity">
      <class id="UBERON:0000922" label="embryo"/>
      <span end="6357" id="17083276-26647" start="6350">embryos</span>
    </annotation>
    <annotation annotator="Michael Bada" id="UBERON_Instance_690652" type="identity">
      <class id="UBERON:0000922" label="embryo"/>
      <span end="6464" id="17083276-26649" start="6457">embryos</span>
    </annotation>
    <annotation annotator="Michael Bada" id="UBERON_Instance_690654" type="identity">
      <class id="UBERON:0000922" label="embryo"/>
      <span end="6524" id="17083276-26651" start="6517">embryos</span>
    </annotation>
    <annotation annotator="Michael Bada" id="UBERON_Instance_691650" type="identity">
      <class id="UBERON:0000358" label="blastocyst"/>
      <span end="6645" id="17083276-26687" start="6634">blastocysts</span>
    </annotation>
    <annotation annotator="Michael Bada" id="UBERON_Instance_690656" type="identity">
      <class id="UBERON:0000922" label="embryo"/>
      <span end="6795" id="17083276-26653" start="6788">embryos</span>
    </annotation>
    <annotation annotator="Michael Bada" id="UBERON_Instance_691652" type="identity">
      <class id="UBERON:0007236" label="8 cell stage"/>
      <span end="6875" id="17083276-26689" start="6859">eight-cell stage</span>
    </annotation>
    <annotation annotator="Michael Bada" id="UBERON_Instance_690658" type="identity">
      <class id="UBERON:0000922" label="embryo"/>
      <span end="6966" id="17083276-26655" start="6960">embryo</span>
    </annotation>
    <annotation annotator="Michael Bada" id="UBERON_Instance_691654" type="identity">
      <class id="UBERON:0007233" label="4 cell stage"/>
      <span end="6992" id="17083276-26691" start="6977">four-cell stage</span>
    </annotation>
    <annotation annotator="Michael Bada" id="UBERON_Instance_690660" type="identity">
      <class id="UBERON:0000922" label="embryo"/>
      <span end="7249" id="17083276-26657" start="7242">embryos</span>
    </annotation>
    <annotation annotator="Michael Bada" id="UBERON_Instance_691666" type="identity">
      <class id="UBERON:0000358" label="blastocyst"/>
      <span end="7472" id="17083276-26705" start="7461">blastocysts</span>
    </annotation>
    <annotation annotator="Michael Bada" id="UBERON_Instance_690662" type="identity">
      <class id="UBERON:0000922" label="embryo"/>
      <span end="7732" id="17083276-26659" start="7725">embryos</span>
    </annotation>
    <annotation annotator="Michael Bada" id="UBERON_Instance_691668" type="identity">
      <class id="UBERON:0007232" label="2 cell stage"/>
      <span end="7994" id="17083276-26707" start="7986">two-cell</span>
      <span end="8016" id="17083276-26708" start="8010">stages</span>
    </annotation>
    <annotation annotator="Michael Bada" id="UBERON_Instance_691670" type="identity">
      <class id="UBERON:0000358" label="blastocyst"/>
      <span end="8009" id="17083276-26710" start="7999">blastocyst</span>
    </annotation>
    <annotation annotator="Michael Bada" id="UBERON_Instance_691660" type="identity">
      <class id="UBERON:0007232" label="2 cell stage"/>
      <span end="8035" id="17083276-26698" start="8021">two-cell stage</span>
    </annotation>
    <annotation annotator="Michael Bada" id="UBERON_Instance_690664" type="identity">
      <class id="UBERON:0000922" label="embryo"/>
      <span end="8053" id="17083276-26661" start="8046">embryos</span>
    </annotation>
    <annotation annotator="Michael Bada" id="UBERON_Instance_691672" type="identity">
      <class id="UBERON:0007233" label="4 cell stage"/>
      <span end="8271" id="17083276-26712" start="8262">four-cell</span>
      <span end="8301" id="17083276-26713" start="8295">stages</span>
    </annotation>
    <annotation annotator="Michael Bada" id="UBERON_Instance_691674" type="identity">
      <class id="UBERON:0000358" label="blastocyst"/>
      <span end="8294" id="17083276-26715" start="8284">blastocyst</span>
    </annotation>
    <annotation annotator="Michael Bada" id="UBERON_Instance_691676" type="identity">
      <class id="UBERON:0007232" label="2 cell stage"/>
      <span end="8582" id="17083276-26717" start="8574">two-cell</span>
      <span end="8604" id="17083276-26718" start="8598">stages</span>
    </annotation>
    <annotation annotator="Michael Bada" id="UBERON_Instance_692150" type="identity">
      <class id="UBERON:0000358" label="blastocyst"/>
      <span end="8597" id="17083276-26760" start="8587">blastocyst</span>
    </annotation>
    <annotation annotator="Michael Bada" id="UBERON_Instance_690666" type="identity">
      <class id="UBERON:0000922" label="embryo"/>
      <span end="8629" id="17083276-26663" start="8622">embryos</span>
    </annotation>
    <annotation annotator="Michael Bada" id="UBERON_Instance_691678" type="identity">
      <class id="UBERON:0007236" label="8 cell stage"/>
      <span end="8668" id="17083276-26720" start="8662">eight-</span>
      <span end="8686" id="17083276-26721" start="8676">cell stage</span>
    </annotation>
    <annotation annotator="Michael Bada" id="UBERON_Instance_690668" type="identity">
      <class id="UBERON:0000922" label="embryo"/>
      <span end="9111" id="17083276-26665" start="9104">embryos</span>
    </annotation>
    <annotation annotator="Michael Bada" id="UBERON_Instance_691664" type="identity">
      <class id="UBERON:0007232" label="2 cell stage"/>
      <span end="9176" id="17083276-26702" start="9172">two-</span>
      <span end="9195" id="17083276-26703" start="9185">cell stage</span>
    </annotation>
    <annotation annotator="Michael Bada" id="UBERON_Instance_691662" type="identity">
      <class id="UBERON:0007233" label="4 cell stage"/>
      <span end="9195" id="17083276-26700" start="9180">four-cell stage</span>
    </annotation>
    <annotation annotator="Michael Bada" id="UBERON_Instance_690670" type="identity">
      <class id="UBERON:0000922" label="embryo"/>
      <span end="9213" id="17083276-26667" start="9206">embryos</span>
    </annotation>
    <annotation annotator="Michael Bada" id="UBERON_Instance_690672" type="identity">
      <class id="UBERON:0000922" label="embryo"/>
      <span end="9432" id="17083276-26669" start="9423">embryonic</span>
    </annotation>
    <annotation annotator="Michael Bada" id="UBERON_Instance_691680" type="identity">
      <class id="UBERON:0000358" label="blastocyst"/>
      <span end="9578" id="17083276-26723" start="9568">blastocyst</span>
    </annotation>
    <annotation annotator="Michael Bada" id="UBERON_Instance_700174" type="identity">
      <class id="UBERON:0000087" label="inner cell mass"/>
      <span end="9594" id="17083276-26780" start="9579">inner cell mass</span>
    </annotation>
    <annotation annotator="Michael Bada" id="UBERON_Instance_690674" type="identity">
      <class id="UBERON:0000922" label="embryo"/>
      <span end="9662" id="17083276-26671" start="9655">embryos</span>
    </annotation>
    <annotation annotator="Michael Bada" id="UBERON_Instance_690676" type="identity">
      <class id="UBERON:0000922" label="embryo"/>
      <span end="9722" id="17083276-26673" start="9715">embryos</span>
    </annotation>
    <annotation annotator="Michael Bada" id="UBERON_Instance_690678" type="identity">
      <class id="UBERON:0000922" label="embryo"/>
      <span end="10266" id="17083276-26675" start="10259">embryos</span>
    </annotation>
    <annotation annotator="Michael Bada" id="UBERON_Instance_690680" type="identity">
      <class id="UBERON:0000922" label="embryo"/>
      <span end="10382" id="17083276-26677" start="10373">embryonic</span>
    </annotation>
    <annotation annotator="Michael Bada" id="UBERON_Instance_690544" type="identity">
      <class id="UBERON:0019248" label="early embryo"/>
      <span end="10793" id="17083276-26581" start="10781">early embryo</span>
    </annotation>
    <annotation annotator="Michael Bada" id="UBERON_Instance_690546" type="identity">
      <class id="UBERON:0019248" label="early embryo"/>
      <span end="11688" id="17083276-26583" start="11675">early embryos</span>
    </annotation>
    <annotation annotator="Michael Bada" id="UBERON_Instance_690682" type="identity">
      <class id="UBERON:0000922" label="embryo"/>
      <span end="12537" id="17083276-26679" start="12530">embryos</span>
    </annotation>
    <annotation annotator="Michael Bada" id="UBERON_Instance_690548" type="identity">
      <class id="UBERON:0019248" label="early embryo"/>
      <span end="12633" id="17083276-26585" start="12620">early embryos</span>
    </annotation>
    <annotation annotator="Michael Bada" id="UBERON_Instance_690684" type="identity">
      <class id="UBERON:0000922" label="embryo"/>
      <span end="15687" id="17083276-26681" start="15680">embryos</span>
    </annotation>
    <annotation annotator="Michael Bada" id="UBERON_Instance_700176" type="identity">
      <class id="PATO_UBERON_EXT:female_or_bearer_of_femaleness" label="female organism/bearer of femaleness"/>
      <span end="16076" id="17083276-26782" start="16070">female</span>
    </annotation>
    <annotation annotator="Michael Bada" id="UBERON_Instance_692152" type="identity">
      <class id="UBERON:0000922" label="embryo"/>
      <span end="19471" id="17083276-26762" start="19464">embryos</span>
    </annotation>
    <annotation annotator="Michael Bada" id="UBERON_Instance_692154" type="identity">
      <class id="UBERON:0000922" label="embryo"/>
      <span end="19798" id="17083276-26764" start="19789">embryonic</span>
    </annotation>
    <annotation annotator="Michael Bada" id="UBERON_Instance_700180" type="identity">
      <class id="UBERON:0019248" label="early embryo"/>
      <span end="19834" id="17083276-26784" start="19821">early embryos</span>
    </annotation>
    <annotation annotator="Michael Bada" id="UBERON_Instance_692156" type="identity">
      <class id="UBERON:0000922" label="embryo"/>
      <span end="20516" id="17083276-26766" start="20507">embryonic</span>
    </annotation>
    <annotation annotator="Michael Bada" id="UBERON_Instance_700182" type="identity">
      <class id="UBERON:0019248" label="early embryo"/>
      <span end="20845" id="17083276-26786" start="20840">early</span>
      <span end="20859" id="17083276-26787" start="20852">embryos</span>
    </annotation>
    <annotation annotator="Michael Bada" id="UBERON_Instance_692158" type="identity">
      <class id="UBERON:0000922" label="embryo"/>
      <span end="22474" id="17083276-26768" start="22467">embryos</span>
    </annotation>
    <annotation annotator="Michael Bada" id="UBERON_Instance_691684" type="identity">
      <class id="UBERON:0000922" label="embryo"/>
      <span end="22666" id="17083276-26725" start="22657">embryonic</span>
    </annotation>
    <annotation annotator="Michael Bada" id="UBERON_Instance_700184" type="identity">
      <class id="UBERON:0000922" label="embryo"/>
      <span end="22869" id="17083276-26789" start="22862">embryos</span>
    </annotation>
    <annotation annotator="Michael Bada" id="UBERON_Instance_691686" type="identity">
      <class id="UBERON:0000922" label="embryo"/>
      <span end="23393" id="17083276-26727" start="23386">embryos</span>
    </annotation>
    <annotation annotator="Michael Bada" id="UBERON_Instance_691688" type="identity">
      <class id="UBERON:0007232" label="2 cell stage"/>
      <span end="23467" id="17083276-26729" start="23459">two-cell</span>
      <span end="23489" id="17083276-26730" start="23483">stages</span>
    </annotation>
    <annotation annotator="Michael Bada" id="UBERON_Instance_692160" type="identity">
      <class id="UBERON:0000358" label="blastocyst"/>
      <span end="23482" id="17083276-26770" start="23472">blastocyst</span>
    </annotation>
    <annotation annotator="Michael Bada" id="UBERON_Instance_700186" type="identity">
      <class id="UBERON:0000106" label="zygote stage"/>
      <span end="23640" id="17083276-26791" start="23626">one-cell stage</span>
    </annotation>
    <annotation annotator="Michael Bada" id="UBERON_Instance_691690" type="identity">
      <class id="UBERON:0019248" label="early embryo"/>
      <span end="23795" id="17083276-26732" start="23780">early embryonic</span>
    </annotation>
    <annotation annotator="Michael Bada" id="UBERON_Instance_691692" type="identity">
      <class id="UBERON:0000922" label="embryo"/>
      <span end="23820" id="17083276-26734" start="23813">embryos</span>
    </annotation>
    <annotation annotator="Michael Bada" id="UBERON_Instance_691694" type="identity">
      <class id="UBERON:0000922" label="embryo"/>
      <span end="24005" id="17083276-26736" start="23998">embryos</span>
    </annotation>
    <annotation annotator="Michael Bada" id="UBERON_Instance_700188" type="identity">
      <class id="UBERON_EXT:embryonic_stage_or_stage_part" label="embryonic stage or stage part"/>
      <span end="24145" id="17083276-26793" start="24131">embryonic life</span>
    </annotation>
    <annotation annotator="Michael Bada" id="UBERON_Instance_691698" type="identity">
      <class id="UBERON:0000922" label="embryo"/>
      <span end="24486" id="17083276-26738" start="24477">embryonic</span>
    </annotation>
    <annotation annotator="Michael Bada" id="UBERON_Instance_691700" type="identity">
      <class id="UBERON:0019248" label="early embryo"/>
      <span end="24802" id="17083276-26740" start="24789">early embryos</span>
    </annotation>
    <annotation annotator="Michael Bada" id="UBERON_Instance_691702" type="identity">
      <class id="UBERON:0000922" label="embryo"/>
      <span end="24885" id="17083276-26742" start="24878">embryos</span>
    </annotation>
    <annotation annotator="Michael Bada" id="UBERON_Instance_691704" type="identity">
      <class id="UBERON:0000358" label="blastocyst"/>
      <span end="25408" id="17083276-26744" start="25397">blastocysts</span>
    </annotation>
    <annotation annotator="Michael Bada" id="UBERON_Instance_691706" type="identity">
      <class id="UBERON:0000922" label="embryo"/>
      <span end="25420" id="17083276-26746" start="25413">embryos</span>
    </annotation>
    <annotation annotator="Michael Bada" id="UBERON_Instance_691708" type="identity">
      <class id="UBERON:0000922" label="embryo"/>
      <span end="25519" id="17083276-26748" start="25512">Embryos</span>
    </annotation>
    <annotation annotator="Michael Bada" id="UBERON_Instance_700190" type="identity">
      <class id="PATO_UBERON_EXT:female_or_bearer_of_femaleness" label="female organism/bearer of femaleness"/>
      <span end="27626" id="17083276-26795" start="27619">females</span>
    </annotation>
    <annotation annotator="Michael Bada" id="UBERON_Instance_700192" type="identity">
      <class id="PATO_UBERON_EXT:male_or_bearer_of_maleness" label="male organism/bearer of maleness"/>
      <span end="27650" id="17083276-26797" start="27645">males</span>
    </annotation>
    <annotation annotator="Michael Bada" id="UBERON_Instance_691710" type="identity">
      <class id="UBERON:0000922" label="embryo"/>
      <span end="27754" id="17083276-26750" start="27747">embryos</span>
    </annotation>
    <annotation annotator="Michael Bada" id="UBERON_Instance_692162" type="identity">
      <class id="UBERON:0000922" label="embryo"/>
      <span end="27934" id="17083276-26772" start="27927">embryos</span>
    </annotation>
    <annotation annotator="Michael Bada" id="UBERON_Instance_691712" type="identity">
      <class id="UBERON:0000086" label="zona pellucida"/>
      <span end="28007" id="17083276-26752" start="27993">zona pellucida</span>
    </annotation>
    <annotation annotator="Michael Bada" id="UBERON_Instance_691714" type="identity">
      <class id="UBERON:0000922" label="embryo"/>
      <span end="32682" id="17083276-26754" start="32673">Embryonic</span>
    </annotation>
    <annotation annotator="Michael Bada" id="UBERON_Instance_691716" type="identity">
      <class id="UBERON:0000358" label="blastocyst"/>
      <span end="33545" id="17083276-26756" start="33535">blastocyst</span>
    </annotation>
    <annotation annotator="Michael Bada" id="UBERON_Instance_690588" type="identity">
      <class id="UBERON:0000922" label="embryo"/>
      <span end="33792" id="17083276-26587" start="33783">embryonic</span>
    </annotation>
    <annotation annotator="Michael Bada" id="UBERON_Instance_690590" type="identity">
      <class id="UBERON:0000922" label="embryo"/>
      <span end="33814" id="17083276-26589" start="33805">embryonic</span>
    </annotation>
    <annotation annotator="Michael Bada" id="UBERON_Instance_690592" type="identity">
      <class id="UBERON:0000922" label="embryo"/>
      <span end="33943" id="17083276-26591" start="33934">embryonic</span>
    </annotation>
    <annotation annotator="Michael Bada" id="UBERON_Instance_690594" type="identity">
      <class id="UBERON:0000922" label="embryo"/>
      <span end="34923" id="17083276-26593" start="34916">embryos</span>
    </annotation>
    <annotation annotator="Michael Bada" id="UBERON_Instance_690596" type="identity">
      <class id="UBERON:0000922" label="embryo"/>
      <span end="35161" id="17083276-26595" start="35154">embryos</span>
    </annotation>
    <annotation annotator="Michael Bada" id="UBERON_Instance_690598" type="identity">
      <class id="UBERON:0000922" label="embryo"/>
      <span end="35238" id="17083276-26597" start="35231">embryos</span>
    </annotation>
    <annotation annotator="Michael Bada" id="UBERON_Instance_691718" type="identity">
      <class id="UBERON:0000358" label="blastocyst"/>
      <span end="35447" id="17083276-26758" start="35437">blastocyst</span>
    </annotation>
    <annotation annotator="Michael Bada" id="UBERON_Instance_690600" type="identity">
      <class id="UBERON:0000922" label="embryo"/>
      <span end="35501" id="17083276-26599" start="35495">embryo</span>
    </annotation>
    <annotation annotator="Michael Bada" id="UBERON_Instance_690602" type="identity">
      <class id="UBERON:0000922" label="embryo"/>
      <span end="35865" id="17083276-26601" start="35859">embryo</span>
    </annotation>
    <annotation annotator="Michael Bada" id="UBERON_Instance_690604" type="identity">
      <class id="UBERON:0000922" label="embryo"/>
      <span end="35994" id="17083276-26603" start="35987">embryos</span>
    </annotation>
    <annotation annotator="Michael Bada" id="UBERON_Instance_690606" type="identity">
      <class id="UBERON:0000922" label="embryo"/>
      <span end="36043" id="17083276-26605" start="36036">embryos</span>
    </annotation>
    <annotation annotator="Michael Bada" id="UBERON_Instance_690608" type="identity">
      <class id="UBERON:0000922" label="embryo"/>
      <span end="36128" id="17083276-26607" start="36121">embryos</span>
    </annotation>
    <annotation annotator="Michael Bada" id="UBERON_Instance_690610" type="identity">
      <class id="UBERON:0000922" label="embryo"/>
      <span end="36271" id="17083276-26609" start="36264">embryos</span>
    </annotation>
    <annotation annotator="Michael Bada" id="UBERON_Instance_690612" type="identity">
      <class id="UBERON:0000922" label="embryo"/>
      <span end="36293" id="17083276-26611" start="36284">embryonic</span>
    </annotation>
    <graph-space id="Old Knowtator Relations"/>
  </document>
</knowtator-project>
