<?xml version="1.0" encoding="UTF-8" standalone="no"?>
<knowtator-project>
  <document id="17447844" text-file="17447844.txt">
    <annotation annotator="Michael Bada" id="UBERON_Instance_730692" type="identity">
      <class id="PATO_UBERON_EXT:male_or_bearer_of_maleness" label="male organism/bearer of maleness"/>
      <span end="56" id="17447844-28844" start="52">Male</span>
    </annotation>
    <annotation annotator="Michael Bada" id="UBERON_Instance_730694" type="identity">
      <class id="PATO_UBERON_EXT:male_or_bearer_of_maleness" label="male organism/bearer of maleness"/>
      <span end="95" id="17447844-28846" start="91">Male</span>
    </annotation>
    <annotation annotator="Michael Bada" id="UBERON_Instance_730696" type="identity">
      <class id="PATO_UBERON_EXT:male_or_bearer_of_maleness" label="male organism/bearer of maleness"/>
      <span end="306" id="17447844-28848" start="301">males</span>
    </annotation>
    <annotation annotator="Michael Bada" id="UBERON_Instance_730698" type="identity">
      <class id="PATO_UBERON_EXT:male_or_bearer_of_maleness" label="male organism/bearer of maleness"/>
      <span end="867" id="17447844-28850" start="863">male</span>
    </annotation>
    <annotation annotator="Michael Bada" id="UBERON_Instance_730700" type="identity">
      <class id="PATO_UBERON_EXT:male_or_bearer_of_maleness" label="male organism/bearer of maleness"/>
      <span end="1712" id="17447844-28852" start="1707">males</span>
    </annotation>
    <annotation annotator="Michael Bada" id="UBERON_Instance_730702" type="identity">
      <class id="PATO_UBERON_EXT:female_or_bearer_of_femaleness" label="female organism/bearer of femaleness"/>
      <span end="2174" id="17447844-28854" start="2168">Female</span>
    </annotation>
    <annotation annotator="Michael Bada" id="UBERON_Instance_730704" type="identity">
      <class id="PATO_UBERON_EXT:male_or_bearer_of_maleness" label="male organism/bearer of maleness"/>
      <span end="2199" id="17447844-28856" start="2194">males</span>
    </annotation>
    <annotation annotator="Michael Bada" id="UBERON_Instance_730706" type="identity">
      <class id="PATO_UBERON_EXT:male_or_bearer_of_maleness" label="male organism/bearer of maleness"/>
      <span end="2299" id="17447844-28858" start="2295">male</span>
    </annotation>
    <annotation annotator="Michael Bada" id="UBERON_Instance_730708" type="identity">
      <class id="PATO_UBERON_EXT:male_or_bearer_of_maleness" label="male organism/bearer of maleness"/>
      <span end="2528" id="17447844-28860" start="2524">male</span>
    </annotation>
    <annotation annotator="Michael Bada" id="UBERON_Instance_730710" type="identity">
      <class id="PATO_UBERON_EXT:male_or_bearer_of_maleness" label="male organism/bearer of maleness"/>
      <span end="2578" id="17447844-28862" start="2574">male</span>
    </annotation>
    <annotation annotator="Michael Bada" id="UBERON_Instance_730712" type="identity">
      <class id="PATO_UBERON_EXT:female_or_bearer_of_femaleness" label="female organism/bearer of femaleness"/>
      <span end="2593" id="17447844-28864" start="2587">female</span>
    </annotation>
    <annotation annotator="Michael Bada" id="UBERON_Instance_730714" type="identity">
      <class id="UBERON:0001062" label="anatomical entity"/>
      <span end="3107" id="17447844-28866" start="3097">anatomical</span>
    </annotation>
    <annotation annotator="Michael Bada" id="UBERON_Instance_730718" type="identity">
      <class id="PATO_UBERON_EXT:female_or_bearer_of_femaleness" label="female organism/bearer of femaleness"/>
      <span end="3563" id="17447844-28868" start="3556">females</span>
    </annotation>
    <annotation annotator="Michael Bada" id="UBERON_Instance_730720" type="identity">
      <class id="PATO_UBERON_EXT:male_or_bearer_of_maleness" label="male organism/bearer of maleness"/>
      <span end="3618" id="17447844-28870" start="3613">males</span>
    </annotation>
    <annotation annotator="Michael Bada" id="UBERON_Instance_730724" type="identity">
      <class id="UBERON:0000113" label="post-juvenile adult stage"/>
      <span end="3761" id="17447844-28872" start="3751">adult life</span>
    </annotation>
    <annotation annotator="Michael Bada" id="UBERON_Instance_730726" type="identity">
      <class id="PATO_UBERON_EXT:female_or_bearer_of_femaleness" label="female organism/bearer of femaleness"/>
      <span end="3877" id="17447844-28874" start="3870">females</span>
    </annotation>
    <annotation annotator="Michael Bada" id="UBERON_Instance_730728" type="identity">
      <class id="UBERON:0000922" label="embryo"/>
      <span end="3934" id="17447844-28876" start="3928">embryo</span>
    </annotation>
    <annotation annotator="Michael Bada" id="UBERON_Instance_730730" type="identity">
      <class id="PATO_UBERON_EXT:male_or_bearer_of_maleness" label="male organism/bearer of maleness"/>
      <span end="4146" id="17447844-28878" start="4142">male</span>
    </annotation>
    <annotation annotator="Michael Bada" id="UBERON_Instance_730732" type="identity">
      <class id="PATO_UBERON_EXT:female_or_bearer_of_femaleness" label="female organism/bearer of femaleness"/>
      <span end="4227" id="17447844-28880" start="4220">females</span>
    </annotation>
    <annotation annotator="Michael Bada" id="UBERON_Instance_730734" type="identity">
      <class id="PATO_UBERON_EXT:female_or_bearer_of_femaleness" label="female organism/bearer of femaleness"/>
      <span end="4239" id="17447844-28882" start="4232">females</span>
    </annotation>
    <annotation annotator="Michael Bada" id="UBERON_Instance_730736" type="identity">
      <class id="PATO_UBERON_EXT:male_or_bearer_of_maleness" label="male organism/bearer of maleness"/>
      <span end="4340" id="17447844-28884" start="4336">male</span>
    </annotation>
    <annotation annotator="Michael Bada" id="UBERON_Instance_730738" type="identity">
      <class id="PATO_UBERON_EXT:female_or_bearer_of_femaleness" label="female organism/bearer of femaleness"/>
      <span end="4592" id="17447844-28886" start="4585">females</span>
    </annotation>
    <annotation annotator="Michael Bada" id="UBERON_Instance_730740" type="identity">
      <class id="PATO_UBERON_EXT:male_or_bearer_of_maleness" label="male organism/bearer of maleness"/>
      <span end="4787" id="17447844-28888" start="4782">males</span>
    </annotation>
    <annotation annotator="Michael Bada" id="UBERON_Instance_730742" type="identity">
      <class id="PATO_UBERON_EXT:male_or_bearer_of_maleness" label="male organism/bearer of maleness"/>
      <span end="4958" id="17447844-28890" start="4953">males</span>
    </annotation>
    <annotation annotator="Michael Bada" id="UBERON_Instance_730744" type="identity">
      <class id="PATO_UBERON_EXT:female_or_bearer_of_femaleness" label="female organism/bearer of femaleness"/>
      <span end="4974" id="17447844-28892" start="4967">females</span>
    </annotation>
    <annotation annotator="Michael Bada" id="UBERON_Instance_730746" type="identity">
      <class id="PATO_UBERON_EXT:female_or_bearer_of_femaleness" label="female organism/bearer of femaleness"/>
      <span end="5265" id="17447844-28894" start="5258">females</span>
    </annotation>
    <annotation annotator="Michael Bada" id="UBERON_Instance_730748" type="identity">
      <class id="PATO_UBERON_EXT:male_or_bearer_of_maleness" label="male organism/bearer of maleness"/>
      <span end="5280" id="17447844-28896" start="5276">male</span>
    </annotation>
    <annotation annotator="Michael Bada" id="UBERON_Instance_730750" type="identity">
      <class id="PATO_UBERON_EXT:male_or_bearer_of_maleness" label="male organism/bearer of maleness"/>
      <span end="5834" id="17447844-28898" start="5830">male</span>
    </annotation>
    <annotation annotator="Michael Bada" id="UBERON_Instance_730752" type="identity">
      <class id="UBERON_EXT:body" label="body (proper or whole multicellular organism)"/>
      <span end="6685" id="17447844-28900" start="6681">body</span>
    </annotation>
    <annotation annotator="Michael Bada" id="UBERON_Instance_730754" type="identity">
      <class id="PATO_UBERON_EXT:male_or_bearer_of_maleness" label="male organism/bearer of maleness"/>
      <span end="7232" id="17447844-28902" start="7228">male</span>
    </annotation>
    <annotation annotator="Michael Bada" id="UBERON_Instance_730756" type="identity">
      <class id="PATO_UBERON_EXT:male_or_bearer_of_maleness" label="male organism/bearer of maleness"/>
      <span end="7735" id="17447844-28904" start="7731">male</span>
    </annotation>
    <annotation annotator="Michael Bada" id="UBERON_Instance_730758" type="identity">
      <class id="UBERON:0005294" label="genital ridge"/>
      <span end="7750" id="17447844-28906" start="7736">genital ridges</span>
    </annotation>
    <annotation annotator="Michael Bada" id="UBERON_Instance_730760" type="identity">
      <class id="UBERON:0007023" label="adult organism"/>
      <span end="7760" id="17447844-28908" start="7755">adult</span>
    </annotation>
    <annotation annotator="Michael Bada" id="UBERON_Instance_730762" type="identity">
      <class id="UBERON:0000473" label="testis"/>
      <span end="7767" id="17447844-28910" start="7761">testis</span>
    </annotation>
    <annotation annotator="Michael Bada" id="UBERON_Instance_730764" type="identity">
      <class id="UBERON:0000473" label="testis"/>
      <span end="7876" id="17447844-28912" start="7870">testis</span>
    </annotation>
    <annotation annotator="Michael Bada" id="UBERON_Instance_730766" type="identity">
      <class id="UBERON:0000473" label="testis"/>
      <span end="8025" id="17447844-28914" start="8015">testicular</span>
    </annotation>
    <annotation annotator="Michael Bada" id="UBERON_Instance_730768" type="identity">
      <class id="UBERON:0000473" label="testis"/>
      <span end="8160" id="17447844-28916" start="8154">testis</span>
    </annotation>
    <annotation annotator="Michael Bada" id="UBERON_Instance_730770" type="identity">
      <class id="PATO_UBERON_EXT:female_or_bearer_of_femaleness" label="female organism/bearer of femaleness"/>
      <span end="8233" id="17447844-28918" start="8227">Female</span>
    </annotation>
    <annotation annotator="Michael Bada" id="UBERON_Instance_730772" type="identity">
      <class id="UBERON_EXT:follicle" label="follicle"/>
      <span end="8280" id="17447844-28920" start="8271">follicles</span>
    </annotation>
    <annotation annotator="Michael Bada" id="UBERON_Instance_730774" type="identity">
      <class id="UBERON:0000991" label="gonad"/>
      <span end="8336" id="17447844-28922" start="8329">gonadal</span>
    </annotation>
    <annotation annotator="Michael Bada" id="UBERON_Instance_730776" type="identity">
      <class id="UBERON:0000991" label="gonad"/>
      <span end="8757" id="17447844-28924" start="8752">gonad</span>
    </annotation>
    <annotation annotator="Michael Bada" id="UBERON_Instance_730778" type="identity">
      <class id="PATO_UBERON_EXT:male_or_bearer_of_maleness" label="male organism/bearer of maleness"/>
      <span end="8993" id="17447844-28926" start="8989">male</span>
    </annotation>
    <annotation annotator="Michael Bada" id="UBERON_Instance_730780" type="identity">
      <class id="PATO_UBERON_EXT:male_or_bearer_of_maleness" label="male organism/bearer of maleness"/>
      <span end="9141" id="17447844-28928" start="9136">males</span>
    </annotation>
    <annotation annotator="Michael Bada" id="UBERON_Instance_730782" type="identity">
      <class id="PATO_UBERON_EXT:female_or_bearer_of_femaleness" label="female organism/bearer of femaleness"/>
      <span end="9235" id="17447844-28930" start="9228">females</span>
    </annotation>
    <annotation annotator="Michael Bada" id="UBERON_Instance_730784" type="identity">
      <class id="PATO_UBERON_EXT:male_or_bearer_of_maleness" label="male organism/bearer of maleness"/>
      <span end="9408" id="17447844-28932" start="9404">male</span>
    </annotation>
    <annotation annotator="Michael Bada" id="UBERON_Instance_730786" type="identity">
      <class id="UBERON:0000473" label="testis"/>
      <span end="9544" id="17447844-28934" start="9538">Testis</span>
    </annotation>
    <annotation annotator="Michael Bada" id="UBERON_Instance_730788" type="identity">
      <class id="UBERON:0000991" label="gonad"/>
      <span end="9690" id="17447844-28936" start="9684">gonads</span>
    </annotation>
    <annotation annotator="Michael Bada" id="UBERON_Instance_730790" type="identity">
      <class id="UBERON:0000992" label="female gonad"/>
      <span end="9732" id="17447844-28938" start="9727">ovary</span>
    </annotation>
    <annotation annotator="Michael Bada" id="UBERON_Instance_730792" type="identity">
      <class id="UBERON:0000473" label="testis"/>
      <span end="9943" id="17447844-28940" start="9937">testis</span>
    </annotation>
    <annotation annotator="Michael Bada" id="UBERON_Instance_730794" type="identity">
      <class id="UBERON:0007023" label="adult organism"/>
      <span end="10005" id="17447844-28942" start="10000">adult</span>
    </annotation>
    <annotation annotator="Michael Bada" id="UBERON_Instance_730796" type="identity">
      <class id="UBERON:0007023" label="adult organism"/>
      <span end="10096" id="17447844-28944" start="10091">adult</span>
    </annotation>
    <annotation annotator="Michael Bada" id="UBERON_Instance_730798" type="identity">
      <class id="UBERON:0000062" label="organ"/>
      <span end="10103" id="17447844-28946" start="10097">organs</span>
    </annotation>
    <annotation annotator="Michael Bada" id="UBERON_Instance_730800" type="identity">
      <class id="UBERON:0000473" label="testis"/>
      <span end="10159" id="17447844-28948" start="10153">testis</span>
    </annotation>
    <annotation annotator="Michael Bada" id="UBERON_Instance_730802" type="identity">
      <class id="UBERON:0000948" label="heart"/>
      <span end="10194" id="17447844-28950" start="10189">heart</span>
    </annotation>
    <annotation annotator="Michael Bada" id="UBERON_Instance_730804" type="identity">
      <class id="UBERON:0000479" label="tissue"/>
      <span end="10223" id="17447844-28952" start="10217">tissue</span>
    </annotation>
    <annotation annotator="Michael Bada" id="UBERON_Instance_730806" type="identity">
      <class id="UBERON:0000473" label="testis"/>
      <span end="10315" id="17447844-28954" start="10309">testis</span>
    </annotation>
    <annotation annotator="Michael Bada" id="UBERON_Instance_730808" type="identity">
      <class id="UBERON:0000062" label="organ"/>
      <span end="10609" id="17447844-28956" start="10603">organs</span>
    </annotation>
    <annotation annotator="Michael Bada" id="UBERON_Instance_730810" type="identity">
      <class id="UBERON:0007023" label="adult organism"/>
      <span end="10618" id="17447844-28958" start="10613">adult</span>
    </annotation>
    <annotation annotator="Michael Bada" id="UBERON_Instance_730812" type="identity">
      <class id="UBERON:0000062" label="organ"/>
      <span end="10646" id="17447844-28960" start="10641">organ</span>
    </annotation>
    <annotation annotator="Michael Bada" id="UBERON_Instance_730814" type="identity">
      <class id="UBERON:0000473" label="testis"/>
      <span end="10825" id="17447844-28962" start="10819">testis</span>
    </annotation>
    <annotation annotator="Michael Bada" id="UBERON_Instance_730816" type="identity">
      <class id="UBERON:0000473" label="testis"/>
      <span end="10945" id="17447844-28964" start="10939">testis</span>
    </annotation>
    <annotation annotator="Michael Bada" id="UBERON_Instance_730818" type="identity">
      <class id="PATO_UBERON_EXT:male_or_bearer_of_maleness" label="male organism/bearer of maleness"/>
      <span end="10973" id="17447844-28966" start="10969">male</span>
    </annotation>
    <annotation annotator="Michael Bada" id="UBERON_Instance_730820" type="identity">
      <class id="GO_UBERON_EXT:cellular_component_or_cell_part" label="cell component/part"/>
      <span end="11052" id="17447844-28968" start="11041">subcellular</span>
    </annotation>
    <annotation annotator="Michael Bada" id="UBERON_Instance_730822" type="identity">
      <class id="UBERON:0000473" label="testis"/>
      <span end="11084" id="17447844-28970" start="11078">Testis</span>
    </annotation>
    <annotation annotator="Michael Bada" id="UBERON_Instance_730824" type="identity">
      <class id="PATO_UBERON_EXT:male_or_bearer_of_maleness" label="male organism/bearer of maleness"/>
      <span end="11112" id="17447844-28972" start="11108">male</span>
    </annotation>
    <annotation annotator="Michael Bada" id="UBERON_Instance_730826" type="identity">
      <class id="UBERON:0001977" label="serum"/>
      <span end="11638" id="17447844-28974" start="11634">sera</span>
    </annotation>
    <annotation annotator="Michael Bada" id="UBERON_Instance_730828" type="identity">
      <class id="UBERON:0000025" label="tube"/>
      <span end="11942" id="17447844-28976" start="11935">tubular</span>
    </annotation>
    <annotation annotator="Michael Bada" id="UBERON_Instance_730830" type="identity">
      <class id="PATO_UBERON_EXT:male_or_bearer_of_maleness" label="male organism/bearer of maleness"/>
      <span end="12621" id="17447844-28978" start="12617">male</span>
    </annotation>
    <annotation annotator="Michael Bada" id="UBERON_Instance_730832" type="identity">
      <class id="UBERON:0000473" label="testis"/>
      <span end="12717" id="17447844-28980" start="12711">testis</span>
    </annotation>
    <annotation annotator="Michael Bada" id="UBERON_Instance_730834" type="identity">
      <class id="UBERON:0000483" label="epithelium"/>
      <span end="13212" id="17447844-28982" start="13202">epithelial</span>
    </annotation>
    <annotation annotator="Michael Bada" id="UBERON_Instance_730836" type="identity">
      <class id="UBERON:0000483" label="epithelium"/>
      <span end="13644" id="17447844-28984" start="13634">epithelial</span>
    </annotation>
    <annotation annotator="Michael Bada" id="UBERON_Instance_730838" type="identity">
      <class id="UBERON:0000922" label="embryo"/>
      <span end="13871" id="17447844-28986" start="13862">embryonic</span>
    </annotation>
    <annotation annotator="Michael Bada" id="UBERON_Instance_730840" type="identity">
      <class id="UBERON:0000358" label="blastocyst"/>
      <span end="14720" id="17447844-28988" start="14709">blastocysts</span>
    </annotation>
    <annotation annotator="Michael Bada" id="UBERON_Instance_730842" type="identity">
      <class id="UBERON:0000473" label="testis"/>
      <span end="15141" id="17447844-28990" start="15135">testes</span>
    </annotation>
    <annotation annotator="Michael Bada" id="UBERON_Instance_730844" type="identity">
      <class id="UBERON:0000473" label="testis"/>
      <span end="15232" id="17447844-28992" start="15226">testes</span>
    </annotation>
    <annotation annotator="Michael Bada" id="UBERON_Instance_730846" type="identity">
      <class id="UBERON:0000473" label="testis"/>
      <span end="15367" id="17447844-28994" start="15361">testes</span>
    </annotation>
    <annotation annotator="Michael Bada" id="UBERON_Instance_730848" type="identity">
      <class id="PATO_UBERON_EXT:male_or_bearer_of_maleness" label="male organism/bearer of maleness"/>
      <span end="15396" id="17447844-28996" start="15392">Male</span>
    </annotation>
    <annotation annotator="Michael Bada" id="UBERON_Instance_730850" type="identity">
      <class id="PATO_UBERON_EXT:female_or_bearer_of_femaleness" label="female organism/bearer of femaleness"/>
      <span end="15411" id="17447844-28998" start="15405">Female</span>
    </annotation>
    <annotation annotator="Michael Bada" id="UBERON_Instance_730852" type="identity">
      <class id="PATO_UBERON_EXT:male_or_bearer_of_maleness" label="male organism/bearer of maleness"/>
      <span end="15553" id="17447844-29000" start="15549">Male</span>
    </annotation>
    <annotation annotator="Michael Bada" id="UBERON_Instance_730854" type="identity">
      <class id="PATO_UBERON_EXT:female_or_bearer_of_femaleness" label="female organism/bearer of femaleness"/>
      <span end="15564" id="17447844-29002" start="15558">female</span>
    </annotation>
    <annotation annotator="Michael Bada" id="UBERON_Instance_730856" type="identity">
      <class id="UBERON:0000113" label="post-juvenile adult stage"/>
      <span end="15614" id="17447844-29004" start="15605">adulthood</span>
    </annotation>
    <annotation annotator="Michael Bada" id="UBERON_Instance_730858" type="identity">
      <class id="PATO_UBERON_EXT:female_or_bearer_of_femaleness" label="female organism/bearer of femaleness"/>
      <span end="15669" id="17447844-29006" start="15663">Female</span>
    </annotation>
    <annotation annotator="Michael Bada" id="UBERON_Instance_730860" type="identity">
      <class id="UBERON:0000992" label="female gonad"/>
      <span end="15755" id="17447844-29008" start="15748">ovarian</span>
    </annotation>
    <annotation annotator="Michael Bada" id="UBERON_Instance_730862" type="identity">
      <class id="PATO_UBERON_EXT:male_or_bearer_of_maleness" label="male organism/bearer of maleness"/>
      <span end="15867" id="17447844-29010" start="15862">males</span>
    </annotation>
    <annotation annotator="Michael Bada" id="UBERON_Instance_730864" type="identity">
      <class id="UBERON:0000473" label="testis"/>
      <span end="15908" id="17447844-29012" start="15902">testes</span>
    </annotation>
    <annotation annotator="Michael Bada" id="UBERON_Instance_731078" type="identity">
      <class id="UBERON:0007023" label="adult organism"/>
      <span end="15979" id="17447844-29226" start="15974">adult</span>
    </annotation>
    <annotation annotator="Michael Bada" id="UBERON_Instance_730866" type="identity">
      <class id="UBERON:0000473" label="testis"/>
      <span end="16038" id="17447844-29014" start="16032">testis</span>
    </annotation>
    <annotation annotator="Michael Bada" id="UBERON_Instance_730868" type="identity">
      <class id="UBERON:0000473" label="testis"/>
      <span end="16098" id="17447844-29016" start="16092">testes</span>
    </annotation>
    <annotation annotator="Michael Bada" id="UBERON_Instance_730870" type="identity">
      <class id="UBERON:0000473" label="testis"/>
      <span end="16223" id="17447844-29018" start="16217">testes</span>
    </annotation>
    <annotation annotator="Michael Bada" id="UBERON_Instance_730872" type="identity">
      <class id="UBERON:0000473" label="testis"/>
      <span end="16269" id="17447844-29020" start="16263">testis</span>
    </annotation>
    <annotation annotator="Michael Bada" id="UBERON_Instance_730874" type="identity">
      <class id="UBERON:0000473" label="testis"/>
      <span end="16469" id="17447844-29022" start="16463">testes</span>
    </annotation>
    <annotation annotator="Michael Bada" id="UBERON_Instance_730876" type="identity">
      <class id="UBERON:0000473" label="testis"/>
      <span end="16611" id="17447844-29024" start="16605">testes</span>
    </annotation>
    <annotation annotator="Michael Bada" id="UBERON_Instance_730878" type="identity">
      <class id="UBERON:0001301" label="epididymis"/>
      <span end="16806" id="17447844-29026" start="16796">epididymal</span>
    </annotation>
    <annotation annotator="Michael Bada" id="UBERON_Instance_730880" type="identity">
      <class id="UBERON:0000025" label="tube"/>
      <span end="17016" id="17447844-29028" start="17009">tubules</span>
    </annotation>
    <annotation annotator="Michael Bada" id="UBERON_Instance_730882" type="identity">
      <class id="UBERON:0000025" label="tube"/>
      <span end="17163" id="17447844-29030" start="17156">tubules</span>
    </annotation>
    <annotation annotator="Michael Bada" id="UBERON_Instance_730884" type="identity">
      <class id="UBERON:0000473" label="testis"/>
      <span end="17304" id="17447844-29032" start="17298">Testis</span>
    </annotation>
    <annotation annotator="Michael Bada" id="UBERON_Instance_730886" type="identity">
      <class id="UBERON:0000473" label="testis"/>
      <span end="17385" id="17447844-29034" start="17379">Testes</span>
    </annotation>
    <annotation annotator="Michael Bada" id="UBERON_Instance_730888" type="identity">
      <class id="UBERON:0000473" label="testis"/>
      <span end="17497" id="17447844-29036" start="17491">testes</span>
    </annotation>
    <annotation annotator="Michael Bada" id="UBERON_Instance_730890" type="identity">
      <class id="UBERON:0000025" label="tube"/>
      <span end="17713" id="17447844-29038" start="17706">tubules</span>
    </annotation>
    <annotation annotator="Michael Bada" id="UBERON_Instance_730892" type="identity">
      <class id="UBERON:0000025" label="tube"/>
      <span end="17859" id="17447844-29040" start="17852">tubules</span>
    </annotation>
    <annotation annotator="Michael Bada" id="UBERON_Instance_730894" type="identity">
      <class id="UBERON:0000473" label="testis"/>
      <span end="17968" id="17447844-29042" start="17962">testes</span>
    </annotation>
    <annotation annotator="Michael Bada" id="UBERON_Instance_730896" type="identity">
      <class id="UBERON:0000473" label="testis"/>
      <span end="17976" id="17447844-29044" start="17970">Testes</span>
    </annotation>
    <annotation annotator="Michael Bada" id="UBERON_Instance_730898" type="identity">
      <class id="UBERON:0000473" label="testis"/>
      <span end="18091" id="17447844-29046" start="18085">Testis</span>
    </annotation>
    <annotation annotator="Michael Bada" id="UBERON_Instance_730900" type="identity">
      <class id="UBERON:0001343" label="seminiferous tubule of testis"/>
      <span end="18212" id="17447844-29048" start="18192">seminiferous tubules</span>
    </annotation>
    <annotation annotator="Michael Bada" id="UBERON_Instance_730902" type="identity">
      <class id="UBERON:0000473" label="testis"/>
      <span end="18326" id="17447844-29050" start="18320">testes</span>
    </annotation>
    <annotation annotator="Michael Bada" id="UBERON_Instance_730904" type="identity">
      <class id="UBERON:0000473" label="testis"/>
      <span end="18473" id="17447844-29052" start="18467">testes</span>
    </annotation>
    <annotation annotator="Michael Bada" id="UBERON_Instance_730906" type="identity">
      <class id="UBERON:0000025" label="tube"/>
      <span end="18575" id="17447844-29054" start="18569">tubule</span>
    </annotation>
    <annotation annotator="Michael Bada" id="UBERON_Instance_730908" type="identity">
      <class id="UBERON:0000473" label="testis"/>
      <span end="18780" id="17447844-29056" start="18774">testes</span>
    </annotation>
    <annotation annotator="Michael Bada" id="UBERON_Instance_730910" type="identity">
      <class id="UBERON:0000025" label="tube"/>
      <span end="18868" id="17447844-29058" start="18861">tubules</span>
    </annotation>
    <annotation annotator="Michael Bada" id="UBERON_Instance_730912" type="identity">
      <class id="UBERON:0001343" label="seminiferous tubule of testis"/>
      <span end="18952" id="17447844-29060" start="18933">seminiferous tubule</span>
    </annotation>
    <annotation annotator="Michael Bada" id="UBERON_Instance_730914" type="identity">
      <class id="UBERON:0000473" label="testis"/>
      <span end="19061" id="17447844-29062" start="19055">testes</span>
    </annotation>
    <annotation annotator="Michael Bada" id="UBERON_Instance_731076" type="identity">
      <class id="PATO_UBERON_EXT:male_or_bearer_of_maleness" label="male organism/bearer of maleness"/>
      <span end="19435" id="17447844-29224" start="19431">male</span>
    </annotation>
    <annotation annotator="Michael Bada" id="UBERON_Instance_730918" type="identity">
      <class id="UBERON:0007023" label="adult organism"/>
      <span end="19605" id="17447844-29066" start="19600">adult</span>
    </annotation>
    <annotation annotator="Michael Bada" id="UBERON_Instance_730916" type="identity">
      <class id="UBERON:0000473" label="testis"/>
      <span end="19612" id="17447844-29064" start="19606">testis</span>
    </annotation>
    <annotation annotator="Michael Bada" id="UBERON_Instance_730920" type="identity">
      <class id="UBERON:0000025" label="tube"/>
      <span end="19778" id="17447844-29068" start="19771">tubules</span>
    </annotation>
    <annotation annotator="Michael Bada" id="UBERON_Instance_730922" type="identity">
      <class id="UBERON:0000473" label="testis"/>
      <span end="19933" id="17447844-29070" start="19927">testes</span>
    </annotation>
    <annotation annotator="Michael Bada" id="UBERON_Instance_730924" type="identity">
      <class id="UBERON:0000025" label="tube"/>
      <span end="20101" id="17447844-29072" start="20094">tubules</span>
    </annotation>
    <annotation annotator="Michael Bada" id="UBERON_Instance_730926" type="identity">
      <class id="UBERON:0000473" label="testis"/>
      <span end="20333" id="17447844-29074" start="20327">testes</span>
    </annotation>
    <annotation annotator="Michael Bada" id="UBERON_Instance_730928" type="identity">
      <class id="UBERON:0000473" label="testis"/>
      <span end="20922" id="17447844-29076" start="20916">Testis</span>
    </annotation>
    <annotation annotator="Michael Bada" id="UBERON_Instance_730930" type="identity">
      <class id="UBERON:0000473" label="testis"/>
      <span end="21355" id="17447844-29078" start="21349">testis</span>
    </annotation>
    <annotation annotator="Michael Bada" id="UBERON_Instance_730932" type="identity">
      <class id="UBERON:0000473" label="testis"/>
      <span end="21416" id="17447844-29080" start="21410">Testis</span>
    </annotation>
    <annotation annotator="Michael Bada" id="UBERON_Instance_730934" type="identity">
      <class id="UBERON:0000473" label="testis"/>
      <span end="21546" id="17447844-29082" start="21540">testes</span>
    </annotation>
    <annotation annotator="Michael Bada" id="UBERON_Instance_730936" type="identity">
      <class id="UBERON:0000473" label="testis"/>
      <span end="21896" id="17447844-29084" start="21890">testes</span>
    </annotation>
    <annotation annotator="Michael Bada" id="UBERON_Instance_730938" type="identity">
      <class id="PATO_UBERON_EXT:male_or_bearer_of_maleness" label="male organism/bearer of maleness"/>
      <span end="22960" id="17447844-29086" start="22955">males</span>
    </annotation>
    <annotation annotator="Michael Bada" id="UBERON_Instance_730940" type="identity">
      <class id="UBERON:0000473" label="testis"/>
      <span end="23068" id="17447844-29088" start="23058">Testicular</span>
    </annotation>
    <annotation annotator="Michael Bada" id="UBERON_Instance_730942" type="identity">
      <class id="UBERON:0000473" label="testis"/>
      <span end="23459" id="17447844-29090" start="23449">Testicular</span>
    </annotation>
    <annotation annotator="Michael Bada" id="UBERON_Instance_730944" type="identity">
      <class id="PATO_UBERON_EXT:male_or_bearer_of_maleness" label="male organism/bearer of maleness"/>
      <span end="24021" id="17447844-29092" start="24017">male</span>
    </annotation>
    <annotation annotator="Michael Bada" id="UBERON_Instance_730946" type="identity">
      <class id="UBERON:0000473" label="testis"/>
      <span end="24482" id="17447844-29094" start="24476">testes</span>
    </annotation>
    <annotation annotator="Michael Bada" id="UBERON_Instance_730948" type="identity">
      <class id="UBERON:0000025" label="tube"/>
      <span end="24512" id="17447844-29096" start="24505">tubules</span>
    </annotation>
    <annotation annotator="Nicole Vasilevsky" id="UBERON_Instance_840086" type="identity">
      <class id="GO_UBERON_EXT:basement_membrane" label="basement membrane"/>
      <span end="24623" id="17447844-29234" start="24606">basement membrane</span>
    </annotation>
    <annotation annotator="Michael Bada" id="UBERON_Instance_730950" type="identity">
      <class id="UBERON:0000025" label="tube"/>
      <span end="24652" id="17447844-29098" start="24645">tubules</span>
    </annotation>
    <annotation annotator="Nicole Vasilevsky" id="UBERON_Instance_840088" type="identity">
      <class id="GO_UBERON_EXT:basement_membrane" label="basement membrane"/>
      <span end="24744" id="17447844-29236" start="24730">basal membrane</span>
    </annotation>
    <annotation annotator="Michael Bada" id="UBERON_Instance_730952" type="identity">
      <class id="UBERON:0000473" label="testis"/>
      <span end="24868" id="17447844-29100" start="24862">Testes</span>
    </annotation>
    <annotation annotator="Michael Bada" id="UBERON_Instance_730954" type="identity">
      <class id="UBERON:0000473" label="testis"/>
      <span end="24880" id="17447844-29102" start="24874">Testes</span>
    </annotation>
    <annotation annotator="Michael Bada" id="UBERON_Instance_730956" type="identity">
      <class id="UBERON:0000473" label="testis"/>
      <span end="24988" id="17447844-29104" start="24982">testis</span>
    </annotation>
    <annotation annotator="Michael Bada" id="UBERON_Instance_730958" type="identity">
      <class id="UBERON:0000473" label="testis"/>
      <span end="25143" id="17447844-29106" start="25137">testis</span>
    </annotation>
    <annotation annotator="Nicole Vasilevsky" id="UBERON_Instance_840090" type="identity">
      <class id="GO_UBERON_EXT:basement_membrane" label="basement membrane"/>
      <span end="25274" id="17447844-29238" start="25260">basal membrane</span>
    </annotation>
    <annotation annotator="Michael Bada" id="UBERON_Instance_730960" type="identity">
      <class id="UBERON:0000025" label="tube"/>
      <span end="25344" id="17447844-29108" start="25337">tubules</span>
    </annotation>
    <annotation annotator="Nicole Vasilevsky" id="UBERON_Instance_840092" type="identity">
      <class id="GO_UBERON_EXT:basement_membrane" label="basement membrane"/>
      <span end="25413" id="17447844-29240" start="25398">basal membranes</span>
    </annotation>
    <annotation annotator="Michael Bada" id="UBERON_Instance_730962" type="identity">
      <class id="UBERON:0000473" label="testis"/>
      <span end="25426" id="17447844-29110" start="25420">Testis</span>
    </annotation>
    <annotation annotator="Michael Bada" id="UBERON_Instance_730964" type="identity">
      <class id="UBERON:0000473" label="testis"/>
      <span end="25620" id="17447844-29112" start="25614">testis</span>
    </annotation>
    <annotation annotator="Michael Bada" id="UBERON_Instance_730966" type="identity">
      <class id="UBERON:0000473" label="testis"/>
      <span end="25633" id="17447844-29114" start="25627">Testis</span>
    </annotation>
    <annotation annotator="Michael Bada" id="UBERON_Instance_730968" type="identity">
      <class id="UBERON:0001135" label="smooth muscle tissue"/>
      <span end="25744" id="17447844-29116" start="25731">smooth muscle</span>
    </annotation>
    <annotation annotator="Michael Bada" id="UBERON_Instance_730970" type="identity">
      <class id="UBERON:0001343" label="seminiferous tubule of testis"/>
      <span end="25783" id="17447844-29118" start="25763">seminiferous tubules</span>
    </annotation>
    <annotation annotator="Nicole Vasilevsky" id="UBERON_Instance_840094" type="identity">
      <class id="GO_UBERON_EXT:basement_membrane" label="basement membrane"/>
      <span end="25860" id="17447844-29242" start="25846">basal membrane</span>
    </annotation>
    <annotation annotator="Michael Bada" id="UBERON_Instance_730972" type="identity">
      <class id="UBERON:0000473" label="testis"/>
      <span end="25943" id="17447844-29120" start="25937">testes</span>
    </annotation>
    <annotation annotator="Michael Bada" id="UBERON_Instance_730974" type="identity">
      <class id="UBERON:0000473" label="testis"/>
      <span end="26445" id="17447844-29122" start="26435">Testicular</span>
    </annotation>
    <annotation annotator="Michael Bada" id="UBERON_Instance_730976" type="identity">
      <class id="UBERON:0000473" label="testis"/>
      <span end="26633" id="17447844-29124" start="26627">testes</span>
    </annotation>
    <annotation annotator="Nicole Vasilevsky" id="UBERON_Instance_840096" type="identity">
      <class id="GO_UBERON_EXT:basement_membrane" label="basement membrane"/>
      <span end="26847" id="17447844-29244" start="26830">basement membrane</span>
    </annotation>
    <annotation annotator="Michael Bada" id="UBERON_Instance_730978" type="identity">
      <class id="UBERON:0000473" label="testis"/>
      <span end="28279" id="17447844-29126" start="28273">testes</span>
    </annotation>
    <annotation annotator="Michael Bada" id="UBERON_Instance_730980" type="identity">
      <class id="UBERON:0000473" label="testis"/>
      <span end="28351" id="17447844-29128" start="28345">testis</span>
    </annotation>
    <annotation annotator="Michael Bada" id="UBERON_Instance_730982" type="identity">
      <class id="UBERON:0000025" label="tube"/>
      <span end="28788" id="17447844-29130" start="28781">tubules</span>
    </annotation>
    <annotation annotator="Michael Bada" id="UBERON_Instance_730984" type="identity">
      <class id="UBERON:0000119" label="cell layer"/>
      <span end="28828" id="17447844-29132" start="28813">layers of cells</span>
    </annotation>
    <annotation annotator="Michael Bada" id="UBERON_Instance_730986" type="identity">
      <class id="UBERON:0000119" label="cell layer"/>
      <span end="28914" id="17447844-29134" start="28900">layer of cells</span>
    </annotation>
    <annotation annotator="Michael Bada" id="UBERON_Instance_730988" type="identity">
      <class id="UBERON:0000473" label="testis"/>
      <span end="29148" id="17447844-29136" start="29142">testes</span>
    </annotation>
    <annotation annotator="Michael Bada" id="UBERON_Instance_730990" type="identity">
      <class id="UBERON:0000473" label="testis"/>
      <span end="29699" id="17447844-29138" start="29689">Testicular</span>
    </annotation>
    <annotation annotator="Michael Bada" id="UBERON_Instance_730992" type="identity">
      <class id="UBERON:0000473" label="testis"/>
      <span end="29879" id="17447844-29140" start="29873">Testes</span>
    </annotation>
    <annotation annotator="Michael Bada" id="UBERON_Instance_730994" type="identity">
      <class id="UBERON:0000473" label="testis"/>
      <span end="29962" id="17447844-29142" start="29956">Testes</span>
    </annotation>
    <annotation annotator="Michael Bada" id="UBERON_Instance_730996" type="identity">
      <class id="UBERON:0000473" label="testis"/>
      <span end="30119" id="17447844-29144" start="30113">testes</span>
    </annotation>
    <annotation annotator="Michael Bada" id="UBERON_Instance_730998" type="identity">
      <class id="UBERON:0001343" label="seminiferous tubule of testis"/>
      <span end="31152" id="17447844-29146" start="31132">seminiferous tubules</span>
    </annotation>
    <annotation annotator="Michael Bada" id="UBERON_Instance_731000" type="identity">
      <class id="PATO_UBERON_EXT:male_or_bearer_of_maleness" label="male organism/bearer of maleness"/>
      <span end="36615" id="17447844-29148" start="36611">male</span>
    </annotation>
    <annotation annotator="Michael Bada" id="UBERON_Instance_731002" type="identity">
      <class id="PATO_UBERON_EXT:female_or_bearer_of_femaleness" label="female organism/bearer of femaleness"/>
      <span end="36688" id="17447844-29150" start="36682">female</span>
    </annotation>
    <annotation annotator="Michael Bada" id="UBERON_Instance_731004" type="identity">
      <class id="PATO_UBERON_EXT:male_or_bearer_of_maleness" label="male organism/bearer of maleness"/>
      <span end="36708" id="17447844-29152" start="36703">males</span>
    </annotation>
    <annotation annotator="Michael Bada" id="UBERON_Instance_731006" type="identity">
      <class id="PATO_UBERON_EXT:male_or_bearer_of_maleness" label="male organism/bearer of maleness"/>
      <span end="36886" id="17447844-29154" start="36882">male</span>
    </annotation>
    <annotation annotator="Michael Bada" id="UBERON_Instance_731008" type="identity">
      <class id="PATO_UBERON_EXT:male_or_bearer_of_maleness" label="male organism/bearer of maleness"/>
      <span end="37539" id="17447844-29156" start="37535">male</span>
    </annotation>
    <annotation annotator="Michael Bada" id="UBERON_Instance_731010" type="identity">
      <class id="PATO_UBERON_EXT:male_or_bearer_of_maleness" label="male organism/bearer of maleness"/>
      <span end="37655" id="17447844-29158" start="37651">male</span>
    </annotation>
    <annotation annotator="Michael Bada" id="UBERON_Instance_731012" type="identity">
      <class id="PATO_UBERON_EXT:male_or_bearer_of_maleness" label="male organism/bearer of maleness"/>
      <span end="39226" id="17447844-29160" start="39222">male</span>
    </annotation>
    <annotation annotator="Michael Bada" id="UBERON_Instance_731014" type="identity">
      <class id="PATO_UBERON_EXT:male_or_bearer_of_maleness" label="male organism/bearer of maleness"/>
      <span end="39321" id="17447844-29162" start="39316">males</span>
    </annotation>
    <annotation annotator="Michael Bada" id="UBERON_Instance_731016" type="identity">
      <class id="UBERON:0000473" label="testis"/>
      <span end="40276" id="17447844-29164" start="40270">testis</span>
    </annotation>
    <annotation annotator="Michael Bada" id="UBERON_Instance_731018" type="identity">
      <class id="PATO_UBERON_EXT:male_or_bearer_of_maleness" label="male organism/bearer of maleness"/>
      <span end="41363" id="17447844-29166" start="41359">male</span>
    </annotation>
    <annotation annotator="Michael Bada" id="UBERON_Instance_731020" type="identity">
      <class id="PATO_UBERON_EXT:male_or_bearer_of_maleness" label="male organism/bearer of maleness"/>
      <span end="41707" id="17447844-29168" start="41703">male</span>
    </annotation>
    <annotation annotator="Michael Bada" id="UBERON_Instance_731022" type="identity">
      <class id="UBERON:0000992" label="female gonad"/>
      <span end="41738" id="17447844-29170" start="41731">Ovaries</span>
    </annotation>
    <annotation annotator="Michael Bada" id="UBERON_Instance_731024" type="identity">
      <class id="PATO_UBERON_EXT:female_or_bearer_of_femaleness" label="female organism/bearer of femaleness"/>
      <span end="41762" id="17447844-29172" start="41755">females</span>
    </annotation>
    <annotation annotator="Michael Bada" id="UBERON_Instance_731026" type="identity">
      <class id="UBERON_EXT:follicle" label="follicle"/>
      <span end="41788" id="17447844-29174" start="41779">follicles</span>
    </annotation>
    <annotation annotator="Michael Bada" id="UBERON_Instance_731028" type="identity">
      <class id="UBERON_EXT:follicle" label="follicle"/>
      <span end="41799" id="17447844-29176" start="41790">follicles</span>
    </annotation>
    <annotation annotator="Nicole Vasilevsky" id="UBERON_Instance_760010" type="identity">
      <class id="UBERON:0000991" label="gonad"/>
      <span end="41983" id="17447844-29228" start="41976">gonadal</span>
    </annotation>
    <annotation annotator="Nicole Vasilevsky" id="UBERON_Instance_760012" type="identity">
      <class id="UBERON:0001987" label="placenta"/>
      <span end="42171" id="17447844-29230" start="42162">placental</span>
    </annotation>
    <annotation annotator="Michael Bada" id="UBERON_Instance_731030" type="identity">
      <class id="UBERON:0007379" label="egg"/>
      <span end="42224" id="17447844-29178" start="42221">egg</span>
    </annotation>
    <annotation annotator="Michael Bada" id="UBERON_Instance_731032" type="identity">
      <class id="PATO_UBERON_EXT:male_or_bearer_of_maleness" label="male organism/bearer of maleness"/>
      <span end="43660" id="17447844-29180" start="43655">males</span>
    </annotation>
    <annotation annotator="Michael Bada" id="UBERON_Instance_731034" type="identity">
      <class id="PATO_UBERON_EXT:male_or_bearer_of_maleness" label="male organism/bearer of maleness"/>
      <span end="44201" id="17447844-29182" start="44197">male</span>
    </annotation>
    <annotation annotator="Michael Bada" id="UBERON_Instance_731036" type="identity">
      <class id="UBERON:0000358" label="blastocyst"/>
      <span end="45887" id="17447844-29184" start="45876">blastocysts</span>
    </annotation>
    <annotation annotator="Michael Bada" id="UBERON_Instance_731040" type="identity">
      <class id="PATO_UBERON_EXT:male_or_bearer_of_maleness" label="male organism/bearer of maleness"/>
      <span end="45924" id="17447844-29188" start="45919">males</span>
    </annotation>
    <annotation annotator="Michael Bada" id="UBERON_Instance_731038" type="identity">
      <class id="PATO_UBERON_EXT:female_or_bearer_of_femaleness" label="female organism/bearer of femaleness"/>
      <span end="45955" id="17447844-29186" start="45948">females</span>
    </annotation>
    <annotation annotator="Michael Bada" id="UBERON_Instance_731042" type="identity">
      <class id="PATO_UBERON_EXT:female_or_bearer_of_femaleness" label="female organism/bearer of femaleness"/>
      <span end="46024" id="17447844-29190" start="46017">females</span>
    </annotation>
    <annotation annotator="Michael Bada" id="UBERON_Instance_731044" type="identity">
      <class id="PATO_UBERON_EXT:male_or_bearer_of_maleness" label="male organism/bearer of maleness"/>
      <span end="46044" id="17447844-29192" start="46040">male</span>
    </annotation>
    <annotation annotator="Michael Bada" id="UBERON_Instance_731046" type="identity">
      <class id="UBERON:0002415" label="tail"/>
      <span end="46264" id="17447844-29194" start="46260">tail</span>
    </annotation>
    <annotation annotator="Michael Bada" id="UBERON_Instance_731048" type="identity">
      <class id="UBERON:0000473" label="testis"/>
      <span end="47492" id="17447844-29196" start="47486">testes</span>
    </annotation>
    <annotation annotator="Michael Bada" id="UBERON_Instance_731050" type="identity">
      <class id="UBERON:0000479" label="tissue"/>
      <span end="48079" id="17447844-29198" start="48073">Tissue</span>
    </annotation>
    <annotation annotator="Nicole Vasilevsky" id="UBERON_Instance_760014" type="identity">
      <class id="UBERON:0001977" label="serum"/>
      <span end="48283" id="17447844-29232" start="48278">serum</span>
    </annotation>
    <annotation annotator="Michael Bada" id="UBERON_Instance_731052" type="identity">
      <class id="UBERON:0001977" label="serum"/>
      <span end="48744" id="17447844-29200" start="48739">serum</span>
    </annotation>
    <annotation annotator="Michael Bada" id="UBERON_Instance_731054" type="identity">
      <class id="UBERON:0000473" label="testis"/>
      <span end="52637" id="17447844-29202" start="52631">Testis</span>
    </annotation>
    <annotation annotator="Michael Bada" id="UBERON_Instance_731056" type="identity">
      <class id="UBERON:0007023" label="adult organism"/>
      <span end="52657" id="17447844-29204" start="52652">adult</span>
    </annotation>
    <annotation annotator="Michael Bada" id="UBERON_Instance_731058" type="identity">
      <class id="UBERON:0000473" label="testis"/>
      <span end="53037" id="17447844-29206" start="53031">Testis</span>
    </annotation>
    <annotation annotator="Michael Bada" id="UBERON_Instance_731060" type="identity">
      <class id="UBERON:0007023" label="adult organism"/>
      <span end="53057" id="17447844-29208" start="53052">adult</span>
    </annotation>
    <annotation annotator="Michael Bada" id="UBERON_Instance_731062" type="identity">
      <class id="UBERON:0000473" label="testis"/>
      <span end="53199" id="17447844-29210" start="53193">testis</span>
    </annotation>
    <annotation annotator="Michael Bada" id="UBERON_Instance_731064" type="identity">
      <class id="UBERON:0000025" label="tube"/>
      <span end="53280" id="17447844-29212" start="53273">tubular</span>
    </annotation>
    <annotation annotator="Michael Bada" id="UBERON_Instance_731066" type="identity">
      <class id="UBERON:0000473" label="testis"/>
      <span end="53306" id="17447844-29214" start="53300">testis</span>
    </annotation>
    <annotation annotator="Nicole Vasilevsky" id="UBERON_Instance_840098" type="identity">
      <class id="GO_UBERON_EXT:basement_membrane" label="basement membrane"/>
      <span end="53409" id="17447844-29246" start="53392">basement membrane</span>
    </annotation>
    <annotation annotator="Michael Bada" id="UBERON_Instance_731068" type="identity">
      <class id="UBERON:0000473" label="testis"/>
      <span end="54016" id="17447844-29216" start="54006">testicular</span>
    </annotation>
    <annotation annotator="Michael Bada" id="UBERON_Instance_731072" type="identity">
      <class id="UBERON:0007023" label="adult organism"/>
      <span end="54260" id="17447844-29220" start="54255">adult</span>
    </annotation>
    <annotation annotator="Michael Bada" id="UBERON_Instance_731070" type="identity">
      <class id="UBERON:0000473" label="testis"/>
      <span end="54267" id="17447844-29218" start="54261">testis</span>
    </annotation>
    <annotation annotator="Nicole Vasilevsky" id="UBERON_Instance_840100" type="identity">
      <class id="GO_UBERON_EXT:basement_membrane" label="basement membrane"/>
      <span end="54351" id="17447844-29248" start="54337">basal membrane</span>
    </annotation>
    <annotation annotator="Michael Bada" id="UBERON_Instance_731074" type="identity">
      <class id="UBERON:0000922" label="embryo"/>
      <span end="55292" id="17447844-29222" start="55283">embryonic</span>
    </annotation>
    <graph-space id="Old Knowtator Relations"/>
  </document>
</knowtator-project>
