<?xml version="1.0" encoding="UTF-8" standalone="no"?>
<knowtator-project>
  <document id="17608565" text-file="17608565.txt">
    <annotation annotator="Nicole Vasilevsky" id="UBERON_Instance_680000" type="identity">
      <class id="UBERON_EXT:neural_tissue_or_nerve_or_nervous_system" label="neural tissue, nerve, or nervous system"/>
      <span end="182" id="17608565-29332" start="176">neural</span>
    </annotation>
    <annotation annotator="Nicole Vasilevsky" id="UBERON_Instance_760004" type="identity">
      <class id="UBERON:0000966" label="retina"/>
      <span end="502" id="17608565-29340" start="495">retinal</span>
    </annotation>
    <annotation annotator="Nicole Vasilevsky" id="UBERON_Instance_720002" type="identity">
      <class id="UBERON:0000966" label="retina"/>
      <span end="703" id="17608565-29336" start="697">retina</span>
    </annotation>
    <annotation annotator="Nicole Vasilevsky" id="UBERON_Instance_780006" type="identity">
      <class id="UBERON:0000479" label="tissue"/>
      <span end="1030" id="17608565-29344" start="1024">tissue</span>
    </annotation>
    <annotation annotator="Nicole Vasilevsky" id="UBERON_Instance_780008" type="identity">
      <class id="UBERON:0000966" label="retina"/>
      <span end="1197" id="17608565-29346" start="1191">retina</span>
    </annotation>
    <annotation annotator="Nicole Vasilevsky" id="UBERON_Instance_780010" type="identity">
      <class id="GO_UBERON_EXT:cellular_component_or_cell_part" label="cell component/part"/>
      <span end="1251" id="17608565-29348" start="1240">subcellular</span>
    </annotation>
    <annotation annotator="Nicole Vasilevsky" id="UBERON_Instance_780012" type="identity">
      <class id="UBERON_EXT:neural_tissue_or_nerve_or_nervous_system" label="neural tissue, nerve, or nervous system"/>
      <span end="1541" id="17608565-29350" start="1535">neural</span>
    </annotation>
    <annotation annotator="Nicole Vasilevsky" id="UBERON_Instance_780014" type="identity">
      <class id="UBERON:0000479" label="tissue"/>
      <span end="1646" id="17608565-29352" start="1640">tissue</span>
    </annotation>
    <annotation annotator="Nicole Vasilevsky" id="UBERON_Instance_780016" type="identity">
      <class id="UBERON:0000479" label="tissue"/>
      <span end="1901" id="17608565-29354" start="1895">tissue</span>
    </annotation>
    <annotation annotator="Nicole Vasilevsky" id="UBERON_Instance_780018" type="identity">
      <class id="UBERON:0000966" label="retina"/>
      <span end="2160" id="17608565-29356" start="2154">retina</span>
    </annotation>
    <annotation annotator="Nicole Vasilevsky" id="UBERON_Instance_780020" type="identity">
      <class id="UBERON:0000966" label="retina"/>
      <span end="2241" id="17608565-29358" start="2234">retinal</span>
    </annotation>
    <annotation annotator="Nicole Vasilevsky" id="UBERON_Instance_780022" type="identity">
      <class id="UBERON:0000966" label="retina"/>
      <span end="2921" id="17608565-29360" start="2915">retina</span>
    </annotation>
    <annotation annotator="Nicole Vasilevsky" id="UBERON_Instance_780024" type="identity">
      <class id="UBERON:0000479" label="tissue"/>
      <span end="2946" id="17608565-29362" start="2940">tissue</span>
    </annotation>
    <annotation annotator="Nicole Vasilevsky" id="UBERON_Instance_780026" type="identity">
      <class id="UBERON:0000966" label="retina"/>
      <span end="3048" id="17608565-29364" start="3041">retinal</span>
    </annotation>
    <annotation annotator="Nicole Vasilevsky" id="UBERON_Instance_780028" type="identity">
      <class id="UBERON:0000966" label="retina"/>
      <span end="3127" id="17608565-29366" start="3120">retinal</span>
    </annotation>
    <annotation annotator="Nicole Vasilevsky" id="UBERON_Instance_780030" type="identity">
      <class id="UBERON:0001781" label="layer of retina"/>
      <span end="3542" id="17608565-29368" start="3528">retinal layers</span>
    </annotation>
    <annotation annotator="Nicole Vasilevsky" id="UBERON_Instance_780032" type="identity">
      <class id="UBERON:0001789" label="outer nuclear layer of retina"/>
      <span end="3590" id="17608565-29370" start="3571">outer nuclear layer</span>
    </annotation>
    <annotation annotator="Nicole Vasilevsky" id="UBERON_Instance_780034" type="identity">
      <class id="UBERON:0001789" label="outer nuclear layer of retina"/>
      <span end="3595" id="17608565-29372" start="3592">ONL</span>
    </annotation>
    <annotation annotator="Nicole Vasilevsky" id="UBERON_Instance_780036" type="identity">
      <class id="UBERON:0001791" label="inner nuclear layer of retina"/>
      <span end="3708" id="17608565-29374" start="3689">inner nuclear layer</span>
    </annotation>
    <annotation annotator="Nicole Vasilevsky" id="UBERON_Instance_780038" type="identity">
      <class id="UBERON:0001791" label="inner nuclear layer of retina"/>
      <span end="3713" id="17608565-29376" start="3710">INL</span>
    </annotation>
    <annotation annotator="Nicole Vasilevsky" id="UBERON_Instance_780040" type="identity">
      <class id="UBERON:0000045" label="ganglion"/>
      <span end="3728" id="17608565-29378" start="3720">ganglion</span>
    </annotation>
    <annotation annotator="Nicole Vasilevsky" id="UBERON_Instance_780042" type="identity">
      <class id="UBERON:0001792" label="ganglionic layer of retina"/>
      <span end="3786" id="17608565-29380" start="3767">ganglion cell layer</span>
    </annotation>
    <annotation annotator="Nicole Vasilevsky" id="UBERON_Instance_780044" type="identity">
      <class id="UBERON:0001792" label="ganglionic layer of retina"/>
      <span end="3791" id="17608565-29382" start="3788">GCL</span>
    </annotation>
    <annotation annotator="Nicole Vasilevsky" id="UBERON_Instance_820008" type="identity">
      <class id="UBERON:0001790" label="outer plexiform layer of retina"/>
      <span end="3831" id="17608565-29976" start="3810">outer plexiform layer</span>
    </annotation>
    <annotation annotator="Nicole Vasilevsky" id="UBERON_Instance_820010" type="identity">
      <class id="UBERON:0001790" label="outer plexiform layer of retina"/>
      <span end="3836" id="17608565-29978" start="3833">OPL</span>
    </annotation>
    <annotation annotator="Nicole Vasilevsky" id="UBERON_Instance_820012" type="identity">
      <class id="UBERON:0001795" label="inner plexiform layer of retina"/>
      <span end="3863" id="17608565-29980" start="3842">inner plexiform layer</span>
    </annotation>
    <annotation annotator="Nicole Vasilevsky" id="UBERON_Instance_820014" type="identity">
      <class id="UBERON:0001795" label="inner plexiform layer of retina"/>
      <span end="3868" id="17608565-29982" start="3865">IPL</span>
    </annotation>
    <annotation annotator="Nicole Vasilevsky" id="UBERON_Instance_780048" type="identity">
      <class id="UBERON:0001789" label="outer nuclear layer of retina"/>
      <span end="3915" id="17608565-29386" start="3912">ONL</span>
    </annotation>
    <annotation annotator="Nicole Vasilevsky" id="UBERON_Instance_780046" type="identity">
      <class id="UBERON:0001791" label="inner nuclear layer of retina"/>
      <span end="3919" id="17608565-29384" start="3916">INL</span>
    </annotation>
    <annotation annotator="Nicole Vasilevsky" id="UBERON_Instance_780050" type="identity">
      <class id="UBERON:0001791" label="inner nuclear layer of retina"/>
      <span end="3927" id="17608565-29388" start="3924">INL</span>
    </annotation>
    <annotation annotator="Nicole Vasilevsky" id="UBERON_Instance_780052" type="identity">
      <class id="UBERON:0001792" label="ganglionic layer of retina"/>
      <span end="3931" id="17608565-29390" start="3928">GCL</span>
    </annotation>
    <annotation annotator="Nicole Vasilevsky" id="UBERON_Instance_780054" type="identity">
      <class id="UBERON:0000966" label="retina"/>
      <span end="4050" id="17608565-29392" start="4044">Retina</span>
    </annotation>
    <annotation annotator="Nicole Vasilevsky" id="UBERON_Instance_780056" type="identity">
      <class id="UBERON:0000966" label="retina"/>
      <span end="4063" id="17608565-29394" start="4056">Retinal</span>
    </annotation>
    <annotation annotator="Nicole Vasilevsky" id="UBERON_Instance_780058" type="identity">
      <class id="UBERON:0000966" label="retina"/>
      <span end="4094" id="17608565-29396" start="4088">retina</span>
    </annotation>
    <annotation annotator="Nicole Vasilevsky" id="UBERON_Instance_780060" type="identity">
      <class id="UBERON:0001792" label="ganglionic layer of retina"/>
      <span end="4349" id="17608565-29398" start="4346">GCL</span>
    </annotation>
    <annotation annotator="Nicole Vasilevsky" id="UBERON_Instance_780062" type="identity">
      <class id="UBERON:0001789" label="outer nuclear layer of retina"/>
      <span end="4464" id="17608565-29400" start="4461">ONL</span>
    </annotation>
    <annotation annotator="Nicole Vasilevsky" id="UBERON_Instance_780064" type="identity">
      <class id="UBERON:0001791" label="inner nuclear layer of retina"/>
      <span end="4540" id="17608565-29402" start="4537">INL</span>
    </annotation>
    <annotation annotator="Nicole Vasilevsky" id="UBERON_Instance_690000" type="identity">
      <class id="UBERON:0000045" label="ganglion"/>
      <span end="4554" id="17608565-29334" start="4546">ganglion</span>
    </annotation>
    <annotation annotator="Nicole Vasilevsky" id="UBERON_Instance_730002" type="identity">
      <class id="UBERON:0000045" label="ganglion"/>
      <span end="4557" id="17608565-29338" start="4556">g</span>
    </annotation>
    <annotation annotator="Nicole Vasilevsky" id="UBERON_Instance_780066" type="identity">
      <class id="UBERON:0001792" label="ganglionic layer of retina"/>
      <span end="4598" id="17608565-29404" start="4595">GCL</span>
    </annotation>
    <annotation annotator="Nicole Vasilevsky" id="UBERON_Instance_780068" type="identity">
      <class id="UBERON:0000479" label="tissue"/>
      <span end="4762" id="17608565-29406" start="4756">tissue</span>
    </annotation>
    <annotation annotator="Nicole Vasilevsky" id="UBERON_Instance_780070" type="identity">
      <class id="UBERON:0000966" label="retina"/>
      <span end="5003" id="17608565-29408" start="4996">retinal</span>
    </annotation>
    <annotation annotator="Nicole Vasilevsky" id="UBERON_Instance_780072" type="identity">
      <class id="UBERON:0001792" label="ganglionic layer of retina"/>
      <span end="5249" id="17608565-29410" start="5246">GCL</span>
    </annotation>
    <annotation annotator="Nicole Vasilevsky" id="UBERON_Instance_780074" type="identity">
      <class id="UBERON:0000966" label="retina"/>
      <span end="5358" id="17608565-29412" start="5351">retinas</span>
    </annotation>
    <annotation annotator="Nicole Vasilevsky" id="UBERON_Instance_780076" type="identity">
      <class id="UBERON:0000966" label="retina"/>
      <span end="5701" id="17608565-29414" start="5694">retinal</span>
    </annotation>
    <annotation annotator="Nicole Vasilevsky" id="UBERON_Instance_780078" type="identity">
      <class id="UBERON:0000045" label="ganglion"/>
      <span end="5810" id="17608565-29416" start="5802">ganglion</span>
    </annotation>
    <annotation annotator="Nicole Vasilevsky" id="UBERON_Instance_780080" type="identity">
      <class id="UBERON:0000922" label="embryo"/>
      <span end="6426" id="17608565-29418" start="6419">embryos</span>
    </annotation>
    <annotation annotator="Nicole Vasilevsky" id="UBERON_Instance_780082" type="identity">
      <class id="UBERON:0000479" label="tissue"/>
      <span end="6481" id="17608565-29420" start="6474">tissues</span>
    </annotation>
    <annotation annotator="Nicole Vasilevsky" id="UBERON_Instance_780084" type="identity">
      <class id="UBERON:0000966" label="retina"/>
      <span end="6857" id="17608565-29422" start="6851">retina</span>
    </annotation>
    <annotation annotator="Nicole Vasilevsky" id="UBERON_Instance_780086" type="identity">
      <class id="UBERON:0001017" label="central nervous system"/>
      <span end="7101" id="17608565-29424" start="7079">central nervous system</span>
    </annotation>
    <annotation annotator="Nicole Vasilevsky" id="UBERON_Instance_780088" type="identity">
      <class id="UBERON:0001017" label="central nervous system"/>
      <span end="7106" id="17608565-29426" start="7103">CNS</span>
    </annotation>
    <annotation annotator="Nicole Vasilevsky" id="UBERON_Instance_780090" type="identity">
      <class id="UBERON:0000922" label="embryo"/>
      <span end="7124" id="17608565-29428" start="7117">embryos</span>
    </annotation>
    <annotation annotator="Nicole Vasilevsky" id="UBERON_Instance_780094" type="identity">
      <class id="UBERON:0001017" label="central nervous system"/>
      <span end="7150" id="17608565-29432" start="7147">CNS</span>
    </annotation>
    <annotation annotator="Nicole Vasilevsky" id="UBERON_Instance_780092" type="identity">
      <class id="UBERON:0001987" label="placenta"/>
      <span end="7208" id="17608565-29430" start="7199">placental</span>
    </annotation>
    <annotation annotator="Nicole Vasilevsky" id="UBERON_Instance_780096" type="identity">
      <class id="UBERON:0000479" label="tissue"/>
      <span end="7501" id="17608565-29434" start="7494">tissues</span>
    </annotation>
    <annotation annotator="Nicole Vasilevsky" id="UBERON_Instance_780098" type="identity">
      <class id="GO_UBERON_EXT:cellular_component_or_cell_part" label="cell component/part"/>
      <span end="8395" id="17608565-29436" start="8384">subcellular</span>
    </annotation>
    <annotation annotator="Nicole Vasilevsky" id="UBERON_Instance_780100" type="identity">
      <class id="UBERON_EXT:muscle_structure_or_tissue" label="muscle structure or tissue"/>
      <span end="9065" id="17608565-29438" start="9059">muscle</span>
    </annotation>
    <annotation annotator="Nicole Vasilevsky" id="UBERON_Instance_780102" type="identity">
      <class id="UBERON_EXT:bone_element_or_tissue" label="bone element or tissue"/>
      <span end="9074" id="17608565-29440" start="9070">bone</span>
    </annotation>
    <annotation annotator="Nicole Vasilevsky" id="UBERON_Instance_780104" type="identity">
      <class id="UBERON:0000479" label="tissue"/>
      <span end="9146" id="17608565-29442" start="9140">tissue</span>
    </annotation>
    <annotation annotator="Nicole Vasilevsky" id="UBERON_Instance_780106" type="identity">
      <class id="UBERON:0000966" label="retina"/>
      <span end="9212" id="17608565-29444" start="9206">retina</span>
    </annotation>
    <annotation annotator="Nicole Vasilevsky" id="UBERON_Instance_780108" type="identity">
      <class id="UBERON:0000966" label="retina"/>
      <span end="9344" id="17608565-29446" start="9338">retina</span>
    </annotation>
    <annotation annotator="Nicole Vasilevsky" id="UBERON_Instance_780110" type="identity">
      <class id="UBERON:0000966" label="retina"/>
      <span end="9756" id="17608565-29448" start="9749">retinal</span>
    </annotation>
    <annotation annotator="Nicole Vasilevsky" id="UBERON_Instance_780112" type="identity">
      <class id="UBERON:0000966" label="retina"/>
      <span end="9859" id="17608565-29450" start="9853">retina</span>
    </annotation>
    <annotation annotator="Nicole Vasilevsky" id="UBERON_Instance_780114" type="identity">
      <class id="UBERON:0000966" label="retina"/>
      <span end="9998" id="17608565-29452" start="9992">retina</span>
    </annotation>
    <annotation annotator="Nicole Vasilevsky" id="UBERON_Instance_780116" type="identity">
      <class id="UBERON:0000479" label="tissue"/>
      <span end="10382" id="17608565-29454" start="10376">tissue</span>
    </annotation>
    <annotation annotator="Nicole Vasilevsky" id="UBERON_Instance_770004" type="identity">
      <class id="UBERON:0001017" label="central nervous system"/>
      <span end="10682" id="17608565-29342" start="10679">CNS</span>
    </annotation>
    <annotation annotator="Nicole Vasilevsky" id="UBERON_Instance_780118" type="identity">
      <class id="UBERON:0000479" label="tissue"/>
      <span end="11319" id="17608565-29456" start="11313">tissue</span>
    </annotation>
    <annotation annotator="Nicole Vasilevsky" id="UBERON_Instance_780120" type="identity">
      <class id="UBERON:0000922" label="embryo"/>
      <span end="11478" id="17608565-29458" start="11469">embryonic</span>
    </annotation>
    <annotation annotator="Nicole Vasilevsky" id="UBERON_Instance_780122" type="identity">
      <class id="UBERON:0013682" label="peripheral region of retina"/>
      <span end="11510" id="17608565-29460" start="11493">peripheral retina</span>
    </annotation>
    <annotation annotator="Nicole Vasilevsky" id="UBERON_Instance_780124" type="identity">
      <class id="UBERON:0013682" label="peripheral region of retina"/>
      <span end="11919" id="17608565-29462" start="11902">peripheral retina</span>
    </annotation>
    <annotation annotator="Nicole Vasilevsky" id="UBERON_Instance_780126" type="identity">
      <class id="UBERON:0000966" label="retina"/>
      <span end="11963" id="17608565-29464" start="11957">retina</span>
    </annotation>
    <annotation annotator="Nicole Vasilevsky" id="UBERON_Instance_780128" type="identity">
      <class id="UBERON:0000966" label="retina"/>
      <span end="12085" id="17608565-29466" start="12079">retina</span>
    </annotation>
    <annotation annotator="Nicole Vasilevsky" id="UBERON_Instance_780130" type="identity">
      <class id="UBERON:0013682" label="peripheral region of retina"/>
      <span end="12274" id="17608565-29468" start="12257">peripheral retina</span>
    </annotation>
    <annotation annotator="Nicole Vasilevsky" id="UBERON_Instance_780132" type="identity">
      <class id="UBERON:0000966" label="retina"/>
      <span end="12369" id="17608565-29470" start="12362">retinas</span>
    </annotation>
    <annotation annotator="Nicole Vasilevsky" id="UBERON_Instance_780134" type="identity">
      <class id="UBERON:0000966" label="retina"/>
      <span end="12530" id="17608565-29472" start="12524">retina</span>
    </annotation>
    <annotation annotator="Nicole Vasilevsky" id="UBERON_Instance_780136" type="identity">
      <class id="UBERON:0000045" label="ganglion"/>
      <span end="12560" id="17608565-29474" start="12552">ganglion</span>
    </annotation>
    <annotation annotator="Nicole Vasilevsky" id="UBERON_Instance_780138" type="identity">
      <class id="UBERON:0000966" label="retina"/>
      <span end="12635" id="17608565-29476" start="12629">retina</span>
    </annotation>
    <annotation annotator="Nicole Vasilevsky" id="UBERON_Instance_780140" type="identity">
      <class id="UBERON:0000966" label="retina"/>
      <span end="12746" id="17608565-29478" start="12739">retinas</span>
    </annotation>
    <annotation annotator="Nicole Vasilevsky" id="UBERON_Instance_780142" type="identity">
      <class id="UBERON:0000966" label="retina"/>
      <span end="12833" id="17608565-29480" start="12827">retina</span>
    </annotation>
    <annotation annotator="Nicole Vasilevsky" id="UBERON_Instance_780144" type="identity">
      <class id="UBERON:0000966" label="retina"/>
      <span end="13025" id="17608565-29482" start="13019">retina</span>
    </annotation>
    <annotation annotator="Nicole Vasilevsky" id="UBERON_Instance_780146" type="identity">
      <class id="UBERON_EXT:lens" label="lens"/>
      <span end="13582" id="17608565-29484" start="13578">lens</span>
    </annotation>
    <annotation annotator="Nicole Vasilevsky" id="UBERON_Instance_780148" type="identity">
      <class id="UBERON:0001017" label="central nervous system"/>
      <span end="13590" id="17608565-29486" start="13587">CNS</span>
    </annotation>
    <annotation annotator="Nicole Vasilevsky" id="UBERON_Instance_780150" type="identity">
      <class id="UBERON:0000922" label="embryo"/>
      <span end="13607" id="17608565-29488" start="13600">embryos</span>
    </annotation>
    <annotation annotator="Nicole Vasilevsky" id="UBERON_Instance_780152" type="identity">
      <class id="UBERON:0000966" label="retina"/>
      <span end="13721" id="17608565-29490" start="13715">retina</span>
    </annotation>
    <annotation annotator="Nicole Vasilevsky" id="UBERON_Instance_780154" type="identity">
      <class id="UBERON:0000045" label="ganglion"/>
      <span end="13798" id="17608565-29492" start="13790">ganglion</span>
    </annotation>
    <annotation annotator="Nicole Vasilevsky" id="UBERON_Instance_780156" type="identity">
      <class id="UBERON:0001789" label="outer nuclear layer of retina"/>
      <span end="13902" id="17608565-29494" start="13899">ONL</span>
    </annotation>
    <annotation annotator="Nicole Vasilevsky" id="UBERON_Instance_780158" type="identity">
      <class id="UBERON:0000045" label="ganglion"/>
      <span end="13964" id="17608565-29496" start="13956">ganglion</span>
    </annotation>
    <annotation annotator="Nicole Vasilevsky" id="UBERON_Instance_780160" type="identity">
      <class id="UBERON:0000045" label="ganglion"/>
      <span end="14137" id="17608565-29498" start="14129">ganglion</span>
    </annotation>
    <annotation annotator="Nicole Vasilevsky" id="UBERON_Instance_780162" type="identity">
      <class id="UBERON_EXT:optic_nerve" label="optic nerve"/>
      <span end="14192" id="17608565-29500" start="14181">optic nerve</span>
    </annotation>
    <annotation annotator="Nicole Vasilevsky" id="UBERON_Instance_780164" type="identity">
      <class id="UBERON:0000045" label="ganglion"/>
      <span end="14395" id="17608565-29502" start="14387">Ganglion</span>
    </annotation>
    <annotation annotator="Nicole Vasilevsky" id="UBERON_Instance_780166" type="identity">
      <class id="UBERON:0000966" label="retina"/>
      <span end="14439" id="17608565-29504" start="14433">Retina</span>
    </annotation>
    <annotation annotator="Nicole Vasilevsky" id="UBERON_Instance_780168" type="identity">
      <class id="UBERON:0000966" label="retina"/>
      <span end="14463" id="17608565-29506" start="14456">retinal</span>
    </annotation>
    <annotation annotator="Nicole Vasilevsky" id="UBERON_Instance_780170" type="identity">
      <class id="UBERON:0000045" label="ganglion"/>
      <span end="14588" id="17608565-29508" start="14580">ganglion</span>
    </annotation>
    <annotation annotator="Nicole Vasilevsky" id="UBERON_Instance_780172" type="identity">
      <class id="UBERON:0000045" label="ganglion"/>
      <span end="14769" id="17608565-29510" start="14761">ganglion</span>
    </annotation>
    <annotation annotator="Nicole Vasilevsky" id="UBERON_Instance_780174" type="identity">
      <class id="UBERON:0001789" label="outer nuclear layer of retina"/>
      <span end="14858" id="17608565-29512" start="14855">ONL</span>
    </annotation>
    <annotation annotator="Nicole Vasilevsky" id="UBERON_Instance_780176" type="identity">
      <class id="UBERON:0000966" label="retina"/>
      <span end="15021" id="17608565-29514" start="15014">retinas</span>
    </annotation>
    <annotation annotator="Nicole Vasilevsky" id="UBERON_Instance_780178" type="identity">
      <class id="UBERON:0000966" label="retina"/>
      <span end="15981" id="17608565-29516" start="15975">retina</span>
    </annotation>
    <annotation annotator="Nicole Vasilevsky" id="UBERON_Instance_780180" type="identity">
      <class id="UBERON:0000966" label="retina"/>
      <span end="16359" id="17608565-29518" start="16353">Retina</span>
    </annotation>
    <annotation annotator="Nicole Vasilevsky" id="UBERON_Instance_780182" type="identity">
      <class id="UBERON:0000966" label="retina"/>
      <span end="16437" id="17608565-29520" start="16431">retina</span>
    </annotation>
    <annotation annotator="Nicole Vasilevsky" id="UBERON_Instance_780184" type="identity">
      <class id="UBERON:0000966" label="retina"/>
      <span end="16461" id="17608565-29522" start="16455">retina</span>
    </annotation>
    <annotation annotator="Nicole Vasilevsky" id="UBERON_Instance_780186" type="identity">
      <class id="UBERON:0000966" label="retina"/>
      <span end="16597" id="17608565-29524" start="16591">retina</span>
    </annotation>
    <annotation annotator="Nicole Vasilevsky" id="UBERON_Instance_780188" type="identity">
      <class id="UBERON:0000045" label="ganglion"/>
      <span end="16677" id="17608565-29526" start="16669">ganglion</span>
    </annotation>
    <annotation annotator="Nicole Vasilevsky" id="UBERON_Instance_780190" type="identity">
      <class id="UBERON:0000966" label="retina"/>
      <span end="16829" id="17608565-29528" start="16822">retinas</span>
    </annotation>
    <annotation annotator="Nicole Vasilevsky" id="UBERON_Instance_780192" type="identity">
      <class id="UBERON:0000966" label="retina"/>
      <span end="17080" id="17608565-29530" start="17074">retina</span>
    </annotation>
    <annotation annotator="Nicole Vasilevsky" id="UBERON_Instance_780194" type="identity">
      <class id="UBERON:0000966" label="retina"/>
      <span end="17164" id="17608565-29532" start="17158">retina</span>
    </annotation>
    <annotation annotator="Nicole Vasilevsky" id="UBERON_Instance_780196" type="identity">
      <class id="UBERON:0001791" label="inner nuclear layer of retina"/>
      <span end="17209" id="17608565-29534" start="17206">INL</span>
    </annotation>
    <annotation annotator="Nicole Vasilevsky" id="UBERON_Instance_780200" type="identity">
      <class id="UBERON:0000966" label="retina"/>
      <span end="17341" id="17608565-29536" start="17335">retina</span>
    </annotation>
    <annotation annotator="Nicole Vasilevsky" id="UBERON_Instance_780202" type="identity">
      <class id="UBERON:0001789" label="outer nuclear layer of retina"/>
      <span end="17369" id="17608565-29538" start="17366">ONL</span>
    </annotation>
    <annotation annotator="Nicole Vasilevsky" id="UBERON_Instance_780210" type="identity">
      <class id="UBERON:0000966" label="retina"/>
      <span end="18149" id="17608565-29542" start="18142">retinal</span>
    </annotation>
    <annotation annotator="Nicole Vasilevsky" id="UBERON_Instance_780208" type="identity">
      <class id="UBERON:0000045" label="ganglion"/>
      <span end="18167" id="17608565-29540" start="18159">ganglion</span>
    </annotation>
    <annotation annotator="Nicole Vasilevsky" id="UBERON_Instance_780212" type="identity">
      <class id="UBERON:0000045" label="ganglion"/>
      <span end="18540" id="17608565-29544" start="18532">ganglion</span>
    </annotation>
    <annotation annotator="Nicole Vasilevsky" id="UBERON_Instance_780214" type="identity">
      <class id="UBERON:0001789" label="outer nuclear layer of retina"/>
      <span end="18631" id="17608565-29546" start="18628">ONL</span>
    </annotation>
    <annotation annotator="Nicole Vasilevsky" id="UBERON_Instance_780216" type="identity">
      <class id="UBERON:0000966" label="retina"/>
      <span end="18683" id="17608565-29548" start="18677">retina</span>
    </annotation>
    <annotation annotator="Nicole Vasilevsky" id="UBERON_Instance_780220" type="identity">
      <class id="UBERON_EXT:embryonic_stage_or_stage_part" label="embryonic stage or stage part"/>
      <span end="19021" id="17608565-29550" start="19012">embryonic</span>
      <span end="19040" id="17608565-29551" start="19035">stage</span>
    </annotation>
    <annotation annotator="Nicole Vasilevsky" id="UBERON_Instance_780222" type="identity">
      <class id="UBERON:0000966" label="retina"/>
      <span end="19077" id="17608565-29553" start="19071">retina</span>
    </annotation>
    <annotation annotator="Nicole Vasilevsky" id="UBERON_Instance_780224" type="identity">
      <class id="UBERON:0000966" label="retina"/>
      <span end="19243" id="17608565-29555" start="19237">retina</span>
    </annotation>
    <annotation annotator="Nicole Vasilevsky" id="UBERON_Instance_780226" type="identity">
      <class id="UBERON:0000966" label="retina"/>
      <span end="19468" id="17608565-29557" start="19462">Retina</span>
    </annotation>
    <annotation annotator="Nicole Vasilevsky" id="UBERON_Instance_780228" type="identity">
      <class id="UBERON:0007023" label="adult organism"/>
      <span end="19796" id="17608565-29559" start="19791">adult</span>
    </annotation>
    <annotation annotator="Nicole Vasilevsky" id="UBERON_Instance_780230" type="identity">
      <class id="UBERON:0000966" label="retina"/>
      <span end="19939" id="17608565-29561" start="19933">retina</span>
    </annotation>
    <annotation annotator="Nicole Vasilevsky" id="UBERON_Instance_780232" type="identity">
      <class id="UBERON:0000045" label="ganglion"/>
      <span end="20002" id="17608565-29563" start="19995">gangion</span>
    </annotation>
    <annotation annotator="Nicole Vasilevsky" id="UBERON_Instance_780234" type="identity">
      <class id="UBERON:0000966" label="retina"/>
      <span end="20408" id="17608565-29565" start="20402">retina</span>
    </annotation>
    <annotation annotator="Nicole Vasilevsky" id="UBERON_Instance_780236" type="identity">
      <class id="UBERON:0000966" label="retina"/>
      <span end="20651" id="17608565-29567" start="20645">retina</span>
    </annotation>
    <annotation annotator="Nicole Vasilevsky" id="UBERON_Instance_780238" type="identity">
      <class id="UBERON:0000966" label="retina"/>
      <span end="20711" id="17608565-29569" start="20705">retina</span>
    </annotation>
    <annotation annotator="Nicole Vasilevsky" id="UBERON_Instance_780240" type="identity">
      <class id="UBERON:0000966" label="retina"/>
      <span end="20928" id="17608565-29571" start="20922">retina</span>
    </annotation>
    <annotation annotator="Nicole Vasilevsky" id="UBERON_Instance_780242" type="identity">
      <class id="UBERON:0000966" label="retina"/>
      <span end="21173" id="17608565-29573" start="21167">retina</span>
    </annotation>
    <annotation annotator="Nicole Vasilevsky" id="UBERON_Instance_780244" type="identity">
      <class id="UBERON:0000966" label="retina"/>
      <span end="21424" id="17608565-29575" start="21418">retina</span>
    </annotation>
    <annotation annotator="Nicole Vasilevsky" id="UBERON_Instance_780246" type="identity">
      <class id="UBERON:0000922" label="embryo"/>
      <span end="21665" id="17608565-29577" start="21656">embryonic</span>
    </annotation>
    <annotation annotator="Nicole Vasilevsky" id="UBERON_Instance_780248" type="identity">
      <class id="UBERON:0000966" label="retina"/>
      <span end="21694" id="17608565-29579" start="21688">retina</span>
    </annotation>
    <annotation annotator="Nicole Vasilevsky" id="UBERON_Instance_780250" type="identity">
      <class id="UBERON:0000966" label="retina"/>
      <span end="21757" id="17608565-29581" start="21751">retina</span>
    </annotation>
    <annotation annotator="Nicole Vasilevsky" id="UBERON_Instance_780252" type="identity">
      <class id="UBERON:0000966" label="retina"/>
      <span end="21913" id="17608565-29583" start="21907">retina</span>
    </annotation>
    <annotation annotator="Nicole Vasilevsky" id="UBERON_Instance_780254" type="identity">
      <class id="UBERON:0000966" label="retina"/>
      <span end="22408" id="17608565-29585" start="22402">retina</span>
    </annotation>
    <annotation annotator="Nicole Vasilevsky" id="UBERON_Instance_780256" type="identity">
      <class id="UBERON:0000966" label="retina"/>
      <span end="22668" id="17608565-29587" start="22662">retina</span>
    </annotation>
    <annotation annotator="Nicole Vasilevsky" id="UBERON_Instance_780258" type="identity">
      <class id="UBERON:0000966" label="retina"/>
      <span end="22784" id="17608565-29589" start="22778">retina</span>
    </annotation>
    <annotation annotator="Nicole Vasilevsky" id="UBERON_Instance_780260" type="identity">
      <class id="UBERON:0000045" label="ganglion"/>
      <span end="22981" id="17608565-29591" start="22973">ganglion</span>
    </annotation>
    <annotation annotator="Nicole Vasilevsky" id="UBERON_Instance_780264" type="identity">
      <class id="UBERON:0000966" label="retina"/>
      <span end="23261" id="17608565-29593" start="23255">retina</span>
    </annotation>
    <annotation annotator="Nicole Vasilevsky" id="UBERON_Instance_780266" type="identity">
      <class id="UBERON:0001791" label="inner nuclear layer of retina"/>
      <span end="23324" id="17608565-29595" start="23321">INL</span>
    </annotation>
    <annotation annotator="Nicole Vasilevsky" id="UBERON_Instance_780268" type="identity">
      <class id="UBERON:0000966" label="retina"/>
      <span end="23548" id="17608565-29597" start="23542">retina</span>
    </annotation>
    <annotation annotator="Nicole Vasilevsky" id="UBERON_Instance_780270" type="identity">
      <class id="UBERON:0000966" label="retina"/>
      <span end="23691" id="17608565-29599" start="23685">retina</span>
    </annotation>
    <annotation annotator="Nicole Vasilevsky" id="UBERON_Instance_780272" type="identity">
      <class id="UBERON:0001791" label="inner nuclear layer of retina"/>
      <span end="23920" id="17608565-29601" start="23917">INL</span>
    </annotation>
    <annotation annotator="Nicole Vasilevsky" id="UBERON_Instance_780274" type="identity">
      <class id="UBERON:0001791" label="inner nuclear layer of retina"/>
      <span end="23984" id="17608565-29603" start="23981">INL</span>
    </annotation>
    <annotation annotator="Nicole Vasilevsky" id="UBERON_Instance_780276" type="identity">
      <class id="UBERON:0000966" label="retina"/>
      <span end="24108" id="17608565-29605" start="24101">retinas</span>
    </annotation>
    <annotation annotator="Nicole Vasilevsky" id="UBERON_Instance_780278" type="identity">
      <class id="UBERON:0000966" label="retina"/>
      <span end="24571" id="17608565-29607" start="24564">retinal</span>
    </annotation>
    <annotation annotator="Nicole Vasilevsky" id="UBERON_Instance_780280" type="identity">
      <class id="UBERON:0001791" label="inner nuclear layer of retina"/>
      <span end="24605" id="17608565-29609" start="24602">INL</span>
    </annotation>
    <annotation annotator="Nicole Vasilevsky" id="UBERON_Instance_780282" type="identity">
      <class id="UBERON:0001792" label="ganglionic layer of retina"/>
      <span end="24708" id="17608565-29611" start="24705">GCL</span>
    </annotation>
    <annotation annotator="Nicole Vasilevsky" id="UBERON_Instance_780288" type="identity">
      <class id="UBERON:0013682" label="peripheral region of retina"/>
      <span end="24989" id="17608565-29613" start="24979">peripheral</span>
      <span end="25021" id="17608565-29614" start="25015">retina</span>
    </annotation>
    <annotation annotator="Nicole Vasilevsky" id="UBERON_Instance_780292" type="identity">
      <class id="UBERON:0000966" label="retina"/>
      <span end="25220" id="17608565-29616" start="25214">retina</span>
    </annotation>
    <annotation annotator="Nicole Vasilevsky" id="UBERON_Instance_780296" type="identity">
      <class id="UBERON:0000045" label="ganglion"/>
      <span end="25489" id="17608565-29618" start="25481">ganglion</span>
    </annotation>
    <annotation annotator="Nicole Vasilevsky" id="UBERON_Instance_780300" type="identity">
      <class id="UBERON:0000966" label="retina"/>
      <span end="25980" id="17608565-29620" start="25974">retina</span>
    </annotation>
    <annotation annotator="Nicole Vasilevsky" id="UBERON_Instance_780304" type="identity">
      <class id="UBERON:0000966" label="retina"/>
      <span end="26169" id="17608565-29622" start="26163">retina</span>
    </annotation>
    <annotation annotator="Nicole Vasilevsky" id="UBERON_Instance_780306" type="identity">
      <class id="UBERON:0000045" label="ganglion"/>
      <span end="26447" id="17608565-29624" start="26439">ganglion</span>
    </annotation>
    <annotation annotator="Nicole Vasilevsky" id="UBERON_Instance_780308" type="identity">
      <class id="UBERON:0000045" label="ganglion"/>
      <span end="26480" id="17608565-29626" start="26472">ganglion</span>
    </annotation>
    <annotation annotator="Nicole Vasilevsky" id="UBERON_Instance_780310" type="identity">
      <class id="UBERON:0000966" label="retina"/>
      <span end="26521" id="17608565-29628" start="26515">retina</span>
    </annotation>
    <annotation annotator="Nicole Vasilevsky" id="UBERON_Instance_780312" type="identity">
      <class id="UBERON:0000966" label="retina"/>
      <span end="26658" id="17608565-29630" start="26652">retina</span>
    </annotation>
    <annotation annotator="Nicole Vasilevsky" id="UBERON_Instance_780314" type="identity">
      <class id="UBERON:0000966" label="retina"/>
      <span end="26737" id="17608565-29632" start="26731">retina</span>
    </annotation>
    <annotation annotator="Nicole Vasilevsky" id="UBERON_Instance_780316" type="identity">
      <class id="UBERON:0000966" label="retina"/>
      <span end="26801" id="17608565-29634" start="26795">retina</span>
    </annotation>
    <annotation annotator="Nicole Vasilevsky" id="UBERON_Instance_780326" type="identity">
      <class id="UBERON:0000966" label="retina"/>
      <span end="27535" id="17608565-29636" start="27529">retina</span>
    </annotation>
    <annotation annotator="Nicole Vasilevsky" id="UBERON_Instance_780330" type="identity">
      <class id="UBERON:0000966" label="retina"/>
      <span end="27903" id="17608565-29638" start="27896">retinal</span>
    </annotation>
    <annotation annotator="Nicole Vasilevsky" id="UBERON_Instance_780334" type="identity">
      <class id="UBERON:0000966" label="retina"/>
      <span end="28181" id="17608565-29640" start="28174">retinas</span>
    </annotation>
    <annotation annotator="Nicole Vasilevsky" id="UBERON_Instance_780336" type="identity">
      <class id="UBERON:0000966" label="retina"/>
      <span end="28566" id="17608565-29642" start="28560">retina</span>
    </annotation>
    <annotation annotator="Nicole Vasilevsky" id="UBERON_Instance_780338" type="identity">
      <class id="UBERON:0000966" label="retina"/>
      <span end="28594" id="17608565-29644" start="28587">retinal</span>
    </annotation>
    <annotation annotator="Nicole Vasilevsky" id="UBERON_Instance_780340" type="identity">
      <class id="UBERON:0001791" label="inner nuclear layer of retina"/>
      <span end="28740" id="17608565-29646" start="28737">INL</span>
    </annotation>
    <annotation annotator="Nicole Vasilevsky" id="UBERON_Instance_780342" type="identity">
      <class id="UBERON:0000966" label="retina"/>
      <span end="28768" id="17608565-29648" start="28761">retinal</span>
    </annotation>
    <annotation annotator="Nicole Vasilevsky" id="UBERON_Instance_780344" type="identity">
      <class id="UBERON:0000966" label="retina"/>
      <span end="29008" id="17608565-29650" start="29001">retinas</span>
    </annotation>
    <annotation annotator="Nicole Vasilevsky" id="UBERON_Instance_780346" type="identity">
      <class id="UBERON:0000966" label="retina"/>
      <span end="29160" id="17608565-29652" start="29153">retinas</span>
    </annotation>
    <annotation annotator="Nicole Vasilevsky" id="UBERON_Instance_780348" type="identity">
      <class id="UBERON_EXT:skeletal_muscle_organ_or_tissue" label="skeletal muscle organ or tissue"/>
      <span end="29431" id="17608565-29654" start="29416">skeletal muscle</span>
    </annotation>
    <annotation annotator="Nicole Vasilevsky" id="UBERON_Instance_780350" type="identity">
      <class id="UBERON_EXT:bone_element_or_tissue" label="bone element or tissue"/>
      <span end="29453" id="17608565-29656" start="29449">bone</span>
    </annotation>
    <annotation annotator="Nicole Vasilevsky" id="UBERON_Instance_780352" type="identity">
      <class id="UBERON:0000479" label="tissue"/>
      <span end="29498" id="17608565-29658" start="29492">tissue</span>
    </annotation>
    <annotation annotator="Nicole Vasilevsky" id="UBERON_Instance_780354" type="identity">
      <class id="UBERON:0000966" label="retina"/>
      <span end="29620" id="17608565-29660" start="29614">retina</span>
    </annotation>
    <annotation annotator="Nicole Vasilevsky" id="UBERON_Instance_780356" type="identity">
      <class id="UBERON:0000966" label="retina"/>
      <span end="30407" id="17608565-29662" start="30401">retina</span>
    </annotation>
    <annotation annotator="Nicole Vasilevsky" id="UBERON_Instance_780358" type="identity">
      <class id="UBERON:0000966" label="retina"/>
      <span end="30577" id="17608565-29664" start="30571">retina</span>
    </annotation>
    <annotation annotator="Nicole Vasilevsky" id="UBERON_Instance_780360" type="identity">
      <class id="UBERON:0000045" label="ganglion"/>
      <span end="30605" id="17608565-29666" start="30597">ganglion</span>
    </annotation>
    <annotation annotator="Nicole Vasilevsky" id="UBERON_Instance_780362" type="identity">
      <class id="UBERON:0000966" label="retina"/>
      <span end="31037" id="17608565-29668" start="31031">retina</span>
    </annotation>
    <annotation annotator="Nicole Vasilevsky" id="UBERON_Instance_780364" type="identity">
      <class id="UBERON:0000966" label="retina"/>
      <span end="31089" id="17608565-29670" start="31083">retina</span>
    </annotation>
    <annotation annotator="Nicole Vasilevsky" id="UBERON_Instance_780366" type="identity">
      <class id="UBERON:0000966" label="retina"/>
      <span end="31132" id="17608565-29672" start="31126">retina</span>
    </annotation>
    <annotation annotator="Nicole Vasilevsky" id="UBERON_Instance_780368" type="identity">
      <class id="UBERON:0000045" label="ganglion"/>
      <span end="31200" id="17608565-29674" start="31192">ganglion</span>
    </annotation>
    <annotation annotator="Nicole Vasilevsky" id="UBERON_Instance_780370" type="identity">
      <class id="UBERON:0000045" label="ganglion"/>
      <span end="31441" id="17608565-29676" start="31433">ganglion</span>
    </annotation>
    <annotation annotator="Nicole Vasilevsky" id="UBERON_Instance_780372" type="identity">
      <class id="UBERON:0001791" label="inner nuclear layer of retina"/>
      <span end="31476" id="17608565-29678" start="31473">INL</span>
    </annotation>
    <annotation annotator="Nicole Vasilevsky" id="UBERON_Instance_780374" type="identity">
      <class id="UBERON:0001791" label="inner nuclear layer of retina"/>
      <span end="31570" id="17608565-29680" start="31567">INL</span>
    </annotation>
    <annotation annotator="Nicole Vasilevsky" id="UBERON_Instance_780376" type="identity">
      <class id="UBERON:0000966" label="retina"/>
      <span end="31881" id="17608565-29682" start="31875">retina</span>
    </annotation>
    <annotation annotator="Nicole Vasilevsky" id="UBERON_Instance_780378" type="identity">
      <class id="UBERON:0000966" label="retina"/>
      <span end="31945" id="17608565-29684" start="31939">retina</span>
    </annotation>
    <annotation annotator="Nicole Vasilevsky" id="UBERON_Instance_780380" type="identity">
      <class id="UBERON:0001791" label="inner nuclear layer of retina"/>
      <span end="32123" id="17608565-29686" start="32120">INL</span>
    </annotation>
    <annotation annotator="Nicole Vasilevsky" id="UBERON_Instance_780382" type="identity">
      <class id="UBERON:0000966" label="retina"/>
      <span end="32321" id="17608565-29688" start="32315">retina</span>
    </annotation>
    <annotation annotator="Nicole Vasilevsky" id="UBERON_Instance_780384" type="identity">
      <class id="UBERON:0000966" label="retina"/>
      <span end="32455" id="17608565-29690" start="32449">retina</span>
    </annotation>
    <annotation annotator="Nicole Vasilevsky" id="UBERON_Instance_780386" type="identity">
      <class id="UBERON:0000966" label="retina"/>
      <span end="32530" id="17608565-29692" start="32524">retina</span>
    </annotation>
    <annotation annotator="Nicole Vasilevsky" id="UBERON_Instance_780388" type="identity">
      <class id="UBERON:0001017" label="central nervous system"/>
      <span end="32946" id="17608565-29694" start="32943">CNS</span>
    </annotation>
    <annotation annotator="Nicole Vasilevsky" id="UBERON_Instance_780390" type="identity">
      <class id="UBERON:0000966" label="retina"/>
      <span end="33045" id="17608565-29696" start="33038">retinal</span>
    </annotation>
    <annotation annotator="Nicole Vasilevsky" id="UBERON_Instance_780392" type="identity">
      <class id="UBERON:0000479" label="tissue"/>
      <span end="33235" id="17608565-29698" start="33228">tissues</span>
    </annotation>
    <annotation annotator="Nicole Vasilevsky" id="UBERON_Instance_780394" type="identity">
      <class id="UBERON:0013682" label="peripheral region of retina"/>
      <span end="33558" id="17608565-29700" start="33541">peripheral retina</span>
    </annotation>
    <annotation annotator="Nicole Vasilevsky" id="UBERON_Instance_780396" type="identity">
      <class id="UBERON:0000966" label="retina"/>
      <span end="33585" id="17608565-29702" start="33579">retina</span>
    </annotation>
    <annotation annotator="Nicole Vasilevsky" id="UBERON_Instance_780398" type="identity">
      <class id="UBERON:0000966" label="retina"/>
      <span end="33769" id="17608565-29704" start="33763">retina</span>
    </annotation>
    <annotation annotator="Nicole Vasilevsky" id="UBERON_Instance_780400" type="identity">
      <class id="UBERON:0013682" label="peripheral region of retina"/>
      <span end="34049" id="17608565-29706" start="34032">peripheral retina</span>
    </annotation>
    <annotation annotator="Nicole Vasilevsky" id="UBERON_Instance_780402" type="identity">
      <class id="UBERON:0000966" label="retina"/>
      <span end="34285" id="17608565-29708" start="34279">retina</span>
    </annotation>
    <annotation annotator="Nicole Vasilevsky" id="UBERON_Instance_780404" type="identity">
      <class id="UBERON:0000045" label="ganglion"/>
      <span end="34401" id="17608565-29710" start="34393">ganglion</span>
    </annotation>
    <annotation annotator="Nicole Vasilevsky" id="UBERON_Instance_780408" type="identity">
      <class id="UBERON:0013682" label="peripheral region of retina"/>
      <span end="34526" id="17608565-29712" start="34509">peripheral retina</span>
    </annotation>
    <annotation annotator="Nicole Vasilevsky" id="UBERON_Instance_780410" type="identity">
      <class id="UBERON:0000966" label="retina"/>
      <span end="34727" id="17608565-29714" start="34720">retinal</span>
    </annotation>
    <annotation annotator="Nicole Vasilevsky" id="UBERON_Instance_780412" type="identity">
      <class id="UBERON:0000966" label="retina"/>
      <span end="34831" id="17608565-29716" start="34824">retinal</span>
    </annotation>
    <annotation annotator="Nicole Vasilevsky" id="UBERON_Instance_780414" type="identity">
      <class id="UBERON:0013682" label="peripheral region of retina"/>
      <span end="34978" id="17608565-29718" start="34968">peripheral</span>
      <span end="35003" id="17608565-29719" start="34997">retina</span>
    </annotation>
    <annotation annotator="Nicole Vasilevsky" id="UBERON_Instance_780418" type="identity">
      <class id="UBERON:0013682" label="peripheral region of retina"/>
      <span end="35092" id="17608565-29721" start="35082">peripheral</span>
      <span end="35106" id="17608565-29722" start="35099">retinal</span>
    </annotation>
    <annotation annotator="Nicole Vasilevsky" id="UBERON_Instance_780420" type="identity">
      <class id="UBERON:0000966" label="retina"/>
      <span end="35151" id="17608565-29724" start="35144">retinal</span>
    </annotation>
    <annotation annotator="Nicole Vasilevsky" id="UBERON_Instance_780422" type="identity">
      <class id="UBERON:0013682" label="peripheral region of retina"/>
      <span end="35279" id="17608565-29726" start="35269">peripheral</span>
      <span end="35299" id="17608565-29727" start="35292">retinal</span>
    </annotation>
    <annotation annotator="Nicole Vasilevsky" id="UBERON_Instance_780424" type="identity">
      <class id="UBERON:0000966" label="retina"/>
      <span end="35328" id="17608565-29729" start="35321">retinal</span>
    </annotation>
    <annotation annotator="Nicole Vasilevsky" id="UBERON_Instance_780428" type="identity">
      <class id="UBERON:0002616" label="regional part of brain"/>
      <span end="35645" id="17608565-29731" start="35632">brain regions</span>
    </annotation>
    <annotation annotator="Nicole Vasilevsky" id="UBERON_Instance_780430" type="identity">
      <class id="UBERON:0001876" label="amygdala"/>
      <span end="35696" id="17608565-29733" start="35688">amygdala</span>
    </annotation>
    <annotation annotator="Nicole Vasilevsky" id="UBERON_Instance_780432" type="identity">
      <class id="UBERON:0000966" label="retina"/>
      <span end="35889" id="17608565-29735" start="35882">retinal</span>
    </annotation>
    <annotation annotator="Nicole Vasilevsky" id="UBERON_Instance_780434" type="identity">
      <class id="UBERON:0002616" label="regional part of brain"/>
      <span end="35991" id="17608565-29737" start="35981">regions of</span>
      <span end="36001" id="17608565-29738" start="35996">brain</span>
    </annotation>
    <annotation annotator="Nicole Vasilevsky" id="UBERON_Instance_780436" type="identity">
      <class id="UBERON:0001948" label="regional part of spinal cord"/>
      <span end="35991" id="17608565-29740" start="35981">regions of</span>
      <span end="36017" id="17608565-29741" start="36006">spinal cord</span>
    </annotation>
    <annotation annotator="Nicole Vasilevsky" id="UBERON_Instance_780438" type="identity">
      <class id="UBERON:0001890" label="forebrain"/>
      <span end="36134" id="17608565-29743" start="36125">forebrain</span>
    </annotation>
    <annotation annotator="Nicole Vasilevsky" id="UBERON_Instance_780440" type="identity">
      <class id="UBERON_EXT:neural_tissue_or_nerve_or_nervous_system" label="neural tissue, nerve, or nervous system"/>
      <span end="36332" id="17608565-29745" start="36326">neural</span>
    </annotation>
    <annotation annotator="Nicole Vasilevsky" id="UBERON_Instance_780442" type="identity">
      <class id="GO_UBERON_EXT:cellular_component_or_cell_part" label="cell component/part"/>
      <span end="36668" id="17608565-29747" start="36657">subcellular</span>
    </annotation>
    <annotation annotator="Nicole Vasilevsky" id="UBERON_Instance_780444" type="identity">
      <class id="UBERON:0000966" label="retina"/>
      <span end="36828" id="17608565-29749" start="36822">retina</span>
    </annotation>
    <annotation annotator="Nicole Vasilevsky" id="UBERON_Instance_780446" type="identity">
      <class id="UBERON:0000966" label="retina"/>
      <span end="37123" id="17608565-29751" start="37116">retinal</span>
    </annotation>
    <annotation annotator="Nicole Vasilevsky" id="UBERON_Instance_780448" type="identity">
      <class id="UBERON:0000966" label="retina"/>
      <span end="37507" id="17608565-29753" start="37500">retinal</span>
    </annotation>
    <annotation annotator="Nicole Vasilevsky" id="UBERON_Instance_780450" type="identity">
      <class id="UBERON:0000966" label="retina"/>
      <span end="38111" id="17608565-29755" start="38105">retina</span>
    </annotation>
    <annotation annotator="Nicole Vasilevsky" id="UBERON_Instance_780452" type="identity">
      <class id="UBERON:0000045" label="ganglion"/>
      <span end="38197" id="17608565-29757" start="38189">ganglion</span>
    </annotation>
    <annotation annotator="Nicole Vasilevsky" id="UBERON_Instance_780454" type="identity">
      <class id="GO_UBERON_EXT:cellular_component_or_cell_part" label="cell component/part"/>
      <span end="38508" id="17608565-29759" start="38497">subcellular</span>
    </annotation>
    <annotation annotator="Nicole Vasilevsky" id="UBERON_Instance_780456" type="identity">
      <class id="GO_UBERON_EXT:cellular_component_or_cell_part" label="cell component/part"/>
      <span end="38664" id="17608565-29761" start="38653">Subcellular</span>
    </annotation>
    <annotation annotator="Nicole Vasilevsky" id="UBERON_Instance_780458" type="identity">
      <class id="UBERON:0000966" label="retina"/>
      <span end="38749" id="17608565-29763" start="38743">Retina</span>
    </annotation>
    <annotation annotator="Nicole Vasilevsky" id="UBERON_Instance_780460" type="identity">
      <class id="UBERON:0000966" label="retina"/>
      <span end="38820" id="17608565-29765" start="38813">retinal</span>
    </annotation>
    <annotation annotator="Nicole Vasilevsky" id="UBERON_Instance_780462" type="identity">
      <class id="UBERON:0000966" label="retina"/>
      <span end="39512" id="17608565-29767" start="39506">retina</span>
    </annotation>
    <annotation annotator="Nicole Vasilevsky" id="UBERON_Instance_780464" type="identity">
      <class id="UBERON:0000966" label="retina"/>
      <span end="39657" id="17608565-29769" start="39651">retina</span>
    </annotation>
    <annotation annotator="Nicole Vasilevsky" id="UBERON_Instance_780466" type="identity">
      <class id="UBERON:0000966" label="retina"/>
      <span end="39723" id="17608565-29771" start="39717">retina</span>
    </annotation>
    <annotation annotator="Nicole Vasilevsky" id="UBERON_Instance_780468" type="identity">
      <class id="UBERON:0000966" label="retina"/>
      <span end="39787" id="17608565-29773" start="39781">retina</span>
    </annotation>
    <annotation annotator="Nicole Vasilevsky" id="UBERON_Instance_780470" type="identity">
      <class id="UBERON:0000966" label="retina"/>
      <span end="39941" id="17608565-29775" start="39934">retinas</span>
    </annotation>
    <annotation annotator="Nicole Vasilevsky" id="UBERON_Instance_780472" type="identity">
      <class id="UBERON:0000966" label="retina"/>
      <span end="40233" id="17608565-29777" start="40226">retinal</span>
    </annotation>
    <annotation annotator="Nicole Vasilevsky" id="UBERON_Instance_780474" type="identity">
      <class id="UBERON:0000966" label="retina"/>
      <span end="40581" id="17608565-29779" start="40574">retinal</span>
    </annotation>
    <annotation annotator="Nicole Vasilevsky" id="UBERON_Instance_780476" type="identity">
      <class id="UBERON:0000966" label="retina"/>
      <span end="40930" id="17608565-29781" start="40924">retina</span>
    </annotation>
    <annotation annotator="Nicole Vasilevsky" id="UBERON_Instance_780480" type="identity">
      <class id="UBERON:0000966" label="retina"/>
      <span end="41856" id="17608565-29783" start="41850">retina</span>
    </annotation>
    <annotation annotator="Nicole Vasilevsky" id="UBERON_Instance_780482" type="identity">
      <class id="UBERON:0000966" label="retina"/>
      <span end="41918" id="17608565-29785" start="41912">retina</span>
    </annotation>
    <annotation annotator="Nicole Vasilevsky" id="UBERON_Instance_780484" type="identity">
      <class id="UBERON:0000966" label="retina"/>
      <span end="41976" id="17608565-29787" start="41969">retinal</span>
    </annotation>
    <annotation annotator="Nicole Vasilevsky" id="UBERON_Instance_780486" type="identity">
      <class id="UBERON:0000966" label="retina"/>
      <span end="42094" id="17608565-29789" start="42088">retina</span>
    </annotation>
    <annotation annotator="Nicole Vasilevsky" id="UBERON_Instance_780488" type="identity">
      <class id="UBERON:0000966" label="retina"/>
      <span end="42320" id="17608565-29791" start="42314">retina</span>
    </annotation>
    <annotation annotator="Nicole Vasilevsky" id="UBERON_Instance_780490" type="identity">
      <class id="UBERON:0000966" label="retina"/>
      <span end="42910" id="17608565-29793" start="42903">Retinal</span>
    </annotation>
    <annotation annotator="Nicole Vasilevsky" id="UBERON_Instance_780492" type="identity">
      <class id="UBERON:0001987" label="placenta"/>
      <span end="43162" id="17608565-29795" start="43153">placental</span>
    </annotation>
    <annotation annotator="Nicole Vasilevsky" id="UBERON_Instance_780494" type="identity">
      <class id="UBERON:0000966" label="retina"/>
      <span end="43374" id="17608565-29797" start="43368">retina</span>
    </annotation>
    <annotation annotator="Nicole Vasilevsky" id="UBERON_Instance_780496" type="identity">
      <class id="UBERON:0000966" label="retina"/>
      <span end="43704" id="17608565-29799" start="43698">retina</span>
    </annotation>
    <annotation annotator="Nicole Vasilevsky" id="UBERON_Instance_780498" type="identity">
      <class id="UBERON:0000966" label="retina"/>
      <span end="44146" id="17608565-29801" start="44139">retinal</span>
    </annotation>
    <annotation annotator="Nicole Vasilevsky" id="UBERON_Instance_780500" type="identity">
      <class id="UBERON:0000966" label="retina"/>
      <span end="44308" id="17608565-29803" start="44301">retinal</span>
    </annotation>
    <annotation annotator="Nicole Vasilevsky" id="UBERON_Instance_780502" type="identity">
      <class id="UBERON:0000966" label="retina"/>
      <span end="45007" id="17608565-29805" start="45001">retina</span>
    </annotation>
    <annotation annotator="Nicole Vasilevsky" id="UBERON_Instance_780504" type="identity">
      <class id="UBERON:0000966" label="retina"/>
      <span end="45492" id="17608565-29807" start="45486">retina</span>
    </annotation>
    <annotation annotator="Nicole Vasilevsky" id="UBERON_Instance_780506" type="identity">
      <class id="UBERON:0000966" label="retina"/>
      <span end="45531" id="17608565-29809" start="45525">retina</span>
    </annotation>
    <annotation annotator="Nicole Vasilevsky" id="UBERON_Instance_780508" type="identity">
      <class id="UBERON:0000966" label="retina"/>
      <span end="45761" id="17608565-29811" start="45755">retina</span>
    </annotation>
    <annotation annotator="Nicole Vasilevsky" id="UBERON_Instance_780510" type="identity">
      <class id="UBERON:0000966" label="retina"/>
      <span end="45893" id="17608565-29813" start="45886">retinal</span>
    </annotation>
    <annotation annotator="Nicole Vasilevsky" id="UBERON_Instance_780512" type="identity">
      <class id="UBERON_EXT:skeletal_muscle_organ_or_tissue" label="skeletal muscle organ or tissue"/>
      <span end="46389" id="17608565-29815" start="46374">skeletal muscle</span>
    </annotation>
    <annotation annotator="Nicole Vasilevsky" id="UBERON_Instance_780514" type="identity">
      <class id="UBERON_EXT:bone_element_or_tissue" label="bone element or tissue"/>
      <span end="46411" id="17608565-29817" start="46407">bone</span>
    </annotation>
    <annotation annotator="Nicole Vasilevsky" id="UBERON_Instance_780516" type="identity">
      <class id="UBERON:0000479" label="tissue"/>
      <span end="46444" id="17608565-29819" start="46438">tissue</span>
    </annotation>
    <annotation annotator="Nicole Vasilevsky" id="UBERON_Instance_780518" type="identity">
      <class id="UBERON_EXT:muscle_structure_or_tissue" label="muscle structure or tissue"/>
      <span end="46546" id="17608565-29821" start="46540">muscle</span>
    </annotation>
    <annotation annotator="Nicole Vasilevsky" id="UBERON_Instance_780520" type="identity">
      <class id="UBERON:0000966" label="retina"/>
      <span end="47992" id="17608565-29823" start="47986">retina</span>
    </annotation>
    <annotation annotator="Nicole Vasilevsky" id="UBERON_Instance_780522" type="identity">
      <class id="UBERON:0001017" label="central nervous system"/>
      <span end="48030" id="17608565-29825" start="48027">CNS</span>
    </annotation>
    <annotation annotator="Nicole Vasilevsky" id="UBERON_Instance_780524" type="identity">
      <class id="UBERON:0001890" label="forebrain"/>
      <span end="48120" id="17608565-29827" start="48111">forebrain</span>
    </annotation>
    <annotation annotator="Nicole Vasilevsky" id="UBERON_Instance_780526" type="identity">
      <class id="GO_UBERON_EXT:cellular_component_or_cell_part" label="cell component/part"/>
      <span end="49049" id="17608565-29829" start="49038">subcellular</span>
    </annotation>
    <annotation annotator="Nicole Vasilevsky" id="UBERON_Instance_780528" type="identity">
      <class id="GO_UBERON_EXT:cellular_component_or_cell_part" label="cell component/part"/>
      <span end="49302" id="17608565-29831" start="49291">subcellular</span>
    </annotation>
    <annotation annotator="Nicole Vasilevsky" id="UBERON_Instance_780530" type="identity">
      <class id="UBERON:0000966" label="retina"/>
      <span end="49337" id="17608565-29833" start="49330">retinal</span>
    </annotation>
    <annotation annotator="Nicole Vasilevsky" id="UBERON_Instance_780532" type="identity">
      <class id="UBERON:0000966" label="retina"/>
      <span end="49982" id="17608565-29835" start="49975">retinal</span>
    </annotation>
    <annotation annotator="Nicole Vasilevsky" id="UBERON_Instance_780536" type="identity">
      <class id="UBERON_EXT:muscle_structure_or_tissue" label="muscle structure or tissue"/>
      <span end="50173" id="17608565-29837" start="50167">muscle</span>
    </annotation>
    <annotation annotator="Nicole Vasilevsky" id="UBERON_Instance_780538" type="identity">
      <class id="UBERON:0000966" label="retina"/>
      <span end="50338" id="17608565-29839" start="50332">retina</span>
    </annotation>
    <annotation annotator="Nicole Vasilevsky" id="UBERON_Instance_780540" type="identity">
      <class id="UBERON:0003929" label="digestive tract epithelium"/>
      <span end="50675" id="17608565-29841" start="50672">gut</span>
      <span end="50694" id="17608565-29842" start="50685">epithelia</span>
    </annotation>
    <annotation annotator="Nicole Vasilevsky" id="UBERON_Instance_780542" type="identity">
      <class id="UBERON:0019204" label="skin epithelium"/>
      <span end="50694" id="17608565-29844" start="50680">skin epithelia</span>
    </annotation>
    <annotation annotator="Nicole Vasilevsky" id="UBERON_Instance_780544" type="identity">
      <class id="UBERON_EXT:muscle_structure_or_tissue" label="muscle structure or tissue"/>
      <span end="50702" id="17608565-29846" start="50696">muscle</span>
    </annotation>
    <annotation annotator="Nicole Vasilevsky" id="UBERON_Instance_780546" type="identity">
      <class id="CL_UBERON_EXT:lens_fiber" label="lens fiber"/>
      <span end="50719" id="17608565-29848" start="50708">lens fibres</span>
    </annotation>
    <annotation annotator="Nicole Vasilevsky" id="UBERON_Instance_780548" type="identity">
      <class id="UBERON:0000966" label="retina"/>
      <span end="51059" id="17608565-29850" start="51053">retina</span>
    </annotation>
    <annotation annotator="Nicole Vasilevsky" id="UBERON_Instance_780550" type="identity">
      <class id="UBERON:0000955" label="brain"/>
      <span end="51216" id="17608565-29852" start="51211">brain</span>
    </annotation>
    <annotation annotator="Nicole Vasilevsky" id="UBERON_Instance_780552" type="identity">
      <class id="UBERON:0003053" label="ventricular zone"/>
      <span end="51270" id="17608565-29854" start="51254">ventricular zone</span>
    </annotation>
    <annotation annotator="Nicole Vasilevsky" id="UBERON_Instance_780554" type="identity">
      <class id="UBERON:0003929" label="digestive tract epithelium"/>
      <span end="51366" id="17608565-29856" start="51353">gut epithelia</span>
    </annotation>
    <annotation annotator="Nicole Vasilevsky" id="UBERON_Instance_840470" type="identity">
      <class id="GO_UBERON_EXT:villus" label="villus"/>
      <span end="51415" id="17608565-29992" start="51410">villi</span>
    </annotation>
    <annotation annotator="Nicole Vasilevsky" id="UBERON_Instance_780558" type="identity">
      <class id="UBERON:0000966" label="retina"/>
      <span end="52741" id="17608565-29858" start="52735">retina</span>
    </annotation>
    <annotation annotator="Nicole Vasilevsky" id="UBERON_Instance_780560" type="identity">
      <class id="UBERON:0000479" label="tissue"/>
      <span end="53408" id="17608565-29860" start="53402">tissue</span>
    </annotation>
    <annotation annotator="Nicole Vasilevsky" id="UBERON_Instance_780562" type="identity">
      <class id="UBERON:0000479" label="tissue"/>
      <span end="53795" id="17608565-29862" start="53788">tissues</span>
    </annotation>
    <annotation annotator="Nicole Vasilevsky" id="UBERON_Instance_780564" type="identity">
      <class id="UBERON:0010230" label="eyeball of camera-type eye"/>
      <span end="54727" id="17608565-29864" start="54719">Eyeballs</span>
    </annotation>
    <annotation annotator="Nicole Vasilevsky" id="UBERON_Instance_780566" type="identity">
      <class id="UBERON_EXT:body" label="body (proper or whole multicellular organism)"/>
      <span end="54990" id="17608565-29866" start="54986">body</span>
    </annotation>
    <annotation annotator="Nicole Vasilevsky" id="UBERON_Instance_780568" type="identity">
      <class id="UBERON:0001179" label="peritoneal cavity"/>
      <span end="55029" id="17608565-29868" start="55017">peritoneally</span>
    </annotation>
    <annotation annotator="Nicole Vasilevsky" id="UBERON_Instance_780570" type="identity">
      <class id="UBERON:0000966" label="retina"/>
      <span end="56572" id="17608565-29870" start="56566">retina</span>
    </annotation>
    <annotation annotator="Nicole Vasilevsky" id="UBERON_Instance_780574" type="identity">
      <class id="UBERON:0004086" label="brain ventricle"/>
      <span end="56630" id="17608565-29874" start="56619">ventricular</span>
    </annotation>
    <annotation annotator="Nicole Vasilevsky" id="UBERON_Instance_780572" type="identity">
      <class id="UBERON:0000966" label="retina"/>
      <span end="56649" id="17608565-29872" start="56643">retina</span>
    </annotation>
    <annotation annotator="Nicole Vasilevsky" id="UBERON+extensions+nested_Instance_70004" type="identity">
      <class id="UBERON:0001797" label="vitreous humor"/>
      <span end="56702" id="17608565-29330" start="56695">vitreal</span>
    </annotation>
    <annotation annotator="Nicole Vasilevsky" id="UBERON_Instance_780578" type="identity">
      <class id="UBERON:0000966" label="retina"/>
      <span end="56800" id="17608565-29876" start="56794">retina</span>
    </annotation>
    <annotation annotator="Nicole Vasilevsky" id="UBERON_Instance_780580" type="identity">
      <class id="UBERON_EXT:optic_nerve" label="optic nerve"/>
      <span end="57194" id="17608565-29878" start="57183">optic nerve</span>
    </annotation>
    <annotation annotator="Nicole Vasilevsky" id="UBERON_Instance_780582" type="identity">
      <class id="UBERON_EXT:optic_nerve" label="optic nerve"/>
      <span end="57319" id="17608565-29880" start="57308">optic nerve</span>
    </annotation>
    <annotation annotator="Nicole Vasilevsky" id="UBERON_Instance_780584" type="identity">
      <class id="UBERON:0000970" label="eye"/>
      <span end="57356" id="17608565-29882" start="57353">eye</span>
    </annotation>
    <annotation annotator="Nicole Vasilevsky" id="UBERON_Instance_780586" type="identity">
      <class id="UBERON:0000970" label="eye"/>
      <span end="57371" id="17608565-29884" start="57367">eyes</span>
    </annotation>
    <annotation annotator="Nicole Vasilevsky" id="UBERON_Instance_780588" type="identity">
      <class id="UBERON:0013682" label="peripheral region of retina"/>
      <span end="57514" id="17608565-29886" start="57497">peripheral retina</span>
    </annotation>
    <annotation annotator="Nicole Vasilevsky" id="UBERON_Instance_780590" type="identity">
      <class id="UBERON:0000966" label="retina"/>
      <span end="58998" id="17608565-29888" start="58991">retinas</span>
    </annotation>
    <annotation annotator="Nicole Vasilevsky" id="UBERON_Instance_780594" type="identity">
      <class id="UBERON:0001913" label="milk"/>
      <span end="59406" id="17608565-29890" start="59402">milk</span>
    </annotation>
    <annotation annotator="Nicole Vasilevsky" id="UBERON_Instance_780596" type="identity">
      <class id="UBERON_EXT:zone_of_skin_or_skin_of_body" label="skin"/>
      <span end="60461" id="17608565-29892" start="60452">cutaneous</span>
    </annotation>
    <annotation annotator="Nicole Vasilevsky" id="UBERON_Instance_780598" type="identity">
      <class id="UBERON_EXT:body" label="body (proper or whole multicellular organism)"/>
      <span end="60538" id="17608565-29894" start="60534">body</span>
    </annotation>
    <annotation annotator="Nicole Vasilevsky" id="UBERON_Instance_780600" type="identity">
      <class id="UBERON:0001771" label="pupil"/>
      <span end="60558" id="17608565-29896" start="60552">pupils</span>
    </annotation>
    <annotation annotator="Nicole Vasilevsky" id="UBERON_Instance_780602" type="identity">
      <class id="UBERON:0000966" label="retina"/>
      <span end="61515" id="17608565-29898" start="61509">Retina</span>
    </annotation>
    <annotation annotator="Nicole Vasilevsky" id="UBERON_Instance_780604" type="identity">
      <class id="UBERON:0000966" label="retina"/>
      <span end="61691" id="17608565-29900" start="61684">retinas</span>
    </annotation>
    <annotation annotator="Nicole Vasilevsky" id="UBERON_Instance_780608" type="identity">
      <class id="UBERON:0000922" label="embryo"/>
      <span end="62026" id="17608565-29904" start="62017">Embryonic</span>
    </annotation>
    <annotation annotator="Nicole Vasilevsky" id="UBERON_Instance_780606" type="identity">
      <class id="UBERON:0000966" label="retina"/>
      <span end="62039" id="17608565-29902" start="62033">Retina</span>
    </annotation>
    <annotation annotator="Nicole Vasilevsky" id="UBERON_Instance_780610" type="identity">
      <class id="UBERON:0000966" label="retina"/>
      <span end="62303" id="17608565-29906" start="62296">retinas</span>
    </annotation>
    <annotation annotator="Nicole Vasilevsky" id="UBERON_Instance_780612" type="identity">
      <class id="UBERON:0000966" label="retina"/>
      <span end="62359" id="17608565-29908" start="62353">retina</span>
    </annotation>
    <annotation annotator="Nicole Vasilevsky" id="UBERON_Instance_780614" type="identity">
      <class id="UBERON:0000966" label="retina"/>
      <span end="62622" id="17608565-29910" start="62616">Retina</span>
    </annotation>
    <annotation annotator="Nicole Vasilevsky" id="UBERON_Instance_780678" type="identity">
      <class id="UBERON:0000966" label="retina"/>
      <span end="62646" id="17608565-29970" start="62639">retinal</span>
    </annotation>
    <annotation annotator="Nicole Vasilevsky" id="UBERON_Instance_780616" type="identity">
      <class id="UBERON:0000966" label="retina"/>
      <span end="62967" id="17608565-29912" start="62961">retina</span>
    </annotation>
    <annotation annotator="Nicole Vasilevsky" id="UBERON_Instance_780618" type="identity">
      <class id="UBERON:0000045" label="ganglion"/>
      <span end="63161" id="17608565-29914" start="63153">Ganglion</span>
    </annotation>
    <annotation annotator="Nicole Vasilevsky" id="UBERON_Instance_780620" type="identity">
      <class id="UBERON:0000966" label="retina"/>
      <span end="63209" id="17608565-29916" start="63203">Retina</span>
    </annotation>
    <annotation annotator="Nicole Vasilevsky" id="UBERON_Instance_780622" type="identity">
      <class id="UBERON:0000966" label="retina"/>
      <span end="63233" id="17608565-29918" start="63226">retinal</span>
    </annotation>
    <annotation annotator="Nicole Vasilevsky" id="UBERON_Instance_780624" type="identity">
      <class id="UBERON:0000045" label="ganglion"/>
      <span end="63358" id="17608565-29920" start="63350">ganglion</span>
    </annotation>
    <annotation annotator="Nicole Vasilevsky" id="UBERON_Instance_780626" type="identity">
      <class id="UBERON:0000045" label="ganglion"/>
      <span end="63519" id="17608565-29922" start="63511">ganglion</span>
    </annotation>
    <annotation annotator="Nicole Vasilevsky" id="UBERON_Instance_780628" type="identity">
      <class id="UBERON:0001789" label="outer nuclear layer of retina"/>
      <span end="63619" id="17608565-29924" start="63616">ONL</span>
    </annotation>
    <annotation annotator="Nicole Vasilevsky" id="UBERON_Instance_780630" type="identity">
      <class id="UBERON:0000966" label="retina"/>
      <span end="63744" id="17608565-29926" start="63738">retina</span>
    </annotation>
    <annotation annotator="Nicole Vasilevsky" id="UBERON_Instance_780632" type="identity">
      <class id="UBERON:0000966" label="retina"/>
      <span end="63927" id="17608565-29928" start="63920">Retinal</span>
    </annotation>
    <annotation annotator="Nicole Vasilevsky" id="UBERON_Instance_780634" type="identity">
      <class id="UBERON:0000966" label="retina"/>
      <span end="64255" id="17608565-29930" start="64248">retinal</span>
    </annotation>
    <annotation annotator="Nicole Vasilevsky" id="UBERON_Instance_780636" type="identity">
      <class id="UBERON:0000966" label="retina"/>
      <span end="64583" id="17608565-29932" start="64577">Retina</span>
    </annotation>
    <annotation annotator="Nicole Vasilevsky" id="UBERON_Instance_780638" type="identity">
      <class id="UBERON:0000966" label="retina"/>
      <span end="64633" id="17608565-29934" start="64627">Retina</span>
    </annotation>
    <annotation annotator="Nicole Vasilevsky" id="UBERON_Instance_780640" type="identity">
      <class id="UBERON:0000966" label="retina"/>
      <span end="64700" id="17608565-29936" start="64694">retina</span>
    </annotation>
    <annotation annotator="Nicole Vasilevsky" id="UBERON_Instance_780642" type="identity">
      <class id="UBERON:0000966" label="retina"/>
      <span end="64836" id="17608565-29938" start="64830">retina</span>
    </annotation>
    <annotation annotator="Nicole Vasilevsky" id="UBERON_Instance_780644" type="identity">
      <class id="UBERON:0000966" label="retina"/>
      <span end="64973" id="17608565-29940" start="64967">retina</span>
    </annotation>
    <annotation annotator="Nicole Vasilevsky" id="UBERON_Instance_780646" type="identity">
      <class id="UBERON:0013682" label="peripheral region of retina"/>
      <span end="65094" id="17608565-29942" start="65077">peripheral retina</span>
    </annotation>
    <annotation annotator="Nicole Vasilevsky" id="UBERON_Instance_780648" type="identity">
      <class id="UBERON:0000966" label="retina"/>
      <span end="65242" id="17608565-29944" start="65236">retina</span>
    </annotation>
    <annotation annotator="Nicole Vasilevsky" id="UBERON_Instance_780652" type="identity">
      <class id="GO_UBERON_EXT:cellular_component_or_cell_part" label="cell component/part"/>
      <span end="65399" id="17608565-29948" start="65388">Subcellular</span>
    </annotation>
    <annotation annotator="Nicole Vasilevsky" id="UBERON_Instance_780650" type="identity">
      <class id="UBERON:0000966" label="retina"/>
      <span end="65454" id="17608565-29946" start="65448">Retina</span>
    </annotation>
    <annotation annotator="Nicole Vasilevsky" id="UBERON_Instance_780654" type="identity">
      <class id="UBERON:0000966" label="retina"/>
      <span end="65525" id="17608565-29950" start="65518">retinal</span>
    </annotation>
    <annotation annotator="Nicole Vasilevsky" id="UBERON_Instance_780656" type="identity">
      <class id="UBERON:0001017" label="central nervous system"/>
      <span end="66806" id="17608565-29952" start="66803">CNS</span>
    </annotation>
    <annotation annotator="Nicole Vasilevsky" id="UBERON_Instance_780658" type="identity">
      <class id="UBERON:0001017" label="central nervous system"/>
      <span end="66831" id="17608565-29954" start="66809">central nervous system</span>
    </annotation>
    <annotation annotator="Nicole Vasilevsky" id="UBERON_Instance_780660" type="identity">
      <class id="UBERON:0000922" label="embryo"/>
      <span end="66913" id="17608565-29956" start="66904">embryonic</span>
    </annotation>
    <annotation annotator="Nicole Vasilevsky" id="UBERON_Instance_790006" type="identity">
      <class id="UBERON:0001792" label="ganglionic layer of retina"/>
      <span end="67059" id="17608565-29972" start="67056">GCL</span>
    </annotation>
    <annotation annotator="Nicole Vasilevsky" id="UBERON_Instance_790008" type="identity">
      <class id="UBERON:0001792" label="ganglionic layer of retina"/>
      <span end="67081" id="17608565-29974" start="67062">ganglion cell layer</span>
    </annotation>
    <annotation annotator="Nicole Vasilevsky" id="UBERON_Instance_780666" type="identity">
      <class id="UBERON:0001791" label="inner nuclear layer of retina"/>
      <span end="67086" id="17608565-29958" start="67083">INL</span>
    </annotation>
    <annotation annotator="Nicole Vasilevsky" id="UBERON_Instance_780668" type="identity">
      <class id="UBERON:0001791" label="inner nuclear layer of retina"/>
      <span end="67108" id="17608565-29960" start="67089">inner nuclear layer</span>
    </annotation>
    <annotation annotator="Nicole Vasilevsky" id="UBERON_Instance_820018" type="identity">
      <class id="UBERON:0001795" label="inner plexiform layer of retina"/>
      <span end="67113" id="17608565-29986" start="67110">IPL</span>
    </annotation>
    <annotation annotator="Nicole Vasilevsky" id="UBERON_Instance_820016" type="identity">
      <class id="UBERON:0001795" label="inner plexiform layer of retina"/>
      <span end="67137" id="17608565-29984" start="67116">inner plexiform layer</span>
    </annotation>
    <annotation annotator="Nicole Vasilevsky" id="UBERON_Instance_780670" type="identity">
      <class id="UBERON:0001789" label="outer nuclear layer of retina"/>
      <span end="67183" id="17608565-29962" start="67180">ONL</span>
    </annotation>
    <annotation annotator="Nicole Vasilevsky" id="UBERON_Instance_780672" type="identity">
      <class id="UBERON:0001789" label="outer nuclear layer of retina"/>
      <span end="67205" id="17608565-29964" start="67186">outer nuclear layer</span>
    </annotation>
    <annotation annotator="Nicole Vasilevsky" id="UBERON_Instance_820022" type="identity">
      <class id="UBERON:0001790" label="outer plexiform layer of retina"/>
      <span end="67210" id="17608565-29990" start="67207">OPL</span>
    </annotation>
    <annotation annotator="Nicole Vasilevsky" id="UBERON_Instance_820020" type="identity">
      <class id="UBERON:0001790" label="outer plexiform layer of retina"/>
      <span end="67234" id="17608565-29988" start="67213">outer plexiform layer</span>
    </annotation>
    <annotation annotator="Nicole Vasilevsky" id="UBERON_Instance_780674" type="identity">
      <class id="UBERON:0000966" label="retina"/>
      <span end="67338" id="17608565-29966" start="67331">retinal</span>
    </annotation>
    <annotation annotator="Nicole Vasilevsky" id="UBERON_Instance_780676" type="identity">
      <class id="UBERON:0000966" label="retina"/>
      <span end="67369" id="17608565-29968" start="67362">retinal</span>
    </annotation>
    <graph-space id="Old Knowtator Relations"/>
  </document>
</knowtator-project>
