<?xml version="1.0" encoding="UTF-8" standalone="no"?>
<knowtator-project>
  <document id="17696610" text-file="17696610.txt">
    <annotation annotator="Nicole Vasilevsky" id="UBERON_Instance_781252" type="identity">
      <class id="PATO_UBERON_EXT:male_or_bearer_of_maleness" label="male organism/bearer of maleness"/>
      <span end="4708" id="17696610-30228" start="4704">male</span>
    </annotation>
    <annotation annotator="Nicole Vasilevsky" id="UBERON_Instance_781020" type="identity">
      <class id="UBERON:0002046" label="thyroid gland"/>
      <span end="6670" id="17696610-29997" start="6663">thyroid</span>
    </annotation>
    <annotation annotator="Nicole Vasilevsky" id="UBERON_Instance_781022" type="identity">
      <class id="UBERON:0005291" label="embryonic tissue"/>
      <span end="7179" id="17696610-29999" start="7170">embryonic</span>
      <span end="7197" id="17696610-30000" start="7190">tissues</span>
    </annotation>
    <annotation annotator="Nicole Vasilevsky" id="UBERON_Instance_781024" type="identity">
      <class id="UBERON:0007023" label="adult organism"/>
      <span end="7189" id="17696610-30002" start="7184">adult</span>
    </annotation>
    <annotation annotator="Nicole Vasilevsky" id="UBERON_Instance_781026" type="identity">
      <class id="UBERON:0000473" label="testis"/>
      <span end="7215" id="17696610-30004" start="7209">testis</span>
    </annotation>
    <annotation annotator="Nicole Vasilevsky" id="UBERON_Instance_781028" type="identity">
      <class id="UBERON:0000479" label="tissue"/>
      <span end="8060" id="17696610-30006" start="8053">tissues</span>
    </annotation>
    <annotation annotator="Nicole Vasilevsky" id="UBERON_Instance_781030" type="identity">
      <class id="UBERON:0000948" label="heart"/>
      <span end="8070" id="17696610-30008" start="8065">heart</span>
    </annotation>
    <annotation annotator="Nicole Vasilevsky" id="UBERON_Instance_781032" type="identity">
      <class id="UBERON:0000955" label="brain"/>
      <span end="8080" id="17696610-30010" start="8075">brain</span>
    </annotation>
    <annotation annotator="Nicole Vasilevsky" id="UBERON_Instance_781034" type="identity">
      <class id="UBERON:0002106" label="spleen"/>
      <span end="8091" id="17696610-30012" start="8085">spleen</span>
    </annotation>
    <annotation annotator="Nicole Vasilevsky" id="UBERON_Instance_781036" type="identity">
      <class id="UBERON:0002048" label="lung"/>
      <span end="8100" id="17696610-30014" start="8096">lung</span>
    </annotation>
    <annotation annotator="Nicole Vasilevsky" id="UBERON_Instance_781038" type="identity">
      <class id="UBERON:0002107" label="liver"/>
      <span end="8110" id="17696610-30016" start="8105">liver</span>
    </annotation>
    <annotation annotator="Nicole Vasilevsky" id="UBERON_Instance_781040" type="identity">
      <class id="UBERON_EXT:skeletal_muscle_organ_or_tissue" label="skeletal muscle organ or tissue"/>
      <span end="8130" id="17696610-30018" start="8115">skeletal muscle</span>
    </annotation>
    <annotation annotator="Nicole Vasilevsky" id="UBERON_Instance_781042" type="identity">
      <class id="UBERON:0002113" label="kidney"/>
      <span end="8141" id="17696610-30020" start="8135">kidney</span>
    </annotation>
    <annotation annotator="Nicole Vasilevsky" id="UBERON_Instance_781044" type="identity">
      <class id="UBERON:0000473" label="testis"/>
      <span end="8152" id="17696610-30022" start="8146">testis</span>
    </annotation>
    <annotation annotator="Nicole Vasilevsky" id="UBERON_Instance_781046" type="identity">
      <class id="UBERON:0000922" label="embryo"/>
      <span end="8166" id="17696610-30024" start="8160">embryo</span>
    </annotation>
    <annotation annotator="Nicole Vasilevsky" id="UBERON_Instance_781048" type="identity">
      <class id="UBERON:0000922" label="embryo"/>
      <span end="8182" id="17696610-30026" start="8176">embryo</span>
    </annotation>
    <annotation annotator="Nicole Vasilevsky" id="UBERON_Instance_781050" type="identity">
      <class id="UBERON:0000922" label="embryo"/>
      <span end="8198" id="17696610-30028" start="8192">embryo</span>
    </annotation>
    <annotation annotator="Nicole Vasilevsky" id="UBERON_Instance_781052" type="identity">
      <class id="UBERON:0000922" label="embryo"/>
      <span end="8218" id="17696610-30030" start="8212">embryo</span>
    </annotation>
    <annotation annotator="Nicole Vasilevsky" id="UBERON_Instance_781054" type="identity">
      <class id="UBERON:0000473" label="testis"/>
      <span end="8443" id="17696610-30032" start="8437">testis</span>
    </annotation>
    <annotation annotator="Nicole Vasilevsky" id="UBERON_Instance_781056" type="identity">
      <class id="UBERON:0000473" label="testis"/>
      <span end="8574" id="17696610-30034" start="8568">testis</span>
    </annotation>
    <annotation annotator="Nicole Vasilevsky" id="UBERON_Instance_781058" type="identity">
      <class id="UBERON:0000473" label="testis"/>
      <span end="8765" id="17696610-30036" start="8759">testes</span>
    </annotation>
    <annotation annotator="Nicole Vasilevsky" id="UBERON_Instance_781060" type="identity">
      <class id="UBERON:0000473" label="testis"/>
      <span end="8809" id="17696610-30038" start="8803">testis</span>
    </annotation>
    <annotation annotator="Nicole Vasilevsky" id="UBERON_Instance_781062" type="identity">
      <class id="UBERON:0000473" label="testis"/>
      <span end="9167" id="17696610-30040" start="9161">testis</span>
    </annotation>
    <annotation annotator="Nicole Vasilevsky" id="UBERON_Instance_781064" type="identity">
      <class id="UBERON:0000483" label="epithelium"/>
      <span end="9306" id="17696610-30042" start="9296">epithelial</span>
    </annotation>
    <annotation annotator="Nicole Vasilevsky" id="UBERON_Instance_781066" type="identity">
      <class id="UBERON:0000025" label="tube"/>
      <span end="9327" id="17696610-30044" start="9320">tubules</span>
    </annotation>
    <annotation annotator="Nicole Vasilevsky" id="UBERON_Instance_781068" type="identity">
      <class id="UBERON:0002415" label="tail"/>
      <span end="10332" id="17696610-30046" start="10327">tails</span>
    </annotation>
    <annotation annotator="Nicole Vasilevsky" id="UBERON_Instance_781070" type="identity">
      <class id="UBERON:0002415" label="tail"/>
      <span end="10471" id="17696610-30048" start="10467">tail</span>
    </annotation>
    <annotation annotator="Nicole Vasilevsky" id="UBERON_Instance_781072" type="identity">
      <class id="UBERON_EXT:body" label="body (proper or whole multicellular organism)"/>
      <span end="10511" id="17696610-30050" start="10507">body</span>
    </annotation>
    <annotation annotator="Nicole Vasilevsky" id="UBERON_Instance_781074" type="identity">
      <class id="UBERON:0002415" label="tail"/>
      <span end="10603" id="17696610-30052" start="10599">tail</span>
    </annotation>
    <annotation annotator="Nicole Vasilevsky" id="UBERON_Instance_781076" type="identity">
      <class id="UBERON:0000473" label="testis"/>
      <span end="10706" id="17696610-30054" start="10700">testes</span>
    </annotation>
    <annotation annotator="Nicole Vasilevsky" id="UBERON_Instance_781078" type="identity">
      <class id="UBERON:0000473" label="testis"/>
      <span end="10814" id="17696610-30056" start="10808">testes</span>
    </annotation>
    <annotation annotator="Nicole Vasilevsky" id="UBERON_Instance_781080" type="identity">
      <class id="UBERON:0000025" label="tube"/>
      <span end="10849" id="17696610-30058" start="10842">tubules</span>
    </annotation>
    <annotation annotator="Nicole Vasilevsky" id="UBERON_Instance_781082" type="identity">
      <class id="UBERON:0000025" label="tube"/>
      <span end="10940" id="17696610-30060" start="10933">tubules</span>
    </annotation>
    <annotation annotator="Nicole Vasilevsky" id="UBERON+extensions+nested_Instance_110037" type="identity">
      <class id="GO_UBERON_EXT:lumen" label="lumen"/>
      <span end="10963" id="17696610-29995" start="10958">lumen</span>
    </annotation>
    <annotation annotator="Nicole Vasilevsky" id="UBERON_Instance_781086" type="identity">
      <class id="UBERON:0000025" label="tube"/>
      <span end="11041" id="17696610-30062" start="11034">tubules</span>
    </annotation>
    <annotation annotator="Nicole Vasilevsky" id="UBERON_Instance_781088" type="identity">
      <class id="UBERON:0000025" label="tube"/>
      <span end="11055" id="17696610-30064" start="11048">tubules</span>
    </annotation>
    <annotation annotator="Nicole Vasilevsky" id="UBERON_Instance_781090" type="identity">
      <class id="UBERON:0000473" label="testis"/>
      <span end="11273" id="17696610-30066" start="11267">testes</span>
    </annotation>
    <annotation annotator="Nicole Vasilevsky" id="UBERON_Instance_781092" type="identity">
      <class id="UBERON:0000473" label="testis"/>
      <span end="11535" id="17696610-30068" start="11529">testes</span>
    </annotation>
    <annotation annotator="Nicole Vasilevsky" id="UBERON_Instance_781094" type="identity">
      <class id="UBERON:0000473" label="testis"/>
      <span end="11680" id="17696610-30070" start="11674">testes</span>
    </annotation>
    <annotation annotator="Nicole Vasilevsky" id="UBERON_Instance_781096" type="identity">
      <class id="UBERON:0000473" label="testis"/>
      <span end="12099" id="17696610-30072" start="12093">testis</span>
    </annotation>
    <annotation annotator="Nicole Vasilevsky" id="UBERON_Instance_781098" type="identity">
      <class id="UBERON:0000473" label="testis"/>
      <span end="12266" id="17696610-30074" start="12260">testes</span>
    </annotation>
    <annotation annotator="Nicole Vasilevsky" id="UBERON_Instance_781100" type="identity">
      <class id="UBERON:0001343" label="seminiferous tubule of testis"/>
      <span end="12568" id="17696610-30076" start="12548">seminiferous tubules</span>
    </annotation>
    <annotation annotator="Nicole Vasilevsky" id="UBERON_Instance_781102" type="identity">
      <class id="UBERON:0000991" label="gonad"/>
      <span end="13075" id="17696610-30078" start="13069">gonads</span>
    </annotation>
    <annotation annotator="Nicole Vasilevsky" id="UBERON_Instance_781104" type="identity">
      <class id="UBERON:0000992" label="female gonad"/>
      <span end="13135" id="17696610-30080" start="13128">Ovaries</span>
    </annotation>
    <annotation annotator="Nicole Vasilevsky" id="UBERON_Instance_781106" type="identity">
      <class id="UBERON:0007023" label="adult organism"/>
      <span end="13144" id="17696610-30082" start="13139">adult</span>
    </annotation>
    <annotation annotator="Nicole Vasilevsky" id="UBERON_Instance_781108" type="identity">
      <class id="PATO_UBERON_EXT:female_or_bearer_of_femaleness" label="female organism/bearer of femaleness"/>
      <span end="13164" id="17696610-30084" start="13157">females</span>
    </annotation>
    <annotation annotator="Nicole Vasilevsky" id="UBERON_Instance_781110" type="identity">
      <class id="UBERON_EXT:follicle" label="follicle"/>
      <span end="13217" id="17696610-30086" start="13208">follicles</span>
    </annotation>
    <annotation annotator="Nicole Vasilevsky" id="UBERON_Instance_781112" type="identity">
      <class id="UBERON:0000992" label="female gonad"/>
      <span end="13360" id="17696610-30088" start="13353">ovaries</span>
    </annotation>
    <annotation annotator="Nicole Vasilevsky" id="UBERON_Instance_781114" type="identity">
      <class id="UBERON_EXT:follicle" label="follicle"/>
      <span end="13469" id="17696610-30090" start="13460">follicles</span>
    </annotation>
    <annotation annotator="Nicole Vasilevsky" id="UBERON_Instance_781118" type="identity">
      <class id="UBERON:0000922" label="embryo"/>
      <span end="13646" id="17696610-30094" start="13637">embryonic</span>
    </annotation>
    <annotation annotator="Nicole Vasilevsky" id="UBERON_Instance_781116" type="identity">
      <class id="UBERON:0000992" label="female gonad"/>
      <span end="13654" id="17696610-30092" start="13647">ovaries</span>
    </annotation>
    <annotation annotator="Nicole Vasilevsky" id="UBERON_Instance_781120" type="identity">
      <class id="UBERON:0000991" label="gonad"/>
      <span end="13798" id="17696610-30096" start="13792">Gonads</span>
    </annotation>
    <annotation annotator="Nicole Vasilevsky" id="UBERON_Instance_781122" type="identity">
      <class id="UBERON:0000473" label="testis"/>
      <span end="13859" id="17696610-30098" start="13853">Testes</span>
    </annotation>
    <annotation annotator="Nicole Vasilevsky" id="UBERON_Instance_781124" type="identity">
      <class id="PATO_UBERON_EXT:male_or_bearer_of_maleness" label="male organism/bearer of maleness"/>
      <span end="13883" id="17696610-30100" start="13878">males</span>
    </annotation>
    <annotation annotator="Nicole Vasilevsky" id="UBERON_Instance_781126" type="identity">
      <class id="UBERON:0000992" label="female gonad"/>
      <span end="13941" id="17696610-30102" start="13936">ovary</span>
    </annotation>
    <annotation annotator="Nicole Vasilevsky" id="UBERON_Instance_781128" type="identity">
      <class id="UBERON:0000992" label="female gonad"/>
      <span end="13974" id="17696610-30104" start="13969">ovary</span>
    </annotation>
    <annotation annotator="Nicole Vasilevsky" id="UBERON_Instance_781130" type="identity">
      <class id="UBERON:0000992" label="female gonad"/>
      <span end="14060" id="17696610-30106" start="14055">ovary</span>
    </annotation>
    <annotation annotator="Nicole Vasilevsky" id="UBERON_Instance_781132" type="identity">
      <class id="UBERON_EXT:follicle" label="follicle"/>
      <span end="14112" id="17696610-30108" start="14103">follicles</span>
    </annotation>
    <annotation annotator="Nicole Vasilevsky" id="UBERON_Instance_781134" type="identity">
      <class id="UBERON:0000992" label="female gonad"/>
      <span end="14144" id="17696610-30110" start="14139">ovary</span>
    </annotation>
    <annotation annotator="Nicole Vasilevsky" id="UBERON_Instance_781136" type="identity">
      <class id="UBERON:0000473" label="testis"/>
      <span end="14252" id="17696610-30112" start="14246">testis</span>
    </annotation>
    <annotation annotator="Nicole Vasilevsky" id="UBERON_Instance_781138" type="identity">
      <class id="UBERON:0000473" label="testis"/>
      <span end="14277" id="17696610-30114" start="14271">testis</span>
    </annotation>
    <annotation annotator="Nicole Vasilevsky" id="UBERON_Instance_781140" type="identity">
      <class id="UBERON:0000473" label="testis"/>
      <span end="14341" id="17696610-30116" start="14335">testis</span>
    </annotation>
    <annotation annotator="Nicole Vasilevsky" id="UBERON_Instance_781142" type="identity">
      <class id="UBERON:0000473" label="testis"/>
      <span end="14405" id="17696610-30118" start="14399">testis</span>
    </annotation>
    <annotation annotator="Nicole Vasilevsky" id="UBERON_Instance_781144" type="identity">
      <class id="UBERON:0000025" label="tube"/>
      <span end="14415" id="17696610-30120" start="14409">tubule</span>
    </annotation>
    <annotation annotator="Nicole Vasilevsky" id="UBERON_Instance_781146" type="identity">
      <class id="UBERON:0000025" label="tube"/>
      <span end="14494" id="17696610-30122" start="14487">tubules</span>
    </annotation>
    <annotation annotator="Nicole Vasilevsky" id="UBERON_Instance_781148" type="identity">
      <class id="UBERON:0000473" label="testis"/>
      <span end="14642" id="17696610-30124" start="14636">testis</span>
    </annotation>
    <annotation annotator="Nicole Vasilevsky" id="UBERON_Instance_781150" type="identity">
      <class id="UBERON:0000025" label="tube"/>
      <span end="14703" id="17696610-30126" start="14697">tubule</span>
    </annotation>
    <annotation annotator="Nicole Vasilevsky" id="UBERON_Instance_781152" type="identity">
      <class id="UBERON:0000473" label="testis"/>
      <span end="14773" id="17696610-30128" start="14767">testis</span>
    </annotation>
    <annotation annotator="Nicole Vasilevsky" id="UBERON_Instance_781154" type="identity">
      <class id="UBERON:0000473" label="testis"/>
      <span end="14863" id="17696610-30130" start="14857">testis</span>
    </annotation>
    <annotation annotator="Nicole Vasilevsky" id="UBERON_Instance_781156" type="identity">
      <class id="UBERON:0000473" label="testis"/>
      <span end="14905" id="17696610-30132" start="14899">testis</span>
    </annotation>
    <annotation annotator="Nicole Vasilevsky" id="UBERON_Instance_781158" type="identity">
      <class id="UBERON:0000473" label="testis"/>
      <span end="15045" id="17696610-30134" start="15039">testis</span>
    </annotation>
    <annotation annotator="Nicole Vasilevsky" id="UBERON_Instance_781160" type="identity">
      <class id="UBERON:0000473" label="testis"/>
      <span end="15078" id="17696610-30136" start="15072">testis</span>
    </annotation>
    <annotation annotator="Nicole Vasilevsky" id="UBERON_Instance_781162" type="identity">
      <class id="UBERON:0000992" label="female gonad"/>
      <span end="15119" id="17696610-30138" start="15114">ovary</span>
    </annotation>
    <annotation annotator="Nicole Vasilevsky" id="UBERON_Instance_781164" type="identity">
      <class id="UBERON:0000992" label="female gonad"/>
      <span end="15218" id="17696610-30140" start="15213">ovary</span>
    </annotation>
    <annotation annotator="Nicole Vasilevsky" id="UBERON_Instance_781166" type="identity">
      <class id="UBERON:0000992" label="female gonad"/>
      <span end="15258" id="17696610-30142" start="15253">ovary</span>
    </annotation>
    <annotation annotator="Nicole Vasilevsky" id="UBERON_Instance_781168" type="identity">
      <class id="UBERON:0000992" label="female gonad"/>
      <span end="15356" id="17696610-30144" start="15351">ovary</span>
    </annotation>
    <annotation annotator="Nicole Vasilevsky" id="UBERON_Instance_781170" type="identity">
      <class id="UBERON:0000992" label="female gonad"/>
      <span end="15406" id="17696610-30146" start="15401">ovary</span>
    </annotation>
    <annotation annotator="Nicole Vasilevsky" id="UBERON_Instance_781172" type="identity">
      <class id="UBERON:0000992" label="female gonad"/>
      <span end="15514" id="17696610-30148" start="15509">ovary</span>
    </annotation>
    <annotation annotator="Nicole Vasilevsky" id="UBERON_Instance_781174" type="identity">
      <class id="UBERON:0000473" label="testis"/>
      <span end="15555" id="17696610-30150" start="15549">testes</span>
    </annotation>
    <annotation annotator="Nicole Vasilevsky" id="UBERON_Instance_781176" type="identity">
      <class id="UBERON:0001343" label="seminiferous tubule of testis"/>
      <span end="15655" id="17696610-30152" start="15635">seminiferous tubules</span>
    </annotation>
    <annotation annotator="Nicole Vasilevsky" id="UBERON_Instance_781178" type="identity">
      <class id="UBERON:0001343" label="seminiferous tubule of testis"/>
      <span end="15723" id="17696610-30154" start="15703">seminiferous tubules</span>
    </annotation>
    <annotation annotator="Nicole Vasilevsky" id="UBERON_Instance_781180" type="identity">
      <class id="UBERON:0007023" label="adult organism"/>
      <span end="16021" id="17696610-30156" start="16016">adult</span>
    </annotation>
    <annotation annotator="Nicole Vasilevsky" id="UBERON_Instance_781182" type="identity">
      <class id="UBERON:0001343" label="seminiferous tubule of testis"/>
      <span end="16042" id="17696610-30158" start="16022">seminiferous tubules</span>
    </annotation>
    <annotation annotator="Nicole Vasilevsky" id="UBERON_Instance_781184" type="identity">
      <class id="UBERON:0001301" label="epididymis"/>
      <span end="16125" id="17696610-30160" start="16115">epididymal</span>
    </annotation>
    <annotation annotator="Nicole Vasilevsky" id="UBERON_Instance_781186" type="identity">
      <class id="UBERON:0000473" label="testis"/>
      <span end="16732" id="17696610-30162" start="16726">testes</span>
    </annotation>
    <annotation annotator="Nicole Vasilevsky" id="UBERON_Instance_781188" type="identity">
      <class id="UBERON:0000473" label="testis"/>
      <span end="22900" id="17696610-30164" start="22894">testis</span>
    </annotation>
    <annotation annotator="Nicole Vasilevsky" id="UBERON_Instance_781190" type="identity">
      <class id="UBERON:0000473" label="testis"/>
      <span end="24648" id="17696610-30166" start="24638">testicular</span>
    </annotation>
    <annotation annotator="Nicole Vasilevsky" id="UBERON_Instance_781192" type="identity">
      <class id="UBERON:0000473" label="testis"/>
      <span end="25260" id="17696610-30168" start="25254">testes</span>
    </annotation>
    <annotation annotator="Nicole Vasilevsky" id="UBERON_Instance_781194" type="identity">
      <class id="UBERON:0000473" label="testis"/>
      <span end="26150" id="17696610-30170" start="26144">testes</span>
    </annotation>
    <annotation annotator="Nicole Vasilevsky" id="UBERON_Instance_781196" type="identity">
      <class id="UBERON:0000473" label="testis"/>
      <span end="26395" id="17696610-30172" start="26389">testes</span>
    </annotation>
    <annotation annotator="Nicole Vasilevsky" id="UBERON_Instance_781198" type="identity">
      <class id="UBERON:0000473" label="testis"/>
      <span end="28511" id="17696610-30174" start="28505">testes</span>
    </annotation>
    <annotation annotator="Nicole Vasilevsky" id="UBERON_Instance_781200" type="identity">
      <class id="UBERON:0000473" label="testis"/>
      <span end="29378" id="17696610-30176" start="29372">testes</span>
    </annotation>
    <annotation annotator="Nicole Vasilevsky" id="UBERON_Instance_781202" type="identity">
      <class id="PATO_UBERON_EXT:female_or_bearer_of_femaleness" label="female organism/bearer of femaleness"/>
      <span end="29824" id="17696610-30178" start="29817">females</span>
    </annotation>
    <annotation annotator="Nicole Vasilevsky" id="UBERON_Instance_781204" type="identity">
      <class id="UBERON:0000992" label="female gonad"/>
      <span end="29845" id="17696610-30180" start="29838">ovaries</span>
    </annotation>
    <annotation annotator="Nicole Vasilevsky" id="UBERON_Instance_781206" type="identity">
      <class id="PATO_UBERON_EXT:female_or_bearer_of_femaleness" label="female organism/bearer of femaleness"/>
      <span end="30007" id="17696610-30182" start="30000">females</span>
    </annotation>
    <annotation annotator="Nicole Vasilevsky" id="UBERON_Instance_781208" type="identity">
      <class id="PATO_UBERON_EXT:female_or_bearer_of_femaleness" label="female organism/bearer of femaleness"/>
      <span end="30135" id="17696610-30184" start="30128">females</span>
    </annotation>
    <annotation annotator="Nicole Vasilevsky" id="UBERON_Instance_781210" type="identity">
      <class id="UBERON:0000992" label="female gonad"/>
      <span end="30147" id="17696610-30186" start="30140">ovaries</span>
    </annotation>
    <annotation annotator="Nicole Vasilevsky" id="UBERON_Instance_781212" type="identity">
      <class id="UBERON_EXT:follicle" label="follicle"/>
      <span end="30171" id="17696610-30188" start="30162">follicles</span>
    </annotation>
    <annotation annotator="Nicole Vasilevsky" id="UBERON_Instance_781214" type="identity">
      <class id="PATO_UBERON_EXT:female_or_bearer_of_femaleness" label="female organism/bearer of femaleness"/>
      <span end="30382" id="17696610-30190" start="30375">females</span>
    </annotation>
    <annotation annotator="Nicole Vasilevsky" id="UBERON_Instance_781216" type="identity">
      <class id="UBERON:0000992" label="female gonad"/>
      <span end="30594" id="17696610-30192" start="30587">ovaries</span>
    </annotation>
    <annotation annotator="Nicole Vasilevsky" id="UBERON_Instance_781218" type="identity">
      <class id="UBERON:0000922" label="embryo"/>
      <span end="31230" id="17696610-30194" start="31221">embryonic</span>
    </annotation>
    <annotation annotator="Nicole Vasilevsky" id="UBERON_Instance_781220" type="identity">
      <class id="UBERON:0007023" label="adult organism"/>
      <span end="34936" id="17696610-30196" start="34931">adult</span>
    </annotation>
    <annotation annotator="Nicole Vasilevsky" id="UBERON_Instance_781222" type="identity">
      <class id="UBERON:0000473" label="testis"/>
      <span end="34943" id="17696610-30198" start="34937">testes</span>
    </annotation>
    <annotation annotator="Nicole Vasilevsky" id="UBERON_Instance_781224" type="identity">
      <class id="UBERON:0002046" label="thyroid gland"/>
      <span end="35937" id="17696610-30200" start="35930">thyroid</span>
    </annotation>
    <annotation annotator="Nicole Vasilevsky" id="UBERON_Instance_781254" type="identity">
      <class id="PATO_UBERON_EXT:female_or_bearer_of_femaleness" label="female organism/bearer of femaleness"/>
      <span end="37187" id="17696610-30230" start="37181">female</span>
    </annotation>
    <annotation annotator="Nicole Vasilevsky" id="UBERON_Instance_781226" type="identity">
      <class id="PATO_UBERON_EXT:male_or_bearer_of_maleness" label="male organism/bearer of maleness"/>
      <span end="38061" id="17696610-30202" start="38057">male</span>
    </annotation>
    <annotation annotator="Nicole Vasilevsky" id="UBERON_Instance_781228" type="identity">
      <class id="UBERON:0000479" label="tissue"/>
      <span end="39342" id="17696610-30204" start="39336">Tissue</span>
    </annotation>
    <annotation annotator="Nicole Vasilevsky" id="UBERON_Instance_781230" type="identity">
      <class id="UBERON:0000922" label="embryo"/>
      <span end="39721" id="17696610-30206" start="39712">embryonic</span>
    </annotation>
    <annotation annotator="Nicole Vasilevsky" id="UBERON_Instance_781232" type="identity">
      <class id="UBERON:0007023" label="adult organism"/>
      <span end="41286" id="17696610-30208" start="41281">adult</span>
    </annotation>
    <annotation annotator="Nicole Vasilevsky" id="UBERON_Instance_781234" type="identity">
      <class id="UBERON:0000473" label="testis"/>
      <span end="41293" id="17696610-30210" start="41287">testes</span>
    </annotation>
    <annotation annotator="Nicole Vasilevsky" id="UBERON_Instance_781236" type="identity">
      <class id="UBERON:0007379" label="egg"/>
      <span end="42232" id="17696610-30212" start="42228">eggs</span>
    </annotation>
    <annotation annotator="Nicole Vasilevsky" id="UBERON_Instance_781238" type="identity">
      <class id="UBERON:0000473" label="testis"/>
      <span end="42436" id="17696610-30214" start="42430">testis</span>
    </annotation>
    <annotation annotator="Nicole Vasilevsky" id="UBERON_Instance_781240" type="identity">
      <class id="UBERON:0000473" label="testis"/>
      <span end="43002" id="17696610-30216" start="42996">Testes</span>
    </annotation>
    <annotation annotator="Nicole Vasilevsky" id="UBERON_Instance_781242" type="identity">
      <class id="UBERON:0000992" label="female gonad"/>
      <span end="43013" id="17696610-30218" start="43006">ovaries</span>
    </annotation>
    <annotation annotator="Nicole Vasilevsky" id="UBERON_Instance_781244" type="identity">
      <class id="UBERON:0000473" label="testis"/>
      <span end="43168" id="17696610-30220" start="43162">testis</span>
    </annotation>
    <annotation annotator="Nicole Vasilevsky" id="UBERON_Instance_781246" type="identity">
      <class id="UBERON_EXT:follicle" label="follicle"/>
      <span end="43220" id="17696610-30222" start="43212">follicle</span>
    </annotation>
    <annotation annotator="Nicole Vasilevsky" id="UBERON_Instance_781248" type="identity">
      <class id="UBERON_EXT:follicle" label="follicle"/>
      <span end="43275" id="17696610-30224" start="43266">follicles</span>
    </annotation>
    <annotation annotator="Nicole Vasilevsky" id="UBERON_Instance_781250" type="identity">
      <class id="UBERON:0000922" label="embryo"/>
      <span end="47366" id="17696610-30226" start="47357">embryonic</span>
    </annotation>
    <graph-space id="Old Knowtator Relations"/>
  </document>
</knowtator-project>
