<?xml version="1.0" encoding="UTF-8" standalone="no"?>
<knowtator-project>
  <document id="11532192" text-file="11532192.txt">
    <annotation annotator="Mike Bada, University of Colorado Anschutz Medical Campus" id="GO_BP_2016_02_16_Instance_54465" type="identity">
      <class id="GO:0007568" label="aging"/>
      <span end="617" id="11532192-10" start="612">aging</span>
    </annotation>
    <annotation annotator="Mike Bada, University of Colorado Anschutz Medical Campus" id="GO_BP_2016_02_16_Instance_54467" type="identity">
      <class id="GO:0007623" label="circadian rhythm"/>
      <span end="706" id="11532192-12" start="692">diurnal rhythm</span>
    </annotation>
    <annotation annotator="Mike Bada, University of Colorado Anschutz Medical Campus" id="GO_BP_2016_02_16_Instance_54469" type="identity">
      <class id="GO:0065007" label="biological regulation"/>
      <span end="1350" id="11532192-14" start="1340">regulation</span>
    </annotation>
    <annotation annotator="Mike Bada, University of Colorado Anschutz Medical Campus" id="GO_BP_2016_02_16_Instance_54471" type="identity">
      <class id="GO:0065007" label="biological regulation"/>
      <span end="1683" id="11532192-16" start="1673">regulation</span>
    </annotation>
    <annotation annotator="Mike Bada, University of Colorado Anschutz Medical Campus" id="GO_BP_2016_02_16_Instance_54473" type="identity">
      <class id="GO:0008219" label="cell death"/>
      <span end="1888" id="11532192-18" start="1878">cell death</span>
    </annotation>
    <annotation annotator="Mike Bada, University of Colorado Anschutz Medical Campus" id="GO_BP_2016_02_16_with_nested_annotations_Instance_23875" type="identity">
      <class id="GO_PATO_EXT:physiological_process_or_quality" label="physiological process or quality"/>
      <span end="2560" id="11532192-58" start="2550">physiology</span>
    </annotation>
    <annotation annotator="Mike Bada, University of Colorado Anschutz Medical Campus" id="GO_BP_2016_02_16_with_nested_annotations_Instance_20000" type="identity">
      <class id="GO_PATO_EXT:aging_or_agedness" label="aging or agedess"/>
      <span end="5300" id="11532192-54" start="5296">aged</span>
    </annotation>
    <annotation annotator="Mike Bada, University of Colorado Anschutz Medical Campus" id="GO_BP_2016_02_16_with_nested_annotations_Instance_24281" type="identity">
      <class id="GO_EXT:biological_movement_or_translocation_process" label="biological movement/translocation process"/>
      <span end="6100" id="11532192-60" start="6094">passes</span>
    </annotation>
    <annotation annotator="Mike Bada, University of Colorado Anschutz Medical Campus" id="GO_BP_2016_02_16_Instance_54475" type="identity">
      <class id="GO:0017144" label="drug metabolic process"/>
      <span end="25785" id="11532192-20" start="25770">drug metabolism</span>
    </annotation>
    <annotation annotator="" id="GO_BP_2016_02_16_Instance_9" type="identity">
      <class id="GO:1903522" label="regulation of blood circulation"/>
      <span end="26329" id="11532192-3" start="26305">regulation of blood flow</span>
    </annotation>
    <annotation annotator="Mike Bada, University of Colorado Anschutz Medical Campus" id="GO_BP_2016_02_16_with_nested_annotations_Instance_20002" type="identity">
      <class id="GO_PATO_EXT:aging_or_agedness" label="aging or agedess"/>
      <span end="27777" id="11532192-56" start="27773">aged</span>
    </annotation>
    <annotation annotator="Mike Bada, University of Colorado Anschutz Medical Campus" id="GO_BP_2016_02_16_Instance_54479" type="identity">
      <class id="GO:0007623" label="circadian rhythm"/>
      <span end="29899" id="11532192-22" start="29885">diurnal rhythm</span>
    </annotation>
    <annotation annotator="Mike Bada, University of Colorado Anschutz Medical Campus" id="GO_BP_2016_02_16_Instance_54481" type="identity">
      <class id="GO:0042752" label="regulation of circadian rhythm"/>
      <span end="31032" id="11532192-24" start="31012">circadian regulation</span>
    </annotation>
    <annotation annotator="Mike Bada, University of Colorado Anschutz Medical Campus" id="GO_BP_2016_02_16_Instance_54483" type="identity">
      <class id="GO:0007623" label="circadian rhythm"/>
      <span end="31337" id="11532192-26" start="31323">diurnal rhythm</span>
    </annotation>
    <annotation annotator="Mike Bada, University of Colorado Anschutz Medical Campus" id="GO_BP_2016_02_16_Instance_34203" type="identity">
      <class id="GO:0065007" label="biological regulation"/>
      <span end="31553" id="11532192-6" start="31542">controlling</span>
    </annotation>
    <annotation annotator="Mike Bada, University of Colorado Anschutz Medical Campus" id="GO_BP_2016_02_16_Instance_54485" type="identity">
      <class id="GO:0007623" label="circadian rhythm"/>
      <span end="31569" id="11532192-28" start="31554">diurnal rhythms</span>
    </annotation>
    <annotation annotator="Mike Bada, University of Colorado Anschutz Medical Campus" id="GO_BP_2016_02_16_with_nested_annotations_Instance_80734" type="identity">
      <class id="GO_EXT:secretion_entity_or_process" label="secretion entity or process"/>
      <span end="31714" id="11532192-62" start="31705">secretion</span>
    </annotation>
    <annotation annotator="Mike Bada, University of Colorado Anschutz Medical Campus" id="GO_BP_2016_02_16_with_nested_annotations_Instance_80736" type="identity">
      <class id="GO_EXT:secretion_entity_or_process" label="secretion entity or process"/>
      <span end="31796" id="11532192-64" start="31787">secretion</span>
    </annotation>
    <annotation annotator="Mike Bada, University of Colorado Anschutz Medical Campus" id="GO_BP_2016_02_16_with_nested_annotations_Instance_80738" type="identity">
      <class id="GO_EXT:secretion_entity_or_process" label="secretion entity or process"/>
      <span end="32223" id="11532192-66" start="32214">secretion</span>
    </annotation>
    <annotation annotator="Mike Bada, University of Colorado Anschutz Medical Campus" id="GO_BP_2016_02_16_with_nested_annotations_Instance_80742" type="identity">
      <class id="GO_EXT:secretion_entity_or_process" label="secretion entity or process"/>
      <span end="32307" id="11532192-68" start="32298">secretion</span>
    </annotation>
    <annotation annotator="Mike Bada, University of Colorado Anschutz Medical Campus" id="GO_BP_2016_02_16_with_nested_annotations_Instance_80744" type="identity">
      <class id="GO_EXT:secretion_entity_or_process" label="secretion entity or process"/>
      <span end="32554" id="11532192-70" start="32545">secretion</span>
    </annotation>
    <annotation annotator="Mike Bada, University of Colorado Anschutz Medical Campus" id="GO_BP_2016_02_16_Instance_54499" type="identity">
      <class id="GO:0046148" label="pigment biosynthetic process"/>
      <span end="32669" id="11532192-30" start="32651">pigment production</span>
    </annotation>
    <annotation annotator="Mike Bada, University of Colorado Anschutz Medical Campus" id="GO_BP_2016_02_16_Instance_54501" type="identity">
      <class id="GO:0007623" label="circadian rhythm"/>
      <span end="33432" id="11532192-32" start="33417">diurnal rhythms</span>
    </annotation>
    <annotation annotator="Mike Bada, University of Colorado Anschutz Medical Campus" id="GO_BP_2016_02_16_Instance_54503" type="identity">
      <class id="GO:0007623" label="circadian rhythm"/>
      <span end="33537" id="11532192-34" start="33523">diurnal rhythm</span>
    </annotation>
    <annotation annotator="Mike Bada, University of Colorado Anschutz Medical Campus" id="GO_BP_2016_02_16_Instance_54505" type="identity">
      <class id="GO:0007623" label="circadian rhythm"/>
      <span end="33715" id="11532192-36" start="33700">Diurnal rhythms</span>
    </annotation>
    <annotation annotator="Mike Bada, University of Colorado Anschutz Medical Campus" id="GO_BP_2016_02_16_Instance_39583" type="identity">
      <class id="GO:0007601" label="visual perception"/>
      <span end="33745" id="11532192-8" start="33739">visual</span>
    </annotation>
    <annotation annotator="Mike Bada, University of Colorado Anschutz Medical Campus" id="GO_BP_2016_02_16_with_nested_annotations_Instance_874" type="identity">
      <class id="GO_EXT:reaction_or_response" label="reaction/response"/>
      <span end="33769" id="11532192-72" start="33762">respond</span>
    </annotation>
    <annotation annotator="Mike Bada, University of Colorado Anschutz Medical Campus" id="GO_BP_2016_02_16_Instance_54511" type="identity">
      <class id="GO:0007623" label="circadian rhythm"/>
      <span end="33982" id="11532192-38" start="33968">diurnal rhythm</span>
    </annotation>
    <annotation annotator="Mike Bada, University of Colorado Anschutz Medical Campus" id="GO_BP_2016_02_16_Instance_54513" type="identity">
      <class id="GO:0007623" label="circadian rhythm"/>
      <span end="34195" id="11532192-40" start="34181">diurnal rhythm</span>
    </annotation>
    <annotation annotator="Mike Bada, University of Colorado Anschutz Medical Campus" id="GO_BP_2016_02_16_Instance_54515" type="identity">
      <class id="GO:0007601" label="visual perception"/>
      <span end="34802" id="11532192-42" start="34796">vision</span>
    </annotation>
    <annotation annotator="Mike Bada, University of Colorado Anschutz Medical Campus" id="GO_BP_2016_02_16_with_nested_annotations_Instance_1634" type="identity">
      <class id="GO_EXT:breeding" label="breeding"/>
      <span end="34831" id="11532192-52" start="34827">bred</span>
    </annotation>
    <annotation annotator="Mike Bada, University of Colorado Anschutz Medical Campus" id="GO_BP_2016_02_16_Instance_54517" type="identity">
      <class id="GO:0007631" label="feeding behavior"/>
      <span end="35005" id="11532192-44" start="35002">fed</span>
    </annotation>
    <annotation annotator="Mike Bada, University of Colorado Anschutz Medical Campus" id="GO_BP_2016_02_16_Instance_54519" type="identity">
      <class id="GO:0007568" label="aging"/>
      <span end="35259" id="11532192-46" start="35254">aging</span>
    </annotation>
    <annotation annotator="Mike Bada, University of Colorado Anschutz Medical Campus" id="GO_BP_2016_02_16_Instance_54521" type="identity">
      <class id="GO:0007631" label="feeding behavior"/>
      <span end="35279" id="11532192-48" start="35276">fed</span>
    </annotation>
    <annotation annotator="Mike Bada, University of Colorado Anschutz Medical Campus" id="GO_BP_2016_02_16_Instance_54523" type="identity">
      <class id="GO:0007568" label="aging"/>
      <span end="36589" id="11532192-50" start="36584">aging</span>
    </annotation>
    <graph-space id="Old Knowtator Relations"/>
  </document>
</knowtator-project>
