<?xml version="1.0" encoding="UTF-8" standalone="no"?>
<knowtator-project>
  <document id="12925238" text-file="12925238.txt">
    <annotation annotator="Mike Bada, University of Colorado Anschutz Medical Campus" id="GO_BP_2016_02_16_Instance_53081" type="identity">
      <class id="GO:0010467" label="gene expression"/>
      <span end="20" id="12925238-1180" start="10">expression</span>
    </annotation>
    <annotation annotator="Mike Bada, University of Colorado Anschutz Medical Campus" id="GO_BP_2016_02_16_Instance_60351" type="identity">
      <class id="GO_PATO_EXT:biological_localization_process_or_quality" label="biological localization process or quality"/>
      <span end="37" id="12925238-1288" start="25">localization</span>
    </annotation>
    <annotation annotator="Mike Bada, University of Colorado Anschutz Medical Campus" id="GO_BP_2016_02_16_Instance_53085" type="identity">
      <class id="GO:0010467" label="gene expression"/>
      <span end="222" id="12925238-1182" start="213">expressed</span>
    </annotation>
    <annotation annotator="Mike Bada, University of Colorado Anschutz Medical Campus" id="GO_BP_2016_02_16_Instance_60353" type="identity">
      <class id="GO:0061025" label="membrane fusion"/>
      <span end="301" id="12925238-1290" start="286">membrane fusion</span>
    </annotation>
    <annotation annotator="Mike Bada, University of Colorado Anschutz Medical Campus" id="GO_BP_2016_02_16_Instance_60355" type="identity">
      <class id="GO:0017156" label="calcium ion regulated exocytosis"/>
      <span end="473" id="12925238-1292" start="443">Ca2+-dependent vesicle release</span>
    </annotation>
    <annotation annotator="Mike Bada, University of Colorado Anschutz Medical Campus" id="GO_BP_2016_02_16_Instance_53089" type="identity">
      <class id="GO:0006900" label="membrane budding"/>
      <span end="740" id="12925238-1184" start="728">vesiculation</span>
    </annotation>
    <annotation annotator="Mike Bada, University of Colorado Anschutz Medical Campus" id="GO_BP_2016_02_16_Instance_60359" type="identity">
      <class id="GO:0061025" label="membrane fusion"/>
      <span end="1251" id="12925238-1294" start="1236">membrane fusion</span>
    </annotation>
    <annotation annotator="Mike Bada, University of Colorado Anschutz Medical Campus" id="GO_BP_2016_02_16_Instance_53091" type="identity">
      <class id="GO:0009987" label="cellular process"/>
      <span end="1484" id="12925238-1186" start="1466">cellular processes</span>
    </annotation>
    <annotation annotator="Mike Bada, University of Colorado Anschutz Medical Campus" id="GO_BP_2016_02_16_Instance_60363" type="identity">
      <class id="GO:0061025" label="membrane fusion"/>
      <span end="1803" id="12925238-1296" start="1788">membrane fusion</span>
    </annotation>
    <annotation annotator="Mike Bada, University of Colorado Anschutz Medical Campus" id="GO_BP_2016_02_16_Instance_60365" type="identity">
      <class id="GO:0061025" label="membrane fusion"/>
      <span end="1998" id="12925238-1298" start="1989">fusion of</span>
      <span end="2021" id="12925238-1299" start="2012">membranes</span>
    </annotation>
    <annotation annotator="Mike Bada, University of Colorado Anschutz Medical Campus" id="GO_BP_2016_02_16_Instance_53095" type="identity">
      <class id="GO:0006887" label="exocytosis"/>
      <span end="2126" id="12925238-1188" start="2116">exocytotic</span>
    </annotation>
    <annotation annotator="Mike Bada, University of Colorado Anschutz Medical Campus" id="GO_BP_2016_02_16_with_nested_annotations_Instance_80746" type="identity">
      <class id="GO_EXT:secretion_entity_or_process" label="secretion entity or process"/>
      <span end="2136" id="12925238-1379" start="2127">secretion</span>
    </annotation>
    <annotation annotator="Mike Bada, University of Colorado Anschutz Medical Campus" id="GO_BP_2016_02_16_Instance_53099" type="identity">
      <class id="GO:0000380" label="alternative mRNA splicing, via spliceosome"/>
      <span end="2697" id="12925238-1190" start="2677">Alternative splicing</span>
    </annotation>
    <annotation annotator="Mike Bada, University of Colorado Anschutz Medical Campus" id="GO_BP_2016_02_16_Instance_53101" type="identity">
      <class id="GO:0010467" label="gene expression"/>
      <span end="2982" id="12925238-1192" start="2973">expressed</span>
    </annotation>
    <annotation annotator="Mike Bada, University of Colorado Anschutz Medical Campus" id="GO_BP_2016_02_16_with_nested_annotations_Instance_90000" type="identity">
      <class id="GO_EXT:biological_movement_or_translocation_process" label="biological movement/translocation process"/>
      <span end="3240" id="12925238-1323" start="3228">translocates</span>
    </annotation>
    <annotation annotator="Mike Bada, University of Colorado Anschutz Medical Campus" id="GO_BP_2016_02_16_Instance_53105" type="identity">
      <class id="GO:0006900" label="membrane budding"/>
      <span end="3532" id="12925238-1194" start="3516">membrane budding</span>
    </annotation>
    <annotation annotator="Mike Bada, University of Colorado Anschutz Medical Campus" id="GO_BP_2016_02_16_Instance_53107" type="identity">
      <class id="GO:0006900" label="membrane budding"/>
      <span end="3552" id="12925238-1196" start="3540">vesiculation</span>
    </annotation>
    <annotation annotator="Mike Bada, University of Colorado Anschutz Medical Campus" id="GO_BP_2016_02_16_Instance_53109" type="identity">
      <class id="GO:0006887" label="exocytosis"/>
      <span end="3591" id="12925238-1198" start="3581">exocytosis</span>
    </annotation>
    <annotation annotator="Mike Bada, University of Colorado Anschutz Medical Campus" id="GO_BP_2016_02_16_Instance_11253" type="identity">
      <class id="GO:0065007" label="biological regulation"/>
      <span end="3946" id="12925238-1166" start="3938">modulate</span>
    </annotation>
    <annotation annotator="Mike Bada, University of Colorado Anschutz Medical Campus" id="GO_BP_2016_02_16_Instance_60367" type="identity">
      <class id="GO:0010467" label="gene expression"/>
      <span end="4092" id="12925238-1301" start="4083">expressed</span>
    </annotation>
    <annotation annotator="Mike Bada, University of Colorado Anschutz Medical Campus" id="GO_BP_2016_02_16_with_nested_annotations_Instance_30011" type="identity">
      <class id="GO_PATO_EXT:apoptotic_process_or_quality" label="apoptotic process or quality"/>
      <span end="4561" id="12925238-1373" start="4552">apoptotic</span>
    </annotation>
    <annotation annotator="Mike Bada, University of Colorado Anschutz Medical Campus" id="GO_BP_2016_02_16_Instance_60371" type="identity">
      <class id="GO_EXT:negative_regulation" label="negative regulation"/>
      <span end="4765" id="12925238-1303" start="4750">Down regulation</span>
    </annotation>
    <annotation annotator="Mike Bada, University of Colorado Anschutz Medical Campus" id="GO_BP_2016_02_16_with_nested_annotations_Instance_140067" type="identity">
      <class id="GO_EXT:biological_translocation_entity_or_process" label="biological translocation entity or process"/>
      <span end="4813" id="12925238-1333" start="4800">translocation</span>
    </annotation>
    <annotation annotator="Mike Bada, University of Colorado Anschutz Medical Campus" id="GO_BP_2016_02_16_with_nested_annotations_Instance_80748" type="identity">
      <class id="GO_EXT:secretion_entity_or_process" label="secretion entity or process"/>
      <span end="4876" id="12925238-1381" start="4867">secretion</span>
    </annotation>
    <annotation annotator="Mike Bada, University of Colorado Anschutz Medical Campus" id="GO_BP_2016_02_16_with_nested_annotations_Instance_20446" type="identity">
      <class id="GO_EXT:biological_routing_or_transport" label="biological routing/transport"/>
      <span end="4926" id="12925238-1335" start="4915">trafficking</span>
    </annotation>
    <annotation annotator="Mike Bada, University of Colorado Anschutz Medical Campus" id="GO_BP_2016_02_16_Instance_53117" type="identity">
      <class id="GO:0042981" label="regulation of apoptotic process"/>
      <span end="4948" id="12925238-1200" start="4928">apoptosis regulation</span>
    </annotation>
    <annotation annotator="Mike Bada, University of Colorado Anschutz Medical Campus" id="GO_BP_2016_02_16_Instance_53121" type="identity">
      <class id="GO:0065007" label="biological regulation"/>
      <span end="5079" id="12925238-1202" start="5071">regulate</span>
    </annotation>
    <annotation annotator="Mike Bada, University of Colorado Anschutz Medical Campus" id="GO_BP_2016_02_16_Instance_70026" type="identity">
      <class id="GO:0042592" label="homeostatic process"/>
      <span end="5149" id="12925238-1319" start="5138">homeostasis</span>
    </annotation>
    <annotation annotator="Mike Bada, University of Colorado Anschutz Medical Campus" id="GO_BP_2016_02_16_Instance_53125" type="identity">
      <class id="GO:0019722" label="calcium-mediated signaling"/>
      <span end="5187" id="12925238-1204" start="5154">Ca2+-dependent signaling pathways</span>
    </annotation>
    <annotation annotator="Mike Bada, University of Colorado Anschutz Medical Campus" id="GO_BP_2016_02_16_with_nested_annotations_Instance_22174" type="identity">
      <class id="GO_EXT:fatality_or_lethality" label="fatality/lethality"/>
      <span end="5428" id="12925238-1343" start="5422">lethal</span>
    </annotation>
    <annotation annotator="Mike Bada, University of Colorado Anschutz Medical Campus" id="GO_BP_2016_02_16_with_nested_annotations_Instance_80750" type="identity">
      <class id="GO_EXT:secretion_entity_or_process" label="secretion entity or process"/>
      <span end="5476" id="12925238-1383" start="5467">secretion</span>
    </annotation>
    <annotation annotator="Mike Bada, University of Colorado Anschutz Medical Campus" id="GO_BP_2016_02_16_with_nested_annotations_Instance_80752" type="identity">
      <class id="GO_EXT:secretion_entity_or_process" label="secretion entity or process"/>
      <span end="5601" id="12925238-1385" start="5592">secretion</span>
    </annotation>
    <annotation annotator="Mike Bada, University of Colorado Anschutz Medical Campus" id="GO_BP_2016_02_16_Instance_53133" type="identity">
      <class id="GO:0006887" label="exocytosis"/>
      <span end="6135" id="12925238-1206" start="6125">release of</span>
      <span end="6169" id="12925238-1207" start="6158">exovesicles</span>
    </annotation>
    <annotation annotator="Mike Bada, University of Colorado Anschutz Medical Campus" id="GO_BP_2016_02_16_Instance_53135" type="identity">
      <class id="GO:0006900" label="membrane budding"/>
      <span end="6403" id="12925238-1209" start="6393">vesiculate</span>
    </annotation>
    <annotation annotator="Mike Bada, University of Colorado Anschutz Medical Campus" id="GO_BP_2016_02_16_Instance_30757" type="identity">
      <class id="GO:0008219" label="cell death"/>
      <span end="6451" id="12925238-1178" start="6435">cell destruction</span>
    </annotation>
    <annotation annotator="Mike Bada, University of Colorado Anschutz Medical Campus" id="GO_BP_2016_02_16_Instance_53137" type="identity">
      <class id="GO:0006900" label="membrane budding"/>
      <span end="7017" id="12925238-1211" start="7000">vesicle formation</span>
    </annotation>
    <annotation annotator="Mike Bada, University of Colorado Anschutz Medical Campus" id="GO_BP_2016_02_16_Instance_53139" type="identity">
      <class id="GO:0010467" label="gene expression"/>
      <span end="7212" id="12925238-1213" start="7202">expression</span>
    </annotation>
    <annotation annotator="Mike Bada, University of Colorado Anschutz Medical Campus" id="GO_BP_2016_02_16_Instance_53141" type="identity">
      <class id="GO:0010467" label="gene expression"/>
      <span end="7955" id="12925238-1215" start="7945">Expression</span>
    </annotation>
    <annotation annotator="Mike Bada, University of Colorado Anschutz Medical Campus" id="GO_BP_2016_02_16_Instance_53143" type="identity">
      <class id="GO:0006900" label="membrane budding"/>
      <span end="8468" id="12925238-1217" start="8456">vesiculation</span>
    </annotation>
    <annotation annotator="Mike Bada, University of Colorado Anschutz Medical Campus" id="GO_BP_2016_02_16_with_nested_annotations_Instance_22006" type="identity">
      <class id="GO_EXT:biological_release" label="biological release"/>
      <span end="8856" id="12925238-1341" start="8848">released</span>
    </annotation>
    <annotation annotator="Mike Bada, University of Colorado Anschutz Medical Campus" id="GO_BP_2016_02_16_Instance_53151" type="identity">
      <class id="GO:0010467" label="gene expression"/>
      <span end="11084" id="12925238-1219" start="11074">expression</span>
    </annotation>
    <annotation annotator="Mike Bada, University of Colorado Anschutz Medical Campus" id="GO_BP_2016_02_16_Instance_70004" type="identity">
      <class id="GO:0019835" label="cytolysis"/>
      <span end="11236" id="12925238-1305" start="11231">Lysed</span>
    </annotation>
    <annotation annotator="Mike Bada, University of Colorado Anschutz Medical Campus" id="GO_BP_2016_02_16_with_nested_annotations_Instance_24283" type="identity">
      <class id="GO_EXT:biological_movement_or_translocation_process" label="biological movement/translocation process"/>
      <span end="12584" id="12925238-1369" start="12577">passage</span>
    </annotation>
    <annotation annotator="Mike Bada, University of Colorado Anschutz Medical Campus" id="GO_BP_2016_02_16_Instance_53153" type="identity">
      <class id="GO:0019835" label="cytolysis"/>
      <span end="13004" id="12925238-1221" start="12990">cellular lysis</span>
    </annotation>
    <annotation annotator="Mike Bada, University of Colorado Anschutz Medical Campus" id="GO_BP_2016_02_16_Instance_53155" type="identity">
      <class id="GO:0019835" label="cytolysis"/>
      <span end="13055" id="12925238-1223" start="13050">lysis</span>
      <span end="13079" id="12925238-1224" start="13077">of</span>
      <span end="13089" id="12925238-1225" start="13084">cells</span>
    </annotation>
    <annotation annotator="Mike Bada, University of Colorado Anschutz Medical Campus" id="GO_BP_2016_02_16_Instance_53157" type="identity">
      <class id="GO:0044237" label="cellular metabolic process"/>
      <span end="13204" id="12925238-1227" start="13185">cellular metabolism</span>
    </annotation>
    <annotation annotator="Mike Bada, University of Colorado Anschutz Medical Campus" id="GO_BP_2016_02_16_with_nested_annotations_Instance_832" type="identity">
      <class id="GO_PATO_EXT:aging_or_agedness" label="aging or agedess"/>
      <span end="13251" id="12925238-1391" start="13247">Aged</span>
    </annotation>
    <annotation annotator="Mike Bada, University of Colorado Anschutz Medical Campus" id="GO_BP_2016_02_16_Instance_53159" type="identity">
      <class id="GO:0019835" label="cytolysis"/>
      <span end="14306" id="12925238-1229" start="14301">lysis</span>
    </annotation>
    <annotation annotator="Mike Bada, University of Colorado Anschutz Medical Campus" id="GO_BP_2016_02_16_Instance_53161" type="identity">
      <class id="GO:0019835" label="cytolysis"/>
      <span end="14876" id="12925238-1231" start="14862">cellular lysis</span>
    </annotation>
    <annotation annotator="Mike Bada, University of Colorado Anschutz Medical Campus" id="GO_BP_2016_02_16_Instance_53163" type="identity">
      <class id="GO:0019835" label="cytolysis"/>
      <span end="14927" id="12925238-1233" start="14922">lysis</span>
      <span end="14951" id="12925238-1234" start="14949">of</span>
      <span end="14968" id="12925238-1235" start="14964">cell</span>
    </annotation>
    <annotation annotator="Mike Bada, University of Colorado Anschutz Medical Campus" id="GO_BP_2016_02_16_Instance_53165" type="identity">
      <class id="GO:0050801" label="ion homeostasis"/>
      <span end="15399" id="12925238-1237" start="15384">ion homeostasis</span>
    </annotation>
    <annotation annotator="Mike Bada, University of Colorado Anschutz Medical Campus" id="GO_BP_2016_02_16_Instance_53167" type="identity">
      <class id="GO:0007599" label="hemostasis"/>
      <span end="15452" id="12925238-1239" start="15441">haemostasis</span>
    </annotation>
    <annotation annotator="Mike Bada, University of Colorado Anschutz Medical Campus" id="GO_BP_2016_02_16_Instance_53169" type="identity">
      <class id="GO:0030168" label="platelet activation"/>
      <span end="16671" id="12925238-1241" start="16652">Platelet activation</span>
    </annotation>
    <annotation annotator="Mike Bada, University of Colorado Anschutz Medical Campus" id="GO_BP_2016_02_16_with_nested_annotations_Instance_10416" type="identity">
      <class id="GO_EXT:biological_recruitment" label="biological recruitment"/>
      <span end="16908" id="12925238-1325" start="16898">recruiting</span>
    </annotation>
    <annotation annotator="Mike Bada, University of Colorado Anschutz Medical Campus" id="GO_BP_2016_02_16_Instance_53175" type="identity">
      <class id="GO:0030168" label="platelet activation"/>
      <span end="17058" id="12925238-1243" start="17039">platelet activation</span>
    </annotation>
    <annotation annotator="Mike Bada, University of Colorado Anschutz Medical Campus" id="GO_BP_2016_02_16_Instance_24085" type="identity">
      <class id="GO:0030168" label="platelet activation"/>
      <span end="17215" id="12925238-1172" start="17196">platelet initiation</span>
    </annotation>
    <annotation annotator="Mike Bada, University of Colorado Anschutz Medical Campus" id="GO_BP_2016_02_16_with_nested_annotations_Instance_878" type="identity">
      <class id="GO_EXT:reaction_or_response" label="reaction/response"/>
      <span end="17716" id="12925238-1393" start="17707">responded</span>
    </annotation>
    <annotation annotator="Mike Bada, University of Colorado Anschutz Medical Campus" id="GO_BP_2016_02_16_with_nested_annotations_Instance_24243" type="identity">
      <class id="GO:0070527" label="platelet aggregation"/>
      <span end="17834" id="12925238-1357" start="17814">Platelet aggregation</span>
    </annotation>
    <annotation annotator="Mike Bada, University of Colorado Anschutz Medical Campus" id="GO_BP_2016_02_16_Instance_24087" type="identity">
      <class id="GO:0030168" label="platelet activation"/>
      <span end="18357" id="12925238-1174" start="18338">platelet initiation</span>
    </annotation>
    <annotation annotator="Mike Bada, University of Colorado Anschutz Medical Campus" id="GO_BP_2016_02_16_with_nested_annotations_Instance_24207" type="identity">
      <class id="GO_EXT:reaction_or_response" label="reaction/response"/>
      <span end="18657" id="12925238-1351" start="18652">react</span>
    </annotation>
    <annotation annotator="Mike Bada, University of Colorado Anschutz Medical Campus" id="GO_BP_2016_02_16_Instance_53181" type="identity">
      <class id="GO:0006906" label="vesicle fusion"/>
      <span end="18953" id="12925238-1245" start="18939">vesicle fusion</span>
    </annotation>
    <annotation annotator="Mike Bada, University of Colorado Anschutz Medical Campus" id="GO_BP_2016_02_16_Instance_53183" type="identity">
      <class id="GO:0065007" label="biological regulation"/>
      <span end="18971" id="12925238-1247" start="18961">regulating</span>
    </annotation>
    <annotation annotator="Mike Bada, University of Colorado Anschutz Medical Campus" id="GO_BP_2016_02_16_Instance_240054" type="identity">
      <class id="GO_PATO_RO_EXT:developmental_differentiation_process_or_quality" label="developmental differentiation process or quality"/>
      <span end="19314" id="12925238-1170" start="19300">differentiated</span>
    </annotation>
    <annotation annotator="Mike Bada, University of Colorado Anschutz Medical Campus" id="GO_BP_2016_02_16_Instance_53191" type="identity">
      <class id="GO:0010467" label="gene expression"/>
      <span end="19332" id="12925238-1249" start="19322">expression</span>
    </annotation>
    <annotation annotator="Mike Bada, University of Colorado Anschutz Medical Campus" id="GO_BP_2016_02_16_Instance_53193" type="identity">
      <class id="GO:0010467" label="gene expression"/>
      <span end="19413" id="12925238-1251" start="19404">expressed</span>
    </annotation>
    <annotation annotator="Mike Bada, University of Colorado Anschutz Medical Campus" id="GO_BP_2016_02_16_Instance_53195" type="identity">
      <class id="GO:0006900" label="membrane budding"/>
      <span end="20042" id="12925238-1253" start="20030">vesiculation</span>
    </annotation>
    <annotation annotator="Mike Bada, University of Colorado Anschutz Medical Campus" id="GO_BP_2016_02_16_Instance_53197" type="identity">
      <class id="GO:0006900" label="membrane budding"/>
      <span end="20590" id="12925238-1255" start="20578">vesiculation</span>
    </annotation>
    <annotation annotator="Mike Bada, University of Colorado Anschutz Medical Campus" id="GO_BP_2016_02_16_Instance_53199" type="identity">
      <class id="GO:0006900" label="membrane budding"/>
      <span end="20658" id="12925238-1257" start="20646">vesiculation</span>
    </annotation>
    <annotation annotator="Mike Bada, University of Colorado Anschutz Medical Campus" id="GO_BP_2016_02_16_with_nested_annotations_Instance_80754" type="identity">
      <class id="GO_EXT:secretion_entity_or_process" label="secretion entity or process"/>
      <span end="20774" id="12925238-1387" start="20765">secretion</span>
    </annotation>
    <annotation annotator="Mike Bada, University of Colorado Anschutz Medical Campus" id="GO_BP_2016_02_16_with_nested_annotations_Instance_80756" type="identity">
      <class id="GO_EXT:secretion_entity_or_process" label="secretion entity or process"/>
      <span end="20894" id="12925238-1389" start="20885">secretion</span>
    </annotation>
    <annotation annotator="Mike Bada, University of Colorado Anschutz Medical Campus" id="GO_BP_2016_02_16_Instance_70008" type="identity">
      <class id="GO:0061025" label="membrane fusion"/>
      <span end="20952" id="12925238-1307" start="20937">membrane fusion</span>
    </annotation>
    <annotation annotator="Mike Bada, University of Colorado Anschutz Medical Campus" id="GO_BP_2016_02_16_Instance_53205" type="identity">
      <class id="GO:0006900" label="membrane budding"/>
      <span end="21101" id="12925238-1259" start="21091">budding of</span>
      <span end="21125" id="12925238-1260" start="21117">vesicles</span>
    </annotation>
    <annotation annotator="Mike Bada, University of Colorado Anschutz Medical Campus" id="GO_BP_2016_02_16_Instance_70012" type="identity">
      <class id="GO:0061025" label="membrane fusion"/>
      <span end="21420" id="12925238-1309" start="21405">membrane fusion</span>
    </annotation>
    <annotation annotator="Mike Bada, University of Colorado Anschutz Medical Campus" id="GO_BP_2016_02_16_Instance_70016" type="identity">
      <class id="GO:0061025" label="membrane fusion"/>
      <span end="22162" id="12925238-1311" start="22147">membrane fusion</span>
    </annotation>
    <annotation annotator="Mike Bada, University of Colorado Anschutz Medical Campus" id="GO_BP_2016_02_16_Instance_70018" type="identity">
      <class id="GO_PATO_EXT:biological_localization_process_or_quality" label="biological localization process or quality"/>
      <span end="22411" id="12925238-1313" start="22399">localisation</span>
    </annotation>
    <annotation annotator="Mike Bada, University of Colorado Anschutz Medical Campus" id="GO_BP_2016_02_16_Instance_53213" type="identity">
      <class id="GO:0010467" label="gene expression"/>
      <span end="22467" id="12925238-1262" start="22457">expression</span>
    </annotation>
    <annotation annotator="Mike Bada, University of Colorado Anschutz Medical Campus" id="GO_BP_2016_02_16_Instance_53215" type="identity">
      <class id="GO:0048821" label="erythrocyte development"/>
      <span end="22501" id="12925238-1264" start="22475">red blood cell development</span>
    </annotation>
    <annotation annotator="Mike Bada, University of Colorado Anschutz Medical Campus" id="GO_BP_2016_02_16_Instance_53217" type="identity">
      <class id="GO:0006900" label="membrane budding"/>
      <span end="22566" id="12925238-1266" start="22549">vesicle formation</span>
    </annotation>
    <annotation annotator="Mike Bada, University of Colorado Anschutz Medical Campus" id="GO_BP_2016_02_16_Instance_70020" type="identity">
      <class id="GO:0061025" label="membrane fusion"/>
      <span end="22586" id="12925238-1315" start="22571">membrane fusion</span>
    </annotation>
    <annotation annotator="Mike Bada, University of Colorado Anschutz Medical Campus" id="GO_BP_2016_02_16_Instance_70022" type="identity">
      <class id="GO:0042592" label="homeostatic process"/>
      <span end="22852" id="12925238-1317" start="22841">homeostasis</span>
    </annotation>
    <annotation annotator="Mike Bada, University of Colorado Anschutz Medical Campus" id="GO_BP_2016_02_16_Instance_53221" type="identity">
      <class id="GO:0065007" label="biological regulation"/>
      <span end="24601" id="12925238-1268" start="24590">controlling</span>
    </annotation>
    <annotation annotator="Mike Bada, University of Colorado Anschutz Medical Campus" id="GO_BP_2016_02_16_with_nested_annotations_Instance_21194" type="identity">
      <class id="GO_EXT:cell_communication_or_signaling_or_signal_transduction" label="cell communication, signaling or signal transduction"/>
      <span end="24739" id="12925238-1337" start="24721">signaling pathways</span>
    </annotation>
    <annotation annotator="Mike Bada, University of Colorado Anschutz Medical Campus" id="GO_BP_2016_02_16_Instance_70028" type="identity">
      <class id="GO:0042592" label="homeostatic process"/>
      <span end="24825" id="12925238-1321" start="24814">homeostasis</span>
    </annotation>
    <annotation annotator="Mike Bada, University of Colorado Anschutz Medical Campus" id="GO_BP_2016_02_16_Instance_53227" type="identity">
      <class id="GO:0065007" label="biological regulation"/>
      <span end="24980" id="12925238-1270" start="24972">regulate</span>
    </annotation>
    <annotation annotator="Mike Bada, University of Colorado Anschutz Medical Campus" id="GO_BP_2016_02_16_Instance_53229" type="identity">
      <class id="GO:0065007" label="biological regulation"/>
      <span end="25076" id="12925238-1272" start="25068">regulate</span>
    </annotation>
    <annotation annotator="Mike Bada, University of Colorado Anschutz Medical Campus" id="GO_BP_2016_02_16_Instance_12409" type="identity">
      <class id="GO:0065007" label="biological regulation"/>
      <span end="25118" id="12925238-1168" start="25108">modulation</span>
    </annotation>
    <annotation annotator="Mike Bada, University of Colorado Anschutz Medical Campus" id="GO_BP_2016_02_16_with_nested_annotations_Instance_24245" type="identity">
      <class id="GO:0070527" label="platelet aggregation"/>
      <span end="25488" id="12925238-1359" start="25468">platelet aggregation</span>
    </annotation>
    <annotation annotator="Mike Bada, University of Colorado Anschutz Medical Campus" id="GO_BP_2016_02_16_with_nested_annotations_Instance_24209" type="identity">
      <class id="GO_EXT:reaction_or_response" label="reaction/response"/>
      <span end="25696" id="12925238-1353" start="25688">reaction</span>
    </annotation>
    <annotation annotator="Mike Bada, University of Colorado Anschutz Medical Campus" id="GO_BP_2016_02_16_with_nested_annotations_Instance_24211" type="identity">
      <class id="GO_EXT:reaction_or_response" label="reaction/response"/>
      <span end="25869" id="12925238-1355" start="25861">reaction</span>
    </annotation>
    <annotation annotator="Mike Bada, University of Colorado Anschutz Medical Campus" id="GO_BP_2016_02_16_Instance_24433" type="identity">
      <class id="GO:0007599" label="hemostasis"/>
      <span end="26071" id="12925238-1176" start="26060">haemostatic</span>
    </annotation>
    <annotation annotator="Mike Bada, University of Colorado Anschutz Medical Campus" id="GO_BP_2016_02_16_with_nested_annotations_Instance_23877" type="identity">
      <class id="GO_PATO_EXT:physiological_process_or_quality" label="physiological process or quality"/>
      <span end="26158" id="12925238-1349" start="26145">physiological</span>
    </annotation>
    <annotation annotator="Mike Bada, University of Colorado Anschutz Medical Campus" id="GO_BP_2016_02_16_Instance_53233" type="identity">
      <class id="GO:0006900" label="membrane budding"/>
      <span end="26613" id="12925238-1274" start="26601">vesiculation</span>
    </annotation>
    <annotation annotator="Mike Bada, University of Colorado Anschutz Medical Campus" id="GO_BP_2016_02_16_with_nested_annotations_Instance_110094" type="identity">
      <class id="GO_SO_EXT:sequence_rearrangement_process" label="sequence rearrangement process"/>
      <span end="26751" id="12925238-1327" start="26740">recombinant</span>
    </annotation>
    <annotation annotator="Mike Bada, University of Colorado Anschutz Medical Campus" id="GO_BP_2016_02_16_Instance_53235" type="identity">
      <class id="GO:0007631" label="feeding behavior"/>
      <span end="27300" id="12925238-1276" start="27297">fed</span>
    </annotation>
    <annotation annotator="Mike Bada, University of Colorado Anschutz Medical Campus" id="GO_BP_2016_02_16_with_nested_annotations_Instance_40134" type="identity">
      <class id="GO_EXT:killing" label="killing"/>
      <span end="27451" id="12925238-1375" start="27445">killed</span>
    </annotation>
    <annotation annotator="Mike Bada, University of Colorado Anschutz Medical Campus" id="GO_BP_2016_02_16_Instance_53237" type="identity">
      <class id="GO:0050817" label="coagulation"/>
      <span end="27488" id="12925238-1278" start="27477">Coagulation</span>
    </annotation>
    <annotation annotator="Mike Bada, University of Colorado Anschutz Medical Campus" id="GO_BP_2016_02_16_with_nested_annotations_Instance_40136" type="identity">
      <class id="GO_EXT:killing" label="killing"/>
      <span end="27607" id="12925238-1377" start="27601">killed</span>
    </annotation>
    <annotation annotator="Mike Bada, University of Colorado Anschutz Medical Campus" id="GO_BP_2016_02_16_with_nested_annotations_Instance_24247" type="identity">
      <class id="GO:0070527" label="platelet aggregation"/>
      <span end="28661" id="12925238-1361" start="28641">platelet aggregation</span>
    </annotation>
    <annotation annotator="Mike Bada, University of Colorado Anschutz Medical Campus" id="GO_BP_2016_02_16_Instance_53239" type="identity">
      <class id="GO:0019835" label="cytolysis"/>
      <span end="28984" id="12925238-1280" start="28979">lysis</span>
    </annotation>
    <annotation annotator="Mike Bada, University of Colorado Anschutz Medical Campus" id="GO_BP_2016_02_16_with_nested_annotations_Instance_24285" type="identity">
      <class id="GO_EXT:biological_movement_or_translocation_process" label="biological movement/translocation process"/>
      <span end="29155" id="12925238-1371" start="29147">passages</span>
    </annotation>
    <annotation annotator="Mike Bada, University of Colorado Anschutz Medical Campus" id="GO_BP_2016_02_16_Instance_53241" type="identity">
      <class id="GO:0006900" label="membrane budding"/>
      <span end="30105" id="12925238-1282" start="30088">vesicle formation</span>
    </annotation>
    <annotation annotator="Mike Bada, University of Colorado Anschutz Medical Campus" id="GO_BP_2016_02_16_with_nested_annotations_Instance_22570" type="identity">
      <class id="GO:0050817" label="coagulation"/>
      <span end="30171" id="12925238-1345" start="30161">coagulated</span>
    </annotation>
    <annotation annotator="Mike Bada, University of Colorado Anschutz Medical Campus" id="GO_BP_2016_02_16_Instance_53243" type="identity">
      <class id="GO:0006900" label="membrane budding"/>
      <span end="30418" id="12925238-1284" start="30406">vesiculation</span>
    </annotation>
    <annotation annotator="Mike Bada, University of Colorado Anschutz Medical Campus" id="GO_BP_2016_02_16_with_nested_annotations_Instance_24249" type="identity">
      <class id="GO:0070527" label="platelet aggregation"/>
      <span end="32497" id="12925238-1363" start="32477">Platelet aggregation</span>
    </annotation>
    <annotation annotator="Mike Bada, University of Colorado Anschutz Medical Campus" id="GO_BP_2016_02_16_with_nested_annotations_Instance_23364" type="identity">
      <class id="GO_EXT:biological_movement_or_translocation_process" label="biological movement/translocation process"/>
      <span end="32629" id="12925238-1347" start="32618">transferred</span>
    </annotation>
    <annotation annotator="Mike Bada, University of Colorado Anschutz Medical Campus" id="GO_BP_2016_02_16_with_nested_annotations_Instance_24251" type="identity">
      <class id="GO:0070527" label="platelet aggregation"/>
      <span end="32707" id="12925238-1365" start="32687">platelet aggregation</span>
    </annotation>
    <annotation annotator="Mike Bada, University of Colorado Anschutz Medical Campus" id="GO_BP_2016_02_16_Instance_53245" type="identity">
      <class id="GO:0030097" label="hemopoiesis"/>
      <span end="34039" id="12925238-1286" start="34026">haematopoetic</span>
    </annotation>
    <annotation annotator="Mike Bada, University of Colorado Anschutz Medical Campus" id="GO_BP_2016_02_16_with_nested_annotations_Instance_110096" type="identity">
      <class id="GO_SO_EXT:sequence_rearrangement_process" label="sequence rearrangement process"/>
      <span end="34808" id="12925238-1329" start="34797">Recombinant</span>
    </annotation>
    <annotation annotator="Mike Bada, University of Colorado Anschutz Medical Campus" id="GO_BP_2016_02_16_with_nested_annotations_Instance_110098" type="identity">
      <class id="GO_SO_EXT:sequence_rearrangement_process" label="sequence rearrangement process"/>
      <span end="34882" id="12925238-1331" start="34871">recombinant</span>
    </annotation>
    <annotation annotator="Mike Bada, University of Colorado Anschutz Medical Campus" id="GO_BP_2016_02_16_with_nested_annotations_Instance_21870" type="identity">
      <class id="GO_EXT:biological_direction_or_guidance" label="biological direction/guidance"/>
      <span end="35096" id="12925238-1339" start="35088">directed</span>
    </annotation>
    <annotation annotator="Mike Bada, University of Colorado Anschutz Medical Campus" id="GO_BP_2016_02_16_with_nested_annotations_Instance_24253" type="identity">
      <class id="GO:0070527" label="platelet aggregation"/>
      <span end="35979" id="12925238-1367" start="35959">platelet aggregation</span>
    </annotation>
    <graph-space id="Old Knowtator Relations"/>
  </document>
</knowtator-project>
