<?xml version="1.0" encoding="UTF-8" standalone="no"?>
<knowtator-project>
  <document id="14609438" text-file="14609438.txt">
    <annotation annotator="Mike Bada, University of Colorado Anschutz Medical Campus" id="GO_BP_2016_02_16_Instance_45419" type="identity">
      <class id="GO:0010467" label="gene expression"/>
      <span end="308" id="14609438-1398" start="298">expression</span>
    </annotation>
    <annotation annotator="Mike Bada, University of Colorado Anschutz Medical Campus" id="GO_BP_2016_02_16_with_nested_annotations_Instance_22530" type="identity">
      <class id="GO_EXT:fatality_or_lethality" label="fatality/lethality"/>
      <span end="339" id="14609438-1412" start="334">fatal</span>
    </annotation>
    <annotation annotator="Mike Bada, University of Colorado Anschutz Medical Campus" id="GO_BP_2016_02_16_with_nested_annotations_Instance_23879" type="identity">
      <class id="GO_PATO_EXT:physiological_process_or_quality" label="physiological process or quality"/>
      <span end="1594" id="14609438-1420" start="1581">physiological</span>
    </annotation>
    <annotation annotator="Mike Bada, University of Colorado Anschutz Medical Campus" id="GO_BP_2016_02_16_with_nested_annotations_Instance_22532" type="identity">
      <class id="GO_EXT:fatality_or_lethality" label="fatality/lethality"/>
      <span end="2141" id="14609438-1414" start="2136">fatal</span>
    </annotation>
    <annotation annotator="Mike Bada, University of Colorado Anschutz Medical Campus" id="GO_BP_2016_02_16_with_nested_annotations_Instance_23881" type="identity">
      <class id="GO_PATO_EXT:physiological_process_or_quality" label="physiological process or quality"/>
      <span end="3186" id="14609438-1422" start="3173">physiological</span>
    </annotation>
    <annotation annotator="Mike Bada, University of Colorado Anschutz Medical Campus" id="GO_BP_2016_02_16_with_nested_annotations_Instance_40160" type="identity">
      <class id="CHEBI_GO_EXT:biological_process_or_quality_or_role" label="biological process, quality or role"/>
      <span end="3698" id="14609438-1424" start="3688">biological</span>
    </annotation>
    <annotation annotator="Mike Bada, University of Colorado Anschutz Medical Campus" id="GO_BP_2016_02_16_with_nested_annotations_Instance_40162" type="identity">
      <class id="CHEBI_GO_EXT:biological_process_or_quality_or_role" label="biological process, quality or role"/>
      <span end="4157" id="14609438-1426" start="4147">biological</span>
    </annotation>
    <annotation annotator="Mike Bada, University of Colorado Anschutz Medical Campus" id="GO_BP_2016_02_16_Instance_45421" type="identity">
      <class id="GO:0010467" label="gene expression"/>
      <span end="4461" id="14609438-1400" start="4452">expressed</span>
    </annotation>
    <annotation annotator="Mike Bada, University of Colorado Anschutz Medical Campus" id="GO_BP_2016_02_16_with_nested_annotations_Instance_21816" type="identity">
      <class id="GO_PATO_EXT:biological_maturation" label="biological maturation"/>
      <span end="4544" id="14609438-1408" start="4534">maturation</span>
    </annotation>
    <annotation annotator="Mike Bada, University of Colorado Anschutz Medical Campus" id="GO_BP_2016_02_16_with_nested_annotations_Instance_21818" type="identity">
      <class id="GO_PATO_EXT:biological_maturation" label="biological maturation"/>
      <span end="5763" id="14609438-1410" start="5753">maturation</span>
    </annotation>
    <annotation annotator="Mike Bada, University of Colorado Anschutz Medical Campus" id="GO_BP_2016_02_16_Instance_45427" type="identity">
      <class id="GO:0006412" label="translation"/>
      <span end="7130" id="14609438-1402" start="7120">translated</span>
    </annotation>
    <annotation annotator="Mike Bada, University of Colorado Anschutz Medical Campus" id="GO_BP_2016_02_16_Instance_45429" type="identity">
      <class id="GO:0010467" label="gene expression"/>
      <span end="17188" id="14609438-1404" start="17178">expression</span>
    </annotation>
    <annotation annotator="Mike Bada, University of Colorado Anschutz Medical Campus" id="GO_BP_2016_02_16_Instance_45431" type="identity">
      <class id="GO:0008380" label="RNA splicing"/>
      <span end="17251" id="14609438-1406" start="17244">splices</span>
    </annotation>
    <annotation annotator="Mike Bada, University of Colorado Anschutz Medical Campus" id="GO_BP_2016_02_16_with_nested_annotations_Instance_40164" type="identity">
      <class id="CHEBI_GO_EXT:biological_process_or_quality_or_role" label="biological process, quality or role"/>
      <span end="18252" id="14609438-1428" start="18240">biologically</span>
    </annotation>
    <annotation annotator="Mike Bada, University of Colorado Anschutz Medical Campus" id="GO_BP_2016_02_16_with_nested_annotations_Instance_40166" type="identity">
      <class id="CHEBI_GO_EXT:biological_process_or_quality_or_role" label="biological process, quality or role"/>
      <span end="18824" id="14609438-1430" start="18814">biological</span>
    </annotation>
    <annotation annotator="Mike Bada, University of Colorado Anschutz Medical Campus" id="GO_BP_2016_02_16_with_nested_annotations_Instance_40168" type="identity">
      <class id="CHEBI_GO_EXT:biological_process_or_quality_or_role" label="biological process, quality or role"/>
      <span end="20069" id="14609438-1432" start="20057">biologically</span>
    </annotation>
    <annotation annotator="Mike Bada, University of Colorado Anschutz Medical Campus" id="GO_BP_2016_02_16_with_nested_annotations_Instance_23366" type="identity">
      <class id="GO_EXT:biological_movement_or_translocation_process" label="biological movement/translocation process"/>
      <span end="24428" id="14609438-1416" start="24417">transferred</span>
    </annotation>
    <annotation annotator="Mike Bada, University of Colorado Anschutz Medical Campus" id="GO_BP_2016_02_16_with_nested_annotations_Instance_23368" type="identity">
      <class id="GO_EXT:biological_movement_or_translocation_process" label="biological movement/translocation process"/>
      <span end="24691" id="14609438-1418" start="24680">transferred</span>
    </annotation>
    <graph-space id="Old Knowtator Relations"/>
  </document>
</knowtator-project>
