<?xml version="1.0" encoding="UTF-8" standalone="no"?>
<knowtator-project>
  <document id="14737183" text-file="14737183.txt">
    <annotation annotator="Mike Bada, University of Colorado Anschutz Medical Campus" id="GO_BP_2016_02_16_with_nested_annotations_Instance_22839" type="identity">
      <class id="GO_PATO_EXT:biological_patterning_process_or_quality" label="biological patterning process or quality"/>
      <span end="23" id="14737183-3095" start="13">Patterning</span>
    </annotation>
    <annotation annotator="Mike Bada, University of Colorado Anschutz Medical Campus" id="GO_BP_2016_02_16_Instance_45845" type="identity">
      <class id="GO:0065007" label="biological regulation"/>
      <span end="207" id="14737183-2669" start="200">control</span>
    </annotation>
    <annotation annotator="Mike Bada, University of Colorado Anschutz Medical Campus" id="GO_BP_2016_02_16_Instance_70548" type="identity">
      <class id="GO_PATO_EXT:biological_pigmentation_process_or_quality" label="biological pigmentation process or quality"/>
      <span end="244" id="14737183-2957" start="232">pigmentation</span>
    </annotation>
    <annotation annotator="Mike Bada, University of Colorado Anschutz Medical Campus" id="GO_BP_2016_02_16_Instance_45847" type="identity">
      <class id="GO:0065007" label="biological regulation"/>
      <span end="385" id="14737183-2671" start="378">control</span>
    </annotation>
    <annotation annotator="Mike Bada, University of Colorado Anschutz Medical Campus" id="GO_BP_2016_02_16_Instance_70550" type="identity">
      <class id="GO_PATO_EXT:biological_pigmentation_process_or_quality" label="biological pigmentation process or quality"/>
      <span end="579" id="14737183-2959" start="567">pigmentation</span>
    </annotation>
    <annotation annotator="Mike Bada, University of Colorado Anschutz Medical Campus" id="GO_BP_2016_02_16_Instance_45849" type="identity">
      <class id="GO:0010467" label="gene expression"/>
      <span end="764" id="14737183-2673" start="754">expression</span>
    </annotation>
    <annotation annotator="Mike Bada, University of Colorado Anschutz Medical Campus" id="GO_BP_2016_02_16_Instance_45853" type="identity">
      <class id="GO:0010467" label="gene expression"/>
      <span end="1013" id="14737183-2675" start="1003">expression</span>
    </annotation>
    <annotation annotator="Mike Bada, University of Colorado Anschutz Medical Campus" id="GO_BP_2016_02_16_Instance_45855" type="identity">
      <class id="GO:0010467" label="gene expression"/>
      <span end="1081" id="14737183-2677" start="1071">expression</span>
    </annotation>
    <annotation annotator="Mike Bada, University of Colorado Anschutz Medical Campus" id="GO_BP_2016_02_16_Instance_45857" type="identity">
      <class id="GO:0010467" label="gene expression"/>
      <span end="1140" id="14737183-2679" start="1130">expression</span>
    </annotation>
    <annotation annotator="Mike Bada, University of Colorado Anschutz Medical Campus" id="GO_BP_2016_02_16_Instance_70552" type="identity">
      <class id="GO:0007567" label="parturition"/>
      <span end="1180" id="14737183-2961" start="1175">natal</span>
    </annotation>
    <annotation annotator="Mike Bada, University of Colorado Anschutz Medical Campus" id="GO_BP_2016_02_16_Instance_70554" type="identity">
      <class id="GO_PATO_EXT:biological_pigmentation_process_or_quality" label="biological pigmentation process or quality"/>
      <span end="1329" id="14737183-2963" start="1317">pigmentation</span>
    </annotation>
    <annotation annotator="Mike Bada, University of Colorado Anschutz Medical Campus" id="GO_BP_2016_02_16_Instance_45859" type="identity">
      <class id="GO:0010467" label="gene expression"/>
      <span end="1413" id="14737183-2681" start="1403">expression</span>
    </annotation>
    <annotation annotator="Mike Bada, University of Colorado Anschutz Medical Campus" id="GO_BP_2016_02_16_Instance_70556" type="identity">
      <class id="GO_PATO_EXT:biological_pigmentation_process_or_quality" label="biological pigmentation process or quality"/>
      <span end="1484" id="14737183-2965" start="1472">pigmentation</span>
    </annotation>
    <annotation annotator="Mike Bada, University of Colorado Anschutz Medical Campus" id="GO_BP_2016_02_16_Instance_45861" type="identity">
      <class id="GO:0010467" label="gene expression"/>
      <span end="1640" id="14737183-2683" start="1630">expression</span>
    </annotation>
    <annotation annotator="Mike Bada, University of Colorado Anschutz Medical Campus" id="GO_BP_2016_02_16_Instance_45863" type="identity">
      <class id="GO:0009790" label="embryo development"/>
      <span end="1862" id="14737183-2685" start="1841">embryonic development</span>
    </annotation>
    <annotation annotator="Mike Bada, University of Colorado Anschutz Medical Campus" id="GO_BP_2016_02_16_with_nested_annotations_Instance_22841" type="identity">
      <class id="GO_PATO_EXT:biological_patterning_process_or_quality" label="biological patterning process or quality"/>
      <span end="1933" id="14737183-3097" start="1923">patterning</span>
    </annotation>
    <annotation annotator="Mike Bada, University of Colorado Anschutz Medical Campus" id="GO_BP_2016_02_16_with_nested_annotations_Instance_40188" type="identity">
      <class id="CHEBI_GO_EXT:biological_process_or_quality_or_role" label="biological process, quality or role"/>
      <span end="2144" id="14737183-3135" start="2137">biology</span>
    </annotation>
    <annotation annotator="Mike Bada, University of Colorado Anschutz Medical Campus" id="GO_BP_2016_02_16_with_nested_annotations_Instance_241872" type="identity">
      <class id="GO_EXT:cell_communication_or_signaling_or_signal_transduction" label="cell communication, signaling or signal transduction"/>
      <span end="2354" id="14737183-3129" start="2336">signaling pathways</span>
    </annotation>
    <annotation annotator="Mike Bada, University of Colorado Anschutz Medical Campus" id="GO_BP_2016_02_16_Instance_45871" type="identity">
      <class id="GO:0065007" label="biological regulation"/>
      <span end="2471" id="14737183-2687" start="2464">control</span>
    </annotation>
    <annotation annotator="Mike Bada, University of Colorado Anschutz Medical Campus" id="GO_BP_2016_02_16_Instance_70572" type="identity">
      <class id="GO_PATO_EXT:biological_pigmentation_process_or_quality" label="biological pigmentation process or quality"/>
      <span end="3626" id="14737183-2967" start="3614">pigmentation</span>
    </annotation>
    <annotation annotator="Mike Bada, University of Colorado Anschutz Medical Campus" id="GO_BP_2016_02_16_with_nested_annotations_Instance_20016" type="identity">
      <class id="GO_EXT:biological_movement_or_translocation_process" label="biological movement/translocation process"/>
      <span end="3688" id="14737183-3091" start="3679">migration</span>
    </annotation>
    <annotation annotator="Mike Bada, University of Colorado Anschutz Medical Campus" id="GO_BP_2016_02_16_with_nested_annotations_Instance_60028" type="identity">
      <class id="GO:0038001" label="paracrine signaling"/>
      <span end="3855" id="14737183-3137" start="3846">paracrine</span>
    </annotation>
    <annotation annotator="Mike Bada, University of Colorado Anschutz Medical Campus" id="GO_BP_2016_02_16_Instance_45873" type="identity">
      <class id="GO:0065007" label="biological regulation"/>
      <span end="3871" id="14737183-2689" start="3864">control</span>
    </annotation>
    <annotation annotator="Mike Bada, University of Colorado Anschutz Medical Campus" id="GO_BP_2016_02_16_Instance_45875" type="identity">
      <class id="GO:0042633" label="hair cycle"/>
      <span end="3971" id="14737183-2691" start="3961">hair cycle</span>
    </annotation>
    <annotation annotator="Mike Bada, University of Colorado Anschutz Medical Campus" id="GO_BP_2016_02_16_Instance_45877" type="identity">
      <class id="GO:0051904" label="pigment granule transport"/>
      <span end="4064" id="14737183-2693" start="4036">movement of pigment granules</span>
    </annotation>
    <annotation annotator="Mike Bada, University of Colorado Anschutz Medical Campus" id="GO_BP_2016_02_16_Instance_70576" type="identity">
      <class id="GO:1903232" label="melanosome assembly"/>
      <span end="4386" id="14737183-2969" start="4365">melanosome biogenesis</span>
    </annotation>
    <annotation annotator="Mike Bada, University of Colorado Anschutz Medical Campus" id="GO_BP_2016_02_16_Instance_45879" type="identity">
      <class id="GO:0065007" label="biological regulation"/>
      <span end="4487" id="14737183-2695" start="4480">control</span>
    </annotation>
    <annotation annotator="Mike Bada, University of Colorado Anschutz Medical Campus" id="GO_BP_2016_02_16_with_nested_annotations_Instance_850" type="identity">
      <class id="GO:0046903" label="secretion"/>
      <span end="5036" id="14737183-3151" start="5028">Secreted</span>
    </annotation>
    <annotation annotator="Mike Bada, University of Colorado Anschutz Medical Campus" id="GO_BP_2016_02_16_Instance_45885" type="identity">
      <class id="GO:0042633" label="hair cycle"/>
      <span end="5369" id="14737183-2697" start="5359">hair cycle</span>
    </annotation>
    <annotation annotator="Mike Bada, University of Colorado Anschutz Medical Campus" id="GO_BP_2016_02_16_Instance_45889" type="identity">
      <class id="GO:0065007" label="biological regulation"/>
      <span end="5460" id="14737183-2701" start="5451">regulated</span>
    </annotation>
    <annotation annotator="Mike Bada, University of Colorado Anschutz Medical Campus" id="GO_BP_2016_02_16_Instance_45887" type="identity">
      <class id="GO:0010467" label="gene expression"/>
      <span end="5471" id="14737183-2699" start="5461">expression</span>
    </annotation>
    <annotation annotator="Mike Bada, University of Colorado Anschutz Medical Campus" id="GO_BP_2016_02_16_with_nested_annotations_Instance_10712" type="identity">
      <class id="GO_EXT:transcription" label="transcription"/>
      <span end="5869" id="14737183-3081" start="5854">transcriptional</span>
    </annotation>
    <annotation annotator="Mike Bada, University of Colorado Anschutz Medical Campus" id="GO_BP_2016_02_16_Instance_70580" type="identity">
      <class id="GO:0006412" label="translation"/>
      <span end="5905" id="14737183-2971" start="5895">translated</span>
    </annotation>
    <annotation annotator="Mike Bada, University of Colorado Anschutz Medical Campus" id="GO_BP_2016_02_16_Instance_45893" type="identity">
      <class id="GO:0042633" label="hair cycle"/>
      <span end="5926" id="14737183-2703" start="5916">hair cycle</span>
    </annotation>
    <annotation annotator="Mike Bada, University of Colorado Anschutz Medical Campus" id="GO_BP_2016_02_16_Instance_45895" type="identity">
      <class id="GO:0010467" label="gene expression"/>
      <span end="5960" id="14737183-2705" start="5951">expressed</span>
    </annotation>
    <annotation annotator="Mike Bada, University of Colorado Anschutz Medical Campus" id="GO_BP_2016_02_16_with_nested_annotations_Instance_70050" type="identity">
      <class id="GO_EXT:biological_growth_entity_or_process" label="biological growth entity or process"/>
      <span end="6030" id="14737183-3139" start="6024">growth</span>
    </annotation>
    <annotation annotator="Mike Bada, University of Colorado Anschutz Medical Campus" id="GO_BP_2016_02_16_Instance_45899" type="identity">
      <class id="GO:0010467" label="gene expression"/>
      <span end="6082" id="14737183-2707" start="6073">expressed</span>
    </annotation>
    <annotation annotator="Mike Bada, University of Colorado Anschutz Medical Campus" id="GO_BP_2016_02_16_with_nested_annotations_Instance_70052" type="identity">
      <class id="GO_EXT:biological_growth_entity_or_process" label="biological growth entity or process"/>
      <span end="6133" id="14737183-3141" start="6127">growth</span>
    </annotation>
    <annotation annotator="Mike Bada, University of Colorado Anschutz Medical Campus" id="GO_BP_2016_02_16_Instance_45903" type="identity">
      <class id="GO:0010467" label="gene expression"/>
      <span end="6243" id="14737183-2709" start="6236">express</span>
    </annotation>
    <annotation annotator="Mike Bada, University of Colorado Anschutz Medical Campus" id="GO_BP_2016_02_16_Instance_45905" type="identity">
      <class id="GO:0010467" label="gene expression"/>
      <span end="6563" id="14737183-2711" start="6554">expressed</span>
    </annotation>
    <annotation annotator="Mike Bada, University of Colorado Anschutz Medical Campus" id="GO_BP_2016_02_16_Instance_21891" type="identity">
      <class id="GO:0030154" label="cell differentiation"/>
      <span end="6677" id="14737183-2646" start="6657">cell differentiation</span>
    </annotation>
    <annotation annotator="Mike Bada, University of Colorado Anschutz Medical Campus" id="GO_BP_2016_02_16_Instance_45909" type="identity">
      <class id="GO:0065007" label="biological regulation"/>
      <span end="6716" id="14737183-2713" start="6706">regulatory</span>
    </annotation>
    <annotation annotator="Mike Bada, University of Colorado Anschutz Medical Campus" id="GO_BP_2016_02_16_Instance_45911" type="identity">
      <class id="GO:0007567" label="parturition"/>
      <span end="6873" id="14737183-2715" start="6868">birth</span>
    </annotation>
    <annotation annotator="Mike Bada, University of Colorado Anschutz Medical Campus" id="GO_BP_2016_02_16_Instance_38251" type="identity">
      <class id="GO:0009653" label="anatomical structure morphogenesis"/>
      <span end="7056" id="14737183-2665" start="7043">morphogenetic</span>
    </annotation>
    <annotation annotator="Mike Bada, University of Colorado Anschutz Medical Campus" id="GO_BP_2016_02_16_Instance_45915" type="identity">
      <class id="GO:0010467" label="gene expression"/>
      <span end="7932" id="14737183-2717" start="7922">expression</span>
    </annotation>
    <annotation annotator="Mike Bada, University of Colorado Anschutz Medical Campus" id="GO_BP_2016_02_16_Instance_240068" type="identity">
      <class id="GO_RO_EXT:developmental_differentiation_process" label="developmental differentiation process"/>
      <span end="8193" id="14737183-2652" start="8178">differentiation</span>
    </annotation>
    <annotation annotator="Mike Bada, University of Colorado Anschutz Medical Campus" id="GO_BP_2016_02_16_with_nested_annotations_Instance_10716" type="identity">
      <class id="GO_EXT:transcription" label="transcription"/>
      <span end="8680" id="14737183-3085" start="8667">transcription</span>
    </annotation>
    <annotation annotator="Mike Bada, University of Colorado Anschutz Medical Campus" id="GO_BP_2016_02_16_Instance_45919" type="identity">
      <class id="GO:0010467" label="gene expression"/>
      <span end="8697" id="14737183-2719" start="8688">expressed</span>
    </annotation>
    <annotation annotator="Mike Bada, University of Colorado Anschutz Medical Campus" id="GO_BP_2016_02_16_Instance_45923" type="identity">
      <class id="GO:0010467" label="gene expression"/>
      <span end="8814" id="14737183-2721" start="8804">expression</span>
    </annotation>
    <annotation annotator="Mike Bada, University of Colorado Anschutz Medical Campus" id="GO_BP_2016_02_16_with_nested_annotations_Instance_22843" type="identity">
      <class id="GO_PATO_EXT:biological_patterning_process_or_quality" label="biological patterning process or quality"/>
      <span end="8931" id="14737183-3099" start="8921">patterning</span>
    </annotation>
    <annotation annotator="Mike Bada, University of Colorado Anschutz Medical Campus" id="GO_BP_2016_02_16_with_nested_annotations_Instance_22845" type="identity">
      <class id="GO_PATO_EXT:biological_patterning_process_or_quality" label="biological patterning process or quality"/>
      <span end="9061" id="14737183-3101" start="9051">patterning</span>
    </annotation>
    <annotation annotator="Mike Bada, University of Colorado Anschutz Medical Campus" id="GO_BP_2016_02_16_Instance_70588" type="identity">
      <class id="GO_PATO_EXT:biological_pigmentation_process_or_quality" label="biological pigmentation process or quality"/>
      <span end="9552" id="14737183-2973" start="9540">pigmentation</span>
    </annotation>
    <annotation annotator="Mike Bada, University of Colorado Anschutz Medical Campus" id="GO_BP_2016_02_16_Instance_240070" type="identity">
      <class id="GO_PATO_RO_EXT:developmental_differentiation_process_or_quality" label="developmental differentiation process or quality"/>
      <span end="9614" id="14737183-2654" start="9600">differentiated</span>
    </annotation>
    <annotation annotator="Mike Bada, University of Colorado Anschutz Medical Campus" id="GO_BP_2016_02_16_with_nested_annotations_Instance_898" type="identity">
      <class id="GO_EXT:reaction_or_response" label="reaction/response"/>
      <span end="9693" id="14737183-3153" start="9685">response</span>
    </annotation>
    <annotation annotator="Mike Bada, University of Colorado Anschutz Medical Campus" id="GO_BP_2016_02_16_Instance_45935" type="identity">
      <class id="GO:0010467" label="gene expression"/>
      <span end="9707" id="14737183-2723" start="9697">expression</span>
    </annotation>
    <annotation annotator="Mike Bada, University of Colorado Anschutz Medical Campus" id="GO_BP_2016_02_16_Instance_70590" type="identity">
      <class id="GO_PATO_EXT:biological_pigmentation_process_or_quality" label="biological pigmentation process or quality"/>
      <span end="10626" id="14737183-2975" start="10614">pigmentation</span>
    </annotation>
    <annotation annotator="Mike Bada, University of Colorado Anschutz Medical Campus" id="GO_BP_2016_02_16_Instance_45937" type="identity">
      <class id="GO:0042633" label="hair cycle"/>
      <span end="10682" id="14737183-2725" start="10672">hair-cycle</span>
    </annotation>
    <annotation annotator="Mike Bada, University of Colorado Anschutz Medical Campus" id="GO_BP_2016_02_16_Instance_45939" type="identity">
      <class id="GO:0042633" label="hair cycle"/>
      <span end="11186" id="14737183-2727" start="11175">hair cycles</span>
    </annotation>
    <annotation annotator="Mike Bada, University of Colorado Anschutz Medical Campus" id="GO_BP_2016_02_16_Instance_70592" type="identity">
      <class id="GO:0007567" label="parturition"/>
      <span end="11389" id="14737183-2977" start="11384">natal</span>
    </annotation>
    <annotation annotator="Mike Bada, University of Colorado Anschutz Medical Campus" id="GO_BP_2016_02_16_Instance_70594" type="identity">
      <class id="GO_PATO_EXT:biological_pigmentation_process_or_quality" label="biological pigmentation process or quality"/>
      <span end="12118" id="14737183-2979" start="12106">pigmentation</span>
    </annotation>
    <annotation annotator="Mike Bada, University of Colorado Anschutz Medical Campus" id="GO_BP_2016_02_16_Instance_45947" type="identity">
      <class id="GO:0010467" label="gene expression"/>
      <span end="12221" id="14737183-2729" start="12211">expression</span>
    </annotation>
    <annotation annotator="Mike Bada, University of Colorado Anschutz Medical Campus" id="GO_BP_2016_02_16_Instance_70596" type="identity">
      <class id="GO_EXT:negative_regulation" label="negative regulation"/>
      <span end="12815" id="14737183-2981" start="12801">downregulation</span>
    </annotation>
    <annotation annotator="Mike Bada, University of Colorado Anschutz Medical Campus" id="GO_BP_2016_02_16_Instance_45949" type="identity">
      <class id="GO:0042633" label="hair cycle"/>
      <span end="13105" id="14737183-2731" start="13094">hair cycles</span>
    </annotation>
    <annotation annotator="Mike Bada, University of Colorado Anschutz Medical Campus" id="GO_BP_2016_02_16_Instance_70604" type="identity">
      <class id="GO_PATO_EXT:biological_pigmentation_process_or_quality" label="biological pigmentation process or quality"/>
      <span end="16023" id="14737183-2983" start="16011">pigmentation</span>
    </annotation>
    <annotation annotator="Mike Bada, University of Colorado Anschutz Medical Campus" id="GO_BP_2016_02_16_Instance_45955" type="identity">
      <class id="GO:0007567" label="parturition"/>
      <span end="16532" id="14737183-2733" start="16527">birth</span>
    </annotation>
    <annotation annotator="Mike Bada, University of Colorado Anschutz Medical Campus" id="GO_BP_2016_02_16_Instance_70606" type="identity">
      <class id="GO:0042438" label="melanin biosynthetic process"/>
      <span end="16577" id="14737183-2985" start="16566">melanogenic</span>
    </annotation>
    <annotation annotator="Mike Bada, University of Colorado Anschutz Medical Campus" id="GO_BP_2016_02_16_with_nested_annotations_Instance_20018" type="identity">
      <class id="GO_EXT:biological_movement_or_translocation_process" label="biological movement/translocation process"/>
      <span end="16663" id="14737183-3093" start="16654">migration</span>
    </annotation>
    <annotation annotator="Mike Bada, University of Colorado Anschutz Medical Campus" id="GO_BP_2016_02_16_Instance_240072" type="identity">
      <class id="GO_RO_EXT:developmental_differentiation_process" label="developmental differentiation process"/>
      <span end="16772" id="14737183-2656" start="16757">differentiation</span>
    </annotation>
    <annotation annotator="Mike Bada, University of Colorado Anschutz Medical Campus" id="GO_BP_2016_02_16_Instance_45957" type="identity">
      <class id="GO:0046148" label="pigment biosynthetic process"/>
      <span end="16794" id="14737183-2735" start="16777">pigment synthesis</span>
    </annotation>
    <annotation annotator="Mike Bada, University of Colorado Anschutz Medical Campus" id="GO_BP_2016_02_16_Instance_70610" type="identity">
      <class id="GO:0009953" label="dorsal/ventral pattern formation"/>
      <span end="17166" id="14737183-2987" start="17126">establishment of dorsoventral patterning</span>
    </annotation>
    <annotation annotator="Mike Bada, University of Colorado Anschutz Medical Campus" id="GO_BP_2016_02_16_Instance_45961" type="identity">
      <class id="GO:0043588" label="skin development"/>
      <span end="17190" id="14737183-2737" start="17174">skin development</span>
    </annotation>
    <annotation annotator="Mike Bada, University of Colorado Anschutz Medical Campus" id="GO_BP_2016_02_16_Instance_240074" type="identity">
      <class id="GO_RO_EXT:developmental_differentiation_process" label="developmental differentiation process"/>
      <span end="17386" id="14737183-2658" start="17371">differentiation</span>
    </annotation>
    <annotation annotator="Mike Bada, University of Colorado Anschutz Medical Campus" id="GO_BP_2016_02_16_with_nested_annotations_Instance_70054" type="identity">
      <class id="GO_EXT:biological_growth_entity_or_process" label="biological growth entity or process"/>
      <span end="17479" id="14737183-3143" start="17473">growth</span>
    </annotation>
    <annotation annotator="Mike Bada, University of Colorado Anschutz Medical Campus" id="GO_BP_2016_02_16_Instance_45967" type="identity">
      <class id="GO:0010467" label="gene expression"/>
      <span end="17579" id="14737183-2739" start="17570">expressed</span>
    </annotation>
    <annotation annotator="Mike Bada, University of Colorado Anschutz Medical Campus" id="GO_BP_2016_02_16_Instance_45969" type="identity">
      <class id="GO:0010467" label="gene expression"/>
      <span end="18492" id="14737183-2741" start="18482">expression</span>
    </annotation>
    <annotation annotator="Mike Bada, University of Colorado Anschutz Medical Campus" id="GO_BP_2016_02_16_Instance_45973" type="identity">
      <class id="GO:0043631" label="RNA polyadenylation"/>
      <span end="19200" id="14737183-2743" start="19185">polyadenylation</span>
    </annotation>
    <annotation annotator="Mike Bada, University of Colorado Anschutz Medical Campus" id="GO_BP_2016_02_16_Instance_70612" type="identity">
      <class id="GO_PATO_EXT:biological_pigmentation_process_or_quality" label="biological pigmentation process or quality"/>
      <span end="20543" id="14737183-2989" start="20531">pigmentation</span>
    </annotation>
    <annotation annotator="Mike Bada, University of Colorado Anschutz Medical Campus" id="GO_BP_2016_02_16_Instance_45981" type="identity">
      <class id="GO:0010467" label="gene expression"/>
      <span end="20782" id="14737183-2745" start="20772">Expression</span>
    </annotation>
    <annotation annotator="Mike Bada, University of Colorado Anschutz Medical Campus" id="GO_BP_2016_02_16_Instance_45983" type="identity">
      <class id="GO:0010467" label="gene expression"/>
      <span end="20906" id="14737183-2747" start="20896">expression</span>
    </annotation>
    <annotation annotator="Mike Bada, University of Colorado Anschutz Medical Campus" id="GO_BP_2016_02_16_Instance_45985" type="identity">
      <class id="GO:0010467" label="gene expression"/>
      <span end="21191" id="14737183-2749" start="21181">expression</span>
    </annotation>
    <annotation annotator="Mike Bada, University of Colorado Anschutz Medical Campus" id="GO_BP_2016_02_16_Instance_45989" type="identity">
      <class id="GO:0010467" label="gene expression"/>
      <span end="21522" id="14737183-2751" start="21512">expression</span>
    </annotation>
    <annotation annotator="Mike Bada, University of Colorado Anschutz Medical Campus" id="GO_BP_2016_02_16_Instance_45993" type="identity">
      <class id="GO:0010467" label="gene expression"/>
      <span end="21694" id="14737183-2753" start="21684">expression</span>
    </annotation>
    <annotation annotator="Mike Bada, University of Colorado Anschutz Medical Campus" id="GO_BP_2016_02_16_Instance_45997" type="identity">
      <class id="GO:0010467" label="gene expression"/>
      <span end="21945" id="14737183-2755" start="21936">expressed</span>
    </annotation>
    <annotation annotator="Mike Bada, University of Colorado Anschutz Medical Campus" id="GO_BP_2016_02_16_Instance_45999" type="identity">
      <class id="GO:0010467" label="gene expression"/>
      <span end="22046" id="14737183-2757" start="22037">expressed</span>
    </annotation>
    <annotation annotator="Mike Bada, University of Colorado Anschutz Medical Campus" id="GO_BP_2016_02_16_Instance_46003" type="identity">
      <class id="GO:0010467" label="gene expression"/>
      <span end="22189" id="14737183-2759" start="22179">expression</span>
    </annotation>
    <annotation annotator="Mike Bada, University of Colorado Anschutz Medical Campus" id="GO_BP_2016_02_16_Instance_70616" type="identity">
      <class id="GO:0007567" label="parturition"/>
      <span end="22334" id="14737183-2991" start="22329">natal</span>
    </annotation>
    <annotation annotator="Mike Bada, University of Colorado Anschutz Medical Campus" id="GO_BP_2016_02_16_with_nested_annotations_Instance_70056" type="identity">
      <class id="GO_EXT:biological_growth_entity_or_process" label="biological growth entity or process"/>
      <span end="22346" id="14737183-3145" start="22340">growth</span>
    </annotation>
    <annotation annotator="Mike Bada, University of Colorado Anschutz Medical Campus" id="GO_BP_2016_02_16_Instance_46007" type="identity">
      <class id="GO:0010467" label="gene expression"/>
      <span end="22399" id="14737183-2761" start="22390">expressed</span>
    </annotation>
    <annotation annotator="Mike Bada, University of Colorado Anschutz Medical Campus" id="GO_BP_2016_02_16_Instance_46011" type="identity">
      <class id="GO:0010467" label="gene expression"/>
      <span end="22574" id="14737183-2763" start="22564">expression</span>
    </annotation>
    <annotation annotator="Mike Bada, University of Colorado Anschutz Medical Campus" id="GO_BP_2016_02_16_Instance_46013" type="identity">
      <class id="GO:0010467" label="gene expression"/>
      <span end="22615" id="14737183-2765" start="22605">expression</span>
    </annotation>
    <annotation annotator="Mike Bada, University of Colorado Anschutz Medical Campus" id="GO_BP_2016_02_16_Instance_46015" type="identity">
      <class id="GO:0010467" label="gene expression"/>
      <span end="22691" id="14737183-2767" start="22681">expression</span>
    </annotation>
    <annotation annotator="Mike Bada, University of Colorado Anschutz Medical Campus" id="GO_BP_2016_02_16_Instance_46017" type="identity">
      <class id="GO:0010467" label="gene expression"/>
      <span end="22745" id="14737183-2769" start="22735">expression</span>
    </annotation>
    <annotation annotator="Mike Bada, University of Colorado Anschutz Medical Campus" id="GO_BP_2016_02_16_Instance_46019" type="identity">
      <class id="GO:0010467" label="gene expression"/>
      <span end="22811" id="14737183-2771" start="22801">expression</span>
    </annotation>
    <annotation annotator="Mike Bada, University of Colorado Anschutz Medical Campus" id="GO_BP_2016_02_16_Instance_46021" type="identity">
      <class id="GO:0010467" label="gene expression"/>
      <span end="22881" id="14737183-2773" start="22871">expression</span>
    </annotation>
    <annotation annotator="Mike Bada, University of Colorado Anschutz Medical Campus" id="GO_BP_2016_02_16_Instance_46023" type="identity">
      <class id="GO:0010467" label="gene expression"/>
      <span end="23058" id="14737183-2775" start="23048">expression</span>
    </annotation>
    <annotation annotator="Mike Bada, University of Colorado Anschutz Medical Campus" id="GO_BP_2016_02_16_Instance_46025" type="identity">
      <class id="GO:0010467" label="gene expression"/>
      <span end="23148" id="14737183-2777" start="23138">expression</span>
    </annotation>
    <annotation annotator="Mike Bada, University of Colorado Anschutz Medical Campus" id="GO_BP_2016_02_16_Instance_70618" type="identity">
      <class id="GO_PATO_EXT:biological_pigmentation_process_or_quality" label="biological pigmentation process or quality"/>
      <span end="23339" id="14737183-2993" start="23327">pigmentation</span>
    </annotation>
    <annotation annotator="Mike Bada, University of Colorado Anschutz Medical Campus" id="GO_BP_2016_02_16_Instance_46029" type="identity">
      <class id="GO:0010467" label="gene expression"/>
      <span end="23442" id="14737183-2779" start="23432">expression</span>
    </annotation>
    <annotation annotator="Mike Bada, University of Colorado Anschutz Medical Campus" id="GO_BP_2016_02_16_Instance_46031" type="identity">
      <class id="GO:0007567" label="parturition"/>
      <span end="23454" id="14737183-2781" start="23449">birth</span>
    </annotation>
    <annotation annotator="Mike Bada, University of Colorado Anschutz Medical Campus" id="GO_BP_2016_02_16_with_nested_annotations_Instance_22849" type="identity">
      <class id="GO_PATO_EXT:biological_patterning_process_or_quality" label="biological patterning process or quality"/>
      <span end="23465" id="14737183-3103" start="23456">patterned</span>
    </annotation>
    <annotation annotator="Mike Bada, University of Colorado Anschutz Medical Campus" id="GO_BP_2016_02_16_Instance_46033" type="identity">
      <class id="GO:0010467" label="gene expression"/>
      <span end="23476" id="14737183-2783" start="23466">expression</span>
    </annotation>
    <annotation annotator="Mike Bada, University of Colorado Anschutz Medical Campus" id="GO_BP_2016_02_16_Instance_46035" type="identity">
      <class id="GO:0010467" label="gene expression"/>
      <span end="23606" id="14737183-2785" start="23596">expression</span>
    </annotation>
    <annotation annotator="Mike Bada, University of Colorado Anschutz Medical Campus" id="GO_BP_2016_02_16_Instance_46037" type="identity">
      <class id="GO:0010467" label="gene expression"/>
      <span end="23686" id="14737183-2787" start="23676">Expression</span>
    </annotation>
    <annotation annotator="Mike Bada, University of Colorado Anschutz Medical Campus" id="GO_BP_2016_02_16_Instance_70622" type="identity">
      <class id="GO_PATO_EXT:biological_pigmentation_process_or_quality" label="biological pigmentation process or quality"/>
      <span end="23721" id="14737183-2995" start="23709">Pigmentation</span>
    </annotation>
    <annotation annotator="Mike Bada, University of Colorado Anschutz Medical Campus" id="GO_BP_2016_02_16_Instance_46041" type="identity">
      <class id="GO:0010467" label="gene expression"/>
      <span end="23821" id="14737183-2789" start="23811">expression</span>
    </annotation>
    <annotation annotator="Mike Bada, University of Colorado Anschutz Medical Campus" id="GO_BP_2016_02_16_Instance_46045" type="identity">
      <class id="GO:0010467" label="gene expression"/>
      <span end="24317" id="14737183-2791" start="24307">expression</span>
    </annotation>
    <annotation annotator="Mike Bada, University of Colorado Anschutz Medical Campus" id="GO_BP_2016_02_16_Instance_46051" type="identity">
      <class id="GO:0010467" label="gene expression"/>
      <span end="25020" id="14737183-2793" start="25005">gene expression</span>
    </annotation>
    <annotation annotator="Mike Bada, University of Colorado Anschutz Medical Campus" id="GO_BP_2016_02_16_Instance_46053" type="identity">
      <class id="GO:0010467" label="gene expression"/>
      <span end="26091" id="14737183-2795" start="26082">expressed</span>
    </annotation>
    <annotation annotator="Mike Bada, University of Colorado Anschutz Medical Campus" id="GO_BP_2016_02_16_Instance_46055" type="identity">
      <class id="GO:0010467" label="gene expression"/>
      <span end="26142" id="14737183-2797" start="26133">expressed</span>
    </annotation>
    <annotation annotator="Mike Bada, University of Colorado Anschutz Medical Campus" id="GO_BP_2016_02_16_Instance_70624" type="identity">
      <class id="GO_PATO_EXT:biological_pigmentation_process_or_quality" label="biological pigmentation process or quality"/>
      <span end="26220" id="14737183-2997" start="26208">pigmentation</span>
    </annotation>
    <annotation annotator="Mike Bada, University of Colorado Anschutz Medical Campus" id="GO_BP_2016_02_16_with_nested_annotations_Instance_22851" type="identity">
      <class id="GO_PATO_EXT:biological_patterning_process_or_quality" label="biological patterning process or quality"/>
      <span end="26262" id="14737183-3105" start="26253">patterned</span>
    </annotation>
    <annotation annotator="Mike Bada, University of Colorado Anschutz Medical Campus" id="GO_BP_2016_02_16_Instance_46059" type="identity">
      <class id="GO:0010467" label="gene expression"/>
      <span end="26273" id="14737183-2799" start="26263">expression</span>
    </annotation>
    <annotation annotator="Mike Bada, University of Colorado Anschutz Medical Campus" id="GO_BP_2016_02_16_Instance_46061" type="identity">
      <class id="GO:0043588" label="skin development"/>
      <span end="26417" id="14737183-2801" start="26401">skin development</span>
    </annotation>
    <annotation annotator="Mike Bada, University of Colorado Anschutz Medical Campus" id="GO_BP_2016_02_16_Instance_46063" type="identity">
      <class id="GO:0010467" label="gene expression"/>
      <span end="26441" id="14737183-2803" start="26431">expression</span>
    </annotation>
    <annotation annotator="Mike Bada, University of Colorado Anschutz Medical Campus" id="GO_BP_2016_02_16_Instance_70628" type="identity">
      <class id="GO_PATO_EXT:biological_pigmentation_process_or_quality" label="biological pigmentation process or quality"/>
      <span end="27413" id="14737183-2999" start="27401">pigmentation</span>
    </annotation>
    <annotation annotator="Mike Bada, University of Colorado Anschutz Medical Campus" id="GO_BP_2016_02_16_Instance_70630" type="identity">
      <class id="GO_PATO_EXT:biological_pigmentation_process_or_quality" label="biological pigmentation process or quality"/>
      <span end="27538" id="14737183-3001" start="27526">pigmentation</span>
    </annotation>
    <annotation annotator="Mike Bada, University of Colorado Anschutz Medical Campus" id="GO_BP_2016_02_16_Instance_70632" type="identity">
      <class id="GO:0007565" label="female pregnancy"/>
      <span end="27767" id="14737183-3003" start="27758">gestation</span>
    </annotation>
    <annotation annotator="Mike Bada, University of Colorado Anschutz Medical Campus" id="GO_BP_2016_02_16_Instance_70634" type="identity">
      <class id="GO_PATO_EXT:biological_pigmentation_process_or_quality" label="biological pigmentation process or quality"/>
      <span end="28510" id="14737183-3005" start="28498">pigmentation</span>
    </annotation>
    <annotation annotator="Mike Bada, University of Colorado Anschutz Medical Campus" id="GO_BP_2016_02_16_Instance_70636" type="identity">
      <class id="GO_PATO_EXT:biological_pigmentation_process_or_quality" label="biological pigmentation process or quality"/>
      <span end="28655" id="14737183-3007" start="28643">pigmentation</span>
    </annotation>
    <annotation annotator="Mike Bada, University of Colorado Anschutz Medical Campus" id="GO_BP_2016_02_16_with_nested_annotations_Instance_22853" type="identity">
      <class id="GO_PATO_EXT:biological_patterning_process_or_quality" label="biological patterning process or quality"/>
      <span end="28799" id="14737183-3107" start="28789">patterning</span>
    </annotation>
    <annotation annotator="Mike Bada, University of Colorado Anschutz Medical Campus" id="GO_BP_2016_02_16_Instance_70640" type="identity">
      <class id="GO_PATO_EXT:biological_pigmentation_process_or_quality" label="biological pigmentation process or quality"/>
      <span end="28860" id="14737183-3009" start="28848">pigmentation</span>
    </annotation>
    <annotation annotator="Mike Bada, University of Colorado Anschutz Medical Campus" id="GO_BP_2016_02_16_Instance_46077" type="identity">
      <class id="GO:0010467" label="gene expression"/>
      <span end="28990" id="14737183-2805" start="28980">expression</span>
    </annotation>
    <annotation annotator="Mike Bada, University of Colorado Anschutz Medical Campus" id="GO_BP_2016_02_16_Instance_46079" type="identity">
      <class id="GO:0010467" label="gene expression"/>
      <span end="29089" id="14737183-2807" start="29080">expressed</span>
    </annotation>
    <annotation annotator="Mike Bada, University of Colorado Anschutz Medical Campus" id="GO_BP_2016_02_16_Instance_70644" type="identity">
      <class id="GO_PATO_EXT:biological_pigmentation_process_or_quality" label="biological pigmentation process or quality"/>
      <span end="29437" id="14737183-3011" start="29425">pigmentation</span>
    </annotation>
    <annotation annotator="Mike Bada, University of Colorado Anschutz Medical Campus" id="GO_BP_2016_02_16_Instance_46087" type="identity">
      <class id="GO:0001942" label="hair follicle development"/>
      <span end="29681" id="14737183-2809" start="29656">hair follicle development</span>
    </annotation>
    <annotation annotator="Mike Bada, University of Colorado Anschutz Medical Campus" id="GO_BP_2016_02_16_Instance_70646" type="identity">
      <class id="GO_PATO_EXT:biological_pigmentation_process_or_quality" label="biological pigmentation process or quality"/>
      <span end="29777" id="14737183-3013" start="29765">pigmentation</span>
    </annotation>
    <annotation annotator="Mike Bada, University of Colorado Anschutz Medical Campus" id="GO_BP_2016_02_16_Instance_46091" type="identity">
      <class id="GO:0010467" label="gene expression"/>
      <span end="29997" id="14737183-2811" start="29987">expression</span>
    </annotation>
    <annotation annotator="Mike Bada, University of Colorado Anschutz Medical Campus" id="GO_BP_2016_02_16_Instance_46093" type="identity">
      <class id="GO:0010467" label="gene expression"/>
      <span end="30433" id="14737183-2813" start="30423">expression</span>
    </annotation>
    <annotation annotator="Mike Bada, University of Colorado Anschutz Medical Campus" id="GO_BP_2016_02_16_with_nested_annotations_Instance_22855" type="identity">
      <class id="GO_PATO_EXT:biological_patterning_process_or_quality" label="biological patterning process or quality"/>
      <span end="30661" id="14737183-3109" start="30652">patterned</span>
    </annotation>
    <annotation annotator="Mike Bada, University of Colorado Anschutz Medical Campus" id="GO_BP_2016_02_16_Instance_46095" type="identity">
      <class id="GO:0010467" label="gene expression"/>
      <span end="30672" id="14737183-2815" start="30662">expression</span>
    </annotation>
    <annotation annotator="Mike Bada, University of Colorado Anschutz Medical Campus" id="GO_BP_2016_02_16_with_nested_annotations_Instance_22857" type="identity">
      <class id="GO_PATO_EXT:biological_patterning_process_or_quality" label="biological patterning process or quality"/>
      <span end="30823" id="14737183-3111" start="30813">patterning</span>
    </annotation>
    <annotation annotator="Mike Bada, University of Colorado Anschutz Medical Campus" id="GO_BP_2016_02_16_Instance_46099" type="identity">
      <class id="GO:0010467" label="gene expression"/>
      <span end="30861" id="14737183-2817" start="30851">expression</span>
    </annotation>
    <annotation annotator="Mike Bada, University of Colorado Anschutz Medical Campus" id="GO_BP_2016_02_16_Instance_46103" type="identity">
      <class id="GO:0060173" label="limb development"/>
      <span end="30964" id="14737183-2819" start="30948">limb development</span>
    </annotation>
    <annotation annotator="Mike Bada, University of Colorado Anschutz Medical Campus" id="GO_BP_2016_02_16_Instance_46105" type="identity">
      <class id="GO:0009790" label="embryo development"/>
      <span end="31088" id="14737183-2821" start="31067">embryonic development</span>
    </annotation>
    <annotation annotator="Mike Bada, University of Colorado Anschutz Medical Campus" id="GO_BP_2016_02_16_Instance_23165" type="identity">
      <class id="GO:0007601" label="visual perception"/>
      <span end="31304" id="14737183-2648" start="31298">visual</span>
    </annotation>
    <annotation annotator="Mike Bada, University of Colorado Anschutz Medical Campus" id="GO_BP_2016_02_16_Instance_46107" type="identity">
      <class id="GO:0010467" label="gene expression"/>
      <span end="31494" id="14737183-2823" start="31479">gene expression</span>
    </annotation>
    <annotation annotator="Mike Bada, University of Colorado Anschutz Medical Campus" id="GO_BP_2016_02_16_Instance_70652" type="identity">
      <class id="GO:0007567" label="parturition"/>
      <span end="31600" id="14737183-3015" start="31595">natal</span>
    </annotation>
    <annotation annotator="Mike Bada, University of Colorado Anschutz Medical Campus" id="GO_BP_2016_02_16_Instance_46109" type="identity">
      <class id="GO:0010467" label="gene expression"/>
      <span end="32522" id="14737183-2825" start="32512">expression</span>
    </annotation>
    <annotation annotator="Mike Bada, University of Colorado Anschutz Medical Campus" id="GO_BP_2016_02_16_Instance_70654" type="identity">
      <class id="GO_PATO_EXT:biological_pigmentation_process_or_quality" label="biological pigmentation process or quality"/>
      <span end="32668" id="14737183-3017" start="32656">pigmentation</span>
    </annotation>
    <annotation annotator="Mike Bada, University of Colorado Anschutz Medical Campus" id="GO_BP_2016_02_16_with_nested_annotations_Instance_241906" type="identity">
      <class id="GO_EXT:regulator" label="regulator"/>
      <span end="33128" id="14737183-3133" start="33118">regulators</span>
    </annotation>
    <annotation annotator="Mike Bada, University of Colorado Anschutz Medical Campus" id="GO_BP_2016_02_16_Instance_46115" type="identity">
      <class id="GO:0010467" label="gene expression"/>
      <span end="33505" id="14737183-2827" start="33496">expressed</span>
    </annotation>
    <annotation annotator="Mike Bada, University of Colorado Anschutz Medical Campus" id="GO_BP_2016_02_16_Instance_46119" type="identity">
      <class id="GO:0010467" label="gene expression"/>
      <span end="34004" id="14737183-2829" start="33994">expression</span>
    </annotation>
    <annotation annotator="Mike Bada, University of Colorado Anschutz Medical Campus" id="GO_BP_2016_02_16_Instance_46123" type="identity">
      <class id="GO:0010467" label="gene expression"/>
      <span end="34113" id="14737183-2831" start="34103">Expression</span>
    </annotation>
    <annotation annotator="Mike Bada, University of Colorado Anschutz Medical Campus" id="GO_BP_2016_02_16_Instance_46125" type="identity">
      <class id="GO:0010467" label="gene expression"/>
      <span end="34666" id="14737183-2833" start="34656">expression</span>
    </annotation>
    <annotation annotator="Mike Bada, University of Colorado Anschutz Medical Campus" id="GO_BP_2016_02_16_Instance_46127" type="identity">
      <class id="GO:0010467" label="gene expression"/>
      <span end="34921" id="14737183-2835" start="34911">expression</span>
    </annotation>
    <annotation annotator="Mike Bada, University of Colorado Anschutz Medical Campus" id="GO_BP_2016_02_16_with_nested_annotations_Instance_70058" type="identity">
      <class id="GO_EXT:biological_growth_entity_or_process" label="biological growth entity or process"/>
      <span end="35285" id="14737183-3147" start="35279">growth</span>
    </annotation>
    <annotation annotator="Mike Bada, University of Colorado Anschutz Medical Campus" id="GO_BP_2016_02_16_Instance_46129" type="identity">
      <class id="GO:0001501" label="skeletal system development"/>
      <span end="35988" id="14737183-2837" start="35968">skeletal development</span>
    </annotation>
    <annotation annotator="Mike Bada, University of Colorado Anschutz Medical Campus" id="GO_BP_2016_02_16_Instance_46133" type="identity">
      <class id="GO:0010467" label="gene expression"/>
      <span end="36409" id="14737183-2839" start="36399">Expression</span>
    </annotation>
    <annotation annotator="Mike Bada, University of Colorado Anschutz Medical Campus" id="GO_BP_2016_02_16_with_nested_annotations_Instance_22859" type="identity">
      <class id="GO_PATO_EXT:biological_patterning_process_or_quality" label="biological patterning process or quality"/>
      <span end="36490" id="14737183-3113" start="36480">patterning</span>
    </annotation>
    <annotation annotator="Mike Bada, University of Colorado Anschutz Medical Campus" id="GO_BP_2016_02_16_Instance_70662" type="identity">
      <class id="GO:0007567" label="parturition"/>
      <span end="36542" id="14737183-3019" start="36537">natal</span>
    </annotation>
    <annotation annotator="Mike Bada, University of Colorado Anschutz Medical Campus" id="GO_BP_2016_02_16_Instance_46137" type="identity">
      <class id="GO:0010467" label="gene expression"/>
      <span end="36585" id="14737183-2841" start="36576">expressed</span>
    </annotation>
    <annotation annotator="Mike Bada, University of Colorado Anschutz Medical Campus" id="GO_BP_2016_02_16_Instance_46139" type="identity">
      <class id="GO:0010467" label="gene expression"/>
      <span end="36724" id="14737183-2843" start="36714">expression</span>
    </annotation>
    <annotation annotator="Mike Bada, University of Colorado Anschutz Medical Campus" id="GO_BP_2016_02_16_with_nested_annotations_Instance_22861" type="identity">
      <class id="GO_PATO_EXT:biological_patterning_process_or_quality" label="biological patterning process or quality"/>
      <span end="36815" id="14737183-3115" start="36805">patterning</span>
    </annotation>
    <annotation annotator="Mike Bada, University of Colorado Anschutz Medical Campus" id="GO_BP_2016_02_16_Instance_240078" type="identity">
      <class id="GO_PATO_RO_EXT:developmental_differentiation_process_or_quality" label="developmental differentiation process or quality"/>
      <span end="37046" id="14737183-2660" start="37032">differentiated</span>
    </annotation>
    <annotation annotator="Mike Bada, University of Colorado Anschutz Medical Campus" id="GO_BP_2016_02_16_Instance_46145" type="identity">
      <class id="GO:0008283" label="cell proliferation"/>
      <span end="37144" id="14737183-2845" start="37118">proliferative expansion of</span>
      <span end="37162" id="14737183-2846" start="37147">cell population</span>
    </annotation>
    <annotation annotator="Mike Bada, University of Colorado Anschutz Medical Campus" id="GO_BP_2016_02_16_Instance_46147" type="identity">
      <class id="GO:0010467" label="gene expression"/>
      <span end="37383" id="14737183-2848" start="37373">expression</span>
    </annotation>
    <annotation annotator="Mike Bada, University of Colorado Anschutz Medical Campus" id="GO_BP_2016_02_16_Instance_70668" type="identity">
      <class id="GO:0007567" label="parturition"/>
      <span end="37396" id="14737183-3021" start="37391">natal</span>
    </annotation>
    <annotation annotator="Mike Bada, University of Colorado Anschutz Medical Campus" id="GO_BP_2016_02_16_Instance_46149" type="identity">
      <class id="GO:0008283" label="cell proliferation"/>
      <span end="37634" id="14737183-2850" start="37623">proliferate</span>
    </annotation>
    <annotation annotator="Mike Bada, University of Colorado Anschutz Medical Campus" id="GO_BP_2016_02_16_Instance_46153" type="identity">
      <class id="GO:0010467" label="gene expression"/>
      <span end="38057" id="14737183-2852" start="38047">expression</span>
    </annotation>
    <annotation annotator="Mike Bada, University of Colorado Anschutz Medical Campus" id="GO_BP_2016_02_16_Instance_70670" type="identity">
      <class id="GO_EXT:transcription" label="transcription"/>
      <span end="38172" id="14737183-3023" start="38159">transcription</span>
    </annotation>
    <annotation annotator="Mike Bada, University of Colorado Anschutz Medical Campus" id="GO_BP_2016_02_16_Instance_46155" type="identity">
      <class id="GO:0010467" label="gene expression"/>
      <span end="38253" id="14737183-2854" start="38243">expression</span>
    </annotation>
    <annotation annotator="Mike Bada, University of Colorado Anschutz Medical Campus" id="GO_BP_2016_02_16_Instance_70672" type="identity">
      <class id="GO:0007567" label="parturition"/>
      <span end="38305" id="14737183-3025" start="38300">natal</span>
    </annotation>
    <annotation annotator="Mike Bada, University of Colorado Anschutz Medical Campus" id="GO_BP_2016_02_16_Instance_70674" type="identity">
      <class id="GO:0007567" label="parturition"/>
      <span end="38352" id="14737183-3027" start="38347">natal</span>
    </annotation>
    <annotation annotator="Mike Bada, University of Colorado Anschutz Medical Campus" id="GO_BP_2016_02_16_Instance_46157" type="identity">
      <class id="GO:0010467" label="gene expression"/>
      <span end="38363" id="14737183-2856" start="38353">expression</span>
    </annotation>
    <annotation annotator="Mike Bada, University of Colorado Anschutz Medical Campus" id="GO_BP_2016_02_16_Instance_46159" type="identity">
      <class id="GO:0010467" label="gene expression"/>
      <span end="38757" id="14737183-2858" start="38748">expressed</span>
    </annotation>
    <annotation annotator="Mike Bada, University of Colorado Anschutz Medical Campus" id="GO_BP_2016_02_16_Instance_46161" type="identity">
      <class id="GO:0060173" label="limb development"/>
      <span end="38847" id="14737183-2860" start="38843">limb</span>
      <span end="38876" id="14737183-2861" start="38865">development</span>
    </annotation>
    <annotation annotator="Mike Bada, University of Colorado Anschutz Medical Campus" id="GO_BP_2016_02_16_Instance_46163" type="identity">
      <class id="GO:0010467" label="gene expression"/>
      <span end="38981" id="14737183-2863" start="38971">expression</span>
    </annotation>
    <annotation annotator="Mike Bada, University of Colorado Anschutz Medical Campus" id="GO_BP_2016_02_16_with_nested_annotations_Instance_22863" type="identity">
      <class id="GO_PATO_EXT:biological_patterning_process_or_quality" label="biological patterning process or quality"/>
      <span end="39173" id="14737183-3117" start="39163">Patterning</span>
    </annotation>
    <annotation annotator="Mike Bada, University of Colorado Anschutz Medical Campus" id="GO_BP_2016_02_16_Instance_46169" type="identity">
      <class id="GO:0010467" label="gene expression"/>
      <span end="39762" id="14737183-2865" start="39752">expression</span>
    </annotation>
    <annotation annotator="Mike Bada, University of Colorado Anschutz Medical Campus" id="GO_BP_2016_02_16_Instance_70678" type="identity">
      <class id="GO_PATO_EXT:biological_pigmentation_process_or_quality" label="biological pigmentation process or quality"/>
      <span end="39851" id="14737183-3029" start="39839">pigmentation</span>
    </annotation>
    <annotation annotator="Mike Bada, University of Colorado Anschutz Medical Campus" id="GO_BP_2016_02_16_Instance_46177" type="identity">
      <class id="GO:0016477" label="cell migration"/>
      <span end="40041" id="14737183-2867" start="40032">migration</span>
      <span end="40071" id="14737183-2868" start="40069">of</span>
      <span end="40085" id="14737183-2869" start="40080">cells</span>
    </annotation>
    <annotation annotator="Mike Bada, University of Colorado Anschutz Medical Campus" id="GO_BP_2016_02_16_Instance_46179" type="identity">
      <class id="GO:0008283" label="cell proliferation"/>
      <span end="40058" id="14737183-2871" start="40045">proliferation</span>
      <span end="40071" id="14737183-2872" start="40069">of</span>
      <span end="40085" id="14737183-2873" start="40080">cells</span>
    </annotation>
    <annotation annotator="Mike Bada, University of Colorado Anschutz Medical Campus" id="GO_BP_2016_02_16_Instance_46181" type="identity">
      <class id="GO:0065007" label="biological regulation"/>
      <span end="40195" id="14737183-2875" start="40188">control</span>
    </annotation>
    <annotation annotator="Mike Bada, University of Colorado Anschutz Medical Campus" id="GO_BP_2016_02_16_Instance_46183" type="identity">
      <class id="GO:0065007" label="biological regulation"/>
      <span end="40271" id="14737183-2877" start="40264">control</span>
    </annotation>
    <annotation annotator="Mike Bada, University of Colorado Anschutz Medical Campus" id="GO_BP_2016_02_16_with_nested_annotations_Instance_22865" type="identity">
      <class id="GO_PATO_EXT:biological_patterning_process_or_quality" label="biological patterning process or quality"/>
      <span end="40303" id="14737183-3119" start="40293">patterning</span>
    </annotation>
    <annotation annotator="Mike Bada, University of Colorado Anschutz Medical Campus" id="GO_BP_2016_02_16_Instance_70682" type="identity">
      <class id="GO_EXT:transcription" label="transcription"/>
      <span end="40340" id="14737183-3031" start="40327">transcription</span>
    </annotation>
    <annotation annotator="Mike Bada, University of Colorado Anschutz Medical Campus" id="GO_BP_2016_02_16_Instance_46185" type="identity">
      <class id="GO:0010467" label="gene expression"/>
      <span end="40616" id="14737183-2879" start="40606">expression</span>
    </annotation>
    <annotation annotator="Mike Bada, University of Colorado Anschutz Medical Campus" id="GO_BP_2016_02_16_Instance_46187" type="identity">
      <class id="GO:0010467" label="gene expression"/>
      <span end="40798" id="14737183-2881" start="40788">expression</span>
    </annotation>
    <annotation annotator="Mike Bada, University of Colorado Anschutz Medical Campus" id="GO_BP_2016_02_16_Instance_46191" type="identity">
      <class id="GO:0010467" label="gene expression"/>
      <span end="41094" id="14737183-2883" start="41084">expression</span>
    </annotation>
    <annotation annotator="Mike Bada, University of Colorado Anschutz Medical Campus" id="GO_BP_2016_02_16_Instance_46193" type="identity">
      <class id="GO:0065007" label="biological regulation"/>
      <span end="41521" id="14737183-2885" start="41514">control</span>
    </annotation>
    <annotation annotator="Mike Bada, University of Colorado Anschutz Medical Campus" id="GO_BP_2016_02_16_Instance_46199" type="identity">
      <class id="GO:0065007" label="biological regulation"/>
      <span end="41899" id="14737183-2887" start="41892">control</span>
    </annotation>
    <annotation annotator="Mike Bada, University of Colorado Anschutz Medical Campus" id="GO_BP_2016_02_16_with_nested_annotations_Instance_22867" type="identity">
      <class id="GO_PATO_EXT:biological_patterning_process_or_quality" label="biological patterning process or quality"/>
      <span end="41923" id="14737183-3121" start="41913">patterning</span>
    </annotation>
    <annotation annotator="Mike Bada, University of Colorado Anschutz Medical Campus" id="GO_BP_2016_02_16_Instance_46203" type="identity">
      <class id="GO:0010467" label="gene expression"/>
      <span end="42130" id="14737183-2889" start="42120">expression</span>
    </annotation>
    <annotation annotator="Mike Bada, University of Colorado Anschutz Medical Campus" id="GO_BP_2016_02_16_Instance_46205" type="identity">
      <class id="GO:0010467" label="gene expression"/>
      <span end="42282" id="14737183-2891" start="42272">expression</span>
    </annotation>
    <annotation annotator="Mike Bada, University of Colorado Anschutz Medical Campus" id="GO_BP_2016_02_16_with_nested_annotations_Instance_241874" type="identity">
      <class id="GO:0070285" label="pigment cell development"/>
      <span end="42308" id="14737183-3131" start="42284">pigment-cell development</span>
    </annotation>
    <annotation annotator="Mike Bada, University of Colorado Anschutz Medical Campus" id="GO_BP_2016_02_16_with_nested_annotations_Instance_70060" type="identity">
      <class id="GO_EXT:biological_growth_entity_or_process" label="biological growth entity or process"/>
      <span end="42325" id="14737183-3149" start="42319">growth</span>
    </annotation>
    <annotation annotator="Mike Bada, University of Colorado Anschutz Medical Campus" id="GO_BP_2016_02_16_Instance_46211" type="identity">
      <class id="GO:0010467" label="gene expression"/>
      <span end="42372" id="14737183-2893" start="42362">expression</span>
    </annotation>
    <annotation annotator="Mike Bada, University of Colorado Anschutz Medical Campus" id="GO_BP_2016_02_16_Instance_46213" type="identity">
      <class id="GO:0010467" label="gene expression"/>
      <span end="42422" id="14737183-2895" start="42412">expression</span>
    </annotation>
    <annotation annotator="Mike Bada, University of Colorado Anschutz Medical Campus" id="GO_BP_2016_02_16_Instance_70686" type="identity">
      <class id="GO_PATO_EXT:biological_pigmentation_process_or_quality" label="biological pigmentation process or quality"/>
      <span end="42474" id="14737183-3033" start="42462">pigmentation</span>
    </annotation>
    <annotation annotator="Mike Bada, University of Colorado Anschutz Medical Campus" id="GO_BP_2016_02_16_Instance_46217" type="identity">
      <class id="GO:0010467" label="gene expression"/>
      <span end="43143" id="14737183-2897" start="43133">expression</span>
    </annotation>
    <annotation annotator="Mike Bada, University of Colorado Anschutz Medical Campus" id="GO_BP_2016_02_16_Instance_70688" type="identity">
      <class id="GO_PATO_EXT:biological_pigmentation_process_or_quality" label="biological pigmentation process or quality"/>
      <span end="43344" id="14737183-3035" start="43332">pigmentation</span>
    </annotation>
    <annotation annotator="Mike Bada, University of Colorado Anschutz Medical Campus" id="GO_BP_2016_02_16_Instance_46223" type="identity">
      <class id="GO:0010467" label="gene expression"/>
      <span end="43486" id="14737183-2899" start="43476">expression</span>
    </annotation>
    <annotation annotator="Mike Bada, University of Colorado Anschutz Medical Campus" id="GO_BP_2016_02_16_Instance_70694" type="identity">
      <class id="GO_PATO_EXT:biological_pigmentation_process_or_quality" label="biological pigmentation process or quality"/>
      <span end="43563" id="14737183-3037" start="43551">pigmentation</span>
    </annotation>
    <annotation annotator="Mike Bada, University of Colorado Anschutz Medical Campus" id="GO_BP_2016_02_16_Instance_46227" type="identity">
      <class id="GO:0010467" label="gene expression"/>
      <span end="43653" id="14737183-2901" start="43643">expression</span>
    </annotation>
    <annotation annotator="Mike Bada, University of Colorado Anschutz Medical Campus" id="GO_BP_2016_02_16_with_nested_annotations_Instance_22869" type="identity">
      <class id="GO_PATO_EXT:biological_patterning_process_or_quality" label="biological patterning process or quality"/>
      <span end="43785" id="14737183-3123" start="43775">patterning</span>
    </annotation>
    <annotation annotator="Mike Bada, University of Colorado Anschutz Medical Campus" id="GO_BP_2016_02_16_Instance_46233" type="identity">
      <class id="GO:0048263" label="determination of dorsal identity"/>
      <span end="43873" id="14737183-2903" start="43841">establishment of dorsal identity</span>
    </annotation>
    <annotation annotator="Mike Bada, University of Colorado Anschutz Medical Campus" id="GO_BP_2016_02_16_Instance_70698" type="identity">
      <class id="GO_PATO_EXT:biological_pigmentation_process_or_quality" label="biological pigmentation process or quality"/>
      <span end="44010" id="14737183-3039" start="43998">Pigmentation</span>
    </annotation>
    <annotation annotator="Mike Bada, University of Colorado Anschutz Medical Campus" id="GO_BP_2016_02_16_with_nested_annotations_Instance_23227" type="identity">
      <class id="GO_EXT:somite_development_or_somitogenesis" label="somite development/somitogenesis"/>
      <span end="44207" id="14737183-3127" start="44194">somitogenesis</span>
    </annotation>
    <annotation annotator="Mike Bada, University of Colorado Anschutz Medical Campus" id="GO_BP_2016_02_16_Instance_70700" type="identity">
      <class id="GO:0007567" label="parturition"/>
      <span end="44348" id="14737183-3041" start="44343">natal</span>
    </annotation>
    <annotation annotator="Mike Bada, University of Colorado Anschutz Medical Campus" id="GO_BP_2016_02_16_Instance_70702" type="identity">
      <class id="GO_PATO_EXT:biological_pigmentation_process_or_quality" label="biological pigmentation process or quality"/>
      <span end="44552" id="14737183-3043" start="44540">pigmentation</span>
    </annotation>
    <annotation annotator="Mike Bada, University of Colorado Anschutz Medical Campus" id="GO_BP_2016_02_16_Instance_46243" type="identity">
      <class id="GO:0010467" label="gene expression"/>
      <span end="44749" id="14737183-2905" start="44739">expression</span>
    </annotation>
    <annotation annotator="Mike Bada, University of Colorado Anschutz Medical Campus" id="GO_BP_2016_02_16_Instance_70704" type="identity">
      <class id="GO:0007567" label="parturition"/>
      <span end="44968" id="14737183-3045" start="44963">natal</span>
    </annotation>
    <annotation annotator="Mike Bada, University of Colorado Anschutz Medical Campus" id="GO_BP_2016_02_16_Instance_46247" type="identity">
      <class id="GO:0010467" label="gene expression"/>
      <span end="45132" id="14737183-2907" start="45122">expression</span>
    </annotation>
    <annotation annotator="Mike Bada, University of Colorado Anschutz Medical Campus" id="GO_BP_2016_02_16_Instance_70706" type="identity">
      <class id="GO_PATO_EXT:biological_pigmentation_process_or_quality" label="biological pigmentation process or quality"/>
      <span end="45176" id="14737183-3047" start="45164">pigmentation</span>
    </annotation>
    <annotation annotator="Mike Bada, University of Colorado Anschutz Medical Campus" id="GO_BP_2016_02_16_Instance_70708" type="identity">
      <class id="GO_PATO_EXT:biological_pigmentation_process_or_quality" label="biological pigmentation process or quality"/>
      <span end="45631" id="14737183-3049" start="45619">pigmentation</span>
    </annotation>
    <annotation annotator="Mike Bada, University of Colorado Anschutz Medical Campus" id="GO_BP_2016_02_16_Instance_70710" type="identity">
      <class id="GO_PATO_EXT:biological_pigmentation_process_or_quality" label="biological pigmentation process or quality"/>
      <span end="45927" id="14737183-3051" start="45915">pigmentation</span>
    </annotation>
    <annotation annotator="Mike Bada, University of Colorado Anschutz Medical Campus" id="GO_BP_2016_02_16_Instance_70712" type="identity">
      <class id="GO_PATO_EXT:biological_pigmentation_process_or_quality" label="biological pigmentation process or quality"/>
      <span end="46174" id="14737183-3053" start="46162">pigmentation</span>
    </annotation>
    <annotation annotator="Mike Bada, University of Colorado Anschutz Medical Campus" id="GO_BP_2016_02_16_Instance_43669" type="identity">
      <class id="GO:0065007" label="biological regulation"/>
      <span end="46246" id="14737183-2667" start="46236">regulation</span>
    </annotation>
    <annotation annotator="Mike Bada, University of Colorado Anschutz Medical Campus" id="GO_BP_2016_02_16_Instance_70714" type="identity">
      <class id="GO_PATO_EXT:biological_pigmentation_process_or_quality" label="biological pigmentation process or quality"/>
      <span end="46467" id="14737183-3055" start="46455">pigmentation</span>
    </annotation>
    <annotation annotator="Mike Bada, University of Colorado Anschutz Medical Campus" id="GO_BP_2016_02_16_Instance_46259" type="identity">
      <class id="GO:0010467" label="gene expression"/>
      <span end="46514" id="14737183-2909" start="46504">expression</span>
    </annotation>
    <annotation annotator="Mike Bada, University of Colorado Anschutz Medical Campus" id="GO_BP_2016_02_16_Instance_46261" type="identity">
      <class id="GO:0007618" label="mating"/>
      <span end="47632" id="14737183-2911" start="47625">matings</span>
    </annotation>
    <annotation annotator="Mike Bada, University of Colorado Anschutz Medical Campus" id="GO_BP_2016_02_16_Instance_70716" type="identity">
      <class id="GO:0007567" label="parturition"/>
      <span end="47690" id="14737183-3057" start="47683">natally</span>
    </annotation>
    <annotation annotator="Mike Bada, University of Colorado Anschutz Medical Campus" id="GO_BP_2016_02_16_Instance_46263" type="identity">
      <class id="GO:0007567" label="parturition"/>
      <span end="47708" id="14737183-2913" start="47703">birth</span>
    </annotation>
    <annotation annotator="Mike Bada, University of Colorado Anschutz Medical Campus" id="GO_BP_2016_02_16_Instance_23167" type="identity">
      <class id="GO:0007601" label="visual perception"/>
      <span end="48311" id="14737183-2650" start="48303">visually</span>
    </annotation>
    <annotation annotator="Mike Bada, University of Colorado Anschutz Medical Campus" id="GO_BP_2016_02_16_with_nested_annotations_Instance_110136" type="identity">
      <class id="GO_SO_EXT:sequence_rearrangement_process" label="sequence rearrangement process"/>
      <span end="49606" id="14737183-3087" start="49595">recombinant</span>
    </annotation>
    <annotation annotator="Mike Bada, University of Colorado Anschutz Medical Campus" id="GO_BP_2016_02_16_with_nested_annotations_Instance_10714" type="identity">
      <class id="GO_EXT:transcription" label="transcription"/>
      <span end="51962" id="14737183-3083" start="51947">transcriptional</span>
    </annotation>
    <annotation annotator="Mike Bada, University of Colorado Anschutz Medical Campus" id="GO_BP_2016_02_16_Instance_70718" type="identity">
      <class id="GO:0007567" label="parturition"/>
      <span end="52410" id="14737183-3059" start="52405">natal</span>
    </annotation>
    <annotation annotator="Mike Bada, University of Colorado Anschutz Medical Campus" id="GO_BP_2016_02_16_Instance_70720" type="identity">
      <class id="GO:0007567" label="parturition"/>
      <span end="52553" id="14737183-3061" start="52548">natal</span>
    </annotation>
    <annotation annotator="Mike Bada, University of Colorado Anschutz Medical Campus" id="GO_BP_2016_02_16_with_nested_annotations_Instance_23071" type="identity">
      <class id="GO_EXT:killing" label="killing"/>
      <span end="53775" id="14737183-3125" start="53765">sacrificed</span>
    </annotation>
    <annotation annotator="Mike Bada, University of Colorado Anschutz Medical Campus" id="GO_BP_2016_02_16_Instance_46277" type="identity">
      <class id="GO:0010467" label="gene expression"/>
      <span end="53976" id="14737183-2915" start="53967">expressed</span>
    </annotation>
    <annotation annotator="Mike Bada, University of Colorado Anschutz Medical Campus" id="GO_BP_2016_02_16_Instance_70722" type="identity">
      <class id="GO_PATO_EXT:biological_pigmentation_process_or_quality" label="biological pigmentation process or quality"/>
      <span end="54690" id="14737183-3063" start="54678">pigmentation</span>
    </annotation>
    <annotation annotator="Mike Bada, University of Colorado Anschutz Medical Campus" id="GO_BP_2016_02_16_Instance_70724" type="identity">
      <class id="GO_PATO_EXT:biological_pigmentation_process_or_quality" label="biological pigmentation process or quality"/>
      <span end="55753" id="14737183-3065" start="55741">pigmentation</span>
    </annotation>
    <annotation annotator="Mike Bada, University of Colorado Anschutz Medical Campus" id="GO_BP_2016_02_16_Instance_70726" type="identity">
      <class id="GO:0007567" label="parturition"/>
      <span end="56272" id="14737183-3067" start="56267">natal</span>
    </annotation>
    <annotation annotator="Mike Bada, University of Colorado Anschutz Medical Campus" id="GO_BP_2016_02_16_Instance_46283" type="identity">
      <class id="GO:0043588" label="skin development"/>
      <span end="57088" id="14737183-2917" start="57072">skin development</span>
    </annotation>
    <annotation annotator="Mike Bada, University of Colorado Anschutz Medical Campus" id="GO_BP_2016_02_16_Instance_70728" type="identity">
      <class id="GO_PATO_EXT:biological_pigmentation_process_or_quality" label="biological pigmentation process or quality"/>
      <span end="57509" id="14737183-3069" start="57497">Pigmentation</span>
    </annotation>
    <annotation annotator="Mike Bada, University of Colorado Anschutz Medical Campus" id="GO_BP_2016_02_16_Instance_70730" type="identity">
      <class id="GO_PATO_EXT:biological_pigmentation_process_or_quality" label="biological pigmentation process or quality"/>
      <span end="58458" id="14737183-3071" start="58446">pigmentation</span>
    </annotation>
    <annotation annotator="Mike Bada, University of Colorado Anschutz Medical Campus" id="GO_BP_2016_02_16_with_nested_annotations_Instance_110138" type="identity">
      <class id="GO_SO_EXT:sequence_rearrangement_process" label="sequence rearrangement process"/>
      <span end="59129" id="14737183-3089" start="59118">recombinant</span>
    </annotation>
    <annotation annotator="Mike Bada, University of Colorado Anschutz Medical Campus" id="GO_BP_2016_02_16_Instance_46291" type="identity">
      <class id="GO:0007126" label="meiotic nuclear division"/>
      <span end="59154" id="14737183-2919" start="59147">meioses</span>
    </annotation>
    <annotation annotator="Mike Bada, University of Colorado Anschutz Medical Campus" id="GO_BP_2016_02_16_Instance_46293" type="identity">
      <class id="GO:0010467" label="gene expression"/>
      <span end="59737" id="14737183-2921" start="59727">Expression</span>
    </annotation>
    <annotation annotator="Mike Bada, University of Colorado Anschutz Medical Campus" id="GO_BP_2016_02_16_Instance_46297" type="identity">
      <class id="GO:0010467" label="gene expression"/>
      <span end="59817" id="14737183-2923" start="59807">expression</span>
    </annotation>
    <annotation annotator="Mike Bada, University of Colorado Anschutz Medical Campus" id="GO_BP_2016_02_16_Instance_46299" type="identity">
      <class id="GO:0010467" label="gene expression"/>
      <span end="60156" id="14737183-2925" start="60146">expression</span>
    </annotation>
    <annotation annotator="Mike Bada, University of Colorado Anschutz Medical Campus" id="GO_BP_2016_02_16_Instance_46301" type="identity">
      <class id="GO:0010467" label="gene expression"/>
      <span end="60404" id="14737183-2927" start="60395">expressed</span>
    </annotation>
    <annotation annotator="Mike Bada, University of Colorado Anschutz Medical Campus" id="GO_BP_2016_02_16_Instance_46303" type="identity">
      <class id="GO:0010467" label="gene expression"/>
      <span end="60456" id="14737183-2929" start="60447">expressed</span>
    </annotation>
    <annotation annotator="Mike Bada, University of Colorado Anschutz Medical Campus" id="GO_BP_2016_02_16_Instance_46305" type="identity">
      <class id="GO:0010467" label="gene expression"/>
      <span end="60528" id="14737183-2931" start="60518">Expression</span>
    </annotation>
    <annotation annotator="Mike Bada, University of Colorado Anschutz Medical Campus" id="GO_BP_2016_02_16_Instance_46307" type="identity">
      <class id="GO:0010467" label="gene expression"/>
      <span end="60627" id="14737183-2933" start="60617">expression</span>
    </annotation>
    <annotation annotator="Mike Bada, University of Colorado Anschutz Medical Campus" id="GO_BP_2016_02_16_Instance_46309" type="identity">
      <class id="GO:0010467" label="gene expression"/>
      <span end="60752" id="14737183-2935" start="60742">expression</span>
    </annotation>
    <annotation annotator="Mike Bada, University of Colorado Anschutz Medical Campus" id="GO_BP_2016_02_16_Instance_46311" type="identity">
      <class id="GO:0010467" label="gene expression"/>
      <span end="60799" id="14737183-2937" start="60789">expression</span>
    </annotation>
    <annotation annotator="Mike Bada, University of Colorado Anschutz Medical Campus" id="GO_BP_2016_02_16_Instance_21775" type="identity">
      <class id="GO:0010467" label="gene expression"/>
      <span end="61051" id="14737183-2644" start="61041">Expression</span>
    </annotation>
    <annotation annotator="Mike Bada, University of Colorado Anschutz Medical Campus" id="GO_BP_2016_02_16_Instance_46313" type="identity">
      <class id="GO:0010467" label="gene expression"/>
      <span end="61224" id="14737183-2939" start="61214">expression</span>
    </annotation>
    <annotation annotator="Mike Bada, University of Colorado Anschutz Medical Campus" id="GO_BP_2016_02_16_Instance_46315" type="identity">
      <class id="GO:0010467" label="gene expression"/>
      <span end="61331" id="14737183-2941" start="61321">expression</span>
    </annotation>
    <annotation annotator="Mike Bada, University of Colorado Anschutz Medical Campus" id="GO_BP_2016_02_16_Instance_46317" type="identity">
      <class id="GO:0010467" label="gene expression"/>
      <span end="61473" id="14737183-2943" start="61463">expression</span>
    </annotation>
    <annotation annotator="Mike Bada, University of Colorado Anschutz Medical Campus" id="GO_BP_2016_02_16_Instance_24901" type="identity">
      <class id="GO:0009953" label="dorsal/ventral pattern formation"/>
      <span end="61687" id="14737183-2662" start="61658">Establishment of Dorsoventral</span>
      <span end="61703" id="14737183-2663" start="61693">Patterning</span>
    </annotation>
    <annotation annotator="Mike Bada, University of Colorado Anschutz Medical Campus" id="GO_BP_2016_02_16_Instance_46319" type="identity">
      <class id="GO:0010467" label="gene expression"/>
      <span end="62249" id="14737183-2945" start="62239">expression</span>
    </annotation>
    <annotation annotator="Mike Bada, University of Colorado Anschutz Medical Campus" id="GO_BP_2016_02_16_Instance_70732" type="identity">
      <class id="GO_PATO_EXT:biological_pigmentation_process_or_quality" label="biological pigmentation process or quality"/>
      <span end="62411" id="14737183-3073" start="62399">Pigmentation</span>
    </annotation>
    <annotation annotator="Mike Bada, University of Colorado Anschutz Medical Campus" id="GO_BP_2016_02_16_Instance_70734" type="identity">
      <class id="GO_PATO_EXT:biological_pigmentation_process_or_quality" label="biological pigmentation process or quality"/>
      <span end="62999" id="14737183-3075" start="62987">pigmentation</span>
    </annotation>
    <annotation annotator="Mike Bada, University of Colorado Anschutz Medical Campus" id="GO_BP_2016_02_16_Instance_70736" type="identity">
      <class id="GO_PATO_EXT:biological_pigmentation_process_or_quality" label="biological pigmentation process or quality"/>
      <span end="63063" id="14737183-3077" start="63051">pigmentation</span>
    </annotation>
    <annotation annotator="Mike Bada, University of Colorado Anschutz Medical Campus" id="GO_BP_2016_02_16_Instance_46327" type="identity">
      <class id="GO:0010467" label="gene expression"/>
      <span end="63228" id="14737183-2947" start="63218">expression</span>
    </annotation>
    <annotation annotator="Mike Bada, University of Colorado Anschutz Medical Campus" id="GO_BP_2016_02_16_Instance_46329" type="identity">
      <class id="GO:0010467" label="gene expression"/>
      <span end="63272" id="14737183-2949" start="63262">expression</span>
    </annotation>
    <annotation annotator="Mike Bada, University of Colorado Anschutz Medical Campus" id="GO_BP_2016_02_16_Instance_46331" type="identity">
      <class id="GO:0010467" label="gene expression"/>
      <span end="63364" id="14737183-2951" start="63354">expression</span>
    </annotation>
    <annotation annotator="Mike Bada, University of Colorado Anschutz Medical Campus" id="GO_BP_2016_02_16_Instance_46333" type="identity">
      <class id="GO:0009953" label="dorsal/ventral pattern formation"/>
      <span end="63450" id="14737183-2953" start="63412">Acquisition of Dorsoventral Patterning</span>
    </annotation>
    <annotation annotator="Mike Bada, University of Colorado Anschutz Medical Campus" id="GO_BP_2016_02_16_Instance_70738" type="identity">
      <class id="GO_PATO_EXT:biological_pigmentation_process_or_quality" label="biological pigmentation process or quality"/>
      <span end="63514" id="14737183-3079" start="63502">pigmentation</span>
    </annotation>
    <annotation annotator="Mike Bada, University of Colorado Anschutz Medical Campus" id="GO_BP_2016_02_16_Instance_46337" type="identity">
      <class id="GO:0010467" label="gene expression"/>
      <span end="64485" id="14737183-2955" start="64475">expression</span>
    </annotation>
    <graph-space id="Old Knowtator Relations"/>
  </document>
</knowtator-project>
