<?xml version="1.0" encoding="UTF-8" standalone="no"?>
<knowtator-project>
  <document id="15040800" text-file="15040800.txt">
    <annotation annotator="Mike Bada, University of Colorado Anschutz Medical Campus" id="GO_BP_2016_02_16_Instance_47371" type="identity">
      <class id="GO:0046903" label="secretion"/>
      <span end="90" id="15040800-3800" start="83">secrete</span>
    </annotation>
    <annotation annotator="Mike Bada, University of Colorado Anschutz Medical Campus" id="GO_BP_2016_02_16_with_nested_annotations_Instance_10314" type="identity">
      <class id="GO_EXT:biological_mover_or_transporter" label="biological mover/transporter"/>
      <span end="233" id="15040800-4067" start="221">transporters</span>
    </annotation>
    <annotation annotator="Mike Bada, University of Colorado Anschutz Medical Campus" id="GO_BP_2016_02_16_Instance_47373" type="identity">
      <class id="GO:0015918" label="sterol transport"/>
      <span end="378" id="15040800-3802" start="360">sterol trafficking</span>
    </annotation>
    <annotation annotator="Mike Bada, University of Colorado Anschutz Medical Campus" id="GO_BP_2016_02_16_Instance_47375" type="identity">
      <class id="GO:0065007" label="biological regulation"/>
      <span end="756" id="15040800-3804" start="746">regulating</span>
    </annotation>
    <annotation annotator="Mike Bada, University of Colorado Anschutz Medical Campus" id="GO_BP_2016_02_16_Instance_80018" type="identity">
      <class id="GO:0035376" label="sterol import"/>
      <span end="777" id="15040800-3981" start="765">sterol entry</span>
    </annotation>
    <annotation annotator="Mike Bada, University of Colorado Anschutz Medical Campus" id="GO_BP_2016_02_16_with_nested_annotations_Instance_80762" type="identity">
      <class id="GO_EXT:secretion_entity_or_process" label="secretion entity or process"/>
      <span end="806" id="15040800-4147" start="797">secretion</span>
    </annotation>
    <annotation annotator="Mike Bada, University of Colorado Anschutz Medical Campus" id="GO_BP_2016_02_16_Instance_47381" type="identity">
      <class id="GO:0010467" label="gene expression"/>
      <span end="1244" id="15040800-3806" start="1235">expressed</span>
    </annotation>
    <annotation annotator="Mike Bada, University of Colorado Anschutz Medical Campus" id="GO_BP_2016_02_16_Instance_47383" type="identity">
      <class id="GO:0010467" label="gene expression"/>
      <span end="1350" id="15040800-3808" start="1340">expression</span>
    </annotation>
    <annotation annotator="Mike Bada, University of Colorado Anschutz Medical Campus" id="GO_BP_2016_02_16_Instance_47385" type="identity">
      <class id="GO:0046903" label="secretion"/>
      <span end="1419" id="15040800-3810" start="1412">secrete</span>
    </annotation>
    <annotation annotator="Mike Bada, University of Colorado Anschutz Medical Campus" id="GO_BP_2016_02_16_Instance_47387" type="identity">
      <class id="GO:0046903" label="secretion"/>
      <span end="1486" id="15040800-3812" start="1479">secrete</span>
    </annotation>
    <annotation annotator="Mike Bada, University of Colorado Anschutz Medical Campus" id="GO_BP_2016_02_16_with_nested_annotations_Instance_80764" type="identity">
      <class id="GO_EXT:secretion_entity_or_process" label="secretion entity or process"/>
      <span end="1657" id="15040800-4149" start="1648">secretion</span>
    </annotation>
    <annotation annotator="Mike Bada, University of Colorado Anschutz Medical Campus" id="GO_BP_2016_02_16_with_nested_annotations_Instance_80766" type="identity">
      <class id="GO_EXT:secretion_entity_or_process" label="secretion entity or process"/>
      <span end="1782" id="15040800-4151" start="1773">secretion</span>
    </annotation>
    <annotation annotator="Mike Bada, University of Colorado Anschutz Medical Campus" id="GO_BP_2016_02_16_with_nested_annotations_Instance_80768" type="identity">
      <class id="GO_EXT:secretion_entity_or_process" label="secretion entity or process"/>
      <span end="1878" id="15040800-4153" start="1869">secretion</span>
    </annotation>
    <annotation annotator="Mike Bada, University of Colorado Anschutz Medical Campus" id="GO_BP_2016_02_16_with_nested_annotations_Instance_80770" type="identity">
      <class id="GO_EXT:secretion_entity_or_process" label="secretion entity or process"/>
      <span end="1930" id="15040800-4155" start="1921">secretion</span>
    </annotation>
    <annotation annotator="Mike Bada, University of Colorado Anschutz Medical Campus" id="GO_BP_2016_02_16_with_nested_annotations_Instance_80772" type="identity">
      <class id="GO_EXT:secretion_entity_or_process" label="secretion entity or process"/>
      <span end="2104" id="15040800-4157" start="2095">secretion</span>
    </annotation>
    <annotation annotator="Mike Bada, University of Colorado Anschutz Medical Campus" id="GO_BP_2016_02_16_Instance_47399" type="identity">
      <class id="GO:0030299" label="intestinal cholesterol absorption"/>
      <span end="2142" id="15040800-3814" start="2129">Absorption of</span>
      <span end="2167" id="15040800-3815" start="2151">cholesterol from</span>
      <span end="2181" id="15040800-3816" start="2172">intestine</span>
    </annotation>
    <annotation annotator="Mike Bada, University of Colorado Anschutz Medical Campus" id="GO_BP_2016_02_16_Instance_47401" type="identity">
      <class id="GO:0042632" label="cholesterol homeostasis"/>
      <span end="2229" id="15040800-3818" start="2206">cholesterol homeostasis</span>
    </annotation>
    <annotation annotator="Mike Bada, University of Colorado Anschutz Medical Campus" id="GO_BP_2016_02_16_Instance_47403" type="identity">
      <class id="GO:0008152" label="metabolic process"/>
      <span end="2316" id="15040800-3820" start="2307">metabolic</span>
    </annotation>
    <annotation annotator="Mike Bada, University of Colorado Anschutz Medical Campus" id="GO_BP_2016_02_16_Instance_47411" type="identity">
      <class id="GO:0046903" label="secretion"/>
      <span end="2876" id="15040800-3822" start="2868">secretes</span>
    </annotation>
    <annotation annotator="Mike Bada, University of Colorado Anschutz Medical Campus" id="GO_BP_2016_02_16_with_nested_annotations_Instance_20438" type="identity">
      <class id="GO:0007588" label="excretion"/>
      <span end="2934" id="15040800-4099" start="2927">excrete</span>
    </annotation>
    <annotation annotator="Mike Bada, University of Colorado Anschutz Medical Campus" id="GO_BP_2016_02_16_with_nested_annotations_Instance_20440" type="identity">
      <class id="GO:0007588" label="excretion"/>
      <span end="3943" id="15040800-4101" start="3936">excrete</span>
    </annotation>
    <annotation annotator="Mike Bada, University of Colorado Anschutz Medical Campus" id="GO_BP_2016_02_16_with_nested_annotations_Instance_20442" type="identity">
      <class id="GO:0007588" label="excretion"/>
      <span end="4075" id="15040800-4103" start="4066">excretion</span>
    </annotation>
    <annotation annotator="Mike Bada, University of Colorado Anschutz Medical Campus" id="GO_BP_2016_02_16_with_nested_annotations_Instance_80774" type="identity">
      <class id="GO_EXT:secretion_entity_or_process" label="secretion entity or process"/>
      <span end="4159" id="15040800-4159" start="4150">secretion</span>
    </annotation>
    <annotation annotator="Mike Bada, University of Colorado Anschutz Medical Campus" id="GO_BP_2016_02_16_with_nested_annotations_Instance_10316" type="identity">
      <class id="GO_EXT:biological_mover_or_transporter" label="biological mover/transporter"/>
      <span end="4283" id="15040800-4069" start="4272">transporter</span>
    </annotation>
    <annotation annotator="Mike Bada, University of Colorado Anschutz Medical Campus" id="GO_BP_2016_02_16_Instance_47425" type="identity">
      <class id="GO:0010467" label="gene expression"/>
      <span end="4294" id="15040800-3824" start="4285">expressed</span>
    </annotation>
    <annotation annotator="Mike Bada, University of Colorado Anschutz Medical Campus" id="GO_BP_2016_02_16_with_nested_annotations_Instance_10318" type="identity">
      <class id="GO_EXT:biological_mover_or_transporter" label="biological mover/transporter"/>
      <span end="5263" id="15040800-4071" start="5252">transporter</span>
    </annotation>
    <annotation annotator="Mike Bada, University of Colorado Anschutz Medical Campus" id="GO_BP_2016_02_16_with_nested_annotations_Instance_10320" type="identity">
      <class id="GO_EXT:biological_mover_or_transporter" label="biological mover/transporter"/>
      <span end="5388" id="15040800-4073" start="5376">transporters</span>
    </annotation>
    <annotation annotator="Mike Bada, University of Colorado Anschutz Medical Campus" id="GO_BP_2016_02_16_Instance_80020" type="identity">
      <class id="GO:0010467" label="gene expression"/>
      <span end="5502" id="15040800-3983" start="5492">expression</span>
    </annotation>
    <annotation annotator="Mike Bada, University of Colorado Anschutz Medical Campus" id="GO_BP_2016_02_16_with_nested_annotations_Instance_21838" type="identity">
      <class id="GO_PATO_EXT:biological_maturation" label="biological maturation"/>
      <span end="5769" id="15040800-4115" start="5759">maturation</span>
    </annotation>
    <annotation annotator="Mike Bada, University of Colorado Anschutz Medical Campus" id="GO_BP_2016_02_16_with_nested_annotations_Instance_20414" type="identity">
      <class id="GO_EXT:biological_routing_or_transport" label="biological routing/transport"/>
      <span end="5798" id="15040800-4097" start="5789">targeting</span>
    </annotation>
    <annotation annotator="Mike Bada, University of Colorado Anschutz Medical Campus" id="GO_BP_2016_02_16_Instance_47433" type="identity">
      <class id="GO:0010467" label="gene expression"/>
      <span end="5813" id="15040800-3826" start="5803">expression</span>
    </annotation>
    <annotation annotator="Mike Bada, University of Colorado Anschutz Medical Campus" id="GO_BP_2016_02_16_with_nested_annotations_Instance_20448" type="identity">
      <class id="GO_EXT:biological_routing_or_transport" label="biological routing/transport"/>
      <span end="5857" id="15040800-4107" start="5846">trafficking</span>
    </annotation>
    <annotation annotator="Mike Bada, University of Colorado Anschutz Medical Campus" id="GO_BP_2016_02_16_with_nested_annotations_Instance_10322" type="identity">
      <class id="GO_EXT:biological_mover_or_transporter" label="biological mover/transporter"/>
      <span end="6055" id="15040800-4075" start="6043">transporters</span>
    </annotation>
    <annotation annotator="Mike Bada, University of Colorado Anschutz Medical Campus" id="GO_BP_2016_02_16_Instance_80022" type="identity">
      <class id="GO_PATO_EXT:biological_localization_process_or_quality" label="biological localization process or quality"/>
      <span end="6168" id="15040800-3985" start="6156">localization</span>
    </annotation>
    <annotation annotator="Mike Bada, University of Colorado Anschutz Medical Campus" id="GO_BP_2016_02_16_with_nested_annotations_Instance_10324" type="identity">
      <class id="GO_EXT:biological_mover_or_transporter" label="biological mover/transporter"/>
      <span end="6607" id="15040800-4077" start="6595">transporters</span>
    </annotation>
    <annotation annotator="Mike Bada, University of Colorado Anschutz Medical Campus" id="GO_BP_2016_02_16_with_nested_annotations_Instance_80776" type="identity">
      <class id="GO_EXT:secretion_entity_or_process" label="secretion entity or process"/>
      <span end="6732" id="15040800-4161" start="6723">secretion</span>
    </annotation>
    <annotation annotator="Mike Bada, University of Colorado Anschutz Medical Campus" id="GO_BP_2016_02_16_Instance_47439" type="identity">
      <class id="GO:0050892" label="intestinal absorption"/>
      <span end="6768" id="15040800-3828" start="6747">intestinal absorption</span>
    </annotation>
    <annotation annotator="Mike Bada, University of Colorado Anschutz Medical Campus" id="GO_BP_2016_02_16_with_nested_annotations_Instance_80778" type="identity">
      <class id="GO_EXT:secretion_entity_or_process" label="secretion entity or process"/>
      <span end="7146" id="15040800-4163" start="7137">secretion</span>
    </annotation>
    <annotation annotator="Mike Bada, University of Colorado Anschutz Medical Campus" id="GO_BP_2016_02_16_with_nested_annotations_Instance_80780" type="identity">
      <class id="GO_EXT:secretion_entity_or_process" label="secretion entity or process"/>
      <span end="7186" id="15040800-4165" start="7177">secretion</span>
    </annotation>
    <annotation annotator="Mike Bada, University of Colorado Anschutz Medical Campus" id="GO_BP_2016_02_16_Instance_47445" type="identity">
      <class id="GO:0046903" label="secretion"/>
      <span end="7226" id="15040800-3830" start="7219">secrete</span>
    </annotation>
    <annotation annotator="Mike Bada, University of Colorado Anschutz Medical Campus" id="GO_BP_2016_02_16_with_nested_annotations_Instance_80784" type="identity">
      <class id="GO_EXT:secretion_entity_or_process" label="secretion entity or process"/>
      <span end="7279" id="15040800-4167" start="7270">secretion</span>
    </annotation>
    <annotation annotator="Mike Bada, University of Colorado Anschutz Medical Campus" id="GO_BP_2016_02_16_with_nested_annotations_Instance_10250" type="identity">
      <class id="GO:0009294" label="DNA mediated transformation"/>
      <span end="8532" id="15040800-4041" start="8521">Transfected</span>
    </annotation>
    <annotation annotator="Mike Bada, University of Colorado Anschutz Medical Campus" id="GO_BP_2016_02_16_with_nested_annotations_Instance_110142" type="identity">
      <class id="GO_SO_EXT:sequence_rearrangement_process" label="sequence rearrangement process"/>
      <span end="8712" id="15040800-4085" start="8699">recombination</span>
    </annotation>
    <annotation annotator="Mike Bada, University of Colorado Anschutz Medical Campus" id="GO_BP_2016_02_16_with_nested_annotations_Instance_1646" type="identity">
      <class id="GO_EXT:breeding" label="breeding"/>
      <span end="9354" id="15040800-4091" start="9350">bred</span>
    </annotation>
    <annotation annotator="Mike Bada, University of Colorado Anschutz Medical Campus" id="GO_BP_2016_02_16_Instance_47461" type="identity">
      <class id="GO:0019835" label="cytolysis"/>
      <span end="10271" id="15040800-3832" start="10266">lysis</span>
    </annotation>
    <annotation annotator="Mike Bada, University of Colorado Anschutz Medical Campus" id="GO_BP_2016_02_16_with_nested_annotations_Instance_23380" type="identity">
      <class id="GO_EXT:biological_movement_or_translocation_process" label="biological movement/translocation process"/>
      <span end="10605" id="15040800-4127" start="10594">transferred</span>
    </annotation>
    <annotation annotator="Mike Bada, University of Colorado Anschutz Medical Campus" id="GO_BP_2016_02_16_with_nested_annotations_Instance_23382" type="identity">
      <class id="GO_EXT:biological_movement_or_translocation_process" label="biological movement/translocation process"/>
      <span end="11572" id="15040800-4129" start="11561">transferred</span>
    </annotation>
    <annotation annotator="Mike Bada, University of Colorado Anschutz Medical Campus" id="GO_BP_2016_02_16_Instance_80024" type="identity">
      <class id="GO:0001171" label="reverse transcription"/>
      <span end="12126" id="15040800-3987" start="12105">Reverse Transcription</span>
    </annotation>
    <annotation annotator="Mike Bada, University of Colorado Anschutz Medical Campus" id="GO_BP_2016_02_16_Instance_80026" type="identity">
      <class id="GO_EXT:reverse_transcription_or_reverse_transcriptase" label="reverse transcription or reverse transcriptase"/>
      <span end="12130" id="15040800-3989" start="12128">RT</span>
    </annotation>
    <annotation annotator="Mike Bada, University of Colorado Anschutz Medical Campus" id="GO_BP_2016_02_16_Instance_47463" type="identity">
      <class id="GO:0000380" label="alternative mRNA splicing, via spliceosome"/>
      <span end="12186" id="15040800-3834" start="12166">alternative splicing</span>
    </annotation>
    <annotation annotator="Mike Bada, University of Colorado Anschutz Medical Campus" id="GO_BP_2016_02_16_Instance_80028" type="identity">
      <class id="GO_EXT:reverse_transcription_or_reverse_transcriptase" label="reverse transcription or reverse transcriptase"/>
      <span end="12214" id="15040800-3991" start="12212">RT</span>
    </annotation>
    <annotation annotator="Mike Bada, University of Colorado Anschutz Medical Campus" id="GO_BP_2016_02_16_Instance_80030" type="identity">
      <class id="GO:0001171" label="reverse transcription"/>
      <span end="12361" id="15040800-3993" start="12342">reverse transcribed</span>
    </annotation>
    <annotation annotator="Mike Bada, University of Colorado Anschutz Medical Campus" id="GO_BP_2016_02_16_Instance_80032" type="identity">
      <class id="GO_EXT:reverse_transcription_or_reverse_transcriptase" label="reverse transcription or reverse transcriptase"/>
      <span end="12521" id="15040800-3995" start="12519">RT</span>
    </annotation>
    <annotation annotator="Mike Bada, University of Colorado Anschutz Medical Campus" id="GO_BP_2016_02_16_Instance_80034" type="identity">
      <class id="GO_EXT:reverse_transcription_or_reverse_transcriptase" label="reverse transcription or reverse transcriptase"/>
      <span end="12836" id="15040800-3997" start="12834">RT</span>
    </annotation>
    <annotation annotator="Mike Bada, University of Colorado Anschutz Medical Campus" id="GO_BP_2016_02_16_with_nested_annotations_Instance_30002" type="identity">
      <class id="GO:0006277" label="DNA amplification"/>
      <span end="13010" id="15040800-4144" start="12994">amplification of</span>
      <span end="13048" id="15040800-4145" start="13045">DNA</span>
    </annotation>
    <annotation annotator="Mike Bada, University of Colorado Anschutz Medical Campus" id="GO_BP_2016_02_16_Instance_80036" type="identity">
      <class id="GO:0001171" label="reverse transcription"/>
      <span end="13171" id="15040800-3999" start="13152">reverse transcribed</span>
    </annotation>
    <annotation annotator="Mike Bada, University of Colorado Anschutz Medical Campus" id="GO_BP_2016_02_16_Instance_80038" type="identity">
      <class id="GO_EXT:reverse_transcription_or_reverse_transcriptase" label="reverse transcription or reverse transcriptase"/>
      <span end="13346" id="15040800-4001" start="13344">RT</span>
    </annotation>
    <annotation annotator="Mike Bada, University of Colorado Anschutz Medical Campus" id="GO_BP_2016_02_16_Instance_80040" type="identity">
      <class id="GO:0001171" label="reverse transcription"/>
      <span end="13681" id="15040800-4003" start="13660">reverse transcription</span>
    </annotation>
    <annotation annotator="Mike Bada, University of Colorado Anschutz Medical Campus" id="GO_BP_2016_02_16_Instance_80042" type="identity">
      <class id="GO_EXT:reverse_transcription_or_reverse_transcriptase" label="reverse transcription or reverse transcriptase"/>
      <span end="13762" id="15040800-4005" start="13760">RT</span>
    </annotation>
    <annotation annotator="Mike Bada, University of Colorado Anschutz Medical Campus" id="GO_BP_2016_02_16_Instance_30561" type="identity">
      <class id="GO:0032508" label="DNA duplex unwinding"/>
      <span end="13895" id="15040800-3798" start="13891">melt</span>
    </annotation>
    <annotation annotator="Mike Bada, University of Colorado Anschutz Medical Campus" id="GO_BP_2016_02_16_Instance_80046" type="identity">
      <class id="GO_EXT:reverse_transcription_or_reverse_transcriptase" label="reverse transcription or reverse transcriptase"/>
      <span end="14411" id="15040800-4007" start="14409">RT</span>
    </annotation>
    <annotation annotator="Mike Bada, University of Colorado Anschutz Medical Campus" id="GO_BP_2016_02_16_Instance_23351" type="identity">
      <class id="GO:0007631" label="feeding behavior"/>
      <span end="15831" id="15040800-3788" start="15828">fed</span>
    </annotation>
    <annotation annotator="Mike Bada, University of Colorado Anschutz Medical Campus" id="GO_BP_2016_02_16_with_nested_annotations_Instance_23077" type="identity">
      <class id="GO_EXT:killing" label="killing"/>
      <span end="16112" id="15040800-4125" start="16102">sacrificed</span>
    </annotation>
    <annotation annotator="Mike Bada, University of Colorado Anschutz Medical Campus" id="GO_BP_2016_02_16_Instance_80048" type="identity">
      <class id="GO_EXT:antibody_or_immunoglobulin_biosynthesis_or_production" label="antibody/immunoglobulin biosynthesis or production"/>
      <span end="17190" id="15040800-4009" start="17171">antibody production</span>
    </annotation>
    <annotation annotator="Mike Bada, University of Colorado Anschutz Medical Campus" id="GO_BP_2016_02_16_Instance_47477" type="identity">
      <class id="GO:0019835" label="cytolysis"/>
      <span end="17651" id="15040800-3836" start="17646">lysis</span>
    </annotation>
    <annotation annotator="Mike Bada, University of Colorado Anschutz Medical Campus" id="GO_BP_2016_02_16_Instance_47479" type="identity">
      <class id="GO:0019835" label="cytolysis"/>
      <span end="18263" id="15040800-3838" start="18258">lysis</span>
    </annotation>
    <annotation annotator="Mike Bada, University of Colorado Anschutz Medical Campus" id="GO_BP_2016_02_16_with_nested_annotations_Instance_23384" type="identity">
      <class id="GO_EXT:biological_movement_or_translocation_process" label="biological movement/translocation process"/>
      <span end="18615" id="15040800-4131" start="18604">transferred</span>
    </annotation>
    <annotation annotator="Mike Bada, University of Colorado Anschutz Medical Campus" id="GO_BP_2016_02_16_with_nested_annotations_Instance_10252" type="identity">
      <class id="GO:0009294" label="DNA mediated transformation"/>
      <span end="21039" id="15040800-4043" start="21027">Transfection</span>
    </annotation>
    <annotation annotator="Mike Bada, University of Colorado Anschutz Medical Campus" id="GO_BP_2016_02_16_with_nested_annotations_Instance_10254" type="identity">
      <class id="GO:0009294" label="DNA mediated transformation"/>
      <span end="21115" id="15040800-4045" start="21104">transfected</span>
    </annotation>
    <annotation annotator="Mike Bada, University of Colorado Anschutz Medical Campus" id="GO_BP_2016_02_16_Instance_47481" type="identity">
      <class id="GO:0010467" label="gene expression"/>
      <span end="21169" id="15040800-3840" start="21159">expression</span>
    </annotation>
    <annotation annotator="Mike Bada, University of Colorado Anschutz Medical Campus" id="GO_BP_2016_02_16_with_nested_annotations_Instance_10256" type="identity">
      <class id="GO:0009294" label="DNA mediated transformation"/>
      <span end="21334" id="15040800-4047" start="21322">transfection</span>
    </annotation>
    <annotation annotator="Mike Bada, University of Colorado Anschutz Medical Campus" id="GO_BP_2016_02_16_Instance_47483" type="identity">
      <class id="GO:0040007" label="growth"/>
      <span end="21372" id="15040800-3842" start="21367">grown</span>
    </annotation>
    <annotation annotator="Mike Bada, University of Colorado Anschutz Medical Campus" id="GO_BP_2016_02_16_with_nested_annotations_Instance_10258" type="identity">
      <class id="GO:0009294" label="DNA mediated transformation"/>
      <span end="21516" id="15040800-4049" start="21504">transfection</span>
    </annotation>
    <annotation annotator="Mike Bada, University of Colorado Anschutz Medical Campus" id="GO_BP_2016_02_16_with_nested_annotations_Instance_10260" type="identity">
      <class id="GO:0009294" label="DNA mediated transformation"/>
      <span end="21780" id="15040800-4051" start="21769">transfected</span>
    </annotation>
    <annotation annotator="Mike Bada, University of Colorado Anschutz Medical Campus" id="GO_BP_2016_02_16_Instance_47485" type="identity">
      <class id="GO:0010467" label="gene expression"/>
      <span end="21840" id="15040800-3844" start="21830">expression</span>
    </annotation>
    <annotation annotator="Mike Bada, University of Colorado Anschutz Medical Campus" id="GO_BP_2016_02_16_with_nested_annotations_Instance_80786" type="identity">
      <class id="GO_EXT:secretion_entity_or_process" label="secretion entity or process"/>
      <span end="22786" id="15040800-4169" start="22777">secretion</span>
    </annotation>
    <annotation annotator="Mike Bada, University of Colorado Anschutz Medical Campus" id="GO_BP_2016_02_16_with_nested_annotations_Instance_80788" type="identity">
      <class id="GO_EXT:secretion_entity_or_process" label="secretion entity or process"/>
      <span end="22819" id="15040800-4171" start="22810">secretion</span>
    </annotation>
    <annotation annotator="Mike Bada, University of Colorado Anschutz Medical Campus" id="GO_BP_2016_02_16_Instance_47491" type="identity">
      <class id="GO:0006741" label="NADP biosynthetic process"/>
      <span end="24763" id="15040800-3846" start="24747">NADPH-generating</span>
    </annotation>
    <annotation annotator="Mike Bada, University of Colorado Anschutz Medical Campus" id="GO_BP_2016_02_16_Instance_47493" type="identity">
      <class id="GO:0008380" label="RNA splicing"/>
      <span end="26304" id="15040800-3848" start="26296">splicing</span>
    </annotation>
    <annotation annotator="Mike Bada, University of Colorado Anschutz Medical Campus" id="GO_BP_2016_02_16_with_nested_annotations_Instance_110144" type="identity">
      <class id="GO_SO_EXT:sequence_rearrangement_process" label="sequence rearrangement process"/>
      <span end="26470" id="15040800-4087" start="26459">recombinant</span>
    </annotation>
    <annotation annotator="Mike Bada, University of Colorado Anschutz Medical Campus" id="GO_BP_2016_02_16_with_nested_annotations_Instance_1648" type="identity">
      <class id="GO_EXT:breeding" label="breeding"/>
      <span end="26782" id="15040800-4093" start="26778">bred</span>
    </annotation>
    <annotation annotator="Mike Bada, University of Colorado Anschutz Medical Campus" id="GO_BP_2016_02_16_with_nested_annotations_Instance_1558" type="identity">
      <class id="GO_EXT:breeding" label="breeding"/>
      <span end="26889" id="15040800-4089" start="26881">Breeding</span>
    </annotation>
    <annotation annotator="Mike Bada, University of Colorado Anschutz Medical Campus" id="GO_BP_2016_02_16_Instance_47501" type="identity">
      <class id="GO:0010467" label="gene expression"/>
      <span end="27156" id="15040800-3850" start="27146">expression</span>
    </annotation>
    <annotation annotator="Mike Bada, University of Colorado Anschutz Medical Campus" id="GO_BP_2016_02_16_Instance_47503" type="identity">
      <class id="GO:0000380" label="alternative mRNA splicing, via spliceosome"/>
      <span end="27248" id="15040800-3852" start="27228">alternative splicing</span>
    </annotation>
    <annotation annotator="Mike Bada, University of Colorado Anschutz Medical Campus" id="GO_BP_2016_02_16_Instance_47505" type="identity">
      <class id="GO:0006412" label="translation"/>
      <span end="27271" id="15040800-3854" start="27258">production of</span>
      <span end="27327" id="15040800-3855" start="27320">protein</span>
    </annotation>
    <annotation annotator="Mike Bada, University of Colorado Anschutz Medical Campus" id="GO_BP_2016_02_16_with_nested_annotations_Instance_22663" type="identity">
      <class id="GO_EXT:reverse_transcription_or_reverse_transcriptase" label="reverse transcription or reverse transcriptase"/>
      <span end="27382" id="15040800-4119" start="27380">RT</span>
    </annotation>
    <annotation annotator="Mike Bada, University of Colorado Anschutz Medical Campus" id="GO_BP_2016_02_16_Instance_80050" type="identity">
      <class id="GO:0001171" label="reverse transcription"/>
      <span end="27428" id="15040800-4011" start="27409">reverse transcribed</span>
    </annotation>
    <annotation annotator="Mike Bada, University of Colorado Anschutz Medical Campus" id="GO_BP_2016_02_16_Instance_47507" type="identity">
      <class id="GO:0000380" label="alternative mRNA splicing, via spliceosome"/>
      <span end="27742" id="15040800-3857" start="27721">alternatively spliced</span>
    </annotation>
    <annotation annotator="Mike Bada, University of Colorado Anschutz Medical Campus" id="GO_BP_2016_02_16_with_nested_annotations_Instance_23813" type="identity">
      <class id="GO:0035376" label="sterol import"/>
      <span end="29742" id="15040800-4133" start="29734">entry of</span>
      <span end="29756" id="15040800-4134" start="29749">sterols</span>
    </annotation>
    <annotation annotator="Mike Bada, University of Colorado Anschutz Medical Campus" id="GO_BP_2016_02_16_Instance_23353" type="identity">
      <class id="GO:0007631" label="feeding behavior"/>
      <span end="30479" id="15040800-3790" start="30476">fed</span>
    </annotation>
    <annotation annotator="Mike Bada, University of Colorado Anschutz Medical Campus" id="GO_BP_2016_02_16_Instance_47509" type="identity">
      <class id="GO:0010467" label="gene expression"/>
      <span end="31314" id="15040800-3859" start="31299">gene expression</span>
    </annotation>
    <annotation annotator="Mike Bada, University of Colorado Anschutz Medical Campus" id="GO_BP_2016_02_16_Instance_47511" type="identity">
      <class id="GO:0065007" label="biological regulation"/>
      <span end="31467" id="15040800-3861" start="31459">regulate</span>
    </annotation>
    <annotation annotator="Mike Bada, University of Colorado Anschutz Medical Campus" id="GO_BP_2016_02_16_Instance_47513" type="identity">
      <class id="GO:0016125" label="sterol metabolic process"/>
      <span end="31485" id="15040800-3863" start="31468">sterol metabolism</span>
    </annotation>
    <annotation annotator="Mike Bada, University of Colorado Anschutz Medical Campus" id="GO_BP_2016_02_16_Instance_80052" type="identity">
      <class id="GO_EXT:reverse_transcription_or_reverse_transcriptase" label="reverse transcription or reverse transcriptase"/>
      <span end="31502" id="15040800-4013" start="31500">RT</span>
    </annotation>
    <annotation annotator="Mike Bada, University of Colorado Anschutz Medical Campus" id="GO_BP_2016_02_16_Instance_47515" type="identity">
      <class id="GO:0010467" label="gene expression"/>
      <span end="31546" id="15040800-3865" start="31536">expression</span>
    </annotation>
    <annotation annotator="Mike Bada, University of Colorado Anschutz Medical Campus" id="GO_BP_2016_02_16_Instance_23355" type="identity">
      <class id="GO:0007631" label="feeding behavior"/>
      <span end="31655" id="15040800-3792" start="31652">fed</span>
    </annotation>
    <annotation annotator="Mike Bada, University of Colorado Anschutz Medical Campus" id="GO_BP_2016_02_16_Instance_47517" type="identity">
      <class id="GO:0010467" label="gene expression"/>
      <span end="31723" id="15040800-3867" start="31713">expression</span>
    </annotation>
    <annotation annotator="Mike Bada, University of Colorado Anschutz Medical Campus" id="GO_BP_2016_02_16_Instance_80054" type="identity">
      <class id="GO_EXT:reverse_transcription_or_reverse_transcriptase" label="reverse transcription or reverse transcriptase"/>
      <span end="31882" id="15040800-4015" start="31880">RT</span>
    </annotation>
    <annotation annotator="Mike Bada, University of Colorado Anschutz Medical Campus" id="GO_BP_2016_02_16_Instance_47519" type="identity">
      <class id="GO:0010467" label="gene expression"/>
      <span end="31907" id="15040800-3869" start="31897">expression</span>
    </annotation>
    <annotation annotator="Mike Bada, University of Colorado Anschutz Medical Campus" id="GO_BP_2016_02_16_Instance_47521" type="identity">
      <class id="GO:0010467" label="gene expression"/>
      <span end="32072" id="15040800-3871" start="32062">Expression</span>
    </annotation>
    <annotation annotator="Mike Bada, University of Colorado Anschutz Medical Campus" id="GO_BP_2016_02_16_Instance_47523" type="identity">
      <class id="GO:0010467" label="gene expression"/>
      <span end="32608" id="15040800-3873" start="32598">expression</span>
    </annotation>
    <annotation annotator="Mike Bada, University of Colorado Anschutz Medical Campus" id="GO_BP_2016_02_16_Instance_47525" type="identity">
      <class id="GO:0010467" label="gene expression"/>
      <span end="32658" id="15040800-3875" start="32648">expression</span>
    </annotation>
    <annotation annotator="Mike Bada, University of Colorado Anschutz Medical Campus" id="GO_BP_2016_02_16_Instance_80056" type="identity">
      <class id="GO_PATO_EXT:biological_localization_process_or_quality" label="biological localization process or quality"/>
      <span end="33063" id="15040800-4017" start="33051">Localization</span>
    </annotation>
    <annotation annotator="Mike Bada, University of Colorado Anschutz Medical Campus" id="GO_BP_2016_02_16_Instance_47527" type="identity">
      <class id="GO:0010467" label="gene expression"/>
      <span end="33187" id="15040800-3877" start="33177">expression</span>
    </annotation>
    <annotation annotator="Mike Bada, University of Colorado Anschutz Medical Campus" id="GO_BP_2016_02_16_Instance_47529" type="identity">
      <class id="GO:0010467" label="gene expression"/>
      <span end="33294" id="15040800-3879" start="33284">expression</span>
    </annotation>
    <annotation annotator="Mike Bada, University of Colorado Anschutz Medical Campus" id="GO_BP_2016_02_16_Instance_80069" type="identity">
      <class id="GO_MOP_EXT:glycosylation" label="glycosylation"/>
      <span end="33896" id="15040800-4025" start="33884">glycosylated</span>
    </annotation>
    <annotation annotator="Mike Bada, University of Colorado Anschutz Medical Campus" id="GO_BP_2016_02_16_with_nested_annotations_Instance_10262" type="identity">
      <class id="GO:0009294" label="DNA mediated transformation"/>
      <span end="34847" id="15040800-4053" start="34835">transfection</span>
    </annotation>
    <annotation annotator="Mike Bada, University of Colorado Anschutz Medical Campus" id="GO_BP_2016_02_16_Instance_47535" type="identity">
      <class id="GO:0010467" label="gene expression"/>
      <span end="34898" id="15040800-3881" start="34889">expressed</span>
    </annotation>
    <annotation annotator="Mike Bada, University of Colorado Anschutz Medical Campus" id="GO_BP_2016_02_16_with_nested_annotations_Instance_10264" type="identity">
      <class id="GO:0009294" label="DNA mediated transformation"/>
      <span end="35000" id="15040800-4055" start="34988">transfection</span>
    </annotation>
    <annotation annotator="Mike Bada, University of Colorado Anschutz Medical Campus" id="GO_BP_2016_02_16_Instance_47537" type="identity">
      <class id="GO:0010467" label="gene expression"/>
      <span end="35156" id="15040800-3883" start="35146">expression</span>
    </annotation>
    <annotation annotator="Mike Bada, University of Colorado Anschutz Medical Campus" id="GO_BP_2016_02_16_Instance_47539" type="identity">
      <class id="GO:0010467" label="gene expression"/>
      <span end="35185" id="15040800-3885" start="35175">expressing</span>
    </annotation>
    <annotation annotator="Mike Bada, University of Colorado Anschutz Medical Campus" id="GO_BP_2016_02_16_Instance_80058" type="identity">
      <class id="GO_PATO_EXT:biological_localization_process_or_quality" label="biological localization process or quality"/>
      <span end="35648" id="15040800-4019" start="35639">localized</span>
    </annotation>
    <annotation annotator="Mike Bada, University of Colorado Anschutz Medical Campus" id="GO_BP_2016_02_16_Instance_47543" type="identity">
      <class id="GO:0010467" label="gene expression"/>
      <span end="36007" id="15040800-3887" start="35997">expression</span>
    </annotation>
    <annotation annotator="Mike Bada, University of Colorado Anschutz Medical Campus" id="GO_BP_2016_02_16_Instance_47545" type="identity">
      <class id="GO:0010467" label="gene expression"/>
      <span end="36202" id="15040800-3889" start="36192">expression</span>
    </annotation>
    <annotation annotator="Mike Bada, University of Colorado Anschutz Medical Campus" id="GO_BP_2016_02_16_with_nested_annotations_Instance_10326" type="identity">
      <class id="GO_EXT:biological_mover_or_transporter" label="biological mover/transporter"/>
      <span end="36232" id="15040800-4079" start="36221">transporter</span>
    </annotation>
    <annotation annotator="Mike Bada, University of Colorado Anschutz Medical Campus" id="GO_BP_2016_02_16_with_nested_annotations_Instance_22679" type="identity">
      <class id="GO_RO_EXT:biological_export" label="biological export"/>
      <span end="36271" id="15040800-4121" start="36265">export</span>
    </annotation>
    <annotation annotator="Mike Bada, University of Colorado Anschutz Medical Campus" id="GO_BP_2016_02_16_Instance_80060" type="identity">
      <class id="GO_PATO_EXT:biological_localization_process_or_quality" label="biological localization process or quality"/>
      <span end="36387" id="15040800-4021" start="36378">localized</span>
    </annotation>
    <annotation annotator="Mike Bada, University of Colorado Anschutz Medical Campus" id="GO_BP_2016_02_16_Instance_47551" type="identity">
      <class id="GO:0010467" label="gene expression"/>
      <span end="36522" id="15040800-3891" start="36512">expression</span>
    </annotation>
    <annotation annotator="Mike Bada, University of Colorado Anschutz Medical Campus" id="GO_BP_2016_02_16_Instance_47553" type="identity">
      <class id="GO:0010467" label="gene expression"/>
      <span end="36643" id="15040800-3893" start="36633">expression</span>
    </annotation>
    <annotation annotator="Mike Bada, University of Colorado Anschutz Medical Campus" id="GO_BP_2016_02_16_Instance_47555" type="identity">
      <class id="GO:0010467" label="gene expression"/>
      <span end="36802" id="15040800-3895" start="36792">expression</span>
    </annotation>
    <annotation annotator="Mike Bada, University of Colorado Anschutz Medical Campus" id="GO_BP_2016_02_16_with_nested_annotations_Instance_80790" type="identity">
      <class id="GO_EXT:secretion_entity_or_process" label="secretion entity or process"/>
      <span end="36895" id="15040800-4173" start="36886">secretion</span>
    </annotation>
    <annotation annotator="Mike Bada, University of Colorado Anschutz Medical Campus" id="GO_BP_2016_02_16_Instance_47559" type="identity">
      <class id="GO:0046903" label="secretion"/>
      <span end="37034" id="15040800-3897" start="37027">secrete</span>
    </annotation>
    <annotation annotator="Mike Bada, University of Colorado Anschutz Medical Campus" id="GO_BP_2016_02_16_with_nested_annotations_Instance_80792" type="identity">
      <class id="GO_EXT:secretion_entity_or_process" label="secretion entity or process"/>
      <span end="37206" id="15040800-4175" start="37197">secretion</span>
    </annotation>
    <annotation annotator="Mike Bada, University of Colorado Anschutz Medical Campus" id="GO_BP_2016_02_16_with_nested_annotations_Instance_80794" type="identity">
      <class id="GO_EXT:secretion_entity_or_process" label="secretion entity or process"/>
      <span end="37354" id="15040800-4177" start="37345">secretion</span>
    </annotation>
    <annotation annotator="Mike Bada, University of Colorado Anschutz Medical Campus" id="GO_BP_2016_02_16_with_nested_annotations_Instance_80796" type="identity">
      <class id="GO_EXT:secretion_entity_or_process" label="secretion entity or process"/>
      <span end="37406" id="15040800-4179" start="37397">secretion</span>
    </annotation>
    <annotation annotator="Mike Bada, University of Colorado Anschutz Medical Campus" id="GO_BP_2016_02_16_with_nested_annotations_Instance_80798" type="identity">
      <class id="GO_EXT:secretion_entity_or_process" label="secretion entity or process"/>
      <span end="37446" id="15040800-4181" start="37437">secretion</span>
    </annotation>
    <annotation annotator="Mike Bada, University of Colorado Anschutz Medical Campus" id="GO_BP_2016_02_16_with_nested_annotations_Instance_80800" type="identity">
      <class id="GO_EXT:secretion_entity_or_process" label="secretion entity or process"/>
      <span end="37520" id="15040800-4183" start="37511">secretion</span>
    </annotation>
    <annotation annotator="Mike Bada, University of Colorado Anschutz Medical Campus" id="GO_BP_2016_02_16_with_nested_annotations_Instance_80802" type="identity">
      <class id="GO_EXT:secretion_entity_or_process" label="secretion entity or process"/>
      <span end="37582" id="15040800-4185" start="37573">secretion</span>
    </annotation>
    <annotation annotator="Mike Bada, University of Colorado Anschutz Medical Campus" id="GO_BP_2016_02_16_with_nested_annotations_Instance_80804" type="identity">
      <class id="GO_EXT:secretion_entity_or_process" label="secretion entity or process"/>
      <span end="37859" id="15040800-4187" start="37850">secretion</span>
    </annotation>
    <annotation annotator="Mike Bada, University of Colorado Anschutz Medical Campus" id="GO_BP_2016_02_16_with_nested_annotations_Instance_80806" type="identity">
      <class id="GO_EXT:secretion_entity_or_process" label="secretion entity or process"/>
      <span end="38031" id="15040800-4189" start="38022">secretion</span>
    </annotation>
    <annotation annotator="Mike Bada, University of Colorado Anschutz Medical Campus" id="GO_BP_2016_02_16_with_nested_annotations_Instance_80808" type="identity">
      <class id="GO_EXT:secretion_entity_or_process" label="secretion entity or process"/>
      <span end="38190" id="15040800-4191" start="38181">secretion</span>
    </annotation>
    <annotation annotator="Mike Bada, University of Colorado Anschutz Medical Campus" id="GO_BP_2016_02_16_with_nested_annotations_Instance_80810" type="identity">
      <class id="GO_EXT:secretion_entity_or_process" label="secretion entity or process"/>
      <span end="38298" id="15040800-4193" start="38289">secretion</span>
    </annotation>
    <annotation annotator="Mike Bada, University of Colorado Anschutz Medical Campus" id="GO_BP_2016_02_16_with_nested_annotations_Instance_80812" type="identity">
      <class id="GO_EXT:secretion_entity_or_process" label="secretion entity or process"/>
      <span end="38520" id="15040800-4195" start="38511">secretion</span>
    </annotation>
    <annotation annotator="Mike Bada, University of Colorado Anschutz Medical Campus" id="GO_BP_2016_02_16_with_nested_annotations_Instance_80814" type="identity">
      <class id="GO_EXT:secretion_entity_or_process" label="secretion entity or process"/>
      <span end="38631" id="15040800-4197" start="38622">secretion</span>
    </annotation>
    <annotation annotator="Mike Bada, University of Colorado Anschutz Medical Campus" id="GO_BP_2016_02_16_with_nested_annotations_Instance_80816" type="identity">
      <class id="GO_EXT:secretion_entity_or_process" label="secretion entity or process"/>
      <span end="38789" id="15040800-4199" start="38780">secretion</span>
    </annotation>
    <annotation annotator="Mike Bada, University of Colorado Anschutz Medical Campus" id="GO_BP_2016_02_16_with_nested_annotations_Instance_80818" type="identity">
      <class id="GO_EXT:secretion_entity_or_process" label="secretion entity or process"/>
      <span end="38829" id="15040800-4201" start="38820">secretion</span>
    </annotation>
    <annotation annotator="Mike Bada, University of Colorado Anschutz Medical Campus" id="GO_BP_2016_02_16_Instance_47587" type="identity">
      <class id="GO:0046903" label="secretion"/>
      <span end="38972" id="15040800-3899" start="38964">secreted</span>
    </annotation>
    <annotation annotator="Mike Bada, University of Colorado Anschutz Medical Campus" id="GO_BP_2016_02_16_Instance_47589" type="identity">
      <class id="GO:0046903" label="secretion"/>
      <span end="39056" id="15040800-3901" start="39048">secreted</span>
    </annotation>
    <annotation annotator="Mike Bada, University of Colorado Anschutz Medical Campus" id="GO_BP_2016_02_16_Instance_47591" type="identity">
      <class id="GO:0046903" label="secretion"/>
      <span end="39378" id="15040800-3903" start="39371">secrete</span>
    </annotation>
    <annotation annotator="Mike Bada, University of Colorado Anschutz Medical Campus" id="GO_BP_2016_02_16_Instance_47593" type="identity">
      <class id="GO:0046903" label="secretion"/>
      <span end="39435" id="15040800-3905" start="39428">secrete</span>
    </annotation>
    <annotation annotator="Mike Bada, University of Colorado Anschutz Medical Campus" id="GO_BP_2016_02_16_Instance_47595" type="identity">
      <class id="GO:0046903" label="secretion"/>
      <span end="39580" id="15040800-3907" start="39573">secrete</span>
    </annotation>
    <annotation annotator="Mike Bada, University of Colorado Anschutz Medical Campus" id="GO_BP_2016_02_16_Instance_47599" type="identity">
      <class id="GO:0046903" label="secretion"/>
      <span end="39885" id="15040800-3909" start="39878">secrete</span>
    </annotation>
    <annotation annotator="Mike Bada, University of Colorado Anschutz Medical Campus" id="GO_BP_2016_02_16_with_nested_annotations_Instance_10328" type="identity">
      <class id="GO_EXT:biological_mover_or_transporter" label="biological mover/transporter"/>
      <span end="40114" id="15040800-4081" start="40102">transporters</span>
    </annotation>
    <annotation annotator="Mike Bada, University of Colorado Anschutz Medical Campus" id="GO_BP_2016_02_16_with_nested_annotations_Instance_1650" type="identity">
      <class id="GO_EXT:breeding" label="breeding"/>
      <span end="40706" id="15040800-4095" start="40702">bred</span>
    </annotation>
    <annotation annotator="Mike Bada, University of Colorado Anschutz Medical Campus" id="GO_BP_2016_02_16_Instance_47603" type="identity">
      <class id="GO:0006699" label="bile acid biosynthetic process"/>
      <span end="41164" id="15040800-3911" start="41145">bile acid synthesis</span>
    </annotation>
    <annotation annotator="Mike Bada, University of Colorado Anschutz Medical Campus" id="GO_BP_2016_02_16_with_nested_annotations_Instance_80820" type="identity">
      <class id="GO_EXT:secretion_entity_or_process" label="secretion entity or process"/>
      <span end="41495" id="15040800-4203" start="41486">secretion</span>
    </annotation>
    <annotation annotator="Mike Bada, University of Colorado Anschutz Medical Campus" id="GO_BP_2016_02_16_with_nested_annotations_Instance_80822" type="identity">
      <class id="GO_EXT:secretion_entity_or_process" label="secretion entity or process"/>
      <span end="41570" id="15040800-4205" start="41561">secretion</span>
    </annotation>
    <annotation annotator="Mike Bada, University of Colorado Anschutz Medical Campus" id="GO_BP_2016_02_16_Instance_47609" type="identity">
      <class id="GO:0046903" label="secretion"/>
      <span end="41704" id="15040800-3913" start="41697">secrete</span>
    </annotation>
    <annotation annotator="Mike Bada, University of Colorado Anschutz Medical Campus" id="GO_BP_2016_02_16_with_nested_annotations_Instance_80824" type="identity">
      <class id="GO_EXT:secretion_entity_or_process" label="secretion entity or process"/>
      <span end="41746" id="15040800-4207" start="41737">secretion</span>
    </annotation>
    <annotation annotator="Mike Bada, University of Colorado Anschutz Medical Campus" id="GO_BP_2016_02_16_Instance_47613" type="identity">
      <class id="GO:0046903" label="secretion"/>
      <span end="42101" id="15040800-3915" start="42093">secreted</span>
    </annotation>
    <annotation annotator="Mike Bada, University of Colorado Anschutz Medical Campus" id="GO_BP_2016_02_16_Instance_47615" type="identity">
      <class id="GO:0046903" label="secretion"/>
      <span end="42174" id="15040800-3917" start="42167">secrete</span>
    </annotation>
    <annotation annotator="Mike Bada, University of Colorado Anschutz Medical Campus" id="GO_BP_2016_02_16_with_nested_annotations_Instance_80826" type="identity">
      <class id="GO_EXT:secretion_entity_or_process" label="secretion entity or process"/>
      <span end="42380" id="15040800-4209" start="42371">secretion</span>
    </annotation>
    <annotation annotator="Mike Bada, University of Colorado Anschutz Medical Campus" id="GO_BP_2016_02_16_with_nested_annotations_Instance_80828" type="identity">
      <class id="GO_EXT:secretion_entity_or_process" label="secretion entity or process"/>
      <span end="44303" id="15040800-4211" start="44294">secretion</span>
    </annotation>
    <annotation annotator="Mike Bada, University of Colorado Anschutz Medical Campus" id="GO_BP_2016_02_16_with_nested_annotations_Instance_20444" type="identity">
      <class id="GO:0007588" label="excretion"/>
      <span end="44383" id="15040800-4105" start="44374">excretion</span>
    </annotation>
    <annotation annotator="Mike Bada, University of Colorado Anschutz Medical Campus" id="GO_BP_2016_02_16_with_nested_annotations_Instance_904" type="identity">
      <class id="GO_EXT:reaction_or_response" label="reaction/response"/>
      <span end="44431" id="15040800-4245" start="44424">respond</span>
    </annotation>
    <annotation annotator="Mike Bada, University of Colorado Anschutz Medical Campus" id="GO_BP_2016_02_16_with_nested_annotations_Instance_80830" type="identity">
      <class id="GO_EXT:secretion_entity_or_process" label="secretion entity or process"/>
      <span end="44529" id="15040800-4213" start="44520">secretion</span>
    </annotation>
    <annotation annotator="Mike Bada, University of Colorado Anschutz Medical Campus" id="GO_BP_2016_02_16_with_nested_annotations_Instance_80832" type="identity">
      <class id="GO_EXT:secretion_entity_or_process" label="secretion entity or process"/>
      <span end="44574" id="15040800-4215" start="44565">secretion</span>
    </annotation>
    <annotation annotator="Mike Bada, University of Colorado Anschutz Medical Campus" id="GO_BP_2016_02_16_with_nested_annotations_Instance_22681" type="identity">
      <class id="GO_RO_EXT:biological_export" label="biological export"/>
      <span end="44951" id="15040800-4123" start="44945">export</span>
    </annotation>
    <annotation annotator="Mike Bada, University of Colorado Anschutz Medical Campus" id="GO_BP_2016_02_16_with_nested_annotations_Instance_80834" type="identity">
      <class id="GO_EXT:secretion_entity_or_process" label="secretion entity or process"/>
      <span end="45183" id="15040800-4217" start="45174">secretion</span>
    </annotation>
    <annotation annotator="Mike Bada, University of Colorado Anschutz Medical Campus" id="GO_BP_2016_02_16_with_nested_annotations_Instance_80836" type="identity">
      <class id="GO_EXT:secretion_entity_or_process" label="secretion entity or process"/>
      <span end="45607" id="15040800-4219" start="45598">secretion</span>
    </annotation>
    <annotation annotator="Mike Bada, University of Colorado Anschutz Medical Campus" id="GO_BP_2016_02_16_Instance_47629" type="identity">
      <class id="GO:0007631" label="feeding behavior"/>
      <span end="45853" id="15040800-3919" start="45846">feeding</span>
    </annotation>
    <annotation annotator="Mike Bada, University of Colorado Anschutz Medical Campus" id="GO_BP_2016_02_16_with_nested_annotations_Instance_80838" type="identity">
      <class id="GO_EXT:secretion_entity_or_process" label="secretion entity or process"/>
      <span end="45903" id="15040800-4221" start="45894">secretion</span>
    </annotation>
    <annotation annotator="Mike Bada, University of Colorado Anschutz Medical Campus" id="GO_BP_2016_02_16_Instance_47633" type="identity">
      <class id="GO:0010467" label="gene expression"/>
      <span end="46239" id="15040800-3921" start="46229">expression</span>
    </annotation>
    <annotation annotator="Mike Bada, University of Colorado Anschutz Medical Campus" id="GO_BP_2016_02_16_with_nested_annotations_Instance_80840" type="identity">
      <class id="GO_EXT:secretion_entity_or_process" label="secretion entity or process"/>
      <span end="46325" id="15040800-4223" start="46316">secretion</span>
    </annotation>
    <annotation annotator="Mike Bada, University of Colorado Anschutz Medical Campus" id="GO_BP_2016_02_16_Instance_23357" type="identity">
      <class id="GO:0007631" label="feeding behavior"/>
      <span end="46378" id="15040800-3794" start="46375">fed</span>
    </annotation>
    <annotation annotator="Mike Bada, University of Colorado Anschutz Medical Campus" id="GO_BP_2016_02_16_with_nested_annotations_Instance_80842" type="identity">
      <class id="GO_EXT:secretion_entity_or_process" label="secretion entity or process"/>
      <span end="46683" id="15040800-4225" start="46674">secretion</span>
    </annotation>
    <annotation annotator="Mike Bada, University of Colorado Anschutz Medical Campus" id="GO_BP_2016_02_16_with_nested_annotations_Instance_80844" type="identity">
      <class id="GO_EXT:secretion_entity_or_process" label="secretion entity or process"/>
      <span end="46771" id="15040800-4227" start="46762">secretion</span>
    </annotation>
    <annotation annotator="Mike Bada, University of Colorado Anschutz Medical Campus" id="GO_BP_2016_02_16_Instance_47641" type="identity">
      <class id="GO:0065007" label="biological regulation"/>
      <span end="47020" id="15040800-3923" start="47009">controlling</span>
    </annotation>
    <annotation annotator="Mike Bada, University of Colorado Anschutz Medical Campus" id="GO_BP_2016_02_16_Instance_47643" type="identity">
      <class id="GO:0065007" label="biological regulation"/>
      <span end="47193" id="15040800-3925" start="47183">regulating</span>
    </annotation>
    <annotation annotator="Mike Bada, University of Colorado Anschutz Medical Campus" id="GO_BP_2016_02_16_Instance_47645" type="identity">
      <class id="GO:0015918" label="sterol transport"/>
      <span end="47312" id="15040800-3927" start="47294">sterol trafficking</span>
    </annotation>
    <annotation annotator="Mike Bada, University of Colorado Anschutz Medical Campus" id="GO_BP_2016_02_16_Instance_47647" type="identity">
      <class id="GO:0010467" label="gene expression"/>
      <span end="47629" id="15040800-3929" start="47619">expression</span>
    </annotation>
    <annotation annotator="Mike Bada, University of Colorado Anschutz Medical Campus" id="GO_BP_2016_02_16_with_nested_annotations_Instance_20450" type="identity">
      <class id="GO_EXT:biological_routing_or_transport" label="biological routing/transport"/>
      <span end="47672" id="15040800-4109" start="47661">trafficking</span>
    </annotation>
    <annotation annotator="Mike Bada, University of Colorado Anschutz Medical Campus" id="GO_BP_2016_02_16_Instance_47651" type="identity">
      <class id="GO:0010467" label="gene expression"/>
      <span end="47784" id="15040800-3931" start="47774">expression</span>
    </annotation>
    <annotation annotator="Mike Bada, University of Colorado Anschutz Medical Campus" id="GO_BP_2016_02_16_with_nested_annotations_Instance_20452" type="identity">
      <class id="GO_EXT:biological_routing_or_transport" label="biological routing/transport"/>
      <span end="47960" id="15040800-4111" start="47949">trafficking</span>
    </annotation>
    <annotation annotator="Mike Bada, University of Colorado Anschutz Medical Campus" id="GO_BP_2016_02_16_Instance_80067" type="identity">
      <class id="GO_MOP_EXT:glycosylation" label="glycosylation"/>
      <span end="48035" id="15040800-4023" start="48022">glycosylation</span>
    </annotation>
    <annotation annotator="Mike Bada, University of Colorado Anschutz Medical Campus" id="GO_BP_2016_02_16_with_nested_annotations_Instance_21840" type="identity">
      <class id="GO_PATO_EXT:biological_maturation" label="biological maturation"/>
      <span end="48046" id="15040800-4117" start="48036">maturation</span>
    </annotation>
    <annotation annotator="Mike Bada, University of Colorado Anschutz Medical Campus" id="GO_BP_2016_02_16_Instance_47661" type="identity">
      <class id="GO:0010467" label="gene expression"/>
      <span end="48236" id="15040800-3933" start="48227">expressed</span>
    </annotation>
    <annotation annotator="Mike Bada, University of Colorado Anschutz Medical Campus" id="GO_BP_2016_02_16_Instance_80071" type="identity">
      <class id="GO_PATO_EXT:biological_localization_process_or_quality" label="biological localization process or quality"/>
      <span end="48374" id="15040800-4027" start="48362">localization</span>
    </annotation>
    <annotation annotator="Mike Bada, University of Colorado Anschutz Medical Campus" id="GO_BP_2016_02_16_Instance_47663" type="identity">
      <class id="GO:0010467" label="gene expression"/>
      <span end="48609" id="15040800-3935" start="48600">expressed</span>
    </annotation>
    <annotation annotator="Mike Bada, University of Colorado Anschutz Medical Campus" id="GO_BP_2016_02_16_with_nested_annotations_Instance_20454" type="identity">
      <class id="GO_EXT:biological_routing_or_transport" label="biological routing/transport"/>
      <span end="48763" id="15040800-4113" start="48752">trafficking</span>
    </annotation>
    <annotation annotator="Mike Bada, University of Colorado Anschutz Medical Campus" id="GO_BP_2016_02_16_with_nested_annotations_Instance_10330" type="identity">
      <class id="GO_EXT:biological_mover_or_transporter" label="biological mover/transporter"/>
      <span end="48785" id="15040800-4083" start="48773">transporters</span>
    </annotation>
    <annotation annotator="Mike Bada, University of Colorado Anschutz Medical Campus" id="GO_BP_2016_02_16_Instance_80073" type="identity">
      <class id="GO_MOP_EXT:glycosylation" label="glycosylation"/>
      <span end="48957" id="15040800-4029" start="48944">glycosylation</span>
    </annotation>
    <annotation annotator="Mike Bada, University of Colorado Anschutz Medical Campus" id="GO_BP_2016_02_16_Instance_47671" type="identity">
      <class id="GO:0010467" label="gene expression"/>
      <span end="49060" id="15040800-3937" start="49050">expression</span>
    </annotation>
    <annotation annotator="Mike Bada, University of Colorado Anschutz Medical Campus" id="GO_BP_2016_02_16_Instance_47673" type="identity">
      <class id="GO:0046903" label="secretion"/>
      <span end="49465" id="15040800-3939" start="49458">secrete</span>
    </annotation>
    <annotation annotator="Mike Bada, University of Colorado Anschutz Medical Campus" id="GO_BP_2016_02_16_Instance_47675" type="identity">
      <class id="GO:0007631" label="feeding behavior"/>
      <span end="49540" id="15040800-3941" start="49537">fed</span>
    </annotation>
    <annotation annotator="Mike Bada, University of Colorado Anschutz Medical Campus" id="GO_BP_2016_02_16_Instance_47677" type="identity">
      <class id="GO:0010467" label="gene expression"/>
      <span end="49588" id="15040800-3943" start="49578">expression</span>
    </annotation>
    <annotation annotator="Mike Bada, University of Colorado Anschutz Medical Campus" id="GO_BP_2016_02_16_Instance_47679" type="identity">
      <class id="GO:0046903" label="secretion"/>
      <span end="49610" id="15040800-3945" start="49603">secrete</span>
    </annotation>
    <annotation annotator="Mike Bada, University of Colorado Anschutz Medical Campus" id="GO_BP_2016_02_16_with_nested_annotations_Instance_80846" type="identity">
      <class id="GO_EXT:secretion_entity_or_process" label="secretion entity or process"/>
      <span end="49767" id="15040800-4229" start="49758">secretion</span>
    </annotation>
    <annotation annotator="Mike Bada, University of Colorado Anschutz Medical Campus" id="GO_BP_2016_02_16_with_nested_annotations_Instance_23893" type="identity">
      <class id="GO_PATO_EXT:physiological_process_or_quality" label="physiological process or quality"/>
      <span end="49964" id="15040800-4142" start="49953">physiologic</span>
    </annotation>
    <annotation annotator="Mike Bada, University of Colorado Anschutz Medical Campus" id="GO_BP_2016_02_16_Instance_47683" type="identity">
      <class id="GO:0046903" label="secretion"/>
      <span end="50201" id="15040800-3947" start="50194">secrete</span>
    </annotation>
    <annotation annotator="Mike Bada, University of Colorado Anschutz Medical Campus" id="GO_BP_2016_02_16_with_nested_annotations_Instance_80848" type="identity">
      <class id="GO_EXT:secretion_entity_or_process" label="secretion entity or process"/>
      <span end="50482" id="15040800-4231" start="50473">secretion</span>
    </annotation>
    <annotation annotator="Mike Bada, University of Colorado Anschutz Medical Campus" id="GO_BP_2016_02_16_Instance_47687" type="identity">
      <class id="GO:0010467" label="gene expression"/>
      <span end="50546" id="15040800-3949" start="50537">expressed</span>
    </annotation>
    <annotation annotator="Mike Bada, University of Colorado Anschutz Medical Campus" id="GO_BP_2016_02_16_with_nested_annotations_Instance_80850" type="identity">
      <class id="GO_EXT:secretion_entity_or_process" label="secretion entity or process"/>
      <span end="50700" id="15040800-4233" start="50691">secretion</span>
    </annotation>
    <annotation annotator="Mike Bada, University of Colorado Anschutz Medical Campus" id="GO_BP_2016_02_16_with_nested_annotations_Instance_80852" type="identity">
      <class id="GO_EXT:secretion_entity_or_process" label="secretion entity or process"/>
      <span end="50739" id="15040800-4235" start="50730">secretion</span>
    </annotation>
    <annotation annotator="Mike Bada, University of Colorado Anschutz Medical Campus" id="GO_BP_2016_02_16_with_nested_annotations_Instance_80854" type="identity">
      <class id="GO_EXT:secretion_entity_or_process" label="secretion entity or process"/>
      <span end="50867" id="15040800-4237" start="50858">secretion</span>
    </annotation>
    <annotation annotator="Mike Bada, University of Colorado Anschutz Medical Campus" id="GO_BP_2016_02_16_Instance_80075" type="identity">
      <class id="GO_EXT:reverse_transcription_or_reverse_transcriptase" label="reverse transcription or reverse transcriptase"/>
      <span end="51014" id="15040800-4031" start="51012">RT</span>
    </annotation>
    <annotation annotator="Mike Bada, University of Colorado Anschutz Medical Campus" id="GO_BP_2016_02_16_Instance_80077" type="identity">
      <class id="GO_EXT:reverse_transcription_or_reverse_transcriptase" label="reverse transcription or reverse transcriptase"/>
      <span end="53079" id="15040800-4033" start="53077">RT</span>
    </annotation>
    <annotation annotator="Mike Bada, University of Colorado Anschutz Medical Campus" id="GO_BP_2016_02_16_Instance_47697" type="identity">
      <class id="GO:0007631" label="feeding behavior"/>
      <span end="53458" id="15040800-3951" start="53455">fed</span>
    </annotation>
    <annotation annotator="Mike Bada, University of Colorado Anschutz Medical Campus" id="GO_BP_2016_02_16_Instance_47699" type="identity">
      <class id="GO:0010467" label="gene expression"/>
      <span end="54389" id="15040800-3953" start="54379">expression</span>
    </annotation>
    <annotation annotator="Mike Bada, University of Colorado Anschutz Medical Campus" id="GO_BP_2016_02_16_Instance_80079" type="identity">
      <class id="GO_EXT:reverse_transcription_or_reverse_transcriptase" label="reverse transcription or reverse transcriptase"/>
      <span end="54445" id="15040800-4035" start="54443">RT</span>
    </annotation>
    <annotation annotator="Mike Bada, University of Colorado Anschutz Medical Campus" id="GO_BP_2016_02_16_Instance_80081" type="identity">
      <class id="GO_MOP_EXT:glycosylation" label="glycosylation"/>
      <span end="55135" id="15040800-4037" start="55122">glycosylation</span>
    </annotation>
    <annotation annotator="Mike Bada, University of Colorado Anschutz Medical Campus" id="GO_BP_2016_02_16_with_nested_annotations_Instance_23833" type="identity">
      <class id="GO_MOP_EXT:glycosylation" label="glycosylation"/>
      <span end="55374" id="15040800-4136" start="55361">glycosylation</span>
    </annotation>
    <annotation annotator="Mike Bada, University of Colorado Anschutz Medical Campus" id="GO_BP_2016_02_16_with_nested_annotations_Instance_23835" type="identity">
      <class id="GO_MOP_EXT:glycosylation" label="glycosylation"/>
      <span end="55586" id="15040800-4138" start="55573">glycosylation</span>
    </annotation>
    <annotation annotator="Mike Bada, University of Colorado Anschutz Medical Campus" id="GO_BP_2016_02_16_with_nested_annotations_Instance_23837" type="identity">
      <class id="GO_MOP_EXT:glycosylation" label="glycosylation"/>
      <span end="55803" id="15040800-4140" start="55790">glycosylation</span>
    </annotation>
    <annotation annotator="Mike Bada, University of Colorado Anschutz Medical Campus" id="GO_BP_2016_02_16_Instance_47709" type="identity">
      <class id="GO:0010467" label="gene expression"/>
      <span end="56235" id="15040800-3955" start="56225">expression</span>
    </annotation>
    <annotation annotator="Mike Bada, University of Colorado Anschutz Medical Campus" id="GO_BP_2016_02_16_with_nested_annotations_Instance_10266" type="identity">
      <class id="GO:0009294" label="DNA mediated transformation"/>
      <span end="56300" id="15040800-4057" start="56289">transfected</span>
    </annotation>
    <annotation annotator="Mike Bada, University of Colorado Anschutz Medical Campus" id="GO_BP_2016_02_16_Instance_47711" type="identity">
      <class id="GO:0010467" label="gene expression"/>
      <span end="56373" id="15040800-3957" start="56366">express</span>
    </annotation>
    <annotation annotator="Mike Bada, University of Colorado Anschutz Medical Campus" id="GO_BP_2016_02_16_with_nested_annotations_Instance_10268" type="identity">
      <class id="GO:0009294" label="DNA mediated transformation"/>
      <span end="56456" id="15040800-4059" start="56445">transfected</span>
    </annotation>
    <annotation annotator="Mike Bada, University of Colorado Anschutz Medical Campus" id="GO_BP_2016_02_16_with_nested_annotations_Instance_10270" type="identity">
      <class id="GO:0009294" label="DNA mediated transformation"/>
      <span end="56572" id="15040800-4061" start="56561">transfected</span>
    </annotation>
    <annotation annotator="Mike Bada, University of Colorado Anschutz Medical Campus" id="GO_BP_2016_02_16_with_nested_annotations_Instance_10272" type="identity">
      <class id="GO:0009294" label="DNA mediated transformation"/>
      <span end="56702" id="15040800-4063" start="56691">transfected</span>
    </annotation>
    <annotation annotator="Mike Bada, University of Colorado Anschutz Medical Campus" id="GO_BP_2016_02_16_with_nested_annotations_Instance_10274" type="identity">
      <class id="GO:0009294" label="DNA mediated transformation"/>
      <span end="56823" id="15040800-4065" start="56812">transfected</span>
    </annotation>
    <annotation annotator="Mike Bada, University of Colorado Anschutz Medical Campus" id="GO_BP_2016_02_16_Instance_47713" type="identity">
      <class id="GO:0010467" label="gene expression"/>
      <span end="57328" id="15040800-3959" start="57318">expression</span>
    </annotation>
    <annotation annotator="Mike Bada, University of Colorado Anschutz Medical Campus" id="GO_BP_2016_02_16_Instance_47715" type="identity">
      <class id="GO:0010467" label="gene expression"/>
      <span end="57883" id="15040800-3961" start="57873">expression</span>
    </annotation>
    <annotation annotator="Mike Bada, University of Colorado Anschutz Medical Campus" id="GO_BP_2016_02_16_Instance_47717" type="identity">
      <class id="GO:0010467" label="gene expression"/>
      <span end="58116" id="15040800-3963" start="58106">expression</span>
    </annotation>
    <annotation annotator="Mike Bada, University of Colorado Anschutz Medical Campus" id="GO_BP_2016_02_16_Instance_47719" type="identity">
      <class id="GO:0010467" label="gene expression"/>
      <span end="58214" id="15040800-3965" start="58204">expression</span>
    </annotation>
    <annotation annotator="Mike Bada, University of Colorado Anschutz Medical Campus" id="GO_BP_2016_02_16_Instance_47721" type="identity">
      <class id="GO:0010467" label="gene expression"/>
      <span end="58401" id="15040800-3967" start="58391">expression</span>
    </annotation>
    <annotation annotator="Mike Bada, University of Colorado Anschutz Medical Campus" id="GO_BP_2016_02_16_with_nested_annotations_Instance_80856" type="identity">
      <class id="GO_EXT:secretion_entity_or_process" label="secretion entity or process"/>
      <span end="58792" id="15040800-4239" start="58783">secretion</span>
    </annotation>
    <annotation annotator="Mike Bada, University of Colorado Anschutz Medical Campus" id="GO_BP_2016_02_16_with_nested_annotations_Instance_80858" type="identity">
      <class id="GO_EXT:secretion_entity_or_process" label="secretion entity or process"/>
      <span end="59166" id="15040800-4241" start="59157">secretion</span>
    </annotation>
    <annotation annotator="Mike Bada, University of Colorado Anschutz Medical Campus" id="GO_BP_2016_02_16_Instance_47727" type="identity">
      <class id="GO:0046903" label="secretion"/>
      <span end="59474" id="15040800-3969" start="59467">secrete</span>
    </annotation>
    <annotation annotator="Mike Bada, University of Colorado Anschutz Medical Campus" id="GO_BP_2016_02_16_Instance_47729" type="identity">
      <class id="GO:0046903" label="secretion"/>
      <span end="59560" id="15040800-3971" start="59553">secrete</span>
    </annotation>
    <annotation annotator="Mike Bada, University of Colorado Anschutz Medical Campus" id="GO_BP_2016_02_16_Instance_47731" type="identity">
      <class id="GO:0046903" label="secretion"/>
      <span end="59627" id="15040800-3973" start="59620">secrete</span>
    </annotation>
    <annotation annotator="Mike Bada, University of Colorado Anschutz Medical Campus" id="GO_BP_2016_02_16_with_nested_annotations_Instance_80860" type="identity">
      <class id="GO_EXT:secretion_entity_or_process" label="secretion entity or process"/>
      <span end="59729" id="15040800-4243" start="59720">secretion</span>
    </annotation>
    <annotation annotator="Mike Bada, University of Colorado Anschutz Medical Campus" id="GO_BP_2016_02_16_Instance_47735" type="identity">
      <class id="GO:0046903" label="secretion"/>
      <span end="59980" id="15040800-3975" start="59973">secrete</span>
    </annotation>
    <annotation annotator="Mike Bada, University of Colorado Anschutz Medical Campus" id="GO_BP_2016_02_16_Instance_47737" type="identity">
      <class id="GO:0046903" label="secretion"/>
      <span end="60147" id="15040800-3977" start="60140">secrete</span>
    </annotation>
    <annotation annotator="Mike Bada, University of Colorado Anschutz Medical Campus" id="GO_BP_2016_02_16_Instance_47739" type="identity">
      <class id="GO:0046903" label="secretion"/>
      <span end="60252" id="15040800-3979" start="60245">secrete</span>
    </annotation>
    <annotation annotator="Mike Bada, University of Colorado Anschutz Medical Campus" id="GO_BP_2016_02_16_Instance_80083" type="identity">
      <class id="GO_EXT:reverse_transcription_or_reverse_transcriptase" label="reverse transcription or reverse transcriptase"/>
      <span end="60413" id="15040800-4039" start="60411">RT</span>
    </annotation>
    <annotation annotator="Mike Bada, University of Colorado Anschutz Medical Campus" id="GO_BP_2016_02_16_Instance_23359" type="identity">
      <class id="GO:0007631" label="feeding behavior"/>
      <span end="60557" id="15040800-3796" start="60554">fed</span>
    </annotation>
    <graph-space id="Old Knowtator Relations"/>
  </document>
</knowtator-project>
