<?xml version="1.0" encoding="UTF-8" standalone="no"?>
<knowtator-project>
    <document id="15061865" text-file="15061865.txt">
        <annotation annotator="Mike Bada, University of Colorado Anschutz Medical Campus" id="GO_BP_2016_02_16_Instance_48843" type="identity">
            <class id="GO:0007612" label="learning"/>
            <span end="75" id="15061865-4282" start="67">learning</span>
        </annotation>
        <annotation annotator="Mike Bada, University of Colorado Anschutz Medical Campus" id="GO_BP_2016_02_16_with_nested_annotations_Instance_21362" type="identity">
            <class id="GO:0065007" label="biological regulation"/>
            <span end="134" id="15061865-4524" start="124">modulation</span>
        </annotation>
        <annotation annotator="Mike Bada, University of Colorado Anschutz Medical Campus" id="GO_BP_2016_02_16_with_nested_annotations_Instance_21364" type="identity">
            <class id="GO_EXT:cell_communication_or_signaling_or_signal_transduction" label="cell communication, signaling or signal transduction"/>
            <span end="156" id="15061865-4526" start="147">signaling</span>
        </annotation>
        <annotation annotator="Mike Bada, University of Colorado Anschutz Medical Campus" id="GO_BP_2016_02_16_with_nested_annotations_Instance_20824" type="identity">
            <class id="GO_EXT:detection_or_sensing_of_stimulus" label="detection/sensing of stimulus"/>
            <span end="271" id="15061865-4520" start="264">sensory</span>
        </annotation>
        <annotation annotator="Mike Bada, University of Colorado Anschutz Medical Campus" id="GO_BP_2016_02_16_with_nested_annotations_Instance_778" type="identity">
            <class id="GO_EXT:biological_direction_or_guidance" label="biological direction/guidance"/>
            <span end="374" id="15061865-4664" start="367">guiding</span>
        </annotation>
        <annotation annotator="Mike Bada, University of Colorado Anschutz Medical Campus" id="GO_BP_2016_02_16_with_nested_annotations_Instance_21880" type="identity">
            <class id="GO_EXT:biological_direction_or_guidance" label="biological direction/guidance"/>
            <span end="388" id="15061865-4580" start="380">directed</span>
        </annotation>
        <annotation annotator="Mike Bada, University of Colorado Anschutz Medical Campus" id="GO_BP_2016_02_16_Instance_22293" type="identity">
            <class id="GO:0051867" label="general adaptation syndrome, behavioral process"/>
            <span end="409" id="15061865-4248" start="390">adaptable behaviors</span>
        </annotation>
        <annotation annotator="Mike Bada, University of Colorado Anschutz Medical Campus" id="GO_BP_2016_02_16_Instance_24293" type="identity">
            <class id="GO:0007212" label="dopamine receptor signaling pathway"/>
            <span end="452" id="15061865-4266" start="434">dopamine signaling</span>
        </annotation>
        <annotation annotator="Mike Bada, University of Colorado Anschutz Medical Campus" id="GO_BP_2016_02_16_with_nested_annotations_Instance_21882" type="identity">
            <class id="GO_EXT:biological_direction_or_guidance" label="biological direction/guidance"/>
            <span end="570" id="15061865-4582" start="562">directed</span>
        </annotation>
        <annotation annotator="Mike Bada, University of Colorado Anschutz Medical Campus" id="GO_BP_2016_02_16_with_nested_annotations_Instance_241660" type="identity">
            <class id="GO_PATO_EXT:biological_behavior" label="biological behavior"/>
            <span end="580" id="15061865-4608" start="571">behaviors</span>
        </annotation>
        <annotation annotator="Mike Bada, University of Colorado Anschutz Medical Campus" id="GO_BP_2016_02_16_with_nested_annotations_Instance_21384" type="identity">
            <class id="GO_EXT:cell_communication_or_signaling_or_signal_transduction" label="cell communication, signaling or signal transduction"/>
            <span end="736" id="15061865-4546" start="727">signaling</span>
        </annotation>
        <annotation annotator="Mike Bada, University of Colorado Anschutz Medical Campus" id="GO_BP_2016_02_16_Instance_48853" type="identity">
            <class id="GO:0008306" label="associative learning"/>
            <span end="763" id="15061865-4284" start="752">associative</span>
            <span end="785" id="15061865-4285" start="777">learning</span>
        </annotation>
        <annotation annotator="Mike Bada, University of Colorado Anschutz Medical Campus" id="GO_BP_2016_02_16_with_nested_annotations_Instance_241662" type="identity">
            <class id="GO_PATO_EXT:biological_behavior" label="biological behavior"/>
            <span end="1035" id="15061865-4610" start="1025">behavioral</span>
        </annotation>
        <annotation annotator="Mike Bada, University of Colorado Anschutz Medical Campus" id="GO_BP_2016_02_16_Instance_48857" type="identity">
            <class id="GO:0007612" label="learning"/>
            <span end="1110" id="15061865-4287" start="1102">learning</span>
        </annotation>
        <annotation annotator="Mike Bada, University of Colorado Anschutz Medical Campus" id="GO_BP_2016_02_16_Instance_25757" type="identity">
            <class id="GO:0007612" label="learning"/>
            <span end="1216" id="15061865-4274" start="1209">learned</span>
        </annotation>
        <annotation annotator="Mike Bada, University of Colorado Anschutz Medical Campus" id="GO_BP_2016_02_16_Instance_48859" type="identity">
            <class id="GO:0007631" label="feeding behavior"/>
            <span end="1240" id="15061865-4289" start="1233">consume</span>
        </annotation>
        <annotation annotator="Mike Bada, University of Colorado Anschutz Medical Campus" id="GO_BP_2016_02_16_Instance_48861" type="identity">
            <class id="GO:0007612" label="learning"/>
            <span end="1336" id="15061865-4291" start="1329">learned</span>
        </annotation>
        <annotation annotator="Mike Bada, University of Colorado Anschutz Medical Campus" id="GO_BP_2016_02_16_with_nested_annotations_Instance_906" type="identity">
            <class id="GO_EXT:reaction_or_response" label="reaction/response"/>
            <span end="1787" id="15061865-4668" start="1779">response</span>
        </annotation>
        <annotation annotator="Mike Bada, University of Colorado Anschutz Medical Campus" id="GO_BP_2016_02_16_Instance_48867" type="identity">
            <class id="GO:0007608" label="sensory perception of smell"/>
            <span end="1997" id="15061865-4293" start="1988">olfaction</span>
        </annotation>
        <annotation annotator="Mike Bada, University of Colorado Anschutz Medical Campus" id="GO_BP_2016_02_16_with_nested_annotations_Instance_908" type="identity">
            <class id="GO_EXT:reaction_or_response" label="reaction/response"/>
            <span end="2172" id="15061865-4670" start="2162">responding</span>
        </annotation>
        <annotation annotator="Mike Bada, University of Colorado Anschutz Medical Campus" id="GO_BP_2016_02_16_with_nested_annotations_Instance_21366" type="identity">
            <class id="GO_EXT:cell_communication_or_signaling_or_signal_transduction" label="cell communication, signaling or signal transduction"/>
            <span end="2314" id="15061865-4528" start="2305">signaling</span>
        </annotation>
        <annotation annotator="Mike Bada, University of Colorado Anschutz Medical Campus" id="GO_BP_2016_02_16_Instance_48871" type="identity">
            <class id="GO:0065007" label="biological regulation"/>
            <span end="2379" id="15061865-4295" start="2369">regulating</span>
        </annotation>
        <annotation annotator="Mike Bada, University of Colorado Anschutz Medical Campus" id="GO_BP_2016_02_16_Instance_48873" type="identity">
            <class id="GO:0008306" label="associative learning"/>
            <span end="2391" id="15061865-4297" start="2380">associative</span>
            <span end="2413" id="15061865-4298" start="2405">learning</span>
        </annotation>
        <annotation annotator="Mike Bada, University of Colorado Anschutz Medical Campus" id="GO_BP_2016_02_16_Instance_48875" type="identity">
            <class id="GO:0008306" label="associative learning"/>
            <span end="2544" id="15061865-4300" start="2524">associative learning</span>
        </annotation>
        <annotation annotator="Mike Bada, University of Colorado Anschutz Medical Campus" id="GO_BP_2016_02_16_Instance_80089" type="identity">
            <class id="GO:0007612" label="learning"/>
            <span end="2775" id="15061865-4498" start="2768">learned</span>
        </annotation>
        <annotation annotator="Mike Bada, University of Colorado Anschutz Medical Campus" id="GO_BP_2016_02_16_Instance_80091" type="identity">
            <class id="GO:0007612" label="learning"/>
            <span end="2864" id="15061865-4500" start="2857">learned</span>
        </annotation>
        <annotation annotator="Mike Bada, University of Colorado Anschutz Medical Campus" id="GO_BP_2016_02_16_with_nested_annotations_Instance_23895" type="identity">
            <class id="GO_PATO_EXT:physiological_process_or_quality" label="physiological process or quality"/>
            <span end="2885" id="15061865-4600" start="2872">physiological</span>
        </annotation>
        <annotation annotator="Mike Bada, University of Colorado Anschutz Medical Campus" id="GO_BP_2016_02_16_with_nested_annotations_Instance_160048" type="identity">
            <class id="GO_EXT:reaction_or_response" label="reaction/response"/>
            <span end="2894" id="15061865-4518" start="2886">response</span>
        </annotation>
        <annotation annotator="Mike Bada, University of Colorado Anschutz Medical Campus" id="GO_BP_2016_02_16_with_nested_annotations_Instance_24097" type="identity">
            <class id="GO_EXT:biological_routing_or_transport" label="biological routing/transport"/>
            <span end="3067" id="15061865-4604" start="3059">delivery</span>
        </annotation>
        <annotation annotator="Mike Bada, University of Colorado Anschutz Medical Campus" id="GO_BP_2016_02_16_with_nested_annotations_Instance_241664" type="identity">
            <class id="GO_PATO_EXT:biological_behavior" label="biological behavior"/>
            <span end="3145" id="15061865-4612" start="3137">behavior</span>
        </annotation>
        <annotation annotator="Mike Bada, University of Colorado Anschutz Medical Campus" id="GO_BP_2016_02_16_Instance_48881" type="identity">
            <class id="GO:0008306" label="associative learning"/>
            <span end="3315" id="15061865-4302" start="3295">associative learning</span>
        </annotation>
        <annotation annotator="Mike Bada, University of Colorado Anschutz Medical Campus" id="GO_BP_2016_02_16_Instance_48883" type="identity">
            <class id="GO:0008306" label="associative learning"/>
            <span end="3602" id="15061865-4304" start="3582">associative learning</span>
        </annotation>
        <annotation annotator="Mike Bada, University of Colorado Anschutz Medical Campus" id="GO_BP_2016_02_16_Instance_25759" type="identity">
            <class id="GO:0007612" label="learning"/>
            <span end="3649" id="15061865-4276" start="3642">learned</span>
        </annotation>
        <annotation annotator="Mike Bada, University of Colorado Anschutz Medical Campus" id="GO_BP_2016_02_16_Instance_80095" type="identity">
            <class id="GO_EXT:behavioral_conditioning" label="behavioral conditioning"/>
            <span end="3688" id="15061865-4502" start="3677">conditioned</span>
        </annotation>
        <annotation annotator="Mike Bada, University of Colorado Anschutz Medical Campus" id="GO_BP_2016_02_16_Instance_24303" type="identity">
            <class id="GO:0007212" label="dopamine receptor signaling pathway"/>
            <span end="3797" id="15061865-4268" start="3779">dopamine signaling</span>
        </annotation>
        <annotation annotator="Mike Bada, University of Colorado Anschutz Medical Campus" id="GO_BP_2016_02_16_Instance_24305" type="identity">
            <class id="GO:0007212" label="dopamine receptor signaling pathway"/>
            <span end="4109" id="15061865-4270" start="4091">Dopamine signaling</span>
        </annotation>
        <annotation annotator="Mike Bada, University of Colorado Anschutz Medical Campus" id="GO_BP_2016_02_16_Instance_48887" type="identity">
            <class id="GO:0008306" label="associative learning"/>
            <span end="4595" id="15061865-4306" start="4575">associative learning</span>
        </annotation>
        <annotation annotator="Mike Bada, University of Colorado Anschutz Medical Campus" id="GO_BP_2016_02_16_Instance_80097" type="identity">
            <class id="GO_EXT:behavioral_conditioning" label="behavioral conditioning"/>
            <span end="4718" id="15061865-4504" start="4707">conditioned</span>
        </annotation>
        <annotation annotator="Mike Bada, University of Colorado Anschutz Medical Campus" id="GO_BP_2016_02_16_with_nested_annotations_Instance_23959" type="identity">
            <class id="GO_PATO_EXT:biological_behavior" label="biological behavior"/>
            <span end="4728" id="15061865-4602" start="4719">behaviors</span>
        </annotation>
        <annotation annotator="Mike Bada, University of Colorado Anschutz Medical Campus" id="GO_BP_2016_02_16_with_nested_annotations_Instance_910" type="identity">
            <class id="GO_EXT:reaction_or_response" label="reaction/response"/>
            <span end="4790" id="15061865-4672" start="4780">responding</span>
        </annotation>
        <annotation annotator="Mike Bada, University of Colorado Anschutz Medical Campus" id="GO_BP_2016_02_16_Instance_80101" type="identity">
            <class id="GO_EXT:behavioral_conditioning" label="behavioral conditioning"/>
            <span end="4806" id="15061865-4506" start="4795">conditioned</span>
        </annotation>
        <annotation annotator="Mike Bada, University of Colorado Anschutz Medical Campus" id="GO_BP_2016_02_16_with_nested_annotations_Instance_24099" type="identity">
            <class id="GO_EXT:biological_routing_or_transport" label="biological routing/transport"/>
            <span end="4842" id="15061865-4606" start="4834">delivery</span>
        </annotation>
        <annotation annotator="Mike Bada, University of Colorado Anschutz Medical Campus" id="GO_BP_2016_02_16_with_nested_annotations_Instance_21368" type="identity">
            <class id="GO_EXT:cell_communication_or_signaling_or_signal_transduction" label="cell communication, signaling or signal transduction"/>
            <span end="4911" id="15061865-4530" start="4902">signaling</span>
        </annotation>
        <annotation annotator="Mike Bada, University of Colorado Anschutz Medical Campus" id="GO_BP_2016_02_16_Instance_48893" type="identity">
            <class id="GO:0065007" label="biological regulation"/>
            <span end="4926" id="15061865-4308" start="4918">modulate</span>
        </annotation>
        <annotation annotator="Mike Bada, University of Colorado Anschutz Medical Campus" id="GO_BP_2016_02_16_with_nested_annotations_Instance_912" type="identity">
            <class id="GO_EXT:reaction_or_response" label="reaction/response"/>
            <span end="4963" id="15061865-4674" start="4955">response</span>
        </annotation>
        <annotation annotator="Mike Bada, University of Colorado Anschutz Medical Campus" id="GO_BP_2016_02_16_Instance_48897" type="identity">
            <class id="GO:0008306" label="associative learning"/>
            <span end="5047" id="15061865-4310" start="5027">associative learning</span>
        </annotation>
        <annotation annotator="Mike Bada, University of Colorado Anschutz Medical Campus" id="GO_BP_2016_02_16_with_nested_annotations_Instance_21370" type="identity">
            <class id="GO_EXT:cell_communication_or_signaling_or_signal_transduction" label="cell communication, signaling or signal transduction"/>
            <span end="5103" id="15061865-4532" start="5094">signaling</span>
        </annotation>
        <annotation annotator="Mike Bada, University of Colorado Anschutz Medical Campus" id="GO_BP_2016_02_16_Instance_48899" type="identity">
            <class id="GO:0008306" label="associative learning"/>
            <span end="5146" id="15061865-4312" start="5126">associative learning</span>
        </annotation>
        <annotation annotator="Mike Bada, University of Colorado Anschutz Medical Campus" id="GO_BP_2016_02_16_with_nested_annotations_Instance_21372" type="identity">
            <class id="GO_EXT:cell_communication_or_signaling_or_signal_transduction" label="cell communication, signaling or signal transduction"/>
            <span end="5226" id="15061865-4534" start="5217">signaling</span>
        </annotation>
        <annotation annotator="Mike Bada, University of Colorado Anschutz Medical Campus" id="GO_BP_2016_02_16_Instance_48903" type="identity">
            <class id="GO:0008306" label="associative learning"/>
            <span end="5281" id="15061865-4314" start="5261">associative learning</span>
        </annotation>
        <annotation annotator="Mike Bada, University of Colorado Anschutz Medical Campus" id="GO_BP_2016_02_16_Instance_48905" type="identity">
            <class id="GO:0008306" label="associative learning"/>
            <span end="5391" id="15061865-4316" start="5371">associative learning</span>
        </annotation>
        <annotation annotator="Mike Bada, University of Colorado Anschutz Medical Campus" id="GO_BP_2016_02_16_Instance_241346" type="identity">
            <class id="GO_EXT:biological_movement_or_translocation_process" label="biological movement/translocation process"/>
            <span end="5460" id="15061865-4252" start="5455">motor</span>
        </annotation>
        <annotation annotator="Mike Bada, University of Colorado Anschutz Medical Campus" id="GO_BP_2016_02_16_Instance_48907" type="identity">
            <class id="GO:0008306" label="associative learning"/>
            <span end="5594" id="15061865-4318" start="5583">associative</span>
            <span end="5616" id="15061865-4319" start="5608">learning</span>
        </annotation>
        <annotation annotator="Mike Bada, University of Colorado Anschutz Medical Campus" id="GO_BP_2016_02_16_with_nested_annotations_Instance_241666" type="identity">
            <class id="GO_PATO_EXT:biological_behavior" label="biological behavior"/>
            <span end="5654" id="15061865-4614" start="5646">behavior</span>
        </annotation>
        <annotation annotator="Mike Bada, University of Colorado Anschutz Medical Campus" id="GO_BP_2016_02_16_Instance_48911" type="identity">
            <class id="GO:0008306" label="associative learning"/>
            <span end="5757" id="15061865-4321" start="5737">associative learning</span>
        </annotation>
        <annotation annotator="Mike Bada, University of Colorado Anschutz Medical Campus" id="GO_BP_2016_02_16_Instance_48913" type="identity">
            <class id="GO:0040011" label="locomotion"/>
            <span end="5905" id="15061865-4323" start="5896">locomotor</span>
        </annotation>
        <annotation annotator="Mike Bada, University of Colorado Anschutz Medical Campus" id="GO_BP_2016_02_16_Instance_48915" type="identity">
            <class id="GO:0007612" label="learning"/>
            <span end="5972" id="15061865-4325" start="5964">learning</span>
        </annotation>
        <annotation annotator="Mike Bada, University of Colorado Anschutz Medical Campus" id="GO_BP_2016_02_16_with_nested_annotations_Instance_21374" type="identity">
            <class id="GO_EXT:cell_communication_or_signaling_or_signal_transduction" label="cell communication, signaling or signal transduction"/>
            <span end="6152" id="15061865-4536" start="6143">signaling</span>
        </annotation>
        <annotation annotator="Mike Bada, University of Colorado Anschutz Medical Campus" id="GO_BP_2016_02_16_Instance_48919" type="identity">
            <class id="GO:0007612" label="learning"/>
            <span end="6242" id="15061865-4327" start="6234">learning</span>
        </annotation>
        <annotation annotator="Mike Bada, University of Colorado Anschutz Medical Campus" id="GO_BP_2016_02_16_with_nested_annotations_Instance_21376" type="identity">
            <class id="GO_EXT:cell_communication_or_signaling_or_signal_transduction" label="cell communication, signaling or signal transduction"/>
            <span end="6384" id="15061865-4538" start="6375">signaling</span>
        </annotation>
        <annotation annotator="Mike Bada, University of Colorado Anschutz Medical Campus" id="GO_BP_2016_02_16_Instance_48923" type="identity">
            <class id="GO:0007612" label="learning"/>
            <span end="6405" id="15061865-4329" start="6397">learning</span>
        </annotation>
        <annotation annotator="Mike Bada, University of Colorado Anschutz Medical Campus" id="GO_BP_2016_02_16_Instance_48925" type="identity">
            <class id="GO:0007612" label="learning"/>
            <span end="6450" id="15061865-4331" start="6442">learning</span>
        </annotation>
        <annotation annotator="Mike Bada, University of Colorado Anschutz Medical Campus" id="GO_BP_2016_02_16_Instance_48927" type="identity">
            <class id="GO:0008306" label="associative learning"/>
            <span end="6575" id="15061865-4333" start="6555">associative learning</span>
        </annotation>
        <annotation annotator="Mike Bada, University of Colorado Anschutz Medical Campus" id="GO_BP_2016_02_16_with_nested_annotations_Instance_914" type="identity">
            <class id="GO_EXT:reaction_or_response" label="reaction/response"/>
            <span end="6604" id="15061865-4676" start="6596">response</span>
        </annotation>
        <annotation annotator="Mike Bada, University of Colorado Anschutz Medical Campus" id="GO_BP_2016_02_16_Instance_48931" type="identity">
            <class id="GO:0007612" label="learning"/>
            <span end="6654" id="15061865-4335" start="6646">learning</span>
        </annotation>
        <annotation annotator="Mike Bada, University of Colorado Anschutz Medical Campus" id="GO_BP_2016_02_16_Instance_48933" type="identity">
            <class id="GO:0007612" label="learning"/>
            <span end="6699" id="15061865-4337" start="6691">learning</span>
        </annotation>
        <annotation annotator="Mike Bada, University of Colorado Anschutz Medical Campus" id="GO_BP_2016_02_16_Instance_48935" type="identity">
            <class id="GO:0007612" label="learning"/>
            <span end="6956" id="15061865-4339" start="6948">learning</span>
        </annotation>
        <annotation annotator="Mike Bada, University of Colorado Anschutz Medical Campus" id="GO_BP_2016_02_16_Instance_48937" type="identity">
            <class id="GO:0007612" label="learning"/>
            <span end="7048" id="15061865-4341" start="7041">leaning</span>
        </annotation>
        <annotation annotator="Mike Bada, University of Colorado Anschutz Medical Campus" id="GO_BP_2016_02_16_Instance_43139" type="identity">
            <class id="GO:0050890" label="cognition"/>
            <span end="7123" id="15061865-4280" start="7114">cognitive</span>
        </annotation>
        <annotation annotator="Mike Bada, University of Colorado Anschutz Medical Campus" id="GO_BP_2016_02_16_with_nested_annotations_Instance_241668" type="identity">
            <class id="GO_PATO_EXT:biological_behavior" label="biological behavior"/>
            <span end="7261" id="15061865-4616" start="7253">behavior</span>
        </annotation>
        <annotation annotator="Mike Bada, University of Colorado Anschutz Medical Campus" id="GO_BP_2016_02_16_with_nested_annotations_Instance_21378" type="identity">
            <class id="GO_EXT:cell_communication_or_signaling_or_signal_transduction" label="cell communication, signaling or signal transduction"/>
            <span end="7369" id="15061865-4540" start="7360">signaling</span>
        </annotation>
        <annotation annotator="Mike Bada, University of Colorado Anschutz Medical Campus" id="GO_BP_2016_02_16_Instance_48943" type="identity">
            <class id="GO:0007612" label="learning"/>
            <span end="7417" id="15061865-4343" start="7409">learning</span>
        </annotation>
        <annotation annotator="Mike Bada, University of Colorado Anschutz Medical Campus" id="GO_BP_2016_02_16_with_nested_annotations_Instance_21386" type="identity">
            <class id="GO_EXT:cell_communication_or_signaling_or_signal_transduction" label="cell communication, signaling or signal transduction"/>
            <span end="7538" id="15061865-4548" start="7529">signaling</span>
        </annotation>
        <annotation annotator="Mike Bada, University of Colorado Anschutz Medical Campus" id="GO_BP_2016_02_16_Instance_48947" type="identity">
            <class id="GO:0008306" label="associative learning"/>
            <span end="7553" id="15061865-4345" start="7542">associative</span>
            <span end="7587" id="15061865-4346" start="7579">learning</span>
        </annotation>
        <annotation annotator="Mike Bada, University of Colorado Anschutz Medical Campus" id="GO_BP_2016_02_16_Instance_80125" type="identity">
            <class id="GO:0007612" label="learning"/>
            <span end="7781" id="15061865-4512" start="7773">learning</span>
        </annotation>
        <annotation annotator="Mike Bada, University of Colorado Anschutz Medical Campus" id="GO_BP_2016_02_16_Instance_48951" type="identity">
            <class id="GO:0050893" label="sensory processing"/>
            <span end="7847" id="15061865-4348" start="7829">sensory processing</span>
        </annotation>
        <annotation annotator="Mike Bada, University of Colorado Anschutz Medical Campus" id="GO_BP_2016_02_16_Instance_48953" type="identity">
            <class id="GO:0007612" label="learning"/>
            <span end="7870" id="15061865-4350" start="7862">learning</span>
        </annotation>
        <annotation annotator="Mike Bada, University of Colorado Anschutz Medical Campus" id="GO_BP_2016_02_16_with_nested_annotations_Instance_21380" type="identity">
            <class id="GO_EXT:cell_communication_or_signaling_or_signal_transduction" label="cell communication, signaling or signal transduction"/>
            <span end="7931" id="15061865-4542" start="7922">signaling</span>
        </annotation>
        <annotation annotator="Mike Bada, University of Colorado Anschutz Medical Campus" id="GO_BP_2016_02_16_Instance_48957" type="identity">
            <class id="GO:0007612" label="learning"/>
            <span end="7981" id="15061865-4352" start="7976">learn</span>
        </annotation>
        <annotation annotator="Mike Bada, University of Colorado Anschutz Medical Campus" id="GO_BP_2016_02_16_Instance_22325" type="identity">
            <class id="GO:0051866" label="general adaptation syndrome"/>
            <span end="8053" id="15061865-4250" start="8043">adaptively</span>
        </annotation>
        <annotation annotator="Mike Bada, University of Colorado Anschutz Medical Campus" id="GO_BP_2016_02_16_with_nested_annotations_Instance_241670" type="identity">
            <class id="GO_PATO_EXT:biological_behavior" label="biological behavior"/>
            <span end="8088" id="15061865-4618" start="8078">behavioral</span>
        </annotation>
        <annotation annotator="Mike Bada, University of Colorado Anschutz Medical Campus" id="GO_BP_2016_02_16_Instance_48961" type="identity">
            <class id="GO:0007612" label="learning"/>
            <span end="8208" id="15061865-4354" start="8203">learn</span>
        </annotation>
        <annotation annotator="Mike Bada, University of Colorado Anschutz Medical Campus" id="GO_BP_2016_02_16_with_nested_annotations_Instance_241672" type="identity">
            <class id="GO_PATO_EXT:biological_behavior" label="biological behavior"/>
            <span end="8226" id="15061865-4620" start="8217">behaviors</span>
        </annotation>
        <annotation annotator="Mike Bada, University of Colorado Anschutz Medical Campus" id="GO_BP_2016_02_16_Instance_48963" type="identity">
            <class id="GO:0007612" label="learning"/>
            <span end="8300" id="15061865-4356" start="8293">learned</span>
        </annotation>
        <annotation annotator="Mike Bada, University of Colorado Anschutz Medical Campus" id="GO_BP_2016_02_16_Instance_48965" type="identity">
            <class id="GO:0007631" label="feeding behavior"/>
            <span end="8322" id="15061865-4358" start="8315">consume</span>
        </annotation>
        <annotation annotator="Mike Bada, University of Colorado Anschutz Medical Campus" id="GO_BP_2016_02_16_Instance_48967" type="identity">
            <class id="GO:0040011" label="locomotion"/>
            <span end="8426" id="15061865-4360" start="8418">ambulate</span>
        </annotation>
        <annotation annotator="Mike Bada, University of Colorado Anschutz Medical Campus" id="GO_BP_2016_02_16_Instance_48969" type="identity">
            <class id="GO:0007612" label="learning"/>
            <span end="9271" id="15061865-4362" start="9266">learn</span>
        </annotation>
        <annotation annotator="Mike Bada, University of Colorado Anschutz Medical Campus" id="GO_BP_2016_02_16_Instance_48971" type="identity">
            <class id="GO:0007612" label="learning"/>
            <span end="9387" id="15061865-4364" start="9382">learn</span>
        </annotation>
        <annotation annotator="Mike Bada, University of Colorado Anschutz Medical Campus" id="GO_BP_2016_02_16_with_nested_annotations_Instance_916" type="identity">
            <class id="GO_EXT:reaction_or_response" label="reaction/response"/>
            <span end="9483" id="15061865-4678" start="9474">responses</span>
        </annotation>
        <annotation annotator="Mike Bada, University of Colorado Anschutz Medical Campus" id="GO_BP_2016_02_16_with_nested_annotations_Instance_241674" type="identity">
            <class id="GO_PATO_EXT:biological_behavior" label="biological behavior"/>
            <span end="9569" id="15061865-4622" start="9561">behavior</span>
        </annotation>
        <annotation annotator="Mike Bada, University of Colorado Anschutz Medical Campus" id="GO_BP_2016_02_16_Instance_48977" type="identity">
            <class id="GO:0007612" label="learning"/>
            <span end="9719" id="15061865-4366" start="9711">learning</span>
        </annotation>
        <annotation annotator="Mike Bada, University of Colorado Anschutz Medical Campus" id="GO_BP_2016_02_16_with_nested_annotations_Instance_918" type="identity">
            <class id="GO_EXT:reaction_or_response" label="reaction/response"/>
            <span end="10072" id="15061865-4680" start="10065">respond</span>
        </annotation>
        <annotation annotator="Mike Bada, University of Colorado Anschutz Medical Campus" id="GO_BP_2016_02_16_with_nested_annotations_Instance_920" type="identity">
            <class id="GO_EXT:reaction_or_response" label="reaction/response"/>
            <span end="10639" id="15061865-4682" start="10629">responding</span>
        </annotation>
        <annotation annotator="Mike Bada, University of Colorado Anschutz Medical Campus" id="GO_BP_2016_02_16_Instance_80117" type="identity">
            <class id="GO:0007612" label="learning"/>
            <span end="10963" id="15061865-4508" start="10955">learning</span>
        </annotation>
        <annotation annotator="Mike Bada, University of Colorado Anschutz Medical Campus" id="GO_BP_2016_02_16_with_nested_annotations_Instance_21388" type="identity">
            <class id="GO_EXT:cell_communication_or_signaling_or_signal_transduction" label="cell communication, signaling or signal transduction"/>
            <span end="11780" id="15061865-4550" start="11771">signaling</span>
        </annotation>
        <annotation annotator="Mike Bada, University of Colorado Anschutz Medical Campus" id="GO_BP_2016_02_16_Instance_48985" type="identity">
            <class id="GO:0008306" label="associative learning"/>
            <span end="11817" id="15061865-4368" start="11806">associative</span>
            <span end="11839" id="15061865-4369" start="11831">learning</span>
        </annotation>
        <annotation annotator="Mike Bada, University of Colorado Anschutz Medical Campus" id="GO_BP_2016_02_16_Instance_48987" type="identity">
            <class id="GO:0007612" label="learning"/>
            <span end="11900" id="15061865-4371" start="11892">learning</span>
        </annotation>
        <annotation annotator="Mike Bada, University of Colorado Anschutz Medical Campus" id="GO_BP_2016_02_16_Instance_48989" type="identity">
            <class id="GO:0007631" label="feeding behavior"/>
            <span end="11922" id="15061865-4373" start="11915">consume</span>
        </annotation>
        <annotation annotator="Mike Bada, University of Colorado Anschutz Medical Campus" id="GO_BP_2016_02_16_Instance_48991" type="identity">
            <class id="GO:0007626" label="locomotory behavior"/>
            <span end="11977" id="15061865-4375" start="11959">locomotor behavior</span>
        </annotation>
        <annotation annotator="Mike Bada, University of Colorado Anschutz Medical Campus" id="GO_BP_2016_02_16_with_nested_annotations_Instance_21382" type="identity">
            <class id="GO_EXT:cell_communication_or_signaling_or_signal_transduction" label="cell communication, signaling or signal transduction"/>
            <span end="12270" id="15061865-4544" start="12261">signaling</span>
        </annotation>
        <annotation annotator="Mike Bada, University of Colorado Anschutz Medical Campus" id="GO_BP_2016_02_16_Instance_24309" type="identity">
            <class id="GO:0007212" label="dopamine receptor signaling pathway"/>
            <span end="12501" id="15061865-4272" start="12483">dopamine signaling</span>
        </annotation>
        <annotation annotator="Mike Bada, University of Colorado Anschutz Medical Campus" id="GO_BP_2016_02_16_Instance_48995" type="identity">
            <class id="GO:0007612" label="learning"/>
            <span end="12573" id="15061865-4377" start="12565">learning</span>
        </annotation>
        <annotation annotator="Mike Bada, University of Colorado Anschutz Medical Campus" id="GO_BP_2016_02_16_with_nested_annotations_Instance_21390" type="identity">
            <class id="GO_EXT:cell_communication_or_signaling_or_signal_transduction" label="cell communication, signaling or signal transduction"/>
            <span end="12644" id="15061865-4552" start="12635">signaling</span>
        </annotation>
        <annotation annotator="Mike Bada, University of Colorado Anschutz Medical Campus" id="GO_BP_2016_02_16_Instance_48999" type="identity">
            <class id="GO:0007612" label="learning"/>
            <span end="12740" id="15061865-4379" start="12733">learned</span>
        </annotation>
        <annotation annotator="Mike Bada, University of Colorado Anschutz Medical Campus" id="GO_BP_2016_02_16_Instance_49001" type="identity">
            <class id="GO:0008306" label="associative learning"/>
            <span end="12987" id="15061865-4381" start="12976">associative</span>
            <span end="13008" id="15061865-4382" start="13000">learning</span>
        </annotation>
        <annotation annotator="Mike Bada, University of Colorado Anschutz Medical Campus" id="GO_BP_2016_02_16_Instance_80123" type="identity">
            <class id="GO_EXT:behavioral_conditioning" label="behavioral conditioning"/>
            <span end="13153" id="15061865-4510" start="13142">conditioned</span>
        </annotation>
        <annotation annotator="Mike Bada, University of Colorado Anschutz Medical Campus" id="GO_BP_2016_02_16_Instance_49003" type="identity">
            <class id="GO:0008306" label="associative learning"/>
            <span end="13388" id="15061865-4384" start="13368">associative learning</span>
        </annotation>
        <annotation annotator="Mike Bada, University of Colorado Anschutz Medical Campus" id="GO_BP_2016_02_16_Instance_49005" type="identity">
            <class id="GO:0008306" label="associative learning"/>
            <span end="13498" id="15061865-4386" start="13478">associative learning</span>
        </annotation>
        <annotation annotator="Mike Bada, University of Colorado Anschutz Medical Campus" id="GO_BP_2016_02_16_Instance_49007" type="identity">
            <class id="GO:0007612" label="learning"/>
            <span end="13608" id="15061865-4388" start="13600">learning</span>
        </annotation>
        <annotation annotator="Mike Bada, University of Colorado Anschutz Medical Campus" id="GO_BP_2016_02_16_Instance_241350" type="identity">
            <class id="GO_EXT:biological_movement_or_translocation_process" label="biological movement/translocation process"/>
            <span end="13628" id="15061865-4254" start="13623">motor</span>
        </annotation>
        <annotation annotator="Mike Bada, University of Colorado Anschutz Medical Campus" id="GO_BP_2016_02_16_with_nested_annotations_Instance_241676" type="identity">
            <class id="GO_PATO_EXT:biological_behavior" label="biological behavior"/>
            <span end="13646" id="15061865-4624" start="13637">behaviors</span>
        </annotation>
        <annotation annotator="Mike Bada, University of Colorado Anschutz Medical Campus" id="GO_BP_2016_02_16_Instance_49011" type="identity">
            <class id="GO:0008306" label="associative learning"/>
            <span end="13830" id="15061865-4390" start="13810">associative learning</span>
        </annotation>
        <annotation annotator="Mike Bada, University of Colorado Anschutz Medical Campus" id="GO_BP_2016_02_16_Instance_49013" type="identity">
            <class id="GO:0007612" label="learning"/>
            <span end="13911" id="15061865-4392" start="13903">learning</span>
        </annotation>
        <annotation annotator="Mike Bada, University of Colorado Anschutz Medical Campus" id="GO_BP_2016_02_16_with_nested_annotations_Instance_21392" type="identity">
            <class id="GO_EXT:cell_communication_or_signaling_or_signal_transduction" label="cell communication, signaling or signal transduction"/>
            <span end="14184" id="15061865-4554" start="14175">signaling</span>
        </annotation>
        <annotation annotator="Mike Bada, University of Colorado Anschutz Medical Campus" id="GO_BP_2016_02_16_with_nested_annotations_Instance_21394" type="identity">
            <class id="GO_EXT:cell_communication_or_signaling_or_signal_transduction" label="cell communication, signaling or signal transduction"/>
            <span end="14266" id="15061865-4556" start="14257">signaling</span>
        </annotation>
        <annotation annotator="Mike Bada, University of Colorado Anschutz Medical Campus" id="GO_BP_2016_02_16_Instance_49019" type="identity">
            <class id="GO:0008306" label="associative learning"/>
            <span end="14281" id="15061865-4394" start="14270">associative</span>
            <span end="14303" id="15061865-4395" start="14295">learning</span>
        </annotation>
        <annotation annotator="Mike Bada, University of Colorado Anschutz Medical Campus" id="GO_BP_2016_02_16_Instance_49021" type="identity">
            <class id="GO:0040011" label="locomotion"/>
            <span end="14416" id="15061865-4397" start="14406">locomotion</span>
        </annotation>
        <annotation annotator="Mike Bada, University of Colorado Anschutz Medical Campus" id="GO_BP_2016_02_16_Instance_49023" type="identity">
            <class id="GO:0007612" label="learning"/>
            <span end="14429" id="15061865-4399" start="14421">learning</span>
        </annotation>
        <annotation annotator="Mike Bada, University of Colorado Anschutz Medical Campus" id="GO_BP_2016_02_16_with_nested_annotations_Instance_21396" type="identity">
            <class id="GO_EXT:cell_communication_or_signaling_or_signal_transduction" label="cell communication, signaling or signal transduction"/>
            <span end="14521" id="15061865-4558" start="14512">signaling</span>
        </annotation>
        <annotation annotator="Mike Bada, University of Colorado Anschutz Medical Campus" id="GO_BP_2016_02_16_Instance_241352" type="identity">
            <class id="GO_EXT:biological_movement_or_translocation_process" label="biological movement/translocation process"/>
            <span end="14545" id="15061865-4256" start="14540">motor</span>
        </annotation>
        <annotation annotator="Mike Bada, University of Colorado Anschutz Medical Campus" id="GO_BP_2016_02_16_Instance_49027" type="identity">
            <class id="GO:0007612" label="learning"/>
            <span end="14568" id="15061865-4401" start="14560">learning</span>
        </annotation>
        <annotation annotator="Mike Bada, University of Colorado Anschutz Medical Campus" id="GO_BP_2016_02_16_Instance_49029" type="identity">
            <class id="GO:0008306" label="associative learning"/>
            <span end="14852" id="15061865-4403" start="14832">associative learning</span>
        </annotation>
        <annotation annotator="Mike Bada, University of Colorado Anschutz Medical Campus" id="GO_BP_2016_02_16_Instance_49031" type="identity">
            <class id="GO:0040011" label="locomotion"/>
            <span end="14908" id="15061865-4405" start="14899">locomotor</span>
        </annotation>
        <annotation annotator="Mike Bada, University of Colorado Anschutz Medical Campus" id="GO_BP_2016_02_16_Instance_241362" type="identity">
            <class id="GO_EXT:biological_movement_or_translocation_process" label="biological movement/translocation process"/>
            <span end="14996" id="15061865-4260" start="14991">motor</span>
        </annotation>
        <annotation annotator="Mike Bada, University of Colorado Anschutz Medical Campus" id="GO_BP_2016_02_16_with_nested_annotations_Instance_241678" type="identity">
            <class id="GO_PATO_EXT:biological_behavior" label="biological behavior"/>
            <span end="15005" id="15061865-4626" start="14997">behavior</span>
        </annotation>
        <annotation annotator="Mike Bada, University of Colorado Anschutz Medical Campus" id="GO_BP_2016_02_16_Instance_49035" type="identity">
            <class id="GO:0007612" label="learning"/>
            <span end="15074" id="15061865-4407" start="15066">learning</span>
        </annotation>
        <annotation annotator="Mike Bada, University of Colorado Anschutz Medical Campus" id="GO_BP_2016_02_16_Instance_49037" type="identity">
            <class id="GO:0008306" label="associative learning"/>
            <span end="15173" id="15061865-4409" start="15153">associative learning</span>
        </annotation>
        <annotation annotator="Mike Bada, University of Colorado Anschutz Medical Campus" id="GO_BP_2016_02_16_Instance_241364" type="identity">
            <class id="GO_EXT:biological_movement_or_translocation_process" label="biological movement/translocation process"/>
            <span end="15199" id="15061865-4262" start="15194">motor</span>
        </annotation>
        <annotation annotator="Mike Bada, University of Colorado Anschutz Medical Campus" id="GO_BP_2016_02_16_with_nested_annotations_Instance_241680" type="identity">
            <class id="GO_PATO_EXT:biological_behavior" label="biological behavior"/>
            <span end="15208" id="15061865-4628" start="15200">behavior</span>
        </annotation>
        <annotation annotator="Mike Bada, University of Colorado Anschutz Medical Campus" id="GO_BP_2016_02_16_with_nested_annotations_Instance_241682" type="identity">
            <class id="GO_PATO_EXT:biological_behavior" label="biological behavior"/>
            <span end="15391" id="15061865-4630" start="15381">behavioral</span>
        </annotation>
        <annotation annotator="Mike Bada, University of Colorado Anschutz Medical Campus" id="GO_BP_2016_02_16_Instance_49043" type="identity">
            <class id="GO:0008306" label="associative learning"/>
            <span end="15556" id="15061865-4411" start="15536">associative learning</span>
        </annotation>
        <annotation annotator="Mike Bada, University of Colorado Anschutz Medical Campus" id="GO_BP_2016_02_16_with_nested_annotations_Instance_241684" type="identity">
            <class id="GO_PATO_EXT:biological_behavior" label="biological behavior"/>
            <span end="15651" id="15061865-4632" start="15641">behavioral</span>
        </annotation>
        <annotation annotator="Mike Bada, University of Colorado Anschutz Medical Campus" id="GO_BP_2016_02_16_Instance_241360" type="identity">
            <class id="GO_EXT:biological_movement_or_translocation_process" label="biological movement/translocation process"/>
            <span end="15676" id="15061865-4258" start="15671">motor</span>
        </annotation>
        <annotation annotator="Mike Bada, University of Colorado Anschutz Medical Campus" id="GO_BP_2016_02_16_Instance_49049" type="identity">
            <class id="GO:0007626" label="locomotory behavior"/>
            <span end="16456" id="15061865-4413" start="16438">locomotor behavior</span>
        </annotation>
        <annotation annotator="Mike Bada, University of Colorado Anschutz Medical Campus" id="GO_BP_2016_02_16_with_nested_annotations_Instance_21398" type="identity">
            <class id="GO_EXT:cell_communication_or_signaling_or_signal_transduction" label="cell communication, signaling or signal transduction"/>
            <span end="16581" id="15061865-4560" start="16572">signaling</span>
        </annotation>
        <annotation annotator="Mike Bada, University of Colorado Anschutz Medical Campus" id="GO_BP_2016_02_16_Instance_49053" type="identity">
            <class id="GO:0008306" label="associative learning"/>
            <span end="16605" id="15061865-4415" start="16585">associative learning</span>
        </annotation>
        <annotation annotator="Mike Bada, University of Colorado Anschutz Medical Campus" id="GO_BP_2016_02_16_Instance_49055" type="identity">
            <class id="GO:0007608" label="sensory perception of smell"/>
            <span end="16844" id="15061865-4417" start="16835">olfactory</span>
        </annotation>
        <annotation annotator="Mike Bada, University of Colorado Anschutz Medical Campus" id="GO_BP_2016_02_16_Instance_49057" type="identity">
            <class id="GO:0007612" label="learning"/>
            <span end="16950" id="15061865-4419" start="16945">learn</span>
        </annotation>
        <annotation annotator="Mike Bada, University of Colorado Anschutz Medical Campus" id="GO_BP_2016_02_16_Instance_49059" type="identity">
            <class id="GO:0007612" label="learning"/>
            <span end="17018" id="15061865-4421" start="17011">learned</span>
        </annotation>
        <annotation annotator="Mike Bada, University of Colorado Anschutz Medical Campus" id="GO_BP_2016_02_16_Instance_49061" type="identity">
            <class id="GO:0007608" label="sensory perception of smell"/>
            <span end="17174" id="15061865-4423" start="17165">olfactory</span>
        </annotation>
        <annotation annotator="Mike Bada, University of Colorado Anschutz Medical Campus" id="GO_BP_2016_02_16_Instance_49063" type="identity">
            <class id="GO:0007608" label="sensory perception of smell"/>
            <span end="17227" id="15061865-4425" start="17218">olfactory</span>
        </annotation>
        <annotation annotator="Mike Bada, University of Colorado Anschutz Medical Campus" id="GO_BP_2016_02_16_Instance_49065" type="identity">
            <class id="GO:0007608" label="sensory perception of smell"/>
            <span end="17270" id="15061865-4427" start="17261">olfactory</span>
        </annotation>
        <annotation annotator="Mike Bada, University of Colorado Anschutz Medical Campus" id="GO_BP_2016_02_16_Instance_49067" type="identity">
            <class id="GO:0007608" label="sensory perception of smell"/>
            <span end="17393" id="15061865-4429" start="17384">olfactory</span>
        </annotation>
        <annotation annotator="Mike Bada, University of Colorado Anschutz Medical Campus" id="GO_BP_2016_02_16_Instance_49071" type="identity">
            <class id="GO:0007608" label="sensory perception of smell"/>
            <span end="17441" id="15061865-4431" start="17432">olfactory</span>
        </annotation>
        <annotation annotator="Mike Bada, University of Colorado Anschutz Medical Campus" id="GO_BP_2016_02_16_Instance_30677" type="identity">
            <class id="GO:0046959" label="habituation"/>
            <span end="17493" id="15061865-4278" start="17484">habituate</span>
        </annotation>
        <annotation annotator="Mike Bada, University of Colorado Anschutz Medical Campus" id="GO_BP_2016_02_16_Instance_49073" type="identity">
            <class id="GO:0007608" label="sensory perception of smell"/>
            <span end="17513" id="15061865-4433" start="17504">olfactory</span>
        </annotation>
        <annotation annotator="Mike Bada, University of Colorado Anschutz Medical Campus" id="GO_BP_2016_02_16_Instance_49075" type="identity">
            <class id="GO:0007612" label="learning"/>
            <span end="17665" id="15061865-4435" start="17657">learning</span>
        </annotation>
        <annotation annotator="Mike Bada, University of Colorado Anschutz Medical Campus" id="GO_BP_2016_02_16_with_nested_annotations_Instance_21400" type="identity">
            <class id="GO_EXT:cell_communication_or_signaling_or_signal_transduction" label="cell communication, signaling or signal transduction"/>
            <span end="17731" id="15061865-4562" start="17722">signaling</span>
        </annotation>
        <annotation annotator="Mike Bada, University of Colorado Anschutz Medical Campus" id="GO_BP_2016_02_16_with_nested_annotations_Instance_241686" type="identity">
            <class id="GO_PATO_EXT:biological_behavior" label="biological behavior"/>
            <span end="17761" id="15061865-4634" start="17751">behavioral</span>
        </annotation>
        <annotation annotator="Mike Bada, University of Colorado Anschutz Medical Campus" id="GO_BP_2016_02_16_with_nested_annotations_Instance_241688" type="identity">
            <class id="GO_PATO_EXT:biological_behavior" label="biological behavior"/>
            <span end="17799" id="15061865-4636" start="17789">behavioral</span>
        </annotation>
        <annotation annotator="Mike Bada, University of Colorado Anschutz Medical Campus" id="GO_BP_2016_02_16_Instance_49083" type="identity">
            <class id="GO:0007612" label="learning"/>
            <span end="17887" id="15061865-4437" start="17879">learning</span>
        </annotation>
        <annotation annotator="Mike Bada, University of Colorado Anschutz Medical Campus" id="GO_BP_2016_02_16_with_nested_annotations_Instance_922" type="identity">
            <class id="GO_EXT:reaction_or_response" label="reaction/response"/>
            <span end="18068" id="15061865-4684" start="18061">respond</span>
        </annotation>
        <annotation annotator="Mike Bada, University of Colorado Anschutz Medical Campus" id="GO_BP_2016_02_16_with_nested_annotations_Instance_241690" type="identity">
            <class id="GO_PATO_EXT:biological_behavior" label="biological behavior"/>
            <span end="18187" id="15061865-4638" start="18179">behavior</span>
        </annotation>
        <annotation annotator="Mike Bada, University of Colorado Anschutz Medical Campus" id="GO_BP_2016_02_16_Instance_49089" type="identity">
            <class id="GO:0007612" label="learning"/>
            <span end="18508" id="15061865-4439" start="18500">learning</span>
        </annotation>
        <annotation annotator="Mike Bada, University of Colorado Anschutz Medical Campus" id="GO_BP_2016_02_16_with_nested_annotations_Instance_924" type="identity">
            <class id="GO_EXT:reaction_or_response" label="reaction/response"/>
            <span end="18885" id="15061865-4686" start="18875">responding</span>
        </annotation>
        <annotation annotator="Mike Bada, University of Colorado Anschutz Medical Campus" id="GO_BP_2016_02_16_with_nested_annotations_Instance_21402" type="identity">
            <class id="GO_EXT:cell_communication_or_signaling_or_signal_transduction" label="cell communication, signaling or signal transduction"/>
            <span end="19015" id="15061865-4564" start="19006">signaling</span>
        </annotation>
        <annotation annotator="Mike Bada, University of Colorado Anschutz Medical Campus" id="GO_BP_2016_02_16_Instance_49095" type="identity">
            <class id="GO:0065007" label="biological regulation"/>
            <span end="19026" id="15061865-4441" start="19017">modulates</span>
        </annotation>
        <annotation annotator="Mike Bada, University of Colorado Anschutz Medical Campus" id="GO_BP_2016_02_16_Instance_49097" type="identity">
            <class id="GO:0008306" label="associative learning"/>
            <span end="19280" id="15061865-4443" start="19260">associative learning</span>
        </annotation>
        <annotation annotator="Mike Bada, University of Colorado Anschutz Medical Campus" id="GO_BP_2016_02_16_Instance_49099" type="identity">
            <class id="GO:0001775" label="cell activation"/>
            <span end="19497" id="15061865-4445" start="19482">cell activation</span>
        </annotation>
        <annotation annotator="Mike Bada, University of Colorado Anschutz Medical Campus" id="GO_BP_2016_02_16_with_nested_annotations_Instance_926" type="identity">
            <class id="GO_EXT:reaction_or_response" label="reaction/response"/>
            <span end="19509" id="15061865-4688" start="19501">response</span>
        </annotation>
        <annotation annotator="Mike Bada, University of Colorado Anschutz Medical Campus" id="GO_BP_2016_02_16_with_nested_annotations_Instance_928" type="identity">
            <class id="GO_EXT:reaction_or_response" label="reaction/response"/>
            <span end="19710" id="15061865-4690" start="19700">responding</span>
        </annotation>
        <annotation annotator="Mike Bada, University of Colorado Anschutz Medical Campus" id="GO_BP_2016_02_16_with_nested_annotations_Instance_22827" type="identity">
            <class id="GO_EXT:cell_communication_or_signaling_or_signal_transduction" label="cell communication, signaling or signal transduction"/>
            <span end="19842" id="15061865-4596" start="19825">signaling cascade</span>
        </annotation>
        <annotation annotator="Mike Bada, University of Colorado Anschutz Medical Campus" id="GO_BP_2016_02_16_with_nested_annotations_Instance_21404" type="identity">
            <class id="GO_EXT:cell_communication_or_signaling_or_signal_transduction" label="cell communication, signaling or signal transduction"/>
            <span end="19916" id="15061865-4566" start="19907">signaling</span>
        </annotation>
        <annotation annotator="Mike Bada, University of Colorado Anschutz Medical Campus" id="GO_BP_2016_02_16_with_nested_annotations_Instance_21406" type="identity">
            <class id="GO_EXT:cell_communication_or_signaling_or_signal_transduction" label="cell communication, signaling or signal transduction"/>
            <span end="20524" id="15061865-4568" start="20515">signaling</span>
        </annotation>
        <annotation annotator="Mike Bada, University of Colorado Anschutz Medical Campus" id="GO_BP_2016_02_16_with_nested_annotations_Instance_241692" type="identity">
            <class id="GO_PATO_EXT:biological_behavior" label="biological behavior"/>
            <span end="20571" id="15061865-4640" start="20563">behavior</span>
        </annotation>
        <annotation annotator="Mike Bada, University of Colorado Anschutz Medical Campus" id="GO_BP_2016_02_16_with_nested_annotations_Instance_241694" type="identity">
            <class id="GO_PATO_EXT:biological_behavior" label="biological behavior"/>
            <span end="20776" id="15061865-4642" start="20768">behavior</span>
        </annotation>
        <annotation annotator="Mike Bada, University of Colorado Anschutz Medical Campus" id="GO_BP_2016_02_16_Instance_49111" type="identity">
            <class id="GO:0007612" label="learning"/>
            <span end="20927" id="15061865-4447" start="20919">learning</span>
        </annotation>
        <annotation annotator="Mike Bada, University of Colorado Anschutz Medical Campus" id="GO_BP_2016_02_16_with_nested_annotations_Instance_20828" type="identity">
            <class id="GO_EXT:detection_or_sensing_of_stimulus" label="detection/sensing of stimulus"/>
            <span end="20974" id="15061865-4522" start="20967">sensory</span>
        </annotation>
        <annotation annotator="Mike Bada, University of Colorado Anschutz Medical Campus" id="GO_BP_2016_02_16_with_nested_annotations_Instance_21408" type="identity">
            <class id="GO_EXT:cell_communication_or_signaling_or_signal_transduction" label="cell communication, signaling or signal transduction"/>
            <span end="21041" id="15061865-4570" start="21032">signaling</span>
        </annotation>
        <annotation annotator="Mike Bada, University of Colorado Anschutz Medical Campus" id="GO_BP_2016_02_16_Instance_49115" type="identity">
            <class id="GO:0007612" label="learning"/>
            <span end="21078" id="15061865-4449" start="21070">learning</span>
        </annotation>
        <annotation annotator="Mike Bada, University of Colorado Anschutz Medical Campus" id="GO_BP_2016_02_16_Instance_49117" type="identity">
            <class id="GO:0007612" label="learning"/>
            <span end="21123" id="15061865-4451" start="21115">learning</span>
        </annotation>
        <annotation annotator="Mike Bada, University of Colorado Anschutz Medical Campus" id="GO_BP_2016_02_16_with_nested_annotations_Instance_21884" type="identity">
            <class id="GO_EXT:biological_direction_or_guidance" label="biological direction/guidance"/>
            <span end="21156" id="15061865-4584" start="21148">directed</span>
        </annotation>
        <annotation annotator="Mike Bada, University of Colorado Anschutz Medical Campus" id="GO_BP_2016_02_16_with_nested_annotations_Instance_241696" type="identity">
            <class id="GO_PATO_EXT:biological_behavior" label="biological behavior"/>
            <span end="21165" id="15061865-4644" start="21157">behavior</span>
        </annotation>
        <annotation annotator="Mike Bada, University of Colorado Anschutz Medical Campus" id="GO_BP_2016_02_16_with_nested_annotations_Instance_21410" type="identity">
            <class id="GO_EXT:cell_communication_or_signaling_or_signal_transduction" label="cell communication, signaling or signal transduction"/>
            <span end="21219" id="15061865-4572" start="21210">signaling</span>
        </annotation>
        <annotation annotator="Mike Bada, University of Colorado Anschutz Medical Campus" id="GO_BP_2016_02_16_with_nested_annotations_Instance_241698" type="identity">
            <class id="GO_PATO_EXT:biological_behavior" label="biological behavior"/>
            <span end="21513" id="15061865-4646" start="21503">behavioral</span>
        </annotation>
        <annotation annotator="Mike Bada, University of Colorado Anschutz Medical Campus" id="GO_BP_2016_02_16_Instance_49125" type="identity">
            <class id="GO:0008306" label="associative learning"/>
            <span end="21582" id="15061865-4453" start="21562">associative learning</span>
        </annotation>
        <annotation annotator="Mike Bada, University of Colorado Anschutz Medical Campus" id="GO_BP_2016_02_16_Instance_49127" type="identity">
            <class id="GO:0007612" label="learning"/>
            <span end="21656" id="15061865-4455" start="21648">learning</span>
        </annotation>
        <annotation annotator="Mike Bada, University of Colorado Anschutz Medical Campus" id="GO_BP_2016_02_16_with_nested_annotations_Instance_21412" type="identity">
            <class id="GO_EXT:cell_communication_or_signaling_or_signal_transduction" label="cell communication, signaling or signal transduction"/>
            <span end="21714" id="15061865-4574" start="21705">signaling</span>
        </annotation>
        <annotation annotator="Mike Bada, University of Colorado Anschutz Medical Campus" id="GO_BP_2016_02_16_Instance_49131" type="identity">
            <class id="GO:0008306" label="associative learning"/>
            <span end="21779" id="15061865-4457" start="21759">associative learning</span>
        </annotation>
        <annotation annotator="Mike Bada, University of Colorado Anschutz Medical Campus" id="GO_BP_2016_02_16_Instance_241366" type="identity">
            <class id="GO_EXT:biological_movement_or_translocation_process" label="biological movement/translocation process"/>
            <span end="22005" id="15061865-4264" start="22000">motor</span>
        </annotation>
        <annotation annotator="Mike Bada, University of Colorado Anschutz Medical Campus" id="GO_BP_2016_02_16_with_nested_annotations_Instance_21414" type="identity">
            <class id="GO_EXT:cell_communication_or_signaling_or_signal_transduction" label="cell communication, signaling or signal transduction"/>
            <span end="22076" id="15061865-4576" start="22067">signaling</span>
        </annotation>
        <annotation annotator="Mike Bada, University of Colorado Anschutz Medical Campus" id="GO_BP_2016_02_16_with_nested_annotations_Instance_930" type="identity">
            <class id="GO_EXT:reaction_or_response" label="reaction/response"/>
            <span end="22306" id="15061865-4692" start="22296">responding</span>
        </annotation>
        <annotation annotator="Mike Bada, University of Colorado Anschutz Medical Campus" id="GO_BP_2016_02_16_with_nested_annotations_Instance_21886" type="identity">
            <class id="GO_EXT:biological_direction_or_guidance" label="biological direction/guidance"/>
            <span end="22352" id="15061865-4586" start="22344">directed</span>
        </annotation>
        <annotation annotator="Mike Bada, University of Colorado Anschutz Medical Campus" id="GO_BP_2016_02_16_with_nested_annotations_Instance_241700" type="identity">
            <class id="GO_PATO_EXT:biological_behavior" label="biological behavior"/>
            <span end="22362" id="15061865-4648" start="22353">behaviors</span>
        </annotation>
        <annotation annotator="Mike Bada, University of Colorado Anschutz Medical Campus" id="GO_BP_2016_02_16_Instance_49139" type="identity">
            <class id="GO:0008306" label="associative learning"/>
            <span end="22590" id="15061865-4459" start="22579">associative</span>
            <span end="22612" id="15061865-4460" start="22604">learning</span>
        </annotation>
        <annotation annotator="Mike Bada, University of Colorado Anschutz Medical Campus" id="GO_BP_2016_02_16_with_nested_annotations_Instance_90276" type="identity">
            <class id="GO_EXT:breeder" label="breeder"/>
            <span end="22750" id="15061865-4666" start="22742">breeders</span>
        </annotation>
        <annotation annotator="Mike Bada, University of Colorado Anschutz Medical Campus" id="GO_BP_2016_02_16_with_nested_annotations_Instance_1560" type="identity">
            <class id="GO_EXT:breeding" label="breeding"/>
            <span end="22926" id="15061865-4516" start="22918">breeding</span>
        </annotation>
        <annotation annotator="Mike Bada, University of Colorado Anschutz Medical Campus" id="GO_BP_2016_02_16_Instance_80165" type="identity">
            <class id="GO:0044849" label="estrous cycle"/>
            <span end="23177" id="15061865-4514" start="23163">estrous cycles</span>
        </annotation>
        <annotation annotator="Mike Bada, University of Colorado Anschutz Medical Campus" id="GO_BP_2016_02_16_with_nested_annotations_Instance_21888" type="identity">
            <class id="GO_EXT:biological_direction_or_guidance" label="biological direction/guidance"/>
            <span end="23591" id="15061865-4588" start="23583">directed</span>
        </annotation>
        <annotation annotator="Mike Bada, University of Colorado Anschutz Medical Campus" id="GO_BP_2016_02_16_with_nested_annotations_Instance_241702" type="identity">
            <class id="GO_PATO_EXT:biological_behavior" label="biological behavior"/>
            <span end="23600" id="15061865-4650" start="23592">behavior</span>
        </annotation>
        <annotation annotator="Mike Bada, University of Colorado Anschutz Medical Campus" id="GO_BP_2016_02_16_with_nested_annotations_Instance_241704" type="identity">
            <class id="GO_PATO_EXT:biological_behavior" label="biological behavior"/>
            <span end="23694" id="15061865-4652" start="23686">behavior</span>
        </annotation>
        <annotation annotator="Mike Bada, University of Colorado Anschutz Medical Campus" id="GO_BP_2016_02_16_Instance_49147" type="identity">
            <class id="GO:0040011" label="locomotion"/>
            <span end="23954" id="15061865-4462" start="23946">ambulate</span>
        </annotation>
        <annotation annotator="Mike Bada, University of Colorado Anschutz Medical Campus" id="GO_BP_2016_02_16_Instance_49149" type="identity">
            <class id="GO:0007631" label="feeding behavior"/>
            <span end="24236" id="15061865-4464" start="24229">consume</span>
        </annotation>
        <annotation annotator="Mike Bada, University of Colorado Anschutz Medical Campus" id="GO_BP_2016_02_16_Instance_49151" type="identity">
            <class id="GO:0040011" label="locomotion"/>
            <span end="24369" id="15061865-4466" start="24361">ambulate</span>
        </annotation>
        <annotation annotator="Mike Bada, University of Colorado Anschutz Medical Campus" id="GO_BP_2016_02_16_Instance_49153" type="identity">
            <class id="GO:0007612" label="learning"/>
            <span end="24768" id="15061865-4468" start="24763">learn</span>
        </annotation>
        <annotation annotator="Mike Bada, University of Colorado Anschutz Medical Campus" id="GO_BP_2016_02_16_Instance_49155" type="identity">
            <class id="GO:0007631" label="feeding behavior"/>
            <span end="25537" id="15061865-4470" start="25529">consumed</span>
        </annotation>
        <annotation annotator="Mike Bada, University of Colorado Anschutz Medical Campus" id="GO_BP_2016_02_16_with_nested_annotations_Instance_932" type="identity">
            <class id="GO_EXT:reaction_or_response" label="reaction/response"/>
            <span end="25983" id="15061865-4694" start="25975">response</span>
        </annotation>
        <annotation annotator="Mike Bada, University of Colorado Anschutz Medical Campus" id="GO_BP_2016_02_16_with_nested_annotations_Instance_21890" type="identity">
            <class id="GO_EXT:biological_direction_or_guidance" label="biological direction/guidance"/>
            <span end="26024" id="15061865-4590" start="26016">directed</span>
        </annotation>
        <annotation annotator="Mike Bada, University of Colorado Anschutz Medical Campus" id="GO_BP_2016_02_16_with_nested_annotations_Instance_241706" type="identity">
            <class id="GO_PATO_EXT:biological_behavior" label="biological behavior"/>
            <span end="26033" id="15061865-4654" start="26025">behavior</span>
        </annotation>
        <annotation annotator="Mike Bada, University of Colorado Anschutz Medical Campus" id="GO_BP_2016_02_16_Instance_49161" type="identity">
            <class id="GO:0007612" label="learning"/>
            <span end="26497" id="15061865-4472" start="26489">learning</span>
        </annotation>
        <annotation annotator="Mike Bada, University of Colorado Anschutz Medical Campus" id="GO_BP_2016_02_16_Instance_49163" type="identity">
            <class id="GO:0007612" label="learning"/>
            <span end="26586" id="15061865-4474" start="26578">learning</span>
        </annotation>
        <annotation annotator="Mike Bada, University of Colorado Anschutz Medical Campus" id="GO_BP_2016_02_16_with_nested_annotations_Instance_23851" type="identity">
            <class id="GO_PATO_EXT:biological_behavior" label="biological behavior"/>
            <span end="26595" id="15061865-4598" start="26587">behavior</span>
        </annotation>
        <annotation annotator="Mike Bada, University of Colorado Anschutz Medical Campus" id="GO_BP_2016_02_16_with_nested_annotations_Instance_934" type="identity">
            <class id="GO_EXT:reaction_or_response" label="reaction/response"/>
            <span end="26821" id="15061865-4696" start="26812">responses</span>
        </annotation>
        <annotation annotator="Mike Bada, University of Colorado Anschutz Medical Campus" id="GO_BP_2016_02_16_with_nested_annotations_Instance_936" type="identity">
            <class id="GO_EXT:reaction_or_response" label="reaction/response"/>
            <span end="26950" id="15061865-4698" start="26941">responses</span>
        </annotation>
        <annotation annotator="Mike Bada, University of Colorado Anschutz Medical Campus" id="GO_BP_2016_02_16_Instance_49169" type="identity">
            <class id="GO:0007612" label="learning"/>
            <span end="27001" id="15061865-4476" start="26993">learning</span>
        </annotation>
        <annotation annotator="Mike Bada, University of Colorado Anschutz Medical Campus" id="GO_BP_2016_02_16_with_nested_annotations_Instance_938" type="identity">
            <class id="GO_EXT:reaction_or_response" label="reaction/response"/>
            <span end="27385" id="15061865-4700" start="27376">responses</span>
        </annotation>
        <annotation annotator="Mike Bada, University of Colorado Anschutz Medical Campus" id="GO_BP_2016_02_16_Instance_49173" type="identity">
            <class id="GO:0007612" label="learning"/>
            <span end="27451" id="15061865-4478" start="27443">learning</span>
        </annotation>
        <annotation annotator="Mike Bada, University of Colorado Anschutz Medical Campus" id="GO_BP_2016_02_16_Instance_49175" type="identity">
            <class id="GO:0007612" label="learning"/>
            <span end="27568" id="15061865-4480" start="27560">learning</span>
        </annotation>
        <annotation annotator="Mike Bada, University of Colorado Anschutz Medical Campus" id="GO_BP_2016_02_16_with_nested_annotations_Instance_940" type="identity">
            <class id="GO_EXT:reaction_or_response" label="reaction/response"/>
            <span end="27800" id="15061865-4702" start="27790">responding</span>
        </annotation>
        <annotation annotator="Mike Bada, University of Colorado Anschutz Medical Campus" id="GO_BP_2016_02_16_Instance_49179" type="identity">
            <class id="GO:0007612" label="learning"/>
            <span end="27983" id="15061865-4482" start="27975">learning</span>
        </annotation>
        <annotation annotator="Mike Bada, University of Colorado Anschutz Medical Campus" id="GO_BP_2016_02_16_with_nested_annotations_Instance_21892" type="identity">
            <class id="GO_EXT:biological_direction_or_guidance" label="biological direction/guidance"/>
            <span end="28517" id="15061865-4592" start="28509">directed</span>
        </annotation>
        <annotation annotator="Mike Bada, University of Colorado Anschutz Medical Campus" id="GO_BP_2016_02_16_with_nested_annotations_Instance_241708" type="identity">
            <class id="GO_PATO_EXT:biological_behavior" label="biological behavior"/>
            <span end="28526" id="15061865-4656" start="28518">behavior</span>
        </annotation>
        <annotation annotator="Mike Bada, University of Colorado Anschutz Medical Campus" id="GO_BP_2016_02_16_Instance_49183" type="identity">
            <class id="GO:0007612" label="learning"/>
            <span end="28584" id="15061865-4484" start="28577">learned</span>
        </annotation>
        <annotation annotator="Mike Bada, University of Colorado Anschutz Medical Campus" id="GO_BP_2016_02_16_with_nested_annotations_Instance_942" type="identity">
            <class id="GO_EXT:reaction_or_response" label="reaction/response"/>
            <span end="28833" id="15061865-4704" start="28823">responding</span>
        </annotation>
        <annotation annotator="Mike Bada, University of Colorado Anschutz Medical Campus" id="GO_BP_2016_02_16_with_nested_annotations_Instance_944" type="identity">
            <class id="GO_EXT:reaction_or_response" label="reaction/response"/>
            <span end="28946" id="15061865-4706" start="28938">response</span>
        </annotation>
        <annotation annotator="Mike Bada, University of Colorado Anschutz Medical Campus" id="GO_BP_2016_02_16_with_nested_annotations_Instance_241710" type="identity">
            <class id="GO_PATO_EXT:biological_behavior" label="biological behavior"/>
            <span end="29023" id="15061865-4658" start="29015">behavior</span>
        </annotation>
        <annotation annotator="Mike Bada, University of Colorado Anschutz Medical Campus" id="GO_BP_2016_02_16_Instance_49191" type="identity">
            <class id="GO:0007612" label="learning"/>
            <span end="29082" id="15061865-4486" start="29074">learning</span>
        </annotation>
        <annotation annotator="Mike Bada, University of Colorado Anschutz Medical Campus" id="GO_BP_2016_02_16_with_nested_annotations_Instance_21894" type="identity">
            <class id="GO_EXT:biological_direction_or_guidance" label="biological direction/guidance"/>
            <span end="29110" id="15061865-4594" start="29102">directed</span>
        </annotation>
        <annotation annotator="Mike Bada, University of Colorado Anschutz Medical Campus" id="GO_BP_2016_02_16_with_nested_annotations_Instance_241712" type="identity">
            <class id="GO_PATO_EXT:biological_behavior" label="biological behavior"/>
            <span end="29120" id="15061865-4660" start="29111">behaviors</span>
        </annotation>
        <annotation annotator="Mike Bada, University of Colorado Anschutz Medical Campus" id="GO_BP_2016_02_16_with_nested_annotations_Instance_21416" type="identity">
            <class id="GO_EXT:cell_communication_or_signaling_or_signal_transduction" label="cell communication, signaling or signal transduction"/>
            <span end="29172" id="15061865-4578" start="29163">signaling</span>
        </annotation>
        <annotation annotator="Mike Bada, University of Colorado Anschutz Medical Campus" id="GO_BP_2016_02_16_Instance_49195" type="identity">
            <class id="GO:0008306" label="associative learning"/>
            <span end="29247" id="15061865-4488" start="29227">associative learning</span>
        </annotation>
        <annotation annotator="Mike Bada, University of Colorado Anschutz Medical Campus" id="GO_BP_2016_02_16_with_nested_annotations_Instance_241714" type="identity">
            <class id="GO_PATO_EXT:biological_behavior" label="biological behavior"/>
            <span end="29548" id="15061865-4662" start="29540">behavior</span>
        </annotation>
        <annotation annotator="Mike Bada, University of Colorado Anschutz Medical Campus" id="GO_BP_2016_02_16_Instance_49199" type="identity">
            <class id="GO:0007612" label="learning"/>
            <span end="29573" id="15061865-4490" start="29565">learning</span>
        </annotation>
        <annotation annotator="Mike Bada, University of Colorado Anschutz Medical Campus" id="GO_BP_2016_02_16_Instance_49201" type="identity">
            <class id="GO:0007612" label="learning"/>
            <span end="29673" id="15061865-4492" start="29665">learning</span>
        </annotation>
        <annotation annotator="Mike Bada, University of Colorado Anschutz Medical Campus" id="GO_BP_2016_02_16_Instance_49203" type="identity">
            <class id="GO:0007612" label="learning"/>
            <span end="29788" id="15061865-4494" start="29780">learning</span>
        </annotation>
        <annotation annotator="Mike Bada, University of Colorado Anschutz Medical Campus" id="GO_BP_2016_02_16_with_nested_annotations_Instance_946" type="identity">
            <class id="GO_EXT:reaction_or_response" label="reaction/response"/>
            <span end="29915" id="15061865-4708" start="29907">Response</span>
        </annotation>
        <annotation annotator="Mike Bada, University of Colorado Anschutz Medical Campus" id="GO_BP_2016_02_16_with_nested_annotations_Instance_952" type="identity">
            <class id="GO_EXT:reaction_or_response" label="reaction/response"/>
            <span end="30316" id="15061865-4714" start="30307">responses</span>
        </annotation>
        <annotation annotator="Mike Bada, University of Colorado Anschutz Medical Campus" id="GO_BP_2016_02_16_with_nested_annotations_Instance_948" type="identity">
            <class id="GO_EXT:reaction_or_response" label="reaction/response"/>
            <span end="30326" id="15061865-4710" start="30318">Response</span>
        </annotation>
        <annotation annotator="Mike Bada, University of Colorado Anschutz Medical Campus" id="GO_BP_2016_02_16_Instance_49211" type="identity">
            <class id="GO:0007612" label="learning"/>
            <span end="30507" id="15061865-4496" start="30499">learning</span>
        </annotation>
        <annotation annotator="Mike Bada, University of Colorado Anschutz Medical Campus" id="GO_BP_2016_02_16_with_nested_annotations_Instance_950" type="identity">
            <class id="GO_EXT:reaction_or_response" label="reaction/response"/>
            <span end="30596" id="15061865-4712" start="30586">responding</span>
        </annotation>
        <annotation annotator="Mike Bada, University of Colorado Anschutz Medical Campus" id="GO_BP_2016_02_16_with_nested_annotations_Instance_954" type="identity">
            <class id="GO_EXT:reaction_or_response" label="reaction/response"/>
            <span end="30829" id="15061865-4716" start="30819">responding</span>
        </annotation>
        <graph-space id="Old Knowtator Relations"/>
    </document>
</knowtator-project>
