<?xml version="1.0" encoding="UTF-8" standalone="no"?>
<knowtator-project>
  <document id="15207008" text-file="15207008.txt">
    <annotation annotator="Mike Bada, University of Colorado Anschutz Medical Campus" id="GO_BP_2016_02_16_Instance_44639" type="identity">
      <class id="GO:0007067" label="mitotic nuclear division"/>
      <span end="1370" id="15207008-4724" start="1363">mitotic</span>
    </annotation>
    <annotation annotator="Mike Bada, University of Colorado Anschutz Medical Campus" id="GO_BP_2016_02_16_with_nested_annotations_Instance_10436" type="identity">
      <class id="GO_EXT:biological_recruitment" label="biological recruitment"/>
      <span end="1422" id="15207008-4934" start="1413">recruited</span>
    </annotation>
    <annotation annotator="Mike Bada, University of Colorado Anschutz Medical Campus" id="GO_BP_2016_02_16_Instance_44643" type="identity">
      <class id="GO:0006412" label="translation"/>
      <span end="1467" id="15207008-4726" start="1456">translation</span>
    </annotation>
    <annotation annotator="Mike Bada, University of Colorado Anschutz Medical Campus" id="GO_BP_2016_02_16_with_nested_annotations_Instance_180002" type="identity">
      <class id="GO:0006396" label="RNA processing"/>
      <span end="1483" id="15207008-4944" start="1469">RNA processing</span>
    </annotation>
    <annotation annotator="Mike Bada, University of Colorado Anschutz Medical Campus" id="GO_BP_2016_02_16_Instance_80000" type="identity">
      <class id="GO_EXT:transcription" label="transcription"/>
      <span end="1501" id="15207008-4859" start="1488">transcription</span>
    </annotation>
    <annotation annotator="Mike Bada, University of Colorado Anschutz Medical Campus" id="GO_BP_2016_02_16_Instance_90002" type="identity">
      <class id="GO_EXT:transcription" label="transcription"/>
      <span end="1760" id="15207008-4861" start="1747">transcription</span>
    </annotation>
    <annotation annotator="Mike Bada, University of Colorado Anschutz Medical Campus" id="GO_BP_2016_02_16_Instance_44649" type="identity">
      <class id="GO:0006338" label="chromatin remodeling"/>
      <span end="1993" id="15207008-4728" start="1973">chromatin remodeling</span>
    </annotation>
    <annotation annotator="Mike Bada, University of Colorado Anschutz Medical Campus" id="GO_BP_2016_02_16_Instance_90004" type="identity">
      <class id="GO_EXT:transcription" label="transcription"/>
      <span end="2010" id="15207008-4863" start="1995">transcriptional</span>
    </annotation>
    <annotation annotator="Mike Bada, University of Colorado Anschutz Medical Campus" id="GO_BP_2016_02_16_Instance_90006" type="identity">
      <class id="GO_EXT:transcription" label="transcription"/>
      <span end="2034" id="15207008-4865" start="2019">transcriptional</span>
    </annotation>
    <annotation annotator="Mike Bada, University of Colorado Anschutz Medical Campus" id="GO_BP_2016_02_16_Instance_44651" type="identity">
      <class id="GO:0010467" label="gene expression"/>
      <span end="3212" id="15207008-4730" start="3202">expression</span>
    </annotation>
    <annotation annotator="Mike Bada, University of Colorado Anschutz Medical Campus" id="GO_BP_2016_02_16_Instance_44653" type="identity">
      <class id="GO:0000380" label="alternative mRNA splicing, via spliceosome"/>
      <span end="4676" id="15207008-4732" start="4655">alternatively spliced</span>
    </annotation>
    <annotation annotator="Mike Bada, University of Colorado Anschutz Medical Campus" id="GO_BP_2016_02_16_Instance_44655" type="identity">
      <class id="GO:0008380" label="RNA splicing"/>
      <span end="9184" id="15207008-4734" start="9178">splice</span>
    </annotation>
    <annotation annotator="Mike Bada, University of Colorado Anschutz Medical Campus" id="GO_BP_2016_02_16_Instance_44657" type="identity">
      <class id="GO:0010467" label="gene expression"/>
      <span end="9572" id="15207008-4736" start="9562">expression</span>
    </annotation>
    <annotation annotator="Mike Bada, University of Colorado Anschutz Medical Campus" id="GO_BP_2016_02_16_Instance_90008" type="identity">
      <class id="GO_EXT:reverse_transcription_or_reverse_transcriptase" label="reverse transcription or reverse transcriptase"/>
      <span end="9614" id="15207008-4867" start="9612">rt</span>
    </annotation>
    <annotation annotator="Mike Bada, University of Colorado Anschutz Medical Campus" id="GO_BP_2016_02_16_Instance_90010" type="identity">
      <class id="GO:0006412" label="translation"/>
      <span end="9903" id="15207008-4869" start="9893">translated</span>
    </annotation>
    <annotation annotator="Mike Bada, University of Colorado Anschutz Medical Campus" id="GO_BP_2016_02_16_Instance_90012" type="identity">
      <class id="GO_EXT:reverse_transcription_or_reverse_transcriptase" label="reverse transcription or reverse transcriptase"/>
      <span end="11857" id="15207008-4871" start="11855">rt</span>
    </annotation>
    <annotation annotator="Mike Bada, University of Colorado Anschutz Medical Campus" id="GO_BP_2016_02_16_Instance_44661" type="identity">
      <class id="GO:0000380" label="alternative mRNA splicing, via spliceosome"/>
      <span end="12144" id="15207008-4738" start="12126">alternative splice</span>
    </annotation>
    <annotation annotator="Mike Bada, University of Colorado Anschutz Medical Campus" id="GO_BP_2016_02_16_Instance_90014" type="identity">
      <class id="GO_PATO_EXT:biological_localization_process_or_quality" label="biological localization process or quality"/>
      <span end="13555" id="15207008-4873" start="13543">localization</span>
    </annotation>
    <annotation annotator="Mike Bada, University of Colorado Anschutz Medical Campus" id="GO_BP_2016_02_16_with_nested_annotations_Instance_23350" type="identity">
      <class id="GO_SO_EXT:sequence_transposition_process" label="sequence transposition process"/>
      <span end="16130" id="15207008-4960" start="16120">transposed</span>
    </annotation>
    <annotation annotator="Mike Bada, University of Colorado Anschutz Medical Campus" id="GO_BP_2016_02_16_Instance_44665" type="identity">
      <class id="GO:0065007" label="biological regulation"/>
      <span end="16954" id="15207008-4740" start="16944">regulation</span>
    </annotation>
    <annotation annotator="Mike Bada, University of Colorado Anschutz Medical Campus" id="GO_BP_2016_02_16_with_nested_annotations_Instance_110148" type="identity">
      <class id="GO_SO_EXT:sequence_rearrangement_entity_or_process" label="sequence rearrangement entity or process"/>
      <span end="20138" id="15207008-4940" start="20125">rearrangement</span>
    </annotation>
    <annotation annotator="Mike Bada, University of Colorado Anschutz Medical Campus" id="GO_BP_2016_02_16_Instance_44667" type="identity">
      <class id="GO:0006412" label="translation"/>
      <span end="22367" id="15207008-4742" start="22357">translated</span>
    </annotation>
    <annotation annotator="Mike Bada, University of Colorado Anschutz Medical Campus" id="GO_BP_2016_02_16_Instance_44669" type="identity">
      <class id="GO:0006338" label="chromatin remodeling"/>
      <span end="23681" id="15207008-4744" start="23661">chromatin remodeling</span>
    </annotation>
    <annotation annotator="Mike Bada, University of Colorado Anschutz Medical Campus" id="GO_BP_2016_02_16_Instance_44671" type="identity">
      <class id="GO:0008380" label="RNA splicing"/>
      <span end="24887" id="15207008-4746" start="24881">splice</span>
    </annotation>
    <annotation annotator="Mike Bada, University of Colorado Anschutz Medical Campus" id="GO_BP_2016_02_16_Instance_44675" type="identity">
      <class id="GO:0000380" label="alternative mRNA splicing, via spliceosome"/>
      <span end="25525" id="15207008-4748" start="25505">Alternative splicing</span>
    </annotation>
    <annotation annotator="Mike Bada, University of Colorado Anschutz Medical Campus" id="GO_BP_2016_02_16_Instance_44677" type="identity">
      <class id="GO:0000380" label="alternative mRNA splicing, via spliceosome"/>
      <span end="25713" id="15207008-4750" start="25693">alternative splicing</span>
    </annotation>
    <annotation annotator="Mike Bada, University of Colorado Anschutz Medical Campus" id="GO_BP_2016_02_16_Instance_90016" type="identity">
      <class id="GO:0044767" label="single-organism developmental process"/>
      <span end="25810" id="15207008-4875" start="25796">development of</span>
      <span end="25822" id="15207008-4876" start="25814">organism</span>
    </annotation>
    <annotation annotator="Mike Bada, University of Colorado Anschutz Medical Campus" id="GO_BP_2016_02_16_Instance_44679" type="identity">
      <class id="GO:0000380" label="alternative mRNA splicing, via spliceosome"/>
      <span end="25856" id="15207008-4752" start="25836">alternative splicing</span>
    </annotation>
    <annotation annotator="Mike Bada, University of Colorado Anschutz Medical Campus" id="GO_BP_2016_02_16_Instance_44681" type="identity">
      <class id="GO:0008380" label="RNA splicing"/>
      <span end="25937" id="15207008-4754" start="25929">splicing</span>
    </annotation>
    <annotation annotator="Mike Bada, University of Colorado Anschutz Medical Campus" id="GO_BP_2016_02_16_Instance_44683" type="identity">
      <class id="GO:0008380" label="RNA splicing"/>
      <span end="26091" id="15207008-4756" start="26085">splice</span>
    </annotation>
    <annotation annotator="Mike Bada, University of Colorado Anschutz Medical Campus" id="GO_BP_2016_02_16_Instance_44685" type="identity">
      <class id="GO:0000380" label="alternative mRNA splicing, via spliceosome"/>
      <span end="26160" id="15207008-4758" start="26140">alternative splicing</span>
    </annotation>
    <annotation annotator="Mike Bada, University of Colorado Anschutz Medical Campus" id="GO_BP_2016_02_16_Instance_44687" type="identity">
      <class id="GO:0000380" label="alternative mRNA splicing, via spliceosome"/>
      <span end="26463" id="15207008-4760" start="26443">Alternative splicing</span>
    </annotation>
    <annotation annotator="Mike Bada, University of Colorado Anschutz Medical Campus" id="GO_BP_2016_02_16_Instance_44689" type="identity">
      <class id="GO:0000380" label="alternative mRNA splicing, via spliceosome"/>
      <span end="26679" id="15207008-4762" start="26659">alternative splicing</span>
    </annotation>
    <annotation annotator="Mike Bada, University of Colorado Anschutz Medical Campus" id="GO_BP_2016_02_16_Instance_90018" type="identity">
      <class id="GO_PATO_EXT:biological_localization_process_or_quality" label="biological localization process or quality"/>
      <span end="26900" id="15207008-4878" start="26888">localization</span>
    </annotation>
    <annotation annotator="Mike Bada, University of Colorado Anschutz Medical Campus" id="GO_BP_2016_02_16_with_nested_annotations_Instance_14" type="identity">
      <class id="GO_PATO_EXT:biological_localization_process_or_quality" label="biological localization process or quality"/>
      <span end="27022" id="15207008-4942" start="27013">localized</span>
    </annotation>
    <annotation annotator="Mike Bada, University of Colorado Anschutz Medical Campus" id="GO_BP_2016_02_16_Instance_44695" type="identity">
      <class id="GO:0006338" label="chromatin remodeling"/>
      <span end="27165" id="15207008-4764" start="27146">chomatin remodeling</span>
    </annotation>
    <annotation annotator="Mike Bada, University of Colorado Anschutz Medical Campus" id="GO_BP_2016_02_16_with_nested_annotations_Instance_180004" type="identity">
      <class id="GO:0006396" label="RNA processing"/>
      <span end="27187" id="15207008-4946" start="27173">RNA processing</span>
    </annotation>
    <annotation annotator="Mike Bada, University of Colorado Anschutz Medical Campus" id="GO_BP_2016_02_16_Instance_44699" type="identity">
      <class id="GO:0044237" label="cellular metabolic process"/>
      <span end="27313" id="15207008-4766" start="27305">cellular</span>
      <span end="27328" id="15207008-4767" start="27318">metabolism</span>
    </annotation>
    <annotation annotator="Mike Bada, University of Colorado Anschutz Medical Campus" id="GO_BP_2016_02_16_Instance_44701" type="identity">
      <class id="GO:0016070" label="RNA metabolic process"/>
      <span end="27328" id="15207008-4769" start="27314">RNA metabolism</span>
    </annotation>
    <annotation annotator="Mike Bada, University of Colorado Anschutz Medical Campus" id="GO_BP_2016_02_16_Instance_44703" type="identity">
      <class id="GO:0000380" label="alternative mRNA splicing, via spliceosome"/>
      <span end="27512" id="15207008-4771" start="27492">Alternative splicing</span>
    </annotation>
    <annotation annotator="Mike Bada, University of Colorado Anschutz Medical Campus" id="GO_BP_2016_02_16_Instance_44705" type="identity">
      <class id="GO:0008380" label="RNA splicing"/>
      <span end="27555" id="15207008-4773" start="27549">splice</span>
    </annotation>
    <annotation annotator="Mike Bada, University of Colorado Anschutz Medical Campus" id="GO_BP_2016_02_16_Instance_44707" type="identity">
      <class id="GO:0008380" label="RNA splicing"/>
      <span end="27656" id="15207008-4775" start="27650">splice</span>
    </annotation>
    <annotation annotator="Mike Bada, University of Colorado Anschutz Medical Campus" id="GO_BP_2016_02_16_with_nested_annotations_Instance_22665" type="identity">
      <class id="GO_EXT:reverse_transcription_or_reverse_transcriptase" label="reverse transcription or reverse transcriptase"/>
      <span end="27701" id="15207008-4956" start="27699">rt</span>
    </annotation>
    <annotation annotator="Mike Bada, University of Colorado Anschutz Medical Campus" id="GO_BP_2016_02_16_Instance_44709" type="identity">
      <class id="GO:0000380" label="alternative mRNA splicing, via spliceosome"/>
      <span end="27760" id="15207008-4777" start="27740">Alternative splicing</span>
    </annotation>
    <annotation annotator="Mike Bada, University of Colorado Anschutz Medical Campus" id="GO_BP_2016_02_16_Instance_90020" type="identity">
      <class id="GO_EXT:reverse_transcription_or_reverse_transcriptase" label="reverse transcription or reverse transcriptase"/>
      <span end="27792" id="15207008-4880" start="27790">rt</span>
    </annotation>
    <annotation annotator="Mike Bada, University of Colorado Anschutz Medical Campus" id="GO_BP_2016_02_16_Instance_44711" type="identity">
      <class id="GO:0008380" label="RNA splicing"/>
      <span end="27823" id="15207008-4779" start="27815">splicing</span>
    </annotation>
    <annotation annotator="Mike Bada, University of Colorado Anschutz Medical Campus" id="GO_BP_2016_02_16_Instance_90022" type="identity">
      <class id="GO:0006412" label="translation"/>
      <span end="27843" id="15207008-4882" start="27833">translated</span>
    </annotation>
    <annotation annotator="Mike Bada, University of Colorado Anschutz Medical Campus" id="GO_BP_2016_02_16_Instance_44713" type="identity">
      <class id="GO:0008380" label="RNA splicing"/>
      <span end="27985" id="15207008-4781" start="27978">splices</span>
    </annotation>
    <annotation annotator="Mike Bada, University of Colorado Anschutz Medical Campus" id="GO_BP_2016_02_16_Instance_90024" type="identity">
      <class id="GO_PATO_EXT:biological_localization_process_or_quality" label="biological localization process or quality"/>
      <span end="28188" id="15207008-4884" start="28176">localization</span>
    </annotation>
    <annotation annotator="Mike Bada, University of Colorado Anschutz Medical Campus" id="GO_BP_2016_02_16_Instance_44717" type="identity">
      <class id="GO:0007067" label="mitotic nuclear division"/>
      <span end="29028" id="15207008-4783" start="29021">mitotic</span>
    </annotation>
    <annotation annotator="Mike Bada, University of Colorado Anschutz Medical Campus" id="GO_BP_2016_02_16_Instance_44719" type="identity">
      <class id="GO:0007067" label="mitotic nuclear division"/>
      <span end="29667" id="15207008-4785" start="29660">mitotic</span>
    </annotation>
    <annotation annotator="Mike Bada, University of Colorado Anschutz Medical Campus" id="GO_BP_2016_02_16_Instance_90026" type="identity">
      <class id="GO_PATO_EXT:biological_localization_process_or_quality" label="biological localization process or quality"/>
      <span end="30149" id="15207008-4886" start="30137">localization</span>
    </annotation>
    <annotation annotator="Mike Bada, University of Colorado Anschutz Medical Campus" id="GO_BP_2016_02_16_Instance_44723" type="identity">
      <class id="GO:0051325" label="interphase"/>
      <span end="30199" id="15207008-4787" start="30189">interphase</span>
    </annotation>
    <annotation annotator="Mike Bada, University of Colorado Anschutz Medical Campus" id="GO_BP_2016_02_16_Instance_90028" type="identity">
      <class id="GO:0000226" label="microtubule cytoskeleton organization"/>
      <span end="30333" id="15207008-4888" start="30313">microtubule dynamics</span>
    </annotation>
    <annotation annotator="Mike Bada, University of Colorado Anschutz Medical Campus" id="GO_BP_2016_02_16_Instance_44725" type="identity">
      <class id="GO:0006338" label="chromatin remodeling"/>
      <span end="30945" id="15207008-4789" start="30925">chromatin remodeling</span>
    </annotation>
    <annotation annotator="Mike Bada, University of Colorado Anschutz Medical Campus" id="GO_BP_2016_02_16_Instance_90030" type="identity">
      <class id="GO_EXT:transcription" label="transcription"/>
      <span end="31060" id="15207008-4890" start="31047">transcription</span>
    </annotation>
    <annotation annotator="Mike Bada, University of Colorado Anschutz Medical Campus" id="GO_BP_2016_02_16_Instance_44727" type="identity">
      <class id="GO:0006338" label="chromatin remodeling"/>
      <span end="31370" id="15207008-4791" start="31350">chromatin remodeling</span>
    </annotation>
    <annotation annotator="Mike Bada, University of Colorado Anschutz Medical Campus" id="GO_BP_2016_02_16_Instance_44729" type="identity">
      <class id="GO:0006281" label="DNA repair"/>
      <span end="31400" id="15207008-4793" start="31383">DNA damage repair</span>
    </annotation>
    <annotation annotator="Mike Bada, University of Colorado Anschutz Medical Campus" id="GO_BP_2016_02_16_Instance_44731" type="identity">
      <class id="GO:0006281" label="DNA repair"/>
      <span end="31492" id="15207008-4795" start="31482">DNA repair</span>
    </annotation>
    <annotation annotator="Mike Bada, University of Colorado Anschutz Medical Campus" id="GO_BP_2016_02_16_Instance_44733" type="identity">
      <class id="GO:0006338" label="chromatin remodeling"/>
      <span end="32167" id="15207008-4797" start="32147">chromatin remodeling</span>
    </annotation>
    <annotation annotator="Mike Bada, University of Colorado Anschutz Medical Campus" id="GO_BP_2016_02_16_Instance_44735" type="identity">
      <class id="GO:0006281" label="DNA repair"/>
      <span end="32237" id="15207008-4799" start="32220">DNA damage repair</span>
    </annotation>
    <annotation annotator="Mike Bada, University of Colorado Anschutz Medical Campus" id="GO_BP_2016_02_16_Instance_23517" type="identity">
      <class id="GO:0050658" label="RNA transport"/>
      <span end="32268" id="15207008-4721" start="32265">RNA</span>
      <span end="32288" id="15207008-4722" start="32279">transport</span>
    </annotation>
    <annotation annotator="Mike Bada, University of Colorado Anschutz Medical Campus" id="GO_BP_2016_02_16_Instance_44737" type="identity">
      <class id="GO:0008380" label="RNA splicing"/>
      <span end="32277" id="15207008-4801" start="32265">RNA splicing</span>
    </annotation>
    <annotation annotator="Mike Bada, University of Colorado Anschutz Medical Campus" id="GO_BP_2016_02_16_Instance_90032" type="identity">
      <class id="GO:0006412" label="translation"/>
      <span end="32306" id="15207008-4892" start="32293">translational</span>
    </annotation>
    <annotation annotator="Mike Bada, University of Colorado Anschutz Medical Campus" id="GO_BP_2016_02_16_Instance_90034" type="identity">
      <class id="GO_EXT:transcription" label="transcription"/>
      <span end="33544" id="15207008-4894" start="33531">transcription</span>
    </annotation>
    <annotation annotator="Mike Bada, University of Colorado Anschutz Medical Campus" id="GO_BP_2016_02_16_Instance_90036" type="identity">
      <class id="GO_EXT:transcription" label="transcription"/>
      <span end="33710" id="15207008-4896" start="33695">transcriptional</span>
    </annotation>
    <annotation annotator="Mike Bada, University of Colorado Anschutz Medical Campus" id="GO_BP_2016_02_16_Instance_90038" type="identity">
      <class id="GO:0065007" label="biological regulation"/>
      <span end="33721" id="15207008-4898" start="33711">regulation</span>
    </annotation>
    <annotation annotator="Mike Bada, University of Colorado Anschutz Medical Campus" id="GO_BP_2016_02_16_Instance_44741" type="identity">
      <class id="GO:0008380" label="RNA splicing"/>
      <span end="33734" id="15207008-4803" start="33726">splicing</span>
    </annotation>
    <annotation annotator="Mike Bada, University of Colorado Anschutz Medical Campus" id="GO_BP_2016_02_16_Instance_90040" type="identity">
      <class id="GO_EXT:transcription" label="transcription"/>
      <span end="33910" id="15207008-4900" start="33897">transcription</span>
    </annotation>
    <annotation annotator="Mike Bada, University of Colorado Anschutz Medical Campus" id="GO_BP_2016_02_16_Instance_44743" type="identity">
      <class id="GO:0007067" label="mitotic nuclear division"/>
      <span end="34416" id="15207008-4805" start="34409">mitotic</span>
    </annotation>
    <annotation annotator="Mike Bada, University of Colorado Anschutz Medical Campus" id="GO_BP_2016_02_16_Instance_44745" type="identity">
      <class id="GO:0065007" label="biological regulation"/>
      <span end="34478" id="15207008-4807" start="34468">regulation</span>
    </annotation>
    <annotation annotator="Mike Bada, University of Colorado Anschutz Medical Campus" id="GO_BP_2016_02_16_Instance_90042" type="identity">
      <class id="GO_EXT:transcription" label="transcription"/>
      <span end="34516" id="15207008-4902" start="34503">transcription</span>
    </annotation>
    <annotation annotator="Mike Bada, University of Colorado Anschutz Medical Campus" id="GO_BP_2016_02_16_with_nested_annotations_Instance_180006" type="identity">
      <class id="GO:0006396" label="RNA processing"/>
      <span end="34546" id="15207008-4948" start="34532">RNA processing</span>
    </annotation>
    <annotation annotator="Mike Bada, University of Colorado Anschutz Medical Campus" id="GO_BP_2016_02_16_Instance_90044" type="identity">
      <class id="GO:0006412" label="translation"/>
      <span end="34562" id="15207008-4904" start="34551">translation</span>
    </annotation>
    <annotation annotator="Mike Bada, University of Colorado Anschutz Medical Campus" id="GO_BP_2016_02_16_with_nested_annotations_Instance_10506" type="identity">
      <class id="GO:0090307" label="mitotic spindle assembly"/>
      <span end="34866" id="15207008-4936" start="34842">mitotic spindle assembly</span>
    </annotation>
    <annotation annotator="Mike Bada, University of Colorado Anschutz Medical Campus" id="GO_BP_2016_02_16_Instance_44755" type="identity">
      <class id="GO:0007067" label="mitotic nuclear division"/>
      <span end="35093" id="15207008-4809" start="35086">mitosis</span>
    </annotation>
    <annotation annotator="Mike Bada, University of Colorado Anschutz Medical Campus" id="GO_BP_2016_02_16_with_nested_annotations_Instance_22771" type="identity">
      <class id="GO_PATO_EXT:phosphorylation_process_or_quality" label="phosphorylation process or quality"/>
      <span end="35218" id="15207008-4958" start="35204">phosphorylated</span>
    </annotation>
    <annotation annotator="Mike Bada, University of Colorado Anschutz Medical Campus" id="GO_BP_2016_02_16_Instance_44759" type="identity">
      <class id="GO:0006417" label="regulation of translation"/>
      <span end="35571" id="15207008-4811" start="35561">control of</span>
      <span end="35603" id="15207008-4812" start="35592">translation</span>
    </annotation>
    <annotation annotator="Mike Bada, University of Colorado Anschutz Medical Campus" id="GO_BP_2016_02_16_Instance_44761" type="identity">
      <class id="GO:0043631" label="RNA polyadenylation"/>
      <span end="35587" id="15207008-4814" start="35572">polyadenylation</span>
    </annotation>
    <annotation annotator="Mike Bada, University of Colorado Anschutz Medical Campus" id="GO_BP_2016_02_16_Instance_44765" type="identity">
      <class id="GO:0050658" label="RNA transport"/>
      <span end="36011" id="15207008-4816" start="36008">RNA</span>
      <span end="36034" id="15207008-4817" start="36025">transport</span>
    </annotation>
    <annotation annotator="Mike Bada, University of Colorado Anschutz Medical Campus" id="GO_BP_2016_02_16_Instance_44767" type="identity">
      <class id="GO:0008380" label="RNA splicing"/>
      <span end="36020" id="15207008-4819" start="36008">RNA splicing</span>
    </annotation>
    <annotation annotator="Mike Bada, University of Colorado Anschutz Medical Campus" id="GO_BP_2016_02_16_Instance_90046" type="identity">
      <class id="GO_EXT:transcription" label="transcription"/>
      <span end="37245" id="15207008-4906" start="37230">transcriptional</span>
    </annotation>
    <annotation annotator="Mike Bada, University of Colorado Anschutz Medical Campus" id="GO_BP_2016_02_16_Instance_90048" type="identity">
      <class id="GO_EXT:transcription" label="transcription"/>
      <span end="37321" id="15207008-4908" start="37308">transcription</span>
    </annotation>
    <annotation annotator="Mike Bada, University of Colorado Anschutz Medical Campus" id="GO_BP_2016_02_16_Instance_44769" type="identity">
      <class id="GO:0006338" label="chromatin remodeling"/>
      <span end="37490" id="15207008-4821" start="37470">chromatin remodeling</span>
    </annotation>
    <annotation annotator="Mike Bada, University of Colorado Anschutz Medical Campus" id="GO_BP_2016_02_16_Instance_90050" type="identity">
      <class id="GO_EXT:transcription" label="transcription"/>
      <span end="37886" id="15207008-4910" start="37871">transcriptional</span>
    </annotation>
    <annotation annotator="Mike Bada, University of Colorado Anschutz Medical Campus" id="GO_BP_2016_02_16_Instance_90052" type="identity">
      <class id="GO:0065007" label="biological regulation"/>
      <span end="37897" id="15207008-4912" start="37887">regulatory</span>
    </annotation>
    <annotation annotator="Mike Bada, University of Colorado Anschutz Medical Campus" id="GO_BP_2016_02_16_Instance_44771" type="identity">
      <class id="GO:0006412" label="translation"/>
      <span end="38574" id="15207008-4823" start="38564">translated</span>
    </annotation>
    <annotation annotator="Mike Bada, University of Colorado Anschutz Medical Campus" id="GO_BP_2016_02_16_Instance_44773" type="identity">
      <class id="GO:0006412" label="translation"/>
      <span end="38683" id="15207008-4825" start="38673">translated</span>
    </annotation>
    <annotation annotator="Mike Bada, University of Colorado Anschutz Medical Campus" id="GO_BP_2016_02_16_Instance_44775" type="identity">
      <class id="GO:0007067" label="mitotic nuclear division"/>
      <span end="39190" id="15207008-4827" start="39183">mitotic</span>
    </annotation>
    <annotation annotator="Mike Bada, University of Colorado Anschutz Medical Campus" id="GO_BP_2016_02_16_Instance_44777" type="identity">
      <class id="GO:0006281" label="DNA repair"/>
      <span end="39497" id="15207008-4829" start="39480">DNA damage repair</span>
    </annotation>
    <annotation annotator="Mike Bada, University of Colorado Anschutz Medical Campus" id="GO_BP_2016_02_16_Instance_44779" type="identity">
      <class id="GO:0006412" label="translation"/>
      <span end="39518" id="15207008-4831" start="39507">translation</span>
    </annotation>
    <annotation annotator="Mike Bada, University of Colorado Anschutz Medical Campus" id="GO_BP_2016_02_16_with_nested_annotations_Instance_180008" type="identity">
      <class id="GO:0006396" label="RNA processing"/>
      <span end="39534" id="15207008-4950" start="39520">RNA processing</span>
    </annotation>
    <annotation annotator="Mike Bada, University of Colorado Anschutz Medical Campus" id="GO_BP_2016_02_16_Instance_90054" type="identity">
      <class id="GO_EXT:transcription" label="transcription"/>
      <span end="39552" id="15207008-4914" start="39539">transcription</span>
    </annotation>
    <annotation annotator="Mike Bada, University of Colorado Anschutz Medical Campus" id="GO_BP_2016_02_16_Instance_90056" type="identity">
      <class id="GO_EXT:transcription" label="transcription"/>
      <span end="39910" id="15207008-4916" start="39897">transcription</span>
    </annotation>
    <annotation annotator="Mike Bada, University of Colorado Anschutz Medical Campus" id="GO_BP_2016_02_16_Instance_90058" type="identity">
      <class id="GO_EXT:transcription" label="transcription"/>
      <span end="40086" id="15207008-4918" start="40071">transcriptional</span>
    </annotation>
    <annotation annotator="Mike Bada, University of Colorado Anschutz Medical Campus" id="GO_BP_2016_02_16_Instance_90060" type="identity">
      <class id="GO_EXT:transcription" label="transcription"/>
      <span end="40135" id="15207008-4920" start="40120">transcriptional</span>
    </annotation>
    <annotation annotator="Mike Bada, University of Colorado Anschutz Medical Campus" id="GO_BP_2016_02_16_with_nested_annotations_Instance_958" type="identity">
      <class id="GO_EXT:reaction_or_response" label="reaction/response"/>
      <span end="40144" id="15207008-4966" start="40136">response</span>
    </annotation>
    <annotation annotator="Mike Bada, University of Colorado Anschutz Medical Campus" id="GO_BP_2016_02_16_Instance_90062" type="identity">
      <class id="GO_EXT:transcription" label="transcription"/>
      <span end="40260" id="15207008-4922" start="40247">transcription</span>
    </annotation>
    <annotation annotator="Mike Bada, University of Colorado Anschutz Medical Campus" id="GO_BP_2016_02_16_Instance_90064" type="identity">
      <class id="GO_EXT:transcription" label="transcription"/>
      <span end="40463" id="15207008-4924" start="40448">transcriptional</span>
    </annotation>
    <annotation annotator="Mike Bada, University of Colorado Anschutz Medical Campus" id="GO_BP_2016_02_16_Instance_44785" type="identity">
      <class id="GO:0006338" label="chromatin remodeling"/>
      <span end="40488" id="15207008-4833" start="40468">chromatin remodeling</span>
    </annotation>
    <annotation annotator="Mike Bada, University of Colorado Anschutz Medical Campus" id="GO_BP_2016_02_16_Instance_44787" type="identity">
      <class id="GO:0010467" label="gene expression"/>
      <span end="40644" id="15207008-4835" start="40635">expressed</span>
    </annotation>
    <annotation annotator="Mike Bada, University of Colorado Anschutz Medical Campus" id="GO_BP_2016_02_16_with_nested_annotations_Instance_180010" type="identity">
      <class id="GO:0006396" label="RNA processing"/>
      <span end="40831" id="15207008-4952" start="40817">RNA processing</span>
    </annotation>
    <annotation annotator="Mike Bada, University of Colorado Anschutz Medical Campus" id="GO_BP_2016_02_16_Instance_44791" type="identity">
      <class id="GO:0000380" label="alternative mRNA splicing, via spliceosome"/>
      <span end="40904" id="15207008-4837" start="40884">alternative splicing</span>
    </annotation>
    <annotation annotator="Mike Bada, University of Colorado Anschutz Medical Campus" id="GO_BP_2016_02_16_with_nested_annotations_Instance_21896" type="identity">
      <class id="GO_EXT:biological_direction_or_guidance" label="biological direction/guidance"/>
      <span end="41145" id="15207008-4954" start="41136">directing</span>
    </annotation>
    <annotation annotator="Mike Bada, University of Colorado Anschutz Medical Campus" id="GO_BP_2016_02_16_Instance_44793" type="identity">
      <class id="GO:0008380" label="RNA splicing"/>
      <span end="41156" id="15207008-4839" start="41150">splice</span>
    </annotation>
    <annotation annotator="Mike Bada, University of Colorado Anschutz Medical Campus" id="GO_BP_2016_02_16_Instance_90066" type="identity">
      <class id="GO_EXT:transcription" label="transcription"/>
      <span end="41480" id="15207008-4926" start="41467">transcription</span>
    </annotation>
    <annotation annotator="Mike Bada, University of Colorado Anschutz Medical Campus" id="GO_BP_2016_02_16_Instance_44795" type="identity">
      <class id="GO:0008380" label="RNA splicing"/>
      <span end="41564" id="15207008-4841" start="41556">splicing</span>
    </annotation>
    <annotation annotator="Mike Bada, University of Colorado Anschutz Medical Campus" id="GO_BP_2016_02_16_Instance_44797" type="identity">
      <class id="GO:0006412" label="translation"/>
      <span end="42310" id="15207008-4843" start="42300">translated</span>
    </annotation>
    <annotation annotator="Mike Bada, University of Colorado Anschutz Medical Campus" id="GO_BP_2016_02_16_Instance_90068" type="identity">
      <class id="GO_EXT:reverse_transcription_or_reverse_transcriptase" label="reverse transcription or reverse transcriptase"/>
      <span end="43091" id="15207008-4928" start="43089">rt</span>
    </annotation>
    <annotation annotator="Mike Bada, University of Colorado Anschutz Medical Campus" id="GO_BP_2016_02_16_Instance_44799" type="identity">
      <class id="GO:0000380" label="alternative mRNA splicing, via spliceosome"/>
      <span end="43737" id="15207008-4845" start="43731">splice</span>
    </annotation>
    <annotation annotator="Mike Bada, University of Colorado Anschutz Medical Campus" id="GO_BP_2016_02_16_Instance_90070" type="identity">
      <class id="GO:0001171" label="reverse transcription"/>
      <span end="44329" id="15207008-4930" start="44308">Reverse transcription</span>
    </annotation>
    <annotation annotator="Mike Bada, University of Colorado Anschutz Medical Campus" id="GO_BP_2016_02_16_Instance_44803" type="identity">
      <class id="GO:0009294" label="DNA mediated transformation"/>
      <span end="44564" id="15207008-4847" start="44553">transformed</span>
    </annotation>
    <annotation annotator="Mike Bada, University of Colorado Anschutz Medical Campus" id="GO_BP_2016_02_16_Instance_44805" type="identity">
      <class id="GO:0010467" label="gene expression"/>
      <span end="48520" id="15207008-4849" start="48511">expressed</span>
    </annotation>
    <annotation annotator="Mike Bada, University of Colorado Anschutz Medical Campus" id="GO_BP_2016_02_16_Instance_44807" type="identity">
      <class id="GO:0019835" label="cytolysis"/>
      <span end="48762" id="15207008-4851" start="48757">lysed</span>
    </annotation>
    <annotation annotator="Mike Bada, University of Colorado Anschutz Medical Campus" id="GO_BP_2016_02_16_with_nested_annotations_Instance_50024" type="identity">
      <class id="GO_EXT:biological_movement_or_translocation_process" label="biological movement/translocation process"/>
      <span end="48879" id="15207008-4962" start="48870">mobilized</span>
    </annotation>
    <annotation annotator="Mike Bada, University of Colorado Anschutz Medical Campus" id="GO_BP_2016_02_16_Instance_90072" type="identity">
      <class id="GO_EXT:transcription" label="transcription"/>
      <span end="49104" id="15207008-4932" start="49091">transcription</span>
    </annotation>
    <annotation annotator="Mike Bada, University of Colorado Anschutz Medical Campus" id="GO_BP_2016_02_16_Instance_44811" type="identity">
      <class id="GO:0006412" label="translation"/>
      <span end="49116" id="15207008-4853" start="49105">translation</span>
    </annotation>
    <annotation annotator="Mike Bada, University of Colorado Anschutz Medical Campus" id="GO_BP_2016_02_16_Instance_44813" type="identity">
      <class id="GO:0006412" label="translation"/>
      <span end="49246" id="15207008-4855" start="49236">translated</span>
    </annotation>
    <annotation annotator="Mike Bada, University of Colorado Anschutz Medical Campus" id="GO_BP_2016_02_16_with_nested_annotations_Instance_50026" type="identity">
      <class id="GO_EXT:biological_movement_or_translocation_process" label="biological movement/translocation process"/>
      <span end="49361" id="15207008-4964" start="49352">mobilized</span>
    </annotation>
    <annotation annotator="Mike Bada, University of Colorado Anschutz Medical Campus" id="GO_BP_2016_02_16_Instance_44815" type="identity">
      <class id="GO:0008380" label="RNA splicing"/>
      <span end="50042" id="15207008-4857" start="50036">splice</span>
    </annotation>
    <annotation annotator="Mike Bada, University of Colorado Anschutz Medical Campus" id="GO_BP_2016_02_16_with_nested_annotations_Instance_110146" type="identity">
      <class id="GO_SO_EXT:sequence_rearrangement_process" label="sequence rearrangement process"/>
      <span end="51367" id="15207008-4938" start="51354">recombination</span>
    </annotation>
    <graph-space id="Old Knowtator Relations"/>
  </document>
</knowtator-project>
