<?xml version="1.0" encoding="UTF-8" standalone="no"?>
<knowtator-project>
  <document id="15314655" text-file="15314655.txt">
    <annotation annotator="Mike Bada, University of Colorado Anschutz Medical Campus" id="GO_BP_2016_02_16_Instance_90344" type="identity">
      <class id="GO_EXT:transcription" label="transcription"/>
      <span end="52" id="15314655-5365" start="37">Transcriptional</span>
    </annotation>
    <annotation annotator="Mike Bada, University of Colorado Anschutz Medical Campus" id="GO_BP_2016_02_16_with_nested_annotations_Instance_241918" type="identity">
      <class id="GO_EXT:regulator" label="regulator"/>
      <span end="99" id="15314655-5535" start="90">Regulator</span>
    </annotation>
    <annotation annotator="Mike Bada, University of Colorado Anschutz Medical Campus" id="GO_BP_2016_02_16_Instance_54643" type="identity">
      <class id="GO:0030097" label="hemopoiesis"/>
      <span end="116" id="15314655-5017" start="103">Hematopoiesis</span>
    </annotation>
    <annotation annotator="Mike Bada, University of Colorado Anschutz Medical Campus" id="GO_BP_2016_02_16_Instance_54645" type="identity">
      <class id="GO:0030097" label="hemopoiesis"/>
      <span end="141" id="15314655-5019" start="128">Hematopoiesis</span>
    </annotation>
    <annotation annotator="Mike Bada, University of Colorado Anschutz Medical Campus" id="GO_BP_2016_02_16_Instance_22665" type="identity">
      <class id="GO:0065007" label="biological regulation"/>
      <span end="222" id="15314655-4980" start="214">regulate</span>
    </annotation>
    <annotation annotator="Mike Bada, University of Colorado Anschutz Medical Campus" id="GO_BP_2016_02_16_Instance_90346" type="identity">
      <class id="GO_EXT:transcription" label="transcription"/>
      <span end="236" id="15314655-5367" start="223">transcription</span>
    </annotation>
    <annotation annotator="Mike Bada, University of Colorado Anschutz Medical Campus" id="GO_BP_2016_02_16_Instance_90352" type="identity">
      <class id="GO:0035162" label="embryonic hemopoiesis"/>
      <span end="367" id="15314655-5369" start="358">embryonic</span>
      <span end="391" id="15314655-5370" start="378">hematopoiesis</span>
    </annotation>
    <annotation annotator="Mike Bada, University of Colorado Anschutz Medical Campus" id="GO_BP_2016_02_16_Instance_90354" type="identity">
      <class id="GO_EXT:transcription" label="transcription"/>
      <span end="515" id="15314655-5372" start="500">transcriptional</span>
    </annotation>
    <annotation annotator="Mike Bada, University of Colorado Anschutz Medical Campus" id="GO_BP_2016_02_16_Instance_54651" type="identity">
      <class id="GO:0030097" label="hemopoiesis"/>
      <span end="655" id="15314655-5021" start="642">hematopoietic</span>
    </annotation>
    <annotation annotator="Mike Bada, University of Colorado Anschutz Medical Campus" id="GO_BP_2016_02_16_Instance_54653" type="identity">
      <class id="GO:0010467" label="gene expression"/>
      <span end="703" id="15314655-5023" start="696">express</span>
    </annotation>
    <annotation annotator="Mike Bada, University of Colorado Anschutz Medical Campus" id="GO_BP_2016_02_16_Instance_54655" type="identity">
      <class id="GO:0030097" label="hemopoiesis"/>
      <span end="734" id="15314655-5025" start="721">hematopoietic</span>
    </annotation>
    <annotation annotator="Mike Bada, University of Colorado Anschutz Medical Campus" id="GO_BP_2016_02_16_Instance_90356" type="identity">
      <class id="GO_EXT:transcription" label="transcription"/>
      <span end="748" id="15314655-5374" start="735">transcription</span>
    </annotation>
    <annotation annotator="Mike Bada, University of Colorado Anschutz Medical Campus" id="GO_BP_2016_02_16_Instance_54657" type="identity">
      <class id="GO:0006915" label="apoptotic process"/>
      <span end="796" id="15314655-5027" start="787">apoptosis</span>
    </annotation>
    <annotation annotator="Mike Bada, University of Colorado Anschutz Medical Campus" id="GO_BP_2016_02_16_Instance_54659" type="identity">
      <class id="GO:0010467" label="gene expression"/>
      <span end="891" id="15314655-5029" start="881">expression</span>
    </annotation>
    <annotation annotator="Mike Bada, University of Colorado Anschutz Medical Campus" id="GO_BP_2016_02_16_Instance_54661" type="identity">
      <class id="GO:0035162" label="embryonic hemopoiesis"/>
      <span end="947" id="15314655-5031" start="924">embryonic hematopoiesis</span>
    </annotation>
    <annotation annotator="Mike Bada, University of Colorado Anschutz Medical Campus" id="GO_BP_2016_02_16_Instance_54663" type="identity">
      <class id="GO:0010467" label="gene expression"/>
      <span end="1034" id="15314655-5033" start="1024">expression</span>
    </annotation>
    <annotation annotator="Mike Bada, University of Colorado Anschutz Medical Campus" id="GO_BP_2016_02_16_Instance_54665" type="identity">
      <class id="GO:0030097" label="hemopoiesis"/>
      <span end="1083" id="15314655-5035" start="1070">hematopoietic</span>
    </annotation>
    <annotation annotator="Mike Bada, University of Colorado Anschutz Medical Campus" id="GO_BP_2016_02_16_Instance_54667" type="identity">
      <class id="GO:0048468" label="cell development"/>
      <span end="1093" id="15314655-5037" start="1089">cell</span>
      <span end="1118" id="15314655-5038" start="1109">formation</span>
    </annotation>
    <annotation annotator="Mike Bada, University of Colorado Anschutz Medical Campus" id="GO_BP_2016_02_16_Instance_54669" type="identity">
      <class id="GO:0010467" label="gene expression"/>
      <span end="1144" id="15314655-5040" start="1134">expression</span>
    </annotation>
    <annotation annotator="Mike Bada, University of Colorado Anschutz Medical Campus" id="GO_BP_2016_02_16_Instance_240360" type="identity">
      <class id="GO_RO_EXT:developmental_differentiation_process" label="developmental differentiation process"/>
      <span end="1252" id="15314655-4988" start="1237">differentiation</span>
    </annotation>
    <annotation annotator="Mike Bada, University of Colorado Anschutz Medical Campus" id="GO_BP_2016_02_16_Instance_90358" type="identity">
      <class id="GO_PATO_EXT:biological_localization_process_or_quality" label="biological localization process or quality"/>
      <span end="1360" id="15314655-5376" start="1351">localized</span>
    </annotation>
    <annotation annotator="Mike Bada, University of Colorado Anschutz Medical Campus" id="GO_BP_2016_02_16_Instance_54675" type="identity">
      <class id="GO:0010467" label="gene expression"/>
      <span end="1402" id="15314655-5042" start="1392">expression</span>
    </annotation>
    <annotation annotator="Mike Bada, University of Colorado Anschutz Medical Campus" id="GO_BP_2016_02_16_Instance_54677" type="identity">
      <class id="GO:0048469" label="cell maturation"/>
      <span end="1445" id="15314655-5044" start="1430">cell maturation</span>
    </annotation>
    <annotation annotator="Mike Bada, University of Colorado Anschutz Medical Campus" id="GO_BP_2016_02_16_Instance_90360" type="identity">
      <class id="GO_EXT:transcription" label="transcription"/>
      <span end="1506" id="15314655-5378" start="1491">transcriptional</span>
    </annotation>
    <annotation annotator="Mike Bada, University of Colorado Anschutz Medical Campus" id="GO_BP_2016_02_16_Instance_21993" type="identity">
      <class id="GO:0030154" label="cell differentiation"/>
      <span end="1552" id="15314655-4970" start="1534">differentiation of</span>
      <span end="1572" id="15314655-4971" start="1567">cells</span>
    </annotation>
    <annotation annotator="Mike Bada, University of Colorado Anschutz Medical Campus" id="GO_BP_2016_02_16_Instance_54679" type="identity">
      <class id="GO:0030097" label="hemopoiesis"/>
      <span end="1566" id="15314655-5046" start="1553">hematopoietic</span>
    </annotation>
    <annotation annotator="Mike Bada, University of Colorado Anschutz Medical Campus" id="GO_BP_2016_02_16_Instance_54681" type="identity">
      <class id="GO:0030097" label="hemopoiesis"/>
      <span end="1617" id="15314655-5048" start="1604">Hematopoiesis</span>
    </annotation>
    <annotation annotator="Mike Bada, University of Colorado Anschutz Medical Campus" id="GO_BP_2016_02_16_Instance_54683" type="identity">
      <class id="GO:0008283" label="cell proliferation"/>
      <span end="1674" id="15314655-5050" start="1656">cell proliferation</span>
    </annotation>
    <annotation annotator="Mike Bada, University of Colorado Anschutz Medical Campus" id="GO_BP_2016_02_16_Instance_90364" type="identity">
      <class id="GO:0030154" label="cell differentiation"/>
      <span end="1697" id="15314655-5380" start="1679">differentiation of</span>
      <span end="1743" id="15314655-5381" start="1738">cells</span>
    </annotation>
    <annotation annotator="Mike Bada, University of Colorado Anschutz Medical Campus" id="GO_BP_2016_02_16_Instance_54685" type="identity">
      <class id="GO:0030097" label="hemopoiesis"/>
      <span end="1835" id="15314655-5052" start="1822">Hematopoiesis</span>
    </annotation>
    <annotation annotator="Mike Bada, University of Colorado Anschutz Medical Campus" id="GO_BP_2016_02_16_Instance_240362" type="identity">
      <class id="GO_PATO_RO_EXT:developmental_differentiation_process_or_quality" label="developmental differentiation process or quality"/>
      <span end="2050" id="15314655-4990" start="2036">differentiated</span>
    </annotation>
    <annotation annotator="Mike Bada, University of Colorado Anschutz Medical Campus" id="GO_BP_2016_02_16_Instance_54689" type="identity">
      <class id="GO:0030097" label="hemopoiesis"/>
      <span end="2185" id="15314655-5054" start="2172">hematopoiesis</span>
    </annotation>
    <annotation annotator="Mike Bada, University of Colorado Anschutz Medical Campus" id="GO_BP_2016_02_16_Instance_240364" type="identity">
      <class id="GO_RO_EXT:developmental_differentiation_process" label="developmental differentiation process"/>
      <span end="2272" id="15314655-4992" start="2259">differentiate</span>
    </annotation>
    <annotation annotator="Mike Bada, University of Colorado Anschutz Medical Campus" id="GO_BP_2016_02_16_Instance_54693" type="identity">
      <class id="GO:0030097" label="hemopoiesis"/>
      <span end="2336" id="15314655-5056" start="2323">hematopoiesis</span>
    </annotation>
    <annotation annotator="Mike Bada, University of Colorado Anschutz Medical Campus" id="GO_BP_2016_02_16_Instance_54695" type="identity">
      <class id="GO:0030097" label="hemopoiesis"/>
      <span end="2445" id="15314655-5058" start="2432">hematopoiesis</span>
    </annotation>
    <annotation annotator="Mike Bada, University of Colorado Anschutz Medical Campus" id="GO_BP_2016_02_16_with_nested_annotations_Instance_22586" type="identity">
      <class id="GO:0060216" label="definitive hemopoiesis"/>
      <span end="2590" id="15314655-5498" start="2566">definitive hematopoietic</span>
    </annotation>
    <annotation annotator="Mike Bada, University of Colorado Anschutz Medical Campus" id="GO_BP_2016_02_16_Instance_54701" type="identity">
      <class id="GO:0065007" label="biological regulation"/>
      <span end="2829" id="15314655-5060" start="2822">control</span>
    </annotation>
    <annotation annotator="Mike Bada, University of Colorado Anschutz Medical Campus" id="GO_BP_2016_02_16_Instance_54703" type="identity">
      <class id="GO:0030097" label="hemopoiesis"/>
      <span end="2843" id="15314655-5062" start="2830">hematopoiesis</span>
    </annotation>
    <annotation annotator="Mike Bada, University of Colorado Anschutz Medical Campus" id="GO_BP_2016_02_16_Instance_54705" type="identity">
      <class id="GO:0010467" label="gene expression"/>
      <span end="3029" id="15314655-5064" start="3022">express</span>
    </annotation>
    <annotation annotator="Mike Bada, University of Colorado Anschutz Medical Campus" id="GO_BP_2016_02_16_Instance_90366" type="identity">
      <class id="GO_EXT:transcription" label="transcription"/>
      <span end="3057" id="15314655-5383" start="3044">transcription</span>
    </annotation>
    <annotation annotator="Mike Bada, University of Colorado Anschutz Medical Campus" id="GO_BP_2016_02_16_Instance_90368" type="identity">
      <class id="GO:0035162" label="embryonic hemopoiesis"/>
      <span end="3106" id="15314655-5385" start="3083">embryonic hematopoietic</span>
    </annotation>
    <annotation annotator="Mike Bada, University of Colorado Anschutz Medical Campus" id="GO_BP_2016_02_16_with_nested_annotations_Instance_22580" type="identity">
      <class id="GO:0060215" label="primitive hemopoiesis"/>
      <span end="3381" id="15314655-5490" start="3362">primitive embryonic</span>
      <span end="3416" id="15314655-5491" start="3403">hematopoiesis</span>
    </annotation>
    <annotation annotator="Mike Bada, University of Colorado Anschutz Medical Campus" id="GO_BP_2016_02_16_with_nested_annotations_Instance_22582" type="identity">
      <class id="GO:0060216" label="definitive hemopoiesis"/>
      <span end="3396" id="15314655-5493" start="3386">definitive</span>
      <span end="3416" id="15314655-5494" start="3403">hematopoiesis</span>
    </annotation>
    <annotation annotator="Mike Bada, University of Colorado Anschutz Medical Campus" id="GO_BP_2016_02_16_Instance_54711" type="identity">
      <class id="GO:0010467" label="gene expression"/>
      <span end="3549" id="15314655-5066" start="3542">express</span>
    </annotation>
    <annotation annotator="Mike Bada, University of Colorado Anschutz Medical Campus" id="GO_BP_2016_02_16_Instance_54713" type="identity">
      <class id="GO:0030097" label="hemopoiesis"/>
      <span end="3580" id="15314655-5068" start="3567">hematopoietic</span>
    </annotation>
    <annotation annotator="Mike Bada, University of Colorado Anschutz Medical Campus" id="GO_BP_2016_02_16_Instance_90370" type="identity">
      <class id="GO_EXT:transcription" label="transcription"/>
      <span end="3594" id="15314655-5387" start="3581">transcription</span>
    </annotation>
    <annotation annotator="Mike Bada, University of Colorado Anschutz Medical Campus" id="GO_BP_2016_02_16_Instance_54715" type="identity">
      <class id="GO:0006915" label="apoptotic process"/>
      <span end="3624" id="15314655-5070" start="3615">apoptosis</span>
    </annotation>
    <annotation annotator="Mike Bada, University of Colorado Anschutz Medical Campus" id="GO_BP_2016_02_16_Instance_90372" type="identity">
      <class id="GO_EXT:transcription" label="transcription"/>
      <span end="3724" id="15314655-5389" start="3709">transcriptional</span>
    </annotation>
    <annotation annotator="Mike Bada, University of Colorado Anschutz Medical Campus" id="GO_BP_2016_02_16_Instance_90374" type="identity">
      <class id="GO_EXT:transcription" label="transcription"/>
      <span end="3803" id="15314655-5391" start="3788">transcriptional</span>
    </annotation>
    <annotation annotator="Mike Bada, University of Colorado Anschutz Medical Campus" id="GO_BP_2016_02_16_Instance_54717" type="identity">
      <class id="GO:0006338" label="chromatin remodeling"/>
      <span end="4303" id="15314655-5072" start="4283">chromatin remodeling</span>
    </annotation>
    <annotation annotator="Mike Bada, University of Colorado Anschutz Medical Campus" id="GO_BP_2016_02_16_Instance_90376" type="identity">
      <class id="GO_EXT:transcription" label="transcription"/>
      <span end="4638" id="15314655-5393" start="4625">transcription</span>
    </annotation>
    <annotation annotator="Mike Bada, University of Colorado Anschutz Medical Campus" id="GO_BP_2016_02_16_Instance_90378" type="identity">
      <class id="GO:0007566" label="embryo implantation"/>
      <span end="5199" id="15314655-5395" start="5187">implantation</span>
    </annotation>
    <annotation annotator="Mike Bada, University of Colorado Anschutz Medical Campus" id="GO_BP_2016_02_16_Instance_54721" type="identity">
      <class id="GO:0009790" label="embryo development"/>
      <span end="5213" id="15314655-5074" start="5200">embryogenesis</span>
    </annotation>
    <annotation annotator="Mike Bada, University of Colorado Anschutz Medical Campus" id="GO_BP_2016_02_16_with_nested_annotations_Instance_241920" type="identity">
      <class id="GO_EXT:regulator" label="regulator"/>
      <span end="5517" id="15314655-5537" start="5508">regulator</span>
    </annotation>
    <annotation annotator="Mike Bada, University of Colorado Anschutz Medical Campus" id="GO_BP_2016_02_16_Instance_54727" type="identity">
      <class id="GO:0035162" label="embryonic hemopoiesis"/>
      <span end="5530" id="15314655-5076" start="5521">embryonic</span>
      <span end="5554" id="15314655-5077" start="5541">hematopoiesis</span>
    </annotation>
    <annotation annotator="Mike Bada, University of Colorado Anschutz Medical Campus" id="GO_BP_2016_02_16_Instance_54729" type="identity">
      <class id="GO:0035162" label="embryonic hemopoiesis"/>
      <span end="5686" id="15314655-5079" start="5663">embryonic hematopoiesis</span>
    </annotation>
    <annotation annotator="Mike Bada, University of Colorado Anschutz Medical Campus" id="GO_BP_2016_02_16_Instance_54731" type="identity">
      <class id="GO:0010467" label="gene expression"/>
      <span end="5715" id="15314655-5081" start="5706">expressed</span>
    </annotation>
    <annotation annotator="Mike Bada, University of Colorado Anschutz Medical Campus" id="GO_BP_2016_02_16_Instance_54733" type="identity">
      <class id="GO:0030097" label="hemopoiesis"/>
      <span end="5766" id="15314655-5083" start="5753">hematopoietic</span>
    </annotation>
    <annotation annotator="Mike Bada, University of Colorado Anschutz Medical Campus" id="GO_BP_2016_02_16_Instance_90382" type="identity">
      <class id="GO_EXT:negative_regulation" label="negative regulation"/>
      <span end="5798" id="15314655-5397" start="5785">downregulated</span>
    </annotation>
    <annotation annotator="Mike Bada, University of Colorado Anschutz Medical Campus" id="GO_BP_2016_02_16_with_nested_annotations_Instance_21842" type="identity">
      <class id="GO_PATO_EXT:biological_maturation" label="biological maturation"/>
      <span end="5822" id="15314655-5472" start="5812">maturation</span>
    </annotation>
    <annotation annotator="Mike Bada, University of Colorado Anschutz Medical Campus" id="GO_BP_2016_02_16_with_nested_annotations_Instance_60118" type="identity">
      <class id="GO_PATO_EXT:biological_localization_process_or_quality" label="biological localization process or quality"/>
      <span end="5854" id="15314655-5545" start="5845">localizes</span>
    </annotation>
    <annotation annotator="Mike Bada, University of Colorado Anschutz Medical Campus" id="GO_BP_2016_02_16_Instance_54737" type="identity">
      <class id="GO:0048468" label="cell development"/>
      <span end="6063" id="15314655-5085" start="6047">cell development</span>
    </annotation>
    <annotation annotator="Mike Bada, University of Colorado Anschutz Medical Campus" id="GO_BP_2016_02_16_with_nested_annotations_Instance_24039" type="identity">
      <class id="GO:0060319" label="primitive erythrocyte differentiation"/>
      <span end="6142" id="15314655-5504" start="6133">Primitive</span>
      <span end="6172" id="15314655-5505" start="6158">Erythropoiesis</span>
    </annotation>
    <annotation annotator="Mike Bada, University of Colorado Anschutz Medical Campus" id="GO_BP_2016_02_16_with_nested_annotations_Instance_24041" type="identity">
      <class id="GO:0060318" label="definitive erythrocyte differentiation"/>
      <span end="6172" id="15314655-5507" start="6147">Definitive Erythropoiesis</span>
    </annotation>
    <annotation annotator="Mike Bada, University of Colorado Anschutz Medical Campus" id="GO_BP_2016_02_16_Instance_54741" type="identity">
      <class id="GO:0030097" label="hemopoiesis"/>
      <span end="6273" id="15314655-5087" start="6260">hematopoietic</span>
    </annotation>
    <annotation annotator="Mike Bada, University of Colorado Anschutz Medical Campus" id="GO_BP_2016_02_16_Instance_54743" type="identity">
      <class id="GO:0010467" label="gene expression"/>
      <span end="6289" id="15314655-5089" start="6274">gene expression</span>
    </annotation>
    <annotation annotator="Mike Bada, University of Colorado Anschutz Medical Campus" id="GO_BP_2016_02_16_Instance_54745" type="identity">
      <class id="GO:0006915" label="apoptotic process"/>
      <span end="6303" id="15314655-5091" start="6294">apoptosis</span>
    </annotation>
    <annotation annotator="Mike Bada, University of Colorado Anschutz Medical Campus" id="GO_BP_2016_02_16_Instance_54747" type="identity">
      <class id="GO:0009790" label="embryo development"/>
      <span end="6368" id="15314655-5093" start="6355">embryogenesis</span>
    </annotation>
    <annotation annotator="Mike Bada, University of Colorado Anschutz Medical Campus" id="GO_BP_2016_02_16_Instance_54749" type="identity">
      <class id="GO:0010467" label="gene expression"/>
      <span end="6537" id="15314655-5095" start="6527">expression</span>
    </annotation>
    <annotation annotator="Mike Bada, University of Colorado Anschutz Medical Campus" id="GO_BP_2016_02_16_Instance_54751" type="identity">
      <class id="GO:0030097" label="hemopoiesis"/>
      <span end="6563" id="15314655-5097" start="6550">hematopoietic</span>
    </annotation>
    <annotation annotator="Mike Bada, University of Colorado Anschutz Medical Campus" id="GO_BP_2016_02_16_Instance_240366" type="identity">
      <class id="GO_RO_EXT:developmental_differentiation_process" label="developmental differentiation process"/>
      <span end="6700" id="15314655-4994" start="6685">differentiating</span>
    </annotation>
    <annotation annotator="Mike Bada, University of Colorado Anschutz Medical Campus" id="GO_BP_2016_02_16_Instance_54755" type="identity">
      <class id="GO:0012501" label="programmed cell death"/>
      <span end="6746" id="15314655-5099" start="6725">programmed cell death</span>
    </annotation>
    <annotation annotator="Mike Bada, University of Colorado Anschutz Medical Campus" id="GO_BP_2016_02_16_Instance_90384" type="identity">
      <class id="GO:0009566" label="fertilization"/>
      <span end="6797" id="15314655-5399" start="6784">fertilization</span>
    </annotation>
    <annotation annotator="Mike Bada, University of Colorado Anschutz Medical Campus" id="GO_BP_2016_02_16_Instance_54757" type="identity">
      <class id="GO:0010467" label="gene expression"/>
      <span end="6863" id="15314655-5101" start="6853">expression</span>
    </annotation>
    <annotation annotator="Mike Bada, University of Colorado Anschutz Medical Campus" id="GO_BP_2016_02_16_Instance_54759" type="identity">
      <class id="GO:0030097" label="hemopoiesis"/>
      <span end="6917" id="15314655-5103" start="6904">hematopoietic</span>
    </annotation>
    <annotation annotator="Mike Bada, University of Colorado Anschutz Medical Campus" id="GO_BP_2016_02_16_Instance_54761" type="identity">
      <class id="GO:0030097" label="hemopoiesis"/>
      <span end="7075" id="15314655-5105" start="7062">hematopoietic</span>
    </annotation>
    <annotation annotator="Mike Bada, University of Colorado Anschutz Medical Campus" id="GO_BP_2016_02_16_Instance_54765" type="identity">
      <class id="GO:0009790" label="embryo development"/>
      <span end="7142" id="15314655-5107" start="7128">development of</span>
      <span end="7161" id="15314655-5108" start="7154">embryos</span>
    </annotation>
    <annotation annotator="Mike Bada, University of Colorado Anschutz Medical Campus" id="GO_BP_2016_02_16_Instance_54767" type="identity">
      <class id="GO:0008219" label="cell death"/>
      <span end="7202" id="15314655-5110" start="7192">cell death</span>
    </annotation>
    <annotation annotator="Mike Bada, University of Colorado Anschutz Medical Campus" id="GO_BP_2016_02_16_Instance_54769" type="identity">
      <class id="GO:0010467" label="gene expression"/>
      <span end="7223" id="15314655-5112" start="7213">expression</span>
    </annotation>
    <annotation annotator="Mike Bada, University of Colorado Anschutz Medical Campus" id="GO_BP_2016_02_16_Instance_90388" type="identity">
      <class id="GO:0097152" label="mesenchymal cell apoptotic process"/>
      <span end="7549" id="15314655-5401" start="7519">apoptosis of mesenchymal cells</span>
    </annotation>
    <annotation annotator="Mike Bada, University of Colorado Anschutz Medical Campus" id="GO_BP_2016_02_16_Instance_22589" type="identity">
      <class id="GO:0048468" label="cell development"/>
      <span end="7664" id="15314655-4976" start="7653">development</span>
      <span end="7680" id="15314655-4977" start="7678">of</span>
      <span end="7722" id="15314655-4978" start="7717">cells</span>
    </annotation>
    <annotation annotator="Mike Bada, University of Colorado Anschutz Medical Campus" id="GO_BP_2016_02_16_Instance_54775" type="identity">
      <class id="GO:0014031" label="mesenchymal cell development"/>
      <span end="7664" id="15314655-5114" start="7653">development</span>
      <span end="7680" id="15314655-5115" start="7678">of</span>
      <span end="7754" id="15314655-5116" start="7737">mesenchymal cells</span>
    </annotation>
    <annotation annotator="Mike Bada, University of Colorado Anschutz Medical Campus" id="GO_BP_2016_02_16_with_nested_annotations_Instance_22588" type="identity">
      <class id="GO:0060216" label="definitive hemopoiesis"/>
      <span end="7798" id="15314655-5500" start="7774">definitive hematopoiesis</span>
    </annotation>
    <annotation annotator="Mike Bada, University of Colorado Anschutz Medical Campus" id="GO_BP_2016_02_16_with_nested_annotations_Instance_22228" type="identity">
      <class id="GO_EXT:fatality_or_lethality" label="fatality/lethality"/>
      <span end="7894" id="15314655-5482" start="7888">lethal</span>
    </annotation>
    <annotation annotator="Mike Bada, University of Colorado Anschutz Medical Campus" id="GO_BP_2016_02_16_Instance_54783" type="identity">
      <class id="GO:0030097" label="hemopoiesis"/>
      <span end="8248" id="15314655-5118" start="8235">hematopoiesis</span>
    </annotation>
    <annotation annotator="Mike Bada, University of Colorado Anschutz Medical Campus" id="GO_BP_2016_02_16_Instance_240368" type="identity">
      <class id="GO_RO_EXT:developmental_differentiation_process" label="developmental differentiation process"/>
      <span end="8386" id="15314655-4996" start="8371">differentiation</span>
    </annotation>
    <annotation annotator="Mike Bada, University of Colorado Anschutz Medical Campus" id="GO_BP_2016_02_16_with_nested_annotations_Instance_21844" type="identity">
      <class id="GO_PATO_EXT:biological_maturation" label="biological maturation"/>
      <span end="8474" id="15314655-5474" start="8464">maturation</span>
    </annotation>
    <annotation annotator="Mike Bada, University of Colorado Anschutz Medical Campus" id="GO_BP_2016_02_16_Instance_21995" type="identity">
      <class id="GO:0030154" label="cell differentiation"/>
      <span end="8546" id="15314655-4973" start="8528">differentiation of</span>
      <span end="8560" id="15314655-4974" start="8555">cells</span>
    </annotation>
    <annotation annotator="Mike Bada, University of Colorado Anschutz Medical Campus" id="GO_BP_2016_02_16_with_nested_annotations_Instance_24043" type="identity">
      <class id="GO:0060319" label="primitive erythrocyte differentiation"/>
      <span end="8661" id="15314655-5509" start="8652">primitive</span>
      <span end="8691" id="15314655-5510" start="8677">erythropoiesis</span>
    </annotation>
    <annotation annotator="Mike Bada, University of Colorado Anschutz Medical Campus" id="GO_BP_2016_02_16_with_nested_annotations_Instance_24045" type="identity">
      <class id="GO:0060318" label="definitive erythrocyte differentiation"/>
      <span end="8691" id="15314655-5512" start="8666">definitive erythropoiesis</span>
    </annotation>
    <annotation annotator="Mike Bada, University of Colorado Anschutz Medical Campus" id="GO_BP_2016_02_16_Instance_54789" type="identity">
      <class id="GO:0007126" label="meiotic nuclear division"/>
      <span end="9723" id="15314655-5120" start="9716">meioses</span>
    </annotation>
    <annotation annotator="Mike Bada, University of Colorado Anschutz Medical Campus" id="GO_BP_2016_02_16_Instance_90392" type="identity">
      <class id="GO_EXT:transcription" label="transcription"/>
      <span end="10226" id="15314655-5403" start="10211">transcriptional</span>
    </annotation>
    <annotation annotator="Mike Bada, University of Colorado Anschutz Medical Campus" id="GO_BP_2016_02_16_Instance_54793" type="identity">
      <class id="GO:0006412" label="translation"/>
      <span end="11699" id="15314655-5122" start="11688">translation</span>
    </annotation>
    <annotation annotator="Mike Bada, University of Colorado Anschutz Medical Campus" id="GO_BP_2016_02_16_Instance_54795" type="identity">
      <class id="GO:0006412" label="translation"/>
      <span end="11775" id="15314655-5124" start="11764">translation</span>
    </annotation>
    <annotation annotator="Mike Bada, University of Colorado Anschutz Medical Campus" id="GO_BP_2016_02_16_Instance_54797" type="identity">
      <class id="GO:0010467" label="gene expression"/>
      <span end="11942" id="15314655-5126" start="11932">expression</span>
    </annotation>
    <annotation annotator="Mike Bada, University of Colorado Anschutz Medical Campus" id="GO_BP_2016_02_16_Instance_54799" type="identity">
      <class id="GO:0010467" label="gene expression"/>
      <span end="12121" id="15314655-5128" start="12112">expressed</span>
    </annotation>
    <annotation annotator="Mike Bada, University of Colorado Anschutz Medical Campus" id="GO_BP_2016_02_16_Instance_54801" type="identity">
      <class id="GO:0030097" label="hemopoiesis"/>
      <span end="12138" id="15314655-5130" start="12125">hematopoietic</span>
    </annotation>
    <annotation annotator="Mike Bada, University of Colorado Anschutz Medical Campus" id="GO_BP_2016_02_16_Instance_54803" type="identity">
      <class id="GO:0010467" label="gene expression"/>
      <span end="12257" id="15314655-5132" start="12248">expressed</span>
    </annotation>
    <annotation annotator="Mike Bada, University of Colorado Anschutz Medical Campus" id="GO_BP_2016_02_16_Instance_54805" type="identity">
      <class id="GO:0007369" label="gastrulation"/>
      <span end="12347" id="15314655-5134" start="12335">gastrulation</span>
    </annotation>
    <annotation annotator="Mike Bada, University of Colorado Anschutz Medical Campus" id="GO_BP_2016_02_16_Instance_90394" type="identity">
      <class id="GO:0090504" label="epiboly"/>
      <span end="12359" id="15314655-5405" start="12352">epiboly</span>
    </annotation>
    <annotation annotator="Mike Bada, University of Colorado Anschutz Medical Campus" id="GO_BP_2016_02_16_Instance_54807" type="identity">
      <class id="GO:0010467" label="gene expression"/>
      <span end="12386" id="15314655-5136" start="12376">expression</span>
    </annotation>
    <annotation annotator="Mike Bada, University of Colorado Anschutz Medical Campus" id="GO_BP_2016_02_16_Instance_54809" type="identity">
      <class id="GO:0010467" label="gene expression"/>
      <span end="12510" id="15314655-5138" start="12500">expression</span>
    </annotation>
    <annotation annotator="Mike Bada, University of Colorado Anschutz Medical Campus" id="GO_BP_2016_02_16_Instance_54811" type="identity">
      <class id="GO:0010467" label="gene expression"/>
      <span end="12627" id="15314655-5140" start="12618">expresses</span>
    </annotation>
    <annotation annotator="Mike Bada, University of Colorado Anschutz Medical Campus" id="GO_BP_2016_02_16_with_nested_annotations_Instance_22574" type="identity">
      <class id="GO:0030097" label="hemopoiesis"/>
      <span end="12659" id="15314655-5484" start="12646">hematopoietic</span>
    </annotation>
    <annotation annotator="Mike Bada, University of Colorado Anschutz Medical Campus" id="GO_BP_2016_02_16_Instance_90396" type="identity">
      <class id="GO_EXT:transcription" label="transcription"/>
      <span end="12673" id="15314655-5407" start="12660">transcription</span>
    </annotation>
    <annotation annotator="Mike Bada, University of Colorado Anschutz Medical Campus" id="GO_BP_2016_02_16_Instance_54813" type="identity">
      <class id="GO:0010467" label="gene expression"/>
      <span end="12747" id="15314655-5142" start="12740">express</span>
    </annotation>
    <annotation annotator="Mike Bada, University of Colorado Anschutz Medical Campus" id="GO_BP_2016_02_16_Instance_54815" type="identity">
      <class id="GO:0010467" label="gene expression"/>
      <span end="12880" id="15314655-5144" start="12871">expressed</span>
    </annotation>
    <annotation annotator="Mike Bada, University of Colorado Anschutz Medical Campus" id="GO_BP_2016_02_16_Instance_26039" type="identity">
      <class id="GO:0000184" label="nuclear-transcribed mRNA catabolic process, nonsense-mediated decay"/>
      <span end="13094" id="15314655-5015" start="13063">nonsense-mediated message decay</span>
    </annotation>
    <annotation annotator="Mike Bada, University of Colorado Anschutz Medical Campus" id="GO_BP_2016_02_16_Instance_54817" type="identity">
      <class id="GO:0010467" label="gene expression"/>
      <span end="13143" id="15314655-5146" start="13134">expressed</span>
    </annotation>
    <annotation annotator="Mike Bada, University of Colorado Anschutz Medical Campus" id="GO_BP_2016_02_16_Instance_54819" type="identity">
      <class id="GO:0030097" label="hemopoiesis"/>
      <span end="13251" id="15314655-5148" start="13238">hematopoietic</span>
    </annotation>
    <annotation annotator="Mike Bada, University of Colorado Anschutz Medical Campus" id="GO_BP_2016_02_16_Instance_54821" type="identity">
      <class id="GO:0006915" label="apoptotic process"/>
      <span end="13288" id="15314655-5150" start="13279">apoptosis</span>
    </annotation>
    <annotation annotator="Mike Bada, University of Colorado Anschutz Medical Campus" id="GO_BP_2016_02_16_Instance_54823" type="identity">
      <class id="GO:0010467" label="gene expression"/>
      <span end="13336" id="15314655-5152" start="13326">expression</span>
    </annotation>
    <annotation annotator="Mike Bada, University of Colorado Anschutz Medical Campus" id="GO_BP_2016_02_16_Instance_54825" type="identity">
      <class id="GO:0010467" label="gene expression"/>
      <span end="13420" id="15314655-5154" start="13411">expressed</span>
    </annotation>
    <annotation annotator="Mike Bada, University of Colorado Anschutz Medical Campus" id="GO_BP_2016_02_16_Instance_54827" type="identity">
      <class id="GO:0010467" label="gene expression"/>
      <span end="13497" id="15314655-5156" start="13488">expressed</span>
    </annotation>
    <annotation annotator="Mike Bada, University of Colorado Anschutz Medical Campus" id="GO_BP_2016_02_16_Instance_54829" type="identity">
      <class id="GO:0030097" label="hemopoiesis"/>
      <span end="13723" id="15314655-5158" start="13710">hematopoiesis</span>
    </annotation>
    <annotation annotator="Mike Bada, University of Colorado Anschutz Medical Campus" id="GO_BP_2016_02_16_Instance_54833" type="identity">
      <class id="GO:0010467" label="gene expression"/>
      <span end="13932" id="15314655-5160" start="13923">expressed</span>
    </annotation>
    <annotation annotator="Mike Bada, University of Colorado Anschutz Medical Campus" id="GO_BP_2016_02_16_Instance_90398" type="identity">
      <class id="GO_EXT:reverse_transcription_or_reverse_transcriptase" label="reverse transcription or reverse transcriptase"/>
      <span end="13988" id="15314655-5409" start="13986">RT</span>
    </annotation>
    <annotation annotator="Mike Bada, University of Colorado Anschutz Medical Campus" id="GO_BP_2016_02_16_Instance_54835" type="identity">
      <class id="GO:0010467" label="gene expression"/>
      <span end="14529" id="15314655-5162" start="14519">expression</span>
    </annotation>
    <annotation annotator="Mike Bada, University of Colorado Anschutz Medical Campus" id="GO_BP_2016_02_16_Instance_54837" type="identity">
      <class id="GO:0010467" label="gene expression"/>
      <span end="14716" id="15314655-5164" start="14707">expressed</span>
    </annotation>
    <annotation annotator="Mike Bada, University of Colorado Anschutz Medical Campus" id="GO_BP_2016_02_16_Instance_54839" type="identity">
      <class id="GO:0010467" label="gene expression"/>
      <span end="14814" id="15314655-5166" start="14804">expression</span>
    </annotation>
    <annotation annotator="Mike Bada, University of Colorado Anschutz Medical Campus" id="GO_BP_2016_02_16_Instance_54841" type="identity">
      <class id="GO:0030097" label="hemopoiesis"/>
      <span end="14862" id="15314655-5168" start="14849">hematopoietic</span>
    </annotation>
    <annotation annotator="Mike Bada, University of Colorado Anschutz Medical Campus" id="GO_BP_2016_02_16_Instance_54843" type="identity">
      <class id="GO:0010467" label="gene expression"/>
      <span end="14931" id="15314655-5170" start="14922">expressed</span>
    </annotation>
    <annotation annotator="Mike Bada, University of Colorado Anschutz Medical Campus" id="GO_BP_2016_02_16_Instance_90400" type="identity">
      <class id="GO:0010467" label="gene expression"/>
      <span end="15034" id="15314655-5411" start="15025">expressed</span>
    </annotation>
    <annotation annotator="Mike Bada, University of Colorado Anschutz Medical Campus" id="GO_BP_2016_02_16_Instance_54849" type="identity">
      <class id="GO:0010467" label="gene expression"/>
      <span end="15147" id="15314655-5172" start="15137">Expression</span>
    </annotation>
    <annotation annotator="Mike Bada, University of Colorado Anschutz Medical Campus" id="GO_BP_2016_02_16_Instance_54851" type="identity">
      <class id="GO:0030097" label="hemopoiesis"/>
      <span end="15178" id="15314655-5174" start="15165">Hematopoiesis</span>
    </annotation>
    <annotation annotator="Mike Bada, University of Colorado Anschutz Medical Campus" id="GO_BP_2016_02_16_Instance_54853" type="identity">
      <class id="GO:0048821" label="erythrocyte development"/>
      <span end="15456" id="15314655-5176" start="15444">formation of</span>
      <span end="15479" id="15314655-5177" start="15467">erythrocytes</span>
    </annotation>
    <annotation annotator="Mike Bada, University of Colorado Anschutz Medical Campus" id="GO_BP_2016_02_16_Instance_25239" type="identity">
      <class id="GO:0048568" label="embryonic organ development"/>
      <span end="15552" id="15314655-5012" start="15543">embryonic</span>
      <span end="15580" id="15314655-5013" start="15567">organogenesis</span>
    </annotation>
    <annotation annotator="Mike Bada, University of Colorado Anschutz Medical Campus" id="GO_BP_2016_02_16_Instance_90402" type="identity">
      <class id="GO_PATO_EXT:biological_patterning_process_or_quality" label="biological patterning process or quality"/>
      <span end="15563" id="15314655-5413" start="15553">patterning</span>
    </annotation>
    <annotation annotator="Mike Bada, University of Colorado Anschutz Medical Campus" id="GO_BP_2016_02_16_Instance_90406" type="identity">
      <class id="GO_EXT:hemoglobin_biosynthetic_process_or_import" label="hemoglobin biosynthetic process or import"/>
      <span end="15769" id="15314655-5415" start="15755">hemoglobinized</span>
    </annotation>
    <annotation annotator="Mike Bada, University of Colorado Anschutz Medical Campus" id="GO_BP_2016_02_16_Instance_90408" type="identity">
      <class id="GO:0010467" label="gene expression"/>
      <span end="16007" id="15314655-5417" start="15997">expression</span>
    </annotation>
    <annotation annotator="Mike Bada, University of Colorado Anschutz Medical Campus" id="GO_BP_2016_02_16_Instance_54859" type="identity">
      <class id="GO:0030097" label="hemopoiesis"/>
      <span end="16345" id="15314655-5179" start="16332">hematopoiesis</span>
    </annotation>
    <annotation annotator="Mike Bada, University of Colorado Anschutz Medical Campus" id="GO_BP_2016_02_16_with_nested_annotations_Instance_24047" type="identity">
      <class id="GO:0030218" label="erythrocyte differentiation"/>
      <span end="16393" id="15314655-5514" start="16379">Erythropoiesis</span>
    </annotation>
    <annotation annotator="Mike Bada, University of Colorado Anschutz Medical Campus" id="GO_BP_2016_02_16_Instance_54861" type="identity">
      <class id="GO:0010467" label="gene expression"/>
      <span end="16445" id="15314655-5181" start="16435">expression</span>
    </annotation>
    <annotation annotator="Mike Bada, University of Colorado Anschutz Medical Campus" id="GO_BP_2016_02_16_Instance_230610" type="identity">
      <class id="GO_EXT:regulator" label="regulator"/>
      <span end="16521" id="15314655-4984" start="16512">regulator</span>
    </annotation>
    <annotation annotator="Mike Bada, University of Colorado Anschutz Medical Campus" id="GO_BP_2016_02_16_Instance_54863" type="identity">
      <class id="GO:0010467" label="gene expression"/>
      <span end="16540" id="15314655-5183" start="16525">gene expression</span>
    </annotation>
    <annotation annotator="Mike Bada, University of Colorado Anschutz Medical Campus" id="GO_BP_2016_02_16_Instance_54865" type="identity">
      <class id="GO:0030097" label="hemopoiesis"/>
      <span end="16557" id="15314655-5185" start="16544">hematopoietic</span>
    </annotation>
    <annotation annotator="Mike Bada, University of Colorado Anschutz Medical Campus" id="GO_BP_2016_02_16_Instance_54867" type="identity">
      <class id="GO:0010467" label="gene expression"/>
      <span end="16852" id="15314655-5187" start="16842">expression</span>
    </annotation>
    <annotation annotator="Mike Bada, University of Colorado Anschutz Medical Campus" id="GO_BP_2016_02_16_with_nested_annotations_Instance_24115" type="identity">
      <class id="GO:0036268" label="swimming"/>
      <span end="17710" id="15314655-5533" start="17706">swim</span>
    </annotation>
    <annotation annotator="Mike Bada, University of Colorado Anschutz Medical Campus" id="GO_BP_2016_02_16_Instance_54869" type="identity">
      <class id="GO:0016265" label="death"/>
      <span end="17802" id="15314655-5189" start="17797">dying</span>
    </annotation>
    <annotation annotator="Mike Bada, University of Colorado Anschutz Medical Campus" id="GO_BP_2016_02_16_Instance_90412" type="identity">
      <class id="GO:0030097" label="hemopoiesis"/>
      <span end="18161" id="15314655-5419" start="18148">hematopoietic</span>
    </annotation>
    <annotation annotator="Mike Bada, University of Colorado Anschutz Medical Campus" id="GO_BP_2016_02_16_Instance_90414" type="identity">
      <class id="GO:0065007" label="biological regulation"/>
      <span end="18317" id="15314655-5421" start="18308">Regulated</span>
    </annotation>
    <annotation annotator="Mike Bada, University of Colorado Anschutz Medical Campus" id="GO_BP_2016_02_16_with_nested_annotations_Instance_21898" type="identity">
      <class id="GO_EXT:biological_direction_or_guidance" label="biological direction/guidance"/>
      <span end="18456" id="15314655-5478" start="18448">directed</span>
    </annotation>
    <annotation annotator="Mike Bada, University of Colorado Anschutz Medical Campus" id="GO_BP_2016_02_16_Instance_90416" type="identity">
      <class id="GO_PATO_EXT:biological_localization_process_or_quality" label="biological localization process or quality"/>
      <span end="18656" id="15314655-5423" start="18647">localized</span>
    </annotation>
    <annotation annotator="Mike Bada, University of Colorado Anschutz Medical Campus" id="GO_BP_2016_02_16_Instance_90418" type="identity">
      <class id="GO_PATO_EXT:biological_localization_process_or_quality" label="biological localization process or quality"/>
      <span end="18708" id="15314655-5425" start="18696">localization</span>
    </annotation>
    <annotation annotator="Mike Bada, University of Colorado Anschutz Medical Campus" id="GO_BP_2016_02_16_Instance_90420" type="identity">
      <class id="GO_PATO_EXT:biological_localization_process_or_quality" label="biological localization process or quality"/>
      <span end="19053" id="15314655-5427" start="19041">localization</span>
    </annotation>
    <annotation annotator="Mike Bada, University of Colorado Anschutz Medical Campus" id="GO_BP_2016_02_16_Instance_54879" type="identity">
      <class id="GO:0010467" label="gene expression"/>
      <span end="19067" id="15314655-5191" start="19057">expression</span>
    </annotation>
    <annotation annotator="Mike Bada, University of Colorado Anschutz Medical Campus" id="GO_BP_2016_02_16_Instance_54881" type="identity">
      <class id="GO:0065007" label="biological regulation"/>
      <span end="19105" id="15314655-5193" start="19096">regulated</span>
    </annotation>
    <annotation annotator="Mike Bada, University of Colorado Anschutz Medical Campus" id="GO_BP_2016_02_16_with_nested_annotations_Instance_60120" type="identity">
      <class id="GO_PATO_EXT:biological_localization_process_or_quality" label="biological localization process or quality"/>
      <span end="19225" id="15314655-5547" start="19217">localize</span>
    </annotation>
    <annotation annotator="Mike Bada, University of Colorado Anschutz Medical Campus" id="GO_BP_2016_02_16_with_nested_annotations_Instance_60122" type="identity">
      <class id="GO_PATO_EXT:biological_localization_process_or_quality" label="biological localization process or quality"/>
      <span end="19352" id="15314655-5549" start="19344">localize</span>
    </annotation>
    <annotation annotator="Mike Bada, University of Colorado Anschutz Medical Campus" id="GO_BP_2016_02_16_Instance_54885" type="identity">
      <class id="GO:0006281" label="DNA repair"/>
      <span end="19426" id="15314655-5195" start="19416">DNA repair</span>
    </annotation>
    <annotation annotator="Mike Bada, University of Colorado Anschutz Medical Campus" id="GO_BP_2016_02_16_Instance_90426" type="identity">
      <class id="GO_EXT:transcription" label="transcription"/>
      <span end="19475" id="15314655-5429" start="19460">transcriptional</span>
    </annotation>
    <annotation annotator="Mike Bada, University of Colorado Anschutz Medical Campus" id="GO_BP_2016_02_16_Instance_54887" type="identity">
      <class id="GO:0010467" label="gene expression"/>
      <span end="19555" id="15314655-5197" start="19545">expression</span>
    </annotation>
    <annotation annotator="Mike Bada, University of Colorado Anschutz Medical Campus" id="GO_BP_2016_02_16_Instance_54889" type="identity">
      <class id="GO:0030154" label="cell differentiation"/>
      <span end="19602" id="15314655-5199" start="19584">differentiation of</span>
      <span end="19612" id="15314655-5200" start="19607">cells</span>
    </annotation>
    <annotation annotator="Mike Bada, University of Colorado Anschutz Medical Campus" id="GO_BP_2016_02_16_Instance_240370" type="identity">
      <class id="GO_RO_EXT:developmental_differentiation_process" label="developmental differentiation process"/>
      <span end="19682" id="15314655-4998" start="19669">differentiate</span>
    </annotation>
    <annotation annotator="Mike Bada, University of Colorado Anschutz Medical Campus" id="GO_BP_2016_02_16_with_nested_annotations_Instance_1012" type="identity">
      <class id="GO_EXT:reaction_or_response" label="reaction/response"/>
      <span end="19772" id="15314655-5470" start="19764">response</span>
    </annotation>
    <annotation annotator="Mike Bada, University of Colorado Anschutz Medical Campus" id="GO_BP_2016_02_16_Instance_54897" type="identity">
      <class id="GO:0010467" label="gene expression"/>
      <span end="19879" id="15314655-5202" start="19869">expression</span>
    </annotation>
    <annotation annotator="Mike Bada, University of Colorado Anschutz Medical Campus" id="GO_BP_2016_02_16_Instance_240372" type="identity">
      <class id="GO_RO_EXT:developmental_differentiation_process" label="developmental differentiation process"/>
      <span end="19929" id="15314655-5000" start="19914">differentiation</span>
    </annotation>
    <annotation annotator="Mike Bada, University of Colorado Anschutz Medical Campus" id="GO_BP_2016_02_16_Instance_54899" type="identity">
      <class id="GO:0010467" label="gene expression"/>
      <span end="20016" id="15314655-5204" start="20006">expression</span>
    </annotation>
    <annotation annotator="Mike Bada, University of Colorado Anschutz Medical Campus" id="GO_BP_2016_02_16_Instance_54901" type="identity">
      <class id="GO:0048469" label="cell maturation"/>
      <span end="20056" id="15314655-5206" start="20043">maturation of</span>
      <span end="20086" id="15314655-5207" start="20081">cells</span>
    </annotation>
    <annotation annotator="Mike Bada, University of Colorado Anschutz Medical Campus" id="GO_BP_2016_02_16_Instance_54903" type="identity">
      <class id="GO:0010467" label="gene expression"/>
      <span end="20196" id="15314655-5209" start="20187">expressed</span>
    </annotation>
    <annotation annotator="Mike Bada, University of Colorado Anschutz Medical Campus" id="GO_BP_2016_02_16_Instance_90428" type="identity">
      <class id="GO_PATO_EXT:biological_localization_process_or_quality" label="biological localization process or quality"/>
      <span end="20304" id="15314655-5431" start="20292">localization</span>
    </annotation>
    <annotation annotator="Mike Bada, University of Colorado Anschutz Medical Campus" id="GO_BP_2016_02_16_Instance_240374" type="identity">
      <class id="GO_RO_EXT:developmental_differentiation_process" label="developmental differentiation process"/>
      <span end="20341" id="15314655-5002" start="20326">differentiation</span>
    </annotation>
    <annotation annotator="Mike Bada, University of Colorado Anschutz Medical Campus" id="GO_BP_2016_02_16_Instance_240376" type="identity">
      <class id="GO_RO_EXT:developmental_differentiation_process" label="developmental differentiation process"/>
      <span end="20486" id="15314655-5004" start="20471">differentiation</span>
    </annotation>
    <annotation annotator="Mike Bada, University of Colorado Anschutz Medical Campus" id="GO_BP_2016_02_16_Instance_54909" type="identity">
      <class id="GO:0065007" label="biological regulation"/>
      <span end="20592" id="15314655-5211" start="20581">controlling</span>
    </annotation>
    <annotation annotator="Mike Bada, University of Colorado Anschutz Medical Campus" id="GO_BP_2016_02_16_Instance_54911" type="identity">
      <class id="GO:0010467" label="gene expression"/>
      <span end="20608" id="15314655-5213" start="20593">gene expression</span>
    </annotation>
    <annotation annotator="Mike Bada, University of Colorado Anschutz Medical Campus" id="GO_BP_2016_02_16_Instance_54913" type="identity">
      <class id="GO:0030097" label="hemopoiesis"/>
      <span end="20629" id="15314655-5215" start="20616">hematopoiesis</span>
    </annotation>
    <annotation annotator="Mike Bada, University of Colorado Anschutz Medical Campus" id="GO_BP_2016_02_16_Instance_90430" type="identity">
      <class id="GO_EXT:transcription" label="transcription"/>
      <span end="20976" id="15314655-5433" start="20961">transcriptional</span>
    </annotation>
    <annotation annotator="Mike Bada, University of Colorado Anschutz Medical Campus" id="GO_BP_2016_02_16_Instance_54915" type="identity">
      <class id="GO:0030097" label="hemopoiesis"/>
      <span end="21025" id="15314655-5217" start="21012">hematopoietic</span>
    </annotation>
    <annotation annotator="Mike Bada, University of Colorado Anschutz Medical Campus" id="GO_BP_2016_02_16_Instance_54917" type="identity">
      <class id="GO:0006402" label="mRNA catabolic process"/>
      <span end="21848" id="15314655-5219" start="21838">mRNA decay</span>
    </annotation>
    <annotation annotator="Mike Bada, University of Colorado Anschutz Medical Campus" id="GO_BP_2016_02_16_Instance_54919" type="identity">
      <class id="GO:0010467" label="gene expression"/>
      <span end="21894" id="15314655-5221" start="21885">expressed</span>
    </annotation>
    <annotation annotator="Mike Bada, University of Colorado Anschutz Medical Campus" id="GO_BP_2016_02_16_Instance_54921" type="identity">
      <class id="GO:0030097" label="hemopoiesis"/>
      <span end="21911" id="15314655-5223" start="21898">hematopoietic</span>
    </annotation>
    <annotation annotator="Mike Bada, University of Colorado Anschutz Medical Campus" id="GO_BP_2016_02_16_Instance_54923" type="identity">
      <class id="GO:0009790" label="embryo development"/>
      <span end="21942" id="15314655-5225" start="21929">embryogenesis</span>
    </annotation>
    <annotation annotator="Mike Bada, University of Colorado Anschutz Medical Campus" id="GO_BP_2016_02_16_Instance_54925" type="identity">
      <class id="GO:0010467" label="gene expression"/>
      <span end="22022" id="15314655-5227" start="22012">expression</span>
    </annotation>
    <annotation annotator="Mike Bada, University of Colorado Anschutz Medical Campus" id="GO_BP_2016_02_16_Instance_54927" type="identity">
      <class id="GO:0030097" label="hemopoiesis"/>
      <span end="22080" id="15314655-5229" start="22067">hematopoiesis</span>
    </annotation>
    <annotation annotator="Mike Bada, University of Colorado Anschutz Medical Campus" id="GO_BP_2016_02_16_Instance_54929" type="identity">
      <class id="GO:0035162" label="embryonic hemopoiesis"/>
      <span end="22133" id="15314655-5231" start="22117">hematopoiesis in</span>
      <span end="22151" id="15314655-5232" start="22144">embryos</span>
    </annotation>
    <annotation annotator="Mike Bada, University of Colorado Anschutz Medical Campus" id="GO_BP_2016_02_16_Instance_54931" type="identity">
      <class id="GO:0010467" label="gene expression"/>
      <span end="22264" id="15314655-5234" start="22255">expressed</span>
    </annotation>
    <annotation annotator="Mike Bada, University of Colorado Anschutz Medical Campus" id="GO_BP_2016_02_16_Instance_54935" type="identity">
      <class id="GO:0030097" label="hemopoiesis"/>
      <span end="22485" id="15314655-5236" start="22472">hematopoietic</span>
    </annotation>
    <annotation annotator="Mike Bada, University of Colorado Anschutz Medical Campus" id="GO_BP_2016_02_16_Instance_90432" type="identity">
      <class id="GO_EXT:transcription" label="transcription"/>
      <span end="22869" id="15314655-5435" start="22856">transcription</span>
    </annotation>
    <annotation annotator="Mike Bada, University of Colorado Anschutz Medical Campus" id="GO_BP_2016_02_16_Instance_54937" type="identity">
      <class id="GO:0030097" label="hemopoiesis"/>
      <span end="23230" id="15314655-5238" start="23217">hematopoiesis</span>
    </annotation>
    <annotation annotator="Mike Bada, University of Colorado Anschutz Medical Campus" id="GO_BP_2016_02_16_Instance_54939" type="identity">
      <class id="GO:0006915" label="apoptotic process"/>
      <span end="23267" id="15314655-5240" start="23258">Apoptosis</span>
    </annotation>
    <annotation annotator="Mike Bada, University of Colorado Anschutz Medical Campus" id="GO_BP_2016_02_16_Instance_54941" type="identity">
      <class id="GO:0030097" label="hemopoiesis"/>
      <span end="23326" id="15314655-5242" start="23313">hematopoietic</span>
    </annotation>
    <annotation annotator="Mike Bada, University of Colorado Anschutz Medical Campus" id="GO_BP_2016_02_16_Instance_54943" type="identity">
      <class id="GO:0010467" label="gene expression"/>
      <span end="23342" id="15314655-5244" start="23327">gene expression</span>
    </annotation>
    <annotation annotator="Mike Bada, University of Colorado Anschutz Medical Campus" id="GO_BP_2016_02_16_Instance_54945" type="identity">
      <class id="GO:0006915" label="apoptotic process"/>
      <span end="23353" id="15314655-5246" start="23344">apoptosis</span>
    </annotation>
    <annotation annotator="Mike Bada, University of Colorado Anschutz Medical Campus" id="GO_BP_2016_02_16_Instance_240378" type="identity">
      <class id="GO_RO_EXT:developmental_differentiation_process" label="developmental differentiation process"/>
      <span end="23510" id="15314655-5006" start="23497">differentiate</span>
    </annotation>
    <annotation annotator="Mike Bada, University of Colorado Anschutz Medical Campus" id="GO_BP_2016_02_16_Instance_54949" type="identity">
      <class id="GO:0012501" label="programmed cell death"/>
      <span end="23552" id="15314655-5248" start="23531">programmed cell death</span>
    </annotation>
    <annotation annotator="Mike Bada, University of Colorado Anschutz Medical Campus" id="GO_BP_2016_02_16_Instance_54951" type="identity">
      <class id="GO:0010467" label="gene expression"/>
      <span end="23583" id="15314655-5250" start="23573">expression</span>
    </annotation>
    <annotation annotator="Mike Bada, University of Colorado Anschutz Medical Campus" id="GO_BP_2016_02_16_Instance_54955" type="identity">
      <class id="GO:0010467" label="gene expression"/>
      <span end="23749" id="15314655-5252" start="23739">expression</span>
    </annotation>
    <annotation annotator="Mike Bada, University of Colorado Anschutz Medical Campus" id="GO_BP_2016_02_16_with_nested_annotations_Instance_30015" type="identity">
      <class id="GO_PATO_EXT:apoptotic_process_or_quality" label="apoptotic process or quality"/>
      <span end="23775" id="15314655-5541" start="23766">apoptotic</span>
    </annotation>
    <annotation annotator="Mike Bada, University of Colorado Anschutz Medical Campus" id="GO_BP_2016_02_16_Instance_54961" type="identity">
      <class id="GO:0030097" label="hemopoiesis"/>
      <span end="23865" id="15314655-5254" start="23852">hematopoietic</span>
    </annotation>
    <annotation annotator="Mike Bada, University of Colorado Anschutz Medical Campus" id="GO_BP_2016_02_16_Instance_54963" type="identity">
      <class id="GO:0010467" label="gene expression"/>
      <span end="23881" id="15314655-5256" start="23866">gene expression</span>
    </annotation>
    <annotation annotator="Mike Bada, University of Colorado Anschutz Medical Campus" id="GO_BP_2016_02_16_Instance_54965" type="identity">
      <class id="GO:0010467" label="gene expression"/>
      <span end="23913" id="15314655-5258" start="23903">expression</span>
    </annotation>
    <annotation annotator="Mike Bada, University of Colorado Anschutz Medical Campus" id="GO_BP_2016_02_16_Instance_54969" type="identity">
      <class id="GO:0030097" label="hemopoiesis"/>
      <span end="23987" id="15314655-5260" start="23974">hematopoietic</span>
    </annotation>
    <annotation annotator="Mike Bada, University of Colorado Anschutz Medical Campus" id="GO_BP_2016_02_16_with_nested_annotations_Instance_22584" type="identity">
      <class id="GO:0060215" label="primitive hemopoiesis"/>
      <span end="24026" id="15314655-5496" start="24003">primitive hematopoietic</span>
    </annotation>
    <annotation annotator="Mike Bada, University of Colorado Anschutz Medical Campus" id="GO_BP_2016_02_16_Instance_54973" type="identity">
      <class id="GO:0030097" label="hemopoiesis"/>
      <span end="24159" id="15314655-5262" start="24146">hematopoietic</span>
    </annotation>
    <annotation annotator="Mike Bada, University of Colorado Anschutz Medical Campus" id="GO_BP_2016_02_16_Instance_54977" type="identity">
      <class id="GO:0006915" label="apoptotic process"/>
      <span end="24297" id="15314655-5264" start="24288">apoptosis</span>
    </annotation>
    <annotation annotator="Mike Bada, University of Colorado Anschutz Medical Campus" id="GO_BP_2016_02_16_with_nested_annotations_Instance_24049" type="identity">
      <class id="GO:0030218" label="erythrocyte differentiation"/>
      <span end="24409" id="15314655-5516" start="24395">erythropoiesis</span>
    </annotation>
    <annotation annotator="Mike Bada, University of Colorado Anschutz Medical Campus" id="GO_BP_2016_02_16_with_nested_annotations_Instance_22590" type="identity">
      <class id="GO:0060216" label="definitive hemopoiesis"/>
      <span end="24564" id="15314655-5502" start="24540">definitive hematopoiesis</span>
    </annotation>
    <annotation annotator="Mike Bada, University of Colorado Anschutz Medical Campus" id="GO_BP_2016_02_16_Instance_54981" type="identity">
      <class id="GO:0010467" label="gene expression"/>
      <span end="24699" id="15314655-5266" start="24690">expressed</span>
    </annotation>
    <annotation annotator="Mike Bada, University of Colorado Anschutz Medical Campus" id="GO_BP_2016_02_16_Instance_54983" type="identity">
      <class id="GO:0030097" label="hemopoiesis"/>
      <span end="24747" id="15314655-5268" start="24734">hematopoiesis</span>
    </annotation>
    <annotation annotator="Mike Bada, University of Colorado Anschutz Medical Campus" id="GO_BP_2016_02_16_Instance_54985" type="identity">
      <class id="GO:0048513" label="animal organ development"/>
      <span end="24781" id="15314655-5270" start="24768">organogenesis</span>
    </annotation>
    <annotation annotator="Mike Bada, University of Colorado Anschutz Medical Campus" id="GO_BP_2016_02_16_with_nested_annotations_Instance_24051" type="identity">
      <class id="GO:0030218" label="erythrocyte differentiation"/>
      <span end="25147" id="15314655-5518" start="25133">erythropoiesis</span>
    </annotation>
    <annotation annotator="Mike Bada, University of Colorado Anschutz Medical Campus" id="GO_BP_2016_02_16_Instance_54989" type="identity">
      <class id="GO:0030097" label="hemopoiesis"/>
      <span end="25210" id="15314655-5272" start="25197">hematopoietic</span>
    </annotation>
    <annotation annotator="Mike Bada, University of Colorado Anschutz Medical Campus" id="GO_BP_2016_02_16_Instance_54991" type="identity">
      <class id="GO:0030097" label="hemopoiesis"/>
      <span end="25239" id="15314655-5274" start="25226">hematopoietic</span>
    </annotation>
    <annotation annotator="Mike Bada, University of Colorado Anschutz Medical Campus" id="GO_BP_2016_02_16_with_nested_annotations_Instance_24053" type="identity">
      <class id="GO:0030218" label="erythrocyte differentiation"/>
      <span end="25568" id="15314655-5520" start="25554">erythropoiesis</span>
    </annotation>
    <annotation annotator="Mike Bada, University of Colorado Anschutz Medical Campus" id="GO_BP_2016_02_16_Instance_54993" type="identity">
      <class id="GO:0030097" label="hemopoiesis"/>
      <span end="25722" id="15314655-5276" start="25709">hematopoiesis</span>
    </annotation>
    <annotation annotator="Mike Bada, University of Colorado Anschutz Medical Campus" id="GO_BP_2016_02_16_Instance_22667" type="identity">
      <class id="GO:0065007" label="biological regulation"/>
      <span end="26193" id="15314655-4982" start="26185">regulate</span>
    </annotation>
    <annotation annotator="Mike Bada, University of Colorado Anschutz Medical Campus" id="GO_BP_2016_02_16_Instance_90434" type="identity">
      <class id="GO_EXT:transcription" label="transcription"/>
      <span end="26212" id="15314655-5437" start="26199">transcription</span>
    </annotation>
    <annotation annotator="Mike Bada, University of Colorado Anschutz Medical Campus" id="GO_BP_2016_02_16_with_nested_annotations_Instance_24055" type="identity">
      <class id="GO:0060319" label="primitive erythrocyte differentiation"/>
      <span end="26264" id="15314655-5522" start="26255">Primitive</span>
      <span end="26294" id="15314655-5523" start="26280">Erythropoiesis</span>
    </annotation>
    <annotation annotator="Mike Bada, University of Colorado Anschutz Medical Campus" id="GO_BP_2016_02_16_with_nested_annotations_Instance_24059" type="identity">
      <class id="GO:0060318" label="definitive erythrocyte differentiation"/>
      <span end="26294" id="15314655-5525" start="26269">Definitive Erythropoiesis</span>
    </annotation>
    <annotation annotator="Mike Bada, University of Colorado Anschutz Medical Campus" id="GO_BP_2016_02_16_Instance_54997" type="identity">
      <class id="GO:0010468" label="regulation of gene expression"/>
      <span end="26422" id="15314655-5278" start="26412">control of</span>
      <span end="26452" id="15314655-5279" start="26437">gene expression</span>
    </annotation>
    <annotation annotator="Mike Bada, University of Colorado Anschutz Medical Campus" id="GO_BP_2016_02_16_Instance_54999" type="identity">
      <class id="GO:0030097" label="hemopoiesis"/>
      <span end="26436" id="15314655-5281" start="26423">hematopoietic</span>
    </annotation>
    <annotation annotator="Mike Bada, University of Colorado Anschutz Medical Campus" id="GO_BP_2016_02_16_Instance_90436" type="identity">
      <class id="GO_EXT:transcription" label="transcription"/>
      <span end="26525" id="15314655-5439" start="26510">transcriptional</span>
    </annotation>
    <annotation annotator="Mike Bada, University of Colorado Anschutz Medical Campus" id="GO_BP_2016_02_16_Instance_55003" type="identity">
      <class id="GO:0030097" label="hemopoiesis"/>
      <span end="26562" id="15314655-5283" start="26549">hematopoietic</span>
    </annotation>
    <annotation annotator="Mike Bada, University of Colorado Anschutz Medical Campus" id="GO_BP_2016_02_16_Instance_90438" type="identity">
      <class id="GO_EXT:positive_regulation" label="positive regulation"/>
      <span end="26737" id="15314655-5441" start="26727">positively</span>
      <span end="26760" id="15314655-5442" start="26752">regulate</span>
    </annotation>
    <annotation annotator="Mike Bada, University of Colorado Anschutz Medical Campus" id="GO_BP_2016_02_16_Instance_90440" type="identity">
      <class id="GO_EXT:negative_regulation" label="negative regulation"/>
      <span end="26760" id="15314655-5444" start="26741">negatively regulate</span>
    </annotation>
    <annotation annotator="Mike Bada, University of Colorado Anschutz Medical Campus" id="GO_BP_2016_02_16_Instance_90442" type="identity">
      <class id="GO_EXT:transcription" label="transcription"/>
      <span end="26779" id="15314655-5446" start="26766">transcription</span>
    </annotation>
    <annotation annotator="Mike Bada, University of Colorado Anschutz Medical Campus" id="GO_BP_2016_02_16_Instance_55005" type="identity">
      <class id="GO:0065007" label="biological regulation"/>
      <span end="26950" id="15314655-5285" start="26940">regulatory</span>
    </annotation>
    <annotation annotator="Mike Bada, University of Colorado Anschutz Medical Campus" id="GO_BP_2016_02_16_Instance_90444" type="identity">
      <class id="GO_PATO_EXT:biological_localization_process_or_quality" label="biological localization process or quality"/>
      <span end="27165" id="15314655-5448" start="27153">Localization</span>
    </annotation>
    <annotation annotator="Mike Bada, University of Colorado Anschutz Medical Campus" id="GO_BP_2016_02_16_Instance_55009" type="identity">
      <class id="GO:0065007" label="biological regulation"/>
      <span end="27215" id="15314655-5287" start="27206">regulated</span>
    </annotation>
    <annotation annotator="Mike Bada, University of Colorado Anschutz Medical Campus" id="GO_BP_2016_02_16_Instance_90446" type="identity">
      <class id="GO_SO_EXT:post_translational_modification_entity_or_process" label="post-translational modification entity or process"/>
      <span end="27249" id="15314655-5450" start="27219">posttranslational modification</span>
    </annotation>
    <annotation annotator="Mike Bada, University of Colorado Anschutz Medical Campus" id="GO_BP_2016_02_16_Instance_90452" type="identity">
      <class id="GO_EXT:transcription" label="transcription"/>
      <span end="27487" id="15314655-5452" start="27474">transcription</span>
    </annotation>
    <annotation annotator="Mike Bada, University of Colorado Anschutz Medical Campus" id="GO_BP_2016_02_16_Instance_240380" type="identity">
      <class id="GO_RO_EXT:developmental_differentiation_process" label="developmental differentiation process"/>
      <span end="27604" id="15314655-5008" start="27589">differentiation</span>
    </annotation>
    <annotation annotator="Mike Bada, University of Colorado Anschutz Medical Campus" id="GO_BP_2016_02_16_Instance_55021" type="identity">
      <class id="GO:0065007" label="biological regulation"/>
      <span end="27753" id="15314655-5289" start="27745">regulate</span>
    </annotation>
    <annotation annotator="Mike Bada, University of Colorado Anschutz Medical Campus" id="GO_BP_2016_02_16_Instance_55023" type="identity">
      <class id="GO:0048468" label="cell development"/>
      <span end="27776" id="15314655-5291" start="27760">cell development</span>
    </annotation>
    <annotation annotator="Mike Bada, University of Colorado Anschutz Medical Campus" id="GO_BP_2016_02_16_Instance_55025" type="identity">
      <class id="GO:0007618" label="mating"/>
      <span end="28204" id="15314655-5293" start="28198">mating</span>
    </annotation>
    <annotation annotator="Mike Bada, University of Colorado Anschutz Medical Campus" id="GO_BP_2016_02_16_Instance_90454" type="identity">
      <class id="GO_EXT:reverse_transcription_or_reverse_transcriptase" label="reverse transcription or reverse transcriptase"/>
      <span end="28756" id="15314655-5454" start="28754">RT</span>
    </annotation>
    <annotation annotator="Mike Bada, University of Colorado Anschutz Medical Campus" id="GO_BP_2016_02_16_Instance_55027" type="identity">
      <class id="GO:0010467" label="gene expression"/>
      <span end="28826" id="15314655-5295" start="28816">expression</span>
    </annotation>
    <annotation annotator="Mike Bada, University of Colorado Anschutz Medical Campus" id="GO_BP_2016_02_16_Instance_90456" type="identity">
      <class id="GO_EXT:transcription" label="transcription"/>
      <span end="28988" id="15314655-5456" start="28977">transcribed</span>
    </annotation>
    <annotation annotator="Mike Bada, University of Colorado Anschutz Medical Campus" id="GO_BP_2016_02_16_Instance_23649" type="identity">
      <class id="GO:0040007" label="growth"/>
      <span end="29955" id="15314655-4986" start="29950">grown</span>
    </annotation>
    <annotation annotator="Mike Bada, University of Colorado Anschutz Medical Campus" id="GO_BP_2016_02_16_Instance_55029" type="identity">
      <class id="GO:0030154" label="cell differentiation"/>
      <span end="30708" id="15314655-5297" start="30688">cell differentiation</span>
    </annotation>
    <annotation annotator="Mike Bada, University of Colorado Anschutz Medical Campus" id="GO_BP_2016_02_16_with_nested_annotations_Instance_24061" type="identity">
      <class id="GO:0030218" label="erythrocyte differentiation"/>
      <span end="30939" id="15314655-5527" start="30925">erythropoiesis</span>
    </annotation>
    <annotation annotator="Mike Bada, University of Colorado Anschutz Medical Campus" id="GO_BP_2016_02_16_Instance_55031" type="identity">
      <class id="GO:0008283" label="cell proliferation"/>
      <span end="31136" id="15314655-5299" start="31125">proliferate</span>
    </annotation>
    <annotation annotator="Mike Bada, University of Colorado Anschutz Medical Campus" id="GO_BP_2016_02_16_Instance_55037" type="identity">
      <class id="GO:0010467" label="gene expression"/>
      <span end="33246" id="15314655-5301" start="33237">expressed</span>
    </annotation>
    <annotation annotator="Mike Bada, University of Colorado Anschutz Medical Campus" id="GO_BP_2016_02_16_Instance_90458" type="identity">
      <class id="GO:0009566" label="fertilization"/>
      <span end="33323" id="15314655-5458" start="33310">fertilization</span>
    </annotation>
    <annotation annotator="Mike Bada, University of Colorado Anschutz Medical Campus" id="GO_BP_2016_02_16_Instance_90460" type="identity">
      <class id="GO_EXT:transcription" label="transcription"/>
      <span end="33498" id="15314655-5460" start="33483">transcriptional</span>
    </annotation>
    <annotation annotator="Mike Bada, University of Colorado Anschutz Medical Campus" id="GO_BP_2016_02_16_with_nested_annotations_Instance_22576" type="identity">
      <class id="GO:0060215" label="primitive hemopoiesis"/>
      <span end="33644" id="15314655-5486" start="33621">Primitive Hematopoiesis</span>
    </annotation>
    <annotation annotator="Mike Bada, University of Colorado Anschutz Medical Campus" id="GO_BP_2016_02_16_Instance_55041" type="identity">
      <class id="GO:0006915" label="apoptotic process"/>
      <span end="33739" id="15314655-5303" start="33730">apoptosis</span>
    </annotation>
    <annotation annotator="Mike Bada, University of Colorado Anschutz Medical Campus" id="GO_BP_2016_02_16_Instance_55043" type="identity">
      <class id="GO:0006915" label="apoptotic process"/>
      <span end="33947" id="15314655-5305" start="33938">apoptosis</span>
    </annotation>
    <annotation annotator="Mike Bada, University of Colorado Anschutz Medical Campus" id="GO_BP_2016_02_16_Instance_55045" type="identity">
      <class id="GO:0030097" label="hemopoiesis"/>
      <span end="34018" id="15314655-5307" start="34005">hematopoietic</span>
    </annotation>
    <annotation annotator="Mike Bada, University of Colorado Anschutz Medical Campus" id="GO_BP_2016_02_16_Instance_55049" type="identity">
      <class id="GO:0010467" label="gene expression"/>
      <span end="34207" id="15314655-5309" start="34197">Expression</span>
    </annotation>
    <annotation annotator="Mike Bada, University of Colorado Anschutz Medical Campus" id="GO_BP_2016_02_16_Instance_55051" type="identity">
      <class id="GO:0010467" label="gene expression"/>
      <span end="34361" id="15314655-5311" start="34351">expression</span>
    </annotation>
    <annotation annotator="Mike Bada, University of Colorado Anschutz Medical Campus" id="GO_BP_2016_02_16_Instance_90462" type="identity">
      <class id="GO:0009566" label="fertilization"/>
      <span end="34442" id="15314655-5462" start="34429">fertilization</span>
    </annotation>
    <annotation annotator="Mike Bada, University of Colorado Anschutz Medical Campus" id="GO_BP_2016_02_16_with_nested_annotations_Instance_22578" type="identity">
      <class id="GO:0060216" label="definitive hemopoiesis"/>
      <span end="34588" id="15314655-5488" start="34564">Definitive Hematopoiesis</span>
    </annotation>
    <annotation annotator="Mike Bada, University of Colorado Anschutz Medical Campus" id="GO_BP_2016_02_16_Instance_240382" type="identity">
      <class id="GO_PATO_RO_EXT:developmental_differentiation_process_or_quality" label="developmental differentiation process or quality"/>
      <span end="34902" id="15314655-5010" start="34888">differentiated</span>
    </annotation>
    <annotation annotator="Mike Bada, University of Colorado Anschutz Medical Campus" id="GO_BP_2016_02_16_Instance_55055" type="identity">
      <class id="GO:0010467" label="gene expression"/>
      <span end="36510" id="15314655-5313" start="36501">Expressed</span>
    </annotation>
    <annotation annotator="Mike Bada, University of Colorado Anschutz Medical Campus" id="GO_BP_2016_02_16_Instance_55057" type="identity">
      <class id="GO:0030097" label="hemopoiesis"/>
      <span end="36527" id="15314655-5315" start="36514">Hematopoietic</span>
    </annotation>
    <annotation annotator="Mike Bada, University of Colorado Anschutz Medical Campus" id="GO_BP_2016_02_16_Instance_55059" type="identity">
      <class id="GO:0010467" label="gene expression"/>
      <span end="36623" id="15314655-5317" start="36613">expression</span>
    </annotation>
    <annotation annotator="Mike Bada, University of Colorado Anschutz Medical Campus" id="GO_BP_2016_02_16_Instance_55061" type="identity">
      <class id="GO:0010467" label="gene expression"/>
      <span end="36662" id="15314655-5319" start="36653">expressed</span>
    </annotation>
    <annotation annotator="Mike Bada, University of Colorado Anschutz Medical Campus" id="GO_BP_2016_02_16_Instance_55063" type="identity">
      <class id="GO:0010467" label="gene expression"/>
      <span end="36703" id="15314655-5321" start="36693">expression</span>
    </annotation>
    <annotation annotator="Mike Bada, University of Colorado Anschutz Medical Campus" id="GO_BP_2016_02_16_Instance_55067" type="identity">
      <class id="GO:0010467" label="gene expression"/>
      <span end="36873" id="15314655-5323" start="36864">expressed</span>
    </annotation>
    <annotation annotator="Mike Bada, University of Colorado Anschutz Medical Campus" id="GO_BP_2016_02_16_Instance_55069" type="identity">
      <class id="GO:0010467" label="gene expression"/>
      <span end="36922" id="15314655-5325" start="36915">express</span>
    </annotation>
    <annotation annotator="Mike Bada, University of Colorado Anschutz Medical Campus" id="GO_BP_2016_02_16_Instance_55071" type="identity">
      <class id="GO:0010467" label="gene expression"/>
      <span end="36956" id="15314655-5327" start="36947">expressed</span>
    </annotation>
    <annotation annotator="Mike Bada, University of Colorado Anschutz Medical Campus" id="GO_BP_2016_02_16_Instance_55073" type="identity">
      <class id="GO:0030097" label="hemopoiesis"/>
      <span end="37065" id="15314655-5329" start="37052">hematopoietic</span>
    </annotation>
    <annotation annotator="Mike Bada, University of Colorado Anschutz Medical Campus" id="GO_BP_2016_02_16_Instance_55075" type="identity">
      <class id="GO:0010467" label="gene expression"/>
      <span end="37134" id="15314655-5331" start="37125">expressed</span>
    </annotation>
    <annotation annotator="Mike Bada, University of Colorado Anschutz Medical Campus" id="GO_BP_2016_02_16_Instance_55077" type="identity">
      <class id="GO:0010467" label="gene expression"/>
      <span end="37229" id="15314655-5333" start="37220">expressed</span>
    </annotation>
    <annotation annotator="Mike Bada, University of Colorado Anschutz Medical Campus" id="GO_BP_2016_02_16_Instance_55079" type="identity">
      <class id="GO:0030097" label="hemopoiesis"/>
      <span end="37269" id="15314655-5335" start="37256">hematopoietic</span>
    </annotation>
    <annotation annotator="Mike Bada, University of Colorado Anschutz Medical Campus" id="GO_BP_2016_02_16_Instance_55081" type="identity">
      <class id="GO:0010467" label="gene expression"/>
      <span end="37302" id="15314655-5337" start="37293">expressed</span>
    </annotation>
    <annotation annotator="Mike Bada, University of Colorado Anschutz Medical Campus" id="GO_BP_2016_02_16_Instance_55083" type="identity">
      <class id="GO:0010467" label="gene expression"/>
      <span end="37334" id="15314655-5339" start="37324">expression</span>
    </annotation>
    <annotation annotator="Mike Bada, University of Colorado Anschutz Medical Campus" id="GO_BP_2016_02_16_Instance_55085" type="identity">
      <class id="GO:0010467" label="gene expression"/>
      <span end="37367" id="15314655-5341" start="37357">Expression</span>
    </annotation>
    <annotation annotator="Mike Bada, University of Colorado Anschutz Medical Campus" id="GO_BP_2016_02_16_Instance_55087" type="identity">
      <class id="GO:0010467" label="gene expression"/>
      <span end="37473" id="15314655-5343" start="37463">expression</span>
    </annotation>
    <annotation annotator="Mike Bada, University of Colorado Anschutz Medical Campus" id="GO_BP_2016_02_16_Instance_55089" type="identity">
      <class id="GO:0010467" label="gene expression"/>
      <span end="37543" id="15314655-5345" start="37533">expression</span>
    </annotation>
    <annotation annotator="Mike Bada, University of Colorado Anschutz Medical Campus" id="GO_BP_2016_02_16_Instance_55091" type="identity">
      <class id="GO:0010467" label="gene expression"/>
      <span end="37673" id="15314655-5347" start="37663">expression</span>
    </annotation>
    <annotation annotator="Mike Bada, University of Colorado Anschutz Medical Campus" id="GO_BP_2016_02_16_Instance_55093" type="identity">
      <class id="GO:0010467" label="gene expression"/>
      <span end="37721" id="15314655-5349" start="37711">expression</span>
    </annotation>
    <annotation annotator="Mike Bada, University of Colorado Anschutz Medical Campus" id="GO_BP_2016_02_16_Instance_90464" type="identity">
      <class id="GO:0010467" label="gene expression"/>
      <span end="37802" id="15314655-5464" start="37792">expression</span>
    </annotation>
    <annotation annotator="Mike Bada, University of Colorado Anschutz Medical Campus" id="GO_BP_2016_02_16_Instance_55095" type="identity">
      <class id="GO:0035162" label="embryonic hemopoiesis"/>
      <span end="37884" id="15314655-5351" start="37861">Embryonic Hematopoiesis</span>
    </annotation>
    <annotation annotator="Mike Bada, University of Colorado Anschutz Medical Campus" id="GO_BP_2016_02_16_with_nested_annotations_Instance_24063" type="identity">
      <class id="GO:0030218" label="erythrocyte differentiation"/>
      <span end="38273" id="15314655-5529" start="38259">erythropoiesis</span>
    </annotation>
    <annotation annotator="Mike Bada, University of Colorado Anschutz Medical Campus" id="GO_BP_2016_02_16_with_nested_annotations_Instance_24065" type="identity">
      <class id="GO:0030218" label="erythrocyte differentiation"/>
      <span end="38517" id="15314655-5531" start="38503">erythropoiesis</span>
    </annotation>
    <annotation annotator="Mike Bada, University of Colorado Anschutz Medical Campus" id="GO_BP_2016_02_16_Instance_55099" type="identity">
      <class id="GO:0008283" label="cell proliferation"/>
      <span end="38738" id="15314655-5353" start="38727">proliferate</span>
    </annotation>
    <annotation annotator="Mike Bada, University of Colorado Anschutz Medical Campus" id="GO_BP_2016_02_16_with_nested_annotations_Instance_60124" type="identity">
      <class id="GO_PATO_EXT:biological_localization_process_or_quality" label="biological localization process or quality"/>
      <span end="38940" id="15314655-5551" start="38931">Localizes</span>
    </annotation>
    <annotation annotator="Mike Bada, University of Colorado Anschutz Medical Campus" id="GO_BP_2016_02_16_with_nested_annotations_Instance_21900" type="identity">
      <class id="GO_EXT:biological_direction_or_guidance" label="biological direction/guidance"/>
      <span end="39160" id="15314655-5480" start="39152">directed</span>
    </annotation>
    <annotation annotator="Mike Bada, University of Colorado Anschutz Medical Campus" id="GO_BP_2016_02_16_with_nested_annotations_Instance_60126" type="identity">
      <class id="GO_PATO_EXT:biological_localization_process_or_quality" label="biological localization process or quality"/>
      <span end="39283" id="15314655-5553" start="39275">localize</span>
    </annotation>
    <annotation annotator="Mike Bada, University of Colorado Anschutz Medical Campus" id="GO_BP_2016_02_16_Instance_55103" type="identity">
      <class id="GO:0010467" label="gene expression"/>
      <span end="39417" id="15314655-5355" start="39410">express</span>
    </annotation>
    <annotation annotator="Mike Bada, University of Colorado Anschutz Medical Campus" id="GO_BP_2016_02_16_Instance_55105" type="identity">
      <class id="GO:0010467" label="gene expression"/>
      <span end="39495" id="15314655-5357" start="39485">Expression</span>
    </annotation>
    <annotation annotator="Mike Bada, University of Colorado Anschutz Medical Campus" id="GO_BP_2016_02_16_with_nested_annotations_Instance_21846" type="identity">
      <class id="GO_PATO_EXT:biological_maturation" label="biological maturation"/>
      <span end="39558" id="15314655-5476" start="39548">maturation</span>
    </annotation>
    <annotation annotator="Mike Bada, University of Colorado Anschutz Medical Campus" id="GO_BP_2016_02_16_Instance_90468" type="identity">
      <class id="GO:0010467" label="gene expression"/>
      <span end="39653" id="15314655-5466" start="39643">expression</span>
    </annotation>
    <annotation annotator="Mike Bada, University of Colorado Anschutz Medical Campus" id="GO_BP_2016_02_16_Instance_55107" type="identity">
      <class id="GO:0030097" label="hemopoiesis"/>
      <span end="39702" id="15314655-5359" start="39689">Hematopoietic</span>
    </annotation>
    <annotation annotator="Mike Bada, University of Colorado Anschutz Medical Campus" id="GO_BP_2016_02_16_Instance_55109" type="identity">
      <class id="GO:0030097" label="hemopoiesis"/>
      <span end="40268" id="15314655-5361" start="40255">Hematopoiesis</span>
    </annotation>
    <annotation annotator="Mike Bada, University of Colorado Anschutz Medical Campus" id="GO_BP_2016_02_16_with_nested_annotations_Instance_40204" type="identity">
      <class id="CHEBI_GO_EXT:biological_process_or_quality_or_role" label="biological process, quality or role"/>
      <span end="41401" id="15314655-5543" start="41394">Biology</span>
    </annotation>
    <annotation annotator="Mike Bada, University of Colorado Anschutz Medical Campus" id="GO_BP_2016_02_16_Instance_90470" type="identity">
      <class id="GO_EXT:transcription" label="transcription"/>
      <span end="41609" id="15314655-5468" start="41594">transcriptional</span>
    </annotation>
    <annotation annotator="Mike Bada, University of Colorado Anschutz Medical Campus" id="GO_BP_2016_02_16_with_nested_annotations_Instance_241922" type="identity">
      <class id="GO_EXT:regulator" label="regulator"/>
      <span end="41656" id="15314655-5539" start="41647">regulator</span>
    </annotation>
    <annotation annotator="Mike Bada, University of Colorado Anschutz Medical Campus" id="GO_BP_2016_02_16_Instance_55113" type="identity">
      <class id="GO:0030097" label="hemopoiesis"/>
      <span end="41673" id="15314655-5363" start="41660">hematopoiesis</span>
    </annotation>
    <graph-space id="Old Knowtator Relations"/>
  </document>
</knowtator-project>
