<?xml version="1.0" encoding="UTF-8" standalone="no"?>
<knowtator-project>
  <document id="15320950" text-file="15320950.txt">
    <annotation annotator="Mike Bada, University of Colorado Anschutz Medical Campus" id="GO_BP_2016_02_16_Instance_53975" type="identity">
      <class id="GO:0010467" label="gene expression"/>
      <span end="33" id="15320950-5635" start="23">expression</span>
    </annotation>
    <annotation annotator="Mike Bada, University of Colorado Anschutz Medical Campus" id="GO_BP_2016_02_16_Instance_53977" type="identity">
      <class id="GO:0010467" label="gene expression"/>
      <span end="469" id="15320950-5637" start="459">Expression</span>
    </annotation>
    <annotation annotator="Mike Bada, University of Colorado Anschutz Medical Campus" id="GO_BP_2016_02_16_Instance_53979" type="identity">
      <class id="GO:0010467" label="gene expression"/>
      <span end="558" id="15320950-5639" start="548">Expression</span>
    </annotation>
    <annotation annotator="Mike Bada, University of Colorado Anschutz Medical Campus" id="GO_BP_2016_02_16_Instance_90498" type="identity">
      <class id="GO_EXT:reverse_transcription_or_reverse_transcriptase" label="reverse transcription or reverse transcriptase"/>
      <span end="600" id="15320950-5759" start="598">RT</span>
    </annotation>
    <annotation annotator="Mike Bada, University of Colorado Anschutz Medical Campus" id="GO_BP_2016_02_16_Instance_90500" type="identity">
      <class id="GO_PATO_EXT:biological_pigmentation_process_or_quality" label="biological pigmentation process or quality"/>
      <span end="892" id="15320950-5761" start="880">pigmentation</span>
    </annotation>
    <annotation annotator="Mike Bada, University of Colorado Anschutz Medical Campus" id="GO_BP_2016_02_16_Instance_90502" type="identity">
      <class id="GO_PATO_EXT:biological_localization_process_or_quality" label="biological localization process or quality"/>
      <span end="1364" id="15320950-5763" start="1355">localized</span>
    </annotation>
    <annotation annotator="Mike Bada, University of Colorado Anschutz Medical Campus" id="GO_BP_2016_02_16_with_nested_annotations_Instance_80862" type="identity">
      <class id="GO_EXT:secretion_entity_or_process" label="secretion entity or process"/>
      <span end="1681" id="15320950-5861" start="1672">secretion</span>
    </annotation>
    <annotation annotator="Mike Bada, University of Colorado Anschutz Medical Campus" id="GO_BP_2016_02_16_Instance_53987" type="identity">
      <class id="GO:0010467" label="gene expression"/>
      <span end="1913" id="15320950-5641" start="1903">expression</span>
    </annotation>
    <annotation annotator="Mike Bada, University of Colorado Anschutz Medical Campus" id="GO_BP_2016_02_16_with_nested_annotations_Instance_150024" type="identity">
      <class id="GO:1904200" label="iodide transmembrane transport"/>
      <span end="2596" id="15320950-5834" start="2573">iodide transport across</span>
      <span end="2616" id="15320950-5835" start="2608">membrane</span>
    </annotation>
    <annotation annotator="Mike Bada, University of Colorado Anschutz Medical Campus" id="GO_BP_2016_02_16_with_nested_annotations_Instance_150026" type="identity">
      <class id="GO_EXT:biological_routing_or_transport" label="biological routing/transport"/>
      <span end="2850" id="15320950-5837" start="2841">transport</span>
    </annotation>
    <annotation annotator="Mike Bada, University of Colorado Anschutz Medical Campus" id="GO_BP_2016_02_16_Instance_53991" type="identity">
      <class id="GO:0010467" label="gene expression"/>
      <span end="2896" id="15320950-5643" start="2886">Expression</span>
    </annotation>
    <annotation annotator="Mike Bada, University of Colorado Anschutz Medical Campus" id="GO_BP_2016_02_16_Instance_53993" type="identity">
      <class id="GO:0010467" label="gene expression"/>
      <span end="3045" id="15320950-5645" start="3035">expression</span>
    </annotation>
    <annotation annotator="Mike Bada, University of Colorado Anschutz Medical Campus" id="GO_BP_2016_02_16_Instance_53995" type="identity">
      <class id="GO:0010467" label="gene expression"/>
      <span end="3157" id="15320950-5647" start="3147">expression</span>
    </annotation>
    <annotation annotator="Mike Bada, University of Colorado Anschutz Medical Campus" id="GO_BP_2016_02_16_Instance_53997" type="identity">
      <class id="GO:0010467" label="gene expression"/>
      <span end="3259" id="15320950-5649" start="3249">Expression</span>
    </annotation>
    <annotation annotator="Mike Bada, University of Colorado Anschutz Medical Campus" id="GO_BP_2016_02_16_Instance_53999" type="identity">
      <class id="GO:0010467" label="gene expression"/>
      <span end="3455" id="15320950-5651" start="3445">expression</span>
    </annotation>
    <annotation annotator="Mike Bada, University of Colorado Anschutz Medical Campus" id="GO_BP_2016_02_16_Instance_54001" type="identity">
      <class id="GO:0010467" label="gene expression"/>
      <span end="3753" id="15320950-5653" start="3743">expression</span>
    </annotation>
    <annotation annotator="Mike Bada, University of Colorado Anschutz Medical Campus" id="GO_BP_2016_02_16_Instance_54003" type="identity">
      <class id="GO:0007605" label="sensory perception of sound"/>
      <span end="3825" id="15320950-5655" start="3818">hearing</span>
    </annotation>
    <annotation annotator="Mike Bada, University of Colorado Anschutz Medical Campus" id="GO_BP_2016_02_16_Instance_90506" type="identity">
      <class id="GO_EXT:antibody_or_immunoglobulin_biosynthesis_or_production" label="antibody/immunoglobulin biosynthesis or production"/>
      <span end="3977" id="15320950-5765" start="3964">generation of</span>
      <span end="4016" id="15320950-5766" start="4008">antibody</span>
    </annotation>
    <annotation annotator="Mike Bada, University of Colorado Anschutz Medical Campus" id="GO_BP_2016_02_16_Instance_90508" type="identity">
      <class id="GO_PATO_EXT:biological_pigmentation_process_or_quality" label="biological pigmentation process or quality"/>
      <span end="4796" id="15320950-5768" start="4784">pigmentation</span>
    </annotation>
    <annotation annotator="Mike Bada, University of Colorado Anschutz Medical Campus" id="GO_BP_2016_02_16_with_nested_annotations_Instance_1654" type="identity">
      <class id="GO_EXT:breeding" label="breeding"/>
      <span end="4880" id="15320950-5841" start="4876">bred</span>
    </annotation>
    <annotation annotator="Mike Bada, University of Colorado Anschutz Medical Campus" id="GO_BP_2016_02_16_Instance_54017" type="identity">
      <class id="GO:0010467" label="gene expression"/>
      <span end="4905" id="15320950-5657" start="4895">Expression</span>
    </annotation>
    <annotation annotator="Mike Bada, University of Colorado Anschutz Medical Campus" id="GO_BP_2016_02_16_Instance_54019" type="identity">
      <class id="GO:0006813" label="potassium ion transport"/>
      <span end="5002" id="15320950-5659" start="4987">transport of K+</span>
    </annotation>
    <annotation annotator="Mike Bada, University of Colorado Anschutz Medical Campus" id="GO_BP_2016_02_16_Instance_90510" type="identity">
      <class id="GO_EXT:reverse_transcription_or_reverse_transcriptase" label="reverse transcription or reverse transcriptase"/>
      <span end="5069" id="15320950-5770" start="5067">RT</span>
    </annotation>
    <annotation annotator="Mike Bada, University of Colorado Anschutz Medical Campus" id="GO_BP_2016_02_16_with_nested_annotations_Instance_80864" type="identity">
      <class id="GO_EXT:secretion_entity_or_process" label="secretion entity or process"/>
      <span end="5087" id="15320950-5863" start="5078">secretion</span>
    </annotation>
    <annotation annotator="Mike Bada, University of Colorado Anschutz Medical Campus" id="GO_BP_2016_02_16_Instance_90516" type="identity">
      <class id="GO_PATO_EXT:biological_pigmentation_process_or_quality" label="biological pigmentation process or quality"/>
      <span end="7004" id="15320950-5772" start="6992">pigmentation</span>
    </annotation>
    <annotation annotator="Mike Bada, University of Colorado Anschutz Medical Campus" id="GO_BP_2016_02_16_Instance_90518" type="identity">
      <class id="GO_EXT:reverse_transcription_or_reverse_transcriptase" label="reverse transcription or reverse transcriptase"/>
      <span end="7022" id="15320950-5774" start="7020">RT</span>
    </annotation>
    <annotation annotator="Mike Bada, University of Colorado Anschutz Medical Campus" id="GO_BP_2016_02_16_Instance_90520" type="identity">
      <class id="GO_EXT:reverse_transcription_or_reverse_transcriptase" label="reverse transcription or reverse transcriptase"/>
      <span end="8053" id="15320950-5776" start="8051">RT</span>
    </annotation>
    <annotation annotator="Mike Bada, University of Colorado Anschutz Medical Campus" id="GO_BP_2016_02_16_with_nested_annotations_Instance_22667" type="identity">
      <class id="GO_EXT:reverse_transcription_or_reverse_transcriptase" label="reverse transcription or reverse transcriptase"/>
      <span end="8123" id="15320950-5853" start="8121">RT</span>
    </annotation>
    <annotation annotator="Mike Bada, University of Colorado Anschutz Medical Campus" id="GO_BP_2016_02_16_with_nested_annotations_Instance_22675" type="identity">
      <class id="GO_EXT:reverse_transcription_or_reverse_transcriptase" label="reverse transcription or reverse transcriptase"/>
      <span end="8365" id="15320950-5855" start="8363">RT</span>
    </annotation>
    <annotation annotator="Mike Bada, University of Colorado Anschutz Medical Campus" id="GO_BP_2016_02_16_Instance_54025" type="identity">
      <class id="GO:0032508" label="DNA duplex unwinding"/>
      <span end="8572" id="15320950-5661" start="8565">melting</span>
    </annotation>
    <annotation annotator="Mike Bada, University of Colorado Anschutz Medical Campus" id="GO_BP_2016_02_16_Instance_54027" type="identity">
      <class id="GO:0032508" label="DNA duplex unwinding"/>
      <span end="8706" id="15320950-5663" start="8699">melting</span>
    </annotation>
    <annotation annotator="Mike Bada, University of Colorado Anschutz Medical Campus" id="GO_BP_2016_02_16_Instance_54029" type="identity">
      <class id="GO:0032508" label="DNA duplex unwinding"/>
      <span end="8772" id="15320950-5665" start="8768">melt</span>
    </annotation>
    <annotation annotator="Mike Bada, University of Colorado Anschutz Medical Campus" id="GO_BP_2016_02_16_Instance_54031" type="identity">
      <class id="GO:0032508" label="DNA duplex unwinding"/>
      <span end="8896" id="15320950-5667" start="8892">melt</span>
    </annotation>
    <annotation annotator="Mike Bada, University of Colorado Anschutz Medical Campus" id="GO_BP_2016_02_16_Instance_90522" type="identity">
      <class id="GO_EXT:reverse_transcription_or_reverse_transcriptase" label="reverse transcription or reverse transcriptase"/>
      <span end="9752" id="15320950-5778" start="9750">RT</span>
    </annotation>
    <annotation annotator="Mike Bada, University of Colorado Anschutz Medical Campus" id="GO_BP_2016_02_16_Instance_54033" type="identity">
      <class id="GO:0010467" label="gene expression"/>
      <span end="11827" id="15320950-5669" start="11818">expressed</span>
    </annotation>
    <annotation annotator="Mike Bada, University of Colorado Anschutz Medical Campus" id="GO_BP_2016_02_16_Instance_54035" type="identity">
      <class id="GO:0010467" label="gene expression"/>
      <span end="11994" id="15320950-5671" start="11984">expression</span>
    </annotation>
    <annotation annotator="Mike Bada, University of Colorado Anschutz Medical Campus" id="GO_BP_2016_02_16_Instance_54037" type="identity">
      <class id="GO:0010467" label="gene expression"/>
      <span end="12271" id="15320950-5673" start="12261">expression</span>
    </annotation>
    <annotation annotator="Mike Bada, University of Colorado Anschutz Medical Campus" id="GO_BP_2016_02_16_Instance_54039" type="identity">
      <class id="GO:0046903" label="secretion"/>
      <span end="12655" id="15320950-5675" start="12648">secrete</span>
    </annotation>
    <annotation annotator="Mike Bada, University of Colorado Anschutz Medical Campus" id="GO_BP_2016_02_16_Instance_54041" type="identity">
      <class id="GO:0015701" label="bicarbonate transport"/>
      <span end="12712" id="15320950-5677" start="12696">HCO3 - transport</span>
    </annotation>
    <annotation annotator="Mike Bada, University of Colorado Anschutz Medical Campus" id="GO_BP_2016_02_16_Instance_54045" type="identity">
      <class id="GO:0008152" label="metabolic process"/>
      <span end="12914" id="15320950-5679" start="12901">metabolically</span>
    </annotation>
    <annotation annotator="Mike Bada, University of Colorado Anschutz Medical Campus" id="GO_BP_2016_02_16_with_nested_annotations_Instance_80866" type="identity">
      <class id="GO_EXT:secretion_entity_or_process" label="secretion entity or process"/>
      <span end="13021" id="15320950-5865" start="13012">secretion</span>
    </annotation>
    <annotation annotator="Mike Bada, University of Colorado Anschutz Medical Campus" id="GO_BP_2016_02_16_with_nested_annotations_Instance_80868" type="identity">
      <class id="GO_EXT:secretion_entity_or_process" label="secretion entity or process"/>
      <span end="13177" id="15320950-5867" start="13168">secretion</span>
    </annotation>
    <annotation annotator="Mike Bada, University of Colorado Anschutz Medical Campus" id="GO_BP_2016_02_16_Instance_90524" type="identity">
      <class id="GO_PATO_EXT:biological_localization_process_or_quality" label="biological localization process or quality"/>
      <span end="13225" id="15320950-5780" start="13213">localization</span>
    </annotation>
    <annotation annotator="Mike Bada, University of Colorado Anschutz Medical Campus" id="GO_BP_2016_02_16_Instance_54053" type="identity">
      <class id="GO:0010467" label="gene expression"/>
      <span end="13983" id="15320950-5681" start="13973">expression</span>
    </annotation>
    <annotation annotator="Mike Bada, University of Colorado Anschutz Medical Campus" id="GO_BP_2016_02_16_Instance_54055" type="identity">
      <class id="GO:0010467" label="gene expression"/>
      <span end="14096" id="15320950-5683" start="14087">expressed</span>
    </annotation>
    <annotation annotator="Mike Bada, University of Colorado Anschutz Medical Campus" id="GO_BP_2016_02_16_Instance_54057" type="identity">
      <class id="GO:0010467" label="gene expression"/>
      <span end="14305" id="15320950-5685" start="14296">expressed</span>
    </annotation>
    <annotation annotator="Mike Bada, University of Colorado Anschutz Medical Campus" id="GO_BP_2016_02_16_Instance_54059" type="identity">
      <class id="GO:0010467" label="gene expression"/>
      <span end="14593" id="15320950-5687" start="14584">expressed</span>
    </annotation>
    <annotation annotator="Mike Bada, University of Colorado Anschutz Medical Campus" id="GO_BP_2016_02_16_with_nested_annotations_Instance_20830" type="identity">
      <class id="GO_EXT:detection_or_sensing_of_stimulus" label="detection/sensing of stimulus"/>
      <span end="14608" id="15320950-5843" start="14601">sensory</span>
    </annotation>
    <annotation annotator="Mike Bada, University of Colorado Anschutz Medical Campus" id="GO_BP_2016_02_16_Instance_54061" type="identity">
      <class id="GO:0010467" label="gene expression"/>
      <span end="14701" id="15320950-5689" start="14691">expression</span>
    </annotation>
    <annotation annotator="Mike Bada, University of Colorado Anschutz Medical Campus" id="GO_BP_2016_02_16_Instance_54063" type="identity">
      <class id="GO:0010467" label="gene expression"/>
      <span end="14887" id="15320950-5691" start="14877">expression</span>
    </annotation>
    <annotation annotator="Mike Bada, University of Colorado Anschutz Medical Campus" id="GO_BP_2016_02_16_with_nested_annotations_Instance_20832" type="identity">
      <class id="GO_EXT:detection_or_sensing_of_stimulus" label="detection/sensing of stimulus"/>
      <span end="14980" id="15320950-5845" start="14973">sensory</span>
    </annotation>
    <annotation annotator="Mike Bada, University of Colorado Anschutz Medical Campus" id="GO_BP_2016_02_16_Instance_54065" type="identity">
      <class id="GO:0010467" label="gene expression"/>
      <span end="15065" id="15320950-5693" start="15055">expression</span>
    </annotation>
    <annotation annotator="Mike Bada, University of Colorado Anschutz Medical Campus" id="GO_BP_2016_02_16_Instance_54067" type="identity">
      <class id="GO:0010467" label="gene expression"/>
      <span end="15144" id="15320950-5695" start="15134">expression</span>
    </annotation>
    <annotation annotator="Mike Bada, University of Colorado Anschutz Medical Campus" id="GO_BP_2016_02_16_Instance_54069" type="identity">
      <class id="GO:0048839" label="inner ear development"/>
      <span end="15166" id="15320950-5697" start="15152">development of</span>
      <span end="15186" id="15320950-5698" start="15177">inner ear</span>
    </annotation>
    <annotation annotator="Mike Bada, University of Colorado Anschutz Medical Campus" id="GO_BP_2016_02_16_with_nested_annotations_Instance_20834" type="identity">
      <class id="GO_EXT:detection_or_sensing_of_stimulus" label="detection/sensing of stimulus"/>
      <span end="15493" id="15320950-5847" start="15486">sensory</span>
    </annotation>
    <annotation annotator="Mike Bada, University of Colorado Anschutz Medical Campus" id="GO_BP_2016_02_16_Instance_90526" type="identity">
      <class id="GO:0007567" label="parturition"/>
      <span end="15549" id="15320950-5782" start="15544">natal</span>
    </annotation>
    <annotation annotator="Mike Bada, University of Colorado Anschutz Medical Campus" id="GO_BP_2016_02_16_with_nested_annotations_Instance_20836" type="identity">
      <class id="GO_EXT:detection_or_sensing_of_stimulus" label="detection/sensing of stimulus"/>
      <span end="15705" id="15320950-5849" start="15698">sensory</span>
    </annotation>
    <annotation annotator="Mike Bada, University of Colorado Anschutz Medical Campus" id="GO_BP_2016_02_16_Instance_54073" type="identity">
      <class id="GO:0007605" label="sensory perception of sound"/>
      <span end="16051" id="15320950-5700" start="16044">hearing</span>
    </annotation>
    <annotation annotator="Mike Bada, University of Colorado Anschutz Medical Campus" id="GO_BP_2016_02_16_with_nested_annotations_Instance_1018" type="identity">
      <class id="GO_EXT:reaction_or_response" label="reaction/response"/>
      <span end="16815" id="15320950-5832" start="16807">response</span>
    </annotation>
    <annotation annotator="Mike Bada, University of Colorado Anschutz Medical Campus" id="GO_BP_2016_02_16_Instance_90530" type="identity">
      <class id="GO_PATO_EXT:biological_pigmentation_process_or_quality" label="biological pigmentation process or quality"/>
      <span end="16915" id="15320950-5784" start="16903">pigmentation</span>
    </annotation>
    <annotation annotator="Mike Bada, University of Colorado Anschutz Medical Campus" id="GO_BP_2016_02_16_Instance_90532" type="identity">
      <class id="GO_PATO_EXT:biological_pigmentation_process_or_quality" label="biological pigmentation process or quality"/>
      <span end="17167" id="15320950-5786" start="17155">Pigmentation</span>
    </annotation>
    <annotation annotator="Mike Bada, University of Colorado Anschutz Medical Campus" id="GO_BP_2016_02_16_Instance_90534" type="identity">
      <class id="GO_PATO_EXT:biological_pigmentation_process_or_quality" label="biological pigmentation process or quality"/>
      <span end="17495" id="15320950-5788" start="17483">pigmentation</span>
    </annotation>
    <annotation annotator="Mike Bada, University of Colorado Anschutz Medical Campus" id="GO_BP_2016_02_16_with_nested_annotations_Instance_150028" type="identity">
      <class id="GO_EXT:biological_routing_or_transport" label="biological routing/transport"/>
      <span end="17927" id="15320950-5839" start="17918">transport</span>
    </annotation>
    <annotation annotator="Mike Bada, University of Colorado Anschutz Medical Campus" id="GO_BP_2016_02_16_Instance_90536" type="identity">
      <class id="GO_PATO_EXT:biological_pigmentation_process_or_quality" label="biological pigmentation process or quality"/>
      <span end="18389" id="15320950-5790" start="18377">pigmentation</span>
    </annotation>
    <annotation annotator="Mike Bada, University of Colorado Anschutz Medical Campus" id="GO_BP_2016_02_16_Instance_90538" type="identity">
      <class id="GO_PATO_EXT:biological_pigmentation_process_or_quality" label="biological pigmentation process or quality"/>
      <span end="18403" id="15320950-5792" start="18391">Pigmentation</span>
    </annotation>
    <annotation annotator="Mike Bada, University of Colorado Anschutz Medical Campus" id="GO_BP_2016_02_16_Instance_90540" type="identity">
      <class id="GO_PATO_EXT:biological_pigmentation_process_or_quality" label="biological pigmentation process or quality"/>
      <span end="18545" id="15320950-5794" start="18533">pigmentation</span>
    </annotation>
    <annotation annotator="Mike Bada, University of Colorado Anschutz Medical Campus" id="GO_BP_2016_02_16_Instance_54089" type="identity">
      <class id="GO:0010467" label="gene expression"/>
      <span end="18971" id="15320950-5702" start="18961">expression</span>
    </annotation>
    <annotation annotator="Mike Bada, University of Colorado Anschutz Medical Campus" id="GO_BP_2016_02_16_Instance_54091" type="identity">
      <class id="GO:0010467" label="gene expression"/>
      <span end="19481" id="15320950-5704" start="19471">Expression</span>
    </annotation>
    <annotation annotator="Mike Bada, University of Colorado Anschutz Medical Campus" id="GO_BP_2016_02_16_Instance_54093" type="identity">
      <class id="GO:0010467" label="gene expression"/>
      <span end="19833" id="15320950-5706" start="19824">expressed</span>
    </annotation>
    <annotation annotator="Mike Bada, University of Colorado Anschutz Medical Campus" id="GO_BP_2016_02_16_Instance_54095" type="identity">
      <class id="GO:0010467" label="gene expression"/>
      <span end="19932" id="15320950-5708" start="19923">expressed</span>
    </annotation>
    <annotation annotator="Mike Bada, University of Colorado Anschutz Medical Campus" id="GO_BP_2016_02_16_Instance_54097" type="identity">
      <class id="GO:0010467" label="gene expression"/>
      <span end="20463" id="15320950-5710" start="20453">expression</span>
    </annotation>
    <annotation annotator="Mike Bada, University of Colorado Anschutz Medical Campus" id="GO_BP_2016_02_16_Instance_90542" type="identity">
      <class id="GO_EXT:reverse_transcription_or_reverse_transcriptase" label="reverse transcription or reverse transcriptase"/>
      <span end="21092" id="15320950-5796" start="21090">RT</span>
    </annotation>
    <annotation annotator="Mike Bada, University of Colorado Anschutz Medical Campus" id="GO_BP_2016_02_16_Instance_54099" type="identity">
      <class id="GO:0010467" label="gene expression"/>
      <span end="21502" id="15320950-5712" start="21492">Expression</span>
    </annotation>
    <annotation annotator="Mike Bada, University of Colorado Anschutz Medical Campus" id="GO_BP_2016_02_16_Instance_54101" type="identity">
      <class id="GO:0010467" label="gene expression"/>
      <span end="21621" id="15320950-5714" start="21611">expression</span>
    </annotation>
    <annotation annotator="Mike Bada, University of Colorado Anschutz Medical Campus" id="GO_BP_2016_02_16_Instance_90544" type="identity">
      <class id="GO_PATO_EXT:biological_localization_process_or_quality" label="biological localization process or quality"/>
      <span end="21872" id="15320950-5798" start="21860">localization</span>
    </annotation>
    <annotation annotator="Mike Bada, University of Colorado Anschutz Medical Campus" id="GO_BP_2016_02_16_Instance_54105" type="identity">
      <class id="GO:0010467" label="gene expression"/>
      <span end="22160" id="15320950-5716" start="22150">Expression</span>
    </annotation>
    <annotation annotator="Mike Bada, University of Colorado Anschutz Medical Campus" id="GO_BP_2016_02_16_Instance_90546" type="identity">
      <class id="GO_PATO_EXT:biological_pigmentation_process_or_quality" label="biological pigmentation process or quality"/>
      <span end="23396" id="15320950-5800" start="23384">pigmentation</span>
    </annotation>
    <annotation annotator="Mike Bada, University of Colorado Anschutz Medical Campus" id="GO_BP_2016_02_16_Instance_54109" type="identity">
      <class id="GO:0010467" label="gene expression"/>
      <span end="23532" id="15320950-5718" start="23522">expression</span>
    </annotation>
    <annotation annotator="Mike Bada, University of Colorado Anschutz Medical Campus" id="GO_BP_2016_02_16_Instance_90550" type="identity">
      <class id="GO_PATO_EXT:biological_pigmentation_process_or_quality" label="biological pigmentation process or quality"/>
      <span end="25273" id="15320950-5804" start="25261">pigmentation</span>
    </annotation>
    <annotation annotator="Mike Bada, University of Colorado Anschutz Medical Campus" id="GO_BP_2016_02_16_Instance_90548" type="identity">
      <class id="GO_PATO_EXT:biological_pigmentation_process_or_quality" label="biological pigmentation process or quality"/>
      <span end="25348" id="15320950-5802" start="25336">pigmentation</span>
    </annotation>
    <annotation annotator="Mike Bada, University of Colorado Anschutz Medical Campus" id="GO_BP_2016_02_16_Instance_90552" type="identity">
      <class id="GO_PATO_EXT:biological_pigmentation_process_or_quality" label="biological pigmentation process or quality"/>
      <span end="25769" id="15320950-5806" start="25757">pigmentation</span>
    </annotation>
    <annotation annotator="Mike Bada, University of Colorado Anschutz Medical Campus" id="GO_BP_2016_02_16_Instance_90554" type="identity">
      <class id="GO_PATO_EXT:biological_pigmentation_process_or_quality" label="biological pigmentation process or quality"/>
      <span end="25886" id="15320950-5808" start="25874">pigmentation</span>
    </annotation>
    <annotation annotator="Mike Bada, University of Colorado Anschutz Medical Campus" id="GO_BP_2016_02_16_Instance_90556" type="identity">
      <class id="GO_PATO_EXT:biological_localization_process_or_quality" label="biological localization process or quality"/>
      <span end="25945" id="15320950-5810" start="25933">localization</span>
    </annotation>
    <annotation annotator="Mike Bada, University of Colorado Anschutz Medical Campus" id="GO_BP_2016_02_16_Instance_90558" type="identity">
      <class id="GO_PATO_EXT:biological_pigmentation_process_or_quality" label="biological pigmentation process or quality"/>
      <span end="26416" id="15320950-5812" start="26404">pigmentation</span>
    </annotation>
    <annotation annotator="Mike Bada, University of Colorado Anschutz Medical Campus" id="GO_BP_2016_02_16_Instance_54117" type="identity">
      <class id="GO:0010467" label="gene expression"/>
      <span end="26637" id="15320950-5720" start="26627">expressing</span>
    </annotation>
    <annotation annotator="Mike Bada, University of Colorado Anschutz Medical Campus" id="GO_BP_2016_02_16_Instance_54119" type="identity">
      <class id="GO:0010467" label="gene expression"/>
      <span end="27072" id="15320950-5722" start="27062">expression</span>
    </annotation>
    <annotation annotator="Mike Bada, University of Colorado Anschutz Medical Campus" id="GO_BP_2016_02_16_Instance_54121" type="identity">
      <class id="GO:0010467" label="gene expression"/>
      <span end="27171" id="15320950-5724" start="27161">expression</span>
    </annotation>
    <annotation annotator="Mike Bada, University of Colorado Anschutz Medical Campus" id="GO_BP_2016_02_16_Instance_54123" type="identity">
      <class id="GO:0046903" label="secretion"/>
      <span end="27650" id="15320950-5726" start="27643">secrete</span>
    </annotation>
    <annotation annotator="Mike Bada, University of Colorado Anschutz Medical Campus" id="GO_BP_2016_02_16_with_nested_annotations_Instance_80870" type="identity">
      <class id="GO_EXT:secretion_entity_or_process" label="secretion entity or process"/>
      <span end="27726" id="15320950-5869" start="27717">secretion</span>
    </annotation>
    <annotation annotator="Mike Bada, University of Colorado Anschutz Medical Campus" id="GO_BP_2016_02_16_with_nested_annotations_Instance_20838" type="identity">
      <class id="GO_EXT:detection_or_sensing_of_stimulus" label="detection/sensing of stimulus"/>
      <span end="27872" id="15320950-5851" start="27865">sensory</span>
    </annotation>
    <annotation annotator="Mike Bada, University of Colorado Anschutz Medical Campus" id="GO_BP_2016_02_16_Instance_90560" type="identity">
      <class id="GO:0046903" label="secretion"/>
      <span end="27926" id="15320950-5814" start="27922">exit</span>
    </annotation>
    <annotation annotator="Mike Bada, University of Colorado Anschutz Medical Campus" id="GO_BP_2016_02_16_Instance_54127" type="identity">
      <class id="GO:0046903" label="secretion"/>
      <span end="28029" id="15320950-5728" start="28021">secretes</span>
    </annotation>
    <annotation annotator="Mike Bada, University of Colorado Anschutz Medical Campus" id="GO_BP_2016_02_16_Instance_54129" type="identity">
      <class id="GO:0010467" label="gene expression"/>
      <span end="28202" id="15320950-5730" start="28192">expression</span>
    </annotation>
    <annotation annotator="Mike Bada, University of Colorado Anschutz Medical Campus" id="GO_BP_2016_02_16_with_nested_annotations_Instance_80872" type="identity">
      <class id="GO_EXT:secretion_entity_or_process" label="secretion entity or process"/>
      <span end="28281" id="15320950-5871" start="28272">secretion</span>
    </annotation>
    <annotation annotator="Mike Bada, University of Colorado Anschutz Medical Campus" id="GO_BP_2016_02_16_with_nested_annotations_Instance_80874" type="identity">
      <class id="GO_EXT:secretion_entity_or_process" label="secretion entity or process"/>
      <span end="28377" id="15320950-5873" start="28368">secretion</span>
    </annotation>
    <annotation annotator="Mike Bada, University of Colorado Anschutz Medical Campus" id="GO_BP_2016_02_16_Instance_54135" type="identity">
      <class id="GO:0046903" label="secretion"/>
      <span end="28756" id="15320950-5732" start="28747">secretory</span>
    </annotation>
    <annotation annotator="Mike Bada, University of Colorado Anschutz Medical Campus" id="GO_BP_2016_02_16_Instance_90562" type="identity">
      <class id="GO_PATO_EXT:biological_localization_process_or_quality" label="biological localization process or quality"/>
      <span end="28786" id="15320950-5816" start="28777">localized</span>
    </annotation>
    <annotation annotator="Mike Bada, University of Colorado Anschutz Medical Campus" id="GO_BP_2016_02_16_Instance_90564" type="identity">
      <class id="GO_PATO_EXT:biological_localization_process_or_quality" label="biological localization process or quality"/>
      <span end="29099" id="15320950-5818" start="29087">localization</span>
    </annotation>
    <annotation annotator="Mike Bada, University of Colorado Anschutz Medical Campus" id="GO_BP_2016_02_16_Instance_54143" type="identity">
      <class id="GO:0010467" label="gene expression"/>
      <span end="29192" id="15320950-5734" start="29182">Expression</span>
    </annotation>
    <annotation annotator="Mike Bada, University of Colorado Anschutz Medical Campus" id="GO_BP_2016_02_16_Instance_54145" type="identity">
      <class id="GO:0010467" label="gene expression"/>
      <span end="29304" id="15320950-5736" start="29294">expression</span>
    </annotation>
    <annotation annotator="Mike Bada, University of Colorado Anschutz Medical Campus" id="GO_BP_2016_02_16_with_nested_annotations_Instance_80876" type="identity">
      <class id="GO_EXT:secretion_entity_or_process" label="secretion entity or process"/>
      <span end="29447" id="15320950-5875" start="29438">secretion</span>
    </annotation>
    <annotation annotator="Mike Bada, University of Colorado Anschutz Medical Campus" id="GO_BP_2016_02_16_Instance_90566" type="identity">
      <class id="GO_PATO_EXT:biological_localization_process_or_quality" label="biological localization process or quality"/>
      <span end="29557" id="15320950-5820" start="29545">localization</span>
    </annotation>
    <annotation annotator="Mike Bada, University of Colorado Anschutz Medical Campus" id="GO_BP_2016_02_16_Instance_54149" type="identity">
      <class id="GO:0010467" label="gene expression"/>
      <span end="29820" id="15320950-5738" start="29810">expression</span>
    </annotation>
    <annotation annotator="Mike Bada, University of Colorado Anschutz Medical Campus" id="GO_BP_2016_02_16_Instance_54151" type="identity">
      <class id="GO:0010467" label="gene expression"/>
      <span end="30056" id="15320950-5740" start="30049">express</span>
    </annotation>
    <annotation annotator="Mike Bada, University of Colorado Anschutz Medical Campus" id="GO_BP_2016_02_16_Instance_90586" type="identity">
      <class id="GO:0098754" label="detoxification"/>
      <span end="30163" id="15320950-5822" start="30152">detoxifying</span>
    </annotation>
    <annotation annotator="Mike Bada, University of Colorado Anschutz Medical Campus" id="GO_BP_2016_02_16_Instance_54153" type="identity">
      <class id="GO:0008152" label="metabolic process"/>
      <span end="30281" id="15320950-5742" start="30268">metabolically</span>
    </annotation>
    <annotation annotator="Mike Bada, University of Colorado Anschutz Medical Campus" id="GO_BP_2016_02_16_Instance_90588" type="identity">
      <class id="GO:0098754" label="detoxification"/>
      <span end="30421" id="15320950-5824" start="30413">detoxify</span>
    </annotation>
    <annotation annotator="Mike Bada, University of Colorado Anschutz Medical Campus" id="GO_BP_2016_02_16_Instance_54157" type="identity">
      <class id="GO:0046903" label="secretion"/>
      <span end="30611" id="15320950-5744" start="30604">secrete</span>
    </annotation>
    <annotation annotator="Mike Bada, University of Colorado Anschutz Medical Campus" id="GO_BP_2016_02_16_Instance_54159" type="identity">
      <class id="GO:0006750" label="glutathione biosynthetic process"/>
      <span end="30863" id="15320950-5746" start="30850">production of</span>
      <span end="30890" id="15320950-5747" start="30879">glutathione</span>
    </annotation>
    <annotation annotator="Mike Bada, University of Colorado Anschutz Medical Campus" id="GO_BP_2016_02_16_Instance_90590" type="identity">
      <class id="GO_PATO_EXT:biological_pigmentation_process_or_quality" label="biological pigmentation process or quality"/>
      <span end="30997" id="15320950-5826" start="30985">pigmentation</span>
    </annotation>
    <annotation annotator="Mike Bada, University of Colorado Anschutz Medical Campus" id="GO_BP_2016_02_16_Instance_90592" type="identity">
      <class id="GO_PATO_EXT:biological_pigmentation_process_or_quality" label="biological pigmentation process or quality"/>
      <span end="31047" id="15320950-5828" start="31035">pigmentation</span>
    </annotation>
    <annotation annotator="Mike Bada, University of Colorado Anschutz Medical Campus" id="GO_BP_2016_02_16_Instance_54161" type="identity">
      <class id="GO:0010467" label="gene expression"/>
      <span end="31288" id="15320950-5749" start="31278">expression</span>
    </annotation>
    <annotation annotator="Mike Bada, University of Colorado Anschutz Medical Campus" id="GO_BP_2016_02_16_Instance_54163" type="identity">
      <class id="GO:0010467" label="gene expression"/>
      <span end="31342" id="15320950-5751" start="31332">expression</span>
    </annotation>
    <annotation annotator="Mike Bada, University of Colorado Anschutz Medical Campus" id="GO_BP_2016_02_16_Instance_54165" type="identity">
      <class id="GO:0065007" label="biological regulation"/>
      <span end="31395" id="15320950-5753" start="31385">controlled</span>
    </annotation>
    <annotation annotator="Mike Bada, University of Colorado Anschutz Medical Campus" id="GO_BP_2016_02_16_Instance_54167" type="identity">
      <class id="GO:0008152" label="metabolic process"/>
      <span end="31461" id="15320950-5755" start="31452">metabolic</span>
    </annotation>
    <annotation annotator="Mike Bada, University of Colorado Anschutz Medical Campus" id="GO_BP_2016_02_16_Instance_54169" type="identity">
      <class id="GO:0010467" label="gene expression"/>
      <span end="31804" id="15320950-5757" start="31794">expression</span>
    </annotation>
    <annotation annotator="Mike Bada, University of Colorado Anschutz Medical Campus" id="GO_BP_2016_02_16_with_nested_annotations_Instance_40206" type="identity">
      <class id="CHEBI_GO_EXT:biological_process_or_quality_or_role" label="biological process, quality or role"/>
      <span end="32098" id="15320950-5857" start="32088">biological</span>
    </annotation>
    <annotation annotator="Mike Bada, University of Colorado Anschutz Medical Campus" id="GO_BP_2016_02_16_Instance_90596" type="identity">
      <class id="GO_EXT:reverse_transcription_or_reverse_transcriptase" label="reverse transcription or reverse transcriptase"/>
      <span end="32300" id="15320950-5830" start="32298">RT</span>
    </annotation>
    <annotation annotator="Mike Bada, University of Colorado Anschutz Medical Campus" id="GO_BP_2016_02_16_with_nested_annotations_Instance_40208" type="identity">
      <class id="CHEBI_GO_EXT:biological_process_or_quality_or_role" label="biological process, quality or role"/>
      <span end="33032" id="15320950-5859" start="33025">Biology</span>
    </annotation>
    <graph-space id="Old Knowtator Relations"/>
  </document>
</knowtator-project>
