<?xml version="1.0" encoding="UTF-8" standalone="no"?>
<knowtator-project>
    <document id="15328533" text-file="15328533.txt">
        <annotation annotator="Mike Bada, University of Colorado Anschutz Medical Campus" id="GO_BP_2016_02_16_Instance_44363" type="identity">
            <class id="GO:0065007" label="biological regulation"/>
            <span end="10" id="15328533-5897" start="0">Regulation</span>
        </annotation>
        <annotation annotator="Mike Bada, University of Colorado Anschutz Medical Campus" id="GO_BP_2016_02_16_Instance_22327" type="identity">
            <class id="GO:0043500" label="muscle adaptation"/>
            <span end="153" id="15328533-5879" start="117">adaptive muscle fiber transformation</span>
        </annotation>
        <annotation annotator="Mike Bada, University of Colorado Anschutz Medical Campus" id="GO_BP_2016_02_16_with_nested_annotations_Instance_23173" type="identity">
            <class id="GO_EXT:biogenesis_or_biosynthesis" label="biogenesis/biosynthesis"/>
            <span end="197" id="15328533-6042" start="187">biogenesis</span>
        </annotation>
        <annotation annotator="Mike Bada, University of Colorado Anschutz Medical Campus" id="GO_BP_2016_02_16_Instance_44365" type="identity">
            <class id="GO:0010467" label="gene expression"/>
            <span end="247" id="15328533-5899" start="232">gene expression</span>
        </annotation>
        <annotation annotator="Mike Bada, University of Colorado Anschutz Medical Campus" id="GO_BP_2016_02_16_Instance_90598" type="identity">
            <class id="GO_EXT:transcription" label="transcription"/>
            <span end="274" id="15328533-6006" start="261">transcription</span>
        </annotation>
        <annotation annotator="Mike Bada, University of Colorado Anschutz Medical Campus" id="GO_BP_2016_02_16_with_nested_annotations_Instance_21902" type="identity">
            <class id="GO_EXT:biological_direction_or_guidance" label="biological direction/guidance"/>
            <span end="321" id="15328533-6034" start="315">direct</span>
        </annotation>
        <annotation annotator="Mike Bada, University of Colorado Anschutz Medical Campus" id="GO_BP_2016_02_16_Instance_44369" type="identity">
            <class id="GO:0010467" label="gene expression"/>
            <span end="500" id="15328533-5901" start="490">expression</span>
        </annotation>
        <annotation annotator="Mike Bada, University of Colorado Anschutz Medical Campus" id="GO_BP_2016_02_16_Instance_44371" type="identity">
            <class id="GO:0010467" label="gene expression"/>
            <span end="765" id="15328533-5903" start="750">gene expression</span>
        </annotation>
        <annotation annotator="Mike Bada, University of Colorado Anschutz Medical Campus" id="GO_BP_2016_02_16_Instance_44373" type="identity">
            <class id="GO:0008152" label="metabolic process"/>
            <span end="882" id="15328533-5905" start="873">metabolic</span>
        </annotation>
        <annotation annotator="Mike Bada, University of Colorado Anschutz Medical Campus" id="GO_BP_2016_02_16_with_nested_annotations_Instance_23905" type="identity">
            <class id="GO_PATO_EXT:physiological_process_or_quality" label="physiological process or quality"/>
            <span end="976" id="15328533-6060" start="965">physiologic</span>
        </annotation>
        <annotation annotator="Mike Bada, University of Colorado Anschutz Medical Campus" id="GO_BP_2016_02_16_Instance_44375" type="identity">
            <class id="GO:0006096" label="glycolytic process"/>
            <span end="1194" id="15328533-5907" start="1184">glycolytic</span>
        </annotation>
        <annotation annotator="Mike Bada, University of Colorado Anschutz Medical Campus" id="GO_BP_2016_02_16_Instance_44377" type="identity">
            <class id="GO:0006936" label="muscle contraction"/>
            <span end="1266" id="15328533-5909" start="1255">contraction</span>
        </annotation>
        <annotation annotator="Mike Bada, University of Colorado Anschutz Medical Campus" id="GO_BP_2016_02_16_Instance_44379" type="identity">
            <class id="GO:0008152" label="metabolic process"/>
            <span end="1278" id="15328533-5911" start="1268">metabolism</span>
        </annotation>
        <annotation annotator="Mike Bada, University of Colorado Anschutz Medical Campus" id="GO_BP_2016_02_16_Instance_44381" type="identity">
            <class id="GO:0045333" label="cellular respiration"/>
            <span end="1382" id="15328533-5913" start="1362">oxidative metabolism</span>
        </annotation>
        <annotation annotator="Mike Bada, University of Colorado Anschutz Medical Campus" id="GO_BP_2016_02_16_Instance_44383" type="identity">
            <class id="GO:0006096" label="glycolytic process"/>
            <span end="1669" id="15328533-5915" start="1648">glycolytic metabolism</span>
        </annotation>
        <annotation annotator="Mike Bada, University of Colorado Anschutz Medical Campus" id="GO_BP_2016_02_16_Instance_44385" type="identity">
            <class id="GO:0006936" label="muscle contraction"/>
            <span end="1763" id="15328533-5917" start="1752">contraction</span>
        </annotation>
        <annotation annotator="Mike Bada, University of Colorado Anschutz Medical Campus" id="GO_BP_2016_02_16_with_nested_annotations_Instance_1020" type="identity">
            <class id="GO_EXT:reaction_or_response" label="reaction/response"/>
            <span end="2003" id="15328533-6028" start="1995">response</span>
        </annotation>
        <annotation annotator="Mike Bada, University of Colorado Anschutz Medical Campus" id="GO_BP_2016_02_16_Instance_26093" type="identity">
            <class id="GO:0065007" label="biological regulation"/>
            <span end="2038" id="15328533-5895" start="2028">modulation</span>
        </annotation>
        <annotation annotator="Mike Bada, University of Colorado Anschutz Medical Campus" id="GO_BP_2016_02_16_Instance_44389" type="identity">
            <class id="GO:0019722" label="calcium-mediated signaling"/>
            <span end="2281" id="15328533-5919" start="2256">calcium signaling pathway</span>
        </annotation>
        <annotation annotator="Mike Bada, University of Colorado Anschutz Medical Campus" id="GO_BP_2016_02_16_Instance_90600" type="identity">
            <class id="GO_EXT:transcription" label="transcription"/>
            <span end="2361" id="15328533-6008" start="2346">transcriptional</span>
        </annotation>
        <annotation annotator="Mike Bada, University of Colorado Anschutz Medical Campus" id="GO_BP_2016_02_16_Instance_90602" type="identity">
            <class id="GO_EXT:transcription" label="transcription"/>
            <span end="2559" id="15328533-6010" start="2544">transcriptional</span>
        </annotation>
        <annotation annotator="Mike Bada, University of Colorado Anschutz Medical Campus" id="GO_BP_2016_02_16_Instance_26081" type="identity">
            <class id="GO:0006936" label="muscle contraction"/>
            <span end="2637" id="15328533-5889" start="2626">contractile</span>
        </annotation>
        <annotation annotator="Mike Bada, University of Colorado Anschutz Medical Campus" id="GO_BP_2016_02_16_Instance_44391" type="identity">
            <class id="GO:0008152" label="metabolic process"/>
            <span end="2651" id="15328533-5921" start="2642">metabolic</span>
        </annotation>
        <annotation annotator="Mike Bada, University of Colorado Anschutz Medical Campus" id="GO_BP_2016_02_16_Instance_44393" type="identity">
            <class id="GO:0006096" label="glycolytic process"/>
            <span end="2986" id="15328533-5923" start="2976">glycolytic</span>
        </annotation>
        <annotation annotator="Mike Bada, University of Colorado Anschutz Medical Campus" id="GO_BP_2016_02_16_Instance_90606" type="identity">
            <class id="GO_EXT:transcription" label="transcription"/>
            <span end="3471" id="15328533-6012" start="3456">transcriptional</span>
        </annotation>
        <annotation annotator="Mike Bada, University of Colorado Anschutz Medical Campus" id="GO_BP_2016_02_16_with_nested_annotations_Instance_241926" type="identity">
            <class id="GO_EXT:regulator" label="regulator"/>
            <span end="3481" id="15328533-6072" start="3472">regulator</span>
        </annotation>
        <annotation annotator="Mike Bada, University of Colorado Anschutz Medical Campus" id="GO_BP_2016_02_16_Instance_44395" type="identity">
            <class id="GO:0006635" label="fatty acid beta-oxidation"/>
            <span end="3594" id="15328533-5925" start="3572">fatty-acid β-oxidation</span>
        </annotation>
        <annotation annotator="Mike Bada, University of Colorado Anschutz Medical Campus" id="GO_BP_2016_02_16_Instance_90608" type="identity">
            <class id="GO_EXT:transcription" label="transcription"/>
            <span end="3795" id="15328533-6014" start="3782">transcription</span>
        </annotation>
        <annotation annotator="Mike Bada, University of Colorado Anschutz Medical Campus" id="GO_BP_2016_02_16_Instance_44397" type="identity">
            <class id="GO:0048747" label="muscle fiber development"/>
            <span end="3833" id="15328533-5927" start="3821">formation of</span>
            <span end="3865" id="15328533-5928" start="3852">muscle fibers</span>
        </annotation>
        <annotation annotator="Mike Bada, University of Colorado Anschutz Medical Campus" id="GO_BP_2016_02_16_Instance_44399" type="identity">
            <class id="GO:0010467" label="gene expression"/>
            <span end="4130" id="15328533-5930" start="4120">expression</span>
        </annotation>
        <annotation annotator="Mike Bada, University of Colorado Anschutz Medical Campus" id="GO_BP_2016_02_16_Instance_44401" type="identity">
            <class id="GO:0010467" label="gene expression"/>
            <span end="4482" id="15328533-5932" start="4472">expression</span>
        </annotation>
        <annotation annotator="Mike Bada, University of Colorado Anschutz Medical Campus" id="GO_BP_2016_02_16_Instance_44403" type="identity">
            <class id="GO:0065007" label="biological regulation"/>
            <span end="4704" id="15328533-5934" start="4697">control</span>
        </annotation>
        <annotation annotator="Mike Bada, University of Colorado Anschutz Medical Campus" id="GO_BP_2016_02_16_with_nested_annotations_Instance_23175" type="identity">
            <class id="GO_EXT:biogenesis_or_biosynthesis" label="biogenesis/biosynthesis"/>
            <span end="4760" id="15328533-6044" start="4750">biogenesis</span>
        </annotation>
        <annotation annotator="Mike Bada, University of Colorado Anschutz Medical Campus" id="GO_BP_2016_02_16_Instance_44407" type="identity">
            <class id="GO:0010467" label="gene expression"/>
            <span end="4790" id="15328533-5936" start="4780">expressing</span>
        </annotation>
        <annotation annotator="Mike Bada, University of Colorado Anschutz Medical Campus" id="GO_BP_2016_02_16_Instance_44409" type="identity">
            <class id="GO:0065007" label="biological regulation"/>
            <span end="4916" id="15328533-5938" start="4909">control</span>
        </annotation>
        <annotation annotator="Mike Bada, University of Colorado Anschutz Medical Campus" id="GO_BP_2016_02_16_Instance_44411" type="identity">
            <class id="GO:0010467" label="gene expression"/>
            <span end="5129" id="15328533-5940" start="5120">expressed</span>
        </annotation>
        <annotation annotator="Mike Bada, University of Colorado Anschutz Medical Campus" id="GO_BP_2016_02_16_Instance_44413" type="identity">
            <class id="GO:0010467" label="gene expression"/>
            <span end="5269" id="15328533-5942" start="5259">expression</span>
        </annotation>
        <annotation annotator="Mike Bada, University of Colorado Anschutz Medical Campus" id="GO_BP_2016_02_16_Instance_44417" type="identity">
            <class id="GO:0010467" label="gene expression"/>
            <span end="5741" id="15328533-5944" start="5732">expresses</span>
        </annotation>
        <annotation annotator="Mike Bada, University of Colorado Anschutz Medical Campus" id="GO_BP_2016_02_16_Instance_44419" type="identity">
            <class id="GO:0010467" label="gene expression"/>
            <span end="5953" id="15328533-5946" start="5944">expressed</span>
        </annotation>
        <annotation annotator="Mike Bada, University of Colorado Anschutz Medical Campus" id="GO_BP_2016_02_16_with_nested_annotations_Instance_23392" type="identity">
            <class id="GO_EXT:biological_movement_or_translocation_process" label="biological movement/translocation process"/>
            <span end="6555" id="15328533-6058" start="6547">transfer</span>
        </annotation>
        <annotation annotator="Mike Bada, University of Colorado Anschutz Medical Campus" id="GO_BP_2016_02_16_Instance_44421" type="identity">
            <class id="GO:0006635" label="fatty acid beta-oxidation"/>
            <span end="6638" id="15328533-5948" start="6616">fatty-acid β-oxidation</span>
        </annotation>
        <annotation annotator="Mike Bada, University of Colorado Anschutz Medical Campus" id="GO_BP_2016_02_16_with_nested_annotations_Instance_23177" type="identity">
            <class id="GO_EXT:biogenesis_or_biosynthesis" label="biogenesis/biosynthesis"/>
            <span end="6855" id="15328533-6046" start="6845">biogenesis</span>
        </annotation>
        <annotation annotator="Mike Bada, University of Colorado Anschutz Medical Campus" id="GO_BP_2016_02_16_with_nested_annotations_Instance_23179" type="identity">
            <class id="GO_EXT:biogenesis_or_biosynthesis" label="biogenesis/biosynthesis"/>
            <span end="7250" id="15328533-6048" start="7240">biogenesis</span>
        </annotation>
        <annotation annotator="Mike Bada, University of Colorado Anschutz Medical Campus" id="GO_BP_2016_02_16_Instance_44423" type="identity">
            <class id="GO:0006936" label="muscle contraction"/>
            <span end="7560" id="15328533-5950" start="7549">contraction</span>
        </annotation>
        <annotation annotator="Mike Bada, University of Colorado Anschutz Medical Campus" id="GO_BP_2016_02_16_Instance_44425" type="identity">
            <class id="GO:0006936" label="muscle contraction"/>
            <span end="7698" id="15328533-5952" start="7687">contraction</span>
        </annotation>
        <annotation annotator="Mike Bada, University of Colorado Anschutz Medical Campus" id="GO_BP_2016_02_16_Instance_26083" type="identity">
            <class id="GO:0006936" label="muscle contraction"/>
            <span end="8096" id="15328533-5891" start="8085">contractile</span>
        </annotation>
        <annotation annotator="Mike Bada, University of Colorado Anschutz Medical Campus" id="GO_BP_2016_02_16_with_nested_annotations_Instance_23181" type="identity">
            <class id="GO_EXT:biogenesis_or_biosynthesis" label="biogenesis/biosynthesis"/>
            <span end="8131" id="15328533-6050" start="8121">biogenesis</span>
        </annotation>
        <annotation annotator="Mike Bada, University of Colorado Anschutz Medical Campus" id="GO_BP_2016_02_16_Instance_90610" type="identity">
            <class id="GO_EXT:positive_regulation" label="positive regulation"/>
            <span end="8169" id="15328533-6016" start="8158">upregulated</span>
        </annotation>
        <annotation annotator="Mike Bada, University of Colorado Anschutz Medical Campus" id="GO_BP_2016_02_16_Instance_23361" type="identity">
            <class id="GO:0007631" label="feeding behavior"/>
            <span end="8622" id="15328533-5885" start="8619">fed</span>
        </annotation>
        <annotation annotator="Mike Bada, University of Colorado Anschutz Medical Campus" id="GO_BP_2016_02_16_Instance_44431" type="identity">
            <class id="GO:0010467" label="gene expression"/>
            <span end="10484" id="15328533-5954" start="10474">expression</span>
        </annotation>
        <annotation annotator="Mike Bada, University of Colorado Anschutz Medical Campus" id="GO_BP_2016_02_16_with_nested_annotations_Instance_23907" type="identity">
            <class id="GO_PATO_EXT:physiological_process_or_quality" label="physiological process or quality"/>
            <span end="11465" id="15328533-6062" start="11454">physiologic</span>
        </annotation>
        <annotation annotator="Mike Bada, University of Colorado Anschutz Medical Campus" id="GO_BP_2016_02_16_with_nested_annotations_Instance_21904" type="identity">
            <class id="GO_EXT:biological_direction_or_guidance" label="biological direction/guidance"/>
            <span end="11551" id="15328533-6036" start="11543">directed</span>
        </annotation>
        <annotation annotator="Mike Bada, University of Colorado Anschutz Medical Campus" id="GO_BP_2016_02_16_with_nested_annotations_Instance_23909" type="identity">
            <class id="GO_PATO_EXT:physiological_process_or_quality" label="physiological process or quality"/>
            <span end="11590" id="15328533-6064" start="11575">physiologically</span>
        </annotation>
        <annotation annotator="Mike Bada, University of Colorado Anschutz Medical Campus" id="GO_BP_2016_02_16_Instance_90614" type="identity">
            <class id="GO_EXT:transcription" label="transcription"/>
            <span end="12045" id="15328533-6018" start="12030">transcriptional</span>
        </annotation>
        <annotation annotator="Mike Bada, University of Colorado Anschutz Medical Campus" id="GO_BP_2016_02_16_Instance_44435" type="identity">
            <class id="GO:0065007" label="biological regulation"/>
            <span end="12066" id="15328533-5956" start="12058">regulate</span>
        </annotation>
        <annotation annotator="Mike Bada, University of Colorado Anschutz Medical Campus" id="GO_BP_2016_02_16_Instance_44439" type="identity">
            <class id="GO:0010467" label="gene expression"/>
            <span end="12213" id="15328533-5958" start="12203">expression</span>
        </annotation>
        <annotation annotator="Mike Bada, University of Colorado Anschutz Medical Campus" id="GO_BP_2016_02_16_with_nested_annotations_Instance_23183" type="identity">
            <class id="GO_EXT:biogenesis_or_biosynthesis" label="biogenesis/biosynthesis"/>
            <span end="12334" id="15328533-6052" start="12324">biogenesis</span>
        </annotation>
        <annotation annotator="Mike Bada, University of Colorado Anschutz Medical Campus" id="GO_BP_2016_02_16_Instance_44441" type="identity">
            <class id="GO:0006412" label="translation"/>
            <span end="12353" id="15328533-5960" start="12340">production of</span>
            <span end="12399" id="15328533-5961" start="12391">proteins</span>
        </annotation>
        <annotation annotator="Mike Bada, University of Colorado Anschutz Medical Campus" id="GO_BP_2016_02_16_Instance_26085" type="identity">
            <class id="GO:0006936" label="muscle contraction"/>
            <span end="12390" id="15328533-5893" start="12379">contractile</span>
        </annotation>
        <annotation annotator="Mike Bada, University of Colorado Anschutz Medical Campus" id="GO_BP_2016_02_16_with_nested_annotations_Instance_21906" type="identity">
            <class id="GO_EXT:biological_direction_or_guidance" label="biological direction/guidance"/>
            <span end="12963" id="15328533-6038" start="12955">directed</span>
        </annotation>
        <annotation annotator="Mike Bada, University of Colorado Anschutz Medical Campus" id="GO_BP_2016_02_16_Instance_90622" type="identity">
            <class id="GO_UBERON_EXT:innervation_entity_or_process" label="innervation entity or process"/>
            <span end="13055" id="15328533-6020" start="13044">innervation</span>
        </annotation>
        <annotation annotator="Mike Bada, University of Colorado Anschutz Medical Campus" id="GO_BP_2016_02_16_Instance_241368" type="identity">
            <class id="GO_EXT:biological_movement_or_translocation_process" label="biological movement/translocation process"/>
            <span end="13062" id="15328533-5887" start="13057">motor</span>
        </annotation>
        <annotation annotator="Mike Bada, University of Colorado Anschutz Medical Campus" id="GO_BP_2016_02_16_Instance_44443" type="identity">
            <class id="GO:0008152" label="metabolic process"/>
            <span end="13104" id="15328533-5963" start="13095">metabolic</span>
        </annotation>
        <annotation annotator="Mike Bada, University of Colorado Anschutz Medical Campus" id="GO_BP_2016_02_16_with_nested_annotations_Instance_23911" type="identity">
            <class id="GO_PATO_EXT:physiological_process_or_quality" label="physiological process or quality"/>
            <span end="13156" id="15328533-6066" start="13143">physiological</span>
        </annotation>
        <annotation annotator="Mike Bada, University of Colorado Anschutz Medical Campus" id="GO_BP_2016_02_16_with_nested_annotations_Instance_150022" type="identity">
            <class id="GO_EXT:reaction_or_response" label="reaction/response"/>
            <span end="13165" id="15328533-6030" start="13157">response</span>
        </annotation>
        <annotation annotator="Mike Bada, University of Colorado Anschutz Medical Campus" id="GO_BP_2016_02_16_Instance_90624" type="identity">
            <class id="GO_EXT:transcription" label="transcription"/>
            <span end="13390" id="15328533-6022" start="13375">transcriptional</span>
        </annotation>
        <annotation annotator="Mike Bada, University of Colorado Anschutz Medical Campus" id="GO_BP_2016_02_16_Instance_44445" type="identity">
            <class id="GO:0010467" label="gene expression"/>
            <span end="13498" id="15328533-5965" start="13488">expressing</span>
        </annotation>
        <annotation annotator="Mike Bada, University of Colorado Anschutz Medical Campus" id="GO_BP_2016_02_16_Instance_90626" type="identity">
            <class id="GO_EXT:transcription" label="transcription"/>
            <span end="13690" id="15328533-6024" start="13677">transcription</span>
        </annotation>
        <annotation annotator="Mike Bada, University of Colorado Anschutz Medical Campus" id="GO_BP_2016_02_16_with_nested_annotations_Instance_21908" type="identity">
            <class id="GO_EXT:biological_direction_or_guidance" label="biological direction/guidance"/>
            <span end="13851" id="15328533-6040" start="13845">direct</span>
        </annotation>
        <annotation annotator="Mike Bada, University of Colorado Anschutz Medical Campus" id="GO_BP_2016_02_16_Instance_90628" type="identity">
            <class id="GO:0010467" label="gene expression"/>
            <span end="13950" id="15328533-6026" start="13940">expression</span>
        </annotation>
        <annotation annotator="Mike Bada, University of Colorado Anschutz Medical Campus" id="GO_BP_2016_02_16_Instance_44451" type="identity">
            <class id="GO:0010467" label="gene expression"/>
            <span end="14745" id="15328533-5967" start="14735">expression</span>
        </annotation>
        <annotation annotator="Mike Bada, University of Colorado Anschutz Medical Campus" id="GO_BP_2016_02_16_with_nested_annotations_Instance_21420" type="identity">
            <class id="GO_EXT:cell_communication_or_signaling_or_signal_transduction" label="cell communication, signaling or signal transduction"/>
            <span end="15076" id="15328533-6032" start="15067">signaling</span>
        </annotation>
        <annotation annotator="Mike Bada, University of Colorado Anschutz Medical Campus" id="GO_BP_2016_02_16_Instance_22673" type="identity">
            <class id="GO:0065007" label="biological regulation"/>
            <span end="15181" id="15328533-5883" start="15171">regulatory</span>
        </annotation>
        <annotation annotator="Mike Bada, University of Colorado Anschutz Medical Campus" id="GO_BP_2016_02_16_Instance_44455" type="identity">
            <class id="GO:0065007" label="biological regulation"/>
            <span end="15357" id="15328533-5969" start="15349">regulate</span>
        </annotation>
        <annotation annotator="Mike Bada, University of Colorado Anschutz Medical Campus" id="GO_BP_2016_02_16_Instance_44457" type="identity">
            <class id="GO:0006631" label="fatty acid metabolic process"/>
            <span end="15379" id="15328533-5971" start="15369">fatty-acid</span>
            <span end="15402" id="15328533-5972" start="15392">metabolism</span>
        </annotation>
        <annotation annotator="Mike Bada, University of Colorado Anschutz Medical Campus" id="GO_BP_2016_02_16_Instance_44459" type="identity">
            <class id="GO:0006006" label="glucose metabolic process"/>
            <span end="15402" id="15328533-5974" start="15384">glucose metabolism</span>
        </annotation>
        <annotation annotator="Mike Bada, University of Colorado Anschutz Medical Campus" id="GO_BP_2016_02_16_Instance_44461" type="identity">
            <class id="GO:0006006" label="glucose metabolic process"/>
            <span end="15700" id="15328533-5976" start="15682">glucose metabolism</span>
        </annotation>
        <annotation annotator="Mike Bada, University of Colorado Anschutz Medical Campus" id="GO_BP_2016_02_16_with_nested_annotations_Instance_23185" type="identity">
            <class id="GO_EXT:biogenesis_or_biosynthesis" label="biogenesis/biosynthesis"/>
            <span end="15983" id="15328533-6054" start="15973">biogenesis</span>
        </annotation>
        <annotation annotator="Mike Bada, University of Colorado Anschutz Medical Campus" id="GO_BP_2016_02_16_Instance_44463" type="identity">
            <class id="GO:0065007" label="biological regulation"/>
            <span end="16057" id="15328533-5978" start="16050">control</span>
        </annotation>
        <annotation annotator="Mike Bada, University of Colorado Anschutz Medical Campus" id="GO_BP_2016_02_16_Instance_44465" type="identity">
            <class id="GO:0007568" label="aging"/>
            <span end="16099" id="15328533-5980" start="16094">aging</span>
        </annotation>
        <annotation annotator="Mike Bada, University of Colorado Anschutz Medical Campus" id="GO_BP_2016_02_16_Instance_44467" type="identity">
            <class id="GO:0065007" label="biological regulation"/>
            <span end="16201" id="15328533-5982" start="16193">regulate</span>
        </annotation>
        <annotation annotator="Mike Bada, University of Colorado Anschutz Medical Campus" id="GO_BP_2016_02_16_with_nested_annotations_Instance_23913" type="identity">
            <class id="GO_PATO_EXT:physiological_process_or_quality" label="physiological process or quality"/>
            <span end="16362" id="15328533-6068" start="16351">physiologic</span>
        </annotation>
        <annotation annotator="Mike Bada, University of Colorado Anschutz Medical Campus" id="GO_BP_2016_02_16_Instance_44471" type="identity">
            <class id="GO:0007631" label="feeding behavior"/>
            <span end="17191" id="15328533-5984" start="17188">fed</span>
        </annotation>
        <annotation annotator="Mike Bada, University of Colorado Anschutz Medical Campus" id="GO_BP_2016_02_16_Instance_44475" type="identity">
            <class id="GO:0010467" label="gene expression"/>
            <span end="17574" id="15328533-5986" start="17559">Gene expression</span>
        </annotation>
        <annotation annotator="Mike Bada, University of Colorado Anschutz Medical Campus" id="GO_BP_2016_02_16_with_nested_annotations_Instance_23915" type="identity">
            <class id="GO_PATO_EXT:physiological_process_or_quality" label="physiological process or quality"/>
            <span end="17601" id="15328533-6070" start="17588">physiological</span>
        </annotation>
        <annotation annotator="Mike Bada, University of Colorado Anschutz Medical Campus" id="GO_BP_2016_02_16_with_nested_annotations_Instance_40210" type="identity">
            <class id="CHEBI_GO_EXT:biological_process_or_quality_or_role" label="biological process, quality or role"/>
            <span end="20305" id="15328533-6074" start="20295">Biological</span>
        </annotation>
        <annotation annotator="Mike Bada, University of Colorado Anschutz Medical Campus" id="GO_BP_2016_02_16_with_nested_annotations_Instance_40212" type="identity">
            <class id="CHEBI_GO_EXT:biological_process_or_quality_or_role" label="biological process, quality or role"/>
            <span end="20377" id="15328533-6076" start="20370">Biology</span>
        </annotation>
        <annotation annotator="Mike Bada, University of Colorado Anschutz Medical Campus" id="GO_BP_2016_02_16_Instance_44477" type="identity">
            <class id="GO:0010467" label="gene expression"/>
            <span end="20755" id="15328533-5988" start="20745">Expression</span>
        </annotation>
        <annotation annotator="Mike Bada, University of Colorado Anschutz Medical Campus" id="GO_BP_2016_02_16_Instance_44479" type="identity">
            <class id="GO:0010467" label="gene expression"/>
            <span end="21188" id="15328533-5990" start="21178">Expression</span>
        </annotation>
        <annotation annotator="Mike Bada, University of Colorado Anschutz Medical Campus" id="GO_BP_2016_02_16_with_nested_annotations_Instance_23187" type="identity">
            <class id="GO_EXT:biogenesis_or_biosynthesis" label="biogenesis/biosynthesis"/>
            <span end="21985" id="15328533-6056" start="21975">Biogenesis</span>
        </annotation>
        <annotation annotator="Mike Bada, University of Colorado Anschutz Medical Campus" id="GO_BP_2016_02_16_Instance_44481" type="identity">
            <class id="GO:0007631" label="feeding behavior"/>
            <span end="23185" id="15328533-5992" start="23182">fed</span>
        </annotation>
        <annotation annotator="Mike Bada, University of Colorado Anschutz Medical Campus" id="GO_BP_2016_02_16_Instance_44483" type="identity">
            <class id="GO:0007631" label="feeding behavior"/>
            <span end="23401" id="15328533-5994" start="23394">feeding</span>
        </annotation>
        <annotation annotator="Mike Bada, University of Colorado Anschutz Medical Campus" id="GO_BP_2016_02_16_Instance_44485" type="identity">
            <class id="GO:0007631" label="feeding behavior"/>
            <span end="23626" id="15328533-5996" start="23619">feeding</span>
        </annotation>
        <annotation annotator="Mike Bada, University of Colorado Anschutz Medical Campus" id="GO_BP_2016_02_16_Instance_44487" type="identity">
            <class id="GO:0007631" label="feeding behavior"/>
            <span end="23699" id="15328533-5998" start="23692">feeding</span>
        </annotation>
        <annotation annotator="Mike Bada, University of Colorado Anschutz Medical Campus" id="GO_BP_2016_02_16_Instance_44489" type="identity">
            <class id="GO:0007631" label="feeding behavior"/>
            <span end="23983" id="15328533-6000" start="23980">fed</span>
        </annotation>
        <annotation annotator="Mike Bada, University of Colorado Anschutz Medical Campus" id="GO_BP_2016_02_16_Instance_22479" type="identity">
            <class id="GO:0000003" label="reproduction"/>
            <span end="24467" id="15328533-5881" start="24455">reproductive</span>
        </annotation>
        <annotation annotator="Mike Bada, University of Colorado Anschutz Medical Campus" id="GO_BP_2016_02_16_Instance_44491" type="identity">
            <class id="GO:0065007" label="biological regulation"/>
            <span end="24742" id="15328533-6002" start="24733">Regulates</span>
        </annotation>
        <annotation annotator="Mike Bada, University of Colorado Anschutz Medical Campus" id="GO_BP_2016_02_16_Instance_44493" type="identity">
            <class id="GO:0065007" label="biological regulation"/>
            <span end="25740" id="15328533-6004" start="25730">Regulation</span>
        </annotation>
        <graph-space id="Old Knowtator Relations"/>
    </document>
</knowtator-project>
