<?xml version="1.0" encoding="UTF-8" standalone="no"?>
<knowtator-project>
  <document id="15876356" text-file="15876356.txt">
    <annotation annotator="Mike Bada, University of Colorado Anschutz Medical Campus" id="GO_BP_2016_02_16_with_nested_annotations_Instance_21752" type="identity">
      <class id="GO_EXT:myelin_assembly_or_myelination" label="myelin assembly/myelination"/>
      <span end="43" id="15876356-12067" start="32">myelination</span>
    </annotation>
    <annotation annotator="Mike Bada, University of Colorado Anschutz Medical Campus" id="GO_BP_2016_02_16_Instance_27063" type="identity">
      <class id="GO:0010467" label="gene expression"/>
      <span end="169" id="15876356-11947" start="160">expressed</span>
    </annotation>
    <annotation annotator="Mike Bada, University of Colorado Anschutz Medical Campus" id="GO_BP_2016_02_16_Instance_140594" type="identity">
      <class id="GO_PATO_EXT:physiological_process_or_quality" label="physiological process or quality"/>
      <span end="392" id="15876356-11896" start="379">physiological</span>
    </annotation>
    <annotation annotator="Mike Bada, University of Colorado Anschutz Medical Campus" id="GO_BP_2016_02_16_Instance_30073" type="identity">
      <class id="GO:0007567" label="parturition"/>
      <span end="595" id="15876356-11973" start="590">birth</span>
    </annotation>
    <annotation annotator="Mike Bada, University of Colorado Anschutz Medical Campus" id="GO_BP_2016_02_16_Instance_30091" type="identity">
      <class id="GO:0016265" label="death"/>
      <span end="665" id="15876356-11991" start="661">died</span>
    </annotation>
    <annotation annotator="Mike Bada, University of Colorado Anschutz Medical Campus" id="GO_BP_2016_02_16_with_nested_annotations_Instance_21754" type="identity">
      <class id="GO_EXT:myelin_assembly_or_myelination" label="myelin assembly/myelination"/>
      <span end="856" id="15876356-12069" start="845">myelination</span>
    </annotation>
    <annotation annotator="Mike Bada, University of Colorado Anschutz Medical Campus" id="GO_BP_2016_02_16_with_nested_annotations_Instance_40246" type="identity">
      <class id="CHEBI_GO_EXT:biological_process_or_quality_or_role" label="biological process, quality or role"/>
      <span end="1440" id="15876356-12127" start="1430">biological</span>
    </annotation>
    <annotation annotator="Mike Bada, University of Colorado Anschutz Medical Campus" id="GO_BP_2016_02_16_Instance_44983" type="identity">
      <class id="GO:0009566" label="fertilization"/>
      <span end="1484" id="15876356-12035" start="1471">fertilization</span>
    </annotation>
    <annotation annotator="Mike Bada, University of Colorado Anschutz Medical Campus" id="GO_BP_2016_02_16_Instance_140598" type="identity">
      <class id="GO_EXT:muscle_structure_or_tissue_development" label="muscle structure or tissue development"/>
      <span end="1496" id="15876356-11898" start="1486">myogenesis</span>
    </annotation>
    <annotation annotator="Mike Bada, University of Colorado Anschutz Medical Campus" id="GO_BP_2016_02_16_Instance_44985" type="identity">
      <class id="GO:0022008" label="neurogenesis"/>
      <span end="1513" id="15876356-12037" start="1501">neurogenesis</span>
    </annotation>
    <annotation annotator="Mike Bada, University of Colorado Anschutz Medical Campus" id="GO_BP_2016_02_16_Instance_44987" type="identity">
      <class id="GO:0006508" label="proteolysis"/>
      <span end="1528" id="15876356-12039" start="1517">proteolysis</span>
    </annotation>
    <annotation annotator="Mike Bada, University of Colorado Anschutz Medical Campus" id="GO_BP_2016_02_16_with_nested_annotations_Instance_23569" type="identity">
      <class id="GO_PATO_EXT:biological_adhesion_entity_or_process" label="biological adhesion entity or process"/>
      <span end="1541" id="15876356-12119" start="1533">adhesion</span>
    </annotation>
    <annotation annotator="Mike Bada, University of Colorado Anschutz Medical Campus" id="GO_BP_2016_02_16_with_nested_annotations_Instance_80296" type="identity">
      <class id="GO_EXT:biological_growth_entity_or_process" label="biological growth entity or process"/>
      <span end="1663" id="15876356-12129" start="1657">growth</span>
    </annotation>
    <annotation annotator="Mike Bada, University of Colorado Anschutz Medical Campus" id="GO_BP_2016_02_16_with_nested_annotations_Instance_23989" type="identity">
      <class id="GO_PATO_EXT:necrosis" label="necrosis"/>
      <span end="1789" id="15876356-12125" start="1781">necrosis</span>
    </annotation>
    <annotation annotator="Mike Bada, University of Colorado Anschutz Medical Campus" id="GO_BP_2016_02_16_with_nested_annotations_Instance_80298" type="identity">
      <class id="GO_EXT:biological_growth_entity_or_process" label="biological growth entity or process"/>
      <span end="1841" id="15876356-12131" start="1835">growth</span>
    </annotation>
    <annotation annotator="Mike Bada, University of Colorado Anschutz Medical Campus" id="GO_BP_2016_02_16_with_nested_annotations_Instance_80300" type="identity">
      <class id="GO_EXT:biological_growth_entity_or_process" label="biological growth entity or process"/>
      <span end="1860" id="15876356-12133" start="1854">growth</span>
    </annotation>
    <annotation annotator="Mike Bada, University of Colorado Anschutz Medical Campus" id="GO_BP_2016_02_16_with_nested_annotations_Instance_80302" type="identity">
      <class id="GO_EXT:biological_growth_entity_or_process" label="biological growth entity or process"/>
      <span end="1897" id="15876356-12135" start="1891">growth</span>
    </annotation>
    <annotation annotator="Mike Bada, University of Colorado Anschutz Medical Campus" id="GO_BP_2016_02_16_Instance_30103" type="identity">
      <class id="GO:0009790" label="embryo development"/>
      <span end="1998" id="15876356-11999" start="1985">embryogenesis</span>
    </annotation>
    <annotation annotator="Mike Bada, University of Colorado Anschutz Medical Campus" id="GO_BP_2016_02_16_with_nested_annotations_Instance_80304" type="identity">
      <class id="GO_EXT:biological_growth_entity_or_process" label="biological growth entity or process"/>
      <span end="2050" id="15876356-12137" start="2044">growth</span>
    </annotation>
    <annotation annotator="Mike Bada, University of Colorado Anschutz Medical Campus" id="GO_BP_2016_02_16_with_nested_annotations_Instance_23589" type="identity">
      <class id="GO_PATO_EXT:biological_adhesion_entity_or_process" label="biological adhesion entity or process"/>
      <span end="2126" id="15876356-12121" start="2118">adhesion</span>
    </annotation>
    <annotation annotator="Mike Bada, University of Colorado Anschutz Medical Campus" id="GO_BP_2016_02_16_with_nested_annotations_Instance_23591" type="identity">
      <class id="GO_PATO_EXT:biological_adhesion_entity_or_process" label="biological adhesion entity or process"/>
      <span end="2259" id="15876356-12123" start="2251">adhesion</span>
    </annotation>
    <annotation annotator="Mike Bada, University of Colorado Anschutz Medical Campus" id="GO_BP_2016_02_16_Instance_27701" type="identity">
      <class id="GO:0010467" label="gene expression"/>
      <span end="2733" id="15876356-11949" start="2723">expression</span>
    </annotation>
    <annotation annotator="Mike Bada, University of Colorado Anschutz Medical Campus" id="GO_BP_2016_02_16_with_nested_annotations_Instance_128" type="identity">
      <class id="GO_PATO_EXT:biological_localization_process_or_quality" label="biological localization process or quality"/>
      <span end="2938" id="15876356-12061" start="2929">localised</span>
    </annotation>
    <annotation annotator="Mike Bada, University of Colorado Anschutz Medical Campus" id="GO_BP_2016_02_16_Instance_30081" type="identity">
      <class id="GO:0016265" label="death"/>
      <span end="3094" id="15876356-11981" start="3089">death</span>
    </annotation>
    <annotation annotator="Mike Bada, University of Colorado Anschutz Medical Campus" id="GO_BP_2016_02_16_Instance_30083" type="identity">
      <class id="GO:0016265" label="death"/>
      <span end="3162" id="15876356-11983" start="3157">death</span>
    </annotation>
    <annotation annotator="Mike Bada, University of Colorado Anschutz Medical Campus" id="GO_BP_2016_02_16_Instance_140602" type="identity">
      <class id="GO_PATO_EXT:physiological_process_or_quality" label="physiological process or quality"/>
      <span end="3724" id="15876356-11900" start="3711">physiological</span>
    </annotation>
    <annotation annotator="Mike Bada, University of Colorado Anschutz Medical Campus" id="GO_BP_2016_02_16_with_nested_annotations_Instance_120138" type="identity">
      <class id="GO_SO_EXT:sequence_rearrangement_process" label="sequence rearrangement process"/>
      <span end="3943" id="15876356-12053" start="3930">recombination</span>
    </annotation>
    <annotation annotator="Mike Bada, University of Colorado Anschutz Medical Campus" id="GO_BP_2016_02_16_Instance_30075" type="identity">
      <class id="GO:0007567" label="parturition"/>
      <span end="4690" id="15876356-11975" start="4685">birth</span>
    </annotation>
    <annotation annotator="Mike Bada, University of Colorado Anschutz Medical Campus" id="GO_BP_2016_02_16_Instance_140604" type="identity">
      <class id="GO:0007567" label="parturition"/>
      <span end="4796" id="15876356-11902" start="4791">natal</span>
    </annotation>
    <annotation annotator="Mike Bada, University of Colorado Anschutz Medical Campus" id="GO_BP_2016_02_16_Instance_241554" type="identity">
      <class id="GO_EXT:biological_movement_or_translocation_process" label="biological movement/translocation process"/>
      <span end="4935" id="15876356-11943" start="4926">movements</span>
    </annotation>
    <annotation annotator="Mike Bada, University of Colorado Anschutz Medical Campus" id="GO_BP_2016_02_16_Instance_30147" type="identity">
      <class id="GO:0016265" label="death"/>
      <span end="5028" id="15876356-12003" start="5025">die</span>
    </annotation>
    <annotation annotator="Mike Bada, University of Colorado Anschutz Medical Campus" id="GO_BP_2016_02_16_Instance_30105" type="identity">
      <class id="GO:0009790" label="embryo development"/>
      <span end="5562" id="15876356-12001" start="5549">embryogenesis</span>
    </annotation>
    <annotation annotator="Mike Bada, University of Colorado Anschutz Medical Campus" id="GO_BP_2016_02_16_Instance_30093" type="identity">
      <class id="GO:0016265" label="death"/>
      <span end="5722" id="15876356-11993" start="5718">died</span>
    </annotation>
    <annotation annotator="Mike Bada, University of Colorado Anschutz Medical Campus" id="GO_BP_2016_02_16_Instance_30095" type="identity">
      <class id="GO:0016265" label="death"/>
      <span end="5769" id="15876356-11995" start="5765">died</span>
    </annotation>
    <annotation annotator="Mike Bada, University of Colorado Anschutz Medical Campus" id="GO_BP_2016_02_16_Instance_30077" type="identity">
      <class id="GO:0007567" label="parturition"/>
      <span end="5877" id="15876356-11977" start="5872">birth</span>
    </annotation>
    <annotation annotator="Mike Bada, University of Colorado Anschutz Medical Campus" id="GO_BP_2016_02_16_Instance_27703" type="identity">
      <class id="GO:0010467" label="gene expression"/>
      <span end="6086" id="15876356-11951" start="6076">expression</span>
    </annotation>
    <annotation annotator="Mike Bada, University of Colorado Anschutz Medical Campus" id="GO_BP_2016_02_16_Instance_27705" type="identity">
      <class id="GO:0010467" label="gene expression"/>
      <span end="6370" id="15876356-11953" start="6361">expressed</span>
    </annotation>
    <annotation annotator="Mike Bada, University of Colorado Anschutz Medical Campus" id="GO_BP_2016_02_16_Instance_27911" type="identity">
      <class id="GO:0010467" label="gene expression"/>
      <span end="6679" id="15876356-11955" start="6669">expression</span>
    </annotation>
    <annotation annotator="Mike Bada, University of Colorado Anschutz Medical Campus" id="GO_BP_2016_02_16_Instance_27913" type="identity">
      <class id="GO:0010467" label="gene expression"/>
      <span end="6757" id="15876356-11957" start="6747">expression</span>
    </annotation>
    <annotation annotator="Mike Bada, University of Colorado Anschutz Medical Campus" id="GO_BP_2016_02_16_Instance_28219" type="identity">
      <class id="GO:0010467" label="gene expression"/>
      <span end="6958" id="15876356-11959" start="6948">expression</span>
    </annotation>
    <annotation annotator="Mike Bada, University of Colorado Anschutz Medical Campus" id="GO_BP_2016_02_16_Instance_30029" type="identity">
      <class id="GO:0001764" label="neuron migration"/>
      <span end="7256" id="15876356-11971" start="7233">neuronal cell migration</span>
    </annotation>
    <annotation annotator="Mike Bada, University of Colorado Anschutz Medical Campus" id="GO_BP_2016_02_16_with_nested_annotations_Instance_21756" type="identity">
      <class id="GO_EXT:myelin_assembly_or_myelination" label="myelin assembly/myelination"/>
      <span end="7311" id="15876356-12071" start="7295">Myelin-formation</span>
    </annotation>
    <annotation annotator="Mike Bada, University of Colorado Anschutz Medical Campus" id="GO_BP_2016_02_16_with_nested_annotations_Instance_21758" type="identity">
      <class id="GO_EXT:myelin_assembly_or_myelination" label="myelin assembly/myelination"/>
      <span end="7751" id="15876356-12073" start="7735">myelin formation</span>
    </annotation>
    <annotation annotator="Mike Bada, University of Colorado Anschutz Medical Campus" id="GO_BP_2016_02_16_with_nested_annotations_Instance_21760" type="identity">
      <class id="GO_EXT:myelin_assembly_or_myelination" label="myelin assembly/myelination"/>
      <span end="8015" id="15876356-12075" start="8004">myelination</span>
    </annotation>
    <annotation annotator="Mike Bada, University of Colorado Anschutz Medical Campus" id="GO_BP_2016_02_16_with_nested_annotations_Instance_21762" type="identity">
      <class id="GO_EXT:myelin_assembly_or_myelination" label="myelin assembly/myelination"/>
      <span end="8091" id="15876356-12077" start="8080">myelinating</span>
    </annotation>
    <annotation annotator="Mike Bada, University of Colorado Anschutz Medical Campus" id="GO_BP_2016_02_16_with_nested_annotations_Instance_21764" type="identity">
      <class id="GO_EXT:myelin_assembly_or_myelination" label="myelin assembly/myelination"/>
      <span end="8330" id="15876356-12079" start="8319">myelination</span>
    </annotation>
    <annotation annotator="Mike Bada, University of Colorado Anschutz Medical Campus" id="GO_BP_2016_02_16_Instance_30217" type="identity">
      <class id="GO:0014010" label="Schwann cell proliferation"/>
      <span end="8743" id="15876356-12015" start="8727">proliferation of</span>
      <span end="8761" id="15876356-12016" start="8748">Schwann cells</span>
    </annotation>
    <annotation annotator="Mike Bada, University of Colorado Anschutz Medical Campus" id="GO_BP_2016_02_16_Instance_240600" type="identity">
      <class id="GO_RO_EXT:developmental_differentiation_process" label="developmental differentiation process"/>
      <span end="8798" id="15876356-11939" start="8783">differentiation</span>
    </annotation>
    <annotation annotator="Mike Bada, University of Colorado Anschutz Medical Campus" id="GO_BP_2016_02_16_Instance_30159" type="identity">
      <class id="GO:0008380" label="RNA splicing"/>
      <span end="8983" id="15876356-12005" start="8975">splicing</span>
    </annotation>
    <annotation annotator="Mike Bada, University of Colorado Anschutz Medical Campus" id="GO_BP_2016_02_16_Instance_140606" type="identity">
      <class id="GO_EXT:reverse_transcription_or_reverse_transcriptase" label="reverse transcription or reverse transcriptase"/>
      <span end="9620" id="15876356-11904" start="9618">RT</span>
    </annotation>
    <annotation annotator="Mike Bada, University of Colorado Anschutz Medical Campus" id="GO_BP_2016_02_16_Instance_140608" type="identity">
      <class id="GO_EXT:reverse_transcription_or_reverse_transcriptase" label="reverse transcription or reverse transcriptase"/>
      <span end="9905" id="15876356-11906" start="9903">RT</span>
    </annotation>
    <annotation annotator="Mike Bada, University of Colorado Anschutz Medical Campus" id="GO_BP_2016_02_16_Instance_140610" type="identity">
      <class id="GO_EXT:reverse_transcription_or_reverse_transcriptase" label="reverse transcription or reverse transcriptase"/>
      <span end="11314" id="15876356-11908" start="11312">RT</span>
    </annotation>
    <annotation annotator="Mike Bada, University of Colorado Anschutz Medical Campus" id="GO_BP_2016_02_16_Instance_28221" type="identity">
      <class id="GO:0010467" label="gene expression"/>
      <span end="11578" id="15876356-11961" start="11569">expressed</span>
    </annotation>
    <annotation annotator="Mike Bada, University of Colorado Anschutz Medical Campus" id="GO_BP_2016_02_16_with_nested_annotations_Instance_21766" type="identity">
      <class id="GO_EXT:myelin_assembly_or_myelination" label="myelin assembly/myelination"/>
      <span end="11656" id="15876356-12081" start="11642">myelinogenesis</span>
    </annotation>
    <annotation annotator="Mike Bada, University of Colorado Anschutz Medical Campus" id="GO_BP_2016_02_16_Instance_45005" type="identity">
      <class id="GO:0016265" label="death"/>
      <span end="11852" id="15876356-12041" start="11847">death</span>
    </annotation>
    <annotation annotator="Mike Bada, University of Colorado Anschutz Medical Campus" id="GO_BP_2016_02_16_Instance_45007" type="identity">
      <class id="GO:0016265" label="death"/>
      <span end="11989" id="15876356-12043" start="11984">death</span>
    </annotation>
    <annotation annotator="Mike Bada, University of Colorado Anschutz Medical Campus" id="GO_BP_2016_02_16_Instance_30097" type="identity">
      <class id="GO:0016265" label="death"/>
      <span end="12236" id="15876356-11997" start="12232">died</span>
    </annotation>
    <annotation annotator="Mike Bada, University of Colorado Anschutz Medical Campus" id="GO_BP_2016_02_16_Instance_45009" type="identity">
      <class id="GO:0007420" label="brain development"/>
      <span end="12331" id="15876356-12045" start="12314">brain development</span>
    </annotation>
    <annotation annotator="Mike Bada, University of Colorado Anschutz Medical Campus" id="GO_BP_2016_02_16_Instance_30219" type="identity">
      <class id="GO:0001764" label="neuron migration"/>
      <span end="12484" id="15876356-12018" start="12466">neuronal migration</span>
    </annotation>
    <annotation annotator="Mike Bada, University of Colorado Anschutz Medical Campus" id="GO_BP_2016_02_16_Instance_28441" type="identity">
      <class id="GO:0010467" label="gene expression"/>
      <span end="12533" id="15876356-11963" start="12524">expressed</span>
    </annotation>
    <annotation annotator="Mike Bada, University of Colorado Anschutz Medical Campus" id="GO_BP_2016_02_16_Instance_30221" type="identity">
      <class id="GO:0001764" label="neuron migration"/>
      <span end="12708" id="15876356-12020" start="12690">neuronal migration</span>
    </annotation>
    <annotation annotator="Mike Bada, University of Colorado Anschutz Medical Campus" id="GO_BP_2016_02_16_Instance_30223" type="identity">
      <class id="GO:0001764" label="neuron migration"/>
      <span end="12907" id="15876356-12022" start="12889">neuronal migration</span>
    </annotation>
    <annotation annotator="Mike Bada, University of Colorado Anschutz Medical Campus" id="GO_BP_2016_02_16_Instance_30085" type="identity">
      <class id="GO:0016265" label="death"/>
      <span end="12965" id="15876356-11985" start="12960">death</span>
    </annotation>
    <annotation annotator="Mike Bada, University of Colorado Anschutz Medical Campus" id="GO_BP_2016_02_16_Instance_30233" type="identity">
      <class id="GO:0002087" label="regulation of respiratory gaseous exchange by neurological system process"/>
      <span end="13085" id="15876356-12028" start="13078">control</span>
    </annotation>
    <annotation annotator="Mike Bada, University of Colorado Anschutz Medical Campus" id="GO_BP_2016_02_16_Instance_140612" type="identity">
      <class id="GO_PATO_EXT:biological_maturation" label="biological maturation"/>
      <span end="13188" id="15876356-11910" start="13178">maturation</span>
    </annotation>
    <annotation annotator="Mike Bada, University of Colorado Anschutz Medical Campus" id="GO_BP_2016_02_16_Instance_30079" type="identity">
      <class id="GO:0007567" label="parturition"/>
      <span end="13223" id="15876356-11979" start="13218">birth</span>
    </annotation>
    <annotation annotator="Mike Bada, University of Colorado Anschutz Medical Campus" id="GO_BP_2016_02_16_with_nested_annotations_Instance_21768" type="identity">
      <class id="GO_EXT:myelin_assembly_or_myelination" label="myelin assembly/myelination"/>
      <span end="13378" id="15876356-12083" start="13367">myelination</span>
    </annotation>
    <annotation annotator="Mike Bada, University of Colorado Anschutz Medical Campus" id="GO_BP_2016_02_16_Instance_30163" type="identity">
      <class id="GO:0016265" label="death"/>
      <span end="13387" id="15876356-12007" start="13383">dies</span>
    </annotation>
    <annotation annotator="Mike Bada, University of Colorado Anschutz Medical Campus" id="GO_BP_2016_02_16_Instance_140616" type="identity">
      <class id="GO:0007567" label="parturition"/>
      <span end="13414" id="15876356-11912" start="13409">natal</span>
    </annotation>
    <annotation annotator="Mike Bada, University of Colorado Anschutz Medical Campus" id="GO_BP_2016_02_16_Instance_30087" type="identity">
      <class id="GO:0016265" label="death"/>
      <span end="13445" id="15876356-11987" start="13440">death</span>
    </annotation>
    <annotation annotator="Mike Bada, University of Colorado Anschutz Medical Campus" id="GO_BP_2016_02_16_Instance_30225" type="identity">
      <class id="GO:0002087" label="regulation of respiratory gaseous exchange by neurological system process"/>
      <span end="13548" id="15876356-12024" start="13516">autonomic control of respiration</span>
    </annotation>
    <annotation annotator="Mike Bada, University of Colorado Anschutz Medical Campus" id="GO_BP_2016_02_16_Instance_30089" type="identity">
      <class id="GO:0016265" label="death"/>
      <span end="13622" id="15876356-11989" start="13617">death</span>
    </annotation>
    <annotation annotator="Mike Bada, University of Colorado Anschutz Medical Campus" id="GO_BP_2016_02_16_with_nested_annotations_Instance_21770" type="identity">
      <class id="GO_EXT:myelin_assembly_or_myelination" label="myelin assembly/myelination"/>
      <span end="13736" id="15876356-12085" start="13722">myelinogenesis</span>
    </annotation>
    <annotation annotator="Mike Bada, University of Colorado Anschutz Medical Campus" id="GO_BP_2016_02_16_with_nested_annotations_Instance_21772" type="identity">
      <class id="GO_EXT:myelin_assembly_or_myelination" label="myelin assembly/myelination"/>
      <span end="13796" id="15876356-12087" start="13785">myelination</span>
    </annotation>
    <annotation annotator="Mike Bada, University of Colorado Anschutz Medical Campus" id="GO_BP_2016_02_16_with_nested_annotations_Instance_21774" type="identity">
      <class id="GO_EXT:myelin_assembly_or_myelination" label="myelin assembly/myelination"/>
      <span end="13860" id="15876356-12089" start="13844">myelin formation</span>
    </annotation>
    <annotation annotator="Mike Bada, University of Colorado Anschutz Medical Campus" id="GO_BP_2016_02_16_with_nested_annotations_Instance_21776" type="identity">
      <class id="GO_EXT:myelin_assembly_or_myelination" label="myelin assembly/myelination"/>
      <span end="13954" id="15876356-12091" start="13940">myelinogenesis</span>
    </annotation>
    <annotation annotator="Mike Bada, University of Colorado Anschutz Medical Campus" id="GO_BP_2016_02_16_with_nested_annotations_Instance_21778" type="identity">
      <class id="GO_EXT:myelin_assembly_or_myelination" label="myelin assembly/myelination"/>
      <span end="14120" id="15876356-12093" start="14109">myelinating</span>
    </annotation>
    <annotation annotator="Mike Bada, University of Colorado Anschutz Medical Campus" id="GO_BP_2016_02_16_with_nested_annotations_Instance_21780" type="identity">
      <class id="GO_EXT:myelin_assembly_or_myelination" label="myelin assembly/myelination"/>
      <span end="14240" id="15876356-12095" start="14229">myelinating</span>
    </annotation>
    <annotation annotator="Mike Bada, University of Colorado Anschutz Medical Campus" id="GO_BP_2016_02_16_with_nested_annotations_Instance_21782" type="identity">
      <class id="GO_EXT:myelin_assembly_or_myelination" label="myelin assembly/myelination"/>
      <span end="14298" id="15876356-12097" start="14282">myelin formation</span>
    </annotation>
    <annotation annotator="Mike Bada, University of Colorado Anschutz Medical Campus" id="GO_BP_2016_02_16_Instance_43385" type="identity">
      <class id="GO:0014010" label="Schwann cell proliferation"/>
      <span end="14359" id="15876356-12032" start="14347">Schwann cell</span>
      <span end="14401" id="15876356-12033" start="14388">proliferation</span>
    </annotation>
    <annotation annotator="Mike Bada, University of Colorado Anschutz Medical Campus" id="GO_BP_2016_02_16_Instance_240602" type="identity">
      <class id="GO:0030154" label="cell differentiation"/>
      <span end="14375" id="15876356-11941" start="14355">cell differentiation</span>
    </annotation>
    <annotation annotator="Mike Bada, University of Colorado Anschutz Medical Campus" id="GO_BP_2016_02_16_with_nested_annotations_Instance_21784" type="identity">
      <class id="GO_EXT:myelin_assembly_or_myelination" label="myelin assembly/myelination"/>
      <span end="14444" id="15876356-12099" start="14430">myelinogenesis</span>
    </annotation>
    <annotation annotator="Mike Bada, University of Colorado Anschutz Medical Campus" id="GO_BP_2016_02_16_with_nested_annotations_Instance_21786" type="identity">
      <class id="GO_EXT:myelin_assembly_or_myelination" label="myelin assembly/myelination"/>
      <span end="14719" id="15876356-12101" start="14703">myelin formation</span>
    </annotation>
    <annotation annotator="Mike Bada, University of Colorado Anschutz Medical Campus" id="GO_BP_2016_02_16_with_nested_annotations_Instance_21788" type="identity">
      <class id="GO_EXT:myelin_assembly_or_myelination" label="myelin assembly/myelination"/>
      <span end="14795" id="15876356-12103" start="14779">myelin formation</span>
    </annotation>
    <annotation annotator="Mike Bada, University of Colorado Anschutz Medical Campus" id="GO_BP_2016_02_16_with_nested_annotations_Instance_21790" type="identity">
      <class id="GO_EXT:myelin_assembly_or_myelination" label="myelin assembly/myelination"/>
      <span end="14847" id="15876356-12105" start="14836">myelination</span>
    </annotation>
    <annotation annotator="Mike Bada, University of Colorado Anschutz Medical Campus" id="GO_BP_2016_02_16_with_nested_annotations_Instance_21792" type="identity">
      <class id="GO_EXT:myelin_assembly_or_myelination" label="myelin assembly/myelination"/>
      <span end="14985" id="15876356-12107" start="14969">myelin formation</span>
    </annotation>
    <annotation annotator="Mike Bada, University of Colorado Anschutz Medical Campus" id="GO_BP_2016_02_16_with_nested_annotations_Instance_21794" type="identity">
      <class id="GO_EXT:myelin_assembly_or_myelination" label="myelin assembly/myelination"/>
      <span end="15221" id="15876356-12109" start="15205">myelin formation</span>
    </annotation>
    <annotation annotator="Mike Bada, University of Colorado Anschutz Medical Campus" id="GO_BP_2016_02_16_Instance_30231" type="identity">
      <class id="GO:0065007" label="biological regulation"/>
      <span end="15428" id="15876356-12026" start="15419">modulates</span>
    </annotation>
    <annotation annotator="Mike Bada, University of Colorado Anschutz Medical Campus" id="GO_BP_2016_02_16_with_nested_annotations_Instance_21796" type="identity">
      <class id="GO_EXT:myelin_assembly_or_myelination" label="myelin assembly/myelination"/>
      <span end="15506" id="15876356-12111" start="15490">myelin formation</span>
    </annotation>
    <annotation annotator="Mike Bada, University of Colorado Anschutz Medical Campus" id="GO_BP_2016_02_16_with_nested_annotations_Instance_120140" type="identity">
      <class id="GO_SO_EXT:sequence_rearrangement_process" label="sequence rearrangement process"/>
      <span end="17229" id="15876356-12055" start="17219">recombined</span>
    </annotation>
    <annotation annotator="Mike Bada, University of Colorado Anschutz Medical Campus" id="GO_BP_2016_02_16_Instance_30171" type="identity">
      <class id="GO:0009566" label="fertilization"/>
      <span end="17453" id="15876356-12009" start="17443">fertilized</span>
    </annotation>
    <annotation annotator="Mike Bada, University of Colorado Anschutz Medical Campus" id="GO_BP_2016_02_16_Instance_30173" type="identity">
      <class id="GO:0007618" label="mating"/>
      <span end="17532" id="15876356-12011" start="17527">mated</span>
    </annotation>
    <annotation annotator="Mike Bada, University of Colorado Anschutz Medical Campus" id="GO_BP_2016_02_16_with_nested_annotations_Instance_1678" type="identity">
      <class id="GO_EXT:breeding" label="breeding"/>
      <span end="17608" id="15876356-12063" start="17604">bred</span>
    </annotation>
    <annotation annotator="Mike Bada, University of Colorado Anschutz Medical Campus" id="GO_BP_2016_02_16_Instance_140630" type="identity">
      <class id="GO_EXT:antibody_or_immunoglobulin_biosynthesis_or_production" label="antibody/immunoglobulin biosynthesis or production"/>
      <span end="17999" id="15876356-11914" start="17980">Antibody production</span>
    </annotation>
    <annotation annotator="Mike Bada, University of Colorado Anschutz Medical Campus" id="GO_BP_2016_02_16_with_nested_annotations_Instance_120142" type="identity">
      <class id="GO_SO_EXT:sequence_rearrangement_process" label="sequence rearrangement process"/>
      <span end="18037" id="15876356-12057" start="18026">recombinant</span>
    </annotation>
    <annotation annotator="Mike Bada, University of Colorado Anschutz Medical Campus" id="GO_BP_2016_02_16_with_nested_annotations_Instance_20498" type="identity">
      <class id="GO_EXT:macromolecule_denaturation" label="macromolecule denaturation"/>
      <span end="18234" id="15876356-12065" start="18225">denatured</span>
    </annotation>
    <annotation annotator="Mike Bada, University of Colorado Anschutz Medical Campus" id="GO_BP_2016_02_16_Instance_30179" type="identity">
      <class id="GO:0019835" label="cytolysis"/>
      <span end="19208" id="15876356-12013" start="19198">cell lysis</span>
    </annotation>
    <annotation annotator="Mike Bada, University of Colorado Anschutz Medical Campus" id="GO_BP_2016_02_16_with_nested_annotations_Instance_23426" type="identity">
      <class id="GO_EXT:biological_movement_or_translocation_process" label="biological movement/translocation process"/>
      <span end="19425" id="15876356-12117" start="19414">transferred</span>
    </annotation>
    <annotation annotator="Mike Bada, University of Colorado Anschutz Medical Campus" id="GO_BP_2016_02_16_with_nested_annotations_Instance_120144" type="identity">
      <class id="GO_SO_EXT:sequence_rearrangement_process" label="sequence rearrangement process"/>
      <span end="20189" id="15876356-12059" start="20178">recombinant</span>
    </annotation>
    <annotation annotator="Mike Bada, University of Colorado Anschutz Medical Campus" id="GO_BP_2016_02_16_Instance_140632" type="identity">
      <class id="GO_EXT:reverse_transcription_or_reverse_transcriptase" label="reverse transcription or reverse transcriptase"/>
      <span end="20706" id="15876356-11916" start="20704">RT</span>
    </annotation>
    <annotation annotator="Mike Bada, University of Colorado Anschutz Medical Campus" id="GO_BP_2016_02_16_Instance_140634" type="identity">
      <class id="GO_EXT:reverse_transcription_or_reverse_transcriptase" label="reverse transcription or reverse transcriptase"/>
      <span end="20950" id="15876356-11918" start="20948">RT</span>
    </annotation>
    <annotation annotator="Mike Bada, University of Colorado Anschutz Medical Campus" id="GO_BP_2016_02_16_Instance_30237" type="identity">
      <class id="GO:0008380" label="RNA splicing"/>
      <span end="21191" id="15876356-12030" start="21183">splicing</span>
    </annotation>
    <annotation annotator="Mike Bada, University of Colorado Anschutz Medical Campus" id="GO_BP_2016_02_16_Instance_140636" type="identity">
      <class id="GO_EXT:antibody_or_immunoglobulin_biosynthesis_or_production" label="antibody/immunoglobulin biosynthesis or production"/>
      <span end="24152" id="15876356-11920" start="24133">antibody production</span>
    </annotation>
    <annotation annotator="Mike Bada, University of Colorado Anschutz Medical Campus" id="GO_BP_2016_02_16_Instance_29047" type="identity">
      <class id="GO:0010467" label="gene expression"/>
      <span end="24928" id="15876356-11965" start="24918">expression</span>
    </annotation>
    <annotation annotator="Mike Bada, University of Colorado Anschutz Medical Campus" id="GO_BP_2016_02_16_Instance_29225" type="identity">
      <class id="GO:0010467" label="gene expression"/>
      <span end="25510" id="15876356-11967" start="25500">expression</span>
    </annotation>
    <annotation annotator="Mike Bada, University of Colorado Anschutz Medical Campus" id="GO_BP_2016_02_16_Instance_241556" type="identity">
      <class id="GO_EXT:biological_movement_or_translocation_process" label="biological movement/translocation process"/>
      <span end="25707" id="15876356-11945" start="25698">movements</span>
    </annotation>
    <annotation annotator="Mike Bada, University of Colorado Anschutz Medical Campus" id="GO_BP_2016_02_16_Instance_140638" type="identity">
      <class id="GO:0007567" label="parturition"/>
      <span end="25745" id="15876356-11922" start="25740">natal</span>
    </annotation>
    <annotation annotator="Mike Bada, University of Colorado Anschutz Medical Campus" id="GO_BP_2016_02_16_Instance_29227" type="identity">
      <class id="GO:0010467" label="gene expression"/>
      <span end="25963" id="15876356-11969" start="25953">expression</span>
    </annotation>
    <annotation annotator="Mike Bada, University of Colorado Anschutz Medical Campus" id="GO_BP_2016_02_16_Instance_23041" type="identity">
      <class id="GO:0007399" label="nervous system development"/>
      <span end="26476" id="15876356-11937" start="26460">neurodevelopment</span>
    </annotation>
    <annotation annotator="Mike Bada, University of Colorado Anschutz Medical Campus" id="GO_BP_2016_02_16_with_nested_annotations_Instance_10676" type="identity">
      <class id="GO:0007567" label="parturition"/>
      <span end="26631" id="15876356-12047" start="26626">natal</span>
    </annotation>
    <annotation annotator="Mike Bada, University of Colorado Anschutz Medical Campus" id="GO_BP_2016_02_16_with_nested_annotations_Instance_21798" type="identity">
      <class id="GO_EXT:myelin_assembly_or_myelination" label="myelin assembly/myelination"/>
      <span end="27120" id="15876356-12113" start="27109">myelination</span>
    </annotation>
    <annotation annotator="Mike Bada, University of Colorado Anschutz Medical Campus" id="GO_BP_2016_02_16_with_nested_annotations_Instance_10678" type="identity">
      <class id="GO:0007567" label="parturition"/>
      <span end="27351" id="15876356-12049" start="27346">natal</span>
    </annotation>
    <annotation annotator="Mike Bada, University of Colorado Anschutz Medical Campus" id="GO_BP_2016_02_16_with_nested_annotations_Instance_21800" type="identity">
      <class id="GO_EXT:myelin_assembly_or_myelination" label="myelin assembly/myelination"/>
      <span end="27530" id="15876356-12115" start="27520">myelinated</span>
    </annotation>
    <annotation annotator="Mike Bada, University of Colorado Anschutz Medical Campus" id="GO_BP_2016_02_16_Instance_140642" type="identity">
      <class id="GO:0007567" label="parturition"/>
      <span end="27713" id="15876356-11924" start="27708">natal</span>
    </annotation>
    <annotation annotator="Mike Bada, University of Colorado Anschutz Medical Campus" id="GO_BP_2016_02_16_Instance_22063" type="identity">
      <class id="GO:0030154" label="cell differentiation"/>
      <span end="27931" id="15876356-11934" start="27913">differentiation of</span>
      <span end="27956" id="15876356-11935" start="27951">cells</span>
    </annotation>
    <annotation annotator="Mike Bada, University of Colorado Anschutz Medical Campus" id="GO_BP_2016_02_16_with_nested_annotations_Instance_10680" type="identity">
      <class id="GO:0007567" label="parturition"/>
      <span end="28039" id="15876356-12051" start="28034">natal</span>
    </annotation>
    <annotation annotator="Mike Bada, University of Colorado Anschutz Medical Campus" id="GO_BP_2016_02_16_Instance_140644" type="identity">
      <class id="GO_EXT:reverse_transcription_or_reverse_transcriptase" label="reverse transcription or reverse transcriptase"/>
      <span end="28372" id="15876356-11926" start="28370">RT</span>
    </annotation>
    <annotation annotator="Mike Bada, University of Colorado Anschutz Medical Campus" id="GO_BP_2016_02_16_Instance_140646" type="identity">
      <class id="GO:0007567" label="parturition"/>
      <span end="29374" id="15876356-11928" start="29369">natal</span>
    </annotation>
    <annotation annotator="Mike Bada, University of Colorado Anschutz Medical Campus" id="GO_BP_2016_02_16_Instance_140648" type="identity">
      <class id="GO:0007567" label="parturition"/>
      <span end="29442" id="15876356-11930" start="29437">natal</span>
    </annotation>
    <annotation annotator="Mike Bada, University of Colorado Anschutz Medical Campus" id="GO_BP_2016_02_16_Instance_140650" type="identity">
      <class id="GO:0007567" label="parturition"/>
      <span end="29548" id="15876356-11932" start="29543">natal</span>
    </annotation>
    <graph-space id="Old Knowtator Relations"/>
  </document>
</knowtator-project>
