<?xml version="1.0" encoding="UTF-8" standalone="no"?>
<knowtator-project>
  <document id="15921521" text-file="15921521.txt">
    <annotation annotator="Mike Bada, University of Colorado Anschutz Medical Campus" id="GO_BP_2016_02_16_Instance_140790" type="identity">
      <class id="GO_PATO_EXT:inflammatory_process_or_quality" label="inflammatory process or quality"/>
      <span end="74" id="15921521-12345" start="62">inflammatory</span>
    </annotation>
    <annotation annotator="Mike Bada, University of Colorado Anschutz Medical Campus" id="GO_BP_2016_02_16_Instance_29977" type="identity">
      <class id="GO:0055085" label="transmembrane transport"/>
      <span end="238" id="15921521-12445" start="213">transmembrane conductance</span>
    </annotation>
    <annotation annotator="Mike Bada, University of Colorado Anschutz Medical Campus" id="GO_BP_2016_02_16_Instance_140792" type="identity">
      <class id="GO_EXT:regulator" label="regulator"/>
      <span end="248" id="15921521-12347" start="239">regulator</span>
    </annotation>
    <annotation annotator="Mike Bada, University of Colorado Anschutz Medical Campus" id="GO_BP_2016_02_16_Instance_140794" type="identity">
      <class id="GO_PATO_EXT:inflammatory_process_or_quality" label="inflammatory process or quality"/>
      <span end="732" id="15921521-12349" start="720">inflammation</span>
    </annotation>
    <annotation annotator="Mike Bada, University of Colorado Anschutz Medical Campus" id="GO_BP_2016_02_16_Instance_29979" type="identity">
      <class id="GO:0007631" label="feeding behavior"/>
      <span end="1165" id="15921521-12447" start="1162">fed</span>
    </annotation>
    <annotation annotator="Mike Bada, University of Colorado Anschutz Medical Campus" id="GO_BP_2016_02_16_Instance_140796" type="identity">
      <class id="GO_PATO_EXT:inflammatory_process_or_quality" label="inflammatory process or quality"/>
      <span end="1218" id="15921521-12351" start="1206">inflammation</span>
    </annotation>
    <annotation annotator="Mike Bada, University of Colorado Anschutz Medical Campus" id="GO_BP_2016_02_16_Instance_140798" type="identity">
      <class id="GO_EXT:reverse_transcription_or_reverse_transcriptase" label="reverse transcription or reverse transcriptase"/>
      <span end="1249" id="15921521-12353" start="1247">RT</span>
    </annotation>
    <annotation annotator="Mike Bada, University of Colorado Anschutz Medical Campus" id="GO_BP_2016_02_16_Instance_140800" type="identity">
      <class id="GO_PATO_EXT:inflammatory_process_or_quality" label="inflammatory process or quality"/>
      <span end="1951" id="15921521-12355" start="1939">inflammatory</span>
    </annotation>
    <annotation annotator="Mike Bada, University of Colorado Anschutz Medical Campus" id="GO_BP_2016_02_16_Instance_30249" type="identity">
      <class id="GO:0055085" label="transmembrane transport"/>
      <span end="2284" id="15921521-12455" start="2259">transmembrane conductance</span>
    </annotation>
    <annotation annotator="Mike Bada, University of Colorado Anschutz Medical Campus" id="GO_BP_2016_02_16_Instance_140802" type="identity">
      <class id="GO_EXT:regulator" label="regulator"/>
      <span end="2294" id="15921521-12357" start="2285">regulator</span>
    </annotation>
    <annotation annotator="Mike Bada, University of Colorado Anschutz Medical Campus" id="GO_BP_2016_02_16_Instance_32749" type="identity">
      <class id="GO:0015701" label="bicarbonate transport"/>
      <span end="2439" id="15921521-12465" start="2427">transport of</span>
      <span end="2453" id="15921521-12466" start="2448">HCO3-</span>
    </annotation>
    <annotation annotator="Mike Bada, University of Colorado Anschutz Medical Campus" id="GO_BP_2016_02_16_with_nested_annotations_Instance_10356" type="identity">
      <class id="GO:0006821" label="chloride transport"/>
      <span end="2443" id="15921521-12539" start="2427">transport of Cl-</span>
    </annotation>
    <annotation annotator="Mike Bada, University of Colorado Anschutz Medical Campus" id="GO_BP_2016_02_16_with_nested_annotations_Instance_22544" type="identity">
      <class id="GO:0016271" label="tissue death"/>
      <span end="2652" id="15921521-12561" start="2638">destruction of</span>
      <span end="2672" id="15921521-12562" start="2666">tissue</span>
    </annotation>
    <annotation annotator="Mike Bada, University of Colorado Anschutz Medical Campus" id="GO_BP_2016_02_16_Instance_54171" type="identity">
      <class id="GO:0007586" label="digestion"/>
      <span end="3071" id="15921521-12499" start="3062">digestion</span>
    </annotation>
    <annotation annotator="Mike Bada, University of Colorado Anschutz Medical Campus" id="GO_BP_2016_02_16_Instance_54173" type="identity">
      <class id="GO:0007586" label="digestion"/>
      <span end="3335" id="15921521-12501" start="3326">digestion</span>
    </annotation>
    <annotation annotator="Mike Bada, University of Colorado Anschutz Medical Campus" id="GO_BP_2016_02_16_Instance_140804" type="identity">
      <class id="GO_PATO_EXT:inflammatory_process_or_quality" label="inflammatory process or quality"/>
      <span end="3648" id="15921521-12359" start="3636">inflammation</span>
    </annotation>
    <annotation annotator="Mike Bada, University of Colorado Anschutz Medical Campus" id="GO_BP_2016_02_16_Instance_140806" type="identity">
      <class id="GO_PATO_EXT:inflammatory_process_or_quality" label="inflammatory process or quality"/>
      <span end="3906" id="15921521-12361" start="3894">inflammation</span>
    </annotation>
    <annotation annotator="Mike Bada, University of Colorado Anschutz Medical Campus" id="GO_BP_2016_02_16_Instance_32821" type="identity">
      <class id="GO:0065007" label="biological regulation"/>
      <span end="4442" id="15921521-12478" start="4433">regulated</span>
    </annotation>
    <annotation annotator="Mike Bada, University of Colorado Anschutz Medical Campus" id="GO_BP_2016_02_16_Instance_140808" type="identity">
      <class id="GO_PATO_EXT:inflammatory_process_or_quality" label="inflammatory process or quality"/>
      <span end="4734" id="15921521-12363" start="4722">inflammation</span>
    </annotation>
    <annotation annotator="Mike Bada, University of Colorado Anschutz Medical Campus" id="GO_BP_2016_02_16_Instance_28131" type="identity">
      <class id="GO:0010467" label="gene expression"/>
      <span end="6967" id="15921521-12433" start="6957">expression</span>
    </annotation>
    <annotation annotator="Mike Bada, University of Colorado Anschutz Medical Campus" id="GO_BP_2016_02_16_Instance_140810" type="identity">
      <class id="GO_PATO_EXT:inflammatory_process_or_quality" label="inflammatory process or quality"/>
      <span end="6983" id="15921521-12365" start="6971">inflammatory</span>
    </annotation>
    <annotation annotator="Mike Bada, University of Colorado Anschutz Medical Campus" id="GO_BP_2016_02_16_Instance_140812" type="identity">
      <class id="GO_PATO_EXT:inflammatory_process_or_quality" label="inflammatory process or quality"/>
      <span end="7080" id="15921521-12367" start="7068">inflammation</span>
    </annotation>
    <annotation annotator="Mike Bada, University of Colorado Anschutz Medical Campus" id="GO_BP_2016_02_16_Instance_29807" type="identity">
      <class id="GO:0010467" label="gene expression"/>
      <span end="7179" id="15921521-12435" start="7169">expression</span>
    </annotation>
    <annotation annotator="Mike Bada, University of Colorado Anschutz Medical Campus" id="GO_BP_2016_02_16_Instance_140814" type="identity">
      <class id="GO_PATO_EXT:inflammatory_process_or_quality" label="inflammatory process or quality"/>
      <span end="7195" id="15921521-12369" start="7183">inflammatory</span>
    </annotation>
    <annotation annotator="Mike Bada, University of Colorado Anschutz Medical Campus" id="GO_BP_2016_02_16_Instance_140816" type="identity">
      <class id="GO_EXT:reverse_transcription_or_reverse_transcriptase" label="reverse transcription or reverse transcriptase"/>
      <span end="7236" id="15921521-12371" start="7234">RT</span>
    </annotation>
    <annotation annotator="Mike Bada, University of Colorado Anschutz Medical Campus" id="GO_BP_2016_02_16_Instance_54175" type="identity">
      <class id="GO:0010467" label="gene expression"/>
      <span end="7276" id="15921521-12503" start="7261">gene expression</span>
    </annotation>
    <annotation annotator="Mike Bada, University of Colorado Anschutz Medical Campus" id="GO_BP_2016_02_16_Instance_29809" type="identity">
      <class id="GO:0010467" label="gene expression"/>
      <span end="7288" id="15921521-12437" start="7278">Expression</span>
    </annotation>
    <annotation annotator="Mike Bada, University of Colorado Anschutz Medical Campus" id="GO_BP_2016_02_16_Instance_240648" type="identity">
      <class id="GO_PATO_RO_EXT:developmental_differentiation_process_or_quality" label="developmental differentiation process or quality"/>
      <span end="7446" id="15921521-12429" start="7432">differentiated</span>
    </annotation>
    <annotation annotator="Mike Bada, University of Colorado Anschutz Medical Campus" id="GO_BP_2016_02_16_Instance_240650" type="identity">
      <class id="GO_RO_EXT:developmental_differentiation_process" label="developmental differentiation process"/>
      <span end="7598" id="15921521-12431" start="7583">differentiating</span>
    </annotation>
    <annotation annotator="Mike Bada, University of Colorado Anschutz Medical Campus" id="GO_BP_2016_02_16_Instance_140822" type="identity">
      <class id="GO_PATO_EXT:inflammatory_process_or_quality" label="inflammatory process or quality"/>
      <span end="7870" id="15921521-12373" start="7858">inflammation</span>
    </annotation>
    <annotation annotator="Mike Bada, University of Colorado Anschutz Medical Campus" id="GO_BP_2016_02_16_Instance_32825" type="identity">
      <class id="GO:0030097" label="hemopoiesis"/>
      <span end="7893" id="15921521-12480" start="7880">Hematopoietic</span>
    </annotation>
    <annotation annotator="Mike Bada, University of Colorado Anschutz Medical Campus" id="GO_BP_2016_02_16_Instance_54177" type="identity">
      <class id="GO:0008283" label="cell proliferation"/>
      <span end="7965" id="15921521-12505" start="7947">cell proliferation</span>
    </annotation>
    <annotation annotator="Mike Bada, University of Colorado Anschutz Medical Campus" id="GO_BP_2016_02_16_Instance_29811" type="identity">
      <class id="GO:0010467" label="gene expression"/>
      <span end="7984" id="15921521-12439" start="7974">expression</span>
    </annotation>
    <annotation annotator="Mike Bada, University of Colorado Anschutz Medical Campus" id="GO_BP_2016_02_16_Instance_23431" type="identity">
      <class id="GO:0006953" label="acute-phase response"/>
      <span end="8089" id="15921521-12427" start="8078">acute phase</span>
    </annotation>
    <annotation annotator="Mike Bada, University of Colorado Anschutz Medical Campus" id="GO_BP_2016_02_16_Instance_29813" type="identity">
      <class id="GO:0010467" label="gene expression"/>
      <span end="8113" id="15921521-12441" start="8103">expression</span>
    </annotation>
    <annotation annotator="Mike Bada, University of Colorado Anschutz Medical Campus" id="GO_BP_2016_02_16_Instance_140824" type="identity">
      <class id="GO:0019221" label="cytokine-mediated signaling pathway"/>
      <span end="8210" id="15921521-12375" start="8192">cytokine signaling</span>
    </annotation>
    <annotation annotator="Mike Bada, University of Colorado Anschutz Medical Campus" id="GO_BP_2016_02_16_Instance_140826" type="identity">
      <class id="GO_PATO_EXT:inflammatory_process_or_quality" label="inflammatory process or quality"/>
      <span end="8250" id="15921521-12377" start="8238">inflammatory</span>
    </annotation>
    <annotation annotator="Mike Bada, University of Colorado Anschutz Medical Campus" id="GO_BP_2016_02_16_Instance_33263" type="identity">
      <class id="GO:0007259" label="JAK-STAT cascade"/>
      <span end="8296" id="15921521-12493" start="8280">JAK-STAT pathway</span>
    </annotation>
    <annotation annotator="Mike Bada, University of Colorado Anschutz Medical Campus" id="GO_BP_2016_02_16_Instance_29815" type="identity">
      <class id="GO:0010467" label="gene expression"/>
      <span end="8315" id="15921521-12443" start="8305">expression</span>
    </annotation>
    <annotation annotator="Mike Bada, University of Colorado Anschutz Medical Campus" id="GO_BP_2016_02_16_Instance_30017" type="identity">
      <class id="GO:0010467" label="gene expression"/>
      <span end="8398" id="15921521-12449" start="8388">expression</span>
    </annotation>
    <annotation annotator="Mike Bada, University of Colorado Anschutz Medical Campus" id="GO_BP_2016_02_16_Instance_140828" type="identity">
      <class id="GO_EXT:positive_regulation" label="positive regulation"/>
      <span end="8413" id="15921521-12379" start="8402">upregulated</span>
    </annotation>
    <annotation annotator="Mike Bada, University of Colorado Anschutz Medical Campus" id="GO_BP_2016_02_16_Instance_30201" type="identity">
      <class id="GO:0010467" label="gene expression"/>
      <span end="8738" id="15921521-12451" start="8728">expression</span>
    </annotation>
    <annotation annotator="Mike Bada, University of Colorado Anschutz Medical Campus" id="GO_BP_2016_02_16_Instance_30203" type="identity">
      <class id="GO:0010467" label="gene expression"/>
      <span end="8819" id="15921521-12453" start="8809">expression</span>
    </annotation>
    <annotation annotator="Mike Bada, University of Colorado Anschutz Medical Campus" id="GO_BP_2016_02_16_Instance_140830" type="identity">
      <class id="GO:0010467" label="gene expression"/>
      <span end="9407" id="15921521-12381" start="9398">expressed</span>
    </annotation>
    <annotation annotator="Mike Bada, University of Colorado Anschutz Medical Campus" id="GO_BP_2016_02_16_Instance_30251" type="identity">
      <class id="GO:0010467" label="gene expression"/>
      <span end="9506" id="15921521-12457" start="9496">expression</span>
    </annotation>
    <annotation annotator="Mike Bada, University of Colorado Anschutz Medical Campus" id="GO_BP_2016_02_16_Instance_140832" type="identity">
      <class id="GO:0010467" label="gene expression"/>
      <span end="9614" id="15921521-12383" start="9605">expressed</span>
    </annotation>
    <annotation annotator="Mike Bada, University of Colorado Anschutz Medical Campus" id="GO_BP_2016_02_16_Instance_31983" type="identity">
      <class id="GO:0010467" label="gene expression"/>
      <span end="9712" id="15921521-12459" start="9702">expression</span>
    </annotation>
    <annotation annotator="Mike Bada, University of Colorado Anschutz Medical Campus" id="GO_BP_2016_02_16_Instance_140834" type="identity">
      <class id="GO_PATO_EXT:inflammatory_process_or_quality" label="inflammatory process or quality"/>
      <span end="9832" id="15921521-12385" start="9820">inflammatory</span>
    </annotation>
    <annotation annotator="Mike Bada, University of Colorado Anschutz Medical Campus" id="GO_BP_2016_02_16_Instance_54179" type="identity">
      <class id="GO:0010467" label="gene expression"/>
      <span end="9848" id="15921521-12507" start="9833">gene expression</span>
    </annotation>
    <annotation annotator="Mike Bada, University of Colorado Anschutz Medical Campus" id="GO_BP_2016_02_16_Instance_32015" type="identity">
      <class id="GO:0010467" label="gene expression"/>
      <span end="9892" id="15921521-12461" start="9882">expression</span>
    </annotation>
    <annotation annotator="Mike Bada, University of Colorado Anschutz Medical Campus" id="GO_BP_2016_02_16_Instance_140836" type="identity">
      <class id="GO_EXT:reverse_transcription_or_reverse_transcriptase" label="reverse transcription or reverse transcriptase"/>
      <span end="9944" id="15921521-12387" start="9942">RT</span>
    </annotation>
    <annotation annotator="Mike Bada, University of Colorado Anschutz Medical Campus" id="GO_BP_2016_02_16_Instance_54181" type="identity">
      <class id="GO:0010467" label="gene expression"/>
      <span end="10573" id="15921521-12509" start="10558">gene expression</span>
    </annotation>
    <annotation annotator="Mike Bada, University of Colorado Anschutz Medical Campus" id="GO_BP_2016_02_16_Instance_140838" type="identity">
      <class id="GO:0071514" label="genetic imprinting"/>
      <span end="10747" id="15921521-12389" start="10737">imprinting</span>
    </annotation>
    <annotation annotator="Mike Bada, University of Colorado Anschutz Medical Campus" id="GO_BP_2016_02_16_with_nested_annotations_Instance_22286" type="identity">
      <class id="GO_EXT:fatality_or_lethality" label="fatality/lethality"/>
      <span end="10982" id="15921521-12559" start="10976">lethal</span>
    </annotation>
    <annotation annotator="Mike Bada, University of Colorado Anschutz Medical Campus" id="GO_BP_2016_02_16_Instance_54183" type="identity">
      <class id="GO:0016265" label="death"/>
      <span end="11016" id="15921521-12511" start="11011">death</span>
    </annotation>
    <annotation annotator="Mike Bada, University of Colorado Anschutz Medical Campus" id="GO_BP_2016_02_16_with_nested_annotations_Instance_80888" type="identity">
      <class id="GO_EXT:secretion_entity_or_process" label="secretion entity or process"/>
      <span end="13566" id="15921521-12575" start="13557">secretion</span>
    </annotation>
    <annotation annotator="Mike Bada, University of Colorado Anschutz Medical Campus" id="GO_BP_2016_02_16_Instance_54187" type="identity">
      <class id="GO:0010467" label="gene expression"/>
      <span end="13706" id="15921521-12513" start="13691">gene expression</span>
    </annotation>
    <annotation annotator="Mike Bada, University of Colorado Anschutz Medical Campus" id="GO_BP_2016_02_16_Instance_140840" type="identity">
      <class id="GO_EXT:reverse_transcription_or_reverse_transcriptase" label="reverse transcription or reverse transcriptase"/>
      <span end="13723" id="15921521-12391" start="13721">RT</span>
    </annotation>
    <annotation annotator="Mike Bada, University of Colorado Anschutz Medical Campus" id="GO_BP_2016_02_16_Instance_230668" type="identity">
      <class id="GO:0010467" label="gene expression"/>
      <span end="13763" id="15921521-12425" start="13753">expression</span>
    </annotation>
    <annotation annotator="Mike Bada, University of Colorado Anschutz Medical Campus" id="GO_BP_2016_02_16_Instance_54189" type="identity">
      <class id="GO:0010467" label="gene expression"/>
      <span end="14422" id="15921521-12515" start="14407">gene expression</span>
    </annotation>
    <annotation annotator="Mike Bada, University of Colorado Anschutz Medical Campus" id="GO_BP_2016_02_16_with_nested_annotations_Instance_1590" type="identity">
      <class id="GO_EXT:breeding" label="breeding"/>
      <span end="15196" id="15921521-12545" start="15188">breeding</span>
    </annotation>
    <annotation annotator="Mike Bada, University of Colorado Anschutz Medical Campus" id="GO_BP_2016_02_16_with_nested_annotations_Instance_1592" type="identity">
      <class id="GO_EXT:breeding" label="breeding"/>
      <span end="15516" id="15921521-12547" start="15508">breeding</span>
    </annotation>
    <annotation annotator="Mike Bada, University of Colorado Anschutz Medical Campus" id="GO_BP_2016_02_16_Instance_54191" type="identity">
      <class id="GO:0016265" label="death"/>
      <span end="15789" id="15921521-12517" start="15784">death</span>
    </annotation>
    <annotation annotator="Mike Bada, University of Colorado Anschutz Medical Campus" id="GO_BP_2016_02_16_Instance_32993" type="identity">
      <class id="GO:0007631" label="feeding behavior"/>
      <span end="15888" id="15921521-12482" start="15885">fed</span>
    </annotation>
    <annotation annotator="Mike Bada, University of Colorado Anschutz Medical Campus" id="GO_BP_2016_02_16_Instance_32995" type="identity">
      <class id="GO:0016265" label="death"/>
      <span end="16356" id="15921521-12484" start="16352">died</span>
    </annotation>
    <annotation annotator="Mike Bada, University of Colorado Anschutz Medical Campus" id="GO_BP_2016_02_16_Instance_33269" type="identity">
      <class id="GO:0016265" label="death"/>
      <span end="16503" id="15921521-12495" start="16499">died</span>
    </annotation>
    <annotation annotator="Mike Bada, University of Colorado Anschutz Medical Campus" id="GO_BP_2016_02_16_Instance_32997" type="identity">
      <class id="GO:0007631" label="feeding behavior"/>
      <span end="16690" id="15921521-12486" start="16687">fed</span>
    </annotation>
    <annotation annotator="Mike Bada, University of Colorado Anschutz Medical Campus" id="GO_BP_2016_02_16_Instance_54193" type="identity">
      <class id="GO:0016265" label="death"/>
      <span end="16753" id="15921521-12519" start="16747">Deaths</span>
    </annotation>
    <annotation annotator="Mike Bada, University of Colorado Anschutz Medical Campus" id="GO_BP_2016_02_16_with_nested_annotations_Instance_23099" type="identity">
      <class id="GO_EXT:killing" label="killing"/>
      <span end="16829" id="15921521-12564" start="16819">sacrificed</span>
    </annotation>
    <annotation annotator="Mike Bada, University of Colorado Anschutz Medical Campus" id="GO_BP_2016_02_16_Instance_54195" type="identity">
      <class id="GO:0016265" label="death"/>
      <span end="16840" id="15921521-12521" start="16835">death</span>
    </annotation>
    <annotation annotator="Mike Bada, University of Colorado Anschutz Medical Campus" id="GO_BP_2016_02_16_Instance_54197" type="identity">
      <class id="GO:0016265" label="death"/>
      <span end="16955" id="15921521-12523" start="16950">death</span>
    </annotation>
    <annotation annotator="Mike Bada, University of Colorado Anschutz Medical Campus" id="GO_BP_2016_02_16_Instance_54199" type="identity">
      <class id="GO:0016265" label="death"/>
      <span end="17020" id="15921521-12525" start="17015">death</span>
    </annotation>
    <annotation annotator="Mike Bada, University of Colorado Anschutz Medical Campus" id="GO_BP_2016_02_16_Instance_33271" type="identity">
      <class id="GO:0016265" label="death"/>
      <span end="17106" id="15921521-12497" start="17102">died</span>
    </annotation>
    <annotation annotator="Mike Bada, University of Colorado Anschutz Medical Campus" id="GO_BP_2016_02_16_Instance_54201" type="identity">
      <class id="GO:0042044" label="fluid transport"/>
      <span end="19371" id="15921521-12527" start="19356">fluid transport</span>
    </annotation>
    <annotation annotator="Mike Bada, University of Colorado Anschutz Medical Campus" id="GO_BP_2016_02_16_Instance_140842" type="identity">
      <class id="GO_PATO_EXT:inflammatory_process_or_quality" label="inflammatory process or quality"/>
      <span end="19547" id="15921521-12393" start="19535">Inflammation</span>
    </annotation>
    <annotation annotator="Mike Bada, University of Colorado Anschutz Medical Campus" id="GO_BP_2016_02_16_Instance_140844" type="identity">
      <class id="GO_PATO_EXT:inflammatory_process_or_quality" label="inflammatory process or quality"/>
      <span end="19657" id="15921521-12395" start="19645">inflammation</span>
    </annotation>
    <annotation annotator="Mike Bada, University of Colorado Anschutz Medical Campus" id="GO_BP_2016_02_16_Instance_140846" type="identity">
      <class id="GO_PATO_EXT:inflammatory_process_or_quality" label="inflammatory process or quality"/>
      <span end="19714" id="15921521-12397" start="19702">inflammation</span>
    </annotation>
    <annotation annotator="Mike Bada, University of Colorado Anschutz Medical Campus" id="GO_BP_2016_02_16_Instance_54203" type="identity">
      <class id="GO:0042110" label="T cell activation"/>
      <span end="19891" id="15921521-12529" start="19874">T cell activation</span>
    </annotation>
    <annotation annotator="Mike Bada, University of Colorado Anschutz Medical Campus" id="GO_BP_2016_02_16_Instance_140848" type="identity">
      <class id="GO_PATO_EXT:inflammatory_process_or_quality" label="inflammatory process or quality"/>
      <span end="20017" id="15921521-12399" start="20009">inflamed</span>
    </annotation>
    <annotation annotator="Mike Bada, University of Colorado Anschutz Medical Campus" id="GO_BP_2016_02_16_Instance_32695" type="identity">
      <class id="GO:0010467" label="gene expression"/>
      <span end="20208" id="15921521-12463" start="20199">expressed</span>
    </annotation>
    <annotation annotator="Mike Bada, University of Colorado Anschutz Medical Campus" id="GO_BP_2016_02_16_with_nested_annotations_Instance_10454" type="identity">
      <class id="GO_EXT:biological_recruitment" label="biological recruitment"/>
      <span end="20235" id="15921521-12541" start="20227">recruits</span>
    </annotation>
    <annotation annotator="Mike Bada, University of Colorado Anschutz Medical Campus" id="GO_BP_2016_02_16_with_nested_annotations_Instance_10456" type="identity">
      <class id="GO_EXT:biological_recruitment" label="biological recruitment"/>
      <span end="20470" id="15921521-12543" start="20462">recruits</span>
    </annotation>
    <annotation annotator="Mike Bada, University of Colorado Anschutz Medical Campus" id="GO_BP_2016_02_16_Instance_140850" type="identity">
      <class id="GO_PATO_EXT:inflammatory_process_or_quality" label="inflammatory process or quality"/>
      <span end="20657" id="15921521-12401" start="20649">inflamed</span>
    </annotation>
    <annotation annotator="Mike Bada, University of Colorado Anschutz Medical Campus" id="GO_BP_2016_02_16_Instance_54205" type="identity">
      <class id="GO:0030154" label="cell differentiation"/>
      <span end="20778" id="15921521-12531" start="20758">cell differentiation</span>
    </annotation>
    <annotation annotator="Mike Bada, University of Colorado Anschutz Medical Campus" id="GO_BP_2016_02_16_Instance_140852" type="identity">
      <class id="GO_PATO_EXT:inflammatory_process_or_quality" label="inflammatory process or quality"/>
      <span end="21005" id="15921521-12403" start="20993">inflammatory</span>
    </annotation>
    <annotation annotator="Mike Bada, University of Colorado Anschutz Medical Campus" id="GO_BP_2016_02_16_Instance_140854" type="identity">
      <class id="GO_PATO_EXT:inflammatory_process_or_quality" label="inflammatory process or quality"/>
      <span end="21108" id="15921521-12405" start="21096">inflammatory</span>
    </annotation>
    <annotation annotator="Mike Bada, University of Colorado Anschutz Medical Campus" id="GO_BP_2016_02_16_Instance_140856" type="identity">
      <class id="GO:0035556" label="intracellular signal transduction"/>
      <span end="21248" id="15921521-12407" start="21216">intracellular signaling pathways</span>
    </annotation>
    <annotation annotator="Mike Bada, University of Colorado Anschutz Medical Campus" id="GO_BP_2016_02_16_with_nested_annotations_Instance_80306" type="identity">
      <class id="GO_EXT:biological_growth_entity_or_process" label="biological growth entity or process"/>
      <span end="21551" id="15921521-12573" start="21545">growth</span>
    </annotation>
    <annotation annotator="Mike Bada, University of Colorado Anschutz Medical Campus" id="GO_BP_2016_02_16_Instance_140858" type="identity">
      <class id="GO:0007567" label="parturition"/>
      <span end="21598" id="15921521-12409" start="21593">natal</span>
    </annotation>
    <annotation annotator="Mike Bada, University of Colorado Anschutz Medical Campus" id="GO_BP_2016_02_16_Instance_33109" type="identity">
      <class id="GO:0045087" label="innate immune response"/>
      <span end="21812" id="15921521-12488" start="21785">innate type immune response</span>
    </annotation>
    <annotation annotator="Mike Bada, University of Colorado Anschutz Medical Campus" id="GO_BP_2016_02_16_Instance_33261" type="identity">
      <class id="GO:0030154" label="cell differentiation"/>
      <span end="21966" id="15921521-12490" start="21948">differentiation of</span>
      <span end="21977" id="15921521-12491" start="21972">cells</span>
    </annotation>
    <annotation annotator="Mike Bada, University of Colorado Anschutz Medical Campus" id="GO_BP_2016_02_16_Instance_32751" type="identity">
      <class id="GO:0010467" label="gene expression"/>
      <span end="22105" id="15921521-12468" start="22095">expression</span>
    </annotation>
    <annotation annotator="Mike Bada, University of Colorado Anschutz Medical Campus" id="GO_BP_2016_02_16_Instance_140860" type="identity">
      <class id="GO:0072672" label="neutrophil extravasation"/>
      <span end="22247" id="15921521-12411" start="22219">extravasation of neutrophils</span>
    </annotation>
    <annotation annotator="Mike Bada, University of Colorado Anschutz Medical Campus" id="GO_BP_2016_02_16_Instance_140862" type="identity">
      <class id="GO_PATO_EXT:inflammatory_process_or_quality" label="inflammatory process or quality"/>
      <span end="22286" id="15921521-12413" start="22278">inflamed</span>
    </annotation>
    <annotation annotator="Mike Bada, University of Colorado Anschutz Medical Campus" id="GO_BP_2016_02_16_Instance_54211" type="identity">
      <class id="GO:0006955" label="immune response"/>
      <span end="22320" id="15921521-12533" start="22304">immune responses</span>
    </annotation>
    <annotation annotator="Mike Bada, University of Colorado Anschutz Medical Campus" id="GO_BP_2016_02_16_with_nested_annotations_Instance_80890" type="identity">
      <class id="GO_EXT:secretion_entity_or_process" label="secretion entity or process"/>
      <span end="22504" id="15921521-12577" start="22495">secretion</span>
    </annotation>
    <annotation annotator="Mike Bada, University of Colorado Anschutz Medical Campus" id="GO_BP_2016_02_16_with_nested_annotations_Instance_80892" type="identity">
      <class id="GO_EXT:secretion_entity_or_process" label="secretion entity or process"/>
      <span end="22619" id="15921521-12579" start="22610">secretion</span>
    </annotation>
    <annotation annotator="Mike Bada, University of Colorado Anschutz Medical Campus" id="GO_BP_2016_02_16_with_nested_annotations_Instance_22038" type="identity">
      <class id="GO_EXT:biological_release" label="biological release"/>
      <span end="22690" id="15921521-12557" start="22682">released</span>
    </annotation>
    <annotation annotator="Mike Bada, University of Colorado Anschutz Medical Campus" id="GO_BP_2016_02_16_with_nested_annotations_Instance_80894" type="identity">
      <class id="GO_EXT:secretion_entity_or_process" label="secretion entity or process"/>
      <span end="22813" id="15921521-12581" start="22804">secretion</span>
    </annotation>
    <annotation annotator="Mike Bada, University of Colorado Anschutz Medical Campus" id="GO_BP_2016_02_16_Instance_140868" type="identity">
      <class id="GO_PATO_EXT:inflammatory_process_or_quality" label="inflammatory process or quality"/>
      <span end="22875" id="15921521-12415" start="22863">inflammatory</span>
    </annotation>
    <annotation annotator="Mike Bada, University of Colorado Anschutz Medical Campus" id="GO_BP_2016_02_16_Instance_140870" type="identity">
      <class id="GO_PATO_EXT:inflammatory_process_or_quality" label="inflammatory process or quality"/>
      <span end="23111" id="15921521-12417" start="23099">inflammation</span>
    </annotation>
    <annotation annotator="Mike Bada, University of Colorado Anschutz Medical Campus" id="GO_BP_2016_02_16_with_nested_annotations_Instance_80896" type="identity">
      <class id="GO_EXT:secretion_entity_or_process" label="secretion entity or process"/>
      <span end="23198" id="15921521-12583" start="23189">secretion</span>
    </annotation>
    <annotation annotator="Mike Bada, University of Colorado Anschutz Medical Campus" id="GO_BP_2016_02_16_with_nested_annotations_Instance_241648" type="identity">
      <class id="GO_RO_EXT:developmental_differentiation_process" label="developmental differentiation process"/>
      <span end="23267" id="15921521-12570" start="23263">cell</span>
      <span end="23298" id="15921521-12571" start="23283">differentiation</span>
    </annotation>
    <annotation annotator="Mike Bada, University of Colorado Anschutz Medical Campus" id="GO_BP_2016_02_16_Instance_140874" type="identity">
      <class id="GO_PATO_EXT:biological_behavior" label="biological behavior"/>
      <span end="23311" id="15921521-12419" start="23303">behavior</span>
    </annotation>
    <annotation annotator="Mike Bada, University of Colorado Anschutz Medical Campus" id="GO_BP_2016_02_16_Instance_32753" type="identity">
      <class id="GO:0010467" label="gene expression"/>
      <span end="23485" id="15921521-12470" start="23475">expression</span>
    </annotation>
    <annotation annotator="Mike Bada, University of Colorado Anschutz Medical Campus" id="GO_BP_2016_02_16_with_nested_annotations_Instance_1680" type="identity">
      <class id="GO_EXT:breeding" label="breeding"/>
      <span end="24025" id="15921521-12551" start="24021">bred</span>
    </annotation>
    <annotation annotator="Mike Bada, University of Colorado Anschutz Medical Campus" id="GO_BP_2016_02_16_with_nested_annotations_Instance_1682" type="identity">
      <class id="GO_EXT:breeding" label="breeding"/>
      <span end="24294" id="15921521-12553" start="24290">bred</span>
    </annotation>
    <annotation annotator="Mike Bada, University of Colorado Anschutz Medical Campus" id="GO_BP_2016_02_16_with_nested_annotations_Instance_23428" type="identity">
      <class id="GO_EXT:biological_movement_or_translocation_process" label="biological movement/translocation process"/>
      <span end="24794" id="15921521-12568" start="24783">transferred</span>
    </annotation>
    <annotation annotator="Mike Bada, University of Colorado Anschutz Medical Campus" id="GO_BP_2016_02_16_with_nested_annotations_Instance_23101" type="identity">
      <class id="GO_EXT:killing" label="killing"/>
      <span end="24908" id="15921521-12566" start="24898">sacrificed</span>
    </annotation>
    <annotation annotator="Mike Bada, University of Colorado Anschutz Medical Campus" id="GO_BP_2016_02_16_with_nested_annotations_Instance_1684" type="identity">
      <class id="GO_EXT:breeding" label="breeding"/>
      <span end="25363" id="15921521-12555" start="25359">bred</span>
    </annotation>
    <annotation annotator="Mike Bada, University of Colorado Anschutz Medical Campus" id="GO_BP_2016_02_16_Instance_54219" type="identity">
      <class id="GO:0010467" label="gene expression"/>
      <span end="25750" id="15921521-12535" start="25735">gene expression</span>
    </annotation>
    <annotation annotator="Mike Bada, University of Colorado Anschutz Medical Campus" id="GO_BP_2016_02_16_Instance_140876" type="identity">
      <class id="GO_EXT:reverse_transcription_or_reverse_transcriptase" label="reverse transcription or reverse transcriptase"/>
      <span end="25864" id="15921521-12421" start="25862">RT</span>
    </annotation>
    <annotation annotator="Mike Bada, University of Colorado Anschutz Medical Campus" id="GO_BP_2016_02_16_Instance_32755" type="identity">
      <class id="GO:0010467" label="gene expression"/>
      <span end="25899" id="15921521-12472" start="25889">expression</span>
    </annotation>
    <annotation annotator="Mike Bada, University of Colorado Anschutz Medical Campus" id="GO_BP_2016_02_16_Instance_32757" type="identity">
      <class id="GO:0010467" label="gene expression"/>
      <span end="26014" id="15921521-12474" start="26004">expression</span>
    </annotation>
    <annotation annotator="Mike Bada, University of Colorado Anschutz Medical Campus" id="GO_BP_2016_02_16_Instance_32759" type="identity">
      <class id="GO:0010467" label="gene expression"/>
      <span end="26104" id="15921521-12476" start="26094">Expression</span>
    </annotation>
    <annotation annotator="Mike Bada, University of Colorado Anschutz Medical Campus" id="GO_BP_2016_02_16_Instance_54221" type="identity">
      <class id="GO:0010467" label="gene expression"/>
      <span end="26625" id="15921521-12537" start="26610">Gene expression</span>
    </annotation>
    <annotation annotator="Mike Bada, University of Colorado Anschutz Medical Campus" id="GO_BP_2016_02_16_with_nested_annotations_Instance_1594" type="identity">
      <class id="GO_EXT:breeding" label="breeding"/>
      <span end="26887" id="15921521-12549" start="26879">breeding</span>
    </annotation>
    <annotation annotator="Mike Bada, University of Colorado Anschutz Medical Campus" id="GO_BP_2016_02_16_Instance_140878" type="identity">
      <class id="GO_EXT:reverse_transcription_or_reverse_transcriptase" label="reverse transcription or reverse transcriptase"/>
      <span end="27241" id="15921521-12423" start="27239">RT</span>
    </annotation>
    <graph-space id="Old Knowtator Relations"/>
  </document>
</knowtator-project>
