<?xml version="1.0" encoding="UTF-8" standalone="no"?>
<knowtator-project>
  <document id="15921521" text-file="15921521.txt">
    <annotation annotator="Mike Bada, University of Colorado Anschutz Medical Campus" id="GO_BP_2016_02_16_Instance_140790" type="identity">
      <class id="GO_PATO_EXT:inflammatory_process_or_quality" label="inflammatory process or quality"/>
      <span end="74" id="15921521-12346" start="62">inflammatory</span>
    </annotation>
    <annotation annotator="Mike Bada, University of Colorado Anschutz Medical Campus" id="GO_BP_2016_02_16_Instance_29977" type="identity">
      <class id="GO:0055085" label="transmembrane transport"/>
      <span end="238" id="15921521-12446" start="213">transmembrane conductance</span>
    </annotation>
    <annotation annotator="Mike Bada, University of Colorado Anschutz Medical Campus" id="GO_BP_2016_02_16_Instance_140792" type="identity">
      <class id="GO_EXT:regulator" label="regulator"/>
      <span end="248" id="15921521-12348" start="239">regulator</span>
    </annotation>
    <annotation annotator="Mike Bada, University of Colorado Anschutz Medical Campus" id="GO_BP_2016_02_16_Instance_140794" type="identity">
      <class id="GO_PATO_EXT:inflammatory_process_or_quality" label="inflammatory process or quality"/>
      <span end="732" id="15921521-12350" start="720">inflammation</span>
    </annotation>
    <annotation annotator="Mike Bada, University of Colorado Anschutz Medical Campus" id="GO_BP_2016_02_16_Instance_29979" type="identity">
      <class id="GO:0007631" label="feeding behavior"/>
      <span end="1165" id="15921521-12448" start="1162">fed</span>
    </annotation>
    <annotation annotator="Mike Bada, University of Colorado Anschutz Medical Campus" id="GO_BP_2016_02_16_Instance_140796" type="identity">
      <class id="GO_PATO_EXT:inflammatory_process_or_quality" label="inflammatory process or quality"/>
      <span end="1218" id="15921521-12352" start="1206">inflammation</span>
    </annotation>
    <annotation annotator="Mike Bada, University of Colorado Anschutz Medical Campus" id="GO_BP_2016_02_16_Instance_140798" type="identity">
      <class id="GO_EXT:reverse_transcription_or_reverse_transcriptase" label="reverse transcription or reverse transcriptase"/>
      <span end="1249" id="15921521-12354" start="1247">RT</span>
    </annotation>
    <annotation annotator="Mike Bada, University of Colorado Anschutz Medical Campus" id="GO_BP_2016_02_16_Instance_140800" type="identity">
      <class id="GO_PATO_EXT:inflammatory_process_or_quality" label="inflammatory process or quality"/>
      <span end="1951" id="15921521-12356" start="1939">inflammatory</span>
    </annotation>
    <annotation annotator="Mike Bada, University of Colorado Anschutz Medical Campus" id="GO_BP_2016_02_16_Instance_30249" type="identity">
      <class id="GO:0055085" label="transmembrane transport"/>
      <span end="2284" id="15921521-12456" start="2259">transmembrane conductance</span>
    </annotation>
    <annotation annotator="Mike Bada, University of Colorado Anschutz Medical Campus" id="GO_BP_2016_02_16_Instance_140802" type="identity">
      <class id="GO_EXT:regulator" label="regulator"/>
      <span end="2294" id="15921521-12358" start="2285">regulator</span>
    </annotation>
    <annotation annotator="Mike Bada, University of Colorado Anschutz Medical Campus" id="GO_BP_2016_02_16_Instance_32749" type="identity">
      <class id="GO:0015701" label="bicarbonate transport"/>
      <span end="2439" id="15921521-12466" start="2427">transport of</span>
      <span end="2453" id="15921521-12467" start="2448">HCO3-</span>
    </annotation>
    <annotation annotator="Mike Bada, University of Colorado Anschutz Medical Campus" id="GO_BP_2016_02_16_with_nested_annotations_Instance_10356" type="identity">
      <class id="GO:0006821" label="chloride transport"/>
      <span end="2443" id="15921521-12540" start="2427">transport of Cl-</span>
    </annotation>
    <annotation annotator="Mike Bada, University of Colorado Anschutz Medical Campus" id="GO_BP_2016_02_16_with_nested_annotations_Instance_22544" type="identity">
      <class id="GO:0016271" label="tissue death"/>
      <span end="2652" id="15921521-12562" start="2638">destruction of</span>
      <span end="2672" id="15921521-12563" start="2666">tissue</span>
    </annotation>
    <annotation annotator="Mike Bada, University of Colorado Anschutz Medical Campus" id="GO_BP_2016_02_16_Instance_54171" type="identity">
      <class id="GO:0007586" label="digestion"/>
      <span end="3071" id="15921521-12500" start="3062">digestion</span>
    </annotation>
    <annotation annotator="Mike Bada, University of Colorado Anschutz Medical Campus" id="GO_BP_2016_02_16_Instance_54173" type="identity">
      <class id="GO:0007586" label="digestion"/>
      <span end="3335" id="15921521-12502" start="3326">digestion</span>
    </annotation>
    <annotation annotator="Mike Bada, University of Colorado Anschutz Medical Campus" id="GO_BP_2016_02_16_Instance_140804" type="identity">
      <class id="GO_PATO_EXT:inflammatory_process_or_quality" label="inflammatory process or quality"/>
      <span end="3648" id="15921521-12360" start="3636">inflammation</span>
    </annotation>
    <annotation annotator="Mike Bada, University of Colorado Anschutz Medical Campus" id="GO_BP_2016_02_16_Instance_140806" type="identity">
      <class id="GO_PATO_EXT:inflammatory_process_or_quality" label="inflammatory process or quality"/>
      <span end="3906" id="15921521-12362" start="3894">inflammation</span>
    </annotation>
    <annotation annotator="Mike Bada, University of Colorado Anschutz Medical Campus" id="GO_BP_2016_02_16_Instance_32821" type="identity">
      <class id="GO:0065007" label="biological regulation"/>
      <span end="4442" id="15921521-12479" start="4433">regulated</span>
    </annotation>
    <annotation annotator="Mike Bada, University of Colorado Anschutz Medical Campus" id="GO_BP_2016_02_16_Instance_140808" type="identity">
      <class id="GO_PATO_EXT:inflammatory_process_or_quality" label="inflammatory process or quality"/>
      <span end="4734" id="15921521-12364" start="4722">inflammation</span>
    </annotation>
    <annotation annotator="Mike Bada, University of Colorado Anschutz Medical Campus" id="GO_BP_2016_02_16_Instance_28131" type="identity">
      <class id="GO:0010467" label="gene expression"/>
      <span end="6967" id="15921521-12434" start="6957">expression</span>
    </annotation>
    <annotation annotator="Mike Bada, University of Colorado Anschutz Medical Campus" id="GO_BP_2016_02_16_Instance_140810" type="identity">
      <class id="GO_PATO_EXT:inflammatory_process_or_quality" label="inflammatory process or quality"/>
      <span end="6983" id="15921521-12366" start="6971">inflammatory</span>
    </annotation>
    <annotation annotator="Mike Bada, University of Colorado Anschutz Medical Campus" id="GO_BP_2016_02_16_Instance_140812" type="identity">
      <class id="GO_PATO_EXT:inflammatory_process_or_quality" label="inflammatory process or quality"/>
      <span end="7080" id="15921521-12368" start="7068">inflammation</span>
    </annotation>
    <annotation annotator="Mike Bada, University of Colorado Anschutz Medical Campus" id="GO_BP_2016_02_16_Instance_29807" type="identity">
      <class id="GO:0010467" label="gene expression"/>
      <span end="7179" id="15921521-12436" start="7169">expression</span>
    </annotation>
    <annotation annotator="Mike Bada, University of Colorado Anschutz Medical Campus" id="GO_BP_2016_02_16_Instance_140814" type="identity">
      <class id="GO_PATO_EXT:inflammatory_process_or_quality" label="inflammatory process or quality"/>
      <span end="7195" id="15921521-12370" start="7183">inflammatory</span>
    </annotation>
    <annotation annotator="Mike Bada, University of Colorado Anschutz Medical Campus" id="GO_BP_2016_02_16_Instance_140816" type="identity">
      <class id="GO_EXT:reverse_transcription_or_reverse_transcriptase" label="reverse transcription or reverse transcriptase"/>
      <span end="7236" id="15921521-12372" start="7234">RT</span>
    </annotation>
    <annotation annotator="Mike Bada, University of Colorado Anschutz Medical Campus" id="GO_BP_2016_02_16_Instance_54175" type="identity">
      <class id="GO:0010467" label="gene expression"/>
      <span end="7276" id="15921521-12504" start="7261">gene expression</span>
    </annotation>
    <annotation annotator="Mike Bada, University of Colorado Anschutz Medical Campus" id="GO_BP_2016_02_16_Instance_29809" type="identity">
      <class id="GO:0010467" label="gene expression"/>
      <span end="7288" id="15921521-12438" start="7278">Expression</span>
    </annotation>
    <annotation annotator="Mike Bada, University of Colorado Anschutz Medical Campus" id="GO_BP_2016_02_16_Instance_240648" type="identity">
      <class id="GO_PATO_RO_EXT:developmental_differentiation_process_or_quality" label="developmental differentiation process or quality"/>
      <span end="7446" id="15921521-12430" start="7432">differentiated</span>
    </annotation>
    <annotation annotator="Mike Bada, University of Colorado Anschutz Medical Campus" id="GO_BP_2016_02_16_Instance_240650" type="identity">
      <class id="GO_RO_EXT:developmental_differentiation_process" label="developmental differentiation process"/>
      <span end="7598" id="15921521-12432" start="7583">differentiating</span>
    </annotation>
    <annotation annotator="Mike Bada, University of Colorado Anschutz Medical Campus" id="GO_BP_2016_02_16_Instance_140822" type="identity">
      <class id="GO_PATO_EXT:inflammatory_process_or_quality" label="inflammatory process or quality"/>
      <span end="7870" id="15921521-12374" start="7858">inflammation</span>
    </annotation>
    <annotation annotator="Mike Bada, University of Colorado Anschutz Medical Campus" id="GO_BP_2016_02_16_Instance_32825" type="identity">
      <class id="GO:0030097" label="hemopoiesis"/>
      <span end="7893" id="15921521-12481" start="7880">Hematopoietic</span>
    </annotation>
    <annotation annotator="Mike Bada, University of Colorado Anschutz Medical Campus" id="GO_BP_2016_02_16_Instance_54177" type="identity">
      <class id="GO:0008283" label="cell proliferation"/>
      <span end="7965" id="15921521-12506" start="7947">cell proliferation</span>
    </annotation>
    <annotation annotator="Mike Bada, University of Colorado Anschutz Medical Campus" id="GO_BP_2016_02_16_Instance_29811" type="identity">
      <class id="GO:0010467" label="gene expression"/>
      <span end="7984" id="15921521-12440" start="7974">expression</span>
    </annotation>
    <annotation annotator="Mike Bada, University of Colorado Anschutz Medical Campus" id="GO_BP_2016_02_16_Instance_23431" type="identity">
      <class id="GO:0006953" label="acute-phase response"/>
      <span end="8089" id="15921521-12428" start="8078">acute phase</span>
    </annotation>
    <annotation annotator="Mike Bada, University of Colorado Anschutz Medical Campus" id="GO_BP_2016_02_16_Instance_29813" type="identity">
      <class id="GO:0010467" label="gene expression"/>
      <span end="8113" id="15921521-12442" start="8103">expression</span>
    </annotation>
    <annotation annotator="Mike Bada, University of Colorado Anschutz Medical Campus" id="GO_BP_2016_02_16_Instance_140824" type="identity">
      <class id="GO:0019221" label="cytokine-mediated signaling pathway"/>
      <span end="8210" id="15921521-12376" start="8192">cytokine signaling</span>
    </annotation>
    <annotation annotator="Mike Bada, University of Colorado Anschutz Medical Campus" id="GO_BP_2016_02_16_Instance_140826" type="identity">
      <class id="GO_PATO_EXT:inflammatory_process_or_quality" label="inflammatory process or quality"/>
      <span end="8250" id="15921521-12378" start="8238">inflammatory</span>
    </annotation>
    <annotation annotator="Mike Bada, University of Colorado Anschutz Medical Campus" id="GO_BP_2016_02_16_Instance_33263" type="identity">
      <class id="GO:0007259" label="JAK-STAT cascade"/>
      <span end="8296" id="15921521-12494" start="8280">JAK-STAT pathway</span>
    </annotation>
    <annotation annotator="Mike Bada, University of Colorado Anschutz Medical Campus" id="GO_BP_2016_02_16_Instance_29815" type="identity">
      <class id="GO:0010467" label="gene expression"/>
      <span end="8315" id="15921521-12444" start="8305">expression</span>
    </annotation>
    <annotation annotator="Mike Bada, University of Colorado Anschutz Medical Campus" id="GO_BP_2016_02_16_Instance_30017" type="identity">
      <class id="GO:0010467" label="gene expression"/>
      <span end="8398" id="15921521-12450" start="8388">expression</span>
    </annotation>
    <annotation annotator="Mike Bada, University of Colorado Anschutz Medical Campus" id="GO_BP_2016_02_16_Instance_140828" type="identity">
      <class id="GO_EXT:positive_regulation" label="positive regulation"/>
      <span end="8413" id="15921521-12380" start="8402">upregulated</span>
    </annotation>
    <annotation annotator="Mike Bada, University of Colorado Anschutz Medical Campus" id="GO_BP_2016_02_16_Instance_30201" type="identity">
      <class id="GO:0010467" label="gene expression"/>
      <span end="8738" id="15921521-12452" start="8728">expression</span>
    </annotation>
    <annotation annotator="Mike Bada, University of Colorado Anschutz Medical Campus" id="GO_BP_2016_02_16_Instance_30203" type="identity">
      <class id="GO:0010467" label="gene expression"/>
      <span end="8819" id="15921521-12454" start="8809">expression</span>
    </annotation>
    <annotation annotator="Mike Bada, University of Colorado Anschutz Medical Campus" id="GO_BP_2016_02_16_Instance_140830" type="identity">
      <class id="GO:0010467" label="gene expression"/>
      <span end="9407" id="15921521-12382" start="9398">expressed</span>
    </annotation>
    <annotation annotator="Mike Bada, University of Colorado Anschutz Medical Campus" id="GO_BP_2016_02_16_Instance_30251" type="identity">
      <class id="GO:0010467" label="gene expression"/>
      <span end="9506" id="15921521-12458" start="9496">expression</span>
    </annotation>
    <annotation annotator="Mike Bada, University of Colorado Anschutz Medical Campus" id="GO_BP_2016_02_16_Instance_140832" type="identity">
      <class id="GO:0010467" label="gene expression"/>
      <span end="9614" id="15921521-12384" start="9605">expressed</span>
    </annotation>
    <annotation annotator="Mike Bada, University of Colorado Anschutz Medical Campus" id="GO_BP_2016_02_16_Instance_31983" type="identity">
      <class id="GO:0010467" label="gene expression"/>
      <span end="9712" id="15921521-12460" start="9702">expression</span>
    </annotation>
    <annotation annotator="Mike Bada, University of Colorado Anschutz Medical Campus" id="GO_BP_2016_02_16_Instance_140834" type="identity">
      <class id="GO_PATO_EXT:inflammatory_process_or_quality" label="inflammatory process or quality"/>
      <span end="9832" id="15921521-12386" start="9820">inflammatory</span>
    </annotation>
    <annotation annotator="Mike Bada, University of Colorado Anschutz Medical Campus" id="GO_BP_2016_02_16_Instance_54179" type="identity">
      <class id="GO:0010467" label="gene expression"/>
      <span end="9848" id="15921521-12508" start="9833">gene expression</span>
    </annotation>
    <annotation annotator="Mike Bada, University of Colorado Anschutz Medical Campus" id="GO_BP_2016_02_16_Instance_32015" type="identity">
      <class id="GO:0010467" label="gene expression"/>
      <span end="9892" id="15921521-12462" start="9882">expression</span>
    </annotation>
    <annotation annotator="Mike Bada, University of Colorado Anschutz Medical Campus" id="GO_BP_2016_02_16_Instance_140836" type="identity">
      <class id="GO_EXT:reverse_transcription_or_reverse_transcriptase" label="reverse transcription or reverse transcriptase"/>
      <span end="9944" id="15921521-12388" start="9942">RT</span>
    </annotation>
    <annotation annotator="Mike Bada, University of Colorado Anschutz Medical Campus" id="GO_BP_2016_02_16_Instance_54181" type="identity">
      <class id="GO:0010467" label="gene expression"/>
      <span end="10573" id="15921521-12510" start="10558">gene expression</span>
    </annotation>
    <annotation annotator="Mike Bada, University of Colorado Anschutz Medical Campus" id="GO_BP_2016_02_16_Instance_140838" type="identity">
      <class id="GO:0071514" label="genetic imprinting"/>
      <span end="10747" id="15921521-12390" start="10737">imprinting</span>
    </annotation>
    <annotation annotator="Mike Bada, University of Colorado Anschutz Medical Campus" id="GO_BP_2016_02_16_with_nested_annotations_Instance_22286" type="identity">
      <class id="GO_EXT:fatality_or_lethality" label="fatality/lethality"/>
      <span end="10982" id="15921521-12560" start="10976">lethal</span>
    </annotation>
    <annotation annotator="Mike Bada, University of Colorado Anschutz Medical Campus" id="GO_BP_2016_02_16_Instance_54183" type="identity">
      <class id="GO:0016265" label="death"/>
      <span end="11016" id="15921521-12512" start="11011">death</span>
    </annotation>
    <annotation annotator="Mike Bada, University of Colorado Anschutz Medical Campus" id="GO_BP_2016_02_16_with_nested_annotations_Instance_80888" type="identity">
      <class id="GO_EXT:secretion_entity_or_process" label="secretion entity or process"/>
      <span end="13566" id="15921521-12576" start="13557">secretion</span>
    </annotation>
    <annotation annotator="Mike Bada, University of Colorado Anschutz Medical Campus" id="GO_BP_2016_02_16_Instance_54187" type="identity">
      <class id="GO:0010467" label="gene expression"/>
      <span end="13706" id="15921521-12514" start="13691">gene expression</span>
    </annotation>
    <annotation annotator="Mike Bada, University of Colorado Anschutz Medical Campus" id="GO_BP_2016_02_16_Instance_140840" type="identity">
      <class id="GO_EXT:reverse_transcription_or_reverse_transcriptase" label="reverse transcription or reverse transcriptase"/>
      <span end="13723" id="15921521-12392" start="13721">RT</span>
    </annotation>
    <annotation annotator="Mike Bada, University of Colorado Anschutz Medical Campus" id="GO_BP_2016_02_16_Instance_230668" type="identity">
      <class id="GO:0010467" label="gene expression"/>
      <span end="13763" id="15921521-12426" start="13753">expression</span>
    </annotation>
    <annotation annotator="Mike Bada, University of Colorado Anschutz Medical Campus" id="GO_BP_2016_02_16_Instance_54189" type="identity">
      <class id="GO:0010467" label="gene expression"/>
      <span end="14422" id="15921521-12516" start="14407">gene expression</span>
    </annotation>
    <annotation annotator="Mike Bada, University of Colorado Anschutz Medical Campus" id="GO_BP_2016_02_16_with_nested_annotations_Instance_1590" type="identity">
      <class id="GO_EXT:breeding" label="breeding"/>
      <span end="15196" id="15921521-12546" start="15188">breeding</span>
    </annotation>
    <annotation annotator="Mike Bada, University of Colorado Anschutz Medical Campus" id="GO_BP_2016_02_16_with_nested_annotations_Instance_1592" type="identity">
      <class id="GO_EXT:breeding" label="breeding"/>
      <span end="15516" id="15921521-12548" start="15508">breeding</span>
    </annotation>
    <annotation annotator="Mike Bada, University of Colorado Anschutz Medical Campus" id="GO_BP_2016_02_16_Instance_54191" type="identity">
      <class id="GO:0016265" label="death"/>
      <span end="15789" id="15921521-12518" start="15784">death</span>
    </annotation>
    <annotation annotator="Mike Bada, University of Colorado Anschutz Medical Campus" id="GO_BP_2016_02_16_Instance_32993" type="identity">
      <class id="GO:0007631" label="feeding behavior"/>
      <span end="15888" id="15921521-12483" start="15885">fed</span>
    </annotation>
    <annotation annotator="Mike Bada, University of Colorado Anschutz Medical Campus" id="GO_BP_2016_02_16_Instance_32995" type="identity">
      <class id="GO:0016265" label="death"/>
      <span end="16356" id="15921521-12485" start="16352">died</span>
    </annotation>
    <annotation annotator="Mike Bada, University of Colorado Anschutz Medical Campus" id="GO_BP_2016_02_16_Instance_33269" type="identity">
      <class id="GO:0016265" label="death"/>
      <span end="16503" id="15921521-12496" start="16499">died</span>
    </annotation>
    <annotation annotator="Mike Bada, University of Colorado Anschutz Medical Campus" id="GO_BP_2016_02_16_Instance_32997" type="identity">
      <class id="GO:0007631" label="feeding behavior"/>
      <span end="16690" id="15921521-12487" start="16687">fed</span>
    </annotation>
    <annotation annotator="Mike Bada, University of Colorado Anschutz Medical Campus" id="GO_BP_2016_02_16_Instance_54193" type="identity">
      <class id="GO:0016265" label="death"/>
      <span end="16753" id="15921521-12520" start="16747">Deaths</span>
    </annotation>
    <annotation annotator="Mike Bada, University of Colorado Anschutz Medical Campus" id="GO_BP_2016_02_16_with_nested_annotations_Instance_23099" type="identity">
      <class id="GO_EXT:killing" label="killing"/>
      <span end="16829" id="15921521-12565" start="16819">sacrificed</span>
    </annotation>
    <annotation annotator="Mike Bada, University of Colorado Anschutz Medical Campus" id="GO_BP_2016_02_16_Instance_54195" type="identity">
      <class id="GO:0016265" label="death"/>
      <span end="16840" id="15921521-12522" start="16835">death</span>
    </annotation>
    <annotation annotator="Mike Bada, University of Colorado Anschutz Medical Campus" id="GO_BP_2016_02_16_Instance_54197" type="identity">
      <class id="GO:0016265" label="death"/>
      <span end="16955" id="15921521-12524" start="16950">death</span>
    </annotation>
    <annotation annotator="Mike Bada, University of Colorado Anschutz Medical Campus" id="GO_BP_2016_02_16_Instance_54199" type="identity">
      <class id="GO:0016265" label="death"/>
      <span end="17020" id="15921521-12526" start="17015">death</span>
    </annotation>
    <annotation annotator="Mike Bada, University of Colorado Anschutz Medical Campus" id="GO_BP_2016_02_16_Instance_33271" type="identity">
      <class id="GO:0016265" label="death"/>
      <span end="17106" id="15921521-12498" start="17102">died</span>
    </annotation>
    <annotation annotator="Mike Bada, University of Colorado Anschutz Medical Campus" id="GO_BP_2016_02_16_Instance_54201" type="identity">
      <class id="GO:0042044" label="fluid transport"/>
      <span end="19371" id="15921521-12528" start="19356">fluid transport</span>
    </annotation>
    <annotation annotator="Mike Bada, University of Colorado Anschutz Medical Campus" id="GO_BP_2016_02_16_Instance_140842" type="identity">
      <class id="GO_PATO_EXT:inflammatory_process_or_quality" label="inflammatory process or quality"/>
      <span end="19547" id="15921521-12394" start="19535">Inflammation</span>
    </annotation>
    <annotation annotator="Mike Bada, University of Colorado Anschutz Medical Campus" id="GO_BP_2016_02_16_Instance_140844" type="identity">
      <class id="GO_PATO_EXT:inflammatory_process_or_quality" label="inflammatory process or quality"/>
      <span end="19657" id="15921521-12396" start="19645">inflammation</span>
    </annotation>
    <annotation annotator="Mike Bada, University of Colorado Anschutz Medical Campus" id="GO_BP_2016_02_16_Instance_140846" type="identity">
      <class id="GO_PATO_EXT:inflammatory_process_or_quality" label="inflammatory process or quality"/>
      <span end="19714" id="15921521-12398" start="19702">inflammation</span>
    </annotation>
    <annotation annotator="Mike Bada, University of Colorado Anschutz Medical Campus" id="GO_BP_2016_02_16_Instance_54203" type="identity">
      <class id="GO:0042110" label="T cell activation"/>
      <span end="19891" id="15921521-12530" start="19874">T cell activation</span>
    </annotation>
    <annotation annotator="Mike Bada, University of Colorado Anschutz Medical Campus" id="GO_BP_2016_02_16_Instance_140848" type="identity">
      <class id="GO_PATO_EXT:inflammatory_process_or_quality" label="inflammatory process or quality"/>
      <span end="20017" id="15921521-12400" start="20009">inflamed</span>
    </annotation>
    <annotation annotator="Mike Bada, University of Colorado Anschutz Medical Campus" id="GO_BP_2016_02_16_Instance_32695" type="identity">
      <class id="GO:0010467" label="gene expression"/>
      <span end="20208" id="15921521-12464" start="20199">expressed</span>
    </annotation>
    <annotation annotator="Mike Bada, University of Colorado Anschutz Medical Campus" id="GO_BP_2016_02_16_with_nested_annotations_Instance_10454" type="identity">
      <class id="GO_EXT:biological_recruitment" label="biological recruitment"/>
      <span end="20235" id="15921521-12542" start="20227">recruits</span>
    </annotation>
    <annotation annotator="Mike Bada, University of Colorado Anschutz Medical Campus" id="GO_BP_2016_02_16_with_nested_annotations_Instance_10456" type="identity">
      <class id="GO_EXT:biological_recruitment" label="biological recruitment"/>
      <span end="20470" id="15921521-12544" start="20462">recruits</span>
    </annotation>
    <annotation annotator="Mike Bada, University of Colorado Anschutz Medical Campus" id="GO_BP_2016_02_16_Instance_140850" type="identity">
      <class id="GO_PATO_EXT:inflammatory_process_or_quality" label="inflammatory process or quality"/>
      <span end="20657" id="15921521-12402" start="20649">inflamed</span>
    </annotation>
    <annotation annotator="Mike Bada, University of Colorado Anschutz Medical Campus" id="GO_BP_2016_02_16_Instance_54205" type="identity">
      <class id="GO:0030154" label="cell differentiation"/>
      <span end="20778" id="15921521-12532" start="20758">cell differentiation</span>
    </annotation>
    <annotation annotator="Mike Bada, University of Colorado Anschutz Medical Campus" id="GO_BP_2016_02_16_Instance_140852" type="identity">
      <class id="GO_PATO_EXT:inflammatory_process_or_quality" label="inflammatory process or quality"/>
      <span end="21005" id="15921521-12404" start="20993">inflammatory</span>
    </annotation>
    <annotation annotator="Mike Bada, University of Colorado Anschutz Medical Campus" id="GO_BP_2016_02_16_Instance_140854" type="identity">
      <class id="GO_PATO_EXT:inflammatory_process_or_quality" label="inflammatory process or quality"/>
      <span end="21108" id="15921521-12406" start="21096">inflammatory</span>
    </annotation>
    <annotation annotator="Mike Bada, University of Colorado Anschutz Medical Campus" id="GO_BP_2016_02_16_Instance_140856" type="identity">
      <class id="GO:0035556" label="intracellular signal transduction"/>
      <span end="21248" id="15921521-12408" start="21216">intracellular signaling pathways</span>
    </annotation>
    <annotation annotator="Mike Bada, University of Colorado Anschutz Medical Campus" id="GO_BP_2016_02_16_with_nested_annotations_Instance_80306" type="identity">
      <class id="GO_EXT:biological_growth_entity_or_process" label="biological growth entity or process"/>
      <span end="21551" id="15921521-12574" start="21545">growth</span>
    </annotation>
    <annotation annotator="Mike Bada, University of Colorado Anschutz Medical Campus" id="GO_BP_2016_02_16_Instance_140858" type="identity">
      <class id="GO:0007567" label="parturition"/>
      <span end="21598" id="15921521-12410" start="21593">natal</span>
    </annotation>
    <annotation annotator="Mike Bada, University of Colorado Anschutz Medical Campus" id="GO_BP_2016_02_16_Instance_33109" type="identity">
      <class id="GO:0045087" label="innate immune response"/>
      <span end="21812" id="15921521-12489" start="21785">innate type immune response</span>
    </annotation>
    <annotation annotator="Mike Bada, University of Colorado Anschutz Medical Campus" id="GO_BP_2016_02_16_Instance_33261" type="identity">
      <class id="GO:0030154" label="cell differentiation"/>
      <span end="21966" id="15921521-12491" start="21948">differentiation of</span>
      <span end="21977" id="15921521-12492" start="21972">cells</span>
    </annotation>
    <annotation annotator="Mike Bada, University of Colorado Anschutz Medical Campus" id="GO_BP_2016_02_16_Instance_32751" type="identity">
      <class id="GO:0010467" label="gene expression"/>
      <span end="22105" id="15921521-12469" start="22095">expression</span>
    </annotation>
    <annotation annotator="Mike Bada, University of Colorado Anschutz Medical Campus" id="GO_BP_2016_02_16_Instance_140860" type="identity">
      <class id="GO:0072672" label="neutrophil extravasation"/>
      <span end="22247" id="15921521-12412" start="22219">extravasation of neutrophils</span>
    </annotation>
    <annotation annotator="Mike Bada, University of Colorado Anschutz Medical Campus" id="GO_BP_2016_02_16_Instance_140862" type="identity">
      <class id="GO_PATO_EXT:inflammatory_process_or_quality" label="inflammatory process or quality"/>
      <span end="22286" id="15921521-12414" start="22278">inflamed</span>
    </annotation>
    <annotation annotator="Mike Bada, University of Colorado Anschutz Medical Campus" id="GO_BP_2016_02_16_Instance_54211" type="identity">
      <class id="GO:0006955" label="immune response"/>
      <span end="22320" id="15921521-12534" start="22304">immune responses</span>
    </annotation>
    <annotation annotator="Mike Bada, University of Colorado Anschutz Medical Campus" id="GO_BP_2016_02_16_with_nested_annotations_Instance_80890" type="identity">
      <class id="GO_EXT:secretion_entity_or_process" label="secretion entity or process"/>
      <span end="22504" id="15921521-12578" start="22495">secretion</span>
    </annotation>
    <annotation annotator="Mike Bada, University of Colorado Anschutz Medical Campus" id="GO_BP_2016_02_16_with_nested_annotations_Instance_80892" type="identity">
      <class id="GO_EXT:secretion_entity_or_process" label="secretion entity or process"/>
      <span end="22619" id="15921521-12580" start="22610">secretion</span>
    </annotation>
    <annotation annotator="Mike Bada, University of Colorado Anschutz Medical Campus" id="GO_BP_2016_02_16_with_nested_annotations_Instance_22038" type="identity">
      <class id="GO_EXT:biological_release" label="biological release"/>
      <span end="22690" id="15921521-12558" start="22682">released</span>
    </annotation>
    <annotation annotator="Mike Bada, University of Colorado Anschutz Medical Campus" id="GO_BP_2016_02_16_with_nested_annotations_Instance_80894" type="identity">
      <class id="GO_EXT:secretion_entity_or_process" label="secretion entity or process"/>
      <span end="22813" id="15921521-12582" start="22804">secretion</span>
    </annotation>
    <annotation annotator="Mike Bada, University of Colorado Anschutz Medical Campus" id="GO_BP_2016_02_16_Instance_140868" type="identity">
      <class id="GO_PATO_EXT:inflammatory_process_or_quality" label="inflammatory process or quality"/>
      <span end="22875" id="15921521-12416" start="22863">inflammatory</span>
    </annotation>
    <annotation annotator="Mike Bada, University of Colorado Anschutz Medical Campus" id="GO_BP_2016_02_16_Instance_140870" type="identity">
      <class id="GO_PATO_EXT:inflammatory_process_or_quality" label="inflammatory process or quality"/>
      <span end="23111" id="15921521-12418" start="23099">inflammation</span>
    </annotation>
    <annotation annotator="Mike Bada, University of Colorado Anschutz Medical Campus" id="GO_BP_2016_02_16_with_nested_annotations_Instance_80896" type="identity">
      <class id="GO_EXT:secretion_entity_or_process" label="secretion entity or process"/>
      <span end="23198" id="15921521-12584" start="23189">secretion</span>
    </annotation>
    <annotation annotator="Mike Bada, University of Colorado Anschutz Medical Campus" id="GO_BP_2016_02_16_with_nested_annotations_Instance_241648" type="identity">
      <class id="GO_RO_EXT:developmental_differentiation_process" label="developmental differentiation process"/>
      <span end="23267" id="15921521-12571" start="23263">cell</span>
      <span end="23298" id="15921521-12572" start="23283">differentiation</span>
    </annotation>
    <annotation annotator="Mike Bada, University of Colorado Anschutz Medical Campus" id="GO_BP_2016_02_16_Instance_140874" type="identity">
      <class id="GO_PATO_EXT:biological_behavior" label="biological behavior"/>
      <span end="23311" id="15921521-12420" start="23303">behavior</span>
    </annotation>
    <annotation annotator="Mike Bada, University of Colorado Anschutz Medical Campus" id="GO_BP_2016_02_16_Instance_32753" type="identity">
      <class id="GO:0010467" label="gene expression"/>
      <span end="23485" id="15921521-12471" start="23475">expression</span>
    </annotation>
    <annotation annotator="Mike Bada, University of Colorado Anschutz Medical Campus" id="GO_BP_2016_02_16_with_nested_annotations_Instance_1680" type="identity">
      <class id="GO_EXT:breeding" label="breeding"/>
      <span end="24025" id="15921521-12552" start="24021">bred</span>
    </annotation>
    <annotation annotator="Mike Bada, University of Colorado Anschutz Medical Campus" id="GO_BP_2016_02_16_with_nested_annotations_Instance_1682" type="identity">
      <class id="GO_EXT:breeding" label="breeding"/>
      <span end="24294" id="15921521-12554" start="24290">bred</span>
    </annotation>
    <annotation annotator="Mike Bada, University of Colorado Anschutz Medical Campus" id="GO_BP_2016_02_16_with_nested_annotations_Instance_23428" type="identity">
      <class id="GO_EXT:biological_movement_or_translocation_process" label="biological movement/translocation process"/>
      <span end="24794" id="15921521-12569" start="24783">transferred</span>
    </annotation>
    <annotation annotator="Mike Bada, University of Colorado Anschutz Medical Campus" id="GO_BP_2016_02_16_with_nested_annotations_Instance_23101" type="identity">
      <class id="GO_EXT:killing" label="killing"/>
      <span end="24908" id="15921521-12567" start="24898">sacrificed</span>
    </annotation>
    <annotation annotator="Mike Bada, University of Colorado Anschutz Medical Campus" id="GO_BP_2016_02_16_with_nested_annotations_Instance_1684" type="identity">
      <class id="GO_EXT:breeding" label="breeding"/>
      <span end="25363" id="15921521-12556" start="25359">bred</span>
    </annotation>
    <annotation annotator="Mike Bada, University of Colorado Anschutz Medical Campus" id="GO_BP_2016_02_16_Instance_54219" type="identity">
      <class id="GO:0010467" label="gene expression"/>
      <span end="25750" id="15921521-12536" start="25735">gene expression</span>
    </annotation>
    <annotation annotator="Mike Bada, University of Colorado Anschutz Medical Campus" id="GO_BP_2016_02_16_Instance_140876" type="identity">
      <class id="GO_EXT:reverse_transcription_or_reverse_transcriptase" label="reverse transcription or reverse transcriptase"/>
      <span end="25864" id="15921521-12422" start="25862">RT</span>
    </annotation>
    <annotation annotator="Mike Bada, University of Colorado Anschutz Medical Campus" id="GO_BP_2016_02_16_Instance_32755" type="identity">
      <class id="GO:0010467" label="gene expression"/>
      <span end="25899" id="15921521-12473" start="25889">expression</span>
    </annotation>
    <annotation annotator="Mike Bada, University of Colorado Anschutz Medical Campus" id="GO_BP_2016_02_16_Instance_32757" type="identity">
      <class id="GO:0010467" label="gene expression"/>
      <span end="26014" id="15921521-12475" start="26004">expression</span>
    </annotation>
    <annotation annotator="Mike Bada, University of Colorado Anschutz Medical Campus" id="GO_BP_2016_02_16_Instance_32759" type="identity">
      <class id="GO:0010467" label="gene expression"/>
      <span end="26104" id="15921521-12477" start="26094">Expression</span>
    </annotation>
    <annotation annotator="Mike Bada, University of Colorado Anschutz Medical Campus" id="GO_BP_2016_02_16_Instance_54221" type="identity">
      <class id="GO:0010467" label="gene expression"/>
      <span end="26625" id="15921521-12538" start="26610">Gene expression</span>
    </annotation>
    <annotation annotator="Mike Bada, University of Colorado Anschutz Medical Campus" id="GO_BP_2016_02_16_with_nested_annotations_Instance_1594" type="identity">
      <class id="GO_EXT:breeding" label="breeding"/>
      <span end="26887" id="15921521-12550" start="26879">breeding</span>
    </annotation>
    <annotation annotator="Mike Bada, University of Colorado Anschutz Medical Campus" id="GO_BP_2016_02_16_Instance_140878" type="identity">
      <class id="GO_EXT:reverse_transcription_or_reverse_transcriptase" label="reverse transcription or reverse transcriptase"/>
      <span end="27241" id="15921521-12424" start="27239">RT</span>
    </annotation>
    <graph-space id="Old Knowtator Relations"/>
  </document>
</knowtator-project>
