<?xml version="1.0" encoding="UTF-8" standalone="no"?>
<knowtator-project>
    <document id="15938754" text-file="15938754.txt">
        <annotation annotator="Mike Bada, University of Colorado Anschutz Medical Campus" id="GO_BP_2016_02_16_Instance_33419" type="identity">
            <class id="GO:0050909" label="sensory perception of taste"/>
            <span end="76" id="15938754-12696" start="71">taste</span>
        </annotation>
        <annotation annotator="Mike Bada, University of Colorado Anschutz Medical Campus" id="GO_BP_2016_02_16_Instance_30571" type="identity">
            <class id="GO:0050913" label="sensory perception of bitter taste"/>
            <span end="158" id="15938754-12623" start="144">bitter-tasting</span>
        </annotation>
        <annotation annotator="Mike Bada, University of Colorado Anschutz Medical Campus" id="GO_BP_2016_02_16_Instance_33101" type="identity">
            <class id="GO:0050909" label="sensory perception of taste"/>
            <span end="185" id="15938754-12654" start="176">gustatory</span>
        </annotation>
        <annotation annotator="Mike Bada, University of Colorado Anschutz Medical Campus" id="GO_BP_2016_02_16_Instance_33421" type="identity">
            <class id="GO:0050909" label="sensory perception of taste"/>
            <span end="320" id="15938754-12698" start="315">taste</span>
        </annotation>
        <annotation annotator="Mike Bada, University of Colorado Anschutz Medical Campus" id="GO_BP_2016_02_16_Instance_33251" type="identity">
            <class id="GO:0010467" label="gene expression"/>
            <span end="361" id="15938754-12682" start="352">expressed</span>
        </annotation>
        <annotation annotator="Mike Bada, University of Colorado Anschutz Medical Campus" id="GO_BP_2016_02_16_Instance_33423" type="identity">
            <class id="GO:0050909" label="sensory perception of taste"/>
            <span end="381" id="15938754-12700" start="376">taste</span>
        </annotation>
        <annotation annotator="Mike Bada, University of Colorado Anschutz Medical Campus" id="GO_BP_2016_02_16_Instance_140880" type="identity">
            <class id="GO_PATO_EXT:biological_behavior" label="biological behavior"/>
            <span end="661" id="15938754-12587" start="651">behavioral</span>
        </annotation>
        <annotation annotator="Mike Bada, University of Colorado Anschutz Medical Campus" id="GO_BP_2016_02_16_Instance_33425" type="identity">
            <class id="GO:0050909" label="sensory perception of taste"/>
            <span end="667" id="15938754-12702" start="662">taste</span>
        </annotation>
        <annotation annotator="Mike Bada, University of Colorado Anschutz Medical Campus" id="GO_BP_2016_02_16_with_nested_annotations_Instance_120158" type="identity">
            <class id="GO_SO_EXT:sequence_rearrangement_process" label="sequence rearrangement process"/>
            <span end="697" id="15938754-12855" start="686">recombinant</span>
        </annotation>
        <annotation annotator="Mike Bada, University of Colorado Anschutz Medical Campus" id="GO_BP_2016_02_16_Instance_33427" type="identity">
            <class id="GO:0050909" label="sensory perception of taste"/>
            <span end="781" id="15938754-12704" start="776">taste</span>
        </annotation>
        <annotation annotator="Mike Bada, University of Colorado Anschutz Medical Campus" id="GO_BP_2016_02_16_Instance_2" type="identity">
            <class id="GO_EXT:taster" label="taster"/>
            <span end="1465" id="15938754-12617" start="1459">taster</span>
        </annotation>
        <annotation annotator="Mike Bada, University of Colorado Anschutz Medical Campus" id="GO_BP_2016_02_16_Instance_33429" type="identity">
            <class id="GO:0050909" label="sensory perception of taste"/>
            <span end="1525" id="15938754-12706" start="1520">taste</span>
        </annotation>
        <annotation annotator="Mike Bada, University of Colorado Anschutz Medical Campus" id="GO_BP_2016_02_16_Instance_33431" type="identity">
            <class id="GO:0050909" label="sensory perception of taste"/>
            <span end="1578" id="15938754-12708" start="1573">taste</span>
        </annotation>
        <annotation annotator="Mike Bada, University of Colorado Anschutz Medical Campus" id="GO_BP_2016_02_16_Instance_33433" type="identity">
            <class id="GO:0050909" label="sensory perception of taste"/>
            <span end="1698" id="15938754-12710" start="1693">taste</span>
        </annotation>
        <annotation annotator="Mike Bada, University of Colorado Anschutz Medical Campus" id="GO_BP_2016_02_16_Instance_30573" type="identity">
            <class id="GO:0050913" label="sensory perception of bitter taste"/>
            <span end="1879" id="15938754-12625" start="1867">bitter taste</span>
        </annotation>
        <annotation annotator="Mike Bada, University of Colorado Anschutz Medical Campus" id="GO_BP_2016_02_16_Instance_33103" type="identity">
            <class id="GO:0050909" label="sensory perception of taste"/>
            <span end="1990" id="15938754-12656" start="1981">gustatory</span>
        </annotation>
        <annotation annotator="Mike Bada, University of Colorado Anschutz Medical Campus" id="GO_BP_2016_02_16_Instance_30567" type="identity">
            <class id="GO:0050916" label="sensory perception of sweet taste"/>
            <span end="2067" id="15938754-12619" start="2054">sweet-tasting</span>
        </annotation>
        <annotation annotator="Mike Bada, University of Colorado Anschutz Medical Campus" id="GO_BP_2016_02_16_Instance_30569" type="identity">
            <class id="GO:0050913" label="sensory perception of bitter taste"/>
            <span end="2145" id="15938754-12621" start="2131">bitter-tasting</span>
        </annotation>
        <annotation annotator="Mike Bada, University of Colorado Anschutz Medical Campus" id="GO_BP_2016_02_16_Instance_33309" type="identity">
            <class id="GO:0010467" label="gene expression"/>
            <span end="2272" id="15938754-12684" start="2263">expressed</span>
        </annotation>
        <annotation annotator="Mike Bada, University of Colorado Anschutz Medical Campus" id="GO_BP_2016_02_16_Instance_33435" type="identity">
            <class id="GO:0050909" label="sensory perception of taste"/>
            <span end="2299" id="15938754-12712" start="2294">taste</span>
        </annotation>
        <annotation annotator="Mike Bada, University of Colorado Anschutz Medical Campus" id="GO_BP_2016_02_16_Instance_33105" type="identity">
            <class id="GO:0050909" label="sensory perception of taste"/>
            <span end="2338" id="15938754-12658" start="2329">gustatory</span>
        </annotation>
        <annotation annotator="Mike Bada, University of Colorado Anschutz Medical Campus" id="GO_BP_2016_02_16_with_nested_annotations_Instance_22631" type="identity">
            <class id="GO:0001580" label="detection of chemical stimulus involved in sensory perception of bitter taste"/>
            <span end="2407" id="15938754-12893" start="2378">detection and transduction of</span>
            <span end="2421" id="15938754-12894" start="2415">bitter</span>
            <span end="2455" id="15938754-12895" start="2450">taste</span>
        </annotation>
        <annotation annotator="Mike Bada, University of Colorado Anschutz Medical Campus" id="GO_BP_2016_02_16_with_nested_annotations_Instance_22633" type="identity">
            <class id="GO:0046535" label="detection of chemical stimulus involved in sensory perception of umami taste"/>
            <span end="2407" id="15938754-12897" start="2378">detection and transduction of</span>
            <span end="2431" id="15938754-12898" start="2426">umami</span>
            <span end="2455" id="15938754-12899" start="2450">taste</span>
        </annotation>
        <annotation annotator="Mike Bada, University of Colorado Anschutz Medical Campus" id="GO_BP_2016_02_16_with_nested_annotations_Instance_22635" type="identity">
            <class id="GO:0001582" label="detection of chemical stimulus involved in sensory perception of sweet taste"/>
            <span end="2413" id="15938754-12901" start="2378">detection and transduction of sweet</span>
            <span end="2455" id="15938754-12902" start="2450">taste</span>
        </annotation>
        <annotation annotator="Mike Bada, University of Colorado Anschutz Medical Campus" id="GO_BP_2016_02_16_Instance_30583" type="identity">
            <class id="GO:0050916" label="sensory perception of sweet taste"/>
            <span end="2472" id="15938754-12627" start="2466">sweet-</span>
            <span end="2489" id="15938754-12628" start="2482">tasting</span>
        </annotation>
        <annotation annotator="Mike Bada, University of Colorado Anschutz Medical Campus" id="GO_BP_2016_02_16_Instance_30587" type="identity">
            <class id="GO:0050917" label="sensory perception of umami taste"/>
            <span end="2489" id="15938754-12630" start="2476">umami-tasting</span>
        </annotation>
        <annotation annotator="Mike Bada, University of Colorado Anschutz Medical Campus" id="GO_BP_2016_02_16_Instance_30589" type="identity">
            <class id="GO:0050913" label="sensory perception of bitter taste"/>
            <span end="2532" id="15938754-12632" start="2518">bitter-tasting</span>
        </annotation>
        <annotation annotator="Mike Bada, University of Colorado Anschutz Medical Campus" id="GO_BP_2016_02_16_Instance_30591" type="identity">
            <class id="GO:0050913" label="sensory perception of bitter taste"/>
            <span end="2727" id="15938754-12634" start="2715">bitter taste</span>
        </annotation>
        <annotation annotator="Mike Bada, University of Colorado Anschutz Medical Campus" id="GO_BP_2016_02_16_with_nested_annotations_Instance_1098" type="identity">
            <class id="GO_EXT:reaction_or_response" label="reaction/response"/>
            <span end="3018" id="15938754-12845" start="3011">respond</span>
        </annotation>
        <annotation annotator="Mike Bada, University of Colorado Anschutz Medical Campus" id="GO_BP_2016_02_16_Instance_33311" type="identity">
            <class id="GO:0010467" label="gene expression"/>
            <span end="3074" id="15938754-12686" start="3064">expression</span>
        </annotation>
        <annotation annotator="Mike Bada, University of Colorado Anschutz Medical Campus" id="GO_BP_2016_02_16_Instance_33229" type="identity">
            <class id="GO:0050913" label="sensory perception of bitter taste"/>
            <span end="3158" id="15938754-12662" start="3146">bitter taste</span>
        </annotation>
        <annotation annotator="Mike Bada, University of Colorado Anschutz Medical Campus" id="GO_BP_2016_02_16_with_nested_annotations_Instance_24217" type="identity">
            <class id="GO:0007631" label="feeding behavior"/>
            <span end="3282" id="15938754-12904" start="3276">intake</span>
        </annotation>
        <annotation annotator="Mike Bada, University of Colorado Anschutz Medical Campus" id="GO_BP_2016_02_16_with_nested_annotations_Instance_120160" type="identity">
            <class id="GO_SO_EXT:sequence_rearrangement_process" label="sequence rearrangement process"/>
            <span end="3767" id="15938754-12857" start="3756">recombinant</span>
        </annotation>
        <annotation annotator="Mike Bada, University of Colorado Anschutz Medical Campus" id="GO_BP_2016_02_16_Instance_33231" type="identity">
            <class id="GO:0050913" label="sensory perception of bitter taste"/>
            <span end="3946" id="15938754-12664" start="3934">bitter taste</span>
        </annotation>
        <annotation annotator="Mike Bada, University of Colorado Anschutz Medical Campus" id="GO_BP_2016_02_16_Instance_140884" type="identity">
            <class id="GO_PATO_EXT:biological_behavior" label="biological behavior"/>
            <span end="3972" id="15938754-12589" start="3962">behavioral</span>
        </annotation>
        <annotation annotator="Mike Bada, University of Colorado Anschutz Medical Campus" id="GO_BP_2016_02_16_Instance_33233" type="identity">
            <class id="GO:0007631" label="feeding behavior"/>
            <span end="4005" id="15938754-12666" start="3994">consumption</span>
        </annotation>
        <annotation annotator="Mike Bada, University of Colorado Anschutz Medical Campus" id="GO_BP_2016_02_16_Instance_33235" type="identity">
            <class id="GO:0007631" label="feeding behavior"/>
            <span end="4067" id="15938754-12668" start="4058">ingestive</span>
        </annotation>
        <annotation annotator="Mike Bada, University of Colorado Anschutz Medical Campus" id="GO_BP_2016_02_16_Instance_33237" type="identity">
            <class id="GO:0050913" label="sensory perception of bitter taste"/>
            <span end="4183" id="15938754-12670" start="4171">bitter taste</span>
        </annotation>
        <annotation annotator="Mike Bada, University of Colorado Anschutz Medical Campus" id="GO_BP_2016_02_16_Instance_140886" type="identity">
            <class id="GO_PATO_EXT:biological_behavior" label="biological behavior"/>
            <span end="4193" id="15938754-12591" start="4184">behaviors</span>
        </annotation>
        <annotation annotator="Mike Bada, University of Colorado Anschutz Medical Campus" id="GO_BP_2016_02_16_Instance_33239" type="identity">
            <class id="GO:0050913" label="sensory perception of bitter taste"/>
            <span end="4287" id="15938754-12672" start="4275">bitter taste</span>
        </annotation>
        <annotation annotator="Mike Bada, University of Colorado Anschutz Medical Campus" id="GO_BP_2016_02_16_Instance_30004" type="identity">
            <class id="GO_PATO_EXT:physiological_process_or_quality" label="physiological process or quality"/>
            <span end="4343" id="15938754-12597" start="4330">physiological</span>
        </annotation>
        <annotation annotator="Mike Bada, University of Colorado Anschutz Medical Campus" id="GO_BP_2016_02_16_Instance_33437" type="identity">
            <class id="GO:0050909" label="sensory perception of taste"/>
            <span end="4487" id="15938754-12714" start="4482">taste</span>
        </annotation>
        <annotation annotator="Mike Bada, University of Colorado Anschutz Medical Campus" id="GO_BP_2016_02_16_Instance_30593" type="identity">
            <class id="GO:0050913" label="sensory perception of bitter taste"/>
            <span end="4677" id="15938754-12636" start="4663">bitter-tasting</span>
        </annotation>
        <annotation annotator="Mike Bada, University of Colorado Anschutz Medical Campus" id="GO_BP_2016_02_16_Instance_33439" type="identity">
            <class id="GO:0050909" label="sensory perception of taste"/>
            <span end="4903" id="15938754-12716" start="4898">taste</span>
        </annotation>
        <annotation annotator="Mike Bada, University of Colorado Anschutz Medical Campus" id="GO_BP_2016_02_16_Instance_33441" type="identity">
            <class id="GO:0050909" label="sensory perception of taste"/>
            <span end="4959" id="15938754-12718" start="4954">taste</span>
        </annotation>
        <annotation annotator="Mike Bada, University of Colorado Anschutz Medical Campus" id="GO_BP_2016_02_16_with_nested_annotations_Instance_120162" type="identity">
            <class id="GO_SO_EXT:sequence_rearrangement_process" label="sequence rearrangement process"/>
            <span end="5032" id="15938754-12859" start="5021">recombinant</span>
        </annotation>
        <annotation annotator="Mike Bada, University of Colorado Anschutz Medical Campus" id="GO_BP_2016_02_16_Instance_33443" type="identity">
            <class id="GO:0050909" label="sensory perception of taste"/>
            <span end="5247" id="15938754-12720" start="5242">taste</span>
        </annotation>
        <annotation annotator="Mike Bada, University of Colorado Anschutz Medical Campus" id="GO_BP_2016_02_16_Instance_33445" type="identity">
            <class id="GO:0050909" label="sensory perception of taste"/>
            <span end="5619" id="15938754-12722" start="5614">taste</span>
        </annotation>
        <annotation annotator="Mike Bada, University of Colorado Anschutz Medical Campus" id="GO_BP_2016_02_16_Instance_33447" type="identity">
            <class id="GO:0050909" label="sensory perception of taste"/>
            <span end="5648" id="15938754-12724" start="5643">Taste</span>
        </annotation>
        <annotation annotator="Mike Bada, University of Colorado Anschutz Medical Campus" id="GO_BP_2016_02_16_Instance_33243" type="identity">
            <class id="GO:0050913" label="sensory perception of bitter taste"/>
            <span end="5702" id="15938754-12674" start="5690">bitter taste</span>
        </annotation>
        <annotation annotator="Mike Bada, University of Colorado Anschutz Medical Campus" id="GO_BP_2016_02_16_Instance_33245" type="identity">
            <class id="GO:0007631" label="feeding behavior"/>
            <span end="5728" id="15938754-12676" start="5717">consumption</span>
        </annotation>
        <annotation annotator="Mike Bada, University of Colorado Anschutz Medical Campus" id="GO_BP_2016_02_16_Instance_33247" type="identity">
            <class id="GO:0007631" label="feeding behavior"/>
            <span end="5796" id="15938754-12678" start="5787">ingestive</span>
        </annotation>
        <annotation annotator="Mike Bada, University of Colorado Anschutz Medical Campus" id="GO_BP_2016_02_16_Instance_33449" type="identity">
            <class id="GO:0050909" label="sensory perception of taste"/>
            <span end="5975" id="15938754-12726" start="5970">taste</span>
        </annotation>
        <annotation annotator="Mike Bada, University of Colorado Anschutz Medical Campus" id="GO_BP_2016_02_16_Instance_33451" type="identity">
            <class id="GO:0050909" label="sensory perception of taste"/>
            <span end="6000" id="15938754-12728" start="5995">taste</span>
        </annotation>
        <annotation annotator="Mike Bada, University of Colorado Anschutz Medical Campus" id="GO_BP_2016_02_16_Instance_33453" type="identity">
            <class id="GO:0050909" label="sensory perception of taste"/>
            <span end="6258" id="15938754-12730" start="6253">taste</span>
        </annotation>
        <annotation annotator="Mike Bada, University of Colorado Anschutz Medical Campus" id="GO_BP_2016_02_16_Instance_33455" type="identity">
            <class id="GO:0050909" label="sensory perception of taste"/>
            <span end="6781" id="15938754-12732" start="6776">taste</span>
        </annotation>
        <annotation annotator="Mike Bada, University of Colorado Anschutz Medical Campus" id="GO_BP_2016_02_16_Instance_33457" type="identity">
            <class id="GO:0050909" label="sensory perception of taste"/>
            <span end="7511" id="15938754-12734" start="7506">taste</span>
        </annotation>
        <annotation annotator="Mike Bada, University of Colorado Anschutz Medical Campus" id="GO_BP_2016_02_16_Instance_33459" type="identity">
            <class id="GO:0050909" label="sensory perception of taste"/>
            <span end="7949" id="15938754-12736" start="7944">taste</span>
        </annotation>
        <annotation annotator="Mike Bada, University of Colorado Anschutz Medical Campus" id="GO_BP_2016_02_16_with_nested_annotations_Instance_22616" type="identity">
            <class id="GO_EXT:taster" label="taster"/>
            <span end="8020" id="15938754-12885" start="8014">taster</span>
        </annotation>
        <annotation annotator="Mike Bada, University of Colorado Anschutz Medical Campus" id="GO_BP_2016_02_16_Instance_43657" type="identity">
            <class id="GO:0065007" label="biological regulation"/>
            <span end="8346" id="15938754-12841" start="8339">control</span>
        </annotation>
        <annotation annotator="Mike Bada, University of Colorado Anschutz Medical Campus" id="GO_BP_2016_02_16_Instance_33461" type="identity">
            <class id="GO:0050909" label="sensory perception of taste"/>
            <span end="8540" id="15938754-12738" start="8535">taste</span>
        </annotation>
        <annotation annotator="Mike Bada, University of Colorado Anschutz Medical Campus" id="GO_BP_2016_02_16_Instance_33463" type="identity">
            <class id="GO:0050909" label="sensory perception of taste"/>
            <span end="8836" id="15938754-12740" start="8831">taste</span>
        </annotation>
        <annotation annotator="Mike Bada, University of Colorado Anschutz Medical Campus" id="GO_BP_2016_02_16_Instance_33465" type="identity">
            <class id="GO:0050909" label="sensory perception of taste"/>
            <span end="9356" id="15938754-12742" start="9351">taste</span>
        </annotation>
        <annotation annotator="Mike Bada, University of Colorado Anschutz Medical Campus" id="GO_BP_2016_02_16_Instance_33467" type="identity">
            <class id="GO:0050909" label="sensory perception of taste"/>
            <span end="9532" id="15938754-12744" start="9527">taste</span>
        </annotation>
        <annotation annotator="Mike Bada, University of Colorado Anschutz Medical Campus" id="GO_BP_2016_02_16_with_nested_annotations_Instance_1100" type="identity">
            <class id="GO_EXT:reaction_or_response" label="reaction/response"/>
            <span end="9542" id="15938754-12847" start="9533">responses</span>
        </annotation>
        <annotation annotator="Mike Bada, University of Colorado Anschutz Medical Campus" id="GO_BP_2016_02_16_with_nested_annotations_Instance_120164" type="identity">
            <class id="GO_SO_EXT:sequence_rearrangement_process" label="sequence rearrangement process"/>
            <span end="9929" id="15938754-12861" start="9916">recombination</span>
        </annotation>
        <annotation annotator="Mike Bada, University of Colorado Anschutz Medical Campus" id="GO_BP_2016_02_16_Instance_33469" type="identity">
            <class id="GO:0050909" label="sensory perception of taste"/>
            <span end="10279" id="15938754-12746" start="10274">taste</span>
        </annotation>
        <annotation annotator="Mike Bada, University of Colorado Anschutz Medical Campus" id="GO_BP_2016_02_16_Instance_33471" type="identity">
            <class id="GO:0050909" label="sensory perception of taste"/>
            <span end="11104" id="15938754-12748" start="11099">taste</span>
        </annotation>
        <annotation annotator="Mike Bada, University of Colorado Anschutz Medical Campus" id="GO_BP_2016_02_16_Instance_33313" type="identity">
            <class id="GO:0010467" label="gene expression"/>
            <span end="11327" id="15938754-12688" start="11317">expression</span>
        </annotation>
        <annotation annotator="Mike Bada, University of Colorado Anschutz Medical Campus" id="GO_BP_2016_02_16_Instance_33473" type="identity">
            <class id="GO:0050909" label="sensory perception of taste"/>
            <span end="11336" id="15938754-12750" start="11331">taste</span>
        </annotation>
        <annotation annotator="Mike Bada, University of Colorado Anschutz Medical Campus" id="GO_BP_2016_02_16_Instance_30595" type="identity">
            <class id="GO:0050913" label="sensory perception of bitter taste"/>
            <span end="11416" id="15938754-12638" start="11402">bitter-tasting</span>
        </annotation>
        <annotation annotator="Mike Bada, University of Colorado Anschutz Medical Campus" id="GO_BP_2016_02_16_Instance_33475" type="identity">
            <class id="GO:0050909" label="sensory perception of taste"/>
            <span end="11533" id="15938754-12752" start="11528">taste</span>
        </annotation>
        <annotation annotator="Mike Bada, University of Colorado Anschutz Medical Campus" id="GO_BP_2016_02_16_Instance_33249" type="identity">
            <class id="GO:0050913" label="sensory perception of bitter taste"/>
            <span end="11973" id="15938754-12680" start="11961">bitter taste</span>
        </annotation>
        <annotation annotator="Mike Bada, University of Colorado Anschutz Medical Campus" id="GO_BP_2016_02_16_Instance_33477" type="identity">
            <class id="GO:0050909" label="sensory perception of taste"/>
            <span end="12659" id="15938754-12754" start="12654">taste</span>
        </annotation>
        <annotation annotator="Mike Bada, University of Colorado Anschutz Medical Campus" id="GO_BP_2016_02_16_with_nested_annotations_Instance_21608" type="identity">
            <class id="GO_EXT:cell_communication_or_signaling_or_signal_transduction" label="cell communication, signaling or signal transduction"/>
            <span end="13059" id="15938754-12877" start="13041">signaling cascades</span>
        </annotation>
        <annotation annotator="Mike Bada, University of Colorado Anschutz Medical Campus" id="GO_BP_2016_02_16_Instance_33547" type="identity">
            <class id="GO:0065007" label="biological regulation"/>
            <span end="13101" id="15938754-12818" start="13091">regulatory</span>
        </annotation>
        <annotation annotator="Mike Bada, University of Colorado Anschutz Medical Campus" id="GO_BP_2016_02_16_Instance_33315" type="identity">
            <class id="GO:0010467" label="gene expression"/>
            <span end="13149" id="15938754-12690" start="13139">expression</span>
        </annotation>
        <annotation annotator="Mike Bada, University of Colorado Anschutz Medical Campus" id="GO_BP_2016_02_16_Instance_33479" type="identity">
            <class id="GO:0050909" label="sensory perception of taste"/>
            <span end="13389" id="15938754-12756" start="13384">taste</span>
        </annotation>
        <annotation annotator="Mike Bada, University of Colorado Anschutz Medical Campus" id="GO_BP_2016_02_16_Instance_140892" type="identity">
            <class id="GO_SO_EXT:frameshift_entity_or_process" label="frameshift entity or process"/>
            <span end="14369" id="15938754-12593" start="14357">frame shifts</span>
        </annotation>
        <annotation annotator="Mike Bada, University of Colorado Anschutz Medical Campus" id="GO_BP_2016_02_16_with_nested_annotations_Instance_22618" type="identity">
            <class id="GO_EXT:taster" label="taster"/>
            <span end="15250" id="15938754-12887" start="15244">taster</span>
        </annotation>
        <annotation annotator="Mike Bada, University of Colorado Anschutz Medical Campus" id="GO_BP_2016_02_16_with_nested_annotations_Instance_22620" type="identity">
            <class id="GO_EXT:taster" label="taster"/>
            <span end="15278" id="15938754-12889" start="15272">taster</span>
        </annotation>
        <annotation annotator="Mike Bada, University of Colorado Anschutz Medical Campus" id="GO_BP_2016_02_16_with_nested_annotations_Instance_22622" type="identity">
            <class id="GO_EXT:taster" label="taster"/>
            <span end="15305" id="15938754-12891" start="15299">taster</span>
        </annotation>
        <annotation annotator="Mike Bada, University of Colorado Anschutz Medical Campus" id="GO_BP_2016_02_16_Instance_33481" type="identity">
            <class id="GO:0050909" label="sensory perception of taste"/>
            <span end="15557" id="15938754-12758" start="15552">taste</span>
        </annotation>
        <annotation annotator="Mike Bada, University of Colorado Anschutz Medical Campus" id="GO_BP_2016_02_16_Instance_33483" type="identity">
            <class id="GO:0050909" label="sensory perception of taste"/>
            <span end="15627" id="15938754-12760" start="15622">taste</span>
        </annotation>
        <annotation annotator="Mike Bada, University of Colorado Anschutz Medical Campus" id="GO_BP_2016_02_16_Instance_33485" type="identity">
            <class id="GO:0050909" label="sensory perception of taste"/>
            <span end="15761" id="15938754-12762" start="15756">taste</span>
        </annotation>
        <annotation annotator="Mike Bada, University of Colorado Anschutz Medical Campus" id="GO_BP_2016_02_16_with_nested_annotations_Instance_120166" type="identity">
            <class id="GO_SO_EXT:sequence_rearrangement_process" label="sequence rearrangement process"/>
            <span end="16344" id="15938754-12863" start="16331">recombination</span>
        </annotation>
        <annotation annotator="Mike Bada, University of Colorado Anschutz Medical Campus" id="GO_BP_2016_02_16_Instance_33487" type="identity">
            <class id="GO:0050909" label="sensory perception of taste"/>
            <span end="16639" id="15938754-12764" start="16634">taste</span>
        </annotation>
        <annotation annotator="Mike Bada, University of Colorado Anschutz Medical Campus" id="GO_BP_2016_02_16_Instance_150006" type="identity">
            <class id="GO_EXT:taster" label="taster"/>
            <span end="16757" id="15938754-12599" start="16751">taster</span>
        </annotation>
        <annotation annotator="Mike Bada, University of Colorado Anschutz Medical Campus" id="GO_BP_2016_02_16_Instance_140894" type="identity">
            <class id="GO_PATO_EXT:biological_behavior" label="biological behavior"/>
            <span end="17125" id="15938754-12595" start="17113">behaviorally</span>
        </annotation>
        <annotation annotator="Mike Bada, University of Colorado Anschutz Medical Campus" id="GO_BP_2016_02_16_Instance_33489" type="identity">
            <class id="GO:0050909" label="sensory perception of taste"/>
            <span end="17218" id="15938754-12766" start="17213">taste</span>
        </annotation>
        <annotation annotator="Mike Bada, University of Colorado Anschutz Medical Campus" id="GO_BP_2016_02_16_Instance_33491" type="identity">
            <class id="GO:0050909" label="sensory perception of taste"/>
            <span end="17512" id="15938754-12768" start="17507">taste</span>
        </annotation>
        <annotation annotator="Mike Bada, University of Colorado Anschutz Medical Campus" id="GO_BP_2016_02_16_Instance_33107" type="identity">
            <class id="GO:0050909" label="sensory perception of taste"/>
            <span end="17804" id="15938754-12660" start="17795">gustatory</span>
        </annotation>
        <annotation annotator="Mike Bada, University of Colorado Anschutz Medical Campus" id="GO_BP_2016_02_16_Instance_30597" type="identity">
            <class id="GO:0050913" label="sensory perception of bitter taste"/>
            <span end="17890" id="15938754-12640" start="17876">bitter-tasting</span>
        </annotation>
        <annotation annotator="Mike Bada, University of Colorado Anschutz Medical Campus" id="GO_BP_2016_02_16_Instance_33493" type="identity">
            <class id="GO:0050909" label="sensory perception of taste"/>
            <span end="18063" id="15938754-12770" start="18058">taste</span>
        </annotation>
        <annotation annotator="Mike Bada, University of Colorado Anschutz Medical Campus" id="GO_BP_2016_02_16_Instance_33551" type="identity">
            <class id="GO:0001775" label="cell activation"/>
            <span end="18106" id="15938754-12820" start="18087">cellular activation</span>
        </annotation>
        <annotation annotator="Mike Bada, University of Colorado Anschutz Medical Campus" id="GO_BP_2016_02_16_with_nested_annotations_Instance_21610" type="identity">
            <class id="GO_EXT:cell_communication_or_signaling_or_signal_transduction" label="cell communication, signaling or signal transduction"/>
            <span end="18120" id="15938754-12879" start="18111">signaling</span>
        </annotation>
        <annotation annotator="Mike Bada, University of Colorado Anschutz Medical Campus" id="GO_BP_2016_02_16_Instance_33495" type="identity">
            <class id="GO:0050909" label="sensory perception of taste"/>
            <span end="18282" id="15938754-12772" start="18277">taste</span>
        </annotation>
        <annotation annotator="Mike Bada, University of Colorado Anschutz Medical Campus" id="GO_BP_2016_02_16_with_nested_annotations_Instance_24219" type="identity">
            <class id="GO:0007631" label="feeding behavior"/>
            <span end="18415" id="15938754-12906" start="18409">intake</span>
        </annotation>
        <annotation annotator="Mike Bada, University of Colorado Anschutz Medical Campus" id="GO_BP_2016_02_16_Instance_30599" type="identity">
            <class id="GO:0050909" label="sensory perception of taste"/>
            <span end="18451" id="15938754-12642" start="18446">taste</span>
        </annotation>
        <annotation annotator="Mike Bada, University of Colorado Anschutz Medical Campus" id="GO_BP_2016_02_16_Instance_33555" type="identity">
            <class id="GO:0065007" label="biological regulation"/>
            <span end="18485" id="15938754-12822" start="18475">regulating</span>
        </annotation>
        <annotation annotator="Mike Bada, University of Colorado Anschutz Medical Campus" id="GO_BP_2016_02_16_Instance_25771" type="identity">
            <class id="GO:0007631" label="feeding behavior"/>
            <span end="18556" id="15938754-12615" start="18545">consumption</span>
        </annotation>
        <annotation annotator="Mike Bada, University of Colorado Anschutz Medical Campus" id="GO_BP_2016_02_16_Instance_30601" type="identity">
            <class id="GO:0050913" label="sensory perception of bitter taste"/>
            <span end="18574" id="15938754-12644" start="18560">bitter-tasting</span>
        </annotation>
        <annotation annotator="Mike Bada, University of Colorado Anschutz Medical Campus" id="GO_BP_2016_02_16_Instance_30603" type="identity">
            <class id="GO:0050909" label="sensory perception of taste"/>
            <span end="18631" id="15938754-12646" start="18626">taste</span>
        </annotation>
        <annotation annotator="Mike Bada, University of Colorado Anschutz Medical Campus" id="GO_BP_2016_02_16_Instance_33497" type="identity">
            <class id="GO:0050909" label="sensory perception of taste"/>
            <span end="18740" id="15938754-12774" start="18735">taste</span>
        </annotation>
        <annotation annotator="Mike Bada, University of Colorado Anschutz Medical Campus" id="GO_BP_2016_02_16_Instance_33597" type="identity">
            <class id="GO:0050913" label="sensory perception of bitter taste"/>
            <span end="19011" id="15938754-12824" start="18999">bitter taste</span>
        </annotation>
        <annotation annotator="Mike Bada, University of Colorado Anschutz Medical Campus" id="GO_BP_2016_02_16_Instance_33317" type="identity">
            <class id="GO:0010467" label="gene expression"/>
            <span end="19124" id="15938754-12692" start="19114">expression</span>
        </annotation>
        <annotation annotator="Mike Bada, University of Colorado Anschutz Medical Campus" id="GO_BP_2016_02_16_Instance_33499" type="identity">
            <class id="GO:0050909" label="sensory perception of taste"/>
            <span end="19133" id="15938754-12776" start="19128">taste</span>
        </annotation>
        <annotation annotator="Mike Bada, University of Colorado Anschutz Medical Campus" id="GO_BP_2016_02_16_Instance_30605" type="identity">
            <class id="GO:0050913" label="sensory perception of bitter taste"/>
            <span end="19246" id="15938754-12648" start="19234">bitter taste</span>
        </annotation>
        <annotation annotator="Mike Bada, University of Colorado Anschutz Medical Campus" id="GO_BP_2016_02_16_Instance_150008" type="identity">
            <class id="GO_PATO_EXT:physiological_process_or_quality" label="physiological process or quality"/>
            <span end="19491" id="15938754-12601" start="19478">physiological</span>
        </annotation>
        <annotation annotator="Mike Bada, University of Colorado Anschutz Medical Campus" id="GO_BP_2016_02_16_Instance_33599" type="identity">
            <class id="GO:0006812" label="cation transport"/>
            <span end="19585" id="15938754-12826" start="19564">cationic conductances</span>
        </annotation>
        <annotation annotator="Mike Bada, University of Colorado Anschutz Medical Campus" id="GO_BP_2016_02_16_Instance_33501" type="identity">
            <class id="GO:0050909" label="sensory perception of taste"/>
            <span end="19620" id="15938754-12778" start="19615">taste</span>
        </annotation>
        <annotation annotator="Mike Bada, University of Colorado Anschutz Medical Campus" id="GO_BP_2016_02_16_Instance_33503" type="identity">
            <class id="GO:0050909" label="sensory perception of taste"/>
            <span end="19688" id="15938754-12780" start="19683">taste</span>
        </annotation>
        <annotation annotator="Mike Bada, University of Colorado Anschutz Medical Campus" id="GO_BP_2016_02_16_Instance_33505" type="identity">
            <class id="GO:0050909" label="sensory perception of taste"/>
            <span end="20073" id="15938754-12782" start="20068">taste</span>
        </annotation>
        <annotation annotator="Mike Bada, University of Colorado Anschutz Medical Campus" id="GO_BP_2016_02_16_Instance_33507" type="identity">
            <class id="GO:0050909" label="sensory perception of taste"/>
            <span end="20375" id="15938754-12784" start="20370">taste</span>
        </annotation>
        <annotation annotator="Mike Bada, University of Colorado Anschutz Medical Campus" id="GO_BP_2016_02_16_Instance_33601" type="identity">
            <class id="GO:0050913" label="sensory perception of bitter taste"/>
            <span end="20486" id="15938754-12828" start="20474">bitter taste</span>
        </annotation>
        <annotation annotator="Mike Bada, University of Colorado Anschutz Medical Campus" id="GO_BP_2016_02_16_with_nested_annotations_Instance_120168" type="identity">
            <class id="GO_SO_EXT:sequence_rearrangement_process" label="sequence rearrangement process"/>
            <span end="20557" id="15938754-12865" start="20544">recombination</span>
        </annotation>
        <annotation annotator="Mike Bada, University of Colorado Anschutz Medical Campus" id="GO_BP_2016_02_16_Instance_33509" type="identity">
            <class id="GO:0050909" label="sensory perception of taste"/>
            <span end="20872" id="15938754-12786" start="20867">taste</span>
        </annotation>
        <annotation annotator="Mike Bada, University of Colorado Anschutz Medical Campus" id="GO_BP_2016_02_16_with_nested_annotations_Instance_120172" type="identity">
            <class id="GO_SO_EXT:sequence_rearrangement_process" label="sequence rearrangement process"/>
            <span end="20956" id="15938754-12867" start="20942">recombinations</span>
        </annotation>
        <annotation annotator="Mike Bada, University of Colorado Anschutz Medical Campus" id="GO_BP_2016_02_16_with_nested_annotations_Instance_120174" type="identity">
            <class id="GO_SO_EXT:sequence_rearrangement_process" label="sequence rearrangement process"/>
            <span end="21055" id="15938754-12869" start="21041">recombinations</span>
        </annotation>
        <annotation annotator="Mike Bada, University of Colorado Anschutz Medical Campus" id="GO_BP_2016_02_16_Instance_150010" type="identity">
            <class id="GO_PATO_EXT:biological_behavior" label="biological behavior"/>
            <span end="21109" id="15938754-12603" start="21099">Behavioral</span>
        </annotation>
        <annotation annotator="Mike Bada, University of Colorado Anschutz Medical Campus" id="GO_BP_2016_02_16_Instance_33603" type="identity">
            <class id="GO:0050909" label="sensory perception of taste"/>
            <span end="21189" id="15938754-12830" start="21184">taste</span>
        </annotation>
        <annotation annotator="Mike Bada, University of Colorado Anschutz Medical Campus" id="GO_BP_2016_02_16_Instance_33605" type="identity">
            <class id="GO:0050916" label="sensory perception of sweet taste"/>
            <span end="21267" id="15938754-12832" start="21262">sweet</span>
            <span end="21283" id="15938754-12833" start="21278">taste</span>
        </annotation>
        <annotation annotator="Mike Bada, University of Colorado Anschutz Medical Campus" id="GO_BP_2016_02_16_Instance_33607" type="identity">
            <class id="GO:0050917" label="sensory perception of umami taste"/>
            <span end="21283" id="15938754-12835" start="21272">umami taste</span>
        </annotation>
        <annotation annotator="Mike Bada, University of Colorado Anschutz Medical Campus" id="GO_BP_2016_02_16_Instance_33511" type="identity">
            <class id="GO:0050909" label="sensory perception of taste"/>
            <span end="21431" id="15938754-12788" start="21426">taste</span>
        </annotation>
        <annotation annotator="Mike Bada, University of Colorado Anschutz Medical Campus" id="GO_BP_2016_02_16_Instance_33513" type="identity">
            <class id="GO:0050909" label="sensory perception of taste"/>
            <span end="21535" id="15938754-12790" start="21530">taste</span>
        </annotation>
        <annotation annotator="Mike Bada, University of Colorado Anschutz Medical Campus" id="GO_BP_2016_02_16_Instance_33609" type="identity">
            <class id="GO:0050913" label="sensory perception of bitter taste"/>
            <span end="21596" id="15938754-12837" start="21584">bitter taste</span>
        </annotation>
        <annotation annotator="Mike Bada, University of Colorado Anschutz Medical Campus" id="GO_BP_2016_02_16_Instance_150012" type="identity">
            <class id="GO_PATO_EXT:biological_behavior" label="biological behavior"/>
            <span end="21608" id="15938754-12605" start="21598">behavioral</span>
        </annotation>
        <annotation annotator="Mike Bada, University of Colorado Anschutz Medical Campus" id="GO_BP_2016_02_16_with_nested_annotations_Instance_21612" type="identity">
            <class id="GO_EXT:cell_communication_or_signaling_or_signal_transduction" label="cell communication, signaling or signal transduction"/>
            <span end="21698" id="15938754-12881" start="21689">signaling</span>
        </annotation>
        <annotation annotator="Mike Bada, University of Colorado Anschutz Medical Campus" id="GO_BP_2016_02_16_Instance_33515" type="identity">
            <class id="GO:0050909" label="sensory perception of taste"/>
            <span end="21895" id="15938754-12792" start="21890">taste</span>
        </annotation>
        <annotation annotator="Mike Bada, University of Colorado Anschutz Medical Campus" id="GO_BP_2016_02_16_Instance_33517" type="identity">
            <class id="GO:0050909" label="sensory perception of taste"/>
            <span end="22137" id="15938754-12794" start="22132">taste</span>
        </annotation>
        <annotation annotator="Mike Bada, University of Colorado Anschutz Medical Campus" id="GO_BP_2016_02_16_with_nested_annotations_Instance_1102" type="identity">
            <class id="GO_EXT:reaction_or_response" label="reaction/response"/>
            <span end="22147" id="15938754-12849" start="22138">responses</span>
        </annotation>
        <annotation annotator="Mike Bada, University of Colorado Anschutz Medical Campus" id="GO_BP_2016_02_16_with_nested_annotations_Instance_21614" type="identity">
            <class id="GO_EXT:cell_communication_or_signaling_or_signal_transduction" label="cell communication, signaling or signal transduction"/>
            <span end="22426" id="15938754-12883" start="22417">signaling</span>
        </annotation>
        <annotation annotator="Mike Bada, University of Colorado Anschutz Medical Campus" id="GO_BP_2016_02_16_with_nested_annotations_Instance_1104" type="identity">
            <class id="GO_EXT:reaction_or_response" label="reaction/response"/>
            <span end="22622" id="15938754-12851" start="22614">response</span>
        </annotation>
        <annotation annotator="Mike Bada, University of Colorado Anschutz Medical Campus" id="GO_BP_2016_02_16_Instance_30607" type="identity">
            <class id="GO:0050913" label="sensory perception of bitter taste"/>
            <span end="23712" id="15938754-12650" start="23698">bitter-tasting</span>
        </annotation>
        <annotation annotator="Mike Bada, University of Colorado Anschutz Medical Campus" id="GO_BP_2016_02_16_Instance_33519" type="identity">
            <class id="GO:0050909" label="sensory perception of taste"/>
            <span end="23753" id="15938754-12796" start="23748">taste</span>
        </annotation>
        <annotation annotator="Mike Bada, University of Colorado Anschutz Medical Campus" id="GO_BP_2016_02_16_Instance_33521" type="identity">
            <class id="GO:0050909" label="sensory perception of taste"/>
            <span end="23858" id="15938754-12798" start="23853">taste</span>
        </annotation>
        <annotation annotator="Mike Bada, University of Colorado Anschutz Medical Campus" id="GO_BP_2016_02_16_Instance_33523" type="identity">
            <class id="GO:0050909" label="sensory perception of taste"/>
            <span end="24097" id="15938754-12800" start="24092">taste</span>
        </annotation>
        <annotation annotator="Mike Bada, University of Colorado Anschutz Medical Campus" id="GO_BP_2016_02_16_Instance_33319" type="identity">
            <class id="GO:0010467" label="gene expression"/>
            <span end="24342" id="15938754-12694" start="24332">expressing</span>
        </annotation>
        <annotation annotator="Mike Bada, University of Colorado Anschutz Medical Campus" id="GO_BP_2016_02_16_Instance_33525" type="identity">
            <class id="GO:0050909" label="sensory perception of taste"/>
            <span end="24366" id="15938754-12802" start="24361">taste</span>
        </annotation>
        <annotation annotator="Mike Bada, University of Colorado Anschutz Medical Campus" id="GO_BP_2016_02_16_with_nested_annotations_Instance_1106" type="identity">
            <class id="GO_EXT:reaction_or_response" label="reaction/response"/>
            <span end="24383" id="15938754-12853" start="24376">respond</span>
        </annotation>
        <annotation annotator="Mike Bada, University of Colorado Anschutz Medical Campus" id="GO_BP_2016_02_16_Instance_150022" type="identity">
            <class id="GO_PATO_EXT:biological_behavior" label="biological behavior"/>
            <span end="24519" id="15938754-12607" start="24507">behaviorally</span>
        </annotation>
        <annotation annotator="Mike Bada, University of Colorado Anschutz Medical Campus" id="GO_BP_2016_02_16_with_nested_annotations_Instance_120176" type="identity">
            <class id="GO_SO_EXT:sequence_rearrangement_process" label="sequence rearrangement process"/>
            <span end="24644" id="15938754-12871" start="24633">recombinant</span>
        </annotation>
        <annotation annotator="Mike Bada, University of Colorado Anschutz Medical Campus" id="GO_BP_2016_02_16_with_nested_annotations_Instance_1686" type="identity">
            <class id="GO_EXT:breeding" label="breeding"/>
            <span end="24873" id="15938754-12873" start="24869">bred</span>
        </annotation>
        <annotation annotator="Mike Bada, University of Colorado Anschutz Medical Campus" id="GO_BP_2016_02_16_Instance_48125" type="identity">
            <class id="GO:0007618" label="mating"/>
            <span end="24885" id="15938754-12843" start="24879">mating</span>
        </annotation>
        <annotation annotator="Mike Bada, University of Colorado Anschutz Medical Campus" id="GO_BP_2016_02_16_Instance_33527" type="identity">
            <class id="GO:0050909" label="sensory perception of taste"/>
            <span end="25052" id="15938754-12804" start="25047">Taste</span>
        </annotation>
        <annotation annotator="Mike Bada, University of Colorado Anschutz Medical Campus" id="GO_BP_2016_02_16_Instance_33529" type="identity">
            <class id="GO:0050909" label="sensory perception of taste"/>
            <span end="25330" id="15938754-12806" start="25325">taste</span>
        </annotation>
        <annotation annotator="Mike Bada, University of Colorado Anschutz Medical Campus" id="GO_BP_2016_02_16_Instance_150024" type="identity">
            <class id="GO_PATO_EXT:biological_behavior" label="biological behavior"/>
            <span end="25503" id="15938754-12609" start="25493">behavioral</span>
        </annotation>
        <annotation annotator="Mike Bada, University of Colorado Anschutz Medical Campus" id="GO_BP_2016_02_16_Instance_33531" type="identity">
            <class id="GO:0050909" label="sensory perception of taste"/>
            <span end="26373" id="15938754-12808" start="26368">taste</span>
        </annotation>
        <annotation annotator="Mike Bada, University of Colorado Anschutz Medical Campus" id="GO_BP_2016_02_16_with_nested_annotations_Instance_20946" type="identity">
            <class id="GO_EXT:detection_or_sensing_of_stimulus" label="detection/sensing of stimulus"/>
            <span end="27518" id="15938754-12875" start="27511">sensory</span>
        </annotation>
        <annotation annotator="Mike Bada, University of Colorado Anschutz Medical Campus" id="GO_BP_2016_02_16_Instance_33533" type="identity">
            <class id="GO:0050909" label="sensory perception of taste"/>
            <span end="27733" id="15938754-12810" start="27728">taste</span>
        </annotation>
        <annotation annotator="Mike Bada, University of Colorado Anschutz Medical Campus" id="GO_BP_2016_02_16_Instance_33615" type="identity">
            <class id="GO:0007608" label="sensory perception of smell"/>
            <span end="27758" id="15938754-12839" start="27749">olfactory</span>
        </annotation>
        <annotation annotator="Mike Bada, University of Colorado Anschutz Medical Campus" id="GO_BP_2016_02_16_Instance_33535" type="identity">
            <class id="GO:0050909" label="sensory perception of taste"/>
            <span end="29899" id="15938754-12812" start="29894">taste</span>
        </annotation>
        <annotation annotator="Mike Bada, University of Colorado Anschutz Medical Campus" id="GO_BP_2016_02_16_Instance_150026" type="identity">
            <class id="GO_PATO_EXT:biological_behavior" label="biological behavior"/>
            <span end="30026" id="15938754-12611" start="30016">behavioral</span>
        </annotation>
        <annotation annotator="Mike Bada, University of Colorado Anschutz Medical Campus" id="GO_BP_2016_02_16_Instance_33537" type="identity">
            <class id="GO:0050909" label="sensory perception of taste"/>
            <span end="30113" id="15938754-12814" start="30108">taste</span>
        </annotation>
        <annotation annotator="Mike Bada, University of Colorado Anschutz Medical Campus" id="GO_BP_2016_02_16_Instance_30609" type="identity">
            <class id="GO:0050909" label="sensory perception of taste"/>
            <span end="30728" id="15938754-12652" start="30723">taste</span>
        </annotation>
        <annotation annotator="Mike Bada, University of Colorado Anschutz Medical Campus" id="GO_BP_2016_02_16_with_nested_annotations_Instance_40250" type="identity">
            <class id="CHEBI_GO_EXT:biological_process_or_quality_or_role" label="biological process, quality or role"/>
            <span end="31354" id="15938754-12908" start="31344">biological</span>
        </annotation>
        <annotation annotator="Mike Bada, University of Colorado Anschutz Medical Campus" id="GO_BP_2016_02_16_Instance_33539" type="identity">
            <class id="GO:0050909" label="sensory perception of taste"/>
            <span end="31479" id="15938754-12816" start="31474">taste</span>
        </annotation>
        <annotation annotator="Mike Bada, University of Colorado Anschutz Medical Campus" id="GO_BP_2016_02_16_Instance_150028" type="identity">
            <class id="GO_PATO_EXT:biological_behavior" label="biological behavior"/>
            <span end="31626" id="15938754-12613" start="31616">behavioral</span>
        </annotation>
        <graph-space id="Old Knowtator Relations"/>
    </document>
</knowtator-project>
