<?xml version="1.0" encoding="UTF-8" standalone="no"?>
<knowtator-project>
  <document id="16098226" text-file="16098226.txt">
    <annotation annotator="Mike Bada, University of Colorado Anschutz Medical Campus" id="GO_BP_2016_02_16_Instance_130000" type="identity">
      <class id="GO_EXT:transcription" label="transcription"/>
      <span end="178" id="16098226-12916" start="163">transcriptional</span>
    </annotation>
    <annotation annotator="Mike Bada, University of Colorado Anschutz Medical Campus" id="GO_BP_2016_02_16_Instance_140002" type="identity">
      <class id="GO_EXT:regulator" label="regulator"/>
      <span end="188" id="16098226-12918" start="179">regulator</span>
    </annotation>
    <annotation annotator="Mike Bada, University of Colorado Anschutz Medical Campus" id="GO_BP_2016_02_16_Instance_30189" type="identity">
      <class id="GO:0001654" label="eye development"/>
      <span end="214" id="16098226-12974" start="208">ocular</span>
      <span end="243" id="16098226-12975" start="232">development</span>
    </annotation>
    <annotation annotator="Mike Bada, University of Colorado Anschutz Medical Campus" id="GO_BP_2016_02_16_Instance_31971" type="identity">
      <class id="GO:0007399" label="nervous system development"/>
      <span end="243" id="16098226-12977" start="219">neurological development</span>
    </annotation>
    <annotation annotator="Mike Bada, University of Colorado Anschutz Medical Campus" id="GO_BP_2016_02_16_Instance_10017" type="identity">
      <class id="GO:0010467" label="gene expression"/>
      <span end="712" id="16098226-12912" start="703">expressed</span>
    </annotation>
    <annotation annotator="Mike Bada, University of Colorado Anschutz Medical Campus" id="GO_BP_2016_02_16_Instance_160004" type="identity">
      <class id="GO_EXT:transcription" label="transcription"/>
      <span end="1379" id="16098226-12920" start="1364">transcriptional</span>
    </annotation>
    <annotation annotator="Mike Bada, University of Colorado Anschutz Medical Campus" id="GO_BP_2016_02_16_Instance_170006" type="identity">
      <class id="GO_EXT:transcription" label="transcription"/>
      <span end="1612" id="16098226-12922" start="1597">transcriptional</span>
    </annotation>
    <annotation annotator="Mike Bada, University of Colorado Anschutz Medical Campus" id="GO_BP_2016_02_16_Instance_170008" type="identity">
      <class id="GO_EXT:regulator" label="regulator"/>
      <span end="1623" id="16098226-12924" start="1613">regulators</span>
    </annotation>
    <annotation annotator="Mike Bada, University of Colorado Anschutz Medical Campus" id="GO_BP_2016_02_16_Instance_32683" type="identity">
      <class id="GO:0001654" label="eye development"/>
      <span end="1658" id="16098226-13022" start="1652">ocular</span>
      <span end="1681" id="16098226-13023" start="1670">development</span>
    </annotation>
    <annotation annotator="Mike Bada, University of Colorado Anschutz Medical Campus" id="GO_BP_2016_02_16_Instance_32809" type="identity">
      <class id="GO:0007399" label="nervous system development"/>
      <span end="1681" id="16098226-13025" start="1663">neural development</span>
    </annotation>
    <annotation annotator="Mike Bada, University of Colorado Anschutz Medical Campus" id="GO_BP_2016_02_16_with_nested_annotations_Instance_22290" type="identity">
      <class id="GO_EXT:fatality_or_lethality" label="fatality/lethality"/>
      <span end="1990" id="16098226-13093" start="1984">lethal</span>
    </annotation>
    <annotation annotator="Mike Bada, University of Colorado Anschutz Medical Campus" id="GO_BP_2016_02_16_Instance_24515" type="identity">
      <class id="GO:0007608" label="sensory perception of smell"/>
      <span end="2097" id="16098226-12962" start="2088">olfactory</span>
    </annotation>
    <annotation annotator="Mike Bada, University of Colorado Anschutz Medical Campus" id="GO_BP_2016_02_16_Instance_45813" type="identity">
      <class id="GO:0007420" label="brain development"/>
      <span end="2184" id="16098226-13042" start="2167">brain development</span>
    </annotation>
    <annotation annotator="Mike Bada, University of Colorado Anschutz Medical Campus" id="GO_BP_2016_02_16_Instance_32981" type="identity">
      <class id="GO:0021905" label="forebrain-midbrain boundary formation"/>
      <span end="2309" id="16098226-13027" start="2297">formation of</span>
      <span end="2351" id="16098226-13028" start="2314">prosencephalon-mesencephalon boundary</span>
    </annotation>
    <annotation annotator="Mike Bada, University of Colorado Anschutz Medical Campus" id="GO_BP_2016_02_16_Instance_45815" type="identity">
      <class id="GO:0007411" label="axon guidance"/>
      <span end="2370" id="16098226-13044" start="2357">axon guidance</span>
    </annotation>
    <annotation annotator="Mike Bada, University of Colorado Anschutz Medical Campus" id="GO_BP_2016_02_16_Instance_240654" type="identity">
      <class id="GO_RO_EXT:developmental_differentiation_process" label="developmental differentiation process"/>
      <span end="2391" id="16098226-12956" start="2376">differentiation</span>
    </annotation>
    <annotation annotator="Mike Bada, University of Colorado Anschutz Medical Campus" id="GO_BP_2016_02_16_Instance_32605" type="identity">
      <class id="GO:0001764" label="neuron migration"/>
      <span end="2439" id="16098226-13005" start="2421">neuronal migration</span>
    </annotation>
    <annotation annotator="Mike Bada, University of Colorado Anschutz Medical Campus" id="GO_BP_2016_02_16_Instance_45817" type="identity">
      <class id="GO:0007420" label="brain development"/>
      <span end="2538" id="16098226-13046" start="2521">brain development</span>
    </annotation>
    <annotation annotator="Mike Bada, University of Colorado Anschutz Medical Campus" id="GO_BP_2016_02_16_Instance_33347" type="identity">
      <class id="GO:0007605" label="sensory perception of sound"/>
      <span end="3001" id="16098226-13030" start="2993">auditory</span>
    </annotation>
    <annotation annotator="Mike Bada, University of Colorado Anschutz Medical Campus" id="GO_BP_2016_02_16_with_nested_annotations_Instance_23432" type="identity">
      <class id="GO_EXT:biological_movement_or_translocation_process" label="biological movement/translocation process"/>
      <span end="3010" id="16098226-13099" start="3002">transfer</span>
    </annotation>
    <annotation annotator="Mike Bada, University of Colorado Anschutz Medical Campus" id="GO_BP_2016_02_16_Instance_170012" type="identity">
      <class id="GO_EXT:transcription" label="transcription"/>
      <span end="3449" id="16098226-12926" start="3434">transcriptional</span>
    </annotation>
    <annotation annotator="Mike Bada, University of Colorado Anschutz Medical Campus" id="GO_BP_2016_02_16_Instance_32597" type="identity">
      <class id="GO:0065007" label="biological regulation"/>
      <span end="3500" id="16098226-12999" start="3491">regulates</span>
    </annotation>
    <annotation annotator="Mike Bada, University of Colorado Anschutz Medical Campus" id="GO_BP_2016_02_16_Instance_10073" type="identity">
      <class id="GO:0010467" label="gene expression"/>
      <span end="3650" id="16098226-12914" start="3640">expression</span>
    </annotation>
    <annotation annotator="Mike Bada, University of Colorado Anschutz Medical Campus" id="GO_BP_2016_02_16_Instance_29231" type="identity">
      <class id="GO:0010467" label="gene expression"/>
      <span end="3903" id="16098226-12967" start="3893">expression</span>
    </annotation>
    <annotation annotator="Mike Bada, University of Colorado Anschutz Medical Campus" id="GO_BP_2016_02_16_Instance_240656" type="identity">
      <class id="GO_RO_EXT:developmental_differentiation_process" label="developmental differentiation process"/>
      <span end="4180" id="16098226-12958" start="4165">differentiation</span>
    </annotation>
    <annotation annotator="Mike Bada, University of Colorado Anschutz Medical Campus" id="GO_BP_2016_02_16_Instance_170014" type="identity">
      <class id="GO_EXT:transcription" label="transcription"/>
      <span end="4562" id="16098226-12928" start="4549">transcription</span>
    </annotation>
    <annotation annotator="Mike Bada, University of Colorado Anschutz Medical Campus" id="GO_BP_2016_02_16_Instance_32599" type="identity">
      <class id="GO:0065007" label="biological regulation"/>
      <span end="4751" id="16098226-13001" start="4741">regulatory</span>
    </annotation>
    <annotation annotator="Mike Bada, University of Colorado Anschutz Medical Campus" id="GO_BP_2016_02_16_Instance_170016" type="identity">
      <class id="GO_EXT:transcription" label="transcription"/>
      <span end="4785" id="16098226-12930" start="4772">transcription</span>
    </annotation>
    <annotation annotator="Mike Bada, University of Colorado Anschutz Medical Campus" id="GO_BP_2016_02_16_Instance_33819" type="identity">
      <class id="GO:0065007" label="biological regulation"/>
      <span end="4973" id="16098226-13032" start="4964">modulates</span>
    </annotation>
    <annotation annotator="Mike Bada, University of Colorado Anschutz Medical Campus" id="GO_BP_2016_02_16_with_nested_annotations_Instance_20328" type="identity">
      <class id="GO_EXT:neuron_development_or_generation" label="neuron development/generation"/>
      <span end="5017" id="16098226-13066" start="4997">neuronal development</span>
    </annotation>
    <annotation annotator="Mike Bada, University of Colorado Anschutz Medical Campus" id="GO_BP_2016_02_16_Instance_29233" type="identity">
      <class id="GO:0010467" label="gene expression"/>
      <span end="5108" id="16098226-12969" start="5095">expression of</span>
      <span end="5137" id="16098226-12970" start="5133">gene</span>
    </annotation>
    <annotation annotator="Mike Bada, University of Colorado Anschutz Medical Campus" id="GO_BP_2016_02_16_Instance_241482" type="identity">
      <class id="GO_EXT:biological_movement_or_translocation_process" label="biological movement/translocation process"/>
      <span end="9580" id="16098226-12960" start="9575">motor</span>
    </annotation>
    <annotation annotator="Mike Bada, University of Colorado Anschutz Medical Campus" id="GO_BP_2016_02_16_Instance_32607" type="identity">
      <class id="GO:0006886" label="intracellular protein transport"/>
      <span end="9689" id="16098226-13007" start="9652">intracellular trafficking of proteins</span>
    </annotation>
    <annotation annotator="Mike Bada, University of Colorado Anschutz Medical Campus" id="GO_BP_2016_02_16_with_nested_annotations_Instance_20466" type="identity">
      <class id="GO:0051656" label="establishment of organelle localization"/>
      <span end="9680" id="16098226-13074" start="9666">trafficking of</span>
      <span end="9704" id="16098226-13075" start="9694">organelles</span>
    </annotation>
    <annotation annotator="Mike Bada, University of Colorado Anschutz Medical Campus" id="GO_BP_2016_02_16_Instance_29235" type="identity">
      <class id="GO:0010467" label="gene expression"/>
      <span end="10334" id="16098226-12972" start="10324">expression</span>
    </annotation>
    <annotation annotator="Mike Bada, University of Colorado Anschutz Medical Campus" id="GO_BP_2016_02_16_Instance_32395" type="identity">
      <class id="GO:0010467" label="gene expression"/>
      <span end="10973" id="16098226-12979" start="10964">expressed</span>
    </annotation>
    <annotation annotator="Mike Bada, University of Colorado Anschutz Medical Campus" id="GO_BP_2016_02_16_Instance_32409" type="identity">
      <class id="GO:0010467" label="gene expression"/>
      <span end="12222" id="16098226-12981" start="12212">expression</span>
    </annotation>
    <annotation annotator="Mike Bada, University of Colorado Anschutz Medical Campus" id="GO_BP_2016_02_16_with_nested_annotations_Instance_80314" type="identity">
      <class id="GO_EXT:biological_growth_entity_or_process" label="biological growth entity or process"/>
      <span end="12734" id="16098226-13103" start="12728">growth</span>
    </annotation>
    <annotation annotator="Mike Bada, University of Colorado Anschutz Medical Campus" id="GO_BP_2016_02_16_Instance_170018" type="identity">
      <class id="GO_SO_EXT:frameshift_entity_or_process" label="frameshift entity or process"/>
      <span end="15580" id="16098226-12932" start="15566">frame-shifting</span>
    </annotation>
    <annotation annotator="Mike Bada, University of Colorado Anschutz Medical Campus" id="GO_BP_2016_02_16_Instance_23541" type="identity">
      <class id="GO:0006451" label="translational readthrough"/>
      <span end="15681" id="16098226-12954" start="15655">translational read-through</span>
    </annotation>
    <annotation annotator="Mike Bada, University of Colorado Anschutz Medical Campus" id="GO_BP_2016_02_16_Instance_170020" type="identity">
      <class id="GO:0006412" label="translation"/>
      <span end="15706" id="16098226-12934" start="15696">translated</span>
    </annotation>
    <annotation annotator="Mike Bada, University of Colorado Anschutz Medical Campus" id="GO_BP_2016_02_16_Instance_45823" type="identity">
      <class id="GO:0050890" label="cognition"/>
      <span end="15948" id="16098226-13048" start="15939">cognition</span>
    </annotation>
    <annotation annotator="Mike Bada, University of Colorado Anschutz Medical Campus" id="GO_BP_2016_02_16_Instance_170022" type="identity">
      <class id="GO:0006412" label="translation"/>
      <span end="16476" id="16098226-12936" start="16466">translated</span>
    </annotation>
    <annotation annotator="Mike Bada, University of Colorado Anschutz Medical Campus" id="GO_BP_2016_02_16_Instance_34095" type="identity">
      <class id="GO:0007608" label="sensory perception of smell"/>
      <span end="16651" id="16098226-13034" start="16642">olfactory</span>
    </annotation>
    <annotation annotator="Mike Bada, University of Colorado Anschutz Medical Campus" id="GO_BP_2016_02_16_with_nested_annotations_Instance_22040" type="identity">
      <class id="GO_EXT:biological_release" label="biological release"/>
      <span end="18700" id="16098226-13087" start="18693">release</span>
    </annotation>
    <annotation annotator="Mike Bada, University of Colorado Anschutz Medical Campus" id="GO_BP_2016_02_16_Instance_32419" type="identity">
      <class id="GO:0010467" label="gene expression"/>
      <span end="18830" id="16098226-12983" start="18821">expressed</span>
    </annotation>
    <annotation annotator="Mike Bada, University of Colorado Anschutz Medical Campus" id="GO_BP_2016_02_16_with_nested_annotations_Instance_21620" type="identity">
      <class id="GO_EXT:cell_communication_or_signaling_or_signal_transduction" label="cell communication, signaling or signal transduction"/>
      <span end="18887" id="16098226-13079" start="18877">signalling</span>
    </annotation>
    <annotation annotator="Mike Bada, University of Colorado Anschutz Medical Campus" id="GO_BP_2016_02_16_with_nested_annotations_Instance_20468" type="identity">
      <class id="GO_EXT:biological_routing_or_transport" label="biological routing/transport"/>
      <span end="18912" id="16098226-13077" start="18901">trafficking</span>
    </annotation>
    <annotation annotator="Mike Bada, University of Colorado Anschutz Medical Campus" id="GO_BP_2016_02_16_Instance_45825" type="identity">
      <class id="GO:0007411" label="axon guidance"/>
      <span end="19063" id="16098226-13050" start="19050">axon guidance</span>
    </annotation>
    <annotation annotator="Mike Bada, University of Colorado Anschutz Medical Campus" id="GO_BP_2016_02_16_Instance_45827" type="identity">
      <class id="GO:0007420" label="brain development"/>
      <span end="19088" id="16098226-13052" start="19071">brain development</span>
    </annotation>
    <annotation annotator="Mike Bada, University of Colorado Anschutz Medical Campus" id="GO_BP_2016_02_16_Instance_45829" type="identity">
      <class id="GO:0046907" label="intracellular transport"/>
      <span end="19145" id="16098226-13054" start="19122">intracellular transport</span>
    </annotation>
    <annotation annotator="Mike Bada, University of Colorado Anschutz Medical Campus" id="GO_BP_2016_02_16_Instance_24945" type="identity">
      <class id="GO:0007018" label="microtubule-based movement"/>
      <span end="19250" id="16098226-12964" start="19233">microtubule-based</span>
      <span end="19275" id="16098226-12965" start="19267">movement</span>
    </annotation>
    <annotation annotator="Mike Bada, University of Colorado Anschutz Medical Campus" id="GO_BP_2016_02_16_Instance_170028" type="identity">
      <class id="GO:0051650" label="establishment of vesicle localization"/>
      <span end="19275" id="16098226-12938" start="19267">movement</span>
      <span end="19291" id="16098226-12939" start="19289">of</span>
      <span end="19325" id="16098226-12940" start="19317">vesicles</span>
    </annotation>
    <annotation annotator="Mike Bada, University of Colorado Anschutz Medical Campus" id="GO_BP_2016_02_16_Instance_32617" type="identity">
      <class id="GO:0015031" label="protein transport"/>
      <span end="19275" id="16098226-13009" start="19267">movement</span>
      <span end="19300" id="16098226-13010" start="19289">of proteins</span>
    </annotation>
    <annotation annotator="Mike Bada, University of Colorado Anschutz Medical Campus" id="GO_BP_2016_02_16_Instance_32619" type="identity">
      <class id="GO:0043161" label="proteasome-mediated ubiquitin-dependent protein catabolic process"/>
      <span end="20075" id="16098226-13012" start="20034">ubiqutin-mediated proteasomal degradation</span>
    </annotation>
    <annotation annotator="Mike Bada, University of Colorado Anschutz Medical Campus" id="GO_BP_2016_02_16_with_nested_annotations_Instance_21622" type="identity">
      <class id="GO:0099536" label="synaptic signaling"/>
      <span end="20356" id="16098226-13081" start="20337">synaptic signalling</span>
    </annotation>
    <annotation annotator="Mike Bada, University of Colorado Anschutz Medical Campus" id="GO_BP_2016_02_16_Instance_45831" type="identity">
      <class id="GO:0010467" label="gene expression"/>
      <span end="20390" id="16098226-13056" start="20375">gene expression</span>
    </annotation>
    <annotation annotator="Mike Bada, University of Colorado Anschutz Medical Campus" id="GO_BP_2016_02_16_with_nested_annotations_Instance_10390" type="identity">
      <class id="GO:0051235" label="maintenance of location"/>
      <span end="20427" id="16098226-13064" start="20416">sequestered</span>
    </annotation>
    <annotation annotator="Mike Bada, University of Colorado Anschutz Medical Campus" id="GO_BP_2016_02_16_with_nested_annotations_Instance_22042" type="identity">
      <class id="GO_EXT:biological_release" label="biological release"/>
      <span end="20551" id="16098226-13089" start="20543">released</span>
    </annotation>
    <annotation annotator="Mike Bada, University of Colorado Anschutz Medical Campus" id="GO_BP_2016_02_16_with_nested_annotations_Instance_20362" type="identity">
      <class id="GO_EXT:biological_routing_or_transport" label="biological routing/transport"/>
      <span end="20699" id="16098226-13068" start="20690">transport</span>
    </annotation>
    <annotation annotator="Mike Bada, University of Colorado Anschutz Medical Campus" id="GO_BP_2016_02_16_with_nested_annotations_Instance_20364" type="identity">
      <class id="GO_EXT:biological_routing_or_transport" label="biological routing/transport"/>
      <span end="20781" id="16098226-13070" start="20772">transport</span>
    </annotation>
    <annotation annotator="Mike Bada, University of Colorado Anschutz Medical Campus" id="GO_BP_2016_02_16_Instance_32623" type="identity">
      <class id="GO:0030163" label="protein catabolic process"/>
      <span end="20900" id="16098226-13014" start="20881">protein degradation</span>
    </annotation>
    <annotation annotator="Mike Bada, University of Colorado Anschutz Medical Campus" id="GO_BP_2016_02_16_Instance_170034" type="identity">
      <class id="GO_EXT:transcription" label="transcription"/>
      <span end="20996" id="16098226-12942" start="20983">transcription</span>
    </annotation>
    <annotation annotator="Mike Bada, University of Colorado Anschutz Medical Campus" id="GO_BP_2016_02_16_with_nested_annotations_Instance_230" type="identity">
      <class id="GO_PATO_EXT:biological_localization_process_or_quality" label="biological localization process or quality"/>
      <span end="21482" id="16098226-13095" start="21470">localisation</span>
    </annotation>
    <annotation annotator="Mike Bada, University of Colorado Anschutz Medical Campus" id="GO_BP_2016_02_16_with_nested_annotations_Instance_232" type="identity">
      <class id="GO_PATO_EXT:biological_localization_process_or_quality" label="biological localization process or quality"/>
      <span end="21615" id="16098226-13097" start="21603">localisation</span>
    </annotation>
    <annotation annotator="Mike Bada, University of Colorado Anschutz Medical Campus" id="GO_BP_2016_02_16_with_nested_annotations_Instance_234" type="identity">
      <class id="GO_PATO_EXT:biological_localization_process_or_quality" label="biological localization process or quality"/>
      <span end="21800" id="16098226-13101" start="21788">localisation</span>
    </annotation>
    <annotation annotator="Mike Bada, University of Colorado Anschutz Medical Campus" id="GO_BP_2016_02_16_Instance_32425" type="identity">
      <class id="GO:0010467" label="gene expression"/>
      <span end="22048" id="16098226-12985" start="22038">expression</span>
    </annotation>
    <annotation annotator="Mike Bada, University of Colorado Anschutz Medical Campus" id="GO_BP_2016_02_16_Instance_32427" type="identity">
      <class id="GO:0010467" label="gene expression"/>
      <span end="22237" id="16098226-12987" start="22227">expression</span>
    </annotation>
    <annotation annotator="Mike Bada, University of Colorado Anschutz Medical Campus" id="GO_BP_2016_02_16_Instance_32429" type="identity">
      <class id="GO:0010467" label="gene expression"/>
      <span end="22297" id="16098226-12989" start="22287">expression</span>
    </annotation>
    <annotation annotator="Mike Bada, University of Colorado Anschutz Medical Campus" id="GO_BP_2016_02_16_Instance_32439" type="identity">
      <class id="GO:0010467" label="gene expression"/>
      <span end="22399" id="16098226-12991" start="22389">expression</span>
    </annotation>
    <annotation annotator="Mike Bada, University of Colorado Anschutz Medical Campus" id="GO_BP_2016_02_16_Instance_170036" type="identity">
      <class id="GO_EXT:reverse_transcription_or_reverse_transcriptase" label="reverse transcription or reverse transcriptase"/>
      <span end="22439" id="16098226-12944" start="22437">RT</span>
    </annotation>
    <annotation annotator="Mike Bada, University of Colorado Anschutz Medical Campus" id="GO_BP_2016_02_16_Instance_45833" type="identity">
      <class id="GO:0006412" label="translation"/>
      <span end="23066" id="16098226-13058" start="23055">translation</span>
    </annotation>
    <annotation annotator="Mike Bada, University of Colorado Anschutz Medical Campus" id="GO_BP_2016_02_16_Instance_170038" type="identity">
      <class id="GO:0006412" label="translation"/>
      <span end="23091" id="16098226-12946" start="23081">translated</span>
    </annotation>
    <annotation annotator="Mike Bada, University of Colorado Anschutz Medical Campus" id="GO_BP_2016_02_16_Instance_34271" type="identity">
      <class id="GO:0000184" label="nuclear-transcribed mRNA catabolic process, nonsense-mediated decay"/>
      <span end="23961" id="16098226-13036" start="23938">nonsense-mediated decay</span>
    </annotation>
    <annotation annotator="Mike Bada, University of Colorado Anschutz Medical Campus" id="GO_BP_2016_02_16_with_nested_annotations_Instance_21624" type="identity">
      <class id="GO_EXT:cell_communication_or_signaling_or_signal_transduction" label="cell communication, signaling or signal transduction"/>
      <span end="24358" id="16098226-13083" start="24348">signalling</span>
    </annotation>
    <annotation annotator="Mike Bada, University of Colorado Anschutz Medical Campus" id="GO_BP_2016_02_16_with_nested_annotations_Instance_20366" type="identity">
      <class id="GO_EXT:biological_routing_or_transport" label="biological routing/transport"/>
      <span end="24372" id="16098226-13072" start="24363">transport</span>
    </annotation>
    <annotation annotator="Mike Bada, University of Colorado Anschutz Medical Campus" id="GO_BP_2016_02_16_Instance_34273" type="identity">
      <class id="GO:0007399" label="nervous system development"/>
      <span end="24710" id="16098226-13038" start="24692">neurodevelopmental</span>
    </annotation>
    <annotation annotator="Mike Bada, University of Colorado Anschutz Medical Campus" id="GO_BP_2016_02_16_Instance_170044" type="identity">
      <class id="GO_EXT:transcription" label="transcription"/>
      <span end="24726" id="16098226-12948" start="24711">transcriptional</span>
    </annotation>
    <annotation annotator="Mike Bada, University of Colorado Anschutz Medical Campus" id="GO_BP_2016_02_16_Instance_170046" type="identity">
      <class id="GO_EXT:regulator" label="regulator"/>
      <span end="24736" id="16098226-12950" start="24727">regulator</span>
    </annotation>
    <annotation annotator="Mike Bada, University of Colorado Anschutz Medical Campus" id="GO_BP_2016_02_16_with_nested_annotations_Instance_21626" type="identity">
      <class id="GO:0099536" label="synaptic signaling"/>
      <span end="24888" id="16098226-13085" start="24869">synaptic signalling</span>
    </annotation>
    <annotation annotator="Mike Bada, University of Colorado Anschutz Medical Campus" id="GO_BP_2016_02_16_Instance_32601" type="identity">
      <class id="GO:0065007" label="biological regulation"/>
      <span end="24912" id="16098226-13003" start="24903">regulated</span>
    </annotation>
    <annotation annotator="Mike Bada, University of Colorado Anschutz Medical Campus" id="GO_BP_2016_02_16_Instance_45837" type="identity">
      <class id="GO:0010467" label="gene expression"/>
      <span end="24939" id="16098226-13060" start="24924">gene expression</span>
    </annotation>
    <annotation annotator="Mike Bada, University of Colorado Anschutz Medical Campus" id="GO_BP_2016_02_16_Instance_32445" type="identity">
      <class id="GO:0010467" label="gene expression"/>
      <span end="25812" id="16098226-12993" start="25802">expression</span>
    </annotation>
    <annotation annotator="Mike Bada, University of Colorado Anschutz Medical Campus" id="GO_BP_2016_02_16_Instance_170048" type="identity">
      <class id="GO:0001171" label="reverse transcription"/>
      <span end="27085" id="16098226-12952" start="27066">reverse transcribed</span>
    </annotation>
    <annotation annotator="Mike Bada, University of Colorado Anschutz Medical Campus" id="GO_BP_2016_02_16_with_nested_annotations_Instance_22044" type="identity">
      <class id="GO_EXT:biological_release" label="biological release"/>
      <span end="27324" id="16098226-13091" start="27317">release</span>
    </annotation>
    <annotation annotator="Mike Bada, University of Colorado Anschutz Medical Campus" id="GO_BP_2016_02_16_with_nested_annotations_Instance_80316" type="identity">
      <class id="GO_EXT:biological_growth_entity_or_process" label="biological growth entity or process"/>
      <span end="27998" id="16098226-13105" start="27992">growth</span>
    </annotation>
    <annotation annotator="Mike Bada, University of Colorado Anschutz Medical Campus" id="GO_BP_2016_02_16_with_nested_annotations_Instance_80318" type="identity">
      <class id="GO_EXT:biological_growth_entity_or_process" label="biological growth entity or process"/>
      <span end="28066" id="16098226-13107" start="28060">growth</span>
    </annotation>
    <annotation annotator="Mike Bada, University of Colorado Anschutz Medical Campus" id="GO_BP_2016_02_16_with_nested_annotations_Instance_80320" type="identity">
      <class id="GO_EXT:biological_growth_entity_or_process" label="biological growth entity or process"/>
      <span end="28151" id="16098226-13109" start="28145">growth</span>
    </annotation>
    <annotation annotator="Mike Bada, University of Colorado Anschutz Medical Campus" id="GO_BP_2016_02_16_Instance_32637" type="identity">
      <class id="GO:0009294" label="DNA mediated transformation"/>
      <span end="28543" id="16098226-13016" start="28532">transformed</span>
    </annotation>
    <annotation annotator="Mike Bada, University of Colorado Anschutz Medical Campus" id="GO_BP_2016_02_16_with_nested_annotations_Instance_10172" type="identity">
      <class id="GO_EXT:transfectant_or_tranformant" label="transfectant/transformant"/>
      <span end="28634" id="16098226-13062" start="28621">Transformants</span>
    </annotation>
    <annotation annotator="Mike Bada, University of Colorado Anschutz Medical Campus" id="GO_BP_2016_02_16_Instance_32639" type="identity">
      <class id="GO:0009294" label="DNA mediated transformation"/>
      <span end="29007" id="16098226-13018" start="28995">transforming</span>
    </annotation>
    <annotation annotator="Mike Bada, University of Colorado Anschutz Medical Campus" id="GO_BP_2016_02_16_Instance_32455" type="identity">
      <class id="GO:0010467" label="gene expression"/>
      <span end="29657" id="16098226-12995" start="29647">expression</span>
    </annotation>
    <annotation annotator="Mike Bada, University of Colorado Anschutz Medical Campus" id="GO_BP_2016_02_16_Instance_32461" type="identity">
      <class id="GO:0010467" label="gene expression"/>
      <span end="29860" id="16098226-12997" start="29851">expressed</span>
    </annotation>
    <annotation annotator="Mike Bada, University of Colorado Anschutz Medical Campus" id="GO_BP_2016_02_16_Instance_32643" type="identity">
      <class id="GO:0008380" label="RNA splicing"/>
      <span end="29975" id="16098226-13020" start="29968">spliced</span>
    </annotation>
    <annotation annotator="Mike Bada, University of Colorado Anschutz Medical Campus" id="GO_BP_2016_02_16_Instance_34281" type="identity">
      <class id="GO:0007601" label="visual perception"/>
      <span end="31501" id="16098226-13040" start="31496">Sight</span>
    </annotation>
    <graph-space id="Old Knowtator Relations"/>
  </document>
</knowtator-project>
