<?xml version="1.0" encoding="UTF-8" standalone="no"?>
<knowtator-project>
  <document id="16103912" text-file="16103912.txt">
    <annotation annotator="Mike Bada, University of Colorado Anschutz Medical Campus" id="GO_BP_2016_02_16_Instance_170050" type="identity">
      <class id="GO:0060539" label="diaphragm development"/>
      <span end="37" id="16103912-13114" start="28">Diaphragm</span>
      <span end="58" id="16103912-13115" start="47">Development</span>
    </annotation>
    <annotation annotator="Mike Bada, University of Colorado Anschutz Medical Campus" id="GO_BP_2016_02_16_Instance_55321" type="identity">
      <class id="GO:0030324" label="lung development"/>
      <span end="58" id="16103912-13396" start="42">Lung Development</span>
    </annotation>
    <annotation annotator="Mike Bada, University of Colorado Anschutz Medical Campus" id="GO_BP_2016_02_16_Instance_170052" type="identity">
      <class id="GO:0060539" label="diaphragm development"/>
      <span end="489" id="16103912-13117" start="464">diaphragmatic development</span>
    </annotation>
    <annotation annotator="Mike Bada, University of Colorado Anschutz Medical Campus" id="GO_BP_2016_02_16_with_nested_annotations_Instance_120184" type="identity">
      <class id="GO_SO_EXT:sequence_rearrangement_process" label="sequence rearrangement process"/>
      <span end="531" id="16103912-13416" start="520">recombinant</span>
    </annotation>
    <annotation annotator="Mike Bada, University of Colorado Anschutz Medical Campus" id="GO_BP_2016_02_16_Instance_34389" type="identity">
      <class id="GO:0008380" label="RNA splicing"/>
      <span end="654" id="16103912-13311" start="648">splice</span>
    </annotation>
    <annotation annotator="Mike Bada, University of Colorado Anschutz Medical Campus" id="GO_BP_2016_02_16_Instance_34415" type="identity">
      <class id="GO:0016265" label="death"/>
      <span end="944" id="16103912-13327" start="940">died</span>
    </annotation>
    <annotation annotator="Mike Bada, University of Colorado Anschutz Medical Campus" id="GO_BP_2016_02_16_Instance_170054" type="identity">
      <class id="GO_EXT:muscle_structure_or_tissue_development" label="muscle structure or tissue development"/>
      <span end="1051" id="16103912-13119" start="1039">muscularized</span>
    </annotation>
    <annotation annotator="Mike Bada, University of Colorado Anschutz Medical Campus" id="GO_BP_2016_02_16_Instance_55323" type="identity">
      <class id="GO:0030324" label="lung development"/>
      <span end="1181" id="16103912-13398" start="1165">lung development</span>
    </annotation>
    <annotation annotator="Mike Bada, University of Colorado Anschutz Medical Campus" id="GO_BP_2016_02_16_Instance_33899" type="identity">
      <class id="GO:0030324" label="lung development"/>
      <span end="1385" id="16103912-13290" start="1364">pulmonary development</span>
    </annotation>
    <annotation annotator="Mike Bada, University of Colorado Anschutz Medical Campus" id="GO_BP_2016_02_16_Instance_32369" type="identity">
      <class id="GO:0030324" label="lung development"/>
      <span end="1507" id="16103912-13248" start="1484">pulmonary developmental</span>
    </annotation>
    <annotation annotator="Mike Bada, University of Colorado Anschutz Medical Campus" id="GO_BP_2016_02_16_Instance_34443" type="identity">
      <class id="GO:0007567" label="parturition"/>
      <span end="1541" id="16103912-13345" start="1536">Birth</span>
    </annotation>
    <annotation annotator="Mike Bada, University of Colorado Anschutz Medical Campus" id="GO_BP_2016_02_16_Instance_34471" type="identity">
      <class id="GO:0007567" label="parturition"/>
      <span end="1721" id="16103912-13371" start="1717">born</span>
    </annotation>
    <annotation annotator="Mike Bada, University of Colorado Anschutz Medical Campus" id="GO_BP_2016_02_16_Instance_34417" type="identity">
      <class id="GO:0016265" label="death"/>
      <span end="1784" id="16103912-13329" start="1781">die</span>
    </annotation>
    <annotation annotator="Mike Bada, University of Colorado Anschutz Medical Campus" id="GO_BP_2016_02_16_Instance_34175" type="identity">
      <class id="GO:0030324" label="lung development"/>
      <span end="2028" id="16103912-13302" start="2014">development of</span>
      <span end="2042" id="16103912-13303" start="2038">lung</span>
    </annotation>
    <annotation annotator="Mike Bada, University of Colorado Anschutz Medical Campus" id="GO_BP_2016_02_16_Instance_170056" type="identity">
      <class id="GO:0060539" label="diaphragm development"/>
      <span end="2028" id="16103912-13121" start="2014">development of</span>
      <span end="2060" id="16103912-13122" start="2051">diaphragm</span>
    </annotation>
    <annotation annotator="Mike Bada, University of Colorado Anschutz Medical Campus" id="GO_BP_2016_02_16_Instance_170058" type="identity">
      <class id="GO:0060539" label="diaphragm development"/>
      <span end="2259" id="16103912-13124" start="2238">diaphragm development</span>
    </annotation>
    <annotation annotator="Mike Bada, University of Colorado Anschutz Medical Campus" id="GO_BP_2016_02_16_Instance_34419" type="identity">
      <class id="GO:0016265" label="death"/>
      <span end="2557" id="16103912-13331" start="2553">died</span>
    </annotation>
    <annotation annotator="Mike Bada, University of Colorado Anschutz Medical Campus" id="GO_BP_2016_02_16_Instance_170060" type="identity">
      <class id="GO:0060539" label="diaphragm development"/>
      <span end="2728" id="16103912-13126" start="2719">diaphragm</span>
      <span end="2749" id="16103912-13127" start="2738">development</span>
    </annotation>
    <annotation annotator="Mike Bada, University of Colorado Anschutz Medical Campus" id="GO_BP_2016_02_16_Instance_55325" type="identity">
      <class id="GO:0030324" label="lung development"/>
      <span end="2749" id="16103912-13400" start="2733">lung development</span>
    </annotation>
    <annotation annotator="Mike Bada, University of Colorado Anschutz Medical Campus" id="GO_BP_2016_02_16_Instance_34445" type="identity">
      <class id="GO:0007567" label="parturition"/>
      <span end="3058" id="16103912-13347" start="3053">birth</span>
    </annotation>
    <annotation annotator="Mike Bada, University of Colorado Anschutz Medical Campus" id="GO_BP_2016_02_16_Instance_34449" type="identity">
      <class id="GO:0007567" label="parturition"/>
      <span end="3290" id="16103912-13349" start="3285">birth</span>
    </annotation>
    <annotation annotator="Mike Bada, University of Colorado Anschutz Medical Campus" id="GO_BP_2016_02_16_Instance_170062" type="identity">
      <class id="GO_EXT:muscle_structure_or_tissue_development" label="muscle structure or tissue development"/>
      <span end="3347" id="16103912-13129" start="3332">muscularization</span>
    </annotation>
    <annotation annotator="Mike Bada, University of Colorado Anschutz Medical Campus" id="GO_BP_2016_02_16_Instance_170064" type="identity">
      <class id="GO:0016265" label="death"/>
      <span end="3548" id="16103912-13131" start="3542">mortem</span>
    </annotation>
    <annotation annotator="Mike Bada, University of Colorado Anschutz Medical Campus" id="GO_BP_2016_02_16_Instance_55327" type="identity">
      <class id="GO:0016265" label="death"/>
      <span end="4087" id="16103912-13402" start="4081">deaths</span>
    </annotation>
    <annotation annotator="Mike Bada, University of Colorado Anschutz Medical Campus" id="GO_BP_2016_02_16_Instance_34451" type="identity">
      <class id="GO:0007567" label="parturition"/>
      <span end="4102" id="16103912-13351" start="4097">birth</span>
    </annotation>
    <annotation annotator="Mike Bada, University of Colorado Anschutz Medical Campus" id="GO_BP_2016_02_16_with_nested_annotations_Instance_23434" type="identity">
      <class id="GO_EXT:biological_movement_or_translocation_process" label="biological movement/translocation process"/>
      <span end="4117" id="16103912-13456" start="4109">transfer</span>
    </annotation>
    <annotation annotator="Mike Bada, University of Colorado Anschutz Medical Campus" id="GO_BP_2016_02_16_Instance_34453" type="identity">
      <class id="GO:0007567" label="parturition"/>
      <span end="4226" id="16103912-13353" start="4221">birth</span>
    </annotation>
    <annotation annotator="Mike Bada, University of Colorado Anschutz Medical Campus" id="GO_BP_2016_02_16_with_nested_annotations_Instance_24113" type="identity">
      <class id="GO:0015671" label="oxygen transport"/>
      <span end="4394" id="16103912-13458" start="4383">oxygenation</span>
    </annotation>
    <annotation annotator="Mike Bada, University of Colorado Anschutz Medical Campus" id="GO_BP_2016_02_16_Instance_33809" type="identity">
      <class id="GO:0050890" label="cognition"/>
      <span end="4689" id="16103912-13280" start="4680">cognitive</span>
    </annotation>
    <annotation annotator="Mike Bada, University of Colorado Anschutz Medical Campus" id="GO_BP_2016_02_16_Instance_34497" type="identity">
      <class id="GO:0050905" label="neuromuscular process"/>
      <span end="4704" id="16103912-13373" start="4694">neuromotor</span>
    </annotation>
    <annotation annotator="Mike Bada, University of Colorado Anschutz Medical Campus" id="GO_BP_2016_02_16_Instance_34499" type="identity">
      <class id="GO:0007605" label="sensory perception of sound"/>
      <span end="4726" id="16103912-13375" start="4719">hearing</span>
    </annotation>
    <annotation annotator="Mike Bada, University of Colorado Anschutz Medical Campus" id="GO_BP_2016_02_16_Instance_170066" type="identity">
      <class id="GO:0060539" label="diaphragm development"/>
      <span end="5341" id="16103912-13133" start="5316">diaphragmatic development</span>
    </annotation>
    <annotation annotator="Mike Bada, University of Colorado Anschutz Medical Campus" id="GO_BP_2016_02_16_with_nested_annotations_Instance_22292" type="identity">
      <class id="GO_EXT:fatality_or_lethality" label="fatality/lethality"/>
      <span end="5501" id="16103912-13440" start="5495">lethal</span>
    </annotation>
    <annotation annotator="Mike Bada, University of Colorado Anschutz Medical Campus" id="GO_BP_2016_02_16_Instance_34455" type="identity">
      <class id="GO:0007567" label="parturition"/>
      <span end="5613" id="16103912-13355" start="5608">birth</span>
    </annotation>
    <annotation annotator="Mike Bada, University of Colorado Anschutz Medical Campus" id="GO_BP_2016_02_16_Instance_170068" type="identity">
      <class id="GO:0007567" label="parturition"/>
      <span end="5877" id="16103912-13135" start="5872">natal</span>
    </annotation>
    <annotation annotator="Mike Bada, University of Colorado Anschutz Medical Campus" id="GO_BP_2016_02_16_Instance_170070" type="identity">
      <class id="GO:0060539" label="diaphragm development"/>
      <span end="6039" id="16103912-13137" start="6026">diaphragmatic</span>
      <span end="6063" id="16103912-13138" start="6052">development</span>
    </annotation>
    <annotation annotator="Mike Bada, University of Colorado Anschutz Medical Campus" id="GO_BP_2016_02_16_Instance_34189" type="identity">
      <class id="GO:0007507" label="heart development"/>
      <span end="6063" id="16103912-13305" start="6044">cardiac development</span>
    </annotation>
    <annotation annotator="Mike Bada, University of Colorado Anschutz Medical Campus" id="GO_BP_2016_02_16_Instance_34391" type="identity">
      <class id="GO:0008380" label="RNA splicing"/>
      <span end="6190" id="16103912-13313" start="6184">splice</span>
    </annotation>
    <annotation annotator="Mike Bada, University of Colorado Anschutz Medical Campus" id="GO_BP_2016_02_16_Instance_34421" type="identity">
      <class id="GO:0016265" label="death"/>
      <span end="6461" id="16103912-13333" start="6457">died</span>
    </annotation>
    <annotation annotator="Mike Bada, University of Colorado Anschutz Medical Campus" id="GO_BP_2016_02_16_Instance_34457" type="identity">
      <class id="GO:0007567" label="parturition"/>
      <span end="6470" id="16103912-13357" start="6465">birth</span>
    </annotation>
    <annotation annotator="Mike Bada, University of Colorado Anschutz Medical Campus" id="GO_BP_2016_02_16_Instance_34459" type="identity">
      <class id="GO:0007567" label="parturition"/>
      <span end="7917" id="16103912-13359" start="7912">birth</span>
    </annotation>
    <annotation annotator="Mike Bada, University of Colorado Anschutz Medical Campus" id="GO_BP_2016_02_16_Instance_170076" type="identity">
      <class id="GO_EXT:muscle_structure_or_tissue_development" label="muscle structure or tissue development"/>
      <span end="8435" id="16103912-13140" start="8420">muscularization</span>
    </annotation>
    <annotation annotator="Mike Bada, University of Colorado Anschutz Medical Campus" id="GO_BP_2016_02_16_Instance_34461" type="identity">
      <class id="GO:0007567" label="parturition"/>
      <span end="8923" id="16103912-13361" start="8918">birth</span>
    </annotation>
    <annotation annotator="Mike Bada, University of Colorado Anschutz Medical Campus" id="GO_BP_2016_02_16_Instance_30635" type="identity">
      <class id="GO:0016265" label="death"/>
      <span end="9141" id="16103912-13238" start="9135">demise</span>
    </annotation>
    <annotation annotator="Mike Bada, University of Colorado Anschutz Medical Campus" id="GO_BP_2016_02_16_Instance_34093" type="identity">
      <class id="GO:0016265" label="death"/>
      <span end="9281" id="16103912-13294" start="9275">demise</span>
    </annotation>
    <annotation annotator="Mike Bada, University of Colorado Anschutz Medical Campus" id="GO_BP_2016_02_16_with_nested_annotations_Instance_80324" type="identity">
      <class id="GO_EXT:biological_growth_entity_or_process" label="biological growth entity or process"/>
      <span end="9299" id="16103912-13466" start="9293">growth</span>
    </annotation>
    <annotation annotator="Mike Bada, University of Colorado Anschutz Medical Campus" id="GO_BP_2016_02_16_Instance_34091" type="identity">
      <class id="GO:0016265" label="death"/>
      <span end="9397" id="16103912-13292" start="9391">demise</span>
    </annotation>
    <annotation annotator="Mike Bada, University of Colorado Anschutz Medical Campus" id="GO_BP_2016_02_16_Instance_34423" type="identity">
      <class id="GO:0016265" label="death"/>
      <span end="9573" id="16103912-13335" start="9569">died</span>
    </annotation>
    <annotation annotator="Mike Bada, University of Colorado Anschutz Medical Campus" id="GO_BP_2016_02_16_Instance_34425" type="identity">
      <class id="GO:0016265" label="death"/>
      <span end="9678" id="16103912-13337" start="9674">died</span>
    </annotation>
    <annotation annotator="Mike Bada, University of Colorado Anschutz Medical Campus" id="GO_BP_2016_02_16_Instance_170078" type="identity">
      <class id="GO_EXT:muscle_structure_or_tissue_development" label="muscle structure or tissue development"/>
      <span end="9815" id="16103912-13142" start="9800">muscularization</span>
    </annotation>
    <annotation annotator="Mike Bada, University of Colorado Anschutz Medical Campus" id="GO_BP_2016_02_16_Instance_34463" type="identity">
      <class id="GO:0007567" label="parturition"/>
      <span end="9972" id="16103912-13363" start="9967">birth</span>
    </annotation>
    <annotation annotator="Mike Bada, University of Colorado Anschutz Medical Campus" id="GO_BP_2016_02_16_Instance_34465" type="identity">
      <class id="GO:0007567" label="parturition"/>
      <span end="10400" id="16103912-13365" start="10395">birth</span>
    </annotation>
    <annotation annotator="Mike Bada, University of Colorado Anschutz Medical Campus" id="GO_BP_2016_02_16_Instance_34201" type="identity">
      <class id="GO:0007507" label="heart development"/>
      <span end="10672" id="16103912-13307" start="10653">cardiac development</span>
    </annotation>
    <annotation annotator="Mike Bada, University of Colorado Anschutz Medical Campus" id="GO_BP_2016_02_16_Instance_170080" type="identity">
      <class id="GO_EXT:reverse_transcription_or_reverse_transcriptase" label="reverse transcription or reverse transcriptase"/>
      <span end="11042" id="16103912-13144" start="11040">RT</span>
    </annotation>
    <annotation annotator="Mike Bada, University of Colorado Anschutz Medical Campus" id="GO_BP_2016_02_16_Instance_34393" type="identity">
      <class id="GO:0008380" label="RNA splicing"/>
      <span end="11318" id="16103912-13315" start="11312">splice</span>
    </annotation>
    <annotation annotator="Mike Bada, University of Colorado Anschutz Medical Campus" id="GO_BP_2016_02_16_Instance_34395" type="identity">
      <class id="GO:0008380" label="RNA splicing"/>
      <span end="11391" id="16103912-13317" start="11383">splicing</span>
    </annotation>
    <annotation annotator="Mike Bada, University of Colorado Anschutz Medical Campus" id="GO_BP_2016_02_16_with_nested_annotations_Instance_22294" type="identity">
      <class id="GO_EXT:fatality_or_lethality" label="fatality/lethality"/>
      <span end="11740" id="16103912-13442" start="11734">lethal</span>
    </annotation>
    <annotation annotator="Mike Bada, University of Colorado Anschutz Medical Campus" id="GO_BP_2016_02_16_Instance_34397" type="identity">
      <class id="GO:0008380" label="RNA splicing"/>
      <span end="12005" id="16103912-13319" start="11999">splice</span>
    </annotation>
    <annotation annotator="Mike Bada, University of Colorado Anschutz Medical Campus" id="GO_BP_2016_02_16_Instance_34171" type="identity">
      <class id="GO:0030324" label="lung development"/>
      <span end="12026" id="16103912-13296" start="12022">Lung</span>
      <span end="12052" id="16103912-13297" start="12041">Development</span>
    </annotation>
    <annotation annotator="Mike Bada, University of Colorado Anschutz Medical Campus" id="GO_BP_2016_02_16_Instance_170082" type="identity">
      <class id="GO:0060539" label="diaphragm development"/>
      <span end="12052" id="16103912-13146" start="12031">Diaphragm Development</span>
    </annotation>
    <annotation annotator="Mike Bada, University of Colorado Anschutz Medical Campus" id="GO_BP_2016_02_16_Instance_34173" type="identity">
      <class id="GO:0030324" label="lung development"/>
      <span end="12147" id="16103912-13299" start="12138">pulmonary</span>
      <span end="12177" id="16103912-13300" start="12166">development</span>
    </annotation>
    <annotation annotator="Mike Bada, University of Colorado Anschutz Medical Campus" id="GO_BP_2016_02_16_Instance_170084" type="identity">
      <class id="GO:0060539" label="diaphragm development"/>
      <span end="12177" id="16103912-13148" start="12152">diaphragmatic development</span>
    </annotation>
    <annotation annotator="Mike Bada, University of Colorado Anschutz Medical Campus" id="GO_BP_2016_02_16_Instance_170086" type="identity">
      <class id="GO:0060539" label="diaphragm development"/>
      <span end="12400" id="16103912-13150" start="12375">diaphragmatic development</span>
    </annotation>
    <annotation annotator="Mike Bada, University of Colorado Anschutz Medical Campus" id="GO_BP_2016_02_16_Instance_27699" type="identity">
      <class id="GO:0010467" label="gene expression"/>
      <span end="12570" id="16103912-13234" start="12561">expressed</span>
    </annotation>
    <annotation annotator="Mike Bada, University of Colorado Anschutz Medical Campus" id="GO_BP_2016_02_16_Instance_34505" type="identity">
      <class id="GO:0001763" label="morphogenesis of a branching structure"/>
      <span end="12653" id="16103912-13377" start="12630">branching morphogenesis</span>
    </annotation>
    <annotation annotator="Mike Bada, University of Colorado Anschutz Medical Campus" id="GO_BP_2016_02_16_Instance_30241" type="identity">
      <class id="GO:0010467" label="gene expression"/>
      <span end="12677" id="16103912-13236" start="12667">expression</span>
    </annotation>
    <annotation annotator="Mike Bada, University of Colorado Anschutz Medical Campus" id="GO_BP_2016_02_16_Instance_170088" type="identity">
      <class id="GO_EXT:muscle_structure_or_tissue_development" label="muscle structure or tissue development"/>
      <span end="12882" id="16103912-13152" start="12867">muscularization</span>
    </annotation>
    <annotation annotator="Mike Bada, University of Colorado Anschutz Medical Campus" id="GO_BP_2016_02_16_Instance_170090" type="identity">
      <class id="GO_EXT:biological_movement_or_translocation_process" label="biological movement/translocation process"/>
      <span end="13119" id="16103912-13154" start="13113">motion</span>
    </annotation>
    <annotation annotator="Mike Bada, University of Colorado Anschutz Medical Campus" id="GO_BP_2016_02_16_Instance_32001" type="identity">
      <class id="GO:0010467" label="gene expression"/>
      <span end="13950" id="16103912-13240" start="13940">expression</span>
    </annotation>
    <annotation annotator="Mike Bada, University of Colorado Anschutz Medical Campus" id="GO_BP_2016_02_16_Instance_32003" type="identity">
      <class id="GO:0010467" label="gene expression"/>
      <span end="14066" id="16103912-13242" start="14056">expression</span>
    </annotation>
    <annotation annotator="Mike Bada, University of Colorado Anschutz Medical Campus" id="GO_BP_2016_02_16_Instance_32005" type="identity">
      <class id="GO:0010467" label="gene expression"/>
      <span end="14124" id="16103912-13244" start="14114">Expression</span>
    </annotation>
    <annotation annotator="Mike Bada, University of Colorado Anschutz Medical Campus" id="GO_BP_2016_02_16_Instance_32007" type="identity">
      <class id="GO:0010467" label="gene expression"/>
      <span end="14324" id="16103912-13246" start="14314">expression</span>
    </annotation>
    <annotation annotator="Mike Bada, University of Colorado Anschutz Medical Campus" id="GO_BP_2016_02_16_Instance_32371" type="identity">
      <class id="GO:0010467" label="gene expression"/>
      <span end="14505" id="16103912-13250" start="14495">expression</span>
    </annotation>
    <annotation annotator="Mike Bada, University of Colorado Anschutz Medical Campus" id="GO_BP_2016_02_16_with_nested_annotations_Instance_22899" type="identity">
      <class id="GO_PATO_EXT:biological_patterning_process_or_quality" label="biological patterning process or quality"/>
      <span end="14708" id="16103912-13446" start="14698">patterning</span>
    </annotation>
    <annotation annotator="Mike Bada, University of Colorado Anschutz Medical Campus" id="GO_BP_2016_02_16_with_nested_annotations_Instance_20100" type="identity">
      <class id="GO_EXT:biological_movement_or_translocation_process" label="biological movement/translocation process"/>
      <span end="14793" id="16103912-13424" start="14784">migratory</span>
    </annotation>
    <annotation annotator="Mike Bada, University of Colorado Anschutz Medical Campus" id="GO_BP_2016_02_16_Instance_21813" type="identity">
      <class id="GO:0065007" label="biological regulation"/>
      <span end="14925" id="16103912-13225" start="14918">control</span>
    </annotation>
    <annotation annotator="Mike Bada, University of Colorado Anschutz Medical Campus" id="GO_BP_2016_02_16_with_nested_annotations_Instance_80326" type="identity">
      <class id="GO_EXT:biological_growth_entity_or_process" label="biological growth entity or process"/>
      <span end="15008" id="16103912-13468" start="15002">growth</span>
    </annotation>
    <annotation annotator="Mike Bada, University of Colorado Anschutz Medical Campus" id="GO_BP_2016_02_16_with_nested_annotations_Instance_786" type="identity">
      <class id="GO_EXT:biological_direction_or_guidance" label="biological direction/guidance"/>
      <span end="15092" id="16103912-13462" start="15084">guidance</span>
    </annotation>
    <annotation annotator="Mike Bada, University of Colorado Anschutz Medical Campus" id="GO_BP_2016_02_16_Instance_32681" type="identity">
      <class id="GO:0010467" label="gene expression"/>
      <span end="15182" id="16103912-13252" start="15173">expressed</span>
    </annotation>
    <annotation annotator="Mike Bada, University of Colorado Anschutz Medical Campus" id="GO_BP_2016_02_16_Instance_170092" type="identity">
      <class id="GO_EXT:muscle_structure_or_tissue_development" label="muscle structure or tissue development"/>
      <span end="15290" id="16103912-13156" start="15278">muscularized</span>
    </annotation>
    <annotation annotator="Mike Bada, University of Colorado Anschutz Medical Campus" id="GO_BP_2016_02_16_Instance_32739" type="identity">
      <class id="GO:0010467" label="gene expression"/>
      <span end="15383" id="16103912-13254" start="15374">expressed</span>
    </annotation>
    <annotation annotator="Mike Bada, University of Colorado Anschutz Medical Campus" id="GO_BP_2016_02_16_Instance_170094" type="identity">
      <class id="GO_EXT:muscle_structure_or_tissue_development" label="muscle structure or tissue development"/>
      <span end="15472" id="16103912-13158" start="15460">muscularized</span>
    </annotation>
    <annotation annotator="Mike Bada, University of Colorado Anschutz Medical Campus" id="GO_BP_2016_02_16_Instance_170096" type="identity">
      <class id="GO_EXT:transcription" label="transcription"/>
      <span end="15535" id="16103912-13160" start="15522">transcription</span>
    </annotation>
    <annotation annotator="Mike Bada, University of Colorado Anschutz Medical Campus" id="GO_BP_2016_02_16_with_nested_annotations_Instance_20102" type="identity">
      <class id="GO_EXT:biological_movement_or_translocation_process" label="biological movement/translocation process"/>
      <span end="15578" id="16103912-13426" start="15569">migration</span>
    </annotation>
    <annotation annotator="Mike Bada, University of Colorado Anschutz Medical Campus" id="GO_BP_2016_02_16_with_nested_annotations_Instance_20524" type="identity">
      <class id="GO_EXT:muscle_structure_or_tissue_development" label="muscle structure or tissue development"/>
      <span end="15608" id="16103912-13438" start="15600">myogenic</span>
    </annotation>
    <annotation annotator="Mike Bada, University of Colorado Anschutz Medical Campus" id="GO_BP_2016_02_16_Instance_32741" type="identity">
      <class id="GO:0010467" label="gene expression"/>
      <span end="15709" id="16103912-13256" start="15699">expression</span>
    </annotation>
    <annotation annotator="Mike Bada, University of Colorado Anschutz Medical Campus" id="GO_BP_2016_02_16_Instance_32979" type="identity">
      <class id="GO:0010467" label="gene expression"/>
      <span end="15751" id="16103912-13258" start="15741">expression</span>
    </annotation>
    <annotation annotator="Mike Bada, University of Colorado Anschutz Medical Campus" id="GO_BP_2016_02_16_Instance_170098" type="identity">
      <class id="GO:0065007" label="biological regulation"/>
      <span end="16018" id="16103912-13162" start="16008">regulation</span>
    </annotation>
    <annotation annotator="Mike Bada, University of Colorado Anschutz Medical Campus" id="GO_BP_2016_02_16_with_nested_annotations_Instance_22901" type="identity">
      <class id="GO_PATO_EXT:biological_patterning_process_or_quality" label="biological patterning process or quality"/>
      <span end="16036" id="16103912-13448" start="16026">patterning</span>
    </annotation>
    <annotation annotator="Mike Bada, University of Colorado Anschutz Medical Campus" id="GO_BP_2016_02_16_Instance_55333" type="identity">
      <class id="GO:0016477" label="cell migration"/>
      <span end="16086" id="16103912-13404" start="16072">cell migration</span>
    </annotation>
    <annotation annotator="Mike Bada, University of Colorado Anschutz Medical Campus" id="GO_BP_2016_02_16_Instance_170102" type="identity">
      <class id="GO_EXT:muscle_structure_or_tissue_development" label="muscle structure or tissue development"/>
      <span end="16671" id="16103912-13164" start="16656">muscularization</span>
    </annotation>
    <annotation annotator="Mike Bada, University of Colorado Anschutz Medical Campus" id="GO_BP_2016_02_16_Instance_34467" type="identity">
      <class id="GO:0007567" label="parturition"/>
      <span end="17183" id="16103912-13367" start="17178">birth</span>
    </annotation>
    <annotation annotator="Mike Bada, University of Colorado Anschutz Medical Campus" id="GO_BP_2016_02_16_Instance_34427" type="identity">
      <class id="GO:0016265" label="death"/>
      <span end="17192" id="16103912-13339" start="17188">died</span>
    </annotation>
    <annotation annotator="Mike Bada, University of Colorado Anschutz Medical Campus" id="GO_BP_2016_02_16_Instance_170104" type="identity">
      <class id="GO:0016265" label="death"/>
      <span end="17231" id="16103912-13166" start="17225">mortem</span>
    </annotation>
    <annotation annotator="Mike Bada, University of Colorado Anschutz Medical Campus" id="GO_BP_2016_02_16_Instance_170106" type="identity">
      <class id="GO_EXT:muscle_structure_or_tissue_development" label="muscle structure or tissue development"/>
      <span end="17876" id="16103912-13168" start="17864">muscularized</span>
    </annotation>
    <annotation annotator="Mike Bada, University of Colorado Anschutz Medical Campus" id="GO_BP_2016_02_16_Instance_170108" type="identity">
      <class id="GO_EXT:muscle_structure_or_tissue_development" label="muscle structure or tissue development"/>
      <span end="18079" id="16103912-13170" start="18067">muscularized</span>
    </annotation>
    <annotation annotator="Mike Bada, University of Colorado Anschutz Medical Campus" id="GO_BP_2016_02_16_Instance_170110" type="identity">
      <class id="GO:0007567" label="parturition"/>
      <span end="19016" id="16103912-13172" start="19011">natal</span>
    </annotation>
    <annotation annotator="Mike Bada, University of Colorado Anschutz Medical Campus" id="GO_BP_2016_02_16_Instance_170112" type="identity">
      <class id="GO_EXT:muscle_structure_or_tissue_development" label="muscle structure or tissue development"/>
      <span end="19111" id="16103912-13174" start="19096">muscularization</span>
    </annotation>
    <annotation annotator="Mike Bada, University of Colorado Anschutz Medical Campus" id="GO_BP_2016_02_16_Instance_170114" type="identity">
      <class id="GO_EXT:muscle_structure_or_tissue_development" label="muscle structure or tissue development"/>
      <span end="19426" id="16103912-13176" start="19411">muscularization</span>
    </annotation>
    <annotation annotator="Mike Bada, University of Colorado Anschutz Medical Campus" id="GO_BP_2016_02_16_with_nested_annotations_Instance_10682" type="identity">
      <class id="GO:0007567" label="parturition"/>
      <span end="19483" id="16103912-13414" start="19478">natal</span>
    </annotation>
    <annotation annotator="Mike Bada, University of Colorado Anschutz Medical Campus" id="GO_BP_2016_02_16_Instance_170116" type="identity">
      <class id="GO:0007567" label="parturition"/>
      <span end="19507" id="16103912-13178" start="19502">natal</span>
    </annotation>
    <annotation annotator="Mike Bada, University of Colorado Anschutz Medical Campus" id="GO_BP_2016_02_16_Instance_170118" type="identity">
      <class id="GO_EXT:muscle_structure_or_tissue_development" label="muscle structure or tissue development"/>
      <span end="19570" id="16103912-13180" start="19555">muscularization</span>
    </annotation>
    <annotation annotator="Mike Bada, University of Colorado Anschutz Medical Campus" id="GO_BP_2016_02_16_with_nested_annotations_Instance_150002" type="identity">
      <class id="GO_SO_EXT:sequence_rearrangement_entity_or_process" label="sequence rearrangement entity or process"/>
      <span end="20271" id="16103912-13420" start="20257">rearrangements</span>
    </annotation>
    <annotation annotator="Mike Bada, University of Colorado Anschutz Medical Campus" id="GO_BP_2016_02_16_with_nested_annotations_Instance_140073" type="identity">
      <class id="GO_EXT:biological_translocation_entity_or_process" label="biological translocation entity or process"/>
      <span end="20410" id="16103912-13418" start="20396">translocations</span>
    </annotation>
    <annotation annotator="Mike Bada, University of Colorado Anschutz Medical Campus" id="GO_BP_2016_02_16_Instance_34429" type="identity">
      <class id="GO:0016265" label="death"/>
      <span end="20536" id="16103912-13341" start="20532">died</span>
    </annotation>
    <annotation annotator="Mike Bada, University of Colorado Anschutz Medical Campus" id="GO_BP_2016_02_16_with_nested_annotations_Instance_150004" type="identity">
      <class id="GO_SO_EXT:sequence_rearrangement_entity_or_process" label="sequence rearrangement entity or process"/>
      <span end="20653" id="16103912-13422" start="20640">rearrangement</span>
    </annotation>
    <annotation annotator="Mike Bada, University of Colorado Anschutz Medical Campus" id="GO_BP_2016_02_16_with_nested_annotations_Instance_20104" type="identity">
      <class id="GO_EXT:biological_movement_or_translocation_process" label="biological movement/translocation process"/>
      <span end="21510" id="16103912-13428" start="21503">migrate</span>
    </annotation>
    <annotation annotator="Mike Bada, University of Colorado Anschutz Medical Campus" id="GO_BP_2016_02_16_with_nested_annotations_Instance_20106" type="identity">
      <class id="GO_EXT:biological_movement_or_translocation_process" label="biological movement/translocation process"/>
      <span end="21580" id="16103912-13430" start="21571">migration</span>
    </annotation>
    <annotation annotator="Mike Bada, University of Colorado Anschutz Medical Campus" id="GO_BP_2016_02_16_Instance_34527" type="identity">
      <class id="GO:0008283" label="cell proliferation"/>
      <span end="21838" id="16103912-13379" start="21827">proliferate</span>
    </annotation>
    <annotation annotator="Mike Bada, University of Colorado Anschutz Medical Campus" id="GO_BP_2016_02_16_Instance_240658" type="identity">
      <class id="GO_RO_EXT:developmental_differentiation_process" label="developmental differentiation process"/>
      <span end="21853" id="16103912-13232" start="21840">differentiate</span>
    </annotation>
    <annotation annotator="Mike Bada, University of Colorado Anschutz Medical Campus" id="GO_BP_2016_02_16_with_nested_annotations_Instance_20108" type="identity">
      <class id="GO_EXT:biological_movement_or_translocation_process" label="biological movement/translocation process"/>
      <span end="21871" id="16103912-13432" start="21864">migrate</span>
    </annotation>
    <annotation annotator="Mike Bada, University of Colorado Anschutz Medical Campus" id="GO_BP_2016_02_16_Instance_170120" type="identity">
      <class id="GO:0060539" label="diaphragm development"/>
      <span end="22049" id="16103912-13182" start="22037">formation of</span>
      <span end="22063" id="16103912-13183" start="22054">diaphragm</span>
    </annotation>
    <annotation annotator="Mike Bada, University of Colorado Anschutz Medical Campus" id="GO_BP_2016_02_16_Instance_33079" type="identity">
      <class id="GO:0010467" label="gene expression"/>
      <span end="22152" id="16103912-13260" start="22142">expression</span>
    </annotation>
    <annotation annotator="Mike Bada, University of Colorado Anschutz Medical Campus" id="GO_BP_2016_02_16_with_nested_annotations_Instance_20110" type="identity">
      <class id="GO_EXT:biological_movement_or_translocation_process" label="biological movement/translocation process"/>
      <span end="22211" id="16103912-13434" start="22204">migrate</span>
    </annotation>
    <annotation annotator="Mike Bada, University of Colorado Anschutz Medical Campus" id="GO_BP_2016_02_16_with_nested_annotations_Instance_22903" type="identity">
      <class id="GO_PATO_EXT:biological_patterning_process_or_quality" label="biological patterning process or quality"/>
      <span end="22296" id="16103912-13450" start="22287">patterned</span>
    </annotation>
    <annotation annotator="Mike Bada, University of Colorado Anschutz Medical Campus" id="GO_BP_2016_02_16_Instance_33081" type="identity">
      <class id="GO:0010467" label="gene expression"/>
      <span end="22381" id="16103912-13262" start="22371">expression</span>
    </annotation>
    <annotation annotator="Mike Bada, University of Colorado Anschutz Medical Campus" id="GO_BP_2016_02_16_Instance_170122" type="identity">
      <class id="GO_EXT:transcription" label="transcription"/>
      <span end="22442" id="16103912-13185" start="22429">transcription</span>
    </annotation>
    <annotation annotator="Mike Bada, University of Colorado Anschutz Medical Campus" id="GO_BP_2016_02_16_Instance_22087" type="identity">
      <class id="GO:0030154" label="cell differentiation"/>
      <span end="22488" id="16103912-13227" start="22484">cell</span>
      <span end="22518" id="16103912-13228" start="22503">differentiation</span>
    </annotation>
    <annotation annotator="Mike Bada, University of Colorado Anschutz Medical Campus" id="GO_BP_2016_02_16_Instance_55335" type="identity">
      <class id="GO:0016477" label="cell migration"/>
      <span end="22498" id="16103912-13406" start="22484">cell migration</span>
    </annotation>
    <annotation annotator="Mike Bada, University of Colorado Anschutz Medical Campus" id="GO_BP_2016_02_16_Instance_55337" type="identity">
      <class id="GO:0016477" label="cell migration"/>
      <span end="22617" id="16103912-13408" start="22603">cell migration</span>
    </annotation>
    <annotation annotator="Mike Bada, University of Colorado Anschutz Medical Campus" id="GO_BP_2016_02_16_Instance_170124" type="identity">
      <class id="GO_EXT:transcription" label="transcription"/>
      <span end="22753" id="16103912-13187" start="22740">transcription</span>
    </annotation>
    <annotation annotator="Mike Bada, University of Colorado Anschutz Medical Campus" id="GO_BP_2016_02_16_Instance_34531" type="identity">
      <class id="GO:0007507" label="heart development"/>
      <span end="22860" id="16103912-13381" start="22853">cardiac</span>
      <span end="22884" id="16103912-13382" start="22873">development</span>
    </annotation>
    <annotation annotator="Mike Bada, University of Colorado Anschutz Medical Campus" id="GO_BP_2016_02_16_Instance_34369" type="identity">
      <class id="GO:0008406" label="gonad development"/>
      <span end="22884" id="16103912-13309" start="22865">gonadal development</span>
    </annotation>
    <annotation annotator="Mike Bada, University of Colorado Anschutz Medical Campus" id="GO_BP_2016_02_16_Instance_170126" type="identity">
      <class id="GO_EXT:muscle_structure_or_tissue_development" label="muscle structure or tissue development"/>
      <span end="23298" id="16103912-13189" start="23283">muscularization</span>
    </annotation>
    <annotation annotator="Mike Bada, University of Colorado Anschutz Medical Campus" id="GO_BP_2016_02_16_Instance_34589" type="identity">
      <class id="GO:0030324" label="lung development"/>
      <span end="23505" id="16103912-13384" start="23482">pulmonary developmental</span>
    </annotation>
    <annotation annotator="Mike Bada, University of Colorado Anschutz Medical Campus" id="GO_BP_2016_02_16_Instance_55339" type="identity">
      <class id="GO:0030324" label="lung development"/>
      <span end="24024" id="16103912-13410" start="24008">lung development</span>
    </annotation>
    <annotation annotator="Mike Bada, University of Colorado Anschutz Medical Campus" id="GO_BP_2016_02_16_Instance_33219" type="identity">
      <class id="GO:0010467" label="gene expression"/>
      <span end="24186" id="16103912-13264" start="24176">expression</span>
    </annotation>
    <annotation annotator="Mike Bada, University of Colorado Anschutz Medical Campus" id="GO_BP_2016_02_16_Instance_33345" type="identity">
      <class id="GO:0010467" label="gene expression"/>
      <span end="24244" id="16103912-13266" start="24234">expression</span>
    </annotation>
    <annotation annotator="Mike Bada, University of Colorado Anschutz Medical Campus" id="GO_BP_2016_02_16_Instance_33581" type="identity">
      <class id="GO:0010467" label="gene expression"/>
      <span end="24363" id="16103912-13268" start="24354">expressed</span>
    </annotation>
    <annotation annotator="Mike Bada, University of Colorado Anschutz Medical Campus" id="GO_BP_2016_02_16_with_nested_annotations_Instance_22905" type="identity">
      <class id="GO_PATO_EXT:biological_patterning_process_or_quality" label="biological patterning process or quality"/>
      <span end="24577" id="16103912-13452" start="24567">patterning</span>
    </annotation>
    <annotation annotator="Mike Bada, University of Colorado Anschutz Medical Campus" id="GO_BP_2016_02_16_Instance_170154" type="identity">
      <class id="GO_EXT:muscle_structure_or_tissue_development" label="muscle structure or tissue development"/>
      <span end="25075" id="16103912-13218" start="25060">muscularization</span>
    </annotation>
    <annotation annotator="Mike Bada, University of Colorado Anschutz Medical Campus" id="GO_BP_2016_02_16_with_nested_annotations_Instance_22296" type="identity">
      <class id="GO_EXT:fatality_or_lethality" label="fatality/lethality"/>
      <span end="25193" id="16103912-13444" start="25187">lethal</span>
    </annotation>
    <annotation annotator="Mike Bada, University of Colorado Anschutz Medical Campus" id="GO_BP_2016_02_16_Instance_34595" type="identity">
      <class id="GO:0030324" label="lung development"/>
      <span end="25208" id="16103912-13386" start="25204">lung</span>
      <span end="25234" id="16103912-13387" start="25223">development</span>
    </annotation>
    <annotation annotator="Mike Bada, University of Colorado Anschutz Medical Campus" id="GO_BP_2016_02_16_Instance_170128" type="identity">
      <class id="GO:0060539" label="diaphragm development"/>
      <span end="25234" id="16103912-13191" start="25213">diaphragm development</span>
    </annotation>
    <annotation annotator="Mike Bada, University of Colorado Anschutz Medical Campus" id="GO_BP_2016_02_16_with_nested_annotations_Instance_40254" type="identity">
      <class id="CHEBI_GO_EXT:biological_process_or_quality_or_role" label="biological process, quality or role"/>
      <span end="25309" id="16103912-13460" start="25302">biology</span>
    </annotation>
    <annotation annotator="Mike Bada, University of Colorado Anschutz Medical Campus" id="GO_BP_2016_02_16_Instance_170130" type="identity">
      <class id="GO:0060539" label="diaphragm development"/>
      <span end="25377" id="16103912-13193" start="25368">diaphragm</span>
      <span end="25398" id="16103912-13194" start="25387">development</span>
    </annotation>
    <annotation annotator="Mike Bada, University of Colorado Anschutz Medical Campus" id="GO_BP_2016_02_16_Instance_55341" type="identity">
      <class id="GO:0030324" label="lung development"/>
      <span end="25398" id="16103912-13412" start="25382">lung development</span>
    </annotation>
    <annotation annotator="Mike Bada, University of Colorado Anschutz Medical Campus" id="GO_BP_2016_02_16_Instance_34597" type="identity">
      <class id="GO:0007565" label="female pregnancy"/>
      <span end="26333" id="16103912-13389" start="26322">pregnancies</span>
    </annotation>
    <annotation annotator="Mike Bada, University of Colorado Anschutz Medical Campus" id="GO_BP_2016_02_16_Instance_33675" type="identity">
      <class id="GO:0010467" label="gene expression"/>
      <span end="27607" id="16103912-13270" start="27597">expression</span>
    </annotation>
    <annotation annotator="Mike Bada, University of Colorado Anschutz Medical Campus" id="GO_BP_2016_02_16_Instance_33677" type="identity">
      <class id="GO:0010467" label="gene expression"/>
      <span end="28089" id="16103912-13272" start="28079">Expression</span>
    </annotation>
    <annotation annotator="Mike Bada, University of Colorado Anschutz Medical Campus" id="GO_BP_2016_02_16_Instance_170132" type="identity">
      <class id="GO_EXT:reverse_transcription_or_reverse_transcriptase" label="reverse transcription or reverse transcriptase"/>
      <span end="28220" id="16103912-13196" start="28218">RT</span>
    </annotation>
    <annotation annotator="Mike Bada, University of Colorado Anschutz Medical Campus" id="GO_BP_2016_02_16_Instance_170134" type="identity">
      <class id="GO_EXT:reverse_transcription_or_reverse_transcriptase" label="reverse transcription or reverse transcriptase"/>
      <span end="28337" id="16103912-13198" start="28335">RT</span>
    </annotation>
    <annotation annotator="Mike Bada, University of Colorado Anschutz Medical Campus" id="GO_BP_2016_02_16_Instance_170136" type="identity">
      <class id="GO_EXT:reverse_transcription_or_reverse_transcriptase" label="reverse transcription or reverse transcriptase"/>
      <span end="28413" id="16103912-13200" start="28411">RT</span>
    </annotation>
    <annotation annotator="Mike Bada, University of Colorado Anschutz Medical Campus" id="GO_BP_2016_02_16_Instance_34399" type="identity">
      <class id="GO:0008380" label="RNA splicing"/>
      <span end="28489" id="16103912-13321" start="28482">spliced</span>
    </annotation>
    <annotation annotator="Mike Bada, University of Colorado Anschutz Medical Campus" id="GO_BP_2016_02_16_with_nested_annotations_Instance_20510" type="identity">
      <class id="GO_EXT:macromolecule_denaturation" label="macromolecule denaturation"/>
      <span end="28560" id="16103912-13436" start="28550">denaturing</span>
    </annotation>
    <annotation annotator="Mike Bada, University of Colorado Anschutz Medical Campus" id="GO_BP_2016_02_16_Instance_170138" type="identity">
      <class id="GO_EXT:reverse_transcription_or_reverse_transcriptase" label="reverse transcription or reverse transcriptase"/>
      <span end="28616" id="16103912-13202" start="28614">RT</span>
    </annotation>
    <annotation annotator="Mike Bada, University of Colorado Anschutz Medical Campus" id="GO_BP_2016_02_16_Instance_170140" type="identity">
      <class id="GO_EXT:transcription" label="transcription"/>
      <span end="29097" id="16103912-13204" start="29084">transcription</span>
    </annotation>
    <annotation annotator="Mike Bada, University of Colorado Anschutz Medical Campus" id="GO_BP_2016_02_16_Instance_170142" type="identity">
      <class id="GO_EXT:reverse_transcription_or_reverse_transcriptase" label="reverse transcription or reverse transcriptase"/>
      <span end="30240" id="16103912-13206" start="30238">RT</span>
    </annotation>
    <annotation annotator="Mike Bada, University of Colorado Anschutz Medical Campus" id="GO_BP_2016_02_16_with_nested_annotations_Instance_80328" type="identity">
      <class id="GO_EXT:biological_growth_entity_or_process" label="biological growth entity or process"/>
      <span end="31249" id="16103912-13470" start="31243">growth</span>
    </annotation>
    <annotation annotator="Mike Bada, University of Colorado Anschutz Medical Campus" id="GO_BP_2016_02_16_Instance_34601" type="identity">
      <class id="GO:0030324" label="lung development"/>
      <span end="31358" id="16103912-13391" start="31349">Pulmonary</span>
      <span end="31388" id="16103912-13392" start="31377">Development</span>
    </annotation>
    <annotation annotator="Mike Bada, University of Colorado Anschutz Medical Campus" id="GO_BP_2016_02_16_Instance_170144" type="identity">
      <class id="GO:0060539" label="diaphragm development"/>
      <span end="31388" id="16103912-13208" start="31363">Diaphragmatic Development</span>
    </annotation>
    <annotation annotator="Mike Bada, University of Colorado Anschutz Medical Campus" id="GO_BP_2016_02_16_Instance_170146" type="identity">
      <class id="GO_EXT:muscle_structure_or_tissue_development" label="muscle structure or tissue development"/>
      <span end="31656" id="16103912-13210" start="31641">muscularization</span>
    </annotation>
    <annotation annotator="Mike Bada, University of Colorado Anschutz Medical Campus" id="GO_BP_2016_02_16_Instance_34401" type="identity">
      <class id="GO:0008380" label="RNA splicing"/>
      <span end="31847" id="16103912-13323" start="31841">Splice</span>
    </annotation>
    <annotation annotator="Mike Bada, University of Colorado Anschutz Medical Campus" id="GO_BP_2016_02_16_Instance_170148" type="identity">
      <class id="GO_EXT:reverse_transcription_or_reverse_transcriptase" label="reverse transcription or reverse transcriptase"/>
      <span end="31869" id="16103912-13212" start="31867">RT</span>
    </annotation>
    <annotation annotator="Mike Bada, University of Colorado Anschutz Medical Campus" id="GO_BP_2016_02_16_Instance_34403" type="identity">
      <class id="GO:0008380" label="RNA splicing"/>
      <span end="32048" id="16103912-13325" start="32042">splice</span>
    </annotation>
    <annotation annotator="Mike Bada, University of Colorado Anschutz Medical Campus" id="GO_BP_2016_02_16_Instance_170150" type="identity">
      <class id="GO_EXT:transcription" label="transcription"/>
      <span end="32213" id="16103912-13214" start="32200">transcription</span>
    </annotation>
    <annotation annotator="Mike Bada, University of Colorado Anschutz Medical Campus" id="GO_BP_2016_02_16_Instance_33679" type="identity">
      <class id="GO:0010467" label="gene expression"/>
      <span end="32243" id="16103912-13274" start="32234">Expressed</span>
    </annotation>
    <annotation annotator="Mike Bada, University of Colorado Anschutz Medical Campus" id="GO_BP_2016_02_16_Instance_33681" type="identity">
      <class id="GO:0010467" label="gene expression"/>
      <span end="32299" id="16103912-13276" start="32290">expressed</span>
    </annotation>
    <annotation annotator="Mike Bada, University of Colorado Anschutz Medical Campus" id="GO_BP_2016_02_16_Instance_33683" type="identity">
      <class id="GO:0010467" label="gene expression"/>
      <span end="32472" id="16103912-13278" start="32463">expressed</span>
    </annotation>
    <annotation annotator="Mike Bada, University of Colorado Anschutz Medical Campus" id="GO_BP_2016_02_16_Instance_170152" type="identity">
      <class id="GO_EXT:muscle_structure_or_tissue_development" label="muscle structure or tissue development"/>
      <span end="32568" id="16103912-13216" start="32553">muscularization</span>
    </annotation>
    <annotation annotator="Mike Bada, University of Colorado Anschutz Medical Campus" id="GO_BP_2016_02_16_Instance_22625" type="identity">
      <class id="GO:0030324" label="lung development"/>
      <span end="32639" id="16103912-13230" start="32623">Lung Development</span>
    </annotation>
    <annotation annotator="Mike Bada, University of Colorado Anschutz Medical Campus" id="GO_BP_2016_02_16_Instance_170156" type="identity">
      <class id="GO_EXT:muscle_structure_or_tissue_development" label="muscle structure or tissue development"/>
      <span end="32703" id="16103912-13220" start="32688">muscularization</span>
    </annotation>
    <annotation annotator="Mike Bada, University of Colorado Anschutz Medical Campus" id="GO_BP_2016_02_16_with_nested_annotations_Instance_80322" type="identity">
      <class id="GO:0040007" label="growth"/>
      <span end="32713" id="16103912-13464" start="32708">grown</span>
    </annotation>
    <annotation annotator="Mike Bada, University of Colorado Anschutz Medical Campus" id="GO_BP_2016_02_16_Instance_33815" type="identity">
      <class id="GO:0010467" label="gene expression"/>
      <span end="32857" id="16103912-13282" start="32847">Expression</span>
    </annotation>
    <annotation annotator="Mike Bada, University of Colorado Anschutz Medical Campus" id="GO_BP_2016_02_16_Instance_33817" type="identity">
      <class id="GO:0010467" label="gene expression"/>
      <span end="32949" id="16103912-13284" start="32940">expressed</span>
    </annotation>
    <annotation annotator="Mike Bada, University of Colorado Anschutz Medical Campus" id="GO_BP_2016_02_16_Instance_33893" type="identity">
      <class id="GO:0010467" label="gene expression"/>
      <span end="33080" id="16103912-13286" start="33070">expression</span>
    </annotation>
    <annotation annotator="Mike Bada, University of Colorado Anschutz Medical Campus" id="GO_BP_2016_02_16_with_nested_annotations_Instance_22907" type="identity">
      <class id="GO_PATO_EXT:biological_patterning_process_or_quality" label="biological patterning process or quality"/>
      <span end="33132" id="16103912-13454" start="33122">Patterning</span>
    </annotation>
    <annotation annotator="Mike Bada, University of Colorado Anschutz Medical Campus" id="GO_BP_2016_02_16_Instance_33895" type="identity">
      <class id="GO:0010467" label="gene expression"/>
      <span end="33273" id="16103912-13288" start="33263">expression</span>
    </annotation>
    <annotation annotator="Mike Bada, University of Colorado Anschutz Medical Campus" id="GO_BP_2016_02_16_Instance_34431" type="identity">
      <class id="GO:0016265" label="death"/>
      <span end="33514" id="16103912-13343" start="33510">died</span>
    </annotation>
    <annotation annotator="Mike Bada, University of Colorado Anschutz Medical Campus" id="GO_BP_2016_02_16_Instance_34469" type="identity">
      <class id="GO:0007567" label="parturition"/>
      <span end="33523" id="16103912-13369" start="33518">birth</span>
    </annotation>
    <annotation annotator="Mike Bada, University of Colorado Anschutz Medical Campus" id="GO_BP_2016_02_16_Instance_170158" type="identity">
      <class id="GO:0060539" label="diaphragm development"/>
      <span end="34253" id="16103912-13222" start="34244">diaphragm</span>
      <span end="34274" id="16103912-13223" start="34263">development</span>
    </annotation>
    <annotation annotator="Mike Bada, University of Colorado Anschutz Medical Campus" id="GO_BP_2016_02_16_Instance_34603" type="identity">
      <class id="GO:0030324" label="lung development"/>
      <span end="34274" id="16103912-13394" start="34258">lung development</span>
    </annotation>
    <graph-space id="Old Knowtator Relations"/>
  </document>
</knowtator-project>
