<?xml version="1.0" encoding="UTF-8" standalone="no"?>
<knowtator-project>
  <document id="16121256" text-file="16121256.txt">
    <annotation annotator="Mike Bada, University of Colorado Anschutz Medical Campus" id="GO_BP_2016_02_16_Instance_35581" type="identity">
      <class id="GO:0006635" label="fatty acid beta-oxidation"/>
      <span end="212" id="16121256-15057" start="190">fatty acid β-oxidation</span>
    </annotation>
    <annotation annotator="Mike Bada, University of Colorado Anschutz Medical Campus" id="GO_BP_2016_02_16_Instance_50651" type="identity">
      <class id="GO:0019395" label="fatty acid oxidation"/>
      <span end="929" id="16121256-15083" start="909">fatty acid oxidation</span>
    </annotation>
    <annotation annotator="Mike Bada, University of Colorado Anschutz Medical Campus" id="GO_BP_2016_02_16_Instance_50653" type="identity">
      <class id="GO:0019395" label="fatty acid oxidation"/>
      <span end="995" id="16121256-15085" start="975">fatty acid oxidation</span>
    </annotation>
    <annotation annotator="Mike Bada, University of Colorado Anschutz Medical Campus" id="GO_BP_2016_02_16_Instance_35489" type="identity">
      <class id="GO:0008152" label="metabolic process"/>
      <span end="1123" id="16121256-15051" start="1113">metabolism</span>
    </annotation>
    <annotation annotator="Mike Bada, University of Colorado Anschutz Medical Campus" id="GO_BP_2016_02_16_Instance_50655" type="identity">
      <class id="GO:0019395" label="fatty acid oxidation"/>
      <span end="1160" id="16121256-15087" start="1140">fatty acid oxidation</span>
    </annotation>
    <annotation annotator="Mike Bada, University of Colorado Anschutz Medical Campus" id="GO_BP_2016_02_16_with_nested_annotations_Instance_22534" type="identity">
      <class id="GO_EXT:fatality_or_lethality" label="fatality/lethality"/>
      <span end="1199" id="16121256-15139" start="1194">fatal</span>
    </annotation>
    <annotation annotator="Mike Bada, University of Colorado Anschutz Medical Campus" id="GO_BP_2016_02_16_Instance_35577" type="identity">
      <class id="GO:0008152" label="metabolic process"/>
      <span end="1302" id="16121256-15055" start="1293">Metabolic</span>
    </annotation>
    <annotation annotator="Mike Bada, University of Colorado Anschutz Medical Campus" id="GO_BP_2016_02_16_Instance_50657" type="identity">
      <class id="GO:0016265" label="death"/>
      <span end="1447" id="16121256-15089" start="1442">death</span>
    </annotation>
    <annotation annotator="Mike Bada, University of Colorado Anschutz Medical Campus" id="GO_BP_2016_02_16_Instance_32969" type="identity">
      <class id="GO:0016265" label="death"/>
      <span end="1772" id="16121256-15039" start="1768">loss</span>
    </annotation>
    <annotation annotator="Mike Bada, University of Colorado Anschutz Medical Campus" id="GO_BP_2016_02_16_Instance_35583" type="identity">
      <class id="GO:0006635" label="fatty acid beta-oxidation"/>
      <span end="2154" id="16121256-15059" start="2128">β-oxidation of fatty acids</span>
    </annotation>
    <annotation annotator="Mike Bada, University of Colorado Anschutz Medical Campus" id="GO_BP_2016_02_16_Instance_50659" type="identity">
      <class id="GO:0019395" label="fatty acid oxidation"/>
      <span end="2230" id="16121256-15091" start="2210">Fatty acid oxidation</span>
    </annotation>
    <annotation annotator="Mike Bada, University of Colorado Anschutz Medical Campus" id="GO_BP_2016_02_16_Instance_180107" type="identity">
      <class id="GO_EXT:transcription" label="transcription"/>
      <span end="2642" id="16121256-15015" start="2631">transcribed</span>
    </annotation>
    <annotation annotator="Mike Bada, University of Colorado Anschutz Medical Campus" id="GO_BP_2016_02_16_Instance_35585" type="identity">
      <class id="GO:0006412" label="translation"/>
      <span end="2669" id="16121256-15061" start="2659">translated</span>
    </annotation>
    <annotation annotator="Mike Bada, University of Colorado Anschutz Medical Campus" id="GO_BP_2016_02_16_with_nested_annotations_Instance_100028" type="identity">
      <class id="GO_EXT:biological_movement_or_translocation_process" label="biological movement/translocation process"/>
      <span end="2702" id="16121256-15111" start="2690">translocated</span>
    </annotation>
    <annotation annotator="Mike Bada, University of Colorado Anschutz Medical Campus" id="GO_BP_2016_02_16_Instance_50661" type="identity">
      <class id="GO:0019395" label="fatty acid oxidation"/>
      <span end="2922" id="16121256-15093" start="2902">fatty acid oxidation</span>
    </annotation>
    <annotation annotator="Mike Bada, University of Colorado Anschutz Medical Campus" id="GO_BP_2016_02_16_Instance_35591" type="identity">
      <class id="GO:0016265" label="death"/>
      <span end="3613" id="16121256-15063" start="3610">die</span>
    </annotation>
    <annotation annotator="Mike Bada, University of Colorado Anschutz Medical Campus" id="GO_BP_2016_02_16_Instance_35593" type="identity">
      <class id="GO:0008152" label="metabolic process"/>
      <span end="3703" id="16121256-15065" start="3694">metabolic</span>
    </annotation>
    <annotation annotator="Mike Bada, University of Colorado Anschutz Medical Campus" id="GO_BP_2016_02_16_with_nested_annotations_Instance_10118" type="identity">
      <class id="GO_EXT:DNA_gap_repair" label="DNA gap repair"/>
      <span end="4444" id="16121256-15113" start="4434">gap repair</span>
    </annotation>
    <annotation annotator="Mike Bada, University of Colorado Anschutz Medical Campus" id="GO_BP_2016_02_16_with_nested_annotations_Instance_120186" type="identity">
      <class id="GO_SO_EXT:sequence_rearrangement_process" label="sequence rearrangement process"/>
      <span end="4503" id="16121256-15119" start="4490">recombination</span>
    </annotation>
    <annotation annotator="Mike Bada, University of Colorado Anschutz Medical Campus" id="GO_BP_2016_02_16_Instance_50663" type="identity">
      <class id="GO:0006412" label="translation"/>
      <span end="4790" id="16121256-15095" start="4779">Translation</span>
    </annotation>
    <annotation annotator="Mike Bada, University of Colorado Anschutz Medical Campus" id="GO_BP_2016_02_16_Instance_50665" type="identity">
      <class id="GO:0006412" label="translation"/>
      <span end="4987" id="16121256-15097" start="4976">translation</span>
    </annotation>
    <annotation annotator="Mike Bada, University of Colorado Anschutz Medical Campus" id="GO_BP_2016_02_16_with_nested_annotations_Instance_10120" type="identity">
      <class id="GO_EXT:DNA_gap_repair" label="DNA gap repair"/>
      <span end="5419" id="16121256-15115" start="5409">gap repair</span>
    </annotation>
    <annotation annotator="Mike Bada, University of Colorado Anschutz Medical Campus" id="GO_BP_2016_02_16_with_nested_annotations_Instance_120188" type="identity">
      <class id="GO_SO_EXT:sequence_rearrangement_process" label="sequence rearrangement process"/>
      <span end="5449" id="16121256-15121" start="5436">recombination</span>
    </annotation>
    <annotation annotator="Mike Bada, University of Colorado Anschutz Medical Campus" id="GO_BP_2016_02_16_with_nested_annotations_Instance_120190" type="identity">
      <class id="GO_SO_EXT:sequence_rearrangement_process" label="sequence rearrangement process"/>
      <span end="5825" id="16121256-15123" start="5812">recombination</span>
    </annotation>
    <annotation annotator="Mike Bada, University of Colorado Anschutz Medical Campus" id="GO_BP_2016_02_16_with_nested_annotations_Instance_1604" type="identity">
      <class id="GO_EXT:breeder" label="breeder"/>
      <span end="6857" id="16121256-15131" start="6849">breeders</span>
    </annotation>
    <annotation annotator="Mike Bada, University of Colorado Anschutz Medical Campus" id="GO_BP_2016_02_16_Instance_50667" type="identity">
      <class id="GO:0016265" label="death"/>
      <span end="6990" id="16121256-15099" start="6985">death</span>
    </annotation>
    <annotation annotator="Mike Bada, University of Colorado Anschutz Medical Campus" id="GO_BP_2016_02_16_Instance_180111" type="identity">
      <class id="GO_EXT:reverse_transcription_or_reverse_transcriptase" label="reverse transcription or reverse transcriptase"/>
      <span end="7494" id="16121256-15017" start="7492">RT</span>
    </annotation>
    <annotation annotator="Mike Bada, University of Colorado Anschutz Medical Campus" id="GO_BP_2016_02_16_Instance_36101" type="identity">
      <class id="GO:0008380" label="RNA splicing"/>
      <span end="7954" id="16121256-15073" start="7947">spliced</span>
    </annotation>
    <annotation annotator="Mike Bada, University of Colorado Anschutz Medical Campus" id="GO_BP_2016_02_16_Instance_29687" type="identity">
      <class id="GO:0010467" label="gene expression"/>
      <span end="8022" id="16121256-15029" start="8013">expressed</span>
    </annotation>
    <annotation annotator="Mike Bada, University of Colorado Anschutz Medical Campus" id="GO_BP_2016_02_16_Instance_32361" type="identity">
      <class id="GO:0010467" label="gene expression"/>
      <span end="8096" id="16121256-15031" start="8086">expression</span>
    </annotation>
    <annotation annotator="Mike Bada, University of Colorado Anschutz Medical Campus" id="GO_BP_2016_02_16_Instance_32735" type="identity">
      <class id="GO:0010467" label="gene expression"/>
      <span end="8186" id="16121256-15033" start="8176">expression</span>
    </annotation>
    <annotation annotator="Mike Bada, University of Colorado Anschutz Medical Campus" id="GO_BP_2016_02_16_Instance_180113" type="identity">
      <class id="GO_EXT:reverse_transcription_or_reverse_transcriptase" label="reverse transcription or reverse transcriptase"/>
      <span end="8261" id="16121256-15019" start="8259">RT</span>
    </annotation>
    <annotation annotator="Mike Bada, University of Colorado Anschutz Medical Campus" id="GO_BP_2016_02_16_Instance_36103" type="identity">
      <class id="GO:0008380" label="RNA splicing"/>
      <span end="8298" id="16121256-15075" start="8291">spliced</span>
    </annotation>
    <annotation annotator="Mike Bada, University of Colorado Anschutz Medical Campus" id="GO_BP_2016_02_16_Instance_26041" type="identity">
      <class id="GO:0000184" label="nuclear-transcribed mRNA catabolic process, nonsense-mediated decay"/>
      <span end="8537" id="16121256-15027" start="8510">nonsense mediated RNA decay</span>
    </annotation>
    <annotation annotator="Mike Bada, University of Colorado Anschutz Medical Campus" id="GO_BP_2016_02_16_Instance_32799" type="identity">
      <class id="GO:0010467" label="gene expression"/>
      <span end="8794" id="16121256-15035" start="8784">expression</span>
    </annotation>
    <annotation annotator="Mike Bada, University of Colorado Anschutz Medical Campus" id="GO_BP_2016_02_16_Instance_32801" type="identity">
      <class id="GO:0010467" label="gene expression"/>
      <span end="9240" id="16121256-15037" start="9230">expression</span>
    </annotation>
    <annotation annotator="Mike Bada, University of Colorado Anschutz Medical Campus" id="GO_BP_2016_02_16_with_nested_annotations_Instance_20378" type="identity">
      <class id="GO_EXT:biological_routing_or_transport" label="biological routing/transport"/>
      <span end="9929" id="16121256-15133" start="9920">transport</span>
    </annotation>
    <annotation annotator="Mike Bada, University of Colorado Anschutz Medical Campus" id="GO_BP_2016_02_16_Instance_50669" type="identity">
      <class id="GO:0016265" label="death"/>
      <span end="10688" id="16121256-15101" start="10682">Deaths</span>
    </annotation>
    <annotation annotator="Mike Bada, University of Colorado Anschutz Medical Campus" id="GO_BP_2016_02_16_Instance_36105" type="identity">
      <class id="GO:0007567" label="parturition"/>
      <span end="10788" id="16121256-15077" start="10784">born</span>
    </annotation>
    <annotation annotator="Mike Bada, University of Colorado Anschutz Medical Campus" id="GO_BP_2016_02_16_Instance_34557" type="identity">
      <class id="GO:0016265" label="death"/>
      <span end="10941" id="16121256-15045" start="10937">loss</span>
    </annotation>
    <annotation annotator="Mike Bada, University of Colorado Anschutz Medical Campus" id="GO_BP_2016_02_16_Instance_50671" type="identity">
      <class id="GO:0007618" label="mating"/>
      <span end="11305" id="16121256-15103" start="11298">matings</span>
    </annotation>
    <annotation annotator="Mike Bada, University of Colorado Anschutz Medical Campus" id="GO_BP_2016_02_16_Instance_50673" type="identity">
      <class id="GO:0007618" label="mating"/>
      <span end="11336" id="16121256-15105" start="11329">matings</span>
    </annotation>
    <annotation annotator="Mike Bada, University of Colorado Anschutz Medical Campus" id="GO_BP_2016_02_16_Instance_50675" type="identity">
      <class id="GO:0007618" label="mating"/>
      <span end="11410" id="16121256-15107" start="11403">matings</span>
    </annotation>
    <annotation annotator="Mike Bada, University of Colorado Anschutz Medical Campus" id="GO_BP_2016_02_16_with_nested_annotations_Instance_22536" type="identity">
      <class id="GO_EXT:fatality_or_lethality" label="fatality/lethality"/>
      <span end="11975" id="16121256-15141" start="11965">fatalities</span>
    </annotation>
    <annotation annotator="Mike Bada, University of Colorado Anschutz Medical Campus" id="GO_BP_2016_02_16_with_nested_annotations_Instance_23993" type="identity">
      <class id="GO_PATO_EXT:necrosis" label="necrosis"/>
      <span end="15435" id="16121256-15147" start="15427">necrosis</span>
    </annotation>
    <annotation annotator="Mike Bada, University of Colorado Anschutz Medical Campus" id="GO_BP_2016_02_16_with_nested_annotations_Instance_23995" type="identity">
      <class id="GO_PATO_EXT:necrosis" label="necrosis"/>
      <span end="15578" id="16121256-15149" start="15570">necrosis</span>
    </annotation>
    <annotation annotator="Mike Bada, University of Colorado Anschutz Medical Campus" id="GO_BP_2016_02_16_Instance_35485" type="identity">
      <class id="GO:0016265" label="death"/>
      <span end="17880" id="16121256-15047" start="17875">dying</span>
    </annotation>
    <annotation annotator="Mike Bada, University of Colorado Anschutz Medical Campus" id="GO_BP_2016_02_16_Instance_35487" type="identity">
      <class id="GO:0007631" label="feeding behavior"/>
      <span end="18237" id="16121256-15049" start="18229">ingested</span>
    </annotation>
    <annotation annotator="Mike Bada, University of Colorado Anschutz Medical Campus" id="GO_BP_2016_02_16_Instance_180115" type="identity">
      <class id="GO:0031649" label="heat generation"/>
      <span end="18498" id="16121256-15021" start="18485">thermogenesis</span>
    </annotation>
    <annotation annotator="Mike Bada, University of Colorado Anschutz Medical Campus" id="GO_BP_2016_02_16_Instance_32971" type="identity">
      <class id="GO:0010467" label="gene expression"/>
      <span end="18521" id="16121256-15041" start="18512">expresses</span>
    </annotation>
    <annotation annotator="Mike Bada, University of Colorado Anschutz Medical Campus" id="GO_BP_2016_02_16_with_nested_annotations_Instance_23997" type="identity">
      <class id="GO_PATO_EXT:necrosis" label="necrosis"/>
      <span end="18906" id="16121256-15151" start="18898">necrosis</span>
    </annotation>
    <annotation annotator="Mike Bada, University of Colorado Anschutz Medical Campus" id="GO_BP_2016_02_16_Instance_35491" type="identity">
      <class id="GO:0001676" label="long-chain fatty acid metabolic process"/>
      <span end="19200" id="16121256-15053" start="19175">long chain fat metabolism</span>
    </annotation>
    <annotation annotator="Mike Bada, University of Colorado Anschutz Medical Campus" id="GO_BP_2016_02_16_Instance_50677" type="identity">
      <class id="GO:0016265" label="death"/>
      <span end="19986" id="16121256-15109" start="19980">deaths</span>
    </annotation>
    <annotation annotator="Mike Bada, University of Colorado Anschutz Medical Campus" id="GO_BP_2016_02_16_Instance_36109" type="identity">
      <class id="GO:0007565" label="female pregnancy"/>
      <span end="20002" id="16121256-15079" start="19991">gestational</span>
    </annotation>
    <annotation annotator="Mike Bada, University of Colorado Anschutz Medical Campus" id="GO_BP_2016_02_16_Instance_35937" type="identity">
      <class id="GO:0006266" label="DNA ligation"/>
      <span end="20798" id="16121256-15067" start="20790">ligation</span>
    </annotation>
    <annotation annotator="Mike Bada, University of Colorado Anschutz Medical Campus" id="GO_BP_2016_02_16_Instance_35939" type="identity">
      <class id="GO:0006266" label="DNA ligation"/>
      <span end="21441" id="16121256-15069" start="21433">ligation</span>
    </annotation>
    <annotation annotator="Mike Bada, University of Colorado Anschutz Medical Campus" id="GO_BP_2016_02_16_Instance_35941" type="identity">
      <class id="GO:0006266" label="DNA ligation"/>
      <span end="21586" id="16121256-15071" start="21578">ligation</span>
    </annotation>
    <annotation annotator="Mike Bada, University of Colorado Anschutz Medical Campus" id="GO_BP_2016_02_16_with_nested_annotations_Instance_10122" type="identity">
      <class id="GO_EXT:DNA_gap_repair" label="DNA gap repair"/>
      <span end="22023" id="16121256-15117" start="22013">gap repair</span>
    </annotation>
    <annotation annotator="Mike Bada, University of Colorado Anschutz Medical Campus" id="GO_BP_2016_02_16_Instance_180117" type="identity">
      <class id="GO:0006302" label="double-strand break repair"/>
      <span end="22080" id="16121256-15023" start="22052">double stranded–break repair</span>
    </annotation>
    <annotation annotator="Mike Bada, University of Colorado Anschutz Medical Campus" id="GO_BP_2016_02_16_with_nested_annotations_Instance_120192" type="identity">
      <class id="GO_SO_EXT:sequence_rearrangement_process" label="sequence rearrangement process"/>
      <span end="22117" id="16121256-15125" start="22104">recombination</span>
    </annotation>
    <annotation annotator="Mike Bada, University of Colorado Anschutz Medical Campus" id="GO_BP_2016_02_16_with_nested_annotations_Instance_120194" type="identity">
      <class id="GO_SO_EXT:sequence_rearrangement_process" label="sequence rearrangement process"/>
      <span end="22191" id="16121256-15127" start="22178">recombination</span>
    </annotation>
    <annotation annotator="Mike Bada, University of Colorado Anschutz Medical Campus" id="GO_BP_2016_02_16_with_nested_annotations_Instance_120196" type="identity">
      <class id="GO_SO_EXT:sequence_rearrangement_process" label="sequence rearrangement process"/>
      <span end="22536" id="16121256-15129" start="22523">recombination</span>
    </annotation>
    <annotation annotator="Mike Bada, University of Colorado Anschutz Medical Campus" id="GO_BP_2016_02_16_Instance_180121" type="identity">
      <class id="GO:0001171" label="reverse transcription"/>
      <span end="23233" id="16121256-15025" start="23212">Reverse transcription</span>
    </annotation>
    <annotation annotator="Mike Bada, University of Colorado Anschutz Medical Campus" id="GO_BP_2016_02_16_Instance_33071" type="identity">
      <class id="GO:0010467" label="gene expression"/>
      <span end="23702" id="16121256-15043" start="23693">expressed</span>
    </annotation>
    <annotation annotator="Mike Bada, University of Colorado Anschutz Medical Campus" id="GO_BP_2016_02_16_with_nested_annotations_Instance_23438" type="identity">
      <class id="GO_EXT:biological_movement_or_translocation_process" label="biological movement/translocation process"/>
      <span end="24134" id="16121256-15143" start="24123">transferred</span>
    </annotation>
    <annotation annotator="Mike Bada, University of Colorado Anschutz Medical Campus" id="GO_BP_2016_02_16_Instance_36113" type="identity">
      <class id="GO:0019835" label="cytolysis"/>
      <span end="25169" id="16121256-15081" start="25164">lysed</span>
    </annotation>
    <annotation annotator="Mike Bada, University of Colorado Anschutz Medical Campus" id="GO_BP_2016_02_16_with_nested_annotations_Instance_20512" type="identity">
      <class id="GO_EXT:macromolecule_denaturation" label="macromolecule denaturation"/>
      <span end="25575" id="16121256-15137" start="25566">denatured</span>
    </annotation>
    <annotation annotator="Mike Bada, University of Colorado Anschutz Medical Campus" id="GO_BP_2016_02_16_with_nested_annotations_Instance_23440" type="identity">
      <class id="GO_EXT:biological_movement_or_translocation_process" label="biological movement/translocation process"/>
      <span end="25618" id="16121256-15145" start="25607">transferred</span>
    </annotation>
    <annotation annotator="Mike Bada, University of Colorado Anschutz Medical Campus" id="GO_BP_2016_02_16_with_nested_annotations_Instance_20380" type="identity">
      <class id="GO_EXT:biological_routing_or_transport" label="biological routing/transport"/>
      <span end="29348" id="16121256-15135" start="29339">transport</span>
    </annotation>
    <graph-space id="Old Knowtator Relations"/>
  </document>
</knowtator-project>
