<?xml version="1.0" encoding="UTF-8" standalone="no"?>
<knowtator-project>
    <document id="16221973" text-file="16221973.txt">
        <annotation annotator="Mike Bada, University of Colorado Anschutz Medical Campus" id="GO_BP_2016_02_16_Instance_36915" type="identity">
            <class id="GO:0006952" label="defense response"/>
            <span end="42" id="16221973-16490" start="35">defense</span>
        </annotation>
        <annotation annotator="Mike Bada, University of Colorado Anschutz Medical Campus" id="GO_BP_2016_02_16_Instance_180307" type="identity">
            <class id="GO_EXT:transcription" label="transcription"/>
            <span end="137" id="16221973-16189" start="124">transcription</span>
        </annotation>
        <annotation annotator="Mike Bada, University of Colorado Anschutz Medical Campus" id="GO_BP_2016_02_16_Instance_36967" type="identity">
            <class id="GO:0065007" label="biological regulation"/>
            <span end="164" id="16221973-16500" start="155">regulates</span>
        </annotation>
        <annotation annotator="Mike Bada, University of Colorado Anschutz Medical Campus" id="GO_BP_2016_02_16_Instance_230690" type="identity">
            <class id="GO:0010467" label="gene expression"/>
            <span end="175" id="16221973-16374" start="165">expression</span>
        </annotation>
        <annotation annotator="Mike Bada, University of Colorado Anschutz Medical Campus" id="GO_BP_2016_02_16_with_nested_annotations_Instance_1174" type="identity">
            <class id="GO_EXT:reaction_or_response" label="reaction/response"/>
            <span end="207" id="16221973-16640" start="199">response</span>
        </annotation>
        <annotation annotator="Mike Bada, University of Colorado Anschutz Medical Campus" id="GO_BP_2016_02_16_with_nested_annotations_Instance_1176" type="identity">
            <class id="GO_EXT:reaction_or_response" label="reaction/response"/>
            <span end="293" id="16221973-16642" start="285">response</span>
        </annotation>
        <annotation annotator="Mike Bada, University of Colorado Anschutz Medical Campus" id="GO_BP_2016_02_16_Instance_37047" type="identity">
            <class id="GO:0009790" label="embryo development"/>
            <span end="407" id="16221973-16527" start="398">embryonic</span>
            <span end="425" id="16221973-16528" start="414">development</span>
        </annotation>
        <annotation annotator="Mike Bada, University of Colorado Anschutz Medical Campus" id="GO_BP_2016_02_16_Instance_47187" type="identity">
            <class id="GO:0001889" label="liver development"/>
            <span end="425" id="16221973-16582" start="408">liver development</span>
        </annotation>
        <annotation annotator="Mike Bada, University of Colorado Anschutz Medical Campus" id="GO_BP_2016_02_16_Instance_37019" type="identity">
            <class id="GO:0007567" label="parturition"/>
            <span end="486" id="16221973-16510" start="481">birth</span>
        </annotation>
        <annotation annotator="Mike Bada, University of Colorado Anschutz Medical Campus" id="GO_BP_2016_02_16_with_nested_annotations_Instance_22302" type="identity">
            <class id="GO_EXT:fatality_or_lethality" label="fatality/lethality"/>
            <span end="506" id="16221973-16701" start="500">lethal</span>
        </annotation>
        <annotation annotator="Mike Bada, University of Colorado Anschutz Medical Campus" id="GO_BP_2016_02_16_Instance_180309" type="identity">
            <class id="GO_EXT:transcription" label="transcription"/>
            <span end="646" id="16221973-16191" start="633">transcription</span>
        </annotation>
        <annotation annotator="Mike Bada, University of Colorado Anschutz Medical Campus" id="GO_BP_2016_02_16_Instance_230692" type="identity">
            <class id="GO:0010467" label="gene expression"/>
            <span end="836" id="16221973-16376" start="826">expression</span>
        </annotation>
        <annotation annotator="Mike Bada, University of Colorado Anschutz Medical Campus" id="GO_BP_2016_02_16_with_nested_annotations_Instance_1178" type="identity">
            <class id="GO_EXT:reaction_or_response" label="reaction/response"/>
            <span end="1007" id="16221973-16644" start="999">response</span>
        </annotation>
        <annotation annotator="Mike Bada, University of Colorado Anschutz Medical Campus" id="GO_BP_2016_02_16_Instance_230694" type="identity">
            <class id="GO:0010467" label="gene expression"/>
            <span end="1067" id="16221973-16378" start="1057">expression</span>
        </annotation>
        <annotation annotator="Mike Bada, University of Colorado Anschutz Medical Campus" id="GO_BP_2016_02_16_Instance_36969" type="identity">
            <class id="GO:0065007" label="biological regulation"/>
            <span end="1097" id="16221973-16502" start="1088">regulated</span>
        </annotation>
        <annotation annotator="Mike Bada, University of Colorado Anschutz Medical Campus" id="GO_BP_2016_02_16_Instance_180311" type="identity">
            <class id="GO:0010467" label="gene expression"/>
            <span end="1180" id="16221973-16193" start="1171">expressed</span>
        </annotation>
        <annotation annotator="Mike Bada, University of Colorado Anschutz Medical Campus" id="GO_BP_2016_02_16_with_nested_annotations_Instance_1180" type="identity">
            <class id="GO_EXT:reaction_or_response" label="reaction/response"/>
            <span end="1244" id="16221973-16646" start="1236">response</span>
        </annotation>
        <annotation annotator="Mike Bada, University of Colorado Anschutz Medical Campus" id="GO_BP_2016_02_16_Instance_33329" type="identity">
            <class id="GO:0010467" label="gene expression"/>
            <span end="1398" id="16221973-16396" start="1388">expression</span>
        </annotation>
        <annotation annotator="Mike Bada, University of Colorado Anschutz Medical Campus" id="GO_BP_2016_02_16_Instance_180315" type="identity">
            <class id="GO_EXT:biological_mover_or_transporter" label="biological mover/transporter"/>
            <span end="1439" id="16221973-16195" start="1428">transporter</span>
        </annotation>
        <annotation annotator="Mike Bada, University of Colorado Anschutz Medical Campus" id="GO_BP_2016_02_16_Instance_180317" type="identity">
            <class id="GO_EXT:transcription" label="transcription"/>
            <span end="1514" id="16221973-16197" start="1501">transcription</span>
        </annotation>
        <annotation annotator="Mike Bada, University of Colorado Anschutz Medical Campus" id="GO_BP_2016_02_16_Instance_37031" type="identity">
            <class id="GO:0006750" label="glutathione biosynthetic process"/>
            <span end="1549" id="16221973-16514" start="1540">synthesis</span>
            <span end="1581" id="16221973-16515" start="1567">of glutathione</span>
        </annotation>
        <annotation annotator="Mike Bada, University of Colorado Anschutz Medical Campus" id="GO_BP_2016_02_16_Instance_37033" type="identity">
            <class id="GO:0006968" label="cellular defense response"/>
            <span end="1683" id="16221973-16517" start="1675">cellular</span>
            <span end="1704" id="16221973-16518" start="1697">defense</span>
        </annotation>
        <annotation annotator="Mike Bada, University of Colorado Anschutz Medical Campus" id="GO_BP_2016_02_16_with_nested_annotations_Instance_1182" type="identity">
            <class id="GO_EXT:reaction_or_response" label="reaction/response"/>
            <span end="1965" id="16221973-16648" start="1957">response</span>
        </annotation>
        <annotation annotator="Mike Bada, University of Colorado Anschutz Medical Campus" id="GO_BP_2016_02_16_Instance_180319" type="identity">
            <class id="GO:0042592" label="homeostatic process"/>
            <span end="2245" id="16221973-16199" start="2234">homeostasis</span>
        </annotation>
        <annotation annotator="Mike Bada, University of Colorado Anschutz Medical Campus" id="GO_BP_2016_02_16_Instance_180321" type="identity">
            <class id="GO:0098754" label="detoxification"/>
            <span end="2264" id="16221973-16201" start="2250">detoxification</span>
        </annotation>
        <annotation annotator="Mike Bada, University of Colorado Anschutz Medical Campus" id="GO_BP_2016_02_16_Instance_33331" type="identity">
            <class id="GO:0010467" label="gene expression"/>
            <span end="2455" id="16221973-16398" start="2445">expression</span>
        </annotation>
        <annotation annotator="Mike Bada, University of Colorado Anschutz Medical Campus" id="GO_BP_2016_02_16_Instance_180323" type="identity">
            <class id="GO_EXT:transcription" label="transcription"/>
            <span end="2516" id="16221973-16203" start="2503">transcription</span>
        </annotation>
        <annotation annotator="Mike Bada, University of Colorado Anschutz Medical Campus" id="GO_BP_2016_02_16_with_nested_annotations_Instance_1184" type="identity">
            <class id="GO_EXT:reaction_or_response" label="reaction/response"/>
            <span end="2630" id="16221973-16650" start="2622">response</span>
        </annotation>
        <annotation annotator="Mike Bada, University of Colorado Anschutz Medical Campus" id="GO_BP_2016_02_16_with_nested_annotations_Instance_1186" type="identity">
            <class id="GO_EXT:reaction_or_response" label="reaction/response"/>
            <span end="3043" id="16221973-16652" start="3035">response</span>
        </annotation>
        <annotation annotator="Mike Bada, University of Colorado Anschutz Medical Campus" id="GO_BP_2016_02_16_with_nested_annotations_Instance_324" type="identity">
            <class id="GO_PATO_EXT:biological_localization_process_or_quality" label="biological localization process or quality"/>
            <span end="3229" id="16221973-16737" start="3220">localized</span>
        </annotation>
        <annotation annotator="Mike Bada, University of Colorado Anschutz Medical Campus" id="GO_BP_2016_02_16_Instance_180325" type="identity">
            <class id="GO_EXT:biological_mover_or_transporter" label="biological mover/transporter"/>
            <span end="3253" id="16221973-16205" start="3242">transporter</span>
        </annotation>
        <annotation annotator="Mike Bada, University of Colorado Anschutz Medical Campus" id="GO_BP_2016_02_16_with_nested_annotations_Instance_80344" type="identity">
            <class id="GO_EXT:biological_growth_entity_or_process" label="biological growth entity or process"/>
            <span end="3321" id="16221973-16743" start="3315">growth</span>
        </annotation>
        <annotation annotator="Mike Bada, University of Colorado Anschutz Medical Campus" id="GO_BP_2016_02_16_Instance_34971" type="identity">
            <class id="GO:0001525" label="angiogenesis"/>
            <span end="3350" id="16221973-16412" start="3340">angiogenic</span>
        </annotation>
        <annotation annotator="Mike Bada, University of Colorado Anschutz Medical Campus" id="GO_BP_2016_02_16_with_nested_annotations_Instance_80346" type="identity">
            <class id="GO_EXT:biological_growth_entity_or_process" label="biological growth entity or process"/>
            <span end="3393" id="16221973-16745" start="3387">growth</span>
        </annotation>
        <annotation annotator="Mike Bada, University of Colorado Anschutz Medical Campus" id="GO_BP_2016_02_16_Instance_37041" type="identity">
            <class id="GO:0009790" label="embryo development"/>
            <span end="3546" id="16221973-16520" start="3533">embryogenesis</span>
        </annotation>
        <annotation annotator="Mike Bada, University of Colorado Anschutz Medical Campus" id="GO_BP_2016_02_16_with_nested_annotations_Instance_22304" type="identity">
            <class id="GO_EXT:fatality_or_lethality" label="fatality/lethality"/>
            <span end="3606" id="16221973-16703" start="3597">lethality</span>
        </annotation>
        <annotation annotator="Mike Bada, University of Colorado Anschutz Medical Campus" id="GO_BP_2016_02_16_Instance_180327" type="identity">
            <class id="GO:0007620" label="copulation"/>
            <span end="3633" id="16221973-16207" start="3627">coitum</span>
        </annotation>
        <annotation annotator="Mike Bada, University of Colorado Anschutz Medical Campus" id="GO_BP_2016_02_16_with_nested_annotations_Instance_23999" type="identity">
            <class id="GO_PATO_EXT:necrosis" label="necrosis"/>
            <span end="3660" id="16221973-16733" start="3652">necrosis</span>
        </annotation>
        <annotation annotator="Mike Bada, University of Colorado Anschutz Medical Campus" id="GO_BP_2016_02_16_with_nested_annotations_Instance_22306" type="identity">
            <class id="GO_EXT:fatality_or_lethality" label="fatality/lethality"/>
            <span end="3897" id="16221973-16705" start="3891">lethal</span>
        </annotation>
        <annotation annotator="Mike Bada, University of Colorado Anschutz Medical Campus" id="GO_BP_2016_02_16_with_nested_annotations_Instance_22308" type="identity">
            <class id="GO_EXT:fatality_or_lethality" label="fatality/lethality"/>
            <span end="4008" id="16221973-16707" start="4002">lethal</span>
        </annotation>
        <annotation annotator="Mike Bada, University of Colorado Anschutz Medical Campus" id="GO_BP_2016_02_16_Instance_37021" type="identity">
            <class id="GO:0007567" label="parturition"/>
            <span end="4153" id="16221973-16512" start="4148">birth</span>
        </annotation>
        <annotation annotator="Mike Bada, University of Colorado Anschutz Medical Campus" id="GO_BP_2016_02_16_with_nested_annotations_Instance_22310" type="identity">
            <class id="GO_EXT:fatality_or_lethality" label="fatality/lethality"/>
            <span end="4173" id="16221973-16709" start="4167">lethal</span>
        </annotation>
        <annotation annotator="Mike Bada, University of Colorado Anschutz Medical Campus" id="GO_BP_2016_02_16_Instance_180331" type="identity">
            <class id="GO_EXT:reverse_transcription_or_reverse_transcriptase" label="reverse transcription or reverse transcriptase"/>
            <span end="4599" id="16221973-16209" start="4597">RT</span>
        </annotation>
        <annotation annotator="Mike Bada, University of Colorado Anschutz Medical Campus" id="GO_BP_2016_02_16_Instance_230696" type="identity">
            <class id="GO:0010467" label="gene expression"/>
            <span end="4764" id="16221973-16380" start="4754">expression</span>
        </annotation>
        <annotation annotator="Mike Bada, University of Colorado Anschutz Medical Campus" id="GO_BP_2016_02_16_Instance_230698" type="identity">
            <class id="GO:0010467" label="gene expression"/>
            <span end="4856" id="16221973-16382" start="4846">expression</span>
        </annotation>
        <annotation annotator="Mike Bada, University of Colorado Anschutz Medical Campus" id="GO_BP_2016_02_16_Instance_36971" type="identity">
            <class id="GO:0065007" label="biological regulation"/>
            <span end="4886" id="16221973-16504" start="4877">regulated</span>
        </annotation>
        <annotation annotator="Mike Bada, University of Colorado Anschutz Medical Campus" id="GO_BP_2016_02_16_Instance_230700" type="identity">
            <class id="GO:0010467" label="gene expression"/>
            <span end="5022" id="16221973-16384" start="5012">expression</span>
        </annotation>
        <annotation annotator="Mike Bada, University of Colorado Anschutz Medical Campus" id="GO_BP_2016_02_16_with_nested_annotations_Instance_10302" type="identity">
            <class id="GO_EXT:biological_mover_or_transporter" label="biological mover/transporter"/>
            <span end="5040" id="16221973-16638" start="5033">carrier</span>
        </annotation>
        <annotation annotator="Mike Bada, University of Colorado Anschutz Medical Campus" id="GO_BP_2016_02_16_Instance_180333" type="identity">
            <class id="GO_EXT:biological_mover_or_transporter" label="biological mover/transporter"/>
            <span end="5125" id="16221973-16211" start="5114">transporter</span>
        </annotation>
        <annotation annotator="Mike Bada, University of Colorado Anschutz Medical Campus" id="GO_BP_2016_02_16_with_nested_annotations_Instance_1188" type="identity">
            <class id="GO_EXT:reaction_or_response" label="reaction/response"/>
            <span end="5173" id="16221973-16654" start="5165">response</span>
        </annotation>
        <annotation annotator="Mike Bada, University of Colorado Anschutz Medical Campus" id="GO_BP_2016_02_16_Instance_37063" type="identity">
            <class id="GO:0006749" label="glutathione metabolic process"/>
            <span end="5223" id="16221973-16530" start="5201">glutathione metabolism</span>
        </annotation>
        <annotation annotator="Mike Bada, University of Colorado Anschutz Medical Campus" id="GO_BP_2016_02_16_Instance_36917" type="identity">
            <class id="GO:0006952" label="defense response"/>
            <span end="5290" id="16221973-16492" start="5283">defense</span>
        </annotation>
        <annotation annotator="Mike Bada, University of Colorado Anschutz Medical Campus" id="GO_BP_2016_02_16_with_nested_annotations_Instance_120202" type="identity">
            <class id="GO_SO_EXT:sequence_rearrangement_process" label="sequence rearrangement process"/>
            <span end="5717" id="16221973-16668" start="5704">recombination</span>
        </annotation>
        <annotation annotator="Mike Bada, University of Colorado Anschutz Medical Campus" id="GO_BP_2016_02_16_Instance_34133" type="identity">
            <class id="GO:0010467" label="gene expression"/>
            <span end="6213" id="16221973-16400" start="6203">expression</span>
        </annotation>
        <annotation annotator="Mike Bada, University of Colorado Anschutz Medical Campus" id="GO_BP_2016_02_16_with_nested_annotations_Instance_23105" type="identity">
            <class id="GO_EXT:killing" label="killing"/>
            <span end="7704" id="16221973-16713" start="7693">sacrificing</span>
        </annotation>
        <annotation annotator="Mike Bada, University of Colorado Anschutz Medical Campus" id="GO_BP_2016_02_16_Instance_47193" type="identity">
            <class id="GO:0010467" label="gene expression"/>
            <span end="7995" id="16221973-16584" start="7980">Gene expression</span>
        </annotation>
        <annotation annotator="Mike Bada, University of Colorado Anschutz Medical Campus" id="GO_BP_2016_02_16_Instance_180339" type="identity">
            <class id="GO_EXT:transcription" label="transcription"/>
            <span end="8338" id="16221973-16213" start="8325">transcription</span>
        </annotation>
        <annotation annotator="Mike Bada, University of Colorado Anschutz Medical Campus" id="GO_BP_2016_02_16_Instance_36813" type="identity">
            <class id="GO:0010467" label="gene expression"/>
            <span end="9090" id="16221973-16482" start="9081">expressed</span>
        </annotation>
        <annotation annotator="Mike Bada, University of Colorado Anschutz Medical Campus" id="GO_BP_2016_02_16_Instance_34231" type="identity">
            <class id="GO:0010467" label="gene expression"/>
            <span end="9146" id="16221973-16402" start="9136">expression</span>
        </annotation>
        <annotation annotator="Mike Bada, University of Colorado Anschutz Medical Campus" id="GO_BP_2016_02_16_Instance_180341" type="identity">
            <class id="GO_EXT:reverse_transcription_or_reverse_transcriptase" label="reverse transcription or reverse transcriptase"/>
            <span end="9679" id="16221973-16215" start="9677">RT</span>
        </annotation>
        <annotation annotator="Mike Bada, University of Colorado Anschutz Medical Campus" id="GO_BP_2016_02_16_Instance_180343" type="identity">
            <class id="GO_EXT:reverse_transcription_or_reverse_transcriptase" label="reverse transcription or reverse transcriptase"/>
            <span end="9691" id="16221973-16217" start="9689">RT</span>
        </annotation>
        <annotation annotator="Mike Bada, University of Colorado Anschutz Medical Campus" id="GO_BP_2016_02_16_Instance_180345" type="identity">
            <class id="GO_EXT:reverse_transcription_or_reverse_transcriptase" label="reverse transcription or reverse transcriptase"/>
            <span end="9735" id="16221973-16219" start="9733">RT</span>
        </annotation>
        <annotation annotator="Mike Bada, University of Colorado Anschutz Medical Campus" id="GO_BP_2016_02_16_Instance_37083" type="identity">
            <class id="GO:0040007" label="growth"/>
            <span end="13161" id="16221973-16536" start="13156">grown</span>
        </annotation>
        <annotation annotator="Mike Bada, University of Colorado Anschutz Medical Campus" id="GO_BP_2016_02_16_Instance_37087" type="identity">
            <class id="GO:0009294" label="DNA mediated transformation"/>
            <span end="13346" id="16221973-16540" start="13335">transfected</span>
        </annotation>
        <annotation annotator="Mike Bada, University of Colorado Anschutz Medical Campus" id="GO_BP_2016_02_16_Instance_34233" type="identity">
            <class id="GO:0010467" label="gene expression"/>
            <span end="13374" id="16221973-16404" start="13364">expression</span>
        </annotation>
        <annotation annotator="Mike Bada, University of Colorado Anschutz Medical Campus" id="GO_BP_2016_02_16_Instance_37089" type="identity">
            <class id="GO:0009294" label="DNA mediated transformation"/>
            <span end="13849" id="16221973-16542" start="13838">transfected</span>
        </annotation>
        <annotation annotator="Mike Bada, University of Colorado Anschutz Medical Campus" id="GO_BP_2016_02_16_Instance_34235" type="identity">
            <class id="GO:0010467" label="gene expression"/>
            <span end="13916" id="16221973-16406" start="13906">expression</span>
        </annotation>
        <annotation annotator="Mike Bada, University of Colorado Anschutz Medical Campus" id="GO_BP_2016_02_16_Instance_34297" type="identity">
            <class id="GO:0010467" label="gene expression"/>
            <span end="13999" id="16221973-16408" start="13989">expression</span>
        </annotation>
        <annotation annotator="Mike Bada, University of Colorado Anschutz Medical Campus" id="GO_BP_2016_02_16_Instance_43659" type="identity">
            <class id="GO:0065007" label="biological regulation"/>
            <span end="14058" id="16221973-16578" start="14051">control</span>
        </annotation>
        <annotation annotator="Mike Bada, University of Colorado Anschutz Medical Campus" id="GO_BP_2016_02_16_Instance_37091" type="identity">
            <class id="GO:0009294" label="DNA mediated transformation"/>
            <span end="14097" id="16221973-16544" start="14086">transfected</span>
        </annotation>
        <annotation annotator="Mike Bada, University of Colorado Anschutz Medical Campus" id="GO_BP_2016_02_16_Instance_37085" type="identity">
            <class id="GO:0040007" label="growth"/>
            <span end="14225" id="16221973-16538" start="14220">grown</span>
        </annotation>
        <annotation annotator="Mike Bada, University of Colorado Anschutz Medical Campus" id="GO_BP_2016_02_16_Instance_34551" type="identity">
            <class id="GO:0010467" label="gene expression"/>
            <span end="14259" id="16221973-16410" start="14249">expression</span>
        </annotation>
        <annotation annotator="Mike Bada, University of Colorado Anschutz Medical Campus" id="GO_BP_2016_02_16_Instance_180347" type="identity">
            <class id="GO_EXT:reverse_transcription_or_reverse_transcriptase" label="reverse transcription or reverse transcriptase"/>
            <span end="14336" id="16221973-16221" start="14334">RT</span>
        </annotation>
        <annotation annotator="Mike Bada, University of Colorado Anschutz Medical Campus" id="GO_BP_2016_02_16_with_nested_annotations_Instance_23593" type="identity">
            <class id="GO_PATO_EXT:biological_adhesion_or_attachedness" label="biological adhesion or attachedness"/>
            <span end="14561" id="16221973-16727" start="14555">adhere</span>
        </annotation>
        <annotation annotator="Mike Bada, University of Colorado Anschutz Medical Campus" id="GO_BP_2016_02_16_Instance_37065" type="identity">
            <class id="GO:0006750" label="glutathione biosynthetic process"/>
            <span end="14746" id="16221973-16532" start="14725">glutathione synthesis</span>
        </annotation>
        <annotation annotator="Mike Bada, University of Colorado Anschutz Medical Campus" id="GO_BP_2016_02_16_Instance_47195" type="identity">
            <class id="GO:0008283" label="cell proliferation"/>
            <span end="14995" id="16221973-16586" start="14977">Cell Proliferation</span>
        </annotation>
        <annotation annotator="Mike Bada, University of Colorado Anschutz Medical Campus" id="GO_BP_2016_02_16_with_nested_annotations_Instance_120204" type="identity">
            <class id="GO_SO_EXT:sequence_rearrangement_process" label="sequence rearrangement process"/>
            <span end="15167" id="16221973-16670" start="15154">recombination</span>
        </annotation>
        <annotation annotator="Mike Bada, University of Colorado Anschutz Medical Campus" id="GO_BP_2016_02_16_Instance_36909" type="identity">
            <class id="GO:0010467" label="gene expression"/>
            <span end="15508" id="16221973-16484" start="15499">expressed</span>
        </annotation>
        <annotation annotator="Mike Bada, University of Colorado Anschutz Medical Campus" id="GO_BP_2016_02_16_Instance_43661" type="identity">
            <class id="GO:0065007" label="biological regulation"/>
            <span end="15539" id="16221973-16580" start="15532">control</span>
        </annotation>
        <annotation annotator="Mike Bada, University of Colorado Anschutz Medical Campus" id="GO_BP_2016_02_16_Instance_180351" type="identity">
            <class id="GO_SO_EXT:frameshift_entity_or_process" label="frameshift entity or process"/>
            <span end="15902" id="16221973-16223" start="15892">frameshift</span>
        </annotation>
        <annotation annotator="Mike Bada, University of Colorado Anschutz Medical Campus" id="GO_BP_2016_02_16_Instance_180361" type="identity">
            <class id="GO_SO_EXT:translational_stop_entity_or_process" label="translational stop entity or process"/>
            <span end="15933" id="16221973-16229" start="15917">translation stop</span>
        </annotation>
        <annotation annotator="Mike Bada, University of Colorado Anschutz Medical Campus" id="GO_BP_2016_02_16_Instance_180353" type="identity">
            <class id="GO_EXT:reverse_transcription_or_reverse_transcriptase" label="reverse transcription or reverse transcriptase"/>
            <span end="16261" id="16221973-16225" start="16259">RT</span>
        </annotation>
        <annotation annotator="Mike Bada, University of Colorado Anschutz Medical Campus" id="GO_BP_2016_02_16_Instance_230702" type="identity">
            <class id="GO:0010467" label="gene expression"/>
            <span end="17845" id="16221973-16386" start="17835">expression</span>
        </annotation>
        <annotation annotator="Mike Bada, University of Colorado Anschutz Medical Campus" id="GO_BP_2016_02_16_Instance_47199" type="identity">
            <class id="GO:0010467" label="gene expression"/>
            <span end="17914" id="16221973-16588" start="17899">gene expression</span>
        </annotation>
        <annotation annotator="Mike Bada, University of Colorado Anschutz Medical Campus" id="GO_BP_2016_02_16_Instance_180355" type="identity">
            <class id="GO:0010629" label="negative regulation of gene expression"/>
            <span end="18188" id="16221973-16227" start="18160">downregulation of expression</span>
        </annotation>
        <annotation annotator="Mike Bada, University of Colorado Anschutz Medical Campus" id="GO_BP_2016_02_16_with_nested_annotations_Instance_10012" type="identity">
            <class id="GO_SO_EXT:transcriptional_start_entity_or_process" label="transcriptional start entity or process"/>
            <span end="18456" id="16221973-16604" start="18437">transcription start</span>
        </annotation>
        <annotation annotator="Mike Bada, University of Colorado Anschutz Medical Campus" id="GO_BP_2016_02_16_Instance_180365" type="identity">
            <class id="GO_EXT:positive_regulation" label="positive regulation"/>
            <span end="18568" id="16221973-16231" start="18556">upregulation</span>
        </annotation>
        <annotation annotator="Mike Bada, University of Colorado Anschutz Medical Campus" id="GO_BP_2016_02_16_Instance_180367" type="identity">
            <class id="GO_EXT:negative_regulation" label="negative regulation"/>
            <span end="18823" id="16221973-16233" start="18809">downregulation</span>
        </annotation>
        <annotation annotator="Mike Bada, University of Colorado Anschutz Medical Campus" id="GO_BP_2016_02_16_Instance_180369" type="identity">
            <class id="GO_EXT:positive_regulation" label="positive regulation"/>
            <span end="19110" id="16221973-16235" start="19098">upregulation</span>
        </annotation>
        <annotation annotator="Mike Bada, University of Colorado Anschutz Medical Campus" id="GO_BP_2016_02_16_Instance_36911" type="identity">
            <class id="GO:0010467" label="gene expression"/>
            <span end="19335" id="16221973-16486" start="19326">expressed</span>
        </annotation>
        <annotation annotator="Mike Bada, University of Colorado Anschutz Medical Campus" id="GO_BP_2016_02_16_Instance_180371" type="identity">
            <class id="GO_EXT:negative_regulation" label="negative regulation"/>
            <span end="19375" id="16221973-16237" start="19361">Downregulation</span>
        </annotation>
        <annotation annotator="Mike Bada, University of Colorado Anschutz Medical Campus" id="GO_BP_2016_02_16_Instance_180373" type="identity">
            <class id="GO_EXT:negative_regulation" label="negative regulation"/>
            <span end="19501" id="16221973-16239" start="19487">downregulation</span>
        </annotation>
        <annotation annotator="Mike Bada, University of Colorado Anschutz Medical Campus" id="GO_BP_2016_02_16_Instance_180375" type="identity">
            <class id="GO_EXT:transcription" label="transcription"/>
            <span end="19675" id="16221973-16241" start="19660">transcriptional</span>
        </annotation>
        <annotation annotator="Mike Bada, University of Colorado Anschutz Medical Campus" id="GO_BP_2016_02_16_with_nested_annotations_Instance_10014" type="identity">
            <class id="GO_SO_EXT:transcriptional_start_entity_or_process" label="transcriptional start entity or process"/>
            <span end="19766" id="16221973-16606" start="19747">transcription start</span>
        </annotation>
        <annotation annotator="Mike Bada, University of Colorado Anschutz Medical Campus" id="GO_BP_2016_02_16_Instance_35193" type="identity">
            <class id="GO:0010467" label="gene expression"/>
            <span end="20159" id="16221973-16414" start="20149">expression</span>
        </annotation>
        <annotation annotator="Mike Bada, University of Colorado Anschutz Medical Campus" id="GO_BP_2016_02_16_Instance_180379" type="identity">
            <class id="GO_EXT:negative_regulation" label="negative regulation"/>
            <span end="20259" id="16221973-16243" start="20246">downregulated</span>
        </annotation>
        <annotation annotator="Mike Bada, University of Colorado Anschutz Medical Campus" id="GO_BP_2016_02_16_Instance_35477" type="identity">
            <class id="GO:0010467" label="gene expression"/>
            <span end="20481" id="16221973-16416" start="20471">expression</span>
        </annotation>
        <annotation annotator="Mike Bada, University of Colorado Anschutz Medical Campus" id="GO_BP_2016_02_16_Instance_180381" type="identity">
            <class id="GO_EXT:reverse_transcription_or_reverse_transcriptase" label="reverse transcription or reverse transcriptase"/>
            <span end="20607" id="16221973-16245" start="20605">RT</span>
        </annotation>
        <annotation annotator="Mike Bada, University of Colorado Anschutz Medical Campus" id="GO_BP_2016_02_16_Instance_180383" type="identity">
            <class id="GO_EXT:positive_regulation" label="positive regulation"/>
            <span end="20713" id="16221973-16247" start="20701">upregulation</span>
        </annotation>
        <annotation annotator="Mike Bada, University of Colorado Anschutz Medical Campus" id="GO_BP_2016_02_16_Instance_180385" type="identity">
            <class id="GO_EXT:transcription" label="transcription"/>
            <span end="20736" id="16221973-16249" start="20723">transcription</span>
        </annotation>
        <annotation annotator="Mike Bada, University of Colorado Anschutz Medical Campus" id="GO_BP_2016_02_16_Instance_35479" type="identity">
            <class id="GO:0010467" label="gene expression"/>
            <span end="20948" id="16221973-16418" start="20938">expression</span>
        </annotation>
        <annotation annotator="Mike Bada, University of Colorado Anschutz Medical Campus" id="GO_BP_2016_02_16_with_nested_annotations_Instance_10016" type="identity">
            <class id="GO_SO_EXT:transcriptional_start_entity_or_process" label="transcriptional start entity or process"/>
            <span end="21067" id="16221973-16608" start="21048">transcription start</span>
        </annotation>
        <annotation annotator="Mike Bada, University of Colorado Anschutz Medical Campus" id="GO_BP_2016_02_16_with_nested_annotations_Instance_10018" type="identity">
            <class id="GO_SO_EXT:transcriptional_start_entity_or_process" label="transcriptional start entity or process"/>
            <span end="21178" id="16221973-16610" start="21159">transcription start</span>
        </annotation>
        <annotation annotator="Mike Bada, University of Colorado Anschutz Medical Campus" id="GO_BP_2016_02_16_with_nested_annotations_Instance_1190" type="identity">
            <class id="GO_EXT:reaction_or_response" label="reaction/response"/>
            <span end="21607" id="16221973-16656" start="21599">response</span>
        </annotation>
        <annotation annotator="Mike Bada, University of Colorado Anschutz Medical Campus" id="GO_BP_2016_02_16_Instance_180391" type="identity">
            <class id="GO_EXT:negative_regulation" label="negative regulation"/>
            <span end="21672" id="16221973-16251" start="21659">downregulated</span>
        </annotation>
        <annotation annotator="Mike Bada, University of Colorado Anschutz Medical Campus" id="GO_BP_2016_02_16_with_nested_annotations_Instance_1192" type="identity">
            <class id="GO_EXT:reaction_or_response" label="reaction/response"/>
            <span end="21859" id="16221973-16658" start="21851">response</span>
        </annotation>
        <annotation annotator="Mike Bada, University of Colorado Anschutz Medical Campus" id="GO_BP_2016_02_16_Instance_35557" type="identity">
            <class id="GO:0010467" label="gene expression"/>
            <span end="21942" id="16221973-16420" start="21932">expression</span>
        </annotation>
        <annotation annotator="Mike Bada, University of Colorado Anschutz Medical Campus" id="GO_BP_2016_02_16_Instance_180393" type="identity">
            <class id="GO_EXT:reverse_transcription_or_reverse_transcriptase" label="reverse transcription or reverse transcriptase"/>
            <span end="22063" id="16221973-16253" start="22061">RT</span>
        </annotation>
        <annotation annotator="Mike Bada, University of Colorado Anschutz Medical Campus" id="GO_BP_2016_02_16_Instance_35559" type="identity">
            <class id="GO:0010467" label="gene expression"/>
            <span end="22147" id="16221973-16422" start="22137">expression</span>
        </annotation>
        <annotation annotator="Mike Bada, University of Colorado Anschutz Medical Campus" id="GO_BP_2016_02_16_with_nested_annotations_Instance_1194" type="identity">
            <class id="GO_EXT:reaction_or_response" label="reaction/response"/>
            <span end="22238" id="16221973-16660" start="22230">response</span>
        </annotation>
        <annotation annotator="Mike Bada, University of Colorado Anschutz Medical Campus" id="GO_BP_2016_02_16_Instance_35561" type="identity">
            <class id="GO:0010467" label="gene expression"/>
            <span end="22281" id="16221973-16424" start="22271">expression</span>
        </annotation>
        <annotation annotator="Mike Bada, University of Colorado Anschutz Medical Campus" id="GO_BP_2016_02_16_Instance_35927" type="identity">
            <class id="GO:0010467" label="gene expression"/>
            <span end="22353" id="16221973-16426" start="22343">expression</span>
        </annotation>
        <annotation annotator="Mike Bada, University of Colorado Anschutz Medical Campus" id="GO_BP_2016_02_16_with_nested_annotations_Instance_10020" type="identity">
            <class id="GO_SO_EXT:transcriptional_start_entity_or_process" label="transcriptional start entity or process"/>
            <span end="22475" id="16221973-16612" start="22456">transcription start</span>
        </annotation>
        <annotation annotator="Mike Bada, University of Colorado Anschutz Medical Campus" id="GO_BP_2016_02_16_with_nested_annotations_Instance_1196" type="identity">
            <class id="GO_EXT:reaction_or_response" label="reaction/response"/>
            <span end="23164" id="16221973-16662" start="23156">response</span>
        </annotation>
        <annotation annotator="Mike Bada, University of Colorado Anschutz Medical Campus" id="GO_BP_2016_02_16_Instance_180397" type="identity">
            <class id="GO_EXT:negative_regulation" label="negative regulation"/>
            <span end="23264" id="16221973-16255" start="23251">downregulated</span>
        </annotation>
        <annotation annotator="Mike Bada, University of Colorado Anschutz Medical Campus" id="GO_BP_2016_02_16_Instance_180399" type="identity">
            <class id="GO_EXT:muscle_structure_or_tissue_development" label="muscle structure or tissue development"/>
            <span end="23450" id="16221973-16257" start="23440">myogenesis</span>
        </annotation>
        <annotation annotator="Mike Bada, University of Colorado Anschutz Medical Campus" id="GO_BP_2016_02_16_Instance_180401" type="identity">
            <class id="GO_EXT:reverse_transcription_or_reverse_transcriptase" label="reverse transcription or reverse transcriptase"/>
            <span end="23508" id="16221973-16259" start="23506">RT</span>
        </annotation>
        <annotation annotator="Mike Bada, University of Colorado Anschutz Medical Campus" id="GO_BP_2016_02_16_Instance_35929" type="identity">
            <class id="GO:0010467" label="gene expression"/>
            <span end="23577" id="16221973-16428" start="23567">expression</span>
        </annotation>
        <annotation annotator="Mike Bada, University of Colorado Anschutz Medical Campus" id="GO_BP_2016_02_16_with_nested_annotations_Instance_1198" type="identity">
            <class id="GO_EXT:reaction_or_response" label="reaction/response"/>
            <span end="23676" id="16221973-16664" start="23668">response</span>
        </annotation>
        <annotation annotator="Mike Bada, University of Colorado Anschutz Medical Campus" id="GO_BP_2016_02_16_with_nested_annotations_Instance_10022" type="identity">
            <class id="GO_SO_EXT:transcriptional_start_entity_or_process" label="transcriptional start entity or process"/>
            <span end="23878" id="16221973-16614" start="23859">transcription start</span>
        </annotation>
        <annotation annotator="Mike Bada, University of Colorado Anschutz Medical Campus" id="GO_BP_2016_02_16_Instance_36025" type="identity">
            <class id="GO:0010467" label="gene expression"/>
            <span end="24235" id="16221973-16430" start="24225">expression</span>
        </annotation>
        <annotation annotator="Mike Bada, University of Colorado Anschutz Medical Campus" id="GO_BP_2016_02_16_Instance_180405" type="identity">
            <class id="GO_EXT:positive_regulation" label="positive regulation"/>
            <span end="24325" id="16221973-16261" start="24314">upregulated</span>
        </annotation>
        <annotation annotator="Mike Bada, University of Colorado Anschutz Medical Campus" id="GO_BP_2016_02_16_Instance_180407" type="identity">
            <class id="GO_EXT:biological_mover_or_transporter" label="biological mover/transporter"/>
            <span end="24534" id="16221973-16263" start="24522">transporters</span>
        </annotation>
        <annotation annotator="Mike Bada, University of Colorado Anschutz Medical Campus" id="GO_BP_2016_02_16_with_nested_annotations_Instance_20382" type="identity">
            <class id="GO_EXT:biological_routing_or_transport" label="biological routing/transport"/>
            <span end="24549" id="16221973-16699" start="24540">transport</span>
        </annotation>
        <annotation annotator="Mike Bada, University of Colorado Anschutz Medical Campus" id="GO_BP_2016_02_16_Instance_180411" type="identity">
            <class id="GO_EXT:reverse_transcription_or_reverse_transcriptase" label="reverse transcription or reverse transcriptase"/>
            <span end="24707" id="16221973-16265" start="24705">RT</span>
        </annotation>
        <annotation annotator="Mike Bada, University of Colorado Anschutz Medical Campus" id="GO_BP_2016_02_16_Instance_180413" type="identity">
            <class id="GO:0010629" label="negative regulation of gene expression"/>
            <span end="24739" id="16221973-16267" start="24722">downregulation of</span>
            <span end="24759" id="16221973-16268" start="24749">expression</span>
        </annotation>
        <annotation annotator="Mike Bada, University of Colorado Anschutz Medical Campus" id="GO_BP_2016_02_16_Instance_36137" type="identity">
            <class id="GO:0010467" label="gene expression"/>
            <span end="24863" id="16221973-16432" start="24853">expression</span>
        </annotation>
        <annotation annotator="Mike Bada, University of Colorado Anschutz Medical Campus" id="GO_BP_2016_02_16_Instance_36139" type="identity">
            <class id="GO:0010467" label="gene expression"/>
            <span end="24962" id="16221973-16434" start="24952">expression</span>
        </annotation>
        <annotation annotator="Mike Bada, University of Colorado Anschutz Medical Campus" id="GO_BP_2016_02_16_Instance_180415" type="identity">
            <class id="GO_EXT:transcription" label="transcription"/>
            <span end="25088" id="16221973-16270" start="25075">transcription</span>
        </annotation>
        <annotation annotator="Mike Bada, University of Colorado Anschutz Medical Campus" id="GO_BP_2016_02_16_Instance_180417" type="identity">
            <class id="GO_EXT:negative_regulation" label="negative regulation"/>
            <span end="25226" id="16221973-16272" start="25212">downregulation</span>
        </annotation>
        <annotation annotator="Mike Bada, University of Colorado Anschutz Medical Campus" id="GO_BP_2016_02_16_Instance_36141" type="identity">
            <class id="GO:0010467" label="gene expression"/>
            <span end="25446" id="16221973-16436" start="25436">expression</span>
        </annotation>
        <annotation annotator="Mike Bada, University of Colorado Anschutz Medical Campus" id="GO_BP_2016_02_16_with_nested_annotations_Instance_1200" type="identity">
            <class id="GO_EXT:reaction_or_response" label="reaction/response"/>
            <span end="25509" id="16221973-16666" start="25501">response</span>
        </annotation>
        <annotation annotator="Mike Bada, University of Colorado Anschutz Medical Campus" id="GO_BP_2016_02_16_with_nested_annotations_Instance_10024" type="identity">
            <class id="GO_SO_EXT:transcriptional_start_entity_or_process" label="transcriptional start entity or process"/>
            <span end="25672" id="16221973-16616" start="25653">transcription start</span>
        </annotation>
        <annotation annotator="Mike Bada, University of Colorado Anschutz Medical Campus" id="GO_BP_2016_02_16_Instance_180421" type="identity">
            <class id="GO_EXT:positive_regulation" label="positive regulation"/>
            <span end="26279" id="16221973-16274" start="26267">upregulation</span>
        </annotation>
        <annotation annotator="Mike Bada, University of Colorado Anschutz Medical Campus" id="GO_BP_2016_02_16_Instance_180423" type="identity">
            <class id="GO_EXT:negative_regulation" label="negative regulation"/>
            <span end="26488" id="16221973-16276" start="26474">downregulation</span>
        </annotation>
        <annotation annotator="Mike Bada, University of Colorado Anschutz Medical Campus" id="GO_BP_2016_02_16_Instance_37105" type="identity">
            <class id="GO:0006749" label="glutathione metabolic process"/>
            <span end="26560" id="16221973-16546" start="26547">metabolism of</span>
            <span end="26588" id="16221973-16547" start="26577">glutathione</span>
        </annotation>
        <annotation annotator="Mike Bada, University of Colorado Anschutz Medical Campus" id="GO_BP_2016_02_16_Instance_180425" type="identity">
            <class id="GO_EXT:positive_regulation" label="positive regulation"/>
            <span end="26617" id="16221973-16278" start="26606">upregulated</span>
        </annotation>
        <annotation annotator="Mike Bada, University of Colorado Anschutz Medical Campus" id="GO_BP_2016_02_16_Instance_37067" type="identity">
            <class id="GO:0006750" label="glutathione biosynthetic process"/>
            <span end="26791" id="16221973-16534" start="26767">synthesis of glutathione</span>
        </annotation>
        <annotation annotator="Mike Bada, University of Colorado Anschutz Medical Campus" id="GO_BP_2016_02_16_Instance_180427" type="identity">
            <class id="GO:0098754" label="detoxification"/>
            <span end="27010" id="16221973-16280" start="26996">detoxification</span>
        </annotation>
        <annotation annotator="Mike Bada, University of Colorado Anschutz Medical Campus" id="GO_BP_2016_02_16_Instance_180429" type="identity">
            <class id="GO_EXT:reverse_transcription_or_reverse_transcriptase" label="reverse transcription or reverse transcriptase"/>
            <span end="27094" id="16221973-16282" start="27092">RT</span>
        </annotation>
        <annotation annotator="Mike Bada, University of Colorado Anschutz Medical Campus" id="GO_BP_2016_02_16_Instance_36143" type="identity">
            <class id="GO:0010467" label="gene expression"/>
            <span end="27287" id="16221973-16438" start="27277">expression</span>
        </annotation>
        <annotation annotator="Mike Bada, University of Colorado Anschutz Medical Campus" id="GO_BP_2016_02_16_with_nested_annotations_Instance_1204" type="identity">
            <class id="GO:0051716" label="cellular response to stimulus"/>
            <span end="27460" id="16221973-16674" start="27452">cellular</span>
            <span end="27477" id="16221973-16675" start="27469">response</span>
        </annotation>
        <annotation annotator="Mike Bada, University of Colorado Anschutz Medical Campus" id="GO_BP_2016_02_16_with_nested_annotations_Instance_22312" type="identity">
            <class id="GO_EXT:fatality_or_lethality" label="fatality/lethality"/>
            <span end="27927" id="16221973-16711" start="27918">lethality</span>
        </annotation>
        <annotation annotator="Mike Bada, University of Colorado Anschutz Medical Campus" id="GO_BP_2016_02_16_Instance_36919" type="identity">
            <class id="GO:0006952" label="defense response"/>
            <span end="28092" id="16221973-16494" start="28085">defense</span>
        </annotation>
        <annotation annotator="Mike Bada, University of Colorado Anschutz Medical Campus" id="GO_BP_2016_02_16_Instance_180431" type="identity">
            <class id="GO_EXT:positive_regulation" label="positive regulation"/>
            <span end="28333" id="16221973-16284" start="28322">upregulated</span>
        </annotation>
        <annotation annotator="Mike Bada, University of Colorado Anschutz Medical Campus" id="GO_BP_2016_02_16_Instance_180433" type="identity">
            <class id="GO:0035437" label="maintenance of protein localization in endoplasmic reticulum"/>
            <span end="28520" id="16221973-16286" start="28481">endoplasmic reticulum protein retention</span>
        </annotation>
        <annotation annotator="Mike Bada, University of Colorado Anschutz Medical Campus" id="GO_BP_2016_02_16_with_nested_annotations_Instance_1206" type="identity">
            <class id="GO_EXT:reaction_or_response" label="reaction/response"/>
            <span end="28576" id="16221973-16677" start="28568">response</span>
        </annotation>
        <annotation annotator="Mike Bada, University of Colorado Anschutz Medical Campus" id="GO_BP_2016_02_16_with_nested_annotations_Instance_30331" type="identity">
            <class id="GO_PATO_EXT:apoptotic_process_or_quality" label="apoptotic process or quality"/>
            <span end="28605" id="16221973-16735" start="28596">apoptotic</span>
        </annotation>
        <annotation annotator="Mike Bada, University of Colorado Anschutz Medical Campus" id="GO_BP_2016_02_16_Instance_47203" type="identity">
            <class id="GO:0006915" label="apoptotic process"/>
            <span end="28678" id="16221973-16590" start="28669">apoptosis</span>
        </annotation>
        <annotation annotator="Mike Bada, University of Colorado Anschutz Medical Campus" id="GO_BP_2016_02_16_Instance_37043" type="identity">
            <class id="GO:0009790" label="embryo development"/>
            <span end="29004" id="16221973-16522" start="28995">embryonic</span>
            <span end="29022" id="16221973-16523" start="29011">development</span>
        </annotation>
        <annotation annotator="Mike Bada, University of Colorado Anschutz Medical Campus" id="GO_BP_2016_02_16_Instance_47205" type="identity">
            <class id="GO:0001889" label="liver development"/>
            <span end="29022" id="16221973-16592" start="29005">liver development</span>
        </annotation>
        <annotation annotator="Mike Bada, University of Colorado Anschutz Medical Campus" id="GO_BP_2016_02_16_Instance_47207" type="identity">
            <class id="GO:0010467" label="gene expression"/>
            <span end="29063" id="16221973-16594" start="29048">gene expression</span>
        </annotation>
        <annotation annotator="Mike Bada, University of Colorado Anschutz Medical Campus" id="GO_BP_2016_02_16_Instance_36145" type="identity">
            <class id="GO:0010467" label="gene expression"/>
            <span end="29357" id="16221973-16440" start="29347">expression</span>
        </annotation>
        <annotation annotator="Mike Bada, University of Colorado Anschutz Medical Campus" id="GO_BP_2016_02_16_Instance_36147" type="identity">
            <class id="GO:0010467" label="gene expression"/>
            <span end="29630" id="16221973-16442" start="29620">expression</span>
        </annotation>
        <annotation annotator="Mike Bada, University of Colorado Anschutz Medical Campus" id="GO_BP_2016_02_16_Instance_230704" type="identity">
            <class id="GO:0010467" label="gene expression"/>
            <span end="29813" id="16221973-16388" start="29803">expression</span>
        </annotation>
        <annotation annotator="Mike Bada, University of Colorado Anschutz Medical Campus" id="GO_BP_2016_02_16_with_nested_annotations_Instance_1208" type="identity">
            <class id="GO_EXT:reaction_or_response" label="reaction/response"/>
            <span end="29956" id="16221973-16679" start="29948">response</span>
        </annotation>
        <annotation annotator="Mike Bada, University of Colorado Anschutz Medical Campus" id="GO_BP_2016_02_16_with_nested_annotations_Instance_10026" type="identity">
            <class id="GO_SO_EXT:transcriptional_start_entity_or_process" label="transcriptional start entity or process"/>
            <span end="30064" id="16221973-16618" start="30045">transcription start</span>
        </annotation>
        <annotation annotator="Mike Bada, University of Colorado Anschutz Medical Campus" id="GO_BP_2016_02_16_Instance_36707" type="identity">
            <class id="GO:0010467" label="gene expression"/>
            <span end="30172" id="16221973-16444" start="30162">expression</span>
        </annotation>
        <annotation annotator="Mike Bada, University of Colorado Anschutz Medical Campus" id="GO_BP_2016_02_16_Instance_36709" type="identity">
            <class id="GO:0010467" label="gene expression"/>
            <span end="30262" id="16221973-16446" start="30252">expression</span>
        </annotation>
        <annotation annotator="Mike Bada, University of Colorado Anschutz Medical Campus" id="GO_BP_2016_02_16_Instance_37005" type="identity">
            <class id="GO:0065007" label="biological regulation"/>
            <span end="30427" id="16221973-16506" start="30418">regulated</span>
        </annotation>
        <annotation annotator="Mike Bada, University of Colorado Anschutz Medical Campus" id="GO_BP_2016_02_16_Instance_180437" type="identity">
            <class id="GO_EXT:transcription" label="transcription"/>
            <span end="30481" id="16221973-16288" start="30468">transcription</span>
        </annotation>
        <annotation annotator="Mike Bada, University of Colorado Anschutz Medical Campus" id="GO_BP_2016_02_16_Instance_36711" type="identity">
            <class id="GO:0010467" label="gene expression"/>
            <span end="30519" id="16221973-16448" start="30509">expression</span>
        </annotation>
        <annotation annotator="Mike Bada, University of Colorado Anschutz Medical Campus" id="GO_BP_2016_02_16_Instance_180439" type="identity">
            <class id="GO_EXT:transcription" label="transcription"/>
            <span end="30554" id="16221973-16290" start="30541">Transcription</span>
        </annotation>
        <annotation annotator="Mike Bada, University of Colorado Anschutz Medical Campus" id="GO_BP_2016_02_16_Instance_180441" type="identity">
            <class id="GO_PATO_EXT:physiological_process_or_quality" label="physiological process or quality"/>
            <span end="30627" id="16221973-16292" start="30614">physiological</span>
        </annotation>
        <annotation annotator="Mike Bada, University of Colorado Anschutz Medical Campus" id="GO_BP_2016_02_16_Instance_180443" type="identity">
            <class id="GO:0010467" label="gene expression"/>
            <span end="30772" id="16221973-16294" start="30763">expressed</span>
        </annotation>
        <annotation annotator="Mike Bada, University of Colorado Anschutz Medical Campus" id="GO_BP_2016_02_16_with_nested_annotations_Instance_1210" type="identity">
            <class id="GO:0051716" label="cellular response to stimulus"/>
            <span end="31072" id="16221973-16681" start="31068">cell</span>
            <span end="31088" id="16221973-16682" start="31080">response</span>
        </annotation>
        <annotation annotator="Mike Bada, University of Colorado Anschutz Medical Campus" id="GO_BP_2016_02_16_Instance_47209" type="identity">
            <class id="GO:0010467" label="gene expression"/>
            <span end="31164" id="16221973-16596" start="31149">gene expression</span>
        </annotation>
        <annotation annotator="Mike Bada, University of Colorado Anschutz Medical Campus" id="GO_BP_2016_02_16_Instance_36765" type="identity">
            <class id="GO:0010467" label="gene expression"/>
            <span end="31281" id="16221973-16450" start="31271">expression</span>
        </annotation>
        <annotation annotator="Mike Bada, University of Colorado Anschutz Medical Campus" id="GO_BP_2016_02_16_with_nested_annotations_Instance_10028" type="identity">
            <class id="GO_SO_EXT:transcriptional_start_entity_or_process" label="transcriptional start entity or process"/>
            <span end="31425" id="16221973-16620" start="31406">transcription start</span>
        </annotation>
        <annotation annotator="Mike Bada, University of Colorado Anschutz Medical Campus" id="GO_BP_2016_02_16_with_nested_annotations_Instance_326" type="identity">
            <class id="GO_PATO_EXT:biological_localization_process_or_quality" label="biological localization process or quality"/>
            <span end="31512" id="16221973-16739" start="31503">localized</span>
        </annotation>
        <annotation annotator="Mike Bada, University of Colorado Anschutz Medical Campus" id="GO_BP_2016_02_16_with_nested_annotations_Instance_23595" type="identity">
            <class id="GO_PATO_EXT:biological_adhesion_or_attachedness" label="biological adhesion or attachedness"/>
            <span end="31524" id="16221973-16729" start="31516">adhesion</span>
        </annotation>
        <annotation annotator="Mike Bada, University of Colorado Anschutz Medical Campus" id="GO_BP_2016_02_16_with_nested_annotations_Instance_23597" type="identity">
            <class id="GO_PATO_EXT:biological_adhesion_or_attachedness" label="biological adhesion or attachedness"/>
            <span end="31607" id="16221973-16731" start="31599">adhesion</span>
        </annotation>
        <annotation annotator="Mike Bada, University of Colorado Anschutz Medical Campus" id="GO_BP_2016_02_16_Instance_37203" type="identity">
            <class id="GO:0051764" label="actin crosslink formation"/>
            <span end="31664" id="16221973-16561" start="31645">actin-cross-linking</span>
        </annotation>
        <annotation annotator="Mike Bada, University of Colorado Anschutz Medical Campus" id="GO_BP_2016_02_16_Instance_180447" type="identity">
            <class id="GO:0044257" label="cellular protein catabolic process"/>
            <span end="31870" id="16221973-16296" start="31846">destruction of, cellular</span>
            <span end="31887" id="16221973-16297" start="31879">proteins</span>
        </annotation>
        <annotation annotator="Mike Bada, University of Colorado Anschutz Medical Campus" id="GO_BP_2016_02_16_Instance_37109" type="identity">
            <class id="GO:0051017" label="actin filament bundle assembly"/>
            <span end="32015" id="16221973-16549" start="32001">actin-bundling</span>
        </annotation>
        <annotation annotator="Mike Bada, University of Colorado Anschutz Medical Campus" id="GO_BP_2016_02_16_Instance_37111" type="identity">
            <class id="GO:0007019" label="microtubule depolymerization"/>
            <span end="32130" id="16221973-16551" start="32098">depolymerization of microtubules</span>
        </annotation>
        <annotation annotator="Mike Bada, University of Colorado Anschutz Medical Campus" id="GO_BP_2016_02_16_Instance_180449" type="identity">
            <class id="GO_EXT:positive_regulation" label="positive regulation"/>
            <span end="32246" id="16221973-16299" start="32234">upregulation</span>
        </annotation>
        <annotation annotator="Mike Bada, University of Colorado Anschutz Medical Campus" id="GO_BP_2016_02_16_with_nested_annotations_Instance_1212" type="identity">
            <class id="GO_EXT:reaction_or_response" label="reaction/response"/>
            <span end="32384" id="16221973-16684" start="32376">response</span>
        </annotation>
        <annotation annotator="Mike Bada, University of Colorado Anschutz Medical Campus" id="GO_BP_2016_02_16_Instance_36767" type="identity">
            <class id="GO:0010467" label="gene expression"/>
            <span end="32401" id="16221973-16452" start="32391">expression</span>
        </annotation>
        <annotation annotator="Mike Bada, University of Colorado Anschutz Medical Campus" id="GO_BP_2016_02_16_Instance_180451" type="identity">
            <class id="GO_EXT:transcription" label="transcription"/>
            <span end="32463" id="16221973-16301" start="32450">transcription</span>
        </annotation>
        <annotation annotator="Mike Bada, University of Colorado Anschutz Medical Campus" id="GO_BP_2016_02_16_Instance_230706" type="identity">
            <class id="GO:0010467" label="gene expression"/>
            <span end="32532" id="16221973-16390" start="32522">expression</span>
        </annotation>
        <annotation annotator="Mike Bada, University of Colorado Anschutz Medical Campus" id="GO_BP_2016_02_16_Instance_180453" type="identity">
            <class id="GO_EXT:biological_mover_or_transporter" label="biological mover/transporter"/>
            <span end="32686" id="16221973-16303" start="32674">transporters</span>
        </annotation>
        <annotation annotator="Mike Bada, University of Colorado Anschutz Medical Campus" id="GO_BP_2016_02_16_Instance_37113" type="identity">
            <class id="GO:0006858" label="extracellular transport"/>
            <span end="32833" id="16221973-16553" start="32820">extracellular</span>
            <span end="32861" id="16221973-16554" start="32852">transport</span>
        </annotation>
        <annotation annotator="Mike Bada, University of Colorado Anschutz Medical Campus" id="GO_BP_2016_02_16_Instance_37115" type="identity">
            <class id="GO:0016192" label="vesicle-mediated transport"/>
            <span end="32847" id="16221973-16556" start="32838">vesicular</span>
            <span end="32861" id="16221973-16557" start="32852">transport</span>
        </annotation>
        <annotation annotator="Mike Bada, University of Colorado Anschutz Medical Campus" id="GO_BP_2016_02_16_Instance_47211" type="identity">
            <class id="GO:0006811" label="ion transport"/>
            <span end="32861" id="16221973-16598" start="32848">ion transport</span>
        </annotation>
        <annotation annotator="Mike Bada, University of Colorado Anschutz Medical Campus" id="GO_BP_2016_02_16_Instance_180455" type="identity">
            <class id="GO_EXT:biological_mover_or_transporter" label="biological mover/transporter"/>
            <span end="32932" id="16221973-16305" start="32920">transporters</span>
        </annotation>
        <annotation annotator="Mike Bada, University of Colorado Anschutz Medical Campus" id="GO_BP_2016_02_16_Instance_180457" type="identity">
            <class id="GO_EXT:biological_mover_or_transporter" label="biological mover/transporter"/>
            <span end="33103" id="16221973-16307" start="33092">transporter</span>
        </annotation>
        <annotation annotator="Mike Bada, University of Colorado Anschutz Medical Campus" id="GO_BP_2016_02_16_Instance_230708" type="identity">
            <class id="GO:0010467" label="gene expression"/>
            <span end="33183" id="16221973-16392" start="33173">expression</span>
        </annotation>
        <annotation annotator="Mike Bada, University of Colorado Anschutz Medical Campus" id="GO_BP_2016_02_16_Instance_180459" type="identity">
            <class id="GO_EXT:biological_mover_or_transporter" label="biological mover/transporter"/>
            <span end="33290" id="16221973-16309" start="33278">transporters</span>
        </annotation>
        <annotation annotator="Mike Bada, University of Colorado Anschutz Medical Campus" id="GO_BP_2016_02_16_Instance_180461" type="identity">
            <class id="GO:0019725" label="cellular homeostasis"/>
            <span end="33508" id="16221973-16311" start="33500">cellular</span>
            <span end="33525" id="16221973-16312" start="33514">homeostasis</span>
        </annotation>
        <annotation annotator="Mike Bada, University of Colorado Anschutz Medical Campus" id="GO_BP_2016_02_16_Instance_180463" type="identity">
            <class id="GO_EXT:biological_mover_or_transporter" label="biological mover/transporter"/>
            <span end="33583" id="16221973-16314" start="33572">transporter</span>
        </annotation>
        <annotation annotator="Mike Bada, University of Colorado Anschutz Medical Campus" id="GO_BP_2016_02_16_Instance_37209" type="identity">
            <class id="GO:0065007" label="biological regulation"/>
            <span end="33604" id="16221973-16563" start="33597">control</span>
        </annotation>
        <annotation annotator="Mike Bada, University of Colorado Anschutz Medical Campus" id="GO_BP_2016_02_16_Instance_36773" type="identity">
            <class id="GO:0010467" label="gene expression"/>
            <span end="33615" id="16221973-16454" start="33605">expression</span>
        </annotation>
        <annotation annotator="Mike Bada, University of Colorado Anschutz Medical Campus" id="GO_BP_2016_02_16_Instance_180465" type="identity">
            <class id="GO_EXT:biological_mover_or_transporter" label="biological mover/transporter"/>
            <span end="33640" id="16221973-16316" start="33628">transporters</span>
        </annotation>
        <annotation annotator="Mike Bada, University of Colorado Anschutz Medical Campus" id="GO_BP_2016_02_16_with_nested_annotations_Instance_10030" type="identity">
            <class id="GO_SO_EXT:transcriptional_start_entity_or_process" label="transcriptional start entity or process"/>
            <span end="33806" id="16221973-16622" start="33787">transcription start</span>
        </annotation>
        <annotation annotator="Mike Bada, University of Colorado Anschutz Medical Campus" id="GO_BP_2016_02_16_with_nested_annotations_Instance_10032" type="identity">
            <class id="GO_SO_EXT:transcriptional_start_entity_or_process" label="transcriptional start entity or process"/>
            <span end="33909" id="16221973-16624" start="33888">transcriptional start</span>
        </annotation>
        <annotation annotator="Mike Bada, University of Colorado Anschutz Medical Campus" id="GO_BP_2016_02_16_Instance_180471" type="identity">
            <class id="GO_EXT:transcription" label="transcription"/>
            <span end="33965" id="16221973-16318" start="33952">transcription</span>
        </annotation>
        <annotation annotator="Mike Bada, University of Colorado Anschutz Medical Campus" id="GO_BP_2016_02_16_Instance_180473" type="identity">
            <class id="GO_EXT:transcription" label="transcription"/>
            <span end="34004" id="16221973-16320" start="33991">transcription</span>
        </annotation>
        <annotation annotator="Mike Bada, University of Colorado Anschutz Medical Campus" id="GO_BP_2016_02_16_Instance_37009" type="identity">
            <class id="GO:0065007" label="biological regulation"/>
            <span end="34168" id="16221973-16508" start="34159">regulated</span>
        </annotation>
        <annotation annotator="Mike Bada, University of Colorado Anschutz Medical Campus" id="GO_BP_2016_02_16_Instance_180475" type="identity">
            <class id="GO_EXT:biological_mover_or_transporter" label="biological mover/transporter"/>
            <span end="34180" id="16221973-16322" start="34169">transporter</span>
        </annotation>
        <annotation annotator="Mike Bada, University of Colorado Anschutz Medical Campus" id="GO_BP_2016_02_16_Instance_36775" type="identity">
            <class id="GO:0010467" label="gene expression"/>
            <span end="34242" id="16221973-16456" start="34232">expression</span>
        </annotation>
        <annotation annotator="Mike Bada, University of Colorado Anschutz Medical Campus" id="GO_BP_2016_02_16_Instance_180477" type="identity">
            <class id="GO_EXT:negative_regulation" label="negative regulation"/>
            <span end="34386" id="16221973-16324" start="34372">downregulation</span>
        </annotation>
        <annotation annotator="Mike Bada, University of Colorado Anschutz Medical Campus" id="GO_BP_2016_02_16_with_nested_annotations_Instance_1214" type="identity">
            <class id="GO_EXT:reaction_or_response" label="reaction/response"/>
            <span end="34472" id="16221973-16686" start="34464">response</span>
        </annotation>
        <annotation annotator="Mike Bada, University of Colorado Anschutz Medical Campus" id="GO_BP_2016_02_16_Instance_180479" type="identity">
            <class id="GO_EXT:transcription" label="transcription"/>
            <span end="34695" id="16221973-16326" start="34682">transcription</span>
        </annotation>
        <annotation annotator="Mike Bada, University of Colorado Anschutz Medical Campus" id="GO_BP_2016_02_16_Instance_37117" type="identity">
            <class id="GO:0001889" label="liver development"/>
            <span end="34815" id="16221973-16559" start="34802">hepatogenesis</span>
        </annotation>
        <annotation annotator="Mike Bada, University of Colorado Anschutz Medical Campus" id="GO_BP_2016_02_16_Instance_36777" type="identity">
            <class id="GO:0010467" label="gene expression"/>
            <span end="34831" id="16221973-16458" start="34821">expression</span>
        </annotation>
        <annotation annotator="Mike Bada, University of Colorado Anschutz Medical Campus" id="GO_BP_2016_02_16_Instance_180481" type="identity">
            <class id="GO:0007567" label="parturition"/>
            <span end="34856" id="16221973-16328" start="34849">natally</span>
        </annotation>
        <annotation annotator="Mike Bada, University of Colorado Anschutz Medical Campus" id="GO_BP_2016_02_16_Instance_36779" type="identity">
            <class id="GO:0010467" label="gene expression"/>
            <span end="34976" id="16221973-16460" start="34966">expression</span>
        </annotation>
        <annotation annotator="Mike Bada, University of Colorado Anschutz Medical Campus" id="GO_BP_2016_02_16_Instance_36913" type="identity">
            <class id="GO:0010467" label="gene expression"/>
            <span end="34996" id="16221973-16488" start="34987">expressed</span>
        </annotation>
        <annotation annotator="Mike Bada, University of Colorado Anschutz Medical Campus" id="GO_BP_2016_02_16_Instance_36781" type="identity">
            <class id="GO:0010467" label="gene expression"/>
            <span end="35116" id="16221973-16462" start="35106">expression</span>
        </annotation>
        <annotation annotator="Mike Bada, University of Colorado Anschutz Medical Campus" id="GO_BP_2016_02_16_Instance_36783" type="identity">
            <class id="GO:0010467" label="gene expression"/>
            <span end="35241" id="16221973-16464" start="35231">expression</span>
        </annotation>
        <annotation annotator="Mike Bada, University of Colorado Anschutz Medical Campus" id="GO_BP_2016_02_16_Instance_37045" type="identity">
            <class id="GO:0009790" label="embryo development"/>
            <span end="35275" id="16221973-16525" start="35254">embryonal development</span>
        </annotation>
        <annotation annotator="Mike Bada, University of Colorado Anschutz Medical Campus" id="GO_BP_2016_02_16_with_nested_annotations_Instance_1216" type="identity">
            <class id="GO_EXT:reaction_or_response" label="reaction/response"/>
            <span end="35423" id="16221973-16688" start="35415">response</span>
        </annotation>
        <annotation annotator="Mike Bada, University of Colorado Anschutz Medical Campus" id="GO_BP_2016_02_16_Instance_180483" type="identity">
            <class id="GO_EXT:regulator" label="regulator"/>
            <span end="35433" id="16221973-16330" start="35424">regulator</span>
        </annotation>
        <annotation annotator="Mike Bada, University of Colorado Anschutz Medical Campus" id="GO_BP_2016_02_16_Instance_36785" type="identity">
            <class id="GO:0010467" label="gene expression"/>
            <span end="35607" id="16221973-16466" start="35597">expression</span>
        </annotation>
        <annotation annotator="Mike Bada, University of Colorado Anschutz Medical Campus" id="GO_BP_2016_02_16_with_nested_annotations_Instance_1218" type="identity">
            <class id="GO_EXT:reaction_or_response" label="reaction/response"/>
            <span end="35670" id="16221973-16690" start="35662">response</span>
        </annotation>
        <annotation annotator="Mike Bada, University of Colorado Anschutz Medical Campus" id="GO_BP_2016_02_16_Instance_36787" type="identity">
            <class id="GO:0010467" label="gene expression"/>
            <span end="35736" id="16221973-16468" start="35726">expression</span>
        </annotation>
        <annotation annotator="Mike Bada, University of Colorado Anschutz Medical Campus" id="GO_BP_2016_02_16_Instance_36789" type="identity">
            <class id="GO:0010467" label="gene expression"/>
            <span end="35813" id="16221973-16470" start="35803">expression</span>
        </annotation>
        <annotation annotator="Mike Bada, University of Colorado Anschutz Medical Campus" id="GO_BP_2016_02_16_Instance_180485" type="identity">
            <class id="GO_EXT:transcription" label="transcription"/>
            <span end="35869" id="16221973-16332" start="35854">transcriptional</span>
        </annotation>
        <annotation annotator="Mike Bada, University of Colorado Anschutz Medical Campus" id="GO_BP_2016_02_16_Instance_180487" type="identity">
            <class id="GO_EXT:transcription" label="transcription"/>
            <span end="35940" id="16221973-16334" start="35927">transcription</span>
        </annotation>
        <annotation annotator="Mike Bada, University of Colorado Anschutz Medical Campus" id="GO_BP_2016_02_16_Instance_47215" type="identity">
            <class id="GO:0010467" label="gene expression"/>
            <span end="36066" id="16221973-16600" start="36051">gene expression</span>
        </annotation>
        <annotation annotator="Mike Bada, University of Colorado Anschutz Medical Campus" id="GO_BP_2016_02_16_Instance_180489" type="identity">
            <class id="GO:1903409" label="reactive oxygen species biosynthetic process"/>
            <span end="36288" id="16221973-16336" start="36251">production of reactive oxygen species</span>
        </annotation>
        <annotation annotator="Mike Bada, University of Colorado Anschutz Medical Campus" id="GO_BP_2016_02_16_Instance_47217" type="identity">
            <class id="GO:0019725" label="cellular homeostasis"/>
            <span end="36562" id="16221973-16602" start="36542">cellular homeostasis</span>
        </annotation>
        <annotation annotator="Mike Bada, University of Colorado Anschutz Medical Campus" id="GO_BP_2016_02_16_Instance_36791" type="identity">
            <class id="GO:0010467" label="gene expression"/>
            <span end="36603" id="16221973-16472" start="36593">expression</span>
        </annotation>
        <annotation annotator="Mike Bada, University of Colorado Anschutz Medical Campus" id="GO_BP_2016_02_16_Instance_23433" type="identity">
            <class id="GO:0006953" label="acute-phase response"/>
            <span end="36633" id="16221973-16394" start="36622">acute-phase</span>
        </annotation>
        <annotation annotator="Mike Bada, University of Colorado Anschutz Medical Campus" id="GO_BP_2016_02_16_Instance_36921" type="identity">
            <class id="GO:0006952" label="defense response"/>
            <span end="36987" id="16221973-16496" start="36980">defense</span>
        </annotation>
        <annotation annotator="Mike Bada, University of Colorado Anschutz Medical Campus" id="GO_BP_2016_02_16_with_nested_annotations_Instance_80000" type="identity">
            <class id="GO:0065003" label="macromolecular complex assembly"/>
            <span end="37052" id="16221973-16741" start="37043">complexes</span>
        </annotation>
        <annotation annotator="Mike Bada, University of Colorado Anschutz Medical Campus" id="GO_BP_2016_02_16_Instance_180491" type="identity">
            <class id="GO_EXT:positive_regulation" label="positive regulation"/>
            <span end="37417" id="16221973-16338" start="37405">upregulation</span>
        </annotation>
        <annotation annotator="Mike Bada, University of Colorado Anschutz Medical Campus" id="GO_BP_2016_02_16_with_nested_annotations_Instance_1220" type="identity">
            <class id="GO:0051716" label="cellular response to stimulus"/>
            <span end="37495" id="16221973-16692" start="37487">cellular</span>
            <span end="37512" id="16221973-16693" start="37504">response</span>
        </annotation>
        <annotation annotator="Mike Bada, University of Colorado Anschutz Medical Campus" id="GO_BP_2016_02_16_Instance_36923" type="identity">
            <class id="GO:0006952" label="defense response"/>
            <span end="37804" id="16221973-16498" start="37797">defense</span>
        </annotation>
        <annotation annotator="Mike Bada, University of Colorado Anschutz Medical Campus" id="GO_BP_2016_02_16_Instance_37221" type="identity">
            <class id="GO:0006968" label="cellular defense response"/>
            <span end="37877" id="16221973-16565" start="37869">cellular</span>
            <span end="37898" id="16221973-16566" start="37891">defense</span>
        </annotation>
        <annotation annotator="Mike Bada, University of Colorado Anschutz Medical Campus" id="GO_BP_2016_02_16_with_nested_annotations_Instance_120206" type="identity">
            <class id="GO_SO_EXT:sequence_rearrangement_process" label="sequence rearrangement process"/>
            <span end="39136" id="16221973-16672" start="39123">recombination</span>
        </annotation>
        <annotation annotator="Mike Bada, University of Colorado Anschutz Medical Campus" id="GO_BP_2016_02_16_Instance_180493" type="identity">
            <class id="GO_EXT:reverse_transcription_or_reverse_transcriptase" label="reverse transcription or reverse transcriptase"/>
            <span end="39789" id="16221973-16340" start="39787">RT</span>
        </annotation>
        <annotation annotator="Mike Bada, University of Colorado Anschutz Medical Campus" id="GO_BP_2016_02_16_Instance_37223" type="identity">
            <class id="GO:0065004" label="protein-DNA complex assembly"/>
            <span end="40124" id="16221973-16568" start="40095">protein–DNA complex formation</span>
        </annotation>
        <annotation annotator="Mike Bada, University of Colorado Anschutz Medical Campus" id="GO_BP_2016_02_16_Instance_36793" type="identity">
            <class id="GO:0010467" label="gene expression"/>
            <span end="40433" id="16221973-16474" start="40423">expression</span>
        </annotation>
        <annotation annotator="Mike Bada, University of Colorado Anschutz Medical Campus" id="GO_BP_2016_02_16_Instance_180495" type="identity">
            <class id="GO_EXT:reverse_transcription_or_reverse_transcriptase" label="reverse transcription or reverse transcriptase"/>
            <span end="40475" id="16221973-16342" start="40473">RT</span>
        </annotation>
        <annotation annotator="Mike Bada, University of Colorado Anschutz Medical Campus" id="GO_BP_2016_02_16_with_nested_annotations_Instance_23107" type="identity">
            <class id="GO_EXT:killing" label="killing"/>
            <span end="40711" id="16221973-16715" start="40700">sacrificing</span>
        </annotation>
        <annotation annotator="Mike Bada, University of Colorado Anschutz Medical Campus" id="GO_BP_2016_02_16_Instance_180497" type="identity">
            <class id="GO_EXT:reverse_transcription_or_reverse_transcriptase" label="reverse transcription or reverse transcriptase"/>
            <span end="40720" id="16221973-16344" start="40718">RT</span>
        </annotation>
        <annotation annotator="Mike Bada, University of Colorado Anschutz Medical Campus" id="GO_BP_2016_02_16_with_nested_annotations_Instance_10034" type="identity">
            <class id="GO_SO_EXT:transcriptional_start_entity_or_process" label="transcriptional start entity or process"/>
            <span end="41131" id="16221973-16626" start="41112">transcription start</span>
        </annotation>
        <annotation annotator="Mike Bada, University of Colorado Anschutz Medical Campus" id="GO_BP_2016_02_16_Instance_37227" type="identity">
            <class id="GO:0065004" label="protein-DNA complex assembly"/>
            <span end="41335" id="16221973-16570" start="41306">protein–DNA complex formation</span>
        </annotation>
        <annotation annotator="Mike Bada, University of Colorado Anschutz Medical Campus" id="GO_BP_2016_02_16_Instance_180501" type="identity">
            <class id="GO_EXT:transcription" label="transcription"/>
            <span end="41646" id="16221973-16346" start="41633">transcription</span>
        </annotation>
        <annotation annotator="Mike Bada, University of Colorado Anschutz Medical Campus" id="GO_BP_2016_02_16_with_nested_annotations_Instance_1222" type="identity">
            <class id="GO_EXT:reaction_or_response" label="reaction/response"/>
            <span end="41774" id="16221973-16695" start="41766">response</span>
        </annotation>
        <annotation annotator="Mike Bada, University of Colorado Anschutz Medical Campus" id="GO_BP_2016_02_16_Instance_180503" type="identity">
            <class id="GO_EXT:reverse_transcription_or_reverse_transcriptase" label="reverse transcription or reverse transcriptase"/>
            <span end="41825" id="16221973-16348" start="41823">RT</span>
        </annotation>
        <annotation annotator="Mike Bada, University of Colorado Anschutz Medical Campus" id="GO_BP_2016_02_16_with_nested_annotations_Instance_23109" type="identity">
            <class id="GO_EXT:killing" label="killing"/>
            <span end="42061" id="16221973-16717" start="42050">sacrificing</span>
        </annotation>
        <annotation annotator="Mike Bada, University of Colorado Anschutz Medical Campus" id="GO_BP_2016_02_16_Instance_180505" type="identity">
            <class id="GO_EXT:reverse_transcription_or_reverse_transcriptase" label="reverse transcription or reverse transcriptase"/>
            <span end="42070" id="16221973-16350" start="42068">RT</span>
        </annotation>
        <annotation annotator="Mike Bada, University of Colorado Anschutz Medical Campus" id="GO_BP_2016_02_16_with_nested_annotations_Instance_10036" type="identity">
            <class id="GO_SO_EXT:transcriptional_start_entity_or_process" label="transcriptional start entity or process"/>
            <span end="42307" id="16221973-16628" start="42288">transcription start</span>
        </annotation>
        <annotation annotator="Mike Bada, University of Colorado Anschutz Medical Campus" id="GO_BP_2016_02_16_Instance_37229" type="identity">
            <class id="GO:0065004" label="protein-DNA complex assembly"/>
            <span end="42511" id="16221973-16572" start="42482">protein–DNA complex formation</span>
        </annotation>
        <annotation annotator="Mike Bada, University of Colorado Anschutz Medical Campus" id="GO_BP_2016_02_16_with_nested_annotations_Instance_1224" type="identity">
            <class id="GO_EXT:reaction_or_response" label="reaction/response"/>
            <span end="42972" id="16221973-16697" start="42964">response</span>
        </annotation>
        <annotation annotator="Mike Bada, University of Colorado Anschutz Medical Campus" id="GO_BP_2016_02_16_Instance_180509" type="identity">
            <class id="GO_EXT:reverse_transcription_or_reverse_transcriptase" label="reverse transcription or reverse transcriptase"/>
            <span end="43023" id="16221973-16352" start="43021">RT</span>
        </annotation>
        <annotation annotator="Mike Bada, University of Colorado Anschutz Medical Campus" id="GO_BP_2016_02_16_with_nested_annotations_Instance_23111" type="identity">
            <class id="GO_EXT:killing" label="killing"/>
            <span end="43259" id="16221973-16719" start="43248">sacrificing</span>
        </annotation>
        <annotation annotator="Mike Bada, University of Colorado Anschutz Medical Campus" id="GO_BP_2016_02_16_Instance_180511" type="identity">
            <class id="GO_EXT:reverse_transcription_or_reverse_transcriptase" label="reverse transcription or reverse transcriptase"/>
            <span end="43268" id="16221973-16354" start="43266">RT</span>
        </annotation>
        <annotation annotator="Mike Bada, University of Colorado Anschutz Medical Campus" id="GO_BP_2016_02_16_with_nested_annotations_Instance_10038" type="identity">
            <class id="GO_SO_EXT:transcriptional_start_entity_or_process" label="transcriptional start entity or process"/>
            <span end="43505" id="16221973-16630" start="43486">transcription start</span>
        </annotation>
        <annotation annotator="Mike Bada, University of Colorado Anschutz Medical Campus" id="GO_BP_2016_02_16_Instance_37235" type="identity">
            <class id="GO:0065004" label="protein-DNA complex assembly"/>
            <span end="43709" id="16221973-16574" start="43680">protein–DNA complex formation</span>
        </annotation>
        <annotation annotator="Mike Bada, University of Colorado Anschutz Medical Campus" id="GO_BP_2016_02_16_Instance_36795" type="identity">
            <class id="GO:0010467" label="gene expression"/>
            <span end="44140" id="16221973-16476" start="44130">expression</span>
        </annotation>
        <annotation annotator="Mike Bada, University of Colorado Anschutz Medical Campus" id="GO_BP_2016_02_16_Instance_180515" type="identity">
            <class id="GO_EXT:reverse_transcription_or_reverse_transcriptase" label="reverse transcription or reverse transcriptase"/>
            <span end="44177" id="16221973-16356" start="44175">RT</span>
        </annotation>
        <annotation annotator="Mike Bada, University of Colorado Anschutz Medical Campus" id="GO_BP_2016_02_16_with_nested_annotations_Instance_23113" type="identity">
            <class id="GO_EXT:killing" label="killing"/>
            <span end="44416" id="16221973-16721" start="44405">sacrificing</span>
        </annotation>
        <annotation annotator="Mike Bada, University of Colorado Anschutz Medical Campus" id="GO_BP_2016_02_16_Instance_180517" type="identity">
            <class id="GO_EXT:reverse_transcription_or_reverse_transcriptase" label="reverse transcription or reverse transcriptase"/>
            <span end="44425" id="16221973-16358" start="44423">RT</span>
        </annotation>
        <annotation annotator="Mike Bada, University of Colorado Anschutz Medical Campus" id="GO_BP_2016_02_16_with_nested_annotations_Instance_10040" type="identity">
            <class id="GO_SO_EXT:transcriptional_start_entity_or_process" label="transcriptional start entity or process"/>
            <span end="44665" id="16221973-16632" start="44646">transcription start</span>
        </annotation>
        <annotation annotator="Mike Bada, University of Colorado Anschutz Medical Campus" id="GO_BP_2016_02_16_Instance_37237" type="identity">
            <class id="GO:0065004" label="protein-DNA complex assembly"/>
            <span end="44869" id="16221973-16576" start="44840">protein–DNA complex formation</span>
        </annotation>
        <annotation annotator="Mike Bada, University of Colorado Anschutz Medical Campus" id="GO_BP_2016_02_16_Instance_36797" type="identity">
            <class id="GO:0010467" label="gene expression"/>
            <span end="45871" id="16221973-16478" start="45856">gene expression</span>
        </annotation>
        <annotation annotator="Mike Bada, University of Colorado Anschutz Medical Campus" id="GO_BP_2016_02_16_Instance_180523" type="identity">
            <class id="GO_EXT:positive_regulation" label="positive regulation"/>
            <span end="45923" id="16221973-16362" start="45920">up-</span>
            <span end="45941" id="16221973-16363" start="45931">regulation</span>
        </annotation>
        <annotation annotator="Mike Bada, University of Colorado Anschutz Medical Campus" id="GO_BP_2016_02_16_Instance_180521" type="identity">
            <class id="GO_EXT:negative_regulation" label="negative regulation"/>
            <span end="45941" id="16221973-16360" start="45927">downregulation</span>
        </annotation>
        <annotation annotator="Mike Bada, University of Colorado Anschutz Medical Campus" id="GO_BP_2016_02_16_with_nested_annotations_Instance_23115" type="identity">
            <class id="GO_EXT:killing" label="killing"/>
            <span end="46110" id="16221973-16723" start="46099">sacrificing</span>
        </annotation>
        <annotation annotator="Mike Bada, University of Colorado Anschutz Medical Campus" id="GO_BP_2016_02_16_Instance_21785" type="identity">
            <class id="GO:0010467" label="gene expression"/>
            <span end="46131" id="16221973-16370" start="46121">expression</span>
        </annotation>
        <annotation annotator="Mike Bada, University of Colorado Anschutz Medical Campus" id="GO_BP_2016_02_16_with_nested_annotations_Instance_10042" type="identity">
            <class id="GO_SO_EXT:transcriptional_start_entity_or_process" label="transcriptional start entity or process"/>
            <span end="46537" id="16221973-16634" start="46518">transcription start</span>
        </annotation>
        <annotation annotator="Mike Bada, University of Colorado Anschutz Medical Campus" id="GO_BP_2016_02_16_with_nested_annotations_Instance_10044" type="identity">
            <class id="GO_SO_EXT:transcriptional_start_entity_or_process" label="transcriptional start entity or process"/>
            <span end="46616" id="16221973-16636" start="46597">transcription start</span>
        </annotation>
        <annotation annotator="Mike Bada, University of Colorado Anschutz Medical Campus" id="GO_BP_2016_02_16_Instance_36799" type="identity">
            <class id="GO:0010467" label="gene expression"/>
            <span end="46800" id="16221973-16480" start="46785">gene expression</span>
        </annotation>
        <annotation annotator="Mike Bada, University of Colorado Anschutz Medical Campus" id="GO_BP_2016_02_16_Instance_180529" type="identity">
            <class id="GO_EXT:positive_regulation" label="positive regulation"/>
            <span end="46840" id="16221973-16365" start="46837">up-</span>
            <span end="46858" id="16221973-16366" start="46848">regulation</span>
        </annotation>
        <annotation annotator="Mike Bada, University of Colorado Anschutz Medical Campus" id="GO_BP_2016_02_16_Instance_180531" type="identity">
            <class id="GO_EXT:negative_regulation" label="negative regulation"/>
            <span end="46858" id="16221973-16368" start="46844">downregulation</span>
        </annotation>
        <annotation annotator="Mike Bada, University of Colorado Anschutz Medical Campus" id="GO_BP_2016_02_16_with_nested_annotations_Instance_23117" type="identity">
            <class id="GO_EXT:killing" label="killing"/>
            <span end="47027" id="16221973-16725" start="47016">sacrificing</span>
        </annotation>
        <annotation annotator="Mike Bada, University of Colorado Anschutz Medical Campus" id="GO_BP_2016_02_16_Instance_21787" type="identity">
            <class id="GO:0010467" label="gene expression"/>
            <span end="47048" id="16221973-16372" start="47038">expression</span>
        </annotation>
        <graph-space id="Old Knowtator Relations"/>
    </document>
</knowtator-project>
