<?xml version="1.0" encoding="UTF-8" standalone="no"?>
<knowtator-project>
  <document id="16255782" text-file="16255782.txt">
    <annotation annotator="Mike Bada, University of Colorado Anschutz Medical Campus" id="GO_BP_2016_02_16_Instance_180533" type="identity">
      <class id="GO_EXT:transcription" label="transcription"/>
      <span end="19" id="16255782-16749" start="6">transcription</span>
    </annotation>
    <annotation annotator="Mike Bada, University of Colorado Anschutz Medical Campus" id="GO_BP_2016_02_16_Instance_44899" type="identity">
      <class id="GO:0006281" label="DNA repair"/>
      <span end="69" id="16255782-16927" start="59">DNA repair</span>
    </annotation>
    <annotation annotator="Mike Bada, University of Colorado Anschutz Medical Campus" id="GO_BP_2016_02_16_Instance_44901" type="identity">
      <class id="GO:0006281" label="DNA repair"/>
      <span end="668" id="16255782-16929" start="658">DNA repair</span>
    </annotation>
    <annotation annotator="Mike Bada, University of Colorado Anschutz Medical Campus" id="GO_BP_2016_02_16_Instance_44903" type="identity">
      <class id="GO:0006281" label="DNA repair"/>
      <span end="785" id="16255782-16931" start="775">DNA repair</span>
    </annotation>
    <annotation annotator="Mike Bada, University of Colorado Anschutz Medical Campus" id="GO_BP_2016_02_16_Instance_37607" type="identity">
      <class id="GO:0065007" label="biological regulation"/>
      <span end="808" id="16255782-16879" start="799">regulated</span>
    </annotation>
    <annotation annotator="Mike Bada, University of Colorado Anschutz Medical Campus" id="GO_BP_2016_02_16_Instance_180535" type="identity">
      <class id="GO_EXT:transcription" label="transcription"/>
      <span end="837" id="16255782-16751" start="824">transcription</span>
    </annotation>
    <annotation annotator="Mike Bada, University of Colorado Anschutz Medical Campus" id="GO_BP_2016_02_16_Instance_37179" type="identity">
      <class id="GO:0010467" label="gene expression"/>
      <span end="895" id="16255782-16863" start="885">expression</span>
    </annotation>
    <annotation annotator="Mike Bada, University of Colorado Anschutz Medical Campus" id="GO_BP_2016_02_16_Instance_180537" type="identity">
      <class id="GO_EXT:transcription" label="transcription"/>
      <span end="949" id="16255782-16753" start="936">transcription</span>
    </annotation>
    <annotation annotator="Mike Bada, University of Colorado Anschutz Medical Campus" id="GO_BP_2016_02_16_Instance_180539" type="identity">
      <class id="GO_EXT:transcription" label="transcription"/>
      <span end="1056" id="16255782-16755" start="1043">transcription</span>
    </annotation>
    <annotation annotator="Mike Bada, University of Colorado Anschutz Medical Campus" id="GO_BP_2016_02_16_Instance_180541" type="identity">
      <class id="GO_EXT:transcription" label="transcription"/>
      <span end="1232" id="16255782-16757" start="1219">transcription</span>
    </annotation>
    <annotation annotator="Mike Bada, University of Colorado Anschutz Medical Campus" id="GO_BP_2016_02_16_Instance_44905" type="identity">
      <class id="GO:0006281" label="DNA repair"/>
      <span end="1300" id="16255782-16933" start="1290">DNA repair</span>
    </annotation>
    <annotation annotator="Mike Bada, University of Colorado Anschutz Medical Campus" id="GO_BP_2016_02_16_Instance_180543" type="identity">
      <class id="GO_EXT:transcription" label="transcription"/>
      <span end="1438" id="16255782-16759" start="1425">transcription</span>
    </annotation>
    <annotation annotator="Mike Bada, University of Colorado Anschutz Medical Campus" id="GO_BP_2016_02_16_Instance_44907" type="identity">
      <class id="GO:0006281" label="DNA repair"/>
      <span end="1529" id="16255782-16935" start="1519">DNA repair</span>
    </annotation>
    <annotation annotator="Mike Bada, University of Colorado Anschutz Medical Campus" id="GO_BP_2016_02_16_Instance_180545" type="identity">
      <class id="GO_EXT:transcription" label="transcription"/>
      <span end="1831" id="16255782-16761" start="1818">transcription</span>
    </annotation>
    <annotation annotator="Mike Bada, University of Colorado Anschutz Medical Campus" id="GO_BP_2016_02_16_Instance_180547" type="identity">
      <class id="GO_EXT:transcription" label="transcription"/>
      <span end="2163" id="16255782-16763" start="2150">transcription</span>
    </annotation>
    <annotation annotator="Mike Bada, University of Colorado Anschutz Medical Campus" id="GO_BP_2016_02_16_Instance_37175" type="identity">
      <class id="GO:0065007" label="biological regulation"/>
      <span end="2207" id="16255782-16861" start="2197">regulating</span>
    </annotation>
    <annotation annotator="Mike Bada, University of Colorado Anschutz Medical Campus" id="GO_BP_2016_02_16_Instance_180549" type="identity">
      <class id="GO_EXT:transcription" label="transcription"/>
      <span end="2221" id="16255782-16765" start="2208">transcription</span>
    </annotation>
    <annotation annotator="Mike Bada, University of Colorado Anschutz Medical Campus" id="GO_BP_2016_02_16_Instance_44909" type="identity">
      <class id="GO:0006281" label="DNA repair"/>
      <span end="2255" id="16255782-16937" start="2245">DNA repair</span>
    </annotation>
    <annotation annotator="Mike Bada, University of Colorado Anschutz Medical Campus" id="GO_BP_2016_02_16_Instance_37609" type="identity">
      <class id="GO:0065007" label="biological regulation"/>
      <span end="2401" id="16255782-16881" start="2391">regulation</span>
    </annotation>
    <annotation annotator="Mike Bada, University of Colorado Anschutz Medical Campus" id="GO_BP_2016_02_16_Instance_44911" type="identity">
      <class id="GO:0006281" label="DNA repair"/>
      <span end="2431" id="16255782-16939" start="2421">DNA repair</span>
    </annotation>
    <annotation annotator="Mike Bada, University of Colorado Anschutz Medical Campus" id="GO_BP_2016_02_16_Instance_44913" type="identity">
      <class id="GO:0016265" label="death"/>
      <span end="2518" id="16255782-16941" start="2513">death</span>
    </annotation>
    <annotation annotator="Mike Bada, University of Colorado Anschutz Medical Campus" id="GO_BP_2016_02_16_Instance_44915" type="identity">
      <class id="GO:0016265" label="death"/>
      <span end="2573" id="16255782-16943" start="2567">deaths</span>
    </annotation>
    <annotation annotator="Mike Bada, University of Colorado Anschutz Medical Campus" id="GO_BP_2016_02_16_Instance_44917" type="identity">
      <class id="GO:0006281" label="DNA repair"/>
      <span end="2736" id="16255782-16945" start="2726">DNA repair</span>
    </annotation>
    <annotation annotator="Mike Bada, University of Colorado Anschutz Medical Campus" id="GO_BP_2016_02_16_Instance_37181" type="identity">
      <class id="GO:0010467" label="gene expression"/>
      <span end="2818" id="16255782-16865" start="2809">expressed</span>
    </annotation>
    <annotation annotator="Mike Bada, University of Colorado Anschutz Medical Campus" id="GO_BP_2016_02_16_Instance_37643" type="identity">
      <class id="GO:0006805" label="xenobiotic metabolic process"/>
      <span end="3132" id="16255782-16913" start="3107">metabolism of xenobiotics</span>
    </annotation>
    <annotation annotator="Mike Bada, University of Colorado Anschutz Medical Campus" id="GO_BP_2016_02_16_Instance_37649" type="identity">
      <class id="GO:0044237" label="cellular metabolic process"/>
      <span end="3232" id="16255782-16915" start="3213">cellular metabolism</span>
    </annotation>
    <annotation annotator="Mike Bada, University of Colorado Anschutz Medical Campus" id="GO_BP_2016_02_16_Instance_37651" type="identity">
      <class id="GO:0030164" label="protein denaturation"/>
      <span end="3322" id="16255782-16917" start="3298">denaturation of proteins</span>
    </annotation>
    <annotation annotator="Mike Bada, University of Colorado Anschutz Medical Campus" id="GO_BP_2016_02_16_Instance_44919" type="identity">
      <class id="GO:0006281" label="DNA repair"/>
      <span end="3441" id="16255782-16947" start="3431">DNA repair</span>
    </annotation>
    <annotation annotator="Mike Bada, University of Colorado Anschutz Medical Campus" id="GO_BP_2016_02_16_Instance_33799" type="identity">
      <class id="GO:0006281" label="DNA repair"/>
      <span end="3456" id="16255782-16851" start="3450">repair</span>
    </annotation>
    <annotation annotator="Mike Bada, University of Colorado Anschutz Medical Campus" id="GO_BP_2016_02_16_Instance_44921" type="identity">
      <class id="GO:0006281" label="DNA repair"/>
      <span end="4000" id="16255782-16949" start="3990">DNA repair</span>
    </annotation>
    <annotation annotator="Mike Bada, University of Colorado Anschutz Medical Campus" id="GO_BP_2016_02_16_Instance_37611" type="identity">
      <class id="GO:0065007" label="biological regulation"/>
      <span end="4197" id="16255782-16883" start="4188">regulated</span>
    </annotation>
    <annotation annotator="Mike Bada, University of Colorado Anschutz Medical Campus" id="GO_BP_2016_02_16_Instance_180553" type="identity">
      <class id="GO_EXT:transcription" label="transcription"/>
      <span end="4236" id="16255782-16767" start="4223">transcription</span>
    </annotation>
    <annotation annotator="Mike Bada, University of Colorado Anschutz Medical Campus" id="GO_BP_2016_02_16_Instance_37613" type="identity">
      <class id="GO:0065007" label="biological regulation"/>
      <span end="4279" id="16255782-16885" start="4269">regulatory</span>
    </annotation>
    <annotation annotator="Mike Bada, University of Colorado Anschutz Medical Campus" id="GO_BP_2016_02_16_Instance_37615" type="identity">
      <class id="GO:0065007" label="biological regulation"/>
      <span end="4419" id="16255782-16887" start="4409">regulation</span>
    </annotation>
    <annotation annotator="Mike Bada, University of Colorado Anschutz Medical Campus" id="GO_BP_2016_02_16_Instance_44923" type="identity">
      <class id="GO:0006281" label="DNA repair"/>
      <span end="4453" id="16255782-16951" start="4443">DNA repair</span>
    </annotation>
    <annotation annotator="Mike Bada, University of Colorado Anschutz Medical Campus" id="GO_BP_2016_02_16_Instance_180555" type="identity">
      <class id="GO_EXT:transcription" label="transcription"/>
      <span end="4488" id="16255782-16769" start="4475">transcription</span>
    </annotation>
    <annotation annotator="Mike Bada, University of Colorado Anschutz Medical Campus" id="GO_BP_2016_02_16_Instance_37617" type="identity">
      <class id="GO:0065007" label="biological regulation"/>
      <span end="4553" id="16255782-16889" start="4543">regulation</span>
    </annotation>
    <annotation annotator="Mike Bada, University of Colorado Anschutz Medical Campus" id="GO_BP_2016_02_16_Instance_180557" type="identity">
      <class id="GO_EXT:transcription" label="transcription"/>
      <span end="4654" id="16255782-16771" start="4641">transcription</span>
    </annotation>
    <annotation annotator="Mike Bada, University of Colorado Anschutz Medical Campus" id="GO_BP_2016_02_16_Instance_37619" type="identity">
      <class id="GO:0065007" label="biological regulation"/>
      <span end="4704" id="16255782-16891" start="4694">regulatory</span>
    </annotation>
    <annotation annotator="Mike Bada, University of Colorado Anschutz Medical Campus" id="GO_BP_2016_02_16_Instance_44925" type="identity">
      <class id="GO:0006281" label="DNA repair"/>
      <span end="4920" id="16255782-16953" start="4910">DNA repair</span>
    </annotation>
    <annotation annotator="Mike Bada, University of Colorado Anschutz Medical Campus" id="GO_BP_2016_02_16_Instance_180559" type="identity">
      <class id="GO:0001171" label="reverse transcription"/>
      <span end="5864" id="16255782-16773" start="5845">reverse transcribed</span>
    </annotation>
    <annotation annotator="Mike Bada, University of Colorado Anschutz Medical Campus" id="GO_BP_2016_02_16_Instance_180561" type="identity">
      <class id="GO_EXT:reverse_transcription_or_reverse_transcriptase" label="reverse transcription or reverse transcriptase"/>
      <span end="5967" id="16255782-16775" start="5965">RT</span>
    </annotation>
    <annotation annotator="Mike Bada, University of Colorado Anschutz Medical Campus" id="GO_BP_2016_02_16_with_nested_annotations_Instance_1226" type="identity">
      <class id="GO_EXT:reaction_or_response" label="reaction/response"/>
      <span end="8011" id="16255782-17011" start="8003">response</span>
    </annotation>
    <annotation annotator="Mike Bada, University of Colorado Anschutz Medical Campus" id="GO_BP_2016_02_16_Instance_180563" type="identity">
      <class id="GO_EXT:transcription" label="transcription"/>
      <span end="8549" id="16255782-16777" start="8536">transcription</span>
    </annotation>
    <annotation annotator="Mike Bada, University of Colorado Anschutz Medical Campus" id="GO_BP_2016_02_16_Instance_44927" type="identity">
      <class id="GO:0006281" label="DNA repair"/>
      <span end="8596" id="16255782-16955" start="8586">DNA repair</span>
    </annotation>
    <annotation annotator="Mike Bada, University of Colorado Anschutz Medical Campus" id="GO_BP_2016_02_16_Instance_180565" type="identity">
      <class id="GO_EXT:transcription" label="transcription"/>
      <span end="8731" id="16255782-16779" start="8718">transcription</span>
    </annotation>
    <annotation annotator="Mike Bada, University of Colorado Anschutz Medical Campus" id="GO_BP_2016_02_16_Instance_44929" type="identity">
      <class id="GO:0006281" label="DNA repair"/>
      <span end="8782" id="16255782-16957" start="8772">DNA repair</span>
    </annotation>
    <annotation annotator="Mike Bada, University of Colorado Anschutz Medical Campus" id="GO_BP_2016_02_16_with_nested_annotations_Instance_40258" type="identity">
      <class id="CHEBI_GO_EXT:biological_process_or_quality_or_role" label="biological process, quality or role"/>
      <span end="8926" id="16255782-17017" start="8916">biological</span>
    </annotation>
    <annotation annotator="Mike Bada, University of Colorado Anschutz Medical Campus" id="GO_BP_2016_02_16_Instance_37183" type="identity">
      <class id="GO:0010467" label="gene expression"/>
      <span end="8950" id="16255782-16867" start="8940">expression</span>
    </annotation>
    <annotation annotator="Mike Bada, University of Colorado Anschutz Medical Campus" id="GO_BP_2016_02_16_Instance_180567" type="identity">
      <class id="GO_EXT:transcription" label="transcription"/>
      <span end="9139" id="16255782-16781" start="9126">transcription</span>
    </annotation>
    <annotation annotator="Mike Bada, University of Colorado Anschutz Medical Campus" id="GO_BP_2016_02_16_Instance_44931" type="identity">
      <class id="GO:0006281" label="DNA repair"/>
      <span end="9188" id="16255782-16959" start="9178">DNA repair</span>
    </annotation>
    <annotation annotator="Mike Bada, University of Colorado Anschutz Medical Campus" id="GO_BP_2016_02_16_Instance_180569" type="identity">
      <class id="GO_EXT:transcription" label="transcription"/>
      <span end="9572" id="16255782-16783" start="9559">Transcription</span>
    </annotation>
    <annotation annotator="Mike Bada, University of Colorado Anschutz Medical Campus" id="GO_BP_2016_02_16_Instance_180571" type="identity">
      <class id="GO_EXT:transcription" label="transcription"/>
      <span end="9855" id="16255782-16785" start="9842">transcription</span>
    </annotation>
    <annotation annotator="Mike Bada, University of Colorado Anschutz Medical Campus" id="GO_BP_2016_02_16_Instance_180573" type="identity">
      <class id="GO_EXT:transcription" label="transcription"/>
      <span end="10062" id="16255782-16787" start="10049">transcription</span>
    </annotation>
    <annotation annotator="Mike Bada, University of Colorado Anschutz Medical Campus" id="GO_BP_2016_02_16_Instance_180575" type="identity">
      <class id="GO_EXT:transcription" label="transcription"/>
      <span end="10186" id="16255782-16789" start="10173">transcription</span>
    </annotation>
    <annotation annotator="Mike Bada, University of Colorado Anschutz Medical Campus" id="GO_BP_2016_02_16_Instance_180577" type="identity">
      <class id="GO_EXT:transcription" label="transcription"/>
      <span end="10412" id="16255782-16791" start="10399">transcription</span>
    </annotation>
    <annotation annotator="Mike Bada, University of Colorado Anschutz Medical Campus" id="GO_BP_2016_02_16_Instance_180579" type="identity">
      <class id="GO_EXT:transcription" label="transcription"/>
      <span end="10517" id="16255782-16793" start="10504">transcription</span>
    </annotation>
    <annotation annotator="Mike Bada, University of Colorado Anschutz Medical Campus" id="GO_BP_2016_02_16_Instance_37599" type="identity">
      <class id="GO:0010467" label="gene expression"/>
      <span end="10540" id="16255782-16871" start="10531">expressed</span>
    </annotation>
    <annotation annotator="Mike Bada, University of Colorado Anschutz Medical Campus" id="GO_BP_2016_02_16_Instance_44933" type="identity">
      <class id="GO:0006281" label="DNA repair"/>
      <span end="10792" id="16255782-16961" start="10782">DNA repair</span>
    </annotation>
    <annotation annotator="Mike Bada, University of Colorado Anschutz Medical Campus" id="GO_BP_2016_02_16_Instance_44935" type="identity">
      <class id="GO:0006281" label="DNA repair"/>
      <span end="11623" id="16255782-16963" start="11613">DNA repair</span>
    </annotation>
    <annotation annotator="Mike Bada, University of Colorado Anschutz Medical Campus" id="GO_BP_2016_02_16_Instance_44937" type="identity">
      <class id="GO:0006281" label="DNA repair"/>
      <span end="11814" id="16255782-16965" start="11804">DNA repair</span>
    </annotation>
    <annotation annotator="Mike Bada, University of Colorado Anschutz Medical Campus" id="GO_BP_2016_02_16_Instance_180581" type="identity">
      <class id="GO_EXT:transcription" label="transcription"/>
      <span end="11895" id="16255782-16795" start="11882">transcription</span>
    </annotation>
    <annotation annotator="Mike Bada, University of Colorado Anschutz Medical Campus" id="GO_BP_2016_02_16_Instance_37601" type="identity">
      <class id="GO:0010467" label="gene expression"/>
      <span end="12582" id="16255782-16873" start="12572">expression</span>
    </annotation>
    <annotation annotator="Mike Bada, University of Colorado Anschutz Medical Campus" id="GO_BP_2016_02_16_Instance_180583" type="identity">
      <class id="GO_EXT:transcription" label="transcription"/>
      <span end="13143" id="16255782-16797" start="13130">transcription</span>
    </annotation>
    <annotation annotator="Mike Bada, University of Colorado Anschutz Medical Campus" id="GO_BP_2016_02_16_Instance_44939" type="identity">
      <class id="GO:0010467" label="gene expression"/>
      <span end="13255" id="16255782-16967" start="13240">gene expression</span>
    </annotation>
    <annotation annotator="Mike Bada, University of Colorado Anschutz Medical Campus" id="GO_BP_2016_02_16_Instance_37603" type="identity">
      <class id="GO:0010467" label="gene expression"/>
      <span end="13404" id="16255782-16875" start="13394">expression</span>
    </annotation>
    <annotation annotator="Mike Bada, University of Colorado Anschutz Medical Campus" id="GO_BP_2016_02_16_Instance_37605" type="identity">
      <class id="GO:0010467" label="gene expression"/>
      <span end="13458" id="16255782-16877" start="13448">expression</span>
    </annotation>
    <annotation annotator="Mike Bada, University of Colorado Anschutz Medical Campus" id="GO_BP_2016_02_16_Instance_37621" type="identity">
      <class id="GO:0065007" label="biological regulation"/>
      <span end="13608" id="16255782-16893" start="13598">regulation</span>
    </annotation>
    <annotation annotator="Mike Bada, University of Colorado Anschutz Medical Campus" id="GO_BP_2016_02_16_Instance_44941" type="identity">
      <class id="GO:0006281" label="DNA repair"/>
      <span end="13642" id="16255782-16969" start="13632">DNA repair</span>
    </annotation>
    <annotation annotator="Mike Bada, University of Colorado Anschutz Medical Campus" id="GO_BP_2016_02_16_Instance_180585" type="identity">
      <class id="GO_EXT:transcription" label="transcription"/>
      <span end="13677" id="16255782-16799" start="13664">transcription</span>
    </annotation>
    <annotation annotator="Mike Bada, University of Colorado Anschutz Medical Campus" id="GO_BP_2016_02_16_Instance_37623" type="identity">
      <class id="GO:0065007" label="biological regulation"/>
      <span end="13739" id="16255782-16895" start="13729">regulation</span>
    </annotation>
    <annotation annotator="Mike Bada, University of Colorado Anschutz Medical Campus" id="GO_BP_2016_02_16_Instance_44943" type="identity">
      <class id="GO:0006281" label="DNA repair"/>
      <span end="14150" id="16255782-16971" start="14140">DNA repair</span>
    </annotation>
    <annotation annotator="Mike Bada, University of Colorado Anschutz Medical Campus" id="GO_BP_2016_02_16_Instance_44945" type="identity">
      <class id="GO:0006281" label="DNA repair"/>
      <span end="14346" id="16255782-16973" start="14336">DNA repair</span>
    </annotation>
    <annotation annotator="Mike Bada, University of Colorado Anschutz Medical Campus" id="GO_BP_2016_02_16_Instance_37625" type="identity">
      <class id="GO:0065007" label="biological regulation"/>
      <span end="14409" id="16255782-16897" start="14400">regulated</span>
    </annotation>
    <annotation annotator="Mike Bada, University of Colorado Anschutz Medical Campus" id="GO_BP_2016_02_16_Instance_180587" type="identity">
      <class id="GO_EXT:transcription" label="transcription"/>
      <span end="14565" id="16255782-16801" start="14552">transcription</span>
    </annotation>
    <annotation annotator="Mike Bada, University of Colorado Anschutz Medical Campus" id="GO_BP_2016_02_16_Instance_44947" type="identity">
      <class id="GO:0006281" label="DNA repair"/>
      <span end="14812" id="16255782-16975" start="14802">DNA repair</span>
    </annotation>
    <annotation annotator="Mike Bada, University of Colorado Anschutz Medical Campus" id="GO_BP_2016_02_16_Instance_44949" type="identity">
      <class id="GO:0006281" label="DNA repair"/>
      <span end="14933" id="16255782-16977" start="14923">DNA repair</span>
    </annotation>
    <annotation annotator="Mike Bada, University of Colorado Anschutz Medical Campus" id="GO_BP_2016_02_16_Instance_44951" type="identity">
      <class id="GO:0006281" label="DNA repair"/>
      <span end="15045" id="16255782-16979" start="15035">DNA repair</span>
    </annotation>
    <annotation annotator="Mike Bada, University of Colorado Anschutz Medical Campus" id="GO_BP_2016_02_16_with_nested_annotations_Instance_241978" type="identity">
      <class id="GO:0065007" label="biological regulation"/>
      <span end="15064" id="16255782-17015" start="15055">regulated</span>
    </annotation>
    <annotation annotator="Mike Bada, University of Colorado Anschutz Medical Campus" id="GO_BP_2016_02_16_Instance_180589" type="identity">
      <class id="GO_EXT:transcription" label="transcription"/>
      <span end="15083" id="16255782-16803" start="15070">transcription</span>
    </annotation>
    <annotation annotator="Mike Bada, University of Colorado Anschutz Medical Campus" id="GO_BP_2016_02_16_Instance_44953" type="identity">
      <class id="GO:0006281" label="DNA repair"/>
      <span end="15350" id="16255782-16981" start="15340">DNA repair</span>
    </annotation>
    <annotation annotator="Mike Bada, University of Colorado Anschutz Medical Campus" id="GO_BP_2016_02_16_Instance_44955" type="identity">
      <class id="GO:0006281" label="DNA repair"/>
      <span end="16426" id="16255782-16983" start="16416">DNA repair</span>
    </annotation>
    <annotation annotator="Mike Bada, University of Colorado Anschutz Medical Campus" id="GO_BP_2016_02_16_Instance_44957" type="identity">
      <class id="GO:0006281" label="DNA repair"/>
      <span end="16673" id="16255782-16985" start="16663">DNA repair</span>
    </annotation>
    <annotation annotator="Mike Bada, University of Colorado Anschutz Medical Campus" id="GO_BP_2016_02_16_Instance_180591" type="identity">
      <class id="GO_EXT:transcription" label="transcription"/>
      <span end="16951" id="16255782-16805" start="16936">transcriptional</span>
    </annotation>
    <annotation annotator="Mike Bada, University of Colorado Anschutz Medical Campus" id="GO_BP_2016_02_16_Instance_180593" type="identity">
      <class id="GO:0065007" label="biological regulation"/>
      <span end="16962" id="16255782-16807" start="16952">regulation</span>
    </annotation>
    <annotation annotator="Mike Bada, University of Colorado Anschutz Medical Campus" id="GO_BP_2016_02_16_Instance_44959" type="identity">
      <class id="GO:0006281" label="DNA repair"/>
      <span end="16995" id="16255782-16987" start="16985">DNA repair</span>
    </annotation>
    <annotation annotator="Mike Bada, University of Colorado Anschutz Medical Campus" id="GO_BP_2016_02_16_Instance_37627" type="identity">
      <class id="GO:0065007" label="biological regulation"/>
      <span end="17072" id="16255782-16899" start="17062">regulation</span>
    </annotation>
    <annotation annotator="Mike Bada, University of Colorado Anschutz Medical Campus" id="GO_BP_2016_02_16_Instance_37629" type="identity">
      <class id="GO:0065007" label="biological regulation"/>
      <span end="17265" id="16255782-16901" start="17255">regulation</span>
    </annotation>
    <annotation annotator="Mike Bada, University of Colorado Anschutz Medical Campus" id="GO_BP_2016_02_16_Instance_44961" type="identity">
      <class id="GO:0006281" label="DNA repair"/>
      <span end="17317" id="16255782-16989" start="17307">DNA repair</span>
    </annotation>
    <annotation annotator="Mike Bada, University of Colorado Anschutz Medical Campus" id="GO_BP_2016_02_16_Instance_44963" type="identity">
      <class id="GO:0006281" label="DNA repair"/>
      <span end="17503" id="16255782-16991" start="17493">DNA repair</span>
    </annotation>
    <annotation annotator="Mike Bada, University of Colorado Anschutz Medical Campus" id="GO_BP_2016_02_16_Instance_180595" type="identity">
      <class id="GO_EXT:transcription" label="transcription"/>
      <span end="17551" id="16255782-16809" start="17538">transcription</span>
    </annotation>
    <annotation annotator="Mike Bada, University of Colorado Anschutz Medical Campus" id="GO_BP_2016_02_16_Instance_180597" type="identity">
      <class id="GO_EXT:transcription" label="transcription"/>
      <span end="17842" id="16255782-16811" start="17829">transcription</span>
    </annotation>
    <annotation annotator="Mike Bada, University of Colorado Anschutz Medical Campus" id="GO_BP_2016_02_16_Instance_37631" type="identity">
      <class id="GO:0065007" label="biological regulation"/>
      <span end="17859" id="16255782-16903" start="17850">regulated</span>
    </annotation>
    <annotation annotator="Mike Bada, University of Colorado Anschutz Medical Campus" id="GO_BP_2016_02_16_Instance_180599" type="identity">
      <class id="GO_EXT:negative_regulator" label="negative regulator"/>
      <span end="18010" id="16255782-16813" start="17992">negative regulator</span>
    </annotation>
    <annotation annotator="Mike Bada, University of Colorado Anschutz Medical Campus" id="GO_BP_2016_02_16_Instance_37659" type="identity">
      <class id="GO:0007567" label="parturition"/>
      <span end="18211" id="16255782-16919" start="18206">birth</span>
    </annotation>
    <annotation annotator="Mike Bada, University of Colorado Anschutz Medical Campus" id="GO_BP_2016_02_16_Instance_36705" type="identity">
      <class id="GO:0016265" label="death"/>
      <span end="18228" id="16255782-16853" start="18225">die</span>
    </annotation>
    <annotation annotator="Mike Bada, University of Colorado Anschutz Medical Campus" id="GO_BP_2016_02_16_Instance_37633" type="identity">
      <class id="GO:0065007" label="biological regulation"/>
      <span end="18577" id="16255782-16905" start="18567">regulating</span>
    </annotation>
    <annotation annotator="Mike Bada, University of Colorado Anschutz Medical Campus" id="GO_BP_2016_02_16_Instance_44965" type="identity">
      <class id="GO:0006281" label="DNA repair"/>
      <span end="18608" id="16255782-16993" start="18598">DNA repair</span>
    </annotation>
    <annotation annotator="Mike Bada, University of Colorado Anschutz Medical Campus" id="GO_BP_2016_02_16_Instance_44967" type="identity">
      <class id="GO:0006281" label="DNA repair"/>
      <span end="18808" id="16255782-16995" start="18798">DNA repair</span>
    </annotation>
    <annotation annotator="Mike Bada, University of Colorado Anschutz Medical Campus" id="GO_BP_2016_02_16_Instance_44969" type="identity">
      <class id="GO:0006281" label="DNA repair"/>
      <span end="19024" id="16255782-16997" start="19014">DNA repair</span>
    </annotation>
    <annotation annotator="Mike Bada, University of Colorado Anschutz Medical Campus" id="GO_BP_2016_02_16_Instance_37661" type="identity">
      <class id="GO:0065007" label="biological regulation"/>
      <span end="19119" id="16255782-16921" start="19109">controlled</span>
    </annotation>
    <annotation annotator="Mike Bada, University of Colorado Anschutz Medical Campus" id="GO_BP_2016_02_16_Instance_36901" type="identity">
      <class id="GO:0065007" label="biological regulation"/>
      <span end="19241" id="16255782-16855" start="19233">regulate</span>
    </annotation>
    <annotation annotator="Mike Bada, University of Colorado Anschutz Medical Campus" id="GO_BP_2016_02_16_Instance_180601" type="identity">
      <class id="GO_EXT:transcription" label="transcription"/>
      <span end="19255" id="16255782-16815" start="19242">transcription</span>
    </annotation>
    <annotation annotator="Mike Bada, University of Colorado Anschutz Medical Campus" id="GO_BP_2016_02_16_Instance_44971" type="identity">
      <class id="GO:0006281" label="DNA repair"/>
      <span end="19269" id="16255782-16999" start="19259">DNA repair</span>
    </annotation>
    <annotation annotator="Mike Bada, University of Colorado Anschutz Medical Campus" id="GO_BP_2016_02_16_Instance_44973" type="identity">
      <class id="GO:0006281" label="DNA repair"/>
      <span end="19430" id="16255782-17001" start="19420">DNA repair</span>
    </annotation>
    <annotation annotator="Mike Bada, University of Colorado Anschutz Medical Campus" id="GO_BP_2016_02_16_Instance_180603" type="identity">
      <class id="GO_EXT:positive_regulation" label="positive regulation"/>
      <span end="19449" id="16255782-16817" start="19436">up-regulation</span>
    </annotation>
    <annotation annotator="Mike Bada, University of Colorado Anschutz Medical Campus" id="GO_BP_2016_02_16_with_nested_annotations_Instance_1228" type="identity">
      <class id="GO_EXT:reaction_or_response" label="reaction/response"/>
      <span end="19461" id="16255782-17013" start="19453">response</span>
    </annotation>
    <annotation annotator="Mike Bada, University of Colorado Anschutz Medical Campus" id="GO_BP_2016_02_16_Instance_44975" type="identity">
      <class id="GO:0006281" label="DNA repair"/>
      <span end="19500" id="16255782-17003" start="19490">DNA repair</span>
    </annotation>
    <annotation annotator="Mike Bada, University of Colorado Anschutz Medical Campus" id="GO_BP_2016_02_16_Instance_37663" type="identity">
      <class id="GO:0006260" label="DNA replication"/>
      <span end="19528" id="16255782-16923" start="19517">replicating</span>
    </annotation>
    <annotation annotator="Mike Bada, University of Colorado Anschutz Medical Campus" id="GO_BP_2016_02_16_Instance_36905" type="identity">
      <class id="GO:0065007" label="biological regulation"/>
      <span end="20675" id="16255782-16857" start="20666">regulated</span>
    </annotation>
    <annotation annotator="Mike Bada, University of Colorado Anschutz Medical Campus" id="GO_BP_2016_02_16_Instance_180605" type="identity">
      <class id="GO_EXT:transcription" label="transcription"/>
      <span end="20689" id="16255782-16819" start="20676">transcription</span>
    </annotation>
    <annotation annotator="Mike Bada, University of Colorado Anschutz Medical Campus" id="GO_BP_2016_02_16_Instance_180607" type="identity">
      <class id="GO_EXT:transcription" label="transcription"/>
      <span end="20738" id="16255782-16821" start="20725">transcription</span>
    </annotation>
    <annotation annotator="Mike Bada, University of Colorado Anschutz Medical Campus" id="GO_BP_2016_02_16_Instance_37635" type="identity">
      <class id="GO:0065007" label="biological regulation"/>
      <span end="21168" id="16255782-16907" start="21158">regulation</span>
    </annotation>
    <annotation annotator="Mike Bada, University of Colorado Anschutz Medical Campus" id="GO_BP_2016_02_16_Instance_37637" type="identity">
      <class id="GO:0065007" label="biological regulation"/>
      <span end="21408" id="16255782-16909" start="21398">regulation</span>
    </annotation>
    <annotation annotator="Mike Bada, University of Colorado Anschutz Medical Campus" id="GO_BP_2016_02_16_Instance_44977" type="identity">
      <class id="GO:0006281" label="DNA repair"/>
      <span end="21470" id="16255782-17005" start="21460">DNA repair</span>
    </annotation>
    <annotation annotator="Mike Bada, University of Colorado Anschutz Medical Campus" id="GO_BP_2016_02_16_Instance_37173" type="identity">
      <class id="GO:0065007" label="biological regulation"/>
      <span end="22432" id="16255782-16859" start="22423">regulated</span>
    </annotation>
    <annotation annotator="Mike Bada, University of Colorado Anschutz Medical Campus" id="GO_BP_2016_02_16_Instance_180609" type="identity">
      <class id="GO_EXT:transcription" label="transcription"/>
      <span end="22453" id="16255782-16823" start="22440">transcription</span>
    </annotation>
    <annotation annotator="Mike Bada, University of Colorado Anschutz Medical Campus" id="GO_BP_2016_02_16_Instance_37595" type="identity">
      <class id="GO:0065007" label="biological regulation"/>
      <span end="22529" id="16255782-16869" start="22520">regulates</span>
    </annotation>
    <annotation annotator="Mike Bada, University of Colorado Anschutz Medical Campus" id="GO_BP_2016_02_16_Instance_180611" type="identity">
      <class id="GO_EXT:transcription" label="transcription"/>
      <span end="22543" id="16255782-16825" start="22530">transcription</span>
    </annotation>
    <annotation annotator="Mike Bada, University of Colorado Anschutz Medical Campus" id="GO_BP_2016_02_16_Instance_44979" type="identity">
      <class id="GO:0006281" label="DNA repair"/>
      <span end="22576" id="16255782-17007" start="22566">DNA repair</span>
    </annotation>
    <annotation annotator="Mike Bada, University of Colorado Anschutz Medical Campus" id="GO_BP_2016_02_16_Instance_37639" type="identity">
      <class id="GO:0065007" label="biological regulation"/>
      <span end="22643" id="16255782-16911" start="22633">regulation</span>
    </annotation>
    <annotation annotator="Mike Bada, University of Colorado Anschutz Medical Campus" id="GO_BP_2016_02_16_Instance_44981" type="identity">
      <class id="GO:0006281" label="DNA repair"/>
      <span end="22715" id="16255782-17009" start="22705">DNA repair</span>
    </annotation>
    <annotation annotator="Mike Bada, University of Colorado Anschutz Medical Campus" id="GO_BP_2016_02_16_Instance_180613" type="identity">
      <class id="GO_EXT:transcription" label="transcription"/>
      <span end="24250" id="16255782-16827" start="24237">transcription</span>
    </annotation>
    <annotation annotator="Mike Bada, University of Colorado Anschutz Medical Campus" id="GO_BP_2016_02_16_Instance_180615" type="identity">
      <class id="GO_EXT:transcription" label="transcription"/>
      <span end="24386" id="16255782-16829" start="24373">transcription</span>
    </annotation>
    <annotation annotator="Mike Bada, University of Colorado Anschutz Medical Campus" id="GO_BP_2016_02_16_Instance_21789" type="identity">
      <class id="GO:0010467" label="gene expression"/>
      <span end="25852" id="16255782-16839" start="25842">Expression</span>
    </annotation>
    <annotation annotator="Mike Bada, University of Colorado Anschutz Medical Campus" id="GO_BP_2016_02_16_Instance_21791" type="identity">
      <class id="GO:0010467" label="gene expression"/>
      <span end="26142" id="16255782-16841" start="26132">Expression</span>
    </annotation>
    <annotation annotator="Mike Bada, University of Colorado Anschutz Medical Campus" id="GO_BP_2016_02_16_Instance_23379" type="identity">
      <class id="GO:0006281" label="DNA repair"/>
      <span end="26347" id="16255782-16845" start="26337">DNA repair</span>
    </annotation>
    <annotation annotator="Mike Bada, University of Colorado Anschutz Medical Campus" id="GO_BP_2016_02_16_Instance_180617" type="identity">
      <class id="GO_EXT:transcription" label="transcription"/>
      <span end="26387" id="16255782-16831" start="26374">transcription</span>
    </annotation>
    <annotation annotator="Mike Bada, University of Colorado Anschutz Medical Campus" id="GO_BP_2016_02_16_Instance_37665" type="identity">
      <class id="GO:0006281" label="DNA repair"/>
      <span end="26914" id="16255782-16925" start="26904">DNA repair</span>
    </annotation>
    <annotation annotator="Mike Bada, University of Colorado Anschutz Medical Campus" id="GO_BP_2016_02_16_Instance_180619" type="identity">
      <class id="GO_EXT:transcription" label="transcription"/>
      <span end="26945" id="16255782-16833" start="26932">transcription</span>
    </annotation>
    <annotation annotator="Mike Bada, University of Colorado Anschutz Medical Campus" id="GO_BP_2016_02_16_Instance_180621" type="identity">
      <class id="GO_EXT:transcription" label="transcription"/>
      <span end="27094" id="16255782-16835" start="27081">transcription</span>
    </annotation>
    <annotation annotator="Mike Bada, University of Colorado Anschutz Medical Campus" id="GO_BP_2016_02_16_Instance_23381" type="identity">
      <class id="GO:0006281" label="DNA repair"/>
      <span end="27153" id="16255782-16847" start="27143">DNA repair</span>
    </annotation>
    <annotation annotator="Mike Bada, University of Colorado Anschutz Medical Campus" id="GO_BP_2016_02_16_Instance_21793" type="identity">
      <class id="GO:0010467" label="gene expression"/>
      <span end="27244" id="16255782-16843" start="27234">expression</span>
    </annotation>
    <annotation annotator="Mike Bada, University of Colorado Anschutz Medical Campus" id="GO_BP_2016_02_16_Instance_180623" type="identity">
      <class id="GO_EXT:transcription" label="transcription"/>
      <span end="27551" id="16255782-16837" start="27538">transcription</span>
    </annotation>
    <annotation annotator="Mike Bada, University of Colorado Anschutz Medical Campus" id="GO_BP_2016_02_16_Instance_23383" type="identity">
      <class id="GO:0006281" label="DNA repair"/>
      <span end="27600" id="16255782-16849" start="27590">DNA repair</span>
    </annotation>
    <graph-space id="Old Knowtator Relations"/>
  </document>
</knowtator-project>
