<?xml version="1.0" encoding="UTF-8" standalone="no"?>
<knowtator-project>
  <document id="16279840" text-file="16279840.txt">
    <annotation annotator="Mike Bada, University of Colorado Anschutz Medical Campus" id="GO_BP_2016_02_16_Instance_180625" type="identity">
      <class id="GO:0034205" label="beta-amyloid formation"/>
      <span end="61" id="16279840-17021" start="48">Aβ Production</span>
    </annotation>
    <annotation annotator="Mike Bada, University of Colorado Anschutz Medical Campus" id="GO_BP_2016_02_16_Instance_180627" type="identity">
      <class id="GO:0034205" label="beta-amyloid formation"/>
      <span end="388" id="16279840-17023" start="375">Aβ production</span>
    </annotation>
    <annotation annotator="Mike Bada, University of Colorado Anschutz Medical Campus" id="GO_BP_2016_02_16_Instance_180629" type="identity">
      <class id="GO:0034205" label="beta-amyloid formation"/>
      <span end="804" id="16279840-17025" start="791">Aβ production</span>
    </annotation>
    <annotation annotator="Mike Bada, University of Colorado Anschutz Medical Campus" id="GO_BP_2016_02_16_Instance_180631" type="identity">
      <class id="GO:0010467" label="gene expression"/>
      <span end="878" id="16279840-17027" start="871">express</span>
    </annotation>
    <annotation annotator="Mike Bada, University of Colorado Anschutz Medical Campus" id="GO_BP_2016_02_16_Instance_38017" type="identity">
      <class id="GO:0065007" label="biological regulation"/>
      <span end="925" id="16279840-17182" start="916">regulated</span>
    </annotation>
    <annotation annotator="Mike Bada, University of Colorado Anschutz Medical Campus" id="GO_BP_2016_02_16_Instance_31967" type="identity">
      <class id="GO:0010467" label="gene expression"/>
      <span end="988" id="16279840-17115" start="978">expression</span>
    </annotation>
    <annotation annotator="Mike Bada, University of Colorado Anschutz Medical Campus" id="GO_BP_2016_02_16_Instance_32965" type="identity">
      <class id="GO:0010467" label="gene expression"/>
      <span end="1115" id="16279840-17117" start="1105">expression</span>
    </annotation>
    <annotation annotator="Mike Bada, University of Colorado Anschutz Medical Campus" id="GO_BP_2016_02_16_Instance_180633" type="identity">
      <class id="GO:0034205" label="beta-amyloid formation"/>
      <span end="1161" id="16279840-17029" start="1148">Aβ production</span>
    </annotation>
    <annotation annotator="Mike Bada, University of Colorado Anschutz Medical Campus" id="GO_BP_2016_02_16_Instance_180635" type="identity">
      <class id="GO:0034205" label="beta-amyloid formation"/>
      <span end="1239" id="16279840-17031" start="1227">Aβ synthesis</span>
    </annotation>
    <annotation annotator="Mike Bada, University of Colorado Anschutz Medical Campus" id="GO_BP_2016_02_16_Instance_38023" type="identity">
      <class id="GO:0042983" label="amyloid precursor protein biosynthetic process"/>
      <span end="1487" id="16279840-17186" start="1474">APP synthesis</span>
    </annotation>
    <annotation annotator="Mike Bada, University of Colorado Anschutz Medical Campus" id="GO_BP_2016_02_16_Instance_180637" type="identity">
      <class id="GO:0034205" label="beta-amyloid formation"/>
      <span end="1826" id="16279840-17033" start="1813">Aβ production</span>
    </annotation>
    <annotation annotator="Mike Bada, University of Colorado Anschutz Medical Campus" id="GO_BP_2016_02_16_with_nested_annotations_Instance_22046" type="identity">
      <class id="GO_EXT:biological_release" label="biological release"/>
      <span end="2530" id="16279840-17313" start="2522">releases</span>
    </annotation>
    <annotation annotator="Mike Bada, University of Colorado Anschutz Medical Campus" id="GO_BP_2016_02_16_with_nested_annotations_Instance_241864" type="identity">
      <class id="GO:0034205" label="beta-amyloid formation"/>
      <span end="2605" id="16279840-17341" start="2589">production of Aβ</span>
    </annotation>
    <annotation annotator="Mike Bada, University of Colorado Anschutz Medical Campus" id="GO_BP_2016_02_16_Instance_38035" type="identity">
      <class id="GO:0050890" label="cognition"/>
      <span end="3194" id="16279840-17190" start="3185">cognitive</span>
    </annotation>
    <annotation annotator="Mike Bada, University of Colorado Anschutz Medical Campus" id="GO_BP_2016_02_16_with_nested_annotations_Instance_22048" type="identity">
      <class id="GO_EXT:biological_release" label="biological release"/>
      <span end="3664" id="16279840-17315" start="3656">released</span>
    </annotation>
    <annotation annotator="Mike Bada, University of Colorado Anschutz Medical Campus" id="GO_BP_2016_02_16_Instance_180639" type="identity">
      <class id="GO:0034205" label="beta-amyloid formation"/>
      <span end="4381" id="16279840-17035" start="4365">production of Aβ</span>
    </annotation>
    <annotation annotator="Mike Bada, University of Colorado Anschutz Medical Campus" id="GO_BP_2016_02_16_Instance_38059" type="identity">
      <class id="GO:0010467" label="gene expression"/>
      <span end="4717" id="16279840-17208" start="4708">expresses</span>
    </annotation>
    <annotation annotator="Mike Bada, University of Colorado Anschutz Medical Campus" id="GO_BP_2016_02_16_Instance_230774" type="identity">
      <class id="GO:0065007" label="biological regulation"/>
      <span end="4732" id="16279840-17109" start="4720">controllable</span>
    </annotation>
    <annotation annotator="Mike Bada, University of Colorado Anschutz Medical Campus" id="GO_BP_2016_02_16_Instance_38019" type="identity">
      <class id="GO:0065007" label="biological regulation"/>
      <span end="4815" id="16279840-17184" start="4806">regulated</span>
    </annotation>
    <annotation annotator="Mike Bada, University of Colorado Anschutz Medical Campus" id="GO_BP_2016_02_16_Instance_33565" type="identity">
      <class id="GO:0010467" label="gene expression"/>
      <span end="4903" id="16279840-17119" start="4893">expression</span>
    </annotation>
    <annotation annotator="Mike Bada, University of Colorado Anschutz Medical Campus" id="GO_BP_2016_02_16_Instance_33793" type="identity">
      <class id="GO:0010467" label="gene expression"/>
      <span end="4997" id="16279840-17121" start="4987">expression</span>
    </annotation>
    <annotation annotator="Mike Bada, University of Colorado Anschutz Medical Campus" id="GO_BP_2016_02_16_Instance_180641" type="identity">
      <class id="GO:0034205" label="beta-amyloid formation"/>
      <span end="5149" id="16279840-17037" start="5136">Aβ production</span>
    </annotation>
    <annotation annotator="Mike Bada, University of Colorado Anschutz Medical Campus" id="GO_BP_2016_02_16_Instance_38077" type="identity">
      <class id="GO:0006266" label="DNA ligation"/>
      <span end="5638" id="16279840-17210" start="5630">ligating</span>
    </annotation>
    <annotation annotator="Mike Bada, University of Colorado Anschutz Medical Campus" id="GO_BP_2016_02_16_Instance_38079" type="identity">
      <class id="GO:0006266" label="DNA ligation"/>
      <span end="6509" id="16279840-17212" start="6502">ligated</span>
    </annotation>
    <annotation annotator="Mike Bada, University of Colorado Anschutz Medical Campus" id="GO_BP_2016_02_16_Instance_38081" type="identity">
      <class id="GO:0006266" label="DNA ligation"/>
      <span end="6801" id="16279840-17214" start="6794">ligated</span>
    </annotation>
    <annotation annotator="Mike Bada, University of Colorado Anschutz Medical Campus" id="GO_BP_2016_02_16_Instance_38083" type="identity">
      <class id="GO:0006266" label="DNA ligation"/>
      <span end="6871" id="16279840-17216" start="6863">ligation</span>
    </annotation>
    <annotation annotator="Mike Bada, University of Colorado Anschutz Medical Campus" id="GO_BP_2016_02_16_Instance_38085" type="identity">
      <class id="GO:0006266" label="DNA ligation"/>
      <span end="7558" id="16279840-17218" start="7551">ligated</span>
    </annotation>
    <annotation annotator="Mike Bada, University of Colorado Anschutz Medical Campus" id="GO_BP_2016_02_16_Instance_38091" type="identity">
      <class id="GO:0009566" label="fertilization"/>
      <span end="8033" id="16279840-17223" start="8023">fertilized</span>
    </annotation>
    <annotation annotator="Mike Bada, University of Colorado Anschutz Medical Campus" id="GO_BP_2016_02_16_Instance_54437" type="identity">
      <class id="GO:0007618" label="mating"/>
      <span end="8071" id="16279840-17285" start="8064">matings</span>
    </annotation>
    <annotation annotator="Mike Bada, University of Colorado Anschutz Medical Campus" id="GO_BP_2016_02_16_with_nested_annotations_Instance_1688" type="identity">
      <class id="GO_EXT:breeding" label="breeding"/>
      <span end="8247" id="16279840-17309" start="8243">bred</span>
    </annotation>
    <annotation annotator="Mike Bada, University of Colorado Anschutz Medical Campus" id="GO_BP_2016_02_16_Instance_37163" type="identity">
      <class id="GO:0010467" label="gene expression"/>
      <span end="8269" id="16279840-17171" start="8259">expressing</span>
    </annotation>
    <annotation annotator="Mike Bada, University of Colorado Anschutz Medical Campus" id="GO_BP_2016_02_16_Instance_38307" type="identity">
      <class id="GO:0065007" label="biological regulation"/>
      <span end="8321" id="16279840-17278" start="8314">control</span>
    </annotation>
    <annotation annotator="Mike Bada, University of Colorado Anschutz Medical Campus" id="GO_BP_2016_02_16_Instance_35187" type="identity">
      <class id="GO:0007631" label="feeding behavior"/>
      <span end="9068" id="16279840-17141" start="9057">consumption</span>
    </annotation>
    <annotation annotator="Mike Bada, University of Colorado Anschutz Medical Campus" id="GO_BP_2016_02_16_Instance_38099" type="identity">
      <class id="GO:0017001" label="antibiotic catabolic process"/>
      <span end="9295" id="16279840-17231" start="9283">breakdown of</span>
      <span end="9310" id="16279840-17232" start="9300">antibiotic</span>
    </annotation>
    <annotation annotator="Mike Bada, University of Colorado Anschutz Medical Campus" id="GO_BP_2016_02_16_Instance_38087" type="identity">
      <class id="GO:0006277" label="DNA amplification"/>
      <span end="9408" id="16279840-17220" start="9392">amplification of</span>
      <span end="9420" id="16279840-17221" start="9417">DNA</span>
    </annotation>
    <annotation annotator="Mike Bada, University of Colorado Anschutz Medical Campus" id="GO_BP_2016_02_16_with_nested_annotations_Instance_23442" type="identity">
      <class id="GO_EXT:biological_movement_or_translocation_process" label="biological movement/translocation process"/>
      <span end="11869" id="16279840-17321" start="11858">transferred</span>
    </annotation>
    <annotation annotator="Mike Bada, University of Colorado Anschutz Medical Campus" id="GO_BP_2016_02_16_with_nested_annotations_Instance_23444" type="identity">
      <class id="GO_EXT:biological_movement_or_translocation_process" label="biological movement/translocation process"/>
      <span end="14266" id="16279840-17323" start="14255">transferred</span>
    </annotation>
    <annotation annotator="Mike Bada, University of Colorado Anschutz Medical Campus" id="GO_BP_2016_02_16_with_nested_annotations_Instance_24289" type="identity">
      <class id="GO_EXT:biological_movement_or_translocation_process" label="biological movement/translocation process"/>
      <span end="20052" id="16279840-17343" start="20046">passed</span>
    </annotation>
    <annotation annotator="Mike Bada, University of Colorado Anschutz Medical Campus" id="GO_BP_2016_02_16_Instance_33795" type="identity">
      <class id="GO:0010467" label="gene expression"/>
      <span end="20519" id="16279840-17123" start="20509">expression</span>
    </annotation>
    <annotation annotator="Mike Bada, University of Colorado Anschutz Medical Campus" id="GO_BP_2016_02_16_Instance_38103" type="identity">
      <class id="GO:0010467" label="gene expression"/>
      <span end="20946" id="16279840-17234" start="20939">express</span>
    </annotation>
    <annotation annotator="Mike Bada, University of Colorado Anschutz Medical Campus" id="GO_BP_2016_02_16_Instance_33797" type="identity">
      <class id="GO:0010467" label="gene expression"/>
      <span end="21103" id="16279840-17125" start="21093">expression</span>
    </annotation>
    <annotation annotator="Mike Bada, University of Colorado Anschutz Medical Campus" id="GO_BP_2016_02_16_Instance_38093" type="identity">
      <class id="GO:0065007" label="biological regulation"/>
      <span end="21188" id="16279840-17225" start="21181">control</span>
    </annotation>
    <annotation annotator="Mike Bada, University of Colorado Anschutz Medical Campus" id="GO_BP_2016_02_16_Instance_180643" type="identity">
      <class id="GO:0010467" label="gene expression"/>
      <span end="21381" id="16279840-17039" start="21371">expressing</span>
    </annotation>
    <annotation annotator="Mike Bada, University of Colorado Anschutz Medical Campus" id="GO_BP_2016_02_16_Instance_38139" type="identity">
      <class id="GO:0007567" label="parturition"/>
      <span end="22352" id="16279840-17254" start="22348">born</span>
    </annotation>
    <annotation annotator="Mike Bada, University of Colorado Anschutz Medical Campus" id="GO_BP_2016_02_16_Instance_38141" type="identity">
      <class id="GO:0007567" label="parturition"/>
      <span end="22556" id="16279840-17256" start="22552">born</span>
    </annotation>
    <annotation annotator="Mike Bada, University of Colorado Anschutz Medical Campus" id="GO_BP_2016_02_16_Instance_33867" type="identity">
      <class id="GO:0010467" label="gene expression"/>
      <span end="22686" id="16279840-17127" start="22676">expression</span>
    </annotation>
    <annotation annotator="Mike Bada, University of Colorado Anschutz Medical Campus" id="GO_BP_2016_02_16_Instance_34131" type="identity">
      <class id="GO:0010467" label="gene expression"/>
      <span end="22767" id="16279840-17129" start="22757">expression</span>
    </annotation>
    <annotation annotator="Mike Bada, University of Colorado Anschutz Medical Campus" id="GO_BP_2016_02_16_Instance_180645" type="identity">
      <class id="GO_EXT:transcription" label="transcription"/>
      <span end="22964" id="16279840-17041" start="22951">transcription</span>
    </annotation>
    <annotation annotator="Mike Bada, University of Colorado Anschutz Medical Campus" id="GO_BP_2016_02_16_Instance_180647" type="identity">
      <class id="GO:0034205" label="beta-amyloid formation"/>
      <span end="23331" id="16279840-17043" start="23318">Aβ production</span>
    </annotation>
    <annotation annotator="Mike Bada, University of Colorado Anschutz Medical Campus" id="GO_BP_2016_02_16_Instance_180649" type="identity">
      <class id="GO:0043043" label="peptide biosynthetic process"/>
      <span end="23815" id="16279840-17045" start="23798">peptide synthesis</span>
    </annotation>
    <annotation annotator="Mike Bada, University of Colorado Anschutz Medical Campus" id="GO_BP_2016_02_16_Instance_38143" type="identity">
      <class id="GO:0007567" label="parturition"/>
      <span end="24077" id="16279840-17258" start="24073">born</span>
    </annotation>
    <annotation annotator="Mike Bada, University of Colorado Anschutz Medical Campus" id="GO_BP_2016_02_16_Instance_38145" type="identity">
      <class id="GO:0007567" label="parturition"/>
      <span end="24467" id="16279840-17260" start="24463">born</span>
    </annotation>
    <annotation annotator="Mike Bada, University of Colorado Anschutz Medical Campus" id="GO_BP_2016_02_16_Instance_38147" type="identity">
      <class id="GO:0007567" label="parturition"/>
      <span end="25098" id="16279840-17262" start="25094">born</span>
    </annotation>
    <annotation annotator="Mike Bada, University of Colorado Anschutz Medical Campus" id="GO_BP_2016_02_16_Instance_38127" type="identity">
      <class id="GO:0007608" label="sensory perception of smell"/>
      <span end="26186" id="16279840-17242" start="26177">olfactory</span>
    </annotation>
    <annotation annotator="Mike Bada, University of Colorado Anschutz Medical Campus" id="GO_BP_2016_02_16_Instance_38095" type="identity">
      <class id="GO:0065007" label="biological regulation"/>
      <span end="26498" id="16279840-17227" start="26488">controlled</span>
    </annotation>
    <annotation annotator="Mike Bada, University of Colorado Anschutz Medical Campus" id="GO_BP_2016_02_16_Instance_34547" type="identity">
      <class id="GO:0010467" label="gene expression"/>
      <span end="26519" id="16279840-17131" start="26509">expression</span>
    </annotation>
    <annotation annotator="Mike Bada, University of Colorado Anschutz Medical Campus" id="GO_BP_2016_02_16_Instance_37165" type="identity">
      <class id="GO:0010467" label="gene expression"/>
      <span end="27011" id="16279840-17173" start="27001">expressing</span>
    </annotation>
    <annotation annotator="Mike Bada, University of Colorado Anschutz Medical Campus" id="GO_BP_2016_02_16_Instance_36701" type="identity">
      <class id="GO:0008088" label="axo-dendritic transport"/>
      <span end="27135" id="16279840-17157" start="27119">axonal transport</span>
    </annotation>
    <annotation annotator="Mike Bada, University of Colorado Anschutz Medical Campus" id="GO_BP_2016_02_16_Instance_37167" type="identity">
      <class id="GO:0010467" label="gene expression"/>
      <span end="27262" id="16279840-17175" start="27252">expressing</span>
    </annotation>
    <annotation annotator="Mike Bada, University of Colorado Anschutz Medical Campus" id="GO_BP_2016_02_16_Instance_38129" type="identity">
      <class id="GO:0007567" label="parturition"/>
      <span end="27496" id="16279840-17244" start="27492">born</span>
    </annotation>
    <annotation annotator="Mike Bada, University of Colorado Anschutz Medical Campus" id="GO_BP_2016_02_16_Instance_37169" type="identity">
      <class id="GO:0010467" label="gene expression"/>
      <span end="27551" id="16279840-17177" start="27541">expressing</span>
    </annotation>
    <annotation annotator="Mike Bada, University of Colorado Anschutz Medical Campus" id="GO_BP_2016_02_16_Instance_34619" type="identity">
      <class id="GO:0010467" label="gene expression"/>
      <span end="27704" id="16279840-17133" start="27694">expression</span>
    </annotation>
    <annotation annotator="Mike Bada, University of Colorado Anschutz Medical Campus" id="GO_BP_2016_02_16_Instance_180653" type="identity">
      <class id="GO:0034205" label="beta-amyloid formation"/>
      <span end="27886" id="16279840-17047" start="27873">Aβ production</span>
    </annotation>
    <annotation annotator="Mike Bada, University of Colorado Anschutz Medical Campus" id="GO_BP_2016_02_16_with_nested_annotations_Instance_23119" type="identity">
      <class id="GO_EXT:killing" label="killing"/>
      <span end="28191" id="16279840-17319" start="28181">sacrificed</span>
    </annotation>
    <annotation annotator="Mike Bada, University of Colorado Anschutz Medical Campus" id="GO_BP_2016_02_16_Instance_34965" type="identity">
      <class id="GO:0010467" label="gene expression"/>
      <span end="30858" id="16279840-17135" start="30848">expression</span>
    </annotation>
    <annotation annotator="Mike Bada, University of Colorado Anschutz Medical Campus" id="GO_BP_2016_02_16_with_nested_annotations_Instance_24291" type="identity">
      <class id="GO_EXT:biological_movement_or_translocation_process" label="biological movement/translocation process"/>
      <span end="31308" id="16279840-17345" start="31302">passed</span>
    </annotation>
    <annotation annotator="Mike Bada, University of Colorado Anschutz Medical Campus" id="GO_BP_2016_02_16_Instance_23171" type="identity">
      <class id="GO:0007601" label="visual perception"/>
      <span end="31493" id="16279840-17111" start="31487">visual</span>
    </annotation>
    <annotation annotator="Mike Bada, University of Colorado Anschutz Medical Campus" id="GO_BP_2016_02_16_Instance_34967" type="identity">
      <class id="GO:0010467" label="gene expression"/>
      <span end="32200" id="16279840-17137" start="32190">expression</span>
    </annotation>
    <annotation annotator="Mike Bada, University of Colorado Anschutz Medical Campus" id="GO_BP_2016_02_16_with_nested_annotations_Instance_80348" type="identity">
      <class id="GO_EXT:biological_growth_entity_or_process" label="biological growth entity or process"/>
      <span end="33867" id="16279840-17351" start="33861">growth</span>
    </annotation>
    <annotation annotator="Mike Bada, University of Colorado Anschutz Medical Campus" id="GO_BP_2016_02_16_Instance_38039" type="identity">
      <class id="GO:0050890" label="cognition"/>
      <span end="34102" id="16279840-17192" start="34093">cognitive</span>
    </annotation>
    <annotation annotator="Mike Bada, University of Colorado Anschutz Medical Campus" id="GO_BP_2016_02_16_Instance_54441" type="identity">
      <class id="GO:0050890" label="cognition"/>
      <span end="34164" id="16279840-17287" start="34155">cognition</span>
    </annotation>
    <annotation annotator="Mike Bada, University of Colorado Anschutz Medical Campus" id="GO_BP_2016_02_16_Instance_38041" type="identity">
      <class id="GO:0050890" label="cognition"/>
      <span end="34247" id="16279840-17194" start="34238">cognitive</span>
    </annotation>
    <annotation annotator="Mike Bada, University of Colorado Anschutz Medical Campus" id="GO_BP_2016_02_16_with_nested_annotations_Instance_241816" type="identity">
      <class id="GO_PATO_EXT:biological_behavior" label="biological behavior"/>
      <span end="34256" id="16279840-17333" start="34248">behavior</span>
    </annotation>
    <annotation annotator="Mike Bada, University of Colorado Anschutz Medical Campus" id="GO_BP_2016_02_16_Instance_180657" type="identity">
      <class id="GO:0036268" label="swimming"/>
      <span end="34449" id="16279840-17049" start="34441">swimming</span>
    </annotation>
    <annotation annotator="Mike Bada, University of Colorado Anschutz Medical Campus" id="GO_BP_2016_02_16_Instance_180659" type="identity">
      <class id="GO:0036268" label="swimming"/>
      <span end="34561" id="16279840-17051" start="34557">swim</span>
    </annotation>
    <annotation annotator="Mike Bada, University of Colorado Anschutz Medical Campus" id="GO_BP_2016_02_16_Instance_38105" type="identity">
      <class id="GO:0010467" label="gene expression"/>
      <span end="35037" id="16279840-17236" start="35030">express</span>
    </annotation>
    <annotation annotator="Mike Bada, University of Colorado Anschutz Medical Campus" id="GO_BP_2016_02_16_Instance_38043" type="identity">
      <class id="GO:0050890" label="cognition"/>
      <span end="35206" id="16279840-17196" start="35197">cognitive</span>
    </annotation>
    <annotation annotator="Mike Bada, University of Colorado Anschutz Medical Campus" id="GO_BP_2016_02_16_Instance_38045" type="identity">
      <class id="GO:0050890" label="cognition"/>
      <span end="35373" id="16279840-17198" start="35364">cognitive</span>
    </annotation>
    <annotation annotator="Mike Bada, University of Colorado Anschutz Medical Campus" id="GO_BP_2016_02_16_Instance_38047" type="identity">
      <class id="GO:0050890" label="cognition"/>
      <span end="35456" id="16279840-17200" start="35447">cognitive</span>
    </annotation>
    <annotation annotator="Mike Bada, University of Colorado Anschutz Medical Campus" id="GO_BP_2016_02_16_with_nested_annotations_Instance_23961" type="identity">
      <class id="GO:0040011" label="locomotion"/>
      <span end="35739" id="16279840-17327" start="35729">ambulation</span>
    </annotation>
    <annotation annotator="Mike Bada, University of Colorado Anschutz Medical Campus" id="GO_BP_2016_02_16_with_nested_annotations_Instance_20530" type="identity">
      <class id="GO:0007623" label="circadian rhythm"/>
      <span end="35990" id="16279840-17311" start="35977">diurnal cycle</span>
    </annotation>
    <annotation annotator="Mike Bada, University of Colorado Anschutz Medical Campus" id="GO_BP_2016_02_16_with_nested_annotations_Instance_241818" type="identity">
      <class id="GO_PATO_EXT:biological_behavior" label="biological behavior"/>
      <span end="36165" id="16279840-17335" start="36157">behavior</span>
    </annotation>
    <annotation annotator="Mike Bada, University of Colorado Anschutz Medical Campus" id="GO_BP_2016_02_16_Instance_38131" type="identity">
      <class id="GO:0007567" label="parturition"/>
      <span end="36386" id="16279840-17246" start="36382">born</span>
    </annotation>
    <annotation annotator="Mike Bada, University of Colorado Anschutz Medical Campus" id="GO_BP_2016_02_16_Instance_54447" type="identity">
      <class id="GO:0007623" label="circadian rhythm"/>
      <span end="36583" id="16279840-17289" start="36566">circadian rhythms</span>
    </annotation>
    <annotation annotator="Mike Bada, University of Colorado Anschutz Medical Campus" id="GO_BP_2016_02_16_Instance_180663" type="identity">
      <class id="GO:0034205" label="beta-amyloid formation"/>
      <span end="36779" id="16279840-17053" start="36766">Aβ production</span>
    </annotation>
    <annotation annotator="Mike Bada, University of Colorado Anschutz Medical Campus" id="GO_BP_2016_02_16_Instance_38107" type="identity">
      <class id="GO:0010467" label="gene expression"/>
      <span end="36889" id="16279840-17238" start="36882">express</span>
    </annotation>
    <annotation annotator="Mike Bada, University of Colorado Anschutz Medical Campus" id="GO_BP_2016_02_16_Instance_38097" type="identity">
      <class id="GO:0065007" label="biological regulation"/>
      <span end="36933" id="16279840-17229" start="36926">control</span>
    </annotation>
    <annotation annotator="Mike Bada, University of Colorado Anschutz Medical Campus" id="GO_BP_2016_02_16_Instance_34969" type="identity">
      <class id="GO:0010467" label="gene expression"/>
      <span end="37192" id="16279840-17139" start="37182">expression</span>
    </annotation>
    <annotation annotator="Mike Bada, University of Colorado Anschutz Medical Campus" id="GO_BP_2016_02_16_Instance_180665" type="identity">
      <class id="GO:1902003" label="regulation of beta-amyloid formation"/>
      <span end="38307" id="16279840-17055" start="38280">regulation of Aβ production</span>
    </annotation>
    <annotation annotator="Mike Bada, University of Colorado Anschutz Medical Campus" id="GO_BP_2016_02_16_Instance_35189" type="identity">
      <class id="GO:0010467" label="gene expression"/>
      <span end="38641" id="16279840-17143" start="38631">expression</span>
    </annotation>
    <annotation annotator="Mike Bada, University of Colorado Anschutz Medical Campus" id="GO_BP_2016_02_16_Instance_180667" type="identity">
      <class id="GO:0034205" label="beta-amyloid formation"/>
      <span end="38760" id="16279840-17057" start="38747">Aβ production</span>
    </annotation>
    <annotation annotator="Mike Bada, University of Colorado Anschutz Medical Campus" id="GO_BP_2016_02_16_Instance_180669" type="identity">
      <class id="GO:1902003" label="regulation of beta-amyloid formation"/>
      <span end="38970" id="16279840-17059" start="38946">control of Aβ production</span>
    </annotation>
    <annotation annotator="Mike Bada, University of Colorado Anschutz Medical Campus" id="GO_BP_2016_02_16_with_nested_annotations_Instance_22050" type="identity">
      <class id="GO_EXT:biological_release" label="biological release"/>
      <span end="39697" id="16279840-17317" start="39688">releasing</span>
    </annotation>
    <annotation annotator="Mike Bada, University of Colorado Anschutz Medical Campus" id="GO_BP_2016_02_16_Instance_180671" type="identity">
      <class id="GO:0034205" label="beta-amyloid formation"/>
      <span end="39810" id="16279840-17061" start="39797">Aβ production</span>
    </annotation>
    <annotation annotator="Mike Bada, University of Colorado Anschutz Medical Campus" id="GO_BP_2016_02_16_Instance_180673" type="identity">
      <class id="GO:0034205" label="beta-amyloid formation"/>
      <span end="40316" id="16279840-17063" start="40300">production of Aβ</span>
    </annotation>
    <annotation annotator="Mike Bada, University of Colorado Anschutz Medical Campus" id="GO_BP_2016_02_16_Instance_35191" type="identity">
      <class id="GO:0010467" label="gene expression"/>
      <span end="40386" id="16279840-17145" start="40376">expression</span>
    </annotation>
    <annotation annotator="Mike Bada, University of Colorado Anschutz Medical Campus" id="GO_BP_2016_02_16_Instance_35475" type="identity">
      <class id="GO:0010467" label="gene expression"/>
      <span end="41061" id="16279840-17147" start="41051">expression</span>
    </annotation>
    <annotation annotator="Mike Bada, University of Colorado Anschutz Medical Campus" id="GO_BP_2016_02_16_Instance_180683" type="identity">
      <class id="GO:0034205" label="beta-amyloid formation"/>
      <span end="41581" id="16279840-17065" start="41565">production of Aβ</span>
    </annotation>
    <annotation annotator="Mike Bada, University of Colorado Anschutz Medical Campus" id="GO_BP_2016_02_16_Instance_37965" type="identity">
      <class id="GO:0042983" label="amyloid precursor protein biosynthetic process"/>
      <span end="41762" id="16279840-17179" start="41759">APP</span>
      <span end="41775" id="16279840-17180" start="41766">synthetic</span>
    </annotation>
    <annotation annotator="Mike Bada, University of Colorado Anschutz Medical Campus" id="GO_BP_2016_02_16_Instance_180685" type="identity">
      <class id="GO:0034205" label="beta-amyloid formation"/>
      <span end="41775" id="16279840-17067" start="41763">Aβ synthetic</span>
    </annotation>
    <annotation annotator="Mike Bada, University of Colorado Anschutz Medical Campus" id="GO_BP_2016_02_16_Instance_54449" type="identity">
      <class id="GO:0006909" label="phagocytosis"/>
      <span end="42374" id="16279840-17291" start="42362">phagocytosis</span>
    </annotation>
    <annotation annotator="Mike Bada, University of Colorado Anschutz Medical Campus" id="GO_BP_2016_02_16_with_nested_annotations_Instance_60166" type="identity">
      <class id="GO_PATO_EXT:biological_localization_process_or_quality" label="biological localization process or quality"/>
      <span end="42430" id="16279840-17349" start="42422">localize</span>
    </annotation>
    <annotation annotator="Mike Bada, University of Colorado Anschutz Medical Campus" id="GO_BP_2016_02_16_Instance_35553" type="identity">
      <class id="GO:0010467" label="gene expression"/>
      <span end="42645" id="16279840-17149" start="42635">expression</span>
    </annotation>
    <annotation annotator="Mike Bada, University of Colorado Anschutz Medical Campus" id="GO_BP_2016_02_16_Instance_180687" type="identity">
      <class id="GO:0008152" label="metabolic process"/>
      <span end="42724" id="16279840-17069" start="42714">metabolism</span>
    </annotation>
    <annotation annotator="Mike Bada, University of Colorado Anschutz Medical Campus" id="GO_BP_2016_02_16_Instance_180689" type="identity">
      <class id="GO_PATO_EXT:inflammatory_process_or_quality" label="inflammatory process or quality"/>
      <span end="42885" id="16279840-17071" start="42873">inflammatory</span>
    </annotation>
    <annotation annotator="Mike Bada, University of Colorado Anschutz Medical Campus" id="GO_BP_2016_02_16_Instance_38279" type="identity">
      <class id="GO:0001774" label="microglial cell activation"/>
      <span end="42923" id="16279840-17274" start="42902">microglial activation</span>
    </annotation>
    <annotation annotator="Mike Bada, University of Colorado Anschutz Medical Campus" id="GO_BP_2016_02_16_Instance_180693" type="identity">
      <class id="GO_PATO_EXT:inflammatory_process_or_quality" label="inflammatory process or quality"/>
      <span end="43175" id="16279840-17073" start="43163">inflammatory</span>
    </annotation>
    <annotation annotator="Mike Bada, University of Colorado Anschutz Medical Campus" id="GO_BP_2016_02_16_Instance_180695" type="identity">
      <class id="GO_PATO_EXT:inflammatory_process_or_quality" label="inflammatory process or quality"/>
      <span end="43916" id="16279840-17075" start="43904">inflammatory</span>
    </annotation>
    <annotation annotator="Mike Bada, University of Colorado Anschutz Medical Campus" id="GO_BP_2016_02_16_Instance_38167" type="identity">
      <class id="GO:0001774" label="microglial cell activation"/>
      <span end="43960" id="16279840-17264" start="43939">microglial activation</span>
    </annotation>
    <annotation annotator="Mike Bada, University of Colorado Anschutz Medical Campus" id="GO_BP_2016_02_16_Instance_180697" type="identity">
      <class id="GO_PATO_EXT:inflammatory_process_or_quality" label="inflammatory process or quality"/>
      <span end="44010" id="16279840-17077" start="43998">inflammatory</span>
    </annotation>
    <annotation annotator="Mike Bada, University of Colorado Anschutz Medical Campus" id="GO_BP_2016_02_16_with_nested_annotations_Instance_1230" type="identity">
      <class id="GO_EXT:reaction_or_response" label="reaction/response"/>
      <span end="44333" id="16279840-17307" start="44324">responses</span>
    </annotation>
    <annotation annotator="Mike Bada, University of Colorado Anschutz Medical Campus" id="GO_BP_2016_02_16_with_nested_annotations_Instance_23446" type="identity">
      <class id="GO_EXT:biological_movement_or_translocation_process" label="biological movement/translocation process"/>
      <span end="45100" id="16279840-17325" start="45092">transfer</span>
    </annotation>
    <annotation annotator="Mike Bada, University of Colorado Anschutz Medical Campus" id="GO_BP_2016_02_16_Instance_38285" type="identity">
      <class id="GO:0001774" label="microglial cell activation"/>
      <span end="45714" id="16279840-17276" start="45694">microglia activation</span>
    </annotation>
    <annotation annotator="Mike Bada, University of Colorado Anschutz Medical Campus" id="GO_BP_2016_02_16_Instance_38169" type="identity">
      <class id="GO:0001774" label="microglial cell activation"/>
      <span end="45964" id="16279840-17266" start="45941">activation of microglia</span>
    </annotation>
    <annotation annotator="Mike Bada, University of Colorado Anschutz Medical Campus" id="GO_BP_2016_02_16_Instance_54451" type="identity">
      <class id="GO:0006909" label="phagocytosis"/>
      <span end="46055" id="16279840-17293" start="46043">phagocytosis</span>
    </annotation>
    <annotation annotator="Mike Bada, University of Colorado Anschutz Medical Campus" id="GO_BP_2016_02_16_Instance_38171" type="identity">
      <class id="GO:0001774" label="microglial cell activation"/>
      <span end="46266" id="16279840-17268" start="46243">activation of microglia</span>
    </annotation>
    <annotation annotator="Mike Bada, University of Colorado Anschutz Medical Campus" id="GO_BP_2016_02_16_Instance_36021" type="identity">
      <class id="GO:0010467" label="gene expression"/>
      <span end="46296" id="16279840-17151" start="46286">expression</span>
    </annotation>
    <annotation annotator="Mike Bada, University of Colorado Anschutz Medical Campus" id="GO_BP_2016_02_16_Instance_180699" type="identity">
      <class id="GO_PATO_EXT:inflammatory_process_or_quality" label="inflammatory process or quality"/>
      <span end="46525" id="16279840-17079" start="46513">inflammation</span>
    </annotation>
    <annotation annotator="Mike Bada, University of Colorado Anschutz Medical Campus" id="GO_BP_2016_02_16_Instance_38109" type="identity">
      <class id="GO:0010467" label="gene expression"/>
      <span end="46931" id="16279840-17240" start="46924">express</span>
    </annotation>
    <annotation annotator="Mike Bada, University of Colorado Anschutz Medical Campus" id="GO_BP_2016_02_16_Instance_180701" type="identity">
      <class id="GO:0034205" label="beta-amyloid formation"/>
      <span end="47928" id="16279840-17081" start="47916">synthesis of</span>
      <span end="47935" id="16279840-17082" start="47933">Aβ</span>
    </annotation>
    <annotation annotator="Mike Bada, University of Colorado Anschutz Medical Campus" id="GO_BP_2016_02_16_Instance_38049" type="identity">
      <class id="GO:0050890" label="cognition"/>
      <span end="47970" id="16279840-17202" start="47961">cognitive</span>
    </annotation>
    <annotation annotator="Mike Bada, University of Colorado Anschutz Medical Campus" id="GO_BP_2016_02_16_Instance_38051" type="identity">
      <class id="GO:0050890" label="cognition"/>
      <span end="48086" id="16279840-17204" start="48077">cognitive</span>
    </annotation>
    <annotation annotator="Mike Bada, University of Colorado Anschutz Medical Campus" id="GO_BP_2016_02_16_Instance_180703" type="identity">
      <class id="GO:0050890" label="cognition"/>
      <span end="48183" id="16279840-17084" start="48174">cognitive</span>
    </annotation>
    <annotation annotator="Mike Bada, University of Colorado Anschutz Medical Campus" id="GO_BP_2016_02_16_with_nested_annotations_Instance_241820" type="identity">
      <class id="GO_PATO_EXT:biological_behavior" label="biological behavior"/>
      <span end="48194" id="16279840-17337" start="48184">behavioral</span>
    </annotation>
    <annotation annotator="Mike Bada, University of Colorado Anschutz Medical Campus" id="GO_BP_2016_02_16_Instance_180705" type="identity">
      <class id="GO:0036268" label="swimming"/>
      <span end="48564" id="16279840-17086" start="48556">swimming</span>
    </annotation>
    <annotation annotator="Mike Bada, University of Colorado Anschutz Medical Campus" id="GO_BP_2016_02_16_Instance_54453" type="identity">
      <class id="GO:0007612" label="learning"/>
      <span end="48690" id="16279840-17295" start="48682">learning</span>
    </annotation>
    <annotation annotator="Mike Bada, University of Colorado Anschutz Medical Campus" id="GO_BP_2016_02_16_Instance_54455" type="identity">
      <class id="GO:0007613" label="memory"/>
      <span end="48701" id="16279840-17297" start="48695">memory</span>
    </annotation>
    <annotation annotator="Mike Bada, University of Colorado Anschutz Medical Campus" id="GO_BP_2016_02_16_Instance_241566" type="identity">
      <class id="GO_EXT:biological_movement_or_translocation_process" label="biological movement/translocation process"/>
      <span end="48791" id="16279840-17113" start="48783">movement</span>
    </annotation>
    <annotation annotator="Mike Bada, University of Colorado Anschutz Medical Campus" id="GO_BP_2016_02_16_Instance_38053" type="identity">
      <class id="GO:0050890" label="cognition"/>
      <span end="48829" id="16279840-17206" start="48820">cognitive</span>
    </annotation>
    <annotation annotator="Mike Bada, University of Colorado Anschutz Medical Campus" id="GO_BP_2016_02_16_with_nested_annotations_Instance_241822" type="identity">
      <class id="GO_PATO_EXT:biological_behavior" label="biological behavior"/>
      <span end="48840" id="16279840-17339" start="48830">behavioral</span>
    </annotation>
    <annotation annotator="Mike Bada, University of Colorado Anschutz Medical Campus" id="GO_BP_2016_02_16_Instance_36133" type="identity">
      <class id="GO:0010467" label="gene expression"/>
      <span end="48938" id="16279840-17153" start="48928">expression</span>
    </annotation>
    <annotation annotator="Mike Bada, University of Colorado Anschutz Medical Campus" id="GO_BP_2016_02_16_Instance_38179" type="identity">
      <class id="GO:0006508" label="proteolysis"/>
      <span end="48987" id="16279840-17270" start="48976">proteolytic</span>
    </annotation>
    <annotation annotator="Mike Bada, University of Colorado Anschutz Medical Campus" id="GO_BP_2016_02_16_Instance_38031" type="identity">
      <class id="GO:0042983" label="amyloid precursor protein biosynthetic process"/>
      <span end="49267" id="16279840-17188" start="49254">APP synthesis</span>
    </annotation>
    <annotation annotator="Mike Bada, University of Colorado Anschutz Medical Campus" id="GO_BP_2016_02_16_Instance_36135" type="identity">
      <class id="GO:0010467" label="gene expression"/>
      <span end="49417" id="16279840-17155" start="49407">expression</span>
    </annotation>
    <annotation annotator="Mike Bada, University of Colorado Anschutz Medical Campus" id="GO_BP_2016_02_16_Instance_180709" type="identity">
      <class id="GO:0007567" label="parturition"/>
      <span end="49440" id="16279840-17088" start="49435">natal</span>
    </annotation>
    <annotation annotator="Mike Bada, University of Colorado Anschutz Medical Campus" id="GO_BP_2016_02_16_Instance_180711" type="identity">
      <class id="GO:0034205" label="beta-amyloid formation"/>
      <span end="49586" id="16279840-17090" start="49573">Aβ production</span>
    </annotation>
    <annotation annotator="Mike Bada, University of Colorado Anschutz Medical Campus" id="GO_BP_2016_02_16_Instance_180713" type="identity">
      <class id="GO:0034205" label="beta-amyloid formation"/>
      <span end="49742" id="16279840-17092" start="49730">Aβ synthesis</span>
    </annotation>
    <annotation annotator="Mike Bada, University of Colorado Anschutz Medical Campus" id="GO_BP_2016_02_16_Instance_180715" type="identity">
      <class id="GO:0034205" label="beta-amyloid formation"/>
      <span end="49894" id="16279840-17094" start="49881">Aβ production</span>
    </annotation>
    <annotation annotator="Mike Bada, University of Colorado Anschutz Medical Campus" id="GO_BP_2016_02_16_Instance_54457" type="identity">
      <class id="GO:0006909" label="phagocytosis"/>
      <span end="49945" id="16279840-17299" start="49933">phagocytosis</span>
    </annotation>
    <annotation annotator="Mike Bada, University of Colorado Anschutz Medical Campus" id="GO_BP_2016_02_16_Instance_38183" type="identity">
      <class id="GO:0001774" label="microglial cell activation"/>
      <span end="50289" id="16279840-17272" start="50268">microglial activation</span>
    </annotation>
    <annotation annotator="Mike Bada, University of Colorado Anschutz Medical Campus" id="GO_BP_2016_02_16_Instance_54459" type="identity">
      <class id="GO:0006909" label="phagocytosis"/>
      <span end="50404" id="16279840-17301" start="50392">phagocytosis</span>
    </annotation>
    <annotation annotator="Mike Bada, University of Colorado Anschutz Medical Campus" id="GO_BP_2016_02_16_Instance_36703" type="identity">
      <class id="GO:0010467" label="gene expression"/>
      <span end="50738" id="16279840-17159" start="50728">Expression</span>
    </annotation>
    <annotation annotator="Mike Bada, University of Colorado Anschutz Medical Campus" id="GO_BP_2016_02_16_Instance_36761" type="identity">
      <class id="GO:0010467" label="gene expression"/>
      <span end="51036" id="16279840-17161" start="51026">expression</span>
    </annotation>
    <annotation annotator="Mike Bada, University of Colorado Anschutz Medical Campus" id="GO_BP_2016_02_16_Instance_36763" type="identity">
      <class id="GO:0010467" label="gene expression"/>
      <span end="51607" id="16279840-17163" start="51597">expression</span>
    </annotation>
    <annotation annotator="Mike Bada, University of Colorado Anschutz Medical Campus" id="GO_BP_2016_02_16_Instance_36895" type="identity">
      <class id="GO:0010467" label="gene expression"/>
      <span end="55718" id="16279840-17165" start="55708">expression</span>
    </annotation>
    <annotation annotator="Mike Bada, University of Colorado Anschutz Medical Campus" id="GO_BP_2016_02_16_with_nested_annotations_Instance_24035" type="identity">
      <class id="GO_PATO_EXT:biological_adhesion_or_attachedness" label="biological adhesion or attachedness"/>
      <span end="56070" id="16279840-17331" start="56064">sticks</span>
    </annotation>
    <annotation annotator="Mike Bada, University of Colorado Anschutz Medical Campus" id="GO_BP_2016_02_16_Instance_180717" type="identity">
      <class id="GO:0034205" label="beta-amyloid formation"/>
      <span end="56457" id="16279840-17096" start="56441">production of Aβ</span>
    </annotation>
    <annotation annotator="Mike Bada, University of Colorado Anschutz Medical Campus" id="GO_BP_2016_02_16_Instance_38339" type="identity">
      <class id="GO:0007631" label="feeding behavior"/>
      <span end="57280" id="16279840-17280" start="57273">feeding</span>
    </annotation>
    <annotation annotator="Mike Bada, University of Colorado Anschutz Medical Campus" id="GO_BP_2016_02_16_Instance_180719" type="identity">
      <class id="GO:0034205" label="beta-amyloid formation"/>
      <span end="57491" id="16279840-17098" start="57478">Aβ production</span>
    </annotation>
    <annotation annotator="Mike Bada, University of Colorado Anschutz Medical Campus" id="GO_BP_2016_02_16_Instance_180721" type="identity">
      <class id="GO:0034205" label="beta-amyloid formation"/>
      <span end="57546" id="16279840-17100" start="57533">Aβ production</span>
    </annotation>
    <annotation annotator="Mike Bada, University of Colorado Anschutz Medical Campus" id="GO_BP_2016_02_16_Instance_180723" type="identity">
      <class id="GO:0034205" label="beta-amyloid formation"/>
      <span end="57997" id="16279840-17102" start="57981">production of Aβ</span>
    </annotation>
    <annotation annotator="Mike Bada, University of Colorado Anschutz Medical Campus" id="GO_BP_2016_02_16_Instance_54461" type="identity">
      <class id="GO:0007568" label="aging"/>
      <span end="58617" id="16279840-17303" start="58612">Aging</span>
    </annotation>
    <annotation annotator="Mike Bada, University of Colorado Anschutz Medical Campus" id="GO_BP_2016_02_16_Instance_54463" type="identity">
      <class id="GO:0007568" label="aging"/>
      <span end="59879" id="16279840-17305" start="59874">Aging</span>
    </annotation>
    <annotation annotator="Mike Bada, University of Colorado Anschutz Medical Campus" id="GO_BP_2016_02_16_Instance_43663" type="identity">
      <class id="GO:0010468" label="regulation of gene expression"/>
      <span end="60799" id="16279840-17282" start="60789">Control of</span>
      <span end="60825" id="16279840-17283" start="60815">Expression</span>
    </annotation>
    <annotation annotator="Mike Bada, University of Colorado Anschutz Medical Campus" id="GO_BP_2016_02_16_Instance_36899" type="identity">
      <class id="GO:0010467" label="gene expression"/>
      <span end="60929" id="16279840-17167" start="60919">expression</span>
    </annotation>
    <annotation annotator="Mike Bada, University of Colorado Anschutz Medical Campus" id="GO_BP_2016_02_16_Instance_37161" type="identity">
      <class id="GO:0010467" label="gene expression"/>
      <span end="61135" id="16279840-17169" start="61125">expression</span>
    </annotation>
    <annotation annotator="Mike Bada, University of Colorado Anschutz Medical Campus" id="GO_BP_2016_02_16_Instance_38133" type="identity">
      <class id="GO:0007567" label="parturition"/>
      <span end="61338" id="16279840-17248" start="61334">born</span>
    </annotation>
    <annotation annotator="Mike Bada, University of Colorado Anschutz Medical Campus" id="GO_BP_2016_02_16_Instance_38135" type="identity">
      <class id="GO:0007567" label="parturition"/>
      <span end="63741" id="16279840-17250" start="63737">born</span>
    </annotation>
    <annotation annotator="Mike Bada, University of Colorado Anschutz Medical Campus" id="GO_BP_2016_02_16_Instance_38137" type="identity">
      <class id="GO:0007567" label="parturition"/>
      <span end="64551" id="16279840-17252" start="64547">born</span>
    </annotation>
    <annotation annotator="Mike Bada, University of Colorado Anschutz Medical Campus" id="GO_BP_2016_02_16_Instance_180725" type="identity">
      <class id="GO:0043043" label="peptide biosynthetic process"/>
      <span end="64810" id="16279840-17104" start="64798">synthesis of</span>
      <span end="64824" id="16279840-17105" start="64816">peptides</span>
    </annotation>
    <annotation annotator="Mike Bada, University of Colorado Anschutz Medical Campus" id="GO_BP_2016_02_16_with_nested_annotations_Instance_24293" type="identity">
      <class id="GO_EXT:biological_movement_or_translocation_process" label="biological movement/translocation process"/>
      <span end="67240" id="16279840-17347" start="67234">passed</span>
    </annotation>
    <annotation annotator="Mike Bada, University of Colorado Anschutz Medical Campus" id="GO_BP_2016_02_16_with_nested_annotations_Instance_23963" type="identity">
      <class id="GO:0040011" label="locomotion"/>
      <span end="71485" id="16279840-17329" start="71475">ambulation</span>
    </annotation>
    <annotation annotator="Mike Bada, University of Colorado Anschutz Medical Campus" id="GO_BP_2016_02_16_Instance_180729" type="identity">
      <class id="GO:0034205" label="beta-amyloid formation"/>
      <span end="72272" id="16279840-17107" start="72259">Aβ production</span>
    </annotation>
    <graph-space id="Old Knowtator Relations"/>
  </document>
</knowtator-project>
