<?xml version="1.0" encoding="UTF-8" standalone="no"?>
<knowtator-project>
    <document id="16433929" text-file="16433929.txt">
        <annotation annotator="Mike Bada, University of Colorado Anschutz Medical Campus" id="GO_BP_2016_02_16_Instance_180965" type="identity">
            <class id="GO:0007566" label="embryo implantation"/>
            <span end="41" id="16433929-17866" start="29">implantation</span>
        </annotation>
        <annotation annotator="Mike Bada, University of Colorado Anschutz Medical Campus" id="GO_BP_2016_02_16_Instance_46933" type="identity">
            <class id="GO:0009790" label="embryo development"/>
            <span end="63" id="16433929-18093" start="42">embryonic development</span>
        </annotation>
        <annotation annotator="Mike Bada, University of Colorado Anschutz Medical Campus" id="GO_BP_2016_02_16_Instance_33281" type="identity">
            <class id="GO:0010467" label="gene expression"/>
            <span end="145" id="16433929-17925" start="136">expressed</span>
        </annotation>
        <annotation annotator="Mike Bada, University of Colorado Anschutz Medical Campus" id="GO_BP_2016_02_16_Instance_37949" type="identity">
            <class id="GO:0016477" label="cell migration"/>
            <span end="188" id="16433929-17947" start="170">cellular migration</span>
        </annotation>
        <annotation annotator="Mike Bada, University of Colorado Anschutz Medical Campus" id="GO_BP_2016_02_16_Instance_46935" type="identity">
            <class id="GO:0007049" label="cell cycle"/>
            <span end="200" id="16433929-18095" start="190">cell cycle</span>
        </annotation>
        <annotation annotator="Mike Bada, University of Colorado Anschutz Medical Campus" id="GO_BP_2016_02_16_Instance_46937" type="identity">
            <class id="GO:0008219" label="cell death"/>
            <span end="251" id="16433929-18097" start="241">cell death</span>
        </annotation>
        <annotation annotator="Mike Bada, University of Colorado Anschutz Medical Campus" id="GO_BP_2016_02_16_Instance_38809" type="identity">
            <class id="GO:0065007" label="biological regulation"/>
            <span end="400" id="16433929-17951" start="390">regulatory</span>
        </annotation>
        <annotation annotator="Mike Bada, University of Colorado Anschutz Medical Campus" id="GO_BP_2016_02_16_with_nested_annotations_Instance_22322" type="identity">
            <class id="GO_EXT:fatality_or_lethality" label="fatality/lethality"/>
            <span end="546" id="16433929-18183" start="537">lethality</span>
        </annotation>
        <annotation annotator="Mike Bada, University of Colorado Anschutz Medical Campus" id="GO_BP_2016_02_16_Instance_39559" type="identity">
            <class id="GO:0009790" label="embryo development"/>
            <span end="646" id="16433929-17963" start="633">embryogenesis</span>
        </annotation>
        <annotation annotator="Mike Bada, University of Colorado Anschutz Medical Campus" id="GO_BP_2016_02_16_Instance_46939" type="identity">
            <class id="GO:0016265" label="death"/>
            <span end="837" id="16433929-18099" start="832">death</span>
        </annotation>
        <annotation annotator="Mike Bada, University of Colorado Anschutz Medical Campus" id="GO_BP_2016_02_16_with_nested_annotations_Instance_1610" type="identity">
            <class id="GO_EXT:breeding" label="breeding"/>
            <span end="1081" id="16433929-18163" start="1073">Breeding</span>
        </annotation>
        <annotation annotator="Mike Bada, University of Colorado Anschutz Medical Campus" id="GO_BP_2016_02_16_Instance_39635" type="identity">
            <class id="GO:0007566" label="embryo implantation"/>
            <span end="1169" id="16433929-17985" start="1160">implanted</span>
        </annotation>
        <annotation annotator="Mike Bada, University of Colorado Anschutz Medical Campus" id="GO_BP_2016_02_16_Instance_180967" type="identity">
            <class id="GO:0007566" label="embryo implantation"/>
            <span end="1259" id="16433929-17868" start="1247">implantation</span>
        </annotation>
        <annotation annotator="Mike Bada, University of Colorado Anschutz Medical Campus" id="GO_BP_2016_02_16_Instance_39637" type="identity">
            <class id="GO:0007566" label="embryo implantation"/>
            <span end="1433" id="16433929-17987" start="1421">implantation</span>
        </annotation>
        <annotation annotator="Mike Bada, University of Colorado Anschutz Medical Campus" id="GO_BP_2016_02_16_with_nested_annotations_Instance_22324" type="identity">
            <class id="GO_EXT:fatality_or_lethality" label="fatality/lethality"/>
            <span end="1453" id="16433929-18185" start="1444">lethality</span>
        </annotation>
        <annotation annotator="Mike Bada, University of Colorado Anschutz Medical Campus" id="GO_BP_2016_02_16_Instance_39685" type="identity">
            <class id="GO:0009790" label="embryo development"/>
            <span end="1612" id="16433929-18035" start="1598">development of</span>
            <span end="1646" id="16433929-18036" start="1640">embryo</span>
        </annotation>
        <annotation annotator="Mike Bada, University of Colorado Anschutz Medical Campus" id="GO_BP_2016_02_16_Instance_180969" type="identity">
            <class id="GO:0007566" label="embryo implantation"/>
            <span end="1632" id="16433929-17870" start="1620">implantation</span>
        </annotation>
        <annotation annotator="Mike Bada, University of Colorado Anschutz Medical Campus" id="GO_BP_2016_02_16_Instance_38811" type="identity">
            <class id="GO:0065007" label="biological regulation"/>
            <span end="2049" id="16433929-17953" start="2039">regulatory</span>
        </annotation>
        <annotation annotator="Mike Bada, University of Colorado Anschutz Medical Campus" id="GO_BP_2016_02_16_Instance_34613" type="identity">
            <class id="GO:0010467" label="gene expression"/>
            <span end="2310" id="16433929-17935" start="2300">expression</span>
        </annotation>
        <annotation annotator="Mike Bada, University of Colorado Anschutz Medical Campus" id="GO_BP_2016_02_16_Instance_43021" type="identity">
            <class id="GO:0065007" label="biological regulation"/>
            <span end="2912" id="16433929-18081" start="2902">regulation</span>
        </annotation>
        <annotation annotator="Mike Bada, University of Colorado Anschutz Medical Campus" id="GO_BP_2016_02_16_Instance_38813" type="identity">
            <class id="GO:0065007" label="biological regulation"/>
            <span end="2987" id="16433929-17955" start="2977">regulating</span>
        </annotation>
        <annotation annotator="Mike Bada, University of Colorado Anschutz Medical Campus" id="GO_BP_2016_02_16_with_nested_annotations_Instance_40262" type="identity">
            <class id="CHEBI_GO_EXT:biological_process_or_quality_or_role" label="biological process, quality or role"/>
            <span end="3060" id="16433929-18221" start="3050">biological</span>
        </annotation>
        <annotation annotator="Mike Bada, University of Colorado Anschutz Medical Campus" id="GO_BP_2016_02_16_Instance_180971" type="identity">
            <class id="GO_EXT:muscle_structure_or_tissue_development" label="muscle structure or tissue development"/>
            <span end="3192" id="16433929-17872" start="3186">muscle</span>
            <span end="3212" id="16433929-17873" start="3201">development</span>
        </annotation>
        <annotation annotator="Mike Bada, University of Colorado Anschutz Medical Campus" id="GO_BP_2016_02_16_with_nested_annotations_Instance_80362" type="identity">
            <class id="GO_EXT:biological_growth_entity_or_process" label="biological growth entity or process"/>
            <span end="3199" id="16433929-18225" start="3193">growth</span>
        </annotation>
        <annotation annotator="Mike Bada, University of Colorado Anschutz Medical Campus" id="GO_BP_2016_02_16_with_nested_annotations_Instance_80364" type="identity">
            <class id="GO_EXT:biological_growth_entity_or_process" label="biological growth entity or process"/>
            <span end="3247" id="16433929-18227" start="3241">growth</span>
        </annotation>
        <annotation annotator="Mike Bada, University of Colorado Anschutz Medical Campus" id="GO_BP_2016_02_16_Instance_46943" type="identity">
            <class id="GO:0007049" label="cell cycle"/>
            <span end="3285" id="16433929-18101" start="3275">cell cycle</span>
        </annotation>
        <annotation annotator="Mike Bada, University of Colorado Anschutz Medical Campus" id="GO_BP_2016_02_16_with_nested_annotations_Instance_21660" type="identity">
            <class id="GO_EXT:cell_communication_or_signaling_or_signal_transduction" label="cell communication, signaling or signal transduction"/>
            <span end="3320" id="16433929-18177" start="3305">signal cascades</span>
        </annotation>
        <annotation annotator="Mike Bada, University of Colorado Anschutz Medical Campus" id="GO_BP_2016_02_16_with_nested_annotations_Instance_80366" type="identity">
            <class id="GO_EXT:biological_growth_entity_or_process" label="biological growth entity or process"/>
            <span end="3354" id="16433929-18229" start="3348">growth</span>
        </annotation>
        <annotation annotator="Mike Bada, University of Colorado Anschutz Medical Campus" id="GO_BP_2016_02_16_Instance_46947" type="identity">
            <class id="GO:0016477" label="cell migration"/>
            <span end="3442" id="16433929-18103" start="3428">cell migration</span>
        </annotation>
        <annotation annotator="Mike Bada, University of Colorado Anschutz Medical Campus" id="GO_BP_2016_02_16_Instance_180973" type="identity">
            <class id="GO:0010941" label="regulation of cell death"/>
            <span end="3479" id="16433929-17875" start="3455">regulation of cell death</span>
        </annotation>
        <annotation annotator="Mike Bada, University of Colorado Anschutz Medical Campus" id="GO_BP_2016_02_16_with_nested_annotations_Instance_24001" type="identity">
            <class id="GO_PATO_EXT:necrosis" label="necrosis"/>
            <span end="3497" id="16433929-18219" start="3489">necrosis</span>
        </annotation>
        <annotation annotator="Mike Bada, University of Colorado Anschutz Medical Campus" id="GO_BP_2016_02_16_Instance_46951" type="identity">
            <class id="GO:0006915" label="apoptotic process"/>
            <span end="3511" id="16433929-18105" start="3502">apoptosis</span>
        </annotation>
        <annotation annotator="Mike Bada, University of Colorado Anschutz Medical Campus" id="GO_BP_2016_02_16_Instance_39701" type="identity">
            <class id="GO:0008219" label="cell death"/>
            <span end="3647" id="16433929-18038" start="3637">cell death</span>
        </annotation>
        <annotation annotator="Mike Bada, University of Colorado Anschutz Medical Campus" id="GO_BP_2016_02_16_Instance_34959" type="identity">
            <class id="GO:0010467" label="gene expression"/>
            <span end="3860" id="16433929-17937" start="3850">expression</span>
        </annotation>
        <annotation annotator="Mike Bada, University of Colorado Anschutz Medical Campus" id="GO_BP_2016_02_16_with_nested_annotations_Instance_80368" type="identity">
            <class id="GO_EXT:biological_growth_entity_or_process" label="biological growth entity or process"/>
            <span end="4139" id="16433929-18231" start="4133">growth</span>
        </annotation>
        <annotation annotator="Mike Bada, University of Colorado Anschutz Medical Campus" id="GO_BP_2016_02_16_Instance_180977" type="identity">
            <class id="GO:0048870" label="cell motility"/>
            <span end="4174" id="16433929-17877" start="4161">cell motility</span>
        </annotation>
        <annotation annotator="Mike Bada, University of Colorado Anschutz Medical Campus" id="GO_BP_2016_02_16_Instance_38261" type="identity">
            <class id="GO:0051546" label="keratinocyte migration"/>
            <span end="4276" id="16433929-17949" start="4250">migration of keratinocytes</span>
        </annotation>
        <annotation annotator="Mike Bada, University of Colorado Anschutz Medical Campus" id="GO_BP_2016_02_16_Instance_39705" type="identity">
            <class id="GO:0008283" label="cell proliferation"/>
            <span end="4455" id="16433929-18040" start="4442">proliferation</span>
        </annotation>
        <annotation annotator="Mike Bada, University of Colorado Anschutz Medical Campus" id="GO_BP_2016_02_16_Instance_35545" type="identity">
            <class id="GO:0010467" label="gene expression"/>
            <span end="4503" id="16433929-17939" start="4493">expression</span>
        </annotation>
        <annotation annotator="Mike Bada, University of Colorado Anschutz Medical Campus" id="GO_BP_2016_02_16_Instance_180979" type="identity">
            <class id="GO_PATO_EXT:physiological_process_or_quality" label="physiological process or quality"/>
            <span end="4694" id="16433929-17879" start="4681">physiological</span>
        </annotation>
        <annotation annotator="Mike Bada, University of Colorado Anschutz Medical Campus" id="GO_BP_2016_02_16_Instance_39707" type="identity">
            <class id="GO:0016265" label="death"/>
            <span end="4953" id="16433929-18042" start="4949">died</span>
        </annotation>
        <annotation annotator="Mike Bada, University of Colorado Anschutz Medical Campus" id="GO_BP_2016_02_16_Instance_39719" type="identity">
            <class id="GO:0007565" label="female pregnancy"/>
            <span end="4989" id="16433929-18052" start="4980">gestation</span>
        </annotation>
        <annotation annotator="Mike Bada, University of Colorado Anschutz Medical Campus" id="GO_BP_2016_02_16_with_nested_annotations_Instance_20126" type="identity">
            <class id="GO_EXT:biological_movement_or_translocation_process" label="biological movement/translocation process"/>
            <span end="5332" id="16433929-18173" start="5323">migration</span>
        </annotation>
        <annotation annotator="Mike Bada, University of Colorado Anschutz Medical Campus" id="GO_BP_2016_02_16_with_nested_annotations_Instance_22056" type="identity">
            <class id="GO_EXT:biological_release" label="biological release"/>
            <span end="5386" id="16433929-18179" start="5379">release</span>
        </annotation>
        <annotation annotator="Mike Bada, University of Colorado Anschutz Medical Campus" id="GO_BP_2016_02_16_with_nested_annotations_Instance_23599" type="identity">
            <class id="GO_PATO_EXT:biological_adhesion_entity_or_process" label="biological adhesion entity or process"/>
            <span end="5405" id="16433929-18217" start="5396">adhesions</span>
        </annotation>
        <annotation annotator="Mike Bada, University of Colorado Anschutz Medical Campus" id="GO_BP_2016_02_16_with_nested_annotations_Instance_22326" type="identity">
            <class id="GO_EXT:fatality_or_lethality" label="fatality/lethality"/>
            <span end="5543" id="16433929-18187" start="5534">lethality</span>
        </annotation>
        <annotation annotator="Mike Bada, University of Colorado Anschutz Medical Campus" id="GO_BP_2016_02_16_Instance_39639" type="identity">
            <class id="GO:0007566" label="embryo implantation"/>
            <span end="5577" id="16433929-17989" start="5565">implantation</span>
        </annotation>
        <annotation annotator="Mike Bada, University of Colorado Anschutz Medical Campus" id="GO_BP_2016_02_16_with_nested_annotations_Instance_22328" type="identity">
            <class id="GO_EXT:fatality_or_lethality" label="fatality/lethality"/>
            <span end="5632" id="16433929-18189" start="5623">lethality</span>
        </annotation>
        <annotation annotator="Mike Bada, University of Colorado Anschutz Medical Campus" id="GO_BP_2016_02_16_Instance_39721" type="identity">
            <class id="GO:0007565" label="female pregnancy"/>
            <span end="5826" id="16433929-18054" start="5817">gestation</span>
        </annotation>
        <annotation annotator="Mike Bada, University of Colorado Anschutz Medical Campus" id="GO_BP_2016_02_16_Instance_39709" type="identity">
            <class id="GO:0016265" label="death"/>
            <span end="6174" id="16433929-18044" start="6171">die</span>
        </annotation>
        <annotation annotator="Mike Bada, University of Colorado Anschutz Medical Campus" id="GO_BP_2016_02_16_Instance_39561" type="identity">
            <class id="GO:0009790" label="embryo development"/>
            <span end="6195" id="16433929-17965" start="6182">embryogenesis</span>
        </annotation>
        <annotation annotator="Mike Bada, University of Colorado Anschutz Medical Campus" id="GO_BP_2016_02_16_Instance_39563" type="identity">
            <class id="GO:0009790" label="embryo development"/>
            <span end="6450" id="16433929-17967" start="6437">embryogenesis</span>
        </annotation>
        <annotation annotator="Mike Bada, University of Colorado Anschutz Medical Campus" id="GO_BP_2016_02_16_Instance_39711" type="identity">
            <class id="GO:0016265" label="death"/>
            <span end="6697" id="16433929-18046" start="6693">died</span>
        </annotation>
        <annotation annotator="Mike Bada, University of Colorado Anschutz Medical Campus" id="GO_BP_2016_02_16_Instance_39641" type="identity">
            <class id="GO:0007566" label="embryo implantation"/>
            <span end="6723" id="16433929-17991" start="6711">implantation</span>
        </annotation>
        <annotation annotator="Mike Bada, University of Colorado Anschutz Medical Campus" id="GO_BP_2016_02_16_Instance_39565" type="identity">
            <class id="GO:0009790" label="embryo development"/>
            <span end="6797" id="16433929-17969" start="6784">embryogenesis</span>
        </annotation>
        <annotation annotator="Mike Bada, University of Colorado Anschutz Medical Campus" id="GO_BP_2016_02_16_Instance_34123" type="identity">
            <class id="GO:0010467" label="gene expression"/>
            <span end="6861" id="16433929-17927" start="6852">expressed</span>
        </annotation>
        <annotation annotator="Mike Bada, University of Colorado Anschutz Medical Campus" id="GO_BP_2016_02_16_Instance_39723" type="identity">
            <class id="GO:0007565" label="female pregnancy"/>
            <span end="6951" id="16433929-18056" start="6942">gestation</span>
        </annotation>
        <annotation annotator="Mike Bada, University of Colorado Anschutz Medical Campus" id="GO_BP_2016_02_16_Instance_180981" type="identity">
            <class id="GO_PATO_EXT:physiological_process_or_quality" label="physiological process or quality"/>
            <span end="7041" id="16433929-17881" start="7028">physiological</span>
        </annotation>
        <annotation annotator="Mike Bada, University of Colorado Anschutz Medical Campus" id="GO_BP_2016_02_16_Instance_39567" type="identity">
            <class id="GO:0009790" label="embryo development"/>
            <span end="7074" id="16433929-17971" start="7061">embryogenesis</span>
        </annotation>
        <annotation annotator="Mike Bada, University of Colorado Anschutz Medical Campus" id="GO_BP_2016_02_16_Instance_46957" type="identity">
            <class id="GO:0000003" label="reproduction"/>
            <span end="9928" id="16433929-18107" start="9916">reproduction</span>
        </annotation>
        <annotation annotator="Mike Bada, University of Colorado Anschutz Medical Campus" id="GO_BP_2016_02_16_Instance_180983" type="identity">
            <class id="GO:0007567" label="parturition"/>
            <span end="10085" id="16433929-17883" start="10080">natal</span>
        </annotation>
        <annotation annotator="Mike Bada, University of Colorado Anschutz Medical Campus" id="GO_BP_2016_02_16_Instance_46959" type="identity">
            <class id="GO:0016265" label="death"/>
            <span end="10091" id="16433929-18109" start="10086">death</span>
        </annotation>
        <annotation annotator="Mike Bada, University of Colorado Anschutz Medical Campus" id="GO_BP_2016_02_16_Instance_43033" type="identity">
            <class id="GO:0016265" label="death"/>
            <span end="10180" id="16433929-18083" start="10172">perished</span>
        </annotation>
        <annotation annotator="Mike Bada, University of Colorado Anschutz Medical Campus" id="GO_BP_2016_02_16_Instance_46961" type="identity">
            <class id="GO:0009790" label="embryo development"/>
            <span end="10223" id="16433929-18111" start="10202">embryonic development</span>
        </annotation>
        <annotation annotator="Mike Bada, University of Colorado Anschutz Medical Campus" id="GO_BP_2016_02_16_Instance_46963" type="identity">
            <class id="GO:0016265" label="death"/>
            <span end="10270" id="16433929-18113" start="10265">death</span>
        </annotation>
        <annotation annotator="Mike Bada, University of Colorado Anschutz Medical Campus" id="GO_BP_2016_02_16_Instance_39643" type="identity">
            <class id="GO:0007566" label="embryo implantation"/>
            <span end="10302" id="16433929-17993" start="10290">implantation</span>
        </annotation>
        <annotation annotator="Mike Bada, University of Colorado Anschutz Medical Campus" id="GO_BP_2016_02_16_Instance_39727" type="identity">
            <class id="GO:0016265" label="death"/>
            <span end="10540" id="16433929-18060" start="10535">dying</span>
        </annotation>
        <annotation annotator="Mike Bada, University of Colorado Anschutz Medical Campus" id="GO_BP_2016_02_16_Instance_39645" type="identity">
            <class id="GO:0007566" label="embryo implantation"/>
            <span end="10562" id="16433929-17995" start="10550">implantation</span>
        </annotation>
        <annotation annotator="Mike Bada, University of Colorado Anschutz Medical Campus" id="GO_BP_2016_02_16_Instance_39729" type="identity">
            <class id="GO:0007565" label="female pregnancy"/>
            <span end="10619" id="16433929-18062" start="10611">pregnant</span>
        </annotation>
        <annotation annotator="Mike Bada, University of Colorado Anschutz Medical Campus" id="GO_BP_2016_02_16_Instance_39647" type="identity">
            <class id="GO:0007566" label="embryo implantation"/>
            <span end="10754" id="16433929-17997" start="10742">implantation</span>
        </annotation>
        <annotation annotator="Mike Bada, University of Colorado Anschutz Medical Campus" id="GO_BP_2016_02_16_with_nested_annotations_Instance_22538" type="identity">
            <class id="GO_EXT:fatality_or_lethality" label="fatality/lethality"/>
            <span end="11126" id="16433929-18209" start="11119">fatally</span>
        </annotation>
        <annotation annotator="Mike Bada, University of Colorado Anschutz Medical Campus" id="GO_BP_2016_02_16_Instance_39649" type="identity">
            <class id="GO:0007566" label="embryo implantation"/>
            <span end="11523" id="16433929-17999" start="11511">implantation</span>
        </annotation>
        <annotation annotator="Mike Bada, University of Colorado Anschutz Medical Campus" id="GO_BP_2016_02_16_Instance_39651" type="identity">
            <class id="GO:0007566" label="embryo implantation"/>
            <span end="11659" id="16433929-18001" start="11647">implantation</span>
        </annotation>
        <annotation annotator="Mike Bada, University of Colorado Anschutz Medical Campus" id="GO_BP_2016_02_16_Instance_39653" type="identity">
            <class id="GO:0007566" label="embryo implantation"/>
            <span end="12655" id="16433929-18003" start="12643">implantation</span>
        </annotation>
        <annotation annotator="Mike Bada, University of Colorado Anschutz Medical Campus" id="GO_BP_2016_02_16_Instance_39655" type="identity">
            <class id="GO:0007566" label="embryo implantation"/>
            <span end="12737" id="16433929-18005" start="12725">implantation</span>
        </annotation>
        <annotation annotator="Mike Bada, University of Colorado Anschutz Medical Campus" id="GO_BP_2016_02_16_Instance_39731" type="identity">
            <class id="GO:0007618" label="mating"/>
            <span end="12788" id="16433929-18064" start="12783">mated</span>
        </annotation>
        <annotation annotator="Mike Bada, University of Colorado Anschutz Medical Campus" id="GO_BP_2016_02_16_Instance_46965" type="identity">
            <class id="GO:0009566" label="fertilization"/>
            <span end="12818" id="16433929-18115" start="12805">fertilization</span>
        </annotation>
        <annotation annotator="Mike Bada, University of Colorado Anschutz Medical Campus" id="GO_BP_2016_02_16_Instance_39657" type="identity">
            <class id="GO:0007566" label="embryo implantation"/>
            <span end="13832" id="16433929-18007" start="13820">implantation</span>
        </annotation>
        <annotation annotator="Mike Bada, University of Colorado Anschutz Medical Campus" id="GO_BP_2016_02_16_Instance_39659" type="identity">
            <class id="GO:0007566" label="embryo implantation"/>
            <span end="13854" id="16433929-18009" start="13842">implantation</span>
        </annotation>
        <annotation annotator="Mike Bada, University of Colorado Anschutz Medical Campus" id="GO_BP_2016_02_16_with_nested_annotations_Instance_1612" type="identity">
            <class id="GO_EXT:breeding" label="breeding"/>
            <span end="14098" id="16433929-18165" start="14090">breeding</span>
        </annotation>
        <annotation annotator="Mike Bada, University of Colorado Anschutz Medical Campus" id="GO_BP_2016_02_16_Instance_39661" type="identity">
            <class id="GO:0007566" label="embryo implantation"/>
            <span end="14523" id="16433929-18011" start="14511">implantation</span>
        </annotation>
        <annotation annotator="Mike Bada, University of Colorado Anschutz Medical Campus" id="GO_BP_2016_02_16_Instance_39663" type="identity">
            <class id="GO:0007566" label="embryo implantation"/>
            <span end="14544" id="16433929-18013" start="14532">implantation</span>
        </annotation>
        <annotation annotator="Mike Bada, University of Colorado Anschutz Medical Campus" id="GO_BP_2016_02_16_Instance_43017" type="identity">
            <class id="GO:0048468" label="cell development"/>
            <span end="15378" id="16433929-18078" start="15365">generation of</span>
            <span end="15396" id="16433929-18079" start="15391">cells</span>
        </annotation>
        <annotation annotator="Mike Bada, University of Colorado Anschutz Medical Campus" id="GO_BP_2016_02_16_with_nested_annotations_Instance_10282" type="identity">
            <class id="GO:0035822" label="gene conversion"/>
            <span end="15549" id="16433929-18153" start="15534">gene conversion</span>
        </annotation>
        <annotation annotator="Mike Bada, University of Colorado Anschutz Medical Campus" id="GO_BP_2016_02_16_Instance_180985" type="identity">
            <class id="GO_EXT:negative_regulation" label="negative regulation"/>
            <span end="16282" id="16433929-17885" start="16267">down-regulating</span>
        </annotation>
        <annotation annotator="Mike Bada, University of Colorado Anschutz Medical Campus" id="GO_BP_2016_02_16_Instance_39341" type="identity">
            <class id="GO:0065007" label="biological regulation"/>
            <span end="16484" id="16433929-17957" start="16475">regulated</span>
        </annotation>
        <annotation annotator="Mike Bada, University of Colorado Anschutz Medical Campus" id="GO_BP_2016_02_16_Instance_180987" type="identity">
            <class id="GO_PATO_EXT:physiological_process_or_quality" label="physiological process or quality"/>
            <span end="16609" id="16433929-17887" start="16598">physiologic</span>
        </annotation>
        <annotation annotator="Mike Bada, University of Colorado Anschutz Medical Campus" id="GO_BP_2016_02_16_Instance_39343" type="identity">
            <class id="GO:0065007" label="biological regulation"/>
            <span end="16724" id="16433929-17959" start="16714">regulatory</span>
        </annotation>
        <annotation annotator="Mike Bada, University of Colorado Anschutz Medical Campus" id="GO_BP_2016_02_16_with_nested_annotations_Instance_22330" type="identity">
            <class id="GO_EXT:fatality_or_lethality" label="fatality/lethality"/>
            <span end="16823" id="16433929-18191" start="16814">lethality</span>
        </annotation>
        <annotation annotator="Mike Bada, University of Colorado Anschutz Medical Campus" id="GO_BP_2016_02_16_Instance_46967" type="identity">
            <class id="GO:0009790" label="embryo development"/>
            <span end="17103" id="16433929-18117" start="17082">embryonic development</span>
        </annotation>
        <annotation annotator="Mike Bada, University of Colorado Anschutz Medical Campus" id="GO_BP_2016_02_16_Instance_180989" type="identity">
            <class id="GO:0070527" label="platelet aggregation"/>
            <span end="17454" id="16433929-17889" start="17434">platelet aggregation</span>
        </annotation>
        <annotation annotator="Mike Bada, University of Colorado Anschutz Medical Campus" id="GO_BP_2016_02_16_Instance_39569" type="identity">
            <class id="GO:0009790" label="embryo development"/>
            <span end="17631" id="16433929-17973" start="17618">embryogenesis</span>
        </annotation>
        <annotation annotator="Mike Bada, University of Colorado Anschutz Medical Campus" id="GO_BP_2016_02_16_Instance_39713" type="identity">
            <class id="GO:0016265" label="death"/>
            <span end="17796" id="16433929-18048" start="17793">die</span>
        </annotation>
        <annotation annotator="Mike Bada, University of Colorado Anschutz Medical Campus" id="GO_BP_2016_02_16_Instance_180991" type="identity">
            <class id="GO:0007566" label="embryo implantation"/>
            <span end="17819" id="16433929-17891" start="17807">implantation</span>
        </annotation>
        <annotation annotator="Mike Bada, University of Colorado Anschutz Medical Campus" id="GO_BP_2016_02_16_Instance_39571" type="identity">
            <class id="GO:0009790" label="embryo development"/>
            <span end="17945" id="16433929-17975" start="17932">embryogenesis</span>
        </annotation>
        <annotation annotator="Mike Bada, University of Colorado Anschutz Medical Campus" id="GO_BP_2016_02_16_Instance_180993" type="identity">
            <class id="GO:0007566" label="embryo implantation"/>
            <span end="18162" id="16433929-17893" start="18150">implantation</span>
        </annotation>
        <annotation annotator="Mike Bada, University of Colorado Anschutz Medical Campus" id="GO_BP_2016_02_16_with_nested_annotations_Instance_22332" type="identity">
            <class id="GO_EXT:fatality_or_lethality" label="fatality/lethality"/>
            <span end="18172" id="16433929-18193" start="18163">lethality</span>
        </annotation>
        <annotation annotator="Mike Bada, University of Colorado Anschutz Medical Campus" id="GO_BP_2016_02_16_Instance_39725" type="identity">
            <class id="GO:0007565" label="female pregnancy"/>
            <span end="18328" id="16433929-18058" start="18319">gestation</span>
        </annotation>
        <annotation annotator="Mike Bada, University of Colorado Anschutz Medical Campus" id="GO_BP_2016_02_16_Instance_34287" type="identity">
            <class id="GO:0010467" label="gene expression"/>
            <span end="18904" id="16433929-17929" start="18895">expressed</span>
        </annotation>
        <annotation annotator="Mike Bada, University of Colorado Anschutz Medical Campus" id="GO_BP_2016_02_16_with_nested_annotations_Instance_22334" type="identity">
            <class id="GO_EXT:fatality_or_lethality" label="fatality/lethality"/>
            <span end="19167" id="16433929-18195" start="19158">lethality</span>
        </annotation>
        <annotation annotator="Mike Bada, University of Colorado Anschutz Medical Campus" id="GO_BP_2016_02_16_Instance_43037" type="identity">
            <class id="GO:0016265" label="death"/>
            <span end="19658" id="16433929-18085" start="19650">perished</span>
        </annotation>
        <annotation annotator="Mike Bada, University of Colorado Anschutz Medical Campus" id="GO_BP_2016_02_16_Instance_39573" type="identity">
            <class id="GO:0009790" label="embryo development"/>
            <span end="19679" id="16433929-17977" start="19666">embryogenesis</span>
        </annotation>
        <annotation annotator="Mike Bada, University of Colorado Anschutz Medical Campus" id="GO_BP_2016_02_16_Instance_180995" type="identity">
            <class id="GO_EXT:reverse_transcription_or_reverse_transcriptase" label="reverse transcription or reverse transcriptase"/>
            <span end="20108" id="16433929-17895" start="20106">RT</span>
        </annotation>
        <annotation annotator="Mike Bada, University of Colorado Anschutz Medical Campus" id="GO_BP_2016_02_16_Instance_43039" type="identity">
            <class id="GO:0008380" label="RNA splicing"/>
            <span end="20200" id="16433929-18087" start="20194">splice</span>
        </annotation>
        <annotation annotator="Mike Bada, University of Colorado Anschutz Medical Campus" id="GO_BP_2016_02_16_Instance_36123" type="identity">
            <class id="GO:0010467" label="gene expression"/>
            <span end="20444" id="16433929-17941" start="20434">expression</span>
        </annotation>
        <annotation annotator="Mike Bada, University of Colorado Anschutz Medical Campus" id="GO_BP_2016_02_16_Instance_34543" type="identity">
            <class id="GO:0010467" label="gene expression"/>
            <span end="20559" id="16433929-17931" start="20550">expressed</span>
        </annotation>
        <annotation annotator="Mike Bada, University of Colorado Anschutz Medical Campus" id="GO_BP_2016_02_16_Instance_34545" type="identity">
            <class id="GO:0010467" label="gene expression"/>
            <span end="20953" id="16433929-17933" start="20944">expressed</span>
        </annotation>
        <annotation annotator="Mike Bada, University of Colorado Anschutz Medical Campus" id="GO_BP_2016_02_16_with_nested_annotations_Instance_22336" type="identity">
            <class id="GO_EXT:fatality_or_lethality" label="fatality/lethality"/>
            <span end="21039" id="16433929-18197" start="21030">lethality</span>
        </annotation>
        <annotation annotator="Mike Bada, University of Colorado Anschutz Medical Campus" id="GO_BP_2016_02_16_Instance_39557" type="identity">
            <class id="GO:0065007" label="biological regulation"/>
            <span end="21812" id="16433929-17961" start="21803">regulated</span>
        </annotation>
        <annotation annotator="Mike Bada, University of Colorado Anschutz Medical Campus" id="GO_BP_2016_02_16_Instance_180997" type="identity">
            <class id="GO_PATO_EXT:physiological_process_or_quality" label="physiological process or quality"/>
            <span end="21941" id="16433929-17897" start="21928">physiological</span>
        </annotation>
        <annotation annotator="Mike Bada, University of Colorado Anschutz Medical Campus" id="GO_BP_2016_02_16_Instance_39575" type="identity">
            <class id="GO:0009790" label="embryo development"/>
            <span end="21978" id="16433929-17979" start="21965">embryogenesis</span>
        </annotation>
        <annotation annotator="Mike Bada, University of Colorado Anschutz Medical Campus" id="GO_BP_2016_02_16_Instance_39715" type="identity">
            <class id="GO:0016265" label="death"/>
            <span end="22027" id="16433929-18050" start="22024">die</span>
        </annotation>
        <annotation annotator="Mike Bada, University of Colorado Anschutz Medical Campus" id="GO_BP_2016_02_16_Instance_39665" type="identity">
            <class id="GO:0007566" label="embryo implantation"/>
            <span end="22049" id="16433929-18015" start="22037">implantation</span>
        </annotation>
        <annotation annotator="Mike Bada, University of Colorado Anschutz Medical Campus" id="GO_BP_2016_02_16_Instance_180999" type="identity">
            <class id="GO:0006468" label="protein phosphorylation"/>
            <span end="22326" id="16433929-17899" start="22308">phosphorylation of</span>
            <span end="22343" id="16433929-17900" start="22335">proteins</span>
        </annotation>
        <annotation annotator="Mike Bada, University of Colorado Anschutz Medical Campus" id="GO_BP_2016_02_16_Instance_46969" type="identity">
            <class id="GO:0030168" label="platelet activation"/>
            <span end="22375" id="16433929-18119" start="22356">platelet activation</span>
        </annotation>
        <annotation annotator="Mike Bada, University of Colorado Anschutz Medical Campus" id="GO_BP_2016_02_16_with_nested_annotations_Instance_22338" type="identity">
            <class id="GO_EXT:fatality_or_lethality" label="fatality/lethality"/>
            <span end="23090" id="16433929-18199" start="23081">lethality</span>
        </annotation>
        <annotation annotator="Mike Bada, University of Colorado Anschutz Medical Campus" id="GO_BP_2016_02_16_Instance_46971" type="identity">
            <class id="GO:0009790" label="embryo development"/>
            <span end="23186" id="16433929-18121" start="23165">embryonic development</span>
        </annotation>
        <annotation annotator="Mike Bada, University of Colorado Anschutz Medical Campus" id="GO_BP_2016_02_16_Instance_181001" type="identity">
            <class id="GO:0007566" label="embryo implantation"/>
            <span end="23337" id="16433929-17902" start="23325">implantation</span>
        </annotation>
        <annotation annotator="Mike Bada, University of Colorado Anschutz Medical Campus" id="GO_BP_2016_02_16_with_nested_annotations_Instance_22340" type="identity">
            <class id="GO_EXT:fatality_or_lethality" label="fatality/lethality"/>
            <span end="23347" id="16433929-18201" start="23338">lethality</span>
        </annotation>
        <annotation annotator="Mike Bada, University of Colorado Anschutz Medical Campus" id="GO_BP_2016_02_16_Instance_39667" type="identity">
            <class id="GO:0007566" label="embryo implantation"/>
            <span end="23591" id="16433929-18017" start="23579">implantation</span>
        </annotation>
        <annotation annotator="Mike Bada, University of Colorado Anschutz Medical Campus" id="GO_BP_2016_02_16_Instance_181003" type="identity">
            <class id="GO:0007566" label="embryo implantation"/>
            <span end="23661" id="16433929-17904" start="23649">implantation</span>
        </annotation>
        <annotation annotator="Mike Bada, University of Colorado Anschutz Medical Campus" id="GO_BP_2016_02_16_with_nested_annotations_Instance_22342" type="identity">
            <class id="GO_EXT:fatality_or_lethality" label="fatality/lethality"/>
            <span end="23671" id="16433929-18203" start="23662">lethality</span>
        </annotation>
        <annotation annotator="Mike Bada, University of Colorado Anschutz Medical Campus" id="GO_BP_2016_02_16_Instance_240806" type="identity">
            <class id="GO_RO_EXT:developmental_differentiation_process" label="developmental differentiation process"/>
            <span end="23821" id="16433929-17921" start="23806">differentiation</span>
        </annotation>
        <annotation annotator="Mike Bada, University of Colorado Anschutz Medical Campus" id="GO_BP_2016_02_16_with_nested_annotations_Instance_22540" type="identity">
            <class id="GO_EXT:fatality_or_lethality" label="fatality/lethality"/>
            <span end="24092" id="16433929-18211" start="24085">fatally</span>
        </annotation>
        <annotation annotator="Mike Bada, University of Colorado Anschutz Medical Campus" id="GO_BP_2016_02_16_Instance_46973" type="identity">
            <class id="GO:0051301" label="cell division"/>
            <span end="24560" id="16433929-18123" start="24546">cell divisions</span>
        </annotation>
        <annotation annotator="Mike Bada, University of Colorado Anschutz Medical Campus" id="GO_BP_2016_02_16_with_nested_annotations_Instance_22344" type="identity">
            <class id="GO_EXT:fatality_or_lethality" label="fatality/lethality"/>
            <span end="24600" id="16433929-18205" start="24591">lethality</span>
        </annotation>
        <annotation annotator="Mike Bada, University of Colorado Anschutz Medical Campus" id="GO_BP_2016_02_16_Instance_46975" type="identity">
            <class id="GO:0008283" label="cell proliferation"/>
            <span end="24726" id="16433929-18125" start="24708">cell proliferation</span>
        </annotation>
        <annotation annotator="Mike Bada, University of Colorado Anschutz Medical Campus" id="GO_BP_2016_02_16_Instance_181007" type="identity">
            <class id="GO:0045132" label="meiotic chromosome segregation"/>
            <span end="24815" id="16433929-17908" start="24793">chromosome segregation</span>
            <span end="24861" id="16433929-17909" start="24847">during meiosis</span>
        </annotation>
        <annotation annotator="Mike Bada, University of Colorado Anschutz Medical Campus" id="GO_BP_2016_02_16_Instance_181005" type="identity">
            <class id="GO:0000070" label="mitotic sister chromatid segregation"/>
            <span end="24830" id="16433929-17906" start="24793">chromosome segregation during mitosis</span>
        </annotation>
        <annotation annotator="Mike Bada, University of Colorado Anschutz Medical Campus" id="GO_BP_2016_02_16_with_nested_annotations_Instance_20128" type="identity">
            <class id="GO_EXT:biological_movement_or_translocation_process" label="biological movement/translocation process"/>
            <span end="24888" id="16433929-18175" start="24879">migration</span>
        </annotation>
        <annotation annotator="Mike Bada, University of Colorado Anschutz Medical Campus" id="GO_BP_2016_02_16_Instance_46981" type="identity">
            <class id="GO:0009790" label="embryo development"/>
            <span end="24970" id="16433929-18127" start="24949">embryonic development</span>
        </annotation>
        <annotation annotator="Mike Bada, University of Colorado Anschutz Medical Campus" id="GO_BP_2016_02_16_Instance_46983" type="identity">
            <class id="GO:0008283" label="cell proliferation"/>
            <span end="25307" id="16433929-18129" start="25289">cell proliferation</span>
        </annotation>
        <annotation annotator="Mike Bada, University of Colorado Anschutz Medical Campus" id="GO_BP_2016_02_16_Instance_39733" type="identity">
            <class id="GO:0051318" label="G1 phase"/>
            <span end="25420" id="16433929-18066" start="25412">G1 stage</span>
        </annotation>
        <annotation annotator="Mike Bada, University of Colorado Anschutz Medical Campus" id="GO_BP_2016_02_16_Instance_46985" type="identity">
            <class id="GO:0007049" label="cell cycle"/>
            <span end="25438" id="16433929-18131" start="25428">cell cycle</span>
        </annotation>
        <annotation annotator="Mike Bada, University of Colorado Anschutz Medical Campus" id="GO_BP_2016_02_16_Instance_46987" type="identity">
            <class id="GO:0007049" label="cell cycle"/>
            <span end="25512" id="16433929-18133" start="25502">cell cycle</span>
        </annotation>
        <annotation annotator="Mike Bada, University of Colorado Anschutz Medical Campus" id="GO_BP_2016_02_16_Instance_46989" type="identity">
            <class id="GO:0007340" label="acrosome reaction"/>
            <span end="25714" id="16433929-18135" start="25697">acrosome reaction</span>
        </annotation>
        <annotation annotator="Mike Bada, University of Colorado Anschutz Medical Campus" id="GO_BP_2016_02_16_Instance_46991" type="identity">
            <class id="GO:0007340" label="acrosome reaction"/>
            <span end="25859" id="16433929-18137" start="25842">acrosome reaction</span>
        </annotation>
        <annotation annotator="Mike Bada, University of Colorado Anschutz Medical Campus" id="GO_BP_2016_02_16_with_nested_annotations_Instance_140087" type="identity">
            <class id="GO_EXT:biological_translocation_entity_or_process" label="biological translocation entity or process"/>
            <span end="25902" id="16433929-18161" start="25889">translocation</span>
        </annotation>
        <annotation annotator="Mike Bada, University of Colorado Anschutz Medical Campus" id="GO_BP_2016_02_16_with_nested_annotations_Instance_22058" type="identity">
            <class id="GO_EXT:biological_release" label="biological release"/>
            <span end="25993" id="16433929-18181" start="25986">release</span>
        </annotation>
        <annotation annotator="Mike Bada, University of Colorado Anschutz Medical Campus" id="GO_BP_2016_02_16_with_nested_annotations_Instance_434" type="identity">
            <class id="GO_PATO_EXT:biological_localization_process_or_quality" label="biological localization process or quality"/>
            <span end="26086" id="16433929-18223" start="26077">localized</span>
        </annotation>
        <annotation annotator="Mike Bada, University of Colorado Anschutz Medical Campus" id="GO_BP_2016_02_16_Instance_43047" type="identity">
            <class id="GO:0007126" label="meiotic nuclear division"/>
            <span end="26108" id="16433929-18089" start="26101">meiotic</span>
        </annotation>
        <annotation annotator="Mike Bada, University of Colorado Anschutz Medical Campus" id="GO_BP_2016_02_16_Instance_46993" type="identity">
            <class id="GO:0009566" label="fertilization"/>
            <span end="26136" id="16433929-18139" start="26123">fertilization</span>
        </annotation>
        <annotation annotator="Mike Bada, University of Colorado Anschutz Medical Campus" id="GO_BP_2016_02_16_Instance_46995" type="identity">
            <class id="GO:0007059" label="chromosome segregation"/>
            <span end="26189" id="16433929-18141" start="26167">chromosome segregation</span>
        </annotation>
        <annotation annotator="Mike Bada, University of Colorado Anschutz Medical Campus" id="GO_BP_2016_02_16_Instance_46997" type="identity">
            <class id="GO:0007059" label="chromosome segregation"/>
            <span end="26242" id="16433929-18143" start="26220">chromosome segregation</span>
        </annotation>
        <annotation annotator="Mike Bada, University of Colorado Anschutz Medical Campus" id="GO_BP_2016_02_16_with_nested_annotations_Instance_22346" type="identity">
            <class id="GO_EXT:fatality_or_lethality" label="fatality/lethality"/>
            <span end="26265" id="16433929-18207" start="26259">lethal</span>
        </annotation>
        <annotation annotator="Mike Bada, University of Colorado Anschutz Medical Campus" id="GO_BP_2016_02_16_Instance_46999" type="identity">
            <class id="GO:0009790" label="embryo development"/>
            <span end="26304" id="16433929-18145" start="26283">embryonic development</span>
        </annotation>
        <annotation annotator="Mike Bada, University of Colorado Anschutz Medical Campus" id="GO_BP_2016_02_16_with_nested_annotations_Instance_10284" type="identity">
            <class id="GO:0035822" label="gene conversion"/>
            <span end="27011" id="16433929-18155" start="26996">gene conversion</span>
        </annotation>
        <annotation annotator="Mike Bada, University of Colorado Anschutz Medical Campus" id="GO_BP_2016_02_16_Instance_32645" type="identity">
            <class id="GO:0010467" label="gene expression"/>
            <span end="27241" id="16433929-17923" start="27234">express</span>
        </annotation>
        <annotation annotator="Mike Bada, University of Colorado Anschutz Medical Campus" id="GO_BP_2016_02_16_with_nested_annotations_Instance_10286" type="identity">
            <class id="GO:0035822" label="gene conversion"/>
            <span end="27320" id="16433929-18157" start="27305">gene conversion</span>
        </annotation>
        <annotation annotator="Mike Bada, University of Colorado Anschutz Medical Campus" id="GO_BP_2016_02_16_Instance_36125" type="identity">
            <class id="GO:0010467" label="gene expression"/>
            <span end="27480" id="16433929-17943" start="27470">expression</span>
        </annotation>
        <annotation annotator="Mike Bada, University of Colorado Anschutz Medical Campus" id="GO_BP_2016_02_16_with_nested_annotations_Instance_1614" type="identity">
            <class id="GO_EXT:breeding" label="breeding"/>
            <span end="27634" id="16433929-18167" start="27626">breeding</span>
        </annotation>
        <annotation annotator="Mike Bada, University of Colorado Anschutz Medical Campus" id="GO_BP_2016_02_16_Instance_36127" type="identity">
            <class id="GO:0010467" label="gene expression"/>
            <span end="28360" id="16433929-17945" start="28350">expression</span>
        </annotation>
        <annotation annotator="Mike Bada, University of Colorado Anschutz Medical Campus" id="GO_BP_2016_02_16_Instance_181011" type="identity">
            <class id="GO_PATO_EXT:physiological_process_or_quality" label="physiological process or quality"/>
            <span end="28529" id="16433929-17911" start="28516">physiological</span>
        </annotation>
        <annotation annotator="Mike Bada, University of Colorado Anschutz Medical Campus" id="GO_BP_2016_02_16_Instance_39577" type="identity">
            <class id="GO:0009790" label="embryo development"/>
            <span end="28687" id="16433929-17981" start="28674">embryogenesis</span>
        </annotation>
        <annotation annotator="Mike Bada, University of Colorado Anschutz Medical Campus" id="GO_BP_2016_02_16_Instance_39669" type="identity">
            <class id="GO:0007566" label="embryo implantation"/>
            <span end="28725" id="16433929-18019" start="28713">implantation</span>
        </annotation>
        <annotation annotator="Mike Bada, University of Colorado Anschutz Medical Campus" id="GO_BP_2016_02_16_Instance_39671" type="identity">
            <class id="GO:0007566" label="embryo implantation"/>
            <span end="28994" id="16433929-18021" start="28982">implantation</span>
        </annotation>
        <annotation annotator="Mike Bada, University of Colorado Anschutz Medical Campus" id="GO_BP_2016_02_16_Instance_39579" type="identity">
            <class id="GO:0009790" label="embryo development"/>
            <span end="29008" id="16433929-17983" start="28995">embryogenesis</span>
        </annotation>
        <annotation annotator="Mike Bada, University of Colorado Anschutz Medical Campus" id="GO_BP_2016_02_16_with_nested_annotations_Instance_120220" type="identity">
            <class id="GO_SO_EXT:sequence_rearrangement_process" label="sequence rearrangement process"/>
            <span end="31412" id="16433929-18159" start="31399">recombination</span>
        </annotation>
        <annotation annotator="Mike Bada, University of Colorado Anschutz Medical Campus" id="GO_BP_2016_02_16_Instance_39739" type="identity">
            <class id="GO:0009294" label="DNA mediated transformation"/>
            <span end="32366" id="16433929-18068" start="32354">transfection</span>
        </annotation>
        <annotation annotator="Mike Bada, University of Colorado Anschutz Medical Campus" id="GO_BP_2016_02_16_with_nested_annotations_Instance_80370" type="identity">
            <class id="GO_EXT:biological_growth_entity_or_process" label="biological growth entity or process"/>
            <span end="32935" id="16433929-18233" start="32929">growth</span>
        </annotation>
        <annotation annotator="Mike Bada, University of Colorado Anschutz Medical Campus" id="GO_BP_2016_02_16_Instance_39741" type="identity">
            <class id="GO:0009294" label="DNA mediated transformation"/>
            <span end="33254" id="16433929-18070" start="33243">transformed</span>
        </annotation>
        <annotation annotator="Mike Bada, University of Colorado Anschutz Medical Campus" id="GO_BP_2016_02_16_Instance_47003" type="identity">
            <class id="GO:0007618" label="mating"/>
            <span end="33630" id="16433929-18147" start="33623">matings</span>
        </annotation>
        <annotation annotator="Mike Bada, University of Colorado Anschutz Medical Campus" id="GO_BP_2016_02_16_with_nested_annotations_Instance_23450" type="identity">
            <class id="GO_EXT:biological_movement_or_translocation_process" label="biological movement/translocation process"/>
            <span end="33707" id="16433929-18215" start="33696">transferred</span>
        </annotation>
        <annotation annotator="Mike Bada, University of Colorado Anschutz Medical Campus" id="GO_BP_2016_02_16_Instance_39743" type="identity">
            <class id="GO:0007567" label="parturition"/>
            <span end="33782" id="16433929-18072" start="33777">birth</span>
        </annotation>
        <annotation annotator="Mike Bada, University of Colorado Anschutz Medical Campus" id="GO_BP_2016_02_16_with_nested_annotations_Instance_23165" type="identity">
            <class id="GO_PATO_EXT:biological_pigmentation_process_or_quality" label="biological pigmentation process or quality"/>
            <span end="33808" id="16433929-18213" start="33796">pigmentation</span>
        </annotation>
        <annotation annotator="Mike Bada, University of Colorado Anschutz Medical Campus" id="GO_BP_2016_02_16_with_nested_annotations_Instance_1690" type="identity">
            <class id="GO_EXT:breeding" label="breeding"/>
            <span end="33884" id="16433929-18169" start="33880">bred</span>
        </annotation>
        <annotation annotator="Mike Bada, University of Colorado Anschutz Medical Campus" id="GO_BP_2016_02_16_with_nested_annotations_Instance_1692" type="identity">
            <class id="GO_EXT:breeding" label="breeding"/>
            <span end="33980" id="16433929-18171" start="33976">bred</span>
        </annotation>
        <annotation annotator="Mike Bada, University of Colorado Anschutz Medical Campus" id="GO_BP_2016_02_16_Instance_39673" type="identity">
            <class id="GO:0007566" label="embryo implantation"/>
            <span end="35045" id="16433929-18023" start="35033">implantation</span>
        </annotation>
        <annotation annotator="Mike Bada, University of Colorado Anschutz Medical Campus" id="GO_BP_2016_02_16_Instance_181015" type="identity">
            <class id="GO_EXT:macromolecule_denaturation" label="macromolecule denaturation"/>
            <span end="35476" id="16433929-17913" start="35464">denaturation</span>
        </annotation>
        <annotation annotator="Mike Bada, University of Colorado Anschutz Medical Campus" id="GO_BP_2016_02_16_Instance_181017" type="identity">
            <class id="GO_EXT:macromolecule_denaturation" label="macromolecule denaturation"/>
            <span end="35527" id="16433929-17915" start="35515">denaturation</span>
        </annotation>
        <annotation annotator="Mike Bada, University of Colorado Anschutz Medical Campus" id="GO_BP_2016_02_16_Instance_39675" type="identity">
            <class id="GO:0007566" label="embryo implantation"/>
            <span end="35784" id="16433929-18025" start="35772">implantation</span>
        </annotation>
        <annotation annotator="Mike Bada, University of Colorado Anschutz Medical Campus" id="GO_BP_2016_02_16_Instance_181019" type="identity">
            <class id="GO_EXT:macromolecule_denaturation" label="macromolecule denaturation"/>
            <span end="37597" id="16433929-17917" start="37585">denaturation</span>
        </annotation>
        <annotation annotator="Mike Bada, University of Colorado Anschutz Medical Campus" id="GO_BP_2016_02_16_Instance_181021" type="identity">
            <class id="GO_EXT:macromolecule_denaturation" label="macromolecule denaturation"/>
            <span end="37643" id="16433929-17919" start="37631">denaturation</span>
        </annotation>
        <annotation annotator="Mike Bada, University of Colorado Anschutz Medical Campus" id="GO_BP_2016_02_16_Instance_39677" type="identity">
            <class id="GO:0007566" label="embryo implantation"/>
            <span end="37791" id="16433929-18027" start="37779">implantation</span>
        </annotation>
        <annotation annotator="Mike Bada, University of Colorado Anschutz Medical Campus" id="GO_BP_2016_02_16_Instance_47007" type="identity">
            <class id="GO:0009566" label="fertilization"/>
            <span end="37822" id="16433929-18149" start="37809">fertilization</span>
        </annotation>
        <annotation annotator="Mike Bada, University of Colorado Anschutz Medical Campus" id="GO_BP_2016_02_16_Instance_47009" type="identity">
            <class id="GO:0007620" label="copulation"/>
            <span end="37866" id="16433929-18151" start="37856">copulation</span>
        </annotation>
        <annotation annotator="Mike Bada, University of Colorado Anschutz Medical Campus" id="GO_BP_2016_02_16_Instance_39679" type="identity">
            <class id="GO:0007566" label="embryo implantation"/>
            <span end="37932" id="16433929-18029" start="37920">implantation</span>
        </annotation>
        <annotation annotator="Mike Bada, University of Colorado Anschutz Medical Campus" id="GO_BP_2016_02_16_Instance_39765" type="identity">
            <class id="GO:0007565" label="female pregnancy"/>
            <span end="37994" id="16433929-18074" start="37986">pregnant</span>
        </annotation>
        <annotation annotator="Mike Bada, University of Colorado Anschutz Medical Campus" id="GO_BP_2016_02_16_Instance_39767" type="identity">
            <class id="GO:0019835" label="cytolysis"/>
            <span end="38142" id="16433929-18076" start="38137">lysis</span>
        </annotation>
        <annotation annotator="Mike Bada, University of Colorado Anschutz Medical Campus" id="GO_BP_2016_02_16_with_nested_annotations_Instance_80372" type="identity">
            <class id="GO_EXT:biological_growth_entity_or_process" label="biological growth entity or process"/>
            <span end="38371" id="16433929-18235" start="38365">growth</span>
        </annotation>
        <annotation annotator="Mike Bada, University of Colorado Anschutz Medical Campus" id="GO_BP_2016_02_16_Instance_39681" type="identity">
            <class id="GO:0007566" label="embryo implantation"/>
            <span end="39486" id="16433929-18031" start="39474">implantation</span>
        </annotation>
        <annotation annotator="Mike Bada, University of Colorado Anschutz Medical Campus" id="GO_BP_2016_02_16_Instance_43067" type="identity">
            <class id="GO:0016265" label="death"/>
            <span end="39592" id="16433929-18091" start="39584">perished</span>
        </annotation>
        <annotation annotator="Mike Bada, University of Colorado Anschutz Medical Campus" id="GO_BP_2016_02_16_Instance_39683" type="identity">
            <class id="GO:0007566" label="embryo implantation"/>
            <span end="39614" id="16433929-18033" start="39602">implantation</span>
        </annotation>
        <graph-space id="Old Knowtator Relations"/>
    </document>
</knowtator-project>
