<?xml version="1.0" encoding="UTF-8" standalone="no"?>
<knowtator-project>
    <document id="16539743" text-file="16539743.txt">
        <annotation annotator="Mike Bada, University of Colorado Anschutz Medical Campus" id="GO_BP_2016_02_16_Instance_34121" type="identity">
            <class id="GO:0010467" label="gene expression"/>
            <span end="89" id="16539743-19324" start="80">expressed</span>
        </annotation>
        <annotation annotator="Mike Bada, University of Colorado Anschutz Medical Campus" id="GO_BP_2016_02_16_Instance_181295" type="identity">
            <class id="GO_EXT:transcription" label="transcription"/>
            <span end="390" id="16539743-19091" start="377">transcription</span>
        </annotation>
        <annotation annotator="Mike Bada, University of Colorado Anschutz Medical Campus" id="GO_BP_2016_02_16_Instance_34539" type="identity">
            <class id="GO:0010467" label="gene expression"/>
            <span end="542" id="16539743-19326" start="533">expressed</span>
        </annotation>
        <annotation annotator="Mike Bada, University of Colorado Anschutz Medical Campus" id="GO_BP_2016_02_16_Instance_42147" type="identity">
            <class id="GO:0042461" label="photoreceptor cell development"/>
            <span end="794" id="16539743-19455" start="769">photoreceptor development</span>
        </annotation>
        <annotation annotator="Mike Bada, University of Colorado Anschutz Medical Campus" id="GO_BP_2016_02_16_with_nested_annotations_Instance_190020" type="identity">
            <class id="GO:0016568" label="chromatin modification"/>
            <span end="1031" id="16539743-19619" start="1008">chromatin modifications</span>
        </annotation>
        <annotation annotator="Mike Bada, University of Colorado Anschutz Medical Campus" id="GO_BP_2016_02_16_Instance_42149" type="identity">
            <class id="GO:0065007" label="biological regulation"/>
            <span end="1120" id="16539743-19457" start="1110">regulating</span>
        </annotation>
        <annotation annotator="Mike Bada, University of Colorado Anschutz Medical Campus" id="GO_BP_2016_02_16_Instance_52673" type="identity">
            <class id="GO:0010467" label="gene expression"/>
            <span end="1136" id="16539743-19589" start="1121">gene expression</span>
        </annotation>
        <annotation annotator="Mike Bada, University of Colorado Anschutz Medical Campus" id="GO_BP_2016_02_16_Instance_42119" type="identity">
            <class id="GO:0042461" label="photoreceptor cell development"/>
            <span end="1165" id="16539743-19443" start="1140">photoreceptor development</span>
        </annotation>
        <annotation annotator="Mike Bada, University of Colorado Anschutz Medical Campus" id="GO_BP_2016_02_16_Instance_35911" type="identity">
            <class id="GO:0010467" label="gene expression"/>
            <span end="1199" id="16539743-19328" start="1190">expressed</span>
        </annotation>
        <annotation annotator="Mike Bada, University of Colorado Anschutz Medical Campus" id="GO_BP_2016_02_16_Instance_181301" type="identity">
            <class id="GO:0007567" label="parturition"/>
            <span end="1234" id="16539743-19093" start="1229">natal</span>
        </annotation>
        <annotation annotator="Mike Bada, University of Colorado Anschutz Medical Campus" id="GO_BP_2016_02_16_Instance_240824" type="identity">
            <class id="GO_RO_EXT:developmental_differentiation_process" label="developmental differentiation process"/>
            <span end="1303" id="16539743-19310" start="1288">differentiation</span>
        </annotation>
        <annotation annotator="Mike Bada, University of Colorado Anschutz Medical Campus" id="GO_BP_2016_02_16_Instance_181303" type="identity">
            <class id="GO_EXT:transcription" label="transcription"/>
            <span end="1349" id="16539743-19095" start="1336">Transcription</span>
        </annotation>
        <annotation annotator="Mike Bada, University of Colorado Anschutz Medical Campus" id="GO_BP_2016_02_16_Instance_42151" type="identity">
            <class id="GO:0065007" label="biological regulation"/>
            <span end="1379" id="16539743-19459" start="1370">regulated</span>
        </annotation>
        <annotation annotator="Mike Bada, University of Colorado Anschutz Medical Campus" id="GO_BP_2016_02_16_with_nested_annotations_Instance_472" type="identity">
            <class id="GO_PATO_EXT:biological_localization_process_or_quality" label="biological localization process or quality"/>
            <span end="1581" id="16539743-19651" start="1572">localizes</span>
        </annotation>
        <annotation annotator="Mike Bada, University of Colorado Anschutz Medical Campus" id="GO_BP_2016_02_16_Instance_181305" type="identity">
            <class id="GO:0010467" label="gene expression"/>
            <span end="1631" id="16539743-19097" start="1622">expressed</span>
        </annotation>
        <annotation annotator="Mike Bada, University of Colorado Anschutz Medical Campus" id="GO_BP_2016_02_16_Instance_181307" type="identity">
            <class id="GO_EXT:transcription" label="transcription"/>
            <span end="1776" id="16539743-19099" start="1761">transcriptional</span>
        </annotation>
        <annotation annotator="Mike Bada, University of Colorado Anschutz Medical Campus" id="GO_BP_2016_02_16_Instance_35999" type="identity">
            <class id="GO:0010467" label="gene expression"/>
            <span end="2008" id="16539743-19330" start="1999">expressed</span>
        </annotation>
        <annotation annotator="Mike Bada, University of Colorado Anschutz Medical Campus" id="GO_BP_2016_02_16_Instance_36001" type="identity">
            <class id="GO:0010467" label="gene expression"/>
            <span end="2076" id="16539743-19332" start="2066">expression</span>
        </annotation>
        <annotation annotator="Mike Bada, University of Colorado Anschutz Medical Campus" id="GO_BP_2016_02_16_Instance_181309" type="identity">
            <class id="GO_EXT:transcription" label="transcription"/>
            <span end="2165" id="16539743-19101" start="2150">transcriptional</span>
        </annotation>
        <annotation annotator="Mike Bada, University of Colorado Anschutz Medical Campus" id="GO_BP_2016_02_16_Instance_42231" type="identity">
            <class id="GO:0060041" label="retina development in camera-type eye"/>
            <span end="2274" id="16539743-19485" start="2260">development of</span>
            <span end="2295" id="16539743-19486" start="2289">retina</span>
        </annotation>
        <annotation annotator="Mike Bada, University of Colorado Anschutz Medical Campus" id="GO_BP_2016_02_16_Instance_42285" type="identity">
            <class id="GO:0007601" label="visual perception"/>
            <span end="2658" id="16539743-19498" start="2652">vision</span>
        </annotation>
        <annotation annotator="Mike Bada, University of Colorado Anschutz Medical Campus" id="GO_BP_2016_02_16_Instance_52675" type="identity">
            <class id="GO:0007602" label="phototransduction"/>
            <span end="2677" id="16539743-19591" start="2660">Phototransduction</span>
        </annotation>
        <annotation annotator="Mike Bada, University of Colorado Anschutz Medical Campus" id="GO_BP_2016_02_16_Instance_39527" type="identity">
            <class id="GO:0016037" label="light absorption"/>
            <span end="2785" id="16539743-19354" start="2769">capture of light</span>
        </annotation>
        <annotation annotator="Mike Bada, University of Colorado Anschutz Medical Campus" id="GO_BP_2016_02_16_Instance_52677" type="identity">
            <class id="GO:0007602" label="phototransduction"/>
            <span end="2939" id="16539743-19593" start="2922">phototransduction</span>
        </annotation>
        <annotation annotator="Mike Bada, University of Colorado Anschutz Medical Campus" id="GO_BP_2016_02_16_with_nested_annotations_Instance_1238" type="identity">
            <class id="GO_EXT:reaction_or_response" label="reaction/response"/>
            <span end="3108" id="16539743-19615" start="3100">response</span>
        </annotation>
        <annotation annotator="Mike Bada, University of Colorado Anschutz Medical Campus" id="GO_BP_2016_02_16_Instance_42277" type="identity">
            <class id="GO:0046548" label="retinal rod cell development"/>
            <span end="3305" id="16539743-19496" start="3277">Rod photoreceptor generation</span>
        </annotation>
        <annotation annotator="Mike Bada, University of Colorado Anschutz Medical Campus" id="GO_BP_2016_02_16_Instance_42295" type="identity">
            <class id="GO:0007567" label="parturition"/>
            <span end="3336" id="16539743-19502" start="3331">birth</span>
        </annotation>
        <annotation annotator="Mike Bada, University of Colorado Anschutz Medical Campus" id="GO_BP_2016_02_16_Instance_181311" type="identity">
            <class id="GO_EXT:transcription" label="transcription"/>
            <span end="3662" id="16539743-19103" start="3649">transcription</span>
        </annotation>
        <annotation annotator="Mike Bada, University of Colorado Anschutz Medical Campus" id="GO_BP_2016_02_16_with_nested_annotations_Instance_190022" type="identity">
            <class id="GO:0016568" label="chromatin modification"/>
            <span end="3688" id="16539743-19621" start="3666">chromatin modification</span>
        </annotation>
        <annotation annotator="Mike Bada, University of Colorado Anschutz Medical Campus" id="GO_BP_2016_02_16_Instance_181315" type="identity">
            <class id="GO_EXT:transcription" label="transcription"/>
            <span end="3747" id="16539743-19105" start="3734">transcription</span>
        </annotation>
        <annotation annotator="Mike Bada, University of Colorado Anschutz Medical Campus" id="GO_BP_2016_02_16_Instance_42121" type="identity">
            <class id="GO:0042461" label="photoreceptor cell development"/>
            <span end="3784" id="16539743-19445" start="3759">photoreceptor development</span>
        </annotation>
        <annotation annotator="Mike Bada, University of Colorado Anschutz Medical Campus" id="GO_BP_2016_02_16_Instance_42901" type="identity">
            <class id="GO:0043703" label="photoreceptor cell fate determination"/>
            <span end="3890" id="16539743-19558" start="3867">cell fate determination</span>
            <span end="3937" id="16539743-19559" start="3920">of photoreceptors</span>
        </annotation>
        <annotation annotator="Mike Bada, University of Colorado Anschutz Medical Campus" id="GO_BP_2016_02_16_Instance_240826" type="identity">
            <class id="GO_RO_EXT:developmental_differentiation_process" label="developmental differentiation process"/>
            <span end="3919" id="16539743-19312" start="3904">differentiation</span>
        </annotation>
        <annotation annotator="Mike Bada, University of Colorado Anschutz Medical Campus" id="GO_BP_2016_02_16_Instance_240828" type="identity">
            <class id="GO_RO_EXT:developmental_differentiation_process" label="developmental differentiation process"/>
            <span end="3995" id="16539743-19314" start="3980">differentiating</span>
        </annotation>
        <annotation annotator="Mike Bada, University of Colorado Anschutz Medical Campus" id="GO_BP_2016_02_16_Instance_42297" type="identity">
            <class id="GO:0065007" label="biological regulation"/>
            <span end="4102" id="16539743-19504" start="4094">controls</span>
        </annotation>
        <annotation annotator="Mike Bada, University of Colorado Anschutz Medical Campus" id="GO_BP_2016_02_16_Instance_181317" type="identity">
            <class id="GO_EXT:transcription" label="transcription"/>
            <span end="4120" id="16539743-19107" start="4107">transcription</span>
        </annotation>
        <annotation annotator="Mike Bada, University of Colorado Anschutz Medical Campus" id="GO_BP_2016_02_16_Instance_42305" type="identity">
            <class id="GO:0007602" label="phototransduction"/>
            <span end="4261" id="16539743-19508" start="4244">phototransduction</span>
        </annotation>
        <annotation annotator="Mike Bada, University of Colorado Anschutz Medical Campus" id="GO_BP_2016_02_16_Instance_36685" type="identity">
            <class id="GO:0010467" label="gene expression"/>
            <span end="4316" id="16539743-19334" start="4307">expressed</span>
        </annotation>
        <annotation annotator="Mike Bada, University of Colorado Anschutz Medical Campus" id="GO_BP_2016_02_16_Instance_181319" type="identity">
            <class id="GO_EXT:positive_regulation" label="positive regulation"/>
            <span end="4414" id="16539743-19109" start="4402">upregulation</span>
        </annotation>
        <annotation annotator="Mike Bada, University of Colorado Anschutz Medical Campus" id="GO_BP_2016_02_16_Instance_181321" type="identity">
            <class id="GO_EXT:transcription" label="transcription"/>
            <span end="4435" id="16539743-19111" start="4422">transcription</span>
        </annotation>
        <annotation annotator="Mike Bada, University of Colorado Anschutz Medical Campus" id="GO_BP_2016_02_16_Instance_240830" type="identity">
            <class id="GO_RO_EXT:developmental_differentiation_process" label="developmental differentiation process"/>
            <span end="4474" id="16539743-19316" start="4459">differentiating</span>
        </annotation>
        <annotation annotator="Mike Bada, University of Colorado Anschutz Medical Campus" id="GO_BP_2016_02_16_Instance_181323" type="identity">
            <class id="GO:0007567" label="parturition"/>
            <span end="4502" id="16539743-19113" start="4497">natal</span>
        </annotation>
        <annotation annotator="Mike Bada, University of Colorado Anschutz Medical Campus" id="GO_BP_2016_02_16_Instance_42287" type="identity">
            <class id="GO:0007601" label="visual perception"/>
            <span end="4642" id="16539743-19500" start="4636">visual</span>
        </annotation>
        <annotation annotator="Mike Bada, University of Colorado Anschutz Medical Campus" id="GO_BP_2016_02_16_Instance_42299" type="identity">
            <class id="GO:0065007" label="biological regulation"/>
            <span end="5014" id="16539743-19506" start="5007">control</span>
        </annotation>
        <annotation annotator="Mike Bada, University of Colorado Anschutz Medical Campus" id="GO_BP_2016_02_16_Instance_42123" type="identity">
            <class id="GO:0042461" label="photoreceptor cell development"/>
            <span end="5048" id="16539743-19447" start="5023">photoreceptor development</span>
        </annotation>
        <annotation annotator="Mike Bada, University of Colorado Anschutz Medical Campus" id="GO_BP_2016_02_16_Instance_181325" type="identity">
            <class id="GO_EXT:transcription" label="transcription"/>
            <span end="5075" id="16539743-19115" start="5062">transcription</span>
        </annotation>
        <annotation annotator="Mike Bada, University of Colorado Anschutz Medical Campus" id="GO_BP_2016_02_16_Instance_42153" type="identity">
            <class id="GO:0065007" label="biological regulation"/>
            <span end="5114" id="16539743-19461" start="5106">regulate</span>
        </annotation>
        <annotation annotator="Mike Bada, University of Colorado Anschutz Medical Campus" id="GO_BP_2016_02_16_Instance_52681" type="identity">
            <class id="GO:0007618" label="mating"/>
            <span end="5611" id="16539743-19595" start="5605">mating</span>
        </annotation>
        <annotation annotator="Mike Bada, University of Colorado Anschutz Medical Campus" id="GO_BP_2016_02_16_with_nested_annotations_Instance_21668" type="identity">
            <class id="GO_EXT:cell_communication_or_signaling_or_signal_transduction" label="cell communication, signaling or signal transduction"/>
            <span end="5626" id="16539743-19625" start="5617">signaling</span>
        </annotation>
        <annotation annotator="Mike Bada, University of Colorado Anschutz Medical Campus" id="GO_BP_2016_02_16_Instance_181329" type="identity">
            <class id="GO_EXT:transcription" label="transcription"/>
            <span end="5672" id="16539743-19117" start="5659">transcription</span>
        </annotation>
        <annotation annotator="Mike Bada, University of Colorado Anschutz Medical Campus" id="GO_BP_2016_02_16_Instance_181331" type="identity">
            <class id="GO_EXT:transcription" label="transcription"/>
            <span end="5726" id="16539743-19119" start="5711">transcriptional</span>
        </annotation>
        <annotation annotator="Mike Bada, University of Colorado Anschutz Medical Campus" id="GO_BP_2016_02_16_Instance_52683" type="identity">
            <class id="GO:0016458" label="gene silencing"/>
            <span end="5766" id="16539743-19597" start="5752">gene silencing</span>
        </annotation>
        <annotation annotator="Mike Bada, University of Colorado Anschutz Medical Campus" id="GO_BP_2016_02_16_Instance_42155" type="identity">
            <class id="GO:0065007" label="biological regulation"/>
            <span end="5862" id="16539743-19463" start="5852">regulation</span>
        </annotation>
        <annotation annotator="Mike Bada, University of Colorado Anschutz Medical Campus" id="GO_BP_2016_02_16_Instance_181342" type="identity">
            <class id="CHEBI_GO_EXT:biological_process_or_quality_or_role" label="biological process, quality or role"/>
            <span end="5880" id="16539743-19125" start="5870">biological</span>
        </annotation>
        <annotation annotator="Mike Bada, University of Colorado Anschutz Medical Campus" id="GO_BP_2016_02_16_Instance_41631" type="identity">
            <class id="GO:0016458" label="gene silencing"/>
            <span end="5917" id="16539743-19410" start="5905">silencing of</span>
            <span end="5940" id="16539743-19411" start="5935">genes</span>
        </annotation>
        <annotation annotator="Mike Bada, University of Colorado Anschutz Medical Campus" id="GO_BP_2016_02_16_with_nested_annotations_Instance_190024" type="identity">
            <class id="GO:0016568" label="chromatin modification"/>
            <span end="5972" id="16539743-19623" start="5949">chromatin modifications</span>
        </annotation>
        <annotation annotator="Mike Bada, University of Colorado Anschutz Medical Campus" id="GO_BP_2016_02_16_Instance_36747" type="identity">
            <class id="GO:0010467" label="gene expression"/>
            <span end="6524" id="16539743-19336" start="6515">expressed</span>
        </annotation>
        <annotation annotator="Mike Bada, University of Colorado Anschutz Medical Campus" id="GO_BP_2016_02_16_Instance_240832" type="identity">
            <class id="GO_RO_EXT:developmental_differentiation_process" label="developmental differentiation process"/>
            <span end="6593" id="16539743-19318" start="6578">differentiation</span>
        </annotation>
        <annotation annotator="Mike Bada, University of Colorado Anschutz Medical Campus" id="GO_BP_2016_02_16_Instance_36749" type="identity">
            <class id="GO:0010467" label="gene expression"/>
            <span end="6633" id="16539743-19338" start="6623">expression</span>
        </annotation>
        <annotation annotator="Mike Bada, University of Colorado Anschutz Medical Campus" id="GO_BP_2016_02_16_Instance_42157" type="identity">
            <class id="GO:0065007" label="biological regulation"/>
            <span end="6663" id="16539743-19465" start="6654">regulated</span>
        </annotation>
        <annotation annotator="Mike Bada, University of Colorado Anschutz Medical Campus" id="GO_BP_2016_02_16_with_nested_annotations_Instance_474" type="identity">
            <class id="GO_PATO_EXT:biological_localization_process_or_quality" label="biological localization process or quality"/>
            <span end="6699" id="16539743-19653" start="6690">localized</span>
        </annotation>
        <annotation annotator="Mike Bada, University of Colorado Anschutz Medical Campus" id="GO_BP_2016_02_16_Instance_181335" type="identity">
            <class id="GO_EXT:transcription" label="transcription"/>
            <span end="6875" id="16539743-19121" start="6860">transcriptional</span>
        </annotation>
        <annotation annotator="Mike Bada, University of Colorado Anschutz Medical Campus" id="GO_BP_2016_02_16_Instance_181337" type="identity">
            <class id="GO_EXT:transcription" label="transcription"/>
            <span end="6962" id="16539743-19123" start="6947">transcriptional</span>
        </annotation>
        <annotation annotator="Mike Bada, University of Colorado Anschutz Medical Campus" id="GO_BP_2016_02_16_Instance_181504" type="identity">
            <class id="GO:0042461" label="photoreceptor cell development"/>
            <span end="7017" id="16539743-19281" start="6992">photoreceptor development</span>
        </annotation>
        <annotation annotator="Mike Bada, University of Colorado Anschutz Medical Campus" id="GO_BP_2016_02_16_Instance_37561" type="identity">
            <class id="GO:0010467" label="gene expression"/>
            <span end="7115" id="16539743-19340" start="7106">expressed</span>
        </annotation>
        <annotation annotator="Mike Bada, University of Colorado Anschutz Medical Campus" id="GO_BP_2016_02_16_Instance_42327" type="identity">
            <class id="GO:0006413" label="translational initiation"/>
            <span end="7837" id="16539743-19510" start="7815">translation initiation</span>
        </annotation>
        <annotation annotator="Mike Bada, University of Colorado Anschutz Medical Campus" id="GO_BP_2016_02_16_with_nested_annotations_Instance_476" type="identity">
            <class id="GO_PATO_EXT:biological_localization_process_or_quality" label="biological localization process or quality"/>
            <span end="8787" id="16539743-19655" start="8774">localizations</span>
        </annotation>
        <annotation annotator="Mike Bada, University of Colorado Anschutz Medical Campus" id="GO_BP_2016_02_16_with_nested_annotations_Instance_478" type="identity">
            <class id="GO_PATO_EXT:biological_localization_process_or_quality" label="biological localization process or quality"/>
            <span end="9364" id="16539743-19657" start="9352">localization</span>
        </annotation>
        <annotation annotator="Mike Bada, University of Colorado Anschutz Medical Campus" id="GO_BP_2016_02_16_Instance_42331" type="identity">
            <class id="GO:0043631" label="RNA polyadenylation"/>
            <span end="9423" id="16539743-19512" start="9408">polyadenylation</span>
        </annotation>
        <annotation annotator="Mike Bada, University of Colorado Anschutz Medical Campus" id="GO_BP_2016_02_16_Instance_38253" type="identity">
            <class id="GO:0010467" label="gene expression"/>
            <span end="10276" id="16539743-19342" start="10266">Expression</span>
        </annotation>
        <annotation annotator="Mike Bada, University of Colorado Anschutz Medical Campus" id="GO_BP_2016_02_16_Instance_38255" type="identity">
            <class id="GO:0010467" label="gene expression"/>
            <span end="10362" id="16539743-19344" start="10352">expression</span>
        </annotation>
        <annotation annotator="Mike Bada, University of Colorado Anschutz Medical Campus" id="GO_BP_2016_02_16_Instance_230716" type="identity">
            <class id="GO:0010467" label="gene expression"/>
            <span end="10569" id="16539743-19302" start="10559">expression</span>
        </annotation>
        <annotation annotator="Mike Bada, University of Colorado Anschutz Medical Campus" id="GO_BP_2016_02_16_Instance_38369" type="identity">
            <class id="GO:0010467" label="gene expression"/>
            <span end="11015" id="16539743-19346" start="11005">expression</span>
        </annotation>
        <annotation annotator="Mike Bada, University of Colorado Anschutz Medical Campus" id="GO_BP_2016_02_16_Instance_38679" type="identity">
            <class id="GO:0010467" label="gene expression"/>
            <span end="11121" id="16539743-19348" start="11111">expressing</span>
        </annotation>
        <annotation annotator="Mike Bada, University of Colorado Anschutz Medical Campus" id="GO_BP_2016_02_16_Instance_52691" type="identity">
            <class id="GO:0007602" label="phototransduction"/>
            <span end="11159" id="16539743-19599" start="11142">phototransduction</span>
        </annotation>
        <annotation annotator="Mike Bada, University of Colorado Anschutz Medical Campus" id="GO_BP_2016_02_16_with_nested_annotations_Instance_480" type="identity">
            <class id="GO_PATO_EXT:biological_localization_process_or_quality" label="biological localization process or quality"/>
            <span end="11272" id="16539743-19659" start="11263">localized</span>
        </annotation>
        <annotation annotator="Mike Bada, University of Colorado Anschutz Medical Campus" id="GO_BP_2016_02_16_Instance_38681" type="identity">
            <class id="GO:0010467" label="gene expression"/>
            <span end="11340" id="16539743-19350" start="11330">expression</span>
        </annotation>
        <annotation annotator="Mike Bada, University of Colorado Anschutz Medical Campus" id="GO_BP_2016_02_16_Instance_38751" type="identity">
            <class id="GO:0010467" label="gene expression"/>
            <span end="11449" id="16539743-19352" start="11439">expression</span>
        </annotation>
        <annotation annotator="Mike Bada, University of Colorado Anschutz Medical Campus" id="GO_BP_2016_02_16_Instance_39795" type="identity">
            <class id="GO:0010467" label="gene expression"/>
            <span end="11516" id="16539743-19356" start="11506">expression</span>
        </annotation>
        <annotation annotator="Mike Bada, University of Colorado Anschutz Medical Campus" id="GO_BP_2016_02_16_Instance_42251" type="identity">
            <class id="GO:0060041" label="retina development in camera-type eye"/>
            <span end="11538" id="16539743-19488" start="11524">development of</span>
            <span end="11555" id="16539743-19489" start="11549">retina</span>
        </annotation>
        <annotation annotator="Mike Bada, University of Colorado Anschutz Medical Campus" id="GO_BP_2016_02_16_Instance_39797" type="identity">
            <class id="GO:0010467" label="gene expression"/>
            <span end="11955" id="16539743-19358" start="11945">expression</span>
        </annotation>
        <annotation annotator="Mike Bada, University of Colorado Anschutz Medical Campus" id="GO_BP_2016_02_16_Instance_181344" type="identity">
            <class id="GO_EXT:reverse_transcription_or_reverse_transcriptase" label="reverse transcription or reverse transcriptase"/>
            <span end="12033" id="16539743-19127" start="12031">RT</span>
        </annotation>
        <annotation annotator="Mike Bada, University of Colorado Anschutz Medical Campus" id="GO_BP_2016_02_16_Instance_39799" type="identity">
            <class id="GO:0010467" label="gene expression"/>
            <span end="12465" id="16539743-19360" start="12455">expression</span>
        </annotation>
        <annotation annotator="Mike Bada, University of Colorado Anschutz Medical Campus" id="GO_BP_2016_02_16_Instance_230718" type="identity">
            <class id="GO:0010467" label="gene expression"/>
            <span end="12481" id="16539743-19304" start="12471">expression</span>
        </annotation>
        <annotation annotator="Mike Bada, University of Colorado Anschutz Medical Campus" id="GO_BP_2016_02_16_Instance_42341" type="identity">
            <class id="GO:0000380" label="alternative mRNA splicing, via spliceosome"/>
            <span end="12818" id="16539743-19514" start="12799">alternative spliced</span>
        </annotation>
        <annotation annotator="Mike Bada, University of Colorado Anschutz Medical Campus" id="GO_BP_2016_02_16_Instance_39803" type="identity">
            <class id="GO:0010467" label="gene expression"/>
            <span end="12977" id="16539743-19362" start="12970">express</span>
        </annotation>
        <annotation annotator="Mike Bada, University of Colorado Anschutz Medical Campus" id="GO_BP_2016_02_16_Instance_39805" type="identity">
            <class id="GO:0010467" label="gene expression"/>
            <span end="13123" id="16539743-19364" start="13114">expressed</span>
        </annotation>
        <annotation annotator="Mike Bada, University of Colorado Anschutz Medical Campus" id="GO_BP_2016_02_16_Instance_39807" type="identity">
            <class id="GO:0010467" label="gene expression"/>
            <span end="13176" id="16539743-19366" start="13166">expression</span>
        </annotation>
        <annotation annotator="Mike Bada, University of Colorado Anschutz Medical Campus" id="GO_BP_2016_02_16_Instance_181346" type="identity">
            <class id="GO_EXT:reverse_transcription_or_reverse_transcriptase" label="reverse transcription or reverse transcriptase"/>
            <span end="13305" id="16539743-19129" start="13303">RT</span>
        </annotation>
        <annotation annotator="Mike Bada, University of Colorado Anschutz Medical Campus" id="GO_BP_2016_02_16_Instance_39809" type="identity">
            <class id="GO:0010467" label="gene expression"/>
            <span end="13597" id="16539743-19368" start="13588">expressed</span>
        </annotation>
        <annotation annotator="Mike Bada, University of Colorado Anschutz Medical Campus" id="GO_BP_2016_02_16_Instance_181348" type="identity">
            <class id="GO_EXT:reverse_transcription_or_reverse_transcriptase" label="reverse transcription or reverse transcriptase"/>
            <span end="13697" id="16539743-19131" start="13695">RT</span>
        </annotation>
        <annotation annotator="Mike Bada, University of Colorado Anschutz Medical Campus" id="GO_BP_2016_02_16_Instance_39901" type="identity">
            <class id="GO:0010467" label="gene expression"/>
            <span end="13824" id="16539743-19370" start="13815">expressed</span>
        </annotation>
        <annotation annotator="Mike Bada, University of Colorado Anschutz Medical Campus" id="GO_BP_2016_02_16_Instance_181350" type="identity">
            <class id="GO:0065007" label="biological regulation"/>
            <span end="13887" id="16539743-19133" start="13877">Regulation</span>
        </annotation>
        <annotation annotator="Mike Bada, University of Colorado Anschutz Medical Campus" id="GO_BP_2016_02_16_Instance_181352" type="identity">
            <class id="GO_EXT:transcription" label="transcription"/>
            <span end="13909" id="16539743-19135" start="13896">transcription</span>
        </annotation>
        <annotation annotator="Mike Bada, University of Colorado Anschutz Medical Campus" id="GO_BP_2016_02_16_Instance_181354" type="identity">
            <class id="GO_EXT:transcription" label="transcription"/>
            <span end="13951" id="16539743-19137" start="13938">Transcription</span>
        </annotation>
        <annotation annotator="Mike Bada, University of Colorado Anschutz Medical Campus" id="GO_BP_2016_02_16_Instance_181356" type="identity">
            <class id="GO_EXT:regulator" label="regulator"/>
            <span end="14003" id="16539743-19139" start="13993">regulators</span>
        </annotation>
        <annotation annotator="Mike Bada, University of Colorado Anschutz Medical Campus" id="GO_BP_2016_02_16_Instance_181506" type="identity">
            <class id="GO:0042461" label="photoreceptor cell development"/>
            <span end="14040" id="16539743-19283" start="14015">photoreceptor development</span>
        </annotation>
        <annotation annotator="Mike Bada, University of Colorado Anschutz Medical Campus" id="GO_BP_2016_02_16_Instance_41099" type="identity">
            <class id="GO:0010467" label="gene expression"/>
            <span end="14090" id="16539743-19372" start="14081">expressed</span>
        </annotation>
        <annotation annotator="Mike Bada, University of Colorado Anschutz Medical Campus" id="GO_BP_2016_02_16_Instance_41101" type="identity">
            <class id="GO:0010467" label="gene expression"/>
            <span end="14178" id="16539743-19374" start="14169">expressed</span>
        </annotation>
        <annotation annotator="Mike Bada, University of Colorado Anschutz Medical Campus" id="GO_BP_2016_02_16_Instance_181358" type="identity">
            <class id="GO:0007567" label="parturition"/>
            <span end="14195" id="16539743-19141" start="14190">natal</span>
        </annotation>
        <annotation annotator="Mike Bada, University of Colorado Anschutz Medical Campus" id="GO_BP_2016_02_16_Instance_42159" type="identity">
            <class id="GO:0065007" label="biological regulation"/>
            <span end="14249" id="16539743-19467" start="14240">regulated</span>
        </annotation>
        <annotation annotator="Mike Bada, University of Colorado Anschutz Medical Campus" id="GO_BP_2016_02_16_Instance_42161" type="identity">
            <class id="GO:0065007" label="biological regulation"/>
            <span end="14287" id="16539743-19469" start="14278">regulates</span>
        </annotation>
        <annotation annotator="Mike Bada, University of Colorado Anschutz Medical Campus" id="GO_BP_2016_02_16_Instance_181360" type="identity">
            <class id="GO_EXT:transcription" label="transcription"/>
            <span end="14306" id="16539743-19143" start="14293">transcription</span>
        </annotation>
        <annotation annotator="Mike Bada, University of Colorado Anschutz Medical Campus" id="GO_BP_2016_02_16_Instance_181362" type="identity">
            <class id="GO_EXT:transcription" label="transcription"/>
            <span end="14592" id="16539743-19145" start="14579">transcription</span>
        </annotation>
        <annotation annotator="Mike Bada, University of Colorado Anschutz Medical Campus" id="GO_BP_2016_02_16_Instance_42163" type="identity">
            <class id="GO:0065007" label="biological regulation"/>
            <span end="14618" id="16539743-19471" start="14609">regulated</span>
        </annotation>
        <annotation annotator="Mike Bada, University of Colorado Anschutz Medical Campus" id="GO_BP_2016_02_16_Instance_181364" type="identity">
            <class id="GO_EXT:reverse_transcription_or_reverse_transcriptase" label="reverse transcription or reverse transcriptase"/>
            <span end="14649" id="16539743-19147" start="14647">RT</span>
        </annotation>
        <annotation annotator="Mike Bada, University of Colorado Anschutz Medical Campus" id="GO_BP_2016_02_16_Instance_181366" type="identity">
            <class id="GO_EXT:transcription" label="transcription"/>
            <span end="14698" id="16539743-19149" start="14683">transcriptional</span>
        </annotation>
        <annotation annotator="Mike Bada, University of Colorado Anschutz Medical Campus" id="GO_BP_2016_02_16_Instance_181368" type="identity">
            <class id="GO_EXT:transcription" label="transcription"/>
            <span end="14810" id="16539743-19151" start="14797">transcription</span>
        </annotation>
        <annotation annotator="Mike Bada, University of Colorado Anschutz Medical Campus" id="GO_BP_2016_02_16_Instance_181370" type="identity">
            <class id="GO_EXT:negative_regulation" label="negative regulation"/>
            <span end="14842" id="16539743-19153" start="14829">downregulated</span>
        </annotation>
        <annotation annotator="Mike Bada, University of Colorado Anschutz Medical Campus" id="GO_BP_2016_02_16_Instance_181372" type="identity">
            <class id="GO_EXT:transcription" label="transcription"/>
            <span end="14930" id="16539743-19155" start="14917">transcription</span>
        </annotation>
        <annotation annotator="Mike Bada, University of Colorado Anschutz Medical Campus" id="GO_BP_2016_02_16_Instance_42167" type="identity">
            <class id="GO:0065007" label="biological regulation"/>
            <span end="14943" id="16539743-19473" start="14934">regulated</span>
        </annotation>
        <annotation annotator="Mike Bada, University of Colorado Anschutz Medical Campus" id="GO_BP_2016_02_16_Instance_181374" type="identity">
            <class id="GO_EXT:transcription" label="transcription"/>
            <span end="15030" id="16539743-19157" start="15017">transcription</span>
        </annotation>
        <annotation annotator="Mike Bada, University of Colorado Anschutz Medical Campus" id="GO_BP_2016_02_16_Instance_42169" type="identity">
            <class id="GO:0065007" label="biological regulation"/>
            <span end="15051" id="16539743-19475" start="15042">regulated</span>
        </annotation>
        <annotation annotator="Mike Bada, University of Colorado Anschutz Medical Campus" id="GO_BP_2016_02_16_Instance_41103" type="identity">
            <class id="GO:0010467" label="gene expression"/>
            <span end="15198" id="16539743-19376" start="15188">expression</span>
        </annotation>
        <annotation annotator="Mike Bada, University of Colorado Anschutz Medical Campus" id="GO_BP_2016_02_16_Instance_181376" type="identity">
            <class id="GO_EXT:reverse_transcription_or_reverse_transcriptase" label="reverse transcription or reverse transcriptase"/>
            <span end="15274" id="16539743-19159" start="15272">RT</span>
        </annotation>
        <annotation annotator="Mike Bada, University of Colorado Anschutz Medical Campus" id="GO_BP_2016_02_16_Instance_181378" type="identity">
            <class id="GO_EXT:reverse_transcription_or_reverse_transcriptase" label="reverse transcription or reverse transcriptase"/>
            <span end="15521" id="16539743-19161" start="15519">RT</span>
        </annotation>
        <annotation annotator="Mike Bada, University of Colorado Anschutz Medical Campus" id="GO_BP_2016_02_16_Instance_181380" type="identity">
            <class id="GO_EXT:transcription" label="transcription"/>
            <span end="15579" id="16539743-19163" start="15566">transcription</span>
        </annotation>
        <annotation annotator="Mike Bada, University of Colorado Anschutz Medical Campus" id="GO_BP_2016_02_16_Instance_42847" type="identity">
            <class id="GO:0009294" label="DNA mediated transformation"/>
            <span end="15759" id="16539743-19520" start="15748">transfected</span>
        </annotation>
        <annotation annotator="Mike Bada, University of Colorado Anschutz Medical Campus" id="GO_BP_2016_02_16_Instance_42849" type="identity">
            <class id="GO:0009294" label="DNA mediated transformation"/>
            <span end="15909" id="16539743-19522" start="15898">transfected</span>
        </annotation>
        <annotation annotator="Mike Bada, University of Colorado Anschutz Medical Campus" id="GO_BP_2016_02_16_Instance_41105" type="identity">
            <class id="GO:0010467" label="gene expression"/>
            <span end="15933" id="16539743-19378" start="15923">expression</span>
        </annotation>
        <annotation annotator="Mike Bada, University of Colorado Anschutz Medical Campus" id="GO_BP_2016_02_16_Instance_42171" type="identity">
            <class id="GO:0065007" label="biological regulation"/>
            <span end="16085" id="16539743-19477" start="16076">regulates</span>
        </annotation>
        <annotation annotator="Mike Bada, University of Colorado Anschutz Medical Campus" id="GO_BP_2016_02_16_Instance_181382" type="identity">
            <class id="GO_EXT:transcription" label="transcription"/>
            <span end="16104" id="16539743-19165" start="16091">transcription</span>
        </annotation>
        <annotation annotator="Mike Bada, University of Colorado Anschutz Medical Campus" id="GO_BP_2016_02_16_Instance_41107" type="identity">
            <class id="GO:0010467" label="gene expression"/>
            <span end="16313" id="16539743-19380" start="16303">expression</span>
        </annotation>
        <annotation annotator="Mike Bada, University of Colorado Anschutz Medical Campus" id="GO_BP_2016_02_16_Instance_181384" type="identity">
            <class id="GO_EXT:positive_regulation" label="positive regulation"/>
            <span end="16508" id="16539743-19167" start="16497">upregulated</span>
        </annotation>
        <annotation annotator="Mike Bada, University of Colorado Anschutz Medical Campus" id="GO_BP_2016_02_16_Instance_41365" type="identity">
            <class id="GO:0010467" label="gene expression"/>
            <span end="16540" id="16539743-19382" start="16530">expression</span>
        </annotation>
        <annotation annotator="Mike Bada, University of Colorado Anschutz Medical Campus" id="GO_BP_2016_02_16_Instance_41367" type="identity">
            <class id="GO:0010467" label="gene expression"/>
            <span end="16668" id="16539743-19384" start="16658">expression</span>
        </annotation>
        <annotation annotator="Mike Bada, University of Colorado Anschutz Medical Campus" id="GO_BP_2016_02_16_Instance_181386" type="identity">
            <class id="GO_EXT:transcription" label="transcription"/>
            <span end="16747" id="16539743-19169" start="16732">transcriptional</span>
        </annotation>
        <annotation annotator="Mike Bada, University of Colorado Anschutz Medical Campus" id="GO_BP_2016_02_16_Instance_52693" type="identity">
            <class id="GO:0010467" label="gene expression"/>
            <span end="16925" id="16539743-19601" start="16910">gene expression</span>
        </annotation>
        <annotation annotator="Mike Bada, University of Colorado Anschutz Medical Campus" id="GO_BP_2016_02_16_Instance_181388" type="identity">
            <class id="GO_EXT:positive_regulation" label="positive regulation"/>
            <span end="16945" id="16539743-19171" start="16934">upregulated</span>
        </annotation>
        <annotation annotator="Mike Bada, University of Colorado Anschutz Medical Campus" id="GO_BP_2016_02_16_Instance_41431" type="identity">
            <class id="GO:0010467" label="gene expression"/>
            <span end="16978" id="16539743-19386" start="16968">expression</span>
        </annotation>
        <annotation annotator="Mike Bada, University of Colorado Anschutz Medical Campus" id="GO_BP_2016_02_16_Instance_41433" type="identity">
            <class id="GO:0010467" label="gene expression"/>
            <span end="17072" id="16539743-19388" start="17062">expression</span>
        </annotation>
        <annotation annotator="Mike Bada, University of Colorado Anschutz Medical Campus" id="GO_BP_2016_02_16_Instance_41435" type="identity">
            <class id="GO:0010467" label="gene expression"/>
            <span end="17364" id="16539743-19390" start="17354">expression</span>
        </annotation>
        <annotation annotator="Mike Bada, University of Colorado Anschutz Medical Campus" id="GO_BP_2016_02_16_Instance_41437" type="identity">
            <class id="GO:0010467" label="gene expression"/>
            <span end="17403" id="16539743-19392" start="17393">expression</span>
        </annotation>
        <annotation annotator="Mike Bada, University of Colorado Anschutz Medical Campus" id="GO_BP_2016_02_16_Instance_181390" type="identity">
            <class id="GO_EXT:transcription" label="transcription"/>
            <span end="17601" id="16539743-19173" start="17588">transcription</span>
        </annotation>
        <annotation annotator="Mike Bada, University of Colorado Anschutz Medical Campus" id="GO_BP_2016_02_16_Instance_42177" type="identity">
            <class id="GO:0065007" label="biological regulation"/>
            <span end="17623" id="16539743-19479" start="17614">regulated</span>
        </annotation>
        <annotation annotator="Mike Bada, University of Colorado Anschutz Medical Campus" id="GO_BP_2016_02_16_Instance_41565" type="identity">
            <class id="GO:0010467" label="gene expression"/>
            <span end="17810" id="16539743-19394" start="17800">expression</span>
        </annotation>
        <annotation annotator="Mike Bada, University of Colorado Anschutz Medical Campus" id="GO_BP_2016_02_16_Instance_42853" type="identity">
            <class id="GO:0009294" label="DNA mediated transformation"/>
            <span end="18046" id="16539743-19524" start="18035">transfected</span>
        </annotation>
        <annotation annotator="Mike Bada, University of Colorado Anschutz Medical Campus" id="GO_BP_2016_02_16_Instance_181392" type="identity">
            <class id="GO_EXT:transcription" label="transcription"/>
            <span end="18198" id="16539743-19175" start="18185">transcription</span>
        </annotation>
        <annotation annotator="Mike Bada, University of Colorado Anschutz Medical Campus" id="GO_BP_2016_02_16_Instance_181394" type="identity">
            <class id="GO:0065007" label="biological regulation"/>
            <span end="18252" id="16539743-19177" start="18242">regulation</span>
        </annotation>
        <annotation annotator="Mike Bada, University of Colorado Anschutz Medical Campus" id="GO_BP_2016_02_16_Instance_181396" type="identity">
            <class id="GO_EXT:transcription" label="transcription"/>
            <span end="18274" id="16539743-19179" start="18261">transcription</span>
        </annotation>
        <annotation annotator="Mike Bada, University of Colorado Anschutz Medical Campus" id="GO_BP_2016_02_16_Instance_181398" type="identity">
            <class id="GO_EXT:transcription" label="transcription"/>
            <span end="18795" id="16539743-19181" start="18780">transcriptional</span>
        </annotation>
        <annotation annotator="Mike Bada, University of Colorado Anschutz Medical Campus" id="GO_BP_2016_02_16_Instance_181400" type="identity">
            <class id="GO_EXT:transcription" label="transcription"/>
            <span end="19309" id="16539743-19183" start="19296">transcription</span>
        </annotation>
        <annotation annotator="Mike Bada, University of Colorado Anschutz Medical Campus" id="GO_BP_2016_02_16_Instance_181402" type="identity">
            <class id="GO_EXT:transcription" label="transcription"/>
            <span end="19437" id="16539743-19185" start="19422">transcriptional</span>
        </annotation>
        <annotation annotator="Mike Bada, University of Colorado Anschutz Medical Campus" id="GO_BP_2016_02_16_Instance_42345" type="identity">
            <class id="GO:0009294" label="DNA mediated transformation"/>
            <span end="19524" id="16539743-19516" start="19513">transformed</span>
        </annotation>
        <annotation annotator="Mike Bada, University of Colorado Anschutz Medical Campus" id="GO_BP_2016_02_16_Instance_41567" type="identity">
            <class id="GO:0010467" label="gene expression"/>
            <span end="19685" id="16539743-19396" start="19675">expression</span>
        </annotation>
        <annotation annotator="Mike Bada, University of Colorado Anschutz Medical Campus" id="GO_BP_2016_02_16_Instance_181404" type="identity">
            <class id="GO_EXT:transcription" label="transcription"/>
            <span end="19874" id="16539743-19187" start="19861">transcription</span>
        </annotation>
        <annotation annotator="Mike Bada, University of Colorado Anschutz Medical Campus" id="GO_BP_2016_02_16_Instance_181406" type="identity">
            <class id="GO_EXT:transcription" label="transcription"/>
            <span end="19974" id="16539743-19189" start="19961">transcription</span>
        </annotation>
        <annotation annotator="Mike Bada, University of Colorado Anschutz Medical Campus" id="GO_BP_2016_02_16_Instance_181408" type="identity">
            <class id="GO_EXT:transcription" label="transcription"/>
            <span end="20135" id="16539743-19191" start="20122">transcription</span>
        </annotation>
        <annotation annotator="Mike Bada, University of Colorado Anschutz Medical Campus" id="GO_BP_2016_02_16_Instance_41569" type="identity">
            <class id="GO:0010467" label="gene expression"/>
            <span end="20215" id="16539743-19398" start="20205">expression</span>
        </annotation>
        <annotation annotator="Mike Bada, University of Colorado Anschutz Medical Campus" id="GO_BP_2016_02_16_Instance_41571" type="identity">
            <class id="GO:0010467" label="gene expression"/>
            <span end="21166" id="16539743-19400" start="21156">expression</span>
        </annotation>
        <annotation annotator="Mike Bada, University of Colorado Anschutz Medical Campus" id="GO_BP_2016_02_16_Instance_42855" type="identity">
            <class id="GO:0009294" label="DNA mediated transformation"/>
            <span end="21679" id="16539743-19526" start="21667">transfection</span>
        </annotation>
        <annotation annotator="Mike Bada, University of Colorado Anschutz Medical Campus" id="GO_BP_2016_02_16_Instance_42859" type="identity">
            <class id="GO:0009294" label="DNA mediated transformation"/>
            <span end="22219" id="16539743-19528" start="22207">transfection</span>
        </annotation>
        <annotation annotator="Mike Bada, University of Colorado Anschutz Medical Campus" id="GO_BP_2016_02_16_Instance_42861" type="identity">
            <class id="GO:0009294" label="DNA mediated transformation"/>
            <span end="22369" id="16539743-19530" start="22358">transfected</span>
        </annotation>
        <annotation annotator="Mike Bada, University of Colorado Anschutz Medical Campus" id="GO_BP_2016_02_16_Instance_42863" type="identity">
            <class id="GO:0009294" label="DNA mediated transformation"/>
            <span end="22913" id="16539743-19532" start="22902">transfected</span>
        </annotation>
        <annotation annotator="Mike Bada, University of Colorado Anschutz Medical Campus" id="GO_BP_2016_02_16_with_nested_annotations_Instance_21952" type="identity">
            <class id="GO_EXT:biological_direction_or_guidance" label="biological direction/guidance"/>
            <span end="23112" id="16539743-19627" start="23104">directed</span>
        </annotation>
        <annotation annotator="Mike Bada, University of Colorado Anschutz Medical Campus" id="GO_BP_2016_02_16_Instance_42865" type="identity">
            <class id="GO:0009294" label="DNA mediated transformation"/>
            <span end="23186" id="16539743-19534" start="23175">transfected</span>
        </annotation>
        <annotation annotator="Mike Bada, University of Colorado Anschutz Medical Campus" id="GO_BP_2016_02_16_with_nested_annotations_Instance_21954" type="identity">
            <class id="GO_EXT:biological_direction_or_guidance" label="biological direction/guidance"/>
            <span end="23398" id="16539743-19629" start="23390">directed</span>
        </annotation>
        <annotation annotator="Mike Bada, University of Colorado Anschutz Medical Campus" id="GO_BP_2016_02_16_with_nested_annotations_Instance_21956" type="identity">
            <class id="GO_EXT:biological_direction_or_guidance" label="biological direction/guidance"/>
            <span end="23789" id="16539743-19631" start="23781">directed</span>
        </annotation>
        <annotation annotator="Mike Bada, University of Colorado Anschutz Medical Campus" id="GO_BP_2016_02_16_with_nested_annotations_Instance_482" type="identity">
            <class id="GO_PATO_EXT:biological_localization_process_or_quality" label="biological localization process or quality"/>
            <span end="24310" id="16539743-19661" start="24298">localization</span>
        </annotation>
        <annotation annotator="Mike Bada, University of Colorado Anschutz Medical Campus" id="GO_BP_2016_02_16_with_nested_annotations_Instance_484" type="identity">
            <class id="GO_PATO_EXT:biological_localization_process_or_quality" label="biological localization process or quality"/>
            <span end="24380" id="16539743-19663" start="24368">localization</span>
        </annotation>
        <annotation annotator="Mike Bada, University of Colorado Anschutz Medical Campus" id="GO_BP_2016_02_16_with_nested_annotations_Instance_486" type="identity">
            <class id="GO_PATO_EXT:biological_localization_process_or_quality" label="biological localization process or quality"/>
            <span end="24488" id="16539743-19665" start="24479">localizes</span>
        </annotation>
        <annotation annotator="Mike Bada, University of Colorado Anschutz Medical Campus" id="GO_BP_2016_02_16_with_nested_annotations_Instance_488" type="identity">
            <class id="GO_PATO_EXT:biological_localization_process_or_quality" label="biological localization process or quality"/>
            <span end="24546" id="16539743-19667" start="24534">localization</span>
        </annotation>
        <annotation annotator="Mike Bada, University of Colorado Anschutz Medical Campus" id="GO_BP_2016_02_16_with_nested_annotations_Instance_490" type="identity">
            <class id="GO_PATO_EXT:biological_localization_process_or_quality" label="biological localization process or quality"/>
            <span end="24705" id="16539743-19669" start="24696">localized</span>
        </annotation>
        <annotation annotator="Mike Bada, University of Colorado Anschutz Medical Campus" id="GO_BP_2016_02_16_with_nested_annotations_Instance_492" type="identity">
            <class id="GO_PATO_EXT:biological_localization_process_or_quality" label="biological localization process or quality"/>
            <span end="24794" id="16539743-19671" start="24782">localization</span>
        </annotation>
        <annotation annotator="Mike Bada, University of Colorado Anschutz Medical Campus" id="GO_BP_2016_02_16_with_nested_annotations_Instance_494" type="identity">
            <class id="GO_PATO_EXT:biological_localization_process_or_quality" label="biological localization process or quality"/>
            <span end="24926" id="16539743-19673" start="24917">localizes</span>
        </annotation>
        <annotation annotator="Mike Bada, University of Colorado Anschutz Medical Campus" id="GO_BP_2016_02_16_Instance_181410" type="identity">
            <class id="GO_EXT:transcription" label="transcription"/>
            <span end="25049" id="16539743-19193" start="25034">transcriptional</span>
        </annotation>
        <annotation annotator="Mike Bada, University of Colorado Anschutz Medical Campus" id="GO_BP_2016_02_16_Instance_181412" type="identity">
            <class id="GO:0065007" label="biological regulation"/>
            <span end="25060" id="16539743-19195" start="25050">regulation</span>
        </annotation>
        <annotation annotator="Mike Bada, University of Colorado Anschutz Medical Campus" id="GO_BP_2016_02_16_with_nested_annotations_Instance_496" type="identity">
            <class id="GO_PATO_EXT:biological_localization_process_or_quality" label="biological localization process or quality"/>
            <span end="25118" id="16539743-19675" start="25106">localization</span>
        </annotation>
        <annotation annotator="Mike Bada, University of Colorado Anschutz Medical Campus" id="GO_BP_2016_02_16_Instance_42871" type="identity">
            <class id="GO:0009294" label="DNA mediated transformation"/>
            <span end="25196" id="16539743-19536" start="25185">transfected</span>
        </annotation>
        <annotation annotator="Mike Bada, University of Colorado Anschutz Medical Campus" id="GO_BP_2016_02_16_Instance_181414" type="identity">
            <class id="GO_EXT:transcription" label="transcription"/>
            <span end="25439" id="16539743-19197" start="25424">transcriptional</span>
        </annotation>
        <annotation annotator="Mike Bada, University of Colorado Anschutz Medical Campus" id="GO_BP_2016_02_16_Instance_181416" type="identity">
            <class id="GO_EXT:transcription" label="transcription"/>
            <span end="25584" id="16539743-19199" start="25569">transcriptional</span>
        </annotation>
        <annotation annotator="Mike Bada, University of Colorado Anschutz Medical Campus" id="GO_BP_2016_02_16_Instance_181418" type="identity">
            <class id="GO_EXT:transcription" label="transcription"/>
            <span end="25698" id="16539743-19201" start="25683">transcriptional</span>
        </annotation>
        <annotation annotator="Mike Bada, University of Colorado Anschutz Medical Campus" id="GO_BP_2016_02_16_Instance_41573" type="identity">
            <class id="GO:0010467" label="gene expression"/>
            <span end="25962" id="16539743-19402" start="25955">express</span>
        </annotation>
        <annotation annotator="Mike Bada, University of Colorado Anschutz Medical Campus" id="GO_BP_2016_02_16_Instance_42873" type="identity">
            <class id="GO:0009294" label="DNA mediated transformation"/>
            <span end="26275" id="16539743-19538" start="26264">transfected</span>
        </annotation>
        <annotation annotator="Mike Bada, University of Colorado Anschutz Medical Campus" id="GO_BP_2016_02_16_Instance_52699" type="identity">
            <class id="GO:0010467" label="gene expression"/>
            <span end="26915" id="16539743-19603" start="26900">gene expression</span>
        </annotation>
        <annotation annotator="Mike Bada, University of Colorado Anschutz Medical Campus" id="GO_BP_2016_02_16_Instance_181420" type="identity">
            <class id="GO_EXT:transcription" label="transcription"/>
            <span end="27009" id="16539743-19203" start="26994">transcriptional</span>
        </annotation>
        <annotation annotator="Mike Bada, University of Colorado Anschutz Medical Campus" id="GO_BP_2016_02_16_Instance_181422" type="identity">
            <class id="GO_EXT:transcription" label="transcription"/>
            <span end="27164" id="16539743-19205" start="27149">transcriptional</span>
        </annotation>
        <annotation annotator="Mike Bada, University of Colorado Anschutz Medical Campus" id="GO_BP_2016_02_16_with_nested_annotations_Instance_21958" type="identity">
            <class id="GO_EXT:biological_direction_or_guidance" label="biological direction/guidance"/>
            <span end="27194" id="16539743-19633" start="27186">directed</span>
        </annotation>
        <annotation annotator="Mike Bada, University of Colorado Anschutz Medical Campus" id="GO_BP_2016_02_16_Instance_181424" type="identity">
            <class id="GO_EXT:transcription" label="transcription"/>
            <span end="27486" id="16539743-19207" start="27471">transcriptional</span>
        </annotation>
        <annotation annotator="Mike Bada, University of Colorado Anschutz Medical Campus" id="GO_BP_2016_02_16_Instance_181426" type="identity">
            <class id="GO_EXT:transcription" label="transcription"/>
            <span end="27576" id="16539743-19209" start="27563">transcription</span>
        </annotation>
        <annotation annotator="Mike Bada, University of Colorado Anschutz Medical Campus" id="GO_BP_2016_02_16_Instance_181428" type="identity">
            <class id="GO_EXT:transcription" label="transcription"/>
            <span end="27649" id="16539743-19211" start="27634">transcriptional</span>
        </annotation>
        <annotation annotator="Mike Bada, University of Colorado Anschutz Medical Campus" id="GO_BP_2016_02_16_Instance_42875" type="identity">
            <class id="GO:0009294" label="DNA mediated transformation"/>
            <span end="28032" id="16539743-19540" start="28021">transfected</span>
        </annotation>
        <annotation annotator="Mike Bada, University of Colorado Anschutz Medical Campus" id="GO_BP_2016_02_16_Instance_181430" type="identity">
            <class id="GO_EXT:transcription" label="transcription"/>
            <span end="28100" id="16539743-19213" start="28085">transcriptional</span>
        </annotation>
        <annotation annotator="Mike Bada, University of Colorado Anschutz Medical Campus" id="GO_BP_2016_02_16_Instance_42877" type="identity">
            <class id="GO:0009294" label="DNA mediated transformation"/>
            <span end="28518" id="16539743-19542" start="28506">transfection</span>
        </annotation>
        <annotation annotator="Mike Bada, University of Colorado Anschutz Medical Campus" id="GO_BP_2016_02_16_Instance_181432" type="identity">
            <class id="GO_EXT:transcription" label="transcription"/>
            <span end="28829" id="16539743-19215" start="28814">transcriptional</span>
        </annotation>
        <annotation annotator="Mike Bada, University of Colorado Anschutz Medical Campus" id="GO_BP_2016_02_16_Instance_181434" type="identity">
            <class id="GO_EXT:transcription" label="transcription"/>
            <span end="28986" id="16539743-19217" start="28971">transcriptional</span>
        </annotation>
        <annotation annotator="Mike Bada, University of Colorado Anschutz Medical Campus" id="GO_BP_2016_02_16_Instance_181436" type="identity">
            <class id="GO_EXT:transcription" label="transcription"/>
            <span end="29140" id="16539743-19219" start="29125">transcriptional</span>
        </annotation>
        <annotation annotator="Mike Bada, University of Colorado Anschutz Medical Campus" id="GO_BP_2016_02_16_Instance_181438" type="identity">
            <class id="GO_EXT:transcription" label="transcription"/>
            <span end="29534" id="16539743-19221" start="29519">transcriptional</span>
        </annotation>
        <annotation annotator="Mike Bada, University of Colorado Anschutz Medical Campus" id="GO_BP_2016_02_16_Instance_42131" type="identity">
            <class id="GO:0042461" label="photoreceptor cell development"/>
            <span end="29581" id="16539743-19449" start="29556">photoreceptor development</span>
        </annotation>
        <annotation annotator="Mike Bada, University of Colorado Anschutz Medical Campus" id="GO_BP_2016_02_16_Instance_181440" type="identity">
            <class id="GO_EXT:transcription" label="transcription"/>
            <span end="29857" id="16539743-19223" start="29842">transcriptional</span>
        </annotation>
        <annotation annotator="Mike Bada, University of Colorado Anschutz Medical Campus" id="GO_BP_2016_02_16_Instance_42879" type="identity">
            <class id="GO:0009294" label="DNA mediated transformation"/>
            <span end="30004" id="16539743-19544" start="29993">transfected</span>
        </annotation>
        <annotation annotator="Mike Bada, University of Colorado Anschutz Medical Campus" id="GO_BP_2016_02_16_Instance_41575" type="identity">
            <class id="GO:0010467" label="gene expression"/>
            <span end="30057" id="16539743-19404" start="30047">expressing</span>
        </annotation>
        <annotation annotator="Mike Bada, University of Colorado Anschutz Medical Campus" id="GO_BP_2016_02_16_Instance_42881" type="identity">
            <class id="GO:0009294" label="DNA mediated transformation"/>
            <span end="30179" id="16539743-19546" start="30168">transfected</span>
        </annotation>
        <annotation annotator="Mike Bada, University of Colorado Anschutz Medical Campus" id="GO_BP_2016_02_16_Instance_42883" type="identity">
            <class id="GO:0009294" label="DNA mediated transformation"/>
            <span end="30406" id="16539743-19548" start="30395">transfected</span>
        </annotation>
        <annotation annotator="Mike Bada, University of Colorado Anschutz Medical Campus" id="GO_BP_2016_02_16_Instance_42885" type="identity">
            <class id="GO:0009294" label="DNA mediated transformation"/>
            <span end="30659" id="16539743-19550" start="30648">transfected</span>
        </annotation>
        <annotation annotator="Mike Bada, University of Colorado Anschutz Medical Campus" id="GO_BP_2016_02_16_Instance_42887" type="identity">
            <class id="GO:0009294" label="DNA mediated transformation"/>
            <span end="30787" id="16539743-19552" start="30776">transfected</span>
        </annotation>
        <annotation annotator="Mike Bada, University of Colorado Anschutz Medical Campus" id="GO_BP_2016_02_16_Instance_181442" type="identity">
            <class id="GO_EXT:transcription" label="transcription"/>
            <span end="31294" id="16539743-19225" start="31279">transcriptional</span>
        </annotation>
        <annotation annotator="Mike Bada, University of Colorado Anschutz Medical Campus" id="GO_BP_2016_02_16_Instance_41577" type="identity">
            <class id="GO:0010467" label="gene expression"/>
            <span end="31564" id="16539743-19406" start="31555">expressed</span>
        </annotation>
        <annotation annotator="Mike Bada, University of Colorado Anschutz Medical Campus" id="GO_BP_2016_02_16_Instance_41579" type="identity">
            <class id="GO:0010467" label="gene expression"/>
            <span end="31640" id="16539743-19408" start="31630">expression</span>
        </annotation>
        <annotation annotator="Mike Bada, University of Colorado Anschutz Medical Campus" id="GO_BP_2016_02_16_Instance_41635" type="identity">
            <class id="GO:0010467" label="gene expression"/>
            <span end="31695" id="16539743-19413" start="31685">expression</span>
        </annotation>
        <annotation annotator="Mike Bada, University of Colorado Anschutz Medical Campus" id="GO_BP_2016_02_16_Instance_240834" type="identity">
            <class id="GO_RO_EXT:developmental_differentiation_process" label="developmental differentiation process"/>
            <span end="31998" id="16539743-19320" start="31983">differentiation</span>
        </annotation>
        <annotation annotator="Mike Bada, University of Colorado Anschutz Medical Campus" id="GO_BP_2016_02_16_Instance_42267" type="identity">
            <class id="GO:0042461" label="photoreceptor cell development"/>
            <span end="32122" id="16539743-19491" start="32093">development of photoreceptors</span>
        </annotation>
        <annotation annotator="Mike Bada, University of Colorado Anschutz Medical Campus" id="GO_BP_2016_02_16_Instance_42133" type="identity">
            <class id="GO:0042461" label="photoreceptor cell development"/>
            <span end="32215" id="16539743-19451" start="32190">photoreceptor development</span>
        </annotation>
        <annotation annotator="Mike Bada, University of Colorado Anschutz Medical Campus" id="GO_BP_2016_02_16_Instance_42181" type="identity">
            <class id="GO:0065007" label="biological regulation"/>
            <span end="32248" id="16539743-19481" start="32239">regulates</span>
        </annotation>
        <annotation annotator="Mike Bada, University of Colorado Anschutz Medical Campus" id="GO_BP_2016_02_16_Instance_181444" type="identity">
            <class id="GO_EXT:transcription" label="transcription"/>
            <span end="32266" id="16539743-19227" start="32253">transcription</span>
        </annotation>
        <annotation annotator="Mike Bada, University of Colorado Anschutz Medical Campus" id="GO_BP_2016_02_16_Instance_181446" type="identity">
            <class id="GO_EXT:reverse_transcription_or_reverse_transcriptase" label="reverse transcription or reverse transcriptase"/>
            <span end="32302" id="16539743-19229" start="32300">RT</span>
        </annotation>
        <annotation annotator="Mike Bada, University of Colorado Anschutz Medical Campus" id="GO_BP_2016_02_16_Instance_181448" type="identity">
            <class id="GO_EXT:positive_regulation" label="positive regulation"/>
            <span end="32478" id="16539743-19231" start="32468">upregulate</span>
        </annotation>
        <annotation annotator="Mike Bada, University of Colorado Anschutz Medical Campus" id="GO_BP_2016_02_16_Instance_181450" type="identity">
            <class id="GO_EXT:transcription" label="transcription"/>
            <span end="32496" id="16539743-19233" start="32483">transcription</span>
        </annotation>
        <annotation annotator="Mike Bada, University of Colorado Anschutz Medical Campus" id="GO_BP_2016_02_16_Instance_42037" type="identity">
            <class id="GO:0010467" label="gene expression"/>
            <span end="32602" id="16539743-19415" start="32593">expressed</span>
        </annotation>
        <annotation annotator="Mike Bada, University of Colorado Anschutz Medical Campus" id="GO_BP_2016_02_16_Instance_181452" type="identity">
            <class id="GO_EXT:transcription" label="transcription"/>
            <span end="32735" id="16539743-19235" start="32722">transcription</span>
        </annotation>
        <annotation annotator="Mike Bada, University of Colorado Anschutz Medical Campus" id="GO_BP_2016_02_16_Instance_42185" type="identity">
            <class id="GO:0065007" label="biological regulation"/>
            <span end="32757" id="16539743-19483" start="32748">regulated</span>
        </annotation>
        <annotation annotator="Mike Bada, University of Colorado Anschutz Medical Campus" id="GO_BP_2016_02_16_Instance_181454" type="identity">
            <class id="GO_EXT:transcription" label="transcription"/>
            <span end="32831" id="16539743-19237" start="32818">transcription</span>
        </annotation>
        <annotation annotator="Mike Bada, University of Colorado Anschutz Medical Campus" id="GO_BP_2016_02_16_Instance_42039" type="identity">
            <class id="GO:0010467" label="gene expression"/>
            <span end="32863" id="16539743-19417" start="32854">expressed</span>
        </annotation>
        <annotation annotator="Mike Bada, University of Colorado Anschutz Medical Campus" id="GO_BP_2016_02_16_Instance_181456" type="identity">
            <class id="GO:0007567" label="parturition"/>
            <span end="32898" id="16539743-19239" start="32893">natal</span>
        </annotation>
        <annotation annotator="Mike Bada, University of Colorado Anschutz Medical Campus" id="GO_BP_2016_02_16_Instance_181458" type="identity">
            <class id="GO_EXT:transcription" label="transcription"/>
            <span end="32938" id="16539743-19241" start="32925">transcription</span>
        </annotation>
        <annotation annotator="Mike Bada, University of Colorado Anschutz Medical Campus" id="GO_BP_2016_02_16_Instance_42041" type="identity">
            <class id="GO:0010467" label="gene expression"/>
            <span end="33070" id="16539743-19419" start="33060">expression</span>
        </annotation>
        <annotation annotator="Mike Bada, University of Colorado Anschutz Medical Campus" id="GO_BP_2016_02_16_Instance_42043" type="identity">
            <class id="GO:0010467" label="gene expression"/>
            <span end="33207" id="16539743-19421" start="33198">expressed</span>
        </annotation>
        <annotation annotator="Mike Bada, University of Colorado Anschutz Medical Campus" id="GO_BP_2016_02_16_with_nested_annotations_Instance_21960" type="identity">
            <class id="GO_EXT:biological_direction_or_guidance" label="biological direction/guidance"/>
            <span end="33920" id="16539743-19635" start="33912">directed</span>
        </annotation>
        <annotation annotator="Mike Bada, University of Colorado Anschutz Medical Campus" id="GO_BP_2016_02_16_Instance_52701" type="identity">
            <class id="GO:0016458" label="gene silencing"/>
            <span end="34337" id="16539743-19605" start="34323">gene silencing</span>
        </annotation>
        <annotation annotator="Mike Bada, University of Colorado Anschutz Medical Campus" id="GO_BP_2016_02_16_Instance_181460" type="identity">
            <class id="GO:0010467" label="gene expression"/>
            <span end="34756" id="16539743-19243" start="34746">expression</span>
        </annotation>
        <annotation annotator="Mike Bada, University of Colorado Anschutz Medical Campus" id="GO_BP_2016_02_16_with_nested_annotations_Instance_24329" type="identity">
            <class id="GO:0051259" label="protein oligomerization"/>
            <span end="35081" id="16539743-19649" start="35066">oligomerization</span>
        </annotation>
        <annotation annotator="Mike Bada, University of Colorado Anschutz Medical Campus" id="GO_BP_2016_02_16_Instance_181464" type="identity">
            <class id="GO_EXT:transcription" label="transcription"/>
            <span end="35326" id="16539743-19245" start="35311">transcriptional</span>
        </annotation>
        <annotation annotator="Mike Bada, University of Colorado Anschutz Medical Campus" id="GO_BP_2016_02_16_Instance_181466" type="identity">
            <class id="GO_EXT:transcription" label="transcription"/>
            <span end="35385" id="16539743-19247" start="35370">transcriptional</span>
        </annotation>
        <annotation annotator="Mike Bada, University of Colorado Anschutz Medical Campus" id="GO_BP_2016_02_16_with_nested_annotations_Instance_10462" type="identity">
            <class id="GO_EXT:biological_recruitment" label="biological recruitment"/>
            <span end="35440" id="16539743-19611" start="35430">recruiting</span>
        </annotation>
        <annotation annotator="Mike Bada, University of Colorado Anschutz Medical Campus" id="GO_BP_2016_02_16_Instance_181470" type="identity">
            <class id="GO_EXT:transcription" label="transcription"/>
            <span end="35652" id="16539743-19249" start="35639">transcription</span>
        </annotation>
        <annotation annotator="Mike Bada, University of Colorado Anschutz Medical Campus" id="GO_BP_2016_02_16_Instance_181472" type="identity">
            <class id="GO_EXT:transcription" label="transcription"/>
            <span end="35732" id="16539743-19251" start="35719">transcription</span>
        </annotation>
        <annotation annotator="Mike Bada, University of Colorado Anschutz Medical Campus" id="GO_BP_2016_02_16_Instance_181474" type="identity">
            <class id="GO_EXT:transcription" label="transcription"/>
            <span end="35898" id="16539743-19253" start="35883">transcriptional</span>
        </annotation>
        <annotation annotator="Mike Bada, University of Colorado Anschutz Medical Campus" id="GO_BP_2016_02_16_Instance_181476" type="identity">
            <class id="GO_EXT:transcription" label="transcription"/>
            <span end="36157" id="16539743-19255" start="36142">transcriptional</span>
        </annotation>
        <annotation annotator="Mike Bada, University of Colorado Anschutz Medical Campus" id="GO_BP_2016_02_16_with_nested_annotations_Instance_22350" type="identity">
            <class id="GO_EXT:fatality_or_lethality" label="fatality/lethality"/>
            <span end="36340" id="16539743-19641" start="36334">lethal</span>
        </annotation>
        <annotation annotator="Mike Bada, University of Colorado Anschutz Medical Campus" id="GO_BP_2016_02_16_Instance_181478" type="identity">
            <class id="GO_EXT:transcription" label="transcription"/>
            <span end="36472" id="16539743-19257" start="36457">transcriptional</span>
        </annotation>
        <annotation annotator="Mike Bada, University of Colorado Anschutz Medical Campus" id="GO_BP_2016_02_16_Instance_181480" type="identity">
            <class id="GO_EXT:transcription" label="transcription"/>
            <span end="36632" id="16539743-19259" start="36617">transcriptional</span>
        </annotation>
        <annotation annotator="Mike Bada, University of Colorado Anschutz Medical Campus" id="GO_BP_2016_02_16_with_nested_annotations_Instance_21962" type="identity">
            <class id="GO_EXT:biological_direction_or_guidance" label="biological direction/guidance"/>
            <span end="36722" id="16539743-19637" start="36714">directed</span>
        </annotation>
        <annotation annotator="Mike Bada, University of Colorado Anschutz Medical Campus" id="GO_BP_2016_02_16_Instance_181482" type="identity">
            <class id="GO_EXT:transcription" label="transcription"/>
            <span end="36870" id="16539743-19261" start="36855">transcriptional</span>
        </annotation>
        <annotation annotator="Mike Bada, University of Colorado Anschutz Medical Campus" id="GO_BP_2016_02_16_Instance_42897" type="identity">
            <class id="GO:0016458" label="gene silencing"/>
            <span end="37479" id="16539743-19554" start="37470">silencing</span>
        </annotation>
        <annotation annotator="Mike Bada, University of Colorado Anschutz Medical Campus" id="GO_BP_2016_02_16_Instance_181486" type="identity">
            <class id="GO_MOP_EXT:methylation" label="methylation"/>
            <span end="37573" id="16539743-19263" start="37564">methylate</span>
        </annotation>
        <annotation annotator="Mike Bada, University of Colorado Anschutz Medical Campus" id="GO_BP_2016_02_16_Instance_42899" type="identity">
            <class id="GO:0016458" label="gene silencing"/>
            <span end="37619" id="16539743-19556" start="37611">silenced</span>
        </annotation>
        <annotation annotator="Mike Bada, University of Colorado Anschutz Medical Campus" id="GO_BP_2016_02_16_Instance_52705" type="identity">
            <class id="GO:0006338" label="chromatin remodeling"/>
            <span end="37793" id="16539743-19607" start="37773">chromatin remodeling</span>
        </annotation>
        <annotation annotator="Mike Bada, University of Colorado Anschutz Medical Campus" id="GO_BP_2016_02_16_Instance_181488" type="identity">
            <class id="GO_EXT:transcription" label="transcription"/>
            <span end="38056" id="16539743-19265" start="38041">transcriptional</span>
        </annotation>
        <annotation annotator="Mike Bada, University of Colorado Anschutz Medical Campus" id="GO_BP_2016_02_16_Instance_181490" type="identity">
            <class id="GO_EXT:transcription" label="transcription"/>
            <span end="38445" id="16539743-19267" start="38430">transcriptional</span>
        </annotation>
        <annotation annotator="Mike Bada, University of Colorado Anschutz Medical Campus" id="GO_BP_2016_02_16_Instance_181492" type="identity">
            <class id="GO_EXT:negative_regulation" label="negative regulation"/>
            <span end="38483" id="16539743-19269" start="38469">down-regulates</span>
        </annotation>
        <annotation annotator="Mike Bada, University of Colorado Anschutz Medical Campus" id="GO_BP_2016_02_16_Instance_230720" type="identity">
            <class id="GO:0010467" label="gene expression"/>
            <span end="38519" id="16539743-19306" start="38509">expression</span>
        </annotation>
        <annotation annotator="Mike Bada, University of Colorado Anschutz Medical Campus" id="GO_BP_2016_02_16_Instance_181508" type="identity">
            <class id="GO:0042461" label="photoreceptor cell development"/>
            <span end="38580" id="16539743-19285" start="38555">photoreceptor development</span>
        </annotation>
        <annotation annotator="Mike Bada, University of Colorado Anschutz Medical Campus" id="GO_BP_2016_02_16_Instance_42049" type="identity">
            <class id="GO:0010467" label="gene expression"/>
            <span end="38826" id="16539743-19423" start="38816">expression</span>
        </annotation>
        <annotation annotator="Mike Bada, University of Colorado Anschutz Medical Campus" id="GO_BP_2016_02_16_Instance_240836" type="identity">
            <class id="GO_RO_EXT:developmental_differentiation_process" label="developmental differentiation process"/>
            <span end="38901" id="16539743-19322" start="38886">differentiation</span>
        </annotation>
        <annotation annotator="Mike Bada, University of Colorado Anschutz Medical Campus" id="GO_BP_2016_02_16_Instance_230722" type="identity">
            <class id="GO:0010467" label="gene expression"/>
            <span end="39028" id="16539743-19308" start="39018">expression</span>
        </annotation>
        <annotation annotator="Mike Bada, University of Colorado Anschutz Medical Campus" id="GO_BP_2016_02_16_Instance_43085" type="identity">
            <class id="GO:0043703" label="photoreceptor cell fate determination"/>
            <span end="39172" id="16539743-19586" start="39146">cell fate determination of</span>
            <span end="39191" id="16539743-19587" start="39177">photoreceptors</span>
        </annotation>
        <annotation annotator="Mike Bada, University of Colorado Anschutz Medical Campus" id="GO_BP_2016_02_16_Instance_43083" type="identity">
            <class id="GO:0042671" label="retinal cone cell fate determination"/>
            <span end="39172" id="16539743-19583" start="39146">cell fate determination of</span>
            <span end="39218" id="16539743-19584" start="39199">cone photoreceptors</span>
        </annotation>
        <annotation annotator="Mike Bada, University of Colorado Anschutz Medical Campus" id="GO_BP_2016_02_16_Instance_42371" type="identity">
            <class id="GO:0060041" label="retina development in camera-type eye"/>
            <span end="39311" id="16539743-19518" start="39298">retinogenesis</span>
        </annotation>
        <annotation annotator="Mike Bada, University of Colorado Anschutz Medical Campus" id="GO_BP_2016_02_16_Instance_181494" type="identity">
            <class id="GO:0007567" label="parturition"/>
            <span end="39392" id="16539743-19271" start="39387">natal</span>
        </annotation>
        <annotation annotator="Mike Bada, University of Colorado Anschutz Medical Campus" id="GO_BP_2016_02_16_Instance_42053" type="identity">
            <class id="GO:0010467" label="gene expression"/>
            <span end="39420" id="16539743-19425" start="39410">expression</span>
        </annotation>
        <annotation annotator="Mike Bada, University of Colorado Anschutz Medical Campus" id="GO_BP_2016_02_16_Instance_42055" type="identity">
            <class id="GO:0010467" label="gene expression"/>
            <span end="39471" id="16539743-19427" start="39462">expressed</span>
        </annotation>
        <annotation annotator="Mike Bada, University of Colorado Anschutz Medical Campus" id="GO_BP_2016_02_16_Instance_181496" type="identity">
            <class id="GO_EXT:transcription" label="transcription"/>
            <span end="39578" id="16539743-19273" start="39563">transcriptional</span>
        </annotation>
        <annotation annotator="Mike Bada, University of Colorado Anschutz Medical Campus" id="GO_BP_2016_02_16_Instance_181498" type="identity">
            <class id="GO_EXT:negative_regulation" label="negative regulation"/>
            <span end="39620" id="16539743-19275" start="39607">down-regulate</span>
        </annotation>
        <annotation annotator="Mike Bada, University of Colorado Anschutz Medical Campus" id="GO_BP_2016_02_16_Instance_181500" type="identity">
            <class id="CHEBI_GO_EXT:biological_process_or_quality_or_role" label="biological process, quality or role"/>
            <span end="39681" id="16539743-19277" start="39671">biological</span>
        </annotation>
        <annotation annotator="Mike Bada, University of Colorado Anschutz Medical Campus" id="GO_BP_2016_02_16_Instance_42057" type="identity">
            <class id="GO:0010467" label="gene expression"/>
            <span end="39851" id="16539743-19429" start="39842">expressed</span>
        </annotation>
        <annotation annotator="Mike Bada, University of Colorado Anschutz Medical Campus" id="GO_BP_2016_02_16_Instance_42139" type="identity">
            <class id="GO:0042461" label="photoreceptor cell development"/>
            <span end="40032" id="16539743-19453" start="40007">photoreceptor development</span>
        </annotation>
        <annotation annotator="Mike Bada, University of Colorado Anschutz Medical Campus" id="GO_BP_2016_02_16_with_nested_annotations_Instance_498" type="identity">
            <class id="GO_PATO_EXT:biological_localization_process_or_quality" label="biological localization process or quality"/>
            <span end="40086" id="16539743-19677" start="40077">localizes</span>
        </annotation>
        <annotation annotator="Mike Bada, University of Colorado Anschutz Medical Campus" id="GO_BP_2016_02_16_Instance_181502" type="identity">
            <class id="GO_EXT:transcription" label="transcription"/>
            <span end="40228" id="16539743-19279" start="40213">transcriptional</span>
        </annotation>
        <annotation annotator="Mike Bada, University of Colorado Anschutz Medical Campus" id="GO_BP_2016_02_16_Instance_181510" type="identity">
            <class id="GO:0042461" label="photoreceptor cell development"/>
            <span end="40419" id="16539743-19287" start="40405">development of</span>
            <span end="40442" id="16539743-19288" start="40428">photoreceptors</span>
        </annotation>
        <annotation annotator="Mike Bada, University of Colorado Anschutz Medical Campus" id="GO_BP_2016_02_16_Instance_42271" type="identity">
            <class id="GO:0021982" label="pineal gland development"/>
            <span end="40419" id="16539743-19493" start="40405">development of</span>
            <span end="40459" id="16539743-19494" start="40447">pineal gland</span>
        </annotation>
        <annotation annotator="Mike Bada, University of Colorado Anschutz Medical Campus" id="GO_BP_2016_02_16_Instance_42061" type="identity">
            <class id="GO:0010467" label="gene expression"/>
            <span end="40617" id="16539743-19431" start="40608">expressed</span>
        </annotation>
        <annotation annotator="Mike Bada, University of Colorado Anschutz Medical Campus" id="GO_BP_2016_02_16_Instance_181512" type="identity">
            <class id="GO_EXT:reverse_transcription_or_reverse_transcriptase" label="reverse transcription or reverse transcriptase"/>
            <span end="40915" id="16539743-19290" start="40913">RT</span>
        </annotation>
        <annotation annotator="Mike Bada, University of Colorado Anschutz Medical Campus" id="GO_BP_2016_02_16_Instance_181514" type="identity">
            <class id="GO_EXT:reverse_transcription_or_reverse_transcriptase" label="reverse transcription or reverse transcriptase"/>
            <span end="41533" id="16539743-19292" start="41531">RT</span>
        </annotation>
        <annotation annotator="Mike Bada, University of Colorado Anschutz Medical Campus" id="GO_BP_2016_02_16_Instance_42903" type="identity">
            <class id="GO:0009294" label="DNA mediated transformation"/>
            <span end="41681" id="16539743-19561" start="41669">transfection</span>
        </annotation>
        <annotation annotator="Mike Bada, University of Colorado Anschutz Medical Campus" id="GO_BP_2016_02_16_Instance_42905" type="identity">
            <class id="GO:0009294" label="DNA mediated transformation"/>
            <span end="41887" id="16539743-19563" start="41875">transfection</span>
        </annotation>
        <annotation annotator="Mike Bada, University of Colorado Anschutz Medical Campus" id="GO_BP_2016_02_16_Instance_42907" type="identity">
            <class id="GO:0009294" label="DNA mediated transformation"/>
            <span end="41975" id="16539743-19565" start="41963">transfection</span>
        </annotation>
        <annotation annotator="Mike Bada, University of Colorado Anschutz Medical Campus" id="GO_BP_2016_02_16_Instance_42909" type="identity">
            <class id="GO:0009294" label="DNA mediated transformation"/>
            <span end="42174" id="16539743-19567" start="42162">transfection</span>
        </annotation>
        <annotation annotator="Mike Bada, University of Colorado Anschutz Medical Campus" id="GO_BP_2016_02_16_with_nested_annotations_Instance_23466" type="identity">
            <class id="GO_EXT:biological_movement_or_translocation_process" label="biological movement/translocation process"/>
            <span end="42409" id="16539743-19643" start="42398">transferred</span>
        </annotation>
        <annotation annotator="Mike Bada, University of Colorado Anschutz Medical Campus" id="GO_BP_2016_02_16_Instance_181516" type="identity">
            <class id="GO_EXT:reverse_transcription_or_reverse_transcriptase" label="reverse transcription or reverse transcriptase"/>
            <span end="42765" id="16539743-19294" start="42763">RT</span>
        </annotation>
        <annotation annotator="Mike Bada, University of Colorado Anschutz Medical Campus" id="GO_BP_2016_02_16_with_nested_annotations_Instance_10696" type="identity">
            <class id="GO:0001171" label="reverse transcription"/>
            <span end="42877" id="16539743-19613" start="42858">reverse transcribed</span>
        </annotation>
        <annotation annotator="Mike Bada, University of Colorado Anschutz Medical Campus" id="GO_BP_2016_02_16_Instance_181518" type="identity">
            <class id="GO_EXT:reverse_transcription_or_reverse_transcriptase" label="reverse transcription or reverse transcriptase"/>
            <span end="42914" id="16539743-19296" start="42912">RT</span>
        </annotation>
        <annotation annotator="Mike Bada, University of Colorado Anschutz Medical Campus" id="GO_BP_2016_02_16_with_nested_annotations_Instance_10192" type="identity">
            <class id="GO_EXT:transfectant_or_tranformant" label="transfectant/transformant"/>
            <span end="43658" id="16539743-19609" start="43645">Transformants</span>
        </annotation>
        <annotation annotator="Mike Bada, University of Colorado Anschutz Medical Campus" id="GO_BP_2016_02_16_with_nested_annotations_Instance_80402" type="identity">
            <class id="GO_EXT:biological_growth_entity_or_process" label="biological growth entity or process"/>
            <span end="43680" id="16539743-19683" start="43674">growth</span>
        </annotation>
        <annotation annotator="Mike Bada, University of Colorado Anschutz Medical Campus" id="GO_BP_2016_02_16_with_nested_annotations_Instance_80400" type="identity">
            <class id="GO:0040007" label="growth"/>
            <span end="43939" id="16539743-19681" start="43934">grown</span>
        </annotation>
        <annotation annotator="Mike Bada, University of Colorado Anschutz Medical Campus" id="GO_BP_2016_02_16_Instance_42063" type="identity">
            <class id="GO:0010467" label="gene expression"/>
            <span end="44699" id="16539743-19433" start="44689">expression</span>
        </annotation>
        <annotation annotator="Mike Bada, University of Colorado Anschutz Medical Campus" id="GO_BP_2016_02_16_with_nested_annotations_Instance_21964" type="identity">
            <class id="GO_EXT:biological_direction_or_guidance" label="biological direction/guidance"/>
            <span end="44745" id="16539743-19639" start="44737">directed</span>
        </annotation>
        <annotation annotator="Mike Bada, University of Colorado Anschutz Medical Campus" id="GO_BP_2016_02_16_Instance_42915" type="identity">
            <class id="GO:0009294" label="DNA mediated transformation"/>
            <span end="44867" id="16539743-19569" start="44856">transfected</span>
        </annotation>
        <annotation annotator="Mike Bada, University of Colorado Anschutz Medical Campus" id="GO_BP_2016_02_16_Instance_42917" type="identity">
            <class id="GO:0009294" label="DNA mediated transformation"/>
            <span end="44988" id="16539743-19571" start="44976">transfection</span>
        </annotation>
        <annotation annotator="Mike Bada, University of Colorado Anschutz Medical Campus" id="GO_BP_2016_02_16_with_nested_annotations_Instance_23468" type="identity">
            <class id="GO_EXT:biological_movement_or_translocation_process" label="biological movement/translocation process"/>
            <span end="45920" id="16539743-19645" start="45909">transferred</span>
        </annotation>
        <annotation annotator="Mike Bada, University of Colorado Anschutz Medical Campus" id="GO_BP_2016_02_16_with_nested_annotations_Instance_23470" type="identity">
            <class id="GO_EXT:biological_movement_or_translocation_process" label="biological movement/translocation process"/>
            <span end="45972" id="16539743-19647" start="45964">Transfer</span>
        </annotation>
        <annotation annotator="Mike Bada, University of Colorado Anschutz Medical Campus" id="GO_BP_2016_02_16_with_nested_annotations_Instance_500" type="identity">
            <class id="GO_PATO_EXT:biological_localization_process_or_quality" label="biological localization process or quality"/>
            <span end="46252" id="16539743-19679" start="46240">localization</span>
        </annotation>
        <annotation annotator="Mike Bada, University of Colorado Anschutz Medical Campus" id="GO_BP_2016_02_16_Instance_42919" type="identity">
            <class id="GO:0009294" label="DNA mediated transformation"/>
            <span end="46277" id="16539743-19573" start="46266">transfected</span>
        </annotation>
        <annotation annotator="Mike Bada, University of Colorado Anschutz Medical Campus" id="GO_BP_2016_02_16_Instance_42921" type="identity">
            <class id="GO:0009294" label="DNA mediated transformation"/>
            <span end="46418" id="16539743-19575" start="46406">transfection</span>
        </annotation>
        <annotation annotator="Mike Bada, University of Colorado Anschutz Medical Campus" id="GO_BP_2016_02_16_Instance_181520" type="identity">
            <class id="GO_EXT:transcription" label="transcription"/>
            <span end="47191" id="16539743-19298" start="47176">transcriptional</span>
        </annotation>
        <annotation annotator="Mike Bada, University of Colorado Anschutz Medical Campus" id="GO_BP_2016_02_16_Instance_42065" type="identity">
            <class id="GO:0010467" label="gene expression"/>
            <span end="47411" id="16539743-19435" start="47401">expression</span>
        </annotation>
        <annotation annotator="Mike Bada, University of Colorado Anschutz Medical Campus" id="GO_BP_2016_02_16_Instance_42067" type="identity">
            <class id="GO:0010467" label="gene expression"/>
            <span end="47506" id="16539743-19437" start="47496">expression</span>
        </annotation>
        <annotation annotator="Mike Bada, University of Colorado Anschutz Medical Campus" id="GO_BP_2016_02_16_Instance_181522" type="identity">
            <class id="GO_EXT:transcription" label="transcription"/>
            <span end="48217" id="16539743-19300" start="48202">transcriptional</span>
        </annotation>
        <annotation annotator="Mike Bada, University of Colorado Anschutz Medical Campus" id="GO_BP_2016_02_16_Instance_42929" type="identity">
            <class id="GO:0009294" label="DNA mediated transformation"/>
            <span end="48505" id="16539743-19577" start="48494">transfected</span>
        </annotation>
        <annotation annotator="Mike Bada, University of Colorado Anschutz Medical Campus" id="GO_BP_2016_02_16_Instance_42069" type="identity">
            <class id="GO:0010467" label="gene expression"/>
            <span end="48563" id="16539743-19439" start="48553">expression</span>
        </annotation>
        <annotation annotator="Mike Bada, University of Colorado Anschutz Medical Campus" id="GO_BP_2016_02_16_Instance_42931" type="identity">
            <class id="GO:0009294" label="DNA mediated transformation"/>
            <span end="48634" id="16539743-19579" start="48622">transfection</span>
        </annotation>
        <annotation annotator="Mike Bada, University of Colorado Anschutz Medical Campus" id="GO_BP_2016_02_16_Instance_42933" type="identity">
            <class id="GO:0009294" label="DNA mediated transformation"/>
            <span end="48700" id="16539743-19581" start="48688">transfection</span>
        </annotation>
        <annotation annotator="Mike Bada, University of Colorado Anschutz Medical Campus" id="GO_BP_2016_02_16_Instance_42073" type="identity">
            <class id="GO:0010467" label="gene expression"/>
            <span end="48932" id="16539743-19441" start="48923">expressed</span>
        </annotation>
        <annotation annotator="Mike Bada, University of Colorado Anschutz Medical Campus" id="GO_BP_2016_02_16_with_nested_annotations_Instance_140089" type="identity">
            <class id="GO_EXT:biological_translocation_entity_or_process" label="biological translocation entity or process"/>
            <span end="49019" id="16539743-19617" start="49006">translocation</span>
        </annotation>
        <graph-space id="Old Knowtator Relations"/>
    </document>
</knowtator-project>
