<?xml version="1.0" encoding="UTF-8" standalone="no"?>
<knowtator-project>
  <document id="17002498" text-file="17002498.txt">
    <annotation annotator="Mike Bada, University of Colorado Anschutz Medical Campus" id="GO_BP_2016_02_16_Instance_12853" type="identity">
      <class id="GO:0048538" label="thymus development"/>
      <span end="70" id="17002498-21872" start="56">Development of</span>
      <span end="86" id="17002498-21873" start="80">Thymus</span>
    </annotation>
    <annotation annotator="Mike Bada, University of Colorado Anschutz Medical Campus" id="GO_BP_2016_02_16_Instance_13103" type="identity">
      <class id="GO:0043588" label="skin development"/>
      <span end="75" id="17002498-22055" start="56">Development of Skin</span>
    </annotation>
    <annotation annotator="Mike Bada, University of Colorado Anschutz Medical Campus" id="GO_BP_2016_02_16_Instance_12855" type="identity">
      <class id="GO:0016055" label="Wnt signaling pathway"/>
      <span end="197" id="17002498-21875" start="176">Wnt signaling pathway</span>
    </annotation>
    <annotation annotator="Mike Bada, University of Colorado Anschutz Medical Campus" id="GO_BP_2016_02_16_with_nested_annotations_Instance_22434" type="identity">
      <class id="GO_EXT:fatality_or_lethality" label="fatality/lethality"/>
      <span end="367" id="17002498-22245" start="358">lethality</span>
    </annotation>
    <annotation annotator="Mike Bada, University of Colorado Anschutz Medical Campus" id="GO_BP_2016_02_16_Instance_13063" type="identity">
      <class id="GO:0007618" label="mating"/>
      <span end="465" id="17002498-22025" start="460">mated</span>
    </annotation>
    <annotation annotator="Mike Bada, University of Colorado Anschutz Medical Campus" id="GO_BP_2016_02_16_Instance_12705" type="identity">
      <class id="GO:0065007" label="biological regulation"/>
      <span end="522" id="17002498-21799" start="515">control</span>
    </annotation>
    <annotation annotator="Mike Bada, University of Colorado Anschutz Medical Campus" id="GO_BP_2016_02_16_with_nested_annotations_Instance_80572" type="identity">
      <class id="GO_EXT:biological_growth_entity_or_process" label="biological growth entity or process"/>
      <span end="749" id="17002498-22295" start="743">growth</span>
    </annotation>
    <annotation annotator="Mike Bada, University of Colorado Anschutz Medical Campus" id="GO_BP_2016_02_16_Instance_13091" type="identity">
      <class id="GO:0016265" label="death"/>
      <span end="758" id="17002498-22043" start="754">died</span>
    </annotation>
    <annotation annotator="Mike Bada, University of Colorado Anschutz Medical Campus" id="GO_BP_2016_02_16_with_nested_annotations_Instance_80574" type="identity">
      <class id="GO_EXT:biological_growth_entity_or_process" label="biological growth entity or process"/>
      <span end="887" id="17002498-22297" start="881">growth</span>
    </annotation>
    <annotation annotator="Mike Bada, University of Colorado Anschutz Medical Campus" id="GO_BP_2016_02_16_with_nested_annotations_Instance_80576" type="identity">
      <class id="GO_EXT:biological_growth_entity_or_process" label="biological growth entity or process"/>
      <span end="1128" id="17002498-22299" start="1122">growth</span>
    </annotation>
    <annotation annotator="Mike Bada, University of Colorado Anschutz Medical Campus" id="GO_BP_2016_02_16_Instance_13061" type="identity">
      <class id="GO:0007618" label="mating"/>
      <span end="2165" id="17002498-22023" start="2160">mated</span>
    </annotation>
    <annotation annotator="Mike Bada, University of Colorado Anschutz Medical Campus" id="GO_BP_2016_02_16_Instance_13079" type="identity">
      <class id="GO:0010467" label="gene expression"/>
      <span end="2209" id="17002498-22031" start="2202">express</span>
    </annotation>
    <annotation annotator="Mike Bada, University of Colorado Anschutz Medical Campus" id="GO_BP_2016_02_16_Instance_13081" type="identity">
      <class id="GO:0010467" label="gene expression"/>
      <span end="2343" id="17002498-22033" start="2333">expressing</span>
    </annotation>
    <annotation annotator="Mike Bada, University of Colorado Anschutz Medical Campus" id="GO_BP_2016_02_16_with_nested_annotations_Instance_80578" type="identity">
      <class id="GO_EXT:biological_growth_entity_or_process" label="biological growth entity or process"/>
      <span end="2387" id="17002498-22301" start="2381">growth</span>
    </annotation>
    <annotation annotator="Mike Bada, University of Colorado Anschutz Medical Campus" id="GO_BP_2016_02_16_Instance_13093" type="identity">
      <class id="GO:0016265" label="death"/>
      <span end="2396" id="17002498-22045" start="2392">died</span>
    </annotation>
    <annotation annotator="Mike Bada, University of Colorado Anschutz Medical Campus" id="GO_BP_2016_02_16_Instance_12897" type="identity">
      <class id="GO:0048513" label="animal organ development"/>
      <span end="2618" id="17002498-21889" start="2604">development of</span>
      <span end="2630" id="17002498-21890" start="2624">organs</span>
    </annotation>
    <annotation annotator="Mike Bada, University of Colorado Anschutz Medical Campus" id="GO_BP_2016_02_16_Instance_12871" type="identity">
      <class id="GO:0016055" label="Wnt signaling pathway"/>
      <span end="2808" id="17002498-21883" start="2787">Wnt signaling pathway</span>
    </annotation>
    <annotation annotator="Mike Bada, University of Colorado Anschutz Medical Campus" id="GO_BP_2016_02_16_Instance_12803" type="identity">
      <class id="GO:0065007" label="biological regulation"/>
      <span end="2854" id="17002498-21848" start="2846">regulate</span>
    </annotation>
    <annotation annotator="Mike Bada, University of Colorado Anschutz Medical Campus" id="GO_BP_2016_02_16_Instance_12807" type="identity">
      <class id="GO:0065007" label="biological regulation"/>
      <span end="2915" id="17002498-21852" start="2905">regulation</span>
    </annotation>
    <annotation annotator="Mike Bada, University of Colorado Anschutz Medical Campus" id="GO_BP_2016_02_16_Instance_41597" type="identity">
      <class id="GO:0051170" label="nuclear import"/>
      <span end="3068" id="17002498-22208" start="3056">migration to</span>
      <span end="3080" id="17002498-22209" start="3073">nucleus</span>
    </annotation>
    <annotation annotator="Mike Bada, University of Colorado Anschutz Medical Campus" id="GO_BP_2016_02_16_Instance_12811" type="identity">
      <class id="GO:0065007" label="biological regulation"/>
      <span end="3462" id="17002498-21856" start="3454">regulate</span>
    </annotation>
    <annotation annotator="Mike Bada, University of Colorado Anschutz Medical Campus" id="GO_BP_2016_02_16_with_nested_annotations_Instance_23627" type="identity">
      <class id="GO_PATO_EXT:biological_adhesion_entity_or_process" label="biological adhesion entity or process"/>
      <span end="3520" id="17002498-22263" start="3512">adhesion</span>
    </annotation>
    <annotation annotator="Mike Bada, University of Colorado Anschutz Medical Campus" id="GO_BP_2016_02_16_Instance_12813" type="identity">
      <class id="GO:0065007" label="biological regulation"/>
      <span end="3559" id="17002498-21858" start="3549">regulation</span>
    </annotation>
    <annotation annotator="Mike Bada, University of Colorado Anschutz Medical Campus" id="GO_BP_2016_02_16_Instance_12815" type="identity">
      <class id="GO:0051726" label="regulation of cell cycle"/>
      <span end="3596" id="17002498-21860" start="3583">regulation of</span>
      <span end="3611" id="17002498-21861" start="3601">cell cycle</span>
    </annotation>
    <annotation annotator="Mike Bada, University of Colorado Anschutz Medical Campus" id="GO_BP_2016_02_16_Instance_12819" type="identity">
      <class id="GO:0042981" label="regulation of apoptotic process"/>
      <span end="3596" id="17002498-21865" start="3583">regulation of</span>
      <span end="3625" id="17002498-21866" start="3616">apoptosis</span>
    </annotation>
    <annotation annotator="Mike Bada, University of Colorado Anschutz Medical Campus" id="GO_BP_2016_02_16_Instance_190370" type="identity">
      <class id="GO:0098722" label="asymmetric stem cell division"/>
      <span end="3671" id="17002498-22100" start="3642">asymmetric stem cell division</span>
    </annotation>
    <annotation annotator="Mike Bada, University of Colorado Anschutz Medical Campus" id="GO_BP_2016_02_16_Instance_190372" type="identity">
      <class id="GO:2000114" label="regulation of establishment of cell polarity"/>
      <span end="3705" id="17002498-22102" start="3677">control of cell polarization</span>
    </annotation>
    <annotation annotator="Mike Bada, University of Colorado Anschutz Medical Campus" id="GO_BP_2016_02_16_Instance_12869" type="identity">
      <class id="GO:0030111" label="regulation of Wnt signaling pathway"/>
      <span end="4732" id="17002498-21881" start="4705">regulation of Wnt signaling</span>
    </annotation>
    <annotation annotator="Mike Bada, University of Colorado Anschutz Medical Campus" id="GO_BP_2016_02_16_Instance_38781" type="identity">
      <class id="GO:0009880" label="embryonic pattern specification"/>
      <span end="4763" id="17002498-22206" start="4736">embryonic pattern formation</span>
    </annotation>
    <annotation annotator="Mike Bada, University of Colorado Anschutz Medical Campus" id="GO_BP_2016_02_16_Instance_11451" type="identity">
      <class id="GO:0009887" label="organ morphogenesis"/>
      <span end="4784" id="17002498-21744" start="4768">morphogenesis of</span>
      <span end="4796" id="17002498-21745" start="4790">organs</span>
    </annotation>
    <annotation annotator="Mike Bada, University of Colorado Anschutz Medical Campus" id="GO_BP_2016_02_16_Instance_13095" type="identity">
      <class id="GO:0016265" label="death"/>
      <span end="5323" id="17002498-22047" start="5320">die</span>
    </annotation>
    <annotation annotator="Mike Bada, University of Colorado Anschutz Medical Campus" id="GO_BP_2016_02_16_Instance_12749" type="identity">
      <class id="GO:0009790" label="embryo development"/>
      <span end="5344" id="17002498-21815" start="5331">embryogenesis</span>
    </annotation>
    <annotation annotator="Mike Bada, University of Colorado Anschutz Medical Campus" id="GO_BP_2016_02_16_Instance_12725" type="identity">
      <class id="GO:0007369" label="gastrulation"/>
      <span end="5403" id="17002498-21803" start="5391">gastrulation</span>
    </annotation>
    <annotation annotator="Mike Bada, University of Colorado Anschutz Medical Campus" id="GO_BP_2016_02_16_Instance_13089" type="identity">
      <class id="GO:0007618" label="mating"/>
      <span end="5589" id="17002498-22041" start="5585">mate</span>
    </annotation>
    <annotation annotator="Mike Bada, University of Colorado Anschutz Medical Campus" id="GO_BP_2016_02_16_Instance_13087" type="identity">
      <class id="GO:0007618" label="mating"/>
      <span end="5881" id="17002498-22039" start="5876">mated</span>
    </annotation>
    <annotation annotator="Mike Bada, University of Colorado Anschutz Medical Campus" id="GO_BP_2016_02_16_Instance_12703" type="identity">
      <class id="GO:0065007" label="biological regulation"/>
      <span end="5938" id="17002498-21797" start="5931">control</span>
    </annotation>
    <annotation annotator="Mike Bada, University of Colorado Anschutz Medical Campus" id="GO_BP_2016_02_16_Instance_12915" type="identity">
      <class id="GO:0048513" label="animal organ development"/>
      <span end="6142" id="17002498-21892" start="6128">development of</span>
      <span end="6157" id="17002498-21893" start="6151">organs</span>
    </annotation>
    <annotation annotator="Mike Bada, University of Colorado Anschutz Medical Campus" id="GO_BP_2016_02_16_Instance_12733" type="identity">
      <class id="GO:0016265" label="death"/>
      <span end="6292" id="17002498-21807" start="6287">death</span>
    </annotation>
    <annotation annotator="Mike Bada, University of Colorado Anschutz Medical Campus" id="GO_BP_2016_02_16_Instance_12707" type="identity">
      <class id="GO:0001709" label="cell fate determination"/>
      <span end="6372" id="17002498-21801" start="6344">determinations of cell fates</span>
    </annotation>
    <annotation annotator="Mike Bada, University of Colorado Anschutz Medical Campus" id="GO_BP_2016_02_16_Instance_12729" type="identity">
      <class id="GO:0009790" label="embryo development"/>
      <span end="6405" id="17002498-21805" start="6384">embryonic development</span>
    </annotation>
    <annotation annotator="Mike Bada, University of Colorado Anschutz Medical Campus" id="GO_BP_2016_02_16_Instance_12823" type="identity">
      <class id="GO:0065007" label="biological regulation"/>
      <span end="6459" id="17002498-21870" start="6449">regulation</span>
    </annotation>
    <annotation annotator="Mike Bada, University of Colorado Anschutz Medical Campus" id="GO_BP_2016_02_16_Instance_12699" type="identity">
      <class id="GO:0043588" label="skin development"/>
      <span end="6634" id="17002498-21793" start="6615">development of skin</span>
    </annotation>
    <annotation annotator="Mike Bada, University of Colorado Anschutz Medical Campus" id="GO_BP_2016_02_16_Instance_190382" type="identity">
      <class id="GO_EXT:transcription" label="transcription"/>
      <span end="7112" id="17002498-22104" start="7097">transcriptional</span>
    </annotation>
    <annotation annotator="Mike Bada, University of Colorado Anschutz Medical Campus" id="GO_BP_2016_02_16_with_nested_annotations_Instance_120394" type="identity">
      <class id="GO_SO_EXT:sequence_rearrangement_process" label="sequence rearrangement process"/>
      <span end="7237" id="17002498-22213" start="7224">recombination</span>
    </annotation>
    <annotation annotator="Mike Bada, University of Colorado Anschutz Medical Campus" id="GO_BP_2016_02_16_with_nested_annotations_Instance_40008" type="identity">
      <class id="GO_PATO_EXT:biological_behavior" label="biological behavior"/>
      <span end="7379" id="17002498-22265" start="7373">behave</span>
    </annotation>
    <annotation annotator="Mike Bada, University of Colorado Anschutz Medical Campus" id="GO_BP_2016_02_16_Instance_190386" type="identity">
      <class id="GO_SO_EXT:frameshift_entity_or_process" label="frameshift entity or process"/>
      <span end="7942" id="17002498-22106" start="7934">shift in</span>
      <span end="7967" id="17002498-22107" start="7954">reading frame</span>
    </annotation>
    <annotation annotator="Mike Bada, University of Colorado Anschutz Medical Campus" id="GO_BP_2016_02_16_Instance_12737" type="identity">
      <class id="GO:0016265" label="death"/>
      <span end="8886" id="17002498-21809" start="8881">death</span>
    </annotation>
    <annotation annotator="Mike Bada, University of Colorado Anschutz Medical Campus" id="GO_BP_2016_02_16_Instance_190388" type="identity">
      <class id="GO_EXT:transcription" label="transcription"/>
      <span end="9060" id="17002498-22109" start="9047">transcription</span>
    </annotation>
    <annotation annotator="Mike Bada, University of Colorado Anschutz Medical Campus" id="GO_BP_2016_02_16_Instance_12743" type="identity">
      <class id="GO:0006412" label="translation"/>
      <span end="9076" id="17002498-21811" start="9065">translation</span>
    </annotation>
    <annotation annotator="Mike Bada, University of Colorado Anschutz Medical Campus" id="GO_BP_2016_02_16_Instance_12607" type="identity">
      <class id="GO:0001967" label="suckling behavior"/>
      <span end="9394" id="17002498-21759" start="9389">nurse</span>
    </annotation>
    <annotation annotator="Mike Bada, University of Colorado Anschutz Medical Campus" id="GO_BP_2016_02_16_Instance_12693" type="identity">
      <class id="GO:0007567" label="parturition"/>
      <span end="9943" id="17002498-21789" start="9939">born</span>
    </annotation>
    <annotation annotator="Mike Bada, University of Colorado Anschutz Medical Campus" id="GO_BP_2016_02_16_with_nested_annotations_Instance_80580" type="identity">
      <class id="GO_EXT:biological_growth_entity_or_process" label="biological growth entity or process"/>
      <span end="10143" id="17002498-22303" start="10137">Growth</span>
    </annotation>
    <annotation annotator="Mike Bada, University of Colorado Anschutz Medical Campus" id="GO_BP_2016_02_16_with_nested_annotations_Instance_22436" type="identity">
      <class id="GO_EXT:fatality_or_lethality" label="fatality/lethality"/>
      <span end="10175" id="17002498-22247" start="10166">Lethality</span>
    </annotation>
    <annotation annotator="Mike Bada, University of Colorado Anschutz Medical Campus" id="GO_BP_2016_02_16_Instance_13083" type="identity">
      <class id="GO:0010467" label="gene expression"/>
      <span end="10231" id="17002498-22035" start="10221">expressing</span>
    </annotation>
    <annotation annotator="Mike Bada, University of Colorado Anschutz Medical Campus" id="GO_BP_2016_02_16_Instance_13085" type="identity">
      <class id="GO:0010467" label="gene expression"/>
      <span end="10840" id="17002498-22037" start="10830">expression</span>
    </annotation>
    <annotation annotator="Mike Bada, University of Colorado Anschutz Medical Campus" id="GO_BP_2016_02_16_Instance_12695" type="identity">
      <class id="GO:0007067" label="mitotic nuclear division"/>
      <span end="10859" id="17002498-21791" start="10848">mitotically</span>
    </annotation>
    <annotation annotator="Mike Bada, University of Colorado Anschutz Medical Campus" id="GO_BP_2016_02_16_Instance_13015" type="identity">
      <class id="GO:0010467" label="gene expression"/>
      <span end="11084" id="17002498-21989" start="11074">expression</span>
    </annotation>
    <annotation annotator="Mike Bada, University of Colorado Anschutz Medical Campus" id="GO_BP_2016_02_16_Instance_12687" type="identity">
      <class id="GO:0007567" label="parturition"/>
      <span end="11395" id="17002498-21783" start="11391">born</span>
    </annotation>
    <annotation annotator="Mike Bada, University of Colorado Anschutz Medical Campus" id="GO_BP_2016_02_16_with_nested_annotations_Instance_22438" type="identity">
      <class id="GO_EXT:fatality_or_lethality" label="fatality/lethality"/>
      <span end="11574" id="17002498-22249" start="11565">lethality</span>
    </annotation>
    <annotation annotator="Mike Bada, University of Colorado Anschutz Medical Campus" id="GO_BP_2016_02_16_Instance_12679" type="identity">
      <class id="GO:0007567" label="parturition"/>
      <span end="11627" id="17002498-21775" start="11622">birth</span>
    </annotation>
    <annotation annotator="Mike Bada, University of Colorado Anschutz Medical Campus" id="GO_BP_2016_02_16_Instance_12689" type="identity">
      <class id="GO:0007567" label="parturition"/>
      <span end="11719" id="17002498-21785" start="11715">born</span>
    </annotation>
    <annotation annotator="Mike Bada, University of Colorado Anschutz Medical Campus" id="GO_BP_2016_02_16_Instance_12683" type="identity">
      <class id="GO:0007567" label="parturition"/>
      <span end="11849" id="17002498-21779" start="11845">born</span>
    </annotation>
    <annotation annotator="Mike Bada, University of Colorado Anschutz Medical Campus" id="GO_BP_2016_02_16_Instance_12653" type="identity">
      <class id="GO:0001967" label="suckling behavior"/>
      <span end="11913" id="17002498-21767" start="11907">nursed</span>
    </annotation>
    <annotation annotator="Mike Bada, University of Colorado Anschutz Medical Campus" id="GO_BP_2016_02_16_Instance_12677" type="identity">
      <class id="GO:0007567" label="parturition"/>
      <span end="11998" id="17002498-21773" start="11993">birth</span>
    </annotation>
    <annotation annotator="Mike Bada, University of Colorado Anschutz Medical Campus" id="GO_BP_2016_02_16_Instance_190390" type="identity">
      <class id="GO:0007567" label="parturition"/>
      <span end="12050" id="17002498-22111" start="12045">natal</span>
    </annotation>
    <annotation annotator="Mike Bada, University of Colorado Anschutz Medical Campus" id="GO_BP_2016_02_16_Instance_13097" type="identity">
      <class id="GO:0016265" label="death"/>
      <span end="12194" id="17002498-22049" start="12190">died</span>
    </annotation>
    <annotation annotator="Mike Bada, University of Colorado Anschutz Medical Campus" id="GO_BP_2016_02_16_with_nested_annotations_Instance_23167" type="identity">
      <class id="GO_PATO_EXT:biological_pigmentation_process_or_quality" label="biological pigmentation process or quality"/>
      <span end="12733" id="17002498-22259" start="12721">pigmentation</span>
    </annotation>
    <annotation annotator="Mike Bada, University of Colorado Anschutz Medical Campus" id="GO_BP_2016_02_16_Instance_12675" type="identity">
      <class id="GO:0007567" label="parturition"/>
      <span end="13008" id="17002498-21771" start="13003">birth</span>
    </annotation>
    <annotation annotator="Mike Bada, University of Colorado Anschutz Medical Campus" id="GO_BP_2016_02_16_Instance_13299" type="identity">
      <class id="GO:0040007" label="growth"/>
      <span end="13047" id="17002498-22066" start="13043">grew</span>
    </annotation>
    <annotation annotator="Mike Bada, University of Colorado Anschutz Medical Campus" id="GO_BP_2016_02_16_with_nested_annotations_Instance_80582" type="identity">
      <class id="GO_EXT:biological_growth_entity_or_process" label="biological growth entity or process"/>
      <span end="13070" id="17002498-22305" start="13064">Growth</span>
    </annotation>
    <annotation annotator="Mike Bada, University of Colorado Anschutz Medical Campus" id="GO_BP_2016_02_16_Instance_13165" type="identity">
      <class id="GO:0007631" label="feeding behavior"/>
      <span end="14294" id="17002498-22057" start="14288">ingest</span>
    </annotation>
    <annotation annotator="Mike Bada, University of Colorado Anschutz Medical Campus" id="GO_BP_2016_02_16_with_nested_annotations_Instance_80584" type="identity">
      <class id="GO_EXT:biological_growth_entity_or_process" label="biological growth entity or process"/>
      <span end="14383" id="17002498-22307" start="14377">growth</span>
    </annotation>
    <annotation annotator="Mike Bada, University of Colorado Anschutz Medical Campus" id="GO_BP_2016_02_16_Instance_12747" type="identity">
      <class id="GO:0016265" label="death"/>
      <span end="14605" id="17002498-21813" start="14600">death</span>
    </annotation>
    <annotation annotator="Mike Bada, University of Colorado Anschutz Medical Campus" id="GO_BP_2016_02_16_Instance_12685" type="identity">
      <class id="GO:0007567" label="parturition"/>
      <span end="14644" id="17002498-21781" start="14640">born</span>
    </annotation>
    <annotation annotator="Mike Bada, University of Colorado Anschutz Medical Campus" id="GO_BP_2016_02_16_Instance_13099" type="identity">
      <class id="GO:0016265" label="death"/>
      <span end="14659" id="17002498-22051" start="14655">died</span>
    </annotation>
    <annotation annotator="Mike Bada, University of Colorado Anschutz Medical Campus" id="GO_BP_2016_02_16_Instance_13013" type="identity">
      <class id="GO:0010467" label="gene expression"/>
      <span end="15736" id="17002498-21987" start="15726">Expression</span>
    </annotation>
    <annotation annotator="Mike Bada, University of Colorado Anschutz Medical Campus" id="GO_BP_2016_02_16_with_nested_annotations_Instance_120396" type="identity">
      <class id="GO_SO_EXT:sequence_rearrangement_process" label="sequence rearrangement process"/>
      <span end="15840" id="17002498-22215" start="15827">recombination</span>
    </annotation>
    <annotation annotator="Mike Bada, University of Colorado Anschutz Medical Campus" id="GO_BP_2016_02_16_with_nested_annotations_Instance_120398" type="identity">
      <class id="GO_SO_EXT:sequence_rearrangement_process" label="sequence rearrangement process"/>
      <span end="16599" id="17002498-22217" start="16586">recombination</span>
    </annotation>
    <annotation annotator="Mike Bada, University of Colorado Anschutz Medical Campus" id="GO_BP_2016_02_16_Instance_190398" type="identity">
      <class id="GO_EXT:reverse_transcription_or_reverse_transcriptase" label="reverse transcription or reverse transcriptase"/>
      <span end="16735" id="17002498-22113" start="16733">RT</span>
    </annotation>
    <annotation annotator="Mike Bada, University of Colorado Anschutz Medical Campus" id="GO_BP_2016_02_16_Instance_190400" type="identity">
      <class id="GO_EXT:reverse_transcription_or_reverse_transcriptase" label="reverse transcription or reverse transcriptase"/>
      <span end="16873" id="17002498-22115" start="16871">RT</span>
    </annotation>
    <annotation annotator="Mike Bada, University of Colorado Anschutz Medical Campus" id="GO_BP_2016_02_16_Instance_13011" type="identity">
      <class id="GO:0010467" label="gene expression"/>
      <span end="17001" id="17002498-21985" start="16992">expressed</span>
    </annotation>
    <annotation annotator="Mike Bada, University of Colorado Anschutz Medical Campus" id="GO_BP_2016_02_16_with_nested_annotations_Instance_120400" type="identity">
      <class id="GO_SO_EXT:sequence_rearrangement_process" label="sequence rearrangement process"/>
      <span end="17306" id="17002498-22219" start="17293">recombination</span>
    </annotation>
    <annotation annotator="Mike Bada, University of Colorado Anschutz Medical Campus" id="GO_BP_2016_02_16_Instance_11865" type="identity">
      <class id="GO:0008283" label="cell proliferation"/>
      <span end="18135" id="17002498-21747" start="18122">proliferating</span>
    </annotation>
    <annotation annotator="Mike Bada, University of Colorado Anschutz Medical Campus" id="GO_BP_2016_02_16_Instance_240978" type="identity">
      <class id="GO_RO_EXT:developmental_differentiation_process" label="developmental differentiation process"/>
      <span end="18169" id="17002498-22180" start="18156">differentiate</span>
    </annotation>
    <annotation annotator="Mike Bada, University of Colorado Anschutz Medical Campus" id="GO_BP_2016_02_16_Instance_12755" type="identity">
      <class id="GO:0042640" label="anagen"/>
      <span end="18283" id="17002498-21819" start="18268">anagen phase of</span>
      <span end="18298" id="17002498-21820" start="18288">hair cycle</span>
    </annotation>
    <annotation annotator="Mike Bada, University of Colorado Anschutz Medical Campus" id="GO_BP_2016_02_16_Instance_12681" type="identity">
      <class id="GO:0040007" label="growth"/>
      <span end="18361" id="17002498-21777" start="18357">grew</span>
    </annotation>
    <annotation annotator="Mike Bada, University of Colorado Anschutz Medical Campus" id="GO_BP_2016_02_16_Instance_190402" type="identity">
      <class id="GO_EXT:regulator" label="regulator"/>
      <span end="19345" id="17002498-22117" start="19336">regulator</span>
    </annotation>
    <annotation annotator="Mike Bada, University of Colorado Anschutz Medical Campus" id="GO_BP_2016_02_16_Instance_12875" type="identity">
      <class id="GO:0016055" label="Wnt signaling pathway"/>
      <span end="19394" id="17002498-21887" start="19381">Wnt signaling</span>
    </annotation>
    <annotation annotator="Mike Bada, University of Colorado Anschutz Medical Campus" id="GO_BP_2016_02_16_Instance_13009" type="identity">
      <class id="GO:0010467" label="gene expression"/>
      <span end="19434" id="17002498-21983" start="19424">expression</span>
    </annotation>
    <annotation annotator="Mike Bada, University of Colorado Anschutz Medical Campus" id="GO_BP_2016_02_16_Instance_13007" type="identity">
      <class id="GO:0010467" label="gene expression"/>
      <span end="19636" id="17002498-21981" start="19626">expression</span>
    </annotation>
    <annotation annotator="Mike Bada, University of Colorado Anschutz Medical Campus" id="GO_BP_2016_02_16_Instance_13005" type="identity">
      <class id="GO:0010467" label="gene expression"/>
      <span end="19696" id="17002498-21979" start="19686">expression</span>
    </annotation>
    <annotation annotator="Mike Bada, University of Colorado Anschutz Medical Campus" id="GO_BP_2016_02_16_Instance_13003" type="identity">
      <class id="GO:0010467" label="gene expression"/>
      <span end="19874" id="17002498-21977" start="19864">expression</span>
    </annotation>
    <annotation annotator="Mike Bada, University of Colorado Anschutz Medical Campus" id="GO_BP_2016_02_16_Instance_240980" type="identity">
      <class id="GO_RO_EXT:developmental_differentiation_process" label="developmental differentiation process"/>
      <span end="20036" id="17002498-22182" start="20021">differentiation</span>
    </annotation>
    <annotation annotator="Mike Bada, University of Colorado Anschutz Medical Campus" id="GO_BP_2016_02_16_Instance_13001" type="identity">
      <class id="GO:0010467" label="gene expression"/>
      <span end="20096" id="17002498-21975" start="20086">expression</span>
    </annotation>
    <annotation annotator="Mike Bada, University of Colorado Anschutz Medical Campus" id="GO_BP_2016_02_16_Instance_12999" type="identity">
      <class id="GO:0010467" label="gene expression"/>
      <span end="20136" id="17002498-21973" start="20127">expressed</span>
    </annotation>
    <annotation annotator="Mike Bada, University of Colorado Anschutz Medical Campus" id="GO_BP_2016_02_16_with_nested_annotations_Instance_542" type="identity">
      <class id="GO_PATO_EXT:biological_localization_process_or_quality" label="biological localization process or quality"/>
      <span end="20348" id="17002498-22271" start="20336">localization</span>
    </annotation>
    <annotation annotator="Mike Bada, University of Colorado Anschutz Medical Campus" id="GO_BP_2016_02_16_with_nested_annotations_Instance_544" type="identity">
      <class id="GO_PATO_EXT:biological_localization_process_or_quality" label="biological localization process or quality"/>
      <span end="20517" id="17002498-22273" start="20509">localize</span>
    </annotation>
    <annotation annotator="Mike Bada, University of Colorado Anschutz Medical Campus" id="GO_BP_2016_02_16_Instance_11867" type="identity">
      <class id="GO:0008283" label="cell proliferation"/>
      <span end="20602" id="17002498-21749" start="20589">proliferating</span>
    </annotation>
    <annotation annotator="Mike Bada, University of Colorado Anschutz Medical Campus" id="GO_BP_2016_02_16_Instance_12997" type="identity">
      <class id="GO:0010467" label="gene expression"/>
      <span end="20789" id="17002498-21971" start="20779">expression</span>
    </annotation>
    <annotation annotator="Mike Bada, University of Colorado Anschutz Medical Campus" id="GO_BP_2016_02_16_Instance_11869" type="identity">
      <class id="GO:0008283" label="cell proliferation"/>
      <span end="21063" id="17002498-21751" start="21050">proliferating</span>
    </annotation>
    <annotation annotator="Mike Bada, University of Colorado Anschutz Medical Campus" id="GO_BP_2016_02_16_Instance_11871" type="identity">
      <class id="GO:0008283" label="cell proliferation"/>
      <span end="21142" id="17002498-21753" start="21129">proliferation</span>
    </annotation>
    <annotation annotator="Mike Bada, University of Colorado Anschutz Medical Campus" id="GO_BP_2016_02_16_with_nested_annotations_Instance_546" type="identity">
      <class id="GO_PATO_EXT:biological_localization_process_or_quality" label="biological localization process or quality"/>
      <span end="21450" id="17002498-22275" start="21438">localization</span>
    </annotation>
    <annotation annotator="Mike Bada, University of Colorado Anschutz Medical Campus" id="GO_BP_2016_02_16_with_nested_annotations_Instance_548" type="identity">
      <class id="GO_PATO_EXT:biological_localization_process_or_quality" label="biological localization process or quality"/>
      <span end="21524" id="17002498-22277" start="21512">localization</span>
    </annotation>
    <annotation annotator="Mike Bada, University of Colorado Anschutz Medical Campus" id="GO_BP_2016_02_16_Instance_12995" type="identity">
      <class id="GO:0010467" label="gene expression"/>
      <span end="21611" id="17002498-21969" start="21601">expressing</span>
    </annotation>
    <annotation annotator="Mike Bada, University of Colorado Anschutz Medical Campus" id="GO_BP_2016_02_16_Instance_11873" type="identity">
      <class id="GO:0008283" label="cell proliferation"/>
      <span end="21658" id="17002498-21755" start="21645">proliferating</span>
    </annotation>
    <annotation annotator="Mike Bada, University of Colorado Anschutz Medical Campus" id="GO_BP_2016_02_16_Instance_12431" type="identity">
      <class id="GO:0008283" label="cell proliferation"/>
      <span end="21957" id="17002498-21757" start="21944">proliferating</span>
    </annotation>
    <annotation annotator="Mike Bada, University of Colorado Anschutz Medical Campus" id="GO_BP_2016_02_16_Instance_12761" type="identity">
      <class id="GO:0031069" label="hair follicle morphogenesis"/>
      <span end="22024" id="17002498-21822" start="21997">hair follicle morphogenesis</span>
    </annotation>
    <annotation annotator="Mike Bada, University of Colorado Anschutz Medical Campus" id="GO_BP_2016_02_16_Instance_12993" type="identity">
      <class id="GO:0010467" label="gene expression"/>
      <span end="22069" id="17002498-21967" start="22059">expression</span>
    </annotation>
    <annotation annotator="Mike Bada, University of Colorado Anschutz Medical Campus" id="GO_BP_2016_02_16_Instance_12991" type="identity">
      <class id="GO:0010467" label="gene expression"/>
      <span end="22121" id="17002498-21965" start="22112">expressed</span>
    </annotation>
    <annotation annotator="Mike Bada, University of Colorado Anschutz Medical Campus" id="GO_BP_2016_02_16_Instance_12777" type="identity">
      <class id="GO:0031069" label="hair follicle morphogenesis"/>
      <span end="22206" id="17002498-21828" start="22179">hair follicle morphogenesis</span>
    </annotation>
    <annotation annotator="Mike Bada, University of Colorado Anschutz Medical Campus" id="GO_BP_2016_02_16_Instance_12989" type="identity">
      <class id="GO:0010467" label="gene expression"/>
      <span end="22295" id="17002498-21963" start="22285">expression</span>
    </annotation>
    <annotation annotator="Mike Bada, University of Colorado Anschutz Medical Campus" id="GO_BP_2016_02_16_Instance_12987" type="identity">
      <class id="GO:0010467" label="gene expression"/>
      <span end="22703" id="17002498-21961" start="22693">expression</span>
    </annotation>
    <annotation annotator="Mike Bada, University of Colorado Anschutz Medical Campus" id="GO_BP_2016_02_16_Instance_12779" type="identity">
      <class id="GO:0031069" label="hair follicle morphogenesis"/>
      <span end="22914" id="17002498-21830" start="22887">hair follicle morphogenesis</span>
    </annotation>
    <annotation annotator="Mike Bada, University of Colorado Anschutz Medical Campus" id="GO_BP_2016_02_16_Instance_12985" type="identity">
      <class id="GO:0010467" label="gene expression"/>
      <span end="23052" id="17002498-21959" start="23042">expression</span>
    </annotation>
    <annotation annotator="Mike Bada, University of Colorado Anschutz Medical Campus" id="GO_BP_2016_02_16_with_nested_annotations_Instance_22983" type="identity">
      <class id="GO_PATO_EXT:biological_patterning_process_or_quality" label="biological patterning process or quality"/>
      <span end="23232" id="17002498-22257" start="23222">patterning</span>
    </annotation>
    <annotation annotator="Mike Bada, University of Colorado Anschutz Medical Campus" id="GO_BP_2016_02_16_Instance_240982" type="identity">
      <class id="GO_RO_EXT:developmental_differentiation_process" label="developmental differentiation process"/>
      <span end="23878" id="17002498-22184" start="23863">differentiation</span>
    </annotation>
    <annotation annotator="Mike Bada, University of Colorado Anschutz Medical Campus" id="GO_BP_2016_02_16_Instance_24077" type="identity">
      <class id="GO:0048598" label="embryonic morphogenesis"/>
      <span end="23951" id="17002498-22177" start="23942">embryonic</span>
      <span end="23979" id="17002498-22178" start="23966">morphogenesis</span>
    </annotation>
    <annotation annotator="Mike Bada, University of Colorado Anschutz Medical Campus" id="GO_BP_2016_02_16_Instance_12769" type="identity">
      <class id="GO:0031069" label="hair follicle morphogenesis"/>
      <span end="23979" id="17002498-21824" start="23952">hair follicle morphogenesis</span>
    </annotation>
    <annotation annotator="Mike Bada, University of Colorado Anschutz Medical Campus" id="GO_BP_2016_02_16_Instance_12773" type="identity">
      <class id="GO:0031069" label="hair follicle morphogenesis"/>
      <span end="24066" id="17002498-21826" start="24039">hair follicle morphogenesis</span>
    </annotation>
    <annotation annotator="Mike Bada, University of Colorado Anschutz Medical Campus" id="GO_BP_2016_02_16_Instance_190404" type="identity">
      <class id="GO:0007567" label="parturition"/>
      <span end="24079" id="17002498-22119" start="24074">natal</span>
    </annotation>
    <annotation annotator="Mike Bada, University of Colorado Anschutz Medical Campus" id="GO_BP_2016_02_16_with_nested_annotations_Instance_40278" type="identity">
      <class id="CHEBI_GO_EXT:biological_process_or_quality_or_role" label="biological process, quality or role"/>
      <span end="24185" id="17002498-22269" start="24178">biology</span>
    </annotation>
    <annotation annotator="Mike Bada, University of Colorado Anschutz Medical Campus" id="GO_BP_2016_02_16_Instance_13295" type="identity">
      <class id="GO:0040007" label="growth"/>
      <span end="24839" id="17002498-22062" start="24835">grow</span>
    </annotation>
    <annotation annotator="Mike Bada, University of Colorado Anschutz Medical Campus" id="GO_BP_2016_02_16_Instance_13045" type="identity">
      <class id="GO:0010467" label="gene expression"/>
      <span end="24926" id="17002498-22019" start="24916">expression</span>
    </annotation>
    <annotation annotator="Mike Bada, University of Colorado Anschutz Medical Campus" id="GO_BP_2016_02_16_Instance_13047" type="identity">
      <class id="GO:0010467" label="gene expression"/>
      <span end="25010" id="17002498-22021" start="25000">expression</span>
    </annotation>
    <annotation annotator="Mike Bada, University of Colorado Anschutz Medical Campus" id="GO_BP_2016_02_16_Instance_13041" type="identity">
      <class id="GO:0010467" label="gene expression"/>
      <span end="25054" id="17002498-22015" start="25044">expressing</span>
    </annotation>
    <annotation annotator="Mike Bada, University of Colorado Anschutz Medical Campus" id="GO_BP_2016_02_16_Instance_13043" type="identity">
      <class id="GO:0010467" label="gene expression"/>
      <span end="25141" id="17002498-22017" start="25131">expressing</span>
    </annotation>
    <annotation annotator="Mike Bada, University of Colorado Anschutz Medical Campus" id="GO_BP_2016_02_16_Instance_13037" type="identity">
      <class id="GO:0010467" label="gene expression"/>
      <span end="25366" id="17002498-22011" start="25356">expression</span>
    </annotation>
    <annotation annotator="Mike Bada, University of Colorado Anschutz Medical Campus" id="GO_BP_2016_02_16_Instance_12785" type="identity">
      <class id="GO:0031069" label="hair follicle morphogenesis"/>
      <span end="25633" id="17002498-21834" start="25606">hair follicle morphogenesis</span>
    </annotation>
    <annotation annotator="Mike Bada, University of Colorado Anschutz Medical Campus" id="GO_BP_2016_02_16_Instance_13039" type="identity">
      <class id="GO:0010467" label="gene expression"/>
      <span end="25794" id="17002498-22013" start="25784">expression</span>
    </annotation>
    <annotation annotator="Mike Bada, University of Colorado Anschutz Medical Campus" id="GO_BP_2016_02_16_Instance_13033" type="identity">
      <class id="GO:0010467" label="gene expression"/>
      <span end="26055" id="17002498-22007" start="26045">expression</span>
    </annotation>
    <annotation annotator="Mike Bada, University of Colorado Anschutz Medical Campus" id="GO_BP_2016_02_16_Instance_26239" type="identity">
      <class id="GO:0060033" label="anatomical structure regression"/>
      <span end="26735" id="17002498-22202" start="26726">regresses</span>
    </annotation>
    <annotation annotator="Mike Bada, University of Colorado Anschutz Medical Campus" id="GO_BP_2016_02_16_Instance_12691" type="identity">
      <class id="GO:0007067" label="mitotic nuclear division"/>
      <span end="26852" id="17002498-21787" start="26841">mitotically</span>
    </annotation>
    <annotation annotator="Mike Bada, University of Colorado Anschutz Medical Campus" id="GO_BP_2016_02_16_Instance_13035" type="identity">
      <class id="GO:0010467" label="gene expression"/>
      <span end="27046" id="17002498-22009" start="27036">expression</span>
    </annotation>
    <annotation annotator="Mike Bada, University of Colorado Anschutz Medical Campus" id="GO_BP_2016_02_16_Instance_13029" type="identity">
      <class id="GO:0010467" label="gene expression"/>
      <span end="27321" id="17002498-22003" start="27311">expression</span>
    </annotation>
    <annotation annotator="Mike Bada, University of Colorado Anschutz Medical Campus" id="GO_BP_2016_02_16_Instance_240984" type="identity">
      <class id="GO_PATO_RO_EXT:developmental_differentiation_process_or_quality" label="developmental differentiation process or quality"/>
      <span end="27524" id="17002498-22186" start="27510">differentiated</span>
    </annotation>
    <annotation annotator="Mike Bada, University of Colorado Anschutz Medical Campus" id="GO_BP_2016_02_16_with_nested_annotations_Instance_550" type="identity">
      <class id="GO_PATO_EXT:biological_localization_process_or_quality" label="biological localization process or quality"/>
      <span end="28856" id="17002498-22279" start="28844">Localization</span>
    </annotation>
    <annotation annotator="Mike Bada, University of Colorado Anschutz Medical Campus" id="GO_BP_2016_02_16_with_nested_annotations_Instance_552" type="identity">
      <class id="GO_PATO_EXT:biological_localization_process_or_quality" label="biological localization process or quality"/>
      <span end="28946" id="17002498-22281" start="28934">localization</span>
    </annotation>
    <annotation annotator="Mike Bada, University of Colorado Anschutz Medical Campus" id="GO_BP_2016_02_16_Instance_190408" type="identity">
      <class id="GO_PATO_EXT:cell_proliferation_or_proliferativity" label="cell proliferation or proliferativity"/>
      <span end="29166" id="17002498-22121" start="29153">Proliferative</span>
    </annotation>
    <annotation annotator="Mike Bada, University of Colorado Anschutz Medical Campus" id="GO_BP_2016_02_16_Instance_13031" type="identity">
      <class id="GO:0010467" label="gene expression"/>
      <span end="29439" id="17002498-22005" start="29429">expression</span>
    </annotation>
    <annotation annotator="Mike Bada, University of Colorado Anschutz Medical Campus" id="GO_BP_2016_02_16_Instance_13025" type="identity">
      <class id="GO:0010467" label="gene expression"/>
      <span end="29474" id="17002498-21999" start="29464">expression</span>
    </annotation>
    <annotation annotator="Mike Bada, University of Colorado Anschutz Medical Campus" id="GO_BP_2016_02_16_Instance_13027" type="identity">
      <class id="GO:0010467" label="gene expression"/>
      <span end="30017" id="17002498-22001" start="30007">expressing</span>
    </annotation>
    <annotation annotator="Mike Bada, University of Colorado Anschutz Medical Campus" id="GO_BP_2016_02_16_Instance_13385" type="identity">
      <class id="GO:0031424" label="keratinization"/>
      <span end="30030" id="17002498-22074" start="30018">keratinizing</span>
    </annotation>
    <annotation annotator="Mike Bada, University of Colorado Anschutz Medical Campus" id="GO_BP_2016_02_16_with_nested_annotations_Instance_1266" type="identity">
      <class id="GO_EXT:reaction_or_response" label="reaction/response"/>
      <span end="30186" id="17002498-22235" start="30178">response</span>
    </annotation>
    <annotation annotator="Mike Bada, University of Colorado Anschutz Medical Campus" id="GO_BP_2016_02_16_Instance_240986" type="identity">
      <class id="GO_RO_EXT:developmental_differentiation_process" label="developmental differentiation process"/>
      <span end="30294" id="17002498-22188" start="30279">differentiation</span>
    </annotation>
    <annotation annotator="Mike Bada, University of Colorado Anschutz Medical Campus" id="GO_BP_2016_02_16_Instance_13387" type="identity">
      <class id="GO:0031424" label="keratinization"/>
      <span end="30583" id="17002498-22076" start="30571">keratinizing</span>
    </annotation>
    <annotation annotator="Mike Bada, University of Colorado Anschutz Medical Campus" id="GO_BP_2016_02_16_Instance_13021" type="identity">
      <class id="GO:0010467" label="gene expression"/>
      <span end="30692" id="17002498-21995" start="30682">expression</span>
    </annotation>
    <annotation annotator="Mike Bada, University of Colorado Anschutz Medical Campus" id="GO_BP_2016_02_16_with_nested_annotations_Instance_554" type="identity">
      <class id="GO_PATO_EXT:biological_localization_process_or_quality" label="biological localization process or quality"/>
      <span end="30896" id="17002498-22283" start="30884">localization</span>
    </annotation>
    <annotation annotator="Mike Bada, University of Colorado Anschutz Medical Campus" id="GO_BP_2016_02_16_Instance_240988" type="identity">
      <class id="GO_PATO_RO_EXT:developmental_differentiation_process_or_quality" label="developmental differentiation process or quality"/>
      <span end="30983" id="17002498-22190" start="30969">differentiated</span>
    </annotation>
    <annotation annotator="Mike Bada, University of Colorado Anschutz Medical Campus" id="GO_BP_2016_02_16_Instance_13023" type="identity">
      <class id="GO:0010467" label="gene expression"/>
      <span end="31057" id="17002498-21997" start="31047">expression</span>
    </annotation>
    <annotation annotator="Mike Bada, University of Colorado Anschutz Medical Campus" id="GO_BP_2016_02_16_Instance_13017" type="identity">
      <class id="GO:0010467" label="gene expression"/>
      <span end="31159" id="17002498-21991" start="31149">expression</span>
    </annotation>
    <annotation annotator="Mike Bada, University of Colorado Anschutz Medical Campus" id="GO_BP_2016_02_16_with_nested_annotations_Instance_556" type="identity">
      <class id="GO_PATO_EXT:biological_localization_process_or_quality" label="biological localization process or quality"/>
      <span end="31214" id="17002498-22285" start="31206">localize</span>
    </annotation>
    <annotation annotator="Mike Bada, University of Colorado Anschutz Medical Campus" id="GO_BP_2016_02_16_Instance_13019" type="identity">
      <class id="GO:0010467" label="gene expression"/>
      <span end="31237" id="17002498-21993" start="31227">expression</span>
    </annotation>
    <annotation annotator="Mike Bada, University of Colorado Anschutz Medical Campus" id="GO_BP_2016_02_16_Instance_12947" type="identity">
      <class id="GO:0010467" label="gene expression"/>
      <span end="31438" id="17002498-21921" start="31428">expressing</span>
    </annotation>
    <annotation annotator="Mike Bada, University of Colorado Anschutz Medical Campus" id="GO_BP_2016_02_16_Instance_12611" type="identity">
      <class id="GO:0008283" label="cell proliferation"/>
      <span end="31480" id="17002498-21761" start="31467">proliferation</span>
    </annotation>
    <annotation annotator="Mike Bada, University of Colorado Anschutz Medical Campus" id="GO_BP_2016_02_16_Instance_13391" type="identity">
      <class id="GO:0030216" label="keratinocyte differentiation"/>
      <span end="31517" id="17002498-22078" start="31485">differentiation to keratinocytes</span>
    </annotation>
    <annotation annotator="Mike Bada, University of Colorado Anschutz Medical Campus" id="GO_BP_2016_02_16_with_nested_annotations_Instance_21862" type="identity">
      <class id="GO_PATO_EXT:biological_maturation" label="biological maturation"/>
      <span end="31701" id="17002498-22241" start="31691">maturation</span>
    </annotation>
    <annotation annotator="Mike Bada, University of Colorado Anschutz Medical Campus" id="GO_BP_2016_02_16_Instance_12873" type="identity">
      <class id="GO:0016055" label="Wnt signaling pathway"/>
      <span end="31791" id="17002498-21885" start="31770">Wnt signaling pathway</span>
    </annotation>
    <annotation annotator="Mike Bada, University of Colorado Anschutz Medical Campus" id="GO_BP_2016_02_16_Instance_13101" type="identity">
      <class id="GO:0016265" label="death"/>
      <span end="32577" id="17002498-22053" start="32574">die</span>
    </annotation>
    <annotation annotator="Mike Bada, University of Colorado Anschutz Medical Campus" id="GO_BP_2016_02_16_Instance_12783" type="identity">
      <class id="GO:0007369" label="gastrulation"/>
      <span end="32597" id="17002498-21832" start="32585">gastrulation</span>
    </annotation>
    <annotation annotator="Mike Bada, University of Colorado Anschutz Medical Campus" id="GO_BP_2016_02_16_with_nested_annotations_Instance_22440" type="identity">
      <class id="GO_EXT:fatality_or_lethality" label="fatality/lethality"/>
      <span end="32759" id="17002498-22251" start="32750">lethality</span>
    </annotation>
    <annotation annotator="Mike Bada, University of Colorado Anschutz Medical Campus" id="GO_BP_2016_02_16_Instance_12945" type="identity">
      <class id="GO:0010467" label="gene expression"/>
      <span end="33198" id="17002498-21919" start="33191">express</span>
    </annotation>
    <annotation annotator="Mike Bada, University of Colorado Anschutz Medical Campus" id="GO_BP_2016_02_16_Instance_13073" type="identity">
      <class id="GO:0016265" label="death"/>
      <span end="33331" id="17002498-22027" start="33327">died</span>
    </annotation>
    <annotation annotator="Mike Bada, University of Colorado Anschutz Medical Campus" id="GO_BP_2016_02_16_Instance_12793" type="identity">
      <class id="GO:0031069" label="hair follicle morphogenesis"/>
      <span end="33440" id="17002498-21838" start="33413">Hair Follicle Morphogenesis</span>
    </annotation>
    <annotation annotator="Mike Bada, University of Colorado Anschutz Medical Campus" id="GO_BP_2016_02_16_Instance_12795" type="identity">
      <class id="GO:0001942" label="hair follicle development"/>
      <span end="33485" id="17002498-21840" start="33460">hair follicle development</span>
    </annotation>
    <annotation annotator="Mike Bada, University of Colorado Anschutz Medical Campus" id="GO_BP_2016_02_16_with_nested_annotations_Instance_1268" type="identity">
      <class id="GO_EXT:reaction_or_response" label="reaction/response"/>
      <span end="33585" id="17002498-22237" start="33577">response</span>
    </annotation>
    <annotation annotator="Mike Bada, University of Colorado Anschutz Medical Campus" id="GO_BP_2016_02_16_Instance_12863" type="identity">
      <class id="GO:0016055" label="Wnt signaling pathway"/>
      <span end="33790" id="17002498-21879" start="33769">Wnt signaling pathway</span>
    </annotation>
    <annotation annotator="Mike Bada, University of Colorado Anschutz Medical Campus" id="GO_BP_2016_02_16_Instance_190420" type="identity">
      <class id="GO_EXT:cell_communication_or_signaling_or_signal_transduction" label="cell communication, signaling or signal transduction"/>
      <span end="33919" id="17002498-22123" start="33910">signaling</span>
    </annotation>
    <annotation annotator="Mike Bada, University of Colorado Anschutz Medical Campus" id="GO_BP_2016_02_16_Instance_12951" type="identity">
      <class id="GO:0010467" label="gene expression"/>
      <span end="33934" id="17002498-21925" start="33924">expression</span>
    </annotation>
    <annotation annotator="Mike Bada, University of Colorado Anschutz Medical Campus" id="GO_BP_2016_02_16_Instance_12949" type="identity">
      <class id="GO:0010467" label="gene expression"/>
      <span end="34026" id="17002498-21923" start="34016">expression</span>
    </annotation>
    <annotation annotator="Mike Bada, University of Colorado Anschutz Medical Campus" id="GO_BP_2016_02_16_Instance_190422" type="identity">
      <class id="GO_EXT:negative_regulation" label="negative regulation"/>
      <span end="34127" id="17002498-22125" start="34112">down-regulation</span>
    </annotation>
    <annotation annotator="Mike Bada, University of Colorado Anschutz Medical Campus" id="GO_BP_2016_02_16_Instance_190424" type="identity">
      <class id="GO_EXT:cell_communication_or_signaling_or_signal_transduction" label="cell communication, signaling or signal transduction"/>
      <span end="34150" id="17002498-22127" start="34141">signaling</span>
    </annotation>
    <annotation annotator="Mike Bada, University of Colorado Anschutz Medical Campus" id="GO_BP_2016_02_16_Instance_12939" type="identity">
      <class id="GO:0010467" label="gene expression"/>
      <span end="34194" id="17002498-21913" start="34184">expression</span>
    </annotation>
    <annotation annotator="Mike Bada, University of Colorado Anschutz Medical Campus" id="GO_BP_2016_02_16_Instance_190426" type="identity">
      <class id="GO:0009653" label="anatomical structure morphogenesis"/>
      <span end="34517" id="17002498-22129" start="34504">morphogenesis</span>
    </annotation>
    <annotation annotator="Mike Bada, University of Colorado Anschutz Medical Campus" id="GO_BP_2016_02_16_Instance_190428" type="identity">
      <class id="GO_EXT:cell_communication_or_signaling_or_signal_transduction" label="cell communication, signaling or signal transduction"/>
      <span end="34700" id="17002498-22131" start="34691">signaling</span>
    </annotation>
    <annotation annotator="Mike Bada, University of Colorado Anschutz Medical Campus" id="GO_BP_2016_02_16_Instance_13411" type="identity">
      <class id="GO:0001715" label="ectodermal cell fate specification"/>
      <span end="34773" id="17002498-22083" start="34757">specification of</span>
      <span end="34794" id="17002498-22084" start="34784">ectodermal</span>
      <span end="34805" id="17002498-22085" start="34800">cells</span>
    </annotation>
    <annotation annotator="Mike Bada, University of Colorado Anschutz Medical Campus" id="GO_BP_2016_02_16_Instance_13409" type="identity">
      <class id="GO:0048866" label="stem cell fate specification"/>
      <span end="34773" id="17002498-22080" start="34757">specification of</span>
      <span end="34805" id="17002498-22081" start="34795">stem cells</span>
    </annotation>
    <annotation annotator="Mike Bada, University of Colorado Anschutz Medical Campus" id="GO_BP_2016_02_16_Instance_190430" type="identity">
      <class id="GO_EXT:negative_regulation" label="negative regulation"/>
      <span end="34874" id="17002498-22133" start="34859">down-regulation</span>
    </annotation>
    <annotation annotator="Mike Bada, University of Colorado Anschutz Medical Campus" id="GO_BP_2016_02_16_Instance_12937" type="identity">
      <class id="GO:0010467" label="gene expression"/>
      <span end="34944" id="17002498-21911" start="34934">expression</span>
    </annotation>
    <annotation annotator="Mike Bada, University of Colorado Anschutz Medical Campus" id="GO_BP_2016_02_16_Instance_190432" type="identity">
      <class id="GO:0060789" label="hair follicle placode formation"/>
      <span end="35011" id="17002498-22135" start="34989">hair placode formation</span>
    </annotation>
    <annotation annotator="Mike Bada, University of Colorado Anschutz Medical Campus" id="GO_BP_2016_02_16_with_nested_annotations_Instance_80586" type="identity">
      <class id="GO_EXT:biological_growth_entity_or_process" label="biological growth entity or process"/>
      <span end="35054" id="17002498-22309" start="35048">growth</span>
    </annotation>
    <annotation annotator="Mike Bada, University of Colorado Anschutz Medical Campus" id="GO_BP_2016_02_16_Instance_12943" type="identity">
      <class id="GO:0010467" label="gene expression"/>
      <span end="35323" id="17002498-21917" start="35313">expressing</span>
    </annotation>
    <annotation annotator="Mike Bada, University of Colorado Anschutz Medical Campus" id="GO_BP_2016_02_16_Instance_12701" type="identity">
      <class id="GO:0065007" label="biological regulation"/>
      <span end="35358" id="17002498-21795" start="35351">control</span>
    </annotation>
    <annotation annotator="Mike Bada, University of Colorado Anschutz Medical Campus" id="GO_BP_2016_02_16_Instance_13415" type="identity">
      <class id="GO:0048598" label="embryonic morphogenesis"/>
      <span end="35866" id="17002498-22087" start="35857">embryonic</span>
      <span end="35894" id="17002498-22088" start="35881">morphogenesis</span>
    </annotation>
    <annotation annotator="Mike Bada, University of Colorado Anschutz Medical Campus" id="GO_BP_2016_02_16_Instance_12791" type="identity">
      <class id="GO:0031069" label="hair follicle morphogenesis"/>
      <span end="35894" id="17002498-21836" start="35867">hair follicle morphogenesis</span>
    </annotation>
    <annotation annotator="Mike Bada, University of Colorado Anschutz Medical Campus" id="GO_BP_2016_02_16_Instance_190434" type="identity">
      <class id="GO:0007567" label="parturition"/>
      <span end="35957" id="17002498-22137" start="35950">natally</span>
    </annotation>
    <annotation annotator="Mike Bada, University of Colorado Anschutz Medical Campus" id="GO_BP_2016_02_16_Instance_12941" type="identity">
      <class id="GO:0010467" label="gene expression"/>
      <span end="36136" id="17002498-21915" start="36126">expression</span>
    </annotation>
    <annotation annotator="Mike Bada, University of Colorado Anschutz Medical Campus" id="GO_BP_2016_02_16_Instance_12931" type="identity">
      <class id="GO:0010467" label="gene expression"/>
      <span end="36238" id="17002498-21905" start="36228">expression</span>
    </annotation>
    <annotation annotator="Mike Bada, University of Colorado Anschutz Medical Campus" id="GO_BP_2016_02_16_Instance_190436" type="identity">
      <class id="GO_EXT:transcription" label="transcription"/>
      <span end="36467" id="17002498-22139" start="36452">transcriptional</span>
    </annotation>
    <annotation annotator="Mike Bada, University of Colorado Anschutz Medical Campus" id="GO_BP_2016_02_16_Instance_12753" type="identity">
      <class id="GO:0009790" label="embryo development"/>
      <span end="36604" id="17002498-21817" start="36591">embryogenesis</span>
    </annotation>
    <annotation annotator="Mike Bada, University of Colorado Anschutz Medical Campus" id="GO_BP_2016_02_16_Instance_12929" type="identity">
      <class id="GO:0010467" label="gene expression"/>
      <span end="36651" id="17002498-21903" start="36641">expression</span>
    </annotation>
    <annotation annotator="Mike Bada, University of Colorado Anschutz Medical Campus" id="GO_BP_2016_02_16_with_nested_annotations_Instance_120402" type="identity">
      <class id="GO_SO_EXT:sequence_rearrangement_process" label="sequence rearrangement process"/>
      <span end="36757" id="17002498-22221" start="36744">recombination</span>
    </annotation>
    <annotation annotator="Mike Bada, University of Colorado Anschutz Medical Campus" id="GO_BP_2016_02_16_Instance_13313" type="identity">
      <class id="GO:0031069" label="hair follicle morphogenesis"/>
      <span end="36972" id="17002498-22068" start="36946">hair follicle morphgenesis</span>
    </annotation>
    <annotation annotator="Mike Bada, University of Colorado Anschutz Medical Campus" id="GO_BP_2016_02_16_Instance_190438" type="identity">
      <class id="GO:0010467" label="gene expression"/>
      <span end="37066" id="17002498-22141" start="37056">expression</span>
    </annotation>
    <annotation annotator="Mike Bada, University of Colorado Anschutz Medical Campus" id="GO_BP_2016_02_16_Instance_12935" type="identity">
      <class id="GO:0010467" label="gene expression"/>
      <span end="37207" id="17002498-21909" start="37197">expression</span>
    </annotation>
    <annotation annotator="Mike Bada, University of Colorado Anschutz Medical Campus" id="GO_BP_2016_02_16_Instance_12933" type="identity">
      <class id="GO:0010467" label="gene expression"/>
      <span end="37269" id="17002498-21907" start="37259">expressing</span>
    </annotation>
    <annotation annotator="Mike Bada, University of Colorado Anschutz Medical Campus" id="GO_BP_2016_02_16_Instance_240990" type="identity">
      <class id="GO_RO_EXT:developmental_differentiation_process" label="developmental differentiation process"/>
      <span end="37300" id="17002498-22192" start="37287">differentiate</span>
    </annotation>
    <annotation annotator="Mike Bada, University of Colorado Anschutz Medical Campus" id="GO_BP_2016_02_16_Instance_12923" type="identity">
      <class id="GO:0010467" label="gene expression"/>
      <span end="37791" id="17002498-21897" start="37781">expression</span>
    </annotation>
    <annotation annotator="Mike Bada, University of Colorado Anschutz Medical Campus" id="GO_BP_2016_02_16_Instance_240992" type="identity">
      <class id="GO_PATO_RO_EXT:developmental_differentiation_process_or_quality" label="developmental differentiation process or quality"/>
      <span end="37835" id="17002498-22194" start="37821">differentiated</span>
    </annotation>
    <annotation annotator="Mike Bada, University of Colorado Anschutz Medical Campus" id="GO_BP_2016_02_16_Instance_190442" type="identity">
      <class id="GO:0007567" label="parturition"/>
      <span end="37854" id="17002498-22143" start="37849">natal</span>
    </annotation>
    <annotation annotator="Mike Bada, University of Colorado Anschutz Medical Campus" id="GO_BP_2016_02_16_Instance_12921" type="identity">
      <class id="GO:0010467" label="gene expression"/>
      <span end="37988" id="17002498-21895" start="37978">expressing</span>
    </annotation>
    <annotation annotator="Mike Bada, University of Colorado Anschutz Medical Campus" id="GO_BP_2016_02_16_Instance_12927" type="identity">
      <class id="GO:0010467" label="gene expression"/>
      <span end="38031" id="17002498-21901" start="38021">expression</span>
    </annotation>
    <annotation annotator="Mike Bada, University of Colorado Anschutz Medical Campus" id="GO_BP_2016_02_16_Instance_12809" type="identity">
      <class id="GO:0001709" label="cell fate determination"/>
      <span end="38071" id="17002498-21854" start="38048">cell fate determination</span>
    </annotation>
    <annotation annotator="Mike Bada, University of Colorado Anschutz Medical Campus" id="GO_BP_2016_02_16_Instance_190444" type="identity">
      <class id="GO_EXT:negative_regulation" label="negative regulation"/>
      <span end="38250" id="17002498-22145" start="38235">down-regulation</span>
    </annotation>
    <annotation annotator="Mike Bada, University of Colorado Anschutz Medical Campus" id="GO_BP_2016_02_16_Instance_12805" type="identity">
      <class id="GO:0031069" label="hair follicle morphogenesis"/>
      <span end="38501" id="17002498-21850" start="38474">hair follicle morphogenesis</span>
    </annotation>
    <annotation annotator="Mike Bada, University of Colorado Anschutz Medical Campus" id="GO_BP_2016_02_16_Instance_190446" type="identity">
      <class id="GO:0010467" label="gene expression"/>
      <span end="38770" id="17002498-22147" start="38760">expressing</span>
    </annotation>
    <annotation annotator="Mike Bada, University of Colorado Anschutz Medical Campus" id="GO_BP_2016_02_16_Instance_12673" type="identity">
      <class id="GO:0007567" label="parturition"/>
      <span end="38827" id="17002498-21769" start="38822">birth</span>
    </annotation>
    <annotation annotator="Mike Bada, University of Colorado Anschutz Medical Campus" id="GO_BP_2016_02_16_Instance_13417" type="identity">
      <class id="GO:0009790" label="embryo development"/>
      <span end="38897" id="17002498-22090" start="38888">embryonic</span>
      <span end="38915" id="17002498-22091" start="38904">development</span>
    </annotation>
    <annotation annotator="Mike Bada, University of Colorado Anschutz Medical Campus" id="GO_BP_2016_02_16_Instance_12925" type="identity">
      <class id="GO:0010467" label="gene expression"/>
      <span end="38961" id="17002498-21899" start="38951">expression</span>
    </annotation>
    <annotation annotator="Mike Bada, University of Colorado Anschutz Medical Campus" id="GO_BP_2016_02_16_Instance_190448" type="identity">
      <class id="GO:0007567" label="parturition"/>
      <span end="39317" id="17002498-22149" start="39310">natally</span>
    </annotation>
    <annotation annotator="Mike Bada, University of Colorado Anschutz Medical Campus" id="GO_BP_2016_02_16_with_nested_annotations_Instance_22442" type="identity">
      <class id="GO_EXT:fatality_or_lethality" label="fatality/lethality"/>
      <span end="39324" id="17002498-22253" start="39318">lethal</span>
    </annotation>
    <annotation annotator="Mike Bada, University of Colorado Anschutz Medical Campus" id="GO_BP_2016_02_16_with_nested_annotations_Instance_22444" type="identity">
      <class id="GO_EXT:fatality_or_lethality" label="fatality/lethality"/>
      <span end="39483" id="17002498-22255" start="39474">lethality</span>
    </annotation>
    <annotation annotator="Mike Bada, University of Colorado Anschutz Medical Campus" id="GO_BP_2016_02_16_Instance_13075" type="identity">
      <class id="GO:0016265" label="death"/>
      <span end="39651" id="17002498-22029" start="39647">died</span>
    </annotation>
    <annotation annotator="Mike Bada, University of Colorado Anschutz Medical Campus" id="GO_BP_2016_02_16_Instance_13419" type="identity">
      <class id="GO:0001967" label="suckling behavior"/>
      <span end="39870" id="17002498-22093" start="39864">nursed</span>
    </annotation>
    <annotation annotator="Mike Bada, University of Colorado Anschutz Medical Campus" id="GO_BP_2016_02_16_Instance_12801" type="identity">
      <class id="GO:0016265" label="death"/>
      <span end="39954" id="17002498-21846" start="39949">death</span>
    </annotation>
    <annotation annotator="Mike Bada, University of Colorado Anschutz Medical Campus" id="GO_BP_2016_02_16_Instance_12977" type="identity">
      <class id="GO:0010467" label="gene expression"/>
      <span end="40106" id="17002498-21951" start="40096">expressing</span>
    </annotation>
    <annotation annotator="Mike Bada, University of Colorado Anschutz Medical Campus" id="GO_BP_2016_02_16_Instance_13317" type="identity">
      <class id="GO:0048538" label="thymus development"/>
      <span end="40489" id="17002498-22070" start="40469">Thymus Organogenesis</span>
    </annotation>
    <annotation annotator="Mike Bada, University of Colorado Anschutz Medical Campus" id="GO_BP_2016_02_16_Instance_190450" type="identity">
      <class id="GO_PATO_EXT:biological_maturation" label="biological maturation"/>
      <span end="40717" id="17002498-22151" start="40707">maturation</span>
    </annotation>
    <annotation annotator="Mike Bada, University of Colorado Anschutz Medical Campus" id="GO_BP_2016_02_16_Instance_12979" type="identity">
      <class id="GO:0010467" label="gene expression"/>
      <span end="40817" id="17002498-21953" start="40807">expression</span>
    </annotation>
    <annotation annotator="Mike Bada, University of Colorado Anschutz Medical Campus" id="GO_BP_2016_02_16_Instance_190452" type="identity">
      <class id="GO:0010467" label="gene expression"/>
      <span end="41034" id="17002498-22153" start="41027">express</span>
    </annotation>
    <annotation annotator="Mike Bada, University of Colorado Anschutz Medical Campus" id="GO_BP_2016_02_16_Instance_12981" type="identity">
      <class id="GO:0010467" label="gene expression"/>
      <span end="41231" id="17002498-21955" start="41221">expression</span>
    </annotation>
    <annotation annotator="Mike Bada, University of Colorado Anschutz Medical Campus" id="GO_BP_2016_02_16_Instance_12983" type="identity">
      <class id="GO:0010467" label="gene expression"/>
      <span end="41308" id="17002498-21957" start="41298">expression</span>
    </annotation>
    <annotation annotator="Mike Bada, University of Colorado Anschutz Medical Campus" id="GO_BP_2016_02_16_Instance_190454" type="identity">
      <class id="GO:0010467" label="gene expression"/>
      <span end="41423" id="17002498-22155" start="41414">expressed</span>
    </annotation>
    <annotation annotator="Mike Bada, University of Colorado Anschutz Medical Campus" id="GO_BP_2016_02_16_Instance_12969" type="identity">
      <class id="GO:0010467" label="gene expression"/>
      <span end="41940" id="17002498-21943" start="41930">expressing</span>
    </annotation>
    <annotation annotator="Mike Bada, University of Colorado Anschutz Medical Campus" id="GO_BP_2016_02_16_Instance_240994" type="identity">
      <class id="GO_RO_EXT:developmental_differentiation_process" label="developmental differentiation process"/>
      <span end="42089" id="17002498-22196" start="42074">differentiation</span>
    </annotation>
    <annotation annotator="Mike Bada, University of Colorado Anschutz Medical Campus" id="GO_BP_2016_02_16_Instance_12613" type="identity">
      <class id="GO:0008283" label="cell proliferation"/>
      <span end="42367" id="17002498-21763" start="42354">proliferation</span>
    </annotation>
    <annotation annotator="Mike Bada, University of Colorado Anschutz Medical Campus" id="GO_BP_2016_02_16_Instance_12971" type="identity">
      <class id="GO:0010467" label="gene expression"/>
      <span end="42457" id="17002498-21945" start="42447">expression</span>
    </annotation>
    <annotation annotator="Mike Bada, University of Colorado Anschutz Medical Campus" id="GO_BP_2016_02_16_with_nested_annotations_Instance_558" type="identity">
      <class id="GO_PATO_EXT:biological_localization_process_or_quality" label="biological localization process or quality"/>
      <span end="42540" id="17002498-22287" start="42528">localization</span>
    </annotation>
    <annotation annotator="Mike Bada, University of Colorado Anschutz Medical Campus" id="GO_BP_2016_02_16_with_nested_annotations_Instance_560" type="identity">
      <class id="GO_PATO_EXT:biological_localization_process_or_quality" label="biological localization process or quality"/>
      <span end="42914" id="17002498-22289" start="42902">localization</span>
    </annotation>
    <annotation annotator="Mike Bada, University of Colorado Anschutz Medical Campus" id="GO_BP_2016_02_16_with_nested_annotations_Instance_60202" type="identity">
      <class id="GO_PATO_RO_EXT:developmental_differentiation_process_or_quality" label="developmental differentiation process or quality"/>
      <span end="42982" id="17002498-22293" start="42968">differentiated</span>
    </annotation>
    <annotation annotator="Mike Bada, University of Colorado Anschutz Medical Campus" id="GO_BP_2016_02_16_Instance_12973" type="identity">
      <class id="GO:0010467" label="gene expression"/>
      <span end="43016" id="17002498-21947" start="43007">expressed</span>
    </annotation>
    <annotation annotator="Mike Bada, University of Colorado Anschutz Medical Campus" id="GO_BP_2016_02_16_Instance_240998" type="identity">
      <class id="GO_RO_EXT:developmental_differentiation_process" label="developmental differentiation process"/>
      <span end="43131" id="17002498-22198" start="43116">differentiation</span>
    </annotation>
    <annotation annotator="Mike Bada, University of Colorado Anschutz Medical Campus" id="GO_BP_2016_02_16_Instance_12975" type="identity">
      <class id="GO:0010467" label="gene expression"/>
      <span end="43545" id="17002498-21949" start="43535">expression</span>
    </annotation>
    <annotation annotator="Mike Bada, University of Colorado Anschutz Medical Campus" id="GO_BP_2016_02_16_with_nested_annotations_Instance_21976" type="identity">
      <class id="GO_EXT:biological_direction_or_guidance" label="biological direction/guidance"/>
      <span end="43593" id="17002498-22243" start="43585">directed</span>
    </annotation>
    <annotation annotator="Mike Bada, University of Colorado Anschutz Medical Campus" id="GO_BP_2016_02_16_Instance_241000" type="identity">
      <class id="GO_RO_EXT:developmental_differentiation_process" label="developmental differentiation process"/>
      <span end="43665" id="17002498-22200" start="43650">differentiation</span>
    </annotation>
    <annotation annotator="Mike Bada, University of Colorado Anschutz Medical Campus" id="GO_BP_2016_02_16_Instance_12961" type="identity">
      <class id="GO:0010467" label="gene expression"/>
      <span end="43887" id="17002498-21935" start="43877">expression</span>
    </annotation>
    <annotation annotator="Mike Bada, University of Colorado Anschutz Medical Campus" id="GO_BP_2016_02_16_Instance_12861" type="identity">
      <class id="GO:0048538" label="thymus development"/>
      <span end="44002" id="17002498-21877" start="43984">thymic development</span>
    </annotation>
    <annotation annotator="Mike Bada, University of Colorado Anschutz Medical Campus" id="GO_BP_2016_02_16_Instance_12797" type="identity">
      <class id="GO:0048538" label="thymus development"/>
      <span end="44250" id="17002498-21842" start="44232">thymus development</span>
    </annotation>
    <annotation annotator="Mike Bada, University of Colorado Anschutz Medical Campus" id="GO_BP_2016_02_16_Instance_12963" type="identity">
      <class id="GO:0010467" label="gene expression"/>
      <span end="45007" id="17002498-21937" start="44997">expressing</span>
    </annotation>
    <annotation annotator="Mike Bada, University of Colorado Anschutz Medical Campus" id="GO_BP_2016_02_16_Instance_13427" type="identity">
      <class id="GO:0009653" label="anatomical structure morphogenesis"/>
      <span end="45053" id="17002498-22095" start="45040">morphogenesis</span>
    </annotation>
    <annotation annotator="Mike Bada, University of Colorado Anschutz Medical Campus" id="GO_BP_2016_02_16_Instance_13325" type="identity">
      <class id="GO:0048538" label="thymus development"/>
      <span end="45150" id="17002498-22072" start="45131">thymus organogensis</span>
    </annotation>
    <annotation annotator="Mike Bada, University of Colorado Anschutz Medical Campus" id="GO_BP_2016_02_16_Instance_12965" type="identity">
      <class id="GO:0010467" label="gene expression"/>
      <span end="45204" id="17002498-21939" start="45194">expression</span>
    </annotation>
    <annotation annotator="Mike Bada, University of Colorado Anschutz Medical Campus" id="GO_BP_2016_02_16_Instance_22719" type="identity">
      <class id="GO:0065007" label="biological regulation"/>
      <span end="45239" id="17002498-22175" start="45229">regulation</span>
    </annotation>
    <annotation annotator="Mike Bada, University of Colorado Anschutz Medical Campus" id="GO_BP_2016_02_16_Instance_13429" type="identity">
      <class id="GO:0048468" label="cell development"/>
      <span end="45913" id="17002498-22097" start="45900">Generation of</span>
      <span end="45929" id="17002498-22098" start="45924">cells</span>
    </annotation>
    <annotation annotator="Mike Bada, University of Colorado Anschutz Medical Campus" id="GO_BP_2016_02_16_with_nested_annotations_Instance_120404" type="identity">
      <class id="GO_SO_EXT:sequence_rearrangement_process" label="sequence rearrangement process"/>
      <span end="46722" id="17002498-22223" start="46709">recombination</span>
    </annotation>
    <annotation annotator="Mike Bada, University of Colorado Anschutz Medical Campus" id="GO_BP_2016_02_16_with_nested_annotations_Instance_120406" type="identity">
      <class id="GO_SO_EXT:sequence_rearrangement_process" label="sequence rearrangement process"/>
      <span end="46859" id="17002498-22225" start="46846">recombination</span>
    </annotation>
    <annotation annotator="Mike Bada, University of Colorado Anschutz Medical Campus" id="GO_BP_2016_02_16_Instance_190464" type="identity">
      <class id="GO_EXT:breeding" label="breeding"/>
      <span end="47026" id="17002498-22157" start="47022">bred</span>
    </annotation>
    <annotation annotator="Mike Bada, University of Colorado Anschutz Medical Campus" id="GO_BP_2016_02_16_Instance_12967" type="identity">
      <class id="GO:0010467" label="gene expression"/>
      <span end="47172" id="17002498-21941" start="47165">express</span>
    </annotation>
    <annotation annotator="Mike Bada, University of Colorado Anschutz Medical Campus" id="GO_BP_2016_02_16_Instance_190466" type="identity">
      <class id="GO_EXT:biological_movement_or_translocation_process" label="biological movement/translocation process"/>
      <span end="49745" id="17002498-22159" start="49734">transferred</span>
    </annotation>
    <annotation annotator="Mike Bada, University of Colorado Anschutz Medical Campus" id="GO_BP_2016_02_16_with_nested_annotations_Instance_120408" type="identity">
      <class id="GO_SO_EXT:sequence_rearrangement_process" label="sequence rearrangement process"/>
      <span end="50022" id="17002498-22227" start="50009">recombination</span>
    </annotation>
    <annotation annotator="Mike Bada, University of Colorado Anschutz Medical Campus" id="GO_BP_2016_02_16_with_nested_annotations_Instance_120410" type="identity">
      <class id="GO_SO_EXT:sequence_rearrangement_process" label="sequence rearrangement process"/>
      <span end="50063" id="17002498-22229" start="50050">recombination</span>
    </annotation>
    <annotation annotator="Mike Bada, University of Colorado Anschutz Medical Campus" id="GO_BP_2016_02_16_Instance_190468" type="identity">
      <class id="GO_EXT:reverse_transcription_or_reverse_transcriptase" label="reverse transcription or reverse transcriptase"/>
      <span end="50121" id="17002498-22161" start="50119">RT</span>
    </annotation>
    <annotation annotator="Mike Bada, University of Colorado Anschutz Medical Campus" id="GO_BP_2016_02_16_Instance_12953" type="identity">
      <class id="GO:0010467" label="gene expression"/>
      <span end="50341" id="17002498-21927" start="50331">expression</span>
    </annotation>
    <annotation annotator="Mike Bada, University of Colorado Anschutz Medical Campus" id="GO_BP_2016_02_16_Instance_190470" type="identity">
      <class id="GO_EXT:reverse_transcription_or_reverse_transcriptase" label="reverse transcription or reverse transcriptase"/>
      <span end="50407" id="17002498-22163" start="50405">RT</span>
    </annotation>
    <annotation annotator="Mike Bada, University of Colorado Anschutz Medical Campus" id="GO_BP_2016_02_16_Instance_190472" type="identity">
      <class id="GO:0001171" label="reverse transcription"/>
      <span end="50627" id="17002498-22165" start="50608">reverse-transcribed</span>
    </annotation>
    <annotation annotator="Mike Bada, University of Colorado Anschutz Medical Campus" id="GO_BP_2016_02_16_Instance_12821" type="identity">
      <class id="GO:0016265" label="death"/>
      <span end="50969" id="17002498-21868" start="50964">death</span>
    </annotation>
    <annotation annotator="Mike Bada, University of Colorado Anschutz Medical Campus" id="GO_BP_2016_02_16_with_nested_annotations_Instance_40140" type="identity">
      <class id="GO_EXT:killing" label="killing"/>
      <span end="51147" id="17002498-22267" start="51141">killed</span>
    </annotation>
    <annotation annotator="Mike Bada, University of Colorado Anschutz Medical Campus" id="GO_BP_2016_02_16_Instance_12817" type="identity">
      <class id="GO:0009293" label="transduction"/>
      <span end="52259" id="17002498-21863" start="52247">Transduction</span>
    </annotation>
    <annotation annotator="Mike Bada, University of Colorado Anschutz Medical Campus" id="GO_BP_2016_02_16_with_nested_annotations_Instance_23169" type="identity">
      <class id="GO_PATO_EXT:biological_pigmentation_process_or_quality" label="biological pigmentation process or quality"/>
      <span end="53790" id="17002498-22261" start="53777">pigmentations</span>
    </annotation>
    <annotation annotator="Mike Bada, University of Colorado Anschutz Medical Campus" id="GO_BP_2016_02_16_Instance_13297" type="identity">
      <class id="GO:0040007" label="growth"/>
      <span end="53918" id="17002498-22064" start="53914">grow</span>
    </annotation>
    <annotation annotator="Mike Bada, University of Colorado Anschutz Medical Campus" id="GO_BP_2016_02_16_Instance_190474" type="identity">
      <class id="GO:0007567" label="parturition"/>
      <span end="55240" id="17002498-22167" start="55235">natal</span>
    </annotation>
    <annotation annotator="Mike Bada, University of Colorado Anschutz Medical Campus" id="GO_BP_2016_02_16_Instance_12955" type="identity">
      <class id="GO:0010467" label="gene expression"/>
      <span end="55694" id="17002498-21929" start="55684">expressing</span>
    </annotation>
    <annotation annotator="Mike Bada, University of Colorado Anschutz Medical Campus" id="GO_BP_2016_02_16_Instance_190476" type="identity">
      <class id="GO_EXT:reverse_transcription_or_reverse_transcriptase" label="reverse transcription or reverse transcriptase"/>
      <span end="55769" id="17002498-22169" start="55767">RT</span>
    </annotation>
    <annotation annotator="Mike Bada, University of Colorado Anschutz Medical Campus" id="GO_BP_2016_02_16_with_nested_annotations_Instance_120412" type="identity">
      <class id="GO_SO_EXT:sequence_rearrangement_process" label="sequence rearrangement process"/>
      <span end="55919" id="17002498-22231" start="55906">recombination</span>
    </annotation>
    <annotation annotator="Mike Bada, University of Colorado Anschutz Medical Campus" id="GO_BP_2016_02_16_with_nested_annotations_Instance_10686" type="identity">
      <class id="GO:0007567" label="parturition"/>
      <span end="56884" id="17002498-22211" start="56879">natal</span>
    </annotation>
    <annotation annotator="Mike Bada, University of Colorado Anschutz Medical Campus" id="GO_BP_2016_02_16_with_nested_annotations_Instance_80588" type="identity">
      <class id="GO_EXT:biological_growth_entity_or_process" label="biological growth entity or process"/>
      <span end="56913" id="17002498-22311" start="56907">Growth</span>
    </annotation>
    <annotation annotator="Mike Bada, University of Colorado Anschutz Medical Campus" id="GO_BP_2016_02_16_with_nested_annotations_Instance_120414" type="identity">
      <class id="GO_SO_EXT:sequence_rearrangement_process" label="sequence rearrangement process"/>
      <span end="57158" id="17002498-22233" start="57148">recombined</span>
    </annotation>
    <annotation annotator="Mike Bada, University of Colorado Anschutz Medical Campus" id="GO_BP_2016_02_16_with_nested_annotations_Instance_80590" type="identity">
      <class id="GO_EXT:biological_growth_entity_or_process" label="biological growth entity or process"/>
      <span end="57693" id="17002498-22313" start="57687">Growth</span>
    </annotation>
    <annotation annotator="Mike Bada, University of Colorado Anschutz Medical Campus" id="GO_BP_2016_02_16_with_nested_annotations_Instance_80592" type="identity">
      <class id="GO_EXT:biological_growth_entity_or_process" label="biological growth entity or process"/>
      <span end="57765" id="17002498-22315" start="57759">growth</span>
    </annotation>
    <annotation annotator="Mike Bada, University of Colorado Anschutz Medical Campus" id="GO_BP_2016_02_16_with_nested_annotations_Instance_20006" type="identity">
      <class id="GO_PATO_EXT:aging_or_agedness" label="aging or agedess"/>
      <span end="57807" id="17002498-22239" start="57803">aged</span>
    </annotation>
    <annotation annotator="Mike Bada, University of Colorado Anschutz Medical Campus" id="GO_BP_2016_02_16_Instance_12957" type="identity">
      <class id="GO:0010467" label="gene expression"/>
      <span end="58255" id="17002498-21931" start="58245">Expression</span>
    </annotation>
    <annotation annotator="Mike Bada, University of Colorado Anschutz Medical Campus" id="GO_BP_2016_02_16_Instance_12959" type="identity">
      <class id="GO:0010467" label="gene expression"/>
      <span end="58512" id="17002498-21933" start="58502">expression</span>
    </annotation>
    <annotation annotator="Mike Bada, University of Colorado Anschutz Medical Campus" id="GO_BP_2016_02_16_Instance_190480" type="identity">
      <class id="GO_EXT:reverse_transcription_or_reverse_transcriptase" label="reverse transcription or reverse transcriptase"/>
      <span end="58573" id="17002498-22171" start="58571">RT</span>
    </annotation>
    <annotation annotator="Mike Bada, University of Colorado Anschutz Medical Campus" id="GO_BP_2016_02_16_Instance_190482" type="identity">
      <class id="GO:0009653" label="anatomical structure morphogenesis"/>
      <span end="59113" id="17002498-22173" start="59100">morphogenesis</span>
    </annotation>
    <annotation annotator="Mike Bada, University of Colorado Anschutz Medical Campus" id="GO_BP_2016_02_16_Instance_13291" type="identity">
      <class id="GO:0001942" label="hair follicle development"/>
      <span end="59144" id="17002498-22059" start="59132">formation of</span>
      <span end="59192" id="17002498-22060" start="59178">hair follicles</span>
    </annotation>
    <annotation annotator="Mike Bada, University of Colorado Anschutz Medical Campus" id="GO_BP_2016_02_16_Instance_12615" type="identity">
      <class id="GO:0008283" label="cell proliferation"/>
      <span end="59266" id="17002498-21765" start="59253">proliferation</span>
    </annotation>
    <annotation annotator="Mike Bada, University of Colorado Anschutz Medical Campus" id="GO_BP_2016_02_16_with_nested_annotations_Instance_562" type="identity">
      <class id="GO_PATO_EXT:biological_localization_process_or_quality" label="biological localization process or quality"/>
      <span end="59536" id="17002498-22291" start="59524">localization</span>
    </annotation>
    <annotation annotator="Mike Bada, University of Colorado Anschutz Medical Campus" id="GO_BP_2016_02_16_Instance_12799" type="identity">
      <class id="GO:0010467" label="gene expression"/>
      <span end="59704" id="17002498-21844" start="59694">Expression</span>
    </annotation>
    <annotation annotator="Mike Bada, University of Colorado Anschutz Medical Campus" id="GO_BP_2016_02_16_Instance_36671" type="identity">
      <class id="GO:0007618" label="mating"/>
      <span end="60926" id="17002498-22204" start="60919">Matings</span>
    </annotation>
    <graph-space id="Old Knowtator Relations"/>
  </document>
</knowtator-project>
