<?xml version="1.0" encoding="UTF-8" standalone="no"?>
<knowtator-project>
  <document id="17022820" text-file="17022820.txt">
    <annotation annotator="Mike Bada, University of Colorado Anschutz Medical Campus" id="GO_BP_2016_02_16_with_nested_annotations_Instance_1272" type="identity">
      <class id="GO_EXT:reaction_or_response" label="reaction/response"/>
      <span end="38" id="17022820-22789" start="30">response</span>
    </annotation>
    <annotation annotator="Mike Bada, University of Colorado Anschutz Medical Campus" id="GO_BP_2016_02_16_Instance_53845" type="identity">
      <class id="GO:0007599" label="hemostasis"/>
      <span end="52" id="17022820-22741" start="42">hemostasis</span>
    </annotation>
    <annotation annotator="Mike Bada, University of Colorado Anschutz Medical Campus" id="GO_BP_2016_02_16_Instance_30975" type="identity">
      <class id="GO:0007596" label="blood coagulation"/>
      <span end="67" id="17022820-22681" start="57">thrombosis</span>
    </annotation>
    <annotation annotator="Mike Bada, University of Colorado Anschutz Medical Campus" id="GO_BP_2016_02_16_Instance_30977" type="identity">
      <class id="GO:0007596" label="blood coagulation"/>
      <span end="101" id="17022820-22683" start="91">Thrombosis</span>
    </annotation>
    <annotation annotator="Mike Bada, University of Colorado Anschutz Medical Campus" id="GO_BP_2016_02_16_with_nested_annotations_Instance_22542" type="identity">
      <class id="GO_EXT:fatality_or_lethality" label="fatality/lethality"/>
      <span end="114" id="17022820-22813" start="109">fatal</span>
    </annotation>
    <annotation annotator="Mike Bada, University of Colorado Anschutz Medical Campus" id="GO_BP_2016_02_16_Instance_10033" type="identity">
      <class id="GO:0065007" label="biological regulation"/>
      <span end="471" id="17022820-22563" start="463">regulate</span>
    </annotation>
    <annotation annotator="Mike Bada, University of Colorado Anschutz Medical Campus" id="GO_BP_2016_02_16_Instance_30979" type="identity">
      <class id="GO:0007596" label="blood coagulation"/>
      <span end="482" id="17022820-22685" start="472">thrombosis</span>
    </annotation>
    <annotation annotator="Mike Bada, University of Colorado Anschutz Medical Campus" id="GO_BP_2016_02_16_Instance_53847" type="identity">
      <class id="GO:0007599" label="hemostasis"/>
      <span end="497" id="17022820-22743" start="487">hemostasis</span>
    </annotation>
    <annotation annotator="Mike Bada, University of Colorado Anschutz Medical Campus" id="GO_BP_2016_02_16_Instance_30981" type="identity">
      <class id="GO:0007596" label="blood coagulation"/>
      <span end="553" id="17022820-22687" start="543">thrombosis</span>
    </annotation>
    <annotation annotator="Mike Bada, University of Colorado Anschutz Medical Campus" id="GO_BP_2016_02_16_Instance_53849" type="identity">
      <class id="GO:0007599" label="hemostasis"/>
      <span end="568" id="17022820-22745" start="558">hemostasis</span>
    </annotation>
    <annotation annotator="Mike Bada, University of Colorado Anschutz Medical Campus" id="GO_BP_2016_02_16_with_nested_annotations_Instance_1274" type="identity">
      <class id="GO_EXT:reaction_or_response" label="reaction/response"/>
      <span end="634" id="17022820-22791" start="626">response</span>
    </annotation>
    <annotation annotator="Mike Bada, University of Colorado Anschutz Medical Campus" id="GO_BP_2016_02_16_Instance_30983" type="identity">
      <class id="GO:0007596" label="blood coagulation"/>
      <span end="758" id="17022820-22689" start="748">thrombosis</span>
    </annotation>
    <annotation annotator="Mike Bada, University of Colorado Anschutz Medical Campus" id="GO_BP_2016_02_16_Instance_53851" type="identity">
      <class id="GO:0007599" label="hemostasis"/>
      <span end="773" id="17022820-22747" start="763">hemostasis</span>
    </annotation>
    <annotation annotator="Mike Bada, University of Colorado Anschutz Medical Campus" id="GO_BP_2016_02_16_Instance_30985" type="identity">
      <class id="GO:0007596" label="blood coagulation"/>
      <span end="994" id="17022820-22691" start="984">thrombosis</span>
    </annotation>
    <annotation annotator="Mike Bada, University of Colorado Anschutz Medical Campus" id="GO_BP_2016_02_16_Instance_53853" type="identity">
      <class id="GO:0007599" label="hemostasis"/>
      <span end="1009" id="17022820-22749" start="999">hemostasis</span>
    </annotation>
    <annotation annotator="Mike Bada, University of Colorado Anschutz Medical Campus" id="GO_BP_2016_02_16_with_nested_annotations_Instance_1276" type="identity">
      <class id="GO_EXT:reaction_or_response" label="reaction/response"/>
      <span end="1191" id="17022820-22793" start="1183">response</span>
    </annotation>
    <annotation annotator="Mike Bada, University of Colorado Anschutz Medical Campus" id="GO_BP_2016_02_16_Instance_190578" type="identity">
      <class id="GO:0007599" label="hemostasis"/>
      <span end="1248" id="17022820-22642" start="1230">Thrombus occlusion</span>
    </annotation>
    <annotation annotator="Mike Bada, University of Colorado Anschutz Medical Campus" id="GO_BP_2016_02_16_Instance_53855" type="identity">
      <class id="GO:0050817" label="coagulation"/>
      <span end="1468" id="17022820-22751" start="1457">Coagulation</span>
    </annotation>
    <annotation annotator="Mike Bada, University of Colorado Anschutz Medical Campus" id="GO_BP_2016_02_16_Instance_30989" type="identity">
      <class id="GO:0007596" label="blood coagulation"/>
      <span end="2063" id="17022820-22693" start="2053">thrombosis</span>
    </annotation>
    <annotation annotator="Mike Bada, University of Colorado Anschutz Medical Campus" id="GO_BP_2016_02_16_Instance_24435" type="identity">
      <class id="GO:0007599" label="hemostasis"/>
      <span end="2079" id="17022820-22677" start="2068">haemostasis</span>
    </annotation>
    <annotation annotator="Mike Bada, University of Colorado Anschutz Medical Campus" id="GO_BP_2016_02_16_with_nested_annotations_Instance_1278" type="identity">
      <class id="GO_EXT:reaction_or_response" label="reaction/response"/>
      <span end="2422" id="17022820-22795" start="2414">response</span>
    </annotation>
    <annotation annotator="Mike Bada, University of Colorado Anschutz Medical Campus" id="GO_BP_2016_02_16_Instance_30991" type="identity">
      <class id="GO:0007596" label="blood coagulation"/>
      <span end="2460" id="17022820-22695" start="2450">thrombosis</span>
    </annotation>
    <annotation annotator="Mike Bada, University of Colorado Anschutz Medical Campus" id="GO_BP_2016_02_16_Instance_30993" type="identity">
      <class id="GO:0007596" label="blood coagulation"/>
      <span end="2568" id="17022820-22697" start="2558">thrombotic</span>
    </annotation>
    <annotation annotator="Mike Bada, University of Colorado Anschutz Medical Campus" id="GO_BP_2016_02_16_Instance_30973" type="identity">
      <class id="GO:0007596" label="blood coagulation"/>
      <span end="2822" id="17022820-22679" start="2804">Thrombus formation</span>
    </annotation>
    <annotation annotator="Mike Bada, University of Colorado Anschutz Medical Campus" id="GO_BP_2016_02_16_Instance_30995" type="identity">
      <class id="GO:0007596" label="blood coagulation"/>
      <span end="3079" id="17022820-22699" start="3069">thrombosis</span>
    </annotation>
    <annotation annotator="Mike Bada, University of Colorado Anschutz Medical Campus" id="GO_BP_2016_02_16_with_nested_annotations_Instance_1280" type="identity">
      <class id="GO_EXT:reaction_or_response" label="reaction/response"/>
      <span end="3101" id="17022820-22797" start="3092">responses</span>
    </annotation>
    <annotation annotator="Mike Bada, University of Colorado Anschutz Medical Campus" id="GO_BP_2016_02_16_Instance_53857" type="identity">
      <class id="GO:0050817" label="coagulation"/>
      <span end="3216" id="17022820-22753" start="3205">coagulation</span>
    </annotation>
    <annotation annotator="Mike Bada, University of Colorado Anschutz Medical Campus" id="GO_BP_2016_02_16_Instance_13161" type="identity">
      <class id="GO:0042730" label="fibrinolysis"/>
      <span end="3238" id="17022820-22575" start="3226">fibrinolytic</span>
    </annotation>
    <annotation annotator="Mike Bada, University of Colorado Anschutz Medical Campus" id="GO_BP_2016_02_16_Instance_30997" type="identity">
      <class id="GO:0007596" label="blood coagulation"/>
      <span end="3448" id="17022820-22701" start="3438">thrombosis</span>
    </annotation>
    <annotation annotator="Mike Bada, University of Colorado Anschutz Medical Campus" id="GO_BP_2016_02_16_Instance_30999" type="identity">
      <class id="GO:0007596" label="blood coagulation"/>
      <span end="3529" id="17022820-22703" start="3519">thrombosis</span>
    </annotation>
    <annotation annotator="Mike Bada, University of Colorado Anschutz Medical Campus" id="GO_BP_2016_02_16_Instance_31001" type="identity">
      <class id="GO:0007596" label="blood coagulation"/>
      <span end="3591" id="17022820-22705" start="3581">thrombosis</span>
    </annotation>
    <annotation annotator="Mike Bada, University of Colorado Anschutz Medical Campus" id="GO_BP_2016_02_16_Instance_31003" type="identity">
      <class id="GO:0007596" label="blood coagulation"/>
      <span end="3723" id="17022820-22707" start="3713">thrombotic</span>
    </annotation>
    <annotation annotator="Mike Bada, University of Colorado Anschutz Medical Campus" id="GO_BP_2016_02_16_Instance_10259" type="identity">
      <class id="GO:0065007" label="biological regulation"/>
      <span end="3849" id="17022820-22565" start="3841">regulate</span>
    </annotation>
    <annotation annotator="Mike Bada, University of Colorado Anschutz Medical Campus" id="GO_BP_2016_02_16_Instance_23091" type="identity">
      <class id="GO:0007596" label="blood coagulation"/>
      <span end="3868" id="17022820-22655" start="3850">thrombus formation</span>
    </annotation>
    <annotation annotator="Mike Bada, University of Colorado Anschutz Medical Campus" id="GO_BP_2016_02_16_Instance_31005" type="identity">
      <class id="GO:0007596" label="blood coagulation"/>
      <span end="3930" id="17022820-22709" start="3920">thrombotic</span>
    </annotation>
    <annotation annotator="Mike Bada, University of Colorado Anschutz Medical Campus" id="GO_BP_2016_02_16_with_nested_annotations_Instance_1282" type="identity">
      <class id="GO_EXT:reaction_or_response" label="reaction/response"/>
      <span end="4147" id="17022820-22799" start="4138">responses</span>
    </annotation>
    <annotation annotator="Mike Bada, University of Colorado Anschutz Medical Campus" id="GO_BP_2016_02_16_Instance_31007" type="identity">
      <class id="GO:0007596" label="blood coagulation"/>
      <span end="4479" id="17022820-22711" start="4469">thrombosis</span>
    </annotation>
    <annotation annotator="Mike Bada, University of Colorado Anschutz Medical Campus" id="GO_BP_2016_02_16_Instance_31009" type="identity">
      <class id="GO:0007596" label="blood coagulation"/>
      <span end="4556" id="17022820-22713" start="4546">thrombosis</span>
    </annotation>
    <annotation annotator="Mike Bada, University of Colorado Anschutz Medical Campus" id="GO_BP_2016_02_16_Instance_13787" type="identity">
      <class id="GO:0050817" label="coagulation"/>
      <span end="4572" id="17022820-22612" start="4558">Clot formation</span>
    </annotation>
    <annotation annotator="Mike Bada, University of Colorado Anschutz Medical Campus" id="GO_BP_2016_02_16_Instance_31011" type="identity">
      <class id="GO:0007596" label="blood coagulation"/>
      <span end="4621" id="17022820-22715" start="4611">thrombosis</span>
    </annotation>
    <annotation annotator="Mike Bada, University of Colorado Anschutz Medical Campus" id="GO_BP_2016_02_16_Instance_190552" type="identity">
      <class id="GO:0070527" label="platelet aggregation"/>
      <span end="4652" id="17022820-22618" start="4632">platelet aggregation</span>
    </annotation>
    <annotation annotator="Mike Bada, University of Colorado Anschutz Medical Campus" id="GO_BP_2016_02_16_Instance_53859" type="identity">
      <class id="GO:0050817" label="coagulation"/>
      <span end="4665" id="17022820-22755" start="4654">coagulation</span>
    </annotation>
    <annotation annotator="Mike Bada, University of Colorado Anschutz Medical Campus" id="GO_BP_2016_02_16_Instance_13255" type="identity">
      <class id="GO:0042730" label="fibrinolysis"/>
      <span end="4683" id="17022820-22577" start="4671">fibrinolytic</span>
    </annotation>
    <annotation annotator="Mike Bada, University of Colorado Anschutz Medical Campus" id="GO_BP_2016_02_16_Instance_13375" type="identity">
      <class id="GO:0065007" label="biological regulation"/>
      <span end="4774" id="17022820-22593" start="4766">modulate</span>
    </annotation>
    <annotation annotator="Mike Bada, University of Colorado Anschutz Medical Campus" id="GO_BP_2016_02_16_Instance_190554" type="identity">
      <class id="GO_EXT:regulator" label="regulator"/>
      <span end="4826" id="17022820-22620" start="4816">modulators</span>
    </annotation>
    <annotation annotator="Mike Bada, University of Colorado Anschutz Medical Campus" id="GO_BP_2016_02_16_Instance_190556" type="identity">
      <class id="GO_EXT:breeding" label="breeding"/>
      <span end="5325" id="17022820-22622" start="5317">breeding</span>
    </annotation>
    <annotation annotator="Mike Bada, University of Colorado Anschutz Medical Campus" id="GO_BP_2016_02_16_with_nested_annotations_Instance_241852" type="identity">
      <class id="GO_PATO_EXT:biological_behavior" label="biological behavior"/>
      <span end="6054" id="17022820-22819" start="6046">behavior</span>
    </annotation>
    <annotation annotator="Mike Bada, University of Colorado Anschutz Medical Campus" id="GO_BP_2016_02_16_Instance_190558" type="identity">
      <class id="GO:0007596" label="blood coagulation"/>
      <span end="6315" id="17022820-22624" start="6305">thrombotic</span>
    </annotation>
    <annotation annotator="Mike Bada, University of Colorado Anschutz Medical Campus" id="GO_BP_2016_02_16_Instance_53863" type="identity">
      <class id="GO:0050817" label="coagulation"/>
      <span end="6421" id="17022820-22757" start="6410">coagulation</span>
    </annotation>
    <annotation annotator="Mike Bada, University of Colorado Anschutz Medical Campus" id="GO_BP_2016_02_16_Instance_53865" type="identity">
      <class id="GO:0042730" label="fibrinolysis"/>
      <span end="6438" id="17022820-22759" start="6426">fibrinolysis</span>
    </annotation>
    <annotation annotator="Mike Bada, University of Colorado Anschutz Medical Campus" id="GO_BP_2016_02_16_Instance_190560" type="identity">
      <class id="GO:0007596" label="blood coagulation"/>
      <span end="6547" id="17022820-22626" start="6537">thrombotic</span>
    </annotation>
    <annotation annotator="Mike Bada, University of Colorado Anschutz Medical Campus" id="GO_BP_2016_02_16_Instance_53867" type="identity">
      <class id="GO:0050817" label="coagulation"/>
      <span end="6584" id="17022820-22761" start="6573">coagulation</span>
    </annotation>
    <annotation annotator="Mike Bada, University of Colorado Anschutz Medical Campus" id="GO_BP_2016_02_16_Instance_190562" type="identity">
      <class id="GO:0070527" label="platelet aggregation"/>
      <span end="6608" id="17022820-22628" start="6588">platelet aggregation</span>
    </annotation>
    <annotation annotator="Mike Bada, University of Colorado Anschutz Medical Campus" id="GO_BP_2016_02_16_Instance_11115" type="identity">
      <class id="GO:0007599" label="hemostasis"/>
      <span end="6922" id="17022820-22571" start="6911">haemostasis</span>
    </annotation>
    <annotation annotator="Mike Bada, University of Colorado Anschutz Medical Campus" id="GO_BP_2016_02_16_Instance_31017" type="identity">
      <class id="GO:0007596" label="blood coagulation"/>
      <span end="6937" id="17022820-22717" start="6927">thrombosis</span>
    </annotation>
    <annotation annotator="Mike Bada, University of Colorado Anschutz Medical Campus" id="GO_BP_2016_02_16_Instance_13717" type="identity">
      <class id="GO:0000003" label="reproduction"/>
      <span end="7452" id="17022820-22601" start="7443">reproduce</span>
    </annotation>
    <annotation annotator="Mike Bada, University of Colorado Anschutz Medical Campus" id="GO_BP_2016_02_16_Instance_190564" type="identity">
      <class id="GO_EXT:breeding" label="breeding"/>
      <span end="7507" id="17022820-22630" start="7499">breeding</span>
    </annotation>
    <annotation annotator="Mike Bada, University of Colorado Anschutz Medical Campus" id="GO_BP_2016_02_16_Instance_190566" type="identity">
      <class id="GO_EXT:breeding" label="breeding"/>
      <span end="7644" id="17022820-22632" start="7636">Breeding</span>
    </annotation>
    <annotation annotator="Mike Bada, University of Colorado Anschutz Medical Campus" id="GO_BP_2016_02_16_with_nested_annotations_Instance_23506" type="identity">
      <class id="GO_EXT:biological_movement_or_translocation_process" label="biological movement/translocation process"/>
      <span end="7683" id="17022820-22815" start="7672">transferred</span>
    </annotation>
    <annotation annotator="Mike Bada, University of Colorado Anschutz Medical Campus" id="GO_BP_2016_02_16_Instance_190568" type="identity">
      <class id="GO_EXT:breeding" label="breeding"/>
      <span end="7743" id="17022820-22634" start="7739">bred</span>
    </annotation>
    <annotation annotator="Mike Bada, University of Colorado Anschutz Medical Campus" id="GO_BP_2016_02_16_with_nested_annotations_Instance_40284" type="identity">
      <class id="CHEBI_GO_EXT:biological_process_or_quality_or_role" label="biological process, quality or role"/>
      <span end="7761" id="17022820-22821" start="7751">Biological</span>
    </annotation>
    <annotation annotator="Mike Bada, University of Colorado Anschutz Medical Campus" id="GO_BP_2016_02_16_Instance_13159" type="identity">
      <class id="GO:0007631" label="feeding behavior"/>
      <span end="7980" id="17022820-22573" start="7977">fed</span>
    </annotation>
    <annotation annotator="Mike Bada, University of Colorado Anschutz Medical Campus" id="GO_BP_2016_02_16_Instance_23093" type="identity">
      <class id="GO:0007596" label="blood coagulation"/>
      <span end="8331" id="17022820-22657" start="8311">thrombosis formation</span>
    </annotation>
    <annotation annotator="Mike Bada, University of Colorado Anschutz Medical Campus" id="GO_BP_2016_02_16_Instance_53869" type="identity">
      <class id="GO:0050817" label="coagulation"/>
      <span end="9893" id="17022820-22763" start="9882">Coagulation</span>
    </annotation>
    <annotation annotator="Mike Bada, University of Colorado Anschutz Medical Campus" id="GO_BP_2016_02_16_Instance_13257" type="identity">
      <class id="GO:0042730" label="fibrinolysis"/>
      <span end="9940" id="17022820-22579" start="9928">fibrinolytic</span>
    </annotation>
    <annotation annotator="Mike Bada, University of Colorado Anschutz Medical Campus" id="GO_BP_2016_02_16_Instance_53871" type="identity">
      <class id="GO:0050817" label="coagulation"/>
      <span end="10274" id="17022820-22765" start="10263">Coagulation</span>
    </annotation>
    <annotation annotator="Mike Bada, University of Colorado Anschutz Medical Campus" id="GO_BP_2016_02_16_Instance_13259" type="identity">
      <class id="GO:0042730" label="fibrinolysis"/>
      <span end="10657" id="17022820-22581" start="10645">fibrinolytic</span>
    </annotation>
    <annotation annotator="Mike Bada, University of Colorado Anschutz Medical Campus" id="GO_BP_2016_02_16_Instance_23095" type="identity">
      <class id="GO:0007596" label="blood coagulation"/>
      <span end="12266" id="17022820-22659" start="12248">thrombus formation</span>
    </annotation>
    <annotation annotator="Mike Bada, University of Colorado Anschutz Medical Campus" id="GO_BP_2016_02_16_Instance_31019" type="identity">
      <class id="GO:0007596" label="blood coagulation"/>
      <span end="12371" id="17022820-22719" start="12361">thrombosis</span>
    </annotation>
    <annotation annotator="Mike Bada, University of Colorado Anschutz Medical Campus" id="GO_BP_2016_02_16_Instance_190580" type="identity">
      <class id="GO:0007599" label="hemostasis"/>
      <span end="12523" id="17022820-22644" start="12505">thrombus occlusion</span>
    </annotation>
    <annotation annotator="Mike Bada, University of Colorado Anschutz Medical Campus" id="GO_BP_2016_02_16_Instance_13721" type="identity">
      <class id="GO:0007599" label="hemostasis"/>
      <span end="14242" id="17022820-22603" start="14232">hemostatic</span>
    </annotation>
    <annotation annotator="Mike Bada, University of Colorado Anschutz Medical Campus" id="GO_BP_2016_02_16_Instance_53873" type="identity">
      <class id="GO:0007599" label="hemostasis"/>
      <span end="14715" id="17022820-22767" start="14705">hemostasis</span>
    </annotation>
    <annotation annotator="Mike Bada, University of Colorado Anschutz Medical Campus" id="GO_BP_2016_02_16_Instance_31023" type="identity">
      <class id="GO:0007596" label="blood coagulation"/>
      <span end="14742" id="17022820-22721" start="14732">thrombosis</span>
    </annotation>
    <annotation annotator="Mike Bada, University of Colorado Anschutz Medical Campus" id="GO_BP_2016_02_16_Instance_190570" type="identity">
      <class id="GO:0070527" label="platelet aggregation"/>
      <span end="14835" id="17022820-22636" start="14815">platelet aggregation</span>
    </annotation>
    <annotation annotator="Mike Bada, University of Colorado Anschutz Medical Campus" id="GO_BP_2016_02_16_Instance_190572" type="identity">
      <class id="GO:0070527" label="platelet aggregation"/>
      <span end="15386" id="17022820-22638" start="15366">platelet aggregation</span>
    </annotation>
    <annotation annotator="Mike Bada, University of Colorado Anschutz Medical Campus" id="GO_BP_2016_02_16_Instance_13261" type="identity">
      <class id="GO:0042730" label="fibrinolysis"/>
      <span end="16372" id="17022820-22583" start="16360">fibrinolytic</span>
    </annotation>
    <annotation annotator="Mike Bada, University of Colorado Anschutz Medical Campus" id="GO_BP_2016_02_16_Instance_10465" type="identity">
      <class id="GO:0065007" label="biological regulation"/>
      <span end="16889" id="17022820-22567" start="16879">regulation</span>
    </annotation>
    <annotation annotator="Mike Bada, University of Colorado Anschutz Medical Campus" id="GO_BP_2016_02_16_Instance_53875" type="identity">
      <class id="GO:0007596" label="blood coagulation"/>
      <span end="16945" id="17022820-22769" start="16928">blood coagulation</span>
    </annotation>
    <annotation annotator="Mike Bada, University of Colorado Anschutz Medical Campus" id="GO_BP_2016_02_16_Instance_53877" type="identity">
      <class id="GO:0050817" label="coagulation"/>
      <span end="17013" id="17022820-22771" start="17002">coagulation</span>
    </annotation>
    <annotation annotator="Mike Bada, University of Colorado Anschutz Medical Campus" id="GO_BP_2016_02_16_Instance_13793" type="identity">
      <class id="GO:0007598" label="blood coagulation, extrinsic pathway"/>
      <span end="17222" id="17022820-22616" start="17193">extrinsic coagulation pathway</span>
    </annotation>
    <annotation annotator="Mike Bada, University of Colorado Anschutz Medical Campus" id="GO_BP_2016_02_16_Instance_13473" type="identity">
      <class id="GO:0002542" label="Factor XII activation"/>
      <span end="17346" id="17022820-22599" start="17321">activation of Factors XII</span>
    </annotation>
    <annotation annotator="Mike Bada, University of Colorado Anschutz Medical Campus" id="GO_BP_2016_02_16_Instance_13791" type="identity">
      <class id="GO:0050817" label="coagulation"/>
      <span end="17506" id="17022820-22614" start="17492">clot formation</span>
    </annotation>
    <annotation annotator="Mike Bada, University of Colorado Anschutz Medical Campus" id="GO_BP_2016_02_16_Instance_53879" type="identity">
      <class id="GO:0050817" label="coagulation"/>
      <span end="17670" id="17022820-22773" start="17659">coagulation</span>
    </annotation>
    <annotation annotator="Mike Bada, University of Colorado Anschutz Medical Campus" id="GO_BP_2016_02_16_Instance_53881" type="identity">
      <class id="GO:0050817" label="coagulation"/>
      <span end="17744" id="17022820-22775" start="17733">Coagulation</span>
    </annotation>
    <annotation annotator="Mike Bada, University of Colorado Anschutz Medical Campus" id="GO_BP_2016_02_16_Instance_13263" type="identity">
      <class id="GO:0042730" label="fibrinolysis"/>
      <span end="18008" id="17022820-22585" start="17996">fibrinolytic</span>
    </annotation>
    <annotation annotator="Mike Bada, University of Colorado Anschutz Medical Campus" id="GO_BP_2016_02_16_Instance_190574" type="identity">
      <class id="GO_EXT:macromolecule_denaturation" label="macromolecule denaturation"/>
      <span end="18443" id="17022820-22640" start="18433">denaturing</span>
    </annotation>
    <annotation annotator="Mike Bada, University of Colorado Anschutz Medical Campus" id="GO_BP_2016_02_16_with_nested_annotations_Instance_20142" type="identity">
      <class id="GO_EXT:biological_movement_or_translocation_process" label="biological movement/translocation process"/>
      <span end="18482" id="17022820-22809" start="18473">migration</span>
    </annotation>
    <annotation annotator="Mike Bada, University of Colorado Anschutz Medical Campus" id="GO_BP_2016_02_16_with_nested_annotations_Instance_20144" type="identity">
      <class id="GO_EXT:biological_movement_or_translocation_process" label="biological movement/translocation process"/>
      <span end="19026" id="17022820-22811" start="19017">migration</span>
    </annotation>
    <annotation annotator="Mike Bada, University of Colorado Anschutz Medical Campus" id="GO_BP_2016_02_16_with_nested_annotations_Instance_23629" type="identity">
      <class id="GO_PATO_EXT:biological_adhesion_or_adhesiveness" label="biological adhesion or adhesiveness"/>
      <span end="19741" id="17022820-22817" start="19733">adhesive</span>
    </annotation>
    <annotation annotator="Mike Bada, University of Colorado Anschutz Medical Campus" id="GO_BP_2016_02_16_Instance_23097" type="identity">
      <class id="GO:0007596" label="blood coagulation"/>
      <span end="19789" id="17022820-22661" start="19771">thrombus formation</span>
    </annotation>
    <annotation annotator="Mike Bada, University of Colorado Anschutz Medical Campus" id="GO_BP_2016_02_16_Instance_53883" type="identity">
      <class id="GO:0007599" label="hemostasis"/>
      <span end="20950" id="17022820-22777" start="20940">hemostasis</span>
    </annotation>
    <annotation annotator="Mike Bada, University of Colorado Anschutz Medical Campus" id="GO_BP_2016_02_16_Instance_31025" type="identity">
      <class id="GO:0007596" label="blood coagulation"/>
      <span end="20965" id="17022820-22723" start="20955">thrombosis</span>
    </annotation>
    <annotation annotator="Mike Bada, University of Colorado Anschutz Medical Campus" id="GO_BP_2016_02_16_Instance_13369" type="identity">
      <class id="GO:0042730" label="fibrinolysis"/>
      <span end="23915" id="17022820-22587" start="23903">fibrinolytic</span>
    </annotation>
    <annotation annotator="Mike Bada, University of Colorado Anschutz Medical Campus" id="GO_BP_2016_02_16_Instance_13371" type="identity">
      <class id="GO:0042730" label="fibrinolysis"/>
      <span end="24220" id="17022820-22589" start="24208">Fibrinolytic</span>
    </annotation>
    <annotation annotator="Mike Bada, University of Colorado Anschutz Medical Campus" id="GO_BP_2016_02_16_Instance_23099" type="identity">
      <class id="GO:0007596" label="blood coagulation"/>
      <span end="25988" id="17022820-22663" start="25970">thrombus formation</span>
    </annotation>
    <annotation annotator="Mike Bada, University of Colorado Anschutz Medical Campus" id="GO_BP_2016_02_16_Instance_31027" type="identity">
      <class id="GO:0007596" label="blood coagulation"/>
      <span end="27281" id="17022820-22725" start="27271">thrombotic</span>
    </annotation>
    <annotation annotator="Mike Bada, University of Colorado Anschutz Medical Campus" id="GO_BP_2016_02_16_Instance_31029" type="identity">
      <class id="GO:0007596" label="blood coagulation"/>
      <span end="27625" id="17022820-22727" start="27615">thrombotic</span>
    </annotation>
    <annotation annotator="Mike Bada, University of Colorado Anschutz Medical Campus" id="GO_BP_2016_02_16_with_nested_annotations_Instance_1284" type="identity">
      <class id="GO_EXT:reaction_or_response" label="reaction/response"/>
      <span end="27634" id="17022820-22801" start="27626">response</span>
    </annotation>
    <annotation annotator="Mike Bada, University of Colorado Anschutz Medical Campus" id="GO_BP_2016_02_16_Instance_13373" type="identity">
      <class id="GO:0042730" label="fibrinolysis"/>
      <span end="27766" id="17022820-22591" start="27754">fibrinolytic</span>
    </annotation>
    <annotation annotator="Mike Bada, University of Colorado Anschutz Medical Campus" id="GO_BP_2016_02_16_with_nested_annotations_Instance_1286" type="identity">
      <class id="GO_EXT:reaction_or_response" label="reaction/response"/>
      <span end="27776" id="17022820-22803" start="27767">responses</span>
    </annotation>
    <annotation annotator="Mike Bada, University of Colorado Anschutz Medical Campus" id="GO_BP_2016_02_16_Instance_31031" type="identity">
      <class id="GO:0007596" label="blood coagulation"/>
      <span end="27895" id="17022820-22729" start="27885">thrombotic</span>
    </annotation>
    <annotation annotator="Mike Bada, University of Colorado Anschutz Medical Campus" id="GO_BP_2016_02_16_with_nested_annotations_Instance_1288" type="identity">
      <class id="GO_EXT:reaction_or_response" label="reaction/response"/>
      <span end="27904" id="17022820-22805" start="27896">response</span>
    </annotation>
    <annotation annotator="Mike Bada, University of Colorado Anschutz Medical Campus" id="GO_BP_2016_02_16_Instance_53885" type="identity">
      <class id="GO:0050817" label="coagulation"/>
      <span end="28022" id="17022820-22779" start="28011">coagulation</span>
    </annotation>
    <annotation annotator="Mike Bada, University of Colorado Anschutz Medical Campus" id="GO_BP_2016_02_16_Instance_31033" type="identity">
      <class id="GO:0007596" label="blood coagulation"/>
      <span end="28788" id="17022820-22731" start="28778">thrombosis</span>
    </annotation>
    <annotation annotator="Mike Bada, University of Colorado Anschutz Medical Campus" id="GO_BP_2016_02_16_Instance_190582" type="identity">
      <class id="GO:0007599" label="hemostasis"/>
      <span end="29021" id="17022820-22646" start="29013">thrombus</span>
      <span end="29045" id="17022820-22647" start="29036">occlusion</span>
    </annotation>
    <annotation annotator="Mike Bada, University of Colorado Anschutz Medical Campus" id="GO_BP_2016_02_16_Instance_23101" type="identity">
      <class id="GO:0007596" label="blood coagulation"/>
      <span end="29031" id="17022820-22665" start="29013">thrombus formation</span>
    </annotation>
    <annotation annotator="Mike Bada, University of Colorado Anschutz Medical Campus" id="GO_BP_2016_02_16_Instance_53887" type="identity">
      <class id="GO:0050817" label="coagulation"/>
      <span end="29793" id="17022820-22781" start="29782">coagulation</span>
    </annotation>
    <annotation annotator="Mike Bada, University of Colorado Anschutz Medical Campus" id="GO_BP_2016_02_16_Instance_23103" type="identity">
      <class id="GO:0007596" label="blood coagulation"/>
      <span end="29904" id="17022820-22667" start="29886">thrombus formation</span>
    </annotation>
    <annotation annotator="Mike Bada, University of Colorado Anschutz Medical Campus" id="GO_BP_2016_02_16_Instance_13377" type="identity">
      <class id="GO:0065007" label="biological regulation"/>
      <span end="30072" id="17022820-22595" start="30064">modulate</span>
    </annotation>
    <annotation annotator="Mike Bada, University of Colorado Anschutz Medical Campus" id="GO_BP_2016_02_16_Instance_23105" type="identity">
      <class id="GO:0007596" label="blood coagulation"/>
      <span end="30123" id="17022820-22669" start="30105">thrombus formation</span>
    </annotation>
    <annotation annotator="Mike Bada, University of Colorado Anschutz Medical Campus" id="GO_BP_2016_02_16_Instance_42953" type="identity">
      <class id="GO:0010467" label="gene expression"/>
      <span end="30240" id="17022820-22739" start="30230">expression</span>
    </annotation>
    <annotation annotator="Mike Bada, University of Colorado Anschutz Medical Campus" id="GO_BP_2016_02_16_Instance_53889" type="identity">
      <class id="GO:0050817" label="coagulation"/>
      <span end="30268" id="17022820-22783" start="30257">coagulation</span>
    </annotation>
    <annotation annotator="Mike Bada, University of Colorado Anschutz Medical Campus" id="GO_BP_2016_02_16_Instance_53891" type="identity">
      <class id="GO:0050817" label="coagulation"/>
      <span end="30505" id="17022820-22785" start="30494">coagulation</span>
    </annotation>
    <annotation annotator="Mike Bada, University of Colorado Anschutz Medical Campus" id="GO_BP_2016_02_16_Instance_23107" type="identity">
      <class id="GO:0007596" label="blood coagulation"/>
      <span end="30789" id="17022820-22671" start="30771">thrombus formation</span>
    </annotation>
    <annotation annotator="Mike Bada, University of Colorado Anschutz Medical Campus" id="GO_BP_2016_02_16_Instance_190584" type="identity">
      <class id="GO:0070527" label="platelet aggregation"/>
      <span end="31040" id="17022820-22649" start="31020">platelet aggregation</span>
    </annotation>
    <annotation annotator="Mike Bada, University of Colorado Anschutz Medical Campus" id="GO_BP_2016_02_16_with_nested_annotations_Instance_1290" type="identity">
      <class id="GO_EXT:reaction_or_response" label="reaction/response"/>
      <span end="31217" id="17022820-22807" start="31209">response</span>
    </annotation>
    <annotation annotator="Mike Bada, University of Colorado Anschutz Medical Campus" id="GO_BP_2016_02_16_Instance_23109" type="identity">
      <class id="GO:0007596" label="blood coagulation"/>
      <span end="31254" id="17022820-22673" start="31236">thrombus formation</span>
    </annotation>
    <annotation annotator="Mike Bada, University of Colorado Anschutz Medical Campus" id="GO_BP_2016_02_16_Instance_53893" type="identity">
      <class id="GO:0050817" label="coagulation"/>
      <span end="31386" id="17022820-22787" start="31375">coagulation</span>
    </annotation>
    <annotation annotator="Mike Bada, University of Colorado Anschutz Medical Campus" id="GO_BP_2016_02_16_Instance_13727" type="identity">
      <class id="GO:0019538" label="protein metabolic process"/>
      <span end="33304" id="17022820-22607" start="33291">metabolism of</span>
      <span end="33346" id="17022820-22608" start="33338">proteins</span>
    </annotation>
    <annotation annotator="Mike Bada, University of Colorado Anschutz Medical Campus" id="GO_BP_2016_02_16_Instance_13725" type="identity">
      <class id="GO:0032963" label="collagen metabolic process"/>
      <span end="33313" id="17022820-22605" start="33291">metabolism of collagen</span>
    </annotation>
    <annotation annotator="Mike Bada, University of Colorado Anschutz Medical Campus" id="GO_BP_2016_02_16_Instance_10999" type="identity">
      <class id="GO:0065007" label="biological regulation"/>
      <span end="34825" id="17022820-22569" start="34815">regulatory</span>
    </annotation>
    <annotation annotator="Mike Bada, University of Colorado Anschutz Medical Campus" id="GO_BP_2016_02_16_Instance_23111" type="identity">
      <class id="GO:0007596" label="blood coagulation"/>
      <span end="35124" id="17022820-22675" start="35104">thrombosis formation</span>
    </annotation>
    <annotation annotator="Mike Bada, University of Colorado Anschutz Medical Campus" id="GO_BP_2016_02_16_Instance_13379" type="identity">
      <class id="GO:0065007" label="biological regulation"/>
      <span end="35418" id="17022820-22597" start="35410">modulate</span>
    </annotation>
    <annotation annotator="Mike Bada, University of Colorado Anschutz Medical Campus" id="GO_BP_2016_02_16_Instance_31035" type="identity">
      <class id="GO:0007596" label="blood coagulation"/>
      <span end="35591" id="17022820-22733" start="35581">thrombosis</span>
    </annotation>
    <annotation annotator="Mike Bada, University of Colorado Anschutz Medical Campus" id="GO_BP_2016_02_16_Instance_13729" type="identity">
      <class id="GO:0007599" label="hemostasis"/>
      <span end="35607" id="17022820-22610" start="35596">haemostasis</span>
    </annotation>
    <annotation annotator="Mike Bada, University of Colorado Anschutz Medical Campus" id="GO_BP_2016_02_16_Instance_31037" type="identity">
      <class id="GO:0007596" label="blood coagulation"/>
      <span end="35769" id="17022820-22735" start="35759">thrombosis</span>
    </annotation>
    <annotation annotator="Mike Bada, University of Colorado Anschutz Medical Campus" id="GO_BP_2016_02_16_Instance_31039" type="identity">
      <class id="GO:0007596" label="blood coagulation"/>
      <span end="36020" id="17022820-22737" start="36010">thrombotic</span>
    </annotation>
    <annotation annotator="Mike Bada, University of Colorado Anschutz Medical Campus" id="GO_BP_2016_02_16_Instance_190586" type="identity">
      <class id="GO_EXT:breeding" label="breeding"/>
      <span end="36842" id="17022820-22651" start="36834">breeding</span>
    </annotation>
    <annotation annotator="Mike Bada, University of Colorado Anschutz Medical Campus" id="GO_BP_2016_02_16_Instance_190588" type="identity">
      <class id="GO_EXT:breeding" label="breeding"/>
      <span end="36973" id="17022820-22653" start="36965">breeding</span>
    </annotation>
    <graph-space id="Old Knowtator Relations"/>
  </document>
</knowtator-project>
