<?xml version="1.0" encoding="UTF-8" standalone="no"?>
<knowtator-project>
    <document id="17069463" text-file="17069463.txt">
        <annotation annotator="Mike Bada, University of Colorado Anschutz Medical Campus" id="GO_BP_2016_02_16_Instance_14675" type="identity">
            <class id="GO:0065007" label="biological regulation"/>
            <span end="16" id="17069463-22909" start="7">Modulates</span>
        </annotation>
        <annotation annotator="Mike Bada, University of Colorado Anschutz Medical Campus" id="GO_BP_2016_02_16_Instance_14673" type="identity">
            <class id="GO:0006006" label="glucose metabolic process"/>
            <span end="121" id="17069463-22907" start="103">Glucose Metabolism</span>
        </annotation>
        <annotation annotator="Mike Bada, University of Colorado Anschutz Medical Campus" id="GO_BP_2016_02_16_Instance_160000" type="identity">
            <class id="GO_PATO_EXT:physiological_process_or_quality" label="physiological process or quality"/>
            <span end="437" id="17069463-22999" start="424">physiological</span>
        </annotation>
        <annotation annotator="Mike Bada, University of Colorado Anschutz Medical Campus" id="GO_BP_2016_02_16_Instance_180002" type="identity">
            <class id="GO_PATO_EXT:physiological_process_or_quality" label="physiological process or quality"/>
            <span end="588" id="17069463-23001" start="575">physiological</span>
        </annotation>
        <annotation annotator="Mike Bada, University of Colorado Anschutz Medical Campus" id="GO_BP_2016_02_16_with_nested_annotations_Instance_566" type="identity">
            <class id="GO_PATO_EXT:biological_localization_process_or_quality" label="biological localization process or quality"/>
            <span end="676" id="17069463-23268" start="667">localizes</span>
        </annotation>
        <annotation annotator="Mike Bada, University of Colorado Anschutz Medical Campus" id="GO_BP_2016_02_16_Instance_48207" type="identity">
            <class id="GO:0006096" label="glycolytic process"/>
            <span end="756" id="17069463-23128" start="746">glycolysis</span>
        </annotation>
        <annotation annotator="Mike Bada, University of Colorado Anschutz Medical Campus" id="GO_BP_2016_02_16_Instance_14585" type="identity">
            <class id="GO:0006457" label="protein folding"/>
            <span end="923" id="17069463-22864" start="916">folding</span>
        </annotation>
        <annotation annotator="Mike Bada, University of Colorado Anschutz Medical Campus" id="GO_BP_2016_02_16_Instance_180004" type="identity">
            <class id="GO_EXT:biogenesis_or_biosynthesis" label="biogenesis/biosynthesis"/>
            <span end="1017" id="17069463-23003" start="1007">biogenesis</span>
        </annotation>
        <annotation annotator="Mike Bada, University of Colorado Anschutz Medical Campus" id="GO_BP_2016_02_16_with_nested_annotations_Instance_568" type="identity">
            <class id="GO_PATO_EXT:biological_localization_process_or_quality" label="biological localization process or quality"/>
            <span end="1046" id="17069463-23270" start="1037">localizes</span>
        </annotation>
        <annotation annotator="Mike Bada, University of Colorado Anschutz Medical Campus" id="GO_BP_2016_02_16_Instance_200006" type="identity">
            <class id="GO_PATO_EXT:physiological_process_or_quality" label="physiological process or quality"/>
            <span end="1248" id="17069463-23005" start="1235">physiological</span>
        </annotation>
        <annotation annotator="Mike Bada, University of Colorado Anschutz Medical Campus" id="GO_BP_2016_02_16_with_nested_annotations_Instance_22490" type="identity">
            <class id="GO_EXT:fatality_or_lethality" label="fatality/lethality"/>
            <span end="1404" id="17069463-23254" start="1398">lethal</span>
        </annotation>
        <annotation annotator="Mike Bada, University of Colorado Anschutz Medical Campus" id="GO_BP_2016_02_16_with_nested_annotations_Instance_80598" type="identity">
            <class id="GO_EXT:biological_growth_entity_or_process" label="biological growth entity or process"/>
            <span end="1606" id="17069463-23312" start="1600">growth</span>
        </annotation>
        <annotation annotator="Mike Bada, University of Colorado Anschutz Medical Campus" id="GO_BP_2016_02_16_Instance_14605" type="identity">
            <class id="GO:0006007" label="glucose catabolic process"/>
            <span end="1635" id="17069463-22878" start="1617">glucose catabolism</span>
        </annotation>
        <annotation annotator="Mike Bada, University of Colorado Anschutz Medical Campus" id="GO_BP_2016_02_16_Instance_14609" type="identity">
            <class id="GO:0046323" label="glucose import"/>
            <span end="1672" id="17069463-22882" start="1658">glucose uptake</span>
        </annotation>
        <annotation annotator="Mike Bada, University of Colorado Anschutz Medical Campus" id="GO_BP_2016_02_16_Instance_48211" type="identity">
            <class id="GO:0006094" label="gluconeogenesis"/>
            <span end="1692" id="17069463-23130" start="1677">gluconeogenesis</span>
        </annotation>
        <annotation annotator="Mike Bada, University of Colorado Anschutz Medical Campus" id="GO_BP_2016_02_16_with_nested_annotations_Instance_1304" type="identity">
            <class id="GO_EXT:reaction_or_response" label="reaction/response"/>
            <span end="1778" id="17069463-23172" start="1769">responses</span>
        </annotation>
        <annotation annotator="Mike Bada, University of Colorado Anschutz Medical Campus" id="GO_BP_2016_02_16_with_nested_annotations_Instance_21156" type="identity">
            <class id="GO_EXT:detection_or_sensing_of_light_stimulus" label="detection/sensing of light stimulus"/>
            <span end="1794" id="17069463-23228" start="1782">photosensory</span>
        </annotation>
        <annotation annotator="Mike Bada, University of Colorado Anschutz Medical Campus" id="GO_BP_2016_02_16_Instance_200008" type="identity">
            <class id="GO_EXT:regulator" label="regulator"/>
            <span end="1883" id="17069463-23007" start="1873">modulators</span>
        </annotation>
        <annotation annotator="Mike Bada, University of Colorado Anschutz Medical Campus" id="GO_BP_2016_02_16_Instance_14607" type="identity">
            <class id="GO:0006007" label="glucose catabolic process"/>
            <span end="1919" id="17069463-22880" start="1901">glucose catabolism</span>
        </annotation>
        <annotation annotator="Mike Bada, University of Colorado Anschutz Medical Campus" id="GO_BP_2016_02_16_Instance_200010" type="identity">
            <class id="GO:0097009" label="energy homeostasis"/>
            <span end="1939" id="17069463-23009" start="1921">energy homeostasis</span>
        </annotation>
        <annotation annotator="Mike Bada, University of Colorado Anschutz Medical Campus" id="GO_BP_2016_02_16_Instance_14655" type="identity">
            <class id="GO:0008152" label="metabolic process"/>
            <span end="1966" id="17069463-22888" start="1957">metabolic</span>
        </annotation>
        <annotation annotator="Mike Bada, University of Colorado Anschutz Medical Campus" id="GO_BP_2016_02_16_Instance_48213" type="identity">
            <class id="GO:0007568" label="aging"/>
            <span end="1973" id="17069463-23132" start="1968">aging</span>
        </annotation>
        <annotation annotator="Mike Bada, University of Colorado Anschutz Medical Campus" id="GO_BP_2016_02_16_Instance_14737" type="identity">
            <class id="GO:0006412" label="translation"/>
            <span end="2357" id="17069463-22927" start="2344">production of</span>
            <span end="2377" id="17069463-22928" start="2369">proteins</span>
        </annotation>
        <annotation annotator="Mike Bada, University of Colorado Anschutz Medical Campus" id="GO_BP_2016_02_16_Instance_43405" type="identity">
            <class id="GO:0051223" label="regulation of protein transport"/>
            <span end="2409" id="17069463-23116" start="2379">control of protein trafficking</span>
        </annotation>
        <annotation annotator="Mike Bada, University of Colorado Anschutz Medical Campus" id="GO_BP_2016_02_16_Instance_21815" type="identity">
            <class id="GO:0065007" label="biological regulation"/>
            <span end="2467" id="17069463-23096" start="2460">control</span>
        </annotation>
        <annotation annotator="Mike Bada, University of Colorado Anschutz Medical Campus" id="GO_BP_2016_02_16_Instance_48215" type="identity">
            <class id="GO:0051301" label="cell division"/>
            <span end="2511" id="17069463-23134" start="2498">cell division</span>
        </annotation>
        <annotation annotator="Mike Bada, University of Colorado Anschutz Medical Campus" id="GO_BP_2016_02_16_Instance_200012" type="identity">
            <class id="GO_PATO_EXT:physiological_process_or_quality" label="physiological process or quality"/>
            <span end="2549" id="17069463-23011" start="2536">physiological</span>
        </annotation>
        <annotation annotator="Mike Bada, University of Colorado Anschutz Medical Campus" id="GO_BP_2016_02_16_Instance_14677" type="identity">
            <class id="GO:0065007" label="biological regulation"/>
            <span end="3051" id="17069463-22911" start="3043">modulate</span>
        </annotation>
        <annotation annotator="Mike Bada, University of Colorado Anschutz Medical Campus" id="GO_BP_2016_02_16_with_nested_annotations_Instance_80600" type="identity">
            <class id="GO_EXT:biological_growth_entity_or_process" label="biological growth entity or process"/>
            <span end="3154" id="17069463-23314" start="3148">growth</span>
        </annotation>
        <annotation annotator="Mike Bada, University of Colorado Anschutz Medical Campus" id="GO_BP_2016_02_16_Instance_14741" type="identity">
            <class id="GO:0006007" label="glucose catabolic process"/>
            <span end="3185" id="17069463-22930" start="3165">breakdown of glucose</span>
        </annotation>
        <annotation annotator="Mike Bada, University of Colorado Anschutz Medical Campus" id="GO_BP_2016_02_16_Instance_200014" type="identity">
            <class id="GO_EXT:negative_regulation" label="negative regulation"/>
            <span end="3215" id="17069463-23013" start="3200">down-regulation</span>
        </annotation>
        <annotation annotator="Mike Bada, University of Colorado Anschutz Medical Campus" id="GO_BP_2016_02_16_Instance_14757" type="identity">
            <class id="GO:0007601" label="visual perception"/>
            <span end="3299" id="17069463-22946" start="3293">visual</span>
        </annotation>
        <annotation annotator="Mike Bada, University of Colorado Anschutz Medical Campus" id="GO_BP_2016_02_16_Instance_48219" type="identity">
            <class id="GO:0008152" label="metabolic process"/>
            <span end="3398" id="17069463-23136" start="3379">metabolic processes</span>
        </annotation>
        <annotation annotator="Mike Bada, University of Colorado Anschutz Medical Campus" id="GO_BP_2016_02_16_Instance_10255" type="identity">
            <class id="GO:0006913" label="nucleocytoplasmic transport"/>
            <span end="3663" id="17069463-22824" start="3634">nucleocytoplasmic trafficking</span>
        </annotation>
        <annotation annotator="Mike Bada, University of Colorado Anschutz Medical Campus" id="GO_BP_2016_02_16_Instance_10463" type="identity">
            <class id="GO:0006412" label="translation"/>
            <span end="3689" id="17069463-22832" start="3671">protein biogenesis</span>
        </annotation>
        <annotation annotator="Mike Bada, University of Colorado Anschutz Medical Campus" id="GO_BP_2016_02_16_Instance_200016" type="identity">
            <class id="GO:0090307" label="mitotic spindle assembly"/>
            <span end="3713" id="17069463-23015" start="3701">formation of</span>
            <span end="3733" id="17069463-23016" start="3718">mitotic spindle</span>
        </annotation>
        <annotation annotator="Mike Bada, University of Colorado Anschutz Medical Campus" id="GO_BP_2016_02_16_Instance_14759" type="identity">
            <class id="GO:0051081" label="nuclear envelope disassembly"/>
            <span end="3826" id="17069463-22948" start="3800">nuclear envelope breakdown</span>
        </annotation>
        <annotation annotator="Mike Bada, University of Colorado Anschutz Medical Campus" id="GO_BP_2016_02_16_Instance_14761" type="identity">
            <class id="GO:0051382" label="kinetochore assembly"/>
            <span end="3853" id="17069463-22950" start="3832">kinetochore formation</span>
        </annotation>
        <annotation annotator="Mike Bada, University of Colorado Anschutz Medical Campus" id="GO_BP_2016_02_16_Instance_200018" type="identity">
            <class id="GO_PATO_EXT:biological_maturation" label="biological maturation"/>
            <span end="3868" id="17069463-23018" start="3858">maturation</span>
        </annotation>
        <annotation annotator="Mike Bada, University of Colorado Anschutz Medical Campus" id="GO_BP_2016_02_16_Instance_14763" type="identity">
            <class id="GO:0007067" label="mitotic nuclear division"/>
            <span end="3889" id="17069463-22952" start="3882">mitotic</span>
        </annotation>
        <annotation annotator="Mike Bada, University of Colorado Anschutz Medical Campus" id="GO_BP_2016_02_16_Instance_48221" type="identity">
            <class id="GO:0051170" label="nuclear import"/>
            <span end="4324" id="17069463-23138" start="4310">nuclear import</span>
        </annotation>
        <annotation annotator="Mike Bada, University of Colorado Anschutz Medical Campus" id="GO_BP_2016_02_16_Instance_48223" type="identity">
            <class id="GO:0051170" label="nuclear import"/>
            <span end="4414" id="17069463-23140" start="4400">nuclear import</span>
        </annotation>
        <annotation annotator="Mike Bada, University of Colorado Anschutz Medical Campus" id="GO_BP_2016_02_16_Instance_39771" type="identity">
            <class id="GO:0010467" label="gene expression"/>
            <span end="4669" id="17069463-23104" start="4660">expressed</span>
        </annotation>
        <annotation annotator="Mike Bada, University of Colorado Anschutz Medical Campus" id="GO_BP_2016_02_16_with_nested_annotations_Instance_21158" type="identity">
            <class id="GO_EXT:detection_or_sensing_of_light_stimulus" label="detection/sensing of light stimulus"/>
            <span end="4685" id="17069463-23230" start="4673">photosensory</span>
        </annotation>
        <annotation annotator="Mike Bada, University of Colorado Anschutz Medical Campus" id="GO_BP_2016_02_16_Instance_241544" type="identity">
            <class id="GO_EXT:biological_movement_or_translocation_process" label="biological movement/translocation process"/>
            <span end="4842" id="17069463-23102" start="4837">motor</span>
        </annotation>
        <annotation annotator="Mike Bada, University of Colorado Anschutz Medical Campus" id="GO_BP_2016_02_16_Instance_48225" type="identity">
            <class id="GO:0051168" label="nuclear export"/>
            <span end="5392" id="17069463-23142" start="5378">nuclear export</span>
        </annotation>
        <annotation annotator="Mike Bada, University of Colorado Anschutz Medical Campus" id="GO_BP_2016_02_16_with_nested_annotations_Instance_24267" type="identity">
            <class id="GO_EXT:biological_movement_or_translocation_process" label="biological movement/translocation process"/>
            <span end="5603" id="17069463-23262" start="5593">relocation</span>
        </annotation>
        <annotation annotator="Mike Bada, University of Colorado Anschutz Medical Campus" id="GO_BP_2016_02_16_with_nested_annotations_Instance_570" type="identity">
            <class id="GO_PATO_EXT:biological_localization_process_or_quality" label="biological localization process or quality"/>
            <span end="5763" id="17069463-23272" start="5755">localize</span>
        </annotation>
        <annotation annotator="Mike Bada, University of Colorado Anschutz Medical Campus" id="GO_BP_2016_02_16_with_nested_annotations_Instance_21160" type="identity">
            <class id="GO_EXT:detection_or_sensing_of_light_stimulus" label="detection/sensing of light stimulus"/>
            <span end="5850" id="17069463-23232" start="5838">photosensory</span>
        </annotation>
        <annotation annotator="Mike Bada, University of Colorado Anschutz Medical Campus" id="GO_BP_2016_02_16_with_nested_annotations_Instance_572" type="identity">
            <class id="GO_PATO_EXT:biological_localization_process_or_quality" label="biological localization process or quality"/>
            <span end="5959" id="17069463-23274" start="5947">localization</span>
        </annotation>
        <annotation annotator="Mike Bada, University of Colorado Anschutz Medical Campus" id="GO_BP_2016_02_16_Instance_41071" type="identity">
            <class id="GO:0010467" label="gene expression"/>
            <span end="6189" id="17069463-23106" start="6180">expressed</span>
        </annotation>
        <annotation annotator="Mike Bada, University of Colorado Anschutz Medical Campus" id="GO_BP_2016_02_16_Instance_14771" type="identity">
            <class id="GO:0016567" label="protein ubiquitination"/>
            <span end="6285" id="17069463-22954" start="6271">ubiquitination</span>
        </annotation>
        <annotation annotator="Mike Bada, University of Colorado Anschutz Medical Campus" id="GO_BP_2016_02_16_Instance_13697" type="identity">
            <class id="GO:0007049" label="cell cycle"/>
            <span end="6585" id="17069463-22860" start="6575">cell-cycle</span>
        </annotation>
        <annotation annotator="Mike Bada, University of Colorado Anschutz Medical Campus" id="GO_BP_2016_02_16_Instance_200020" type="identity">
            <class id="GO:0065007" label="biological regulation"/>
            <span end="6595" id="17069463-23020" start="6586">regulated</span>
        </annotation>
        <annotation annotator="Mike Bada, University of Colorado Anschutz Medical Campus" id="GO_BP_2016_02_16_Instance_14773" type="identity">
            <class id="GO:0030163" label="protein catabolic process"/>
            <span end="6615" id="17069463-22956" start="6596">protein degradation</span>
        </annotation>
        <annotation annotator="Mike Bada, University of Colorado Anschutz Medical Campus" id="GO_BP_2016_02_16_with_nested_annotations_Instance_80602" type="identity">
            <class id="GO_EXT:biological_growth_entity_or_process" label="biological growth entity or process"/>
            <span end="6949" id="17069463-23316" start="6943">growth</span>
        </annotation>
        <annotation annotator="Mike Bada, University of Colorado Anschutz Medical Campus" id="GO_BP_2016_02_16_with_nested_annotations_Instance_574" type="identity">
            <class id="GO_PATO_EXT:biological_localization_process_or_quality" label="biological localization process or quality"/>
            <span end="6994" id="17069463-23276" start="6985">localizes</span>
        </annotation>
        <annotation annotator="Mike Bada, University of Colorado Anschutz Medical Campus" id="GO_BP_2016_02_16_Instance_200022" type="identity">
            <class id="GO_PATO_EXT:physiological_process_or_quality" label="physiological process or quality"/>
            <span end="7285" id="17069463-23022" start="7272">physiological</span>
        </annotation>
        <annotation annotator="Mike Bada, University of Colorado Anschutz Medical Campus" id="GO_BP_2016_02_16_Instance_200024" type="identity">
            <class id="GO_PATO_EXT:physiological_process_or_quality" label="physiological process or quality"/>
            <span end="7397" id="17069463-23024" start="7387">physiology</span>
        </annotation>
        <annotation annotator="Mike Bada, University of Colorado Anschutz Medical Campus" id="GO_BP_2016_02_16_Instance_200026" type="identity">
            <class id="GO_PATO_EXT:physiological_process_or_quality" label="physiological process or quality"/>
            <span end="7703" id="17069463-23026" start="7693">physiology</span>
        </annotation>
        <annotation annotator="Mike Bada, University of Colorado Anschutz Medical Campus" id="GO_BP_2016_02_16_Instance_14657" type="identity">
            <class id="GO:0006006" label="glucose metabolic process"/>
            <span end="7716" id="17069463-22890" start="7709">glucose</span>
            <span end="7734" id="17069463-22891" start="7724">metabolism</span>
        </annotation>
        <annotation annotator="Mike Bada, University of Colorado Anschutz Medical Campus" id="GO_BP_2016_02_16_Instance_14587" type="identity">
            <class id="GO:0006457" label="protein folding"/>
            <span end="9435" id="17069463-22866" start="9428">folding</span>
        </annotation>
        <annotation annotator="Mike Bada, University of Colorado Anschutz Medical Campus" id="GO_BP_2016_02_16_Instance_200028" type="identity">
            <class id="GO_EXT:macromolecule_denaturation" label="macromolecule denaturation"/>
            <span end="9561" id="17069463-23028" start="9552">denatured</span>
        </annotation>
        <annotation annotator="Mike Bada, University of Colorado Anschutz Medical Campus" id="GO_BP_2016_02_16_Instance_200030" type="identity">
            <class id="GO_EXT:macromolecule_denaturation" label="macromolecule denaturation"/>
            <span end="9651" id="17069463-23030" start="9642">denatured</span>
        </annotation>
        <annotation annotator="Mike Bada, University of Colorado Anschutz Medical Campus" id="GO_BP_2016_02_16_Instance_200032" type="identity">
            <class id="GO_EXT:macromolecule_denaturation" label="macromolecule denaturation"/>
            <span end="9787" id="17069463-23032" start="9778">denatured</span>
        </annotation>
        <annotation annotator="Mike Bada, University of Colorado Anschutz Medical Campus" id="GO_BP_2016_02_16_Instance_41979" type="identity">
            <class id="GO:0010467" label="gene expression"/>
            <span end="9857" id="17069463-23108" start="9847">expression</span>
        </annotation>
        <annotation annotator="Mike Bada, University of Colorado Anschutz Medical Campus" id="GO_BP_2016_02_16_with_nested_annotations_Instance_80604" type="identity">
            <class id="GO_EXT:biological_growth_entity_or_process" label="biological growth entity or process"/>
            <span end="11165" id="17069463-23318" start="11159">growth</span>
        </annotation>
        <annotation annotator="Mike Bada, University of Colorado Anschutz Medical Campus" id="GO_BP_2016_02_16_with_nested_annotations_Instance_80606" type="identity">
            <class id="GO_EXT:biological_growth_entity_or_process" label="biological growth entity or process"/>
            <span end="11191" id="17069463-23320" start="11185">growth</span>
        </annotation>
        <annotation annotator="Mike Bada, University of Colorado Anschutz Medical Campus" id="GO_BP_2016_02_16_Instance_200034" type="identity">
            <class id="GO_EXT:macromolecule_denaturation" label="macromolecule denaturation"/>
            <span end="12044" id="17069463-23034" start="12035">denatured</span>
        </annotation>
        <annotation annotator="Mike Bada, University of Colorado Anschutz Medical Campus" id="GO_BP_2016_02_16_Instance_200036" type="identity">
            <class id="GO_EXT:macromolecule_denaturation" label="macromolecule denaturation"/>
            <span end="12084" id="17069463-23036" start="12075">denatured</span>
        </annotation>
        <annotation annotator="Mike Bada, University of Colorado Anschutz Medical Campus" id="GO_BP_2016_02_16_Instance_200038" type="identity">
            <class id="GO_EXT:macromolecule_denaturation" label="macromolecule denaturation"/>
            <span end="12164" id="17069463-23038" start="12152">denaturating</span>
        </annotation>
        <annotation annotator="Mike Bada, University of Colorado Anschutz Medical Campus" id="GO_BP_2016_02_16_Instance_14589" type="identity">
            <class id="GO:0006457" label="protein folding"/>
            <span end="12213" id="17069463-22868" start="12206">Folding</span>
        </annotation>
        <annotation annotator="Mike Bada, University of Colorado Anschutz Medical Campus" id="GO_BP_2016_02_16_Instance_42785" type="identity">
            <class id="GO:0010467" label="gene expression"/>
            <span end="12393" id="17069463-23110" start="12384">expressed</span>
        </annotation>
        <annotation annotator="Mike Bada, University of Colorado Anschutz Medical Campus" id="GO_BP_2016_02_16_Instance_14679" type="identity">
            <class id="GO:0065007" label="biological regulation"/>
            <span end="12970" id="17069463-22913" start="12961">modulates</span>
        </annotation>
        <annotation annotator="Mike Bada, University of Colorado Anschutz Medical Campus" id="GO_BP_2016_02_16_with_nested_annotations_Instance_40010" type="identity">
            <class id="GO_PATO_EXT:biological_behavior" label="biological behavior"/>
            <span end="13289" id="17069463-23264" start="13282">behaves</span>
        </annotation>
        <annotation annotator="Mike Bada, University of Colorado Anschutz Medical Campus" id="GO_BP_2016_02_16_with_nested_annotations_Instance_241854" type="identity">
            <class id="GO_PATO_EXT:biological_behavior" label="biological behavior"/>
            <span end="14671" id="17069463-23260" start="14663">behavior</span>
        </annotation>
        <annotation annotator="Mike Bada, University of Colorado Anschutz Medical Campus" id="GO_BP_2016_02_16_with_nested_annotations_Instance_40012" type="identity">
            <class id="GO_PATO_EXT:biological_behavior" label="biological behavior"/>
            <span end="14722" id="17069463-23266" start="14715">behaves</span>
        </annotation>
        <annotation annotator="Mike Bada, University of Colorado Anschutz Medical Campus" id="GO_BP_2016_02_16_with_nested_annotations_Instance_576" type="identity">
            <class id="GO_PATO_EXT:biological_localization_process_or_quality" label="biological localization process or quality"/>
            <span end="15413" id="17069463-23278" start="15404">localizes</span>
        </annotation>
        <annotation annotator="Mike Bada, University of Colorado Anschutz Medical Campus" id="GO_BP_2016_02_16_with_nested_annotations_Instance_578" type="identity">
            <class id="GO_PATO_EXT:biological_localization_process_or_quality" label="biological localization process or quality"/>
            <span end="15580" id="17069463-23280" start="15571">localized</span>
        </annotation>
        <annotation annotator="Mike Bada, University of Colorado Anschutz Medical Campus" id="GO_BP_2016_02_16_with_nested_annotations_Instance_21162" type="identity">
            <class id="GO_EXT:detection_or_sensing_of_light_stimulus" label="detection/sensing of light stimulus"/>
            <span end="15671" id="17069463-23234" start="15659">photosensory</span>
        </annotation>
        <annotation annotator="Mike Bada, University of Colorado Anschutz Medical Campus" id="GO_BP_2016_02_16_with_nested_annotations_Instance_580" type="identity">
            <class id="GO_PATO_EXT:biological_localization_process_or_quality" label="biological localization process or quality"/>
            <span end="15758" id="17069463-23282" start="15746">localization</span>
        </annotation>
        <annotation annotator="Mike Bada, University of Colorado Anschutz Medical Campus" id="GO_BP_2016_02_16_with_nested_annotations_Instance_582" type="identity">
            <class id="GO_PATO_EXT:biological_localization_process_or_quality" label="biological localization process or quality"/>
            <span end="15880" id="17069463-23284" start="15872">localize</span>
        </annotation>
        <annotation annotator="Mike Bada, University of Colorado Anschutz Medical Campus" id="GO_BP_2016_02_16_with_nested_annotations_Instance_21164" type="identity">
            <class id="GO_EXT:detection_or_sensing_of_light_stimulus" label="detection/sensing of light stimulus"/>
            <span end="16030" id="17069463-23236" start="16018">photosensory</span>
        </annotation>
        <annotation annotator="Mike Bada, University of Colorado Anschutz Medical Campus" id="GO_BP_2016_02_16_with_nested_annotations_Instance_584" type="identity">
            <class id="GO_PATO_EXT:biological_localization_process_or_quality" label="biological localization process or quality"/>
            <span end="16237" id="17069463-23286" start="16229">localize</span>
        </annotation>
        <annotation annotator="Mike Bada, University of Colorado Anschutz Medical Campus" id="GO_BP_2016_02_16_with_nested_annotations_Instance_586" type="identity">
            <class id="GO_PATO_EXT:biological_localization_process_or_quality" label="biological localization process or quality"/>
            <span end="16297" id="17069463-23288" start="16285">Localization</span>
        </annotation>
        <annotation annotator="Mike Bada, University of Colorado Anschutz Medical Campus" id="GO_BP_2016_02_16_Instance_43307" type="identity">
            <class id="GO:0010467" label="gene expression"/>
            <span end="16588" id="17069463-23112" start="16579">expressed</span>
        </annotation>
        <annotation annotator="Mike Bada, University of Colorado Anschutz Medical Campus" id="GO_BP_2016_02_16_with_nested_annotations_Instance_588" type="identity">
            <class id="GO_PATO_EXT:biological_localization_process_or_quality" label="biological localization process or quality"/>
            <span end="16609" id="17069463-23290" start="16601">localize</span>
        </annotation>
        <annotation annotator="Mike Bada, University of Colorado Anschutz Medical Campus" id="GO_BP_2016_02_16_Instance_43309" type="identity">
            <class id="GO:0010467" label="gene expression"/>
            <span end="16652" id="17069463-23114" start="16642">expression</span>
        </annotation>
        <annotation annotator="Mike Bada, University of Colorado Anschutz Medical Campus" id="GO_BP_2016_02_16_with_nested_annotations_Instance_590" type="identity">
            <class id="GO_PATO_EXT:biological_localization_process_or_quality" label="biological localization process or quality"/>
            <span end="16669" id="17069463-23292" start="16657">localization</span>
        </annotation>
        <annotation annotator="Mike Bada, University of Colorado Anschutz Medical Campus" id="GO_BP_2016_02_16_with_nested_annotations_Instance_592" type="identity">
            <class id="GO_PATO_EXT:biological_localization_process_or_quality" label="biological localization process or quality"/>
            <span end="17106" id="17069463-23294" start="17094">localization</span>
        </annotation>
        <annotation annotator="Mike Bada, University of Colorado Anschutz Medical Campus" id="GO_BP_2016_02_16_with_nested_annotations_Instance_594" type="identity">
            <class id="GO_PATO_EXT:biological_localization_process_or_quality" label="biological localization process or quality"/>
            <span end="17223" id="17069463-23296" start="17211">localization</span>
        </annotation>
        <annotation annotator="Mike Bada, University of Colorado Anschutz Medical Campus" id="GO_BP_2016_02_16_with_nested_annotations_Instance_596" type="identity">
            <class id="GO_PATO_EXT:biological_localization_process_or_quality" label="biological localization process or quality"/>
            <span end="17291" id="17069463-23298" start="17279">localization</span>
        </annotation>
        <annotation annotator="Mike Bada, University of Colorado Anschutz Medical Campus" id="GO_BP_2016_02_16_with_nested_annotations_Instance_598" type="identity">
            <class id="GO_PATO_EXT:biological_localization_process_or_quality" label="biological localization process or quality"/>
            <span end="17463" id="17069463-23300" start="17451">localization</span>
        </annotation>
        <annotation annotator="Mike Bada, University of Colorado Anschutz Medical Campus" id="GO_BP_2016_02_16_with_nested_annotations_Instance_600" type="identity">
            <class id="GO_PATO_EXT:biological_localization_process_or_quality" label="biological localization process or quality"/>
            <span end="17546" id="17069463-23302" start="17537">localized</span>
        </annotation>
        <annotation annotator="Mike Bada, University of Colorado Anschutz Medical Campus" id="GO_BP_2016_02_16_with_nested_annotations_Instance_602" type="identity">
            <class id="GO_PATO_EXT:biological_localization_process_or_quality" label="biological localization process or quality"/>
            <span end="17752" id="17069463-23304" start="17740">localization</span>
        </annotation>
        <annotation annotator="Mike Bada, University of Colorado Anschutz Medical Campus" id="GO_BP_2016_02_16_Instance_200040" type="identity">
            <class id="GO_PATO_EXT:physiological_process_or_quality" label="physiological process or quality"/>
            <span end="17791" id="17069463-23040" start="17778">physiological</span>
        </annotation>
        <annotation annotator="Mike Bada, University of Colorado Anschutz Medical Campus" id="GO_BP_2016_02_16_with_nested_annotations_Instance_22492" type="identity">
            <class id="GO_EXT:fatality_or_lethality" label="fatality/lethality"/>
            <span end="18282" id="17069463-23256" start="18276">lethal</span>
        </annotation>
        <annotation annotator="Mike Bada, University of Colorado Anschutz Medical Campus" id="GO_BP_2016_02_16_Instance_43409" type="identity">
            <class id="GO:0010467" label="gene expression"/>
            <span end="18320" id="17069463-23118" start="18310">expression</span>
        </annotation>
        <annotation annotator="Mike Bada, University of Colorado Anschutz Medical Campus" id="GO_BP_2016_02_16_Instance_43411" type="identity">
            <class id="GO:0010467" label="gene expression"/>
            <span end="18540" id="17069463-23120" start="18531">expressed</span>
        </annotation>
        <annotation annotator="Mike Bada, University of Colorado Anschutz Medical Campus" id="GO_BP_2016_02_16_Instance_43413" type="identity">
            <class id="GO:0010467" label="gene expression"/>
            <span end="18586" id="17069463-23122" start="18576">expression</span>
        </annotation>
        <annotation annotator="Mike Bada, University of Colorado Anschutz Medical Campus" id="GO_BP_2016_02_16_Instance_14791" type="identity">
            <class id="GO:0065007" label="biological regulation"/>
            <span end="18932" id="17069463-22958" start="18922">regulation</span>
        </annotation>
        <annotation annotator="Mike Bada, University of Colorado Anschutz Medical Campus" id="GO_BP_2016_02_16_Instance_14807" type="identity">
            <class id="GO:0008380" label="RNA splicing"/>
            <span end="18957" id="17069463-22965" start="18949">splicing</span>
        </annotation>
        <annotation annotator="Mike Bada, University of Colorado Anschutz Medical Campus" id="GO_BP_2016_02_16_Instance_14809" type="identity">
            <class id="GO:0006412" label="translation"/>
            <span end="19136" id="17069463-22967" start="19126">translated</span>
        </annotation>
        <annotation annotator="Mike Bada, University of Colorado Anschutz Medical Campus" id="GO_BP_2016_02_16_Instance_43415" type="identity">
            <class id="GO:0010467" label="gene expression"/>
            <span end="19225" id="17069463-23124" start="19215">expression</span>
        </annotation>
        <annotation annotator="Mike Bada, University of Colorado Anschutz Medical Campus" id="GO_BP_2016_02_16_with_nested_annotations_Instance_21980" type="identity">
            <class id="GO_EXT:biological_direction_or_guidance" label="biological direction/guidance"/>
            <span end="19251" id="17069463-23250" start="19243">directed</span>
        </annotation>
        <annotation annotator="Mike Bada, University of Colorado Anschutz Medical Campus" id="GO_BP_2016_02_16_Instance_43719" type="identity">
            <class id="GO:0010467" label="gene expression"/>
            <span end="19284" id="17069463-23126" start="19274">expression</span>
        </annotation>
        <annotation annotator="Mike Bada, University of Colorado Anschutz Medical Campus" id="GO_BP_2016_02_16_with_nested_annotations_Instance_20432" type="identity">
            <class id="GO_EXT:biological_routing_or_transport" label="biological routing/transport"/>
            <span end="19310" id="17069463-23220" start="19302">targeted</span>
        </annotation>
        <annotation annotator="Mike Bada, University of Colorado Anschutz Medical Campus" id="GO_BP_2016_02_16_Instance_200042" type="identity">
            <class id="GO_EXT:transcription" label="transcription"/>
            <span end="19359" id="17069463-23042" start="19344">Transcriptional</span>
        </annotation>
        <annotation annotator="Mike Bada, University of Colorado Anschutz Medical Campus" id="GO_BP_2016_02_16_Instance_10257" type="identity">
            <class id="GO:0010467" label="gene expression"/>
            <span end="19911" id="17069463-22826" start="19902">expressed</span>
        </annotation>
        <annotation annotator="Mike Bada, University of Colorado Anschutz Medical Campus" id="GO_BP_2016_02_16_Instance_10367" type="identity">
            <class id="GO:0010467" label="gene expression"/>
            <span end="19990" id="17069463-22828" start="19980">expression</span>
        </annotation>
        <annotation annotator="Mike Bada, University of Colorado Anschutz Medical Campus" id="GO_BP_2016_02_16_Instance_10369" type="identity">
            <class id="GO:0010467" label="gene expression"/>
            <span end="20340" id="17069463-22830" start="20330">expression</span>
        </annotation>
        <annotation annotator="Mike Bada, University of Colorado Anschutz Medical Campus" id="GO_BP_2016_02_16_Instance_11279" type="identity">
            <class id="GO:0010467" label="gene expression"/>
            <span end="20375" id="17069463-22834" start="20365">expression</span>
        </annotation>
        <annotation annotator="Mike Bada, University of Colorado Anschutz Medical Campus" id="GO_BP_2016_02_16_Instance_13735" type="identity">
            <class id="GO:0065007" label="biological regulation"/>
            <span end="20845" id="17069463-22862" start="20835">modulation</span>
        </annotation>
        <annotation annotator="Mike Bada, University of Colorado Anschutz Medical Campus" id="GO_BP_2016_02_16_Instance_48241" type="identity">
            <class id="GO:0006096" label="glycolytic process"/>
            <span end="20981" id="17069463-23144" start="20971">glycolysis</span>
        </annotation>
        <annotation annotator="Mike Bada, University of Colorado Anschutz Medical Campus" id="GO_BP_2016_02_16_Instance_200048" type="identity">
            <class id="GO:0097009" label="energy homeostasis"/>
            <span end="21076" id="17069463-23044" start="21058">energy homeostasis</span>
        </annotation>
        <annotation annotator="Mike Bada, University of Colorado Anschutz Medical Campus" id="GO_BP_2016_02_16_Instance_11281" type="identity">
            <class id="GO:0010467" label="gene expression"/>
            <span end="21100" id="17069463-22836" start="21090">expression</span>
        </annotation>
        <annotation annotator="Mike Bada, University of Colorado Anschutz Medical Campus" id="GO_BP_2016_02_16_Instance_11579" type="identity">
            <class id="GO:0010467" label="gene expression"/>
            <span end="21264" id="17069463-22840" start="21254">expression</span>
        </annotation>
        <annotation annotator="Mike Bada, University of Colorado Anschutz Medical Campus" id="GO_BP_2016_02_16_Instance_11857" type="identity">
            <class id="GO:0010467" label="gene expression"/>
            <span end="22108" id="17069463-22842" start="22099">expressed</span>
        </annotation>
        <annotation annotator="Mike Bada, University of Colorado Anschutz Medical Campus" id="GO_BP_2016_02_16_with_nested_annotations_Instance_604" type="identity">
            <class id="GO_PATO_EXT:biological_localization_process_or_quality" label="biological localization process or quality"/>
            <span end="22413" id="17069463-23306" start="22401">localization</span>
        </annotation>
        <annotation annotator="Mike Bada, University of Colorado Anschutz Medical Campus" id="GO_BP_2016_02_16_with_nested_annotations_Instance_21166" type="identity">
            <class id="GO_EXT:detection_or_sensing_of_light_stimulus" label="detection/sensing of light stimulus"/>
            <span end="22544" id="17069463-23238" start="22532">photosensory</span>
        </annotation>
        <annotation annotator="Mike Bada, University of Colorado Anschutz Medical Campus" id="GO_BP_2016_02_16_Instance_11859" type="identity">
            <class id="GO:0010467" label="gene expression"/>
            <span end="23319" id="17069463-22844" start="23309">expression</span>
        </annotation>
        <annotation annotator="Mike Bada, University of Colorado Anschutz Medical Campus" id="GO_BP_2016_02_16_Instance_12427" type="identity">
            <class id="GO:0010467" label="gene expression"/>
            <span end="23429" id="17069463-22848" start="23419">expression</span>
        </annotation>
        <annotation annotator="Mike Bada, University of Colorado Anschutz Medical Campus" id="GO_BP_2016_02_16_Instance_14659" type="identity">
            <class id="GO:0008152" label="metabolic process"/>
            <span end="23855" id="17069463-22893" start="23846">Metabolic</span>
        </annotation>
        <annotation annotator="Mike Bada, University of Colorado Anschutz Medical Campus" id="GO_BP_2016_02_16_with_nested_annotations_Instance_80608" type="identity">
            <class id="GO_EXT:biological_growth_entity_or_process" label="biological growth entity or process"/>
            <span end="23919" id="17069463-23322" start="23913">growth</span>
        </annotation>
        <annotation annotator="Mike Bada, University of Colorado Anschutz Medical Campus" id="GO_BP_2016_02_16_Instance_11577" type="identity">
            <class id="GO:0007631" label="feeding behavior"/>
            <span end="24341" id="17069463-22838" start="24325">Food consumption</span>
        </annotation>
        <annotation annotator="Mike Bada, University of Colorado Anschutz Medical Campus" id="GO_BP_2016_02_16_with_nested_annotations_Instance_80610" type="identity">
            <class id="GO_EXT:biological_growth_entity_or_process" label="biological growth entity or process"/>
            <span end="24481" id="17069463-23324" start="24475">Growth</span>
        </annotation>
        <annotation annotator="Mike Bada, University of Colorado Anschutz Medical Campus" id="GO_BP_2016_02_16_with_nested_annotations_Instance_80612" type="identity">
            <class id="GO_EXT:biological_growth_entity_or_process" label="biological growth entity or process"/>
            <span end="24553" id="17069463-23326" start="24547">growth</span>
        </annotation>
        <annotation annotator="Mike Bada, University of Colorado Anschutz Medical Campus" id="GO_BP_2016_02_16_with_nested_annotations_Instance_80614" type="identity">
            <class id="GO_EXT:biological_growth_entity_or_process" label="biological growth entity or process"/>
            <span end="24707" id="17069463-23328" start="24701">growth</span>
        </annotation>
        <annotation annotator="Mike Bada, University of Colorado Anschutz Medical Campus" id="GO_BP_2016_02_16_Instance_12423" type="identity">
            <class id="GO:0007631" label="feeding behavior"/>
            <span end="25061" id="17069463-22846" start="25045">food consumption</span>
        </annotation>
        <annotation annotator="Mike Bada, University of Colorado Anschutz Medical Campus" id="GO_BP_2016_02_16_Instance_14811" type="identity">
            <class id="GO:0007567" label="parturition"/>
            <span end="25131" id="17069463-22969" start="25126">birth</span>
        </annotation>
        <annotation annotator="Mike Bada, University of Colorado Anschutz Medical Campus" id="GO_BP_2016_02_16_Instance_12647" type="identity">
            <class id="GO:0010467" label="gene expression"/>
            <span end="25213" id="17069463-22850" start="25203">expression</span>
        </annotation>
        <annotation annotator="Mike Bada, University of Colorado Anschutz Medical Campus" id="GO_BP_2016_02_16_Instance_14815" type="identity">
            <class id="GO:0006094" label="gluconeogenesis"/>
            <span end="25652" id="17069463-22973" start="25643">formation</span>
            <span end="25675" id="17069463-22974" start="25665">of glucose</span>
        </annotation>
        <annotation annotator="Mike Bada, University of Colorado Anschutz Medical Campus" id="GO_BP_2016_02_16_Instance_14745" type="identity">
            <class id="GO:0046323" label="glucose import"/>
            <span end="25675" id="17069463-22932" start="25658">uptake of glucose</span>
        </annotation>
        <annotation annotator="Mike Bada, University of Colorado Anschutz Medical Campus" id="GO_BP_2016_02_16_Instance_200050" type="identity">
            <class id="GO_PATO_EXT:physiological_process_or_quality" label="physiological process or quality"/>
            <span end="25713" id="17069463-23046" start="25700">physiological</span>
        </annotation>
        <annotation annotator="Mike Bada, University of Colorado Anschutz Medical Campus" id="GO_BP_2016_02_16_Instance_14611" type="identity">
            <class id="GO:0046323" label="glucose import"/>
            <span end="26215" id="17069463-22884" start="26201">glucose uptake</span>
        </annotation>
        <annotation annotator="Mike Bada, University of Colorado Anschutz Medical Campus" id="GO_BP_2016_02_16_Instance_48251" type="identity">
            <class id="GO:0006094" label="gluconeogenesis"/>
            <span end="26297" id="17069463-23146" start="26282">gluconeogenesis</span>
        </annotation>
        <annotation annotator="Mike Bada, University of Colorado Anschutz Medical Campus" id="GO_BP_2016_02_16_Instance_14817" type="identity">
            <class id="GO:0006094" label="gluconeogenesis"/>
            <span end="26358" id="17069463-22976" start="26348">production</span>
            <span end="26383" id="17069463-22977" start="26373">of glucose</span>
        </annotation>
        <annotation annotator="Mike Bada, University of Colorado Anschutz Medical Campus" id="GO_BP_2016_02_16_Instance_14819" type="identity">
            <class id="GO:0006094" label="gluconeogenesis"/>
            <span end="26437" id="17069463-22979" start="26424">gluconeogenic</span>
        </annotation>
        <annotation annotator="Mike Bada, University of Colorado Anschutz Medical Campus" id="GO_BP_2016_02_16_Instance_14747" type="identity">
            <class id="GO:0006094" label="gluconeogenesis"/>
            <span end="26552" id="17069463-22934" start="26534">glucose production</span>
        </annotation>
        <annotation annotator="Mike Bada, University of Colorado Anschutz Medical Campus" id="GO_BP_2016_02_16_Instance_48253" type="identity">
            <class id="GO:0006094" label="gluconeogenesis"/>
            <span end="26662" id="17069463-23148" start="26647">gluconeogenesis</span>
        </annotation>
        <annotation annotator="Mike Bada, University of Colorado Anschutz Medical Campus" id="GO_BP_2016_02_16_Instance_14749" type="identity">
            <class id="GO:0006094" label="gluconeogenesis"/>
            <span end="26704" id="17069463-22936" start="26686">glucose production</span>
        </annotation>
        <annotation annotator="Mike Bada, University of Colorado Anschutz Medical Campus" id="GO_BP_2016_02_16_Instance_14751" type="identity">
            <class id="GO:0006007" label="glucose catabolic process"/>
            <span end="26872" id="17069463-22938" start="26855">glucose breakdown</span>
        </annotation>
        <annotation annotator="Mike Bada, University of Colorado Anschutz Medical Campus" id="GO_BP_2016_02_16_Instance_14661" type="identity">
            <class id="GO:0008152" label="metabolic process"/>
            <span end="26894" id="17069463-22895" start="26885">Metabolic</span>
        </annotation>
        <annotation annotator="Mike Bada, University of Colorado Anschutz Medical Campus" id="GO_BP_2016_02_16_Instance_14613" type="identity">
            <class id="GO:0046323" label="glucose import"/>
            <span end="27339" id="17069463-22886" start="27325">glucose uptake</span>
        </annotation>
        <annotation annotator="Mike Bada, University of Colorado Anschutz Medical Campus" id="GO_BP_2016_02_16_Instance_13151" type="identity">
            <class id="GO:0010467" label="gene expression"/>
            <span end="27696" id="17069463-22852" start="27686">expression</span>
        </annotation>
        <annotation annotator="Mike Bada, University of Colorado Anschutz Medical Campus" id="GO_BP_2016_02_16_Instance_14663" type="identity">
            <class id="GO:0008152" label="metabolic process"/>
            <span end="27900" id="17069463-22897" start="27891">metabolic</span>
        </annotation>
        <annotation annotator="Mike Bada, University of Colorado Anschutz Medical Campus" id="GO_BP_2016_02_16_with_nested_annotations_Instance_1306" type="identity">
            <class id="GO_EXT:reaction_or_response" label="reaction/response"/>
            <span end="28080" id="17069463-23174" start="28071">responses</span>
        </annotation>
        <annotation annotator="Mike Bada, University of Colorado Anschutz Medical Campus" id="GO_BP_2016_02_16_Instance_200054" type="identity">
            <class id="GO:1990603" label="dark adaptation"/>
            <span end="28205" id="17069463-23051" start="28197">scotopic</span>
            <span end="28230" id="17069463-23052" start="28221">responses</span>
        </annotation>
        <annotation annotator="Mike Bada, University of Colorado Anschutz Medical Campus" id="GO_BP_2016_02_16_Instance_200052" type="identity">
            <class id="GO:1990603" label="dark adaptation"/>
            <span end="28219" id="17069463-23048" start="28207">dark-adapted</span>
            <span end="28230" id="17069463-23049" start="28221">responses</span>
        </annotation>
        <annotation annotator="Mike Bada, University of Colorado Anschutz Medical Campus" id="GO_BP_2016_02_16_with_nested_annotations_Instance_1346" type="identity">
            <class id="GO:0036367" label="light adaption"/>
            <span end="28451" id="17069463-23202" start="28443">photopic</span>
            <span end="28477" id="17069463-23203" start="28468">responses</span>
        </annotation>
        <annotation annotator="Mike Bada, University of Colorado Anschutz Medical Campus" id="GO_BP_2016_02_16_with_nested_annotations_Instance_1348" type="identity">
            <class id="GO:0036367" label="light adaption"/>
            <span end="28466" id="17069463-23205" start="28453">light-adapted</span>
            <span end="28477" id="17069463-23206" start="28468">responses</span>
        </annotation>
        <annotation annotator="Mike Bada, University of Colorado Anschutz Medical Campus" id="GO_BP_2016_02_16_with_nested_annotations_Instance_21168" type="identity">
            <class id="GO_EXT:detection_or_sensing_of_light_stimulus" label="detection/sensing of light stimulus"/>
            <span end="28549" id="17069463-23240" start="28537">photosensory</span>
        </annotation>
        <annotation annotator="Mike Bada, University of Colorado Anschutz Medical Campus" id="GO_BP_2016_02_16_Instance_200056" type="identity">
            <class id="GO:1990603" label="dark adaptation"/>
            <span end="28764" id="17069463-23054" start="28746">scotopic responses</span>
        </annotation>
        <annotation annotator="Mike Bada, University of Colorado Anschutz Medical Campus" id="GO_BP_2016_02_16_with_nested_annotations_Instance_1314" type="identity">
            <class id="GO_EXT:reaction_or_response" label="reaction/response"/>
            <span end="28954" id="17069463-23176" start="28945">responses</span>
        </annotation>
        <annotation annotator="Mike Bada, University of Colorado Anschutz Medical Campus" id="GO_BP_2016_02_16_with_nested_annotations_Instance_1316" type="identity">
            <class id="GO_EXT:reaction_or_response" label="reaction/response"/>
            <span end="29140" id="17069463-23178" start="29131">responses</span>
        </annotation>
        <annotation annotator="Mike Bada, University of Colorado Anschutz Medical Campus" id="GO_BP_2016_02_16_with_nested_annotations_Instance_1350" type="identity">
            <class id="GO:0036367" label="light adaption"/>
            <span end="29292" id="17069463-23208" start="29278">light response</span>
        </annotation>
        <annotation annotator="Mike Bada, University of Colorado Anschutz Medical Campus" id="GO_BP_2016_02_16_with_nested_annotations_Instance_1320" type="identity">
            <class id="GO_EXT:reaction_or_response" label="reaction/response"/>
            <span end="29479" id="17069463-23180" start="29470">responses</span>
        </annotation>
        <annotation annotator="Mike Bada, University of Colorado Anschutz Medical Campus" id="GO_BP_2016_02_16_with_nested_annotations_Instance_1322" type="identity">
            <class id="GO_EXT:reaction_or_response" label="reaction/response"/>
            <span end="29651" id="17069463-23182" start="29643">response</span>
        </annotation>
        <annotation annotator="Mike Bada, University of Colorado Anschutz Medical Campus" id="GO_BP_2016_02_16_with_nested_annotations_Instance_1324" type="identity">
            <class id="GO_EXT:reaction_or_response" label="reaction/response"/>
            <span end="30098" id="17069463-23184" start="30090">Response</span>
        </annotation>
        <annotation annotator="Mike Bada, University of Colorado Anschutz Medical Campus" id="GO_BP_2016_02_16_Instance_200058" type="identity">
            <class id="GO:1990603" label="dark adaptation"/>
            <span end="30123" id="17069463-23056" start="30115">Scotopic</span>
            <span end="30148" id="17069463-23057" start="30139">responses</span>
        </annotation>
        <annotation annotator="Mike Bada, University of Colorado Anschutz Medical Campus" id="GO_BP_2016_02_16_Instance_200060" type="identity">
            <class id="GO:1990603" label="dark adaptation"/>
            <span end="30137" id="17069463-23059" start="30125">dark-adapted</span>
            <span end="30148" id="17069463-23060" start="30139">responses</span>
        </annotation>
        <annotation annotator="Mike Bada, University of Colorado Anschutz Medical Campus" id="GO_BP_2016_02_16_with_nested_annotations_Instance_1328" type="identity">
            <class id="GO_EXT:reaction_or_response" label="reaction/response"/>
            <span end="30352" id="17069463-23186" start="30343">responses</span>
        </annotation>
        <annotation annotator="Mike Bada, University of Colorado Anschutz Medical Campus" id="GO_BP_2016_02_16_with_nested_annotations_Instance_1330" type="identity">
            <class id="GO_EXT:reaction_or_response" label="reaction/response"/>
            <span end="30454" id="17069463-23188" start="30445">responses</span>
        </annotation>
        <annotation annotator="Mike Bada, University of Colorado Anschutz Medical Campus" id="GO_BP_2016_02_16_with_nested_annotations_Instance_1352" type="identity">
            <class id="GO:0036367" label="light adaption"/>
            <span end="30513" id="17069463-23210" start="30505">Photopic</span>
            <span end="30567" id="17069463-23211" start="30558">responses</span>
        </annotation>
        <annotation annotator="Mike Bada, University of Colorado Anschutz Medical Campus" id="GO_BP_2016_02_16_with_nested_annotations_Instance_1354" type="identity">
            <class id="GO:0036367" label="light adaption"/>
            <span end="30528" id="17069463-23213" start="30515">light-adapted</span>
            <span end="30567" id="17069463-23214" start="30558">responses</span>
        </annotation>
        <annotation annotator="Mike Bada, University of Colorado Anschutz Medical Campus" id="GO_BP_2016_02_16_Instance_200062" type="identity">
            <class id="GO:1990603" label="dark adaptation"/>
            <span end="30741" id="17069463-23062" start="30733">scotopic</span>
        </annotation>
        <annotation annotator="Mike Bada, University of Colorado Anschutz Medical Campus" id="GO_BP_2016_02_16_with_nested_annotations_Instance_1334" type="identity">
            <class id="GO_EXT:reaction_or_response" label="reaction/response"/>
            <span end="31035" id="17069463-23190" start="31027">response</span>
        </annotation>
        <annotation annotator="Mike Bada, University of Colorado Anschutz Medical Campus" id="GO_BP_2016_02_16_with_nested_annotations_Instance_1336" type="identity">
            <class id="GO_EXT:reaction_or_response" label="reaction/response"/>
            <span end="31078" id="17069463-23192" start="31069">responses</span>
        </annotation>
        <annotation annotator="Mike Bada, University of Colorado Anschutz Medical Campus" id="GO_BP_2016_02_16_Instance_14681" type="identity">
            <class id="GO:0065007" label="biological regulation"/>
            <span end="31489" id="17069463-22915" start="31479">modulating</span>
        </annotation>
        <annotation annotator="Mike Bada, University of Colorado Anschutz Medical Campus" id="GO_BP_2016_02_16_Instance_14753" type="identity">
            <class id="GO:0042593" label="glucose homeostasis"/>
            <span end="31497" id="17069463-22940" start="31490">glucose</span>
            <span end="31520" id="17069463-22941" start="31509">homeostasis</span>
        </annotation>
        <annotation annotator="Mike Bada, University of Colorado Anschutz Medical Campus" id="GO_BP_2016_02_16_Instance_200064" type="identity">
            <class id="GO:0097009" label="energy homeostasis"/>
            <span end="31520" id="17069463-23064" start="31502">energy homeostasis</span>
        </annotation>
        <annotation annotator="Mike Bada, University of Colorado Anschutz Medical Campus" id="GO_BP_2016_02_16_Instance_14591" type="identity">
            <class id="GO:0006457" label="protein folding"/>
            <span end="31689" id="17069463-22870" start="31682">folding</span>
        </annotation>
        <annotation annotator="Mike Bada, University of Colorado Anschutz Medical Campus" id="GO_BP_2016_02_16_with_nested_annotations_Instance_10392" type="identity">
            <class id="GO:0051235" label="maintenance of location"/>
            <span end="31973" id="17069463-23162" start="31963">sequesters</span>
        </annotation>
        <annotation annotator="Mike Bada, University of Colorado Anschutz Medical Campus" id="GO_BP_2016_02_16_with_nested_annotations_Instance_10394" type="identity">
            <class id="GO:0051235" label="maintenance of location"/>
            <span end="32828" id="17069463-23164" start="32815">sequestration</span>
        </annotation>
        <annotation annotator="Mike Bada, University of Colorado Anschutz Medical Campus" id="GO_BP_2016_02_16_with_nested_annotations_Instance_21170" type="identity">
            <class id="GO_EXT:detection_or_sensing_of_light_stimulus" label="detection/sensing of light stimulus"/>
            <span end="32880" id="17069463-23242" start="32868">photosensory</span>
        </annotation>
        <annotation annotator="Mike Bada, University of Colorado Anschutz Medical Campus" id="GO_BP_2016_02_16_with_nested_annotations_Instance_20434" type="identity">
            <class id="GO_EXT:biological_routing_or_transport" label="biological routing/transport"/>
            <span end="32930" id="17069463-23222" start="32921">targeting</span>
        </annotation>
        <annotation annotator="Mike Bada, University of Colorado Anschutz Medical Campus" id="GO_BP_2016_02_16_with_nested_annotations_Instance_80616" type="identity">
            <class id="GO_EXT:biological_growth_entity_or_process" label="biological growth entity or process"/>
            <span end="33686" id="17069463-23330" start="33680">growth</span>
        </annotation>
        <annotation annotator="Mike Bada, University of Colorado Anschutz Medical Campus" id="GO_BP_2016_02_16_Instance_14665" type="identity">
            <class id="GO:0008152" label="metabolic process"/>
            <span end="33730" id="17069463-22899" start="33720">metabolize</span>
        </annotation>
        <annotation annotator="Mike Bada, University of Colorado Anschutz Medical Campus" id="GO_BP_2016_02_16_with_nested_annotations_Instance_1338" type="identity">
            <class id="GO_EXT:reaction_or_response" label="reaction/response"/>
            <span end="33891" id="17069463-23194" start="33882">responses</span>
        </annotation>
        <annotation annotator="Mike Bada, University of Colorado Anschutz Medical Campus" id="GO_BP_2016_02_16_Instance_200066" type="identity">
            <class id="GO_EXT:biogenesis_or_biosynthesis" label="biogenesis/biosynthesis"/>
            <span end="34064" id="17069463-23066" start="34054">biogenesis</span>
        </annotation>
        <annotation annotator="Mike Bada, University of Colorado Anschutz Medical Campus" id="GO_BP_2016_02_16_Instance_14593" type="identity">
            <class id="GO:0006457" label="protein folding"/>
            <span end="34452" id="17069463-22872" start="34445">folding</span>
        </annotation>
        <annotation annotator="Mike Bada, University of Colorado Anschutz Medical Campus" id="GO_BP_2016_02_16_Instance_200068" type="identity">
            <class id="GO_EXT:negative_regulation" label="negative regulation"/>
            <span end="34919" id="17069463-23068" start="34904">down-regulation</span>
        </annotation>
        <annotation annotator="Mike Bada, University of Colorado Anschutz Medical Campus" id="GO_BP_2016_02_16_with_nested_annotations_Instance_20340" type="identity">
            <class id="GO:0010498" label="proteasomal protein catabolic process"/>
            <span end="34965" id="17069463-23218" start="34934">proteasome-mediated proteolysis</span>
        </annotation>
        <annotation annotator="Mike Bada, University of Colorado Anschutz Medical Campus" id="GO_BP_2016_02_16_Instance_14683" type="identity">
            <class id="GO:0065007" label="biological regulation"/>
            <span end="34980" id="17069463-22917" start="34970">modulation</span>
        </annotation>
        <annotation annotator="Mike Bada, University of Colorado Anschutz Medical Campus" id="GO_BP_2016_02_16_Instance_14685" type="identity">
            <class id="GO:0065007" label="biological regulation"/>
            <span end="35199" id="17069463-22919" start="35191">modulate</span>
        </annotation>
        <annotation annotator="Mike Bada, University of Colorado Anschutz Medical Campus" id="GO_BP_2016_02_16_with_nested_annotations_Instance_80618" type="identity">
            <class id="GO_EXT:biological_growth_entity_or_process" label="biological growth entity or process"/>
            <span end="35279" id="17069463-23332" start="35273">growth</span>
        </annotation>
        <annotation annotator="Mike Bada, University of Colorado Anschutz Medical Campus" id="GO_BP_2016_02_16_Instance_14795" type="identity">
            <class id="GO:0006110" label="regulation of glycolytic process"/>
            <span end="35370" id="17069463-22960" start="35357">regulation of</span>
            <span end="35393" id="17069463-22961" start="35375">glycolytic pathway</span>
        </annotation>
        <annotation annotator="Mike Bada, University of Colorado Anschutz Medical Campus" id="GO_BP_2016_02_16_Instance_48259" type="identity">
            <class id="GO:0006096" label="glycolytic process"/>
            <span end="35437" id="17069463-23150" start="35427">glycolysis</span>
        </annotation>
        <annotation annotator="Mike Bada, University of Colorado Anschutz Medical Campus" id="GO_BP_2016_02_16_Instance_14687" type="identity">
            <class id="GO:0065007" label="biological regulation"/>
            <span end="35550" id="17069463-22921" start="35540">modulating</span>
        </annotation>
        <annotation annotator="Mike Bada, University of Colorado Anschutz Medical Campus" id="GO_BP_2016_02_16_Instance_200072" type="identity">
            <class id="GO:0065007" label="biological regulation"/>
            <span end="35765" id="17069463-23070" start="35755">regulation</span>
        </annotation>
        <annotation annotator="Mike Bada, University of Colorado Anschutz Medical Campus" id="GO_BP_2016_02_16_Instance_14755" type="identity">
            <class id="GO:0042593" label="glucose homeostasis"/>
            <span end="35792" id="17069463-22943" start="35785">glucose</span>
            <span end="35811" id="17069463-22944" start="35800">homeostasis</span>
        </annotation>
        <annotation annotator="Mike Bada, University of Colorado Anschutz Medical Campus" id="GO_BP_2016_02_16_Instance_200074" type="identity">
            <class id="GO:0097009" label="energy homeostasis"/>
            <span end="35811" id="17069463-23072" start="35793">energy homeostasis</span>
        </annotation>
        <annotation annotator="Mike Bada, University of Colorado Anschutz Medical Campus" id="GO_BP_2016_02_16_with_nested_annotations_Instance_1340" type="identity">
            <class id="GO_EXT:reaction_or_response" label="reaction/response"/>
            <span end="36483" id="17069463-23196" start="36474">responses</span>
        </annotation>
        <annotation annotator="Mike Bada, University of Colorado Anschutz Medical Campus" id="GO_BP_2016_02_16_Instance_14689" type="identity">
            <class id="GO:0065007" label="biological regulation"/>
            <span end="36934" id="17069463-22923" start="36926">modulate</span>
        </annotation>
        <annotation annotator="Mike Bada, University of Colorado Anschutz Medical Campus" id="GO_BP_2016_02_16_Instance_200076" type="identity">
            <class id="GO:0097009" label="energy homeostasis"/>
            <span end="37248" id="17069463-23074" start="37230">energy homeostasis</span>
        </annotation>
        <annotation annotator="Mike Bada, University of Colorado Anschutz Medical Campus" id="GO_BP_2016_02_16_Instance_14595" type="identity">
            <class id="GO:0043335" label="protein unfolding"/>
            <span end="37276" id="17069463-22874" start="37267">unfolding</span>
        </annotation>
        <annotation annotator="Mike Bada, University of Colorado Anschutz Medical Campus" id="GO_BP_2016_02_16_Instance_14691" type="identity">
            <class id="GO:0065007" label="biological regulation"/>
            <span end="37363" id="17069463-22925" start="37354">modulated</span>
        </annotation>
        <annotation annotator="Mike Bada, University of Colorado Anschutz Medical Campus" id="GO_BP_2016_02_16_Instance_48261" type="identity">
            <class id="GO:0051170" label="nuclear import"/>
            <span end="37502" id="17069463-23152" start="37488">nuclear import</span>
        </annotation>
        <annotation annotator="Mike Bada, University of Colorado Anschutz Medical Campus" id="GO_BP_2016_02_16_Instance_14907" type="identity">
            <class id="GO:0051169" label="nuclear transport"/>
            <span end="37609" id="17069463-22995" start="37588">nuclear translocation</span>
        </annotation>
        <annotation annotator="Mike Bada, University of Colorado Anschutz Medical Campus" id="GO_BP_2016_02_16_with_nested_annotations_Instance_20482" type="identity">
            <class id="GO_EXT:biological_routing_or_transport" label="biological routing/transport"/>
            <span end="37707" id="17069463-23224" start="37696">trafficking</span>
        </annotation>
        <annotation annotator="Mike Bada, University of Colorado Anschutz Medical Campus" id="GO_BP_2016_02_16_Instance_48263" type="identity">
            <class id="GO:0007568" label="aging"/>
            <span end="38194" id="17069463-23154" start="38189">aging</span>
        </annotation>
        <annotation annotator="Mike Bada, University of Colorado Anschutz Medical Campus" id="GO_BP_2016_02_16_Instance_48265" type="identity">
            <class id="GO:0008152" label="metabolic process"/>
            <span end="38406" id="17069463-23156" start="38387">metabolic processes</span>
        </annotation>
        <annotation annotator="Mike Bada, University of Colorado Anschutz Medical Campus" id="GO_BP_2016_02_16_Instance_14667" type="identity">
            <class id="GO:0008152" label="metabolic process"/>
            <span end="38526" id="17069463-22901" start="38517">Metabolic</span>
        </annotation>
        <annotation annotator="Mike Bada, University of Colorado Anschutz Medical Campus" id="GO_BP_2016_02_16_Instance_200080" type="identity">
            <class id="GO_PATO_EXT:physiological_process_or_quality" label="physiological process or quality"/>
            <span end="38644" id="17069463-23076" start="38631">physiological</span>
        </annotation>
        <annotation annotator="Mike Bada, University of Colorado Anschutz Medical Campus" id="GO_BP_2016_02_16_Instance_14823" type="identity">
            <class id="GO:0006096" label="glycolytic process"/>
            <span end="38815" id="17069463-22981" start="38797">glycolytic pathway</span>
        </annotation>
        <annotation annotator="Mike Bada, University of Colorado Anschutz Medical Campus" id="GO_BP_2016_02_16_Instance_14825" type="identity">
            <class id="GO:0006754" label="ATP biosynthetic process"/>
            <span end="38837" id="17069463-22983" start="38820">production of ATP</span>
        </annotation>
        <annotation annotator="Mike Bada, University of Colorado Anschutz Medical Campus" id="GO_BP_2016_02_16_Instance_14827" type="identity">
            <class id="GO:0006096" label="glycolytic process"/>
            <span end="38861" id="17069463-22985" start="38843">glycolytic pathway</span>
        </annotation>
        <annotation annotator="Mike Bada, University of Colorado Anschutz Medical Campus" id="GO_BP_2016_02_16_with_nested_annotations_Instance_21172" type="identity">
            <class id="GO_EXT:detection_or_sensing_of_light_stimulus" label="detection/sensing of light stimulus"/>
            <span end="39011" id="17069463-23244" start="38999">photosensory</span>
        </annotation>
        <annotation annotator="Mike Bada, University of Colorado Anschutz Medical Campus" id="GO_BP_2016_02_16_Instance_14831" type="identity">
            <class id="GO:0006754" label="ATP biosynthetic process"/>
            <span end="39233" id="17069463-22987" start="39219">ATP production</span>
        </annotation>
        <annotation annotator="Mike Bada, University of Colorado Anschutz Medical Campus" id="GO_BP_2016_02_16_with_nested_annotations_Instance_1342" type="identity">
            <class id="GO_EXT:reaction_or_response" label="reaction/response"/>
            <span end="39328" id="17069463-23198" start="39320">response</span>
        </annotation>
        <annotation annotator="Mike Bada, University of Colorado Anschutz Medical Campus" id="GO_BP_2016_02_16_Instance_200082" type="identity">
            <class id="GO_EXT:negative_regulation" label="negative regulation"/>
            <span end="39422" id="17069463-23078" start="39402">negatively modulates</span>
        </annotation>
        <annotation annotator="Mike Bada, University of Colorado Anschutz Medical Campus" id="GO_BP_2016_02_16_Instance_200084" type="identity">
            <class id="GO_EXT:negative_regulation" label="negative regulation"/>
            <span end="39557" id="17069463-23080" start="39538">modulate negatively</span>
        </annotation>
        <annotation annotator="Mike Bada, University of Colorado Anschutz Medical Campus" id="GO_BP_2016_02_16_with_nested_annotations_Instance_160028" type="identity">
            <class id="GO_PATO_EXT:phosphorylation_process" label="phosphorylation process"/>
            <span end="39599" id="17069463-23216" start="39584">phosphorylation</span>
        </annotation>
        <annotation annotator="Mike Bada, University of Colorado Anschutz Medical Campus" id="GO_BP_2016_02_16_Instance_200086" type="identity">
            <class id="GO_PATO_EXT:physiological_process_or_quality" label="physiological process or quality"/>
            <span end="39841" id="17069463-23082" start="39828">physiological</span>
        </annotation>
        <annotation annotator="Mike Bada, University of Colorado Anschutz Medical Campus" id="GO_BP_2016_02_16_Instance_13463" type="identity">
            <class id="GO:0010467" label="gene expression"/>
            <span end="39966" id="17069463-22854" start="39956">expression</span>
        </annotation>
        <annotation annotator="Mike Bada, University of Colorado Anschutz Medical Campus" id="GO_BP_2016_02_16_with_nested_annotations_Instance_20518" type="identity">
            <class id="GO:0071850" label="mitotic cell cycle arrest"/>
            <span end="40349" id="17069463-23226" start="40335">mitotic arrest</span>
        </annotation>
        <annotation annotator="Mike Bada, University of Colorado Anschutz Medical Campus" id="GO_BP_2016_02_16_Instance_14837" type="identity">
            <class id="GO:0051292" label="nuclear pore complex assembly"/>
            <span end="40389" id="17069463-22989" start="40368">nuclear pore assembly</span>
        </annotation>
        <annotation annotator="Mike Bada, University of Colorado Anschutz Medical Campus" id="GO_BP_2016_02_16_with_nested_annotations_Instance_22743" type="identity">
            <class id="GO_RO_EXT:biological_export" label="biological export"/>
            <span end="40417" id="17069463-23258" start="40411">export</span>
        </annotation>
        <annotation annotator="Mike Bada, University of Colorado Anschutz Medical Campus" id="GO_BP_2016_02_16_Instance_22895" type="identity">
            <class id="GO:0008152" label="metabolic process"/>
            <span end="40572" id="17069463-23098" start="40562">metabolism</span>
        </annotation>
        <annotation annotator="Mike Bada, University of Colorado Anschutz Medical Campus" id="GO_BP_2016_02_16_Instance_200088" type="identity">
            <class id="GO_EXT:negative_regulation" label="negative regulation"/>
            <span end="40639" id="17069463-23084" start="40624">down-regulation</span>
        </annotation>
        <annotation annotator="Mike Bada, University of Colorado Anschutz Medical Campus" id="GO_BP_2016_02_16_Instance_14799" type="identity">
            <class id="GO:0065007" label="biological regulation"/>
            <span end="40665" id="17069463-22963" start="40656">regulated</span>
        </annotation>
        <annotation annotator="Mike Bada, University of Colorado Anschutz Medical Campus" id="GO_BP_2016_02_16_Instance_200090" type="identity">
            <class id="GO_PATO_EXT:physiological_process_or_quality" label="physiological process or quality"/>
            <span end="41072" id="17069463-23086" start="41059">physiological</span>
        </annotation>
        <annotation annotator="Mike Bada, University of Colorado Anschutz Medical Campus" id="GO_BP_2016_02_16_Instance_48269" type="identity">
            <class id="GO:0007618" label="mating"/>
            <span end="41573" id="17069463-23158" start="41567">mating</span>
        </annotation>
        <annotation annotator="Mike Bada, University of Colorado Anschutz Medical Campus" id="GO_BP_2016_02_16_Instance_14841" type="identity">
            <class id="GO:0009294" label="DNA mediated transformation"/>
            <span end="41771" id="17069463-22991" start="41757">transformation</span>
        </annotation>
        <annotation annotator="Mike Bada, University of Colorado Anschutz Medical Campus" id="GO_BP_2016_02_16_with_nested_annotations_Instance_80620" type="identity">
            <class id="GO_EXT:biological_growth_entity_or_process" label="biological growth entity or process"/>
            <span end="42221" id="17069463-23334" start="42215">growth</span>
        </annotation>
        <annotation annotator="Mike Bada, University of Colorado Anschutz Medical Campus" id="GO_BP_2016_02_16_with_nested_annotations_Instance_80622" type="identity">
            <class id="GO_EXT:biological_growth_entity_or_process" label="biological growth entity or process"/>
            <span end="42262" id="17069463-23336" start="42256">growth</span>
        </annotation>
        <annotation annotator="Mike Bada, University of Colorado Anschutz Medical Campus" id="GO_BP_2016_02_16_with_nested_annotations_Instance_21982" type="identity">
            <class id="GO_EXT:biological_direction_or_guidance" label="biological direction/guidance"/>
            <span end="42609" id="17069463-23252" start="42601">directed</span>
        </annotation>
        <annotation annotator="Mike Bada, University of Colorado Anschutz Medical Campus" id="GO_BP_2016_02_16_Instance_13465" type="identity">
            <class id="GO:0010467" label="gene expression"/>
            <span end="43046" id="17069463-22856" start="43036">expression</span>
        </annotation>
        <annotation annotator="Mike Bada, University of Colorado Anschutz Medical Campus" id="GO_BP_2016_02_16_Instance_14597" type="identity">
            <class id="GO:0043335" label="protein unfolding"/>
            <span end="43344" id="17069463-22876" start="43336">Unfolded</span>
        </annotation>
        <annotation annotator="Mike Bada, University of Colorado Anschutz Medical Campus" id="GO_BP_2016_02_16_Instance_200092" type="identity">
            <class id="GO_EXT:macromolecule_denaturation" label="macromolecule denaturation"/>
            <span end="43368" id="17069463-23088" start="43359">denatured</span>
        </annotation>
        <annotation annotator="Mike Bada, University of Colorado Anschutz Medical Campus" id="GO_BP_2016_02_16_with_nested_annotations_Instance_120430" type="identity">
            <class id="GO_SO_EXT:sequence_rearrangement_process" label="sequence rearrangement process"/>
            <span end="43415" id="17069463-23166" start="43404">recombinant</span>
        </annotation>
        <annotation annotator="Mike Bada, University of Colorado Anschutz Medical Campus" id="GO_BP_2016_02_16_with_nested_annotations_Instance_120432" type="identity">
            <class id="GO_SO_EXT:sequence_rearrangement_process" label="sequence rearrangement process"/>
            <span end="44432" id="17069463-23168" start="44421">recombinant</span>
        </annotation>
        <annotation annotator="Mike Bada, University of Colorado Anschutz Medical Campus" id="GO_BP_2016_02_16_with_nested_annotations_Instance_120434" type="identity">
            <class id="GO_SO_EXT:sequence_rearrangement_process" label="sequence rearrangement process"/>
            <span end="44659" id="17069463-23170" start="44648">recombinant</span>
        </annotation>
        <annotation annotator="Mike Bada, University of Colorado Anschutz Medical Campus" id="GO_BP_2016_02_16_Instance_200094" type="identity">
            <class id="GO_EXT:macromolecule_denaturation" label="macromolecule denaturation"/>
            <span end="44733" id="17069463-23090" start="44723">denaturing</span>
        </annotation>
        <annotation annotator="Mike Bada, University of Colorado Anschutz Medical Campus" id="GO_BP_2016_02_16_with_nested_annotations_Instance_606" type="identity">
            <class id="GO_PATO_EXT:biological_localization_process_or_quality" label="biological localization process or quality"/>
            <span end="46767" id="17069463-23308" start="46755">localization</span>
        </annotation>
        <annotation annotator="Mike Bada, University of Colorado Anschutz Medical Campus" id="GO_BP_2016_02_16_Instance_23679" type="identity">
            <class id="GO:0008380" label="RNA splicing"/>
            <span end="48165" id="17069463-23100" start="48159">splice</span>
        </annotation>
        <annotation annotator="Mike Bada, University of Colorado Anschutz Medical Campus" id="GO_BP_2016_02_16_Instance_200096" type="identity">
            <class id="GO_EXT:breeding" label="breeding"/>
            <span end="48435" id="17069463-23092" start="48431">bred</span>
        </annotation>
        <annotation annotator="Mike Bada, University of Colorado Anschutz Medical Campus" id="GO_BP_2016_02_16_Instance_13467" type="identity">
            <class id="GO:0010467" label="gene expression"/>
            <span end="49210" id="17069463-22858" start="49200">expression</span>
        </annotation>
        <annotation annotator="Mike Bada, University of Colorado Anschutz Medical Campus" id="GO_BP_2016_02_16_Instance_48275" type="identity">
            <class id="GO:0008218" label="bioluminescence"/>
            <span end="49842" id="17069463-23160" start="49827">Bioluminescence</span>
        </annotation>
        <annotation annotator="Mike Bada, University of Colorado Anschutz Medical Campus" id="GO_BP_2016_02_16_Instance_14669" type="identity">
            <class id="GO:0008152" label="metabolic process"/>
            <span end="50158" id="17069463-22903" start="50149">Metabolic</span>
        </annotation>
        <annotation annotator="Mike Bada, University of Colorado Anschutz Medical Campus" id="GO_BP_2016_02_16_Instance_14853" type="identity">
            <class id="GO:0007565" label="female pregnancy"/>
            <span end="50237" id="17069463-22993" start="50228">gestation</span>
        </annotation>
        <annotation annotator="Mike Bada, University of Colorado Anschutz Medical Campus" id="GO_BP_2016_02_16_Instance_14813" type="identity">
            <class id="GO:0007567" label="parturition"/>
            <span end="50246" id="17069463-22971" start="50241">birth</span>
        </annotation>
        <annotation annotator="Mike Bada, University of Colorado Anschutz Medical Campus" id="GO_BP_2016_02_16_Instance_14927" type="identity">
            <class id="GO:0007631" label="feeding behavior"/>
            <span end="50265" id="17069463-22997" start="50262">fed</span>
        </annotation>
        <annotation annotator="Mike Bada, University of Colorado Anschutz Medical Campus" id="GO_BP_2016_02_16_with_nested_annotations_Instance_1344" type="identity">
            <class id="GO_EXT:reaction_or_response" label="reaction/response"/>
            <span end="51416" id="17069463-23200" start="51407">responses</span>
        </annotation>
        <annotation annotator="Mike Bada, University of Colorado Anschutz Medical Campus" id="GO_BP_2016_02_16_Instance_200098" type="identity">
            <class id="GO:1990603" label="dark adaptation"/>
            <span end="52006" id="17069463-23094" start="51988">Scotopic responses</span>
        </annotation>
        <annotation annotator="Mike Bada, University of Colorado Anschutz Medical Campus" id="GO_BP_2016_02_16_with_nested_annotations_Instance_21174" type="identity">
            <class id="GO_EXT:detection_or_sensing_of_light_stimulus" label="detection/sensing of light stimulus"/>
            <span end="52968" id="17069463-23246" start="52956">photosensory</span>
        </annotation>
        <annotation annotator="Mike Bada, University of Colorado Anschutz Medical Campus" id="GO_BP_2016_02_16_with_nested_annotations_Instance_608" type="identity">
            <class id="GO_PATO_EXT:biological_localization_process_or_quality" label="biological localization process or quality"/>
            <span end="53015" id="17069463-23310" start="53003">localization</span>
        </annotation>
        <annotation annotator="Mike Bada, University of Colorado Anschutz Medical Campus" id="GO_BP_2016_02_16_with_nested_annotations_Instance_21176" type="identity">
            <class id="GO_EXT:detection_or_sensing_of_light_stimulus" label="detection/sensing of light stimulus"/>
            <span end="53698" id="17069463-23248" start="53686">photosensory</span>
        </annotation>
        <annotation annotator="Mike Bada, University of Colorado Anschutz Medical Campus" id="GO_BP_2016_02_16_Instance_14671" type="identity">
            <class id="GO:0008152" label="metabolic process"/>
            <span end="53781" id="17069463-22905" start="53772">Metabolic</span>
        </annotation>
        <graph-space id="Old Knowtator Relations"/>
    </document>
</knowtator-project>
