<?xml version="1.0" encoding="UTF-8" standalone="no"?>
<knowtator-project>
    <document id="17078885" text-file="17078885.txt">
        <annotation annotator="Mike Bada, University of Colorado Anschutz Medical Campus" id="GO_BP_2016_02_16_Instance_200100" type="identity">
            <class id="GO_EXT:cell_communication_or_signaling_or_signal_transduction" label="cell communication, signaling or signal transduction"/>
            <span end="24" id="17078885-23409" start="15">signaling</span>
        </annotation>
        <annotation annotator="Mike Bada, University of Colorado Anschutz Medical Campus" id="GO_BP_2016_02_16_with_nested_annotations_Instance_20146" type="identity">
            <class id="GO_EXT:biological_movement_or_translocation_process" label="biological movement/translocation process"/>
            <span end="77" id="17078885-23555" start="68">migratory</span>
        </annotation>
        <annotation annotator="Mike Bada, University of Colorado Anschutz Medical Campus" id="GO_BP_2016_02_16_Instance_44495" type="identity">
            <class id="GO:0006915" label="apoptotic process"/>
            <span end="105" id="17078885-23502" start="91">cell apoptosis</span>
        </annotation>
        <annotation annotator="Mike Bada, University of Colorado Anschutz Medical Campus" id="GO_BP_2016_02_16_Instance_14579" type="identity">
            <class id="GO:0007567" label="parturition"/>
            <span end="230" id="17078885-23357" start="225">birth</span>
        </annotation>
        <annotation annotator="Mike Bada, University of Colorado Anschutz Medical Campus" id="GO_BP_2016_02_16_Instance_24217" type="identity">
            <class id="GO:0001755" label="neural crest cell migration"/>
            <span end="348" id="17078885-23479" start="339">migration</span>
            <span end="383" id="17078885-23480" start="381">of</span>
            <span end="416" id="17078885-23481" start="404">neural crest</span>
            <span end="427" id="17078885-23482" start="422">cells</span>
        </annotation>
        <annotation annotator="Mike Bada, University of Colorado Anschutz Medical Campus" id="GO_BP_2016_02_16_Instance_43711" type="identity">
            <class id="GO:0030154" label="cell differentiation"/>
            <span end="365" id="17078885-23496" start="350">differentiation</span>
            <span end="383" id="17078885-23497" start="381">of</span>
            <span end="427" id="17078885-23498" start="422">cells</span>
        </annotation>
        <annotation annotator="Mike Bada, University of Colorado Anschutz Medical Campus" id="GO_BP_2016_02_16_with_nested_annotations_Instance_22985" type="identity">
            <class id="GO_PATO_EXT:biological_patterning_process_or_quality" label="biological patterning process or quality"/>
            <span end="380" id="17078885-23605" start="370">patterning</span>
        </annotation>
        <annotation annotator="Mike Bada, University of Colorado Anschutz Medical Campus" id="GO_BP_2016_02_16_Instance_10027" type="identity">
            <class id="GO:0007179" label="transforming growth factor beta receptor signaling pathway"/>
            <span end="462" id="17078885-23340" start="435">TGF-β-superfamily signaling</span>
        </annotation>
        <annotation annotator="Mike Bada, University of Colorado Anschutz Medical Campus" id="GO_BP_2016_02_16_Instance_44499" type="identity">
            <class id="GO:0014032" label="neural crest cell development"/>
            <span end="524" id="17078885-23504" start="495">neural crest cell development</span>
        </annotation>
        <annotation annotator="Mike Bada, University of Colorado Anschutz Medical Campus" id="GO_BP_2016_02_16_Instance_200102" type="identity">
            <class id="GO_EXT:cell_communication_or_signaling_or_signal_transduction" label="cell communication, signaling or signal transduction"/>
            <span end="558" id="17078885-23411" start="549">signaling</span>
        </annotation>
        <annotation annotator="Mike Bada, University of Colorado Anschutz Medical Campus" id="GO_BP_2016_02_16_Instance_200104" type="identity">
            <class id="GO_EXT:cell_communication_or_signaling_or_signal_transduction" label="cell communication, signaling or signal transduction"/>
            <span end="732" id="17078885-23413" start="723">signaling</span>
        </annotation>
        <annotation annotator="Mike Bada, University of Colorado Anschutz Medical Campus" id="GO_BP_2016_02_16_with_nested_annotations_Instance_20148" type="identity">
            <class id="GO_EXT:biological_movement_or_translocation_process" label="biological movement/translocation process"/>
            <span end="931" id="17078885-23557" start="922">migration</span>
        </annotation>
        <annotation annotator="Mike Bada, University of Colorado Anschutz Medical Campus" id="GO_BP_2016_02_16_Instance_44501" type="identity">
            <class id="GO:0001755" label="neural crest cell migration"/>
            <span end="1025" id="17078885-23506" start="998">neural crest cell migration</span>
        </annotation>
        <annotation annotator="Mike Bada, University of Colorado Anschutz Medical Campus" id="GO_BP_2016_02_16_with_nested_annotations_Instance_20150" type="identity">
            <class id="GO_EXT:biological_movement_or_translocation_process" label="biological movement/translocation process"/>
            <span end="1116" id="17078885-23559" start="1107">migratory</span>
        </annotation>
        <annotation annotator="Mike Bada, University of Colorado Anschutz Medical Campus" id="GO_BP_2016_02_16_Instance_200106" type="identity">
            <class id="GO_EXT:cell_communication_or_signaling_or_signal_transduction" label="cell communication, signaling or signal transduction"/>
            <span end="1210" id="17078885-23415" start="1201">signaling</span>
        </annotation>
        <annotation annotator="Mike Bada, University of Colorado Anschutz Medical Campus" id="GO_BP_2016_02_16_Instance_200108" type="identity">
            <class id="GO:0060465" label="pharynx development"/>
            <span end="1290" id="17078885-23417" start="1280">pharyngeal</span>
            <span end="1328" id="17078885-23418" start="1317">development</span>
        </annotation>
        <annotation annotator="Mike Bada, University of Colorado Anschutz Medical Campus" id="GO_BP_2016_02_16_Instance_14581" type="identity">
            <class id="GO:0007567" label="parturition"/>
            <span end="1385" id="17078885-23359" start="1380">birth</span>
        </annotation>
        <annotation annotator="Mike Bada, University of Colorado Anschutz Medical Campus" id="GO_BP_2016_02_16_with_nested_annotations_Instance_20152" type="identity">
            <class id="GO_EXT:biological_movement_or_translocation_process" label="biological movement/translocation process"/>
            <span end="1436" id="17078885-23561" start="1427">migration</span>
        </annotation>
        <annotation annotator="Mike Bada, University of Colorado Anschutz Medical Campus" id="GO_BP_2016_02_16_Instance_241006" type="identity">
            <class id="GO_RO_EXT:developmental_differentiation_process" label="developmental differentiation process"/>
            <span end="1453" id="17078885-23465" start="1438">differentiation</span>
        </annotation>
        <annotation annotator="Mike Bada, University of Colorado Anschutz Medical Campus" id="GO_BP_2016_02_16_with_nested_annotations_Instance_22987" type="identity">
            <class id="GO_PATO_EXT:biological_patterning_process_or_quality" label="biological patterning process or quality"/>
            <span end="1467" id="17078885-23607" start="1457">patterning</span>
        </annotation>
        <annotation annotator="Mike Bada, University of Colorado Anschutz Medical Campus" id="GO_BP_2016_02_16_with_nested_annotations_Instance_40150" type="identity">
            <class id="GO:0060232" label="delamination"/>
            <span end="1720" id="17078885-23629" start="1710">delaminate</span>
        </annotation>
        <annotation annotator="Mike Bada, University of Colorado Anschutz Medical Campus" id="GO_BP_2016_02_16_with_nested_annotations_Instance_20154" type="identity">
            <class id="GO_EXT:biological_movement_or_translocation_process" label="biological movement/translocation process"/>
            <span end="1814" id="17078885-23563" start="1807">migrate</span>
        </annotation>
        <annotation annotator="Mike Bada, University of Colorado Anschutz Medical Campus" id="GO_BP_2016_02_16_with_nested_annotations_Instance_20156" type="identity">
            <class id="GO_EXT:biological_movement_or_translocation_process" label="biological movement/translocation process"/>
            <span end="2071" id="17078885-23565" start="2064">migrate</span>
        </annotation>
        <annotation annotator="Mike Bada, University of Colorado Anschutz Medical Campus" id="GO_BP_2016_02_16_with_nested_annotations_Instance_22989" type="identity">
            <class id="GO_PATO_EXT:biological_patterning_process_or_quality" label="biological patterning process or quality"/>
            <span end="2521" id="17078885-23609" start="2511">patterning</span>
        </annotation>
        <annotation annotator="Mike Bada, University of Colorado Anschutz Medical Campus" id="GO_BP_2016_02_16_with_nested_annotations_Instance_20158" type="identity">
            <class id="GO_EXT:biological_movement_or_translocation_process" label="biological movement/translocation process"/>
            <span end="2596" id="17078885-23567" start="2587">migratory</span>
        </annotation>
        <annotation annotator="Mike Bada, University of Colorado Anschutz Medical Campus" id="GO_BP_2016_02_16_Instance_15053" type="identity">
            <class id="GO:0065007" label="biological regulation"/>
            <span end="2701" id="17078885-23377" start="2691">controlled</span>
        </annotation>
        <annotation annotator="Mike Bada, University of Colorado Anschutz Medical Campus" id="GO_BP_2016_02_16_with_nested_annotations_Instance_20160" type="identity">
            <class id="GO_EXT:biological_movement_or_translocation_process" label="biological movement/translocation process"/>
            <span end="2774" id="17078885-23569" start="2767">migrate</span>
        </annotation>
        <annotation annotator="Mike Bada, University of Colorado Anschutz Medical Campus" id="GO_BP_2016_02_16_Instance_200116" type="identity">
            <class id="GO_EXT:cell_communication_or_signaling_or_signal_transduction" label="cell communication, signaling or signal transduction"/>
            <span end="3536" id="17078885-23420" start="3530">signal</span>
        </annotation>
        <annotation annotator="Mike Bada, University of Colorado Anschutz Medical Campus" id="GO_BP_2016_02_16_with_nested_annotations_Instance_150010" type="identity">
            <class id="GO_PATO_EXT:phosphorylation_process" label="phosphorylation process"/>
            <span end="3667" id="17078885-23551" start="3652">phosphorylation</span>
        </annotation>
        <annotation annotator="Mike Bada, University of Colorado Anschutz Medical Campus" id="GO_BP_2016_02_16_with_nested_annotations_Instance_150012" type="identity">
            <class id="GO_PATO_EXT:phosphorylation_process" label="phosphorylation process"/>
            <span end="3733" id="17078885-23553" start="3720">phosphorylate</span>
        </annotation>
        <annotation annotator="Mike Bada, University of Colorado Anschutz Medical Campus" id="GO_BP_2016_02_16_Instance_200118" type="identity">
            <class id="GO_EXT:cell_communication_or_signaling_or_signal_transduction" label="cell communication, signaling or signal transduction"/>
            <span end="3785" id="17078885-23422" start="3776">signaling</span>
        </annotation>
        <annotation annotator="Mike Bada, University of Colorado Anschutz Medical Campus" id="GO_BP_2016_02_16_Instance_200181" type="identity">
            <class id="GO_EXT:cell_communication_or_signaling_or_signal_transduction" label="cell communication, signaling or signal transduction"/>
            <span end="4105" id="17078885-23457" start="4096">signaling</span>
        </annotation>
        <annotation annotator="Mike Bada, University of Colorado Anschutz Medical Campus" id="GO_BP_2016_02_16_Instance_15061" type="identity">
            <class id="GO:0051290" label="protein heterotetramerization"/>
            <span end="4202" id="17078885-23383" start="4163">formation of heterotetrameric complexes</span>
        </annotation>
        <annotation annotator="Mike Bada, University of Colorado Anschutz Medical Campus" id="GO_BP_2016_02_16_with_nested_annotations_Instance_80624" type="identity">
            <class id="GO_EXT:biological_growth_entity_or_process" label="biological growth entity or process"/>
            <span end="4415" id="17078885-23633" start="4409">growth</span>
        </annotation>
        <annotation annotator="Mike Bada, University of Colorado Anschutz Medical Campus" id="GO_BP_2016_02_16_Instance_241008" type="identity">
            <class id="GO_RO_EXT:developmental_differentiation_process" label="developmental differentiation process"/>
            <span end="4435" id="17078885-23467" start="4420">differentiation</span>
        </annotation>
        <annotation annotator="Mike Bada, University of Colorado Anschutz Medical Campus" id="GO_BP_2016_02_16_Instance_200120" type="identity">
            <class id="GO_EXT:cell_communication_or_signaling_or_signal_transduction" label="cell communication, signaling or signal transduction"/>
            <span end="5037" id="17078885-23424" start="5028">signaling</span>
        </annotation>
        <annotation annotator="Mike Bada, University of Colorado Anschutz Medical Campus" id="GO_BP_2016_02_16_with_nested_annotations_Instance_20162" type="identity">
            <class id="GO_EXT:biological_movement_or_translocation_process" label="biological movement/translocation process"/>
            <span end="5293" id="17078885-23571" start="5286">migrate</span>
        </annotation>
        <annotation annotator="Mike Bada, University of Colorado Anschutz Medical Campus" id="GO_BP_2016_02_16_Instance_44507" type="identity">
            <class id="GO:0006915" label="apoptotic process"/>
            <span end="5584" id="17078885-23508" start="5572">apoptosis of</span>
            <span end="5625" id="17078885-23509" start="5620">cells</span>
        </annotation>
        <annotation annotator="Mike Bada, University of Colorado Anschutz Medical Campus" id="GO_BP_2016_02_16_with_nested_annotations_Instance_20164" type="identity">
            <class id="GO_EXT:biological_movement_or_translocation_process" label="biological movement/translocation process"/>
            <span end="5598" id="17078885-23573" start="5589">migratory</span>
        </annotation>
        <annotation annotator="Mike Bada, University of Colorado Anschutz Medical Campus" id="GO_BP_2016_02_16_Instance_200124" type="identity">
            <class id="GO_EXT:cell_communication_or_signaling_or_signal_transduction" label="cell communication, signaling or signal transduction"/>
            <span end="5770" id="17078885-23426" start="5761">signaling</span>
        </annotation>
        <annotation annotator="Mike Bada, University of Colorado Anschutz Medical Campus" id="GO_BP_2016_02_16_Instance_10935" type="identity">
            <class id="GO:0007507" label="heart development"/>
            <span end="5865" id="17078885-23342" start="5858">cardiac</span>
            <span end="5892" id="17078885-23343" start="5881">development</span>
        </annotation>
        <annotation annotator="Mike Bada, University of Colorado Anschutz Medical Campus" id="GO_BP_2016_02_16_Instance_200126" type="identity">
            <class id="GO:0060465" label="pharynx development"/>
            <span end="5892" id="17078885-23428" start="5870">pharyngeal development</span>
        </annotation>
        <annotation annotator="Mike Bada, University of Colorado Anschutz Medical Campus" id="GO_BP_2016_02_16_Instance_15065" type="identity">
            <class id="GO:0007565" label="female pregnancy"/>
            <span end="6619" id="17078885-23387" start="6610">gestation</span>
        </annotation>
        <annotation annotator="Mike Bada, University of Colorado Anschutz Medical Campus" id="GO_BP_2016_02_16_Instance_15063" type="identity">
            <class id="GO:0016265" label="death"/>
            <span end="6721" id="17078885-23385" start="6717">died</span>
        </annotation>
        <annotation annotator="Mike Bada, University of Colorado Anschutz Medical Campus" id="GO_BP_2016_02_16_Instance_14901" type="identity">
            <class id="GO:0007567" label="parturition"/>
            <span end="6745" id="17078885-23367" start="6740">birth</span>
        </annotation>
        <annotation annotator="Mike Bada, University of Colorado Anschutz Medical Campus" id="GO_BP_2016_02_16_Instance_200128" type="identity">
            <class id="GO:0007567" label="parturition"/>
            <span end="6776" id="17078885-23430" start="6771">natal</span>
        </annotation>
        <annotation annotator="Mike Bada, University of Colorado Anschutz Medical Campus" id="GO_BP_2016_02_16_Instance_14507" type="identity">
            <class id="GO:0007179" label="transforming growth factor beta receptor signaling pathway"/>
            <span end="6831" id="17078885-23351" start="6816">TGF-β-signaling</span>
        </annotation>
        <annotation annotator="Mike Bada, University of Colorado Anschutz Medical Campus" id="GO_BP_2016_02_16_Instance_200130" type="identity">
            <class id="GO:0003151" label="outflow tract morphogenesis"/>
            <span end="8579" id="17078885-23432" start="8562">OFT morphogenesis</span>
        </annotation>
        <annotation annotator="Mike Bada, University of Colorado Anschutz Medical Campus" id="GO_BP_2016_02_16_with_nested_annotations_Instance_22991" type="identity">
            <class id="GO_PATO_EXT:biological_patterning_process_or_quality" label="biological patterning process or quality"/>
            <span end="9499" id="17078885-23611" start="9489">patterning</span>
        </annotation>
        <annotation annotator="Mike Bada, University of Colorado Anschutz Medical Campus" id="GO_BP_2016_02_16_Instance_200132" type="identity">
            <class id="GO:0072358" label="cardiovascular system development"/>
            <span end="9605" id="17078885-23434" start="9579">cardiovascular development</span>
        </annotation>
        <annotation annotator="Mike Bada, University of Colorado Anschutz Medical Campus" id="GO_BP_2016_02_16_with_nested_annotations_Instance_21680" type="identity">
            <class id="GO_EXT:cell_communication_or_signaling_or_signal_transduction" label="cell communication, signaling or signal transduction"/>
            <span end="9766" id="17078885-23601" start="9757">signaling</span>
        </annotation>
        <annotation annotator="Mike Bada, University of Colorado Anschutz Medical Campus" id="GO_BP_2016_02_16_Instance_14895" type="identity">
            <class id="GO:0060033" label="anatomical structure regression"/>
            <span end="10201" id="17078885-23361" start="10191">regressing</span>
        </annotation>
        <annotation annotator="Mike Bada, University of Colorado Anschutz Medical Campus" id="GO_BP_2016_02_16_with_nested_annotations_Instance_22993" type="identity">
            <class id="GO_PATO_EXT:biological_patterning_process_or_quality" label="biological patterning process or quality"/>
            <span end="10732" id="17078885-23613" start="10722">patterning</span>
        </annotation>
        <annotation annotator="Mike Bada, University of Colorado Anschutz Medical Campus" id="GO_BP_2016_02_16_Instance_14897" type="identity">
            <class id="GO:0060033" label="anatomical structure regression"/>
            <span end="10996" id="17078885-23363" start="10986">regressing</span>
        </annotation>
        <annotation annotator="Mike Bada, University of Colorado Anschutz Medical Campus" id="GO_BP_2016_02_16_Instance_14899" type="identity">
            <class id="GO:0060033" label="anatomical structure regression"/>
            <span end="11102" id="17078885-23365" start="11092">regression</span>
        </annotation>
        <annotation annotator="Mike Bada, University of Colorado Anschutz Medical Campus" id="GO_BP_2016_02_16_Instance_14991" type="identity">
            <class id="GO:0060033" label="anatomical structure regression"/>
            <span end="11153" id="17078885-23369" start="11143">regression</span>
        </annotation>
        <annotation annotator="Mike Bada, University of Colorado Anschutz Medical Campus" id="GO_BP_2016_02_16_Instance_41069" type="identity">
            <class id="GO:0010467" label="gene expression"/>
            <span end="12969" id="17078885-23484" start="12959">expression</span>
        </annotation>
        <annotation annotator="Mike Bada, University of Colorado Anschutz Medical Campus" id="GO_BP_2016_02_16_Instance_15011" type="identity">
            <class id="GO:0001755" label="neural crest cell migration"/>
            <span end="13155" id="17078885-23371" start="13142">NCC migration</span>
        </annotation>
        <annotation annotator="Mike Bada, University of Colorado Anschutz Medical Campus" id="GO_BP_2016_02_16_with_nested_annotations_Instance_20166" type="identity">
            <class id="GO_EXT:biological_movement_or_translocation_process" label="biological movement/translocation process"/>
            <span end="13617" id="17078885-23575" start="13608">migration</span>
        </annotation>
        <annotation annotator="Mike Bada, University of Colorado Anschutz Medical Campus" id="GO_BP_2016_02_16_Instance_15015" type="identity">
            <class id="GO:0001755" label="neural crest cell migration"/>
            <span end="13711" id="17078885-23373" start="13698">NCC migration</span>
        </annotation>
        <annotation annotator="Mike Bada, University of Colorado Anschutz Medical Campus" id="GO_BP_2016_02_16_Instance_241010" type="identity">
            <class id="GO_RO_EXT:developmental_differentiation_process" label="developmental differentiation process"/>
            <span end="15608" id="17078885-23469" start="15593">differentiation</span>
        </annotation>
        <annotation annotator="Mike Bada, University of Colorado Anschutz Medical Campus" id="GO_BP_2016_02_16_with_nested_annotations_Instance_20168" type="identity">
            <class id="GO_EXT:biological_movement_or_translocation_process" label="biological movement/translocation process"/>
            <span end="16823" id="17078885-23577" start="16816">migrate</span>
        </annotation>
        <annotation annotator="Mike Bada, University of Colorado Anschutz Medical Campus" id="GO_BP_2016_02_16_Instance_200146" type="identity">
            <class id="GO_EXT:cell_communication_or_signaling_or_signal_transduction" label="cell communication, signaling or signal transduction"/>
            <span end="17013" id="17078885-23436" start="17004">signaling</span>
        </annotation>
        <annotation annotator="Mike Bada, University of Colorado Anschutz Medical Campus" id="GO_BP_2016_02_16_Instance_22217" type="identity">
            <class id="GO:0030154" label="cell differentiation"/>
            <span end="17063" id="17078885-23461" start="17043">cell differentiation</span>
        </annotation>
        <annotation annotator="Mike Bada, University of Colorado Anschutz Medical Campus" id="GO_BP_2016_02_16_Instance_200155" type="identity">
            <class id="GO_EXT:cell_communication_or_signaling_or_signal_transduction" label="cell communication, signaling or signal transduction"/>
            <span end="17796" id="17078885-23438" start="17787">Signaling</span>
        </annotation>
        <annotation annotator="Mike Bada, University of Colorado Anschutz Medical Campus" id="GO_BP_2016_02_16_Instance_15055" type="identity">
            <class id="GO:0065007" label="biological regulation"/>
            <span end="17823" id="17078885-23379" start="17815">controls</span>
        </annotation>
        <annotation annotator="Mike Bada, University of Colorado Anschutz Medical Campus" id="GO_BP_2016_02_16_Instance_44509" type="identity">
            <class id="GO:0006915" label="apoptotic process"/>
            <span end="18387" id="17078885-23511" start="18375">apoptosis of</span>
            <span end="18421" id="17078885-23512" start="18416">cells</span>
        </annotation>
        <annotation annotator="Mike Bada, University of Colorado Anschutz Medical Campus" id="GO_BP_2016_02_16_with_nested_annotations_Instance_20170" type="identity">
            <class id="GO_EXT:biological_movement_or_translocation_process" label="biological movement/translocation process"/>
            <span end="18402" id="17078885-23579" start="18393">migratory</span>
        </annotation>
        <annotation annotator="Mike Bada, University of Colorado Anschutz Medical Campus" id="GO_BP_2016_02_16_Instance_15083" type="identity">
            <class id="GO:0008283" label="cell proliferation"/>
            <span end="18670" id="17078885-23389" start="18657">proliferation</span>
        </annotation>
        <annotation annotator="Mike Bada, University of Colorado Anschutz Medical Campus" id="GO_BP_2016_02_16_Instance_44511" type="identity">
            <class id="GO:0006915" label="apoptotic process"/>
            <span end="18697" id="17078885-23514" start="18688">apoptosis</span>
        </annotation>
        <annotation annotator="Mike Bada, University of Colorado Anschutz Medical Campus" id="GO_BP_2016_02_16_Instance_15085" type="identity">
            <class id="GO:0008283" label="cell proliferation"/>
            <span end="18770" id="17078885-23391" start="18757">proliferation</span>
        </annotation>
        <annotation annotator="Mike Bada, University of Colorado Anschutz Medical Campus" id="GO_BP_2016_02_16_with_nested_annotations_Instance_20172" type="identity">
            <class id="GO_EXT:biological_movement_or_translocation_process" label="biological movement/translocation process"/>
            <span end="19088" id="17078885-23581" start="19079">migratory</span>
        </annotation>
        <annotation annotator="Mike Bada, University of Colorado Anschutz Medical Campus" id="GO_BP_2016_02_16_Instance_44513" type="identity">
            <class id="GO:0006915" label="apoptotic process"/>
            <span end="19256" id="17078885-23516" start="19247">apoptosis</span>
        </annotation>
        <annotation annotator="Mike Bada, University of Colorado Anschutz Medical Campus" id="GO_BP_2016_02_16_with_nested_annotations_Instance_30365" type="identity">
            <class id="GO_PATO_EXT:apoptotic_process_or_quality" label="apoptotic process or quality"/>
            <span end="19293" id="17078885-23623" start="19284">apoptotic</span>
        </annotation>
        <annotation annotator="Mike Bada, University of Colorado Anschutz Medical Campus" id="GO_BP_2016_02_16_Instance_44515" type="identity">
            <class id="GO:0006915" label="apoptotic process"/>
            <span end="19468" id="17078885-23518" start="19459">apoptosis</span>
        </annotation>
        <annotation annotator="Mike Bada, University of Colorado Anschutz Medical Campus" id="GO_BP_2016_02_16_Instance_44517" type="identity">
            <class id="GO:0006915" label="apoptotic process"/>
            <span end="19674" id="17078885-23520" start="19662">apoptosis of</span>
            <span end="19691" id="17078885-23521" start="19686">cells</span>
        </annotation>
        <annotation annotator="Mike Bada, University of Colorado Anschutz Medical Campus" id="GO_BP_2016_02_16_Instance_44519" type="identity">
            <class id="GO:0006915" label="apoptotic process"/>
            <span end="19829" id="17078885-23523" start="19820">apoptosis</span>
        </annotation>
        <annotation annotator="Mike Bada, University of Colorado Anschutz Medical Campus" id="GO_BP_2016_02_16_Instance_44521" type="identity">
            <class id="GO:0006915" label="apoptotic process"/>
            <span end="19967" id="17078885-23525" start="19958">apoptosis</span>
        </annotation>
        <annotation annotator="Mike Bada, University of Colorado Anschutz Medical Campus" id="GO_BP_2016_02_16_with_nested_annotations_Instance_30367" type="identity">
            <class id="GO_PATO_EXT:apoptotic_process_or_quality" label="apoptotic process or quality"/>
            <span end="20301" id="17078885-23625" start="20292">apoptotic</span>
        </annotation>
        <annotation annotator="Mike Bada, University of Colorado Anschutz Medical Campus" id="GO_BP_2016_02_16_with_nested_annotations_Instance_30369" type="identity">
            <class id="GO_PATO_EXT:apoptotic_process_or_quality" label="apoptotic process or quality"/>
            <span end="20412" id="17078885-23627" start="20403">apoptotic</span>
        </annotation>
        <annotation annotator="Mike Bada, University of Colorado Anschutz Medical Campus" id="GO_BP_2016_02_16_Instance_44523" type="identity">
            <class id="GO:0006915" label="apoptotic process"/>
            <span end="20545" id="17078885-23527" start="20536">apoptosis</span>
        </annotation>
        <annotation annotator="Mike Bada, University of Colorado Anschutz Medical Campus" id="GO_BP_2016_02_16_with_nested_annotations_Instance_22995" type="identity">
            <class id="GO_PATO_EXT:biological_patterning_process_or_quality" label="biological patterning process or quality"/>
            <span end="20584" id="17078885-23615" start="20574">patterning</span>
        </annotation>
        <annotation annotator="Mike Bada, University of Colorado Anschutz Medical Campus" id="GO_BP_2016_02_16_Instance_200163" type="identity">
            <class id="GO_EXT:cell_communication_or_signaling_or_signal_transduction" label="cell communication, signaling or signal transduction"/>
            <span end="20704" id="17078885-23440" start="20695">signaling</span>
        </annotation>
        <annotation annotator="Mike Bada, University of Colorado Anschutz Medical Campus" id="GO_BP_2016_02_16_Instance_44525" type="identity">
            <class id="GO:0006915" label="apoptotic process"/>
            <span end="20783" id="17078885-23529" start="20771">apoptosis of</span>
            <span end="20800" id="17078885-23530" start="20795">cells</span>
        </annotation>
        <annotation annotator="Mike Bada, University of Colorado Anschutz Medical Campus" id="GO_BP_2016_02_16_with_nested_annotations_Instance_20174" type="identity">
            <class id="GO_EXT:biological_movement_or_translocation_process" label="biological movement/translocation process"/>
            <span end="20881" id="17078885-23583" start="20874">migrate</span>
        </annotation>
        <annotation annotator="Mike Bada, University of Colorado Anschutz Medical Campus" id="GO_BP_2016_02_16_Instance_13461" type="identity">
            <class id="GO:0048513" label="animal organ development"/>
            <span end="20954" id="17078885-23345" start="20940">development of</span>
            <span end="20972" id="17078885-23346" start="20966">organs</span>
        </annotation>
        <annotation annotator="Mike Bada, University of Colorado Anschutz Medical Campus" id="GO_BP_2016_02_16_with_nested_annotations_Instance_20176" type="identity">
            <class id="GO_EXT:biological_movement_or_translocation_process" label="biological movement/translocation process"/>
            <span end="21164" id="17078885-23585" start="21156">migrates</span>
        </annotation>
        <annotation annotator="Mike Bada, University of Colorado Anschutz Medical Campus" id="GO_BP_2016_02_16_with_nested_annotations_Instance_20178" type="identity">
            <class id="GO_EXT:biological_movement_or_translocation_process" label="biological movement/translocation process"/>
            <span end="21676" id="17078885-23587" start="21669">migrate</span>
        </annotation>
        <annotation annotator="Mike Bada, University of Colorado Anschutz Medical Campus" id="GO_BP_2016_02_16_with_nested_annotations_Instance_20180" type="identity">
            <class id="GO_EXT:biological_movement_or_translocation_process" label="biological movement/translocation process"/>
            <span end="21769" id="17078885-23589" start="21762">migrate</span>
        </annotation>
        <annotation annotator="Mike Bada, University of Colorado Anschutz Medical Campus" id="GO_BP_2016_02_16_Instance_41337" type="identity">
            <class id="GO:0010467" label="gene expression"/>
            <span end="22024" id="17078885-23486" start="22014">expression</span>
        </annotation>
        <annotation annotator="Mike Bada, University of Colorado Anschutz Medical Campus" id="GO_BP_2016_02_16_with_nested_annotations_Instance_20182" type="identity">
            <class id="GO_EXT:biological_movement_or_translocation_process" label="biological movement/translocation process"/>
            <span end="22301" id="17078885-23591" start="22294">migrate</span>
        </annotation>
        <annotation annotator="Mike Bada, University of Colorado Anschutz Medical Campus" id="GO_BP_2016_02_16_Instance_42941" type="identity">
            <class id="GO:0010467" label="gene expression"/>
            <span end="22919" id="17078885-23488" start="22910">expressed</span>
        </annotation>
        <annotation annotator="Mike Bada, University of Colorado Anschutz Medical Campus" id="GO_BP_2016_02_16_with_nested_annotations_Instance_22997" type="identity">
            <class id="GO_PATO_EXT:biological_patterning_process_or_quality" label="biological patterning process or quality"/>
            <span end="24157" id="17078885-23617" start="24147">patterning</span>
        </annotation>
        <annotation annotator="Mike Bada, University of Colorado Anschutz Medical Campus" id="GO_BP_2016_02_16_with_nested_annotations_Instance_22999" type="identity">
            <class id="GO_PATO_EXT:biological_patterning_process_or_quality" label="biological patterning process or quality"/>
            <span end="24304" id="17078885-23619" start="24294">patterning</span>
        </annotation>
        <annotation annotator="Mike Bada, University of Colorado Anschutz Medical Campus" id="GO_BP_2016_02_16_Instance_44527" type="identity">
            <class id="GO:0006915" label="apoptotic process"/>
            <span end="24776" id="17078885-23532" start="24764">apoptosis of</span>
            <span end="24825" id="17078885-23533" start="24820">cells</span>
        </annotation>
        <annotation annotator="Mike Bada, University of Colorado Anschutz Medical Campus" id="GO_BP_2016_02_16_with_nested_annotations_Instance_20184" type="identity">
            <class id="GO_EXT:biological_movement_or_translocation_process" label="biological movement/translocation process"/>
            <span end="24806" id="17078885-23593" start="24797">migratory</span>
        </annotation>
        <annotation annotator="Mike Bada, University of Colorado Anschutz Medical Campus" id="GO_BP_2016_02_16_Instance_44529" type="identity">
            <class id="GO:0008219" label="cell death"/>
            <span end="24899" id="17078885-23535" start="24889">cell death</span>
        </annotation>
        <annotation annotator="Mike Bada, University of Colorado Anschutz Medical Campus" id="GO_BP_2016_02_16_Instance_14563" type="identity">
            <class id="GO:0007179" label="transforming growth factor beta receptor signaling pathway"/>
            <span end="25008" id="17078885-23353" start="24993">TGF-β signaling</span>
        </annotation>
        <annotation annotator="Mike Bada, University of Colorado Anschutz Medical Campus" id="GO_BP_2016_02_16_Instance_200167" type="identity">
            <class id="GO_EXT:cell_communication_or_signaling_or_signal_transduction" label="cell communication, signaling or signal transduction"/>
            <span end="25119" id="17078885-23442" start="25110">signaling</span>
        </annotation>
        <annotation annotator="Mike Bada, University of Colorado Anschutz Medical Campus" id="GO_BP_2016_02_16_with_nested_annotations_Instance_80626" type="identity">
            <class id="GO_EXT:biological_growth_entity_or_process" label="biological growth entity or process"/>
            <span end="25427" id="17078885-23635" start="25421">growth</span>
        </annotation>
        <annotation annotator="Mike Bada, University of Colorado Anschutz Medical Campus" id="GO_BP_2016_02_16_Instance_241012" type="identity">
            <class id="GO_RO_EXT:developmental_differentiation_process" label="developmental differentiation process"/>
            <span end="25447" id="17078885-23471" start="25432">differentiation</span>
        </annotation>
        <annotation annotator="Mike Bada, University of Colorado Anschutz Medical Campus" id="GO_BP_2016_02_16_Instance_43099" type="identity">
            <class id="GO:0010467" label="gene expression"/>
            <span end="25594" id="17078885-23490" start="25585">expressed</span>
        </annotation>
        <annotation annotator="Mike Bada, University of Colorado Anschutz Medical Campus" id="GO_BP_2016_02_16_Instance_15179" type="identity">
            <class id="GO:0003007" label="heart morphogenesis"/>
            <span end="25832" id="17078885-23401" start="25825">cardiac</span>
            <span end="25861" id="17078885-23402" start="25848">morphogenesis</span>
        </annotation>
        <annotation annotator="Mike Bada, University of Colorado Anschutz Medical Campus" id="GO_BP_2016_02_16_Instance_44533" type="identity">
            <class id="GO:0006915" label="apoptotic process"/>
            <span end="25897" id="17078885-23537" start="25888">apoptosis</span>
        </annotation>
        <annotation annotator="Mike Bada, University of Colorado Anschutz Medical Campus" id="GO_BP_2016_02_16_Instance_44535" type="identity">
            <class id="GO:0006915" label="apoptotic process"/>
            <span end="26045" id="17078885-23539" start="26036">apoptosis</span>
        </annotation>
        <annotation annotator="Mike Bada, University of Colorado Anschutz Medical Campus" id="GO_BP_2016_02_16_with_nested_annotations_Instance_20186" type="identity">
            <class id="GO_EXT:biological_movement_or_translocation_process" label="biological movement/translocation process"/>
            <span end="26069" id="17078885-23595" start="26060">migratory</span>
        </annotation>
        <annotation annotator="Mike Bada, University of Colorado Anschutz Medical Campus" id="GO_BP_2016_02_16_Instance_44537" type="identity">
            <class id="GO:0008219" label="cell death"/>
            <span end="26192" id="17078885-23541" start="26182">cell death</span>
        </annotation>
        <annotation annotator="Mike Bada, University of Colorado Anschutz Medical Campus" id="GO_BP_2016_02_16_Instance_241014" type="identity">
            <class id="GO_RO_EXT:developmental_differentiation_process" label="developmental differentiation process"/>
            <span end="26301" id="17078885-23473" start="26286">differentiating</span>
        </annotation>
        <annotation annotator="Mike Bada, University of Colorado Anschutz Medical Campus" id="GO_BP_2016_02_16_Instance_44539" type="identity">
            <class id="GO:0008219" label="cell death"/>
            <span end="26546" id="17078885-23543" start="26536">cell death</span>
        </annotation>
        <annotation annotator="Mike Bada, University of Colorado Anschutz Medical Campus" id="GO_BP_2016_02_16_Instance_15191" type="identity">
            <class id="GO:0016265" label="death"/>
            <span end="26613" id="17078885-23404" start="26610">die</span>
        </annotation>
        <annotation annotator="Mike Bada, University of Colorado Anschutz Medical Campus" id="GO_BP_2016_02_16_Instance_241016" type="identity">
            <class id="GO_RO_EXT:developmental_differentiation_process" label="developmental differentiation process"/>
            <span end="26659" id="17078885-23475" start="26646">differentiate</span>
        </annotation>
        <annotation annotator="Mike Bada, University of Colorado Anschutz Medical Campus" id="GO_BP_2016_02_16_Instance_14567" type="identity">
            <class id="GO:0007179" label="transforming growth factor beta receptor signaling pathway"/>
            <span end="26766" id="17078885-23355" start="26751">TGF-β-signaling</span>
        </annotation>
        <annotation annotator="Mike Bada, University of Colorado Anschutz Medical Campus" id="GO_BP_2016_02_16_Instance_15193" type="identity">
            <class id="GO:0051145" label="smooth muscle cell differentiation"/>
            <span end="26785" id="17078885-23406" start="26770">differentiation</span>
            <span end="26818" id="17078885-23407" start="26794">into smooth muscle cells</span>
        </annotation>
        <annotation annotator="Mike Bada, University of Colorado Anschutz Medical Campus" id="GO_BP_2016_02_16_Instance_200169" type="identity">
            <class id="GO:0030154" label="cell differentiation"/>
            <span end="26939" id="17078885-23444" start="26919">differentiation into</span>
            <span end="26959" id="17078885-23445" start="26954">cells</span>
        </annotation>
        <annotation annotator="Mike Bada, University of Colorado Anschutz Medical Campus" id="GO_BP_2016_02_16_Instance_200171" type="identity">
            <class id="GO_EXT:cell_communication_or_signaling_or_signal_transduction" label="cell communication, signaling or signal transduction"/>
            <span end="27137" id="17078885-23447" start="27128">signaling</span>
        </annotation>
        <annotation annotator="Mike Bada, University of Colorado Anschutz Medical Campus" id="GO_BP_2016_02_16_Instance_241018" type="identity">
            <class id="GO_RO_EXT:developmental_differentiation_process" label="developmental differentiation process"/>
            <span end="27196" id="17078885-23477" start="27181">differentiation</span>
        </annotation>
        <annotation annotator="Mike Bada, University of Colorado Anschutz Medical Campus" id="GO_BP_2016_02_16_with_nested_annotations_Instance_20188" type="identity">
            <class id="GO_EXT:biological_movement_or_translocation_process" label="biological movement/translocation process"/>
            <span end="27792" id="17078885-23597" start="27783">migration</span>
        </annotation>
        <annotation annotator="Mike Bada, University of Colorado Anschutz Medical Campus" id="GO_BP_2016_02_16_Instance_44541" type="identity">
            <class id="GO:0008219" label="cell death"/>
            <span end="27880" id="17078885-23545" start="27870">cell death</span>
        </annotation>
        <annotation annotator="Mike Bada, University of Colorado Anschutz Medical Campus" id="GO_BP_2016_02_16_Instance_44543" type="identity">
            <class id="GO:0016265" label="death"/>
            <span end="28051" id="17078885-23547" start="28046">death</span>
        </annotation>
        <annotation annotator="Mike Bada, University of Colorado Anschutz Medical Campus" id="GO_BP_2016_02_16_with_nested_annotations_Instance_20190" type="identity">
            <class id="GO_EXT:biological_movement_or_translocation_process" label="biological movement/translocation process"/>
            <span end="28110" id="17078885-23599" start="28101">migratory</span>
        </annotation>
        <annotation annotator="Mike Bada, University of Colorado Anschutz Medical Campus" id="GO_BP_2016_02_16_Instance_15057" type="identity">
            <class id="GO:0065007" label="biological regulation"/>
            <span end="28192" id="17078885-23381" start="28185">control</span>
        </annotation>
        <annotation annotator="Mike Bada, University of Colorado Anschutz Medical Campus" id="GO_BP_2016_02_16_Instance_15097" type="identity">
            <class id="GO:0065007" label="biological regulation"/>
            <span end="28239" id="17078885-23395" start="28229">regulating</span>
        </annotation>
        <annotation annotator="Mike Bada, University of Colorado Anschutz Medical Campus" id="GO_BP_2016_02_16_Instance_15087" type="identity">
            <class id="GO:0008283" label="cell proliferation"/>
            <span end="28253" id="17078885-23393" start="28240">proliferation</span>
        </annotation>
        <annotation annotator="Mike Bada, University of Colorado Anschutz Medical Campus" id="GO_BP_2016_02_16_Instance_15023" type="identity">
            <class id="GO:0016477" label="cell migration"/>
            <span end="28610" id="17078885-23375" start="28592">migration of cells</span>
        </annotation>
        <annotation annotator="Mike Bada, University of Colorado Anschutz Medical Campus" id="GO_BP_2016_02_16_with_nested_annotations_Instance_22829" type="identity">
            <class id="GO:0001947" label="heart looping"/>
            <span end="29785" id="17078885-23603" start="29778">looping</span>
        </annotation>
        <annotation annotator="Mike Bada, University of Colorado Anschutz Medical Campus" id="GO_BP_2016_02_16_Instance_22223" type="identity">
            <class id="GO:0030154" label="cell differentiation"/>
            <span end="29931" id="17078885-23463" start="29911">cell differentiation</span>
        </annotation>
        <annotation annotator="Mike Bada, University of Colorado Anschutz Medical Campus" id="GO_BP_2016_02_16_Instance_200173" type="identity">
            <class id="GO_EXT:cell_communication_or_signaling_or_signal_transduction" label="cell communication, signaling or signal transduction"/>
            <span end="30210" id="17078885-23449" start="30201">signaling</span>
        </annotation>
        <annotation annotator="Mike Bada, University of Colorado Anschutz Medical Campus" id="GO_BP_2016_02_16_with_nested_annotations_Instance_23001" type="identity">
            <class id="GO_PATO_EXT:biological_patterning_process_or_quality" label="biological patterning process or quality"/>
            <span end="30263" id="17078885-23621" start="30253">patterning</span>
        </annotation>
        <annotation annotator="Mike Bada, University of Colorado Anschutz Medical Campus" id="GO_BP_2016_02_16_Instance_200175" type="identity">
            <class id="GO_EXT:cell_communication_or_signaling_or_signal_transduction" label="cell communication, signaling or signal transduction"/>
            <span end="30505" id="17078885-23451" start="30496">signaling</span>
        </annotation>
        <annotation annotator="Mike Bada, University of Colorado Anschutz Medical Campus" id="GO_BP_2016_02_16_Instance_13775" type="identity">
            <class id="GO:0007507" label="heart development"/>
            <span end="30583" id="17078885-23348" start="30576">cardiac</span>
            <span end="30606" id="17078885-23349" start="30595">development</span>
        </annotation>
        <annotation annotator="Mike Bada, University of Colorado Anschutz Medical Campus" id="GO_BP_2016_02_16_Instance_200177" type="identity">
            <class id="GO:0060465" label="pharynx development"/>
            <span end="30606" id="17078885-23453" start="30584">pharyngeal development</span>
        </annotation>
        <annotation annotator="Mike Bada, University of Colorado Anschutz Medical Campus" id="GO_BP_2016_02_16_Instance_44545" type="identity">
            <class id="GO:0007618" label="mating"/>
            <span end="30704" id="17078885-23549" start="30698">mating</span>
        </annotation>
        <annotation annotator="Mike Bada, University of Colorado Anschutz Medical Campus" id="GO_BP_2016_02_16_Instance_15101" type="identity">
            <class id="GO:0007618" label="mating"/>
            <span end="31215" id="17078885-23397" start="31207">mataings</span>
        </annotation>
        <annotation annotator="Mike Bada, University of Colorado Anschutz Medical Campus" id="GO_BP_2016_02_16_Instance_15103" type="identity">
            <class id="GO:0007618" label="mating"/>
            <span end="31232" id="17078885-23399" start="31227">mated</span>
        </annotation>
        <annotation annotator="Mike Bada, University of Colorado Anschutz Medical Campus" id="GO_BP_2016_02_16_Instance_200179" type="identity">
            <class id="GO_EXT:cell_communication_or_signaling_or_signal_transduction" label="cell communication, signaling or signal transduction"/>
            <span end="32162" id="17078885-23455" start="32153">Signaling</span>
        </annotation>
        <annotation annotator="Mike Bada, University of Colorado Anschutz Medical Campus" id="GO_BP_2016_02_16_Instance_200183" type="identity">
            <class id="GO_EXT:cell_communication_or_signaling_or_signal_transduction" label="cell communication, signaling or signal transduction"/>
            <span end="32199" id="17078885-23459" start="32190">Signaling</span>
        </annotation>
        <annotation annotator="Mike Bada, University of Colorado Anschutz Medical Campus" id="GO_BP_2016_02_16_with_nested_annotations_Instance_40286" type="identity">
            <class id="CHEBI_GO_EXT:biological_process_or_quality_or_role" label="biological process, quality or role"/>
            <span end="32591" id="17078885-23631" start="32581">Biological</span>
        </annotation>
        <annotation annotator="Mike Bada, University of Colorado Anschutz Medical Campus" id="GO_BP_2016_02_16_Instance_43589" type="identity">
            <class id="GO:0010467" label="gene expression"/>
            <span end="32813" id="17078885-23492" start="32803">Expression</span>
        </annotation>
        <annotation annotator="Mike Bada, University of Colorado Anschutz Medical Campus" id="GO_BP_2016_02_16_Instance_43591" type="identity">
            <class id="GO:0010467" label="gene expression"/>
            <span end="32867" id="17078885-23494" start="32857">expression</span>
        </annotation>
        <annotation annotator="Mike Bada, University of Colorado Anschutz Medical Campus" id="GO_BP_2016_02_16_Instance_43713" type="identity">
            <class id="GO:0010467" label="gene expression"/>
            <span end="33196" id="17078885-23500" start="33186">expression</span>
        </annotation>
        <graph-space id="Old Knowtator Relations"/>
    </document>
</knowtator-project>
