<?xml version="1.0" encoding="UTF-8" standalone="no"?>
<knowtator-project>
  <document id="11897010" text-file="11897010.txt">
    <annotation annotator="Michael Bada" id="UBERON_Instance_70000" type="identity">
      <class id="UBERON:0001016" label="nervous system"/>
      <span end="256" id="11897010-198" start="246">neurologic</span>
    </annotation>
    <annotation annotator="Michael Bada" id="UBERON_Instance_80002" type="identity">
      <class id="UBERON:0000970" label="eye"/>
      <span end="275" id="11897010-232" start="261">ophthalmologic</span>
    </annotation>
    <annotation annotator="Michael Bada" id="UBERON_Instance_60000" type="identity">
      <class id="UBERON:0000964" label="cornea"/>
      <span end="1750" id="11897010-196" start="1743">corneal</span>
    </annotation>
    <annotation annotator="Michael Bada" id="UBERON_Instance_80004" type="identity">
      <class id="UBERON:0000104" label="life cycle"/>
      <span end="1868" id="11897010-234" start="1864">life</span>
    </annotation>
    <annotation annotator="Michael Bada" id="UBERON_Instance_70002" type="identity">
      <class id="UBERON:0004288" label="skeleton"/>
      <span end="2072" id="11897010-200" start="2064">skeletal</span>
    </annotation>
    <annotation annotator="Michael Bada" id="UBERON_Instance_71170" type="identity">
      <class id="UBERON:0001811" label="conjunctiva"/>
      <span end="2220" id="11897010-230" start="2209">conjuctival</span>
    </annotation>
    <annotation annotator="Michael Bada" id="UBERON_Instance_80018" type="identity">
      <class id="UBERON:0007023" label="adult organism"/>
      <span end="6772" id="11897010-244" start="6767">adult</span>
    </annotation>
    <annotation annotator="Michael Bada" id="UBERON_Instance_70006" type="identity">
      <class id="UBERON:0000479" label="tissue"/>
      <span end="6788" id="11897010-202" start="6782">tissue</span>
    </annotation>
    <annotation annotator="Michael Bada" id="UBERON_Instance_70008" type="identity">
      <class id="UBERON:0000922" label="embryo"/>
      <span end="6802" id="11897010-204" start="6793">embryonic</span>
    </annotation>
    <annotation annotator="Michael Bada" id="UBERON_Instance_70010" type="identity">
      <class id="UBERON:0000955" label="brain"/>
      <span end="7131" id="11897010-206" start="7126">brain</span>
    </annotation>
    <annotation annotator="Michael Bada" id="UBERON_Instance_70012" type="identity">
      <class id="UBERON:0002107" label="liver"/>
      <span end="7138" id="11897010-208" start="7133">liver</span>
    </annotation>
    <annotation annotator="Michael Bada" id="UBERON_Instance_70014" type="identity">
      <class id="UBERON:0002113" label="kidney"/>
      <span end="7149" id="11897010-210" start="7143">kidney</span>
    </annotation>
    <annotation annotator="Michael Bada" id="UBERON_Instance_80006" type="identity">
      <class id="UBERON:0005291" label="embryonic tissue"/>
      <span end="7832" id="11897010-236" start="7820">fetal tissue</span>
    </annotation>
    <annotation annotator="Michael Bada" id="UBERON_Instance_70024" type="identity">
      <class id="UBERON:0000479" label="tissue"/>
      <span end="7871" id="11897010-214" start="7865">tissue</span>
    </annotation>
    <annotation annotator="Michael Bada" id="UBERON_Instance_70020" type="identity">
      <class id="UBERON:0000479" label="tissue"/>
      <span end="8004" id="11897010-212" start="7998">tissue</span>
    </annotation>
    <annotation annotator="Michael Bada" id="UBERON_Instance_70026" type="identity">
      <class id="UBERON:0000479" label="tissue"/>
      <span end="8812" id="11897010-216" start="8806">tissue</span>
    </annotation>
    <annotation annotator="Michael Bada" id="UBERON_Instance_80008" type="identity">
      <class id="UBERON:0000955" label="brain"/>
      <span end="9152" id="11897010-238" start="9147">brain</span>
    </annotation>
    <annotation annotator="Michael Bada" id="UBERON_Instance_80010" type="identity">
      <class id="UBERON:0000479" label="tissue"/>
      <span end="10255" id="11897010-240" start="10248">tissues</span>
    </annotation>
    <annotation annotator="Michael Bada" id="UBERON_Instance_70028" type="identity">
      <class id="UBERON:0000479" label="tissue"/>
      <span end="10846" id="11897010-218" start="10840">tissue</span>
    </annotation>
    <annotation annotator="Michael Bada" id="UBERON_Instance_70030" type="identity">
      <class id="UBERON:0000345" label="myelin"/>
      <span end="13134" id="11897010-220" start="13128">myelin</span>
    </annotation>
    <annotation annotator="Michael Bada" id="UBERON_Instance_70032" type="identity">
      <class id="UBERON:0000955" label="brain"/>
      <span end="14587" id="11897010-222" start="14582">brain</span>
    </annotation>
    <annotation annotator="Michael Bada" id="UBERON_Instance_70036" type="identity">
      <class id="UBERON:0000922" label="embryo"/>
      <span end="15611" id="11897010-226" start="15605">embryo</span>
    </annotation>
    <annotation annotator="Michael Bada" id="UBERON_Instance_70034" type="identity">
      <class id="UBERON:0000479" label="tissue"/>
      <span end="15627" id="11897010-224" start="15621">tissue</span>
    </annotation>
    <annotation annotator="Michael Bada" id="UBERON_Instance_80014" type="identity">
      <class id="UBERON:0007023" label="adult organism"/>
      <span end="15657" id="11897010-242" start="15652">adult</span>
    </annotation>
    <annotation annotator="Michael Bada" id="UBERON_Instance_70038" type="identity">
      <class id="UBERON:0000479" label="tissue"/>
      <span end="15673" id="11897010-228" start="15667">tissue</span>
    </annotation>
    <graph-space id="Old Knowtator Relations"/>
  </document>
</knowtator-project>
