<?xml version="1.0" encoding="UTF-8" standalone="no"?>
<knowtator-project>
  <document id="15040800" text-file="15040800.txt">
    <annotation annotator="Michael Bada" id="UBERON_Instance_181422" type="identity">
      <class id="UBERON:0002294" label="biliary system"/>
      <span end="98" id="15040800-3925" start="91">biliary</span>
    </annotation>
    <annotation annotator="Michael Bada" id="UBERON_Instance_181424" type="identity">
      <class id="UBERON:0001969" label="blood plasma"/>
      <span end="412" id="15040800-3927" start="406">plasma</span>
    </annotation>
    <annotation annotator="Michael Bada" id="UBERON_Instance_181426" type="identity">
      <class id="UBERON:0002294" label="biliary system"/>
      <span end="789" id="15040800-3929" start="782">biliary</span>
    </annotation>
    <annotation annotator="Michael Bada" id="UBERON_Instance_181428" type="identity">
      <class id="UBERON:0001969" label="blood plasma"/>
      <span end="1106" id="15040800-3931" start="1100">plasma</span>
    </annotation>
    <annotation annotator="Michael Bada" id="UBERON_Instance_181478" type="identity">
      <class id="UBERON:0000479" label="tissue"/>
      <span end="1117" id="15040800-3981" start="1111">tissue</span>
    </annotation>
    <annotation annotator="Michael Bada" id="UBERON_Instance_181522" type="identity">
      <class id="UBERON:0002107" label="liver"/>
      <span end="1258" id="15040800-4025" start="1253">liver</span>
    </annotation>
    <annotation annotator="Michael Bada" id="UBERON_Instance_181550" type="identity">
      <class id="UBERON:0000160" label="intestine"/>
      <span end="1272" id="15040800-4053" start="1263">intestine</span>
    </annotation>
    <annotation annotator="Michael Bada" id="UBERON_Instance_181568" type="identity">
      <class id="UBERON:0001970" label="bile"/>
      <span end="1441" id="15040800-4071" start="1437">bile</span>
    </annotation>
    <annotation annotator="Michael Bada" id="UBERON_Instance_181570" type="identity">
      <class id="UBERON:0002294" label="biliary system"/>
      <span end="1640" id="15040800-4073" start="1633">biliary</span>
    </annotation>
    <annotation annotator="Michael Bada" id="UBERON_Instance_181572" type="identity">
      <class id="UBERON:0002294" label="biliary system"/>
      <span end="1765" id="15040800-4075" start="1758">biliary</span>
    </annotation>
    <annotation annotator="Michael Bada" id="UBERON_Instance_181574" type="identity">
      <class id="UBERON:0002294" label="biliary system"/>
      <span end="1856" id="15040800-4077" start="1849">biliary</span>
    </annotation>
    <annotation annotator="Michael Bada" id="UBERON_Instance_181576" type="identity">
      <class id="UBERON:0002294" label="biliary system"/>
      <span end="1909" id="15040800-4079" start="1902">biliary</span>
    </annotation>
    <annotation annotator="Michael Bada" id="UBERON_Instance_181578" type="identity">
      <class id="UBERON:0001970" label="bile"/>
      <span end="2114" id="15040800-4081" start="2110">bile</span>
    </annotation>
    <annotation annotator="Michael Bada" id="UBERON_Instance_181552" type="identity">
      <class id="UBERON:0000160" label="intestine"/>
      <span end="2181" id="15040800-4055" start="2172">intestine</span>
    </annotation>
    <annotation annotator="Michael Bada" id="UBERON_Instance_181554" type="identity">
      <class id="UBERON:0000160" label="intestine"/>
      <span end="2709" id="15040800-4057" start="2700">intestine</span>
    </annotation>
    <annotation annotator="Michael Bada" id="UBERON_Instance_181524" type="identity">
      <class id="UBERON:0002107" label="liver"/>
      <span end="2867" id="15040800-4027" start="2862">liver</span>
    </annotation>
    <annotation annotator="Michael Bada" id="UBERON_Instance_181580" type="identity">
      <class id="UBERON:0001970" label="bile"/>
      <span end="2903" id="15040800-4083" start="2899">bile</span>
    </annotation>
    <annotation annotator="Michael Bada" id="UBERON_Instance_181582" type="identity">
      <class id="UBERON:0001970" label="bile"/>
      <span end="2968" id="15040800-4085" start="2964">bile</span>
    </annotation>
    <annotation annotator="Michael Bada" id="UBERON_Instance_181584" type="identity">
      <class id="UBERON:0000178" label="blood"/>
      <span end="3283" id="15040800-4087" start="3278">blood</span>
    </annotation>
    <annotation annotator="Michael Bada" id="UBERON_Instance_181480" type="identity">
      <class id="UBERON:0000479" label="tissue"/>
      <span end="3294" id="15040800-3983" start="3288">tissue</span>
    </annotation>
    <annotation annotator="Michael Bada" id="UBERON_Instance_181586" type="identity">
      <class id="UBERON:0000043" label="tendon"/>
      <span end="3359" id="15040800-4089" start="3353">tendon</span>
    </annotation>
    <annotation annotator="Michael Bada" id="UBERON_Instance_181588" type="identity">
      <class id="UBERON:4200132" label="tuber"/>
      <span end="3375" id="15040800-4091" start="3367">tuberous</span>
    </annotation>
    <annotation annotator="Michael Bada" id="UBERON_Instance_181430" type="identity">
      <class id="UBERON:0001969" label="blood plasma"/>
      <span end="3527" id="15040800-3933" start="3521">plasma</span>
    </annotation>
    <annotation annotator="Michael Bada" id="UBERON_Instance_181590" type="identity">
      <class id="UBERON:0001970" label="bile"/>
      <span end="3961" id="15040800-4093" start="3957">bile</span>
    </annotation>
    <annotation annotator="Michael Bada" id="UBERON_Instance_181592" type="identity">
      <class id="UBERON:0001970" label="bile"/>
      <span end="4099" id="15040800-4095" start="4095">bile</span>
    </annotation>
    <annotation annotator="Michael Bada" id="UBERON_Instance_181594" type="identity">
      <class id="UBERON:0002294" label="biliary system"/>
      <span end="4142" id="15040800-4097" start="4135">biliary</span>
    </annotation>
    <annotation annotator="Michael Bada" id="UBERON_Instance_181596" type="identity">
      <class id="UBERON:0012427" label="intestinal brush border layer"/>
      <span end="4325" id="15040800-4099" start="4302">intestinal brush border</span>
    </annotation>
    <annotation annotator="Michael Bada" id="UBERON_Instance_182016" type="identity">
      <class id="UBERON:0001283" label="bile canaliculus"/>
      <span end="4356" id="15040800-4427" start="4337">hepatic canalicular</span>
    </annotation>
    <annotation annotator="Michael Bada" id="UBERON_Instance_181600" type="identity">
      <class id="UBERON:0002294" label="biliary system"/>
      <span end="5577" id="15040800-4101" start="5570">biliary</span>
    </annotation>
    <annotation annotator="Michael Bada" id="UBERON_Instance_182018" type="identity">
      <class id="UBERON:0002294" label="biliary system"/>
      <span end="6722" id="15040800-4429" start="6715">biliary</span>
    </annotation>
    <annotation annotator="Michael Bada" id="UBERON_Instance_182020" type="identity">
      <class id="UBERON:0000160" label="intestine"/>
      <span end="6757" id="15040800-4431" start="6747">intestinal</span>
    </annotation>
    <annotation annotator="Michael Bada" id="UBERON_Instance_181602" type="identity">
      <class id="UBERON:0000062" label="organ"/>
      <span end="6848" id="15040800-4103" start="6842">organs</span>
    </annotation>
    <annotation annotator="Michael Bada" id="UBERON_Instance_181604" type="identity">
      <class id="UBERON:0002294" label="biliary system"/>
      <span end="7129" id="15040800-4105" start="7122">biliary</span>
    </annotation>
    <annotation annotator="Michael Bada" id="UBERON_Instance_181606" type="identity">
      <class id="UBERON:0001970" label="bile"/>
      <span end="7248" id="15040800-4107" start="7244">bile</span>
    </annotation>
    <annotation annotator="Michael Bada" id="UBERON_Instance_181608" type="identity">
      <class id="UBERON:0000922" label="embryo"/>
      <span end="8507" id="15040800-4109" start="8498">embryonic</span>
    </annotation>
    <annotation annotator="Michael Bada" id="UBERON_Instance_182022" type="identity">
      <class id="UBERON:0000358" label="blastocyst"/>
      <span end="9207" id="15040800-4433" start="9196">blastocysts</span>
    </annotation>
    <annotation annotator="Michael Bada" id="UBERON_Instance_182144" type="identity">
      <class id="UBERON:0010166" label="coat of hair"/>
      <span end="9295" id="15040800-4451" start="9291">coat</span>
    </annotation>
    <annotation annotator="Michael Bada" id="UBERON_Instance_181610" type="identity">
      <class id="UBERON:0002415" label="tail"/>
      <span end="10162" id="15040800-4111" start="10158">tail</span>
    </annotation>
    <annotation annotator="Michael Bada" id="UBERON_Instance_182024" type="identity">
      <class id="UBERON:0002415" label="tail"/>
      <span end="10238" id="15040800-4435" start="10234">tail</span>
    </annotation>
    <annotation annotator="Michael Bada" id="UBERON_Instance_181526" type="identity">
      <class id="UBERON:0002107" label="liver"/>
      <span end="11799" id="15040800-4029" start="11794">liver</span>
    </annotation>
    <annotation annotator="Michael Bada" id="UBERON_Instance_181612" type="identity">
      <class id="UBERON:0000160" label="intestine"/>
      <span end="11814" id="15040800-4113" start="11804">intestinal</span>
    </annotation>
    <annotation annotator="Michael Bada" id="UBERON_Instance_181528" type="identity">
      <class id="UBERON:0002107" label="liver"/>
      <span end="12263" id="15040800-4031" start="12258">liver</span>
    </annotation>
    <annotation annotator="Michael Bada" id="UBERON_Instance_181530" type="identity">
      <class id="UBERON:0002107" label="liver"/>
      <span end="12328" id="15040800-4033" start="12322">livers</span>
    </annotation>
    <annotation annotator="Michael Bada" id="UBERON_Instance_181532" type="identity">
      <class id="UBERON:0002107" label="liver"/>
      <span end="13138" id="15040800-4035" start="13132">livers</span>
    </annotation>
    <annotation annotator="Michael Bada" id="UBERON_Instance_181534" type="identity">
      <class id="UBERON:0002107" label="liver"/>
      <span end="14382" id="15040800-4037" start="14377">liver</span>
    </annotation>
    <annotation annotator="Michael Bada" id="UBERON_Instance_181432" type="identity">
      <class id="UBERON:0001969" label="blood plasma"/>
      <span end="15124" id="15040800-3935" start="15118">Plasma</span>
    </annotation>
    <annotation annotator="Michael Bada" id="UBERON_Instance_181614" type="identity">
      <class id="UBERON:0000178" label="blood"/>
      <span end="15213" id="15040800-4115" start="15208">blood</span>
    </annotation>
    <annotation annotator="Michael Bada" id="UBERON_Instance_181616" type="identity">
      <class id="UBERON:0001697" label="orbit of skull"/>
      <span end="15321" id="15040800-4117" start="15314">orbital</span>
    </annotation>
    <annotation annotator="Michael Bada" id="UBERON_Instance_181626" type="identity">
      <class id="UBERON:0001593" label="venous plexus"/>
      <span end="15335" id="15040800-4127" start="15322">venous plexus</span>
    </annotation>
    <annotation annotator="Michael Bada" id="UBERON_Instance_181434" type="identity">
      <class id="UBERON:0001969" label="blood plasma"/>
      <span end="15486" id="15040800-3937" start="15480">plasma</span>
    </annotation>
    <annotation annotator="Michael Bada" id="UBERON_Instance_181436" type="identity">
      <class id="UBERON:0001969" label="blood plasma"/>
      <span end="15767" id="15040800-3939" start="15761">plasma</span>
    </annotation>
    <annotation annotator="Michael Bada" id="UBERON_Instance_181482" type="identity">
      <class id="UBERON:0000479" label="tissue"/>
      <span end="15779" id="15040800-3985" start="15772">tissues</span>
    </annotation>
    <annotation annotator="Michael Bada" id="UBERON_Instance_181618" type="identity">
      <class id="UBERON:0000178" label="blood"/>
      <span end="15866" id="15040800-4119" start="15861">blood</span>
    </annotation>
    <annotation annotator="Michael Bada" id="UBERON_Instance_181484" type="identity">
      <class id="UBERON:0000479" label="tissue"/>
      <span end="15878" id="15040800-3987" start="15871">tissues</span>
    </annotation>
    <annotation annotator="Michael Bada" id="UBERON_Instance_181620" type="identity">
      <class id="UBERON:0000178" label="blood"/>
      <span end="16006" id="15040800-4121" start="16001">Blood</span>
    </annotation>
    <annotation annotator="Michael Bada" id="UBERON_Instance_181622" type="identity">
      <class id="UBERON:0001697" label="orbit of skull"/>
      <span end="16043" id="15040800-4123" start="16036">orbital</span>
    </annotation>
    <annotation annotator="Michael Bada" id="UBERON_Instance_181624" type="identity">
      <class id="UBERON:0001593" label="venous plexus"/>
      <span end="16057" id="15040800-4125" start="16044">venous plexus</span>
    </annotation>
    <annotation annotator="Michael Bada" id="UBERON_Instance_181628" type="identity">
      <class id="UBERON:0005434" label="cervical region"/>
      <span end="16124" id="15040800-4129" start="16116">cervical</span>
    </annotation>
    <annotation annotator="Michael Bada" id="UBERON_Instance_181486" type="identity">
      <class id="UBERON:0000479" label="tissue"/>
      <span end="16147" id="15040800-3989" start="16141">tissue</span>
    </annotation>
    <annotation annotator="Michael Bada" id="UBERON_Instance_181438" type="identity">
      <class id="UBERON:0001969" label="blood plasma"/>
      <span end="16166" id="15040800-3941" start="16160">Plasma</span>
    </annotation>
    <annotation annotator="Michael Bada" id="UBERON_Instance_181488" type="identity">
      <class id="UBERON:0000479" label="tissue"/>
      <span end="16401" id="15040800-3991" start="16394">tissues</span>
    </annotation>
    <annotation annotator="Michael Bada" id="UBERON_Instance_181536" type="identity">
      <class id="UBERON:0002107" label="liver"/>
      <span end="16408" id="15040800-4039" start="16403">liver</span>
    </annotation>
    <annotation annotator="Michael Bada" id="UBERON_Instance_181630" type="identity">
      <class id="UBERON:0002106" label="spleen"/>
      <span end="16416" id="15040800-4131" start="16410">spleen</span>
    </annotation>
    <annotation annotator="Michael Bada" id="UBERON_Instance_181632" type="identity">
      <class id="UBERON:0000955" label="brain"/>
      <span end="16426" id="15040800-4133" start="16421">brain</span>
    </annotation>
    <annotation annotator="Michael Bada" id="UBERON_Instance_181490" type="identity">
      <class id="UBERON:0000479" label="tissue"/>
      <span end="16667" id="15040800-3993" start="16661">tissue</span>
    </annotation>
    <annotation annotator="Michael Bada" id="UBERON_Instance_181440" type="identity">
      <class id="UBERON:0001969" label="blood plasma"/>
      <span end="17074" id="15040800-3943" start="17068">plasma</span>
    </annotation>
    <annotation annotator="Michael Bada" id="UBERON_Instance_181492" type="identity">
      <class id="UBERON:0000479" label="tissue"/>
      <span end="17085" id="15040800-3995" start="17079">tissue</span>
    </annotation>
    <annotation annotator="Michael Bada" id="UBERON_Instance_181494" type="identity">
      <class id="UBERON:0000479" label="tissue"/>
      <span end="17143" id="15040800-3997" start="17137">tissue</span>
    </annotation>
    <annotation annotator="Michael Bada" id="UBERON_Instance_181538" type="identity">
      <class id="UBERON:0002107" label="liver"/>
      <span end="17436" id="15040800-4041" start="17431">Liver</span>
    </annotation>
    <annotation annotator="Michael Bada" id="UBERON_Instance_181540" type="identity">
      <class id="UBERON:0002107" label="liver"/>
      <span end="17588" id="15040800-4043" start="17583">liver</span>
    </annotation>
    <annotation annotator="Michael Bada" id="UBERON_Instance_181496" type="identity">
      <class id="UBERON:0000479" label="tissue"/>
      <span end="17595" id="15040800-3999" start="17589">tissue</span>
    </annotation>
    <annotation annotator="Michael Bada" id="UBERON_Instance_181542" type="identity">
      <class id="UBERON:0002107" label="liver"/>
      <span end="19382" id="15040800-4045" start="19377">liver</span>
    </annotation>
    <annotation annotator="Michael Bada" id="UBERON_Instance_181556" type="identity">
      <class id="UBERON:0000160" label="intestine"/>
      <span end="19396" id="15040800-4059" start="19387">intestine</span>
    </annotation>
    <annotation annotator="Michael Bada" id="UBERON_Instance_181498" type="identity">
      <class id="UBERON:0000479" label="tissue"/>
      <span end="19403" id="15040800-4001" start="19397">tissue</span>
    </annotation>
    <annotation annotator="Michael Bada" id="UBERON_Instance_181636" type="identity">
      <class id="UBERON:0001977" label="serum"/>
      <span end="19774" id="15040800-4137" start="19769">serum</span>
    </annotation>
    <annotation annotator="Michael Bada" id="UBERON_Instance_181544" type="identity">
      <class id="UBERON:0002107" label="liver"/>
      <span end="20176" id="15040800-4047" start="20171">Liver</span>
    </annotation>
    <annotation annotator="Michael Bada" id="UBERON_Instance_181634" type="identity">
      <class id="UBERON:0001977" label="serum"/>
      <span end="20300" id="15040800-4135" start="20295">serum</span>
    </annotation>
    <annotation annotator="Michael Bada" id="UBERON_Instance_181638" type="identity">
      <class id="UBERON:0001977" label="serum"/>
      <span end="21976" id="15040800-4139" start="21971">serum</span>
    </annotation>
    <annotation annotator="Michael Bada" id="UBERON_Instance_181640" type="identity">
      <class id="UBERON:0001977" label="serum"/>
      <span end="22081" id="15040800-4141" start="22076">serum</span>
    </annotation>
    <annotation annotator="Michael Bada" id="UBERON_Instance_181642" type="identity">
      <class id="UBERON:0002294" label="biliary system"/>
      <span end="22292" id="15040800-4143" start="22285">biliary</span>
    </annotation>
    <annotation annotator="Michael Bada" id="UBERON_Instance_182142" type="identity">
      <class id="UBERON:0001179" label="peritoneal cavity"/>
      <span end="22366" id="15040800-4449" start="22356">peritoneal</span>
    </annotation>
    <annotation annotator="Michael Bada" id="UBERON_Instance_181644" type="identity">
      <class id="UBERON:0000916" label="abdomen"/>
      <span end="22442" id="15040800-4145" start="22435">abdomen</span>
    </annotation>
    <annotation annotator="Michael Bada" id="UBERON_Instance_181648" type="identity">
      <class id="UBERON:0002394" label="bile duct"/>
      <span end="22497" id="15040800-4147" start="22488">bile duct</span>
    </annotation>
    <annotation annotator="Michael Bada" id="UBERON_Instance_181650" type="identity">
      <class id="UBERON:0002110" label="gall bladder"/>
      <span end="22514" id="15040800-4149" start="22503">gallbladder</span>
    </annotation>
    <annotation annotator="Michael Bada" id="UBERON_Instance_190148" type="identity">
      <class id="UBERON:0001970" label="bile"/>
      <span end="22535" id="15040800-4459" start="22531">Bile</span>
    </annotation>
    <annotation annotator="Michael Bada" id="UBERON_Instance_181652" type="identity">
      <class id="UBERON:0001970" label="bile"/>
      <span end="22614" id="15040800-4151" start="22610">Bile</span>
    </annotation>
    <annotation annotator="Michael Bada" id="UBERON_Instance_181656" type="identity">
      <class id="UBERON:0002294" label="biliary system"/>
      <span end="22659" id="15040800-4155" start="22652">Biliary</span>
    </annotation>
    <annotation annotator="Michael Bada" id="UBERON_Instance_181654" type="identity">
      <class id="UBERON:0001970" label="bile"/>
      <span end="22664" id="15040800-4153" start="22660">bile</span>
    </annotation>
    <annotation annotator="Michael Bada" id="UBERON_Instance_181658" type="identity">
      <class id="UBERON:0002294" label="biliary system"/>
      <span end="22803" id="15040800-4157" start="22796">biliary</span>
    </annotation>
    <annotation annotator="Michael Bada" id="UBERON_Instance_181660" type="identity">
      <class id="UBERON:0001970" label="bile"/>
      <span end="22825" id="15040800-4159" start="22821">bile</span>
    </annotation>
    <annotation annotator="Michael Bada" id="UBERON_Instance_181662" type="identity">
      <class id="UBERON:0001970" label="bile"/>
      <span end="22880" id="15040800-4161" start="22876">bile</span>
    </annotation>
    <annotation annotator="Michael Bada" id="UBERON_Instance_181664" type="identity">
      <class id="UBERON:0004711" label="jugular vein"/>
      <span end="23008" id="15040800-4163" start="22996">jugular vein</span>
    </annotation>
    <annotation annotator="Michael Bada" id="UBERON_Instance_181666" type="identity">
      <class id="UBERON:0001970" label="bile"/>
      <span end="23085" id="15040800-4165" start="23081">Bile</span>
    </annotation>
    <annotation annotator="Michael Bada" id="UBERON_Instance_181668" type="identity">
      <class id="UBERON:0001970" label="bile"/>
      <span end="23141" id="15040800-4167" start="23137">bile</span>
    </annotation>
    <annotation annotator="Michael Bada" id="UBERON_Instance_181672" type="identity">
      <class id="UBERON:0002394" label="bile duct"/>
      <span end="23233" id="15040800-4169" start="23224">bile duct</span>
    </annotation>
    <annotation annotator="Michael Bada" id="UBERON_Instance_181674" type="identity">
      <class id="UBERON:0002110" label="gall bladder"/>
      <span end="23264" id="15040800-4171" start="23253">gallbladder</span>
    </annotation>
    <annotation annotator="Michael Bada" id="UBERON_Instance_181676" type="identity">
      <class id="UBERON:0001970" label="bile"/>
      <span end="23270" id="15040800-4173" start="23266">bile</span>
    </annotation>
    <annotation annotator="Michael Bada" id="UBERON_Instance_181678" type="identity">
      <class id="UBERON:0001970" label="bile"/>
      <span end="23520" id="15040800-4175" start="23516">bile</span>
    </annotation>
    <annotation annotator="Michael Bada" id="UBERON_Instance_181548" type="identity">
      <class id="UBERON:0002107" label="liver"/>
      <span end="23647" id="15040800-4051" start="23642">liver</span>
    </annotation>
    <annotation annotator="Michael Bada" id="UBERON_Instance_181546" type="identity">
      <class id="UBERON:0002107" label="liver"/>
      <span end="23734" id="15040800-4049" start="23729">liver</span>
    </annotation>
    <annotation annotator="Michael Bada" id="UBERON_Instance_181680" type="identity">
      <class id="UBERON:0000358" label="blastocyst"/>
      <span end="26539" id="15040800-4177" start="26529">Blastocyst</span>
    </annotation>
    <annotation annotator="Michael Bada" id="UBERON_Instance_181692" type="identity">
      <class id="UBERON:0002107" label="liver"/>
      <span end="27445" id="15040800-4179" start="27440">liver</span>
    </annotation>
    <annotation annotator="Michael Bada" id="UBERON_Instance_181500" type="identity">
      <class id="UBERON:0000479" label="tissue"/>
      <span end="28012" id="15040800-4003" start="28006">tissue</span>
    </annotation>
    <annotation annotator="Michael Bada" id="UBERON_Instance_181442" type="identity">
      <class id="UBERON:0001969" label="blood plasma"/>
      <span end="28023" id="15040800-3945" start="28017">plasma</span>
    </annotation>
    <annotation annotator="Michael Bada" id="UBERON_Instance_181444" type="identity">
      <class id="UBERON:0001969" label="blood plasma"/>
      <span end="28133" id="15040800-3947" start="28127">plasma</span>
    </annotation>
    <annotation annotator="Michael Bada" id="UBERON_Instance_181502" type="identity">
      <class id="UBERON:0000479" label="tissue"/>
      <span end="28145" id="15040800-4005" start="28138">tissues</span>
    </annotation>
    <annotation annotator="Michael Bada" id="UBERON_Instance_181504" type="identity">
      <class id="UBERON:0000479" label="tissue"/>
      <span end="28224" id="15040800-4007" start="28218">tissue</span>
    </annotation>
    <annotation annotator="Michael Bada" id="UBERON_Instance_181446" type="identity">
      <class id="UBERON:0001969" label="blood plasma"/>
      <span end="28288" id="15040800-3949" start="28282">Plasma</span>
    </annotation>
    <annotation annotator="Michael Bada" id="UBERON_Instance_181448" type="identity">
      <class id="UBERON:0001969" label="blood plasma"/>
      <span end="28589" id="15040800-3951" start="28583">Plasma</span>
    </annotation>
    <annotation annotator="Michael Bada" id="UBERON_Instance_181450" type="identity">
      <class id="UBERON:0001969" label="blood plasma"/>
      <span end="28842" id="15040800-3953" start="28836">plasma</span>
    </annotation>
    <annotation annotator="Michael Bada" id="UBERON_Instance_181694" type="identity">
      <class id="UBERON:0002107" label="liver"/>
      <span end="28909" id="15040800-4181" start="28904">Liver</span>
    </annotation>
    <annotation annotator="Michael Bada" id="UBERON_Instance_181696" type="identity">
      <class id="UBERON:0002107" label="liver"/>
      <span end="28998" id="15040800-4183" start="28993">liver</span>
    </annotation>
    <annotation annotator="Michael Bada" id="UBERON_Instance_181506" type="identity">
      <class id="UBERON:0000479" label="tissue"/>
      <span end="29033" id="15040800-4009" start="29027">tissue</span>
    </annotation>
    <annotation annotator="Michael Bada" id="UBERON_Instance_181508" type="identity">
      <class id="UBERON:0000479" label="tissue"/>
      <span end="29075" id="15040800-4011" start="29069">tissue</span>
    </annotation>
    <annotation annotator="Michael Bada" id="UBERON_Instance_181510" type="identity">
      <class id="UBERON:0000479" label="tissue"/>
      <span end="29264" id="15040800-4013" start="29258">tissue</span>
    </annotation>
    <annotation annotator="Michael Bada" id="UBERON_Instance_181512" type="identity">
      <class id="UBERON:0000479" label="tissue"/>
      <span end="29383" id="15040800-4015" start="29377">tissue</span>
    </annotation>
    <annotation annotator="Michael Bada" id="UBERON_Instance_181698" type="identity">
      <class id="UBERON:0002107" label="liver"/>
      <span end="29455" id="15040800-4185" start="29450">liver</span>
    </annotation>
    <annotation annotator="Michael Bada" id="UBERON_Instance_182030" type="identity">
      <class id="UBERON:0002106" label="spleen"/>
      <span end="29535" id="15040800-4437" start="29529">Spleen</span>
    </annotation>
    <annotation annotator="Michael Bada" id="UBERON_Instance_181702" type="identity">
      <class id="UBERON:0002107" label="liver"/>
      <span end="29571" id="15040800-4187" start="29566">liver</span>
    </annotation>
    <annotation annotator="Michael Bada" id="UBERON_Instance_181704" type="identity">
      <class id="UBERON:0000955" label="brain"/>
      <span end="29627" id="15040800-4189" start="29622">brain</span>
    </annotation>
    <annotation annotator="Michael Bada" id="UBERON_Instance_181706" type="identity">
      <class id="UBERON:0000120" label="blood brain barrier"/>
      <span end="29710" id="15040800-4191" start="29691">blood brain barrier</span>
    </annotation>
    <annotation annotator="Michael Bada" id="UBERON_Instance_181708" type="identity">
      <class id="UBERON:0000955" label="brain"/>
      <span end="29839" id="15040800-4193" start="29833">brains</span>
    </annotation>
    <annotation annotator="Michael Bada" id="UBERON_Instance_181710" type="identity">
      <class id="UBERON:0000178" label="blood"/>
      <span end="29879" id="15040800-4195" start="29874">blood</span>
    </annotation>
    <annotation annotator="Michael Bada" id="UBERON_Instance_181514" type="identity">
      <class id="UBERON:0000479" label="tissue"/>
      <span end="29907" id="15040800-4017" start="29901">tissue</span>
    </annotation>
    <annotation annotator="Michael Bada" id="UBERON_Instance_181516" type="identity">
      <class id="UBERON:0000479" label="tissue"/>
      <span end="29971" id="15040800-4019" start="29965">tissue</span>
    </annotation>
    <annotation annotator="Michael Bada" id="UBERON_Instance_181712" type="identity">
      <class id="UBERON:0002107" label="liver"/>
      <span end="30014" id="15040800-4197" start="30008">livers</span>
    </annotation>
    <annotation annotator="Michael Bada" id="UBERON_Instance_181518" type="identity">
      <class id="UBERON:0000479" label="tissue"/>
      <span end="30284" id="15040800-4021" start="30278">tissue</span>
    </annotation>
    <annotation annotator="Michael Bada" id="UBERON_Instance_181452" type="identity">
      <class id="UBERON:0001969" label="blood plasma"/>
      <span end="30447" id="15040800-3955" start="30441">plasma</span>
    </annotation>
    <annotation annotator="Michael Bada" id="UBERON_Instance_181454" type="identity">
      <class id="UBERON:0001969" label="blood plasma"/>
      <span end="30895" id="15040800-3957" start="30889">plasma</span>
    </annotation>
    <annotation annotator="Michael Bada" id="UBERON_Instance_181714" type="identity">
      <class id="UBERON:0002107" label="liver"/>
      <span end="31298" id="15040800-4199" start="31293">Liver</span>
    </annotation>
    <annotation annotator="Michael Bada" id="UBERON_Instance_181716" type="identity">
      <class id="UBERON:0002107" label="liver"/>
      <span end="31643" id="15040800-4201" start="31637">livers</span>
    </annotation>
    <annotation annotator="Michael Bada" id="UBERON_Instance_182032" type="identity">
      <class id="UBERON:0002107" label="liver"/>
      <span end="32357" id="15040800-4439" start="32352">liver</span>
    </annotation>
    <annotation annotator="Michael Bada" id="UBERON_Instance_181718" type="identity">
      <class id="UBERON:0002107" label="liver"/>
      <span end="32986" id="15040800-4203" start="32981">liver</span>
    </annotation>
    <annotation annotator="Michael Bada" id="UBERON_Instance_181720" type="identity">
      <class id="UBERON:0002107" label="liver"/>
      <span end="33578" id="15040800-4205" start="33573">liver</span>
    </annotation>
    <annotation annotator="Michael Bada" id="UBERON_Instance_181558" type="identity">
      <class id="UBERON:0000160" label="intestine"/>
      <span end="33592" id="15040800-4061" start="33583">intestine</span>
    </annotation>
    <annotation annotator="Michael Bada" id="UBERON_Instance_181722" type="identity">
      <class id="UBERON:0002107" label="liver"/>
      <span end="33636" id="15040800-4207" start="33631">liver</span>
    </annotation>
    <annotation annotator="Michael Bada" id="UBERON_Instance_181724" type="identity">
      <class id="UBERON:0000160" label="intestine"/>
      <span end="35440" id="15040800-4209" start="35430">intestinal</span>
    </annotation>
    <annotation annotator="Michael Bada" id="UBERON_Instance_181726" type="identity">
      <class id="UBERON:0000479" label="tissue"/>
      <span end="35447" id="15040800-4211" start="35441">tissue</span>
    </annotation>
    <annotation annotator="Michael Bada" id="UBERON_Instance_181728" type="identity">
      <class id="UBERON:0000160" label="intestine"/>
      <span end="35607" id="15040800-4213" start="35597">intestinal</span>
    </annotation>
    <annotation annotator="Michael Bada" id="UBERON_Instance_181732" type="identity">
      <class id="UBERON:0002107" label="liver"/>
      <span end="36125" id="15040800-4215" start="36120">liver</span>
    </annotation>
    <annotation annotator="Michael Bada" id="UBERON_Instance_181734" type="identity">
      <class id="UBERON:0001970" label="bile"/>
      <span end="36279" id="15040800-4217" start="36275">bile</span>
    </annotation>
    <annotation annotator="Michael Bada" id="UBERON_Instance_181736" type="identity">
      <class id="UBERON:0002107" label="liver"/>
      <span end="36396" id="15040800-4219" start="36391">liver</span>
    </annotation>
    <annotation annotator="Michael Bada" id="UBERON_Instance_181738" type="identity">
      <class id="UBERON:0002107" label="liver"/>
      <span end="36478" id="15040800-4221" start="36473">liver</span>
    </annotation>
    <annotation annotator="Michael Bada" id="UBERON_Instance_181740" type="identity">
      <class id="UBERON:0002107" label="liver"/>
      <span end="36727" id="15040800-4223" start="36722">liver</span>
    </annotation>
    <annotation annotator="Michael Bada" id="UBERON_Instance_181742" type="identity">
      <class id="UBERON:0002107" label="liver"/>
      <span end="36860" id="15040800-4225" start="36854">livers</span>
    </annotation>
    <annotation annotator="Michael Bada" id="UBERON_Instance_181744" type="identity">
      <class id="UBERON:0002294" label="biliary system"/>
      <span end="36885" id="15040800-4227" start="36878">Biliary</span>
    </annotation>
    <annotation annotator="Michael Bada" id="UBERON_Instance_181746" type="identity">
      <class id="UBERON:0001970" label="bile"/>
      <span end="36903" id="15040800-4229" start="36899">bile</span>
    </annotation>
    <annotation annotator="Michael Bada" id="UBERON_Instance_181748" type="identity">
      <class id="UBERON:0001970" label="bile"/>
      <span end="37074" id="15040800-4231" start="37070">bile</span>
    </annotation>
    <annotation annotator="Michael Bada" id="UBERON_Instance_181750" type="identity">
      <class id="UBERON:0002294" label="biliary system"/>
      <span end="37144" id="15040800-4233" start="37137">biliary</span>
    </annotation>
    <annotation annotator="Michael Bada" id="UBERON_Instance_181752" type="identity">
      <class id="UBERON:0001970" label="bile"/>
      <span end="37196" id="15040800-4235" start="37192">bile</span>
    </annotation>
    <annotation annotator="Michael Bada" id="UBERON_Instance_181754" type="identity">
      <class id="UBERON:0001970" label="bile"/>
      <span end="37339" id="15040800-4237" start="37335">bile</span>
    </annotation>
    <annotation annotator="Michael Bada" id="UBERON_Instance_181756" type="identity">
      <class id="UBERON:0002294" label="biliary system"/>
      <span end="37503" id="15040800-4239" start="37496">biliary</span>
    </annotation>
    <annotation annotator="Michael Bada" id="UBERON_Instance_181758" type="identity">
      <class id="UBERON:0002294" label="biliary system"/>
      <span end="37565" id="15040800-4241" start="37558">biliary</span>
    </annotation>
    <annotation annotator="Michael Bada" id="UBERON_Instance_181760" type="identity">
      <class id="UBERON:0001970" label="bile"/>
      <span end="37717" id="15040800-4243" start="37713">bile</span>
    </annotation>
    <annotation annotator="Michael Bada" id="UBERON_Instance_181762" type="identity">
      <class id="UBERON:0004711" label="jugular vein"/>
      <span end="37785" id="15040800-4245" start="37773">jugular vein</span>
    </annotation>
    <annotation annotator="Michael Bada" id="UBERON_Instance_181764" type="identity">
      <class id="UBERON:0001970" label="bile"/>
      <span end="37844" id="15040800-4247" start="37840">bile</span>
    </annotation>
    <annotation annotator="Michael Bada" id="UBERON_Instance_181766" type="identity">
      <class id="UBERON:0002294" label="biliary system"/>
      <span end="38281" id="15040800-4249" start="38274">biliary</span>
    </annotation>
    <annotation annotator="Michael Bada" id="UBERON_Instance_181768" type="identity">
      <class id="UBERON:0002294" label="biliary system"/>
      <span end="38765" id="15040800-4251" start="38758">biliary</span>
    </annotation>
    <annotation annotator="Michael Bada" id="UBERON_Instance_181770" type="identity">
      <class id="UBERON:0002294" label="biliary system"/>
      <span end="39021" id="15040800-4253" start="39014">biliary</span>
    </annotation>
    <annotation annotator="Michael Bada" id="UBERON_Instance_181772" type="identity">
      <class id="UBERON:0001970" label="bile"/>
      <span end="39072" id="15040800-4255" start="39068">bile</span>
    </annotation>
    <annotation annotator="Michael Bada" id="UBERON_Instance_181774" type="identity">
      <class id="UBERON:0001970" label="bile"/>
      <span end="39201" id="15040800-4257" start="39197">bile</span>
    </annotation>
    <annotation annotator="Michael Bada" id="UBERON_Instance_181778" type="identity">
      <class id="UBERON:0002107" label="liver"/>
      <span end="39861" id="15040800-4259" start="39856">liver</span>
    </annotation>
    <annotation annotator="Michael Bada" id="UBERON_Instance_181456" type="identity">
      <class id="UBERON:0001969" label="blood plasma"/>
      <span end="40486" id="15040800-3959" start="40480">Plasma</span>
    </annotation>
    <annotation annotator="Michael Bada" id="UBERON_Instance_181520" type="identity">
      <class id="UBERON:0000479" label="tissue"/>
      <span end="40502" id="15040800-4023" start="40495">tissues</span>
    </annotation>
    <annotation annotator="Michael Bada" id="UBERON_Instance_181780" type="identity">
      <class id="UBERON:0000955" label="brain"/>
      <span end="40524" id="15040800-4261" start="40519">brain</span>
    </annotation>
    <annotation annotator="Michael Bada" id="UBERON_Instance_181782" type="identity">
      <class id="UBERON:0002107" label="liver"/>
      <span end="41031" id="15040800-4263" start="41025">livers</span>
    </annotation>
    <annotation annotator="Michael Bada" id="UBERON_Instance_181784" type="identity">
      <class id="UBERON:0001970" label="bile"/>
      <span end="41149" id="15040800-4265" start="41145">bile</span>
    </annotation>
    <annotation annotator="Michael Bada" id="UBERON_Instance_181786" type="identity">
      <class id="UBERON:0002294" label="biliary system"/>
      <span end="41367" id="15040800-4267" start="41360">Biliary</span>
    </annotation>
    <annotation annotator="Michael Bada" id="UBERON_Instance_181788" type="identity">
      <class id="UBERON:0002294" label="biliary system"/>
      <span end="41478" id="15040800-4269" start="41471">biliary</span>
    </annotation>
    <annotation annotator="Michael Bada" id="UBERON_Instance_181790" type="identity">
      <class id="UBERON:0001970" label="bile"/>
      <span end="41580" id="15040800-4271" start="41576">bile</span>
    </annotation>
    <annotation annotator="Michael Bada" id="UBERON_Instance_181792" type="identity">
      <class id="UBERON:0001970" label="bile"/>
      <span end="41615" id="15040800-4273" start="41611">bile</span>
    </annotation>
    <annotation annotator="Michael Bada" id="UBERON_Instance_181794" type="identity">
      <class id="UBERON:0001970" label="bile"/>
      <span end="41726" id="15040800-4275" start="41722">bile</span>
    </annotation>
    <annotation annotator="Michael Bada" id="UBERON_Instance_181458" type="identity">
      <class id="UBERON:0001969" label="blood plasma"/>
      <span end="41826" id="15040800-3961" start="41820">plasma</span>
    </annotation>
    <annotation annotator="Michael Bada" id="UBERON_Instance_181798" type="identity">
      <class id="UBERON:0002294" label="biliary system"/>
      <span end="41915" id="15040800-4277" start="41908">biliary</span>
    </annotation>
    <annotation annotator="Michael Bada" id="UBERON_Instance_181800" type="identity">
      <class id="UBERON:0001970" label="bile"/>
      <span end="42057" id="15040800-4279" start="42053">bile</span>
    </annotation>
    <annotation annotator="Michael Bada" id="UBERON_Instance_181802" type="identity">
      <class id="UBERON:0001970" label="bile"/>
      <span end="42179" id="15040800-4281" start="42175">bile</span>
    </annotation>
    <annotation annotator="Michael Bada" id="UBERON_Instance_190132" type="identity">
      <class id="UBERON:0001970" label="bile"/>
      <span end="42211" id="15040800-4453" start="42207">bile</span>
    </annotation>
    <annotation annotator="Michael Bada" id="UBERON_Instance_181804" type="identity">
      <class id="UBERON:0002423" label="hepatobiliary system"/>
      <span end="42358" id="15040800-4283" start="42345">hepatobiliary</span>
    </annotation>
    <annotation annotator="Michael Bada" id="UBERON_Instance_181460" type="identity">
      <class id="UBERON:0001969" label="blood plasma"/>
      <span end="42614" id="15040800-3963" start="42608">Plasma</span>
    </annotation>
    <annotation annotator="Michael Bada" id="UBERON_Instance_181806" type="identity">
      <class id="UBERON:0002107" label="liver"/>
      <span end="42626" id="15040800-4285" start="42619">hepatic</span>
    </annotation>
    <annotation annotator="Michael Bada" id="UBERON_Instance_181462" type="identity">
      <class id="UBERON:0001969" label="blood plasma"/>
      <span end="42774" id="15040800-3965" start="42768">plasma</span>
    </annotation>
    <annotation annotator="Michael Bada" id="UBERON_Instance_181808" type="identity">
      <class id="UBERON:0002107" label="liver"/>
      <span end="43131" id="15040800-4287" start="43124">Hepatic</span>
    </annotation>
    <annotation annotator="Michael Bada" id="UBERON_Instance_181812" type="identity">
      <class id="UBERON:0001621" label="coronary artery"/>
      <span end="44183" id="15040800-4289" start="44168">coronary artery</span>
    </annotation>
    <annotation annotator="Michael Bada" id="UBERON_Instance_181814" type="identity">
      <class id="UBERON:0002294" label="biliary system"/>
      <span end="44286" id="15040800-4291" start="44279">biliary</span>
    </annotation>
    <annotation annotator="Michael Bada" id="UBERON_Instance_181816" type="identity">
      <class id="UBERON:0001970" label="bile"/>
      <span end="44313" id="15040800-4293" start="44309">bile</span>
    </annotation>
    <annotation annotator="Michael Bada" id="UBERON_Instance_181818" type="identity">
      <class id="UBERON:0001970" label="bile"/>
      <span end="44368" id="15040800-4295" start="44364">bile</span>
    </annotation>
    <annotation annotator="Michael Bada" id="UBERON_Instance_181820" type="identity">
      <class id="UBERON:0002294" label="biliary system"/>
      <span end="44620" id="15040800-4297" start="44613">biliary</span>
    </annotation>
    <annotation annotator="Michael Bada" id="UBERON_Instance_181822" type="identity">
      <class id="UBERON:0000479" label="tissue"/>
      <span end="44730" id="15040800-4299" start="44724">tissue</span>
    </annotation>
    <annotation annotator="Michael Bada" id="UBERON_Instance_181464" type="identity">
      <class id="UBERON:0001969" label="blood plasma"/>
      <span end="44741" id="15040800-3967" start="44735">plasma</span>
    </annotation>
    <annotation annotator="Michael Bada" id="UBERON_Instance_181824" type="identity">
      <class id="UBERON:0001970" label="bile"/>
      <span end="44885" id="15040800-4301" start="44881">bile</span>
    </annotation>
    <annotation annotator="Michael Bada" id="UBERON_Instance_181466" type="identity">
      <class id="UBERON:0001969" label="blood plasma"/>
      <span end="45337" id="15040800-3969" start="45331">plasma</span>
    </annotation>
    <annotation annotator="Michael Bada" id="UBERON_Instance_190134" type="identity">
      <class id="UBERON:0000479" label="tissue"/>
      <span end="45347" id="15040800-4455" start="45341">tissue</span>
    </annotation>
    <annotation annotator="Michael Bada" id="UBERON_Instance_181826" type="identity">
      <class id="UBERON:0002294" label="biliary system"/>
      <span end="45515" id="15040800-4303" start="45508">biliary</span>
    </annotation>
    <annotation annotator="Michael Bada" id="UBERON_Instance_181828" type="identity">
      <class id="UBERON:0002294" label="biliary system"/>
      <span end="45590" id="15040800-4305" start="45583">biliary</span>
    </annotation>
    <annotation annotator="Michael Bada" id="UBERON_Instance_181830" type="identity">
      <class id="UBERON:0000479" label="tissue"/>
      <span end="45990" id="15040800-4307" start="45984">tissue</span>
    </annotation>
    <annotation annotator="Michael Bada" id="UBERON_Instance_181468" type="identity">
      <class id="UBERON:0001969" label="blood plasma"/>
      <span end="46001" id="15040800-3971" start="45995">plasma</span>
    </annotation>
    <annotation annotator="Michael Bada" id="UBERON_Instance_181470" type="identity">
      <class id="UBERON:0001969" label="blood plasma"/>
      <span end="46156" id="15040800-3973" start="46150">plasma</span>
    </annotation>
    <annotation annotator="Michael Bada" id="UBERON_Instance_181832" type="identity">
      <class id="UBERON:0002294" label="biliary system"/>
      <span end="46303" id="15040800-4309" start="46296">biliary</span>
    </annotation>
    <annotation annotator="Michael Bada" id="UBERON_Instance_181834" type="identity">
      <class id="UBERON:0002294" label="biliary system"/>
      <span end="46419" id="15040800-4311" start="46412">biliary</span>
    </annotation>
    <annotation annotator="Michael Bada" id="UBERON_Instance_181836" type="identity">
      <class id="UBERON:0002294" label="biliary system"/>
      <span end="46661" id="15040800-4313" start="46654">biliary</span>
    </annotation>
    <annotation annotator="Michael Bada" id="UBERON_Instance_181838" type="identity">
      <class id="UBERON:0002294" label="biliary system"/>
      <span end="46749" id="15040800-4315" start="46742">biliary</span>
    </annotation>
    <annotation annotator="Michael Bada" id="UBERON_Instance_181472" type="identity">
      <class id="UBERON:0001969" label="blood plasma"/>
      <span end="46922" id="15040800-3975" start="46916">plasma</span>
    </annotation>
    <annotation annotator="Michael Bada" id="UBERON_Instance_181474" type="identity">
      <class id="UBERON:0001969" label="blood plasma"/>
      <span end="47027" id="15040800-3977" start="47021">plasma</span>
    </annotation>
    <annotation annotator="Michael Bada" id="UBERON_Instance_181476" type="identity">
      <class id="UBERON:0001969" label="blood plasma"/>
      <span end="47200" id="15040800-3979" start="47194">plasma</span>
    </annotation>
    <annotation annotator="Michael Bada" id="UBERON_Instance_181842" type="identity">
      <class id="UBERON:0002029" label="epithelium of gall bladder"/>
      <span end="48407" id="15040800-4317" start="48385">gallbladder epithelial</span>
    </annotation>
    <annotation annotator="Michael Bada" id="UBERON_Instance_181844" type="identity">
      <class id="UBERON:0002107" label="liver"/>
      <span end="48513" id="15040800-4319" start="48508">liver</span>
    </annotation>
    <annotation annotator="Michael Bada" id="UBERON_Instance_190136" type="identity">
      <class id="UBERON:0004819" label="kidney epithelium"/>
      <span end="48916" id="15040800-4457" start="48900">renal epithelial</span>
    </annotation>
    <annotation annotator="Michael Bada" id="UBERON_Instance_181848" type="identity">
      <class id="UBERON:0002294" label="biliary system"/>
      <span end="49473" id="15040800-4321" start="49466">biliary</span>
    </annotation>
    <annotation annotator="Michael Bada" id="UBERON_Instance_181850" type="identity">
      <class id="UBERON:0002294" label="biliary system"/>
      <span end="49623" id="15040800-4323" start="49616">biliary</span>
    </annotation>
    <annotation annotator="Michael Bada" id="UBERON_Instance_181852" type="identity">
      <class id="UBERON:0002107" label="liver"/>
      <span end="49778" id="15040800-4325" start="49771">hepatic</span>
    </annotation>
    <annotation annotator="Michael Bada" id="UBERON_Instance_181854" type="identity">
      <class id="UBERON:0001970" label="bile"/>
      <span end="49796" id="15040800-4327" start="49792">bile</span>
    </annotation>
    <annotation annotator="Michael Bada" id="UBERON_Instance_181856" type="identity">
      <class id="UBERON:0002294" label="biliary system"/>
      <span end="50209" id="15040800-4329" start="50202">biliary</span>
    </annotation>
    <annotation annotator="Michael Bada" id="UBERON_Instance_181858" type="identity">
      <class id="UBERON:0002294" label="biliary system"/>
      <span end="50460" id="15040800-4331" start="50453">biliary</span>
    </annotation>
    <annotation annotator="Michael Bada" id="UBERON_Instance_181860" type="identity">
      <class id="UBERON:0002294" label="biliary system"/>
      <span end="50678" id="15040800-4333" start="50671">biliary</span>
    </annotation>
    <annotation annotator="Michael Bada" id="UBERON_Instance_181862" type="identity">
      <class id="UBERON:0002294" label="biliary system"/>
      <span end="50718" id="15040800-4335" start="50711">biliary</span>
    </annotation>
    <annotation annotator="Michael Bada" id="UBERON_Instance_181864" type="identity">
      <class id="UBERON:0001970" label="bile"/>
      <span end="50891" id="15040800-4337" start="50887">bile</span>
    </annotation>
    <annotation annotator="Michael Bada" id="UBERON_Instance_181866" type="identity">
      <class id="UBERON:0001970" label="bile"/>
      <span end="51036" id="15040800-4339" start="51032">bile</span>
    </annotation>
    <annotation annotator="Michael Bada" id="UBERON_Instance_181868" type="identity">
      <class id="UBERON:0001970" label="bile"/>
      <span end="51332" id="15040800-4341" start="51328">bile</span>
    </annotation>
    <annotation annotator="Michael Bada" id="UBERON_Instance_182034" type="identity">
      <class id="UBERON:0001970" label="bile"/>
      <span end="51364" id="15040800-4441" start="51360">bile</span>
    </annotation>
    <annotation annotator="Michael Bada" id="UBERON_Instance_181870" type="identity">
      <class id="UBERON:0001970" label="bile"/>
      <span end="51497" id="15040800-4343" start="51493">bile</span>
    </annotation>
    <annotation annotator="Michael Bada" id="UBERON_Instance_181872" type="identity">
      <class id="UBERON:0000948" label="heart"/>
      <span end="52060" id="15040800-4345" start="52055">Heart</span>
    </annotation>
    <annotation annotator="Michael Bada" id="UBERON_Instance_181874" type="identity">
      <class id="UBERON:0002107" label="liver"/>
      <span end="52771" id="15040800-4347" start="52764">hepatic</span>
    </annotation>
    <annotation annotator="Michael Bada" id="UBERON_Instance_181876" type="identity">
      <class id="UBERON:0002107" label="liver"/>
      <span end="53103" id="15040800-4349" start="53096">hepatic</span>
    </annotation>
    <annotation annotator="Michael Bada" id="UBERON_Instance_181878" type="identity">
      <class id="UBERON:0002107" label="liver"/>
      <span end="53352" id="15040800-4351" start="53346">livers</span>
    </annotation>
    <annotation annotator="Michael Bada" id="UBERON_Instance_181880" type="identity">
      <class id="UBERON:0002107" label="liver"/>
      <span end="53418" id="15040800-4353" start="53413">liver</span>
    </annotation>
    <annotation annotator="Michael Bada" id="UBERON_Instance_181882" type="identity">
      <class id="UBERON:0002107" label="liver"/>
      <span end="53702" id="15040800-4355" start="53696">livers</span>
    </annotation>
    <annotation annotator="Michael Bada" id="UBERON_Instance_181884" type="identity">
      <class id="UBERON:0001969" label="blood plasma"/>
      <span end="53923" id="15040800-4357" start="53917">plasma</span>
    </annotation>
    <annotation annotator="Michael Bada" id="UBERON_Instance_181886" type="identity">
      <class id="UBERON:0001969" label="blood plasma"/>
      <span end="54017" id="15040800-4359" start="54011">plasma</span>
    </annotation>
    <annotation annotator="Michael Bada" id="UBERON_Instance_181888" type="identity">
      <class id="UBERON:0002107" label="liver"/>
      <span end="54425" id="15040800-4361" start="54419">livers</span>
    </annotation>
    <annotation annotator="Michael Bada" id="UBERON_Instance_181890" type="identity">
      <class id="UBERON:0002107" label="liver"/>
      <span end="54564" id="15040800-4363" start="54558">livers</span>
    </annotation>
    <annotation annotator="Michael Bada" id="UBERON_Instance_181892" type="identity">
      <class id="UBERON:0002107" label="liver"/>
      <span end="54929" id="15040800-4365" start="54923">livers</span>
    </annotation>
    <annotation annotator="Michael Bada" id="UBERON_Instance_181894" type="identity">
      <class id="UBERON:0002107" label="liver"/>
      <span end="55070" id="15040800-4367" start="55065">liver</span>
    </annotation>
    <annotation annotator="Michael Bada" id="UBERON_Instance_181896" type="identity">
      <class id="UBERON:0002107" label="liver"/>
      <span end="55188" id="15040800-4369" start="55183">liver</span>
    </annotation>
    <annotation annotator="Michael Bada" id="UBERON_Instance_181898" type="identity">
      <class id="UBERON:0002107" label="liver"/>
      <span end="55201" id="15040800-4371" start="55196">liver</span>
    </annotation>
    <annotation annotator="Michael Bada" id="UBERON_Instance_181900" type="identity">
      <class id="UBERON:0002107" label="liver"/>
      <span end="55413" id="15040800-4373" start="55408">liver</span>
    </annotation>
    <annotation annotator="Michael Bada" id="UBERON_Instance_181902" type="identity">
      <class id="UBERON:0001977" label="serum"/>
      <span end="55445" id="15040800-4375" start="55440">serum</span>
    </annotation>
    <annotation annotator="Michael Bada" id="UBERON_Instance_181904" type="identity">
      <class id="UBERON:0002107" label="liver"/>
      <span end="55637" id="15040800-4377" start="55632">liver</span>
    </annotation>
    <annotation annotator="Michael Bada" id="UBERON_Instance_181906" type="identity">
      <class id="UBERON:0002107" label="liver"/>
      <span end="55816" id="15040800-4379" start="55811">liver</span>
    </annotation>
    <annotation annotator="Michael Bada" id="UBERON_Instance_181908" type="identity">
      <class id="UBERON:0002107" label="liver"/>
      <span end="56118" id="15040800-4381" start="56113">liver</span>
    </annotation>
    <annotation annotator="Michael Bada" id="UBERON_Instance_181562" type="identity">
      <class id="UBERON:0002107" label="liver"/>
      <span end="56244" id="15040800-4065" start="56239">liver</span>
    </annotation>
    <annotation annotator="Michael Bada" id="UBERON_Instance_181560" type="identity">
      <class id="UBERON:0000160" label="intestine"/>
      <span end="56258" id="15040800-4063" start="56249">intestine</span>
    </annotation>
    <annotation annotator="Michael Bada" id="UBERON_Instance_181564" type="identity">
      <class id="UBERON:0000160" label="intestine"/>
      <span end="57006" id="15040800-4067" start="56997">intestine</span>
    </annotation>
    <annotation annotator="Michael Bada" id="UBERON_Instance_181910" type="identity">
      <class id="UBERON:0001977" label="serum"/>
      <span end="57041" id="15040800-4383" start="57036">serum</span>
    </annotation>
    <annotation annotator="Michael Bada" id="UBERON_Instance_181566" type="identity">
      <class id="UBERON:0000160" label="intestine"/>
      <span end="57210" id="15040800-4069" start="57201">intestine</span>
    </annotation>
    <annotation annotator="Nicole Vasilevsky" id="UBERON_Instance_840464" type="identity">
      <class id="UBERON:0000160" label="intestine"/>
      <span end="57431" id="15040800-4461" start="57421">intestinal</span>
    </annotation>
    <annotation annotator="Michael Bada" id="UBERON_Instance_181914" type="identity">
      <class id="UBERON:0002107" label="liver"/>
      <span end="57532" id="15040800-4385" start="57527">liver</span>
    </annotation>
    <annotation annotator="Michael Bada" id="UBERON_Instance_181916" type="identity">
      <class id="UBERON:0002107" label="liver"/>
      <span end="57577" id="15040800-4387" start="57572">Liver</span>
    </annotation>
    <annotation annotator="Michael Bada" id="UBERON_Instance_181918" type="identity">
      <class id="UBERON:0002107" label="liver"/>
      <span end="57846" id="15040800-4389" start="57841">liver</span>
    </annotation>
    <annotation annotator="Michael Bada" id="UBERON_Instance_182036" type="identity">
      <class id="UBERON:0001283" label="bile canaliculus"/>
      <span end="58036" id="15040800-4443" start="58021">bile canaliculi</span>
    </annotation>
    <annotation annotator="Michael Bada" id="UBERON_Instance_181922" type="identity">
      <class id="UBERON:0002107" label="liver"/>
      <span end="58125" id="15040800-4391" start="58120">liver</span>
    </annotation>
    <annotation annotator="Michael Bada" id="UBERON_Instance_181924" type="identity">
      <class id="UBERON:0002107" label="liver"/>
      <span end="58142" id="15040800-4393" start="58137">liver</span>
    </annotation>
    <annotation annotator="Michael Bada" id="UBERON_Instance_181926" type="identity">
      <class id="UBERON:0002107" label="liver"/>
      <span end="58301" id="15040800-4395" start="58296">liver</span>
    </annotation>
    <annotation annotator="Michael Bada" id="UBERON_Instance_182038" type="identity">
      <class id="UBERON:0001283" label="bile canaliculus"/>
      <span end="58484" id="15040800-4445" start="58469">bile canaliculi</span>
    </annotation>
    <annotation annotator="Michael Bada" id="UBERON_Instance_182040" type="identity">
      <class id="UBERON:0002394" label="bile duct"/>
      <span end="58519" id="15040800-4447" start="58510">bile duct</span>
    </annotation>
    <annotation annotator="Michael Bada" id="UBERON_Instance_181930" type="identity">
      <class id="UBERON:0002294" label="biliary system"/>
      <span end="58572" id="15040800-4397" start="58565">Biliary</span>
    </annotation>
    <annotation annotator="Michael Bada" id="UBERON_Instance_181932" type="identity">
      <class id="UBERON:0001970" label="bile"/>
      <span end="58602" id="15040800-4399" start="58598">bile</span>
    </annotation>
    <annotation annotator="Michael Bada" id="UBERON_Instance_181934" type="identity">
      <class id="UBERON:0001970" label="bile"/>
      <span end="58622" id="15040800-4401" start="58618">Bile</span>
    </annotation>
    <annotation annotator="Michael Bada" id="UBERON_Instance_181936" type="identity">
      <class id="UBERON:0001970" label="bile"/>
      <span end="58777" id="15040800-4403" start="58773">Bile</span>
    </annotation>
    <annotation annotator="Michael Bada" id="UBERON_Instance_181938" type="identity">
      <class id="UBERON:0002294" label="biliary system"/>
      <span end="58964" id="15040800-4405" start="58957">Biliary</span>
    </annotation>
    <annotation annotator="Michael Bada" id="UBERON_Instance_181940" type="identity">
      <class id="UBERON:0002294" label="biliary system"/>
      <span end="59121" id="15040800-4407" start="59114">biliary</span>
    </annotation>
    <annotation annotator="Michael Bada" id="UBERON_Instance_181942" type="identity">
      <class id="UBERON:0001970" label="bile"/>
      <span end="59126" id="15040800-4409" start="59122">bile</span>
    </annotation>
    <annotation annotator="Michael Bada" id="UBERON_Instance_181944" type="identity">
      <class id="UBERON:0001970" label="bile"/>
      <span end="59280" id="15040800-4411" start="59276">bile</span>
    </annotation>
    <annotation annotator="Michael Bada" id="UBERON_Instance_181946" type="identity">
      <class id="UBERON:0001970" label="bile"/>
      <span end="59479" id="15040800-4413" start="59475">bile</span>
    </annotation>
    <annotation annotator="Michael Bada" id="UBERON_Instance_181948" type="identity">
      <class id="UBERON:0002294" label="biliary system"/>
      <span end="59692" id="15040800-4415" start="59685">Biliary</span>
    </annotation>
    <annotation annotator="Michael Bada" id="UBERON_Instance_181950" type="identity">
      <class id="UBERON:0002294" label="biliary system"/>
      <span end="59738" id="15040800-4417" start="59731">Biliary</span>
    </annotation>
    <annotation annotator="Michael Bada" id="UBERON_Instance_181952" type="identity">
      <class id="UBERON:0001970" label="bile"/>
      <span end="59864" id="15040800-4419" start="59860">bile</span>
    </annotation>
    <annotation annotator="Michael Bada" id="UBERON_Instance_181954" type="identity">
      <class id="UBERON:0001970" label="bile"/>
      <span end="60002" id="15040800-4421" start="59998">bile</span>
    </annotation>
    <annotation annotator="Michael Bada" id="UBERON_Instance_181956" type="identity">
      <class id="UBERON:0001969" label="blood plasma"/>
      <span end="60440" id="15040800-4423" start="60434">plasma</span>
    </annotation>
    <annotation annotator="Michael Bada" id="UBERON_Instance_181958" type="identity">
      <class id="UBERON:0000479" label="tissue"/>
      <span end="60451" id="15040800-4425" start="60445">tissue</span>
    </annotation>
    <graph-space id="Old Knowtator Relations"/>
  </document>
</knowtator-project>
