<?xml version="1.0" encoding="UTF-8" standalone="no"?>
<knowtator-project>
    <document id="15314659" text-file="15314659.txt">
        <annotation annotator="Michael Bada" id="UBERON_Instance_170000" type="identity">
            <class id="UBERON:0000467" label="anatomical system"/>
            <span end="173" id="15314659-4987" start="167">system</span>
        </annotation>
        <annotation annotator="Nicole Vasilevsky" id="UBERON_Instance_850010" type="identity">
            <class id="UBERON:0002405" label="immune system"/>
            <span end="184" id="15314659-5071" start="178">immune</span>
        </annotation>
        <annotation annotator="Nicole Vasilevsky" id="UBERON_Instance_860012" type="identity">
            <class id="UBERON:0002405" label="immune system"/>
            <span end="591" id="15314659-5073" start="585">immune</span>
        </annotation>
        <annotation annotator="Nicole Vasilevsky" id="UBERON_Instance_860014" type="identity">
            <class id="UBERON:0002405" label="immune system"/>
            <span end="1422" id="15314659-5075" start="1416">immune</span>
        </annotation>
        <annotation annotator="Nicole Vasilevsky" id="UBERON_Instance_860016" type="identity">
            <class id="UBERON:0002405" label="immune system"/>
            <span end="1550" id="15314659-5077" start="1544">immune</span>
        </annotation>
        <annotation annotator="Michael Bada" id="UBERON_Instance_240194" type="identity">
            <class id="UBERON:0002405" label="immune system"/>
            <span end="2287" id="15314659-4997" start="2274">immune system</span>
        </annotation>
        <annotation annotator="Nicole Vasilevsky" id="UBERON_Instance_860018" type="identity">
            <class id="UBERON:0002405" label="immune system"/>
            <span end="2647" id="15314659-5079" start="2641">immune</span>
        </annotation>
        <annotation annotator="Michael Bada" id="UBERON_Instance_240196" type="identity">
            <class id="UBERON:0002405" label="immune system"/>
            <span end="3905" id="15314659-4999" start="3892">immune system</span>
        </annotation>
        <annotation annotator="Nicole Vasilevsky" id="UBERON_Instance_830008" type="identity">
            <class id="UBERON:0002405" label="immune system"/>
            <span end="3963" id="15314659-5065" start="3957">immune</span>
        </annotation>
        <annotation annotator="Nicole Vasilevsky" id="UBERON_Instance_860020" type="identity">
            <class id="UBERON:0002405" label="immune system"/>
            <span end="4131" id="15314659-5081" start="4125">immune</span>
        </annotation>
        <annotation annotator="Nicole Vasilevsky" id="UBERON_Instance_860022" type="identity">
            <class id="UBERON:0002405" label="immune system"/>
            <span end="4546" id="15314659-5083" start="4540">immune</span>
        </annotation>
        <annotation annotator="Nicole Vasilevsky" id="UBERON_Instance_860024" type="identity">
            <class id="UBERON:0002405" label="immune system"/>
            <span end="4717" id="15314659-5085" start="4711">immune</span>
        </annotation>
        <annotation annotator="Michael Bada" id="UBERON_Instance_241244" type="identity">
            <class id="UBERON:0001977" label="serum"/>
            <span end="5086" id="15314659-5059" start="5081">serum</span>
        </annotation>
        <annotation annotator="Michael Bada" id="UBERON_Instance_240166" type="identity">
            <class id="UBERON:0000922" label="embryo"/>
            <span end="6173" id="15314659-4989" start="6164">embryonic</span>
        </annotation>
        <annotation annotator="Michael Bada" id="UBERON_Instance_240168" type="identity">
            <class id="UBERON:0000922" label="embryo"/>
            <span end="6519" id="15314659-4991" start="6510">embryonic</span>
        </annotation>
        <annotation annotator="Nicole Vasilevsky" id="UBERON_Instance_860026" type="identity">
            <class id="UBERON:0002405" label="immune system"/>
            <span end="6892" id="15314659-5087" start="6886">immune</span>
        </annotation>
        <annotation annotator="Michael Bada" id="UBERON_Instance_240606" type="identity">
            <class id="UBERON:0002113" label="kidney"/>
            <span end="8229" id="15314659-5001" start="8224">renal</span>
        </annotation>
        <annotation annotator="Nicole Vasilevsky" id="UBERON_Instance_860028" type="identity">
            <class id="UBERON:0002405" label="immune system"/>
            <span end="8428" id="15314659-5089" start="8422">immune</span>
        </annotation>
        <annotation annotator="Nicole Vasilevsky" id="UBERON_Instance_860030" type="identity">
            <class id="UBERON:0002405" label="immune system"/>
            <span end="11592" id="15314659-5091" start="11586">immune</span>
        </annotation>
        <annotation annotator="Nicole Vasilevsky" id="UBERON_Instance_860032" type="identity">
            <class id="UBERON:0002405" label="immune system"/>
            <span end="11610" id="15314659-5093" start="11604">immune</span>
        </annotation>
        <annotation annotator="Nicole Vasilevsky" id="UBERON_Instance_860034" type="identity">
            <class id="UBERON:0002405" label="immune system"/>
            <span end="11733" id="15314659-5095" start="11727">immune</span>
        </annotation>
        <annotation annotator="Nicole Vasilevsky" id="UBERON_Instance_860036" type="identity">
            <class id="UBERON:0002405" label="immune system"/>
            <span end="12064" id="15314659-5097" start="12058">immune</span>
        </annotation>
        <annotation annotator="Michael Bada" id="UBERON_Instance_240608" type="identity">
            <class id="UBERON:0002113" label="kidney"/>
            <span end="14959" id="15314659-5003" start="14954">renal</span>
        </annotation>
        <annotation annotator="Michael Bada" id="UBERON_Instance_240610" type="identity">
            <class id="UBERON:0002113" label="kidney"/>
            <span end="15689" id="15314659-5005" start="15682">kidneys</span>
        </annotation>
        <annotation annotator="Michael Bada" id="UBERON_Instance_240612" type="identity">
            <class id="UBERON:0002113" label="kidney"/>
            <span end="15947" id="15314659-5007" start="15942">renal</span>
        </annotation>
        <annotation annotator="Nicole Vasilevsky" id="UBERON_Instance_860038" type="identity">
            <class id="UBERON:0002405" label="immune system"/>
            <span end="16374" id="15314659-5099" start="16368">immune</span>
        </annotation>
        <annotation annotator="Michael Bada" id="UBERON_Instance_241246" type="identity">
            <class id="UBERON:0001977" label="serum"/>
            <span end="16768" id="15314659-5061" start="16763">serum</span>
        </annotation>
        <annotation annotator="Michael Bada" id="UBERON_Instance_240170" type="identity">
            <class id="UBERON:0000922" label="embryo"/>
            <span end="17193" id="15314659-4993" start="17184">embryonic</span>
        </annotation>
        <annotation annotator="Nicole Vasilevsky" id="UBERON_Instance_860040" type="identity">
            <class id="UBERON:0002405" label="immune system"/>
            <span end="17597" id="15314659-5101" start="17591">immune</span>
        </annotation>
        <annotation annotator="Nicole Vasilevsky" id="UBERON_Instance_860042" type="identity">
            <class id="UBERON:0002405" label="immune system"/>
            <span end="18303" id="15314659-5103" start="18297">immune</span>
        </annotation>
        <annotation annotator="Nicole Vasilevsky" id="UBERON_Instance_860044" type="identity">
            <class id="UBERON:0002405" label="immune system"/>
            <span end="20209" id="15314659-5105" start="20203">immune</span>
        </annotation>
        <annotation annotator="Michael Bada" id="UBERON_Instance_240614" type="identity">
            <class id="UBERON:0001977" label="serum"/>
            <span end="22101" id="15314659-5009" start="22096">serum</span>
        </annotation>
        <annotation annotator="Nicole Vasilevsky" id="UBERON_Instance_830010" type="identity">
            <class id="UBERON:0002405" label="immune system"/>
            <span end="22529" id="15314659-5067" start="22523">immune</span>
        </annotation>
        <annotation annotator="Nicole Vasilevsky" id="UBERON_Instance_860046" type="identity">
            <class id="UBERON:0002405" label="immune system"/>
            <span end="24878" id="15314659-5107" start="24872">immune</span>
        </annotation>
        <annotation annotator="Michael Bada" id="UBERON_Instance_240172" type="identity">
            <class id="UBERON:0000922" label="embryo"/>
            <span end="24968" id="15314659-4995" start="24959">embryonic</span>
        </annotation>
        <annotation annotator="Nicole Vasilevsky" id="UBERON_Instance_830012" type="identity">
            <class id="UBERON:0002405" label="immune system"/>
            <span end="26124" id="15314659-5069" start="26118">immune</span>
        </annotation>
        <annotation annotator="Michael Bada" id="UBERON_Instance_241248" type="identity">
            <class id="UBERON:0001225" label="cortex of kidney"/>
            <span end="26154" id="15314659-5063" start="26142">renal cortex</span>
        </annotation>
        <annotation annotator="Michael Bada" id="UBERON_Instance_240616" type="identity">
            <class id="UBERON:0000062" label="organ"/>
            <span end="26656" id="15314659-5011" start="26651">organ</span>
        </annotation>
        <annotation annotator="Michael Bada" id="UBERON_Instance_240618" type="identity">
            <class id="UBERON:0002113" label="kidney"/>
            <span end="26920" id="15314659-5013" start="26915">renal</span>
        </annotation>
        <annotation annotator="Nicole Vasilevsky" id="UBERON_Instance_860048" type="identity">
            <class id="UBERON:0002405" label="immune system"/>
            <span end="27178" id="15314659-5109" start="27172">immune</span>
        </annotation>
        <annotation annotator="Michael Bada" id="UBERON_Instance_240620" type="identity">
            <class id="UBERON:0001977" label="serum"/>
            <span end="29311" id="15314659-5015" start="29307">Sera</span>
        </annotation>
        <annotation annotator="Michael Bada" id="UBERON_Instance_240622" type="identity">
            <class id="UBERON:0001977" label="serum"/>
            <span end="29608" id="15314659-5017" start="29603">Serum</span>
        </annotation>
        <annotation annotator="Michael Bada" id="UBERON_Instance_240624" type="identity">
            <class id="UBERON:0001977" label="serum"/>
            <span end="30119" id="15314659-5019" start="30114">serum</span>
        </annotation>
        <annotation annotator="Michael Bada" id="UBERON_Instance_240626" type="identity">
            <class id="UBERON:0001977" label="serum"/>
            <span end="30456" id="15314659-5021" start="30451">serum</span>
        </annotation>
        <annotation annotator="Michael Bada" id="UBERON_Instance_240628" type="identity">
            <class id="UBERON:0001977" label="serum"/>
            <span end="30525" id="15314659-5023" start="30520">serum</span>
        </annotation>
        <annotation annotator="Michael Bada" id="UBERON_Instance_240630" type="identity">
            <class id="UBERON:0002113" label="kidney"/>
            <span end="30701" id="15314659-5025" start="30695">kidney</span>
        </annotation>
        <annotation annotator="Michael Bada" id="UBERON_Instance_240632" type="identity">
            <class id="UBERON:0005749" label="glomerular tuft"/>
            <span end="30983" id="15314659-5027" start="30968">glomerular tuft</span>
        </annotation>
        <annotation annotator="Michael Bada" id="UBERON_Instance_240634" type="identity">
            <class id="UBERON:0000074" label="renal glomerulus"/>
            <span end="31007" id="15314659-5029" start="30998">glomeruli</span>
        </annotation>
        <annotation annotator="Michael Bada" id="UBERON_Instance_240644" type="identity">
            <class id="UBERON:0005749" label="glomerular tuft"/>
            <span end="31084" id="15314659-5039" start="31069">glomerular tuft</span>
        </annotation>
        <annotation annotator="Michael Bada" id="UBERON_Instance_240636" type="identity">
            <class id="UBERON:0000074" label="renal glomerulus"/>
            <span end="31108" id="15314659-5031" start="31099">glomeruli</span>
        </annotation>
        <annotation annotator="Michael Bada" id="UBERON_Instance_240638" type="identity">
            <class id="UBERON:0000074" label="renal glomerulus"/>
            <span end="31129" id="15314659-5033" start="31119">glomerular</span>
        </annotation>
        <annotation annotator="Michael Bada" id="UBERON_Instance_240640" type="identity">
            <class id="UBERON:0000074" label="renal glomerulus"/>
            <span end="31179" id="15314659-5035" start="31170">glomeruli</span>
        </annotation>
        <annotation annotator="Michael Bada" id="UBERON_Instance_240642" type="identity">
            <class id="UBERON:0000074" label="renal glomerulus"/>
            <span end="31225" id="15314659-5037" start="31216">glomeruli</span>
        </annotation>
        <annotation annotator="Michael Bada" id="UBERON_Instance_240646" type="identity">
            <class id="UBERON:0001977" label="serum"/>
            <span end="33753" id="15314659-5041" start="33748">serum</span>
        </annotation>
        <annotation annotator="Michael Bada" id="UBERON_Instance_240648" type="identity">
            <class id="UBERON:0001977" label="serum"/>
            <span end="36161" id="15314659-5043" start="36156">Serum</span>
        </annotation>
        <annotation annotator="Michael Bada" id="UBERON_Instance_240650" type="identity">
            <class id="UBERON:0001977" label="serum"/>
            <span end="37466" id="15314659-5045" start="37461">Serum</span>
        </annotation>
        <annotation annotator="Michael Bada" id="UBERON_Instance_240652" type="identity">
            <class id="UBERON:0001977" label="serum"/>
            <span end="37745" id="15314659-5047" start="37740">Serum</span>
        </annotation>
        <annotation annotator="Michael Bada" id="UBERON_Instance_240654" type="identity">
            <class id="UBERON:0002113" label="kidney"/>
            <span end="37874" id="15314659-5049" start="37869">Renal</span>
        </annotation>
        <annotation annotator="Michael Bada" id="UBERON_Instance_240656" type="identity">
            <class id="UBERON:0002113" label="kidney"/>
            <span end="38071" id="15314659-5051" start="38065">kidney</span>
        </annotation>
        <annotation annotator="Michael Bada" id="UBERON_Instance_240658" type="identity">
            <class id="UBERON:0001977" label="serum"/>
            <span end="38896" id="15314659-5053" start="38891">serum</span>
        </annotation>
        <annotation annotator="Michael Bada" id="UBERON_Instance_240660" type="identity">
            <class id="UBERON:0002113" label="kidney"/>
            <span end="39015" id="15314659-5055" start="39009">Kidney</span>
        </annotation>
        <annotation annotator="Michael Bada" id="UBERON_Instance_240662" type="identity">
            <class id="UBERON:0002113" label="kidney"/>
            <span end="39090" id="15314659-5057" start="39085">renal</span>
        </annotation>
        <graph-space id="Old Knowtator Relations"/>
    </document>
</knowtator-project>
