<?xml version="1.0" encoding="UTF-8" standalone="no"?>
<knowtator-project>
  <document id="15314655" text-file="15314655.txt">
    <annotation annotator="Michael Bada" id="UBERON_Instance_201518" type="identity">
      <class id="UBERON:0000922" label="embryo"/>
      <span end="367" id="15314655-4610" start="358">embryonic</span>
    </annotation>
    <annotation annotator="Michael Bada" id="UBERON_Instance_201520" type="identity">
      <class id="UBERON:0007023" label="adult organism"/>
      <span end="377" id="15314655-4612" start="372">adult</span>
    </annotation>
    <annotation annotator="Michael Bada" id="UBERON_Instance_201522" type="identity">
      <class id="UBERON:0000178" label="blood"/>
      <span end="422" id="15314655-4614" start="417">blood</span>
    </annotation>
    <annotation annotator="Michael Bada" id="UBERON_Instance_201524" type="identity">
      <class id="UBERON:0000922" label="embryo"/>
      <span end="933" id="15314655-4616" start="924">embryonic</span>
    </annotation>
    <annotation annotator="Michael Bada" id="UBERON_Instance_201720" type="identity">
      <class id="UBERON:2000083" label="ventral mesoderm"/>
      <span end="1062" id="15314655-4813" start="1046">ventral mesoderm</span>
    </annotation>
    <annotation annotator="Michael Bada" id="UBERON_Instance_201664" type="identity">
      <class id="UBERON:0000178" label="blood"/>
      <span end="1792" id="15314655-4757" start="1787">blood</span>
    </annotation>
    <annotation annotator="Michael Bada" id="UBERON_Instance_201526" type="identity">
      <class id="UBERON:0000922" label="embryo"/>
      <span end="2004" id="15314655-4618" start="1995">embryonic</span>
    </annotation>
    <annotation annotator="Michael Bada" id="UBERON_Instance_201666" type="identity">
      <class id="UBERON:0000178" label="blood"/>
      <span end="2056" id="15314655-4759" start="2051">blood</span>
    </annotation>
    <annotation annotator="Michael Bada" id="UBERON_Instance_201722" type="identity">
      <class id="UBERON:2000083" label="ventral mesoderm"/>
      <span end="2218" id="15314655-4815" start="2202">ventral mesoderm</span>
    </annotation>
    <annotation annotator="Michael Bada" id="UBERON_Instance_201528" type="identity">
      <class id="UBERON:0000922" label="embryo"/>
      <span end="2285" id="15314655-4620" start="2276">embryonic</span>
    </annotation>
    <annotation annotator="Michael Bada" id="UBERON_Instance_201640" type="identity">
      <class id="UBERON:0003061" label="blood island"/>
      <span end="2299" id="15314655-4732" start="2286">blood islands</span>
    </annotation>
    <annotation annotator="Michael Bada" id="UBERON_Instance_201530" type="identity">
      <class id="UBERON:0000922" label="embryo"/>
      <span end="2366" id="15314655-4622" start="2357">embryonic</span>
    </annotation>
    <annotation annotator="Michael Bada" id="UBERON_Instance_201532" type="identity">
      <class id="UBERON:0000922" label="embryo"/>
      <span end="2527" id="15314655-4624" start="2518">embryonic</span>
    </annotation>
    <annotation annotator="Michael Bada" id="UBERON_Instance_201724" type="identity">
      <class id="UBERON:0000947" label="aorta"/>
      <span end="2533" id="15314655-4817" start="2528">aorta</span>
    </annotation>
    <annotation annotator="Michael Bada" id="UBERON_Instance_201726" type="identity">
      <class id="UBERON:0000991" label="gonad"/>
      <span end="2539" id="15314655-4819" start="2534">gonad</span>
    </annotation>
    <annotation annotator="Michael Bada" id="UBERON_Instance_201728" type="identity">
      <class id="UBERON:0000080" label="mesonephros"/>
      <span end="2551" id="15314655-4821" start="2540">mesonephros</span>
    </annotation>
    <annotation annotator="Michael Bada" id="UBERON_Instance_201696" type="identity">
      <class id="UBERON:0007023" label="adult organism"/>
      <span end="2675" id="15314655-4789" start="2670">adult</span>
    </annotation>
    <annotation annotator="Michael Bada" id="UBERON_Instance_201668" type="identity">
      <class id="UBERON:0000178" label="blood"/>
      <span end="2681" id="15314655-4761" start="2676">blood</span>
    </annotation>
    <annotation annotator="Michael Bada" id="UBERON_Instance_220154" type="identity">
      <class id="UBERON:0000178" label="blood"/>
      <span end="2984" id="15314655-4958" start="2979">blood</span>
    </annotation>
    <annotation annotator="Michael Bada" id="UBERON_Instance_201534" type="identity">
      <class id="UBERON:0000922" label="embryo"/>
      <span end="3092" id="15314655-4626" start="3083">embryonic</span>
    </annotation>
    <annotation annotator="Michael Bada" id="UBERON_Instance_201536" type="identity">
      <class id="UBERON:0000922" label="embryo"/>
      <span end="3381" id="15314655-4628" start="3372">embryonic</span>
    </annotation>
    <annotation annotator="Michael Bada" id="UBERON_Instance_201698" type="identity">
      <class id="UBERON:0007023" label="adult organism"/>
      <span end="3402" id="15314655-4791" start="3397">adult</span>
    </annotation>
    <annotation annotator="Michael Bada" id="UBERON_Instance_201734" type="identity">
      <class id="UBERON:0000926" label="mesoderm"/>
      <span end="5226" id="15314655-4823" start="5218">mesoderm</span>
    </annotation>
    <annotation annotator="Michael Bada" id="UBERON_Instance_201538" type="identity">
      <class id="UBERON:0000922" label="embryo"/>
      <span end="5530" id="15314655-4630" start="5521">embryonic</span>
    </annotation>
    <annotation annotator="Michael Bada" id="UBERON_Instance_201700" type="identity">
      <class id="UBERON:0007023" label="adult organism"/>
      <span end="5540" id="15314655-4793" start="5535">adult</span>
    </annotation>
    <annotation annotator="Michael Bada" id="UBERON_Instance_201540" type="identity">
      <class id="UBERON:0000922" label="embryo"/>
      <span end="5672" id="15314655-4632" start="5663">embryonic</span>
    </annotation>
    <annotation annotator="Michael Bada" id="UBERON_Instance_201736" type="identity">
      <class id="UBERON:2000083" label="ventral mesoderm"/>
      <span end="5748" id="15314655-4825" start="5732">ventral mesoderm</span>
    </annotation>
    <annotation annotator="Michael Bada" id="UBERON_Instance_201542" type="identity">
      <class id="UBERON:0000922" label="embryo"/>
      <span end="5918" id="15314655-4634" start="5912">embryo</span>
    </annotation>
    <annotation annotator="Michael Bada" id="UBERON_Instance_201544" type="identity">
      <class id="UBERON:0000922" label="embryo"/>
      <span end="6346" id="15314655-4636" start="6339">embryos</span>
    </annotation>
    <annotation annotator="Michael Bada" id="UBERON_Instance_201670" type="identity">
      <class id="UBERON:0000178" label="blood"/>
      <span end="6420" id="15314655-4763" start="6415">blood</span>
    </annotation>
    <annotation annotator="Michael Bada" id="UBERON_Instance_201738" type="identity">
      <class id="UBERON:0002329" label="somite"/>
      <span end="6592" id="15314655-4827" start="6586">somite</span>
    </annotation>
    <annotation annotator="Michael Bada" id="UBERON_Instance_201546" type="identity">
      <class id="UBERON:0000922" label="embryo"/>
      <span end="6628" id="15314655-4638" start="6621">embryos</span>
    </annotation>
    <annotation annotator="Michael Bada" id="UBERON_Instance_201740" type="identity">
      <class id="UBERON:0002329" label="somite"/>
      <span end="6765" id="15314655-4829" start="6759">somite</span>
    </annotation>
    <annotation annotator="Michael Bada" id="UBERON_Instance_201742" type="identity">
      <class id="UBERON:0002329" label="somite"/>
      <span end="6845" id="15314655-4831" start="6838">somites</span>
    </annotation>
    <annotation annotator="Michael Bada" id="UBERON_Instance_200154" type="identity">
      <class id="UBERON:0000922" label="embryo"/>
      <span end="7006" id="15314655-4548" start="6997">embryonic</span>
    </annotation>
    <annotation annotator="Michael Bada" id="UBERON_Instance_201642" type="identity">
      <class id="UBERON:0003061" label="blood island"/>
      <span end="7019" id="15314655-4734" start="7007">blood island</span>
    </annotation>
    <annotation annotator="Michael Bada" id="UBERON_Instance_201548" type="identity">
      <class id="UBERON:0000922" label="embryo"/>
      <span end="7161" id="15314655-4640" start="7154">embryos</span>
    </annotation>
    <annotation annotator="Michael Bada" id="UBERON_Instance_220156" type="identity">
      <class id="UBERON:0008897" label="fin"/>
      <span end="7418" id="15314655-4960" start="7415">fin</span>
    </annotation>
    <annotation annotator="Michael Bada" id="UBERON_Instance_200254" type="identity">
      <class id="UBERON:0002415" label="tail"/>
      <span end="7432" id="15314655-4600" start="7428">tail</span>
    </annotation>
    <annotation annotator="Michael Bada" id="UBERON_Instance_201744" type="identity">
      <class id="UBERON:0003104" label="mesenchyme"/>
      <span end="7443" id="15314655-4833" start="7433">mesenchyme</span>
    </annotation>
    <annotation annotator="Michael Bada" id="UBERON_Instance_201746" type="identity">
      <class id="UBERON:0003104" label="mesenchyme"/>
      <span end="7543" id="15314655-4835" start="7532">mesenchymal</span>
    </annotation>
    <annotation annotator="Michael Bada" id="UBERON_Instance_201748" type="identity">
      <class id="UBERON:0002100" label="trunk"/>
      <span end="7562" id="15314655-4837" start="7557">trunk</span>
    </annotation>
    <annotation annotator="Michael Bada" id="UBERON_Instance_200256" type="identity">
      <class id="UBERON:0002533" label="post-anal tail bud"/>
      <span end="7575" id="15314655-4602" start="7567">tail bud</span>
    </annotation>
    <annotation annotator="Michael Bada" id="UBERON_Instance_201750" type="identity">
      <class id="UBERON:0003104" label="mesenchyme"/>
      <span end="7748" id="15314655-4839" start="7737">mesenchymal</span>
    </annotation>
    <annotation annotator="Michael Bada" id="UBERON_Instance_201702" type="identity">
      <class id="UBERON:0007023" label="adult organism"/>
      <span end="7833" id="15314655-4795" start="7828">adult</span>
    </annotation>
    <annotation annotator="Michael Bada" id="UBERON_Instance_220160" type="identity">
      <class id="UBERON:0000178" label="blood"/>
      <span end="8012" id="15314655-4962" start="8007">blood</span>
    </annotation>
    <annotation annotator="Michael Bada" id="UBERON_Instance_201550" type="identity">
      <class id="UBERON:0000922" label="embryo"/>
      <span end="8024" id="15314655-4642" start="8017">embryos</span>
    </annotation>
    <annotation annotator="Michael Bada" id="UBERON_Instance_200216" type="identity">
      <class id="UBERON:0000113" label="post-juvenile adult stage"/>
      <span end="8068" id="15314655-4596" start="8059">adulthood</span>
    </annotation>
    <annotation annotator="Michael Bada" id="UBERON_Instance_201704" type="identity">
      <class id="UBERON:0007023" label="adult organism"/>
      <span end="8075" id="15314655-4797" start="8070">Adult</span>
    </annotation>
    <annotation annotator="Michael Bada" id="UBERON_Instance_201752" type="identity">
      <class id="UBERON:0000948" label="heart"/>
      <span end="8100" id="15314655-4841" start="8093">cardiac</span>
    </annotation>
    <annotation annotator="Michael Bada" id="UBERON_Instance_201706" type="identity">
      <class id="UBERON:0007023" label="adult organism"/>
      <span end="8226" id="15314655-4799" start="8221">adult</span>
    </annotation>
    <annotation annotator="Michael Bada" id="UBERON_Instance_201754" type="identity">
      <class id="UBERON:0002113" label="kidney"/>
      <span end="8262" id="15314655-4843" start="8256">kidney</span>
    </annotation>
    <annotation annotator="Michael Bada" id="UBERON_Instance_201756" type="identity">
      <class id="UBERON:0002113" label="kidney"/>
      <span end="10069" id="15314655-4845" start="10063">kidney</span>
    </annotation>
    <annotation annotator="Michael Bada" id="UBERON_Instance_201672" type="identity">
      <class id="UBERON:0000178" label="blood"/>
      <span end="11170" id="15314655-4765" start="11165">blood</span>
    </annotation>
    <annotation annotator="Michael Bada" id="UBERON_Instance_201674" type="identity">
      <class id="UBERON:0000178" label="blood"/>
      <span end="11238" id="15314655-4767" start="11233">blood</span>
    </annotation>
    <annotation annotator="Michael Bada" id="UBERON_Instance_201552" type="identity">
      <class id="UBERON:0000922" label="embryo"/>
      <span end="11357" id="15314655-4644" start="11350">embryos</span>
    </annotation>
    <annotation annotator="Michael Bada" id="UBERON_Instance_220162" type="identity">
      <class id="UBERON:0002548" label="larva"/>
      <span end="11850" id="15314655-4964" start="11844">larval</span>
    </annotation>
    <annotation annotator="Michael Bada" id="UBERON_Instance_202010" type="identity">
      <class id="UBERON:0000926" label="mesoderm"/>
      <span end="12147" id="15314655-4956" start="12139">mesoderm</span>
    </annotation>
    <annotation annotator="Michael Bada" id="UBERON_Instance_201554" type="identity">
      <class id="UBERON:0000922" label="embryo"/>
      <span end="12183" id="15314655-4646" start="12176">embryos</span>
    </annotation>
    <annotation annotator="Michael Bada" id="UBERON_Instance_201556" type="identity">
      <class id="UBERON:0000922" label="embryo"/>
      <span end="12303" id="15314655-4648" start="12297">embryo</span>
    </annotation>
    <annotation annotator="Michael Bada" id="UBERON_Instance_201758" type="identity">
      <class id="UBERON:0000108" label="blastula stage"/>
      <span end="12326" id="15314655-4847" start="12311">blastula stages</span>
    </annotation>
    <annotation annotator="Michael Bada" id="UBERON_Instance_201760" type="identity">
      <class id="UBERON:0002541" label="germ ring"/>
      <span end="12440" id="15314655-4849" start="12431">germ ring</span>
    </annotation>
    <annotation annotator="Michael Bada" id="UBERON_Instance_200258" type="identity">
      <class id="UBERON:0002533" label="post-anal tail bud"/>
      <span end="12453" id="15314655-4604" start="12445">tail bud</span>
    </annotation>
    <annotation annotator="Michael Bada" id="UBERON_Instance_201762" type="identity">
      <class id="UBERON:0002329" label="somite"/>
      <span end="12470" id="15314655-4851" start="12464">somite</span>
    </annotation>
    <annotation annotator="Michael Bada" id="UBERON_Instance_201764" type="identity">
      <class id="UBERON:2000083" label="ventral mesoderm"/>
      <span end="12562" id="15314655-4853" start="12555">ventral</span>
      <span end="12579" id="15314655-4854" start="12571">mesoderm</span>
    </annotation>
    <annotation annotator="Michael Bada" id="UBERON_Instance_220164" type="identity">
      <class id="UBERON:0003081" label="lateral plate mesoderm"/>
      <span end="12579" id="15314655-4966" start="12563">lateral mesoderm</span>
    </annotation>
    <annotation annotator="Michael Bada" id="UBERON_Instance_201676" type="identity">
      <class id="UBERON:0000178" label="blood"/>
      <span end="12608" id="15314655-4769" start="12603">blood</span>
    </annotation>
    <annotation annotator="Michael Bada" id="UBERON_Instance_201558" type="identity">
      <class id="UBERON:0000922" label="embryo"/>
      <span end="12804" id="15314655-4650" start="12795">embryonic</span>
    </annotation>
    <annotation annotator="Michael Bada" id="UBERON_Instance_201644" type="identity">
      <class id="UBERON:0003061" label="blood island"/>
      <span end="12817" id="15314655-4736" start="12805">blood island</span>
    </annotation>
    <annotation annotator="Michael Bada" id="UBERON_Instance_201766" type="identity">
      <class id="UBERON:0001017" label="central nervous system"/>
      <span end="12910" id="15314655-4856" start="12888">central nervous system</span>
    </annotation>
    <annotation annotator="Michael Bada" id="UBERON_Instance_220166" type="identity">
      <class id="UBERON:0005256" label="trunk mesenchyme"/>
      <span end="12939" id="15314655-4968" start="12926">mesenchyme of</span>
      <span end="12949" id="15314655-4969" start="12944">trunk</span>
    </annotation>
    <annotation annotator="Michael Bada" id="UBERON_Instance_200260" type="identity">
      <class id="UBERON:0002415" label="tail"/>
      <span end="12958" id="15314655-4606" start="12954">tail</span>
    </annotation>
    <annotation annotator="Michael Bada" id="UBERON_Instance_201772" type="identity">
      <class id="UBERON:0000479" label="tissue"/>
      <span end="13046" id="15314655-4858" start="13039">tissues</span>
    </annotation>
    <annotation annotator="Michael Bada" id="UBERON_Instance_201774" type="identity">
      <class id="UBERON:2000083" label="ventral mesoderm"/>
      <span end="13163" id="15314655-4860" start="13147">ventral mesoderm</span>
    </annotation>
    <annotation annotator="Nicole Vasilevsky" id="UBERON+extension_classes_Instance_30404" type="identity">
      <class id="UBERON:0000922" label="embryo"/>
      <span end="13225" id="15314655-4542" start="13216">embryonic</span>
    </annotation>
    <annotation annotator="Michael Bada" id="UBERON_Instance_201646" type="identity">
      <class id="UBERON:0011919" label="yolk sac blood island"/>
      <span end="13450" id="15314655-4738" start="13434">blood islands of</span>
      <span end="13463" id="15314655-4739" start="13455">yolk sac</span>
    </annotation>
    <annotation annotator="Michael Bada" id="UBERON_Instance_201776" type="identity">
      <class id="UBERON:0002107" label="liver"/>
      <span end="13516" id="15314655-4862" start="13511">liver</span>
    </annotation>
    <annotation annotator="Michael Bada" id="UBERON_Instance_201780" type="identity">
      <class id="UBERON:0000479" label="tissue"/>
      <span end="13554" id="15314655-4864" start="13547">tissues</span>
    </annotation>
    <annotation annotator="Michael Bada" id="UBERON_Instance_201782" type="identity">
      <class id="UBERON:0001017" label="central nervous system"/>
      <span end="13592" id="15314655-4866" start="13570">central nervous system</span>
    </annotation>
    <annotation annotator="Michael Bada" id="UBERON_Instance_201560" type="identity">
      <class id="UBERON:0000922" label="embryo"/>
      <span end="14035" id="15314655-4652" start="14026">embryonic</span>
    </annotation>
    <annotation annotator="Michael Bada" id="UBERON_Instance_201562" type="identity">
      <class id="UBERON:0000922" label="embryo"/>
      <span end="14518" id="15314655-4654" start="14509">embryonic</span>
    </annotation>
    <annotation annotator="Michael Bada" id="UBERON_Instance_201784" type="identity">
      <class id="UBERON:0002329" label="somite"/>
      <span end="14749" id="15314655-4868" start="14742">somites</span>
    </annotation>
    <annotation annotator="Michael Bada" id="UBERON_Instance_201786" type="identity">
      <class id="UBERON:0000926" label="mesoderm"/>
      <span end="14871" id="15314655-4870" start="14863">mesoderm</span>
    </annotation>
    <annotation annotator="Michael Bada" id="UBERON_Instance_201564" type="identity">
      <class id="UBERON:0000922" label="embryo"/>
      <span end="14961" id="15314655-4656" start="14955">embryo</span>
    </annotation>
    <annotation annotator="Michael Bada" id="UBERON_Instance_201648" type="identity">
      <class id="UBERON:0003061" label="blood island"/>
      <span end="15001" id="15314655-4741" start="14988">blood islands</span>
    </annotation>
    <annotation annotator="Michael Bada" id="UBERON_Instance_201566" type="identity">
      <class id="UBERON:0000922" label="embryo"/>
      <span end="15321" id="15314655-4658" start="15315">embryo</span>
    </annotation>
    <annotation annotator="Michael Bada" id="UBERON_Instance_201568" type="identity">
      <class id="UBERON:0000922" label="embryo"/>
      <span end="15466" id="15314655-4660" start="15457">embryonic</span>
    </annotation>
    <annotation annotator="Michael Bada" id="UBERON_Instance_201570" type="identity">
      <class id="UBERON:0000922" label="embryo"/>
      <span end="15507" id="15314655-4662" start="15500">embryos</span>
    </annotation>
    <annotation annotator="Michael Bada" id="UBERON_Instance_201572" type="identity">
      <class id="UBERON:0000922" label="embryo"/>
      <span end="15552" id="15314655-4664" start="15543">embryonic</span>
    </annotation>
    <annotation annotator="Michael Bada" id="UBERON_Instance_220168" type="identity">
      <class id="UBERON:0008897" label="fin"/>
      <span end="15867" id="15314655-4971" start="15864">fin</span>
    </annotation>
    <annotation annotator="Michael Bada" id="UBERON_Instance_201788" type="identity">
      <class id="UBERON:0003104" label="mesenchyme"/>
      <span end="15920" id="15314655-4872" start="15909">mesenchymal</span>
    </annotation>
    <annotation annotator="Michael Bada" id="UBERON_Instance_201678" type="identity">
      <class id="UBERON:0000178" label="blood"/>
      <span end="16047" id="15314655-4771" start="16042">blood</span>
    </annotation>
    <annotation annotator="Michael Bada" id="UBERON_Instance_201574" type="identity">
      <class id="UBERON:0000922" label="embryo"/>
      <span end="16081" id="15314655-4666" start="16074">embryos</span>
    </annotation>
    <annotation annotator="Michael Bada" id="UBERON_Instance_201680" type="identity">
      <class id="UBERON:0000178" label="blood"/>
      <span end="16215" id="15314655-4773" start="16210">blood</span>
    </annotation>
    <annotation annotator="Michael Bada" id="UBERON_Instance_201576" type="identity">
      <class id="UBERON:0000922" label="embryo"/>
      <span end="16242" id="15314655-4668" start="16235">embryos</span>
    </annotation>
    <annotation annotator="Michael Bada" id="UBERON_Instance_201708" type="identity">
      <class id="UBERON:0007023" label="adult organism"/>
      <span end="16630" id="15314655-4801" start="16625">adult</span>
    </annotation>
    <annotation annotator="Michael Bada" id="UBERON_Instance_201792" type="identity">
      <class id="UBERON:0007132" label="head kidney"/>
      <span end="16654" id="15314655-4874" start="16641">kidney marrow</span>
    </annotation>
    <annotation annotator="Michael Bada" id="UBERON_Instance_201578" type="identity">
      <class id="UBERON:0000922" label="embryo"/>
      <span end="16750" id="15314655-4670" start="16743">embryos</span>
    </annotation>
    <annotation annotator="Michael Bada" id="UBERON_Instance_201580" type="identity">
      <class id="UBERON:0000922" label="embryo"/>
      <span end="16961" id="15314655-4672" start="16954">embryos</span>
    </annotation>
    <annotation annotator="Michael Bada" id="UBERON_Instance_201582" type="identity">
      <class id="UBERON:0000922" label="embryo"/>
      <span end="16979" id="15314655-4674" start="16970">embryonic</span>
    </annotation>
    <annotation annotator="Michael Bada" id="UBERON_Instance_201682" type="identity">
      <class id="UBERON:0000178" label="blood"/>
      <span end="16985" id="15314655-4775" start="16980">blood</span>
    </annotation>
    <annotation annotator="Michael Bada" id="UBERON_Instance_201584" type="identity">
      <class id="UBERON:0000922" label="embryo"/>
      <span end="17054" id="15314655-4676" start="17047">embryos</span>
    </annotation>
    <annotation annotator="Michael Bada" id="UBERON_Instance_201586" type="identity">
      <class id="UBERON:0000922" label="embryo"/>
      <span end="17106" id="15314655-4678" start="17099">embryos</span>
    </annotation>
    <annotation annotator="Michael Bada" id="UBERON_Instance_201588" type="identity">
      <class id="UBERON:0000922" label="embryo"/>
      <span end="17514" id="15314655-4680" start="17507">embryos</span>
    </annotation>
    <annotation annotator="Michael Bada" id="UBERON_Instance_201684" type="identity">
      <class id="UBERON:0000178" label="blood"/>
      <span end="17594" id="15314655-4777" start="17589">blood</span>
    </annotation>
    <annotation annotator="Michael Bada" id="UBERON_Instance_201590" type="identity">
      <class id="UBERON:0000922" label="embryo"/>
      <span end="17618" id="15314655-4682" start="17611">embryos</span>
    </annotation>
    <annotation annotator="Michael Bada" id="UBERON_Instance_201686" type="identity">
      <class id="UBERON:0000178" label="blood"/>
      <span end="17658" id="15314655-4779" start="17653">blood</span>
    </annotation>
    <annotation annotator="Michael Bada" id="UBERON_Instance_201794" type="identity">
      <class id="UBERON:0006860" label="swim bladder"/>
      <span end="17719" id="15314655-4876" start="17706">swim bladders</span>
    </annotation>
    <annotation annotator="Michael Bada" id="UBERON_Instance_200218" type="identity">
      <class id="UBERON:0000113" label="post-juvenile adult stage"/>
      <span end="17905" id="15314655-4598" start="17896">adulthood</span>
    </annotation>
    <annotation annotator="Michael Bada" id="UBERON_Instance_201796" type="identity">
      <class id="UBERON:0000479" label="tissue"/>
      <span end="18169" id="15314655-4878" start="18162">tissues</span>
    </annotation>
    <annotation annotator="Michael Bada" id="UBERON_Instance_201798" type="identity">
      <class id="UBERON:0005256" label="trunk mesenchyme"/>
      <span end="18195" id="15314655-4880" start="18179">trunk mesenchyme</span>
    </annotation>
    <annotation annotator="Michael Bada" id="UBERON_Instance_201800" type="identity">
      <class id="UBERON:0001016" label="nervous system"/>
      <span end="18217" id="15314655-4882" start="18203">nervous system</span>
    </annotation>
    <annotation annotator="Michael Bada" id="UBERON_Instance_201592" type="identity">
      <class id="UBERON:0000922" label="embryo"/>
      <span end="18246" id="15314655-4684" start="18240">embryo</span>
    </annotation>
    <annotation annotator="Michael Bada" id="UBERON_Instance_201802" type="identity">
      <class id="UBERON:0001977" label="serum"/>
      <span end="18447" id="15314655-4884" start="18442">serum</span>
    </annotation>
    <annotation annotator="Michael Bada" id="UBERON_Instance_201594" type="identity">
      <class id="UBERON:0000922" label="embryo"/>
      <span end="18571" id="15314655-4686" start="18565">embryo</span>
    </annotation>
    <annotation annotator="Michael Bada" id="UBERON_Instance_201804" type="identity">
      <class id="UBERON:0001977" label="serum"/>
      <span end="18619" id="15314655-4886" start="18614">serum</span>
    </annotation>
    <annotation annotator="Michael Bada" id="UBERON_Instance_201806" type="identity">
      <class id="UBERON:0001977" label="serum"/>
      <span end="19001" id="15314655-4888" start="18996">serum</span>
    </annotation>
    <annotation annotator="Michael Bada" id="UBERON_Instance_200158" type="identity">
      <class id="UBERON:0000922" label="embryo"/>
      <span end="22151" id="15314655-4550" start="22144">embryos</span>
    </annotation>
    <annotation annotator="Michael Bada" id="UBERON_Instance_200160" type="identity">
      <class id="UBERON:0000922" label="embryo"/>
      <span end="22285" id="15314655-4552" start="22278">embryos</span>
    </annotation>
    <annotation annotator="Michael Bada" id="UBERON_Instance_201808" type="identity">
      <class id="UBERON:0002329" label="somite"/>
      <span end="23811" id="15314655-4890" start="23805">somite</span>
    </annotation>
    <annotation annotator="Michael Bada" id="UBERON_Instance_200162" type="identity">
      <class id="UBERON:0000922" label="embryo"/>
      <span end="24078" id="15314655-4554" start="24069">embryonic</span>
    </annotation>
    <annotation annotator="Michael Bada" id="UBERON_Instance_201650" type="identity">
      <class id="UBERON:0003061" label="blood island"/>
      <span end="24092" id="15314655-4743" start="24079">blood islands</span>
    </annotation>
    <annotation annotator="Michael Bada" id="UBERON_Instance_201710" type="identity">
      <class id="UBERON:0007023" label="adult organism"/>
      <span end="24493" id="15314655-4803" start="24487">adults</span>
    </annotation>
    <annotation annotator="Michael Bada" id="UBERON_Instance_200164" type="identity">
      <class id="UBERON:0000922" label="embryo"/>
      <span end="25344" id="15314655-4556" start="25337">embryos</span>
    </annotation>
    <annotation annotator="Michael Bada" id="UBERON_Instance_200166" type="identity">
      <class id="UBERON:0000922" label="embryo"/>
      <span end="25392" id="15314655-4558" start="25385">embryos</span>
    </annotation>
    <annotation annotator="Michael Bada" id="UBERON_Instance_200168" type="identity">
      <class id="UBERON:0000922" label="embryo"/>
      <span end="25633" id="15314655-4560" start="25626">embryos</span>
    </annotation>
    <annotation annotator="Michael Bada" id="UBERON_Instance_200170" type="identity">
      <class id="UBERON:0000922" label="embryo"/>
      <span end="25691" id="15314655-4562" start="25684">embryos</span>
    </annotation>
    <annotation annotator="Michael Bada" id="UBERON_Instance_201688" type="identity">
      <class id="UBERON:0000178" label="blood"/>
      <span end="26225" id="15314655-4781" start="26220">blood</span>
    </annotation>
    <annotation annotator="Michael Bada" id="UBERON_Instance_201690" type="identity">
      <class id="UBERON:0000178" label="blood"/>
      <span end="27759" id="15314655-4783" start="27754">blood</span>
    </annotation>
    <annotation annotator="Michael Bada" id="UBERON_Instance_200172" type="identity">
      <class id="UBERON:0000922" label="embryo"/>
      <span end="28300" id="15314655-4564" start="28293">embryos</span>
    </annotation>
    <annotation annotator="Michael Bada" id="UBERON_Instance_200174" type="identity">
      <class id="UBERON:0000922" label="embryo"/>
      <span end="28387" id="15314655-4566" start="28380">embryos</span>
    </annotation>
    <annotation annotator="Michael Bada" id="UBERON_Instance_200176" type="identity">
      <class id="UBERON:0000922" label="embryo"/>
      <span end="28491" id="15314655-4568" start="28484">embryos</span>
    </annotation>
    <annotation annotator="Michael Bada" id="UBERON_Instance_201814" type="identity">
      <class id="UBERON:0007132" label="head kidney"/>
      <span end="29119" id="15314655-4892" start="29106">kidney marrow</span>
    </annotation>
    <annotation annotator="Michael Bada" id="UBERON_Instance_201712" type="identity">
      <class id="UBERON:0007023" label="adult organism"/>
      <span end="29150" id="15314655-4805" start="29145">adult</span>
    </annotation>
    <annotation annotator="Michael Bada" id="UBERON_Instance_201816" type="identity">
      <class id="UBERON:0001977" label="serum"/>
      <span end="29250" id="15314655-4894" start="29245">serum</span>
    </annotation>
    <annotation annotator="Michael Bada" id="UBERON_Instance_201818" type="identity">
      <class id="UBERON:0002063" label="sinus venosus"/>
      <span end="29287" id="15314655-4896" start="29274">sinus venosus</span>
    </annotation>
    <annotation annotator="Michael Bada" id="UBERON_Instance_200178" type="identity">
      <class id="UBERON:0000922" label="embryo"/>
      <span end="29331" id="15314655-4570" start="29324">embryos</span>
    </annotation>
    <annotation annotator="Michael Bada" id="UBERON_Instance_201820" type="identity">
      <class id="UBERON:0007132" label="head kidney"/>
      <span end="29366" id="15314655-4898" start="29353">kidney marrow</span>
    </annotation>
    <annotation annotator="Michael Bada" id="UBERON_Instance_200182" type="identity">
      <class id="UBERON:0000922" label="embryo"/>
      <span end="29397" id="15314655-4574" start="29391">embryo</span>
    </annotation>
    <annotation annotator="Michael Bada" id="UBERON_Instance_200180" type="identity">
      <class id="UBERON:0000922" label="embryo"/>
      <span end="29430" id="15314655-4572" start="29423">embryos</span>
    </annotation>
    <annotation annotator="Michael Bada" id="UBERON_Instance_220174" type="identity">
      <class id="UBERON:0002548" label="larva"/>
      <span end="29628" id="15314655-4973" start="29622">larvae</span>
    </annotation>
    <annotation annotator="Michael Bada" id="UBERON_Instance_201822" type="identity">
      <class id="UBERON:0001977" label="serum"/>
      <span end="29745" id="15314655-4900" start="29741">sera</span>
    </annotation>
    <annotation annotator="Michael Bada" id="UBERON_Instance_200184" type="identity">
      <class id="UBERON:0000922" label="embryo"/>
      <span end="29937" id="15314655-4576" start="29928">embryonic</span>
    </annotation>
    <annotation annotator="Michael Bada" id="UBERON_Instance_201824" type="identity">
      <class id="UBERON:0001977" label="serum"/>
      <span end="30065" id="15314655-4902" start="30061">sera</span>
    </annotation>
    <annotation annotator="Michael Bada" id="UBERON_Instance_201826" type="identity">
      <class id="UBERON:0001977" label="serum"/>
      <span end="30207" id="15314655-4904" start="30202">serum</span>
    </annotation>
    <annotation annotator="Michael Bada" id="UBERON_Instance_200186" type="identity">
      <class id="UBERON:0000922" label="embryo"/>
      <span end="30910" id="15314655-4578" start="30903">embryos</span>
    </annotation>
    <annotation annotator="Michael Bada" id="UBERON_Instance_200188" type="identity">
      <class id="UBERON:0000922" label="embryo"/>
      <span end="31014" id="15314655-4580" start="31007">embryos</span>
    </annotation>
    <annotation annotator="Michael Bada" id="UBERON_Instance_220176" type="identity">
      <class id="UBERON:0002548" label="larva"/>
      <span end="31264" id="15314655-4975" start="31258">larvae</span>
    </annotation>
    <annotation annotator="Michael Bada" id="UBERON_Instance_201692" type="identity">
      <class id="UBERON:0000178" label="blood"/>
      <span end="33437" id="15314655-4785" start="33432">blood</span>
    </annotation>
    <annotation annotator="Michael Bada" id="UBERON_Instance_201828" type="identity">
      <class id="UBERON:2000083" label="ventral mesoderm"/>
      <span end="33694" id="15314655-4906" start="33687">ventral</span>
      <span end="33715" id="15314655-4907" start="33705">mesodermal</span>
    </annotation>
    <annotation annotator="Michael Bada" id="UBERON_Instance_200194" type="identity">
      <class id="UBERON:0000922" label="embryo"/>
      <span end="33777" id="15314655-4582" start="33770">embryos</span>
    </annotation>
    <annotation annotator="Michael Bada" id="UBERON_Instance_201832" type="identity">
      <class id="UBERON:0002329" label="somite"/>
      <span end="33855" id="15314655-4909" start="33849">somite</span>
    </annotation>
    <annotation annotator="Michael Bada" id="UBERON_Instance_220178" type="identity">
      <class id="UBERON:0000105" label="life cycle stage"/>
      <span end="33861" id="15314655-4977" start="33856">stage</span>
    </annotation>
    <annotation annotator="Michael Bada" id="UBERON_Instance_200196" type="identity">
      <class id="UBERON:0000922" label="embryo"/>
      <span end="33882" id="15314655-4584" start="33875">embryos</span>
    </annotation>
    <annotation annotator="Michael Bada" id="UBERON_Instance_201836" type="identity">
      <class id="UBERON:0002100" label="trunk"/>
      <span end="33971" id="15314655-4911" start="33966">trunk</span>
    </annotation>
    <annotation annotator="Michael Bada" id="UBERON_Instance_200198" type="identity">
      <class id="UBERON:0002415" label="tail"/>
      <span end="33980" id="15314655-4586" start="33976">tail</span>
    </annotation>
    <annotation annotator="Michael Bada" id="UBERON_Instance_200200" type="identity">
      <class id="UBERON:0000922" label="embryo"/>
      <span end="34041" id="15314655-4588" start="34032">embryonic</span>
    </annotation>
    <annotation annotator="Michael Bada" id="UBERON_Instance_201652" type="identity">
      <class id="UBERON:0003061" label="blood island"/>
      <span end="34054" id="15314655-4745" start="34042">blood island</span>
    </annotation>
    <annotation annotator="Michael Bada" id="UBERON_Instance_201654" type="identity">
      <class id="UBERON:0003061" label="blood island"/>
      <span end="34254" id="15314655-4747" start="34241">blood islands</span>
    </annotation>
    <annotation annotator="Michael Bada" id="UBERON_Instance_200202" type="identity">
      <class id="UBERON:0000922" label="embryo"/>
      <span end="34306" id="15314655-4590" start="34297">embryonic</span>
    </annotation>
    <annotation annotator="Michael Bada" id="UBERON_Instance_201838" type="identity">
      <class id="UBERON:0002370" label="thymus"/>
      <span end="34379" id="15314655-4913" start="34373">thymic</span>
    </annotation>
    <annotation annotator="Michael Bada" id="UBERON_Instance_200204" type="identity">
      <class id="UBERON:0000922" label="embryo"/>
      <span end="34501" id="15314655-4592" start="34494">embryos</span>
    </annotation>
    <annotation annotator="Michael Bada" id="UBERON_Instance_201714" type="identity">
      <class id="UBERON:0007023" label="adult organism"/>
      <span end="34595" id="15314655-4807" start="34590">Adult</span>
    </annotation>
    <annotation annotator="Michael Bada" id="UBERON_Instance_201716" type="identity">
      <class id="UBERON:0007023" label="adult organism"/>
      <span end="34678" id="15314655-4809" start="34673">adult</span>
    </annotation>
    <annotation annotator="Michael Bada" id="UBERON_Instance_201718" type="identity">
      <class id="UBERON:0007023" label="adult organism"/>
      <span end="34807" id="15314655-4811" start="34802">adult</span>
    </annotation>
    <annotation annotator="Michael Bada" id="UBERON_Instance_201840" type="identity">
      <class id="UBERON:0000926" label="mesoderm"/>
      <span end="36536" id="15314655-4915" start="36528">Mesoderm</span>
    </annotation>
    <annotation annotator="Michael Bada" id="UBERON_Instance_201596" type="identity">
      <class id="UBERON:0000922" label="embryo"/>
      <span end="36584" id="15314655-4688" start="36577">embryos</span>
    </annotation>
    <annotation annotator="Michael Bada" id="UBERON_Instance_201598" type="identity">
      <class id="UBERON:0000922" label="embryo"/>
      <span end="36612" id="15314655-4690" start="36603">embryonic</span>
    </annotation>
    <annotation annotator="Michael Bada" id="UBERON_Instance_201842" type="identity">
      <class id="UBERON:2000083" label="ventral mesoderm"/>
      <span end="36723" id="15314655-4917" start="36716">ventral</span>
      <span end="36740" id="15314655-4918" start="36732">mesoderm</span>
    </annotation>
    <annotation annotator="Michael Bada" id="UBERON_Instance_220184" type="identity">
      <class id="UBERON:0003081" label="lateral plate mesoderm"/>
      <span end="36740" id="15314655-4979" start="36724">lateral mesoderm</span>
    </annotation>
    <annotation annotator="Michael Bada" id="UBERON_Instance_201844" type="identity">
      <class id="UBERON:0002329" label="somite"/>
      <span end="36780" id="15314655-4920" start="36774">somite</span>
    </annotation>
    <annotation annotator="Michael Bada" id="UBERON_Instance_201846" type="identity">
      <class id="UBERON:0002329" label="somite"/>
      <span end="36844" id="15314655-4922" start="36837">somites</span>
    </annotation>
    <annotation annotator="Michael Bada" id="UBERON_Instance_201848" type="identity">
      <class id="UBERON:0000926" label="mesoderm"/>
      <span end="36904" id="15314655-4924" start="36896">mesoderm</span>
    </annotation>
    <annotation annotator="Michael Bada" id="UBERON_Instance_200134" type="identity">
      <class id="UBERON:0000955" label="brain"/>
      <span end="36977" id="15314655-4544" start="36972">brain</span>
    </annotation>
    <annotation annotator="Michael Bada" id="UBERON_Instance_201850" type="identity">
      <class id="UBERON:0002240" label="spinal cord"/>
      <span end="36990" id="15314655-4926" start="36979">spinal cord</span>
    </annotation>
    <annotation annotator="Michael Bada" id="UBERON_Instance_201852" type="identity">
      <class id="UBERON:0002100" label="trunk"/>
      <span end="36997" id="15314655-4928" start="36992">trunk</span>
    </annotation>
    <annotation annotator="Michael Bada" id="UBERON_Instance_200262" type="identity">
      <class id="UBERON:0002415" label="tail"/>
      <span end="37007" id="15314655-4608" start="37003">tail</span>
    </annotation>
    <annotation annotator="Michael Bada" id="UBERON_Instance_201854" type="identity">
      <class id="UBERON:0003104" label="mesenchyme"/>
      <span end="37018" id="15314655-4930" start="37008">mesenchyme</span>
    </annotation>
    <annotation annotator="Michael Bada" id="UBERON_Instance_201656" type="identity">
      <class id="UBERON:0003061" label="blood island"/>
      <span end="37091" id="15314655-4749" start="37079">blood island</span>
    </annotation>
    <annotation annotator="Michael Bada" id="UBERON_Instance_201856" type="identity">
      <class id="UBERON:0000479" label="tissue"/>
      <span end="37178" id="15314655-4932" start="37171">tissues</span>
    </annotation>
    <annotation annotator="Michael Bada" id="UBERON_Instance_201858" type="identity">
      <class id="UBERON:0002329" label="somite"/>
      <span end="37245" id="15314655-4934" start="37239">somite</span>
    </annotation>
    <annotation annotator="Michael Bada" id="UBERON_Instance_201862" type="identity">
      <class id="UBERON:0000926" label="mesoderm"/>
      <span end="37278" id="15314655-4936" start="37270">mesoderm</span>
    </annotation>
    <annotation annotator="Michael Bada" id="UBERON_Instance_201658" type="identity">
      <class id="UBERON:0003061" label="blood island"/>
      <span end="37355" id="15314655-4751" start="37342">blood islands</span>
    </annotation>
    <annotation annotator="Michael Bada" id="UBERON_Instance_201864" type="identity">
      <class id="UBERON:0002329" label="somite"/>
      <span end="37390" id="15314655-4938" start="37383">somites</span>
    </annotation>
    <annotation annotator="Michael Bada" id="UBERON_Instance_201600" type="identity">
      <class id="UBERON:0000922" label="embryo"/>
      <span end="37426" id="15314655-4692" start="37417">embryonic</span>
    </annotation>
    <annotation annotator="Michael Bada" id="UBERON_Instance_201660" type="identity">
      <class id="UBERON:0003061" label="blood island"/>
      <span end="37439" id="15314655-4753" start="37427">blood island</span>
    </annotation>
    <annotation annotator="Michael Bada" id="UBERON_Instance_201602" type="identity">
      <class id="UBERON:0000922" label="embryo"/>
      <span end="37518" id="15314655-4694" start="37511">embryos</span>
    </annotation>
    <annotation annotator="Michael Bada" id="UBERON_Instance_201604" type="identity">
      <class id="UBERON:0000922" label="embryo"/>
      <span end="37565" id="15314655-4696" start="37556">embryonic</span>
    </annotation>
    <annotation annotator="Michael Bada" id="UBERON_Instance_201662" type="identity">
      <class id="UBERON:0011919" label="yolk sac blood island"/>
      <span end="37610" id="15314655-4755" start="37588">yolk sac blood islands</span>
    </annotation>
    <annotation annotator="Michael Bada" id="UBERON_Instance_201606" type="identity">
      <class id="UBERON:0000922" label="embryo"/>
      <span end="37632" id="15314655-4698" start="37623">embryonic</span>
    </annotation>
    <annotation annotator="Michael Bada" id="UBERON_Instance_201866" type="identity">
      <class id="UBERON:0000922" label="embryo"/>
      <span end="37686" id="15314655-4940" start="37681">fetal</span>
    </annotation>
    <annotation annotator="Michael Bada" id="UBERON_Instance_201868" type="identity">
      <class id="UBERON:0002107" label="liver"/>
      <span end="37692" id="15314655-4942" start="37687">liver</span>
    </annotation>
    <annotation annotator="Michael Bada" id="UBERON_Instance_201608" type="identity">
      <class id="UBERON:0000922" label="embryo"/>
      <span end="37738" id="15314655-4700" start="37729">embryonic</span>
    </annotation>
    <annotation annotator="Michael Bada" id="UBERON_Instance_200136" type="identity">
      <class id="UBERON:0000955" label="brain"/>
      <span end="37744" id="15314655-4546" start="37739">brain</span>
    </annotation>
    <annotation annotator="Michael Bada" id="UBERON_Instance_201870" type="identity">
      <class id="UBERON:0002240" label="spinal cord"/>
      <span end="37758" id="15314655-4944" start="37746">spinal chord</span>
    </annotation>
    <annotation annotator="Michael Bada" id="UBERON_Instance_201886" type="identity">
      <class id="UBERON:0001555" label="digestive tract"/>
      <span end="37763" id="15314655-4954" start="37760">gut</span>
    </annotation>
    <annotation annotator="Michael Bada" id="UBERON_Instance_201610" type="identity">
      <class id="UBERON:0000922" label="embryo"/>
      <span end="37870" id="15314655-4702" start="37861">Embryonic</span>
    </annotation>
    <annotation annotator="Michael Bada" id="UBERON_Instance_220192" type="identity">
      <class id="UBERON:0000178" label="blood"/>
      <span end="38201" id="15314655-4981" start="38196">blood</span>
    </annotation>
    <annotation annotator="Michael Bada" id="UBERON_Instance_201612" type="identity">
      <class id="UBERON:0000922" label="embryo"/>
      <span end="38291" id="15314655-4704" start="38284">embryos</span>
    </annotation>
    <annotation annotator="Michael Bada" id="UBERON_Instance_220194" type="identity">
      <class id="UBERON:0002548" label="larva"/>
      <span end="38321" id="15314655-4983" start="38315">larvae</span>
    </annotation>
    <annotation annotator="Michael Bada" id="UBERON_Instance_201694" type="identity">
      <class id="UBERON:0000178" label="blood"/>
      <span end="38367" id="15314655-4787" start="38362">blood</span>
    </annotation>
    <annotation annotator="Michael Bada" id="UBERON_Instance_201876" type="identity">
      <class id="UBERON:0000055" label="vessel"/>
      <span end="38378" id="15314655-4946" start="38371">vessels</span>
    </annotation>
    <annotation annotator="Michael Bada" id="UBERON_Instance_201614" type="identity">
      <class id="UBERON:0000922" label="embryo"/>
      <span end="38488" id="15314655-4706" start="38481">embryos</span>
    </annotation>
    <annotation annotator="Michael Bada" id="UBERON_Instance_201616" type="identity">
      <class id="UBERON:0000922" label="embryo"/>
      <span end="38610" id="15314655-4708" start="38603">embryos</span>
    </annotation>
    <annotation annotator="Michael Bada" id="UBERON_Instance_201878" type="identity">
      <class id="UBERON:0000948" label="heart"/>
      <span end="38838" id="15314655-4948" start="38832">hearts</span>
    </annotation>
    <annotation annotator="Michael Bada" id="UBERON_Instance_201618" type="identity">
      <class id="UBERON:0000922" label="embryo"/>
      <span end="39052" id="15314655-4710" start="39043">embryonic</span>
    </annotation>
    <annotation annotator="Michael Bada" id="UBERON_Instance_201620" type="identity">
      <class id="UBERON:0000922" label="embryo"/>
      <span end="39792" id="15314655-4712" start="39785">embryos</span>
    </annotation>
    <annotation annotator="Michael Bada" id="UBERON_Instance_201622" type="identity">
      <class id="UBERON:0000922" label="embryo"/>
      <span end="39840" id="15314655-4714" start="39833">embryos</span>
    </annotation>
    <annotation annotator="Michael Bada" id="UBERON_Instance_201624" type="identity">
      <class id="UBERON:0000922" label="embryo"/>
      <span end="39912" id="15314655-4716" start="39905">embryos</span>
    </annotation>
    <annotation annotator="Michael Bada" id="UBERON_Instance_201626" type="identity">
      <class id="UBERON:0000922" label="embryo"/>
      <span end="40006" id="15314655-4718" start="39999">embryos</span>
    </annotation>
    <annotation annotator="Michael Bada" id="UBERON_Instance_201628" type="identity">
      <class id="UBERON:0000922" label="embryo"/>
      <span end="40113" id="15314655-4720" start="40106">embryos</span>
    </annotation>
    <annotation annotator="Michael Bada" id="UBERON_Instance_201882" type="identity">
      <class id="UBERON:0000922" label="embryo"/>
      <span end="40204" id="15314655-4950" start="40197">embryos</span>
    </annotation>
    <annotation annotator="Michael Bada" id="UBERON_Instance_201630" type="identity">
      <class id="UBERON:0000922" label="embryo"/>
      <span end="40309" id="15314655-4722" start="40302">Embryos</span>
    </annotation>
    <annotation annotator="Michael Bada" id="UBERON_Instance_201884" type="identity">
      <class id="UBERON:0007132" label="head kidney"/>
      <span end="40380" id="15314655-4952" start="40367">kidney marrow</span>
    </annotation>
    <annotation annotator="Michael Bada" id="UBERON_Instance_200214" type="identity">
      <class id="UBERON:0007023" label="adult organism"/>
      <span end="40397" id="15314655-4594" start="40392">adult</span>
    </annotation>
    <annotation annotator="Michael Bada" id="UBERON_Instance_201632" type="identity">
      <class id="UBERON:0000922" label="embryo"/>
      <span end="40461" id="15314655-4724" start="40455">embryo</span>
    </annotation>
    <annotation annotator="Michael Bada" id="UBERON_Instance_201636" type="identity">
      <class id="UBERON:0000922" label="embryo"/>
      <span end="40504" id="15314655-4728" start="40497">embryos</span>
    </annotation>
    <annotation annotator="Michael Bada" id="UBERON_Instance_201634" type="identity">
      <class id="UBERON:0000922" label="embryo"/>
      <span end="40623" id="15314655-4726" start="40616">embryos</span>
    </annotation>
    <annotation annotator="Michael Bada" id="UBERON_Instance_201638" type="identity">
      <class id="UBERON:0000922" label="embryo"/>
      <span end="40764" id="15314655-4730" start="40757">embryos</span>
    </annotation>
    <graph-space id="Old Knowtator Relations"/>
  </document>
</knowtator-project>
