<?xml version="1.0" encoding="UTF-8" standalone="no"?>
<knowtator-project>
    <document id="15320950" text-file="15320950.txt">
        <annotation annotator="Michael Bada" id="UBERON_Instance_240664" type="identity">
            <class id="UBERON:0002282" label="stria vascularis of cochlear duct"/>
            <span end="755" id="15320950-5264" start="750">stria</span>
        </annotation>
        <annotation annotator="Michael Bada" id="UBERON_Instance_241376" type="identity">
            <class id="UBERON:0000479" label="tissue"/>
            <span end="815" id="15320950-5637" start="809">Tissue</span>
        </annotation>
        <annotation annotator="Michael Bada" id="UBERON_Instance_240666" type="identity">
            <class id="UBERON:0001844" label="cochlea"/>
            <span end="967" id="15320950-5266" start="960">cochlea</span>
        </annotation>
        <annotation annotator="Michael Bada" id="UBERON_Instance_241250" type="identity">
            <class id="UBERON:0028194" label="spiral prominence of cochlear duct"/>
            <span end="1008" id="15320950-5577" start="991">spiral prominence</span>
        </annotation>
        <annotation annotator="Michael Bada" id="UBERON_Instance_240668" type="identity">
            <class id="UBERON:0002282" label="stria vascularis of cochlear duct"/>
            <span end="1059" id="15320950-5268" start="1043">stria vascularis</span>
        </annotation>
        <annotation annotator="Michael Bada" id="UBERON_Instance_241276" type="identity">
            <class id="UBERON:0008832" label="outer spiral sulcus"/>
            <span end="1076" id="15320950-5601" start="1064">outer sulcus</span>
        </annotation>
        <annotation annotator="Michael Bada" id="UBERON_Instance_241252" type="identity">
            <class id="UBERON:0001852" label="endolymph"/>
            <span end="1102" id="15320950-5579" start="1093">Endolymph</span>
        </annotation>
        <annotation annotator="Michael Bada" id="UBERON_Instance_240672" type="identity">
            <class id="UBERON:0000479" label="tissue"/>
            <span end="1153" id="15320950-5270" start="1147">tissue</span>
        </annotation>
        <annotation annotator="Michael Bada" id="UBERON_Instance_240012" type="identity">
            <class id="UBERON:0002282" label="stria vascularis of cochlear duct"/>
            <span end="1404" id="15320950-5126" start="1388">Stria vascularis</span>
        </annotation>
        <annotation annotator="Michael Bada" id="UBERON_Instance_250020" type="identity">
            <class id="UBERON:0001852" label="endolymph"/>
            <span end="1602" id="15320950-5641" start="1589">Endolymphatic</span>
        </annotation>
        <annotation annotator="Michael Bada" id="UBERON_Instance_240164" type="identity">
            <class id="UBERON:0000033" label="head"/>
            <span end="2350" id="15320950-5242" start="2346">head</span>
        </annotation>
        <annotation annotator="Michael Bada" id="UBERON_Instance_240680" type="identity">
            <class id="UBERON:0012246" label="thyroid follicular lumen"/>
            <span end="2547" id="15320950-5274" start="2531">follicular lumen</span>
        </annotation>
        <annotation annotator="Michael Bada" id="UBERON_Instance_240678" type="identity">
            <class id="UBERON:0002046" label="thyroid gland"/>
            <span end="2633" id="15320950-5272" start="2620">thyroid gland</span>
        </annotation>
        <annotation annotator="Michael Bada" id="UBERON_Instance_240682" type="identity">
            <class id="UBERON:0000483" label="epithelium"/>
            <span end="2644" id="15320950-5276" start="2634">epithelial</span>
        </annotation>
        <annotation annotator="Michael Bada" id="UBERON_Instance_240684" type="identity">
            <class id="UBERON:0002279" label="vestibular aqueduct"/>
            <span end="2729" id="15320950-5278" start="2710">vestibular aqueduct</span>
        </annotation>
        <annotation annotator="Michael Bada" id="UBERON_Instance_240686" type="identity">
            <class id="UBERON:0001846" label="internal ear"/>
            <span end="2928" id="15320950-5280" start="2919">inner ear</span>
        </annotation>
        <annotation annotator="Michael Bada" id="UBERON_Instance_240688" type="identity">
            <class id="UBERON:0002046" label="thyroid gland"/>
            <span end="2946" id="15320950-5282" start="2933">thyroid gland</span>
        </annotation>
        <annotation annotator="Michael Bada" id="UBERON_Instance_240690" type="identity">
            <class id="UBERON:0002113" label="kidney"/>
            <span end="3074" id="15320950-5284" start="3068">kidney</span>
        </annotation>
        <annotation annotator="Michael Bada" id="UBERON_Instance_240692" type="identity">
            <class id="UBERON:0001911" label="mammary gland"/>
            <span end="3093" id="15320950-5286" start="3080">mammary gland</span>
        </annotation>
        <annotation annotator="Michael Bada" id="UBERON_Instance_240694" type="identity">
            <class id="UBERON:0000995" label="uterus"/>
            <span end="3106" id="15320950-5288" start="3100">uterus</span>
        </annotation>
        <annotation annotator="Michael Bada" id="UBERON_Instance_240008" type="identity">
            <class id="UBERON:0000473" label="testis"/>
            <span end="3119" id="15320950-5122" start="3113">testes</span>
        </annotation>
        <annotation annotator="Michael Bada" id="UBERON_Instance_240188" type="identity">
            <class id="UBERON:0001987" label="placenta"/>
            <span end="3137" id="15320950-5254" start="3129">placenta</span>
        </annotation>
        <annotation annotator="Michael Bada" id="UBERON_Instance_240696" type="identity">
            <class id="UBERON:0007023" label="adult organism"/>
            <span end="3185" id="15320950-5290" start="3180">adult</span>
        </annotation>
        <annotation annotator="Michael Bada" id="UBERON_Instance_140000" type="identity">
            <class id="UBERON:0000955" label="brain"/>
            <span end="3191" id="15320950-5116" start="3186">brain</span>
        </annotation>
        <annotation annotator="Michael Bada" id="UBERON_Instance_240698" type="identity">
            <class id="UBERON:0001846" label="internal ear"/>
            <span end="3292" id="15320950-5292" start="3283">inner ear</span>
        </annotation>
        <annotation annotator="Michael Bada" id="UBERON_Instance_240700" type="identity">
            <class id="UBERON:0001844" label="cochlea"/>
            <span end="3347" id="15320950-5294" start="3340">cochlea</span>
        </annotation>
        <annotation annotator="Michael Bada" id="UBERON_Instance_240246" type="identity">
            <class id="UBERON:0001862" label="vestibular labyrinth"/>
            <span end="3373" id="15320950-5256" start="3353">vestibular labyrinth</span>
        </annotation>
        <annotation annotator="Michael Bada" id="UBERON_Instance_240702" type="identity">
            <class id="UBERON:0002223" label="endolymphatic sac"/>
            <span end="3399" id="15320950-5296" start="3382">endolymphatic sac</span>
        </annotation>
        <annotation annotator="Michael Bada" id="UBERON_Instance_241256" type="identity">
            <class id="UBERON:0001852" label="endolymph"/>
            <span end="4300" id="15320950-5581" start="4287">endolymphatic</span>
        </annotation>
        <annotation annotator="Michael Bada" id="UBERON_Instance_241258" type="identity">
            <class id="UBERON:0001845" label="perilymph"/>
            <span end="4318" id="15320950-5583" start="4305">perilymphatic</span>
        </annotation>
        <annotation annotator="Michael Bada" id="UBERON_Instance_240176" type="identity">
            <class id="UBERON:0007023" label="adult organism"/>
            <span end="4365" id="15320950-5246" start="4360">adult</span>
        </annotation>
        <annotation annotator="Michael Bada" id="UBERON_Instance_240186" type="identity">
            <class id="UBERON:0010166" label="coat of hair"/>
            <span end="4761" id="15320950-5252" start="4757">coat</span>
        </annotation>
        <annotation annotator="Michael Bada" id="UBERON_Instance_272" type="identity">
            <class id="UBERON:0000948" label="heart"/>
            <span end="5424" id="15320950-5684" start="5415">cardially</span>
        </annotation>
        <annotation annotator="Michael Bada" id="UBERON_Instance_240704" type="identity">
            <class id="UBERON:0001678" label="temporal bone"/>
            <span end="5537" id="15320950-5298" start="5523">Temporal bones</span>
        </annotation>
        <annotation annotator="Michael Bada" id="UBERON_Instance_240706" type="identity">
            <class id="UBERON:0001844" label="cochlea"/>
            <span end="5563" id="15320950-5300" start="5555">cochleae</span>
        </annotation>
        <annotation annotator="Michael Bada" id="UBERON_Instance_241260" type="identity">
            <class id="UBERON:0001845" label="perilymph"/>
            <span end="5586" id="15320950-5585" start="5573">perilymphatic</span>
        </annotation>
        <annotation annotator="Michael Bada" id="UBERON_Instance_250022" type="identity">
            <class id="UBERON:0006723" label="cochlear modiolus"/>
            <span end="5710" id="15320950-5643" start="5702">modiolar</span>
        </annotation>
        <annotation annotator="Michael Bada" id="UBERON_Instance_240708" type="identity">
            <class id="UBERON:0001977" label="serum"/>
            <span end="5835" id="15320950-5302" start="5830">serum</span>
        </annotation>
        <annotation annotator="Michael Bada" id="UBERON_Instance_240710" type="identity">
            <class id="UBERON:0002113" label="kidney"/>
            <span end="7112" id="15320950-5304" start="7105">Kidneys</span>
        </annotation>
        <annotation annotator="Michael Bada" id="UBERON_Instance_160002" type="identity">
            <class id="UBERON:0000955" label="brain"/>
            <span end="7122" id="15320950-5118" start="7117">brain</span>
        </annotation>
        <annotation annotator="Michael Bada" id="UBERON_Instance_240712" type="identity">
            <class id="UBERON:0001678" label="temporal bone"/>
            <span end="7179" id="15320950-5306" start="7165">Temporal bones</span>
        </annotation>
        <annotation annotator="Michael Bada" id="UBERON_Instance_240714" type="identity">
            <class id="UBERON:0001846" label="internal ear"/>
            <span end="7226" id="15320950-5308" start="7217">inner ear</span>
        </annotation>
        <annotation annotator="Michael Bada" id="UBERON_Instance_240716" type="identity">
            <class id="UBERON:0000479" label="tissue"/>
            <span end="7234" id="15320950-5310" start="7227">tissues</span>
        </annotation>
        <annotation annotator="Michael Bada" id="UBERON_Instance_240010" type="identity">
            <class id="UBERON:0002282" label="stria vascularis of cochlear duct"/>
            <span end="7289" id="15320950-5124" start="7273">stria vascularis</span>
        </annotation>
        <annotation annotator="Michael Bada" id="UBERON_Instance_240718" type="identity">
            <class id="UBERON:0006725" label="spiral ligament"/>
            <span end="7313" id="15320950-5312" start="7298">spiral ligament</span>
        </annotation>
        <annotation annotator="Michael Bada" id="UBERON_Instance_240720" type="identity">
            <class id="UBERON:0000395" label="cochlear ganglion"/>
            <span end="7337" id="15320950-5314" start="7323">spiral ganglia</span>
        </annotation>
        <annotation annotator="Michael Bada" id="UBERON_Instance_240724" type="identity">
            <class id="UBERON:0002227" label="spiral organ of cochlea"/>
            <span end="7391" id="15320950-5316" start="7377">organ of Corti</span>
        </annotation>
        <annotation annotator="Michael Bada" id="UBERON_Instance_240726" type="identity">
            <class id="UBERON:0000479" label="tissue"/>
            <span end="7480" id="15320950-5318" start="7473">tissues</span>
        </annotation>
        <annotation annotator="Michael Bada" id="UBERON_Instance_250024" type="identity">
            <class id="UBERON:0002280" label="otolith"/>
            <span end="7610" id="15320950-5645" start="7602">otoconia</span>
        </annotation>
        <annotation annotator="Michael Bada" id="UBERON_Instance_240728" type="identity">
            <class id="UBERON:0002214" label="macula of utricle of membranous labyrinth"/>
            <span end="7634" id="15320950-5320" start="7618">utricular macula</span>
        </annotation>
        <annotation annotator="Michael Bada" id="UBERON_Instance_240730" type="identity">
            <class id="UBERON:0002113" label="kidney"/>
            <span end="7822" id="15320950-5322" start="7815">kidneys</span>
        </annotation>
        <annotation annotator="Michael Bada" id="UBERON_Instance_230004" type="identity">
            <class id="UBERON:0000955" label="brain"/>
            <span end="7832" id="15320950-5120" start="7827">brain</span>
        </annotation>
        <annotation annotator="Michael Bada" id="UBERON_Instance_240732" type="identity">
            <class id="UBERON:0002282" label="stria vascularis of cochlear duct"/>
            <span end="7976" id="15320950-5324" start="7960">stria vascularis</span>
        </annotation>
        <annotation annotator="Michael Bada" id="UBERON_Instance_240734" type="identity">
            <class id="UBERON:0000395" label="cochlear ganglion"/>
            <span end="7995" id="15320950-5326" start="7981">spiral ganglia</span>
        </annotation>
        <annotation annotator="Michael Bada" id="UBERON_Instance_240736" type="identity">
            <class id="UBERON:0000479" label="tissue"/>
            <span end="9652" id="15320950-5328" start="9646">tissue</span>
        </annotation>
        <annotation annotator="Michael Bada" id="UBERON_Instance_240738" type="identity">
            <class id="UBERON:0001846" label="internal ear"/>
            <span end="9696" id="15320950-5330" start="9687">inner ear</span>
        </annotation>
        <annotation annotator="Michael Bada" id="UBERON_Instance_240014" type="identity">
            <class id="UBERON:0002282" label="stria vascularis of cochlear duct"/>
            <span end="9881" id="15320950-5128" start="9865">Stria vascularis</span>
        </annotation>
        <annotation annotator="Michael Bada" id="UBERON_Instance_240740" type="identity">
            <class id="UBERON:0006725" label="spiral ligament"/>
            <span end="9905" id="15320950-5332" start="9890">spiral ligament</span>
        </annotation>
        <annotation annotator="Michael Bada" id="UBERON_Instance_240742" type="identity">
            <class id="UBERON:0002282" label="stria vascularis of cochlear duct"/>
            <span end="9970" id="15320950-5334" start="9965">stria</span>
        </annotation>
        <annotation annotator="Michael Bada" id="UBERON_Instance_240744" type="identity">
            <class id="UBERON:0000483" label="epithelium"/>
            <span end="9990" id="15320950-5336" start="9980">epithelium</span>
        </annotation>
        <annotation annotator="Michael Bada" id="UBERON_Instance_240746" type="identity">
            <class id="UBERON:0000483" label="epithelium"/>
            <span end="10124" id="15320950-5338" start="10114">epithelium</span>
        </annotation>
        <annotation annotator="Michael Bada" id="UBERON_Instance_241378" type="identity">
            <class id="UBERON:0001852" label="endolymph"/>
            <span end="10671" id="15320950-5639" start="10658">endolymphatic</span>
        </annotation>
        <annotation annotator="Michael Bada" id="UBERON_Instance_240748" type="identity">
            <class id="UBERON:0002226" label="basilar membrane of cochlea"/>
            <span end="10830" id="15320950-5340" start="10814">basilar membrane</span>
        </annotation>
        <annotation annotator="Michael Bada" id="UBERON_Instance_240016" type="identity">
            <class id="UBERON:0002282" label="stria vascularis of cochlear duct"/>
            <span end="10903" id="15320950-5130" start="10887">stria vascularis</span>
        </annotation>
        <annotation annotator="Michael Bada" id="UBERON_Instance_240752" type="identity">
            <class id="UBERON:0001844" label="cochlea"/>
            <span end="11482" id="15320950-5342" start="11475">cochlea</span>
        </annotation>
        <annotation annotator="Michael Bada" id="UBERON_Instance_240754" type="identity">
            <class id="UBERON:0001969" label="blood plasma"/>
            <span end="11490" id="15320950-5344" start="11484">Plasma</span>
        </annotation>
        <annotation annotator="Michael Bada" id="UBERON_Instance_240756" type="identity">
            <class id="UBERON:0000178" label="blood"/>
            <span end="11536" id="15320950-5346" start="11531">blood</span>
        </annotation>
        <annotation annotator="Michael Bada" id="UBERON_Instance_240758" type="identity">
            <class id="UBERON:0001844" label="cochlea"/>
            <span end="11782" id="15320950-5348" start="11775">cochlea</span>
        </annotation>
        <annotation annotator="Michael Bada" id="UBERON_Instance_240760" type="identity">
            <class id="UBERON:0028194" label="spiral prominence of cochlear duct"/>
            <span end="11890" id="15320950-5350" start="11873">spiral prominence</span>
        </annotation>
        <annotation annotator="Michael Bada" id="UBERON_Instance_240762" type="identity">
            <class id="UBERON:0000060" label="anatomical wall"/>
            <span end="11910" id="15320950-5352" start="11906">wall</span>
        </annotation>
        <annotation annotator="Michael Bada" id="UBERON_Instance_241262" type="identity">
            <class id="UBERON:0008832" label="outer spiral sulcus"/>
            <span end="11933" id="15320950-5587" start="11918">external sulcus</span>
        </annotation>
        <annotation annotator="Michael Bada" id="UBERON_Instance_240766" type="identity">
            <class id="UBERON:0001678" label="temporal bone"/>
            <span end="12082" id="15320950-5354" start="12068">temporal bones</span>
        </annotation>
        <annotation annotator="Michael Bada" id="UBERON_Instance_241264" type="identity">
            <class id="UBERON:0008832" label="outer spiral sulcus"/>
            <span end="12320" id="15320950-5589" start="12308">outer sulcus</span>
        </annotation>
        <annotation annotator="Michael Bada" id="UBERON_Instance_240770" type="identity">
            <class id="UBERON:0000483" label="epithelium"/>
            <span end="12331" id="15320950-5356" start="12321">epithelial</span>
        </annotation>
        <annotation annotator="Michael Bada" id="UBERON_Instance_241278" type="identity">
            <class id="UBERON:0028194" label="spiral prominence of cochlear duct"/>
            <span end="12449" id="15320950-5603" start="12432">spiral prominence</span>
        </annotation>
        <annotation annotator="Michael Bada" id="UBERON_Instance_240772" type="identity">
            <class id="UBERON:0000483" label="epithelium"/>
            <span end="12468" id="15320950-5358" start="12458">epithelial</span>
        </annotation>
        <annotation annotator="Michael Bada" id="UBERON_Instance_240018" type="identity">
            <class id="UBERON:0002282" label="stria vascularis of cochlear duct"/>
            <span end="12556" id="15320950-5132" start="12540">stria vascularis</span>
        </annotation>
        <annotation annotator="Michael Bada" id="UBERON_Instance_241280" type="identity">
            <class id="UBERON:0001852" label="endolymph"/>
            <span end="12677" id="15320950-5605" start="12668">endolymph</span>
        </annotation>
        <annotation annotator="Michael Bada" id="UBERON_Instance_240774" type="identity">
            <class id="UBERON:0002113" label="kidney"/>
            <span end="12752" id="15320950-5360" start="12746">kidney</span>
        </annotation>
        <annotation annotator="Michael Bada" id="UBERON_Instance_240776" type="identity">
            <class id="UBERON:0001844" label="cochlea"/>
            <span end="12779" id="15320950-5362" start="12772">cochlea</span>
        </annotation>
        <annotation annotator="Michael Bada" id="UBERON_Instance_240778" type="identity">
            <class id="UBERON:0002282" label="stria vascularis of cochlear duct"/>
            <span end="12845" id="15320950-5364" start="12839">strial</span>
        </annotation>
        <annotation annotator="Michael Bada" id="UBERON_Instance_240780" type="identity">
            <class id="UBERON:0002282" label="stria vascularis of cochlear duct"/>
            <span end="12934" id="15320950-5366" start="12929">stria</span>
        </annotation>
        <annotation annotator="Michael Bada" id="UBERON_Instance_240020" type="identity">
            <class id="UBERON:0002282" label="stria vascularis of cochlear duct"/>
            <span end="13080" id="15320950-5134" start="13064">stria vascularis</span>
        </annotation>
        <annotation annotator="Michael Bada" id="UBERON_Instance_240782" type="identity">
            <class id="UBERON:0001852" label="endolymph"/>
            <span end="13192" id="15320950-5368" start="13183">endolymph</span>
        </annotation>
        <annotation annotator="Michael Bada" id="UBERON_Instance_240784" type="identity">
            <class id="UBERON:0001844" label="cochlea"/>
            <span end="13272" id="15320950-5370" start="13265">cochlea</span>
        </annotation>
        <annotation annotator="Michael Bada" id="UBERON_Instance_240250" type="identity">
            <class id="UBERON:0001862" label="vestibular labyrinth"/>
            <span end="13297" id="15320950-5260" start="13277">vestibular labyrinth</span>
        </annotation>
        <annotation annotator="Michael Bada" id="UBERON_Instance_240786" type="identity">
            <class id="UBERON:0001844" label="cochlea"/>
            <span end="13355" id="15320950-5372" start="13348">cochlea</span>
        </annotation>
        <annotation annotator="Nicole Vasilevsky" id="UBERON+extension_classes_Instance_70014" type="identity">
            <class id="UBERON:0006106" label="cochlear canal"/>
            <span end="13394" id="15320950-5113" start="13386">cochlear</span>
            <span end="13407" id="15320950-5114" start="13403">wall</span>
        </annotation>
        <annotation annotator="Michael Bada" id="UBERON_Instance_240792" type="identity">
            <class id="UBERON:0001853" label="utricle of membranous labyrinth"/>
            <span end="13442" id="15320950-5374" start="13435">utricle</span>
        </annotation>
        <annotation annotator="Michael Bada" id="UBERON_Instance_250026" type="identity">
            <class id="UBERON:0004043" label="semicircular canal ampulla"/>
            <span end="13479" id="15320950-5647" start="13472">ampulla</span>
        </annotation>
        <annotation annotator="Michael Bada" id="UBERON_Instance_240796" type="identity">
            <class id="UBERON:0002281" label="vestibular membrane of cochlear duct"/>
            <span end="13496" id="15320950-5378" start="13494">RM</span>
        </annotation>
        <annotation annotator="Michael Bada" id="UBERON_Instance_240794" type="identity">
            <class id="UBERON:0002281" label="vestibular membrane of cochlear duct"/>
            <span end="13517" id="15320950-5376" start="13498">Reissner's membrane</span>
        </annotation>
        <annotation annotator="Michael Bada" id="UBERON_Instance_240798" type="identity">
            <class id="UBERON:0002282" label="stria vascularis of cochlear duct"/>
            <span end="13556" id="15320950-5380" start="13550">strial</span>
        </annotation>
        <annotation annotator="Michael Bada" id="UBERON_Instance_240024" type="identity">
            <class id="UBERON:0002282" label="stria vascularis of cochlear duct"/>
            <span end="13575" id="15320950-5138" start="13573">SV</span>
        </annotation>
        <annotation annotator="Michael Bada" id="UBERON_Instance_240022" type="identity">
            <class id="UBERON:0002282" label="stria vascularis of cochlear duct"/>
            <span end="13593" id="15320950-5136" start="13577">stria vascularis</span>
        </annotation>
        <annotation annotator="Michael Bada" id="UBERON_Instance_240802" type="identity">
            <class id="UBERON:0006725" label="spiral ligament"/>
            <span end="13597" id="15320950-5384" start="13595">SL</span>
        </annotation>
        <annotation annotator="Michael Bada" id="UBERON_Instance_240800" type="identity">
            <class id="UBERON:0006725" label="spiral ligament"/>
            <span end="13614" id="15320950-5382" start="13599">spiral ligament</span>
        </annotation>
        <annotation annotator="Michael Bada" id="UBERON_Instance_240810" type="identity">
            <class id="UBERON:0028194" label="spiral prominence of cochlear duct"/>
            <span end="13655" id="15320950-5388" start="13653">SP</span>
        </annotation>
        <annotation annotator="Michael Bada" id="UBERON_Instance_240808" type="identity">
            <class id="UBERON:0028194" label="spiral prominence of cochlear duct"/>
            <span end="13674" id="15320950-5386" start="13657">spiral prominence</span>
        </annotation>
        <annotation annotator="Michael Bada" id="UBERON_Instance_240812" type="identity">
            <class id="UBERON:0000483" label="epithelium"/>
            <span end="13685" id="15320950-5390" start="13675">epithelial</span>
        </annotation>
        <annotation annotator="Michael Bada" id="UBERON_Instance_241266" type="identity">
            <class id="UBERON:0008832" label="outer spiral sulcus"/>
            <span end="13725" id="15320950-5591" start="13713">outer sulcus</span>
        </annotation>
        <annotation annotator="Michael Bada" id="UBERON_Instance_240816" type="identity">
            <class id="UBERON:0000483" label="epithelium"/>
            <span end="13736" id="15320950-5392" start="13726">epithelial</span>
        </annotation>
        <annotation annotator="Michael Bada" id="UBERON_Instance_240026" type="identity">
            <class id="UBERON:0002282" label="stria vascularis of cochlear duct"/>
            <span end="13897" id="15320950-5140" start="13881">stria vascularis</span>
        </annotation>
        <annotation annotator="Michael Bada" id="UBERON_Instance_240824" type="identity">
            <class id="UBERON:0000483" label="epithelium"/>
            <span end="13942" id="15320950-5394" start="13932">epithelial</span>
        </annotation>
        <annotation annotator="Michael Bada" id="UBERON_Instance_240826" type="identity">
            <class id="UBERON:0028194" label="spiral prominence of cochlear duct"/>
            <span end="14004" id="15320950-5396" start="13987">spiral prominence</span>
        </annotation>
        <annotation annotator="Michael Bada" id="UBERON_Instance_240828" type="identity">
            <class id="UBERON:0002282" label="stria vascularis of cochlear duct"/>
            <span end="14031" id="15320950-5398" start="14015">stria vascularis</span>
        </annotation>
        <annotation annotator="Michael Bada" id="UBERON_Instance_240830" type="identity">
            <class id="UBERON:0002282" label="stria vascularis of cochlear duct"/>
            <span end="14106" id="15320950-5400" start="14100">strial</span>
        </annotation>
        <annotation annotator="Michael Bada" id="UBERON_Instance_240028" type="identity">
            <class id="UBERON:0002282" label="stria vascularis of cochlear duct"/>
            <span end="14239" id="15320950-5142" start="14223">stria vascularis</span>
        </annotation>
        <annotation annotator="Michael Bada" id="UBERON_Instance_240832" type="identity">
            <class id="UBERON:0000483" label="epithelium"/>
            <span end="14359" id="15320950-5402" start="14349">epithelial</span>
        </annotation>
        <annotation annotator="Michael Bada" id="UBERON_Instance_240030" type="identity">
            <class id="UBERON:0002282" label="stria vascularis of cochlear duct"/>
            <span end="14385" id="15320950-5144" start="14369">stria vascularis</span>
        </annotation>
        <annotation annotator="Michael Bada" id="UBERON_Instance_240834" type="identity">
            <class id="UBERON:0002282" label="stria vascularis of cochlear duct"/>
            <span end="14404" id="15320950-5404" start="14398">strial</span>
        </annotation>
        <annotation annotator="Michael Bada" id="UBERON_Instance_240836" type="identity">
            <class id="UBERON:0028194" label="spiral prominence of cochlear duct"/>
            <span end="14466" id="15320950-5406" start="14449">spiral prominence</span>
        </annotation>
        <annotation annotator="Michael Bada" id="UBERON_Instance_240838" type="identity">
            <class id="UBERON:0002281" label="vestibular membrane of cochlear duct"/>
            <span end="14490" id="15320950-5408" start="14471">Reissner's membrane</span>
        </annotation>
        <annotation annotator="Michael Bada" id="UBERON_Instance_240252" type="identity">
            <class id="UBERON:0001862" label="vestibular labyrinth"/>
            <span end="14552" id="15320950-5262" start="14532">vestibular labyrinth</span>
        </annotation>
        <annotation annotator="Michael Bada" id="UBERON_Instance_240842" type="identity">
            <class id="UBERON:0001853" label="utricle of membranous labyrinth"/>
            <span end="14795" id="15320950-5410" start="14788">utricle</span>
        </annotation>
        <annotation annotator="Michael Bada" id="UBERON_Instance_250036" type="identity">
            <class id="UBERON:0004043" label="semicircular canal ampulla"/>
            <span end="14808" id="15320950-5649" start="14800">ampullae</span>
        </annotation>
        <annotation annotator="Michael Bada" id="UBERON_Instance_240848" type="identity">
            <class id="UBERON:0001846" label="internal ear"/>
            <span end="15186" id="15320950-5412" start="15177">inner ear</span>
        </annotation>
        <annotation annotator="Michael Bada" id="UBERON_Instance_240174" type="identity">
            <class id="UBERON:0000922" label="embryo"/>
            <span end="15222" id="15320950-5244" start="15213">embryonic</span>
        </annotation>
        <annotation annotator="Michael Bada" id="UBERON_Instance_240850" type="identity">
            <class id="UBERON:0001846" label="internal ear"/>
            <span end="15297" id="15320950-5414" start="15287">inner ears</span>
        </annotation>
        <annotation annotator="Michael Bada" id="UBERON_Instance_240852" type="identity">
            <class id="UBERON:0011078" label="endolymphatic space"/>
            <span end="15435" id="15320950-5416" start="15416">endolymphatic space</span>
        </annotation>
        <annotation annotator="Michael Bada" id="UBERON_Instance_240180" type="identity">
            <class id="UBERON:0000113" label="post-juvenile adult stage"/>
            <span end="15464" id="15320950-5248" start="15455">adulthood</span>
        </annotation>
        <annotation annotator="Michael Bada" id="UBERON_Instance_240856" type="identity">
            <class id="UBERON:0001844" label="cochlea"/>
            <span end="15519" id="15320950-5418" start="15512">cochlea</span>
        </annotation>
        <annotation annotator="Michael Bada" id="UBERON_Instance_240858" type="identity">
            <class id="UBERON:0001844" label="cochlea"/>
            <span end="15660" id="15320950-5420" start="15652">cochlear</span>
        </annotation>
        <annotation annotator="Michael Bada" id="UBERON_Instance_240862" type="identity">
            <class id="UBERON:0001860" label="endolymphatic duct"/>
            <span end="15770" id="15320950-5422" start="15752">endolymphatic duct</span>
        </annotation>
        <annotation annotator="Michael Bada" id="UBERON_Instance_250038" type="identity">
            <class id="UBERON:0001852" label="endolymph"/>
            <span end="15794" id="15320950-5651" start="15781">endolymphatic</span>
        </annotation>
        <annotation annotator="Michael Bada" id="UBERON_Instance_250040" type="identity">
            <class id="UBERON:0001852" label="endolymph"/>
            <span end="16158" id="15320950-5653" start="16145">endolymphatic</span>
        </annotation>
        <annotation annotator="Michael Bada" id="UBERON_Instance_250042" type="identity">
            <class id="UBERON:0001852" label="endolymph"/>
            <span end="16314" id="15320950-5655" start="16301">endolymphatic</span>
        </annotation>
        <annotation annotator="Michael Bada" id="UBERON_Instance_240182" type="identity">
            <class id="UBERON:0007023" label="adult organism"/>
            <span end="16351" id="15320950-5250" start="16346">adult</span>
        </annotation>
        <annotation annotator="Michael Bada" id="UBERON_Instance_250044" type="identity">
            <class id="UBERON:0001845" label="perilymph"/>
            <span end="16467" id="15320950-5657" start="16454">perilymphatic</span>
        </annotation>
        <annotation annotator="Michael Bada" id="UBERON_Instance_240872" type="identity">
            <class id="UBERON:0001969" label="blood plasma"/>
            <span end="16487" id="15320950-5424" start="16481">plasma</span>
        </annotation>
        <annotation annotator="Michael Bada" id="UBERON_Instance_240032" type="identity">
            <class id="UBERON:0002282" label="stria vascularis of cochlear duct"/>
            <span end="16935" id="15320950-5146" start="16919">stria vascularis</span>
        </annotation>
        <annotation annotator="Michael Bada" id="UBERON_Instance_240874" type="identity">
            <class id="UBERON:0001852" label="endolymph"/>
            <span end="17031" id="15320950-5426" start="17022">endolymph</span>
        </annotation>
        <annotation annotator="Michael Bada" id="UBERON_Instance_240876" type="identity">
            <class id="UBERON:0001845" label="perilymph"/>
            <span end="17045" id="15320950-5428" start="17036">perilymph</span>
        </annotation>
        <annotation annotator="Michael Bada" id="UBERON_Instance_240878" type="identity">
            <class id="UBERON:0002819" label="apex of cochlea"/>
            <span end="17057" id="15320950-5430" start="17053">apex</span>
            <span end="17077" id="15320950-5431" start="17075">of</span>
            <span end="17089" id="15320950-5432" start="17082">cochlea</span>
        </annotation>
        <annotation annotator="Michael Bada" id="UBERON_Instance_250110" type="identity">
            <class id="UBERON:0002819" label="apex of cochlea"/>
            <span end="17060" id="15320950-5676" start="17059">A</span>
            <span end="17077" id="15320950-5677" start="17075">of</span>
            <span end="17089" id="15320950-5678" start="17082">cochlea</span>
        </annotation>
        <annotation annotator="Michael Bada" id="UBERON_Instance_240880" type="identity">
            <class id="UBERON:0014626" label="base of cochlear canal"/>
            <span end="17070" id="15320950-5434" start="17066">base</span>
            <span end="17077" id="15320950-5435" start="17075">of</span>
            <span end="17089" id="15320950-5436" start="17082">cochlea</span>
        </annotation>
        <annotation annotator="Michael Bada" id="UBERON_Instance_250112" type="identity">
            <class id="UBERON:0014626" label="base of cochlear canal"/>
            <span end="17073" id="15320950-5680" start="17072">B</span>
            <span end="17077" id="15320950-5681" start="17075">of</span>
            <span end="17089" id="15320950-5682" start="17082">cochlea</span>
        </annotation>
        <annotation annotator="Michael Bada" id="UBERON_Instance_240034" type="identity">
            <class id="UBERON:0002282" label="stria vascularis of cochlear duct"/>
            <span end="17187" id="15320950-5148" start="17171">stria vascularis</span>
        </annotation>
        <annotation annotator="Michael Bada" id="UBERON_Instance_240036" type="identity">
            <class id="UBERON:0002282" label="stria vascularis of cochlear duct"/>
            <span end="17250" id="15320950-5150" start="17234">stria vascularis</span>
        </annotation>
        <annotation annotator="Michael Bada" id="UBERON_Instance_250046" type="identity">
            <class id="UBERON:0005411" label="bony otic capsule"/>
            <span end="17278" id="15320950-5659" start="17263">bony capsule of</span>
            <span end="17290" id="15320950-5660" start="17283">cochlea</span>
        </annotation>
        <annotation annotator="Michael Bada" id="UBERON_Instance_241292" type="identity">
            <class id="UBERON:0002501" label="oval window"/>
            <span end="17294" id="15320950-5609" start="17292">OW</span>
        </annotation>
        <annotation annotator="Michael Bada" id="UBERON_Instance_241290" type="identity">
            <class id="UBERON:0002501" label="oval window"/>
            <span end="17307" id="15320950-5607" start="17296">oval window</span>
        </annotation>
        <annotation annotator="Michael Bada" id="UBERON_Instance_241296" type="identity">
            <class id="UBERON:0002502" label="round window of inner ear"/>
            <span end="17311" id="15320950-5613" start="17309">RW</span>
        </annotation>
        <annotation annotator="Michael Bada" id="UBERON_Instance_241294" type="identity">
            <class id="UBERON:0002502" label="round window of inner ear"/>
            <span end="17325" id="15320950-5611" start="17313">round window</span>
        </annotation>
        <annotation annotator="Michael Bada" id="UBERON_Instance_240038" type="identity">
            <class id="UBERON:0002282" label="stria vascularis of cochlear duct"/>
            <span end="17351" id="15320950-5152" start="17335">stria vascularis</span>
        </annotation>
        <annotation annotator="Michael Bada" id="UBERON_Instance_240040" type="identity">
            <class id="UBERON:0002282" label="stria vascularis of cochlear duct"/>
            <span end="17390" id="15320950-5154" start="17374">stria vascularis</span>
        </annotation>
        <annotation annotator="Michael Bada" id="UBERON_Instance_240042" type="identity">
            <class id="UBERON:0002282" label="stria vascularis of cochlear duct"/>
            <span end="17582" id="15320950-5156" start="17566">stria vascularis</span>
        </annotation>
        <annotation annotator="Michael Bada" id="UBERON_Instance_240884" type="identity">
            <class id="UBERON:0006106" label="cochlear canal"/>
            <span end="17605" id="15320950-5438" start="17598">wall of</span>
            <span end="17617" id="15320950-5439" start="17610">cochlea</span>
        </annotation>
        <annotation annotator="Michael Bada" id="UBERON_Instance_240044" type="identity">
            <class id="UBERON:0002282" label="stria vascularis of cochlear duct"/>
            <span end="17703" id="15320950-5158" start="17687">stria vascularis</span>
        </annotation>
        <annotation annotator="Michael Bada" id="UBERON_Instance_240046" type="identity">
            <class id="UBERON:0002282" label="stria vascularis of cochlear duct"/>
            <span end="17875" id="15320950-5160" start="17859">stria vascularis</span>
        </annotation>
        <annotation annotator="Michael Bada" id="UBERON_Instance_240886" type="identity">
            <class id="UBERON:0001852" label="endolymph"/>
            <span end="17916" id="15320950-5441" start="17907">endolymph</span>
        </annotation>
        <annotation annotator="Michael Bada" id="UBERON_Instance_241298" type="identity">
            <class id="UBERON:0002282" label="stria vascularis of cochlear duct"/>
            <span end="17951" id="15320950-5615" start="17945">strial</span>
        </annotation>
        <annotation annotator="Michael Bada" id="UBERON_Instance_240890" type="identity">
            <class id="UBERON:0001852" label="endolymph"/>
            <span end="17972" id="15320950-5443" start="17963">endolymph</span>
        </annotation>
        <annotation annotator="Michael Bada" id="UBERON_Instance_240048" type="identity">
            <class id="UBERON:0002282" label="stria vascularis of cochlear duct"/>
            <span end="18210" id="15320950-5162" start="18194">stria vascularis</span>
        </annotation>
        <annotation annotator="Michael Bada" id="UBERON_Instance_240050" type="identity">
            <class id="UBERON:0002282" label="stria vascularis of cochlear duct"/>
            <span end="18351" id="15320950-5164" start="18335">stria vascularis</span>
        </annotation>
        <annotation annotator="Michael Bada" id="UBERON_Instance_240052" type="identity">
            <class id="UBERON:0002282" label="stria vascularis of cochlear duct"/>
            <span end="18435" id="15320950-5166" start="18419">stria vascularis</span>
        </annotation>
        <annotation annotator="Michael Bada" id="UBERON_Instance_240054" type="identity">
            <class id="UBERON:0002282" label="stria vascularis of cochlear duct"/>
            <span end="18565" id="15320950-5168" start="18549">stria vascularis</span>
        </annotation>
        <annotation annotator="Michael Bada" id="UBERON_Instance_240056" type="identity">
            <class id="UBERON:0002282" label="stria vascularis of cochlear duct"/>
            <span end="18770" id="15320950-5170" start="18754">stria vascularis</span>
        </annotation>
        <annotation annotator="Michael Bada" id="UBERON_Instance_240892" type="identity">
            <class id="UBERON:0000395" label="cochlear ganglion"/>
            <span end="18789" id="15320950-5445" start="18775">spiral ganglia</span>
        </annotation>
        <annotation annotator="Michael Bada" id="UBERON_Instance_240894" type="identity">
            <class id="UBERON:0000479" label="tissue"/>
            <span end="18910" id="15320950-5447" start="18903">tissues</span>
        </annotation>
        <annotation annotator="Michael Bada" id="UBERON_Instance_240058" type="identity">
            <class id="UBERON:0002282" label="stria vascularis of cochlear duct"/>
            <span end="19018" id="15320950-5172" start="19002">stria vascularis</span>
        </annotation>
        <annotation annotator="Michael Bada" id="UBERON_Instance_240896" type="identity">
            <class id="UBERON:0000395" label="cochlear ganglion"/>
            <span end="19238" id="15320950-5449" start="19224">spiral ganglia</span>
        </annotation>
        <annotation annotator="Michael Bada" id="UBERON_Instance_240060" type="identity">
            <class id="UBERON:0002282" label="stria vascularis of cochlear duct"/>
            <span end="19527" id="15320950-5174" start="19511">stria vascularis</span>
        </annotation>
        <annotation annotator="Michael Bada" id="UBERON_Instance_240898" type="identity">
            <class id="UBERON:0000395" label="cochlear ganglion"/>
            <span end="19546" id="15320950-5451" start="19532">spiral ganglia</span>
        </annotation>
        <annotation annotator="Michael Bada" id="UBERON_Instance_240062" type="identity">
            <class id="UBERON:0002282" label="stria vascularis of cochlear duct"/>
            <span end="19748" id="15320950-5176" start="19732">stria vascularis</span>
        </annotation>
        <annotation annotator="Michael Bada" id="UBERON_Instance_240900" type="identity">
            <class id="UBERON:0000395" label="cochlear ganglion"/>
            <span end="19767" id="15320950-5453" start="19753">spiral ganglia</span>
        </annotation>
        <annotation annotator="Michael Bada" id="UBERON_Instance_240064" type="identity">
            <class id="UBERON:0002282" label="stria vascularis of cochlear duct"/>
            <span end="19866" id="15320950-5178" start="19850">stria vascularis</span>
        </annotation>
        <annotation annotator="Michael Bada" id="UBERON_Instance_240902" type="identity">
            <class id="UBERON:0000395" label="cochlear ganglion"/>
            <span end="19893" id="15320950-5455" start="19879">spiral ganglia</span>
        </annotation>
        <annotation annotator="Michael Bada" id="UBERON_Instance_240904" type="identity">
            <class id="UBERON:0000395" label="cochlear ganglion"/>
            <span end="19963" id="15320950-5457" start="19949">spiral ganglia</span>
        </annotation>
        <annotation annotator="Michael Bada" id="UBERON_Instance_240066" type="identity">
            <class id="UBERON:0002282" label="stria vascularis of cochlear duct"/>
            <span end="19992" id="15320950-5180" start="19976">stria vascularis</span>
        </annotation>
        <annotation annotator="Michael Bada" id="UBERON_Instance_240068" type="identity">
            <class id="UBERON:0002282" label="stria vascularis of cochlear duct"/>
            <span end="20060" id="15320950-5182" start="20044">stria vascularis</span>
        </annotation>
        <annotation annotator="Michael Bada" id="UBERON_Instance_240906" type="identity">
            <class id="UBERON:0000395" label="cochlear ganglion"/>
            <span end="20103" id="15320950-5459" start="20089">spiral ganglia</span>
        </annotation>
        <annotation annotator="Michael Bada" id="UBERON_Instance_240908" type="identity">
            <class id="UBERON:0000395" label="cochlear ganglion"/>
            <span end="20161" id="15320950-5461" start="20147">spiral ganglia</span>
        </annotation>
        <annotation annotator="Michael Bada" id="UBERON_Instance_240070" type="identity">
            <class id="UBERON:0002282" label="stria vascularis of cochlear duct"/>
            <span end="20205" id="15320950-5184" start="20189">stria vascularis</span>
        </annotation>
        <annotation annotator="Michael Bada" id="UBERON_Instance_240072" type="identity">
            <class id="UBERON:0002282" label="stria vascularis of cochlear duct"/>
            <span end="20345" id="15320950-5186" start="20329">stria vascularis</span>
        </annotation>
        <annotation annotator="Michael Bada" id="UBERON_Instance_240910" type="identity">
            <class id="UBERON:0000395" label="cochlear ganglion"/>
            <span end="20364" id="15320950-5463" start="20350">spiral ganglia</span>
        </annotation>
        <annotation annotator="Michael Bada" id="UBERON_Instance_240074" type="identity">
            <class id="UBERON:0002282" label="stria vascularis of cochlear duct"/>
            <span end="20483" id="15320950-5188" start="20467">stria vascularis</span>
        </annotation>
        <annotation annotator="Michael Bada" id="UBERON_Instance_240912" type="identity">
            <class id="UBERON:0000395" label="cochlear ganglion"/>
            <span end="20502" id="15320950-5465" start="20488">spiral ganglia</span>
        </annotation>
        <annotation annotator="Michael Bada" id="UBERON_Instance_240076" type="identity">
            <class id="UBERON:0002282" label="stria vascularis of cochlear duct"/>
            <span end="20601" id="15320950-5190" start="20585">stria vascularis</span>
        </annotation>
        <annotation annotator="Michael Bada" id="UBERON_Instance_250048" type="identity">
            <class id="UBERON:0002280" label="otolith"/>
            <span end="20970" id="15320950-5662" start="20962">otoconia</span>
        </annotation>
        <annotation annotator="Michael Bada" id="UBERON_Instance_240918" type="identity">
            <class id="UBERON:0002214" label="macula of utricle of membranous labyrinth"/>
            <span end="20994" id="15320950-5471" start="20978">utricular macula</span>
        </annotation>
        <annotation annotator="Michael Bada" id="UBERON_Instance_250050" type="identity">
            <class id="UBERON:0004721" label="crista ampullaris"/>
            <span end="21005" id="15320950-5664" start="21004">A</span>
        </annotation>
        <annotation annotator="Michael Bada" id="UBERON_Instance_240914" type="identity">
            <class id="UBERON:0004721" label="crista ampullaris"/>
            <span end="21024" id="15320950-5467" start="21007">crista ampullaris</span>
        </annotation>
        <annotation annotator="Michael Bada" id="UBERON_Instance_250052" type="identity">
            <class id="UBERON:0002214" label="macula of utricle of membranous labyrinth"/>
            <span end="21027" id="15320950-5666" start="21026">U</span>
        </annotation>
        <annotation annotator="Michael Bada" id="UBERON_Instance_240916" type="identity">
            <class id="UBERON:0002214" label="macula of utricle of membranous labyrinth"/>
            <span end="21045" id="15320950-5469" start="21029">utricular macula</span>
        </annotation>
        <annotation annotator="Michael Bada" id="UBERON_Instance_240080" type="identity">
            <class id="UBERON:0002282" label="stria vascularis of cochlear duct"/>
            <span end="21228" id="15320950-5194" start="21226">SV</span>
        </annotation>
        <annotation annotator="Michael Bada" id="UBERON_Instance_240078" type="identity">
            <class id="UBERON:0002282" label="stria vascularis of cochlear duct"/>
            <span end="21246" id="15320950-5192" start="21230">stria vascularis</span>
        </annotation>
        <annotation annotator="Michael Bada" id="UBERON_Instance_240922" type="identity">
            <class id="UBERON:0000395" label="cochlear ganglion"/>
            <span end="21250" id="15320950-5475" start="21248">SG</span>
        </annotation>
        <annotation annotator="Michael Bada" id="UBERON_Instance_240920" type="identity">
            <class id="UBERON:0000395" label="cochlear ganglion"/>
            <span end="21266" id="15320950-5473" start="21252">spiral ganglia</span>
        </annotation>
        <annotation annotator="Michael Bada" id="UBERON_Instance_240082" type="identity">
            <class id="UBERON:0002282" label="stria vascularis of cochlear duct"/>
            <span end="21414" id="15320950-5196" start="21398">stria vascularis</span>
        </annotation>
        <annotation annotator="Michael Bada" id="UBERON_Instance_240084" type="identity">
            <class id="UBERON:0002282" label="stria vascularis of cochlear duct"/>
            <span end="21674" id="15320950-5198" start="21658">stria vascularis</span>
        </annotation>
        <annotation annotator="Michael Bada" id="UBERON_Instance_240924" type="identity">
            <class id="UBERON:0000395" label="cochlear ganglion"/>
            <span end="21703" id="15320950-5477" start="21689">spiral ganglia</span>
        </annotation>
        <annotation annotator="Michael Bada" id="UBERON_Instance_240086" type="identity">
            <class id="UBERON:0002282" label="stria vascularis of cochlear duct"/>
            <span end="21770" id="15320950-5200" start="21754">stria vascularis</span>
        </annotation>
        <annotation annotator="Michael Bada" id="UBERON_Instance_240926" type="identity">
            <class id="UBERON:0001844" label="cochlea"/>
            <span end="21897" id="15320950-5479" start="21890">cochlea</span>
        </annotation>
        <annotation annotator="Michael Bada" id="UBERON_Instance_240928" type="identity">
            <class id="UBERON:0001844" label="cochlea"/>
            <span end="21955" id="15320950-5481" start="21948">cochlea</span>
        </annotation>
        <annotation annotator="Michael Bada" id="UBERON_Instance_240930" type="identity">
            <class id="UBERON:0002295" label="scala media"/>
            <span end="22022" id="15320950-5483" start="22011">scala media</span>
        </annotation>
        <annotation annotator="Michael Bada" id="UBERON_Instance_240932" type="identity">
            <class id="UBERON:0002281" label="vestibular membrane of cochlear duct"/>
            <span end="22060" id="15320950-5485" start="22041">Reissner's membrane</span>
        </annotation>
        <annotation annotator="Michael Bada" id="UBERON_Instance_240934" type="identity">
            <class id="UBERON:0000060" label="anatomical wall"/>
            <span end="22089" id="15320950-5487" start="22085">wall</span>
        </annotation>
        <annotation annotator="Michael Bada" id="UBERON_Instance_240936" type="identity">
            <class id="UBERON:0000395" label="cochlear ganglion"/>
            <span end="22108" id="15320950-5489" start="22094">spiral ganglia</span>
        </annotation>
        <annotation annotator="Michael Bada" id="UBERON_Instance_240088" type="identity">
            <class id="UBERON:0002282" label="stria vascularis of cochlear duct"/>
            <span end="22220" id="15320950-5202" start="22204">stria vascularis</span>
        </annotation>
        <annotation annotator="Michael Bada" id="UBERON_Instance_240938" type="identity">
            <class id="UBERON:0000395" label="cochlear ganglion"/>
            <span end="22253" id="15320950-5491" start="22238">spiral ganglion</span>
        </annotation>
        <annotation annotator="Michael Bada" id="UBERON_Instance_240946" type="identity">
            <class id="UBERON:0002281" label="vestibular membrane of cochlear duct"/>
            <span end="22263" id="15320950-5499" start="22261">RM</span>
        </annotation>
        <annotation annotator="Michael Bada" id="UBERON_Instance_240944" type="identity">
            <class id="UBERON:0002281" label="vestibular membrane of cochlear duct"/>
            <span end="22284" id="15320950-5497" start="22265">Reissner's membrane</span>
        </annotation>
        <annotation annotator="Michael Bada" id="UBERON_Instance_240090" type="identity">
            <class id="UBERON:0002282" label="stria vascularis of cochlear duct"/>
            <span end="22288" id="15320950-5204" start="22286">SV</span>
        </annotation>
        <annotation annotator="Michael Bada" id="UBERON_Instance_240092" type="identity">
            <class id="UBERON:0002282" label="stria vascularis of cochlear duct"/>
            <span end="22306" id="15320950-5206" start="22290">stria vascularis</span>
        </annotation>
        <annotation annotator="Michael Bada" id="UBERON_Instance_240950" type="identity">
            <class id="UBERON:0028194" label="spiral prominence of cochlear duct"/>
            <span end="22310" id="15320950-5503" start="22308">SP</span>
        </annotation>
        <annotation annotator="Michael Bada" id="UBERON_Instance_240948" type="identity">
            <class id="UBERON:0028194" label="spiral prominence of cochlear duct"/>
            <span end="22329" id="15320950-5501" start="22312">spiral prominence</span>
        </annotation>
        <annotation annotator="Michael Bada" id="UBERON_Instance_240954" type="identity">
            <class id="UBERON:0006725" label="spiral ligament"/>
            <span end="22333" id="15320950-5507" start="22331">SL</span>
        </annotation>
        <annotation annotator="Michael Bada" id="UBERON_Instance_240952" type="identity">
            <class id="UBERON:0006725" label="spiral ligament"/>
            <span end="22350" id="15320950-5505" start="22335">spiral ligament</span>
        </annotation>
        <annotation annotator="Michael Bada" id="UBERON_Instance_240942" type="identity">
            <class id="UBERON:0000395" label="cochlear ganglion"/>
            <span end="22374" id="15320950-5495" start="22372">SG</span>
        </annotation>
        <annotation annotator="Michael Bada" id="UBERON_Instance_240940" type="identity">
            <class id="UBERON:0000395" label="cochlear ganglion"/>
            <span end="22391" id="15320950-5493" start="22376">spiral ganglion</span>
        </annotation>
        <annotation annotator="Michael Bada" id="UBERON_Instance_240960" type="identity">
            <class id="UBERON:0002295" label="scala media"/>
            <span end="22472" id="15320950-5509" start="22461">scala media</span>
        </annotation>
        <annotation annotator="Michael Bada" id="UBERON_Instance_240962" type="identity">
            <class id="UBERON:0002281" label="vestibular membrane of cochlear duct"/>
            <span end="22516" id="15320950-5511" start="22497">Reissner's membrane</span>
        </annotation>
        <annotation annotator="Michael Bada" id="UBERON_Instance_240964" type="identity">
            <class id="UBERON:0002227" label="spiral organ of cochlea"/>
            <span end="22567" id="15320950-5513" start="22553">organ of Corti</span>
        </annotation>
        <annotation annotator="Michael Bada" id="UBERON_Instance_240966" type="identity">
            <class id="UBERON:0000479" label="tissue"/>
            <span end="22602" id="15320950-5515" start="22596">Tissue</span>
        </annotation>
        <annotation annotator="Michael Bada" id="UBERON_Instance_240094" type="identity">
            <class id="UBERON:0002282" label="stria vascularis of cochlear duct"/>
            <span end="22629" id="15320950-5208" start="22613">stria vascularis</span>
        </annotation>
        <annotation annotator="Michael Bada" id="UBERON_Instance_240968" type="identity">
            <class id="UBERON:0000479" label="tissue"/>
            <span end="22780" id="15320950-5517" start="22774">tissue</span>
        </annotation>
        <annotation annotator="Michael Bada" id="UBERON_Instance_240970" type="identity">
            <class id="UBERON:0000479" label="tissue"/>
            <span end="22895" id="15320950-5519" start="22889">tissue</span>
        </annotation>
        <annotation annotator="Michael Bada" id="UBERON_Instance_240972" type="identity">
            <class id="UBERON:0028194" label="spiral prominence of cochlear duct"/>
            <span end="22995" id="15320950-5521" start="22978">Spiral prominence</span>
        </annotation>
        <annotation annotator="Michael Bada" id="UBERON_Instance_240974" type="identity">
            <class id="UBERON:0006725" label="spiral ligament"/>
            <span end="23050" id="15320950-5523" start="23035">spiral ligament</span>
        </annotation>
        <annotation annotator="Michael Bada" id="UBERON_Instance_240978" type="identity">
            <class id="UBERON:0000479" label="tissue"/>
            <span end="23122" id="15320950-5525" start="23116">tissue</span>
        </annotation>
        <annotation annotator="Michael Bada" id="UBERON_Instance_240982" type="identity">
            <class id="UBERON:0000395" label="cochlear ganglion"/>
            <span end="23262" id="15320950-5527" start="23248">spiral ganglia</span>
        </annotation>
        <annotation annotator="Michael Bada" id="UBERON_Instance_240096" type="identity">
            <class id="UBERON:0002282" label="stria vascularis of cochlear duct"/>
            <span end="23357" id="15320950-5210" start="23341">stria vascularis</span>
        </annotation>
        <annotation annotator="Michael Bada" id="UBERON_Instance_240984" type="identity">
            <class id="UBERON:0001844" label="cochlea"/>
            <span end="23630" id="15320950-5529" start="23622">cochlear</span>
        </annotation>
        <annotation annotator="Michael Bada" id="UBERON_Instance_240986" type="identity">
            <class id="UBERON:0000479" label="tissue"/>
            <span end="23637" id="15320950-5531" start="23631">tissue</span>
        </annotation>
        <annotation annotator="Michael Bada" id="UBERON_Instance_240098" type="identity">
            <class id="UBERON:0002282" label="stria vascularis of cochlear duct"/>
            <span end="23739" id="15320950-5212" start="23723">stria vascularis</span>
        </annotation>
        <annotation annotator="Michael Bada" id="UBERON_Instance_241300" type="identity">
            <class id="UBERON:0002282" label="stria vascularis of cochlear duct"/>
            <span end="23743" id="15320950-5617" start="23741">SV</span>
        </annotation>
        <annotation annotator="Michael Bada" id="UBERON_Instance_240988" type="identity">
            <class id="UBERON:0028194" label="spiral prominence of cochlear duct"/>
            <span end="23878" id="15320950-5533" start="23861">spiral prominence</span>
        </annotation>
        <annotation annotator="Michael Bada" id="UBERON_Instance_240990" type="identity">
            <class id="UBERON:0028194" label="spiral prominence of cochlear duct"/>
            <span end="23882" id="15320950-5535" start="23880">SP</span>
        </annotation>
        <annotation annotator="Michael Bada" id="UBERON_Instance_241270" type="identity">
            <class id="UBERON:0008832" label="outer spiral sulcus"/>
            <span end="23986" id="15320950-5595" start="23974">outer sulcus</span>
        </annotation>
        <annotation annotator="Michael Bada" id="UBERON_Instance_241268" type="identity">
            <class id="UBERON:0008832" label="outer spiral sulcus"/>
            <span end="23990" id="15320950-5593" start="23988">OS</span>
        </annotation>
        <annotation annotator="Michael Bada" id="UBERON_Instance_240100" type="identity">
            <class id="UBERON:0002282" label="stria vascularis of cochlear duct"/>
            <span end="24032" id="15320950-5214" start="24016">stria vascularis</span>
        </annotation>
        <annotation annotator="Michael Bada" id="UBERON_Instance_240994" type="identity">
            <class id="UBERON:0006725" label="spiral ligament"/>
            <span end="24062" id="15320950-5537" start="24047">spiral ligament</span>
        </annotation>
        <annotation annotator="Michael Bada" id="UBERON_Instance_240996" type="identity">
            <class id="UBERON:0006725" label="spiral ligament"/>
            <span end="24066" id="15320950-5539" start="24064">SL</span>
        </annotation>
        <annotation annotator="Michael Bada" id="UBERON_Instance_241000" type="identity">
            <class id="UBERON:0028194" label="spiral prominence of cochlear duct"/>
            <span end="24170" id="15320950-5543" start="24153">spiral prominence</span>
        </annotation>
        <annotation annotator="Michael Bada" id="UBERON_Instance_240998" type="identity">
            <class id="UBERON:0006725" label="spiral ligament"/>
            <span end="24212" id="15320950-5541" start="24197">spiral ligament</span>
        </annotation>
        <annotation annotator="Nicole Vasilevsky" id="UBERON_Instance_860088" type="identity">
            <class id="UBERON:4200230" label="surface of bone"/>
            <span end="24304" id="15320950-5686" start="24294">surface of</span>
            <span end="24313" id="15320950-5687" start="24309">bone</span>
        </annotation>
        <annotation annotator="Michael Bada" id="UBERON_Instance_241272" type="identity">
            <class id="UBERON:0008831" label="inner spiral sulcus"/>
            <span end="24364" id="15320950-5597" start="24352">inner sulcus</span>
        </annotation>
        <annotation annotator="Michael Bada" id="UBERON_Instance_241274" type="identity">
            <class id="UBERON:0008831" label="inner spiral sulcus"/>
            <span end="24368" id="15320950-5599" start="24366">IS</span>
        </annotation>
        <annotation annotator="Michael Bada" id="UBERON_Instance_241016" type="identity">
            <class id="UBERON:0002384" label="connective tissue"/>
            <span end="24476" id="15320950-5545" start="24459">connective tissue</span>
        </annotation>
        <annotation annotator="Michael Bada" id="UBERON_Instance_240102" type="identity">
            <class id="UBERON:0002282" label="stria vascularis of cochlear duct"/>
            <span end="24704" id="15320950-5216" start="24688">stria vascularis</span>
        </annotation>
        <annotation annotator="Michael Bada" id="UBERON_Instance_240104" type="identity">
            <class id="UBERON:0002282" label="stria vascularis of cochlear duct"/>
            <span end="25712" id="15320950-5218" start="25696">stria vascularis</span>
        </annotation>
        <annotation annotator="Michael Bada" id="UBERON_Instance_240106" type="identity">
            <class id="UBERON:0002282" label="stria vascularis of cochlear duct"/>
            <span end="25979" id="15320950-5220" start="25963">stria vascularis</span>
        </annotation>
        <annotation annotator="Michael Bada" id="UBERON_Instance_241302" type="identity">
            <class id="UBERON:0000483" label="epithelium"/>
            <span end="26656" id="15320950-5619" start="26646">epithelial</span>
        </annotation>
        <annotation annotator="Michael Bada" id="UBERON_Instance_241020" type="identity">
            <class id="UBERON:0028194" label="spiral prominence of cochlear duct"/>
            <span end="26687" id="15320950-5547" start="26670">spiral prominence</span>
        </annotation>
        <annotation annotator="Michael Bada" id="UBERON_Instance_241022" type="identity">
            <class id="UBERON:0000483" label="epithelium"/>
            <span end="26837" id="15320950-5549" start="26827">epithelial</span>
        </annotation>
        <annotation annotator="Michael Bada" id="UBERON_Instance_250084" type="identity">
            <class id="UBERON:0000119" label="cell layer"/>
            <span end="27202" id="15320950-5668" start="27194">layer of</span>
            <span end="27214" id="15320950-5669" start="27209">cells</span>
        </annotation>
        <annotation annotator="Michael Bada" id="UBERON_Instance_241024" type="identity">
            <class id="UBERON:0000483" label="epithelium"/>
            <span end="27275" id="15320950-5551" start="27265">epithelial</span>
        </annotation>
        <annotation annotator="Michael Bada" id="UBERON_Instance_241304" type="identity">
            <class id="UBERON:0001852" label="endolymph"/>
            <span end="27532" id="15320950-5621" start="27519">endolymphatic</span>
        </annotation>
        <annotation annotator="Michael Bada" id="UBERON_Instance_241306" type="identity">
            <class id="UBERON:0001845" label="perilymph"/>
            <span end="27550" id="15320950-5623" start="27537">perilymphatic</span>
        </annotation>
        <annotation annotator="Michael Bada" id="UBERON_Instance_240108" type="identity">
            <class id="UBERON:0002282" label="stria vascularis of cochlear duct"/>
            <span end="27630" id="15320950-5222" start="27614">stria vascularis</span>
        </annotation>
        <annotation annotator="Michael Bada" id="UBERON_Instance_241308" type="identity">
            <class id="UBERON:0001852" label="endolymph"/>
            <span end="27762" id="15320950-5625" start="27749">endolymphatic</span>
        </annotation>
        <annotation annotator="Michael Bada" id="UBERON_Instance_241310" type="identity">
            <class id="UBERON:0001852" label="endolymph"/>
            <span end="27941" id="15320950-5627" start="27932">endolymph</span>
        </annotation>
        <annotation annotator="Michael Bada" id="UBERON_Instance_240110" type="identity">
            <class id="UBERON:0002282" label="stria vascularis of cochlear duct"/>
            <span end="28006" id="15320950-5224" start="27990">stria vascularis</span>
        </annotation>
        <annotation annotator="Michael Bada" id="UBERON_Instance_240112" type="identity">
            <class id="UBERON:0002282" label="stria vascularis of cochlear duct"/>
            <span end="28120" id="15320950-5226" start="28104">stria vascularis</span>
        </annotation>
        <annotation annotator="Michael Bada" id="UBERON_Instance_241028" type="identity">
            <class id="UBERON:0002282" label="stria vascularis of cochlear duct"/>
            <span end="28157" id="15320950-5553" start="28151">strial</span>
        </annotation>
        <annotation annotator="Michael Bada" id="UBERON_Instance_241030" type="identity">
            <class id="UBERON:0002282" label="stria vascularis of cochlear duct"/>
            <span end="28819" id="15320950-5555" start="28813">strial</span>
        </annotation>
        <annotation annotator="Michael Bada" id="UBERON_Instance_241032" type="identity">
            <class id="UBERON:0002282" label="stria vascularis of cochlear duct"/>
            <span end="28929" id="15320950-5557" start="28923">strial</span>
        </annotation>
        <annotation annotator="Michael Bada" id="UBERON_Instance_240114" type="identity">
            <class id="UBERON:0002282" label="stria vascularis of cochlear duct"/>
            <span end="28975" id="15320950-5228" start="28959">stria vascularis</span>
        </annotation>
        <annotation annotator="Michael Bada" id="UBERON_Instance_241034" type="identity">
            <class id="UBERON:0006725" label="spiral ligament"/>
            <span end="29039" id="15320950-5559" start="29024">spiral ligament</span>
        </annotation>
        <annotation annotator="Michael Bada" id="UBERON_Instance_240116" type="identity">
            <class id="UBERON:0002282" label="stria vascularis of cochlear duct"/>
            <span end="29229" id="15320950-5230" start="29213">stria vascularis</span>
        </annotation>
        <annotation annotator="Michael Bada" id="UBERON_Instance_241036" type="identity">
            <class id="UBERON:0002282" label="stria vascularis of cochlear duct"/>
            <span end="29457" id="15320950-5561" start="29451">strial</span>
        </annotation>
        <annotation annotator="Michael Bada" id="UBERON_Instance_250088" type="identity">
            <class id="UBERON:0006106" label="cochlear canal"/>
            <span end="29607" id="15320950-5671" start="29599">cochlear</span>
            <span end="29620" id="15320950-5672" start="29616">wall</span>
        </annotation>
        <annotation annotator="Michael Bada" id="UBERON_Instance_241038" type="identity">
            <class id="UBERON:0002282" label="stria vascularis of cochlear duct"/>
            <span end="29685" id="15320950-5563" start="29679">strial</span>
        </annotation>
        <annotation annotator="Michael Bada" id="UBERON_Instance_240120" type="identity">
            <class id="UBERON:0002282" label="stria vascularis of cochlear duct"/>
            <span end="29704" id="15320950-5234" start="29702">SV</span>
        </annotation>
        <annotation annotator="Michael Bada" id="UBERON_Instance_240118" type="identity">
            <class id="UBERON:0002282" label="stria vascularis of cochlear duct"/>
            <span end="29722" id="15320950-5232" start="29706">stria vascularis</span>
        </annotation>
        <annotation annotator="Michael Bada" id="UBERON_Instance_241046" type="identity">
            <class id="UBERON:0006725" label="spiral ligament"/>
            <span end="29743" id="15320950-5567" start="29741">SL</span>
        </annotation>
        <annotation annotator="Michael Bada" id="UBERON_Instance_241044" type="identity">
            <class id="UBERON:0006725" label="spiral ligament"/>
            <span end="29760" id="15320950-5565" start="29745">spiral ligament</span>
        </annotation>
        <annotation annotator="Michael Bada" id="UBERON_Instance_241048" type="identity">
            <class id="UBERON:0001844" label="cochlea"/>
            <span end="29835" id="15320950-5569" start="29828">cochlea</span>
        </annotation>
        <annotation annotator="Michael Bada" id="UBERON_Instance_240248" type="identity">
            <class id="UBERON:0001862" label="vestibular labyrinth"/>
            <span end="29860" id="15320950-5258" start="29840">vestibular labyrinth</span>
        </annotation>
        <annotation annotator="Michael Bada" id="UBERON_Instance_241314" type="identity">
            <class id="UBERON:0001852" label="endolymph"/>
            <span end="29894" id="15320950-5629" start="29881">endolymphatic</span>
        </annotation>
        <annotation annotator="Michael Bada" id="UBERON_Instance_240122" type="identity">
            <class id="UBERON:0002282" label="stria vascularis of cochlear duct"/>
            <span end="30116" id="15320950-5236" start="30100">stria vascularis</span>
        </annotation>
        <annotation annotator="Michael Bada" id="UBERON_Instance_241050" type="identity">
            <class id="UBERON:0002282" label="stria vascularis of cochlear duct"/>
            <span end="30302" id="15320950-5571" start="30296">strial</span>
        </annotation>
        <annotation annotator="Michael Bada" id="UBERON_Instance_241318" type="identity">
            <class id="UBERON:0001852" label="endolymph"/>
            <span end="30633" id="15320950-5631" start="30624">endolymph</span>
        </annotation>
        <annotation annotator="Michael Bada" id="UBERON_Instance_241320" type="identity">
            <class id="UBERON:0002282" label="stria vascularis of cochlear duct"/>
            <span end="30712" id="15320950-5633" start="30706">strial</span>
        </annotation>
        <annotation annotator="Michael Bada" id="UBERON_Instance_241324" type="identity">
            <class id="UBERON:0002282" label="stria vascularis of cochlear duct"/>
            <span end="31298" id="15320950-5635" start="31292">strial</span>
        </annotation>
        <annotation annotator="Michael Bada" id="UBERON_Instance_241052" type="identity">
            <class id="UBERON:0002282" label="stria vascularis of cochlear duct"/>
            <span end="31532" id="15320950-5573" start="31526">strial</span>
        </annotation>
        <annotation annotator="Michael Bada" id="UBERON_Instance_240124" type="identity">
            <class id="UBERON:0002282" label="stria vascularis of cochlear duct"/>
            <span end="31824" id="15320950-5238" start="31808">stria vascularis</span>
        </annotation>
        <annotation annotator="Michael Bada" id="UBERON_Instance_240126" type="identity">
            <class id="UBERON:0002282" label="stria vascularis of cochlear duct"/>
            <span end="32259" id="15320950-5240" start="32243">stria vascularis</span>
        </annotation>
        <annotation annotator="Michael Bada" id="UBERON_Instance_250090" type="identity">
            <class id="UBERON:0001852" label="endolymph"/>
            <span end="32448" id="15320950-5674" start="32435">endolymphatic</span>
        </annotation>
        <annotation annotator="Michael Bada" id="UBERON_Instance_241056" type="identity">
            <class id="UBERON:0002282" label="stria vascularis of cochlear duct"/>
            <span end="32513" id="15320950-5575" start="32507">strial</span>
        </annotation>
        <graph-space id="Old Knowtator Relations"/>
    </document>
</knowtator-project>
