<?xml version="1.0" encoding="UTF-8" standalone="no"?>
<knowtator-project>
  <document id="15328533" text-file="15328533.txt">
    <annotation annotator="Nicole Vasilevsky" id="UBERON+extension_classes_Instance_40062" type="identity">
      <class id="UBERON:0004288" label="skeleton"/>
      <span end="589" id="15328533-5691" start="581">skeletal</span>
    </annotation>
    <annotation annotator="Nicole Vasilevsky" id="UBERON+extension_classes_Instance_40064" type="identity">
      <class id="UBERON:0004288" label="skeleton"/>
      <span end="1105" id="15328533-5693" start="1097">Skeletal</span>
    </annotation>
    <annotation annotator="Michael Bada" id="UBERON_Instance_240184" type="identity">
      <class id="UBERON:0007023" label="adult organism"/>
      <span end="1901" id="15328533-5709" start="1896">Adult</span>
    </annotation>
    <annotation annotator="Nicole Vasilevsky" id="UBERON+extension_classes_Instance_40066" type="identity">
      <class id="UBERON:0004288" label="skeleton"/>
      <span end="1910" id="15328533-5695" start="1902">skeletal</span>
    </annotation>
    <annotation annotator="Nicole Vasilevsky" id="UBERON+extension_classes_Instance_40068" type="identity">
      <class id="UBERON:0004288" label="skeleton"/>
      <span end="2904" id="15328533-5697" start="2896">skeletal</span>
    </annotation>
    <annotation annotator="Michael Bada" id="UBERON_Instance_241326" type="identity">
      <class id="UBERON:0001013" label="adipose tissue"/>
      <span end="3514" id="15328533-5761" start="3500">adipose tissue</span>
    </annotation>
    <annotation annotator="Nicole Vasilevsky" id="UBERON+extension_classes_Instance_40070" type="identity">
      <class id="UBERON:0004288" label="skeleton"/>
      <span end="3681" id="15328533-5699" start="3673">skeletal</span>
    </annotation>
    <annotation annotator="Michael Bada" id="UBERON_Instance_241060" type="identity">
      <class id="UBERON:0001389" label="soleus muscle"/>
      <span end="4341" id="15328533-5749" start="4335">soleus</span>
    </annotation>
    <annotation annotator="Michael Bada" id="UBERON_Instance_240600" type="identity">
      <class id="UBERON:0001386" label="extensor digitorum longus"/>
      <span end="4401" id="15328533-5741" start="4376">extensor digitorum longus</span>
    </annotation>
    <annotation annotator="Michael Bada" id="UBERON_Instance_241058" type="identity">
      <class id="UBERON:0001388" label="gastrocnemius"/>
      <span end="4452" id="15328533-5747" start="4439">gastrocnemius</span>
    </annotation>
    <annotation annotator="Michael Bada" id="UBERON_Instance_250092" type="identity">
      <class id="UBERON:0004288" label="skeleton"/>
      <span end="4947" id="15328533-5773" start="4939">skeletal</span>
    </annotation>
    <annotation annotator="Nicole Vasilevsky" id="UBERON+extension_classes_Instance_40072" type="identity">
      <class id="UBERON:0004288" label="skeleton"/>
      <span end="5141" id="15328533-5701" start="5133">skeletal</span>
    </annotation>
    <annotation annotator="Michael Bada" id="UBERON_Instance_241062" type="identity">
      <class id="UBERON:0000948" label="heart"/>
      <span end="5180" id="15328533-5751" start="5175">heart</span>
    </annotation>
    <annotation annotator="Michael Bada" id="UBERON_Instance_240300" type="identity">
      <class id="UBERON:0001388" label="gastrocnemius"/>
      <span end="5359" id="15328533-5711" start="5339">gastrocnemius muscle</span>
    </annotation>
    <annotation annotator="Michael Bada" id="UBERON_Instance_320321" type="identity">
      <class id="UBERON:0005090" label="muscle structure"/>
      <span end="6003" id="15328533-5783" start="5996">muscles</span>
    </annotation>
    <annotation annotator="Michael Bada" id="UBERON_Instance_241064" type="identity">
      <class id="UBERON:0002103" label="hindlimb"/>
      <span end="6131" id="15328533-5753" start="6123">hindlimb</span>
    </annotation>
    <annotation annotator="Michael Bada" id="UBERON_Instance_240314" type="identity">
      <class id="UBERON:0001388" label="gastrocnemius"/>
      <span end="6263" id="15328533-5713" start="6243">gastrocnemius muscle</span>
    </annotation>
    <annotation annotator="Michael Bada" id="UBERON_Instance_240318" type="identity">
      <class id="UBERON:0001388" label="gastrocnemius"/>
      <span end="7144" id="15328533-5715" start="7124">gastrocnemius muscle</span>
    </annotation>
    <annotation annotator="Michael Bada" id="UBERON_Instance_241328" type="identity">
      <class id="UBERON:0010410" label="inguinal fat pad"/>
      <span end="9278" id="15328533-5763" start="9262">inguinal fat pad</span>
    </annotation>
    <annotation annotator="Michael Bada" id="UBERON_Instance_241382" type="identity">
      <class id="UBERON:0000479" label="tissue"/>
      <span end="14557" id="15328533-5771" start="14550">tissues</span>
    </annotation>
    <annotation annotator="Michael Bada" id="UBERON_Instance_240360" type="identity">
      <class id="UBERON:0002385" label="muscle tissue"/>
      <span end="14925" id="15328533-5717" start="14912">muscle tissue</span>
    </annotation>
    <annotation annotator="Nicole Vasilevsky" id="UBERON+extension_classes_Instance_40074" type="identity">
      <class id="UBERON:0004288" label="skeleton"/>
      <span end="15322" id="15328533-5703" start="15314">Skeletal</span>
    </annotation>
    <annotation annotator="Nicole Vasilevsky" id="UBERON+extension_classes_Instance_40076" type="identity">
      <class id="UBERON:0004288" label="skeleton"/>
      <span end="15825" id="15328533-5705" start="15817">skeletal</span>
    </annotation>
    <annotation annotator="Michael Bada" id="UBERON_Instance_250096" type="identity">
      <class id="UBERON:0004288" label="skeleton"/>
      <span end="16713" id="15328533-5775" start="16705">skeletal</span>
    </annotation>
    <annotation annotator="Michael Bada" id="UBERON_Instance_250102" type="identity">
      <class id="UBERON:0004288" label="skeleton"/>
      <span end="19574" id="15328533-5781" start="19566">skeletal</span>
    </annotation>
    <annotation annotator="Michael Bada" id="UBERON_Instance_320323" type="identity">
      <class id="UBERON:0005090" label="muscle structure"/>
      <span end="20856" id="15328533-5785" start="20849">muscles</span>
    </annotation>
    <annotation annotator="Michael Bada" id="UBERON_Instance_240604" type="identity">
      <class id="UBERON:0001386" label="extensor digitorum longus"/>
      <span end="20932" id="15328533-5745" start="20929">EDL</span>
    </annotation>
    <annotation annotator="Michael Bada" id="UBERON_Instance_240602" type="identity">
      <class id="UBERON:0001386" label="extensor digitorum longus"/>
      <span end="20959" id="15328533-5743" start="20934">extensor digitorum longus</span>
    </annotation>
    <annotation annotator="Michael Bada" id="UBERON_Instance_240388" type="identity">
      <class id="UBERON:0001388" label="gastrocnemius"/>
      <span end="20967" id="15328533-5721" start="20961">Gastro</span>
    </annotation>
    <annotation annotator="Michael Bada" id="UBERON_Instance_240386" type="identity">
      <class id="UBERON:0001388" label="gastrocnemius"/>
      <span end="20982" id="15328533-5719" start="20969">gastrocnemius</span>
    </annotation>
    <annotation annotator="Michael Bada" id="UBERON_Instance_320325" type="identity">
      <class id="UBERON:0005090" label="muscle structure"/>
      <span end="21047" id="15328533-5787" start="21040">muscles</span>
    </annotation>
    <annotation annotator="Michael Bada" id="UBERON_Instance_241336" type="identity">
      <class id="UBERON:0000479" label="tissue"/>
      <span end="21235" id="15328533-5765" start="21228">tissues</span>
    </annotation>
    <annotation annotator="Michael Bada" id="UBERON_Instance_241080" type="identity">
      <class id="UBERON:0000479" label="tissue"/>
      <span end="21272" id="15328533-5755" start="21266">tissue</span>
    </annotation>
    <annotation annotator="Michael Bada" id="UBERON_Instance_240390" type="identity">
      <class id="UBERON:0001388" label="gastrocnemius"/>
      <span end="21332" id="15328533-5723" start="21312">Gastrocnemius muscle</span>
    </annotation>
    <annotation annotator="Michael Bada" id="UBERON_Instance_240392" type="identity">
      <class id="UBERON:0001388" label="gastrocnemius"/>
      <span end="21417" id="15328533-5725" start="21397">gastrocnemius muscle</span>
    </annotation>
    <annotation annotator="Michael Bada" id="UBERON_Instance_320327" type="identity">
      <class id="UBERON:0005090" label="muscle structure"/>
      <span end="21708" id="15328533-5789" start="21701">Muscles</span>
    </annotation>
    <annotation annotator="Michael Bada" id="UBERON_Instance_240396" type="identity">
      <class id="UBERON:0011905" label="plantaris"/>
      <span end="21838" id="15328533-5727" start="21822">plantaris muscle</span>
    </annotation>
    <annotation annotator="Michael Bada" id="UBERON_Instance_240398" type="identity">
      <class id="UBERON:0001388" label="gastrocnemius"/>
      <span end="22048" id="15328533-5729" start="22028">gastrocnemius muscle</span>
    </annotation>
    <annotation annotator="Michael Bada" id="UBERON_Instance_240400" type="identity">
      <class id="UBERON:0001388" label="gastrocnemius"/>
      <span end="22257" id="15328533-5731" start="22237">gastrocnemius muscle</span>
    </annotation>
    <annotation annotator="Michael Bada" id="UBERON_Instance_240402" type="identity">
      <class id="UBERON:0001388" label="gastrocnemius"/>
      <span end="22447" id="15328533-5733" start="22427">gastrocnemius muscle</span>
    </annotation>
    <annotation annotator="Michael Bada" id="UBERON_Instance_240406" type="identity">
      <class id="UBERON:0001388" label="gastrocnemius"/>
      <span end="22817" id="15328533-5735" start="22797">gastrocnemius muscle</span>
    </annotation>
    <annotation annotator="Michael Bada" id="UBERON_Instance_240408" type="identity">
      <class id="UBERON:0001388" label="gastrocnemius"/>
      <span end="22977" id="15328533-5737" start="22957">gastrocnemius muscle</span>
    </annotation>
    <annotation annotator="Michael Bada" id="UBERON_Instance_241340" type="identity">
      <class id="UBERON:0010410" label="inguinal fat pad"/>
      <span end="23437" id="15328533-5767" start="23421">inguinal fat pad</span>
    </annotation>
    <annotation annotator="Michael Bada" id="UBERON_Instance_241342" type="identity">
      <class id="UBERON:0000178" label="blood"/>
      <span end="23802" id="15328533-5769" start="23797">blood</span>
    </annotation>
    <annotation annotator="Michael Bada" id="UBERON_Instance_240410" type="identity">
      <class id="UBERON:0001388" label="gastrocnemius"/>
      <span end="24111" id="15328533-5739" start="24091">gastrocnemius muscle</span>
    </annotation>
    <annotation annotator="Michael Bada" id="UBERON_Instance_241090" type="identity">
      <class id="UBERON:0000479" label="tissue"/>
      <span end="24386" id="15328533-5757" start="24380">tissue</span>
    </annotation>
    <annotation annotator="Michael Bada" id="UBERON_Instance_250098" type="identity">
      <class id="UBERON:0008337" label="inguinal part of abdomen"/>
      <span end="24442" id="15328533-5777" start="24434">inguinal</span>
    </annotation>
    <annotation annotator="Michael Bada" id="UBERON_Instance_250100" type="identity">
      <class id="UBERON:0003693" label="retroperitoneal space"/>
      <span end="24498" id="15328533-5779" start="24483">retroperitoneal</span>
    </annotation>
    <annotation annotator="Michael Bada" id="UBERON_Instance_241094" type="identity">
      <class id="UBERON:0000178" label="blood"/>
      <span end="24658" id="15328533-5759" start="24653">Blood</span>
    </annotation>
    <annotation annotator="Nicole Vasilevsky" id="UBERON+extension_classes_Instance_40078" type="identity">
      <class id="UBERON:0004288" label="skeleton"/>
      <span end="25234" id="15328533-5707" start="25226">skeletal</span>
    </annotation>
    <graph-space id="Old Knowtator Relations"/>
  </document>
</knowtator-project>
