<?xml version="1.0" encoding="UTF-8" standalone="no"?>
<knowtator-project>
    <document id="15588329" text-file="15588329.txt">
        <annotation annotator="Michael Bada" id="UBERON_Instance_230618" type="identity">
            <class id="UBERON:0002037" label="cerebellum"/>
            <span end="97" id="15588329-8845" start="87">cerebellar</span>
        </annotation>
        <annotation annotator="Michael Bada" id="UBERON_Instance_110014" type="identity">
            <class id="UBERON:0001017" label="central nervous system"/>
            <span end="424" id="15588329-8835" start="421">CNS</span>
        </annotation>
        <annotation annotator="Michael Bada" id="UBERON_Instance_230622" type="identity">
            <class id="UBERON:0002037" label="cerebellum"/>
            <span end="705" id="15588329-8847" start="696">cerebella</span>
        </annotation>
        <annotation annotator="Nicole Vasilevsky" id="UBERON+extensions+nested_Instance_80000" type="identity">
            <class id="UBERON:0002037" label="cerebellum"/>
            <span end="748" id="15588329-8629" start="746">Cb</span>
        </annotation>
        <annotation annotator="Nicole Vasilevsky" id="UBERON+extensions+nested_Instance_80002" type="identity">
            <class id="UBERON:0002037" label="cerebellum"/>
            <span end="914" id="15588329-8631" start="912">Cb</span>
        </annotation>
        <annotation annotator="Michael Bada" id="UBERON_Instance_110016" type="identity">
            <class id="UBERON:0001017" label="central nervous system"/>
            <span end="2399" id="15588329-8837" start="2396">CNS</span>
        </annotation>
        <annotation annotator="Michael Bada" id="UBERON_Instance_230626" type="identity">
            <class id="UBERON:0001016" label="nervous system"/>
            <span end="2481" id="15588329-8849" start="2467">nervous system</span>
        </annotation>
        <annotation annotator="Michael Bada" id="UBERON_Instance_331282" type="identity">
            <class id="UBERON:0012101" label="perinatal stage"/>
            <span end="3435" id="15588329-8885" start="3426">perinatal</span>
        </annotation>
        <annotation annotator="Michael Bada" id="UBERON_Instance_110018" type="identity">
            <class id="UBERON:0001017" label="central nervous system"/>
            <span end="3704" id="15588329-8839" start="3701">CNS</span>
        </annotation>
        <annotation annotator="Michael Bada" id="UBERON_Instance_230628" type="identity">
            <class id="UBERON:0002037" label="cerebellum"/>
            <span end="3888" id="15588329-8851" start="3878">cerebellar</span>
        </annotation>
        <annotation annotator="Nicole Vasilevsky" id="UBERON+extensions+nested_Instance_80004" type="identity">
            <class id="UBERON:0002037" label="cerebellum"/>
            <span end="3963" id="15588329-8633" start="3961">Cb</span>
        </annotation>
        <annotation annotator="Nicole Vasilevsky" id="UBERON+extensions+nested_Instance_80006" type="identity">
            <class id="UBERON:0002037" label="cerebellum"/>
            <span end="4154" id="15588329-8635" start="4152">Cb</span>
        </annotation>
        <annotation annotator="Michael Bada" id="UBERON_Instance_230630" type="identity">
            <class id="UBERON:0002037" label="cerebellum"/>
            <span end="4228" id="15588329-8853" start="4218">cerebellar</span>
        </annotation>
        <annotation annotator="Michael Bada" id="UBERON_Instance_230632" type="identity">
            <class id="UBERON:0002037" label="cerebellum"/>
            <span end="4394" id="15588329-8855" start="4385">cerebella</span>
        </annotation>
        <annotation annotator="Nicole Vasilevsky" id="UBERON+extensions+nested_Instance_80008" type="identity">
            <class id="UBERON:0002037" label="cerebellum"/>
            <span end="5470" id="15588329-8637" start="5468">Cb</span>
        </annotation>
        <annotation annotator="Nicole Vasilevsky" id="UBERON+extensions+nested_Instance_80010" type="identity">
            <class id="UBERON:0002037" label="cerebellum"/>
            <span end="5506" id="15588329-8639" start="5504">Cb</span>
        </annotation>
        <annotation annotator="Nicole Vasilevsky" id="UBERON+extensions+nested_Instance_80012" type="identity">
            <class id="UBERON:0002037" label="cerebellum"/>
            <span end="5577" id="15588329-8641" start="5575">Cb</span>
        </annotation>
        <annotation annotator="Nicole Vasilevsky" id="UBERON+extensions+nested_Instance_80014" type="identity">
            <class id="UBERON:0002037" label="cerebellum"/>
            <span end="5768" id="15588329-8643" start="5766">Cb</span>
        </annotation>
        <annotation annotator="Nicole Vasilevsky" id="UBERON+extensions+nested_Instance_80016" type="identity">
            <class id="UBERON:0002037" label="cerebellum"/>
            <span end="5922" id="15588329-8645" start="5920">Cb</span>
        </annotation>
        <annotation annotator="Nicole Vasilevsky" id="UBERON+extensions+nested_Instance_80018" type="identity">
            <class id="UBERON:0002037" label="cerebellum"/>
            <span end="5997" id="15588329-8647" start="5995">Cb</span>
        </annotation>
        <annotation annotator="Nicole Vasilevsky" id="UBERON+extensions+nested_Instance_80020" type="identity">
            <class id="UBERON:0002037" label="cerebellum"/>
            <span end="6016" id="15588329-8649" start="6014">Cb</span>
        </annotation>
        <annotation annotator="Nicole Vasilevsky" id="UBERON+extensions+nested_Instance_80022" type="identity">
            <class id="UBERON:0002037" label="cerebellum"/>
            <span end="6169" id="15588329-8651" start="6167">Cb</span>
        </annotation>
        <annotation annotator="Nicole Vasilevsky" id="UBERON+extensions+nested_Instance_80024" type="identity">
            <class id="UBERON:0002037" label="cerebellum"/>
            <span end="6256" id="15588329-8653" start="6254">Cb</span>
        </annotation>
        <annotation annotator="Nicole Vasilevsky" id="UBERON+extensions+nested_Instance_80026" type="identity">
            <class id="UBERON:0002037" label="cerebellum"/>
            <span end="6547" id="15588329-8655" start="6545">Cb</span>
        </annotation>
        <annotation annotator="Michael Bada" id="UBERON_Instance_110000" type="identity">
            <class id="UBERON:0000955" label="brain"/>
            <span end="6811" id="15588329-8829" start="6806">brain</span>
        </annotation>
        <annotation annotator="Nicole Vasilevsky" id="UBERON+extensions+nested_Instance_80028" type="identity">
            <class id="UBERON:0002037" label="cerebellum"/>
            <span end="6919" id="15588329-8657" start="6917">Cb</span>
        </annotation>
        <annotation annotator="Nicole Vasilevsky" id="UBERON+extensions+nested_Instance_80030" type="identity">
            <class id="UBERON:0002037" label="cerebellum"/>
            <span end="7442" id="15588329-8659" start="7440">Cb</span>
        </annotation>
        <annotation annotator="Nicole Vasilevsky" id="UBERON+extensions+nested_Instance_80032" type="identity">
            <class id="UBERON:0002037" label="cerebellum"/>
            <span end="7580" id="15588329-8661" start="7578">Cb</span>
        </annotation>
        <annotation annotator="Nicole Vasilevsky" id="UBERON+extensions+nested_Instance_80034" type="identity">
            <class id="UBERON:0002037" label="cerebellum"/>
            <span end="7622" id="15588329-8663" start="7620">Cb</span>
        </annotation>
        <annotation annotator="Nicole Vasilevsky" id="UBERON+extensions+nested_Instance_80036" type="identity">
            <class id="UBERON:0002037" label="cerebellum"/>
            <span end="7875" id="15588329-8665" start="7873">Cb</span>
        </annotation>
        <annotation annotator="Michael Bada" id="UBERON_Instance_110002" type="identity">
            <class id="UBERON:0000955" label="brain"/>
            <span end="8024" id="15588329-8831" start="8019">brain</span>
        </annotation>
        <annotation annotator="Michael Bada" id="UBERON_Instance_110004" type="identity">
            <class id="UBERON:0000955" label="brain"/>
            <span end="8049" id="15588329-8833" start="8044">Brain</span>
        </annotation>
        <annotation annotator="Nicole Vasilevsky" id="UBERON+extensions+nested_Instance_80038" type="identity">
            <class id="UBERON:0002037" label="cerebellum"/>
            <span end="8416" id="15588329-8667" start="8414">Cb</span>
        </annotation>
        <annotation annotator="Michael Bada" id="UBERON_Instance_230634" type="identity">
            <class id="UBERON:0002037" label="cerebellum"/>
            <span end="8437" id="15588329-8857" start="8427">cerebellar</span>
        </annotation>
        <annotation annotator="Nicole Vasilevsky" id="UBERON+extensions+nested_Instance_80040" type="identity">
            <class id="UBERON:0002037" label="cerebellum"/>
            <span end="8491" id="15588329-8669" start="8489">Cb</span>
        </annotation>
        <annotation annotator="Nicole Vasilevsky" id="UBERON+extensions+nested_Instance_80042" type="identity">
            <class id="UBERON:0002037" label="cerebellum"/>
            <span end="8525" id="15588329-8671" start="8523">Cb</span>
        </annotation>
        <annotation annotator="Michael Bada" id="UBERON_Instance_230636" type="identity">
            <class id="UBERON:0002037" label="cerebellum"/>
            <span end="8554" id="15588329-8859" start="8544">cerebellar</span>
        </annotation>
        <annotation annotator="Nicole Vasilevsky" id="UBERON+extensions+nested_Instance_80044" type="identity">
            <class id="UBERON:0002037" label="cerebellum"/>
            <span end="9009" id="15588329-8673" start="9007">Cb</span>
        </annotation>
        <annotation annotator="Nicole Vasilevsky" id="UBERON+extensions+nested_Instance_80046" type="identity">
            <class id="UBERON:0002037" label="cerebellum"/>
            <span end="9299" id="15588329-8675" start="9297">Cb</span>
        </annotation>
        <annotation annotator="Nicole Vasilevsky" id="UBERON+extensions+nested_Instance_80048" type="identity">
            <class id="UBERON:0002037" label="cerebellum"/>
            <span end="9344" id="15588329-8677" start="9342">Cb</span>
        </annotation>
        <annotation annotator="Nicole Vasilevsky" id="UBERON+extensions+nested_Instance_80050" type="identity">
            <class id="UBERON:0002037" label="cerebellum"/>
            <span end="9515" id="15588329-8679" start="9513">Cb</span>
        </annotation>
        <annotation annotator="Nicole Vasilevsky" id="UBERON+extensions+nested_Instance_80052" type="identity">
            <class id="UBERON:0002037" label="cerebellum"/>
            <span end="9694" id="15588329-8681" start="9692">Cb</span>
        </annotation>
        <annotation annotator="Nicole Vasilevsky" id="UBERON+extensions+nested_Instance_80054" type="identity">
            <class id="UBERON:0002037" label="cerebellum"/>
            <span end="10058" id="15588329-8683" start="10056">Cb</span>
        </annotation>
        <annotation annotator="Nicole Vasilevsky" id="UBERON+extensions+nested_Instance_80056" type="identity">
            <class id="UBERON:0002037" label="cerebellum"/>
            <span end="10485" id="15588329-8685" start="10483">Cb</span>
        </annotation>
        <annotation annotator="Michael Bada" id="UBERON_Instance_230638" type="identity">
            <class id="UBERON:0002037" label="cerebellum"/>
            <span end="10506" id="15588329-8861" start="10496">cerebellar</span>
        </annotation>
        <annotation annotator="Nicole Vasilevsky" id="UBERON+extensions+nested_Instance_80058" type="identity">
            <class id="UBERON:0002037" label="cerebellum"/>
            <span end="10624" id="15588329-8687" start="10622">Cb</span>
        </annotation>
        <annotation annotator="Nicole Vasilevsky" id="UBERON+extensions+nested_Instance_80060" type="identity">
            <class id="UBERON:0002037" label="cerebellum"/>
            <span end="10673" id="15588329-8689" start="10671">Cb</span>
        </annotation>
        <annotation annotator="Nicole Vasilevsky" id="UBERON+extensions+nested_Instance_80062" type="identity">
            <class id="UBERON:0002037" label="cerebellum"/>
            <span end="10758" id="15588329-8691" start="10756">Cb</span>
        </annotation>
        <annotation annotator="Nicole Vasilevsky" id="UBERON+extensions+nested_Instance_80064" type="identity">
            <class id="UBERON:0002037" label="cerebellum"/>
            <span end="11307" id="15588329-8693" start="11305">Cb</span>
        </annotation>
        <annotation annotator="Nicole Vasilevsky" id="UBERON+extensions+nested_Instance_80066" type="identity">
            <class id="UBERON:0002037" label="cerebellum"/>
            <span end="11571" id="15588329-8695" start="11569">Cb</span>
        </annotation>
        <annotation annotator="Nicole Vasilevsky" id="UBERON+extensions+nested_Instance_80068" type="identity">
            <class id="UBERON:0002037" label="cerebellum"/>
            <span end="11929" id="15588329-8697" start="11927">Cb</span>
        </annotation>
        <annotation annotator="Nicole Vasilevsky" id="UBERON+extensions+nested_Instance_80070" type="identity">
            <class id="UBERON:0002037" label="cerebellum"/>
            <span end="12269" id="15588329-8699" start="12267">Cb</span>
        </annotation>
        <annotation annotator="Nicole Vasilevsky" id="UBERON+extensions+nested_Instance_80072" type="identity">
            <class id="UBERON:0002037" label="cerebellum"/>
            <span end="12447" id="15588329-8701" start="12445">Cb</span>
        </annotation>
        <annotation annotator="Nicole Vasilevsky" id="UBERON+extensions+nested_Instance_80074" type="identity">
            <class id="UBERON:0002037" label="cerebellum"/>
            <span end="12676" id="15588329-8703" start="12674">Cb</span>
        </annotation>
        <annotation annotator="Nicole Vasilevsky" id="UBERON+extensions+nested_Instance_80076" type="identity">
            <class id="UBERON:0002037" label="cerebellum"/>
            <span end="12822" id="15588329-8705" start="12820">Cb</span>
        </annotation>
        <annotation annotator="Michael Bada" id="UBERON_Instance_230664" type="identity">
            <class id="UBERON:0000479" label="tissue"/>
            <span end="12859" id="15588329-8879" start="12853">tissue</span>
        </annotation>
        <annotation annotator="Nicole Vasilevsky" id="UBERON+extensions+nested_Instance_80078" type="identity">
            <class id="UBERON:0002037" label="cerebellum"/>
            <span end="13190" id="15588329-8707" start="13188">Cb</span>
        </annotation>
        <annotation annotator="Michael Bada" id="UBERON_Instance_230640" type="identity">
            <class id="UBERON:0000479" label="tissue"/>
            <span end="13227" id="15588329-8863" start="13221">tissue</span>
        </annotation>
        <annotation annotator="Nicole Vasilevsky" id="UBERON+extensions+nested_Instance_80080" type="identity">
            <class id="UBERON:0002037" label="cerebellum"/>
            <span end="13512" id="15588329-8709" start="13510">Cb</span>
        </annotation>
        <annotation annotator="Nicole Vasilevsky" id="UBERON+extensions+nested_Instance_80082" type="identity">
            <class id="UBERON:0002037" label="cerebellum"/>
            <span end="13713" id="15588329-8711" start="13711">Cb</span>
        </annotation>
        <annotation annotator="Nicole Vasilevsky" id="UBERON+extensions+nested_Instance_80084" type="identity">
            <class id="UBERON:0002037" label="cerebellum"/>
            <span end="13778" id="15588329-8713" start="13776">Cb</span>
        </annotation>
        <annotation annotator="Nicole Vasilevsky" id="UBERON+extensions+nested_Instance_80086" type="identity">
            <class id="UBERON:0002037" label="cerebellum"/>
            <span end="13916" id="15588329-8715" start="13914">Cb</span>
        </annotation>
        <annotation annotator="Nicole Vasilevsky" id="UBERON+extensions+nested_Instance_80088" type="identity">
            <class id="UBERON:0002037" label="cerebellum"/>
            <span end="14035" id="15588329-8717" start="14033">Cb</span>
        </annotation>
        <annotation annotator="Nicole Vasilevsky" id="UBERON+extensions+nested_Instance_80090" type="identity">
            <class id="UBERON:0002037" label="cerebellum"/>
            <span end="14157" id="15588329-8719" start="14155">Cb</span>
        </annotation>
        <annotation annotator="Michael Bada" id="UBERON_Instance_230666" type="identity">
            <class id="UBERON:0000479" label="tissue"/>
            <span end="14291" id="15588329-8881" start="14285">tissue</span>
        </annotation>
        <annotation annotator="Nicole Vasilevsky" id="UBERON+extensions+nested_Instance_80092" type="identity">
            <class id="UBERON:0002037" label="cerebellum"/>
            <span end="14297" id="15588329-8721" start="14295">Cb</span>
        </annotation>
        <annotation annotator="Michael Bada" id="UBERON_Instance_230642" type="identity">
            <class id="UBERON:0000479" label="tissue"/>
            <span end="14440" id="15588329-8865" start="14434">tissue</span>
        </annotation>
        <annotation annotator="Nicole Vasilevsky" id="UBERON+extensions+nested_Instance_80094" type="identity">
            <class id="UBERON:0002037" label="cerebellum"/>
            <span end="14590" id="15588329-8723" start="14588">Cb</span>
        </annotation>
        <annotation annotator="Nicole Vasilevsky" id="UBERON+extensions+nested_Instance_80096" type="identity">
            <class id="UBERON:0002037" label="cerebellum"/>
            <span end="15070" id="15588329-8725" start="15068">Cb</span>
        </annotation>
        <annotation annotator="Nicole Vasilevsky" id="UBERON+extensions+nested_Instance_80098" type="identity">
            <class id="UBERON:0002037" label="cerebellum"/>
            <span end="15344" id="15588329-8727" start="15342">Cb</span>
        </annotation>
        <annotation annotator="Nicole Vasilevsky" id="UBERON+extensions+nested_Instance_80100" type="identity">
            <class id="UBERON:0002037" label="cerebellum"/>
            <span end="15453" id="15588329-8729" start="15451">Cb</span>
        </annotation>
        <annotation annotator="Nicole Vasilevsky" id="UBERON+extensions+nested_Instance_80102" type="identity">
            <class id="UBERON:0002037" label="cerebellum"/>
            <span end="15617" id="15588329-8731" start="15615">Cb</span>
        </annotation>
        <annotation annotator="Nicole Vasilevsky" id="UBERON+extensions+nested_Instance_80104" type="identity">
            <class id="UBERON:0002037" label="cerebellum"/>
            <span end="16076" id="15588329-8733" start="16074">Cb</span>
        </annotation>
        <annotation annotator="Nicole Vasilevsky" id="UBERON+extensions+nested_Instance_80106" type="identity">
            <class id="UBERON:0002037" label="cerebellum"/>
            <span end="16248" id="15588329-8735" start="16246">Cb</span>
        </annotation>
        <annotation annotator="Nicole Vasilevsky" id="UBERON+extensions+nested_Instance_80110" type="identity">
            <class id="UBERON:0002037" label="cerebellum"/>
            <span end="16541" id="15588329-8737" start="16539">Cb</span>
        </annotation>
        <annotation annotator="Nicole Vasilevsky" id="UBERON+extensions+nested_Instance_80112" type="identity">
            <class id="UBERON:0002037" label="cerebellum"/>
            <span end="17034" id="15588329-8739" start="17032">Cb</span>
        </annotation>
        <annotation annotator="Nicole Vasilevsky" id="UBERON+extensions+nested_Instance_80114" type="identity">
            <class id="UBERON:0002037" label="cerebellum"/>
            <span end="17104" id="15588329-8741" start="17102">Cb</span>
        </annotation>
        <annotation annotator="Nicole Vasilevsky" id="UBERON+extensions+nested_Instance_80116" type="identity">
            <class id="UBERON:0002037" label="cerebellum"/>
            <span end="17317" id="15588329-8743" start="17315">Cb</span>
        </annotation>
        <annotation annotator="Nicole Vasilevsky" id="UBERON+extensions+nested_Instance_80118" type="identity">
            <class id="UBERON:0002037" label="cerebellum"/>
            <span end="17400" id="15588329-8745" start="17398">Cb</span>
        </annotation>
        <annotation annotator="Nicole Vasilevsky" id="UBERON+extensions+nested_Instance_80120" type="identity">
            <class id="UBERON:0002037" label="cerebellum"/>
            <span end="17616" id="15588329-8747" start="17614">Cb</span>
        </annotation>
        <annotation annotator="Nicole Vasilevsky" id="UBERON+extensions+nested_Instance_80122" type="identity">
            <class id="UBERON:0002037" label="cerebellum"/>
            <span end="17749" id="15588329-8749" start="17747">Cb</span>
        </annotation>
        <annotation annotator="Nicole Vasilevsky" id="UBERON+extensions+nested_Instance_80124" type="identity">
            <class id="UBERON:0002037" label="cerebellum"/>
            <span end="18003" id="15588329-8751" start="18001">Cb</span>
        </annotation>
        <annotation annotator="Nicole Vasilevsky" id="UBERON+extensions+nested_Instance_80126" type="identity">
            <class id="UBERON:0002037" label="cerebellum"/>
            <span end="18288" id="15588329-8753" start="18286">Cb</span>
        </annotation>
        <annotation annotator="Nicole Vasilevsky" id="UBERON+extensions+nested_Instance_80128" type="identity">
            <class id="UBERON:0002037" label="cerebellum"/>
            <span end="18508" id="15588329-8755" start="18506">Cb</span>
        </annotation>
        <annotation annotator="Nicole Vasilevsky" id="UBERON+extensions+nested_Instance_80130" type="identity">
            <class id="UBERON:0002037" label="cerebellum"/>
            <span end="18589" id="15588329-8757" start="18587">Cb</span>
        </annotation>
        <annotation annotator="Nicole Vasilevsky" id="UBERON+extensions+nested_Instance_80132" type="identity">
            <class id="UBERON:0002037" label="cerebellum"/>
            <span end="18642" id="15588329-8759" start="18640">Cb</span>
        </annotation>
        <annotation annotator="Nicole Vasilevsky" id="UBERON+extensions+nested_Instance_80134" type="identity">
            <class id="UBERON:0002037" label="cerebellum"/>
            <span end="18683" id="15588329-8761" start="18681">Cb</span>
        </annotation>
        <annotation annotator="Nicole Vasilevsky" id="UBERON+extensions+nested_Instance_80136" type="identity">
            <class id="UBERON:0002037" label="cerebellum"/>
            <span end="18914" id="15588329-8763" start="18912">Cb</span>
        </annotation>
        <annotation annotator="Nicole Vasilevsky" id="UBERON+extensions+nested_Instance_80138" type="identity">
            <class id="UBERON:0002037" label="cerebellum"/>
            <span end="19287" id="15588329-8765" start="19285">Cb</span>
        </annotation>
        <annotation annotator="Nicole Vasilevsky" id="UBERON+extensions+nested_Instance_80140" type="identity">
            <class id="UBERON:0002037" label="cerebellum"/>
            <span end="19385" id="15588329-8767" start="19383">Cb</span>
        </annotation>
        <annotation annotator="Nicole Vasilevsky" id="UBERON+extensions+nested_Instance_80142" type="identity">
            <class id="UBERON:0002037" label="cerebellum"/>
            <span end="19485" id="15588329-8769" start="19483">Cb</span>
        </annotation>
        <annotation annotator="Nicole Vasilevsky" id="UBERON+extensions+nested_Instance_80144" type="identity">
            <class id="UBERON:0002037" label="cerebellum"/>
            <span end="19838" id="15588329-8771" start="19836">Cb</span>
        </annotation>
        <annotation annotator="Nicole Vasilevsky" id="UBERON+extensions+nested_Instance_80146" type="identity">
            <class id="UBERON:0002037" label="cerebellum"/>
            <span end="19941" id="15588329-8773" start="19939">Cb</span>
        </annotation>
        <annotation annotator="Nicole Vasilevsky" id="UBERON+extensions+nested_Instance_80148" type="identity">
            <class id="UBERON:0002037" label="cerebellum"/>
            <span end="20289" id="15588329-8775" start="20287">Cb</span>
        </annotation>
        <annotation annotator="Nicole Vasilevsky" id="UBERON+extensions+nested_Instance_80150" type="identity">
            <class id="UBERON:0002037" label="cerebellum"/>
            <span end="20400" id="15588329-8777" start="20398">Cb</span>
        </annotation>
        <annotation annotator="Nicole Vasilevsky" id="UBERON+extensions+nested_Instance_80152" type="identity">
            <class id="UBERON:0002037" label="cerebellum"/>
            <span end="20479" id="15588329-8779" start="20477">Cb</span>
        </annotation>
        <annotation annotator="Nicole Vasilevsky" id="UBERON+extensions+nested_Instance_80154" type="identity">
            <class id="UBERON:0002037" label="cerebellum"/>
            <span end="20671" id="15588329-8781" start="20669">Cb</span>
        </annotation>
        <annotation annotator="Nicole Vasilevsky" id="UBERON+extensions+nested_Instance_80156" type="identity">
            <class id="UBERON:0002037" label="cerebellum"/>
            <span end="20729" id="15588329-8783" start="20727">Cb</span>
        </annotation>
        <annotation annotator="Nicole Vasilevsky" id="UBERON+extensions+nested_Instance_80158" type="identity">
            <class id="UBERON:0002037" label="cerebellum"/>
            <span end="20856" id="15588329-8785" start="20854">Cb</span>
        </annotation>
        <annotation annotator="Nicole Vasilevsky" id="UBERON+extensions+nested_Instance_80160" type="identity">
            <class id="UBERON:0002037" label="cerebellum"/>
            <span end="21003" id="15588329-8787" start="21001">Cb</span>
        </annotation>
        <annotation annotator="Nicole Vasilevsky" id="UBERON+extensions+nested_Instance_80162" type="identity">
            <class id="UBERON:0002037" label="cerebellum"/>
            <span end="21092" id="15588329-8789" start="21090">Cb</span>
        </annotation>
        <annotation annotator="Nicole Vasilevsky" id="UBERON+extensions+nested_Instance_80164" type="identity">
            <class id="UBERON:0002037" label="cerebellum"/>
            <span end="21150" id="15588329-8791" start="21148">Cb</span>
        </annotation>
        <annotation annotator="Nicole Vasilevsky" id="UBERON+extensions+nested_Instance_80166" type="identity">
            <class id="UBERON:0002037" label="cerebellum"/>
            <span end="21322" id="15588329-8793" start="21320">Cb</span>
        </annotation>
        <annotation annotator="Nicole Vasilevsky" id="UBERON+extensions+nested_Instance_80168" type="identity">
            <class id="UBERON:0002037" label="cerebellum"/>
            <span end="21579" id="15588329-8795" start="21577">Cb</span>
        </annotation>
        <annotation annotator="Nicole Vasilevsky" id="UBERON+extensions+nested_Instance_80170" type="identity">
            <class id="UBERON:0002037" label="cerebellum"/>
            <span end="21725" id="15588329-8797" start="21723">Cb</span>
        </annotation>
        <annotation annotator="Nicole Vasilevsky" id="UBERON+extensions+nested_Instance_80172" type="identity">
            <class id="UBERON:0002037" label="cerebellum"/>
            <span end="21814" id="15588329-8799" start="21812">Cb</span>
        </annotation>
        <annotation annotator="Nicole Vasilevsky" id="UBERON+extensions+nested_Instance_80174" type="identity">
            <class id="UBERON:0002037" label="cerebellum"/>
            <span end="21978" id="15588329-8801" start="21976">Cb</span>
        </annotation>
        <annotation annotator="Michael Bada" id="UBERON_Instance_230644" type="identity">
            <class id="UBERON:0002037" label="cerebellum"/>
            <span end="21999" id="15588329-8867" start="21989">cerebellar</span>
        </annotation>
        <annotation annotator="Nicole Vasilevsky" id="UBERON+extensions+nested_Instance_80176" type="identity">
            <class id="UBERON:0002037" label="cerebellum"/>
            <span end="22108" id="15588329-8803" start="22106">Cb</span>
        </annotation>
        <annotation annotator="Nicole Vasilevsky" id="UBERON+extensions+nested_Instance_80178" type="identity">
            <class id="UBERON:0002037" label="cerebellum"/>
            <span end="22642" id="15588329-8805" start="22640">Cb</span>
        </annotation>
        <annotation annotator="Nicole Vasilevsky" id="UBERON+extensions+nested_Instance_80180" type="identity">
            <class id="UBERON:0002037" label="cerebellum"/>
            <span end="23156" id="15588329-8807" start="23154">Cb</span>
        </annotation>
        <annotation annotator="Nicole Vasilevsky" id="UBERON+extensions+nested_Instance_80182" type="identity">
            <class id="UBERON:0002037" label="cerebellum"/>
            <span end="23355" id="15588329-8809" start="23353">Cb</span>
        </annotation>
        <annotation annotator="Nicole Vasilevsky" id="UBERON+extensions+nested_Instance_80184" type="identity">
            <class id="UBERON:0002037" label="cerebellum"/>
            <span end="23541" id="15588329-8811" start="23539">Cb</span>
        </annotation>
        <annotation annotator="Nicole Vasilevsky" id="UBERON+extensions+nested_Instance_80186" type="identity">
            <class id="UBERON:0002037" label="cerebellum"/>
            <span end="23772" id="15588329-8813" start="23770">Cb</span>
        </annotation>
        <annotation annotator="Nicole Vasilevsky" id="UBERON+extensions+nested_Instance_80188" type="identity">
            <class id="UBERON:0002037" label="cerebellum"/>
            <span end="24439" id="15588329-8815" start="24437">Cb</span>
        </annotation>
        <annotation annotator="Nicole Vasilevsky" id="UBERON+extensions+nested_Instance_80190" type="identity">
            <class id="UBERON:0002037" label="cerebellum"/>
            <span end="24572" id="15588329-8817" start="24570">Cb</span>
        </annotation>
        <annotation annotator="Nicole Vasilevsky" id="UBERON+extensions+nested_Instance_80192" type="identity">
            <class id="UBERON:0002037" label="cerebellum"/>
            <span end="25433" id="15588329-8819" start="25431">Cb</span>
        </annotation>
        <annotation annotator="Nicole Vasilevsky" id="UBERON+extensions+nested_Instance_80194" type="identity">
            <class id="UBERON:0002037" label="cerebellum"/>
            <span end="25721" id="15588329-8821" start="25719">Cb</span>
        </annotation>
        <annotation annotator="Michael Bada" id="UBERON_Instance_331284" type="identity">
            <class id="UBERON:0002037" label="cerebellum"/>
            <span end="25742" id="15588329-8887" start="25732">cerebellar</span>
        </annotation>
        <annotation annotator="Nicole Vasilevsky" id="UBERON+extensions+nested_Instance_80196" type="identity">
            <class id="UBERON:0002037" label="cerebellum"/>
            <span end="27264" id="15588329-8823" start="27262">Cb</span>
        </annotation>
        <annotation annotator="Michael Bada" id="UBERON_Instance_230646" type="identity">
            <class id="UBERON:0002037" label="cerebellum"/>
            <span end="27279" id="15588329-8869" start="27269">cerebellar</span>
        </annotation>
        <annotation annotator="Michael Bada" id="UBERON_Instance_331286" type="identity">
            <class id="UBERON:0002037" label="cerebellum"/>
            <span end="27508" id="15588329-8889" start="27498">cerebellar</span>
        </annotation>
        <annotation annotator="Michael Bada" id="UBERON_Instance_230648" type="identity">
            <class id="UBERON:0002037" label="cerebellum"/>
            <span end="27578" id="15588329-8871" start="27569">cerebella</span>
        </annotation>
        <annotation annotator="Michael Bada" id="UBERON_Instance_230494" type="identity">
            <class id="UBERON:0002415" label="tail"/>
            <span end="27679" id="15588329-8841" start="27675">Tail</span>
        </annotation>
        <annotation annotator="Michael Bada" id="UBERON_Instance_230650" type="identity">
            <class id="UBERON:0002037" label="cerebellum"/>
            <span end="27868" id="15588329-8873" start="27859">cerebella</span>
        </annotation>
        <annotation annotator="Michael Bada" id="UBERON_Instance_230652" type="identity">
            <class id="UBERON:0002037" label="cerebellum"/>
            <span end="27995" id="15588329-8875" start="27986">cerebella</span>
        </annotation>
        <annotation annotator="Michael Bada" id="UBERON_Instance_331288" type="identity">
            <class id="UBERON:0001977" label="serum"/>
            <span end="28154" id="15588329-8891" start="28149">serum</span>
        </annotation>
        <annotation annotator="Nicole Vasilevsky" id="UBERON+extensions+nested_Instance_80198" type="identity">
            <class id="UBERON:0002037" label="cerebellum"/>
            <span end="28842" id="15588329-8825" start="28840">Cb</span>
        </annotation>
        <annotation annotator="Nicole Vasilevsky" id="UBERON+extensions+nested_Instance_80200" type="identity">
            <class id="UBERON:0002037" label="cerebellum"/>
            <span end="28861" id="15588329-8827" start="28859">Cb</span>
        </annotation>
        <annotation annotator="Michael Bada" id="UBERON_Instance_230496" type="identity">
            <class id="UBERON:0002415" label="tail"/>
            <span end="29302" id="15588329-8843" start="29298">tail</span>
        </annotation>
        <annotation annotator="Michael Bada" id="UBERON_Instance_230654" type="identity">
            <class id="UBERON:0001977" label="serum"/>
            <span end="31548" id="15588329-8877" start="31543">serum</span>
        </annotation>
        <annotation annotator="Michael Bada" id="UBERON_Instance_230672" type="identity">
            <class id="UBERON:0000479" label="tissue"/>
            <span end="32823" id="15588329-8883" start="32817">tissue</span>
        </annotation>
        <graph-space id="Old Knowtator Relations"/>
    </document>
</knowtator-project>
