<?xml version="1.0" encoding="UTF-8" standalone="no"?>
<knowtator-project>
    <document id="15630473" text-file="15630473.txt">
        <annotation annotator="Michael Bada" id="UBERON_Instance_330872" type="identity">
            <class id="UBERON:0002073" label="hair follicle"/>
            <span end="63" id="15630473-8979" start="50">Hair Follicle</span>
        </annotation>
        <annotation annotator="Michael Bada" id="UBERON_Instance_330938" type="identity">
            <class id="UBERON:0010136" label="epithelial sheet"/>
            <span end="176" id="15630473-9039" start="160">epithelial sheet</span>
        </annotation>
        <annotation annotator="Michael Bada" id="UBERON_Instance_331410" type="identity">
            <class id="UBERON:0001037" label="strand of hair"/>
            <span end="259" id="15630473-9248" start="255">hair</span>
        </annotation>
        <annotation annotator="Michael Bada" id="UBERON_Instance_330924" type="identity">
            <class id="UBERON:0007376" label="outer epithelium"/>
            <span end="722" id="15630473-9025" start="713">epidermis</span>
        </annotation>
        <annotation annotator="Michael Bada" id="UBERON_Instance_331420" type="identity">
            <class id="UBERON:0001037" label="strand of hair"/>
            <span end="1362" id="15630473-9250" start="1358">hair</span>
        </annotation>
        <annotation annotator="Michael Bada" id="UBERON_Instance_330926" type="identity">
            <class id="UBERON:0000062" label="organ"/>
            <span end="1625" id="15630473-9027" start="1619">organs</span>
        </annotation>
        <annotation annotator="Michael Bada" id="UBERON_Instance_330928" type="identity">
            <class id="UBERON:0002048" label="lung"/>
            <span end="1642" id="15630473-9029" start="1637">lungs</span>
        </annotation>
        <annotation annotator="Michael Bada" id="UBERON_Instance_330930" type="identity">
            <class id="UBERON:0002240" label="spinal cord"/>
            <span end="1655" id="15630473-9031" start="1644">spinal cord</span>
        </annotation>
        <annotation annotator="Michael Bada" id="UBERON_Instance_330932" type="identity">
            <class id="UBERON:0001911" label="mammary gland"/>
            <span end="1671" id="15630473-9033" start="1657">mammary glands</span>
        </annotation>
        <annotation annotator="Michael Bada" id="UBERON_Instance_330874" type="identity">
            <class id="UBERON:0002073" label="hair follicle"/>
            <span end="1691" id="15630473-8981" start="1677">hair follicles</span>
        </annotation>
        <annotation annotator="Michael Bada" id="UBERON_Instance_330934" type="identity">
            <class id="UBERON:0000483" label="epithelium"/>
            <span end="1733" id="15630473-9035" start="1723">epithelial</span>
        </annotation>
        <annotation annotator="Michael Bada" id="UBERON_Instance_330936" type="identity">
            <class id="UBERON:0010136" label="epithelial sheet"/>
            <span end="1828" id="15630473-9037" start="1812">epithelial sheet</span>
        </annotation>
        <annotation annotator="Michael Bada" id="UBERON_Instance_330942" type="identity">
            <class id="UBERON:0003104" label="mesenchyme"/>
            <span end="1873" id="15630473-9041" start="1863">mesenchyme</span>
        </annotation>
        <annotation annotator="Michael Bada" id="UBERON_Instance_330944" type="identity">
            <class id="UBERON:0000483" label="epithelium"/>
            <span end="1961" id="15630473-9043" start="1951">epithelium</span>
        </annotation>
        <annotation annotator="Michael Bada" id="UBERON_Instance_330946" type="identity">
            <class id="UBERON:0003104" label="mesenchyme"/>
            <span end="1976" id="15630473-9045" start="1966">mesenchyme</span>
        </annotation>
        <annotation annotator="Michael Bada" id="UBERON_Instance_330948" type="identity">
            <class id="UBERON:0000062" label="organ"/>
            <span end="2013" id="15630473-9047" start="2008">organ</span>
        </annotation>
        <annotation annotator="Michael Bada" id="UBERON_Instance_330952" type="identity">
            <class id="UBERON:0010136" label="epithelial sheet"/>
            <span end="2986" id="15630473-9049" start="2970">epithelial sheet</span>
        </annotation>
        <annotation annotator="Nicole Vasilevsky" id="UBERON+extension_classes_Instance_70336" type="identity">
            <class id="UBERON:0000483" label="epithelium"/>
            <span end="3202" id="15630473-8897" start="3192">epithelial</span>
        </annotation>
        <annotation annotator="Michael Bada" id="UBERON_Instance_330958" type="identity">
            <class id="UBERON:0003104" label="mesenchyme"/>
            <span end="3214" id="15630473-9051" start="3203">mesenchymal</span>
        </annotation>
        <annotation annotator="Michael Bada" id="UBERON_Instance_330960" type="identity">
            <class id="UBERON:0000062" label="organ"/>
            <span end="3433" id="15630473-9053" start="3427">organs</span>
        </annotation>
        <annotation annotator="Michael Bada" id="UBERON_Instance_330876" type="identity">
            <class id="UBERON:0002073" label="hair follicle"/>
            <span end="3449" id="15630473-8983" start="3435">hair follicles</span>
        </annotation>
        <annotation annotator="Nicole Vasilevsky" id="UBERON+extension_classes_Instance_40020" type="identity">
            <class id="UBERON:0005153" label="epithelial bud"/>
            <span end="3505" id="15630473-8895" start="3491">epithelial bud</span>
        </annotation>
        <annotation annotator="Michael Bada" id="UBERON_Instance_230554" type="identity">
            <class id="UBERON:0019204" label="skin epithelium"/>
            <span end="3542" id="15630473-8949" start="3527">skin epithelium</span>
        </annotation>
        <annotation annotator="Michael Bada" id="UBERON_Instance_230510" type="identity">
            <class id="UBERON:0000924" label="ectoderm"/>
            <span end="3593" id="15630473-8931" start="3583">ectodermal</span>
        </annotation>
        <annotation annotator="Michael Bada" id="UBERON_Instance_330964" type="identity">
            <class id="UBERON:0003104" label="mesenchyme"/>
            <span end="3644" id="15630473-9055" start="3633">mesenchymal</span>
        </annotation>
        <annotation annotator="Nicole Vasilevsky" id="UBERON+extension_classes_Instance_70338" type="identity">
            <class id="UBERON:0000483" label="epithelium"/>
            <span end="3734" id="15630473-8899" start="3724">epithelial</span>
        </annotation>
        <annotation annotator="Michael Bada" id="UBERON_Instance_330966" type="identity">
            <class id="UBERON:0003104" label="mesenchyme"/>
            <span end="3746" id="15630473-9057" start="3735">mesenchymal</span>
        </annotation>
        <annotation annotator="Michael Bada" id="UBERON_Instance_330970" type="identity">
            <class id="UBERON:0000483" label="epithelium"/>
            <span end="3833" id="15630473-9059" start="3823">epithelial</span>
        </annotation>
        <annotation annotator="Michael Bada" id="UBERON_Instance_330972" type="identity">
            <class id="UBERON:0003104" label="mesenchyme"/>
            <span end="3897" id="15630473-9061" start="3886">mesenchymal</span>
        </annotation>
        <annotation annotator="Michael Bada" id="UBERON_Instance_330974" type="identity">
            <class id="UBERON:0000412" label="dermal papilla"/>
            <span end="3951" id="15630473-9063" start="3937">dermal papilla</span>
        </annotation>
        <annotation annotator="Michael Bada" id="UBERON_Instance_330878" type="identity">
            <class id="UBERON:0002073" label="hair follicle"/>
            <span end="4007" id="15630473-8985" start="3994">hair follicle</span>
        </annotation>
        <annotation annotator="Michael Bada" id="UBERON_Instance_330976" type="identity">
            <class id="UBERON:0000412" label="dermal papilla"/>
            <span end="4076" id="15630473-9065" start="4062">dermal papilla</span>
        </annotation>
        <annotation annotator="Michael Bada" id="UBERON_Instance_330980" type="identity">
            <class id="UBERON:0002067" label="dermis"/>
            <span end="4144" id="15630473-9067" start="4138">dermis</span>
        </annotation>
        <annotation annotator="Michael Bada" id="UBERON_Instance_330984" type="identity">
            <class id="UBERON:0000483" label="epithelium"/>
            <span end="4302" id="15630473-9069" start="4292">epithelial</span>
        </annotation>
        <annotation annotator="Michael Bada" id="UBERON_Instance_330986" type="identity">
            <class id="UBERON:0003104" label="mesenchyme"/>
            <span end="4318" id="15630473-9071" start="4307">mesenchymal</span>
        </annotation>
        <annotation annotator="Michael Bada" id="UBERON_Instance_330990" type="identity">
            <class id="UBERON:0011817" label="follicle placode"/>
            <span end="4511" id="15630473-9073" start="4495">follicle placode</span>
        </annotation>
        <annotation annotator="Michael Bada" id="UBERON_Instance_330992" type="identity">
            <class id="UBERON:0000483" label="epithelium"/>
            <span end="4691" id="15630473-9075" start="4681">epithelial</span>
        </annotation>
        <annotation annotator="Michael Bada" id="UBERON_Instance_330880" type="identity">
            <class id="UBERON:0002073" label="hair follicle"/>
            <span end="4881" id="15630473-8987" start="4868">hair follicle</span>
        </annotation>
        <annotation annotator="Michael Bada" id="UBERON_Instance_330996" type="identity">
            <class id="UBERON:0010136" label="epithelial sheet"/>
            <span end="5348" id="15630473-9077" start="5332">epithelial sheet</span>
        </annotation>
        <annotation annotator="Michael Bada" id="UBERON_Instance_330998" type="identity">
            <class id="UBERON:0000483" label="epithelium"/>
            <span end="6271" id="15630473-9079" start="6261">epithelial</span>
        </annotation>
        <annotation annotator="Michael Bada" id="UBERON_Instance_331000" type="identity">
            <class id="UBERON:0003104" label="mesenchyme"/>
            <span end="6286" id="15630473-9081" start="6275">mesenchymal</span>
        </annotation>
        <annotation annotator="Michael Bada" id="UBERON_Instance_340222" type="identity">
            <class id="UBERON:0000483" label="epithelium"/>
            <span end="6371" id="15630473-9430" start="6361">epithelial</span>
        </annotation>
        <annotation annotator="Michael Bada" id="UBERON_Instance_331002" type="identity">
            <class id="UBERON:0003104" label="mesenchyme"/>
            <span end="6401" id="15630473-9083" start="6390">mesenchymal</span>
        </annotation>
        <annotation annotator="Michael Bada" id="UBERON_Instance_331442" type="identity">
            <class id="UBERON:0001037" label="strand of hair"/>
            <span end="6915" id="15630473-9252" start="6911">hair</span>
        </annotation>
        <annotation annotator="Michael Bada" id="UBERON_Instance_331448" type="identity">
            <class id="UBERON:0001037" label="strand of hair"/>
            <span end="7248" id="15630473-9254" start="7244">hair</span>
        </annotation>
        <annotation annotator="Michael Bada" id="UBERON_Instance_331450" type="identity">
            <class id="UBERON:0001037" label="strand of hair"/>
            <span end="7418" id="15630473-9256" start="7414">hair</span>
        </annotation>
        <annotation annotator="Michael Bada" id="UBERON_Instance_230416" type="identity">
            <class id="UBERON:0000922" label="embryo"/>
            <span end="7595" id="15630473-8905" start="7586">embryonic</span>
        </annotation>
        <annotation annotator="Michael Bada" id="UBERON_Instance_230562" type="identity">
            <class id="UBERON:0019204" label="skin epithelium"/>
            <span end="7873" id="15630473-8951" start="7858">skin epithelium</span>
        </annotation>
        <annotation annotator="Michael Bada" id="UBERON_Instance_331454" type="identity">
            <class id="UBERON:0005086" label="hair follicle placode"/>
            <span end="7950" id="15630473-9258" start="7937">hair placodes</span>
        </annotation>
        <annotation annotator="Michael Bada" id="UBERON_Instance_331460" type="identity">
            <class id="UBERON:0001037" label="strand of hair"/>
            <span end="8254" id="15630473-9260" start="8250">Hair</span>
        </annotation>
        <annotation annotator="Michael Bada" id="UBERON_Instance_331010" type="identity">
            <class id="UBERON:0000483" label="epithelium"/>
            <span end="8633" id="15630473-9085" start="8623">epithelial</span>
        </annotation>
        <annotation annotator="Michael Bada" id="UBERON_Instance_330882" type="identity">
            <class id="UBERON:0002073" label="hair follicle"/>
            <span end="8678" id="15630473-8989" start="8665">hair follicle</span>
        </annotation>
        <annotation annotator="Michael Bada" id="UBERON_Instance_330884" type="identity">
            <class id="UBERON:0002073" label="hair follicle"/>
            <span end="8928" id="15630473-8991" start="8915">hair follicle</span>
        </annotation>
        <annotation annotator="Michael Bada" id="UBERON_Instance_330886" type="identity">
            <class id="UBERON:0002073" label="hair follicle"/>
            <span end="9171" id="15630473-8993" start="9157">hair follicles</span>
        </annotation>
        <annotation annotator="Michael Bada" id="UBERON_Instance_230418" type="identity">
            <class id="UBERON:0000922" label="embryo"/>
            <span end="9395" id="15630473-8907" start="9386">Embryonic</span>
        </annotation>
        <annotation annotator="Michael Bada" id="UBERON_Instance_331014" type="identity">
            <class id="UBERON:0000483" label="epithelium"/>
            <span end="9655" id="15630473-9087" start="9645">epithelium</span>
        </annotation>
        <annotation annotator="Michael Bada" id="UBERON_Instance_331464" type="identity">
            <class id="UBERON:0001037" label="strand of hair"/>
            <span end="9671" id="15630473-9262" start="9667">hair</span>
        </annotation>
        <annotation annotator="Michael Bada" id="UBERON_Instance_331470" type="identity">
            <class id="UBERON:0001037" label="strand of hair"/>
            <span end="10055" id="15630473-9264" start="10051">hair</span>
        </annotation>
        <annotation annotator="Michael Bada" id="UBERON_Instance_230420" type="identity">
            <class id="UBERON:0000922" label="embryo"/>
            <span end="10762" id="15630473-8909" start="10753">embryonic</span>
        </annotation>
        <annotation annotator="Michael Bada" id="UBERON_Instance_330888" type="identity">
            <class id="UBERON:0002073" label="hair follicle"/>
            <span end="10850" id="15630473-8995" start="10837">hair follicle</span>
        </annotation>
        <annotation annotator="Michael Bada" id="UBERON_Instance_340228" type="identity">
            <class id="UBERON:0010164" label="collection of hairs"/>
            <span end="10912" id="15630473-9432" start="10908">hair</span>
        </annotation>
        <annotation annotator="Michael Bada" id="UBERON_Instance_230548" type="identity">
            <class id="UBERON:0007376" label="outer epithelium"/>
            <span end="11071" id="15630473-8947" start="11062">epidermis</span>
        </annotation>
        <annotation annotator="Michael Bada" id="UBERON_Instance_331028" type="identity">
            <class id="UBERON:0000924" label="ectoderm"/>
            <span end="11209" id="15630473-9089" start="11191">embryonic ectoderm</span>
        </annotation>
        <annotation annotator="Michael Bada" id="UBERON_Instance_331472" type="identity">
            <class id="UBERON:0001037" label="strand of hair"/>
            <span end="11219" id="15630473-9266" start="11215">hair</span>
        </annotation>
        <annotation annotator="Michael Bada" id="UBERON_Instance_331030" type="identity">
            <class id="UBERON:0002073" label="hair follicle"/>
            <span end="11331" id="15630473-9091" start="11327">hair</span>
            <span end="11354" id="15630473-9092" start="11345">follicles</span>
        </annotation>
        <annotation annotator="Michael Bada" id="UBERON_Instance_331480" type="identity">
            <class id="UBERON:0001037" label="strand of hair"/>
            <span end="11747" id="15630473-9268" start="11743">hair</span>
        </annotation>
        <annotation annotator="Michael Bada" id="UBERON_Instance_331482" type="identity">
            <class id="UBERON:0001037" label="strand of hair"/>
            <span end="11860" id="15630473-9270" start="11856">hair</span>
        </annotation>
        <annotation annotator="Michael Bada" id="UBERON_Instance_331034" type="identity">
            <class id="UBERON:0010512" label="strand of guard hair"/>
            <span end="12138" id="15630473-9094" start="12127">guard hairs</span>
        </annotation>
        <annotation annotator="Michael Bada" id="UBERON_Instance_331036" type="identity">
            <class id="UBERON:0001037" label="strand of hair"/>
            <span end="12173" id="15630473-9096" start="12168">hairs</span>
        </annotation>
        <annotation annotator="Michael Bada" id="UBERON_Instance_230466" type="identity">
            <class id="UBERON:0010166" label="coat of hair"/>
            <span end="12245" id="15630473-8927" start="12241">coat</span>
        </annotation>
        <annotation annotator="Michael Bada" id="UBERON_Instance_331490" type="identity">
            <class id="UBERON:0001037" label="strand of hair"/>
            <span end="12712" id="15630473-9272" start="12708">hair</span>
        </annotation>
        <annotation annotator="Michael Bada" id="UBERON_Instance_331492" type="identity">
            <class id="UBERON:0001037" label="strand of hair"/>
            <span end="12801" id="15630473-9274" start="12797">hair</span>
        </annotation>
        <annotation annotator="Michael Bada" id="UBERON_Instance_331496" type="identity">
            <class id="UBERON:0005086" label="hair follicle placode"/>
            <span end="12913" id="15630473-9276" start="12901">hair placode</span>
        </annotation>
        <annotation annotator="Michael Bada" id="UBERON_Instance_331502" type="identity">
            <class id="UBERON:0001037" label="strand of hair"/>
            <span end="12954" id="15630473-9278" start="12950">hair</span>
        </annotation>
        <annotation annotator="Michael Bada" id="UBERON_Instance_230516" type="identity">
            <class id="UBERON:0007376" label="outer epithelium"/>
            <span end="13089" id="15630473-8933" start="13080">Epidermal</span>
        </annotation>
        <annotation annotator="Michael Bada" id="UBERON_Instance_331508" type="identity">
            <class id="UBERON:0001037" label="strand of hair"/>
            <span end="13214" id="15630473-9280" start="13210">hair</span>
        </annotation>
        <annotation annotator="Michael Bada" id="UBERON_Instance_230576" type="identity">
            <class id="UBERON:0001003" label="skin epidermis"/>
            <span end="13361" id="15630473-8953" start="13347">skin epidermis</span>
        </annotation>
        <annotation annotator="Michael Bada" id="UBERON_Instance_331040" type="identity">
            <class id="UBERON:0002415" label="tail"/>
            <span end="14054" id="15630473-9098" start="14049">tails</span>
        </annotation>
        <annotation annotator="Michael Bada" id="UBERON_Instance_230518" type="identity">
            <class id="UBERON:0007376" label="outer epithelium"/>
            <span end="14170" id="15630473-8935" start="14161">epidermal</span>
        </annotation>
        <annotation annotator="Michael Bada" id="UBERON_Instance_331776" type="identity">
            <class id="UBERON:0010402" label="epidermis suprabasal layer"/>
            <span end="14675" id="15630473-9408" start="14658">suprabasal layers</span>
        </annotation>
        <annotation annotator="Michael Bada" id="UBERON_Instance_331042" type="identity">
            <class id="UBERON:0007376" label="outer epithelium"/>
            <span end="14832" id="15630473-9100" start="14823">epidermis</span>
        </annotation>
        <annotation annotator="Michael Bada" id="UBERON_Instance_290002" type="identity">
            <class id="UBERON:0002026" label="stratum spinosum of epidermis"/>
            <span end="14977" id="15630473-8976" start="14971">layers</span>
            <span end="14990" id="15630473-8977" start="14983">spinous</span>
        </annotation>
        <annotation annotator="Michael Bada" id="UBERON_Instance_331778" type="identity">
            <class id="UBERON:0002025" label="stratum basale of epidermis"/>
            <span end="15142" id="15630473-9410" start="15131">basal layer</span>
        </annotation>
        <annotation annotator="Michael Bada" id="UBERON_Instance_331784" type="identity">
            <class id="UBERON:0010402" label="epidermis suprabasal layer"/>
            <span end="15432" id="15630473-9418" start="15420">suprabasally</span>
        </annotation>
        <annotation annotator="Michael Bada" id="UBERON_Instance_331044" type="identity">
            <class id="UBERON:0000483" label="epithelium"/>
            <span end="15582" id="15630473-9102" start="15572">epithelial</span>
        </annotation>
        <annotation annotator="Michael Bada" id="UBERON_Instance_230520" type="identity">
            <class id="UBERON:0007376" label="outer epithelium"/>
            <span end="15626" id="15630473-8937" start="15617">epidermal</span>
        </annotation>
        <annotation annotator="Michael Bada" id="UBERON_Instance_230522" type="identity">
            <class id="UBERON:0007376" label="outer epithelium"/>
            <span end="16046" id="15630473-8939" start="16037">epidermal</span>
        </annotation>
        <annotation annotator="Michael Bada" id="UBERON_Instance_331510" type="identity">
            <class id="UBERON:0001037" label="strand of hair"/>
            <span end="16190" id="15630473-9282" start="16186">hair</span>
        </annotation>
        <annotation annotator="Michael Bada" id="UBERON_Instance_230424" type="identity">
            <class id="UBERON:0000922" label="embryo"/>
            <span end="16207" id="15630473-8911" start="16198">embryonic</span>
        </annotation>
        <annotation annotator="Michael Bada" id="UBERON_Instance_331046" type="identity">
            <class id="UBERON:0007376" label="outer epithelium"/>
            <span end="16319" id="15630473-9104" start="16310">epidermis</span>
        </annotation>
        <annotation annotator="Michael Bada" id="UBERON_Instance_331048" type="identity">
            <class id="UBERON:0002067" label="dermis"/>
            <span end="16335" id="15630473-9106" start="16329">dermis</span>
        </annotation>
        <annotation annotator="Michael Bada" id="UBERON_Instance_230462" type="identity">
            <class id="UBERON:0007023" label="adult organism"/>
            <span end="16364" id="15630473-8923" start="16359">adult</span>
        </annotation>
        <annotation annotator="Michael Bada" id="UBERON_Instance_331050" type="identity">
            <class id="UBERON:0007376" label="outer epithelium"/>
            <span end="16466" id="15630473-9108" start="16457">epidermis</span>
        </annotation>
        <annotation annotator="Michael Bada" id="UBERON_Instance_230524" type="identity">
            <class id="UBERON:0007376" label="outer epithelium"/>
            <span end="16529" id="15630473-8941" start="16520">Epidermal</span>
        </annotation>
        <annotation annotator="Michael Bada" id="UBERON_Instance_331516" type="identity">
            <class id="UBERON:0001037" label="strand of hair"/>
            <span end="16769" id="15630473-9284" start="16765">hair</span>
        </annotation>
        <annotation annotator="Michael Bada" id="UBERON_Instance_331052" type="identity">
            <class id="UBERON:0007376" label="outer epithelium"/>
            <span end="16881" id="15630473-9110" start="16872">epidermis</span>
        </annotation>
        <annotation annotator="Michael Bada" id="UBERON_Instance_331054" type="identity">
            <class id="UBERON:0007376" label="outer epithelium"/>
            <span end="17367" id="15630473-9112" start="17358">epidermis</span>
        </annotation>
        <annotation annotator="Michael Bada" id="UBERON_Instance_340234" type="identity">
            <class id="UBERON:0001690" label="ear"/>
            <span end="17455" id="15630473-9434" start="17452">ear</span>
        </annotation>
        <annotation annotator="Michael Bada" id="UBERON_Instance_340236" type="identity">
            <class id="UBERON:0001137" label="dorsum"/>
            <span end="17562" id="15630473-9436" start="17558">back</span>
        </annotation>
        <annotation annotator="Michael Bada" id="UBERON_Instance_340238" type="identity">
            <class id="UBERON:0001690" label="ear"/>
            <span end="17575" id="15630473-9438" start="17572">ear</span>
        </annotation>
        <annotation annotator="Michael Bada" id="UBERON_Instance_230592" type="identity">
            <class id="UBERON:0019204" label="skin epithelium"/>
            <span end="19078" id="15630473-8955" start="19063">skin epithelium</span>
        </annotation>
        <annotation annotator="Michael Bada" id="UBERON_Instance_331520" type="identity">
            <class id="UBERON:0001037" label="strand of hair"/>
            <span end="19105" id="15630473-9286" start="19101">hair</span>
        </annotation>
        <annotation annotator="Michael Bada" id="UBERON_Instance_331058" type="identity">
            <class id="UBERON:0007376" label="outer epithelium"/>
            <span end="19284" id="15630473-9114" start="19275">epidermis</span>
        </annotation>
        <annotation annotator="Michael Bada" id="UBERON_Instance_331526" type="identity">
            <class id="UBERON:0001037" label="strand of hair"/>
            <span end="19293" id="15630473-9288" start="19289">hair</span>
        </annotation>
        <annotation annotator="Michael Bada" id="UBERON_Instance_331528" type="identity">
            <class id="UBERON:0007376" label="outer epithelium"/>
            <span end="19499" id="15630473-9290" start="19490">epidermis</span>
        </annotation>
        <annotation annotator="Michael Bada" id="UBERON_Instance_331060" type="identity">
            <class id="UBERON:0007376" label="outer epithelium"/>
            <span end="20421" id="15630473-9116" start="20412">epidermis</span>
        </annotation>
        <annotation annotator="Michael Bada" id="UBERON_Instance_331062" type="identity">
            <class id="UBERON:0007376" label="outer epithelium"/>
            <span end="20620" id="15630473-9118" start="20611">epidermis</span>
        </annotation>
        <annotation annotator="Michael Bada" id="UBERON_Instance_331064" type="identity">
            <class id="UBERON:0007376" label="outer epithelium"/>
            <span end="20904" id="15630473-9120" start="20895">epidermis</span>
        </annotation>
        <annotation annotator="Michael Bada" id="UBERON_Instance_331066" type="identity">
            <class id="UBERON:0007376" label="outer epithelium"/>
            <span end="21312" id="15630473-9122" start="21303">epidermis</span>
        </annotation>
        <annotation annotator="Michael Bada" id="UBERON_Instance_331068" type="identity">
            <class id="UBERON:0007376" label="outer epithelium"/>
            <span end="21569" id="15630473-9124" start="21560">epidermis</span>
        </annotation>
        <annotation annotator="Michael Bada" id="UBERON_Instance_331070" type="identity">
            <class id="UBERON:0001977" label="serum"/>
            <span end="22235" id="15630473-9126" start="22230">serum</span>
        </annotation>
        <annotation annotator="Michael Bada" id="UBERON_Instance_331072" type="identity">
            <class id="UBERON:0001977" label="serum"/>
            <span end="22768" id="15630473-9128" start="22763">serum</span>
        </annotation>
        <annotation annotator="Michael Bada" id="UBERON_Instance_230600" type="identity">
            <class id="UBERON:0019204" label="skin epithelium"/>
            <span end="23301" id="15630473-8957" start="23286">skin epithelium</span>
        </annotation>
        <annotation annotator="Michael Bada" id="UBERON_Instance_331530" type="identity">
            <class id="UBERON:0001037" label="strand of hair"/>
            <span end="23611" id="15630473-9292" start="23607">Hair</span>
        </annotation>
        <annotation annotator="Michael Bada" id="UBERON_Instance_331536" type="identity">
            <class id="UBERON:0001037" label="strand of hair"/>
            <span end="23672" id="15630473-9294" start="23668">hair</span>
        </annotation>
        <annotation annotator="Michael Bada" id="UBERON_Instance_331538" type="identity">
            <class id="UBERON:0001037" label="strand of hair"/>
            <span end="23946" id="15630473-9296" start="23942">hair</span>
        </annotation>
        <annotation annotator="Michael Bada" id="UBERON_Instance_330890" type="identity">
            <class id="UBERON:0002073" label="hair follicle"/>
            <span end="24682" id="15630473-8997" start="24669">hair follicle</span>
        </annotation>
        <annotation annotator="Michael Bada" id="UBERON_Instance_331074" type="identity">
            <class id="UBERON:0000948" label="heart"/>
            <span end="24898" id="15630473-9130" start="24893">heart</span>
        </annotation>
        <annotation annotator="Michael Bada" id="UBERON_Instance_330892" type="identity">
            <class id="UBERON:0002073" label="hair follicle"/>
            <span end="25061" id="15630473-8999" start="25048">hair follicle</span>
        </annotation>
        <annotation annotator="Michael Bada" id="UBERON_Instance_331546" type="identity">
            <class id="UBERON:0001037" label="strand of hair"/>
            <span end="25207" id="15630473-9298" start="25203">hair</span>
        </annotation>
        <annotation annotator="Michael Bada" id="UBERON_Instance_331780" type="identity">
            <class id="UBERON:0002025" label="stratum basale of epidermis"/>
            <span end="25372" id="15630473-9412" start="25358">basal layer of</span>
            <span end="25386" id="15630473-9413" start="25377">epidermis</span>
        </annotation>
        <annotation annotator="Michael Bada" id="UBERON_Instance_331080" type="identity">
            <class id="UBERON:0000483" label="epithelium"/>
            <span end="25596" id="15630473-9132" start="25586">epithelial</span>
        </annotation>
        <annotation annotator="Michael Bada" id="UBERON_Instance_330894" type="identity">
            <class id="UBERON:0002073" label="hair follicle"/>
            <span end="28196" id="15630473-9001" start="28183">hair follicle</span>
        </annotation>
        <annotation annotator="Michael Bada" id="UBERON_Instance_230426" type="identity">
            <class id="UBERON:0000922" label="embryo"/>
            <span end="28223" id="15630473-8913" start="28214">embryonic</span>
        </annotation>
        <annotation annotator="Michael Bada" id="UBERON_Instance_331552" type="identity">
            <class id="UBERON:0001037" label="strand of hair"/>
            <span end="28304" id="15630473-9300" start="28300">hair</span>
        </annotation>
        <annotation annotator="Michael Bada" id="UBERON_Instance_331558" type="identity">
            <class id="UBERON:0001037" label="strand of hair"/>
            <span end="28396" id="15630473-9302" start="28392">hair</span>
        </annotation>
        <annotation annotator="Michael Bada" id="UBERON_Instance_331560" type="identity">
            <class id="UBERON:0001037" label="strand of hair"/>
            <span end="28493" id="15630473-9304" start="28489">hair</span>
        </annotation>
        <annotation annotator="Michael Bada" id="UBERON_Instance_331568" type="identity">
            <class id="UBERON:0001037" label="strand of hair"/>
            <span end="28782" id="15630473-9306" start="28778">hair</span>
        </annotation>
        <annotation annotator="Michael Bada" id="UBERON_Instance_331574" type="identity">
            <class id="UBERON:0001037" label="strand of hair"/>
            <span end="28933" id="15630473-9308" start="28929">hair</span>
        </annotation>
        <annotation annotator="Michael Bada" id="UBERON_Instance_331576" type="identity">
            <class id="UBERON:0001037" label="strand of hair"/>
            <span end="29084" id="15630473-9310" start="29080">hair</span>
        </annotation>
        <annotation annotator="Michael Bada" id="UBERON_Instance_230428" type="identity">
            <class id="UBERON:0000922" label="embryo"/>
            <span end="29189" id="15630473-8915" start="29182">embryos</span>
        </annotation>
        <annotation annotator="Michael Bada" id="UBERON_Instance_331794" type="identity">
            <class id="UBERON:0001037" label="strand of hair"/>
            <span end="29366" id="15630473-9420" start="29362">hair</span>
        </annotation>
        <annotation annotator="Michael Bada" id="UBERON_Instance_331582" type="identity">
            <class id="UBERON:0001037" label="strand of hair"/>
            <span end="29441" id="15630473-9312" start="29437">hair</span>
        </annotation>
        <annotation annotator="Michael Bada" id="UBERON_Instance_331588" type="identity">
            <class id="UBERON:0001037" label="strand of hair"/>
            <span end="29868" id="15630473-9314" start="29864">hair</span>
        </annotation>
        <annotation annotator="Michael Bada" id="UBERON_Instance_331594" type="identity">
            <class id="UBERON:0001037" label="strand of hair"/>
            <span end="29998" id="15630473-9316" start="29994">hair</span>
        </annotation>
        <annotation annotator="Michael Bada" id="UBERON_Instance_331088" type="identity">
            <class id="UBERON:0000483" label="epithelium"/>
            <span end="30185" id="15630473-9134" start="30175">epithelial</span>
        </annotation>
        <annotation annotator="Michael Bada" id="UBERON_Instance_331606" type="identity">
            <class id="UBERON:0001037" label="strand of hair"/>
            <span end="30659" id="15630473-9318" start="30655">hair</span>
        </annotation>
        <annotation annotator="Michael Bada" id="UBERON_Instance_331614" type="identity">
            <class id="UBERON:0001037" label="strand of hair"/>
            <span end="31088" id="15630473-9320" start="31084">hair</span>
        </annotation>
        <annotation annotator="Michael Bada" id="UBERON_Instance_331092" type="identity">
            <class id="UBERON:0001037" label="strand of hair"/>
            <span end="31425" id="15630473-9136" start="31421">hair</span>
        </annotation>
        <annotation annotator="Michael Bada" id="UBERON_Instance_331094" type="identity">
            <class id="UBERON:0002073" label="hair follicle"/>
            <span end="31657" id="15630473-9138" start="31644">hair follicle</span>
        </annotation>
        <annotation annotator="Michael Bada" id="UBERON_Instance_331618" type="identity">
            <class id="UBERON:0001037" label="strand of hair"/>
            <span end="31747" id="15630473-9322" start="31743">hair</span>
        </annotation>
        <annotation annotator="Michael Bada" id="UBERON_Instance_331096" type="identity">
            <class id="UBERON:0000483" label="epithelium"/>
            <span end="32066" id="15630473-9140" start="32056">epithelium</span>
        </annotation>
        <annotation annotator="Michael Bada" id="UBERON_Instance_331098" type="identity">
            <class id="UBERON:0003104" label="mesenchyme"/>
            <span end="32081" id="15630473-9142" start="32071">mesenchyme</span>
        </annotation>
        <annotation annotator="Michael Bada" id="UBERON_Instance_331100" type="identity">
            <class id="UBERON:0000062" label="organ"/>
            <span end="32286" id="15630473-9144" start="32281">organ</span>
        </annotation>
        <annotation annotator="Michael Bada" id="UBERON_Instance_331624" type="identity">
            <class id="UBERON:0001037" label="strand of hair"/>
            <span end="32712" id="15630473-9324" start="32708">hair</span>
        </annotation>
        <annotation annotator="Michael Bada" id="UBERON_Instance_330896" type="identity">
            <class id="UBERON:0002073" label="hair follicle"/>
            <span end="32784" id="15630473-9003" start="32771">Hair Follicle</span>
        </annotation>
        <annotation annotator="Michael Bada" id="UBERON_Instance_331626" type="identity">
            <class id="UBERON:0001037" label="strand of hair"/>
            <span end="32822" id="15630473-9326" start="32818">hair</span>
        </annotation>
        <annotation annotator="Michael Bada" id="UBERON_Instance_331104" type="identity">
            <class id="UBERON:0000483" label="epithelium"/>
            <span end="32892" id="15630473-9146" start="32882">epithelium</span>
        </annotation>
        <annotation annotator="Michael Bada" id="UBERON_Instance_331106" type="identity">
            <class id="UBERON:0003104" label="mesenchyme"/>
            <span end="32950" id="15630473-9148" start="32940">mesenchyme</span>
        </annotation>
        <annotation annotator="Michael Bada" id="UBERON_Instance_330898" type="identity">
            <class id="UBERON:0002073" label="hair follicle"/>
            <span end="33103" id="15630473-9005" start="33090">hair follicle</span>
        </annotation>
        <annotation annotator="Michael Bada" id="UBERON_Instance_331634" type="identity">
            <class id="UBERON:0001037" label="strand of hair"/>
            <span end="33319" id="15630473-9328" start="33315">hair</span>
        </annotation>
        <annotation annotator="Michael Bada" id="UBERON_Instance_331114" type="identity">
            <class id="UBERON:0010512" label="strand of guard hair"/>
            <span end="33450" id="15630473-9150" start="33440">guard hair</span>
        </annotation>
        <annotation annotator="Michael Bada" id="UBERON_Instance_331116" type="identity">
            <class id="UBERON:0001037" label="strand of hair"/>
            <span end="33525" id="15630473-9152" start="33520">hairs</span>
        </annotation>
        <annotation annotator="Michael Bada" id="UBERON_Instance_331118" type="identity">
            <class id="UBERON:0010512" label="strand of guard hair"/>
            <span end="33579" id="15630473-9154" start="33568">Guard hairs</span>
        </annotation>
        <annotation annotator="Michael Bada" id="UBERON_Instance_331120" type="identity">
            <class id="UBERON:0010512" label="strand of guard hair"/>
            <span end="33774" id="15630473-9156" start="33763">guard hairs</span>
        </annotation>
        <annotation annotator="Michael Bada" id="UBERON_Instance_230464" type="identity">
            <class id="UBERON:0007023" label="adult organism"/>
            <span end="34374" id="15630473-8925" start="34369">adult</span>
        </annotation>
        <annotation annotator="Michael Bada" id="UBERON_Instance_331122" type="identity">
            <class id="UBERON:0001037" label="strand of hair"/>
            <span end="34379" id="15630473-9158" start="34375">hair</span>
        </annotation>
        <annotation annotator="Michael Bada" id="UBERON_Instance_330900" type="identity">
            <class id="UBERON:0002073" label="hair follicle"/>
            <span end="34653" id="15630473-9007" start="34639">hair follicles</span>
        </annotation>
        <annotation annotator="Michael Bada" id="UBERON_Instance_230430" type="identity">
            <class id="UBERON:0000922" label="embryo"/>
            <span end="34693" id="15630473-8917" start="34684">embryonic</span>
        </annotation>
        <annotation annotator="Michael Bada" id="UBERON_Instance_230432" type="identity">
            <class id="UBERON:0000922" label="embryo"/>
            <span end="34795" id="15630473-8919" start="34786">embryonic</span>
        </annotation>
        <annotation annotator="Michael Bada" id="UBERON_Instance_330902" type="identity">
            <class id="UBERON:0002073" label="hair follicle"/>
            <span end="35137" id="15630473-9009" start="35124">hair follicle</span>
        </annotation>
        <annotation annotator="Michael Bada" id="UBERON_Instance_331636" type="identity">
            <class id="UBERON:0001037" label="strand of hair"/>
            <span end="35614" id="15630473-9330" start="35610">hair</span>
        </annotation>
        <annotation annotator="Michael Bada" id="UBERON_Instance_331642" type="identity">
            <class id="UBERON:0001037" label="strand of hair"/>
            <span end="35989" id="15630473-9332" start="35985">hair</span>
        </annotation>
        <annotation annotator="Michael Bada" id="UBERON_Instance_331130" type="identity">
            <class id="UBERON:0000483" label="epithelium"/>
            <span end="36040" id="15630473-9160" start="36030">epithelial</span>
        </annotation>
        <annotation annotator="Michael Bada" id="UBERON_Instance_331644" type="identity">
            <class id="UBERON:0001037" label="strand of hair"/>
            <span end="36270" id="15630473-9334" start="36266">hair</span>
        </annotation>
        <annotation annotator="Michael Bada" id="UBERON_Instance_330904" type="identity">
            <class id="UBERON:0002073" label="hair follicle"/>
            <span end="36559" id="15630473-9011" start="36546">hair follicle</span>
        </annotation>
        <annotation annotator="Michael Bada" id="UBERON_Instance_331134" type="identity">
            <class id="UBERON:0000483" label="epithelium"/>
            <span end="36732" id="15630473-9162" start="36722">epithelial</span>
        </annotation>
        <annotation annotator="Michael Bada" id="UBERON_Instance_331136" type="identity">
            <class id="UBERON:0003104" label="mesenchyme"/>
            <span end="36747" id="15630473-9164" start="36736">mesenchymal</span>
        </annotation>
        <annotation annotator="Michael Bada" id="UBERON_Instance_330906" type="identity">
            <class id="UBERON:0002073" label="hair follicle"/>
            <span end="36871" id="15630473-9013" start="36858">hair follicle</span>
        </annotation>
        <annotation annotator="Michael Bada" id="UBERON_Instance_331138" type="identity">
            <class id="UBERON:0010166" label="coat of hair"/>
            <span end="36935" id="15630473-9166" start="36926">hair coat</span>
        </annotation>
        <annotation annotator="Michael Bada" id="UBERON_Instance_331652" type="identity">
            <class id="UBERON:0001037" label="strand of hair"/>
            <span end="37081" id="15630473-9336" start="37076">hairs</span>
        </annotation>
        <annotation annotator="Michael Bada" id="UBERON_Instance_331140" type="identity">
            <class id="UBERON:0007376" label="outer epithelium"/>
            <span end="37124" id="15630473-9168" start="37115">epidermis</span>
        </annotation>
        <annotation annotator="Michael Bada" id="UBERON_Instance_331782" type="identity">
            <class id="UBERON:0002025" label="stratum basale of epidermis"/>
            <span end="37296" id="15630473-9415" start="37282">basal layer of</span>
            <span end="37310" id="15630473-9416" start="37301">epidermis</span>
        </annotation>
        <annotation annotator="Michael Bada" id="UBERON_Instance_331658" type="identity">
            <class id="UBERON:0005942" label="hair outer root sheath"/>
            <span end="37336" id="15630473-9338" start="37319">outer root sheath</span>
            <span end="37345" id="15630473-9339" start="37343">of</span>
            <span end="37363" id="15630473-9340" start="37350">hair follicle</span>
        </annotation>
        <annotation annotator="Michael Bada" id="UBERON_Instance_331660" type="identity">
            <class id="UBERON:0005942" label="hair outer root sheath"/>
            <span end="37341" id="15630473-9342" start="37338">ORS</span>
            <span end="37345" id="15630473-9343" start="37343">of</span>
            <span end="37363" id="15630473-9344" start="37350">hair follicle</span>
        </annotation>
        <annotation annotator="Michael Bada" id="UBERON_Instance_230412" type="identity">
            <class id="UBERON:0000922" label="embryo"/>
            <span end="37419" id="15630473-8901" start="37410">embryonic</span>
        </annotation>
        <annotation annotator="Michael Bada" id="UBERON_Instance_331662" type="identity">
            <class id="UBERON:0001037" label="strand of hair"/>
            <span end="37424" id="15630473-9346" start="37420">hair</span>
        </annotation>
        <annotation annotator="Michael Bada" id="UBERON_Instance_331142" type="identity">
            <class id="UBERON:0001037" label="strand of hair"/>
            <span end="37462" id="15630473-9170" start="37458">hair</span>
        </annotation>
        <annotation annotator="Michael Bada" id="UBERON_Instance_331802" type="identity">
            <class id="UBERON:0005942" label="hair outer root sheath"/>
            <span end="37528" id="15630473-9422" start="37525">ORS</span>
        </annotation>
        <annotation annotator="Michael Bada" id="UBERON_Instance_331144" type="identity">
            <class id="UBERON:0007376" label="outer epithelium"/>
            <span end="37543" id="15630473-9172" start="37534">epidermis</span>
        </annotation>
        <annotation annotator="Michael Bada" id="UBERON_Instance_331666" type="identity">
            <class id="UBERON:0005942" label="hair outer root sheath"/>
            <span end="37622" id="15630473-9348" start="37619">ORS</span>
        </annotation>
        <annotation annotator="Michael Bada" id="UBERON_Instance_331668" type="identity">
            <class id="UBERON:0005942" label="hair outer root sheath"/>
            <span end="37890" id="15630473-9350" start="37878">follicle ORS</span>
        </annotation>
        <annotation annotator="Michael Bada" id="UBERON_Instance_331148" type="identity">
            <class id="UBERON:0000483" label="epithelium"/>
            <span end="38089" id="15630473-9174" start="38079">Epithelial</span>
        </annotation>
        <annotation annotator="Michael Bada" id="UBERON_Instance_331670" type="identity">
            <class id="UBERON:0001037" label="strand of hair"/>
            <span end="38131" id="15630473-9352" start="38127">Hair</span>
        </annotation>
        <annotation annotator="Michael Bada" id="UBERON_Instance_330910" type="identity">
            <class id="UBERON:0002073" label="hair follicle"/>
            <span end="38194" id="15630473-9015" start="38181">hair follicle</span>
        </annotation>
        <annotation annotator="Michael Bada" id="UBERON_Instance_230414" type="identity">
            <class id="UBERON:0000922" label="embryo"/>
            <span end="39007" id="15630473-8903" start="38998">embryonic</span>
        </annotation>
        <annotation annotator="Michael Bada" id="UBERON_Instance_340244" type="identity">
            <class id="UBERON:0007376" label="outer epithelium"/>
            <span end="39554" id="15630473-9440" start="39545">epidermis</span>
        </annotation>
        <annotation annotator="Michael Bada" id="UBERON_Instance_330912" type="identity">
            <class id="UBERON:0002073" label="hair follicle"/>
            <span end="39785" id="15630473-9017" start="39772">hair follicle</span>
        </annotation>
        <annotation annotator="Michael Bada" id="UBERON_Instance_230526" type="identity">
            <class id="UBERON:0007376" label="outer epithelium"/>
            <span end="39843" id="15630473-8943" start="39834">epidermal</span>
        </annotation>
        <annotation annotator="Michael Bada" id="UBERON_Instance_331680" type="identity">
            <class id="UBERON:0001037" label="strand of hair"/>
            <span end="39978" id="15630473-9354" start="39974">hair</span>
        </annotation>
        <annotation annotator="Michael Bada" id="UBERON_Instance_331162" type="identity">
            <class id="UBERON:0000483" label="epithelium"/>
            <span end="41019" id="15630473-9176" start="41009">epithelial</span>
        </annotation>
        <annotation annotator="Michael Bada" id="UBERON_Instance_331686" type="identity">
            <class id="UBERON:0002113" label="kidney"/>
            <span end="41052" id="15630473-9356" start="41046">kidney</span>
        </annotation>
        <annotation annotator="Michael Bada" id="UBERON_Instance_331164" type="identity">
            <class id="UBERON:0000483" label="epithelium"/>
            <span end="41275" id="15630473-9178" start="41265">epithelial</span>
        </annotation>
        <annotation annotator="Michael Bada" id="UBERON_Instance_331166" type="identity">
            <class id="UBERON:0000483" label="epithelium"/>
            <span end="41979" id="15630473-9180" start="41969">epithelial</span>
        </annotation>
        <annotation annotator="Michael Bada" id="UBERON_Instance_331168" type="identity">
            <class id="UBERON:0000483" label="epithelium"/>
            <span end="42370" id="15630473-9182" start="42360">epithelial</span>
        </annotation>
        <annotation annotator="Michael Bada" id="UBERON_Instance_230434" type="identity">
            <class id="UBERON:0000922" label="embryo"/>
            <span end="44645" id="15630473-8921" start="44638">embryos</span>
        </annotation>
        <annotation annotator="Michael Bada" id="UBERON_Instance_230678" type="identity">
            <class id="UBERON:0000479" label="tissue"/>
            <span end="45208" id="15630473-8963" start="45202">tissue</span>
        </annotation>
        <annotation annotator="Michael Bada" id="UBERON_Instance_230680" type="identity">
            <class id="UBERON:0000479" label="tissue"/>
            <span end="45223" id="15630473-8965" start="45217">tissue</span>
        </annotation>
        <annotation annotator="Michael Bada" id="UBERON_Instance_230660" type="identity">
            <class id="UBERON:0001977" label="serum"/>
            <span end="47198" id="15630473-8959" start="47193">serum</span>
        </annotation>
        <annotation annotator="Michael Bada" id="UBERON_Instance_230662" type="identity">
            <class id="UBERON:0001977" label="serum"/>
            <span end="47281" id="15630473-8961" start="47276">serum</span>
        </annotation>
        <annotation annotator="Michael Bada" id="UBERON_Instance_331172" type="identity">
            <class id="UBERON:0000922" label="embryo"/>
            <span end="49128" id="15630473-9184" start="49121">embryos</span>
        </annotation>
        <annotation annotator="Michael Bada" id="UBERON_Instance_230682" type="identity">
            <class id="UBERON:0000479" label="tissue"/>
            <span end="49547" id="15630473-8967" start="49541">Tissue</span>
        </annotation>
        <annotation annotator="Michael Bada" id="UBERON_Instance_230684" type="identity">
            <class id="UBERON:0000479" label="tissue"/>
            <span end="49758" id="15630473-8969" start="49752">Tissue</span>
        </annotation>
        <annotation annotator="Michael Bada" id="UBERON_Instance_230686" type="identity">
            <class id="UBERON:0000479" label="tissue"/>
            <span end="50320" id="15630473-8971" start="50314">tissue</span>
        </annotation>
        <annotation annotator="Michael Bada" id="UBERON_Instance_331176" type="identity">
            <class id="UBERON:0000483" label="epithelium"/>
            <span end="51582" id="15630473-9186" start="51572">epithelial</span>
        </annotation>
        <annotation annotator="Michael Bada" id="UBERON_Instance_331178" type="identity">
            <class id="UBERON:0003104" label="mesenchyme"/>
            <span end="51597" id="15630473-9188" start="51586">mesenchymal</span>
        </annotation>
        <annotation annotator="Michael Bada" id="UBERON_Instance_331180" type="identity">
            <class id="UBERON:0000922" label="embryo"/>
            <span end="51631" id="15630473-9190" start="51622">embryonic</span>
        </annotation>
        <annotation annotator="Michael Bada" id="UBERON_Instance_331690" type="identity">
            <class id="UBERON:0005942" label="hair outer root sheath"/>
            <span end="51885" id="15630473-9360" start="51882">ORS</span>
        </annotation>
        <annotation annotator="Michael Bada" id="UBERON_Instance_331688" type="identity">
            <class id="UBERON:0005942" label="hair outer root sheath"/>
            <span end="51905" id="15630473-9358" start="51888">outer root sheath</span>
        </annotation>
        <annotation annotator="Michael Bada" id="UBERON_Instance_331692" type="identity">
            <class id="UBERON:0001037" label="strand of hair"/>
            <span end="52369" id="15630473-9362" start="52365">Hair</span>
        </annotation>
        <annotation annotator="Michael Bada" id="UBERON_Instance_331184" type="identity">
            <class id="UBERON:0000922" label="embryo"/>
            <span end="52403" id="15630473-9192" start="52396">Embryos</span>
        </annotation>
        <annotation annotator="Michael Bada" id="UBERON_Instance_331186" type="identity">
            <class id="UBERON:0007376" label="outer epithelium"/>
            <span end="52682" id="15630473-9194" start="52673">epidermis</span>
        </annotation>
        <annotation annotator="Michael Bada" id="UBERON_Instance_331188" type="identity">
            <class id="UBERON:0007376" label="outer epithelium"/>
            <span end="52687" id="15630473-9196" start="52684">epi</span>
        </annotation>
        <annotation annotator="Michael Bada" id="UBERON_Instance_331190" type="identity">
            <class id="UBERON:0002067" label="dermis"/>
            <span end="52700" id="15630473-9198" start="52694">dermis</span>
        </annotation>
        <annotation annotator="Michael Bada" id="UBERON_Instance_331192" type="identity">
            <class id="UBERON:0002067" label="dermis"/>
            <span end="52705" id="15630473-9200" start="52702">der</span>
        </annotation>
        <annotation annotator="Michael Bada" id="UBERON_Instance_331698" type="identity">
            <class id="UBERON:0001037" label="strand of hair"/>
            <span end="52768" id="15630473-9364" start="52764">hair</span>
        </annotation>
        <annotation annotator="Michael Bada" id="UBERON_Instance_331704" type="identity">
            <class id="UBERON:0001037" label="strand of hair"/>
            <span end="52835" id="15630473-9366" start="52831">hair</span>
        </annotation>
        <annotation annotator="Michael Bada" id="UBERON_Instance_331194" type="identity">
            <class id="UBERON:0001037" label="strand of hair"/>
            <span end="52908" id="15630473-9202" start="52904">hair</span>
        </annotation>
        <annotation annotator="Michael Bada" id="UBERON_Instance_331198" type="identity">
            <class id="UBERON:0001977" label="serum"/>
            <span end="53341" id="15630473-9204" start="53336">serum</span>
        </annotation>
        <annotation annotator="Michael Bada" id="UBERON_Instance_331200" type="identity">
            <class id="UBERON:0001037" label="strand of hair"/>
            <span end="53498" id="15630473-9206" start="53494">hair</span>
        </annotation>
        <annotation annotator="Michael Bada" id="UBERON_Instance_331206" type="identity">
            <class id="UBERON:0007376" label="outer epithelium"/>
            <span end="53555" id="15630473-9208" start="53546">epidermis</span>
        </annotation>
        <annotation annotator="Michael Bada" id="UBERON_Instance_331208" type="identity">
            <class id="UBERON:0007376" label="outer epithelium"/>
            <span end="53560" id="15630473-9210" start="53557">epi</span>
        </annotation>
        <annotation annotator="Michael Bada" id="UBERON_Instance_330914" type="identity">
            <class id="UBERON:0002073" label="hair follicle"/>
            <span end="53661" id="15630473-9019" start="53648">hair follicle</span>
        </annotation>
        <annotation annotator="Michael Bada" id="UBERON_Instance_331806" type="identity">
            <class id="UBERON:0001037" label="strand of hair"/>
            <span end="53808" id="15630473-9424" start="53804">hair</span>
        </annotation>
        <annotation annotator="Michael Bada" id="UBERON_Instance_331708" type="identity">
            <class id="UBERON:0002025" label="stratum basale of epidermis"/>
            <span end="54018" id="15630473-9368" start="54004">basal layer of</span>
            <span end="54032" id="15630473-9369" start="54023">epidermis</span>
        </annotation>
        <annotation annotator="Michael Bada" id="UBERON_Instance_330916" type="identity">
            <class id="UBERON:0002073" label="hair follicle"/>
            <span end="54062" id="15630473-9021" start="54048">hair follicles</span>
        </annotation>
        <annotation annotator="Michael Bada" id="UBERON_Instance_331222" type="identity">
            <class id="UBERON:0007376" label="outer epithelium"/>
            <span end="54377" id="15630473-9212" start="54368">epidermis</span>
        </annotation>
        <annotation annotator="Michael Bada" id="UBERON_Instance_331710" type="identity">
            <class id="UBERON:0001037" label="strand of hair"/>
            <span end="54386" id="15630473-9371" start="54382">hair</span>
        </annotation>
        <annotation annotator="Michael Bada" id="UBERON_Instance_340258" type="identity">
            <class id="UBERON:0001037" label="strand of hair"/>
            <span end="54451" id="15630473-9442" start="54447">hair</span>
        </annotation>
        <annotation annotator="Michael Bada" id="UBERON_Instance_331224" type="identity">
            <class id="UBERON:0001003" label="skin epidermis"/>
            <span end="54777" id="15630473-9214" start="54763">Skin Epidermis</span>
        </annotation>
        <annotation annotator="Michael Bada" id="UBERON_Instance_331226" type="identity">
            <class id="UBERON:0001003" label="skin epidermis"/>
            <span end="54997" id="15630473-9216" start="54983">skin epidermis</span>
        </annotation>
        <annotation annotator="Michael Bada" id="UBERON_Instance_230502" type="identity">
            <class id="UBERON:0002415" label="tail"/>
            <span end="55123" id="15630473-8929" start="55119">tail</span>
        </annotation>
        <annotation annotator="Michael Bada" id="UBERON_Instance_331228" type="identity">
            <class id="UBERON:0001723" label="tongue"/>
            <span end="55282" id="15630473-9218" start="55276">tongue</span>
        </annotation>
        <annotation annotator="Michael Bada" id="UBERON_Instance_331230" type="identity">
            <class id="UBERON:0002424" label="oral epithelium"/>
            <span end="55302" id="15630473-9220" start="55287">oral epithelium</span>
        </annotation>
        <annotation annotator="Michael Bada" id="UBERON_Instance_331236" type="identity">
            <class id="UBERON:0007376" label="outer epithelium"/>
            <span end="55565" id="15630473-9222" start="55556">epidermis</span>
        </annotation>
        <annotation annotator="Michael Bada" id="UBERON_Instance_331812" type="identity">
            <class id="UBERON:0007376" label="outer epithelium"/>
            <span end="55570" id="15630473-9426" start="55567">epi</span>
        </annotation>
        <annotation annotator="Michael Bada" id="UBERON_Instance_330918" type="identity">
            <class id="UBERON:0002073" label="hair follicle"/>
            <span end="55598" id="15630473-9023" start="55585">hair follicle</span>
        </annotation>
        <annotation annotator="Michael Bada" id="UBERON_Instance_331814" type="identity">
            <class id="UBERON:0002073" label="hair follicle"/>
            <span end="55602" id="15630473-9428" start="55600">hf</span>
        </annotation>
        <annotation annotator="Michael Bada" id="UBERON_Instance_331238" type="identity">
            <class id="UBERON:0007376" label="outer epithelium"/>
            <span end="55640" id="15630473-9224" start="55631">epidermis</span>
        </annotation>
        <annotation annotator="Michael Bada" id="UBERON_Instance_331240" type="identity">
            <class id="UBERON:0007376" label="outer epithelium"/>
            <span end="55886" id="15630473-9226" start="55877">epidermis</span>
        </annotation>
        <annotation annotator="Michael Bada" id="UBERON_Instance_331242" type="identity">
            <class id="UBERON:0007376" label="outer epithelium"/>
            <span end="55938" id="15630473-9228" start="55929">epidermis</span>
        </annotation>
        <annotation annotator="Michael Bada" id="UBERON_Instance_331720" type="identity">
            <class id="UBERON:0002025" label="stratum basale of epidermis"/>
            <span end="56208" id="15630473-9373" start="56194">basal layer of</span>
            <span end="56222" id="15630473-9374" start="56213">epidermis</span>
        </annotation>
        <annotation annotator="Michael Bada" id="UBERON_Instance_331250" type="identity">
            <class id="UBERON:0007376" label="outer epithelium"/>
            <span end="56290" id="15630473-9230" start="56281">epidermis</span>
        </annotation>
        <annotation annotator="Michael Bada" id="UBERON_Instance_331722" type="identity">
            <class id="UBERON:0010402" label="epidermis suprabasal layer"/>
            <span end="56651" id="15630473-9376" start="56641">suprabasal</span>
        </annotation>
        <annotation annotator="Michael Bada" id="UBERON_Instance_331252" type="identity">
            <class id="UBERON:0007376" label="outer epithelium"/>
            <span end="56831" id="15630473-9232" start="56822">Epidermis</span>
        </annotation>
        <annotation annotator="Michael Bada" id="UBERON_Instance_230528" type="identity">
            <class id="UBERON:0007376" label="outer epithelium"/>
            <span end="57139" id="15630473-8945" start="57130">epidermal</span>
        </annotation>
        <annotation annotator="Michael Bada" id="UBERON_Instance_331728" type="identity">
            <class id="UBERON:0002025" label="stratum basale of epidermis"/>
            <span end="57182" id="15630473-9380" start="57175">basally</span>
        </annotation>
        <annotation annotator="Michael Bada" id="UBERON_Instance_331726" type="identity">
            <class id="UBERON:0010402" label="epidermis suprabasal layer"/>
            <span end="57219" id="15630473-9378" start="57209">suprabasal</span>
        </annotation>
        <annotation annotator="Michael Bada" id="UBERON_Instance_340262" type="identity">
            <class id="UBERON:0002026" label="stratum spinosum of epidermis"/>
            <span end="57255" id="15630473-9444" start="57242">spinous layer</span>
        </annotation>
        <annotation annotator="Michael Bada" id="UBERON_Instance_331730" type="identity">
            <class id="UBERON:0010402" label="epidermis suprabasal layer"/>
            <span end="57295" id="15630473-9382" start="57283">suprabasally</span>
        </annotation>
        <annotation annotator="Michael Bada" id="UBERON_Instance_280000" type="identity">
            <class id="UBERON:0002026" label="stratum spinosum of epidermis"/>
            <span end="57355" id="15630473-8973" start="57348">spinous</span>
            <span end="57374" id="15630473-8974" start="57369">layer</span>
        </annotation>
        <annotation annotator="Michael Bada" id="UBERON_Instance_331732" type="identity">
            <class id="UBERON:0002069" label="stratum granulosum of epidermis"/>
            <span end="57374" id="15630473-9384" start="57360">granular layer</span>
        </annotation>
        <annotation annotator="Michael Bada" id="UBERON_Instance_331734" type="identity">
            <class id="UBERON:0002069" label="stratum granulosum of epidermis"/>
            <span end="57458" id="15630473-9386" start="57444">granular layer</span>
        </annotation>
        <annotation annotator="Michael Bada" id="UBERON_Instance_331736" type="identity">
            <class id="UBERON:0002069" label="stratum granulosum of epidermis"/>
            <span end="57543" id="15630473-9388" start="57529">granular layer</span>
        </annotation>
        <annotation annotator="Michael Bada" id="UBERON_Instance_331260" type="identity">
            <class id="UBERON:0002027" label="stratum corneum of epidermis"/>
            <span end="57563" id="15630473-9234" start="57548">stratum corneum</span>
        </annotation>
        <annotation annotator="Michael Bada" id="UBERON_Instance_331738" type="identity">
            <class id="UBERON:0010402" label="epidermis suprabasal layer"/>
            <span end="57613" id="15630473-9390" start="57601">suprabasally</span>
        </annotation>
        <annotation annotator="Michael Bada" id="UBERON_Instance_331740" type="identity">
            <class id="UBERON:0010402" label="epidermis suprabasal layer"/>
            <span end="57659" id="15630473-9392" start="57649">suprabasal</span>
        </annotation>
        <annotation annotator="Michael Bada" id="UBERON_Instance_331742" type="identity">
            <class id="UBERON:0007376" label="outer epithelium"/>
            <span end="57902" id="15630473-9394" start="57893">epidermis</span>
        </annotation>
        <annotation annotator="Michael Bada" id="UBERON_Instance_331264" type="identity">
            <class id="UBERON:0007376" label="outer epithelium"/>
            <span end="58170" id="15630473-9236" start="58161">epidermis</span>
        </annotation>
        <annotation annotator="Michael Bada" id="UBERON_Instance_340270" type="identity">
            <class id="UBERON:0001137" label="dorsum"/>
            <span end="59821" id="15630473-9448" start="59817">back</span>
        </annotation>
        <annotation annotator="Michael Bada" id="UBERON_Instance_340268" type="identity">
            <class id="UBERON:0001690" label="ear"/>
            <span end="59829" id="15630473-9446" start="59826">ear</span>
        </annotation>
        <annotation annotator="Michael Bada" id="UBERON_Instance_331268" type="identity">
            <class id="UBERON:0002073" label="hair follicle"/>
            <span end="59944" id="15630473-9238" start="59931">hair follicle</span>
        </annotation>
        <annotation annotator="Michael Bada" id="UBERON_Instance_331270" type="identity">
            <class id="UBERON:0001977" label="serum"/>
            <span end="61020" id="15630473-9240" start="61015">serum</span>
        </annotation>
        <annotation annotator="Michael Bada" id="UBERON_Instance_331750" type="identity">
            <class id="UBERON:0001037" label="strand of hair"/>
            <span end="64778" id="15630473-9396" start="64774">Hair</span>
        </annotation>
        <annotation annotator="Michael Bada" id="UBERON_Instance_331276" type="identity">
            <class id="UBERON:0000922" label="embryo"/>
            <span end="64830" id="15630473-9242" start="64823">embryos</span>
        </annotation>
        <annotation annotator="Michael Bada" id="UBERON_Instance_331278" type="identity">
            <class id="UBERON:0007376" label="outer epithelium"/>
            <span end="64916" id="15630473-9244" start="64907">epidermis</span>
        </annotation>
        <annotation annotator="Michael Bada" id="UBERON_Instance_340276" type="identity">
            <class id="UBERON:0002067" label="dermis"/>
            <span end="64927" id="15630473-9450" start="64921">dermis</span>
        </annotation>
        <annotation annotator="Michael Bada" id="UBERON_Instance_331756" type="identity">
            <class id="UBERON:0001037" label="strand of hair"/>
            <span end="64972" id="15630473-9398" start="64968">hair</span>
        </annotation>
        <annotation annotator="Michael Bada" id="UBERON_Instance_331758" type="identity">
            <class id="UBERON:0001037" label="strand of hair"/>
            <span end="65045" id="15630473-9400" start="65041">hair</span>
        </annotation>
        <annotation annotator="Michael Bada" id="UBERON_Instance_331766" type="identity">
            <class id="UBERON:0001037" label="strand of hair"/>
            <span end="65484" id="15630473-9402" start="65480">hair</span>
        </annotation>
        <annotation annotator="Michael Bada" id="UBERON_Instance_331768" type="identity">
            <class id="UBERON:0001037" label="strand of hair"/>
            <span end="65598" id="15630473-9404" start="65594">hair</span>
        </annotation>
        <annotation annotator="Michael Bada" id="UBERON_Instance_331770" type="identity">
            <class id="UBERON:0001037" label="strand of hair"/>
            <span end="66382" id="15630473-9406" start="66378">hair</span>
        </annotation>
        <annotation annotator="Michael Bada" id="UBERON_Instance_331280" type="identity">
            <class id="UBERON:0002073" label="hair follicle"/>
            <span end="66542" id="15630473-9246" start="66529">hair follicle</span>
        </annotation>
        <graph-space id="Old Knowtator Relations"/>
    </document>
</knowtator-project>
