<?xml version="1.0" encoding="UTF-8" standalone="no"?>
<knowtator-project>
  <document id="15676071" text-file="15676071.txt">
    <annotation annotator="Michael Bada" id="UBERON_Instance_310004" type="identity">
      <class id="UBERON:0003902" label="retinal neural layer"/>
      <span end="77" id="15676071-9458" start="64">neural retina</span>
    </annotation>
    <annotation annotator="Michael Bada" id="UBERON_Instance_340008" type="identity">
      <class id="UBERON:0003902" label="retinal neural layer"/>
      <span end="284" id="15676071-9464" start="271">neural retina</span>
    </annotation>
    <annotation annotator="Michael Bada" id="UBERON_Instance_340010" type="identity">
      <class id="UBERON:0000966" label="retina"/>
      <span end="699" id="15676071-9466" start="693">retina</span>
    </annotation>
    <annotation annotator="Michael Bada" id="UBERON_Instance_340012" type="identity">
      <class id="UBERON:0001790" label="outer plexiform layer of retina"/>
      <span end="989" id="15676071-9468" start="968">outer plexiform layer</span>
    </annotation>
    <annotation annotator="Michael Bada" id="UBERON_Instance_362190" type="identity">
      <class id="UBERON:0000970" label="eye"/>
      <span end="1500" id="15676071-9649" start="1497">eye</span>
    </annotation>
    <annotation annotator="Michael Bada" id="UBERON_Instance_360404" type="identity">
      <class id="UBERON:0007023" label="adult organism"/>
      <span end="2120" id="15676071-9477" start="2115">adult</span>
    </annotation>
    <annotation annotator="Michael Bada" id="UBERON_Instance_360718" type="identity">
      <class id="UBERON:0000966" label="retina"/>
      <span end="2428" id="15676071-9489" start="2422">retina</span>
    </annotation>
    <annotation annotator="Michael Bada" id="UBERON_Instance_360720" type="identity">
      <class id="UBERON:0000966" label="retina"/>
      <span end="3107" id="15676071-9491" start="3100">retinal</span>
    </annotation>
    <annotation annotator="Michael Bada" id="UBERON_Instance_360722" type="identity">
      <class id="UBERON:0010230" label="eyeball of camera-type eye"/>
      <span end="3898" id="15676071-9493" start="3892">globes</span>
    </annotation>
    <annotation annotator="Michael Bada" id="UBERON_Instance_360406" type="identity">
      <class id="UBERON:0007023" label="adult organism"/>
      <span end="3908" id="15676071-9479" start="3902">adults</span>
    </annotation>
    <annotation annotator="Michael Bada" id="UBERON_Instance_360724" type="identity">
      <class id="UBERON:0000479" label="tissue"/>
      <span end="3935" id="15676071-9495" start="3929">tissue</span>
    </annotation>
    <annotation annotator="Michael Bada" id="UBERON_Instance_362192" type="identity">
      <class id="UBERON:0000970" label="eye"/>
      <span end="4020" id="15676071-9651" start="4017">eye</span>
    </annotation>
    <annotation annotator="Michael Bada" id="UBERON_Instance_360730" type="identity">
      <class id="UBERON:0000966" label="retina"/>
      <span end="5681" id="15676071-9497" start="5674">retinal</span>
    </annotation>
    <annotation annotator="Michael Bada" id="UBERON_Instance_360732" type="identity">
      <class id="UBERON:0000966" label="retina"/>
      <span end="5983" id="15676071-9499" start="5977">retina</span>
    </annotation>
    <annotation annotator="Michael Bada" id="UBERON_Instance_360734" type="identity">
      <class id="UBERON:0000966" label="retina"/>
      <span end="6042" id="15676071-9501" start="6035">retinas</span>
    </annotation>
    <annotation annotator="Michael Bada" id="UBERON_Instance_360736" type="identity">
      <class id="UBERON:0003926" label="photoreceptor outer segment layer"/>
      <span end="6464" id="15676071-9503" start="6445">outer segment layer</span>
    </annotation>
    <annotation annotator="Michael Bada" id="UBERON_Instance_360738" type="identity">
      <class id="UBERON:0000966" label="retina"/>
      <span end="6777" id="15676071-9505" start="6770">retinae</span>
    </annotation>
    <annotation annotator="Michael Bada" id="UBERON_Instance_360742" type="identity">
      <class id="UBERON:0000966" label="retina"/>
      <span end="6966" id="15676071-9507" start="6959">retinas</span>
    </annotation>
    <annotation annotator="Michael Bada" id="UBERON_Instance_360744" type="identity">
      <class id="UBERON:0003926" label="photoreceptor outer segment layer"/>
      <span end="7014" id="15676071-9509" start="6995">outer segment layer</span>
    </annotation>
    <annotation annotator="Michael Bada" id="UBERON_Instance_360754" type="identity">
      <class id="UBERON:0000966" label="retina"/>
      <span end="7565" id="15676071-9511" start="7559">retina</span>
    </annotation>
    <annotation annotator="Michael Bada" id="UBERON_Instance_360756" type="identity">
      <class id="UBERON:0000966" label="retina"/>
      <span end="7609" id="15676071-9513" start="7602">retinas</span>
    </annotation>
    <annotation annotator="Michael Bada" id="UBERON_Instance_290000" type="identity">
      <class id="UBERON:0000483" label="epithelium"/>
      <span end="7635" id="15676071-9454" start="7625">epithelium</span>
    </annotation>
    <annotation annotator="Michael Bada" id="UBERON_Instance_360772" type="identity">
      <class id="UBERON:0001789" label="outer nuclear layer of retina"/>
      <span end="7680" id="15676071-9517" start="7677">onl</span>
    </annotation>
    <annotation annotator="Michael Bada" id="UBERON_Instance_360770" type="identity">
      <class id="UBERON:0001789" label="outer nuclear layer of retina"/>
      <span end="7701" id="15676071-9515" start="7682">outer nuclear layer</span>
    </annotation>
    <annotation annotator="Michael Bada" id="UBERON_Instance_360774" type="identity">
      <class id="UBERON:0003926" label="photoreceptor outer segment layer"/>
      <span end="7829" id="15676071-9519" start="7810">outer segment layer</span>
    </annotation>
    <annotation annotator="Michael Bada" id="UBERON_Instance_360776" type="identity">
      <class id="UBERON:0000966" label="retina"/>
      <span end="7846" id="15676071-9521" start="7840">retina</span>
    </annotation>
    <annotation annotator="Michael Bada" id="UBERON_Instance_300002" type="identity">
      <class id="UBERON:0000483" label="epithelium"/>
      <span end="7998" id="15676071-9456" start="7988">epithelium</span>
    </annotation>
    <annotation annotator="Michael Bada" id="UBERON_Instance_360790" type="identity">
      <class id="UBERON:0001789" label="outer nuclear layer of retina"/>
      <span end="8023" id="15676071-9525" start="8020">onl</span>
    </annotation>
    <annotation annotator="Michael Bada" id="UBERON_Instance_360788" type="identity">
      <class id="UBERON:0001789" label="outer nuclear layer of retina"/>
      <span end="8044" id="15676071-9523" start="8025">outer nuclear layer</span>
    </annotation>
    <annotation annotator="Michael Bada" id="UBERON_Instance_362198" type="identity">
      <class id="UBERON:0000966" label="retina"/>
      <span end="8286" id="15676071-9653" start="8279">retinas</span>
    </annotation>
    <annotation annotator="Michael Bada" id="UBERON_Instance_362200" type="identity">
      <class id="UBERON:0000966" label="retina"/>
      <span end="8825" id="15676071-9655" start="8818">retinas</span>
    </annotation>
    <annotation annotator="Michael Bada" id="UBERON_Instance_360664" type="identity">
      <class id="UBERON:0001782" label="pigmented layer of retina"/>
      <span end="8858" id="15676071-9485" start="8830">retinal pigmented epithelium</span>
    </annotation>
    <annotation annotator="Michael Bada" id="UBERON_Instance_360796" type="identity">
      <class id="UBERON:0000966" label="retina"/>
      <span end="9003" id="15676071-9527" start="8997">retina</span>
    </annotation>
    <annotation annotator="Michael Bada" id="UBERON_Instance_360798" type="identity">
      <class id="UBERON:0003926" label="photoreceptor outer segment layer"/>
      <span end="9098" id="15676071-9529" start="9079">outer segment layer</span>
    </annotation>
    <annotation annotator="Michael Bada" id="UBERON_Instance_360800" type="identity">
      <class id="UBERON:0001787" label="photoreceptor layer of retina"/>
      <span end="9158" id="15676071-9531" start="9136">photoreceptor layer of</span>
      <span end="9172" id="15676071-9532" start="9166">retina</span>
    </annotation>
    <annotation annotator="Michael Bada" id="UBERON_Instance_360808" type="identity">
      <class id="UBERON:0001773" label="sclera"/>
      <span end="10050" id="15676071-9534" start="10043">scleral</span>
    </annotation>
    <annotation annotator="Michael Bada" id="UBERON_Instance_320004" type="identity">
      <class id="UBERON:0000483" label="epithelium"/>
      <span end="10085" id="15676071-9460" start="10075">epithelium</span>
    </annotation>
    <annotation annotator="Michael Bada" id="UBERON_Instance_360814" type="identity">
      <class id="UBERON:0000966" label="retina"/>
      <span end="10183" id="15676071-9536" start="10176">retinas</span>
    </annotation>
    <annotation annotator="Michael Bada" id="UBERON_Instance_360816" type="identity">
      <class id="UBERON:0003926" label="photoreceptor outer segment layer"/>
      <span end="10252" id="15676071-9538" start="10233">outer segment layer</span>
    </annotation>
    <annotation annotator="Michael Bada" id="UBERON_Instance_360818" type="identity">
      <class id="UBERON:0003926" label="photoreceptor outer segment layer"/>
      <span end="10721" id="15676071-9540" start="10702">outer segment layer</span>
    </annotation>
    <annotation annotator="Michael Bada" id="UBERON_Instance_360824" type="identity">
      <class id="UBERON:0003926" label="photoreceptor outer segment layer"/>
      <span end="11082" id="15676071-9542" start="11063">outer segment layer</span>
    </annotation>
    <annotation annotator="Michael Bada" id="UBERON_Instance_360826" type="identity">
      <class id="UBERON:0000966" label="retina"/>
      <span end="11174" id="15676071-9544" start="11167">retinas</span>
    </annotation>
    <annotation annotator="Michael Bada" id="UBERON_Instance_360832" type="identity">
      <class id="UBERON:0000966" label="retina"/>
      <span end="11313" id="15676071-9546" start="11307">retina</span>
    </annotation>
    <annotation annotator="Michael Bada" id="UBERON_Instance_362204" type="identity">
      <class id="UBERON:0000966" label="retina"/>
      <span end="11787" id="15676071-9657" start="11780">retinae</span>
    </annotation>
    <annotation annotator="Michael Bada" id="UBERON_Instance_360850" type="identity">
      <class id="UBERON:0001773" label="sclera"/>
      <span end="12905" id="15676071-9548" start="12898">scleral</span>
    </annotation>
    <annotation annotator="Michael Bada" id="UBERON_Instance_340006" type="identity">
      <class id="UBERON:0000483" label="epithelium"/>
      <span end="12940" id="15676071-9462" start="12930">epithelium</span>
    </annotation>
    <annotation annotator="Michael Bada" id="UBERON_Instance_360854" type="identity">
      <class id="UBERON:0000966" label="retina"/>
      <span end="13044" id="15676071-9550" start="13038">retina</span>
    </annotation>
    <annotation annotator="Michael Bada" id="UBERON_Instance_360864" type="identity">
      <class id="UBERON:0001787" label="photoreceptor layer of retina"/>
      <span end="13751" id="15676071-9552" start="13732">photoreceptor layer</span>
    </annotation>
    <annotation annotator="Michael Bada" id="UBERON_Instance_360866" type="identity">
      <class id="UBERON:0001787" label="photoreceptor layer of retina"/>
      <span end="13785" id="15676071-9554" start="13763">Photoreceptor layer of</span>
      <span end="13799" id="15676071-9555" start="13793">retina</span>
    </annotation>
    <annotation annotator="Michael Bada" id="UBERON_Instance_362206" type="identity">
      <class id="UBERON:0000966" label="retina"/>
      <span end="14322" id="15676071-9659" start="14315">retinae</span>
    </annotation>
    <annotation annotator="Michael Bada" id="UBERON_Instance_360876" type="identity">
      <class id="UBERON:0001773" label="sclera"/>
      <span end="14549" id="15676071-9557" start="14542">scleral</span>
    </annotation>
    <annotation annotator="Michael Bada" id="UBERON_Instance_362208" type="identity">
      <class id="UBERON:0001773" label="sclera"/>
      <span end="14773" id="15676071-9661" start="14766">scleral</span>
    </annotation>
    <annotation annotator="Michael Bada" id="UBERON_Instance_350008" type="identity">
      <class id="UBERON:0000483" label="epithelium"/>
      <span end="14808" id="15676071-9470" start="14798">epithelium</span>
    </annotation>
    <annotation annotator="Michael Bada" id="UBERON_Instance_360882" type="identity">
      <class id="UBERON:0001790" label="outer plexiform layer of retina"/>
      <span end="15127" id="15676071-9559" start="15106">outer plexiform layer</span>
    </annotation>
    <annotation annotator="Michael Bada" id="UBERON_Instance_360884" type="identity">
      <class id="UBERON:0001790" label="outer plexiform layer of retina"/>
      <span end="15132" id="15676071-9561" start="15129">OPL</span>
    </annotation>
    <annotation annotator="Michael Bada" id="UBERON_Instance_360888" type="identity">
      <class id="UBERON:0000966" label="retina"/>
      <span end="15261" id="15676071-9563" start="15254">retinas</span>
    </annotation>
    <annotation annotator="Michael Bada" id="UBERON_Instance_360890" type="identity">
      <class id="UBERON:0000966" label="retina"/>
      <span end="15280" id="15676071-9565" start="15273">retinas</span>
    </annotation>
    <annotation annotator="Michael Bada" id="UBERON_Instance_360892" type="identity">
      <class id="UBERON:0000966" label="retina"/>
      <span end="15996" id="15676071-9567" start="15989">retinas</span>
    </annotation>
    <annotation annotator="Michael Bada" id="UBERON_Instance_360894" type="identity">
      <class id="UBERON:0001790" label="outer plexiform layer of retina"/>
      <span end="16034" id="15676071-9569" start="16028">OPL of</span>
      <span end="16049" id="15676071-9570" start="16042">retinas</span>
    </annotation>
    <annotation annotator="Michael Bada" id="UBERON_Instance_360898" type="identity">
      <class id="UBERON:0001790" label="outer plexiform layer of retina"/>
      <span end="16585" id="15676071-9572" start="16564">outer plexiform layer</span>
    </annotation>
    <annotation annotator="Michael Bada" id="UBERON_Instance_360900" type="identity">
      <class id="UBERON:0000966" label="retina"/>
      <span end="16603" id="15676071-9574" start="16596">retinas</span>
    </annotation>
    <annotation annotator="Michael Bada" id="UBERON_Instance_360902" type="identity">
      <class id="UBERON:0000966" label="retina"/>
      <span end="16625" id="15676071-9576" start="16619">retina</span>
    </annotation>
    <annotation annotator="Michael Bada" id="UBERON_Instance_360904" type="identity">
      <class id="UBERON:0001790" label="outer plexiform layer of retina"/>
      <span end="17049" id="15676071-9578" start="17028">outer plexiform layer</span>
      <span end="17058" id="15676071-9579" start="17056">of</span>
      <span end="17073" id="15676071-9580" start="17066">retinas</span>
    </annotation>
    <annotation annotator="Michael Bada" id="UBERON_Instance_360906" type="identity">
      <class id="UBERON:0001790" label="outer plexiform layer of retina"/>
      <span end="17054" id="15676071-9582" start="17051">OPL</span>
      <span end="17058" id="15676071-9583" start="17056">of</span>
      <span end="17073" id="15676071-9584" start="17066">retinas</span>
    </annotation>
    <annotation annotator="Michael Bada" id="UBERON_Instance_360908" type="identity">
      <class id="UBERON:0001790" label="outer plexiform layer of retina"/>
      <span end="17535" id="15676071-9586" start="17532">opl</span>
    </annotation>
    <annotation annotator="Michael Bada" id="UBERON_Instance_360910" type="identity">
      <class id="UBERON:0001790" label="outer plexiform layer of retina"/>
      <span end="17558" id="15676071-9588" start="17537">outer plexiform layer</span>
    </annotation>
    <annotation annotator="Michael Bada" id="UBERON_Instance_360912" type="identity">
      <class id="UBERON:0001790" label="outer plexiform layer of retina"/>
      <span end="17651" id="15676071-9590" start="17630">outer plexiform layer</span>
    </annotation>
    <annotation annotator="Michael Bada" id="UBERON_Instance_360914" type="identity">
      <class id="UBERON:0000966" label="retina"/>
      <span end="17669" id="15676071-9592" start="17662">retinas</span>
    </annotation>
    <annotation annotator="Michael Bada" id="UBERON_Instance_350010" type="identity">
      <class id="UBERON:0001790" label="outer plexiform layer of retina"/>
      <span end="18186" id="15676071-9472" start="18180">OPL of</span>
      <span end="18201" id="15676071-9473" start="18194">retinas</span>
    </annotation>
    <annotation annotator="Michael Bada" id="UBERON_Instance_360920" type="identity">
      <class id="UBERON:0000966" label="retina"/>
      <span end="19191" id="15676071-9594" start="19185">retina</span>
    </annotation>
    <annotation annotator="Michael Bada" id="UBERON_Instance_362214" type="identity">
      <class id="UBERON:0000966" label="retina"/>
      <span end="23625" id="15676071-9663" start="23619">retina</span>
    </annotation>
    <annotation annotator="Michael Bada" id="UBERON_Instance_360976" type="identity">
      <class id="UBERON:0000966" label="retina"/>
      <span end="24939" id="15676071-9596" start="24932">retinal</span>
    </annotation>
    <annotation annotator="Michael Bada" id="UBERON_Instance_350012" type="identity">
      <class id="UBERON:0000479" label="tissue"/>
      <span end="26620" id="15676071-9475" start="26614">tissue</span>
    </annotation>
    <annotation annotator="Michael Bada" id="UBERON_Instance_360980" type="identity">
      <class id="UBERON:0000966" label="retina"/>
      <span end="27398" id="15676071-9598" start="27392">retina</span>
    </annotation>
    <annotation annotator="Michael Bada" id="UBERON_Instance_360982" type="identity">
      <class id="UBERON:0000966" label="retina"/>
      <span end="27816" id="15676071-9600" start="27810">retina</span>
    </annotation>
    <annotation annotator="Michael Bada" id="UBERON_Instance_360984" type="identity">
      <class id="UBERON:0000966" label="retina"/>
      <span end="28186" id="15676071-9602" start="28179">retinal</span>
    </annotation>
    <annotation annotator="Michael Bada" id="UBERON_Instance_360990" type="identity">
      <class id="UBERON:0001790" label="outer plexiform layer of retina"/>
      <span end="28651" id="15676071-9604" start="28627">outer plexiform layer of</span>
      <span end="28679" id="15676071-9605" start="28672">retinas</span>
    </annotation>
    <annotation annotator="Michael Bada" id="UBERON_Instance_360452" type="identity">
      <class id="UBERON:0000104" label="life cycle"/>
      <span end="29468" id="15676071-9483" start="29464">life</span>
    </annotation>
    <annotation annotator="Michael Bada" id="UBERON_Instance_360998" type="identity">
      <class id="UBERON:0000479" label="tissue"/>
      <span end="30580" id="15676071-9607" start="30574">tissue</span>
    </annotation>
    <annotation annotator="Michael Bada" id="UBERON_Instance_360408" type="identity">
      <class id="UBERON:0007023" label="adult organism"/>
      <span end="30609" id="15676071-9481" start="30604">adult</span>
    </annotation>
    <annotation annotator="Michael Bada" id="UBERON_Instance_361002" type="identity">
      <class id="UBERON:0000966" label="retina"/>
      <span end="30808" id="15676071-9611" start="30801">retinal</span>
    </annotation>
    <annotation annotator="Michael Bada" id="UBERON_Instance_361000" type="identity">
      <class id="UBERON:0000479" label="tissue"/>
      <span end="30815" id="15676071-9609" start="30809">tissue</span>
    </annotation>
    <annotation annotator="Michael Bada" id="UBERON_Instance_361004" type="identity">
      <class id="UBERON:0000479" label="tissue"/>
      <span end="30852" id="15676071-9613" start="30846">tissue</span>
    </annotation>
    <annotation annotator="Michael Bada" id="UBERON_Instance_361006" type="identity">
      <class id="UBERON:0000966" label="retina"/>
      <span end="30888" id="15676071-9615" start="30882">retina</span>
    </annotation>
    <annotation annotator="Michael Bada" id="UBERON_Instance_361008" type="identity">
      <class id="UBERON:0000966" label="retina"/>
      <span end="30956" id="15676071-9617" start="30949">retinae</span>
    </annotation>
    <annotation annotator="Michael Bada" id="UBERON_Instance_361010" type="identity">
      <class id="UBERON:0001787" label="photoreceptor layer of retina"/>
      <span end="31060" id="15676071-9619" start="31041">photoreceptor layer</span>
    </annotation>
    <annotation annotator="Michael Bada" id="UBERON_Instance_361012" type="identity">
      <class id="UBERON:0000966" label="retina"/>
      <span end="31146" id="15676071-9621" start="31139">retinal</span>
    </annotation>
    <annotation annotator="Michael Bada" id="UBERON_Instance_361014" type="identity">
      <class id="UBERON:0000479" label="tissue"/>
      <span end="31324" id="15676071-9623" start="31318">tissue</span>
    </annotation>
    <annotation annotator="Michael Bada" id="UBERON_Instance_361018" type="identity">
      <class id="UBERON:0000970" label="eye"/>
      <span end="31948" id="15676071-9625" start="31944">eyes</span>
    </annotation>
    <annotation annotator="Michael Bada" id="UBERON_Instance_361020" type="identity">
      <class id="UBERON:0000964" label="cornea"/>
      <span end="31985" id="15676071-9627" start="31979">cornea</span>
    </annotation>
    <annotation annotator="Michael Bada" id="UBERON_Instance_361024" type="identity">
      <class id="UBERON:0000970" label="eye"/>
      <span end="32016" id="15676071-9629" start="32013">eye</span>
    </annotation>
    <annotation annotator="Michael Bada" id="UBERON_Instance_361026" type="identity">
      <class id="UBERON:0001773" label="sclera"/>
      <span end="32123" id="15676071-9631" start="32117">sclera</span>
    </annotation>
    <annotation annotator="Michael Bada" id="UBERON_Instance_361028" type="identity">
      <class id="UBERON:0000966" label="retina"/>
      <span end="32166" id="15676071-9633" start="32159">retinas</span>
    </annotation>
    <annotation annotator="Michael Bada" id="UBERON_Instance_361032" type="identity">
      <class id="UBERON:0000479" label="tissue"/>
      <span end="32410" id="15676071-9635" start="32404">tissue</span>
    </annotation>
    <annotation annotator="Michael Bada" id="UBERON_Instance_361034" type="identity">
      <class id="UBERON:0000479" label="tissue"/>
      <span end="32471" id="15676071-9637" start="32465">tissue</span>
    </annotation>
    <annotation annotator="Michael Bada" id="UBERON_Instance_360668" type="identity">
      <class id="UBERON:0001782" label="pigmented layer of retina"/>
      <span end="33057" id="15676071-9487" start="33031">retinal pigment epithelium</span>
    </annotation>
    <annotation annotator="Michael Bada" id="UBERON_Instance_361036" type="identity">
      <class id="UBERON:0003902" label="retinal neural layer"/>
      <span end="33128" id="15676071-9639" start="33115">neural retina</span>
    </annotation>
    <annotation annotator="Michael Bada" id="UBERON_Instance_361038" type="identity">
      <class id="UBERON:0000966" label="retina"/>
      <span end="33137" id="15676071-9641" start="33130">Retinae</span>
    </annotation>
    <annotation annotator="Michael Bada" id="UBERON_Instance_361040" type="identity">
      <class id="UBERON:0000970" label="eye"/>
      <span end="33186" id="15676071-9643" start="33182">eyes</span>
    </annotation>
    <annotation annotator="Michael Bada" id="UBERON_Instance_361044" type="identity">
      <class id="UBERON:0000479" label="tissue"/>
      <span end="33317" id="15676071-9645" start="33311">Tissue</span>
    </annotation>
    <annotation annotator="Michael Bada" id="UBERON_Instance_361046" type="identity">
      <class id="UBERON:0000479" label="tissue"/>
      <span end="33412" id="15676071-9647" start="33405">Tissues</span>
    </annotation>
    <graph-space id="Old Knowtator Relations"/>
  </document>
</knowtator-project>
