<?xml version="1.0" encoding="UTF-8" standalone="no"?>
<knowtator-project>
  <document id="15921521" text-file="15921521.txt">
    <annotation annotator="Michael Bada" id="UBERON_Instance_420068" type="identity">
      <class id="UBERON:0000160" label="intestine"/>
      <span end="61" id="15921521-11548" start="51">intestinal</span>
    </annotation>
    <annotation annotator="Michael Bada" id="UBERON_Instance_420070" type="identity">
      <class id="UBERON:0000160" label="intestine"/>
      <span end="363" id="15921521-11550" start="353">intestines</span>
    </annotation>
    <annotation annotator="Michael Bada" id="UBERON_Instance_420174" type="identity">
      <class id="UBERON:0000912" label="mucus"/>
      <span end="452" id="15921521-11652" start="447">mucus</span>
    </annotation>
    <annotation annotator="Michael Bada" id="UBERON_Instance_420172" type="identity">
      <class id="UBERON:0007109" label="meconium"/>
      <span end="501" id="15921521-11650" start="493">meconium</span>
    </annotation>
    <annotation annotator="Michael Bada" id="UBERON_Instance_420072" type="identity">
      <class id="UBERON:0000160" label="intestine"/>
      <span end="529" id="15921521-11552" start="519">intestinal</span>
    </annotation>
    <annotation annotator="Michael Bada" id="UBERON_Instance_420074" type="identity">
      <class id="UBERON:0002108" label="small intestine"/>
      <span end="755" id="15921521-11554" start="740">small intestine</span>
    </annotation>
    <annotation annotator="Michael Bada" id="UBERON_Instance_420076" type="identity">
      <class id="UBERON:0000160" label="intestine"/>
      <span end="868" id="15921521-11556" start="858">intestinal</span>
    </annotation>
    <annotation annotator="Michael Bada" id="UBERON_Instance_420078" type="identity">
      <class id="UBERON:0000160" label="intestine"/>
      <span end="1071" id="15921521-11558" start="1061">intestinal</span>
    </annotation>
    <annotation annotator="Michael Bada" id="UBERON_Instance_420080" type="identity">
      <class id="UBERON:0000160" label="intestine"/>
      <span end="1205" id="15921521-11560" start="1195">intestinal</span>
    </annotation>
    <annotation annotator="Michael Bada" id="UBERON_Instance_420176" type="identity">
      <class id="UBERON:0000912" label="mucus"/>
      <span end="1329" id="15921521-11654" start="1324">mucus</span>
    </annotation>
    <annotation annotator="Michael Bada" id="UBERON_Instance_420082" type="identity">
      <class id="UBERON:0001983" label="crypt of Lieberkuhn"/>
      <span end="1367" id="15921521-11562" start="1350">intestinal crypts</span>
    </annotation>
    <annotation annotator="Michael Bada" id="UBERON_Instance_420084" type="identity">
      <class id="UBERON:0002108" label="small intestine"/>
      <span end="1993" id="15921521-11564" start="1978">small intestine</span>
    </annotation>
    <annotation annotator="Michael Bada" id="UBERON_Instance_420086" type="identity">
      <class id="UBERON:0000160" label="intestine"/>
      <span end="2167" id="15921521-11566" start="2157">intestinal</span>
    </annotation>
    <annotation annotator="Michael Bada" id="UBERON_Instance_420232" type="identity">
      <class id="UBERON:0000483" label="epithelium"/>
      <span end="2426" id="15921521-11706" start="2416">epithelial</span>
    </annotation>
    <annotation annotator="Michael Bada" id="UBERON_Instance_420234" type="identity">
      <class id="UBERON:0001264" label="pancreas"/>
      <span end="2491" id="15921521-11708" start="2481">pancreatic</span>
    </annotation>
    <annotation annotator="Michael Bada" id="UBERON_Instance_420236" type="identity">
      <class id="UBERON:0002330" label="exocrine system"/>
      <span end="2665" id="15921521-11710" start="2657">exocrine</span>
    </annotation>
    <annotation annotator="Michael Bada" id="UBERON_Instance_420238" type="identity">
      <class id="UBERON:0000479" label="tissue"/>
      <span end="2672" id="15921521-11712" start="2666">tissue</span>
    </annotation>
    <annotation annotator="Michael Bada" id="UBERON_Instance_420240" type="identity">
      <class id="UBERON:0001264" label="pancreas"/>
      <span end="2696" id="15921521-11714" start="2686">pancreatic</span>
    </annotation>
    <annotation annotator="Michael Bada" id="UBERON_Instance_420242" type="identity">
      <class id="UBERON:0000062" label="organ"/>
      <span end="2758" id="15921521-11716" start="2752">organs</span>
    </annotation>
    <annotation annotator="Michael Bada" id="UBERON_Instance_420244" type="identity">
      <class id="UBERON:0001005" label="respiratory airway"/>
      <span end="2780" id="15921521-11718" start="2773">airways</span>
    </annotation>
    <annotation annotator="Michael Bada" id="UBERON_Instance_420088" type="identity">
      <class id="UBERON:0000160" label="intestine"/>
      <span end="2795" id="15921521-11568" start="2785">intestines</span>
    </annotation>
    <annotation annotator="Michael Bada" id="UBERON_Instance_420246" type="identity">
      <class id="UBERON:0001264" label="pancreas"/>
      <span end="3025" id="15921521-11720" start="3015">pancreatic</span>
    </annotation>
    <annotation annotator="Michael Bada" id="UBERON_Instance_420480" type="identity">
      <class id="UBERON:0000165" label="mouth"/>
      <span end="3200" id="15921521-11784" start="3196">oral</span>
    </annotation>
    <annotation annotator="Michael Bada" id="UBERON_Instance_420482" type="identity">
      <class id="UBERON:0000165" label="mouth"/>
      <span end="3488" id="15921521-11786" start="3484">oral</span>
    </annotation>
    <annotation annotator="Michael Bada" id="UBERON_Instance_420178" type="identity">
      <class id="UBERON:0000912" label="mucus"/>
      <span end="3583" id="15921521-11656" start="3578">mucus</span>
    </annotation>
    <annotation annotator="Michael Bada" id="UBERON_Instance_420090" type="identity">
      <class id="UBERON:0000160" label="intestine"/>
      <span end="3616" id="15921521-11570" start="3607">intestine</span>
    </annotation>
    <annotation annotator="Michael Bada" id="UBERON_Instance_420180" type="identity">
      <class id="UBERON:0000912" label="mucus"/>
      <span end="3670" id="15921521-11658" start="3665">Mucus</span>
    </annotation>
    <annotation annotator="Michael Bada" id="UBERON_Instance_420248" type="identity">
      <class id="UBERON:0001555" label="digestive tract"/>
      <span end="3708" id="15921521-11722" start="3705">gut</span>
    </annotation>
    <annotation annotator="Michael Bada" id="UBERON_Instance_420250" type="identity">
      <class id="UBERON:0007109" label="meconium"/>
      <span end="3763" id="15921521-11724" start="3755">meconium</span>
    </annotation>
    <annotation annotator="Michael Bada" id="UBERON_Instance_420052" type="identity">
      <class id="UBERON:0007023" label="adult organism"/>
      <span end="3785" id="15921521-11542" start="3779">adults</span>
    </annotation>
    <annotation annotator="Michael Bada" id="UBERON_Instance_420092" type="identity">
      <class id="UBERON:0000160" label="intestine"/>
      <span end="3811" id="15921521-11572" start="3801">intestinal</span>
    </annotation>
    <annotation annotator="Michael Bada" id="UBERON_Instance_420484" type="identity">
      <class id="UBERON:0001005" label="respiratory airway"/>
      <span end="3875" id="15921521-11788" start="3868">airways</span>
    </annotation>
    <annotation annotator="Michael Bada" id="UBERON_Instance_420094" type="identity">
      <class id="UBERON:0000160" label="intestine"/>
      <span end="3927" id="15921521-11574" start="3917">intestines</span>
    </annotation>
    <annotation annotator="Michael Bada" id="UBERON_Instance_420096" type="identity">
      <class id="UBERON:0000160" label="intestine"/>
      <span end="4379" id="15921521-11576" start="4369">intestinal</span>
    </annotation>
    <annotation annotator="Michael Bada" id="UBERON_Instance_420252" type="identity">
      <class id="UBERON:0002048" label="lung"/>
      <span end="4721" id="15921521-11726" start="4717">lung</span>
    </annotation>
    <annotation annotator="Michael Bada" id="UBERON_Instance_420254" type="identity">
      <class id="UBERON:0005169" label="interstitial tissue"/>
      <span end="4779" id="15921521-11728" start="4767">interstitial</span>
    </annotation>
    <annotation annotator="Michael Bada" id="UBERON_Instance_420486" type="identity">
      <class id="UBERON:0001005" label="respiratory airway"/>
      <span end="4825" id="15921521-11790" start="4818">airways</span>
    </annotation>
    <annotation annotator="Michael Bada" id="UBERON_Instance_420256" type="identity">
      <class id="UBERON:0001005" label="respiratory airway"/>
      <span end="4897" id="15921521-11730" start="4891">airway</span>
    </annotation>
    <annotation annotator="Michael Bada" id="UBERON_Instance_420258" type="identity">
      <class id="UBERON:0001264" label="pancreas"/>
      <span end="5111" id="15921521-11732" start="5101">pancreatic</span>
    </annotation>
    <annotation annotator="Michael Bada" id="UBERON_Instance_420098" type="identity">
      <class id="UBERON:0000160" label="intestine"/>
      <span end="5438" id="15921521-11578" start="5428">intestinal</span>
    </annotation>
    <annotation annotator="Michael Bada" id="UBERON_Instance_420100" type="identity">
      <class id="UBERON:0000160" label="intestine"/>
      <span end="5548" id="15921521-11580" start="5538">intestinal</span>
    </annotation>
    <annotation annotator="Michael Bada" id="UBERON_Instance_420102" type="identity">
      <class id="UBERON:0002108" label="small intestine"/>
      <span end="7103" id="15921521-11582" start="7088">small intestine</span>
    </annotation>
    <annotation annotator="Michael Bada" id="UBERON_Instance_420104" type="identity">
      <class id="UBERON:0000160" label="intestine"/>
      <span end="7524" id="15921521-11584" start="7515">intestine</span>
    </annotation>
    <annotation annotator="Michael Bada" id="UBERON_Instance_420106" type="identity">
      <class id="UBERON:0000160" label="intestine"/>
      <span end="7664" id="15921521-11586" start="7655">intestine</span>
    </annotation>
    <annotation annotator="Michael Bada" id="UBERON_Instance_420488" type="identity">
      <class id="UBERON:0001986" label="endothelium"/>
      <span end="7726" id="15921521-11792" start="7715">endothelial</span>
    </annotation>
    <annotation annotator="Michael Bada" id="UBERON_Instance_390004" type="identity">
      <class id="UBERON:0001986" label="endothelium"/>
      <span end="7805" id="15921521-11540" start="7794">endothelial</span>
    </annotation>
    <annotation annotator="Michael Bada" id="UBERON_Instance_370002" type="identity">
      <class id="UBERON:0001979" label="venule"/>
      <span end="7813" id="15921521-11538" start="7806">venules</span>
    </annotation>
    <annotation annotator="Michael Bada" id="UBERON_Instance_420274" type="identity">
      <class id="UBERON:0000479" label="tissue"/>
      <span end="7850" id="15921521-11734" start="7843">tissues</span>
    </annotation>
    <annotation annotator="Michael Bada" id="UBERON_Instance_420278" type="identity">
      <class id="UBERON:0000178" label="blood"/>
      <span end="7946" id="15921521-11736" start="7941">blood</span>
    </annotation>
    <annotation annotator="Michael Bada" id="UBERON_Instance_420280" type="identity">
      <class id="UBERON:0002108" label="small intestine"/>
      <span end="8040" id="15921521-11738" start="8025">small intestine</span>
    </annotation>
    <annotation annotator="Michael Bada" id="UBERON_Instance_420282" type="identity">
      <class id="UBERON:0001977" label="serum"/>
      <span end="8047" id="15921521-11740" start="8042">Serum</span>
    </annotation>
    <annotation annotator="Nicole Vasilevsky" id="UBERON_Instance_840468" type="identity">
      <class id="UBERON:0013636" label="epithelium of intestinal villus"/>
      <span end="8134" id="15921521-11814" start="8117">villus epithelial</span>
    </annotation>
    <annotation annotator="Michael Bada" id="UBERON_Instance_420110" type="identity">
      <class id="UBERON:0000160" label="intestine"/>
      <span end="8176" id="15921521-11588" start="8167">intestine</span>
    </annotation>
    <annotation annotator="Michael Bada" id="UBERON_Instance_420112" type="identity">
      <class id="UBERON:0000160" label="intestine"/>
      <span end="8351" id="15921521-11590" start="8342">intestine</span>
    </annotation>
    <annotation annotator="Michael Bada" id="UBERON_Instance_420114" type="identity">
      <class id="UBERON:0000160" label="intestine"/>
      <span end="8436" id="15921521-11592" start="8427">intestine</span>
    </annotation>
    <annotation annotator="Michael Bada" id="UBERON_Instance_420286" type="identity">
      <class id="UBERON:0000483" label="epithelium"/>
      <span end="8502" id="15921521-11742" start="8492">epithelial</span>
    </annotation>
    <annotation annotator="Michael Bada" id="UBERON_Instance_420116" type="identity">
      <class id="UBERON:0000160" label="intestine"/>
      <span end="9441" id="15921521-11594" start="9432">intestine</span>
    </annotation>
    <annotation annotator="Michael Bada" id="UBERON_Instance_420118" type="identity">
      <class id="UBERON:0002108" label="small intestine"/>
      <span end="9876" id="15921521-11596" start="9861">small intestine</span>
    </annotation>
    <annotation annotator="Michael Bada" id="UBERON_Instance_420120" type="identity">
      <class id="UBERON:0000160" label="intestine"/>
      <span end="10802" id="15921521-11598" start="10792">intestinal</span>
    </annotation>
    <annotation annotator="Michael Bada" id="UBERON_Instance_420182" type="identity">
      <class id="UBERON:0000912" label="mucus"/>
      <span end="10808" id="15921521-11660" start="10803">mucus</span>
    </annotation>
    <annotation annotator="Michael Bada" id="UBERON_Instance_420122" type="identity">
      <class id="UBERON:0002108" label="small intestine"/>
      <span end="10896" id="15921521-11600" start="10881">small intestine</span>
    </annotation>
    <annotation annotator="Michael Bada" id="UBERON_Instance_420184" type="identity">
      <class id="UBERON:0000912" label="mucus"/>
      <span end="10925" id="15921521-11662" start="10920">mucus</span>
    </annotation>
    <annotation annotator="Michael Bada" id="UBERON_Instance_420124" type="identity">
      <class id="UBERON:0001983" label="crypt of Lieberkuhn"/>
      <span end="10946" id="15921521-11602" start="10929">intestinal crypts</span>
    </annotation>
    <annotation annotator="Michael Bada" id="UBERON_Instance_420126" type="identity">
      <class id="UBERON:0002108" label="small intestine"/>
      <span end="11165" id="15921521-11604" start="11150">small intestine</span>
    </annotation>
    <annotation annotator="Michael Bada" id="UBERON_Instance_420290" type="identity">
      <class id="UBERON:0000479" label="tissue"/>
      <span end="11173" id="15921521-11744" start="11166">tissues</span>
    </annotation>
    <annotation annotator="Michael Bada" id="UBERON_Instance_420128" type="identity">
      <class id="UBERON:0002108" label="small intestine"/>
      <span end="11218" id="15921521-11606" start="11203">small intestine</span>
    </annotation>
    <annotation annotator="Michael Bada" id="UBERON_Instance_420130" type="identity">
      <class id="UBERON:0001983" label="crypt of Lieberkuhn"/>
      <span end="11303" id="15921521-11608" start="11286">intestinal crypts</span>
    </annotation>
    <annotation annotator="Michael Bada" id="UBERON_Instance_420294" type="identity">
      <class id="UBERON:0013636" label="epithelium of intestinal villus"/>
      <span end="11437" id="15921521-11746" start="11420">villus epithelium</span>
    </annotation>
    <annotation annotator="Michael Bada" id="UBERON_Instance_420298" type="identity">
      <class id="UBERON:0000479" label="tissue"/>
      <span end="11525" id="15921521-11748" start="11518">tissues</span>
    </annotation>
    <annotation annotator="Michael Bada" id="UBERON_Instance_420132" type="identity">
      <class id="UBERON:0000160" label="intestine"/>
      <span end="11553" id="15921521-11610" start="11544">intestine</span>
    </annotation>
    <annotation annotator="Michael Bada" id="UBERON_Instance_330000" type="identity">
      <class id="UBERON:0001983" label="crypt of Lieberkuhn"/>
      <span end="11626" id="15921521-11536" start="11620">crypts</span>
    </annotation>
    <annotation annotator="Michael Bada" id="UBERON_Instance_420186" type="identity">
      <class id="UBERON:0000912" label="mucus"/>
      <span end="11657" id="15921521-11664" start="11652">mucus</span>
    </annotation>
    <annotation annotator="Michael Bada" id="UBERON_Instance_420188" type="identity">
      <class id="UBERON:0000912" label="mucus"/>
      <span end="11715" id="15921521-11666" start="11710">mucus</span>
    </annotation>
    <annotation annotator="Michael Bada" id="UBERON_Instance_420190" type="identity">
      <class id="UBERON:0000912" label="mucus"/>
      <span end="11795" id="15921521-11668" start="11790">mucus</span>
    </annotation>
    <annotation annotator="Michael Bada" id="UBERON_Instance_420300" type="identity">
      <class id="UBERON:0001983" label="crypt of Lieberkuhn"/>
      <span end="11911" id="15921521-11750" start="11905">crypts</span>
    </annotation>
    <annotation annotator="Michael Bada" id="UBERON_Instance_420192" type="identity">
      <class id="UBERON:0000912" label="mucus"/>
      <span end="11933" id="15921521-11670" start="11928">mucus</span>
    </annotation>
    <annotation annotator="Michael Bada" id="UBERON_Instance_420302" type="identity">
      <class id="UBERON:0001983" label="crypt of Lieberkuhn"/>
      <span end="11947" id="15921521-11752" start="11942">crypt</span>
    </annotation>
    <annotation annotator="Michael Bada" id="UBERON_Instance_420194" type="identity">
      <class id="UBERON:0000912" label="mucus"/>
      <span end="12011" id="15921521-11672" start="12006">mucus</span>
    </annotation>
    <annotation annotator="Michael Bada" id="UBERON_Instance_420306" type="identity">
      <class id="UBERON:0001983" label="crypt of Lieberkuhn"/>
      <span end="12025" id="15921521-11754" start="12019">crypts</span>
    </annotation>
    <annotation annotator="Michael Bada" id="UBERON_Instance_420196" type="identity">
      <class id="UBERON:0000912" label="mucus"/>
      <span end="12068" id="15921521-11674" start="12063">mucus</span>
    </annotation>
    <annotation annotator="Michael Bada" id="UBERON_Instance_420198" type="identity">
      <class id="UBERON:0000912" label="mucus"/>
      <span end="12196" id="15921521-11676" start="12191">mucus</span>
    </annotation>
    <annotation annotator="Michael Bada" id="UBERON_Instance_420200" type="identity">
      <class id="UBERON:0000912" label="mucus"/>
      <span end="12216" id="15921521-11678" start="12211">mucus</span>
    </annotation>
    <annotation annotator="Michael Bada" id="UBERON_Instance_420202" type="identity">
      <class id="UBERON:0000912" label="mucus"/>
      <span end="12255" id="15921521-11680" start="12250">mucus</span>
    </annotation>
    <annotation annotator="Michael Bada" id="UBERON_Instance_420308" type="identity">
      <class id="UBERON:0001983" label="crypt of Lieberkuhn"/>
      <span end="12336" id="15921521-11756" start="12331">crypt</span>
    </annotation>
    <annotation annotator="Michael Bada" id="UBERON_Instance_420204" type="identity">
      <class id="UBERON:0000912" label="mucus"/>
      <span end="12360" id="15921521-11682" start="12355">mucus</span>
    </annotation>
    <annotation annotator="Michael Bada" id="UBERON_Instance_420134" type="identity">
      <class id="UBERON:0002108" label="small intestine"/>
      <span end="12473" id="15921521-11612" start="12458">small intestine</span>
    </annotation>
    <annotation annotator="Michael Bada" id="UBERON_Instance_420310" type="identity">
      <class id="UBERON:0000479" label="tissue"/>
      <span end="12543" id="15921521-11758" start="12537">Tissue</span>
    </annotation>
    <annotation annotator="Michael Bada" id="UBERON_Instance_420136" type="identity">
      <class id="UBERON:0002108" label="small intestine"/>
      <span end="12670" id="15921521-11614" start="12655">small intestine</span>
    </annotation>
    <annotation annotator="Michael Bada" id="UBERON_Instance_420312" type="identity">
      <class id="UBERON:0000479" label="tissue"/>
      <span end="12839" id="15921521-11760" start="12833">tissue</span>
    </annotation>
    <annotation annotator="Michael Bada" id="UBERON_Instance_420314" type="identity">
      <class id="UBERON:0001983" label="crypt of Lieberkuhn"/>
      <span end="12873" id="15921521-11762" start="12867">crypts</span>
    </annotation>
    <annotation annotator="Michael Bada" id="UBERON_Instance_420318" type="identity">
      <class id="UBERON:0000479" label="tissue"/>
      <span end="12937" id="15921521-11764" start="12931">tissue</span>
    </annotation>
    <annotation annotator="Michael Bada" id="UBERON_Instance_420320" type="identity">
      <class id="UBERON:0001983" label="crypt of Lieberkuhn"/>
      <span end="12969" id="15921521-11766" start="12964">crypt</span>
    </annotation>
    <annotation annotator="Michael Bada" id="UBERON_Instance_420206" type="identity">
      <class id="UBERON:0000912" label="mucus"/>
      <span end="13031" id="15921521-11684" start="13026">mucus</span>
    </annotation>
    <annotation annotator="Michael Bada" id="UBERON_Instance_420324" type="identity">
      <class id="UBERON:0001983" label="crypt of Lieberkuhn"/>
      <span end="13093" id="15921521-11768" start="13087">crypts</span>
    </annotation>
    <annotation annotator="Michael Bada" id="UBERON_Instance_420326" type="identity">
      <class id="UBERON:0001983" label="crypt of Lieberkuhn"/>
      <span end="13157" id="15921521-11770" start="13151">crypts</span>
    </annotation>
    <annotation annotator="Michael Bada" id="UBERON_Instance_420328" type="identity">
      <class id="UBERON:0001983" label="crypt of Lieberkuhn"/>
      <span end="13252" id="15921521-11772" start="13246">crypts</span>
    </annotation>
    <annotation annotator="Michael Bada" id="UBERON_Instance_420330" type="identity">
      <class id="UBERON:0001983" label="crypt of Lieberkuhn"/>
      <span end="13288" id="15921521-11774" start="13283">crypt</span>
    </annotation>
    <annotation annotator="Michael Bada" id="UBERON_Instance_420208" type="identity">
      <class id="UBERON:0000912" label="mucus"/>
      <span end="13307" id="15921521-11686" start="13302">mucus</span>
    </annotation>
    <annotation annotator="Michael Bada" id="UBERON_Instance_420210" type="identity">
      <class id="UBERON:0000912" label="mucus"/>
      <span end="13592" id="15921521-11688" start="13587">mucus</span>
    </annotation>
    <annotation annotator="Michael Bada" id="UBERON_Instance_420138" type="identity">
      <class id="UBERON:0002108" label="small intestine"/>
      <span end="13618" id="15921521-11616" start="13603">small intestine</span>
    </annotation>
    <annotation annotator="Michael Bada" id="UBERON_Instance_420140" type="identity">
      <class id="UBERON:0000160" label="intestine"/>
      <span end="13781" id="15921521-11618" start="13771">intestinal</span>
    </annotation>
    <annotation annotator="Michael Bada" id="UBERON_Instance_420142" type="identity">
      <class id="UBERON:0000160" label="intestine"/>
      <span end="13834" id="15921521-11620" start="13825">intestine</span>
    </annotation>
    <annotation annotator="Michael Bada" id="UBERON_Instance_420212" type="identity">
      <class id="UBERON:0000912" label="mucus"/>
      <span end="14146" id="15921521-11690" start="14141">mucus</span>
    </annotation>
    <annotation annotator="Michael Bada" id="UBERON_Instance_420144" type="identity">
      <class id="UBERON:0002108" label="small intestine"/>
      <span end="14232" id="15921521-11622" start="14217">small intestine</span>
    </annotation>
    <annotation annotator="Michael Bada" id="UBERON_Instance_420214" type="identity">
      <class id="UBERON:0000912" label="mucus"/>
      <span end="14359" id="15921521-11692" start="14354">mucus</span>
    </annotation>
    <annotation annotator="Michael Bada" id="UBERON_Instance_420146" type="identity">
      <class id="UBERON:0000160" label="intestine"/>
      <span end="15814" id="15921521-11624" start="15804">intestinal</span>
    </annotation>
    <annotation annotator="Michael Bada" id="UBERON_Instance_420148" type="identity">
      <class id="UBERON:0000160" label="intestine"/>
      <span end="15842" id="15921521-11626" start="15832">intestinal</span>
    </annotation>
    <annotation annotator="Michael Bada" id="UBERON_Instance_420216" type="identity">
      <class id="UBERON:0000912" label="mucus"/>
      <span end="16026" id="15921521-11694" start="16021">mucus</span>
    </annotation>
    <annotation annotator="Michael Bada" id="UBERON_Instance_420150" type="identity">
      <class id="UBERON:0002108" label="small intestine"/>
      <span end="16062" id="15921521-11628" start="16047">small intestine</span>
    </annotation>
    <annotation annotator="Michael Bada" id="UBERON_Instance_420334" type="identity">
      <class id="UBERON:0002415" label="tail"/>
      <span end="17336" id="15921521-11776" start="17332">tail</span>
    </annotation>
    <annotation annotator="Michael Bada" id="UBERON_Instance_420152" type="identity">
      <class id="UBERON:0000160" label="intestine"/>
      <span end="19069" id="15921521-11630" start="19059">intestinal</span>
    </annotation>
    <annotation annotator="Michael Bada" id="UBERON_Instance_420502" type="identity">
      <class id="UBERON:0006314" label="bodily fluid"/>
      <span end="19361" id="15921521-11800" start="19356">fluid</span>
    </annotation>
    <annotation annotator="Michael Bada" id="UBERON_Instance_420056" type="identity">
      <class id="UBERON:0002405" label="immune system"/>
      <span end="19736" id="15921521-11544" start="19723">immune system</span>
    </annotation>
    <annotation annotator="Nicole Vasilevsky" id="UBERON_Instance_830026" type="identity">
      <class id="UBERON:0002405" label="immune system"/>
      <span end="19985" id="15921521-11804" start="19979">immune</span>
    </annotation>
    <annotation annotator="Michael Bada" id="UBERON_Instance_420338" type="identity">
      <class id="UBERON:0000479" label="tissue"/>
      <span end="20025" id="15921521-11778" start="20018">tissues</span>
    </annotation>
    <annotation annotator="Nicole Vasilevsky" id="UBERON_Instance_830028" type="identity">
      <class id="UBERON:0002405" label="immune system"/>
      <span end="20057" id="15921521-11806" start="20051">immune</span>
    </annotation>
    <annotation annotator="Michael Bada" id="UBERON_Instance_420342" type="identity">
      <class id="UBERON:0000479" label="tissue"/>
      <span end="20665" id="15921521-11780" start="20658">tissues</span>
    </annotation>
    <annotation annotator="Michael Bada" id="UBERON_Instance_420154" type="identity">
      <class id="UBERON:0000160" label="intestine"/>
      <span end="21751" id="15921521-11632" start="21741">intestinal</span>
    </annotation>
    <annotation annotator="Nicole Vasilevsky" id="UBERON_Instance_830032" type="identity">
      <class id="UBERON:0002405" label="immune system"/>
      <span end="21803" id="15921521-11808" start="21797">immune</span>
    </annotation>
    <annotation annotator="Michael Bada" id="UBERON_Instance_420360" type="identity">
      <class id="UBERON:0000479" label="tissue"/>
      <span end="22293" id="15921521-11782" start="22287">tissue</span>
    </annotation>
    <annotation annotator="Nicole Vasilevsky" id="UBERON_Instance_830034" type="identity">
      <class id="UBERON:0002405" label="immune system"/>
      <span end="22310" id="15921521-11810" start="22304">immune</span>
    </annotation>
    <annotation annotator="Michael Bada" id="UBERON_Instance_420218" type="identity">
      <class id="UBERON:0000912" label="mucus"/>
      <span end="22355" id="15921521-11696" start="22350">mucus</span>
    </annotation>
    <annotation annotator="Michael Bada" id="UBERON_Instance_420156" type="identity">
      <class id="UBERON:0000160" label="intestine"/>
      <span end="22388" id="15921521-11634" start="22379">intestine</span>
    </annotation>
    <annotation annotator="Michael Bada" id="UBERON_Instance_420220" type="identity">
      <class id="UBERON:0000912" label="mucus"/>
      <span end="22413" id="15921521-11698" start="22408">mucus</span>
    </annotation>
    <annotation annotator="Michael Bada" id="UBERON_Instance_420492" type="identity">
      <class id="UBERON:0000479" label="tissue"/>
      <span end="22454" id="15921521-11794" start="22447">tissues</span>
    </annotation>
    <annotation annotator="Michael Bada" id="UBERON_Instance_420500" type="identity">
      <class id="UBERON:0006314" label="bodily fluid"/>
      <span end="22494" id="15921521-11798" start="22489">fluid</span>
    </annotation>
    <annotation annotator="Michael Bada" id="UBERON_Instance_420498" type="identity">
      <class id="UBERON:0000062" label="organ"/>
      <span end="22567" id="15921521-11796" start="22561">organs</span>
    </annotation>
    <annotation annotator="Michael Bada" id="UBERON_Instance_420222" type="identity">
      <class id="UBERON:0000912" label="mucus"/>
      <span end="22628" id="15921521-11700" start="22623">mucus</span>
    </annotation>
    <annotation annotator="Michael Bada" id="UBERON_Instance_420224" type="identity">
      <class id="UBERON:0000912" label="mucus"/>
      <span end="22803" id="15921521-11702" start="22798">mucus</span>
    </annotation>
    <annotation annotator="Michael Bada" id="UBERON_Instance_420158" type="identity">
      <class id="UBERON:0002108" label="small intestine"/>
      <span end="23137" id="15921521-11636" start="23122">small intestine</span>
    </annotation>
    <annotation annotator="Nicole Vasilevsky" id="UBERON_Instance_830036" type="identity">
      <class id="UBERON:0002405" label="immune system"/>
      <span end="23173" id="15921521-11812" start="23167">immune</span>
    </annotation>
    <annotation annotator="Michael Bada" id="UBERON_Instance_420226" type="identity">
      <class id="UBERON:0000912" label="mucus"/>
      <span end="23188" id="15921521-11704" start="23183">mucus</span>
    </annotation>
    <annotation annotator="Michael Bada" id="UBERON_Instance_420160" type="identity">
      <class id="UBERON:0000160" label="intestine"/>
      <span end="23531" id="15921521-11638" start="23521">intestinal</span>
    </annotation>
    <annotation annotator="Michael Bada" id="UBERON_Instance_420162" type="identity">
      <class id="UBERON:0000160" label="intestine"/>
      <span end="24643" id="15921521-11640" start="24633">intestinal</span>
    </annotation>
    <annotation annotator="Michael Bada" id="UBERON_Instance_420062" type="identity">
      <class id="UBERON:0002415" label="tail"/>
      <span end="25390" id="15921521-11546" start="25386">tail</span>
    </annotation>
    <annotation annotator="Michael Bada" id="UBERON_Instance_420164" type="identity">
      <class id="UBERON:0002108" label="small intestine"/>
      <span end="25807" id="15921521-11642" start="25792">small intestine</span>
    </annotation>
    <annotation annotator="Michael Bada" id="UBERON_Instance_420166" type="identity">
      <class id="UBERON:0002108" label="small intestine"/>
      <span end="26087" id="15921521-11644" start="26072">small intestine</span>
    </annotation>
    <annotation annotator="Michael Bada" id="UBERON_Instance_420168" type="identity">
      <class id="UBERON:0000160" label="intestine"/>
      <span end="26128" id="15921521-11646" start="26118">intestinal</span>
    </annotation>
    <annotation annotator="Michael Bada" id="UBERON_Instance_420170" type="identity">
      <class id="UBERON:0002108" label="small intestine"/>
      <span end="26300" id="15921521-11648" start="26285">small intestine</span>
    </annotation>
    <annotation annotator="Michael Bada" id="UBERON_Instance_420504" type="identity">
      <class id="UBERON:0000479" label="tissue"/>
      <span end="26409" id="15921521-11802" start="26402">tissues</span>
    </annotation>
    <graph-space id="Old Knowtator Relations"/>
  </document>
</knowtator-project>
