<?xml version="1.0" encoding="UTF-8" standalone="no"?>
<knowtator-project>
    <document id="15938754" text-file="15938754.txt">
        <annotation annotator="Michael Bada" id="UBERON_Instance_420376" type="identity">
            <class id="UBERON:0001033" label="gustatory system"/>
            <span end="192" id="15938754-11823" start="176">gustatory system</span>
        </annotation>
        <annotation annotator="Michael Bada" id="UBERON_Instance_420378" type="identity">
            <class id="UBERON:0001723" label="tongue"/>
            <span end="410" id="15938754-11825" start="404">tongue</span>
        </annotation>
        <annotation annotator="Michael Bada" id="UBERON_Instance_420380" type="identity">
            <class id="UBERON:0001033" label="gustatory system"/>
            <span end="1997" id="15938754-11827" start="1981">gustatory system</span>
        </annotation>
        <annotation annotator="Michael Bada" id="UBERON_Instance_420382" type="identity">
            <class id="UBERON:0002926" label="gustatory epithelium"/>
            <span end="2349" id="15938754-11829" start="2329">gustatory epithelium</span>
        </annotation>
        <annotation annotator="Michael Bada" id="UBERON_Instance_360002" type="identity">
            <class id="UBERON:0001836" label="saliva"/>
            <span end="12454" id="15938754-11817" start="12446">salivary</span>
        </annotation>
        <annotation annotator="Michael Bada" id="UBERON_Instance_420384" type="identity">
            <class id="UBERON:0001033" label="gustatory system"/>
            <span end="17811" id="15938754-11831" start="17795">gustatory system</span>
        </annotation>
        <annotation annotator="Michael Bada" id="UBERON_Instance_420386" type="identity">
            <class id="UBERON:0001017" label="central nervous system"/>
            <span end="18150" id="15938754-11833" start="18128">central nervous system</span>
        </annotation>
        <annotation annotator="Michael Bada" id="UBERON_Instance_380004" type="identity">
            <class id="UBERON:0001836" label="saliva"/>
            <span end="18925" id="15938754-11819" start="18917">salivary</span>
        </annotation>
        <annotation annotator="Michael Bada" id="UBERON_Instance_420054" type="identity">
            <class id="UBERON:0007023" label="adult organism"/>
            <span end="24480" id="15938754-11821" start="24475">adult</span>
        </annotation>
        <graph-space id="Old Knowtator Relations"/>
    </document>
</knowtator-project>
