<?xml version="1.0" encoding="UTF-8" standalone="no"?>
<knowtator-project>
    <document id="16121256" text-file="16121256.txt">
        <annotation annotator="Michael Bada" id="UBERON_Instance_480158" type="identity">
            <class id="UBERON:0000922" label="embryo"/>
            <span end="366" id="16121256-14439" start="357">embryonic</span>
        </annotation>
        <annotation annotator="Michael Bada" id="UBERON_Instance_481080" type="identity">
            <class id="UBERON:0002107" label="liver"/>
            <span end="446" id="16121256-14452" start="441">liver</span>
        </annotation>
        <annotation annotator="Michael Bada" id="UBERON_Instance_481082" type="identity">
            <class id="UBERON:0000948" label="heart"/>
            <span end="533" id="16121256-14454" start="526">cardiac</span>
        </annotation>
        <annotation annotator="Michael Bada" id="UBERON_Instance_481084" type="identity">
            <class id="UBERON:0000178" label="blood"/>
            <span end="1339" id="16121256-14456" start="1334">blood</span>
        </annotation>
        <annotation annotator="Michael Bada" id="UBERON_Instance_480160" type="identity">
            <class id="UBERON:0000922" label="embryo"/>
            <span end="1507" id="16121256-14441" start="1498">embryonic</span>
        </annotation>
        <annotation annotator="Michael Bada" id="UBERON_Instance_481086" type="identity">
            <class id="UBERON:0000178" label="blood"/>
            <span end="1850" id="16121256-14458" start="1845">blood</span>
        </annotation>
        <annotation annotator="Michael Bada" id="UBERON_Instance_481088" type="identity">
            <class id="UBERON:0000479" label="tissue"/>
            <span end="1859" id="16121256-14460" start="1852">tissues</span>
        </annotation>
        <annotation annotator="Michael Bada" id="UBERON_Instance_481090" type="identity">
            <class id="UBERON:0001088" label="urine"/>
            <span end="1870" id="16121256-14462" start="1865">urine</span>
        </annotation>
        <annotation annotator="Michael Bada" id="UBERON_Instance_490038" type="identity">
            <class id="UBERON:0000104" label="life cycle"/>
            <span end="3438" id="16121256-14648" start="3434">life</span>
        </annotation>
        <annotation annotator="Michael Bada" id="UBERON_Instance_480162" type="identity">
            <class id="UBERON:0000922" label="embryo"/>
            <span end="4123" id="16121256-14443" start="4114">embryonic</span>
        </annotation>
        <annotation annotator="Michael Bada" id="UBERON_Instance_490040" type="identity">
            <class id="UBERON:0000948" label="heart"/>
            <span end="7547" id="16121256-14650" start="7542">heart</span>
        </annotation>
        <annotation annotator="Michael Bada" id="UBERON_Instance_481092" type="identity">
            <class id="UBERON:0000479" label="tissue"/>
            <span end="8037" id="16121256-14464" start="8030">tissues</span>
        </annotation>
        <annotation annotator="Michael Bada" id="UBERON_Instance_481094" type="identity">
            <class id="UBERON:0001348" label="brown adipose tissue"/>
            <span end="8119" id="16121256-14466" start="8110">brown fat</span>
        </annotation>
        <annotation annotator="Michael Bada" id="UBERON_Instance_481096" type="identity">
            <class id="UBERON:0002113" label="kidney"/>
            <span end="8127" id="16121256-14468" start="8121">kidney</span>
        </annotation>
        <annotation annotator="Michael Bada" id="UBERON_Instance_481098" type="identity">
            <class id="UBERON:0000948" label="heart"/>
            <span end="8134" id="16121256-14470" start="8129">heart</span>
        </annotation>
        <annotation annotator="Nicole Vasilevsky" id="UBERON+extension_classes_Instance_120156" type="identity">
            <class id="UBERON:0004288" label="skeleton"/>
            <span end="8144" id="16121256-14419" start="8136">skeletal</span>
        </annotation>
        <annotation annotator="Michael Bada" id="UBERON_Instance_481100" type="identity">
            <class id="UBERON:0002107" label="liver"/>
            <span end="8162" id="16121256-14472" start="8157">liver</span>
        </annotation>
        <annotation annotator="Michael Bada" id="UBERON_Instance_220002" type="identity">
            <class id="UBERON:0000955" label="brain"/>
            <span end="8199" id="16121256-14427" start="8194">brain</span>
        </annotation>
        <annotation annotator="Michael Bada" id="UBERON_Instance_481102" type="identity">
            <class id="UBERON:0001347" label="white adipose tissue"/>
            <span end="8210" id="16121256-14474" start="8201">white fat</span>
        </annotation>
        <annotation annotator="Michael Bada" id="UBERON_Instance_480086" type="identity">
            <class id="UBERON:0000473" label="testis"/>
            <span end="8222" id="16121256-14431" start="8216">testes</span>
        </annotation>
        <annotation annotator="Michael Bada" id="UBERON_Instance_481104" type="identity">
            <class id="UBERON:0000948" label="heart"/>
            <span end="8661" id="16121256-14476" start="8656">heart</span>
        </annotation>
        <annotation annotator="Michael Bada" id="UBERON_Instance_481106" type="identity">
            <class id="UBERON:0002107" label="liver"/>
            <span end="8668" id="16121256-14478" start="8663">liver</span>
        </annotation>
        <annotation annotator="Michael Bada" id="UBERON_Instance_481108" type="identity">
            <class id="UBERON:0001348" label="brown adipose tissue"/>
            <span end="8679" id="16121256-14480" start="8670">brown fat</span>
        </annotation>
        <annotation annotator="Michael Bada" id="UBERON_Instance_470004" type="identity">
            <class id="UBERON:0000955" label="brain"/>
            <span end="8686" id="16121256-14429" start="8681">brain</span>
        </annotation>
        <annotation annotator="Michael Bada" id="UBERON_Instance_481110" type="identity">
            <class id="UBERON:0002113" label="kidney"/>
            <span end="8694" id="16121256-14482" start="8688">kidney</span>
        </annotation>
        <annotation annotator="Michael Bada" id="UBERON_Instance_481112" type="identity">
            <class id="UBERON:0001347" label="white adipose tissue"/>
            <span end="8721" id="16121256-14484" start="8712">white fat</span>
        </annotation>
        <annotation annotator="Michael Bada" id="UBERON_Instance_480088" type="identity">
            <class id="UBERON:0000473" label="testis"/>
            <span end="8732" id="16121256-14433" start="8726">testes</span>
        </annotation>
        <annotation annotator="Michael Bada" id="UBERON_Instance_481114" type="identity">
            <class id="UBERON:0001348" label="brown adipose tissue"/>
            <span end="8816" id="16121256-14486" start="8807">brown fat</span>
        </annotation>
        <annotation annotator="Michael Bada" id="UBERON_Instance_481116" type="identity">
            <class id="UBERON:0002113" label="kidney"/>
            <span end="8824" id="16121256-14488" start="8818">kidney</span>
        </annotation>
        <annotation annotator="Michael Bada" id="UBERON_Instance_481118" type="identity">
            <class id="UBERON:0000948" label="heart"/>
            <span end="8831" id="16121256-14490" start="8826">heart</span>
        </annotation>
        <annotation annotator="Nicole Vasilevsky" id="UBERON+extension_classes_Instance_120158" type="identity">
            <class id="UBERON:0004288" label="skeleton"/>
            <span end="8845" id="16121256-14421" start="8837">skeletal</span>
        </annotation>
        <annotation annotator="Michael Bada" id="UBERON_Instance_481120" type="identity">
            <class id="UBERON:0000479" label="tissue"/>
            <span end="8907" id="16121256-14492" start="8900">tissues</span>
        </annotation>
        <annotation annotator="Michael Bada" id="UBERON_Instance_481780" type="identity">
            <class id="UBERON:0002107" label="liver"/>
            <span end="8924" id="16121256-14638" start="8919">Liver</span>
        </annotation>
        <annotation annotator="Michael Bada" id="UBERON_Instance_481782" type="identity">
            <class id="UBERON:0002107" label="liver"/>
            <span end="8970" id="16121256-14640" start="8965">liver</span>
        </annotation>
        <annotation annotator="Michael Bada" id="UBERON_Instance_481122" type="identity">
            <class id="UBERON:0001977" label="serum"/>
            <span end="9006" id="16121256-14494" start="9002">sera</span>
        </annotation>
        <annotation annotator="Michael Bada" id="UBERON_Instance_481124" type="identity">
            <class id="UBERON:0002107" label="liver"/>
            <span end="9333" id="16121256-14496" start="9328">Liver</span>
        </annotation>
        <annotation annotator="Michael Bada" id="UBERON_Instance_481126" type="identity">
            <class id="UBERON:0002107" label="liver"/>
            <span end="9613" id="16121256-14498" start="9608">liver</span>
        </annotation>
        <annotation annotator="Michael Bada" id="UBERON_Instance_481128" type="identity">
            <class id="UBERON:0002107" label="liver"/>
            <span end="9888" id="16121256-14500" start="9883">liver</span>
        </annotation>
        <annotation annotator="Michael Bada" id="UBERON_Instance_481130" type="identity">
            <class id="UBERON:0001977" label="serum"/>
            <span end="11596" id="16121256-14502" start="11591">serum</span>
        </annotation>
        <annotation annotator="Michael Bada" id="UBERON_Instance_481132" type="identity">
            <class id="UBERON:0001977" label="serum"/>
            <span end="11623" id="16121256-14504" start="11618">serum</span>
        </annotation>
        <annotation annotator="Michael Bada" id="UBERON_Instance_481134" type="identity">
            <class id="UBERON:0001052" label="rectum"/>
            <span end="12028" id="16121256-14506" start="12022">rectal</span>
        </annotation>
        <annotation annotator="Michael Bada" id="UBERON_Instance_481136" type="identity">
            <class id="UBERON:0001052" label="rectum"/>
            <span end="12132" id="16121256-14508" start="12126">Rectal</span>
        </annotation>
        <annotation annotator="Michael Bada" id="UBERON_Instance_481138" type="identity">
            <class id="UBERON:0001052" label="rectum"/>
            <span end="12409" id="16121256-14510" start="12403">rectal</span>
        </annotation>
        <annotation annotator="Michael Bada" id="UBERON_Instance_490042" type="identity">
            <class id="UBERON:0001088" label="urine"/>
            <span end="12481" id="16121256-14652" start="12476">Urine</span>
        </annotation>
        <annotation annotator="Michael Bada" id="UBERON_Instance_481140" type="identity">
            <class id="UBERON:0001977" label="serum"/>
            <span end="13158" id="16121256-14512" start="13153">serum</span>
        </annotation>
        <annotation annotator="Michael Bada" id="UBERON_Instance_481142" type="identity">
            <class id="UBERON:0001977" label="serum"/>
            <span end="13272" id="16121256-14514" start="13267">serum</span>
        </annotation>
        <annotation annotator="Michael Bada" id="UBERON_Instance_481144" type="identity">
            <class id="UBERON:0001970" label="bile"/>
            <span end="13345" id="16121256-14516" start="13341">Bile</span>
        </annotation>
        <annotation annotator="Michael Bada" id="UBERON_Instance_481146" type="identity">
            <class id="UBERON:0001977" label="serum"/>
            <span end="13421" id="16121256-14518" start="13416">serum</span>
        </annotation>
        <annotation annotator="Michael Bada" id="UBERON_Instance_481148" type="identity">
            <class id="UBERON:0001977" label="serum"/>
            <span end="13822" id="16121256-14520" start="13817">Serum</span>
        </annotation>
        <annotation annotator="Michael Bada" id="UBERON_Instance_481150" type="identity">
            <class id="UBERON:0001970" label="bile"/>
            <span end="14135" id="16121256-14522" start="14131">bile</span>
        </annotation>
        <annotation annotator="Michael Bada" id="UBERON_Instance_481152" type="identity">
            <class id="UBERON:0001970" label="bile"/>
            <span end="14269" id="16121256-14524" start="14265">Bile</span>
        </annotation>
        <annotation annotator="Michael Bada" id="UBERON_Instance_481154" type="identity">
            <class id="UBERON:0002107" label="liver"/>
            <span end="14593" id="16121256-14526" start="14586">hepatic</span>
        </annotation>
        <annotation annotator="Michael Bada" id="UBERON_Instance_481156" type="identity">
            <class id="UBERON:0000062" label="organ"/>
            <span end="14821" id="16121256-14528" start="14815">organs</span>
        </annotation>
        <annotation annotator="Michael Bada" id="UBERON_Instance_481158" type="identity">
            <class id="UBERON:0002107" label="liver"/>
            <span end="14893" id="16121256-14530" start="14886">hepatic</span>
        </annotation>
        <annotation annotator="Michael Bada" id="UBERON_Instance_481160" type="identity">
            <class id="UBERON:0000948" label="heart"/>
            <span end="14943" id="16121256-14532" start="14936">cardiac</span>
        </annotation>
        <annotation annotator="Michael Bada" id="UBERON_Instance_481162" type="identity">
            <class id="UBERON:0002107" label="liver"/>
            <span end="15076" id="16121256-14534" start="15069">hepatic</span>
        </annotation>
        <annotation annotator="Michael Bada" id="UBERON_Instance_481164" type="identity">
            <class id="UBERON:0002107" label="liver"/>
            <span end="15115" id="16121256-14536" start="15110">Liver</span>
        </annotation>
        <annotation annotator="Michael Bada" id="UBERON_Instance_481166" type="identity">
            <class id="UBERON:0002107" label="liver"/>
            <span end="15230" id="16121256-14538" start="15225">liver</span>
        </annotation>
        <annotation annotator="Michael Bada" id="UBERON_Instance_481168" type="identity">
            <class id="UBERON:0002107" label="liver"/>
            <span end="15309" id="16121256-14540" start="15302">hepatic</span>
        </annotation>
        <annotation annotator="Michael Bada" id="UBERON_Instance_480332" type="identity">
            <class id="UBERON:0004663" label="aorta wall"/>
            <span end="15963" id="16121256-14449" start="15956">wall of</span>
            <span end="15973" id="16121256-14450" start="15968">aorta</span>
        </annotation>
        <annotation annotator="Michael Bada" id="UBERON_Instance_481170" type="identity">
            <class id="UBERON:0000948" label="heart"/>
            <span end="15998" id="16121256-14542" start="15993">heart</span>
        </annotation>
        <annotation annotator="Michael Bada" id="UBERON_Instance_481172" type="identity">
            <class id="UBERON:0000479" label="tissue"/>
            <span end="16054" id="16121256-14544" start="16048">tissue</span>
        </annotation>
        <annotation annotator="Michael Bada" id="UBERON_Instance_481174" type="identity">
            <class id="UBERON:0001013" label="adipose tissue"/>
            <span end="16238" id="16121256-14546" start="16224">adipose tissue</span>
        </annotation>
        <annotation annotator="Michael Bada" id="UBERON_Instance_481176" type="identity">
            <class id="UBERON:0001969" label="blood plasma"/>
            <span end="16471" id="16121256-14548" start="16465">plasma</span>
        </annotation>
        <annotation annotator="Michael Bada" id="UBERON_Instance_481178" type="identity">
            <class id="UBERON:0001088" label="urine"/>
            <span end="16481" id="16121256-14550" start="16476">urine</span>
        </annotation>
        <annotation annotator="Michael Bada" id="UBERON_Instance_490044" type="identity">
            <class id="UBERON:0001088" label="urine"/>
            <span end="16621" id="16121256-14654" start="16614">urinary</span>
        </annotation>
        <annotation annotator="Michael Bada" id="UBERON_Instance_481180" type="identity">
            <class id="UBERON:0002107" label="liver"/>
            <span end="17073" id="16121256-14552" start="17068">liver</span>
        </annotation>
        <annotation annotator="Michael Bada" id="UBERON_Instance_480180" type="identity">
            <class id="UBERON:0000104" label="life cycle"/>
            <span end="18074" id="16121256-14447" start="18070">life</span>
        </annotation>
        <annotation annotator="Michael Bada" id="UBERON_Instance_481182" type="identity">
            <class id="UBERON:0001913" label="milk"/>
            <span end="18221" id="16121256-14554" start="18217">milk</span>
        </annotation>
        <annotation annotator="Michael Bada" id="UBERON_Instance_480174" type="identity">
            <class id="UBERON:0007023" label="adult organism"/>
            <span end="18283" id="16121256-14445" start="18278">adult</span>
        </annotation>
        <annotation annotator="Michael Bada" id="UBERON_Instance_481186" type="identity">
            <class id="UBERON:0001348" label="brown adipose tissue"/>
            <span end="18451" id="16121256-14556" start="18442">Brown fat</span>
        </annotation>
        <annotation annotator="Michael Bada" id="UBERON_Instance_481188" type="identity">
            <class id="UBERON:0002107" label="liver"/>
            <span end="18595" id="16121256-14558" start="18588">hepatic</span>
        </annotation>
        <annotation annotator="Michael Bada" id="UBERON_Instance_481190" type="identity">
            <class id="UBERON:0000948" label="heart"/>
            <span end="18751" id="16121256-14560" start="18744">cardiac</span>
        </annotation>
        <annotation annotator="Michael Bada" id="UBERON_Instance_481192" type="identity">
            <class id="UBERON:0000948" label="heart"/>
            <span end="18994" id="16121256-14562" start="18987">cardiac</span>
        </annotation>
        <annotation annotator="Michael Bada" id="UBERON_Instance_481194" type="identity">
            <class id="UBERON:0000948" label="heart"/>
            <span end="19288" id="16121256-14564" start="19281">cardiac</span>
        </annotation>
        <annotation annotator="Michael Bada" id="UBERON_Instance_481198" type="identity">
            <class id="UBERON:0002107" label="liver"/>
            <span end="19403" id="16121256-14568" start="19398">liver</span>
        </annotation>
        <annotation annotator="Michael Bada" id="UBERON_Instance_481196" type="identity">
            <class id="UBERON:0000948" label="heart"/>
            <span end="19415" id="16121256-14566" start="19408">cardiac</span>
        </annotation>
        <annotation annotator="Michael Bada" id="UBERON_Instance_481200" type="identity">
            <class id="UBERON:0002107" label="liver"/>
            <span end="19924" id="16121256-14570" start="19919">liver</span>
        </annotation>
        <annotation annotator="Michael Bada" id="UBERON_Instance_481202" type="identity">
            <class id="UBERON:0000948" label="heart"/>
            <span end="19931" id="16121256-14572" start="19926">heart</span>
        </annotation>
        <annotation annotator="Michael Bada" id="UBERON_Instance_481204" type="identity">
            <class id="UBERON:0002113" label="kidney"/>
            <span end="19943" id="16121256-14574" start="19937">kidney</span>
        </annotation>
        <annotation annotator="Michael Bada" id="UBERON_Instance_481784" type="identity">
            <class id="UBERON:0000358" label="blastocyst"/>
            <span end="22610" id="16121256-14642" start="22599">blastocysts</span>
        </annotation>
        <annotation annotator="Michael Bada" id="UBERON_Instance_481208" type="identity">
            <class id="UBERON:0001728" label="nasopharynx"/>
            <span end="22949" id="16121256-14578" start="22938">nasopharynx</span>
        </annotation>
        <annotation annotator="Michael Bada" id="UBERON_Instance_481210" type="identity">
            <class id="UBERON:0001153" label="caecum"/>
            <span end="22959" id="16121256-14580" start="22954">cecum</span>
        </annotation>
        <annotation annotator="Michael Bada" id="UBERON_Instance_481206" type="identity">
            <class id="UBERON:0000062" label="organ"/>
            <span end="23041" id="16121256-14576" start="23035">organs</span>
        </annotation>
        <annotation annotator="Michael Bada" id="UBERON_Instance_481212" type="identity">
            <class id="UBERON:0000948" label="heart"/>
            <span end="23096" id="16121256-14582" start="23091">heart</span>
        </annotation>
        <annotation annotator="Michael Bada" id="UBERON_Instance_481214" type="identity">
            <class id="UBERON:0000948" label="heart"/>
            <span end="23797" id="16121256-14584" start="23792">heart</span>
        </annotation>
        <annotation annotator="Michael Bada" id="UBERON_Instance_481216" type="identity">
            <class id="UBERON:0002107" label="liver"/>
            <span end="23804" id="16121256-14586" start="23799">liver</span>
        </annotation>
        <annotation annotator="Michael Bada" id="UBERON_Instance_481218" type="identity">
            <class id="UBERON:0001348" label="brown adipose tissue"/>
            <span end="23815" id="16121256-14588" start="23806">brown fat</span>
        </annotation>
        <annotation annotator="Michael Bada" id="UBERON_Instance_481220" type="identity">
            <class id="UBERON:0000955" label="brain"/>
            <span end="23822" id="16121256-14590" start="23817">brain</span>
        </annotation>
        <annotation annotator="Michael Bada" id="UBERON_Instance_481222" type="identity">
            <class id="UBERON:0002113" label="kidney"/>
            <span end="23830" id="16121256-14592" start="23824">kidney</span>
        </annotation>
        <annotation annotator="Nicole Vasilevsky" id="UBERON+extension_classes_Instance_120160" type="identity">
            <class id="UBERON:0004288" label="skeleton"/>
            <span end="23840" id="16121256-14423" start="23832">skeletal</span>
        </annotation>
        <annotation annotator="Michael Bada" id="UBERON_Instance_481226" type="identity">
            <class id="UBERON:0001347" label="white adipose tissue"/>
            <span end="23858" id="16121256-14594" start="23849">white fat</span>
        </annotation>
        <annotation annotator="Michael Bada" id="UBERON_Instance_480090" type="identity">
            <class id="UBERON:0000473" label="testis"/>
            <span end="23870" id="16121256-14435" start="23864">testes</span>
        </annotation>
        <annotation annotator="Michael Bada" id="UBERON_Instance_481228" type="identity">
            <class id="UBERON:0000479" label="tissue"/>
            <span end="24985" id="16121256-14596" start="24979">tissue</span>
        </annotation>
        <annotation annotator="Michael Bada" id="UBERON_Instance_481230" type="identity">
            <class id="UBERON:0002107" label="liver"/>
            <span end="24992" id="16121256-14598" start="24987">liver</span>
        </annotation>
        <annotation annotator="Michael Bada" id="UBERON_Instance_481232" type="identity">
            <class id="UBERON:0000479" label="tissue"/>
            <span end="25143" id="16121256-14600" start="25137">tissue</span>
        </annotation>
        <annotation annotator="Michael Bada" id="UBERON_Instance_481234" type="identity">
            <class id="UBERON:0001913" label="milk"/>
            <span end="25765" id="16121256-14602" start="25761">milk</span>
        </annotation>
        <annotation annotator="Michael Bada" id="UBERON_Instance_481786" type="identity">
            <class id="UBERON:0002107" label="liver"/>
            <span end="26160" id="16121256-14644" start="26155">Liver</span>
        </annotation>
        <annotation annotator="Michael Bada" id="UBERON_Instance_481236" type="identity">
            <class id="UBERON:0002107" label="liver"/>
            <span end="26228" id="16121256-14604" start="26223">liver</span>
        </annotation>
        <annotation annotator="Michael Bada" id="UBERON_Instance_481238" type="identity">
            <class id="UBERON:0000479" label="tissue"/>
            <span end="26384" id="16121256-14606" start="26378">tissue</span>
        </annotation>
        <annotation annotator="Michael Bada" id="UBERON_Instance_481240" type="identity">
            <class id="UBERON:0001977" label="serum"/>
            <span end="26616" id="16121256-14608" start="26611">serum</span>
        </annotation>
        <annotation annotator="Michael Bada" id="UBERON_Instance_481788" type="identity">
            <class id="UBERON:0001977" label="serum"/>
            <span end="26751" id="16121256-14646" start="26747">sera</span>
        </annotation>
        <annotation annotator="Michael Bada" id="UBERON_Instance_490046" type="identity">
            <class id="UBERON:0001088" label="urine"/>
            <span end="27178" id="16121256-14656" start="27173">Urine</span>
        </annotation>
        <annotation annotator="Michael Bada" id="UBERON_Instance_481242" type="identity">
            <class id="UBERON:0001977" label="serum"/>
            <span end="27526" id="16121256-14610" start="27521">serum</span>
        </annotation>
        <annotation annotator="Michael Bada" id="UBERON_Instance_481244" type="identity">
            <class id="UBERON:0001970" label="bile"/>
            <span end="27535" id="16121256-14612" start="27531">bile</span>
        </annotation>
        <annotation annotator="Michael Bada" id="UBERON_Instance_481246" type="identity">
            <class id="UBERON:0002113" label="kidney"/>
            <span end="27899" id="16121256-14614" start="27893">Kidney</span>
        </annotation>
        <annotation annotator="Michael Bada" id="UBERON_Instance_481248" type="identity">
            <class id="UBERON:0002106" label="spleen"/>
            <span end="27907" id="16121256-14616" start="27901">spleen</span>
        </annotation>
        <annotation annotator="Michael Bada" id="UBERON_Instance_481250" type="identity">
            <class id="UBERON:0001264" label="pancreas"/>
            <span end="27917" id="16121256-14618" start="27909">pancreas</span>
        </annotation>
        <annotation annotator="Michael Bada" id="UBERON_Instance_481252" type="identity">
            <class id="UBERON:0002107" label="liver"/>
            <span end="27924" id="16121256-14620" start="27919">liver</span>
        </annotation>
        <annotation annotator="Michael Bada" id="UBERON_Instance_481254" type="identity">
            <class id="UBERON:0000955" label="brain"/>
            <span end="27931" id="16121256-14622" start="27926">brain</span>
        </annotation>
        <annotation annotator="Michael Bada" id="UBERON_Instance_481256" type="identity">
            <class id="UBERON:0000948" label="heart"/>
            <span end="27938" id="16121256-14624" start="27933">heart</span>
        </annotation>
        <annotation annotator="Michael Bada" id="UBERON_Instance_481258" type="identity">
            <class id="UBERON:0000473" label="testis"/>
            <span end="27949" id="16121256-14626" start="27940">testicles</span>
        </annotation>
        <annotation annotator="Michael Bada" id="UBERON_Instance_481260" type="identity">
            <class id="UBERON:0000992" label="female gonad"/>
            <span end="27958" id="16121256-14628" start="27951">ovaries</span>
        </annotation>
        <annotation annotator="Nicole Vasilevsky" id="UBERON+extension_classes_Instance_120162" type="identity">
            <class id="UBERON:0004288" label="skeleton"/>
            <span end="27972" id="16121256-14425" start="27964">skeletal</span>
        </annotation>
        <annotation annotator="Michael Bada" id="UBERON_Instance_481262" type="identity">
            <class id="UBERON:0002107" label="liver"/>
            <span end="28146" id="16121256-14630" start="28141">liver</span>
        </annotation>
        <annotation annotator="Michael Bada" id="UBERON_Instance_481264" type="identity">
            <class id="UBERON:0000948" label="heart"/>
            <span end="28383" id="16121256-14632" start="28376">cardiac</span>
        </annotation>
        <annotation annotator="Michael Bada" id="UBERON_Instance_481266" type="identity">
            <class id="UBERON:0000948" label="heart"/>
            <span end="28422" id="16121256-14634" start="28415">cardiac</span>
        </annotation>
        <annotation annotator="Michael Bada" id="UBERON_Instance_481268" type="identity">
            <class id="UBERON:0002204" label="musculoskeletal system"/>
            <span end="28994" id="16121256-14636" start="28979">Musculoskeletal</span>
        </annotation>
        <annotation annotator="Michael Bada" id="UBERON_Instance_480156" type="identity">
            <class id="UBERON:0000922" label="embryo"/>
            <span end="29317" id="16121256-14437" start="29308">embryonic</span>
        </annotation>
        <graph-space id="Old Knowtator Relations"/>
    </document>
</knowtator-project>
