<?xml version="1.0" encoding="UTF-8" standalone="no"?>
<knowtator-project>
    <document id="16221973" text-file="16221973.txt">
        <annotation annotator="Michael Bada" id="UBERON_Instance_510198" type="identity">
            <class id="UBERON:0000922" label="embryo"/>
            <span end="407" id="16221973-15205" start="398">embryonic</span>
        </annotation>
        <annotation annotator="Michael Bada" id="UBERON_Instance_510058" type="identity">
            <class id="UBERON:0002107" label="liver"/>
            <span end="413" id="16221973-15065" start="408">liver</span>
        </annotation>
        <annotation annotator="Michael Bada" id="UBERON_Instance_510060" type="identity">
            <class id="UBERON:0002107" label="liver"/>
            <span end="474" id="16221973-15067" start="469">liver</span>
        </annotation>
        <annotation annotator="Michael Bada" id="UBERON_Instance_510062" type="identity">
            <class id="UBERON:0002107" label="liver"/>
            <span end="623" id="16221973-15069" start="618">liver</span>
        </annotation>
        <annotation annotator="Michael Bada" id="UBERON_Instance_510326" type="identity">
            <class id="UBERON:0001987" label="placenta"/>
            <span end="3314" id="16221973-15235" start="3305">placental</span>
        </annotation>
        <annotation annotator="Michael Bada" id="UBERON_Instance_511110" type="identity">
            <class id="UBERON:0001986" label="endothelium"/>
            <span end="3386" id="16221973-15253" start="3375">endothelial</span>
        </annotation>
        <annotation annotator="Michael Bada" id="UBERON_Instance_510200" type="identity">
            <class id="UBERON:0000922" label="embryo"/>
            <span end="3596" id="16221973-15207" start="3587">embryonic</span>
        </annotation>
        <annotation annotator="Michael Bada" id="UBERON_Instance_510202" type="identity">
            <class id="UBERON:0000922" label="embryo"/>
            <span end="4001" id="16221973-15209" start="3992">embryonic</span>
        </annotation>
        <annotation annotator="Michael Bada" id="UBERON_Instance_510064" type="identity">
            <class id="UBERON:0002107" label="liver"/>
            <span end="4141" id="16221973-15071" start="4136">liver</span>
        </annotation>
        <annotation annotator="Michael Bada" id="UBERON_Instance_510066" type="identity">
            <class id="UBERON:0002107" label="liver"/>
            <span end="4244" id="16221973-15073" start="4239">liver</span>
        </annotation>
        <annotation annotator="Michael Bada" id="UBERON_Instance_510306" type="identity">
            <class id="UBERON:0007023" label="adult organism"/>
            <span end="4376" id="16221973-15233" start="4371">adult</span>
        </annotation>
        <annotation annotator="Michael Bada" id="UBERON_Instance_510068" type="identity">
            <class id="UBERON:0002107" label="liver"/>
            <span end="4382" id="16221973-15075" start="4377">liver</span>
        </annotation>
        <annotation annotator="Michael Bada" id="UBERON_Instance_510070" type="identity">
            <class id="UBERON:0002107" label="liver"/>
            <span end="4753" id="16221973-15077" start="4748">liver</span>
        </annotation>
        <annotation annotator="Michael Bada" id="UBERON_Instance_510072" type="identity">
            <class id="UBERON:0002107" label="liver"/>
            <span end="5466" id="16221973-15079" start="5461">liver</span>
        </annotation>
        <annotation annotator="Michael Bada" id="UBERON_Instance_510664" type="identity">
            <class id="UBERON:0000358" label="blastocyst"/>
            <span end="6391" id="16221973-15237" start="6380">blastocysts</span>
        </annotation>
        <annotation annotator="Michael Bada" id="UBERON_Instance_510074" type="identity">
            <class id="UBERON:0002107" label="liver"/>
            <span end="6595" id="16221973-15081" start="6590">liver</span>
        </annotation>
        <annotation annotator="Michael Bada" id="UBERON_Instance_510244" type="identity">
            <class id="UBERON:0001179" label="peritoneal cavity"/>
            <span end="7118" id="16221973-15229" start="7108">peritoneal</span>
        </annotation>
        <annotation annotator="Michael Bada" id="UBERON_Instance_510076" type="identity">
            <class id="UBERON:0002107" label="liver"/>
            <span end="7786" id="16221973-15083" start="7781">liver</span>
        </annotation>
        <annotation annotator="Michael Bada" id="UBERON_Instance_510042" type="identity">
            <class id="UBERON:0000479" label="tissue"/>
            <span end="7793" id="16221973-15049" start="7787">tissue</span>
        </annotation>
        <annotation annotator="Michael Bada" id="UBERON_Instance_510078" type="identity">
            <class id="UBERON:0002107" label="liver"/>
            <span end="10988" id="16221973-15085" start="10983">liver</span>
        </annotation>
        <annotation annotator="Michael Bada" id="UBERON_Instance_510044" type="identity">
            <class id="UBERON:0000479" label="tissue"/>
            <span end="10995" id="16221973-15051" start="10989">tissue</span>
        </annotation>
        <annotation annotator="Michael Bada" id="UBERON_Instance_510046" type="identity">
            <class id="UBERON:0000479" label="tissue"/>
            <span end="11014" id="16221973-15053" start="11008">Tissue</span>
        </annotation>
        <annotation annotator="Michael Bada" id="UBERON_Instance_510048" type="identity">
            <class id="UBERON:0000479" label="tissue"/>
            <span end="11131" id="16221973-15055" start="11125">tissue</span>
        </annotation>
        <annotation annotator="Michael Bada" id="UBERON_Instance_510080" type="identity">
            <class id="UBERON:0002107" label="liver"/>
            <span end="11357" id="16221973-15087" start="11352">liver</span>
        </annotation>
        <annotation annotator="Michael Bada" id="UBERON_Instance_510204" type="identity">
            <class id="UBERON:0000922" label="embryo"/>
            <span end="13083" id="16221973-15211" start="13074">embryonic</span>
        </annotation>
        <annotation annotator="Michael Bada" id="UBERON_Instance_510206" type="identity">
            <class id="UBERON:0000922" label="embryo"/>
            <span end="13151" id="16221973-15213" start="13145">embryo</span>
        </annotation>
        <annotation annotator="Michael Bada" id="UBERON_Instance_510670" type="identity">
            <class id="UBERON:0001977" label="serum"/>
            <span end="13210" id="16221973-15239" start="13205">serum</span>
        </annotation>
        <annotation annotator="Michael Bada" id="UBERON_Instance_510208" type="identity">
            <class id="UBERON:0000922" label="embryo"/>
            <span end="13627" id="16221973-15215" start="13618">embryonic</span>
        </annotation>
        <annotation annotator="Michael Bada" id="UBERON_Instance_510050" type="identity">
            <class id="UBERON:0000479" label="tissue"/>
            <span end="14524" id="16221973-15057" start="14518">tissue</span>
        </annotation>
        <annotation annotator="Michael Bada" id="UBERON_Instance_510082" type="identity">
            <class id="UBERON:0002107" label="liver"/>
            <span end="15099" id="16221973-15089" start="15094">liver</span>
        </annotation>
        <annotation annotator="Michael Bada" id="UBERON_Instance_510084" type="identity">
            <class id="UBERON:0002107" label="liver"/>
            <span end="15745" id="16221973-15091" start="15740">liver</span>
        </annotation>
        <annotation annotator="Michael Bada" id="UBERON_Instance_510052" type="identity">
            <class id="UBERON:0000479" label="tissue"/>
            <span end="15777" id="16221973-15059" start="15770">tissues</span>
        </annotation>
        <annotation annotator="Michael Bada" id="UBERON_Instance_510672" type="identity">
            <class id="UBERON:0002106" label="spleen"/>
            <span end="15805" id="16221973-15241" start="15799">spleen</span>
        </annotation>
        <annotation annotator="Michael Bada" id="UBERON_Instance_430000" type="identity">
            <class id="UBERON:0000955" label="brain"/>
            <span end="15820" id="16221973-15045" start="15815">brain</span>
        </annotation>
        <annotation annotator="Michael Bada" id="UBERON_Instance_510246" type="identity">
            <class id="UBERON:0001179" label="peritoneal cavity"/>
            <span end="16119" id="16221973-15231" start="16109">peritoneal</span>
        </annotation>
        <annotation annotator="Michael Bada" id="UBERON_Instance_510086" type="identity">
            <class id="UBERON:0002107" label="liver"/>
            <span end="16344" id="16221973-15093" start="16338">livers</span>
        </annotation>
        <annotation annotator="Michael Bada" id="UBERON_Instance_510088" type="identity">
            <class id="UBERON:0002107" label="liver"/>
            <span end="16720" id="16221973-15095" start="16715">liver</span>
        </annotation>
        <annotation annotator="Michael Bada" id="UBERON_Instance_510090" type="identity">
            <class id="UBERON:0002107" label="liver"/>
            <span end="16899" id="16221973-15097" start="16894">liver</span>
        </annotation>
        <annotation annotator="Michael Bada" id="UBERON_Instance_510092" type="identity">
            <class id="UBERON:0002107" label="liver"/>
            <span end="16961" id="16221973-15099" start="16956">liver</span>
        </annotation>
        <annotation annotator="Michael Bada" id="UBERON_Instance_510094" type="identity">
            <class id="UBERON:0002107" label="liver"/>
            <span end="17140" id="16221973-15101" start="17135">liver</span>
        </annotation>
        <annotation annotator="Michael Bada" id="UBERON_Instance_510096" type="identity">
            <class id="UBERON:0002107" label="liver"/>
            <span end="17699" id="16221973-15103" start="17693">livers</span>
        </annotation>
        <annotation annotator="Michael Bada" id="UBERON_Instance_510098" type="identity">
            <class id="UBERON:0002107" label="liver"/>
            <span end="17932" id="16221973-15105" start="17926">livers</span>
        </annotation>
        <annotation annotator="Michael Bada" id="UBERON_Instance_510100" type="identity">
            <class id="UBERON:0002107" label="liver"/>
            <span end="18082" id="16221973-15107" start="18076">livers</span>
        </annotation>
        <annotation annotator="Michael Bada" id="UBERON_Instance_510102" type="identity">
            <class id="UBERON:0002107" label="liver"/>
            <span end="18222" id="16221973-15109" start="18216">livers</span>
        </annotation>
        <annotation annotator="Michael Bada" id="UBERON_Instance_510104" type="identity">
            <class id="UBERON:0002107" label="liver"/>
            <span end="18602" id="16221973-15111" start="18596">livers</span>
        </annotation>
        <annotation annotator="Michael Bada" id="UBERON_Instance_510106" type="identity">
            <class id="UBERON:0002107" label="liver"/>
            <span end="18722" id="16221973-15113" start="18716">livers</span>
        </annotation>
        <annotation annotator="Michael Bada" id="UBERON_Instance_510108" type="identity">
            <class id="UBERON:0002107" label="liver"/>
            <span end="18844" id="16221973-15115" start="18838">livers</span>
        </annotation>
        <annotation annotator="Michael Bada" id="UBERON_Instance_510110" type="identity">
            <class id="UBERON:0002107" label="liver"/>
            <span end="19304" id="16221973-15117" start="19298">livers</span>
        </annotation>
        <annotation annotator="Michael Bada" id="UBERON_Instance_510112" type="identity">
            <class id="UBERON:0002107" label="liver"/>
            <span end="19424" id="16221973-15119" start="19418">livers</span>
        </annotation>
        <annotation annotator="Michael Bada" id="UBERON_Instance_510114" type="identity">
            <class id="UBERON:0002107" label="liver"/>
            <span end="20269" id="16221973-15121" start="20263">livers</span>
        </annotation>
        <annotation annotator="Michael Bada" id="UBERON_Instance_510116" type="identity">
            <class id="UBERON:0002107" label="liver"/>
            <span end="20491" id="16221973-15123" start="20485">livers</span>
        </annotation>
        <annotation annotator="Michael Bada" id="UBERON_Instance_510118" type="identity">
            <class id="UBERON:0002107" label="liver"/>
            <span end="20759" id="16221973-15125" start="20753">livers</span>
        </annotation>
        <annotation annotator="Michael Bada" id="UBERON_Instance_510120" type="identity">
            <class id="UBERON:0002107" label="liver"/>
            <span end="20840" id="16221973-15127" start="20834">livers</span>
        </annotation>
        <annotation annotator="Michael Bada" id="UBERON_Instance_510122" type="identity">
            <class id="UBERON:0002107" label="liver"/>
            <span end="21354" id="16221973-15129" start="21349">liver</span>
        </annotation>
        <annotation annotator="Michael Bada" id="UBERON_Instance_510124" type="identity">
            <class id="UBERON:0002107" label="liver"/>
            <span end="21696" id="16221973-15131" start="21691">liver</span>
        </annotation>
        <annotation annotator="Michael Bada" id="UBERON_Instance_510126" type="identity">
            <class id="UBERON:0002107" label="liver"/>
            <span end="22109" id="16221973-15133" start="22103">livers</span>
        </annotation>
        <annotation annotator="Michael Bada" id="UBERON_Instance_510128" type="identity">
            <class id="UBERON:0002107" label="liver"/>
            <span end="22194" id="16221973-15135" start="22188">livers</span>
        </annotation>
        <annotation annotator="Michael Bada" id="UBERON_Instance_510130" type="identity">
            <class id="UBERON:0002107" label="liver"/>
            <span end="23005" id="16221973-15137" start="23000">liver</span>
        </annotation>
        <annotation annotator="Michael Bada" id="UBERON_Instance_510132" type="identity">
            <class id="UBERON:0002107" label="liver"/>
            <span end="23608" id="16221973-15139" start="23602">livers</span>
        </annotation>
        <annotation annotator="Michael Bada" id="UBERON_Instance_510134" type="identity">
            <class id="UBERON:0002107" label="liver"/>
            <span end="23701" id="16221973-15141" start="23695">livers</span>
        </annotation>
        <annotation annotator="Michael Bada" id="UBERON_Instance_510136" type="identity">
            <class id="UBERON:0002107" label="liver"/>
            <span end="24090" id="16221973-15143" start="24085">liver</span>
        </annotation>
        <annotation annotator="Michael Bada" id="UBERON_Instance_510138" type="identity">
            <class id="UBERON:0002107" label="liver"/>
            <span end="24119" id="16221973-15145" start="24114">liver</span>
        </annotation>
        <annotation annotator="Michael Bada" id="UBERON_Instance_510140" type="identity">
            <class id="UBERON:0002107" label="liver"/>
            <span end="24335" id="16221973-15147" start="24329">livers</span>
        </annotation>
        <annotation annotator="Michael Bada" id="UBERON_Instance_510142" type="identity">
            <class id="UBERON:0002107" label="liver"/>
            <span end="24769" id="16221973-15149" start="24763">livers</span>
        </annotation>
        <annotation annotator="Michael Bada" id="UBERON_Instance_510144" type="identity">
            <class id="UBERON:0002107" label="liver"/>
            <span end="25277" id="16221973-15151" start="25271">livers</span>
        </annotation>
        <annotation annotator="Michael Bada" id="UBERON_Instance_510146" type="identity">
            <class id="UBERON:0002107" label="liver"/>
            <span end="25823" id="16221973-15153" start="25818">liver</span>
        </annotation>
        <annotation annotator="Michael Bada" id="UBERON_Instance_511112" type="identity">
            <class id="UBERON:0007023" label="adult organism"/>
            <span end="27360" id="16221973-15255" start="27355">adult</span>
        </annotation>
        <annotation annotator="Michael Bada" id="UBERON_Instance_510148" type="identity">
            <class id="UBERON:0002107" label="liver"/>
            <span end="27372" id="16221973-15155" start="27367">liver</span>
        </annotation>
        <annotation annotator="Michael Bada" id="UBERON_Instance_510210" type="identity">
            <class id="UBERON:0000922" label="embryo"/>
            <span end="27494" id="16221973-15217" start="27485">embryonic</span>
        </annotation>
        <annotation annotator="Michael Bada" id="UBERON_Instance_510150" type="identity">
            <class id="UBERON:0002107" label="liver"/>
            <span end="28763" id="16221973-15157" start="28758">liver</span>
        </annotation>
        <annotation annotator="Michael Bada" id="UBERON_Instance_511114" type="identity">
            <class id="UBERON:0007023" label="adult organism"/>
            <span end="28772" id="16221973-15257" start="28767">adult</span>
        </annotation>
        <annotation annotator="Michael Bada" id="UBERON_Instance_511116" type="identity">
            <class id="UBERON:0007023" label="adult organism"/>
            <span end="28945" id="16221973-15259" start="28940">adult</span>
        </annotation>
        <annotation annotator="Michael Bada" id="UBERON_Instance_510152" type="identity">
            <class id="UBERON:0002107" label="liver"/>
            <span end="28951" id="16221973-15159" start="28946">liver</span>
        </annotation>
        <annotation annotator="Michael Bada" id="UBERON_Instance_510212" type="identity">
            <class id="UBERON:0000922" label="embryo"/>
            <span end="29004" id="16221973-15219" start="28995">embryonic</span>
        </annotation>
        <annotation annotator="Michael Bada" id="UBERON_Instance_510154" type="identity">
            <class id="UBERON:0002107" label="liver"/>
            <span end="29010" id="16221973-15161" start="29005">liver</span>
        </annotation>
        <annotation annotator="Michael Bada" id="UBERON_Instance_510156" type="identity">
            <class id="UBERON:0002107" label="liver"/>
            <span end="29073" id="16221973-15163" start="29067">livers</span>
        </annotation>
        <annotation annotator="Michael Bada" id="UBERON_Instance_510054" type="identity">
            <class id="UBERON:0000479" label="tissue"/>
            <span end="30805" id="16221973-15061" start="30798">tissues</span>
        </annotation>
        <annotation annotator="Michael Bada" id="UBERON_Instance_510674" type="identity">
            <class id="UBERON:0002048" label="lung"/>
            <span end="30819" id="16221973-15243" start="30815">lung</span>
        </annotation>
        <annotation annotator="Michael Bada" id="UBERON_Instance_510158" type="identity">
            <class id="UBERON:0002107" label="liver"/>
            <span end="30826" id="16221973-15165" start="30821">liver</span>
        </annotation>
        <annotation annotator="Michael Bada" id="UBERON_Instance_510040" type="identity">
            <class id="UBERON:0000955" label="brain"/>
            <span end="30833" id="16221973-15047" start="30828">brain</span>
        </annotation>
        <annotation annotator="Michael Bada" id="UBERON_Instance_510676" type="identity">
            <class id="UBERON:0000310" label="breast"/>
            <span end="30841" id="16221973-15245" start="30835">breast</span>
        </annotation>
        <annotation annotator="Michael Bada" id="UBERON_Instance_510678" type="identity">
            <class id="UBERON:0002113" label="kidney"/>
            <span end="30849" id="16221973-15247" start="30843">kidney</span>
        </annotation>
        <annotation annotator="Michael Bada" id="UBERON_Instance_510680" type="identity">
            <class id="UBERON:0002113" label="kidney"/>
            <span end="31967" id="16221973-15249" start="31961">kidney</span>
        </annotation>
        <annotation annotator="Michael Bada" id="UBERON_Instance_510214" type="identity">
            <class id="UBERON:0000922" label="embryo"/>
            <span end="34533" id="16221973-15221" start="34526">embryos</span>
        </annotation>
        <annotation annotator="Michael Bada" id="UBERON_Instance_510160" type="identity">
            <class id="UBERON:0002107" label="liver"/>
            <span end="34672" id="16221973-15167" start="34667">liver</span>
        </annotation>
        <annotation annotator="Michael Bada" id="UBERON_Instance_511118" type="identity">
            <class id="UBERON:0007023" label="adult organism"/>
            <span end="34902" id="16221973-15261" start="34897">adult</span>
        </annotation>
        <annotation annotator="Michael Bada" id="UBERON_Instance_511120" type="identity">
            <class id="UBERON:0007023" label="adult organism"/>
            <span end="35009" id="16221973-15263" start="35004">adult</span>
        </annotation>
        <annotation annotator="Michael Bada" id="UBERON_Instance_510162" type="identity">
            <class id="UBERON:0002107" label="liver"/>
            <span end="35015" id="16221973-15169" start="35010">liver</span>
        </annotation>
        <annotation annotator="Michael Bada" id="UBERON_Instance_510056" type="identity">
            <class id="UBERON:0000479" label="tissue"/>
            <span end="35043" id="16221973-15063" start="35036">tissues</span>
        </annotation>
        <annotation annotator="Michael Bada" id="UBERON_Instance_510164" type="identity">
            <class id="UBERON:0002107" label="liver"/>
            <span end="35138" id="16221973-15171" start="35132">livers</span>
        </annotation>
        <annotation annotator="Michael Bada" id="UBERON_Instance_511122" type="identity">
            <class id="UBERON:0007023" label="adult organism"/>
            <span end="35149" id="16221973-15265" start="35144">adult</span>
        </annotation>
        <annotation annotator="Michael Bada" id="UBERON_Instance_510216" type="identity">
            <class id="UBERON:0000922" label="embryo"/>
            <span end="35263" id="16221973-15223" start="35254">embryonal</span>
        </annotation>
        <annotation annotator="Michael Bada" id="UBERON_Instance_511124" type="identity">
            <class id="UBERON:0007023" label="adult organism"/>
            <span end="35525" id="16221973-15267" start="35520">adult</span>
        </annotation>
        <annotation annotator="Michael Bada" id="UBERON_Instance_510166" type="identity">
            <class id="UBERON:0002107" label="liver"/>
            <span end="35537" id="16221973-15173" start="35532">liver</span>
        </annotation>
        <annotation annotator="Michael Bada" id="UBERON_Instance_510168" type="identity">
            <class id="UBERON:0002107" label="liver"/>
            <span end="36050" id="16221973-15175" start="36045">liver</span>
        </annotation>
        <annotation annotator="Michael Bada" id="UBERON_Instance_510682" type="identity">
            <class id="UBERON:0002113" label="kidney"/>
            <span end="36726" id="16221973-15251" start="36720">kidney</span>
        </annotation>
        <annotation annotator="Michael Bada" id="UBERON_Instance_510170" type="identity">
            <class id="UBERON:0002107" label="liver"/>
            <span end="36736" id="16221973-15177" start="36731">liver</span>
        </annotation>
        <annotation annotator="Michael Bada" id="UBERON_Instance_510218" type="identity">
            <class id="UBERON:0000922" label="embryo"/>
            <span end="37592" id="16221973-15225" start="37583">embryonic</span>
        </annotation>
        <annotation annotator="Michael Bada" id="UBERON_Instance_511126" type="identity">
            <class id="UBERON:0007023" label="adult organism"/>
            <span end="39012" id="16221973-15269" start="39007">adult</span>
        </annotation>
        <annotation annotator="Michael Bada" id="UBERON_Instance_510172" type="identity">
            <class id="UBERON:0002107" label="liver"/>
            <span end="39024" id="16221973-15179" start="39019">liver</span>
        </annotation>
        <annotation annotator="Michael Bada" id="UBERON_Instance_510174" type="identity">
            <class id="UBERON:0002107" label="liver"/>
            <span end="39811" id="16221973-15181" start="39806">liver</span>
        </annotation>
        <annotation annotator="Michael Bada" id="UBERON_Instance_510176" type="identity">
            <class id="UBERON:0002107" label="liver"/>
            <span end="40018" id="16221973-15183" start="40013">liver</span>
        </annotation>
        <annotation annotator="Michael Bada" id="UBERON_Instance_510178" type="identity">
            <class id="UBERON:0002107" label="liver"/>
            <span end="40513" id="16221973-15185" start="40508">liver</span>
        </annotation>
        <annotation annotator="Michael Bada" id="UBERON_Instance_510180" type="identity">
            <class id="UBERON:0002107" label="liver"/>
            <span end="41201" id="16221973-15187" start="41196">liver</span>
        </annotation>
        <annotation annotator="Michael Bada" id="UBERON_Instance_510182" type="identity">
            <class id="UBERON:0002107" label="liver"/>
            <span end="41863" id="16221973-15189" start="41858">liver</span>
        </annotation>
        <annotation annotator="Michael Bada" id="UBERON_Instance_510184" type="identity">
            <class id="UBERON:0002107" label="liver"/>
            <span end="42377" id="16221973-15191" start="42372">liver</span>
        </annotation>
        <annotation annotator="Michael Bada" id="UBERON_Instance_510186" type="identity">
            <class id="UBERON:0002107" label="liver"/>
            <span end="43061" id="16221973-15193" start="43056">liver</span>
        </annotation>
        <annotation annotator="Michael Bada" id="UBERON_Instance_510188" type="identity">
            <class id="UBERON:0002107" label="liver"/>
            <span end="43575" id="16221973-15195" start="43570">liver</span>
        </annotation>
        <annotation annotator="Michael Bada" id="UBERON_Instance_510190" type="identity">
            <class id="UBERON:0002107" label="liver"/>
            <span end="44218" id="16221973-15197" start="44213">liver</span>
        </annotation>
        <annotation annotator="Michael Bada" id="UBERON_Instance_510192" type="identity">
            <class id="UBERON:0002107" label="liver"/>
            <span end="44735" id="16221973-15199" start="44730">liver</span>
        </annotation>
        <annotation annotator="Michael Bada" id="UBERON_Instance_510220" type="identity">
            <class id="UBERON:0000922" label="embryo"/>
            <span end="45429" id="16221973-15227" start="45420">embryonic</span>
        </annotation>
        <annotation annotator="Michael Bada" id="UBERON_Instance_510194" type="identity">
            <class id="UBERON:0002107" label="liver"/>
            <span end="45855" id="16221973-15201" start="45850">liver</span>
        </annotation>
        <annotation annotator="Michael Bada" id="UBERON_Instance_510196" type="identity">
            <class id="UBERON:0002107" label="liver"/>
            <span end="46784" id="16221973-15203" start="46779">liver</span>
        </annotation>
        <graph-space id="Old Knowtator Relations"/>
    </document>
</knowtator-project>
