<?xml version="1.0" encoding="UTF-8" standalone="no"?>
<knowtator-project>
    <document id="16279840" text-file="16279840.txt">
        <annotation annotator="Michael Bada" id="UBERON_Instance_470002" type="identity">
            <class id="UBERON:0000955" label="brain"/>
            <span end="401" id="16279840-15307" start="396">brain</span>
        </annotation>
        <annotation annotator="Michael Bada" id="UBERON_Instance_511128" type="identity">
            <class id="UBERON:0000479" label="tissue"/>
            <span end="534" id="16279840-15419" start="528">tissue</span>
        </annotation>
        <annotation annotator="Michael Bada" id="UBERON_Instance_511130" type="identity">
            <class id="UBERON:0000955" label="brain"/>
            <span end="3406" id="16279840-15421" start="3401">brain</span>
        </annotation>
        <annotation annotator="Michael Bada" id="UBERON_Instance_511132" type="identity">
            <class id="UBERON:0000955" label="brain"/>
            <span end="4319" id="16279840-15423" start="4314">brain</span>
        </annotation>
        <annotation annotator="Michael Bada" id="UBERON_Instance_510328" type="identity">
            <class id="UBERON:0002415" label="tail"/>
            <span end="9447" id="16279840-15313" start="9443">tail</span>
        </annotation>
        <annotation annotator="Michael Bada" id="UBERON_Instance_510330" type="identity">
            <class id="UBERON:0002415" label="tail"/>
            <span end="9461" id="16279840-15315" start="9456">Tails</span>
        </annotation>
        <annotation annotator="Michael Bada" id="UBERON_Instance_510728" type="identity">
            <class id="UBERON:0001851" label="cortex"/>
            <span end="10961" id="16279840-15321" start="10953">cortical</span>
        </annotation>
        <annotation annotator="Michael Bada" id="UBERON_Instance_510726" type="identity">
            <class id="UBERON:0001890" label="forebrain"/>
            <span end="10980" id="16279840-15319" start="10971">forebrain</span>
        </annotation>
        <annotation annotator="Michael Bada" id="UBERON_Instance_510730" type="identity">
            <class id="UBERON:0000479" label="tissue"/>
            <span end="10987" id="16279840-15323" start="10981">tissue</span>
        </annotation>
        <annotation annotator="Michael Bada" id="UBERON_Instance_511134" type="identity">
            <class id="UBERON:0000955" label="brain"/>
            <span end="11464" id="16279840-15425" start="11459">brain</span>
        </annotation>
        <annotation annotator="Michael Bada" id="UBERON_Instance_511136" type="identity">
            <class id="UBERON:0001913" label="milk"/>
            <span end="12059" id="16279840-15427" start="12055">milk</span>
        </annotation>
        <annotation annotator="Michael Bada" id="UBERON_Instance_510732" type="identity">
            <class id="UBERON:0000955" label="brain"/>
            <span end="13373" id="16279840-15325" start="13368">brain</span>
        </annotation>
        <annotation annotator="Michael Bada" id="UBERON_Instance_510734" type="identity">
            <class id="UBERON:0002107" label="liver"/>
            <span end="13380" id="16279840-15327" start="13375">liver</span>
        </annotation>
        <annotation annotator="Michael Bada" id="UBERON_Instance_510736" type="identity">
            <class id="UBERON:0002113" label="kidney"/>
            <span end="13388" id="16279840-15329" start="13382">kidney</span>
        </annotation>
        <annotation annotator="Michael Bada" id="UBERON_Instance_510738" type="identity">
            <class id="UBERON:0000948" label="heart"/>
            <span end="13395" id="16279840-15331" start="13390">heart</span>
        </annotation>
        <annotation annotator="Michael Bada" id="UBERON_Instance_510662" type="identity">
            <class id="UBERON:0002048" label="lung"/>
            <span end="13401" id="16279840-15317" start="13397">lung</span>
        </annotation>
        <annotation annotator="Michael Bada" id="UBERON_Instance_510740" type="identity">
            <class id="UBERON:0002106" label="spleen"/>
            <span end="13409" id="16279840-15333" start="13403">spleen</span>
        </annotation>
        <annotation annotator="Nicole Vasilevsky" id="UBERON+extension_classes_Instance_130032" type="identity">
            <class id="UBERON:0004288" label="skeleton"/>
            <span end="13423" id="16279840-15305" start="13415">skeletal</span>
        </annotation>
        <annotation annotator="Michael Bada" id="UBERON_Instance_510742" type="identity">
            <class id="UBERON:0000955" label="brain"/>
            <span end="14148" id="16279840-15335" start="14142">brains</span>
        </annotation>
        <annotation annotator="Michael Bada" id="UBERON_Instance_510744" type="identity">
            <class id="UBERON:0000955" label="brain"/>
            <span end="14249" id="16279840-15337" start="14243">brains</span>
        </annotation>
        <annotation annotator="Michael Bada" id="UBERON_Instance_511138" type="identity">
            <class id="UBERON:0001977" label="serum"/>
            <span end="16485" id="16279840-15429" start="16480">serum</span>
        </annotation>
        <annotation annotator="Michael Bada" id="UBERON_Instance_510746" type="identity">
            <class id="UBERON:0001977" label="serum"/>
            <span end="16867" id="16279840-15339" start="16862">serum</span>
        </annotation>
        <annotation annotator="Michael Bada" id="UBERON_Instance_511140" type="identity">
            <class id="UBERON:0001851" label="cortex"/>
            <span end="17473" id="16279840-15431" start="17465">cortical</span>
        </annotation>
        <annotation annotator="Michael Bada" id="UBERON_Instance_511142" type="identity">
            <class id="UBERON:0001913" label="milk"/>
            <span end="17993" id="16279840-15433" start="17989">milk</span>
        </annotation>
        <annotation annotator="Michael Bada" id="UBERON_Instance_511144" type="identity">
            <class id="UBERON:0001851" label="cortex"/>
            <span end="18603" id="16279840-15435" start="18595">cortical</span>
        </annotation>
        <annotation annotator="Michael Bada" id="UBERON_Instance_510748" type="identity">
            <class id="UBERON:0001851" label="cortex"/>
            <span end="19654" id="16279840-15341" start="19646">cortical</span>
        </annotation>
        <annotation annotator="Michael Bada" id="UBERON_Instance_510750" type="identity">
            <class id="UBERON:0000479" label="tissue"/>
            <span end="19661" id="16279840-15343" start="19655">tissue</span>
        </annotation>
        <annotation annotator="Michael Bada" id="UBERON_Instance_510752" type="identity">
            <class id="UBERON:0001890" label="forebrain"/>
            <span end="23474" id="16279840-15345" start="23465">forebrain</span>
        </annotation>
        <annotation annotator="Michael Bada" id="UBERON_Instance_520028" type="identity">
            <class id="UBERON:0000955" label="brain"/>
            <span end="23650" id="16279840-15461" start="23645">brain</span>
        </annotation>
        <annotation annotator="Michael Bada" id="UBERON_Instance_510754" type="identity">
            <class id="UBERON:0001890" label="forebrain"/>
            <span end="26140" id="16279840-15347" start="26131">forebrain</span>
        </annotation>
        <annotation annotator="Michael Bada" id="UBERON_Instance_510756" type="identity">
            <class id="UBERON:0001851" label="cortex"/>
            <span end="26162" id="16279840-15349" start="26156">cortex</span>
        </annotation>
        <annotation annotator="Michael Bada" id="UBERON_Instance_510758" type="identity">
            <class id="UBERON:0002264" label="olfactory bulb"/>
            <span end="26191" id="16279840-15351" start="26177">olfactory bulb</span>
        </annotation>
        <annotation annotator="Michael Bada" id="UBERON_Instance_510760" type="identity">
            <class id="UBERON:0002435" label="striatum"/>
            <span end="26205" id="16279840-15353" start="26197">striatum</span>
        </annotation>
        <annotation annotator="Michael Bada" id="UBERON_Instance_510762" type="identity">
            <class id="UBERON:0001851" label="cortex"/>
            <span end="26362" id="16279840-15355" start="26356">cortex</span>
        </annotation>
        <annotation annotator="Michael Bada" id="UBERON_Instance_510764" type="identity">
            <class id="UBERON:0002037" label="cerebellum"/>
            <span end="26430" id="16279840-15357" start="26420">cerebellum</span>
        </annotation>
        <annotation annotator="Michael Bada" id="UBERON_Instance_510766" type="identity">
            <class id="UBERON:0002298" label="brainstem"/>
            <span end="26444" id="16279840-15359" start="26434">brain stem</span>
        </annotation>
        <annotation annotator="Michael Bada" id="UBERON_Instance_520030" type="identity">
            <class id="UBERON:0001897" label="dorsal plus ventral thalamus"/>
            <span end="26962" id="16279840-15463" start="26954">thalamus</span>
        </annotation>
        <annotation annotator="Michael Bada" id="UBERON_Instance_510772" type="identity">
            <class id="UBERON:0001851" label="cortex"/>
            <span end="27174" id="16279840-15361" start="27166">cortical</span>
        </annotation>
        <annotation annotator="Michael Bada" id="UBERON_Instance_520032" type="identity">
            <class id="UBERON:0001897" label="dorsal plus ventral thalamus"/>
            <span end="27198" id="16279840-15465" start="27190">thalamus</span>
        </annotation>
        <annotation annotator="Michael Bada" id="UBERON_Instance_510774" type="identity">
            <class id="UBERON:0000955" label="brain"/>
            <span end="28067" id="16279840-15363" start="28062">brain</span>
        </annotation>
        <annotation annotator="Michael Bada" id="UBERON_Instance_510776" type="identity">
            <class id="UBERON:0000479" label="tissue"/>
            <span end="29027" id="16279840-15365" start="29021">Tissue</span>
        </annotation>
        <annotation annotator="Michael Bada" id="UBERON_Instance_520034" type="identity">
            <class id="UBERON:0000955" label="brain"/>
            <span end="31128" id="16279840-15467" start="31122">brains</span>
        </annotation>
        <annotation annotator="Michael Bada" id="UBERON_Instance_520036" type="identity">
            <class id="UBERON:0001851" label="cortex"/>
            <span end="31218" id="16279840-15469" start="31210">cortical</span>
        </annotation>
        <annotation annotator="Michael Bada" id="UBERON_Instance_520038" type="identity">
            <class id="UBERON:0000479" label="tissue"/>
            <span end="31225" id="16279840-15471" start="31219">tissue</span>
        </annotation>
        <annotation annotator="Michael Bada" id="UBERON_Instance_510778" type="identity">
            <class id="UBERON:0000955" label="brain"/>
            <span end="32078" id="16279840-15367" start="32072">brains</span>
        </annotation>
        <annotation annotator="Michael Bada" id="UBERON_Instance_511146" type="identity">
            <class id="UBERON:0001851" label="cortex"/>
            <span end="32225" id="16279840-15437" start="32217">Cortical</span>
        </annotation>
        <annotation annotator="Michael Bada" id="UBERON_Instance_510780" type="identity">
            <class id="UBERON:0000955" label="brain"/>
            <span end="32798" id="16279840-15369" start="32792">brains</span>
        </annotation>
        <annotation annotator="Michael Bada" id="UBERON_Instance_511148" type="identity">
            <class id="UBERON:0001851" label="cortex"/>
            <span end="37437" id="16279840-15439" start="37431">cortex</span>
        </annotation>
        <annotation annotator="Michael Bada" id="UBERON_Instance_510316" type="identity">
            <class id="UBERON:0000104" label="life cycle"/>
            <span end="39934" id="16279840-15309" start="39925">life span</span>
        </annotation>
        <annotation annotator="Michael Bada" id="UBERON_Instance_510318" type="identity">
            <class id="UBERON:0000104" label="life cycle"/>
            <span end="40088" id="16279840-15311" start="40079">life span</span>
        </annotation>
        <annotation annotator="Michael Bada" id="UBERON_Instance_510782" type="identity">
            <class id="UBERON:0000955" label="brain"/>
            <span end="42009" id="16279840-15371" start="42004">brain</span>
        </annotation>
        <annotation annotator="Michael Bada" id="UBERON_Instance_510784" type="identity">
            <class id="UBERON:0000955" label="brain"/>
            <span end="42078" id="16279840-15373" start="42073">brain</span>
        </annotation>
        <annotation annotator="Michael Bada" id="UBERON_Instance_511150" type="identity">
            <class id="UBERON:0000955" label="brain"/>
            <span end="42104" id="16279840-15441" start="42099">brain</span>
        </annotation>
        <annotation annotator="Michael Bada" id="UBERON_Instance_510786" type="identity">
            <class id="UBERON:0000479" label="tissue"/>
            <span end="42440" id="16279840-15375" start="42434">tissue</span>
        </annotation>
        <annotation annotator="Michael Bada" id="UBERON_Instance_510788" type="identity">
            <class id="UBERON:0000955" label="brain"/>
            <span end="42582" id="16279840-15377" start="42577">brain</span>
        </annotation>
        <annotation annotator="Michael Bada" id="UBERON_Instance_511152" type="identity">
            <class id="UBERON:0000955" label="brain"/>
            <span end="43444" id="16279840-15443" start="43438">brains</span>
        </annotation>
        <annotation annotator="Michael Bada" id="UBERON_Instance_510790" type="identity">
            <class id="UBERON:0000955" label="brain"/>
            <span end="44717" id="16279840-15379" start="44712">brain</span>
        </annotation>
        <annotation annotator="Nicole Vasilevsky" id="UBERON_Instance_830044" type="identity">
            <class id="UBERON:0002405" label="immune system"/>
            <span end="45824" id="16279840-15473" start="45811">immune system</span>
        </annotation>
        <annotation annotator="Michael Bada" id="UBERON_Instance_511154" type="identity">
            <class id="UBERON:0000955" label="brain"/>
            <span end="50570" id="16279840-15445" start="50565">brain</span>
        </annotation>
        <annotation annotator="Michael Bada" id="UBERON_Instance_510792" type="identity">
            <class id="UBERON:0000955" label="brain"/>
            <span end="51062" id="16279840-15381" start="51057">brain</span>
        </annotation>
        <annotation annotator="Michael Bada" id="UBERON_Instance_511156" type="identity">
            <class id="UBERON:0000955" label="brain"/>
            <span end="51428" id="16279840-15447" start="51423">Brain</span>
        </annotation>
        <annotation annotator="Michael Bada" id="UBERON_Instance_510794" type="identity">
            <class id="UBERON:0000479" label="tissue"/>
            <span end="51489" id="16279840-15383" start="51482">tissues</span>
        </annotation>
        <annotation annotator="Michael Bada" id="UBERON_Instance_511158" type="identity">
            <class id="UBERON:0000955" label="brain"/>
            <span end="51648" id="16279840-15449" start="51643">brain</span>
        </annotation>
        <annotation annotator="Michael Bada" id="UBERON_Instance_511160" type="identity">
            <class id="UBERON:0000479" label="tissue"/>
            <span end="51704" id="16279840-15451" start="51698">tissue</span>
        </annotation>
        <annotation annotator="Michael Bada" id="UBERON_Instance_510796" type="identity">
            <class id="UBERON:0001851" label="cortex"/>
            <span end="51802" id="16279840-15385" start="51796">Cortex</span>
        </annotation>
        <annotation annotator="Michael Bada" id="UBERON_Instance_510798" type="identity">
            <class id="UBERON:0001851" label="cortex"/>
            <span end="52192" id="16279840-15387" start="52186">cortex</span>
        </annotation>
        <annotation annotator="Michael Bada" id="UBERON_Instance_511162" type="identity">
            <class id="UBERON:0001870" label="frontal cortex"/>
            <span end="52973" id="16279840-15453" start="52959">frontal cortex</span>
        </annotation>
        <annotation annotator="Michael Bada" id="UBERON_Instance_511164" type="identity">
            <class id="UBERON:0001851" label="cortex"/>
            <span end="53971" id="16279840-15455" start="53963">Cortical</span>
        </annotation>
        <annotation annotator="Michael Bada" id="UBERON_Instance_510802" type="identity">
            <class id="UBERON:0001851" label="cortex"/>
            <span end="54687" id="16279840-15389" start="54679">cortical</span>
        </annotation>
        <annotation annotator="Michael Bada" id="UBERON_Instance_510804" type="identity">
            <class id="UBERON:0001851" label="cortex"/>
            <span end="55507" id="16279840-15391" start="55499">cortical</span>
        </annotation>
        <annotation annotator="Michael Bada" id="UBERON_Instance_510806" type="identity">
            <class id="UBERON:0000955" label="brain"/>
            <span end="56137" id="16279840-15393" start="56131">brains</span>
        </annotation>
        <annotation annotator="Michael Bada" id="UBERON_Instance_510808" type="identity">
            <class id="UBERON:0000955" label="brain"/>
            <span end="56478" id="16279840-15395" start="56473">brain</span>
        </annotation>
        <annotation annotator="Michael Bada" id="UBERON_Instance_510810" type="identity">
            <class id="UBERON:0000955" label="brain"/>
            <span end="57725" id="16279840-15397" start="57720">brain</span>
        </annotation>
        <annotation annotator="Michael Bada" id="UBERON_Instance_510812" type="identity">
            <class id="UBERON:0000955" label="brain"/>
            <span end="58140" id="16279840-15399" start="58135">brain</span>
        </annotation>
        <annotation annotator="Michael Bada" id="UBERON_Instance_511166" type="identity">
            <class id="UBERON:0000955" label="brain"/>
            <span end="58208" id="16279840-15457" start="58203">brain</span>
        </annotation>
        <annotation annotator="Michael Bada" id="UBERON_Instance_510814" type="identity">
            <class id="UBERON:0000955" label="brain"/>
            <span end="58257" id="16279840-15401" start="58252">brain</span>
        </annotation>
        <annotation annotator="Michael Bada" id="UBERON_Instance_511168" type="identity">
            <class id="UBERON:0001016" label="nervous system"/>
            <span end="60009" id="16279840-15459" start="59999">Neurologic</span>
        </annotation>
        <annotation annotator="Michael Bada" id="UBERON_Instance_510816" type="identity">
            <class id="UBERON:0001890" label="forebrain"/>
            <span end="60965" id="16279840-15403" start="60956">forebrain</span>
        </annotation>
        <annotation annotator="Michael Bada" id="UBERON_Instance_510818" type="identity">
            <class id="UBERON:0000479" label="tissue"/>
            <span end="60972" id="16279840-15405" start="60966">tissue</span>
        </annotation>
        <annotation annotator="Michael Bada" id="UBERON_Instance_510820" type="identity">
            <class id="UBERON:0001851" label="cortex"/>
            <span end="62507" id="16279840-15407" start="62499">Cortical</span>
        </annotation>
        <annotation annotator="Michael Bada" id="UBERON_Instance_510822" type="identity">
            <class id="UBERON:0001851" label="cortex"/>
            <span end="65327" id="16279840-15409" start="65319">Cortical</span>
        </annotation>
        <annotation annotator="Michael Bada" id="UBERON_Instance_510824" type="identity">
            <class id="UBERON:0001851" label="cortex"/>
            <span end="67102" id="16279840-15411" start="67094">cortical</span>
        </annotation>
        <annotation annotator="Michael Bada" id="UBERON_Instance_510826" type="identity">
            <class id="UBERON:0000479" label="tissue"/>
            <span end="67109" id="16279840-15413" start="67103">tissue</span>
        </annotation>
        <annotation annotator="Michael Bada" id="UBERON_Instance_510828" type="identity">
            <class id="UBERON:0001851" label="cortex"/>
            <span end="69011" id="16279840-15415" start="69003">Cortical</span>
        </annotation>
        <annotation annotator="Michael Bada" id="UBERON_Instance_510830" type="identity">
            <class id="UBERON:0000955" label="brain"/>
            <span end="69269" id="16279840-15417" start="69263">brains</span>
        </annotation>
        <graph-space id="Old Knowtator Relations"/>
    </document>
</knowtator-project>
