<?xml version="1.0" encoding="UTF-8" standalone="no"?>
<knowtator-project>
  <document id="16362077" text-file="16362077.txt">
    <annotation annotator="Michael Bada" id="UBERON_Instance_510574" type="identity">
      <class id="UBERON:0007195" label="stroma of bone marrow"/>
      <span end="718" id="16362077-15605" start="699">bone marrow stromal</span>
    </annotation>
    <annotation annotator="Michael Bada" id="UBERON_Instance_510250" type="identity">
      <class id="UBERON:0000922" label="embryo"/>
      <span end="858" id="16362077-15481" start="849">embryonic</span>
    </annotation>
    <annotation annotator="Michael Bada" id="UBERON_Instance_510832" type="identity">
      <class id="UBERON:0003104" label="mesenchyme"/>
      <span end="870" id="16362077-15621" start="859">mesenchymal</span>
    </annotation>
    <annotation annotator="Michael Bada" id="UBERON_Instance_510252" type="identity">
      <class id="UBERON:0000922" label="embryo"/>
      <span end="1088" id="16362077-15483" start="1082">embryo</span>
    </annotation>
    <annotation annotator="Michael Bada" id="UBERON_Instance_510254" type="identity">
      <class id="UBERON:0000922" label="embryo"/>
      <span end="1269" id="16362077-15485" start="1263">embryo</span>
    </annotation>
    <annotation annotator="Michael Bada" id="UBERON_Instance_510864" type="identity">
      <class id="UBERON:0002371" label="bone marrow"/>
      <span end="1434" id="16362077-15653" start="1428">marrow</span>
    </annotation>
    <annotation annotator="Michael Bada" id="UBERON_Instance_510580" type="identity">
      <class id="UBERON:0002371" label="bone marrow"/>
      <span end="1542" id="16362077-15607" start="1531">bone marrow</span>
    </annotation>
    <annotation annotator="Michael Bada" id="UBERON_Instance_510582" type="identity">
      <class id="UBERON:0002371" label="bone marrow"/>
      <span end="1755" id="16362077-15609" start="1744">bone marrow</span>
    </annotation>
    <annotation annotator="Michael Bada" id="UBERON_Instance_510834" type="identity">
      <class id="UBERON:0003104" label="mesenchyme"/>
      <span end="1767" id="16362077-15623" start="1756">mesenchymal</span>
    </annotation>
    <annotation annotator="Michael Bada" id="UBERON_Instance_510866" type="identity">
      <class id="UBERON:0002371" label="bone marrow"/>
      <span end="2451" id="16362077-15655" start="2445">marrow</span>
    </annotation>
    <annotation annotator="Michael Bada" id="UBERON_Instance_510836" type="identity">
      <class id="UBERON:0003104" label="mesenchyme"/>
      <span end="2507" id="16362077-15625" start="2496">mesenchymal</span>
    </annotation>
    <annotation annotator="Michael Bada" id="UBERON_Instance_510598" type="identity">
      <class id="UBERON:0002371" label="bone marrow"/>
      <span end="2545" id="16362077-15611" start="2534">bone marrow</span>
    </annotation>
    <annotation annotator="Michael Bada" id="UBERON_Instance_510838" type="identity">
      <class id="UBERON:0003104" label="mesenchyme"/>
      <span end="2626" id="16362077-15627" start="2615">mesenchymal</span>
    </annotation>
    <annotation annotator="Michael Bada" id="UBERON_Instance_510604" type="identity">
      <class id="UBERON:0002371" label="bone marrow"/>
      <span end="2837" id="16362077-15613" start="2826">bone marrow</span>
    </annotation>
    <annotation annotator="Michael Bada" id="UBERON_Instance_510868" type="identity">
      <class id="UBERON:0004288" label="skeleton"/>
      <span end="3031" id="16362077-15657" start="3023">skeletal</span>
    </annotation>
    <annotation annotator="Michael Bada" id="UBERON_Instance_510870" type="identity">
      <class id="UBERON:0004288" label="skeleton"/>
      <span end="3198" id="16362077-15659" start="3190">skeletal</span>
    </annotation>
    <annotation annotator="Michael Bada" id="UBERON_Instance_510872" type="identity">
      <class id="UBERON:0004288" label="skeleton"/>
      <span end="3338" id="16362077-15661" start="3330">skeletal</span>
    </annotation>
    <annotation annotator="Michael Bada" id="UBERON_Instance_510874" type="identity">
      <class id="UBERON:0001132" label="parathyroid gland"/>
      <span end="4224" id="16362077-15663" start="4213">parathyroid</span>
    </annotation>
    <annotation annotator="Michael Bada" id="UBERON_Instance_510876" type="identity">
      <class id="UBERON:0000991" label="gonad"/>
      <span end="4264" id="16362077-15665" start="4257">gonadal</span>
    </annotation>
    <annotation annotator="Michael Bada" id="UBERON_Instance_510878" type="identity">
      <class id="UBERON:0000013" label="sympathetic nervous system"/>
      <span end="4341" id="16362077-15667" start="4315">sympathetic nervous system</span>
    </annotation>
    <annotation annotator="Michael Bada" id="UBERON_Instance_511182" type="identity">
      <class id="UBERON:0007195" label="stroma of bone marrow"/>
      <span end="4504" id="16362077-15876" start="4485">bone marrow stromal</span>
    </annotation>
    <annotation annotator="Michael Bada" id="UBERON_Instance_510880" type="identity">
      <class id="UBERON:0002371" label="bone marrow"/>
      <span end="4691" id="16362077-15669" start="4685">marrow</span>
    </annotation>
    <annotation annotator="Michael Bada" id="UBERON_Instance_510840" type="identity">
      <class id="UBERON:0003104" label="mesenchyme"/>
      <span end="4830" id="16362077-15629" start="4819">mesenchymal</span>
    </annotation>
    <annotation annotator="Michael Bada" id="UBERON_Instance_510638" type="identity">
      <class id="UBERON:0002371" label="bone marrow"/>
      <span end="4868" id="16362077-15615" start="4857">bone marrow</span>
    </annotation>
    <annotation annotator="Michael Bada" id="UBERON_Instance_510640" type="identity">
      <class id="UBERON:0002371" label="bone marrow"/>
      <span end="5100" id="16362077-15617" start="5089">bone marrow</span>
    </annotation>
    <annotation annotator="Michael Bada" id="UBERON_Instance_510842" type="identity">
      <class id="UBERON:0003104" label="mesenchyme"/>
      <span end="5112" id="16362077-15631" start="5101">mesenchymal</span>
    </annotation>
    <annotation annotator="Michael Bada" id="UBERON_Instance_510884" type="identity">
      <class id="UBERON:0001016" label="nervous system"/>
      <span end="5469" id="16362077-15671" start="5459">neurologic</span>
    </annotation>
    <annotation annotator="Michael Bada" id="UBERON_Instance_510886" type="identity">
      <class id="UBERON:0000023" label="wing"/>
      <span end="6104" id="16362077-15673" start="6099">wings</span>
    </annotation>
    <annotation annotator="Michael Bada" id="UBERON_Instance_511184" type="identity">
      <class id="UBERON:0000310" label="breast"/>
      <span end="6457" id="16362077-15878" start="6451">breast</span>
    </annotation>
    <annotation annotator="Michael Bada" id="UBERON_Instance_510888" type="identity">
      <class id="UBERON:0004288" label="skeleton"/>
      <span end="6685" id="16362077-15675" start="6677">skeletal</span>
    </annotation>
    <annotation annotator="Michael Bada" id="UBERON_Instance_510890" type="identity">
      <class id="UBERON:0007195" label="stroma of bone marrow"/>
      <span end="6954" id="16362077-15677" start="6935">bone marrow stromal</span>
    </annotation>
    <annotation annotator="Michael Bada" id="UBERON_Instance_510256" type="identity">
      <class id="UBERON:0000922" label="embryo"/>
      <span end="7164" id="16362077-15487" start="7158">embryo</span>
    </annotation>
    <annotation annotator="Michael Bada" id="UBERON_Instance_510372" type="identity">
      <class id="UBERON:0002371" label="bone marrow"/>
      <span end="7304" id="16362077-15553" start="7293">bone marrow</span>
    </annotation>
    <annotation annotator="Michael Bada" id="UBERON_Instance_510844" type="identity">
      <class id="UBERON:0003104" label="mesenchyme"/>
      <span end="7316" id="16362077-15633" start="7305">mesenchymal</span>
    </annotation>
    <annotation annotator="Michael Bada" id="UBERON_Instance_510892" type="identity">
      <class id="UBERON:0004288" label="skeleton"/>
      <span end="7510" id="16362077-15679" start="7502">Skeleton</span>
    </annotation>
    <annotation annotator="Michael Bada" id="UBERON_Instance_510258" type="identity">
      <class id="UBERON:0000922" label="embryo"/>
      <span end="7523" id="16362077-15489" start="7514">Embryonic</span>
    </annotation>
    <annotation annotator="Michael Bada" id="UBERON_Instance_510260" type="identity">
      <class id="UBERON:0000922" label="embryo"/>
      <span end="7721" id="16362077-15491" start="7712">embryonic</span>
    </annotation>
    <annotation annotator="Michael Bada" id="UBERON_Instance_510894" type="identity">
      <class id="UBERON:0004288" label="skeleton"/>
      <span end="7974" id="16362077-15681" start="7966">skeleton</span>
    </annotation>
    <annotation annotator="Michael Bada" id="UBERON_Instance_510896" type="identity">
      <class id="UBERON:0000479" label="tissue"/>
      <span end="7991" id="16362077-15683" start="7984">tissues</span>
    </annotation>
    <annotation annotator="Michael Bada" id="UBERON_Instance_500004" type="identity">
      <class id="UBERON:0000955" label="brain"/>
      <span end="8125" id="16362077-15477" start="8120">brain</span>
    </annotation>
    <annotation annotator="Michael Bada" id="UBERON_Instance_510898" type="identity">
      <class id="UBERON:0000948" label="heart"/>
      <span end="8132" id="16362077-15685" start="8127">heart</span>
    </annotation>
    <annotation annotator="Michael Bada" id="UBERON_Instance_510900" type="identity">
      <class id="UBERON:0002108" label="small intestine"/>
      <span end="8153" id="16362077-15687" start="8138">small intestine</span>
    </annotation>
    <annotation annotator="Michael Bada" id="UBERON_Instance_510902" type="identity">
      <class id="UBERON:0001706" label="nasal septum"/>
      <span end="8213" id="16362077-15689" start="8201">nasal septum</span>
    </annotation>
    <annotation annotator="Michael Bada" id="UBERON_Instance_511170" type="identity">
      <class id="UBERON:0002530" label="gland"/>
      <span end="8231" id="16362077-15866" start="8222">glandular</span>
    </annotation>
    <annotation annotator="Michael Bada" id="UBERON_Instance_510906" type="identity">
      <class id="UBERON:0000479" label="tissue"/>
      <span end="8238" id="16362077-15691" start="8232">tissue</span>
    </annotation>
    <annotation annotator="Michael Bada" id="UBERON_Instance_510642" type="identity">
      <class id="UBERON:0001823" label="nasal cartilage"/>
      <span end="8270" id="16362077-15619" start="8255">nasal cartilage</span>
    </annotation>
    <annotation annotator="Michael Bada" id="UBERON_Instance_510908" type="identity">
      <class id="UBERON:0002412" label="vertebra"/>
      <span end="8311" id="16362077-15693" start="8303">vertebra</span>
    </annotation>
    <annotation annotator="Michael Bada" id="UBERON_Instance_510910" type="identity">
      <class id="UBERON:0001066" label="intervertebral disk"/>
      <span end="8336" id="16362077-15695" start="8316">intervertebral discs</span>
    </annotation>
    <annotation annotator="Michael Bada" id="UBERON_Instance_510912" type="identity">
      <class id="UBERON:0001437" label="epiphysis"/>
      <span end="8370" id="16362077-15697" start="8361">epiphysis</span>
      <span end="8422" id="16362077-15698" start="8409">of long bones</span>
    </annotation>
    <annotation annotator="Michael Bada" id="UBERON_Instance_511186" type="identity">
      <class id="UBERON:0001438" label="metaphysis"/>
      <span end="8398" id="16362077-15880" start="8388">metaphysis</span>
      <span end="8422" id="16362077-15881" start="8409">of long bones</span>
    </annotation>
    <annotation annotator="Michael Bada" id="UBERON_Instance_510914" type="identity">
      <class id="UBERON:0001977" label="serum"/>
      <span end="8652" id="16362077-15700" start="8647">serum</span>
    </annotation>
    <annotation annotator="Michael Bada" id="UBERON_Instance_510916" type="identity">
      <class id="UBERON:0001977" label="serum"/>
      <span end="8674" id="16362077-15702" start="8669">serum</span>
    </annotation>
    <annotation annotator="Michael Bada" id="UBERON_Instance_510262" type="identity">
      <class id="UBERON:0000922" label="embryo"/>
      <span end="8865" id="16362077-15493" start="8859">embryo</span>
    </annotation>
    <annotation annotator="Michael Bada" id="UBERON_Instance_510918" type="identity">
      <class id="UBERON:0001977" label="serum"/>
      <span end="9568" id="16362077-15704" start="9563">serum</span>
    </annotation>
    <annotation annotator="Michael Bada" id="UBERON_Instance_510362" type="identity">
      <class id="UBERON:0012101" label="perinatal stage"/>
      <span end="10103" id="16362077-15551" start="10087">perinatal period</span>
    </annotation>
    <annotation annotator="Michael Bada" id="UBERON_Instance_510920" type="identity">
      <class id="UBERON:0004288" label="skeleton"/>
      <span end="10670" id="16362077-15706" start="10662">skeletal</span>
    </annotation>
    <annotation annotator="Michael Bada" id="UBERON_Instance_510922" type="identity">
      <class id="UBERON:0004288" label="skeleton"/>
      <span end="10778" id="16362077-15708" start="10770">skeletal</span>
    </annotation>
    <annotation annotator="Michael Bada" id="UBERON_Instance_511192" type="identity">
      <class id="UBERON:0011137" label="axial skeletal system"/>
      <span end="11133" id="16362077-15888" start="11128">axial</span>
      <span end="11159" id="16362077-15889" start="11151">skeleton</span>
    </annotation>
    <annotation annotator="Michael Bada" id="UBERON_Instance_510926" type="identity">
      <class id="UBERON:0002091" label="appendicular skeleton"/>
      <span end="11159" id="16362077-15710" start="11138">appendicular skeleton</span>
    </annotation>
    <annotation annotator="Michael Bada" id="UBERON_Instance_520042" type="identity">
      <class id="UBERON:0001851" label="cortex"/>
      <span end="11375" id="16362077-15897" start="11367">cortical</span>
    </annotation>
    <annotation annotator="Michael Bada" id="UBERON_Instance_510388" type="identity">
      <class id="UBERON:0001438" label="metaphysis"/>
      <span end="11423" id="16362077-15555" start="11412">metaphyseal</span>
    </annotation>
    <annotation annotator="Michael Bada" id="UBERON_Instance_511188" type="identity">
      <class id="UBERON:0000981" label="femur"/>
      <span end="11460" id="16362077-15883" start="11454">femora</span>
    </annotation>
    <annotation annotator="Michael Bada" id="UBERON_Instance_510392" type="identity">
      <class id="UBERON:0002483" label="trabecular bone tissue"/>
      <span end="11610" id="16362077-15557" start="11595">trabecular bone</span>
    </annotation>
    <annotation annotator="Michael Bada" id="UBERON_Instance_511172" type="identity">
      <class id="UBERON:0004621" label="lumbar vertebra 5"/>
      <span end="11676" id="16362077-15868" start="11654">fifth lumbar vertebrae</span>
    </annotation>
    <annotation annotator="Michael Bada" id="UBERON_Instance_510932" type="identity">
      <class id="UBERON:0000981" label="femur"/>
      <span end="12101" id="16362077-15712" start="12096">femur</span>
    </annotation>
    <annotation annotator="Michael Bada" id="UBERON_Instance_510934" type="identity">
      <class id="UBERON:0002412" label="vertebra"/>
      <span end="12114" id="16362077-15714" start="12106">vertebra</span>
    </annotation>
    <annotation annotator="Michael Bada" id="UBERON_Instance_510938" type="identity">
      <class id="UBERON:0000981" label="femur"/>
      <span end="12281" id="16362077-15716" start="12274">femoral</span>
    </annotation>
    <annotation annotator="Michael Bada" id="UBERON_Instance_510940" type="identity">
      <class id="UBERON:0002412" label="vertebra"/>
      <span end="12295" id="16362077-15718" start="12286">vertebral</span>
    </annotation>
    <annotation annotator="Michael Bada" id="UBERON_Instance_511190" type="identity">
      <class id="UBERON:0011137" label="axial skeletal system"/>
      <span end="12428" id="16362077-15885" start="12423">axial</span>
      <span end="12454" id="16362077-15886" start="12446">skeleton</span>
    </annotation>
    <annotation annotator="Michael Bada" id="UBERON_Instance_510942" type="identity">
      <class id="UBERON:0002091" label="appendicular skeleton"/>
      <span end="12454" id="16362077-15720" start="12433">appendicular skeleton</span>
    </annotation>
    <annotation annotator="Michael Bada" id="UBERON_Instance_510944" type="identity">
      <class id="UBERON:0004288" label="skeleton"/>
      <span end="12787" id="16362077-15722" start="12778">skeletons</span>
    </annotation>
    <annotation annotator="Michael Bada" id="UBERON_Instance_510946" type="identity">
      <class id="UBERON:0000479" label="tissue"/>
      <span end="13040" id="16362077-15724" start="13034">tissue</span>
    </annotation>
    <annotation annotator="Michael Bada" id="UBERON_Instance_511178" type="identity">
      <class id="UBERON:0000440" label="trabecula"/>
      <span end="13812" id="16362077-15872" start="13802">trabeculae</span>
    </annotation>
    <annotation annotator="Michael Bada" id="UBERON_Instance_511180" type="identity">
      <class id="UBERON:0000440" label="trabecula"/>
      <span end="13863" id="16362077-15874" start="13853">trabeculae</span>
    </annotation>
    <annotation annotator="Michael Bada" id="UBERON_Instance_510956" type="identity">
      <class id="UBERON:0000981" label="femur"/>
      <span end="14146" id="16362077-15726" start="14140">femora</span>
    </annotation>
    <annotation annotator="Michael Bada" id="UBERON_Instance_510958" type="identity">
      <class id="UBERON:0000979" label="tibia"/>
      <span end="14156" id="16362077-15728" start="14151">tibia</span>
    </annotation>
    <annotation annotator="Michael Bada" id="UBERON_Instance_510416" type="identity">
      <class id="UBERON:0002495" label="long bone"/>
      <span end="15044" id="16362077-15559" start="15034">long bones</span>
    </annotation>
    <annotation annotator="Michael Bada" id="UBERON_Instance_510960" type="identity">
      <class id="UBERON:0008883" label="osteoid"/>
      <span end="15159" id="16362077-15730" start="15152">osteoid</span>
    </annotation>
    <annotation annotator="Michael Bada" id="UBERON_Instance_510962" type="identity">
      <class id="UBERON:0002371" label="bone marrow"/>
      <span end="15375" id="16362077-15732" start="15369">marrow</span>
    </annotation>
    <annotation annotator="Michael Bada" id="UBERON_Instance_510966" type="identity">
      <class id="UBERON:0000479" label="tissue"/>
      <span end="15469" id="16362077-15734" start="15463">tissue</span>
    </annotation>
    <annotation annotator="Michael Bada" id="UBERON_Instance_510968" type="identity">
      <class id="UBERON:0002371" label="bone marrow"/>
      <span end="15621" id="16362077-15736" start="15615">marrow</span>
    </annotation>
    <annotation annotator="Michael Bada" id="UBERON_Instance_510972" type="identity">
      <class id="UBERON:0001977" label="serum"/>
      <span end="15922" id="16362077-15738" start="15917">serum</span>
    </annotation>
    <annotation annotator="Michael Bada" id="UBERON_Instance_510974" type="identity">
      <class id="UBERON:0001977" label="serum"/>
      <span end="16114" id="16362077-15740" start="16109">Serum</span>
    </annotation>
    <annotation annotator="Michael Bada" id="UBERON_Instance_510978" type="identity">
      <class id="UBERON:0001977" label="serum"/>
      <span end="16336" id="16362077-15742" start="16331">serum</span>
    </annotation>
    <annotation annotator="Michael Bada" id="UBERON_Instance_510308" type="identity">
      <class id="UBERON:0007023" label="adult organism"/>
      <span end="16863" id="16362077-15535" start="16858">adult</span>
    </annotation>
    <annotation annotator="Michael Bada" id="UBERON_Instance_510434" type="identity">
      <class id="UBERON:0007195" label="stroma of bone marrow"/>
      <span end="17233" id="16362077-15561" start="17214">bone marrow stromal</span>
    </annotation>
    <annotation annotator="Michael Bada" id="UBERON_Instance_510436" type="identity">
      <class id="UBERON:0002495" label="long bone"/>
      <span end="17954" id="16362077-15563" start="17944">long bones</span>
    </annotation>
    <annotation annotator="Michael Bada" id="UBERON_Instance_660026" type="identity">
      <class id="UBERON:0001751" label="dentine"/>
      <span end="18088" id="16362077-15903" start="18082">dentin</span>
    </annotation>
    <annotation annotator="Michael Bada" id="UBERON_Instance_510438" type="identity">
      <class id="UBERON:0007195" label="stroma of bone marrow"/>
      <span end="18427" id="16362077-15565" start="18408">bone marrow stromal</span>
    </annotation>
    <annotation annotator="Michael Bada" id="UBERON_Instance_510442" type="identity">
      <class id="UBERON:0007195" label="stroma of bone marrow"/>
      <span end="18660" id="16362077-15567" start="18641">bone marrow stromal</span>
    </annotation>
    <annotation annotator="Michael Bada" id="UBERON_Instance_510980" type="identity">
      <class id="UBERON:0000013" label="sympathetic nervous system"/>
      <span end="18915" id="16362077-15744" start="18889">sympathetic nervous system</span>
    </annotation>
    <annotation annotator="Michael Bada" id="UBERON_Instance_510264" type="identity">
      <class id="UBERON:0000922" label="embryo"/>
      <span end="19118" id="16362077-15495" start="19111">embryos</span>
    </annotation>
    <annotation annotator="Michael Bada" id="UBERON_Instance_510846" type="identity">
      <class id="UBERON:0003104" label="mesenchyme"/>
      <span end="19952" id="16362077-15635" start="19941">mesenchymal</span>
    </annotation>
    <annotation annotator="Michael Bada" id="UBERON_Instance_510266" type="identity">
      <class id="UBERON:0000922" label="embryo"/>
      <span end="20046" id="16362077-15497" start="20037">embryonic</span>
    </annotation>
    <annotation annotator="Michael Bada" id="UBERON_Instance_510848" type="identity">
      <class id="UBERON:0003104" label="mesenchyme"/>
      <span end="20058" id="16362077-15637" start="20047">mesenchymal</span>
    </annotation>
    <annotation annotator="Michael Bada" id="UBERON_Instance_510448" type="identity">
      <class id="UBERON:0007195" label="stroma of bone marrow"/>
      <span end="21065" id="16362077-15569" start="21046">bone marrow stromal</span>
    </annotation>
    <annotation annotator="Michael Bada" id="UBERON_Instance_510982" type="identity">
      <class id="UBERON:0002371" label="bone marrow"/>
      <span end="21248" id="16362077-15746" start="21242">marrow</span>
    </annotation>
    <annotation annotator="Michael Bada" id="UBERON_Instance_511194" type="identity">
      <class id="UBERON:0000479" label="tissue"/>
      <span end="21426" id="16362077-15891" start="21420">tissue</span>
    </annotation>
    <annotation annotator="Michael Bada" id="UBERON_Instance_510984" type="identity">
      <class id="UBERON:0002371" label="bone marrow"/>
      <span end="21456" id="16362077-15748" start="21450">marrow</span>
    </annotation>
    <annotation annotator="Michael Bada" id="UBERON_Instance_510454" type="identity">
      <class id="UBERON:0002483" label="trabecular bone tissue"/>
      <span end="21656" id="16362077-15571" start="21641">trabecular bone</span>
    </annotation>
    <annotation annotator="Michael Bada" id="UBERON_Instance_510986" type="identity">
      <class id="UBERON:0002371" label="bone marrow"/>
      <span end="21728" id="16362077-15750" start="21722">marrow</span>
    </annotation>
    <annotation annotator="Michael Bada" id="UBERON_Instance_691804" type="identity">
      <class id="UBERON:0001474" label="bone element"/>
      <span end="21853" id="16362077-15915" start="21848">bones</span>
    </annotation>
    <annotation annotator="Michael Bada" id="UBERON_Instance_510458" type="identity">
      <class id="UBERON:0002371" label="bone marrow"/>
      <span end="22032" id="16362077-15573" start="22021">bone marrow</span>
    </annotation>
    <annotation annotator="Michael Bada" id="UBERON_Instance_510850" type="identity">
      <class id="UBERON:0003104" label="mesenchyme"/>
      <span end="22044" id="16362077-15639" start="22033">mesenchymal</span>
    </annotation>
    <annotation annotator="Michael Bada" id="UBERON_Instance_510462" type="identity">
      <class id="UBERON:0002371" label="bone marrow"/>
      <span end="22250" id="16362077-15575" start="22239">bone marrow</span>
    </annotation>
    <annotation annotator="Michael Bada" id="UBERON_Instance_510852" type="identity">
      <class id="UBERON:0003104" label="mesenchyme"/>
      <span end="22262" id="16362077-15641" start="22251">mesenchymal</span>
    </annotation>
    <annotation annotator="Michael Bada" id="UBERON_Instance_510474" type="identity">
      <class id="UBERON:0002371" label="bone marrow"/>
      <span end="22678" id="16362077-15577" start="22667">bone marrow</span>
    </annotation>
    <annotation annotator="Michael Bada" id="UBERON_Instance_510268" type="identity">
      <class id="UBERON:0000922" label="embryo"/>
      <span end="22731" id="16362077-15499" start="22722">embryonic</span>
    </annotation>
    <annotation annotator="Michael Bada" id="UBERON_Instance_510854" type="identity">
      <class id="UBERON:0003104" label="mesenchyme"/>
      <span end="22743" id="16362077-15643" start="22732">mesenchymal</span>
    </annotation>
    <annotation annotator="Michael Bada" id="UBERON_Instance_510476" type="identity">
      <class id="UBERON:0002371" label="bone marrow"/>
      <span end="23272" id="16362077-15579" start="23261">bone marrow</span>
    </annotation>
    <annotation annotator="Michael Bada" id="UBERON_Instance_510856" type="identity">
      <class id="UBERON:0003104" label="mesenchyme"/>
      <span end="23284" id="16362077-15645" start="23273">mesenchymal</span>
    </annotation>
    <annotation annotator="Michael Bada" id="UBERON_Instance_510270" type="identity">
      <class id="UBERON:0000922" label="embryo"/>
      <span end="23363" id="16362077-15501" start="23357">embryo</span>
    </annotation>
    <annotation annotator="Michael Bada" id="UBERON_Instance_510988" type="identity">
      <class id="UBERON:0000955" label="brain"/>
      <span end="23496" id="16362077-15752" start="23491">brain</span>
    </annotation>
    <annotation annotator="Michael Bada" id="UBERON_Instance_510990" type="identity">
      <class id="UBERON:0000948" label="heart"/>
      <span end="23503" id="16362077-15754" start="23498">heart</span>
    </annotation>
    <annotation annotator="Michael Bada" id="UBERON_Instance_510992" type="identity">
      <class id="UBERON:0000160" label="intestine"/>
      <span end="23518" id="16362077-15756" start="23509">intestine</span>
    </annotation>
    <annotation annotator="Michael Bada" id="UBERON_Instance_510994" type="identity">
      <class id="UBERON:0002107" label="liver"/>
      <span end="23550" id="16362077-15758" start="23545">liver</span>
    </annotation>
    <annotation annotator="Michael Bada" id="UBERON_Instance_510998" type="identity">
      <class id="UBERON:0002113" label="kidney"/>
      <span end="23568" id="16362077-15760" start="23562">kidney</span>
    </annotation>
    <annotation annotator="Michael Bada" id="UBERON_Instance_520052" type="identity">
      <class id="UBERON:0000323" label="late embryo"/>
      <span end="23609" id="16362077-15899" start="23591">late-stage embryos</span>
    </annotation>
    <annotation annotator="Michael Bada" id="UBERON_Instance_511000" type="identity">
      <class id="UBERON:0000160" label="intestine"/>
      <span end="23744" id="16362077-15762" start="23734">intestinal</span>
    </annotation>
    <annotation annotator="Michael Bada" id="UBERON_Instance_511002" type="identity">
      <class id="UBERON:0000310" label="breast"/>
      <span end="23755" id="16362077-15764" start="23749">breast</span>
    </annotation>
    <annotation annotator="Michael Bada" id="UBERON_Instance_510478" type="identity">
      <class id="UBERON:0007195" label="stroma of bone marrow"/>
      <span end="23843" id="16362077-15581" start="23824">bone marrow stromal</span>
    </annotation>
    <annotation annotator="Michael Bada" id="UBERON_Instance_511004" type="identity">
      <class id="UBERON:0004288" label="skeleton"/>
      <span end="24053" id="16362077-15766" start="24045">skeletal</span>
    </annotation>
    <annotation annotator="Michael Bada" id="UBERON_Instance_510310" type="identity">
      <class id="UBERON:0000113" label="post-juvenile adult stage"/>
      <span end="24253" id="16362077-15537" start="24244">adulthood</span>
    </annotation>
    <annotation annotator="Michael Bada" id="UBERON_Instance_510274" type="identity">
      <class id="UBERON:0000922" label="embryo"/>
      <span end="24492" id="16362077-15503" start="24483">embryonic</span>
    </annotation>
    <annotation annotator="Michael Bada" id="UBERON_Instance_510312" type="identity">
      <class id="UBERON:0007023" label="adult organism"/>
      <span end="24716" id="16362077-15539" start="24711">Adult</span>
    </annotation>
    <annotation annotator="Michael Bada" id="UBERON_Instance_510320" type="identity">
      <class id="UBERON:0000104" label="life cycle"/>
      <span end="24754" id="16362077-15543" start="24745">life span</span>
    </annotation>
    <annotation annotator="Michael Bada" id="UBERON_Instance_511006" type="identity">
      <class id="UBERON:0001977" label="serum"/>
      <span end="24968" id="16362077-15768" start="24963">Serum</span>
    </annotation>
    <annotation annotator="Michael Bada" id="UBERON_Instance_511008" type="identity">
      <class id="UBERON:0004288" label="skeleton"/>
      <span end="25464" id="16362077-15770" start="25456">skeletal</span>
    </annotation>
    <annotation annotator="Michael Bada" id="UBERON_Instance_660028" type="identity">
      <class id="UBERON:0001751" label="dentine"/>
      <span end="26186" id="16362077-15905" start="26180">dentin</span>
    </annotation>
    <annotation annotator="Michael Bada" id="UBERON_Instance_510322" type="identity">
      <class id="UBERON:0000104" label="life cycle"/>
      <span end="26950" id="16362077-15545" start="26946">life</span>
    </annotation>
    <annotation annotator="Michael Bada" id="UBERON_Instance_510496" type="identity">
      <class id="UBERON:0007195" label="stroma of bone marrow"/>
      <span end="27086" id="16362077-15583" start="27067">bone marrow stromal</span>
    </annotation>
    <annotation annotator="Michael Bada" id="UBERON_Instance_510498" type="identity">
      <class id="UBERON:0007195" label="stroma of bone marrow"/>
      <span end="27358" id="16362077-15585" start="27339">bone marrow stromal</span>
    </annotation>
    <annotation annotator="Michael Bada" id="UBERON_Instance_510276" type="identity">
      <class id="UBERON:0000922" label="embryo"/>
      <span end="27435" id="16362077-15505" start="27426">embryonic</span>
    </annotation>
    <annotation annotator="Michael Bada" id="UBERON_Instance_510858" type="identity">
      <class id="UBERON:0003104" label="mesenchyme"/>
      <span end="27447" id="16362077-15647" start="27436">mesenchymal</span>
    </annotation>
    <annotation annotator="Michael Bada" id="UBERON_Instance_510500" type="identity">
      <class id="UBERON:0002371" label="bone marrow"/>
      <span end="27633" id="16362077-15587" start="27622">bone marrow</span>
    </annotation>
    <annotation annotator="Michael Bada" id="UBERON_Instance_510860" type="identity">
      <class id="UBERON:0003104" label="mesenchyme"/>
      <span end="27880" id="16362077-15649" start="27869">mesenchymal</span>
    </annotation>
    <annotation annotator="Michael Bada" id="UBERON_Instance_511010" type="identity">
      <class id="UBERON:0000013" label="sympathetic nervous system"/>
      <span end="28301" id="16362077-15772" start="28275">sympathetic nervous system</span>
    </annotation>
    <annotation annotator="Michael Bada" id="UBERON_Instance_511012" type="identity">
      <class id="UBERON:0001977" label="serum"/>
      <span end="28780" id="16362077-15774" start="28775">serum</span>
    </annotation>
    <annotation annotator="Michael Bada" id="UBERON_Instance_511196" type="identity">
      <class id="UBERON:0000013" label="sympathetic nervous system"/>
      <span end="29014" id="16362077-15893" start="28988">sympathetic nervous system</span>
    </annotation>
    <annotation annotator="Michael Bada" id="UBERON_Instance_510514" type="identity">
      <class id="UBERON:0002371" label="bone marrow"/>
      <span end="29198" id="16362077-15589" start="29187">bone marrow</span>
    </annotation>
    <annotation annotator="Michael Bada" id="UBERON_Instance_510862" type="identity">
      <class id="UBERON:0003104" label="mesenchyme"/>
      <span end="29210" id="16362077-15651" start="29199">mesenchymal</span>
    </annotation>
    <annotation annotator="Michael Bada" id="UBERON_Instance_520056" type="identity">
      <class id="UBERON:0002371" label="bone marrow"/>
      <span end="29495" id="16362077-15901" start="29489">marrow</span>
    </annotation>
    <annotation annotator="Michael Bada" id="UBERON_Instance_510278" type="identity">
      <class id="UBERON:0000922" label="embryo"/>
      <span end="29790" id="16362077-15507" start="29781">embryonic</span>
    </annotation>
    <annotation annotator="Michael Bada" id="UBERON_Instance_510314" type="identity">
      <class id="UBERON:0000922" label="embryo"/>
      <span end="30228" id="16362077-15541" start="30223">Adult</span>
    </annotation>
    <annotation annotator="Michael Bada" id="UBERON_Instance_510248" type="identity">
      <class id="UBERON:0001179" label="peritoneal cavity"/>
      <span end="30263" id="16362077-15479" start="30253">peritoneal</span>
    </annotation>
    <annotation annotator="Michael Bada" id="UBERON_Instance_511014" type="identity">
      <class id="UBERON:0000981" label="femur"/>
      <span end="30482" id="16362077-15776" start="30477">femur</span>
    </annotation>
    <annotation annotator="Michael Bada" id="UBERON_Instance_511016" type="identity">
      <class id="UBERON:0000979" label="tibia"/>
      <span end="30492" id="16362077-15778" start="30487">tibia</span>
    </annotation>
    <annotation annotator="Michael Bada" id="UBERON_Instance_511018" type="identity">
      <class id="UBERON:0000479" label="tissue"/>
      <span end="30647" id="16362077-15780" start="30640">tissues</span>
    </annotation>
    <annotation annotator="Michael Bada" id="UBERON_Instance_510280" type="identity">
      <class id="UBERON:0000922" label="embryo"/>
      <span end="32425" id="16362077-15509" start="32416">embryonic</span>
    </annotation>
    <annotation annotator="Michael Bada" id="UBERON_Instance_511020" type="identity">
      <class id="UBERON:0000358" label="blastocyst"/>
      <span end="32663" id="16362077-15782" start="32652">blastocysts</span>
    </annotation>
    <annotation annotator="Michael Bada" id="UBERON_Instance_510324" type="identity">
      <class id="UBERON:0010166" label="coat of hair"/>
      <span end="32753" id="16362077-15547" start="32749">coat</span>
    </annotation>
    <annotation annotator="Michael Bada" id="UBERON_Instance_510332" type="identity">
      <class id="UBERON:0002415" label="tail"/>
      <span end="33294" id="16362077-15549" start="33290">tail</span>
    </annotation>
    <annotation annotator="Michael Bada" id="UBERON_Instance_511022" type="identity">
      <class id="UBERON:0001977" label="serum"/>
      <span end="33928" id="16362077-15784" start="33923">serum</span>
    </annotation>
    <annotation annotator="Michael Bada" id="UBERON_Instance_511028" type="identity">
      <class id="UBERON:0000981" label="femur"/>
      <span end="34563" id="16362077-15786" start="34558">femur</span>
    </annotation>
    <annotation annotator="Michael Bada" id="UBERON_Instance_511030" type="identity">
      <class id="UBERON:0004620" label="lumbar vertebra 4"/>
      <span end="34590" id="16362077-15788" start="34568">fourth lumbar vertebra</span>
    </annotation>
    <annotation annotator="Michael Bada" id="UBERON_Instance_511032" type="identity">
      <class id="UBERON:0000479" label="tissue"/>
      <span end="34620" id="16362077-15790" start="34613">tissues</span>
    </annotation>
    <annotation annotator="Michael Bada" id="UBERON_Instance_511034" type="identity">
      <class id="UBERON:0004377" label="distal metaphysis"/>
      <span end="34689" id="16362077-15792" start="34672">distal metaphysis</span>
    </annotation>
    <annotation annotator="Michael Bada" id="UBERON_Instance_511036" type="identity">
      <class id="UBERON:0001977" label="serum"/>
      <span end="35037" id="16362077-15794" start="35032">Serum</span>
    </annotation>
    <annotation annotator="Michael Bada" id="UBERON_Instance_511038" type="identity">
      <class id="UBERON:0001977" label="serum"/>
      <span end="35243" id="16362077-15796" start="35238">serum</span>
    </annotation>
    <annotation annotator="Michael Bada" id="UBERON_Instance_510524" type="identity">
      <class id="UBERON:0002371" label="bone marrow"/>
      <span end="35520" id="16362077-15591" start="35509">Bone marrow</span>
    </annotation>
    <annotation annotator="Michael Bada" id="UBERON_Instance_511040" type="identity">
      <class id="UBERON:0000979" label="tibia"/>
      <span end="35547" id="16362077-15798" start="35542">tibia</span>
    </annotation>
    <annotation annotator="Michael Bada" id="UBERON_Instance_511042" type="identity">
      <class id="UBERON:0000981" label="femur"/>
      <span end="35558" id="16362077-15800" start="35552">femora</span>
    </annotation>
    <annotation annotator="Michael Bada" id="UBERON_Instance_511044" type="identity">
      <class id="UBERON:0003891" label="stroma"/>
      <span end="35626" id="16362077-15802" start="35619">stromal</span>
    </annotation>
    <annotation annotator="Michael Bada" id="UBERON_Instance_510526" type="identity">
      <class id="UBERON:0002495" label="long bone"/>
      <span end="36018" id="16362077-15593" start="36008">long bones</span>
    </annotation>
    <annotation annotator="Michael Bada" id="UBERON_Instance_660030" type="identity">
      <class id="UBERON:0001751" label="dentine"/>
      <span end="36170" id="16362077-15907" start="36164">dentin</span>
    </annotation>
    <annotation annotator="Michael Bada" id="UBERON_Instance_660032" type="identity">
      <class id="UBERON:0001751" label="dentine"/>
      <span end="36360" id="16362077-15909" start="36354">Dentin</span>
    </annotation>
    <annotation annotator="Michael Bada" id="UBERON_Instance_510282" type="identity">
      <class id="UBERON:0000922" label="embryo"/>
      <span end="36913" id="16362077-15511" start="36904">embryonic</span>
    </annotation>
    <annotation annotator="Michael Bada" id="UBERON_Instance_510284" type="identity">
      <class id="UBERON:0000922" label="embryo"/>
      <span end="37014" id="16362077-15513" start="37007">embryos</span>
    </annotation>
    <annotation annotator="Michael Bada" id="UBERON_Instance_511046" type="identity">
      <class id="UBERON:0000479" label="tissue"/>
      <span end="38772" id="16362077-15804" start="38766">tissue</span>
    </annotation>
    <annotation annotator="Michael Bada" id="UBERON_Instance_511198" type="identity">
      <class id="UBERON:0003891" label="stroma"/>
      <span end="39338" id="16362077-15895" start="39331">Stromal</span>
    </annotation>
    <annotation annotator="Michael Bada" id="UBERON_Instance_511048" type="identity">
      <class id="UBERON:0001977" label="serum"/>
      <span end="39484" id="16362077-15806" start="39479">Serum</span>
    </annotation>
    <annotation annotator="Michael Bada" id="UBERON_Instance_511050" type="identity">
      <class id="UBERON:0001758" label="periodontium"/>
      <span end="39686" id="16362077-15808" start="39675">Periodontal</span>
    </annotation>
    <annotation annotator="Michael Bada" id="UBERON_Instance_510286" type="identity">
      <class id="UBERON:0000922" label="embryo"/>
      <span end="40314" id="16362077-15515" start="40308">embryo</span>
    </annotation>
    <annotation annotator="Michael Bada" id="UBERON_Instance_510288" type="identity">
      <class id="UBERON:0000922" label="embryo"/>
      <span end="40536" id="16362077-15517" start="40527">Embryonic</span>
    </annotation>
    <annotation annotator="Michael Bada" id="UBERON_Instance_510290" type="identity">
      <class id="UBERON:0000922" label="embryo"/>
      <span end="40556" id="16362077-15519" start="40547">Embryonic</span>
    </annotation>
    <annotation annotator="Michael Bada" id="UBERON_Instance_510292" type="identity">
      <class id="UBERON:0000922" label="embryo"/>
      <span end="40687" id="16362077-15521" start="40681">embryo</span>
    </annotation>
    <annotation annotator="Michael Bada" id="UBERON_Instance_510294" type="identity">
      <class id="UBERON:0000922" label="embryo"/>
      <span end="40841" id="16362077-15523" start="40832">Embryonic</span>
    </annotation>
    <annotation annotator="Michael Bada" id="UBERON_Instance_511052" type="identity">
      <class id="UBERON:0000479" label="tissue"/>
      <span end="40854" id="16362077-15810" start="40847">tissues</span>
    </annotation>
    <annotation annotator="Michael Bada" id="UBERON_Instance_511054" type="identity">
      <class id="UBERON:0000955" label="brain"/>
      <span end="40869" id="16362077-15812" start="40864">brain</span>
    </annotation>
    <annotation annotator="Michael Bada" id="UBERON_Instance_511056" type="identity">
      <class id="UBERON:0000948" label="heart"/>
      <span end="40876" id="16362077-15814" start="40871">heart</span>
    </annotation>
    <annotation annotator="Michael Bada" id="UBERON_Instance_511058" type="identity">
      <class id="UBERON:0001555" label="digestive tract"/>
      <span end="40884" id="16362077-15816" start="40881">gut</span>
    </annotation>
    <annotation annotator="Michael Bada" id="UBERON_Instance_511060" type="identity">
      <class id="UBERON:0001706" label="nasal septum"/>
      <span end="41106" id="16362077-15818" start="41094">nasal septum</span>
    </annotation>
    <annotation annotator="Michael Bada" id="UBERON_Instance_511062" type="identity">
      <class id="UBERON:0002412" label="vertebra"/>
      <span end="41143" id="16362077-15820" start="41135">vertebra</span>
    </annotation>
    <annotation annotator="Michael Bada" id="UBERON_Instance_511064" type="identity">
      <class id="UBERON:0004384" label="epiphysis of femur"/>
      <span end="41186" id="16362077-15822" start="41169">femoral epiphysis</span>
    </annotation>
    <annotation annotator="Michael Bada" id="UBERON_Instance_511066" type="identity">
      <class id="UBERON:0004769" label="diaphysis"/>
      <span end="41225" id="16362077-15824" start="41215">diaphyseal</span>
    </annotation>
    <annotation annotator="Michael Bada" id="UBERON_Instance_511068" type="identity">
      <class id="UBERON:0000479" label="tissue"/>
      <span end="41484" id="16362077-15826" start="41477">tissues</span>
    </annotation>
    <annotation annotator="Michael Bada" id="UBERON_Instance_510296" type="identity">
      <class id="UBERON:0000922" label="embryo"/>
      <span end="41672" id="16362077-15525" start="41665">embryos</span>
    </annotation>
    <annotation annotator="Michael Bada" id="UBERON_Instance_511070" type="identity">
      <class id="UBERON:0001977" label="serum"/>
      <span end="42510" id="16362077-15828" start="42505">serum</span>
    </annotation>
    <annotation annotator="Michael Bada" id="UBERON_Instance_511072" type="identity">
      <class id="UBERON:0000981" label="femur"/>
      <span end="42902" id="16362077-15830" start="42897">Femur</span>
    </annotation>
    <annotation annotator="Michael Bada" id="UBERON_Instance_511074" type="identity">
      <class id="UBERON:0000981" label="femur"/>
      <span end="43064" id="16362077-15832" start="43058">femora</span>
    </annotation>
    <annotation annotator="Michael Bada" id="UBERON_Instance_511076" type="identity">
      <class id="UBERON:0000981" label="femur"/>
      <span end="43183" id="16362077-15834" start="43178">femur</span>
    </annotation>
    <annotation annotator="Michael Bada" id="UBERON_Instance_511080" type="identity">
      <class id="UBERON:0001851" label="cortex"/>
      <span end="43308" id="16362077-15838" start="43300">cortical</span>
    </annotation>
    <annotation annotator="Michael Bada" id="UBERON_Instance_511078" type="identity">
      <class id="UBERON:0000981" label="femur"/>
      <span end="43387" id="16362077-15836" start="43382">femur</span>
    </annotation>
    <annotation annotator="Michael Bada" id="UBERON_Instance_691806" type="identity">
      <class id="UBERON:0001474" label="bone element"/>
      <span end="43428" id="16362077-15917" start="43423">Bones</span>
    </annotation>
    <annotation annotator="Michael Bada" id="UBERON_Instance_511082" type="identity">
      <class id="UBERON:0000479" label="tissue"/>
      <span end="43463" id="16362077-15840" start="43457">tissue</span>
    </annotation>
    <annotation annotator="Michael Bada" id="UBERON_Instance_511084" type="identity">
      <class id="UBERON:0000981" label="femur"/>
      <span end="43750" id="16362077-15842" start="43745">femur</span>
    </annotation>
    <annotation annotator="Michael Bada" id="UBERON_Instance_510540" type="identity">
      <class id="UBERON:0002483" label="trabecular bone tissue"/>
      <span end="43858" id="16362077-15595" start="43843">trabecular bone</span>
    </annotation>
    <annotation annotator="Michael Bada" id="UBERON_Instance_511086" type="identity">
      <class id="UBERON:0001851" label="cortex"/>
      <span end="43882" id="16362077-15844" start="43874">cortical</span>
    </annotation>
    <annotation annotator="Michael Bada" id="UBERON_Instance_511088" type="identity">
      <class id="UBERON:0000981" label="femur"/>
      <span end="43926" id="16362077-15846" start="43921">femur</span>
    </annotation>
    <annotation annotator="Michael Bada" id="UBERON_Instance_511174" type="identity">
      <class id="UBERON:0002483" label="trabecular bone tissue"/>
      <span end="44116" id="16362077-15870" start="44101">Trabecular Bone</span>
    </annotation>
    <annotation annotator="Michael Bada" id="UBERON_Instance_511090" type="identity">
      <class id="UBERON:0000479" label="tissue"/>
      <span end="44169" id="16362077-15848" start="44163">tissue</span>
    </annotation>
    <annotation annotator="Michael Bada" id="UBERON_Instance_511092" type="identity">
      <class id="UBERON:0000981" label="femur"/>
      <span end="44245" id="16362077-15850" start="44240">femur</span>
    </annotation>
    <annotation annotator="Michael Bada" id="UBERON_Instance_511094" type="identity">
      <class id="UBERON:0004620" label="lumbar vertebra 4"/>
      <span end="44272" id="16362077-15852" start="44250">fourth lumbar vertebra</span>
    </annotation>
    <annotation annotator="Michael Bada" id="UBERON_Instance_511096" type="identity">
      <class id="UBERON:0000440" label="trabecula"/>
      <span end="44685" id="16362077-15854" start="44675">trabeculae</span>
    </annotation>
    <annotation annotator="Michael Bada" id="UBERON_Instance_511098" type="identity">
      <class id="UBERON:0000979" label="tibia"/>
      <span end="45059" id="16362077-15856" start="45054">tibia</span>
    </annotation>
    <annotation annotator="Michael Bada" id="UBERON_Instance_511100" type="identity">
      <class id="UBERON:0007195" label="stroma of bone marrow"/>
      <span end="45685" id="16362077-15858" start="45671">Marrow stromal</span>
    </annotation>
    <annotation annotator="Michael Bada" id="UBERON_Instance_510548" type="identity">
      <class id="UBERON:0002495" label="long bone"/>
      <span end="45725" id="16362077-15597" start="45715">long bones</span>
    </annotation>
    <annotation annotator="Michael Bada" id="UBERON_Instance_510550" type="identity">
      <class id="UBERON:0002495" label="long bone"/>
      <span end="46229" id="16362077-15599" start="46219">long bones</span>
    </annotation>
    <annotation annotator="Michael Bada" id="UBERON_Instance_660034" type="identity">
      <class id="UBERON:0001751" label="dentine"/>
      <span end="46290" id="16362077-15911" start="46284">dentin</span>
    </annotation>
    <annotation annotator="Michael Bada" id="UBERON_Instance_660036" type="identity">
      <class id="UBERON:0001751" label="dentine"/>
      <span end="46485" id="16362077-15913" start="46479">dentin</span>
    </annotation>
    <annotation annotator="Michael Bada" id="UBERON_Instance_510298" type="identity">
      <class id="UBERON:0000922" label="embryo"/>
      <span end="46725" id="16362077-15527" start="46716">Embryonic</span>
    </annotation>
    <annotation annotator="Michael Bada" id="UBERON_Instance_510300" type="identity">
      <class id="UBERON:0000922" label="embryo"/>
      <span end="46776" id="16362077-15529" start="46769">embryos</span>
    </annotation>
    <annotation annotator="Michael Bada" id="UBERON_Instance_510302" type="identity">
      <class id="UBERON:0000922" label="embryo"/>
      <span end="46789" id="16362077-15531" start="46780">embryonic</span>
    </annotation>
    <annotation annotator="Michael Bada" id="UBERON_Instance_510304" type="identity">
      <class id="UBERON:0000922" label="embryo"/>
      <span end="47659" id="16362077-15533" start="47650">Embryonic</span>
    </annotation>
    <annotation annotator="Michael Bada" id="UBERON_Instance_510552" type="identity">
      <class id="UBERON:0002371" label="bone marrow"/>
      <span end="48517" id="16362077-15601" start="48506">Bone Marrow</span>
    </annotation>
    <annotation annotator="Michael Bada" id="UBERON_Instance_511102" type="identity">
      <class id="UBERON:0000479" label="tissue"/>
      <span end="48699" id="16362077-15860" start="48693">tissue</span>
    </annotation>
    <annotation annotator="Michael Bada" id="UBERON_Instance_511104" type="identity">
      <class id="UBERON:0002371" label="bone marrow"/>
      <span end="48718" id="16362077-15862" start="48712">marrow</span>
    </annotation>
    <annotation annotator="Michael Bada" id="UBERON_Instance_511106" type="identity">
      <class id="UBERON:0002371" label="bone marrow"/>
      <span end="48897" id="16362077-15864" start="48891">marrow</span>
    </annotation>
    <annotation annotator="Michael Bada" id="UBERON_Instance_510562" type="identity">
      <class id="UBERON:0002495" label="long bone"/>
      <span end="49287" id="16362077-15603" start="49277">Long Bones</span>
    </annotation>
    <graph-space id="Old Knowtator Relations"/>
  </document>
</knowtator-project>
