<?xml version="1.0" encoding="UTF-8" standalone="no"?>
<knowtator-project>
  <document id="16507151" text-file="16507151.txt">
    <annotation annotator="Nicole Vasilevsky" id="UBERON_Instance_860052" type="identity">
      <class id="UBERON:0002405" label="immune system"/>
      <span end="171" id="16507151-16630" start="165">immune</span>
    </annotation>
    <annotation annotator="Michael Bada" id="UBERON_Instance_550176" type="identity">
      <class id="UBERON:0000104" label="life cycle"/>
      <span end="2368" id="16507151-16600" start="2364">life</span>
    </annotation>
    <annotation annotator="Michael Bada" id="UBERON_Instance_550178" type="identity">
      <class id="UBERON:0000104" label="life cycle"/>
      <span end="3612" id="16507151-16602" start="3608">life</span>
    </annotation>
    <annotation annotator="Michael Bada" id="UBERON_Instance_550122" type="identity">
      <class id="UBERON:0000922" label="embryo"/>
      <span end="5102" id="16507151-16596" start="5096">embryo</span>
    </annotation>
    <annotation annotator="Michael Bada" id="UBERON_Instance_550202" type="identity">
      <class id="UBERON:0002415" label="tail"/>
      <span end="5785" id="16507151-16608" start="5781">tail</span>
    </annotation>
    <annotation annotator="Michael Bada" id="UBERON_Instance_550298" type="identity">
      <class id="UBERON:0004905" label="articulation"/>
      <span end="6477" id="16507151-16616" start="6472">joint</span>
    </annotation>
    <annotation annotator="Michael Bada" id="UBERON_Instance_550300" type="identity">
      <class id="UBERON:0004905" label="articulation"/>
      <span end="6514" id="16507151-16618" start="6508">joints</span>
    </annotation>
    <annotation annotator="Michael Bada" id="UBERON_Instance_550268" type="identity">
      <class id="UBERON:0001447" label="tarsal bone"/>
      <span end="6578" id="16507151-16614" start="6569">anklebone</span>
    </annotation>
    <annotation annotator="Michael Bada" id="UBERON_Instance_550204" type="identity">
      <class id="UBERON:0002415" label="tail"/>
      <span end="6933" id="16507151-16610" start="6929">Tail</span>
    </annotation>
    <annotation annotator="Michael Bada" id="UBERON_Instance_550146" type="identity">
      <class id="UBERON:0007023" label="adult organism"/>
      <span end="9069" id="16507151-16598" start="9064">adult</span>
    </annotation>
    <annotation annotator="Michael Bada" id="UBERON_Instance_550308" type="identity">
      <class id="UBERON:0001977" label="serum"/>
      <span end="9126" id="16507151-16620" start="9122">sera</span>
    </annotation>
    <annotation annotator="Michael Bada" id="UBERON_Instance_550310" type="identity">
      <class id="UBERON:0001977" label="serum"/>
      <span end="9317" id="16507151-16622" start="9312">serum</span>
    </annotation>
    <annotation annotator="Michael Bada" id="UBERON_Instance_550312" type="identity">
      <class id="UBERON:0001977" label="serum"/>
      <span end="9434" id="16507151-16624" start="9430">sera</span>
    </annotation>
    <annotation annotator="Michael Bada" id="UBERON_Instance_550314" type="identity">
      <class id="UBERON:0001977" label="serum"/>
      <span end="9482" id="16507151-16626" start="9478">sera</span>
    </annotation>
    <annotation annotator="Michael Bada" id="UBERON_Instance_550180" type="identity">
      <class id="UBERON:0000104" label="life cycle"/>
      <span end="13958" id="16507151-16604" start="13954">life</span>
    </annotation>
    <annotation annotator="Michael Bada" id="UBERON_Instance_550182" type="identity">
      <class id="UBERON:0000104" label="life cycle"/>
      <span end="14176" id="16507151-16606" start="14172">life</span>
    </annotation>
    <annotation annotator="Michael Bada" id="UBERON_Instance_550248" type="identity">
      <class id="UBERON:0010148" label="mating plug"/>
      <span end="17276" id="16507151-16612" start="17264">vaginal plug</span>
    </annotation>
    <annotation annotator="Michael Bada" id="UBERON_Instance_560010" type="identity">
      <class id="UBERON:0000104" label="life cycle"/>
      <span end="17592" id="16507151-16628" start="17588">life</span>
    </annotation>
    <graph-space id="Old Knowtator Relations"/>
  </document>
</knowtator-project>
