<?xml version="1.0" encoding="UTF-8" standalone="no"?>
<knowtator-project>
    <document id="16504174" text-file="16504174.txt">
        <annotation annotator="Michael Bada" id="UBERON_Instance_550098" type="identity">
            <class id="UBERON:0000922" label="embryo"/>
            <span end="122" id="16504174-16552" start="113">Embryonic</span>
        </annotation>
        <annotation annotator="Michael Bada" id="UBERON_Instance_490000" type="identity">
            <class id="UBERON:0019248" label="early embryo"/>
            <span end="244" id="16504174-16546" start="231">early embryos</span>
        </annotation>
        <annotation annotator="Michael Bada" id="UBERON_Instance_550102" type="identity">
            <class id="UBERON:0000922" label="embryo"/>
            <span end="271" id="16504174-16554" start="262">embryonic</span>
        </annotation>
        <annotation annotator="Michael Bada" id="UBERON_Instance_520002" type="identity">
            <class id="UBERON:0019248" label="early embryo"/>
            <span end="1210" id="16504174-16550" start="1197">early embryos</span>
        </annotation>
        <annotation annotator="Michael Bada" id="UBERON_Instance_550276" type="identity">
            <class id="UBERON:0000358" label="blastocyst"/>
            <span end="1395" id="16504174-16572" start="1384">blastocysts</span>
        </annotation>
        <annotation annotator="Michael Bada" id="UBERON_Instance_550106" type="identity">
            <class id="UBERON:0000922" label="embryo"/>
            <span end="1878" id="16504174-16556" start="1869">Embryonic</span>
        </annotation>
        <annotation annotator="Michael Bada" id="UBERON_Instance_550278" type="identity">
            <class id="UBERON:0000358" label="blastocyst"/>
            <span end="1934" id="16504174-16574" start="1923">blastocysts</span>
        </annotation>
        <annotation annotator="Michael Bada" id="UBERON_Instance_480000" type="identity">
            <class id="UBERON:0002240" label="spinal cord"/>
            <span end="2386" id="16504174-16544" start="2375">spinal cord</span>
        </annotation>
        <annotation annotator="Michael Bada" id="UBERON_Instance_550004" type="identity">
            <class id="UBERON:0019248" label="early embryo"/>
            <span end="2766" id="16504174-16592" start="2753">early embryos</span>
        </annotation>
        <annotation annotator="Michael Bada" id="UBERON_Instance_550110" type="identity">
            <class id="UBERON:0000922" label="embryo"/>
            <span end="3067" id="16504174-16558" start="3058">embryonic</span>
        </annotation>
        <annotation annotator="Michael Bada" id="UBERON_Instance_550666" type="identity">
            <class id="UBERON:0019248" label="early embryo"/>
            <span end="3155" id="16504174-16590" start="3142">early embryos</span>
        </annotation>
        <annotation annotator="Michael Bada" id="UBERON_Instance_550114" type="identity">
            <class id="UBERON:0000922" label="embryo"/>
            <span end="3249" id="16504174-16560" start="3240">embryonic</span>
        </annotation>
        <annotation annotator="Michael Bada" id="UBERON_Instance_550280" type="identity">
            <class id="UBERON:0000180" label="lateral lumbar region of abdomen"/>
            <span end="11107" id="16504174-16576" start="11101">flanks</span>
        </annotation>
        <annotation annotator="Michael Bada" id="UBERON_Instance_550208" type="identity">
            <class id="UBERON:0000923" label="germ layer"/>
            <span end="11207" id="16504174-16568" start="11196">germ layers</span>
        </annotation>
        <annotation annotator="Michael Bada" id="UBERON_Instance_550282" type="identity">
            <class id="UBERON:0000358" label="blastocyst"/>
            <span end="13286" id="16504174-16578" start="13275">blastocysts</span>
        </annotation>
        <annotation annotator="Michael Bada" id="UBERON_Instance_510002" type="identity">
            <class id="UBERON:0000473" label="testis"/>
            <span end="13606" id="16504174-16548" start="13600">testis</span>
        </annotation>
        <annotation annotator="Michael Bada" id="UBERON_Instance_550284" type="identity">
            <class id="UBERON:0000992" label="female gonad"/>
            <span end="13616" id="16504174-16580" start="13611">ovary</span>
        </annotation>
        <annotation annotator="Michael Bada" id="UBERON_Instance_550286" type="identity">
            <class id="UBERON:0000358" label="blastocyst"/>
            <span end="13812" id="16504174-16582" start="13801">blastocysts</span>
        </annotation>
        <annotation annotator="Michael Bada" id="UBERON_Instance_550116" type="identity">
            <class id="UBERON:0019248" label="early embryo"/>
            <span end="14297" id="16504174-16562" start="14284">early embryos</span>
        </annotation>
        <annotation annotator="Michael Bada" id="UBERON_Instance_550288" type="identity">
            <class id="UBERON:0000358" label="blastocyst"/>
            <span end="20008" id="16504174-16584" start="19997">blastocysts</span>
        </annotation>
        <annotation annotator="Michael Bada" id="UBERON_Instance_550118" type="identity">
            <class id="UBERON:0000922" label="embryo"/>
            <span end="20178" id="16504174-16564" start="20171">embryos</span>
        </annotation>
        <annotation annotator="Michael Bada" id="UBERON_Instance_550292" type="identity">
            <class id="UBERON:0000995" label="uterus"/>
            <span end="20221" id="16504174-16586" start="20215">uterus</span>
        </annotation>
        <annotation annotator="Michael Bada" id="UBERON_Instance_550294" type="identity">
            <class id="UBERON:0001977" label="serum"/>
            <span end="20358" id="16504174-16588" start="20353">Serum</span>
        </annotation>
        <annotation annotator="Michael Bada" id="UBERON_Instance_550260" type="identity">
            <class id="UBERON:0000119" label="cell layer"/>
            <span end="21015" id="16504174-16570" start="21004">cell layers</span>
        </annotation>
        <annotation annotator="Michael Bada" id="UBERON_Instance_550120" type="identity">
            <class id="UBERON:0000922" label="embryo"/>
            <span end="21738" id="16504174-16566" start="21732">embryo</span>
        </annotation>
        <graph-space id="Old Knowtator Relations"/>
    </document>
</knowtator-project>
