<?xml version="1.0" encoding="UTF-8" standalone="no"?>
<knowtator-project>
  <document id="16628246" text-file="16628246.txt">
    <annotation annotator="Michael Bada" id="UBERON_Instance_571200" type="identity">
      <class id="UBERON:0000088" label="trophoblast"/>
      <span end="32" id="16628246-17558" start="21">Trophoblast</span>
    </annotation>
    <annotation annotator="Michael Bada" id="UBERON_Instance_570708" type="identity">
      <class id="UBERON:0005292" label="extraembryonic tissue"/>
      <span end="104" id="16628246-17432" start="82">Extraembryonic Tissues</span>
    </annotation>
    <annotation annotator="Michael Bada" id="UBERON_Instance_570710" type="identity">
      <class id="UBERON:0000922" label="embryo"/>
      <span end="700" id="16628246-17434" start="693">embryos</span>
    </annotation>
    <annotation annotator="Michael Bada" id="UBERON_Instance_571202" type="identity">
      <class id="UBERON:0000922" label="embryo"/>
      <span end="847" id="16628246-17560" start="838">embryonic</span>
    </annotation>
    <annotation annotator="Michael Bada" id="UBERON_Instance_571204" type="identity">
      <class id="UBERON:0000088" label="trophoblast"/>
      <span end="859" id="16628246-17562" start="848">trophoblast</span>
    </annotation>
    <annotation annotator="Michael Bada" id="UBERON_Instance_570712" type="identity">
      <class id="UBERON:0000922" label="embryo"/>
      <span end="937" id="16628246-17436" start="931">embryo</span>
    </annotation>
    <annotation annotator="Michael Bada" id="UBERON_Instance_570714" type="identity">
      <class id="UBERON:0005292" label="extraembryonic tissue"/>
      <span end="1096" id="16628246-17438" start="1074">extraembryonic tissues</span>
    </annotation>
    <annotation annotator="Michael Bada" id="UBERON_Instance_570810" type="identity">
      <class id="UBERON:0001987" label="placenta"/>
      <span end="1171" id="16628246-17518" start="1163">placenta</span>
    </annotation>
    <annotation annotator="Michael Bada" id="UBERON_Instance_571206" type="identity">
      <class id="UBERON:0000479" label="tissue"/>
      <span end="1257" id="16628246-17564" start="1250">tissues</span>
    </annotation>
    <annotation annotator="Michael Bada" id="UBERON_Instance_571208" type="identity">
      <class id="UBERON:0000088" label="trophoblast"/>
      <span end="1392" id="16628246-17566" start="1381">trophoblast</span>
    </annotation>
    <annotation annotator="Michael Bada" id="UBERON_Instance_570812" type="identity">
      <class id="UBERON:0001987" label="placenta"/>
      <span end="2278" id="16628246-17520" start="2270">placenta</span>
    </annotation>
    <annotation annotator="Michael Bada" id="UBERON_Instance_570814" type="identity">
      <class id="UBERON:0001987" label="placenta"/>
      <span end="2295" id="16628246-17522" start="2287">placenta</span>
    </annotation>
    <annotation annotator="Michael Bada" id="UBERON_Instance_570816" type="identity">
      <class id="UBERON:0001987" label="placenta"/>
      <span end="2584" id="16628246-17524" start="2576">placenta</span>
    </annotation>
    <annotation annotator="Michael Bada" id="UBERON_Instance_571210" type="identity">
      <class id="UBERON:0000178" label="blood"/>
      <span end="3225" id="16628246-17568" start="3220">blood</span>
    </annotation>
    <annotation annotator="Michael Bada" id="UBERON_Instance_571874" type="identity">
      <class id="UBERON:0000479" label="tissue"/>
      <span end="3522" id="16628246-17872" start="3515">tissues</span>
    </annotation>
    <annotation annotator="Michael Bada" id="UBERON_Instance_571876" type="identity">
      <class id="UBERON:0000178" label="blood"/>
      <span end="5158" id="16628246-17874" start="5144">haematological</span>
    </annotation>
    <annotation annotator="Michael Bada" id="UBERON_Instance_570716" type="identity">
      <class id="UBERON:0000922" label="embryo"/>
      <span end="5737" id="16628246-17440" start="5728">embryonic</span>
    </annotation>
    <annotation annotator="Michael Bada" id="UBERON_Instance_570718" type="identity">
      <class id="UBERON:0000922" label="embryo"/>
      <span end="5885" id="16628246-17442" start="5878">embryos</span>
    </annotation>
    <annotation annotator="Michael Bada" id="UBERON_Instance_570720" type="identity">
      <class id="UBERON:0014374" label="embryoid body"/>
      <span end="11769" id="16628246-17444" start="11754">embryoid bodies</span>
    </annotation>
    <annotation annotator="Michael Bada" id="UBERON_Instance_570722" type="identity">
      <class id="UBERON:0014374" label="embryoid body"/>
      <span end="11810" id="16628246-17446" start="11795">embryoid bodies</span>
    </annotation>
    <annotation annotator="Michael Bada" id="UBERON_Instance_570376" type="identity">
      <class id="UBERON:0019248" label="early embryo"/>
      <span end="12881" id="16628246-17180" start="12866">Early Embryonic</span>
    </annotation>
    <annotation annotator="Michael Bada" id="UBERON_Instance_571212" type="identity">
      <class id="UBERON:0000358" label="blastocyst"/>
      <span end="13169" id="16628246-17570" start="13158">blastocysts</span>
    </annotation>
    <annotation annotator="Michael Bada" id="UBERON_Instance_571214" type="identity">
      <class id="UBERON:0000085" label="morula"/>
      <span end="14334" id="16628246-17572" start="14328">morula</span>
    </annotation>
    <annotation annotator="Michael Bada" id="UBERON_Instance_570448" type="identity">
      <class id="UBERON:0000922" label="embryo"/>
      <span end="14671" id="16628246-17182" start="14662">embryonic</span>
    </annotation>
    <annotation annotator="Michael Bada" id="UBERON_Instance_570760" type="identity">
      <class id="UBERON:0000113" label="post-juvenile adult stage"/>
      <span end="14767" id="16628246-17472" start="14758">adulthood</span>
    </annotation>
    <annotation annotator="Michael Bada" id="UBERON_Instance_570450" type="identity">
      <class id="UBERON:0000922" label="embryo"/>
      <span end="14793" id="16628246-17184" start="14786">Embryos</span>
    </annotation>
    <annotation annotator="Michael Bada" id="UBERON_Instance_571216" type="identity">
      <class id="UBERON:0001040" label="yolk sac"/>
      <span end="14894" id="16628246-17574" start="14886">yolk sac</span>
    </annotation>
    <annotation annotator="Michael Bada" id="UBERON_Instance_570452" type="identity">
      <class id="UBERON:0000922" label="embryo"/>
      <span end="14910" id="16628246-17186" start="14904">embryo</span>
    </annotation>
    <annotation annotator="Michael Bada" id="UBERON_Instance_570454" type="identity">
      <class id="UBERON:0000922" label="embryo"/>
      <span end="15275" id="16628246-17188" start="15266">embryonic</span>
    </annotation>
    <annotation annotator="Michael Bada" id="UBERON_Instance_570456" type="identity">
      <class id="UBERON:0000922" label="embryo"/>
      <span end="15360" id="16628246-17190" start="15353">embryos</span>
    </annotation>
    <annotation annotator="Michael Bada" id="UBERON_Instance_570458" type="identity">
      <class id="UBERON:0000922" label="embryo"/>
      <span end="15384" id="16628246-17192" start="15377">embryos</span>
    </annotation>
    <annotation annotator="Michael Bada" id="UBERON_Instance_571218" type="identity">
      <class id="UBERON:0002450" label="decidua"/>
      <span end="15450" id="16628246-17576" start="15442">deciduas</span>
    </annotation>
    <annotation annotator="Michael Bada" id="UBERON_Instance_570460" type="identity">
      <class id="UBERON:0000922" label="embryo"/>
      <span end="15671" id="16628246-17194" start="15664">embryos</span>
    </annotation>
    <annotation annotator="Michael Bada" id="UBERON_Instance_570462" type="identity">
      <class id="UBERON:0000922" label="embryo"/>
      <span end="15724" id="16628246-17196" start="15715">embryonic</span>
    </annotation>
    <annotation annotator="Michael Bada" id="UBERON_Instance_571220" type="identity">
      <class id="UBERON:0003124" label="chorion"/>
      <span end="15759" id="16628246-17578" start="15752">chorion</span>
    </annotation>
    <annotation annotator="Michael Bada" id="UBERON_Instance_570770" type="identity">
      <class id="UBERON:0004364" label="ectoplacental cone"/>
      <span end="15854" id="16628246-17478" start="15836">ectoplacental cone</span>
    </annotation>
    <annotation annotator="Michael Bada" id="UBERON_Instance_571222" type="identity">
      <class id="UBERON:0002450" label="decidua"/>
      <span end="15891" id="16628246-17580" start="15883">decidual</span>
    </annotation>
    <annotation annotator="Michael Bada" id="UBERON_Instance_571224" type="identity">
      <class id="UBERON:0000479" label="tissue"/>
      <span end="15898" id="16628246-17582" start="15892">tissue</span>
    </annotation>
    <annotation annotator="Michael Bada" id="UBERON_Instance_571226" type="identity">
      <class id="UBERON:0000088" label="trophoblast"/>
      <span end="15967" id="16628246-17584" start="15956">trophoblast</span>
    </annotation>
    <annotation annotator="Michael Bada" id="UBERON_Instance_571880" type="identity">
      <class id="UBERON:0004369" label="Reichert's membrane"/>
      <span end="16022" id="16628246-17876" start="16003">Reichert's membrane</span>
    </annotation>
    <annotation annotator="Michael Bada" id="UBERON_Instance_570914" type="identity">
      <class id="UBERON:0005291" label="embryonic tissue"/>
      <span end="16272" id="16628246-17534" start="16255">embryonic tissues</span>
    </annotation>
    <annotation annotator="Michael Bada" id="UBERON_Instance_571228" type="identity">
      <class id="UBERON:0002450" label="decidua"/>
      <span end="16333" id="16628246-17586" start="16325">decidual</span>
    </annotation>
    <annotation annotator="Michael Bada" id="UBERON_Instance_571230" type="identity">
      <class id="UBERON:0000479" label="tissue"/>
      <span end="16340" id="16628246-17588" start="16334">tissue</span>
    </annotation>
    <annotation annotator="Michael Bada" id="UBERON_Instance_570466" type="identity">
      <class id="UBERON:0000922" label="embryo"/>
      <span end="16477" id="16628246-17198" start="16470">embryos</span>
    </annotation>
    <annotation annotator="Michael Bada" id="UBERON_Instance_570468" type="identity">
      <class id="UBERON:0000922" label="embryo"/>
      <span end="16593" id="16628246-17200" start="16586">embryos</span>
    </annotation>
    <annotation annotator="Michael Bada" id="UBERON_Instance_580016" type="identity">
      <class id="UBERON:0002050" label="embryonic structure"/>
      <span end="16714" id="16628246-17912" start="16694">embryonic structures</span>
    </annotation>
    <annotation annotator="Michael Bada" id="UBERON_Instance_571882" type="identity">
      <class id="UBERON:0004716" label="conceptus"/>
      <span end="16738" id="16628246-17878" start="16727">conceptuses</span>
    </annotation>
    <annotation annotator="Michael Bada" id="UBERON_Instance_571232" type="identity">
      <class id="UBERON:0000305" label="amnion"/>
      <span end="16774" id="16628246-17590" start="16768">amnion</span>
    </annotation>
    <annotation annotator="Michael Bada" id="UBERON_Instance_571234" type="identity">
      <class id="UBERON:0003124" label="chorion"/>
      <span end="16786" id="16628246-17592" start="16779">chorion</span>
    </annotation>
    <annotation annotator="Michael Bada" id="UBERON_Instance_571236" type="identity">
      <class id="UBERON:0000301" label="amniotic cavity"/>
      <span end="16824" id="16628246-17594" start="16816">amniotic</span>
      <span end="16865" id="16628246-17595" start="16857">cavities</span>
    </annotation>
    <annotation annotator="Michael Bada" id="UBERON_Instance_571238" type="identity">
      <class id="UBERON:0003888" label="extraembryonic coelom"/>
      <span end="16837" id="16628246-17597" start="16826">exocoelomic</span>
      <span end="16865" id="16628246-17598" start="16857">cavities</span>
    </annotation>
    <annotation annotator="Michael Bada" id="UBERON_Instance_570772" type="identity">
      <class id="UBERON:0008851" label="ectoplacental cavity"/>
      <span end="16865" id="16628246-17480" start="16843">ectoplacental cavities</span>
    </annotation>
    <annotation annotator="Michael Bada" id="UBERON_Instance_570472" type="identity">
      <class id="UBERON:0000922" label="embryo"/>
      <span end="16915" id="16628246-17202" start="16906">embryonic</span>
    </annotation>
    <annotation annotator="Michael Bada" id="UBERON_Instance_570876" type="identity">
      <class id="UBERON:0000923" label="germ layer"/>
      <span end="16927" id="16628246-17528" start="16916">germ layers</span>
    </annotation>
    <annotation annotator="Michael Bada" id="UBERON_Instance_570474" type="identity">
      <class id="UBERON:0000922" label="embryo"/>
      <span end="16963" id="16628246-17204" start="16956">embryos</span>
    </annotation>
    <annotation annotator="Michael Bada" id="UBERON_Instance_571240" type="identity">
      <class id="UBERON:0002450" label="decidua"/>
      <span end="16995" id="16628246-17600" start="16987">deciduas</span>
    </annotation>
    <annotation annotator="Michael Bada" id="UBERON_Instance_571242" type="identity">
      <class id="UBERON:0004716" label="conceptus"/>
      <span end="17048" id="16628246-17602" start="17037">conceptuses</span>
    </annotation>
    <annotation annotator="Michael Bada" id="UBERON_Instance_571244" type="identity">
      <class id="UBERON:0001040" label="yolk sac"/>
      <span end="17103" id="16628246-17604" start="17095">yolk sac</span>
    </annotation>
    <annotation annotator="Michael Bada" id="UBERON_Instance_570476" type="identity">
      <class id="UBERON:0000922" label="embryo"/>
      <span end="17210" id="16628246-17206" start="17204">embryo</span>
    </annotation>
    <annotation annotator="Michael Bada" id="UBERON_Instance_580008" type="identity">
      <class id="UBERON:0004716" label="conceptus"/>
      <span end="17241" id="16628246-17906" start="17230">conceptuses</span>
    </annotation>
    <annotation annotator="Michael Bada" id="UBERON_Instance_570354" type="identity">
      <class id="UBERON:0009746" label="head fold of embryonic disc"/>
      <span end="17296" id="16628246-17170" start="17287">head fold</span>
    </annotation>
    <annotation annotator="Michael Bada" id="UBERON_Instance_571246" type="identity">
      <class id="UBERON:0000926" label="mesoderm"/>
      <span end="17353" id="16628246-17606" start="17345">mesoderm</span>
    </annotation>
    <annotation annotator="Michael Bada" id="UBERON_Instance_570960" type="identity">
      <class id="UBERON:0004341" label="primitive streak"/>
      <span end="17416" id="16628246-17556" start="17400">primitive streak</span>
    </annotation>
    <annotation annotator="Michael Bada" id="UBERON_Instance_571248" type="identity">
      <class id="UBERON:0002328" label="notochord"/>
      <span end="17439" id="16628246-17608" start="17430">notochord</span>
    </annotation>
    <annotation annotator="Michael Bada" id="UBERON_Instance_570478" type="identity">
      <class id="UBERON:0000922" label="embryo"/>
      <span end="17530" id="16628246-17208" start="17523">embryos</span>
    </annotation>
    <annotation annotator="Michael Bada" id="UBERON_Instance_570480" type="identity">
      <class id="UBERON:0000922" label="embryo"/>
      <span end="17612" id="16628246-17210" start="17605">embryos</span>
    </annotation>
    <annotation annotator="Michael Bada" id="UBERON_Instance_570482" type="identity">
      <class id="UBERON:0000922" label="embryo"/>
      <span end="17707" id="16628246-17212" start="17700">embryos</span>
    </annotation>
    <annotation annotator="Michael Bada" id="UBERON_Instance_570484" type="identity">
      <class id="UBERON:0000922" label="embryo"/>
      <span end="17841" id="16628246-17214" start="17834">embryos</span>
    </annotation>
    <annotation annotator="Michael Bada" id="UBERON_Instance_570486" type="identity">
      <class id="UBERON:0000922" label="embryo"/>
      <span end="17862" id="16628246-17216" start="17855">embryos</span>
    </annotation>
    <annotation annotator="Michael Bada" id="UBERON_Instance_570488" type="identity">
      <class id="UBERON:0000922" label="embryo"/>
      <span end="18085" id="16628246-17218" start="18078">embryos</span>
    </annotation>
    <annotation annotator="Michael Bada" id="UBERON_Instance_570490" type="identity">
      <class id="UBERON:0000922" label="embryo"/>
      <span end="18301" id="16628246-17220" start="18294">embryos</span>
    </annotation>
    <annotation annotator="Michael Bada" id="UBERON_Instance_570492" type="identity">
      <class id="UBERON:0000922" label="embryo"/>
      <span end="18406" id="16628246-17222" start="18400">embryo</span>
    </annotation>
    <annotation annotator="Michael Bada" id="UBERON_Instance_570494" type="identity">
      <class id="UBERON:0000922" label="embryo"/>
      <span end="18548" id="16628246-17224" start="18541">embryos</span>
    </annotation>
    <annotation annotator="Michael Bada" id="UBERON_Instance_570496" type="identity">
      <class id="UBERON:0000922" label="embryo"/>
      <span end="18610" id="16628246-17226" start="18603">embryos</span>
    </annotation>
    <annotation annotator="Michael Bada" id="UBERON_Instance_570498" type="identity">
      <class id="UBERON:0000922" label="embryo"/>
      <span end="18748" id="16628246-17228" start="18741">embryos</span>
    </annotation>
    <annotation annotator="Michael Bada" id="UBERON_Instance_570500" type="identity">
      <class id="UBERON:0000922" label="embryo"/>
      <span end="18986" id="16628246-17230" start="18979">embryos</span>
    </annotation>
    <annotation annotator="Michael Bada" id="UBERON_Instance_570502" type="identity">
      <class id="UBERON:0000922" label="embryo"/>
      <span end="19170" id="16628246-17232" start="19163">embryos</span>
    </annotation>
    <annotation annotator="Michael Bada" id="UBERON_Instance_571250" type="identity">
      <class id="UBERON:0000088" label="trophoblast"/>
      <span end="19348" id="16628246-17610" start="19337">trophoblast</span>
    </annotation>
    <annotation annotator="Michael Bada" id="UBERON_Instance_571252" type="identity">
      <class id="UBERON:0004345" label="trophectoderm"/>
      <span end="19376" id="16628246-17612" start="19363">Trophectoderm</span>
    </annotation>
    <annotation annotator="Michael Bada" id="UBERON_Instance_570504" type="identity">
      <class id="UBERON:0000922" label="embryo"/>
      <span end="19404" id="16628246-17234" start="19397">Embryos</span>
    </annotation>
    <annotation annotator="Michael Bada" id="UBERON_Instance_570506" type="identity">
      <class id="UBERON:0000922" label="embryo"/>
      <span end="19448" id="16628246-17236" start="19441">embryos</span>
    </annotation>
    <annotation annotator="Michael Bada" id="UBERON_Instance_570508" type="identity">
      <class id="UBERON:0000922" label="embryo"/>
      <span end="19541" id="16628246-17238" start="19535">embryo</span>
    </annotation>
    <annotation annotator="Michael Bada" id="UBERON_Instance_570510" type="identity">
      <class id="UBERON:0005292" label="extraembryonic tissue"/>
      <span end="19576" id="16628246-17240" start="19554">extraembryonic tissues</span>
    </annotation>
    <annotation annotator="Michael Bada" id="UBERON_Instance_571254" type="identity">
      <class id="UBERON:0004716" label="conceptus"/>
      <span end="19600" id="16628246-17614" start="19589">conceptuses</span>
    </annotation>
    <annotation annotator="Michael Bada" id="UBERON_Instance_570512" type="identity">
      <class id="UBERON:0000922" label="embryo"/>
      <span end="19643" id="16628246-17242" start="19636">embryos</span>
    </annotation>
    <annotation annotator="Michael Bada" id="UBERON_Instance_571256" type="identity">
      <class id="UBERON:0002450" label="decidua"/>
      <span end="19670" id="16628246-17616" start="19662">deciduas</span>
    </annotation>
    <annotation annotator="Michael Bada" id="UBERON_Instance_571258" type="identity">
      <class id="UBERON:0004345" label="trophectoderm"/>
      <span end="19707" id="16628246-17618" start="19688">trophectoderm layer</span>
    </annotation>
    <annotation annotator="Michael Bada" id="UBERON_Instance_570514" type="identity">
      <class id="UBERON:0000922" label="embryo"/>
      <span end="19757" id="16628246-17244" start="19750">embryos</span>
    </annotation>
    <annotation annotator="Michael Bada" id="UBERON_Instance_570774" type="identity">
      <class id="UBERON:0004364" label="ectoplacental cone"/>
      <span end="19830" id="16628246-17482" start="19812">ectoplacental cone</span>
    </annotation>
    <annotation annotator="Michael Bada" id="UBERON_Instance_571260" type="identity">
      <class id="UBERON:0002450" label="decidua"/>
      <span end="19899" id="16628246-17620" start="19891">deciduas</span>
    </annotation>
    <annotation annotator="Michael Bada" id="UBERON_Instance_570516" type="identity">
      <class id="UBERON:0000922" label="embryo"/>
      <span end="19950" id="16628246-17246" start="19943">embryos</span>
    </annotation>
    <annotation annotator="Michael Bada" id="UBERON_Instance_570776" type="identity">
      <class id="UBERON:0001987" label="placenta"/>
      <span end="20014" id="16628246-17484" start="20005">placental</span>
    </annotation>
    <annotation annotator="Michael Bada" id="UBERON_Instance_570904" type="identity">
      <class id="UBERON:0002450" label="decidua"/>
      <span end="20138" id="16628246-17532" start="20130">decidual</span>
    </annotation>
    <annotation annotator="Michael Bada" id="UBERON_Instance_570902" type="identity">
      <class id="UBERON:0000060" label="anatomical wall"/>
      <span end="20143" id="16628246-17530" start="20139">wall</span>
    </annotation>
    <annotation annotator="Michael Bada" id="UBERON_Instance_570518" type="identity">
      <class id="UBERON:0000922" label="embryo"/>
      <span end="20171" id="16628246-17248" start="20165">embryo</span>
    </annotation>
    <annotation annotator="Michael Bada" id="UBERON_Instance_571262" type="identity">
      <class id="UBERON:0000088" label="trophoblast"/>
      <span end="20218" id="16628246-17622" start="20207">trophoblast</span>
    </annotation>
    <annotation annotator="Michael Bada" id="UBERON_Instance_571884" type="identity">
      <class id="UBERON:0002450" label="decidua"/>
      <span end="20348" id="16628246-17880" start="20340">decidual</span>
    </annotation>
    <annotation annotator="Michael Bada" id="UBERON_Instance_570520" type="identity">
      <class id="UBERON:0000922" label="embryo"/>
      <span end="20395" id="16628246-17250" start="20388">embryos</span>
    </annotation>
    <annotation annotator="Michael Bada" id="UBERON_Instance_570522" type="identity">
      <class id="UBERON:0000922" label="embryo"/>
      <span end="20572" id="16628246-17252" start="20565">embryos</span>
    </annotation>
    <annotation annotator="Michael Bada" id="UBERON_Instance_571264" type="identity">
      <class id="UBERON:0002450" label="decidua"/>
      <span end="20584" id="16628246-17624" start="20576">deciduas</span>
    </annotation>
    <annotation annotator="Michael Bada" id="UBERON_Instance_570524" type="identity">
      <class id="UBERON:0000922" label="embryo"/>
      <span end="20782" id="16628246-17254" start="20775">embryos</span>
    </annotation>
    <annotation annotator="Michael Bada" id="UBERON_Instance_571266" type="identity">
      <class id="UBERON:0000088" label="trophoblast"/>
      <span end="20835" id="16628246-17626" start="20824">trophoblast</span>
    </annotation>
    <annotation annotator="Michael Bada" id="UBERON_Instance_570778" type="identity">
      <class id="UBERON:0004364" label="ectoplacental cone"/>
      <span end="20951" id="16628246-17486" start="20933">ectoplacental cone</span>
    </annotation>
    <annotation annotator="Michael Bada" id="UBERON_Instance_571886" type="identity">
      <class id="UBERON:0006280" label="polar trophectoderm"/>
      <span end="21003" id="16628246-17882" start="20984">polar trophectoderm</span>
    </annotation>
    <annotation annotator="Michael Bada" id="UBERON_Instance_570948" type="identity">
      <class id="UBERON:0000087" label="inner cell mass"/>
      <span end="21033" id="16628246-17546" start="21018">inner cell mass</span>
    </annotation>
    <annotation annotator="Michael Bada" id="UBERON_Instance_571270" type="identity">
      <class id="UBERON:0000358" label="blastocyst"/>
      <span end="21051" id="16628246-17628" start="21041">blastocyst</span>
    </annotation>
    <annotation annotator="Michael Bada" id="UBERON_Instance_571888" type="identity">
      <class id="UBERON:0006265" label="mural trophectoderm"/>
      <span end="21159" id="16628246-17884" start="21140">mural trophectoderm</span>
    </annotation>
    <annotation annotator="Michael Bada" id="UBERON_Instance_571272" type="identity">
      <class id="UBERON:0000358" label="blastocyst"/>
      <span end="21177" id="16628246-17630" start="21167">blastocyst</span>
    </annotation>
    <annotation annotator="Michael Bada" id="UBERON_Instance_571274" type="identity">
      <class id="UBERON:0000358" label="blastocyst"/>
      <span end="21191" id="16628246-17632" start="21180">blastocysts</span>
    </annotation>
    <annotation annotator="Michael Bada" id="UBERON_Instance_571278" type="identity">
      <class id="UBERON:0000088" label="trophoblast"/>
      <span end="21387" id="16628246-17634" start="21376">trophoblast</span>
    </annotation>
    <annotation annotator="Michael Bada" id="UBERON_Instance_571280" type="identity">
      <class id="UBERON:0000358" label="blastocyst"/>
      <span end="21421" id="16628246-17636" start="21411">blastocyst</span>
    </annotation>
    <annotation annotator="Michael Bada" id="UBERON_Instance_571282" type="identity">
      <class id="UBERON:0000088" label="trophoblast"/>
      <span end="21480" id="16628246-17638" start="21469">trophoblast</span>
    </annotation>
    <annotation annotator="Michael Bada" id="UBERON_Instance_571284" type="identity">
      <class id="UBERON:0000358" label="blastocyst"/>
      <span end="21539" id="16628246-17640" start="21529">blastocyst</span>
    </annotation>
    <annotation annotator="Michael Bada" id="UBERON_Instance_571286" type="identity">
      <class id="UBERON:0000358" label="blastocyst"/>
      <span end="21580" id="16628246-17642" start="21569">blastocysts</span>
    </annotation>
    <annotation annotator="Michael Bada" id="UBERON_Instance_571288" type="identity">
      <class id="UBERON:0000086" label="zona pellucida"/>
      <span end="21612" id="16628246-17644" start="21598">zona pellucida</span>
    </annotation>
    <annotation annotator="Michael Bada" id="UBERON_Instance_571290" type="identity">
      <class id="UBERON:0000088" label="trophoblast"/>
      <span end="21641" id="16628246-17646" start="21630">trophoblast</span>
    </annotation>
    <annotation annotator="Michael Bada" id="UBERON_Instance_570950" type="identity">
      <class id="UBERON:0000087" label="inner cell mass"/>
      <span end="21686" id="16628246-17548" start="21671">inner cell mass</span>
    </annotation>
    <annotation annotator="Michael Bada" id="UBERON_Instance_571292" type="identity">
      <class id="UBERON:0000088" label="trophoblast"/>
      <span end="21800" id="16628246-17648" start="21789">trophoblast</span>
    </annotation>
    <annotation annotator="Michael Bada" id="UBERON_Instance_571294" type="identity">
      <class id="UBERON:0000358" label="blastocyst"/>
      <span end="21859" id="16628246-17650" start="21848">blastocysts</span>
    </annotation>
    <annotation annotator="Michael Bada" id="UBERON_Instance_571296" type="identity">
      <class id="UBERON:0000358" label="blastocyst"/>
      <span end="21895" id="16628246-17652" start="21884">blastocysts</span>
    </annotation>
    <annotation annotator="Michael Bada" id="UBERON_Instance_580010" type="identity">
      <class id="UBERON:0004716" label="conceptus"/>
      <span end="22160" id="16628246-17908" start="22149">conceptuses</span>
    </annotation>
    <annotation annotator="Michael Bada" id="UBERON_Instance_571298" type="identity">
      <class id="UBERON:0000088" label="trophoblast"/>
      <span end="22325" id="16628246-17654" start="22314">trophoblast</span>
    </annotation>
    <annotation annotator="Michael Bada" id="UBERON_Instance_570526" type="identity">
      <class id="UBERON:0000922" label="embryo"/>
      <span end="22409" id="16628246-17256" start="22403">embryo</span>
    </annotation>
    <annotation annotator="Michael Bada" id="UBERON_Instance_580012" type="identity">
      <class id="UBERON:0004716" label="conceptus"/>
      <span end="22438" id="16628246-17910" start="22427">conceptuses</span>
    </annotation>
    <annotation annotator="Michael Bada" id="UBERON_Instance_571300" type="identity">
      <class id="UBERON:0000088" label="trophoblast"/>
      <span end="22600" id="16628246-17656" start="22589">trophoblast</span>
    </annotation>
    <annotation annotator="Michael Bada" id="UBERON_Instance_570528" type="identity">
      <class id="UBERON:0005292" label="extraembryonic tissue"/>
      <span end="22705" id="16628246-17258" start="22683">Extraembryonic Tissues</span>
    </annotation>
    <annotation annotator="Michael Bada" id="UBERON_Instance_570530" type="identity">
      <class id="UBERON:0000922" label="embryo"/>
      <span end="23055" id="16628246-17260" start="23048">embryos</span>
    </annotation>
    <annotation annotator="Michael Bada" id="UBERON_Instance_570762" type="identity">
      <class id="UBERON:0007023" label="adult organism"/>
      <span end="23086" id="16628246-17474" start="23081">adult</span>
    </annotation>
    <annotation annotator="Michael Bada" id="UBERON_Instance_570532" type="identity">
      <class id="UBERON:0000922" label="embryo"/>
      <span end="23257" id="16628246-17262" start="23250">embryos</span>
    </annotation>
    <annotation annotator="Michael Bada" id="UBERON_Instance_571302" type="identity">
      <class id="UBERON:0004345" label="trophectoderm"/>
      <span end="23466" id="16628246-17658" start="23453">trophectoderm</span>
    </annotation>
    <annotation annotator="Michael Bada" id="UBERON_Instance_571304" type="identity">
      <class id="UBERON:0008776" label="inner cell mass derived hypoblast"/>
      <span end="23489" id="16628246-17660" start="23471">primitive endoderm</span>
    </annotation>
    <annotation annotator="Michael Bada" id="UBERON_Instance_570534" type="identity">
      <class id="UBERON:0005292" label="extraembryonic tissue"/>
      <span end="23543" id="16628246-17264" start="23521">extraembryonic tissues</span>
    </annotation>
    <annotation annotator="Michael Bada" id="UBERON_Instance_571306" type="identity">
      <class id="UBERON:0000479" label="tissue"/>
      <span end="23634" id="16628246-17662" start="23627">tissues</span>
    </annotation>
    <annotation annotator="Michael Bada" id="UBERON_Instance_570536" type="identity">
      <class id="UBERON:0000922" label="embryo"/>
      <span end="23648" id="16628246-17266" start="23642">embryo</span>
    </annotation>
    <annotation annotator="Michael Bada" id="UBERON_Instance_570952" type="identity">
      <class id="UBERON:0000087" label="inner cell mass"/>
      <span end="23689" id="16628246-17550" start="23674">inner cell mass</span>
    </annotation>
    <annotation annotator="Michael Bada" id="UBERON_Instance_571308" type="identity">
      <class id="UBERON:0000358" label="blastocyst"/>
      <span end="23707" id="16628246-17664" start="23697">blastocyst</span>
    </annotation>
    <annotation annotator="Michael Bada" id="UBERON_Instance_570728" type="identity">
      <class id="UBERON:0000922" label="embryo"/>
      <span end="23767" id="16628246-17448" start="23758">embryonic</span>
    </annotation>
    <annotation annotator="Michael Bada" id="UBERON_Instance_570538" type="identity">
      <class id="UBERON:0005292" label="extraembryonic tissue"/>
      <span end="24034" id="16628246-17268" start="24012">extraembryonic tissues</span>
    </annotation>
    <annotation annotator="Michael Bada" id="UBERON_Instance_570730" type="identity">
      <class id="UBERON:0000922" label="embryo"/>
      <span end="24120" id="16628246-17450" start="24111">embryonic</span>
    </annotation>
    <annotation annotator="Michael Bada" id="UBERON_Instance_570732" type="identity">
      <class id="UBERON:0000922" label="embryo"/>
      <span end="24297" id="16628246-17452" start="24288">embryonic</span>
    </annotation>
    <annotation annotator="Michael Bada" id="UBERON_Instance_570540" type="identity">
      <class id="UBERON:0000922" label="embryo"/>
      <span end="24351" id="16628246-17270" start="24344">embryos</span>
    </annotation>
    <annotation annotator="Michael Bada" id="UBERON_Instance_570542" type="identity">
      <class id="UBERON:0000922" label="embryo"/>
      <span end="24692" id="16628246-17272" start="24685">Embryos</span>
    </annotation>
    <annotation annotator="Michael Bada" id="UBERON_Instance_571310" type="identity">
      <class id="UBERON:0002450" label="decidua"/>
      <span end="24725" id="16628246-17666" start="24717">deciduas</span>
    </annotation>
    <annotation annotator="Michael Bada" id="UBERON_Instance_570544" type="identity">
      <class id="UBERON:0000922" label="embryo"/>
      <span end="24849" id="16628246-17274" start="24843">embryo</span>
    </annotation>
    <annotation annotator="Michael Bada" id="UBERON_Instance_571312" type="identity">
      <class id="UBERON:0002532" label="epiblast (generic)"/>
      <span end="24955" id="16628246-17668" start="24947">epiblast</span>
    </annotation>
    <annotation annotator="Michael Bada" id="UBERON_Instance_570546" type="identity">
      <class id="UBERON:0000922" label="embryo"/>
      <span end="24963" id="16628246-17276" start="24957">embryo</span>
    </annotation>
    <annotation annotator="Michael Bada" id="UBERON_Instance_570548" type="identity">
      <class id="UBERON:0000922" label="embryo"/>
      <span end="25007" id="16628246-17278" start="25000">embryos</span>
    </annotation>
    <annotation annotator="Michael Bada" id="UBERON_Instance_571314" type="identity">
      <class id="UBERON:0002532" label="epiblast (generic)"/>
      <span end="25046" id="16628246-17670" start="25038">epiblast</span>
    </annotation>
    <annotation annotator="Michael Bada" id="UBERON_Instance_570550" type="identity">
      <class id="UBERON:0000922" label="embryo"/>
      <span end="25079" id="16628246-17280" start="25072">embryos</span>
    </annotation>
    <annotation annotator="Michael Bada" id="UBERON_Instance_571316" type="identity">
      <class id="UBERON:0002532" label="epiblast (generic)"/>
      <span end="25374" id="16628246-17672" start="25366">epiblast</span>
    </annotation>
    <annotation annotator="Michael Bada" id="UBERON_Instance_570552" type="identity">
      <class id="UBERON:0005292" label="extraembryonic tissue"/>
      <span end="25462" id="16628246-17282" start="25440">extraembryonic tissues</span>
    </annotation>
    <annotation annotator="Michael Bada" id="UBERON_Instance_570734" type="identity">
      <class id="UBERON:0000922" label="embryo"/>
      <span end="25513" id="16628246-17454" start="25504">embryonic</span>
    </annotation>
    <annotation annotator="Michael Bada" id="UBERON_Instance_571318" type="identity">
      <class id="UBERON:0003374" label="chorionic ectoderm"/>
      <span end="25540" id="16628246-17674" start="25522">chorionic ectoderm</span>
    </annotation>
    <annotation annotator="Michael Bada" id="UBERON_Instance_571320" type="identity">
      <class id="UBERON:0003374" label="chorionic ectoderm"/>
      <span end="25633" id="16628246-17676" start="25615">chorionic ectoderm</span>
    </annotation>
    <annotation annotator="Michael Bada" id="UBERON_Instance_580018" type="identity">
      <class id="UBERON:0000478" label="extraembryonic structure"/>
      <span end="25711" id="16628246-17914" start="25686">extraembryonic structures</span>
    </annotation>
    <annotation annotator="Michael Bada" id="UBERON_Instance_571322" type="identity">
      <class id="UBERON:0003374" label="chorionic ectoderm"/>
      <span end="25846" id="16628246-17678" start="25828">chorionic ectoderm</span>
    </annotation>
    <annotation annotator="Michael Bada" id="UBERON_Instance_571890" type="identity">
      <class id="UBERON:0002532" label="epiblast (generic)"/>
      <span end="25962" id="16628246-17886" start="25954">epiblast</span>
    </annotation>
    <annotation annotator="Michael Bada" id="UBERON_Instance_570738" type="identity">
      <class id="UBERON:0000922" label="embryo"/>
      <span end="26080" id="16628246-17456" start="26071">embryonic</span>
    </annotation>
    <annotation annotator="Michael Bada" id="UBERON_Instance_570554" type="identity">
      <class id="UBERON:0014374" label="embryoid body"/>
      <span end="26317" id="16628246-17284" start="26302">embryoid bodies</span>
    </annotation>
    <annotation annotator="Michael Bada" id="UBERON_Instance_570556" type="identity">
      <class id="UBERON:0000922" label="embryo"/>
      <span end="26355" id="16628246-17286" start="26348">embryos</span>
    </annotation>
    <annotation annotator="Michael Bada" id="UBERON_Instance_570558" type="identity">
      <class id="UBERON:0000922" label="embryo"/>
      <span end="26969" id="16628246-17288" start="26962">embryos</span>
    </annotation>
    <annotation annotator="Michael Bada" id="UBERON_Instance_570560" type="identity">
      <class id="UBERON:0000922" label="embryo"/>
      <span end="27117" id="16628246-17290" start="27108">embryonic</span>
    </annotation>
    <annotation annotator="Michael Bada" id="UBERON_Instance_571324" type="identity">
      <class id="UBERON:0001851" label="cortex"/>
      <span end="27124" id="16628246-17680" start="27118">cortex</span>
    </annotation>
    <annotation annotator="Michael Bada" id="UBERON_Instance_570008" type="identity">
      <class id="UBERON:0001890" label="forebrain"/>
      <span end="27218" id="16628246-17164" start="27209">forebrain</span>
    </annotation>
    <annotation annotator="Michael Bada" id="UBERON_Instance_570010" type="identity">
      <class id="UBERON:0001890" label="forebrain"/>
      <span end="27836" id="16628246-17166" start="27827">forebrain</span>
    </annotation>
    <annotation annotator="Michael Bada" id="UBERON_Instance_571326" type="identity">
      <class id="UBERON:0000088" label="trophoblast"/>
      <span end="27973" id="16628246-17682" start="27962">Trophoblast</span>
    </annotation>
    <annotation annotator="Michael Bada" id="UBERON_Instance_570562" type="identity">
      <class id="UBERON:0000922" label="embryo"/>
      <span end="28033" id="16628246-17292" start="28026">embryos</span>
    </annotation>
    <annotation annotator="Michael Bada" id="UBERON_Instance_570564" type="identity">
      <class id="UBERON:0000922" label="embryo"/>
      <span end="28087" id="16628246-17294" start="28080">embryos</span>
    </annotation>
    <annotation annotator="Michael Bada" id="UBERON_Instance_570566" type="identity">
      <class id="UBERON:0000922" label="embryo"/>
      <span end="28187" id="16628246-17296" start="28178">embryonic</span>
    </annotation>
    <annotation annotator="Michael Bada" id="UBERON_Instance_571328" type="identity">
      <class id="UBERON:0004716" label="conceptus"/>
      <span end="28216" id="16628246-17684" start="28207">conceptus</span>
    </annotation>
    <annotation annotator="Michael Bada" id="UBERON_Instance_570568" type="identity">
      <class id="UBERON:0000922" label="embryo"/>
      <span end="28270" id="16628246-17298" start="28263">embryos</span>
    </annotation>
    <annotation annotator="Michael Bada" id="UBERON_Instance_571330" type="identity">
      <class id="UBERON:0000088" label="trophoblast"/>
      <span end="28326" id="16628246-17686" start="28315">trophoblast</span>
    </annotation>
    <annotation annotator="Michael Bada" id="UBERON_Instance_571332" type="identity">
      <class id="UBERON:0004716" label="conceptus"/>
      <span end="28401" id="16628246-17688" start="28392">conceptus</span>
    </annotation>
    <annotation annotator="Michael Bada" id="UBERON_Instance_570780" type="identity">
      <class id="UBERON:0004364" label="ectoplacental cone"/>
      <span end="28455" id="16628246-17488" start="28437">ectoplacental cone</span>
    </annotation>
    <annotation annotator="Michael Bada" id="UBERON_Instance_571334" type="identity">
      <class id="UBERON:0000483" label="epithelium"/>
      <span end="28596" id="16628246-17690" start="28586">epithelial</span>
    </annotation>
    <annotation annotator="Michael Bada" id="UBERON_Instance_570782" type="identity">
      <class id="UBERON:0001987" label="placenta"/>
      <span end="28635" id="16628246-17490" start="28627">placenta</span>
    </annotation>
    <annotation annotator="Michael Bada" id="UBERON_Instance_571336" type="identity">
      <class id="UBERON:0002450" label="decidua"/>
      <span end="28692" id="16628246-17692" start="28685">decidua</span>
    </annotation>
    <annotation annotator="Michael Bada" id="UBERON_Instance_571338" type="identity">
      <class id="UBERON:0000995" label="uterus"/>
      <span end="28786" id="16628246-17694" start="28779">uterine</span>
    </annotation>
    <annotation annotator="Michael Bada" id="UBERON_Instance_571340" type="identity">
      <class id="UBERON:0000479" label="tissue"/>
      <span end="28793" id="16628246-17696" start="28787">tissue</span>
    </annotation>
    <annotation annotator="Michael Bada" id="UBERON_Instance_571342" type="identity">
      <class id="UBERON:0002450" label="decidua"/>
      <span end="28852" id="16628246-17698" start="28845">decidua</span>
    </annotation>
    <annotation annotator="Michael Bada" id="UBERON_Instance_570570" type="identity">
      <class id="UBERON:0000922" label="embryo"/>
      <span end="28966" id="16628246-17300" start="28959">embryos</span>
    </annotation>
    <annotation annotator="Michael Bada" id="UBERON_Instance_570572" type="identity">
      <class id="UBERON:0000922" label="embryo"/>
      <span end="29093" id="16628246-17302" start="29084">Embryonic</span>
    </annotation>
    <annotation annotator="Michael Bada" id="UBERON_Instance_571344" type="identity">
      <class id="UBERON:0000088" label="trophoblast"/>
      <span end="29292" id="16628246-17700" start="29281">trophoblast</span>
    </annotation>
    <annotation annotator="Michael Bada" id="UBERON_Instance_571346" type="identity">
      <class id="UBERON:0000088" label="trophoblast"/>
      <span end="29379" id="16628246-17702" start="29368">trophoblast</span>
    </annotation>
    <annotation annotator="Michael Bada" id="UBERON_Instance_571350" type="identity">
      <class id="UBERON:0004345" label="trophectoderm"/>
      <span end="30383" id="16628246-17704" start="30370">trophectoderm</span>
    </annotation>
    <annotation annotator="Michael Bada" id="UBERON_Instance_570574" type="identity">
      <class id="UBERON:0000922" label="embryo"/>
      <span end="30448" id="16628246-17304" start="30441">embryos</span>
    </annotation>
    <annotation annotator="Michael Bada" id="UBERON_Instance_571352" type="identity">
      <class id="UBERON:0000479" label="tissue"/>
      <span end="30541" id="16628246-17706" start="30534">tissues</span>
    </annotation>
    <annotation annotator="Michael Bada" id="UBERON_Instance_570576" type="identity">
      <class id="UBERON:0000922" label="embryo"/>
      <span end="30555" id="16628246-17306" start="30549">embryo</span>
    </annotation>
    <annotation annotator="Michael Bada" id="UBERON_Instance_570578" type="identity">
      <class id="UBERON:0000922" label="embryo"/>
      <span end="30649" id="16628246-17308" start="30643">embryo</span>
    </annotation>
    <annotation annotator="Michael Bada" id="UBERON_Instance_571354" type="identity">
      <class id="UBERON:0000479" label="tissue"/>
      <span end="30773" id="16628246-17708" start="30766">tissues</span>
    </annotation>
    <annotation annotator="Michael Bada" id="UBERON_Instance_570580" type="identity">
      <class id="UBERON:0000922" label="embryo"/>
      <span end="30834" id="16628246-17310" start="30827">embryos</span>
    </annotation>
    <annotation annotator="Michael Bada" id="UBERON_Instance_570582" type="identity">
      <class id="UBERON:0005292" label="extraembryonic tissue"/>
      <span end="30884" id="16628246-17312" start="30862">extraembryonic tissues</span>
    </annotation>
    <annotation annotator="Michael Bada" id="UBERON_Instance_571356" type="identity">
      <class id="UBERON:0000479" label="tissue"/>
      <span end="31095" id="16628246-17710" start="31089">tissue</span>
    </annotation>
    <annotation annotator="Michael Bada" id="UBERON_Instance_570764" type="identity">
      <class id="UBERON:0007023" label="adult organism"/>
      <span end="31241" id="16628246-17476" start="31236">adult</span>
    </annotation>
    <annotation annotator="Michael Bada" id="UBERON_Instance_571358" type="identity">
      <class id="UBERON:0000479" label="tissue"/>
      <span end="31430" id="16628246-17712" start="31423">tissues</span>
    </annotation>
    <annotation annotator="Michael Bada" id="UBERON_Instance_571360" type="identity">
      <class id="UBERON:0000479" label="tissue"/>
      <span end="31468" id="16628246-17714" start="31461">tissues</span>
    </annotation>
    <annotation annotator="Michael Bada" id="UBERON_Instance_571362" type="identity">
      <class id="UBERON:0000088" label="trophoblast"/>
      <span end="31751" id="16628246-17716" start="31740">trophoblast</span>
    </annotation>
    <annotation annotator="Michael Bada" id="UBERON_Instance_570784" type="identity">
      <class id="UBERON:0001987" label="placenta"/>
      <span end="31764" id="16628246-17492" start="31755">placental</span>
    </annotation>
    <annotation annotator="Michael Bada" id="UBERON_Instance_571364" type="identity">
      <class id="UBERON:0000088" label="trophoblast"/>
      <span end="31895" id="16628246-17718" start="31884">trophoblast</span>
    </annotation>
    <annotation annotator="Michael Bada" id="UBERON_Instance_570584" type="identity">
      <class id="UBERON:0000922" label="embryo"/>
      <span end="31928" id="16628246-17314" start="31921">embryos</span>
    </annotation>
    <annotation annotator="Michael Bada" id="UBERON_Instance_570586" type="identity">
      <class id="UBERON:0000922" label="embryo"/>
      <span end="31958" id="16628246-17316" start="31951">embryos</span>
    </annotation>
    <annotation annotator="Michael Bada" id="UBERON_Instance_571366" type="identity">
      <class id="UBERON:0000088" label="trophoblast"/>
      <span end="32035" id="16628246-17720" start="32024">trophoblast</span>
    </annotation>
    <annotation annotator="Michael Bada" id="UBERON_Instance_570588" type="identity">
      <class id="UBERON:0000922" label="embryo"/>
      <span end="32144" id="16628246-17318" start="32137">embryos</span>
    </annotation>
    <annotation annotator="Michael Bada" id="UBERON_Instance_571368" type="identity">
      <class id="UBERON:0000358" label="blastocyst"/>
      <span end="32229" id="16628246-17722" start="32218">blastocysts</span>
    </annotation>
    <annotation annotator="Michael Bada" id="UBERON_Instance_571370" type="identity">
      <class id="UBERON:0000995" label="uterus"/>
      <span end="32253" id="16628246-17724" start="32247">uterus</span>
    </annotation>
    <annotation annotator="Michael Bada" id="UBERON_Instance_580020" type="identity">
      <class id="UBERON:0002050" label="embryonic structure"/>
      <span end="32325" id="16628246-17916" start="32316">embryonic</span>
      <span end="32354" id="16628246-17917" start="32344">structures</span>
    </annotation>
    <annotation annotator="Michael Bada" id="UBERON_Instance_580022" type="identity">
      <class id="UBERON:0000478" label="extraembryonic structure"/>
      <span end="32354" id="16628246-17919" start="32329">extraembryonic structures</span>
    </annotation>
    <annotation annotator="Michael Bada" id="UBERON_Instance_570592" type="identity">
      <class id="UBERON:0000922" label="embryo"/>
      <span end="32393" id="16628246-17320" start="32386">embryos</span>
    </annotation>
    <annotation annotator="Michael Bada" id="UBERON_Instance_580024" type="identity">
      <class id="UBERON:0002050" label="embryonic structure"/>
      <span end="32459" id="16628246-17921" start="32439">embryonic structures</span>
    </annotation>
    <annotation annotator="Michael Bada" id="UBERON_Instance_570596" type="identity">
      <class id="UBERON:0000922" label="embryo"/>
      <span end="32689" id="16628246-17322" start="32680">embryonic</span>
    </annotation>
    <annotation annotator="Michael Bada" id="UBERON_Instance_570598" type="identity">
      <class id="UBERON:0000922" label="embryo"/>
      <span end="32732" id="16628246-17324" start="32725">embryos</span>
    </annotation>
    <annotation annotator="Michael Bada" id="UBERON_Instance_570786" type="identity">
      <class id="UBERON:0004364" label="ectoplacental cone"/>
      <span end="32808" id="16628246-17494" start="32790">ectoplacental cone</span>
    </annotation>
    <annotation annotator="Michael Bada" id="UBERON_Instance_571372" type="identity">
      <class id="UBERON:0004716" label="conceptus"/>
      <span end="32907" id="16628246-17726" start="32896">conceptuses</span>
    </annotation>
    <annotation annotator="Michael Bada" id="UBERON_Instance_571374" type="identity">
      <class id="UBERON:0000088" label="trophoblast"/>
      <span end="33050" id="16628246-17728" start="33039">trophoblast</span>
    </annotation>
    <annotation annotator="Michael Bada" id="UBERON_Instance_571376" type="identity">
      <class id="UBERON:0000358" label="blastocyst"/>
      <span end="33078" id="16628246-17730" start="33067">blastocysts</span>
    </annotation>
    <annotation annotator="Michael Bada" id="UBERON_Instance_571378" type="identity">
      <class id="UBERON:0000088" label="trophoblast"/>
      <span end="33192" id="16628246-17732" start="33181">trophoblast</span>
    </annotation>
    <annotation annotator="Michael Bada" id="UBERON_Instance_570788" type="identity">
      <class id="UBERON:0004364" label="ectoplacental cone"/>
      <span end="33252" id="16628246-17496" start="33234">ectoplacental cone</span>
    </annotation>
    <annotation annotator="Michael Bada" id="UBERON_Instance_570006" type="identity">
      <class id="UBERON:0000955" label="brain"/>
      <span end="33668" id="16628246-17162" start="33663">brain</span>
    </annotation>
    <annotation annotator="Michael Bada" id="UBERON_Instance_571380" type="identity">
      <class id="UBERON:0000479" label="tissue"/>
      <span end="33899" id="16628246-17734" start="33892">tissues</span>
    </annotation>
    <annotation annotator="Michael Bada" id="UBERON_Instance_571382" type="identity">
      <class id="UBERON:0000479" label="tissue"/>
      <span end="34015" id="16628246-17736" start="34009">tissue</span>
    </annotation>
    <annotation annotator="Michael Bada" id="UBERON_Instance_570600" type="identity">
      <class id="UBERON:0005292" label="extraembryonic tissue"/>
      <span end="34347" id="16628246-17326" start="34325">Extraembryonic Tissues</span>
    </annotation>
    <annotation annotator="Michael Bada" id="UBERON_Instance_570602" type="identity">
      <class id="UBERON:0000922" label="embryo"/>
      <span end="34447" id="16628246-17328" start="34440">embryos</span>
    </annotation>
    <annotation annotator="Michael Bada" id="UBERON_Instance_570742" type="identity">
      <class id="UBERON:0000922" label="embryo"/>
      <span end="34610" id="16628246-17458" start="34601">embryonic</span>
    </annotation>
    <annotation annotator="Michael Bada" id="UBERON_Instance_571384" type="identity">
      <class id="UBERON:0000479" label="tissue"/>
      <span end="34647" id="16628246-17738" start="34640">tissues</span>
    </annotation>
    <annotation annotator="Michael Bada" id="UBERON_Instance_570604" type="identity">
      <class id="UBERON:0005292" label="extraembryonic tissue"/>
      <span end="34762" id="16628246-17330" start="34740">extraembryonic tissues</span>
    </annotation>
    <annotation annotator="Michael Bada" id="UBERON_Instance_570606" type="identity">
      <class id="UBERON:0005292" label="extraembryonic tissue"/>
      <span end="35047" id="16628246-17332" start="35025">extraembryonic tissues</span>
    </annotation>
    <annotation annotator="Michael Bada" id="UBERON_Instance_571386" type="identity">
      <class id="UBERON:0000088" label="trophoblast"/>
      <span end="35205" id="16628246-17740" start="35194">trophoblast</span>
    </annotation>
    <annotation annotator="Michael Bada" id="UBERON_Instance_570744" type="identity">
      <class id="UBERON:0000922" label="embryo"/>
      <span end="35431" id="16628246-17460" start="35422">embryonic</span>
    </annotation>
    <annotation annotator="Michael Bada" id="UBERON_Instance_570608" type="identity">
      <class id="UBERON:0000922" label="embryo"/>
      <span end="35589" id="16628246-17334" start="35580">embryonic</span>
    </annotation>
    <annotation annotator="Michael Bada" id="UBERON_Instance_570610" type="identity">
      <class id="UBERON:0000922" label="embryo"/>
      <span end="35620" id="16628246-17336" start="35613">embryos</span>
    </annotation>
    <annotation annotator="Michael Bada" id="UBERON_Instance_570746" type="identity">
      <class id="UBERON:0000922" label="embryo"/>
      <span end="35658" id="16628246-17462" start="35649">embryonic</span>
    </annotation>
    <annotation annotator="Michael Bada" id="UBERON_Instance_571388" type="identity">
      <class id="UBERON:0000479" label="tissue"/>
      <span end="35674" id="16628246-17742" start="35667">tissues</span>
    </annotation>
    <annotation annotator="Michael Bada" id="UBERON_Instance_570612" type="identity">
      <class id="UBERON:0005292" label="extraembryonic tissue"/>
      <span end="36029" id="16628246-17338" start="36007">extraembryonic tissues</span>
    </annotation>
    <annotation annotator="Michael Bada" id="UBERON_Instance_570614" type="identity">
      <class id="UBERON:0005292" label="extraembryonic tissue"/>
      <span end="36177" id="16628246-17340" start="36155">extraembryonic tissues</span>
    </annotation>
    <annotation annotator="Michael Bada" id="UBERON_Instance_570616" type="identity">
      <class id="UBERON:0005292" label="extraembryonic tissue"/>
      <span end="36440" id="16628246-17342" start="36418">extraembryonic tissues</span>
    </annotation>
    <annotation annotator="Michael Bada" id="UBERON_Instance_571390" type="identity">
      <class id="UBERON:0000088" label="trophoblast"/>
      <span end="36575" id="16628246-17744" start="36564">trophoblast</span>
    </annotation>
    <annotation annotator="Michael Bada" id="UBERON_Instance_570618" type="identity">
      <class id="UBERON:0005292" label="extraembryonic tissue"/>
      <span end="36697" id="16628246-17344" start="36675">extraembryonic tissues</span>
    </annotation>
    <annotation annotator="Michael Bada" id="UBERON_Instance_570620" type="identity">
      <class id="UBERON:0005292" label="extraembryonic tissue"/>
      <span end="37043" id="16628246-17346" start="37021">extraembryonic tissues</span>
    </annotation>
    <annotation annotator="Michael Bada" id="UBERON_Instance_570748" type="identity">
      <class id="UBERON:0000922" label="embryo"/>
      <span end="37500" id="16628246-17464" start="37491">embryonic</span>
    </annotation>
    <annotation annotator="Michael Bada" id="UBERON_Instance_570750" type="identity">
      <class id="UBERON:0000922" label="embryo"/>
      <span end="37576" id="16628246-17466" start="37567">embryonic</span>
    </annotation>
    <annotation annotator="Michael Bada" id="UBERON_Instance_570622" type="identity">
      <class id="UBERON:0000922" label="embryo"/>
      <span end="37764" id="16628246-17348" start="37757">embryos</span>
    </annotation>
    <annotation annotator="Michael Bada" id="UBERON_Instance_570752" type="identity">
      <class id="UBERON:0000922" label="embryo"/>
      <span end="37906" id="16628246-17468" start="37897">embryonic</span>
    </annotation>
    <annotation annotator="Michael Bada" id="UBERON_Instance_570624" type="identity">
      <class id="UBERON:0000922" label="embryo"/>
      <span end="38170" id="16628246-17350" start="38163">embryos</span>
    </annotation>
    <annotation annotator="Michael Bada" id="UBERON_Instance_570754" type="identity">
      <class id="UBERON:0000922" label="embryo"/>
      <span end="38325" id="16628246-17470" start="38316">embryonic</span>
    </annotation>
    <annotation annotator="Michael Bada" id="UBERON_Instance_570626" type="identity">
      <class id="UBERON:0000922" label="embryo"/>
      <span end="39139" id="16628246-17352" start="39130">embryonic</span>
    </annotation>
    <annotation annotator="Michael Bada" id="UBERON_Instance_571392" type="identity">
      <class id="UBERON:0000088" label="trophoblast"/>
      <span end="39214" id="16628246-17746" start="39203">trophoblast</span>
    </annotation>
    <annotation annotator="Michael Bada" id="UBERON_Instance_570012" type="identity">
      <class id="UBERON:0001890" label="forebrain"/>
      <span end="39704" id="16628246-17168" start="39695">forebrain</span>
    </annotation>
    <annotation annotator="Michael Bada" id="UBERON_Instance_571892" type="identity">
      <class id="UBERON:0000479" label="tissue"/>
      <span end="39877" id="16628246-17888" start="39870">tissues</span>
    </annotation>
    <annotation annotator="Michael Bada" id="UBERON_Instance_570628" type="identity">
      <class id="UBERON:0000922" label="embryo"/>
      <span end="39980" id="16628246-17354" start="39971">embryonic</span>
    </annotation>
    <annotation annotator="Michael Bada" id="UBERON_Instance_571394" type="identity">
      <class id="UBERON:0000088" label="trophoblast"/>
      <span end="40078" id="16628246-17748" start="40067">trophoblast</span>
    </annotation>
    <annotation annotator="Michael Bada" id="UBERON_Instance_570630" type="identity">
      <class id="UBERON:0005292" label="extraembryonic tissue"/>
      <span end="40181" id="16628246-17356" start="40159">extraembryonic tissues</span>
    </annotation>
    <annotation annotator="Michael Bada" id="UBERON_Instance_570632" type="identity">
      <class id="UBERON:0014374" label="embryoid body"/>
      <span end="41341" id="16628246-17358" start="41326">embryoid bodies</span>
    </annotation>
    <annotation annotator="Michael Bada" id="UBERON_Instance_570634" type="identity">
      <class id="UBERON:0014374" label="embryoid body"/>
      <span end="42635" id="16628246-17360" start="42620">embryoid bodies</span>
    </annotation>
    <annotation annotator="Michael Bada" id="UBERON_Instance_571396" type="identity">
      <class id="UBERON:0000358" label="blastocyst"/>
      <span end="43615" id="16628246-17750" start="43604">blastocysts</span>
    </annotation>
    <annotation annotator="Michael Bada" id="UBERON_Instance_570842" type="identity">
      <class id="UBERON:0002415" label="tail"/>
      <span end="43867" id="16628246-17526" start="43863">tail</span>
    </annotation>
    <annotation annotator="Michael Bada" id="UBERON_Instance_571398" type="identity">
      <class id="UBERON:0002450" label="decidua"/>
      <span end="44228" id="16628246-17752" start="44220">decidual</span>
    </annotation>
    <annotation annotator="Michael Bada" id="UBERON_Instance_571400" type="identity">
      <class id="UBERON:0000479" label="tissue"/>
      <span end="44279" id="16628246-17754" start="44273">tissue</span>
    </annotation>
    <annotation annotator="Michael Bada" id="UBERON_Instance_570636" type="identity">
      <class id="UBERON:0000922" label="embryo"/>
      <span end="44349" id="16628246-17362" start="44342">embryos</span>
    </annotation>
    <annotation annotator="Michael Bada" id="UBERON_Instance_570790" type="identity">
      <class id="UBERON:0001987" label="placenta"/>
      <span end="44789" id="16628246-17498" start="44780">Placental</span>
    </annotation>
    <annotation annotator="Michael Bada" id="UBERON_Instance_570638" type="identity">
      <class id="UBERON:0000922" label="embryo"/>
      <span end="45448" id="16628246-17364" start="45441">embryos</span>
    </annotation>
    <annotation annotator="Michael Bada" id="UBERON_Instance_570640" type="identity">
      <class id="UBERON:0005292" label="extraembryonic tissue"/>
      <span end="45505" id="16628246-17366" start="45483">extraembryonic tissues</span>
    </annotation>
    <annotation annotator="Michael Bada" id="UBERON_Instance_571894" type="identity">
      <class id="UBERON:0002450" label="decidua"/>
      <span end="45568" id="16628246-17890" start="45560">decidual</span>
    </annotation>
    <annotation annotator="Michael Bada" id="UBERON_Instance_570642" type="identity">
      <class id="UBERON:0000922" label="embryo"/>
      <span end="45606" id="16628246-17368" start="45599">embryos</span>
    </annotation>
    <annotation annotator="Michael Bada" id="UBERON_Instance_570792" type="identity">
      <class id="UBERON:0001987" label="placenta"/>
      <span end="45651" id="16628246-17500" start="45642">placental</span>
    </annotation>
    <annotation annotator="Michael Bada" id="UBERON_Instance_571402" type="identity">
      <class id="UBERON:0000358" label="blastocyst"/>
      <span end="45722" id="16628246-17756" start="45712">Blastocyst</span>
    </annotation>
    <annotation annotator="Michael Bada" id="UBERON_Instance_571404" type="identity">
      <class id="UBERON:0000358" label="blastocyst"/>
      <span end="45868" id="16628246-17758" start="45857">blastocysts</span>
    </annotation>
    <annotation annotator="Michael Bada" id="UBERON_Instance_571406" type="identity">
      <class id="UBERON:0002247" label="uterine horn"/>
      <span end="45900" id="16628246-17760" start="45887">uterine horns</span>
    </annotation>
    <annotation annotator="Michael Bada" id="UBERON_Instance_571408" type="identity">
      <class id="UBERON:0000358" label="blastocyst"/>
      <span end="45958" id="16628246-17762" start="45947">blastocysts</span>
    </annotation>
    <annotation annotator="Michael Bada" id="UBERON_Instance_571410" type="identity">
      <class id="UBERON:0000479" label="tissue"/>
      <span end="45992" id="16628246-17764" start="45986">tissue</span>
    </annotation>
    <annotation annotator="Michael Bada" id="UBERON_Instance_570644" type="identity">
      <class id="UBERON:0000922" label="embryo"/>
      <span end="48933" id="16628246-17370" start="48927">Embryo</span>
    </annotation>
    <annotation annotator="Michael Bada" id="UBERON_Instance_570646" type="identity">
      <class id="UBERON:0000922" label="embryo"/>
      <span end="49040" id="16628246-17372" start="49033">embryos</span>
    </annotation>
    <annotation annotator="Michael Bada" id="UBERON_Instance_571412" type="identity">
      <class id="UBERON:0002450" label="decidua"/>
      <span end="49073" id="16628246-17766" start="49065">deciduas</span>
    </annotation>
    <annotation annotator="Michael Bada" id="UBERON_Instance_570916" type="identity">
      <class id="UBERON:0005062" label="neural fold"/>
      <span end="49355" id="16628246-17536" start="49344">neural fold</span>
    </annotation>
    <annotation annotator="Michael Bada" id="UBERON_Instance_580026" type="identity">
      <class id="UBERON:0005062" label="neural fold"/>
      <span end="49366" id="16628246-17923" start="49364">nf</span>
    </annotation>
    <annotation annotator="Michael Bada" id="UBERON_Instance_570648" type="identity">
      <class id="UBERON:0000922" label="embryo"/>
      <span end="49375" id="16628246-17374" start="49369">embryo</span>
    </annotation>
    <annotation annotator="Michael Bada" id="UBERON_Instance_570650" type="identity">
      <class id="UBERON:0000922" label="embryo"/>
      <span end="49424" id="16628246-17376" start="49418">embryo</span>
    </annotation>
    <annotation annotator="Michael Bada" id="UBERON_Instance_571414" type="identity">
      <class id="UBERON:0000479" label="tissue"/>
      <span end="49437" id="16628246-17768" start="49431">tissue</span>
    </annotation>
    <annotation annotator="Michael Bada" id="UBERON_Instance_570652" type="identity">
      <class id="UBERON:0000922" label="embryo"/>
      <span end="49648" id="16628246-17378" start="49642">embryo</span>
    </annotation>
    <annotation annotator="Michael Bada" id="UBERON_Instance_571416" type="identity">
      <class id="UBERON:0000922" label="embryo"/>
      <span end="49692" id="16628246-17770" start="49683">embryonic</span>
    </annotation>
    <annotation annotator="Michael Bada" id="UBERON_Instance_571418" type="identity">
      <class id="UBERON:0003374" label="chorionic ectoderm"/>
      <span end="49719" id="16628246-17772" start="49701">chorionic ectoderm</span>
    </annotation>
    <annotation annotator="Michael Bada" id="UBERON_Instance_571420" type="identity">
      <class id="UBERON:0003374" label="chorionic ectoderm"/>
      <span end="49723" id="16628246-17774" start="49721">ce</span>
    </annotation>
    <annotation annotator="Michael Bada" id="UBERON_Instance_571422" type="identity">
      <class id="UBERON:0004877" label="visceral endoderm"/>
      <span end="49746" id="16628246-17776" start="49729">visceral endoderm</span>
    </annotation>
    <annotation annotator="Michael Bada" id="UBERON_Instance_571424" type="identity">
      <class id="UBERON:0004877" label="visceral endoderm"/>
      <span end="49750" id="16628246-17778" start="49748">ve</span>
    </annotation>
    <annotation annotator="Michael Bada" id="UBERON_Instance_571426" type="identity">
      <class id="UBERON:0000479" label="tissue"/>
      <span end="49764" id="16628246-17780" start="49757">tissues</span>
    </annotation>
    <annotation annotator="Michael Bada" id="UBERON_Instance_571428" type="identity">
      <class id="UBERON:0004877" label="visceral endoderm"/>
      <span end="49862" id="16628246-17782" start="49845">visceral endoderm</span>
    </annotation>
    <annotation annotator="Michael Bada" id="UBERON_Instance_571430" type="identity">
      <class id="UBERON:0003374" label="chorionic ectoderm"/>
      <span end="49974" id="16628246-17784" start="49956">chorionic ectoderm</span>
    </annotation>
    <annotation annotator="Michael Bada" id="UBERON_Instance_571432" type="identity">
      <class id="UBERON:0000479" label="tissue"/>
      <span end="50068" id="16628246-17786" start="50062">tissue</span>
    </annotation>
    <annotation annotator="Michael Bada" id="UBERON_Instance_570654" type="identity">
      <class id="UBERON:0000922" label="embryo"/>
      <span end="51228" id="16628246-17380" start="51222">embryo</span>
    </annotation>
    <annotation annotator="Michael Bada" id="UBERON_Instance_570656" type="identity">
      <class id="UBERON:0000922" label="embryo"/>
      <span end="51326" id="16628246-17382" start="51317">embryonic</span>
    </annotation>
    <annotation annotator="Michael Bada" id="UBERON_Instance_571434" type="identity">
      <class id="UBERON:0000088" label="trophoblast"/>
      <span end="51411" id="16628246-17788" start="51400">trophoblast</span>
    </annotation>
    <annotation annotator="Michael Bada" id="UBERON_Instance_570658" type="identity">
      <class id="UBERON:0014374" label="embryoid body"/>
      <span end="55788" id="16628246-17384" start="55773">embryoid bodies</span>
    </annotation>
    <annotation annotator="Michael Bada" id="UBERON_Instance_570660" type="identity">
      <class id="UBERON:0000922" label="embryo"/>
      <span end="56555" id="16628246-17386" start="56548">embryos</span>
    </annotation>
    <annotation annotator="Michael Bada" id="UBERON_Instance_571896" type="identity">
      <class id="UBERON:0000085" label="morula"/>
      <span end="56598" id="16628246-17892" start="56592">morula</span>
    </annotation>
    <annotation annotator="Michael Bada" id="UBERON_Instance_570662" type="identity">
      <class id="UBERON:0000922" label="embryo"/>
      <span end="56736" id="16628246-17388" start="56729">embryos</span>
    </annotation>
    <annotation annotator="Michael Bada" id="UBERON_Instance_570664" type="identity">
      <class id="UBERON:0000922" label="embryo"/>
      <span end="56831" id="16628246-17390" start="56824">embryos</span>
    </annotation>
    <annotation annotator="Michael Bada" id="UBERON_Instance_570666" type="identity">
      <class id="UBERON:0000922" label="embryo"/>
      <span end="57258" id="16628246-17392" start="57251">embryos</span>
    </annotation>
    <annotation annotator="Michael Bada" id="UBERON_Instance_570668" type="identity">
      <class id="UBERON:0000922" label="embryo"/>
      <span end="57416" id="16628246-17394" start="57409">Embryos</span>
    </annotation>
    <annotation annotator="Michael Bada" id="UBERON_Instance_570670" type="identity">
      <class id="UBERON:0000922" label="embryo"/>
      <span end="57499" id="16628246-17396" start="57492">embryos</span>
    </annotation>
    <annotation annotator="Michael Bada" id="UBERON_Instance_571898" type="identity">
      <class id="UBERON:0002450" label="decidua"/>
      <span end="57528" id="16628246-17894" start="57520">deciduas</span>
    </annotation>
    <annotation annotator="Michael Bada" id="UBERON_Instance_571438" type="identity">
      <class id="UBERON:0000305" label="amnion"/>
      <span end="57805" id="16628246-17792" start="57804">a</span>
    </annotation>
    <annotation annotator="Michael Bada" id="UBERON_Instance_571436" type="identity">
      <class id="UBERON:0000305" label="amnion"/>
      <span end="57813" id="16628246-17790" start="57807">amnion</span>
    </annotation>
    <annotation annotator="Michael Bada" id="UBERON_Instance_571442" type="identity">
      <class id="UBERON:0000301" label="amniotic cavity"/>
      <span end="57817" id="16628246-17796" start="57815">ac</span>
    </annotation>
    <annotation annotator="Michael Bada" id="UBERON_Instance_571440" type="identity">
      <class id="UBERON:0000301" label="amniotic cavity"/>
      <span end="57834" id="16628246-17794" start="57819">amniotic cavity</span>
    </annotation>
    <annotation annotator="Michael Bada" id="UBERON_Instance_571446" type="identity">
      <class id="UBERON:0003124" label="chorion"/>
      <span end="57837" id="16628246-17800" start="57836">c</span>
    </annotation>
    <annotation annotator="Michael Bada" id="UBERON_Instance_571444" type="identity">
      <class id="UBERON:0003124" label="chorion"/>
      <span end="57846" id="16628246-17798" start="57839">chorion</span>
    </annotation>
    <annotation annotator="Michael Bada" id="UBERON_Instance_571450" type="identity">
      <class id="UBERON:0002532" label="epiblast (generic)"/>
      <span end="57849" id="16628246-17804" start="57848">e</span>
    </annotation>
    <annotation annotator="Michael Bada" id="UBERON_Instance_571448" type="identity">
      <class id="UBERON:0002532" label="epiblast (generic)"/>
      <span end="57859" id="16628246-17802" start="57851">epiblast</span>
    </annotation>
    <annotation annotator="Michael Bada" id="UBERON_Instance_570796" type="identity">
      <class id="UBERON:0008851" label="ectoplacental cavity"/>
      <span end="57863" id="16628246-17504" start="57861">ec</span>
    </annotation>
    <annotation annotator="Michael Bada" id="UBERON_Instance_570794" type="identity">
      <class id="UBERON:0008851" label="ectoplacental cavity"/>
      <span end="57885" id="16628246-17502" start="57865">ectoplacental cavity</span>
    </annotation>
    <annotation annotator="Michael Bada" id="UBERON_Instance_571454" type="identity">
      <class id="UBERON:0003888" label="extraembryonic coelom"/>
      <span end="57890" id="16628246-17808" start="57887">ecc</span>
    </annotation>
    <annotation annotator="Michael Bada" id="UBERON_Instance_571452" type="identity">
      <class id="UBERON:0003888" label="extraembryonic coelom"/>
      <span end="57910" id="16628246-17806" start="57892">exocoelomic cavity</span>
    </annotation>
    <annotation annotator="Michael Bada" id="UBERON_Instance_570800" type="identity">
      <class id="UBERON:0004364" label="ectoplacental cone"/>
      <span end="57914" id="16628246-17508" start="57912">ep</span>
    </annotation>
    <annotation annotator="Michael Bada" id="UBERON_Instance_570798" type="identity">
      <class id="UBERON:0004364" label="ectoplacental cone"/>
      <span end="57934" id="16628246-17506" start="57916">ectoplacental cone</span>
    </annotation>
    <annotation annotator="Michael Bada" id="UBERON_Instance_570920" type="identity">
      <class id="UBERON:0002346" label="neurectoderm"/>
      <span end="57938" id="16628246-17540" start="57936">ne</span>
    </annotation>
    <annotation annotator="Michael Bada" id="UBERON_Instance_570918" type="identity">
      <class id="UBERON:0002346" label="neurectoderm"/>
      <span end="57955" id="16628246-17538" start="57940">neural ectoderm</span>
    </annotation>
    <annotation annotator="Michael Bada" id="UBERON_Instance_571458" type="identity">
      <class id="UBERON:0004369" label="Reichert's membrane"/>
      <span end="57959" id="16628246-17812" start="57957">rm</span>
    </annotation>
    <annotation annotator="Michael Bada" id="UBERON_Instance_571456" type="identity">
      <class id="UBERON:0004369" label="Reichert's membrane"/>
      <span end="57980" id="16628246-17810" start="57961">Reichert's membrane</span>
    </annotation>
    <annotation annotator="Michael Bada" id="UBERON_Instance_571460" type="identity">
      <class id="UBERON:0000088" label="trophoblast"/>
      <span end="57998" id="16628246-17814" start="57987">trophoblast</span>
    </annotation>
    <annotation annotator="Michael Bada" id="UBERON_Instance_570672" type="identity">
      <class id="UBERON:0000922" label="embryo"/>
      <span end="58080" id="16628246-17398" start="58074">embryo</span>
    </annotation>
    <annotation annotator="Michael Bada" id="UBERON_Instance_570356" type="identity">
      <class id="UBERON:0009746" label="head fold of embryonic disc"/>
      <span end="58091" id="16628246-17172" start="58082">head fold</span>
    </annotation>
    <annotation annotator="Michael Bada" id="UBERON_Instance_571462" type="identity">
      <class id="UBERON:0001040" label="yolk sac"/>
      <span end="58203" id="16628246-17816" start="58195">yolk sac</span>
    </annotation>
    <annotation annotator="Michael Bada" id="UBERON_Instance_570360" type="identity">
      <class id="UBERON:0009746" label="head fold of embryonic disc"/>
      <span end="58207" id="16628246-17176" start="58205">hf</span>
    </annotation>
    <annotation annotator="Michael Bada" id="UBERON_Instance_570358" type="identity">
      <class id="UBERON:0009746" label="head fold of embryonic disc"/>
      <span end="58218" id="16628246-17174" start="58209">head fold</span>
    </annotation>
    <annotation annotator="Michael Bada" id="UBERON_Instance_580028" type="identity">
      <class id="UBERON:0002328" label="notochord"/>
      <span end="58221" id="16628246-17925" start="58220">n</span>
    </annotation>
    <annotation annotator="Michael Bada" id="UBERON_Instance_571464" type="identity">
      <class id="UBERON:0002328" label="notochord"/>
      <span end="58241" id="16628246-17818" start="58232">notochord</span>
    </annotation>
    <annotation annotator="Michael Bada" id="UBERON_Instance_570958" type="identity">
      <class id="UBERON:0004341" label="primitive streak"/>
      <span end="58245" id="16628246-17554" start="58243">ps</span>
    </annotation>
    <annotation annotator="Michael Bada" id="UBERON_Instance_570956" type="identity">
      <class id="UBERON:0004341" label="primitive streak"/>
      <span end="58263" id="16628246-17552" start="58247">primitive streak</span>
    </annotation>
    <annotation annotator="Michael Bada" id="UBERON_Instance_570674" type="identity">
      <class id="UBERON:0000922" label="embryo"/>
      <span end="58329" id="16628246-17400" start="58322">Embryos</span>
    </annotation>
    <annotation annotator="Michael Bada" id="UBERON_Instance_570676" type="identity">
      <class id="UBERON:0000922" label="embryo"/>
      <span end="58393" id="16628246-17402" start="58386">embryos</span>
    </annotation>
    <annotation annotator="Michael Bada" id="UBERON_Instance_571900" type="identity">
      <class id="UBERON:0002450" label="decidua"/>
      <span end="58422" id="16628246-17896" start="58414">deciduas</span>
    </annotation>
    <annotation annotator="Michael Bada" id="UBERON_Instance_570678" type="identity">
      <class id="UBERON:0000922" label="embryo"/>
      <span end="58608" id="16628246-17404" start="58601">embryos</span>
    </annotation>
    <annotation annotator="Michael Bada" id="UBERON_Instance_570680" type="identity">
      <class id="UBERON:0000922" label="embryo"/>
      <span end="58817" id="16628246-17406" start="58811">embryo</span>
    </annotation>
    <annotation annotator="Michael Bada" id="UBERON_Instance_571902" type="identity">
      <class id="UBERON:0004345" label="trophectoderm"/>
      <span end="58958" id="16628246-17898" start="58945">Trophectoderm</span>
    </annotation>
    <annotation annotator="Michael Bada" id="UBERON_Instance_570682" type="identity">
      <class id="UBERON:0000922" label="embryo"/>
      <span end="58985" id="16628246-17408" start="58978">Embryos</span>
    </annotation>
    <annotation annotator="Michael Bada" id="UBERON_Instance_570684" type="identity">
      <class id="UBERON:0000922" label="embryo"/>
      <span end="59006" id="16628246-17410" start="58999">embryos</span>
    </annotation>
    <annotation annotator="Michael Bada" id="UBERON_Instance_571904" type="identity">
      <class id="UBERON:0002450" label="decidua"/>
      <span end="59047" id="16628246-17900" start="59039">decidual</span>
    </annotation>
    <annotation annotator="Michael Bada" id="UBERON_Instance_571906" type="identity">
      <class id="UBERON:0000479" label="tissue"/>
      <span end="59054" id="16628246-17902" start="59048">tissue</span>
    </annotation>
    <annotation annotator="Michael Bada" id="UBERON_Instance_570686" type="identity">
      <class id="UBERON:0000922" label="embryo"/>
      <span end="59183" id="16628246-17412" start="59176">embryos</span>
    </annotation>
    <annotation annotator="Michael Bada" id="UBERON_Instance_571908" type="identity">
      <class id="UBERON:0002329" label="somite"/>
      <span end="59256" id="16628246-17904" start="59250">somite</span>
    </annotation>
    <annotation annotator="Michael Bada" id="UBERON_Instance_571466" type="identity">
      <class id="UBERON:0000088" label="trophoblast"/>
      <span end="59298" id="16628246-17820" start="59287">trophoblast</span>
    </annotation>
    <annotation annotator="Michael Bada" id="UBERON_Instance_571468" type="identity">
      <class id="UBERON:0000088" label="trophoblast"/>
      <span end="59301" id="16628246-17822" start="59300">t</span>
    </annotation>
    <annotation annotator="Michael Bada" id="UBERON_Instance_571470" type="identity">
      <class id="UBERON:0000088" label="trophoblast"/>
      <span end="59324" id="16628246-17824" start="59313">trophoblast</span>
    </annotation>
    <annotation annotator="Michael Bada" id="UBERON_Instance_570362" type="identity">
      <class id="UBERON:0009746" label="head fold of embryonic disc"/>
      <span end="59378" id="16628246-17178" start="59370">headfold</span>
    </annotation>
    <annotation annotator="Michael Bada" id="UBERON_Instance_571474" type="identity">
      <class id="UBERON:0002329" label="somite"/>
      <span end="59388" id="16628246-17828" start="59382">somite</span>
    </annotation>
    <annotation annotator="Michael Bada" id="UBERON_Instance_571472" type="identity">
      <class id="UBERON:0002329" label="somite"/>
      <span end="59412" id="16628246-17826" start="59406">somite</span>
    </annotation>
    <annotation annotator="Michael Bada" id="UBERON_Instance_571476" type="identity">
      <class id="UBERON:0000088" label="trophoblast"/>
      <span end="59500" id="16628246-17830" start="59489">trophoblast</span>
    </annotation>
    <annotation annotator="Michael Bada" id="UBERON_Instance_570688" type="identity">
      <class id="UBERON:0000922" label="embryo"/>
      <span end="59543" id="16628246-17414" start="59534">embryonic</span>
    </annotation>
    <annotation annotator="Michael Bada" id="UBERON_Instance_570690" type="identity">
      <class id="UBERON:0000922" label="embryo"/>
      <span end="59574" id="16628246-17416" start="59568">embryo</span>
    </annotation>
    <annotation annotator="Michael Bada" id="UBERON_Instance_570802" type="identity">
      <class id="UBERON:0004364" label="ectoplacental cone"/>
      <span end="59633" id="16628246-17510" start="59615">ectoplacental cone</span>
    </annotation>
    <annotation annotator="Michael Bada" id="UBERON_Instance_570804" type="identity">
      <class id="UBERON:0004364" label="ectoplacental cone"/>
      <span end="59638" id="16628246-17512" start="59635">epc</span>
    </annotation>
    <annotation annotator="Michael Bada" id="UBERON_Instance_571478" type="identity">
      <class id="UBERON:0002450" label="decidua"/>
      <span end="59771" id="16628246-17832" start="59763">deciduas</span>
    </annotation>
    <annotation annotator="Michael Bada" id="UBERON_Instance_570692" type="identity">
      <class id="UBERON:0000922" label="embryo"/>
      <span end="59856" id="16628246-17418" start="59849">embryos</span>
    </annotation>
    <annotation annotator="Michael Bada" id="UBERON_Instance_570694" type="identity">
      <class id="UBERON:0000922" label="embryo"/>
      <span end="59931" id="16628246-17420" start="59924">embryos</span>
    </annotation>
    <annotation annotator="Michael Bada" id="UBERON_Instance_570696" type="identity">
      <class id="UBERON:0000922" label="embryo"/>
      <span end="60024" id="16628246-17422" start="60017">embryos</span>
    </annotation>
    <annotation annotator="Michael Bada" id="UBERON_Instance_571480" type="identity">
      <class id="UBERON:0002450" label="decidua"/>
      <span end="60053" id="16628246-17834" start="60045">deciduas</span>
    </annotation>
    <annotation annotator="Michael Bada" id="UBERON_Instance_570698" type="identity">
      <class id="UBERON:0000922" label="embryo"/>
      <span end="60142" id="16628246-17424" start="60136">embryo</span>
    </annotation>
    <annotation annotator="Michael Bada" id="UBERON_Instance_571482" type="identity">
      <class id="UBERON:0000358" label="blastocyst"/>
      <span end="60290" id="16628246-17836" start="60280">blastocyst</span>
    </annotation>
    <annotation annotator="Michael Bada" id="UBERON_Instance_571484" type="identity">
      <class id="UBERON:0000088" label="trophoblast"/>
      <span end="60332" id="16628246-17838" start="60321">trophoblast</span>
    </annotation>
    <annotation annotator="Michael Bada" id="UBERON_Instance_570944" type="identity">
      <class id="UBERON:0000087" label="inner cell mass"/>
      <span end="60368" id="16628246-17542" start="60353">inner cell mass</span>
    </annotation>
    <annotation annotator="Michael Bada" id="UBERON_Instance_570946" type="identity">
      <class id="UBERON:0000087" label="inner cell mass"/>
      <span end="60373" id="16628246-17544" start="60370">icm</span>
    </annotation>
    <annotation annotator="Michael Bada" id="UBERON_Instance_571486" type="identity">
      <class id="UBERON:0000358" label="blastocyst"/>
      <span end="60449" id="16628246-17840" start="60439">blastocyst</span>
    </annotation>
    <annotation annotator="Michael Bada" id="UBERON_Instance_570700" type="identity">
      <class id="UBERON:0000922" label="embryo"/>
      <span end="60682" id="16628246-17426" start="60675">embryos</span>
    </annotation>
    <annotation annotator="Michael Bada" id="UBERON_Instance_571488" type="identity">
      <class id="UBERON:0002450" label="decidua"/>
      <span end="60711" id="16628246-17842" start="60703">deciduas</span>
    </annotation>
    <annotation annotator="Michael Bada" id="UBERON_Instance_570702" type="identity">
      <class id="UBERON:0000922" label="embryo"/>
      <span end="60885" id="16628246-17428" start="60878">embryos</span>
    </annotation>
    <annotation annotator="Michael Bada" id="UBERON_Instance_571492" type="identity">
      <class id="UBERON:0000305" label="amnion"/>
      <span end="60909" id="16628246-17846" start="60908">a</span>
    </annotation>
    <annotation annotator="Michael Bada" id="UBERON_Instance_571490" type="identity">
      <class id="UBERON:0000305" label="amnion"/>
      <span end="60917" id="16628246-17844" start="60911">amnion</span>
    </annotation>
    <annotation annotator="Michael Bada" id="UBERON_Instance_571496" type="identity">
      <class id="UBERON:0003124" label="chorion"/>
      <span end="60920" id="16628246-17850" start="60919">c</span>
    </annotation>
    <annotation annotator="Michael Bada" id="UBERON_Instance_571494" type="identity">
      <class id="UBERON:0003124" label="chorion"/>
      <span end="60929" id="16628246-17848" start="60922">chorion</span>
    </annotation>
    <annotation annotator="Michael Bada" id="UBERON_Instance_571500" type="identity">
      <class id="UBERON:0002532" label="epiblast (generic)"/>
      <span end="60932" id="16628246-17854" start="60931">e</span>
    </annotation>
    <annotation annotator="Michael Bada" id="UBERON_Instance_571498" type="identity">
      <class id="UBERON:0002532" label="epiblast (generic)"/>
      <span end="60942" id="16628246-17852" start="60934">epiblast</span>
    </annotation>
    <annotation annotator="Michael Bada" id="UBERON_Instance_570808" type="identity">
      <class id="UBERON:0004364" label="ectoplacental cone"/>
      <span end="60946" id="16628246-17516" start="60944">ep</span>
    </annotation>
    <annotation annotator="Michael Bada" id="UBERON_Instance_570806" type="identity">
      <class id="UBERON:0004364" label="ectoplacental cone"/>
      <span end="60966" id="16628246-17514" start="60948">ectoplacental cone</span>
    </annotation>
    <annotation annotator="Michael Bada" id="UBERON_Instance_571502" type="identity">
      <class id="UBERON:0002532" label="epiblast (generic)"/>
      <span end="61022" id="16628246-17856" start="61014">epiblast</span>
    </annotation>
    <annotation annotator="Michael Bada" id="UBERON_Instance_571504" type="identity">
      <class id="UBERON:0000922" label="embryo"/>
      <span end="61134" id="16628246-17858" start="61125">embryonic</span>
    </annotation>
    <annotation annotator="Michael Bada" id="UBERON_Instance_571512" type="identity">
      <class id="UBERON:0003374" label="chorionic ectoderm"/>
      <span end="61161" id="16628246-17862" start="61143">chorionic ectoderm</span>
    </annotation>
    <annotation annotator="Michael Bada" id="UBERON_Instance_571514" type="identity">
      <class id="UBERON:0003374" label="chorionic ectoderm"/>
      <span end="61202" id="16628246-17864" start="61200">ce</span>
    </annotation>
    <annotation annotator="Michael Bada" id="UBERON_Instance_571510" type="identity">
      <class id="UBERON:0003374" label="chorionic ectoderm"/>
      <span end="61222" id="16628246-17860" start="61204">chorionic ectoderm</span>
    </annotation>
    <annotation annotator="Michael Bada" id="UBERON_Instance_571516" type="identity">
      <class id="UBERON:0003124" label="chorion"/>
      <span end="61237" id="16628246-17866" start="61228">chorionic</span>
    </annotation>
    <annotation annotator="Michael Bada" id="UBERON_Instance_571518" type="identity">
      <class id="UBERON:0000926" label="mesoderm"/>
      <span end="61246" id="16628246-17868" start="61238">mesoderm</span>
    </annotation>
    <annotation annotator="Michael Bada" id="UBERON_Instance_571520" type="identity">
      <class id="UBERON:0000088" label="trophoblast"/>
      <span end="61887" id="16628246-17870" start="61876">trophoblast</span>
    </annotation>
    <annotation annotator="Michael Bada" id="UBERON_Instance_570706" type="identity">
      <class id="UBERON:0005292" label="extraembryonic tissue"/>
      <span end="61959" id="16628246-17430" start="61937">extraembryonic tissues</span>
    </annotation>
    <graph-space id="Old Knowtator Relations"/>
  </document>
</knowtator-project>
