<?xml version="1.0" encoding="UTF-8" standalone="no"?>
<knowtator-project>
  <document id="16700629" text-file="16700629.txt">
    <annotation annotator="Michael Bada" id="UBERON_Instance_540000" type="identity">
      <class id="UBERON:0000023" label="wing"/>
      <span end="131" id="16700629-18227" start="127">wing</span>
    </annotation>
    <annotation annotator="Michael Bada" id="UBERON_Instance_620006" type="identity">
      <class id="UBERON:0007688" label="anlage"/>
      <span end="284" id="16700629-18828" start="278">fields</span>
    </annotation>
    <annotation annotator="Michael Bada" id="UBERON_Instance_590994" type="identity">
      <class id="UBERON:0000991" label="gonad"/>
      <span end="365" id="16700629-18575" start="359">gonads</span>
    </annotation>
    <annotation annotator="Michael Bada" id="UBERON_Instance_590010" type="identity">
      <class id="UBERON:0000473" label="testis"/>
      <span end="493" id="16700629-18229" start="487">testis</span>
    </annotation>
    <annotation annotator="Michael Bada" id="UBERON_Instance_590724" type="identity">
      <class id="UBERON:0000991" label="gonad"/>
      <span end="518" id="16700629-18305" start="512">gonads</span>
    </annotation>
    <annotation annotator="Michael Bada" id="UBERON_Instance_590996" type="identity">
      <class id="UBERON:0000991" label="gonad"/>
      <span end="800" id="16700629-18577" start="795">gonad</span>
    </annotation>
    <annotation annotator="Michael Bada" id="UBERON_Instance_590012" type="identity">
      <class id="UBERON:0000473" label="testis"/>
      <span end="934" id="16700629-18231" start="928">testis</span>
    </annotation>
    <annotation annotator="Michael Bada" id="UBERON_Instance_590726" type="identity">
      <class id="UBERON:0000991" label="gonad"/>
      <span end="983" id="16700629-18307" start="977">gonads</span>
    </annotation>
    <annotation annotator="Michael Bada" id="UBERON_Instance_590998" type="identity">
      <class id="UBERON:0000991" label="gonad"/>
      <span end="1095" id="16700629-18579" start="1090">gonad</span>
    </annotation>
    <annotation annotator="Michael Bada" id="UBERON_Instance_580002" type="identity">
      <class id="UBERON:0003133" label="reproductive organ"/>
      <span end="1508" id="16700629-18810" start="1489">reproductive organs</span>
    </annotation>
    <annotation annotator="Michael Bada" id="UBERON_Instance_590014" type="identity">
      <class id="UBERON:0000473" label="testis"/>
      <span end="1561" id="16700629-18233" start="1555">testis</span>
    </annotation>
    <annotation annotator="Michael Bada" id="UBERON_Instance_610240" type="identity">
      <class id="UBERON:0000992" label="female gonad"/>
      <span end="1571" id="16700629-18812" start="1566">ovary</span>
    </annotation>
    <annotation annotator="Michael Bada" id="UBERON_Instance_590320" type="identity">
      <class id="UBERON:0000922" label="embryo"/>
      <span end="1650" id="16700629-18283" start="1641">embryonic</span>
    </annotation>
    <annotation annotator="Michael Bada" id="UBERON_Instance_591000" type="identity">
      <class id="UBERON:0000991" label="gonad"/>
      <span end="1656" id="16700629-18581" start="1651">gonad</span>
    </annotation>
    <annotation annotator="Michael Bada" id="UBERON_Instance_591002" type="identity">
      <class id="UBERON:0000991" label="gonad"/>
      <span end="1718" id="16700629-18583" start="1713">gonad</span>
    </annotation>
    <annotation annotator="Michael Bada" id="UBERON_Instance_591126" type="identity">
      <class id="UBERON:0000992" label="female gonad"/>
      <span end="1826" id="16700629-18707" start="1821">ovary</span>
    </annotation>
    <annotation annotator="Michael Bada" id="UBERON_Instance_590016" type="identity">
      <class id="UBERON:0000473" label="testis"/>
      <span end="1836" id="16700629-18235" start="1830">testis</span>
    </annotation>
    <annotation annotator="Michael Bada" id="UBERON_Instance_590322" type="identity">
      <class id="UBERON:0000922" label="embryo"/>
      <span end="1903" id="16700629-18285" start="1894">embryonic</span>
    </annotation>
    <annotation annotator="Michael Bada" id="UBERON_Instance_591004" type="identity">
      <class id="UBERON:0000991" label="gonad"/>
      <span end="1909" id="16700629-18585" start="1904">gonad</span>
    </annotation>
    <annotation annotator="Michael Bada" id="UBERON_Instance_591128" type="identity">
      <class id="UBERON:0000479" label="tissue"/>
      <span end="1987" id="16700629-18709" start="1981">tissue</span>
    </annotation>
    <annotation annotator="Michael Bada" id="UBERON_Instance_591130" type="identity">
      <class id="UBERON:0000992" label="female gonad"/>
      <span end="2093" id="16700629-18711" start="2086">ovarian</span>
    </annotation>
    <annotation annotator="Michael Bada" id="UBERON_Instance_591132" type="identity">
      <class id="UBERON:0000473" label="testis"/>
      <span end="2107" id="16700629-18713" start="2097">testicular</span>
    </annotation>
    <annotation annotator="Michael Bada" id="UBERON_Instance_591134" type="identity">
      <class id="UBERON:0001048" label="primordium"/>
      <span end="2178" id="16700629-18715" start="2168">primordium</span>
    </annotation>
    <annotation annotator="Michael Bada" id="UBERON_Instance_591136" type="identity">
      <class id="UBERON:0002369" label="adrenal gland"/>
      <span end="2361" id="16700629-18717" start="2354">adrenal</span>
    </annotation>
    <annotation annotator="Michael Bada" id="UBERON_Instance_610004" type="identity">
      <class id="UBERON:0000023" label="wing"/>
      <span end="2497" id="16700629-18826" start="2493">wing</span>
    </annotation>
    <annotation annotator="Michael Bada" id="UBERON_Instance_590728" type="identity">
      <class id="UBERON:0000991" label="gonad"/>
      <span end="2599" id="16700629-18309" start="2593">gonads</span>
    </annotation>
    <annotation annotator="Michael Bada" id="UBERON_Instance_591138" type="identity">
      <class id="UBERON:0000062" label="organ"/>
      <span end="2694" id="16700629-18719" start="2689">organ</span>
    </annotation>
    <annotation annotator="Michael Bada" id="UBERON_Instance_591140" type="identity">
      <class id="UBERON:0000992" label="female gonad"/>
      <span end="2717" id="16700629-18721" start="2710">ovarian</span>
    </annotation>
    <annotation annotator="Michael Bada" id="UBERON_Instance_590018" type="identity">
      <class id="UBERON:0000473" label="testis"/>
      <span end="2738" id="16700629-18237" start="2732">testis</span>
    </annotation>
    <annotation annotator="Michael Bada" id="UBERON_Instance_590020" type="identity">
      <class id="UBERON:0000473" label="testis"/>
      <span end="2804" id="16700629-18239" start="2798">testis</span>
    </annotation>
    <annotation annotator="Michael Bada" id="UBERON_Instance_590022" type="identity">
      <class id="UBERON:0005297" label="testis sex cord"/>
      <span end="3117" id="16700629-18241" start="3106">testis cord</span>
    </annotation>
    <annotation annotator="Michael Bada" id="UBERON_Instance_590324" type="identity">
      <class id="UBERON:0000922" label="embryo"/>
      <span end="3339" id="16700629-18287" start="3332">embryos</span>
    </annotation>
    <annotation annotator="Michael Bada" id="UBERON_Instance_590326" type="identity">
      <class id="UBERON:0000922" label="embryo"/>
      <span end="3357" id="16700629-18289" start="3350">embryos</span>
    </annotation>
    <annotation annotator="Michael Bada" id="UBERON_Instance_591006" type="identity">
      <class id="UBERON:0000991" label="gonad"/>
      <span end="3403" id="16700629-18587" start="3398">gonad</span>
    </annotation>
    <annotation annotator="Michael Bada" id="UBERON_Instance_591142" type="identity">
      <class id="UBERON:0000992" label="female gonad"/>
      <span end="3421" id="16700629-18723" start="3414">ovarian</span>
    </annotation>
    <annotation annotator="Michael Bada" id="UBERON_Instance_590024" type="identity">
      <class id="UBERON:0000473" label="testis"/>
      <span end="3731" id="16700629-18243" start="3725">testis</span>
    </annotation>
    <annotation annotator="Michael Bada" id="UBERON_Instance_591146" type="identity">
      <class id="UBERON:0000992" label="female gonad"/>
      <span end="3821" id="16700629-18725" start="3816">ovary</span>
    </annotation>
    <annotation annotator="Michael Bada" id="UBERON_Instance_591008" type="identity">
      <class id="UBERON:0000991" label="gonad"/>
      <span end="3916" id="16700629-18589" start="3911">gonad</span>
    </annotation>
    <annotation annotator="Michael Bada" id="UBERON_Instance_590026" type="identity">
      <class id="UBERON:0000473" label="testis"/>
      <span end="4034" id="16700629-18245" start="4028">testis</span>
    </annotation>
    <annotation annotator="Michael Bada" id="UBERON_Instance_591148" type="identity">
      <class id="UBERON:0000992" label="female gonad"/>
      <span end="4116" id="16700629-18727" start="4111">ovary</span>
    </annotation>
    <annotation annotator="Michael Bada" id="UBERON_Instance_591010" type="identity">
      <class id="UBERON:0000991" label="gonad"/>
      <span end="4217" id="16700629-18591" start="4212">gonad</span>
    </annotation>
    <annotation annotator="Michael Bada" id="UBERON_Instance_591150" type="identity">
      <class id="UBERON:0000479" label="tissue"/>
      <span end="4381" id="16700629-18729" start="4374">tissues</span>
    </annotation>
    <annotation annotator="Michael Bada" id="UBERON_Instance_590328" type="identity">
      <class id="UBERON:0000922" label="embryo"/>
      <span end="4406" id="16700629-18291" start="4400">embryo</span>
    </annotation>
    <annotation annotator="Michael Bada" id="UBERON_Instance_591012" type="identity">
      <class id="UBERON:0000991" label="gonad"/>
      <span end="4459" id="16700629-18593" start="4454">gonad</span>
    </annotation>
    <annotation annotator="Michael Bada" id="UBERON_Instance_591014" type="identity">
      <class id="UBERON:0000991" label="gonad"/>
      <span end="4555" id="16700629-18595" start="4550">gonad</span>
    </annotation>
    <annotation annotator="Michael Bada" id="UBERON_Instance_590028" type="identity">
      <class id="UBERON:0000473" label="testis"/>
      <span end="4571" id="16700629-18247" start="4565">testis</span>
    </annotation>
    <annotation annotator="Michael Bada" id="UBERON_Instance_591016" type="identity">
      <class id="UBERON:0000991" label="gonad"/>
      <span end="4767" id="16700629-18597" start="4762">gonad</span>
    </annotation>
    <annotation annotator="Michael Bada" id="UBERON_Instance_590030" type="identity">
      <class id="UBERON:0000473" label="testis"/>
      <span end="4956" id="16700629-18249" start="4950">testis</span>
    </annotation>
    <annotation annotator="Michael Bada" id="UBERON_Instance_590032" type="identity">
      <class id="UBERON:0000473" label="testis"/>
      <span end="5627" id="16700629-18251" start="5621">testis</span>
    </annotation>
    <annotation annotator="Michael Bada" id="UBERON_Instance_610242" type="identity">
      <class id="UBERON:0000080" label="mesonephros"/>
      <span end="5695" id="16700629-18814" start="5684">mesonephric</span>
    </annotation>
    <annotation annotator="Michael Bada" id="UBERON_Instance_590034" type="identity">
      <class id="UBERON:0005297" label="testis sex cord"/>
      <span end="5723" id="16700629-18253" start="5712">testis cord</span>
    </annotation>
    <annotation annotator="Michael Bada" id="UBERON_Instance_590730" type="identity">
      <class id="UBERON:0000991" label="gonad"/>
      <span end="5838" id="16700629-18311" start="5832">gonads</span>
    </annotation>
    <annotation annotator="Michael Bada" id="UBERON_Instance_590732" type="identity">
      <class id="UBERON:0000991" label="gonad"/>
      <span end="5872" id="16700629-18313" start="5866">gonads</span>
    </annotation>
    <annotation annotator="Michael Bada" id="UBERON_Instance_590734" type="identity">
      <class id="UBERON:0000991" label="gonad"/>
      <span end="6022" id="16700629-18315" start="6016">gonads</span>
    </annotation>
    <annotation annotator="Michael Bada" id="UBERON_Instance_590736" type="identity">
      <class id="UBERON:0000991" label="gonad"/>
      <span end="6076" id="16700629-18317" start="6070">gonads</span>
    </annotation>
    <annotation annotator="Michael Bada" id="UBERON_Instance_591152" type="identity">
      <class id="UBERON:0000473" label="testis"/>
      <span end="6148" id="16700629-18731" start="6138">testicular</span>
    </annotation>
    <annotation annotator="Michael Bada" id="UBERON_Instance_591154" type="identity">
      <class id="UBERON:0000473" label="testis"/>
      <span end="6244" id="16700629-18733" start="6234">testicular</span>
    </annotation>
    <annotation annotator="Michael Bada" id="UBERON_Instance_590738" type="identity">
      <class id="UBERON:0000991" label="gonad"/>
      <span end="6347" id="16700629-18319" start="6341">gonads</span>
    </annotation>
    <annotation annotator="Michael Bada" id="UBERON_Instance_591018" type="identity">
      <class id="UBERON:0000991" label="gonad"/>
      <span end="6560" id="16700629-18599" start="6555">gonad</span>
    </annotation>
    <annotation annotator="Michael Bada" id="UBERON_Instance_591020" type="identity">
      <class id="UBERON:0000991" label="gonad"/>
      <span end="6712" id="16700629-18601" start="6705">gonadal</span>
    </annotation>
    <annotation annotator="Michael Bada" id="UBERON_Instance_620008" type="identity">
      <class id="UBERON:0007688" label="anlage"/>
      <span end="6718" id="16700629-18830" start="6713">field</span>
    </annotation>
    <annotation annotator="Michael Bada" id="UBERON_Instance_590740" type="identity">
      <class id="UBERON:0000991" label="gonad"/>
      <span end="6780" id="16700629-18321" start="6774">gonads</span>
    </annotation>
    <annotation annotator="Michael Bada" id="UBERON_Instance_590742" type="identity">
      <class id="UBERON:0000991" label="gonad"/>
      <span end="6928" id="16700629-18323" start="6922">gonads</span>
    </annotation>
    <annotation annotator="Michael Bada" id="UBERON_Instance_590036" type="identity">
      <class id="UBERON:0000473" label="testis"/>
      <span end="6940" id="16700629-18255" start="6934">testis</span>
    </annotation>
    <annotation annotator="Michael Bada" id="UBERON_Instance_591156" type="identity">
      <class id="UBERON:0000992" label="female gonad"/>
      <span end="7018" id="16700629-18735" start="7013">ovary</span>
    </annotation>
    <annotation annotator="Michael Bada" id="UBERON_Instance_591022" type="identity">
      <class id="UBERON:0000991" label="gonad"/>
      <span end="7307" id="16700629-18603" start="7302">gonad</span>
    </annotation>
    <annotation annotator="Michael Bada" id="UBERON_Instance_590744" type="identity">
      <class id="UBERON:0000991" label="gonad"/>
      <span end="7474" id="16700629-18325" start="7468">gonads</span>
    </annotation>
    <annotation annotator="Michael Bada" id="UBERON_Instance_591024" type="identity">
      <class id="UBERON:0000991" label="gonad"/>
      <span end="7612" id="16700629-18605" start="7607">gonad</span>
    </annotation>
    <annotation annotator="Michael Bada" id="UBERON_Instance_591026" type="identity">
      <class id="UBERON:0000991" label="gonad"/>
      <span end="7696" id="16700629-18607" start="7689">gonadal</span>
    </annotation>
    <annotation annotator="Michael Bada" id="UBERON_Instance_620026" type="identity">
      <class id="UBERON:0007688" label="anlage"/>
      <span end="7702" id="16700629-18848" start="7697">field</span>
    </annotation>
    <annotation annotator="Michael Bada" id="UBERON_Instance_591028" type="identity">
      <class id="UBERON:0000991" label="gonad"/>
      <span end="7986" id="16700629-18609" start="7981">gonad</span>
    </annotation>
    <annotation annotator="Michael Bada" id="UBERON_Instance_591030" type="identity">
      <class id="UBERON:0000991" label="gonad"/>
      <span end="8058" id="16700629-18611" start="8053">gonad</span>
    </annotation>
    <annotation annotator="Michael Bada" id="UBERON_Instance_590746" type="identity">
      <class id="UBERON:0000991" label="gonad"/>
      <span end="8150" id="16700629-18327" start="8144">gonads</span>
    </annotation>
    <annotation annotator="Michael Bada" id="UBERON_Instance_590748" type="identity">
      <class id="UBERON:0000991" label="gonad"/>
      <span end="8202" id="16700629-18329" start="8196">gonads</span>
    </annotation>
    <annotation annotator="Michael Bada" id="UBERON_Instance_590038" type="identity">
      <class id="UBERON:0005297" label="testis sex cord"/>
      <span end="8243" id="16700629-18257" start="8231">testis cords</span>
    </annotation>
    <annotation annotator="Michael Bada" id="UBERON_Instance_590750" type="identity">
      <class id="UBERON:0000991" label="gonad"/>
      <span end="8306" id="16700629-18331" start="8300">gonads</span>
    </annotation>
    <annotation annotator="Michael Bada" id="UBERON_Instance_590040" type="identity">
      <class id="UBERON:0005297" label="testis sex cord"/>
      <span end="8370" id="16700629-18259" start="8358">testis cords</span>
    </annotation>
    <annotation annotator="Michael Bada" id="UBERON_Instance_591158" type="identity">
      <class id="UBERON:0001986" label="endothelium"/>
      <span end="8490" id="16700629-18737" start="8479">endothelial</span>
    </annotation>
    <annotation annotator="Michael Bada" id="UBERON_Instance_590752" type="identity">
      <class id="UBERON:0000991" label="gonad"/>
      <span end="8593" id="16700629-18333" start="8587">gonads</span>
    </annotation>
    <annotation annotator="Michael Bada" id="UBERON_Instance_590330" type="identity">
      <class id="UBERON:0000922" label="embryo"/>
      <span end="8636" id="16700629-18293" start="8629">embryos</span>
    </annotation>
    <annotation annotator="Michael Bada" id="UBERON_Instance_590042" type="identity">
      <class id="UBERON:0005297" label="testis sex cord"/>
      <span end="8664" id="16700629-18261" start="8652">testis cords</span>
    </annotation>
    <annotation annotator="Michael Bada" id="UBERON_Instance_590044" type="identity">
      <class id="UBERON:0005297" label="testis sex cord"/>
      <span end="8748" id="16700629-18263" start="8736">testis cords</span>
    </annotation>
    <annotation annotator="Michael Bada" id="UBERON_Instance_590754" type="identity">
      <class id="UBERON:0000991" label="gonad"/>
      <span end="8769" id="16700629-18335" start="8763">gonads</span>
    </annotation>
    <annotation annotator="Michael Bada" id="UBERON_Instance_590756" type="identity">
      <class id="UBERON:0000991" label="gonad"/>
      <span end="9046" id="16700629-18337" start="9040">gonads</span>
    </annotation>
    <annotation annotator="Michael Bada" id="UBERON_Instance_590758" type="identity">
      <class id="UBERON:0000991" label="gonad"/>
      <span end="9104" id="16700629-18339" start="9098">gonads</span>
    </annotation>
    <annotation annotator="Michael Bada" id="UBERON_Instance_590046" type="identity">
      <class id="UBERON:0000473" label="testis"/>
      <span end="9114" id="16700629-18265" start="9108">testis</span>
    </annotation>
    <annotation annotator="Michael Bada" id="UBERON_Instance_590760" type="identity">
      <class id="UBERON:0000991" label="gonad"/>
      <span end="9201" id="16700629-18341" start="9195">Gonads</span>
    </annotation>
    <annotation annotator="Michael Bada" id="UBERON_Instance_590762" type="identity">
      <class id="UBERON:0000991" label="gonad"/>
      <span end="9253" id="16700629-18343" start="9247">gonads</span>
    </annotation>
    <annotation annotator="Michael Bada" id="UBERON_Instance_590764" type="identity">
      <class id="UBERON:0000991" label="gonad"/>
      <span end="9673" id="16700629-18345" start="9667">gonads</span>
    </annotation>
    <annotation annotator="Michael Bada" id="UBERON_Instance_590766" type="identity">
      <class id="UBERON:0000991" label="gonad"/>
      <span end="10393" id="16700629-18347" start="10387">gonads</span>
    </annotation>
    <annotation annotator="Michael Bada" id="UBERON_Instance_590048" type="identity">
      <class id="UBERON:0000473" label="testis"/>
      <span end="10675" id="16700629-18267" start="10669">testis</span>
    </annotation>
    <annotation annotator="Michael Bada" id="UBERON_Instance_590768" type="identity">
      <class id="UBERON:0000991" label="gonad"/>
      <span end="10817" id="16700629-18349" start="10811">gonads</span>
    </annotation>
    <annotation annotator="Michael Bada" id="UBERON_Instance_590060" type="identity">
      <class id="UBERON:0000473" label="testis"/>
      <span end="10857" id="16700629-18279" start="10851">testes</span>
    </annotation>
    <annotation annotator="Michael Bada" id="UBERON_Instance_591160" type="identity">
      <class id="UBERON:0005294" label="genital ridge"/>
      <span end="11112" id="16700629-18739" start="11098">genital ridges</span>
    </annotation>
    <annotation annotator="Michael Bada" id="UBERON_Instance_590332" type="identity">
      <class id="UBERON:0000922" label="embryo"/>
      <span end="11138" id="16700629-18295" start="11131">embryos</span>
    </annotation>
    <annotation annotator="Michael Bada" id="UBERON_Instance_590770" type="identity">
      <class id="UBERON:0000991" label="gonad"/>
      <span end="11219" id="16700629-18351" start="11213">gonads</span>
    </annotation>
    <annotation annotator="Michael Bada" id="UBERON_Instance_591032" type="identity">
      <class id="UBERON:0000991" label="gonad"/>
      <span end="11426" id="16700629-18613" start="11421">gonad</span>
    </annotation>
    <annotation annotator="Michael Bada" id="UBERON_Instance_590772" type="identity">
      <class id="UBERON:0000991" label="gonad"/>
      <span end="11565" id="16700629-18353" start="11559">gonads</span>
    </annotation>
    <annotation annotator="Michael Bada" id="UBERON_Instance_591162" type="identity">
      <class id="UBERON:0000080" label="mesonephros"/>
      <span end="11585" id="16700629-18741" start="11574">mesonephroi</span>
    </annotation>
    <annotation annotator="Michael Bada" id="UBERON_Instance_590774" type="identity">
      <class id="UBERON:0000991" label="gonad"/>
      <span end="12106" id="16700629-18355" start="12100">gonads</span>
    </annotation>
    <annotation annotator="Michael Bada" id="UBERON_Instance_591034" type="identity">
      <class id="UBERON:0000991" label="gonad"/>
      <span end="12223" id="16700629-18615" start="12216">gonadal</span>
    </annotation>
    <annotation annotator="Michael Bada" id="UBERON_Instance_590776" type="identity">
      <class id="UBERON:0000991" label="gonad"/>
      <span end="12243" id="16700629-18357" start="12237">gonads</span>
    </annotation>
    <annotation annotator="Michael Bada" id="UBERON_Instance_591036" type="identity">
      <class id="UBERON:0000991" label="gonad"/>
      <span end="12371" id="16700629-18617" start="12366">gonad</span>
    </annotation>
    <annotation annotator="Michael Bada" id="UBERON_Instance_591038" type="identity">
      <class id="UBERON:0000991" label="gonad"/>
      <span end="12479" id="16700629-18619" start="12474">gonad</span>
    </annotation>
    <annotation annotator="Michael Bada" id="UBERON_Instance_591040" type="identity">
      <class id="UBERON:0000991" label="gonad"/>
      <span end="12539" id="16700629-18621" start="12534">gonad</span>
    </annotation>
    <annotation annotator="Michael Bada" id="UBERON_Instance_591042" type="identity">
      <class id="UBERON:0000991" label="gonad"/>
      <span end="12729" id="16700629-18623" start="12724">gonad</span>
    </annotation>
    <annotation annotator="Michael Bada" id="UBERON_Instance_591044" type="identity">
      <class id="UBERON:0000991" label="gonad"/>
      <span end="12889" id="16700629-18625" start="12882">gonadal</span>
    </annotation>
    <annotation annotator="Michael Bada" id="UBERON_Instance_590778" type="identity">
      <class id="UBERON:0000991" label="gonad"/>
      <span end="13016" id="16700629-18359" start="13010">Gonads</span>
    </annotation>
    <annotation annotator="Michael Bada" id="UBERON_Instance_590780" type="identity">
      <class id="UBERON:0000991" label="gonad"/>
      <span end="13175" id="16700629-18361" start="13169">gonads</span>
    </annotation>
    <annotation annotator="Michael Bada" id="UBERON_Instance_590782" type="identity">
      <class id="UBERON:0000991" label="gonad"/>
      <span end="13255" id="16700629-18363" start="13249">gonads</span>
    </annotation>
    <annotation annotator="Michael Bada" id="UBERON_Instance_591046" type="identity">
      <class id="UBERON:0000991" label="gonad"/>
      <span end="13326" id="16700629-18627" start="13321">gonad</span>
    </annotation>
    <annotation annotator="Michael Bada" id="UBERON_Instance_610244" type="identity">
      <class id="UBERON:0001851" label="cortex"/>
      <span end="13433" id="16700629-18816" start="13427">cortex</span>
    </annotation>
    <annotation annotator="Michael Bada" id="UBERON_Instance_591048" type="identity">
      <class id="UBERON:0000991" label="gonad"/>
      <span end="13483" id="16700629-18629" start="13478">gonad</span>
    </annotation>
    <annotation annotator="Michael Bada" id="UBERON_Instance_590784" type="identity">
      <class id="UBERON:0000991" label="gonad"/>
      <span end="13631" id="16700629-18365" start="13625">gonads</span>
    </annotation>
    <annotation annotator="Michael Bada" id="UBERON_Instance_590786" type="identity">
      <class id="UBERON:0000991" label="gonad"/>
      <span end="13687" id="16700629-18367" start="13681">gonads</span>
    </annotation>
    <annotation annotator="Michael Bada" id="UBERON_Instance_590788" type="identity">
      <class id="UBERON:0000991" label="gonad"/>
      <span end="13864" id="16700629-18369" start="13858">gonads</span>
    </annotation>
    <annotation annotator="Michael Bada" id="UBERON_Instance_590790" type="identity">
      <class id="UBERON:0000991" label="gonad"/>
      <span end="13913" id="16700629-18371" start="13907">gonads</span>
    </annotation>
    <annotation annotator="Michael Bada" id="UBERON_Instance_590050" type="identity">
      <class id="UBERON:0005297" label="testis sex cord"/>
      <span end="14033" id="16700629-18269" start="14022">testis cord</span>
    </annotation>
    <annotation annotator="Michael Bada" id="UBERON_Instance_590792" type="identity">
      <class id="UBERON:0000991" label="gonad"/>
      <span end="14281" id="16700629-18373" start="14275">Gonads</span>
    </annotation>
    <annotation annotator="Michael Bada" id="UBERON_Instance_590794" type="identity">
      <class id="UBERON:0000991" label="gonad"/>
      <span end="14424" id="16700629-18375" start="14418">gonads</span>
    </annotation>
    <annotation annotator="Michael Bada" id="UBERON_Instance_590796" type="identity">
      <class id="UBERON:0000991" label="gonad"/>
      <span end="14567" id="16700629-18377" start="14561">gonads</span>
    </annotation>
    <annotation annotator="Michael Bada" id="UBERON_Instance_590798" type="identity">
      <class id="UBERON:0000991" label="gonad"/>
      <span end="14665" id="16700629-18379" start="14659">gonads</span>
    </annotation>
    <annotation annotator="Michael Bada" id="UBERON_Instance_590334" type="identity">
      <class id="UBERON:0000922" label="embryo"/>
      <span end="14894" id="16700629-18297" start="14887">embryos</span>
    </annotation>
    <annotation annotator="Michael Bada" id="UBERON_Instance_590070" type="identity">
      <class id="UBERON:0004535" label="cardiovascular system"/>
      <span end="14939" id="16700629-18281" start="14925">cardiovascular</span>
    </annotation>
    <annotation annotator="Michael Bada" id="UBERON_Instance_590800" type="identity">
      <class id="UBERON:0000991" label="gonad"/>
      <span end="15032" id="16700629-18381" start="15026">gonads</span>
    </annotation>
    <annotation annotator="Michael Bada" id="UBERON_Instance_590802" type="identity">
      <class id="UBERON:0000991" label="gonad"/>
      <span end="15137" id="16700629-18383" start="15131">gonads</span>
    </annotation>
    <annotation annotator="Michael Bada" id="UBERON_Instance_590804" type="identity">
      <class id="UBERON:0000991" label="gonad"/>
      <span end="15371" id="16700629-18385" start="15365">gonads</span>
    </annotation>
    <annotation annotator="Michael Bada" id="UBERON_Instance_590806" type="identity">
      <class id="UBERON:0000991" label="gonad"/>
      <span end="15546" id="16700629-18387" start="15540">gonads</span>
    </annotation>
    <annotation annotator="Michael Bada" id="UBERON_Instance_590808" type="identity">
      <class id="UBERON:0000991" label="gonad"/>
      <span end="15889" id="16700629-18389" start="15883">gonads</span>
    </annotation>
    <annotation annotator="Michael Bada" id="UBERON_Instance_590810" type="identity">
      <class id="UBERON:0000991" label="gonad"/>
      <span end="15915" id="16700629-18391" start="15909">Gonads</span>
    </annotation>
    <annotation annotator="Michael Bada" id="UBERON_Instance_590812" type="identity">
      <class id="UBERON:0000991" label="gonad"/>
      <span end="15934" id="16700629-18393" start="15928">Gonads</span>
    </annotation>
    <annotation annotator="Michael Bada" id="UBERON_Instance_590814" type="identity">
      <class id="UBERON:0000991" label="gonad"/>
      <span end="16063" id="16700629-18395" start="16057">gonads</span>
    </annotation>
    <annotation annotator="Michael Bada" id="UBERON_Instance_590816" type="identity">
      <class id="UBERON:0000991" label="gonad"/>
      <span end="16184" id="16700629-18397" start="16178">gonads</span>
    </annotation>
    <annotation annotator="Michael Bada" id="UBERON_Instance_590818" type="identity">
      <class id="UBERON:0000991" label="gonad"/>
      <span end="16270" id="16700629-18399" start="16264">gonads</span>
    </annotation>
    <annotation annotator="Michael Bada" id="UBERON_Instance_590820" type="identity">
      <class id="UBERON:0000991" label="gonad"/>
      <span end="16446" id="16700629-18401" start="16440">gonads</span>
    </annotation>
    <annotation annotator="Michael Bada" id="UBERON_Instance_590822" type="identity">
      <class id="UBERON:0000991" label="gonad"/>
      <span end="16579" id="16700629-18403" start="16573">gonads</span>
    </annotation>
    <annotation annotator="Michael Bada" id="UBERON_Instance_590824" type="identity">
      <class id="UBERON:0000991" label="gonad"/>
      <span end="16630" id="16700629-18405" start="16624">gonads</span>
    </annotation>
    <annotation annotator="Michael Bada" id="UBERON_Instance_590826" type="identity">
      <class id="UBERON:0000991" label="gonad"/>
      <span end="16895" id="16700629-18407" start="16889">gonads</span>
    </annotation>
    <annotation annotator="Michael Bada" id="UBERON_Instance_590828" type="identity">
      <class id="UBERON:0000991" label="gonad"/>
      <span end="17025" id="16700629-18409" start="17019">gonads</span>
    </annotation>
    <annotation annotator="Michael Bada" id="UBERON_Instance_590830" type="identity">
      <class id="UBERON:0000991" label="gonad"/>
      <span end="17241" id="16700629-18411" start="17235">gonads</span>
    </annotation>
    <annotation annotator="Michael Bada" id="UBERON_Instance_590832" type="identity">
      <class id="UBERON:0000991" label="gonad"/>
      <span end="17346" id="16700629-18413" start="17340">gonads</span>
    </annotation>
    <annotation annotator="Michael Bada" id="UBERON_Instance_590834" type="identity">
      <class id="UBERON:0000991" label="gonad"/>
      <span end="17403" id="16700629-18415" start="17397">gonads</span>
    </annotation>
    <annotation annotator="Michael Bada" id="UBERON_Instance_591164" type="identity">
      <class id="UBERON:0000080" label="mesonephros"/>
      <span end="17425" id="16700629-18743" start="17414">mesonephric</span>
    </annotation>
    <annotation annotator="Michael Bada" id="UBERON_Instance_590836" type="identity">
      <class id="UBERON:0000991" label="gonad"/>
      <span end="17615" id="16700629-18417" start="17609">gonads</span>
    </annotation>
    <annotation annotator="Michael Bada" id="UBERON_Instance_590838" type="identity">
      <class id="UBERON:0000991" label="gonad"/>
      <span end="17735" id="16700629-18419" start="17729">gonads</span>
    </annotation>
    <annotation annotator="Michael Bada" id="UBERON_Instance_590840" type="identity">
      <class id="UBERON:0000991" label="gonad"/>
      <span end="18047" id="16700629-18421" start="18041">gonads</span>
    </annotation>
    <annotation annotator="Michael Bada" id="UBERON_Instance_590842" type="identity">
      <class id="UBERON:0000991" label="gonad"/>
      <span end="18125" id="16700629-18423" start="18119">gonads</span>
    </annotation>
    <annotation annotator="Michael Bada" id="UBERON_Instance_590844" type="identity">
      <class id="UBERON:0000991" label="gonad"/>
      <span end="18343" id="16700629-18425" start="18337">gonads</span>
    </annotation>
    <annotation annotator="Michael Bada" id="UBERON_Instance_590846" type="identity">
      <class id="UBERON:0000991" label="gonad"/>
      <span end="18537" id="16700629-18427" start="18531">gonads</span>
    </annotation>
    <annotation annotator="Michael Bada" id="UBERON_Instance_591168" type="identity">
      <class id="UBERON:0003074" label="mesonephric duct"/>
      <span end="18653" id="16700629-18747" start="18642">mesonephric</span>
      <span end="18671" id="16700629-18748" start="18666">ducts</span>
    </annotation>
    <annotation annotator="Michael Bada" id="UBERON_Instance_591166" type="identity">
      <class id="UBERON:0000083" label="mesonephric tubule"/>
      <span end="18661" id="16700629-18745" start="18642">mesonephric tubules</span>
    </annotation>
    <annotation annotator="Michael Bada" id="UBERON_Instance_590848" type="identity">
      <class id="UBERON:0000991" label="gonad"/>
      <span end="18799" id="16700629-18429" start="18793">gonads</span>
    </annotation>
    <annotation annotator="Michael Bada" id="UBERON_Instance_591172" type="identity">
      <class id="UBERON:0000992" label="female gonad"/>
      <span end="19109" id="16700629-18750" start="19104">ovary</span>
    </annotation>
    <annotation annotator="Michael Bada" id="UBERON_Instance_591050" type="identity">
      <class id="UBERON:0000991" label="gonad"/>
      <span end="19201" id="16700629-18631" start="19196">gonad</span>
    </annotation>
    <annotation annotator="Michael Bada" id="UBERON_Instance_590850" type="identity">
      <class id="UBERON:0000991" label="gonad"/>
      <span end="19331" id="16700629-18431" start="19325">gonads</span>
    </annotation>
    <annotation annotator="Michael Bada" id="UBERON_Instance_590852" type="identity">
      <class id="UBERON:0000991" label="gonad"/>
      <span end="19464" id="16700629-18433" start="19458">gonads</span>
    </annotation>
    <annotation annotator="Michael Bada" id="UBERON_Instance_590854" type="identity">
      <class id="UBERON:0000991" label="gonad"/>
      <span end="19595" id="16700629-18435" start="19589">gonads</span>
    </annotation>
    <annotation annotator="Michael Bada" id="UBERON_Instance_591052" type="identity">
      <class id="UBERON:0000991" label="gonad"/>
      <span end="19754" id="16700629-18633" start="19749">gonad</span>
    </annotation>
    <annotation annotator="Michael Bada" id="UBERON_Instance_591174" type="identity">
      <class id="UBERON:0000080" label="mesonephros"/>
      <span end="19766" id="16700629-18752" start="19755">mesonephros</span>
    </annotation>
    <annotation annotator="Michael Bada" id="UBERON_Instance_590856" type="identity">
      <class id="UBERON:0000991" label="gonad"/>
      <span end="19894" id="16700629-18437" start="19888">gonads</span>
    </annotation>
    <annotation annotator="Michael Bada" id="UBERON_Instance_590858" type="identity">
      <class id="UBERON:0000991" label="gonad"/>
      <span end="20088" id="16700629-18439" start="20082">gonads</span>
    </annotation>
    <annotation annotator="Michael Bada" id="UBERON_Instance_591054" type="identity">
      <class id="UBERON:0000991" label="gonad"/>
      <span end="20213" id="16700629-18635" start="20208">gonad</span>
    </annotation>
    <annotation annotator="Michael Bada" id="UBERON_Instance_590860" type="identity">
      <class id="UBERON:0000991" label="gonad"/>
      <span end="20335" id="16700629-18441" start="20329">gonads</span>
    </annotation>
    <annotation annotator="Michael Bada" id="UBERON_Instance_590862" type="identity">
      <class id="UBERON:0000991" label="gonad"/>
      <span end="20502" id="16700629-18443" start="20496">gonads</span>
    </annotation>
    <annotation annotator="Michael Bada" id="UBERON_Instance_590864" type="identity">
      <class id="UBERON:0000991" label="gonad"/>
      <span end="20532" id="16700629-18445" start="20526">gonads</span>
    </annotation>
    <annotation annotator="Michael Bada" id="UBERON_Instance_590866" type="identity">
      <class id="UBERON:0000991" label="gonad"/>
      <span end="20908" id="16700629-18447" start="20902">gonads</span>
    </annotation>
    <annotation annotator="Michael Bada" id="UBERON_Instance_590868" type="identity">
      <class id="UBERON:0000991" label="gonad"/>
      <span end="21039" id="16700629-18449" start="21033">gonads</span>
    </annotation>
    <annotation annotator="Michael Bada" id="UBERON_Instance_590870" type="identity">
      <class id="UBERON:0000991" label="gonad"/>
      <span end="21136" id="16700629-18451" start="21130">gonads</span>
    </annotation>
    <annotation annotator="Michael Bada" id="UBERON_Instance_590872" type="identity">
      <class id="UBERON:0000991" label="gonad"/>
      <span end="21211" id="16700629-18453" start="21205">gonads</span>
    </annotation>
    <annotation annotator="Michael Bada" id="UBERON_Instance_590874" type="identity">
      <class id="UBERON:0000991" label="gonad"/>
      <span end="21325" id="16700629-18455" start="21319">gonads</span>
    </annotation>
    <annotation annotator="Michael Bada" id="UBERON_Instance_590876" type="identity">
      <class id="UBERON:0000991" label="gonad"/>
      <span end="21576" id="16700629-18457" start="21570">gonads</span>
    </annotation>
    <annotation annotator="Michael Bada" id="UBERON_Instance_590878" type="identity">
      <class id="UBERON:0000991" label="gonad"/>
      <span end="21607" id="16700629-18459" start="21601">gonads</span>
    </annotation>
    <annotation annotator="Michael Bada" id="UBERON_Instance_590880" type="identity">
      <class id="UBERON:0000991" label="gonad"/>
      <span end="21662" id="16700629-18461" start="21656">gonads</span>
    </annotation>
    <annotation annotator="Michael Bada" id="UBERON_Instance_590052" type="identity">
      <class id="UBERON:0005297" label="testis sex cord"/>
      <span end="21740" id="16700629-18271" start="21729">testis cord</span>
    </annotation>
    <annotation annotator="Michael Bada" id="UBERON_Instance_591056" type="identity">
      <class id="UBERON:0000991" label="gonad"/>
      <span end="22135" id="16700629-18637" start="22130">gonad</span>
    </annotation>
    <annotation annotator="Michael Bada" id="UBERON_Instance_590882" type="identity">
      <class id="UBERON:0000991" label="gonad"/>
      <span end="22261" id="16700629-18463" start="22255">gonads</span>
    </annotation>
    <annotation annotator="Michael Bada" id="UBERON_Instance_590884" type="identity">
      <class id="UBERON:0000991" label="gonad"/>
      <span end="22460" id="16700629-18465" start="22454">gonads</span>
    </annotation>
    <annotation annotator="Michael Bada" id="UBERON_Instance_591058" type="identity">
      <class id="UBERON:0000991" label="gonad"/>
      <span end="22704" id="16700629-18639" start="22697">gonadal</span>
    </annotation>
    <annotation annotator="Michael Bada" id="UBERON_Instance_620010" type="identity">
      <class id="UBERON:0007688" label="anlage"/>
      <span end="22710" id="16700629-18832" start="22705">field</span>
    </annotation>
    <annotation annotator="Michael Bada" id="UBERON_Instance_591178" type="identity">
      <class id="UBERON:3011048" label="genital system"/>
      <span end="22735" id="16700629-18754" start="22728">genital</span>
    </annotation>
    <annotation annotator="Michael Bada" id="UBERON_Instance_620012" type="identity">
      <class id="UBERON:0007688" label="anlage"/>
      <span end="22756" id="16700629-18834" start="22751">field</span>
    </annotation>
    <annotation annotator="Michael Bada" id="UBERON_Instance_591180" type="identity">
      <class id="UBERON:3011048" label="genital system"/>
      <span end="22897" id="16700629-18756" start="22890">genital</span>
    </annotation>
    <annotation annotator="Michael Bada" id="UBERON_Instance_591060" type="identity">
      <class id="UBERON:0000991" label="gonad"/>
      <span end="23469" id="16700629-18641" start="23464">gonad</span>
    </annotation>
    <annotation annotator="Michael Bada" id="UBERON_Instance_591062" type="identity">
      <class id="UBERON:0000991" label="gonad"/>
      <span end="23855" id="16700629-18643" start="23850">gonad</span>
    </annotation>
    <annotation annotator="Michael Bada" id="UBERON_Instance_591064" type="identity">
      <class id="UBERON:0000991" label="gonad"/>
      <span end="23951" id="16700629-18645" start="23946">gonad</span>
    </annotation>
    <annotation annotator="Michael Bada" id="UBERON_Instance_591066" type="identity">
      <class id="UBERON:0000991" label="gonad"/>
      <span end="24463" id="16700629-18647" start="24458">gonad</span>
    </annotation>
    <annotation annotator="Michael Bada" id="UBERON_Instance_590886" type="identity">
      <class id="UBERON:0000991" label="gonad"/>
      <span end="25035" id="16700629-18467" start="25029">gonads</span>
    </annotation>
    <annotation annotator="Michael Bada" id="UBERON_Instance_620014" type="identity">
      <class id="UBERON:0004208" label="nephrogenic mesenchyme"/>
      <span end="25559" id="16700629-18836" start="25536">nephrogenous mesenchyme</span>
    </annotation>
    <annotation annotator="Michael Bada" id="UBERON_Instance_591068" type="identity">
      <class id="UBERON:0000991" label="gonad"/>
      <span end="25591" id="16700629-18649" start="25584">gonadal</span>
    </annotation>
    <annotation annotator="Michael Bada" id="UBERON_Instance_591070" type="identity">
      <class id="UBERON:0000991" label="gonad"/>
      <span end="25643" id="16700629-18651" start="25636">gonadal</span>
    </annotation>
    <annotation annotator="Michael Bada" id="UBERON_Instance_591072" type="identity">
      <class id="UBERON:0000991" label="gonad"/>
      <span end="25822" id="16700629-18653" start="25817">gonad</span>
    </annotation>
    <annotation annotator="Michael Bada" id="UBERON_Instance_590888" type="identity">
      <class id="UBERON:0000991" label="gonad"/>
      <span end="26068" id="16700629-18469" start="26062">gonads</span>
    </annotation>
    <annotation annotator="Michael Bada" id="UBERON_Instance_590890" type="identity">
      <class id="UBERON:0000991" label="gonad"/>
      <span end="26786" id="16700629-18471" start="26780">gonads</span>
    </annotation>
    <annotation annotator="Michael Bada" id="UBERON_Instance_590054" type="identity">
      <class id="UBERON:0000473" label="testis"/>
      <span end="27109" id="16700629-18273" start="27103">testis</span>
    </annotation>
    <annotation annotator="Michael Bada" id="UBERON_Instance_591074" type="identity">
      <class id="UBERON:0000991" label="gonad"/>
      <span end="27234" id="16700629-18655" start="27229">gonad</span>
    </annotation>
    <annotation annotator="Michael Bada" id="UBERON_Instance_591076" type="identity">
      <class id="UBERON:0000991" label="gonad"/>
      <span end="27534" id="16700629-18657" start="27529">gonad</span>
    </annotation>
    <annotation annotator="Michael Bada" id="UBERON_Instance_591078" type="identity">
      <class id="UBERON:0000991" label="gonad"/>
      <span end="28083" id="16700629-18659" start="28078">gonad</span>
    </annotation>
    <annotation annotator="Michael Bada" id="UBERON_Instance_590892" type="identity">
      <class id="UBERON:0000991" label="gonad"/>
      <span end="28569" id="16700629-18473" start="28563">gonads</span>
    </annotation>
    <annotation annotator="Michael Bada" id="UBERON_Instance_591080" type="identity">
      <class id="UBERON:0000991" label="gonad"/>
      <span end="29238" id="16700629-18661" start="29233">gonad</span>
    </annotation>
    <annotation annotator="Michael Bada" id="UBERON_Instance_591182" type="identity">
      <class id="UBERON:0000473" label="testis"/>
      <span end="29257" id="16700629-18758" start="29247">testicular</span>
    </annotation>
    <annotation annotator="Michael Bada" id="UBERON_Instance_591184" type="identity">
      <class id="UBERON:0000992" label="female gonad"/>
      <span end="29269" id="16700629-18760" start="29262">ovarian</span>
    </annotation>
    <annotation annotator="Michael Bada" id="UBERON_Instance_591082" type="identity">
      <class id="UBERON:0000991" label="gonad"/>
      <span end="29450" id="16700629-18663" start="29445">gonad</span>
    </annotation>
    <annotation annotator="Michael Bada" id="UBERON_Instance_591186" type="identity">
      <class id="UBERON:0011997" label="coelom"/>
      <span end="29569" id="16700629-18762" start="29561">coelomic</span>
    </annotation>
    <annotation annotator="Michael Bada" id="UBERON_Instance_591188" type="identity">
      <class id="UBERON:0000080" label="mesonephros"/>
      <span end="29619" id="16700629-18764" start="29608">mesonephric</span>
    </annotation>
    <annotation annotator="Michael Bada" id="UBERON_Instance_590894" type="identity">
      <class id="UBERON:0000991" label="gonad"/>
      <span end="29661" id="16700629-18475" start="29655">gonads</span>
    </annotation>
    <annotation annotator="Michael Bada" id="UBERON_Instance_590896" type="identity">
      <class id="UBERON:0000991" label="gonad"/>
      <span end="29872" id="16700629-18477" start="29866">gonads</span>
    </annotation>
    <annotation annotator="Michael Bada" id="UBERON_Instance_590898" type="identity">
      <class id="UBERON:0000991" label="gonad"/>
      <span end="29892" id="16700629-18479" start="29886">gonads</span>
    </annotation>
    <annotation annotator="Michael Bada" id="UBERON_Instance_591084" type="identity">
      <class id="UBERON:0000991" label="gonad"/>
      <span end="30010" id="16700629-18665" start="30003">gonadal</span>
    </annotation>
    <annotation annotator="Michael Bada" id="UBERON_Instance_620016" type="identity">
      <class id="UBERON:0007688" label="anlage"/>
      <span end="30016" id="16700629-18838" start="30011">field</span>
    </annotation>
    <annotation annotator="Michael Bada" id="UBERON_Instance_590056" type="identity">
      <class id="UBERON:0000473" label="testis"/>
      <span end="30385" id="16700629-18275" start="30379">testis</span>
    </annotation>
    <annotation annotator="Michael Bada" id="UBERON_Instance_590336" type="identity">
      <class id="UBERON:0000922" label="embryo"/>
      <span end="30987" id="16700629-18299" start="30980">embryos</span>
    </annotation>
    <annotation annotator="Michael Bada" id="UBERON_Instance_590900" type="identity">
      <class id="UBERON:0000991" label="gonad"/>
      <span end="32260" id="16700629-18481" start="32254">gonads</span>
    </annotation>
    <annotation annotator="Michael Bada" id="UBERON_Instance_620018" type="identity">
      <class id="UBERON:0000992" label="female gonad"/>
      <span end="32578" id="16700629-18840" start="32573">ovary</span>
    </annotation>
    <annotation annotator="Michael Bada" id="UBERON_Instance_590902" type="identity">
      <class id="UBERON:0000991" label="gonad"/>
      <span end="32608" id="16700629-18483" start="32602">gonads</span>
    </annotation>
    <annotation annotator="Michael Bada" id="UBERON_Instance_591086" type="identity">
      <class id="UBERON:0000991" label="gonad"/>
      <span end="32720" id="16700629-18667" start="32713">gonadal</span>
    </annotation>
    <annotation annotator="Michael Bada" id="UBERON_Instance_590338" type="identity">
      <class id="UBERON:0000922" label="embryo"/>
      <span end="32752" id="16700629-18301" start="32745">embryos</span>
    </annotation>
    <annotation annotator="Michael Bada" id="UBERON_Instance_620020" type="identity">
      <class id="UBERON:0000305" label="amnion"/>
      <span end="32825" id="16700629-18842" start="32818">amnions</span>
    </annotation>
    <annotation annotator="Michael Bada" id="UBERON_Instance_591190" type="identity">
      <class id="UBERON:0005294" label="genital ridge"/>
      <span end="32865" id="16700629-18766" start="32851">genital ridges</span>
    </annotation>
    <annotation annotator="Michael Bada" id="UBERON_Instance_590904" type="identity">
      <class id="UBERON:0000991" label="gonad"/>
      <span end="32891" id="16700629-18485" start="32885">gonads</span>
    </annotation>
    <annotation annotator="Michael Bada" id="UBERON_Instance_591192" type="identity">
      <class id="UBERON:0000080" label="mesonephros"/>
      <span end="32923" id="16700629-18768" start="32912">mesonephroi</span>
    </annotation>
    <annotation annotator="Michael Bada" id="UBERON_Instance_590906" type="identity">
      <class id="UBERON:0000991" label="gonad"/>
      <span end="32935" id="16700629-18487" start="32929">gonads</span>
    </annotation>
    <annotation annotator="Michael Bada" id="UBERON_Instance_591194" type="identity">
      <class id="UBERON:0001977" label="serum"/>
      <span end="33254" id="16700629-18770" start="33249">serum</span>
    </annotation>
    <annotation annotator="Michael Bada" id="UBERON_Instance_591088" type="identity">
      <class id="UBERON:0000991" label="gonad"/>
      <span end="33648" id="16700629-18669" start="33643">Gonad</span>
    </annotation>
    <annotation annotator="Michael Bada" id="UBERON_Instance_591090" type="identity">
      <class id="UBERON:0000991" label="gonad"/>
      <span end="33672" id="16700629-18671" start="33667">Gonad</span>
    </annotation>
    <annotation annotator="Michael Bada" id="UBERON_Instance_591196" type="identity">
      <class id="UBERON:0000080" label="mesonephros"/>
      <span end="33684" id="16700629-18772" start="33673">mesonephros</span>
    </annotation>
    <annotation annotator="Michael Bada" id="UBERON_Instance_591092" type="identity">
      <class id="UBERON:0000991" label="gonad"/>
      <span end="33942" id="16700629-18673" start="33937">gonad</span>
    </annotation>
    <annotation annotator="Michael Bada" id="UBERON_Instance_590908" type="identity">
      <class id="UBERON:0000991" label="gonad"/>
      <span end="34219" id="16700629-18489" start="34213">Gonads</span>
    </annotation>
    <annotation annotator="Michael Bada" id="UBERON_Instance_590910" type="identity">
      <class id="UBERON:0000991" label="gonad"/>
      <span end="34342" id="16700629-18491" start="34336">gonads</span>
    </annotation>
    <annotation annotator="Michael Bada" id="UBERON_Instance_591198" type="identity">
      <class id="UBERON:0004122" label="genitourinary system"/>
      <span end="34628" id="16700629-18774" start="34618">urogenital</span>
    </annotation>
    <annotation annotator="Michael Bada" id="UBERON_Instance_591200" type="identity">
      <class id="UBERON:0001986" label="endothelium"/>
      <span end="34948" id="16700629-18776" start="34937">endothelial</span>
    </annotation>
    <annotation annotator="Michael Bada" id="UBERON_Instance_620022" type="identity">
      <class id="UBERON:0000023" label="wing"/>
      <span end="35046" id="16700629-18844" start="35042">wing</span>
    </annotation>
    <annotation annotator="Michael Bada" id="UBERON_Instance_590340" type="identity">
      <class id="UBERON:0000922" label="embryo"/>
      <span end="35168" id="16700629-18303" start="35159">Embryonic</span>
    </annotation>
    <annotation annotator="Michael Bada" id="UBERON_Instance_590912" type="identity">
      <class id="UBERON:0000991" label="gonad"/>
      <span end="35175" id="16700629-18493" start="35169">Gonads</span>
    </annotation>
    <annotation annotator="Michael Bada" id="UBERON_Instance_591094" type="identity">
      <class id="UBERON:0000991" label="gonad"/>
      <span end="35243" id="16700629-18675" start="35238">gonad</span>
    </annotation>
    <annotation annotator="Michael Bada" id="UBERON_Instance_590914" type="identity">
      <class id="UBERON:0000991" label="gonad"/>
      <span end="35290" id="16700629-18495" start="35284">gonads</span>
    </annotation>
    <annotation annotator="Michael Bada" id="UBERON_Instance_590916" type="identity">
      <class id="UBERON:0000991" label="gonad"/>
      <span end="35437" id="16700629-18497" start="35431">gonads</span>
    </annotation>
    <annotation annotator="Michael Bada" id="UBERON_Instance_590918" type="identity">
      <class id="UBERON:0000991" label="gonad"/>
      <span end="35540" id="16700629-18499" start="35534">gonads</span>
    </annotation>
    <annotation annotator="Michael Bada" id="UBERON_Instance_590058" type="identity">
      <class id="UBERON:0005297" label="testis sex cord"/>
      <span end="35629" id="16700629-18277" start="35617">Testis cords</span>
    </annotation>
    <annotation annotator="Michael Bada" id="UBERON_Instance_590920" type="identity">
      <class id="UBERON:0000991" label="gonad"/>
      <span end="35697" id="16700629-18501" start="35691">gonads</span>
    </annotation>
    <annotation annotator="Michael Bada" id="UBERON_Instance_590922" type="identity">
      <class id="UBERON:0000991" label="gonad"/>
      <span end="35778" id="16700629-18503" start="35772">gonads</span>
    </annotation>
    <annotation annotator="Michael Bada" id="UBERON_Instance_610248" type="identity">
      <class id="UBERON:0005297" label="testis sex cord"/>
      <span end="35844" id="16700629-18818" start="35839">cords</span>
    </annotation>
    <annotation annotator="Michael Bada" id="UBERON_Instance_591096" type="identity">
      <class id="UBERON:0000991" label="gonad"/>
      <span end="35914" id="16700629-18677" start="35909">gonad</span>
    </annotation>
    <annotation annotator="Michael Bada" id="UBERON_Instance_591202" type="identity">
      <class id="UBERON:0000080" label="mesonephros"/>
      <span end="35930" id="16700629-18778" start="35919">mesonephroi</span>
    </annotation>
    <annotation annotator="Michael Bada" id="UBERON_Instance_591204" type="identity">
      <class id="UBERON:0001986" label="endothelium"/>
      <span end="35987" id="16700629-18780" start="35976">endothelial</span>
    </annotation>
    <annotation annotator="Michael Bada" id="UBERON_Instance_591100" type="identity">
      <class id="UBERON:0000991" label="gonad"/>
      <span end="36045" id="16700629-18681" start="36044">g</span>
    </annotation>
    <annotation annotator="Michael Bada" id="UBERON_Instance_591098" type="identity">
      <class id="UBERON:0000991" label="gonad"/>
      <span end="36052" id="16700629-18679" start="36047">gonad</span>
    </annotation>
    <annotation annotator="Michael Bada" id="UBERON_Instance_591208" type="identity">
      <class id="UBERON:0000080" label="mesonephros"/>
      <span end="36055" id="16700629-18784" start="36054">m</span>
    </annotation>
    <annotation annotator="Michael Bada" id="UBERON_Instance_591206" type="identity">
      <class id="UBERON:0000080" label="mesonephros"/>
      <span end="36068" id="16700629-18782" start="36057">mesonephroi</span>
    </annotation>
    <annotation annotator="Michael Bada" id="UBERON_Instance_590924" type="identity">
      <class id="UBERON:0000991" label="gonad"/>
      <span end="36212" id="16700629-18505" start="36206">gonads</span>
    </annotation>
    <annotation annotator="Michael Bada" id="UBERON_Instance_590926" type="identity">
      <class id="UBERON:0000991" label="gonad"/>
      <span end="36400" id="16700629-18507" start="36394">gonads</span>
    </annotation>
    <annotation annotator="Michael Bada" id="UBERON_Instance_591210" type="identity">
      <class id="UBERON:0001986" label="endothelium"/>
      <span end="36563" id="16700629-18786" start="36552">endothelial</span>
    </annotation>
    <annotation annotator="Michael Bada" id="UBERON_Instance_590928" type="identity">
      <class id="UBERON:0000991" label="gonad"/>
      <span end="36674" id="16700629-18509" start="36668">gonads</span>
    </annotation>
    <annotation annotator="Michael Bada" id="UBERON_Instance_591102" type="identity">
      <class id="UBERON:0000991" label="gonad"/>
      <span end="36737" id="16700629-18683" start="36730">gonadal</span>
    </annotation>
    <annotation annotator="Michael Bada" id="UBERON_Instance_591104" type="identity">
      <class id="UBERON:0000991" label="gonad"/>
      <span end="36966" id="16700629-18685" start="36961">gonad</span>
    </annotation>
    <annotation annotator="Michael Bada" id="UBERON_Instance_590930" type="identity">
      <class id="UBERON:0000991" label="gonad"/>
      <span end="37047" id="16700629-18511" start="37041">gonads</span>
    </annotation>
    <annotation annotator="Michael Bada" id="UBERON_Instance_590932" type="identity">
      <class id="UBERON:0000991" label="gonad"/>
      <span end="37127" id="16700629-18513" start="37121">gonads</span>
    </annotation>
    <annotation annotator="Michael Bada" id="UBERON_Instance_591212" type="identity">
      <class id="UBERON:0001986" label="endothelium"/>
      <span end="37235" id="16700629-18788" start="37224">endothelial</span>
    </annotation>
    <annotation annotator="Michael Bada" id="UBERON_Instance_590934" type="identity">
      <class id="UBERON:0000991" label="gonad"/>
      <span end="37415" id="16700629-18515" start="37409">gonads</span>
    </annotation>
    <annotation annotator="Michael Bada" id="UBERON_Instance_590936" type="identity">
      <class id="UBERON:0000991" label="gonad"/>
      <span end="37554" id="16700629-18517" start="37548">gonads</span>
    </annotation>
    <annotation annotator="Michael Bada" id="UBERON_Instance_590938" type="identity">
      <class id="UBERON:0000991" label="gonad"/>
      <span end="37680" id="16700629-18519" start="37674">gonads</span>
    </annotation>
    <annotation annotator="Michael Bada" id="UBERON_Instance_590940" type="identity">
      <class id="UBERON:0000991" label="gonad"/>
      <span end="37837" id="16700629-18521" start="37831">gonads</span>
    </annotation>
    <annotation annotator="Michael Bada" id="UBERON_Instance_590942" type="identity">
      <class id="UBERON:0000991" label="gonad"/>
      <span end="37951" id="16700629-18523" start="37945">gonads</span>
    </annotation>
    <annotation annotator="Michael Bada" id="UBERON_Instance_590944" type="identity">
      <class id="UBERON:0000991" label="gonad"/>
      <span end="38048" id="16700629-18525" start="38042">gonads</span>
    </annotation>
    <annotation annotator="Michael Bada" id="UBERON_Instance_590946" type="identity">
      <class id="UBERON:0000991" label="gonad"/>
      <span end="38147" id="16700629-18527" start="38141">gonads</span>
    </annotation>
    <annotation annotator="Michael Bada" id="UBERON_Instance_610250" type="identity">
      <class id="UBERON:0000991" label="gonad"/>
      <span end="38250" id="16700629-18820" start="38245">gonad</span>
    </annotation>
    <annotation annotator="Michael Bada" id="UBERON_Instance_591214" type="identity">
      <class id="UBERON:0001851" label="cortex"/>
      <span end="38403" id="16700629-18790" start="38395">cortical</span>
    </annotation>
    <annotation annotator="Michael Bada" id="UBERON_Instance_591216" type="identity">
      <class id="UBERON:0000991" label="gonad"/>
      <span end="38424" id="16700629-18792" start="38419">gonad</span>
    </annotation>
    <annotation annotator="Michael Bada" id="UBERON_Instance_590948" type="identity">
      <class id="UBERON:0000991" label="gonad"/>
      <span end="38503" id="16700629-18529" start="38497">gonads</span>
    </annotation>
    <annotation annotator="Michael Bada" id="UBERON_Instance_591218" type="identity">
      <class id="UBERON:0000991" label="gonad"/>
      <span end="38545" id="16700629-18794" start="38540">gonad</span>
    </annotation>
    <annotation annotator="Michael Bada" id="UBERON_Instance_590950" type="identity">
      <class id="UBERON:0000991" label="gonad"/>
      <span end="38571" id="16700629-18531" start="38565">gonads</span>
    </annotation>
    <annotation annotator="Michael Bada" id="UBERON_Instance_590952" type="identity">
      <class id="UBERON:0000991" label="gonad"/>
      <span end="38894" id="16700629-18533" start="38888">gonads</span>
    </annotation>
    <annotation annotator="Michael Bada" id="UBERON_Instance_590954" type="identity">
      <class id="UBERON:0000991" label="gonad"/>
      <span end="38977" id="16700629-18535" start="38971">gonads</span>
    </annotation>
    <annotation annotator="Michael Bada" id="UBERON_Instance_590956" type="identity">
      <class id="UBERON:0000991" label="gonad"/>
      <span end="39055" id="16700629-18537" start="39049">gonads</span>
    </annotation>
    <annotation annotator="Michael Bada" id="UBERON_Instance_590958" type="identity">
      <class id="UBERON:0000991" label="gonad"/>
      <span end="39162" id="16700629-18539" start="39156">gonads</span>
    </annotation>
    <annotation annotator="Michael Bada" id="UBERON_Instance_590960" type="identity">
      <class id="UBERON:0000991" label="gonad"/>
      <span end="39198" id="16700629-18541" start="39192">gonads</span>
    </annotation>
    <annotation annotator="Michael Bada" id="UBERON_Instance_591220" type="identity">
      <class id="UBERON:0000083" label="mesonephric tubule"/>
      <span end="39265" id="16700629-18796" start="39246">mesonephric tubules</span>
    </annotation>
    <annotation annotator="Michael Bada" id="UBERON_Instance_591222" type="identity">
      <class id="UBERON:0000083" label="mesonephric tubule"/>
      <span end="39268" id="16700629-18798" start="39267">m</span>
    </annotation>
    <annotation annotator="Michael Bada" id="UBERON_Instance_590962" type="identity">
      <class id="UBERON:0000991" label="gonad"/>
      <span end="39290" id="16700629-18543" start="39284">gonads</span>
    </annotation>
    <annotation annotator="Michael Bada" id="UBERON_Instance_591224" type="identity">
      <class id="UBERON:0000080" label="mesonephros"/>
      <span end="39371" id="16700629-18800" start="39360">mesonephros</span>
    </annotation>
    <annotation annotator="Michael Bada" id="UBERON_Instance_591106" type="identity">
      <class id="UBERON:0000991" label="gonad"/>
      <span end="39381" id="16700629-18687" start="39376">gonad</span>
    </annotation>
    <annotation annotator="Michael Bada" id="UBERON_Instance_620024" type="identity">
      <class id="UBERON:0000992" label="female gonad"/>
      <span end="39458" id="16700629-18846" start="39453">ovary</span>
    </annotation>
    <annotation annotator="Michael Bada" id="UBERON_Instance_590964" type="identity">
      <class id="UBERON:0000991" label="gonad"/>
      <span end="39505" id="16700629-18545" start="39499">gonads</span>
    </annotation>
    <annotation annotator="Michael Bada" id="UBERON_Instance_591110" type="identity">
      <class id="UBERON:0000991" label="gonad"/>
      <span end="39632" id="16700629-18691" start="39631">g</span>
    </annotation>
    <annotation annotator="Michael Bada" id="UBERON_Instance_591108" type="identity">
      <class id="UBERON:0000991" label="gonad"/>
      <span end="39639" id="16700629-18689" start="39634">gonad</span>
    </annotation>
    <annotation annotator="Michael Bada" id="UBERON_Instance_591226" type="identity">
      <class id="UBERON:0000080" label="mesonephros"/>
      <span end="39642" id="16700629-18802" start="39641">m</span>
    </annotation>
    <annotation annotator="Michael Bada" id="UBERON_Instance_591228" type="identity">
      <class id="UBERON:0000080" label="mesonephros"/>
      <span end="39655" id="16700629-18804" start="39644">mesonephros</span>
    </annotation>
    <annotation annotator="Michael Bada" id="UBERON_Instance_591112" type="identity">
      <class id="UBERON:0000991" label="gonad"/>
      <span end="39762" id="16700629-18693" start="39757">gonad</span>
    </annotation>
    <annotation annotator="Michael Bada" id="UBERON_Instance_591114" type="identity">
      <class id="UBERON:0000991" label="gonad"/>
      <span end="39803" id="16700629-18695" start="39798">gonad</span>
    </annotation>
    <annotation annotator="Michael Bada" id="UBERON_Instance_590966" type="identity">
      <class id="UBERON:0000991" label="gonad"/>
      <span end="39884" id="16700629-18547" start="39878">gonads</span>
    </annotation>
    <annotation annotator="Michael Bada" id="UBERON_Instance_590968" type="identity">
      <class id="UBERON:0000991" label="gonad"/>
      <span end="40021" id="16700629-18549" start="40015">gonads</span>
    </annotation>
    <annotation annotator="Michael Bada" id="UBERON_Instance_590970" type="identity">
      <class id="UBERON:0000991" label="gonad"/>
      <span end="40142" id="16700629-18551" start="40136">gonads</span>
    </annotation>
    <annotation annotator="Michael Bada" id="UBERON_Instance_590972" type="identity">
      <class id="UBERON:0000991" label="gonad"/>
      <span end="40176" id="16700629-18553" start="40170">gonads</span>
    </annotation>
    <annotation annotator="Michael Bada" id="UBERON_Instance_590974" type="identity">
      <class id="UBERON:0000991" label="gonad"/>
      <span end="40310" id="16700629-18555" start="40304">Gonads</span>
    </annotation>
    <annotation annotator="Michael Bada" id="UBERON_Instance_590976" type="identity">
      <class id="UBERON:0000991" label="gonad"/>
      <span end="40393" id="16700629-18557" start="40387">gonads</span>
    </annotation>
    <annotation annotator="Michael Bada" id="UBERON_Instance_590978" type="identity">
      <class id="UBERON:0000991" label="gonad"/>
      <span end="40550" id="16700629-18559" start="40544">gonads</span>
    </annotation>
    <annotation annotator="Michael Bada" id="UBERON_Instance_590980" type="identity">
      <class id="UBERON:0000991" label="gonad"/>
      <span end="40600" id="16700629-18561" start="40594">gonads</span>
    </annotation>
    <annotation annotator="Michael Bada" id="UBERON_Instance_591116" type="identity">
      <class id="UBERON:0000991" label="gonad"/>
      <span end="40676" id="16700629-18697" start="40671">gonad</span>
    </annotation>
    <annotation annotator="Michael Bada" id="UBERON_Instance_590982" type="identity">
      <class id="UBERON:0000991" label="gonad"/>
      <span end="40742" id="16700629-18563" start="40736">gonads</span>
    </annotation>
    <annotation annotator="Michael Bada" id="UBERON_Instance_590984" type="identity">
      <class id="UBERON:0000991" label="gonad"/>
      <span end="40769" id="16700629-18565" start="40763">gonads</span>
    </annotation>
    <annotation annotator="Michael Bada" id="UBERON_Instance_591230" type="identity">
      <class id="UBERON:0011997" label="coelom"/>
      <span end="40807" id="16700629-18806" start="40799">coelomic</span>
    </annotation>
    <annotation annotator="Michael Bada" id="UBERON_Instance_610252" type="identity">
      <class id="UBERON:0000055" label="vessel"/>
      <span end="40814" id="16700629-18822" start="40808">vessel</span>
    </annotation>
    <annotation annotator="Michael Bada" id="UBERON_Instance_590986" type="identity">
      <class id="UBERON:0000991" label="gonad"/>
      <span end="40835" id="16700629-18567" start="40829">gonads</span>
    </annotation>
    <annotation annotator="Michael Bada" id="UBERON_Instance_591118" type="identity">
      <class id="UBERON:0000991" label="gonad"/>
      <span end="40994" id="16700629-18699" start="40989">Gonad</span>
    </annotation>
    <annotation annotator="Michael Bada" id="UBERON_Instance_590988" type="identity">
      <class id="UBERON:0000991" label="gonad"/>
      <span end="41020" id="16700629-18569" start="41014">gonads</span>
    </annotation>
    <annotation annotator="Michael Bada" id="UBERON_Instance_610298" type="identity">
      <class id="UBERON:0002329" label="somite"/>
      <span end="41049" id="16700629-18824" start="41043">somite</span>
    </annotation>
    <annotation annotator="Michael Bada" id="UBERON_Instance_591120" type="identity">
      <class id="UBERON:0000991" label="gonad"/>
      <span end="41117" id="16700629-18701" start="41112">gonad</span>
    </annotation>
    <annotation annotator="Michael Bada" id="UBERON_Instance_591122" type="identity">
      <class id="UBERON:0000991" label="gonad"/>
      <span end="41189" id="16700629-18703" start="41184">gonad</span>
    </annotation>
    <annotation annotator="Michael Bada" id="UBERON_Instance_591232" type="identity">
      <class id="UBERON:0000080" label="mesonephros"/>
      <span end="41201" id="16700629-18808" start="41190">mesonephric</span>
    </annotation>
    <annotation annotator="Michael Bada" id="UBERON_Instance_591124" type="identity">
      <class id="UBERON:0000991" label="gonad"/>
      <span end="41271" id="16700629-18705" start="41266">gonad</span>
    </annotation>
    <annotation annotator="Michael Bada" id="UBERON_Instance_590990" type="identity">
      <class id="UBERON:0000991" label="gonad"/>
      <span end="41593" id="16700629-18571" start="41587">gonads</span>
    </annotation>
    <annotation annotator="Michael Bada" id="UBERON_Instance_590992" type="identity">
      <class id="UBERON:0000991" label="gonad"/>
      <span end="41818" id="16700629-18573" start="41812">gonads</span>
    </annotation>
    <graph-space id="Old Knowtator Relations"/>
  </document>
</knowtator-project>
