<?xml version="1.0" encoding="UTF-8" standalone="no"?>
<knowtator-project>
  <document id="17244351" text-file="17244351.txt">
    <annotation annotator="Nicole Vasilevsky" id="UBERON_Instance_860054" type="identity">
      <class id="UBERON:0002405" label="immune system"/>
      <span end="1480" id="17244351-23086" start="1474">immune</span>
    </annotation>
    <annotation annotator="Michael Bada" id="UBERON_Instance_720072" type="identity">
      <class id="UBERON:0000479" label="tissue"/>
      <span end="4102" id="17244351-23074" start="4095">tissues</span>
    </annotation>
    <annotation annotator="Michael Bada" id="UBERON_Instance_712446" type="identity">
      <class id="UBERON:0000479" label="tissue"/>
      <span end="4321" id="17244351-23040" start="4314">tissues</span>
    </annotation>
    <annotation annotator="Michael Bada" id="UBERON_Instance_712448" type="identity">
      <class id="UBERON:0000178" label="blood"/>
      <span end="4451" id="17244351-23042" start="4446">blood</span>
    </annotation>
    <annotation annotator="Michael Bada" id="UBERON_Instance_720074" type="identity">
      <class id="UBERON:0004905" label="articulation"/>
      <span end="4542" id="17244351-23076" start="4537">joint</span>
    </annotation>
    <annotation annotator="Michael Bada" id="UBERON_Instance_712454" type="identity">
      <class id="UBERON:0002415" label="tail"/>
      <span end="6447" id="17244351-23044" start="6443">tail</span>
    </annotation>
    <annotation annotator="Michael Bada" id="UBERON_Instance_712456" type="identity">
      <class id="UBERON:0002101" label="limb"/>
      <span end="6745" id="17244351-23046" start="6740">limbs</span>
    </annotation>
    <annotation annotator="Michael Bada" id="UBERON_Instance_712458" type="identity">
      <class id="UBERON:0002101" label="limb"/>
      <span end="6781" id="17244351-23048" start="6777">limb</span>
    </annotation>
    <annotation annotator="Michael Bada" id="UBERON_Instance_712460" type="identity">
      <class id="UBERON:0000029" label="lymph node"/>
      <span end="8310" id="17244351-23050" start="8299">Lymph nodes</span>
    </annotation>
    <annotation annotator="Michael Bada" id="UBERON_Instance_712462" type="identity">
      <class id="UBERON:0000029" label="lymph node"/>
      <span end="8315" id="17244351-23052" start="8312">LNs</span>
    </annotation>
    <annotation annotator="Michael Bada" id="UBERON_Instance_712464" type="identity">
      <class id="UBERON:0000479" label="tissue"/>
      <span end="8428" id="17244351-23054" start="8422">tissue</span>
    </annotation>
    <annotation annotator="Michael Bada" id="UBERON_Instance_712466" type="identity">
      <class id="UBERON:0000029" label="lymph node"/>
      <span end="14958" id="17244351-23056" start="14955">LNs</span>
    </annotation>
    <annotation annotator="Nicole Vasilevsky" id="UBERON_Instance_830058" type="identity">
      <class id="UBERON:0002405" label="immune system"/>
      <span end="16266" id="17244351-23080" start="16260">immune</span>
    </annotation>
    <annotation annotator="Nicole Vasilevsky" id="UBERON_Instance_830060" type="identity">
      <class id="UBERON:0002405" label="immune system"/>
      <span end="16441" id="17244351-23082" start="16435">immune</span>
    </annotation>
    <annotation annotator="Michael Bada" id="UBERON_Instance_720076" type="identity">
      <class id="UBERON:0004905" label="articulation"/>
      <span end="21125" id="17244351-23078" start="21119">joints</span>
    </annotation>
    <annotation annotator="Michael Bada" id="UBERON_Instance_712468" type="identity">
      <class id="UBERON:0000479" label="tissue"/>
      <span end="21146" id="17244351-23058" start="21140">tissue</span>
    </annotation>
    <annotation annotator="Michael Bada" id="UBERON_Instance_712470" type="identity">
      <class id="UBERON:0000029" label="lymph node"/>
      <span end="21225" id="17244351-23060" start="21222">LNs</span>
    </annotation>
    <annotation annotator="Michael Bada" id="UBERON_Instance_712472" type="identity">
      <class id="UBERON:0000029" label="lymph node"/>
      <span end="21302" id="17244351-23062" start="21299">LNs</span>
    </annotation>
    <annotation annotator="Michael Bada" id="UBERON_Instance_712474" type="identity">
      <class id="UBERON:0000029" label="lymph node"/>
      <span end="21622" id="17244351-23064" start="21619">LNs</span>
    </annotation>
    <annotation annotator="Nicole Vasilevsky" id="UBERON_Instance_830062" type="identity">
      <class id="UBERON:0002405" label="immune system"/>
      <span end="22421" id="17244351-23084" start="22415">immune</span>
    </annotation>
    <annotation annotator="Nicole Vasilevsky" id="UBERON_Instance_860056" type="identity">
      <class id="UBERON:0002405" label="immune system"/>
      <span end="23753" id="17244351-23088" start="23747">immune</span>
    </annotation>
    <annotation annotator="Michael Bada" id="UBERON_Instance_712478" type="identity">
      <class id="UBERON:0000029" label="lymph node"/>
      <span end="25796" id="17244351-23066" start="25794">LN</span>
    </annotation>
    <annotation annotator="Michael Bada" id="UBERON_Instance_712480" type="identity">
      <class id="UBERON:0000029" label="lymph node"/>
      <span end="25809" id="17244351-23068" start="25799">lymph node</span>
    </annotation>
    <annotation annotator="Michael Bada" id="UBERON_Instance_712482" type="identity">
      <class id="UBERON:0000029" label="lymph node"/>
      <span end="30290" id="17244351-23070" start="30288">LN</span>
    </annotation>
    <annotation annotator="Michael Bada" id="UBERON_Instance_712484" type="identity">
      <class id="UBERON:0000029" label="lymph node"/>
      <span end="30302" id="17244351-23072" start="30292">lymph node</span>
    </annotation>
    <graph-space id="Old Knowtator Relations"/>
  </document>
</knowtator-project>
