<?xml version="1.0" encoding="UTF-8" standalone="no"?>
<knowtator-project>
    <document id="17447844" text-file="17447844.txt">
        <annotation annotator="Michael Bada" id="UBERON_Instance_730714" type="identity">
            <class id="UBERON:0001062" label="anatomical entity"/>
            <span end="3107" id="17447844-23782" start="3097">anatomical</span>
        </annotation>
        <annotation annotator="Michael Bada" id="UBERON_Instance_730724" type="identity">
            <class id="UBERON:0000113" label="post-juvenile adult stage"/>
            <span end="3761" id="17447844-23784" start="3751">adult life</span>
        </annotation>
        <annotation annotator="Michael Bada" id="UBERON_Instance_730728" type="identity">
            <class id="UBERON:0000922" label="embryo"/>
            <span end="3934" id="17447844-23786" start="3928">embryo</span>
        </annotation>
        <annotation annotator="Michael Bada" id="UBERON_Instance_730758" type="identity">
            <class id="UBERON:0005294" label="genital ridge"/>
            <span end="7750" id="17447844-23788" start="7736">genital ridges</span>
        </annotation>
        <annotation annotator="Michael Bada" id="UBERON_Instance_730760" type="identity">
            <class id="UBERON:0007023" label="adult organism"/>
            <span end="7760" id="17447844-23790" start="7755">adult</span>
        </annotation>
        <annotation annotator="Michael Bada" id="UBERON_Instance_730762" type="identity">
            <class id="UBERON:0000473" label="testis"/>
            <span end="7767" id="17447844-23792" start="7761">testis</span>
        </annotation>
        <annotation annotator="Michael Bada" id="UBERON_Instance_730764" type="identity">
            <class id="UBERON:0000473" label="testis"/>
            <span end="7876" id="17447844-23794" start="7870">testis</span>
        </annotation>
        <annotation annotator="Michael Bada" id="UBERON_Instance_730766" type="identity">
            <class id="UBERON:0000473" label="testis"/>
            <span end="8025" id="17447844-23796" start="8015">testicular</span>
        </annotation>
        <annotation annotator="Michael Bada" id="UBERON_Instance_730768" type="identity">
            <class id="UBERON:0000473" label="testis"/>
            <span end="8160" id="17447844-23798" start="8154">testis</span>
        </annotation>
        <annotation annotator="Michael Bada" id="UBERON_Instance_730774" type="identity">
            <class id="UBERON:0000991" label="gonad"/>
            <span end="8336" id="17447844-23800" start="8329">gonadal</span>
        </annotation>
        <annotation annotator="Michael Bada" id="UBERON_Instance_730776" type="identity">
            <class id="UBERON:0000991" label="gonad"/>
            <span end="8757" id="17447844-23802" start="8752">gonad</span>
        </annotation>
        <annotation annotator="Michael Bada" id="UBERON_Instance_730786" type="identity">
            <class id="UBERON:0000473" label="testis"/>
            <span end="9544" id="17447844-23804" start="9538">Testis</span>
        </annotation>
        <annotation annotator="Michael Bada" id="UBERON_Instance_730788" type="identity">
            <class id="UBERON:0000991" label="gonad"/>
            <span end="9690" id="17447844-23806" start="9684">gonads</span>
        </annotation>
        <annotation annotator="Michael Bada" id="UBERON_Instance_730790" type="identity">
            <class id="UBERON:0000992" label="female gonad"/>
            <span end="9732" id="17447844-23808" start="9727">ovary</span>
        </annotation>
        <annotation annotator="Michael Bada" id="UBERON_Instance_730792" type="identity">
            <class id="UBERON:0000473" label="testis"/>
            <span end="9943" id="17447844-23810" start="9937">testis</span>
        </annotation>
        <annotation annotator="Michael Bada" id="UBERON_Instance_730794" type="identity">
            <class id="UBERON:0007023" label="adult organism"/>
            <span end="10005" id="17447844-23812" start="10000">adult</span>
        </annotation>
        <annotation annotator="Michael Bada" id="UBERON_Instance_730796" type="identity">
            <class id="UBERON:0007023" label="adult organism"/>
            <span end="10096" id="17447844-23814" start="10091">adult</span>
        </annotation>
        <annotation annotator="Michael Bada" id="UBERON_Instance_730798" type="identity">
            <class id="UBERON:0000062" label="organ"/>
            <span end="10103" id="17447844-23816" start="10097">organs</span>
        </annotation>
        <annotation annotator="Michael Bada" id="UBERON_Instance_730800" type="identity">
            <class id="UBERON:0000473" label="testis"/>
            <span end="10159" id="17447844-23818" start="10153">testis</span>
        </annotation>
        <annotation annotator="Michael Bada" id="UBERON_Instance_730802" type="identity">
            <class id="UBERON:0000948" label="heart"/>
            <span end="10194" id="17447844-23820" start="10189">heart</span>
        </annotation>
        <annotation annotator="Michael Bada" id="UBERON_Instance_730804" type="identity">
            <class id="UBERON:0000479" label="tissue"/>
            <span end="10223" id="17447844-23822" start="10217">tissue</span>
        </annotation>
        <annotation annotator="Michael Bada" id="UBERON_Instance_730806" type="identity">
            <class id="UBERON:0000473" label="testis"/>
            <span end="10315" id="17447844-23824" start="10309">testis</span>
        </annotation>
        <annotation annotator="Michael Bada" id="UBERON_Instance_730808" type="identity">
            <class id="UBERON:0000062" label="organ"/>
            <span end="10609" id="17447844-23826" start="10603">organs</span>
        </annotation>
        <annotation annotator="Michael Bada" id="UBERON_Instance_730810" type="identity">
            <class id="UBERON:0007023" label="adult organism"/>
            <span end="10618" id="17447844-23828" start="10613">adult</span>
        </annotation>
        <annotation annotator="Michael Bada" id="UBERON_Instance_730812" type="identity">
            <class id="UBERON:0000062" label="organ"/>
            <span end="10646" id="17447844-23830" start="10641">organ</span>
        </annotation>
        <annotation annotator="Michael Bada" id="UBERON_Instance_730814" type="identity">
            <class id="UBERON:0000473" label="testis"/>
            <span end="10825" id="17447844-23832" start="10819">testis</span>
        </annotation>
        <annotation annotator="Michael Bada" id="UBERON_Instance_730816" type="identity">
            <class id="UBERON:0000473" label="testis"/>
            <span end="10945" id="17447844-23834" start="10939">testis</span>
        </annotation>
        <annotation annotator="Michael Bada" id="UBERON_Instance_730822" type="identity">
            <class id="UBERON:0000473" label="testis"/>
            <span end="11084" id="17447844-23836" start="11078">Testis</span>
        </annotation>
        <annotation annotator="Michael Bada" id="UBERON_Instance_730826" type="identity">
            <class id="UBERON:0001977" label="serum"/>
            <span end="11638" id="17447844-23838" start="11634">sera</span>
        </annotation>
        <annotation annotator="Michael Bada" id="UBERON_Instance_730828" type="identity">
            <class id="UBERON:0000025" label="tube"/>
            <span end="11942" id="17447844-23840" start="11935">tubular</span>
        </annotation>
        <annotation annotator="Michael Bada" id="UBERON_Instance_730832" type="identity">
            <class id="UBERON:0000473" label="testis"/>
            <span end="12717" id="17447844-23842" start="12711">testis</span>
        </annotation>
        <annotation annotator="Michael Bada" id="UBERON_Instance_730834" type="identity">
            <class id="UBERON:0000483" label="epithelium"/>
            <span end="13212" id="17447844-23844" start="13202">epithelial</span>
        </annotation>
        <annotation annotator="Michael Bada" id="UBERON_Instance_730836" type="identity">
            <class id="UBERON:0000483" label="epithelium"/>
            <span end="13644" id="17447844-23846" start="13634">epithelial</span>
        </annotation>
        <annotation annotator="Michael Bada" id="UBERON_Instance_730838" type="identity">
            <class id="UBERON:0000922" label="embryo"/>
            <span end="13871" id="17447844-23848" start="13862">embryonic</span>
        </annotation>
        <annotation annotator="Michael Bada" id="UBERON_Instance_730840" type="identity">
            <class id="UBERON:0000358" label="blastocyst"/>
            <span end="14720" id="17447844-23850" start="14709">blastocysts</span>
        </annotation>
        <annotation annotator="Michael Bada" id="UBERON_Instance_730842" type="identity">
            <class id="UBERON:0000473" label="testis"/>
            <span end="15141" id="17447844-23852" start="15135">testes</span>
        </annotation>
        <annotation annotator="Michael Bada" id="UBERON_Instance_730844" type="identity">
            <class id="UBERON:0000473" label="testis"/>
            <span end="15232" id="17447844-23854" start="15226">testes</span>
        </annotation>
        <annotation annotator="Michael Bada" id="UBERON_Instance_730846" type="identity">
            <class id="UBERON:0000473" label="testis"/>
            <span end="15367" id="17447844-23856" start="15361">testes</span>
        </annotation>
        <annotation annotator="Michael Bada" id="UBERON_Instance_730856" type="identity">
            <class id="UBERON:0000113" label="post-juvenile adult stage"/>
            <span end="15614" id="17447844-23858" start="15605">adulthood</span>
        </annotation>
        <annotation annotator="Michael Bada" id="UBERON_Instance_730860" type="identity">
            <class id="UBERON:0000992" label="female gonad"/>
            <span end="15755" id="17447844-23860" start="15748">ovarian</span>
        </annotation>
        <annotation annotator="Michael Bada" id="UBERON_Instance_730864" type="identity">
            <class id="UBERON:0000473" label="testis"/>
            <span end="15908" id="17447844-23862" start="15902">testes</span>
        </annotation>
        <annotation annotator="Michael Bada" id="UBERON_Instance_731078" type="identity">
            <class id="UBERON:0007023" label="adult organism"/>
            <span end="15979" id="17447844-24032" start="15974">adult</span>
        </annotation>
        <annotation annotator="Michael Bada" id="UBERON_Instance_730866" type="identity">
            <class id="UBERON:0000473" label="testis"/>
            <span end="16038" id="17447844-23864" start="16032">testis</span>
        </annotation>
        <annotation annotator="Michael Bada" id="UBERON_Instance_730868" type="identity">
            <class id="UBERON:0000473" label="testis"/>
            <span end="16098" id="17447844-23866" start="16092">testes</span>
        </annotation>
        <annotation annotator="Michael Bada" id="UBERON_Instance_730870" type="identity">
            <class id="UBERON:0000473" label="testis"/>
            <span end="16223" id="17447844-23868" start="16217">testes</span>
        </annotation>
        <annotation annotator="Michael Bada" id="UBERON_Instance_730872" type="identity">
            <class id="UBERON:0000473" label="testis"/>
            <span end="16269" id="17447844-23870" start="16263">testis</span>
        </annotation>
        <annotation annotator="Michael Bada" id="UBERON_Instance_730874" type="identity">
            <class id="UBERON:0000473" label="testis"/>
            <span end="16469" id="17447844-23872" start="16463">testes</span>
        </annotation>
        <annotation annotator="Michael Bada" id="UBERON_Instance_730876" type="identity">
            <class id="UBERON:0000473" label="testis"/>
            <span end="16611" id="17447844-23874" start="16605">testes</span>
        </annotation>
        <annotation annotator="Michael Bada" id="UBERON_Instance_730878" type="identity">
            <class id="UBERON:0001301" label="epididymis"/>
            <span end="16806" id="17447844-23876" start="16796">epididymal</span>
        </annotation>
        <annotation annotator="Michael Bada" id="UBERON_Instance_730880" type="identity">
            <class id="UBERON:0000025" label="tube"/>
            <span end="17016" id="17447844-23878" start="17009">tubules</span>
        </annotation>
        <annotation annotator="Michael Bada" id="UBERON_Instance_730882" type="identity">
            <class id="UBERON:0000025" label="tube"/>
            <span end="17163" id="17447844-23880" start="17156">tubules</span>
        </annotation>
        <annotation annotator="Michael Bada" id="UBERON_Instance_730884" type="identity">
            <class id="UBERON:0000473" label="testis"/>
            <span end="17304" id="17447844-23882" start="17298">Testis</span>
        </annotation>
        <annotation annotator="Michael Bada" id="UBERON_Instance_730886" type="identity">
            <class id="UBERON:0000473" label="testis"/>
            <span end="17385" id="17447844-23884" start="17379">Testes</span>
        </annotation>
        <annotation annotator="Michael Bada" id="UBERON_Instance_730888" type="identity">
            <class id="UBERON:0000473" label="testis"/>
            <span end="17497" id="17447844-23886" start="17491">testes</span>
        </annotation>
        <annotation annotator="Michael Bada" id="UBERON_Instance_730890" type="identity">
            <class id="UBERON:0000025" label="tube"/>
            <span end="17713" id="17447844-23888" start="17706">tubules</span>
        </annotation>
        <annotation annotator="Michael Bada" id="UBERON_Instance_730892" type="identity">
            <class id="UBERON:0000025" label="tube"/>
            <span end="17859" id="17447844-23890" start="17852">tubules</span>
        </annotation>
        <annotation annotator="Michael Bada" id="UBERON_Instance_730894" type="identity">
            <class id="UBERON:0000473" label="testis"/>
            <span end="17968" id="17447844-23892" start="17962">testes</span>
        </annotation>
        <annotation annotator="Michael Bada" id="UBERON_Instance_730896" type="identity">
            <class id="UBERON:0000473" label="testis"/>
            <span end="17976" id="17447844-23894" start="17970">Testes</span>
        </annotation>
        <annotation annotator="Michael Bada" id="UBERON_Instance_730898" type="identity">
            <class id="UBERON:0000473" label="testis"/>
            <span end="18091" id="17447844-23896" start="18085">Testis</span>
        </annotation>
        <annotation annotator="Michael Bada" id="UBERON_Instance_730900" type="identity">
            <class id="UBERON:0001343" label="seminiferous tubule of testis"/>
            <span end="18212" id="17447844-23898" start="18192">seminiferous tubules</span>
        </annotation>
        <annotation annotator="Michael Bada" id="UBERON_Instance_730902" type="identity">
            <class id="UBERON:0000473" label="testis"/>
            <span end="18326" id="17447844-23900" start="18320">testes</span>
        </annotation>
        <annotation annotator="Michael Bada" id="UBERON_Instance_730904" type="identity">
            <class id="UBERON:0000473" label="testis"/>
            <span end="18473" id="17447844-23902" start="18467">testes</span>
        </annotation>
        <annotation annotator="Michael Bada" id="UBERON_Instance_730906" type="identity">
            <class id="UBERON:0000025" label="tube"/>
            <span end="18575" id="17447844-23904" start="18569">tubule</span>
        </annotation>
        <annotation annotator="Michael Bada" id="UBERON_Instance_730908" type="identity">
            <class id="UBERON:0000473" label="testis"/>
            <span end="18780" id="17447844-23906" start="18774">testes</span>
        </annotation>
        <annotation annotator="Michael Bada" id="UBERON_Instance_730910" type="identity">
            <class id="UBERON:0000025" label="tube"/>
            <span end="18868" id="17447844-23908" start="18861">tubules</span>
        </annotation>
        <annotation annotator="Michael Bada" id="UBERON_Instance_730912" type="identity">
            <class id="UBERON:0001343" label="seminiferous tubule of testis"/>
            <span end="18952" id="17447844-23910" start="18933">seminiferous tubule</span>
        </annotation>
        <annotation annotator="Michael Bada" id="UBERON_Instance_730914" type="identity">
            <class id="UBERON:0000473" label="testis"/>
            <span end="19061" id="17447844-23912" start="19055">testes</span>
        </annotation>
        <annotation annotator="Michael Bada" id="UBERON_Instance_730918" type="identity">
            <class id="UBERON:0007023" label="adult organism"/>
            <span end="19605" id="17447844-23916" start="19600">adult</span>
        </annotation>
        <annotation annotator="Michael Bada" id="UBERON_Instance_730916" type="identity">
            <class id="UBERON:0000473" label="testis"/>
            <span end="19612" id="17447844-23914" start="19606">testis</span>
        </annotation>
        <annotation annotator="Michael Bada" id="UBERON_Instance_730920" type="identity">
            <class id="UBERON:0000025" label="tube"/>
            <span end="19778" id="17447844-23918" start="19771">tubules</span>
        </annotation>
        <annotation annotator="Michael Bada" id="UBERON_Instance_730922" type="identity">
            <class id="UBERON:0000473" label="testis"/>
            <span end="19933" id="17447844-23920" start="19927">testes</span>
        </annotation>
        <annotation annotator="Michael Bada" id="UBERON_Instance_730924" type="identity">
            <class id="UBERON:0000025" label="tube"/>
            <span end="20101" id="17447844-23922" start="20094">tubules</span>
        </annotation>
        <annotation annotator="Michael Bada" id="UBERON_Instance_730926" type="identity">
            <class id="UBERON:0000473" label="testis"/>
            <span end="20333" id="17447844-23924" start="20327">testes</span>
        </annotation>
        <annotation annotator="Michael Bada" id="UBERON_Instance_730928" type="identity">
            <class id="UBERON:0000473" label="testis"/>
            <span end="20922" id="17447844-23926" start="20916">Testis</span>
        </annotation>
        <annotation annotator="Michael Bada" id="UBERON_Instance_730930" type="identity">
            <class id="UBERON:0000473" label="testis"/>
            <span end="21355" id="17447844-23928" start="21349">testis</span>
        </annotation>
        <annotation annotator="Michael Bada" id="UBERON_Instance_730932" type="identity">
            <class id="UBERON:0000473" label="testis"/>
            <span end="21416" id="17447844-23930" start="21410">Testis</span>
        </annotation>
        <annotation annotator="Michael Bada" id="UBERON_Instance_730934" type="identity">
            <class id="UBERON:0000473" label="testis"/>
            <span end="21546" id="17447844-23932" start="21540">testes</span>
        </annotation>
        <annotation annotator="Michael Bada" id="UBERON_Instance_730936" type="identity">
            <class id="UBERON:0000473" label="testis"/>
            <span end="21896" id="17447844-23934" start="21890">testes</span>
        </annotation>
        <annotation annotator="Michael Bada" id="UBERON_Instance_730940" type="identity">
            <class id="UBERON:0000473" label="testis"/>
            <span end="23068" id="17447844-23936" start="23058">Testicular</span>
        </annotation>
        <annotation annotator="Michael Bada" id="UBERON_Instance_730942" type="identity">
            <class id="UBERON:0000473" label="testis"/>
            <span end="23459" id="17447844-23938" start="23449">Testicular</span>
        </annotation>
        <annotation annotator="Michael Bada" id="UBERON_Instance_730946" type="identity">
            <class id="UBERON:0000473" label="testis"/>
            <span end="24482" id="17447844-23940" start="24476">testes</span>
        </annotation>
        <annotation annotator="Michael Bada" id="UBERON_Instance_730948" type="identity">
            <class id="UBERON:0000025" label="tube"/>
            <span end="24512" id="17447844-23942" start="24505">tubules</span>
        </annotation>
        <annotation annotator="Michael Bada" id="UBERON_Instance_730950" type="identity">
            <class id="UBERON:0000025" label="tube"/>
            <span end="24652" id="17447844-23944" start="24645">tubules</span>
        </annotation>
        <annotation annotator="Michael Bada" id="UBERON_Instance_730952" type="identity">
            <class id="UBERON:0000473" label="testis"/>
            <span end="24868" id="17447844-23946" start="24862">Testes</span>
        </annotation>
        <annotation annotator="Michael Bada" id="UBERON_Instance_730954" type="identity">
            <class id="UBERON:0000473" label="testis"/>
            <span end="24880" id="17447844-23948" start="24874">Testes</span>
        </annotation>
        <annotation annotator="Michael Bada" id="UBERON_Instance_730956" type="identity">
            <class id="UBERON:0000473" label="testis"/>
            <span end="24988" id="17447844-23950" start="24982">testis</span>
        </annotation>
        <annotation annotator="Michael Bada" id="UBERON_Instance_730958" type="identity">
            <class id="UBERON:0000473" label="testis"/>
            <span end="25143" id="17447844-23952" start="25137">testis</span>
        </annotation>
        <annotation annotator="Michael Bada" id="UBERON_Instance_730960" type="identity">
            <class id="UBERON:0000025" label="tube"/>
            <span end="25344" id="17447844-23954" start="25337">tubules</span>
        </annotation>
        <annotation annotator="Michael Bada" id="UBERON_Instance_730962" type="identity">
            <class id="UBERON:0000473" label="testis"/>
            <span end="25426" id="17447844-23956" start="25420">Testis</span>
        </annotation>
        <annotation annotator="Michael Bada" id="UBERON_Instance_730964" type="identity">
            <class id="UBERON:0000473" label="testis"/>
            <span end="25620" id="17447844-23958" start="25614">testis</span>
        </annotation>
        <annotation annotator="Michael Bada" id="UBERON_Instance_730966" type="identity">
            <class id="UBERON:0000473" label="testis"/>
            <span end="25633" id="17447844-23960" start="25627">Testis</span>
        </annotation>
        <annotation annotator="Michael Bada" id="UBERON_Instance_730968" type="identity">
            <class id="UBERON:0001135" label="smooth muscle tissue"/>
            <span end="25744" id="17447844-23962" start="25731">smooth muscle</span>
        </annotation>
        <annotation annotator="Michael Bada" id="UBERON_Instance_730970" type="identity">
            <class id="UBERON:0001343" label="seminiferous tubule of testis"/>
            <span end="25783" id="17447844-23964" start="25763">seminiferous tubules</span>
        </annotation>
        <annotation annotator="Michael Bada" id="UBERON_Instance_730972" type="identity">
            <class id="UBERON:0000473" label="testis"/>
            <span end="25943" id="17447844-23966" start="25937">testes</span>
        </annotation>
        <annotation annotator="Michael Bada" id="UBERON_Instance_730974" type="identity">
            <class id="UBERON:0000473" label="testis"/>
            <span end="26445" id="17447844-23968" start="26435">Testicular</span>
        </annotation>
        <annotation annotator="Michael Bada" id="UBERON_Instance_730976" type="identity">
            <class id="UBERON:0000473" label="testis"/>
            <span end="26633" id="17447844-23970" start="26627">testes</span>
        </annotation>
        <annotation annotator="Michael Bada" id="UBERON_Instance_730978" type="identity">
            <class id="UBERON:0000473" label="testis"/>
            <span end="28279" id="17447844-23972" start="28273">testes</span>
        </annotation>
        <annotation annotator="Michael Bada" id="UBERON_Instance_730980" type="identity">
            <class id="UBERON:0000473" label="testis"/>
            <span end="28351" id="17447844-23974" start="28345">testis</span>
        </annotation>
        <annotation annotator="Michael Bada" id="UBERON_Instance_730982" type="identity">
            <class id="UBERON:0000025" label="tube"/>
            <span end="28788" id="17447844-23976" start="28781">tubules</span>
        </annotation>
        <annotation annotator="Michael Bada" id="UBERON_Instance_730984" type="identity">
            <class id="UBERON:0000119" label="cell layer"/>
            <span end="28828" id="17447844-23978" start="28813">layers of cells</span>
        </annotation>
        <annotation annotator="Michael Bada" id="UBERON_Instance_730986" type="identity">
            <class id="UBERON:0000119" label="cell layer"/>
            <span end="28914" id="17447844-23980" start="28900">layer of cells</span>
        </annotation>
        <annotation annotator="Michael Bada" id="UBERON_Instance_730988" type="identity">
            <class id="UBERON:0000473" label="testis"/>
            <span end="29148" id="17447844-23982" start="29142">testes</span>
        </annotation>
        <annotation annotator="Michael Bada" id="UBERON_Instance_730990" type="identity">
            <class id="UBERON:0000473" label="testis"/>
            <span end="29699" id="17447844-23984" start="29689">Testicular</span>
        </annotation>
        <annotation annotator="Michael Bada" id="UBERON_Instance_730992" type="identity">
            <class id="UBERON:0000473" label="testis"/>
            <span end="29879" id="17447844-23986" start="29873">Testes</span>
        </annotation>
        <annotation annotator="Michael Bada" id="UBERON_Instance_730994" type="identity">
            <class id="UBERON:0000473" label="testis"/>
            <span end="29962" id="17447844-23988" start="29956">Testes</span>
        </annotation>
        <annotation annotator="Michael Bada" id="UBERON_Instance_730996" type="identity">
            <class id="UBERON:0000473" label="testis"/>
            <span end="30119" id="17447844-23990" start="30113">testes</span>
        </annotation>
        <annotation annotator="Michael Bada" id="UBERON_Instance_730998" type="identity">
            <class id="UBERON:0001343" label="seminiferous tubule of testis"/>
            <span end="31152" id="17447844-23992" start="31132">seminiferous tubules</span>
        </annotation>
        <annotation annotator="Michael Bada" id="UBERON_Instance_731016" type="identity">
            <class id="UBERON:0000473" label="testis"/>
            <span end="40276" id="17447844-23994" start="40270">testis</span>
        </annotation>
        <annotation annotator="Michael Bada" id="UBERON_Instance_731022" type="identity">
            <class id="UBERON:0000992" label="female gonad"/>
            <span end="41738" id="17447844-23996" start="41731">Ovaries</span>
        </annotation>
        <annotation annotator="Nicole Vasilevsky" id="UBERON_Instance_760010" type="identity">
            <class id="UBERON:0000991" label="gonad"/>
            <span end="41983" id="17447844-24034" start="41976">gonadal</span>
        </annotation>
        <annotation annotator="Nicole Vasilevsky" id="UBERON_Instance_760012" type="identity">
            <class id="UBERON:0001987" label="placenta"/>
            <span end="42171" id="17447844-24036" start="42162">placental</span>
        </annotation>
        <annotation annotator="Michael Bada" id="UBERON_Instance_731030" type="identity">
            <class id="UBERON:0007379" label="egg"/>
            <span end="42224" id="17447844-23998" start="42221">egg</span>
        </annotation>
        <annotation annotator="Michael Bada" id="UBERON_Instance_731036" type="identity">
            <class id="UBERON:0000358" label="blastocyst"/>
            <span end="45887" id="17447844-24000" start="45876">blastocysts</span>
        </annotation>
        <annotation annotator="Michael Bada" id="UBERON_Instance_731046" type="identity">
            <class id="UBERON:0002415" label="tail"/>
            <span end="46264" id="17447844-24002" start="46260">tail</span>
        </annotation>
        <annotation annotator="Michael Bada" id="UBERON_Instance_731048" type="identity">
            <class id="UBERON:0000473" label="testis"/>
            <span end="47492" id="17447844-24004" start="47486">testes</span>
        </annotation>
        <annotation annotator="Michael Bada" id="UBERON_Instance_731050" type="identity">
            <class id="UBERON:0000479" label="tissue"/>
            <span end="48079" id="17447844-24006" start="48073">Tissue</span>
        </annotation>
        <annotation annotator="Nicole Vasilevsky" id="UBERON_Instance_760014" type="identity">
            <class id="UBERON:0001977" label="serum"/>
            <span end="48283" id="17447844-24038" start="48278">serum</span>
        </annotation>
        <annotation annotator="Michael Bada" id="UBERON_Instance_731052" type="identity">
            <class id="UBERON:0001977" label="serum"/>
            <span end="48744" id="17447844-24008" start="48739">serum</span>
        </annotation>
        <annotation annotator="Michael Bada" id="UBERON_Instance_731054" type="identity">
            <class id="UBERON:0000473" label="testis"/>
            <span end="52637" id="17447844-24010" start="52631">Testis</span>
        </annotation>
        <annotation annotator="Michael Bada" id="UBERON_Instance_731056" type="identity">
            <class id="UBERON:0007023" label="adult organism"/>
            <span end="52657" id="17447844-24012" start="52652">adult</span>
        </annotation>
        <annotation annotator="Michael Bada" id="UBERON_Instance_731058" type="identity">
            <class id="UBERON:0000473" label="testis"/>
            <span end="53037" id="17447844-24014" start="53031">Testis</span>
        </annotation>
        <annotation annotator="Michael Bada" id="UBERON_Instance_731060" type="identity">
            <class id="UBERON:0007023" label="adult organism"/>
            <span end="53057" id="17447844-24016" start="53052">adult</span>
        </annotation>
        <annotation annotator="Michael Bada" id="UBERON_Instance_731062" type="identity">
            <class id="UBERON:0000473" label="testis"/>
            <span end="53199" id="17447844-24018" start="53193">testis</span>
        </annotation>
        <annotation annotator="Michael Bada" id="UBERON_Instance_731064" type="identity">
            <class id="UBERON:0000025" label="tube"/>
            <span end="53280" id="17447844-24020" start="53273">tubular</span>
        </annotation>
        <annotation annotator="Michael Bada" id="UBERON_Instance_731066" type="identity">
            <class id="UBERON:0000473" label="testis"/>
            <span end="53306" id="17447844-24022" start="53300">testis</span>
        </annotation>
        <annotation annotator="Michael Bada" id="UBERON_Instance_731068" type="identity">
            <class id="UBERON:0000473" label="testis"/>
            <span end="54016" id="17447844-24024" start="54006">testicular</span>
        </annotation>
        <annotation annotator="Michael Bada" id="UBERON_Instance_731072" type="identity">
            <class id="UBERON:0007023" label="adult organism"/>
            <span end="54260" id="17447844-24028" start="54255">adult</span>
        </annotation>
        <annotation annotator="Michael Bada" id="UBERON_Instance_731070" type="identity">
            <class id="UBERON:0000473" label="testis"/>
            <span end="54267" id="17447844-24026" start="54261">testis</span>
        </annotation>
        <annotation annotator="Michael Bada" id="UBERON_Instance_731074" type="identity">
            <class id="UBERON:0000922" label="embryo"/>
            <span end="55292" id="17447844-24030" start="55283">embryonic</span>
        </annotation>
        <graph-space id="Old Knowtator Relations"/>
    </document>
</knowtator-project>
