<?xml version="1.0" encoding="UTF-8" standalone="no"?>
<knowtator-project>
  <document id="17696610" text-file="17696610.txt">
    <annotation annotator="Nicole Vasilevsky" id="UBERON_Instance_781020" type="identity">
      <class id="UBERON:0002046" label="thyroid gland"/>
      <span end="6670" id="17696610-24729" start="6663">thyroid</span>
    </annotation>
    <annotation annotator="Nicole Vasilevsky" id="UBERON_Instance_781022" type="identity">
      <class id="UBERON:0005291" label="embryonic tissue"/>
      <span end="7179" id="17696610-24731" start="7170">embryonic</span>
      <span end="7197" id="17696610-24732" start="7190">tissues</span>
    </annotation>
    <annotation annotator="Nicole Vasilevsky" id="UBERON_Instance_781024" type="identity">
      <class id="UBERON:0007023" label="adult organism"/>
      <span end="7189" id="17696610-24734" start="7184">adult</span>
    </annotation>
    <annotation annotator="Nicole Vasilevsky" id="UBERON_Instance_781026" type="identity">
      <class id="UBERON:0000473" label="testis"/>
      <span end="7215" id="17696610-24736" start="7209">testis</span>
    </annotation>
    <annotation annotator="Nicole Vasilevsky" id="UBERON_Instance_781028" type="identity">
      <class id="UBERON:0000479" label="tissue"/>
      <span end="8060" id="17696610-24738" start="8053">tissues</span>
    </annotation>
    <annotation annotator="Nicole Vasilevsky" id="UBERON_Instance_781030" type="identity">
      <class id="UBERON:0000948" label="heart"/>
      <span end="8070" id="17696610-24740" start="8065">heart</span>
    </annotation>
    <annotation annotator="Nicole Vasilevsky" id="UBERON_Instance_781032" type="identity">
      <class id="UBERON:0000955" label="brain"/>
      <span end="8080" id="17696610-24742" start="8075">brain</span>
    </annotation>
    <annotation annotator="Nicole Vasilevsky" id="UBERON_Instance_781034" type="identity">
      <class id="UBERON:0002106" label="spleen"/>
      <span end="8091" id="17696610-24744" start="8085">spleen</span>
    </annotation>
    <annotation annotator="Nicole Vasilevsky" id="UBERON_Instance_781036" type="identity">
      <class id="UBERON:0002048" label="lung"/>
      <span end="8100" id="17696610-24746" start="8096">lung</span>
    </annotation>
    <annotation annotator="Nicole Vasilevsky" id="UBERON_Instance_781038" type="identity">
      <class id="UBERON:0002107" label="liver"/>
      <span end="8110" id="17696610-24748" start="8105">liver</span>
    </annotation>
    <annotation annotator="Nicole Vasilevsky" id="UBERON+extensions+nested_Instance_60428" type="identity">
      <class id="UBERON:0004288" label="skeleton"/>
      <span end="8123" id="17696610-24727" start="8115">skeletal</span>
    </annotation>
    <annotation annotator="Nicole Vasilevsky" id="UBERON_Instance_781042" type="identity">
      <class id="UBERON:0002113" label="kidney"/>
      <span end="8141" id="17696610-24750" start="8135">kidney</span>
    </annotation>
    <annotation annotator="Nicole Vasilevsky" id="UBERON_Instance_781044" type="identity">
      <class id="UBERON:0000473" label="testis"/>
      <span end="8152" id="17696610-24752" start="8146">testis</span>
    </annotation>
    <annotation annotator="Nicole Vasilevsky" id="UBERON_Instance_781046" type="identity">
      <class id="UBERON:0000922" label="embryo"/>
      <span end="8166" id="17696610-24754" start="8160">embryo</span>
    </annotation>
    <annotation annotator="Nicole Vasilevsky" id="UBERON_Instance_781048" type="identity">
      <class id="UBERON:0000922" label="embryo"/>
      <span end="8182" id="17696610-24756" start="8176">embryo</span>
    </annotation>
    <annotation annotator="Nicole Vasilevsky" id="UBERON_Instance_781050" type="identity">
      <class id="UBERON:0000922" label="embryo"/>
      <span end="8198" id="17696610-24758" start="8192">embryo</span>
    </annotation>
    <annotation annotator="Nicole Vasilevsky" id="UBERON_Instance_781052" type="identity">
      <class id="UBERON:0000922" label="embryo"/>
      <span end="8218" id="17696610-24760" start="8212">embryo</span>
    </annotation>
    <annotation annotator="Nicole Vasilevsky" id="UBERON_Instance_781054" type="identity">
      <class id="UBERON:0000473" label="testis"/>
      <span end="8443" id="17696610-24762" start="8437">testis</span>
    </annotation>
    <annotation annotator="Nicole Vasilevsky" id="UBERON_Instance_781056" type="identity">
      <class id="UBERON:0000473" label="testis"/>
      <span end="8574" id="17696610-24764" start="8568">testis</span>
    </annotation>
    <annotation annotator="Nicole Vasilevsky" id="UBERON_Instance_781058" type="identity">
      <class id="UBERON:0000473" label="testis"/>
      <span end="8765" id="17696610-24766" start="8759">testes</span>
    </annotation>
    <annotation annotator="Nicole Vasilevsky" id="UBERON_Instance_781060" type="identity">
      <class id="UBERON:0000473" label="testis"/>
      <span end="8809" id="17696610-24768" start="8803">testis</span>
    </annotation>
    <annotation annotator="Nicole Vasilevsky" id="UBERON_Instance_781062" type="identity">
      <class id="UBERON:0000473" label="testis"/>
      <span end="9167" id="17696610-24770" start="9161">testis</span>
    </annotation>
    <annotation annotator="Nicole Vasilevsky" id="UBERON_Instance_781064" type="identity">
      <class id="UBERON:0000483" label="epithelium"/>
      <span end="9306" id="17696610-24772" start="9296">epithelial</span>
    </annotation>
    <annotation annotator="Nicole Vasilevsky" id="UBERON_Instance_781066" type="identity">
      <class id="UBERON:0000025" label="tube"/>
      <span end="9327" id="17696610-24774" start="9320">tubules</span>
    </annotation>
    <annotation annotator="Nicole Vasilevsky" id="UBERON_Instance_781068" type="identity">
      <class id="UBERON:0002415" label="tail"/>
      <span end="10332" id="17696610-24776" start="10327">tails</span>
    </annotation>
    <annotation annotator="Nicole Vasilevsky" id="UBERON_Instance_781070" type="identity">
      <class id="UBERON:0002415" label="tail"/>
      <span end="10471" id="17696610-24778" start="10467">tail</span>
    </annotation>
    <annotation annotator="Nicole Vasilevsky" id="UBERON_Instance_781074" type="identity">
      <class id="UBERON:0002415" label="tail"/>
      <span end="10603" id="17696610-24780" start="10599">tail</span>
    </annotation>
    <annotation annotator="Nicole Vasilevsky" id="UBERON_Instance_781076" type="identity">
      <class id="UBERON:0000473" label="testis"/>
      <span end="10706" id="17696610-24782" start="10700">testes</span>
    </annotation>
    <annotation annotator="Nicole Vasilevsky" id="UBERON_Instance_781078" type="identity">
      <class id="UBERON:0000473" label="testis"/>
      <span end="10814" id="17696610-24784" start="10808">testes</span>
    </annotation>
    <annotation annotator="Nicole Vasilevsky" id="UBERON_Instance_781080" type="identity">
      <class id="UBERON:0000025" label="tube"/>
      <span end="10849" id="17696610-24786" start="10842">tubules</span>
    </annotation>
    <annotation annotator="Nicole Vasilevsky" id="UBERON_Instance_781082" type="identity">
      <class id="UBERON:0000025" label="tube"/>
      <span end="10940" id="17696610-24788" start="10933">tubules</span>
    </annotation>
    <annotation annotator="Nicole Vasilevsky" id="UBERON_Instance_781086" type="identity">
      <class id="UBERON:0000025" label="tube"/>
      <span end="11041" id="17696610-24790" start="11034">tubules</span>
    </annotation>
    <annotation annotator="Nicole Vasilevsky" id="UBERON_Instance_781088" type="identity">
      <class id="UBERON:0000025" label="tube"/>
      <span end="11055" id="17696610-24792" start="11048">tubules</span>
    </annotation>
    <annotation annotator="Nicole Vasilevsky" id="UBERON_Instance_781090" type="identity">
      <class id="UBERON:0000473" label="testis"/>
      <span end="11273" id="17696610-24794" start="11267">testes</span>
    </annotation>
    <annotation annotator="Nicole Vasilevsky" id="UBERON_Instance_781092" type="identity">
      <class id="UBERON:0000473" label="testis"/>
      <span end="11535" id="17696610-24796" start="11529">testes</span>
    </annotation>
    <annotation annotator="Nicole Vasilevsky" id="UBERON_Instance_781094" type="identity">
      <class id="UBERON:0000473" label="testis"/>
      <span end="11680" id="17696610-24798" start="11674">testes</span>
    </annotation>
    <annotation annotator="Nicole Vasilevsky" id="UBERON_Instance_781096" type="identity">
      <class id="UBERON:0000473" label="testis"/>
      <span end="12099" id="17696610-24800" start="12093">testis</span>
    </annotation>
    <annotation annotator="Nicole Vasilevsky" id="UBERON_Instance_781098" type="identity">
      <class id="UBERON:0000473" label="testis"/>
      <span end="12266" id="17696610-24802" start="12260">testes</span>
    </annotation>
    <annotation annotator="Nicole Vasilevsky" id="UBERON_Instance_781100" type="identity">
      <class id="UBERON:0001343" label="seminiferous tubule of testis"/>
      <span end="12568" id="17696610-24804" start="12548">seminiferous tubules</span>
    </annotation>
    <annotation annotator="Nicole Vasilevsky" id="UBERON_Instance_781102" type="identity">
      <class id="UBERON:0000991" label="gonad"/>
      <span end="13075" id="17696610-24806" start="13069">gonads</span>
    </annotation>
    <annotation annotator="Nicole Vasilevsky" id="UBERON_Instance_781104" type="identity">
      <class id="UBERON:0000992" label="female gonad"/>
      <span end="13135" id="17696610-24808" start="13128">Ovaries</span>
    </annotation>
    <annotation annotator="Nicole Vasilevsky" id="UBERON_Instance_781106" type="identity">
      <class id="UBERON:0007023" label="adult organism"/>
      <span end="13144" id="17696610-24810" start="13139">adult</span>
    </annotation>
    <annotation annotator="Nicole Vasilevsky" id="UBERON_Instance_781112" type="identity">
      <class id="UBERON:0000992" label="female gonad"/>
      <span end="13360" id="17696610-24812" start="13353">ovaries</span>
    </annotation>
    <annotation annotator="Nicole Vasilevsky" id="UBERON_Instance_781118" type="identity">
      <class id="UBERON:0000922" label="embryo"/>
      <span end="13646" id="17696610-24816" start="13637">embryonic</span>
    </annotation>
    <annotation annotator="Nicole Vasilevsky" id="UBERON_Instance_781116" type="identity">
      <class id="UBERON:0000992" label="female gonad"/>
      <span end="13654" id="17696610-24814" start="13647">ovaries</span>
    </annotation>
    <annotation annotator="Nicole Vasilevsky" id="UBERON_Instance_781120" type="identity">
      <class id="UBERON:0000991" label="gonad"/>
      <span end="13798" id="17696610-24818" start="13792">Gonads</span>
    </annotation>
    <annotation annotator="Nicole Vasilevsky" id="UBERON_Instance_781122" type="identity">
      <class id="UBERON:0000473" label="testis"/>
      <span end="13859" id="17696610-24820" start="13853">Testes</span>
    </annotation>
    <annotation annotator="Nicole Vasilevsky" id="UBERON_Instance_781126" type="identity">
      <class id="UBERON:0000992" label="female gonad"/>
      <span end="13941" id="17696610-24822" start="13936">ovary</span>
    </annotation>
    <annotation annotator="Nicole Vasilevsky" id="UBERON_Instance_781128" type="identity">
      <class id="UBERON:0000992" label="female gonad"/>
      <span end="13974" id="17696610-24824" start="13969">ovary</span>
    </annotation>
    <annotation annotator="Nicole Vasilevsky" id="UBERON_Instance_781130" type="identity">
      <class id="UBERON:0000992" label="female gonad"/>
      <span end="14060" id="17696610-24826" start="14055">ovary</span>
    </annotation>
    <annotation annotator="Nicole Vasilevsky" id="UBERON_Instance_781134" type="identity">
      <class id="UBERON:0000992" label="female gonad"/>
      <span end="14144" id="17696610-24828" start="14139">ovary</span>
    </annotation>
    <annotation annotator="Nicole Vasilevsky" id="UBERON_Instance_781136" type="identity">
      <class id="UBERON:0000473" label="testis"/>
      <span end="14252" id="17696610-24830" start="14246">testis</span>
    </annotation>
    <annotation annotator="Nicole Vasilevsky" id="UBERON_Instance_781138" type="identity">
      <class id="UBERON:0000473" label="testis"/>
      <span end="14277" id="17696610-24832" start="14271">testis</span>
    </annotation>
    <annotation annotator="Nicole Vasilevsky" id="UBERON_Instance_781140" type="identity">
      <class id="UBERON:0000473" label="testis"/>
      <span end="14341" id="17696610-24834" start="14335">testis</span>
    </annotation>
    <annotation annotator="Nicole Vasilevsky" id="UBERON_Instance_781142" type="identity">
      <class id="UBERON:0000473" label="testis"/>
      <span end="14405" id="17696610-24836" start="14399">testis</span>
    </annotation>
    <annotation annotator="Nicole Vasilevsky" id="UBERON_Instance_781144" type="identity">
      <class id="UBERON:0000025" label="tube"/>
      <span end="14415" id="17696610-24838" start="14409">tubule</span>
    </annotation>
    <annotation annotator="Nicole Vasilevsky" id="UBERON_Instance_781146" type="identity">
      <class id="UBERON:0000025" label="tube"/>
      <span end="14494" id="17696610-24840" start="14487">tubules</span>
    </annotation>
    <annotation annotator="Nicole Vasilevsky" id="UBERON_Instance_781148" type="identity">
      <class id="UBERON:0000473" label="testis"/>
      <span end="14642" id="17696610-24842" start="14636">testis</span>
    </annotation>
    <annotation annotator="Nicole Vasilevsky" id="UBERON_Instance_781150" type="identity">
      <class id="UBERON:0000025" label="tube"/>
      <span end="14703" id="17696610-24844" start="14697">tubule</span>
    </annotation>
    <annotation annotator="Nicole Vasilevsky" id="UBERON_Instance_781152" type="identity">
      <class id="UBERON:0000473" label="testis"/>
      <span end="14773" id="17696610-24846" start="14767">testis</span>
    </annotation>
    <annotation annotator="Nicole Vasilevsky" id="UBERON_Instance_781154" type="identity">
      <class id="UBERON:0000473" label="testis"/>
      <span end="14863" id="17696610-24848" start="14857">testis</span>
    </annotation>
    <annotation annotator="Nicole Vasilevsky" id="UBERON_Instance_781156" type="identity">
      <class id="UBERON:0000473" label="testis"/>
      <span end="14905" id="17696610-24850" start="14899">testis</span>
    </annotation>
    <annotation annotator="Nicole Vasilevsky" id="UBERON_Instance_781158" type="identity">
      <class id="UBERON:0000473" label="testis"/>
      <span end="15045" id="17696610-24852" start="15039">testis</span>
    </annotation>
    <annotation annotator="Nicole Vasilevsky" id="UBERON_Instance_781160" type="identity">
      <class id="UBERON:0000473" label="testis"/>
      <span end="15078" id="17696610-24854" start="15072">testis</span>
    </annotation>
    <annotation annotator="Nicole Vasilevsky" id="UBERON_Instance_781162" type="identity">
      <class id="UBERON:0000992" label="female gonad"/>
      <span end="15119" id="17696610-24856" start="15114">ovary</span>
    </annotation>
    <annotation annotator="Nicole Vasilevsky" id="UBERON_Instance_781164" type="identity">
      <class id="UBERON:0000992" label="female gonad"/>
      <span end="15218" id="17696610-24858" start="15213">ovary</span>
    </annotation>
    <annotation annotator="Nicole Vasilevsky" id="UBERON_Instance_781166" type="identity">
      <class id="UBERON:0000992" label="female gonad"/>
      <span end="15258" id="17696610-24860" start="15253">ovary</span>
    </annotation>
    <annotation annotator="Nicole Vasilevsky" id="UBERON_Instance_781168" type="identity">
      <class id="UBERON:0000992" label="female gonad"/>
      <span end="15356" id="17696610-24862" start="15351">ovary</span>
    </annotation>
    <annotation annotator="Nicole Vasilevsky" id="UBERON_Instance_781170" type="identity">
      <class id="UBERON:0000992" label="female gonad"/>
      <span end="15406" id="17696610-24864" start="15401">ovary</span>
    </annotation>
    <annotation annotator="Nicole Vasilevsky" id="UBERON_Instance_781172" type="identity">
      <class id="UBERON:0000992" label="female gonad"/>
      <span end="15514" id="17696610-24866" start="15509">ovary</span>
    </annotation>
    <annotation annotator="Nicole Vasilevsky" id="UBERON_Instance_781174" type="identity">
      <class id="UBERON:0000473" label="testis"/>
      <span end="15555" id="17696610-24868" start="15549">testes</span>
    </annotation>
    <annotation annotator="Nicole Vasilevsky" id="UBERON_Instance_781176" type="identity">
      <class id="UBERON:0001343" label="seminiferous tubule of testis"/>
      <span end="15655" id="17696610-24870" start="15635">seminiferous tubules</span>
    </annotation>
    <annotation annotator="Nicole Vasilevsky" id="UBERON_Instance_781178" type="identity">
      <class id="UBERON:0001343" label="seminiferous tubule of testis"/>
      <span end="15723" id="17696610-24872" start="15703">seminiferous tubules</span>
    </annotation>
    <annotation annotator="Nicole Vasilevsky" id="UBERON_Instance_781180" type="identity">
      <class id="UBERON:0007023" label="adult organism"/>
      <span end="16021" id="17696610-24874" start="16016">adult</span>
    </annotation>
    <annotation annotator="Nicole Vasilevsky" id="UBERON_Instance_781182" type="identity">
      <class id="UBERON:0001343" label="seminiferous tubule of testis"/>
      <span end="16042" id="17696610-24876" start="16022">seminiferous tubules</span>
    </annotation>
    <annotation annotator="Nicole Vasilevsky" id="UBERON_Instance_781184" type="identity">
      <class id="UBERON:0001301" label="epididymis"/>
      <span end="16125" id="17696610-24878" start="16115">epididymal</span>
    </annotation>
    <annotation annotator="Nicole Vasilevsky" id="UBERON_Instance_781186" type="identity">
      <class id="UBERON:0000473" label="testis"/>
      <span end="16732" id="17696610-24880" start="16726">testes</span>
    </annotation>
    <annotation annotator="Nicole Vasilevsky" id="UBERON_Instance_781188" type="identity">
      <class id="UBERON:0000473" label="testis"/>
      <span end="22900" id="17696610-24882" start="22894">testis</span>
    </annotation>
    <annotation annotator="Nicole Vasilevsky" id="UBERON_Instance_781190" type="identity">
      <class id="UBERON:0000473" label="testis"/>
      <span end="24648" id="17696610-24884" start="24638">testicular</span>
    </annotation>
    <annotation annotator="Nicole Vasilevsky" id="UBERON_Instance_781192" type="identity">
      <class id="UBERON:0000473" label="testis"/>
      <span end="25260" id="17696610-24886" start="25254">testes</span>
    </annotation>
    <annotation annotator="Nicole Vasilevsky" id="UBERON_Instance_781194" type="identity">
      <class id="UBERON:0000473" label="testis"/>
      <span end="26150" id="17696610-24888" start="26144">testes</span>
    </annotation>
    <annotation annotator="Nicole Vasilevsky" id="UBERON_Instance_781196" type="identity">
      <class id="UBERON:0000473" label="testis"/>
      <span end="26395" id="17696610-24890" start="26389">testes</span>
    </annotation>
    <annotation annotator="Nicole Vasilevsky" id="UBERON_Instance_781198" type="identity">
      <class id="UBERON:0000473" label="testis"/>
      <span end="28511" id="17696610-24892" start="28505">testes</span>
    </annotation>
    <annotation annotator="Nicole Vasilevsky" id="UBERON_Instance_781200" type="identity">
      <class id="UBERON:0000473" label="testis"/>
      <span end="29378" id="17696610-24894" start="29372">testes</span>
    </annotation>
    <annotation annotator="Nicole Vasilevsky" id="UBERON_Instance_781204" type="identity">
      <class id="UBERON:0000992" label="female gonad"/>
      <span end="29845" id="17696610-24896" start="29838">ovaries</span>
    </annotation>
    <annotation annotator="Nicole Vasilevsky" id="UBERON_Instance_781210" type="identity">
      <class id="UBERON:0000992" label="female gonad"/>
      <span end="30147" id="17696610-24898" start="30140">ovaries</span>
    </annotation>
    <annotation annotator="Nicole Vasilevsky" id="UBERON_Instance_781216" type="identity">
      <class id="UBERON:0000992" label="female gonad"/>
      <span end="30594" id="17696610-24900" start="30587">ovaries</span>
    </annotation>
    <annotation annotator="Nicole Vasilevsky" id="UBERON_Instance_781218" type="identity">
      <class id="UBERON:0000922" label="embryo"/>
      <span end="31230" id="17696610-24902" start="31221">embryonic</span>
    </annotation>
    <annotation annotator="Nicole Vasilevsky" id="UBERON_Instance_781220" type="identity">
      <class id="UBERON:0007023" label="adult organism"/>
      <span end="34936" id="17696610-24904" start="34931">adult</span>
    </annotation>
    <annotation annotator="Nicole Vasilevsky" id="UBERON_Instance_781222" type="identity">
      <class id="UBERON:0000473" label="testis"/>
      <span end="34943" id="17696610-24906" start="34937">testes</span>
    </annotation>
    <annotation annotator="Nicole Vasilevsky" id="UBERON_Instance_781224" type="identity">
      <class id="UBERON:0002046" label="thyroid gland"/>
      <span end="35937" id="17696610-24908" start="35930">thyroid</span>
    </annotation>
    <annotation annotator="Nicole Vasilevsky" id="UBERON_Instance_781228" type="identity">
      <class id="UBERON:0000479" label="tissue"/>
      <span end="39342" id="17696610-24910" start="39336">Tissue</span>
    </annotation>
    <annotation annotator="Nicole Vasilevsky" id="UBERON_Instance_781230" type="identity">
      <class id="UBERON:0000922" label="embryo"/>
      <span end="39721" id="17696610-24912" start="39712">embryonic</span>
    </annotation>
    <annotation annotator="Nicole Vasilevsky" id="UBERON_Instance_781232" type="identity">
      <class id="UBERON:0007023" label="adult organism"/>
      <span end="41286" id="17696610-24914" start="41281">adult</span>
    </annotation>
    <annotation annotator="Nicole Vasilevsky" id="UBERON_Instance_781234" type="identity">
      <class id="UBERON:0000473" label="testis"/>
      <span end="41293" id="17696610-24916" start="41287">testes</span>
    </annotation>
    <annotation annotator="Nicole Vasilevsky" id="UBERON_Instance_781236" type="identity">
      <class id="UBERON:0007379" label="egg"/>
      <span end="42232" id="17696610-24918" start="42228">eggs</span>
    </annotation>
    <annotation annotator="Nicole Vasilevsky" id="UBERON_Instance_781238" type="identity">
      <class id="UBERON:0000473" label="testis"/>
      <span end="42436" id="17696610-24920" start="42430">testis</span>
    </annotation>
    <annotation annotator="Nicole Vasilevsky" id="UBERON_Instance_781240" type="identity">
      <class id="UBERON:0000473" label="testis"/>
      <span end="43002" id="17696610-24922" start="42996">Testes</span>
    </annotation>
    <annotation annotator="Nicole Vasilevsky" id="UBERON_Instance_781242" type="identity">
      <class id="UBERON:0000992" label="female gonad"/>
      <span end="43013" id="17696610-24924" start="43006">ovaries</span>
    </annotation>
    <annotation annotator="Nicole Vasilevsky" id="UBERON_Instance_781244" type="identity">
      <class id="UBERON:0000473" label="testis"/>
      <span end="43168" id="17696610-24926" start="43162">testis</span>
    </annotation>
    <annotation annotator="Nicole Vasilevsky" id="UBERON_Instance_781250" type="identity">
      <class id="UBERON:0000922" label="embryo"/>
      <span end="47366" id="17696610-24928" start="47357">embryonic</span>
    </annotation>
    <graph-space id="Old Knowtator Relations"/>
  </document>
</knowtator-project>
