<?xml version="1.0" encoding="UTF-8" standalone="no"?>
<knowtator-project>
  <document id="11597317" text-file="11597317.txt">
    <annotation annotator="Mike Bada" id="organism_Instance_21115" type="identity">
      <class id="NCBITaxon:2759" label="Eukaryota"/>
      <span end="537" id="11597317-384" start="527">eukaryotic</span>
    </annotation>
    <annotation annotator="Mike Bada" id="organism_Instance_21119" type="identity">
      <class id="NCBITaxon:40674" label="Mammalia"/>
      <span end="1366" id="11597317-386" start="1357">mammalian</span>
    </annotation>
    <annotation annotator="Mike Bada" id="organism_Instance_230001" type="identity">
      <class id="NCBITaxon:9606" label="Homo sapiens"/>
      <span end="4502" id="11597317-404" start="4497">human</span>
    </annotation>
    <annotation annotator="Mike Bada" id="organism_Instance_21134" type="identity">
      <class id="NCBITaxon:9606" label="Homo sapiens"/>
      <span end="4811" id="11597317-388" start="4806">human</span>
    </annotation>
    <annotation annotator="Mike Bada" id="organism_Instance_21138" type="identity">
      <class id="NCBITaxon:10088" label="Mus"/>
      <span end="5432" id="11597317-390" start="5427">mouse</span>
    </annotation>
    <annotation annotator="Mike Bada" id="organism_Instance_21142" type="identity">
      <class id="NCBITaxon:9606" label="Homo sapiens"/>
      <span end="6336" id="11597317-392" start="6331">human</span>
    </annotation>
    <annotation annotator="Mike Bada" id="organism_Instance_21146" type="identity">
      <class id="NCBITaxon:9606" label="Homo sapiens"/>
      <span end="6626" id="11597317-394" start="6621">human</span>
    </annotation>
    <annotation annotator="Mike Bada" id="organism_Instance_21150" type="identity">
      <class id="NCBITaxon:9606" label="Homo sapiens"/>
      <span end="7052" id="11597317-396" start="7047">human</span>
    </annotation>
    <annotation annotator="Mike Bada" id="organism_Instance_21154" type="identity">
      <class id="NCBITaxon:10088" label="Mus"/>
      <span end="7062" id="11597317-398" start="7057">mouse</span>
    </annotation>
    <annotation annotator="Mike Bada" id="organism_Instance_21158" type="identity">
      <class id="NCBITaxon:9606" label="Homo sapiens"/>
      <span end="7315" id="11597317-400" start="7310">human</span>
    </annotation>
    <annotation annotator="Mike Bada" id="organism_Instance_21162" type="identity">
      <class id="NCBITaxon:9606" label="Homo sapiens"/>
      <span end="8527" id="11597317-402" start="8522">human</span>
    </annotation>
    <graph-space id="Old Knowtator Relations"/>
  </document>
</knowtator-project>
