<?xml version="1.0" encoding="UTF-8" standalone="no"?>
<knowtator-project>
  <document id="12585968" text-file="12585968.txt">
    <annotation annotator="Mike Bada" id="organism_Instance_22272" type="identity">
      <class id="NCBITaxon:10088" label="Mus"/>
      <span end="22" id="12585968-805" start="18">mice</span>
    </annotation>
    <annotation annotator="Mike Bada" id="organism_Instance_22276" type="identity">
      <class id="NCBITaxon:10088" label="Mus"/>
      <span end="1210" id="12585968-807" start="1206">mice</span>
    </annotation>
    <annotation annotator="Mike Bada" id="organism_Instance_22280" type="identity">
      <class id="NCBITaxon:10088" label="Mus"/>
      <span end="1589" id="12585968-809" start="1585">mice</span>
    </annotation>
    <annotation annotator="Mike Bada" id="organism_Instance_22284" type="identity">
      <class id="NCBITaxon:40674" label="Mammalia"/>
      <span end="3898" id="12585968-811" start="3891">mammals</span>
    </annotation>
    <annotation annotator="Mike Bada" id="organism_Instance_22288" type="identity">
      <class id="NCBITaxon:33208" label="Metazoa"/>
      <span end="4258" id="12585968-813" start="4251">animals</span>
    </annotation>
    <annotation annotator="Mike Bada" id="organism_Instance_22292" type="identity">
      <class id="NCBITaxon:9606" label="Homo sapiens"/>
      <span end="4335" id="12585968-815" start="4330">human</span>
    </annotation>
    <annotation annotator="Mike Bada" id="organism_Instance_22296" type="identity">
      <class id="NCBITaxon:10088" label="Mus"/>
      <span end="4534" id="12585968-817" start="4530">mice</span>
    </annotation>
    <annotation annotator="Mike Bada" id="organism_Instance_22300" type="identity">
      <class id="NCBITaxon:9989" label="Rodentia"/>
      <span end="4907" id="12585968-819" start="4900">rodents</span>
    </annotation>
    <annotation annotator="Mike Bada" id="organism_Instance_22304" type="identity">
      <class id="NCBITaxon:10088" label="Mus"/>
      <span end="5548" id="12585968-821" start="5544">mice</span>
    </annotation>
    <annotation annotator="Mike Bada" id="organism_Instance_22308" type="identity">
      <class id="NCBITaxon:33208" label="Metazoa"/>
      <span end="6437" id="12585968-823" start="6430">animals</span>
    </annotation>
    <annotation annotator="Mike Bada" id="organism_Instance_22312" type="identity">
      <class id="NCBITaxon:10088" label="Mus"/>
      <span end="7609" id="12585968-825" start="7605">mice</span>
    </annotation>
    <annotation annotator="Mike Bada" id="organism_Instance_22316" type="identity">
      <class id="NCBITaxon:10088" label="Mus"/>
      <span end="7667" id="12585968-827" start="7663">mice</span>
    </annotation>
    <annotation annotator="Mike Bada" id="organism_Instance_22320" type="identity">
      <class id="NCBITaxon:10088" label="Mus"/>
      <span end="7850" id="12585968-829" start="7846">mice</span>
    </annotation>
    <annotation annotator="Mike Bada" id="organism_Instance_22324" type="identity">
      <class id="NCBITaxon:33208" label="Metazoa"/>
      <span end="8898" id="12585968-831" start="8891">animals</span>
    </annotation>
    <annotation annotator="Mike Bada" id="organism_Instance_22328" type="identity">
      <class id="NCBITaxon:10088" label="Mus"/>
      <span end="10543" id="12585968-833" start="10539">mice</span>
    </annotation>
    <annotation annotator="Mike Bada" id="organism_Instance_22332" type="identity">
      <class id="NCBITaxon:33208" label="Metazoa"/>
      <span end="11669" id="12585968-835" start="11662">animals</span>
    </annotation>
    <annotation annotator="Mike Bada" id="organism_Instance_22336" type="identity">
      <class id="NCBITaxon:33208" label="Metazoa"/>
      <span end="12202" id="12585968-837" start="12195">animals</span>
    </annotation>
    <annotation annotator="Mike Bada" id="organism_Instance_22342" type="identity">
      <class id="NCBITaxon:10088" label="Mus"/>
      <span end="16825" id="12585968-839" start="16821">mice</span>
    </annotation>
    <annotation annotator="Mike Bada" id="organism_Instance_22346" type="identity">
      <class id="NCBITaxon:10088" label="Mus"/>
      <span end="17052" id="12585968-841" start="17047">mouse</span>
    </annotation>
    <annotation annotator="Mike Bada" id="organism_Instance_22350" type="identity">
      <class id="NCBITaxon:10088" label="Mus"/>
      <span end="18163" id="12585968-843" start="18159">mice</span>
    </annotation>
    <annotation annotator="Mike Bada" id="organism_Instance_22354" type="identity">
      <class id="NCBITaxon:10088" label="Mus"/>
      <span end="18505" id="12585968-845" start="18501">mice</span>
    </annotation>
    <annotation annotator="Mike Bada" id="organism_Instance_22358" type="identity">
      <class id="NCBITaxon:33208" label="Metazoa"/>
      <span end="18529" id="12585968-847" start="18522">animals</span>
    </annotation>
    <annotation annotator="Mike Bada" id="organism_Instance_22362" type="identity">
      <class id="NCBITaxon:10088" label="Mus"/>
      <span end="19836" id="12585968-849" start="19832">mice</span>
    </annotation>
    <annotation annotator="Mike Bada" id="organism_Instance_22366" type="identity">
      <class id="NCBITaxon:33208" label="Metazoa"/>
      <span end="20131" id="12585968-851" start="20124">animals</span>
    </annotation>
    <annotation annotator="Mike Bada" id="organism_Instance_22370" type="identity">
      <class id="NCBITaxon:33208" label="Metazoa"/>
      <span end="20237" id="12585968-853" start="20230">animals</span>
    </annotation>
    <annotation annotator="Mike Bada" id="organism_Instance_22374" type="identity">
      <class id="NCBITaxon:33208" label="Metazoa"/>
      <span end="20377" id="12585968-855" start="20370">animals</span>
    </annotation>
    <annotation annotator="Mike Bada" id="organism_Instance_22378" type="identity">
      <class id="NCBITaxon:33208" label="Metazoa"/>
      <span end="20656" id="12585968-857" start="20650">animal</span>
    </annotation>
    <annotation annotator="Mike Bada" id="organism_Instance_22386" type="identity">
      <class id="NCBITaxon:10088" label="Mus"/>
      <span end="21236" id="12585968-859" start="21232">mice</span>
    </annotation>
    <annotation annotator="Mike Bada" id="organism_Instance_22390" type="identity">
      <class id="NCBITaxon:33208" label="Metazoa"/>
      <span end="21618" id="12585968-861" start="21611">animals</span>
    </annotation>
    <annotation annotator="Mike Bada" id="organism_Instance_22394" type="identity">
      <class id="NCBITaxon:10088" label="Mus"/>
      <span end="22374" id="12585968-863" start="22370">mice</span>
    </annotation>
    <annotation annotator="Mike Bada" id="organism_Instance_22398" type="identity">
      <class id="NCBITaxon:10088" label="Mus"/>
      <span end="22829" id="12585968-865" start="22825">mice</span>
    </annotation>
    <annotation annotator="Mike Bada" id="organism_Instance_22402" type="identity">
      <class id="NCBITaxon:33208" label="Metazoa"/>
      <span end="22911" id="12585968-867" start="22904">animals</span>
    </annotation>
    <annotation annotator="Mike Bada" id="organism_Instance_22406" type="identity">
      <class id="NCBITaxon:33208" label="Metazoa"/>
      <span end="23409" id="12585968-869" start="23402">animals</span>
    </annotation>
    <annotation annotator="Mike Bada" id="organism_Instance_22410" type="identity">
      <class id="NCBITaxon:33208" label="Metazoa"/>
      <span end="24126" id="12585968-871" start="24119">animals</span>
    </annotation>
    <annotation annotator="Mike Bada" id="organism_Instance_22414" type="identity">
      <class id="NCBITaxon:10088" label="Mus"/>
      <span end="24815" id="12585968-873" start="24811">mice</span>
    </annotation>
    <annotation annotator="Mike Bada" id="organism_Instance_22418" type="identity">
      <class id="NCBITaxon:33208" label="Metazoa"/>
      <span end="26721" id="12585968-875" start="26714">animals</span>
    </annotation>
    <annotation annotator="Mike Bada" id="organism_Instance_22422" type="identity">
      <class id="NCBITaxon:33208" label="Metazoa"/>
      <span end="27686" id="12585968-877" start="27679">animals</span>
    </annotation>
    <annotation annotator="Mike Bada" id="organism_Instance_22430" type="identity">
      <class id="NCBITaxon:9685" label="Felis catus"/>
      <span end="28301" id="12585968-879" start="28298">cat</span>
    </annotation>
    <annotation annotator="Mike Bada" id="organism_Instance_90341" type="identity">
      <class id="NCBITaxon:9606" label="Homo sapiens"/>
      <span end="28341" id="12585968-913" start="28335">humans</span>
    </annotation>
    <annotation annotator="Mike Bada" id="organism_Instance_22434" type="identity">
      <class id="NCBITaxon:40674" label="Mammalia"/>
      <span end="30595" id="12585968-881" start="30588">mammals</span>
    </annotation>
    <annotation annotator="Mike Bada" id="organism_Instance_22438" type="identity">
      <class id="NCBITaxon:10088" label="Mus"/>
      <span end="31203" id="12585968-883" start="31198">mouse</span>
    </annotation>
    <annotation annotator="Mike Bada" id="organism_Instance_22442" type="identity">
      <class id="NCBITaxon:9606" label="Homo sapiens"/>
      <span end="31512" id="12585968-885" start="31507">human</span>
    </annotation>
    <annotation annotator="Mike Bada" id="organism_Instance_22446" type="identity">
      <class id="NCBITaxon:10088" label="Mus"/>
      <span end="31767" id="12585968-887" start="31763">mice</span>
    </annotation>
    <annotation annotator="Mike Bada" id="organism_Instance_22450" type="identity">
      <class id="NCBITaxon:10088" label="Mus"/>
      <span end="31851" id="12585968-889" start="31847">mice</span>
    </annotation>
    <annotation annotator="Mike Bada" id="organism_Instance_22454" type="identity">
      <class id="NCBITaxon:10088" label="Mus"/>
      <span end="31886" id="12585968-891" start="31881">mouse</span>
    </annotation>
    <annotation annotator="Mike Bada" id="organism_Instance_90353" type="identity">
      <class id="NCBITaxon:9606" label="Homo sapiens"/>
      <span end="31981" id="12585968-915" start="31975">humans</span>
    </annotation>
    <annotation annotator="Mike Bada" id="organism_Instance_22458" type="identity">
      <class id="NCBITaxon:9606" label="Homo sapiens"/>
      <span end="32108" id="12585968-893" start="32103">human</span>
    </annotation>
    <annotation annotator="Mike Bada" id="organism_Instance_22466" type="identity">
      <class id="NCBITaxon:9685" label="Felis catus"/>
      <span end="32355" id="12585968-895" start="32352">cat</span>
    </annotation>
    <annotation annotator="Mike Bada" id="organism_Instance_22470" type="identity">
      <class id="NCBITaxon:10088" label="Mus"/>
      <span end="32412" id="12585968-897" start="32408">mice</span>
    </annotation>
    <annotation annotator="Mike Bada" id="organism_Instance_22474" type="identity">
      <class id="NCBITaxon:10088" label="Mus"/>
      <span end="32639" id="12585968-899" start="32635">mice</span>
    </annotation>
    <annotation annotator="Mike Bada" id="organism_Instance_22478" type="identity">
      <class id="NCBITaxon:33208" label="Metazoa"/>
      <span end="33209" id="12585968-901" start="33202">animals</span>
    </annotation>
    <annotation annotator="Mike Bada" id="organism_Instance_22486" type="identity">
      <class id="NCBITaxon:9685" label="Felis catus"/>
      <span end="33646" id="12585968-903" start="33643">cat</span>
    </annotation>
    <annotation annotator="Mike Bada" id="organism_Instance_22490" type="identity">
      <class id="NCBITaxon:10088" label="Mus"/>
      <span end="33795" id="12585968-905" start="33791">mice</span>
    </annotation>
    <annotation annotator="Mike Bada" id="organism_Instance_22494" type="identity">
      <class id="NCBITaxon:10088" label="Mus"/>
      <span end="33840" id="12585968-907" start="33836">Mice</span>
    </annotation>
    <annotation annotator="Mike Bada" id="organism_Instance_22498" type="identity">
      <class id="NCBITaxon:33208" label="Metazoa"/>
      <span end="33976" id="12585968-909" start="33969">animals</span>
    </annotation>
    <annotation annotator="Mike Bada" id="organism_Instance_22510" type="identity">
      <class id="NCBITaxon:10088" label="Mus"/>
      <span end="37416" id="12585968-911" start="37412">mice</span>
    </annotation>
    <graph-space id="Old Knowtator Relations"/>
  </document>
</knowtator-project>
