<?xml version="1.0" encoding="UTF-8" standalone="no"?>
<knowtator-project>
  <document id="12925238" text-file="12925238.txt">
    <annotation annotator="Mike Bada" id="organism_Instance_90374" type="identity">
      <class id="NCBITaxon:10088" label="Mus"/>
      <span end="134" id="12925238-1040" start="129">mouse</span>
    </annotation>
    <annotation annotator="Mike Bada" id="organism_Instance_22514" type="identity">
      <class id="NCBITaxon:10088" label="Mus"/>
      <span end="693" id="12925238-922" start="689">mice</span>
    </annotation>
    <annotation annotator="Mike Bada" id="organism_Instance_22518" type="identity">
      <class id="NCBITaxon:10088" label="Mus"/>
      <span end="5279" id="12925238-924" start="5274">mouse</span>
    </annotation>
    <annotation annotator="Mike Bada" id="organism_Instance_22522" type="identity">
      <class id="NCBITaxon:10088" label="Mus"/>
      <span end="5319" id="12925238-926" start="5315">mice</span>
    </annotation>
    <annotation annotator="Mike Bada" id="organism_Instance_22526" type="identity">
      <class id="NCBITaxon:10088" label="Mus"/>
      <span end="5447" id="12925238-928" start="5443">mice</span>
    </annotation>
    <annotation annotator="Mike Bada" id="organism_Instance_22530" type="identity">
      <class id="NCBITaxon:9606" label="Homo sapiens"/>
      <span end="7646" id="12925238-930" start="7641">human</span>
    </annotation>
    <annotation annotator="Mike Bada" id="organism_Instance_22534" type="identity">
      <class id="NCBITaxon:9606" label="Homo sapiens"/>
      <span end="7978" id="12925238-932" start="7973">human</span>
    </annotation>
    <annotation annotator="Mike Bada" id="organism_Instance_22538" type="identity">
      <class id="NCBITaxon:9606" label="Homo sapiens"/>
      <span end="8008" id="12925238-934" start="8003">human</span>
    </annotation>
    <annotation annotator="Mike Bada" id="organism_Instance_22542" type="identity">
      <class id="NCBITaxon:10088" label="Mus"/>
      <span end="8580" id="12925238-936" start="8576">mice</span>
    </annotation>
    <annotation annotator="Mike Bada" id="organism_Instance_22546" type="identity">
      <class id="NCBITaxon:9606" label="Homo sapiens"/>
      <span end="8741" id="12925238-938" start="8736">human</span>
    </annotation>
    <annotation annotator="Mike Bada" id="organism_Instance_22550" type="identity">
      <class id="NCBITaxon:9606" label="Homo sapiens"/>
      <span end="10215" id="12925238-940" start="10210">Human</span>
    </annotation>
    <annotation annotator="Mike Bada" id="organism_Instance_22554" type="identity">
      <class id="NCBITaxon:9606" label="Homo sapiens"/>
      <span end="11242" id="12925238-942" start="11237">human</span>
    </annotation>
    <annotation annotator="Mike Bada" id="organism_Instance_90390" type="identity">
      <class id="NCBITaxon:10088" label="Mus"/>
      <span end="11707" id="12925238-1042" start="11702">mouse</span>
    </annotation>
    <annotation annotator="Mike Bada" id="organism_Instance_22558" type="identity">
      <class id="NCBITaxon:10088" label="Mus"/>
      <span end="12339" id="12925238-944" start="12335">mice</span>
    </annotation>
    <annotation annotator="Mike Bada" id="organism_Instance_22562" type="identity">
      <class id="NCBITaxon:10088" label="Mus"/>
      <span end="14658" id="12925238-946" start="14654">mice</span>
    </annotation>
    <annotation annotator="Mike Bada" id="organism_Instance_22566" type="identity">
      <class id="NCBITaxon:39107" label="Murinae"/>
      <span end="15611" id="12925238-948" start="15605">murine</span>
    </annotation>
    <annotation annotator="Mike Bada" id="organism_Instance_22570" type="identity">
      <class id="NCBITaxon:10088" label="Mus"/>
      <span end="16074" id="12925238-950" start="16070">mice</span>
    </annotation>
    <annotation annotator="Mike Bada" id="organism_Instance_22574" type="identity">
      <class id="NCBITaxon:10088" label="Mus"/>
      <span end="16175" id="12925238-952" start="16171">mice</span>
    </annotation>
    <annotation annotator="Mike Bada" id="organism_Instance_90400" type="identity">
      <class id="NCBITaxon:9606" label="Homo sapiens"/>
      <span end="16322" id="12925238-1044" start="16316">humans</span>
    </annotation>
    <annotation annotator="Mike Bada" id="organism_Instance_22578" type="identity">
      <class id="NCBITaxon:9606" label="Homo sapiens"/>
      <span end="17401" id="12925238-954" start="17396">human</span>
    </annotation>
    <annotation annotator="Mike Bada" id="organism_Instance_90406" type="identity">
      <class id="NCBITaxon:1" label="root"/>
      <span end="17474" id="12925238-1046" start="17464">individual</span>
    </annotation>
    <annotation annotator="Mike Bada" id="organism_Instance_22582" type="identity">
      <class id="NCBITaxon:10088" label="Mus"/>
      <span end="17630" id="12925238-956" start="17625">mouse</span>
    </annotation>
    <annotation annotator="Mike Bada" id="organism_Instance_22586" type="identity">
      <class id="NCBITaxon:39107" label="Murinae"/>
      <span end="17696" id="12925238-958" start="17690">murine</span>
    </annotation>
    <annotation annotator="Mike Bada" id="organism_Instance_22590" type="identity">
      <class id="NCBITaxon:9606" label="Homo sapiens"/>
      <span end="17769" id="12925238-960" start="17764">human</span>
    </annotation>
    <annotation annotator="Mike Bada" id="organism_Instance_22594" type="identity">
      <class id="NCBITaxon:10088" label="Mus"/>
      <span end="17910" id="12925238-962" start="17906">mice</span>
    </annotation>
    <annotation annotator="Mike Bada" id="organism_Instance_22598" type="identity">
      <class id="NCBITaxon:39107" label="Murinae"/>
      <span end="18270" id="12925238-964" start="18264">murine</span>
    </annotation>
    <annotation annotator="Mike Bada" id="organism_Instance_22602" type="identity">
      <class id="NCBITaxon:39107" label="Murinae"/>
      <span end="18641" id="12925238-966" start="18635">Murine</span>
    </annotation>
    <annotation annotator="Mike Bada" id="organism_Instance_22606" type="identity">
      <class id="NCBITaxon:9606" label="Homo sapiens"/>
      <span end="18740" id="12925238-968" start="18735">human</span>
    </annotation>
    <annotation annotator="Mike Bada" id="organism_Instance_22610" type="identity">
      <class id="NCBITaxon:9606" label="Homo sapiens"/>
      <span end="18830" id="12925238-970" start="18825">human</span>
    </annotation>
    <annotation annotator="Mike Bada" id="organism_Instance_22614" type="identity">
      <class id="NCBITaxon:10088" label="Mus"/>
      <span end="21047" id="12925238-972" start="21042">mouse</span>
    </annotation>
    <annotation annotator="Mike Bada" id="organism_Instance_90420" type="identity">
      <class id="NCBITaxon:44689" label="Dictyostelium discoideum"/>
      <span end="21306" id="12925238-1048" start="21282">Dictyostelium discoideum</span>
    </annotation>
    <annotation annotator="Mike Bada" id="organism_Instance_22618" type="identity">
      <class id="NCBITaxon:10088" label="Mus"/>
      <span end="23858" id="12925238-974" start="23853">mouse</span>
    </annotation>
    <annotation annotator="Mike Bada" id="organism_Instance_22622" type="identity">
      <class id="NCBITaxon:39107" label="Murinae"/>
      <span end="25712" id="12925238-976" start="25706">murine</span>
    </annotation>
    <annotation annotator="Mike Bada" id="organism_Instance_22626" type="identity">
      <class id="NCBITaxon:9606" label="Homo sapiens"/>
      <span end="25757" id="12925238-978" start="25752">human</span>
    </annotation>
    <annotation annotator="Mike Bada" id="organism_Instance_22630" type="identity">
      <class id="NCBITaxon:10088" label="Mus"/>
      <span end="25837" id="12925238-980" start="25832">mouse</span>
    </annotation>
    <annotation annotator="Mike Bada" id="organism_Instance_22634" type="identity">
      <class id="NCBITaxon:10088" label="Mus"/>
      <span end="25878" id="12925238-982" start="25873">mouse</span>
    </annotation>
    <annotation annotator="Mike Bada" id="organism_Instance_22638" type="identity">
      <class id="NCBITaxon:9606" label="Homo sapiens"/>
      <span end="26037" id="12925238-984" start="26032">human</span>
    </annotation>
    <annotation annotator="Mike Bada" id="organism_Instance_130007" type="identity">
      <class id="NCBITaxon:10088" label="Mus"/>
      <span end="26885" id="12925238-920" start="26881">mice</span>
    </annotation>
    <annotation annotator="Mike Bada" id="organism_Instance_22642" type="identity">
      <class id="NCBITaxon:39107" label="Murinae"/>
      <span end="27163" id="12925238-986" start="27157">murine</span>
    </annotation>
    <annotation annotator="Mike Bada" id="organism_Instance_22646" type="identity">
      <class id="NCBITaxon:9606" label="Homo sapiens"/>
      <span end="27173" id="12925238-988" start="27168">human</span>
    </annotation>
    <annotation annotator="Mike Bada" id="organism_Instance_22650" type="identity">
      <class id="NCBITaxon:10088" label="Mus"/>
      <span end="27245" id="12925238-990" start="27241">mice</span>
    </annotation>
    <annotation annotator="Mike Bada" id="organism_Instance_22654" type="identity">
      <class id="NCBITaxon:10088" label="Mus"/>
      <span end="27595" id="12925238-992" start="27591">mice</span>
    </annotation>
    <annotation annotator="Mike Bada" id="organism_Instance_22658" type="identity">
      <class id="NCBITaxon:10088" label="Mus"/>
      <span end="27736" id="12925238-994" start="27732">mice</span>
    </annotation>
    <annotation annotator="Mike Bada" id="organism_Instance_22662" type="identity">
      <class id="NCBITaxon:39107" label="Murinae"/>
      <span end="27915" id="12925238-996" start="27909">murine</span>
    </annotation>
    <annotation annotator="Mike Bada" id="organism_Instance_22666" type="identity">
      <class id="NCBITaxon:9606" label="Homo sapiens"/>
      <span end="28009" id="12925238-998" start="28004">Human</span>
    </annotation>
    <annotation annotator="Mike Bada" id="organism_Instance_22670" type="identity">
      <class id="NCBITaxon:10088" label="Mus"/>
      <span end="28442" id="12925238-1000" start="28438">mice</span>
    </annotation>
    <annotation annotator="Mike Bada" id="organism_Instance_22674" type="identity">
      <class id="NCBITaxon:10088" label="Mus"/>
      <span end="28518" id="12925238-1002" start="28514">mice</span>
    </annotation>
    <annotation annotator="Mike Bada" id="organism_Instance_22678" type="identity">
      <class id="NCBITaxon:10088" label="Mus"/>
      <span end="28597" id="12925238-1004" start="28593">mice</span>
    </annotation>
    <annotation annotator="Mike Bada" id="organism_Instance_22682" type="identity">
      <class id="NCBITaxon:10088" label="Mus"/>
      <span end="28687" id="12925238-1006" start="28683">mice</span>
    </annotation>
    <annotation annotator="Mike Bada" id="organism_Instance_22686" type="identity">
      <class id="NCBITaxon:9606" label="Homo sapiens"/>
      <span end="28783" id="12925238-1008" start="28778">human</span>
    </annotation>
    <annotation annotator="Mike Bada" id="organism_Instance_22690" type="identity">
      <class id="NCBITaxon:9606" label="Homo sapiens"/>
      <span end="29974" id="12925238-1010" start="29969">human</span>
    </annotation>
    <annotation annotator="Mike Bada" id="organism_Instance_22694" type="identity">
      <class id="NCBITaxon:39107" label="Murinae"/>
      <span end="29985" id="12925238-1012" start="29979">murine</span>
    </annotation>
    <annotation annotator="Mike Bada" id="organism_Instance_22698" type="identity">
      <class id="NCBITaxon:39107" label="Murinae"/>
      <span end="32535" id="12925238-1014" start="32529">murine</span>
    </annotation>
    <annotation annotator="Mike Bada" id="organism_Instance_22702" type="identity">
      <class id="NCBITaxon:39107" label="Murinae"/>
      <span end="33098" id="12925238-1016" start="33092">murine</span>
    </annotation>
    <annotation annotator="Mike Bada" id="organism_Instance_22706" type="identity">
      <class id="NCBITaxon:9606" label="Homo sapiens"/>
      <span end="33108" id="12925238-1018" start="33103">human</span>
    </annotation>
    <annotation annotator="Mike Bada" id="organism_Instance_22710" type="identity">
      <class id="NCBITaxon:10088" label="Mus"/>
      <span end="33423" id="12925238-1020" start="33418">mouse</span>
    </annotation>
    <annotation annotator="Mike Bada" id="organism_Instance_22714" type="identity">
      <class id="NCBITaxon:9606" label="Homo sapiens"/>
      <span end="33433" id="12925238-1022" start="33428">human</span>
    </annotation>
    <annotation annotator="Mike Bada" id="organism_Instance_22718" type="identity">
      <class id="NCBITaxon:39107" label="Murinae"/>
      <span end="33456" id="12925238-1024" start="33450">murine</span>
    </annotation>
    <annotation annotator="Mike Bada" id="organism_Instance_22722" type="identity">
      <class id="NCBITaxon:33208" label="Metazoa"/>
      <span end="33492" id="12925238-1026" start="33486">animal</span>
    </annotation>
    <annotation annotator="Mike Bada" id="organism_Instance_22726" type="identity">
      <class id="NCBITaxon:9606" label="Homo sapiens"/>
      <span end="33511" id="12925238-1028" start="33506">human</span>
    </annotation>
    <annotation annotator="Mike Bada" id="organism_Instance_22730" type="identity">
      <class id="NCBITaxon:9606" label="Homo sapiens"/>
      <span end="33646" id="12925238-1030" start="33630">human individual</span>
    </annotation>
    <annotation annotator="Mike Bada" id="organism_Instance_22734" type="identity">
      <class id="NCBITaxon:39107" label="Murinae"/>
      <span end="34078" id="12925238-1032" start="34072">murine</span>
    </annotation>
    <annotation annotator="Mike Bada" id="organism_Instance_22738" type="identity">
      <class id="NCBITaxon:9606" label="Homo sapiens"/>
      <span end="34088" id="12925238-1034" start="34083">human</span>
    </annotation>
    <annotation annotator="Mike Bada" id="organism_Instance_22742" type="identity">
      <class id="NCBITaxon:10088" label="Mus"/>
      <span end="35110" id="12925238-1036" start="35105">mouse</span>
    </annotation>
    <annotation annotator="Mike Bada" id="organism_Instance_22746" type="identity">
      <class id="NCBITaxon:9986" label="Oryctolagus cuniculus"/>
      <span end="35161" id="12925238-1038" start="35155">rabbit</span>
    </annotation>
    <graph-space id="Old Knowtator Relations"/>
  </document>
</knowtator-project>
