<?xml version="1.0" encoding="UTF-8" standalone="no"?>
<knowtator-project>
    <document id="15005800" text-file="15005800.txt">
        <annotation annotator="Mike Bada" id="organism_Instance_25532" type="identity">
            <class id="NCBITaxon:10088" label="Mus"/>
            <span end="43" id="15005800-1907" start="38">mouse</span>
        </annotation>
        <annotation annotator="Mike Bada" id="organism_Instance_25536" type="identity">
            <class id="NCBITaxon:40674" label="Mammalia"/>
            <span end="179" id="15005800-1909" start="170">mammalian</span>
        </annotation>
        <annotation annotator="Mike Bada" id="organism_Instance_25540" type="identity">
            <class id="NCBITaxon:10088" label="Mus"/>
            <span end="216" id="15005800-1911" start="212">mice</span>
        </annotation>
        <annotation annotator="Mike Bada" id="organism_Instance_25544" type="identity">
            <class id="NCBITaxon:9606" label="Homo sapiens"/>
            <span end="298" id="15005800-1913" start="293">human</span>
        </annotation>
        <annotation annotator="Mike Bada" id="organism_Instance_25548" type="identity">
            <class id="NCBITaxon:10088" label="Mus"/>
            <span end="661" id="15005800-1915" start="657">mice</span>
        </annotation>
        <annotation annotator="Mike Bada" id="organism_Instance_25556" type="identity">
            <class id="NCBITaxon:40674" label="Mammalia"/>
            <span end="2424" id="15005800-1917" start="2415">mammalian</span>
        </annotation>
        <annotation annotator="Mike Bada" id="organism_Instance_120776" type="identity">
            <class id="NCBITaxon:8782" label="Aves"/>
            <span end="2443" id="15005800-1899" start="2438">avian</span>
        </annotation>
        <annotation annotator="Mike Bada" id="organism_Instance_25560" type="identity">
            <class id="NCBITaxon:1" label="root"/>
            <span end="2483" id="15005800-1919" start="2474">organisms</span>
        </annotation>
        <annotation annotator="Mike Bada" id="organism_Instance_25564" type="identity">
            <class id="NCBITaxon:2759" label="Eukaryota"/>
            <span end="2517" id="15005800-1921" start="2497">eukaryotic organisms</span>
        </annotation>
        <annotation annotator="Mike Bada" id="organism_Instance_25572" type="identity">
            <class id="NCBITaxon:3193" label="Embryophyta"/>
            <span end="2554" id="15005800-1923" start="2548">plants</span>
        </annotation>
        <annotation annotator="Mike Bada" id="organism_Instance_25576" type="identity">
            <class id="NCBITaxon:4751" label="Fungi"/>
            <span end="2564" id="15005800-1925" start="2559">fungi</span>
        </annotation>
        <annotation annotator="Mike Bada" id="organism_Instance_25580" type="identity">
            <class id="NCBITaxon:10088" label="Mus"/>
            <span end="3655" id="15005800-1927" start="3651">mice</span>
        </annotation>
        <annotation annotator="Mike Bada" id="organism_Instance_25584" type="identity">
            <class id="NCBITaxon:10088" label="Mus"/>
            <span end="3978" id="15005800-1929" start="3973">mouse</span>
        </annotation>
        <annotation annotator="Mike Bada" id="organism_Instance_25588" type="identity">
            <class id="NCBITaxon:39107" label="Murinae"/>
            <span end="4057" id="15005800-1931" start="4051">murine</span>
        </annotation>
        <annotation annotator="Mike Bada" id="organism_Instance_25592" type="identity">
            <class id="NCBITaxon:10088" label="Mus"/>
            <span end="4464" id="15005800-1933" start="4460">mice</span>
        </annotation>
        <annotation annotator="Mike Bada" id="organism_Instance_25596" type="identity">
            <class id="NCBITaxon:9606" label="Homo sapiens"/>
            <span end="4485" id="15005800-1935" start="4480">human</span>
        </annotation>
        <annotation annotator="Mike Bada" id="organism_Instance_120792" type="identity">
            <class id="NCBITaxon:40674" label="Mammalia"/>
            <span end="4869" id="15005800-1901" start="4860">Mammalian</span>
        </annotation>
        <annotation annotator="Mike Bada" id="organism_Instance_25600" type="identity">
            <class id="NCBITaxon:10088" label="Mus"/>
            <span end="5293" id="15005800-1937" start="5288">mouse</span>
        </annotation>
        <annotation annotator="Mike Bada" id="organism_Instance_25616" type="identity">
            <class id="NCBITaxon:10088" label="Mus"/>
            <span end="6208" id="15005800-1939" start="6204">Mice</span>
        </annotation>
        <annotation annotator="Mike Bada" id="organism_Instance_25620" type="identity">
            <class id="NCBITaxon:40674" label="Mammalia"/>
            <span end="6590" id="15005800-1941" start="6581">mammalian</span>
        </annotation>
        <annotation annotator="Mike Bada" id="organism_Instance_25624" type="identity">
            <class id="NCBITaxon:10088" label="Mus"/>
            <span end="7739" id="15005800-1943" start="7735">mice</span>
        </annotation>
        <annotation annotator="Mike Bada" id="organism_Instance_25628" type="identity">
            <class id="NCBITaxon:10088" label="Mus"/>
            <span end="10377" id="15005800-1945" start="10372">mouse</span>
        </annotation>
        <annotation annotator="Mike Bada" id="organism_Instance_25634" type="identity">
            <class id="NCBITaxon:33208" label="Metazoa"/>
            <span end="11008" id="15005800-1947" start="11001">animals</span>
        </annotation>
        <annotation annotator="Mike Bada" id="organism_Instance_25638" type="identity">
            <class id="NCBITaxon:33208" label="Metazoa"/>
            <span end="12654" id="15005800-1949" start="12647">animals</span>
        </annotation>
        <annotation annotator="Mike Bada" id="NCBITAXON_2015_03_02_Instance_144" type="identity">
            <class id="NCBITaxon:10088" label="Mus"/>
            <span end="17384" id="15005800-1897" start="17380">mice</span>
        </annotation>
        <annotation annotator="Mike Bada" id="organism_Instance_25642" type="identity">
            <class id="NCBITaxon:10088" label="Mus"/>
            <span end="17508" id="15005800-1951" start="17504">mice</span>
        </annotation>
        <annotation annotator="Mike Bada" id="organism_Instance_25646" type="identity">
            <class id="NCBITaxon:10088" label="Mus"/>
            <span end="17594" id="15005800-1953" start="17590">mice</span>
        </annotation>
        <annotation annotator="Mike Bada" id="organism_Instance_25650" type="identity">
            <class id="NCBITaxon:10088" label="Mus"/>
            <span end="18149" id="15005800-1955" start="18145">mice</span>
        </annotation>
        <annotation annotator="Mike Bada" id="organism_Instance_25654" type="identity">
            <class id="NCBITaxon:10088" label="Mus"/>
            <span end="18210" id="15005800-1957" start="18206">mice</span>
        </annotation>
        <annotation annotator="Mike Bada" id="organism_Instance_25658" type="identity">
            <class id="NCBITaxon:10088" label="Mus"/>
            <span end="19206" id="15005800-1959" start="19202">mice</span>
        </annotation>
        <annotation annotator="Mike Bada" id="organism_Instance_25662" type="identity">
            <class id="NCBITaxon:10088" label="Mus"/>
            <span end="19246" id="15005800-1961" start="19242">mice</span>
        </annotation>
        <annotation annotator="Mike Bada" id="organism_Instance_25666" type="identity">
            <class id="NCBITaxon:10088" label="Mus"/>
            <span end="19367" id="15005800-1963" start="19363">mice</span>
        </annotation>
        <annotation annotator="Mike Bada" id="organism_Instance_25670" type="identity">
            <class id="NCBITaxon:10088" label="Mus"/>
            <span end="19417" id="15005800-1965" start="19413">mice</span>
        </annotation>
        <annotation annotator="Mike Bada" id="organism_Instance_25674" type="identity">
            <class id="NCBITaxon:10088" label="Mus"/>
            <span end="19489" id="15005800-1967" start="19485">mice</span>
        </annotation>
        <annotation annotator="Mike Bada" id="organism_Instance_25678" type="identity">
            <class id="NCBITaxon:10088" label="Mus"/>
            <span end="20079" id="15005800-1969" start="20075">mice</span>
        </annotation>
        <annotation annotator="Mike Bada" id="organism_Instance_25686" type="identity">
            <class id="NCBITaxon:10088" label="Mus"/>
            <span end="28721" id="15005800-1971" start="28716">mouse</span>
        </annotation>
        <annotation annotator="Mike Bada" id="organism_Instance_25690" type="identity">
            <class id="NCBITaxon:10088" label="Mus"/>
            <span end="28840" id="15005800-1973" start="28836">mice</span>
        </annotation>
        <annotation annotator="Mike Bada" id="organism_Instance_25694" type="identity">
            <class id="NCBITaxon:10088" label="Mus"/>
            <span end="32874" id="15005800-1975" start="32869">mouse</span>
        </annotation>
        <annotation annotator="Mike Bada" id="organism_Instance_25698" type="identity">
            <class id="NCBITaxon:9606" label="Homo sapiens"/>
            <span end="34499" id="15005800-1977" start="34494">human</span>
        </annotation>
        <annotation annotator="Mike Bada" id="organism_Instance_25702" type="identity">
            <class id="NCBITaxon:40674" label="Mammalia"/>
            <span end="35118" id="15005800-1979" start="35109">mammalian</span>
        </annotation>
        <annotation annotator="Mike Bada" id="organism_Instance_25706" type="identity">
            <class id="NCBITaxon:33208" label="Metazoa"/>
            <span end="36813" id="15005800-1981" start="36806">animals</span>
        </annotation>
        <annotation annotator="Mike Bada" id="organism_Instance_25710" type="identity">
            <class id="NCBITaxon:10088" label="Mus"/>
            <span end="38070" id="15005800-1983" start="38066">mice</span>
        </annotation>
        <annotation annotator="Mike Bada" id="organism_Instance_25714" type="identity">
            <class id="NCBITaxon:10088" label="Mus"/>
            <span end="38223" id="15005800-1985" start="38219">mice</span>
        </annotation>
        <annotation annotator="Mike Bada" id="organism_Instance_25718" type="identity">
            <class id="NCBITaxon:39107" label="Murinae"/>
            <span end="38569" id="15005800-1987" start="38563">murine</span>
        </annotation>
        <annotation annotator="Mike Bada" id="organism_Instance_25722" type="identity">
            <class id="NCBITaxon:10088" label="Mus"/>
            <span end="38618" id="15005800-1989" start="38614">mice</span>
        </annotation>
        <annotation annotator="Mike Bada" id="organism_Instance_25726" type="identity">
            <class id="NCBITaxon:10088" label="Mus"/>
            <span end="38663" id="15005800-1991" start="38659">mice</span>
        </annotation>
        <annotation annotator="Mike Bada" id="organism_Instance_25730" type="identity">
            <class id="NCBITaxon:10088" label="Mus"/>
            <span end="39206" id="15005800-1993" start="39202">mice</span>
        </annotation>
        <annotation annotator="Mike Bada" id="organism_Instance_25734" type="identity">
            <class id="NCBITaxon:10088" label="Mus"/>
            <span end="40772" id="15005800-1995" start="40767">mouse</span>
        </annotation>
        <annotation annotator="Mike Bada" id="organism_Instance_25738" type="identity">
            <class id="NCBITaxon:10088" label="Mus"/>
            <span end="42004" id="15005800-1997" start="42000">mice</span>
        </annotation>
        <annotation annotator="Mike Bada" id="organism_Instance_25742" type="identity">
            <class id="NCBITaxon:10088" label="Mus"/>
            <span end="42076" id="15005800-1999" start="42072">mice</span>
        </annotation>
        <annotation annotator="Mike Bada" id="organism_Instance_120836" type="identity">
            <class id="NCBITaxon:33208" label="Metazoa"/>
            <span end="42690" id="15005800-1903" start="42683">Animals</span>
        </annotation>
        <annotation annotator="Mike Bada" id="organism_Instance_25746" type="identity">
            <class id="NCBITaxon:10088" label="Mus"/>
            <span end="42700" id="15005800-2001" start="42696">mice</span>
        </annotation>
        <annotation annotator="Mike Bada" id="organism_Instance_25750" type="identity">
            <class id="NCBITaxon:33208" label="Metazoa"/>
            <span end="42725" id="15005800-2003" start="42719">animal</span>
        </annotation>
        <annotation annotator="Mike Bada" id="organism_Instance_25754" type="identity">
            <class id="NCBITaxon:33208" label="Metazoa"/>
            <span end="42837" id="15005800-2005" start="42831">Animal</span>
        </annotation>
        <annotation annotator="Mike Bada" id="organism_Instance_25758" type="identity">
            <class id="NCBITaxon:33208" label="Metazoa"/>
            <span end="42883" id="15005800-2007" start="42876">animals</span>
        </annotation>
        <annotation annotator="Mike Bada" id="organism_Instance_25762" type="identity">
            <class id="NCBITaxon:10088" label="Mus"/>
            <span end="43393" id="15005800-2009" start="43389">Mice</span>
        </annotation>
        <annotation annotator="Mike Bada" id="organism_Instance_25766" type="identity">
            <class id="NCBITaxon:10088" label="Mus"/>
            <span end="44180" id="15005800-2011" start="44176">mice</span>
        </annotation>
        <annotation annotator="Mike Bada" id="organism_Instance_25770" type="identity">
            <class id="NCBITaxon:33208" label="Metazoa"/>
            <span end="46278" id="15005800-2013" start="46271">animals</span>
        </annotation>
        <annotation annotator="Mike Bada" id="organism_Instance_25774" type="identity">
            <class id="NCBITaxon:10088" label="Mus"/>
            <span end="46685" id="15005800-2015" start="46681">mice</span>
        </annotation>
        <annotation annotator="Mike Bada" id="organism_Instance_25778" type="identity">
            <class id="NCBITaxon:9986" label="Oryctolagus cuniculus"/>
            <span end="47035" id="15005800-2017" start="47029">rabbit</span>
        </annotation>
        <annotation annotator="Mike Bada" id="organism_Instance_120850" type="identity">
            <class id="NCBITaxon:10088" label="Mus"/>
            <span end="47046" id="15005800-1905" start="47041">mouse</span>
        </annotation>
        <annotation annotator="Mike Bada" id="organism_Instance_25782" type="identity">
            <class id="NCBITaxon:9793" label="Equus asinus"/>
            <span end="48747" id="15005800-2019" start="48741">donkey</span>
        </annotation>
        <annotation annotator="Mike Bada" id="organism_Instance_25786" type="identity">
            <class id="NCBITaxon:10088" label="Mus"/>
            <span end="49029" id="15005800-2021" start="49025">mice</span>
        </annotation>
        <annotation annotator="Mike Bada" id="organism_Instance_25790" type="identity">
            <class id="NCBITaxon:39107" label="Murinae"/>
            <span end="49279" id="15005800-2023" start="49273">murine</span>
        </annotation>
        <graph-space id="Old Knowtator Relations"/>
    </document>
</knowtator-project>
