<?xml version="1.0" encoding="UTF-8" standalone="no"?>
<knowtator-project>
  <document id="15040800" text-file="15040800.txt">
    <annotation annotator="Mike Bada" id="organism_Instance_25942" type="identity">
      <class id="NCBITaxon:10088" label="Mus"/>
      <span end="7" id="15040800-2107" start="2">mouse</span>
    </annotation>
    <annotation annotator="Mike Bada" id="organism_Instance_25946" type="identity">
      <class id="NCBITaxon:3193" label="Embryophyta"/>
      <span end="418" id="15040800-2109" start="413">plant</span>
    </annotation>
    <annotation annotator="Mike Bada" id="organism_Instance_140083" type="identity">
      <class id="NCBITaxon:9606" label="Homo sapiens"/>
      <span end="627" id="15040800-2031" start="621">humans</span>
    </annotation>
    <annotation annotator="Mike Bada" id="organism_Instance_140088" type="identity">
      <class id="NCBITaxon:9606" label="Homo sapiens"/>
      <span end="724" id="15040800-2033" start="718">humans</span>
    </annotation>
    <annotation annotator="Mike Bada" id="organism_Instance_25950" type="identity">
      <class id="NCBITaxon:9606" label="Homo sapiens"/>
      <span end="845" id="15040800-2111" start="840">human</span>
    </annotation>
    <annotation annotator="Mike Bada" id="organism_Instance_25954" type="identity">
      <class id="NCBITaxon:10088" label="Mus"/>
      <span end="900" id="15040800-2113" start="895">mouse</span>
    </annotation>
    <annotation annotator="Mike Bada" id="organism_Instance_25958" type="identity">
      <class id="NCBITaxon:10088" label="Mus"/>
      <span end="997" id="15040800-2115" start="993">mice</span>
    </annotation>
    <annotation annotator="Mike Bada" id="organism_Instance_140105" type="identity">
      <class id="NCBITaxon:10088" label="Mus"/>
      <span end="1051" id="15040800-2035" start="1047">Mice</span>
    </annotation>
    <annotation annotator="Mike Bada" id="organism_Instance_25962" type="identity">
      <class id="NCBITaxon:3193" label="Embryophyta"/>
      <span end="1123" id="15040800-2117" start="1118">plant</span>
    </annotation>
    <annotation annotator="Mike Bada" id="organism_Instance_25966" type="identity">
      <class id="NCBITaxon:10088" label="Mus"/>
      <span end="1307" id="15040800-2119" start="1303">mice</span>
    </annotation>
    <annotation annotator="Mike Bada" id="organism_Instance_25970" type="identity">
      <class id="NCBITaxon:10088" label="Mus"/>
      <span end="1384" id="15040800-2121" start="1380">mice</span>
    </annotation>
    <annotation annotator="Mike Bada" id="organism_Instance_25974" type="identity">
      <class id="NCBITaxon:10088" label="Mus"/>
      <span end="1573" id="15040800-2123" start="1569">mice</span>
    </annotation>
    <annotation annotator="Mike Bada" id="organism_Instance_25978" type="identity">
      <class id="NCBITaxon:10088" label="Mus"/>
      <span end="1684" id="15040800-2125" start="1680">mice</span>
    </annotation>
    <annotation annotator="Mike Bada" id="organism_Instance_25982" type="identity">
      <class id="NCBITaxon:10088" label="Mus"/>
      <span end="1993" id="15040800-2127" start="1989">mice</span>
    </annotation>
    <annotation annotator="Mike Bada" id="organism_Instance_25986" type="identity">
      <class id="NCBITaxon:3193" label="Embryophyta"/>
      <span end="2439" id="15040800-2129" start="2434">plant</span>
    </annotation>
    <annotation annotator="Mike Bada" id="organism_Instance_25990" type="identity">
      <class id="NCBITaxon:9606" label="Homo sapiens"/>
      <span end="3088" id="15040800-2131" start="3083">human</span>
    </annotation>
    <annotation annotator="Mike Bada" id="organism_Instance_25994" type="identity">
      <class id="NCBITaxon:3193" label="Embryophyta"/>
      <span end="3300" id="15040800-2133" start="3295">plant</span>
    </annotation>
    <annotation annotator="Mike Bada" id="organism_Instance_140119" type="identity">
      <class id="NCBITaxon:1" label="root"/>
      <span end="3340" id="15040800-2037" start="3329">individuals</span>
    </annotation>
    <annotation annotator="Mike Bada" id="organism_Instance_25998" type="identity">
      <class id="NCBITaxon:3193" label="Embryophyta"/>
      <span end="3533" id="15040800-2135" start="3528">plant</span>
    </annotation>
    <annotation annotator="Mike Bada" id="organism_Instance_140125" type="identity">
      <class id="NCBITaxon:1" label="root"/>
      <span end="3805" id="15040800-2039" start="3794">individuals</span>
    </annotation>
    <annotation annotator="Mike Bada" id="organism_Instance_140130" type="identity">
      <class id="NCBITaxon:1" label="root"/>
      <span end="4031" id="15040800-2041" start="4020">individuals</span>
    </annotation>
    <annotation annotator="Mike Bada" id="organism_Instance_140135" type="identity">
      <class id="NCBITaxon:1" label="root"/>
      <span end="4134" id="15040800-2043" start="4123">individuals</span>
    </annotation>
    <annotation annotator="Mike Bada" id="organism_Instance_26006" type="identity">
      <class id="NCBITaxon:9606" label="Homo sapiens"/>
      <span end="4466" id="15040800-2137" start="4461">human</span>
    </annotation>
    <annotation annotator="Mike Bada" id="organism_Instance_26010" type="identity">
      <class id="NCBITaxon:10088" label="Mus"/>
      <span end="5539" id="15040800-2139" start="5534">mouse</span>
    </annotation>
    <annotation annotator="Mike Bada" id="organism_Instance_26014" type="identity">
      <class id="NCBITaxon:10088" label="Mus"/>
      <span end="5938" id="15040800-2141" start="5934">mice</span>
    </annotation>
    <annotation annotator="Mike Bada" id="organism_Instance_26018" type="identity">
      <class id="NCBITaxon:10088" label="Mus"/>
      <span end="6271" id="15040800-2143" start="6266">mouse</span>
    </annotation>
    <annotation annotator="Mike Bada" id="organism_Instance_26022" type="identity">
      <class id="NCBITaxon:9606" label="Homo sapiens"/>
      <span end="6376" id="15040800-2145" start="6371">human</span>
    </annotation>
    <annotation annotator="Mike Bada" id="organism_Instance_26026" type="identity">
      <class id="NCBITaxon:9606" label="Homo sapiens"/>
      <span end="6443" id="15040800-2147" start="6438">human</span>
    </annotation>
    <annotation annotator="Mike Bada" id="organism_Instance_140147" type="identity">
      <class id="NCBITaxon:9606" label="Homo sapiens"/>
      <span end="6826" id="15040800-2045" start="6820">humans</span>
    </annotation>
    <annotation annotator="Mike Bada" id="organism_Instance_26030" type="identity">
      <class id="NCBITaxon:10088" label="Mus"/>
      <span end="6929" id="15040800-2149" start="6924">mouse</span>
    </annotation>
    <annotation annotator="Mike Bada" id="organism_Instance_26034" type="identity">
      <class id="NCBITaxon:10088" label="Mus"/>
      <span end="6988" id="15040800-2151" start="6984">Mice</span>
    </annotation>
    <annotation annotator="Mike Bada" id="organism_Instance_26038" type="identity">
      <class id="NCBITaxon:9606" label="Homo sapiens"/>
      <span end="7063" id="15040800-2153" start="7058">human</span>
    </annotation>
    <annotation annotator="Mike Bada" id="organism_Instance_26042" type="identity">
      <class id="NCBITaxon:33208" label="Metazoa"/>
      <span end="7211" id="15040800-2155" start="7204">animals</span>
    </annotation>
    <annotation annotator="Mike Bada" id="organism_Instance_140157" type="identity">
      <class id="NCBITaxon:10088" label="Mus"/>
      <span end="7370" id="15040800-2047" start="7366">mice</span>
    </annotation>
    <annotation annotator="Mike Bada" id="organism_Instance_26046" type="identity">
      <class id="NCBITaxon:10088" label="Mus"/>
      <span end="7379" id="15040800-2157" start="7374">mouse</span>
    </annotation>
    <annotation annotator="Mike Bada" id="organism_Instance_26050" type="identity">
      <class id="NCBITaxon:2" label="Bacteria"/>
      <span end="7397" id="15040800-2159" start="7388">bacterial</span>
    </annotation>
    <annotation annotator="Mike Bada" id="organism_Instance_26054" type="identity">
      <class id="NCBITaxon:10088" label="Mus"/>
      <span end="7576" id="15040800-2161" start="7571">mouse</span>
    </annotation>
    <annotation annotator="Mike Bada" id="organism_Instance_26058" type="identity">
      <class id="NCBITaxon:10088" label="Mus"/>
      <span end="8914" id="15040800-2163" start="8909">mouse</span>
    </annotation>
    <annotation annotator="Mike Bada" id="organism_Instance_26062" type="identity">
      <class id="NCBITaxon:10088" label="Mus"/>
      <span end="9282" id="15040800-2165" start="9278">mice</span>
    </annotation>
    <annotation annotator="Mike Bada" id="organism_Instance_26066" type="identity">
      <class id="NCBITaxon:10088" label="Mus"/>
      <span end="9373" id="15040800-2167" start="9369">mice</span>
    </annotation>
    <annotation annotator="Mike Bada" id="organism_Instance_26070" type="identity">
      <class id="NCBITaxon:10088" label="Mus"/>
      <span end="9426" id="15040800-2169" start="9422">mice</span>
    </annotation>
    <annotation annotator="Mike Bada" id="organism_Instance_26074" type="identity">
      <class id="NCBITaxon:10088" label="Mus"/>
      <span end="9480" id="15040800-2171" start="9476">mice</span>
    </annotation>
    <annotation annotator="Mike Bada" id="organism_Instance_26078" type="identity">
      <class id="NCBITaxon:10088" label="Mus"/>
      <span end="9515" id="15040800-2173" start="9511">mice</span>
    </annotation>
    <annotation annotator="Mike Bada" id="organism_Instance_26082" type="identity">
      <class id="NCBITaxon:10088" label="Mus"/>
      <span end="9593" id="15040800-2175" start="9589">mice</span>
    </annotation>
    <annotation annotator="Mike Bada" id="organism_Instance_140187" type="identity">
      <class id="NCBITaxon:33208" label="Metazoa"/>
      <span end="9603" id="15040800-2049" start="9596">Animals</span>
    </annotation>
    <annotation annotator="Mike Bada" id="organism_Instance_26086" type="identity">
      <class id="NCBITaxon:10088" label="Mus"/>
      <span end="9623" id="15040800-2177" start="9619">mice</span>
    </annotation>
    <annotation annotator="Mike Bada" id="organism_Instance_26090" type="identity">
      <class id="NCBITaxon:9989" label="Rodentia"/>
      <span end="9660" id="15040800-2179" start="9654">rodent</span>
    </annotation>
    <annotation annotator="Mike Bada" id="organism_Instance_140194" type="identity">
      <class id="NCBITaxon:10088" label="Mus"/>
      <span end="9686" id="15040800-2051" start="9681">mouse</span>
    </annotation>
    <annotation annotator="Mike Bada" id="organism_Instance_140199" type="identity">
      <class id="NCBITaxon:10114" label="Rattus"/>
      <span end="9690" id="15040800-2053" start="9687">rat</span>
    </annotation>
    <annotation annotator="Mike Bada" id="organism_Instance_26094" type="identity">
      <class id="NCBITaxon:33208" label="Metazoa"/>
      <span end="9887" id="15040800-2181" start="9880">animals</span>
    </annotation>
    <annotation annotator="Mike Bada" id="organism_Instance_26098" type="identity">
      <class id="NCBITaxon:33208" label="Metazoa"/>
      <span end="9940" id="15040800-2183" start="9933">animals</span>
    </annotation>
    <annotation annotator="Mike Bada" id="organism_Instance_26102" type="identity">
      <class id="NCBITaxon:33208" label="Metazoa"/>
      <span end="9986" id="15040800-2185" start="9980">Animal</span>
    </annotation>
    <annotation annotator="Mike Bada" id="organism_Instance_26106" type="identity">
      <class id="NCBITaxon:33208" label="Metazoa"/>
      <span end="10028" id="15040800-2187" start="10022">Animal</span>
    </annotation>
    <annotation annotator="Mike Bada" id="organism_Instance_140208" type="identity">
      <class id="NCBITaxon:10088" label="Mus"/>
      <span end="10157" id="15040800-2055" start="10152">Mouse</span>
    </annotation>
    <annotation annotator="Mike Bada" id="organism_Instance_26110" type="identity">
      <class id="NCBITaxon:10088" label="Mus"/>
      <span end="10233" id="15040800-2189" start="10228">mouse</span>
    </annotation>
    <annotation annotator="Mike Bada" id="organism_Instance_140214" type="identity">
      <class id="NCBITaxon:271" label="Thermus aquaticus"/>
      <span end="11257" id="15040800-2057" start="11254">Taq</span>
    </annotation>
    <annotation annotator="Mike Bada" id="organism_Instance_26114" type="identity">
      <class id="NCBITaxon:10088" label="Mus"/>
      <span end="11866" id="15040800-2191" start="11862">mice</span>
    </annotation>
    <annotation annotator="Mike Bada" id="organism_Instance_26118" type="identity">
      <class id="NCBITaxon:10088" label="Mus"/>
      <span end="12257" id="15040800-2193" start="12252">mouse</span>
    </annotation>
    <annotation annotator="Mike Bada" id="organism_Instance_26122" type="identity">
      <class id="NCBITaxon:10088" label="Mus"/>
      <span end="12321" id="15040800-2195" start="12316">mouse</span>
    </annotation>
    <annotation annotator="Mike Bada" id="organism_Instance_26126" type="identity">
      <class id="NCBITaxon:10088" label="Mus"/>
      <span end="13131" id="15040800-2197" start="13126">mouse</span>
    </annotation>
    <annotation annotator="Mike Bada" id="organism_Instance_26134" type="identity">
      <class id="NCBITaxon:10088" label="Mus"/>
      <span end="14376" id="15040800-2199" start="14371">mouse</span>
    </annotation>
    <annotation annotator="Mike Bada" id="organism_Instance_26138" type="identity">
      <class id="NCBITaxon:10088" label="Mus"/>
      <span end="15283" id="15040800-2201" start="15279">mice</span>
    </annotation>
    <annotation annotator="Mike Bada" id="organism_Instance_26142" type="identity">
      <class id="NCBITaxon:10088" label="Mus"/>
      <span end="15827" id="15040800-2203" start="15823">mice</span>
    </annotation>
    <annotation annotator="Mike Bada" id="organism_Instance_26146" type="identity">
      <class id="NCBITaxon:9989" label="Rodentia"/>
      <span end="15849" id="15040800-2205" start="15843">rodent</span>
    </annotation>
    <annotation annotator="Mike Bada" id="organism_Instance_26150" type="identity">
      <class id="NCBITaxon:10088" label="Mus"/>
      <span end="15976" id="15040800-2207" start="15972">mice</span>
    </annotation>
    <annotation annotator="Mike Bada" id="organism_Instance_26154" type="identity">
      <class id="NCBITaxon:33208" label="Metazoa"/>
      <span end="16096" id="15040800-2209" start="16089">animals</span>
    </annotation>
    <annotation annotator="Mike Bada" id="organism_Instance_26158" type="identity">
      <class id="NCBITaxon:10088" label="Mus"/>
      <span end="16393" id="15040800-2211" start="16388">Mouse</span>
    </annotation>
    <annotation annotator="Mike Bada" id="organism_Instance_140231" type="identity">
      <class id="NCBITaxon:9925" label="Capra hircus"/>
      <span end="19005" id="15040800-2059" start="19001">goat</span>
    </annotation>
    <annotation annotator="Mike Bada" id="organism_Instance_140236" type="identity">
      <class id="NCBITaxon:9986" label="Oryctolagus cuniculus"/>
      <span end="19017" id="15040800-2061" start="19011">rabbit</span>
    </annotation>
    <annotation annotator="Mike Bada" id="organism_Instance_26162" type="identity">
      <class id="NCBITaxon:9925" label="Capra hircus"/>
      <span end="19768" id="15040800-2213" start="19764">goat</span>
    </annotation>
    <annotation annotator="Mike Bada" id="organism_Instance_140245" type="identity">
      <class id="NCBITaxon:9925" label="Capra hircus"/>
      <span end="19964" id="15040800-2063" start="19960">goat</span>
    </annotation>
    <annotation annotator="Mike Bada" id="organism_Instance_140250" type="identity">
      <class id="NCBITaxon:9986" label="Oryctolagus cuniculus"/>
      <span end="19976" id="15040800-2065" start="19970">rabbit</span>
    </annotation>
    <annotation annotator="Mike Bada" id="organism_Instance_26166" type="identity">
      <class id="NCBITaxon:9925" label="Capra hircus"/>
      <span end="20294" id="15040800-2215" start="20290">goat</span>
    </annotation>
    <annotation annotator="Mike Bada" id="organism_Instance_140262" type="identity">
      <class id="NCBITaxon:9925" label="Capra hircus"/>
      <span end="20529" id="15040800-2067" start="20525">goat</span>
    </annotation>
    <annotation annotator="Mike Bada" id="organism_Instance_140267" type="identity">
      <class id="NCBITaxon:9986" label="Oryctolagus cuniculus"/>
      <span end="20541" id="15040800-2069" start="20535">rabbit</span>
    </annotation>
    <annotation annotator="Mike Bada" id="NCBITAXON_2015_03_02_Instance_157" type="identity">
      <class id="NCBITaxon:10088" label="Mus"/>
      <span end="21131" id="15040800-2027" start="21126">mouse</span>
    </annotation>
    <annotation annotator="Mike Bada" id="NCBITAXON_2015_03_02_Instance_165" type="identity">
      <class id="NCBITaxon:10088" label="Mus"/>
      <span end="21152" id="15040800-2029" start="21147">mouse</span>
    </annotation>
    <annotation annotator="Mike Bada" id="organism_Instance_26170" type="identity">
      <class id="NCBITaxon:9925" label="Capra hircus"/>
      <span end="21970" id="15040800-2217" start="21966">goat</span>
    </annotation>
    <annotation annotator="Mike Bada" id="organism_Instance_26174" type="identity">
      <class id="NCBITaxon:9925" label="Capra hircus"/>
      <span end="22075" id="15040800-2219" start="22071">goat</span>
    </annotation>
    <annotation annotator="Mike Bada" id="organism_Instance_140274" type="identity">
      <class id="NCBITaxon:9986" label="Oryctolagus cuniculus"/>
      <span end="22164" id="15040800-2071" start="22158">rabbit</span>
    </annotation>
    <annotation annotator="Mike Bada" id="organism_Instance_140279" type="identity">
      <class id="NCBITaxon:10088" label="Mus"/>
      <span end="22328" id="15040800-2073" start="22324">Mice</span>
    </annotation>
    <annotation annotator="Mike Bada" id="organism_Instance_26178" type="identity">
      <class id="NCBITaxon:10088" label="Mus"/>
      <span end="23309" id="15040800-2221" start="23305">mice</span>
    </annotation>
    <annotation annotator="Mike Bada" id="organism_Instance_26182" type="identity">
      <class id="NCBITaxon:10088" label="Mus"/>
      <span end="23363" id="15040800-2223" start="23359">mice</span>
    </annotation>
    <annotation annotator="Mike Bada" id="organism_Instance_140286" type="identity">
      <class id="NCBITaxon:10088" label="Mus"/>
      <span end="23641" id="15040800-2075" start="23636">Mouse</span>
    </annotation>
    <annotation annotator="Mike Bada" id="organism_Instance_26186" type="identity">
      <class id="NCBITaxon:33208" label="Metazoa"/>
      <span end="26116" id="15040800-2225" start="26109">animals</span>
    </annotation>
    <annotation annotator="Mike Bada" id="organism_Instance_140292" type="identity">
      <class id="NCBITaxon:10088" label="Mus"/>
      <span end="26212" id="15040800-2077" start="26208">mice</span>
    </annotation>
    <annotation annotator="Mike Bada" id="organism_Instance_26190" type="identity">
      <class id="NCBITaxon:10088" label="Mus"/>
      <span end="26596" id="15040800-2227" start="26592">mice</span>
    </annotation>
    <annotation annotator="Mike Bada" id="organism_Instance_26194" type="identity">
      <class id="NCBITaxon:10088" label="Mus"/>
      <span end="26829" id="15040800-2229" start="26825">mice</span>
    </annotation>
    <annotation annotator="Mike Bada" id="organism_Instance_26198" type="identity">
      <class id="NCBITaxon:33208" label="Metazoa"/>
      <span end="26910" id="15040800-2231" start="26903">animals</span>
    </annotation>
    <annotation annotator="Mike Bada" id="organism_Instance_26202" type="identity">
      <class id="NCBITaxon:10088" label="Mus"/>
      <span end="26970" id="15040800-2233" start="26966">mice</span>
    </annotation>
    <annotation annotator="Mike Bada" id="organism_Instance_26206" type="identity">
      <class id="NCBITaxon:10088" label="Mus"/>
      <span end="27108" id="15040800-2235" start="27104">mice</span>
    </annotation>
    <annotation annotator="Mike Bada" id="organism_Instance_26210" type="identity">
      <class id="NCBITaxon:10088" label="Mus"/>
      <span end="27475" id="15040800-2237" start="27471">mice</span>
    </annotation>
    <annotation annotator="Mike Bada" id="organism_Instance_26214" type="identity">
      <class id="NCBITaxon:10088" label="Mus"/>
      <span end="27592" id="15040800-2239" start="27588">mice</span>
    </annotation>
    <annotation annotator="Mike Bada" id="organism_Instance_26218" type="identity">
      <class id="NCBITaxon:10088" label="Mus"/>
      <span end="27847" id="15040800-2241" start="27843">mice</span>
    </annotation>
    <annotation annotator="Mike Bada" id="organism_Instance_140317" type="identity">
      <class id="NCBITaxon:33208" label="Metazoa"/>
      <span end="27978" id="15040800-2079" start="27971">animals</span>
    </annotation>
    <annotation annotator="Mike Bada" id="organism_Instance_26222" type="identity">
      <class id="NCBITaxon:3193" label="Embryophyta"/>
      <span end="27994" id="15040800-2243" start="27989">plant</span>
    </annotation>
    <annotation annotator="Mike Bada" id="organism_Instance_26226" type="identity">
      <class id="NCBITaxon:10088" label="Mus"/>
      <span end="28166" id="15040800-2245" start="28162">mice</span>
    </annotation>
    <annotation annotator="Mike Bada" id="organism_Instance_26230" type="identity">
      <class id="NCBITaxon:10088" label="Mus"/>
      <span end="28347" id="15040800-2247" start="28343">mice</span>
    </annotation>
    <annotation annotator="Mike Bada" id="organism_Instance_26234" type="identity">
      <class id="NCBITaxon:10088" label="Mus"/>
      <span end="28428" id="15040800-2249" start="28424">mice</span>
    </annotation>
    <annotation annotator="Mike Bada" id="organism_Instance_26238" type="identity">
      <class id="NCBITaxon:3193" label="Embryophyta"/>
      <span end="28463" id="15040800-2251" start="28458">Plant</span>
    </annotation>
    <annotation annotator="Mike Bada" id="organism_Instance_26242" type="identity">
      <class id="NCBITaxon:10088" label="Mus"/>
      <span end="28531" id="15040800-2253" start="28527">mice</span>
    </annotation>
    <annotation annotator="Mike Bada" id="organism_Instance_26246" type="identity">
      <class id="NCBITaxon:10088" label="Mus"/>
      <span end="28581" id="15040800-2255" start="28577">mice</span>
    </annotation>
    <annotation annotator="Mike Bada" id="organism_Instance_26250" type="identity">
      <class id="NCBITaxon:10088" label="Mus"/>
      <span end="28671" id="15040800-2257" start="28667">mice</span>
    </annotation>
    <annotation annotator="Mike Bada" id="organism_Instance_26254" type="identity">
      <class id="NCBITaxon:10088" label="Mus"/>
      <span end="28698" id="15040800-2259" start="28694">mice</span>
    </annotation>
    <annotation annotator="Mike Bada" id="organism_Instance_26258" type="identity">
      <class id="NCBITaxon:3193" label="Embryophyta"/>
      <span end="28848" id="15040800-2261" start="28843">plant</span>
    </annotation>
    <annotation annotator="Mike Bada" id="organism_Instance_26262" type="identity">
      <class id="NCBITaxon:10088" label="Mus"/>
      <span end="28902" id="15040800-2263" start="28898">mice</span>
    </annotation>
    <annotation annotator="Mike Bada" id="organism_Instance_26266" type="identity">
      <class id="NCBITaxon:10088" label="Mus"/>
      <span end="28950" id="15040800-2265" start="28946">mice</span>
    </annotation>
    <annotation annotator="Mike Bada" id="organism_Instance_26270" type="identity">
      <class id="NCBITaxon:10088" label="Mus"/>
      <span end="29305" id="15040800-2267" start="29301">mice</span>
    </annotation>
    <annotation annotator="Mike Bada" id="organism_Instance_26274" type="identity">
      <class id="NCBITaxon:10088" label="Mus"/>
      <span end="29332" id="15040800-2269" start="29328">mice</span>
    </annotation>
    <annotation annotator="Mike Bada" id="organism_Instance_26278" type="identity">
      <class id="NCBITaxon:3193" label="Embryophyta"/>
      <span end="29476" id="15040800-2271" start="29471">plant</span>
    </annotation>
    <annotation annotator="Mike Bada" id="organism_Instance_26282" type="identity">
      <class id="NCBITaxon:10088" label="Mus"/>
      <span end="29527" id="15040800-2273" start="29523">mice</span>
    </annotation>
    <annotation annotator="Mike Bada" id="organism_Instance_26286" type="identity">
      <class id="NCBITaxon:3193" label="Embryophyta"/>
      <span end="29817" id="15040800-2275" start="29812">plant</span>
    </annotation>
    <annotation annotator="Mike Bada" id="organism_Instance_26290" type="identity">
      <class id="NCBITaxon:33208" label="Metazoa"/>
      <span end="29861" id="15040800-2277" start="29854">animals</span>
    </annotation>
    <annotation annotator="Mike Bada" id="organism_Instance_26294" type="identity">
      <class id="NCBITaxon:3193" label="Embryophyta"/>
      <span end="29977" id="15040800-2279" start="29972">plant</span>
    </annotation>
    <annotation annotator="Mike Bada" id="organism_Instance_26298" type="identity">
      <class id="NCBITaxon:10088" label="Mus"/>
      <span end="30044" id="15040800-2281" start="30040">mice</span>
    </annotation>
    <annotation annotator="Mike Bada" id="organism_Instance_26302" type="identity">
      <class id="NCBITaxon:33208" label="Metazoa"/>
      <span end="30475" id="15040800-2283" start="30468">animals</span>
    </annotation>
    <annotation annotator="Mike Bada" id="organism_Instance_26306" type="identity">
      <class id="NCBITaxon:10088" label="Mus"/>
      <span end="30623" id="15040800-2285" start="30619">mice</span>
    </annotation>
    <annotation annotator="Mike Bada" id="organism_Instance_26310" type="identity">
      <class id="NCBITaxon:10088" label="Mus"/>
      <span end="30746" id="15040800-2287" start="30742">mice</span>
    </annotation>
    <annotation annotator="Mike Bada" id="organism_Instance_26314" type="identity">
      <class id="NCBITaxon:33208" label="Metazoa"/>
      <span end="30881" id="15040800-2289" start="30874">animals</span>
    </annotation>
    <annotation annotator="Mike Bada" id="organism_Instance_26318" type="identity">
      <class id="NCBITaxon:10088" label="Mus"/>
      <span end="30936" id="15040800-2291" start="30932">mice</span>
    </annotation>
    <annotation annotator="Mike Bada" id="organism_Instance_140350" type="identity">
      <class id="NCBITaxon:10088" label="Mus"/>
      <span end="31376" id="15040800-2081" start="31372">mice</span>
    </annotation>
    <annotation annotator="Mike Bada" id="organism_Instance_26322" type="identity">
      <class id="NCBITaxon:10088" label="Mus"/>
      <span end="31651" id="15040800-2293" start="31647">mice</span>
    </annotation>
    <annotation annotator="Mike Bada" id="organism_Instance_26326" type="identity">
      <class id="NCBITaxon:10088" label="Mus"/>
      <span end="31769" id="15040800-2295" start="31765">mice</span>
    </annotation>
    <annotation annotator="Mike Bada" id="organism_Instance_26330" type="identity">
      <class id="NCBITaxon:10088" label="Mus"/>
      <span end="31819" id="15040800-2297" start="31815">mice</span>
    </annotation>
    <annotation annotator="Mike Bada" id="organism_Instance_26334" type="identity">
      <class id="NCBITaxon:10088" label="Mus"/>
      <span end="31847" id="15040800-2299" start="31843">mice</span>
    </annotation>
    <annotation annotator="Mike Bada" id="organism_Instance_26338" type="identity">
      <class id="NCBITaxon:10088" label="Mus"/>
      <span end="31938" id="15040800-2301" start="31934">mice</span>
    </annotation>
    <annotation annotator="Mike Bada" id="organism_Instance_26342" type="identity">
      <class id="NCBITaxon:10088" label="Mus"/>
      <span end="32003" id="15040800-2303" start="31999">mice</span>
    </annotation>
    <annotation annotator="Mike Bada" id="organism_Instance_26346" type="identity">
      <class id="NCBITaxon:10088" label="Mus"/>
      <span end="32060" id="15040800-2305" start="32056">mice</span>
    </annotation>
    <annotation annotator="Mike Bada" id="organism_Instance_26350" type="identity">
      <class id="NCBITaxon:10088" label="Mus"/>
      <span end="32167" id="15040800-2307" start="32163">mice</span>
    </annotation>
    <annotation annotator="Mike Bada" id="organism_Instance_26354" type="identity">
      <class id="NCBITaxon:9606" label="Homo sapiens"/>
      <span end="32227" id="15040800-2309" start="32222">human</span>
    </annotation>
    <annotation annotator="Mike Bada" id="organism_Instance_26358" type="identity">
      <class id="NCBITaxon:10088" label="Mus"/>
      <span end="32531" id="15040800-2311" start="32527">mice</span>
    </annotation>
    <annotation annotator="Mike Bada" id="organism_Instance_26362" type="identity">
      <class id="NCBITaxon:10088" label="Mus"/>
      <span end="32714" id="15040800-2313" start="32709">mouse</span>
    </annotation>
    <annotation annotator="Mike Bada" id="organism_Instance_26366" type="identity">
      <class id="NCBITaxon:10088" label="Mus"/>
      <span end="32803" id="15040800-2315" start="32799">mice</span>
    </annotation>
    <annotation annotator="Mike Bada" id="organism_Instance_26370" type="identity">
      <class id="NCBITaxon:3193" label="Embryophyta"/>
      <span end="32965" id="15040800-2317" start="32960">plant</span>
    </annotation>
    <annotation annotator="Mike Bada" id="organism_Instance_26374" type="identity">
      <class id="NCBITaxon:10088" label="Mus"/>
      <span end="33043" id="15040800-2319" start="33038">mouse</span>
    </annotation>
    <annotation annotator="Mike Bada" id="organism_Instance_140369" type="identity">
      <class id="NCBITaxon:10088" label="Mus"/>
      <span end="33106" id="15040800-2083" start="33102">mice</span>
    </annotation>
    <annotation annotator="Mike Bada" id="organism_Instance_26378" type="identity">
      <class id="NCBITaxon:10088" label="Mus"/>
      <span end="33330" id="15040800-2321" start="33325">mouse</span>
    </annotation>
    <annotation annotator="Mike Bada" id="organism_Instance_26382" type="identity">
      <class id="NCBITaxon:9986" label="Oryctolagus cuniculus"/>
      <span end="33428" id="15040800-2323" start="33422">rabbit</span>
    </annotation>
    <annotation annotator="Mike Bada" id="organism_Instance_26386" type="identity">
      <class id="NCBITaxon:10088" label="Mus"/>
      <span end="33457" id="15040800-2325" start="33452">mouse</span>
    </annotation>
    <annotation annotator="Mike Bada" id="organism_Instance_26390" type="identity">
      <class id="NCBITaxon:10088" label="Mus"/>
      <span end="33609" id="15040800-2327" start="33605">mice</span>
    </annotation>
    <annotation annotator="Mike Bada" id="organism_Instance_26394" type="identity">
      <class id="NCBITaxon:33208" label="Metazoa"/>
      <span end="34114" id="15040800-2329" start="34107">animals</span>
    </annotation>
    <annotation annotator="Mike Bada" id="organism_Instance_26398" type="identity">
      <class id="NCBITaxon:33208" label="Metazoa"/>
      <span end="34323" id="15040800-2331" start="34316">animals</span>
    </annotation>
    <annotation annotator="Mike Bada" id="organism_Instance_26402" type="identity">
      <class id="NCBITaxon:33208" label="Metazoa"/>
      <span end="34586" id="15040800-2333" start="34579">animals</span>
    </annotation>
    <annotation annotator="Mike Bada" id="organism_Instance_26406" type="identity">
      <class id="NCBITaxon:10088" label="Mus"/>
      <span end="34629" id="15040800-2335" start="34624">mouse</span>
    </annotation>
    <annotation annotator="Mike Bada" id="organism_Instance_26410" type="identity">
      <class id="NCBITaxon:10088" label="Mus"/>
      <span end="34904" id="15040800-2337" start="34899">mouse</span>
    </annotation>
    <annotation annotator="Mike Bada" id="organism_Instance_26414" type="identity">
      <class id="NCBITaxon:10088" label="Mus"/>
      <span end="34951" id="15040800-2339" start="34946">mouse</span>
    </annotation>
    <annotation annotator="Mike Bada" id="organism_Instance_26418" type="identity">
      <class id="NCBITaxon:10088" label="Mus"/>
      <span end="36167" id="15040800-2341" start="36163">mice</span>
    </annotation>
    <annotation annotator="Mike Bada" id="organism_Instance_26422" type="identity">
      <class id="NCBITaxon:10088" label="Mus"/>
      <span end="36425" id="15040800-2343" start="36421">mice</span>
    </annotation>
    <annotation annotator="Mike Bada" id="organism_Instance_26426" type="identity">
      <class id="NCBITaxon:10088" label="Mus"/>
      <span end="36497" id="15040800-2345" start="36493">mice</span>
    </annotation>
    <annotation annotator="Mike Bada" id="organism_Instance_26430" type="identity">
      <class id="NCBITaxon:10088" label="Mus"/>
      <span end="36684" id="15040800-2347" start="36680">mice</span>
    </annotation>
    <annotation annotator="Mike Bada" id="organism_Instance_26434" type="identity">
      <class id="NCBITaxon:10088" label="Mus"/>
      <span end="36767" id="15040800-2349" start="36763">mice</span>
    </annotation>
    <annotation annotator="Mike Bada" id="organism_Instance_140389" type="identity">
      <class id="NCBITaxon:10088" label="Mus"/>
      <span end="36970" id="15040800-2085" start="36966">mice</span>
    </annotation>
    <annotation annotator="Mike Bada" id="organism_Instance_140394" type="identity">
      <class id="NCBITaxon:1" label="root"/>
      <span end="36998" id="15040800-2087" start="36987">individuals</span>
    </annotation>
    <annotation annotator="Mike Bada" id="organism_Instance_26438" type="identity">
      <class id="NCBITaxon:3193" label="Embryophyta"/>
      <span end="37056" id="15040800-2351" start="37051">plant</span>
    </annotation>
    <annotation annotator="Mike Bada" id="organism_Instance_26442" type="identity">
      <class id="NCBITaxon:10088" label="Mus"/>
      <span end="37113" id="15040800-2353" start="37109">mice</span>
    </annotation>
    <annotation annotator="Mike Bada" id="organism_Instance_26446" type="identity">
      <class id="NCBITaxon:10088" label="Mus"/>
      <span end="37272" id="15040800-2355" start="37268">mice</span>
    </annotation>
    <annotation annotator="Mike Bada" id="organism_Instance_26450" type="identity">
      <class id="NCBITaxon:10088" label="Mus"/>
      <span end="37315" id="15040800-2357" start="37311">mice</span>
    </annotation>
    <annotation annotator="Mike Bada" id="organism_Instance_26454" type="identity">
      <class id="NCBITaxon:10088" label="Mus"/>
      <span end="37599" id="15040800-2359" start="37595">mice</span>
    </annotation>
    <annotation annotator="Mike Bada" id="organism_Instance_26458" type="identity">
      <class id="NCBITaxon:10088" label="Mus"/>
      <span end="37672" id="15040800-2361" start="37668">Mice</span>
    </annotation>
    <annotation annotator="Mike Bada" id="organism_Instance_26462" type="identity">
      <class id="NCBITaxon:10088" label="Mus"/>
      <span end="38124" id="15040800-2363" start="38120">mice</span>
    </annotation>
    <annotation annotator="Mike Bada" id="organism_Instance_26466" type="identity">
      <class id="NCBITaxon:10088" label="Mus"/>
      <span end="38143" id="15040800-2365" start="38139">mice</span>
    </annotation>
    <annotation annotator="Mike Bada" id="organism_Instance_26470" type="identity">
      <class id="NCBITaxon:10088" label="Mus"/>
      <span end="38481" id="15040800-2367" start="38477">mice</span>
    </annotation>
    <annotation annotator="Mike Bada" id="organism_Instance_26474" type="identity">
      <class id="NCBITaxon:10088" label="Mus"/>
      <span end="38587" id="15040800-2369" start="38583">mice</span>
    </annotation>
    <annotation annotator="Mike Bada" id="organism_Instance_26478" type="identity">
      <class id="NCBITaxon:10088" label="Mus"/>
      <span end="38613" id="15040800-2371" start="38609">mice</span>
    </annotation>
    <annotation annotator="Mike Bada" id="organism_Instance_26482" type="identity">
      <class id="NCBITaxon:10088" label="Mus"/>
      <span end="38811" id="15040800-2373" start="38807">mice</span>
    </annotation>
    <annotation annotator="Mike Bada" id="organism_Instance_26486" type="identity">
      <class id="NCBITaxon:10088" label="Mus"/>
      <span end="38957" id="15040800-2375" start="38953">mice</span>
    </annotation>
    <annotation annotator="Mike Bada" id="organism_Instance_26490" type="identity">
      <class id="NCBITaxon:10088" label="Mus"/>
      <span end="39096" id="15040800-2377" start="39092">mice</span>
    </annotation>
    <annotation annotator="Mike Bada" id="organism_Instance_26494" type="identity">
      <class id="NCBITaxon:10088" label="Mus"/>
      <span end="39156" id="15040800-2379" start="39152">Mice</span>
    </annotation>
    <annotation annotator="Mike Bada" id="organism_Instance_26498" type="identity">
      <class id="NCBITaxon:10088" label="Mus"/>
      <span end="39325" id="15040800-2381" start="39321">mice</span>
    </annotation>
    <annotation annotator="Mike Bada" id="organism_Instance_26502" type="identity">
      <class id="NCBITaxon:10088" label="Mus"/>
      <span end="39489" id="15040800-2383" start="39485">mice</span>
    </annotation>
    <annotation annotator="Mike Bada" id="organism_Instance_26506" type="identity">
      <class id="NCBITaxon:10088" label="Mus"/>
      <span end="39533" id="15040800-2385" start="39529">mice</span>
    </annotation>
    <annotation annotator="Mike Bada" id="organism_Instance_26510" type="identity">
      <class id="NCBITaxon:10088" label="Mus"/>
      <span end="39636" id="15040800-2387" start="39632">mice</span>
    </annotation>
    <annotation annotator="Mike Bada" id="organism_Instance_26514" type="identity">
      <class id="NCBITaxon:9606" label="Homo sapiens"/>
      <span end="39974" id="15040800-2389" start="39969">human</span>
    </annotation>
    <annotation annotator="Mike Bada" id="organism_Instance_26518" type="identity">
      <class id="NCBITaxon:10088" label="Mus"/>
      <span end="40303" id="15040800-2391" start="40298">mouse</span>
    </annotation>
    <annotation annotator="Mike Bada" id="organism_Instance_26522" type="identity">
      <class id="NCBITaxon:10088" label="Mus"/>
      <span end="40408" id="15040800-2393" start="40403">mouse</span>
    </annotation>
    <annotation annotator="Mike Bada" id="organism_Instance_26526" type="identity">
      <class id="NCBITaxon:9606" label="Homo sapiens"/>
      <span end="40454" id="15040800-2395" start="40449">human</span>
    </annotation>
    <annotation annotator="Mike Bada" id="organism_Instance_26530" type="identity">
      <class id="NCBITaxon:10088" label="Mus"/>
      <span end="40597" id="15040800-2397" start="40593">mice</span>
    </annotation>
    <annotation annotator="Mike Bada" id="organism_Instance_26534" type="identity">
      <class id="NCBITaxon:10088" label="Mus"/>
      <span end="40697" id="15040800-2399" start="40693">mice</span>
    </annotation>
    <annotation annotator="Mike Bada" id="organism_Instance_140424" type="identity">
      <class id="NCBITaxon:9606" label="Homo sapiens"/>
      <span end="40851" id="15040800-2089" start="40845">humans</span>
    </annotation>
    <annotation annotator="Mike Bada" id="organism_Instance_140429" type="identity">
      <class id="NCBITaxon:9606" label="Homo sapiens"/>
      <span end="40875" id="15040800-2091" start="40869">humans</span>
    </annotation>
    <annotation annotator="Mike Bada" id="organism_Instance_26538" type="identity">
      <class id="NCBITaxon:33208" label="Metazoa"/>
      <span end="41053" id="15040800-2401" start="41046">animals</span>
    </annotation>
    <annotation annotator="Mike Bada" id="organism_Instance_26542" type="identity">
      <class id="NCBITaxon:10088" label="Mus"/>
      <span end="41399" id="15040800-2403" start="41395">mice</span>
    </annotation>
    <annotation annotator="Mike Bada" id="organism_Instance_26546" type="identity">
      <class id="NCBITaxon:10088" label="Mus"/>
      <span end="41454" id="15040800-2405" start="41450">mice</span>
    </annotation>
    <annotation annotator="Mike Bada" id="organism_Instance_26550" type="identity">
      <class id="NCBITaxon:10088" label="Mus"/>
      <span end="41518" id="15040800-2407" start="41514">mice</span>
    </annotation>
    <annotation annotator="Mike Bada" id="organism_Instance_26554" type="identity">
      <class id="NCBITaxon:10088" label="Mus"/>
      <span end="41865" id="15040800-2409" start="41861">mice</span>
    </annotation>
    <annotation annotator="Mike Bada" id="organism_Instance_26558" type="identity">
      <class id="NCBITaxon:3193" label="Embryophyta"/>
      <span end="42077" id="15040800-2411" start="42072">plant</span>
    </annotation>
    <annotation annotator="Mike Bada" id="organism_Instance_26562" type="identity">
      <class id="NCBITaxon:10088" label="Mus"/>
      <span end="42163" id="15040800-2413" start="42159">mice</span>
    </annotation>
    <annotation annotator="Mike Bada" id="organism_Instance_26566" type="identity">
      <class id="NCBITaxon:10088" label="Mus"/>
      <span end="42241" id="15040800-2415" start="42237">mice</span>
    </annotation>
    <annotation annotator="Mike Bada" id="organism_Instance_26570" type="identity">
      <class id="NCBITaxon:10088" label="Mus"/>
      <span end="42388" id="15040800-2417" start="42384">mice</span>
    </annotation>
    <annotation annotator="Mike Bada" id="organism_Instance_26574" type="identity">
      <class id="NCBITaxon:10088" label="Mus"/>
      <span end="42404" id="15040800-2419" start="42400">mice</span>
    </annotation>
    <annotation annotator="Mike Bada" id="organism_Instance_26578" type="identity">
      <class id="NCBITaxon:9989" label="Rodentia"/>
      <span end="42463" id="15040800-2421" start="42457">rodent</span>
    </annotation>
    <annotation annotator="Mike Bada" id="organism_Instance_26582" type="identity">
      <class id="NCBITaxon:10088" label="Mus"/>
      <span end="42556" id="15040800-2423" start="42551">mouse</span>
    </annotation>
    <annotation annotator="Mike Bada" id="organism_Instance_26590" type="identity">
      <class id="NCBITaxon:3193" label="Embryophyta"/>
      <span end="42632" id="15040800-2425" start="42627">plant</span>
    </annotation>
    <annotation annotator="Mike Bada" id="organism_Instance_26594" type="identity">
      <class id="NCBITaxon:10088" label="Mus"/>
      <span end="42815" id="15040800-2427" start="42811">mice</span>
    </annotation>
    <annotation annotator="Mike Bada" id="organism_Instance_26598" type="identity">
      <class id="NCBITaxon:33208" label="Metazoa"/>
      <span end="42859" id="15040800-2429" start="42852">animals</span>
    </annotation>
    <annotation annotator="Mike Bada" id="organism_Instance_26602" type="identity">
      <class id="NCBITaxon:10088" label="Mus"/>
      <span end="43203" id="15040800-2431" start="43199">mice</span>
    </annotation>
    <annotation annotator="Mike Bada" id="organism_Instance_26606" type="identity">
      <class id="NCBITaxon:10088" label="Mus"/>
      <span end="43230" id="15040800-2433" start="43226">mice</span>
    </annotation>
    <annotation annotator="Mike Bada" id="organism_Instance_140452" type="identity">
      <class id="NCBITaxon:3193" label="Embryophyta"/>
      <span end="43436" id="15040800-2093" start="43431">plant</span>
    </annotation>
    <annotation annotator="Mike Bada" id="organism_Instance_26610" type="identity">
      <class id="NCBITaxon:10088" label="Mus"/>
      <span end="43672" id="15040800-2435" start="43668">mice</span>
    </annotation>
    <annotation annotator="Mike Bada" id="organism_Instance_26614" type="identity">
      <class id="NCBITaxon:10088" label="Mus"/>
      <span end="43903" id="15040800-2437" start="43899">mice</span>
    </annotation>
    <annotation annotator="Mike Bada" id="organism_Instance_26618" type="identity">
      <class id="NCBITaxon:10088" label="Mus"/>
      <span end="43926" id="15040800-2439" start="43922">mice</span>
    </annotation>
    <annotation annotator="Mike Bada" id="organism_Instance_26622" type="identity">
      <class id="NCBITaxon:9606" label="Homo sapiens"/>
      <span end="44088" id="15040800-2441" start="44083">human</span>
    </annotation>
    <annotation annotator="Mike Bada" id="organism_Instance_140461" type="identity">
      <class id="NCBITaxon:1" label="root"/>
      <span end="44147" id="15040800-2095" start="44136">individuals</span>
    </annotation>
    <annotation annotator="Mike Bada" id="organism_Instance_26626" type="identity">
      <class id="NCBITaxon:10088" label="Mus"/>
      <span end="44225" id="15040800-2443" start="44221">mice</span>
    </annotation>
    <annotation annotator="Mike Bada" id="organism_Instance_26630" type="identity">
      <class id="NCBITaxon:10088" label="Mus"/>
      <span end="44416" id="15040800-2445" start="44412">mice</span>
    </annotation>
    <annotation annotator="Mike Bada" id="organism_Instance_26634" type="identity">
      <class id="NCBITaxon:10088" label="Mus"/>
      <span end="44466" id="15040800-2447" start="44462">mice</span>
    </annotation>
    <annotation annotator="Mike Bada" id="organism_Instance_26638" type="identity">
      <class id="NCBITaxon:3193" label="Embryophyta"/>
      <span end="44557" id="15040800-2449" start="44552">plant</span>
    </annotation>
    <annotation annotator="Mike Bada" id="organism_Instance_26642" type="identity">
      <class id="NCBITaxon:10088" label="Mus"/>
      <span end="44679" id="15040800-2451" start="44675">mice</span>
    </annotation>
    <annotation annotator="Mike Bada" id="organism_Instance_26646" type="identity">
      <class id="NCBITaxon:10088" label="Mus"/>
      <span end="44798" id="15040800-2453" start="44794">mice</span>
    </annotation>
    <annotation annotator="Mike Bada" id="organism_Instance_140472" type="identity">
      <class id="NCBITaxon:9606" label="Homo sapiens"/>
      <span end="45006" id="15040800-2097" start="45000">humans</span>
    </annotation>
    <annotation annotator="Mike Bada" id="organism_Instance_26650" type="identity">
      <class id="NCBITaxon:10088" label="Mus"/>
      <span end="45111" id="15040800-2455" start="45107">mice</span>
    </annotation>
    <annotation annotator="Mike Bada" id="organism_Instance_26654" type="identity">
      <class id="NCBITaxon:9989" label="Rodentia"/>
      <span end="45264" id="15040800-2457" start="45258">rodent</span>
    </annotation>
    <annotation annotator="Mike Bada" id="organism_Instance_26658" type="identity">
      <class id="NCBITaxon:33208" label="Metazoa"/>
      <span end="45296" id="15040800-2459" start="45289">animals</span>
    </annotation>
    <annotation annotator="Mike Bada" id="organism_Instance_26662" type="identity">
      <class id="NCBITaxon:10088" label="Mus"/>
      <span end="45483" id="15040800-2461" start="45479">mice</span>
    </annotation>
    <annotation annotator="Mike Bada" id="organism_Instance_26666" type="identity">
      <class id="NCBITaxon:10088" label="Mus"/>
      <span end="45557" id="15040800-2463" start="45553">mice</span>
    </annotation>
    <annotation annotator="Mike Bada" id="organism_Instance_26670" type="identity">
      <class id="NCBITaxon:10088" label="Mus"/>
      <span end="45645" id="15040800-2465" start="45641">mice</span>
    </annotation>
    <annotation annotator="Mike Bada" id="organism_Instance_26674" type="identity">
      <class id="NCBITaxon:10088" label="Mus"/>
      <span end="45674" id="15040800-2467" start="45670">mice</span>
    </annotation>
    <annotation annotator="Mike Bada" id="organism_Instance_26678" type="identity">
      <class id="NCBITaxon:3193" label="Embryophyta"/>
      <span end="46007" id="15040800-2469" start="46002">plant</span>
    </annotation>
    <annotation annotator="Mike Bada" id="organism_Instance_26682" type="identity">
      <class id="NCBITaxon:33208" label="Metazoa"/>
      <span end="46045" id="15040800-2471" start="46038">animals</span>
    </annotation>
    <annotation annotator="Mike Bada" id="organism_Instance_26686" type="identity">
      <class id="NCBITaxon:33208" label="Metazoa"/>
      <span end="46103" id="15040800-2473" start="46096">animals</span>
    </annotation>
    <annotation annotator="Mike Bada" id="organism_Instance_26690" type="identity">
      <class id="NCBITaxon:3193" label="Embryophyta"/>
      <span end="46119" id="15040800-2475" start="46114">plant</span>
    </annotation>
    <annotation annotator="Mike Bada" id="organism_Instance_26694" type="identity">
      <class id="NCBITaxon:10088" label="Mus"/>
      <span end="46271" id="15040800-2477" start="46266">mouse</span>
    </annotation>
    <annotation annotator="Mike Bada" id="organism_Instance_26698" type="identity">
      <class id="NCBITaxon:10088" label="Mus"/>
      <span end="46383" id="15040800-2479" start="46379">mice</span>
    </annotation>
    <annotation annotator="Mike Bada" id="organism_Instance_26702" type="identity">
      <class id="NCBITaxon:10088" label="Mus"/>
      <span end="46824" id="15040800-2481" start="46820">mice</span>
    </annotation>
    <annotation annotator="Mike Bada" id="organism_Instance_26706" type="identity">
      <class id="NCBITaxon:3193" label="Embryophyta"/>
      <span end="46928" id="15040800-2483" start="46923">plant</span>
    </annotation>
    <annotation annotator="Mike Bada" id="organism_Instance_26710" type="identity">
      <class id="NCBITaxon:3193" label="Embryophyta"/>
      <span end="47033" id="15040800-2485" start="47028">plant</span>
    </annotation>
    <annotation annotator="Mike Bada" id="organism_Instance_26714" type="identity">
      <class id="NCBITaxon:39107" label="Murinae"/>
      <span end="47094" id="15040800-2487" start="47088">murine</span>
    </annotation>
    <annotation annotator="Mike Bada" id="organism_Instance_26718" type="identity">
      <class id="NCBITaxon:3193" label="Embryophyta"/>
      <span end="47206" id="15040800-2489" start="47201">plant</span>
    </annotation>
    <annotation annotator="Mike Bada" id="organism_Instance_26722" type="identity">
      <class id="NCBITaxon:10088" label="Mus"/>
      <span end="47997" id="15040800-2491" start="47993">mice</span>
    </annotation>
    <annotation annotator="Mike Bada" id="organism_Instance_26726" type="identity">
      <class id="NCBITaxon:10088" label="Mus"/>
      <span end="48106" id="15040800-2493" start="48102">mice</span>
    </annotation>
    <annotation annotator="Mike Bada" id="organism_Instance_26730" type="identity">
      <class id="NCBITaxon:10088" label="Mus"/>
      <span end="48264" id="15040800-2495" start="48260">mice</span>
    </annotation>
    <annotation annotator="Mike Bada" id="organism_Instance_140498" type="identity">
      <class id="NCBITaxon:9608" label="Canidae"/>
      <span end="48384" id="15040800-2099" start="48378">canine</span>
    </annotation>
    <annotation annotator="Mike Bada" id="organism_Instance_26734" type="identity">
      <class id="NCBITaxon:10114" label="Rattus"/>
      <span end="48881" id="15040800-2497" start="48878">rat</span>
    </annotation>
    <annotation annotator="Mike Bada" id="organism_Instance_26738" type="identity">
      <class id="NCBITaxon:10088" label="Mus"/>
      <span end="49113" id="15040800-2499" start="49109">mice</span>
    </annotation>
    <annotation annotator="Mike Bada" id="organism_Instance_26742" type="identity">
      <class id="NCBITaxon:10088" label="Mus"/>
      <span end="49344" id="15040800-2501" start="49340">mice</span>
    </annotation>
    <annotation annotator="Mike Bada" id="organism_Instance_26746" type="identity">
      <class id="NCBITaxon:10088" label="Mus"/>
      <span end="49427" id="15040800-2503" start="49422">mouse</span>
    </annotation>
    <annotation annotator="Mike Bada" id="organism_Instance_26750" type="identity">
      <class id="NCBITaxon:10088" label="Mus"/>
      <span end="49526" id="15040800-2505" start="49522">mice</span>
    </annotation>
    <annotation annotator="Mike Bada" id="organism_Instance_26754" type="identity">
      <class id="NCBITaxon:10088" label="Mus"/>
      <span end="49655" id="15040800-2507" start="49651">mice</span>
    </annotation>
    <annotation annotator="Mike Bada" id="organism_Instance_26762" type="identity">
      <class id="NCBITaxon:10088" label="Mus"/>
      <span end="49867" id="15040800-2509" start="49862">mouse</span>
    </annotation>
    <annotation annotator="Mike Bada" id="organism_Instance_26766" type="identity">
      <class id="NCBITaxon:33208" label="Metazoa"/>
      <span end="50040" id="15040800-2511" start="50034">animal</span>
    </annotation>
    <annotation annotator="Mike Bada" id="organism_Instance_26770" type="identity">
      <class id="NCBITaxon:10088" label="Mus"/>
      <span end="51154" id="15040800-2513" start="51150">mice</span>
    </annotation>
    <annotation annotator="Mike Bada" id="organism_Instance_26778" type="identity">
      <class id="NCBITaxon:10088" label="Mus"/>
      <span end="51518" id="15040800-2515" start="51513">mouse</span>
    </annotation>
    <annotation annotator="Mike Bada" id="organism_Instance_26786" type="identity">
      <class id="NCBITaxon:33208" label="Metazoa"/>
      <span end="52018" id="15040800-2517" start="52012">animal</span>
    </annotation>
    <annotation annotator="Mike Bada" id="organism_Instance_26790" type="identity">
      <class id="NCBITaxon:10088" label="Mus"/>
      <span end="52404" id="15040800-2519" start="52400">mice</span>
    </annotation>
    <annotation annotator="Mike Bada" id="organism_Instance_26794" type="identity">
      <class id="NCBITaxon:10088" label="Mus"/>
      <span end="52547" id="15040800-2521" start="52542">mouse</span>
    </annotation>
    <annotation annotator="Mike Bada" id="organism_Instance_26802" type="identity">
      <class id="NCBITaxon:10088" label="Mus"/>
      <span end="52972" id="15040800-2523" start="52968">mice</span>
    </annotation>
    <annotation annotator="Mike Bada" id="organism_Instance_26810" type="identity">
      <class id="NCBITaxon:10088" label="Mus"/>
      <span end="53186" id="15040800-2525" start="53182">mice</span>
    </annotation>
    <annotation annotator="Mike Bada" id="organism_Instance_26814" type="identity">
      <class id="NCBITaxon:10088" label="Mus"/>
      <span end="53392" id="15040800-2527" start="53388">mice</span>
    </annotation>
    <annotation annotator="Mike Bada" id="organism_Instance_26818" type="identity">
      <class id="NCBITaxon:10088" label="Mus"/>
      <span end="53454" id="15040800-2529" start="53450">mice</span>
    </annotation>
    <annotation annotator="Mike Bada" id="organism_Instance_26822" type="identity">
      <class id="NCBITaxon:10088" label="Mus"/>
      <span end="53734" id="15040800-2531" start="53730">mice</span>
    </annotation>
    <annotation annotator="Mike Bada" id="organism_Instance_26826" type="identity">
      <class id="NCBITaxon:10088" label="Mus"/>
      <span end="53769" id="15040800-2533" start="53765">mice</span>
    </annotation>
    <annotation annotator="Mike Bada" id="organism_Instance_26830" type="identity">
      <class id="NCBITaxon:10088" label="Mus"/>
      <span end="53963" id="15040800-2535" start="53959">mice</span>
    </annotation>
    <annotation annotator="Mike Bada" id="organism_Instance_26834" type="identity">
      <class id="NCBITaxon:10088" label="Mus"/>
      <span end="54010" id="15040800-2537" start="54005">mouse</span>
    </annotation>
    <annotation annotator="Mike Bada" id="organism_Instance_26838" type="identity">
      <class id="NCBITaxon:10088" label="Mus"/>
      <span end="54242" id="15040800-2539" start="54238">mice</span>
    </annotation>
    <annotation annotator="Mike Bada" id="organism_Instance_26842" type="identity">
      <class id="NCBITaxon:10088" label="Mus"/>
      <span end="54418" id="15040800-2541" start="54413">mouse</span>
    </annotation>
    <annotation annotator="Mike Bada" id="organism_Instance_26846" type="identity">
      <class id="NCBITaxon:10088" label="Mus"/>
      <span end="54557" id="15040800-2543" start="54552">mouse</span>
    </annotation>
    <annotation annotator="Mike Bada" id="organism_Instance_26850" type="identity">
      <class id="NCBITaxon:10088" label="Mus"/>
      <span end="54657" id="15040800-2545" start="54653">mice</span>
    </annotation>
    <annotation annotator="Mike Bada" id="organism_Instance_26854" type="identity">
      <class id="NCBITaxon:10088" label="Mus"/>
      <span end="54847" id="15040800-2547" start="54843">mice</span>
    </annotation>
    <annotation annotator="Mike Bada" id="organism_Instance_26858" type="identity">
      <class id="NCBITaxon:10088" label="Mus"/>
      <span end="54971" id="15040800-2549" start="54967">mice</span>
    </annotation>
    <annotation annotator="Mike Bada" id="organism_Instance_26862" type="identity">
      <class id="NCBITaxon:10088" label="Mus"/>
      <span end="55064" id="15040800-2551" start="55059">mouse</span>
    </annotation>
    <annotation annotator="Mike Bada" id="organism_Instance_26866" type="identity">
      <class id="NCBITaxon:10088" label="Mus"/>
      <span end="55182" id="15040800-2553" start="55177">mouse</span>
    </annotation>
    <annotation annotator="Mike Bada" id="organism_Instance_26870" type="identity">
      <class id="NCBITaxon:10088" label="Mus"/>
      <span end="55195" id="15040800-2555" start="55190">Mouse</span>
    </annotation>
    <annotation annotator="Mike Bada" id="organism_Instance_26874" type="identity">
      <class id="NCBITaxon:10088" label="Mus"/>
      <span end="55631" id="15040800-2557" start="55626">mouse</span>
    </annotation>
    <annotation annotator="Mike Bada" id="organism_Instance_26878" type="identity">
      <class id="NCBITaxon:10088" label="Mus"/>
      <span end="55700" id="15040800-2559" start="55696">mice</span>
    </annotation>
    <annotation annotator="Mike Bada" id="organism_Instance_26882" type="identity">
      <class id="NCBITaxon:10088" label="Mus"/>
      <span end="55729" id="15040800-2561" start="55725">mice</span>
    </annotation>
    <annotation annotator="Mike Bada" id="organism_Instance_26886" type="identity">
      <class id="NCBITaxon:10088" label="Mus"/>
      <span end="55810" id="15040800-2563" start="55805">Mouse</span>
    </annotation>
    <annotation annotator="Mike Bada" id="organism_Instance_26890" type="identity">
      <class id="NCBITaxon:10088" label="Mus"/>
      <span end="55949" id="15040800-2565" start="55945">mice</span>
    </annotation>
    <annotation annotator="Mike Bada" id="organism_Instance_26894" type="identity">
      <class id="NCBITaxon:10088" label="Mus"/>
      <span end="55996" id="15040800-2567" start="55992">mice</span>
    </annotation>
    <annotation annotator="Mike Bada" id="organism_Instance_26898" type="identity">
      <class id="NCBITaxon:10088" label="Mus"/>
      <span end="56096" id="15040800-2569" start="56092">mice</span>
    </annotation>
    <annotation annotator="Mike Bada" id="organism_Instance_26902" type="identity">
      <class id="NCBITaxon:10088" label="Mus"/>
      <span end="56207" id="15040800-2571" start="56202">mouse</span>
    </annotation>
    <annotation annotator="Mike Bada" id="organism_Instance_140548" type="identity">
      <class id="NCBITaxon:10088" label="Mus"/>
      <span end="56316" id="15040800-2101" start="56311">mouse</span>
    </annotation>
    <annotation annotator="Mike Bada" id="organism_Instance_140553" type="identity">
      <class id="NCBITaxon:10088" label="Mus"/>
      <span end="56336" id="15040800-2103" start="56331">mouse</span>
    </annotation>
    <annotation annotator="Mike Bada" id="organism_Instance_26906" type="identity">
      <class id="NCBITaxon:10088" label="Mus"/>
      <span end="57396" id="15040800-2573" start="57392">mice</span>
    </annotation>
    <annotation annotator="Mike Bada" id="organism_Instance_26910" type="identity">
      <class id="NCBITaxon:10088" label="Mus"/>
      <span end="57726" id="15040800-2575" start="57722">mice</span>
    </annotation>
    <annotation annotator="Mike Bada" id="organism_Instance_26914" type="identity">
      <class id="NCBITaxon:10088" label="Mus"/>
      <span end="58088" id="15040800-2577" start="58083">mouse</span>
    </annotation>
    <annotation annotator="Mike Bada" id="organism_Instance_26922" type="identity">
      <class id="NCBITaxon:10088" label="Mus"/>
      <span end="58733" id="15040800-2579" start="58729">mice</span>
    </annotation>
    <annotation annotator="Mike Bada" id="organism_Instance_26926" type="identity">
      <class id="NCBITaxon:10088" label="Mus"/>
      <span end="58865" id="15040800-2581" start="58861">mice</span>
    </annotation>
    <annotation annotator="Mike Bada" id="organism_Instance_26930" type="identity">
      <class id="NCBITaxon:10088" label="Mus"/>
      <span end="59036" id="15040800-2583" start="59032">mice</span>
    </annotation>
    <annotation annotator="Mike Bada" id="organism_Instance_26934" type="identity">
      <class id="NCBITaxon:10088" label="Mus"/>
      <span end="59246" id="15040800-2585" start="59242">mice</span>
    </annotation>
    <annotation annotator="Mike Bada" id="organism_Instance_26938" type="identity">
      <class id="NCBITaxon:10088" label="Mus"/>
      <span end="59463" id="15040800-2587" start="59459">mice</span>
    </annotation>
    <annotation annotator="Mike Bada" id="organism_Instance_26942" type="identity">
      <class id="NCBITaxon:10088" label="Mus"/>
      <span end="59549" id="15040800-2589" start="59545">mice</span>
    </annotation>
    <annotation annotator="Mike Bada" id="organism_Instance_26946" type="identity">
      <class id="NCBITaxon:10088" label="Mus"/>
      <span end="59839" id="15040800-2591" start="59835">mice</span>
    </annotation>
    <annotation annotator="Mike Bada" id="organism_Instance_26950" type="identity">
      <class id="NCBITaxon:10088" label="Mus"/>
      <span end="59957" id="15040800-2593" start="59953">mice</span>
    </annotation>
    <annotation annotator="Mike Bada" id="organism_Instance_26954" type="identity">
      <class id="NCBITaxon:10088" label="Mus"/>
      <span end="60065" id="15040800-2595" start="60061">mice</span>
    </annotation>
    <annotation annotator="Mike Bada" id="organism_Instance_26958" type="identity">
      <class id="NCBITaxon:10088" label="Mus"/>
      <span end="60120" id="15040800-2597" start="60116">mice</span>
    </annotation>
    <annotation annotator="Mike Bada" id="organism_Instance_26962" type="identity">
      <class id="NCBITaxon:10088" label="Mus"/>
      <span end="60213" id="15040800-2599" start="60209">mice</span>
    </annotation>
    <annotation annotator="Mike Bada" id="organism_Instance_26966" type="identity">
      <class id="NCBITaxon:10088" label="Mus"/>
      <span end="60433" id="15040800-2601" start="60428">Mouse</span>
    </annotation>
    <annotation annotator="Mike Bada" id="organism_Instance_140579" type="identity">
      <class id="NCBITaxon:33208" label="Metazoa"/>
      <span end="60476" id="15040800-2105" start="60469">Animals</span>
    </annotation>
    <graph-space id="Old Knowtator Relations"/>
  </document>
</knowtator-project>
