<?xml version="1.0" encoding="UTF-8" standalone="no"?>
<knowtator-project>
    <document id="15061865" text-file="15061865.txt">
        <annotation annotator="Mike Bada" id="organism_Instance_140584" type="identity">
            <class id="NCBITaxon:10088" label="Mus"/>
            <span end="91" id="15061865-2605" start="87">mice</span>
        </annotation>
        <annotation annotator="Mike Bada" id="organism_Instance_26970" type="identity">
            <class id="NCBITaxon:10088" label="Mus"/>
            <span end="812" id="15061865-2611" start="808">mice</span>
        </annotation>
        <annotation annotator="Mike Bada" id="organism_Instance_26974" type="identity">
            <class id="NCBITaxon:10088" label="Mus"/>
            <span end="884" id="15061865-2613" start="880">mice</span>
        </annotation>
        <annotation annotator="Mike Bada" id="organism_Instance_26978" type="identity">
            <class id="NCBITaxon:10088" label="Mus"/>
            <span end="1200" id="15061865-2615" start="1196">mice</span>
        </annotation>
        <annotation annotator="Mike Bada" id="organism_Instance_26982" type="identity">
            <class id="NCBITaxon:10088" label="Mus"/>
            <span end="1480" id="15061865-2617" start="1476">mice</span>
        </annotation>
        <annotation annotator="Mike Bada" id="organism_Instance_26986" type="identity">
            <class id="NCBITaxon:10088" label="Mus"/>
            <span end="1535" id="15061865-2619" start="1531">mice</span>
        </annotation>
        <annotation annotator="Mike Bada" id="organism_Instance_26990" type="identity">
            <class id="NCBITaxon:10088" label="Mus"/>
            <span end="1747" id="15061865-2621" start="1743">mice</span>
        </annotation>
        <annotation annotator="Mike Bada" id="organism_Instance_26994" type="identity">
            <class id="NCBITaxon:10088" label="Mus"/>
            <span end="1899" id="15061865-2623" start="1895">mice</span>
        </annotation>
        <annotation annotator="Mike Bada" id="organism_Instance_26998" type="identity">
            <class id="NCBITaxon:10088" label="Mus"/>
            <span end="2145" id="15061865-2625" start="2141">mice</span>
        </annotation>
        <annotation annotator="Mike Bada" id="organism_Instance_27002" type="identity">
            <class id="NCBITaxon:9606" label="Homo sapiens"/>
            <span end="2466" id="15061865-2627" start="2461">human</span>
        </annotation>
        <annotation annotator="Mike Bada" id="organism_Instance_27006" type="identity">
            <class id="NCBITaxon:1" label="root"/>
            <span end="2797" id="15061865-2629" start="2789">organism</span>
        </annotation>
        <annotation annotator="Mike Bada" id="organism_Instance_27010" type="identity">
            <class id="NCBITaxon:9989" label="Rodentia"/>
            <span end="3160" id="15061865-2631" start="3154">rodent</span>
        </annotation>
        <annotation annotator="Mike Bada" id="organism_Instance_27014" type="identity">
            <class id="NCBITaxon:9989" label="Rodentia"/>
            <span end="5292" id="15061865-2633" start="5285">rodents</span>
        </annotation>
        <annotation annotator="Mike Bada" id="organism_Instance_27018" type="identity">
            <class id="NCBITaxon:9989" label="Rodentia"/>
            <span end="5370" id="15061865-2635" start="5364">rodent</span>
        </annotation>
        <annotation annotator="Mike Bada" id="organism_Instance_27022" type="identity">
            <class id="NCBITaxon:9989" label="Rodentia"/>
            <span end="5995" id="15061865-2637" start="5988">rodents</span>
        </annotation>
        <annotation annotator="Mike Bada" id="organism_Instance_27026" type="identity">
            <class id="NCBITaxon:9989" label="Rodentia"/>
            <span end="6271" id="15061865-2639" start="6264">rodents</span>
        </annotation>
        <annotation annotator="Mike Bada" id="organism_Instance_27030" type="identity">
            <class id="NCBITaxon:9989" label="Rodentia"/>
            <span end="6665" id="15061865-2641" start="6658">rodents</span>
        </annotation>
        <annotation annotator="Mike Bada" id="organism_Instance_27034" type="identity">
            <class id="NCBITaxon:9606" label="Homo sapiens"/>
            <span end="6753" id="15061865-2643" start="6748">human</span>
        </annotation>
        <annotation annotator="Mike Bada" id="organism_Instance_27038" type="identity">
            <class id="NCBITaxon:10088" label="Mus"/>
            <span end="7056" id="15061865-2645" start="7052">mice</span>
        </annotation>
        <annotation annotator="Mike Bada" id="organism_Instance_27042" type="identity">
            <class id="NCBITaxon:9606" label="Homo sapiens"/>
            <span end="7153" id="15061865-2647" start="7148">human</span>
        </annotation>
        <annotation annotator="Mike Bada" id="organism_Instance_27046" type="identity">
            <class id="NCBITaxon:9606" label="Homo sapiens"/>
            <span end="7270" id="15061865-2649" start="7265">human</span>
        </annotation>
        <annotation annotator="Mike Bada" id="organism_Instance_27050" type="identity">
            <class id="NCBITaxon:10088" label="Mus"/>
            <span end="7601" id="15061865-2651" start="7597">mice</span>
        </annotation>
        <annotation annotator="Mike Bada" id="organism_Instance_27054" type="identity">
            <class id="NCBITaxon:10088" label="Mus"/>
            <span end="7619" id="15061865-2653" start="7615">mice</span>
        </annotation>
        <annotation annotator="Mike Bada" id="organism_Instance_27058" type="identity">
            <class id="NCBITaxon:10088" label="Mus"/>
            <span end="7957" id="15061865-2655" start="7952">mouse</span>
        </annotation>
        <annotation annotator="Mike Bada" id="organism_Instance_27062" type="identity">
            <class id="NCBITaxon:10088" label="Mus"/>
            <span end="8202" id="15061865-2657" start="8198">mice</span>
        </annotation>
        <annotation annotator="Mike Bada" id="organism_Instance_27066" type="identity">
            <class id="NCBITaxon:10088" label="Mus"/>
            <span end="8284" id="15061865-2659" start="8280">mice</span>
        </annotation>
        <annotation annotator="Mike Bada" id="organism_Instance_27070" type="identity">
            <class id="NCBITaxon:10088" label="Mus"/>
            <span end="8967" id="15061865-2661" start="8963">mice</span>
        </annotation>
        <annotation annotator="Mike Bada" id="organism_Instance_27074" type="identity">
            <class id="NCBITaxon:10088" label="Mus"/>
            <span end="8990" id="15061865-2663" start="8986">mice</span>
        </annotation>
        <annotation annotator="Mike Bada" id="organism_Instance_27078" type="identity">
            <class id="NCBITaxon:10088" label="Mus"/>
            <span end="9116" id="15061865-2665" start="9112">mice</span>
        </annotation>
        <annotation annotator="Mike Bada" id="organism_Instance_27082" type="identity">
            <class id="NCBITaxon:10088" label="Mus"/>
            <span end="9262" id="15061865-2667" start="9258">mice</span>
        </annotation>
        <annotation annotator="Mike Bada" id="organism_Instance_140618" type="identity">
            <class id="NCBITaxon:10088" label="Mus"/>
            <span end="9507" id="15061865-2607" start="9503">Mice</span>
        </annotation>
        <annotation annotator="Mike Bada" id="organism_Instance_27086" type="identity">
            <class id="NCBITaxon:10088" label="Mus"/>
            <span end="9658" id="15061865-2669" start="9654">mice</span>
        </annotation>
        <annotation annotator="Mike Bada" id="organism_Instance_27090" type="identity">
            <class id="NCBITaxon:10088" label="Mus"/>
            <span end="9856" id="15061865-2671" start="9852">mice</span>
        </annotation>
        <annotation annotator="Mike Bada" id="organism_Instance_27094" type="identity">
            <class id="NCBITaxon:10088" label="Mus"/>
            <span end="10237" id="15061865-2673" start="10233">mice</span>
        </annotation>
        <annotation annotator="Mike Bada" id="organism_Instance_27098" type="identity">
            <class id="NCBITaxon:10088" label="Mus"/>
            <span end="10270" id="15061865-2675" start="10266">mice</span>
        </annotation>
        <annotation annotator="Mike Bada" id="organism_Instance_27102" type="identity">
            <class id="NCBITaxon:10088" label="Mus"/>
            <span end="10303" id="15061865-2677" start="10299">mice</span>
        </annotation>
        <annotation annotator="Mike Bada" id="organism_Instance_27106" type="identity">
            <class id="NCBITaxon:10088" label="Mus"/>
            <span end="10353" id="15061865-2679" start="10349">mice</span>
        </annotation>
        <annotation annotator="Mike Bada" id="organism_Instance_27110" type="identity">
            <class id="NCBITaxon:10088" label="Mus"/>
            <span end="10436" id="15061865-2681" start="10432">mice</span>
        </annotation>
        <annotation annotator="Mike Bada" id="organism_Instance_27114" type="identity">
            <class id="NCBITaxon:33208" label="Metazoa"/>
            <span end="10624" id="15061865-2683" start="10617">animals</span>
        </annotation>
        <annotation annotator="Mike Bada" id="organism_Instance_27118" type="identity">
            <class id="NCBITaxon:10088" label="Mus"/>
            <span end="10736" id="15061865-2685" start="10732">mice</span>
        </annotation>
        <annotation annotator="Mike Bada" id="organism_Instance_27122" type="identity">
            <class id="NCBITaxon:10088" label="Mus"/>
            <span end="10764" id="15061865-2687" start="10760">mice</span>
        </annotation>
        <annotation annotator="Mike Bada" id="organism_Instance_27126" type="identity">
            <class id="NCBITaxon:10088" label="Mus"/>
            <span end="11162" id="15061865-2689" start="11158">mice</span>
        </annotation>
        <annotation annotator="Mike Bada" id="organism_Instance_27130" type="identity">
            <class id="NCBITaxon:10088" label="Mus"/>
            <span end="11240" id="15061865-2691" start="11236">mice</span>
        </annotation>
        <annotation annotator="Mike Bada" id="organism_Instance_27134" type="identity">
            <class id="NCBITaxon:10088" label="Mus"/>
            <span end="11357" id="15061865-2693" start="11353">mice</span>
        </annotation>
        <annotation annotator="Mike Bada" id="organism_Instance_27138" type="identity">
            <class id="NCBITaxon:10088" label="Mus"/>
            <span end="11395" id="15061865-2695" start="11391">mice</span>
        </annotation>
        <annotation annotator="Mike Bada" id="organism_Instance_27142" type="identity">
            <class id="NCBITaxon:10088" label="Mus"/>
            <span end="11467" id="15061865-2697" start="11463">mice</span>
        </annotation>
        <annotation annotator="Mike Bada" id="organism_Instance_27146" type="identity">
            <class id="NCBITaxon:10088" label="Mus"/>
            <span end="11852" id="15061865-2699" start="11848">mice</span>
        </annotation>
        <annotation annotator="Mike Bada" id="organism_Instance_27150" type="identity">
            <class id="NCBITaxon:10088" label="Mus"/>
            <span end="12141" id="15061865-2701" start="12137">mice</span>
        </annotation>
        <annotation annotator="Mike Bada" id="organism_Instance_27154" type="identity">
            <class id="NCBITaxon:10088" label="Mus"/>
            <span end="12403" id="15061865-2703" start="12399">mice</span>
        </annotation>
        <annotation annotator="Mike Bada" id="organism_Instance_140641" type="identity">
            <class id="NCBITaxon:10088" label="Mus"/>
            <span end="12589" id="15061865-2609" start="12585">Mice</span>
        </annotation>
        <annotation annotator="Mike Bada" id="organism_Instance_27158" type="identity">
            <class id="NCBITaxon:10114" label="Rattus"/>
            <span end="12872" id="15061865-2705" start="12868">rats</span>
        </annotation>
        <annotation annotator="Mike Bada" id="organism_Instance_27162" type="identity">
            <class id="NCBITaxon:10088" label="Mus"/>
            <span end="13252" id="15061865-2707" start="13248">mice</span>
        </annotation>
        <annotation annotator="Mike Bada" id="organism_Instance_27166" type="identity">
            <class id="NCBITaxon:9989" label="Rodentia"/>
            <span end="15351" id="15061865-2709" start="15344">rodents</span>
        </annotation>
        <annotation annotator="Mike Bada" id="organism_Instance_27170" type="identity">
            <class id="NCBITaxon:9989" label="Rodentia"/>
            <span end="15567" id="15061865-2711" start="15560">rodents</span>
        </annotation>
        <annotation annotator="Mike Bada" id="organism_Instance_27174" type="identity">
            <class id="NCBITaxon:10088" label="Mus"/>
            <span end="16031" id="15061865-2713" start="16027">mice</span>
        </annotation>
        <annotation annotator="Mike Bada" id="organism_Instance_27178" type="identity">
            <class id="NCBITaxon:10088" label="Mus"/>
            <span end="16260" id="15061865-2715" start="16255">mouse</span>
        </annotation>
        <annotation annotator="Mike Bada" id="organism_Instance_27182" type="identity">
            <class id="NCBITaxon:33208" label="Metazoa"/>
            <span end="16391" id="15061865-2717" start="16384">animals</span>
        </annotation>
        <annotation annotator="Mike Bada" id="organism_Instance_27186" type="identity">
            <class id="NCBITaxon:10088" label="Mus"/>
            <span end="16501" id="15061865-2719" start="16497">mice</span>
        </annotation>
        <annotation annotator="Mike Bada" id="organism_Instance_27190" type="identity">
            <class id="NCBITaxon:10088" label="Mus"/>
            <span end="16874" id="15061865-2721" start="16870">mice</span>
        </annotation>
        <annotation annotator="Mike Bada" id="organism_Instance_27194" type="identity">
            <class id="NCBITaxon:10088" label="Mus"/>
            <span end="16940" id="15061865-2723" start="16936">mice</span>
        </annotation>
        <annotation annotator="Mike Bada" id="organism_Instance_27198" type="identity">
            <class id="NCBITaxon:10088" label="Mus"/>
            <span end="17640" id="15061865-2725" start="17636">mice</span>
        </annotation>
        <annotation annotator="Mike Bada" id="organism_Instance_27202" type="identity">
            <class id="NCBITaxon:10088" label="Mus"/>
            <span end="17838" id="15061865-2727" start="17834">mice</span>
        </annotation>
        <annotation annotator="Mike Bada" id="organism_Instance_27206" type="identity">
            <class id="NCBITaxon:10088" label="Mus"/>
            <span end="17862" id="15061865-2729" start="17858">mice</span>
        </annotation>
        <annotation annotator="Mike Bada" id="organism_Instance_27210" type="identity">
            <class id="NCBITaxon:10088" label="Mus"/>
            <span end="18060" id="15061865-2731" start="18056">mice</span>
        </annotation>
        <annotation annotator="Mike Bada" id="organism_Instance_27214" type="identity">
            <class id="NCBITaxon:10088" label="Mus"/>
            <span end="18212" id="15061865-2733" start="18208">mice</span>
        </annotation>
        <annotation annotator="Mike Bada" id="organism_Instance_27218" type="identity">
            <class id="NCBITaxon:10088" label="Mus"/>
            <span end="18295" id="15061865-2735" start="18291">mice</span>
        </annotation>
        <annotation annotator="Mike Bada" id="organism_Instance_27222" type="identity">
            <class id="NCBITaxon:10088" label="Mus"/>
            <span end="18695" id="15061865-2737" start="18691">mice</span>
        </annotation>
        <annotation annotator="Mike Bada" id="organism_Instance_27226" type="identity">
            <class id="NCBITaxon:10088" label="Mus"/>
            <span end="18812" id="15061865-2739" start="18808">mice</span>
        </annotation>
        <annotation annotator="Mike Bada" id="organism_Instance_27230" type="identity">
            <class id="NCBITaxon:10088" label="Mus"/>
            <span end="19689" id="15061865-2741" start="19685">mice</span>
        </annotation>
        <annotation annotator="Mike Bada" id="organism_Instance_27234" type="identity">
            <class id="NCBITaxon:10088" label="Mus"/>
            <span end="20099" id="15061865-2743" start="20095">mice</span>
        </annotation>
        <annotation annotator="Mike Bada" id="organism_Instance_27238" type="identity">
            <class id="NCBITaxon:10088" label="Mus"/>
            <span end="20257" id="15061865-2745" start="20253">mice</span>
        </annotation>
        <annotation annotator="Mike Bada" id="organism_Instance_27242" type="identity">
            <class id="NCBITaxon:9989" label="Rodentia"/>
            <span end="20638" id="15061865-2747" start="20631">rodents</span>
        </annotation>
        <annotation annotator="Mike Bada" id="organism_Instance_27246" type="identity">
            <class id="NCBITaxon:10088" label="Mus"/>
            <span end="20887" id="15061865-2749" start="20883">mice</span>
        </annotation>
        <annotation annotator="Mike Bada" id="organism_Instance_27250" type="identity">
            <class id="NCBITaxon:1" label="root"/>
            <span end="21066" id="15061865-2751" start="21058">organism</span>
        </annotation>
        <annotation annotator="Mike Bada" id="organism_Instance_27254" type="identity">
            <class id="NCBITaxon:10088" label="Mus"/>
            <span end="21349" id="15061865-2753" start="21345">mice</span>
        </annotation>
        <annotation annotator="Mike Bada" id="organism_Instance_27258" type="identity">
            <class id="NCBITaxon:10088" label="Mus"/>
            <span end="22175" id="15061865-2755" start="22171">mice</span>
        </annotation>
        <annotation annotator="Mike Bada" id="organism_Instance_27262" type="identity">
            <class id="NCBITaxon:10088" label="Mus"/>
            <span end="22491" id="15061865-2757" start="22487">mice</span>
        </annotation>
        <annotation annotator="Mike Bada" id="organism_Instance_27266" type="identity">
            <class id="NCBITaxon:10088" label="Mus"/>
            <span end="22674" id="15061865-2759" start="22670">mice</span>
        </annotation>
        <annotation annotator="Mike Bada" id="organism_Instance_27270" type="identity">
            <class id="NCBITaxon:33208" label="Metazoa"/>
            <span end="23297" id="15061865-2761" start="23290">animals</span>
        </annotation>
        <annotation annotator="Mike Bada" id="organism_Instance_27274" type="identity">
            <class id="NCBITaxon:33208" label="Metazoa"/>
            <span end="23411" id="15061865-2763" start="23404">Animals</span>
        </annotation>
        <annotation annotator="Mike Bada" id="organism_Instance_27278" type="identity">
            <class id="NCBITaxon:9989" label="Rodentia"/>
            <span end="23705" id="15061865-2765" start="23698">rodents</span>
        </annotation>
        <annotation annotator="Mike Bada" id="organism_Instance_27282" type="identity">
            <class id="NCBITaxon:10088" label="Mus"/>
            <span end="23803" id="15061865-2767" start="23799">Mice</span>
        </annotation>
        <annotation annotator="Mike Bada" id="organism_Instance_27286" type="identity">
            <class id="NCBITaxon:10088" label="Mus"/>
            <span end="23901" id="15061865-2769" start="23897">mice</span>
        </annotation>
        <annotation annotator="Mike Bada" id="organism_Instance_27290" type="identity">
            <class id="NCBITaxon:10088" label="Mus"/>
            <span end="23986" id="15061865-2771" start="23981">mouse</span>
        </annotation>
        <annotation annotator="Mike Bada" id="organism_Instance_27294" type="identity">
            <class id="NCBITaxon:9989" label="Rodentia"/>
            <span end="24051" id="15061865-2773" start="24045">rodent</span>
        </annotation>
        <annotation annotator="Mike Bada" id="organism_Instance_27298" type="identity">
            <class id="NCBITaxon:10088" label="Mus"/>
            <span end="24529" id="15061865-2775" start="24524">mouse</span>
        </annotation>
        <annotation annotator="Mike Bada" id="organism_Instance_27302" type="identity">
            <class id="NCBITaxon:10088" label="Mus"/>
            <span end="24799" id="15061865-2777" start="24795">mice</span>
        </annotation>
        <annotation annotator="Mike Bada" id="organism_Instance_27310" type="identity">
            <class id="NCBITaxon:40922" label="Anethum graveolens"/>
            <span end="25156" id="15061865-2779" start="25152">dill</span>
        </annotation>
        <annotation annotator="Mike Bada" id="organism_Instance_27314" type="identity">
            <class id="NCBITaxon:10088" label="Mus"/>
            <span end="25499" id="15061865-2781" start="25494">mouse</span>
        </annotation>
        <annotation annotator="Mike Bada" id="organism_Instance_27318" type="identity">
            <class id="NCBITaxon:10088" label="Mus"/>
            <span end="26065" id="15061865-2783" start="26061">mice</span>
        </annotation>
        <annotation annotator="Mike Bada" id="organism_Instance_27322" type="identity">
            <class id="NCBITaxon:10088" label="Mus"/>
            <span end="28463" id="15061865-2785" start="28459">Mice</span>
        </annotation>
        <annotation annotator="Mike Bada" id="organism_Instance_27326" type="identity">
            <class id="NCBITaxon:10088" label="Mus"/>
            <span end="28552" id="15061865-2787" start="28548">mice</span>
        </annotation>
        <annotation annotator="Mike Bada" id="organism_Instance_27330" type="identity">
            <class id="NCBITaxon:10088" label="Mus"/>
            <span end="28765" id="15061865-2789" start="28761">mice</span>
        </annotation>
        <annotation annotator="Mike Bada" id="organism_Instance_27334" type="identity">
            <class id="NCBITaxon:10088" label="Mus"/>
            <span end="29272" id="15061865-2791" start="29268">mice</span>
        </annotation>
        <annotation annotator="Mike Bada" id="organism_Instance_27338" type="identity">
            <class id="NCBITaxon:10088" label="Mus"/>
            <span end="29325" id="15061865-2793" start="29321">mice</span>
        </annotation>
        <annotation annotator="Mike Bada" id="organism_Instance_27342" type="identity">
            <class id="NCBITaxon:10088" label="Mus"/>
            <span end="29511" id="15061865-2795" start="29507">mice</span>
        </annotation>
        <annotation annotator="Mike Bada" id="organism_Instance_27346" type="identity">
            <class id="NCBITaxon:10088" label="Mus"/>
            <span end="29758" id="15061865-2797" start="29754">mice</span>
        </annotation>
        <annotation annotator="Mike Bada" id="organism_Instance_27350" type="identity">
            <class id="NCBITaxon:10088" label="Mus"/>
            <span end="29816" id="15061865-2799" start="29812">mice</span>
        </annotation>
        <annotation annotator="Mike Bada" id="organism_Instance_27354" type="identity">
            <class id="NCBITaxon:10088" label="Mus"/>
            <span end="29905" id="15061865-2801" start="29901">mice</span>
        </annotation>
        <annotation annotator="Mike Bada" id="organism_Instance_27358" type="identity">
            <class id="NCBITaxon:10088" label="Mus"/>
            <span end="29963" id="15061865-2803" start="29959">mice</span>
        </annotation>
        <annotation annotator="Mike Bada" id="organism_Instance_27362" type="identity">
            <class id="NCBITaxon:10088" label="Mus"/>
            <span end="30047" id="15061865-2805" start="30043">mice</span>
        </annotation>
        <annotation annotator="Mike Bada" id="organism_Instance_27366" type="identity">
            <class id="NCBITaxon:10088" label="Mus"/>
            <span end="30118" id="15061865-2807" start="30114">mice</span>
        </annotation>
        <annotation annotator="Mike Bada" id="organism_Instance_27370" type="identity">
            <class id="NCBITaxon:10088" label="Mus"/>
            <span end="30235" id="15061865-2809" start="30231">Mice</span>
        </annotation>
        <annotation annotator="Mike Bada" id="organism_Instance_27374" type="identity">
            <class id="NCBITaxon:10088" label="Mus"/>
            <span end="30391" id="15061865-2811" start="30387">mice</span>
        </annotation>
        <annotation annotator="Mike Bada" id="organism_Instance_27378" type="identity">
            <class id="NCBITaxon:10088" label="Mus"/>
            <span end="30419" id="15061865-2813" start="30415">mice</span>
        </annotation>
        <annotation annotator="Mike Bada" id="organism_Instance_27382" type="identity">
            <class id="NCBITaxon:10088" label="Mus"/>
            <span end="30532" id="15061865-2815" start="30528">mice</span>
        </annotation>
        <annotation annotator="Mike Bada" id="organism_Instance_27386" type="identity">
            <class id="NCBITaxon:10088" label="Mus"/>
            <span end="30653" id="15061865-2817" start="30649">mice</span>
        </annotation>
        <annotation annotator="Mike Bada" id="organism_Instance_27390" type="identity">
            <class id="NCBITaxon:10088" label="Mus"/>
            <span end="30691" id="15061865-2819" start="30687">mice</span>
        </annotation>
        <annotation annotator="Mike Bada" id="organism_Instance_27394" type="identity">
            <class id="NCBITaxon:10088" label="Mus"/>
            <span end="30783" id="15061865-2821" start="30779">mice</span>
        </annotation>
        <annotation annotator="Mike Bada" id="organism_Instance_27398" type="identity">
            <class id="NCBITaxon:10088" label="Mus"/>
            <span end="30984" id="15061865-2823" start="30980">mice</span>
        </annotation>
        <graph-space id="Old Knowtator Relations"/>
    </document>
</knowtator-project>
