<?xml version="1.0" encoding="UTF-8" standalone="no"?>
<knowtator-project>
    <document id="15314655" text-file="15314655.txt">
        <annotation annotator="Mike Bada" id="organism_Instance_28706" type="identity">
            <class id="NCBITaxon:7955" label="Danio rerio"/>
            <span end="13" id="15314655-3605" start="4">Zebrafish</span>
        </annotation>
        <annotation annotator="Mike Bada" id="organism_Instance_28710" type="identity">
            <class id="NCBITaxon:7955" label="Danio rerio"/>
            <span end="310" id="15314655-3607" start="301">zebrafish</span>
        </annotation>
        <annotation annotator="Mike Bada" id="organism_Instance_28714" type="identity">
            <class id="NCBITaxon:7955" label="Danio rerio"/>
            <span end="477" id="15314655-3609" start="468">zebrafish</span>
        </annotation>
        <annotation annotator="Mike Bada" id="organism_Instance_28718" type="identity">
            <class id="NCBITaxon:40674" label="Mammalia"/>
            <span end="499" id="15314655-3611" start="490">mammalian</span>
        </annotation>
        <annotation annotator="Mike Bada" id="organism_Instance_28722" type="identity">
            <class id="NCBITaxon:39107" label="Murinae"/>
            <span end="1295" id="15314655-3613" start="1289">murine</span>
        </annotation>
        <annotation annotator="Mike Bada" id="organism_Instance_28726" type="identity">
            <class id="NCBITaxon:7742" label="Vertebrata"/>
            <span end="1587" id="15314655-3615" start="1576">vertebrates</span>
        </annotation>
        <annotation annotator="Mike Bada" id="organism_Instance_28734" type="identity">
            <class id="NCBITaxon:7742" label="Vertebrata"/>
            <span end="1850" id="15314655-3617" start="1839">vertebrates</span>
        </annotation>
        <annotation annotator="Mike Bada" id="organism_Instance_28738" type="identity">
            <class id="NCBITaxon:7955" label="Danio rerio"/>
            <span end="1866" id="15314655-3619" start="1857">zebrafish</span>
        </annotation>
        <annotation annotator="Mike Bada" id="organism_Instance_150041" type="identity">
            <class id="NCBITaxon:9606" label="Homo sapiens"/>
            <span end="1876" id="15314655-3585" start="1870">humans</span>
        </annotation>
        <annotation annotator="Mike Bada" id="organism_Instance_28746" type="identity">
            <class id="NCBITaxon:7955" label="Danio rerio"/>
            <span end="2863" id="15314655-3621" start="2854">zebrafish</span>
        </annotation>
        <annotation annotator="Mike Bada" id="organism_Instance_28750" type="identity">
            <class id="NCBITaxon:7955" label="Danio rerio"/>
            <span end="2998" id="15314655-3623" start="2989">zebrafish</span>
        </annotation>
        <annotation annotator="Mike Bada" id="organism_Instance_28754" type="identity">
            <class id="NCBITaxon:7955" label="Danio rerio"/>
            <span end="3171" id="15314655-3625" start="3162">zebrafish</span>
        </annotation>
        <annotation annotator="Mike Bada" id="organism_Instance_28758" type="identity">
            <class id="NCBITaxon:7955" label="Danio rerio"/>
            <span end="3686" id="15314655-3627" start="3677">zebrafish</span>
        </annotation>
        <annotation annotator="Mike Bada" id="organism_Instance_28762" type="identity">
            <class id="NCBITaxon:40674" label="Mammalia"/>
            <span end="3708" id="15314655-3629" start="3699">mammalian</span>
        </annotation>
        <annotation annotator="Mike Bada" id="organism_Instance_28766" type="identity">
            <class id="NCBITaxon:7742" label="Vertebrata"/>
            <span end="3975" id="15314655-3631" start="3965">vertebrate</span>
        </annotation>
        <annotation annotator="Mike Bada" id="organism_Instance_28770" type="identity">
            <class id="NCBITaxon:3193" label="Embryophyta"/>
            <span end="4220" id="15314655-3633" start="4215">plant</span>
        </annotation>
        <annotation annotator="Mike Bada" id="organism_Instance_28774" type="identity">
            <class id="NCBITaxon:39107" label="Murinae"/>
            <span end="5027" id="15314655-3635" start="5021">murine</span>
        </annotation>
        <annotation annotator="Mike Bada" id="organism_Instance_28778" type="identity">
            <class id="NCBITaxon:10088" label="Mus"/>
            <span end="5134" id="15314655-3637" start="5129">mouse</span>
        </annotation>
        <annotation annotator="Mike Bada" id="organism_Instance_28782" type="identity">
            <class id="NCBITaxon:7742" label="Vertebrata"/>
            <span end="5569" id="15314655-3639" start="5558">vertebrates</span>
        </annotation>
        <annotation annotator="Mike Bada" id="organism_Instance_28786" type="identity">
            <class id="NCBITaxon:10088" label="Mus"/>
            <span end="5911" id="15314655-3641" start="5906">mouse</span>
        </annotation>
        <annotation annotator="Mike Bada" id="organism_Instance_28790" type="identity">
            <class id="NCBITaxon:7955" label="Danio rerio"/>
            <span end="6101" id="15314655-3643" start="6092">Zebrafish</span>
        </annotation>
        <annotation annotator="Mike Bada" id="organism_Instance_28794" type="identity">
            <class id="NCBITaxon:7955" label="Danio rerio"/>
            <span end="6316" id="15314655-3645" start="6307">zebrafish</span>
        </annotation>
        <annotation annotator="Mike Bada" id="organism_Instance_28798" type="identity">
            <class id="NCBITaxon:7955" label="Danio rerio"/>
            <span end="6390" id="15314655-3647" start="6381">zebrafish</span>
        </annotation>
        <annotation annotator="Mike Bada" id="organism_Instance_28806" type="identity">
            <class id="NCBITaxon:7955" label="Danio rerio"/>
            <span end="7843" id="15314655-3649" start="7834">zebrafish</span>
        </annotation>
        <annotation annotator="Mike Bada" id="organism_Instance_28810" type="identity">
            <class id="NCBITaxon:7955" label="Danio rerio"/>
            <span end="8215" id="15314655-3651" start="8206">zebrafish</span>
        </annotation>
        <annotation annotator="Mike Bada" id="organism_Instance_28814" type="identity">
            <class id="NCBITaxon:7955" label="Danio rerio"/>
            <span end="8744" id="15314655-3653" start="8735">Zebrafish</span>
        </annotation>
        <annotation annotator="Mike Bada" id="organism_Instance_28818" type="identity">
            <class id="NCBITaxon:40674" label="Mammalia"/>
            <span end="8766" id="15314655-3655" start="8757">Mammalian</span>
        </annotation>
        <annotation annotator="Mike Bada" id="organism_Instance_28822" type="identity">
            <class id="NCBITaxon:2" label="Bacteria"/>
            <span end="9447" id="15314655-3657" start="9438">bacterial</span>
        </annotation>
        <annotation annotator="Mike Bada" id="organism_Instance_28826" type="identity">
            <class id="NCBITaxon:7955" label="Danio rerio"/>
            <span end="9911" id="15314655-3659" start="9902">zebrafish</span>
        </annotation>
        <annotation annotator="Mike Bada" id="organism_Instance_28830" type="identity">
            <class id="NCBITaxon:7955" label="Danio rerio"/>
            <span end="10015" id="15314655-3661" start="10006">zebrafish</span>
        </annotation>
        <annotation annotator="Mike Bada" id="organism_Instance_28834" type="identity">
            <class id="NCBITaxon:9606" label="Homo sapiens"/>
            <span end="10308" id="15314655-3663" start="10303">human</span>
        </annotation>
        <annotation annotator="Mike Bada" id="organism_Instance_28838" type="identity">
            <class id="NCBITaxon:7955" label="Danio rerio"/>
            <span end="10457" id="15314655-3665" start="10448">zebrafish</span>
        </annotation>
        <annotation annotator="Mike Bada" id="organism_Instance_28842" type="identity">
            <class id="NCBITaxon:9606" label="Homo sapiens"/>
            <span end="10467" id="15314655-3667" start="10462">human</span>
        </annotation>
        <annotation annotator="Mike Bada" id="organism_Instance_28846" type="identity">
            <class id="NCBITaxon:7955" label="Danio rerio"/>
            <span end="10520" id="15314655-3669" start="10511">zebrafish</span>
        </annotation>
        <annotation annotator="Mike Bada" id="organism_Instance_28850" type="identity">
            <class id="NCBITaxon:9606" label="Homo sapiens"/>
            <span end="10589" id="15314655-3671" start="10584">human</span>
        </annotation>
        <annotation annotator="Mike Bada" id="organism_Instance_28854" type="identity">
            <class id="NCBITaxon:9606" label="Homo sapiens"/>
            <span end="10750" id="15314655-3673" start="10745">human</span>
        </annotation>
        <annotation annotator="Mike Bada" id="organism_Instance_28858" type="identity">
            <class id="NCBITaxon:7955" label="Danio rerio"/>
            <span end="10764" id="15314655-3675" start="10755">zebrafish</span>
        </annotation>
        <annotation annotator="Mike Bada" id="organism_Instance_28862" type="identity">
            <class id="NCBITaxon:7955" label="Danio rerio"/>
            <span end="10868" id="15314655-3677" start="10859">zebrafish</span>
        </annotation>
        <annotation annotator="Mike Bada" id="organism_Instance_28866" type="identity">
            <class id="NCBITaxon:9606" label="Homo sapiens"/>
            <span end="10913" id="15314655-3679" start="10908">human</span>
        </annotation>
        <annotation annotator="Mike Bada" id="organism_Instance_28870" type="identity">
            <class id="NCBITaxon:7955" label="Danio rerio"/>
            <span end="12175" id="15314655-3681" start="12166">zebrafish</span>
        </annotation>
        <annotation annotator="Mike Bada" id="organism_Instance_28874" type="identity">
            <class id="NCBITaxon:7955" label="Danio rerio"/>
            <span end="13111" id="15314655-3683" start="13102">zebrafish</span>
        </annotation>
        <annotation annotator="Mike Bada" id="organism_Instance_28878" type="identity">
            <class id="NCBITaxon:7955" label="Danio rerio"/>
            <span end="13349" id="15314655-3685" start="13340">zebrafish</span>
        </annotation>
        <annotation annotator="Mike Bada" id="organism_Instance_28882" type="identity">
            <class id="NCBITaxon:10088" label="Mus"/>
            <span end="13362" id="15314655-3687" start="13357">mouse</span>
        </annotation>
        <annotation annotator="Mike Bada" id="organism_Instance_28886" type="identity">
            <class id="NCBITaxon:10088" label="Mus"/>
            <span end="13394" id="15314655-3689" start="13389">Mouse</span>
        </annotation>
        <annotation annotator="Mike Bada" id="organism_Instance_28890" type="identity">
            <class id="NCBITaxon:7955" label="Danio rerio"/>
            <span end="13654" id="15314655-3691" start="13645">zebrafish</span>
        </annotation>
        <annotation annotator="Mike Bada" id="organism_Instance_28894" type="identity">
            <class id="NCBITaxon:10088" label="Mus"/>
            <span end="13668" id="15314655-3693" start="13663">mouse</span>
        </annotation>
        <annotation annotator="Mike Bada" id="organism_Instance_28898" type="identity">
            <class id="NCBITaxon:40674" label="Mammalia"/>
            <span end="13746" id="15314655-3695" start="13737">mammalian</span>
        </annotation>
        <annotation annotator="Mike Bada" id="organism_Instance_28902" type="identity">
            <class id="NCBITaxon:7955" label="Danio rerio"/>
            <span end="13883" id="15314655-3697" start="13874">zebrafish</span>
        </annotation>
        <annotation annotator="Mike Bada" id="organism_Instance_28906" type="identity">
            <class id="NCBITaxon:7955" label="Danio rerio"/>
            <span end="13922" id="15314655-3699" start="13913">zebrafish</span>
        </annotation>
        <annotation annotator="Mike Bada" id="organism_Instance_28910" type="identity">
            <class id="NCBITaxon:7955" label="Danio rerio"/>
            <span end="14098" id="15314655-3701" start="14089">zebrafish</span>
        </annotation>
        <annotation annotator="Mike Bada" id="organism_Instance_28914" type="identity">
            <class id="NCBITaxon:9606" label="Homo sapiens"/>
            <span end="14116" id="15314655-3703" start="14111">human</span>
        </annotation>
        <annotation annotator="Mike Bada" id="organism_Instance_28918" type="identity">
            <class id="NCBITaxon:7955" label="Danio rerio"/>
            <span end="14202" id="15314655-3705" start="14193">zebrafish</span>
        </annotation>
        <annotation annotator="Mike Bada" id="organism_Instance_28922" type="identity">
            <class id="NCBITaxon:9606" label="Homo sapiens"/>
            <span end="14284" id="15314655-3707" start="14279">human</span>
        </annotation>
        <annotation annotator="Mike Bada" id="organism_Instance_28926" type="identity">
            <class id="NCBITaxon:9606" label="Homo sapiens"/>
            <span end="14449" id="15314655-3709" start="14444">human</span>
        </annotation>
        <annotation annotator="Mike Bada" id="organism_Instance_28930" type="identity">
            <class id="NCBITaxon:7955" label="Danio rerio"/>
            <span end="14463" id="15314655-3711" start="14454">zebrafish</span>
        </annotation>
        <annotation annotator="Mike Bada" id="organism_Instance_28934" type="identity">
            <class id="NCBITaxon:40674" label="Mammalia"/>
            <span end="14601" id="15314655-3713" start="14592">mammalian</span>
        </annotation>
        <annotation annotator="Mike Bada" id="organism_Instance_28938" type="identity">
            <class id="NCBITaxon:7955" label="Danio rerio"/>
            <span end="14684" id="15314655-3715" start="14675">zebrafish</span>
        </annotation>
        <annotation annotator="Mike Bada" id="organism_Instance_28942" type="identity">
            <class id="NCBITaxon:7955" label="Danio rerio"/>
            <span end="14760" id="15314655-3717" start="14751">zebrafish</span>
        </annotation>
        <annotation annotator="Mike Bada" id="organism_Instance_28946" type="identity">
            <class id="NCBITaxon:7955" label="Danio rerio"/>
            <span end="15246" id="15314655-3719" start="15237">zebrafish</span>
        </annotation>
        <annotation annotator="Mike Bada" id="organism_Instance_28950" type="identity">
            <class id="NCBITaxon:7955" label="Danio rerio"/>
            <span end="16640" id="15314655-3721" start="16631">zebrafish</span>
        </annotation>
        <annotation annotator="Mike Bada" id="organism_Instance_28958" type="identity">
            <class id="NCBITaxon:9986" label="Oryctolagus cuniculus"/>
            <span end="18426" id="15314655-3723" start="18420">rabbit</span>
        </annotation>
        <annotation annotator="Mike Bada" id="organism_Instance_28962" type="identity">
            <class id="NCBITaxon:9606" label="Homo sapiens"/>
            <span end="18513" id="15314655-3725" start="18508">human</span>
        </annotation>
        <annotation annotator="Mike Bada" id="organism_Instance_28966" type="identity">
            <class id="NCBITaxon:10088" label="Mus"/>
            <span end="18529" id="15314655-3727" start="18524">mouse</span>
        </annotation>
        <annotation annotator="Mike Bada" id="organism_Instance_28970" type="identity">
            <class id="NCBITaxon:10088" label="Mus"/>
            <span end="18564" id="15314655-3729" start="18559">mouse</span>
        </annotation>
        <annotation annotator="Mike Bada" id="organism_Instance_28974" type="identity">
            <class id="NCBITaxon:39107" label="Murinae"/>
            <span end="19622" id="15314655-3731" start="19616">murine</span>
        </annotation>
        <annotation annotator="Mike Bada" id="organism_Instance_28978" type="identity">
            <class id="NCBITaxon:7955" label="Danio rerio"/>
            <span end="19996" id="15314655-3733" start="19987">zebrafish</span>
        </annotation>
        <annotation annotator="Mike Bada" id="organism_Instance_28982" type="identity">
            <class id="NCBITaxon:39107" label="Murinae"/>
            <span end="20130" id="15314655-3735" start="20124">murine</span>
        </annotation>
        <annotation annotator="Mike Bada" id="organism_Instance_28986" type="identity">
            <class id="NCBITaxon:7955" label="Danio rerio"/>
            <span end="20514" id="15314655-3737" start="20505">zebrafish</span>
        </annotation>
        <annotation annotator="Mike Bada" id="organism_Instance_28990" type="identity">
            <class id="NCBITaxon:7955" label="Danio rerio"/>
            <span end="20820" id="15314655-3739" start="20811">zebrafish</span>
        </annotation>
        <annotation annotator="Mike Bada" id="organism_Instance_28994" type="identity">
            <class id="NCBITaxon:7955" label="Danio rerio"/>
            <span end="21074" id="15314655-3741" start="21065">Zebrafish</span>
        </annotation>
        <annotation annotator="Mike Bada" id="organism_Instance_28998" type="identity">
            <class id="NCBITaxon:40674" label="Mammalia"/>
            <span end="21096" id="15314655-3743" start="21087">Mammalian</span>
        </annotation>
        <annotation annotator="Mike Bada" id="organism_Instance_29002" type="identity">
            <class id="NCBITaxon:7955" label="Danio rerio"/>
            <span end="21194" id="15314655-3745" start="21185">zebrafish</span>
        </annotation>
        <annotation annotator="Mike Bada" id="organism_Instance_29006" type="identity">
            <class id="NCBITaxon:40674" label="Mammalia"/>
            <span end="21250" id="15314655-3747" start="21241">mammalian</span>
        </annotation>
        <annotation annotator="Mike Bada" id="organism_Instance_29010" type="identity">
            <class id="NCBITaxon:7955" label="Danio rerio"/>
            <span end="21446" id="15314655-3749" start="21437">zebrafish</span>
        </annotation>
        <annotation annotator="Mike Bada" id="organism_Instance_29014" type="identity">
            <class id="NCBITaxon:9606" label="Homo sapiens"/>
            <span end="21571" id="15314655-3751" start="21566">human</span>
        </annotation>
        <annotation annotator="Mike Bada" id="organism_Instance_29018" type="identity">
            <class id="NCBITaxon:10088" label="Mus"/>
            <span end="21581" id="15314655-3753" start="21576">mouse</span>
        </annotation>
        <annotation annotator="Mike Bada" id="organism_Instance_29022" type="identity">
            <class id="NCBITaxon:7955" label="Danio rerio"/>
            <span end="21598" id="15314655-3755" start="21589">Zebrafish</span>
        </annotation>
        <annotation annotator="Mike Bada" id="organism_Instance_29026" type="identity">
            <class id="NCBITaxon:7955" label="Danio rerio"/>
            <span end="21640" id="15314655-3757" start="21631">zebrafish</span>
        </annotation>
        <annotation annotator="Mike Bada" id="organism_Instance_29030" type="identity">
            <class id="NCBITaxon:9606" label="Homo sapiens"/>
            <span end="21685" id="15314655-3759" start="21680">human</span>
        </annotation>
        <annotation annotator="Mike Bada" id="organism_Instance_29034" type="identity">
            <class id="NCBITaxon:7955" label="Danio rerio"/>
            <span end="21960" id="15314655-3761" start="21951">zebrafish</span>
        </annotation>
        <annotation annotator="Mike Bada" id="organism_Instance_29038" type="identity">
            <class id="NCBITaxon:10088" label="Mus"/>
            <span end="21970" id="15314655-3763" start="21965">mouse</span>
        </annotation>
        <annotation annotator="Mike Bada" id="organism_Instance_29042" type="identity">
            <class id="NCBITaxon:7955" label="Danio rerio"/>
            <span end="22211" id="15314655-3765" start="22202">zebrafish</span>
        </annotation>
        <annotation annotator="Mike Bada" id="organism_Instance_29046" type="identity">
            <class id="NCBITaxon:7955" label="Danio rerio"/>
            <span end="22277" id="15314655-3767" start="22268">zebrafish</span>
        </annotation>
        <annotation annotator="Mike Bada" id="organism_Instance_29050" type="identity">
            <class id="NCBITaxon:40674" label="Mammalia"/>
            <span end="22300" id="15314655-3769" start="22291">mammalian</span>
        </annotation>
        <annotation annotator="Mike Bada" id="organism_Instance_29054" type="identity">
            <class id="NCBITaxon:7955" label="Danio rerio"/>
            <span end="22522" id="15314655-3771" start="22513">zebrafish</span>
        </annotation>
        <annotation annotator="Mike Bada" id="organism_Instance_29058" type="identity">
            <class id="NCBITaxon:40674" label="Mammalia"/>
            <span end="22536" id="15314655-3773" start="22527">mammalian</span>
        </annotation>
        <annotation annotator="Mike Bada" id="organism_Instance_29062" type="identity">
            <class id="NCBITaxon:7955" label="Danio rerio"/>
            <span end="22774" id="15314655-3775" start="22765">zebrafish</span>
        </annotation>
        <annotation annotator="Mike Bada" id="organism_Instance_180263" type="identity">
            <class id="NCBITaxon:31032" label="Takifugu"/>
            <span end="22782" id="15314655-3603" start="22778">fugu</span>
        </annotation>
        <annotation annotator="Mike Bada" id="organism_Instance_29066" type="identity">
            <class id="NCBITaxon:32523" label="Tetrapoda"/>
            <span end="22923" id="15314655-3777" start="22914">tetrapods</span>
        </annotation>
        <annotation annotator="Mike Bada" id="organism_Instance_29070" type="identity">
            <class id="NCBITaxon:7955" label="Danio rerio"/>
            <span end="23057" id="15314655-3779" start="23048">zebrafish</span>
        </annotation>
        <annotation annotator="Mike Bada" id="organism_Instance_29074" type="identity">
            <class id="NCBITaxon:9606" label="Homo sapiens"/>
            <span end="23206" id="15314655-3781" start="23201">human</span>
        </annotation>
        <annotation annotator="Mike Bada" id="organism_Instance_29078" type="identity">
            <class id="NCBITaxon:10088" label="Mus"/>
            <span end="23216" id="15314655-3783" start="23211">mouse</span>
        </annotation>
        <annotation annotator="Mike Bada" id="organism_Instance_29086" type="identity">
            <class id="NCBITaxon:7955" label="Danio rerio"/>
            <span end="24709" id="15314655-3785" start="24700">zebrafish</span>
        </annotation>
        <annotation annotator="Mike Bada" id="organism_Instance_29090" type="identity">
            <class id="NCBITaxon:7955" label="Danio rerio"/>
            <span end="24949" id="15314655-3787" start="24940">zebrafish</span>
        </annotation>
        <annotation annotator="Mike Bada" id="organism_Instance_29094" type="identity">
            <class id="NCBITaxon:10088" label="Mus"/>
            <span end="25321" id="15314655-3789" start="25316">mouse</span>
        </annotation>
        <annotation annotator="Mike Bada" id="organism_Instance_29098" type="identity">
            <class id="NCBITaxon:7955" label="Danio rerio"/>
            <span end="25358" id="15314655-3791" start="25349">zebrafish</span>
        </annotation>
        <annotation annotator="Mike Bada" id="organism_Instance_160087" type="identity">
            <class id="NCBITaxon:7955" label="Danio rerio"/>
            <span end="27813" id="15314655-3587" start="27804">Zebrafish</span>
        </annotation>
        <annotation annotator="Mike Bada" id="organism_Instance_29106" type="identity">
            <class id="NCBITaxon:10088" label="Mus"/>
            <span end="27823" id="15314655-3793" start="27818">mouse</span>
        </annotation>
        <annotation annotator="Mike Bada" id="organism_Instance_160093" type="identity">
            <class id="NCBITaxon:7955" label="Danio rerio"/>
            <span end="27854" id="15314655-3589" start="27845">Zebrafish</span>
        </annotation>
        <annotation annotator="Mike Bada" id="organism_Instance_29110" type="identity">
            <class id="NCBITaxon:10088" label="Mus"/>
            <span end="28483" id="15314655-3795" start="28478">mouse</span>
        </annotation>
        <annotation annotator="Mike Bada" id="organism_Instance_29118" type="identity">
            <class id="NCBITaxon:27592" label="Bovinae"/>
            <span end="29244" id="15314655-3797" start="29238">bovine</span>
        </annotation>
        <annotation annotator="Mike Bada" id="organism_Instance_29126" type="identity">
            <class id="NCBITaxon:9606" label="Homo sapiens"/>
            <span end="29763" id="15314655-3799" start="29758">human</span>
        </annotation>
        <annotation annotator="Mike Bada" id="organism_Instance_29130" type="identity">
            <class id="NCBITaxon:9986" label="Oryctolagus cuniculus"/>
            <span end="29830" id="15314655-3801" start="29823">rabbits</span>
        </annotation>
        <annotation annotator="Mike Bada" id="organism_Instance_29134" type="identity">
            <class id="NCBITaxon:10088" label="Mus"/>
            <span end="29927" id="15314655-3803" start="29922">Mouse</span>
        </annotation>
        <annotation annotator="Mike Bada" id="organism_Instance_29138" type="identity">
            <class id="NCBITaxon:7955" label="Danio rerio"/>
            <span end="30845" id="15314655-3805" start="30836">zebrafish</span>
        </annotation>
        <annotation annotator="Mike Bada" id="organism_Instance_29146" type="identity">
            <class id="NCBITaxon:7955" label="Danio rerio"/>
            <span end="31257" id="15314655-3807" start="31248">zebrafish</span>
        </annotation>
        <annotation annotator="Mike Bada" id="organism_Instance_29150" type="identity">
            <class id="NCBITaxon:7147" label="Diptera"/>
            <span end="32192" id="15314655-3809" start="32189">fly</span>
        </annotation>
        <annotation annotator="Mike Bada" id="organism_Instance_29154" type="identity">
            <class id="NCBITaxon:9606" label="Homo sapiens"/>
            <span end="32216" id="15314655-3811" start="32211">human</span>
        </annotation>
        <annotation annotator="Mike Bada" id="organism_Instance_29158" type="identity">
            <class id="NCBITaxon:9606" label="Homo sapiens"/>
            <span end="32238" id="15314655-3813" start="32233">human</span>
        </annotation>
        <annotation annotator="Mike Bada" id="organism_Instance_29162" type="identity">
            <class id="NCBITaxon:9606" label="Homo sapiens"/>
            <span end="32260" id="15314655-3815" start="32255">human</span>
        </annotation>
        <annotation annotator="Mike Bada" id="organism_Instance_29166" type="identity">
            <class id="NCBITaxon:9606" label="Homo sapiens"/>
            <span end="32281" id="15314655-3817" start="32276">human</span>
        </annotation>
        <annotation annotator="Mike Bada" id="organism_Instance_29170" type="identity">
            <class id="NCBITaxon:10088" label="Mus"/>
            <span end="32318" id="15314655-3819" start="32313">mouse</span>
        </annotation>
        <annotation annotator="Mike Bada" id="organism_Instance_29174" type="identity">
            <class id="NCBITaxon:10088" label="Mus"/>
            <span end="32340" id="15314655-3821" start="32335">mouse</span>
        </annotation>
        <annotation annotator="Mike Bada" id="organism_Instance_29178" type="identity">
            <class id="NCBITaxon:10088" label="Mus"/>
            <span end="32368" id="15314655-3823" start="32363">mouse</span>
        </annotation>
        <annotation annotator="Mike Bada" id="organism_Instance_29182" type="identity">
            <class id="NCBITaxon:7955" label="Danio rerio"/>
            <span end="32419" id="15314655-3825" start="32410">zebrafish</span>
        </annotation>
        <annotation annotator="Mike Bada" id="organism_Instance_29186" type="identity">
            <class id="NCBITaxon:7955" label="Danio rerio"/>
            <span end="33585" id="15314655-3827" start="33576">Zebrafish</span>
        </annotation>
        <annotation annotator="Mike Bada" id="organism_Instance_29190" type="identity">
            <class id="NCBITaxon:7955" label="Danio rerio"/>
            <span end="34523" id="15314655-3829" start="34514">Zebrafish</span>
        </annotation>
        <annotation annotator="Mike Bada" id="organism_Instance_29202" type="identity">
            <class id="NCBITaxon:7955" label="Danio rerio"/>
            <span end="35084" id="15314655-3831" start="35075">Zebrafish</span>
        </annotation>
        <annotation annotator="Mike Bada" id="organism_Instance_29206" type="identity">
            <class id="NCBITaxon:7955" label="Danio rerio"/>
            <span end="35138" id="15314655-3833" start="35129">zebrafish</span>
        </annotation>
        <annotation annotator="Mike Bada" id="organism_Instance_29210" type="identity">
            <class id="NCBITaxon:7955" label="Danio rerio"/>
            <span end="35614" id="15314655-3835" start="35605">zebrafish</span>
        </annotation>
        <annotation annotator="Mike Bada" id="organism_Instance_29214" type="identity">
            <class id="NCBITaxon:7955" label="Danio rerio"/>
            <span end="35769" id="15314655-3837" start="35760">zebrafish</span>
        </annotation>
        <annotation annotator="Mike Bada" id="organism_Instance_160130" type="identity">
            <class id="NCBITaxon:7955" label="Danio rerio"/>
            <span end="35782" id="15314655-3591" start="35771">Danio rerio</span>
        </annotation>
        <annotation annotator="Mike Bada" id="organism_Instance_160138" type="identity">
            <class id="NCBITaxon:7955" label="Danio rerio"/>
            <span end="35786" id="15314655-3593" start="35784">Dr</span>
        </annotation>
        <annotation annotator="Mike Bada" id="organism_Instance_29218" type="identity">
            <class id="NCBITaxon:9606" label="Homo sapiens"/>
            <span end="35866" id="15314655-3839" start="35861">human</span>
        </annotation>
        <annotation annotator="Mike Bada" id="organism_Instance_160143" type="identity">
            <class id="NCBITaxon:9606" label="Homo sapiens"/>
            <span end="35870" id="15314655-3595" start="35868">Hs</span>
        </annotation>
        <annotation annotator="Mike Bada" id="organism_Instance_29222" type="identity">
            <class id="NCBITaxon:10088" label="Mus"/>
            <span end="35902" id="15314655-3841" start="35897">mouse</span>
        </annotation>
        <annotation annotator="Mike Bada" id="organism_Instance_160148" type="identity">
            <class id="NCBITaxon:10090" label="Mus musculus"/>
            <span end="35906" id="15314655-3597" start="35904">Mm</span>
        </annotation>
        <annotation annotator="Mike Bada" id="organism_Instance_29226" type="identity">
            <class id="NCBITaxon:7147" label="Diptera"/>
            <span end="35941" id="15314655-3843" start="35938">fly</span>
        </annotation>
        <annotation annotator="Mike Bada" id="organism_Instance_160153" type="identity">
            <class id="NCBITaxon:7227" label="Drosophila melanogaster"/>
            <span end="35945" id="15314655-3599" start="35943">Dm</span>
        </annotation>
        <annotation annotator="Mike Bada" id="organism_Instance_29230" type="identity">
            <class id="NCBITaxon:3193" label="Embryophyta"/>
            <span end="36112" id="15314655-3845" start="36107">plant</span>
        </annotation>
        <annotation annotator="Mike Bada" id="organism_Instance_29234" type="identity">
            <class id="NCBITaxon:7955" label="Danio rerio"/>
            <span end="36274" id="15314655-3847" start="36265">zebrafish</span>
        </annotation>
        <annotation annotator="Mike Bada" id="organism_Instance_29238" type="identity">
            <class id="NCBITaxon:9606" label="Homo sapiens"/>
            <span end="36284" id="15314655-3849" start="36279">human</span>
        </annotation>
        <annotation annotator="Mike Bada" id="organism_Instance_29242" type="identity">
            <class id="NCBITaxon:7955" label="Danio rerio"/>
            <span end="36576" id="15314655-3851" start="36567">zebrafish</span>
        </annotation>
        <annotation annotator="Mike Bada" id="organism_Instance_29246" type="identity">
            <class id="NCBITaxon:7955" label="Danio rerio"/>
            <span end="37102" id="15314655-3853" start="37093">Zebrafish</span>
        </annotation>
        <annotation annotator="Mike Bada" id="organism_Instance_29250" type="identity">
            <class id="NCBITaxon:10088" label="Mus"/>
            <span end="37510" id="15314655-3855" start="37505">mouse</span>
        </annotation>
        <annotation annotator="Mike Bada" id="organism_Instance_29258" type="identity">
            <class id="NCBITaxon:7955" label="Danio rerio"/>
            <span end="38087" id="15314655-3857" start="38078">zebrafish</span>
        </annotation>
        <annotation annotator="Mike Bada" id="organism_Instance_29262" type="identity">
            <class id="NCBITaxon:7955" label="Danio rerio"/>
            <span end="38423" id="15314655-3859" start="38414">zebrafish</span>
        </annotation>
        <annotation annotator="Mike Bada" id="organism_Instance_29270" type="identity">
            <class id="NCBITaxon:7955" label="Danio rerio"/>
            <span end="38876" id="15314655-3861" start="38867">zebrafish</span>
        </annotation>
        <annotation annotator="Mike Bada" id="organism_Instance_29274" type="identity">
            <class id="NCBITaxon:40674" label="Mammalia"/>
            <span end="38916" id="15314655-3863" start="38907">Mammalian</span>
        </annotation>
        <annotation annotator="Mike Bada" id="organism_Instance_29278" type="identity">
            <class id="NCBITaxon:10088" label="Mus"/>
            <span end="39042" id="15314655-3865" start="39037">mouse</span>
        </annotation>
        <annotation annotator="Mike Bada" id="organism_Instance_29282" type="identity">
            <class id="NCBITaxon:10088" label="Mus"/>
            <span end="39387" id="15314655-3867" start="39382">mouse</span>
        </annotation>
        <annotation annotator="Mike Bada" id="organism_Instance_160175" type="identity">
            <class id="NCBITaxon:7955" label="Danio rerio"/>
            <span end="40454" id="15314655-3601" start="40445">zebrafish</span>
        </annotation>
        <annotation annotator="Mike Bada" id="organism_Instance_29294" type="identity">
            <class id="NCBITaxon:7955" label="Danio rerio"/>
            <span end="41570" id="15314655-3869" start="41561">zebrafish</span>
        </annotation>
        <graph-space id="Old Knowtator Relations"/>
    </document>
</knowtator-project>
