<?xml version="1.0" encoding="UTF-8" standalone="no"?>
<knowtator-project>
  <document id="15345036" text-file="15345036.txt">
    <annotation annotator="Mike Bada" id="organism_Instance_30718" type="identity">
      <class id="NCBITaxon:33208" label="Metazoa"/>
      <span end="190" id="15345036-4509" start="184">animal</span>
    </annotation>
    <annotation annotator="Mike Bada" id="organism_Instance_30722" type="identity">
      <class id="NCBITaxon:10088" label="Mus"/>
      <span end="532" id="15345036-4511" start="527">mouse</span>
    </annotation>
    <annotation annotator="Mike Bada" id="organism_Instance_30726" type="identity">
      <class id="NCBITaxon:10088" label="Mus"/>
      <span end="578" id="15345036-4513" start="574">mice</span>
    </annotation>
    <annotation annotator="Mike Bada" id="organism_Instance_30730" type="identity">
      <class id="NCBITaxon:10088" label="Mus"/>
      <span end="898" id="15345036-4515" start="894">mice</span>
    </annotation>
    <annotation annotator="Mike Bada" id="organism_Instance_30734" type="identity">
      <class id="NCBITaxon:10088" label="Mus"/>
      <span end="1174" id="15345036-4517" start="1170">mice</span>
    </annotation>
    <annotation annotator="Mike Bada" id="organism_Instance_30738" type="identity">
      <class id="NCBITaxon:1" label="root"/>
      <span end="2014" id="15345036-4519" start="2005">organisms</span>
    </annotation>
    <annotation annotator="Mike Bada" id="organism_Instance_30742" type="identity">
      <class id="NCBITaxon:40674" label="Mammalia"/>
      <span end="2242" id="15345036-4521" start="2233">mammalian</span>
    </annotation>
    <annotation annotator="Mike Bada" id="organism_Instance_30746" type="identity">
      <class id="NCBITaxon:1" label="root"/>
      <span end="2678" id="15345036-4523" start="2670">organism</span>
    </annotation>
    <annotation annotator="Mike Bada" id="organism_Instance_30750" type="identity">
      <class id="NCBITaxon:7215" label="Drosophila"/>
      <span end="3244" id="15345036-4525" start="3234">Drosophila</span>
    </annotation>
    <annotation annotator="Mike Bada" id="organism_Instance_160749" type="identity">
      <class id="NCBITaxon:6239" label="Caenorhabditis elegans"/>
      <span end="3271" id="15345036-4483" start="3249">Caenorhabditis elegans</span>
    </annotation>
    <annotation annotator="Mike Bada" id="organism_Instance_30754" type="identity">
      <class id="NCBITaxon:7742" label="Vertebrata"/>
      <span end="3466" id="15345036-4527" start="3455">vertebrates</span>
    </annotation>
    <annotation annotator="Mike Bada" id="organism_Instance_30762" type="identity">
      <class id="NCBITaxon:10088" label="Mus"/>
      <span end="4152" id="15345036-4529" start="4148">mice</span>
    </annotation>
    <annotation annotator="Mike Bada" id="organism_Instance_30766" type="identity">
      <class id="NCBITaxon:10088" label="Mus"/>
      <span end="4267" id="15345036-4531" start="4263">mice</span>
    </annotation>
    <annotation annotator="Mike Bada" id="organism_Instance_30770" type="identity">
      <class id="NCBITaxon:10088" label="Mus"/>
      <span end="4317" id="15345036-4533" start="4313">mice</span>
    </annotation>
    <annotation annotator="Mike Bada" id="organism_Instance_30774" type="identity">
      <class id="NCBITaxon:10088" label="Mus"/>
      <span end="4407" id="15345036-4535" start="4403">mice</span>
    </annotation>
    <annotation annotator="Mike Bada" id="organism_Instance_30782" type="identity">
      <class id="NCBITaxon:6083" label="Hydra"/>
      <span end="6771" id="15345036-4537" start="6766">Hydra</span>
    </annotation>
    <annotation annotator="Mike Bada" id="organism_Instance_30786" type="identity">
      <class id="NCBITaxon:6083" label="Hydra"/>
      <span end="6905" id="15345036-4539" start="6900">Hydra</span>
    </annotation>
    <annotation annotator="Mike Bada" id="organism_Instance_30790" type="identity">
      <class id="NCBITaxon:10088" label="Mus"/>
      <span end="7265" id="15345036-4541" start="7261">mice</span>
    </annotation>
    <annotation annotator="Mike Bada" id="organism_Instance_30794" type="identity">
      <class id="NCBITaxon:10088" label="Mus"/>
      <span end="7333" id="15345036-4543" start="7329">mice</span>
    </annotation>
    <annotation annotator="Mike Bada" id="organism_Instance_30798" type="identity">
      <class id="NCBITaxon:10088" label="Mus"/>
      <span end="7588" id="15345036-4545" start="7584">mice</span>
    </annotation>
    <annotation annotator="Mike Bada" id="organism_Instance_30802" type="identity">
      <class id="NCBITaxon:10088" label="Mus"/>
      <span end="7832" id="15345036-4547" start="7828">mice</span>
    </annotation>
    <annotation annotator="Mike Bada" id="organism_Instance_160768" type="identity">
      <class id="NCBITaxon:10088" label="Mus"/>
      <span end="7912" id="15345036-4485" start="7908">mice</span>
    </annotation>
    <annotation annotator="Mike Bada" id="organism_Instance_30806" type="identity">
      <class id="NCBITaxon:10088" label="Mus"/>
      <span end="8032" id="15345036-4549" start="8027">mouse</span>
    </annotation>
    <annotation annotator="Mike Bada" id="organism_Instance_30810" type="identity">
      <class id="NCBITaxon:10088" label="Mus"/>
      <span end="8125" id="15345036-4551" start="8121">mice</span>
    </annotation>
    <annotation annotator="Mike Bada" id="organism_Instance_30814" type="identity">
      <class id="NCBITaxon:10088" label="Mus"/>
      <span end="8322" id="15345036-4553" start="8317">mouse</span>
    </annotation>
    <annotation annotator="Mike Bada" id="organism_Instance_30818" type="identity">
      <class id="NCBITaxon:10088" label="Mus"/>
      <span end="8414" id="15345036-4555" start="8410">mice</span>
    </annotation>
    <annotation annotator="Mike Bada" id="organism_Instance_30822" type="identity">
      <class id="NCBITaxon:10088" label="Mus"/>
      <span end="8490" id="15345036-4557" start="8486">mice</span>
    </annotation>
    <annotation annotator="Mike Bada" id="organism_Instance_30826" type="identity">
      <class id="NCBITaxon:10088" label="Mus"/>
      <span end="8552" id="15345036-4559" start="8548">mice</span>
    </annotation>
    <annotation annotator="Mike Bada" id="organism_Instance_30830" type="identity">
      <class id="NCBITaxon:10088" label="Mus"/>
      <span end="8744" id="15345036-4561" start="8740">mice</span>
    </annotation>
    <annotation annotator="Mike Bada" id="organism_Instance_160780" type="identity">
      <class id="NCBITaxon:10088" label="Mus"/>
      <span end="9124" id="15345036-4487" start="9120">mice</span>
    </annotation>
    <annotation annotator="Mike Bada" id="organism_Instance_30834" type="identity">
      <class id="NCBITaxon:33208" label="Metazoa"/>
      <span end="9953" id="15345036-4563" start="9946">animals</span>
    </annotation>
    <annotation annotator="Mike Bada" id="organism_Instance_30838" type="identity">
      <class id="NCBITaxon:10088" label="Mus"/>
      <span end="10302" id="15345036-4565" start="10298">mice</span>
    </annotation>
    <annotation annotator="Mike Bada" id="organism_Instance_30842" type="identity">
      <class id="NCBITaxon:10088" label="Mus"/>
      <span end="11368" id="15345036-4567" start="11363">mouse</span>
    </annotation>
    <annotation annotator="Mike Bada" id="organism_Instance_30846" type="identity">
      <class id="NCBITaxon:10088" label="Mus"/>
      <span end="13666" id="15345036-4569" start="13662">mice</span>
    </annotation>
    <annotation annotator="Mike Bada" id="organism_Instance_30854" type="identity">
      <class id="NCBITaxon:10088" label="Mus"/>
      <span end="15882" id="15345036-4571" start="15878">mice</span>
    </annotation>
    <annotation annotator="Mike Bada" id="organism_Instance_30858" type="identity">
      <class id="NCBITaxon:10088" label="Mus"/>
      <span end="16314" id="15345036-4573" start="16310">mice</span>
    </annotation>
    <annotation annotator="Mike Bada" id="organism_Instance_30862" type="identity">
      <class id="NCBITaxon:10088" label="Mus"/>
      <span end="16463" id="15345036-4575" start="16458">mouse</span>
    </annotation>
    <annotation annotator="Mike Bada" id="organism_Instance_30866" type="identity">
      <class id="NCBITaxon:10088" label="Mus"/>
      <span end="16806" id="15345036-4577" start="16802">mice</span>
    </annotation>
    <annotation annotator="Mike Bada" id="organism_Instance_30870" type="identity">
      <class id="NCBITaxon:10088" label="Mus"/>
      <span end="16966" id="15345036-4579" start="16962">mice</span>
    </annotation>
    <annotation annotator="Mike Bada" id="organism_Instance_30874" type="identity">
      <class id="NCBITaxon:10088" label="Mus"/>
      <span end="17278" id="15345036-4581" start="17274">mice</span>
    </annotation>
    <annotation annotator="Mike Bada" id="organism_Instance_30878" type="identity">
      <class id="NCBITaxon:10088" label="Mus"/>
      <span end="18270" id="15345036-4583" start="18266">mice</span>
    </annotation>
    <annotation annotator="Mike Bada" id="organism_Instance_30882" type="identity">
      <class id="NCBITaxon:33208" label="Metazoa"/>
      <span end="18341" id="15345036-4585" start="18334">animals</span>
    </annotation>
    <annotation annotator="Mike Bada" id="organism_Instance_30886" type="identity">
      <class id="NCBITaxon:10088" label="Mus"/>
      <span end="18453" id="15345036-4587" start="18449">mice</span>
    </annotation>
    <annotation annotator="Mike Bada" id="organism_Instance_30890" type="identity">
      <class id="NCBITaxon:10088" label="Mus"/>
      <span end="18559" id="15345036-4589" start="18555">mice</span>
    </annotation>
    <annotation annotator="Mike Bada" id="organism_Instance_30894" type="identity">
      <class id="NCBITaxon:33208" label="Metazoa"/>
      <span end="18584" id="15345036-4591" start="18577">animals</span>
    </annotation>
    <annotation annotator="Mike Bada" id="organism_Instance_30898" type="identity">
      <class id="NCBITaxon:33208" label="Metazoa"/>
      <span end="18821" id="15345036-4593" start="18814">animals</span>
    </annotation>
    <annotation annotator="Mike Bada" id="organism_Instance_30902" type="identity">
      <class id="NCBITaxon:33208" label="Metazoa"/>
      <span end="18973" id="15345036-4595" start="18966">animals</span>
    </annotation>
    <annotation annotator="Mike Bada" id="organism_Instance_30906" type="identity">
      <class id="NCBITaxon:10088" label="Mus"/>
      <span end="19474" id="15345036-4597" start="19470">mice</span>
    </annotation>
    <annotation annotator="Mike Bada" id="organism_Instance_30910" type="identity">
      <class id="NCBITaxon:10088" label="Mus"/>
      <span end="20151" id="15345036-4599" start="20147">mice</span>
    </annotation>
    <annotation annotator="Mike Bada" id="organism_Instance_30914" type="identity">
      <class id="NCBITaxon:10088" label="Mus"/>
      <span end="20338" id="15345036-4601" start="20334">mice</span>
    </annotation>
    <annotation annotator="Mike Bada" id="organism_Instance_160806" type="identity">
      <class id="NCBITaxon:10088" label="Mus"/>
      <span end="20499" id="15345036-4489" start="20495">mice</span>
    </annotation>
    <annotation annotator="Mike Bada" id="organism_Instance_30918" type="identity">
      <class id="NCBITaxon:10088" label="Mus"/>
      <span end="21083" id="15345036-4603" start="21079">mice</span>
    </annotation>
    <annotation annotator="Mike Bada" id="organism_Instance_30922" type="identity">
      <class id="NCBITaxon:10088" label="Mus"/>
      <span end="21572" id="15345036-4605" start="21568">mice</span>
    </annotation>
    <annotation annotator="Mike Bada" id="organism_Instance_30926" type="identity">
      <class id="NCBITaxon:10088" label="Mus"/>
      <span end="22893" id="15345036-4607" start="22889">mice</span>
    </annotation>
    <annotation annotator="Mike Bada" id="organism_Instance_30930" type="identity">
      <class id="NCBITaxon:10088" label="Mus"/>
      <span end="23206" id="15345036-4609" start="23202">mice</span>
    </annotation>
    <annotation annotator="Mike Bada" id="organism_Instance_30934" type="identity">
      <class id="NCBITaxon:10088" label="Mus"/>
      <span end="23338" id="15345036-4611" start="23334">mice</span>
    </annotation>
    <annotation annotator="Mike Bada" id="organism_Instance_30938" type="identity">
      <class id="NCBITaxon:10088" label="Mus"/>
      <span end="23429" id="15345036-4613" start="23425">mice</span>
    </annotation>
    <annotation annotator="Mike Bada" id="organism_Instance_30942" type="identity">
      <class id="NCBITaxon:10088" label="Mus"/>
      <span end="23514" id="15345036-4615" start="23510">mice</span>
    </annotation>
    <annotation annotator="Mike Bada" id="organism_Instance_30946" type="identity">
      <class id="NCBITaxon:10088" label="Mus"/>
      <span end="23747" id="15345036-4617" start="23743">mice</span>
    </annotation>
    <annotation annotator="Mike Bada" id="organism_Instance_30950" type="identity">
      <class id="NCBITaxon:10088" label="Mus"/>
      <span end="23853" id="15345036-4619" start="23849">mice</span>
    </annotation>
    <annotation annotator="Mike Bada" id="organism_Instance_30954" type="identity">
      <class id="NCBITaxon:10088" label="Mus"/>
      <span end="24041" id="15345036-4621" start="24037">mice</span>
    </annotation>
    <annotation annotator="Mike Bada" id="organism_Instance_30962" type="identity">
      <class id="NCBITaxon:10088" label="Mus"/>
      <span end="24984" id="15345036-4623" start="24980">mice</span>
    </annotation>
    <annotation annotator="Mike Bada" id="organism_Instance_30966" type="identity">
      <class id="NCBITaxon:10088" label="Mus"/>
      <span end="28018" id="15345036-4625" start="28014">mice</span>
    </annotation>
    <annotation annotator="Mike Bada" id="organism_Instance_30974" type="identity">
      <class id="NCBITaxon:10088" label="Mus"/>
      <span end="29916" id="15345036-4627" start="29912">mice</span>
    </annotation>
    <annotation annotator="Mike Bada" id="organism_Instance_30978" type="identity">
      <class id="NCBITaxon:10088" label="Mus"/>
      <span end="30178" id="15345036-4629" start="30174">mice</span>
    </annotation>
    <annotation annotator="Mike Bada" id="organism_Instance_30982" type="identity">
      <class id="NCBITaxon:10088" label="Mus"/>
      <span end="30215" id="15345036-4631" start="30210">mouse</span>
    </annotation>
    <annotation annotator="Mike Bada" id="organism_Instance_30986" type="identity">
      <class id="NCBITaxon:10088" label="Mus"/>
      <span end="30380" id="15345036-4633" start="30375">mouse</span>
    </annotation>
    <annotation annotator="Mike Bada" id="organism_Instance_30990" type="identity">
      <class id="NCBITaxon:10088" label="Mus"/>
      <span end="30669" id="15345036-4635" start="30665">mice</span>
    </annotation>
    <annotation annotator="Mike Bada" id="organism_Instance_30994" type="identity">
      <class id="NCBITaxon:10088" label="Mus"/>
      <span end="30906" id="15345036-4637" start="30901">mouse</span>
    </annotation>
    <annotation annotator="Mike Bada" id="organism_Instance_30998" type="identity">
      <class id="NCBITaxon:10088" label="Mus"/>
      <span end="31118" id="15345036-4639" start="31113">mouse</span>
    </annotation>
    <annotation annotator="Mike Bada" id="organism_Instance_31002" type="identity">
      <class id="NCBITaxon:10088" label="Mus"/>
      <span end="31826" id="15345036-4641" start="31822">mice</span>
    </annotation>
    <annotation annotator="Mike Bada" id="organism_Instance_31006" type="identity">
      <class id="NCBITaxon:10088" label="Mus"/>
      <span end="32385" id="15345036-4643" start="32381">mice</span>
    </annotation>
    <annotation annotator="Mike Bada" id="organism_Instance_31010" type="identity">
      <class id="NCBITaxon:10088" label="Mus"/>
      <span end="32587" id="15345036-4645" start="32583">mice</span>
    </annotation>
    <annotation annotator="Mike Bada" id="organism_Instance_31014" type="identity">
      <class id="NCBITaxon:33208" label="Metazoa"/>
      <span end="32860" id="15345036-4647" start="32853">animals</span>
    </annotation>
    <annotation annotator="Mike Bada" id="organism_Instance_31018" type="identity">
      <class id="NCBITaxon:10088" label="Mus"/>
      <span end="33155" id="15345036-4649" start="33151">mice</span>
    </annotation>
    <annotation annotator="Mike Bada" id="organism_Instance_31022" type="identity">
      <class id="NCBITaxon:33208" label="Metazoa"/>
      <span end="34279" id="15345036-4651" start="34272">animals</span>
    </annotation>
    <annotation annotator="Mike Bada" id="organism_Instance_31026" type="identity">
      <class id="NCBITaxon:10088" label="Mus"/>
      <span end="34477" id="15345036-4653" start="34473">mice</span>
    </annotation>
    <annotation annotator="Mike Bada" id="organism_Instance_31030" type="identity">
      <class id="NCBITaxon:10088" label="Mus"/>
      <span end="34752" id="15345036-4655" start="34748">mice</span>
    </annotation>
    <annotation annotator="Mike Bada" id="organism_Instance_31034" type="identity">
      <class id="NCBITaxon:10088" label="Mus"/>
      <span end="35480" id="15345036-4657" start="35475">mouse</span>
    </annotation>
    <annotation annotator="Mike Bada" id="organism_Instance_31038" type="identity">
      <class id="NCBITaxon:10088" label="Mus"/>
      <span end="36826" id="15345036-4659" start="36822">mice</span>
    </annotation>
    <annotation annotator="Mike Bada" id="organism_Instance_31042" type="identity">
      <class id="NCBITaxon:10088" label="Mus"/>
      <span end="37306" id="15345036-4661" start="37301">mouse</span>
    </annotation>
    <annotation annotator="Mike Bada" id="organism_Instance_31046" type="identity">
      <class id="NCBITaxon:10088" label="Mus"/>
      <span end="38537" id="15345036-4663" start="38533">mice</span>
    </annotation>
    <annotation annotator="Mike Bada" id="organism_Instance_31050" type="identity">
      <class id="NCBITaxon:10088" label="Mus"/>
      <span end="38639" id="15345036-4665" start="38635">mice</span>
    </annotation>
    <annotation annotator="Mike Bada" id="organism_Instance_31054" type="identity">
      <class id="NCBITaxon:10088" label="Mus"/>
      <span end="38779" id="15345036-4667" start="38775">mice</span>
    </annotation>
    <annotation annotator="Mike Bada" id="organism_Instance_31058" type="identity">
      <class id="NCBITaxon:10088" label="Mus"/>
      <span end="38985" id="15345036-4669" start="38981">mice</span>
    </annotation>
    <annotation annotator="Mike Bada" id="organism_Instance_31062" type="identity">
      <class id="NCBITaxon:10088" label="Mus"/>
      <span end="39361" id="15345036-4671" start="39357">mice</span>
    </annotation>
    <annotation annotator="Mike Bada" id="organism_Instance_31066" type="identity">
      <class id="NCBITaxon:10088" label="Mus"/>
      <span end="39734" id="15345036-4673" start="39730">mice</span>
    </annotation>
    <annotation annotator="Mike Bada" id="organism_Instance_31070" type="identity">
      <class id="NCBITaxon:33208" label="Metazoa"/>
      <span end="40278" id="15345036-4675" start="40271">animals</span>
    </annotation>
    <annotation annotator="Mike Bada" id="organism_Instance_160850" type="identity">
      <class id="NCBITaxon:6239" label="Caenorhabditis elegans"/>
      <span end="40892" id="15345036-4491" start="40882">C. elegans</span>
    </annotation>
    <annotation annotator="Mike Bada" id="organism_Instance_31074" type="identity">
      <class id="NCBITaxon:10088" label="Mus"/>
      <span end="40931" id="15345036-4677" start="40926">mouse</span>
    </annotation>
    <annotation annotator="Mike Bada" id="organism_Instance_31078" type="identity">
      <class id="NCBITaxon:33208" label="Metazoa"/>
      <span end="41017" id="15345036-4679" start="41010">animals</span>
    </annotation>
    <annotation annotator="Mike Bada" id="organism_Instance_31082" type="identity">
      <class id="NCBITaxon:10088" label="Mus"/>
      <span end="41809" id="15345036-4681" start="41805">mice</span>
    </annotation>
    <annotation annotator="Mike Bada" id="organism_Instance_31090" type="identity">
      <class id="NCBITaxon:10088" label="Mus"/>
      <span end="44757" id="15345036-4683" start="44753">mice</span>
    </annotation>
    <annotation annotator="Mike Bada" id="organism_Instance_31094" type="identity">
      <class id="NCBITaxon:10088" label="Mus"/>
      <span end="45002" id="15345036-4685" start="44998">mice</span>
    </annotation>
    <annotation annotator="Mike Bada" id="organism_Instance_160861" type="identity">
      <class id="NCBITaxon:6239" label="Caenorhabditis elegans"/>
      <span end="45940" id="15345036-4493" start="45930">C. elegans</span>
    </annotation>
    <annotation annotator="Mike Bada" id="organism_Instance_160866" type="identity">
      <class id="NCBITaxon:6239" label="Caenorhabditis elegans"/>
      <span end="46017" id="15345036-4495" start="46007">C. elegans</span>
    </annotation>
    <annotation annotator="Mike Bada" id="organism_Instance_160871" type="identity">
      <class id="NCBITaxon:6239" label="Caenorhabditis elegans"/>
      <span end="46649" id="15345036-4497" start="46639">C. elegans</span>
    </annotation>
    <annotation annotator="Mike Bada" id="organism_Instance_31098" type="identity">
      <class id="NCBITaxon:9606" label="Homo sapiens"/>
      <span end="47153" id="15345036-4687" start="47148">human</span>
    </annotation>
    <annotation annotator="Mike Bada" id="organism_Instance_31102" type="identity">
      <class id="NCBITaxon:10088" label="Mus"/>
      <span end="48399" id="15345036-4689" start="48395">mice</span>
    </annotation>
    <annotation annotator="Mike Bada" id="organism_Instance_160878" type="identity">
      <class id="NCBITaxon:10088" label="Mus"/>
      <span end="49163" id="15345036-4499" start="49159">mice</span>
    </annotation>
    <annotation annotator="Mike Bada" id="organism_Instance_31106" type="identity">
      <class id="NCBITaxon:2" label="Bacteria"/>
      <span end="49211" id="15345036-4691" start="49202">bacterial</span>
    </annotation>
    <annotation annotator="Mike Bada" id="organism_Instance_31110" type="identity">
      <class id="NCBITaxon:10088" label="Mus"/>
      <span end="50022" id="15345036-4693" start="50018">mice</span>
    </annotation>
    <annotation annotator="Mike Bada" id="organism_Instance_31114" type="identity">
      <class id="NCBITaxon:10088" label="Mus"/>
      <span end="50865" id="15345036-4695" start="50861">mice</span>
    </annotation>
    <annotation annotator="Mike Bada" id="organism_Instance_31118" type="identity">
      <class id="NCBITaxon:33208" label="Metazoa"/>
      <span end="51209" id="15345036-4697" start="51202">animals</span>
    </annotation>
    <annotation annotator="Mike Bada" id="organism_Instance_31122" type="identity">
      <class id="NCBITaxon:10088" label="Mus"/>
      <span end="51856" id="15345036-4699" start="51852">mice</span>
    </annotation>
    <annotation annotator="Mike Bada" id="organism_Instance_31126" type="identity">
      <class id="NCBITaxon:10088" label="Mus"/>
      <span end="52125" id="15345036-4701" start="52121">mice</span>
    </annotation>
    <annotation annotator="Mike Bada" id="organism_Instance_31130" type="identity">
      <class id="NCBITaxon:10088" label="Mus"/>
      <span end="52222" id="15345036-4703" start="52218">mice</span>
    </annotation>
    <annotation annotator="Mike Bada" id="organism_Instance_31134" type="identity">
      <class id="NCBITaxon:10088" label="Mus"/>
      <span end="52778" id="15345036-4705" start="52774">mice</span>
    </annotation>
    <annotation annotator="Mike Bada" id="organism_Instance_31138" type="identity">
      <class id="NCBITaxon:10088" label="Mus"/>
      <span end="52964" id="15345036-4707" start="52960">mice</span>
    </annotation>
    <annotation annotator="Mike Bada" id="organism_Instance_31142" type="identity">
      <class id="NCBITaxon:3704" label="Armoracia rusticana"/>
      <span end="54475" id="15345036-4709" start="54464">horseradish</span>
    </annotation>
    <annotation annotator="Mike Bada" id="organism_Instance_160913" type="identity">
      <class id="NCBITaxon:33208" label="Metazoa"/>
      <span end="54652" id="15345036-4501" start="54646">Animal</span>
    </annotation>
    <annotation annotator="Mike Bada" id="organism_Instance_31146" type="identity">
      <class id="NCBITaxon:10088" label="Mus"/>
      <span end="54706" id="15345036-4711" start="54702">mice</span>
    </annotation>
    <annotation annotator="Mike Bada" id="organism_Instance_31150" type="identity">
      <class id="NCBITaxon:10088" label="Mus"/>
      <span end="54817" id="15345036-4713" start="54813">mice</span>
    </annotation>
    <annotation annotator="Mike Bada" id="organism_Instance_31154" type="identity">
      <class id="NCBITaxon:10088" label="Mus"/>
      <span end="55097" id="15345036-4715" start="55093">mice</span>
    </annotation>
    <annotation annotator="Mike Bada" id="organism_Instance_31158" type="identity">
      <class id="NCBITaxon:10088" label="Mus"/>
      <span end="55153" id="15345036-4717" start="55148">mouse</span>
    </annotation>
    <annotation annotator="Mike Bada" id="organism_Instance_31162" type="identity">
      <class id="NCBITaxon:10088" label="Mus"/>
      <span end="55274" id="15345036-4719" start="55270">mice</span>
    </annotation>
    <annotation annotator="Mike Bada" id="organism_Instance_31166" type="identity">
      <class id="NCBITaxon:10088" label="Mus"/>
      <span end="58080" id="15345036-4721" start="58076">mice</span>
    </annotation>
    <annotation annotator="Mike Bada" id="organism_Instance_160924" type="identity">
      <class id="NCBITaxon:10088" label="Mus"/>
      <span end="60370" id="15345036-4503" start="60365">Mouse</span>
    </annotation>
    <annotation annotator="Mike Bada" id="organism_Instance_160929" type="identity">
      <class id="NCBITaxon:10088" label="Mus"/>
      <span end="60614" id="15345036-4505" start="60609">Mouse</span>
    </annotation>
    <annotation annotator="Mike Bada" id="organism_Instance_31170" type="identity">
      <class id="NCBITaxon:10088" label="Mus"/>
      <span end="61195" id="15345036-4723" start="61191">mice</span>
    </annotation>
    <annotation annotator="Mike Bada" id="organism_Instance_160935" type="identity">
      <class id="NCBITaxon:10088" label="Mus"/>
      <span end="61488" id="15345036-4507" start="61484">mice</span>
    </annotation>
    <annotation annotator="Mike Bada" id="organism_Instance_31174" type="identity">
      <class id="NCBITaxon:10088" label="Mus"/>
      <span end="61760" id="15345036-4725" start="61756">mice</span>
    </annotation>
    <annotation annotator="Mike Bada" id="organism_Instance_31178" type="identity">
      <class id="NCBITaxon:9606" label="Homo sapiens"/>
      <span end="62265" id="15345036-4727" start="62260">human</span>
    </annotation>
    <annotation annotator="Mike Bada" id="organism_Instance_31182" type="identity">
      <class id="NCBITaxon:10088" label="Mus"/>
      <span end="62352" id="15345036-4729" start="62347">mouse</span>
    </annotation>
    <annotation annotator="Mike Bada" id="organism_Instance_31186" type="identity">
      <class id="NCBITaxon:39107" label="Murinae"/>
      <span end="62603" id="15345036-4731" start="62597">murine</span>
    </annotation>
    <annotation annotator="Mike Bada" id="organism_Instance_31190" type="identity">
      <class id="NCBITaxon:33208" label="Metazoa"/>
      <span end="63127" id="15345036-4733" start="63120">animals</span>
    </annotation>
    <annotation annotator="Mike Bada" id="organism_Instance_31194" type="identity">
      <class id="NCBITaxon:33208" label="Metazoa"/>
      <span end="63459" id="15345036-4735" start="63452">animals</span>
    </annotation>
    <annotation annotator="Mike Bada" id="organism_Instance_31198" type="identity">
      <class id="NCBITaxon:10088" label="Mus"/>
      <span end="63990" id="15345036-4737" start="63986">mice</span>
    </annotation>
    <annotation annotator="Mike Bada" id="organism_Instance_31202" type="identity">
      <class id="NCBITaxon:10088" label="Mus"/>
      <span end="64483" id="15345036-4739" start="64478">mouse</span>
    </annotation>
    <annotation annotator="Mike Bada" id="organism_Instance_31210" type="identity">
      <class id="NCBITaxon:33208" label="Metazoa"/>
      <span end="67144" id="15345036-4741" start="67137">animals</span>
    </annotation>
    <annotation annotator="Mike Bada" id="organism_Instance_31214" type="identity">
      <class id="NCBITaxon:33208" label="Metazoa"/>
      <span end="67914" id="15345036-4743" start="67907">animals</span>
    </annotation>
    <annotation annotator="Mike Bada" id="organism_Instance_31218" type="identity">
      <class id="NCBITaxon:10088" label="Mus"/>
      <span end="70212" id="15345036-4745" start="70208">mice</span>
    </annotation>
    <annotation annotator="Mike Bada" id="organism_Instance_31222" type="identity">
      <class id="NCBITaxon:10088" label="Mus"/>
      <span end="71679" id="15345036-4747" start="71675">mice</span>
    </annotation>
    <graph-space id="Old Knowtator Relations"/>
  </document>
</knowtator-project>
