<?xml version="1.0" encoding="UTF-8" standalone="no"?>
<knowtator-project>
    <document id="15588329" text-file="15588329.txt">
        <annotation annotator="Mike Bada" id="organism_Instance_32282" type="identity">
            <class id="NCBITaxon:10088" label="Mus"/>
            <span end="482" id="15588329-5181" start="478">mice</span>
        </annotation>
        <annotation annotator="Mike Bada" id="organism_Instance_32286" type="identity">
            <class id="NCBITaxon:10088" label="Mus"/>
            <span end="695" id="15588329-5183" start="690">mouse</span>
        </annotation>
        <annotation annotator="Mike Bada" id="organism_Instance_32294" type="identity">
            <class id="NCBITaxon:10088" label="Mus"/>
            <span end="3153" id="15588329-5185" start="3148">mouse</span>
        </annotation>
        <annotation annotator="Mike Bada" id="organism_Instance_32298" type="identity">
            <class id="NCBITaxon:10088" label="Mus"/>
            <span end="3185" id="15588329-5187" start="3181">mice</span>
        </annotation>
        <annotation annotator="Mike Bada" id="organism_Instance_32302" type="identity">
            <class id="NCBITaxon:10088" label="Mus"/>
            <span end="3379" id="15588329-5189" start="3375">mice</span>
        </annotation>
        <annotation annotator="Mike Bada" id="organism_Instance_32306" type="identity">
            <class id="NCBITaxon:10088" label="Mus"/>
            <span end="3948" id="15588329-5191" start="3944">mice</span>
        </annotation>
        <annotation annotator="Mike Bada" id="organism_Instance_32310" type="identity">
            <class id="NCBITaxon:10088" label="Mus"/>
            <span end="4450" id="15588329-5193" start="4446">mice</span>
        </annotation>
        <annotation annotator="Mike Bada" id="organism_Instance_170457" type="identity">
            <class id="NCBITaxon:11632" label="Retroviridae"/>
            <span end="4561" id="15588329-5177" start="4551">retroviral</span>
        </annotation>
        <annotation annotator="Mike Bada" id="organism_Instance_32314" type="identity">
            <class id="NCBITaxon:10633" label="Macaca mulatta polyomavirus 1"/>
            <span end="4634" id="15588329-5195" start="4630">SV40</span>
        </annotation>
        <annotation annotator="Mike Bada" id="organism_Instance_32318" type="identity">
            <class id="NCBITaxon:10633" label="Macaca mulatta polyomavirus 1"/>
            <span end="4997" id="15588329-5197" start="4993">SV40</span>
        </annotation>
        <annotation annotator="Mike Bada" id="organism_Instance_32322" type="identity">
            <class id="NCBITaxon:10088" label="Mus"/>
            <span end="6360" id="15588329-5199" start="6356">mice</span>
        </annotation>
        <annotation annotator="Mike Bada" id="organism_Instance_32326" type="identity">
            <class id="NCBITaxon:10088" label="Mus"/>
            <span end="11974" id="15588329-5201" start="11970">mice</span>
        </annotation>
        <annotation annotator="Mike Bada" id="organism_Instance_32330" type="identity">
            <class id="NCBITaxon:10088" label="Mus"/>
            <span end="12305" id="15588329-5203" start="12301">mice</span>
        </annotation>
        <annotation annotator="Mike Bada" id="organism_Instance_32334" type="identity">
            <class id="NCBITaxon:10088" label="Mus"/>
            <span end="13505" id="15588329-5205" start="13501">mice</span>
        </annotation>
        <annotation annotator="Mike Bada" id="organism_Instance_32338" type="identity">
            <class id="NCBITaxon:10088" label="Mus"/>
            <span end="22678" id="15588329-5207" start="22674">mice</span>
        </annotation>
        <annotation annotator="Mike Bada" id="organism_Instance_32342" type="identity">
            <class id="NCBITaxon:33208" label="Metazoa"/>
            <span end="24108" id="15588329-5209" start="24102">animal</span>
        </annotation>
        <annotation annotator="Mike Bada" id="organism_Instance_32346" type="identity">
            <class id="NCBITaxon:10114" label="Rattus"/>
            <span end="25905" id="15588329-5211" start="25902">Rat</span>
        </annotation>
        <annotation annotator="Mike Bada" id="organism_Instance_32350" type="identity">
            <class id="NCBITaxon:10633" label="Macaca mulatta polyomavirus 1"/>
            <span end="26428" id="15588329-5213" start="26424">SV40</span>
        </annotation>
        <annotation annotator="Mike Bada" id="organism_Instance_32354" type="identity">
            <class id="NCBITaxon:10088" label="Mus"/>
            <span end="27330" id="15588329-5215" start="27326">mice</span>
        </annotation>
        <annotation annotator="Mike Bada" id="organism_Instance_32358" type="identity">
            <class id="NCBITaxon:27592" label="Bovinae"/>
            <span end="28148" id="15588329-5217" start="28142">bovine</span>
        </annotation>
        <annotation annotator="Mike Bada" id="organism_Instance_170479" type="identity">
            <class id="NCBITaxon:11632" label="Retroviridae"/>
            <span end="28269" id="15588329-5179" start="28259">retrovirus</span>
        </annotation>
        <annotation annotator="Mike Bada" id="organism_Instance_32362" type="identity">
            <class id="NCBITaxon:27592" label="Bovinae"/>
            <span end="31542" id="15588329-5219" start="31536">bovine</span>
        </annotation>
        <annotation annotator="Mike Bada" id="organism_Instance_140001" type="identity">
            <class id="NCBITaxon:10239" label="Viruses"/>
            <span end="36527" id="15588329-5175" start="36522">virus</span>
        </annotation>
        <graph-space id="Old Knowtator Relations"/>
    </document>
</knowtator-project>
