<?xml version="1.0" encoding="UTF-8" standalone="no"?>
<knowtator-project>
    <document id="15676071" text-file="15676071.txt">
        <annotation annotator="Mike Bada" id="organism_Instance_180620" type="identity">
            <class id="NCBITaxon:10088" label="Mus"/>
            <span end="96" id="15676071-5347" start="92">mice</span>
        </annotation>
        <annotation annotator="Mike Bada" id="organism_Instance_180625" type="identity">
            <class id="NCBITaxon:1" label="root"/>
            <span end="179" id="15676071-5349" start="168">individuals</span>
        </annotation>
        <annotation annotator="Mike Bada" id="organism_Instance_33070" type="identity">
            <class id="NCBITaxon:10088" label="Mus"/>
            <span end="542" id="15676071-5359" start="538">mice</span>
        </annotation>
        <annotation annotator="Mike Bada" id="organism_Instance_33074" type="identity">
            <class id="NCBITaxon:10088" label="Mus"/>
            <span end="718" id="15676071-5361" start="714">mice</span>
        </annotation>
        <annotation annotator="Mike Bada" id="organism_Instance_33078" type="identity">
            <class id="NCBITaxon:33208" label="Metazoa"/>
            <span end="1069" id="15676071-5363" start="1063">animal</span>
        </annotation>
        <annotation annotator="Mike Bada" id="organism_Instance_33082" type="identity">
            <class id="NCBITaxon:1" label="root"/>
            <span end="1435" id="15676071-5365" start="1426">organisms</span>
        </annotation>
        <annotation annotator="Mike Bada" id="organism_Instance_180634" type="identity">
            <class id="NCBITaxon:9606" label="Homo sapiens"/>
            <span end="1471" id="15676071-5351" start="1465">humans</span>
        </annotation>
        <annotation annotator="Mike Bada" id="organism_Instance_33086" type="identity">
            <class id="NCBITaxon:7742" label="Vertebrata"/>
            <span end="1767" id="15676071-5367" start="1757">vertebrate</span>
        </annotation>
        <annotation annotator="Mike Bada" id="organism_Instance_33090" type="identity">
            <class id="NCBITaxon:9606" label="Homo sapiens"/>
            <span end="2659" id="15676071-5369" start="2654">human</span>
        </annotation>
        <annotation annotator="Mike Bada" id="organism_Instance_33094" type="identity">
            <class id="NCBITaxon:9606" label="Homo sapiens"/>
            <span end="3823" id="15676071-5371" start="3818">human</span>
        </annotation>
        <annotation annotator="Mike Bada" id="organism_Instance_33098" type="identity">
            <class id="NCBITaxon:33208" label="Metazoa"/>
            <span end="4059" id="15676071-5373" start="4053">Animal</span>
        </annotation>
        <annotation annotator="Mike Bada" id="organism_Instance_33102" type="identity">
            <class id="NCBITaxon:10088" label="Mus"/>
            <span end="4280" id="15676071-5375" start="4275">mouse</span>
        </annotation>
        <annotation annotator="Mike Bada" id="organism_Instance_33106" type="identity">
            <class id="NCBITaxon:33208" label="Metazoa"/>
            <span end="5631" id="15676071-5377" start="5625">animal</span>
        </annotation>
        <annotation annotator="Mike Bada" id="organism_Instance_33110" type="identity">
            <class id="NCBITaxon:10088" label="Mus"/>
            <span end="5998" id="15676071-5379" start="5994">mice</span>
        </annotation>
        <annotation annotator="Mike Bada" id="organism_Instance_180648" type="identity">
            <class id="NCBITaxon:10088" label="Mus"/>
            <span end="6479" id="15676071-5353" start="6475">mice</span>
        </annotation>
        <annotation annotator="Mike Bada" id="organism_Instance_33118" type="identity">
            <class id="NCBITaxon:10088" label="Mus"/>
            <span end="6536" id="15676071-5381" start="6532">mice</span>
        </annotation>
        <annotation annotator="Mike Bada" id="organism_Instance_33122" type="identity">
            <class id="NCBITaxon:10088" label="Mus"/>
            <span end="6629" id="15676071-5383" start="6625">mice</span>
        </annotation>
        <annotation annotator="Mike Bada" id="organism_Instance_33126" type="identity">
            <class id="NCBITaxon:10088" label="Mus"/>
            <span end="6794" id="15676071-5385" start="6790">mice</span>
        </annotation>
        <annotation annotator="Mike Bada" id="organism_Instance_33130" type="identity">
            <class id="NCBITaxon:10088" label="Mus"/>
            <span end="12644" id="15676071-5387" start="12639">mouse</span>
        </annotation>
        <annotation annotator="Mike Bada" id="organism_Instance_33134" type="identity">
            <class id="NCBITaxon:10088" label="Mus"/>
            <span end="14516" id="15676071-5389" start="14512">mice</span>
        </annotation>
        <annotation annotator="Mike Bada" id="organism_Instance_33142" type="identity">
            <class id="NCBITaxon:33208" label="Metazoa"/>
            <span end="19485" id="15676071-5391" start="19479">animal</span>
        </annotation>
        <annotation annotator="Mike Bada" id="organism_Instance_33146" type="identity">
            <class id="NCBITaxon:10088" label="Mus"/>
            <span end="20040" id="15676071-5393" start="20035">mouse</span>
        </annotation>
        <annotation annotator="Mike Bada" id="organism_Instance_33150" type="identity">
            <class id="NCBITaxon:10088" label="Mus"/>
            <span end="21010" id="15676071-5395" start="21006">mice</span>
        </annotation>
        <annotation annotator="Mike Bada" id="organism_Instance_33154" type="identity">
            <class id="NCBITaxon:10088" label="Mus"/>
            <span end="21468" id="15676071-5397" start="21464">mice</span>
        </annotation>
        <annotation annotator="Mike Bada" id="organism_Instance_33158" type="identity">
            <class id="NCBITaxon:33208" label="Metazoa"/>
            <span end="21546" id="15676071-5399" start="21539">animals</span>
        </annotation>
        <annotation annotator="Mike Bada" id="organism_Instance_33162" type="identity">
            <class id="NCBITaxon:10088" label="Mus"/>
            <span end="21617" id="15676071-5401" start="21613">mice</span>
        </annotation>
        <annotation annotator="Mike Bada" id="organism_Instance_33166" type="identity">
            <class id="NCBITaxon:7215" label="Drosophila"/>
            <span end="21879" id="15676071-5403" start="21869">Drosophila</span>
        </annotation>
        <annotation annotator="Mike Bada" id="organism_Instance_33170" type="identity">
            <class id="NCBITaxon:7215" label="Drosophila"/>
            <span end="21895" id="15676071-5405" start="21885">Drosophila</span>
        </annotation>
        <annotation annotator="Mike Bada" id="organism_Instance_33174" type="identity">
            <class id="NCBITaxon:7742" label="Vertebrata"/>
            <span end="22027" id="15676071-5407" start="22017">vertebrate</span>
        </annotation>
        <annotation annotator="Mike Bada" id="organism_Instance_33178" type="identity">
            <class id="NCBITaxon:10088" label="Mus"/>
            <span end="22140" id="15676071-5409" start="22136">mice</span>
        </annotation>
        <annotation annotator="Mike Bada" id="organism_Instance_33182" type="identity">
            <class id="NCBITaxon:7147" label="Diptera"/>
            <span end="22304" id="15676071-5411" start="22299">flies</span>
        </annotation>
        <annotation annotator="Mike Bada" id="organism_Instance_33186" type="identity">
            <class id="NCBITaxon:10114" label="Rattus"/>
            <span end="22881" id="15676071-5413" start="22878">rat</span>
        </annotation>
        <annotation annotator="Mike Bada" id="organism_Instance_33190" type="identity">
            <class id="NCBITaxon:7215" label="Drosophila"/>
            <span end="23290" id="15676071-5415" start="23280">Drosophila</span>
        </annotation>
        <annotation annotator="Mike Bada" id="organism_Instance_33194" type="identity">
            <class id="NCBITaxon:7215" label="Drosophila"/>
            <span end="23426" id="15676071-5417" start="23416">Drosophila</span>
        </annotation>
        <annotation annotator="Mike Bada" id="organism_Instance_33198" type="identity">
            <class id="NCBITaxon:7215" label="Drosophila"/>
            <span end="24496" id="15676071-5419" start="24486">Drosophila</span>
        </annotation>
        <annotation annotator="Mike Bada" id="organism_Instance_33202" type="identity">
            <class id="NCBITaxon:10088" label="Mus"/>
            <span end="24623" id="15676071-5421" start="24618">mouse</span>
        </annotation>
        <annotation annotator="Mike Bada" id="organism_Instance_33206" type="identity">
            <class id="NCBITaxon:10088" label="Mus"/>
            <span end="24653" id="15676071-5423" start="24648">mouse</span>
        </annotation>
        <annotation annotator="Mike Bada" id="organism_Instance_33210" type="identity">
            <class id="NCBITaxon:10088" label="Mus"/>
            <span end="25024" id="15676071-5425" start="25019">mouse</span>
        </annotation>
        <annotation annotator="Mike Bada" id="organism_Instance_33214" type="identity">
            <class id="NCBITaxon:10088" label="Mus"/>
            <span end="25133" id="15676071-5427" start="25128">mouse</span>
        </annotation>
        <annotation annotator="Mike Bada" id="organism_Instance_33218" type="identity">
            <class id="NCBITaxon:10088" label="Mus"/>
            <span end="25357" id="15676071-5429" start="25353">mice</span>
        </annotation>
        <annotation annotator="Mike Bada" id="organism_Instance_33222" type="identity">
            <class id="NCBITaxon:10088" label="Mus"/>
            <span end="25655" id="15676071-5431" start="25651">mice</span>
        </annotation>
        <annotation annotator="Mike Bada" id="organism_Instance_33226" type="identity">
            <class id="NCBITaxon:10088" label="Mus"/>
            <span end="25723" id="15676071-5433" start="25719">mice</span>
        </annotation>
        <annotation annotator="Mike Bada" id="organism_Instance_33234" type="identity">
            <class id="NCBITaxon:10088" label="Mus"/>
            <span end="26981" id="15676071-5435" start="26976">mouse</span>
        </annotation>
        <annotation annotator="Mike Bada" id="organism_Instance_180683" type="identity">
            <class id="NCBITaxon:6239" label="Caenorhabditis elegans"/>
            <span end="27437" id="15676071-5355" start="27427">C. elegans</span>
        </annotation>
        <annotation annotator="Mike Bada" id="organism_Instance_33238" type="identity">
            <class id="NCBITaxon:10088" label="Mus"/>
            <span end="28241" id="15676071-5437" start="28236">mouse</span>
        </annotation>
        <annotation annotator="Mike Bada" id="organism_Instance_33242" type="identity">
            <class id="NCBITaxon:10088" label="Mus"/>
            <span end="28292" id="15676071-5439" start="28288">mice</span>
        </annotation>
        <annotation annotator="Mike Bada" id="organism_Instance_33246" type="identity">
            <class id="NCBITaxon:10088" label="Mus"/>
            <span end="28335" id="15676071-5441" start="28331">mice</span>
        </annotation>
        <annotation annotator="Mike Bada" id="organism_Instance_33250" type="identity">
            <class id="NCBITaxon:10088" label="Mus"/>
            <span end="28435" id="15676071-5443" start="28431">mice</span>
        </annotation>
        <annotation annotator="Mike Bada" id="organism_Instance_33254" type="identity">
            <class id="NCBITaxon:10088" label="Mus"/>
            <span end="28621" id="15676071-5445" start="28617">mice</span>
        </annotation>
        <annotation annotator="Mike Bada" id="organism_Instance_33262" type="identity">
            <class id="NCBITaxon:10088" label="Mus"/>
            <span end="29149" id="15676071-5447" start="29145">mice</span>
        </annotation>
        <annotation annotator="Mike Bada" id="organism_Instance_33266" type="identity">
            <class id="NCBITaxon:9606" label="Homo sapiens"/>
            <span end="29247" id="15676071-5449" start="29242">human</span>
        </annotation>
        <annotation annotator="Mike Bada" id="organism_Instance_33270" type="identity">
            <class id="NCBITaxon:9606" label="Homo sapiens"/>
            <span end="29700" id="15676071-5451" start="29695">human</span>
        </annotation>
        <annotation annotator="Mike Bada" id="organism_Instance_33274" type="identity">
            <class id="NCBITaxon:10088" label="Mus"/>
            <span end="30364" id="15676071-5453" start="30359">mouse</span>
        </annotation>
        <annotation annotator="Mike Bada" id="organism_Instance_33278" type="identity">
            <class id="NCBITaxon:9606" label="Homo sapiens"/>
            <span end="30573" id="15676071-5455" start="30568">human</span>
        </annotation>
        <annotation annotator="Mike Bada" id="organism_Instance_33282" type="identity">
            <class id="NCBITaxon:33208" label="Metazoa"/>
            <span end="30694" id="15676071-5457" start="30688">animal</span>
        </annotation>
        <annotation annotator="Mike Bada" id="organism_Instance_33286" type="identity">
            <class id="NCBITaxon:9606" label="Homo sapiens"/>
            <span end="30845" id="15676071-5459" start="30840">human</span>
        </annotation>
        <annotation annotator="Mike Bada" id="organism_Instance_33290" type="identity">
            <class id="NCBITaxon:9606" label="Homo sapiens"/>
            <span end="30873" id="15676071-5461" start="30868">human</span>
        </annotation>
        <annotation annotator="Mike Bada" id="organism_Instance_33294" type="identity">
            <class id="NCBITaxon:9606" label="Homo sapiens"/>
            <span end="31317" id="15676071-5463" start="31312">human</span>
        </annotation>
        <annotation annotator="Mike Bada" id="organism_Instance_33298" type="identity">
            <class id="NCBITaxon:33208" label="Metazoa"/>
            <span end="31398" id="15676071-5465" start="31392">animal</span>
        </annotation>
        <annotation annotator="Mike Bada" id="organism_Instance_180704" type="identity">
            <class id="NCBITaxon:10088" label="Mus"/>
            <span end="31596" id="15676071-5357" start="31592">Mice</span>
        </annotation>
        <annotation annotator="Mike Bada" id="organism_Instance_33302" type="identity">
            <class id="NCBITaxon:10088" label="Mus"/>
            <span end="31609" id="15676071-5467" start="31605">mice</span>
        </annotation>
        <annotation annotator="Mike Bada" id="organism_Instance_33306" type="identity">
            <class id="NCBITaxon:10088" label="Mus"/>
            <span end="31671" id="15676071-5469" start="31667">mice</span>
        </annotation>
        <annotation annotator="Mike Bada" id="organism_Instance_33310" type="identity">
            <class id="NCBITaxon:10088" label="Mus"/>
            <span end="31743" id="15676071-5471" start="31739">mice</span>
        </annotation>
        <annotation annotator="Mike Bada" id="organism_Instance_33314" type="identity">
            <class id="NCBITaxon:10088" label="Mus"/>
            <span end="33834" id="15676071-5473" start="33829">mouse</span>
        </annotation>
        <graph-space id="Old Knowtator Relations"/>
    </document>
</knowtator-project>
