<?xml version="1.0" encoding="UTF-8" standalone="no"?>
<knowtator-project>
  <document id="15917436" text-file="15917436.txt">
    <annotation annotator="Mike Bada" id="organism_Instance_36904" type="identity">
      <class id="NCBITaxon:10088" label="Mus"/>
      <span end="41" id="15917436-6667" start="36">mouse</span>
    </annotation>
    <annotation annotator="Mike Bada" id="organism_Instance_36908" type="identity">
      <class id="NCBITaxon:40674" label="Mammalia"/>
      <span end="224" id="15917436-6669" start="215">mammalian</span>
    </annotation>
    <annotation annotator="Mike Bada" id="organism_Instance_36912" type="identity">
      <class id="NCBITaxon:40674" label="Mammalia"/>
      <span end="1313" id="15917436-6671" start="1304">mammalian</span>
    </annotation>
    <annotation annotator="Mike Bada" id="organism_Instance_36916" type="identity">
      <class id="NCBITaxon:2759" label="Eukaryota"/>
      <span end="1502" id="15917436-6673" start="1492">eukaryotic</span>
    </annotation>
    <annotation annotator="Mike Bada" id="organism_Instance_191161" type="identity">
      <class id="NCBITaxon:10633" label="Macaca mulatta polyomavirus 1"/>
      <span end="2000" id="15917436-6634" start="1985">simian virus 40</span>
    </annotation>
    <annotation annotator="Mike Bada" id="organism_Instance_191166" type="identity">
      <class id="NCBITaxon:562" label="Escherichia coli"/>
      <span end="2038" id="15917436-6636" start="2022">Escherichia coli</span>
    </annotation>
    <annotation annotator="Mike Bada" id="organism_Instance_191171" type="identity">
      <class id="NCBITaxon:2157" label="Archaea"/>
      <span end="2060" id="15917436-6638" start="2052">Archaeal</span>
    </annotation>
    <annotation annotator="Mike Bada" id="organism_Instance_36924" type="identity">
      <class id="NCBITaxon:2759" label="Eukaryota"/>
      <span end="2129" id="15917436-6675" start="2119">eukaryotic</span>
    </annotation>
    <annotation annotator="Mike Bada" id="organism_Instance_191178" type="identity">
      <class id="NCBITaxon:4932" label="Saccharomyces cerevisiae"/>
      <span end="2852" id="15917436-6640" start="2828">Saccharomyces cerevisiae</span>
    </annotation>
    <annotation annotator="Mike Bada" id="organism_Instance_191183" type="identity">
      <class id="NCBITaxon:4896" label="Schizosaccharomyces pombe"/>
      <span end="3072" id="15917436-6642" start="3047">Schizosaccharomyces pombe</span>
    </annotation>
    <annotation annotator="Mike Bada" id="organism_Instance_36928" type="identity">
      <class id="NCBITaxon:10088" label="Mus"/>
      <span end="3082" id="15917436-6677" start="3077">mouse</span>
    </annotation>
    <annotation annotator="Mike Bada" id="organism_Instance_36932" type="identity">
      <class id="NCBITaxon:40674" label="Mammalia"/>
      <span end="3443" id="15917436-6679" start="3434">mammalian</span>
    </annotation>
    <annotation annotator="Mike Bada" id="organism_Instance_36936" type="identity">
      <class id="NCBITaxon:2759" label="Eukaryota"/>
      <span end="3660" id="15917436-6681" start="3650">eukaryotes</span>
    </annotation>
    <annotation annotator="Mike Bada" id="organism_Instance_36940" type="identity">
      <class id="NCBITaxon:10088" label="Mus"/>
      <span end="3900" id="15917436-6683" start="3895">mouse</span>
    </annotation>
    <annotation annotator="Mike Bada" id="organism_Instance_36944" type="identity">
      <class id="NCBITaxon:40674" label="Mammalia"/>
      <span end="4241" id="15917436-6685" start="4232">mammalian</span>
    </annotation>
    <annotation annotator="Mike Bada" id="organism_Instance_241159" type="identity">
      <class id="NCBITaxon:10665" label="Escherichia virus T4"/>
      <span end="4786" id="15917436-6665" start="4784">T4</span>
    </annotation>
    <annotation annotator="Mike Bada" id="organism_Instance_36952" type="identity">
      <class id="NCBITaxon:10633" label="Macaca mulatta polyomavirus 1"/>
      <span end="4965" id="15917436-6687" start="4961">SV40</span>
    </annotation>
    <annotation annotator="Mike Bada" id="organism_Instance_191218" type="identity">
      <class id="NCBITaxon:10442" label="Baculoviridae"/>
      <span end="5005" id="15917436-6644" start="4994">baculovirus</span>
    </annotation>
    <annotation annotator="Mike Bada" id="organism_Instance_36956" type="identity">
      <class id="NCBITaxon:6960" label="Hexapoda"/>
      <span end="5021" id="15917436-6689" start="5015">insect</span>
    </annotation>
    <annotation annotator="Mike Bada" id="organism_Instance_36960" type="identity">
      <class id="NCBITaxon:10088" label="Mus"/>
      <span end="5344" id="15917436-6691" start="5339">mouse</span>
    </annotation>
    <annotation annotator="Mike Bada" id="organism_Instance_191225" type="identity">
      <class id="NCBITaxon:10442" label="Baculoviridae"/>
      <span end="5392" id="15917436-6646" start="5379">baculoviruses</span>
    </annotation>
    <annotation annotator="Mike Bada" id="organism_Instance_36964" type="identity">
      <class id="NCBITaxon:6960" label="Hexapoda"/>
      <span end="5497" id="15917436-6693" start="5491">insect</span>
    </annotation>
    <annotation annotator="Mike Bada" id="organism_Instance_191231" type="identity">
      <class id="NCBITaxon:10442" label="Baculoviridae"/>
      <span end="5728" id="15917436-6648" start="5715">baculoviruses</span>
    </annotation>
    <annotation annotator="Mike Bada" id="organism_Instance_36972" type="identity">
      <class id="NCBITaxon:10633" label="Macaca mulatta polyomavirus 1"/>
      <span end="12741" id="15917436-6695" start="12737">SV40</span>
    </annotation>
    <annotation annotator="Mike Bada" id="organism_Instance_191253" type="identity">
      <class id="NCBITaxon:2157" label="Archaea"/>
      <span end="19350" id="15917436-6650" start="19342">archaeal</span>
    </annotation>
    <annotation annotator="Mike Bada" id="organism_Instance_191258" type="identity">
      <class id="NCBITaxon:4894" label="Schizosaccharomycetaceae"/>
      <span end="19385" id="15917436-6652" start="19378">fission</span>
      <span end="19403" id="15917436-6653" start="19398">yeast</span>
    </annotation>
    <annotation annotator="Mike Bada" id="organism_Instance_36976" type="identity">
      <class id="NCBITaxon:4892" label="Saccharomycetales"/>
      <span end="19403" id="15917436-6697" start="19390">budding yeast</span>
    </annotation>
    <annotation annotator="Mike Bada" id="organism_Instance_36980" type="identity">
      <class id="NCBITaxon:10088" label="Mus"/>
      <span end="19569" id="15917436-6699" start="19564">mouse</span>
    </annotation>
    <annotation annotator="Mike Bada" id="organism_Instance_36988" type="identity">
      <class id="NCBITaxon:40674" label="Mammalia"/>
      <span end="20543" id="15917436-6701" start="20534">mammalian</span>
    </annotation>
    <annotation annotator="Mike Bada" id="organism_Instance_36992" type="identity">
      <class id="NCBITaxon:10088" label="Mus"/>
      <span end="21060" id="15917436-6703" start="21055">mouse</span>
    </annotation>
    <annotation annotator="Mike Bada" id="organism_Instance_36996" type="identity">
      <class id="NCBITaxon:9606" label="Homo sapiens"/>
      <span end="22827" id="15917436-6705" start="22822">human</span>
    </annotation>
    <annotation annotator="Mike Bada" id="organism_Instance_37000" type="identity">
      <class id="NCBITaxon:9606" label="Homo sapiens"/>
      <span end="23307" id="15917436-6707" start="23302">human</span>
    </annotation>
    <annotation annotator="Mike Bada" id="organism_Instance_37004" type="identity">
      <class id="NCBITaxon:10633" label="Macaca mulatta polyomavirus 1"/>
      <span end="25534" id="15917436-6709" start="25530">SV40</span>
    </annotation>
    <annotation annotator="Mike Bada" id="organism_Instance_37008" type="identity">
      <class id="NCBITaxon:2759" label="Eukaryota"/>
      <span end="28510" id="15917436-6711" start="28500">eukaryotic</span>
    </annotation>
    <annotation annotator="Mike Bada" id="organism_Instance_37012" type="identity">
      <class id="NCBITaxon:10088" label="Mus"/>
      <span end="28625" id="15917436-6713" start="28620">mouse</span>
    </annotation>
    <annotation annotator="Mike Bada" id="organism_Instance_37016" type="identity">
      <class id="NCBITaxon:2" label="Bacteria"/>
      <span end="28994" id="15917436-6715" start="28986">bacteria</span>
    </annotation>
    <annotation annotator="Mike Bada" id="organism_Instance_37024" type="identity">
      <class id="NCBITaxon:10633" label="Macaca mulatta polyomavirus 1"/>
      <span end="29750" id="15917436-6717" start="29746">SV40</span>
    </annotation>
    <annotation annotator="Mike Bada" id="organism_Instance_37028" type="identity">
      <class id="NCBITaxon:10088" label="Mus"/>
      <span end="30813" id="15917436-6719" start="30808">mouse</span>
    </annotation>
    <annotation annotator="Mike Bada" id="organism_Instance_191291" type="identity">
      <class id="NCBITaxon:2157" label="Archaea"/>
      <span end="30824" id="15917436-6655" start="30818">archea</span>
    </annotation>
    <annotation annotator="Mike Bada" id="organism_Instance_37036" type="identity">
      <class id="NCBITaxon:10633" label="Macaca mulatta polyomavirus 1"/>
      <span end="30931" id="15917436-6721" start="30927">SV40</span>
    </annotation>
    <annotation annotator="Mike Bada" id="organism_Instance_37040" type="identity">
      <class id="NCBITaxon:10088" label="Mus"/>
      <span end="31014" id="15917436-6723" start="31009">mouse</span>
    </annotation>
    <annotation annotator="Mike Bada" id="organism_Instance_37044" type="identity">
      <class id="NCBITaxon:10088" label="Mus"/>
      <span end="31706" id="15917436-6725" start="31701">mouse</span>
    </annotation>
    <annotation annotator="Mike Bada" id="organism_Instance_191300" type="identity">
      <class id="NCBITaxon:2157" label="Archaea"/>
      <span end="31764" id="15917436-6657" start="31756">archaeal</span>
    </annotation>
    <annotation annotator="Mike Bada" id="organism_Instance_191305" type="identity">
      <class id="NCBITaxon:4896" label="Schizosaccharomyces pombe"/>
      <span end="31810" id="15917436-6659" start="31803">S.pombe</span>
    </annotation>
    <annotation annotator="Mike Bada" id="organism_Instance_191310" type="identity">
      <class id="NCBITaxon:4932" label="Saccharomyces cerevisiae"/>
      <span end="31827" id="15917436-6661" start="31815">S.cerevisiae</span>
    </annotation>
    <annotation annotator="Mike Bada" id="organism_Instance_191320" type="identity">
      <class id="NCBITaxon:2157" label="Archaea"/>
      <span end="31852" id="15917436-6663" start="31844">archaeal</span>
    </annotation>
    <annotation annotator="Mike Bada" id="organism_Instance_37048" type="identity">
      <class id="NCBITaxon:2759" label="Eukaryota"/>
      <span end="31893" id="15917436-6727" start="31883">eukaryotic</span>
    </annotation>
    <annotation annotator="Mike Bada" id="organism_Instance_37056" type="identity">
      <class id="NCBITaxon:40674" label="Mammalia"/>
      <span end="32091" id="15917436-6729" start="32082">mammalian</span>
    </annotation>
    <annotation annotator="Mike Bada" id="organism_Instance_37060" type="identity">
      <class id="NCBITaxon:40674" label="Mammalia"/>
      <span end="32325" id="15917436-6731" start="32316">mammalian</span>
    </annotation>
    <annotation annotator="Mike Bada" id="organism_Instance_37064" type="identity">
      <class id="NCBITaxon:9606" label="Homo sapiens"/>
      <span end="32405" id="15917436-6733" start="32400">human</span>
    </annotation>
    <annotation annotator="Mike Bada" id="organism_Instance_37068" type="identity">
      <class id="NCBITaxon:10633" label="Macaca mulatta polyomavirus 1"/>
      <span end="34599" id="15917436-6735" start="34595">SV40</span>
    </annotation>
    <annotation annotator="Mike Bada" id="organism_Instance_37072" type="identity">
      <class id="NCBITaxon:40674" label="Mammalia"/>
      <span end="36094" id="15917436-6737" start="36085">mammalian</span>
    </annotation>
    <annotation annotator="Mike Bada" id="organism_Instance_37076" type="identity">
      <class id="NCBITaxon:2759" label="Eukaryota"/>
      <span end="36169" id="15917436-6739" start="36159">eukaryotic</span>
    </annotation>
    <annotation annotator="Mike Bada" id="organism_Instance_37080" type="identity">
      <class id="NCBITaxon:10088" label="Mus"/>
      <span end="39859" id="15917436-6741" start="39854">mouse</span>
    </annotation>
    <annotation annotator="Mike Bada" id="organism_Instance_37084" type="identity">
      <class id="NCBITaxon:10088" label="Mus"/>
      <span end="40012" id="15917436-6743" start="40007">mouse</span>
    </annotation>
    <annotation annotator="Mike Bada" id="organism_Instance_37088" type="identity">
      <class id="NCBITaxon:9606" label="Homo sapiens"/>
      <span end="43292" id="15917436-6745" start="43287">human</span>
    </annotation>
    <annotation annotator="Mike Bada" id="organism_Instance_37092" type="identity">
      <class id="NCBITaxon:10633" label="Macaca mulatta polyomavirus 1"/>
      <span end="44338" id="15917436-6747" start="44334">SV40</span>
    </annotation>
    <graph-space id="Old Knowtator Relations"/>
  </document>
</knowtator-project>
