<?xml version="1.0" encoding="UTF-8" standalone="no"?>
<knowtator-project>
  <document id="15921521" text-file="15921521.txt">
    <annotation annotator="Mike Bada" id="organism_Instance_37098" type="identity">
      <class id="NCBITaxon:10088" label="Mus"/>
      <span end="93" id="15921521-6767" start="88">mouse</span>
    </annotation>
    <annotation annotator="Mike Bada" id="organism_Instance_37102" type="identity">
      <class id="NCBITaxon:10088" label="Mus"/>
      <span end="386" id="15921521-6769" start="382">mice</span>
    </annotation>
    <annotation annotator="Mike Bada" id="organism_Instance_37106" type="identity">
      <class id="NCBITaxon:10088" label="Mus"/>
      <span end="395" id="15921521-6771" start="391">mice</span>
    </annotation>
    <annotation annotator="Mike Bada" id="organism_Instance_37110" type="identity">
      <class id="NCBITaxon:10088" label="Mus"/>
      <span end="626" id="15921521-6773" start="622">mice</span>
    </annotation>
    <annotation annotator="Mike Bada" id="organism_Instance_37114" type="identity">
      <class id="NCBITaxon:10088" label="Mus"/>
      <span end="678" id="15921521-6775" start="674">mice</span>
    </annotation>
    <annotation annotator="Mike Bada" id="organism_Instance_37118" type="identity">
      <class id="NCBITaxon:10088" label="Mus"/>
      <span end="708" id="15921521-6777" start="703">mouse</span>
    </annotation>
    <annotation annotator="Mike Bada" id="organism_Instance_37122" type="identity">
      <class id="NCBITaxon:10088" label="Mus"/>
      <span end="913" id="15921521-6779" start="909">mice</span>
    </annotation>
    <annotation annotator="Mike Bada" id="organism_Instance_37126" type="identity">
      <class id="NCBITaxon:10088" label="Mus"/>
      <span end="995" id="15921521-6781" start="991">mice</span>
    </annotation>
    <annotation annotator="Mike Bada" id="organism_Instance_37130" type="identity">
      <class id="NCBITaxon:10088" label="Mus"/>
      <span end="1093" id="15921521-6783" start="1089">mice</span>
    </annotation>
    <annotation annotator="Mike Bada" id="organism_Instance_37134" type="identity">
      <class id="NCBITaxon:10088" label="Mus"/>
      <span end="1175" id="15921521-6785" start="1170">mouse</span>
    </annotation>
    <annotation annotator="Mike Bada" id="organism_Instance_37138" type="identity">
      <class id="NCBITaxon:10088" label="Mus"/>
      <span end="1977" id="15921521-6787" start="1972">mouse</span>
    </annotation>
    <annotation annotator="Mike Bada" id="organism_Instance_37142" type="identity">
      <class id="NCBITaxon:33208" label="Metazoa"/>
      <span end="2004" id="15921521-6789" start="1998">animal</span>
    </annotation>
    <annotation annotator="Mike Bada" id="organism_Instance_37146" type="identity">
      <class id="NCBITaxon:9606" label="Homo sapiens"/>
      <span end="2510" id="15921521-6791" start="2505">human</span>
    </annotation>
    <annotation annotator="Mike Bada" id="organism_Instance_37150" type="identity">
      <class id="NCBITaxon:9606" label="Homo sapiens"/>
      <span end="4116" id="15921521-6793" start="4111">human</span>
    </annotation>
    <annotation annotator="Mike Bada" id="organism_Instance_37154" type="identity">
      <class id="NCBITaxon:10088" label="Mus"/>
      <span end="4154" id="15921521-6795" start="4150">mice</span>
    </annotation>
    <annotation annotator="Mike Bada" id="organism_Instance_37158" type="identity">
      <class id="NCBITaxon:10088" label="Mus"/>
      <span end="4279" id="15921521-6797" start="4275">mice</span>
    </annotation>
    <annotation annotator="Mike Bada" id="organism_Instance_37162" type="identity">
      <class id="NCBITaxon:10088" label="Mus"/>
      <span end="4331" id="15921521-6799" start="4326">mouse</span>
    </annotation>
    <annotation annotator="Mike Bada" id="organism_Instance_37166" type="identity">
      <class id="NCBITaxon:9606" label="Homo sapiens"/>
      <span end="4556" id="15921521-6801" start="4551">human</span>
    </annotation>
    <annotation annotator="Mike Bada" id="organism_Instance_37170" type="identity">
      <class id="NCBITaxon:10088" label="Mus"/>
      <span end="4680" id="15921521-6803" start="4675">mouse</span>
    </annotation>
    <annotation annotator="Mike Bada" id="organism_Instance_37174" type="identity">
      <class id="NCBITaxon:10088" label="Mus"/>
      <span end="4817" id="15921521-6805" start="4812">mouse</span>
    </annotation>
    <annotation annotator="Mike Bada" id="organism_Instance_37178" type="identity">
      <class id="NCBITaxon:10088" label="Mus"/>
      <span end="4936" id="15921521-6807" start="4932">mice</span>
    </annotation>
    <annotation annotator="Mike Bada" id="organism_Instance_37182" type="identity">
      <class id="NCBITaxon:10088" label="Mus"/>
      <span end="5031" id="15921521-6809" start="5027">mice</span>
    </annotation>
    <annotation annotator="Mike Bada" id="organism_Instance_37186" type="identity">
      <class id="NCBITaxon:10088" label="Mus"/>
      <span end="5139" id="15921521-6811" start="5135">mice</span>
    </annotation>
    <annotation annotator="Mike Bada" id="organism_Instance_37190" type="identity">
      <class id="NCBITaxon:10088" label="Mus"/>
      <span end="5188" id="15921521-6813" start="5184">mice</span>
    </annotation>
    <annotation annotator="Mike Bada" id="organism_Instance_37194" type="identity">
      <class id="NCBITaxon:10088" label="Mus"/>
      <span end="5244" id="15921521-6815" start="5240">mice</span>
    </annotation>
    <annotation annotator="Mike Bada" id="organism_Instance_37198" type="identity">
      <class id="NCBITaxon:10088" label="Mus"/>
      <span end="5595" id="15921521-6817" start="5591">mice</span>
    </annotation>
    <annotation annotator="Mike Bada" id="organism_Instance_37202" type="identity">
      <class id="NCBITaxon:10088" label="Mus"/>
      <span end="5699" id="15921521-6819" start="5695">mice</span>
    </annotation>
    <annotation annotator="Mike Bada" id="organism_Instance_37206" type="identity">
      <class id="NCBITaxon:10088" label="Mus"/>
      <span end="5767" id="15921521-6821" start="5763">mice</span>
    </annotation>
    <annotation annotator="Mike Bada" id="organism_Instance_37210" type="identity">
      <class id="NCBITaxon:10088" label="Mus"/>
      <span end="5809" id="15921521-6823" start="5805">mice</span>
    </annotation>
    <annotation annotator="Mike Bada" id="organism_Instance_37214" type="identity">
      <class id="NCBITaxon:10088" label="Mus"/>
      <span end="5882" id="15921521-6825" start="5878">mice</span>
    </annotation>
    <annotation annotator="Mike Bada" id="organism_Instance_37218" type="identity">
      <class id="NCBITaxon:10088" label="Mus"/>
      <span end="5957" id="15921521-6827" start="5953">mice</span>
    </annotation>
    <annotation annotator="Mike Bada" id="organism_Instance_37222" type="identity">
      <class id="NCBITaxon:10088" label="Mus"/>
      <span end="6029" id="15921521-6829" start="6025">mice</span>
    </annotation>
    <annotation annotator="Mike Bada" id="organism_Instance_37226" type="identity">
      <class id="NCBITaxon:10088" label="Mus"/>
      <span end="6100" id="15921521-6831" start="6096">mice</span>
    </annotation>
    <annotation annotator="Mike Bada" id="organism_Instance_37230" type="identity">
      <class id="NCBITaxon:10088" label="Mus"/>
      <span end="6226" id="15921521-6833" start="6222">mice</span>
    </annotation>
    <annotation annotator="Mike Bada" id="organism_Instance_37234" type="identity">
      <class id="NCBITaxon:10088" label="Mus"/>
      <span end="6404" id="15921521-6835" start="6400">mice</span>
    </annotation>
    <annotation annotator="Mike Bada" id="organism_Instance_37238" type="identity">
      <class id="NCBITaxon:10088" label="Mus"/>
      <span end="6482" id="15921521-6837" start="6478">mice</span>
    </annotation>
    <annotation annotator="Mike Bada" id="organism_Instance_37242" type="identity">
      <class id="NCBITaxon:10088" label="Mus"/>
      <span end="6512" id="15921521-6839" start="6508">mice</span>
    </annotation>
    <annotation annotator="Mike Bada" id="organism_Instance_37246" type="identity">
      <class id="NCBITaxon:10088" label="Mus"/>
      <span end="6919" id="15921521-6841" start="6915">mice</span>
    </annotation>
    <annotation annotator="Mike Bada" id="organism_Instance_37250" type="identity">
      <class id="NCBITaxon:10088" label="Mus"/>
      <span end="7026" id="15921521-6843" start="7022">mice</span>
    </annotation>
    <annotation annotator="Mike Bada" id="organism_Instance_37254" type="identity">
      <class id="NCBITaxon:10088" label="Mus"/>
      <span end="7349" id="15921521-6845" start="7345">mice</span>
    </annotation>
    <annotation annotator="Mike Bada" id="organism_Instance_37258" type="identity">
      <class id="NCBITaxon:10088" label="Mus"/>
      <span end="7514" id="15921521-6847" start="7509">mouse</span>
    </annotation>
    <annotation annotator="Mike Bada" id="organism_Instance_37262" type="identity">
      <class id="NCBITaxon:10088" label="Mus"/>
      <span end="7654" id="15921521-6849" start="7649">mouse</span>
    </annotation>
    <annotation annotator="Mike Bada" id="organism_Instance_37266" type="identity">
      <class id="NCBITaxon:10088" label="Mus"/>
      <span end="8024" id="15921521-6851" start="8019">mouse</span>
    </annotation>
    <annotation annotator="Mike Bada" id="organism_Instance_37270" type="identity">
      <class id="NCBITaxon:10088" label="Mus"/>
      <span end="8597" id="15921521-6853" start="8593">mice</span>
    </annotation>
    <annotation annotator="Mike Bada" id="organism_Instance_37274" type="identity">
      <class id="NCBITaxon:10088" label="Mus"/>
      <span end="8862" id="15921521-6855" start="8858">mice</span>
    </annotation>
    <annotation annotator="Mike Bada" id="organism_Instance_37278" type="identity">
      <class id="NCBITaxon:10088" label="Mus"/>
      <span end="9056" id="15921521-6857" start="9052">mice</span>
    </annotation>
    <annotation annotator="Mike Bada" id="organism_Instance_37282" type="identity">
      <class id="NCBITaxon:10088" label="Mus"/>
      <span end="9219" id="15921521-6859" start="9215">mice</span>
    </annotation>
    <annotation annotator="Mike Bada" id="organism_Instance_37286" type="identity">
      <class id="NCBITaxon:10088" label="Mus"/>
      <span end="9523" id="15921521-6861" start="9519">mice</span>
    </annotation>
    <annotation annotator="Mike Bada" id="organism_Instance_37290" type="identity">
      <class id="NCBITaxon:10088" label="Mus"/>
      <span end="9643" id="15921521-6863" start="9639">mice</span>
    </annotation>
    <annotation annotator="Mike Bada" id="organism_Instance_37294" type="identity">
      <class id="NCBITaxon:10088" label="Mus"/>
      <span end="9860" id="15921521-6865" start="9855">mouse</span>
    </annotation>
    <annotation annotator="Mike Bada" id="organism_Instance_37298" type="identity">
      <class id="NCBITaxon:10088" label="Mus"/>
      <span end="10070" id="15921521-6867" start="10066">mice</span>
    </annotation>
    <annotation annotator="Mike Bada" id="organism_Instance_37302" type="identity">
      <class id="NCBITaxon:10088" label="Mus"/>
      <span end="10343" id="15921521-6869" start="10339">mice</span>
    </annotation>
    <annotation annotator="Mike Bada" id="organism_Instance_37306" type="identity">
      <class id="NCBITaxon:10088" label="Mus"/>
      <span end="10385" id="15921521-6871" start="10381">mice</span>
    </annotation>
    <annotation annotator="Mike Bada" id="organism_Instance_37310" type="identity">
      <class id="NCBITaxon:33208" label="Metazoa"/>
      <span end="10704" id="15921521-6873" start="10697">animals</span>
    </annotation>
    <annotation annotator="Mike Bada" id="organism_Instance_37314" type="identity">
      <class id="NCBITaxon:10088" label="Mus"/>
      <span end="10757" id="15921521-6875" start="10753">mice</span>
    </annotation>
    <annotation annotator="Mike Bada" id="organism_Instance_37318" type="identity">
      <class id="NCBITaxon:10088" label="Mus"/>
      <span end="10880" id="15921521-6877" start="10875">mouse</span>
    </annotation>
    <annotation annotator="Mike Bada" id="organism_Instance_37322" type="identity">
      <class id="NCBITaxon:10088" label="Mus"/>
      <span end="11030" id="15921521-6879" start="11026">mice</span>
    </annotation>
    <annotation annotator="Mike Bada" id="organism_Instance_37326" type="identity">
      <class id="NCBITaxon:10088" label="Mus"/>
      <span end="11564" id="15921521-6881" start="11560">mice</span>
    </annotation>
    <annotation annotator="Mike Bada" id="organism_Instance_37330" type="identity">
      <class id="NCBITaxon:10088" label="Mus"/>
      <span end="11676" id="15921521-6883" start="11672">mice</span>
    </annotation>
    <annotation annotator="Mike Bada" id="organism_Instance_37334" type="identity">
      <class id="NCBITaxon:10088" label="Mus"/>
      <span end="11741" id="15921521-6885" start="11737">mice</span>
    </annotation>
    <annotation annotator="Mike Bada" id="organism_Instance_37338" type="identity">
      <class id="NCBITaxon:10088" label="Mus"/>
      <span end="11806" id="15921521-6887" start="11802">mice</span>
    </annotation>
    <annotation annotator="Mike Bada" id="organism_Instance_37342" type="identity">
      <class id="NCBITaxon:10088" label="Mus"/>
      <span end="11854" id="15921521-6889" start="11849">mouse</span>
    </annotation>
    <annotation annotator="Mike Bada" id="organism_Instance_37346" type="identity">
      <class id="NCBITaxon:10088" label="Mus"/>
      <span end="11863" id="15921521-6891" start="11858">mouse</span>
    </annotation>
    <annotation annotator="Mike Bada" id="organism_Instance_37350" type="identity">
      <class id="NCBITaxon:10088" label="Mus"/>
      <span end="11877" id="15921521-6893" start="11873">mice</span>
    </annotation>
    <annotation annotator="Mike Bada" id="organism_Instance_37354" type="identity">
      <class id="NCBITaxon:10088" label="Mus"/>
      <span end="11990" id="15921521-6895" start="11986">mice</span>
    </annotation>
    <annotation annotator="Mike Bada" id="organism_Instance_37358" type="identity">
      <class id="NCBITaxon:10088" label="Mus"/>
      <span end="12115" id="15921521-6897" start="12111">mice</span>
    </annotation>
    <annotation annotator="Mike Bada" id="organism_Instance_37362" type="identity">
      <class id="NCBITaxon:10088" label="Mus"/>
      <span end="12297" id="15921521-6899" start="12293">mice</span>
    </annotation>
    <annotation annotator="Mike Bada" id="organism_Instance_37366" type="identity">
      <class id="NCBITaxon:10088" label="Mus"/>
      <span end="12393" id="15921521-6901" start="12389">mice</span>
    </annotation>
    <annotation annotator="Mike Bada" id="organism_Instance_37370" type="identity">
      <class id="NCBITaxon:10088" label="Mus"/>
      <span end="12498" id="15921521-6903" start="12494">mice</span>
    </annotation>
    <annotation annotator="Mike Bada" id="organism_Instance_37374" type="identity">
      <class id="NCBITaxon:10088" label="Mus"/>
      <span end="13057" id="15921521-6905" start="13053">mice</span>
    </annotation>
    <annotation annotator="Mike Bada" id="organism_Instance_37378" type="identity">
      <class id="NCBITaxon:10088" label="Mus"/>
      <span end="13201" id="15921521-6907" start="13197">mice</span>
    </annotation>
    <annotation annotator="Mike Bada" id="organism_Instance_37382" type="identity">
      <class id="NCBITaxon:10088" label="Mus"/>
      <span end="13346" id="15921521-6909" start="13342">mice</span>
    </annotation>
    <annotation annotator="Mike Bada" id="organism_Instance_37386" type="identity">
      <class id="NCBITaxon:10088" label="Mus"/>
      <span end="13843" id="15921521-6911" start="13839">mice</span>
    </annotation>
    <annotation annotator="Mike Bada" id="organism_Instance_37390" type="identity">
      <class id="NCBITaxon:10088" label="Mus"/>
      <span end="13969" id="15921521-6913" start="13965">mice</span>
    </annotation>
    <annotation annotator="Mike Bada" id="organism_Instance_37394" type="identity">
      <class id="NCBITaxon:10088" label="Mus"/>
      <span end="14432" id="15921521-6915" start="14428">mice</span>
    </annotation>
    <annotation annotator="Mike Bada" id="organism_Instance_37398" type="identity">
      <class id="NCBITaxon:10088" label="Mus"/>
      <span end="14546" id="15921521-6917" start="14542">mice</span>
    </annotation>
    <annotation annotator="Mike Bada" id="organism_Instance_37402" type="identity">
      <class id="NCBITaxon:10088" label="Mus"/>
      <span end="14729" id="15921521-6919" start="14725">mice</span>
    </annotation>
    <annotation annotator="Mike Bada" id="organism_Instance_37406" type="identity">
      <class id="NCBITaxon:10088" label="Mus"/>
      <span end="14911" id="15921521-6921" start="14907">mice</span>
    </annotation>
    <annotation annotator="Mike Bada" id="organism_Instance_37410" type="identity">
      <class id="NCBITaxon:10088" label="Mus"/>
      <span end="15120" id="15921521-6923" start="15116">mice</span>
    </annotation>
    <annotation annotator="Mike Bada" id="organism_Instance_191436" type="identity">
      <class id="NCBITaxon:10088" label="Mus"/>
      <span end="15336" id="15921521-6753" start="15332">mice</span>
    </annotation>
    <annotation annotator="Mike Bada" id="organism_Instance_191431" type="identity">
      <class id="NCBITaxon:10088" label="Mus"/>
      <span end="15397" id="15921521-6751" start="15393">mice</span>
    </annotation>
    <annotation annotator="Mike Bada" id="organism_Instance_191446" type="identity">
      <class id="NCBITaxon:10088" label="Mus"/>
      <span end="15656" id="15921521-6755" start="15652">mice</span>
    </annotation>
    <annotation annotator="Mike Bada" id="organism_Instance_191451" type="identity">
      <class id="NCBITaxon:10088" label="Mus"/>
      <span end="15717" id="15921521-6757" start="15713">mice</span>
    </annotation>
    <annotation annotator="Mike Bada" id="organism_Instance_37418" type="identity">
      <class id="NCBITaxon:10088" label="Mus"/>
      <span end="15800" id="15921521-6925" start="15796">mice</span>
    </annotation>
    <annotation annotator="Mike Bada" id="organism_Instance_37422" type="identity">
      <class id="NCBITaxon:10088" label="Mus"/>
      <span end="15880" id="15921521-6927" start="15876">mice</span>
    </annotation>
    <annotation annotator="Mike Bada" id="organism_Instance_37426" type="identity">
      <class id="NCBITaxon:10088" label="Mus"/>
      <span end="15909" id="15921521-6929" start="15904">mouse</span>
    </annotation>
    <annotation annotator="Mike Bada" id="organism_Instance_37430" type="identity">
      <class id="NCBITaxon:10088" label="Mus"/>
      <span end="15938" id="15921521-6931" start="15934">mice</span>
    </annotation>
    <annotation annotator="Mike Bada" id="organism_Instance_37434" type="identity">
      <class id="NCBITaxon:10088" label="Mus"/>
      <span end="16119" id="15921521-6933" start="16115">Mice</span>
    </annotation>
    <annotation annotator="Mike Bada" id="organism_Instance_37438" type="identity">
      <class id="NCBITaxon:10088" label="Mus"/>
      <span end="16266" id="15921521-6935" start="16262">mice</span>
    </annotation>
    <annotation annotator="Mike Bada" id="organism_Instance_37442" type="identity">
      <class id="NCBITaxon:10088" label="Mus"/>
      <span end="16330" id="15921521-6937" start="16326">mice</span>
    </annotation>
    <annotation annotator="Mike Bada" id="organism_Instance_37446" type="identity">
      <class id="NCBITaxon:10088" label="Mus"/>
      <span end="16474" id="15921521-6939" start="16470">mice</span>
    </annotation>
    <annotation annotator="Mike Bada" id="organism_Instance_37450" type="identity">
      <class id="NCBITaxon:10088" label="Mus"/>
      <span end="16565" id="15921521-6941" start="16560">mouse</span>
    </annotation>
    <annotation annotator="Mike Bada" id="organism_Instance_37454" type="identity">
      <class id="NCBITaxon:10088" label="Mus"/>
      <span end="16594" id="15921521-6943" start="16590">Mice</span>
    </annotation>
    <annotation annotator="Mike Bada" id="organism_Instance_37458" type="identity">
      <class id="NCBITaxon:10088" label="Mus"/>
      <span end="16711" id="15921521-6945" start="16706">mouse</span>
    </annotation>
    <annotation annotator="Mike Bada" id="organism_Instance_37462" type="identity">
      <class id="NCBITaxon:10088" label="Mus"/>
      <span end="16793" id="15921521-6947" start="16789">mice</span>
    </annotation>
    <annotation annotator="Mike Bada" id="organism_Instance_37466" type="identity">
      <class id="NCBITaxon:10088" label="Mus"/>
      <span end="16899" id="15921521-6949" start="16895">mice</span>
    </annotation>
    <annotation annotator="Mike Bada" id="organism_Instance_37470" type="identity">
      <class id="NCBITaxon:10088" label="Mus"/>
      <span end="17033" id="15921521-6951" start="17029">mice</span>
    </annotation>
    <annotation annotator="Mike Bada" id="organism_Instance_37474" type="identity">
      <class id="NCBITaxon:10088" label="Mus"/>
      <span end="17075" id="15921521-6953" start="17071">mice</span>
    </annotation>
    <annotation annotator="Mike Bada" id="organism_Instance_37478" type="identity">
      <class id="NCBITaxon:10088" label="Mus"/>
      <span end="17413" id="15921521-6955" start="17408">mouse</span>
    </annotation>
    <annotation annotator="Mike Bada" id="organism_Instance_37482" type="identity">
      <class id="NCBITaxon:10088" label="Mus"/>
      <span end="17427" id="15921521-6957" start="17423">Mice</span>
    </annotation>
    <annotation annotator="Mike Bada" id="organism_Instance_37486" type="identity">
      <class id="NCBITaxon:10088" label="Mus"/>
      <span end="17487" id="15921521-6959" start="17483">mice</span>
    </annotation>
    <annotation annotator="Mike Bada" id="organism_Instance_37490" type="identity">
      <class id="NCBITaxon:10088" label="Mus"/>
      <span end="17595" id="15921521-6961" start="17591">mice</span>
    </annotation>
    <annotation annotator="Mike Bada" id="organism_Instance_37494" type="identity">
      <class id="NCBITaxon:10088" label="Mus"/>
      <span end="17666" id="15921521-6963" start="17662">mice</span>
    </annotation>
    <annotation annotator="Mike Bada" id="organism_Instance_37498" type="identity">
      <class id="NCBITaxon:10088" label="Mus"/>
      <span end="17729" id="15921521-6965" start="17725">mice</span>
    </annotation>
    <annotation annotator="Mike Bada" id="organism_Instance_37502" type="identity">
      <class id="NCBITaxon:10088" label="Mus"/>
      <span end="17874" id="15921521-6967" start="17870">mice</span>
    </annotation>
    <annotation annotator="Mike Bada" id="organism_Instance_37506" type="identity">
      <class id="NCBITaxon:10088" label="Mus"/>
      <span end="17987" id="15921521-6969" start="17983">mice</span>
    </annotation>
    <annotation annotator="Mike Bada" id="organism_Instance_37510" type="identity">
      <class id="NCBITaxon:10088" label="Mus"/>
      <span end="18222" id="15921521-6971" start="18218">mice</span>
    </annotation>
    <annotation annotator="Mike Bada" id="organism_Instance_37514" type="identity">
      <class id="NCBITaxon:10088" label="Mus"/>
      <span end="18257" id="15921521-6973" start="18253">mice</span>
    </annotation>
    <annotation annotator="Mike Bada" id="organism_Instance_37518" type="identity">
      <class id="NCBITaxon:10088" label="Mus"/>
      <span end="18312" id="15921521-6975" start="18308">mice</span>
    </annotation>
    <annotation annotator="Mike Bada" id="organism_Instance_37522" type="identity">
      <class id="NCBITaxon:10088" label="Mus"/>
      <span end="18361" id="15921521-6977" start="18357">mice</span>
    </annotation>
    <annotation annotator="Mike Bada" id="organism_Instance_37526" type="identity">
      <class id="NCBITaxon:10088" label="Mus"/>
      <span end="18437" id="15921521-6979" start="18433">mice</span>
    </annotation>
    <annotation annotator="Mike Bada" id="organism_Instance_191487" type="identity">
      <class id="NCBITaxon:10088" label="Mus"/>
      <span end="18526" id="15921521-6759" start="18522">mice</span>
    </annotation>
    <annotation annotator="Mike Bada" id="organism_Instance_191492" type="identity">
      <class id="NCBITaxon:10088" label="Mus"/>
      <span end="18820" id="15921521-6761" start="18816">mice</span>
    </annotation>
    <annotation annotator="Mike Bada" id="organism_Instance_37532" type="identity">
      <class id="NCBITaxon:10088" label="Mus"/>
      <span end="19504" id="15921521-6981" start="19499">Mouse</span>
    </annotation>
    <annotation annotator="Mike Bada" id="organism_Instance_37536" type="identity">
      <class id="NCBITaxon:2" label="Bacteria"/>
      <span end="20943" id="15921521-6983" start="20935">bacteria</span>
    </annotation>
    <annotation annotator="Mike Bada" id="organism_Instance_37540" type="identity">
      <class id="NCBITaxon:10088" label="Mus"/>
      <span end="21353" id="15921521-6985" start="21348">mouse</span>
    </annotation>
    <annotation annotator="Mike Bada" id="organism_Instance_37544" type="identity">
      <class id="NCBITaxon:10088" label="Mus"/>
      <span end="21740" id="15921521-6987" start="21735">mouse</span>
    </annotation>
    <annotation annotator="Mike Bada" id="organism_Instance_37548" type="identity">
      <class id="NCBITaxon:10088" label="Mus"/>
      <span end="21990" id="15921521-6989" start="21986">mice</span>
    </annotation>
    <annotation annotator="Mike Bada" id="organism_Instance_37552" type="identity">
      <class id="NCBITaxon:10088" label="Mus"/>
      <span end="22913" id="15921521-6991" start="22909">mice</span>
    </annotation>
    <annotation annotator="Mike Bada" id="organism_Instance_191503" type="identity">
      <class id="NCBITaxon:33208" label="Metazoa"/>
      <span end="23572" id="15921521-6763" start="23565">Animals</span>
    </annotation>
    <annotation annotator="Mike Bada" id="organism_Instance_37556" type="identity">
      <class id="NCBITaxon:10088" label="Mus"/>
      <span end="23602" id="15921521-6993" start="23598">mice</span>
    </annotation>
    <annotation annotator="Mike Bada" id="organism_Instance_37560" type="identity">
      <class id="NCBITaxon:10088" label="Mus"/>
      <span end="23837" id="15921521-6995" start="23833">mice</span>
    </annotation>
    <annotation annotator="Mike Bada" id="organism_Instance_37564" type="identity">
      <class id="NCBITaxon:10088" label="Mus"/>
      <span end="23932" id="15921521-6997" start="23928">Mice</span>
    </annotation>
    <annotation annotator="Mike Bada" id="organism_Instance_37568" type="identity">
      <class id="NCBITaxon:10088" label="Mus"/>
      <span end="24093" id="15921521-6999" start="24089">mice</span>
    </annotation>
    <annotation annotator="Mike Bada" id="organism_Instance_37572" type="identity">
      <class id="NCBITaxon:10088" label="Mus"/>
      <span end="24151" id="15921521-7001" start="24147">mice</span>
    </annotation>
    <annotation annotator="Mike Bada" id="organism_Instance_37576" type="identity">
      <class id="NCBITaxon:10088" label="Mus"/>
      <span end="24231" id="15921521-7003" start="24227">mice</span>
    </annotation>
    <annotation annotator="Mike Bada" id="organism_Instance_37580" type="identity">
      <class id="NCBITaxon:10088" label="Mus"/>
      <span end="24284" id="15921521-7005" start="24280">mice</span>
    </annotation>
    <annotation annotator="Mike Bada" id="organism_Instance_37584" type="identity">
      <class id="NCBITaxon:10088" label="Mus"/>
      <span end="24309" id="15921521-7007" start="24305">mice</span>
    </annotation>
    <annotation annotator="Mike Bada" id="organism_Instance_191517" type="identity">
      <class id="NCBITaxon:10088" label="Mus"/>
      <span end="24436" id="15921521-6765" start="24432">Mice</span>
    </annotation>
    <annotation annotator="Mike Bada" id="organism_Instance_37588" type="identity">
      <class id="NCBITaxon:10088" label="Mus"/>
      <span end="24536" id="15921521-7009" start="24532">mice</span>
    </annotation>
    <annotation annotator="Mike Bada" id="organism_Instance_37592" type="identity">
      <class id="NCBITaxon:10088" label="Mus"/>
      <span end="24678" id="15921521-7011" start="24674">mice</span>
    </annotation>
    <annotation annotator="Mike Bada" id="organism_Instance_37596" type="identity">
      <class id="NCBITaxon:10088" label="Mus"/>
      <span end="24777" id="15921521-7013" start="24773">mice</span>
    </annotation>
    <annotation annotator="Mike Bada" id="organism_Instance_37600" type="identity">
      <class id="NCBITaxon:10088" label="Mus"/>
      <span end="24811" id="15921521-7015" start="24806">mouse</span>
    </annotation>
    <annotation annotator="Mike Bada" id="organism_Instance_37604" type="identity">
      <class id="NCBITaxon:10088" label="Mus"/>
      <span end="24869" id="15921521-7017" start="24865">Mice</span>
    </annotation>
    <annotation annotator="Mike Bada" id="organism_Instance_37608" type="identity">
      <class id="NCBITaxon:10088" label="Mus"/>
      <span end="24985" id="15921521-7019" start="24981">mice</span>
    </annotation>
    <annotation annotator="Mike Bada" id="organism_Instance_37612" type="identity">
      <class id="NCBITaxon:10088" label="Mus"/>
      <span end="25022" id="15921521-7021" start="25018">Mice</span>
    </annotation>
    <annotation annotator="Mike Bada" id="organism_Instance_37616" type="identity">
      <class id="NCBITaxon:10088" label="Mus"/>
      <span end="25368" id="15921521-7023" start="25364">mice</span>
    </annotation>
    <annotation annotator="Mike Bada" id="organism_Instance_37620" type="identity">
      <class id="NCBITaxon:10088" label="Mus"/>
      <span end="25385" id="15921521-7025" start="25380">mouse</span>
    </annotation>
    <annotation annotator="Mike Bada" id="organism_Instance_37624" type="identity">
      <class id="NCBITaxon:10088" label="Mus"/>
      <span end="26071" id="15921521-7027" start="26066">mouse</span>
    </annotation>
    <annotation annotator="Mike Bada" id="organism_Instance_37628" type="identity">
      <class id="NCBITaxon:10088" label="Mus"/>
      <span end="26902" id="15921521-7029" start="26898">mice</span>
    </annotation>
    <annotation annotator="Mike Bada" id="organism_Instance_37632" type="identity">
      <class id="NCBITaxon:10088" label="Mus"/>
      <span end="27373" id="15921521-7031" start="27368">mouse</span>
    </annotation>
    <graph-space id="Old Knowtator Relations"/>
  </document>
</knowtator-project>
