<?xml version="1.0" encoding="UTF-8" standalone="no"?>
<knowtator-project>
  <document id="16110338" text-file="16110338.txt">
    <annotation annotator="Mike Bada" id="organism_Instance_40382" type="identity">
      <class id="NCBITaxon:10088" label="Mus"/>
      <span end="68" id="16110338-7484" start="63">Mouse</span>
    </annotation>
    <annotation annotator="Mike Bada" id="organism_Instance_40387" type="identity">
      <class id="NCBITaxon:10088" label="Mus"/>
      <span end="459" id="16110338-7486" start="454">mouse</span>
    </annotation>
    <annotation annotator="Mike Bada" id="organism_Instance_40392" type="identity">
      <class id="NCBITaxon:9606" label="Homo sapiens"/>
      <span end="482" id="16110338-7488" start="477">human</span>
    </annotation>
    <annotation annotator="Mike Bada" id="organism_Instance_40397" type="identity">
      <class id="NCBITaxon:10088" label="Mus"/>
      <span end="571" id="16110338-7490" start="566">mouse</span>
    </annotation>
    <annotation annotator="Mike Bada" id="organism_Instance_170006" type="identity">
      <class id="NCBITaxon:9606" label="Homo sapiens"/>
      <span end="1429" id="16110338-7460" start="1423">humans</span>
    </annotation>
    <annotation annotator="Mike Bada" id="organism_Instance_40407" type="identity">
      <class id="NCBITaxon:40674" label="Mammalia"/>
      <span end="2033" id="16110338-7492" start="2026">mammals</span>
    </annotation>
    <annotation annotator="Mike Bada" id="organism_Instance_40412" type="identity">
      <class id="NCBITaxon:10088" label="Mus"/>
      <span end="2238" id="16110338-7494" start="2233">mouse</span>
    </annotation>
    <annotation annotator="Mike Bada" id="organism_Instance_200011" type="identity">
      <class id="NCBITaxon:9606" label="Homo sapiens"/>
      <span end="2316" id="16110338-7462" start="2310">Humans</span>
    </annotation>
    <annotation annotator="Mike Bada" id="organism_Instance_40417" type="identity">
      <class id="NCBITaxon:10088" label="Mus"/>
      <span end="2471" id="16110338-7496" start="2466">mouse</span>
    </annotation>
    <annotation annotator="Mike Bada" id="organism_Instance_40422" type="identity">
      <class id="NCBITaxon:9606" label="Homo sapiens"/>
      <span end="2697" id="16110338-7498" start="2692">human</span>
    </annotation>
    <annotation annotator="Mike Bada" id="organism_Instance_40427" type="identity">
      <class id="NCBITaxon:9606" label="Homo sapiens"/>
      <span end="3556" id="16110338-7500" start="3551">human</span>
    </annotation>
    <annotation annotator="Mike Bada" id="organism_Instance_40432" type="identity">
      <class id="NCBITaxon:9606" label="Homo sapiens"/>
      <span end="4100" id="16110338-7502" start="4095">human</span>
    </annotation>
    <annotation annotator="Mike Bada" id="organism_Instance_40437" type="identity">
      <class id="NCBITaxon:10088" label="Mus"/>
      <span end="4789" id="16110338-7504" start="4784">mouse</span>
    </annotation>
    <annotation annotator="Mike Bada" id="organism_Instance_40442" type="identity">
      <class id="NCBITaxon:10088" label="Mus"/>
      <span end="5039" id="16110338-7506" start="5034">mouse</span>
    </annotation>
    <annotation annotator="Mike Bada" id="organism_Instance_40447" type="identity">
      <class id="NCBITaxon:10088" label="Mus"/>
      <span end="5595" id="16110338-7508" start="5590">mouse</span>
    </annotation>
    <annotation annotator="Mike Bada" id="organism_Instance_40452" type="identity">
      <class id="NCBITaxon:10088" label="Mus"/>
      <span end="10599" id="16110338-7510" start="10594">mouse</span>
    </annotation>
    <annotation annotator="Mike Bada" id="organism_Instance_40457" type="identity">
      <class id="NCBITaxon:10088" label="Mus"/>
      <span end="11027" id="16110338-7512" start="11022">mouse</span>
    </annotation>
    <annotation annotator="Mike Bada" id="organism_Instance_40462" type="identity">
      <class id="NCBITaxon:10088" label="Mus"/>
      <span end="12907" id="16110338-7514" start="12902">mouse</span>
    </annotation>
    <annotation annotator="Mike Bada" id="organism_Instance_40467" type="identity">
      <class id="NCBITaxon:10088" label="Mus"/>
      <span end="16331" id="16110338-7516" start="16326">mouse</span>
    </annotation>
    <annotation annotator="Mike Bada" id="organism_Instance_40472" type="identity">
      <class id="NCBITaxon:10088" label="Mus"/>
      <span end="17226" id="16110338-7518" start="17221">mouse</span>
    </annotation>
    <annotation annotator="Mike Bada" id="organism_Instance_40477" type="identity">
      <class id="NCBITaxon:10088" label="Mus"/>
      <span end="21099" id="16110338-7520" start="21094">mouse</span>
    </annotation>
    <annotation annotator="Mike Bada" id="organism_Instance_40482" type="identity">
      <class id="NCBITaxon:10088" label="Mus"/>
      <span end="21610" id="16110338-7522" start="21605">mouse</span>
    </annotation>
    <annotation annotator="Mike Bada" id="organism_Instance_40487" type="identity">
      <class id="NCBITaxon:10088" label="Mus"/>
      <span end="21769" id="16110338-7524" start="21764">mouse</span>
    </annotation>
    <annotation annotator="Mike Bada" id="organism_Instance_40497" type="identity">
      <class id="NCBITaxon:10088" label="Mus"/>
      <span end="28257" id="16110338-7526" start="28252">mouse</span>
    </annotation>
    <annotation annotator="Mike Bada" id="organism_Instance_40502" type="identity">
      <class id="NCBITaxon:7955" label="Danio rerio"/>
      <span end="30271" id="16110338-7528" start="30262">zebrafish</span>
    </annotation>
    <annotation annotator="Mike Bada" id="organism_Instance_40507" type="identity">
      <class id="NCBITaxon:1" label="root"/>
      <span end="30807" id="16110338-7530" start="30799">organism</span>
    </annotation>
    <annotation annotator="Mike Bada" id="organism_Instance_40512" type="identity">
      <class id="NCBITaxon:10088" label="Mus"/>
      <span end="31165" id="16110338-7532" start="31160">mouse</span>
    </annotation>
    <annotation annotator="Mike Bada" id="organism_Instance_40517" type="identity">
      <class id="NCBITaxon:9443" label="Primates"/>
      <span end="34873" id="16110338-7534" start="34866">primate</span>
    </annotation>
    <annotation annotator="Mike Bada" id="organism_Instance_40522" type="identity">
      <class id="NCBITaxon:9606" label="Homo sapiens"/>
      <span end="34994" id="16110338-7536" start="34989">human</span>
    </annotation>
    <annotation annotator="Mike Bada" id="organism_Instance_40527" type="identity">
      <class id="NCBITaxon:10114" label="Rattus"/>
      <span end="36385" id="16110338-7538" start="36382">rat</span>
    </annotation>
    <annotation annotator="Mike Bada" id="organism_Instance_40532" type="identity">
      <class id="NCBITaxon:10088" label="Mus"/>
      <span end="37088" id="16110338-7540" start="37083">mouse</span>
    </annotation>
    <annotation annotator="Mike Bada" id="organism_Instance_200016" type="identity">
      <class id="NCBITaxon:9606" label="Homo sapiens"/>
      <span end="37785" id="16110338-7464" start="37780">Human</span>
    </annotation>
    <annotation annotator="Mike Bada" id="organism_Instance_40537" type="identity">
      <class id="NCBITaxon:10088" label="Mus"/>
      <span end="38091" id="16110338-7542" start="38087">mice</span>
    </annotation>
    <annotation annotator="Mike Bada" id="organism_Instance_281665" type="identity">
      <class id="NCBITaxon:species" label="species"/>
      <span end="38222" id="16110338-7476" start="38215">species</span>
    </annotation>
    <annotation annotator="Mike Bada" id="organism_Instance_40542" type="identity">
      <class id="NCBITaxon:10088" label="Mus"/>
      <span end="38311" id="16110338-7544" start="38306">mouse</span>
    </annotation>
    <annotation annotator="Mike Bada" id="organism_Instance_40547" type="identity">
      <class id="NCBITaxon:9606" label="Homo sapiens"/>
      <span end="38699" id="16110338-7546" start="38694">human</span>
    </annotation>
    <annotation annotator="Mike Bada" id="organism_Instance_40552" type="identity">
      <class id="NCBITaxon:10088" label="Mus"/>
      <span end="38910" id="16110338-7548" start="38906">mice</span>
    </annotation>
    <annotation annotator="Mike Bada" id="organism_Instance_40557" type="identity">
      <class id="NCBITaxon:10088" label="Mus"/>
      <span end="38993" id="16110338-7550" start="38988">mouse</span>
    </annotation>
    <annotation annotator="Mike Bada" id="organism_Instance_40567" type="identity">
      <class id="NCBITaxon:9606" label="Homo sapiens"/>
      <span end="39152" id="16110338-7552" start="39147">human</span>
    </annotation>
    <annotation annotator="Mike Bada" id="organism_Instance_40572" type="identity">
      <class id="NCBITaxon:10088" label="Mus"/>
      <span end="39302" id="16110338-7554" start="39298">mice</span>
    </annotation>
    <annotation annotator="Mike Bada" id="organism_Instance_200021" type="identity">
      <class id="NCBITaxon:9606" label="Homo sapiens"/>
      <span end="39313" id="16110338-7466" start="39307">humans</span>
    </annotation>
    <annotation annotator="Mike Bada" id="organism_Instance_40577" type="identity">
      <class id="NCBITaxon:9606" label="Homo sapiens"/>
      <span end="39332" id="16110338-7556" start="39327">human</span>
    </annotation>
    <annotation annotator="Mike Bada" id="organism_Instance_40582" type="identity">
      <class id="NCBITaxon:10088" label="Mus"/>
      <span end="39444" id="16110338-7558" start="39439">mouse</span>
    </annotation>
    <annotation annotator="Mike Bada" id="organism_Instance_40587" type="identity">
      <class id="NCBITaxon:10088" label="Mus"/>
      <span end="39986" id="16110338-7560" start="39981">mouse</span>
    </annotation>
    <annotation annotator="Mike Bada" id="organism_Instance_40592" type="identity">
      <class id="NCBITaxon:9606" label="Homo sapiens"/>
      <span end="40000" id="16110338-7562" start="39995">human</span>
    </annotation>
    <annotation annotator="Mike Bada" id="organism_Instance_281667" type="identity">
      <class id="NCBITaxon:species" label="species"/>
      <span end="40028" id="16110338-7478" start="40021">species</span>
    </annotation>
    <annotation annotator="Mike Bada" id="organism_Instance_40597" type="identity">
      <class id="NCBITaxon:10088" label="Mus"/>
      <span end="40361" id="16110338-7564" start="40356">mouse</span>
    </annotation>
    <annotation annotator="Mike Bada" id="organism_Instance_40602" type="identity">
      <class id="NCBITaxon:9606" label="Homo sapiens"/>
      <span end="40375" id="16110338-7566" start="40370">human</span>
    </annotation>
    <annotation annotator="Mike Bada" id="organism_Instance_200026" type="identity">
      <class id="NCBITaxon:9606" label="Homo sapiens"/>
      <span end="40909" id="16110338-7468" start="40903">humans</span>
    </annotation>
    <annotation annotator="Mike Bada" id="organism_Instance_40607" type="identity">
      <class id="NCBITaxon:10088" label="Mus"/>
      <span end="40918" id="16110338-7568" start="40914">mice</span>
    </annotation>
    <annotation annotator="Mike Bada" id="organism_Instance_40612" type="identity">
      <class id="NCBITaxon:10088" label="Mus"/>
      <span end="40955" id="16110338-7570" start="40951">mice</span>
    </annotation>
    <annotation annotator="Mike Bada" id="organism_Instance_40617" type="identity">
      <class id="NCBITaxon:10088" label="Mus"/>
      <span end="41294" id="16110338-7572" start="41289">mouse</span>
    </annotation>
    <annotation annotator="Mike Bada" id="organism_Instance_40622" type="identity">
      <class id="NCBITaxon:7215" label="Drosophila"/>
      <span end="41723" id="16110338-7574" start="41713">Drosophila</span>
    </annotation>
    <annotation annotator="Mike Bada" id="organism_Instance_281669" type="identity">
      <class id="NCBITaxon:species" label="species"/>
      <span end="42228" id="16110338-7480" start="42221">species</span>
    </annotation>
    <annotation annotator="Mike Bada" id="organism_Instance_281671" type="identity">
      <class id="NCBITaxon:species" label="species"/>
      <span end="42832" id="16110338-7482" start="42825">species</span>
    </annotation>
    <annotation annotator="Mike Bada" id="organism_Instance_40627" type="identity">
      <class id="NCBITaxon:10088" label="Mus"/>
      <span end="42869" id="16110338-7576" start="42865">mice</span>
    </annotation>
    <annotation annotator="Mike Bada" id="organism_Instance_40632" type="identity">
      <class id="NCBITaxon:10088" label="Mus"/>
      <span end="42892" id="16110338-7578" start="42888">mice</span>
    </annotation>
    <annotation annotator="Mike Bada" id="organism_Instance_40637" type="identity">
      <class id="NCBITaxon:10088" label="Mus"/>
      <span end="43039" id="16110338-7580" start="43035">mice</span>
    </annotation>
    <annotation annotator="Mike Bada" id="organism_Instance_40642" type="identity">
      <class id="NCBITaxon:10088" label="Mus"/>
      <span end="43160" id="16110338-7582" start="43156">mice</span>
    </annotation>
    <annotation annotator="Mike Bada" id="organism_Instance_40647" type="identity">
      <class id="NCBITaxon:10088" label="Mus"/>
      <span end="43298" id="16110338-7584" start="43294">mice</span>
    </annotation>
    <annotation annotator="Mike Bada" id="organism_Instance_40652" type="identity">
      <class id="NCBITaxon:33208" label="Metazoa"/>
      <span end="43406" id="16110338-7586" start="43399">animals</span>
    </annotation>
    <annotation annotator="Mike Bada" id="organism_Instance_40657" type="identity">
      <class id="NCBITaxon:10088" label="Mus"/>
      <span end="45966" id="16110338-7588" start="45961">mouse</span>
    </annotation>
    <annotation annotator="Mike Bada" id="organism_Instance_40662" type="identity">
      <class id="NCBITaxon:9986" label="Oryctolagus cuniculus"/>
      <span end="48822" id="16110338-7590" start="48816">rabbit</span>
    </annotation>
    <annotation annotator="Mike Bada" id="organism_Instance_40667" type="identity">
      <class id="NCBITaxon:10088" label="Mus"/>
      <span end="48911" id="16110338-7592" start="48906">mouse</span>
    </annotation>
    <annotation annotator="Mike Bada" id="organism_Instance_40672" type="identity">
      <class id="NCBITaxon:9925" label="Capra hircus"/>
      <span end="49013" id="16110338-7594" start="49009">goat</span>
    </annotation>
    <annotation annotator="Mike Bada" id="organism_Instance_200031" type="identity">
      <class id="NCBITaxon:9986" label="Oryctolagus cuniculus"/>
      <span end="49025" id="16110338-7470" start="49019">rabbit</span>
    </annotation>
    <annotation annotator="Mike Bada" id="organism_Instance_200036" type="identity">
      <class id="NCBITaxon:10088" label="Mus"/>
      <span end="49040" id="16110338-7472" start="49035">mouse</span>
    </annotation>
    <annotation annotator="Mike Bada" id="organism_Instance_40677" type="identity">
      <class id="NCBITaxon:33208" label="Metazoa"/>
      <span end="49491" id="16110338-7596" start="49484">animals</span>
    </annotation>
    <annotation annotator="Mike Bada" id="organism_Instance_40692" type="identity">
      <class id="NCBITaxon:33208" label="Metazoa"/>
      <span end="53761" id="16110338-7598" start="53755">animal</span>
    </annotation>
    <annotation annotator="Mike Bada" id="organism_Instance_40697" type="identity">
      <class id="NCBITaxon:10088" label="Mus"/>
      <span end="59898" id="16110338-7600" start="59894">mice</span>
    </annotation>
    <annotation annotator="Mike Bada" id="organism_Instance_200043" type="identity">
      <class id="NCBITaxon:10088" label="Mus"/>
      <span end="61689" id="16110338-7474" start="61684">mouse</span>
    </annotation>
    <annotation annotator="Mike Bada" id="organism_Instance_40717" type="identity">
      <class id="NCBITaxon:10088" label="Mus"/>
      <span end="65224" id="16110338-7602" start="65219">mouse</span>
    </annotation>
    <annotation annotator="Mike Bada" id="organism_Instance_40727" type="identity">
      <class id="NCBITaxon:10088" label="Mus"/>
      <span end="69400" id="16110338-7604" start="69395">mouse</span>
    </annotation>
    <graph-space id="Old Knowtator Relations"/>
  </document>
</knowtator-project>
