<?xml version="1.0" encoding="UTF-8" standalone="no"?>
<knowtator-project>
  <document id="16255782" text-file="16255782.txt">
    <annotation annotator="Mike Bada" id="organism_Instance_210228" type="identity">
      <class id="NCBITaxon:1" label="root"/>
      <span end="135" id="16255782-8931" start="124">individuals</span>
    </annotation>
    <annotation annotator="Mike Bada" id="organism_Instance_210233" type="identity">
      <class id="NCBITaxon:1" label="root"/>
      <span end="536" id="16255782-8933" start="525">individuals</span>
    </annotation>
    <annotation annotator="Mike Bada" id="organism_Instance_210238" type="identity">
      <class id="NCBITaxon:1" label="root"/>
      <span end="567" id="16255782-8935" start="556">individuals</span>
    </annotation>
    <annotation annotator="Mike Bada" id="organism_Instance_210245" type="identity">
      <class id="NCBITaxon:1" label="root"/>
      <span end="871" id="16255782-8937" start="861">individual</span>
    </annotation>
    <annotation annotator="Mike Bada" id="organism_Instance_210250" type="identity">
      <class id="NCBITaxon:1" label="root"/>
      <span end="993" id="16255782-8939" start="983">individual</span>
    </annotation>
    <annotation annotator="Mike Bada" id="organism_Instance_210255" type="identity">
      <class id="NCBITaxon:1" label="root"/>
      <span end="1407" id="16255782-8941" start="1396">individuals</span>
    </annotation>
    <annotation annotator="Mike Bada" id="organism_Instance_210260" type="identity">
      <class id="NCBITaxon:1" label="root"/>
      <span end="1557" id="16255782-8943" start="1546">individuals</span>
    </annotation>
    <annotation annotator="Mike Bada" id="organism_Instance_210265" type="identity">
      <class id="NCBITaxon:1" label="root"/>
      <span end="1583" id="16255782-8945" start="1572">individuals</span>
    </annotation>
    <annotation annotator="Mike Bada" id="organism_Instance_210272" type="identity">
      <class id="NCBITaxon:1" label="root"/>
      <span end="1602" id="16255782-8947" start="1591">individuals</span>
    </annotation>
    <annotation annotator="Mike Bada" id="organism_Instance_210277" type="identity">
      <class id="NCBITaxon:1" label="root"/>
      <span end="1696" id="16255782-8949" start="1685">individuals</span>
    </annotation>
    <annotation annotator="Mike Bada" id="organism_Instance_210282" type="identity">
      <class id="NCBITaxon:1" label="root"/>
      <span end="1907" id="16255782-8951" start="1896">individuals</span>
    </annotation>
    <annotation annotator="Mike Bada" id="organism_Instance_210287" type="identity">
      <class id="NCBITaxon:1" label="root"/>
      <span end="1973" id="16255782-8953" start="1962">individuals</span>
    </annotation>
    <annotation annotator="Mike Bada" id="organism_Instance_210292" type="identity">
      <class id="NCBITaxon:1" label="root"/>
      <span end="2078" id="16255782-8955" start="2067">individuals</span>
    </annotation>
    <annotation annotator="Mike Bada" id="organism_Instance_210297" type="identity">
      <class id="NCBITaxon:1" label="root"/>
      <span end="2105" id="16255782-8957" start="2094">individuals</span>
    </annotation>
    <annotation annotator="Mike Bada" id="organism_Instance_210305" type="identity">
      <class id="NCBITaxon:1" label="root"/>
      <span end="2283" id="16255782-8959" start="2272">individuals</span>
    </annotation>
    <annotation annotator="Mike Bada" id="organism_Instance_210310" type="identity">
      <class id="NCBITaxon:1" label="root"/>
      <span end="2923" id="16255782-8961" start="2913">individual</span>
    </annotation>
    <annotation annotator="Mike Bada" id="organism_Instance_210315" type="identity">
      <class id="NCBITaxon:1" label="root"/>
      <span end="3744" id="16255782-8963" start="3733">individuals</span>
    </annotation>
    <annotation annotator="Mike Bada" id="organism_Instance_210320" type="identity">
      <class id="NCBITaxon:1" label="root"/>
      <span end="3775" id="16255782-8965" start="3764">individuals</span>
    </annotation>
    <annotation annotator="Mike Bada" id="organism_Instance_210325" type="identity">
      <class id="NCBITaxon:1" label="root"/>
      <span end="3807" id="16255782-8967" start="3796">individuals</span>
    </annotation>
    <annotation annotator="Mike Bada" id="organism_Instance_210330" type="identity">
      <class id="NCBITaxon:1" label="root"/>
      <span end="4028" id="16255782-8969" start="4017">individuals</span>
    </annotation>
    <annotation annotator="Mike Bada" id="organism_Instance_210335" type="identity">
      <class id="NCBITaxon:1" label="root"/>
      <span end="4055" id="16255782-8971" start="4044">individuals</span>
    </annotation>
    <annotation annotator="Mike Bada" id="organism_Instance_210342" type="identity">
      <class id="NCBITaxon:1" label="root"/>
      <span end="4395" id="16255782-8973" start="4385">individual</span>
    </annotation>
    <annotation annotator="Mike Bada" id="organism_Instance_210347" type="identity">
      <class id="NCBITaxon:1" label="root"/>
      <span end="4525" id="16255782-8975" start="4514">individuals</span>
    </annotation>
    <annotation annotator="Mike Bada" id="organism_Instance_210352" type="identity">
      <class id="NCBITaxon:1" label="root"/>
      <span end="5600" id="16255782-8977" start="5589">individuals</span>
    </annotation>
    <annotation annotator="Mike Bada" id="organism_Instance_210357" type="identity">
      <class id="NCBITaxon:1" label="root"/>
      <span end="5633" id="16255782-8979" start="5622">individuals</span>
    </annotation>
    <annotation annotator="Mike Bada" id="organism_Instance_210362" type="identity">
      <class id="NCBITaxon:1" label="root"/>
      <span end="5655" id="16255782-8981" start="5644">individuals</span>
    </annotation>
    <annotation annotator="Mike Bada" id="organism_Instance_210367" type="identity">
      <class id="NCBITaxon:1" label="root"/>
      <span end="5740" id="16255782-8983" start="5729">individuals</span>
    </annotation>
    <annotation annotator="Mike Bada" id="organism_Instance_210372" type="identity">
      <class id="NCBITaxon:11801" label="Monoley murine leukemia virus"/>
      <span end="5876" id="16255782-8985" start="5871">M-MLV</span>
    </annotation>
    <annotation annotator="Mike Bada" id="organism_Instance_210377" type="identity">
      <class id="NCBITaxon:1" label="root"/>
      <span end="8638" id="16255782-8987" start="8627">individuals</span>
    </annotation>
    <annotation annotator="Mike Bada" id="organism_Instance_210382" type="identity">
      <class id="NCBITaxon:1" label="root"/>
      <span end="8661" id="16255782-8989" start="8650">individuals</span>
    </annotation>
    <annotation annotator="Mike Bada" id="organism_Instance_210387" type="identity">
      <class id="NCBITaxon:1" label="root"/>
      <span end="8683" id="16255782-8991" start="8672">individuals</span>
    </annotation>
    <annotation annotator="Mike Bada" id="organism_Instance_210395" type="identity">
      <class id="NCBITaxon:1" label="root"/>
      <span end="8985" id="16255782-8993" start="8974">individuals</span>
    </annotation>
    <annotation annotator="Mike Bada" id="organism_Instance_210400" type="identity">
      <class id="NCBITaxon:1" label="root"/>
      <span end="11518" id="16255782-8995" start="11507">individuals</span>
    </annotation>
    <annotation annotator="Mike Bada" id="organism_Instance_210405" type="identity">
      <class id="NCBITaxon:1" label="root"/>
      <span end="11739" id="16255782-8997" start="11728">individuals</span>
    </annotation>
    <annotation annotator="Mike Bada" id="organism_Instance_210410" type="identity">
      <class id="NCBITaxon:1" label="root"/>
      <span end="12016" id="16255782-8999" start="12005">individuals</span>
    </annotation>
    <annotation annotator="Mike Bada" id="organism_Instance_210415" type="identity">
      <class id="NCBITaxon:1" label="root"/>
      <span end="12047" id="16255782-9001" start="12036">individuals</span>
    </annotation>
    <annotation annotator="Mike Bada" id="organism_Instance_210420" type="identity">
      <class id="NCBITaxon:1" label="root"/>
      <span end="12189" id="16255782-9003" start="12178">individuals</span>
    </annotation>
    <annotation annotator="Mike Bada" id="organism_Instance_210425" type="identity">
      <class id="NCBITaxon:1" label="root"/>
      <span end="12207" id="16255782-9005" start="12196">individuals</span>
    </annotation>
    <annotation annotator="Mike Bada" id="organism_Instance_210430" type="identity">
      <class id="NCBITaxon:1" label="root"/>
      <span end="12404" id="16255782-9007" start="12393">individuals</span>
    </annotation>
    <annotation annotator="Mike Bada" id="organism_Instance_210435" type="identity">
      <class id="NCBITaxon:1" label="root"/>
      <span end="12420" id="16255782-9009" start="12409">individuals</span>
    </annotation>
    <annotation annotator="Mike Bada" id="organism_Instance_210440" type="identity">
      <class id="NCBITaxon:1" label="root"/>
      <span end="12467" id="16255782-9011" start="12456">individuals</span>
    </annotation>
    <annotation annotator="Mike Bada" id="organism_Instance_210445" type="identity">
      <class id="NCBITaxon:1" label="root"/>
      <span end="12759" id="16255782-9013" start="12748">individuals</span>
    </annotation>
    <annotation annotator="Mike Bada" id="organism_Instance_210450" type="identity">
      <class id="NCBITaxon:1" label="root"/>
      <span end="12778" id="16255782-9015" start="12767">individuals</span>
    </annotation>
    <annotation annotator="Mike Bada" id="organism_Instance_210455" type="identity">
      <class id="NCBITaxon:1" label="root"/>
      <span end="12914" id="16255782-9017" start="12903">individuals</span>
    </annotation>
    <annotation annotator="Mike Bada" id="organism_Instance_210460" type="identity">
      <class id="NCBITaxon:1" label="root"/>
      <span end="13004" id="16255782-9019" start="12993">individuals</span>
    </annotation>
    <annotation annotator="Mike Bada" id="organism_Instance_210465" type="identity">
      <class id="NCBITaxon:1" label="root"/>
      <span end="13071" id="16255782-9021" start="13060">individuals</span>
    </annotation>
    <annotation annotator="Mike Bada" id="organism_Instance_210470" type="identity">
      <class id="NCBITaxon:1" label="root"/>
      <span end="13090" id="16255782-9023" start="13079">individuals</span>
    </annotation>
    <annotation annotator="Mike Bada" id="organism_Instance_210475" type="identity">
      <class id="NCBITaxon:1" label="root"/>
      <span end="13584" id="16255782-9025" start="13574">individual</span>
    </annotation>
    <annotation annotator="Mike Bada" id="organism_Instance_210480" type="identity">
      <class id="NCBITaxon:1" label="root"/>
      <span end="13711" id="16255782-9027" start="13700">individuals</span>
    </annotation>
    <annotation annotator="Mike Bada" id="organism_Instance_210485" type="identity">
      <class id="NCBITaxon:1" label="root"/>
      <span end="13889" id="16255782-9029" start="13879">individual</span>
    </annotation>
    <annotation annotator="Mike Bada" id="organism_Instance_210490" type="identity">
      <class id="NCBITaxon:1" label="root"/>
      <span end="13984" id="16255782-9031" start="13973">individuals</span>
    </annotation>
    <annotation annotator="Mike Bada" id="organism_Instance_210495" type="identity">
      <class id="NCBITaxon:1" label="root"/>
      <span end="14178" id="16255782-9033" start="14167">individuals</span>
    </annotation>
    <annotation annotator="Mike Bada" id="organism_Instance_210500" type="identity">
      <class id="NCBITaxon:1" label="root"/>
      <span end="14264" id="16255782-9035" start="14253">individuals</span>
    </annotation>
    <annotation annotator="Mike Bada" id="organism_Instance_210505" type="identity">
      <class id="NCBITaxon:1" label="root"/>
      <span end="14396" id="16255782-9037" start="14385">individuals</span>
    </annotation>
    <annotation annotator="Mike Bada" id="organism_Instance_210510" type="identity">
      <class id="NCBITaxon:1" label="root"/>
      <span end="14961" id="16255782-9039" start="14950">individuals</span>
    </annotation>
    <annotation annotator="Mike Bada" id="organism_Instance_210515" type="identity">
      <class id="NCBITaxon:1" label="root"/>
      <span end="15374" id="16255782-9041" start="15363">individuals</span>
    </annotation>
    <annotation annotator="Mike Bada" id="organism_Instance_210520" type="identity">
      <class id="NCBITaxon:1" label="root"/>
      <span end="15410" id="16255782-9043" start="15400">individual</span>
    </annotation>
    <annotation annotator="Mike Bada" id="organism_Instance_210525" type="identity">
      <class id="NCBITaxon:1" label="root"/>
      <span end="15428" id="16255782-9045" start="15418">individual</span>
    </annotation>
    <annotation annotator="Mike Bada" id="organism_Instance_210530" type="identity">
      <class id="NCBITaxon:1" label="root"/>
      <span end="15978" id="16255782-9047" start="15967">individuals</span>
    </annotation>
    <annotation annotator="Mike Bada" id="organism_Instance_210535" type="identity">
      <class id="NCBITaxon:1" label="root"/>
      <span end="16009" id="16255782-9049" start="15998">individuals</span>
    </annotation>
    <annotation annotator="Mike Bada" id="organism_Instance_210540" type="identity">
      <class id="NCBITaxon:1" label="root"/>
      <span end="16208" id="16255782-9051" start="16197">individuals</span>
    </annotation>
    <annotation annotator="Mike Bada" id="organism_Instance_210545" type="identity">
      <class id="NCBITaxon:1" label="root"/>
      <span end="16708" id="16255782-9053" start="16697">individuals</span>
    </annotation>
    <annotation annotator="Mike Bada" id="organism_Instance_210550" type="identity">
      <class id="NCBITaxon:1" label="root"/>
      <span end="16745" id="16255782-9055" start="16734">individuals</span>
    </annotation>
    <annotation annotator="Mike Bada" id="organism_Instance_210555" type="identity">
      <class id="NCBITaxon:1" label="root"/>
      <span end="17044" id="16255782-9057" start="17034">individual</span>
    </annotation>
    <annotation annotator="Mike Bada" id="organism_Instance_210560" type="identity">
      <class id="NCBITaxon:1" label="root"/>
      <span end="17152" id="16255782-9059" start="17141">individuals</span>
    </annotation>
    <annotation annotator="Mike Bada" id="organism_Instance_210565" type="identity">
      <class id="NCBITaxon:1" label="root"/>
      <span end="17394" id="16255782-9061" start="17383">individuals</span>
    </annotation>
    <annotation annotator="Mike Bada" id="organism_Instance_210570" type="identity">
      <class id="NCBITaxon:1" label="root"/>
      <span end="17409" id="16255782-9063" start="17398">individuals</span>
    </annotation>
    <annotation annotator="Mike Bada" id="organism_Instance_43891" type="identity">
      <class id="NCBITaxon:10088" label="Mus"/>
      <span end="18101" id="16255782-9105" start="18097">mice</span>
    </annotation>
    <annotation annotator="Mike Bada" id="organism_Instance_43896" type="identity">
      <class id="NCBITaxon:10088" label="Mus"/>
      <span end="18190" id="16255782-9107" start="18186">mice</span>
    </annotation>
    <annotation annotator="Mike Bada" id="organism_Instance_210575" type="identity">
      <class id="NCBITaxon:9606" label="Homo sapiens"/>
      <span end="18318" id="16255782-9065" start="18312">humans</span>
    </annotation>
    <annotation annotator="Mike Bada" id="organism_Instance_210580" type="identity">
      <class id="NCBITaxon:1" label="root"/>
      <span end="18946" id="16255782-9067" start="18935">individuals</span>
    </annotation>
    <annotation annotator="Mike Bada" id="organism_Instance_210585" type="identity">
      <class id="NCBITaxon:1" label="root"/>
      <span end="18972" id="16255782-9069" start="18961">individuals</span>
    </annotation>
    <annotation annotator="Mike Bada" id="organism_Instance_210592" type="identity">
      <class id="NCBITaxon:1" label="root"/>
      <span end="19064" id="16255782-9071" start="19053">individuals</span>
    </annotation>
    <annotation annotator="Mike Bada" id="organism_Instance_43901" type="identity">
      <class id="NCBITaxon:9606" label="Homo sapiens"/>
      <span end="19327" id="16255782-9109" start="19322">human</span>
    </annotation>
    <annotation annotator="Mike Bada" id="organism_Instance_43906" type="identity">
      <class id="NCBITaxon:10088" label="Mus"/>
      <span end="19349" id="16255782-9111" start="19344">mouse</span>
    </annotation>
    <annotation annotator="Mike Bada" id="organism_Instance_210597" type="identity">
      <class id="NCBITaxon:1" label="root"/>
      <span end="21538" id="16255782-9073" start="21527">individuals</span>
    </annotation>
    <annotation annotator="Mike Bada" id="organism_Instance_210602" type="identity">
      <class id="NCBITaxon:1" label="root"/>
      <span end="21602" id="16255782-9075" start="21591">individuals</span>
    </annotation>
    <annotation annotator="Mike Bada" id="organism_Instance_210607" type="identity">
      <class id="NCBITaxon:1" label="root"/>
      <span end="22512" id="16255782-9077" start="22501">individuals</span>
    </annotation>
    <annotation annotator="Mike Bada" id="organism_Instance_210612" type="identity">
      <class id="NCBITaxon:1" label="root"/>
      <span end="24652" id="16255782-9079" start="24641">individuals</span>
    </annotation>
    <annotation annotator="Mike Bada" id="organism_Instance_210617" type="identity">
      <class id="NCBITaxon:1" label="root"/>
      <span end="24671" id="16255782-9081" start="24660">individuals</span>
    </annotation>
    <annotation annotator="Mike Bada" id="organism_Instance_210622" type="identity">
      <class id="NCBITaxon:1" label="root"/>
      <span end="24996" id="16255782-9083" start="24985">individuals</span>
    </annotation>
    <annotation annotator="Mike Bada" id="organism_Instance_210627" type="identity">
      <class id="NCBITaxon:1" label="root"/>
      <span end="25016" id="16255782-9085" start="25005">individuals</span>
    </annotation>
    <annotation annotator="Mike Bada" id="organism_Instance_210632" type="identity">
      <class id="NCBITaxon:1" label="root"/>
      <span end="25151" id="16255782-9087" start="25141">individual</span>
    </annotation>
    <annotation annotator="Mike Bada" id="organism_Instance_210637" type="identity">
      <class id="NCBITaxon:1" label="root"/>
      <span end="25254" id="16255782-9089" start="25244">individual</span>
    </annotation>
    <annotation annotator="Mike Bada" id="organism_Instance_210642" type="identity">
      <class id="NCBITaxon:1" label="root"/>
      <span end="26465" id="16255782-9091" start="26454">individuals</span>
    </annotation>
    <annotation annotator="Mike Bada" id="organism_Instance_210647" type="identity">
      <class id="NCBITaxon:1" label="root"/>
      <span end="26488" id="16255782-9093" start="26477">individuals</span>
    </annotation>
    <annotation annotator="Mike Bada" id="organism_Instance_210652" type="identity">
      <class id="NCBITaxon:1" label="root"/>
      <span end="26510" id="16255782-9095" start="26499">individuals</span>
    </annotation>
    <annotation annotator="Mike Bada" id="organism_Instance_210660" type="identity">
      <class id="NCBITaxon:1" label="root"/>
      <span end="26745" id="16255782-9097" start="26735">individual</span>
    </annotation>
    <annotation annotator="Mike Bada" id="organism_Instance_210665" type="identity">
      <class id="NCBITaxon:1" label="root"/>
      <span end="26768" id="16255782-9099" start="26757">individuals</span>
    </annotation>
    <annotation annotator="Mike Bada" id="organism_Instance_210670" type="identity">
      <class id="NCBITaxon:1" label="root"/>
      <span end="26790" id="16255782-9101" start="26779">individuals</span>
    </annotation>
    <annotation annotator="Mike Bada" id="organism_Instance_210678" type="identity">
      <class id="NCBITaxon:1" label="root"/>
      <span end="27665" id="16255782-9103" start="27654">individuals</span>
    </annotation>
    <graph-space id="Old Knowtator Relations"/>
  </document>
</knowtator-project>
