<?xml version="1.0" encoding="UTF-8" standalone="no"?>
<knowtator-project>
    <document id="16279840" text-file="16279840.txt">
        <annotation annotator="Mike Bada" id="organism_Instance_43915" type="identity">
            <class id="NCBITaxon:33208" label="Metazoa"/>
            <span end="609" id="16279840-9176" start="603">animal</span>
        </annotation>
        <annotation annotator="Mike Bada" id="organism_Instance_43920" type="identity">
            <class id="NCBITaxon:10088" label="Mus"/>
            <span end="746" id="16279840-9178" start="741">mouse</span>
        </annotation>
        <annotation annotator="Mike Bada" id="organism_Instance_43925" type="identity">
            <class id="NCBITaxon:10088" label="Mus"/>
            <span end="866" id="16279840-9180" start="862">mice</span>
        </annotation>
        <annotation annotator="Mike Bada" id="organism_Instance_43930" type="identity">
            <class id="NCBITaxon:10088" label="Mus"/>
            <span end="1199" id="16279840-9182" start="1195">mice</span>
        </annotation>
        <annotation annotator="Mike Bada" id="organism_Instance_43935" type="identity">
            <class id="NCBITaxon:10088" label="Mus"/>
            <span end="1464" id="16279840-9184" start="1460">Mice</span>
        </annotation>
        <annotation annotator="Mike Bada" id="organism_Instance_43940" type="identity">
            <class id="NCBITaxon:10088" label="Mus"/>
            <span end="1708" id="16279840-9186" start="1704">mice</span>
        </annotation>
        <annotation annotator="Mike Bada" id="organism_Instance_210688" type="identity">
            <class id="NCBITaxon:9606" label="Homo sapiens"/>
            <span end="2906" id="16279840-9114" start="2900">humans</span>
        </annotation>
        <annotation annotator="Mike Bada" id="organism_Instance_210693" type="identity">
            <class id="NCBITaxon:9606" label="Homo sapiens"/>
            <span end="4056" id="16279840-9116" start="4050">humans</span>
        </annotation>
        <annotation annotator="Mike Bada" id="organism_Instance_43945" type="identity">
            <class id="NCBITaxon:10088" label="Mus"/>
            <span end="4215" id="16279840-9188" start="4210">mouse</span>
        </annotation>
        <annotation annotator="Mike Bada" id="organism_Instance_43950" type="identity">
            <class id="NCBITaxon:33208" label="Metazoa"/>
            <span end="4482" id="16279840-9190" start="4476">animal</span>
        </annotation>
        <annotation annotator="Mike Bada" id="organism_Instance_43955" type="identity">
            <class id="NCBITaxon:9606" label="Homo sapiens"/>
            <span end="4605" id="16279840-9192" start="4600">human</span>
        </annotation>
        <annotation annotator="Mike Bada" id="organism_Instance_43960" type="identity">
            <class id="NCBITaxon:10088" label="Mus"/>
            <span end="4670" id="16279840-9194" start="4665">mouse</span>
        </annotation>
        <annotation annotator="Mike Bada" id="organism_Instance_210698" type="identity">
            <class id="NCBITaxon:10088" label="Mus"/>
            <span end="5367" id="16279840-9118" start="5362">mouse</span>
        </annotation>
        <annotation annotator="Mike Bada" id="organism_Instance_210703" type="identity">
            <class id="NCBITaxon:9606" label="Homo sapiens"/>
            <span end="5373" id="16279840-9120" start="5368">human</span>
        </annotation>
        <annotation annotator="Mike Bada" id="organism_Instance_43970" type="identity">
            <class id="NCBITaxon:10088" label="Mus"/>
            <span end="5644" id="16279840-9196" start="5639">mouse</span>
        </annotation>
        <annotation annotator="Mike Bada" id="organism_Instance_210723" type="identity">
            <class id="NCBITaxon:10088" label="Mus"/>
            <span end="5679" id="16279840-9122" start="5677">mo</span>
        </annotation>
        <annotation annotator="Mike Bada" id="organism_Instance_210768" type="identity">
            <class id="NCBITaxon:10088" label="Mus"/>
            <span end="7158" id="16279840-9124" start="7156">mo</span>
        </annotation>
        <annotation annotator="Mike Bada" id="organism_Instance_210773" type="identity">
            <class id="NCBITaxon:10088" label="Mus"/>
            <span end="7625" id="16279840-9126" start="7623">mo</span>
        </annotation>
        <annotation annotator="Mike Bada" id="organism_Instance_210795" type="identity">
            <class id="NCBITaxon:10088" label="Mus"/>
            <span end="7869" id="16279840-9128" start="7867">mo</span>
        </annotation>
        <annotation annotator="Mike Bada" id="organism_Instance_43980" type="identity">
            <class id="NCBITaxon:33208" label="Metazoa"/>
            <span end="8088" id="16279840-9198" start="8081">animals</span>
        </annotation>
        <annotation annotator="Mike Bada" id="organism_Instance_43985" type="identity">
            <class id="NCBITaxon:33208" label="Metazoa"/>
            <span end="8258" id="16279840-9200" start="8251">animals</span>
        </annotation>
        <annotation annotator="Mike Bada" id="organism_Instance_43990" type="identity">
            <class id="NCBITaxon:10088" label="Mus"/>
            <span end="8624" id="16279840-9202" start="8620">mice</span>
        </annotation>
        <annotation annotator="Mike Bada" id="organism_Instance_43995" type="identity">
            <class id="NCBITaxon:33208" label="Metazoa"/>
            <span end="8678" id="16279840-9204" start="8672">Animal</span>
        </annotation>
        <annotation annotator="Mike Bada" id="organism_Instance_44000" type="identity">
            <class id="NCBITaxon:33208" label="Metazoa"/>
            <span end="8803" id="16279840-9206" start="8797">Animal</span>
        </annotation>
        <annotation annotator="Mike Bada" id="organism_Instance_44005" type="identity">
            <class id="NCBITaxon:10088" label="Mus"/>
            <span end="9085" id="16279840-9208" start="9080">mouse</span>
        </annotation>
        <annotation annotator="Mike Bada" id="organism_Instance_44010" type="identity">
            <class id="NCBITaxon:33208" label="Metazoa"/>
            <span end="9127" id="16279840-9210" start="9121">animal</span>
        </annotation>
        <annotation annotator="Mike Bada" id="organism_Instance_44015" type="identity">
            <class id="NCBITaxon:33208" label="Metazoa"/>
            <span end="9173" id="16279840-9212" start="9167">animal</span>
        </annotation>
        <annotation annotator="Mike Bada" id="organism_Instance_44025" type="identity">
            <class id="NCBITaxon:10298" label="Human alphaherpesvirus 1"/>
            <span end="10232" id="16279840-9214" start="10228">HSV1</span>
        </annotation>
        <annotation annotator="Mike Bada" id="organism_Instance_44030" type="identity">
            <class id="NCBITaxon:10088" label="Mus"/>
            <span end="10459" id="16279840-9216" start="10454">mouse</span>
        </annotation>
        <annotation annotator="Mike Bada" id="organism_Instance_210830" type="identity">
            <class id="NCBITaxon:40674" label="Mammalia"/>
            <span end="11118" id="16279840-9130" start="11109">Mammalian</span>
        </annotation>
        <annotation annotator="Mike Bada" id="organism_Instance_44035" type="identity">
            <class id="NCBITaxon:10088" label="Mus"/>
            <span end="12174" id="16279840-9218" start="12169">mouse</span>
        </annotation>
        <annotation annotator="Mike Bada" id="organism_Instance_44040" type="identity">
            <class id="NCBITaxon:10088" label="Mus"/>
            <span end="12275" id="16279840-9220" start="12270">mouse</span>
        </annotation>
        <annotation annotator="Mike Bada" id="organism_Instance_44045" type="identity">
            <class id="NCBITaxon:9986" label="Oryctolagus cuniculus"/>
            <span end="12375" id="16279840-9222" start="12369">rabbit</span>
        </annotation>
        <annotation annotator="Mike Bada" id="organism_Instance_44050" type="identity">
            <class id="NCBITaxon:9986" label="Oryctolagus cuniculus"/>
            <span end="12467" id="16279840-9224" start="12461">rabbit</span>
        </annotation>
        <annotation annotator="Mike Bada" id="organism_Instance_44055" type="identity">
            <class id="NCBITaxon:9925" label="Capra hircus"/>
            <span end="12635" id="16279840-9226" start="12631">goat</span>
        </annotation>
        <annotation annotator="Mike Bada" id="organism_Instance_210835" type="identity">
            <class id="NCBITaxon:10088" label="Mus"/>
            <span end="12646" id="16279840-9132" start="12641">mouse</span>
        </annotation>
        <annotation annotator="Mike Bada" id="organism_Instance_44060" type="identity">
            <class id="NCBITaxon:9925" label="Capra hircus"/>
            <span end="12655" id="16279840-9228" start="12651">goat</span>
        </annotation>
        <annotation annotator="Mike Bada" id="organism_Instance_210840" type="identity">
            <class id="NCBITaxon:9986" label="Oryctolagus cuniculus"/>
            <span end="12667" id="16279840-9134" start="12661">rabbit</span>
        </annotation>
        <annotation annotator="Mike Bada" id="organism_Instance_210846" type="identity">
            <class id="NCBITaxon:10088" label="Mus"/>
            <span end="13644" id="16279840-9136" start="13642">mo</span>
        </annotation>
        <annotation annotator="Mike Bada" id="organism_Instance_210851" type="identity">
            <class id="NCBITaxon:10088" label="Mus"/>
            <span end="14101" id="16279840-9138" start="14097">Mice</span>
        </annotation>
        <annotation annotator="Mike Bada" id="organism_Instance_44065" type="identity">
            <class id="NCBITaxon:9925" label="Capra hircus"/>
            <span end="16479" id="16279840-9230" start="16475">goat</span>
        </annotation>
        <annotation annotator="Mike Bada" id="organism_Instance_210856" type="identity">
            <class id="NCBITaxon:9986" label="Oryctolagus cuniculus"/>
            <span end="16569" id="16279840-9140" start="16563">rabbit</span>
        </annotation>
        <annotation annotator="Mike Bada" id="organism_Instance_44070" type="identity">
            <class id="NCBITaxon:9986" label="Oryctolagus cuniculus"/>
            <span end="16681" id="16279840-9232" start="16675">rabbit</span>
        </annotation>
        <annotation annotator="Mike Bada" id="organism_Instance_44075" type="identity">
            <class id="NCBITaxon:9986" label="Oryctolagus cuniculus"/>
            <span end="16707" id="16279840-9234" start="16701">rabbit</span>
        </annotation>
        <annotation annotator="Mike Bada" id="organism_Instance_44080" type="identity">
            <class id="NCBITaxon:9925" label="Capra hircus"/>
            <span end="16861" id="16279840-9236" start="16857">goat</span>
        </annotation>
        <annotation annotator="Mike Bada" id="organism_Instance_210861" type="identity">
            <class id="NCBITaxon:9986" label="Oryctolagus cuniculus"/>
            <span end="17054" id="16279840-9142" start="17048">rabbit</span>
        </annotation>
        <annotation annotator="Mike Bada" id="organism_Instance_44085" type="identity">
            <class id="NCBITaxon:9606" label="Homo sapiens"/>
            <span end="19228" id="16279840-9238" start="19223">Human</span>
        </annotation>
        <annotation annotator="Mike Bada" id="organism_Instance_210868" type="identity">
            <class id="NCBITaxon:10088" label="Mus"/>
            <span end="19424" id="16279840-9144" start="19419">mouse</span>
        </annotation>
        <annotation annotator="Mike Bada" id="organism_Instance_44090" type="identity">
            <class id="NCBITaxon:9606" label="Homo sapiens"/>
            <span end="19432" id="16279840-9240" start="19427">human</span>
        </annotation>
        <annotation annotator="Mike Bada" id="organism_Instance_44095" type="identity">
            <class id="NCBITaxon:10088" label="Mus"/>
            <span end="19766" id="16279840-9242" start="19762">mice</span>
        </annotation>
        <annotation annotator="Mike Bada" id="organism_Instance_44100" type="identity">
            <class id="NCBITaxon:33208" label="Metazoa"/>
            <span end="19801" id="16279840-9244" start="19794">Animals</span>
        </annotation>
        <annotation annotator="Mike Bada" id="organism_Instance_44105" type="identity">
            <class id="NCBITaxon:33208" label="Metazoa"/>
            <span end="20045" id="16279840-9246" start="20039">animal</span>
        </annotation>
        <annotation annotator="Mike Bada" id="organism_Instance_44110" type="identity">
            <class id="NCBITaxon:33208" label="Metazoa"/>
            <span end="20391" id="16279840-9248" start="20385">animal</span>
        </annotation>
        <annotation annotator="Mike Bada" id="organism_Instance_210873" type="identity">
            <class id="NCBITaxon:10088" label="Mus"/>
            <span end="20985" id="16279840-9146" start="20983">mo</span>
        </annotation>
        <annotation annotator="Mike Bada" id="organism_Instance_44115" type="identity">
            <class id="NCBITaxon:10088" label="Mus"/>
            <span end="21149" id="16279840-9250" start="21145">mice</span>
        </annotation>
        <annotation annotator="Mike Bada" id="organism_Instance_44120" type="identity">
            <class id="NCBITaxon:33208" label="Metazoa"/>
            <span end="21160" id="16279840-9252" start="21153">animals</span>
        </annotation>
        <annotation annotator="Mike Bada" id="organism_Instance_44125" type="identity">
            <class id="NCBITaxon:10088" label="Mus"/>
            <span end="21303" id="16279840-9254" start="21299">mice</span>
        </annotation>
        <annotation annotator="Mike Bada" id="organism_Instance_44130" type="identity">
            <class id="NCBITaxon:10088" label="Mus"/>
            <span end="21764" id="16279840-9256" start="21760">mice</span>
        </annotation>
        <annotation annotator="Mike Bada" id="organism_Instance_44135" type="identity">
            <class id="NCBITaxon:10088" label="Mus"/>
            <span end="21977" id="16279840-9258" start="21973">mice</span>
        </annotation>
        <annotation annotator="Mike Bada" id="organism_Instance_44140" type="identity">
            <class id="NCBITaxon:10088" label="Mus"/>
            <span end="22343" id="16279840-9260" start="22339">mice</span>
        </annotation>
        <annotation annotator="Mike Bada" id="organism_Instance_44145" type="identity">
            <class id="NCBITaxon:33208" label="Metazoa"/>
            <span end="22551" id="16279840-9262" start="22544">Animals</span>
        </annotation>
        <annotation annotator="Mike Bada" id="organism_Instance_44150" type="identity">
            <class id="NCBITaxon:10088" label="Mus"/>
            <span end="22801" id="16279840-9264" start="22797">mice</span>
        </annotation>
        <annotation annotator="Mike Bada" id="organism_Instance_44155" type="identity">
            <class id="NCBITaxon:33208" label="Metazoa"/>
            <span end="23112" id="16279840-9266" start="23105">animals</span>
        </annotation>
        <annotation annotator="Mike Bada" id="organism_Instance_44160" type="identity">
            <class id="NCBITaxon:10088" label="Mus"/>
            <span end="23180" id="16279840-9268" start="23176">mice</span>
        </annotation>
        <annotation annotator="Mike Bada" id="organism_Instance_44165" type="identity">
            <class id="NCBITaxon:33208" label="Metazoa"/>
            <span end="23513" id="16279840-9270" start="23506">animals</span>
        </annotation>
        <annotation annotator="Mike Bada" id="organism_Instance_44170" type="identity">
            <class id="NCBITaxon:10088" label="Mus"/>
            <span end="23539" id="16279840-9272" start="23535">mice</span>
        </annotation>
        <annotation annotator="Mike Bada" id="organism_Instance_44175" type="identity">
            <class id="NCBITaxon:9606" label="Homo sapiens"/>
            <span end="23969" id="16279840-9274" start="23964">human</span>
        </annotation>
        <annotation annotator="Mike Bada" id="organism_Instance_44180" type="identity">
            <class id="NCBITaxon:10088" label="Mus"/>
            <span end="24019" id="16279840-9276" start="24015">mice</span>
        </annotation>
        <annotation annotator="Mike Bada" id="organism_Instance_44185" type="identity">
            <class id="NCBITaxon:33208" label="Metazoa"/>
            <span end="24051" id="16279840-9278" start="24044">animals</span>
        </annotation>
        <annotation annotator="Mike Bada" id="organism_Instance_44190" type="identity">
            <class id="NCBITaxon:33208" label="Metazoa"/>
            <span end="24462" id="16279840-9280" start="24455">animals</span>
        </annotation>
        <annotation annotator="Mike Bada" id="organism_Instance_44195" type="identity">
            <class id="NCBITaxon:10088" label="Mus"/>
            <span end="24606" id="16279840-9282" start="24602">mice</span>
        </annotation>
        <annotation annotator="Mike Bada" id="organism_Instance_44200" type="identity">
            <class id="NCBITaxon:33208" label="Metazoa"/>
            <span end="24928" id="16279840-9284" start="24921">animals</span>
        </annotation>
        <annotation annotator="Mike Bada" id="organism_Instance_44205" type="identity">
            <class id="NCBITaxon:33208" label="Metazoa"/>
            <span end="25083" id="16279840-9286" start="25076">animals</span>
        </annotation>
        <annotation annotator="Mike Bada" id="organism_Instance_44210" type="identity">
            <class id="NCBITaxon:10088" label="Mus"/>
            <span end="25228" id="16279840-9288" start="25224">mice</span>
        </annotation>
        <annotation annotator="Mike Bada" id="organism_Instance_44215" type="identity">
            <class id="NCBITaxon:10088" label="Mus"/>
            <span end="25281" id="16279840-9290" start="25277">mice</span>
        </annotation>
        <annotation annotator="Mike Bada" id="organism_Instance_44220" type="identity">
            <class id="NCBITaxon:10088" label="Mus"/>
            <span end="25382" id="16279840-9292" start="25378">mice</span>
        </annotation>
        <annotation annotator="Mike Bada" id="organism_Instance_44225" type="identity">
            <class id="NCBITaxon:33208" label="Metazoa"/>
            <span end="25461" id="16279840-9294" start="25454">animals</span>
        </annotation>
        <annotation annotator="Mike Bada" id="organism_Instance_44230" type="identity">
            <class id="NCBITaxon:33208" label="Metazoa"/>
            <span end="25876" id="16279840-9296" start="25869">animals</span>
        </annotation>
        <annotation annotator="Mike Bada" id="organism_Instance_44235" type="identity">
            <class id="NCBITaxon:10088" label="Mus"/>
            <span end="25964" id="16279840-9298" start="25960">mice</span>
        </annotation>
        <annotation annotator="Mike Bada" id="organism_Instance_44240" type="identity">
            <class id="NCBITaxon:10088" label="Mus"/>
            <span end="26060" id="16279840-9300" start="26056">mice</span>
        </annotation>
        <annotation annotator="Mike Bada" id="organism_Instance_44245" type="identity">
            <class id="NCBITaxon:9606" label="Homo sapiens"/>
            <span end="26565" id="16279840-9302" start="26560">human</span>
        </annotation>
        <annotation annotator="Mike Bada" id="organism_Instance_44250" type="identity">
            <class id="NCBITaxon:10088" label="Mus"/>
            <span end="26624" id="16279840-9304" start="26620">mice</span>
        </annotation>
        <annotation annotator="Mike Bada" id="organism_Instance_44255" type="identity">
            <class id="NCBITaxon:10088" label="Mus"/>
            <span end="26750" id="16279840-9306" start="26746">mice</span>
        </annotation>
        <annotation annotator="Mike Bada" id="organism_Instance_44260" type="identity">
            <class id="NCBITaxon:10088" label="Mus"/>
            <span end="26844" id="16279840-9308" start="26840">mice</span>
        </annotation>
        <annotation annotator="Mike Bada" id="organism_Instance_44265" type="identity">
            <class id="NCBITaxon:10088" label="Mus"/>
            <span end="27000" id="16279840-9310" start="26996">mice</span>
        </annotation>
        <annotation annotator="Mike Bada" id="organism_Instance_44270" type="identity">
            <class id="NCBITaxon:10088" label="Mus"/>
            <span end="27250" id="16279840-9312" start="27246">mice</span>
        </annotation>
        <annotation annotator="Mike Bada" id="organism_Instance_44275" type="identity">
            <class id="NCBITaxon:10088" label="Mus"/>
            <span end="27345" id="16279840-9314" start="27341">mice</span>
        </annotation>
        <annotation annotator="Mike Bada" id="organism_Instance_44280" type="identity">
            <class id="NCBITaxon:33208" label="Metazoa"/>
            <span end="27491" id="16279840-9316" start="27484">animals</span>
        </annotation>
        <annotation annotator="Mike Bada" id="organism_Instance_44285" type="identity">
            <class id="NCBITaxon:33208" label="Metazoa"/>
            <span end="27523" id="16279840-9318" start="27516">Animals</span>
        </annotation>
        <annotation annotator="Mike Bada" id="organism_Instance_44290" type="identity">
            <class id="NCBITaxon:10088" label="Mus"/>
            <span end="27934" id="16279840-9320" start="27930">mice</span>
        </annotation>
        <annotation annotator="Mike Bada" id="organism_Instance_44295" type="identity">
            <class id="NCBITaxon:33208" label="Metazoa"/>
            <span end="28097" id="16279840-9322" start="28090">animals</span>
        </annotation>
        <annotation annotator="Mike Bada" id="organism_Instance_44300" type="identity">
            <class id="NCBITaxon:33208" label="Metazoa"/>
            <span end="28243" id="16279840-9324" start="28236">animals</span>
        </annotation>
        <annotation annotator="Mike Bada" id="organism_Instance_44305" type="identity">
            <class id="NCBITaxon:33208" label="Metazoa"/>
            <span end="28511" id="16279840-9326" start="28504">animals</span>
        </annotation>
        <annotation annotator="Mike Bada" id="organism_Instance_44310" type="identity">
            <class id="NCBITaxon:10088" label="Mus"/>
            <span end="28628" id="16279840-9328" start="28624">mice</span>
        </annotation>
        <annotation annotator="Mike Bada" id="organism_Instance_44315" type="identity">
            <class id="NCBITaxon:33208" label="Metazoa"/>
            <span end="28692" id="16279840-9330" start="28685">animals</span>
        </annotation>
        <annotation annotator="Mike Bada" id="organism_Instance_44320" type="identity">
            <class id="NCBITaxon:33208" label="Metazoa"/>
            <span end="28742" id="16279840-9332" start="28735">animals</span>
        </annotation>
        <annotation annotator="Mike Bada" id="organism_Instance_44325" type="identity">
            <class id="NCBITaxon:33208" label="Metazoa"/>
            <span end="29053" id="16279840-9334" start="29047">animal</span>
        </annotation>
        <annotation annotator="Mike Bada" id="organism_Instance_44330" type="identity">
            <class id="NCBITaxon:10088" label="Mus"/>
            <span end="29402" id="16279840-9336" start="29398">mice</span>
        </annotation>
        <annotation annotator="Mike Bada" id="organism_Instance_44335" type="identity">
            <class id="NCBITaxon:33208" label="Metazoa"/>
            <span end="29674" id="16279840-9338" start="29667">animals</span>
        </annotation>
        <annotation annotator="Mike Bada" id="organism_Instance_44340" type="identity">
            <class id="NCBITaxon:10088" label="Mus"/>
            <span end="30276" id="16279840-9340" start="30272">mice</span>
        </annotation>
        <annotation annotator="Mike Bada" id="organism_Instance_44345" type="identity">
            <class id="NCBITaxon:10088" label="Mus"/>
            <span end="30357" id="16279840-9342" start="30353">mice</span>
        </annotation>
        <annotation annotator="Mike Bada" id="organism_Instance_44350" type="identity">
            <class id="NCBITaxon:10088" label="Mus"/>
            <span end="30471" id="16279840-9344" start="30467">mice</span>
        </annotation>
        <annotation annotator="Mike Bada" id="organism_Instance_44355" type="identity">
            <class id="NCBITaxon:33208" label="Metazoa"/>
            <span end="30681" id="16279840-9346" start="30674">animals</span>
        </annotation>
        <annotation annotator="Mike Bada" id="organism_Instance_44360" type="identity">
            <class id="NCBITaxon:10088" label="Mus"/>
            <span end="30718" id="16279840-9348" start="30714">mice</span>
        </annotation>
        <annotation annotator="Mike Bada" id="organism_Instance_44365" type="identity">
            <class id="NCBITaxon:10088" label="Mus"/>
            <span end="30795" id="16279840-9350" start="30791">mice</span>
        </annotation>
        <annotation annotator="Mike Bada" id="organism_Instance_44370" type="identity">
            <class id="NCBITaxon:33208" label="Metazoa"/>
            <span end="31058" id="16279840-9352" start="31051">animals</span>
        </annotation>
        <annotation annotator="Mike Bada" id="organism_Instance_44375" type="identity">
            <class id="NCBITaxon:10088" label="Mus"/>
            <span end="31140" id="16279840-9354" start="31136">mice</span>
        </annotation>
        <annotation annotator="Mike Bada" id="organism_Instance_44380" type="identity">
            <class id="NCBITaxon:33208" label="Metazoa"/>
            <span end="31242" id="16279840-9356" start="31236">animal</span>
        </annotation>
        <annotation annotator="Mike Bada" id="organism_Instance_44385" type="identity">
            <class id="NCBITaxon:10088" label="Mus"/>
            <span end="31554" id="16279840-9358" start="31550">mice</span>
        </annotation>
        <annotation annotator="Mike Bada" id="organism_Instance_44390" type="identity">
            <class id="NCBITaxon:10088" label="Mus"/>
            <span end="31725" id="16279840-9360" start="31721">mice</span>
        </annotation>
        <annotation annotator="Mike Bada" id="organism_Instance_44395" type="identity">
            <class id="NCBITaxon:10088" label="Mus"/>
            <span end="31842" id="16279840-9362" start="31838">mice</span>
        </annotation>
        <annotation annotator="Mike Bada" id="organism_Instance_44400" type="identity">
            <class id="NCBITaxon:33208" label="Metazoa"/>
            <span end="31927" id="16279840-9364" start="31920">animals</span>
        </annotation>
        <annotation annotator="Mike Bada" id="organism_Instance_210878" type="identity">
            <class id="NCBITaxon:9606" label="Homo sapiens"/>
            <span end="32388" id="16279840-9148" start="32383">human</span>
        </annotation>
        <annotation annotator="Mike Bada" id="organism_Instance_44405" type="identity">
            <class id="NCBITaxon:33208" label="Metazoa"/>
            <span end="32424" id="16279840-9366" start="32417">animals</span>
        </annotation>
        <annotation annotator="Mike Bada" id="organism_Instance_44410" type="identity">
            <class id="NCBITaxon:10088" label="Mus"/>
            <span end="32926" id="16279840-9368" start="32922">mice</span>
        </annotation>
        <annotation annotator="Mike Bada" id="organism_Instance_44415" type="identity">
            <class id="NCBITaxon:33208" label="Metazoa"/>
            <span end="33274" id="16279840-9370" start="33267">animals</span>
        </annotation>
        <annotation annotator="Mike Bada" id="organism_Instance_44420" type="identity">
            <class id="NCBITaxon:33208" label="Metazoa"/>
            <span end="33338" id="16279840-9372" start="33331">animals</span>
        </annotation>
        <annotation annotator="Mike Bada" id="organism_Instance_44425" type="identity">
            <class id="NCBITaxon:33208" label="Metazoa"/>
            <span end="33724" id="16279840-9374" start="33717">animals</span>
        </annotation>
        <annotation annotator="Mike Bada" id="organism_Instance_44430" type="identity">
            <class id="NCBITaxon:10088" label="Mus"/>
            <span end="33810" id="16279840-9376" start="33806">mice</span>
        </annotation>
        <annotation annotator="Mike Bada" id="organism_Instance_44435" type="identity">
            <class id="NCBITaxon:10088" label="Mus"/>
            <span end="33917" id="16279840-9378" start="33913">mice</span>
        </annotation>
        <annotation annotator="Mike Bada" id="organism_Instance_44440" type="identity">
            <class id="NCBITaxon:10088" label="Mus"/>
            <span end="34128" id="16279840-9380" start="34124">mice</span>
        </annotation>
        <annotation annotator="Mike Bada" id="organism_Instance_44445" type="identity">
            <class id="NCBITaxon:10088" label="Mus"/>
            <span end="34333" id="16279840-9382" start="34329">mice</span>
        </annotation>
        <annotation annotator="Mike Bada" id="organism_Instance_44450" type="identity">
            <class id="NCBITaxon:33208" label="Metazoa"/>
            <span end="34354" id="16279840-9384" start="34347">animals</span>
        </annotation>
        <annotation annotator="Mike Bada" id="organism_Instance_44455" type="identity">
            <class id="NCBITaxon:10088" label="Mus"/>
            <span end="34481" id="16279840-9386" start="34477">mice</span>
        </annotation>
        <annotation annotator="Mike Bada" id="organism_Instance_44460" type="identity">
            <class id="NCBITaxon:33208" label="Metazoa"/>
            <span end="34695" id="16279840-9388" start="34688">animals</span>
        </annotation>
        <annotation annotator="Mike Bada" id="organism_Instance_44465" type="identity">
            <class id="NCBITaxon:10088" label="Mus"/>
            <span end="34770" id="16279840-9390" start="34766">mice</span>
        </annotation>
        <annotation annotator="Mike Bada" id="organism_Instance_44470" type="identity">
            <class id="NCBITaxon:33208" label="Metazoa"/>
            <span end="34915" id="16279840-9392" start="34908">animals</span>
        </annotation>
        <annotation annotator="Mike Bada" id="organism_Instance_44475" type="identity">
            <class id="NCBITaxon:10088" label="Mus"/>
            <span end="34978" id="16279840-9394" start="34974">mice</span>
        </annotation>
        <annotation annotator="Mike Bada" id="organism_Instance_44480" type="identity">
            <class id="NCBITaxon:10088" label="Mus"/>
            <span end="35314" id="16279840-9396" start="35310">mice</span>
        </annotation>
        <annotation annotator="Mike Bada" id="organism_Instance_44485" type="identity">
            <class id="NCBITaxon:33208" label="Metazoa"/>
            <span end="35397" id="16279840-9398" start="35390">animals</span>
        </annotation>
        <annotation annotator="Mike Bada" id="organism_Instance_44490" type="identity">
            <class id="NCBITaxon:10088" label="Mus"/>
            <span end="35557" id="16279840-9400" start="35553">mice</span>
        </annotation>
        <annotation annotator="Mike Bada" id="organism_Instance_44495" type="identity">
            <class id="NCBITaxon:33208" label="Metazoa"/>
            <span end="35623" id="16279840-9402" start="35616">animals</span>
        </annotation>
        <annotation annotator="Mike Bada" id="organism_Instance_44505" type="identity">
            <class id="NCBITaxon:10088" label="Mus"/>
            <span end="35813" id="16279840-9404" start="35809">mice</span>
        </annotation>
        <annotation annotator="Mike Bada" id="organism_Instance_44510" type="identity">
            <class id="NCBITaxon:10088" label="Mus"/>
            <span end="36098" id="16279840-9406" start="36094">mice</span>
        </annotation>
        <annotation annotator="Mike Bada" id="organism_Instance_44515" type="identity">
            <class id="NCBITaxon:10088" label="Mus"/>
            <span end="36365" id="16279840-9408" start="36361">mice</span>
        </annotation>
        <annotation annotator="Mike Bada" id="organism_Instance_44520" type="identity">
            <class id="NCBITaxon:33208" label="Metazoa"/>
            <span end="36381" id="16279840-9410" start="36374">Animals</span>
        </annotation>
        <annotation annotator="Mike Bada" id="organism_Instance_44525" type="identity">
            <class id="NCBITaxon:33208" label="Metazoa"/>
            <span end="36518" id="16279840-9412" start="36511">animals</span>
        </annotation>
        <annotation annotator="Mike Bada" id="organism_Instance_44530" type="identity">
            <class id="NCBITaxon:10088" label="Mus"/>
            <span end="36695" id="16279840-9414" start="36690">mouse</span>
        </annotation>
        <annotation annotator="Mike Bada" id="organism_Instance_44535" type="identity">
            <class id="NCBITaxon:10088" label="Mus"/>
            <span end="36846" id="16279840-9416" start="36842">mice</span>
        </annotation>
        <annotation annotator="Mike Bada" id="organism_Instance_44540" type="identity">
            <class id="NCBITaxon:10088" label="Mus"/>
            <span end="37299" id="16279840-9418" start="37295">mice</span>
        </annotation>
        <annotation annotator="Mike Bada" id="organism_Instance_44545" type="identity">
            <class id="NCBITaxon:10088" label="Mus"/>
            <span end="37455" id="16279840-9420" start="37451">mice</span>
        </annotation>
        <annotation annotator="Mike Bada" id="organism_Instance_44550" type="identity">
            <class id="NCBITaxon:33208" label="Metazoa"/>
            <span end="37656" id="16279840-9422" start="37649">animals</span>
        </annotation>
        <annotation annotator="Mike Bada" id="organism_Instance_44555" type="identity">
            <class id="NCBITaxon:10088" label="Mus"/>
            <span end="38449" id="16279840-9424" start="38445">mice</span>
        </annotation>
        <annotation annotator="Mike Bada" id="organism_Instance_44560" type="identity">
            <class id="NCBITaxon:10088" label="Mus"/>
            <span end="38660" id="16279840-9426" start="38656">mice</span>
        </annotation>
        <annotation annotator="Mike Bada" id="organism_Instance_44565" type="identity">
            <class id="NCBITaxon:33208" label="Metazoa"/>
            <span end="39309" id="16279840-9428" start="39302">animals</span>
        </annotation>
        <annotation annotator="Mike Bada" id="organism_Instance_44570" type="identity">
            <class id="NCBITaxon:33208" label="Metazoa"/>
            <span end="39534" id="16279840-9430" start="39527">animals</span>
        </annotation>
        <annotation annotator="Mike Bada" id="organism_Instance_210883" type="identity">
            <class id="NCBITaxon:9606" label="Homo sapiens"/>
            <span end="40010" id="16279840-9150" start="40004">humans</span>
        </annotation>
        <annotation annotator="Mike Bada" id="organism_Instance_44575" type="identity">
            <class id="NCBITaxon:9989" label="Rodentia"/>
            <span end="40098" id="16279840-9432" start="40092">rodent</span>
        </annotation>
        <annotation annotator="Mike Bada" id="organism_Instance_44580" type="identity">
            <class id="NCBITaxon:10088" label="Mus"/>
            <span end="40595" id="16279840-9434" start="40591">mice</span>
        </annotation>
        <annotation annotator="Mike Bada" id="organism_Instance_44585" type="identity">
            <class id="NCBITaxon:9606" label="Homo sapiens"/>
            <span end="40803" id="16279840-9436" start="40798">human</span>
        </annotation>
        <annotation annotator="Mike Bada" id="organism_Instance_44590" type="identity">
            <class id="NCBITaxon:10088" label="Mus"/>
            <span end="40890" id="16279840-9438" start="40886">mice</span>
        </annotation>
        <annotation annotator="Mike Bada" id="organism_Instance_44595" type="identity">
            <class id="NCBITaxon:10088" label="Mus"/>
            <span end="41120" id="16279840-9440" start="41115">mouse</span>
        </annotation>
        <annotation annotator="Mike Bada" id="organism_Instance_44600" type="identity">
            <class id="NCBITaxon:10088" label="Mus"/>
            <span end="41213" id="16279840-9442" start="41208">mouse</span>
        </annotation>
        <annotation annotator="Mike Bada" id="organism_Instance_44605" type="identity">
            <class id="NCBITaxon:9606" label="Homo sapiens"/>
            <span end="41240" id="16279840-9444" start="41235">human</span>
        </annotation>
        <annotation annotator="Mike Bada" id="organism_Instance_44610" type="identity">
            <class id="NCBITaxon:10088" label="Mus"/>
            <span end="41419" id="16279840-9446" start="41415">mice</span>
        </annotation>
        <annotation annotator="Mike Bada" id="organism_Instance_210888" type="identity">
            <class id="NCBITaxon:9606" label="Homo sapiens"/>
            <span end="41611" id="16279840-9152" start="41605">humans</span>
        </annotation>
        <annotation annotator="Mike Bada" id="organism_Instance_44615" type="identity">
            <class id="NCBITaxon:9606" label="Homo sapiens"/>
            <span end="42003" id="16279840-9448" start="41998">human</span>
        </annotation>
        <annotation annotator="Mike Bada" id="organism_Instance_44620" type="identity">
            <class id="NCBITaxon:10088" label="Mus"/>
            <span end="42072" id="16279840-9450" start="42067">mouse</span>
        </annotation>
        <annotation annotator="Mike Bada" id="organism_Instance_44625" type="identity">
            <class id="NCBITaxon:9606" label="Homo sapiens"/>
            <span end="42098" id="16279840-9452" start="42093">human</span>
        </annotation>
        <annotation annotator="Mike Bada" id="organism_Instance_44630" type="identity">
            <class id="NCBITaxon:10088" label="Mus"/>
            <span end="42155" id="16279840-9454" start="42151">mice</span>
        </annotation>
        <annotation annotator="Mike Bada" id="organism_Instance_44635" type="identity">
            <class id="NCBITaxon:9606" label="Homo sapiens"/>
            <span end="42306" id="16279840-9456" start="42301">human</span>
        </annotation>
        <annotation annotator="Mike Bada" id="organism_Instance_44640" type="identity">
            <class id="NCBITaxon:10088" label="Mus"/>
            <span end="42332" id="16279840-9458" start="42327">mouse</span>
        </annotation>
        <annotation annotator="Mike Bada" id="organism_Instance_44645" type="identity">
            <class id="NCBITaxon:10088" label="Mus"/>
            <span end="42414" id="16279840-9460" start="42409">mouse</span>
        </annotation>
        <annotation annotator="Mike Bada" id="organism_Instance_44650" type="identity">
            <class id="NCBITaxon:9606" label="Homo sapiens"/>
            <span end="42576" id="16279840-9462" start="42571">human</span>
        </annotation>
        <annotation annotator="Mike Bada" id="organism_Instance_44655" type="identity">
            <class id="NCBITaxon:9606" label="Homo sapiens"/>
            <span end="42776" id="16279840-9464" start="42771">human</span>
        </annotation>
        <annotation annotator="Mike Bada" id="organism_Instance_44660" type="identity">
            <class id="NCBITaxon:10088" label="Mus"/>
            <span end="42975" id="16279840-9466" start="42971">mice</span>
        </annotation>
        <annotation annotator="Mike Bada" id="organism_Instance_44665" type="identity">
            <class id="NCBITaxon:10088" label="Mus"/>
            <span end="43004" id="16279840-9468" start="42999">mouse</span>
        </annotation>
        <annotation annotator="Mike Bada" id="organism_Instance_44670" type="identity">
            <class id="NCBITaxon:9606" label="Homo sapiens"/>
            <span end="43267" id="16279840-9470" start="43262">human</span>
        </annotation>
        <annotation annotator="Mike Bada" id="organism_Instance_44675" type="identity">
            <class id="NCBITaxon:10088" label="Mus"/>
            <span end="43291" id="16279840-9472" start="43286">mouse</span>
        </annotation>
        <annotation annotator="Mike Bada" id="organism_Instance_44680" type="identity">
            <class id="NCBITaxon:10088" label="Mus"/>
            <span end="43504" id="16279840-9474" start="43500">mice</span>
        </annotation>
        <annotation annotator="Mike Bada" id="organism_Instance_44685" type="identity">
            <class id="NCBITaxon:10088" label="Mus"/>
            <span end="43573" id="16279840-9476" start="43568">mouse</span>
        </annotation>
        <annotation annotator="Mike Bada" id="organism_Instance_44690" type="identity">
            <class id="NCBITaxon:10088" label="Mus"/>
            <span end="43704" id="16279840-9478" start="43700">mice</span>
        </annotation>
        <annotation annotator="Mike Bada" id="organism_Instance_44695" type="identity">
            <class id="NCBITaxon:10088" label="Mus"/>
            <span end="43842" id="16279840-9480" start="43838">mice</span>
        </annotation>
        <annotation annotator="Mike Bada" id="organism_Instance_44700" type="identity">
            <class id="NCBITaxon:33208" label="Metazoa"/>
            <span end="44155" id="16279840-9482" start="44148">animals</span>
        </annotation>
        <annotation annotator="Mike Bada" id="organism_Instance_44705" type="identity">
            <class id="NCBITaxon:10088" label="Mus"/>
            <span end="44364" id="16279840-9484" start="44359">mouse</span>
        </annotation>
        <annotation annotator="Mike Bada" id="organism_Instance_44710" type="identity">
            <class id="NCBITaxon:10088" label="Mus"/>
            <span end="44629" id="16279840-9486" start="44624">mouse</span>
        </annotation>
        <annotation annotator="Mike Bada" id="organism_Instance_210893" type="identity">
            <class id="NCBITaxon:11646" label="Lentivirus"/>
            <span end="45091" id="16279840-9154" start="45081">lentiviral</span>
        </annotation>
        <annotation annotator="Mike Bada" id="organism_Instance_44715" type="identity">
            <class id="NCBITaxon:10088" label="Mus"/>
            <span end="45570" id="16279840-9488" start="45565">mouse</span>
        </annotation>
        <annotation annotator="Mike Bada" id="organism_Instance_44720" type="identity">
            <class id="NCBITaxon:10239" label="Viruses"/>
            <span end="45910" id="16279840-9490" start="45905">viral</span>
        </annotation>
        <annotation annotator="Mike Bada" id="organism_Instance_44725" type="identity">
            <class id="NCBITaxon:10088" label="Mus"/>
            <span end="46432" id="16279840-9492" start="46428">mice</span>
        </annotation>
        <annotation annotator="Mike Bada" id="organism_Instance_44730" type="identity">
            <class id="NCBITaxon:10088" label="Mus"/>
            <span end="46777" id="16279840-9494" start="46772">mouse</span>
        </annotation>
        <annotation annotator="Mike Bada" id="organism_Instance_210898" type="identity">
            <class id="NCBITaxon:9606" label="Homo sapiens"/>
            <span end="46864" id="16279840-9156" start="46858">humans</span>
        </annotation>
        <annotation annotator="Mike Bada" id="organism_Instance_44735" type="identity">
            <class id="NCBITaxon:10088" label="Mus"/>
            <span end="46918" id="16279840-9496" start="46914">mice</span>
        </annotation>
        <annotation annotator="Mike Bada" id="organism_Instance_44740" type="identity">
            <class id="NCBITaxon:9606" label="Homo sapiens"/>
            <span end="46943" id="16279840-9498" start="46938">human</span>
        </annotation>
        <annotation annotator="Mike Bada" id="organism_Instance_44745" type="identity">
            <class id="NCBITaxon:10088" label="Mus"/>
            <span end="47008" id="16279840-9500" start="47004">mice</span>
        </annotation>
        <annotation annotator="Mike Bada" id="organism_Instance_44750" type="identity">
            <class id="NCBITaxon:10088" label="Mus"/>
            <span end="47302" id="16279840-9502" start="47297">mouse</span>
        </annotation>
        <annotation annotator="Mike Bada" id="organism_Instance_44755" type="identity">
            <class id="NCBITaxon:10088" label="Mus"/>
            <span end="48013" id="16279840-9504" start="48009">mice</span>
        </annotation>
        <annotation annotator="Mike Bada" id="organism_Instance_44760" type="identity">
            <class id="NCBITaxon:10088" label="Mus"/>
            <span end="48254" id="16279840-9506" start="48250">mice</span>
        </annotation>
        <annotation annotator="Mike Bada" id="organism_Instance_44765" type="identity">
            <class id="NCBITaxon:10088" label="Mus"/>
            <span end="48359" id="16279840-9508" start="48355">mice</span>
        </annotation>
        <annotation annotator="Mike Bada" id="organism_Instance_44770" type="identity">
            <class id="NCBITaxon:10088" label="Mus"/>
            <span end="48519" id="16279840-9510" start="48515">mice</span>
        </annotation>
        <annotation annotator="Mike Bada" id="organism_Instance_44775" type="identity">
            <class id="NCBITaxon:10088" label="Mus"/>
            <span end="49092" id="16279840-9512" start="49088">mice</span>
        </annotation>
        <annotation annotator="Mike Bada" id="organism_Instance_44780" type="identity">
            <class id="NCBITaxon:10088" label="Mus"/>
            <span end="49652" id="16279840-9514" start="49647">mouse</span>
        </annotation>
        <annotation annotator="Mike Bada" id="organism_Instance_44785" type="identity">
            <class id="NCBITaxon:9606" label="Homo sapiens"/>
            <span end="50298" id="16279840-9516" start="50293">human</span>
        </annotation>
        <annotation annotator="Mike Bada" id="organism_Instance_44790" type="identity">
            <class id="NCBITaxon:9606" label="Homo sapiens"/>
            <span end="50564" id="16279840-9518" start="50559">human</span>
        </annotation>
        <annotation annotator="Mike Bada" id="organism_Instance_210908" type="identity">
            <class id="NCBITaxon:9606" label="Homo sapiens"/>
            <span end="50824" id="16279840-9158" start="50819">human</span>
        </annotation>
        <annotation annotator="Mike Bada" id="organism_Instance_44795" type="identity">
            <class id="NCBITaxon:33208" label="Metazoa"/>
            <span end="50936" id="16279840-9520" start="50929">animals</span>
        </annotation>
        <annotation annotator="Mike Bada" id="organism_Instance_44800" type="identity">
            <class id="NCBITaxon:10088" label="Mus"/>
            <span end="51919" id="16279840-9522" start="51915">mice</span>
        </annotation>
        <annotation annotator="Mike Bada" id="organism_Instance_44805" type="identity">
            <class id="NCBITaxon:10088" label="Mus"/>
            <span end="52258" id="16279840-9524" start="52254">mice</span>
        </annotation>
        <annotation annotator="Mike Bada" id="organism_Instance_44810" type="identity">
            <class id="NCBITaxon:33208" label="Metazoa"/>
            <span end="52443" id="16279840-9526" start="52437">animal</span>
        </annotation>
        <annotation annotator="Mike Bada" id="organism_Instance_44815" type="identity">
            <class id="NCBITaxon:33208" label="Metazoa"/>
            <span end="52530" id="16279840-9528" start="52523">animals</span>
        </annotation>
        <annotation annotator="Mike Bada" id="organism_Instance_44820" type="identity">
            <class id="NCBITaxon:10088" label="Mus"/>
            <span end="52796" id="16279840-9530" start="52792">mice</span>
        </annotation>
        <annotation annotator="Mike Bada" id="organism_Instance_44825" type="identity">
            <class id="NCBITaxon:10088" label="Mus"/>
            <span end="53242" id="16279840-9532" start="53238">mice</span>
        </annotation>
        <annotation annotator="Mike Bada" id="organism_Instance_44830" type="identity">
            <class id="NCBITaxon:33208" label="Metazoa"/>
            <span end="53283" id="16279840-9534" start="53276">animals</span>
        </annotation>
        <annotation annotator="Mike Bada" id="organism_Instance_44835" type="identity">
            <class id="NCBITaxon:10088" label="Mus"/>
            <span end="53759" id="16279840-9536" start="53755">Mice</span>
        </annotation>
        <annotation annotator="Mike Bada" id="organism_Instance_44840" type="identity">
            <class id="NCBITaxon:10088" label="Mus"/>
            <span end="54045" id="16279840-9538" start="54041">mice</span>
        </annotation>
        <annotation annotator="Mike Bada" id="organism_Instance_210913" type="identity">
            <class id="NCBITaxon:9606" label="Homo sapiens"/>
            <span end="54099" id="16279840-9160" start="54094">human</span>
        </annotation>
        <annotation annotator="Mike Bada" id="organism_Instance_44845" type="identity">
            <class id="NCBITaxon:10088" label="Mus"/>
            <span end="54945" id="16279840-9540" start="54941">mice</span>
        </annotation>
        <annotation annotator="Mike Bada" id="organism_Instance_44850" type="identity">
            <class id="NCBITaxon:10088" label="Mus"/>
            <span end="55111" id="16279840-9542" start="55107">mice</span>
        </annotation>
        <annotation annotator="Mike Bada" id="organism_Instance_44855" type="identity">
            <class id="NCBITaxon:33208" label="Metazoa"/>
            <span end="55161" id="16279840-9544" start="55154">animals</span>
        </annotation>
        <annotation annotator="Mike Bada" id="organism_Instance_44860" type="identity">
            <class id="NCBITaxon:10088" label="Mus"/>
            <span end="55298" id="16279840-9546" start="55294">mice</span>
        </annotation>
        <annotation annotator="Mike Bada" id="organism_Instance_210918" type="identity">
            <class id="NCBITaxon:10088" label="Mus"/>
            <span end="55476" id="16279840-9162" start="55472">Mice</span>
        </annotation>
        <annotation annotator="Mike Bada" id="organism_Instance_44865" type="identity">
            <class id="NCBITaxon:10088" label="Mus"/>
            <span end="55608" id="16279840-9548" start="55604">mice</span>
        </annotation>
        <annotation annotator="Mike Bada" id="organism_Instance_210923" type="identity">
            <class id="NCBITaxon:1" label="root"/>
            <span end="56205" id="16279840-9164" start="56194">individuals</span>
        </annotation>
        <annotation annotator="Mike Bada" id="organism_Instance_44870" type="identity">
            <class id="NCBITaxon:33208" label="Metazoa"/>
            <span end="56869" id="16279840-9550" start="56863">animal</span>
        </annotation>
        <annotation annotator="Mike Bada" id="organism_Instance_44875" type="identity">
            <class id="NCBITaxon:10088" label="Mus"/>
            <span end="57066" id="16279840-9552" start="57062">mice</span>
        </annotation>
        <annotation annotator="Mike Bada" id="organism_Instance_44880" type="identity">
            <class id="NCBITaxon:9606" label="Homo sapiens"/>
            <span end="57146" id="16279840-9554" start="57141">human</span>
        </annotation>
        <annotation annotator="Mike Bada" id="organism_Instance_44885" type="identity">
            <class id="NCBITaxon:10088" label="Mus"/>
            <span end="57183" id="16279840-9556" start="57179">mice</span>
        </annotation>
        <annotation annotator="Mike Bada" id="organism_Instance_44890" type="identity">
            <class id="NCBITaxon:10088" label="Mus"/>
            <span end="57195" id="16279840-9558" start="57191">mice</span>
        </annotation>
        <annotation annotator="Mike Bada" id="organism_Instance_44895" type="identity">
            <class id="NCBITaxon:10088" label="Mus"/>
            <span end="57289" id="16279840-9560" start="57285">mice</span>
        </annotation>
        <annotation annotator="Mike Bada" id="organism_Instance_44900" type="identity">
            <class id="NCBITaxon:10088" label="Mus"/>
            <span end="57333" id="16279840-9562" start="57329">mice</span>
        </annotation>
        <annotation annotator="Mike Bada" id="organism_Instance_44905" type="identity">
            <class id="NCBITaxon:10088" label="Mus"/>
            <span end="58134" id="16279840-9564" start="58129">mouse</span>
        </annotation>
        <annotation annotator="Mike Bada" id="organism_Instance_44910" type="identity">
            <class id="NCBITaxon:10088" label="Mus"/>
            <span end="58967" id="16279840-9566" start="58963">mice</span>
        </annotation>
        <annotation annotator="Mike Bada" id="organism_Instance_44920" type="identity">
            <class id="NCBITaxon:33208" label="Metazoa"/>
            <span end="59259" id="16279840-9568" start="59253">animal</span>
        </annotation>
        <annotation annotator="Mike Bada" id="organism_Instance_44925" type="identity">
            <class id="NCBITaxon:33208" label="Metazoa"/>
            <span end="60170" id="16279840-9570" start="60164">animal</span>
        </annotation>
        <annotation annotator="Mike Bada" id="organism_Instance_210928" type="identity">
            <class id="NCBITaxon:10088" label="Mus"/>
            <span end="60584" id="16279840-9166" start="60582">mo</span>
        </annotation>
        <annotation annotator="Mike Bada" id="organism_Instance_44930" type="identity">
            <class id="NCBITaxon:10088" label="Mus"/>
            <span end="60601" id="16279840-9572" start="60596">mouse</span>
        </annotation>
        <annotation annotator="Mike Bada" id="organism_Instance_210938" type="identity">
            <class id="NCBITaxon:9606" label="Homo sapiens"/>
            <span end="60889" id="16279840-9168" start="60884">human</span>
        </annotation>
        <annotation annotator="Mike Bada" id="organism_Instance_44935" type="identity">
            <class id="NCBITaxon:33208" label="Metazoa"/>
            <span end="61020" id="16279840-9574" start="61013">animals</span>
        </annotation>
        <annotation annotator="Mike Bada" id="organism_Instance_44940" type="identity">
            <class id="NCBITaxon:33208" label="Metazoa"/>
            <span end="61094" id="16279840-9576" start="61087">animals</span>
        </annotation>
        <annotation annotator="Mike Bada" id="organism_Instance_44945" type="identity">
            <class id="NCBITaxon:33208" label="Metazoa"/>
            <span end="61180" id="16279840-9578" start="61173">animals</span>
        </annotation>
        <annotation annotator="Mike Bada" id="organism_Instance_44950" type="identity">
            <class id="NCBITaxon:33208" label="Metazoa"/>
            <span end="61302" id="16279840-9580" start="61295">animals</span>
        </annotation>
        <annotation annotator="Mike Bada" id="organism_Instance_44955" type="identity">
            <class id="NCBITaxon:10088" label="Mus"/>
            <span end="61333" id="16279840-9582" start="61329">mice</span>
        </annotation>
        <annotation annotator="Mike Bada" id="organism_Instance_44960" type="identity">
            <class id="NCBITaxon:10088" label="Mus"/>
            <span end="61541" id="16279840-9584" start="61537">mice</span>
        </annotation>
        <annotation annotator="Mike Bada" id="organism_Instance_44965" type="identity">
            <class id="NCBITaxon:33208" label="Metazoa"/>
            <span end="61719" id="16279840-9586" start="61712">animals</span>
        </annotation>
        <annotation annotator="Mike Bada" id="organism_Instance_44970" type="identity">
            <class id="NCBITaxon:10088" label="Mus"/>
            <span end="62110" id="16279840-9588" start="62106">mice</span>
        </annotation>
        <annotation annotator="Mike Bada" id="organism_Instance_44975" type="identity">
            <class id="NCBITaxon:10088" label="Mus"/>
            <span end="62166" id="16279840-9590" start="62162">mice</span>
        </annotation>
        <annotation annotator="Mike Bada" id="organism_Instance_44980" type="identity">
            <class id="NCBITaxon:33208" label="Metazoa"/>
            <span end="62283" id="16279840-9592" start="62276">animals</span>
        </annotation>
        <annotation annotator="Mike Bada" id="organism_Instance_44985" type="identity">
            <class id="NCBITaxon:10088" label="Mus"/>
            <span end="62359" id="16279840-9594" start="62355">mice</span>
        </annotation>
        <annotation annotator="Mike Bada" id="organism_Instance_44990" type="identity">
            <class id="NCBITaxon:10088" label="Mus"/>
            <span end="62555" id="16279840-9596" start="62551">mice</span>
        </annotation>
        <annotation annotator="Mike Bada" id="organism_Instance_210943" type="identity">
            <class id="NCBITaxon:9606" label="Homo sapiens"/>
            <span end="62701" id="16279840-9170" start="62696">human</span>
        </annotation>
        <annotation annotator="Mike Bada" id="organism_Instance_45000" type="identity">
            <class id="NCBITaxon:33208" label="Metazoa"/>
            <span end="63041" id="16279840-9598" start="63034">animals</span>
        </annotation>
        <annotation annotator="Mike Bada" id="organism_Instance_45005" type="identity">
            <class id="NCBITaxon:33208" label="Metazoa"/>
            <span end="63096" id="16279840-9600" start="63089">animals</span>
        </annotation>
        <annotation annotator="Mike Bada" id="organism_Instance_45010" type="identity">
            <class id="NCBITaxon:33208" label="Metazoa"/>
            <span end="63154" id="16279840-9602" start="63147">animals</span>
        </annotation>
        <annotation annotator="Mike Bada" id="organism_Instance_45015" type="identity">
            <class id="NCBITaxon:33208" label="Metazoa"/>
            <span end="63464" id="16279840-9604" start="63457">animals</span>
        </annotation>
        <annotation annotator="Mike Bada" id="organism_Instance_45020" type="identity">
            <class id="NCBITaxon:33208" label="Metazoa"/>
            <span end="63583" id="16279840-9606" start="63576">animals</span>
        </annotation>
        <annotation annotator="Mike Bada" id="organism_Instance_45025" type="identity">
            <class id="NCBITaxon:10088" label="Mus"/>
            <span end="63736" id="16279840-9608" start="63732">mice</span>
        </annotation>
        <annotation annotator="Mike Bada" id="organism_Instance_45030" type="identity">
            <class id="NCBITaxon:33208" label="Metazoa"/>
            <span end="63966" id="16279840-9610" start="63959">animals</span>
        </annotation>
        <annotation annotator="Mike Bada" id="organism_Instance_45035" type="identity">
            <class id="NCBITaxon:33208" label="Metazoa"/>
            <span end="64546" id="16279840-9612" start="64539">animals</span>
        </annotation>
        <annotation annotator="Mike Bada" id="organism_Instance_45040" type="identity">
            <class id="NCBITaxon:33208" label="Metazoa"/>
            <span end="64621" id="16279840-9614" start="64614">animals</span>
        </annotation>
        <annotation annotator="Mike Bada" id="organism_Instance_45045" type="identity">
            <class id="NCBITaxon:33208" label="Metazoa"/>
            <span end="65015" id="16279840-9616" start="65008">animals</span>
        </annotation>
        <annotation annotator="Mike Bada" id="organism_Instance_45050" type="identity">
            <class id="NCBITaxon:10088" label="Mus"/>
            <span end="65162" id="16279840-9618" start="65158">mice</span>
        </annotation>
        <annotation annotator="Mike Bada" id="organism_Instance_45055" type="identity">
            <class id="NCBITaxon:10088" label="Mus"/>
            <span end="65278" id="16279840-9620" start="65274">Mice</span>
        </annotation>
        <annotation annotator="Mike Bada" id="organism_Instance_45060" type="identity">
            <class id="NCBITaxon:33208" label="Metazoa"/>
            <span end="65368" id="16279840-9622" start="65361">animals</span>
        </annotation>
        <annotation annotator="Mike Bada" id="organism_Instance_210948" type="identity">
            <class id="NCBITaxon:9606" label="Homo sapiens"/>
            <span end="65452" id="16279840-9172" start="65447">human</span>
        </annotation>
        <annotation annotator="Mike Bada" id="organism_Instance_45065" type="identity">
            <class id="NCBITaxon:33208" label="Metazoa"/>
            <span end="65894" id="16279840-9624" start="65887">animals</span>
        </annotation>
        <annotation annotator="Mike Bada" id="organism_Instance_45070" type="identity">
            <class id="NCBITaxon:33208" label="Metazoa"/>
            <span end="66352" id="16279840-9626" start="66345">animals</span>
        </annotation>
        <annotation annotator="Mike Bada" id="organism_Instance_45075" type="identity">
            <class id="NCBITaxon:10088" label="Mus"/>
            <span end="66511" id="16279840-9628" start="66507">mice</span>
        </annotation>
        <annotation annotator="Mike Bada" id="organism_Instance_45080" type="identity">
            <class id="NCBITaxon:10088" label="Mus"/>
            <span end="66603" id="16279840-9630" start="66599">mice</span>
        </annotation>
        <annotation annotator="Mike Bada" id="organism_Instance_45085" type="identity">
            <class id="NCBITaxon:10088" label="Mus"/>
            <span end="67151" id="16279840-9632" start="67147">mice</span>
        </annotation>
        <annotation annotator="Mike Bada" id="organism_Instance_45090" type="identity">
            <class id="NCBITaxon:10088" label="Mus"/>
            <span end="67611" id="16279840-9634" start="67607">mice</span>
        </annotation>
        <annotation annotator="Mike Bada" id="organism_Instance_45095" type="identity">
            <class id="NCBITaxon:10088" label="Mus"/>
            <span end="67813" id="16279840-9636" start="67809">mice</span>
        </annotation>
        <annotation annotator="Mike Bada" id="organism_Instance_45100" type="identity">
            <class id="NCBITaxon:33208" label="Metazoa"/>
            <span end="67863" id="16279840-9638" start="67856">animals</span>
        </annotation>
        <annotation annotator="Mike Bada" id="organism_Instance_45105" type="identity">
            <class id="NCBITaxon:10088" label="Mus"/>
            <span end="68074" id="16279840-9640" start="68070">mice</span>
        </annotation>
        <annotation annotator="Mike Bada" id="organism_Instance_45110" type="identity">
            <class id="NCBITaxon:10088" label="Mus"/>
            <span end="68142" id="16279840-9642" start="68138">mice</span>
        </annotation>
        <annotation annotator="Mike Bada" id="organism_Instance_45115" type="identity">
            <class id="NCBITaxon:10088" label="Mus"/>
            <span end="68226" id="16279840-9644" start="68222">mice</span>
        </annotation>
        <annotation annotator="Mike Bada" id="organism_Instance_45120" type="identity">
            <class id="NCBITaxon:33208" label="Metazoa"/>
            <span end="68438" id="16279840-9646" start="68431">animals</span>
        </annotation>
        <annotation annotator="Mike Bada" id="organism_Instance_45125" type="identity">
            <class id="NCBITaxon:10088" label="Mus"/>
            <span end="68487" id="16279840-9648" start="68483">mice</span>
        </annotation>
        <annotation annotator="Mike Bada" id="organism_Instance_45130" type="identity">
            <class id="NCBITaxon:33208" label="Metazoa"/>
            <span end="68573" id="16279840-9650" start="68566">animals</span>
        </annotation>
        <annotation annotator="Mike Bada" id="organism_Instance_45135" type="identity">
            <class id="NCBITaxon:10088" label="Mus"/>
            <span end="68736" id="16279840-9652" start="68732">Mice</span>
        </annotation>
        <annotation annotator="Mike Bada" id="organism_Instance_45140" type="identity">
            <class id="NCBITaxon:10088" label="Mus"/>
            <span end="68826" id="16279840-9654" start="68822">mice</span>
        </annotation>
        <annotation annotator="Mike Bada" id="organism_Instance_45145" type="identity">
            <class id="NCBITaxon:33208" label="Metazoa"/>
            <span end="68897" id="16279840-9656" start="68890">animals</span>
        </annotation>
        <annotation annotator="Mike Bada" id="organism_Instance_210953" type="identity">
            <class id="NCBITaxon:9606" label="Homo sapiens"/>
            <span end="69124" id="16279840-9174" start="69119">human</span>
        </annotation>
        <annotation annotator="Mike Bada" id="organism_Instance_45155" type="identity">
            <class id="NCBITaxon:10088" label="Mus"/>
            <span end="69292" id="16279840-9658" start="69288">mice</span>
        </annotation>
        <annotation annotator="Mike Bada" id="organism_Instance_45160" type="identity">
            <class id="NCBITaxon:10088" label="Mus"/>
            <span end="69453" id="16279840-9660" start="69449">mice</span>
        </annotation>
        <annotation annotator="Mike Bada" id="organism_Instance_45165" type="identity">
            <class id="NCBITaxon:10088" label="Mus"/>
            <span end="69511" id="16279840-9662" start="69507">mice</span>
        </annotation>
        <annotation annotator="Mike Bada" id="organism_Instance_45170" type="identity">
            <class id="NCBITaxon:10088" label="Mus"/>
            <span end="69796" id="16279840-9664" start="69792">mice</span>
        </annotation>
        <annotation annotator="Mike Bada" id="organism_Instance_45175" type="identity">
            <class id="NCBITaxon:10088" label="Mus"/>
            <span end="69893" id="16279840-9666" start="69889">mice</span>
        </annotation>
        <annotation annotator="Mike Bada" id="organism_Instance_45180" type="identity">
            <class id="NCBITaxon:10088" label="Mus"/>
            <span end="69967" id="16279840-9668" start="69963">mice</span>
        </annotation>
        <annotation annotator="Mike Bada" id="organism_Instance_45185" type="identity">
            <class id="NCBITaxon:10088" label="Mus"/>
            <span end="70154" id="16279840-9670" start="70150">mice</span>
        </annotation>
        <annotation annotator="Mike Bada" id="organism_Instance_45190" type="identity">
            <class id="NCBITaxon:10088" label="Mus"/>
            <span end="70198" id="16279840-9672" start="70194">mice</span>
        </annotation>
        <annotation annotator="Mike Bada" id="organism_Instance_45195" type="identity">
            <class id="NCBITaxon:10088" label="Mus"/>
            <span end="70300" id="16279840-9674" start="70296">mice</span>
        </annotation>
        <annotation annotator="Mike Bada" id="organism_Instance_45200" type="identity">
            <class id="NCBITaxon:10088" label="Mus"/>
            <span end="70716" id="16279840-9676" start="70712">mice</span>
        </annotation>
        <annotation annotator="Mike Bada" id="organism_Instance_45205" type="identity">
            <class id="NCBITaxon:10088" label="Mus"/>
            <span end="70784" id="16279840-9678" start="70780">mice</span>
        </annotation>
        <annotation annotator="Mike Bada" id="organism_Instance_45210" type="identity">
            <class id="NCBITaxon:10088" label="Mus"/>
            <span end="70985" id="16279840-9680" start="70981">mice</span>
        </annotation>
        <annotation annotator="Mike Bada" id="organism_Instance_45215" type="identity">
            <class id="NCBITaxon:10088" label="Mus"/>
            <span end="71162" id="16279840-9682" start="71158">mice</span>
        </annotation>
        <annotation annotator="Mike Bada" id="organism_Instance_45220" type="identity">
            <class id="NCBITaxon:10088" label="Mus"/>
            <span end="71451" id="16279840-9684" start="71447">Mice</span>
        </annotation>
        <annotation annotator="Mike Bada" id="organism_Instance_45225" type="identity">
            <class id="NCBITaxon:10088" label="Mus"/>
            <span end="71551" id="16279840-9686" start="71547">mice</span>
        </annotation>
        <annotation annotator="Mike Bada" id="organism_Instance_45230" type="identity">
            <class id="NCBITaxon:10088" label="Mus"/>
            <span end="71698" id="16279840-9688" start="71694">mice</span>
        </annotation>
        <annotation annotator="Mike Bada" id="organism_Instance_45235" type="identity">
            <class id="NCBITaxon:33208" label="Metazoa"/>
            <span end="72045" id="16279840-9690" start="72038">animals</span>
        </annotation>
        <graph-space id="Old Knowtator Relations"/>
    </document>
</knowtator-project>
