<?xml version="1.0" encoding="UTF-8" standalone="no"?>
<knowtator-project>
    <document id="16433929" text-file="16433929.txt">
        <annotation annotator="Mike Bada" id="organism_Instance_220114" type="identity">
            <class id="NCBITaxon:10088" label="Mus"/>
            <span end="71" id="16433929-10074" start="67">mice</span>
        </annotation>
        <annotation annotator="Mike Bada" id="organism_Instance_46750" type="identity">
            <class id="NCBITaxon:10088" label="Mus"/>
            <span end="450" id="16433929-10086" start="445">mouse</span>
        </annotation>
        <annotation annotator="Mike Bada" id="organism_Instance_46755" type="identity">
            <class id="NCBITaxon:40674" label="Mammalia"/>
            <span end="632" id="16433929-10088" start="623">mammalian</span>
        </annotation>
        <annotation annotator="Mike Bada" id="organism_Instance_46760" type="identity">
            <class id="NCBITaxon:10088" label="Mus"/>
            <span end="706" id="16433929-10090" start="702">mice</span>
        </annotation>
        <annotation annotator="Mike Bada" id="organism_Instance_46765" type="identity">
            <class id="NCBITaxon:10088" label="Mus"/>
            <span end="854" id="16433929-10092" start="850">mice</span>
        </annotation>
        <annotation annotator="Mike Bada" id="organism_Instance_46770" type="identity">
            <class id="NCBITaxon:10088" label="Mus"/>
            <span end="973" id="16433929-10094" start="968">mouse</span>
        </annotation>
        <annotation annotator="Mike Bada" id="organism_Instance_46775" type="identity">
            <class id="NCBITaxon:10088" label="Mus"/>
            <span end="1062" id="16433929-10096" start="1057">mouse</span>
        </annotation>
        <annotation annotator="Mike Bada" id="organism_Instance_46780" type="identity">
            <class id="NCBITaxon:33208" label="Metazoa"/>
            <span end="1105" id="16433929-10098" start="1098">animals</span>
        </annotation>
        <annotation annotator="Mike Bada" id="organism_Instance_46785" type="identity">
            <class id="NCBITaxon:39107" label="Murinae"/>
            <span end="1639" id="16433929-10100" start="1633">murine</span>
        </annotation>
        <annotation annotator="Mike Bada" id="organism_Instance_46790" type="identity">
            <class id="NCBITaxon:40674" label="Mammalia"/>
            <span end="1844" id="16433929-10102" start="1837">mammals</span>
        </annotation>
        <annotation annotator="Mike Bada" id="organism_Instance_46795" type="identity">
            <class id="NCBITaxon:40674" label="Mammalia"/>
            <span end="2352" id="16433929-10104" start="2343">mammalian</span>
        </annotation>
        <annotation annotator="Mike Bada" id="organism_Instance_46800" type="identity">
            <class id="NCBITaxon:10088" label="Mus"/>
            <span end="4632" id="16433929-10106" start="4628">mice</span>
        </annotation>
        <annotation annotator="Mike Bada" id="organism_Instance_46805" type="identity">
            <class id="NCBITaxon:39107" label="Murinae"/>
            <span end="4940" id="16433929-10108" start="4934">murine</span>
        </annotation>
        <annotation annotator="Mike Bada" id="organism_Instance_46810" type="identity">
            <class id="NCBITaxon:39107" label="Murinae"/>
            <span end="5093" id="16433929-10110" start="5087">murine</span>
        </annotation>
        <annotation annotator="Mike Bada" id="organism_Instance_46815" type="identity">
            <class id="NCBITaxon:10088" label="Mus"/>
            <span end="5680" id="16433929-10112" start="5676">mice</span>
        </annotation>
        <annotation annotator="Mike Bada" id="organism_Instance_46820" type="identity">
            <class id="NCBITaxon:10088" label="Mus"/>
            <span end="5867" id="16433929-10114" start="5863">mice</span>
        </annotation>
        <annotation annotator="Mike Bada" id="organism_Instance_46825" type="identity">
            <class id="NCBITaxon:10088" label="Mus"/>
            <span end="6029" id="16433929-10116" start="6025">mice</span>
        </annotation>
        <annotation annotator="Mike Bada" id="organism_Instance_46830" type="identity">
            <class id="NCBITaxon:10088" label="Mus"/>
            <span end="6170" id="16433929-10118" start="6166">mice</span>
        </annotation>
        <annotation annotator="Mike Bada" id="organism_Instance_46835" type="identity">
            <class id="NCBITaxon:10088" label="Mus"/>
            <span end="6326" id="16433929-10120" start="6322">mice</span>
        </annotation>
        <annotation annotator="Mike Bada" id="organism_Instance_46840" type="identity">
            <class id="NCBITaxon:10088" label="Mus"/>
            <span end="6652" id="16433929-10122" start="6648">mice</span>
        </annotation>
        <annotation annotator="Mike Bada" id="organism_Instance_46845" type="identity">
            <class id="NCBITaxon:10088" label="Mus"/>
            <span end="9561" id="16433929-10124" start="9557">mice</span>
        </annotation>
        <annotation annotator="Mike Bada" id="organism_Instance_46850" type="identity">
            <class id="NCBITaxon:10088" label="Mus"/>
            <span end="9640" id="16433929-10126" start="9636">mice</span>
        </annotation>
        <annotation annotator="Mike Bada" id="organism_Instance_46855" type="identity">
            <class id="NCBITaxon:33208" label="Metazoa"/>
            <span end="9856" id="16433929-10128" start="9849">animals</span>
        </annotation>
        <annotation annotator="Mike Bada" id="organism_Instance_46860" type="identity">
            <class id="NCBITaxon:33208" label="Metazoa"/>
            <span end="10171" id="16433929-10130" start="10164">animals</span>
        </annotation>
        <annotation annotator="Mike Bada" id="organism_Instance_46865" type="identity">
            <class id="NCBITaxon:10088" label="Mus"/>
            <span end="11434" id="16433929-10132" start="11430">mice</span>
        </annotation>
        <annotation annotator="Mike Bada" id="organism_Instance_46872" type="identity">
            <class id="NCBITaxon:10088" label="Mus"/>
            <span end="12777" id="16433929-10134" start="12773">mice</span>
        </annotation>
        <annotation annotator="Mike Bada" id="organism_Instance_220144" type="identity">
            <class id="NCBITaxon:33208" label="Metazoa"/>
            <span end="13936" id="16433929-10076" start="13929">animals</span>
        </annotation>
        <annotation annotator="Mike Bada" id="organism_Instance_46877" type="identity">
            <class id="NCBITaxon:33208" label="Metazoa"/>
            <span end="14063" id="16433929-10136" start="14056">animals</span>
        </annotation>
        <annotation annotator="Mike Bada" id="organism_Instance_46882" type="identity">
            <class id="NCBITaxon:33208" label="Metazoa"/>
            <span end="14165" id="16433929-10138" start="14158">animals</span>
        </annotation>
        <annotation annotator="Mike Bada" id="organism_Instance_46887" type="identity">
            <class id="NCBITaxon:33208" label="Metazoa"/>
            <span end="14222" id="16433929-10140" start="14215">animals</span>
        </annotation>
        <annotation annotator="Mike Bada" id="organism_Instance_46892" type="identity">
            <class id="NCBITaxon:33208" label="Metazoa"/>
            <span end="14480" id="16433929-10142" start="14473">animals</span>
        </annotation>
        <annotation annotator="Mike Bada" id="organism_Instance_46897" type="identity">
            <class id="NCBITaxon:33208" label="Metazoa"/>
            <span end="14632" id="16433929-10144" start="14625">animals</span>
        </annotation>
        <annotation annotator="Mike Bada" id="organism_Instance_46902" type="identity">
            <class id="NCBITaxon:33208" label="Metazoa"/>
            <span end="14787" id="16433929-10146" start="14780">animals</span>
        </annotation>
        <annotation annotator="Mike Bada" id="organism_Instance_46907" type="identity">
            <class id="NCBITaxon:33208" label="Metazoa"/>
            <span end="14859" id="16433929-10148" start="14852">animals</span>
        </annotation>
        <annotation annotator="Mike Bada" id="organism_Instance_46912" type="identity">
            <class id="NCBITaxon:33208" label="Metazoa"/>
            <span end="15086" id="16433929-10150" start="15079">animals</span>
        </annotation>
        <annotation annotator="Mike Bada" id="organism_Instance_46917" type="identity">
            <class id="NCBITaxon:10088" label="Mus"/>
            <span end="16549" id="16433929-10152" start="16545">mice</span>
        </annotation>
        <annotation annotator="Mike Bada" id="organism_Instance_46922" type="identity">
            <class id="NCBITaxon:10088" label="Mus"/>
            <span end="16846" id="16433929-10154" start="16842">mice</span>
        </annotation>
        <annotation annotator="Mike Bada" id="organism_Instance_46927" type="identity">
            <class id="NCBITaxon:10088" label="Mus"/>
            <span end="17353" id="16433929-10156" start="17349">mice</span>
        </annotation>
        <annotation annotator="Mike Bada" id="organism_Instance_46932" type="identity">
            <class id="NCBITaxon:10088" label="Mus"/>
            <span end="17747" id="16433929-10158" start="17743">mice</span>
        </annotation>
        <annotation annotator="Mike Bada" id="organism_Instance_220149" type="identity">
            <class id="NCBITaxon:562" label="Escherichia coli"/>
            <span end="18948" id="16433929-10078" start="18941">E. coli</span>
        </annotation>
        <annotation annotator="Mike Bada" id="organism_Instance_220154" type="identity">
            <class id="NCBITaxon:562" label="Escherichia coli"/>
            <span end="20570" id="16433929-10080" start="20563">E. coli</span>
        </annotation>
        <annotation annotator="Mike Bada" id="organism_Instance_46937" type="identity">
            <class id="NCBITaxon:40674" label="Mammalia"/>
            <span end="20613" id="16433929-10160" start="20604">mammalian</span>
        </annotation>
        <annotation annotator="Mike Bada" id="organism_Instance_46942" type="identity">
            <class id="NCBITaxon:2759" label="Eukaryota"/>
            <span end="20777" id="16433929-10162" start="20767">eukaryotic</span>
        </annotation>
        <annotation annotator="Mike Bada" id="organism_Instance_220159" type="identity">
            <class id="NCBITaxon:562" label="Escherichia coli"/>
            <span end="20977" id="16433929-10082" start="20970">E. coli</span>
        </annotation>
        <annotation annotator="Mike Bada" id="organism_Instance_46947" type="identity">
            <class id="NCBITaxon:40674" label="Mammalia"/>
            <span end="20993" id="16433929-10164" start="20984">mammalian</span>
        </annotation>
        <annotation annotator="Mike Bada" id="organism_Instance_46952" type="identity">
            <class id="NCBITaxon:10088" label="Mus"/>
            <span end="21226" id="16433929-10166" start="21222">mice</span>
        </annotation>
        <annotation annotator="Mike Bada" id="organism_Instance_46957" type="identity">
            <class id="NCBITaxon:10088" label="Mus"/>
            <span end="21885" id="16433929-10168" start="21881">mice</span>
        </annotation>
        <annotation annotator="Mike Bada" id="organism_Instance_46962" type="identity">
            <class id="NCBITaxon:39107" label="Murinae"/>
            <span end="22015" id="16433929-10170" start="22009">murine</span>
        </annotation>
        <annotation annotator="Mike Bada" id="organism_Instance_46967" type="identity">
            <class id="NCBITaxon:10088" label="Mus"/>
            <span end="22153" id="16433929-10172" start="22149">mice</span>
        </annotation>
        <annotation annotator="Mike Bada" id="organism_Instance_46972" type="identity">
            <class id="NCBITaxon:40674" label="Mammalia"/>
            <span end="22439" id="16433929-10174" start="22430">mammalian</span>
        </annotation>
        <annotation annotator="Mike Bada" id="organism_Instance_46977" type="identity">
            <class id="NCBITaxon:33208" label="Metazoa"/>
            <span end="22934" id="16433929-10176" start="22927">animals</span>
        </annotation>
        <annotation annotator="Mike Bada" id="organism_Instance_46982" type="identity">
            <class id="NCBITaxon:9989" label="Rodentia"/>
            <span end="25780" id="16433929-10178" start="25774">rodent</span>
        </annotation>
        <annotation annotator="Mike Bada" id="organism_Instance_46987" type="identity">
            <class id="NCBITaxon:10088" label="Mus"/>
            <span end="27832" id="16433929-10180" start="27828">mice</span>
        </annotation>
        <annotation annotator="Mike Bada" id="organism_Instance_46992" type="identity">
            <class id="NCBITaxon:33208" label="Metazoa"/>
            <span end="28166" id="16433929-10182" start="28159">animals</span>
        </annotation>
        <annotation annotator="Mike Bada" id="organism_Instance_46997" type="identity">
            <class id="NCBITaxon:39107" label="Murinae"/>
            <span end="28673" id="16433929-10184" start="28667">murine</span>
        </annotation>
        <annotation annotator="Mike Bada" id="organism_Instance_47002" type="identity">
            <class id="NCBITaxon:10088" label="Mus"/>
            <span end="29026" id="16433929-10186" start="29022">mice</span>
        </annotation>
        <annotation annotator="Mike Bada" id="organism_Instance_47007" type="identity">
            <class id="NCBITaxon:10088" label="Mus"/>
            <span end="29171" id="16433929-10188" start="29166">mouse</span>
        </annotation>
        <annotation annotator="Mike Bada" id="organism_Instance_47012" type="identity">
            <class id="NCBITaxon:10088" label="Mus"/>
            <span end="29194" id="16433929-10190" start="29189">mouse</span>
        </annotation>
        <annotation annotator="Mike Bada" id="organism_Instance_47017" type="identity">
            <class id="NCBITaxon:10088" label="Mus"/>
            <span end="29381" id="16433929-10192" start="29376">mouse</span>
        </annotation>
        <annotation annotator="Mike Bada" id="organism_Instance_47022" type="identity">
            <class id="NCBITaxon:10088" label="Mus"/>
            <span end="29702" id="16433929-10194" start="29697">mouse</span>
        </annotation>
        <annotation annotator="Mike Bada" id="organism_Instance_47027" type="identity">
            <class id="NCBITaxon:39107" label="Murinae"/>
            <span end="31294" id="16433929-10196" start="31288">murine</span>
        </annotation>
        <annotation annotator="Mike Bada" id="organism_Instance_47032" type="identity">
            <class id="NCBITaxon:39107" label="Murinae"/>
            <span end="31317" id="16433929-10198" start="31311">murine</span>
        </annotation>
        <annotation annotator="Mike Bada" id="organism_Instance_47037" type="identity">
            <class id="NCBITaxon:10088" label="Mus"/>
            <span end="32492" id="16433929-10200" start="32487">mouse</span>
        </annotation>
        <annotation annotator="Mike Bada" id="organism_Instance_47042" type="identity">
            <class id="NCBITaxon:27592" label="Bovinae"/>
            <span end="32609" id="16433929-10202" start="32603">bovine</span>
        </annotation>
        <annotation annotator="Mike Bada" id="organism_Instance_47047" type="identity">
            <class id="NCBITaxon:27592" label="Bovinae"/>
            <span end="32832" id="16433929-10204" start="32826">bovine</span>
        </annotation>
        <annotation annotator="Mike Bada" id="organism_Instance_220187" type="identity">
            <class id="NCBITaxon:10088" label="Mus"/>
            <span end="33538" id="16433929-10084" start="33534">mice</span>
        </annotation>
        <annotation annotator="Mike Bada" id="organism_Instance_47052" type="identity">
            <class id="NCBITaxon:33208" label="Metazoa"/>
            <span end="33755" id="16433929-10206" start="33748">animals</span>
        </annotation>
        <annotation annotator="Mike Bada" id="organism_Instance_47062" type="identity">
            <class id="NCBITaxon:10088" label="Mus"/>
            <span end="34065" id="16433929-10208" start="34060">Mouse</span>
        </annotation>
        <annotation annotator="Mike Bada" id="organism_Instance_47067" type="identity">
            <class id="NCBITaxon:33208" label="Metazoa"/>
            <span end="34122" id="16433929-10210" start="34116">Animal</span>
        </annotation>
        <annotation annotator="Mike Bada" id="organism_Instance_47072" type="identity">
            <class id="NCBITaxon:33208" label="Metazoa"/>
            <span end="34199" id="16433929-10212" start="34193">Animal</span>
        </annotation>
        <annotation annotator="Mike Bada" id="organism_Instance_47077" type="identity">
            <class id="NCBITaxon:10088" label="Mus"/>
            <span end="38410" id="16433929-10214" start="38405">Mouse</span>
        </annotation>
        <annotation annotator="Mike Bada" id="organism_Instance_47082" type="identity">
            <class id="NCBITaxon:33208" label="Metazoa"/>
            <span end="38700" id="16433929-10216" start="38693">animals</span>
        </annotation>
        <annotation annotator="Mike Bada" id="organism_Instance_47087" type="identity">
            <class id="NCBITaxon:10088" label="Mus"/>
            <span end="38751" id="16433929-10218" start="38746">mouse</span>
        </annotation>
        <annotation annotator="Mike Bada" id="organism_Instance_47092" type="identity">
            <class id="NCBITaxon:10088" label="Mus"/>
            <span end="39134" id="16433929-10220" start="39129">mouse</span>
        </annotation>
        <annotation annotator="Mike Bada" id="organism_Instance_47097" type="identity">
            <class id="NCBITaxon:33208" label="Metazoa"/>
            <span end="39323" id="16433929-10222" start="39316">animals</span>
        </annotation>
        <annotation annotator="Mike Bada" id="organism_Instance_47102" type="identity">
            <class id="NCBITaxon:10088" label="Mus"/>
            <span end="39745" id="16433929-10224" start="39740">mouse</span>
        </annotation>
        <graph-space id="Old Knowtator Relations"/>
    </document>
</knowtator-project>
