<?xml version="1.0" encoding="UTF-8" standalone="no"?>
<knowtator-project>
    <document id="16504174" text-file="16504174.txt">
        <annotation annotator="Mike Bada" id="organism_Instance_48027" type="identity">
            <class id="NCBITaxon:10088" label="Mus"/>
            <span end="51" id="16504174-10612" start="46">mouse</span>
        </annotation>
        <annotation annotator="Mike Bada" id="organism_Instance_48032" type="identity">
            <class id="NCBITaxon:10088" label="Mus"/>
            <span end="352" id="16504174-10614" start="347">mouse</span>
        </annotation>
        <annotation annotator="Mike Bada" id="organism_Instance_48037" type="identity">
            <class id="NCBITaxon:10088" label="Mus"/>
            <span end="512" id="16504174-10616" start="507">mouse</span>
        </annotation>
        <annotation annotator="Mike Bada" id="organism_Instance_48042" type="identity">
            <class id="NCBITaxon:2" label="Bacteria"/>
            <span end="594" id="16504174-10618" start="585">bacterial</span>
        </annotation>
        <annotation annotator="Mike Bada" id="organism_Instance_48047" type="identity">
            <class id="NCBITaxon:10088" label="Mus"/>
            <span end="633" id="16504174-10620" start="628">mouse</span>
        </annotation>
        <annotation annotator="Mike Bada" id="organism_Instance_48052" type="identity">
            <class id="NCBITaxon:10088" label="Mus"/>
            <span end="1239" id="16504174-10622" start="1235">mice</span>
        </annotation>
        <annotation annotator="Mike Bada" id="organism_Instance_48057" type="identity">
            <class id="NCBITaxon:10088" label="Mus"/>
            <span end="1627" id="16504174-10624" start="1622">mouse</span>
        </annotation>
        <annotation annotator="Mike Bada" id="organism_Instance_48062" type="identity">
            <class id="NCBITaxon:10088" label="Mus"/>
            <span end="1942" id="16504174-10626" start="1938">mice</span>
        </annotation>
        <annotation annotator="Mike Bada" id="organism_Instance_220290" type="identity">
            <class id="NCBITaxon:9606" label="Homo sapiens"/>
            <span end="1967" id="16504174-10604" start="1961">humans</span>
        </annotation>
        <annotation annotator="Mike Bada" id="organism_Instance_48067" type="identity">
            <class id="NCBITaxon:10088" label="Mus"/>
            <span end="2183" id="16504174-10628" start="2178">mouse</span>
        </annotation>
        <annotation annotator="Mike Bada" id="organism_Instance_48072" type="identity">
            <class id="NCBITaxon:9606" label="Homo sapiens"/>
            <span end="2276" id="16504174-10630" start="2271">human</span>
        </annotation>
        <annotation annotator="Mike Bada" id="organism_Instance_48077" type="identity">
            <class id="NCBITaxon:10088" label="Mus"/>
            <span end="3138" id="16504174-10632" start="3134">mice</span>
        </annotation>
        <annotation annotator="Mike Bada" id="organism_Instance_48082" type="identity">
            <class id="NCBITaxon:10088" label="Mus"/>
            <span end="3536" id="16504174-10634" start="3532">mice</span>
        </annotation>
        <annotation annotator="Mike Bada" id="organism_Instance_48087" type="identity">
            <class id="NCBITaxon:10088" label="Mus"/>
            <span end="3623" id="16504174-10636" start="3618">mouse</span>
        </annotation>
        <annotation annotator="Mike Bada" id="organism_Instance_48092" type="identity">
            <class id="NCBITaxon:10088" label="Mus"/>
            <span end="3976" id="16504174-10638" start="3971">mouse</span>
        </annotation>
        <annotation annotator="Mike Bada" id="organism_Instance_48097" type="identity">
            <class id="NCBITaxon:10088" label="Mus"/>
            <span end="4093" id="16504174-10640" start="4088">mouse</span>
        </annotation>
        <annotation annotator="Mike Bada" id="organism_Instance_48102" type="identity">
            <class id="NCBITaxon:10088" label="Mus"/>
            <span end="4301" id="16504174-10642" start="4296">mouse</span>
        </annotation>
        <annotation annotator="Mike Bada" id="organism_Instance_48107" type="identity">
            <class id="NCBITaxon:10088" label="Mus"/>
            <span end="4383" id="16504174-10644" start="4378">mouse</span>
        </annotation>
        <annotation annotator="Mike Bada" id="organism_Instance_48112" type="identity">
            <class id="NCBITaxon:10088" label="Mus"/>
            <span end="4453" id="16504174-10646" start="4448">mouse</span>
        </annotation>
        <annotation annotator="Mike Bada" id="organism_Instance_48117" type="identity">
            <class id="NCBITaxon:10088" label="Mus"/>
            <span end="5167" id="16504174-10648" start="5162">mouse</span>
        </annotation>
        <annotation annotator="Mike Bada" id="organism_Instance_48122" type="identity">
            <class id="NCBITaxon:2" label="Bacteria"/>
            <span end="5957" id="16504174-10650" start="5948">bacterial</span>
        </annotation>
        <annotation annotator="Mike Bada" id="organism_Instance_48132" type="identity">
            <class id="NCBITaxon:10088" label="Mus"/>
            <span end="8805" id="16504174-10652" start="8800">mouse</span>
        </annotation>
        <annotation annotator="Mike Bada" id="organism_Instance_48137" type="identity">
            <class id="NCBITaxon:10088" label="Mus"/>
            <span end="8904" id="16504174-10654" start="8899">mouse</span>
        </annotation>
        <annotation annotator="Mike Bada" id="organism_Instance_48147" type="identity">
            <class id="NCBITaxon:10088" label="Mus"/>
            <span end="9453" id="16504174-10656" start="9448">mouse</span>
        </annotation>
        <annotation annotator="Mike Bada" id="organism_Instance_48157" type="identity">
            <class id="NCBITaxon:10088" label="Mus"/>
            <span end="11120" id="16504174-10658" start="11116">mice</span>
        </annotation>
        <annotation annotator="Mike Bada" id="organism_Instance_48162" type="identity">
            <class id="NCBITaxon:10088" label="Mus"/>
            <span end="12969" id="16504174-10660" start="12964">Mouse</span>
        </annotation>
        <annotation annotator="Mike Bada" id="organism_Instance_48167" type="identity">
            <class id="NCBITaxon:10088" label="Mus"/>
            <span end="13223" id="16504174-10662" start="13219">mice</span>
        </annotation>
        <annotation annotator="Mike Bada" id="organism_Instance_48172" type="identity">
            <class id="NCBITaxon:10088" label="Mus"/>
            <span end="13301" id="16504174-10664" start="13297">mice</span>
        </annotation>
        <annotation annotator="Mike Bada" id="organism_Instance_48177" type="identity">
            <class id="NCBITaxon:10088" label="Mus"/>
            <span end="13380" id="16504174-10666" start="13376">mice</span>
        </annotation>
        <annotation annotator="Mike Bada" id="organism_Instance_48182" type="identity">
            <class id="NCBITaxon:10088" label="Mus"/>
            <span end="13481" id="16504174-10668" start="13477">mice</span>
        </annotation>
        <annotation annotator="Mike Bada" id="organism_Instance_48187" type="identity">
            <class id="NCBITaxon:33208" label="Metazoa"/>
            <span end="13496" id="16504174-10670" start="13489">animals</span>
        </annotation>
        <annotation annotator="Mike Bada" id="organism_Instance_48192" type="identity">
            <class id="NCBITaxon:10088" label="Mus"/>
            <span end="13730" id="16504174-10672" start="13725">mouse</span>
        </annotation>
        <annotation annotator="Mike Bada" id="organism_Instance_48197" type="identity">
            <class id="NCBITaxon:10088" label="Mus"/>
            <span end="14175" id="16504174-10674" start="14170">mouse</span>
        </annotation>
        <annotation annotator="Mike Bada" id="organism_Instance_48202" type="identity">
            <class id="NCBITaxon:10088" label="Mus"/>
            <span end="14390" id="16504174-10676" start="14385">mouse</span>
        </annotation>
        <annotation annotator="Mike Bada" id="organism_Instance_48207" type="identity">
            <class id="NCBITaxon:10088" label="Mus"/>
            <span end="14523" id="16504174-10678" start="14518">mouse</span>
        </annotation>
        <annotation annotator="Mike Bada" id="organism_Instance_48212" type="identity">
            <class id="NCBITaxon:2" label="Bacteria"/>
            <span end="14556" id="16504174-10680" start="14547">bacterial</span>
        </annotation>
        <annotation annotator="Mike Bada" id="organism_Instance_48217" type="identity">
            <class id="NCBITaxon:10088" label="Mus"/>
            <span end="14608" id="16504174-10682" start="14603">mouse</span>
        </annotation>
        <annotation annotator="Mike Bada" id="organism_Instance_48222" type="identity">
            <class id="NCBITaxon:10088" label="Mus"/>
            <span end="14661" id="16504174-10684" start="14656">mouse</span>
        </annotation>
        <annotation annotator="Mike Bada" id="organism_Instance_48227" type="identity">
            <class id="NCBITaxon:10088" label="Mus"/>
            <span end="15300" id="16504174-10686" start="15295">mouse</span>
        </annotation>
        <annotation annotator="Mike Bada" id="organism_Instance_220393" type="identity">
            <class id="NCBITaxon:562" label="Escherichia coli"/>
            <span end="18922" id="16504174-10606" start="18915">E. coli</span>
        </annotation>
        <annotation annotator="Mike Bada" id="organism_Instance_48247" type="identity">
            <class id="NCBITaxon:9986" label="Oryctolagus cuniculus"/>
            <span end="19263" id="16504174-10688" start="19256">rabbits</span>
        </annotation>
        <annotation annotator="Mike Bada" id="organism_Instance_48252" type="identity">
            <class id="NCBITaxon:3704" label="Armoracia rusticana"/>
            <span end="19737" id="16504174-10690" start="19726">Horseradish</span>
        </annotation>
        <annotation annotator="Mike Bada" id="organism_Instance_220398" type="identity">
            <class id="NCBITaxon:9986" label="Oryctolagus cuniculus"/>
            <span end="19771" id="16504174-10608" start="19765">rabbit</span>
        </annotation>
        <annotation annotator="Mike Bada" id="organism_Instance_220403" type="identity">
            <class id="NCBITaxon:10088" label="Mus"/>
            <span end="19786" id="16504174-10610" start="19781">mouse</span>
        </annotation>
        <annotation annotator="Mike Bada" id="organism_Instance_48257" type="identity">
            <class id="NCBITaxon:10088" label="Mus"/>
            <span end="20046" id="16504174-10692" start="20042">mice</span>
        </annotation>
        <annotation annotator="Mike Bada" id="organism_Instance_48262" type="identity">
            <class id="NCBITaxon:27592" label="Bovinae"/>
            <span end="20352" id="16504174-10694" start="20346">Bovine</span>
        </annotation>
        <annotation annotator="Mike Bada" id="organism_Instance_48267" type="identity">
            <class id="NCBITaxon:10088" label="Mus"/>
            <span end="21241" id="16504174-10696" start="21236">Mouse</span>
        </annotation>
        <annotation annotator="Mike Bada" id="organism_Instance_48272" type="identity">
            <class id="NCBITaxon:10088" label="Mus"/>
            <span end="21594" id="16504174-10698" start="21590">mice</span>
        </annotation>
        <annotation annotator="Mike Bada" id="organism_Instance_48277" type="identity">
            <class id="NCBITaxon:10088" label="Mus"/>
            <span end="21731" id="16504174-10700" start="21726">mouse</span>
        </annotation>
        <graph-space id="Old Knowtator Relations"/>
    </document>
</knowtator-project>
