<?xml version="1.0" encoding="UTF-8" standalone="no"?>
<knowtator-project>
    <document id="16507151" text-file="16507151.txt">
        <annotation annotator="Mike Bada" id="organism_Instance_220413" type="identity">
            <class id="NCBITaxon:10088" label="Mus"/>
            <span end="81" id="16507151-10704" start="77">mice</span>
        </annotation>
        <annotation annotator="Mike Bada" id="organism_Instance_48287" type="identity">
            <class id="NCBITaxon:10088" label="Mus"/>
            <span end="127" id="16507151-10726" start="123">mice</span>
        </annotation>
        <annotation annotator="Mike Bada" id="organism_Instance_48292" type="identity">
            <class id="NCBITaxon:10088" label="Mus"/>
            <span end="574" id="16507151-10728" start="570">mice</span>
        </annotation>
        <annotation annotator="Mike Bada" id="organism_Instance_48297" type="identity">
            <class id="NCBITaxon:10088" label="Mus"/>
            <span end="636" id="16507151-10730" start="632">mice</span>
        </annotation>
        <annotation annotator="Mike Bada" id="organism_Instance_48302" type="identity">
            <class id="NCBITaxon:10088" label="Mus"/>
            <span end="806" id="16507151-10732" start="802">mice</span>
        </annotation>
        <annotation annotator="Mike Bada" id="organism_Instance_48307" type="identity">
            <class id="NCBITaxon:9606" label="Homo sapiens"/>
            <span end="1626" id="16507151-10734" start="1623">man</span>
        </annotation>
        <annotation annotator="Mike Bada" id="organism_Instance_48312" type="identity">
            <class id="NCBITaxon:10088" label="Mus"/>
            <span end="1671" id="16507151-10736" start="1667">mice</span>
        </annotation>
        <annotation annotator="Mike Bada" id="organism_Instance_48317" type="identity">
            <class id="NCBITaxon:33208" label="Metazoa"/>
            <span end="2390" id="16507151-10738" start="2384">animal</span>
        </annotation>
        <annotation annotator="Mike Bada" id="organism_Instance_48322" type="identity">
            <class id="NCBITaxon:9606" label="Homo sapiens"/>
            <span end="2472" id="16507151-10740" start="2467">human</span>
        </annotation>
        <annotation annotator="Mike Bada" id="organism_Instance_48327" type="identity">
            <class id="NCBITaxon:10088" label="Mus"/>
            <span end="2494" id="16507151-10742" start="2490">mice</span>
        </annotation>
        <annotation annotator="Mike Bada" id="organism_Instance_48332" type="identity">
            <class id="NCBITaxon:9606" label="Homo sapiens"/>
            <span end="2564" id="16507151-10744" start="2559">human</span>
        </annotation>
        <annotation annotator="Mike Bada" id="organism_Instance_48337" type="identity">
            <class id="NCBITaxon:10088" label="Mus"/>
            <span end="2861" id="16507151-10746" start="2857">mice</span>
        </annotation>
        <annotation annotator="Mike Bada" id="organism_Instance_48342" type="identity">
            <class id="NCBITaxon:33208" label="Metazoa"/>
            <span end="3118" id="16507151-10748" start="3112">animal</span>
        </annotation>
        <annotation annotator="Mike Bada" id="organism_Instance_48347" type="identity">
            <class id="NCBITaxon:10088" label="Mus"/>
            <span end="3150" id="16507151-10750" start="3146">mice</span>
        </annotation>
        <annotation annotator="Mike Bada" id="organism_Instance_48352" type="identity">
            <class id="NCBITaxon:10088" label="Mus"/>
            <span end="3320" id="16507151-10752" start="3316">mice</span>
        </annotation>
        <annotation annotator="Mike Bada" id="organism_Instance_48357" type="identity">
            <class id="NCBITaxon:33208" label="Metazoa"/>
            <span end="3826" id="16507151-10754" start="3820">animal</span>
        </annotation>
        <annotation annotator="Mike Bada" id="organism_Instance_48362" type="identity">
            <class id="NCBITaxon:10088" label="Mus"/>
            <span end="3885" id="16507151-10756" start="3881">mice</span>
        </annotation>
        <annotation annotator="Mike Bada" id="organism_Instance_48367" type="identity">
            <class id="NCBITaxon:10088" label="Mus"/>
            <span end="4072" id="16507151-10758" start="4068">mice</span>
        </annotation>
        <annotation annotator="Mike Bada" id="organism_Instance_220418" type="identity">
            <class id="NCBITaxon:10088" label="Mus"/>
            <span end="4271" id="16507151-10706" start="4267">Mice</span>
        </annotation>
        <annotation annotator="Mike Bada" id="organism_Instance_48372" type="identity">
            <class id="NCBITaxon:10088" label="Mus"/>
            <span end="4290" id="16507151-10760" start="4286">mice</span>
        </annotation>
        <annotation annotator="Mike Bada" id="organism_Instance_48377" type="identity">
            <class id="NCBITaxon:10088" label="Mus"/>
            <span end="4392" id="16507151-10762" start="4388">mice</span>
        </annotation>
        <annotation annotator="Mike Bada" id="organism_Instance_48382" type="identity">
            <class id="NCBITaxon:10088" label="Mus"/>
            <span end="4527" id="16507151-10764" start="4523">mice</span>
        </annotation>
        <annotation annotator="Mike Bada" id="organism_Instance_48387" type="identity">
            <class id="NCBITaxon:33208" label="Metazoa"/>
            <span end="4594" id="16507151-10766" start="4588">animal</span>
        </annotation>
        <annotation annotator="Mike Bada" id="organism_Instance_48392" type="identity">
            <class id="NCBITaxon:33208" label="Metazoa"/>
            <span end="4621" id="16507151-10768" start="4615">animal</span>
        </annotation>
        <annotation annotator="Mike Bada" id="organism_Instance_48397" type="identity">
            <class id="NCBITaxon:33208" label="Metazoa"/>
            <span end="4696" id="16507151-10770" start="4689">animals</span>
        </annotation>
        <annotation annotator="Mike Bada" id="organism_Instance_48402" type="identity">
            <class id="NCBITaxon:9989" label="Rodentia"/>
            <span end="4737" id="16507151-10772" start="4731">rodent</span>
        </annotation>
        <annotation annotator="Mike Bada" id="organism_Instance_48407" type="identity">
            <class id="NCBITaxon:10114" label="Rattus"/>
            <span end="4790" id="16507151-10774" start="4786">rats</span>
        </annotation>
        <annotation annotator="Mike Bada" id="organism_Instance_48412" type="identity">
            <class id="NCBITaxon:10088" label="Mus"/>
            <span end="4799" id="16507151-10776" start="4795">mice</span>
        </annotation>
        <annotation annotator="Mike Bada" id="organism_Instance_48417" type="identity">
            <class id="NCBITaxon:10088" label="Mus"/>
            <span end="4901" id="16507151-10778" start="4897">mice</span>
        </annotation>
        <annotation annotator="Mike Bada" id="organism_Instance_48422" type="identity">
            <class id="NCBITaxon:33208" label="Metazoa"/>
            <span end="5023" id="16507151-10780" start="5017">Animal</span>
        </annotation>
        <annotation annotator="Mike Bada" id="organism_Instance_48427" type="identity">
            <class id="NCBITaxon:10088" label="Mus"/>
            <span end="5203" id="16507151-10782" start="5199">mice</span>
        </annotation>
        <annotation annotator="Mike Bada" id="organism_Instance_48432" type="identity">
            <class id="NCBITaxon:10088" label="Mus"/>
            <span end="5294" id="16507151-10784" start="5290">mice</span>
        </annotation>
        <annotation annotator="Mike Bada" id="organism_Instance_48437" type="identity">
            <class id="NCBITaxon:33208" label="Metazoa"/>
            <span end="5355" id="16507151-10786" start="5349">animal</span>
        </annotation>
        <annotation annotator="Mike Bada" id="organism_Instance_48442" type="identity">
            <class id="NCBITaxon:10088" label="Mus"/>
            <span end="5409" id="16507151-10788" start="5405">mice</span>
        </annotation>
        <annotation annotator="Mike Bada" id="organism_Instance_48457" type="identity">
            <class id="NCBITaxon:10088" label="Mus"/>
            <span end="5672" id="16507151-10790" start="5668">mice</span>
        </annotation>
        <annotation annotator="Mike Bada" id="organism_Instance_48462" type="identity">
            <class id="NCBITaxon:10088" label="Mus"/>
            <span end="5731" id="16507151-10792" start="5727">mice</span>
        </annotation>
        <annotation annotator="Mike Bada" id="organism_Instance_48467" type="identity">
            <class id="NCBITaxon:10114" label="Rattus"/>
            <span end="5801" id="16507151-10794" start="5798">rat</span>
        </annotation>
        <annotation annotator="Mike Bada" id="organism_Instance_48472" type="identity">
            <class id="NCBITaxon:33208" label="Metazoa"/>
            <span end="6225" id="16507151-10796" start="6218">Animals</span>
        </annotation>
        <annotation annotator="Mike Bada" id="organism_Instance_48477" type="identity">
            <class id="NCBITaxon:10088" label="Mus"/>
            <span end="6370" id="16507151-10798" start="6365">mouse</span>
        </annotation>
        <annotation annotator="Mike Bada" id="organism_Instance_48482" type="identity">
            <class id="NCBITaxon:33208" label="Metazoa"/>
            <span end="6878" id="16507151-10800" start="6871">animals</span>
        </annotation>
        <annotation annotator="Mike Bada" id="organism_Instance_48487" type="identity">
            <class id="NCBITaxon:10088" label="Mus"/>
            <span end="7129" id="16507151-10802" start="7124">mouse</span>
        </annotation>
        <annotation annotator="Mike Bada" id="organism_Instance_48492" type="identity">
            <class id="NCBITaxon:10088" label="Mus"/>
            <span end="7298" id="16507151-10804" start="7294">mice</span>
        </annotation>
        <annotation annotator="Mike Bada" id="organism_Instance_220423" type="identity">
            <class id="NCBITaxon:271" label="Thermus aquaticus"/>
            <span end="7739" id="16507151-10708" start="7736">Taq</span>
        </annotation>
        <annotation annotator="Mike Bada" id="organism_Instance_48497" type="identity">
            <class id="NCBITaxon:10088" label="Mus"/>
            <span end="8421" id="16507151-10806" start="8416">mouse</span>
        </annotation>
        <annotation annotator="Mike Bada" id="organism_Instance_48502" type="identity">
            <class id="NCBITaxon:10088" label="Mus"/>
            <span end="9081" id="16507151-10808" start="9077">mice</span>
        </annotation>
        <annotation annotator="Mike Bada" id="organism_Instance_48507" type="identity">
            <class id="NCBITaxon:27592" label="Bovinae"/>
            <span end="9311" id="16507151-10810" start="9305">Bovine</span>
        </annotation>
        <annotation annotator="Mike Bada" id="organism_Instance_48512" type="identity">
            <class id="NCBITaxon:10088" label="Mus"/>
            <span end="9450" id="16507151-10812" start="9445">mouse</span>
        </annotation>
        <annotation annotator="Mike Bada" id="organism_Instance_48517" type="identity">
            <class id="NCBITaxon:9925" label="Capra hircus"/>
            <span end="9617" id="16507151-10814" start="9613">goat</span>
        </annotation>
        <annotation annotator="Mike Bada" id="organism_Instance_48522" type="identity">
            <class id="NCBITaxon:10088" label="Mus"/>
            <span end="9822" id="16507151-10816" start="9818">mice</span>
        </annotation>
        <annotation annotator="Mike Bada" id="organism_Instance_48527" type="identity">
            <class id="NCBITaxon:10088" label="Mus"/>
            <span end="9962" id="16507151-10818" start="9958">mice</span>
        </annotation>
        <annotation annotator="Mike Bada" id="organism_Instance_48532" type="identity">
            <class id="NCBITaxon:10088" label="Mus"/>
            <span end="10148" id="16507151-10820" start="10144">mice</span>
        </annotation>
        <annotation annotator="Mike Bada" id="organism_Instance_48537" type="identity">
            <class id="NCBITaxon:10088" label="Mus"/>
            <span end="10221" id="16507151-10822" start="10217">mice</span>
        </annotation>
        <annotation annotator="Mike Bada" id="organism_Instance_48542" type="identity">
            <class id="NCBITaxon:10088" label="Mus"/>
            <span end="10491" id="16507151-10824" start="10487">mice</span>
        </annotation>
        <annotation annotator="Mike Bada" id="organism_Instance_48547" type="identity">
            <class id="NCBITaxon:10088" label="Mus"/>
            <span end="10599" id="16507151-10826" start="10595">mice</span>
        </annotation>
        <annotation annotator="Mike Bada" id="organism_Instance_48552" type="identity">
            <class id="NCBITaxon:10088" label="Mus"/>
            <span end="10745" id="16507151-10828" start="10741">mice</span>
        </annotation>
        <annotation annotator="Mike Bada" id="organism_Instance_48557" type="identity">
            <class id="NCBITaxon:10088" label="Mus"/>
            <span end="11132" id="16507151-10830" start="11128">mice</span>
        </annotation>
        <annotation annotator="Mike Bada" id="organism_Instance_48562" type="identity">
            <class id="NCBITaxon:10088" label="Mus"/>
            <span end="11151" id="16507151-10832" start="11147">mice</span>
        </annotation>
        <annotation annotator="Mike Bada" id="organism_Instance_48567" type="identity">
            <class id="NCBITaxon:10088" label="Mus"/>
            <span end="11246" id="16507151-10834" start="11242">mice</span>
        </annotation>
        <annotation annotator="Mike Bada" id="organism_Instance_48572" type="identity">
            <class id="NCBITaxon:10088" label="Mus"/>
            <span end="11366" id="16507151-10836" start="11362">mice</span>
        </annotation>
        <annotation annotator="Mike Bada" id="organism_Instance_48577" type="identity">
            <class id="NCBITaxon:10088" label="Mus"/>
            <span end="11448" id="16507151-10838" start="11444">mice</span>
        </annotation>
        <annotation annotator="Mike Bada" id="organism_Instance_220433" type="identity">
            <class id="NCBITaxon:10088" label="Mus"/>
            <span end="11569" id="16507151-10710" start="11565">mice</span>
        </annotation>
        <annotation annotator="Mike Bada" id="organism_Instance_48582" type="identity">
            <class id="NCBITaxon:10088" label="Mus"/>
            <span end="12237" id="16507151-10840" start="12233">mice</span>
        </annotation>
        <annotation annotator="Mike Bada" id="organism_Instance_48587" type="identity">
            <class id="NCBITaxon:10088" label="Mus"/>
            <span end="12288" id="16507151-10842" start="12283">mouse</span>
        </annotation>
        <annotation annotator="Mike Bada" id="organism_Instance_48592" type="identity">
            <class id="NCBITaxon:10088" label="Mus"/>
            <span end="12319" id="16507151-10844" start="12314">mouse</span>
        </annotation>
        <annotation annotator="Mike Bada" id="organism_Instance_48597" type="identity">
            <class id="NCBITaxon:10088" label="Mus"/>
            <span end="12381" id="16507151-10846" start="12376">mouse</span>
        </annotation>
        <annotation annotator="Mike Bada" id="organism_Instance_48602" type="identity">
            <class id="NCBITaxon:10088" label="Mus"/>
            <span end="12458" id="16507151-10848" start="12454">mice</span>
        </annotation>
        <annotation annotator="Mike Bada" id="organism_Instance_48607" type="identity">
            <class id="NCBITaxon:10088" label="Mus"/>
            <span end="12944" id="16507151-10850" start="12940">mice</span>
        </annotation>
        <annotation annotator="Mike Bada" id="organism_Instance_48612" type="identity">
            <class id="NCBITaxon:9606" label="Homo sapiens"/>
            <span end="13104" id="16507151-10852" start="13099">human</span>
        </annotation>
        <annotation annotator="Mike Bada" id="organism_Instance_48617" type="identity">
            <class id="NCBITaxon:10088" label="Mus"/>
            <span end="13201" id="16507151-10854" start="13197">mice</span>
        </annotation>
        <annotation annotator="Mike Bada" id="organism_Instance_48622" type="identity">
            <class id="NCBITaxon:10088" label="Mus"/>
            <span end="13437" id="16507151-10856" start="13433">mice</span>
        </annotation>
        <annotation annotator="Mike Bada" id="organism_Instance_48627" type="identity">
            <class id="NCBITaxon:10088" label="Mus"/>
            <span end="13474" id="16507151-10858" start="13470">mice</span>
        </annotation>
        <annotation annotator="Mike Bada" id="organism_Instance_48632" type="identity">
            <class id="NCBITaxon:10088" label="Mus"/>
            <span end="13530" id="16507151-10860" start="13526">mice</span>
        </annotation>
        <annotation annotator="Mike Bada" id="organism_Instance_48637" type="identity">
            <class id="NCBITaxon:10088" label="Mus"/>
            <span end="14365" id="16507151-10862" start="14361">mice</span>
        </annotation>
        <annotation annotator="Mike Bada" id="organism_Instance_220438" type="identity">
            <class id="NCBITaxon:9606" label="Homo sapiens"/>
            <span end="14376" id="16507151-10712" start="14370">humans</span>
        </annotation>
        <annotation annotator="Mike Bada" id="organism_Instance_48642" type="identity">
            <class id="NCBITaxon:10088" label="Mus"/>
            <span end="16403" id="16507151-10864" start="16398">mouse</span>
        </annotation>
        <annotation annotator="Mike Bada" id="organism_Instance_48647" type="identity">
            <class id="NCBITaxon:9606" label="Homo sapiens"/>
            <span end="16477" id="16507151-10866" start="16472">human</span>
        </annotation>
        <annotation annotator="Mike Bada" id="organism_Instance_48652" type="identity">
            <class id="NCBITaxon:9606" label="Homo sapiens"/>
            <span end="16511" id="16507151-10868" start="16506">human</span>
        </annotation>
        <annotation annotator="Mike Bada" id="organism_Instance_48657" type="identity">
            <class id="NCBITaxon:10114" label="Rattus"/>
            <span end="16615" id="16507151-10870" start="16612">rat</span>
        </annotation>
        <annotation annotator="Mike Bada" id="organism_Instance_48662" type="identity">
            <class id="NCBITaxon:10088" label="Mus"/>
            <span end="17119" id="16507151-10872" start="17115">mice</span>
        </annotation>
        <annotation annotator="Mike Bada" id="organism_Instance_48667" type="identity">
            <class id="NCBITaxon:10088" label="Mus"/>
            <span end="17183" id="16507151-10874" start="17179">mice</span>
        </annotation>
        <annotation annotator="Mike Bada" id="organism_Instance_48672" type="identity">
            <class id="NCBITaxon:10088" label="Mus"/>
            <span end="17213" id="16507151-10876" start="17209">mice</span>
        </annotation>
        <annotation annotator="Mike Bada" id="organism_Instance_48677" type="identity">
            <class id="NCBITaxon:10088" label="Mus"/>
            <span end="18762" id="16507151-10878" start="18758">mice</span>
        </annotation>
        <annotation annotator="Mike Bada" id="organism_Instance_48682" type="identity">
            <class id="NCBITaxon:10088" label="Mus"/>
            <span end="19271" id="16507151-10880" start="19267">mice</span>
        </annotation>
        <annotation annotator="Mike Bada" id="organism_Instance_220443" type="identity">
            <class id="NCBITaxon:10088" label="Mus"/>
            <span end="19366" id="16507151-10714" start="19362">mice</span>
        </annotation>
        <annotation annotator="Mike Bada" id="organism_Instance_220448" type="identity">
            <class id="NCBITaxon:10088" label="Mus"/>
            <span end="19499" id="16507151-10716" start="19495">mice</span>
        </annotation>
        <annotation annotator="Mike Bada" id="organism_Instance_220453" type="identity">
            <class id="NCBITaxon:10088" label="Mus"/>
            <span end="19566" id="16507151-10718" start="19562">mice</span>
        </annotation>
        <annotation annotator="Mike Bada" id="organism_Instance_220458" type="identity">
            <class id="NCBITaxon:10088" label="Mus"/>
            <span end="19691" id="16507151-10720" start="19687">mice</span>
        </annotation>
        <annotation annotator="Mike Bada" id="organism_Instance_220463" type="identity">
            <class id="NCBITaxon:10088" label="Mus"/>
            <span end="19765" id="16507151-10722" start="19761">mice</span>
        </annotation>
        <annotation annotator="Mike Bada" id="organism_Instance_220468" type="identity">
            <class id="NCBITaxon:10088" label="Mus"/>
            <span end="19889" id="16507151-10724" start="19885">mice</span>
        </annotation>
        <annotation annotator="Mike Bada" id="organism_Instance_48691" type="identity">
            <class id="NCBITaxon:10088" label="Mus"/>
            <span end="20001" id="16507151-10882" start="19997">mice</span>
        </annotation>
        <graph-space id="Old Knowtator Relations"/>
    </document>
</knowtator-project>
