<?xml version="1.0" encoding="UTF-8" standalone="no"?>
<knowtator-project>
  <document id="16579849" text-file="16579849.txt">
    <annotation annotator="Mike Bada" id="organism_Instance_49816" type="identity">
      <class id="NCBITaxon:39107" label="Murinae"/>
      <span end="41" id="16579849-11123" start="35">murine</span>
    </annotation>
    <annotation annotator="Mike Bada" id="organism_Instance_230307" type="identity">
      <class id="NCBITaxon:4022" label="Acer"/>
      <span end="82" id="16579849-11091" start="77">maple</span>
    </annotation>
    <annotation annotator="Mike Bada" id="organism_Instance_230312" type="identity">
      <class id="NCBITaxon:4022" label="Acer"/>
      <span end="131" id="16579849-11093" start="126">Maple</span>
    </annotation>
    <annotation annotator="Mike Bada" id="organism_Instance_49821" type="identity">
      <class id="NCBITaxon:33208" label="Metazoa"/>
      <span end="514" id="16579849-11125" start="508">animal</span>
    </annotation>
    <annotation annotator="Mike Bada" id="organism_Instance_49826" type="identity">
      <class id="NCBITaxon:39107" label="Murinae"/>
      <span end="550" id="16579849-11127" start="544">murine</span>
    </annotation>
    <annotation annotator="Mike Bada" id="organism_Instance_49831" type="identity">
      <class id="NCBITaxon:10088" label="Mus"/>
      <span end="651" id="16579849-11129" start="646">mouse</span>
    </annotation>
    <annotation annotator="Mike Bada" id="organism_Instance_49836" type="identity">
      <class id="NCBITaxon:39107" label="Murinae"/>
      <span end="759" id="16579849-11131" start="753">murine</span>
    </annotation>
    <annotation annotator="Mike Bada" id="organism_Instance_49841" type="identity">
      <class id="NCBITaxon:9606" label="Homo sapiens"/>
      <span end="836" id="16579849-11133" start="831">human</span>
    </annotation>
    <annotation annotator="Mike Bada" id="organism_Instance_49846" type="identity">
      <class id="NCBITaxon:10088" label="Mus"/>
      <span end="877" id="16579849-11135" start="873">Mice</span>
    </annotation>
    <annotation annotator="Mike Bada" id="organism_Instance_49851" type="identity">
      <class id="NCBITaxon:33208" label="Metazoa"/>
      <span end="959" id="16579849-11137" start="953">animal</span>
    </annotation>
    <annotation annotator="Mike Bada" id="organism_Instance_49856" type="identity">
      <class id="NCBITaxon:10088" label="Mus"/>
      <span end="1087" id="16579849-11139" start="1082">mouse</span>
    </annotation>
    <annotation annotator="Mike Bada" id="organism_Instance_49861" type="identity">
      <class id="NCBITaxon:10088" label="Mus"/>
      <span end="1139" id="16579849-11141" start="1135">mice</span>
    </annotation>
    <annotation annotator="Mike Bada" id="organism_Instance_49866" type="identity">
      <class id="NCBITaxon:9606" label="Homo sapiens"/>
      <span end="1379" id="16579849-11143" start="1374">human</span>
    </annotation>
    <annotation annotator="Mike Bada" id="organism_Instance_49871" type="identity">
      <class id="NCBITaxon:33208" label="Metazoa"/>
      <span end="1427" id="16579849-11145" start="1420">animals</span>
    </annotation>
    <annotation annotator="Mike Bada" id="organism_Instance_49876" type="identity">
      <class id="NCBITaxon:10088" label="Mus"/>
      <span end="1720" id="16579849-11147" start="1715">mouse</span>
    </annotation>
    <annotation annotator="Mike Bada" id="organism_Instance_49881" type="identity">
      <class id="NCBITaxon:10088" label="Mus"/>
      <span end="1751" id="16579849-11149" start="1747">mice</span>
    </annotation>
    <annotation annotator="Mike Bada" id="organism_Instance_49886" type="identity">
      <class id="NCBITaxon:33208" label="Metazoa"/>
      <span end="1778" id="16579849-11151" start="1772">animal</span>
    </annotation>
    <annotation annotator="Mike Bada" id="organism_Instance_230267" type="identity">
      <class id="NCBITaxon:9606" label="Homo sapiens"/>
      <span end="1834" id="16579849-11087" start="1828">humans</span>
    </annotation>
    <annotation annotator="Mike Bada" id="organism_Instance_49891" type="identity">
      <class id="NCBITaxon:33208" label="Metazoa"/>
      <span end="1897" id="16579849-11153" start="1890">animals</span>
    </annotation>
    <annotation annotator="Mike Bada" id="organism_Instance_230318" type="identity">
      <class id="NCBITaxon:4022" label="Acer"/>
      <span end="2126" id="16579849-11095" start="2121">Maple</span>
    </annotation>
    <annotation annotator="Mike Bada" id="organism_Instance_49896" type="identity">
      <class id="NCBITaxon:9606" label="Homo sapiens"/>
      <span end="4976" id="16579849-11155" start="4971">human</span>
    </annotation>
    <annotation annotator="Mike Bada" id="organism_Instance_49901" type="identity">
      <class id="NCBITaxon:33208" label="Metazoa"/>
      <span end="5736" id="16579849-11157" start="5730">animal</span>
    </annotation>
    <annotation annotator="Mike Bada" id="organism_Instance_49906" type="identity">
      <class id="NCBITaxon:33208" label="Metazoa"/>
      <span end="5978" id="16579849-11159" start="5972">animal</span>
    </annotation>
    <annotation annotator="Mike Bada" id="organism_Instance_49911" type="identity">
      <class id="NCBITaxon:9606" label="Homo sapiens"/>
      <span end="5995" id="16579849-11161" start="5990">human</span>
    </annotation>
    <annotation annotator="Mike Bada" id="organism_Instance_49916" type="identity">
      <class id="NCBITaxon:33208" label="Metazoa"/>
      <span end="6083" id="16579849-11163" start="6077">animal</span>
    </annotation>
    <annotation annotator="Mike Bada" id="organism_Instance_49921" type="identity">
      <class id="NCBITaxon:9606" label="Homo sapiens"/>
      <span end="6120" id="16579849-11165" start="6115">human</span>
    </annotation>
    <annotation annotator="Mike Bada" id="organism_Instance_49926" type="identity">
      <class id="NCBITaxon:10088" label="Mus"/>
      <span end="6191" id="16579849-11167" start="6186">mouse</span>
    </annotation>
    <annotation annotator="Mike Bada" id="organism_Instance_49931" type="identity">
      <class id="NCBITaxon:9606" label="Homo sapiens"/>
      <span end="6227" id="16579849-11169" start="6222">human</span>
    </annotation>
    <annotation annotator="Mike Bada" id="organism_Instance_49936" type="identity">
      <class id="NCBITaxon:10088" label="Mus"/>
      <span end="6498" id="16579849-11171" start="6493">mouse</span>
    </annotation>
    <annotation annotator="Mike Bada" id="organism_Instance_49941" type="identity">
      <class id="NCBITaxon:9606" label="Homo sapiens"/>
      <span end="6522" id="16579849-11173" start="6517">human</span>
    </annotation>
    <annotation annotator="Mike Bada" id="organism_Instance_49946" type="identity">
      <class id="NCBITaxon:39107" label="Murinae"/>
      <span end="6624" id="16579849-11175" start="6618">murine</span>
    </annotation>
    <annotation annotator="Mike Bada" id="organism_Instance_49951" type="identity">
      <class id="NCBITaxon:9606" label="Homo sapiens"/>
      <span end="6723" id="16579849-11177" start="6718">human</span>
    </annotation>
    <annotation annotator="Mike Bada" id="organism_Instance_49956" type="identity">
      <class id="NCBITaxon:39107" label="Murinae"/>
      <span end="7043" id="16579849-11179" start="7037">murine</span>
    </annotation>
    <annotation annotator="Mike Bada" id="organism_Instance_49961" type="identity">
      <class id="NCBITaxon:33208" label="Metazoa"/>
      <span end="7236" id="16579849-11181" start="7229">animals</span>
    </annotation>
    <annotation annotator="Mike Bada" id="organism_Instance_49966" type="identity">
      <class id="NCBITaxon:33208" label="Metazoa"/>
      <span end="7318" id="16579849-11183" start="7312">Animal</span>
    </annotation>
    <annotation annotator="Mike Bada" id="NCBITAXON_2015_03_02_Instance_30028" type="identity">
      <class id="NCBITaxon:10678" label="Escherichia virus P1"/>
      <span end="7517" id="16579849-11085" start="7509">P1 phage</span>
    </annotation>
    <annotation annotator="Mike Bada" id="organism_Instance_49971" type="identity">
      <class id="NCBITaxon:10088" label="Mus"/>
      <span end="7581" id="16579849-11185" start="7576">Mouse</span>
    </annotation>
    <annotation annotator="Mike Bada" id="organism_Instance_49976" type="identity">
      <class id="NCBITaxon:10088" label="Mus"/>
      <span end="8420" id="16579849-11187" start="8416">mice</span>
    </annotation>
    <annotation annotator="Mike Bada" id="organism_Instance_49981" type="identity">
      <class id="NCBITaxon:10088" label="Mus"/>
      <span end="8603" id="16579849-11189" start="8599">mice</span>
    </annotation>
    <annotation annotator="Mike Bada" id="organism_Instance_49986" type="identity">
      <class id="NCBITaxon:10088" label="Mus"/>
      <span end="8691" id="16579849-11191" start="8687">mice</span>
    </annotation>
    <annotation annotator="Mike Bada" id="organism_Instance_49991" type="identity">
      <class id="NCBITaxon:33208" label="Metazoa"/>
      <span end="8737" id="16579849-11193" start="8730">animals</span>
    </annotation>
    <annotation annotator="Mike Bada" id="organism_Instance_49996" type="identity">
      <class id="NCBITaxon:10088" label="Mus"/>
      <span end="8835" id="16579849-11195" start="8830">mouse</span>
    </annotation>
    <annotation annotator="Mike Bada" id="organism_Instance_50001" type="identity">
      <class id="NCBITaxon:10088" label="Mus"/>
      <span end="8915" id="16579849-11197" start="8910">mouse</span>
    </annotation>
    <annotation annotator="Mike Bada" id="organism_Instance_50006" type="identity">
      <class id="NCBITaxon:10088" label="Mus"/>
      <span end="9636" id="16579849-11199" start="9632">mice</span>
    </annotation>
    <annotation annotator="Mike Bada" id="organism_Instance_50011" type="identity">
      <class id="NCBITaxon:10088" label="Mus"/>
      <span end="9818" id="16579849-11201" start="9813">mouse</span>
    </annotation>
    <annotation annotator="Mike Bada" id="organism_Instance_50016" type="identity">
      <class id="NCBITaxon:10088" label="Mus"/>
      <span end="10007" id="16579849-11203" start="10002">mouse</span>
    </annotation>
    <annotation annotator="Mike Bada" id="organism_Instance_50021" type="identity">
      <class id="NCBITaxon:10088" label="Mus"/>
      <span end="10092" id="16579849-11205" start="10087">mouse</span>
    </annotation>
    <annotation annotator="Mike Bada" id="organism_Instance_230292" type="identity">
      <class id="NCBITaxon:10088" label="Mus"/>
      <span end="10313" id="16579849-11089" start="10309">mice</span>
    </annotation>
    <annotation annotator="Mike Bada" id="organism_Instance_230328" type="identity">
      <class id="NCBITaxon:10359" label="Human betaherpesvirus 5"/>
      <span end="10458" id="16579849-11097" start="10454">hCMV</span>
    </annotation>
    <annotation annotator="Mike Bada" id="organism_Instance_230333" type="identity">
      <class id="NCBITaxon:10359" label="Human betaherpesvirus 5"/>
      <span end="10546" id="16579849-11099" start="10542">hCMV</span>
    </annotation>
    <annotation annotator="Mike Bada" id="organism_Instance_50026" type="identity">
      <class id="NCBITaxon:9606" label="Homo sapiens"/>
      <span end="10785" id="16579849-11207" start="10780">human</span>
    </annotation>
    <annotation annotator="Mike Bada" id="organism_Instance_50031" type="identity">
      <class id="NCBITaxon:10633" label="Macaca mulatta polyomavirus 1"/>
      <span end="10941" id="16579849-11209" start="10937">SV40</span>
    </annotation>
    <annotation annotator="Mike Bada" id="organism_Instance_50036" type="identity">
      <class id="NCBITaxon:10088" label="Mus"/>
      <span end="11192" id="16579849-11211" start="11187">mouse</span>
    </annotation>
    <annotation annotator="Mike Bada" id="organism_Instance_50041" type="identity">
      <class id="NCBITaxon:10088" label="Mus"/>
      <span end="11348" id="16579849-11213" start="11344">mice</span>
    </annotation>
    <annotation annotator="Mike Bada" id="organism_Instance_50046" type="identity">
      <class id="NCBITaxon:10633" label="Macaca mulatta polyomavirus 1"/>
      <span end="11478" id="16579849-11215" start="11474">SV40</span>
    </annotation>
    <annotation annotator="Mike Bada" id="organism_Instance_50051" type="identity">
      <class id="NCBITaxon:39107" label="Murinae"/>
      <span end="11551" id="16579849-11217" start="11545">murine</span>
    </annotation>
    <annotation annotator="Mike Bada" id="organism_Instance_50056" type="identity">
      <class id="NCBITaxon:10088" label="Mus"/>
      <span end="11636" id="16579849-11219" start="11632">mice</span>
    </annotation>
    <annotation annotator="Mike Bada" id="organism_Instance_50061" type="identity">
      <class id="NCBITaxon:33208" label="Metazoa"/>
      <span end="11840" id="16579849-11221" start="11833">animals</span>
    </annotation>
    <annotation annotator="Mike Bada" id="organism_Instance_50066" type="identity">
      <class id="NCBITaxon:10088" label="Mus"/>
      <span end="11935" id="16579849-11223" start="11931">mice</span>
    </annotation>
    <annotation annotator="Mike Bada" id="organism_Instance_50071" type="identity">
      <class id="NCBITaxon:33208" label="Metazoa"/>
      <span end="11986" id="16579849-11225" start="11979">animals</span>
    </annotation>
    <annotation annotator="Mike Bada" id="organism_Instance_50076" type="identity">
      <class id="NCBITaxon:33208" label="Metazoa"/>
      <span end="12247" id="16579849-11227" start="12240">animals</span>
    </annotation>
    <annotation annotator="Mike Bada" id="organism_Instance_50081" type="identity">
      <class id="NCBITaxon:10088" label="Mus"/>
      <span end="12336" id="16579849-11229" start="12332">mice</span>
    </annotation>
    <annotation annotator="Mike Bada" id="organism_Instance_50086" type="identity">
      <class id="NCBITaxon:10088" label="Mus"/>
      <span end="12613" id="16579849-11231" start="12608">mouse</span>
    </annotation>
    <annotation annotator="Mike Bada" id="organism_Instance_50091" type="identity">
      <class id="NCBITaxon:9925" label="Capra hircus"/>
      <span end="13011" id="16579849-11233" start="13007">goat</span>
    </annotation>
    <annotation annotator="Mike Bada" id="organism_Instance_50096" type="identity">
      <class id="NCBITaxon:10088" label="Mus"/>
      <span end="13776" id="16579849-11235" start="13772">mice</span>
    </annotation>
    <annotation annotator="Mike Bada" id="organism_Instance_50101" type="identity">
      <class id="NCBITaxon:10088" label="Mus"/>
      <span end="15262" id="16579849-11237" start="15258">mice</span>
    </annotation>
    <annotation annotator="Mike Bada" id="organism_Instance_50106" type="identity">
      <class id="NCBITaxon:9986" label="Oryctolagus cuniculus"/>
      <span end="15511" id="16579849-11239" start="15505">rabbit</span>
    </annotation>
    <annotation annotator="Mike Bada" id="organism_Instance_50111" type="identity">
      <class id="NCBITaxon:10088" label="Mus"/>
      <span end="15559" id="16579849-11241" start="15554">mouse</span>
    </annotation>
    <annotation annotator="Mike Bada" id="organism_Instance_50116" type="identity">
      <class id="NCBITaxon:9606" label="Homo sapiens"/>
      <span end="15578" id="16579849-11243" start="15573">human</span>
    </annotation>
    <annotation annotator="Mike Bada" id="organism_Instance_50121" type="identity">
      <class id="NCBITaxon:9986" label="Oryctolagus cuniculus"/>
      <span end="15694" id="16579849-11245" start="15688">rabbit</span>
    </annotation>
    <annotation annotator="Mike Bada" id="organism_Instance_50136" type="identity">
      <class id="NCBITaxon:9925" label="Capra hircus"/>
      <span end="15909" id="16579849-11247" start="15905">goat</span>
    </annotation>
    <annotation annotator="Mike Bada" id="organism_Instance_230343" type="identity">
      <class id="NCBITaxon:9986" label="Oryctolagus cuniculus"/>
      <span end="15921" id="16579849-11101" start="15915">rabbit</span>
    </annotation>
    <annotation annotator="Mike Bada" id="organism_Instance_50141" type="identity">
      <class id="NCBITaxon:3704" label="Armoracia rusticana"/>
      <span end="15966" id="16579849-11249" start="15955">horseradish</span>
    </annotation>
    <annotation annotator="Mike Bada" id="organism_Instance_230349" type="identity">
      <class id="NCBITaxon:10088" label="Mus"/>
      <span end="16405" id="16579849-11103" start="16401">mice</span>
    </annotation>
    <annotation annotator="Mike Bada" id="organism_Instance_50151" type="identity">
      <class id="NCBITaxon:10088" label="Mus"/>
      <span end="16433" id="16579849-11251" start="16429">mice</span>
    </annotation>
    <annotation annotator="Mike Bada" id="organism_Instance_50156" type="identity">
      <class id="NCBITaxon:10088" label="Mus"/>
      <span end="16466" id="16579849-11253" start="16461">mouse</span>
    </annotation>
    <annotation annotator="Mike Bada" id="organism_Instance_50161" type="identity">
      <class id="NCBITaxon:10088" label="Mus"/>
      <span end="17458" id="16579849-11255" start="17454">mice</span>
    </annotation>
    <annotation annotator="Mike Bada" id="organism_Instance_50166" type="identity">
      <class id="NCBITaxon:10088" label="Mus"/>
      <span end="17496" id="16579849-11257" start="17492">mice</span>
    </annotation>
    <annotation annotator="Mike Bada" id="organism_Instance_50171" type="identity">
      <class id="NCBITaxon:10088" label="Mus"/>
      <span end="17571" id="16579849-11259" start="17567">mice</span>
    </annotation>
    <annotation annotator="Mike Bada" id="organism_Instance_50176" type="identity">
      <class id="NCBITaxon:33208" label="Metazoa"/>
      <span end="17662" id="16579849-11261" start="17655">animals</span>
    </annotation>
    <annotation annotator="Mike Bada" id="organism_Instance_50181" type="identity">
      <class id="NCBITaxon:10088" label="Mus"/>
      <span end="17668" id="16579849-11263" start="17664">Mice</span>
    </annotation>
    <annotation annotator="Mike Bada" id="organism_Instance_50186" type="identity">
      <class id="NCBITaxon:10088" label="Mus"/>
      <span end="17802" id="16579849-11265" start="17798">mice</span>
    </annotation>
    <annotation annotator="Mike Bada" id="organism_Instance_50191" type="identity">
      <class id="NCBITaxon:10088" label="Mus"/>
      <span end="17838" id="16579849-11267" start="17834">mice</span>
    </annotation>
    <annotation annotator="Mike Bada" id="organism_Instance_50196" type="identity">
      <class id="NCBITaxon:10088" label="Mus"/>
      <span end="17882" id="16579849-11269" start="17878">mice</span>
    </annotation>
    <annotation annotator="Mike Bada" id="organism_Instance_230354" type="identity">
      <class id="NCBITaxon:10088" label="Mus"/>
      <span end="17899" id="16579849-11105" start="17895">Mice</span>
    </annotation>
    <annotation annotator="Mike Bada" id="organism_Instance_50201" type="identity">
      <class id="NCBITaxon:10088" label="Mus"/>
      <span end="18062" id="16579849-11271" start="18058">mice</span>
    </annotation>
    <annotation annotator="Mike Bada" id="organism_Instance_50206" type="identity">
      <class id="NCBITaxon:33208" label="Metazoa"/>
      <span end="18141" id="16579849-11273" start="18134">animals</span>
    </annotation>
    <annotation annotator="Mike Bada" id="organism_Instance_50211" type="identity">
      <class id="NCBITaxon:10088" label="Mus"/>
      <span end="18330" id="16579849-11275" start="18326">mice</span>
    </annotation>
    <annotation annotator="Mike Bada" id="organism_Instance_50216" type="identity">
      <class id="NCBITaxon:10088" label="Mus"/>
      <span end="18898" id="16579849-11277" start="18894">mice</span>
    </annotation>
    <annotation annotator="Mike Bada" id="organism_Instance_50221" type="identity">
      <class id="NCBITaxon:10088" label="Mus"/>
      <span end="19080" id="16579849-11279" start="19075">mouse</span>
    </annotation>
    <annotation annotator="Mike Bada" id="organism_Instance_50226" type="identity">
      <class id="NCBITaxon:10088" label="Mus"/>
      <span end="19177" id="16579849-11281" start="19173">mice</span>
    </annotation>
    <annotation annotator="Mike Bada" id="organism_Instance_50231" type="identity">
      <class id="NCBITaxon:10088" label="Mus"/>
      <span end="19271" id="16579849-11283" start="19266">mouse</span>
    </annotation>
    <annotation annotator="Mike Bada" id="organism_Instance_50236" type="identity">
      <class id="NCBITaxon:10088" label="Mus"/>
      <span end="19318" id="16579849-11285" start="19314">mice</span>
    </annotation>
    <annotation annotator="Mike Bada" id="organism_Instance_50241" type="identity">
      <class id="NCBITaxon:10088" label="Mus"/>
      <span end="19418" id="16579849-11287" start="19414">mice</span>
    </annotation>
    <annotation annotator="Mike Bada" id="organism_Instance_230359" type="identity">
      <class id="NCBITaxon:9606" label="Homo sapiens"/>
      <span end="19457" id="16579849-11107" start="19451">humans</span>
    </annotation>
    <annotation annotator="Mike Bada" id="organism_Instance_50246" type="identity">
      <class id="NCBITaxon:39107" label="Murinae"/>
      <span end="19547" id="16579849-11289" start="19541">murine</span>
    </annotation>
    <annotation annotator="Mike Bada" id="organism_Instance_50251" type="identity">
      <class id="NCBITaxon:10088" label="Mus"/>
      <span end="19679" id="16579849-11291" start="19675">mice</span>
    </annotation>
    <annotation annotator="Mike Bada" id="organism_Instance_50256" type="identity">
      <class id="NCBITaxon:10088" label="Mus"/>
      <span end="19849" id="16579849-11293" start="19845">mice</span>
    </annotation>
    <annotation annotator="Mike Bada" id="organism_Instance_50261" type="identity">
      <class id="NCBITaxon:10088" label="Mus"/>
      <span end="19964" id="16579849-11295" start="19960">mice</span>
    </annotation>
    <annotation annotator="Mike Bada" id="organism_Instance_50266" type="identity">
      <class id="NCBITaxon:10088" label="Mus"/>
      <span end="20068" id="16579849-11297" start="20064">mice</span>
    </annotation>
    <annotation annotator="Mike Bada" id="organism_Instance_50271" type="identity">
      <class id="NCBITaxon:10088" label="Mus"/>
      <span end="20119" id="16579849-11299" start="20115">mice</span>
    </annotation>
    <annotation annotator="Mike Bada" id="organism_Instance_50276" type="identity">
      <class id="NCBITaxon:10088" label="Mus"/>
      <span end="20148" id="16579849-11301" start="20144">mice</span>
    </annotation>
    <annotation annotator="Mike Bada" id="organism_Instance_50281" type="identity">
      <class id="NCBITaxon:10088" label="Mus"/>
      <span end="20202" id="16579849-11303" start="20198">mice</span>
    </annotation>
    <annotation annotator="Mike Bada" id="organism_Instance_50286" type="identity">
      <class id="NCBITaxon:10088" label="Mus"/>
      <span end="20413" id="16579849-11305" start="20409">mice</span>
    </annotation>
    <annotation annotator="Mike Bada" id="organism_Instance_50291" type="identity">
      <class id="NCBITaxon:10088" label="Mus"/>
      <span end="20529" id="16579849-11307" start="20525">mice</span>
    </annotation>
    <annotation annotator="Mike Bada" id="organism_Instance_50296" type="identity">
      <class id="NCBITaxon:10088" label="Mus"/>
      <span end="20621" id="16579849-11309" start="20617">mice</span>
    </annotation>
    <annotation annotator="Mike Bada" id="organism_Instance_50301" type="identity">
      <class id="NCBITaxon:10088" label="Mus"/>
      <span end="20651" id="16579849-11311" start="20647">mice</span>
    </annotation>
    <annotation annotator="Mike Bada" id="organism_Instance_50306" type="identity">
      <class id="NCBITaxon:10088" label="Mus"/>
      <span end="20997" id="16579849-11313" start="20993">mice</span>
    </annotation>
    <annotation annotator="Mike Bada" id="organism_Instance_50311" type="identity">
      <class id="NCBITaxon:10088" label="Mus"/>
      <span end="21146" id="16579849-11315" start="21142">mice</span>
    </annotation>
    <annotation annotator="Mike Bada" id="organism_Instance_50316" type="identity">
      <class id="NCBITaxon:10088" label="Mus"/>
      <span end="21363" id="16579849-11317" start="21359">mice</span>
    </annotation>
    <annotation annotator="Mike Bada" id="organism_Instance_50321" type="identity">
      <class id="NCBITaxon:10088" label="Mus"/>
      <span end="21418" id="16579849-11319" start="21414">mice</span>
    </annotation>
    <annotation annotator="Mike Bada" id="organism_Instance_50326" type="identity">
      <class id="NCBITaxon:10088" label="Mus"/>
      <span end="21467" id="16579849-11321" start="21463">mice</span>
    </annotation>
    <annotation annotator="Mike Bada" id="organism_Instance_50331" type="identity">
      <class id="NCBITaxon:10088" label="Mus"/>
      <span end="21504" id="16579849-11323" start="21500">mice</span>
    </annotation>
    <annotation annotator="Mike Bada" id="organism_Instance_50338" type="identity">
      <class id="NCBITaxon:10088" label="Mus"/>
      <span end="22420" id="16579849-11325" start="22416">mice</span>
    </annotation>
    <annotation annotator="Mike Bada" id="organism_Instance_230364" type="identity">
      <class id="NCBITaxon:9606" label="Homo sapiens"/>
      <span end="22675" id="16579849-11109" start="22669">humans</span>
    </annotation>
    <annotation annotator="Mike Bada" id="organism_Instance_50343" type="identity">
      <class id="NCBITaxon:10088" label="Mus"/>
      <span end="22729" id="16579849-11327" start="22725">mice</span>
    </annotation>
    <annotation annotator="Mike Bada" id="organism_Instance_50348" type="identity">
      <class id="NCBITaxon:10088" label="Mus"/>
      <span end="22772" id="16579849-11329" start="22768">mice</span>
    </annotation>
    <annotation annotator="Mike Bada" id="organism_Instance_50353" type="identity">
      <class id="NCBITaxon:9606" label="Homo sapiens"/>
      <span end="22791" id="16579849-11331" start="22786">human</span>
    </annotation>
    <annotation annotator="Mike Bada" id="organism_Instance_50358" type="identity">
      <class id="NCBITaxon:39107" label="Murinae"/>
      <span end="22883" id="16579849-11333" start="22877">murine</span>
    </annotation>
    <annotation annotator="Mike Bada" id="organism_Instance_50363" type="identity">
      <class id="NCBITaxon:10088" label="Mus"/>
      <span end="23061" id="16579849-11335" start="23056">mouse</span>
    </annotation>
    <annotation annotator="Mike Bada" id="organism_Instance_50368" type="identity">
      <class id="NCBITaxon:9606" label="Homo sapiens"/>
      <span end="23143" id="16579849-11337" start="23138">human</span>
    </annotation>
    <annotation annotator="Mike Bada" id="organism_Instance_50373" type="identity">
      <class id="NCBITaxon:9606" label="Homo sapiens"/>
      <span end="23577" id="16579849-11339" start="23572">human</span>
    </annotation>
    <annotation annotator="Mike Bada" id="organism_Instance_50378" type="identity">
      <class id="NCBITaxon:10088" label="Mus"/>
      <span end="23677" id="16579849-11341" start="23672">mouse</span>
    </annotation>
    <annotation annotator="Mike Bada" id="organism_Instance_50383" type="identity">
      <class id="NCBITaxon:10088" label="Mus"/>
      <span end="23754" id="16579849-11343" start="23750">mice</span>
    </annotation>
    <annotation annotator="Mike Bada" id="organism_Instance_50388" type="identity">
      <class id="NCBITaxon:9606" label="Homo sapiens"/>
      <span end="23773" id="16579849-11345" start="23768">human</span>
    </annotation>
    <annotation annotator="Mike Bada" id="organism_Instance_50393" type="identity">
      <class id="NCBITaxon:10088" label="Mus"/>
      <span end="23801" id="16579849-11347" start="23797">mice</span>
    </annotation>
    <annotation annotator="Mike Bada" id="organism_Instance_50398" type="identity">
      <class id="NCBITaxon:10088" label="Mus"/>
      <span end="23849" id="16579849-11349" start="23845">mice</span>
    </annotation>
    <annotation annotator="Mike Bada" id="organism_Instance_50403" type="identity">
      <class id="NCBITaxon:9606" label="Homo sapiens"/>
      <span end="24081" id="16579849-11351" start="24076">human</span>
    </annotation>
    <annotation annotator="Mike Bada" id="organism_Instance_50408" type="identity">
      <class id="NCBITaxon:10633" label="Macaca mulatta polyomavirus 1"/>
      <span end="24139" id="16579849-11353" start="24135">SV40</span>
    </annotation>
    <annotation annotator="Mike Bada" id="organism_Instance_50413" type="identity">
      <class id="NCBITaxon:10088" label="Mus"/>
      <span end="24240" id="16579849-11355" start="24236">mice</span>
    </annotation>
    <annotation annotator="Mike Bada" id="organism_Instance_50418" type="identity">
      <class id="NCBITaxon:10088" label="Mus"/>
      <span end="24327" id="16579849-11357" start="24323">mice</span>
    </annotation>
    <annotation annotator="Mike Bada" id="organism_Instance_50423" type="identity">
      <class id="NCBITaxon:9606" label="Homo sapiens"/>
      <span end="24358" id="16579849-11359" start="24353">human</span>
    </annotation>
    <annotation annotator="Mike Bada" id="organism_Instance_50428" type="identity">
      <class id="NCBITaxon:10088" label="Mus"/>
      <span end="24399" id="16579849-11361" start="24395">mice</span>
    </annotation>
    <annotation annotator="Mike Bada" id="organism_Instance_50433" type="identity">
      <class id="NCBITaxon:33208" label="Metazoa"/>
      <span end="24462" id="16579849-11363" start="24455">animals</span>
    </annotation>
    <annotation annotator="Mike Bada" id="organism_Instance_50438" type="identity">
      <class id="NCBITaxon:10088" label="Mus"/>
      <span end="24508" id="16579849-11365" start="24503">mouse</span>
    </annotation>
    <annotation annotator="Mike Bada" id="organism_Instance_50443" type="identity">
      <class id="NCBITaxon:33208" label="Metazoa"/>
      <span end="24542" id="16579849-11367" start="24535">animals</span>
    </annotation>
    <annotation annotator="Mike Bada" id="organism_Instance_50448" type="identity">
      <class id="NCBITaxon:9606" label="Homo sapiens"/>
      <span end="24649" id="16579849-11369" start="24644">human</span>
    </annotation>
    <annotation annotator="Mike Bada" id="organism_Instance_50453" type="identity">
      <class id="NCBITaxon:10088" label="Mus"/>
      <span end="24671" id="16579849-11371" start="24667">mice</span>
    </annotation>
    <annotation annotator="Mike Bada" id="organism_Instance_50458" type="identity">
      <class id="NCBITaxon:10088" label="Mus"/>
      <span end="24950" id="16579849-11373" start="24946">mice</span>
    </annotation>
    <annotation annotator="Mike Bada" id="organism_Instance_50463" type="identity">
      <class id="NCBITaxon:10088" label="Mus"/>
      <span end="25086" id="16579849-11375" start="25082">mice</span>
    </annotation>
    <annotation annotator="Mike Bada" id="organism_Instance_50468" type="identity">
      <class id="NCBITaxon:33208" label="Metazoa"/>
      <span end="25463" id="16579849-11377" start="25456">animals</span>
    </annotation>
    <annotation annotator="Mike Bada" id="organism_Instance_50473" type="identity">
      <class id="NCBITaxon:10088" label="Mus"/>
      <span end="25823" id="16579849-11379" start="25819">mice</span>
    </annotation>
    <annotation annotator="Mike Bada" id="organism_Instance_50478" type="identity">
      <class id="NCBITaxon:10088" label="Mus"/>
      <span end="25893" id="16579849-11381" start="25889">mice</span>
    </annotation>
    <annotation annotator="Mike Bada" id="organism_Instance_50483" type="identity">
      <class id="NCBITaxon:10088" label="Mus"/>
      <span end="26036" id="16579849-11383" start="26032">mice</span>
    </annotation>
    <annotation annotator="Mike Bada" id="organism_Instance_50488" type="identity">
      <class id="NCBITaxon:33208" label="Metazoa"/>
      <span end="26342" id="16579849-11385" start="26335">animals</span>
    </annotation>
    <annotation annotator="Mike Bada" id="organism_Instance_50493" type="identity">
      <class id="NCBITaxon:10088" label="Mus"/>
      <span end="26476" id="16579849-11387" start="26472">mice</span>
    </annotation>
    <annotation annotator="Mike Bada" id="organism_Instance_50498" type="identity">
      <class id="NCBITaxon:10088" label="Mus"/>
      <span end="26657" id="16579849-11389" start="26653">mice</span>
    </annotation>
    <annotation annotator="Mike Bada" id="organism_Instance_50503" type="identity">
      <class id="NCBITaxon:33208" label="Metazoa"/>
      <span end="27025" id="16579849-11391" start="27018">animals</span>
    </annotation>
    <annotation annotator="Mike Bada" id="organism_Instance_50508" type="identity">
      <class id="NCBITaxon:10088" label="Mus"/>
      <span end="27133" id="16579849-11393" start="27127">murine</span>
    </annotation>
    <annotation annotator="Mike Bada" id="organism_Instance_50513" type="identity">
      <class id="NCBITaxon:10088" label="Mus"/>
      <span end="27223" id="16579849-11395" start="27219">mice</span>
    </annotation>
    <annotation annotator="Mike Bada" id="organism_Instance_50518" type="identity">
      <class id="NCBITaxon:33208" label="Metazoa"/>
      <span end="27523" id="16579849-11397" start="27516">animals</span>
    </annotation>
    <annotation annotator="Mike Bada" id="organism_Instance_50523" type="identity">
      <class id="NCBITaxon:10088" label="Mus"/>
      <span end="27652" id="16579849-11399" start="27648">mice</span>
    </annotation>
    <annotation annotator="Mike Bada" id="organism_Instance_50528" type="identity">
      <class id="NCBITaxon:10088" label="Mus"/>
      <span end="28028" id="16579849-11401" start="28024">mice</span>
    </annotation>
    <annotation annotator="Mike Bada" id="organism_Instance_50533" type="identity">
      <class id="NCBITaxon:10088" label="Mus"/>
      <span end="28087" id="16579849-11403" start="28083">mice</span>
    </annotation>
    <annotation annotator="Mike Bada" id="organism_Instance_50538" type="identity">
      <class id="NCBITaxon:10088" label="Mus"/>
      <span end="28122" id="16579849-11405" start="28118">mice</span>
    </annotation>
    <annotation annotator="Mike Bada" id="organism_Instance_50543" type="identity">
      <class id="NCBITaxon:10088" label="Mus"/>
      <span end="28440" id="16579849-11407" start="28436">mice</span>
    </annotation>
    <annotation annotator="Mike Bada" id="organism_Instance_50548" type="identity">
      <class id="NCBITaxon:10088" label="Mus"/>
      <span end="28600" id="16579849-11409" start="28596">mice</span>
    </annotation>
    <annotation annotator="Mike Bada" id="organism_Instance_50553" type="identity">
      <class id="NCBITaxon:10088" label="Mus"/>
      <span end="28743" id="16579849-11411" start="28739">mice</span>
    </annotation>
    <annotation annotator="Mike Bada" id="organism_Instance_50558" type="identity">
      <class id="NCBITaxon:10088" label="Mus"/>
      <span end="28779" id="16579849-11413" start="28775">mice</span>
    </annotation>
    <annotation annotator="Mike Bada" id="organism_Instance_50563" type="identity">
      <class id="NCBITaxon:10088" label="Mus"/>
      <span end="28999" id="16579849-11415" start="28995">mice</span>
    </annotation>
    <annotation annotator="Mike Bada" id="organism_Instance_50570" type="identity">
      <class id="NCBITaxon:10088" label="Mus"/>
      <span end="29246" id="16579849-11417" start="29242">mice</span>
    </annotation>
    <annotation annotator="Mike Bada" id="organism_Instance_50575" type="identity">
      <class id="NCBITaxon:9606" label="Homo sapiens"/>
      <span end="29301" id="16579849-11419" start="29296">human</span>
    </annotation>
    <annotation annotator="Mike Bada" id="organism_Instance_50580" type="identity">
      <class id="NCBITaxon:9606" label="Homo sapiens"/>
      <span end="29416" id="16579849-11421" start="29411">human</span>
    </annotation>
    <annotation annotator="Mike Bada" id="organism_Instance_50585" type="identity">
      <class id="NCBITaxon:9606" label="Homo sapiens"/>
      <span end="29658" id="16579849-11423" start="29653">human</span>
    </annotation>
    <annotation annotator="Mike Bada" id="organism_Instance_50590" type="identity">
      <class id="NCBITaxon:10088" label="Mus"/>
      <span end="29707" id="16579849-11425" start="29703">mice</span>
    </annotation>
    <annotation annotator="Mike Bada" id="organism_Instance_50595" type="identity">
      <class id="NCBITaxon:10088" label="Mus"/>
      <span end="29739" id="16579849-11427" start="29735">mice</span>
    </annotation>
    <annotation annotator="Mike Bada" id="organism_Instance_50600" type="identity">
      <class id="NCBITaxon:10088" label="Mus"/>
      <span end="29773" id="16579849-11429" start="29769">mice</span>
    </annotation>
    <annotation annotator="Mike Bada" id="organism_Instance_50605" type="identity">
      <class id="NCBITaxon:9606" label="Homo sapiens"/>
      <span end="29793" id="16579849-11431" start="29788">human</span>
    </annotation>
    <annotation annotator="Mike Bada" id="organism_Instance_50610" type="identity">
      <class id="NCBITaxon:10088" label="Mus"/>
      <span end="29843" id="16579849-11433" start="29838">mouse</span>
    </annotation>
    <annotation annotator="Mike Bada" id="organism_Instance_50615" type="identity">
      <class id="NCBITaxon:10088" label="Mus"/>
      <span end="29903" id="16579849-11435" start="29899">mice</span>
    </annotation>
    <annotation annotator="Mike Bada" id="organism_Instance_50620" type="identity">
      <class id="NCBITaxon:9606" label="Homo sapiens"/>
      <span end="30180" id="16579849-11437" start="30175">human</span>
    </annotation>
    <annotation annotator="Mike Bada" id="organism_Instance_230369" type="identity">
      <class id="NCBITaxon:562" label="Escherichia coli"/>
      <span end="30503" id="16579849-11111" start="30496">E. coli</span>
    </annotation>
    <annotation annotator="Mike Bada" id="organism_Instance_50625" type="identity">
      <class id="NCBITaxon:9606" label="Homo sapiens"/>
      <span end="30588" id="16579849-11439" start="30583">human</span>
    </annotation>
    <annotation annotator="Mike Bada" id="organism_Instance_50630" type="identity">
      <class id="NCBITaxon:10088" label="Mus"/>
      <span end="30642" id="16579849-11441" start="30637">mouse</span>
    </annotation>
    <annotation annotator="Mike Bada" id="organism_Instance_50635" type="identity">
      <class id="NCBITaxon:9606" label="Homo sapiens"/>
      <span end="30668" id="16579849-11443" start="30663">Human</span>
    </annotation>
    <annotation annotator="Mike Bada" id="organism_Instance_50640" type="identity">
      <class id="NCBITaxon:10088" label="Mus"/>
      <span end="30701" id="16579849-11445" start="30696">mouse</span>
    </annotation>
    <annotation annotator="Mike Bada" id="organism_Instance_50645" type="identity">
      <class id="NCBITaxon:10088" label="Mus"/>
      <span end="30962" id="16579849-11447" start="30958">mice</span>
    </annotation>
    <annotation annotator="Mike Bada" id="organism_Instance_50650" type="identity">
      <class id="NCBITaxon:33208" label="Metazoa"/>
      <span end="31089" id="16579849-11449" start="31082">animals</span>
    </annotation>
    <annotation annotator="Mike Bada" id="organism_Instance_50655" type="identity">
      <class id="NCBITaxon:10088" label="Mus"/>
      <span end="31164" id="16579849-11451" start="31160">mice</span>
    </annotation>
    <annotation annotator="Mike Bada" id="organism_Instance_50660" type="identity">
      <class id="NCBITaxon:10088" label="Mus"/>
      <span end="31203" id="16579849-11453" start="31199">mice</span>
    </annotation>
    <annotation annotator="Mike Bada" id="organism_Instance_50665" type="identity">
      <class id="NCBITaxon:10088" label="Mus"/>
      <span end="31373" id="16579849-11455" start="31369">mice</span>
    </annotation>
    <annotation annotator="Mike Bada" id="organism_Instance_50670" type="identity">
      <class id="NCBITaxon:10088" label="Mus"/>
      <span end="31492" id="16579849-11457" start="31488">mice</span>
    </annotation>
    <annotation annotator="Mike Bada" id="organism_Instance_50675" type="identity">
      <class id="NCBITaxon:10088" label="Mus"/>
      <span end="31817" id="16579849-11459" start="31813">mice</span>
    </annotation>
    <annotation annotator="Mike Bada" id="organism_Instance_50680" type="identity">
      <class id="NCBITaxon:33208" label="Metazoa"/>
      <span end="31999" id="16579849-11461" start="31993">animal</span>
    </annotation>
    <annotation annotator="Mike Bada" id="organism_Instance_50685" type="identity">
      <class id="NCBITaxon:10088" label="Mus"/>
      <span end="32157" id="16579849-11463" start="32152">mouse</span>
    </annotation>
    <annotation annotator="Mike Bada" id="organism_Instance_50690" type="identity">
      <class id="NCBITaxon:33208" label="Metazoa"/>
      <span end="32398" id="16579849-11465" start="32391">animals</span>
    </annotation>
    <annotation annotator="Mike Bada" id="organism_Instance_230374" type="identity">
      <class id="NCBITaxon:9606" label="Homo sapiens"/>
      <span end="32430" id="16579849-11113" start="32424">humans</span>
    </annotation>
    <annotation annotator="Mike Bada" id="organism_Instance_50695" type="identity">
      <class id="NCBITaxon:10088" label="Mus"/>
      <span end="32463" id="16579849-11467" start="32459">mice</span>
    </annotation>
    <annotation annotator="Mike Bada" id="organism_Instance_50700" type="identity">
      <class id="NCBITaxon:10088" label="Mus"/>
      <span end="32841" id="16579849-11469" start="32836">mouse</span>
    </annotation>
    <annotation annotator="Mike Bada" id="organism_Instance_50705" type="identity">
      <class id="NCBITaxon:10088" label="Mus"/>
      <span end="33045" id="16579849-11471" start="33040">mouse</span>
    </annotation>
    <annotation annotator="Mike Bada" id="organism_Instance_50710" type="identity">
      <class id="NCBITaxon:10088" label="Mus"/>
      <span end="33954" id="16579849-11473" start="33949">mouse</span>
    </annotation>
    <annotation annotator="Mike Bada" id="organism_Instance_50715" type="identity">
      <class id="NCBITaxon:9606" label="Homo sapiens"/>
      <span end="34048" id="16579849-11475" start="34043">human</span>
    </annotation>
    <annotation annotator="Mike Bada" id="organism_Instance_50720" type="identity">
      <class id="NCBITaxon:9606" label="Homo sapiens"/>
      <span end="34196" id="16579849-11477" start="34191">human</span>
    </annotation>
    <annotation annotator="Mike Bada" id="organism_Instance_50725" type="identity">
      <class id="NCBITaxon:10088" label="Mus"/>
      <span end="34232" id="16579849-11479" start="34228">mice</span>
    </annotation>
    <annotation annotator="Mike Bada" id="organism_Instance_50730" type="identity">
      <class id="NCBITaxon:9606" label="Homo sapiens"/>
      <span end="34368" id="16579849-11481" start="34363">human</span>
    </annotation>
    <annotation annotator="Mike Bada" id="organism_Instance_50735" type="identity">
      <class id="NCBITaxon:10088" label="Mus"/>
      <span end="34417" id="16579849-11483" start="34413">mice</span>
    </annotation>
    <annotation annotator="Mike Bada" id="organism_Instance_50740" type="identity">
      <class id="NCBITaxon:10088" label="Mus"/>
      <span end="34483" id="16579849-11485" start="34479">mice</span>
    </annotation>
    <annotation annotator="Mike Bada" id="organism_Instance_50745" type="identity">
      <class id="NCBITaxon:10088" label="Mus"/>
      <span end="34552" id="16579849-11487" start="34547">mouse</span>
    </annotation>
    <annotation annotator="Mike Bada" id="organism_Instance_50750" type="identity">
      <class id="NCBITaxon:10088" label="Mus"/>
      <span end="34709" id="16579849-11489" start="34705">mice</span>
    </annotation>
    <annotation annotator="Mike Bada" id="organism_Instance_50755" type="identity">
      <class id="NCBITaxon:9606" label="Homo sapiens"/>
      <span end="34800" id="16579849-11491" start="34795">human</span>
    </annotation>
    <annotation annotator="Mike Bada" id="organism_Instance_50760" type="identity">
      <class id="NCBITaxon:10088" label="Mus"/>
      <span end="34965" id="16579849-11493" start="34961">mice</span>
    </annotation>
    <annotation annotator="Mike Bada" id="organism_Instance_50765" type="identity">
      <class id="NCBITaxon:9606" label="Homo sapiens"/>
      <span end="34978" id="16579849-11495" start="34973">human</span>
    </annotation>
    <annotation annotator="Mike Bada" id="organism_Instance_50770" type="identity">
      <class id="NCBITaxon:10088" label="Mus"/>
      <span end="35022" id="16579849-11497" start="35018">mice</span>
    </annotation>
    <annotation annotator="Mike Bada" id="organism_Instance_50775" type="identity">
      <class id="NCBITaxon:33208" label="Metazoa"/>
      <span end="35054" id="16579849-11499" start="35048">animal</span>
    </annotation>
    <annotation annotator="Mike Bada" id="organism_Instance_50780" type="identity">
      <class id="NCBITaxon:10088" label="Mus"/>
      <span end="35356" id="16579849-11501" start="35352">mice</span>
    </annotation>
    <annotation annotator="Mike Bada" id="organism_Instance_50785" type="identity">
      <class id="NCBITaxon:9606" label="Homo sapiens"/>
      <span end="35572" id="16579849-11503" start="35567">human</span>
    </annotation>
    <annotation annotator="Mike Bada" id="organism_Instance_50790" type="identity">
      <class id="NCBITaxon:10088" label="Mus"/>
      <span end="36113" id="16579849-11505" start="36108">mouse</span>
    </annotation>
    <annotation annotator="Mike Bada" id="organism_Instance_50795" type="identity">
      <class id="NCBITaxon:9606" label="Homo sapiens"/>
      <span end="36130" id="16579849-11507" start="36125">human</span>
    </annotation>
    <annotation annotator="Mike Bada" id="organism_Instance_50800" type="identity">
      <class id="NCBITaxon:10088" label="Mus"/>
      <span end="36263" id="16579849-11509" start="36258">mouse</span>
    </annotation>
    <annotation annotator="Mike Bada" id="organism_Instance_50805" type="identity">
      <class id="NCBITaxon:10088" label="Mus"/>
      <span end="36591" id="16579849-11511" start="36586">mouse</span>
    </annotation>
    <annotation annotator="Mike Bada" id="organism_Instance_50810" type="identity">
      <class id="NCBITaxon:9913" label="Bos taurus"/>
      <span end="36604" id="16579849-11513" start="36601">cow</span>
    </annotation>
    <annotation annotator="Mike Bada" id="organism_Instance_50815" type="identity">
      <class id="NCBITaxon:33208" label="Metazoa"/>
      <span end="36731" id="16579849-11515" start="36725">animal</span>
    </annotation>
    <annotation annotator="Mike Bada" id="organism_Instance_50820" type="identity">
      <class id="NCBITaxon:9913" label="Bos taurus"/>
      <span end="36800" id="16579849-11517" start="36797">cow</span>
    </annotation>
    <annotation annotator="Mike Bada" id="organism_Instance_230379" type="identity">
      <class id="NCBITaxon:9606" label="Homo sapiens"/>
      <span end="36822" id="16579849-11115" start="36816">humans</span>
    </annotation>
    <annotation annotator="Mike Bada" id="organism_Instance_50825" type="identity">
      <class id="NCBITaxon:39107" label="Murinae"/>
      <span end="36890" id="16579849-11519" start="36884">murine</span>
    </annotation>
    <annotation annotator="Mike Bada" id="organism_Instance_50830" type="identity">
      <class id="NCBITaxon:9606" label="Homo sapiens"/>
      <span end="36972" id="16579849-11521" start="36967">human</span>
    </annotation>
    <annotation annotator="Mike Bada" id="organism_Instance_50835" type="identity">
      <class id="NCBITaxon:10088" label="Mus"/>
      <span end="37040" id="16579849-11523" start="37035">mouse</span>
    </annotation>
    <annotation annotator="Mike Bada" id="organism_Instance_230384" type="identity">
      <class id="NCBITaxon:9606" label="Homo sapiens"/>
      <span end="37249" id="16579849-11117" start="37243">humans</span>
    </annotation>
    <annotation annotator="Mike Bada" id="organism_Instance_50840" type="identity">
      <class id="NCBITaxon:33208" label="Metazoa"/>
      <span end="37302" id="16579849-11525" start="37296">animal</span>
    </annotation>
    <annotation annotator="Mike Bada" id="organism_Instance_50845" type="identity">
      <class id="NCBITaxon:33208" label="Metazoa"/>
      <span end="37421" id="16579849-11527" start="37415">animal</span>
    </annotation>
    <annotation annotator="Mike Bada" id="organism_Instance_50850" type="identity">
      <class id="NCBITaxon:33208" label="Metazoa"/>
      <span end="37562" id="16579849-11529" start="37556">animal</span>
    </annotation>
    <annotation annotator="Mike Bada" id="organism_Instance_230389" type="identity">
      <class id="NCBITaxon:9606" label="Homo sapiens"/>
      <span end="37666" id="16579849-11119" start="37660">humans</span>
    </annotation>
    <annotation annotator="Mike Bada" id="organism_Instance_50855" type="identity">
      <class id="NCBITaxon:9606" label="Homo sapiens"/>
      <span end="37887" id="16579849-11531" start="37882">human</span>
    </annotation>
    <annotation annotator="Mike Bada" id="organism_Instance_50860" type="identity">
      <class id="NCBITaxon:10088" label="Mus"/>
      <span end="38494" id="16579849-11533" start="38489">mouse</span>
    </annotation>
    <annotation annotator="Mike Bada" id="organism_Instance_50865" type="identity">
      <class id="NCBITaxon:33208" label="Metazoa"/>
      <span end="38633" id="16579849-11535" start="38627">animal</span>
    </annotation>
    <annotation annotator="Mike Bada" id="organism_Instance_50870" type="identity">
      <class id="NCBITaxon:10088" label="Mus"/>
      <span end="39143" id="16579849-11537" start="39138">mouse</span>
    </annotation>
    <annotation annotator="Mike Bada" id="organism_Instance_50875" type="identity">
      <class id="NCBITaxon:33208" label="Metazoa"/>
      <span end="39205" id="16579849-11539" start="39198">animals</span>
    </annotation>
    <annotation annotator="Mike Bada" id="organism_Instance_230394" type="identity">
      <class id="NCBITaxon:4022" label="Acer"/>
      <span end="39471" id="16579849-11121" start="39466">Maple</span>
    </annotation>
    <annotation annotator="Mike Bada" id="organism_Instance_50880" type="identity">
      <class id="NCBITaxon:10088" label="Mus"/>
      <span end="39718" id="16579849-11541" start="39713">mouse</span>
    </annotation>
    <annotation annotator="Mike Bada" id="organism_Instance_50885" type="identity">
      <class id="NCBITaxon:10088" label="Mus"/>
      <span end="39884" id="16579849-11543" start="39879">mouse</span>
    </annotation>
    <annotation annotator="Mike Bada" id="organism_Instance_50890" type="identity">
      <class id="NCBITaxon:10088" label="Mus"/>
      <span end="40083" id="16579849-11545" start="40078">mouse</span>
    </annotation>
    <graph-space id="Old Knowtator Relations"/>
  </document>
</knowtator-project>
