<?xml version="1.0" encoding="UTF-8" standalone="no"?>
<knowtator-project>
    <document id="16670015" text-file="16670015.txt">
        <annotation annotator="Mike Bada" id="organism_Instance_51755" type="identity">
            <class id="NCBITaxon:10088" label="Mus"/>
            <span end="59" id="16670015-11772" start="54">mouse</span>
        </annotation>
        <annotation annotator="Mike Bada" id="organism_Instance_51760" type="identity">
            <class id="NCBITaxon:10088" label="Mus"/>
            <span end="276" id="16670015-11774" start="271">mouse</span>
        </annotation>
        <annotation annotator="Mike Bada" id="organism_Instance_230549" type="identity">
            <class id="NCBITaxon:10090" label="Mus musculus"/>
            <span end="293" id="16670015-11750" start="290">MMU</span>
        </annotation>
        <annotation annotator="Mike Bada" id="organism_Instance_51765" type="identity">
            <class id="NCBITaxon:10088" label="Mus"/>
            <span end="1636" id="16670015-11776" start="1631">mouse</span>
        </annotation>
        <annotation annotator="Mike Bada" id="organism_Instance_51770" type="identity">
            <class id="NCBITaxon:9606" label="Homo sapiens"/>
            <span end="1849" id="16670015-11778" start="1844">human</span>
        </annotation>
        <annotation annotator="Mike Bada" id="organism_Instance_51775" type="identity">
            <class id="NCBITaxon:10088" label="Mus"/>
            <span end="2120" id="16670015-11780" start="2115">mouse</span>
        </annotation>
        <annotation annotator="Mike Bada" id="organism_Instance_51780" type="identity">
            <class id="NCBITaxon:10088" label="Mus"/>
            <span end="2648" id="16670015-11782" start="2644">mice</span>
        </annotation>
        <annotation annotator="Mike Bada" id="organism_Instance_51785" type="identity">
            <class id="NCBITaxon:10088" label="Mus"/>
            <span end="3328" id="16670015-11784" start="3324">mice</span>
        </annotation>
        <annotation annotator="Mike Bada" id="organism_Instance_51790" type="identity">
            <class id="NCBITaxon:10088" label="Mus"/>
            <span end="3507" id="16670015-11786" start="3502">mouse</span>
        </annotation>
        <annotation annotator="Mike Bada" id="organism_Instance_51795" type="identity">
            <class id="NCBITaxon:10088" label="Mus"/>
            <span end="3607" id="16670015-11788" start="3602">mouse</span>
        </annotation>
        <annotation annotator="Mike Bada" id="organism_Instance_51800" type="identity">
            <class id="NCBITaxon:10088" label="Mus"/>
            <span end="3888" id="16670015-11790" start="3883">mouse</span>
        </annotation>
        <annotation annotator="Mike Bada" id="organism_Instance_51805" type="identity">
            <class id="NCBITaxon:10088" label="Mus"/>
            <span end="5077" id="16670015-11792" start="5073">mice</span>
        </annotation>
        <annotation annotator="Mike Bada" id="organism_Instance_51810" type="identity">
            <class id="NCBITaxon:10088" label="Mus"/>
            <span end="5217" id="16670015-11794" start="5213">mice</span>
        </annotation>
        <annotation annotator="Mike Bada" id="organism_Instance_51815" type="identity">
            <class id="NCBITaxon:10088" label="Mus"/>
            <span end="8389" id="16670015-11796" start="8385">mice</span>
        </annotation>
        <annotation annotator="Mike Bada" id="organism_Instance_51820" type="identity">
            <class id="NCBITaxon:10088" label="Mus"/>
            <span end="8868" id="16670015-11798" start="8864">mice</span>
        </annotation>
        <annotation annotator="Mike Bada" id="organism_Instance_51825" type="identity">
            <class id="NCBITaxon:10088" label="Mus"/>
            <span end="8995" id="16670015-11800" start="8991">mice</span>
        </annotation>
        <annotation annotator="Mike Bada" id="organism_Instance_51830" type="identity">
            <class id="NCBITaxon:10088" label="Mus"/>
            <span end="9254" id="16670015-11802" start="9250">mice</span>
        </annotation>
        <annotation annotator="Mike Bada" id="organism_Instance_51835" type="identity">
            <class id="NCBITaxon:10088" label="Mus"/>
            <span end="9354" id="16670015-11804" start="9350">mice</span>
        </annotation>
        <annotation annotator="Mike Bada" id="organism_Instance_51840" type="identity">
            <class id="NCBITaxon:10088" label="Mus"/>
            <span end="10973" id="16670015-11806" start="10969">mice</span>
        </annotation>
        <annotation annotator="Mike Bada" id="organism_Instance_51845" type="identity">
            <class id="NCBITaxon:10088" label="Mus"/>
            <span end="11239" id="16670015-11808" start="11235">mice</span>
        </annotation>
        <annotation annotator="Mike Bada" id="organism_Instance_51850" type="identity">
            <class id="NCBITaxon:10088" label="Mus"/>
            <span end="11453" id="16670015-11810" start="11449">mice</span>
        </annotation>
        <annotation annotator="Mike Bada" id="organism_Instance_51855" type="identity">
            <class id="NCBITaxon:10088" label="Mus"/>
            <span end="11782" id="16670015-11812" start="11778">mice</span>
        </annotation>
        <annotation annotator="Mike Bada" id="organism_Instance_51860" type="identity">
            <class id="NCBITaxon:10088" label="Mus"/>
            <span end="11943" id="16670015-11814" start="11939">mice</span>
        </annotation>
        <annotation annotator="Mike Bada" id="organism_Instance_51865" type="identity">
            <class id="NCBITaxon:10088" label="Mus"/>
            <span end="12914" id="16670015-11816" start="12910">mice</span>
        </annotation>
        <annotation annotator="Mike Bada" id="organism_Instance_51870" type="identity">
            <class id="NCBITaxon:10088" label="Mus"/>
            <span end="13404" id="16670015-11818" start="13400">mice</span>
        </annotation>
        <annotation annotator="Mike Bada" id="organism_Instance_51875" type="identity">
            <class id="NCBITaxon:10088" label="Mus"/>
            <span end="13481" id="16670015-11820" start="13477">mice</span>
        </annotation>
        <annotation annotator="Mike Bada" id="organism_Instance_51880" type="identity">
            <class id="NCBITaxon:10088" label="Mus"/>
            <span end="14595" id="16670015-11822" start="14591">mice</span>
        </annotation>
        <annotation annotator="Mike Bada" id="organism_Instance_51885" type="identity">
            <class id="NCBITaxon:10088" label="Mus"/>
            <span end="15203" id="16670015-11824" start="15199">mice</span>
        </annotation>
        <annotation annotator="Mike Bada" id="organism_Instance_51890" type="identity">
            <class id="NCBITaxon:10088" label="Mus"/>
            <span end="15720" id="16670015-11826" start="15716">mice</span>
        </annotation>
        <annotation annotator="Mike Bada" id="organism_Instance_51895" type="identity">
            <class id="NCBITaxon:10088" label="Mus"/>
            <span end="16307" id="16670015-11828" start="16303">mice</span>
        </annotation>
        <annotation annotator="Mike Bada" id="organism_Instance_51900" type="identity">
            <class id="NCBITaxon:10088" label="Mus"/>
            <span end="16347" id="16670015-11830" start="16343">mice</span>
        </annotation>
        <annotation annotator="Mike Bada" id="organism_Instance_51905" type="identity">
            <class id="NCBITaxon:10088" label="Mus"/>
            <span end="16834" id="16670015-11832" start="16830">mice</span>
        </annotation>
        <annotation annotator="Mike Bada" id="organism_Instance_51910" type="identity">
            <class id="NCBITaxon:10088" label="Mus"/>
            <span end="17485" id="16670015-11834" start="17481">mice</span>
        </annotation>
        <annotation annotator="Mike Bada" id="organism_Instance_51915" type="identity">
            <class id="NCBITaxon:10088" label="Mus"/>
            <span end="20074" id="16670015-11836" start="20070">mice</span>
        </annotation>
        <annotation annotator="Mike Bada" id="organism_Instance_51920" type="identity">
            <class id="NCBITaxon:10088" label="Mus"/>
            <span end="20316" id="16670015-11838" start="20312">mice</span>
        </annotation>
        <annotation annotator="Mike Bada" id="organism_Instance_51925" type="identity">
            <class id="NCBITaxon:10088" label="Mus"/>
            <span end="20398" id="16670015-11840" start="20394">mice</span>
        </annotation>
        <annotation annotator="Mike Bada" id="organism_Instance_51930" type="identity">
            <class id="NCBITaxon:10088" label="Mus"/>
            <span end="20588" id="16670015-11842" start="20584">mice</span>
        </annotation>
        <annotation annotator="Mike Bada" id="organism_Instance_51935" type="identity">
            <class id="NCBITaxon:10088" label="Mus"/>
            <span end="23476" id="16670015-11844" start="23472">mice</span>
        </annotation>
        <annotation annotator="Mike Bada" id="organism_Instance_51940" type="identity">
            <class id="NCBITaxon:10088" label="Mus"/>
            <span end="24011" id="16670015-11846" start="24007">mice</span>
        </annotation>
        <annotation annotator="Mike Bada" id="organism_Instance_51945" type="identity">
            <class id="NCBITaxon:10088" label="Mus"/>
            <span end="25302" id="16670015-11848" start="25297">mouse</span>
        </annotation>
        <annotation annotator="Mike Bada" id="organism_Instance_51950" type="identity">
            <class id="NCBITaxon:10088" label="Mus"/>
            <span end="26903" id="16670015-11850" start="26899">mice</span>
        </annotation>
        <annotation annotator="Mike Bada" id="organism_Instance_51955" type="identity">
            <class id="NCBITaxon:10088" label="Mus"/>
            <span end="26984" id="16670015-11852" start="26980">mice</span>
        </annotation>
        <annotation annotator="Mike Bada" id="organism_Instance_51960" type="identity">
            <class id="NCBITaxon:10088" label="Mus"/>
            <span end="27443" id="16670015-11854" start="27439">mice</span>
        </annotation>
        <annotation annotator="Mike Bada" id="organism_Instance_51965" type="identity">
            <class id="NCBITaxon:9606" label="Homo sapiens"/>
            <span end="28025" id="16670015-11856" start="28020">human</span>
        </annotation>
        <annotation annotator="Mike Bada" id="organism_Instance_51970" type="identity">
            <class id="NCBITaxon:10088" label="Mus"/>
            <span end="28052" id="16670015-11858" start="28048">mice</span>
        </annotation>
        <annotation annotator="Mike Bada" id="organism_Instance_51975" type="identity">
            <class id="NCBITaxon:10088" label="Mus"/>
            <span end="28335" id="16670015-11860" start="28331">mice</span>
        </annotation>
        <annotation annotator="Mike Bada" id="organism_Instance_51980" type="identity">
            <class id="NCBITaxon:10088" label="Mus"/>
            <span end="28717" id="16670015-11862" start="28712">mouse</span>
        </annotation>
        <annotation annotator="Mike Bada" id="organism_Instance_51985" type="identity">
            <class id="NCBITaxon:10088" label="Mus"/>
            <span end="28972" id="16670015-11864" start="28967">mouse</span>
        </annotation>
        <annotation annotator="Mike Bada" id="organism_Instance_51990" type="identity">
            <class id="NCBITaxon:10088" label="Mus"/>
            <span end="29448" id="16670015-11866" start="29444">mice</span>
        </annotation>
        <annotation annotator="Mike Bada" id="organism_Instance_51995" type="identity">
            <class id="NCBITaxon:10088" label="Mus"/>
            <span end="30059" id="16670015-11868" start="30054">mouse</span>
        </annotation>
        <annotation annotator="Mike Bada" id="organism_Instance_52000" type="identity">
            <class id="NCBITaxon:10088" label="Mus"/>
            <span end="30634" id="16670015-11870" start="30630">mice</span>
        </annotation>
        <annotation annotator="Mike Bada" id="organism_Instance_52005" type="identity">
            <class id="NCBITaxon:10088" label="Mus"/>
            <span end="30915" id="16670015-11872" start="30911">mice</span>
        </annotation>
        <annotation annotator="Mike Bada" id="organism_Instance_52010" type="identity">
            <class id="NCBITaxon:10088" label="Mus"/>
            <span end="32960" id="16670015-11874" start="32956">mice</span>
        </annotation>
        <annotation annotator="Mike Bada" id="organism_Instance_52015" type="identity">
            <class id="NCBITaxon:10088" label="Mus"/>
            <span end="33070" id="16670015-11876" start="33066">mice</span>
        </annotation>
        <annotation annotator="Mike Bada" id="organism_Instance_52020" type="identity">
            <class id="NCBITaxon:10088" label="Mus"/>
            <span end="33139" id="16670015-11878" start="33135">mice</span>
        </annotation>
        <annotation annotator="Mike Bada" id="organism_Instance_230554" type="identity">
            <class id="NCBITaxon:10088" label="Mus"/>
            <span end="33906" id="16670015-11752" start="33901">Mouse</span>
        </annotation>
        <annotation annotator="Mike Bada" id="organism_Instance_52025" type="identity">
            <class id="NCBITaxon:10088" label="Mus"/>
            <span end="33959" id="16670015-11880" start="33955">mice</span>
        </annotation>
        <annotation annotator="Mike Bada" id="organism_Instance_52030" type="identity">
            <class id="NCBITaxon:10088" label="Mus"/>
            <span end="34179" id="16670015-11882" start="34175">mice</span>
        </annotation>
        <annotation annotator="Mike Bada" id="organism_Instance_52035" type="identity">
            <class id="NCBITaxon:10088" label="Mus"/>
            <span end="34262" id="16670015-11884" start="34258">Mice</span>
        </annotation>
        <annotation annotator="Mike Bada" id="organism_Instance_52040" type="identity">
            <class id="NCBITaxon:33208" label="Metazoa"/>
            <span end="34536" id="16670015-11886" start="34530">Animal</span>
        </annotation>
        <annotation annotator="Mike Bada" id="organism_Instance_52045" type="identity">
            <class id="NCBITaxon:10088" label="Mus"/>
            <span end="35075" id="16670015-11888" start="35071">mice</span>
        </annotation>
        <annotation annotator="Mike Bada" id="organism_Instance_52050" type="identity">
            <class id="NCBITaxon:10088" label="Mus"/>
            <span end="35282" id="16670015-11890" start="35278">mice</span>
        </annotation>
        <annotation annotator="Mike Bada" id="organism_Instance_52055" type="identity">
            <class id="NCBITaxon:10088" label="Mus"/>
            <span end="35454" id="16670015-11892" start="35450">mice</span>
        </annotation>
        <annotation annotator="Mike Bada" id="organism_Instance_52060" type="identity">
            <class id="NCBITaxon:10088" label="Mus"/>
            <span end="35743" id="16670015-11894" start="35739">mice</span>
        </annotation>
        <annotation annotator="Mike Bada" id="organism_Instance_52075" type="identity">
            <class id="NCBITaxon:10088" label="Mus"/>
            <span end="36691" id="16670015-11896" start="36687">mice</span>
        </annotation>
        <annotation annotator="Mike Bada" id="organism_Instance_52080" type="identity">
            <class id="NCBITaxon:10088" label="Mus"/>
            <span end="38652" id="16670015-11898" start="38648">mice</span>
        </annotation>
        <annotation annotator="Mike Bada" id="organism_Instance_52085" type="identity">
            <class id="NCBITaxon:10088" label="Mus"/>
            <span end="39617" id="16670015-11900" start="39613">mice</span>
        </annotation>
        <annotation annotator="Mike Bada" id="organism_Instance_52090" type="identity">
            <class id="NCBITaxon:10088" label="Mus"/>
            <span end="39648" id="16670015-11902" start="39644">Mice</span>
        </annotation>
        <annotation annotator="Mike Bada" id="organism_Instance_52095" type="identity">
            <class id="NCBITaxon:10088" label="Mus"/>
            <span end="40397" id="16670015-11904" start="40393">mice</span>
        </annotation>
        <annotation annotator="Mike Bada" id="organism_Instance_52100" type="identity">
            <class id="NCBITaxon:10088" label="Mus"/>
            <span end="40615" id="16670015-11906" start="40611">Mice</span>
        </annotation>
        <annotation annotator="Mike Bada" id="organism_Instance_52105" type="identity">
            <class id="NCBITaxon:10088" label="Mus"/>
            <span end="40742" id="16670015-11908" start="40738">Mice</span>
        </annotation>
        <annotation annotator="Mike Bada" id="organism_Instance_52110" type="identity">
            <class id="NCBITaxon:10088" label="Mus"/>
            <span end="40834" id="16670015-11910" start="40830">mice</span>
        </annotation>
        <annotation annotator="Mike Bada" id="organism_Instance_52115" type="identity">
            <class id="NCBITaxon:10088" label="Mus"/>
            <span end="41010" id="16670015-11912" start="41006">mice</span>
        </annotation>
        <annotation annotator="Mike Bada" id="organism_Instance_52120" type="identity">
            <class id="NCBITaxon:10088" label="Mus"/>
            <span end="43769" id="16670015-11914" start="43764">mouse</span>
        </annotation>
        <annotation annotator="Mike Bada" id="organism_Instance_230559" type="identity">
            <class id="NCBITaxon:271" label="Thermus aquaticus"/>
            <span end="44205" id="16670015-11754" start="44202">Taq</span>
        </annotation>
        <annotation annotator="Mike Bada" id="organism_Instance_230564" type="identity">
            <class id="NCBITaxon:271" label="Thermus aquaticus"/>
            <span end="44738" id="16670015-11756" start="44735">Taq</span>
        </annotation>
        <annotation annotator="Mike Bada" id="organism_Instance_52125" type="identity">
            <class id="NCBITaxon:10088" label="Mus"/>
            <span end="47050" id="16670015-11916" start="47045">mouse</span>
        </annotation>
        <annotation annotator="Mike Bada" id="organism_Instance_52130" type="identity">
            <class id="NCBITaxon:10088" label="Mus"/>
            <span end="47228" id="16670015-11918" start="47223">mouse</span>
        </annotation>
        <annotation annotator="Mike Bada" id="organism_Instance_52135" type="identity">
            <class id="NCBITaxon:33208" label="Metazoa"/>
            <span end="47329" id="16670015-11920" start="47323">Animal</span>
        </annotation>
        <annotation annotator="Mike Bada" id="organism_Instance_52145" type="identity">
            <class id="NCBITaxon:10088" label="Mus"/>
            <span end="48754" id="16670015-11922" start="48750">mice</span>
        </annotation>
        <annotation annotator="Mike Bada" id="organism_Instance_230569" type="identity">
            <class id="NCBITaxon:10090" label="Mus musculus"/>
            <span end="49886" id="16670015-11758" start="49883">MMU</span>
        </annotation>
        <annotation annotator="Mike Bada" id="organism_Instance_230574" type="identity">
            <class id="NCBITaxon:10090" label="Mus musculus"/>
            <span end="50370" id="16670015-11760" start="50367">MMU</span>
        </annotation>
        <annotation annotator="Mike Bada" id="organism_Instance_230584" type="identity">
            <class id="NCBITaxon:10088" label="Mus"/>
            <span end="50377" id="16670015-11764" start="50372">mouse</span>
        </annotation>
        <annotation annotator="Mike Bada" id="organism_Instance_230579" type="identity">
            <class id="NCBITaxon:10088" label="Mus"/>
            <span end="50834" id="16670015-11762" start="50830">mice</span>
        </annotation>
        <annotation annotator="Mike Bada" id="organism_Instance_230590" type="identity">
            <class id="NCBITaxon:10088" label="Mus"/>
            <span end="50876" id="16670015-11766" start="50872">mice</span>
        </annotation>
        <annotation annotator="Mike Bada" id="organism_Instance_230595" type="identity">
            <class id="NCBITaxon:10090" label="Mus musculus"/>
            <span end="54104" id="16670015-11768" start="54101">MMU</span>
        </annotation>
        <annotation annotator="Mike Bada" id="organism_Instance_230713" type="identity">
            <class id="NCBITaxon:10088" label="Mus"/>
            <span end="54111" id="16670015-11770" start="54106">mouse</span>
        </annotation>
        <graph-space id="Old Knowtator Relations"/>
    </document>
</knowtator-project>
