<?xml version="1.0" encoding="UTF-8" standalone="no"?>
<knowtator-project>
  <document id="16700629" text-file="16700629.txt">
    <annotation annotator="Mike Bada" id="organism_Instance_20199" type="identity">
      <class id="NCBITaxon:40674" label="Mammalia"/>
      <span end="63" id="16700629-11964" start="54">Mammalian</span>
    </annotation>
    <annotation annotator="Mike Bada" id="organism_Instance_20204" type="identity">
      <class id="NCBITaxon:11757" label="Mouse mammary tumor virus"/>
      <span end="148" id="16700629-11966" start="144">MMTV</span>
    </annotation>
    <annotation annotator="Mike Bada" id="organism_Instance_10012" type="identity">
      <class id="NCBITaxon:10088" label="Mus"/>
      <span end="326" id="16700629-11928" start="321">mouse</span>
    </annotation>
    <annotation annotator="Mike Bada" id="organism_Instance_20214" type="identity">
      <class id="NCBITaxon:10088" label="Mus"/>
      <span end="791" id="16700629-11968" start="786">mouse</span>
    </annotation>
    <annotation annotator="Mike Bada" id="organism_Instance_230600" type="identity">
      <class id="NCBITaxon:40674" label="Mammalia"/>
      <span end="1217" id="16700629-12010" start="1210">mammals</span>
    </annotation>
    <annotation annotator="Mike Bada" id="organism_Instance_20219" type="identity">
      <class id="NCBITaxon:7742" label="Vertebrata"/>
      <span end="1337" id="16700629-11970" start="1326">vertebrates</span>
    </annotation>
    <annotation annotator="Mike Bada" id="organism_Instance_20224" type="identity">
      <class id="NCBITaxon:33208" label="Metazoa"/>
      <span end="1541" id="16700629-11972" start="1535">animal</span>
    </annotation>
    <annotation annotator="Mike Bada" id="organism_Instance_281682" type="identity">
      <class id="NCBITaxon:species" label="species"/>
      <span end="1549" id="16700629-12020" start="1542">species</span>
    </annotation>
    <annotation annotator="Mike Bada" id="organism_Instance_281684" type="identity">
      <class id="NCBITaxon:species" label="species"/>
      <span end="1750" id="16700629-12022" start="1743">species</span>
    </annotation>
    <annotation annotator="Mike Bada" id="organism_Instance_281686" type="identity">
      <class id="NCBITaxon:species" label="species"/>
      <span end="1888" id="16700629-12024" start="1881">species</span>
    </annotation>
    <annotation annotator="Mike Bada" id="organism_Instance_20229" type="identity">
      <class id="NCBITaxon:11757" label="Mouse mammary tumor virus"/>
      <span end="2514" id="16700629-11974" start="2510">MMTV</span>
    </annotation>
    <annotation annotator="Mike Bada" id="organism_Instance_20234" type="identity">
      <class id="NCBITaxon:40674" label="Mammalia"/>
      <span end="2641" id="16700629-11976" start="2632">mammalian</span>
    </annotation>
    <annotation annotator="Mike Bada" id="organism_Instance_20239" type="identity">
      <class id="NCBITaxon:40674" label="Mammalia"/>
      <span end="3283" id="16700629-11978" start="3276">mammals</span>
    </annotation>
    <annotation annotator="Mike Bada" id="organism_Instance_10047" type="identity">
      <class id="NCBITaxon:10088" label="Mus"/>
      <span end="3482" id="16700629-11930" start="3478">mice</span>
    </annotation>
    <annotation annotator="Mike Bada" id="organism_Instance_20249" type="identity">
      <class id="NCBITaxon:40674" label="Mammalia"/>
      <span end="4709" id="16700629-11980" start="4702">mammals</span>
    </annotation>
    <annotation annotator="Mike Bada" id="organism_Instance_281688" type="identity">
      <class id="NCBITaxon:species" label="species"/>
      <span end="4783" id="16700629-12026" start="4776">species</span>
    </annotation>
    <annotation annotator="Mike Bada" id="organism_Instance_20254" type="identity">
      <class id="NCBITaxon:40674" label="Mammalia"/>
      <span end="4795" id="16700629-11982" start="4788">mammals</span>
    </annotation>
    <annotation annotator="Mike Bada" id="organism_Instance_230607" type="identity">
      <class id="NCBITaxon:10088" label="Mus"/>
      <span end="5517" id="16700629-12012" start="5513">Mice</span>
    </annotation>
    <annotation annotator="Mike Bada" id="organism_Instance_10062" type="identity">
      <class id="NCBITaxon:10088" label="Mus"/>
      <span end="9377" id="16700629-11932" start="9373">mice</span>
    </annotation>
    <annotation annotator="Mike Bada" id="organism_Instance_20264" type="identity">
      <class id="NCBITaxon:10088" label="Mus"/>
      <span end="10124" id="16700629-11984" start="10120">mice</span>
    </annotation>
    <annotation annotator="Mike Bada" id="organism_Instance_10072" type="identity">
      <class id="NCBITaxon:10088" label="Mus"/>
      <span end="10156" id="16700629-11934" start="10151">mouse</span>
    </annotation>
    <annotation annotator="Mike Bada" id="organism_Instance_10077" type="identity">
      <class id="NCBITaxon:10088" label="Mus"/>
      <span end="14692" id="16700629-11936" start="14688">mice</span>
    </annotation>
    <annotation annotator="Mike Bada" id="organism_Instance_20279" type="identity">
      <class id="NCBITaxon:10088" label="Mus"/>
      <span end="14774" id="16700629-11986" start="14770">mice</span>
    </annotation>
    <annotation annotator="Mike Bada" id="organism_Instance_20289" type="identity">
      <class id="NCBITaxon:7215" label="Drosophila"/>
      <span end="22727" id="16700629-11988" start="22717">Drosophila</span>
    </annotation>
    <annotation annotator="Mike Bada" id="organism_Instance_10097" type="identity">
      <class id="NCBITaxon:7742" label="Vertebrata"/>
      <span end="23498" id="16700629-11938" start="23487">vertebrates</span>
    </annotation>
    <annotation annotator="Mike Bada" id="organism_Instance_10102" type="identity">
      <class id="NCBITaxon:40674" label="Mammalia"/>
      <span end="23945" id="16700629-11940" start="23936">mammalian</span>
    </annotation>
    <annotation annotator="Mike Bada" id="organism_Instance_281690" type="identity">
      <class id="NCBITaxon:species" label="species"/>
      <span end="25677" id="16700629-12028" start="25670">species</span>
    </annotation>
    <annotation annotator="Mike Bada" id="organism_Instance_20304" type="identity">
      <class id="NCBITaxon:7742" label="Vertebrata"/>
      <span end="26966" id="16700629-11990" start="26956">vertebrate</span>
    </annotation>
    <annotation annotator="Mike Bada" id="organism_Instance_10112" type="identity">
      <class id="NCBITaxon:9606" label="Homo sapiens"/>
      <span end="28365" id="16700629-11942" start="28360">human</span>
    </annotation>
    <annotation annotator="Mike Bada" id="organism_Instance_20314" type="identity">
      <class id="NCBITaxon:10088" label="Mus"/>
      <span end="28771" id="16700629-11992" start="28767">mice</span>
    </annotation>
    <annotation annotator="Mike Bada" id="NCBITAXON_2015_03_02_Instance_70037" type="identity">
      <class id="NCBITaxon:40674" label="Mammalia"/>
      <span end="29120" id="16700629-11926" start="29111">mammalian</span>
    </annotation>
    <annotation annotator="Mike Bada" id="organism_Instance_20319" type="identity">
      <class id="NCBITaxon:7742" label="Vertebrata"/>
      <span end="29290" id="16700629-11994" start="29279">vertebrates</span>
    </annotation>
    <annotation annotator="Mike Bada" id="organism_Instance_20324" type="identity">
      <class id="NCBITaxon:40674" label="Mammalia"/>
      <span end="29444" id="16700629-11996" start="29435">mammalian</span>
    </annotation>
    <annotation annotator="Mike Bada" id="organism_Instance_10132" type="identity">
      <class id="NCBITaxon:40674" label="Mammalia"/>
      <span end="29651" id="16700629-11944" start="29642">mammalian</span>
    </annotation>
    <annotation annotator="Mike Bada" id="organism_Instance_230612" type="identity">
      <class id="NCBITaxon:33208" label="Metazoa"/>
      <span end="30442" id="16700629-12014" start="30435">Animals</span>
    </annotation>
    <annotation annotator="Mike Bada" id="organism_Instance_20334" type="identity">
      <class id="NCBITaxon:10088" label="Mus"/>
      <span end="30595" id="16700629-11998" start="30591">mice</span>
    </annotation>
    <annotation annotator="Mike Bada" id="organism_Instance_20339" type="identity">
      <class id="NCBITaxon:10088" label="Mus"/>
      <span end="30895" id="16700629-12000" start="30891">mice</span>
    </annotation>
    <annotation annotator="Mike Bada" id="organism_Instance_10147" type="identity">
      <class id="NCBITaxon:10088" label="Mus"/>
      <span end="31092" id="16700629-11946" start="31088">Mice</span>
    </annotation>
    <annotation annotator="Mike Bada" id="organism_Instance_10152" type="identity">
      <class id="NCBITaxon:10088" label="Mus"/>
      <span end="31688" id="16700629-11948" start="31683">mouse</span>
    </annotation>
    <annotation annotator="Mike Bada" id="organism_Instance_20354" type="identity">
      <class id="NCBITaxon:9986" label="Oryctolagus cuniculus"/>
      <span end="31792" id="16700629-12002" start="31786">rabbit</span>
    </annotation>
    <annotation annotator="Mike Bada" id="organism_Instance_10162" type="identity">
      <class id="NCBITaxon:10114" label="Rattus"/>
      <span end="31836" id="16700629-11950" start="31833">rat</span>
    </annotation>
    <annotation annotator="Mike Bada" id="organism_Instance_10167" type="identity">
      <class id="NCBITaxon:9986" label="Oryctolagus cuniculus"/>
      <span end="31913" id="16700629-11952" start="31907">rabbit</span>
    </annotation>
    <annotation annotator="Mike Bada" id="organism_Instance_10172" type="identity">
      <class id="NCBITaxon:9986" label="Oryctolagus cuniculus"/>
      <span end="32010" id="16700629-11954" start="32004">rabbit</span>
    </annotation>
    <annotation annotator="Mike Bada" id="organism_Instance_10177" type="identity">
      <class id="NCBITaxon:9986" label="Oryctolagus cuniculus"/>
      <span end="32305" id="16700629-11956" start="32299">rabbit</span>
    </annotation>
    <annotation annotator="Mike Bada" id="organism_Instance_230617" type="identity">
      <class id="NCBITaxon:10088" label="Mus"/>
      <span end="32316" id="16700629-12016" start="32311">mouse</span>
    </annotation>
    <annotation annotator="Mike Bada" id="organism_Instance_230622" type="identity">
      <class id="NCBITaxon:9986" label="Oryctolagus cuniculus"/>
      <span end="32358" id="16700629-12018" start="32352">rabbit</span>
    </annotation>
    <annotation annotator="Mike Bada" id="organism_Instance_10182" type="identity">
      <class id="NCBITaxon:10088" label="Mus"/>
      <span end="32781" id="16700629-11958" start="32777">mice</span>
    </annotation>
    <annotation annotator="Mike Bada" id="organism_Instance_20384" type="identity">
      <class id="NCBITaxon:27592" label="Bovinae"/>
      <span end="33248" id="16700629-12004" start="33242">bovine</span>
    </annotation>
    <annotation annotator="Mike Bada" id="organism_Instance_20389" type="identity">
      <class id="NCBITaxon:33208" label="Metazoa"/>
      <span end="34721" id="16700629-12006" start="34714">animals</span>
    </annotation>
    <annotation annotator="Mike Bada" id="organism_Instance_10197" type="identity">
      <class id="NCBITaxon:11757" label="Mouse mammary tumor virus"/>
      <span end="35063" id="16700629-11960" start="35059">MMTV</span>
    </annotation>
    <annotation annotator="Mike Bada" id="organism_Instance_20399" type="identity">
      <class id="NCBITaxon:40674" label="Mammalia"/>
      <span end="41436" id="16700629-12008" start="41429">mammals</span>
    </annotation>
    <annotation annotator="Mike Bada" id="organism_Instance_10207" type="identity">
      <class id="NCBITaxon:40674" label="Mammalia"/>
      <span end="42321" id="16700629-11962" start="42312">mammalian</span>
    </annotation>
    <graph-space id="Old Knowtator Relations"/>
  </document>
</knowtator-project>
