<?xml version="1.0" encoding="UTF-8" standalone="no"?>
<knowtator-project>
    <document id="16870721" text-file="16870721.txt">
        <annotation annotator="Mike Bada" id="organism_Instance_53334" type="identity">
            <class id="NCBITaxon:10088" label="Mus"/>
            <span end="280" id="16870721-12038" start="276">mice</span>
        </annotation>
        <annotation annotator="Mike Bada" id="organism_Instance_53339" type="identity">
            <class id="NCBITaxon:10088" label="Mus"/>
            <span end="571" id="16870721-12040" start="567">mice</span>
        </annotation>
        <annotation annotator="Mike Bada" id="organism_Instance_53344" type="identity">
            <class id="NCBITaxon:10088" label="Mus"/>
            <span end="1047" id="16870721-12042" start="1042">mouse</span>
        </annotation>
        <annotation annotator="Mike Bada" id="organism_Instance_53354" type="identity">
            <class id="NCBITaxon:10088" label="Mus"/>
            <span end="1566" id="16870721-12044" start="1562">mice</span>
        </annotation>
        <annotation annotator="Mike Bada" id="organism_Instance_53359" type="identity">
            <class id="NCBITaxon:10088" label="Mus"/>
            <span end="2113" id="16870721-12046" start="2109">mice</span>
        </annotation>
        <annotation annotator="Mike Bada" id="organism_Instance_53369" type="identity">
            <class id="NCBITaxon:10088" label="Mus"/>
            <span end="2480" id="16870721-12048" start="2476">mice</span>
        </annotation>
        <annotation annotator="Mike Bada" id="organism_Instance_53374" type="identity">
            <class id="NCBITaxon:10088" label="Mus"/>
            <span end="2516" id="16870721-12050" start="2511">mouse</span>
        </annotation>
        <annotation annotator="Mike Bada" id="organism_Instance_53379" type="identity">
            <class id="NCBITaxon:33208" label="Metazoa"/>
            <span end="3086" id="16870721-12052" start="3079">animals</span>
        </annotation>
        <annotation annotator="Mike Bada" id="organism_Instance_53384" type="identity">
            <class id="NCBITaxon:10088" label="Mus"/>
            <span end="4102" id="16870721-12054" start="4098">mice</span>
        </annotation>
        <annotation annotator="Mike Bada" id="organism_Instance_53389" type="identity">
            <class id="NCBITaxon:10088" label="Mus"/>
            <span end="5122" id="16870721-12056" start="5118">mice</span>
        </annotation>
        <annotation annotator="Mike Bada" id="organism_Instance_53394" type="identity">
            <class id="NCBITaxon:10088" label="Mus"/>
            <span end="5479" id="16870721-12058" start="5474">mouse</span>
        </annotation>
        <annotation annotator="Mike Bada" id="organism_Instance_53399" type="identity">
            <class id="NCBITaxon:10088" label="Mus"/>
            <span end="5758" id="16870721-12060" start="5753">mouse</span>
        </annotation>
        <annotation annotator="Mike Bada" id="organism_Instance_53404" type="identity">
            <class id="NCBITaxon:10088" label="Mus"/>
            <span end="5932" id="16870721-12062" start="5928">mice</span>
        </annotation>
        <annotation annotator="Mike Bada" id="NCBITAXON_2015_03_02_Instance_30004" type="identity">
            <class id="NCBITaxon:10358" label="Cytomegalovirus"/>
            <span end="11881" id="16870721-12032" start="11878">CMV</span>
        </annotation>
        <annotation annotator="Mike Bada" id="organism_Instance_53424" type="identity">
            <class id="NCBITaxon:9925" label="Capra hircus"/>
            <span end="13605" id="16870721-12064" start="13601">goat</span>
        </annotation>
        <annotation annotator="Mike Bada" id="organism_Instance_240590" type="identity">
            <class id="NCBITaxon:10088" label="Mus"/>
            <span end="13616" id="16870721-12034" start="13611">mouse</span>
        </annotation>
        <annotation annotator="Mike Bada" id="organism_Instance_240595" type="identity">
            <class id="NCBITaxon:9986" label="Oryctolagus cuniculus"/>
            <span end="13636" id="16870721-12036" start="13630">rabbit</span>
        </annotation>
        <annotation annotator="Mike Bada" id="organism_Instance_53429" type="identity">
            <class id="NCBITaxon:10088" label="Mus"/>
            <span end="16247" id="16870721-12066" start="16242">mouse</span>
        </annotation>
        <annotation annotator="Mike Bada" id="organism_Instance_53434" type="identity">
            <class id="NCBITaxon:10088" label="Mus"/>
            <span end="17350" id="16870721-12068" start="17346">mice</span>
        </annotation>
        <annotation annotator="Mike Bada" id="organism_Instance_53439" type="identity">
            <class id="NCBITaxon:10088" label="Mus"/>
            <span end="17498" id="16870721-12070" start="17494">mice</span>
        </annotation>
        <annotation annotator="Mike Bada" id="organism_Instance_53444" type="identity">
            <class id="NCBITaxon:10088" label="Mus"/>
            <span end="17588" id="16870721-12072" start="17584">mice</span>
        </annotation>
        <annotation annotator="Mike Bada" id="organism_Instance_53449" type="identity">
            <class id="NCBITaxon:10088" label="Mus"/>
            <span end="18037" id="16870721-12074" start="18033">mice</span>
        </annotation>
        <annotation annotator="Mike Bada" id="organism_Instance_53454" type="identity">
            <class id="NCBITaxon:10088" label="Mus"/>
            <span end="20735" id="16870721-12076" start="20731">mice</span>
        </annotation>
        <annotation annotator="Mike Bada" id="organism_Instance_53459" type="identity">
            <class id="NCBITaxon:40674" label="Mammalia"/>
            <span end="21160" id="16870721-12078" start="21151">mammalian</span>
        </annotation>
        <annotation annotator="Mike Bada" id="organism_Instance_53464" type="identity">
            <class id="NCBITaxon:10088" label="Mus"/>
            <span end="22517" id="16870721-12080" start="22512">mouse</span>
        </annotation>
        <annotation annotator="Mike Bada" id="organism_Instance_53469" type="identity">
            <class id="NCBITaxon:10088" label="Mus"/>
            <span end="22724" id="16870721-12082" start="22720">mice</span>
        </annotation>
        <annotation annotator="Mike Bada" id="organism_Instance_53474" type="identity">
            <class id="NCBITaxon:10088" label="Mus"/>
            <span end="23042" id="16870721-12084" start="23037">mouse</span>
        </annotation>
        <annotation annotator="Mike Bada" id="organism_Instance_53479" type="identity">
            <class id="NCBITaxon:10088" label="Mus"/>
            <span end="23052" id="16870721-12086" start="23048">mice</span>
        </annotation>
        <annotation annotator="Mike Bada" id="organism_Instance_53484" type="identity">
            <class id="NCBITaxon:10088" label="Mus"/>
            <span end="23187" id="16870721-12088" start="23182">mouse</span>
        </annotation>
        <annotation annotator="Mike Bada" id="organism_Instance_53494" type="identity">
            <class id="NCBITaxon:10088" label="Mus"/>
            <span end="26389" id="16870721-12090" start="26384">mouse</span>
        </annotation>
        <annotation annotator="Mike Bada" id="organism_Instance_53499" type="identity">
            <class id="NCBITaxon:10088" label="Mus"/>
            <span end="26525" id="16870721-12092" start="26520">mouse</span>
        </annotation>
        <annotation annotator="Mike Bada" id="organism_Instance_53504" type="identity">
            <class id="NCBITaxon:10088" label="Mus"/>
            <span end="26707" id="16870721-12094" start="26703">mice</span>
        </annotation>
        <annotation annotator="Mike Bada" id="organism_Instance_53509" type="identity">
            <class id="NCBITaxon:10088" label="Mus"/>
            <span end="26757" id="16870721-12096" start="26753">mice</span>
        </annotation>
        <annotation annotator="Mike Bada" id="organism_Instance_53514" type="identity">
            <class id="NCBITaxon:10088" label="Mus"/>
            <span end="27160" id="16870721-12098" start="27156">mice</span>
        </annotation>
        <graph-space id="Old Knowtator Relations"/>
    </document>
</knowtator-project>
