<?xml version="1.0" encoding="UTF-8" standalone="no"?>
<knowtator-project>
  <document id="17002498" text-file="17002498.txt">
    <annotation annotator="Mike Bada" id="organism_Instance_53804" type="identity">
      <class id="NCBITaxon:10088" label="Mus"/>
      <span end="275" id="17002498-12131" start="271">mice</span>
    </annotation>
    <annotation annotator="Mike Bada" id="organism_Instance_53809" type="identity">
      <class id="NCBITaxon:10088" label="Mus"/>
      <span end="454" id="17002498-12133" start="450">mice</span>
    </annotation>
    <annotation annotator="Mike Bada" id="organism_Instance_53814" type="identity">
      <class id="NCBITaxon:9606" label="Homo sapiens"/>
      <span end="535" id="17002498-12135" start="530">human</span>
    </annotation>
    <annotation annotator="Mike Bada" id="organism_Instance_53819" type="identity">
      <class id="NCBITaxon:10088" label="Mus"/>
      <span end="643" id="17002498-12137" start="639">Mice</span>
    </annotation>
    <annotation annotator="Mike Bada" id="organism_Instance_53824" type="identity">
      <class id="NCBITaxon:10088" label="Mus"/>
      <span end="1231" id="17002498-12139" start="1227">mice</span>
    </annotation>
    <annotation annotator="Mike Bada" id="organism_Instance_240786" type="identity">
      <class id="NCBITaxon:1" label="root"/>
      <span end="1684" id="17002498-12103" start="1673">individuals</span>
    </annotation>
    <annotation annotator="Mike Bada" id="organism_Instance_53829" type="identity">
      <class id="NCBITaxon:10088" label="Mus"/>
      <span end="2071" id="17002498-12141" start="2067">mice</span>
    </annotation>
    <annotation annotator="Mike Bada" id="organism_Instance_53834" type="identity">
      <class id="NCBITaxon:10088" label="Mus"/>
      <span end="2154" id="17002498-12143" start="2150">mice</span>
    </annotation>
    <annotation annotator="Mike Bada" id="organism_Instance_53839" type="identity">
      <class id="NCBITaxon:10088" label="Mus"/>
      <span end="2196" id="17002498-12145" start="2192">mice</span>
    </annotation>
    <annotation annotator="Mike Bada" id="organism_Instance_53844" type="identity">
      <class id="NCBITaxon:10088" label="Mus"/>
      <span end="2292" id="17002498-12147" start="2288">mice</span>
    </annotation>
    <annotation annotator="Mike Bada" id="organism_Instance_53849" type="identity">
      <class id="NCBITaxon:10088" label="Mus"/>
      <span end="2430" id="17002498-12149" start="2426">mice</span>
    </annotation>
    <annotation annotator="Mike Bada" id="organism_Instance_53854" type="identity">
      <class id="NCBITaxon:9606" label="Homo sapiens"/>
      <span end="2940" id="17002498-12151" start="2935">human</span>
    </annotation>
    <annotation annotator="Mike Bada" id="organism_Instance_53859" type="identity">
      <class id="NCBITaxon:9606" label="Homo sapiens"/>
      <span end="3359" id="17002498-12153" start="3354">human</span>
    </annotation>
    <annotation annotator="Mike Bada" id="organism_Instance_53864" type="identity">
      <class id="NCBITaxon:7215" label="Drosophila"/>
      <span end="3381" id="17002498-12155" start="3371">Drosophila</span>
    </annotation>
    <annotation annotator="Mike Bada" id="organism_Instance_240791" type="identity">
      <class id="NCBITaxon:1" label="root"/>
      <span end="4199" id="17002498-12105" start="4188">individuals</span>
    </annotation>
    <annotation annotator="Mike Bada" id="organism_Instance_53869" type="identity">
      <class id="NCBITaxon:9606" label="Homo sapiens"/>
      <span end="4563" id="17002498-12157" start="4558">human</span>
    </annotation>
    <annotation annotator="Mike Bada" id="organism_Instance_240796" type="identity">
      <class id="NCBITaxon:9606" label="Homo sapiens"/>
      <span end="4942" id="17002498-12107" start="4936">humans</span>
    </annotation>
    <annotation annotator="Mike Bada" id="organism_Instance_53874" type="identity">
      <class id="NCBITaxon:10088" label="Mus"/>
      <span end="5020" id="17002498-12159" start="5016">mice</span>
    </annotation>
    <annotation annotator="Mike Bada" id="organism_Instance_53879" type="identity">
      <class id="NCBITaxon:10088" label="Mus"/>
      <span end="5090" id="17002498-12161" start="5085">mouse</span>
    </annotation>
    <annotation annotator="Mike Bada" id="organism_Instance_53884" type="identity">
      <class id="NCBITaxon:10088" label="Mus"/>
      <span end="5262" id="17002498-12163" start="5257">Mouse</span>
    </annotation>
    <annotation annotator="Mike Bada" id="organism_Instance_53889" type="identity">
      <class id="NCBITaxon:10088" label="Mus"/>
      <span end="5528" id="17002498-12165" start="5523">mouse</span>
    </annotation>
    <annotation annotator="Mike Bada" id="organism_Instance_53899" type="identity">
      <class id="NCBITaxon:10088" label="Mus"/>
      <span end="5605" id="17002498-12167" start="5600">mouse</span>
    </annotation>
    <annotation annotator="Mike Bada" id="organism_Instance_53904" type="identity">
      <class id="NCBITaxon:10088" label="Mus"/>
      <span end="5788" id="17002498-12169" start="5784">mice</span>
    </annotation>
    <annotation annotator="Mike Bada" id="organism_Instance_53909" type="identity">
      <class id="NCBITaxon:10088" label="Mus"/>
      <span end="5870" id="17002498-12171" start="5866">mice</span>
    </annotation>
    <annotation annotator="Mike Bada" id="organism_Instance_53914" type="identity">
      <class id="NCBITaxon:9606" label="Homo sapiens"/>
      <span end="5951" id="17002498-12173" start="5946">human</span>
    </annotation>
    <annotation annotator="Mike Bada" id="organism_Instance_53919" type="identity">
      <class id="NCBITaxon:10088" label="Mus"/>
      <span end="6300" id="17002498-12175" start="6296">mice</span>
    </annotation>
    <annotation annotator="Mike Bada" id="organism_Instance_240801" type="identity">
      <class id="NCBITaxon:10088" label="Mus"/>
      <span end="6579" id="17002498-12109" start="6575">Mice</span>
    </annotation>
    <annotation annotator="Mike Bada" id="organism_Instance_53924" type="identity">
      <class id="NCBITaxon:10088" label="Mus"/>
      <span end="6746" id="17002498-12177" start="6742">mice</span>
    </annotation>
    <annotation annotator="Mike Bada" id="organism_Instance_53929" type="identity">
      <class id="NCBITaxon:10088" label="Mus"/>
      <span end="6797" id="17002498-12179" start="6793">mice</span>
    </annotation>
    <annotation annotator="Mike Bada" id="organism_Instance_53934" type="identity">
      <class id="NCBITaxon:10088" label="Mus"/>
      <span end="7256" id="17002498-12181" start="7251">mouse</span>
    </annotation>
    <annotation annotator="Mike Bada" id="organism_Instance_53939" type="identity">
      <class id="NCBITaxon:10088" label="Mus"/>
      <span end="7417" id="17002498-12183" start="7413">mice</span>
    </annotation>
    <annotation annotator="Mike Bada" id="organism_Instance_53944" type="identity">
      <class id="NCBITaxon:10088" label="Mus"/>
      <span end="7474" id="17002498-12185" start="7470">mice</span>
    </annotation>
    <annotation annotator="Mike Bada" id="organism_Instance_53949" type="identity">
      <class id="NCBITaxon:10088" label="Mus"/>
      <span end="7697" id="17002498-12187" start="7693">mice</span>
    </annotation>
    <annotation annotator="Mike Bada" id="organism_Instance_53954" type="identity">
      <class id="NCBITaxon:10088" label="Mus"/>
      <span end="7726" id="17002498-12189" start="7722">mice</span>
    </annotation>
    <annotation annotator="Mike Bada" id="organism_Instance_53959" type="identity">
      <class id="NCBITaxon:10088" label="Mus"/>
      <span end="8332" id="17002498-12191" start="8328">Mice</span>
    </annotation>
    <annotation annotator="Mike Bada" id="organism_Instance_53964" type="identity">
      <class id="NCBITaxon:10088" label="Mus"/>
      <span end="8581" id="17002498-12193" start="8577">mice</span>
    </annotation>
    <annotation annotator="Mike Bada" id="organism_Instance_53969" type="identity">
      <class id="NCBITaxon:10088" label="Mus"/>
      <span end="8776" id="17002498-12195" start="8771">mouse</span>
    </annotation>
    <annotation annotator="Mike Bada" id="organism_Instance_53974" type="identity">
      <class id="NCBITaxon:10088" label="Mus"/>
      <span end="8804" id="17002498-12197" start="8800">mice</span>
    </annotation>
    <annotation annotator="Mike Bada" id="organism_Instance_53979" type="identity">
      <class id="NCBITaxon:10088" label="Mus"/>
      <span end="9034" id="17002498-12199" start="9030">mice</span>
    </annotation>
    <annotation annotator="Mike Bada" id="organism_Instance_53984" type="identity">
      <class id="NCBITaxon:10088" label="Mus"/>
      <span end="9315" id="17002498-12201" start="9311">mice</span>
    </annotation>
    <annotation annotator="Mike Bada" id="organism_Instance_53989" type="identity">
      <class id="NCBITaxon:10088" label="Mus"/>
      <span end="9455" id="17002498-12203" start="9451">mice</span>
    </annotation>
    <annotation annotator="Mike Bada" id="organism_Instance_53994" type="identity">
      <class id="NCBITaxon:10088" label="Mus"/>
      <span end="9611" id="17002498-12205" start="9607">mice</span>
    </annotation>
    <annotation annotator="Mike Bada" id="organism_Instance_53999" type="identity">
      <class id="NCBITaxon:10088" label="Mus"/>
      <span end="9640" id="17002498-12207" start="9636">mice</span>
    </annotation>
    <annotation annotator="Mike Bada" id="organism_Instance_54004" type="identity">
      <class id="NCBITaxon:10088" label="Mus"/>
      <span end="9885" id="17002498-12209" start="9880">mouse</span>
    </annotation>
    <annotation annotator="Mike Bada" id="organism_Instance_54009" type="identity">
      <class id="NCBITaxon:10088" label="Mus"/>
      <span end="10286" id="17002498-12211" start="10282">mice</span>
    </annotation>
    <annotation annotator="Mike Bada" id="organism_Instance_54014" type="identity">
      <class id="NCBITaxon:10088" label="Mus"/>
      <span end="10316" id="17002498-12213" start="10312">mice</span>
    </annotation>
    <annotation annotator="Mike Bada" id="organism_Instance_54019" type="identity">
      <class id="NCBITaxon:10088" label="Mus"/>
      <span end="10367" id="17002498-12215" start="10363">mice</span>
    </annotation>
    <annotation annotator="Mike Bada" id="organism_Instance_54024" type="identity">
      <class id="NCBITaxon:10088" label="Mus"/>
      <span end="10562" id="17002498-12217" start="10558">mice</span>
    </annotation>
    <annotation annotator="Mike Bada" id="organism_Instance_54029" type="identity">
      <class id="NCBITaxon:10088" label="Mus"/>
      <span end="10624" id="17002498-12219" start="10620">mice</span>
    </annotation>
    <annotation annotator="Mike Bada" id="organism_Instance_54034" type="identity">
      <class id="NCBITaxon:10088" label="Mus"/>
      <span end="11309" id="17002498-12221" start="11305">mice</span>
    </annotation>
    <annotation annotator="Mike Bada" id="organism_Instance_54039" type="identity">
      <class id="NCBITaxon:10088" label="Mus"/>
      <span end="11326" id="17002498-12223" start="11322">mice</span>
    </annotation>
    <annotation annotator="Mike Bada" id="organism_Instance_54059" type="identity">
      <class id="NCBITaxon:33208" label="Metazoa"/>
      <span end="13415" id="17002498-12225" start="13408">Animals</span>
    </annotation>
    <annotation annotator="Mike Bada" id="organism_Instance_54064" type="identity">
      <class id="NCBITaxon:33208" label="Metazoa"/>
      <span end="13747" id="17002498-12227" start="13740">animals</span>
    </annotation>
    <annotation annotator="Mike Bada" id="organism_Instance_54074" type="identity">
      <class id="NCBITaxon:10088" label="Mus"/>
      <span end="15246" id="17002498-12229" start="15242">mice</span>
    </annotation>
    <annotation annotator="Mike Bada" id="organism_Instance_54079" type="identity">
      <class id="NCBITaxon:10088" label="Mus"/>
      <span end="15326" id="17002498-12231" start="15322">mice</span>
    </annotation>
    <annotation annotator="Mike Bada" id="organism_Instance_54084" type="identity">
      <class id="NCBITaxon:10088" label="Mus"/>
      <span end="15424" id="17002498-12233" start="15420">mice</span>
    </annotation>
    <annotation annotator="Mike Bada" id="organism_Instance_54089" type="identity">
      <class id="NCBITaxon:10088" label="Mus"/>
      <span end="15504" id="17002498-12235" start="15500">mice</span>
    </annotation>
    <annotation annotator="Mike Bada" id="organism_Instance_54094" type="identity">
      <class id="NCBITaxon:10088" label="Mus"/>
      <span end="15564" id="17002498-12237" start="15560">mice</span>
    </annotation>
    <annotation annotator="Mike Bada" id="organism_Instance_54099" type="identity">
      <class id="NCBITaxon:10088" label="Mus"/>
      <span end="16221" id="17002498-12239" start="16217">mice</span>
    </annotation>
    <annotation annotator="Mike Bada" id="organism_Instance_54104" type="identity">
      <class id="NCBITaxon:10088" label="Mus"/>
      <span end="16296" id="17002498-12241" start="16292">mice</span>
    </annotation>
    <annotation annotator="Mike Bada" id="organism_Instance_54109" type="identity">
      <class id="NCBITaxon:33208" label="Metazoa"/>
      <span end="16369" id="17002498-12243" start="16363">animal</span>
    </annotation>
    <annotation annotator="Mike Bada" id="organism_Instance_54114" type="identity">
      <class id="NCBITaxon:10088" label="Mus"/>
      <span end="16537" id="17002498-12245" start="16532">mouse</span>
    </annotation>
    <annotation annotator="Mike Bada" id="organism_Instance_54119" type="identity">
      <class id="NCBITaxon:10088" label="Mus"/>
      <span end="16657" id="17002498-12247" start="16653">mice</span>
    </annotation>
    <annotation annotator="Mike Bada" id="organism_Instance_54124" type="identity">
      <class id="NCBITaxon:10088" label="Mus"/>
      <span end="17030" id="17002498-12249" start="17026">mice</span>
    </annotation>
    <annotation annotator="Mike Bada" id="organism_Instance_54129" type="identity">
      <class id="NCBITaxon:10088" label="Mus"/>
      <span end="17107" id="17002498-12251" start="17102">mouse</span>
    </annotation>
    <annotation annotator="Mike Bada" id="organism_Instance_54134" type="identity">
      <class id="NCBITaxon:10088" label="Mus"/>
      <span end="17161" id="17002498-12253" start="17157">mice</span>
    </annotation>
    <annotation annotator="Mike Bada" id="organism_Instance_54139" type="identity">
      <class id="NCBITaxon:10088" label="Mus"/>
      <span end="18356" id="17002498-12255" start="18352">mice</span>
    </annotation>
    <annotation annotator="Mike Bada" id="organism_Instance_54144" type="identity">
      <class id="NCBITaxon:10088" label="Mus"/>
      <span end="18693" id="17002498-12257" start="18689">mice</span>
    </annotation>
    <annotation annotator="Mike Bada" id="organism_Instance_54154" type="identity">
      <class id="NCBITaxon:10088" label="Mus"/>
      <span end="19324" id="17002498-12259" start="19320">mice</span>
    </annotation>
    <annotation annotator="Mike Bada" id="organism_Instance_54159" type="identity">
      <class id="NCBITaxon:10088" label="Mus"/>
      <span end="19959" id="17002498-12261" start="19955">mice</span>
    </annotation>
    <annotation annotator="Mike Bada" id="organism_Instance_54169" type="identity">
      <class id="NCBITaxon:10088" label="Mus"/>
      <span end="22457" id="17002498-12263" start="22452">mouse</span>
    </annotation>
    <annotation annotator="Mike Bada" id="organism_Instance_54174" type="identity">
      <class id="NCBITaxon:10088" label="Mus"/>
      <span end="25101" id="17002498-12265" start="25097">mice</span>
    </annotation>
    <annotation annotator="Mike Bada" id="organism_Instance_54179" type="identity">
      <class id="NCBITaxon:10088" label="Mus"/>
      <span end="25313" id="17002498-12267" start="25309">mice</span>
    </annotation>
    <annotation annotator="Mike Bada" id="organism_Instance_240806" type="identity">
      <class id="NCBITaxon:10088" label="Mus"/>
      <span end="25732" id="17002498-12111" start="25728">Mice</span>
    </annotation>
    <annotation annotator="Mike Bada" id="organism_Instance_54184" type="identity">
      <class id="NCBITaxon:10088" label="Mus"/>
      <span end="26666" id="17002498-12269" start="26662">mice</span>
    </annotation>
    <annotation annotator="Mike Bada" id="organism_Instance_54189" type="identity">
      <class id="NCBITaxon:10088" label="Mus"/>
      <span end="26783" id="17002498-12271" start="26779">mice</span>
    </annotation>
    <annotation annotator="Mike Bada" id="organism_Instance_54194" type="identity">
      <class id="NCBITaxon:10088" label="Mus"/>
      <span end="26981" id="17002498-12273" start="26977">mice</span>
    </annotation>
    <annotation annotator="Mike Bada" id="organism_Instance_54199" type="identity">
      <class id="NCBITaxon:10088" label="Mus"/>
      <span end="27466" id="17002498-12275" start="27462">mice</span>
    </annotation>
    <annotation annotator="Mike Bada" id="organism_Instance_54204" type="identity">
      <class id="NCBITaxon:10088" label="Mus"/>
      <span end="27490" id="17002498-12277" start="27486">mice</span>
    </annotation>
    <annotation annotator="Mike Bada" id="organism_Instance_54209" type="identity">
      <class id="NCBITaxon:10088" label="Mus"/>
      <span end="27744" id="17002498-12279" start="27740">mice</span>
    </annotation>
    <annotation annotator="Mike Bada" id="organism_Instance_54214" type="identity">
      <class id="NCBITaxon:10088" label="Mus"/>
      <span end="30340" id="17002498-12281" start="30336">mice</span>
    </annotation>
    <annotation annotator="Mike Bada" id="organism_Instance_54219" type="identity">
      <class id="NCBITaxon:10088" label="Mus"/>
      <span end="30490" id="17002498-12283" start="30486">mice</span>
    </annotation>
    <annotation annotator="Mike Bada" id="organism_Instance_54224" type="identity">
      <class id="NCBITaxon:10088" label="Mus"/>
      <span end="30865" id="17002498-12285" start="30861">mice</span>
    </annotation>
    <annotation annotator="Mike Bada" id="organism_Instance_54229" type="identity">
      <class id="NCBITaxon:10088" label="Mus"/>
      <span end="31014" id="17002498-12287" start="31010">mice</span>
    </annotation>
    <annotation annotator="Mike Bada" id="organism_Instance_54234" type="identity">
      <class id="NCBITaxon:10088" label="Mus"/>
      <span end="31714" id="17002498-12289" start="31710">mice</span>
    </annotation>
    <annotation annotator="Mike Bada" id="organism_Instance_54239" type="identity">
      <class id="NCBITaxon:9606" label="Homo sapiens"/>
      <span end="31853" id="17002498-12291" start="31848">Human</span>
    </annotation>
    <annotation annotator="Mike Bada" id="organism_Instance_240811" type="identity">
      <class id="NCBITaxon:1" label="root"/>
      <span end="32205" id="17002498-12113" start="32194">individuals</span>
    </annotation>
    <annotation annotator="Mike Bada" id="organism_Instance_54244" type="identity">
      <class id="NCBITaxon:10088" label="Mus"/>
      <span end="32481" id="17002498-12293" start="32477">mice</span>
    </annotation>
    <annotation annotator="Mike Bada" id="organism_Instance_54249" type="identity">
      <class id="NCBITaxon:33208" label="Metazoa"/>
      <span end="32717" id="17002498-12295" start="32710">animals</span>
    </annotation>
    <annotation annotator="Mike Bada" id="organism_Instance_54254" type="identity">
      <class id="NCBITaxon:10088" label="Mus"/>
      <span end="32813" id="17002498-12297" start="32808">mouse</span>
    </annotation>
    <annotation annotator="Mike Bada" id="organism_Instance_54259" type="identity">
      <class id="NCBITaxon:10088" label="Mus"/>
      <span end="32944" id="17002498-12299" start="32940">mice</span>
    </annotation>
    <annotation annotator="Mike Bada" id="organism_Instance_54264" type="identity">
      <class id="NCBITaxon:10088" label="Mus"/>
      <span end="33023" id="17002498-12301" start="33019">mice</span>
    </annotation>
    <annotation annotator="Mike Bada" id="organism_Instance_54269" type="identity">
      <class id="NCBITaxon:10088" label="Mus"/>
      <span end="33219" id="17002498-12303" start="33215">mice</span>
    </annotation>
    <annotation annotator="Mike Bada" id="organism_Instance_54274" type="identity">
      <class id="NCBITaxon:10088" label="Mus"/>
      <span end="33305" id="17002498-12305" start="33301">mice</span>
    </annotation>
    <annotation annotator="Mike Bada" id="organism_Instance_54279" type="identity">
      <class id="NCBITaxon:10088" label="Mus"/>
      <span end="34075" id="17002498-12307" start="34070">mouse</span>
    </annotation>
    <annotation annotator="Mike Bada" id="organism_Instance_54284" type="identity">
      <class id="NCBITaxon:10088" label="Mus"/>
      <span end="34330" id="17002498-12309" start="34326">mice</span>
    </annotation>
    <annotation annotator="Mike Bada" id="organism_Instance_54289" type="identity">
      <class id="NCBITaxon:10088" label="Mus"/>
      <span end="35254" id="17002498-12311" start="35250">mice</span>
    </annotation>
    <annotation annotator="Mike Bada" id="organism_Instance_54294" type="identity">
      <class id="NCBITaxon:10088" label="Mus"/>
      <span end="35312" id="17002498-12313" start="35308">mice</span>
    </annotation>
    <annotation annotator="Mike Bada" id="organism_Instance_54299" type="identity">
      <class id="NCBITaxon:10088" label="Mus"/>
      <span end="35408" id="17002498-12315" start="35404">mice</span>
    </annotation>
    <annotation annotator="Mike Bada" id="organism_Instance_54304" type="identity">
      <class id="NCBITaxon:10088" label="Mus"/>
      <span end="35444" id="17002498-12317" start="35440">mice</span>
    </annotation>
    <annotation annotator="Mike Bada" id="organism_Instance_54309" type="identity">
      <class id="NCBITaxon:10088" label="Mus"/>
      <span end="35492" id="17002498-12319" start="35488">mice</span>
    </annotation>
    <annotation annotator="Mike Bada" id="organism_Instance_54314" type="identity">
      <class id="NCBITaxon:10088" label="Mus"/>
      <span end="35530" id="17002498-12321" start="35526">mice</span>
    </annotation>
    <annotation annotator="Mike Bada" id="organism_Instance_54319" type="identity">
      <class id="NCBITaxon:10088" label="Mus"/>
      <span end="35563" id="17002498-12323" start="35559">mice</span>
    </annotation>
    <annotation annotator="Mike Bada" id="organism_Instance_54324" type="identity">
      <class id="NCBITaxon:10088" label="Mus"/>
      <span end="35671" id="17002498-12325" start="35667">mice</span>
    </annotation>
    <annotation annotator="Mike Bada" id="organism_Instance_54329" type="identity">
      <class id="NCBITaxon:10088" label="Mus"/>
      <span end="35700" id="17002498-12327" start="35696">mice</span>
    </annotation>
    <annotation annotator="Mike Bada" id="organism_Instance_54334" type="identity">
      <class id="NCBITaxon:10088" label="Mus"/>
      <span end="35825" id="17002498-12329" start="35821">mice</span>
    </annotation>
    <annotation annotator="Mike Bada" id="organism_Instance_54339" type="identity">
      <class id="NCBITaxon:10088" label="Mus"/>
      <span end="35855" id="17002498-12331" start="35851">mice</span>
    </annotation>
    <annotation annotator="Mike Bada" id="organism_Instance_54344" type="identity">
      <class id="NCBITaxon:10088" label="Mus"/>
      <span end="36289" id="17002498-12333" start="36285">mice</span>
    </annotation>
    <annotation annotator="Mike Bada" id="organism_Instance_54349" type="identity">
      <class id="NCBITaxon:10088" label="Mus"/>
      <span end="36397" id="17002498-12335" start="36392">mouse</span>
    </annotation>
    <annotation annotator="Mike Bada" id="organism_Instance_54354" type="identity">
      <class id="NCBITaxon:10088" label="Mus"/>
      <span end="36806" id="17002498-12337" start="36802">mice</span>
    </annotation>
    <annotation annotator="Mike Bada" id="organism_Instance_54359" type="identity">
      <class id="NCBITaxon:10088" label="Mus"/>
      <span end="38362" id="17002498-12339" start="38358">mice</span>
    </annotation>
    <annotation annotator="Mike Bada" id="organism_Instance_54364" type="identity">
      <class id="NCBITaxon:10088" label="Mus"/>
      <span end="38400" id="17002498-12341" start="38396">mice</span>
    </annotation>
    <annotation annotator="Mike Bada" id="organism_Instance_54369" type="identity">
      <class id="NCBITaxon:33208" label="Metazoa"/>
      <span end="38756" id="17002498-12343" start="38749">animals</span>
    </annotation>
    <annotation annotator="Mike Bada" id="organism_Instance_54374" type="identity">
      <class id="NCBITaxon:10088" label="Mus"/>
      <span end="39168" id="17002498-12345" start="39164">mice</span>
    </annotation>
    <annotation annotator="Mike Bada" id="organism_Instance_54379" type="identity">
      <class id="NCBITaxon:10088" label="Mus"/>
      <span end="39252" id="17002498-12347" start="39248">mice</span>
    </annotation>
    <annotation annotator="Mike Bada" id="organism_Instance_54384" type="identity">
      <class id="NCBITaxon:10088" label="Mus"/>
      <span end="39301" id="17002498-12349" start="39297">mice</span>
    </annotation>
    <annotation annotator="Mike Bada" id="organism_Instance_54389" type="identity">
      <class id="NCBITaxon:10088" label="Mus"/>
      <span end="39349" id="17002498-12351" start="39345">mice</span>
    </annotation>
    <annotation annotator="Mike Bada" id="organism_Instance_54394" type="identity">
      <class id="NCBITaxon:10088" label="Mus"/>
      <span end="39444" id="17002498-12353" start="39440">mice</span>
    </annotation>
    <annotation annotator="Mike Bada" id="organism_Instance_54404" type="identity">
      <class id="NCBITaxon:10088" label="Mus"/>
      <span end="40061" id="17002498-12355" start="40057">mice</span>
    </annotation>
    <annotation annotator="Mike Bada" id="organism_Instance_54409" type="identity">
      <class id="NCBITaxon:10088" label="Mus"/>
      <span end="40293" id="17002498-12357" start="40289">mice</span>
    </annotation>
    <annotation annotator="Mike Bada" id="organism_Instance_54414" type="identity">
      <class id="NCBITaxon:10088" label="Mus"/>
      <span end="40737" id="17002498-12359" start="40733">mice</span>
    </annotation>
    <annotation annotator="Mike Bada" id="organism_Instance_54419" type="identity">
      <class id="NCBITaxon:10088" label="Mus"/>
      <span end="44113" id="17002498-12361" start="44109">mice</span>
    </annotation>
    <annotation annotator="Mike Bada" id="organism_Instance_54424" type="identity">
      <class id="NCBITaxon:10088" label="Mus"/>
      <span end="44140" id="17002498-12363" start="44136">mice</span>
    </annotation>
    <annotation annotator="Mike Bada" id="organism_Instance_54429" type="identity">
      <class id="NCBITaxon:10088" label="Mus"/>
      <span end="44423" id="17002498-12365" start="44419">mice</span>
    </annotation>
    <annotation annotator="Mike Bada" id="organism_Instance_54434" type="identity">
      <class id="NCBITaxon:10088" label="Mus"/>
      <span end="44781" id="17002498-12367" start="44776">mouse</span>
    </annotation>
    <annotation annotator="Mike Bada" id="organism_Instance_54439" type="identity">
      <class id="NCBITaxon:9606" label="Homo sapiens"/>
      <span end="44932" id="17002498-12369" start="44927">human</span>
    </annotation>
    <annotation annotator="Mike Bada" id="organism_Instance_54449" type="identity">
      <class id="NCBITaxon:10088" label="Mus"/>
      <span end="45938" id="17002498-12371" start="45934">mice</span>
    </annotation>
    <annotation annotator="Mike Bada" id="organism_Instance_54459" type="identity">
      <class id="NCBITaxon:10088" label="Mus"/>
      <span end="46434" id="17002498-12373" start="46430">mice</span>
    </annotation>
    <annotation annotator="Mike Bada" id="organism_Instance_54464" type="identity">
      <class id="NCBITaxon:10088" label="Mus"/>
      <span end="46757" id="17002498-12375" start="46753">mice</span>
    </annotation>
    <annotation annotator="Mike Bada" id="organism_Instance_54469" type="identity">
      <class id="NCBITaxon:10088" label="Mus"/>
      <span end="46778" id="17002498-12377" start="46774">mice</span>
    </annotation>
    <annotation annotator="Mike Bada" id="organism_Instance_54474" type="identity">
      <class id="NCBITaxon:10088" label="Mus"/>
      <span end="46876" id="17002498-12379" start="46872">mice</span>
    </annotation>
    <annotation annotator="Mike Bada" id="organism_Instance_54479" type="identity">
      <class id="NCBITaxon:10088" label="Mus"/>
      <span end="46931" id="17002498-12381" start="46927">mice</span>
    </annotation>
    <annotation annotator="Mike Bada" id="organism_Instance_54484" type="identity">
      <class id="NCBITaxon:10088" label="Mus"/>
      <span end="46981" id="17002498-12383" start="46977">mice</span>
    </annotation>
    <annotation annotator="Mike Bada" id="organism_Instance_54489" type="identity">
      <class id="NCBITaxon:10088" label="Mus"/>
      <span end="47071" id="17002498-12385" start="47067">mice</span>
    </annotation>
    <annotation annotator="Mike Bada" id="organism_Instance_54494" type="identity">
      <class id="NCBITaxon:10088" label="Mus"/>
      <span end="47098" id="17002498-12387" start="47094">mice</span>
    </annotation>
    <annotation annotator="Mike Bada" id="organism_Instance_54499" type="identity">
      <class id="NCBITaxon:10088" label="Mus"/>
      <span end="47133" id="17002498-12389" start="47129">mice</span>
    </annotation>
    <annotation annotator="Mike Bada" id="organism_Instance_54504" type="identity">
      <class id="NCBITaxon:10088" label="Mus"/>
      <span end="47159" id="17002498-12391" start="47155">mice</span>
    </annotation>
    <annotation annotator="Mike Bada" id="organism_Instance_54509" type="identity">
      <class id="NCBITaxon:10088" label="Mus"/>
      <span end="47324" id="17002498-12393" start="47320">mice</span>
    </annotation>
    <annotation annotator="Mike Bada" id="organism_Instance_54514" type="identity">
      <class id="NCBITaxon:10088" label="Mus"/>
      <span end="47417" id="17002498-12395" start="47413">mice</span>
    </annotation>
    <annotation annotator="Mike Bada" id="organism_Instance_54519" type="identity">
      <class id="NCBITaxon:10088" label="Mus"/>
      <span end="47428" id="17002498-12397" start="47424">mice</span>
    </annotation>
    <annotation annotator="Mike Bada" id="organism_Instance_54524" type="identity">
      <class id="NCBITaxon:10088" label="Mus"/>
      <span end="47503" id="17002498-12399" start="47499">mice</span>
    </annotation>
    <annotation annotator="Mike Bada" id="organism_Instance_54529" type="identity">
      <class id="NCBITaxon:10088" label="Mus"/>
      <span end="47583" id="17002498-12401" start="47579">mice</span>
    </annotation>
    <annotation annotator="Mike Bada" id="organism_Instance_54534" type="identity">
      <class id="NCBITaxon:10088" label="Mus"/>
      <span end="47629" id="17002498-12403" start="47625">mice</span>
    </annotation>
    <annotation annotator="Mike Bada" id="organism_Instance_54539" type="identity">
      <class id="NCBITaxon:10088" label="Mus"/>
      <span end="47784" id="17002498-12405" start="47780">mice</span>
    </annotation>
    <annotation annotator="Mike Bada" id="organism_Instance_54544" type="identity">
      <class id="NCBITaxon:10088" label="Mus"/>
      <span end="47850" id="17002498-12407" start="47846">mice</span>
    </annotation>
    <annotation annotator="Mike Bada" id="organism_Instance_54549" type="identity">
      <class id="NCBITaxon:10088" label="Mus"/>
      <span end="47883" id="17002498-12409" start="47878">mouse</span>
    </annotation>
    <annotation annotator="Mike Bada" id="organism_Instance_240821" type="identity">
      <class id="NCBITaxon:10088" label="Mus"/>
      <span end="50842" id="17002498-12115" start="50838">Mice</span>
    </annotation>
    <annotation annotator="Mike Bada" id="organism_Instance_54559" type="identity">
      <class id="NCBITaxon:10088" label="Mus"/>
      <span end="51097" id="17002498-12411" start="51093">mice</span>
    </annotation>
    <annotation annotator="Mike Bada" id="organism_Instance_54564" type="identity">
      <class id="NCBITaxon:10088" label="Mus"/>
      <span end="51187" id="17002498-12413" start="51183">Mice</span>
    </annotation>
    <annotation annotator="Mike Bada" id="organism_Instance_54569" type="identity">
      <class id="NCBITaxon:10088" label="Mus"/>
      <span end="51478" id="17002498-12415" start="51474">mice</span>
    </annotation>
    <annotation annotator="Mike Bada" id="organism_Instance_54574" type="identity">
      <class id="NCBITaxon:9989" label="Rodentia"/>
      <span end="51690" id="17002498-12417" start="51684">Rodent</span>
    </annotation>
    <annotation annotator="Mike Bada" id="organism_Instance_240826" type="identity">
      <class id="NCBITaxon:9793" label="Equus asinus"/>
      <span end="52566" id="17002498-12117" start="52560">donkey</span>
    </annotation>
    <annotation annotator="Mike Bada" id="organism_Instance_240831" type="identity">
      <class id="NCBITaxon:9986" label="Oryctolagus cuniculus"/>
      <span end="52578" id="17002498-12119" start="52572">rabbit</span>
    </annotation>
    <annotation annotator="Mike Bada" id="organism_Instance_54579" type="identity">
      <class id="NCBITaxon:9925" label="Capra hircus"/>
      <span end="52587" id="17002498-12419" start="52583">goat</span>
    </annotation>
    <annotation annotator="Mike Bada" id="organism_Instance_240836" type="identity">
      <class id="NCBITaxon:10088" label="Mus"/>
      <span end="52598" id="17002498-12121" start="52593">mouse</span>
    </annotation>
    <annotation annotator="Mike Bada" id="organism_Instance_54589" type="identity">
      <class id="NCBITaxon:10114" label="Rattus"/>
      <span end="52889" id="17002498-12421" start="52886">rat</span>
    </annotation>
    <annotation annotator="Mike Bada" id="organism_Instance_240841" type="identity">
      <class id="NCBITaxon:10088" label="Mus"/>
      <span end="53183" id="17002498-12123" start="53179">Mice</span>
    </annotation>
    <annotation annotator="Mike Bada" id="organism_Instance_54594" type="identity">
      <class id="NCBITaxon:10088" label="Mus"/>
      <span end="53256" id="17002498-12423" start="53251">mouse</span>
    </annotation>
    <annotation annotator="Mike Bada" id="organism_Instance_240846" type="identity">
      <class id="NCBITaxon:10088" label="Mus"/>
      <span end="53592" id="17002498-12125" start="53588">Mice</span>
    </annotation>
    <annotation annotator="Mike Bada" id="organism_Instance_54609" type="identity">
      <class id="NCBITaxon:9606" label="Homo sapiens"/>
      <span end="54740" id="17002498-12425" start="54735">human</span>
    </annotation>
    <annotation annotator="Mike Bada" id="organism_Instance_54614" type="identity">
      <class id="NCBITaxon:7215" label="Drosophila"/>
      <span end="54762" id="17002498-12427" start="54752">Drosophila</span>
    </annotation>
    <annotation annotator="Mike Bada" id="organism_Instance_54619" type="identity">
      <class id="NCBITaxon:10088" label="Mus"/>
      <span end="55401" id="17002498-12429" start="55396">mouse</span>
    </annotation>
    <annotation annotator="Mike Bada" id="organism_Instance_54624" type="identity">
      <class id="NCBITaxon:10088" label="Mus"/>
      <span end="55699" id="17002498-12431" start="55695">mice</span>
    </annotation>
    <annotation annotator="Mike Bada" id="organism_Instance_54629" type="identity">
      <class id="NCBITaxon:10088" label="Mus"/>
      <span end="56111" id="17002498-12433" start="56107">mice</span>
    </annotation>
    <annotation annotator="Mike Bada" id="organism_Instance_54634" type="identity">
      <class id="NCBITaxon:10088" label="Mus"/>
      <span end="56132" id="17002498-12435" start="56127">mouse</span>
    </annotation>
    <annotation annotator="Mike Bada" id="organism_Instance_54639" type="identity">
      <class id="NCBITaxon:10088" label="Mus"/>
      <span end="56226" id="17002498-12437" start="56222">mice</span>
    </annotation>
    <annotation annotator="Mike Bada" id="organism_Instance_54644" type="identity">
      <class id="NCBITaxon:10088" label="Mus"/>
      <span end="56388" id="17002498-12439" start="56383">mouse</span>
    </annotation>
    <annotation annotator="Mike Bada" id="organism_Instance_54649" type="identity">
      <class id="NCBITaxon:10088" label="Mus"/>
      <span end="56492" id="17002498-12441" start="56488">mice</span>
    </annotation>
    <annotation annotator="Mike Bada" id="organism_Instance_54654" type="identity">
      <class id="NCBITaxon:10088" label="Mus"/>
      <span end="56535" id="17002498-12443" start="56531">mice</span>
    </annotation>
    <annotation annotator="Mike Bada" id="organism_Instance_54659" type="identity">
      <class id="NCBITaxon:10088" label="Mus"/>
      <span end="56578" id="17002498-12445" start="56574">mice</span>
    </annotation>
    <annotation annotator="Mike Bada" id="organism_Instance_54664" type="identity">
      <class id="NCBITaxon:10088" label="Mus"/>
      <span end="56799" id="17002498-12447" start="56795">mice</span>
    </annotation>
    <annotation annotator="Mike Bada" id="organism_Instance_240856" type="identity">
      <class id="NCBITaxon:10088" label="Mus"/>
      <span end="56948" id="17002498-12127" start="56944">Mice</span>
    </annotation>
    <annotation annotator="Mike Bada" id="organism_Instance_240861" type="identity">
      <class id="NCBITaxon:33208" label="Metazoa"/>
      <span end="56957" id="17002498-12129" start="56950">Animals</span>
    </annotation>
    <annotation annotator="Mike Bada" id="organism_Instance_54669" type="identity">
      <class id="NCBITaxon:10088" label="Mus"/>
      <span end="57223" id="17002498-12449" start="57219">mice</span>
    </annotation>
    <annotation annotator="Mike Bada" id="organism_Instance_54674" type="identity">
      <class id="NCBITaxon:10088" label="Mus"/>
      <span end="57324" id="17002498-12451" start="57319">mouse</span>
    </annotation>
    <annotation annotator="Mike Bada" id="organism_Instance_54679" type="identity">
      <class id="NCBITaxon:10088" label="Mus"/>
      <span end="57487" id="17002498-12453" start="57482">mouse</span>
    </annotation>
    <annotation annotator="Mike Bada" id="organism_Instance_54684" type="identity">
      <class id="NCBITaxon:10088" label="Mus"/>
      <span end="57582" id="17002498-12455" start="57577">mouse</span>
    </annotation>
    <annotation annotator="Mike Bada" id="organism_Instance_54694" type="identity">
      <class id="NCBITaxon:10088" label="Mus"/>
      <span end="57931" id="17002498-12457" start="57927">mice</span>
    </annotation>
    <annotation annotator="Mike Bada" id="organism_Instance_54699" type="identity">
      <class id="NCBITaxon:10088" label="Mus"/>
      <span end="58400" id="17002498-12459" start="58396">mice</span>
    </annotation>
    <annotation annotator="Mike Bada" id="organism_Instance_54704" type="identity">
      <class id="NCBITaxon:10088" label="Mus"/>
      <span end="58675" id="17002498-12461" start="58671">mice</span>
    </annotation>
    <graph-space id="Old Knowtator Relations"/>
  </document>
</knowtator-project>
