<?xml version="1.0" encoding="UTF-8" standalone="no"?>
<knowtator-project>
  <document id="17078885" text-file="17078885.txt">
    <annotation annotator="Mike Bada" id="organism_Instance_170000" type="identity">
      <class id="NCBITaxon:9606" label="Homo sapiens"/>
      <span end="248" id="17078885-13340" start="242">humans</span>
    </annotation>
    <annotation annotator="Mike Bada" id="organism_Instance_57853" type="identity">
      <class id="NCBITaxon:10088" label="Mus"/>
      <span end="684" id="17078885-13346" start="679">mouse</span>
    </annotation>
    <annotation annotator="Mike Bada" id="organism_Instance_57858" type="identity">
      <class id="NCBITaxon:10088" label="Mus"/>
      <span end="2939" id="17078885-13348" start="2935">Mice</span>
    </annotation>
    <annotation annotator="Mike Bada" id="organism_Instance_57863" type="identity">
      <class id="NCBITaxon:10088" label="Mus"/>
      <span end="5132" id="17078885-13350" start="5127">mouse</span>
    </annotation>
    <annotation annotator="Mike Bada" id="organism_Instance_57868" type="identity">
      <class id="NCBITaxon:10088" label="Mus"/>
      <span end="5968" id="17078885-13352" start="5964">mice</span>
    </annotation>
    <annotation annotator="Mike Bada" id="organism_Instance_57873" type="identity">
      <class id="NCBITaxon:10088" label="Mus"/>
      <span end="6039" id="17078885-13354" start="6035">mice</span>
    </annotation>
    <annotation annotator="Mike Bada" id="organism_Instance_57878" type="identity">
      <class id="NCBITaxon:10088" label="Mus"/>
      <span end="6141" id="17078885-13356" start="6137">mice</span>
    </annotation>
    <annotation annotator="Mike Bada" id="organism_Instance_57883" type="identity">
      <class id="NCBITaxon:10088" label="Mus"/>
      <span end="6241" id="17078885-13358" start="6237">mice</span>
    </annotation>
    <annotation annotator="Mike Bada" id="organism_Instance_57893" type="identity">
      <class id="NCBITaxon:10088" label="Mus"/>
      <span end="12735" id="17078885-13360" start="12731">mice</span>
    </annotation>
    <annotation annotator="Mike Bada" id="organism_Instance_57898" type="identity">
      <class id="NCBITaxon:10088" label="Mus"/>
      <span end="12782" id="17078885-13362" start="12778">mice</span>
    </annotation>
    <annotation annotator="Mike Bada" id="organism_Instance_57903" type="identity">
      <class id="NCBITaxon:10088" label="Mus"/>
      <span end="23990" id="17078885-13364" start="23986">mice</span>
    </annotation>
    <annotation annotator="Mike Bada" id="organism_Instance_57908" type="identity">
      <class id="NCBITaxon:10088" label="Mus"/>
      <span end="25635" id="17078885-13366" start="25631">mice</span>
    </annotation>
    <annotation annotator="Mike Bada" id="organism_Instance_57913" type="identity">
      <class id="NCBITaxon:10088" label="Mus"/>
      <span end="26872" id="17078885-13368" start="26868">mice</span>
    </annotation>
    <annotation annotator="Mike Bada" id="organism_Instance_57918" type="identity">
      <class id="NCBITaxon:10088" label="Mus"/>
      <span end="29321" id="17078885-13370" start="29317">mice</span>
    </annotation>
    <annotation annotator="Mike Bada" id="organism_Instance_57923" type="identity">
      <class id="NCBITaxon:10088" label="Mus"/>
      <span end="30076" id="17078885-13372" start="30071">mouse</span>
    </annotation>
    <annotation annotator="Mike Bada" id="organism_Instance_210005" type="identity">
      <class id="NCBITaxon:10088" label="Mus"/>
      <span end="30635" id="17078885-13342" start="30631">mice</span>
    </annotation>
    <annotation annotator="Mike Bada" id="organism_Instance_57928" type="identity">
      <class id="NCBITaxon:10088" label="Mus"/>
      <span end="30742" id="17078885-13374" start="30738">mice</span>
    </annotation>
    <annotation annotator="Mike Bada" id="organism_Instance_57933" type="identity">
      <class id="NCBITaxon:10088" label="Mus"/>
      <span end="30907" id="17078885-13376" start="30903">mice</span>
    </annotation>
    <annotation annotator="Mike Bada" id="organism_Instance_57938" type="identity">
      <class id="NCBITaxon:10088" label="Mus"/>
      <span end="30986" id="17078885-13378" start="30982">mice</span>
    </annotation>
    <annotation annotator="Mike Bada" id="organism_Instance_57943" type="identity">
      <class id="NCBITaxon:33208" label="Metazoa"/>
      <span end="31074" id="17078885-13380" start="31068">Animal</span>
    </annotation>
    <annotation annotator="Mike Bada" id="organism_Instance_240010" type="identity">
      <class id="NCBITaxon:10088" label="Mus"/>
      <span end="31221" id="17078885-13344" start="31217">Mice</span>
    </annotation>
    <annotation annotator="Mike Bada" id="organism_Instance_57948" type="identity">
      <class id="NCBITaxon:10088" label="Mus"/>
      <span end="33061" id="17078885-13382" start="33056">mouse</span>
    </annotation>
    <annotation annotator="Mike Bada" id="organism_Instance_57953" type="identity">
      <class id="NCBITaxon:10088" label="Mus"/>
      <span end="33312" id="17078885-13384" start="33308">mice</span>
    </annotation>
    <annotation annotator="Mike Bada" id="organism_Instance_57958" type="identity">
      <class id="NCBITaxon:10088" label="Mus"/>
      <span end="33508" id="17078885-13386" start="33503">mouse</span>
    </annotation>
    <graph-space id="Old Knowtator Relations"/>
  </document>
</knowtator-project>
