<?xml version="1.0" encoding="UTF-8" standalone="no"?>
<knowtator-project>
  <document id="17425782" text-file="17425782.txt">
    <annotation annotator="Mike Bada" id="organism_Instance_60777" type="identity">
      <class id="NCBITaxon:40674" label="Mammalia"/>
      <span end="51" id="17425782-13836" start="42">mammalian</span>
    </annotation>
    <annotation annotator="Mike Bada" id="organism_Instance_60782" type="identity">
      <class id="NCBITaxon:7215" label="Drosophila"/>
      <span end="124" id="17425782-13838" start="114">Drosophila</span>
    </annotation>
    <annotation annotator="Mike Bada" id="organism_Instance_60792" type="identity">
      <class id="NCBITaxon:40674" label="Mammalia"/>
      <span end="393" id="17425782-13840" start="384">mammalian</span>
    </annotation>
    <annotation annotator="Mike Bada" id="organism_Instance_60797" type="identity">
      <class id="NCBITaxon:40674" label="Mammalia"/>
      <span end="1938" id="17425782-13842" start="1929">mammalian</span>
    </annotation>
    <annotation annotator="Mike Bada" id="organism_Instance_60802" type="identity">
      <class id="NCBITaxon:40674" label="Mammalia"/>
      <span end="2228" id="17425782-13844" start="2221">mammals</span>
    </annotation>
    <annotation annotator="Mike Bada" id="organism_Instance_60807" type="identity">
      <class id="NCBITaxon:7215" label="Drosophila"/>
      <span end="2243" id="17425782-13846" start="2233">Drosophila</span>
    </annotation>
    <annotation annotator="Mike Bada" id="organism_Instance_60812" type="identity">
      <class id="NCBITaxon:40674" label="Mammalia"/>
      <span end="2255" id="17425782-13848" start="2248">mammals</span>
    </annotation>
    <annotation annotator="Mike Bada" id="organism_Instance_60817" type="identity">
      <class id="NCBITaxon:7215" label="Drosophila"/>
      <span end="3467" id="17425782-13850" start="3457">Drosophila</span>
    </annotation>
    <annotation annotator="Mike Bada" id="organism_Instance_60827" type="identity">
      <class id="NCBITaxon:7215" label="Drosophila"/>
      <span end="4362" id="17425782-13852" start="4352">Drosophila</span>
    </annotation>
    <annotation annotator="Mike Bada" id="organism_Instance_60832" type="identity">
      <class id="NCBITaxon:40674" label="Mammalia"/>
      <span end="4394" id="17425782-13854" start="4385">mammalian</span>
    </annotation>
    <annotation annotator="Mike Bada" id="organism_Instance_60837" type="identity">
      <class id="NCBITaxon:7215" label="Drosophila"/>
      <span end="4452" id="17425782-13856" start="4442">Drosophila</span>
    </annotation>
    <annotation annotator="Mike Bada" id="organism_Instance_60842" type="identity">
      <class id="NCBITaxon:40674" label="Mammalia"/>
      <span end="5350" id="17425782-13858" start="5343">mammals</span>
    </annotation>
    <annotation annotator="Mike Bada" id="organism_Instance_60847" type="identity">
      <class id="NCBITaxon:7215" label="Drosophila"/>
      <span end="5369" id="17425782-13860" start="5359">Drosophila</span>
    </annotation>
    <annotation annotator="Mike Bada" id="organism_Instance_60852" type="identity">
      <class id="NCBITaxon:10088" label="Mus"/>
      <span end="5678" id="17425782-13862" start="5674">mice</span>
    </annotation>
    <annotation annotator="Mike Bada" id="NCBITAXON_2015_03_02_Instance_60102" type="identity">
      <class id="NCBITaxon:10358" label="Cytomegalovirus"/>
      <span end="5709" id="17425782-13816" start="5706">CMV</span>
    </annotation>
    <annotation annotator="Mike Bada" id="organism_Instance_60857" type="identity">
      <class id="NCBITaxon:10088" label="Mus"/>
      <span end="5718" id="17425782-13864" start="5714">mice</span>
    </annotation>
    <annotation annotator="Mike Bada" id="organism_Instance_60862" type="identity">
      <class id="NCBITaxon:7215" label="Drosophila"/>
      <span end="6020" id="17425782-13866" start="6010">Drosophila</span>
    </annotation>
    <annotation annotator="Mike Bada" id="organism_Instance_60867" type="identity">
      <class id="NCBITaxon:10088" label="Mus"/>
      <span end="6199" id="17425782-13868" start="6195">mice</span>
    </annotation>
    <annotation annotator="Mike Bada" id="organism_Instance_60872" type="identity">
      <class id="NCBITaxon:7215" label="Drosophila"/>
      <span end="6357" id="17425782-13870" start="6347">Drosophila</span>
    </annotation>
    <annotation annotator="Mike Bada" id="organism_Instance_60877" type="identity">
      <class id="NCBITaxon:10088" label="Mus"/>
      <span end="6418" id="17425782-13872" start="6413">mouse</span>
    </annotation>
    <annotation annotator="Mike Bada" id="organism_Instance_60882" type="identity">
      <class id="NCBITaxon:10088" label="Mus"/>
      <span end="6591" id="17425782-13874" start="6587">mice</span>
    </annotation>
    <annotation annotator="Mike Bada" id="organism_Instance_60887" type="identity">
      <class id="NCBITaxon:10088" label="Mus"/>
      <span end="7011" id="17425782-13876" start="7007">mice</span>
    </annotation>
    <annotation annotator="Mike Bada" id="organism_Instance_250419" type="identity">
      <class id="NCBITaxon:271171" label="Macrotyloma uniflorum"/>
      <span end="9982" id="17425782-13820" start="9965">Dolichos biflorus</span>
    </annotation>
    <annotation annotator="Mike Bada" id="organism_Instance_250424" type="identity">
      <class id="NCBITaxon:10088" label="Mus"/>
      <span end="13261" id="17425782-13822" start="13257">mice</span>
    </annotation>
    <annotation annotator="Mike Bada" id="organism_Instance_60901" type="identity">
      <class id="NCBITaxon:10088" label="Mus"/>
      <span end="13389" id="17425782-13878" start="13385">mice</span>
    </annotation>
    <annotation annotator="Mike Bada" id="organism_Instance_60906" type="identity">
      <class id="NCBITaxon:40674" label="Mammalia"/>
      <span end="13743" id="17425782-13880" start="13734">mammalian</span>
    </annotation>
    <annotation annotator="Mike Bada" id="organism_Instance_60911" type="identity">
      <class id="NCBITaxon:10088" label="Mus"/>
      <span end="19059" id="17425782-13882" start="19055">mice</span>
    </annotation>
    <annotation annotator="Mike Bada" id="organism_Instance_60916" type="identity">
      <class id="NCBITaxon:10088" label="Mus"/>
      <span end="19285" id="17425782-13884" start="19281">mice</span>
    </annotation>
    <annotation annotator="Mike Bada" id="organism_Instance_60921" type="identity">
      <class id="NCBITaxon:10088" label="Mus"/>
      <span end="21902" id="17425782-13886" start="21898">mice</span>
    </annotation>
    <annotation annotator="Mike Bada" id="organism_Instance_60931" type="identity">
      <class id="NCBITaxon:7215" label="Drosophila"/>
      <span end="27354" id="17425782-13888" start="27344">Drosophila</span>
    </annotation>
    <annotation annotator="Mike Bada" id="organism_Instance_60936" type="identity">
      <class id="NCBITaxon:7215" label="Drosophila"/>
      <span end="27689" id="17425782-13890" start="27679">Drosophila</span>
    </annotation>
    <annotation annotator="Mike Bada" id="organism_Instance_60941" type="identity">
      <class id="NCBITaxon:7215" label="Drosophila"/>
      <span end="27951" id="17425782-13892" start="27941">Drosophila</span>
    </annotation>
    <annotation annotator="Mike Bada" id="organism_Instance_60946" type="identity">
      <class id="NCBITaxon:10088" label="Mus"/>
      <span end="27991" id="17425782-13894" start="27987">mice</span>
    </annotation>
    <annotation annotator="Mike Bada" id="organism_Instance_60951" type="identity">
      <class id="NCBITaxon:7215" label="Drosophila"/>
      <span end="28646" id="17425782-13896" start="28636">Drosophila</span>
    </annotation>
    <annotation annotator="Mike Bada" id="organism_Instance_60956" type="identity">
      <class id="NCBITaxon:7215" label="Drosophila"/>
      <span end="29031" id="17425782-13898" start="29021">Drosophila</span>
    </annotation>
    <annotation annotator="Mike Bada" id="organism_Instance_60961" type="identity">
      <class id="NCBITaxon:7215" label="Drosophila"/>
      <span end="32155" id="17425782-13900" start="32145">Drosophila</span>
    </annotation>
    <annotation annotator="Mike Bada" id="organism_Instance_60966" type="identity">
      <class id="NCBITaxon:40674" label="Mammalia"/>
      <span end="32167" id="17425782-13902" start="32160">mammals</span>
    </annotation>
    <annotation annotator="Mike Bada" id="organism_Instance_60971" type="identity">
      <class id="NCBITaxon:7215" label="Drosophila"/>
      <span end="32182" id="17425782-13904" start="32172">Drosophila</span>
    </annotation>
    <annotation annotator="Mike Bada" id="organism_Instance_60976" type="identity">
      <class id="NCBITaxon:40674" label="Mammalia"/>
      <span end="32264" id="17425782-13906" start="32257">mammals</span>
    </annotation>
    <annotation annotator="Mike Bada" id="organism_Instance_60981" type="identity">
      <class id="NCBITaxon:40674" label="Mammalia"/>
      <span end="32799" id="17425782-13908" start="32790">mammalian</span>
    </annotation>
    <annotation annotator="Mike Bada" id="organism_Instance_60991" type="identity">
      <class id="NCBITaxon:40674" label="Mammalia"/>
      <span end="33469" id="17425782-13910" start="33462">mammals</span>
    </annotation>
    <annotation annotator="Mike Bada" id="organism_Instance_60996" type="identity">
      <class id="NCBITaxon:7215" label="Drosophila"/>
      <span end="33554" id="17425782-13912" start="33544">Drosophila</span>
    </annotation>
    <annotation annotator="Mike Bada" id="organism_Instance_61001" type="identity">
      <class id="NCBITaxon:40674" label="Mammalia"/>
      <span end="33864" id="17425782-13914" start="33855">mammalian</span>
    </annotation>
    <annotation annotator="Mike Bada" id="organism_Instance_61006" type="identity">
      <class id="NCBITaxon:7215" label="Drosophila"/>
      <span end="34344" id="17425782-13916" start="34334">Drosophila</span>
    </annotation>
    <annotation annotator="Mike Bada" id="organism_Instance_61011" type="identity">
      <class id="NCBITaxon:40674" label="Mammalia"/>
      <span end="34446" id="17425782-13918" start="34437">mammalian</span>
    </annotation>
    <annotation annotator="Mike Bada" id="organism_Instance_61016" type="identity">
      <class id="NCBITaxon:10088" label="Mus"/>
      <span end="34666" id="17425782-13920" start="34662">mice</span>
    </annotation>
    <annotation annotator="Mike Bada" id="organism_Instance_61021" type="identity">
      <class id="NCBITaxon:40674" label="Mammalia"/>
      <span end="34779" id="17425782-13922" start="34772">mammals</span>
    </annotation>
    <annotation annotator="Mike Bada" id="organism_Instance_61026" type="identity">
      <class id="NCBITaxon:7215" label="Drosophila"/>
      <span end="34867" id="17425782-13924" start="34857">Drosophila</span>
    </annotation>
    <annotation annotator="Mike Bada" id="organism_Instance_61031" type="identity">
      <class id="NCBITaxon:40674" label="Mammalia"/>
      <span end="34979" id="17425782-13926" start="34970">mammalian</span>
    </annotation>
    <annotation annotator="Mike Bada" id="organism_Instance_61036" type="identity">
      <class id="NCBITaxon:40674" label="Mammalia"/>
      <span end="35081" id="17425782-13928" start="35074">mammals</span>
    </annotation>
    <annotation annotator="Mike Bada" id="organism_Instance_61041" type="identity">
      <class id="NCBITaxon:40674" label="Mammalia"/>
      <span end="35367" id="17425782-13930" start="35360">mammals</span>
    </annotation>
    <annotation annotator="Mike Bada" id="organism_Instance_61046" type="identity">
      <class id="NCBITaxon:10088" label="Mus"/>
      <span end="36822" id="17425782-13932" start="36818">mice</span>
    </annotation>
    <annotation annotator="Mike Bada" id="organism_Instance_61051" type="identity">
      <class id="NCBITaxon:10088" label="Mus"/>
      <span end="36994" id="17425782-13934" start="36990">mice</span>
    </annotation>
    <annotation annotator="Mike Bada" id="NCBITAXON_2015_03_02_Instance_60107" type="identity">
      <class id="NCBITaxon:10358" label="Cytomegalovirus"/>
      <span end="37007" id="17425782-13818" start="37004">CMV</span>
    </annotation>
    <annotation annotator="Mike Bada" id="organism_Instance_61056" type="identity">
      <class id="NCBITaxon:10088" label="Mus"/>
      <span end="37016" id="17425782-13936" start="37012">mice</span>
    </annotation>
    <annotation annotator="Mike Bada" id="organism_Instance_250434" type="identity">
      <class id="NCBITaxon:271171" label="Macrotyloma uniflorum"/>
      <span end="37773" id="17425782-13824" start="37756">Dilichos biflorus</span>
    </annotation>
    <annotation annotator="Mike Bada" id="organism_Instance_61061" type="identity">
      <class id="NCBITaxon:9925" label="Capra hircus"/>
      <span end="37838" id="17425782-13938" start="37834">goat</span>
    </annotation>
    <annotation annotator="Mike Bada" id="organism_Instance_250440" type="identity">
      <class id="NCBITaxon:9986" label="Oryctolagus cuniculus"/>
      <span end="38186" id="17425782-13826" start="38180">rabbit</span>
    </annotation>
    <annotation annotator="Mike Bada" id="organism_Instance_250445" type="identity">
      <class id="NCBITaxon:10114" label="Rattus"/>
      <span end="38220" id="17425782-13828" start="38217">rat</span>
    </annotation>
    <annotation annotator="Mike Bada" id="organism_Instance_250450" type="identity">
      <class id="NCBITaxon:9606" label="Homo sapiens"/>
      <span end="39087" id="17425782-13830" start="39082">human</span>
    </annotation>
    <annotation annotator="Mike Bada" id="organism_Instance_250459" type="identity">
      <class id="NCBITaxon:10088" label="Mus"/>
      <span end="39122" id="17425782-13832" start="39117">mouse</span>
    </annotation>
    <annotation annotator="Mike Bada" id="organism_Instance_61066" type="identity">
      <class id="NCBITaxon:9606" label="Homo sapiens"/>
      <span end="39243" id="17425782-13940" start="39238">human</span>
    </annotation>
    <annotation annotator="Mike Bada" id="organism_Instance_61071" type="identity">
      <class id="NCBITaxon:10088" label="Mus"/>
      <span end="39289" id="17425782-13942" start="39284">mouse</span>
    </annotation>
    <annotation annotator="Mike Bada" id="organism_Instance_61076" type="identity">
      <class id="NCBITaxon:2" label="Bacteria"/>
      <span end="39513" id="17425782-13944" start="39505">bacteria</span>
    </annotation>
    <annotation annotator="Mike Bada" id="organism_Instance_61081" type="identity">
      <class id="NCBITaxon:9986" label="Oryctolagus cuniculus"/>
      <span end="39550" id="17425782-13946" start="39543">rabbits</span>
    </annotation>
    <annotation annotator="Mike Bada" id="organism_Instance_61086" type="identity">
      <class id="NCBITaxon:9986" label="Oryctolagus cuniculus"/>
      <span end="39632" id="17425782-13948" start="39626">rabbit</span>
    </annotation>
    <annotation annotator="Mike Bada" id="organism_Instance_250464" type="identity">
      <class id="NCBITaxon:10088" label="Mus"/>
      <span end="41232" id="17425782-13834" start="41227">Mouse</span>
    </annotation>
    <graph-space id="Old Knowtator Relations"/>
  </document>
</knowtator-project>
