<?xml version="1.0" encoding="UTF-8" standalone="no"?>
<knowtator-project>
    <document id="17590087" text-file="17590087.txt">
        <annotation annotator="Mike Bada" id="organism_Instance_64396" type="identity">
            <class id="NCBITaxon:10088" label="Mus"/>
            <span end="42" id="17590087-14306" start="38">Mice</span>
        </annotation>
        <annotation annotator="Mike Bada" id="organism_Instance_270226" type="identity">
            <class id="NCBITaxon:9606" label="Homo sapiens"/>
            <span end="82" id="17590087-14246" start="76">Humans</span>
        </annotation>
        <annotation annotator="Mike Bada" id="organism_Instance_64401" type="identity">
            <class id="NCBITaxon:10088" label="Mus"/>
            <span end="160" id="17590087-14308" start="156">mice</span>
        </annotation>
        <annotation annotator="Mike Bada" id="organism_Instance_270231" type="identity">
            <class id="NCBITaxon:9606" label="Homo sapiens"/>
            <span end="321" id="17590087-14248" start="315">humans</span>
        </annotation>
        <annotation annotator="Mike Bada" id="organism_Instance_64406" type="identity">
            <class id="NCBITaxon:10088" label="Mus"/>
            <span end="605" id="17590087-14310" start="601">mice</span>
        </annotation>
        <annotation annotator="Mike Bada" id="organism_Instance_64411" type="identity">
            <class id="NCBITaxon:9606" label="Homo sapiens"/>
            <span end="843" id="17590087-14312" start="838">human</span>
        </annotation>
        <annotation annotator="Mike Bada" id="organism_Instance_64421" type="identity">
            <class id="NCBITaxon:10088" label="Mus"/>
            <span end="1034" id="17590087-14314" start="1030">mice</span>
        </annotation>
        <annotation annotator="Mike Bada" id="organism_Instance_270236" type="identity">
            <class id="NCBITaxon:9606" label="Homo sapiens"/>
            <span end="1312" id="17590087-14250" start="1306">humans</span>
        </annotation>
        <annotation annotator="Mike Bada" id="organism_Instance_64426" type="identity">
            <class id="NCBITaxon:10088" label="Mus"/>
            <span end="1460" id="17590087-14316" start="1456">mice</span>
        </annotation>
        <annotation annotator="Mike Bada" id="organism_Instance_270241" type="identity">
            <class id="NCBITaxon:9606" label="Homo sapiens"/>
            <span end="1530" id="17590087-14252" start="1524">humans</span>
        </annotation>
        <annotation annotator="Mike Bada" id="organism_Instance_64431" type="identity">
            <class id="NCBITaxon:9606" label="Homo sapiens"/>
            <span end="1596" id="17590087-14318" start="1591">human</span>
        </annotation>
        <annotation annotator="Mike Bada" id="organism_Instance_270246" type="identity">
            <class id="NCBITaxon:9606" label="Homo sapiens"/>
            <span end="2093" id="17590087-14254" start="2087">humans</span>
        </annotation>
        <annotation annotator="Mike Bada" id="organism_Instance_64436" type="identity">
            <class id="NCBITaxon:9606" label="Homo sapiens"/>
            <span end="2179" id="17590087-14320" start="2174">human</span>
        </annotation>
        <annotation annotator="Mike Bada" id="organism_Instance_64441" type="identity">
            <class id="NCBITaxon:10088" label="Mus"/>
            <span end="2416" id="17590087-14322" start="2411">mouse</span>
        </annotation>
        <annotation annotator="Mike Bada" id="organism_Instance_64446" type="identity">
            <class id="NCBITaxon:10088" label="Mus"/>
            <span end="2610" id="17590087-14324" start="2606">mice</span>
        </annotation>
        <annotation annotator="Mike Bada" id="organism_Instance_270256" type="identity">
            <class id="NCBITaxon:9606" label="Homo sapiens"/>
            <span end="2888" id="17590087-14256" start="2882">humans</span>
        </annotation>
        <annotation annotator="Mike Bada" id="organism_Instance_64451" type="identity">
            <class id="NCBITaxon:10088" label="Mus"/>
            <span end="3003" id="17590087-14326" start="2999">mice</span>
        </annotation>
        <annotation annotator="Mike Bada" id="organism_Instance_270261" type="identity">
            <class id="NCBITaxon:9606" label="Homo sapiens"/>
            <span end="3054" id="17590087-14258" start="3048">humans</span>
        </annotation>
        <annotation annotator="Mike Bada" id="organism_Instance_64456" type="identity">
            <class id="NCBITaxon:10088" label="Mus"/>
            <span end="3116" id="17590087-14328" start="3112">mice</span>
        </annotation>
        <annotation annotator="Mike Bada" id="organism_Instance_64461" type="identity">
            <class id="NCBITaxon:10088" label="Mus"/>
            <span end="3304" id="17590087-14330" start="3300">mice</span>
        </annotation>
        <annotation annotator="Mike Bada" id="organism_Instance_64466" type="identity">
            <class id="NCBITaxon:9606" label="Homo sapiens"/>
            <span end="3529" id="17590087-14332" start="3524">human</span>
        </annotation>
        <annotation annotator="Mike Bada" id="organism_Instance_64471" type="identity">
            <class id="NCBITaxon:10088" label="Mus"/>
            <span end="3746" id="17590087-14334" start="3742">mice</span>
        </annotation>
        <annotation annotator="Mike Bada" id="organism_Instance_64476" type="identity">
            <class id="NCBITaxon:10088" label="Mus"/>
            <span end="4148" id="17590087-14336" start="4143">mouse</span>
        </annotation>
        <annotation annotator="Mike Bada" id="organism_Instance_64481" type="identity">
            <class id="NCBITaxon:10088" label="Mus"/>
            <span end="4534" id="17590087-14338" start="4529">mouse</span>
        </annotation>
        <annotation annotator="Mike Bada" id="organism_Instance_64486" type="identity">
            <class id="NCBITaxon:10088" label="Mus"/>
            <span end="4882" id="17590087-14340" start="4878">mice</span>
        </annotation>
        <annotation annotator="Mike Bada" id="organism_Instance_64491" type="identity">
            <class id="NCBITaxon:10088" label="Mus"/>
            <span end="5087" id="17590087-14342" start="5083">mice</span>
        </annotation>
        <annotation annotator="Mike Bada" id="organism_Instance_64496" type="identity">
            <class id="NCBITaxon:10088" label="Mus"/>
            <span end="5134" id="17590087-14344" start="5130">mice</span>
        </annotation>
        <annotation annotator="Mike Bada" id="organism_Instance_64501" type="identity">
            <class id="NCBITaxon:10088" label="Mus"/>
            <span end="5220" id="17590087-14346" start="5216">mice</span>
        </annotation>
        <annotation annotator="Mike Bada" id="organism_Instance_64506" type="identity">
            <class id="NCBITaxon:10088" label="Mus"/>
            <span end="5376" id="17590087-14348" start="5372">mice</span>
        </annotation>
        <annotation annotator="Mike Bada" id="organism_Instance_64511" type="identity">
            <class id="NCBITaxon:10088" label="Mus"/>
            <span end="5473" id="17590087-14350" start="5468">mouse</span>
        </annotation>
        <annotation annotator="Mike Bada" id="organism_Instance_64521" type="identity">
            <class id="NCBITaxon:10088" label="Mus"/>
            <span end="5596" id="17590087-14352" start="5592">mice</span>
        </annotation>
        <annotation annotator="Mike Bada" id="organism_Instance_64526" type="identity">
            <class id="NCBITaxon:10088" label="Mus"/>
            <span end="5896" id="17590087-14354" start="5891">mouse</span>
        </annotation>
        <annotation annotator="Mike Bada" id="organism_Instance_64531" type="identity">
            <class id="NCBITaxon:9606" label="Homo sapiens"/>
            <span end="6063" id="17590087-14356" start="6058">human</span>
        </annotation>
        <annotation annotator="Mike Bada" id="organism_Instance_64536" type="identity">
            <class id="NCBITaxon:9606" label="Homo sapiens"/>
            <span end="6124" id="17590087-14358" start="6119">human</span>
        </annotation>
        <annotation annotator="Mike Bada" id="organism_Instance_64541" type="identity">
            <class id="NCBITaxon:9606" label="Homo sapiens"/>
            <span end="6205" id="17590087-14360" start="6200">human</span>
        </annotation>
        <annotation annotator="Mike Bada" id="organism_Instance_64546" type="identity">
            <class id="NCBITaxon:10088" label="Mus"/>
            <span end="6516" id="17590087-14362" start="6512">mice</span>
        </annotation>
        <annotation annotator="Mike Bada" id="organism_Instance_64551" type="identity">
            <class id="NCBITaxon:10088" label="Mus"/>
            <span end="6563" id="17590087-14364" start="6559">mice</span>
        </annotation>
        <annotation annotator="Mike Bada" id="organism_Instance_270271" type="identity">
            <class id="NCBITaxon:1" label="root"/>
            <span end="8189" id="17590087-14260" start="8178">individuals</span>
        </annotation>
        <annotation annotator="Mike Bada" id="organism_Instance_270276" type="identity">
            <class id="NCBITaxon:1" label="root"/>
            <span end="8249" id="17590087-14262" start="8238">individuals</span>
        </annotation>
        <annotation annotator="Mike Bada" id="organism_Instance_270281" type="identity">
            <class id="NCBITaxon:1" label="root"/>
            <span end="8430" id="17590087-14264" start="8420">individual</span>
        </annotation>
        <annotation annotator="Mike Bada" id="organism_Instance_64556" type="identity">
            <class id="NCBITaxon:10088" label="Mus"/>
            <span end="11961" id="17590087-14366" start="11957">mice</span>
        </annotation>
        <annotation annotator="Mike Bada" id="organism_Instance_64561" type="identity">
            <class id="NCBITaxon:10376" label="Human gammaherpesvirus 4"/>
            <span end="12242" id="17590087-14368" start="12224">Epstein-Barr virus</span>
        </annotation>
        <annotation annotator="Mike Bada" id="organism_Instance_270286" type="identity">
            <class id="NCBITaxon:10376" label="Human gammaherpesvirus 4"/>
            <span end="12247" id="17590087-14266" start="12244">EBV</span>
        </annotation>
        <annotation annotator="Mike Bada" id="organism_Instance_270291" type="identity">
            <class id="NCBITaxon:9606" label="Homo sapiens"/>
            <span end="13189" id="17590087-14268" start="13183">humans</span>
        </annotation>
        <annotation annotator="Mike Bada" id="organism_Instance_64566" type="identity">
            <class id="NCBITaxon:10088" label="Mus"/>
            <span end="13226" id="17590087-14370" start="13222">mice</span>
        </annotation>
        <annotation annotator="Mike Bada" id="organism_Instance_64571" type="identity">
            <class id="NCBITaxon:10088" label="Mus"/>
            <span end="13328" id="17590087-14372" start="13323">mouse</span>
        </annotation>
        <annotation annotator="Mike Bada" id="organism_Instance_64576" type="identity">
            <class id="NCBITaxon:10088" label="Mus"/>
            <span end="13929" id="17590087-14374" start="13924">mouse</span>
        </annotation>
        <annotation annotator="Mike Bada" id="organism_Instance_64581" type="identity">
            <class id="NCBITaxon:9606" label="Homo sapiens"/>
            <span end="13962" id="17590087-14376" start="13957">human</span>
        </annotation>
        <annotation annotator="Mike Bada" id="organism_Instance_64586" type="identity">
            <class id="NCBITaxon:33208" label="Metazoa"/>
            <span end="14027" id="17590087-14378" start="14020">animals</span>
        </annotation>
        <annotation annotator="Mike Bada" id="organism_Instance_64591" type="identity">
            <class id="NCBITaxon:10088" label="Mus"/>
            <span end="14066" id="17590087-14380" start="14062">mice</span>
        </annotation>
        <annotation annotator="Mike Bada" id="organism_Instance_64596" type="identity">
            <class id="NCBITaxon:10088" label="Mus"/>
            <span end="14157" id="17590087-14382" start="14153">mice</span>
        </annotation>
        <annotation annotator="Mike Bada" id="organism_Instance_64601" type="identity">
            <class id="NCBITaxon:10088" label="Mus"/>
            <span end="15282" id="17590087-14384" start="15278">mice</span>
        </annotation>
        <annotation annotator="Mike Bada" id="organism_Instance_64606" type="identity">
            <class id="NCBITaxon:10088" label="Mus"/>
            <span end="15548" id="17590087-14386" start="15544">mice</span>
        </annotation>
        <annotation annotator="Mike Bada" id="organism_Instance_64611" type="identity">
            <class id="NCBITaxon:10088" label="Mus"/>
            <span end="15573" id="17590087-14388" start="15569">mice</span>
        </annotation>
        <annotation annotator="Mike Bada" id="organism_Instance_64616" type="identity">
            <class id="NCBITaxon:10088" label="Mus"/>
            <span end="16001" id="17590087-14390" start="15997">mice</span>
        </annotation>
        <annotation annotator="Mike Bada" id="organism_Instance_64621" type="identity">
            <class id="NCBITaxon:10088" label="Mus"/>
            <span end="16034" id="17590087-14392" start="16030">mice</span>
        </annotation>
        <annotation annotator="Mike Bada" id="organism_Instance_64626" type="identity">
            <class id="NCBITaxon:10088" label="Mus"/>
            <span end="16308" id="17590087-14394" start="16304">mice</span>
        </annotation>
        <annotation annotator="Mike Bada" id="organism_Instance_64631" type="identity">
            <class id="NCBITaxon:10088" label="Mus"/>
            <span end="16355" id="17590087-14396" start="16351">mice</span>
        </annotation>
        <annotation annotator="Mike Bada" id="organism_Instance_64636" type="identity">
            <class id="NCBITaxon:10088" label="Mus"/>
            <span end="16458" id="17590087-14398" start="16453">mouse</span>
        </annotation>
        <annotation annotator="Mike Bada" id="organism_Instance_64641" type="identity">
            <class id="NCBITaxon:10088" label="Mus"/>
            <span end="16753" id="17590087-14400" start="16749">mice</span>
        </annotation>
        <annotation annotator="Mike Bada" id="organism_Instance_64646" type="identity">
            <class id="NCBITaxon:10088" label="Mus"/>
            <span end="16842" id="17590087-14402" start="16838">mice</span>
        </annotation>
        <annotation annotator="Mike Bada" id="organism_Instance_64651" type="identity">
            <class id="NCBITaxon:10088" label="Mus"/>
            <span end="16916" id="17590087-14404" start="16912">mice</span>
        </annotation>
        <annotation annotator="Mike Bada" id="organism_Instance_64656" type="identity">
            <class id="NCBITaxon:10088" label="Mus"/>
            <span end="16985" id="17590087-14406" start="16980">mouse</span>
        </annotation>
        <annotation annotator="Mike Bada" id="organism_Instance_64661" type="identity">
            <class id="NCBITaxon:10088" label="Mus"/>
            <span end="17076" id="17590087-14408" start="17072">mice</span>
        </annotation>
        <annotation annotator="Mike Bada" id="organism_Instance_64666" type="identity">
            <class id="NCBITaxon:10088" label="Mus"/>
            <span end="17301" id="17590087-14410" start="17297">mice</span>
        </annotation>
        <annotation annotator="Mike Bada" id="organism_Instance_64671" type="identity">
            <class id="NCBITaxon:10088" label="Mus"/>
            <span end="17337" id="17590087-14412" start="17333">mice</span>
        </annotation>
        <annotation annotator="Mike Bada" id="organism_Instance_64676" type="identity">
            <class id="NCBITaxon:10088" label="Mus"/>
            <span end="18078" id="17590087-14414" start="18074">mice</span>
        </annotation>
        <annotation annotator="Mike Bada" id="organism_Instance_64681" type="identity">
            <class id="NCBITaxon:9925" label="Capra hircus"/>
            <span end="18546" id="17590087-14416" start="18542">goat</span>
        </annotation>
        <annotation annotator="Mike Bada" id="organism_Instance_64686" type="identity">
            <class id="NCBITaxon:9925" label="Capra hircus"/>
            <span end="19014" id="17590087-14418" start="19010">goat</span>
        </annotation>
        <annotation annotator="Mike Bada" id="organism_Instance_270296" type="identity">
            <class id="NCBITaxon:9986" label="Oryctolagus cuniculus"/>
            <span end="19026" id="17590087-14270" start="19020">rabbit</span>
        </annotation>
        <annotation annotator="Mike Bada" id="organism_Instance_64691" type="identity">
            <class id="NCBITaxon:9925" label="Capra hircus"/>
            <span end="19055" id="17590087-14420" start="19051">goat</span>
        </annotation>
        <annotation annotator="Mike Bada" id="organism_Instance_270301" type="identity">
            <class id="NCBITaxon:10088" label="Mus"/>
            <span end="19066" id="17590087-14272" start="19061">mouse</span>
        </annotation>
        <annotation annotator="Mike Bada" id="organism_Instance_270307" type="identity">
            <class id="NCBITaxon:10376" label="Human gammaherpesvirus 4"/>
            <span end="19965" id="17590087-14274" start="19962">EBV</span>
        </annotation>
        <annotation annotator="Mike Bada" id="organism_Instance_270312" type="identity">
            <class id="NCBITaxon:1" label="root"/>
            <span end="21353" id="17590087-14276" start="21342">individuals</span>
        </annotation>
        <annotation annotator="Mike Bada" id="organism_Instance_270317" type="identity">
            <class id="NCBITaxon:1" label="root"/>
            <span end="21994" id="17590087-14278" start="21983">individuals</span>
        </annotation>
        <annotation annotator="Mike Bada" id="organism_Instance_270322" type="identity">
            <class id="NCBITaxon:1" label="root"/>
            <span end="22636" id="17590087-14280" start="22625">individuals</span>
        </annotation>
        <annotation annotator="Mike Bada" id="organism_Instance_64696" type="identity">
            <class id="NCBITaxon:9606" label="Homo sapiens"/>
            <span end="23649" id="17590087-14422" start="23644">human</span>
        </annotation>
        <annotation annotator="Mike Bada" id="organism_Instance_270327" type="identity">
            <class id="NCBITaxon:10376" label="Human gammaherpesvirus 4"/>
            <span end="24099" id="17590087-14282" start="24096">EBV</span>
        </annotation>
        <annotation annotator="Mike Bada" id="organism_Instance_64701" type="identity">
            <class id="NCBITaxon:10088" label="Mus"/>
            <span end="24845" id="17590087-14424" start="24840">Mouse</span>
        </annotation>
        <annotation annotator="Mike Bada" id="organism_Instance_270332" type="identity">
            <class id="NCBITaxon:10088" label="Mus"/>
            <span end="24875" id="17590087-14284" start="24871">Mice</span>
        </annotation>
        <annotation annotator="Mike Bada" id="organism_Instance_270337" type="identity">
            <class id="NCBITaxon:10088" label="Mus"/>
            <span end="25380" id="17590087-14286" start="25376">Mice</span>
        </annotation>
        <annotation annotator="Mike Bada" id="organism_Instance_64711" type="identity">
            <class id="NCBITaxon:10088" label="Mus"/>
            <span end="25419" id="17590087-14426" start="25414">mouse</span>
        </annotation>
        <annotation annotator="Mike Bada" id="organism_Instance_64716" type="identity">
            <class id="NCBITaxon:10088" label="Mus"/>
            <span end="25463" id="17590087-14428" start="25458">mouse</span>
        </annotation>
        <annotation annotator="Mike Bada" id="organism_Instance_64721" type="identity">
            <class id="NCBITaxon:10088" label="Mus"/>
            <span end="25493" id="17590087-14430" start="25489">mice</span>
        </annotation>
        <annotation annotator="Mike Bada" id="organism_Instance_64726" type="identity">
            <class id="NCBITaxon:10088" label="Mus"/>
            <span end="25565" id="17590087-14432" start="25560">mouse</span>
        </annotation>
        <annotation annotator="Mike Bada" id="organism_Instance_270342" type="identity">
            <class id="NCBITaxon:10376" label="Human gammaherpesvirus 4"/>
            <span end="27757" id="17590087-14288" start="27754">EBV</span>
        </annotation>
        <annotation annotator="Mike Bada" id="organism_Instance_270347" type="identity">
            <class id="NCBITaxon:10376" label="Human gammaherpesvirus 4"/>
            <span end="27778" id="17590087-14290" start="27760">Epstein-Barr virus</span>
        </annotation>
        <annotation annotator="Mike Bada" id="organism_Instance_64746" type="identity">
            <class id="NCBITaxon:10088" label="Mus"/>
            <span end="27974" id="17590087-14434" start="27969">Mouse</span>
        </annotation>
        <annotation annotator="Mike Bada" id="organism_Instance_64751" type="identity">
            <class id="NCBITaxon:10088" label="Mus"/>
            <span end="28050" id="17590087-14436" start="28045">mouse</span>
        </annotation>
        <annotation annotator="Mike Bada" id="organism_Instance_64756" type="identity">
            <class id="NCBITaxon:10088" label="Mus"/>
            <span end="28069" id="17590087-14438" start="28064">mouse</span>
        </annotation>
        <annotation annotator="Mike Bada" id="organism_Instance_64761" type="identity">
            <class id="NCBITaxon:10088" label="Mus"/>
            <span end="28134" id="17590087-14440" start="28129">mouse</span>
        </annotation>
        <annotation annotator="Mike Bada" id="organism_Instance_270352" type="identity">
            <class id="NCBITaxon:9986" label="Oryctolagus cuniculus"/>
            <span end="28247" id="17590087-14292" start="28241">rabbit</span>
        </annotation>
        <annotation annotator="Mike Bada" id="organism_Instance_270357" type="identity">
            <class id="NCBITaxon:10088" label="Mus"/>
            <span end="28345" id="17590087-14294" start="28340">mouse</span>
        </annotation>
        <annotation annotator="Mike Bada" id="organism_Instance_64766" type="identity">
            <class id="NCBITaxon:10088" label="Mus"/>
            <span end="28594" id="17590087-14442" start="28590">mice</span>
        </annotation>
        <annotation annotator="Mike Bada" id="organism_Instance_64771" type="identity">
            <class id="NCBITaxon:10088" label="Mus"/>
            <span end="28713" id="17590087-14444" start="28709">mice</span>
        </annotation>
        <annotation annotator="Mike Bada" id="organism_Instance_64776" type="identity">
            <class id="NCBITaxon:10088" label="Mus"/>
            <span end="28792" id="17590087-14446" start="28788">mice</span>
        </annotation>
        <annotation annotator="Mike Bada" id="organism_Instance_64781" type="identity">
            <class id="NCBITaxon:10088" label="Mus"/>
            <span end="28846" id="17590087-14448" start="28842">mice</span>
        </annotation>
        <annotation annotator="Mike Bada" id="organism_Instance_270362" type="identity">
            <class id="NCBITaxon:1" label="root"/>
            <span end="30094" id="17590087-14296" start="30083">individuals</span>
        </annotation>
        <annotation annotator="Mike Bada" id="organism_Instance_270367" type="identity">
            <class id="NCBITaxon:1" label="root"/>
            <span end="30132" id="17590087-14298" start="30121">individuals</span>
        </annotation>
        <annotation annotator="Mike Bada" id="organism_Instance_270372" type="identity">
            <class id="NCBITaxon:1" label="root"/>
            <span end="30974" id="17590087-14300" start="30963">individuals</span>
        </annotation>
        <annotation annotator="Mike Bada" id="organism_Instance_270377" type="identity">
            <class id="NCBITaxon:10376" label="Human gammaherpesvirus 4"/>
            <span end="31296" id="17590087-14302" start="31293">EBV</span>
        </annotation>
        <annotation annotator="Mike Bada" id="organism_Instance_270382" type="identity">
            <class id="NCBITaxon:10376" label="Human gammaherpesvirus 4"/>
            <span end="31402" id="17590087-14304" start="31399">EBV</span>
        </annotation>
        <annotation annotator="Mike Bada" id="organism_Instance_64796" type="identity">
            <class id="NCBITaxon:9606" label="Homo sapiens"/>
            <span end="32568" id="17590087-14450" start="32563">Human</span>
        </annotation>
        <graph-space id="Old Knowtator Relations"/>
    </document>
</knowtator-project>
