<?xml version="1.0" encoding="UTF-8" standalone="no"?>
<knowtator-project>
  <document id="17696610" text-file="17696610.txt">
    <annotation annotator="Mike Bada" id="organism_Instance_270549" type="identity">
      <class id="NCBITaxon:10088" label="Mus"/>
      <span end="5" id="17696610-14572" start="0">Mouse</span>
    </annotation>
    <annotation annotator="Mike Bada" id="organism_Instance_65781" type="identity">
      <class id="NCBITaxon:40674" label="Mammalia"/>
      <span end="127" id="17696610-14638" start="118">mammalian</span>
    </annotation>
    <annotation annotator="Mike Bada" id="organism_Instance_65786" type="identity">
      <class id="NCBITaxon:2759" label="Eukaryota"/>
      <span end="220" id="17696610-14640" start="210">eukaryotes</span>
    </annotation>
    <annotation annotator="Mike Bada" id="organism_Instance_65791" type="identity">
      <class id="NCBITaxon:40674" label="Mammalia"/>
      <span end="231" id="17696610-14642" start="222">mammalian</span>
    </annotation>
    <annotation annotator="Mike Bada" id="organism_Instance_65801" type="identity">
      <class id="NCBITaxon:10088" label="Mus"/>
      <span end="329" id="17696610-14644" start="324">mouse</span>
    </annotation>
    <annotation annotator="Mike Bada" id="organism_Instance_270554" type="identity">
      <class id="NCBITaxon:4932" label="Saccharomyces cerevisiae"/>
      <span end="459" id="17696610-14574" start="435">Saccharomyces cerevisiae</span>
    </annotation>
    <annotation annotator="Mike Bada" id="organism_Instance_270559" type="identity">
      <class id="NCBITaxon:6239" label="Caenorhabditis elegans"/>
      <span end="486" id="17696610-14576" start="464">Caenorhabditis elegans</span>
    </annotation>
    <annotation annotator="Mike Bada" id="organism_Instance_65806" type="identity">
      <class id="NCBITaxon:10088" label="Mus"/>
      <span end="562" id="17696610-14646" start="558">mice</span>
    </annotation>
    <annotation annotator="Mike Bada" id="organism_Instance_65811" type="identity">
      <class id="NCBITaxon:10088" label="Mus"/>
      <span end="1171" id="17696610-14648" start="1167">mice</span>
    </annotation>
    <annotation annotator="Mike Bada" id="organism_Instance_65816" type="identity">
      <class id="NCBITaxon:40674" label="Mammalia"/>
      <span end="1439" id="17696610-14650" start="1430">mammalian</span>
    </annotation>
    <annotation annotator="Mike Bada" id="organism_Instance_65821" type="identity">
      <class id="NCBITaxon:10088" label="Mus"/>
      <span end="1567" id="17696610-14652" start="1563">mice</span>
    </annotation>
    <annotation annotator="Mike Bada" id="organism_Instance_270564" type="identity">
      <class id="NCBITaxon:1" label="root"/>
      <span end="1714" id="17696610-14578" start="1704">individual</span>
    </annotation>
    <annotation annotator="Mike Bada" id="organism_Instance_65826" type="identity">
      <class id="NCBITaxon:1" label="root"/>
      <span end="2084" id="17696610-14654" start="2075">organisms</span>
    </annotation>
    <annotation annotator="Mike Bada" id="organism_Instance_65836" type="identity">
      <class id="NCBITaxon:10088" label="Mus"/>
      <span end="2334" id="17696610-14656" start="2329">mouse</span>
    </annotation>
    <annotation annotator="Mike Bada" id="organism_Instance_65841" type="identity">
      <class id="NCBITaxon:1" label="root"/>
      <span end="2375" id="17696610-14658" start="2366">organisms</span>
    </annotation>
    <annotation annotator="Mike Bada" id="organism_Instance_65846" type="identity">
      <class id="NCBITaxon:33208" label="Metazoa"/>
      <span end="2678" id="17696610-14660" start="2671">animals</span>
    </annotation>
    <annotation annotator="Mike Bada" id="organism_Instance_65851" type="identity">
      <class id="NCBITaxon:4892" label="Saccharomycetales"/>
      <span end="3407" id="17696610-14662" start="3394">budding yeast</span>
    </annotation>
    <annotation annotator="Mike Bada" id="organism_Instance_65856" type="identity">
      <class id="NCBITaxon:40674" label="Mammalia"/>
      <span end="3419" id="17696610-14664" start="3412">mammals</span>
    </annotation>
    <annotation annotator="Mike Bada" id="organism_Instance_65861" type="identity">
      <class id="NCBITaxon:1" label="root"/>
      <span end="4040" id="17696610-14666" start="4031">organisms</span>
    </annotation>
    <annotation annotator="Mike Bada" id="organism_Instance_270569" type="identity">
      <class id="NCBITaxon:4932" label="Saccharomyces cerevisiae"/>
      <span end="4065" id="17696610-14580" start="4052">S. cerevisiae</span>
    </annotation>
    <annotation annotator="Mike Bada" id="organism_Instance_65866" type="identity">
      <class id="NCBITaxon:7227" label="Drosophila melanogaster"/>
      <span end="4090" id="17696610-14668" start="4067">Drosophila melanogaster</span>
    </annotation>
    <annotation annotator="Mike Bada" id="organism_Instance_270574" type="identity">
      <class id="NCBITaxon:6239" label="Caenorhabditis elegans"/>
      <span end="4102" id="17696610-14582" start="4092">C. elegans</span>
    </annotation>
    <annotation annotator="Mike Bada" id="organism_Instance_65871" type="identity">
      <class id="NCBITaxon:10088" label="Mus"/>
      <span end="4112" id="17696610-14670" start="4108">mice</span>
    </annotation>
    <annotation annotator="Mike Bada" id="organism_Instance_270579" type="identity">
      <class id="NCBITaxon:4932" label="Saccharomyces cerevisiae"/>
      <span end="4389" id="17696610-14584" start="4376">S. cerevisiae</span>
    </annotation>
    <annotation annotator="Mike Bada" id="organism_Instance_270587" type="identity">
      <class id="NCBITaxon:3702" label="Arabidopsis thaliana"/>
      <span end="4621" id="17696610-14586" start="4601">Arabidopsis thaliana</span>
    </annotation>
    <annotation annotator="Mike Bada" id="organism_Instance_65881" type="identity">
      <class id="NCBITaxon:7215" label="Drosophila"/>
      <span end="4719" id="17696610-14672" start="4709">Drosophila</span>
    </annotation>
    <annotation annotator="Mike Bada" id="organism_Instance_270592" type="identity">
      <class id="NCBITaxon:4932" label="Saccharomyces cerevisiae"/>
      <span end="4828" id="17696610-14588" start="4815">S. cerevisiae</span>
    </annotation>
    <annotation annotator="Mike Bada" id="organism_Instance_270600" type="identity">
      <class id="NCBITaxon:6239" label="Caenorhabditis elegans"/>
      <span end="4843" id="17696610-14590" start="4833">C. elegans</span>
    </annotation>
    <annotation annotator="Mike Bada" id="organism_Instance_65891" type="identity">
      <class id="NCBITaxon:10088" label="Mus"/>
      <span end="4903" id="17696610-14674" start="4899">mice</span>
    </annotation>
    <annotation annotator="Mike Bada" id="organism_Instance_65896" type="identity">
      <class id="NCBITaxon:10088" label="Mus"/>
      <span end="5221" id="17696610-14676" start="5217">mice</span>
    </annotation>
    <annotation annotator="Mike Bada" id="organism_Instance_65901" type="identity">
      <class id="NCBITaxon:40674" label="Mammalia"/>
      <span end="5590" id="17696610-14678" start="5583">mammals</span>
    </annotation>
    <annotation annotator="Mike Bada" id="organism_Instance_270609" type="identity">
      <class id="NCBITaxon:4932" label="Saccharomyces cerevisiae"/>
      <span end="5748" id="17696610-14592" start="5735">S. cerevisiae</span>
    </annotation>
    <annotation annotator="Mike Bada" id="organism_Instance_65911" type="identity">
      <class id="NCBITaxon:1" label="root"/>
      <span end="6014" id="17696610-14680" start="6005">organisms</span>
    </annotation>
    <annotation annotator="Mike Bada" id="organism_Instance_270624" type="identity">
      <class id="NCBITaxon:9606" label="Homo sapiens"/>
      <span end="6204" id="17696610-14594" start="6198">humans</span>
    </annotation>
    <annotation annotator="Mike Bada" id="organism_Instance_65926" type="identity">
      <class id="NCBITaxon:10088" label="Mus"/>
      <span end="6234" id="17696610-14682" start="6230">mice</span>
    </annotation>
    <annotation annotator="Mike Bada" id="organism_Instance_65931" type="identity">
      <class id="NCBITaxon:40674" label="Mammalia"/>
      <span end="6564" id="17696610-14684" start="6555">Mammalian</span>
    </annotation>
    <annotation annotator="Mike Bada" id="organism_Instance_65936" type="identity">
      <class id="NCBITaxon:40674" label="Mammalia"/>
      <span end="6636" id="17696610-14686" start="6627">mammalian</span>
    </annotation>
    <annotation annotator="Mike Bada" id="organism_Instance_65946" type="identity">
      <class id="NCBITaxon:40674" label="Mammalia"/>
      <span end="6915" id="17696610-14688" start="6906">mammalian</span>
    </annotation>
    <annotation annotator="Mike Bada" id="organism_Instance_65951" type="identity">
      <class id="NCBITaxon:3193" label="Embryophyta"/>
      <span end="6955" id="17696610-14690" start="6949">plants</span>
    </annotation>
    <annotation annotator="Mike Bada" id="organism_Instance_65956" type="identity">
      <class id="NCBITaxon:7147" label="Diptera"/>
      <span end="7027" id="17696610-14692" start="7022">flies</span>
    </annotation>
    <annotation annotator="Mike Bada" id="organism_Instance_65961" type="identity">
      <class id="NCBITaxon:10088" label="Mus"/>
      <span end="7250" id="17696610-14694" start="7245">mouse</span>
    </annotation>
    <annotation annotator="Mike Bada" id="organism_Instance_65966" type="identity">
      <class id="NCBITaxon:9606" label="Homo sapiens"/>
      <span end="7260" id="17696610-14696" start="7255">human</span>
    </annotation>
    <annotation annotator="Mike Bada" id="organism_Instance_65971" type="identity">
      <class id="NCBITaxon:9606" label="Homo sapiens"/>
      <span end="7367" id="17696610-14698" start="7362">human</span>
    </annotation>
    <annotation annotator="Mike Bada" id="organism_Instance_65976" type="identity">
      <class id="NCBITaxon:10088" label="Mus"/>
      <span end="7377" id="17696610-14700" start="7372">mouse</span>
    </annotation>
    <annotation annotator="Mike Bada" id="organism_Instance_65981" type="identity">
      <class id="NCBITaxon:10088" label="Mus"/>
      <span end="7412" id="17696610-14702" start="7407">Mouse</span>
    </annotation>
    <annotation annotator="Mike Bada" id="organism_Instance_65986" type="identity">
      <class id="NCBITaxon:2759" label="Eukaryota"/>
      <span end="7877" id="17696610-14704" start="7867">eukaryotic</span>
    </annotation>
    <annotation annotator="Mike Bada" id="organism_Instance_270640" type="identity">
      <class id="NCBITaxon:33511" label="Deuterostomia"/>
      <span end="7927" id="17696610-14596" start="7914">deuterostomia</span>
    </annotation>
    <annotation annotator="Mike Bada" id="organism_Instance_65996" type="identity">
      <class id="NCBITaxon:3193" label="Embryophyta"/>
      <span end="7943" id="17696610-14706" start="7937">plants</span>
    </annotation>
    <annotation annotator="Mike Bada" id="organism_Instance_270645" type="identity">
      <class id="NCBITaxon:33317" label="Protostomia"/>
      <span end="7965" id="17696610-14598" start="7954">protostomia</span>
    </annotation>
    <annotation annotator="Mike Bada" id="organism_Instance_66001" type="identity">
      <class id="NCBITaxon:4751" label="Fungi"/>
      <span end="7986" id="17696610-14708" start="7981">fungi</span>
    </annotation>
    <annotation annotator="Mike Bada" id="organism_Instance_66006" type="identity">
      <class id="NCBITaxon:9031" label="Gallus gallus"/>
      <span end="8843" id="17696610-14710" start="8836">chicken</span>
    </annotation>
    <annotation annotator="Mike Bada" id="organism_Instance_270650" type="identity">
      <class id="NCBITaxon:9031" label="Gallus gallus"/>
      <span end="8902" id="17696610-14600" start="8895">chicken</span>
    </annotation>
    <annotation annotator="Mike Bada" id="organism_Instance_270655" type="identity">
      <class id="NCBITaxon:10088" label="Mus"/>
      <span end="9665" id="17696610-14602" start="9661">Mice</span>
    </annotation>
    <annotation annotator="Mike Bada" id="organism_Instance_66016" type="identity">
      <class id="NCBITaxon:40674" label="Mammalia"/>
      <span end="9711" id="17696610-14712" start="9704">mammals</span>
    </annotation>
    <annotation annotator="Mike Bada" id="organism_Instance_66021" type="identity">
      <class id="NCBITaxon:10088" label="Mus"/>
      <span end="9730" id="17696610-14714" start="9726">mice</span>
    </annotation>
    <annotation annotator="Mike Bada" id="organism_Instance_66026" type="identity">
      <class id="NCBITaxon:10088" label="Mus"/>
      <span end="10034" id="17696610-14716" start="10030">mice</span>
    </annotation>
    <annotation annotator="Mike Bada" id="organism_Instance_66031" type="identity">
      <class id="NCBITaxon:33208" label="Metazoa"/>
      <span end="10175" id="17696610-14718" start="10168">animals</span>
    </annotation>
    <annotation annotator="Mike Bada" id="organism_Instance_66036" type="identity">
      <class id="NCBITaxon:10088" label="Mus"/>
      <span end="10410" id="17696610-14720" start="10406">Mice</span>
    </annotation>
    <annotation annotator="Mike Bada" id="organism_Instance_66041" type="identity">
      <class id="NCBITaxon:10088" label="Mus"/>
      <span end="10636" id="17696610-14722" start="10631">mouse</span>
    </annotation>
    <annotation annotator="Mike Bada" id="organism_Instance_66046" type="identity">
      <class id="NCBITaxon:9031" label="Gallus gallus"/>
      <span end="12165" id="17696610-14724" start="12158">chicken</span>
    </annotation>
    <annotation annotator="Mike Bada" id="organism_Instance_270660" type="identity">
      <class id="NCBITaxon:6239" label="Caenorhabditis elegans"/>
      <span end="16204" id="17696610-14604" start="16194">C. elegans</span>
    </annotation>
    <annotation annotator="Mike Bada" id="organism_Instance_66071" type="identity">
      <class id="NCBITaxon:10088" label="Mus"/>
      <span end="24720" id="17696610-14726" start="24716">mice</span>
    </annotation>
    <annotation annotator="Mike Bada" id="organism_Instance_66076" type="identity">
      <class id="NCBITaxon:10088" label="Mus"/>
      <span end="25335" id="17696610-14728" start="25331">mice</span>
    </annotation>
    <annotation annotator="Mike Bada" id="organism_Instance_270666" type="identity">
      <class id="NCBITaxon:6239" label="Caenorhabditis elegans"/>
      <span end="25570" id="17696610-14606" start="25560">C. elegans</span>
    </annotation>
    <annotation annotator="Mike Bada" id="organism_Instance_66081" type="identity">
      <class id="NCBITaxon:10088" label="Mus"/>
      <span end="25588" id="17696610-14730" start="25584">mice</span>
    </annotation>
    <annotation annotator="Mike Bada" id="organism_Instance_66086" type="identity">
      <class id="NCBITaxon:1" label="root"/>
      <span end="25759" id="17696610-14732" start="25750">organisms</span>
    </annotation>
    <annotation annotator="Mike Bada" id="organism_Instance_66091" type="identity">
      <class id="NCBITaxon:10088" label="Mus"/>
      <span end="25775" id="17696610-14734" start="25771">mice</span>
    </annotation>
    <annotation annotator="Mike Bada" id="organism_Instance_270671" type="identity">
      <class id="NCBITaxon:6239" label="Caenorhabditis elegans"/>
      <span end="25795" id="17696610-14608" start="25785">C. elegans</span>
    </annotation>
    <annotation annotator="Mike Bada" id="organism_Instance_66096" type="identity">
      <class id="NCBITaxon:10088" label="Mus"/>
      <span end="25911" id="17696610-14736" start="25907">mice</span>
    </annotation>
    <annotation annotator="Mike Bada" id="organism_Instance_66101" type="identity">
      <class id="NCBITaxon:10088" label="Mus"/>
      <span end="26835" id="17696610-14738" start="26831">mice</span>
    </annotation>
    <annotation annotator="Mike Bada" id="organism_Instance_270680" type="identity">
      <class id="NCBITaxon:7742" label="Vertebrata"/>
      <span end="26868" id="17696610-14610" start="26858">vertebrate</span>
    </annotation>
    <annotation annotator="Mike Bada" id="organism_Instance_66111" type="identity">
      <class id="NCBITaxon:10088" label="Mus"/>
      <span end="27456" id="17696610-14740" start="27451">mouse</span>
    </annotation>
    <annotation annotator="Mike Bada" id="organism_Instance_66121" type="identity">
      <class id="NCBITaxon:10088" label="Mus"/>
      <span end="28652" id="17696610-14742" start="28648">mice</span>
    </annotation>
    <annotation annotator="Mike Bada" id="organism_Instance_66131" type="identity">
      <class id="NCBITaxon:10088" label="Mus"/>
      <span end="29144" id="17696610-14744" start="29140">mice</span>
    </annotation>
    <annotation annotator="Mike Bada" id="organism_Instance_66136" type="identity">
      <class id="NCBITaxon:33208" label="Metazoa"/>
      <span end="29168" id="17696610-14746" start="29161">animals</span>
    </annotation>
    <annotation annotator="Mike Bada" id="organism_Instance_66141" type="identity">
      <class id="NCBITaxon:10088" label="Mus"/>
      <span end="29222" id="17696610-14748" start="29218">mice</span>
    </annotation>
    <annotation annotator="Mike Bada" id="organism_Instance_66146" type="identity">
      <class id="NCBITaxon:10088" label="Mus"/>
      <span end="30540" id="17696610-14750" start="30536">mice</span>
    </annotation>
    <annotation annotator="Mike Bada" id="organism_Instance_270685" type="identity">
      <class id="NCBITaxon:4932" label="Saccharomyces cerevisiae"/>
      <span end="30762" id="17696610-14612" start="30749">S. cerevisiae</span>
    </annotation>
    <annotation annotator="Mike Bada" id="organism_Instance_66156" type="identity">
      <class id="NCBITaxon:40674" label="Mammalia"/>
      <span end="31089" id="17696610-14752" start="31080">mammalian</span>
    </annotation>
    <annotation annotator="Mike Bada" id="organism_Instance_66161" type="identity">
      <class id="NCBITaxon:10088" label="Mus"/>
      <span end="31180" id="17696610-14754" start="31175">mouse</span>
    </annotation>
    <annotation annotator="Mike Bada" id="organism_Instance_66166" type="identity">
      <class id="NCBITaxon:10088" label="Mus"/>
      <span end="31281" id="17696610-14756" start="31276">mouse</span>
    </annotation>
    <annotation annotator="Mike Bada" id="organism_Instance_270690" type="identity">
      <class id="NCBITaxon:6239" label="Caenorhabditis elegans"/>
      <span end="31361" id="17696610-14614" start="31351">C. elegans</span>
    </annotation>
    <annotation annotator="Mike Bada" id="organism_Instance_66171" type="identity">
      <class id="NCBITaxon:40674" label="Mammalia"/>
      <span end="31455" id="17696610-14758" start="31446">mammalian</span>
    </annotation>
    <annotation annotator="Mike Bada" id="organism_Instance_66176" type="identity">
      <class id="NCBITaxon:10088" label="Mus"/>
      <span end="31521" id="17696610-14760" start="31517">mice</span>
    </annotation>
    <annotation annotator="Mike Bada" id="organism_Instance_270695" type="identity">
      <class id="NCBITaxon:4932" label="Saccharomyces cerevisiae"/>
      <span end="31981" id="17696610-14616" start="31968">S. cerevisiae</span>
    </annotation>
    <annotation annotator="Mike Bada" id="organism_Instance_66181" type="identity">
      <class id="NCBITaxon:10088" label="Mus"/>
      <span end="32126" id="17696610-14762" start="32122">Mice</span>
    </annotation>
    <annotation annotator="Mike Bada" id="organism_Instance_66201" type="identity">
      <class id="NCBITaxon:10088" label="Mus"/>
      <span end="32662" id="17696610-14764" start="32658">mice</span>
    </annotation>
    <annotation annotator="Mike Bada" id="organism_Instance_66206" type="identity">
      <class id="NCBITaxon:10088" label="Mus"/>
      <span end="32817" id="17696610-14766" start="32813">mice</span>
    </annotation>
    <annotation annotator="Mike Bada" id="organism_Instance_66211" type="identity">
      <class id="NCBITaxon:4892" label="Saccharomycetales"/>
      <span end="32922" id="17696610-14768" start="32909">budding yeast</span>
    </annotation>
    <annotation annotator="Mike Bada" id="organism_Instance_66236" type="identity">
      <class id="NCBITaxon:33208" label="Metazoa"/>
      <span end="34457" id="17696610-14770" start="34450">animals</span>
    </annotation>
    <annotation annotator="Mike Bada" id="organism_Instance_66241" type="identity">
      <class id="NCBITaxon:40674" label="Mammalia"/>
      <span end="35179" id="17696610-14772" start="35170">mammalian</span>
    </annotation>
    <annotation annotator="Mike Bada" id="organism_Instance_66246" type="identity">
      <class id="NCBITaxon:10114" label="Rattus"/>
      <span end="35929" id="17696610-14774" start="35926">rat</span>
    </annotation>
    <annotation annotator="Mike Bada" id="organism_Instance_66251" type="identity">
      <class id="NCBITaxon:10088" label="Mus"/>
      <span end="36571" id="17696610-14776" start="36567">mice</span>
    </annotation>
    <annotation annotator="Mike Bada" id="organism_Instance_66256" type="identity">
      <class id="NCBITaxon:2759" label="Eukaryota"/>
      <span end="36759" id="17696610-14778" start="36749">eukaryotic</span>
    </annotation>
    <annotation annotator="Mike Bada" id="organism_Instance_66261" type="identity">
      <class id="NCBITaxon:10088" label="Mus"/>
      <span end="36891" id="17696610-14780" start="36887">mice</span>
    </annotation>
    <annotation annotator="Mike Bada" id="organism_Instance_270705" type="identity">
      <class id="NCBITaxon:3702" label="Arabidopsis thaliana"/>
      <span end="37025" id="17696610-14618" start="37014">A. thaliana</span>
    </annotation>
    <annotation annotator="Mike Bada" id="organism_Instance_66266" type="identity">
      <class id="NCBITaxon:1" label="root"/>
      <span end="37147" id="17696610-14782" start="37138">organisms</span>
    </annotation>
    <annotation annotator="Mike Bada" id="organism_Instance_66271" type="identity">
      <class id="NCBITaxon:10088" label="Mus"/>
      <span end="37160" id="17696610-14784" start="37156">mice</span>
    </annotation>
    <annotation annotator="Mike Bada" id="organism_Instance_66276" type="identity">
      <class id="NCBITaxon:4892" label="Saccharomycetales"/>
      <span end="37175" id="17696610-14786" start="37162">budding yeast</span>
    </annotation>
    <annotation annotator="Mike Bada" id="organism_Instance_66281" type="identity">
      <class id="NCBITaxon:7215" label="Drosophila"/>
      <span end="37198" id="17696610-14788" start="37188">Drosophila</span>
    </annotation>
    <annotation annotator="Mike Bada" id="organism_Instance_66286" type="identity">
      <class id="NCBITaxon:40674" label="Mammalia"/>
      <span end="37221" id="17696610-14790" start="37212">mammalian</span>
    </annotation>
    <annotation annotator="Mike Bada" id="organism_Instance_270710" type="identity">
      <class id="NCBITaxon:3701" label="Arabidopsis"/>
      <span end="37259" id="17696610-14620" start="37248">Arabidopsis</span>
    </annotation>
    <annotation annotator="Mike Bada" id="organism_Instance_66291" type="identity">
      <class id="NCBITaxon:7147" label="Diptera"/>
      <span end="37277" id="17696610-14792" start="37274">fly</span>
    </annotation>
    <annotation annotator="Mike Bada" id="organism_Instance_66296" type="identity">
      <class id="NCBITaxon:40674" label="Mammalia"/>
      <span end="37357" id="17696610-14794" start="37348">mammalian</span>
    </annotation>
    <annotation annotator="Mike Bada" id="organism_Instance_66301" type="identity">
      <class id="NCBITaxon:3193" label="Embryophyta"/>
      <span end="37367" id="17696610-14796" start="37362">plant</span>
    </annotation>
    <annotation annotator="Mike Bada" id="organism_Instance_66306" type="identity">
      <class id="NCBITaxon:3193" label="Embryophyta"/>
      <span end="37513" id="17696610-14798" start="37507">plants</span>
    </annotation>
    <annotation annotator="Mike Bada" id="organism_Instance_66311" type="identity">
      <class id="NCBITaxon:33208" label="Metazoa"/>
      <span end="37641" id="17696610-14800" start="37634">animals</span>
    </annotation>
    <annotation annotator="Mike Bada" id="organism_Instance_66316" type="identity">
      <class id="NCBITaxon:4751" label="Fungi"/>
      <span end="37648" id="17696610-14802" start="37643">fungi</span>
    </annotation>
    <annotation annotator="Mike Bada" id="organism_Instance_66321" type="identity">
      <class id="NCBITaxon:3193" label="Embryophyta"/>
      <span end="37660" id="17696610-14804" start="37654">plants</span>
    </annotation>
    <annotation annotator="Mike Bada" id="organism_Instance_66326" type="identity">
      <class id="NCBITaxon:4892" label="Saccharomycetales"/>
      <span end="37923" id="17696610-14806" start="37910">budding yeast</span>
    </annotation>
    <annotation annotator="Mike Bada" id="organism_Instance_66331" type="identity">
      <class id="NCBITaxon:1" label="root"/>
      <span end="37999" id="17696610-14808" start="37990">organisms</span>
    </annotation>
    <annotation annotator="Mike Bada" id="organism_Instance_66336" type="identity">
      <class id="NCBITaxon:10088" label="Mus"/>
      <span end="38066" id="17696610-14810" start="38062">mice</span>
    </annotation>
    <annotation annotator="Mike Bada" id="organism_Instance_66351" type="identity">
      <class id="NCBITaxon:10088" label="Mus"/>
      <span end="38443" id="17696610-14812" start="38439">mice</span>
    </annotation>
    <annotation annotator="Mike Bada" id="organism_Instance_66356" type="identity">
      <class id="NCBITaxon:40674" label="Mammalia"/>
      <span end="38475" id="17696610-14814" start="38466">mammalian</span>
    </annotation>
    <annotation annotator="Mike Bada" id="organism_Instance_66361" type="identity">
      <class id="NCBITaxon:10088" label="Mus"/>
      <span end="38929" id="17696610-14816" start="38925">mice</span>
    </annotation>
    <annotation annotator="Mike Bada" id="organism_Instance_66371" type="identity">
      <class id="NCBITaxon:40674" label="Mammalia"/>
      <span end="39073" id="17696610-14818" start="39064">mammalian</span>
    </annotation>
    <annotation annotator="Mike Bada" id="organism_Instance_66376" type="identity">
      <class id="NCBITaxon:1" label="root"/>
      <span end="39156" id="17696610-14820" start="39147">organisms</span>
    </annotation>
    <annotation annotator="Mike Bada" id="organism_Instance_66386" type="identity">
      <class id="NCBITaxon:10088" label="Mus"/>
      <span end="39326" id="17696610-14822" start="39321">Mouse</span>
    </annotation>
    <annotation annotator="Mike Bada" id="organism_Instance_66391" type="identity">
      <class id="NCBITaxon:10088" label="Mus"/>
      <span end="39699" id="17696610-14824" start="39695">mice</span>
    </annotation>
    <annotation annotator="Mike Bada" id="organism_Instance_66396" type="identity">
      <class id="NCBITaxon:10088" label="Mus"/>
      <span end="39711" id="17696610-14826" start="39706">mouse</span>
    </annotation>
    <annotation annotator="Mike Bada" id="organism_Instance_66401" type="identity">
      <class id="NCBITaxon:10088" label="Mus"/>
      <span end="40534" id="17696610-14828" start="40530">mice</span>
    </annotation>
    <annotation annotator="Mike Bada" id="organism_Instance_66406" type="identity">
      <class id="NCBITaxon:9031" label="Gallus gallus"/>
      <span end="42002" id="17696610-14830" start="41995">chicken</span>
    </annotation>
    <annotation annotator="Mike Bada" id="organism_Instance_66411" type="identity">
      <class id="NCBITaxon:9031" label="Gallus gallus"/>
      <span end="42140" id="17696610-14832" start="42132">chickens</span>
    </annotation>
    <annotation annotator="Mike Bada" id="organism_Instance_66416" type="identity">
      <class id="NCBITaxon:9031" label="Gallus gallus"/>
      <span end="42260" id="17696610-14834" start="42253">Chicken</span>
    </annotation>
    <annotation annotator="Mike Bada" id="organism_Instance_66421" type="identity">
      <class id="NCBITaxon:9986" label="Oryctolagus cuniculus"/>
      <span end="42633" id="17696610-14836" start="42627">rabbit</span>
    </annotation>
    <annotation annotator="Mike Bada" id="organism_Instance_270735" type="identity">
      <class id="NCBITaxon:9606" label="Homo sapiens"/>
      <span end="42644" id="17696610-14622" start="42639">human</span>
    </annotation>
    <annotation annotator="Mike Bada" id="organism_Instance_66426" type="identity">
      <class id="NCBITaxon:9986" label="Oryctolagus cuniculus"/>
      <span end="42910" id="17696610-14838" start="42904">rabbit</span>
    </annotation>
    <annotation annotator="Mike Bada" id="organism_Instance_270740" type="identity">
      <class id="NCBITaxon:9031" label="Gallus gallus"/>
      <span end="42923" id="17696610-14624" start="42916">chicken</span>
    </annotation>
    <annotation annotator="Mike Bada" id="organism_Instance_66431" type="identity">
      <class id="NCBITaxon:3704" label="Armoracia rusticana"/>
      <span end="42939" id="17696610-14840" start="42928">horseradish</span>
    </annotation>
    <annotation annotator="Mike Bada" id="organism_Instance_66436" type="identity">
      <class id="NCBITaxon:10088" label="Mus"/>
      <span end="44288" id="17696610-14842" start="44283">mouse</span>
    </annotation>
    <annotation annotator="Mike Bada" id="organism_Instance_66441" type="identity">
      <class id="NCBITaxon:9986" label="Oryctolagus cuniculus"/>
      <span end="44343" id="17696610-14844" start="44337">rabbit</span>
    </annotation>
    <annotation annotator="Mike Bada" id="organism_Instance_66446" type="identity">
      <class id="NCBITaxon:9986" label="Oryctolagus cuniculus"/>
      <span end="44401" id="17696610-14846" start="44395">rabbit</span>
    </annotation>
    <annotation annotator="Mike Bada" id="organism_Instance_66451" type="identity">
      <class id="NCBITaxon:9986" label="Oryctolagus cuniculus"/>
      <span end="44451" id="17696610-14848" start="44445">rabbit</span>
    </annotation>
    <annotation annotator="Mike Bada" id="organism_Instance_66456" type="identity">
      <class id="NCBITaxon:9986" label="Oryctolagus cuniculus"/>
      <span end="44598" id="17696610-14850" start="44592">rabbit</span>
    </annotation>
    <annotation annotator="Mike Bada" id="organism_Instance_66461" type="identity">
      <class id="NCBITaxon:9986" label="Oryctolagus cuniculus"/>
      <span end="44673" id="17696610-14852" start="44667">rabbit</span>
    </annotation>
    <annotation annotator="Mike Bada" id="organism_Instance_66466" type="identity">
      <class id="NCBITaxon:9986" label="Oryctolagus cuniculus"/>
      <span end="44729" id="17696610-14854" start="44723">rabbit</span>
    </annotation>
    <annotation annotator="Mike Bada" id="organism_Instance_270745" type="identity">
      <class id="NCBITaxon:10088" label="Mus"/>
      <span end="44776" id="17696610-14626" start="44771">mouse</span>
    </annotation>
    <annotation annotator="Mike Bada" id="organism_Instance_270750" type="identity">
      <class id="NCBITaxon:9606" label="Homo sapiens"/>
      <span end="44787" id="17696610-14628" start="44782">human</span>
    </annotation>
    <annotation annotator="Mike Bada" id="organism_Instance_270755" type="identity">
      <class id="NCBITaxon:9986" label="Oryctolagus cuniculus"/>
      <span end="44853" id="17696610-14630" start="44847">rabbit</span>
    </annotation>
    <annotation annotator="Mike Bada" id="organism_Instance_270760" type="identity">
      <class id="NCBITaxon:10088" label="Mus"/>
      <span end="44906" id="17696610-14632" start="44901">mouse</span>
    </annotation>
    <annotation annotator="Mike Bada" id="organism_Instance_270765" type="identity">
      <class id="NCBITaxon:9986" label="Oryctolagus cuniculus"/>
      <span end="44972" id="17696610-14634" start="44966">rabbit</span>
    </annotation>
    <annotation annotator="Mike Bada" id="organism_Instance_270770" type="identity">
      <class id="NCBITaxon:9986" label="Oryctolagus cuniculus"/>
      <span end="45027" id="17696610-14636" start="45021">rabbit</span>
    </annotation>
    <annotation annotator="Mike Bada" id="organism_Instance_66471" type="identity">
      <class id="NCBITaxon:10088" label="Mus"/>
      <span end="45447" id="17696610-14856" start="45443">mice</span>
    </annotation>
    <annotation annotator="Mike Bada" id="organism_Instance_66476" type="identity">
      <class id="NCBITaxon:10088" label="Mus"/>
      <span end="46509" id="17696610-14858" start="46504">Mouse</span>
    </annotation>
    <annotation annotator="Mike Bada" id="organism_Instance_66481" type="identity">
      <class id="NCBITaxon:10088" label="Mus"/>
      <span end="47421" id="17696610-14860" start="47417">mice</span>
    </annotation>
    <graph-space id="Old Knowtator Relations"/>
  </document>
</knowtator-project>
