<?xml version="1.0" encoding="UTF-8" standalone="no"?>
<knowtator-project>
  <document id="11897010" text-file="11897010.txt">
    <annotation annotator="Mike Bada, University of Colorado Anschutz Medical Campus" id="CHEBI_2015_08_26_Instance_25351" type="identity">
      <class id="CHEBI:36916" label="cation"/>
      <span end="407" id="11897010-112" start="401">cation</span>
    </annotation>
    <annotation annotator="Mike Bada, University of Colorado Anschutz Medical Campus" id="CHEBI_2015_08_26_Instance_25365" type="identity">
      <class id="CHEBI:24870" label="ion"/>
      <span end="1131" id="11897010-114" start="1128">ion</span>
    </annotation>
    <annotation annotator="Mike Bada, University of Colorado Anschutz Medical Campus" id="CHEBI_2015_08_26_Instance_10223" type="identity">
      <class id="CHEBI:37395" label="mucopolysaccharide"/>
      <span end="2052" id="11897010-106" start="2034">mucopolysaccharide</span>
    </annotation>
    <annotation annotator="Mike Bada, University of Colorado Anschutz Medical Campus" id="CHEBI_2015_08_26_Instance_90088" type="identity">
      <class id="CHEBI:10545" label="electron"/>
      <span end="2244" id="11897010-126" start="2236">electron</span>
    </annotation>
    <annotation annotator="Mike Bada, University of Colorado Anschutz Medical Campus" id="CHEBI_2015_08_26_Instance_14633" type="identity">
      <class id="CHEBI:36916" label="cation"/>
      <span end="2687" id="11897010-110" start="2681">cation</span>
    </annotation>
    <annotation annotator="Mike Bada, University of Colorado Anschutz Medical Campus" id="CHEBI_2015_08_26_Instance_330686" type="identity">
      <class id="CHEBI:33695" label="information biomacromolecule"/>
      <span end="7218" id="11897010-122" start="7211">message</span>
    </annotation>
    <annotation annotator="Mike Bada, University of Colorado Anschutz Medical Campus" id="CHEBI_2015_08_26_Instance_330688" type="identity">
      <class id="CHEBI:33695" label="information biomacromolecule"/>
      <span end="9567" id="11897010-124" start="9560">message</span>
    </annotation>
    <annotation annotator="Mike Bada, University of Colorado Anschutz Medical Campus" id="CHEBI_2015_08_26_Instance_28149" type="identity">
      <class id="CHEBI:36916" label="cation"/>
      <span end="11824" id="11897010-118" start="11818">cation</span>
    </annotation>
    <annotation annotator="Mike Bada, University of Colorado Anschutz Medical Campus" id="CHEBI_2015_08_26_Instance_90152" type="identity">
      <class id="CHEBI:17089" label="glycoprotein"/>
      <span end="13163" id="11897010-128" start="13151">glycoprotein</span>
    </annotation>
    <annotation annotator="Mike Bada, University of Colorado Anschutz Medical Campus" id="CHEBI_2015_08_26_Instance_28159" type="identity">
      <class id="CHEBI:2511" label="agarose"/>
      <span end="15155" id="11897010-120" start="15148">agarose</span>
    </annotation>
    <annotation annotator="Mike Bada, University of Colorado Anschutz Medical Campus" id="CHEBI_2015_08_26_Instance_14477" type="identity">
      <class id="CHEBI:37972" label="phosphorus-32 atom"/>
      <span end="15279" id="11897010-108" start="15276">32P</span>
    </annotation>
    <annotation annotator="Mike Bada, University of Colorado Anschutz Medical Campus" id="CHEBI_2015_08_26_Instance_25853" type="identity">
      <class id="CHEBI:37972" label="phosphorus-32 atom"/>
      <span end="15795" id="11897010-116" start="15792">32P</span>
    </annotation>
    <graph-space id="Old Knowtator Relations"/>
  </document>
</knowtator-project>
