<?xml version="1.0" encoding="UTF-8" standalone="no"?>
<knowtator-project>
  <document id="12079497" text-file="12079497.txt">
    <annotation annotator="Mike Bada, University of Colorado Anschutz Medical Campus" id="CHEBI_2015_08_26_Instance_70000" type="identity">
      <class id="CHEBI:75050" label="chromogenic compound"/>
      <span end="601" id="12079497-136" start="590">chromogenic</span>
    </annotation>
    <annotation annotator="Mike Bada, University of Colorado Anschutz Medical Campus" id="CHEBI_2015_08_26_Instance_70002" type="identity">
      <class id="CHEBI:75050" label="chromogenic compound"/>
      <span end="2861" id="12079497-138" start="2850">chromogenic</span>
    </annotation>
    <annotation annotator="Mike Bada, University of Colorado Anschutz Medical Campus" id="CHEBI_2015_08_26_Instance_80012" type="identity">
      <class id="CHEBI:5386" label="globin"/>
      <span end="19500" id="12079497-140" start="19494">globin</span>
    </annotation>
    <annotation annotator="Mike Bada, University of Colorado Anschutz Medical Campus" id="CHEBI_2015_08_26_Instance_31163" type="identity">
      <class id="CHEBI:23888" label="drug"/>
      <span end="19988" id="12079497-132" start="19984">drug</span>
    </annotation>
    <annotation annotator="Mike Bada, University of Colorado Anschutz Medical Campus" id="CHEBI_2015_08_26_Instance_31165" type="identity">
      <class id="CHEBI:23888" label="drug"/>
      <span end="20435" id="12079497-134" start="20431">drug</span>
    </annotation>
    <graph-space id="Old Knowtator Relations"/>
  </document>
</knowtator-project>
