<?xml version="1.0" encoding="UTF-8" standalone="no"?>
<knowtator-project>
  <document id="14611657" text-file="14611657.txt">
    <annotation annotator="Mike Bada, University of Colorado Anschutz Medical Campus" id="CHEBI_2015_08_26_Instance_120004" type="identity">
      <class id="CHEBI:17089" label="glycoprotein"/>
      <span end="6321" id="14611657-656" start="6309">glycoprotein</span>
    </annotation>
    <annotation annotator="Mike Bada, University of Colorado Anschutz Medical Campus" id="CHEBI_2015_08_26_Instance_14149" type="identity">
      <class id="CHEBI:2511" label="agarose"/>
      <span end="39891" id="14611657-658" start="39884">agarose</span>
    </annotation>
    <annotation annotator="Mike Bada, University of Colorado Anschutz Medical Campus" id="CHEBI_2015_08_26_Instance_14607" type="identity">
      <class id="CHEBI:37958" label="dye"/>
      <span end="39989" id="14611657-666" start="39986">dye</span>
    </annotation>
    <annotation annotator="Mike Bada, University of Colorado Anschutz Medical Campus" id="CHEBI_2015_08_26_Instance_14609" type="identity">
      <class id="CHEBI:39442" label="fluorescent probe"/>
      <span end="46498" id="14611657-668" start="46481">fluorescent probe</span>
    </annotation>
    <annotation annotator="Mike Bada, University of Colorado Anschutz Medical Campus" id="CHEBI_2015_08_26_Instance_14157" type="identity">
      <class id="CHEBI:42098" label="digoxigenin"/>
      <span end="47680" id="14611657-660" start="47669">digoxigenin</span>
    </annotation>
    <annotation annotator="Mike Bada, University of Colorado Anschutz Medical Campus" id="CHEBI_2015_08_26_Instance_14159" type="identity">
      <class id="CHEBI:16397" label="formamide"/>
      <span end="48065" id="14611657-662" start="48056">formamide</span>
    </annotation>
    <annotation annotator="Mike Bada, University of Colorado Anschutz Medical Campus" id="CHEBI_2015_08_26_Instance_14161" type="identity">
      <class id="CHEBI:42098" label="digoxigenin"/>
      <span end="52442" id="14611657-664" start="52431">digoxigenin</span>
    </annotation>
    <graph-space id="Old Knowtator Relations"/>
  </document>
</knowtator-project>
