<?xml version="1.0" encoding="UTF-8" standalone="no"?>
<knowtator-project>
  <document id="14723793" text-file="14723793.txt">
    <annotation annotator="Mike Bada, University of Colorado Anschutz Medical Campus" id="CHEBI_2015_08_26_Instance_15527" type="identity">
      <class id="CHEBI:24870" label="ion"/>
      <span end="1691" id="14723793-691" start="1688">ion</span>
    </annotation>
    <annotation annotator="Mike Bada, University of Colorado Anschutz Medical Campus" id="CHEBI_2015_08_26_Instance_330690" type="identity">
      <class id="CHEBI:33695" label="information biomacromolecule"/>
      <span end="4099" id="14723793-709" start="4091">messages</span>
    </annotation>
    <annotation annotator="Mike Bada, University of Colorado Anschutz Medical Campus" id="CHEBI_2015_08_26_Instance_330692" type="identity">
      <class id="CHEBI:33695" label="information biomacromolecule"/>
      <span end="4182" id="14723793-711" start="4175">message</span>
    </annotation>
    <annotation annotator="Mike Bada, University of Colorado Anschutz Medical Campus" id="CHEBI_2015_08_26_Instance_160305" type="identity">
      <class id="CHEBI:59132" label="antigen"/>
      <span end="11203" id="14723793-693" start="11194">antigenic</span>
    </annotation>
    <annotation annotator="Mike Bada, University of Colorado Anschutz Medical Campus" id="CHEBI_2015_08_26_Instance_15009" type="identity">
      <class id="CHEBI:24870" label="ion"/>
      <span end="15571" id="14723793-671" start="15568">ion</span>
    </annotation>
    <annotation annotator="Mike Bada, University of Colorado Anschutz Medical Campus" id="CHEBI_2015_08_26_Instance_15011" type="identity">
      <class id="CHEBI:24870" label="ion"/>
      <span end="16320" id="14723793-673" start="16317">ion</span>
    </annotation>
    <annotation annotator="Mike Bada, University of Colorado Anschutz Medical Campus" id="CHEBI_2015_08_26_Instance_15013" type="identity">
      <class id="CHEBI:2511" label="agarose"/>
      <span end="18551" id="14723793-675" start="18544">agarose</span>
    </annotation>
    <annotation annotator="Mike Bada, University of Colorado Anschutz Medical Campus" id="CHEBI_2015_08_26_Instance_15015" type="identity">
      <class id="CHEBI:37972" label="phosphorus-32 atom"/>
      <span end="19148" id="14723793-677" start="19145">32P</span>
    </annotation>
    <annotation annotator="Mike Bada, University of Colorado Anschutz Medical Campus" id="CHEBI_2015_08_26_Instance_15017" type="identity">
      <class id="CHEBI:8984" label="sodium dodecyl sulfate"/>
      <span end="19327" id="14723793-679" start="19324">SDS</span>
    </annotation>
    <annotation annotator="Mike Bada, University of Colorado Anschutz Medical Campus" id="CHEBI_2015_08_26_Instance_15019" type="identity">
      <class id="CHEBI:8984" label="sodium dodecyl sulfate"/>
      <span end="19413" id="14723793-681" start="19410">SDS</span>
    </annotation>
    <annotation annotator="Mike Bada, University of Colorado Anschutz Medical Campus" id="CHEBI_2015_08_26_Instance_15021" type="identity">
      <class id="CHEBI:16526" label="carbon dioxide"/>
      <span end="21618" id="14723793-683" start="21615">CO2</span>
    </annotation>
    <annotation annotator="Mike Bada, University of Colorado Anschutz Medical Campus" id="CHEBI_2015_08_26_Instance_15023" type="identity">
      <class id="CHEBI:16526" label="carbon dioxide"/>
      <span end="21755" id="14723793-685" start="21752">CO2</span>
    </annotation>
    <annotation annotator="Mike Bada, University of Colorado Anschutz Medical Campus" id="CHEBI_2015_08_26_Instance_15025" type="identity">
      <class id="CHEBI:28680" label="cytarabine"/>
      <span end="21826" id="14723793-687" start="21806">cytosine arabinoside</span>
    </annotation>
    <annotation annotator="Mike Bada, University of Colorado Anschutz Medical Campus" id="CHEBI_2015_08_26_Instance_160389" type="identity">
      <class id="CHEBI:75958" label="solution"/>
      <span end="22139" id="14723793-695" start="22131">solution</span>
    </annotation>
    <annotation annotator="Mike Bada, University of Colorado Anschutz Medical Campus" id="CHEBI_2015_08_26_Instance_160393" type="identity">
      <class id="CHEBI:9750" label="Triton X-100"/>
      <span end="22179" id="14723793-697" start="22167">Triton X-100</span>
    </annotation>
    <annotation annotator="Mike Bada, University of Colorado Anschutz Medical Campus" id="CHEBI_2015_08_26_Instance_160395" type="identity">
      <class id="CHEBI:75958" label="solution"/>
      <span end="22282" id="14723793-699" start="22274">solution</span>
    </annotation>
    <annotation annotator="Mike Bada, University of Colorado Anschutz Medical Campus" id="CHEBI_2015_08_26_Instance_160405" type="identity">
      <class id="CHEBI:75958" label="solution"/>
      <span end="22471" id="14723793-707" start="22463">solution</span>
    </annotation>
    <annotation annotator="Mike Bada, University of Colorado Anschutz Medical Campus" id="CHEBI_2015_08_26_Instance_160397" type="identity">
      <class id="CHEBI:52661" label="Alexa Fluor 488"/>
      <span end="22514" id="14723793-701" start="22506">Alex 488</span>
    </annotation>
    <annotation annotator="Mike Bada, University of Colorado Anschutz Medical Campus" id="CHEBI_2015_08_26_Instance_160399" type="identity">
      <class id="CHEBI:75958" label="solution"/>
      <span end="22581" id="14723793-703" start="22573">solution</span>
    </annotation>
    <annotation annotator="Mike Bada, University of Colorado Anschutz Medical Campus" id="CHEBI_2015_08_26_Instance_160403" type="identity">
      <class id="CHEBI:75958" label="solution"/>
      <span end="22686" id="14723793-705" start="22678">solution</span>
    </annotation>
    <annotation annotator="Mike Bada, University of Colorado Anschutz Medical Campus" id="CHEBI_2015_08_26_Instance_15027" type="identity">
      <class id="CHEBI:17754" label="glycerol"/>
      <span end="22759" id="14723793-689" start="22751">glycerol</span>
    </annotation>
    <graph-space id="Old Knowtator Relations"/>
  </document>
</knowtator-project>
