<?xml version="1.0" encoding="UTF-8" standalone="no"?>
<knowtator-project>
  <document id="15061865" text-file="15061865.txt">
    <annotation annotator="Mike Bada, University of Colorado Anschutz Medical Campus" id="CHEBI_2015_08_26_Instance_16415" type="identity">
      <class id="CHEBI:18243" label="dopamine"/>
      <span end="8" id="15061865-1976" start="0">Dopamine</span>
    </annotation>
    <annotation annotator="Mike Bada, University of Colorado Anschutz Medical Campus" id="CHEBI_2015_08_26_Instance_16417" type="identity">
      <class id="CHEBI:18243" label="dopamine"/>
      <span end="123" id="15061865-1978" start="115">Dopamine</span>
    </annotation>
    <annotation annotator="Mike Bada, University of Colorado Anschutz Medical Campus" id="CHEBI_2015_08_26_Instance_16419" type="identity">
      <class id="CHEBI:18243" label="dopamine"/>
      <span end="442" id="15061865-1980" start="434">dopamine</span>
    </annotation>
    <annotation annotator="Mike Bada, University of Colorado Anschutz Medical Campus" id="CHEBI_2015_08_26_Instance_16421" type="identity">
      <class id="CHEBI:18243" label="dopamine"/>
      <span end="705" id="15061865-1982" start="697">dopamine</span>
    </annotation>
    <annotation annotator="Mike Bada, University of Colorado Anschutz Medical Campus" id="CHEBI_2015_08_26_Instance_16423" type="identity">
      <class id="CHEBI:18243" label="dopamine"/>
      <span end="853" id="15061865-1984" start="845">dopamine</span>
    </annotation>
    <annotation annotator="Mike Bada, University of Colorado Anschutz Medical Campus" id="CHEBI_2015_08_26_Instance_17801" type="identity">
      <class id="CHEBI:33290" label="food"/>
      <span end="1134" id="15061865-2107" start="1130">food</span>
    </annotation>
    <annotation annotator="Mike Bada, University of Colorado Anschutz Medical Campus" id="CHEBI_2015_08_26_Instance_16425" type="identity">
      <class id="CHEBI:18243" label="dopamine"/>
      <span end="1173" id="15061865-1986" start="1165">dopamine</span>
    </annotation>
    <annotation annotator="Mike Bada, University of Colorado Anschutz Medical Campus" id="CHEBI_2015_08_26_Instance_17803" type="identity">
      <class id="CHEBI:33290" label="food"/>
      <span end="1253" id="15061865-2109" start="1249">food</span>
    </annotation>
    <annotation annotator="Mike Bada, University of Colorado Anschutz Medical Campus" id="CHEBI_2015_08_26_Instance_17805" type="identity">
      <class id="CHEBI:33290" label="food"/>
      <span end="1423" id="15061865-2111" start="1419">food</span>
    </annotation>
    <annotation annotator="Mike Bada, University of Colorado Anschutz Medical Campus" id="CHEBI_2015_08_26_Instance_16427" type="identity">
      <class id="CHEBI:18243" label="dopamine"/>
      <span end="1453" id="15061865-1988" start="1445">dopamine</span>
    </annotation>
    <annotation annotator="Mike Bada, University of Colorado Anschutz Medical Campus" id="CHEBI_2015_08_26_Instance_17807" type="identity">
      <class id="CHEBI:33290" label="food"/>
      <span end="1692" id="15061865-2113" start="1688">food</span>
    </annotation>
    <annotation annotator="Mike Bada, University of Colorado Anschutz Medical Campus" id="CHEBI_2015_08_26_Instance_16429" type="identity">
      <class id="CHEBI:18243" label="dopamine"/>
      <span end="1720" id="15061865-1990" start="1712">dopamine</span>
    </annotation>
    <annotation annotator="Mike Bada, University of Colorado Anschutz Medical Campus" id="CHEBI_2015_08_26_Instance_16431" type="identity">
      <class id="CHEBI:18243" label="dopamine"/>
      <span end="1959" id="15061865-1992" start="1951">dopamine</span>
    </annotation>
    <annotation annotator="Mike Bada, University of Colorado Anschutz Medical Campus" id="CHEBI_2015_08_26_Instance_16433" type="identity">
      <class id="CHEBI:18243" label="dopamine"/>
      <span end="2118" id="15061865-1994" start="2110">dopamine</span>
    </annotation>
    <annotation annotator="Mike Bada, University of Colorado Anschutz Medical Campus" id="CHEBI_2015_08_26_Instance_16435" type="identity">
      <class id="CHEBI:18243" label="dopamine"/>
      <span end="2339" id="15061865-1996" start="2331">dopamine</span>
    </annotation>
    <annotation annotator="Mike Bada, University of Colorado Anschutz Medical Campus" id="CHEBI_2015_08_26_Instance_17809" type="identity">
      <class id="CHEBI:33290" label="food"/>
      <span end="2702" id="15061865-2115" start="2698">food</span>
    </annotation>
    <annotation annotator="Mike Bada, University of Colorado Anschutz Medical Campus" id="CHEBI_2015_08_26_Instance_17811" type="identity">
      <class id="CHEBI:33290" label="food"/>
      <span end="2923" id="15061865-2117" start="2919">food</span>
    </annotation>
    <annotation annotator="Mike Bada, University of Colorado Anschutz Medical Campus" id="CHEBI_2015_08_26_Instance_17813" type="identity">
      <class id="CHEBI:33290" label="food"/>
      <span end="3183" id="15061865-2119" start="3179">food</span>
    </annotation>
    <annotation annotator="Mike Bada, University of Colorado Anschutz Medical Campus" id="CHEBI_2015_08_26_Instance_17815" type="identity">
      <class id="CHEBI:33290" label="food"/>
      <span end="3381" id="15061865-2121" start="3377">food</span>
    </annotation>
    <annotation annotator="Mike Bada, University of Colorado Anschutz Medical Campus" id="CHEBI_2015_08_26_Instance_16437" type="identity">
      <class id="CHEBI:18243" label="dopamine"/>
      <span end="3514" id="15061865-1998" start="3506">dopamine</span>
    </annotation>
    <annotation annotator="Mike Bada, University of Colorado Anschutz Medical Campus" id="CHEBI_2015_08_26_Instance_16439" type="identity">
      <class id="CHEBI:18243" label="dopamine"/>
      <span end="3787" id="15061865-2000" start="3779">dopamine</span>
    </annotation>
    <annotation annotator="Mike Bada, University of Colorado Anschutz Medical Campus" id="CHEBI_2015_08_26_Instance_16441" type="identity">
      <class id="CHEBI:18243" label="dopamine"/>
      <span end="3828" id="15061865-2002" start="3820">dopamine</span>
    </annotation>
    <annotation annotator="Mike Bada, University of Colorado Anschutz Medical Campus" id="CHEBI_2015_08_26_Instance_16527" type="identity">
      <class id="CHEBI:48561" label="dopaminergic antagonist"/>
      <span end="3873" id="15061865-2088" start="3844">dopamine receptor antagonists</span>
    </annotation>
    <annotation annotator="Mike Bada, University of Colorado Anschutz Medical Campus" id="CHEBI_2015_08_26_Instance_170921" type="identity">
      <class id="CHEBI:78741" label="oxidopamine"/>
      <span end="3889" id="15061865-2099" start="3883">6-OHDA</span>
    </annotation>
    <annotation annotator="Mike Bada, University of Colorado Anschutz Medical Campus" id="CHEBI_2015_08_26_Instance_16443" type="identity">
      <class id="CHEBI:18243" label="dopamine"/>
      <span end="4099" id="15061865-2004" start="4091">Dopamine</span>
    </annotation>
    <annotation annotator="Mike Bada, University of Colorado Anschutz Medical Campus" id="CHEBI_2015_08_26_Instance_16445" type="identity">
      <class id="CHEBI:18243" label="dopamine"/>
      <span end="4332" id="15061865-2006" start="4324">dopamine</span>
    </annotation>
    <annotation annotator="Mike Bada, University of Colorado Anschutz Medical Campus" id="CHEBI_2015_08_26_Instance_340268" type="identity">
      <class id="CHEBI:52217" label="pharmaceutical"/>
      <span end="4388" id="15061865-2179" start="4373">pharmacological</span>
    </annotation>
    <annotation annotator="Mike Bada, University of Colorado Anschutz Medical Campus" id="CHEBI_2015_08_26_Instance_340270" type="identity">
      <class id="CHEBI:52217" label="pharmaceutical"/>
      <span end="4477" id="15061865-2181" start="4462">pharmacological</span>
    </annotation>
    <annotation annotator="Mike Bada, University of Colorado Anschutz Medical Campus" id="CHEBI_2015_08_26_Instance_16447" type="identity">
      <class id="CHEBI:18243" label="dopamine"/>
      <span end="4535" id="15061865-2008" start="4527">dopamine</span>
    </annotation>
    <annotation annotator="Mike Bada, University of Colorado Anschutz Medical Campus" id="CHEBI_2015_08_26_Instance_16449" type="identity">
      <class id="CHEBI:18243" label="dopamine"/>
      <span end="4651" id="15061865-2010" start="4643">dopamine</span>
    </annotation>
    <annotation annotator="Mike Bada, University of Colorado Anschutz Medical Campus" id="CHEBI_2015_08_26_Instance_17817" type="identity">
      <class id="CHEBI:33290" label="food"/>
      <span end="4743" id="15061865-2123" start="4739">food</span>
    </annotation>
    <annotation annotator="Mike Bada, University of Colorado Anschutz Medical Campus" id="CHEBI_2015_08_26_Instance_16529" type="identity">
      <class id="CHEBI:27958" label="cocaine"/>
      <span end="4833" id="15061865-2090" start="4826">cocaine</span>
    </annotation>
    <annotation annotator="Mike Bada, University of Colorado Anschutz Medical Campus" id="CHEBI_2015_08_26_Instance_16451" type="identity">
      <class id="CHEBI:18243" label="dopamine"/>
      <span end="5089" id="15061865-2012" start="5081">dopamine</span>
    </annotation>
    <annotation annotator="Mike Bada, University of Colorado Anschutz Medical Campus" id="CHEBI_2015_08_26_Instance_17819" type="identity">
      <class id="CHEBI:33290" label="food"/>
      <span end="5162" id="15061865-2125" start="5158">food</span>
    </annotation>
    <annotation annotator="Mike Bada, University of Colorado Anschutz Medical Campus" id="CHEBI_2015_08_26_Instance_16453" type="identity">
      <class id="CHEBI:18243" label="dopamine"/>
      <span end="5556" id="15061865-2014" start="5548">dopamine</span>
    </annotation>
    <annotation annotator="Mike Bada, University of Colorado Anschutz Medical Campus" id="CHEBI_2015_08_26_Instance_16455" type="identity">
      <class id="CHEBI:18243" label="dopamine"/>
      <span end="5728" id="15061865-2016" start="5720">dopamine</span>
    </annotation>
    <annotation annotator="Mike Bada, University of Colorado Anschutz Medical Campus" id="CHEBI_2015_08_26_Instance_16531" type="identity">
      <class id="CHEBI:23888" label="drug"/>
      <span end="5802" id="15061865-2092" start="5797">drugs</span>
    </annotation>
    <annotation annotator="Mike Bada, University of Colorado Anschutz Medical Campus" id="CHEBI_2015_08_26_backup_Instance_20061" type="identity">
      <class id="CHEBI:48561" label="dopaminergic antagonist"/>
      <span end="6311" id="15061865-1969" start="6303">dopamine</span>
      <span end="6327" id="15061865-1970" start="6316">antagonists</span>
    </annotation>
    <annotation annotator="Mike Bada, University of Colorado Anschutz Medical Campus" id="CHEBI_2015_08_26_Instance_16457" type="identity">
      <class id="CHEBI:18243" label="dopamine"/>
      <span end="6361" id="15061865-2018" start="6353">dopamine</span>
    </annotation>
    <annotation annotator="Mike Bada, University of Colorado Anschutz Medical Campus" id="CHEBI_2015_08_26_Instance_16459" type="identity">
      <class id="CHEBI:18243" label="dopamine"/>
      <span end="6911" id="15061865-2020" start="6903">dopamine</span>
    </annotation>
    <annotation annotator="Mike Bada, University of Colorado Anschutz Medical Campus" id="CHEBI_2015_08_26_Instance_170929" type="identity">
      <class id="CHEBI:32168" label="sulpiride"/>
      <span end="7014" id="15061865-2101" start="7005">sulpiride</span>
    </annotation>
    <annotation annotator="Mike Bada, University of Colorado Anschutz Medical Campus" id="CHEBI_2015_08_26_Instance_16461" type="identity">
      <class id="CHEBI:18243" label="dopamine"/>
      <span end="7226" id="15061865-2022" start="7218">dopamine</span>
    </annotation>
    <annotation annotator="Mike Bada, University of Colorado Anschutz Medical Campus" id="CHEBI_2015_08_26_Instance_16463" type="identity">
      <class id="CHEBI:18243" label="dopamine"/>
      <span end="7507" id="15061865-2024" start="7499">dopamine</span>
    </annotation>
    <annotation annotator="Mike Bada, University of Colorado Anschutz Medical Campus" id="CHEBI_2015_08_26_Instance_16465" type="identity">
      <class id="CHEBI:18243" label="dopamine"/>
      <span end="7694" id="15061865-2026" start="7686">dopamine</span>
    </annotation>
    <annotation annotator="Mike Bada, University of Colorado Anschutz Medical Campus" id="CHEBI_2015_08_26_Instance_16467" type="identity">
      <class id="CHEBI:18243" label="dopamine"/>
      <span end="7908" id="15061865-2028" start="7900">dopamine</span>
    </annotation>
    <annotation annotator="Mike Bada, University of Colorado Anschutz Medical Campus" id="CHEBI_2015_08_26_Instance_17821" type="identity">
      <class id="CHEBI:33290" label="food"/>
      <span end="8001" id="15061865-2127" start="7997">food</span>
    </annotation>
    <annotation annotator="Mike Bada, University of Colorado Anschutz Medical Campus" id="CHEBI_2015_08_26_Instance_17823" type="identity">
      <class id="CHEBI:33290" label="food"/>
      <span end="8252" id="15061865-2129" start="8248">food</span>
    </annotation>
    <annotation annotator="Mike Bada, University of Colorado Anschutz Medical Campus" id="CHEBI_2015_08_26_Instance_17825" type="identity">
      <class id="CHEBI:33290" label="food"/>
      <span end="8327" id="15061865-2131" start="8323">food</span>
    </annotation>
    <annotation annotator="Mike Bada, University of Colorado Anschutz Medical Campus" id="CHEBI_2015_08_26_Instance_17827" type="identity">
      <class id="CHEBI:33290" label="food"/>
      <span end="8465" id="15061865-2133" start="8461">food</span>
    </annotation>
    <annotation annotator="Mike Bada, University of Colorado Anschutz Medical Campus" id="CHEBI_2015_08_26_Instance_17829" type="identity">
      <class id="CHEBI:33290" label="food"/>
      <span end="8760" id="15061865-2135" start="8756">food</span>
    </annotation>
    <annotation annotator="Mike Bada, University of Colorado Anschutz Medical Campus" id="CHEBI_2015_08_26_Instance_17831" type="identity">
      <class id="CHEBI:33290" label="food"/>
      <span end="8917" id="15061865-2137" start="8913">food</span>
    </annotation>
    <annotation annotator="Mike Bada, University of Colorado Anschutz Medical Campus" id="CHEBI_2015_08_26_Instance_17833" type="identity">
      <class id="CHEBI:33290" label="food"/>
      <span end="9341" id="15061865-2139" start="9337">food</span>
    </annotation>
    <annotation annotator="Mike Bada, University of Colorado Anschutz Medical Campus" id="CHEBI_2015_08_26_Instance_16469" type="identity">
      <class id="CHEBI:18243" label="dopamine"/>
      <span end="9524" id="15061865-2030" start="9516">dopamine</span>
    </annotation>
    <annotation annotator="Mike Bada, University of Colorado Anschutz Medical Campus" id="CHEBI_2015_08_26_Instance_17835" type="identity">
      <class id="CHEBI:33290" label="food"/>
      <span end="10003" id="15061865-2141" start="9999">food</span>
    </annotation>
    <annotation annotator="Mike Bada, University of Colorado Anschutz Medical Campus" id="CHEBI_2015_08_26_Instance_16471" type="identity">
      <class id="CHEBI:18243" label="dopamine"/>
      <span end="11749" id="15061865-2032" start="11741">dopamine</span>
    </annotation>
    <annotation annotator="Mike Bada, University of Colorado Anschutz Medical Campus" id="CHEBI_2015_08_26_Instance_17837" type="identity">
      <class id="CHEBI:33290" label="food"/>
      <span end="11927" id="15061865-2143" start="11923">food</span>
    </annotation>
    <annotation annotator="Mike Bada, University of Colorado Anschutz Medical Campus" id="CHEBI_2015_08_26_Instance_17839" type="identity">
      <class id="CHEBI:33290" label="food"/>
      <span end="12072" id="15061865-2145" start="12068">food</span>
    </annotation>
    <annotation annotator="Mike Bada, University of Colorado Anschutz Medical Campus" id="CHEBI_2015_08_26_Instance_16473" type="identity">
      <class id="CHEBI:18243" label="dopamine"/>
      <span end="12491" id="15061865-2034" start="12483">dopamine</span>
    </annotation>
    <annotation annotator="Mike Bada, University of Colorado Anschutz Medical Campus" id="CHEBI_2015_08_26_Instance_16475" type="identity">
      <class id="CHEBI:18243" label="dopamine"/>
      <span end="12523" id="15061865-2036" start="12515">dopamine</span>
    </annotation>
    <annotation annotator="Mike Bada, University of Colorado Anschutz Medical Campus" id="CHEBI_2015_08_26_Instance_16477" type="identity">
      <class id="CHEBI:18243" label="dopamine"/>
      <span end="12621" id="15061865-2038" start="12613">dopamine</span>
    </annotation>
    <annotation annotator="Mike Bada, University of Colorado Anschutz Medical Campus" id="CHEBI_2015_08_26_Instance_17841" type="identity">
      <class id="CHEBI:33290" label="food"/>
      <span end="12711" id="15061865-2147" start="12707">food</span>
    </annotation>
    <annotation annotator="Mike Bada, University of Colorado Anschutz Medical Campus" id="CHEBI_2015_08_26_Instance_17843" type="identity">
      <class id="CHEBI:33290" label="food"/>
      <span end="12756" id="15061865-2149" start="12752">food</span>
    </annotation>
    <annotation annotator="Mike Bada, University of Colorado Anschutz Medical Campus" id="CHEBI_2015_08_26_Instance_170933" type="identity">
      <class id="CHEBI:78741" label="oxidopamine"/>
      <span end="12954" id="15061865-2103" start="12948">6-OHDA</span>
    </annotation>
    <annotation annotator="Mike Bada, University of Colorado Anschutz Medical Campus" id="CHEBI_2015_08_26_Instance_16479" type="identity">
      <class id="CHEBI:18243" label="dopamine"/>
      <span end="13103" id="15061865-2040" start="13095">dopamine</span>
    </annotation>
    <annotation annotator="Mike Bada, University of Colorado Anschutz Medical Campus" id="CHEBI_2015_08_26_Instance_17845" type="identity">
      <class id="CHEBI:33290" label="food"/>
      <span end="13187" id="15061865-2151" start="13183">food</span>
    </annotation>
    <annotation annotator="Mike Bada, University of Colorado Anschutz Medical Campus" id="CHEBI_2015_08_26_Instance_16481" type="identity">
      <class id="CHEBI:18243" label="dopamine"/>
      <span end="13523" id="15061865-2042" start="13515">dopamine</span>
    </annotation>
    <annotation annotator="Mike Bada, University of Colorado Anschutz Medical Campus" id="CHEBI_2015_08_26_Instance_16483" type="identity">
      <class id="CHEBI:18243" label="dopamine"/>
      <span end="13571" id="15061865-2044" start="13563">dopamine</span>
    </annotation>
    <annotation annotator="Mike Bada, University of Colorado Anschutz Medical Campus" id="CHEBI_2015_08_26_Instance_16485" type="identity">
      <class id="CHEBI:18243" label="dopamine"/>
      <span end="13590" id="15061865-2046" start="13582">dopamine</span>
    </annotation>
    <annotation annotator="Mike Bada, University of Colorado Anschutz Medical Campus" id="CHEBI_2015_08_26_Instance_16537" type="identity">
      <class id="CHEBI:48561" label="dopaminergic antagonist"/>
      <span end="13732" id="15061865-2096" start="13724">dopamine</span>
      <span end="13748" id="15061865-2097" start="13738">antagonist</span>
    </annotation>
    <annotation annotator="Mike Bada, University of Colorado Anschutz Medical Campus" id="CHEBI_2015_08_26_Instance_17847" type="identity">
      <class id="CHEBI:33290" label="food"/>
      <span end="13799" id="15061865-2153" start="13795">food</span>
    </annotation>
    <annotation annotator="Mike Bada, University of Colorado Anschutz Medical Campus" id="CHEBI_2015_08_26_Instance_16533" type="identity">
      <class id="CHEBI:23888" label="drug"/>
      <span end="14658" id="15061865-2094" start="14653">drugs</span>
    </annotation>
    <annotation annotator="Mike Bada, University of Colorado Anschutz Medical Campus" id="CHEBI_2015_08_26_Instance_16487" type="identity">
      <class id="CHEBI:18243" label="dopamine"/>
      <span end="14739" id="15061865-2048" start="14731">dopamine</span>
    </annotation>
    <annotation annotator="Mike Bada, University of Colorado Anschutz Medical Campus" id="CHEBI_2015_08_26_Instance_16489" type="identity">
      <class id="CHEBI:18243" label="dopamine"/>
      <span end="15787" id="15061865-2050" start="15779">dopamine</span>
    </annotation>
    <annotation annotator="Mike Bada, University of Colorado Anschutz Medical Campus" id="CHEBI_2015_08_26_Instance_17849" type="identity">
      <class id="CHEBI:33290" label="food"/>
      <span end="16971" id="15061865-2155" start="16967">food</span>
    </annotation>
    <annotation annotator="Mike Bada, University of Colorado Anschutz Medical Campus" id="CHEBI_2015_08_26_Instance_16491" type="identity">
      <class id="CHEBI:18243" label="dopamine"/>
      <span end="17111" id="15061865-2052" start="17103">dopamine</span>
    </annotation>
    <annotation annotator="Mike Bada, University of Colorado Anschutz Medical Campus" id="CHEBI_2015_08_26_Instance_16493" type="identity">
      <class id="CHEBI:18243" label="dopamine"/>
      <span end="17708" id="15061865-2054" start="17700">dopamine</span>
    </annotation>
    <annotation annotator="Mike Bada, University of Colorado Anschutz Medical Campus" id="CHEBI_2015_08_26_Instance_17851" type="identity">
      <class id="CHEBI:33290" label="food"/>
      <span end="18076" id="15061865-2157" start="18072">food</span>
    </annotation>
    <annotation annotator="Mike Bada, University of Colorado Anschutz Medical Campus" id="CHEBI_2015_08_26_Instance_16495" type="identity">
      <class id="CHEBI:18243" label="dopamine"/>
      <span end="18278" id="15061865-2056" start="18270">dopamine</span>
    </annotation>
    <annotation annotator="Mike Bada, University of Colorado Anschutz Medical Campus" id="CHEBI_2015_08_26_Instance_16497" type="identity">
      <class id="CHEBI:18243" label="dopamine"/>
      <span end="18964" id="15061865-2058" start="18956">dopamine</span>
    </annotation>
    <annotation annotator="Mike Bada, University of Colorado Anschutz Medical Campus" id="CHEBI_2015_08_26_Instance_16499" type="identity">
      <class id="CHEBI:18243" label="dopamine"/>
      <span end="18992" id="15061865-2060" start="18984">dopamine</span>
    </annotation>
    <annotation annotator="Mike Bada, University of Colorado Anschutz Medical Campus" id="CHEBI_2015_08_26_Instance_16501" type="identity">
      <class id="CHEBI:18243" label="dopamine"/>
      <span end="19190" id="15061865-2062" start="19182">dopamine</span>
    </annotation>
    <annotation annotator="Mike Bada, University of Colorado Anschutz Medical Campus" id="CHEBI_2015_08_26_Instance_13157" type="identity">
      <class id="CHEBI:18243" label="dopamine"/>
      <span end="19339" id="15061865-1972" start="19327">dopaminergic</span>
    </annotation>
    <annotation annotator="Mike Bada, University of Colorado Anschutz Medical Campus" id="CHEBI_2015_08_26_Instance_13159" type="identity">
      <class id="CHEBI:18243" label="dopamine"/>
      <span end="19481" id="15061865-1974" start="19469">dopaminergic</span>
    </annotation>
    <annotation annotator="Mike Bada, University of Colorado Anschutz Medical Campus" id="CHEBI_2015_08_26_Instance_16503" type="identity">
      <class id="CHEBI:18243" label="dopamine"/>
      <span end="19773" id="15061865-2064" start="19765">dopamine</span>
    </annotation>
    <annotation annotator="Mike Bada, University of Colorado Anschutz Medical Campus" id="CHEBI_2015_08_26_Instance_16505" type="identity">
      <class id="CHEBI:18243" label="dopamine"/>
      <span end="19937" id="15061865-2066" start="19929">dopamine</span>
    </annotation>
    <annotation annotator="Mike Bada, University of Colorado Anschutz Medical Campus" id="CHEBI_2015_08_26_Instance_16507" type="identity">
      <class id="CHEBI:18243" label="dopamine"/>
      <span end="20425" id="15061865-2068" start="20417">dopamine</span>
    </annotation>
    <annotation annotator="Mike Bada, University of Colorado Anschutz Medical Campus" id="CHEBI_2015_08_26_Instance_16509" type="identity">
      <class id="CHEBI:18243" label="dopamine"/>
      <span end="21231" id="15061865-2070" start="21223">dopamine</span>
    </annotation>
    <annotation annotator="Mike Bada, University of Colorado Anschutz Medical Campus" id="CHEBI_2015_08_26_Instance_16511" type="identity">
      <class id="CHEBI:18243" label="dopamine"/>
      <span end="21666" id="15061865-2072" start="21658">dopamine</span>
    </annotation>
    <annotation annotator="Mike Bada, University of Colorado Anschutz Medical Campus" id="CHEBI_2015_08_26_Instance_16513" type="identity">
      <class id="CHEBI:18243" label="dopamine"/>
      <span end="21735" id="15061865-2074" start="21727">dopamine</span>
    </annotation>
    <annotation annotator="Mike Bada, University of Colorado Anschutz Medical Campus" id="CHEBI_2015_08_26_Instance_16515" type="identity">
      <class id="CHEBI:18243" label="dopamine"/>
      <span end="22053" id="15061865-2076" start="22045">dopamine</span>
    </annotation>
    <annotation annotator="Mike Bada, University of Colorado Anschutz Medical Campus" id="CHEBI_2015_08_26_Instance_16517" type="identity">
      <class id="CHEBI:18243" label="dopamine"/>
      <span end="22270" id="15061865-2078" start="22262">dopamine</span>
    </annotation>
    <annotation annotator="Mike Bada, University of Colorado Anschutz Medical Campus" id="CHEBI_2015_08_26_Instance_17853" type="identity">
      <class id="CHEBI:33290" label="food"/>
      <span end="23820" id="15061865-2159" start="23816">food</span>
    </annotation>
    <annotation annotator="Mike Bada, University of Colorado Anschutz Medical Campus" id="CHEBI_2015_08_26_Instance_16519" type="identity">
      <class id="CHEBI:18243" label="dopamine"/>
      <span end="23878" id="15061865-2080" start="23870">Dopamine</span>
    </annotation>
    <annotation annotator="Mike Bada, University of Colorado Anschutz Medical Campus" id="CHEBI_2015_08_26_Instance_17855" type="identity">
      <class id="CHEBI:33290" label="food"/>
      <span end="24056" id="15061865-2161" start="24052">food</span>
    </annotation>
    <annotation annotator="Mike Bada, University of Colorado Anschutz Medical Campus" id="CHEBI_2015_08_26_Instance_17857" type="identity">
      <class id="CHEBI:33290" label="food"/>
      <span end="24245" id="15061865-2163" start="24241">food</span>
    </annotation>
    <annotation annotator="Mike Bada, University of Colorado Anschutz Medical Campus" id="CHEBI_2015_08_26_Instance_17859" type="identity">
      <class id="CHEBI:33290" label="food"/>
      <span end="24454" id="15061865-2165" start="24450">food</span>
    </annotation>
    <annotation annotator="Mike Bada, University of Colorado Anschutz Medical Campus" id="CHEBI_2015_08_26_Instance_17861" type="identity">
      <class id="CHEBI:33290" label="food"/>
      <span end="24553" id="15061865-2167" start="24549">food</span>
    </annotation>
    <annotation annotator="Mike Bada, University of Colorado Anschutz Medical Campus" id="CHEBI_2015_08_26_Instance_17863" type="identity">
      <class id="CHEBI:33290" label="food"/>
      <span end="24613" id="15061865-2169" start="24609">food</span>
    </annotation>
    <annotation annotator="Mike Bada, University of Colorado Anschutz Medical Campus" id="CHEBI_2015_08_26_Instance_17865" type="identity">
      <class id="CHEBI:33290" label="food"/>
      <span end="24939" id="15061865-2171" start="24935">food</span>
    </annotation>
    <annotation annotator="Mike Bada, University of Colorado Anschutz Medical Campus" id="CHEBI_2015_08_26_Instance_17867" type="identity">
      <class id="CHEBI:33290" label="food"/>
      <span end="25293" id="15061865-2173" start="25289">food</span>
    </annotation>
    <annotation annotator="Mike Bada, University of Colorado Anschutz Medical Campus" id="CHEBI_2015_08_26_Instance_17869" type="identity">
      <class id="CHEBI:33290" label="food"/>
      <span end="25371" id="15061865-2175" start="25367">food</span>
    </annotation>
    <annotation annotator="Mike Bada, University of Colorado Anschutz Medical Campus" id="CHEBI_2015_08_26_Instance_170954" type="identity">
      <class id="CHEBI:60004" label="mixture"/>
      <span end="25417" id="15061865-2105" start="25410">mixture</span>
    </annotation>
    <annotation annotator="Mike Bada, University of Colorado Anschutz Medical Campus" id="CHEBI_2015_08_26_Instance_16521" type="identity">
      <class id="CHEBI:18243" label="dopamine"/>
      <span end="26560" id="15061865-2082" start="26552">dopamine</span>
    </annotation>
    <annotation annotator="Mike Bada, University of Colorado Anschutz Medical Campus" id="CHEBI_2015_08_26_Instance_16523" type="identity">
      <class id="CHEBI:18243" label="dopamine"/>
      <span end="28480" id="15061865-2084" start="28472">dopamine</span>
    </annotation>
    <annotation annotator="Mike Bada, University of Colorado Anschutz Medical Campus" id="CHEBI_2015_08_26_Instance_17871" type="identity">
      <class id="CHEBI:33290" label="food"/>
      <span end="28601" id="15061865-2177" start="28597">food</span>
    </annotation>
    <annotation annotator="Mike Bada, University of Colorado Anschutz Medical Campus" id="CHEBI_2015_08_26_Instance_16525" type="identity">
      <class id="CHEBI:18243" label="dopamine"/>
      <span end="29141" id="15061865-2086" start="29133">Dopamine</span>
    </annotation>
    <graph-space id="Old Knowtator Relations"/>
  </document>
</knowtator-project>
