<?xml version="1.0" encoding="UTF-8" standalone="no"?>
<knowtator-project>
  <document id="15207008" text-file="15207008.txt">
    <annotation annotator="Mike Bada, University of Colorado Anschutz Medical Campus" id="CHEBI_2015_08_26_Instance_16811" type="identity">
      <class id="CHEBI:37527" label="acid"/>
      <span end="55" id="15207008-2184" start="49">acidic</span>
    </annotation>
    <annotation annotator="Mike Bada, University of Colorado Anschutz Medical Campus" id="CHEBI_2015_08_26_Instance_16813" type="identity">
      <class id="CHEBI:37527" label="acid"/>
      <span end="352" id="15207008-2186" start="346">acidic</span>
    </annotation>
    <annotation annotator="Mike Bada, University of Colorado Anschutz Medical Campus" id="CHEBI_2015_08_26_Instance_16815" type="identity">
      <class id="CHEBI:37527" label="acid"/>
      <span end="3132" id="15207008-2188" start="3126">acidic</span>
    </annotation>
    <annotation annotator="Mike Bada, University of Colorado Anschutz Medical Campus" id="CHEBI_2015_08_26_Instance_330398" type="identity">
      <class id="CHEBI:15377" label="water"/>
      <span end="22520" id="15207008-2250" start="22515">water</span>
    </annotation>
    <annotation annotator="Mike Bada, University of Colorado Anschutz Medical Campus" id="CHEBI_2015_08_26_Instance_17095" type="identity">
      <class id="CHEBI:15358" label="histone"/>
      <span end="30912" id="15207008-2204" start="30905">histone</span>
    </annotation>
    <annotation annotator="Mike Bada, University of Colorado Anschutz Medical Campus" id="CHEBI_2015_08_26_Instance_17071" type="identity">
      <class id="CHEBI:15358" label="histone"/>
      <span end="32198" id="15207008-2190" start="32191">histone</span>
    </annotation>
    <annotation annotator="Mike Bada, University of Colorado Anschutz Medical Campus" id="CHEBI_2015_08_26_Instance_18053" type="identity">
      <class id="CHEBI:15358" label="histone"/>
      <span end="36357" id="15207008-2246" start="36350">histone</span>
    </annotation>
    <annotation annotator="Mike Bada, University of Colorado Anschutz Medical Campus" id="CHEBI_2015_08_26_Instance_17075" type="identity">
      <class id="CHEBI:26537" label="retinoid"/>
      <span end="36435" id="15207008-2192" start="36427">retinoid</span>
    </annotation>
    <annotation annotator="Mike Bada, University of Colorado Anschutz Medical Campus" id="CHEBI_2015_08_26_Instance_17077" type="identity">
      <class id="CHEBI:8984" label="sodium dodecyl sulfate"/>
      <span end="38530" id="15207008-2194" start="38527">SDS</span>
    </annotation>
    <annotation annotator="Mike Bada, University of Colorado Anschutz Medical Campus" id="CHEBI_2015_08_26_Instance_18055" type="identity">
      <class id="CHEBI:33848" label="polycyclic arene"/>
      <span end="40185" id="15207008-2248" start="40160">polyaromatic hydrocarbons</span>
    </annotation>
    <annotation annotator="Mike Bada, University of Colorado Anschutz Medical Campus" id="CHEBI_2015_08_26_Instance_17087" type="identity">
      <class id="CHEBI:15358" label="histone"/>
      <span end="40359" id="15207008-2196" start="40352">histone</span>
    </annotation>
    <annotation annotator="Mike Bada, University of Colorado Anschutz Medical Campus" id="CHEBI_2015_08_26_Instance_17089" type="identity">
      <class id="CHEBI:15358" label="histone"/>
      <span end="40582" id="15207008-2198" start="40575">histone</span>
    </annotation>
    <annotation annotator="Mike Bada, University of Colorado Anschutz Medical Campus" id="CHEBI_2015_08_26_Instance_17091" type="identity">
      <class id="CHEBI:15358" label="histone"/>
      <span end="40707" id="15207008-2200" start="40700">histone</span>
    </annotation>
    <annotation annotator="Mike Bada, University of Colorado Anschutz Medical Campus" id="CHEBI_2015_08_26_Instance_17093" type="identity">
      <class id="CHEBI:15358" label="histone"/>
      <span end="41443" id="15207008-2202" start="41436">histone</span>
    </annotation>
    <annotation annotator="Mike Bada, University of Colorado Anschutz Medical Campus" id="CHEBI_2015_08_26_Instance_330400" type="identity">
      <class id="CHEBI:15377" label="water"/>
      <span end="42448" id="15207008-2252" start="42443">water</span>
    </annotation>
    <annotation annotator="Mike Bada, University of Colorado Anschutz Medical Campus" id="CHEBI_2015_08_26_Instance_180262" type="identity">
      <class id="CHEBI:33694" label="biomacromolecule"/>
      <span end="44672" id="15207008-2240" start="44662">Biopolymer</span>
    </annotation>
    <annotation annotator="Mike Bada, University of Colorado Anschutz Medical Campus" id="CHEBI_2015_08_26_Instance_180266" type="identity">
      <class id="CHEBI:61448" label="isopropyl beta-D-thiogalactopyranoside"/>
      <span end="48565" id="15207008-2242" start="48561">IPTG</span>
    </annotation>
    <annotation annotator="Mike Bada, University of Colorado Anschutz Medical Campus" id="CHEBI_2015_08_26_Instance_17101" type="identity">
      <class id="CHEBI:9754" label="tris"/>
      <span end="48658" id="15207008-2206" start="48654">Tris</span>
    </annotation>
    <annotation annotator="Mike Bada, University of Colorado Anschutz Medical Campus" id="CHEBI_2015_08_26_Instance_17103" type="identity">
      <class id="CHEBI:17883" label="hydrogen chloride"/>
      <span end="48662" id="15207008-2208" start="48659">HCl</span>
    </annotation>
    <annotation annotator="Mike Bada, University of Colorado Anschutz Medical Campus" id="CHEBI_2015_08_26_Instance_17105" type="identity">
      <class id="CHEBI:26710" label="sodium chloride"/>
      <span end="48682" id="15207008-2210" start="48678">NaCl</span>
    </annotation>
    <annotation annotator="Mike Bada, University of Colorado Anschutz Medical Campus" id="CHEBI_2015_08_26_Instance_17111" type="identity">
      <class id="CHEBI:16856" label="glutathione"/>
      <span end="48894" id="15207008-2212" start="48883">glutathione</span>
    </annotation>
    <annotation annotator="Mike Bada, University of Colorado Anschutz Medical Campus" id="CHEBI_2015_08_26_Instance_17113" type="identity">
      <class id="CHEBI:9754" label="tris"/>
      <span end="48932" id="15207008-2214" start="48928">Tris</span>
    </annotation>
    <annotation annotator="Mike Bada, University of Colorado Anschutz Medical Campus" id="CHEBI_2015_08_26_Instance_17115" type="identity">
      <class id="CHEBI:17883" label="hydrogen chloride"/>
      <span end="48936" id="15207008-2216" start="48933">HCl</span>
    </annotation>
    <annotation annotator="Mike Bada, University of Colorado Anschutz Medical Campus" id="CHEBI_2015_08_26_Instance_17117" type="identity">
      <class id="CHEBI:26710" label="sodium chloride"/>
      <span end="48956" id="15207008-2218" start="48952">NaCl</span>
    </annotation>
    <annotation annotator="Mike Bada, University of Colorado Anschutz Medical Campus" id="CHEBI_2015_08_26_Instance_17121" type="identity">
      <class id="CHEBI:37983" label="sulfur-35 atom"/>
      <span end="49163" id="15207008-2220" start="49160">35S</span>
    </annotation>
    <annotation annotator="Mike Bada, University of Colorado Anschutz Medical Campus" id="CHEBI_2015_08_26_Instance_17123" type="identity">
      <class id="CHEBI:9754" label="tris"/>
      <span end="49282" id="15207008-2222" start="49278">Tris</span>
    </annotation>
    <annotation annotator="Mike Bada, University of Colorado Anschutz Medical Campus" id="CHEBI_2015_08_26_Instance_17129" type="identity">
      <class id="CHEBI:17883" label="hydrogen chloride"/>
      <span end="49286" id="15207008-2228" start="49283">HCl</span>
    </annotation>
    <annotation annotator="Mike Bada, University of Colorado Anschutz Medical Campus" id="CHEBI_2015_08_26_Instance_17135" type="identity">
      <class id="CHEBI:26710" label="sodium chloride"/>
      <span end="49306" id="15207008-2232" start="49302">NaCl</span>
    </annotation>
    <annotation annotator="Mike Bada, University of Colorado Anschutz Medical Campus" id="CHEBI_2015_08_26_Instance_17125" type="identity">
      <class id="CHEBI:9754" label="tris"/>
      <span end="49455" id="15207008-2224" start="49451">Tris</span>
    </annotation>
    <annotation annotator="Mike Bada, University of Colorado Anschutz Medical Campus" id="CHEBI_2015_08_26_Instance_17131" type="identity">
      <class id="CHEBI:17883" label="hydrogen chloride"/>
      <span end="49459" id="15207008-2230" start="49456">HCl</span>
    </annotation>
    <annotation annotator="Mike Bada, University of Colorado Anschutz Medical Campus" id="CHEBI_2015_08_26_Instance_17137" type="identity">
      <class id="CHEBI:26710" label="sodium chloride"/>
      <span end="49479" id="15207008-2234" start="49475">NaCl</span>
    </annotation>
    <annotation annotator="Mike Bada, University of Colorado Anschutz Medical Campus" id="CHEBI_2015_08_26_Instance_17127" type="identity">
      <class id="CHEBI:9754" label="tris"/>
      <span end="49601" id="15207008-2226" start="49597">Tris</span>
    </annotation>
    <annotation annotator="Mike Bada, University of Colorado Anschutz Medical Campus" id="CHEBI_2015_08_26_Instance_180280" type="identity">
      <class id="CHEBI:17883" label="hydrogen chloride"/>
      <span end="49605" id="15207008-2244" start="49602">HCl</span>
    </annotation>
    <annotation annotator="Mike Bada, University of Colorado Anschutz Medical Campus" id="CHEBI_2015_08_26_Instance_17143" type="identity">
      <class id="CHEBI:16856" label="glutathione"/>
      <span end="49639" id="15207008-2236" start="49628">glutathione</span>
    </annotation>
    <annotation annotator="Mike Bada, University of Colorado Anschutz Medical Campus" id="CHEBI_2015_08_26_Instance_17145" type="identity">
      <class id="CHEBI:8984" label="sodium dodecyl sulfate"/>
      <span end="49679" id="15207008-2238" start="49676">SDS</span>
    </annotation>
    <graph-space id="Old Knowtator Relations"/>
  </document>
</knowtator-project>
