<?xml version="1.0" encoding="UTF-8" standalone="no"?>
<knowtator-project>
  <document id="15320950" text-file="15320950.txt">
    <annotation annotator="Mike Bada, University of Colorado Anschutz Medical Campus" id="CHEBI_2015_08_26_Instance_17589" type="identity">
      <class id="CHEBI:29103" label="potassium(1+)"/>
      <span end="657" id="15320950-2435" start="655">K+</span>
    </annotation>
    <annotation annotator="Mike Bada, University of Colorado Anschutz Medical Campus" id="CHEBI_2015_08_26_Instance_17499" type="identity">
      <class id="CHEBI:29103" label="potassium(1+)"/>
      <span end="1339" id="15320950-2345" start="1337">K+</span>
    </annotation>
    <annotation annotator="Mike Bada, University of Colorado Anschutz Medical Campus" id="CHEBI_2015_08_26_Instance_360024" type="identity">
      <class id="CHEBI:26130" label="biological pigment"/>
      <span end="1423" id="15320950-2605" start="1414">pigmented</span>
    </annotation>
    <annotation annotator="Mike Bada, University of Colorado Anschutz Medical Campus" id="CHEBI_2015_08_26_Instance_17711" type="identity">
      <class id="CHEBI:26519" label="radical"/>
      <span end="1461" id="15320950-2533" start="1449">free radical</span>
    </annotation>
    <annotation annotator="Mike Bada, University of Colorado Anschutz Medical Campus" id="CHEBI_2015_08_26_Instance_17501" type="identity">
      <class id="CHEBI:29103" label="potassium(1+)"/>
      <span end="1605" id="15320950-2347" start="1603">K+</span>
    </annotation>
    <annotation annotator="Mike Bada, University of Colorado Anschutz Medical Campus" id="CHEBI_2015_08_26_Instance_17503" type="identity">
      <class id="CHEBI:29103" label="potassium(1+)"/>
      <span end="1671" id="15320950-2349" start="1669">K+</span>
    </annotation>
    <annotation annotator="Mike Bada, University of Colorado Anschutz Medical Campus" id="CHEBI_2015_08_26_Instance_17505" type="identity">
      <class id="CHEBI:29103" label="potassium(1+)"/>
      <span end="1712" id="15320950-2351" start="1710">K+</span>
    </annotation>
    <annotation annotator="Mike Bada, University of Colorado Anschutz Medical Campus" id="CHEBI_2015_08_26_Instance_17591" type="identity">
      <class id="CHEBI:29101" label="sodium(1+)"/>
      <span end="1741" id="15320950-2437" start="1738">Na+</span>
    </annotation>
    <annotation annotator="Mike Bada, University of Colorado Anschutz Medical Campus" id="CHEBI_2015_08_26_Instance_17507" type="identity">
      <class id="CHEBI:29103" label="potassium(1+)"/>
      <span end="1749" id="15320950-2353" start="1747">K+</span>
    </annotation>
    <annotation annotator="Mike Bada, University of Colorado Anschutz Medical Campus" id="CHEBI_2015_08_26_Instance_17607" type="identity">
      <class id="CHEBI:16382" label="iodide"/>
      <span end="2514" id="15320950-2453" start="2508">iodide</span>
    </annotation>
    <annotation annotator="Mike Bada, University of Colorado Anschutz Medical Campus" id="CHEBI_2015_08_26_Instance_17609" type="identity">
      <class id="CHEBI:16382" label="iodide"/>
      <span end="2579" id="15320950-2455" start="2573">iodide</span>
    </annotation>
    <annotation annotator="Mike Bada, University of Colorado Anschutz Medical Campus" id="CHEBI_2015_08_26_Instance_17611" type="identity">
      <class id="CHEBI:49706" label="perchlorate"/>
      <span end="2678" id="15320950-2457" start="2667">perchlorate</span>
    </annotation>
    <annotation annotator="Mike Bada, University of Colorado Anschutz Medical Campus" id="CHEBI_2015_08_26_Instance_17613" type="identity">
      <class id="CHEBI:22563" label="anion"/>
      <span end="2821" id="15320950-2459" start="2816">anion</span>
    </annotation>
    <annotation annotator="Mike Bada, University of Colorado Anschutz Medical Campus" id="CHEBI_2015_08_26_Instance_17615" type="identity">
      <class id="CHEBI:17996" label="chloride"/>
      <span end="2854" id="15320950-2461" start="2851">Cl-</span>
    </annotation>
    <annotation annotator="Mike Bada, University of Colorado Anschutz Medical Campus" id="CHEBI_2015_08_26_Instance_17617" type="identity">
      <class id="CHEBI:16382" label="iodide"/>
      <span end="2858" id="15320950-2463" start="2856">I-</span>
    </annotation>
    <annotation annotator="Mike Bada, University of Colorado Anschutz Medical Campus" id="CHEBI_2015_08_26_Instance_17677" type="identity">
      <class id="CHEBI:17544" label="hydrogencarbonate"/>
      <span end="2866" id="15320950-2503" start="2860">HCO3 -</span>
    </annotation>
    <annotation annotator="Mike Bada, University of Colorado Anschutz Medical Campus" id="CHEBI_2015_08_26_Instance_17619" type="identity">
      <class id="CHEBI:15740" label="formate"/>
      <span end="2878" id="15320950-2465" start="2871">formate</span>
    </annotation>
    <annotation annotator="Mike Bada, University of Colorado Anschutz Medical Campus" id="CHEBI_2015_08_26_Instance_17509" type="identity">
      <class id="CHEBI:29103" label="potassium(1+)"/>
      <span end="4321" id="15320950-2355" start="4319">K+</span>
    </annotation>
    <annotation annotator="Mike Bada, University of Colorado Anschutz Medical Campus" id="CHEBI_2015_08_26_Instance_17511" type="identity">
      <class id="CHEBI:29103" label="potassium(1+)"/>
      <span end="5002" id="15320950-2357" start="5000">K+</span>
    </annotation>
    <annotation annotator="Mike Bada, University of Colorado Anschutz Medical Campus" id="CHEBI_2015_08_26_Instance_17513" type="identity">
      <class id="CHEBI:29103" label="potassium(1+)"/>
      <span end="5077" id="15320950-2359" start="5075">K+</span>
    </annotation>
    <annotation annotator="Mike Bada, University of Colorado Anschutz Medical Campus" id="CHEBI_2015_08_26_Instance_180632" type="identity">
      <class id="CHEBI:7984" label="Pentobarbital sodium"/>
      <span end="5388" id="15320950-2543" start="5368">sodium pentobarbital</span>
    </annotation>
    <annotation annotator="Mike Bada, University of Colorado Anschutz Medical Campus" id="CHEBI_2015_08_26_Instance_17625" type="identity">
      <class id="CHEBI:17996" label="chloride"/>
      <span end="5444" id="15320950-2467" start="5441">Cl-</span>
    </annotation>
    <annotation annotator="Mike Bada, University of Colorado Anschutz Medical Campus" id="CHEBI_2015_08_26_Instance_180640" type="identity">
      <class id="CHEBI:84997" label="sodium gluconate"/>
      <span end="5481" id="15320950-2545" start="5469">Na-gluconate</span>
    </annotation>
    <annotation annotator="Mike Bada, University of Colorado Anschutz Medical Campus" id="CHEBI_2015_08_26_Instance_180642" type="identity">
      <class id="CHEBI:75958" label="solution"/>
      <span end="5490" id="15320950-2547" start="5482">solution</span>
    </annotation>
    <annotation annotator="Mike Bada, University of Colorado Anschutz Medical Campus" id="CHEBI_2015_08_26_Instance_17635" type="identity">
      <class id="CHEBI:17992" label="sucrose"/>
      <span end="5646" id="15320950-2469" start="5639">sucrose</span>
    </annotation>
    <annotation annotator="Mike Bada, University of Colorado Anschutz Medical Campus" id="CHEBI_2015_08_26_Instance_17637" type="identity">
      <class id="CHEBI:46793" label="poly(ethylene glycol)"/>
      <span end="5696" id="15320950-2471" start="5677">polyethylene glycol</span>
    </annotation>
    <annotation annotator="Mike Bada, University of Colorado Anschutz Medical Campus" id="CHEBI_2015_08_26_Instance_180648" type="identity">
      <class id="CHEBI:9750" label="Triton X-100"/>
      <span end="5805" id="15320950-2549" start="5797">Triton-X</span>
    </annotation>
    <annotation annotator="Mike Bada, University of Colorado Anschutz Medical Campus" id="CHEBI_2015_08_26_Instance_180650" type="identity">
      <class id="CHEBI:9750" label="Triton X-100"/>
      <span end="5813" id="15320950-2551" start="5811">TX</span>
    </annotation>
    <annotation annotator="Mike Bada, University of Colorado Anschutz Medical Campus" id="CHEBI_2015_08_26_Instance_180652" type="identity">
      <class id="CHEBI:9750" label="Triton X-100"/>
      <span end="5917" id="15320950-2553" start="5915">TX</span>
    </annotation>
    <annotation annotator="Mike Bada, University of Colorado Anschutz Medical Campus" id="CHEBI_2015_08_26_Instance_180654" type="identity">
      <class id="CHEBI:9750" label="Triton X-100"/>
      <span end="6314" id="15320950-2555" start="6312">TX</span>
    </annotation>
    <annotation annotator="Mike Bada, University of Colorado Anschutz Medical Campus" id="CHEBI_2015_08_26_Instance_180656" type="identity">
      <class id="CHEBI:9750" label="Triton X-100"/>
      <span end="6413" id="15320950-2557" start="6411">TX</span>
    </annotation>
    <annotation annotator="Mike Bada, University of Colorado Anschutz Medical Campus" id="CHEBI_2015_08_26_Instance_180658" type="identity">
      <class id="CHEBI:52661" label="Alexa Fluor 488"/>
      <span end="6457" id="15320950-2559" start="6448">Alexa 488</span>
    </annotation>
    <annotation annotator="Mike Bada, University of Colorado Anschutz Medical Campus" id="CHEBI_2015_08_26_Instance_180660" type="identity">
      <class id="CHEBI:51248" label="Alexa Fluor 594"/>
      <span end="6485" id="15320950-2561" start="6476">Alexa 594</span>
    </annotation>
    <annotation annotator="Mike Bada, University of Colorado Anschutz Medical Campus" id="CHEBI_2015_08_26_Instance_180662" type="identity">
      <class id="CHEBI:51248" label="Alexa Fluor 594"/>
      <span end="6518" id="15320950-2563" start="6509">Alexa 594</span>
    </annotation>
    <annotation annotator="Mike Bada, University of Colorado Anschutz Medical Campus" id="CHEBI_2015_08_26_Instance_180666" type="identity">
      <class id="CHEBI:52661" label="Alexa Fluor 488"/>
      <span end="6610" id="15320950-2565" start="6601">Alexa 488</span>
    </annotation>
    <annotation annotator="Mike Bada, University of Colorado Anschutz Medical Campus" id="CHEBI_2015_08_26_Instance_17639" type="identity">
      <class id="CHEBI:8040" label="phalloidin"/>
      <span end="6632" id="15320950-2473" start="6622">phalloidin</span>
    </annotation>
    <annotation annotator="Mike Bada, University of Colorado Anschutz Medical Campus" id="CHEBI_2015_08_26_Instance_180670" type="identity">
      <class id="CHEBI:9750" label="Triton X-100"/>
      <span end="6701" id="15320950-2567" start="6699">TX</span>
    </annotation>
    <annotation annotator="Mike Bada, University of Colorado Anschutz Medical Campus" id="CHEBI_2015_08_26_Instance_180672" type="identity">
      <class id="CHEBI:7984" label="Pentobarbital sodium"/>
      <span end="7086" id="15320950-2569" start="7066">sodium pentobarbital</span>
    </annotation>
    <annotation annotator="Mike Bada, University of Colorado Anschutz Medical Campus" id="CHEBI_2015_08_26_Instance_17645" type="identity">
      <class id="CHEBI:17997" label="dinitrogen"/>
      <span end="7163" id="15320950-2475" start="7161">N2</span>
    </annotation>
    <annotation annotator="Mike Bada, University of Colorado Anschutz Medical Campus" id="CHEBI_2015_08_26_Instance_180688" type="identity">
      <class id="CHEBI:51461" label="SYBR Green I"/>
      <span end="8211" id="15320950-2571" start="8199">SYBR green I</span>
    </annotation>
    <annotation annotator="Mike Bada, University of Colorado Anschutz Medical Campus" id="CHEBI_2015_08_26_Instance_17515" type="identity">
      <class id="CHEBI:29103" label="potassium(1+)"/>
      <span end="8275" id="15320950-2361" start="8273">K+</span>
    </annotation>
    <annotation annotator="Mike Bada, University of Colorado Anschutz Medical Campus" id="CHEBI_2015_08_26_Instance_17647" type="identity">
      <class id="CHEBI:2511" label="agarose"/>
      <span end="8916" id="15320950-2477" start="8909">agarose</span>
    </annotation>
    <annotation annotator="Mike Bada, University of Colorado Anschutz Medical Campus" id="CHEBI_2015_08_26_Instance_13927" type="identity">
      <class id="CHEBI:36357" label="polyatomic entity"/>
      <span end="9021" id="15320950-2337" start="9012">molecules</span>
    </annotation>
    <annotation annotator="Mike Bada, University of Colorado Anschutz Medical Campus" id="CHEBI_2015_08_26_Instance_13929" type="identity">
      <class id="CHEBI:36357" label="polyatomic entity"/>
      <span end="9113" id="15320950-2339" start="9104">molecules</span>
    </annotation>
    <annotation annotator="Mike Bada, University of Colorado Anschutz Medical Campus" id="CHEBI_2015_08_26_Instance_13931" type="identity">
      <class id="CHEBI:36357" label="polyatomic entity"/>
      <span end="9209" id="15320950-2341" start="9200">molecules</span>
    </annotation>
    <annotation annotator="Mike Bada, University of Colorado Anschutz Medical Campus" id="CHEBI_2015_08_26_Instance_13933" type="identity">
      <class id="CHEBI:36357" label="polyatomic entity"/>
      <span end="9486" id="15320950-2343" start="9477">molecules</span>
    </annotation>
    <annotation annotator="Mike Bada, University of Colorado Anschutz Medical Campus" id="CHEBI_2015_08_26_Instance_180700" type="identity">
      <class id="CHEBI:7984" label="Pentobarbital sodium"/>
      <span end="9846" id="15320950-2573" start="9826">sodium pentobarbital</span>
    </annotation>
    <annotation annotator="Mike Bada, University of Colorado Anschutz Medical Campus" id="CHEBI_2015_08_26_Instance_17653" type="identity">
      <class id="CHEBI:26714" label="sodium salt"/>
      <span end="10606" id="15320950-2479" start="10595">sodium salt</span>
    </annotation>
    <annotation annotator="Mike Bada, University of Colorado Anschutz Medical Campus" id="CHEBI_2015_08_26_Instance_17517" type="identity">
      <class id="CHEBI:29103" label="potassium(1+)"/>
      <span end="10675" id="15320950-2363" start="10673">K+</span>
    </annotation>
    <annotation annotator="Mike Bada, University of Colorado Anschutz Medical Campus" id="CHEBI_2015_08_26_Instance_17519" type="identity">
      <class id="CHEBI:29103" label="potassium(1+)"/>
      <span end="10941" id="15320950-2365" start="10939">K+</span>
    </annotation>
    <annotation annotator="Mike Bada, University of Colorado Anschutz Medical Campus" id="CHEBI_2015_08_26_Instance_330786" type="identity">
      <class id="CHEBI:75958" label="solution"/>
      <span end="10991" id="15320950-2603" start="10982">solutions</span>
    </annotation>
    <annotation annotator="Mike Bada, University of Colorado Anschutz Medical Campus" id="CHEBI_2015_08_26_Instance_17655" type="identity">
      <class id="CHEBI:36916" label="cation"/>
      <span end="11010" id="15320950-2481" start="11004">cation</span>
    </annotation>
    <annotation annotator="Mike Bada, University of Colorado Anschutz Medical Campus" id="CHEBI_2015_08_26_Instance_17521" type="identity">
      <class id="CHEBI:29103" label="potassium(1+)"/>
      <span end="11014" id="15320950-2367" start="11012">K+</span>
    </annotation>
    <annotation annotator="Mike Bada, University of Colorado Anschutz Medical Campus" id="CHEBI_2015_08_26_Instance_17593" type="identity">
      <class id="CHEBI:29101" label="sodium(1+)"/>
      <span end="11022" id="15320950-2439" start="11019">Na+</span>
    </annotation>
    <annotation annotator="Mike Bada, University of Colorado Anschutz Medical Campus" id="CHEBI_2015_08_26_Instance_17523" type="identity">
      <class id="CHEBI:29103" label="potassium(1+)"/>
      <span end="11080" id="15320950-2369" start="11078">K+</span>
    </annotation>
    <annotation annotator="Mike Bada, University of Colorado Anschutz Medical Campus" id="CHEBI_2015_08_26_Instance_17595" type="identity">
      <class id="CHEBI:29101" label="sodium(1+)"/>
      <span end="11099" id="15320950-2441" start="11096">Na+</span>
    </annotation>
    <annotation annotator="Mike Bada, University of Colorado Anschutz Medical Campus" id="CHEBI_2015_08_26_Instance_17525" type="identity">
      <class id="CHEBI:29103" label="potassium(1+)"/>
      <span end="11290" id="15320950-2371" start="11288">K+</span>
    </annotation>
    <annotation annotator="Mike Bada, University of Colorado Anschutz Medical Campus" id="CHEBI_2015_08_26_Instance_17597" type="identity">
      <class id="CHEBI:29101" label="sodium(1+)"/>
      <span end="11302" id="15320950-2443" start="11299">Na+</span>
    </annotation>
    <annotation annotator="Mike Bada, University of Colorado Anschutz Medical Campus" id="CHEBI_2015_08_26_Instance_17599" type="identity">
      <class id="CHEBI:29101" label="sodium(1+)"/>
      <span end="11372" id="15320950-2445" start="11369">Na+</span>
    </annotation>
    <annotation annotator="Mike Bada, University of Colorado Anschutz Medical Campus" id="CHEBI_2015_08_26_Instance_17601" type="identity">
      <class id="CHEBI:29101" label="sodium(1+)"/>
      <span end="11380" id="15320950-2447" start="11377">Na+</span>
    </annotation>
    <annotation annotator="Mike Bada, University of Colorado Anschutz Medical Campus" id="CHEBI_2015_08_26_Instance_17527" type="identity">
      <class id="CHEBI:29103" label="potassium(1+)"/>
      <span end="11493" id="15320950-2373" start="11491">K+</span>
    </annotation>
    <annotation annotator="Mike Bada, University of Colorado Anschutz Medical Campus" id="CHEBI_2015_08_26_Instance_180716" type="identity">
      <class id="CHEBI:59132" label="antigen"/>
      <span end="12227" id="15320950-2575" start="12218">antigenic</span>
    </annotation>
    <annotation annotator="Mike Bada, University of Colorado Anschutz Medical Campus" id="CHEBI_2015_08_26_Instance_17657" type="identity">
      <class id="CHEBI:17544" label="hydrogencarbonate"/>
      <span end="12662" id="15320950-2483" start="12656">HCO3 -</span>
    </annotation>
    <annotation annotator="Mike Bada, University of Colorado Anschutz Medical Campus" id="CHEBI_2015_08_26_Instance_17659" type="identity">
      <class id="CHEBI:17544" label="hydrogencarbonate"/>
      <span end="12702" id="15320950-2485" start="12696">HCO3 -</span>
    </annotation>
    <annotation annotator="Mike Bada, University of Colorado Anschutz Medical Campus" id="CHEBI_2015_08_26_Instance_17661" type="identity">
      <class id="CHEBI:17544" label="hydrogencarbonate"/>
      <span end="12764" id="15320950-2487" start="12758">HCO3 -</span>
    </annotation>
    <annotation annotator="Mike Bada, University of Colorado Anschutz Medical Campus" id="CHEBI_2015_08_26_Instance_17679" type="identity">
      <class id="CHEBI:16526" label="carbon dioxide"/>
      <span end="12805" id="15320950-2505" start="12802">CO2</span>
    </annotation>
    <annotation annotator="Mike Bada, University of Colorado Anschutz Medical Campus" id="CHEBI_2015_08_26_Instance_17683" type="identity">
      <class id="CHEBI:16526" label="carbon dioxide"/>
      <span end="12877" id="15320950-2507" start="12874">CO2</span>
    </annotation>
    <annotation annotator="Mike Bada, University of Colorado Anschutz Medical Campus" id="CHEBI_2015_08_26_Instance_17663" type="identity">
      <class id="CHEBI:17544" label="hydrogencarbonate"/>
      <span end="13011" id="15320950-2489" start="13005">HCO3 -</span>
    </annotation>
    <annotation annotator="Mike Bada, University of Colorado Anschutz Medical Campus" id="CHEBI_2015_08_26_Instance_17665" type="identity">
      <class id="CHEBI:17544" label="hydrogencarbonate"/>
      <span end="13060" id="15320950-2491" start="13054">HCO3 -</span>
    </annotation>
    <annotation annotator="Mike Bada, University of Colorado Anschutz Medical Campus" id="CHEBI_2015_08_26_Instance_17667" type="identity">
      <class id="CHEBI:17544" label="hydrogencarbonate"/>
      <span end="13167" id="15320950-2493" start="13161">HCO3 -</span>
    </annotation>
    <annotation annotator="Mike Bada, University of Colorado Anschutz Medical Campus" id="CHEBI_2015_08_26_Instance_17529" type="identity">
      <class id="CHEBI:29103" label="potassium(1+)"/>
      <span end="14070" id="15320950-2375" start="14068">K+</span>
    </annotation>
    <annotation annotator="Mike Bada, University of Colorado Anschutz Medical Campus" id="CHEBI_2015_08_26_Instance_17531" type="identity">
      <class id="CHEBI:29103" label="potassium(1+)"/>
      <span end="15797" id="15320950-2377" start="15795">K+</span>
    </annotation>
    <annotation annotator="Mike Bada, University of Colorado Anschutz Medical Campus" id="CHEBI_2015_08_26_Instance_17533" type="identity">
      <class id="CHEBI:29103" label="potassium(1+)"/>
      <span end="16161" id="15320950-2379" start="16159">K+</span>
    </annotation>
    <annotation annotator="Mike Bada, University of Colorado Anschutz Medical Campus" id="CHEBI_2015_08_26_Instance_17535" type="identity">
      <class id="CHEBI:29103" label="potassium(1+)"/>
      <span end="16317" id="15320950-2381" start="16315">K+</span>
    </annotation>
    <annotation annotator="Mike Bada, University of Colorado Anschutz Medical Campus" id="CHEBI_2015_08_26_Instance_17537" type="identity">
      <class id="CHEBI:29103" label="potassium(1+)"/>
      <span end="16490" id="15320950-2383" start="16488">K+</span>
    </annotation>
    <annotation annotator="Mike Bada, University of Colorado Anschutz Medical Campus" id="CHEBI_2015_08_26_Instance_17539" type="identity">
      <class id="CHEBI:29103" label="potassium(1+)"/>
      <span end="16883" id="15320950-2385" start="16881">K+</span>
    </annotation>
    <annotation annotator="Mike Bada, University of Colorado Anschutz Medical Campus" id="CHEBI_2015_08_26_Instance_17541" type="identity">
      <class id="CHEBI:29103" label="potassium(1+)"/>
      <span end="17003" id="15320950-2387" start="17001">K+</span>
    </annotation>
    <annotation annotator="Mike Bada, University of Colorado Anschutz Medical Campus" id="CHEBI_2015_08_26_Instance_17543" type="identity">
      <class id="CHEBI:29103" label="potassium(1+)"/>
      <span end="17713" id="15320950-2389" start="17711">K+</span>
    </annotation>
    <annotation annotator="Mike Bada, University of Colorado Anschutz Medical Campus" id="CHEBI_2015_08_26_Instance_17545" type="identity">
      <class id="CHEBI:29103" label="potassium(1+)"/>
      <span end="17930" id="15320950-2391" start="17928">K+</span>
    </annotation>
    <annotation annotator="Mike Bada, University of Colorado Anschutz Medical Campus" id="CHEBI_2015_08_26_Instance_17547" type="identity">
      <class id="CHEBI:29103" label="potassium(1+)"/>
      <span end="17988" id="15320950-2393" start="17986">K+</span>
    </annotation>
    <annotation annotator="Mike Bada, University of Colorado Anschutz Medical Campus" id="CHEBI_2015_08_26_Instance_17549" type="identity">
      <class id="CHEBI:29103" label="potassium(1+)"/>
      <span end="18032" id="15320950-2395" start="18030">K+</span>
    </annotation>
    <annotation annotator="Mike Bada, University of Colorado Anschutz Medical Campus" id="CHEBI_2015_08_26_Instance_330328" type="identity">
      <class id="CHEBI:36357" label="polyatomic entity"/>
      <span end="19148" id="15320950-2591" start="19139">molecules</span>
    </annotation>
    <annotation annotator="Mike Bada, University of Colorado Anschutz Medical Campus" id="CHEBI_2015_08_26_Instance_330330" type="identity">
      <class id="CHEBI:36357" label="polyatomic entity"/>
      <span end="20040" id="15320950-2593" start="20031">molecules</span>
    </annotation>
    <annotation annotator="Mike Bada, University of Colorado Anschutz Medical Campus" id="CHEBI_2015_08_26_Instance_330332" type="identity">
      <class id="CHEBI:36357" label="polyatomic entity"/>
      <span end="20143" id="15320950-2595" start="20134">molecules</span>
    </annotation>
    <annotation annotator="Mike Bada, University of Colorado Anschutz Medical Campus" id="CHEBI_2015_08_26_Instance_17551" type="identity">
      <class id="CHEBI:29103" label="potassium(1+)"/>
      <span end="21742" id="15320950-2397" start="21740">K+</span>
    </annotation>
    <annotation annotator="Mike Bada, University of Colorado Anschutz Medical Campus" id="CHEBI_2015_08_26_Instance_330334" type="identity">
      <class id="CHEBI:36357" label="polyatomic entity"/>
      <span end="22708" id="15320950-2597" start="22699">molecules</span>
    </annotation>
    <annotation annotator="Mike Bada, University of Colorado Anschutz Medical Campus" id="CHEBI_2015_08_26_Instance_330336" type="identity">
      <class id="CHEBI:36357" label="polyatomic entity"/>
      <span end="23240" id="15320950-2599" start="23231">molecules</span>
    </annotation>
    <annotation annotator="Mike Bada, University of Colorado Anschutz Medical Campus" id="CHEBI_2015_08_26_Instance_330358" type="identity">
      <class id="CHEBI:26130" label="biological pigment"/>
      <span end="24984" id="15320950-2601" start="24977">pigment</span>
    </annotation>
    <annotation annotator="Mike Bada, University of Colorado Anschutz Medical Campus" id="CHEBI_2015_08_26_Instance_17553" type="identity">
      <class id="CHEBI:29103" label="potassium(1+)"/>
      <span end="27553" id="15320950-2399" start="27551">K+</span>
    </annotation>
    <annotation annotator="Mike Bada, University of Colorado Anschutz Medical Campus" id="CHEBI_2015_08_26_Instance_17555" type="identity">
      <class id="CHEBI:29103" label="potassium(1+)"/>
      <span end="27653" id="15320950-2401" start="27651">K+</span>
    </annotation>
    <annotation annotator="Mike Bada, University of Colorado Anschutz Medical Campus" id="CHEBI_2015_08_26_Instance_17557" type="identity">
      <class id="CHEBI:29103" label="potassium(1+)"/>
      <span end="27716" id="15320950-2403" start="27714">K+</span>
    </annotation>
    <annotation annotator="Mike Bada, University of Colorado Anschutz Medical Campus" id="CHEBI_2015_08_26_Instance_17559" type="identity">
      <class id="CHEBI:29103" label="potassium(1+)"/>
      <span end="27765" id="15320950-2405" start="27763">K+</span>
    </annotation>
    <annotation annotator="Mike Bada, University of Colorado Anschutz Medical Campus" id="CHEBI_2015_08_26_Instance_17561" type="identity">
      <class id="CHEBI:29103" label="potassium(1+)"/>
      <span end="27921" id="15320950-2407" start="27919">K+</span>
    </annotation>
    <annotation annotator="Mike Bada, University of Colorado Anschutz Medical Campus" id="CHEBI_2015_08_26_Instance_17563" type="identity">
      <class id="CHEBI:29103" label="potassium(1+)"/>
      <span end="28032" id="15320950-2409" start="28030">K+</span>
    </annotation>
    <annotation annotator="Mike Bada, University of Colorado Anschutz Medical Campus" id="CHEBI_2015_08_26_Instance_180766" type="identity">
      <class id="CHEBI:3213" label="bumetanide"/>
      <span end="28077" id="15320950-2581" start="28067">bumetanide</span>
    </annotation>
    <annotation annotator="Mike Bada, University of Colorado Anschutz Medical Campus" id="CHEBI_2015_08_26_Instance_17565" type="identity">
      <class id="CHEBI:29103" label="potassium(1+)"/>
      <span end="28271" id="15320950-2411" start="28269">K+</span>
    </annotation>
    <annotation annotator="Mike Bada, University of Colorado Anschutz Medical Campus" id="CHEBI_2015_08_26_Instance_17567" type="identity">
      <class id="CHEBI:29103" label="potassium(1+)"/>
      <span end="28350" id="15320950-2413" start="28348">K+</span>
    </annotation>
    <annotation annotator="Mike Bada, University of Colorado Anschutz Medical Campus" id="CHEBI_2015_08_26_Instance_17569" type="identity">
      <class id="CHEBI:29103" label="potassium(1+)"/>
      <span end="28367" id="15320950-2415" start="28365">K+</span>
    </annotation>
    <annotation annotator="Mike Bada, University of Colorado Anschutz Medical Campus" id="CHEBI_2015_08_26_Instance_180768" type="identity">
      <class id="CHEBI:3213" label="bumetanide"/>
      <span end="28423" id="15320950-2583" start="28413">bumetanide</span>
    </annotation>
    <annotation annotator="Mike Bada, University of Colorado Anschutz Medical Campus" id="CHEBI_2015_08_26_Instance_180770" type="identity">
      <class id="CHEBI:77608" label="loop diuretic"/>
      <span end="28440" id="15320950-2585" start="28427">loop-diuretic</span>
    </annotation>
    <annotation annotator="Mike Bada, University of Colorado Anschutz Medical Campus" id="CHEBI_2015_08_26_Instance_17603" type="identity">
      <class id="CHEBI:29101" label="sodium(1+)"/>
      <span end="28462" id="15320950-2449" start="28459">Na+</span>
    </annotation>
    <annotation annotator="Mike Bada, University of Colorado Anschutz Medical Campus" id="CHEBI_2015_08_26_Instance_17571" type="identity">
      <class id="CHEBI:29103" label="potassium(1+)"/>
      <span end="28470" id="15320950-2417" start="28468">K+</span>
    </annotation>
    <annotation annotator="Mike Bada, University of Colorado Anschutz Medical Campus" id="CHEBI_2015_08_26_Instance_180772" type="identity">
      <class id="CHEBI:3213" label="bumetanide"/>
      <span end="28509" id="15320950-2587" start="28499">Bumetanide</span>
    </annotation>
    <annotation annotator="Mike Bada, University of Colorado Anschutz Medical Campus" id="CHEBI_2015_08_26_Instance_17573" type="identity">
      <class id="CHEBI:29103" label="potassium(1+)"/>
      <span end="28759" id="15320950-2419" start="28757">K+</span>
    </annotation>
    <annotation annotator="Mike Bada, University of Colorado Anschutz Medical Campus" id="CHEBI_2015_08_26_Instance_17605" type="identity">
      <class id="CHEBI:29101" label="sodium(1+)"/>
      <span end="28843" id="15320950-2451" start="28840">Na+</span>
    </annotation>
    <annotation annotator="Mike Bada, University of Colorado Anschutz Medical Campus" id="CHEBI_2015_08_26_Instance_17575" type="identity">
      <class id="CHEBI:29103" label="potassium(1+)"/>
      <span end="28851" id="15320950-2421" start="28849">K+</span>
    </annotation>
    <annotation annotator="Mike Bada, University of Colorado Anschutz Medical Campus" id="CHEBI_2015_08_26_Instance_17577" type="identity">
      <class id="CHEBI:29103" label="potassium(1+)"/>
      <span end="29437" id="15320950-2423" start="29435">K+</span>
    </annotation>
    <annotation annotator="Mike Bada, University of Colorado Anschutz Medical Campus" id="CHEBI_2015_08_26_Instance_17579" type="identity">
      <class id="CHEBI:29103" label="potassium(1+)"/>
      <span end="29516" id="15320950-2425" start="29514">K+</span>
    </annotation>
    <annotation annotator="Mike Bada, University of Colorado Anschutz Medical Campus" id="CHEBI_2015_08_26_Instance_17581" type="identity">
      <class id="CHEBI:29103" label="potassium(1+)"/>
      <span end="29897" id="15320950-2427" start="29895">K+</span>
    </annotation>
    <annotation annotator="Mike Bada, University of Colorado Anschutz Medical Campus" id="CHEBI_2015_08_26_Instance_17685" type="identity">
      <class id="CHEBI:16526" label="carbon dioxide"/>
      <span end="30134" id="15320950-2509" start="30131">CO2</span>
    </annotation>
    <annotation annotator="Mike Bada, University of Colorado Anschutz Medical Campus" id="CHEBI_2015_08_26_Instance_17669" type="identity">
      <class id="CHEBI:17544" label="hydrogencarbonate"/>
      <span end="30144" id="15320950-2495" start="30138">HCO3 -</span>
    </annotation>
    <annotation annotator="Mike Bada, University of Colorado Anschutz Medical Campus" id="CHEBI_2015_08_26_Instance_17687" type="identity">
      <class id="CHEBI:26519" label="radical"/>
      <span end="30177" id="15320950-2511" start="30164">free radicals</span>
    </annotation>
    <annotation annotator="Mike Bada, University of Colorado Anschutz Medical Campus" id="CHEBI_2015_08_26_Instance_17689" type="identity">
      <class id="CHEBI:16526" label="carbon dioxide"/>
      <span end="30191" id="15320950-2513" start="30188">CO2</span>
    </annotation>
    <annotation annotator="Mike Bada, University of Colorado Anschutz Medical Campus" id="CHEBI_2015_08_26_Instance_17691" type="identity">
      <class id="CHEBI:26519" label="radical"/>
      <span end="30209" id="15320950-2515" start="30196">free radicals</span>
    </annotation>
    <annotation annotator="Mike Bada, University of Colorado Anschutz Medical Campus" id="CHEBI_2015_08_26_Instance_17695" type="identity">
      <class id="CHEBI:16526" label="carbon dioxide"/>
      <span end="30378" id="15320950-2517" start="30375">CO2</span>
    </annotation>
    <annotation annotator="Mike Bada, University of Colorado Anschutz Medical Campus" id="CHEBI_2015_08_26_Instance_17671" type="identity">
      <class id="CHEBI:17544" label="hydrogencarbonate"/>
      <span end="30388" id="15320950-2497" start="30382">HCO3 -</span>
    </annotation>
    <annotation annotator="Mike Bada, University of Colorado Anschutz Medical Campus" id="CHEBI_2015_08_26_Instance_17697" type="identity">
      <class id="CHEBI:26519" label="radical"/>
      <span end="30435" id="15320950-2519" start="30422">free radicals</span>
    </annotation>
    <annotation annotator="Mike Bada, University of Colorado Anschutz Medical Campus" id="CHEBI_2015_08_26_Instance_17699" type="identity">
      <class id="CHEBI:26519" label="radical"/>
      <span end="30476" id="15320950-2521" start="30464">free radical</span>
    </annotation>
    <annotation annotator="Mike Bada, University of Colorado Anschutz Medical Campus" id="CHEBI_2015_08_26_Instance_18073" type="identity">
      <class id="CHEBI:16856" label="glutathione"/>
      <span end="30524" id="15320950-2577" start="30513">glutathione</span>
    </annotation>
    <annotation annotator="Mike Bada, University of Colorado Anschutz Medical Campus" id="CHEBI_2015_08_26_Instance_18075" type="identity">
      <class id="CHEBI:25179" label="melanin"/>
      <span end="30536" id="15320950-2579" start="30529">melanin</span>
    </annotation>
    <annotation annotator="Mike Bada, University of Colorado Anschutz Medical Campus" id="CHEBI_2015_08_26_Instance_18077" type="identity">
      <class id="CHEBI:26130" label="biological pigment"/>
      <span end="30544" id="15320950-2589" start="30537">pigment</span>
    </annotation>
    <annotation annotator="Mike Bada, University of Colorado Anschutz Medical Campus" id="CHEBI_2015_08_26_Instance_17673" type="identity">
      <class id="CHEBI:17544" label="hydrogencarbonate"/>
      <span end="30618" id="15320950-2499" start="30612">HCO3 -</span>
    </annotation>
    <annotation annotator="Mike Bada, University of Colorado Anschutz Medical Campus" id="CHEBI_2015_08_26_Instance_17675" type="identity">
      <class id="CHEBI:17544" label="hydrogencarbonate"/>
      <span end="30671" id="15320950-2501" start="30665">HCO3 -</span>
    </annotation>
    <annotation annotator="Mike Bada, University of Colorado Anschutz Medical Campus" id="CHEBI_2015_08_26_Instance_17701" type="identity">
      <class id="CHEBI:26519" label="radical"/>
      <span end="30779" id="15320950-2523" start="30767">free radical</span>
    </annotation>
    <annotation annotator="Mike Bada, University of Colorado Anschutz Medical Campus" id="CHEBI_2015_08_26_Instance_17715" type="identity">
      <class id="CHEBI:16856" label="glutathione"/>
      <span end="30890" id="15320950-2535" start="30879">glutathione</span>
    </annotation>
    <annotation annotator="Mike Bada, University of Colorado Anschutz Medical Campus" id="CHEBI_2015_08_26_Instance_17703" type="identity">
      <class id="CHEBI:26519" label="radical"/>
      <span end="30948" id="15320950-2525" start="30936">free radical</span>
    </annotation>
    <annotation annotator="Mike Bada, University of Colorado Anschutz Medical Campus" id="CHEBI_2015_08_26_Instance_17705" type="identity">
      <class id="CHEBI:26519" label="radical"/>
      <span end="31128" id="15320950-2527" start="31116">free radical</span>
    </annotation>
    <annotation annotator="Mike Bada, University of Colorado Anschutz Medical Campus" id="CHEBI_2015_08_26_Instance_17707" type="identity">
      <class id="CHEBI:26519" label="radical"/>
      <span end="31231" id="15320950-2529" start="31219">free radical</span>
    </annotation>
    <annotation annotator="Mike Bada, University of Colorado Anschutz Medical Campus" id="CHEBI_2015_08_26_Instance_17583" type="identity">
      <class id="CHEBI:29103" label="potassium(1+)"/>
      <span end="31354" id="15320950-2429" start="31352">K+</span>
    </annotation>
    <annotation annotator="Mike Bada, University of Colorado Anschutz Medical Campus" id="CHEBI_2015_08_26_Instance_17709" type="identity">
      <class id="CHEBI:26519" label="radical"/>
      <span end="31433" id="15320950-2531" start="31420">free radicals</span>
    </annotation>
    <annotation annotator="Mike Bada, University of Colorado Anschutz Medical Campus" id="CHEBI_2015_08_26_Instance_17585" type="identity">
      <class id="CHEBI:29103" label="potassium(1+)"/>
      <span end="31514" id="15320950-2431" start="31512">K+</span>
    </annotation>
    <annotation annotator="Mike Bada, University of Colorado Anschutz Medical Campus" id="CHEBI_2015_08_26_Instance_17721" type="identity">
      <class id="CHEBI:16856" label="glutathione"/>
      <span end="31911" id="15320950-2537" start="31900">glutathione</span>
    </annotation>
    <annotation annotator="Mike Bada, University of Colorado Anschutz Medical Campus" id="CHEBI_2015_08_26_Instance_17725" type="identity">
      <class id="CHEBI:16856" label="glutathione"/>
      <span end="31930" id="15320950-2541" start="31927">GSH</span>
    </annotation>
    <annotation annotator="Mike Bada, University of Colorado Anschutz Medical Campus" id="CHEBI_2015_08_26_Instance_17723" type="identity">
      <class id="CHEBI:16856" label="glutathione"/>
      <span end="31943" id="15320950-2539" start="31932">glutathione</span>
    </annotation>
    <annotation annotator="Mike Bada, University of Colorado Anschutz Medical Campus" id="CHEBI_2015_08_26_Instance_17587" type="identity">
      <class id="CHEBI:29103" label="potassium(1+)"/>
      <span end="32451" id="15320950-2433" start="32449">K+</span>
    </annotation>
    <graph-space id="Old Knowtator Relations"/>
  </document>
</knowtator-project>
