<?xml version="1.0" encoding="UTF-8" standalone="no"?>
<knowtator-project>
  <document id="15345036" text-file="15345036.txt">
    <annotation annotator="Mike Bada, University of Colorado Anschutz Medical Campus" id="CHEBI_2015_08_26_Instance_18607" type="identity">
      <class id="CHEBI:18303" label="phosphatidyl-L-serine"/>
      <span end="22" id="15345036-2867" start="4">phosphatidylserine</span>
    </annotation>
    <annotation annotator="Mike Bada, University of Colorado Anschutz Medical Campus" id="CHEBI_2015_08_26_Instance_18609" type="identity">
      <class id="CHEBI:18303" label="phosphatidyl-L-serine"/>
      <span end="268" id="15345036-2869" start="250">phosphatidylserine</span>
    </annotation>
    <annotation annotator="Mike Bada, University of Colorado Anschutz Medical Campus" id="CHEBI_2015_08_26_Instance_18611" type="identity">
      <class id="CHEBI:18303" label="phosphatidyl-L-serine"/>
      <span end="471" id="15345036-2871" start="453">phosphatidylserine</span>
    </annotation>
    <annotation annotator="Mike Bada, University of Colorado Anschutz Medical Campus" id="CHEBI_2015_08_26_Instance_360026" type="identity">
      <class id="CHEBI:26130" label="biological pigment"/>
      <span end="983" id="15345036-2923" start="974">pigmented</span>
    </annotation>
    <annotation annotator="Mike Bada, University of Colorado Anschutz Medical Campus" id="CHEBI_2015_08_26_Instance_18423" type="identity">
      <class id="CHEBI:16412" label="lipopolysaccharide"/>
      <span end="1336" id="15345036-2797" start="1318">lipopolysaccharide</span>
    </annotation>
    <annotation annotator="Mike Bada, University of Colorado Anschutz Medical Campus" id="CHEBI_2015_08_26_Instance_18613" type="identity">
      <class id="CHEBI:18303" label="phosphatidyl-L-serine"/>
      <span end="1829" id="15345036-2873" start="1811">phosphatidylserine</span>
    </annotation>
    <annotation annotator="Mike Bada, University of Colorado Anschutz Medical Campus" id="CHEBI_2015_08_26_Instance_181077" type="identity">
      <class id="CHEBI:60816" label="immunogen"/>
      <span end="2570" id="15345036-2730" start="2559">immunogenic</span>
    </annotation>
    <annotation annotator="Mike Bada, University of Colorado Anschutz Medical Campus" id="CHEBI_2015_08_26_Instance_181079" type="identity">
      <class id="CHEBI:67079" label="anti-inflammatory agent"/>
      <span end="2917" id="15345036-2732" start="2900">anti-inflammatory</span>
      <span end="2949" id="15345036-2733" start="2940">mediators</span>
    </annotation>
    <annotation annotator="Mike Bada, University of Colorado Anschutz Medical Campus" id="CHEBI_2015_08_26_Instance_18661" type="identity">
      <class id="CHEBI:35705" label="immunosuppressive agent"/>
      <span end="2949" id="15345036-2917" start="2922">immunosuppressive mediators</span>
    </annotation>
    <annotation annotator="Mike Bada, University of Colorado Anschutz Medical Campus" id="CHEBI_2015_08_26_Instance_13951" type="identity">
      <class id="CHEBI:36357" label="polyatomic entity"/>
      <span end="3846" id="15345036-2708" start="3837">molecules</span>
    </annotation>
    <annotation annotator="Mike Bada, University of Colorado Anschutz Medical Campus" id="CHEBI_2015_08_26_Instance_13953" type="identity">
      <class id="CHEBI:36357" label="polyatomic entity"/>
      <span end="4171" id="15345036-2710" start="4162">molecules</span>
    </annotation>
    <annotation annotator="Mike Bada, University of Colorado Anschutz Medical Campus" id="CHEBI_2015_08_26_Instance_18427" type="identity">
      <class id="CHEBI:16247" label="phospholipid"/>
      <span end="4532" id="15345036-2799" start="4520">phospholipid</span>
    </annotation>
    <annotation annotator="Mike Bada, University of Colorado Anschutz Medical Campus" id="CHEBI_2015_08_26_Instance_18615" type="identity">
      <class id="CHEBI:18303" label="phosphatidyl-L-serine"/>
      <span end="4551" id="15345036-2875" start="4533">phosphatidylserine</span>
    </annotation>
    <annotation annotator="Mike Bada, University of Colorado Anschutz Medical Campus" id="CHEBI_2015_08_26_Instance_18639" type="identity">
      <class id="CHEBI:18303" label="phosphatidyl-L-serine"/>
      <span end="4555" id="15345036-2899" start="4553">PS</span>
    </annotation>
    <annotation annotator="Mike Bada, University of Colorado Anschutz Medical Campus" id="CHEBI_2015_08_26_Instance_13955" type="identity">
      <class id="CHEBI:36357" label="polyatomic entity"/>
      <span end="4856" id="15345036-2712" start="4847">molecules</span>
    </annotation>
    <annotation annotator="Mike Bada, University of Colorado Anschutz Medical Campus" id="CHEBI_2015_08_26_Instance_18641" type="identity">
      <class id="CHEBI:18303" label="phosphatidyl-L-serine"/>
      <span end="4885" id="15345036-2901" start="4883">PS</span>
    </annotation>
    <annotation annotator="Mike Bada, University of Colorado Anschutz Medical Campus" id="CHEBI_2015_08_26_Instance_181085" type="identity">
      <class id="CHEBI:17089" label="glycoprotein"/>
      <span end="4954" id="15345036-2735" start="4942">glycoprotein</span>
    </annotation>
    <annotation annotator="Mike Bada, University of Colorado Anschutz Medical Campus" id="CHEBI_2015_08_26_Instance_18643" type="identity">
      <class id="CHEBI:18303" label="phosphatidyl-L-serine"/>
      <span end="5196" id="15345036-2903" start="5194">PS</span>
    </annotation>
    <annotation annotator="Mike Bada, University of Colorado Anschutz Medical Campus" id="CHEBI_2015_08_26_Instance_13957" type="identity">
      <class id="CHEBI:36357" label="polyatomic entity"/>
      <span end="5215" id="15345036-2714" start="5206">molecules</span>
    </annotation>
    <annotation annotator="Mike Bada, University of Colorado Anschutz Medical Campus" id="CHEBI_2015_08_26_Instance_13959" type="identity">
      <class id="CHEBI:36357" label="polyatomic entity"/>
      <span end="5406" id="15345036-2716" start="5397">molecules</span>
    </annotation>
    <annotation annotator="Mike Bada, University of Colorado Anschutz Medical Campus" id="CHEBI_2015_08_26_Instance_18645" type="identity">
      <class id="CHEBI:18303" label="phosphatidyl-L-serine"/>
      <span end="5419" id="15345036-2905" start="5417">PS</span>
    </annotation>
    <annotation annotator="Mike Bada, University of Colorado Anschutz Medical Campus" id="CHEBI_2015_08_26_Instance_13961" type="identity">
      <class id="CHEBI:36357" label="polyatomic entity"/>
      <span end="5636" id="15345036-2718" start="5628">molecule</span>
    </annotation>
    <annotation annotator="Mike Bada, University of Colorado Anschutz Medical Campus" id="CHEBI_2015_08_26_Instance_18647" type="identity">
      <class id="CHEBI:18303" label="phosphatidyl-L-serine"/>
      <span end="5657" id="15345036-2907" start="5655">PS</span>
    </annotation>
    <annotation annotator="Mike Bada, University of Colorado Anschutz Medical Campus" id="CHEBI_2015_08_26_Instance_18617" type="identity">
      <class id="CHEBI:18303" label="phosphatidyl-L-serine"/>
      <span end="5711" id="15345036-2877" start="5693">phosphatidylserine</span>
    </annotation>
    <annotation annotator="Mike Bada, University of Colorado Anschutz Medical Campus" id="CHEBI_2015_08_26_Instance_18649" type="identity">
      <class id="CHEBI:18303" label="phosphatidyl-L-serine"/>
      <span end="5901" id="15345036-2909" start="5899">PS</span>
    </annotation>
    <annotation annotator="Mike Bada, University of Colorado Anschutz Medical Campus" id="CHEBI_2015_08_26_Instance_18651" type="identity">
      <class id="CHEBI:18303" label="phosphatidyl-L-serine"/>
      <span end="5919" id="15345036-2911" start="5917">PS</span>
    </annotation>
    <annotation annotator="Mike Bada, University of Colorado Anschutz Medical Campus" id="CHEBI_2015_08_26_Instance_13963" type="identity">
      <class id="CHEBI:36357" label="polyatomic entity"/>
      <span end="5936" id="15345036-2720" start="5928">molecule</span>
    </annotation>
    <annotation annotator="Mike Bada, University of Colorado Anschutz Medical Campus" id="CHEBI_2015_08_26_Instance_18653" type="identity">
      <class id="CHEBI:18303" label="phosphatidyl-L-serine"/>
      <span end="6015" id="15345036-2913" start="6013">PS</span>
    </annotation>
    <annotation annotator="Mike Bada, University of Colorado Anschutz Medical Campus" id="CHEBI_2015_08_26_Instance_181091" type="identity">
      <class id="CHEBI:67079" label="anti-inflammatory agent"/>
      <span end="6115" id="15345036-2737" start="6088">anti-inflammatory mediators</span>
    </annotation>
    <annotation annotator="Mike Bada, University of Colorado Anschutz Medical Campus" id="CHEBI_2015_08_26_Instance_181093" type="identity">
      <class id="CHEBI:44811" label="2-O-acetyl-1-O-hexadecyl-sn-glycero-3-phosphocholine"/>
      <span end="6193" id="15345036-2739" start="6167">platelet-activating factor</span>
    </annotation>
    <annotation annotator="Mike Bada, University of Colorado Anschutz Medical Campus" id="CHEBI_2015_08_26_Instance_181095" type="identity">
      <class id="CHEBI:44811" label="2-O-acetyl-1-O-hexadecyl-sn-glycero-3-phosphocholine"/>
      <span end="6198" id="15345036-2741" start="6195">PAF</span>
    </annotation>
    <annotation annotator="Mike Bada, University of Colorado Anschutz Medical Campus" id="CHEBI_2015_08_26_Instance_18663" type="identity">
      <class id="CHEBI:15551" label="prostaglandin E2"/>
      <span end="6221" id="15345036-2919" start="6205">prostaglandin E2</span>
    </annotation>
    <annotation annotator="Mike Bada, University of Colorado Anschutz Medical Campus" id="CHEBI_2015_08_26_Instance_18619" type="identity">
      <class id="CHEBI:18303" label="phosphatidyl-L-serine"/>
      <span end="7976" id="15345036-2879" start="7958">phosphatidylserine</span>
    </annotation>
    <annotation annotator="Mike Bada, University of Colorado Anschutz Medical Campus" id="CHEBI_2015_08_26_Instance_181097" type="identity">
      <class id="CHEBI:75055" label="5-bromo-4-chloro-3-indolyl beta-D-galactoside"/>
      <span end="11554" id="15345036-2743" start="11549">X-Gal</span>
    </annotation>
    <annotation annotator="Mike Bada, University of Colorado Anschutz Medical Campus" id="CHEBI_2015_08_26_Instance_181099" type="identity">
      <class id="CHEBI:75055" label="5-bromo-4-chloro-3-indolyl beta-D-galactoside"/>
      <span end="12388" id="15345036-2745" start="12383">X-Gal</span>
    </annotation>
    <annotation annotator="Mike Bada, University of Colorado Anschutz Medical Campus" id="CHEBI_2015_08_26_Instance_360028" type="identity">
      <class id="CHEBI:26130" label="biological pigment"/>
      <span end="19410" id="15345036-2925" start="19401">pigmented</span>
    </annotation>
    <annotation annotator="Mike Bada, University of Colorado Anschutz Medical Campus" id="CHEBI_2015_08_26_Instance_360030" type="identity">
      <class id="CHEBI:26130" label="biological pigment"/>
      <span end="19574" id="15345036-2927" start="19565">pigmented</span>
    </annotation>
    <annotation annotator="Mike Bada, University of Colorado Anschutz Medical Campus" id="CHEBI_2015_08_26_Instance_360032" type="identity">
      <class id="CHEBI:26130" label="biological pigment"/>
      <span end="19675" id="15345036-2929" start="19666">pigmented</span>
    </annotation>
    <annotation annotator="Mike Bada, University of Colorado Anschutz Medical Campus" id="CHEBI_2015_08_26_Instance_360034" type="identity">
      <class id="CHEBI:26130" label="biological pigment"/>
      <span end="19919" id="15345036-2931" start="19910">pigmented</span>
    </annotation>
    <annotation annotator="Mike Bada, University of Colorado Anschutz Medical Campus" id="CHEBI_2015_08_26_Instance_181109" type="identity">
      <class id="CHEBI:51657" label="5-carboxytetramethylrhodamine"/>
      <span end="25947" id="15345036-2747" start="25918">5-carboxytetramethylrhodamine</span>
    </annotation>
    <annotation annotator="Mike Bada, University of Colorado Anschutz Medical Campus" id="CHEBI_2015_08_26_Instance_181111" type="identity">
      <class id="CHEBI:51657" label="5-carboxytetramethylrhodamine"/>
      <span end="25955" id="15345036-2749" start="25950">TAMRA</span>
    </annotation>
    <annotation annotator="Mike Bada, University of Colorado Anschutz Medical Campus" id="CHEBI_2015_08_26_Instance_17745" type="identity">
      <class id="CHEBI:16412" label="lipopolysaccharide"/>
      <span end="27364" id="15345036-2724" start="27346">lipopolysaccharide</span>
    </annotation>
    <annotation annotator="Mike Bada, University of Colorado Anschutz Medical Campus" id="CHEBI_2015_08_26_Instance_17941" type="identity">
      <class id="CHEBI:16412" label="lipopolysaccharide"/>
      <span end="27369" id="15345036-2726" start="27366">LPS</span>
    </annotation>
    <annotation annotator="Mike Bada, University of Colorado Anschutz Medical Campus" id="CHEBI_2015_08_26_Instance_18299" type="identity">
      <class id="CHEBI:16412" label="lipopolysaccharide"/>
      <span end="28027" id="15345036-2795" start="28024">LPS</span>
    </annotation>
    <annotation annotator="Mike Bada, University of Colorado Anschutz Medical Campus" id="CHEBI_2015_08_26_Instance_18439" type="identity">
      <class id="CHEBI:16412" label="lipopolysaccharide"/>
      <span end="28295" id="15345036-2801" start="28292">LPS</span>
    </annotation>
    <annotation annotator="Mike Bada, University of Colorado Anschutz Medical Campus" id="CHEBI_2015_08_26_Instance_17943" type="identity">
      <class id="CHEBI:16412" label="lipopolysaccharide"/>
      <span end="28409" id="15345036-2728" start="28406">LPS</span>
    </annotation>
    <annotation annotator="Mike Bada, University of Colorado Anschutz Medical Campus" id="CHEBI_2015_08_26_Instance_18441" type="identity">
      <class id="CHEBI:16412" label="lipopolysaccharide"/>
      <span end="28571" id="15345036-2803" start="28568">LPS</span>
    </annotation>
    <annotation annotator="Mike Bada, University of Colorado Anschutz Medical Campus" id="CHEBI_2015_08_26_Instance_18443" type="identity">
      <class id="CHEBI:16412" label="lipopolysaccharide"/>
      <span end="28734" id="15345036-2805" start="28731">LPS</span>
    </annotation>
    <annotation annotator="Mike Bada, University of Colorado Anschutz Medical Campus" id="CHEBI_2015_08_26_Instance_18445" type="identity">
      <class id="CHEBI:16412" label="lipopolysaccharide"/>
      <span end="28799" id="15345036-2807" start="28796">LPS</span>
    </annotation>
    <annotation annotator="Mike Bada, University of Colorado Anschutz Medical Campus" id="CHEBI_2015_08_26_Instance_18447" type="identity">
      <class id="CHEBI:16412" label="lipopolysaccharide"/>
      <span end="28891" id="15345036-2809" start="28888">LPS</span>
    </annotation>
    <annotation annotator="Mike Bada, University of Colorado Anschutz Medical Campus" id="CHEBI_2015_08_26_Instance_18449" type="identity">
      <class id="CHEBI:16412" label="lipopolysaccharide"/>
      <span end="29516" id="15345036-2811" start="29513">LPS</span>
    </annotation>
    <annotation annotator="Mike Bada, University of Colorado Anschutz Medical Campus" id="CHEBI_2015_08_26_Instance_18451" type="identity">
      <class id="CHEBI:16412" label="lipopolysaccharide"/>
      <span end="29552" id="15345036-2813" start="29549">LPS</span>
    </annotation>
    <annotation annotator="Mike Bada, University of Colorado Anschutz Medical Campus" id="CHEBI_2015_08_26_Instance_18621" type="identity">
      <class id="CHEBI:18303" label="phosphatidyl-L-serine"/>
      <span end="29877" id="15345036-2881" start="29859">phosphatidylserine</span>
    </annotation>
    <annotation annotator="Mike Bada, University of Colorado Anschutz Medical Campus" id="CHEBI_2015_08_26_Instance_181113" type="identity">
      <class id="CHEBI:7507" label="neomycin"/>
      <span end="30335" id="15345036-2751" start="30327">neomycin</span>
    </annotation>
    <annotation annotator="Mike Bada, University of Colorado Anschutz Medical Campus" id="CHEBI_2015_08_26_Instance_18469" type="identity">
      <class id="CHEBI:35195" label="surfactant"/>
      <span end="34231" id="15345036-2831" start="34221">surfactant</span>
    </annotation>
    <annotation annotator="Mike Bada, University of Colorado Anschutz Medical Campus" id="CHEBI_2015_08_26_Instance_18471" type="identity">
      <class id="CHEBI:35195" label="surfactant"/>
      <span end="34335" id="15345036-2833" start="34325">surfactant</span>
    </annotation>
    <annotation annotator="Mike Bada, University of Colorado Anschutz Medical Campus" id="CHEBI_2015_08_26_Instance_360036" type="identity">
      <class id="CHEBI:26130" label="biological pigment"/>
      <span end="35269" id="15345036-2933" start="35260">pigmented</span>
    </annotation>
    <annotation annotator="Mike Bada, University of Colorado Anschutz Medical Campus" id="CHEBI_2015_08_26_Instance_18623" type="identity">
      <class id="CHEBI:18303" label="phosphatidyl-L-serine"/>
      <span end="40857" id="15345036-2883" start="40839">phosphatidylserine</span>
    </annotation>
    <annotation annotator="Mike Bada, University of Colorado Anschutz Medical Campus" id="CHEBI_2015_08_26_Instance_18625" type="identity">
      <class id="CHEBI:18303" label="phosphatidyl-L-serine"/>
      <span end="43632" id="15345036-2885" start="43614">phosphatidylserine</span>
    </annotation>
    <annotation annotator="Mike Bada, University of Colorado Anschutz Medical Campus" id="CHEBI_2015_08_26_Instance_18453" type="identity">
      <class id="CHEBI:16412" label="lipopolysaccharide"/>
      <span end="45428" id="15345036-2815" start="45425">LPS</span>
    </annotation>
    <annotation annotator="Mike Bada, University of Colorado Anschutz Medical Campus" id="CHEBI_2015_08_26_Instance_18473" type="identity">
      <class id="CHEBI:35224" label="effector"/>
      <span end="45510" id="15345036-2835" start="45502">effector</span>
    </annotation>
    <annotation annotator="Mike Bada, University of Colorado Anschutz Medical Campus" id="CHEBI_2015_08_26_Instance_18627" type="identity">
      <class id="CHEBI:18303" label="phosphatidyl-L-serine"/>
      <span end="45908" id="15345036-2887" start="45890">phosphatidylserine</span>
    </annotation>
    <annotation annotator="Mike Bada, University of Colorado Anschutz Medical Campus" id="CHEBI_2015_08_26_Instance_13965" type="identity">
      <class id="CHEBI:36357" label="polyatomic entity"/>
      <span end="47178" id="15345036-2722" start="47169">molecules</span>
    </annotation>
    <annotation annotator="Mike Bada, University of Colorado Anschutz Medical Campus" id="CHEBI_2015_08_26_Instance_18629" type="identity">
      <class id="CHEBI:18303" label="phosphatidyl-L-serine"/>
      <span end="47211" id="15345036-2889" start="47193">phosphatidylserine</span>
    </annotation>
    <annotation annotator="Mike Bada, University of Colorado Anschutz Medical Campus" id="CHEBI_2015_08_26_Instance_18631" type="identity">
      <class id="CHEBI:18303" label="phosphatidyl-L-serine"/>
      <span end="48533" id="15345036-2891" start="48515">phosphatidylserine</span>
    </annotation>
    <annotation annotator="Mike Bada, University of Colorado Anschutz Medical Campus" id="CHEBI_2015_08_26_Instance_18633" type="identity">
      <class id="CHEBI:18303" label="phosphatidyl-L-serine"/>
      <span end="48597" id="15345036-2893" start="48579">phosphatidylserine</span>
    </annotation>
    <annotation annotator="Mike Bada, University of Colorado Anschutz Medical Campus" id="CHEBI_2015_08_26_Instance_18635" type="identity">
      <class id="CHEBI:18303" label="phosphatidyl-L-serine"/>
      <span end="48717" id="15345036-2895" start="48699">phosphatidylserine</span>
    </annotation>
    <annotation annotator="Mike Bada, University of Colorado Anschutz Medical Campus" id="CHEBI_2015_08_26_Instance_181131" type="identity">
      <class id="CHEBI:7507" label="neomycin"/>
      <span end="49659" id="15345036-2753" start="49651">neomycin</span>
    </annotation>
    <annotation annotator="Mike Bada, University of Colorado Anschutz Medical Campus" id="CHEBI_2015_08_26_Instance_181636" type="identity">
      <class id="CHEBI:42768" label="geneticin"/>
      <span end="49861" id="15345036-2791" start="49857">G418</span>
    </annotation>
    <annotation annotator="Mike Bada, University of Colorado Anschutz Medical Campus" id="CHEBI_2015_08_26_Instance_181638" type="identity">
      <class id="CHEBI:42768" label="geneticin"/>
      <span end="49895" id="15345036-2793" start="49891">G418</span>
    </annotation>
    <annotation annotator="Mike Bada, University of Colorado Anschutz Medical Campus" id="CHEBI_2015_08_26_Instance_18475" type="identity">
      <class id="CHEBI:2511" label="agarose"/>
      <span end="52411" id="15345036-2837" start="52404">agarose</span>
    </annotation>
    <annotation annotator="Mike Bada, University of Colorado Anschutz Medical Campus" id="CHEBI_2015_08_26_Instance_18477" type="identity">
      <class id="CHEBI:25614" label="nylons"/>
      <span end="52439" id="15345036-2839" start="52434">nylon</span>
    </annotation>
    <annotation annotator="Mike Bada, University of Colorado Anschutz Medical Campus" id="CHEBI_2015_08_26_Instance_18479" type="identity">
      <class id="CHEBI:33893" label="reagent"/>
      <span end="53059" id="15345036-2841" start="53052">reagent</span>
    </annotation>
    <annotation annotator="Mike Bada, University of Colorado Anschutz Medical Campus" id="CHEBI_2015_08_26_Instance_18481" type="identity">
      <class id="CHEBI:25614" label="nylons"/>
      <span end="53214" id="15345036-2843" start="53209">nylon</span>
    </annotation>
    <annotation annotator="Mike Bada, University of Colorado Anschutz Medical Campus" id="CHEBI_2015_08_26_Instance_181179" type="identity">
      <class id="CHEBI:78708" label="Nonidet P-40"/>
      <span end="53940" id="15345036-2755" start="53928">Nonidet P-40</span>
    </annotation>
    <annotation annotator="Mike Bada, University of Colorado Anschutz Medical Campus" id="CHEBI_2015_08_26_Instance_18483" type="identity">
      <class id="CHEBI:9177" label="sodium deoxycholate"/>
      <span end="53966" id="15345036-2845" start="53947">sodium deoxycholate</span>
    </annotation>
    <annotation annotator="Mike Bada, University of Colorado Anschutz Medical Campus" id="CHEBI_2015_08_26_Instance_18485" type="identity">
      <class id="CHEBI:8984" label="sodium dodecyl sulfate"/>
      <span end="53976" id="15345036-2847" start="53973">SDS</span>
    </annotation>
    <annotation annotator="Mike Bada, University of Colorado Anschutz Medical Campus" id="CHEBI_2015_08_26_Instance_181181" type="identity">
      <class id="CHEBI:60004" label="mixture"/>
      <span end="54008" id="15345036-2757" start="54000">cocktail</span>
    </annotation>
    <annotation annotator="Mike Bada, University of Colorado Anschutz Medical Campus" id="CHEBI_2015_08_26_Instance_18489" type="identity">
      <class id="CHEBI:8984" label="sodium dodecyl sulfate"/>
      <span end="54093" id="15345036-2849" start="54090">SDS</span>
    </annotation>
    <annotation annotator="Mike Bada, University of Colorado Anschutz Medical Campus" id="CHEBI_2015_08_26_Instance_181185" type="identity">
      <class id="CHEBI:53250" label="poly(vinylene fluoride)"/>
      <span end="54156" id="15345036-2759" start="54152">PVDF</span>
    </annotation>
    <annotation annotator="Mike Bada, University of Colorado Anschutz Medical Campus" id="CHEBI_2015_08_26_Instance_181187" type="identity">
      <class id="CHEBI:50913" label="fixative"/>
      <span end="55563" id="15345036-2761" start="55555">fixative</span>
    </annotation>
    <annotation annotator="Mike Bada, University of Colorado Anschutz Medical Campus" id="CHEBI_2015_08_26_Instance_181189" type="identity">
      <class id="CHEBI:16842" label="formaldehyde"/>
      <span end="55860" id="15345036-2763" start="55852">formalin</span>
    </annotation>
    <annotation annotator="Mike Bada, University of Colorado Anschutz Medical Campus" id="CHEBI_2015_08_26_Instance_18491" type="identity">
      <class id="CHEBI:30879" label="alcohol"/>
      <span end="55907" id="15345036-2851" start="55900">alcohol</span>
    </annotation>
    <annotation annotator="Mike Bada, University of Colorado Anschutz Medical Campus" id="CHEBI_2015_08_26_Instance_181191" type="identity">
      <class id="CHEBI:51686" label="haematoxylin"/>
      <span end="56024" id="15345036-2765" start="56013">hematoxylin</span>
    </annotation>
    <annotation annotator="Mike Bada, University of Colorado Anschutz Medical Campus" id="CHEBI_2015_08_26_Instance_181193" type="identity">
      <class id="CHEBI:51686" label="haematoxylin"/>
      <span end="56037" id="15345036-2767" start="56036">H</span>
    </annotation>
    <annotation annotator="Mike Bada, University of Colorado Anschutz Medical Campus" id="CHEBI_2015_08_26_Instance_181201" type="identity">
      <class id="CHEBI:75050" label="chromogenic compound"/>
      <span end="56595" id="15345036-2769" start="56585">chromogens</span>
    </annotation>
    <annotation annotator="Mike Bada, University of Colorado Anschutz Medical Campus" id="CHEBI_2015_08_26_Instance_181205" type="identity">
      <class id="CHEBI:51686" label="haematoxylin"/>
      <span end="56642" id="15345036-2771" start="56631">hematoxylin</span>
    </annotation>
    <annotation annotator="Mike Bada, University of Colorado Anschutz Medical Campus" id="CHEBI_2015_08_26_Instance_18495" type="identity">
      <class id="CHEBI:16526" label="carbon dioxide"/>
      <span end="57564" id="15345036-2853" start="57561">CO2</span>
    </annotation>
    <annotation annotator="Mike Bada, University of Colorado Anschutz Medical Campus" id="CHEBI_2015_08_26_Instance_181217" type="identity">
      <class id="CHEBI:51657" label="5-carboxytetramethylrhodamine"/>
      <span end="58100" id="15345036-2773" start="58095">TAMRA</span>
    </annotation>
    <annotation annotator="Mike Bada, University of Colorado Anschutz Medical Campus" id="CHEBI_2015_08_26_Instance_18497" type="identity">
      <class id="CHEBI:15738" label="staurosporine"/>
      <span end="58187" id="15345036-2855" start="58174">staurosporine</span>
    </annotation>
    <annotation annotator="Mike Bada, University of Colorado Anschutz Medical Campus" id="CHEBI_2015_08_26_Instance_18655" type="identity">
      <class id="CHEBI:18303" label="phosphatidyl-L-serine"/>
      <span end="58448" id="15345036-2915" start="58446">PS</span>
    </annotation>
    <annotation annotator="Mike Bada, University of Colorado Anschutz Medical Campus" id="CHEBI_2015_08_26_Instance_18499" type="identity">
      <class id="CHEBI:37926" label="fluorescein isothiocyanate"/>
      <span end="58532" id="15345036-2857" start="58528">FITC</span>
    </annotation>
    <annotation annotator="Mike Bada, University of Colorado Anschutz Medical Campus" id="CHEBI_2015_08_26_Instance_181219" type="identity">
      <class id="CHEBI:51240" label="propidium iodide"/>
      <span end="58563" id="15345036-2775" start="58547">propidium iodide</span>
    </annotation>
    <annotation annotator="Mike Bada, University of Colorado Anschutz Medical Campus" id="CHEBI_2015_08_26_Instance_18503" type="identity">
      <class id="CHEBI:16526" label="carbon dioxide"/>
      <span end="58742" id="15345036-2859" start="58739">CO2</span>
    </annotation>
    <annotation annotator="Mike Bada, University of Colorado Anschutz Medical Campus" id="CHEBI_2015_08_26_Instance_181225" type="identity">
      <class id="CHEBI:52661" label="Alexa Fluor 488"/>
      <span end="59196" id="15345036-2777" start="59187">Alexa 488</span>
    </annotation>
    <annotation annotator="Mike Bada, University of Colorado Anschutz Medical Campus" id="CHEBI_2015_08_26_Instance_18455" type="identity">
      <class id="CHEBI:16412" label="lipopolysaccharide"/>
      <span end="60071" id="15345036-2817" start="60068">LPS</span>
    </annotation>
    <annotation annotator="Mike Bada, University of Colorado Anschutz Medical Campus" id="CHEBI_2015_08_26_Instance_18457" type="identity">
      <class id="CHEBI:16412" label="lipopolysaccharide"/>
      <span end="60304" id="15345036-2819" start="60301">LPS</span>
    </annotation>
    <annotation annotator="Mike Bada, University of Colorado Anschutz Medical Campus" id="CHEBI_2015_08_26_Instance_18505" type="identity">
      <class id="CHEBI:10545" label="electron"/>
      <span end="61901" id="15345036-2861" start="61893">electron</span>
    </annotation>
    <annotation annotator="Mike Bada, University of Colorado Anschutz Medical Campus" id="CHEBI_2015_08_26_Instance_18637" type="identity">
      <class id="CHEBI:18303" label="phosphatidyl-L-serine"/>
      <span end="62460" id="15345036-2897" start="62442">phosphatidylserine</span>
    </annotation>
    <annotation annotator="Mike Bada, University of Colorado Anschutz Medical Campus" id="CHEBI_2015_08_26_Instance_181229" type="identity">
      <class id="CHEBI:7507" label="neomycin"/>
      <span end="62661" id="15345036-2779" start="62653">neomycin</span>
    </annotation>
    <annotation annotator="Mike Bada, University of Colorado Anschutz Medical Campus" id="CHEBI_2015_08_26_Instance_181247" type="identity">
      <class id="CHEBI:7507" label="neomycin"/>
      <span end="64663" id="15345036-2781" start="64655">neomycin</span>
    </annotation>
    <annotation annotator="Mike Bada, University of Colorado Anschutz Medical Campus" id="CHEBI_2015_08_26_Instance_181251" type="identity">
      <class id="CHEBI:51686" label="haematoxylin"/>
      <span end="65830" id="15345036-2783" start="65829">H</span>
    </annotation>
    <annotation annotator="Mike Bada, University of Colorado Anschutz Medical Campus" id="CHEBI_2015_08_26_Instance_331752" type="identity">
      <class id="CHEBI:24384" label="glycogens"/>
      <span end="67060" id="15345036-2921" start="67052">glycogen</span>
    </annotation>
    <annotation annotator="Mike Bada, University of Colorado Anschutz Medical Campus" id="CHEBI_2015_08_26_Instance_181255" type="identity">
      <class id="CHEBI:51686" label="haematoxylin"/>
      <span end="68187" id="15345036-2785" start="68186">H</span>
    </annotation>
    <annotation annotator="Mike Bada, University of Colorado Anschutz Medical Campus" id="CHEBI_2015_08_26_Instance_360038" type="identity">
      <class id="CHEBI:26130" label="biological pigment"/>
      <span end="68448" id="15345036-2935" start="68439">pigmented</span>
    </annotation>
    <annotation annotator="Mike Bada, University of Colorado Anschutz Medical Campus" id="CHEBI_2015_08_26_Instance_181259" type="identity">
      <class id="CHEBI:26130" label="biological pigment"/>
      <span end="68521" id="15345036-2787" start="68514">pigment</span>
    </annotation>
    <annotation annotator="Mike Bada, University of Colorado Anschutz Medical Campus" id="CHEBI_2015_08_26_Instance_181261" type="identity">
      <class id="CHEBI:51657" label="5-carboxytetramethylrhodamine"/>
      <span end="70129" id="15345036-2789" start="70124">TAMRA</span>
    </annotation>
    <annotation annotator="Mike Bada, University of Colorado Anschutz Medical Campus" id="CHEBI_2015_08_26_Instance_18509" type="identity">
      <class id="CHEBI:15738" label="staurosporine"/>
      <span end="70192" id="15345036-2863" start="70179">staurosporine</span>
    </annotation>
    <annotation annotator="Mike Bada, University of Colorado Anschutz Medical Campus" id="CHEBI_2015_08_26_Instance_18511" type="identity">
      <class id="CHEBI:15738" label="staurosporine"/>
      <span end="70569" id="15345036-2865" start="70556">staurosporine</span>
    </annotation>
    <annotation annotator="Mike Bada, University of Colorado Anschutz Medical Campus" id="CHEBI_2015_08_26_Instance_18461" type="identity">
      <class id="CHEBI:16412" label="lipopolysaccharide"/>
      <span end="70959" id="15345036-2823" start="70941">lipopolysaccharide</span>
    </annotation>
    <annotation annotator="Mike Bada, University of Colorado Anschutz Medical Campus" id="CHEBI_2015_08_26_Instance_18459" type="identity">
      <class id="CHEBI:16412" label="lipopolysaccharide"/>
      <span end="70964" id="15345036-2821" start="70961">LPS</span>
    </annotation>
    <annotation annotator="Mike Bada, University of Colorado Anschutz Medical Campus" id="CHEBI_2015_08_26_Instance_18463" type="identity">
      <class id="CHEBI:16412" label="lipopolysaccharide"/>
      <span end="71073" id="15345036-2825" start="71070">LPS</span>
    </annotation>
    <annotation annotator="Mike Bada, University of Colorado Anschutz Medical Campus" id="CHEBI_2015_08_26_Instance_18465" type="identity">
      <class id="CHEBI:16412" label="lipopolysaccharide"/>
      <span end="71141" id="15345036-2827" start="71138">LPS</span>
    </annotation>
    <annotation annotator="Mike Bada, University of Colorado Anschutz Medical Campus" id="CHEBI_2015_08_26_Instance_18467" type="identity">
      <class id="CHEBI:16412" label="lipopolysaccharide"/>
      <span end="71177" id="15345036-2829" start="71174">LPS</span>
    </annotation>
    <graph-space id="Old Knowtator Relations"/>
  </document>
</knowtator-project>
