<?xml version="1.0" encoding="UTF-8" standalone="no"?>
<knowtator-project>
  <document id="15836427" text-file="15836427.txt">
    <annotation annotator="Mike Bada, University of Colorado Anschutz Medical Campus" id="CHEBI_2015_08_26_Instance_20957" type="identity">
      <class id="CHEBI:35224" label="effector"/>
      <span end="5550" id="15836427-4085" start="5541">effectors</span>
    </annotation>
    <annotation annotator="Mike Bada, University of Colorado Anschutz Medical Campus" id="CHEBI_2015_08_26_Instance_200334" type="identity">
      <class id="CHEBI:52071" label="dextran"/>
      <span end="9121" id="15836427-4067" start="9114">dextran</span>
    </annotation>
    <annotation annotator="Mike Bada, University of Colorado Anschutz Medical Campus" id="CHEBI_2015_08_26_Instance_200336" type="identity">
      <class id="CHEBI:52071" label="dextran"/>
      <span end="12071" id="15836427-4069" start="12064">dextran</span>
    </annotation>
    <annotation annotator="Mike Bada, University of Colorado Anschutz Medical Campus" id="CHEBI_2015_08_26_Instance_200340" type="identity">
      <class id="CHEBI:472552" label="5-bromo-2'-deoxyuridine"/>
      <span end="18703" id="15836427-4071" start="18699">BrdU</span>
    </annotation>
    <annotation annotator="Mike Bada, University of Colorado Anschutz Medical Campus" id="CHEBI_2015_08_26_Instance_200416" type="identity">
      <class id="CHEBI:472552" label="5-bromo-2'-deoxyuridine"/>
      <span end="18837" id="15836427-4083" start="18833">BrdU</span>
    </annotation>
    <annotation annotator="Mike Bada, University of Colorado Anschutz Medical Campus" id="CHEBI_2015_08_26_Instance_24045" type="identity">
      <class id="CHEBI:23357" label="cofactor"/>
      <span end="27085" id="15836427-4095" start="27076">cofactors</span>
    </annotation>
    <annotation annotator="Mike Bada, University of Colorado Anschutz Medical Campus" id="CHEBI_2015_08_26_Instance_25077" type="identity">
      <class id="CHEBI:23357" label="cofactor"/>
      <span end="27488" id="15836427-4097" start="27479">cofactors</span>
    </annotation>
    <annotation annotator="Mike Bada, University of Colorado Anschutz Medical Campus" id="CHEBI_2015_08_26_Instance_25079" type="identity">
      <class id="CHEBI:23357" label="cofactor"/>
      <span end="27638" id="15836427-4099" start="27629">cofactors</span>
    </annotation>
    <annotation annotator="Mike Bada, University of Colorado Anschutz Medical Campus" id="CHEBI_2015_08_26_Instance_21873" type="identity">
      <class id="CHEBI:35224" label="effector"/>
      <span end="32813" id="15836427-4091" start="32805">effector</span>
    </annotation>
    <annotation annotator="Mike Bada, University of Colorado Anschutz Medical Campus" id="CHEBI_2015_08_26_Instance_21875" type="identity">
      <class id="CHEBI:42098" label="digoxigenin"/>
      <span end="33288" id="15836427-4093" start="33277">digoxigenin</span>
    </annotation>
    <annotation annotator="Mike Bada, University of Colorado Anschutz Medical Campus" id="CHEBI_2015_08_26_Instance_21867" type="identity">
      <class id="CHEBI:33893" label="reagent"/>
      <span end="33924" id="15836427-4089" start="33917">reagent</span>
    </annotation>
    <annotation annotator="Mike Bada, University of Colorado Anschutz Medical Campus" id="CHEBI_2015_08_26_Instance_200370" type="identity">
      <class id="CHEBI:472552" label="5-bromo-2'-deoxyuridine"/>
      <span end="34531" id="15836427-4073" start="34527">BrdU</span>
    </annotation>
    <annotation annotator="Mike Bada, University of Colorado Anschutz Medical Campus" id="CHEBI_2015_08_26_Instance_200372" type="identity">
      <class id="CHEBI:52071" label="dextran"/>
      <span end="34740" id="15836427-4075" start="34733">dextran</span>
    </annotation>
    <annotation annotator="Mike Bada, University of Colorado Anschutz Medical Campus" id="CHEBI_2015_08_26_Instance_340104" type="identity">
      <class id="CHEBI:51217" label="fluorochrome"/>
      <span end="35073" id="15836427-4103" start="35062">fluorophore</span>
    </annotation>
    <annotation annotator="Mike Bada, University of Colorado Anschutz Medical Campus" id="CHEBI_2015_08_26_Instance_21837" type="identity">
      <class id="CHEBI:8984" label="sodium dodecyl sulfate"/>
      <span end="36327" id="15836427-4087" start="36324">SDS</span>
    </annotation>
    <annotation annotator="Mike Bada, University of Colorado Anschutz Medical Campus" id="CHEBI_2015_08_26_Instance_330640" type="identity">
      <class id="CHEBI:32588" label="potassium chloride"/>
      <span end="37003" id="15836427-4101" start="37000">KCl</span>
    </annotation>
    <annotation annotator="Mike Bada, University of Colorado Anschutz Medical Campus" id="CHEBI_2015_08_26_Instance_200410" type="identity">
      <class id="CHEBI:52071" label="dextran"/>
      <span end="44778" id="15836427-4077" start="44771">dextran</span>
    </annotation>
    <annotation annotator="Mike Bada, University of Colorado Anschutz Medical Campus" id="CHEBI_2015_08_26_Instance_200412" type="identity">
      <class id="CHEBI:52071" label="dextran"/>
      <span end="46828" id="15836427-4079" start="46821">dextran</span>
    </annotation>
    <annotation annotator="Mike Bada, University of Colorado Anschutz Medical Campus" id="CHEBI_2015_08_26_Instance_200414" type="identity">
      <class id="CHEBI:472552" label="5-bromo-2'-deoxyuridine"/>
      <span end="48744" id="15836427-4081" start="48740">BrdU</span>
    </annotation>
    <graph-space id="Old Knowtator Relations"/>
  </document>
</knowtator-project>
