<?xml version="1.0" encoding="UTF-8" standalone="no"?>
<knowtator-project>
  <document id="15876356" text-file="15876356.txt">
    <annotation annotator="Mike Bada, University of Colorado Anschutz Medical Campus" id="CHEBI_2015_08_26_Instance_22261" type="identity">
      <class id="CHEBI:28304" label="heparin"/>
      <span end="1816" id="15876356-4137" start="1809">heparin</span>
    </annotation>
    <annotation annotator="Mike Bada, University of Colorado Anschutz Medical Campus" id="CHEBI_2015_08_26_Instance_22263" type="identity">
      <class id="CHEBI:37983" label="sulfur-35 atom"/>
      <span end="6305" id="15876356-4139" start="6302">35S</span>
    </annotation>
    <annotation annotator="Mike Bada, University of Colorado Anschutz Medical Campus" id="CHEBI_2015_08_26_Instance_22293" type="identity">
      <class id="CHEBI:22695" label="base"/>
      <span end="7341" id="15876356-4147" start="7336">basic</span>
    </annotation>
    <annotation annotator="Mike Bada, University of Colorado Anschutz Medical Campus" id="CHEBI_2015_08_26_Instance_22295" type="identity">
      <class id="CHEBI:10545" label="electron"/>
      <span end="8125" id="15876356-4149" start="8117">electron</span>
    </annotation>
    <annotation annotator="Mike Bada, University of Colorado Anschutz Medical Campus" id="CHEBI_2015_08_26_Instance_330656" type="identity">
      <class id="CHEBI:60004" label="mixture"/>
      <span end="16387" id="15876356-4187" start="16384">mix</span>
    </annotation>
    <annotation annotator="Mike Bada, University of Colorado Anschutz Medical Campus" id="CHEBI_2015_08_26_Instance_22301" type="identity">
      <class id="CHEBI:37972" label="phosphorus-32 atom"/>
      <span end="17892" id="15876356-4151" start="17889">32P</span>
    </annotation>
    <annotation annotator="Mike Bada, University of Colorado Anschutz Medical Campus" id="CHEBI_2015_08_26_Instance_25123" type="identity">
      <class id="CHEBI:44557" label="nitrilotriacetic acid"/>
      <span end="18257" id="15876356-4183" start="18254">NTA</span>
    </annotation>
    <annotation annotator="Mike Bada, University of Colorado Anschutz Medical Campus" id="CHEBI_2015_08_26_Instance_210066" type="identity">
      <class id="CHEBI:60809" label="adjuvant"/>
      <span end="18379" id="15876356-4107" start="18371">adjuvant</span>
    </annotation>
    <annotation annotator="Mike Bada, University of Colorado Anschutz Medical Campus" id="CHEBI_2015_08_26_Instance_210068" type="identity">
      <class id="CHEBI:60004" label="mixture"/>
      <span end="18411" id="15876356-4109" start="18404">mixture</span>
    </annotation>
    <annotation annotator="Mike Bada, University of Colorado Anschutz Medical Campus" id="CHEBI_2015_08_26_Instance_22313" type="identity">
      <class id="CHEBI:9754" label="tris"/>
      <span end="19227" id="15876356-4153" start="19223">Tris</span>
    </annotation>
    <annotation annotator="Mike Bada, University of Colorado Anschutz Medical Campus" id="CHEBI_2015_08_26_Instance_22315" type="identity">
      <class id="CHEBI:17883" label="hydrogen chloride"/>
      <span end="19231" id="15876356-4155" start="19228">HCl</span>
    </annotation>
    <annotation annotator="Mike Bada, University of Colorado Anschutz Medical Campus" id="CHEBI_2015_08_26_Instance_22317" type="identity">
      <class id="CHEBI:26710" label="sodium chloride"/>
      <span end="19252" id="15876356-4157" start="19248">NaCl</span>
    </annotation>
    <annotation annotator="Mike Bada, University of Colorado Anschutz Medical Campus" id="CHEBI_2015_08_26_Instance_210076" type="identity">
      <class id="CHEBI:63016" label="nonyl phenoxypolyethoxylethanol"/>
      <span end="19262" id="15876356-4111" start="19257">NP-40</span>
    </annotation>
    <annotation annotator="Mike Bada, University of Colorado Anschutz Medical Campus" id="CHEBI_2015_08_26_Instance_22321" type="identity">
      <class id="CHEBI:8984" label="sodium dodecyl sulfate"/>
      <span end="19403" id="15876356-4159" start="19400">SDS</span>
    </annotation>
    <annotation annotator="Mike Bada, University of Colorado Anschutz Medical Campus" id="CHEBI_2015_08_26_Instance_210078" type="identity">
      <class id="CHEBI:53325" label="nitrocellulose"/>
      <span end="19445" id="15876356-4113" start="19431">nitrocellulose</span>
    </annotation>
    <annotation annotator="Mike Bada, University of Colorado Anschutz Medical Campus" id="CHEBI_2015_08_26_Instance_22323" type="identity">
      <class id="CHEBI:17234" label="glucose"/>
      <span end="20018" id="15876356-4161" start="20011">glucose</span>
    </annotation>
    <annotation annotator="Mike Bada, University of Colorado Anschutz Medical Campus" id="CHEBI_2015_08_26_Instance_210080" type="identity">
      <class id="CHEBI:2682" label="amphotericin B"/>
      <span end="20106" id="15876356-4115" start="20097">fungizone</span>
    </annotation>
    <annotation annotator="Mike Bada, University of Colorado Anschutz Medical Campus" id="CHEBI_2015_08_26_Instance_22325" type="identity">
      <class id="CHEBI:42471" label="forskolin"/>
      <span end="20141" id="15876356-4163" start="20132">forskolin</span>
    </annotation>
    <annotation annotator="Mike Bada, University of Colorado Anschutz Medical Campus" id="CHEBI_2015_08_26_Instance_25125" type="identity">
      <class id="CHEBI:35702" label="diethyl ether"/>
      <span end="21553" id="15876356-4185" start="21542">ethyl ether</span>
    </annotation>
    <annotation annotator="Mike Bada, University of Colorado Anschutz Medical Campus" id="CHEBI_2015_08_26_Instance_210092" type="identity">
      <class id="CHEBI:64276" label="glutaraldehyde"/>
      <span end="21613" id="15876356-4117" start="21599">glutaraldehyde</span>
    </annotation>
    <annotation annotator="Mike Bada, University of Colorado Anschutz Medical Campus" id="CHEBI_2015_08_26_Instance_210094" type="identity">
      <class id="CHEBI:75958" label="solution"/>
      <span end="21622" id="15876356-4119" start="21614">solution</span>
    </annotation>
    <annotation annotator="Mike Bada, University of Colorado Anschutz Medical Campus" id="CHEBI_2015_08_26_Instance_22331" type="identity">
      <class id="CHEBI:28304" label="heparin"/>
      <span end="21642" id="15876356-4165" start="21635">heparin</span>
    </annotation>
    <annotation annotator="Mike Bada, University of Colorado Anschutz Medical Campus" id="CHEBI_2015_08_26_Instance_210096" type="identity">
      <class id="CHEBI:16842" label="formaldehyde"/>
      <span end="21786" id="15876356-4121" start="21778">formalin</span>
    </annotation>
    <annotation annotator="Mike Bada, University of Colorado Anschutz Medical Campus" id="CHEBI_2015_08_26_Instance_22335" type="identity">
      <class id="CHEBI:16236" label="ethanol"/>
      <span end="21909" id="15876356-4167" start="21902">ethanol</span>
    </annotation>
    <annotation annotator="Mike Bada, University of Colorado Anschutz Medical Campus" id="CHEBI_2015_08_26_Instance_25023" type="identity">
      <class id="CHEBI:10545" label="electron"/>
      <span end="22066" id="15876356-4181" start="22058">electron</span>
    </annotation>
    <annotation annotator="Mike Bada, University of Colorado Anschutz Medical Campus" id="CHEBI_2015_08_26_Instance_22337" type="identity">
      <class id="CHEBI:16236" label="ethanol"/>
      <span end="22183" id="15876356-4169" start="22176">ethanol</span>
    </annotation>
    <annotation annotator="Mike Bada, University of Colorado Anschutz Medical Campus" id="CHEBI_2015_08_26_Instance_22347" type="identity">
      <class id="CHEBI:10545" label="electron"/>
      <span end="22234" id="15876356-4171" start="22226">electron</span>
    </annotation>
    <annotation annotator="Mike Bada, University of Colorado Anschutz Medical Campus" id="CHEBI_2015_08_26_Instance_210102" type="identity">
      <class id="CHEBI:9750" label="Triton X-100"/>
      <span end="22407" id="15876356-4123" start="22395">Triton X-100</span>
    </annotation>
    <annotation annotator="Mike Bada, University of Colorado Anschutz Medical Campus" id="CHEBI_2015_08_26_Instance_210104" type="identity">
      <class id="CHEBI:75958" label="solution"/>
      <span end="22481" id="15876356-4125" start="22473">solution</span>
    </annotation>
    <annotation annotator="Mike Bada, University of Colorado Anschutz Medical Campus" id="CHEBI_2015_08_26_Instance_210106" type="identity">
      <class id="CHEBI:51231" label="DAPI"/>
      <span end="22831" id="15876356-4127" start="22827">DAPI</span>
    </annotation>
    <annotation annotator="Mike Bada, University of Colorado Anschutz Medical Campus" id="CHEBI_2015_08_26_Instance_210114" type="identity">
      <class id="CHEBI:37987" label="Cy3 dye"/>
      <span end="23003" id="15876356-4129" start="23000">Cy3</span>
    </annotation>
    <annotation annotator="Mike Bada, University of Colorado Anschutz Medical Campus" id="CHEBI_2015_08_26_Instance_22355" type="identity">
      <class id="CHEBI:37926" label="fluorescein isothiocyanate"/>
      <span end="23073" id="15876356-4173" start="23069">FITC</span>
    </annotation>
    <annotation annotator="Mike Bada, University of Colorado Anschutz Medical Campus" id="CHEBI_2015_08_26_Instance_22289" type="identity">
      <class id="CHEBI:37983" label="sulfur-35 atom"/>
      <span end="23347" id="15876356-4143" start="23344">35S</span>
    </annotation>
    <annotation annotator="Mike Bada, University of Colorado Anschutz Medical Campus" id="CHEBI_2015_08_26_Instance_331716" type="identity">
      <class id="CHEBI:37983" label="sulfur-35 atom"/>
      <span end="23645" id="15876356-4189" start="23642">35S</span>
    </annotation>
    <annotation annotator="Mike Bada, University of Colorado Anschutz Medical Campus" id="CHEBI_2015_08_26_Instance_22291" type="identity">
      <class id="CHEBI:37983" label="sulfur-35 atom"/>
      <span end="26059" id="15876356-4145" start="26056">35S</span>
    </annotation>
    <annotation annotator="Mike Bada, University of Colorado Anschutz Medical Campus" id="CHEBI_2015_08_26_Instance_210152" type="identity">
      <class id="CHEBI:51231" label="DAPI"/>
      <span end="26741" id="15876356-4131" start="26737">DAPI</span>
    </annotation>
    <annotation annotator="Mike Bada, University of Colorado Anschutz Medical Campus" id="CHEBI_2015_08_26_Instance_22361" type="identity">
      <class id="CHEBI:10545" label="electron"/>
      <span end="27573" id="15876356-4175" start="27565">Electron</span>
    </annotation>
    <annotation annotator="Mike Bada, University of Colorado Anschutz Medical Campus" id="CHEBI_2015_08_26_Instance_22363" type="identity">
      <class id="CHEBI:10545" label="electron"/>
      <span end="27622" id="15876356-4177" start="27614">Electron</span>
    </annotation>
    <annotation annotator="Mike Bada, University of Colorado Anschutz Medical Campus" id="CHEBI_2015_08_26_Instance_210154" type="identity">
      <class id="CHEBI:51231" label="DAPI"/>
      <span end="28142" id="15876356-4133" start="28138">DAPI</span>
    </annotation>
    <annotation annotator="Mike Bada, University of Colorado Anschutz Medical Campus" id="CHEBI_2015_08_26_Instance_210156" type="identity">
      <class id="CHEBI:51231" label="DAPI"/>
      <span end="28201" id="15876356-4135" start="28197">DAPI</span>
    </annotation>
    <annotation annotator="Mike Bada, University of Colorado Anschutz Medical Campus" id="CHEBI_2015_08_26_Instance_22365" type="identity">
      <class id="CHEBI:2511" label="agarose"/>
      <span end="28439" id="15876356-4179" start="28432">agarose</span>
    </annotation>
    <annotation annotator="Mike Bada, University of Colorado Anschutz Medical Campus" id="CHEBI_2015_08_26_Instance_22287" type="identity">
      <class id="CHEBI:15377" label="water"/>
      <span end="28608" id="15876356-4141" start="28603">water</span>
    </annotation>
    <graph-space id="Old Knowtator Relations"/>
  </document>
</knowtator-project>
