<?xml version="1.0" encoding="UTF-8" standalone="no"?>
<knowtator-project>
  <document id="15921521" text-file="15921521.txt">
    <annotation annotator="Mike Bada, University of Colorado Anschutz Medical Campus" id="CHEBI_2015_08_26_Instance_190000" type="identity">
      <class id="CHEBI:33290" label="food"/>
      <span end="713" id="15921521-4335" start="709">chow</span>
    </annotation>
    <annotation annotator="Mike Bada, University of Colorado Anschutz Medical Campus" id="CHEBI_2015_08_26_Instance_210002" type="identity">
      <class id="CHEBI:33290" label="food"/>
      <span end="1180" id="15921521-4339" start="1176">chow</span>
    </annotation>
    <annotation annotator="Mike Bada, University of Colorado Anschutz Medical Campus" id="CHEBI_2015_08_26_Instance_25855" type="identity">
      <class id="CHEBI:17996" label="chloride"/>
      <span end="2443" id="15921521-4389" start="2440">Cl-</span>
    </annotation>
    <annotation annotator="Mike Bada, University of Colorado Anschutz Medical Campus" id="CHEBI_2015_08_26_Instance_25857" type="identity">
      <class id="CHEBI:17544" label="hydrogencarbonate"/>
      <span end="2453" id="15921521-4391" start="2448">HCO3-</span>
    </annotation>
    <annotation annotator="Mike Bada, University of Colorado Anschutz Medical Campus" id="CHEBI_2015_08_26_Instance_22835" type="identity">
      <class id="CHEBI:37527" label="acid"/>
      <span end="3262" id="15921521-4371" start="3258">acid</span>
    </annotation>
    <annotation annotator="Mike Bada, University of Colorado Anschutz Medical Campus" id="CHEBI_2015_08_26_Instance_22837" type="identity">
      <class id="CHEBI:33284" label="nutrient"/>
      <span end="3363" id="15921521-4373" start="3354">nutrients</span>
    </annotation>
    <annotation annotator="Mike Bada, University of Colorado Anschutz Medical Campus" id="CHEBI_2015_08_26_Instance_22839" type="identity">
      <class id="CHEBI:33284" label="nutrient"/>
      <span end="3420" id="15921521-4375" start="3411">nutrients</span>
    </annotation>
    <annotation annotator="Mike Bada, University of Colorado Anschutz Medical Campus" id="CHEBI_2015_08_26_Instance_220070" type="identity">
      <class id="CHEBI:17089" label="glycoprotein"/>
      <span end="7554" id="15921521-4361" start="7542">glycoprotein</span>
    </annotation>
    <annotation annotator="Mike Bada, University of Colorado Anschutz Medical Campus" id="CHEBI_2015_08_26_Instance_220074" type="identity">
      <class id="CHEBI:17089" label="glycoprotein"/>
      <span end="7744" id="15921521-4363" start="7732">glycoprotein</span>
    </annotation>
    <annotation annotator="Mike Bada, University of Colorado Anschutz Medical Campus" id="CHEBI_2015_08_26_Instance_340232" type="identity">
      <class id="CHEBI:60425" label="amyloid fibril"/>
      <span end="8055" id="15921521-4393" start="8048">amyloid</span>
    </annotation>
    <annotation annotator="Mike Bada, University of Colorado Anschutz Medical Campus" id="CHEBI_2015_08_26_Instance_220080" type="identity">
      <class id="CHEBI:17089" label="glycoprotein"/>
      <span end="8471" id="15921521-4365" start="8459">glycoprotein</span>
    </annotation>
    <annotation annotator="Mike Bada, University of Colorado Anschutz Medical Campus" id="CHEBI_2015_08_26_Instance_220082" type="identity">
      <class id="CHEBI:36357" label="polyatomic entity"/>
      <span end="8522" id="15921521-4367" start="8514">molecule</span>
    </annotation>
    <annotation annotator="Mike Bada, University of Colorado Anschutz Medical Campus" id="CHEBI_2015_08_26_Instance_220004" type="identity">
      <class id="CHEBI:33290" label="food"/>
      <span end="11055" id="15921521-4341" start="11051">chow</span>
    </annotation>
    <annotation annotator="Mike Bada, University of Colorado Anschutz Medical Campus" id="CHEBI_2015_08_26_Instance_22863" type="identity">
      <class id="CHEBI:29149" label="periodic acid"/>
      <span end="11086" id="15921521-4377" start="11073">periodic acid</span>
    </annotation>
    <annotation annotator="Mike Bada, University of Colorado Anschutz Medical Campus" id="CHEBI_2015_08_26_Instance_220006" type="identity">
      <class id="CHEBI:33290" label="food"/>
      <span end="15914" id="15921521-4343" start="15910">chow</span>
    </annotation>
    <annotation annotator="Mike Bada, University of Colorado Anschutz Medical Campus" id="CHEBI_2015_08_26_Instance_220008" type="identity">
      <class id="CHEBI:33290" label="food"/>
      <span end="16102" id="15921521-4345" start="16098">chow</span>
    </annotation>
    <annotation annotator="Mike Bada, University of Colorado Anschutz Medical Campus" id="CHEBI_2015_08_26_Instance_220010" type="identity">
      <class id="CHEBI:33290" label="food"/>
      <span end="16208" id="15921521-4347" start="16204">chow</span>
    </annotation>
    <annotation annotator="Mike Bada, University of Colorado Anschutz Medical Campus" id="CHEBI_2015_08_26_Instance_220012" type="identity">
      <class id="CHEBI:33290" label="food"/>
      <span end="16292" id="15921521-4349" start="16288">chow</span>
    </annotation>
    <annotation annotator="Mike Bada, University of Colorado Anschutz Medical Campus" id="CHEBI_2015_08_26_Instance_220014" type="identity">
      <class id="CHEBI:33290" label="food"/>
      <span end="16387" id="15921521-4351" start="16383">chow</span>
    </annotation>
    <annotation annotator="Mike Bada, University of Colorado Anschutz Medical Campus" id="CHEBI_2015_08_26_Instance_220016" type="identity">
      <class id="CHEBI:33290" label="food"/>
      <span end="16588" id="15921521-4353" start="16584">chow</span>
    </annotation>
    <annotation annotator="Mike Bada, University of Colorado Anschutz Medical Campus" id="CHEBI_2015_08_26_Instance_220018" type="identity">
      <class id="CHEBI:33290" label="food"/>
      <span end="16716" id="15921521-4355" start="16712">chow</span>
    </annotation>
    <annotation annotator="Mike Bada, University of Colorado Anschutz Medical Campus" id="CHEBI_2015_08_26_Instance_22865" type="identity">
      <class id="CHEBI:17996" label="chloride"/>
      <span end="19107" id="15921521-4379" start="19099">chloride</span>
    </annotation>
    <annotation annotator="Mike Bada, University of Colorado Anschutz Medical Campus" id="CHEBI_2015_08_26_Instance_340380" type="identity">
      <class id="CHEBI:82761" label="defensin"/>
      <span end="20571" id="15921521-4395" start="20562">defensins</span>
    </annotation>
    <annotation annotator="Mike Bada, University of Colorado Anschutz Medical Campus" id="CHEBI_2015_08_26_Instance_20951" type="identity">
      <class id="CHEBI:37527" label="acid"/>
      <span end="22522" id="15921521-4337" start="22516">acidic</span>
    </annotation>
    <annotation annotator="Mike Bada, University of Colorado Anschutz Medical Campus" id="CHEBI_2015_08_26_Instance_22869" type="identity">
      <class id="CHEBI:35224" label="effector"/>
      <span end="22671" id="15921521-4381" start="22663">effector</span>
    </annotation>
    <annotation annotator="Mike Bada, University of Colorado Anschutz Medical Campus" id="CHEBI_2015_08_26_Instance_220118" type="identity">
      <class id="CHEBI:36357" label="polyatomic entity"/>
      <span end="22681" id="15921521-4369" start="22672">molecules</span>
    </annotation>
    <annotation annotator="Mike Bada, University of Colorado Anschutz Medical Campus" id="CHEBI_2015_08_26_Instance_22871" type="identity">
      <class id="CHEBI:18295" label="histamine"/>
      <span end="22731" id="15921521-4383" start="22722">histamine</span>
    </annotation>
    <annotation annotator="Mike Bada, University of Colorado Anschutz Medical Campus" id="CHEBI_2015_08_26_Instance_22873" type="identity">
      <class id="CHEBI:26333" label="prostaglandin"/>
      <span end="22758" id="15921521-4385" start="22744">prostaglandins</span>
    </annotation>
    <annotation annotator="Mike Bada, University of Colorado Anschutz Medical Campus" id="CHEBI_2015_08_26_Instance_220020" type="identity">
      <class id="CHEBI:33290" label="food"/>
      <span end="24816" id="15921521-4357" start="24812">chow</span>
    </annotation>
    <annotation annotator="Mike Bada, University of Colorado Anschutz Medical Campus" id="CHEBI_2015_08_26_Instance_220022" type="identity">
      <class id="CHEBI:33290" label="food"/>
      <span end="24929" id="15921521-4359" start="24925">chow</span>
    </annotation>
    <annotation annotator="Mike Bada, University of Colorado Anschutz Medical Campus" id="CHEBI_2015_08_26_Instance_22877" type="identity">
      <class id="CHEBI:29149" label="periodic acid"/>
      <span end="26561" id="15921521-4387" start="26548">periodic acid</span>
    </annotation>
    <graph-space id="Old Knowtator Relations"/>
  </document>
</knowtator-project>
