<?xml version="1.0" encoding="UTF-8" standalone="no"?>
<knowtator-project>
  <document id="16098226" text-file="16098226.txt">
    <annotation annotator="Mike Bada, University of Colorado Anschutz Medical Campus" id="CHEBI_2015_08_26_Instance_240147" type="identity">
      <class id="CHEBI:74498" label="5-fluoroorotic acid"/>
      <span end="12776" id="16098226-4591" start="12756">5-fluoro-orotic acid</span>
    </annotation>
    <annotation annotator="Mike Bada, University of Colorado Anschutz Medical Campus" id="CHEBI_2015_08_26_Instance_25503" type="identity">
      <class id="CHEBI:29108" label="calcium(2+)"/>
      <span end="18708" id="16098226-4601" start="18704">Ca2+</span>
    </annotation>
    <annotation annotator="Mike Bada, University of Colorado Anschutz Medical Campus" id="CHEBI_2015_08_26_Instance_26003" type="identity">
      <class id="CHEBI:16480" label="nitric oxide"/>
      <span end="19513" id="16098226-4605" start="19501">nitric oxide</span>
    </annotation>
    <annotation annotator="Mike Bada, University of Colorado Anschutz Medical Campus" id="CHEBI_2015_08_26_Instance_25507" type="identity">
      <class id="CHEBI:33280" label="molecular messenger"/>
      <span end="21083" id="16098226-4603" start="21073">messengers</span>
    </annotation>
    <annotation annotator="Mike Bada, University of Colorado Anschutz Medical Campus" id="CHEBI_2015_08_26_Instance_240315" type="identity">
      <class id="CHEBI:74498" label="5-fluoroorotic acid"/>
      <span end="28107" id="16098226-4593" start="28088">5-fluro-orotic acid</span>
    </annotation>
    <annotation annotator="Mike Bada, University of Colorado Anschutz Medical Campus" id="CHEBI_2015_08_26_Instance_240319" type="identity">
      <class id="CHEBI:75055" label="5-bromo-4-chloro-3-indolyl beta-D-galactoside"/>
      <span end="28206" id="16098226-4595" start="28201">X-gal</span>
    </annotation>
    <annotation annotator="Mike Bada, University of Colorado Anschutz Medical Campus" id="CHEBI_2015_08_26_Instance_24601" type="identity">
      <class id="CHEBI:6636" label="magnesium dichloride"/>
      <span end="30575" id="16098226-4597" start="30570">MgCl2</span>
    </annotation>
    <annotation annotator="Mike Bada, University of Colorado Anschutz Medical Campus" id="CHEBI_2015_08_26_Instance_24603" type="identity">
      <class id="CHEBI:2511" label="agarose"/>
      <span end="30814" id="16098226-4599" start="30807">agarose</span>
    </annotation>
    <graph-space id="Old Knowtator Relations"/>
  </document>
</knowtator-project>
