<?xml version="1.0" encoding="UTF-8" standalone="no"?>
<knowtator-project>
    <document id="16109169" text-file="16109169.txt">
        <annotation annotator="Mike Bada, University of Colorado Anschutz Medical Campus" id="CHEBI_2015_08_26_Instance_24755" type="identity">
            <class id="CHEBI:33284" label="nutrient"/>
            <span end="4933" id="16109169-4682" start="4924">nutrients</span>
        </annotation>
        <annotation annotator="Mike Bada, University of Colorado Anschutz Medical Campus" id="CHEBI_2015_08_26_Instance_24757" type="identity">
            <class id="CHEBI:33284" label="nutrient"/>
            <span end="6349" id="16109169-4684" start="6340">nutrients</span>
        </annotation>
        <annotation annotator="Mike Bada, University of Colorado Anschutz Medical Campus" id="CHEBI_2015_08_26_Instance_240912" type="identity">
            <class id="CHEBI:62488" label="signalling molecule"/>
            <span end="14055" id="16109169-4654" start="14036">signaling molecules</span>
        </annotation>
        <annotation annotator="Mike Bada, University of Colorado Anschutz Medical Campus" id="CHEBI_2015_08_26_Instance_240914" type="identity">
            <class id="CHEBI:36357" label="polyatomic entity"/>
            <span end="14152" id="16109169-4656" start="14143">molecules</span>
        </annotation>
        <annotation annotator="Mike Bada, University of Colorado Anschutz Medical Campus" id="CHEBI_2015_08_26_Instance_240916" type="identity">
            <class id="CHEBI:75055" label="5-bromo-4-chloro-3-indolyl beta-D-galactoside"/>
            <span end="15414" id="16109169-4658" start="15409">X-gal</span>
        </annotation>
        <annotation annotator="Mike Bada, University of Colorado Anschutz Medical Campus" id="CHEBI_2015_08_26_Instance_240920" type="identity">
            <class id="CHEBI:62488" label="signalling molecule"/>
            <span end="18357" id="16109169-4660" start="18338">signaling molecules</span>
        </annotation>
        <annotation annotator="Mike Bada, University of Colorado Anschutz Medical Campus" id="CHEBI_2015_08_26_Instance_24759" type="identity">
            <class id="CHEBI:39015" label="apolipoprotein"/>
            <span end="18914" id="16109169-4686" start="18899">apolipoproteins</span>
        </annotation>
        <annotation annotator="Mike Bada, University of Colorado Anschutz Medical Campus" id="CHEBI_2015_08_26_Instance_240926" type="identity">
            <class id="CHEBI:62488" label="signalling molecule"/>
            <span end="20400" id="16109169-4662" start="20381">signaling molecules</span>
        </annotation>
        <annotation annotator="Mike Bada, University of Colorado Anschutz Medical Campus" id="CHEBI_2015_08_26_Instance_24751" type="identity">
            <class id="CHEBI:33284" label="nutrient"/>
            <span end="21200" id="16109169-4678" start="21192">nutrient</span>
        </annotation>
        <annotation annotator="Mike Bada, University of Colorado Anschutz Medical Campus" id="CHEBI_2015_08_26_Instance_240928" type="identity">
            <class id="CHEBI:62488" label="signalling molecule"/>
            <span end="21864" id="16109169-4664" start="21846">signaling molecule</span>
        </annotation>
        <annotation annotator="Mike Bada, University of Colorado Anschutz Medical Campus" id="CHEBI_2015_08_26_Instance_24753" type="identity">
            <class id="CHEBI:33284" label="nutrient"/>
            <span end="24631" id="16109169-4680" start="24623">nutrient</span>
        </annotation>
        <annotation annotator="Mike Bada, University of Colorado Anschutz Medical Campus" id="CHEBI_2015_08_26_Instance_24765" type="identity">
            <class id="CHEBI:33284" label="nutrient"/>
            <span end="28384" id="16109169-4688" start="28376">nutrient</span>
        </annotation>
        <annotation annotator="Mike Bada, University of Colorado Anschutz Medical Campus" id="CHEBI_2015_08_26_Instance_24767" type="identity">
            <class id="CHEBI:17754" label="glycerol"/>
            <span end="33495" id="16109169-4690" start="33487">glycerol</span>
        </annotation>
        <annotation annotator="Mike Bada, University of Colorado Anschutz Medical Campus" id="CHEBI_2015_08_26_Instance_240968" type="identity">
            <class id="CHEBI:9750" label="Triton X-100"/>
            <span end="33924" id="16109169-4666" start="33918">TX-100</span>
        </annotation>
        <annotation annotator="Mike Bada, University of Colorado Anschutz Medical Campus" id="CHEBI_2015_08_26_Instance_240978" type="identity">
            <class id="CHEBI:67100" label="tris maleate"/>
            <span end="33975" id="16109169-4668" start="33963">Tris-Maleate</span>
        </annotation>
        <annotation annotator="Mike Bada, University of Colorado Anschutz Medical Campus" id="CHEBI_2015_08_26_Instance_240980" type="identity">
            <class id="CHEBI:67100" label="tris maleate"/>
            <span end="34002" id="16109169-4670" start="33990">Tris-Maleate</span>
        </annotation>
        <annotation annotator="Mike Bada, University of Colorado Anschutz Medical Campus" id="CHEBI_2015_08_26_Instance_24785" type="identity">
            <class id="CHEBI:6636" label="magnesium dichloride"/>
            <span end="34026" id="16109169-4692" start="34021">MgCl2</span>
        </annotation>
        <annotation annotator="Mike Bada, University of Colorado Anschutz Medical Campus" id="CHEBI_2015_08_26_Instance_240984" type="identity">
            <class id="CHEBI:75958" label="solution"/>
            <span end="34101" id="16109169-4674" start="34093">solution</span>
        </annotation>
        <annotation annotator="Mike Bada, University of Colorado Anschutz Medical Campus" id="CHEBI_2015_08_26_Instance_240982" type="identity">
            <class id="CHEBI:67100" label="tris maleate"/>
            <span end="34121" id="16109169-4672" start="34109">Tris-Maleate</span>
        </annotation>
        <annotation annotator="Mike Bada, University of Colorado Anschutz Medical Campus" id="CHEBI_2015_08_26_Instance_24787" type="identity">
            <class id="CHEBI:6636" label="magnesium dichloride"/>
            <span end="34145" id="16109169-4694" start="34140">MgCl2</span>
        </annotation>
        <annotation annotator="Mike Bada, University of Colorado Anschutz Medical Campus" id="CHEBI_2015_08_26_Instance_240986" type="identity">
            <class id="CHEBI:9750" label="Triton X-100"/>
            <span end="34252" id="16109169-4676" start="34246">TX-100</span>
        </annotation>
        <annotation annotator="Mike Bada, University of Colorado Anschutz Medical Campus" id="CHEBI_2015_08_26_Instance_27185" type="identity">
            <class id="CHEBI:16526" label="carbon dioxide"/>
            <span end="34508" id="16109169-4698" start="34505">CO2</span>
        </annotation>
        <annotation annotator="Mike Bada, University of Colorado Anschutz Medical Campus" id="CHEBI_2015_08_26_Instance_24801" type="identity">
            <class id="CHEBI:33893" label="reagent"/>
            <span end="35283" id="16109169-4696" start="35275">reagents</span>
        </annotation>
        <graph-space id="Old Knowtator Relations"/>
    </document>
</knowtator-project>
