<?xml version="1.0" encoding="UTF-8" standalone="no"?>
<knowtator-project>
    <document id="16103912" text-file="16103912.txt">
        <annotation annotator="Mike Bada, University of Colorado Anschutz Medical Campus" id="CHEBI_2015_08_26_Instance_24659" type="identity">
            <class id="CHEBI:23995" label="N-ethyl-N-nitrosourea"/>
            <span end="391" id="16103912-4620" start="370">N-ethyl-N-nitrosourea</span>
        </annotation>
        <annotation annotator="Mike Bada, University of Colorado Anschutz Medical Campus" id="CHEBI_2015_08_26_Instance_24661" type="identity">
            <class id="CHEBI:23995" label="N-ethyl-N-nitrosourea"/>
            <span end="575" id="16103912-4622" start="554">N-ethyl-N-nitrosourea</span>
        </annotation>
        <annotation annotator="Mike Bada, University of Colorado Anschutz Medical Campus" id="CHEBI_2015_08_26_Instance_28057" type="identity">
            <class id="CHEBI:25435" label="mutagen"/>
            <span end="5782" id="16103912-4650" start="5775">mutagen</span>
        </annotation>
        <annotation annotator="Mike Bada, University of Colorado Anschutz Medical Campus" id="CHEBI_2015_08_26_Instance_24663" type="identity">
            <class id="CHEBI:23995" label="N-ethyl-N-nitrosourea"/>
            <span end="5804" id="16103912-4624" start="5783">N-ethyl-N-nitrosourea</span>
        </annotation>
        <annotation annotator="Mike Bada, University of Colorado Anschutz Medical Campus" id="CHEBI_2015_08_26_Instance_24665" type="identity">
            <class id="CHEBI:23995" label="N-ethyl-N-nitrosourea"/>
            <span end="5809" id="16103912-4626" start="5806">ENU</span>
        </annotation>
        <annotation annotator="Mike Bada, University of Colorado Anschutz Medical Campus" id="CHEBI_2015_08_26_Instance_24667" type="identity">
            <class id="CHEBI:23995" label="N-ethyl-N-nitrosourea"/>
            <span end="6861" id="16103912-4628" start="6858">ENU</span>
        </annotation>
        <annotation annotator="Mike Bada, University of Colorado Anschutz Medical Campus" id="CHEBI_2015_08_26_Instance_240841" type="identity">
            <class id="CHEBI:50905" label="teratogenic agent"/>
            <span end="23631" id="16103912-4610" start="23620">teratogenic</span>
        </annotation>
        <annotation annotator="Mike Bada, University of Colorado Anschutz Medical Campus" id="CHEBI_2015_08_26_Instance_24673" type="identity">
            <class id="CHEBI:33284" label="nutrient"/>
            <span end="26960" id="16103912-4630" start="26952">nutrient</span>
        </annotation>
        <annotation annotator="Mike Bada, University of Colorado Anschutz Medical Campus" id="CHEBI_2015_08_26_Instance_240849" type="identity">
            <class id="CHEBI:60004" label="mixture"/>
            <span end="26968" id="16103912-4612" start="26961">mixture</span>
        </annotation>
        <annotation annotator="Mike Bada, University of Colorado Anschutz Medical Campus" id="CHEBI_2015_08_26_Instance_24677" type="identity">
            <class id="CHEBI:17334" label="penicillin"/>
            <span end="27120" id="16103912-4632" start="27110">penicillin</span>
        </annotation>
        <annotation annotator="Mike Bada, University of Colorado Anschutz Medical Campus" id="CHEBI_2015_08_26_Instance_24679" type="identity">
            <class id="CHEBI:17076" label="streptomycin"/>
            <span end="27145" id="16103912-4634" start="27133">streptomycin</span>
        </annotation>
        <annotation annotator="Mike Bada, University of Colorado Anschutz Medical Campus" id="CHEBI_2015_08_26_Instance_240853" type="identity">
            <class id="CHEBI:2682" label="amphotericin B"/>
            <span end="27177" id="16103912-4614" start="27163">amphotericin B</span>
        </annotation>
        <annotation annotator="Mike Bada, University of Colorado Anschutz Medical Campus" id="CHEBI_2015_08_26_Instance_24681" type="identity">
            <class id="CHEBI:16526" label="carbon dioxide"/>
            <span end="27233" id="16103912-4636" start="27230">CO2</span>
        </annotation>
        <annotation annotator="Mike Bada, University of Colorado Anschutz Medical Campus" id="CHEBI_2015_08_26_Instance_240857" type="identity">
            <class id="CHEBI:75055" label="5-bromo-4-chloro-3-indolyl beta-D-galactoside"/>
            <span end="28189" id="16103912-4616" start="28184">X-gal</span>
        </annotation>
        <annotation annotator="Mike Bada, University of Colorado Anschutz Medical Campus" id="CHEBI_2015_08_26_Instance_240861" type="identity">
            <class id="CHEBI:73702" label="wax"/>
            <span end="28948" id="16103912-4618" start="28945">wax</span>
        </annotation>
        <annotation annotator="Mike Bada, University of Colorado Anschutz Medical Campus" id="CHEBI_2015_08_26_Instance_24683" type="identity">
            <class id="CHEBI:37983" label="sulfur-35 atom"/>
            <span end="29058" id="16103912-4638" start="29055">35S</span>
        </annotation>
        <annotation annotator="Mike Bada, University of Colorado Anschutz Medical Campus" id="CHEBI_2015_08_26_Instance_24685" type="identity">
            <class id="CHEBI:15882" label="phenol"/>
            <span end="29371" id="16103912-4640" start="29365">phenol</span>
        </annotation>
        <annotation annotator="Mike Bada, University of Colorado Anschutz Medical Campus" id="CHEBI_2015_08_26_Instance_24687" type="identity">
            <class id="CHEBI:35255" label="chloroform"/>
            <span end="29382" id="16103912-4642" start="29372">chloroform</span>
        </annotation>
        <annotation annotator="Mike Bada, University of Colorado Anschutz Medical Campus" id="CHEBI_2015_08_26_Instance_24689" type="identity">
            <class id="CHEBI:23995" label="N-ethyl-N-nitrosourea"/>
            <span end="31200" id="16103912-4644" start="31197">ENU</span>
        </annotation>
        <annotation annotator="Mike Bada, University of Colorado Anschutz Medical Campus" id="CHEBI_2015_08_26_Instance_24691" type="identity">
            <class id="CHEBI:23995" label="N-ethyl-N-nitrosourea"/>
            <span end="31224" id="16103912-4646" start="31203">N-ethyl-N-nitrosourea</span>
        </annotation>
        <annotation annotator="Mike Bada, University of Colorado Anschutz Medical Campus" id="CHEBI_2015_08_26_Instance_24693" type="identity">
            <class id="CHEBI:23995" label="N-ethyl-N-nitrosourea"/>
            <span end="31806" id="16103912-4648" start="31803">ENU</span>
        </annotation>
        <annotation annotator="Mike Bada, University of Colorado Anschutz Medical Campus" id="CHEBI_2015_08_26_Instance_24027" type="identity">
            <class id="CHEBI:33893" label="reagent"/>
            <span end="34078" id="16103912-4608" start="34070">reagents</span>
        </annotation>
        <graph-space id="Old Knowtator Relations"/>
    </document>
</knowtator-project>
