<?xml version="1.0" encoding="UTF-8" standalone="no"?>
<knowtator-project>
  <document id="16110338" text-file="16110338.txt">
    <annotation annotator="Mike Bada, University of Colorado Anschutz Medical Campus" id="CHEBI_2015_08_26_Instance_24805" type="identity">
      <class id="CHEBI:17234" label="glucose"/>
      <span end="1291" id="16110338-4750" start="1284">glucose</span>
    </annotation>
    <annotation annotator="Mike Bada, University of Colorado Anschutz Medical Campus" id="CHEBI_2015_08_26_Instance_331754" type="identity">
      <class id="CHEBI:24384" label="glycogens"/>
      <span end="1300" id="16110338-4838" start="1292">glycogen</span>
    </annotation>
    <annotation annotator="Mike Bada, University of Colorado Anschutz Medical Campus" id="CHEBI_2015_08_26_Instance_240994" type="identity">
      <class id="CHEBI:26130" label="biological pigment"/>
      <span end="3682" id="16110338-4720" start="3672">pigmentary</span>
    </annotation>
    <annotation annotator="Mike Bada, University of Colorado Anschutz Medical Campus" id="CHEBI_2015_08_26_Instance_331324" type="identity">
      <class id="CHEBI:26710" label="sodium chloride"/>
      <span end="9172" id="16110338-4832" start="9168">salt</span>
    </annotation>
    <annotation annotator="Mike Bada, University of Colorado Anschutz Medical Campus" id="CHEBI_2015_08_26_Instance_241002" type="identity">
      <class id="CHEBI:51231" label="DAPI"/>
      <span end="10118" id="16110338-4722" start="10092">6-diamidino-2-phenylindole</span>
    </annotation>
    <annotation annotator="Mike Bada, University of Colorado Anschutz Medical Campus" id="CHEBI_2015_08_26_Instance_241004" type="identity">
      <class id="CHEBI:51231" label="DAPI"/>
      <span end="10124" id="16110338-4724" start="10120">DAPI</span>
    </annotation>
    <annotation annotator="Mike Bada, University of Colorado Anschutz Medical Campus" id="CHEBI_2015_08_26_Instance_331676" type="identity">
      <class id="CHEBI:51231" label="DAPI"/>
      <span end="10323" id="16110338-4834" start="10319">DAPI</span>
    </annotation>
    <annotation annotator="Mike Bada, University of Colorado Anschutz Medical Campus" id="CHEBI_2015_08_26_Instance_24821" type="identity">
      <class id="CHEBI:17234" label="glucose"/>
      <span end="14289" id="16110338-4752" start="14282">glucose</span>
    </annotation>
    <annotation annotator="Mike Bada, University of Colorado Anschutz Medical Campus" id="CHEBI_2015_08_26_Instance_24831" type="identity">
      <class id="CHEBI:35366" label="fatty acid"/>
      <span end="14328" id="16110338-4762" start="14318">fatty acid</span>
    </annotation>
    <annotation annotator="Mike Bada, University of Colorado Anschutz Medical Campus" id="CHEBI_2015_08_26_Instance_241010" type="identity">
      <class id="CHEBI:60311" label="thyroid hormone"/>
      <span end="15890" id="16110338-4726" start="15875">Thyroid Hormone</span>
    </annotation>
    <annotation annotator="Mike Bada, University of Colorado Anschutz Medical Campus" id="CHEBI_2015_08_26_Instance_241012" type="identity">
      <class id="CHEBI:60311" label="thyroid hormone"/>
      <span end="16106" id="16110338-4728" start="16091">thyroid hormone</span>
    </annotation>
    <annotation annotator="Mike Bada, University of Colorado Anschutz Medical Campus" id="CHEBI_2015_08_26_Instance_21303" type="identity">
      <class id="CHEBI:22695" label="base"/>
      <span end="19410" id="16110338-4706" start="19405">basic</span>
    </annotation>
    <annotation annotator="Mike Bada, University of Colorado Anschutz Medical Campus" id="CHEBI_2015_08_26_Instance_20433" type="identity">
      <class id="CHEBI:10545" label="electron"/>
      <span end="22063" id="16110338-4704" start="22055">electron</span>
    </annotation>
    <annotation annotator="Mike Bada, University of Colorado Anschutz Medical Campus" id="CHEBI_2015_08_26_Instance_21771" type="identity">
      <class id="CHEBI:10545" label="electron"/>
      <span end="23240" id="16110338-4708" start="23232">electron</span>
    </annotation>
    <annotation annotator="Mike Bada, University of Colorado Anschutz Medical Campus" id="CHEBI_2015_08_26_Instance_21773" type="identity">
      <class id="CHEBI:10545" label="electron"/>
      <span end="23502" id="16110338-4710" start="23494">electron</span>
    </annotation>
    <annotation annotator="Mike Bada, University of Colorado Anschutz Medical Campus" id="CHEBI_2015_08_26_Instance_22109" type="identity">
      <class id="CHEBI:10545" label="electron"/>
      <span end="25778" id="16110338-4714" start="25770">electron</span>
    </annotation>
    <annotation annotator="Mike Bada, University of Colorado Anschutz Medical Campus" id="CHEBI_2015_08_26_Instance_241022" type="identity">
      <class id="CHEBI:36357" label="polyatomic entity"/>
      <span end="33117" id="16110338-4730" start="33108">molecules</span>
    </annotation>
    <annotation annotator="Mike Bada, University of Colorado Anschutz Medical Campus" id="CHEBI_2015_08_26_Instance_331756" type="identity">
      <class id="CHEBI:24384" label="glycogens"/>
      <span end="33859" id="16110338-4840" start="33851">glycogen</span>
    </annotation>
    <annotation annotator="Mike Bada, University of Colorado Anschutz Medical Campus" id="CHEBI_2015_08_26_Instance_24823" type="identity">
      <class id="CHEBI:17234" label="glucose"/>
      <span end="33867" id="16110338-4754" start="33860">glucose</span>
    </annotation>
    <annotation annotator="Mike Bada, University of Colorado Anschutz Medical Campus" id="CHEBI_2015_08_26_Instance_22775" type="identity">
      <class id="CHEBI:17158" label="methylglyoxal"/>
      <span end="33947" id="16110338-4716" start="33934">methylglyoxal</span>
    </annotation>
    <annotation annotator="Mike Bada, University of Colorado Anschutz Medical Campus" id="CHEBI_2015_08_26_Instance_24825" type="identity">
      <class id="CHEBI:17234" label="glucose"/>
      <span end="34013" id="16110338-4756" start="34006">glucose</span>
    </annotation>
    <annotation annotator="Mike Bada, University of Colorado Anschutz Medical Campus" id="CHEBI_2015_08_26_Instance_24827" type="identity">
      <class id="CHEBI:17234" label="glucose"/>
      <span end="34254" id="16110338-4758" start="34247">glucose</span>
    </annotation>
    <annotation annotator="Mike Bada, University of Colorado Anschutz Medical Campus" id="CHEBI_2015_08_26_Instance_331758" type="identity">
      <class id="CHEBI:24384" label="glycogens"/>
      <span end="34834" id="16110338-4842" start="34826">glycogen</span>
    </annotation>
    <annotation annotator="Mike Bada, University of Colorado Anschutz Medical Campus" id="CHEBI_2015_08_26_Instance_24829" type="identity">
      <class id="CHEBI:17234" label="glucose"/>
      <span end="34846" id="16110338-4760" start="34839">glucose</span>
    </annotation>
    <annotation annotator="Mike Bada, University of Colorado Anschutz Medical Campus" id="CHEBI_2015_08_26_Instance_331760" type="identity">
      <class id="CHEBI:24384" label="glycogens"/>
      <span end="35063" id="16110338-4844" start="35055">glycogen</span>
    </annotation>
    <annotation annotator="Mike Bada, University of Colorado Anschutz Medical Campus" id="CHEBI_2015_08_26_Instance_27731" type="identity">
      <class id="CHEBI:33893" label="reagent"/>
      <span end="43185" id="16110338-4824" start="43178">reagent</span>
    </annotation>
    <annotation annotator="Mike Bada, University of Colorado Anschutz Medical Campus" id="CHEBI_2015_08_26_Instance_241040" type="identity">
      <class id="CHEBI:37987" label="Cy3 dye"/>
      <span end="43637" id="16110338-4732" start="43634">Cy3</span>
    </annotation>
    <annotation annotator="Mike Bada, University of Colorado Anschutz Medical Campus" id="CHEBI_2015_08_26_Instance_241042" type="identity">
      <class id="CHEBI:37989" label="Cy5 dye"/>
      <span end="43644" id="16110338-4734" start="43641">Cy5</span>
    </annotation>
    <annotation annotator="Mike Bada, University of Colorado Anschutz Medical Campus" id="CHEBI_2015_08_26_Instance_241054" type="identity">
      <class id="CHEBI:37987" label="Cy3 dye"/>
      <span end="43945" id="16110338-4736" start="43942">Cy3</span>
    </annotation>
    <annotation annotator="Mike Bada, University of Colorado Anschutz Medical Campus" id="CHEBI_2015_08_26_Instance_241056" type="identity">
      <class id="CHEBI:37989" label="Cy5 dye"/>
      <span end="43972" id="16110338-4738" start="43969">Cy5</span>
    </annotation>
    <annotation annotator="Mike Bada, University of Colorado Anschutz Medical Campus" id="CHEBI_2015_08_26_Instance_241058" type="identity">
      <class id="CHEBI:37958" label="dye"/>
      <span end="44009" id="16110338-4740" start="44005">dyes</span>
    </annotation>
    <annotation annotator="Mike Bada, University of Colorado Anschutz Medical Campus" id="CHEBI_2015_08_26_Instance_220000" type="identity">
      <class id="CHEBI:37987" label="Cy3 dye"/>
      <span end="44948" id="16110338-4712" start="44945">Cy3</span>
    </annotation>
    <annotation annotator="Mike Bada, University of Colorado Anschutz Medical Campus" id="CHEBI_2015_08_26_Instance_230002" type="identity">
      <class id="CHEBI:37989" label="Cy5 dye"/>
      <span end="44955" id="16110338-4718" start="44952">Cy5</span>
    </annotation>
    <annotation annotator="Mike Bada, University of Colorado Anschutz Medical Campus" id="CHEBI_2015_08_26_Instance_250004" type="identity">
      <class id="CHEBI:37987" label="Cy3 dye"/>
      <span end="45456" id="16110338-4794" start="45453">Cy3</span>
    </annotation>
    <annotation annotator="Mike Bada, University of Colorado Anschutz Medical Campus" id="CHEBI_2015_08_26_Instance_250006" type="identity">
      <class id="CHEBI:37989" label="Cy5 dye"/>
      <span end="45460" id="16110338-4796" start="45457">Cy5</span>
    </annotation>
    <annotation annotator="Mike Bada, University of Colorado Anschutz Medical Campus" id="CHEBI_2015_08_26_Instance_24645" type="identity">
      <class id="CHEBI:42098" label="digoxigenin"/>
      <span end="47912" id="16110338-4742" start="47901">digoxygenin</span>
    </annotation>
    <annotation annotator="Mike Bada, University of Colorado Anschutz Medical Campus" id="CHEBI_2015_08_26_Instance_250020" type="identity">
      <class id="CHEBI:7586" label="nitro blue tetrazolium(2+)"/>
      <span end="47974" id="16110338-4798" start="47971">NBT</span>
    </annotation>
    <annotation annotator="Mike Bada, University of Colorado Anschutz Medical Campus" id="CHEBI_2015_08_26_Instance_250022" type="identity">
      <class id="CHEBI:75508" label="5-bromo-4-chloro-3-indolyl phosphate"/>
      <span end="47979" id="16110338-4800" start="47975">BCIP</span>
    </annotation>
    <annotation annotator="Mike Bada, University of Colorado Anschutz Medical Campus" id="CHEBI_2015_08_26_Instance_24647" type="identity">
      <class id="CHEBI:42098" label="digoxigenin"/>
      <span end="48236" id="16110338-4744" start="48225">digoxygenin</span>
    </annotation>
    <annotation annotator="Mike Bada, University of Colorado Anschutz Medical Campus" id="CHEBI_2015_08_26_Instance_250028" type="identity">
      <class id="CHEBI:52302" label="Cy2 dye"/>
      <span end="48989" id="16110338-4802" start="48986">Cy2</span>
    </annotation>
    <annotation annotator="Mike Bada, University of Colorado Anschutz Medical Campus" id="CHEBI_2015_08_26_Instance_250030" type="identity">
      <class id="CHEBI:37987" label="Cy3 dye"/>
      <span end="48997" id="16110338-4804" start="48994">Cy3</span>
    </annotation>
    <annotation annotator="Mike Bada, University of Colorado Anschutz Medical Campus" id="CHEBI_2015_08_26_Instance_250032" type="identity">
      <class id="CHEBI:51231" label="DAPI"/>
      <span end="49151" id="16110338-4806" start="49144">4′-DAPI</span>
    </annotation>
    <annotation annotator="Mike Bada, University of Colorado Anschutz Medical Campus" id="CHEBI_2015_08_26_Instance_24649" type="identity">
      <class id="CHEBI:10545" label="electron"/>
      <span end="49309" id="16110338-4746" start="49301">Electron</span>
    </annotation>
    <annotation annotator="Mike Bada, University of Colorado Anschutz Medical Campus" id="CHEBI_2015_08_26_Instance_330804" type="identity">
      <class id="CHEBI:75958" label="solution"/>
      <span end="49720" id="16110338-4830" start="49712">solution</span>
    </annotation>
    <annotation annotator="Mike Bada, University of Colorado Anschutz Medical Campus" id="CHEBI_2015_08_26_Instance_250036" type="identity">
      <class id="CHEBI:64276" label="glutaraldehyde"/>
      <span end="49761" id="16110338-4808" start="49747">glutaraldehyde</span>
    </annotation>
    <annotation annotator="Mike Bada, University of Colorado Anschutz Medical Campus" id="CHEBI_2015_08_26_Instance_24651" type="identity">
      <class id="CHEBI:16223" label="dimethylarsinate"/>
      <span end="49775" id="16110338-4748" start="49765">cacodylate</span>
    </annotation>
    <annotation annotator="Mike Bada, University of Colorado Anschutz Medical Campus" id="CHEBI_2015_08_26_Instance_24889" type="identity">
      <class id="CHEBI:48765" label="dimethylarsinic acid"/>
      <span end="49804" id="16110338-4764" start="49790">cacodylic acid</span>
    </annotation>
    <annotation annotator="Mike Bada, University of Colorado Anschutz Medical Campus" id="CHEBI_2015_08_26_Instance_24893" type="identity">
      <class id="CHEBI:3312" label="calcium dichloride"/>
      <span end="49827" id="16110338-4766" start="49811">calcium chloride</span>
    </annotation>
    <annotation annotator="Mike Bada, University of Colorado Anschutz Medical Campus" id="CHEBI_2015_08_26_Instance_250040" type="identity">
      <class id="CHEBI:73702" label="wax"/>
      <span end="49960" id="16110338-4810" start="49957">wax</span>
    </annotation>
    <annotation annotator="Mike Bada, University of Colorado Anschutz Medical Campus" id="CHEBI_2015_08_26_Instance_330360" type="identity">
      <class id="CHEBI:26130" label="biological pigment"/>
      <span end="50152" id="16110338-4826" start="50145">pigment</span>
    </annotation>
    <annotation annotator="Mike Bada, University of Colorado Anschutz Medical Campus" id="CHEBI_2015_08_26_backup_Instance_20005" type="identity">
      <class id="CHEBI:30059" label="potassium hexacyanoferrate(4-)"/>
      <span end="50417" id="16110338-4702" start="50395">potassium ferrocyanide</span>
    </annotation>
    <annotation annotator="Mike Bada, University of Colorado Anschutz Medical Campus" id="CHEBI_2015_08_26_Instance_24917" type="identity">
      <class id="CHEBI:16236" label="ethanol"/>
      <span end="50700" id="16110338-4768" start="50693">ethanol</span>
    </annotation>
    <annotation annotator="Mike Bada, University of Colorado Anschutz Medical Campus" id="CHEBI_2015_08_26_Instance_24919" type="identity">
      <class id="CHEBI:16236" label="ethanol"/>
      <span end="50734" id="16110338-4770" start="50727">ethanol</span>
    </annotation>
    <annotation annotator="Mike Bada, University of Colorado Anschutz Medical Campus" id="CHEBI_2015_08_26_Instance_24921" type="identity">
      <class id="CHEBI:16236" label="ethanol"/>
      <span end="50779" id="16110338-4772" start="50772">ethanol</span>
    </annotation>
    <annotation annotator="Mike Bada, University of Colorado Anschutz Medical Campus" id="CHEBI_2015_08_26_Instance_24923" type="identity">
      <class id="CHEBI:38685" label="1,2-epoxypropane"/>
      <span end="50857" id="16110338-4774" start="50842">propylene oxide</span>
    </annotation>
    <annotation annotator="Mike Bada, University of Colorado Anschutz Medical Campus" id="CHEBI_2015_08_26_Instance_24925" type="identity">
      <class id="CHEBI:38909" label="trisodium borate"/>
      <span end="51054" id="16110338-4776" start="51041">sodium borate</span>
    </annotation>
    <annotation annotator="Mike Bada, University of Colorado Anschutz Medical Campus" id="CHEBI_2015_08_26_Instance_24935" type="identity">
      <class id="CHEBI:10545" label="electron"/>
      <span end="51315" id="16110338-4778" start="51307">electron</span>
    </annotation>
    <annotation annotator="Mike Bada, University of Colorado Anschutz Medical Campus" id="CHEBI_2015_08_26_Instance_24949" type="identity">
      <class id="CHEBI:10545" label="electron"/>
      <span end="51587" id="16110338-4780" start="51579">electron</span>
    </annotation>
    <annotation annotator="Mike Bada, University of Colorado Anschutz Medical Campus" id="CHEBI_2015_08_26_Instance_24951" type="identity">
      <class id="CHEBI:10545" label="electron"/>
      <span end="51633" id="16110338-4782" start="51625">electron</span>
    </annotation>
    <annotation annotator="Mike Bada, University of Colorado Anschutz Medical Campus" id="CHEBI_2015_08_26_Instance_24953" type="identity">
      <class id="CHEBI:10545" label="electron"/>
      <span end="52496" id="16110338-4784" start="52488">electron</span>
    </annotation>
    <annotation annotator="Mike Bada, University of Colorado Anschutz Medical Campus" id="CHEBI_2015_08_26_Instance_331708" type="identity">
      <class id="CHEBI:37987" label="Cy3 dye"/>
      <span end="56595" id="16110338-4836" start="56592">Cy3</span>
    </annotation>
    <annotation annotator="Mike Bada, University of Colorado Anschutz Medical Campus" id="CHEBI_2015_08_26_Instance_340212" type="identity">
      <class id="CHEBI:37989" label="Cy5 dye"/>
      <span end="56599" id="16110338-4846" start="56596">Cy5</span>
    </annotation>
    <annotation annotator="Mike Bada, University of Colorado Anschutz Medical Campus" id="CHEBI_2015_08_26_Instance_250064" type="identity">
      <class id="CHEBI:37987" label="Cy3 dye"/>
      <span end="56702" id="16110338-4812" start="56699">Cy3</span>
    </annotation>
    <annotation annotator="Mike Bada, University of Colorado Anschutz Medical Campus" id="CHEBI_2015_08_26_Instance_250066" type="identity">
      <class id="CHEBI:37989" label="Cy5 dye"/>
      <span end="56706" id="16110338-4814" start="56703">Cy5</span>
    </annotation>
    <annotation annotator="Mike Bada, University of Colorado Anschutz Medical Campus" id="CHEBI_2015_08_26_Instance_24955" type="identity">
      <class id="CHEBI:10545" label="electron"/>
      <span end="59500" id="16110338-4786" start="59492">electron</span>
    </annotation>
    <annotation annotator="Mike Bada, University of Colorado Anschutz Medical Campus" id="CHEBI_2015_08_26_Instance_24959" type="identity">
      <class id="CHEBI:33893" label="reagent"/>
      <span end="59589" id="16110338-4790" start="59581">reagents</span>
    </annotation>
    <annotation annotator="Mike Bada, University of Colorado Anschutz Medical Campus" id="CHEBI_2015_08_26_Instance_250072" type="identity">
      <class id="CHEBI:51231" label="DAPI"/>
      <span end="59920" id="16110338-4816" start="59916">DAPI</span>
    </annotation>
    <annotation annotator="Mike Bada, University of Colorado Anschutz Medical Campus" id="CHEBI_2015_08_26_Instance_250074" type="identity">
      <class id="CHEBI:51231" label="DAPI"/>
      <span end="59949" id="16110338-4818" start="59923">6-diamidino-2-phenylindole</span>
    </annotation>
    <annotation annotator="Mike Bada, University of Colorado Anschutz Medical Campus" id="CHEBI_2015_08_26_Instance_330362" type="identity">
      <class id="CHEBI:26130" label="biological pigment"/>
      <span end="63341" id="16110338-4828" start="63334">pigment</span>
    </annotation>
    <annotation annotator="Mike Bada, University of Colorado Anschutz Medical Campus" id="CHEBI_2015_08_26_Instance_250082" type="identity">
      <class id="CHEBI:51231" label="DAPI"/>
      <span end="64179" id="16110338-4820" start="64175">DAPI</span>
    </annotation>
    <annotation annotator="Mike Bada, University of Colorado Anschutz Medical Campus" id="CHEBI_2015_08_26_Instance_250084" type="identity">
      <class id="CHEBI:51231" label="DAPI"/>
      <span end="64388" id="16110338-4822" start="64384">DAPI</span>
    </annotation>
    <annotation annotator="Mike Bada, University of Colorado Anschutz Medical Campus" id="CHEBI_2015_08_26_Instance_24957" type="identity">
      <class id="CHEBI:10545" label="electron"/>
      <span end="67553" id="16110338-4788" start="67545">Electron</span>
    </annotation>
    <annotation annotator="Mike Bada, University of Colorado Anschutz Medical Campus" id="CHEBI_2015_08_26_Instance_24965" type="identity">
      <class id="CHEBI:33893" label="reagent"/>
      <span end="69239" id="16110338-4792" start="69231">reagents</span>
    </annotation>
    <graph-space id="Old Knowtator Relations"/>
  </document>
</knowtator-project>
