<?xml version="1.0" encoding="UTF-8" standalone="no"?>
<knowtator-project>
  <document id="16216087" text-file="16216087.txt">
    <annotation annotator="Mike Bada, University of Colorado Anschutz Medical Campus" id="CHEBI_2015_08_26_Instance_250964" type="identity">
      <class id="CHEBI:34018" label="(S)-AMPA"/>
      <span end="97" id="16216087-5441" start="93">AMPA</span>
    </annotation>
    <annotation annotator="Mike Bada, University of Colorado Anschutz Medical Campus" id="CHEBI_2015_08_26_Instance_250698" type="identity">
      <class id="CHEBI:34018" label="(S)-AMPA"/>
      <span end="192" id="16216087-5359" start="144">α-amino-3-hydroxy-5-methyl-4-isoxazolepropionate</span>
    </annotation>
    <annotation annotator="Mike Bada, University of Colorado Anschutz Medical Campus" id="CHEBI_2015_08_26_Instance_26463" type="identity">
      <class id="CHEBI:29108" label="calcium(2+)"/>
      <span end="348" id="16216087-5479" start="344">Ca2+</span>
    </annotation>
    <annotation annotator="Mike Bada, University of Colorado Anschutz Medical Campus" id="CHEBI_2015_08_26_Instance_26465" type="identity">
      <class id="CHEBI:29108" label="calcium(2+)"/>
      <span end="523" id="16216087-5481" start="519">Ca2+</span>
    </annotation>
    <annotation annotator="Mike Bada, University of Colorado Anschutz Medical Campus" id="CHEBI_2015_08_26_Instance_26527" type="identity">
      <class id="CHEBI:16865" label="gamma-aminobutyric acid"/>
      <span end="3091" id="16216087-5537" start="3068">gamma-aminobutyric acid</span>
    </annotation>
    <annotation annotator="Mike Bada, University of Colorado Anschutz Medical Campus" id="CHEBI_2015_08_26_Instance_26529" type="identity">
      <class id="CHEBI:16865" label="gamma-aminobutyric acid"/>
      <span end="3235" id="16216087-5539" start="3212">gamma-aminobutyric acid</span>
    </annotation>
    <annotation annotator="Mike Bada, University of Colorado Anschutz Medical Campus" id="CHEBI_2015_08_26_Instance_26467" type="identity">
      <class id="CHEBI:29108" label="calcium(2+)"/>
      <span end="3251" id="16216087-5483" start="3247">Ca2+</span>
    </annotation>
    <annotation annotator="Mike Bada, University of Colorado Anschutz Medical Campus" id="CHEBI_2015_08_26_Instance_250708" type="identity">
      <class id="CHEBI:34018" label="(S)-AMPA"/>
      <span end="3531" id="16216087-5361" start="3483">α-amino-3-hydroxy-5-methyl-4-isoxazolepropionate</span>
    </annotation>
    <annotation annotator="Mike Bada, University of Colorado Anschutz Medical Campus" id="CHEBI_2015_08_26_Instance_250710" type="identity">
      <class id="CHEBI:34018" label="(S)-AMPA"/>
      <span end="3678" id="16216087-5363" start="3630">α-amino-3-hydroxy-5-methyl-4-isoxazolepropionate</span>
    </annotation>
    <annotation annotator="Mike Bada, University of Colorado Anschutz Medical Campus" id="CHEBI_2015_08_26_Instance_250712" type="identity">
      <class id="CHEBI:34018" label="(S)-AMPA"/>
      <span end="3684" id="16216087-5365" start="3680">AMPA</span>
    </annotation>
    <annotation annotator="Mike Bada, University of Colorado Anschutz Medical Campus" id="CHEBI_2015_08_26_Instance_26547" type="identity">
      <class id="CHEBI:24870" label="ion"/>
      <span end="4012" id="16216087-5541" start="4009">ion</span>
    </annotation>
    <annotation annotator="Mike Bada, University of Colorado Anschutz Medical Campus" id="CHEBI_2015_08_26_Instance_26469" type="identity">
      <class id="CHEBI:29108" label="calcium(2+)"/>
      <span end="4086" id="16216087-5485" start="4082">Ca2+</span>
    </annotation>
    <annotation annotator="Mike Bada, University of Colorado Anschutz Medical Campus" id="CHEBI_2015_08_26_Instance_250716" type="identity">
      <class id="CHEBI:34018" label="(S)-AMPA"/>
      <span end="4107" id="16216087-5367" start="4103">AMPA</span>
    </annotation>
    <annotation annotator="Mike Bada, University of Colorado Anschutz Medical Campus" id="CHEBI_2015_08_26_Instance_26471" type="identity">
      <class id="CHEBI:29108" label="calcium(2+)"/>
      <span end="4539" id="16216087-5487" start="4535">Ca2+</span>
    </annotation>
    <annotation annotator="Mike Bada, University of Colorado Anschutz Medical Campus" id="CHEBI_2015_08_26_Instance_250744" type="identity">
      <class id="CHEBI:34018" label="(S)-AMPA"/>
      <span end="4560" id="16216087-5369" start="4556">AMPA</span>
    </annotation>
    <annotation annotator="Mike Bada, University of Colorado Anschutz Medical Campus" id="CHEBI_2015_08_26_Instance_26473" type="identity">
      <class id="CHEBI:29108" label="calcium(2+)"/>
      <span end="5140" id="16216087-5489" start="5136">Ca2+</span>
    </annotation>
    <annotation annotator="Mike Bada, University of Colorado Anschutz Medical Campus" id="CHEBI_2015_08_26_Instance_250762" type="identity">
      <class id="CHEBI:34018" label="(S)-AMPA"/>
      <span end="7779" id="16216087-5371" start="7775">AMPA</span>
    </annotation>
    <annotation annotator="Mike Bada, University of Colorado Anschutz Medical Campus" id="CHEBI_2015_08_26_Instance_26475" type="identity">
      <class id="CHEBI:29108" label="calcium(2+)"/>
      <span end="8801" id="16216087-5491" start="8797">Ca2+</span>
    </annotation>
    <annotation annotator="Mike Bada, University of Colorado Anschutz Medical Campus" id="CHEBI_2015_08_26_Instance_26443" type="identity">
      <class id="CHEBI:15377" label="water"/>
      <span end="9325" id="16216087-5459" start="9320">water</span>
    </annotation>
    <annotation annotator="Mike Bada, University of Colorado Anschutz Medical Campus" id="CHEBI_2015_08_26_Instance_26445" type="identity">
      <class id="CHEBI:15377" label="water"/>
      <span end="9374" id="16216087-5461" start="9369">water</span>
    </annotation>
    <annotation annotator="Mike Bada, University of Colorado Anschutz Medical Campus" id="CHEBI_2015_08_26_Instance_26477" type="identity">
      <class id="CHEBI:29108" label="calcium(2+)"/>
      <span end="10908" id="16216087-5493" start="10904">Ca2+</span>
    </annotation>
    <annotation annotator="Mike Bada, University of Colorado Anschutz Medical Campus" id="CHEBI_2015_08_26_Instance_26479" type="identity">
      <class id="CHEBI:29108" label="calcium(2+)"/>
      <span end="11236" id="16216087-5495" start="11232">Ca2+</span>
    </annotation>
    <annotation annotator="Mike Bada, University of Colorado Anschutz Medical Campus" id="CHEBI_2015_08_26_Instance_250792" type="identity">
      <class id="CHEBI:34018" label="(S)-AMPA"/>
      <span end="11257" id="16216087-5373" start="11253">AMPA</span>
    </annotation>
    <annotation annotator="Mike Bada, University of Colorado Anschutz Medical Campus" id="CHEBI_2015_08_26_Instance_250798" type="identity">
      <class id="CHEBI:34018" label="(S)-AMPA"/>
      <span end="11994" id="16216087-5375" start="11990">AMPA</span>
    </annotation>
    <annotation annotator="Mike Bada, University of Colorado Anschutz Medical Campus" id="CHEBI_2015_08_26_Instance_26481" type="identity">
      <class id="CHEBI:29108" label="calcium(2+)"/>
      <span end="12109" id="16216087-5497" start="12105">Ca2+</span>
    </annotation>
    <annotation annotator="Mike Bada, University of Colorado Anschutz Medical Campus" id="CHEBI_2015_08_26_Instance_250802" type="identity">
      <class id="CHEBI:34018" label="(S)-AMPA"/>
      <span end="12135" id="16216087-5377" start="12131">AMPA</span>
    </annotation>
    <annotation annotator="Mike Bada, University of Colorado Anschutz Medical Campus" id="CHEBI_2015_08_26_Instance_26483" type="identity">
      <class id="CHEBI:29108" label="calcium(2+)"/>
      <span end="13486" id="16216087-5499" start="13482">Ca2+</span>
    </annotation>
    <annotation annotator="Mike Bada, University of Colorado Anschutz Medical Campus" id="CHEBI_2015_08_26_Instance_250806" type="identity">
      <class id="CHEBI:34018" label="(S)-AMPA"/>
      <span end="13511" id="16216087-5379" start="13507">AMPA</span>
    </annotation>
    <annotation annotator="Mike Bada, University of Colorado Anschutz Medical Campus" id="CHEBI_2015_08_26_Instance_250810" type="identity">
      <class id="CHEBI:60004" label="mixture"/>
      <span end="13962" id="16216087-5381" start="13954">mixtures</span>
    </annotation>
    <annotation annotator="Mike Bada, University of Colorado Anschutz Medical Campus" id="CHEBI_2015_08_26_Instance_250814" type="identity">
      <class id="CHEBI:60004" label="mixture"/>
      <span end="14219" id="16216087-5383" start="14211">mixtures</span>
    </annotation>
    <annotation annotator="Mike Bada, University of Colorado Anschutz Medical Campus" id="CHEBI_2015_08_26_Instance_25567" type="identity">
      <class id="CHEBI:23243" label="cineole"/>
      <span end="14229" id="16216087-5443" start="14223">cineol</span>
    </annotation>
    <annotation annotator="Mike Bada, University of Colorado Anschutz Medical Campus" id="CHEBI_2015_08_26_Instance_25979" type="identity">
      <class id="CHEBI:4917" label="eugenol"/>
      <span end="14241" id="16216087-5445" start="14234">eugenol</span>
    </annotation>
    <annotation annotator="Mike Bada, University of Colorado Anschutz Medical Campus" id="CHEBI_2015_08_26_Instance_26349" type="identity">
      <class id="CHEBI:29019" label="nonanoic acid"/>
      <span end="14334" id="16216087-5449" start="14324">pelargonic</span>
      <span end="14351" id="16216087-5450" start="14347">acid</span>
    </annotation>
    <annotation annotator="Mike Bada, University of Colorado Anschutz Medical Campus" id="CHEBI_2015_08_26_Instance_26347" type="identity">
      <class id="CHEBI:17418" label="valeric acid"/>
      <span end="14351" id="16216087-5447" start="14339">valeric acid</span>
    </annotation>
    <annotation annotator="Mike Bada, University of Colorado Anschutz Medical Campus" id="CHEBI_2015_08_26_Instance_250818" type="identity">
      <class id="CHEBI:60004" label="mixture"/>
      <span end="15047" id="16216087-5385" start="15039">mixtures</span>
    </annotation>
    <annotation annotator="Mike Bada, University of Colorado Anschutz Medical Campus" id="CHEBI_2015_08_26_Instance_250820" type="identity">
      <class id="CHEBI:60004" label="mixture"/>
      <span end="15128" id="16216087-5387" start="15121">mixture</span>
    </annotation>
    <annotation annotator="Mike Bada, University of Colorado Anschutz Medical Campus" id="CHEBI_2015_08_26_Instance_250822" type="identity">
      <class id="CHEBI:29019" label="nonanoic acid"/>
      <span end="15168" id="16216087-5389" start="15165">Pel</span>
    </annotation>
    <annotation annotator="Mike Bada, University of Colorado Anschutz Medical Campus" id="CHEBI_2015_08_26_Instance_250824" type="identity">
      <class id="CHEBI:17418" label="valeric acid"/>
      <span end="15172" id="16216087-5391" start="15169">Val</span>
    </annotation>
    <annotation annotator="Mike Bada, University of Colorado Anschutz Medical Campus" id="CHEBI_2015_08_26_Instance_26485" type="identity">
      <class id="CHEBI:29108" label="calcium(2+)"/>
      <span end="16548" id="16216087-5501" start="16544">Ca2+</span>
    </annotation>
    <annotation annotator="Mike Bada, University of Colorado Anschutz Medical Campus" id="CHEBI_2015_08_26_Instance_26487" type="identity">
      <class id="CHEBI:29108" label="calcium(2+)"/>
      <span end="16606" id="16216087-5503" start="16602">Ca2+</span>
    </annotation>
    <annotation annotator="Mike Bada, University of Colorado Anschutz Medical Campus" id="CHEBI_2015_08_26_Instance_26489" type="identity">
      <class id="CHEBI:29108" label="calcium(2+)"/>
      <span end="16812" id="16216087-5505" start="16808">Ca2+</span>
    </annotation>
    <annotation annotator="Mike Bada, University of Colorado Anschutz Medical Campus" id="CHEBI_2015_08_26_Instance_250830" type="identity">
      <class id="CHEBI:34018" label="(S)-AMPA"/>
      <span end="16897" id="16216087-5393" start="16893">AMPA</span>
    </annotation>
    <annotation annotator="Mike Bada, University of Colorado Anschutz Medical Campus" id="CHEBI_2015_08_26_Instance_26351" type="identity">
      <class id="CHEBI:29019" label="nonanoic acid"/>
      <span end="17139" id="16216087-5452" start="17129">pelargonic</span>
      <span end="17159" id="16216087-5453" start="17155">acid</span>
    </annotation>
    <annotation annotator="Mike Bada, University of Colorado Anschutz Medical Campus" id="CHEBI_2015_08_26_Instance_26353" type="identity">
      <class id="CHEBI:17418" label="valeric acid"/>
      <span end="17159" id="16216087-5455" start="17147">valeric acid</span>
    </annotation>
    <annotation annotator="Mike Bada, University of Colorado Anschutz Medical Campus" id="CHEBI_2015_08_26_Instance_26491" type="identity">
      <class id="CHEBI:29108" label="calcium(2+)"/>
      <span end="22979" id="16216087-5507" start="22975">Ca2+</span>
    </annotation>
    <annotation annotator="Mike Bada, University of Colorado Anschutz Medical Campus" id="CHEBI_2015_08_26_Instance_26639" type="identity">
      <class id="CHEBI:27902" label="tetracycline"/>
      <span end="23611" id="16216087-5543" start="23599">tetracycline</span>
    </annotation>
    <annotation annotator="Mike Bada, University of Colorado Anschutz Medical Campus" id="CHEBI_2015_08_26_Instance_26493" type="identity">
      <class id="CHEBI:29108" label="calcium(2+)"/>
      <span end="26906" id="16216087-5509" start="26902">Ca2+</span>
    </annotation>
    <annotation annotator="Mike Bada, University of Colorado Anschutz Medical Campus" id="CHEBI_2015_08_26_Instance_250832" type="identity">
      <class id="CHEBI:34018" label="(S)-AMPA"/>
      <span end="27503" id="16216087-5395" start="27499">AMPA</span>
    </annotation>
    <annotation annotator="Mike Bada, University of Colorado Anschutz Medical Campus" id="CHEBI_2015_08_26_Instance_26495" type="identity">
      <class id="CHEBI:29108" label="calcium(2+)"/>
      <span end="28301" id="16216087-5511" start="28297">Ca2+</span>
    </annotation>
    <annotation annotator="Mike Bada, University of Colorado Anschutz Medical Campus" id="CHEBI_2015_08_26_Instance_26497" type="identity">
      <class id="CHEBI:29108" label="calcium(2+)"/>
      <span end="28877" id="16216087-5513" start="28873">Ca2+</span>
    </annotation>
    <annotation annotator="Mike Bada, University of Colorado Anschutz Medical Campus" id="CHEBI_2015_08_26_Instance_250840" type="identity">
      <class id="CHEBI:60004" label="mixture"/>
      <span end="29727" id="16216087-5397" start="29719">mixtures</span>
    </annotation>
    <annotation annotator="Mike Bada, University of Colorado Anschutz Medical Campus" id="CHEBI_2015_08_26_Instance_250844" type="identity">
      <class id="CHEBI:60004" label="mixture"/>
      <span end="29903" id="16216087-5399" start="29895">mixtures</span>
    </annotation>
    <annotation annotator="Mike Bada, University of Colorado Anschutz Medical Campus" id="CHEBI_2015_08_26_Instance_26499" type="identity">
      <class id="CHEBI:29108" label="calcium(2+)"/>
      <span end="32222" id="16216087-5515" start="32218">Ca2+</span>
    </annotation>
    <annotation annotator="Mike Bada, University of Colorado Anschutz Medical Campus" id="CHEBI_2015_08_26_Instance_250846" type="identity">
      <class id="CHEBI:34018" label="(S)-AMPA"/>
      <span end="32263" id="16216087-5401" start="32259">AMPA</span>
    </annotation>
    <annotation annotator="Mike Bada, University of Colorado Anschutz Medical Campus" id="CHEBI_2015_08_26_Instance_26501" type="identity">
      <class id="CHEBI:29108" label="calcium(2+)"/>
      <span end="32470" id="16216087-5517" start="32466">Ca2+</span>
    </annotation>
    <annotation annotator="Mike Bada, University of Colorado Anschutz Medical Campus" id="CHEBI_2015_08_26_Instance_250852" type="identity">
      <class id="CHEBI:34018" label="(S)-AMPA"/>
      <span end="32490" id="16216087-5403" start="32486">AMPA</span>
    </annotation>
    <annotation annotator="Mike Bada, University of Colorado Anschutz Medical Campus" id="CHEBI_2015_08_26_Instance_340216" type="identity">
      <class id="CHEBI:34018" label="(S)-AMPA"/>
      <span end="32556" id="16216087-5623" start="32552">AMPA</span>
    </annotation>
    <annotation annotator="Mike Bada, University of Colorado Anschutz Medical Campus" id="CHEBI_2015_08_26_Instance_250854" type="identity">
      <class id="CHEBI:34018" label="(S)-AMPA"/>
      <span end="32676" id="16216087-5405" start="32672">AMPA</span>
    </annotation>
    <annotation annotator="Mike Bada, University of Colorado Anschutz Medical Campus" id="CHEBI_2015_08_26_Instance_26503" type="identity">
      <class id="CHEBI:29108" label="calcium(2+)"/>
      <span end="33370" id="16216087-5519" start="33366">Ca2+</span>
    </annotation>
    <annotation annotator="Mike Bada, University of Colorado Anschutz Medical Campus" id="CHEBI_2015_08_26_Instance_26643" type="identity">
      <class id="CHEBI:48828" label="cobalt(2+)"/>
      <span end="33428" id="16216087-5547" start="33424">Co2+</span>
    </annotation>
    <annotation annotator="Mike Bada, University of Colorado Anschutz Medical Campus" id="CHEBI_2015_08_26_Instance_26641" type="identity">
      <class id="CHEBI:48828" label="cobalt(2+)"/>
      <span end="33493" id="16216087-5545" start="33489">Co2+</span>
    </annotation>
    <annotation annotator="Mike Bada, University of Colorado Anschutz Medical Campus" id="CHEBI_2015_08_26_Instance_26505" type="identity">
      <class id="CHEBI:29108" label="calcium(2+)"/>
      <span end="33509" id="16216087-5521" start="33505">Ca2+</span>
    </annotation>
    <annotation annotator="Mike Bada, University of Colorado Anschutz Medical Campus" id="CHEBI_2015_08_26_Instance_26507" type="identity">
      <class id="CHEBI:29108" label="calcium(2+)"/>
      <span end="33818" id="16216087-5523" start="33814">Ca2+</span>
    </annotation>
    <annotation annotator="Mike Bada, University of Colorado Anschutz Medical Campus" id="CHEBI_2015_08_26_Instance_26509" type="identity">
      <class id="CHEBI:29108" label="calcium(2+)"/>
      <span end="34421" id="16216087-5525" start="34417">Ca2+</span>
    </annotation>
    <annotation annotator="Mike Bada, University of Colorado Anschutz Medical Campus" id="CHEBI_2015_08_26_Instance_26511" type="identity">
      <class id="CHEBI:29108" label="calcium(2+)"/>
      <span end="39610" id="16216087-5527" start="39606">Ca2+</span>
    </annotation>
    <annotation annotator="Mike Bada, University of Colorado Anschutz Medical Campus" id="CHEBI_2015_08_26_Instance_250870" type="identity">
      <class id="CHEBI:34018" label="(S)-AMPA"/>
      <span end="39642" id="16216087-5407" start="39638">AMPA</span>
    </annotation>
    <annotation annotator="Mike Bada, University of Colorado Anschutz Medical Campus" id="CHEBI_2015_08_26_Instance_26513" type="identity">
      <class id="CHEBI:29108" label="calcium(2+)"/>
      <span end="40558" id="16216087-5529" start="40554">Ca2+</span>
    </annotation>
    <annotation annotator="Mike Bada, University of Colorado Anschutz Medical Campus" id="CHEBI_2015_08_26_Instance_26515" type="identity">
      <class id="CHEBI:29108" label="calcium(2+)"/>
      <span end="40587" id="16216087-5531" start="40583">Ca2+</span>
    </annotation>
    <annotation annotator="Mike Bada, University of Colorado Anschutz Medical Campus" id="CHEBI_2015_08_26_Instance_250874" type="identity">
      <class id="CHEBI:34018" label="(S)-AMPA"/>
      <span end="40606" id="16216087-5409" start="40602">AMPA</span>
    </annotation>
    <annotation annotator="Mike Bada, University of Colorado Anschutz Medical Campus" id="CHEBI_2015_08_26_Instance_26517" type="identity">
      <class id="CHEBI:29108" label="calcium(2+)"/>
      <span end="40742" id="16216087-5533" start="40738">Ca2+</span>
    </annotation>
    <annotation annotator="Mike Bada, University of Colorado Anschutz Medical Campus" id="CHEBI_2015_08_26_Instance_26519" type="identity">
      <class id="CHEBI:29108" label="calcium(2+)"/>
      <span end="43408" id="16216087-5535" start="43404">Ca2+</span>
    </annotation>
    <annotation annotator="Mike Bada, University of Colorado Anschutz Medical Campus" id="CHEBI_2015_08_26_Instance_26647" type="identity">
      <class id="CHEBI:27902" label="tetracycline"/>
      <span end="45888" id="16216087-5549" start="45885">tet</span>
    </annotation>
    <annotation annotator="Mike Bada, University of Colorado Anschutz Medical Campus" id="CHEBI_2015_08_26_Instance_26649" type="identity">
      <class id="CHEBI:37926" label="fluorescein isothiocyanate"/>
      <span end="47890" id="16216087-5551" start="47886">FITC</span>
    </annotation>
    <annotation annotator="Mike Bada, University of Colorado Anschutz Medical Campus" id="CHEBI_2015_08_26_Instance_250898" type="identity">
      <class id="CHEBI:75055" label="5-bromo-4-chloro-3-indolyl beta-D-galactoside"/>
      <span end="48216" id="16216087-5411" start="48211">X-gal</span>
    </annotation>
    <annotation annotator="Mike Bada, University of Colorado Anschutz Medical Campus" id="CHEBI_2015_08_26_Instance_26745" type="identity">
      <class id="CHEBI:33290" label="food"/>
      <span end="49219" id="16216087-5609" start="49215">food</span>
    </annotation>
    <annotation annotator="Mike Bada, University of Colorado Anschutz Medical Campus" id="CHEBI_2015_08_26_Instance_26447" type="identity">
      <class id="CHEBI:15377" label="water"/>
      <span end="49234" id="16216087-5463" start="49229">water</span>
    </annotation>
    <annotation annotator="Mike Bada, University of Colorado Anschutz Medical Campus" id="CHEBI_2015_08_26_Instance_26747" type="identity">
      <class id="CHEBI:33290" label="food"/>
      <span end="49305" id="16216087-5611" start="49301">food</span>
    </annotation>
    <annotation annotator="Mike Bada, University of Colorado Anschutz Medical Campus" id="CHEBI_2015_08_26_Instance_26449" type="identity">
      <class id="CHEBI:15377" label="water"/>
      <span end="49335" id="16216087-5465" start="49330">water</span>
    </annotation>
    <annotation annotator="Mike Bada, University of Colorado Anschutz Medical Campus" id="CHEBI_2015_08_26_Instance_26451" type="identity">
      <class id="CHEBI:15377" label="water"/>
      <span end="50026" id="16216087-5467" start="50021">water</span>
    </annotation>
    <annotation annotator="Mike Bada, University of Colorado Anschutz Medical Campus" id="CHEBI_2015_08_26_Instance_26453" type="identity">
      <class id="CHEBI:15377" label="water"/>
      <span end="50110" id="16216087-5469" start="50105">water</span>
    </annotation>
    <annotation annotator="Mike Bada, University of Colorado Anschutz Medical Campus" id="CHEBI_2015_08_26_Instance_26653" type="identity">
      <class id="CHEBI:29019" label="nonanoic acid"/>
      <span end="50292" id="16216087-5555" start="50277">pelargonic acid</span>
    </annotation>
    <annotation annotator="Mike Bada, University of Colorado Anschutz Medical Campus" id="CHEBI_2015_08_26_Instance_26651" type="identity">
      <class id="CHEBI:17418" label="valeric acid"/>
      <span end="50306" id="16216087-5553" start="50294">valeric acid</span>
    </annotation>
    <annotation annotator="Mike Bada, University of Colorado Anschutz Medical Campus" id="CHEBI_2015_08_26_Instance_250900" type="identity">
      <class id="CHEBI:60004" label="mixture"/>
      <span end="50327" id="16216087-5413" start="50319">mixtures</span>
    </annotation>
    <annotation annotator="Mike Bada, University of Colorado Anschutz Medical Campus" id="CHEBI_2015_08_26_Instance_26655" type="identity">
      <class id="CHEBI:23243" label="cineole"/>
      <span end="50337" id="16216087-5557" start="50331">cineol</span>
    </annotation>
    <annotation annotator="Mike Bada, University of Colorado Anschutz Medical Campus" id="CHEBI_2015_08_26_Instance_26657" type="identity">
      <class id="CHEBI:4917" label="eugenol"/>
      <span end="50349" id="16216087-5559" start="50342">eugenol</span>
    </annotation>
    <annotation annotator="Mike Bada, University of Colorado Anschutz Medical Campus" id="CHEBI_2015_08_26_Instance_250902" type="identity">
      <class id="CHEBI:46662" label="mineral"/>
      <span end="50410" id="16216087-5415" start="50403">mineral</span>
    </annotation>
    <annotation annotator="Mike Bada, University of Colorado Anschutz Medical Campus" id="CHEBI_2015_08_26_Instance_250904" type="identity">
      <class id="CHEBI:46662" label="mineral"/>
      <span end="50588" id="16216087-5417" start="50581">mineral</span>
    </annotation>
    <annotation annotator="Mike Bada, University of Colorado Anschutz Medical Campus" id="CHEBI_2015_08_26_Instance_26455" type="identity">
      <class id="CHEBI:15377" label="water"/>
      <span end="50713" id="16216087-5471" start="50708">water</span>
    </annotation>
    <annotation annotator="Mike Bada, University of Colorado Anschutz Medical Campus" id="CHEBI_2015_08_26_Instance_26457" type="identity">
      <class id="CHEBI:15377" label="water"/>
      <span end="50860" id="16216087-5473" start="50855">water</span>
    </annotation>
    <annotation annotator="Mike Bada, University of Colorado Anschutz Medical Campus" id="CHEBI_2015_08_26_Instance_250908" type="identity">
      <class id="CHEBI:46662" label="mineral"/>
      <span end="51094" id="16216087-5419" start="51087">mineral</span>
    </annotation>
    <annotation annotator="Mike Bada, University of Colorado Anschutz Medical Campus" id="CHEBI_2015_08_26_Instance_26459" type="identity">
      <class id="CHEBI:15377" label="water"/>
      <span end="51682" id="16216087-5475" start="51677">water</span>
    </annotation>
    <annotation annotator="Mike Bada, University of Colorado Anschutz Medical Campus" id="CHEBI_2015_08_26_Instance_26461" type="identity">
      <class id="CHEBI:15377" label="water"/>
      <span end="52669" id="16216087-5477" start="52664">water</span>
    </annotation>
    <annotation annotator="Mike Bada, University of Colorado Anschutz Medical Campus" id="CHEBI_2015_08_26_Instance_330660" type="identity">
      <class id="CHEBI:60004" label="mixture"/>
      <span end="54991" id="16216087-5613" start="54983">mixtures</span>
    </annotation>
    <annotation annotator="Mike Bada, University of Colorado Anschutz Medical Campus" id="CHEBI_2015_08_26_Instance_26661" type="identity">
      <class id="CHEBI:4917" label="eugenol"/>
      <span end="55004" id="16216087-5561" start="54997">eugenol</span>
    </annotation>
    <annotation annotator="Mike Bada, University of Colorado Anschutz Medical Campus" id="CHEBI_2015_08_26_Instance_26665" type="identity">
      <class id="CHEBI:23243" label="cineole"/>
      <span end="55016" id="16216087-5565" start="55010">cineol</span>
    </annotation>
    <annotation annotator="Mike Bada, University of Colorado Anschutz Medical Campus" id="CHEBI_2015_08_26_Instance_26663" type="identity">
      <class id="CHEBI:4917" label="eugenol"/>
      <span end="55033" id="16216087-5563" start="55026">eugenol</span>
    </annotation>
    <annotation annotator="Mike Bada, University of Colorado Anschutz Medical Campus" id="CHEBI_2015_08_26_Instance_26667" type="identity">
      <class id="CHEBI:23243" label="cineole"/>
      <span end="55045" id="16216087-5567" start="55039">cineol</span>
    </annotation>
    <annotation annotator="Mike Bada, University of Colorado Anschutz Medical Campus" id="CHEBI_2015_08_26_Instance_26671" type="identity">
      <class id="CHEBI:29019" label="nonanoic acid"/>
      <span end="55263" id="16216087-5571" start="55248">pelargonic acid</span>
    </annotation>
    <annotation annotator="Mike Bada, University of Colorado Anschutz Medical Campus" id="CHEBI_2015_08_26_Instance_26669" type="identity">
      <class id="CHEBI:17418" label="valeric acid"/>
      <span end="55283" id="16216087-5569" start="55271">valeric acid</span>
    </annotation>
    <annotation annotator="Mike Bada, University of Colorado Anschutz Medical Campus" id="CHEBI_2015_08_26_Instance_26673" type="identity">
      <class id="CHEBI:29019" label="nonanoic acid"/>
      <span end="55781" id="16216087-5573" start="55766">pelargonic acid</span>
    </annotation>
    <annotation annotator="Mike Bada, University of Colorado Anschutz Medical Campus" id="CHEBI_2015_08_26_Instance_26675" type="identity">
      <class id="CHEBI:17418" label="valeric acid"/>
      <span end="55798" id="16216087-5575" start="55786">valeric acid</span>
    </annotation>
    <annotation annotator="Mike Bada, University of Colorado Anschutz Medical Campus" id="CHEBI_2015_08_26_Instance_250912" type="identity">
      <class id="CHEBI:75055" label="5-bromo-4-chloro-3-indolyl beta-D-galactoside"/>
      <span end="57734" id="16216087-5421" start="57729">X-gal</span>
    </annotation>
    <annotation annotator="Mike Bada, University of Colorado Anschutz Medical Campus" id="CHEBI_2015_08_26_Instance_250918" type="identity">
      <class id="CHEBI:75055" label="5-bromo-4-chloro-3-indolyl beta-D-galactoside"/>
      <span end="58132" id="16216087-5423" start="58127">X-gal</span>
    </annotation>
    <annotation annotator="Mike Bada, University of Colorado Anschutz Medical Campus" id="CHEBI_2015_08_26_Instance_330662" type="identity">
      <class id="CHEBI:60004" label="mixture"/>
      <span end="59536" id="16216087-5615" start="59528">mixtures</span>
    </annotation>
    <annotation annotator="Mike Bada, University of Colorado Anschutz Medical Campus" id="CHEBI_2015_08_26_Instance_250922" type="identity">
      <class id="CHEBI:51240" label="propidium iodide"/>
      <span end="60021" id="16216087-5425" start="60005">propidium iodide</span>
    </annotation>
    <annotation annotator="Mike Bada, University of Colorado Anschutz Medical Campus" id="CHEBI_2015_08_26_Instance_250924" type="identity">
      <class id="CHEBI:34018" label="(S)-AMPA"/>
      <span end="61103" id="16216087-5427" start="61099">AMPA</span>
    </annotation>
    <annotation annotator="Mike Bada, University of Colorado Anschutz Medical Campus" id="CHEBI_2015_08_26_Instance_250926" type="identity">
      <class id="CHEBI:34018" label="(S)-AMPA"/>
      <span end="61154" id="16216087-5429" start="61106">α-amino-3-hydroxy-5-methyl-4-isoxazolepropionate</span>
    </annotation>
    <annotation annotator="Mike Bada, University of Colorado Anschutz Medical Campus" id="CHEBI_2015_08_26_Instance_250928" type="identity">
      <class id="CHEBI:34018" label="(S)-AMPA"/>
      <span end="61212" id="16216087-5431" start="61164">α-amino-3-hydroxy-5-methyl-4-isoxazolepropionate</span>
    </annotation>
    <annotation annotator="Mike Bada, University of Colorado Anschutz Medical Campus" id="CHEBI_2015_08_26_Instance_26441" type="identity">
      <class id="CHEBI:15377" label="water"/>
      <span end="62142" id="16216087-5457" start="62137">water</span>
    </annotation>
    <annotation annotator="Mike Bada, University of Colorado Anschutz Medical Campus" id="CHEBI_2015_08_26_Instance_26691" type="identity">
      <class id="CHEBI:23243" label="cineole"/>
      <span end="63774" id="16216087-5577" start="63771">Cin</span>
    </annotation>
    <annotation annotator="Mike Bada, University of Colorado Anschutz Medical Campus" id="CHEBI_2015_08_26_Instance_26699" type="identity">
      <class id="CHEBI:4917" label="eugenol"/>
      <span end="63782" id="16216087-5585" start="63780">Eu</span>
    </annotation>
    <annotation annotator="Mike Bada, University of Colorado Anschutz Medical Campus" id="CHEBI_2015_08_26_Instance_26693" type="identity">
      <class id="CHEBI:23243" label="cineole"/>
      <span end="63798" id="16216087-5579" start="63795">Cin</span>
    </annotation>
    <annotation annotator="Mike Bada, University of Colorado Anschutz Medical Campus" id="CHEBI_2015_08_26_Instance_26701" type="identity">
      <class id="CHEBI:4917" label="eugenol"/>
      <span end="63806" id="16216087-5587" start="63804">Eu</span>
    </annotation>
    <annotation annotator="Mike Bada, University of Colorado Anschutz Medical Campus" id="CHEBI_2015_08_26_Instance_26717" type="identity">
      <class id="CHEBI:29019" label="nonanoic acid"/>
      <span end="63830" id="16216087-5603" start="63827">Pel</span>
    </annotation>
    <annotation annotator="Mike Bada, University of Colorado Anschutz Medical Campus" id="CHEBI_2015_08_26_Instance_26711" type="identity">
      <class id="CHEBI:17418" label="valeric acid"/>
      <span end="63844" id="16216087-5597" start="63841">Val</span>
    </annotation>
    <annotation annotator="Mike Bada, University of Colorado Anschutz Medical Campus" id="CHEBI_2015_08_26_Instance_330664" type="identity">
      <class id="CHEBI:60004" label="mixture"/>
      <span end="64262" id="16216087-5617" start="64255">mixture</span>
    </annotation>
    <annotation annotator="Mike Bada, University of Colorado Anschutz Medical Campus" id="CHEBI_2015_08_26_Instance_26719" type="identity">
      <class id="CHEBI:29019" label="nonanoic acid"/>
      <span end="64625" id="16216087-5605" start="64622">Pel</span>
    </annotation>
    <annotation annotator="Mike Bada, University of Colorado Anschutz Medical Campus" id="CHEBI_2015_08_26_Instance_26721" type="identity">
      <class id="CHEBI:17418" label="valeric acid"/>
      <span end="64633" id="16216087-5607" start="64630">Val</span>
    </annotation>
    <annotation annotator="Mike Bada, University of Colorado Anschutz Medical Campus" id="CHEBI_2015_08_26_Instance_26695" type="identity">
      <class id="CHEBI:23243" label="cineole"/>
      <span end="64695" id="16216087-5581" start="64692">Cin</span>
    </annotation>
    <annotation annotator="Mike Bada, University of Colorado Anschutz Medical Campus" id="CHEBI_2015_08_26_Instance_26697" type="identity">
      <class id="CHEBI:23243" label="cineole"/>
      <span end="64703" id="16216087-5583" start="64697">cineol</span>
    </annotation>
    <annotation annotator="Mike Bada, University of Colorado Anschutz Medical Campus" id="CHEBI_2015_08_26_Instance_26703" type="identity">
      <class id="CHEBI:4917" label="eugenol"/>
      <span end="64726" id="16216087-5589" start="64724">Eu</span>
    </annotation>
    <annotation annotator="Mike Bada, University of Colorado Anschutz Medical Campus" id="CHEBI_2015_08_26_Instance_26705" type="identity">
      <class id="CHEBI:4917" label="eugenol"/>
      <span end="64735" id="16216087-5591" start="64728">eugenol</span>
    </annotation>
    <annotation annotator="Mike Bada, University of Colorado Anschutz Medical Campus" id="CHEBI_2015_08_26_Instance_26715" type="identity">
      <class id="CHEBI:29019" label="nonanoic acid"/>
      <span end="64740" id="16216087-5601" start="64737">Pel</span>
    </annotation>
    <annotation annotator="Mike Bada, University of Colorado Anschutz Medical Campus" id="CHEBI_2015_08_26_Instance_26713" type="identity">
      <class id="CHEBI:29019" label="nonanoic acid"/>
      <span end="64757" id="16216087-5599" start="64742">pelargonic acid</span>
    </annotation>
    <annotation annotator="Mike Bada, University of Colorado Anschutz Medical Campus" id="CHEBI_2015_08_26_Instance_26707" type="identity">
      <class id="CHEBI:17418" label="valeric acid"/>
      <span end="64762" id="16216087-5593" start="64759">Val</span>
    </annotation>
    <annotation annotator="Mike Bada, University of Colorado Anschutz Medical Campus" id="CHEBI_2015_08_26_Instance_26709" type="identity">
      <class id="CHEBI:17418" label="valeric acid"/>
      <span end="64776" id="16216087-5595" start="64764">valeric acid</span>
    </annotation>
    <annotation annotator="Mike Bada, University of Colorado Anschutz Medical Campus" id="CHEBI_2015_08_26_Instance_250948" type="identity">
      <class id="CHEBI:75055" label="5-bromo-4-chloro-3-indolyl beta-D-galactoside"/>
      <span end="65053" id="16216087-5433" start="65048">X-gal</span>
    </annotation>
    <annotation annotator="Mike Bada, University of Colorado Anschutz Medical Campus" id="CHEBI_2015_08_26_Instance_330666" type="identity">
      <class id="CHEBI:60004" label="mixture"/>
      <span end="66848" id="16216087-5619" start="66841">mixture</span>
    </annotation>
    <annotation annotator="Mike Bada, University of Colorado Anschutz Medical Campus" id="CHEBI_2015_08_26_Instance_330668" type="identity">
      <class id="CHEBI:60004" label="mixture"/>
      <span end="67224" id="16216087-5621" start="67217">mixture</span>
    </annotation>
    <annotation annotator="Mike Bada, University of Colorado Anschutz Medical Campus" id="CHEBI_2015_08_26_Instance_250956" type="identity">
      <class id="CHEBI:75055" label="5-bromo-4-chloro-3-indolyl beta-D-galactoside"/>
      <span end="68006" id="16216087-5435" start="68001">X-gal</span>
    </annotation>
    <annotation annotator="Mike Bada, University of Colorado Anschutz Medical Campus" id="CHEBI_2015_08_26_Instance_250960" type="identity">
      <class id="CHEBI:60004" label="mixture"/>
      <span end="69632" id="16216087-5437" start="69625">mixture</span>
    </annotation>
    <annotation annotator="Mike Bada, University of Colorado Anschutz Medical Campus" id="CHEBI_2015_08_26_Instance_250962" type="identity">
      <class id="CHEBI:34018" label="(S)-AMPA"/>
      <span end="70556" id="16216087-5439" start="70552">AMPA</span>
    </annotation>
    <graph-space id="Old Knowtator Relations"/>
  </document>
</knowtator-project>
