<?xml version="1.0" encoding="UTF-8" standalone="no"?>
<knowtator-project>
    <document id="16221973" text-file="16221973.txt">
        <annotation annotator="Mike Bada, University of Colorado Anschutz Medical Campus" id="CHEBI_2015_08_26_Instance_18367" type="identity">
            <class id="CHEBI:16856" label="glutathione"/>
            <span end="95" id="16221973-5627" start="84">glutathione</span>
        </annotation>
        <annotation annotator="Mike Bada, University of Colorado Anschutz Medical Campus" id="CHEBI_2015_08_26_Instance_26811" type="identity">
            <class id="CHEBI:16856" label="glutathione"/>
            <span end="905" id="16221973-5744" start="894">glutathione</span>
        </annotation>
        <annotation annotator="Mike Bada, University of Colorado Anschutz Medical Campus" id="CHEBI_2015_08_26_Instance_26977" type="identity">
            <class id="CHEBI:16856" label="glutathione"/>
            <span end="1581" id="16221973-5746" start="1570">glutathione</span>
        </annotation>
        <annotation annotator="Mike Bada, University of Colorado Anschutz Medical Campus" id="CHEBI_2015_08_26_Instance_26979" type="identity">
            <class id="CHEBI:16856" label="glutathione"/>
            <span end="1793" id="16221973-5748" start="1782">glutathione</span>
        </annotation>
        <annotation annotator="Mike Bada, University of Colorado Anschutz Medical Campus" id="CHEBI_2015_08_26_Instance_27099" type="identity">
            <class id="CHEBI:29105" label="zinc(2+)"/>
            <span end="2115" id="16221973-5806" start="2111">Zn2+</span>
        </annotation>
        <annotation annotator="Mike Bada, University of Colorado Anschutz Medical Campus" id="CHEBI_2015_08_26_Instance_27097" type="identity">
            <class id="CHEBI:29036" label="copper(2+)"/>
            <span end="2121" id="16221973-5804" start="2117">Cu2+</span>
        </annotation>
        <annotation annotator="Mike Bada, University of Colorado Anschutz Medical Campus" id="CHEBI_2015_08_26_Instance_27101" type="identity">
            <class id="CHEBI:48775" label="cadmium(2+)"/>
            <span end="2130" id="16221973-5808" start="2126">Cd2+</span>
        </annotation>
        <annotation annotator="Mike Bada, University of Colorado Anschutz Medical Campus" id="CHEBI_2015_08_26_Instance_29783" type="identity">
            <class id="CHEBI:24870" label="ion"/>
            <span end="2320" id="16221973-5888" start="2316">ions</span>
        </annotation>
        <annotation annotator="Mike Bada, University of Colorado Anschutz Medical Campus" id="CHEBI_2015_08_26_Instance_29773" type="identity">
            <class id="CHEBI:24870" label="ion"/>
            <span end="5113" id="16221973-5878" start="5110">ion</span>
        </annotation>
        <annotation annotator="Mike Bada, University of Colorado Anschutz Medical Campus" id="CHEBI_2015_08_26_Instance_26981" type="identity">
            <class id="CHEBI:16856" label="glutathione"/>
            <span end="5212" id="16221973-5750" start="5201">glutathione</span>
        </annotation>
        <annotation annotator="Mike Bada, University of Colorado Anschutz Medical Campus" id="CHEBI_2015_08_26_Instance_26983" type="identity">
            <class id="CHEBI:16856" label="glutathione"/>
            <span end="5311" id="16221973-5752" start="5300">glutathione</span>
        </annotation>
        <annotation annotator="Mike Bada, University of Colorado Anschutz Medical Campus" id="CHEBI_2015_08_26_Instance_251056" type="identity">
            <class id="CHEBI:7507" label="neomycin"/>
            <span end="5750" id="16221973-5637" start="5742">neomycin</span>
        </annotation>
        <annotation annotator="Mike Bada, University of Colorado Anschutz Medical Campus" id="CHEBI_2015_08_26_Instance_251060" type="identity">
            <class id="CHEBI:42768" label="geneticin"/>
            <span end="6103" id="16221973-5639" start="6099">G418</span>
        </annotation>
        <annotation annotator="Mike Bada, University of Colorado Anschutz Medical Campus" id="CHEBI_2015_08_26_Instance_251066" type="identity">
            <class id="CHEBI:76777" label="poly(inosinic acid)"/>
            <span end="7187" id="16221973-5641" start="7175">polyinosinic</span>
            <span end="7206" id="16221973-5642" start="7202">acid</span>
        </annotation>
        <annotation annotator="Mike Bada, University of Colorado Anschutz Medical Campus" id="CHEBI_2015_08_26_Instance_251070" type="identity">
            <class id="CHEBI:76777" label="poly(inosinic acid)"/>
            <span end="7210" id="16221973-5644" start="7208">pI</span>
        </annotation>
        <annotation annotator="Mike Bada, University of Colorado Anschutz Medical Campus" id="CHEBI_2015_08_26_Instance_251078" type="identity">
            <class id="CHEBI:76777" label="poly(inosinic acid)"/>
            <span end="7421" id="16221973-5646" start="7419">pI</span>
        </annotation>
        <annotation annotator="Mike Bada, University of Colorado Anschutz Medical Campus" id="CHEBI_2015_08_26_Instance_251084" type="identity">
            <class id="CHEBI:76777" label="poly(inosinic acid)"/>
            <span end="7513" id="16221973-5648" start="7511">pI</span>
        </annotation>
        <annotation annotator="Mike Bada, University of Colorado Anschutz Medical Campus" id="CHEBI_2015_08_26_Instance_251088" type="identity">
            <class id="CHEBI:50292" label="cadmium sulfate"/>
            <span end="7597" id="16221973-5650" start="7592">CdSO4</span>
        </annotation>
        <annotation annotator="Mike Bada, University of Colorado Anschutz Medical Campus" id="CHEBI_2015_08_26_Instance_251090" type="identity">
            <class id="CHEBI:50292" label="cadmium sulfate"/>
            <span end="7609" id="16221973-5652" start="7604">CdSO4</span>
        </annotation>
        <annotation annotator="Mike Bada, University of Colorado Anschutz Medical Campus" id="CHEBI_2015_08_26_Instance_28201" type="identity">
            <class id="CHEBI:15377" label="water"/>
            <span end="7616" id="16221973-5864" start="7613">H2O</span>
        </annotation>
        <annotation annotator="Mike Bada, University of Colorado Anschutz Medical Campus" id="CHEBI_2015_08_26_Instance_28203" type="identity">
            <class id="CHEBI:15377" label="water"/>
            <span end="7664" id="16221973-5866" start="7661">H2O</span>
        </annotation>
        <annotation annotator="Mike Bada, University of Colorado Anschutz Medical Campus" id="CHEBI_2015_08_26_Instance_251096" type="identity">
            <class id="CHEBI:76777" label="poly(inosinic acid)"/>
            <span end="7799" id="16221973-5654" start="7797">pI</span>
        </annotation>
        <annotation annotator="Mike Bada, University of Colorado Anschutz Medical Campus" id="CHEBI_2015_08_26_Instance_27117" type="identity">
            <class id="CHEBI:33893" label="reagent"/>
            <span end="8188" id="16221973-5810" start="8180">reagents</span>
        </annotation>
        <annotation annotator="Mike Bada, University of Colorado Anschutz Medical Campus" id="CHEBI_2015_08_26_Instance_27119" type="identity">
            <class id="CHEBI:17368" label="hypoxanthine"/>
            <span end="10020" id="16221973-5812" start="10009">hypoxanthin</span>
        </annotation>
        <annotation annotator="Mike Bada, University of Colorado Anschutz Medical Campus" id="CHEBI_2015_08_26_Instance_27123" type="identity">
            <class id="CHEBI:37972" label="phosphorus-32 atom"/>
            <span end="10686" id="16221973-5814" start="10683">32P</span>
        </annotation>
        <annotation annotator="Mike Bada, University of Colorado Anschutz Medical Campus" id="CHEBI_2015_08_26_Instance_27125" type="identity">
            <class id="CHEBI:33893" label="reagent"/>
            <span end="11041" id="16221973-5816" start="11034">Reagent</span>
        </annotation>
        <annotation annotator="Mike Bada, University of Colorado Anschutz Medical Campus" id="CHEBI_2015_08_26_Instance_27127" type="identity">
            <class id="CHEBI:33893" label="reagent"/>
            <span end="11153" id="16221973-5818" start="11146">reagent</span>
        </annotation>
        <annotation annotator="Mike Bada, University of Colorado Anschutz Medical Campus" id="CHEBI_2015_08_26_Instance_27129" type="identity">
            <class id="CHEBI:37972" label="phosphorus-32 atom"/>
            <span end="11287" id="16221973-5820" start="11284">32P</span>
        </annotation>
        <annotation annotator="Mike Bada, University of Colorado Anschutz Medical Campus" id="CHEBI_2015_08_26_Instance_27131" type="identity">
            <class id="CHEBI:17334" label="penicillin"/>
            <span end="13237" id="16221973-5822" start="13227">penicillin</span>
        </annotation>
        <annotation annotator="Mike Bada, University of Colorado Anschutz Medical Campus" id="CHEBI_2015_08_26_Instance_27133" type="identity">
            <class id="CHEBI:17076" label="streptomycin"/>
            <span end="13250" id="16221973-5824" start="13238">streptomycin</span>
        </annotation>
        <annotation annotator="Mike Bada, University of Colorado Anschutz Medical Campus" id="CHEBI_2015_08_26_Instance_251134" type="identity">
            <class id="CHEBI:59132" label="antigen"/>
            <span end="13432" id="16221973-5656" start="13425">antigen</span>
        </annotation>
        <annotation annotator="Mike Bada, University of Colorado Anschutz Medical Campus" id="CHEBI_2015_08_26_Instance_27135" type="identity">
            <class id="CHEBI:33893" label="reagent"/>
            <span end="13507" id="16221973-5826" start="13500">reagent</span>
        </annotation>
        <annotation annotator="Mike Bada, University of Colorado Anschutz Medical Campus" id="CHEBI_2015_08_26_Instance_251136" type="identity">
            <class id="CHEBI:59132" label="antigen"/>
            <span end="13770" id="16221973-5658" start="13763">antigen</span>
        </annotation>
        <annotation annotator="Mike Bada, University of Colorado Anschutz Medical Campus" id="CHEBI_2015_08_26_Instance_251138" type="identity">
            <class id="CHEBI:77635" label="calcium phosphate"/>
            <span end="13874" id="16221973-5660" start="13857">calcium phosphate</span>
        </annotation>
        <annotation annotator="Mike Bada, University of Colorado Anschutz Medical Campus" id="CHEBI_2015_08_26_Instance_251140" type="identity">
            <class id="CHEBI:7507" label="neomycin"/>
            <span end="14024" id="16221973-5662" start="14016">neomycin</span>
        </annotation>
        <annotation annotator="Mike Bada, University of Colorado Anschutz Medical Campus" id="CHEBI_2015_08_26_Instance_251142" type="identity">
            <class id="CHEBI:42768" label="geneticin"/>
            <span end="14151" id="16221973-5664" start="14147">G418</span>
        </annotation>
        <annotation annotator="Mike Bada, University of Colorado Anschutz Medical Campus" id="CHEBI_2015_08_26_Instance_251144" type="identity">
            <class id="CHEBI:28714" label="S-butyl-DL-homocysteine (S,R)-sulfoximine"/>
            <span end="14688" id="16221973-5666" start="14658">l-buthionine-[S,R]-sulfoximine</span>
        </annotation>
        <annotation annotator="Mike Bada, University of Colorado Anschutz Medical Campus" id="CHEBI_2015_08_26_Instance_251146" type="identity">
            <class id="CHEBI:28714" label="S-butyl-DL-homocysteine (S,R)-sulfoximine"/>
            <span end="14693" id="16221973-5668" start="14690">BSO</span>
        </annotation>
        <annotation annotator="Mike Bada, University of Colorado Anschutz Medical Campus" id="CHEBI_2015_08_26_Instance_27149" type="identity">
            <class id="CHEBI:23888" label="drug"/>
            <span end="14710" id="16221973-5828" start="14706">drug</span>
        </annotation>
        <annotation annotator="Mike Bada, University of Colorado Anschutz Medical Campus" id="CHEBI_2015_08_26_Instance_26985" type="identity">
            <class id="CHEBI:16856" label="glutathione"/>
            <span end="14736" id="16221973-5754" start="14725">glutathione</span>
        </annotation>
        <annotation annotator="Mike Bada, University of Colorado Anschutz Medical Campus" id="CHEBI_2015_08_26_Instance_27151" type="identity">
            <class id="CHEBI:35456" label="cadmium dichloride"/>
            <span end="14805" id="16221973-5830" start="14800">CdCl2</span>
        </annotation>
        <annotation annotator="Mike Bada, University of Colorado Anschutz Medical Campus" id="CHEBI_2015_08_26_Instance_251323" type="identity">
            <class id="CHEBI:53233" label="3-(4,5-dimethylthiazol-2-yl)-2,5-diphenyltetrazolium bromide"/>
            <span end="14907" id="16221973-5692" start="14904">MTT</span>
        </annotation>
        <annotation annotator="Mike Bada, University of Colorado Anschutz Medical Campus" id="CHEBI_2015_08_26_Instance_251150" type="identity">
            <class id="CHEBI:53233" label="3-(4,5-dimethylthiazol-2-yl)-2,5-diphenyltetrazolium bromide"/>
            <span end="14969" id="16221973-5670" start="14909">3-[4,5-dimethylthiazol-2-yl]-2,5-diphenyl tetrazolium bromid</span>
        </annotation>
        <annotation annotator="Mike Bada, University of Colorado Anschutz Medical Campus" id="CHEBI_2015_08_26_Instance_251158" type="identity">
            <class id="CHEBI:76777" label="poly(inosinic acid)"/>
            <span end="15673" id="16221973-5672" start="15671">pI</span>
        </annotation>
        <annotation annotator="Mike Bada, University of Colorado Anschutz Medical Campus" id="CHEBI_2015_08_26_Instance_251162" type="identity">
            <class id="CHEBI:76777" label="poly(inosinic acid)"/>
            <span end="16122" id="16221973-5674" start="16120">pI</span>
        </annotation>
        <annotation annotator="Mike Bada, University of Colorado Anschutz Medical Campus" id="CHEBI_2015_08_26_Instance_251166" type="identity">
            <class id="CHEBI:76777" label="poly(inosinic acid)"/>
            <span end="16159" id="16221973-5676" start="16157">pI</span>
        </annotation>
        <annotation annotator="Mike Bada, University of Colorado Anschutz Medical Campus" id="CHEBI_2015_08_26_Instance_26987" type="identity">
            <class id="CHEBI:16856" label="glutathione"/>
            <span end="20404" id="16221973-5756" start="20393">glutathione</span>
        </annotation>
        <annotation annotator="Mike Bada, University of Colorado Anschutz Medical Campus" id="CHEBI_2015_08_26_Instance_251204" type="identity">
            <class id="CHEBI:76777" label="poly(inosinic acid)"/>
            <span end="20497" id="16221973-5678" start="20495">pI</span>
        </annotation>
        <annotation annotator="Mike Bada, University of Colorado Anschutz Medical Campus" id="CHEBI_2015_08_26_Instance_251216" type="identity">
            <class id="CHEBI:76777" label="poly(inosinic acid)"/>
            <span end="21483" id="16221973-5680" start="21481">pI</span>
        </annotation>
        <annotation annotator="Mike Bada, University of Colorado Anschutz Medical Campus" id="CHEBI_2015_08_26_Instance_21343" type="identity">
            <class id="CHEBI:36357" label="polyatomic entity"/>
            <span end="21921" id="16221973-5629" start="21912">compounds</span>
        </annotation>
        <annotation annotator="Mike Bada, University of Colorado Anschutz Medical Campus" id="CHEBI_2015_08_26_Instance_29775" type="identity">
            <class id="CHEBI:24870" label="ion"/>
            <span end="24521" id="16221973-5880" start="24518">ion</span>
        </annotation>
        <annotation annotator="Mike Bada, University of Colorado Anschutz Medical Campus" id="CHEBI_2015_08_26_Instance_29777" type="identity">
            <class id="CHEBI:24870" label="ion"/>
            <span end="24585" id="16221973-5882" start="24582">ion</span>
        </annotation>
        <annotation annotator="Mike Bada, University of Colorado Anschutz Medical Campus" id="CHEBI_2015_08_26_Instance_26989" type="identity">
            <class id="CHEBI:16856" label="glutathione"/>
            <span end="26588" id="16221973-5758" start="26577">glutathione</span>
        </annotation>
        <annotation annotator="Mike Bada, University of Colorado Anschutz Medical Campus" id="CHEBI_2015_08_26_Instance_26991" type="identity">
            <class id="CHEBI:16856" label="glutathione"/>
            <span end="26791" id="16221973-5760" start="26780">glutathione</span>
        </annotation>
        <annotation annotator="Mike Bada, University of Colorado Anschutz Medical Campus" id="CHEBI_2015_08_26_Instance_26993" type="identity">
            <class id="CHEBI:16856" label="glutathione"/>
            <span end="26809" id="16221973-5762" start="26798">glutathione</span>
        </annotation>
        <annotation annotator="Mike Bada, University of Colorado Anschutz Medical Campus" id="CHEBI_2015_08_26_Instance_29587" type="identity">
            <class id="CHEBI:17858" label="glutathione disulfide"/>
            <span end="26873" id="16221973-5868" start="26853">oxidized glutathione</span>
        </annotation>
        <annotation annotator="Mike Bada, University of Colorado Anschutz Medical Campus" id="CHEBI_2015_08_26_Instance_26997" type="identity">
            <class id="CHEBI:16856" label="glutathione"/>
            <span end="26895" id="16221973-5764" start="26884">glutathione</span>
        </annotation>
        <annotation annotator="Mike Bada, University of Colorado Anschutz Medical Campus" id="CHEBI_2015_08_26_Instance_26999" type="identity">
            <class id="CHEBI:16856" label="glutathione"/>
            <span end="26961" id="16221973-5766" start="26950">glutathione</span>
        </annotation>
        <annotation annotator="Mike Bada, University of Colorado Anschutz Medical Campus" id="CHEBI_2015_08_26_Instance_29589" type="identity">
            <class id="CHEBI:24195" label="gamma-glutamylcysteine"/>
            <span end="27189" id="16221973-5870" start="27167">gamma-glutamylcysteine</span>
        </annotation>
        <annotation annotator="Mike Bada, University of Colorado Anschutz Medical Campus" id="CHEBI_2015_08_26_Instance_27001" type="identity">
            <class id="CHEBI:16856" label="glutathione"/>
            <span end="27437" id="16221973-5768" start="27426">glutathione</span>
        </annotation>
        <annotation annotator="Mike Bada, University of Colorado Anschutz Medical Campus" id="CHEBI_2015_08_26_Instance_251303" type="identity">
            <class id="CHEBI:28714" label="S-butyl-DL-homocysteine (S,R)-sulfoximine"/>
            <span end="27589" id="16221973-5682" start="27586">BSO</span>
        </annotation>
        <annotation annotator="Mike Bada, University of Colorado Anschutz Medical Campus" id="CHEBI_2015_08_26_Instance_251305" type="identity">
            <class id="CHEBI:75599" label="EC 6.3.2.2 (glutamate--cysteine ligase) inhibitor"/>
            <span end="27640" id="16221973-5684" start="27602">inhibitor of glutamate-cysteine ligase</span>
        </annotation>
        <annotation annotator="Mike Bada, University of Colorado Anschutz Medical Campus" id="CHEBI_2015_08_26_Instance_251307" type="identity">
            <class id="CHEBI:78021" label="2,3,5-triphenyltetrazolium"/>
            <span end="27727" id="16221973-5686" start="27716">tetrazolium</span>
        </annotation>
        <annotation annotator="Mike Bada, University of Colorado Anschutz Medical Campus" id="CHEBI_2015_08_26_Instance_21811" type="identity">
            <class id="CHEBI:24866" label="salt"/>
            <span end="27732" id="16221973-5633" start="27728">salt</span>
        </annotation>
        <annotation annotator="Mike Bada, University of Colorado Anschutz Medical Campus" id="CHEBI_2015_08_26_Instance_251325" type="identity">
            <class id="CHEBI:53233" label="3-(4,5-dimethylthiazol-2-yl)-2,5-diphenyltetrazolium bromide"/>
            <span end="27736" id="16221973-5694" start="27733">MTT</span>
        </annotation>
        <annotation annotator="Mike Bada, University of Colorado Anschutz Medical Campus" id="CHEBI_2015_08_26_Instance_251309" type="identity">
            <class id="CHEBI:28714" label="S-butyl-DL-homocysteine (S,R)-sulfoximine"/>
            <span end="27781" id="16221973-5688" start="27778">BSO</span>
        </annotation>
        <annotation annotator="Mike Bada, University of Colorado Anschutz Medical Campus" id="CHEBI_2015_08_26_Instance_251313" type="identity">
            <class id="CHEBI:28714" label="S-butyl-DL-homocysteine (S,R)-sulfoximine"/>
            <span end="27881" id="16221973-5690" start="27878">BSO</span>
        </annotation>
        <annotation annotator="Mike Bada, University of Colorado Anschutz Medical Campus" id="CHEBI_2015_08_26_Instance_27003" type="identity">
            <class id="CHEBI:16856" label="glutathione"/>
            <span end="28022" id="16221973-5770" start="28011">glutathione</span>
        </annotation>
        <annotation annotator="Mike Bada, University of Colorado Anschutz Medical Campus" id="CHEBI_2015_08_26_Instance_27005" type="identity">
            <class id="CHEBI:16856" label="glutathione"/>
            <span end="28120" id="16221973-5772" start="28109">glutathione</span>
        </annotation>
        <annotation annotator="Mike Bada, University of Colorado Anschutz Medical Campus" id="CHEBI_2015_08_26_Instance_27007" type="identity">
            <class id="CHEBI:16856" label="glutathione"/>
            <span end="28272" id="16221973-5774" start="28261">glutathione</span>
        </annotation>
        <annotation annotator="Mike Bada, University of Colorado Anschutz Medical Campus" id="CHEBI_2015_08_26_Instance_340220" type="identity">
            <class id="CHEBI:76777" label="poly(inosinic acid)"/>
            <span end="28776" id="16221973-5890" start="28774">pI</span>
        </annotation>
        <annotation annotator="Mike Bada, University of Colorado Anschutz Medical Campus" id="CHEBI_2015_08_26_Instance_27009" type="identity">
            <class id="CHEBI:16856" label="glutathione"/>
            <span end="29580" id="16221973-5776" start="29569">glutathione</span>
        </annotation>
        <annotation annotator="Mike Bada, University of Colorado Anschutz Medical Campus" id="CHEBI_2015_08_26_Instance_24031" type="identity">
            <class id="CHEBI:16240" label="hydrogen peroxide"/>
            <span end="29690" id="16221973-5635" start="29673">hydrogen peroxide</span>
        </annotation>
        <annotation annotator="Mike Bada, University of Colorado Anschutz Medical Campus" id="CHEBI_2015_08_26_Instance_27011" type="identity">
            <class id="CHEBI:16856" label="glutathione"/>
            <span end="29750" id="16221973-5778" start="29739">glutathione</span>
        </annotation>
        <annotation annotator="Mike Bada, University of Colorado Anschutz Medical Campus" id="CHEBI_2015_08_26_Instance_251353" type="identity">
            <class id="CHEBI:50113" label="androgen"/>
            <span end="30673" id="16221973-5696" start="30664">androgens</span>
        </annotation>
        <annotation annotator="Mike Bada, University of Colorado Anschutz Medical Campus" id="CHEBI_2015_08_26_Instance_21347" type="identity">
            <class id="CHEBI:36357" label="polyatomic entity"/>
            <span end="30691" id="16221973-5631" start="30682">compounds</span>
        </annotation>
        <annotation annotator="Mike Bada, University of Colorado Anschutz Medical Campus" id="CHEBI_2015_08_26_Instance_29779" type="identity">
            <class id="CHEBI:24870" label="ion"/>
            <span end="32673" id="16221973-5884" start="32670">ion</span>
        </annotation>
        <annotation annotator="Mike Bada, University of Colorado Anschutz Medical Campus" id="CHEBI_2015_08_26_Instance_29781" type="identity">
            <class id="CHEBI:24870" label="ion"/>
            <span end="32791" id="16221973-5886" start="32788">ion</span>
        </annotation>
        <annotation annotator="Mike Bada, University of Colorado Anschutz Medical Campus" id="CHEBI_2015_08_26_Instance_29681" type="identity">
            <class id="CHEBI:24870" label="ion"/>
            <span end="32851" id="16221973-5872" start="32848">ion</span>
        </annotation>
        <annotation annotator="Mike Bada, University of Colorado Anschutz Medical Campus" id="CHEBI_2015_08_26_Instance_29683" type="identity">
            <class id="CHEBI:26523" label="reactive oxygen species"/>
            <span end="36288" id="16221973-5874" start="36265">reactive oxygen species</span>
        </annotation>
        <annotation annotator="Mike Bada, University of Colorado Anschutz Medical Campus" id="CHEBI_2015_08_26_Instance_27013" type="identity">
            <class id="CHEBI:16856" label="glutathione"/>
            <span end="36446" id="16221973-5780" start="36427">reduced glutathione</span>
        </annotation>
        <annotation annotator="Mike Bada, University of Colorado Anschutz Medical Campus" id="CHEBI_2015_08_26_Instance_25543" type="identity">
            <class id="CHEBI:18059" label="lipid"/>
            <span end="36453" id="16221973-5736" start="36448">lipid</span>
        </annotation>
        <annotation annotator="Mike Bada, University of Colorado Anschutz Medical Campus" id="CHEBI_2015_08_26_Instance_27015" type="identity">
            <class id="CHEBI:16856" label="glutathione"/>
            <span end="36945" id="16221973-5782" start="36934">glutathione</span>
        </annotation>
        <annotation annotator="Mike Bada, University of Colorado Anschutz Medical Campus" id="CHEBI_2015_08_26_Instance_27017" type="identity">
            <class id="CHEBI:16856" label="glutathione"/>
            <span end="37030" id="16221973-5784" start="37019">Glutathione</span>
        </annotation>
        <annotation annotator="Mike Bada, University of Colorado Anschutz Medical Campus" id="CHEBI_2015_08_26_Instance_25545" type="identity">
            <class id="CHEBI:26519" label="radical"/>
            <span end="37093" id="16221973-5738" start="37080">free radicals</span>
        </annotation>
        <annotation annotator="Mike Bada, University of Colorado Anschutz Medical Campus" id="CHEBI_2015_08_26_Instance_29685" type="identity">
            <class id="CHEBI:26523" label="reactive oxygen species"/>
            <span end="37127" id="16221973-5876" start="37104">reactive oxygen species</span>
        </annotation>
        <annotation annotator="Mike Bada, University of Colorado Anschutz Medical Campus" id="CHEBI_2015_08_26_Instance_27019" type="identity">
            <class id="CHEBI:16856" label="glutathione"/>
            <span end="37213" id="16221973-5786" start="37202">glutathione</span>
        </annotation>
        <annotation annotator="Mike Bada, University of Colorado Anschutz Medical Campus" id="CHEBI_2015_08_26_Instance_27021" type="identity">
            <class id="CHEBI:16856" label="glutathione"/>
            <span end="37266" id="16221973-5788" start="37255">glutathione</span>
        </annotation>
        <annotation annotator="Mike Bada, University of Colorado Anschutz Medical Campus" id="CHEBI_2015_08_26_Instance_27023" type="identity">
            <class id="CHEBI:16856" label="glutathione"/>
            <span end="37295" id="16221973-5790" start="37284">glutathione</span>
        </annotation>
        <annotation annotator="Mike Bada, University of Colorado Anschutz Medical Campus" id="CHEBI_2015_08_26_Instance_27025" type="identity">
            <class id="CHEBI:16856" label="glutathione"/>
            <span end="37374" id="16221973-5792" start="37363">glutathione</span>
        </annotation>
        <annotation annotator="Mike Bada, University of Colorado Anschutz Medical Campus" id="CHEBI_2015_08_26_Instance_27027" type="identity">
            <class id="CHEBI:16856" label="glutathione"/>
            <span end="37479" id="16221973-5794" start="37468">glutathione</span>
        </annotation>
        <annotation annotator="Mike Bada, University of Colorado Anschutz Medical Campus" id="CHEBI_2015_08_26_Instance_27029" type="identity">
            <class id="CHEBI:16856" label="glutathione"/>
            <span end="37669" id="16221973-5796" start="37658">glutathione</span>
        </annotation>
        <annotation annotator="Mike Bada, University of Colorado Anschutz Medical Campus" id="CHEBI_2015_08_26_Instance_27031" type="identity">
            <class id="CHEBI:16856" label="glutathione"/>
            <span end="37766" id="16221973-5798" start="37747">reduced glutathione</span>
        </annotation>
        <annotation annotator="Mike Bada, University of Colorado Anschutz Medical Campus" id="CHEBI_2015_08_26_Instance_27033" type="identity">
            <class id="CHEBI:16856" label="glutathione"/>
            <span end="37987" id="16221973-5800" start="37976">glutathione</span>
        </annotation>
        <annotation annotator="Mike Bada, University of Colorado Anschutz Medical Campus" id="CHEBI_2015_08_26_Instance_430054" type="identity">
            <class id="CHEBI:7507" label="neomycin"/>
            <span end="39219" id="16221973-5892" start="39211">neomycin</span>
        </annotation>
        <annotation annotator="Mike Bada, University of Colorado Anschutz Medical Campus" id="CHEBI_2015_08_26_Instance_251459" type="identity">
            <class id="CHEBI:76777" label="poly(inosinic acid)"/>
            <span end="39823" id="16221973-5698" start="39821">pI</span>
        </annotation>
        <annotation annotator="Mike Bada, University of Colorado Anschutz Medical Campus" id="CHEBI_2015_08_26_Instance_251467" type="identity">
            <class id="CHEBI:76777" label="poly(inosinic acid)"/>
            <span end="40042" id="16221973-5700" start="40040">pI</span>
        </annotation>
        <annotation annotator="Mike Bada, University of Colorado Anschutz Medical Campus" id="CHEBI_2015_08_26_Instance_26337" type="identity">
            <class id="CHEBI:37972" label="phosphorus-32 atom"/>
            <span end="40144" id="16221973-5740" start="40141">32P</span>
        </annotation>
        <annotation annotator="Mike Bada, University of Colorado Anschutz Medical Campus" id="CHEBI_2015_08_26_Instance_26339" type="identity">
            <class id="CHEBI:37972" label="phosphorus-32 atom"/>
            <span end="40325" id="16221973-5742" start="40322">32P</span>
        </annotation>
        <annotation annotator="Mike Bada, University of Colorado Anschutz Medical Campus" id="CHEBI_2015_08_26_Instance_251483" type="identity">
            <class id="CHEBI:76777" label="poly(inosinic acid)"/>
            <span end="40525" id="16221973-5702" start="40523">pI</span>
        </annotation>
        <annotation annotator="Mike Bada, University of Colorado Anschutz Medical Campus" id="CHEBI_2015_08_26_Instance_251491" type="identity">
            <class id="CHEBI:50292" label="cadmium sulfate"/>
            <span end="40682" id="16221973-5704" start="40677">CdSO4</span>
        </annotation>
        <annotation annotator="Mike Bada, University of Colorado Anschutz Medical Campus" id="CHEBI_2015_08_26_Instance_27227" type="identity">
            <class id="CHEBI:37972" label="phosphorus-32 atom"/>
            <span end="40879" id="16221973-5832" start="40876">32P</span>
        </annotation>
        <annotation annotator="Mike Bada, University of Colorado Anschutz Medical Campus" id="CHEBI_2015_08_26_Instance_27229" type="identity">
            <class id="CHEBI:37972" label="phosphorus-32 atom"/>
            <span end="40909" id="16221973-5834" start="40906">32P</span>
        </annotation>
        <annotation annotator="Mike Bada, University of Colorado Anschutz Medical Campus" id="CHEBI_2015_08_26_Instance_251507" type="identity">
            <class id="CHEBI:76777" label="poly(inosinic acid)"/>
            <span end="41245" id="16221973-5706" start="41243">pI</span>
        </annotation>
        <annotation annotator="Mike Bada, University of Colorado Anschutz Medical Campus" id="CHEBI_2015_08_26_Instance_27231" type="identity">
            <class id="CHEBI:37972" label="phosphorus-32 atom"/>
            <span end="41355" id="16221973-5836" start="41352">32P</span>
        </annotation>
        <annotation annotator="Mike Bada, University of Colorado Anschutz Medical Campus" id="CHEBI_2015_08_26_Instance_27233" type="identity">
            <class id="CHEBI:37972" label="phosphorus-32 atom"/>
            <span end="41529" id="16221973-5838" start="41526">32P</span>
        </annotation>
        <annotation annotator="Mike Bada, University of Colorado Anschutz Medical Campus" id="CHEBI_2015_08_26_Instance_27235" type="identity">
            <class id="CHEBI:37972" label="phosphorus-32 atom"/>
            <span end="41666" id="16221973-5840" start="41663">32P</span>
        </annotation>
        <annotation annotator="Mike Bada, University of Colorado Anschutz Medical Campus" id="CHEBI_2015_08_26_Instance_251527" type="identity">
            <class id="CHEBI:76777" label="poly(inosinic acid)"/>
            <span end="41875" id="16221973-5708" start="41873">pI</span>
        </annotation>
        <annotation annotator="Mike Bada, University of Colorado Anschutz Medical Campus" id="CHEBI_2015_08_26_Instance_251535" type="identity">
            <class id="CHEBI:50292" label="cadmium sulfate"/>
            <span end="42032" id="16221973-5710" start="42027">CdSO4</span>
        </annotation>
        <annotation annotator="Mike Bada, University of Colorado Anschutz Medical Campus" id="CHEBI_2015_08_26_Instance_251541" type="identity">
            <class id="CHEBI:76777" label="poly(inosinic acid)"/>
            <span end="42421" id="16221973-5712" start="42419">pI</span>
        </annotation>
        <annotation annotator="Mike Bada, University of Colorado Anschutz Medical Campus" id="CHEBI_2015_08_26_Instance_27247" type="identity">
            <class id="CHEBI:37972" label="phosphorus-32 atom"/>
            <span end="42531" id="16221973-5842" start="42528">32P</span>
        </annotation>
        <annotation annotator="Mike Bada, University of Colorado Anschutz Medical Campus" id="CHEBI_2015_08_26_Instance_27249" type="identity">
            <class id="CHEBI:37972" label="phosphorus-32 atom"/>
            <span end="42584" id="16221973-5844" start="42581">32P</span>
        </annotation>
        <annotation annotator="Mike Bada, University of Colorado Anschutz Medical Campus" id="CHEBI_2015_08_26_Instance_27251" type="identity">
            <class id="CHEBI:37972" label="phosphorus-32 atom"/>
            <span end="42763" id="16221973-5846" start="42760">32P</span>
        </annotation>
        <annotation annotator="Mike Bada, University of Colorado Anschutz Medical Campus" id="CHEBI_2015_08_26_Instance_27253" type="identity">
            <class id="CHEBI:37972" label="phosphorus-32 atom"/>
            <span end="42864" id="16221973-5848" start="42861">32P</span>
        </annotation>
        <annotation annotator="Mike Bada, University of Colorado Anschutz Medical Campus" id="CHEBI_2015_08_26_Instance_251563" type="identity">
            <class id="CHEBI:76777" label="poly(inosinic acid)"/>
            <span end="43073" id="16221973-5714" start="43071">pI</span>
        </annotation>
        <annotation annotator="Mike Bada, University of Colorado Anschutz Medical Campus" id="CHEBI_2015_08_26_Instance_251571" type="identity">
            <class id="CHEBI:50292" label="cadmium sulfate"/>
            <span end="43230" id="16221973-5716" start="43225">CdSO4</span>
        </annotation>
        <annotation annotator="Mike Bada, University of Colorado Anschutz Medical Campus" id="CHEBI_2015_08_26_Instance_251577" type="identity">
            <class id="CHEBI:76777" label="poly(inosinic acid)"/>
            <span end="43619" id="16221973-5718" start="43617">pI</span>
        </annotation>
        <annotation annotator="Mike Bada, University of Colorado Anschutz Medical Campus" id="CHEBI_2015_08_26_Instance_27269" type="identity">
            <class id="CHEBI:37972" label="phosphorus-32 atom"/>
            <span end="43729" id="16221973-5850" start="43726">32P</span>
        </annotation>
        <annotation annotator="Mike Bada, University of Colorado Anschutz Medical Campus" id="CHEBI_2015_08_26_Instance_27271" type="identity">
            <class id="CHEBI:37972" label="phosphorus-32 atom"/>
            <span end="43915" id="16221973-5852" start="43912">32P</span>
        </annotation>
        <annotation annotator="Mike Bada, University of Colorado Anschutz Medical Campus" id="CHEBI_2015_08_26_Instance_27273" type="identity">
            <class id="CHEBI:37972" label="phosphorus-32 atom"/>
            <span end="44016" id="16221973-5854" start="44013">32P</span>
        </annotation>
        <annotation annotator="Mike Bada, University of Colorado Anschutz Medical Campus" id="CHEBI_2015_08_26_Instance_251633" type="identity">
            <class id="CHEBI:76777" label="poly(inosinic acid)"/>
            <span end="44230" id="16221973-5720" start="44228">pI</span>
        </annotation>
        <annotation annotator="Mike Bada, University of Colorado Anschutz Medical Campus" id="CHEBI_2015_08_26_Instance_251641" type="identity">
            <class id="CHEBI:50292" label="cadmium sulfate"/>
            <span end="44387" id="16221973-5722" start="44382">CdSO4</span>
        </annotation>
        <annotation annotator="Mike Bada, University of Colorado Anschutz Medical Campus" id="CHEBI_2015_08_26_Instance_251647" type="identity">
            <class id="CHEBI:76777" label="poly(inosinic acid)"/>
            <span end="44779" id="16221973-5724" start="44777">pI</span>
        </annotation>
        <annotation annotator="Mike Bada, University of Colorado Anschutz Medical Campus" id="CHEBI_2015_08_26_Instance_27275" type="identity">
            <class id="CHEBI:37972" label="phosphorus-32 atom"/>
            <span end="44889" id="16221973-5856" start="44886">32P</span>
        </annotation>
        <annotation annotator="Mike Bada, University of Colorado Anschutz Medical Campus" id="CHEBI_2015_08_26_Instance_27277" type="identity">
            <class id="CHEBI:37972" label="phosphorus-32 atom"/>
            <span end="45066" id="16221973-5858" start="45063">32P</span>
        </annotation>
        <annotation annotator="Mike Bada, University of Colorado Anschutz Medical Campus" id="CHEBI_2015_08_26_Instance_27279" type="identity">
            <class id="CHEBI:37972" label="phosphorus-32 atom"/>
            <span end="45167" id="16221973-5860" start="45164">32P</span>
        </annotation>
        <annotation annotator="Mike Bada, University of Colorado Anschutz Medical Campus" id="CHEBI_2015_08_26_Instance_27035" type="identity">
            <class id="CHEBI:16856" label="glutathione"/>
            <span end="45289" id="16221973-5802" start="45270">reduced glutathione</span>
        </annotation>
        <annotation annotator="Mike Bada, University of Colorado Anschutz Medical Campus" id="CHEBI_2015_08_26_Instance_251663" type="identity">
            <class id="CHEBI:53233" label="3-(4,5-dimethylthiazol-2-yl)-2,5-diphenyltetrazolium bromide"/>
            <span end="45406" id="16221973-5726" start="45403">MTT</span>
        </annotation>
        <annotation annotator="Mike Bada, University of Colorado Anschutz Medical Campus" id="CHEBI_2015_08_26_Instance_251665" type="identity">
            <class id="CHEBI:28714" label="S-butyl-DL-homocysteine (S,R)-sulfoximine"/>
            <span end="45596" id="16221973-5728" start="45593">BSO</span>
        </annotation>
        <annotation annotator="Mike Bada, University of Colorado Anschutz Medical Campus" id="CHEBI_2015_08_26_Instance_27281" type="identity">
            <class id="CHEBI:35456" label="cadmium dichloride"/>
            <span end="45652" id="16221973-5862" start="45647">CdCl2</span>
        </annotation>
        <annotation annotator="Mike Bada, University of Colorado Anschutz Medical Campus" id="CHEBI_2015_08_26_Instance_251669" type="identity">
            <class id="CHEBI:76777" label="poly(inosinic acid)"/>
            <span end="45878" id="16221973-5730" start="45876">pI</span>
        </annotation>
        <annotation annotator="Mike Bada, University of Colorado Anschutz Medical Campus" id="CHEBI_2015_08_26_Instance_251675" type="identity">
            <class id="CHEBI:50292" label="cadmium sulfate"/>
            <span end="46081" id="16221973-5732" start="46076">CdSO4</span>
        </annotation>
        <annotation annotator="Mike Bada, University of Colorado Anschutz Medical Campus" id="CHEBI_2015_08_26_Instance_251691" type="identity">
            <class id="CHEBI:50292" label="cadmium sulfate"/>
            <span end="46998" id="16221973-5734" start="46993">CdSO4</span>
        </annotation>
        <graph-space id="Old Knowtator Relations"/>
    </document>
</knowtator-project>
