<?xml version="1.0" encoding="UTF-8" standalone="no"?>
<knowtator-project>
  <document id="16255782" text-file="16255782.txt">
    <annotation annotator="Mike Bada, University of Colorado Anschutz Medical Campus" id="CHEBI_2015_08_26_Instance_29689" type="identity">
      <class id="CHEBI:26523" label="reactive oxygen species"/>
      <span end="3073" id="16255782-5939" start="3050">reactive oxygen species</span>
    </annotation>
    <annotation annotator="Mike Bada, University of Colorado Anschutz Medical Campus" id="CHEBI_2015_08_26_Instance_29691" type="identity">
      <class id="CHEBI:35703" label="xenobiotic"/>
      <span end="3132" id="16255782-5941" start="3121">xenobiotics</span>
    </annotation>
    <annotation annotator="Mike Bada, University of Colorado Anschutz Medical Campus" id="CHEBI_2015_08_26_Instance_29695" type="identity">
      <class id="CHEBI:26523" label="reactive oxygen species"/>
      <span end="3257" id="16255782-5943" start="3234">Reactive oxygen species</span>
    </annotation>
    <annotation annotator="Mike Bada, University of Colorado Anschutz Medical Campus" id="CHEBI_2015_08_26_Instance_27379" type="identity">
      <class id="CHEBI:18059" label="lipid"/>
      <span end="3347" id="16255782-5915" start="3341">lipids</span>
    </annotation>
    <annotation annotator="Mike Bada, University of Colorado Anschutz Medical Campus" id="CHEBI_2015_08_26_Instance_260054" type="identity">
      <class id="CHEBI:50903" label="carcinogenic agent"/>
      <span end="3584" id="16255782-5897" start="3573">carcinogens</span>
    </annotation>
    <annotation annotator="Mike Bada, University of Colorado Anschutz Medical Campus" id="CHEBI_2015_08_26_Instance_27387" type="identity">
      <class id="CHEBI:33893" label="reagent"/>
      <span end="6312" id="16255782-5921" start="6304">reagents</span>
    </annotation>
    <annotation annotator="Mike Bada, University of Colorado Anschutz Medical Campus" id="CHEBI_2015_08_26_Instance_27383" type="identity">
      <class id="CHEBI:33893" label="reagent"/>
      <span end="6527" id="16255782-5917" start="6519">reagents</span>
    </annotation>
    <annotation annotator="Mike Bada, University of Colorado Anschutz Medical Campus" id="CHEBI_2015_08_26_Instance_27385" type="identity">
      <class id="CHEBI:33893" label="reagent"/>
      <span end="6634" id="16255782-5919" start="6626">reagents</span>
    </annotation>
    <annotation annotator="Mike Bada, University of Colorado Anschutz Medical Campus" id="CHEBI_2015_08_26_Instance_27401" type="identity">
      <class id="CHEBI:35222" label="inhibitor"/>
      <span end="7000" id="16255782-5935" start="6990">inhibitors</span>
    </annotation>
    <annotation annotator="Mike Bada, University of Colorado Anschutz Medical Campus" id="CHEBI_2015_08_26_Instance_27389" type="identity">
      <class id="CHEBI:33893" label="reagent"/>
      <span end="7827" id="16255782-5923" start="7819">reagents</span>
    </annotation>
    <annotation annotator="Mike Bada, University of Colorado Anschutz Medical Campus" id="CHEBI_2015_08_26_Instance_260084" type="identity">
      <class id="CHEBI:36357" label="polyatomic entity"/>
      <span end="7883" id="16255782-5899" start="7874">molecules</span>
    </annotation>
    <annotation annotator="Mike Bada, University of Colorado Anschutz Medical Campus" id="CHEBI_2015_08_26_Instance_260086" type="identity">
      <class id="CHEBI:36357" label="polyatomic entity"/>
      <span end="7978" id="16255782-5901" start="7969">molecules</span>
    </annotation>
    <annotation annotator="Mike Bada, University of Colorado Anschutz Medical Campus" id="CHEBI_2015_08_26_Instance_27403" type="identity">
      <class id="CHEBI:35222" label="inhibitor"/>
      <span end="8136" id="16255782-5937" start="8126">inhibitors</span>
    </annotation>
    <annotation annotator="Mike Bada, University of Colorado Anschutz Medical Campus" id="CHEBI_2015_08_26_Instance_27391" type="identity">
      <class id="CHEBI:33893" label="reagent"/>
      <span end="10366" id="16255782-5925" start="10358">reagents</span>
    </annotation>
    <annotation annotator="Mike Bada, University of Colorado Anschutz Medical Campus" id="CHEBI_2015_08_26_Instance_27397" type="identity">
      <class id="CHEBI:35222" label="inhibitor"/>
      <span end="10991" id="16255782-5931" start="10982">inhibitor</span>
    </annotation>
    <annotation annotator="Mike Bada, University of Colorado Anschutz Medical Campus" id="CHEBI_2015_08_26_Instance_260114" type="identity">
      <class id="CHEBI:36357" label="polyatomic entity"/>
      <span end="11332" id="16255782-5903" start="11323">molecules</span>
    </annotation>
    <annotation annotator="Mike Bada, University of Colorado Anschutz Medical Campus" id="CHEBI_2015_08_26_Instance_260206" type="identity">
      <class id="CHEBI:50903" label="carcinogenic agent"/>
      <span end="20071" id="16255782-5905" start="20060">carcinogens</span>
    </annotation>
    <annotation annotator="Mike Bada, University of Colorado Anschutz Medical Campus" id="CHEBI_2015_08_26_Instance_260208" type="identity">
      <class id="CHEBI:63248" label="oxidising agent"/>
      <span end="20081" id="16255782-5907" start="20073">oxidants</span>
    </annotation>
    <annotation annotator="Mike Bada, University of Colorado Anschutz Medical Campus" id="CHEBI_2015_08_26_Instance_27399" type="identity">
      <class id="CHEBI:35222" label="inhibitor"/>
      <span end="21776" id="16255782-5933" start="21766">inhibitors</span>
    </annotation>
    <annotation annotator="Mike Bada, University of Colorado Anschutz Medical Campus" id="CHEBI_2015_08_26_Instance_27393" type="identity">
      <class id="CHEBI:33893" label="reagent"/>
      <span end="22888" id="16255782-5927" start="22880">reagents</span>
    </annotation>
    <annotation annotator="Mike Bada, University of Colorado Anschutz Medical Campus" id="CHEBI_2015_08_26_Instance_27395" type="identity">
      <class id="CHEBI:33893" label="reagent"/>
      <span end="23895" id="16255782-5929" start="23887">reagents</span>
    </annotation>
    <annotation annotator="Mike Bada, University of Colorado Anschutz Medical Campus" id="CHEBI_2015_08_26_Instance_260236" type="identity">
      <class id="CHEBI:36357" label="polyatomic entity"/>
      <span end="25758" id="16255782-5909" start="25749">molecules</span>
    </annotation>
    <annotation annotator="Mike Bada, University of Colorado Anschutz Medical Campus" id="CHEBI_2015_08_26_Instance_260238" type="identity">
      <class id="CHEBI:36357" label="polyatomic entity"/>
      <span end="25780" id="16255782-5911" start="25771">molecules</span>
    </annotation>
    <annotation annotator="Mike Bada, University of Colorado Anschutz Medical Campus" id="CHEBI_2015_08_26_Instance_260244" type="identity">
      <class id="CHEBI:36357" label="polyatomic entity"/>
      <span end="26552" id="16255782-5913" start="26543">molecules</span>
    </annotation>
    <graph-space id="Old Knowtator Relations"/>
  </document>
</knowtator-project>
