<?xml version="1.0" encoding="UTF-8" standalone="no"?>
<knowtator-project>
  <document id="16362077" text-file="16362077.txt">
    <annotation annotator="Mike Bada, University of Colorado Anschutz Medical Campus" id="CHEBI_2015_08_26_Instance_260540" type="identity">
      <class id="CHEBI:8228" label="pioglitazone"/>
      <span end="1239" id="16362077-6713" start="1227">pioglitazone</span>
    </annotation>
    <annotation annotator="Mike Bada, University of Colorado Anschutz Medical Campus" id="CHEBI_2015_08_26_Instance_27931" type="identity">
      <class id="CHEBI:27300" label="vitamin D"/>
      <span end="4242" id="16362077-6771" start="4233">vitamin D</span>
    </annotation>
    <annotation annotator="Mike Bada, University of Colorado Anschutz Medical Campus" id="CHEBI_2015_08_26_Instance_28131" type="identity">
      <class id="CHEBI:46662" label="mineral"/>
      <span end="11783" id="16362077-6797" start="11776">mineral</span>
    </annotation>
    <annotation annotator="Mike Bada, University of Colorado Anschutz Medical Campus" id="CHEBI_2015_08_26_Instance_28133" type="identity">
      <class id="CHEBI:46662" label="mineral"/>
      <span end="12149" id="16362077-6799" start="12142">mineral</span>
    </annotation>
    <annotation annotator="Mike Bada, University of Colorado Anschutz Medical Campus" id="CHEBI_2015_08_26_Instance_27989" type="identity">
      <class id="CHEBI:37527" label="acid"/>
      <span end="14398" id="16362077-6773" start="14394">acid</span>
    </annotation>
    <annotation annotator="Mike Bada, University of Colorado Anschutz Medical Campus" id="CHEBI_2015_08_26_Instance_27991" type="identity">
      <class id="CHEBI:46662" label="mineral"/>
      <span end="15180" id="16362077-6775" start="15173">mineral</span>
    </annotation>
    <annotation annotator="Mike Bada, University of Colorado Anschutz Medical Campus" id="CHEBI_2015_08_26_Instance_260600" type="identity">
      <class id="CHEBI:50114" label="estrogen"/>
      <span end="16123" id="16362077-6715" start="16115">estrogen</span>
    </annotation>
    <annotation annotator="Mike Bada, University of Colorado Anschutz Medical Campus" id="CHEBI_2015_08_26_Instance_270005" type="identity">
      <class id="CHEBI:50114" label="estrogen"/>
      <span end="16659" id="16362077-6725" start="16651">estrogen</span>
    </annotation>
    <annotation annotator="Mike Bada, University of Colorado Anschutz Medical Campus" id="CHEBI_2015_08_26_Instance_27999" type="identity">
      <class id="CHEBI:10545" label="electron"/>
      <span end="18131" id="16362077-6777" start="18123">electron</span>
    </annotation>
    <annotation annotator="Mike Bada, University of Colorado Anschutz Medical Campus" id="CHEBI_2015_08_26_Instance_270019" type="identity">
      <class id="CHEBI:8228" label="pioglitazone"/>
      <span end="19237" id="16362077-6727" start="19225">pioglitazone</span>
    </annotation>
    <annotation annotator="Mike Bada, University of Colorado Anschutz Medical Campus" id="CHEBI_2015_08_26_Instance_28001" type="identity">
      <class id="CHEBI:17939" label="puromycin"/>
      <span end="20441" id="16362077-6779" start="20432">puromycin</span>
    </annotation>
    <annotation annotator="Mike Bada, University of Colorado Anschutz Medical Campus" id="CHEBI_2015_08_26_Instance_270025" type="identity">
      <class id="CHEBI:51217" label="fluorochrome"/>
      <span end="21526" id="16362077-6729" start="21514">fluorochrome</span>
    </annotation>
    <annotation annotator="Mike Bada, University of Colorado Anschutz Medical Campus" id="CHEBI_2015_08_26_Instance_270027" type="identity">
      <class id="CHEBI:51217" label="fluorochrome"/>
      <span end="21780" id="16362077-6731" start="21768">fluorochrome</span>
    </annotation>
    <annotation annotator="Mike Bada, University of Colorado Anschutz Medical Campus" id="CHEBI_2015_08_26_Instance_270033" type="identity">
      <class id="CHEBI:50114" label="estrogen"/>
      <span end="24987" id="16362077-6733" start="24979">estrogen</span>
    </annotation>
    <annotation annotator="Mike Bada, University of Colorado Anschutz Medical Campus" id="CHEBI_2015_08_26_Instance_28005" type="identity">
      <class id="CHEBI:35222" label="inhibitor"/>
      <span end="29304" id="16362077-6781" start="29294">inhibitors</span>
    </annotation>
    <annotation annotator="Mike Bada, University of Colorado Anschutz Medical Campus" id="CHEBI_2015_08_26_Instance_270053" type="identity">
      <class id="CHEBI:51686" label="haematoxylin"/>
      <span end="30220" id="16362077-6735" start="30209">hematoxylin</span>
    </annotation>
    <annotation annotator="Mike Bada, University of Colorado Anschutz Medical Campus" id="CHEBI_2015_08_26_Instance_270055" type="identity">
      <class id="CHEBI:51903" label="calcein"/>
      <span end="30293" id="16362077-6737" start="30286">calcein</span>
    </annotation>
    <annotation annotator="Mike Bada, University of Colorado Anschutz Medical Campus" id="CHEBI_2015_08_26_Instance_28009" type="identity">
      <class id="CHEBI:27902" label="tetracycline"/>
      <span end="30329" id="16362077-6783" start="30317">tetracycline</span>
    </annotation>
    <annotation annotator="Mike Bada, University of Colorado Anschutz Medical Campus" id="CHEBI_2015_08_26_Instance_270065" type="identity">
      <class id="CHEBI:34840" label="methyl methacrylate"/>
      <span end="30537" id="16362077-6739" start="30534">MMA</span>
    </annotation>
    <annotation annotator="Mike Bada, University of Colorado Anschutz Medical Campus" id="CHEBI_2015_08_26_Instance_330670" type="identity">
      <class id="CHEBI:60004" label="mixture"/>
      <span end="30551" id="16362077-6807" start="30544">mixture</span>
    </annotation>
    <annotation annotator="Mike Bada, University of Colorado Anschutz Medical Campus" id="CHEBI_2015_08_26_Instance_270067" type="identity">
      <class id="CHEBI:34840" label="methyl methacrylate"/>
      <span end="30562" id="16362077-6741" start="30559">MMA</span>
    </annotation>
    <annotation annotator="Mike Bada, University of Colorado Anschutz Medical Campus" id="CHEBI_2015_08_26_Instance_270069" type="identity">
      <class id="CHEBI:34288" label="2-hydroxyethyl methacrylate"/>
      <span end="30589" id="16362077-6743" start="30571">glycolmethacrylate</span>
    </annotation>
    <annotation annotator="Mike Bada, University of Colorado Anschutz Medical Campus" id="CHEBI_2015_08_26_Instance_270071" type="identity">
      <class id="CHEBI:34288" label="2-hydroxyethyl methacrylate"/>
      <span end="30594" id="16362077-6745" start="30591">GMA</span>
    </annotation>
    <annotation annotator="Mike Bada, University of Colorado Anschutz Medical Campus" id="CHEBI_2015_08_26_Instance_270073" type="identity">
      <class id="CHEBI:34840" label="methyl methacrylate"/>
      <span end="30630" id="16362077-6747" start="30627">MMA</span>
    </annotation>
    <annotation annotator="Mike Bada, University of Colorado Anschutz Medical Campus" id="CHEBI_2015_08_26_Instance_270075" type="identity">
      <class id="CHEBI:34840" label="methyl methacrylate"/>
      <span end="30757" id="16362077-6749" start="30754">MMA</span>
    </annotation>
    <annotation annotator="Mike Bada, University of Colorado Anschutz Medical Campus" id="CHEBI_2015_08_26_Instance_270077" type="identity">
      <class id="CHEBI:34288" label="2-hydroxyethyl methacrylate"/>
      <span end="30761" id="16362077-6751" start="30758">GMA</span>
    </annotation>
    <annotation annotator="Mike Bada, University of Colorado Anschutz Medical Campus" id="CHEBI_2015_08_26_Instance_28011" type="identity">
      <class id="CHEBI:46662" label="mineral"/>
      <span end="31234" id="16362077-6785" start="31227">Mineral</span>
    </annotation>
    <annotation annotator="Mike Bada, University of Colorado Anschutz Medical Campus" id="CHEBI_2015_08_26_Instance_270095" type="identity">
      <class id="CHEBI:7507" label="neomycin"/>
      <span end="32260" id="16362077-6753" start="32252">neomycin</span>
    </annotation>
    <annotation annotator="Mike Bada, University of Colorado Anschutz Medical Campus" id="CHEBI_2015_08_26_Instance_30729" type="identity">
      <class id="CHEBI:38867" label="anaesthetic"/>
      <span end="34112" id="16362077-6803" start="34102">anesthetic</span>
    </annotation>
    <annotation annotator="Mike Bada, University of Colorado Anschutz Medical Campus" id="CHEBI_2015_08_26_Instance_28017" type="identity">
      <class id="CHEBI:16469" label="17beta-estradiol"/>
      <span end="35307" id="16362077-6787" start="35294">17β estradiol</span>
    </annotation>
    <annotation annotator="Mike Bada, University of Colorado Anschutz Medical Campus" id="CHEBI_2015_08_26_Instance_28019" type="identity">
      <class id="CHEBI:18219" label="ammonium hydroxide"/>
      <span end="36440" id="16362077-6789" start="36422">ammonium hydroxide</span>
    </annotation>
    <annotation annotator="Mike Bada, University of Colorado Anschutz Medical Campus" id="CHEBI_2015_08_26_Instance_28021" type="identity">
      <class id="CHEBI:10545" label="electron"/>
      <span end="36528" id="16362077-6791" start="36520">electron</span>
    </annotation>
    <annotation annotator="Mike Bada, University of Colorado Anschutz Medical Campus" id="CHEBI_2015_08_26_Instance_28023" type="identity">
      <class id="CHEBI:10545" label="electron"/>
      <span end="36556" id="16362077-6793" start="36548">Electron</span>
    </annotation>
    <annotation annotator="Mike Bada, University of Colorado Anschutz Medical Campus" id="CHEBI_2015_08_26_Instance_28025" type="identity">
      <class id="CHEBI:33893" label="reagent"/>
      <span end="37372" id="16362077-6795" start="37365">reagent</span>
    </annotation>
    <annotation annotator="Mike Bada, University of Colorado Anschutz Medical Campus" id="CHEBI_2015_08_26_Instance_24973" type="identity">
      <class id="CHEBI:17939" label="puromycin"/>
      <span end="38549" id="16362077-6707" start="38540">puromycin</span>
    </annotation>
    <annotation annotator="Mike Bada, University of Colorado Anschutz Medical Campus" id="CHEBI_2015_08_26_Instance_25045" type="identity">
      <class id="CHEBI:46662" label="mineral"/>
      <span end="40173" id="16362077-6709" start="40166">mineral</span>
    </annotation>
    <annotation annotator="Mike Bada, University of Colorado Anschutz Medical Campus" id="CHEBI_2015_08_26_Instance_25523" type="identity">
      <class id="CHEBI:46662" label="mineral"/>
      <span end="40201" id="16362077-6711" start="40194">mineral</span>
    </annotation>
    <annotation annotator="Mike Bada, University of Colorado Anschutz Medical Campus" id="CHEBI_2015_08_26_Instance_26313" type="identity">
      <class id="CHEBI:37527" label="acid"/>
      <span end="40438" id="16362077-6717" start="40434">acid</span>
    </annotation>
    <annotation annotator="Mike Bada, University of Colorado Anschutz Medical Campus" id="CHEBI_2015_08_26_Instance_270153" type="identity">
      <class id="CHEBI:51686" label="haematoxylin"/>
      <span end="40914" id="16362077-6755" start="40903">hematoxylin</span>
    </annotation>
    <annotation annotator="Mike Bada, University of Colorado Anschutz Medical Campus" id="CHEBI_2015_08_26_Instance_270155" type="identity">
      <class id="CHEBI:51686" label="haematoxylin"/>
      <span end="41296" id="16362077-6757" start="41285">hematoxylin</span>
    </annotation>
    <annotation annotator="Mike Bada, University of Colorado Anschutz Medical Campus" id="CHEBI_2015_08_26_Instance_270179" type="identity">
      <class id="CHEBI:60816" label="immunogen"/>
      <span end="42594" id="16362077-6759" start="42583">immunogenic</span>
    </annotation>
    <annotation annotator="Mike Bada, University of Colorado Anschutz Medical Campus" id="CHEBI_2015_08_26_Instance_30731" type="identity">
      <class id="CHEBI:38867" label="anaesthetic"/>
      <span end="42995" id="16362077-6805" start="42985">anesthetic</span>
    </annotation>
    <annotation annotator="Mike Bada, University of Colorado Anschutz Medical Campus" id="CHEBI_2015_08_26_Instance_26605" type="identity">
      <class id="CHEBI:32130" label="silver(1+) nitrate"/>
      <span end="45943" id="16362077-6719" start="45929">silver nitrate</span>
    </annotation>
    <annotation annotator="Mike Bada, University of Colorado Anschutz Medical Campus" id="CHEBI_2015_08_26_Instance_270197" type="identity">
      <class id="CHEBI:8228" label="pioglitazone"/>
      <span end="47021" id="16362077-6761" start="47009">pioglitazone</span>
    </annotation>
    <annotation annotator="Mike Bada, University of Colorado Anschutz Medical Campus" id="CHEBI_2015_08_26_Instance_26767" type="identity">
      <class id="CHEBI:2511" label="agarose"/>
      <span end="47392" id="16362077-6721" start="47385">agarose</span>
    </annotation>
    <annotation annotator="Mike Bada, University of Colorado Anschutz Medical Campus" id="CHEBI_2015_08_26_Instance_26769" type="identity">
      <class id="CHEBI:4883" label="ethidium bromide"/>
      <span end="47427" id="16362077-6723" start="47411">ethidium bromide</span>
    </annotation>
    <annotation annotator="Mike Bada, University of Colorado Anschutz Medical Campus" id="CHEBI_2015_08_26_Instance_27201" type="identity">
      <class id="CHEBI:17939" label="puromycin"/>
      <span end="47842" id="16362077-6765" start="47833">puromycin</span>
    </annotation>
    <annotation annotator="Mike Bada, University of Colorado Anschutz Medical Campus" id="CHEBI_2015_08_26_Instance_27203" type="identity">
      <class id="CHEBI:2511" label="agarose"/>
      <span end="48397" id="16362077-6767" start="48390">agarose</span>
    </annotation>
    <annotation annotator="Mike Bada, University of Colorado Anschutz Medical Campus" id="CHEBI_2015_08_26_Instance_27205" type="identity">
      <class id="CHEBI:4883" label="ethidium bromide"/>
      <span end="48431" id="16362077-6769" start="48415">ethidium bromide</span>
    </annotation>
    <annotation annotator="Mike Bada, University of Colorado Anschutz Medical Campus" id="CHEBI_2015_08_26_Instance_270211" type="identity">
      <class id="CHEBI:51217" label="fluorochrome"/>
      <span end="48980" id="16362077-6763" start="48968">fluorochrome</span>
    </annotation>
    <annotation annotator="Mike Bada, University of Colorado Anschutz Medical Campus" id="CHEBI_2015_08_26_Instance_28135" type="identity">
      <class id="CHEBI:46662" label="mineral"/>
      <span end="49193" id="16362077-6801" start="49186">Mineral</span>
    </annotation>
    <graph-space id="Old Knowtator Relations"/>
  </document>
</knowtator-project>
