<?xml version="1.0" encoding="UTF-8" standalone="no"?>
<knowtator-project>
  <document id="16433929" text-file="16433929.txt">
    <annotation annotator="Mike Bada, University of Colorado Anschutz Medical Campus" id="CHEBI_2015_08_26_Instance_25921" type="identity">
      <class id="CHEBI:29108" label="calcium(2+)"/>
      <span end="1684" id="16433929-6821" start="1680">Ca2+</span>
    </annotation>
    <annotation annotator="Mike Bada, University of Colorado Anschutz Medical Campus" id="CHEBI_2015_08_26_Instance_25039" type="identity">
      <class id="CHEBI:29108" label="calcium(2+)"/>
      <span end="2480" id="16433929-6811" start="2476">Ca2+</span>
    </annotation>
    <annotation annotator="Mike Bada, University of Colorado Anschutz Medical Campus" id="CHEBI_2015_08_26_Instance_25145" type="identity">
      <class id="CHEBI:29108" label="calcium(2+)"/>
      <span end="2536" id="16433929-6813" start="2532">Ca2+</span>
    </annotation>
    <annotation annotator="Mike Bada, University of Colorado Anschutz Medical Campus" id="CHEBI_2015_08_26_Instance_25147" type="identity">
      <class id="CHEBI:29108" label="calcium(2+)"/>
      <span end="2571" id="16433929-6815" start="2567">Ca2+</span>
    </annotation>
    <annotation annotator="Mike Bada, University of Colorado Anschutz Medical Campus" id="CHEBI_2015_08_26_Instance_25151" type="identity">
      <class id="CHEBI:29108" label="calcium(2+)"/>
      <span end="2793" id="16433929-6817" start="2789">Ca2+</span>
    </annotation>
    <annotation annotator="Mike Bada, University of Colorado Anschutz Medical Campus" id="CHEBI_2015_08_26_Instance_270379" type="identity">
      <class id="CHEBI:82824" label="calpain inhibitor"/>
      <span end="3738" id="16433929-6823" start="3716">inhibitors of calpains</span>
    </annotation>
    <annotation annotator="Mike Bada, University of Colorado Anschutz Medical Campus" id="CHEBI_2015_08_26_Instance_330550" type="identity">
      <class id="CHEBI:82824" label="calpain inhibitor"/>
      <span end="3912" id="16433929-6883" start="3900">inhibitor of</span>
      <span end="3929" id="16433929-6884" start="3922">calpain</span>
    </annotation>
    <annotation annotator="Mike Bada, University of Colorado Anschutz Medical Campus" id="CHEBI_2015_08_26_Instance_270381" type="identity">
      <class id="CHEBI:82824" label="calpain inhibitor"/>
      <span end="4317" id="16433929-6825" start="4300">calpain inhibitor</span>
    </annotation>
    <annotation annotator="Mike Bada, University of Colorado Anschutz Medical Campus" id="CHEBI_2015_08_26_Instance_28227" type="identity">
      <class id="CHEBI:29917" label="thiol group"/>
      <span end="4352" id="16433929-6849" start="4347">thiol</span>
    </annotation>
    <annotation annotator="Mike Bada, University of Colorado Anschutz Medical Campus" id="CHEBI_2015_08_26_Instance_28229" type="identity">
      <class id="CHEBI:23888" label="drug"/>
      <span end="7256" id="16433929-6851" start="7252">drug</span>
    </annotation>
    <annotation annotator="Mike Bada, University of Colorado Anschutz Medical Campus" id="CHEBI_2015_08_26_Instance_28315" type="identity">
      <class id="CHEBI:42098" label="digoxigenin"/>
      <span end="8485" id="16433929-6875" start="8482">DIG</span>
    </annotation>
    <annotation annotator="Mike Bada, University of Colorado Anschutz Medical Campus" id="CHEBI_2015_08_26_Instance_270440" type="identity">
      <class id="CHEBI:42768" label="geneticin"/>
      <span end="15482" id="16433929-6827" start="15478">G418</span>
    </annotation>
    <annotation annotator="Mike Bada, University of Colorado Anschutz Medical Campus" id="CHEBI_2015_08_26_Instance_28237" type="identity">
      <class id="CHEBI:23888" label="drug"/>
      <span end="15760" id="16433929-6853" start="15756">drug</span>
    </annotation>
    <annotation annotator="Mike Bada, University of Colorado Anschutz Medical Campus" id="CHEBI_2015_08_26_Instance_28239" type="identity">
      <class id="CHEBI:35222" label="inhibitor"/>
      <span end="16242" id="16433929-6855" start="16232">inhibitors</span>
    </annotation>
    <annotation annotator="Mike Bada, University of Colorado Anschutz Medical Campus" id="CHEBI_2015_08_26_Instance_25919" type="identity">
      <class id="CHEBI:29108" label="calcium(2+)"/>
      <span end="21721" id="16433929-6819" start="21717">Ca2+</span>
    </annotation>
    <annotation annotator="Mike Bada, University of Colorado Anschutz Medical Campus" id="CHEBI_2015_08_26_Instance_270482" type="identity">
      <class id="CHEBI:42768" label="geneticin"/>
      <span end="27098" id="16433929-6829" start="27094">G418</span>
    </annotation>
    <annotation annotator="Mike Bada, University of Colorado Anschutz Medical Campus" id="CHEBI_2015_08_26_Instance_270522" type="identity">
      <class id="CHEBI:5291" label="gelatin"/>
      <span end="32450" id="16433929-6831" start="32443">gelatin</span>
    </annotation>
    <annotation annotator="Mike Bada, University of Colorado Anschutz Medical Campus" id="CHEBI_2015_08_26_Instance_31099" type="identity">
      <class id="CHEBI:16526" label="carbon dioxide"/>
      <span end="32535" id="16433929-6881" start="32532">CO2</span>
    </annotation>
    <annotation annotator="Mike Bada, University of Colorado Anschutz Medical Campus" id="CHEBI_2015_08_26_Instance_28287" type="identity">
      <class id="CHEBI:17234" label="glucose"/>
      <span end="32573" id="16433929-6857" start="32566">glucose</span>
    </annotation>
    <annotation annotator="Mike Bada, University of Colorado Anschutz Medical Campus" id="CHEBI_2015_08_26_Instance_270528" type="identity">
      <class id="CHEBI:50144" label="sodium pyruvate"/>
      <span end="32687" id="16433929-6833" start="32672">sodium pyruvate</span>
    </annotation>
    <annotation annotator="Mike Bada, University of Colorado Anschutz Medical Campus" id="CHEBI_2015_08_26_Instance_28299" type="identity">
      <class id="CHEBI:41218" label="mercaptoethanol"/>
      <span end="32713" id="16433929-6859" start="32696">2-mercaptoethanol</span>
    </annotation>
    <annotation annotator="Mike Bada, University of Colorado Anschutz Medical Campus" id="CHEBI_2015_08_26_Instance_28301" type="identity">
      <class id="CHEBI:17334" label="penicillin"/>
      <span end="32734" id="16433929-6861" start="32724">penicillin</span>
    </annotation>
    <annotation annotator="Mike Bada, University of Colorado Anschutz Medical Campus" id="CHEBI_2015_08_26_Instance_28303" type="identity">
      <class id="CHEBI:17076" label="streptomycin"/>
      <span end="32758" id="16433929-6863" start="32746">streptomycin</span>
    </annotation>
    <annotation annotator="Mike Bada, University of Colorado Anschutz Medical Campus" id="CHEBI_2015_08_26_Instance_270530" type="identity">
      <class id="CHEBI:2682" label="amphotericin B"/>
      <span end="32781" id="16433929-6835" start="32769">amphotericin</span>
    </annotation>
    <annotation annotator="Mike Bada, University of Colorado Anschutz Medical Campus" id="CHEBI_2015_08_26_Instance_270532" type="identity">
      <class id="CHEBI:5291" label="gelatin"/>
      <span end="32944" id="16433929-6837" start="32937">Gelatin</span>
    </annotation>
    <annotation annotator="Mike Bada, University of Colorado Anschutz Medical Campus" id="CHEBI_2015_08_26_Instance_28305" type="identity">
      <class id="CHEBI:33893" label="reagent"/>
      <span end="33057" id="16433929-6865" start="33049">reagents</span>
    </annotation>
    <annotation annotator="Mike Bada, University of Colorado Anschutz Medical Campus" id="CHEBI_2015_08_26_Instance_270534" type="identity">
      <class id="CHEBI:5291" label="gelatin"/>
      <span end="33224" id="16433929-6839" start="33217">gelatin</span>
    </annotation>
    <annotation annotator="Mike Bada, University of Colorado Anschutz Medical Campus" id="CHEBI_2015_08_26_Instance_270536" type="identity">
      <class id="CHEBI:42768" label="geneticin"/>
      <span end="33309" id="16433929-6841" start="33305">G418</span>
    </annotation>
    <annotation annotator="Mike Bada, University of Colorado Anschutz Medical Campus" id="CHEBI_2015_08_26_Instance_270538" type="identity">
      <class id="CHEBI:465284" label="ganciclovir"/>
      <span end="33343" id="16433929-6843" start="33332">ganciclovir</span>
    </annotation>
    <annotation annotator="Mike Bada, University of Colorado Anschutz Medical Campus" id="CHEBI_2015_08_26_Instance_28307" type="identity">
      <class id="CHEBI:23888" label="drug"/>
      <span end="33379" id="16433929-6867" start="33375">Drug</span>
    </annotation>
    <annotation annotator="Mike Bada, University of Colorado Anschutz Medical Campus" id="CHEBI_2015_08_26_Instance_270540" type="identity">
      <class id="CHEBI:5291" label="gelatin"/>
      <span end="33429" id="16433929-6845" start="33422">gelatin</span>
    </annotation>
    <annotation annotator="Mike Bada, University of Colorado Anschutz Medical Campus" id="CHEBI_2015_08_26_Instance_28309" type="identity">
      <class id="CHEBI:42098" label="digoxigenin"/>
      <span end="34393" id="16433929-6869" start="34382">digoxigenin</span>
    </annotation>
    <annotation annotator="Mike Bada, University of Colorado Anschutz Medical Campus" id="CHEBI_2015_08_26_Instance_28311" type="identity">
      <class id="CHEBI:42098" label="digoxigenin"/>
      <span end="34398" id="16433929-6871" start="34395">DIG</span>
    </annotation>
    <annotation annotator="Mike Bada, University of Colorado Anschutz Medical Campus" id="CHEBI_2015_08_26_Instance_28313" type="identity">
      <class id="CHEBI:42098" label="digoxigenin"/>
      <span end="34527" id="16433929-6873" start="34524">DIG</span>
    </annotation>
    <annotation annotator="Mike Bada, University of Colorado Anschutz Medical Campus" id="CHEBI_2015_08_26_Instance_28317" type="identity">
      <class id="CHEBI:9754" label="tris"/>
      <span end="38161" id="16433929-6877" start="38157">Tris</span>
    </annotation>
    <annotation annotator="Mike Bada, University of Colorado Anschutz Medical Campus" id="CHEBI_2015_08_26_Instance_28319" type="identity">
      <class id="CHEBI:17883" label="hydrogen chloride"/>
      <span end="38165" id="16433929-6879" start="38162">HCl</span>
    </annotation>
    <annotation annotator="Mike Bada, University of Colorado Anschutz Medical Campus" id="CHEBI_2015_08_26_Instance_270552" type="identity">
      <class id="CHEBI:9750" label="Triton X-100"/>
      <span end="38184" id="16433929-6847" start="38172">Triton X-100</span>
    </annotation>
    <graph-space id="Old Knowtator Relations"/>
  </document>
</knowtator-project>
