<?xml version="1.0" encoding="UTF-8" standalone="no"?>
<knowtator-project>
  <document id="16462940" text-file="16462940.txt">
    <annotation annotator="Mike Bada, University of Colorado Anschutz Medical Campus" id="CHEBI_2015_08_26_Instance_28325" type="identity">
      <class id="CHEBI:39015" label="apolipoprotein"/>
      <span end="602" id="16462940-6901" start="588">apolipoprotein</span>
    </annotation>
    <annotation annotator="Mike Bada, University of Colorado Anschutz Medical Campus" id="CHEBI_2015_08_26_Instance_28327" type="identity">
      <class id="CHEBI:39015" label="apolipoprotein"/>
      <span end="5600" id="16462940-6903" start="5586">apolipoprotein</span>
    </annotation>
    <annotation annotator="Mike Bada, University of Colorado Anschutz Medical Campus" id="CHEBI_2015_08_26_Instance_280018" type="identity">
      <class id="CHEBI:50112" label="sex hormone"/>
      <span end="25975" id="16462940-6889" start="25964">sex hormone</span>
    </annotation>
    <annotation annotator="Mike Bada, University of Colorado Anschutz Medical Campus" id="CHEBI_2015_08_26_Instance_220042" type="identity">
      <class id="CHEBI:33290" label="food"/>
      <span end="32899" id="16462940-6887" start="32895">Chow</span>
    </annotation>
    <annotation annotator="Mike Bada, University of Colorado Anschutz Medical Campus" id="CHEBI_2015_08_26_Instance_28345" type="identity">
      <class id="CHEBI:16113" label="cholesterol"/>
      <span end="33017" id="16462940-6909" start="33006">cholesterol</span>
    </annotation>
    <annotation annotator="Mike Bada, University of Colorado Anschutz Medical Campus" id="CHEBI_2015_08_26_Instance_28343" type="identity">
      <class id="CHEBI:17997" label="dinitrogen"/>
      <span end="33140" id="16462940-6907" start="33138">N2</span>
    </annotation>
    <annotation annotator="Mike Bada, University of Colorado Anschutz Medical Campus" id="CHEBI_2015_08_26_Instance_28347" type="identity">
      <class id="CHEBI:33893" label="reagent"/>
      <span end="33735" id="16462940-6911" start="33728">reagent</span>
    </annotation>
    <annotation annotator="Mike Bada, University of Colorado Anschutz Medical Campus" id="CHEBI_2015_08_26_Instance_280036" type="identity">
      <class id="CHEBI:37987" label="Cy3 dye"/>
      <span end="33905" id="16462940-6891" start="33902">Cy3</span>
    </annotation>
    <annotation annotator="Mike Bada, University of Colorado Anschutz Medical Campus" id="CHEBI_2015_08_26_Instance_280038" type="identity">
      <class id="CHEBI:37989" label="Cy5 dye"/>
      <span end="33912" id="16462940-6893" start="33909">Cy5</span>
    </annotation>
    <annotation annotator="Mike Bada, University of Colorado Anschutz Medical Campus" id="CHEBI_2015_08_26_Instance_280040" type="identity">
      <class id="CHEBI:51217" label="fluorochrome"/>
      <span end="33925" id="16462940-6895" start="33913">fluorochrome</span>
    </annotation>
    <annotation annotator="Mike Bada, University of Colorado Anschutz Medical Campus" id="CHEBI_2015_08_26_Instance_280042" type="identity">
      <class id="CHEBI:37987" label="Cy3 dye"/>
      <span end="33939" id="16462940-6897" start="33936">Cy3</span>
    </annotation>
    <annotation annotator="Mike Bada, University of Colorado Anschutz Medical Campus" id="CHEBI_2015_08_26_Instance_280044" type="identity">
      <class id="CHEBI:37989" label="Cy5 dye"/>
      <span end="33946" id="16462940-6899" start="33943">Cy5</span>
    </annotation>
    <annotation annotator="Mike Bada, University of Colorado Anschutz Medical Campus" id="CHEBI_2015_08_26_Instance_28349" type="identity">
      <class id="CHEBI:15882" label="phenol"/>
      <span end="34981" id="16462940-6913" start="34975">phenol</span>
    </annotation>
    <annotation annotator="Mike Bada, University of Colorado Anschutz Medical Campus" id="CHEBI_2015_08_26_Instance_28351" type="identity">
      <class id="CHEBI:35255" label="chloroform"/>
      <span end="34992" id="16462940-6915" start="34982">chloroform</span>
    </annotation>
    <annotation annotator="Mike Bada, University of Colorado Anschutz Medical Campus" id="CHEBI_2015_08_26_Instance_28329" type="identity">
      <class id="CHEBI:39015" label="apolipoprotein"/>
      <span end="44145" id="16462940-6905" start="44131">apolipoprotein</span>
    </annotation>
    <annotation annotator="Mike Bada, University of Colorado Anschutz Medical Campus" id="CHEBI_2015_08_26_Instance_28355" type="identity">
      <class id="CHEBI:33893" label="reagent"/>
      <span end="50007" id="16462940-6917" start="49999">reagents</span>
    </annotation>
    <graph-space id="Old Knowtator Relations"/>
  </document>
</knowtator-project>
