<?xml version="1.0" encoding="UTF-8" standalone="no"?>
<knowtator-project>
    <document id="16504174" text-file="16504174.txt">
        <annotation annotator="Mike Bada, University of Colorado Anschutz Medical Campus" id="CHEBI_2015_08_26_Instance_270002" type="identity">
            <class id="CHEBI:36357" label="polyatomic entity"/>
            <span end="2599" id="16504174-6991" start="2590">molecules</span>
        </annotation>
        <annotation annotator="Mike Bada, University of Colorado Anschutz Medical Campus" id="CHEBI_2015_08_26_Instance_27743" type="identity">
            <class id="CHEBI:26536" label="retinoic acid"/>
            <span end="3054" id="16504174-6989" start="3041">retinoic acid</span>
        </annotation>
        <annotation annotator="Mike Bada, University of Colorado Anschutz Medical Campus" id="CHEBI_2015_08_26_Instance_28217" type="identity">
            <class id="CHEBI:26536" label="retinoic acid"/>
            <span end="6731" id="16504174-6993" start="6718">retinoic acid</span>
        </annotation>
        <annotation annotator="Mike Bada, University of Colorado Anschutz Medical Campus" id="CHEBI_2015_08_26_Instance_28517" type="identity">
            <class id="CHEBI:26536" label="retinoic acid"/>
            <span end="7481" id="16504174-6995" start="7468">retinoic acid</span>
        </annotation>
        <annotation annotator="Mike Bada, University of Colorado Anschutz Medical Campus" id="CHEBI_2015_08_26_Instance_290078" type="identity">
            <class id="CHEBI:7507" label="neomycin"/>
            <span end="8979" id="16504174-7033" start="8971">neomycin</span>
        </annotation>
        <annotation annotator="Mike Bada, University of Colorado Anschutz Medical Campus" id="CHEBI_2015_08_26_Instance_28519" type="identity">
            <class id="CHEBI:24753" label="hygromycin"/>
            <span end="9042" id="16504174-6997" start="9032">hygromycin</span>
        </annotation>
        <annotation annotator="Mike Bada, University of Colorado Anschutz Medical Campus" id="CHEBI_2015_08_26_Instance_28521" type="identity">
            <class id="CHEBI:27026" label="toxin"/>
            <span end="9670" id="16504174-6999" start="9665">toxin</span>
        </annotation>
        <annotation annotator="Mike Bada, University of Colorado Anschutz Medical Campus" id="CHEBI_2015_08_26_Instance_28523" type="identity">
            <class id="CHEBI:4883" label="ethidium bromide"/>
            <span end="10235" id="16504174-7001" start="10219">ethidium bromide</span>
        </annotation>
        <annotation annotator="Mike Bada, University of Colorado Anschutz Medical Campus" id="CHEBI_2015_08_26_Instance_290084" type="identity">
            <class id="CHEBI:42768" label="geneticin"/>
            <span end="10400" id="16504174-7035" start="10396">G418</span>
        </annotation>
        <annotation annotator="Mike Bada, University of Colorado Anschutz Medical Campus" id="CHEBI_2015_08_26_Instance_28529" type="identity">
            <class id="CHEBI:26536" label="retinoic acid"/>
            <span end="11049" id="16504174-7003" start="11036">retinoic acid</span>
        </annotation>
        <annotation annotator="Mike Bada, University of Colorado Anschutz Medical Campus" id="CHEBI_2015_08_26_Instance_290086" type="identity">
            <class id="CHEBI:51686" label="haematoxylin"/>
            <span end="11838" id="16504174-7037" start="11827">hematoxylin</span>
        </annotation>
        <annotation annotator="Mike Bada, University of Colorado Anschutz Medical Campus" id="CHEBI_2015_08_26_Instance_290106" type="identity">
            <class id="CHEBI:37987" label="Cy3 dye"/>
            <span end="12905" id="16504174-7039" start="12902">Cy3</span>
        </annotation>
        <annotation annotator="Mike Bada, University of Colorado Anschutz Medical Campus" id="CHEBI_2015_08_26_Instance_290108" type="identity">
            <class id="CHEBI:37989" label="Cy5 dye"/>
            <span end="12913" id="16504174-7041" start="12910">Cy5</span>
        </annotation>
        <annotation annotator="Mike Bada, University of Colorado Anschutz Medical Campus" id="CHEBI_2015_08_26_Instance_28531" type="identity">
            <class id="CHEBI:27026" label="toxin"/>
            <span end="17085" id="16504174-7005" start="17080">toxin</span>
        </annotation>
        <annotation annotator="Mike Bada, University of Colorado Anschutz Medical Campus" id="CHEBI_2015_08_26_Instance_290120" type="identity">
            <class id="CHEBI:42768" label="geneticin"/>
            <span end="17324" id="16504174-7043" start="17320">G418</span>
        </annotation>
        <annotation annotator="Mike Bada, University of Colorado Anschutz Medical Campus" id="CHEBI_2015_08_26_Instance_28533" type="identity">
            <class id="CHEBI:16976" label="hygromycin B"/>
            <span end="17350" id="16504174-7007" start="17338">hygromycin B</span>
        </annotation>
        <annotation annotator="Mike Bada, University of Colorado Anschutz Medical Campus" id="CHEBI_2015_08_26_Instance_290124" type="identity">
            <class id="CHEBI:42768" label="geneticin"/>
            <span end="17387" id="16504174-7045" start="17383">G418</span>
        </annotation>
        <annotation annotator="Mike Bada, University of Colorado Anschutz Medical Campus" id="CHEBI_2015_08_26_Instance_28535" type="identity">
            <class id="CHEBI:16976" label="hygromycin B"/>
            <span end="17404" id="16504174-7009" start="17392">hygromycin B</span>
        </annotation>
        <annotation annotator="Mike Bada, University of Colorado Anschutz Medical Campus" id="CHEBI_2015_08_26_Instance_290128" type="identity">
            <class id="CHEBI:75958" label="solution"/>
            <span end="17612" id="16504174-7047" start="17604">Solution</span>
        </annotation>
        <annotation annotator="Mike Bada, University of Colorado Anschutz Medical Campus" id="CHEBI_2015_08_26_Instance_28537" type="identity">
            <class id="CHEBI:2511" label="agarose"/>
            <span end="17737" id="16504174-7011" start="17730">agarose</span>
        </annotation>
        <annotation annotator="Mike Bada, University of Colorado Anschutz Medical Campus" id="CHEBI_2015_08_26_Instance_31111" type="identity">
            <class id="CHEBI:25614" label="nylons"/>
            <span end="17768" id="16504174-7057" start="17763">nylon</span>
        </annotation>
        <annotation annotator="Mike Bada, University of Colorado Anschutz Medical Campus" id="CHEBI_2015_08_26_Instance_28541" type="identity">
            <class id="CHEBI:44557" label="nitrilotriacetic acid"/>
            <span end="19086" id="16504174-7013" start="19065">nitrilotriacetic acid</span>
        </annotation>
        <annotation annotator="Mike Bada, University of Colorado Anschutz Medical Campus" id="CHEBI_2015_08_26_Instance_28543" type="identity">
            <class id="CHEBI:2511" label="agarose"/>
            <span end="19094" id="16504174-7015" start="19087">agarose</span>
        </annotation>
        <annotation annotator="Mike Bada, University of Colorado Anschutz Medical Campus" id="CHEBI_2015_08_26_Instance_28545" type="identity">
            <class id="CHEBI:16199" label="urea"/>
            <span end="19159" id="16504174-7017" start="19155">urea</span>
        </annotation>
        <annotation annotator="Mike Bada, University of Colorado Anschutz Medical Campus" id="CHEBI_2015_08_26_Instance_28547" type="identity">
            <class id="CHEBI:16199" label="urea"/>
            <span end="19192" id="16504174-7019" start="19188">urea</span>
        </annotation>
        <annotation annotator="Mike Bada, University of Colorado Anschutz Medical Campus" id="CHEBI_2015_08_26_Instance_28549" type="identity">
            <class id="CHEBI:8984" label="sodium dodecyl sulfate"/>
            <span end="19441" id="16504174-7021" start="19419">sodium dodecyl sulfate</span>
        </annotation>
        <annotation annotator="Mike Bada, University of Colorado Anschutz Medical Campus" id="CHEBI_2015_08_26_Instance_28551" type="identity">
            <class id="CHEBI:8984" label="sodium dodecyl sulfate"/>
            <span end="19446" id="16504174-7023" start="19443">SDS</span>
        </annotation>
        <annotation annotator="Mike Bada, University of Colorado Anschutz Medical Campus" id="CHEBI_2015_08_26_Instance_290148" type="identity">
            <class id="CHEBI:53325" label="nitrocellulose"/>
            <span end="19505" id="16504174-7049" start="19491">nitrocellulose</span>
        </annotation>
        <annotation annotator="Mike Bada, University of Colorado Anschutz Medical Campus" id="CHEBI_2015_08_26_Instance_28557" type="identity">
            <class id="CHEBI:41774" label="tamoxifen"/>
            <span end="20075" id="16504174-7025" start="20066">Tamoxifen</span>
        </annotation>
        <annotation annotator="Mike Bada, University of Colorado Anschutz Medical Campus" id="CHEBI_2015_08_26_Instance_290150" type="identity">
            <class id="CHEBI:6716" label="medroxyprogesterone acetate"/>
            <span end="20100" id="16504174-7051" start="20088">Depo-provera</span>
        </annotation>
        <annotation annotator="Mike Bada, University of Colorado Anschutz Medical Campus" id="CHEBI_2015_08_26_Instance_28563" type="identity">
            <class id="CHEBI:17334" label="penicillin"/>
            <span end="20466" id="16504174-7027" start="20456">Penicillin</span>
        </annotation>
        <annotation annotator="Mike Bada, University of Colorado Anschutz Medical Campus" id="CHEBI_2015_08_26_Instance_28565" type="identity">
            <class id="CHEBI:17076" label="streptomycin"/>
            <span end="20479" id="16504174-7029" start="20467">Streptomysin</span>
        </annotation>
        <annotation annotator="Mike Bada, University of Colorado Anschutz Medical Campus" id="CHEBI_2015_08_26_Instance_28567" type="identity">
            <class id="CHEBI:41218" label="mercaptoethanol"/>
            <span end="20523" id="16504174-7031" start="20506">2-mercaptoethanol</span>
        </annotation>
        <annotation annotator="Mike Bada, University of Colorado Anschutz Medical Campus" id="CHEBI_2015_08_26_Instance_290158" type="identity">
            <class id="CHEBI:37987" label="Cy3 dye"/>
            <span end="21179" id="16504174-7053" start="21176">Cy3</span>
        </annotation>
        <annotation annotator="Mike Bada, University of Colorado Anschutz Medical Campus" id="CHEBI_2015_08_26_Instance_290160" type="identity">
            <class id="CHEBI:37989" label="Cy5 dye"/>
            <span end="21187" id="16504174-7055" start="21184">Cy5</span>
        </annotation>
        <graph-space id="Old Knowtator Relations"/>
    </document>
</knowtator-project>
