<?xml version="1.0" encoding="UTF-8" standalone="no"?>
<knowtator-project>
  <document id="16504143" text-file="16504143.txt">
    <annotation annotator="Mike Bada, University of Colorado Anschutz Medical Campus" id="CHEBI_2015_08_26_Instance_280078" type="identity">
      <class id="CHEBI:36357" label="polyatomic entity"/>
      <span end="230" id="16504143-6931" start="222">molecule</span>
    </annotation>
    <annotation annotator="Mike Bada, University of Colorado Anschutz Medical Campus" id="CHEBI_2015_08_26_Instance_28373" type="identity">
      <class id="CHEBI:15377" label="water"/>
      <span end="742" id="16504143-6957" start="737">water</span>
    </annotation>
    <annotation annotator="Mike Bada, University of Colorado Anschutz Medical Campus" id="CHEBI_2015_08_26_Instance_28375" type="identity">
      <class id="CHEBI:15377" label="water"/>
      <span end="853" id="16504143-6959" start="848">water</span>
    </annotation>
    <annotation annotator="Mike Bada, University of Colorado Anschutz Medical Campus" id="CHEBI_2015_08_26_Instance_28377" type="identity">
      <class id="CHEBI:15377" label="water"/>
      <span end="904" id="16504143-6961" start="899">water</span>
    </annotation>
    <annotation annotator="Mike Bada, University of Colorado Anschutz Medical Campus" id="CHEBI_2015_08_26_Instance_280080" type="identity">
      <class id="CHEBI:36357" label="polyatomic entity"/>
      <span end="1243" id="16504143-6933" start="1235">molecule</span>
    </annotation>
    <annotation annotator="Mike Bada, University of Colorado Anschutz Medical Campus" id="CHEBI_2015_08_26_Instance_280082" type="identity">
      <class id="CHEBI:36357" label="polyatomic entity"/>
      <span end="1706" id="16504143-6935" start="1697">molecules</span>
    </annotation>
    <annotation annotator="Mike Bada, University of Colorado Anschutz Medical Campus" id="CHEBI_2015_08_26_Instance_280086" type="identity">
      <class id="CHEBI:36357" label="polyatomic entity"/>
      <span end="2202" id="16504143-6937" start="2193">molecules</span>
    </annotation>
    <annotation annotator="Mike Bada, University of Colorado Anschutz Medical Campus" id="CHEBI_2015_08_26_Instance_280088" type="identity">
      <class id="CHEBI:62488" label="signalling molecule"/>
      <span end="3357" id="16504143-6939" start="3337">signalling molecules</span>
    </annotation>
    <annotation annotator="Mike Bada, University of Colorado Anschutz Medical Campus" id="CHEBI_2015_08_26_Instance_28379" type="identity">
      <class id="CHEBI:15377" label="water"/>
      <span end="6985" id="16504143-6963" start="6980">Water</span>
    </annotation>
    <annotation annotator="Mike Bada, University of Colorado Anschutz Medical Campus" id="CHEBI_2015_08_26_Instance_28381" type="identity">
      <class id="CHEBI:15377" label="water"/>
      <span end="7126" id="16504143-6965" start="7121">water</span>
    </annotation>
    <annotation annotator="Mike Bada, University of Colorado Anschutz Medical Campus" id="CHEBI_2015_08_26_Instance_28383" type="identity">
      <class id="CHEBI:15377" label="water"/>
      <span end="8686" id="16504143-6967" start="8681">water</span>
    </annotation>
    <annotation annotator="Mike Bada, University of Colorado Anschutz Medical Campus" id="CHEBI_2015_08_26_Instance_28385" type="identity">
      <class id="CHEBI:15377" label="water"/>
      <span end="11151" id="16504143-6969" start="11146">water</span>
    </annotation>
    <annotation annotator="Mike Bada, University of Colorado Anschutz Medical Campus" id="CHEBI_2015_08_26_Instance_28387" type="identity">
      <class id="CHEBI:15377" label="water"/>
      <span end="12823" id="16504143-6971" start="12818">water</span>
    </annotation>
    <annotation annotator="Mike Bada, University of Colorado Anschutz Medical Campus" id="CHEBI_2015_08_26_Instance_280092" type="identity">
      <class id="CHEBI:36357" label="polyatomic entity"/>
      <span end="15378" id="16504143-6941" start="15369">molecules</span>
    </annotation>
    <annotation annotator="Mike Bada, University of Colorado Anschutz Medical Campus" id="CHEBI_2015_08_26_Instance_280094" type="identity">
      <class id="CHEBI:36357" label="polyatomic entity"/>
      <span end="15417" id="16504143-6943" start="15409">molecule</span>
    </annotation>
    <annotation annotator="Mike Bada, University of Colorado Anschutz Medical Campus" id="CHEBI_2015_08_26_Instance_28389" type="identity">
      <class id="CHEBI:15377" label="water"/>
      <span end="17727" id="16504143-6973" start="17722">water</span>
    </annotation>
    <annotation annotator="Mike Bada, University of Colorado Anschutz Medical Campus" id="CHEBI_2015_08_26_Instance_280106" type="identity">
      <class id="CHEBI:60004" label="mixture"/>
      <span end="18146" id="16504143-6945" start="18143">mix</span>
    </annotation>
    <annotation annotator="Mike Bada, University of Colorado Anschutz Medical Campus" id="CHEBI_2015_08_26_Instance_24971" type="identity">
      <class id="CHEBI:37972" label="phosphorus-32 atom"/>
      <span end="19485" id="16504143-6921" start="19482">32P</span>
    </annotation>
    <annotation annotator="Mike Bada, University of Colorado Anschutz Medical Campus" id="CHEBI_2015_08_26_Instance_25143" type="identity">
      <class id="CHEBI:9754" label="tris"/>
      <span end="19824" id="16504143-6923" start="19820">Tris</span>
    </annotation>
    <annotation annotator="Mike Bada, University of Colorado Anschutz Medical Campus" id="CHEBI_2015_08_26_Instance_25439" type="identity">
      <class id="CHEBI:17883" label="hydrogen chloride"/>
      <span end="19828" id="16504143-6925" start="19825">HCl</span>
    </annotation>
    <annotation annotator="Mike Bada, University of Colorado Anschutz Medical Campus" id="CHEBI_2015_08_26_Instance_26307" type="identity">
      <class id="CHEBI:26710" label="sodium chloride"/>
      <span end="19849" id="16504143-6927" start="19845">NaCl</span>
    </annotation>
    <annotation annotator="Mike Bada, University of Colorado Anschutz Medical Campus" id="CHEBI_2015_08_26_Instance_280126" type="identity">
      <class id="CHEBI:63016" label="nonyl phenoxypolyethoxylethanol"/>
      <span end="19859" id="16504143-6947" start="19854">NP-40</span>
    </annotation>
    <annotation annotator="Mike Bada, University of Colorado Anschutz Medical Campus" id="CHEBI_2015_08_26_Instance_280128" type="identity">
      <class id="CHEBI:60004" label="mixture"/>
      <span end="19888" id="16504143-6949" start="19880">cocktail</span>
    </annotation>
    <annotation annotator="Mike Bada, University of Colorado Anschutz Medical Campus" id="CHEBI_2015_08_26_Instance_26595" type="identity">
      <class id="CHEBI:8984" label="sodium dodecyl sulfate"/>
      <span end="20144" id="16504143-6929" start="20141">SDS</span>
    </annotation>
    <annotation annotator="Mike Bada, University of Colorado Anschutz Medical Campus" id="CHEBI_2015_08_26_Instance_280130" type="identity">
      <class id="CHEBI:53250" label="poly(vinylene fluoride)"/>
      <span end="20176" id="16504143-6951" start="20172">PVDF</span>
    </annotation>
    <annotation annotator="Mike Bada, University of Colorado Anschutz Medical Campus" id="CHEBI_2015_08_26_Instance_28391" type="identity">
      <class id="CHEBI:15377" label="water"/>
      <span end="21333" id="16504143-6975" start="21328">Water</span>
    </annotation>
    <annotation annotator="Mike Bada, University of Colorado Anschutz Medical Campus" id="CHEBI_2015_08_26_Instance_28393" type="identity">
      <class id="CHEBI:15377" label="water"/>
      <span end="21412" id="16504143-6977" start="21407">water</span>
    </annotation>
    <annotation annotator="Mike Bada, University of Colorado Anschutz Medical Campus" id="CHEBI_2015_08_26_Instance_28395" type="identity">
      <class id="CHEBI:15377" label="water"/>
      <span end="21712" id="16504143-6979" start="21707">water</span>
    </annotation>
    <annotation annotator="Mike Bada, University of Colorado Anschutz Medical Campus" id="CHEBI_2015_08_26_Instance_28397" type="identity">
      <class id="CHEBI:15377" label="water"/>
      <span end="24974" id="16504143-6981" start="24969">water</span>
    </annotation>
    <annotation annotator="Mike Bada, University of Colorado Anschutz Medical Campus" id="CHEBI_2015_08_26_Instance_280138" type="identity">
      <class id="CHEBI:16842" label="formaldehyde"/>
      <span end="25368" id="16504143-6953" start="25360">formalin</span>
    </annotation>
    <annotation annotator="Mike Bada, University of Colorado Anschutz Medical Campus" id="CHEBI_2015_08_26_Instance_280140" type="identity">
      <class id="CHEBI:51686" label="haematoxylin"/>
      <span end="25459" id="16504143-6955" start="25448">hematoxylin</span>
    </annotation>
    <annotation annotator="Mike Bada, University of Colorado Anschutz Medical Campus" id="CHEBI_2015_08_26_Instance_28399" type="identity">
      <class id="CHEBI:15377" label="water"/>
      <span end="27679" id="16504143-6983" start="27674">water</span>
    </annotation>
    <annotation annotator="Mike Bada, University of Colorado Anschutz Medical Campus" id="CHEBI_2015_08_26_Instance_28401" type="identity">
      <class id="CHEBI:15377" label="water"/>
      <span end="27974" id="16504143-6985" start="27969">water</span>
    </annotation>
    <graph-space id="Old Knowtator Relations"/>
  </document>
</knowtator-project>
