<?xml version="1.0" encoding="UTF-8" standalone="no"?>
<knowtator-project>
  <document id="16507151" text-file="16507151.txt">
    <annotation annotator="Mike Bada, University of Colorado Anschutz Medical Campus" id="CHEBI_2015_08_26_Instance_290178" type="identity">
      <class id="CHEBI:50114" label="estrogen"/>
      <span end="3369" id="16507151-7081" start="3361">estrogen</span>
    </annotation>
    <annotation annotator="Mike Bada, University of Colorado Anschutz Medical Campus" id="CHEBI_2015_08_26_Instance_290180" type="identity">
      <class id="CHEBI:50114" label="estrogen"/>
      <span end="3461" id="16507151-7083" start="3453">estrogen</span>
    </annotation>
    <annotation annotator="Mike Bada, University of Colorado Anschutz Medical Campus" id="CHEBI_2015_08_26_Instance_26293" type="identity">
      <class id="CHEBI:33290" label="food"/>
      <span end="4742" id="16507151-7065" start="4738">chow</span>
    </annotation>
    <annotation annotator="Mike Bada, University of Colorado Anschutz Medical Campus" id="CHEBI_2015_08_26_Instance_23381" type="identity">
      <class id="CHEBI:33290" label="food"/>
      <span end="4781" id="16507151-7061" start="4777">food</span>
    </annotation>
    <annotation annotator="Mike Bada, University of Colorado Anschutz Medical Campus" id="CHEBI_2015_08_26_Instance_23383" type="identity">
      <class id="CHEBI:15377" label="water"/>
      <span end="4842" id="16507151-7063" start="4837">water</span>
    </annotation>
    <annotation annotator="Mike Bada, University of Colorado Anschutz Medical Campus" id="CHEBI_2015_08_26_Instance_27189" type="identity">
      <class id="CHEBI:15366" label="acetic acid"/>
      <span end="5856" id="16507151-7067" start="5845">acetic acid</span>
    </annotation>
    <annotation annotator="Mike Bada, University of Colorado Anschutz Medical Campus" id="CHEBI_2015_08_26_Instance_290188" type="identity">
      <class id="CHEBI:60809" label="adjuvant"/>
      <span end="5915" id="16507151-7085" start="5907">adjuvant</span>
    </annotation>
    <annotation annotator="Mike Bada, University of Colorado Anschutz Medical Campus" id="CHEBI_2015_08_26_Instance_27191" type="identity">
      <class id="CHEBI:15366" label="acetic acid"/>
      <span end="6028" id="16507151-7069" start="6017">acetic acid</span>
    </annotation>
    <annotation annotator="Mike Bada, University of Colorado Anschutz Medical Campus" id="CHEBI_2015_08_26_Instance_290190" type="identity">
      <class id="CHEBI:60809" label="adjuvant"/>
      <span end="6089" id="16507151-7087" start="6081">adjuvant</span>
    </annotation>
    <annotation annotator="Mike Bada, University of Colorado Anschutz Medical Campus" id="CHEBI_2015_08_26_Instance_27193" type="identity">
      <class id="CHEBI:32588" label="potassium chloride"/>
      <span end="7521" id="16507151-7071" start="7518">KCl</span>
    </annotation>
    <annotation annotator="Mike Bada, University of Colorado Anschutz Medical Campus" id="CHEBI_2015_08_26_Instance_27895" type="identity">
      <class id="CHEBI:9754" label="tris"/>
      <span end="7533" id="16507151-7073" start="7529">Tris</span>
    </annotation>
    <annotation annotator="Mike Bada, University of Colorado Anschutz Medical Campus" id="CHEBI_2015_08_26_Instance_27897" type="identity">
      <class id="CHEBI:17883" label="hydrogen chloride"/>
      <span end="7537" id="16507151-7075" start="7534">HCl</span>
    </annotation>
    <annotation annotator="Mike Bada, University of Colorado Anschutz Medical Campus" id="CHEBI_2015_08_26_Instance_290206" type="identity">
      <class id="CHEBI:62946" label="ammonium sulfate"/>
      <span end="7554" id="16507151-7089" start="7545">(NH4)2SO4</span>
    </annotation>
    <annotation annotator="Mike Bada, University of Colorado Anschutz Medical Campus" id="CHEBI_2015_08_26_Instance_27903" type="identity">
      <class id="CHEBI:6636" label="magnesium dichloride"/>
      <span end="7566" id="16507151-7077" start="7561">MgCl2</span>
    </annotation>
    <annotation annotator="Mike Bada, University of Colorado Anschutz Medical Campus" id="CHEBI_2015_08_26_Instance_290208" type="identity">
      <class id="CHEBI:9750" label="Triton X-100"/>
      <span end="7585" id="16507151-7091" start="7573">Triton X-100</span>
    </annotation>
    <annotation annotator="Mike Bada, University of Colorado Anschutz Medical Campus" id="CHEBI_2015_08_26_Instance_28073" type="identity">
      <class id="CHEBI:37396" label="proteoglycan"/>
      <span end="16194" id="16507151-7079" start="16182">proteoglycan</span>
    </annotation>
    <graph-space id="Old Knowtator Relations"/>
  </document>
</knowtator-project>
