<?xml version="1.0" encoding="UTF-8" standalone="no"?>
<knowtator-project>
  <document id="16539743" text-file="16539743.txt">
    <annotation annotator="Mike Bada, University of Colorado Anschutz Medical Campus" id="CHEBI_2015_08_26_Instance_320604" type="identity">
      <class id="CHEBI:36357" label="polyatomic entity"/>
      <span end="995" id="16539743-7185" start="987">molecule</span>
    </annotation>
    <annotation annotator="Mike Bada, University of Colorado Anschutz Medical Campus" id="CHEBI_2015_08_26_Instance_29033" type="identity">
      <class id="CHEBI:30212" label="photon"/>
      <span end="2738" id="16539743-7101" start="2732">photon</span>
    </annotation>
    <annotation annotator="Mike Bada, University of Colorado Anschutz Medical Campus" id="CHEBI_2015_08_26_Instance_320610" type="identity">
      <class id="CHEBI:16066" label="11-cis-retinal"/>
      <span end="2805" id="16539743-7187" start="2791">11-cis-retinal</span>
    </annotation>
    <annotation annotator="Mike Bada, University of Colorado Anschutz Medical Campus" id="CHEBI_2015_08_26_Instance_29035" type="identity">
      <class id="CHEBI:23240" label="chromophore"/>
      <span end="2820" id="16539743-7103" start="2809">chromophore</span>
    </annotation>
    <annotation annotator="Mike Bada, University of Colorado Anschutz Medical Campus" id="CHEBI_2015_08_26_Instance_320612" type="identity">
      <class id="CHEBI:36357" label="polyatomic entity"/>
      <span end="4625" id="16539743-7189" start="4616">molecules</span>
    </annotation>
    <annotation annotator="Mike Bada, University of Colorado Anschutz Medical Campus" id="CHEBI_2015_08_26_Instance_29037" type="identity">
      <class id="CHEBI:26130" label="biological pigment"/>
      <span end="4651" id="16539743-7105" start="4643">pigments</span>
    </annotation>
    <annotation annotator="Mike Bada, University of Colorado Anschutz Medical Campus" id="CHEBI_2015_08_26_Instance_29047" type="identity">
      <class id="CHEBI:18035" label="diglyceride"/>
      <span end="5581" id="16539743-7107" start="5567">diacylglycerol</span>
    </annotation>
    <annotation annotator="Mike Bada, University of Colorado Anschutz Medical Campus" id="CHEBI_2015_08_26_Instance_30709" type="identity">
      <class id="CHEBI:33839" label="macromolecule"/>
      <span end="6133" id="16539743-7177" start="6125">polymers</span>
    </annotation>
    <annotation annotator="Mike Bada, University of Colorado Anschutz Medical Campus" id="CHEBI_2015_08_26_Instance_30711" type="identity">
      <class id="CHEBI:33839" label="macromolecule"/>
      <span end="6178" id="16539743-7179" start="6169">polymeric</span>
    </annotation>
    <annotation annotator="Mike Bada, University of Colorado Anschutz Medical Campus" id="CHEBI_2015_08_26_Instance_330364" type="identity">
      <class id="CHEBI:26130" label="biological pigment"/>
      <span end="12275" id="16539743-7229" start="12268">pigment</span>
    </annotation>
    <annotation annotator="Mike Bada, University of Colorado Anschutz Medical Campus" id="CHEBI_2015_08_26_Instance_29019" type="identity">
      <class id="CHEBI:15377" label="water"/>
      <span end="15497" id="16539743-7095" start="15492">Water</span>
    </annotation>
    <annotation annotator="Mike Bada, University of Colorado Anschutz Medical Campus" id="CHEBI_2015_08_26_Instance_320716" type="identity">
      <class id="CHEBI:51231" label="DAPI"/>
      <span end="24863" id="16539743-7191" start="24859">DAPI</span>
    </annotation>
    <annotation annotator="Mike Bada, University of Colorado Anschutz Medical Campus" id="CHEBI_2015_08_26_Instance_320718" type="identity">
      <class id="CHEBI:51231" label="DAPI"/>
      <span end="25335" id="16539743-7193" start="25331">DAPI</span>
    </annotation>
    <annotation annotator="Mike Bada, University of Colorado Anschutz Medical Campus" id="CHEBI_2015_08_26_Instance_331346" type="identity">
      <class id="CHEBI:35224" label="effector"/>
      <span end="25938" id="16539743-7231" start="25930">effector</span>
    </annotation>
    <annotation annotator="Mike Bada, University of Colorado Anschutz Medical Campus" id="CHEBI_2015_08_26_Instance_331348" type="identity">
      <class id="CHEBI:35224" label="effector"/>
      <span end="30037" id="16539743-7233" start="30029">effector</span>
    </annotation>
    <annotation annotator="Mike Bada, University of Colorado Anschutz Medical Campus" id="CHEBI_2015_08_26_Instance_320778" type="identity">
      <class id="CHEBI:36357" label="polyatomic entity"/>
      <span end="32080" id="16539743-7195" start="32072">molecule</span>
    </annotation>
    <annotation annotator="Mike Bada, University of Colorado Anschutz Medical Campus" id="CHEBI_2015_08_26_Instance_30557" type="identity">
      <class id="CHEBI:33839" label="macromolecule"/>
      <span end="33462" id="16539743-7167" start="33453">polymeric</span>
    </annotation>
    <annotation annotator="Mike Bada, University of Colorado Anschutz Medical Campus" id="CHEBI_2015_08_26_Instance_30559" type="identity">
      <class id="CHEBI:33839" label="macromolecule"/>
      <span end="34139" id="16539743-7169" start="34130">polymeric</span>
    </annotation>
    <annotation annotator="Mike Bada, University of Colorado Anschutz Medical Campus" id="CHEBI_2015_08_26_Instance_320780" type="identity">
      <class id="CHEBI:36357" label="polyatomic entity"/>
      <span end="34261" id="16539743-7197" start="34252">molecules</span>
    </annotation>
    <annotation annotator="Mike Bada, University of Colorado Anschutz Medical Campus" id="CHEBI_2015_08_26_Instance_30561" type="identity">
      <class id="CHEBI:33839" label="macromolecule"/>
      <span end="34310" id="16539743-7171" start="34303">polymer</span>
    </annotation>
    <annotation annotator="Mike Bada, University of Colorado Anschutz Medical Campus" id="CHEBI_2015_08_26_Instance_30563" type="identity">
      <class id="CHEBI:33839" label="macromolecule"/>
      <span end="34623" id="16539743-7173" start="34616">polymer</span>
    </annotation>
    <annotation annotator="Mike Bada, University of Colorado Anschutz Medical Campus" id="CHEBI_2015_08_26_Instance_30565" type="identity">
      <class id="CHEBI:33839" label="macromolecule"/>
      <span end="34817" id="16539743-7175" start="34810">polymer</span>
    </annotation>
    <annotation annotator="Mike Bada, University of Colorado Anschutz Medical Campus" id="CHEBI_2015_08_26_Instance_31053" type="identity">
      <class id="CHEBI:33839" label="macromolecule"/>
      <span end="35042" id="16539743-7181" start="35035">polymer</span>
    </annotation>
    <annotation annotator="Mike Bada, University of Colorado Anschutz Medical Campus" id="CHEBI_2015_08_26_Instance_29373" type="identity">
      <class id="CHEBI:15358" label="histone"/>
      <span end="37500" id="16539743-7109" start="37493">histone</span>
    </annotation>
    <annotation annotator="Mike Bada, University of Colorado Anschutz Medical Campus" id="CHEBI_2015_08_26_Instance_29375" type="identity">
      <class id="CHEBI:15358" label="histone"/>
      <span end="37533" id="16539743-7111" start="37526">histone</span>
    </annotation>
    <annotation annotator="Mike Bada, University of Colorado Anschutz Medical Campus" id="CHEBI_2015_08_26_Instance_29377" type="identity">
      <class id="CHEBI:15358" label="histone"/>
      <span end="37581" id="16539743-7113" start="37574">histone</span>
    </annotation>
    <annotation annotator="Mike Bada, University of Colorado Anschutz Medical Campus" id="CHEBI_2015_08_26_Instance_29383" type="identity">
      <class id="CHEBI:15358" label="histone"/>
      <span end="37673" id="16539743-7115" start="37666">histone</span>
    </annotation>
    <annotation annotator="Mike Bada, University of Colorado Anschutz Medical Campus" id="CHEBI_2015_08_26_Instance_29385" type="identity">
      <class id="CHEBI:46024" label="trichostatin A"/>
      <span end="38155" id="16539743-7117" start="38141">trichostatin A</span>
    </annotation>
    <annotation annotator="Mike Bada, University of Colorado Anschutz Medical Campus" id="CHEBI_2015_08_26_Instance_320810" type="identity">
      <class id="CHEBI:36357" label="polyatomic entity"/>
      <span end="40379" id="16539743-7199" start="40371">molecule</span>
    </annotation>
    <annotation annotator="Mike Bada, University of Colorado Anschutz Medical Campus" id="CHEBI_2015_08_26_Instance_29399" type="identity">
      <class id="CHEBI:17334" label="penicillin"/>
      <span end="41836" id="16539743-7119" start="41826">penicillin</span>
    </annotation>
    <annotation annotator="Mike Bada, University of Colorado Anschutz Medical Campus" id="CHEBI_2015_08_26_Instance_29401" type="identity">
      <class id="CHEBI:17076" label="streptomycin"/>
      <span end="41863" id="16539743-7121" start="41851">streptomycin</span>
    </annotation>
    <annotation annotator="Mike Bada, University of Colorado Anschutz Medical Campus" id="CHEBI_2015_08_26_Instance_320822" type="identity">
      <class id="CHEBI:77635" label="calcium phosphate"/>
      <span end="41944" id="16539743-7201" start="41927">calcium phosphate</span>
    </annotation>
    <annotation annotator="Mike Bada, University of Colorado Anschutz Medical Campus" id="CHEBI_2015_08_26_Instance_29021" type="identity">
      <class id="CHEBI:33893" label="reagent"/>
      <span end="41983" id="16539743-7097" start="41976">reagent</span>
    </annotation>
    <annotation annotator="Mike Bada, University of Colorado Anschutz Medical Campus" id="CHEBI_2015_08_26_Instance_29415" type="identity">
      <class id="CHEBI:32139" label="sodium hydrogencarbonate"/>
      <span end="42141" id="16539743-7123" start="42123">sodium bicarbonate</span>
    </annotation>
    <annotation annotator="Mike Bada, University of Colorado Anschutz Medical Campus" id="CHEBI_2015_08_26_Instance_29421" type="identity">
      <class id="CHEBI:2511" label="agarose"/>
      <span end="42376" id="16539743-7125" start="42369">agarose</span>
    </annotation>
    <annotation annotator="Mike Bada, University of Colorado Anschutz Medical Campus" id="CHEBI_2015_08_26_Instance_29423" type="identity">
      <class id="CHEBI:16842" label="formaldehyde"/>
      <span end="42389" id="16539743-7127" start="42377">formaldehyde</span>
    </annotation>
    <annotation annotator="Mike Bada, University of Colorado Anschutz Medical Campus" id="CHEBI_2015_08_26_Instance_31291" type="identity">
      <class id="CHEBI:25614" label="nylons"/>
      <span end="42420" id="16539743-7183" start="42415">nylon</span>
    </annotation>
    <annotation annotator="Mike Bada, University of Colorado Anschutz Medical Campus" id="CHEBI_2015_08_26_Instance_32181" type="identity">
      <class id="CHEBI:24866" label="salt"/>
      <span end="42718" id="16539743-7227" start="42712">saline</span>
    </annotation>
    <annotation annotator="Mike Bada, University of Colorado Anschutz Medical Campus" id="CHEBI_2015_08_26_Instance_29429" type="identity">
      <class id="CHEBI:8984" label="sodium dodecyl sulfate"/>
      <span end="42754" id="16539743-7129" start="42732">sodium dodecyl sulfate</span>
    </annotation>
    <annotation annotator="Mike Bada, University of Colorado Anschutz Medical Campus" id="CHEBI_2015_08_26_Instance_29431" type="identity">
      <class id="CHEBI:8984" label="sodium dodecyl sulfate"/>
      <span end="42759" id="16539743-7131" start="42756">SDS</span>
    </annotation>
    <annotation annotator="Mike Bada, University of Colorado Anschutz Medical Campus" id="CHEBI_2015_08_26_Instance_320847" type="identity">
      <class id="CHEBI:75055" label="5-bromo-4-chloro-3-indolyl beta-D-galactoside"/>
      <span end="44029" id="16539743-7203" start="44024">X-gal</span>
    </annotation>
    <annotation annotator="Mike Bada, University of Colorado Anschutz Medical Campus" id="CHEBI_2015_08_26_Instance_320849" type="identity">
      <class id="CHEBI:75055" label="5-bromo-4-chloro-3-indolyl beta-D-galactoside"/>
      <span end="44052" id="16539743-7205" start="44047">X-gal</span>
    </annotation>
    <annotation annotator="Mike Bada, University of Colorado Anschutz Medical Campus" id="CHEBI_2015_08_26_Instance_320857" type="identity">
      <class id="CHEBI:75055" label="5-bromo-4-chloro-3-indolyl beta-D-galactoside"/>
      <span end="44352" id="16539743-7207" start="44347">X-gal</span>
    </annotation>
    <annotation annotator="Mike Bada, University of Colorado Anschutz Medical Campus" id="CHEBI_2015_08_26_Instance_320865" type="identity">
      <class id="CHEBI:77635" label="calcium phosphate"/>
      <span end="44941" id="16539743-7209" start="44924">calcium phosphate</span>
    </annotation>
    <annotation annotator="Mike Bada, University of Colorado Anschutz Medical Campus" id="CHEBI_2015_08_26_Instance_29455" type="identity">
      <class id="CHEBI:9754" label="tris"/>
      <span end="45052" id="16539743-7133" start="45048">Tris</span>
    </annotation>
    <annotation annotator="Mike Bada, University of Colorado Anschutz Medical Campus" id="CHEBI_2015_08_26_Instance_29457" type="identity">
      <class id="CHEBI:17883" label="hydrogen chloride"/>
      <span end="45056" id="16539743-7135" start="45053">HCl</span>
    </annotation>
    <annotation annotator="Mike Bada, University of Colorado Anschutz Medical Campus" id="CHEBI_2015_08_26_Instance_29463" type="identity">
      <class id="CHEBI:6636" label="magnesium dichloride"/>
      <span end="45088" id="16539743-7137" start="45083">MgCl2</span>
    </annotation>
    <annotation annotator="Mike Bada, University of Colorado Anschutz Medical Campus" id="CHEBI_2015_08_26_Instance_29465" type="identity">
      <class id="CHEBI:26710" label="sodium chloride"/>
      <span end="45101" id="16539743-7139" start="45097">NaCl</span>
    </annotation>
    <annotation annotator="Mike Bada, University of Colorado Anschutz Medical Campus" id="CHEBI_2015_08_26_Instance_29467" type="identity">
      <class id="CHEBI:8102" label="phenylmethanesulfonyl fluoride"/>
      <span end="45137" id="16539743-7141" start="45108">phenylmethylsulfonyl fluoride</span>
    </annotation>
    <annotation annotator="Mike Bada, University of Colorado Anschutz Medical Campus" id="CHEBI_2015_08_26_Instance_320869" type="identity">
      <class id="CHEBI:78708" label="Nonidet P-40"/>
      <span end="45161" id="16539743-7211" start="45149">Nonidet P-40</span>
    </annotation>
    <annotation annotator="Mike Bada, University of Colorado Anschutz Medical Campus" id="CHEBI_2015_08_26_Instance_29469" type="identity">
      <class id="CHEBI:17754" label="glycerol"/>
      <span end="45175" id="16539743-7143" start="45167">glycerol</span>
    </annotation>
    <annotation annotator="Mike Bada, University of Colorado Anschutz Medical Campus" id="CHEBI_2015_08_26_Instance_320873" type="identity">
      <class id="CHEBI:60004" label="mixture"/>
      <span end="45223" id="16539743-7213" start="45215">cocktail</span>
    </annotation>
    <annotation annotator="Mike Bada, University of Colorado Anschutz Medical Campus" id="CHEBI_2015_08_26_Instance_29473" type="identity">
      <class id="CHEBI:9754" label="tris"/>
      <span end="45627" id="16539743-7145" start="45623">Tris</span>
    </annotation>
    <annotation annotator="Mike Bada, University of Colorado Anschutz Medical Campus" id="CHEBI_2015_08_26_Instance_29479" type="identity">
      <class id="CHEBI:17883" label="hydrogen chloride"/>
      <span end="45631" id="16539743-7149" start="45628">HCl</span>
    </annotation>
    <annotation annotator="Mike Bada, University of Colorado Anschutz Medical Campus" id="CHEBI_2015_08_26_Instance_29481" type="identity">
      <class id="CHEBI:26710" label="sodium chloride"/>
      <span end="45653" id="16539743-7151" start="45649">NaCl</span>
    </annotation>
    <annotation annotator="Mike Bada, University of Colorado Anschutz Medical Campus" id="CHEBI_2015_08_26_Instance_29483" type="identity">
      <class id="CHEBI:6636" label="magnesium dichloride"/>
      <span end="45666" id="16539743-7153" start="45661">MgCl2</span>
    </annotation>
    <annotation annotator="Mike Bada, University of Colorado Anschutz Medical Campus" id="CHEBI_2015_08_26_Instance_29485" type="identity">
      <class id="CHEBI:8984" label="sodium dodecyl sulfate"/>
      <span end="45711" id="16539743-7155" start="45708">SDS</span>
    </annotation>
    <annotation annotator="Mike Bada, University of Colorado Anschutz Medical Campus" id="CHEBI_2015_08_26_Instance_29487" type="identity">
      <class id="CHEBI:8984" label="sodium dodecyl sulfate"/>
      <span end="45733" id="16539743-7157" start="45730">SDS</span>
    </annotation>
    <annotation annotator="Mike Bada, University of Colorado Anschutz Medical Campus" id="CHEBI_2015_08_26_Instance_29475" type="identity">
      <class id="CHEBI:9754" label="tris"/>
      <span end="45744" id="16539743-7147" start="45740">Tris</span>
    </annotation>
    <annotation annotator="Mike Bada, University of Colorado Anschutz Medical Campus" id="CHEBI_2015_08_26_Instance_29489" type="identity">
      <class id="CHEBI:18320" label="1,4-dithiothreitol"/>
      <span end="45764" id="16539743-7159" start="45761">DTT</span>
    </annotation>
    <annotation annotator="Mike Bada, University of Colorado Anschutz Medical Campus" id="CHEBI_2015_08_26_Instance_29491" type="identity">
      <class id="CHEBI:17754" label="glycerol"/>
      <span end="45777" id="16539743-7161" start="45769">glycerol</span>
    </annotation>
    <annotation annotator="Mike Bada, University of Colorado Anschutz Medical Campus" id="CHEBI_2015_08_26_Instance_320875" type="identity">
      <class id="CHEBI:8682" label="Pyronine Y"/>
      <span end="45795" id="16539743-7215" start="45785">pyronine Y</span>
    </annotation>
    <annotation annotator="Mike Bada, University of Colorado Anschutz Medical Campus" id="CHEBI_2015_08_26_Instance_29493" type="identity">
      <class id="CHEBI:8984" label="sodium dodecyl sulfate"/>
      <span end="45858" id="16539743-7163" start="45836">sodium dodecyl sulfate</span>
    </annotation>
    <annotation annotator="Mike Bada, University of Colorado Anschutz Medical Campus" id="CHEBI_2015_08_26_Instance_29495" type="identity">
      <class id="CHEBI:8984" label="sodium dodecyl sulfate"/>
      <span end="45898" id="16539743-7165" start="45895">SDS</span>
    </annotation>
    <annotation annotator="Mike Bada, University of Colorado Anschutz Medical Campus" id="CHEBI_2015_08_26_Instance_320879" type="identity">
      <class id="CHEBI:53325" label="nitrocellulose"/>
      <span end="45942" id="16539743-7217" start="45928">nitrocellulose</span>
    </annotation>
    <annotation annotator="Mike Bada, University of Colorado Anschutz Medical Campus" id="CHEBI_2015_08_26_Instance_320887" type="identity">
      <class id="CHEBI:9750" label="Triton X-100"/>
      <span end="46602" id="16539743-7219" start="46590">Triton X-100</span>
    </annotation>
    <annotation annotator="Mike Bada, University of Colorado Anschutz Medical Campus" id="CHEBI_2015_08_26_Instance_320889" type="identity">
      <class id="CHEBI:37987" label="Cy3 dye"/>
      <span end="46908" id="16539743-7221" start="46905">Cy3</span>
    </annotation>
    <annotation annotator="Mike Bada, University of Colorado Anschutz Medical Campus" id="CHEBI_2015_08_26_Instance_320897" type="identity">
      <class id="CHEBI:35224" label="effector"/>
      <span end="48261" id="16539743-7223" start="48253">effector</span>
    </annotation>
    <annotation annotator="Mike Bada, University of Colorado Anschutz Medical Campus" id="CHEBI_2015_08_26_Instance_29023" type="identity">
      <class id="CHEBI:33893" label="reagent"/>
      <span end="48642" id="16539743-7099" start="48635">reagent</span>
    </annotation>
    <annotation annotator="Mike Bada, University of Colorado Anschutz Medical Campus" id="CHEBI_2015_08_26_Instance_320905" type="identity">
      <class id="CHEBI:60311" label="thyroid hormone"/>
      <span end="48811" id="16539743-7225" start="48796">thyroid hormone</span>
    </annotation>
    <graph-space id="Old Knowtator Relations"/>
  </document>
</knowtator-project>
