<?xml version="1.0" encoding="UTF-8" standalone="no"?>
<knowtator-project>
    <document id="16628246" text-file="16628246.txt">
        <annotation annotator="Mike Bada, University of Colorado Anschutz Medical Campus" id="CHEBI_2015_08_26_Instance_30411" type="identity">
            <class id="CHEBI:5386" label="globin"/>
            <span end="3105" id="16628246-7455" start="3099">globin</span>
        </annotation>
        <annotation annotator="Mike Bada, University of Colorado Anschutz Medical Campus" id="CHEBI_2015_08_26_Instance_30397" type="identity">
            <class id="CHEBI:5386" label="globin"/>
            <span end="3158" id="16628246-7449" start="3152">globin</span>
        </annotation>
        <annotation annotator="Mike Bada, University of Colorado Anschutz Medical Campus" id="CHEBI_2015_08_26_Instance_30407" type="identity">
            <class id="CHEBI:5386" label="globin"/>
            <span end="5412" id="16628246-7451" start="5406">globin</span>
        </annotation>
        <annotation annotator="Mike Bada, University of Colorado Anschutz Medical Campus" id="CHEBI_2015_08_26_Instance_321429" type="identity">
            <class id="CHEBI:472552" label="5-bromo-2'-deoxyuridine"/>
            <span end="9826" id="16628246-7483" start="9809">bromodeoxyuridine</span>
        </annotation>
        <annotation annotator="Mike Bada, University of Colorado Anschutz Medical Campus" id="CHEBI_2015_08_26_Instance_321431" type="identity">
            <class id="CHEBI:472552" label="5-bromo-2'-deoxyuridine"/>
            <span end="9832" id="16628246-7485" start="9828">BrdU</span>
        </annotation>
        <annotation annotator="Mike Bada, University of Colorado Anschutz Medical Campus" id="CHEBI_2015_08_26_Instance_30413" type="identity">
            <class id="CHEBI:15358" label="histone"/>
            <span end="10202" id="16628246-7457" start="10195">histone</span>
        </annotation>
        <annotation annotator="Mike Bada, University of Colorado Anschutz Medical Campus" id="CHEBI_2015_08_26_Instance_321445" type="identity">
            <class id="CHEBI:51686" label="haematoxylin"/>
            <span end="15515" id="16628246-7487" start="15503">haematoxylin</span>
        </annotation>
        <annotation annotator="Mike Bada, University of Colorado Anschutz Medical Campus" id="CHEBI_2015_08_26_Instance_30417" type="identity">
            <class id="CHEBI:15358" label="histone"/>
            <span end="18469" id="16628246-7459" start="18462">histone</span>
        </annotation>
        <annotation annotator="Mike Bada, University of Colorado Anschutz Medical Campus" id="CHEBI_2015_08_26_Instance_321455" type="identity">
            <class id="CHEBI:81588" label="Placental lactogen"/>
            <span end="20023" id="16628246-7489" start="20005">placental lactogen</span>
        </annotation>
        <annotation annotator="Mike Bada, University of Colorado Anschutz Medical Campus" id="CHEBI_2015_08_26_Instance_321461" type="identity">
            <class id="CHEBI:81588" label="Placental lactogen"/>
            <span end="20029" id="16628246-7493" start="20027">Pl</span>
        </annotation>
        <annotation annotator="Mike Bada, University of Colorado Anschutz Medical Campus" id="CHEBI_2015_08_26_Instance_321465" type="identity">
            <class id="CHEBI:81588" label="Placental lactogen"/>
            <span end="20094" id="16628246-7497" start="20092">Pl</span>
        </annotation>
        <annotation annotator="Mike Bada, University of Colorado Anschutz Medical Campus" id="CHEBI_2015_08_26_Instance_321463" type="identity">
            <class id="CHEBI:81588" label="Placental lactogen"/>
            <span end="20300" id="16628246-7495" start="20298">Pl</span>
        </annotation>
        <annotation annotator="Mike Bada, University of Colorado Anschutz Medical Campus" id="CHEBI_2015_08_26_Instance_321459" type="identity">
            <class id="CHEBI:81588" label="Placental lactogen"/>
            <span end="20600" id="16628246-7491" start="20598">Pl</span>
        </annotation>
        <annotation annotator="Mike Bada, University of Colorado Anschutz Medical Campus" id="CHEBI_2015_08_26_Instance_21311" type="identity">
            <class id="CHEBI:22695" label="base"/>
            <span end="32563" id="16628246-7447" start="32558">basic</span>
        </annotation>
        <annotation annotator="Mike Bada, University of Colorado Anschutz Medical Campus" id="CHEBI_2015_08_26_Instance_30409" type="identity">
            <class id="CHEBI:5386" label="globin"/>
            <span end="34102" id="16628246-7453" start="34096">globin</span>
        </annotation>
        <annotation annotator="Mike Bada, University of Colorado Anschutz Medical Campus" id="CHEBI_2015_08_26_Instance_321469" type="identity">
            <class id="CHEBI:14314" label="D-glucose 6-phosphate"/>
            <span end="35521" id="16628246-7499" start="35502">glucose 6-phosphate</span>
        </annotation>
        <annotation annotator="Mike Bada, University of Colorado Anschutz Medical Campus" id="CHEBI_2015_08_26_Instance_321475" type="identity">
            <class id="CHEBI:42768" label="geneticin"/>
            <span end="40632" id="16628246-7503" start="40628">G418</span>
        </annotation>
        <annotation annotator="Mike Bada, University of Colorado Anschutz Medical Campus" id="CHEBI_2015_08_26_Instance_321473" type="identity">
            <class id="CHEBI:465284" label="ganciclovir"/>
            <span end="40648" id="16628246-7501" start="40637">ganciclovir</span>
        </annotation>
        <annotation annotator="Mike Bada, University of Colorado Anschutz Medical Campus" id="CHEBI_2015_08_26_Instance_321489" type="identity">
            <class id="CHEBI:42768" label="geneticin"/>
            <span end="41607" id="16628246-7505" start="41603">G418</span>
        </annotation>
        <annotation annotator="Mike Bada, University of Colorado Anschutz Medical Campus" id="CHEBI_2015_08_26_Instance_30423" type="identity">
            <class id="CHEBI:33893" label="reagent"/>
            <span end="42016" id="16628246-7461" start="42009">Reagent</span>
        </annotation>
        <annotation annotator="Mike Bada, University of Colorado Anschutz Medical Campus" id="CHEBI_2015_08_26_Instance_30425" type="identity">
            <class id="CHEBI:16236" label="ethanol"/>
            <span end="44420" id="16628246-7463" start="44413">ethanol</span>
        </annotation>
        <annotation annotator="Mike Bada, University of Colorado Anschutz Medical Campus" id="CHEBI_2015_08_26_Instance_30427" type="identity">
            <class id="CHEBI:27338" label="xylene"/>
            <span end="44438" id="16628246-7465" start="44432">xylene</span>
        </annotation>
        <annotation annotator="Mike Bada, University of Colorado Anschutz Medical Campus" id="CHEBI_2015_08_26_Instance_321533" type="identity">
            <class id="CHEBI:81588" label="Placental lactogen"/>
            <span end="44798" id="16628246-7507" start="44780">Placental lactogen</span>
        </annotation>
        <annotation annotator="Mike Bada, University of Colorado Anschutz Medical Campus" id="CHEBI_2015_08_26_Instance_30429" type="identity">
            <class id="CHEBI:32958" label="phosphate group"/>
            <span end="44882" id="16628246-7467" start="44875">phospho</span>
        </annotation>
        <annotation annotator="Mike Bada, University of Colorado Anschutz Medical Campus" id="CHEBI_2015_08_26_Instance_30431" type="identity">
            <class id="CHEBI:15358" label="histone"/>
            <span end="44898" id="16628246-7469" start="44891">histone</span>
        </annotation>
        <annotation annotator="Mike Bada, University of Colorado Anschutz Medical Campus" id="CHEBI_2015_08_26_Instance_321535" type="identity">
            <class id="CHEBI:51686" label="haematoxylin"/>
            <span end="45041" id="16628246-7509" start="45029">haematoxylin</span>
        </annotation>
        <annotation annotator="Mike Bada, University of Colorado Anschutz Medical Campus" id="CHEBI_2015_08_26_Instance_321537" type="identity">
            <class id="CHEBI:51231" label="DAPI"/>
            <span end="45275" id="16628246-7511" start="45271">DAPI</span>
        </annotation>
        <annotation annotator="Mike Bada, University of Colorado Anschutz Medical Campus" id="CHEBI_2015_08_26_Instance_321541" type="identity">
            <class id="CHEBI:81588" label="Placental lactogen"/>
            <span end="45660" id="16628246-7513" start="45642">placental lactogen</span>
        </annotation>
        <annotation annotator="Mike Bada, University of Colorado Anschutz Medical Campus" id="CHEBI_2015_08_26_Instance_321543" type="identity">
            <class id="CHEBI:81588" label="Placental lactogen"/>
            <span end="45666" id="16628246-7515" start="45664">Pl</span>
        </annotation>
        <annotation annotator="Mike Bada, University of Colorado Anschutz Medical Campus" id="CHEBI_2015_08_26_Instance_321549" type="identity">
            <class id="CHEBI:472552" label="5-bromo-2'-deoxyuridine"/>
            <span end="46405" id="16628246-7517" start="46401">BrdU</span>
        </annotation>
        <annotation annotator="Mike Bada, University of Colorado Anschutz Medical Campus" id="CHEBI_2015_08_26_Instance_321551" type="identity">
            <class id="CHEBI:472552" label="5-bromo-2'-deoxyuridine"/>
            <span end="46516" id="16628246-7519" start="46512">BrdU</span>
        </annotation>
        <annotation annotator="Mike Bada, University of Colorado Anschutz Medical Campus" id="CHEBI_2015_08_26_Instance_30437" type="identity">
            <class id="CHEBI:37926" label="fluorescein isothiocyanate"/>
            <span end="46521" id="16628246-7473" start="46517">FITC</span>
        </annotation>
        <annotation annotator="Mike Bada, University of Colorado Anschutz Medical Campus" id="CHEBI_2015_08_26_Instance_321553" type="identity">
            <class id="CHEBI:51240" label="propidium iodide"/>
            <span end="46574" id="16628246-7521" start="46558">propidium iodide</span>
        </annotation>
        <annotation annotator="Mike Bada, University of Colorado Anschutz Medical Campus" id="CHEBI_2015_08_26_Instance_321555" type="identity">
            <class id="CHEBI:472552" label="5-bromo-2'-deoxyuridine"/>
            <span end="46650" id="16628246-7523" start="46646">BrdU</span>
        </annotation>
        <annotation annotator="Mike Bada, University of Colorado Anschutz Medical Campus" id="CHEBI_2015_08_26_Instance_321557" type="identity">
            <class id="CHEBI:472552" label="5-bromo-2'-deoxyuridine"/>
            <span end="46674" id="16628246-7525" start="46670">BrdU</span>
        </annotation>
        <annotation annotator="Mike Bada, University of Colorado Anschutz Medical Campus" id="CHEBI_2015_08_26_Instance_321559" type="identity">
            <class id="CHEBI:472552" label="5-bromo-2'-deoxyuridine"/>
            <span end="46711" id="16628246-7527" start="46707">BrdU</span>
        </annotation>
        <annotation annotator="Mike Bada, University of Colorado Anschutz Medical Campus" id="CHEBI_2015_08_26_Instance_30435" type="identity">
            <class id="CHEBI:15358" label="histone"/>
            <span end="47070" id="16628246-7471" start="47063">histone</span>
        </annotation>
        <annotation annotator="Mike Bada, University of Colorado Anschutz Medical Campus" id="CHEBI_2015_08_26_Instance_30439" type="identity">
            <class id="CHEBI:37926" label="fluorescein isothiocyanate"/>
            <span end="47079" id="16628246-7475" start="47075">FITC</span>
        </annotation>
        <annotation annotator="Mike Bada, University of Colorado Anschutz Medical Campus" id="CHEBI_2015_08_26_Instance_321563" type="identity">
            <class id="CHEBI:51240" label="propidium iodide"/>
            <span end="47132" id="16628246-7529" start="47116">propidium iodide</span>
        </annotation>
        <annotation annotator="Mike Bada, University of Colorado Anschutz Medical Campus" id="CHEBI_2015_08_26_Instance_331710" type="identity">
            <class id="CHEBI:37926" label="fluorescein isothiocyanate"/>
            <span end="47546" id="16628246-7553" start="47542">FITC</span>
        </annotation>
        <annotation annotator="Mike Bada, University of Colorado Anschutz Medical Campus" id="CHEBI_2015_08_26_Instance_321565" type="identity">
            <class id="CHEBI:51240" label="propidium iodide"/>
            <span end="47595" id="16628246-7531" start="47579">propidium iodide</span>
        </annotation>
        <annotation annotator="Mike Bada, University of Colorado Anschutz Medical Campus" id="CHEBI_2015_08_26_Instance_321583" type="identity">
            <class id="CHEBI:51686" label="haematoxylin"/>
            <span end="49591" id="16628246-7533" start="49579">haematoxylin</span>
        </annotation>
        <annotation annotator="Mike Bada, University of Colorado Anschutz Medical Campus" id="CHEBI_2015_08_26_Instance_321597" type="identity">
            <class id="CHEBI:472552" label="5-bromo-2'-deoxyuridine"/>
            <span end="51261" id="16628246-7535" start="51257">BrdU</span>
        </annotation>
        <annotation annotator="Mike Bada, University of Colorado Anschutz Medical Campus" id="CHEBI_2015_08_26_Instance_321599" type="identity">
            <class id="CHEBI:472552" label="5-bromo-2'-deoxyuridine"/>
            <span end="51281" id="16628246-7537" start="51264">bromodeoxyuridine</span>
        </annotation>
        <annotation annotator="Mike Bada, University of Colorado Anschutz Medical Campus" id="CHEBI_2015_08_26_Instance_321689" type="identity">
            <class id="CHEBI:75055" label="5-bromo-4-chloro-3-indolyl beta-D-galactoside"/>
            <span end="56628" id="16628246-7539" start="56623">X-gal</span>
        </annotation>
        <annotation annotator="Mike Bada, University of Colorado Anschutz Medical Campus" id="CHEBI_2015_08_26_Instance_321691" type="identity">
            <class id="CHEBI:51686" label="haematoxylin"/>
            <span end="57560" id="16628246-7541" start="57548">haematoxylin</span>
        </annotation>
        <annotation annotator="Mike Bada, University of Colorado Anschutz Medical Campus" id="CHEBI_2015_08_26_Instance_30453" type="identity">
            <class id="CHEBI:31624" label="fluorescein"/>
            <span end="58498" id="16628246-7477" start="58487">fluorescein</span>
        </annotation>
        <annotation annotator="Mike Bada, University of Colorado Anschutz Medical Campus" id="CHEBI_2015_08_26_Instance_321699" type="identity">
            <class id="CHEBI:51231" label="DAPI"/>
            <span end="58543" id="16628246-7543" start="58539">DAPI</span>
        </annotation>
        <annotation annotator="Mike Bada, University of Colorado Anschutz Medical Campus" id="CHEBI_2015_08_26_Instance_30455" type="identity">
            <class id="CHEBI:15358" label="histone"/>
            <span end="58696" id="16628246-7479" start="58689">histone</span>
        </annotation>
        <annotation annotator="Mike Bada, University of Colorado Anschutz Medical Campus" id="CHEBI_2015_08_26_Instance_321703" type="identity">
            <class id="CHEBI:51686" label="haematoxylin"/>
            <span end="58747" id="16628246-7545" start="58735">haematoxylin</span>
        </annotation>
        <annotation annotator="Mike Bada, University of Colorado Anschutz Medical Campus" id="CHEBI_2015_08_26_Instance_321707" type="identity">
            <class id="CHEBI:81588" label="Placental lactogen"/>
            <span end="59704" id="16628246-7547" start="59702">Pl</span>
        </annotation>
        <annotation annotator="Mike Bada, University of Colorado Anschutz Medical Campus" id="CHEBI_2015_08_26_Instance_321713" type="identity">
            <class id="CHEBI:81588" label="Placental lactogen"/>
            <span end="59957" id="16628246-7549" start="59955">Pl</span>
        </annotation>
        <annotation annotator="Mike Bada, University of Colorado Anschutz Medical Campus" id="CHEBI_2015_08_26_Instance_321715" type="identity">
            <class id="CHEBI:81588" label="Placental lactogen"/>
            <span end="60083" id="16628246-7551" start="60081">Pl</span>
        </annotation>
        <annotation annotator="Mike Bada, University of Colorado Anschutz Medical Campus" id="CHEBI_2015_08_26_Instance_30457" type="identity">
            <class id="CHEBI:33893" label="reagent"/>
            <span end="61524" id="16628246-7481" start="61516">reagents</span>
        </annotation>
        <graph-space id="Old Knowtator Relations"/>
    </document>
</knowtator-project>
