<?xml version="1.0" encoding="UTF-8" standalone="no"?>
<knowtator-project>
  <document id="17022820" text-file="17022820.txt">
    <annotation annotator="Mike Bada, University of Colorado Anschutz Medical Campus" id="CHEBI_2015_08_26_Instance_27873" type="identity">
      <class id="CHEBI:30808" label="iron trichloride"/>
      <span end="876" id="17022820-7909" start="861">ferric chloride</span>
    </annotation>
    <annotation annotator="Mike Bada, University of Colorado Anschutz Medical Campus" id="CHEBI_2015_08_26_Instance_322933" type="identity">
      <class id="CHEBI:12071" label="5,10-methylenetetrahydrofolate(2-)"/>
      <span end="3301" id="17022820-7953" start="3276">methylenetetrahydrofalate</span>
    </annotation>
    <annotation annotator="Mike Bada, University of Colorado Anschutz Medical Campus" id="CHEBI_2015_08_26_Instance_30273" type="identity">
      <class id="CHEBI:16480" label="nitric oxide"/>
      <span end="3337" id="17022820-7911" start="3325">nitric oxide</span>
    </annotation>
    <annotation annotator="Mike Bada, University of Colorado Anschutz Medical Campus" id="CHEBI_2015_08_26_Instance_322941" type="identity">
      <class id="CHEBI:36357" label="polyatomic entity"/>
      <span end="3818" id="17022820-7955" start="3809">molecules</span>
    </annotation>
    <annotation annotator="Mike Bada, University of Colorado Anschutz Medical Campus" id="CHEBI_2015_08_26_Instance_30569" type="identity">
      <class id="CHEBI:15889" label="sterol"/>
      <span end="6086" id="17022820-7913" start="6079">sterols</span>
    </annotation>
    <annotation annotator="Mike Bada, University of Colorado Anschutz Medical Campus" id="CHEBI_2015_08_26_Instance_30577" type="identity">
      <class id="CHEBI:30808" label="iron trichloride"/>
      <span end="6349" id="17022820-7915" start="6334">ferric chloride</span>
    </annotation>
    <annotation annotator="Mike Bada, University of Colorado Anschutz Medical Campus" id="CHEBI_2015_08_26_Instance_322951" type="identity">
      <class id="CHEBI:35222" label="inhibitor"/>
      <span end="7075" id="17022820-7957" start="7066">inhibitor</span>
    </annotation>
    <annotation annotator="Mike Bada, University of Colorado Anschutz Medical Campus" id="CHEBI_2015_08_26_Instance_30579" type="identity">
      <class id="CHEBI:33290" label="food"/>
      <span end="7944" id="17022820-7917" start="7940">food</span>
    </annotation>
    <annotation annotator="Mike Bada, University of Colorado Anschutz Medical Campus" id="CHEBI_2015_08_26_Instance_30581" type="identity">
      <class id="CHEBI:15377" label="water"/>
      <span end="7954" id="17022820-7919" start="7949">water</span>
    </annotation>
    <annotation annotator="Mike Bada, University of Colorado Anschutz Medical Campus" id="CHEBI_2015_08_26_Instance_30583" type="identity">
      <class id="CHEBI:30808" label="iron trichloride"/>
      <span end="8372" id="17022820-7921" start="8357">ferric chloride</span>
    </annotation>
    <annotation annotator="Mike Bada, University of Colorado Anschutz Medical Campus" id="CHEBI_2015_08_26_Instance_31055" type="identity">
      <class id="CHEBI:30808" label="iron trichloride"/>
      <span end="8379" id="17022820-7923" start="8374">FeCl3</span>
    </annotation>
    <annotation annotator="Mike Bada, University of Colorado Anschutz Medical Campus" id="CHEBI_2015_08_26_Instance_322953" type="identity">
      <class id="CHEBI:6121" label="ketamine"/>
      <span end="8462" id="17022820-7959" start="8454">ketamine</span>
    </annotation>
    <annotation annotator="Mike Bada, University of Colorado Anschutz Medical Campus" id="CHEBI_2015_08_26_Instance_31057" type="identity">
      <class id="CHEBI:30808" label="iron trichloride"/>
      <span end="8771" id="17022820-7925" start="8766">FeCl3</span>
    </annotation>
    <annotation annotator="Mike Bada, University of Colorado Anschutz Medical Campus" id="CHEBI_2015_08_26_Instance_330808" type="identity">
      <class id="CHEBI:75958" label="solution"/>
      <span end="8780" id="17022820-8013" start="8772">solution</span>
    </annotation>
    <annotation annotator="Mike Bada, University of Colorado Anschutz Medical Campus" id="CHEBI_2015_08_26_Instance_31059" type="identity">
      <class id="CHEBI:30808" label="iron trichloride"/>
      <span end="8901" id="17022820-7927" start="8896">FeCl3</span>
    </annotation>
    <annotation annotator="Mike Bada, University of Colorado Anschutz Medical Campus" id="CHEBI_2015_08_26_Instance_322957" type="identity">
      <class id="CHEBI:75958" label="solution"/>
      <span end="8910" id="17022820-7961" start="8902">solution</span>
    </annotation>
    <annotation annotator="Mike Bada, University of Colorado Anschutz Medical Campus" id="CHEBI_2015_08_26_Instance_322959" type="identity">
      <class id="CHEBI:6121" label="ketamine"/>
      <span end="9407" id="17022820-7963" start="9399">ketamine</span>
    </annotation>
    <annotation annotator="Mike Bada, University of Colorado Anschutz Medical Campus" id="CHEBI_2015_08_26_Instance_31079" type="identity">
      <class id="CHEBI:15377" label="water"/>
      <span end="9504" id="17022820-7947" start="9499">water</span>
    </annotation>
    <annotation annotator="Mike Bada, University of Colorado Anschutz Medical Campus" id="CHEBI_2015_08_26_Instance_322967" type="identity">
      <class id="CHEBI:6015" label="isoflurane"/>
      <span end="9997" id="17022820-7965" start="9987">Isoflurane</span>
    </annotation>
    <annotation annotator="Mike Bada, University of Colorado Anschutz Medical Campus" id="CHEBI_2015_08_26_Instance_31081" type="identity">
      <class id="CHEBI:33893" label="reagent"/>
      <span end="10118" id="17022820-7949" start="10111">reagent</span>
    </annotation>
    <annotation annotator="Mike Bada, University of Colorado Anschutz Medical Campus" id="CHEBI_2015_08_26_Instance_322973" type="identity">
      <class id="CHEBI:59132" label="antigen"/>
      <span end="10398" id="17022820-7967" start="10391">antigen</span>
    </annotation>
    <annotation annotator="Mike Bada, University of Colorado Anschutz Medical Campus" id="CHEBI_2015_08_26_Instance_322975" type="identity">
      <class id="CHEBI:75050" label="chromogenic compound"/>
      <span end="10625" id="17022820-7969" start="10614">chromogenic</span>
    </annotation>
    <annotation annotator="Mike Bada, University of Colorado Anschutz Medical Campus" id="CHEBI_2015_08_26_Instance_322977" type="identity">
      <class id="CHEBI:5054" label="Fibrin"/>
      <span end="10687" id="17022820-7971" start="10681">fibrin</span>
    </annotation>
    <annotation annotator="Mike Bada, University of Colorado Anschutz Medical Campus" id="CHEBI_2015_08_26_Instance_31061" type="identity">
      <class id="CHEBI:30808" label="iron trichloride"/>
      <span end="12296" id="17022820-7929" start="12291">FeCl3</span>
    </annotation>
    <annotation annotator="Mike Bada, University of Colorado Anschutz Medical Campus" id="CHEBI_2015_08_26_Instance_31063" type="identity">
      <class id="CHEBI:30808" label="iron trichloride"/>
      <span end="12675" id="17022820-7931" start="12670">FeCl3</span>
    </annotation>
    <annotation annotator="Mike Bada, University of Colorado Anschutz Medical Campus" id="CHEBI_2015_08_26_Instance_31065" type="identity">
      <class id="CHEBI:30808" label="iron trichloride"/>
      <span end="13000" id="17022820-7933" start="12995">FeCl3</span>
    </annotation>
    <annotation annotator="Mike Bada, University of Colorado Anschutz Medical Campus" id="CHEBI_2015_08_26_Instance_31077" type="identity">
      <class id="CHEBI:30808" label="iron trichloride"/>
      <span end="13902" id="17022820-7945" start="13887">ferric chloride</span>
    </annotation>
    <annotation annotator="Mike Bada, University of Colorado Anschutz Medical Campus" id="CHEBI_2015_08_26_Instance_322989" type="identity">
      <class id="CHEBI:9574" label="Thrombin"/>
      <span end="17469" id="17022820-7973" start="17461">thrombin</span>
    </annotation>
    <annotation annotator="Mike Bada, University of Colorado Anschutz Medical Campus" id="CHEBI_2015_08_26_Instance_322991" type="identity">
      <class id="CHEBI:5054" label="Fibrin"/>
      <span end="17491" id="17022820-7975" start="17485">fibrin</span>
    </annotation>
    <annotation annotator="Mike Bada, University of Colorado Anschutz Medical Campus" id="CHEBI_2015_08_26_Instance_31083" type="identity">
      <class id="CHEBI:8984" label="sodium dodecyl sulfate"/>
      <span end="18599" id="17022820-7951" start="18596">SDS</span>
    </annotation>
    <annotation annotator="Mike Bada, University of Colorado Anschutz Medical Campus" id="CHEBI_2015_08_26_Instance_322993" type="identity">
      <class id="CHEBI:51686" label="haematoxylin"/>
      <span end="19378" id="17022820-7977" start="19367">Hematoxylin</span>
    </annotation>
    <annotation annotator="Mike Bada, University of Colorado Anschutz Medical Campus" id="CHEBI_2015_08_26_Instance_322997" type="identity">
      <class id="CHEBI:51686" label="haematoxylin"/>
      <span end="19583" id="17022820-7979" start="19572">Hematoxylin</span>
    </annotation>
    <annotation annotator="Mike Bada, University of Colorado Anschutz Medical Campus" id="CHEBI_2015_08_26_Instance_323011" type="identity">
      <class id="CHEBI:51686" label="haematoxylin"/>
      <span end="20195" id="17022820-7981" start="20184">Hematoxylin</span>
    </annotation>
    <annotation annotator="Mike Bada, University of Colorado Anschutz Medical Campus" id="CHEBI_2015_08_26_Instance_323015" type="identity">
      <class id="CHEBI:51686" label="haematoxylin"/>
      <span end="20282" id="17022820-7983" start="20271">hematoxylin</span>
    </annotation>
    <annotation annotator="Mike Bada, University of Colorado Anschutz Medical Campus" id="CHEBI_2015_08_26_Instance_330636" type="identity">
      <class id="CHEBI:59132" label="antigen"/>
      <span end="23715" id="17022820-8011" start="23708">antigen</span>
    </annotation>
    <annotation annotator="Mike Bada, University of Colorado Anschutz Medical Campus" id="CHEBI_2015_08_26_Instance_323023" type="identity">
      <class id="CHEBI:59132" label="antigen"/>
      <span end="23901" id="17022820-7985" start="23894">antigen</span>
    </annotation>
    <annotation annotator="Mike Bada, University of Colorado Anschutz Medical Campus" id="CHEBI_2015_08_26_Instance_323025" type="identity">
      <class id="CHEBI:59132" label="antigen"/>
      <span end="24029" id="17022820-7987" start="24022">antigen</span>
    </annotation>
    <annotation annotator="Mike Bada, University of Colorado Anschutz Medical Campus" id="CHEBI_2015_08_26_Instance_323027" type="identity">
      <class id="CHEBI:59132" label="antigen"/>
      <span end="24168" id="17022820-7989" start="24161">antigen</span>
    </annotation>
    <annotation annotator="Mike Bada, University of Colorado Anschutz Medical Campus" id="CHEBI_2015_08_26_Instance_323029" type="identity">
      <class id="CHEBI:59132" label="antigen"/>
      <span end="24546" id="17022820-7991" start="24539">antigen</span>
    </annotation>
    <annotation annotator="Mike Bada, University of Colorado Anschutz Medical Campus" id="CHEBI_2015_08_26_Instance_323031" type="identity">
      <class id="CHEBI:59132" label="antigen"/>
      <span end="24801" id="17022820-7993" start="24794">antigen</span>
    </annotation>
    <annotation annotator="Mike Bada, University of Colorado Anschutz Medical Campus" id="CHEBI_2015_08_26_Instance_323033" type="identity">
      <class id="CHEBI:59132" label="antigen"/>
      <span end="24853" id="17022820-7995" start="24846">antigen</span>
    </annotation>
    <annotation annotator="Mike Bada, University of Colorado Anschutz Medical Campus" id="CHEBI_2015_08_26_Instance_323035" type="identity">
      <class id="CHEBI:59132" label="antigen"/>
      <span end="25288" id="17022820-7997" start="25281">antigen</span>
    </annotation>
    <annotation annotator="Mike Bada, University of Colorado Anschutz Medical Campus" id="CHEBI_2015_08_26_Instance_323037" type="identity">
      <class id="CHEBI:59132" label="antigen"/>
      <span end="25475" id="17022820-7999" start="25468">antigen</span>
    </annotation>
    <annotation annotator="Mike Bada, University of Colorado Anschutz Medical Campus" id="CHEBI_2015_08_26_Instance_31067" type="identity">
      <class id="CHEBI:30808" label="iron trichloride"/>
      <span end="26167" id="17022820-7935" start="26162">FeCl3</span>
    </annotation>
    <annotation annotator="Mike Bada, University of Colorado Anschutz Medical Campus" id="CHEBI_2015_08_26_Instance_323041" type="identity">
      <class id="CHEBI:59132" label="antigen"/>
      <span end="28361" id="17022820-8001" start="28354">antigen</span>
    </annotation>
    <annotation annotator="Mike Bada, University of Colorado Anschutz Medical Campus" id="CHEBI_2015_08_26_Instance_31069" type="identity">
      <class id="CHEBI:30808" label="iron trichloride"/>
      <span end="28740" id="17022820-7937" start="28735">FeCl3</span>
    </annotation>
    <annotation annotator="Mike Bada, University of Colorado Anschutz Medical Campus" id="CHEBI_2015_08_26_Instance_323043" type="identity">
      <class id="CHEBI:52217" label="pharmaceutical"/>
      <span end="28855" id="17022820-8003" start="28840">pharmacological</span>
    </annotation>
    <annotation annotator="Mike Bada, University of Colorado Anschutz Medical Campus" id="CHEBI_2015_08_26_Instance_31071" type="identity">
      <class id="CHEBI:30808" label="iron trichloride"/>
      <span end="28981" id="17022820-7939" start="28976">FeCl3</span>
    </annotation>
    <annotation annotator="Mike Bada, University of Colorado Anschutz Medical Campus" id="CHEBI_2015_08_26_Instance_31073" type="identity">
      <class id="CHEBI:30808" label="iron trichloride"/>
      <span end="29001" id="17022820-7941" start="28996">FeCl3</span>
    </annotation>
    <annotation annotator="Mike Bada, University of Colorado Anschutz Medical Campus" id="CHEBI_2015_08_26_Instance_323045" type="identity">
      <class id="CHEBI:59132" label="antigen"/>
      <span end="30433" id="17022820-8005" start="30426">antigen</span>
    </annotation>
    <annotation annotator="Mike Bada, University of Colorado Anschutz Medical Campus" id="CHEBI_2015_08_26_Instance_323047" type="identity">
      <class id="CHEBI:17089" label="glycoprotein"/>
      <span end="30900" id="17022820-8007" start="30888">glycoprotein</span>
    </annotation>
    <annotation annotator="Mike Bada, University of Colorado Anschutz Medical Campus" id="CHEBI_2015_08_26_Instance_31075" type="identity">
      <class id="CHEBI:30808" label="iron trichloride"/>
      <span end="35135" id="17022820-7943" start="35130">FeCl3</span>
    </annotation>
    <annotation annotator="Mike Bada, University of Colorado Anschutz Medical Campus" id="CHEBI_2015_08_26_Instance_330556" type="identity">
      <class id="CHEBI:35222" label="inhibitor"/>
      <span end="36235" id="17022820-8009" start="36226">inhibitor</span>
    </annotation>
    <graph-space id="Old Knowtator Relations"/>
  </document>
</knowtator-project>
