<?xml version="1.0" encoding="UTF-8" standalone="no"?>
<knowtator-project>
    <document id="17020410" text-file="17020410.txt">
        <annotation annotator="Mike Bada, University of Colorado Anschutz Medical Campus" id="CHEBI_2015_08_26_Instance_25133" type="identity">
            <class id="CHEBI:15539" label="propionyl-CoA"/>
            <span end="2135" id="17020410-7871" start="2123">propinyl-CoA</span>
        </annotation>
        <annotation annotator="Mike Bada, University of Colorado Anschutz Medical Campus" id="CHEBI_2015_08_26_Instance_322793" type="identity">
            <class id="CHEBI:57472" label="(N(omega)-L-arginino)succinate(1-)"/>
            <span end="2170" id="17020410-7891" start="2153">argininosuccinate</span>
        </annotation>
        <annotation annotator="Mike Bada, University of Colorado Anschutz Medical Campus" id="CHEBI_2015_08_26_Instance_322795" type="identity">
            <class id="CHEBI:53025" label="L-galactose 1-phosphate"/>
            <span end="2203" id="17020410-7893" start="2182">galactose-1-phosphate</span>
        </annotation>
        <annotation annotator="Mike Bada, University of Colorado Anschutz Medical Campus" id="CHEBI_2015_08_26_Instance_26581" type="identity">
            <class id="CHEBI:16625" label="methylmalonyl-CoA"/>
            <span end="2250" id="17020410-7873" start="2233">methylmalonyl CoA</span>
        </annotation>
        <annotation annotator="Mike Bada, University of Colorado Anschutz Medical Campus" id="CHEBI_2015_08_26_Instance_330780" type="identity">
            <class id="CHEBI:5386" label="globin"/>
            <span end="7864" id="17020410-7903" start="7858">globin</span>
        </annotation>
        <annotation annotator="Mike Bada, University of Colorado Anschutz Medical Campus" id="CHEBI_2015_08_26_Instance_330782" type="identity">
            <class id="CHEBI:5386" label="globin"/>
            <span end="7986" id="17020410-7905" start="7980">globin</span>
        </annotation>
        <annotation annotator="Mike Bada, University of Colorado Anschutz Medical Campus" id="CHEBI_2015_08_26_Instance_31685" type="identity">
            <class id="CHEBI:4883" label="ethidium bromide"/>
            <span end="9406" id="17020410-7875" start="9390">ethidium bromide</span>
        </annotation>
        <annotation annotator="Mike Bada, University of Colorado Anschutz Medical Campus" id="CHEBI_2015_08_26_Instance_31691" type="identity">
            <class id="CHEBI:4883" label="ethidium bromide"/>
            <span end="9412" id="17020410-7877" start="9408">EtBr</span>
        </annotation>
        <annotation annotator="Mike Bada, University of Colorado Anschutz Medical Campus" id="CHEBI_2015_08_26_Instance_31707" type="identity">
            <class id="CHEBI:10545" label="electron"/>
            <span end="11166" id="17020410-7879" start="11158">electron</span>
        </annotation>
        <annotation annotator="Mike Bada, University of Colorado Anschutz Medical Campus" id="CHEBI_2015_08_26_Instance_31715" type="identity">
            <class id="CHEBI:46662" label="mineral"/>
            <span end="13905" id="17020410-7881" start="13898">mineral</span>
        </annotation>
        <annotation annotator="Mike Bada, University of Colorado Anschutz Medical Campus" id="CHEBI_2015_08_26_Instance_31717" type="identity">
            <class id="CHEBI:46662" label="mineral"/>
            <span end="15128" id="17020410-7883" start="15121">mineral</span>
        </annotation>
        <annotation annotator="Mike Bada, University of Colorado Anschutz Medical Campus" id="CHEBI_2015_08_26_Instance_31719" type="identity">
            <class id="CHEBI:46662" label="mineral"/>
            <span end="15345" id="17020410-7885" start="15338">mineral</span>
        </annotation>
        <annotation annotator="Mike Bada, University of Colorado Anschutz Medical Campus" id="CHEBI_2015_08_26_Instance_322893" type="identity">
            <class id="CHEBI:36357" label="polyatomic entity"/>
            <span end="29097" id="17020410-7895" start="29088">molecules</span>
        </annotation>
        <annotation annotator="Mike Bada, University of Colorado Anschutz Medical Campus" id="CHEBI_2015_08_26_Instance_322895" type="identity">
            <class id="CHEBI:36357" label="polyatomic entity"/>
            <span end="29188" id="17020410-7897" start="29179">molecules</span>
        </annotation>
        <annotation annotator="Mike Bada, University of Colorado Anschutz Medical Campus" id="CHEBI_2015_08_26_Instance_322903" type="identity">
            <class id="CHEBI:30860" label="methylmalonic acid"/>
            <span end="32486" id="17020410-7899" start="32473">methylmalonic</span>
        </annotation>
        <annotation annotator="Mike Bada, University of Colorado Anschutz Medical Campus" id="CHEBI_2015_08_26_Instance_322907" type="identity">
            <class id="CHEBI:51686" label="haematoxylin"/>
            <span end="34197" id="17020410-7901" start="34185">Haematoxylin</span>
        </annotation>
        <annotation annotator="Mike Bada, University of Colorado Anschutz Medical Campus" id="CHEBI_2015_08_26_Instance_31737" type="identity">
            <class id="CHEBI:46662" label="mineral"/>
            <span end="34467" id="17020410-7887" start="34460">mineral</span>
        </annotation>
        <annotation annotator="Mike Bada, University of Colorado Anschutz Medical Campus" id="CHEBI_2015_08_26_Instance_31739" type="identity">
            <class id="CHEBI:33893" label="reagent"/>
            <span end="36447" id="17020410-7889" start="36439">reagents</span>
        </annotation>
        <graph-space id="Old Knowtator Relations"/>
    </document>
</knowtator-project>
