<?xml version="1.0" encoding="UTF-8" standalone="no"?>
<knowtator-project>
    <document id="17083276" text-file="17083276.txt">
        <annotation annotator="Mike Bada, University of Colorado Anschutz Medical Campus" id="CHEBI_2015_08_26_Instance_31437" type="identity">
            <class id="CHEBI:15358" label="histone"/>
            <span end="1434" id="17083276-8351" start="1427">histone</span>
        </annotation>
        <annotation annotator="Mike Bada, University of Colorado Anschutz Medical Campus" id="CHEBI_2015_08_26_Instance_31439" type="identity">
            <class id="CHEBI:15358" label="histone"/>
            <span end="2121" id="17083276-8353" start="2114">histone</span>
        </annotation>
        <annotation annotator="Mike Bada, University of Colorado Anschutz Medical Campus" id="CHEBI_2015_08_26_Instance_31441" type="identity">
            <class id="CHEBI:15358" label="histone"/>
            <span end="3641" id="17083276-8355" start="3634">histone</span>
        </annotation>
        <annotation annotator="Mike Bada, University of Colorado Anschutz Medical Campus" id="CHEBI_2015_08_26_Instance_31443" type="identity">
            <class id="CHEBI:15358" label="histone"/>
            <span end="3702" id="17083276-8357" start="3695">histone</span>
        </annotation>
        <annotation annotator="Mike Bada, University of Colorado Anschutz Medical Campus" id="CHEBI_2015_08_26_Instance_31445" type="identity">
            <class id="CHEBI:15358" label="histone"/>
            <span end="3830" id="17083276-8359" start="3823">histone</span>
        </annotation>
        <annotation annotator="Mike Bada, University of Colorado Anschutz Medical Campus" id="CHEBI_2015_08_26_Instance_31447" type="identity">
            <class id="CHEBI:15358" label="histone"/>
            <span end="4059" id="17083276-8361" start="4052">histone</span>
        </annotation>
        <annotation annotator="Mike Bada, University of Colorado Anschutz Medical Campus" id="CHEBI_2015_08_26_Instance_31449" type="identity">
            <class id="CHEBI:15358" label="histone"/>
            <span end="4178" id="17083276-8363" start="4171">histone</span>
        </annotation>
        <annotation annotator="Mike Bada, University of Colorado Anschutz Medical Campus" id="CHEBI_2015_08_26_Instance_31451" type="identity">
            <class id="CHEBI:15358" label="histone"/>
            <span end="4308" id="17083276-8365" start="4301">histone</span>
        </annotation>
        <annotation annotator="Mike Bada, University of Colorado Anschutz Medical Campus" id="CHEBI_2015_08_26_Instance_31641" type="identity">
            <class id="CHEBI:15358" label="histone"/>
            <span end="4404" id="17083276-8381" start="4397">histone</span>
        </annotation>
        <annotation annotator="Mike Bada, University of Colorado Anschutz Medical Campus" id="CHEBI_2015_08_26_Instance_31643" type="identity">
            <class id="CHEBI:15358" label="histone"/>
            <span end="4753" id="17083276-8383" start="4746">histone</span>
        </annotation>
        <annotation annotator="Mike Bada, University of Colorado Anschutz Medical Campus" id="CHEBI_2015_08_26_Instance_31645" type="identity">
            <class id="CHEBI:15358" label="histone"/>
            <span end="4788" id="17083276-8385" start="4781">histone</span>
        </annotation>
        <annotation annotator="Mike Bada, University of Colorado Anschutz Medical Campus" id="CHEBI_2015_08_26_Instance_323546" type="identity">
            <class id="CHEBI:36357" label="polyatomic entity"/>
            <span end="4916" id="17083276-8425" start="4907">molecules</span>
        </annotation>
        <annotation annotator="Mike Bada, University of Colorado Anschutz Medical Campus" id="CHEBI_2015_08_26_Instance_31647" type="identity">
            <class id="CHEBI:15358" label="histone"/>
            <span end="5189" id="17083276-8387" start="5182">histone</span>
        </annotation>
        <annotation annotator="Mike Bada, University of Colorado Anschutz Medical Campus" id="CHEBI_2015_08_26_Instance_323550" type="identity">
            <class id="CHEBI:51217" label="fluorochrome"/>
            <span end="7398" id="17083276-8427" start="7386">fluorochrome</span>
        </annotation>
        <annotation annotator="Mike Bada, University of Colorado Anschutz Medical Campus" id="CHEBI_2015_08_26_Instance_323552" type="identity">
            <class id="CHEBI:51231" label="DAPI"/>
            <span end="7403" id="17083276-8429" start="7399">DAPI</span>
        </annotation>
        <annotation annotator="Mike Bada, University of Colorado Anschutz Medical Campus" id="CHEBI_2015_08_26_Instance_323554" type="identity">
            <class id="CHEBI:51231" label="DAPI"/>
            <span end="7652" id="17083276-8431" start="7648">DAPI</span>
        </annotation>
        <annotation annotator="Mike Bada, University of Colorado Anschutz Medical Campus" id="CHEBI_2015_08_26_Instance_323556" type="identity">
            <class id="CHEBI:51231" label="DAPI"/>
            <span end="8059" id="17083276-8433" start="8055">DAPI</span>
        </annotation>
        <annotation annotator="Mike Bada, University of Colorado Anschutz Medical Campus" id="CHEBI_2015_08_26_Instance_323558" type="identity">
            <class id="CHEBI:51231" label="DAPI"/>
            <span end="8238" id="17083276-8435" start="8234">DAPI</span>
        </annotation>
        <annotation annotator="Mike Bada, University of Colorado Anschutz Medical Campus" id="CHEBI_2015_08_26_Instance_323560" type="identity">
            <class id="CHEBI:51231" label="DAPI"/>
            <span end="8384" id="17083276-8437" start="8380">DAPI</span>
        </annotation>
        <annotation annotator="Mike Bada, University of Colorado Anschutz Medical Campus" id="CHEBI_2015_08_26_Instance_323564" type="identity">
            <class id="CHEBI:51231" label="DAPI"/>
            <span end="8692" id="17083276-8441" start="8688">DAPI</span>
        </annotation>
        <annotation annotator="Mike Bada, University of Colorado Anschutz Medical Campus" id="CHEBI_2015_08_26_Instance_323562" type="identity">
            <class id="CHEBI:51231" label="DAPI"/>
            <span end="8753" id="17083276-8439" start="8749">DAPI</span>
        </annotation>
        <annotation annotator="Mike Bada, University of Colorado Anschutz Medical Campus" id="CHEBI_2015_08_26_Instance_323566" type="identity">
            <class id="CHEBI:51231" label="DAPI"/>
            <span end="8959" id="17083276-8443" start="8955">DAPI</span>
        </annotation>
        <annotation annotator="Mike Bada, University of Colorado Anschutz Medical Campus" id="CHEBI_2015_08_26_Instance_323568" type="identity">
            <class id="CHEBI:51231" label="DAPI"/>
            <span end="9971" id="17083276-8445" start="9967">DAPI</span>
        </annotation>
        <annotation annotator="Mike Bada, University of Colorado Anschutz Medical Campus" id="CHEBI_2015_08_26_Instance_323570" type="identity">
            <class id="CHEBI:51231" label="DAPI"/>
            <span end="10031" id="17083276-8447" start="10027">DAPI</span>
        </annotation>
        <annotation annotator="Mike Bada, University of Colorado Anschutz Medical Campus" id="CHEBI_2015_08_26_Instance_31649" type="identity">
            <class id="CHEBI:15358" label="histone"/>
            <span end="11609" id="17083276-8389" start="11602">histone</span>
        </annotation>
        <annotation annotator="Mike Bada, University of Colorado Anschutz Medical Campus" id="CHEBI_2015_08_26_Instance_323574" type="identity">
            <class id="CHEBI:472552" label="5-bromo-2'-deoxyuridine"/>
            <span end="12154" id="17083276-8449" start="12137">bromodeoxyuridine</span>
        </annotation>
        <annotation annotator="Mike Bada, University of Colorado Anschutz Medical Campus" id="CHEBI_2015_08_26_Instance_323576" type="identity">
            <class id="CHEBI:472552" label="5-bromo-2'-deoxyuridine"/>
            <span end="12160" id="17083276-8451" start="12156">BrdU</span>
        </annotation>
        <annotation annotator="Mike Bada, University of Colorado Anschutz Medical Campus" id="CHEBI_2015_08_26_Instance_330638" type="identity">
            <class id="CHEBI:59132" label="antigen"/>
            <span end="12219" id="17083276-8551" start="12212">antigen</span>
        </annotation>
        <annotation annotator="Mike Bada, University of Colorado Anschutz Medical Campus" id="CHEBI_2015_08_26_Instance_323582" type="identity">
            <class id="CHEBI:51231" label="DAPI"/>
            <span end="13228" id="17083276-8453" start="13224">DAPI</span>
        </annotation>
        <annotation annotator="Mike Bada, University of Colorado Anschutz Medical Campus" id="CHEBI_2015_08_26_Instance_323584" type="identity">
            <class id="CHEBI:51231" label="DAPI"/>
            <span end="13522" id="17083276-8455" start="13518">DAPI</span>
        </annotation>
        <annotation annotator="Mike Bada, University of Colorado Anschutz Medical Campus" id="CHEBI_2015_08_26_Instance_323586" type="identity">
            <class id="CHEBI:51231" label="DAPI"/>
            <span end="13825" id="17083276-8457" start="13821">DAPI</span>
        </annotation>
        <annotation annotator="Mike Bada, University of Colorado Anschutz Medical Campus" id="CHEBI_2015_08_26_Instance_323588" type="identity">
            <class id="CHEBI:51231" label="DAPI"/>
            <span end="14039" id="17083276-8459" start="14035">DAPI</span>
        </annotation>
        <annotation annotator="Mike Bada, University of Colorado Anschutz Medical Campus" id="CHEBI_2015_08_26_Instance_31651" type="identity">
            <class id="CHEBI:15358" label="histone"/>
            <span end="14566" id="17083276-8391" start="14559">histone</span>
        </annotation>
        <annotation annotator="Mike Bada, University of Colorado Anschutz Medical Campus" id="CHEBI_2015_08_26_Instance_31653" type="identity">
            <class id="CHEBI:15358" label="histone"/>
            <span end="15041" id="17083276-8393" start="15034">histone</span>
        </annotation>
        <annotation annotator="Mike Bada, University of Colorado Anschutz Medical Campus" id="CHEBI_2015_08_26_Instance_32871" type="identity">
            <class id="CHEBI:24866" label="salt"/>
            <span end="15203" id="17083276-8529" start="15199">salt</span>
        </annotation>
        <annotation annotator="Mike Bada, University of Colorado Anschutz Medical Campus" id="CHEBI_2015_08_26_Instance_32873" type="identity">
            <class id="CHEBI:26710" label="sodium chloride"/>
            <span end="15243" id="17083276-8531" start="15239">NaCl</span>
        </annotation>
        <annotation annotator="Mike Bada, University of Colorado Anschutz Medical Campus" id="CHEBI_2015_08_26_Instance_32875" type="identity">
            <class id="CHEBI:26710" label="sodium chloride"/>
            <span end="15255" id="17083276-8533" start="15251">NaCl</span>
        </annotation>
        <annotation annotator="Mike Bada, University of Colorado Anschutz Medical Campus" id="CHEBI_2015_08_26_Instance_31655" type="identity">
            <class id="CHEBI:15358" label="histone"/>
            <span end="15297" id="17083276-8395" start="15290">histone</span>
        </annotation>
        <annotation annotator="Mike Bada, University of Colorado Anschutz Medical Campus" id="CHEBI_2015_08_26_Instance_31657" type="identity">
            <class id="CHEBI:15358" label="histone"/>
            <span end="16589" id="17083276-8397" start="16582">histone</span>
        </annotation>
        <annotation annotator="Mike Bada, University of Colorado Anschutz Medical Campus" id="CHEBI_2015_08_26_Instance_323602" type="identity">
            <class id="CHEBI:51231" label="DAPI"/>
            <span end="17646" id="17083276-8461" start="17642">DAPI</span>
        </annotation>
        <annotation annotator="Mike Bada, University of Colorado Anschutz Medical Campus" id="CHEBI_2015_08_26_Instance_323604" type="identity">
            <class id="CHEBI:51231" label="DAPI"/>
            <span end="18104" id="17083276-8463" start="18100">DAPI</span>
        </annotation>
        <annotation annotator="Mike Bada, University of Colorado Anschutz Medical Campus" id="CHEBI_2015_08_26_Instance_31659" type="identity">
            <class id="CHEBI:15358" label="histone"/>
            <span end="21448" id="17083276-8399" start="21441">histone</span>
        </annotation>
        <annotation annotator="Mike Bada, University of Colorado Anschutz Medical Campus" id="CHEBI_2015_08_26_Instance_323616" type="identity">
            <class id="CHEBI:36357" label="polyatomic entity"/>
            <span end="23155" id="17083276-8465" start="23147">molecule</span>
        </annotation>
        <annotation annotator="Mike Bada, University of Colorado Anschutz Medical Campus" id="CHEBI_2015_08_26_Instance_31661" type="identity">
            <class id="CHEBI:15358" label="histone"/>
            <span end="24563" id="17083276-8401" start="24556">histone</span>
        </annotation>
        <annotation annotator="Mike Bada, University of Colorado Anschutz Medical Campus" id="CHEBI_2015_08_26_Instance_430106" type="identity">
            <class id="CHEBI:7507" label="neomycin"/>
            <span end="25052" id="17083276-8561" start="25044">neomycin</span>
        </annotation>
        <annotation annotator="Mike Bada, University of Colorado Anschutz Medical Campus" id="CHEBI_2015_08_26_Instance_32877" type="identity">
            <class id="CHEBI:27026" label="toxin"/>
            <span end="25077" id="17083276-8535" start="25072">toxin</span>
        </annotation>
        <annotation annotator="Mike Bada, University of Colorado Anschutz Medical Campus" id="CHEBI_2015_08_26_Instance_330674" type="identity">
            <class id="CHEBI:60004" label="mixture"/>
            <span end="25556" id="17083276-8553" start="25553">mix</span>
        </annotation>
        <annotation annotator="Mike Bada, University of Colorado Anschutz Medical Campus" id="CHEBI_2015_08_26_Instance_32879" type="identity">
            <class id="CHEBI:2511" label="agarose"/>
            <span end="25886" id="17083276-8537" start="25879">agarose</span>
        </annotation>
        <annotation annotator="Mike Bada, University of Colorado Anschutz Medical Campus" id="CHEBI_2015_08_26_Instance_32881" type="identity">
            <class id="CHEBI:17939" label="puromycin"/>
            <span end="26109" id="17083276-8539" start="26100">puromycin</span>
        </annotation>
        <annotation annotator="Mike Bada, University of Colorado Anschutz Medical Campus" id="CHEBI_2015_08_26_Instance_323638" type="identity">
            <class id="CHEBI:5291" label="gelatin"/>
            <span end="26684" id="17083276-8467" start="26677">gelatin</span>
        </annotation>
        <annotation annotator="Mike Bada, University of Colorado Anschutz Medical Campus" id="CHEBI_2015_08_26_Instance_32883" type="identity">
            <class id="CHEBI:17939" label="puromycin"/>
            <span end="26760" id="17083276-8541" start="26751">Puromycin</span>
        </annotation>
        <annotation annotator="Mike Bada, University of Colorado Anschutz Medical Campus" id="CHEBI_2015_08_26_Instance_32885" type="identity">
            <class id="CHEBI:17939" label="puromycin"/>
            <span end="27433" id="17083276-8543" start="27424">puromycin</span>
        </annotation>
        <annotation annotator="Mike Bada, University of Colorado Anschutz Medical Campus" id="CHEBI_2015_08_26_Instance_32887" type="identity">
            <class id="CHEBI:37527" label="acid"/>
            <span end="27978" id="17083276-8545" start="27974">acid</span>
        </annotation>
        <annotation annotator="Mike Bada, University of Colorado Anschutz Medical Campus" id="CHEBI_2015_08_26_Instance_323644" type="identity">
            <class id="CHEBI:472552" label="5-bromo-2'-deoxyuridine"/>
            <span end="28212" id="17083276-8469" start="28208">BrdU</span>
        </annotation>
        <annotation annotator="Mike Bada, University of Colorado Anschutz Medical Campus" id="CHEBI_2015_08_26_Instance_32889" type="identity">
            <class id="CHEBI:8984" label="sodium dodecyl sulfate"/>
            <span end="28694" id="17083276-8547" start="28691">SDS</span>
        </annotation>
        <annotation annotator="Mike Bada, University of Colorado Anschutz Medical Campus" id="CHEBI_2015_08_26_Instance_31663" type="identity">
            <class id="CHEBI:15358" label="histone"/>
            <span end="28812" id="17083276-8403" start="28805">Histone</span>
        </annotation>
        <annotation annotator="Mike Bada, University of Colorado Anschutz Medical Campus" id="CHEBI_2015_08_26_Instance_323658" type="identity">
            <class id="CHEBI:15956" label="biotin"/>
            <span end="28947" id="17083276-8471" start="28941">Biotin</span>
        </annotation>
        <annotation annotator="Mike Bada, University of Colorado Anschutz Medical Campus" id="CHEBI_2015_08_26_Instance_32891" type="identity">
            <class id="CHEBI:42098" label="digoxigenin"/>
            <span end="28970" id="17083276-8549" start="28959">Digoxigenin</span>
        </annotation>
        <annotation annotator="Mike Bada, University of Colorado Anschutz Medical Campus" id="CHEBI_2015_08_26_Instance_21761" type="identity">
            <class id="CHEBI:9754" label="tris"/>
            <span end="29443" id="17083276-8321" start="29439">Tris</span>
        </annotation>
        <annotation annotator="Mike Bada, University of Colorado Anschutz Medical Campus" id="CHEBI_2015_08_26_Instance_25901" type="identity">
            <class id="CHEBI:17883" label="hydrogen chloride"/>
            <span end="29447" id="17083276-8323" start="29444">HCl</span>
        </annotation>
        <annotation annotator="Mike Bada, University of Colorado Anschutz Medical Campus" id="CHEBI_2015_08_26_Instance_27167" type="identity">
            <class id="CHEBI:17992" label="sucrose"/>
            <span end="29471" id="17083276-8325" start="29464">sucrose</span>
        </annotation>
        <annotation annotator="Mike Bada, University of Colorado Anschutz Medical Campus" id="CHEBI_2015_08_26_Instance_27863" type="identity">
            <class id="CHEBI:32588" label="potassium chloride"/>
            <span end="29482" id="17083276-8327" start="29479">KCl</span>
        </annotation>
        <annotation annotator="Mike Bada, University of Colorado Anschutz Medical Campus" id="CHEBI_2015_08_26_Instance_28167" type="identity">
            <class id="CHEBI:26710" label="sodium chloride"/>
            <span end="29494" id="17083276-8329" start="29490">NaCl</span>
        </annotation>
        <annotation annotator="Mike Bada, University of Colorado Anschutz Medical Campus" id="CHEBI_2015_08_26_Instance_28169" type="identity">
            <class id="CHEBI:6636" label="magnesium dichloride"/>
            <span end="29506" id="17083276-8331" start="29501">MgCl2</span>
        </annotation>
        <annotation annotator="Mike Bada, University of Colorado Anschutz Medical Campus" id="CHEBI_2015_08_26_Instance_28173" type="identity">
            <class id="CHEBI:17992" label="sucrose"/>
            <span end="29666" id="17083276-8333" start="29659">sucrose</span>
        </annotation>
        <annotation annotator="Mike Bada, University of Colorado Anschutz Medical Campus" id="CHEBI_2015_08_26_Instance_323666" type="identity">
            <class id="CHEBI:17992" label="sucrose"/>
            <span end="29704" id="17083276-8473" start="29697">sucrose</span>
        </annotation>
        <annotation annotator="Mike Bada, University of Colorado Anschutz Medical Campus" id="CHEBI_2015_08_26_Instance_10879" type="identity">
            <class id="CHEBI:9754" label="tris"/>
            <span end="29752" id="17083276-8315" start="29748">Tris</span>
        </annotation>
        <annotation annotator="Mike Bada, University of Colorado Anschutz Medical Campus" id="CHEBI_2015_08_26_Instance_11089" type="identity">
            <class id="CHEBI:17883" label="hydrogen chloride"/>
            <span end="29756" id="17083276-8317" start="29753">HCl</span>
        </annotation>
        <annotation annotator="Mike Bada, University of Colorado Anschutz Medical Campus" id="CHEBI_2015_08_26_Instance_28175" type="identity">
            <class id="CHEBI:26710" label="sodium chloride"/>
            <span end="29777" id="17083276-8335" start="29773">NaCl</span>
        </annotation>
        <annotation annotator="Mike Bada, University of Colorado Anschutz Medical Campus" id="CHEBI_2015_08_26_Instance_29617" type="identity">
            <class id="CHEBI:17992" label="sucrose"/>
            <span end="29793" id="17083276-8337" start="29786">sucrose</span>
        </annotation>
        <annotation annotator="Mike Bada, University of Colorado Anschutz Medical Campus" id="CHEBI_2015_08_26_Instance_30267" type="identity">
            <class id="CHEBI:6636" label="magnesium dichloride"/>
            <span end="29805" id="17083276-8339" start="29800">MgCl2</span>
        </annotation>
        <annotation annotator="Mike Bada, University of Colorado Anschutz Medical Campus" id="CHEBI_2015_08_26_Instance_30553" type="identity">
            <class id="CHEBI:3312" label="calcium dichloride"/>
            <span end="29817" id="17083276-8341" start="29812">CaCl2</span>
        </annotation>
        <annotation annotator="Mike Bada, University of Colorado Anschutz Medical Campus" id="CHEBI_2015_08_26_Instance_31257" type="identity">
            <class id="CHEBI:8984" label="sodium dodecyl sulfate"/>
            <span end="30040" id="17083276-8343" start="30037">SDS</span>
        </annotation>
        <annotation annotator="Mike Bada, University of Colorado Anschutz Medical Campus" id="CHEBI_2015_08_26_Instance_31261" type="identity">
            <class id="CHEBI:15882" label="phenol"/>
            <span end="30129" id="17083276-8345" start="30123">phenol</span>
        </annotation>
        <annotation annotator="Mike Bada, University of Colorado Anschutz Medical Campus" id="CHEBI_2015_08_26_Instance_31263" type="identity">
            <class id="CHEBI:35255" label="chloroform"/>
            <span end="30140" id="17083276-8347" start="30130">chloroform</span>
        </annotation>
        <annotation annotator="Mike Bada, University of Colorado Anschutz Medical Campus" id="CHEBI_2015_08_26_Instance_31431" type="identity">
            <class id="CHEBI:17824" label="propan-2-ol"/>
            <span end="30167" id="17083276-8349" start="30156">isopropanol</span>
        </annotation>
        <annotation annotator="Mike Bada, University of Colorado Anschutz Medical Campus" id="CHEBI_2015_08_26_Instance_31665" type="identity">
            <class id="CHEBI:15358" label="histone"/>
            <span end="30217" id="17083276-8405" start="30210">histone</span>
        </annotation>
        <annotation annotator="Mike Bada, University of Colorado Anschutz Medical Campus" id="CHEBI_2015_08_26_Instance_31627" type="identity">
            <class id="CHEBI:46756" label="HEPES"/>
            <span end="30345" id="17083276-8367" start="30340">Hepes</span>
        </annotation>
        <annotation annotator="Mike Bada, University of Colorado Anschutz Medical Campus" id="CHEBI_2015_08_26_Instance_31629" type="identity">
            <class id="CHEBI:17754" label="glycerol"/>
            <span end="30367" id="17083276-8369" start="30359">Glycerol</span>
        </annotation>
        <annotation annotator="Mike Bada, University of Colorado Anschutz Medical Campus" id="CHEBI_2015_08_26_Instance_31631" type="identity">
            <class id="CHEBI:6636" label="magnesium dichloride"/>
            <span end="30379" id="17083276-8371" start="30374">MgCl2</span>
        </annotation>
        <annotation annotator="Mike Bada, University of Colorado Anschutz Medical Campus" id="CHEBI_2015_08_26_Instance_31633" type="identity">
            <class id="CHEBI:18320" label="1,4-dithiothreitol"/>
            <span end="30404" id="17083276-8373" start="30401">DTT</span>
        </annotation>
        <annotation annotator="Mike Bada, University of Colorado Anschutz Medical Campus" id="CHEBI_2015_08_26_Instance_31635" type="identity">
            <class id="CHEBI:8102" label="phenylmethanesulfonyl fluoride"/>
            <span end="30417" id="17083276-8375" start="30413">PMSF</span>
        </annotation>
        <annotation annotator="Mike Bada, University of Colorado Anschutz Medical Campus" id="CHEBI_2015_08_26_Instance_31637" type="identity">
            <class id="CHEBI:26710" label="sodium chloride"/>
            <span end="30484" id="17083276-8377" start="30480">NaCl</span>
        </annotation>
        <annotation annotator="Mike Bada, University of Colorado Anschutz Medical Campus" id="CHEBI_2015_08_26_Instance_31667" type="identity">
            <class id="CHEBI:15358" label="histone"/>
            <span end="30588" id="17083276-8407" start="30581">histone</span>
        </annotation>
        <annotation annotator="Mike Bada, University of Colorado Anschutz Medical Campus" id="CHEBI_2015_08_26_Instance_31639" type="identity">
            <class id="CHEBI:2511" label="agarose"/>
            <span end="30910" id="17083276-8379" start="30903">agarose</span>
        </annotation>
        <annotation annotator="Mike Bada, University of Colorado Anschutz Medical Campus" id="CHEBI_2015_08_26_Instance_31669" type="identity">
            <class id="CHEBI:15358" label="histone"/>
            <span end="31930" id="17083276-8409" start="31923">histone</span>
        </annotation>
        <annotation annotator="Mike Bada, University of Colorado Anschutz Medical Campus" id="CHEBI_2015_08_26_Instance_323680" type="identity">
            <class id="CHEBI:51231" label="DAPI"/>
            <span end="32105" id="17083276-8475" start="32101">DAPI</span>
        </annotation>
        <annotation annotator="Mike Bada, University of Colorado Anschutz Medical Campus" id="CHEBI_2015_08_26_Instance_331580" type="identity">
            <class id="CHEBI:472552" label="5-bromo-2'-deoxyuridine"/>
            <span end="32831" id="17083276-8557" start="32827">BrdU</span>
        </annotation>
        <annotation annotator="Mike Bada, University of Colorado Anschutz Medical Campus" id="CHEBI_2015_08_26_Instance_323684" type="identity">
            <class id="CHEBI:472552" label="5-bromo-2'-deoxyuridine"/>
            <span end="32946" id="17083276-8477" start="32942">BrdU</span>
        </annotation>
        <annotation annotator="Mike Bada, University of Colorado Anschutz Medical Campus" id="CHEBI_2015_08_26_Instance_323686" type="identity">
            <class id="CHEBI:472552" label="5-bromo-2'-deoxyuridine"/>
            <span end="32997" id="17083276-8479" start="32993">BrdU</span>
        </annotation>
        <annotation annotator="Mike Bada, University of Colorado Anschutz Medical Campus" id="CHEBI_2015_08_26_Instance_323688" type="identity">
            <class id="CHEBI:472552" label="5-bromo-2'-deoxyuridine"/>
            <span end="33046" id="17083276-8481" start="33042">BrdU</span>
        </annotation>
        <annotation annotator="Mike Bada, University of Colorado Anschutz Medical Campus" id="CHEBI_2015_08_26_Instance_323690" type="identity">
            <class id="CHEBI:51231" label="DAPI"/>
            <span end="33065" id="17083276-8483" start="33061">DAPI</span>
        </annotation>
        <annotation annotator="Mike Bada, University of Colorado Anschutz Medical Campus" id="CHEBI_2015_08_26_Instance_323694" type="identity">
            <class id="CHEBI:472552" label="5-bromo-2'-deoxyuridine"/>
            <span end="33681" id="17083276-8485" start="33677">BrdU</span>
        </annotation>
        <annotation annotator="Mike Bada, University of Colorado Anschutz Medical Campus" id="CHEBI_2015_08_26_Instance_323696" type="identity">
            <class id="CHEBI:472552" label="5-bromo-2'-deoxyuridine"/>
            <span end="33701" id="17083276-8487" start="33684">bromodeoxyuridine</span>
        </annotation>
        <annotation annotator="Mike Bada, University of Colorado Anschutz Medical Campus" id="CHEBI_2015_08_26_Instance_323698" type="identity">
            <class id="CHEBI:59132" label="antigen"/>
            <span end="33997" id="17083276-8489" start="33990">antigen</span>
        </annotation>
        <annotation annotator="Mike Bada, University of Colorado Anschutz Medical Campus" id="CHEBI_2015_08_26_Instance_31791" type="identity">
            <class id="CHEBI:37527" label="acid"/>
            <span end="34413" id="17083276-8411" start="34407">acidic</span>
        </annotation>
        <annotation annotator="Mike Bada, University of Colorado Anschutz Medical Campus" id="CHEBI_2015_08_26_Instance_31793" type="identity">
            <class id="CHEBI:27026" label="toxin"/>
            <span end="34708" id="17083276-8413" start="34703">toxin</span>
        </annotation>
        <annotation annotator="Mike Bada, University of Colorado Anschutz Medical Campus" id="CHEBI_2015_08_26_Instance_323702" type="identity">
            <class id="CHEBI:7507" label="neomycin"/>
            <span end="34727" id="17083276-8491" start="34719">neomycin</span>
        </annotation>
        <annotation annotator="Mike Bada, University of Colorado Anschutz Medical Campus" id="CHEBI_2015_08_26_Instance_323710" type="identity">
            <class id="CHEBI:51231" label="DAPI"/>
            <span end="35681" id="17083276-8493" start="35677">DAPI</span>
        </annotation>
        <annotation annotator="Mike Bada, University of Colorado Anschutz Medical Campus" id="CHEBI_2015_08_26_Instance_323714" type="identity">
            <class id="CHEBI:51231" label="DAPI"/>
            <span end="35756" id="17083276-8495" start="35752">DAPI</span>
        </annotation>
        <annotation annotator="Mike Bada, University of Colorado Anschutz Medical Campus" id="CHEBI_2015_08_26_Instance_323716" type="identity">
            <class id="CHEBI:51231" label="DAPI"/>
            <span end="35955" id="17083276-8497" start="35951">DAPI</span>
        </annotation>
        <annotation annotator="Mike Bada, University of Colorado Anschutz Medical Campus" id="CHEBI_2015_08_26_Instance_323718" type="identity">
            <class id="CHEBI:51231" label="DAPI"/>
            <span end="36049" id="17083276-8499" start="36045">DAPI</span>
        </annotation>
        <annotation annotator="Mike Bada, University of Colorado Anschutz Medical Campus" id="CHEBI_2015_08_26_Instance_323720" type="identity">
            <class id="CHEBI:51231" label="DAPI"/>
            <span end="36437" id="17083276-8501" start="36433">DAPI</span>
        </annotation>
        <annotation annotator="Mike Bada, University of Colorado Anschutz Medical Campus" id="CHEBI_2015_08_26_Instance_323722" type="identity">
            <class id="CHEBI:51231" label="DAPI"/>
            <span end="36544" id="17083276-8503" start="36540">DAPI</span>
        </annotation>
        <annotation annotator="Mike Bada, University of Colorado Anschutz Medical Campus" id="CHEBI_2015_08_26_Instance_31795" type="identity">
            <class id="CHEBI:17939" label="puromycin"/>
            <span end="36884" id="17083276-8415" start="36875">puromycin</span>
        </annotation>
        <annotation annotator="Mike Bada, University of Colorado Anschutz Medical Campus" id="CHEBI_2015_08_26_Instance_31797" type="identity">
            <class id="CHEBI:17939" label="puromycin"/>
            <span end="37002" id="17083276-8417" start="36993">puromycin</span>
        </annotation>
        <annotation annotator="Mike Bada, University of Colorado Anschutz Medical Campus" id="CHEBI_2015_08_26_Instance_323724" type="identity">
            <class id="CHEBI:51231" label="DAPI"/>
            <span end="37371" id="17083276-8505" start="37367">DAPI</span>
        </annotation>
        <annotation annotator="Mike Bada, University of Colorado Anschutz Medical Campus" id="CHEBI_2015_08_26_Instance_323730" type="identity">
            <class id="CHEBI:51231" label="DAPI"/>
            <span end="37672" id="17083276-8507" start="37668">DAPI</span>
        </annotation>
        <annotation annotator="Mike Bada, University of Colorado Anschutz Medical Campus" id="CHEBI_2015_08_26_Instance_323732" type="identity">
            <class id="CHEBI:51231" label="DAPI"/>
            <span end="37921" id="17083276-8509" start="37917">DAPI</span>
        </annotation>
        <annotation annotator="Mike Bada, University of Colorado Anschutz Medical Campus" id="CHEBI_2015_08_26_Instance_32127" type="identity">
            <class id="CHEBI:17939" label="puromycin"/>
            <span end="38167" id="17083276-8421" start="38158">puromycin</span>
        </annotation>
        <annotation annotator="Mike Bada, University of Colorado Anschutz Medical Campus" id="CHEBI_2015_08_26_Instance_323740" type="identity">
            <class id="CHEBI:472552" label="5-bromo-2'-deoxyuridine"/>
            <span end="38224" id="17083276-8513" start="38220">BrdU</span>
        </annotation>
        <annotation annotator="Mike Bada, University of Colorado Anschutz Medical Campus" id="CHEBI_2015_08_26_Instance_331582" type="identity">
            <class id="CHEBI:472552" label="5-bromo-2'-deoxyuridine"/>
            <span end="38290" id="17083276-8559" start="38286">BrdU</span>
        </annotation>
        <annotation annotator="Mike Bada, University of Colorado Anschutz Medical Campus" id="CHEBI_2015_08_26_Instance_323738" type="identity">
            <class id="CHEBI:472552" label="5-bromo-2'-deoxyuridine"/>
            <span end="38436" id="17083276-8511" start="38432">BrdU</span>
        </annotation>
        <annotation annotator="Mike Bada, University of Colorado Anschutz Medical Campus" id="CHEBI_2015_08_26_Instance_323742" type="identity">
            <class id="CHEBI:472552" label="5-bromo-2'-deoxyuridine"/>
            <span end="38954" id="17083276-8515" start="38950">BrdU</span>
        </annotation>
        <annotation annotator="Mike Bada, University of Colorado Anschutz Medical Campus" id="CHEBI_2015_08_26_Instance_323752" type="identity">
            <class id="CHEBI:51231" label="DAPI"/>
            <span end="39709" id="17083276-8517" start="39705">DAPI</span>
        </annotation>
        <annotation annotator="Mike Bada, University of Colorado Anschutz Medical Campus" id="CHEBI_2015_08_26_Instance_323754" type="identity">
            <class id="CHEBI:51231" label="DAPI"/>
            <span end="40630" id="17083276-8519" start="40626">DAPI</span>
        </annotation>
        <annotation annotator="Mike Bada, University of Colorado Anschutz Medical Campus" id="CHEBI_2015_08_26_Instance_32325" type="identity">
            <class id="CHEBI:2511" label="agarose"/>
            <span end="41227" id="17083276-8423" start="41220">agarose</span>
        </annotation>
        <annotation annotator="Mike Bada, University of Colorado Anschutz Medical Campus" id="CHEBI_2015_08_26_Instance_32851" type="identity">
            <class id="CHEBI:4883" label="ethidium bromide"/>
            <span end="41271" id="17083276-8521" start="41255">ethidium bromide</span>
        </annotation>
        <annotation annotator="Mike Bada, University of Colorado Anschutz Medical Campus" id="CHEBI_2015_08_26_Instance_11299" type="identity">
            <class id="CHEBI:25614" label="nylons"/>
            <span end="41337" id="17083276-8319" start="41332">nylon</span>
        </annotation>
        <annotation annotator="Mike Bada, University of Colorado Anschutz Medical Campus" id="CHEBI_2015_08_26_Instance_32853" type="identity">
            <class id="CHEBI:37972" label="phosphorus-32 atom"/>
            <span end="41388" id="17083276-8523" start="41385">32P</span>
        </annotation>
        <annotation annotator="Mike Bada, University of Colorado Anschutz Medical Campus" id="CHEBI_2015_08_26_Instance_32855" type="identity">
            <class id="CHEBI:2511" label="agarose"/>
            <span end="41764" id="17083276-8525" start="41757">agarose</span>
        </annotation>
        <annotation annotator="Mike Bada, University of Colorado Anschutz Medical Campus" id="CHEBI_2015_08_26_Instance_31799" type="identity">
            <class id="CHEBI:15358" label="histone"/>
            <span end="42065" id="17083276-8419" start="42058">histone</span>
        </annotation>
        <annotation annotator="Mike Bada, University of Colorado Anschutz Medical Campus" id="CHEBI_2015_08_26_Instance_32857" type="identity">
            <class id="CHEBI:2511" label="agarose"/>
            <span end="42274" id="17083276-8527" start="42267">agarose</span>
        </annotation>
        <annotation annotator="Mike Bada, University of Colorado Anschutz Medical Campus" id="CHEBI_2015_08_26_Instance_331310" type="identity">
            <class id="CHEBI:33250" label="atom"/>
            <span end="44009" id="17083276-8555" start="44001">Atomique</span>
        </annotation>
        <graph-space id="Old Knowtator Relations"/>
    </document>
</knowtator-project>
