<?xml version="1.0" encoding="UTF-8" standalone="no"?>
<knowtator-project>
    <document id="17425782" text-file="17425782.txt">
        <annotation annotator="Mike Bada, University of Colorado Anschutz Medical Campus" id="CHEBI_2015_08_26_Instance_360056" type="identity">
            <class id="CHEBI:26130" label="biological pigment"/>
            <span end="7624" id="17425782-8788" start="7615">pigmented</span>
        </annotation>
        <annotation annotator="Mike Bada, University of Colorado Anschutz Medical Campus" id="CHEBI_2015_08_26_Instance_40052" type="identity">
            <class id="CHEBI:75055" label="5-bromo-4-chloro-3-indolyl beta-D-galactoside"/>
            <span end="14069" id="17425782-8790" start="14064">X-gal</span>
        </annotation>
        <annotation annotator="Mike Bada, University of Colorado Anschutz Medical Campus" id="CHEBI_2015_08_26_Instance_40054" type="identity">
            <class id="CHEBI:75055" label="5-bromo-4-chloro-3-indolyl beta-D-galactoside"/>
            <span end="15700" id="17425782-8792" start="15695">X-Gal</span>
        </annotation>
        <annotation annotator="Mike Bada, University of Colorado Anschutz Medical Campus" id="CHEBI_2015_08_26_Instance_40056" type="identity">
            <class id="CHEBI:75055" label="5-bromo-4-chloro-3-indolyl beta-D-galactoside"/>
            <span end="16322" id="17425782-8794" start="16317">X-gal</span>
        </annotation>
        <annotation annotator="Mike Bada, University of Colorado Anschutz Medical Campus" id="CHEBI_2015_08_26_Instance_40058" type="identity">
            <class id="CHEBI:75055" label="5-bromo-4-chloro-3-indolyl beta-D-galactoside"/>
            <span end="18354" id="17425782-8796" start="18349">X-gal</span>
        </annotation>
        <annotation annotator="Mike Bada, University of Colorado Anschutz Medical Campus" id="CHEBI_2015_08_26_Instance_40060" type="identity">
            <class id="CHEBI:75055" label="5-bromo-4-chloro-3-indolyl beta-D-galactoside"/>
            <span end="18471" id="17425782-8798" start="18466">X-gal</span>
        </annotation>
        <annotation annotator="Mike Bada, University of Colorado Anschutz Medical Campus" id="CHEBI_2015_08_26_Instance_331358" type="identity">
            <class id="CHEBI:75055" label="5-bromo-4-chloro-3-indolyl beta-D-galactoside"/>
            <span end="19181" id="17425782-8784" start="19176">X-gal</span>
        </annotation>
        <annotation annotator="Mike Bada, University of Colorado Anschutz Medical Campus" id="CHEBI_2015_08_26_Instance_40062" type="identity">
            <class id="CHEBI:75055" label="5-bromo-4-chloro-3-indolyl beta-D-galactoside"/>
            <span end="19605" id="17425782-8800" start="19600">X-gal</span>
        </annotation>
        <annotation annotator="Mike Bada, University of Colorado Anschutz Medical Campus" id="CHEBI_2015_08_26_Instance_40064" type="identity">
            <class id="CHEBI:75055" label="5-bromo-4-chloro-3-indolyl beta-D-galactoside"/>
            <span end="19834" id="17425782-8802" start="19829">X-gal</span>
        </annotation>
        <annotation annotator="Mike Bada, University of Colorado Anschutz Medical Campus" id="CHEBI_2015_08_26_Instance_10731" type="identity">
            <class id="CHEBI:48607" label="lithium chloride"/>
            <span end="22748" id="17425782-8766" start="22732">lithium chloride</span>
        </annotation>
        <annotation annotator="Mike Bada, University of Colorado Anschutz Medical Campus" id="CHEBI_2015_08_26_Instance_13019" type="identity">
            <class id="CHEBI:48607" label="lithium chloride"/>
            <span end="22754" id="17425782-8780" start="22750">LiCl</span>
        </annotation>
        <annotation annotator="Mike Bada, University of Colorado Anschutz Medical Campus" id="CHEBI_2015_08_26_Instance_10733" type="identity">
            <class id="CHEBI:48607" label="lithium chloride"/>
            <span end="22926" id="17425782-8768" start="22922">LiCl</span>
        </annotation>
        <annotation annotator="Mike Bada, University of Colorado Anschutz Medical Campus" id="CHEBI_2015_08_26_Instance_10735" type="identity">
            <class id="CHEBI:17234" label="glucose"/>
            <span end="24299" id="17425782-8770" start="24292">glucose</span>
        </annotation>
        <annotation annotator="Mike Bada, University of Colorado Anschutz Medical Campus" id="CHEBI_2015_08_26_Instance_13021" type="identity">
            <class id="CHEBI:25696" label="organic anion"/>
            <span end="24345" id="17425782-8782" start="24332">organic anion</span>
        </annotation>
        <annotation annotator="Mike Bada, University of Colorado Anschutz Medical Campus" id="CHEBI_2015_08_26_Instance_11005" type="identity">
            <class id="CHEBI:27365" label="zinc ion"/>
            <span end="28853" id="17425782-8772" start="28844">zinc ions</span>
        </annotation>
        <annotation annotator="Mike Bada, University of Colorado Anschutz Medical Campus" id="CHEBI_2015_08_26_Instance_40088" type="identity">
            <class id="CHEBI:7507" label="neomycin"/>
            <span end="35744" id="17425782-8804" start="35736">neomycin</span>
        </annotation>
        <annotation annotator="Mike Bada, University of Colorado Anschutz Medical Campus" id="CHEBI_2015_08_26_Instance_11067" type="identity">
            <class id="CHEBI:17790" label="methanol"/>
            <span end="37584" id="17425782-8774" start="37576">methanol</span>
        </annotation>
        <annotation annotator="Mike Bada, University of Colorado Anschutz Medical Campus" id="CHEBI_2015_08_26_Instance_40094" type="identity">
            <class id="CHEBI:53424" label="polysorbate 20"/>
            <span end="37625" id="17425782-8806" start="37617">Tween-20</span>
        </annotation>
        <annotation annotator="Mike Bada, University of Colorado Anschutz Medical Campus" id="CHEBI_2015_08_26_Instance_40096" type="identity">
            <class id="CHEBI:53424" label="polysorbate 20"/>
            <span end="37632" id="17425782-8808" start="37631">T</span>
        </annotation>
        <annotation annotator="Mike Bada, University of Colorado Anschutz Medical Campus" id="CHEBI_2015_08_26_Instance_40098" type="identity">
            <class id="CHEBI:53424" label="polysorbate 20"/>
            <span end="37687" id="17425782-8810" start="37686">T</span>
        </annotation>
        <annotation annotator="Mike Bada, University of Colorado Anschutz Medical Campus" id="CHEBI_2015_08_26_Instance_11069" type="identity">
            <class id="CHEBI:31624" label="fluorescein"/>
            <span end="37744" id="17425782-8776" start="37733">fluoroscein</span>
        </annotation>
        <annotation annotator="Mike Bada, University of Colorado Anschutz Medical Campus" id="CHEBI_2015_08_26_Instance_40100" type="identity">
            <class id="CHEBI:52673" label="Alexa Fluor 555"/>
            <span end="38163" id="17425782-8812" start="38154">Alexa 555</span>
        </annotation>
        <annotation annotator="Mike Bada, University of Colorado Anschutz Medical Campus" id="CHEBI_2015_08_26_Instance_40124" type="identity">
            <class id="CHEBI:75055" label="5-bromo-4-chloro-3-indolyl beta-D-galactoside"/>
            <span end="40218" id="17425782-8814" start="40213">X-gal</span>
        </annotation>
        <annotation annotator="Mike Bada, University of Colorado Anschutz Medical Campus" id="CHEBI_2015_08_26_Instance_40126" type="identity">
            <class id="CHEBI:75055" label="5-bromo-4-chloro-3-indolyl beta-D-galactoside"/>
            <span end="40430" id="17425782-8816" start="40425">X-gal</span>
        </annotation>
        <annotation annotator="Mike Bada, University of Colorado Anschutz Medical Campus" id="CHEBI_2015_08_26_Instance_40128" type="identity">
            <class id="CHEBI:75958" label="solution"/>
            <span end="40448" id="17425782-8818" start="40440">solution</span>
        </annotation>
        <annotation annotator="Mike Bada, University of Colorado Anschutz Medical Campus" id="CHEBI_2015_08_26_Instance_331672" type="identity">
            <class id="CHEBI:51461" label="SYBR Green I"/>
            <span end="42968" id="17425782-8786" start="42958">SYBR Green</span>
        </annotation>
        <annotation annotator="Mike Bada, University of Colorado Anschutz Medical Campus" id="CHEBI_2015_08_26_Instance_11075" type="identity">
            <class id="CHEBI:2511" label="agarose"/>
            <span end="43076" id="17425782-8778" start="43069">agarose</span>
        </annotation>
        <graph-space id="Old Knowtator Relations"/>
    </document>
</knowtator-project>
