<?xml version="1.0" encoding="UTF-8" standalone="no"?>
<knowtator-project>
  <document id="17696610" text-file="17696610.txt">
    <annotation annotator="Mike Bada, University of Colorado Anschutz Medical Campus" id="CHEBI_2015_08_26_Instance_24697" type="identity">
      <class id="CHEBI:44658" label="okadaic acid"/>
      <span end="868" id="17696610-9214" start="856">okadaic acid</span>
    </annotation>
    <annotation annotator="Mike Bada, University of Colorado Anschutz Medical Campus" id="CHEBI_2015_08_26_Instance_21367" type="identity">
      <class id="CHEBI:36357" label="polyatomic entity"/>
      <span end="2624" id="17696610-9210" start="2615">molecules</span>
    </annotation>
    <annotation annotator="Mike Bada, University of Colorado Anschutz Medical Campus" id="CHEBI_2015_08_26_Instance_42227" type="identity">
      <class id="CHEBI:60311" label="thyroid hormone"/>
      <span end="6678" id="17696610-9227" start="6663">thyroid hormone</span>
    </annotation>
    <annotation annotator="Mike Bada, University of Colorado Anschutz Medical Campus" id="CHEBI_2015_08_26_Instance_42243" type="identity">
      <class id="CHEBI:51686" label="haematoxylin"/>
      <span end="13819" id="17696610-9229" start="13808">hematoxylin</span>
    </annotation>
    <annotation annotator="Mike Bada, University of Colorado Anschutz Medical Campus" id="CHEBI_2015_08_26_Instance_340106" type="identity">
      <class id="CHEBI:51217" label="fluorochrome"/>
      <span end="17811" id="17696610-9221" start="17799">fluorophores</span>
    </annotation>
    <annotation annotator="Mike Bada, University of Colorado Anschutz Medical Campus" id="CHEBI_2015_08_26_Instance_42251" type="identity">
      <class id="CHEBI:36357" label="polyatomic entity"/>
      <span end="20891" id="17696610-9231" start="20882">molecules</span>
    </annotation>
    <annotation annotator="Mike Bada, University of Colorado Anschutz Medical Campus" id="CHEBI_2015_08_26_Instance_42261" type="identity">
      <class id="CHEBI:36357" label="polyatomic entity"/>
      <span end="22412" id="17696610-9233" start="22403">molecules</span>
    </annotation>
    <annotation annotator="Mike Bada, University of Colorado Anschutz Medical Campus" id="CHEBI_2015_08_26_Instance_21369" type="identity">
      <class id="CHEBI:35222" label="inhibitor"/>
      <span end="24759" id="17696610-9212" start="24750">inhibitor</span>
    </annotation>
    <annotation annotator="Mike Bada, University of Colorado Anschutz Medical Campus" id="CHEBI_2015_08_26_Instance_13459" type="identity">
      <class id="CHEBI:44658" label="okadaic acid"/>
      <span end="24772" id="17696610-9182" start="24760">okadaic acid</span>
    </annotation>
    <annotation annotator="Mike Bada, University of Colorado Anschutz Medical Campus" id="CHEBI_2015_08_26_Instance_13461" type="identity">
      <class id="CHEBI:44658" label="okadaic acid"/>
      <span end="24776" id="17696610-9184" start="24774">OA</span>
    </annotation>
    <annotation annotator="Mike Bada, University of Colorado Anschutz Medical Campus" id="CHEBI_2015_08_26_Instance_340108" type="identity">
      <class id="CHEBI:51217" label="fluorochrome"/>
      <span end="27170" id="17696610-9223" start="27158">fluorophores</span>
    </annotation>
    <annotation annotator="Mike Bada, University of Colorado Anschutz Medical Campus" id="CHEBI_2015_08_26_Instance_13467" type="identity">
      <class id="CHEBI:44658" label="okadaic acid"/>
      <span end="33784" id="17696610-9186" start="33782">OA</span>
    </annotation>
    <annotation annotator="Mike Bada, University of Colorado Anschutz Medical Campus" id="CHEBI_2015_08_26_Instance_13469" type="identity">
      <class id="CHEBI:44658" label="okadaic acid"/>
      <span end="35433" id="17696610-9188" start="35431">OA</span>
    </annotation>
    <annotation annotator="Mike Bada, University of Colorado Anschutz Medical Campus" id="CHEBI_2015_08_26_Instance_13427" type="identity">
      <class id="CHEBI:4911" label="etoposide"/>
      <span end="35654" id="17696610-9180" start="35645">etoposide</span>
    </annotation>
    <annotation annotator="Mike Bada, University of Colorado Anschutz Medical Campus" id="CHEBI_2015_08_26_Instance_13471" type="identity">
      <class id="CHEBI:44658" label="okadaic acid"/>
      <span end="35782" id="17696610-9190" start="35780">OA</span>
    </annotation>
    <annotation annotator="Mike Bada, University of Colorado Anschutz Medical Campus" id="CHEBI_2015_08_26_Instance_13485" type="identity">
      <class id="CHEBI:15358" label="histone"/>
      <span end="38146" id="17696610-9202" start="38139">histone</span>
    </annotation>
    <annotation annotator="Mike Bada, University of Colorado Anschutz Medical Campus" id="CHEBI_2015_08_26_Instance_42289" type="identity">
      <class id="CHEBI:7507" label="neomycin"/>
      <span end="40075" id="17696610-9235" start="40067">neomycin</span>
    </annotation>
    <annotation annotator="Mike Bada, University of Colorado Anschutz Medical Campus" id="CHEBI_2015_08_26_Instance_13495" type="identity">
      <class id="CHEBI:8984" label="sodium dodecyl sulfate"/>
      <span end="42483" id="17696610-9204" start="42480">SDS</span>
    </annotation>
    <annotation annotator="Mike Bada, University of Colorado Anschutz Medical Campus" id="CHEBI_2015_08_26_Instance_42305" type="identity">
      <class id="CHEBI:53325" label="nitrocellulose"/>
      <span end="42538" id="17696610-9237" start="42524">Nitrocellulose</span>
    </annotation>
    <annotation annotator="Mike Bada, University of Colorado Anschutz Medical Campus" id="CHEBI_2015_08_26_Instance_331764" type="identity">
      <class id="CHEBI:60816" label="immunogen"/>
      <span end="42755" id="17696610-9219" start="42746">immunogen</span>
    </annotation>
    <annotation annotator="Mike Bada, University of Colorado Anschutz Medical Campus" id="CHEBI_2015_08_26_Instance_42309" type="identity">
      <class id="CHEBI:64985" label="bioconjugate"/>
      <span end="42960" id="17696610-9239" start="42951">conjugate</span>
    </annotation>
    <annotation annotator="Mike Bada, University of Colorado Anschutz Medical Campus" id="CHEBI_2015_08_26_Instance_42311" type="identity">
      <class id="CHEBI:51686" label="haematoxylin"/>
      <span end="43104" id="17696610-9241" start="43093">hematoxylin</span>
    </annotation>
    <annotation annotator="Mike Bada, University of Colorado Anschutz Medical Campus" id="CHEBI_2015_08_26_Instance_42315" type="identity">
      <class id="CHEBI:59132" label="antigen"/>
      <span end="43123" id="17696610-9243" start="43116">Antigen</span>
    </annotation>
    <annotation annotator="Mike Bada, University of Colorado Anschutz Medical Campus" id="CHEBI_2015_08_26_Instance_13497" type="identity">
      <class id="CHEBI:15358" label="histone"/>
      <span end="44929" id="17696610-9206" start="44922">histone</span>
    </annotation>
    <annotation annotator="Mike Bada, University of Colorado Anschutz Medical Campus" id="CHEBI_2015_08_26_Instance_330318" type="identity">
      <class id="CHEBI:51248" label="Alexa Fluor 594"/>
      <span end="45127" id="17696610-9216" start="45116">Alexa Fluor</span>
      <span end="45138" id="17696610-9217" start="45135">594</span>
    </annotation>
    <annotation annotator="Mike Bada, University of Colorado Anschutz Medical Campus" id="CHEBI_2015_08_26_Instance_42317" type="identity">
      <class id="CHEBI:52661" label="Alexa Fluor 488"/>
      <span end="45131" id="17696610-9245" start="45116">Alexa Fluor 488</span>
    </annotation>
    <annotation annotator="Mike Bada, University of Colorado Anschutz Medical Campus" id="CHEBI_2015_08_26_Instance_13473" type="identity">
      <class id="CHEBI:44658" label="okadaic acid"/>
      <span end="45335" id="17696610-9192" start="45333">OA</span>
    </annotation>
    <annotation annotator="Mike Bada, University of Colorado Anschutz Medical Campus" id="CHEBI_2015_08_26_Instance_13475" type="identity">
      <class id="CHEBI:44658" label="okadaic acid"/>
      <span end="45524" id="17696610-9194" start="45522">OA</span>
    </annotation>
    <annotation annotator="Mike Bada, University of Colorado Anschutz Medical Campus" id="CHEBI_2015_08_26_Instance_13477" type="identity">
      <class id="CHEBI:44658" label="okadaic acid"/>
      <span end="45565" id="17696610-9196" start="45563">OA</span>
    </annotation>
    <annotation annotator="Mike Bada, University of Colorado Anschutz Medical Campus" id="CHEBI_2015_08_26_Instance_13499" type="identity">
      <class id="CHEBI:16526" label="carbon dioxide"/>
      <span end="45664" id="17696610-9208" start="45661">CO2</span>
    </annotation>
    <annotation annotator="Mike Bada, University of Colorado Anschutz Medical Campus" id="CHEBI_2015_08_26_Instance_42323" type="identity">
      <class id="CHEBI:51231" label="DAPI"/>
      <span end="45729" id="17696610-9247" start="45725">DAPI</span>
    </annotation>
    <annotation annotator="Mike Bada, University of Colorado Anschutz Medical Campus" id="CHEBI_2015_08_26_Instance_340110" type="identity">
      <class id="CHEBI:51217" label="fluorochrome"/>
      <span end="46690" id="17696610-9225" start="46678">Fluorophores</span>
    </annotation>
    <annotation annotator="Mike Bada, University of Colorado Anschutz Medical Campus" id="CHEBI_2015_08_26_Instance_13479" type="identity">
      <class id="CHEBI:44658" label="okadaic acid"/>
      <span end="47727" id="17696610-9198" start="47725">OA</span>
    </annotation>
    <annotation annotator="Mike Bada, University of Colorado Anschutz Medical Campus" id="CHEBI_2015_08_26_Instance_13481" type="identity">
      <class id="CHEBI:44658" label="okadaic acid"/>
      <span end="47742" id="17696610-9200" start="47730">okadaic acid</span>
    </annotation>
    <graph-space id="Old Knowtator Relations"/>
  </document>
</knowtator-project>
