<?xml version="1.0" encoding="UTF-8" standalone="no"?>
<knowtator-project>
  <document id="11532192" text-file="11532192.txt">
    <annotation annotator="Mike Bada, University of Colorado Anschutz Medical Campus" id="GO_BP_2016_02_16_Instance_54465" type="identity">
      <class id="GO:0007568" label="aging"/>
      <span end="617" id="11532192-11" start="612">aging</span>
    </annotation>
    <annotation annotator="Mike Bada, University of Colorado Anschutz Medical Campus" id="GO_BP_2016_02_16_Instance_54467" type="identity">
      <class id="GO:0007623" label="circadian rhythm"/>
      <span end="706" id="11532192-13" start="692">diurnal rhythm</span>
    </annotation>
    <annotation annotator="Mike Bada, University of Colorado Anschutz Medical Campus" id="GO_BP_2016_02_16_Instance_54469" type="identity">
      <class id="GO:0065007" label="biological regulation"/>
      <span end="1350" id="11532192-15" start="1340">regulation</span>
    </annotation>
    <annotation annotator="Mike Bada, University of Colorado Anschutz Medical Campus" id="GO_BP_2016_02_16_Instance_54471" type="identity">
      <class id="GO:0065007" label="biological regulation"/>
      <span end="1683" id="11532192-17" start="1673">regulation</span>
    </annotation>
    <annotation annotator="Mike Bada, University of Colorado Anschutz Medical Campus" id="GO_BP_2016_02_16_Instance_54473" type="identity">
      <class id="GO:0008219" label="cell death"/>
      <span end="1888" id="11532192-19" start="1878">cell death</span>
    </annotation>
    <annotation annotator="Mike Bada, University of Colorado Anschutz Medical Campus" id="GO_BP_2016_02_16_Instance_54475" type="identity">
      <class id="GO:0017144" label="drug metabolic process"/>
      <span end="25785" id="11532192-21" start="25770">drug metabolism</span>
    </annotation>
    <annotation annotator="" id="GO_BP_2016_02_16_Instance_9" type="identity">
      <class id="GO:1903522" label="regulation of blood circulation"/>
      <span end="26329" id="11532192-4" start="26305">regulation of blood flow</span>
    </annotation>
    <annotation annotator="Mike Bada, University of Colorado Anschutz Medical Campus" id="GO_BP_2016_02_16_Instance_54479" type="identity">
      <class id="GO:0007623" label="circadian rhythm"/>
      <span end="29899" id="11532192-23" start="29885">diurnal rhythm</span>
    </annotation>
    <annotation annotator="Mike Bada, University of Colorado Anschutz Medical Campus" id="GO_BP_2016_02_16_Instance_54481" type="identity">
      <class id="GO:0042752" label="regulation of circadian rhythm"/>
      <span end="31032" id="11532192-25" start="31012">circadian regulation</span>
    </annotation>
    <annotation annotator="Mike Bada, University of Colorado Anschutz Medical Campus" id="GO_BP_2016_02_16_Instance_54483" type="identity">
      <class id="GO:0007623" label="circadian rhythm"/>
      <span end="31337" id="11532192-27" start="31323">diurnal rhythm</span>
    </annotation>
    <annotation annotator="Mike Bada, University of Colorado Anschutz Medical Campus" id="GO_BP_2016_02_16_Instance_34203" type="identity">
      <class id="GO:0065007" label="biological regulation"/>
      <span end="31553" id="11532192-7" start="31542">controlling</span>
    </annotation>
    <annotation annotator="Mike Bada, University of Colorado Anschutz Medical Campus" id="GO_BP_2016_02_16_Instance_54485" type="identity">
      <class id="GO:0007623" label="circadian rhythm"/>
      <span end="31569" id="11532192-29" start="31554">diurnal rhythms</span>
    </annotation>
    <annotation annotator="Mike Bada, University of Colorado Anschutz Medical Campus" id="GO_BP_2016_02_16_Instance_54499" type="identity">
      <class id="GO:0046148" label="pigment biosynthetic process"/>
      <span end="32669" id="11532192-31" start="32651">pigment production</span>
    </annotation>
    <annotation annotator="Mike Bada, University of Colorado Anschutz Medical Campus" id="GO_BP_2016_02_16_Instance_54501" type="identity">
      <class id="GO:0007623" label="circadian rhythm"/>
      <span end="33432" id="11532192-33" start="33417">diurnal rhythms</span>
    </annotation>
    <annotation annotator="Mike Bada, University of Colorado Anschutz Medical Campus" id="GO_BP_2016_02_16_Instance_54503" type="identity">
      <class id="GO:0007623" label="circadian rhythm"/>
      <span end="33537" id="11532192-35" start="33523">diurnal rhythm</span>
    </annotation>
    <annotation annotator="Mike Bada, University of Colorado Anschutz Medical Campus" id="GO_BP_2016_02_16_Instance_54505" type="identity">
      <class id="GO:0007623" label="circadian rhythm"/>
      <span end="33715" id="11532192-37" start="33700">Diurnal rhythms</span>
    </annotation>
    <annotation annotator="Mike Bada, University of Colorado Anschutz Medical Campus" id="GO_BP_2016_02_16_Instance_39583" type="identity">
      <class id="GO:0007601" label="visual perception"/>
      <span end="33745" id="11532192-9" start="33739">visual</span>
    </annotation>
    <annotation annotator="Mike Bada, University of Colorado Anschutz Medical Campus" id="GO_BP_2016_02_16_Instance_54511" type="identity">
      <class id="GO:0007623" label="circadian rhythm"/>
      <span end="33982" id="11532192-39" start="33968">diurnal rhythm</span>
    </annotation>
    <annotation annotator="Mike Bada, University of Colorado Anschutz Medical Campus" id="GO_BP_2016_02_16_Instance_54513" type="identity">
      <class id="GO:0007623" label="circadian rhythm"/>
      <span end="34195" id="11532192-41" start="34181">diurnal rhythm</span>
    </annotation>
    <annotation annotator="Mike Bada, University of Colorado Anschutz Medical Campus" id="GO_BP_2016_02_16_Instance_54515" type="identity">
      <class id="GO:0007601" label="visual perception"/>
      <span end="34802" id="11532192-43" start="34796">vision</span>
    </annotation>
    <annotation annotator="Mike Bada, University of Colorado Anschutz Medical Campus" id="GO_BP_2016_02_16_Instance_54517" type="identity">
      <class id="GO:0007631" label="feeding behavior"/>
      <span end="35005" id="11532192-45" start="35002">fed</span>
    </annotation>
    <annotation annotator="Mike Bada, University of Colorado Anschutz Medical Campus" id="GO_BP_2016_02_16_Instance_54519" type="identity">
      <class id="GO:0007568" label="aging"/>
      <span end="35259" id="11532192-47" start="35254">aging</span>
    </annotation>
    <annotation annotator="Mike Bada, University of Colorado Anschutz Medical Campus" id="GO_BP_2016_02_16_Instance_54521" type="identity">
      <class id="GO:0007631" label="feeding behavior"/>
      <span end="35279" id="11532192-49" start="35276">fed</span>
    </annotation>
    <annotation annotator="Mike Bada, University of Colorado Anschutz Medical Campus" id="GO_BP_2016_02_16_Instance_54523" type="identity">
      <class id="GO:0007568" label="aging"/>
      <span end="36589" id="11532192-51" start="36584">aging</span>
    </annotation>
    <graph-space id="Old Knowtator Relations"/>
  </document>
</knowtator-project>
