<?xml version="1.0" encoding="UTF-8" standalone="no"?>
<knowtator-project>
  <document id="11597317" text-file="11597317.txt">
    <annotation annotator="Mike Bada, University of Colorado Anschutz Medical Campus" id="GO_BP_2016_02_16_Instance_48683" type="identity">
      <class id="GO:0006281" label="DNA repair"/>
      <span end="166" id="11597317-91" start="156">DNA repair</span>
    </annotation>
    <annotation annotator="Mike Bada, University of Colorado Anschutz Medical Campus" id="GO_BP_2016_02_16_Instance_23367" type="identity">
      <class id="GO:0000724" label="double-strand break repair via homologous recombination"/>
      <span end="260" id="11597317-55" start="242">homology-dependent</span>
      <span end="313" id="11597317-56" start="279">repair of DNA double-strand breaks</span>
    </annotation>
    <annotation annotator="Mike Bada, University of Colorado Anschutz Medical Campus" id="GO_BP_2016_02_16_Instance_23369" type="identity">
      <class id="GO:0000724" label="double-strand break repair via homologous recombination"/>
      <span end="277" id="11597317-58" start="262">recombinational</span>
      <span end="313" id="11597317-59" start="279">repair of DNA double-strand breaks</span>
    </annotation>
    <annotation annotator="Mike Bada, University of Colorado Anschutz Medical Campus" id="GO_BP_2016_02_16_Instance_23371" type="identity">
      <class id="GO:0000725" label="recombinational repair"/>
      <span end="450" id="11597317-61" start="428">recombinational repair</span>
    </annotation>
    <annotation annotator="Mike Bada, University of Colorado Anschutz Medical Campus" id="GO_BP_2016_02_16_Instance_48687" type="identity">
      <class id="GO:0006281" label="DNA repair"/>
      <span end="763" id="11597317-93" start="757">repair</span>
    </annotation>
    <annotation annotator="Mike Bada, University of Colorado Anschutz Medical Campus" id="GO_BP_2016_02_16_Instance_48691" type="identity">
      <class id="GO:0006281" label="DNA repair"/>
      <span end="1434" id="11597317-95" start="1424">DNA repair</span>
    </annotation>
    <annotation annotator="Mike Bada, University of Colorado Anschutz Medical Campus" id="GO_BP_2016_02_16_Instance_48693" type="identity">
      <class id="GO:0000725" label="recombinational repair"/>
      <span end="1703" id="11597317-97" start="1667">recombinational repair of DNA damage</span>
    </annotation>
    <annotation annotator="Mike Bada, University of Colorado Anschutz Medical Campus" id="GO_BP_2016_02_16_Instance_48697" type="identity">
      <class id="GO:0051320" label="S phase"/>
      <span end="1766" id="11597317-99" start="1759">S phase</span>
    </annotation>
    <annotation annotator="Mike Bada, University of Colorado Anschutz Medical Campus" id="GO_BP_2016_02_16_Instance_48699" type="identity">
      <class id="GO:0006281" label="DNA repair"/>
      <span end="1862" id="11597317-101" start="1853">repair of</span>
      <span end="1897" id="11597317-102" start="1887">DNA damage</span>
    </annotation>
    <annotation annotator="Mike Bada, University of Colorado Anschutz Medical Campus" id="GO_BP_2016_02_16_Instance_48701" type="identity">
      <class id="GO:0000725" label="recombinational repair"/>
      <span end="2087" id="11597317-104" start="2065">recombinational repair</span>
    </annotation>
    <annotation annotator="Mike Bada, University of Colorado Anschutz Medical Campus" id="GO_BP_2016_02_16_Instance_28421" type="identity">
      <class id="GO:0065003" label="macromolecular complex assembly"/>
      <span end="2568" id="11597317-63" start="2556">formation of</span>
      <span end="2590" id="11597317-64" start="2581">complexes</span>
    </annotation>
    <annotation annotator="Mike Bada, University of Colorado Anschutz Medical Campus" id="GO_BP_2016_02_16_Instance_48707" type="identity">
      <class id="GO:0000725" label="recombinational repair"/>
      <span end="2767" id="11597317-106" start="2752">recombinational</span>
      <span end="2778" id="11597317-107" start="2772">repair</span>
    </annotation>
    <annotation annotator="Mike Bada, University of Colorado Anschutz Medical Campus" id="GO_BP_2016_02_16_Instance_48709" type="identity">
      <class id="GO:0006302" label="double-strand break repair"/>
      <span end="2778" id="11597317-109" start="2768">DSB repair</span>
    </annotation>
    <annotation annotator="Mike Bada, University of Colorado Anschutz Medical Campus" id="GO_BP_2016_02_16_Instance_48711" type="identity">
      <class id="GO:0006281" label="DNA repair"/>
      <span end="2968" id="11597317-111" start="2962">repair</span>
    </annotation>
    <annotation annotator="Mike Bada, University of Colorado Anschutz Medical Campus" id="GO_BP_2016_02_16_Instance_48713" type="identity">
      <class id="GO:0000725" label="recombinational repair"/>
      <span end="3081" id="11597317-113" start="3059">recombinational repair</span>
    </annotation>
    <annotation annotator="Mike Bada, University of Colorado Anschutz Medical Campus" id="GO_BP_2016_02_16_Instance_30335" type="identity">
      <class id="GO:0009294" label="DNA mediated transformation"/>
      <span end="3639" id="11597317-75" start="3627">transfection</span>
    </annotation>
    <annotation annotator="Mike Bada, University of Colorado Anschutz Medical Campus" id="GO_BP_2016_02_16_Instance_48721" type="identity">
      <class id="GO:0010467" label="gene expression"/>
      <span end="3663" id="11597317-115" start="3653">expression</span>
    </annotation>
    <annotation annotator="Mike Bada, University of Colorado Anschutz Medical Campus" id="GO_BP_2016_02_16_Instance_31699" type="identity">
      <class id="GO:0042148" label="strand invasion"/>
      <span end="3790" id="11597317-85" start="3781">invade(s)</span>
    </annotation>
    <annotation annotator="Mike Bada, University of Colorado Anschutz Medical Campus" id="GO_BP_2016_02_16_with_nested_annotations_Instance_10110" type="identity">
      <class id="GO:0006302" label="double-strand break repair"/>
      <span end="3868" id="11597317-171" start="3859">repair of</span>
      <span end="3876" id="11597317-172" start="3873">DSB</span>
    </annotation>
    <annotation annotator="Mike Bada, University of Colorado Anschutz Medical Campus" id="GO_BP_2016_02_16_Instance_51" type="identity">
      <class id="GO:0035822" label="gene conversion"/>
      <span end="3916" id="11597317-169" start="3901">gene conversion</span>
    </annotation>
    <annotation annotator="Mike Bada, University of Colorado Anschutz Medical Campus" id="GO_BP_2016_02_16_with_nested_annotations_Instance_10112" type="identity">
      <class id="GO:0006281" label="DNA repair"/>
      <span end="4000" id="11597317-174" start="3994">repair</span>
    </annotation>
    <annotation annotator="Mike Bada, University of Colorado Anschutz Medical Campus" id="GO_BP_2016_02_16_Instance_48725" type="identity">
      <class id="GO:0010467" label="gene expression"/>
      <span end="4166" id="11597317-117" start="4156">expression</span>
    </annotation>
    <annotation annotator="Mike Bada, University of Colorado Anschutz Medical Campus" id="GO_BP_2016_02_16_Instance_48729" type="identity">
      <class id="GO:0006281" label="DNA repair"/>
      <span end="4336" id="11597317-119" start="4330">repair</span>
    </annotation>
    <annotation annotator="Mike Bada, University of Colorado Anschutz Medical Campus" id="GO_BP_2016_02_16_Instance_48733" type="identity">
      <class id="GO:0010467" label="gene expression"/>
      <span end="4404" id="11597317-121" start="4394">Expression</span>
    </annotation>
    <annotation annotator="Mike Bada, University of Colorado Anschutz Medical Campus" id="GO_BP_2016_02_16_Instance_48739" type="identity">
      <class id="GO:0000725" label="recombinational repair"/>
      <span end="5086" id="11597317-123" start="5064">recombinational repair</span>
    </annotation>
    <annotation annotator="Mike Bada, University of Colorado Anschutz Medical Campus" id="GO_BP_2016_02_16_Instance_48741" type="identity">
      <class id="GO:0000725" label="recombinational repair"/>
      <span end="5298" id="11597317-125" start="5276">recombinational repair</span>
    </annotation>
    <annotation annotator="Mike Bada, University of Colorado Anschutz Medical Campus" id="GO_BP_2016_02_16_Instance_48745" type="identity">
      <class id="GO:0010467" label="gene expression"/>
      <span end="5460" id="11597317-127" start="5451">expresses</span>
    </annotation>
    <annotation annotator="Mike Bada, University of Colorado Anschutz Medical Campus" id="GO_BP_2016_02_16_Instance_48749" type="identity">
      <class id="GO:0010467" label="gene expression"/>
      <span end="5593" id="11597317-129" start="5583">expressing</span>
    </annotation>
    <annotation annotator="Mike Bada, University of Colorado Anschutz Medical Campus" id="GO_BP_2016_02_16_Instance_48751" type="identity">
      <class id="GO:0010467" label="gene expression"/>
      <span end="5794" id="11597317-131" start="5787">express</span>
    </annotation>
    <annotation annotator="Mike Bada, University of Colorado Anschutz Medical Campus" id="GO_BP_2016_02_16_Instance_48753" type="identity">
      <class id="GO:0010467" label="gene expression"/>
      <span end="5911" id="11597317-133" start="5901">expressing</span>
    </annotation>
    <annotation annotator="Mike Bada, University of Colorado Anschutz Medical Campus" id="GO_BP_2016_02_16_Instance_48755" type="identity">
      <class id="GO:0010467" label="gene expression"/>
      <span end="5988" id="11597317-135" start="5978">expressing</span>
    </annotation>
    <annotation annotator="Mike Bada, University of Colorado Anschutz Medical Campus" id="GO_BP_2016_02_16_Instance_48757" type="identity">
      <class id="GO:0000725" label="recombinational repair"/>
      <span end="6295" id="11597317-137" start="6273">recombinational repair</span>
    </annotation>
    <annotation annotator="Mike Bada, University of Colorado Anschutz Medical Campus" id="GO_BP_2016_02_16_Instance_48763" type="identity">
      <class id="GO:0000725" label="recombinational repair"/>
      <span end="7038" id="11597317-139" start="7016">recombinational repair</span>
    </annotation>
    <annotation annotator="Mike Bada, University of Colorado Anschutz Medical Campus" id="GO_BP_2016_02_16_Instance_48765" type="identity">
      <class id="GO:0010467" label="gene expression"/>
      <span end="7333" id="11597317-141" start="7323">Expression</span>
    </annotation>
    <annotation annotator="Mike Bada, University of Colorado Anschutz Medical Campus" id="GO_BP_2016_02_16_Instance_48767" type="identity">
      <class id="GO:0006281" label="DNA repair"/>
      <span end="7429" id="11597317-143" start="7419">DNA repair</span>
    </annotation>
    <annotation annotator="Mike Bada, University of Colorado Anschutz Medical Campus" id="GO_BP_2016_02_16_Instance_48769" type="identity">
      <class id="GO:0010467" label="gene expression"/>
      <span end="7492" id="11597317-145" start="7482">expression</span>
    </annotation>
    <annotation annotator="Mike Bada, University of Colorado Anschutz Medical Campus" id="GO_BP_2016_02_16_with_nested_annotations_Instance_10292" type="identity">
      <class id="GO:0000086" label="G2/M transition of mitotic cell cycle"/>
      <span end="7612" id="11597317-178" start="7608">G2/M</span>
    </annotation>
    <annotation annotator="Mike Bada, University of Colorado Anschutz Medical Campus" id="GO_BP_2016_02_16_Instance_30337" type="identity">
      <class id="GO:0009294" label="DNA mediated transformation"/>
      <span end="7676" id="11597317-77" start="7665">transfected</span>
    </annotation>
    <annotation annotator="Mike Bada, University of Colorado Anschutz Medical Campus" id="GO_BP_2016_02_16_Instance_48773" type="identity">
      <class id="GO:0010467" label="gene expression"/>
      <span end="7854" id="11597317-147" start="7844">expression</span>
    </annotation>
    <annotation annotator="Mike Bada, University of Colorado Anschutz Medical Campus" id="GO_BP_2016_02_16_Instance_48781" type="identity">
      <class id="GO:0010467" label="gene expression"/>
      <span end="8659" id="11597317-149" start="8650">expressed</span>
    </annotation>
    <annotation annotator="Mike Bada, University of Colorado Anschutz Medical Campus" id="GO_BP_2016_02_16_Instance_31053" type="identity">
      <class id="GO:0051235" label="maintenance of location"/>
      <span end="9125" id="11597317-79" start="9116">sequester</span>
    </annotation>
    <annotation annotator="Mike Bada, University of Colorado Anschutz Medical Campus" id="GO_BP_2016_02_16_Instance_48791" type="identity">
      <class id="GO:0006281" label="DNA repair"/>
      <span end="9864" id="11597317-151" start="9858">repair</span>
    </annotation>
    <annotation annotator="Mike Bada, University of Colorado Anschutz Medical Campus" id="GO_BP_2016_02_16_Instance_48793" type="identity">
      <class id="GO:0065007" label="biological regulation"/>
      <span end="10083" id="11597317-153" start="10073">regulatory</span>
    </annotation>
    <annotation annotator="Mike Bada, University of Colorado Anschutz Medical Campus" id="GO_BP_2016_02_16_Instance_31055" type="identity">
      <class id="GO:0051235" label="maintenance of location"/>
      <span end="10182" id="11597317-81" start="10169">sequestration</span>
    </annotation>
    <annotation annotator="Mike Bada, University of Colorado Anschutz Medical Campus" id="GO_BP_2016_02_16_Instance_48795" type="identity">
      <class id="GO:0006260" label="DNA replication"/>
      <span end="10403" id="11597317-155" start="10388">DNA replication</span>
    </annotation>
    <annotation annotator="Mike Bada, University of Colorado Anschutz Medical Campus" id="GO_BP_2016_02_16_Instance_28423" type="identity">
      <class id="GO:0065003" label="macromolecular complex assembly"/>
      <span end="10447" id="11597317-66" start="10434">assembly into</span>
      <span end="10480" id="11597317-67" start="10471">complexes</span>
    </annotation>
    <annotation annotator="Mike Bada, University of Colorado Anschutz Medical Campus" id="GO_BP_2016_02_16_Instance_48797" type="identity">
      <class id="GO:0000725" label="recombinational repair"/>
      <span end="10470" id="11597317-157" start="10448">recombinational repair</span>
    </annotation>
    <annotation annotator="Mike Bada, University of Colorado Anschutz Medical Campus" id="GO_BP_2016_02_16_Instance_48803" type="identity">
      <class id="GO:0000725" label="recombinational repair"/>
      <span end="10949" id="11597317-159" start="10927">recombinational repair</span>
    </annotation>
    <annotation annotator="Mike Bada, University of Colorado Anschutz Medical Campus" id="GO_BP_2016_02_16_Instance_28425" type="identity">
      <class id="GO:0065003" label="macromolecular complex assembly"/>
      <span end="11584" id="11597317-69" start="11573">assembly of</span>
      <span end="11610" id="11597317-70" start="11603">complex</span>
    </annotation>
    <annotation annotator="Mike Bada, University of Colorado Anschutz Medical Campus" id="GO_BP_2016_02_16_Instance_48825" type="identity">
      <class id="GO:0000725" label="recombinational repair"/>
      <span end="12053" id="11597317-161" start="12031">recombinational repair</span>
    </annotation>
    <annotation annotator="Mike Bada, University of Colorado Anschutz Medical Campus" id="GO_BP_2016_02_16_Instance_48827" type="identity">
      <class id="GO:0000725" label="recombinational repair"/>
      <span end="12551" id="11597317-163" start="12529">recombinational repair</span>
    </annotation>
    <annotation annotator="Mike Bada, University of Colorado Anschutz Medical Campus" id="GO_BP_2016_02_16_with_nested_annotations_Instance_10114" type="identity">
      <class id="GO:0006281" label="DNA repair"/>
      <span end="12949" id="11597317-176" start="12943">repair</span>
    </annotation>
    <annotation annotator="Mike Bada, University of Colorado Anschutz Medical Campus" id="GO_BP_2016_02_16_Instance_48831" type="identity">
      <class id="GO:0006281" label="DNA repair"/>
      <span end="13062" id="11597317-165" start="13054">repaired</span>
    </annotation>
    <annotation annotator="Mike Bada, University of Colorado Anschutz Medical Campus" id="GO_BP_2016_02_16_Instance_43" type="identity">
      <class id="GO:0035822" label="gene conversion"/>
      <span end="13097" id="11597317-87" start="13082">gene conversion</span>
    </annotation>
    <annotation annotator="Mike Bada, University of Colorado Anschutz Medical Campus" id="GO_BP_2016_02_16_Instance_45" type="identity">
      <class id="GO:0035822" label="gene conversion"/>
      <span end="13266" id="11597317-89" start="13251">gene conversion</span>
    </annotation>
    <annotation annotator="Mike Bada, University of Colorado Anschutz Medical Campus" id="GO_BP_2016_02_16_Instance_28427" type="identity">
      <class id="GO:0065003" label="macromolecular complex assembly"/>
      <span end="13825" id="11597317-72" start="13814">assembly of</span>
      <span end="13846" id="11597317-73" start="13837">complexes</span>
    </annotation>
    <annotation annotator="Mike Bada, University of Colorado Anschutz Medical Campus" id="GO_BP_2016_02_16_Instance_31057" type="identity">
      <class id="GO:0051235" label="maintenance of location"/>
      <span end="13935" id="11597317-83" start="13924">sequestered</span>
    </annotation>
    <annotation annotator="Mike Bada, University of Colorado Anschutz Medical Campus" id="GO_BP_2016_02_16_Instance_48839" type="identity">
      <class id="GO:0000725" label="recombinational repair"/>
      <span end="14222" id="11597317-167" start="14200">recombinational repair</span>
    </annotation>
    <graph-space id="Old Knowtator Relations"/>
  </document>
</knowtator-project>
